feature,value,importance,min,max,rule,importance_ratio
MAJOR_COMMIT,3.0,0.30782144758826724,0.0,6.0,2.5049342359599582 < MAJOR_COMMIT <= 3.499655327458867,0.29400650171033876
CountDeclMethodProtected,8.0,0.11541227646996001,0.0,26.0,7.490195375254914 < CountDeclMethodProtected <= 8.508599080849722,0.11023260375523204
CountLineComment,71.0,0.07546383621361193,16.0,692.0,44.36451351633542 < CountLineComment <= 166.4525477710837,0.07207703902582674
CountClassCoupled,17.0,0.0652618532878577,0.0,64.0,10.492249034455536 < CountClassCoupled <= 17.999561761991284,0.062332918419514806
AvgLineBlank,0.0,-0.05567415955847105,0.0,7.0,AvgLineBlank <= 0.4964566109928017,0.053175517871462276
