feature,value,importance,min,max,rule,importance_ratio
MAJOR_COMMIT,2.0,0.10792566823805429,0.0,6.0,1.4987795686966945 < MAJOR_COMMIT <= 2.5049342359599582,0.16705154410606077
AvgEssential,2.0,0.08053782927341037,0.0,8.0,1.4993301057392507 < AvgEssential <= 5.001687658712416,0.12465958245815774
AvgLineBlank,0.0,-0.05468135712254432,0.0,7.0,AvgLineBlank <= 0.4964566109928017,0.08463792988510899
CountDeclClassVariable,0.0,-0.052558453308755,0.0,19.0,CountDeclClassVariable <= 0.5039837002958555,0.08135201685003816
CountClassCoupled,42.0,0.04894053907313845,0.0,64.0,CountClassCoupled > 17.999561761991284,0.07575206857665846
