feature,value,importance,min,max,rule,importance_ratio
MAJOR_COMMIT,3.0,0.3038129690935642,0.0,6.0,2.5049342359599582 < MAJOR_COMMIT <= 3.499655327458867,0.2564172506151799
CountLineComment,1595.0,0.1629443474277635,16.0,692.0,CountLineComment > 233.07074018180373,0.13752454905190176
CountDeclMethodProtected,11.0,0.15481248375750867,0.0,26.0,8.508599080849722 < CountDeclMethodProtected <= 11.500159966034467,0.13066128007781772
MINOR_LINE,4.0,0.07337355649128811,1.0,6.0,3.4997824579426986 < MINOR_LINE <= 5.497357685947588,0.06192706545571966
AvgLineBlank,0.0,-0.055969702959618055,0.0,7.0,AvgLineBlank <= 0.4964566109928017,0.04723826436202514
