feature,value,importance,min,max,rule,importance_ratio
MAJOR_COMMIT,3.0,0.30685288959484175,0.0,6.0,2.5049342359599582 < MAJOR_COMMIT <= 3.499655327458867,0.22091243418798348
CountDeclMethodProtected,17.0,0.1842599107697859,0.0,26.0,CountDeclMethodProtected > 11.500159966034467,0.1326541375092148
CountDeclClass,7.0,0.15059026281500212,0.0,26.0,CountDeclClass > 6.493922522461153,0.10841436613940729
CountLineComment,285.0,0.14363216768306727,16.0,692.0,CountLineComment > 233.07074018180373,0.10340502848924907
MAJOR_LINE,7.0,-0.08821479659785955,0.0,5.0,MAJOR_LINE > 4.503660837248878,0.06350843061495025
