feature,value,importance,min,max,rule,importance_ratio
MAJOR_COMMIT,5.0,0.5116803818401413,0.0,6.0,3.499655327458867 < MAJOR_COMMIT <= 5.500531086221038,0.43994031377710907
CountDeclMethodProtected,11.0,0.13218298940027828,0.0,26.0,8.508599080849722 < CountDeclMethodProtected <= 11.500159966034467,0.11365029400506252
CountDeclMethodPrivate,13.0,0.05994728871625848,0.0,15.0,CountDeclMethodPrivate > 12.002906813383825,0.051542388459515344
AvgLineBlank,0.0,-0.05119252109403043,0.0,7.0,AvgLineBlank <= 0.4964566109928017,0.04401508166515013
CountDeclClassMethod,2.0,0.041924010234254,0.0,36.0,1.503139456348947 < CountDeclClassMethod <= 7.507690177524674,0.03604606092366213
