feature,value,importance,min,max,rule,importance_ratio
MAJOR_COMMIT,4.0,0.5143575068104358,0.0,6.0,3.499655327458867 < MAJOR_COMMIT <= 5.500531086221038,0.4078935179931663
CountLineComment,768.0,0.1661034150065713,16.0,692.0,CountLineComment > 233.07074018180373,0.13172259644434264
CountDeclMethodPublic,0.0,-0.0630590396202221,0.0,130.0,CountDeclMethodPublic <= 0.48577360622187893,0.0500068010506209
MAJOR_LINE,9.0,0.061963360344276686,0.0,5.0,MAJOR_LINE > 4.503660837248878,0.04913791031112541
AvgLineBlank,0.0,-0.052456924268453706,0.0,7.0,AvgLineBlank <= 0.4964566109928017,0.04159915836680186
