feature,value,importance,min,max,rule,importance_ratio
MAJOR_COMMIT,4.0,0.5149043474127738,0.0,6.0,3.499655327458867 < MAJOR_COMMIT <= 5.500531086221038,0.520498737193074
MINOR_LINE,5.0,0.06900629291429897,1.0,6.0,3.4997824579426986 < MINOR_LINE <= 5.497357685947588,0.06975604012811824
AvgLineBlank,0.0,-0.05361861684729542,0.0,7.0,AvgLineBlank <= 0.4964566109928017,0.05420117833397069
CountDeclClassVariable,1.0,0.0525641445257788,0.0,19.0,0.5039837002958555 < CountDeclClassVariable <= 6.5024335433933,0.05313524926479066
AvgEssential,1.0,-0.03697600085231377,0.0,8.0,0.49983655878228617 < AvgEssential <= 1.4993301057392507,0.03737774180152881
