feature,value,importance,min,max,rule,importance_ratio
MINOR_COMMIT,0.0,-0.05832072333675872,0.0,3.0,MINOR_COMMIT <= 0.4992984298946273,0.160461484160873
Added_lines,192.0,0.04786027240218664,0.0,5928.0,126.85831835297502 < Added_lines <= 493.71287220149475,0.13168098580763168
CountLineComment,160.0,0.035351155353512166,0.0,745.0,CountLineComment > 129.9397162581838,0.09726386317384472
OWN_COMMIT,0.75,0.034599318745723764,0.0,1.0,0.49249677624690735 < OWN_COMMIT <= 0.8693421694885315,0.09519528769964163
MINOR_LINE,6.0,0.027578804659471257,1.0,7.0,MINOR_LINE > 5.498393013896681,0.07587930453963233
