feature,value,importance,min,max,rule,importance_ratio
CountDeclMethodPrivate,12.0,0.08088084873674208,0.0,92.0,11.523682935680585 < CountDeclMethodPrivate <= 19.469683174640085,0.17277264660350308
MAJOR_LINE,8.0,0.06708415763514725,0.0,8.0,MAJOR_LINE > 7.503241907815231,0.14330101180708568
CountClassCoupled,22.0,0.06128346840755005,0.0,146.0,21.543720972114656 < CountClassCoupled <= 22.548600364051904,0.13090993968519876
MINOR_COMMIT,0.0,-0.05581049927003661,0.0,3.0,MINOR_COMMIT <= 0.4992984298946273,0.11921892286927438
Added_lines,465.0,0.046330627001700236,0.0,5928.0,126.85831835297502 < Added_lines <= 493.71287220149475,0.09896860840243829
