feature,value,importance,min,max,rule,importance_ratio
CountDeclClass,50.0,0.10144047953299554,0.0,136.0,CountDeclClass > 12.470673854194736,0.20275680440204047
CountClassCoupled,22.0,0.08492314298284415,0.0,146.0,21.543720972114656 < CountClassCoupled <= 22.548600364051904,0.16974234714040667
MINOR_COMMIT,0.0,-0.056660273569230216,0.0,3.0,MINOR_COMMIT <= 0.4992984298946273,0.11325119970184812
Added_lines,314.0,0.04733176190782437,0.0,5928.0,126.85831835297502 < Added_lines <= 493.71287220149475,0.09460559369720974
CountDeclClassMethod,67.0,0.0414850430998298,0.0,105.0,CountDeclClassMethod > 40.52628629525767,0.08291931197610755
