feature,value,importance,min,max,rule,importance_ratio
CountDeclClass,47.0,0.0902810489310174,0.0,136.0,CountDeclClass > 12.470673854194736,0.15368516779736627
CountDeclMethodPrivate,33.0,0.0712038715441604,0.0,92.0,CountDeclMethodPrivate > 19.469683174640085,0.12121014405191277
MAJOR_LINE,12.0,0.06994009357703408,0.0,8.0,MAJOR_LINE > 7.503241907815231,0.11905881848318985
Added_lines,593.0,0.06814443321833426,0.0,5928.0,556.1562005161363 < Added_lines <= 3662.7117841695585,0.11600207106164932
MINOR_COMMIT,0.0,-0.054080390266927125,0.0,3.0,MINOR_COMMIT <= 0.4992984298946273,0.09206089152852387
