feature,value,importance,min,max,rule,importance_ratio
MINOR_COMMIT,2.0,0.10375202476322157,0.0,3.0,1.5008909469523442 < MINOR_COMMIT <= 2.498555650217678,0.19722725475386813
CountDeclMethodPrivate,23.0,0.07085838056699387,0.0,92.0,CountDeclMethodPrivate > 19.469683174640085,0.13469813150564194
CountDeclMethodProtected,16.0,0.07073099492167777,0.0,27.0,13.507700335952716 < CountDeclMethodProtected <= 20.008568148345084,0.1344559779555972
Added_lines,1313.0,0.07023085601532798,0.0,5928.0,556.1562005161363 < Added_lines <= 3662.7117841695585,0.1335052396570427
MAJOR_LINE,11.0,0.06861972981057819,0.0,8.0,MAJOR_LINE > 7.503241907815231,0.1304425717317661
