feature,value,importance,min,max,rule,importance_ratio
CountDeclMethodPrivate,142.0,0.07163219358574138,0.0,92.0,CountDeclMethodPrivate > 19.469683174640085,0.12721281820356378
Added_lines,650.0,0.07107337603933889,0.0,5928.0,556.1562005161363 < Added_lines <= 3662.7117841695585,0.12622040471765855
MAJOR_LINE,11.0,0.07080755684043002,0.0,8.0,MAJOR_LINE > 7.503241907815231,0.12574833192841284
MINOR_COMMIT,0.0,-0.05196281349484015,0.0,3.0,MINOR_COMMIT <= 0.4992984298946273,0.0922816350521562
CountDeclClassVariable,8.0,0.049567101619387065,0.0,133.0,6.5202711377324984 < CountDeclClassVariable <= 76.47186874608664,0.08802705001120896
