feature,value,importance,min,max,rule,importance_ratio
MAJOR_LINE,9.0,0.08477621929672358,0.0,8.0,MAJOR_LINE > 7.503241907815231,0.18969434851994582
MINOR_COMMIT,0.0,-0.058413656341072207,0.0,3.0,MINOR_COMMIT <= 0.4992984298946273,0.13070576367063755
Added_lines,159.0,0.04759459635054318,0.0,5928.0,126.85831835297502 < Added_lines <= 493.71287220149475,0.1064971524170695
CountLineComment,149.0,0.0348980295122535,0.0,745.0,CountLineComment > 129.9397162581838,0.07808745221093645
OWN_COMMIT,0.526315789473684,0.03469826014259257,0.0,1.0,0.49249677624690735 < OWN_COMMIT <= 0.8693421694885315,0.07764045043677813
