feature,value,importance,min,max,rule,importance_ratio
CountDeclMethodPrivate,17.0,0.08148728915343736,0.0,92.0,11.523682935680585 < CountDeclMethodPrivate <= 19.469683174640085,0.22047981518584414
MINOR_COMMIT,0.0,-0.05204709955498297,0.0,3.0,MINOR_COMMIT <= 0.4992984298946273,0.14082361813796837
CountDeclClassVariable,25.0,0.05138971811743145,0.0,133.0,6.5202711377324984 < CountDeclClassVariable <= 76.47186874608664,0.13904494395008307
CountLineComment,199.0,0.034730793447302497,0.0,745.0,CountLineComment > 129.9397162581838,0.09397096160727993
CountClassCoupled,15.0,0.020338682549132722,0.0,146.0,10.490047660804942 < CountClassCoupled <= 15.514444620491176,0.05503028774356002
