feature,value,importance,min,max,rule,importance_ratio
CountDeclClass,36.0,0.09792338836985996,0.0,136.0,CountDeclClass > 12.470673854194736,0.22283888115338132
MINOR_COMMIT,0.0,-0.05478260480850534,0.0,3.0,MINOR_COMMIT <= 0.4992984298946273,0.12466576744757137
CountDeclClassVariable,34.0,0.051475579936115776,0.0,133.0,6.5202711377324984 < CountDeclClassVariable <= 76.47186874608664,0.1171401524256905
Added_lines,152.0,0.047784104919194964,0.0,5928.0,126.85831835297502 < Added_lines <= 493.71287220149475,0.10873966530744159
CountClassDerived,17.0,0.04177513576354303,0.0,81.0,15.98446561675989 < CountClassDerived <= 19.019667495589506,0.09506538395523709
