feature,value,importance,min,max,rule,importance_ratio
CountDeclMethodProtected,17.0,0.07222730530943901,0.0,27.0,13.507700335952716 < CountDeclMethodProtected <= 20.008568148345084,0.15469254077372227
CountClassBase,8.0,0.06775790358195406,0.0,7.0,CountClassBase > 5.5007037571366135,0.14512021759205213
MINOR_COMMIT,0.0,-0.05460158173344462,0.0,3.0,MINOR_COMMIT <= 0.4992984298946273,0.116942718164882
CountDeclClassVariable,22.0,0.05184977712201249,0.0,133.0,6.5202711377324984 < CountDeclClassVariable <= 76.47186874608664,0.1110490517013257
OWN_COMMIT,0.35,0.047246633194783894,0.0,1.0,0.3434150822172538 < OWN_COMMIT <= 0.49249677624690735,0.10119028670103343
