feature,value,importance,left,right,rec,rule,min,max
MINOR_LINE,1.0,-0.0485456169125746,1.4996400298738282,7.0,1,MINOR_LINE <= 1.4996400298738282,1.0,7.0
OWN_COMMIT,0.666666666666667,0.037430211236854936,0.0,0.47314245730383975,-1,0.47314245730383975 < OWN_COMMIT <= 0.8757602249511109,0.0,1.0
MAJOR_LINE,1.0,0.026860828825025277,0.0,0.4986009014000341,-1,0.4986009014000341 < MAJOR_LINE <= 1.499206042722081,0.0,13.0
PercentLackOfCohesion,96.0,-0.0054336911203104205,99.5594681206226,100.0,1,85.4235986405478 < PercentLackOfCohesion <= 99.5594681206226,0.0,100.0
