feature,value,importance,left,right,rec,rule,min,max
OWN_COMMIT,0.571428571428571,0.0491027134358106,0.0,0.47314245730383975,-1,0.47314245730383975 < OWN_COMMIT <= 0.8757602249511109,0.0,1.0
MAJOR_LINE,9.0,0.02258231246287343,0.0,8.50344203197641,-1,MAJOR_LINE > 8.50344203197641,0.0,13.0
PercentLackOfCohesion,84.0,-0.003550757250134279,85.4235986405478,100.0,1,72.43388073993849 < PercentLackOfCohesion <= 85.4235986405478,0.0,100.0
