feature,value,importance,left,right,rec,rule,min,max
OWN_COMMIT,0.714285714285714,0.06533363625212382,0.0,0.47314245730383975,-1,0.47314245730383975 < OWN_COMMIT <= 0.8757602249511109,0.0,1.0
MAJOR_LINE,3.0,0.04161536320822673,0.0,2.4998111840441277,-1,2.4998111840441277 < MAJOR_LINE <= 6.502231749332315,0.0,13.0
PercentLackOfCohesion,85.0,-0.00033476489426067374,85.4235986405478,100.0,1,72.43388073993849 < PercentLackOfCohesion <= 85.4235986405478,0.0,100.0
