feature,value,importance,left,right,rec,rule,min,max
OWN_COMMIT,0.5,0.07354649923785245,0.0,0.47314245730383975,-1,0.47314245730383975 < OWN_COMMIT <= 0.8757602249511109,0.0,1.0
PercentLackOfCohesion,0.0,0.030244370109073427,0.0,0.0,-1,PercentLackOfCohesion <= 4.428887024983929,0.0,100.0
MAJOR_LINE,0.0,-0.026885809501059652,0.4986009014000341,13.0,1,MAJOR_LINE <= 0.4986009014000341,0.0,13.0
