feature,value,importance,left,right,rec,rule,min,max
OWN_COMMIT,1.0,0.02140860552328073,0.0,0.8757602249511109,-1,OWN_COMMIT > 0.8757602249511109,0.0,1.0
PercentLackOfCohesion,94.0,0.016647334842315495,0.0,85.4235986405478,-1,85.4235986405478 < PercentLackOfCohesion <= 99.5594681206226,0.0,100.0
