feature,value,importance,left,right,rec,rule,min,max
MINOR_LINE,1.0,-0.054753278014178355,1.4996400298738282,7.0,1,MINOR_LINE <= 1.4996400298738282,1.0,7.0
OWN_COMMIT,1.0,0.027068590382180624,0.0,0.8757602249511109,-1,OWN_COMMIT > 0.8757602249511109,0.0,1.0
MAJOR_LINE,2.0,0.017984979159958985,0.0,1.499206042722081,-1,1.499206042722081 < MAJOR_LINE <= 2.4998111840441277,0.0,13.0
