feature,value,importance,min,max,rule,importance_ratio
OWN_COMMIT,0.8,0.061647520459733124,0.0,1.0,0.7899429007103611 < OWN_COMMIT <= 0.902407579991984,0.16978973801273461
MAJOR_LINE,7.0,0.060291284786334706,0.0,12.0,4.495303181903716 < MAJOR_LINE <= 9.496391564715786,0.1660543907035066
AvgCyclomaticModified,3.0,0.05760727737751243,0.0,24.0,2.4999922767974363 < AvgCyclomaticModified <= 9.001624012737079,0.1586620915263509
CountDeclMethodProtected,9.0,0.049167556211264056,0.0,35.0,4.498814918141747 < CountDeclMethodProtected <= 20.496113288448125,0.13541739271232753
CountDeclMethodPublic,25.0,0.03154925611456329,0.0,226.0,21.504048751561132 < CountDeclMethodPublic <= 45.488863890347744,0.08689303138618976
