feature,value,importance,min,max,rule,importance_ratio
AvgCyclomaticModified,5.0,0.05722700084694981,0.0,24.0,2.4999922767974363 < AvgCyclomaticModified <= 9.001624012737079,0.21206742056954642
AvgLineComment,5.0,0.03828307299122093,0.0,24.0,4.495468947439858 < AvgLineComment <= 9.499392063056314,0.14186646898439748
CountDeclMethodPrivate,4.0,0.03444251352040762,0.0,20.0,3.5025096562010516 < CountDeclMethodPrivate <= 5.498850463021016,0.12763441892995658
AvgLineBlank,6.0,0.023763639392701756,0.0,23.0,1.5049884272651939 < AvgLineBlank <= 6.504068773788793,0.08806146809672848
OWN_COMMIT,0.4,0.023112169865341144,0.0,1.0,0.29250297311856827 < OWN_COMMIT <= 0.7899429007103611,0.0856473024021726
