feature,value,importance,min,max,rule,importance_ratio
MAJOR_LINE,5.0,0.06109258667898209,0.0,12.0,4.495303181903716 < MAJOR_LINE <= 9.496391564715786,0.1866170616402691
AvgCyclomaticModified,5.0,0.057833928032354806,0.0,24.0,2.4999922767974363 < AvgCyclomaticModified <= 9.001624012737079,0.17666296844206023
CountOutput_Mean,11.037037037037,0.04395356789027448,0.0,26.0,CountOutput_Mean > 10.75707410211148,0.13426319188922206
CountLineComment,99.0,0.02837856327372711,16.0,1598.0,94.3676611525578 < CountLineComment <= 115.43672342414604,0.08668685317816777
AvgLineBlank,2.0,0.02330431161800566,0.0,23.0,1.5049884272651939 < AvgLineBlank <= 6.504068773788793,0.07118674120893947
