feature,value,importance,min,max,rule,importance_ratio
CountDeclMethodPublic,50.0,0.09475157862488653,0.0,226.0,CountDeclMethodPublic > 49.53228100186732,0.39800420181985474
AvgCyclomaticModified,1.0,-0.023238388126104365,0.0,24.0,0.4963447606902517 < AvgCyclomaticModified <= 1.502257595307328,0.09761289734629193
OWN_COMMIT,0.5,0.022361790847096937,0.0,1.0,0.29250297311856827 < OWN_COMMIT <= 0.7899429007103611,0.09393074866431554
CountOutput_Mean,1.72549019607843,-0.013210069878397417,0.0,26.0,1.1431298242765084 < CountOutput_Mean <= 7.81948001721746,0.055488925823080085
CountDeclInstanceVariable,18.0,0.011596833493194096,0.0,99.0,8.484315563782589 < CountDeclInstanceVariable <= 24.490887253273584,0.04871252305324851
