feature,value,importance,min,max,rule,importance_ratio
CountClassCoupled,36.0,0.09433498823634201,0.0,110.0,CountClassCoupled > 30.5140548185515,0.19658406221223917
CountDeclMethodPublic,176.0,0.0842565764544112,0.0,226.0,CountDeclMethodPublic > 49.53228100186732,0.17558172611424852
CountClassBase,4.0,0.060710686463598486,0.0,6.0,3.4972668816647774 < CountClassBase <= 4.500530315009199,0.12651460065704442
MAJOR_LINE,9.0,0.05424384594577058,0.0,12.0,4.495303181903716 < MAJOR_LINE <= 9.496391564715786,0.11303839418857783
CountDeclMethodProtected,7.0,0.04485697017380455,0.0,35.0,4.498814918141747 < CountDeclMethodProtected <= 20.496113288448125,0.09347714543841544
