feature,value,importance,min,max,rule,importance_ratio
CountDeclMethodProtected,7.0,0.044435361362895644,0.0,35.0,4.498814918141747 < CountDeclMethodProtected <= 20.496113288448125,0.2267847481294992
CountDeclMethodPublic,28.0,0.028813816289993674,0.0,226.0,21.504048751561132 < CountDeclMethodPublic <= 45.488863890347744,0.14705707053014616
CountDeclMethodPrivate,5.0,0.02150768737188189,0.0,20.0,3.5025096562010516 < CountDeclMethodPrivate <= 5.498850463021016,0.1097687813011271
CountOutput_Mean,3.575,-0.01383177460039133,0.0,26.0,1.1431298242765084 < CountOutput_Mean <= 7.81948001721746,0.07059322626670632
AvgCyclomaticModified,2.0,0.011720810664932677,0.0,24.0,1.502257595307328 < AvgCyclomaticModified <= 2.4999922767974363,0.05981949989811198
