feature,value,importance,min,max,rule,importance_ratio
CountDeclMethodProtected,10.0,0.04967029091299874,0.0,35.0,4.498814918141747 < CountDeclMethodProtected <= 20.496113288448125,0.17154787404620397
CountLineComment,98.0,0.03554423385037495,16.0,1598.0,94.3676611525578 < CountLineComment <= 115.43672342414604,0.1227602584875784
CountDeclMethodPublic,34.0,0.03274964705183195,0.0,226.0,21.504048751561132 < CountDeclMethodPublic <= 45.488863890347744,0.11310850458568654
CountClassCoupled,17.0,0.023255172199296528,0.0,110.0,16.51791080861062 < CountClassCoupled <= 30.5140548185515,0.08031713279786093
CountDeclMethodPrivate,9.0,0.02306908692548483,0.0,20.0,CountDeclMethodPrivate > 5.498850463021016,0.07967444412970683
