feature,value,importance,min,max,rule,importance_ratio
CountDeclMethodProtected,5.0,0.04472659466522186,0.0,35.0,4.498814918141747 < CountDeclMethodProtected <= 20.496113288448125,0.21253977058409387
CountDeclMethodPublic,28.0,0.029168191675160975,0.0,226.0,21.504048751561132 < CountDeclMethodPublic <= 45.488863890347744,0.13860658995825742
OWN_COMMIT,0.666666666666667,0.02212598136225327,0.0,1.0,0.29250297311856827 < OWN_COMMIT <= 0.7899429007103611,0.1051421651453804
MAJOR_LINE,4.0,0.017089637014770457,0.0,12.0,3.5014293806683363 < MAJOR_LINE <= 4.495303181903716,0.08120957022710852
CountOutput_Mean,2.72222222222222,-0.01395720716859656,0.0,26.0,1.1431298242765084 < CountOutput_Mean <= 7.81948001721746,0.06632433414196007
