feature,value,importance,min,max,rule,importance_ratio
CountLineComment,1168.0,0.29030313184451206,15.0,3419.0,CountLineComment > 430.39806709852445,0.18345067821646277
Added_lines,0.0,-0.19549582203548174,0.0,10080.0,Added_lines <= 2.0010783245919797,0.12353928430955716
OWN_LINE,0.582292038557658,0.1706334732775498,0.252747252747253,1.0,OWN_LINE <= 0.6736697687357529,0.10782806992231538
MaxInheritanceTree,1.0,-0.15802366940014748,0.0,7.0,0.4959182153937882 < MaxInheritanceTree <= 1.4946384033941256,0.0998595817465659
CountDeclInstanceVariable,40.0,0.14162945979243158,0.0,1114.0,CountDeclInstanceVariable > 21.485480801487,0.08949962161713408
