feature,value,importance,min,max,rule,importance_ratio
MAJOR_LINE,8.0,0.3820244576577409,0.0,12.0,MAJOR_LINE > 7.503675252679776,0.229059852762613
CountLineComment,1444.0,0.2818011449400662,15.0,3419.0,CountLineComment > 430.39806709852445,0.16896648231390893
Added_lines,44.0,0.1926012106496332,0.0,10080.0,14.469711558006416 < Added_lines <= 1320.5590427581683,0.11548267151217577
MaxInheritanceTree,3.0,0.12359116238799724,0.0,7.0,2.493358591394463 < MaxInheritanceTree <= 3.505949893117027,0.07410461003708255
RatioCommentToCode,0.62,0.09292698452125685,0.05,29.08,0.3158916615634513 < RatioCommentToCode <= 0.8902967105398505,0.05571853049048207
