feature,value,importance,min,max,rule,importance_ratio
Added_lines,0.0,-0.19526965922364994,0.0,10080.0,Added_lines <= 2.0010783245919797,0.17087060795551962
CountDeclInstanceVariable,25.0,0.13958642981900315,0.0,1114.0,CountDeclInstanceVariable > 21.485480801487,0.12214502867645101
MaxInheritanceTree,3.0,0.12803306588412788,0.0,7.0,2.493358591394463 < MaxInheritanceTree <= 3.505949893117027,0.11203526391661978
RatioCommentToCode,0.39,0.09413556954669644,0.05,29.08,0.3158916615634513 < RatioCommentToCode <= 0.8902967105398505,0.08237327838146294
MINOR_COMMIT,0.0,-0.09247423641786523,0.0,6.0,MINOR_COMMIT <= 0.49897740704811133,0.08091952974038549
