feature,value,importance,min,max,rule,importance_ratio
MAJOR_LINE,7.0,0.3592798522823798,0.0,12.0,4.497171535648503 < MAJOR_LINE <= 7.503675252679776,0.27893131476438293
Added_lines,0.0,-0.19681478914715284,0.0,10080.0,Added_lines <= 2.0010783245919797,0.15279957268169503
OWN_LINE,0.630637079455977,0.16950333825642858,0.252747252747253,1.0,OWN_LINE <= 0.6736697687357529,0.13159599319712897
RatioCommentToCode,0.54,0.0922023134352018,0.05,29.08,0.3158916615634513 < RatioCommentToCode <= 0.8902967105398505,0.07158239558221914
CountLineComment,428.0,0.08534653861904569,15.0,3419.0,254.46825531408285 < CountLineComment <= 430.39806709852445,0.06625983081536439
