feature,value,importance,min,max,rule,importance_ratio
MAJOR_LINE,6.0,0.36008468767203056,0.0,12.0,4.497171535648503 < MAJOR_LINE <= 7.503675252679776,0.20671813427167343
CountLineComment,440.0,0.29344507474036413,15.0,3419.0,CountLineComment > 430.39806709852445,0.16846153262920768
Added_lines,0.0,-0.1993885977066779,0.0,10080.0,Added_lines <= 2.0010783245919797,0.11446540306793293
MaxInheritanceTree,1.0,-0.15799110873822383,0.0,7.0,0.4959182153937882 < MaxInheritanceTree <= 1.4946384033941256,0.09069985019642238
CountDeclInstanceVariable,33.0,0.1373859616002637,0.0,1114.0,CountDeclInstanceVariable > 21.485480801487,0.07887080631152385
