feature,value,importance,min,max,rule,importance_ratio
MAJOR_LINE,8.0,0.3712981064772521,0.0,12.0,MAJOR_LINE > 7.503675252679776,0.22913050532385112
CountLineComment,597.0,0.2940894016122732,15.0,3419.0,CountLineComment > 430.39806709852445,0.18148450537799213
MaxInheritanceTree,4.0,0.22439006829143646,0.0,7.0,3.505949893117027 < MaxInheritanceTree <= 4.504670081117364,0.1384725880373437
Added_lines,0.0,-0.1958758735202647,0.0,10080.0,Added_lines <= 2.0010783245919797,0.1208762907687995
RatioCommentToCode,0.38,0.09368356474979381,0.05,29.08,0.3158916615634513 < RatioCommentToCode <= 0.8902967105398505,0.05781274441531552
