feature,value,importance,min,max,rule,importance_ratio
MaxInheritanceTree,4.0,0.22408834671468242,0.0,7.0,3.505949893117027 < MaxInheritanceTree <= 4.504670081117364,0.20831171161779613
Added_lines,0.0,-0.1930376132236895,0.0,10080.0,Added_lines <= 2.0010783245919797,0.17944706276243932
RatioCommentToCode,0.42,0.09335232527201559,0.05,29.08,0.3158916615634513 < RatioCommentToCode <= 0.8902967105398505,0.08677998185097358
CountLineComment,258.0,0.09315190417666167,15.0,3419.0,254.46825531408285 < CountLineComment <= 430.39806709852445,0.08659367113009236
MINOR_COMMIT,0.0,-0.05803916774058557,0.0,6.0,MINOR_COMMIT <= 0.49897740704811133,0.05395299911917105
