feature,value,importance,min,max,rule,importance_ratio
Added_lines,0.0,-0.1940766789217579,0.0,10080.0,Added_lines <= 2.0010783245919797,0.17854891584359994
OWN_LINE,0.656474820143885,0.16753957600157834,0.252747252747253,1.0,OWN_LINE <= 0.6736697687357529,0.15413500386637424
RatioCommentToCode,0.64,0.09156428960190248,0.05,29.08,0.3158916615634513 < RatioCommentToCode <= 0.8902967105398505,0.084238377991825
CountLineComment,366.0,0.0864667658878786,15.0,3419.0,254.46825531408285 < CountLineComment <= 430.39806709852445,0.07954869895525754
MINOR_COMMIT,0.0,-0.0854135824297152,0.0,6.0,MINOR_COMMIT <= 0.49897740704811133,0.07857977901245854
