feature,value,importance,min,max,rule,importance_ratio
OWN_LINE,0.227655986509275,0.1666514654484736,0.252747252747253,1.0,OWN_LINE <= 0.6736697687357529,0.16369592037906
CountClassDerived,44.0,0.12165598792834353,0.0,146.0,7.510151647074075 < CountClassDerived <= 45.48828422583489,0.11949843261181121
RatioCommentToCode,0.62,0.09367201986053054,0.05,29.08,0.3158916615634513 < RatioCommentToCode <= 0.8902967105398505,0.09201075708257794
Added_lines,11.0,0.07844163628444703,0.0,10080.0,5.118236632945589 < Added_lines <= 14.469711558006416,0.07705048265292429
CountDeclMethodPublic,27.0,0.07139283231942552,0.0,205.0,23.55408671781892 < CountDeclMethodPublic <= 46.44782433188537,0.07012668843653005
