feature,value,importance,min,max,rule,importance_ratio
MaxInheritanceTree,4.0,0.21912483206761213,0.0,7.0,3.505949893117027 < MaxInheritanceTree <= 4.504670081117364,0.1945413902718434
Added_lines,0.0,-0.19423629937139017,0.0,10080.0,Added_lines <= 2.0010783245919797,0.1724450823962701
OWN_LINE,0.802777777777778,0.12804673928298327,0.252747252747253,1.0,0.767298239402207 < OWN_LINE <= 0.818125123478282,0.1136812767628344
RatioCommentToCode,0.83,0.09451550685686806,0.05,29.08,0.3158916615634513 < RatioCommentToCode <= 0.8902967105398505,0.0839118868121236
MINOR_COMMIT,0.0,-0.06389078949309461,0.0,6.0,MINOR_COMMIT <= 0.49897740704811133,0.05672293229512733
