feature,value,importance,min,max,rule,importance_ratio
MAJOR_LINE,10.0,0.37864646534095914,0.0,12.0,MAJOR_LINE > 7.503675252679776,0.17983116843424177
CountLineComment,724.0,0.2904518001607717,15.0,3419.0,CountLineComment > 430.39806709852445,0.13794473573048396
CountDeclClass,11.0,-0.2112597166050259,1.0,13.0,9.501356843591719 < CountDeclClass <= 11.497116347383653,0.10033391344603951
CountDeclInstanceVariable,18.0,0.20837221245370682,0.0,1114.0,17.474832958593538 < CountDeclInstanceVariable <= 21.485480801487,0.09896254650373132
Added_lines,0.0,-0.19705273505440626,0.0,10080.0,Added_lines <= 2.0010783245919797,0.0935865690865165
