feature,value,importance,min,max,rule,importance_ratio
MAJOR_LINE,15.0,0.3769104809115576,0.0,12.0,MAJOR_LINE > 7.503675252679776,0.21922089465206424
CountLineComment,2751.0,0.28067181024196747,15.0,3419.0,CountLineComment > 430.39806709852445,0.16324599198210246
Added_lines,25.0,0.19073192079793796,0.0,10080.0,14.469711558006416 < Added_lines <= 1320.5590427581683,0.1109346235607652
CountDeclInstanceVariable,37.0,0.11605504306170834,0.0,1114.0,CountDeclInstanceVariable > 21.485480801487,0.06750061793808664
RatioCommentToCode,0.52,0.0935681884113092,0.05,29.08,0.3158916615634513 < RatioCommentToCode <= 0.8902967105398505,0.05442168104450589
