feature,value,importance,min,max,rule,importance_ratio
CountLineComment,617.0,0.2863414674075677,15.0,3419.0,CountLineComment > 430.39806709852445,0.18099524328423144
OWN_LINE,0.674705882352941,0.19413524402862717,0.252747252747253,1.0,0.6736697687357529 < OWN_LINE <= 0.6816950662214489,0.12271207534531327
Added_lines,0.0,-0.19376233651449426,0.0,10080.0,Added_lines <= 2.0010783245919797,0.1224763620661502
MaxInheritanceTree,1.0,-0.15575158142166515,0.0,7.0,0.4959182153937882 < MaxInheritanceTree <= 1.4946384033941256,0.09844992283703378
CountDeclInstanceVariable,50.0,0.14189472000820139,0.0,1114.0,CountDeclInstanceVariable > 21.485480801487,0.08969105872492136
