feature,value,importance,min,max,rule,importance_ratio
MAJOR_LINE,5.0,0.3513639863149362,0.0,12.0,4.497171535648503 < MAJOR_LINE <= 7.503675252679776,0.23194002289136442
Added_lines,0.0,-0.19715485941229338,0.0,10080.0,Added_lines <= 2.0010783245919797,0.1301445349730403
CountDeclInstanceVariable,19.0,0.1933095902389017,0.0,1114.0,17.474832958593538 < CountDeclInstanceVariable <= 21.485480801487,0.1276062218423926
MaxInheritanceTree,1.0,-0.154243696653942,0.0,7.0,0.4959182153937882 < MaxInheritanceTree <= 1.4946384033941256,0.10181830786920122
MINOR_COMMIT,0.0,-0.10439999105802554,0.0,6.0,MINOR_COMMIT <= 0.49897740704811133,0.0689158173830388
