feature,value,importance,min,max,rule,importance_ratio
Added_lines,49.0,0.1907696969985811,0.0,10080.0,14.469711558006416 < Added_lines <= 1320.5590427581683,0.17608925379361143
MaxInheritanceTree,1.0,-0.15207307744839704,0.0,7.0,0.4959182153937882 < MaxInheritanceTree <= 1.4946384033941256,0.1403704841560108
RatioCommentToCode,0.73,0.09395743176209709,0.05,29.08,0.3158916615634513 < RatioCommentToCode <= 0.8902967105398505,0.08672705522761771
MINOR_COMMIT,0.0,-0.06615474270264082,0.0,6.0,MINOR_COMMIT <= 0.49897740704811133,0.06106388729811227
MaxNesting_Mean,2.28571428571429,-0.06360583362008808,0.0,5.25,2.2104815402582574 < MaxNesting_Mean <= 5.12369878435758,0.058711126322988375
