feature,value,importance,min,max,rule,importance_ratio
MaxInheritanceTree,4.0,0.22102225160911992,0.0,7.0,3.505949893117027 < MaxInheritanceTree <= 4.504670081117364,0.22021369360730253
Added_lines,0.0,-0.19338686715707679,0.0,10080.0,Added_lines <= 2.0010783245919797,0.19267940671927986
RatioCommentToCode,0.41,0.09309449109046304,0.05,29.08,0.3158916615634513 < RatioCommentToCode <= 0.8902967105398505,0.09275392675746805
OWN_LINE,0.99375,-0.06444168566291456,0.252747252747253,1.0,0.9786310731922031 < OWN_LINE <= 1.0000318664873926,0.06420594088964394
MINOR_COMMIT,0.0,-0.06413635537983932,0.0,6.0,MINOR_COMMIT <= 0.49897740704811133,0.06390172758570443
