feature,value,importance,min,max,rule,importance_ratio
CountLineComment,929.0,0.29200796598105766,15.0,3419.0,CountLineComment > 430.39806709852445,0.18260943379203823
MaxInheritanceTree,4.0,0.2297382635005234,0.0,7.0,3.505949893117027 < MaxInheritanceTree <= 4.504670081117364,0.14366859505784194
Added_lines,66.0,0.19396390183240939,0.0,10080.0,14.469711558006416 < Added_lines <= 1320.5590427581683,0.12129682206001328
CountDeclClass,11.0,-0.13539876469686593,1.0,13.0,9.501356843591719 < CountDeclClass <= 11.497116347383653,0.08467266183772534
RatioCommentToCode,0.33,0.09300012007551223,0.05,29.08,0.3158916615634513 < RatioCommentToCode <= 0.8902967105398505,0.05815834240180458
