feature,value,importance,min,max,rule,importance_ratio
CountLineComment,700.0,0.28916530089359277,15.0,3419.0,CountLineComment > 430.39806709852445,0.21915493316346274
MaxInheritanceTree,4.0,0.22783271632289226,0.0,7.0,3.505949893117027 < MaxInheritanceTree <= 4.504670081117364,0.17267169872697533
Added_lines,18.0,0.19105187214142377,0.0,10080.0,14.469711558006416 < Added_lines <= 1320.5590427581683,0.14479593554454687
RatioCommentToCode,0.44,0.09371673734920534,0.05,29.08,0.3158916615634513 < RatioCommentToCode <= 0.8902967105398505,0.07102679763648631
OWN_LINE,0.993348115299335,-0.07021232830104424,0.252747252747253,1.0,0.9786310731922031 < OWN_LINE <= 1.0000318664873926,0.05321308631608158
