feature,value,importance,min,max,rule,importance_ratio
MaxInheritanceTree,4.0,0.21912652837752672,0.0,7.0,3.505949893117027 < MaxInheritanceTree <= 4.504670081117364,0.21222281072055804
Added_lines,40.0,0.19397067790809985,0.0,10080.0,14.469711558006416 < Added_lines <= 1320.5590427581683,0.18785951097672218
RatioCommentToCode,0.4,0.09280693651200915,0.05,29.08,0.3158916615634513 < RatioCommentToCode <= 0.8902967105398505,0.08988299621581981
OWN_LINE,0.997695852534562,-0.07200386023771543,0.252747252747253,1.0,0.9786310731922031 < OWN_LINE <= 1.0000318664873926,0.06973533380701057
CountDeclMethodPublic,3.0,-0.06916292443417724,0.0,205.0,2.4918481128777863 < CountDeclMethodPublic <= 6.460095965982637,0.06698390345411051
