feature,value,importance,min,max,rule,importance_ratio
Added_lines,0.0,-0.19428247780374025,0.0,10080.0,Added_lines <= 2.0010783245919797,0.17747856471255008
OWN_LINE,0.695804195804196,0.1729385325488021,0.252747252747253,1.0,0.6816950662214489 < OWN_LINE <= 0.767298239402207,0.1579807035983002
MaxInheritanceTree,1.0,-0.1531127315706244,0.0,7.0,0.4959182153937882 < MaxInheritanceTree <= 1.4946384033941256,0.1398696791679956
MINOR_COMMIT,0.0,-0.09691481729823272,0.0,6.0,MINOR_COMMIT <= 0.49897740704811133,0.08853244444846292
RatioCommentToCode,0.74,0.09313890177085829,0.05,29.08,0.3158916615634513 < RatioCommentToCode <= 0.8902967105398505,0.08508311604865113
