feature,value,importance,min,max,rule,importance_ratio
Added_lines,0.0,-0.19283426747574506,0.0,10080.0,Added_lines <= 2.0010783245919797,0.17221825009859473
OWN_LINE,0.736842105263158,0.17335379478769472,0.252747252747253,1.0,0.6816950662214489 < OWN_LINE <= 0.767298239402207,0.15482044543790868
MaxInheritanceTree,3.0,0.1269527875615683,0.0,7.0,2.493358591394463 < MaxInheritanceTree <= 3.505949893117027,0.11338019536253828
RatioCommentToCode,0.88,0.09241221540486556,0.05,29.08,0.3158916615634513 < RatioCommentToCode <= 0.8902967105398505,0.08253237473345947
MINOR_COMMIT,0.0,-0.08999026230583586,0.0,6.0,MINOR_COMMIT <= 0.49897740704811133,0.08036935396958912
