feature,value,importance,min,max,rule,importance_ratio
Added_lines,0.0,-0.1929017147752805,0.0,10080.0,Added_lines <= 2.0010783245919797,0.19609278312182216
MINOR_COMMIT,0.0,-0.09574605771852272,0.0,6.0,MINOR_COMMIT <= 0.49897740704811133,0.09732993277348351
RatioCommentToCode,0.59,0.09219651314904116,0.05,29.08,0.3158916615634513 < RatioCommentToCode <= 0.8902967105398505,0.09372167001513823
CountLineComment,343.0,0.08778380975983932,15.0,3419.0,254.46825531408285 < CountLineComment <= 430.39806709852445,0.08923596966930299
CountDeclMethodPublic,38.0,0.06133299817892177,0.0,205.0,23.55408671781892 < CountDeclMethodPublic <= 46.44782433188537,0.06234759667181363
