feature,value,importance,min,max,rule,importance_ratio
MAJOR_LINE,9.0,0.37975197258198196,0.0,12.0,MAJOR_LINE > 7.503675252679776,0.24734755095513322
CountLineComment,557.0,0.2843789426052499,15.0,3419.0,CountLineComment > 430.39806709852445,0.1852273064399518
Added_lines,0.0,-0.1958556319731461,0.0,10080.0,Added_lines <= 2.0010783245919797,0.12756855633941244
OWN_LINE,0.329656476520643,0.1698229924279355,0.252747252747253,1.0,OWN_LINE <= 0.6736697687357529,0.11061246367549481
MINOR_COMMIT,0.0,-0.08383433694562381,0.0,6.0,MINOR_COMMIT <= 0.49897740704811133,0.054604635200336975
