feature,value,importance,min,max,rule,importance_ratio
MAJOR_LINE,7.0,0.3462149665754998,0.0,12.0,4.497171535648503 < MAJOR_LINE <= 7.503675252679776,0.24440430294485563
Added_lines,49.0,0.19438572335959564,0.0,10080.0,14.469711558006416 < Added_lines <= 1320.5590427581683,0.13722314690798668
OWN_LINE,0.68922305764411,0.1860893478155748,0.252747252747253,1.0,0.6816950662214489 < OWN_LINE <= 0.767298239402207,0.13136646803052116
RatioCommentToCode,0.87,0.09294381936964027,0.05,29.08,0.3158916615634513 < RatioCommentToCode <= 0.8902967105398505,0.06561203754637743
CountLineComment,349.0,0.09120749268898694,15.0,3419.0,254.46825531408285 < CountLineComment <= 430.39806709852445,0.06438630858304825
