feature,value,importance,min,max,rule,importance_ratio
Added_lines,0.0,-0.19507651784458035,0.0,10080.0,Added_lines <= 2.0010783245919797,0.20877261401937403
MaxInheritanceTree,1.0,-0.15366633149628592,0.0,7.0,0.4959182153937882 < MaxInheritanceTree <= 1.4946384033941256,0.1644550664924562
MINOR_COMMIT,0.0,-0.07700319522644826,0.0,6.0,MINOR_COMMIT <= 0.49897740704811133,0.082409500297098
OWN_LINE,0.89438202247191,-0.054637814298997125,0.252747252747253,1.0,0.818125123478282 < OWN_LINE <= 0.9786310731922031,0.058473871901869555
MAJOR_LINE,2.0,0.040089418865326416,0.0,12.0,1.505625548552707 < MAJOR_LINE <= 2.492835724294319,0.04290405049007454
