feature,value,importance,min,max,rule,importance_ratio
OWN_LINE,0.810924369747899,0.12681320000899693,0.252747252747253,1.0,0.767298239402207 < OWN_LINE <= 0.818125123478282,0.13039414373668237
RatioCommentToCode,2.13,-0.09931948006985573,0.05,29.08,1.5691390411483221 < RatioCommentToCode <= 5.381099820718971,0.1021240577413276
Added_lines,10.0,0.07656522815911769,0.0,10080.0,5.118236632945589 < Added_lines <= 14.469711558006416,0.07872727259546773
MAJOR_LINE,0.0,-0.06442370443402708,0.0,12.0,MAJOR_LINE <= 0.5034576428756157,0.06624289723328552
CountDeclMethodPublic,4.0,-0.06411173770844314,0.0,205.0,2.4918481128777863 < CountDeclMethodPublic <= 6.460095965982637,0.06592212120954377
