feature,value,importance,min,max,rule,importance_ratio
MAJOR_LINE,13.0,0.3730253634533328,0.0,12.0,MAJOR_LINE > 7.503675252679776,0.1823383328907225
CountLineComment,3778.0,0.2829785911876696,15.0,3419.0,CountLineComment > 430.39806709852445,0.1383226172162958
Added_lines,286.0,0.19105883416782218,0.0,10080.0,14.469711558006416 < Added_lines <= 1320.5590427581683,0.09339136884337898
OWN_LINE,0.745413582233666,0.166695940215684,0.252747252747253,1.0,0.6816950662214489 < OWN_LINE <= 0.767298239402207,0.08148255538763634
MaxInheritanceTree,1.0,-0.1547002795172306,0.0,7.0,0.4959182153937882 < MaxInheritanceTree <= 1.4946384033941256,0.07561896275299665
