feature,value,importance,min,max,rule,importance_ratio
CountLineComment,633.0,0.28423035819137576,15.0,3419.0,CountLineComment > 430.39806709852445,0.22412418570424236
Added_lines,0.0,-0.1951456157465179,0.0,10080.0,Added_lines <= 2.0010783245919797,0.15387818704957879
MaxInheritanceTree,3.0,0.12297083390820637,0.0,7.0,2.493358591394463 < MaxInheritanceTree <= 3.505949893117027,0.09696620090276004
RatioCommentToCode,0.73,0.09353667408261082,0.05,29.08,0.3158916615634513 < RatioCommentToCode <= 0.8902967105398505,0.07375648064353864
MINOR_COMMIT,0.0,-0.08771843338617136,0.0,6.0,MINOR_COMMIT <= 0.49897740704811133,0.06916862286994088
