feature,value,importance,min,max,rule,importance_ratio
CountLineComment,508.0,0.2930846176879687,15.0,3419.0,CountLineComment > 430.39806709852445,0.1878973829388624
MaxInheritanceTree,4.0,0.22766922648344518,0.0,7.0,3.505949893117027 < MaxInheritanceTree <= 4.504670081117364,0.14595938937163325
Added_lines,23.0,0.1927402979800901,0.0,10080.0,14.469711558006416 < Added_lines <= 1320.5590427581683,0.12356635385031367
CountDeclInstanceVariable,27.0,0.11124190519154922,0.0,1114.0,CountDeclInstanceVariable > 21.485480801487,0.07131750217228543
CountClassCoupled,65.0,-0.09360945804031523,0.0,128.0,CountClassCoupled > 42.45780664986833,0.06001329009639977
