feature,value,importance,min,max,rule,importance_ratio
Added_lines,0.0,-0.19509651181645712,0.0,10080.0,Added_lines <= 2.0010783245919797,0.18099812794823525
OWN_LINE,0.318087318087318,0.16912065193501963,0.252747252747253,1.0,OWN_LINE <= 0.6736697687357529,0.156899378223745
MaxInheritanceTree,1.0,-0.1536280947520952,0.0,7.0,0.4959182153937882 < MaxInheritanceTree <= 1.4946384033941256,0.14252636959774573
RatioCommentToCode,0.83,0.09222308831113112,0.05,29.08,0.3158916615634513 < RatioCommentToCode <= 0.8902967105398505,0.0855587123650022
MINOR_COMMIT,0.0,-0.06623132525132074,0.0,6.0,MINOR_COMMIT <= 0.49897740704811133,0.06144520868367736
