test_idx,candidate_id,CountDeclMethodPrivate,CountDeclMethodDefault,AvgEssential,CountDeclClassVariable,CountDeclClassMethod,AvgLineComment,AvgCyclomaticModified,CountDeclClass,CountDeclMethodProtected,CountDeclInstanceVariable,CountDeclMethodPublic,RatioCommentToCode,AvgLineBlank,PercentLackOfCohesion,MaxInheritanceTree,CountClassDerived,CountClassCoupled,CountClassBase,CountInput_Mean,CountInput_Min,CountOutput_Min,MaxNesting_Min,ADEV,OWN_COMMIT,MINOR_COMMIT,MINOR_LINE,MAJOR_LINE,proba0,proba1,num_features_changed
39,0,6.0,1.0,1.0,5.0,3.0,4.0,2.0,6.0,21.0,59.0,133.0,0.77,0.0,97.0,1.0,2.0,0.0,9.0,4.74534161490683,0.0,0.0,0.0,11.0,0.8,0.0,3.0,1.0,0.5495485,0.45045146,2
39,1,6.0,1.0,1.0,5.0,3.0,4.0,2.0,6.0,21.0,59.0,5.0,0.77,0.0,97.0,1.0,2.0,59.0,9.0,4.74534161490683,0.0,0.0,0.0,1.0,0.454545454545455,0.0,3.0,1.0,0.55975914,0.44024086,2
39,2,6.0,1.0,1.0,5.0,3.0,4.0,2.0,6.0,21.0,59.0,133.0,0.77,0.0,97.0,1.0,2.0,1.0,9.0,4.74534161490683,0.0,0.0,0.0,1.0,0.454545454545455,0.0,3.0,1.0,0.64483905,0.35516092,2
39,3,6.0,1.0,1.0,5.0,3.0,4.0,2.0,6.0,21.0,59.0,2.0,0.77,0.0,97.0,1.0,2.0,59.0,9.0,4.74534161490683,0.0,0.0,0.0,1.0,0.454545454545455,0.0,3.0,1.0,0.7466825,0.2533175,2
39,4,6.0,1.0,1.0,5.0,3.0,4.0,2.0,6.0,21.0,59.0,1.0,0.77,0.0,97.0,1.0,2.0,14.0,9.0,4.74534161490683,0.0,0.0,0.0,11.0,0.8,0.0,3.0,1.0,0.6365392,0.36346075,3
39,5,6.0,1.0,1.0,5.0,3.0,4.0,2.0,6.0,21.0,59.0,10.0,0.77,0.0,97.0,1.0,2.0,2.0,9.0,4.74534161490683,0.0,0.0,0.0,11.0,0.9,0.0,3.0,1.0,0.7459799,0.25402012,3
39,6,6.0,1.0,1.0,5.0,3.0,4.0,2.0,6.0,21.0,59.0,133.0,0.77,0.0,97.0,1.0,2.0,0.0,9.0,4.74534161490683,0.0,0.0,0.0,17.0,0.8,0.0,3.0,1.0,0.5495485,0.45045146,3
39,7,6.0,1.0,1.0,5.0,3.0,4.0,2.0,6.0,21.0,59.0,133.0,0.77,0.0,97.0,1.0,2.0,5.0,9.0,4.74534161490683,0.0,0.0,0.0,3.0,0.9,0.0,3.0,1.0,0.6304961,0.36950392,3
39,8,6.0,1.0,1.0,5.0,3.0,4.0,2.0,6.0,21.0,59.0,133.0,0.77,0.0,63.0,1.0,2.0,0.0,9.0,4.74534161490683,0.0,0.0,0.0,11.0,0.8,0.0,3.0,1.0,0.5854398,0.41456023,3
39,9,6.0,1.0,1.0,5.0,3.0,4.0,2.0,6.0,21.0,59.0,7.0,0.77,0.0,70.0,1.0,2.0,1.0,9.0,4.74534161490683,0.0,0.0,0.0,11.0,0.454545454545455,0.0,3.0,1.0,0.6380235,0.36197653,3
39,10,6.0,1.0,1.0,5.0,3.0,4.0,2.0,6.0,21.0,59.0,2.0,0.77,0.0,95.0,1.0,2.0,59.0,9.0,4.74534161490683,0.0,0.0,0.0,1.0,0.454545454545455,0.0,3.0,1.0,0.7466825,0.2533175,3
39,11,6.0,1.0,1.0,5.0,3.0,4.0,2.0,6.0,21.0,59.0,1.0,0.77,0.0,97.0,1.0,2.0,14.0,9.0,4.74534161490683,0.0,0.0,0.0,6.0,0.8,0.0,3.0,1.0,0.6169587,0.38304132,4
39,12,6.0,1.0,1.0,5.0,3.0,4.0,2.0,6.0,21.0,59.0,3.0,0.77,0.0,15.0,1.0,2.0,38.0,9.0,4.74534161490683,0.0,0.0,0.0,11.0,0.9,0.0,3.0,1.0,0.6168504,0.3831496,4
39,13,6.0,1.0,1.0,5.0,3.0,4.0,2.0,6.0,21.0,59.0,61.0,0.77,0.0,97.0,1.0,2.0,0.0,9.0,4.74534161490683,0.0,0.0,0.0,2.0,0.454545454545455,0.0,3.0,1.0,0.661325,0.33867505,3
39,14,6.0,1.0,1.0,5.0,3.0,4.0,2.0,6.0,21.0,59.0,11.0,0.77,0.0,45.0,1.0,2.0,59.0,9.0,4.74534161490683,0.0,0.0,0.0,1.0,0.5,0.0,3.0,1.0,0.5991696,0.40083042,4
39,15,6.0,1.0,1.0,5.0,3.0,4.0,2.0,6.0,21.0,59.0,7.0,0.77,0.0,70.0,1.0,2.0,1.0,9.0,4.74534161490683,0.0,0.0,0.0,19.0,0.454545454545455,0.0,3.0,1.0,0.6380235,0.36197653,4
39,16,6.0,1.0,1.0,5.0,3.0,4.0,2.0,6.0,21.0,59.0,133.0,0.77,0.0,21.0,1.0,2.0,1.0,9.0,4.74534161490683,0.0,0.0,0.0,1.0,0.454545454545455,0.0,3.0,1.0,0.56167734,0.43832263,3
39,17,6.0,1.0,1.0,5.0,3.0,4.0,2.0,6.0,21.0,59.0,10.0,0.77,0.0,32.0,1.0,2.0,2.0,9.0,4.74534161490683,0.0,0.0,0.0,11.0,0.9,0.0,3.0,1.0,0.5402411,0.45975888,4
39,18,6.0,1.0,1.0,5.0,3.0,4.0,2.0,6.0,21.0,59.0,14.0,0.77,0.0,36.0,1.0,2.0,5.0,9.0,4.74534161490683,0.0,0.0,0.0,11.0,0.9,0.0,3.0,1.0,0.60013235,0.39986768,4
39,19,6.0,1.0,1.0,5.0,3.0,4.0,2.0,6.0,21.0,59.0,1.0,0.77,0.0,97.0,1.0,2.0,62.0,9.0,4.74534161490683,0.0,0.0,0.0,1.0,0.4,0.0,3.0,1.0,0.7466825,0.2533175,4
39,20,6.0,1.0,1.0,5.0,3.0,4.0,2.0,6.0,21.0,59.0,94.0,0.77,0.0,97.0,1.0,2.0,0.0,9.0,4.74534161490683,0.0,0.0,0.0,14.0,1.1,0.0,3.0,1.0,0.5549303,0.4450697,4
39,21,6.0,1.0,1.0,5.0,3.0,4.0,2.0,6.0,21.0,59.0,133.0,0.77,0.0,100.0,1.0,2.0,1.0,9.0,4.74534161490683,0.0,0.0,0.0,5.0,0.9,0.0,3.0,1.0,0.603137,0.39686295,4
39,22,6.0,1.0,1.0,5.0,3.0,4.0,2.0,6.0,21.0,59.0,133.0,0.77,0.0,46.0,1.0,2.0,0.0,9.0,4.74534161490683,0.0,0.0,0.0,17.0,0.8,0.0,3.0,1.0,0.5042522,0.4957478,4
39,23,6.0,1.0,1.0,5.0,3.0,4.0,2.0,6.0,21.0,59.0,1.0,0.77,0.0,16.0,1.0,2.0,71.0,9.0,4.74534161490683,0.0,0.0,0.0,15.0,0.9,0.0,3.0,1.0,0.6168504,0.3831496,5
39,24,6.0,1.0,1.0,5.0,3.0,4.0,2.0,6.0,21.0,59.0,7.0,0.77,0.0,70.0,1.0,2.0,1.0,9.0,4.74534161490683,0.0,0.0,0.0,19.0,0.5,0.0,3.0,1.0,0.6380235,0.36197653,5
39,25,6.0,1.0,1.0,5.0,3.0,4.0,2.0,6.0,21.0,59.0,64.0,0.77,0.0,97.0,1.0,2.0,1.0,9.0,4.74534161490683,0.0,0.0,0.0,2.0,0.5,0.0,3.0,1.0,0.661325,0.33867505,4
39,26,6.0,1.0,1.0,5.0,3.0,4.0,2.0,6.0,21.0,59.0,9.0,0.77,0.0,24.0,1.0,2.0,5.0,9.0,4.74534161490683,0.0,0.0,0.0,11.0,0.9,0.0,3.0,1.0,0.6436733,0.35632667,4
39,27,6.0,1.0,1.0,5.0,3.0,4.0,2.0,6.0,21.0,59.0,9.0,0.77,0.0,28.0,1.0,2.0,9.0,9.0,4.74534161490683,0.0,0.0,0.0,2.0,0.4,0.0,3.0,1.0,0.84378886,0.15621111,5
39,28,6.0,1.0,1.0,5.0,3.0,4.0,2.0,6.0,21.0,59.0,7.0,0.77,0.0,59.0,1.0,2.0,9.0,9.0,4.74534161490683,0.0,0.0,0.0,3.0,0.454545454545455,0.0,3.0,1.0,0.74368453,0.25631547,4
41,0,1.0,0.0,1.0,6.0,1.0,2.0,1.0,2.0,7.0,30.0,75.0,0.54,0.0,97.0,2.0,3.0,10.0,6.0,7.01204819277108,0.0,1.0,0.0,3.0,0.4,0.0,3.0,0.0,0.57918435,0.42081565,3
41,1,1.0,0.0,1.0,6.0,1.0,2.0,1.0,2.0,7.0,30.0,75.0,0.54,0.0,97.0,2.0,3.0,5.0,3.0,7.01204819277108,0.0,1.0,0.0,3.0,1.0,0.0,3.0,0.0,0.5290438,0.4709562,3
41,2,18.0,0.0,1.0,6.0,1.0,2.0,1.0,2.0,7.0,30.0,75.0,0.54,0.0,97.0,2.0,3.0,9.0,6.0,7.01204819277108,0.0,1.0,0.0,3.0,0.7,0.0,3.0,2.0,0.5323419,0.4676581,3
41,3,1.0,0.0,1.0,6.0,1.0,2.0,1.0,2.0,7.0,30.0,75.0,0.54,0.0,97.0,2.0,3.0,18.0,2.0,7.01204819277108,0.0,1.0,0.0,3.0,0.9,0.0,3.0,0.0,0.5126954,0.48730463,3
41,4,0.0,0.0,1.0,6.0,1.0,2.0,1.0,2.0,7.0,30.0,75.0,0.54,0.0,97.0,2.0,3.0,50.0,2.0,7.01204819277108,0.0,1.0,0.0,3.0,1.0,0.0,3.0,2.0,0.70897293,0.2910271,3
41,5,1.0,0.0,1.0,6.0,1.0,2.0,1.0,2.0,7.0,30.0,75.0,0.54,0.0,97.0,2.0,3.0,0.0,3.0,7.01204819277108,0.0,1.0,0.0,3.0,0.5,0.0,3.0,2.0,0.6837008,0.3162992,3
41,6,1.0,0.0,1.0,6.0,1.0,2.0,1.0,2.0,7.0,30.0,75.0,0.54,0.0,97.0,2.0,3.0,1.0,6.0,7.01204819277108,0.0,1.0,0.0,3.0,0.4,0.0,3.0,4.0,0.6837008,0.3162992,3
41,7,1.0,0.0,1.0,6.0,1.0,2.0,1.0,2.0,7.0,30.0,75.0,0.54,0.0,97.0,2.0,3.0,18.0,6.0,7.01204819277108,0.0,1.0,0.0,3.0,0.9,0.0,3.0,0.0,0.5275211,0.47247893,2
41,8,1.0,0.0,1.0,6.0,1.0,2.0,1.0,2.0,7.0,30.0,75.0,0.54,0.0,97.0,2.0,3.0,0.0,6.0,7.01204819277108,0.0,1.0,0.0,3.0,1.1,0.0,3.0,0.0,0.87119186,0.12880813,3
41,9,1.0,0.0,1.0,6.0,1.0,2.0,1.0,2.0,7.0,30.0,75.0,0.54,0.0,97.0,2.0,3.0,63.0,6.0,7.01204819277108,0.0,1.0,0.0,3.0,0.9,0.0,3.0,0.0,0.5275211,0.47247893,3
41,10,8.0,0.0,1.0,6.0,1.0,2.0,1.0,2.0,7.0,30.0,75.0,0.54,0.0,97.0,2.0,3.0,9.0,6.0,7.01204819277108,0.0,1.0,0.0,3.0,1.0,0.0,3.0,0.0,0.55718696,0.44281307,3
41,11,1.0,0.0,1.0,6.0,1.0,2.0,1.0,2.0,7.0,30.0,75.0,0.54,0.0,97.0,2.0,3.0,18.0,1.0,7.01204819277108,0.0,1.0,0.0,3.0,1.0,0.0,3.0,0.0,0.76587504,0.23412497,2
41,12,0.0,0.0,1.0,6.0,1.0,2.0,1.0,2.0,7.0,30.0,75.0,0.54,0.0,97.0,2.0,3.0,69.0,1.0,7.01204819277108,0.0,1.0,0.0,3.0,1.0,0.0,3.0,2.0,0.7704317,0.22956832,3
41,13,1.0,0.0,1.0,6.0,1.0,2.0,1.0,2.0,7.0,30.0,75.0,0.54,0.0,97.0,2.0,3.0,18.0,2.0,7.01204819277108,0.0,1.0,0.0,3.0,1.0,0.0,3.0,0.0,0.66900873,0.3309913,2
41,14,1.0,0.0,1.0,6.0,1.0,2.0,1.0,2.0,7.0,30.0,75.0,0.54,0.0,97.0,2.0,3.0,8.0,1.0,7.01204819277108,0.0,1.0,0.0,3.0,1.0,0.0,3.0,2.0,0.5578422,0.4421578,2
41,15,6.0,0.0,1.0,6.0,1.0,2.0,1.0,2.0,7.0,30.0,75.0,0.54,0.0,97.0,2.0,3.0,0.0,6.0,7.01204819277108,0.0,1.0,0.0,3.0,0.8,0.0,3.0,2.0,0.5314455,0.4685545,3
41,16,1.0,0.0,1.0,6.0,1.0,2.0,1.0,2.0,7.0,30.0,75.0,0.54,0.0,97.0,2.0,3.0,3.0,6.0,7.01204819277108,0.0,1.0,0.0,3.0,0.9,0.0,3.0,0.0,0.7188644,0.28113562,3
41,17,9.0,0.0,1.0,6.0,1.0,2.0,1.0,2.0,7.0,30.0,75.0,0.54,0.0,97.0,2.0,3.0,18.0,1.0,7.01204819277108,0.0,1.0,0.0,3.0,1.0,0.0,3.0,0.0,0.6796795,0.32032052,3
41,18,1.0,0.0,1.0,6.0,1.0,2.0,1.0,2.0,7.0,30.0,75.0,0.54,0.0,97.0,2.0,3.0,18.0,0.0,7.01204819277108,0.0,1.0,0.0,3.0,1.0,0.0,3.0,0.0,0.76587504,0.23412497,2
41,19,0.0,0.0,1.0,6.0,1.0,2.0,1.0,2.0,7.0,30.0,75.0,0.54,0.0,97.0,2.0,3.0,18.0,0.0,7.01204819277108,0.0,1.0,0.0,3.0,1.0,0.0,3.0,0.0,0.84496677,0.15503325,3
41,20,1.0,0.0,1.0,6.0,1.0,2.0,1.0,2.0,7.0,30.0,75.0,0.54,0.0,97.0,2.0,3.0,0.0,6.0,7.01204819277108,0.0,1.0,0.0,3.0,1.0,0.0,3.0,0.0,0.87119186,0.12880813,2
41,21,1.0,0.0,1.0,6.0,1.0,2.0,1.0,2.0,7.0,30.0,75.0,0.54,0.0,97.0,2.0,3.0,0.0,6.0,7.01204819277108,0.0,1.0,0.0,3.0,1.0,0.0,3.0,2.0,0.597157,0.40284297,1
41,22,1.0,0.0,1.0,6.0,1.0,2.0,1.0,2.0,7.0,30.0,75.0,0.54,0.0,97.0,2.0,3.0,3.0,8.0,7.01204819277108,0.0,1.0,0.0,3.0,0.4,0.0,3.0,2.0,0.60182965,0.39817032,3
41,23,1.0,0.0,1.0,6.0,1.0,2.0,1.0,2.0,7.0,30.0,75.0,0.54,0.0,97.0,2.0,3.0,0.0,8.0,7.01204819277108,0.0,1.0,0.0,3.0,0.4,0.0,3.0,2.0,0.6837008,0.3162992,3
41,24,0.0,0.0,1.0,6.0,1.0,2.0,1.0,2.0,7.0,30.0,75.0,0.54,0.0,97.0,2.0,3.0,18.0,6.0,7.01204819277108,0.0,1.0,0.0,3.0,0.9,0.0,3.0,2.0,0.6845306,0.3154694,2
41,25,0.0,0.0,1.0,6.0,1.0,2.0,1.0,2.0,7.0,30.0,75.0,0.54,0.0,97.0,2.0,3.0,18.0,1.0,7.01204819277108,0.0,1.0,0.0,3.0,1.1,0.0,3.0,2.0,0.7704317,0.22956832,3
41,26,19.0,0.0,1.0,6.0,1.0,2.0,1.0,2.0,7.0,30.0,75.0,0.54,0.0,97.0,2.0,3.0,0.0,6.0,7.01204819277108,0.0,1.0,0.0,3.0,1.0,0.0,3.0,2.0,0.597157,0.40284297,2
41,27,6.0,0.0,1.0,6.0,1.0,2.0,1.0,2.0,7.0,30.0,75.0,0.54,0.0,97.0,2.0,3.0,0.0,6.0,7.01204819277108,0.0,1.0,0.0,3.0,1.0,0.0,3.0,2.0,0.597157,0.40284297,2
41,28,1.0,0.0,1.0,6.0,1.0,2.0,1.0,2.0,7.0,30.0,75.0,0.54,0.0,97.0,2.0,3.0,5.0,1.0,7.01204819277108,0.0,1.0,0.0,3.0,1.0,0.0,3.0,2.0,0.5578422,0.4421578,2
41,29,0.0,0.0,1.0,6.0,1.0,2.0,1.0,2.0,7.0,30.0,75.0,0.54,0.0,97.0,2.0,3.0,18.0,0.0,7.01204819277108,0.0,1.0,0.0,3.0,1.0,0.0,3.0,2.0,0.7704317,0.22956832,2
46,0,5.0,2.0,1.0,1.0,0.0,4.0,3.0,5.0,10.0,21.0,3.0,0.41,12.0,89.0,1.0,3.0,27.0,4.0,4.82692307692308,0.0,1.0,0.0,1.0,0.6,0.0,3.0,2.0,0.89140874,0.10859127,3
46,1,5.0,2.0,1.0,1.0,0.0,4.0,3.0,5.0,10.0,21.0,35.0,0.41,4.0,89.0,1.0,3.0,10.0,4.0,4.82692307692308,0.0,1.0,0.0,5.0,0.9,0.0,3.0,2.0,0.50623477,0.49376523,3
46,2,5.0,2.0,1.0,1.0,0.0,4.0,3.0,5.0,10.0,21.0,17.0,0.41,12.0,89.0,1.0,3.0,32.0,4.0,4.82692307692308,0.0,1.0,0.0,1.0,0.6,0.0,3.0,2.0,0.6220989,0.37790108,4
46,3,5.0,2.0,1.0,1.0,0.0,4.0,3.0,5.0,10.0,21.0,35.0,0.41,14.0,89.0,1.0,3.0,3.0,4.0,4.82692307692308,0.0,1.0,0.0,7.0,0.8,0.0,3.0,2.0,0.515524,0.48447594,4
46,4,5.0,2.0,1.0,1.0,0.0,4.0,3.0,5.0,10.0,21.0,35.0,0.41,0.0,89.0,1.0,3.0,7.0,4.0,4.82692307692308,0.0,1.0,0.0,5.0,0.8,0.0,3.0,2.0,0.59237576,0.40762424,2
46,5,5.0,2.0,1.0,1.0,0.0,4.0,3.0,5.0,10.0,21.0,2.0,0.41,11.0,89.0,1.0,3.0,27.0,4.0,4.82692307692308,0.0,1.0,0.0,5.0,0.7,0.0,3.0,2.0,0.63322645,0.36677355,3
46,6,5.0,2.0,1.0,1.0,0.0,4.0,3.0,5.0,10.0,21.0,15.0,0.41,0.0,89.0,1.0,3.0,27.0,4.0,4.82692307692308,0.0,1.0,0.0,3.0,0.6,0.0,3.0,2.0,0.5117353,0.48826468,2
46,7,5.0,2.0,1.0,1.0,0.0,4.0,3.0,5.0,10.0,21.0,17.0,0.41,12.0,89.0,1.0,3.0,27.0,4.0,4.82692307692308,0.0,1.0,0.0,1.0,0.6,0.0,3.0,2.0,0.6220989,0.37790108,3
46,8,5.0,2.0,1.0,1.0,0.0,4.0,3.0,5.0,10.0,21.0,9.0,0.41,5.0,89.0,1.0,3.0,27.0,4.0,4.82692307692308,0.0,1.0,0.0,1.0,0.6,0.0,3.0,2.0,0.63575613,0.36424387,3
46,9,5.0,2.0,1.0,1.0,0.0,4.0,3.0,5.0,10.0,21.0,10.0,0.41,8.0,89.0,1.0,3.0,27.0,4.0,4.82692307692308,0.0,1.0,0.0,5.0,0.8,0.0,3.0,2.0,0.7346513,0.26534864,3
46,10,5.0,2.0,1.0,1.0,0.0,4.0,3.0,5.0,10.0,21.0,43.0,0.41,0.0,89.0,1.0,3.0,1.0,4.0,4.82692307692308,0.0,1.0,0.0,5.0,0.8,0.0,3.0,2.0,0.71375966,0.2862403,3
46,11,5.0,2.0,1.0,1.0,0.0,4.0,3.0,5.0,10.0,21.0,9.0,0.41,15.0,89.0,1.0,3.0,9.0,4.0,4.82692307692308,0.0,1.0,0.0,2.0,0.6,0.0,3.0,2.0,0.85788184,0.14211814,4
46,12,5.0,2.0,1.0,1.0,0.0,4.0,3.0,5.0,10.0,21.0,11.0,0.41,13.0,89.0,1.0,3.0,27.0,4.0,4.82692307692308,0.0,1.0,0.0,1.0,0.5,0.0,3.0,2.0,0.5988761,0.40112388,4
46,13,5.0,2.0,1.0,1.0,0.0,4.0,3.0,5.0,10.0,21.0,10.0,0.41,0.0,89.0,1.0,3.0,2.0,4.0,4.82692307692308,0.0,1.0,0.0,11.0,0.9,0.0,3.0,2.0,0.5149642,0.48503575,4
46,14,5.0,2.0,1.0,1.0,0.0,4.0,3.0,5.0,10.0,21.0,47.0,0.41,0.0,89.0,1.0,3.0,7.0,4.0,4.82692307692308,0.0,1.0,0.0,5.0,0.8,0.0,3.0,2.0,0.59237576,0.40762424,3
46,15,5.0,2.0,1.0,1.0,0.0,4.0,3.0,5.0,10.0,21.0,35.0,0.41,13.0,89.0,1.0,3.0,5.0,4.0,4.82692307692308,0.0,1.0,0.0,5.0,0.9,0.0,3.0,2.0,0.5520586,0.44794142,3
46,16,5.0,2.0,1.0,1.0,0.0,4.0,3.0,5.0,10.0,21.0,1.0,0.41,0.0,89.0,1.0,3.0,14.0,4.0,4.82692307692308,0.0,1.0,0.0,6.0,0.8,0.0,3.0,2.0,0.5495415,0.45045853,4
46,17,5.0,2.0,1.0,1.0,0.0,4.0,3.0,5.0,10.0,21.0,9.0,0.41,15.0,89.0,1.0,3.0,27.0,4.0,4.82692307692308,0.0,1.0,0.0,2.0,0.6,0.0,3.0,2.0,0.63575613,0.36424387,3
46,18,5.0,2.0,1.0,1.0,0.0,4.0,3.0,5.0,10.0,21.0,15.0,0.41,0.0,89.0,1.0,3.0,27.0,4.0,4.82692307692308,0.0,1.0,0.0,5.0,0.8,0.0,3.0,2.0,0.555529,0.444471,2
46,19,5.0,2.0,1.0,1.0,0.0,4.0,3.0,5.0,10.0,21.0,15.0,0.41,12.0,89.0,1.0,3.0,29.0,4.0,4.82692307692308,0.0,1.0,0.0,2.0,0.6,0.0,3.0,2.0,0.69009453,0.30990547,4
46,20,5.0,2.0,1.0,1.0,0.0,4.0,3.0,5.0,10.0,21.0,35.0,0.41,0.0,89.0,1.0,3.0,3.0,4.0,4.82692307692308,0.0,1.0,0.0,5.0,0.8,0.0,3.0,2.0,0.58113337,0.41886663,2
46,21,5.0,2.0,1.0,1.0,0.0,4.0,3.0,5.0,10.0,21.0,13.0,0.41,10.0,89.0,1.0,3.0,7.0,4.0,4.82692307692308,0.0,1.0,0.0,5.0,0.6,0.0,3.0,2.0,0.65154415,0.34845585,3
46,22,5.0,2.0,1.0,1.0,0.0,4.0,3.0,5.0,10.0,21.0,2.0,0.41,3.0,89.0,1.0,3.0,1.0,4.0,4.82692307692308,0.0,1.0,0.0,5.0,0.6,0.0,3.0,2.0,0.8910872,0.10891284,3
46,23,5.0,2.0,1.0,1.0,0.0,4.0,3.0,5.0,10.0,21.0,42.0,0.41,3.0,89.0,1.0,3.0,1.0,4.0,4.82692307692308,0.0,1.0,0.0,5.0,0.8,0.0,3.0,2.0,0.744442,0.25555804,4
46,24,5.0,2.0,1.0,1.0,0.0,4.0,3.0,5.0,10.0,21.0,9.0,0.41,5.0,89.0,1.0,3.0,27.0,4.0,4.82692307692308,0.0,1.0,0.0,1.0,0.8,0.0,3.0,2.0,0.63822997,0.36177003,4
46,25,5.0,2.0,1.0,1.0,0.0,4.0,3.0,5.0,10.0,21.0,121.0,0.41,4.0,89.0,1.0,3.0,1.0,4.0,4.82692307692308,0.0,1.0,0.0,5.0,1.0,0.0,3.0,2.0,0.58030516,0.41969484,4
46,26,5.0,2.0,1.0,1.0,0.0,4.0,3.0,5.0,10.0,21.0,35.0,0.41,9.0,89.0,1.0,3.0,3.0,4.0,4.82692307692308,0.0,1.0,0.0,5.0,0.9,0.0,3.0,2.0,0.6402197,0.35978034,3
46,27,5.0,2.0,1.0,1.0,0.0,4.0,3.0,5.0,10.0,21.0,35.0,0.41,0.0,89.0,1.0,3.0,10.0,4.0,4.82692307692308,0.0,1.0,0.0,5.0,0.9,0.0,3.0,2.0,0.54224205,0.45775792,2
46,28,5.0,2.0,1.0,1.0,0.0,4.0,3.0,5.0,10.0,21.0,94.0,0.41,0.0,89.0,1.0,3.0,0.0,4.0,4.82692307692308,0.0,1.0,0.0,5.0,1.1,0.0,3.0,2.0,0.7278886,0.2721114,3
46,29,5.0,2.0,1.0,1.0,0.0,4.0,3.0,5.0,10.0,21.0,43.0,0.41,7.0,89.0,1.0,3.0,1.0,4.0,4.82692307692308,0.0,1.0,0.0,5.0,0.8,0.0,3.0,2.0,0.83387774,0.16612226,4
65,0,0.0,0.0,1.0,2.0,0.0,0.0,2.0,1.0,7.0,6.0,16.0,2.0,0.0,86.0,2.0,0.0,27.0,1.0,5.52173913043478,1.0,1.0,0.0,7.0,0.888888888888889,0.0,3.0,1.0,0.8322229,0.1677771,2
65,1,0.0,0.0,1.0,2.0,0.0,0.0,2.0,1.0,7.0,6.0,16.0,11.81,0.0,86.0,2.0,0.0,27.0,1.0,5.52173913043478,1.0,1.0,0.0,9.0,0.888888888888889,0.0,3.0,1.0,0.58425224,0.4157478,1
65,2,0.0,0.0,1.0,2.0,0.0,0.0,2.0,1.0,7.0,6.0,16.0,12.38,0.0,86.0,2.0,0.0,27.0,1.0,48.4,1.0,1.0,0.0,9.0,0.888888888888889,0.0,3.0,1.0,0.5509159,0.4490841,2
65,3,0.0,0.0,1.0,2.0,0.0,0.0,2.0,1.0,7.0,6.0,16.0,7.21,0.0,86.0,2.0,0.0,27.0,1.0,5.52173913043478,1.0,1.0,0.0,20.0,0.888888888888889,0.0,3.0,1.0,0.58425224,0.4157478,2
65,4,0.0,0.0,1.0,2.0,0.0,0.0,2.0,1.0,7.0,6.0,16.0,7.82,0.0,86.0,2.0,0.0,27.0,1.0,5.52173913043478,1.0,1.0,0.0,9.0,0.888888888888889,0.0,3.0,1.0,0.58425224,0.4157478,1
65,5,0.0,0.0,1.0,2.0,0.0,0.0,2.0,1.0,7.0,6.0,16.0,6.81,0.0,86.0,2.0,0.0,27.0,1.0,5.52173913043478,1.0,1.0,0.0,2.0,0.888888888888889,0.0,3.0,1.0,0.84567934,0.15432064,2
65,6,0.0,0.0,1.0,2.0,0.0,0.0,2.0,1.0,7.0,6.0,16.0,2.45,0.0,86.0,2.0,0.0,27.0,1.0,9.5,1.0,1.0,0.0,9.0,0.888888888888889,0.0,3.0,1.0,0.8123849,0.1876151,2
65,7,0.0,0.0,1.0,2.0,0.0,0.0,2.0,1.0,7.0,6.0,16.0,8.44,0.0,86.0,2.0,0.0,27.0,1.0,5.52173913043478,1.0,1.0,0.0,9.0,0.888888888888889,0.0,3.0,1.0,0.58425224,0.4157478,1
65,8,0.0,0.0,1.0,2.0,0.0,0.0,2.0,1.0,7.0,6.0,16.0,5.53,0.0,86.0,2.0,0.0,27.0,1.0,5.52173913043478,1.0,1.0,0.0,1.0,0.888888888888889,0.0,3.0,1.0,0.87494254,0.12505744,2
65,9,0.0,0.0,1.0,2.0,0.0,0.0,2.0,1.0,7.0,6.0,16.0,3.0,0.0,86.0,2.0,0.0,27.0,1.0,5.52173913043478,1.0,1.0,0.0,9.0,0.888888888888889,0.0,3.0,1.0,0.77438235,0.22561768,1
65,10,0.0,0.0,1.0,2.0,0.0,0.0,2.0,1.0,7.0,6.0,16.0,10.13,0.0,86.0,2.0,0.0,27.0,1.0,39.6,1.0,1.0,0.0,9.0,0.888888888888889,0.0,3.0,1.0,0.5509159,0.4490841,2
65,11,0.0,0.0,1.0,2.0,0.0,0.0,2.0,1.0,7.0,6.0,16.0,4.82,0.0,86.0,2.0,0.0,27.0,1.0,5.52173913043478,1.0,1.0,0.0,9.0,0.888888888888889,0.0,3.0,1.0,0.62872124,0.37127873,1
65,12,0.0,0.0,1.0,2.0,0.0,0.0,2.0,1.0,7.0,6.0,16.0,10.17,0.0,86.0,2.0,0.0,27.0,1.0,5.52173913043478,1.0,1.0,0.0,9.0,0.9,0.0,3.0,1.0,0.58425224,0.4157478,2
65,13,0.0,0.0,1.0,2.0,0.0,0.0,2.0,1.0,7.0,6.0,16.0,12.73,0.0,86.0,2.0,0.0,27.0,1.0,5.52173913043478,1.0,1.0,0.0,9.0,0.888888888888889,0.0,3.0,3.0,0.6320646,0.36793545,2
65,14,0.0,0.0,1.0,2.0,0.0,0.0,2.0,1.0,7.0,6.0,16.0,6.82,0.0,86.0,2.0,0.0,27.0,1.0,5.52173913043478,1.0,1.0,0.0,9.0,0.888888888888889,0.0,3.0,1.0,0.58425224,0.4157478,1
65,15,0.0,0.0,1.0,2.0,0.0,0.0,2.0,1.0,7.0,6.0,16.0,10.91,0.0,86.0,2.0,0.0,27.0,1.0,5.52173913043478,1.0,1.0,0.0,9.0,0.888888888888889,0.0,3.0,1.0,0.58425224,0.4157478,1
65,16,0.0,0.0,1.0,2.0,0.0,0.0,2.0,1.0,7.0,6.0,16.0,4.2,0.0,86.0,2.0,0.0,27.0,1.0,5.52173913043478,1.0,1.0,0.0,9.0,0.888888888888889,0.0,3.0,1.0,0.77438235,0.22561768,1
65,17,0.0,0.0,1.0,2.0,0.0,0.0,2.0,1.0,7.0,6.0,16.0,4.57,0.0,86.0,2.0,0.0,27.0,1.0,5.52173913043478,1.0,1.0,0.0,16.0,0.888888888888889,0.0,3.0,1.0,0.62872124,0.37127873,2
65,18,0.0,0.0,1.0,2.0,0.0,0.0,2.0,1.0,7.0,6.0,16.0,6.97,0.0,86.0,2.0,0.0,27.0,1.0,27.2,1.0,1.0,0.0,9.0,0.888888888888889,0.0,3.0,1.0,0.5509159,0.4490841,2
65,19,0.0,0.0,1.0,2.0,0.0,0.0,2.0,1.0,7.0,6.0,16.0,8.74,0.0,86.0,2.0,0.0,27.0,1.0,5.52173913043478,1.0,1.0,0.0,23.0,0.888888888888889,0.0,3.0,1.0,0.58425224,0.4157478,2
65,20,0.0,0.0,1.0,2.0,0.0,0.0,2.0,1.0,7.0,6.0,16.0,0.91,0.0,86.0,2.0,0.0,27.0,1.0,5.52173913043478,1.0,1.0,0.0,2.0,0.888888888888889,0.0,3.0,1.0,0.9576368,0.042363215,2
65,21,0.0,0.0,1.0,2.0,0.0,0.0,2.0,1.0,7.0,6.0,16.0,7.53,0.0,86.0,2.0,0.0,27.0,1.0,5.52173913043478,1.0,1.0,0.0,9.0,0.888888888888889,0.0,3.0,1.0,0.58425224,0.4157478,1
65,22,0.0,0.0,1.0,2.0,0.0,0.0,2.0,1.0,7.0,6.0,16.0,6.54,0.0,86.0,2.0,0.0,27.0,1.0,5.52173913043478,1.0,1.0,0.0,9.0,0.888888888888889,0.0,3.0,1.0,0.58425224,0.4157478,1
65,23,0.0,0.0,1.0,2.0,0.0,0.0,2.0,1.0,7.0,6.0,16.0,5.96,0.0,86.0,2.0,0.0,27.0,1.0,5.52173913043478,1.0,1.0,0.0,9.0,0.888888888888889,0.0,3.0,1.0,0.58425224,0.4157478,1
65,24,0.0,0.0,1.0,2.0,0.0,0.0,2.0,1.0,7.0,6.0,16.0,0.95,0.0,86.0,2.0,0.0,27.0,1.0,3.6,1.0,1.0,0.0,9.0,0.888888888888889,0.0,3.0,1.0,0.813368,0.18663199,2
65,25,0.0,0.0,1.0,2.0,0.0,0.0,2.0,1.0,7.0,6.0,16.0,2.93,0.0,86.0,2.0,0.0,27.0,1.0,11.4,1.0,1.0,0.0,9.0,0.888888888888889,0.0,3.0,1.0,0.7146716,0.28532842,2
65,26,0.0,0.0,1.0,2.0,0.0,0.0,2.0,1.0,7.0,6.0,16.0,8.35,0.0,86.0,2.0,0.0,27.0,1.0,5.52173913043478,1.0,1.0,0.0,9.0,0.888888888888889,0.0,3.0,1.0,0.58425224,0.4157478,1
65,27,0.0,0.0,1.0,2.0,0.0,0.0,2.0,1.0,7.0,6.0,16.0,6.97,0.0,86.0,2.0,0.0,27.0,1.0,5.52173913043478,1.0,1.0,0.0,9.0,0.888888888888889,0.0,3.0,1.0,0.58425224,0.4157478,1
65,28,0.0,0.0,1.0,2.0,0.0,0.0,2.0,1.0,7.0,6.0,16.0,3.77,0.0,86.0,2.0,0.0,27.0,1.0,5.52173913043478,1.0,1.0,0.0,9.0,0.888888888888889,0.0,3.0,3.0,0.8075322,0.19246781,2
65,29,0.0,0.0,1.0,2.0,0.0,0.0,2.0,1.0,7.0,6.0,16.0,7.18,0.0,86.0,2.0,0.0,27.0,1.0,28.1,1.0,1.0,0.0,9.0,0.888888888888889,0.0,3.0,1.0,0.5509159,0.4490841,2
92,0,0.0,0.0,1.0,5.0,0.0,1.0,2.0,5.0,33.0,64.0,143.0,0.29,0.0,98.0,1.0,2.0,63.0,2.0,6.19774011299435,0.0,0.0,0.0,6.0,1.1,0.0,3.0,2.0,0.90215653,0.09784347,3
92,1,1.0,0.0,1.0,5.0,0.0,1.0,2.0,5.0,33.0,64.0,143.0,0.29,0.0,98.0,1.0,2.0,23.0,2.0,6.19774011299435,0.0,0.0,0.0,8.0,1.0,0.0,3.0,0.0,0.80314326,0.19685674,4
92,2,0.0,0.0,1.0,5.0,0.0,1.0,2.0,5.0,33.0,64.0,143.0,0.29,0.0,98.0,1.0,2.0,8.0,2.0,6.19774011299435,0.0,0.0,0.0,3.0,0.818181818181818,0.0,3.0,2.0,0.7383121,0.26168787,3
92,3,1.0,0.0,1.0,5.0,0.0,1.0,2.0,5.0,33.0,64.0,143.0,0.29,0.0,98.0,1.0,2.0,5.0,2.0,6.19774011299435,0.0,0.0,0.0,22.0,0.9,0.0,3.0,0.0,0.5442072,0.45579278,3
92,4,0.0,0.0,1.0,5.0,0.0,1.0,2.0,5.0,33.0,64.0,143.0,0.29,0.0,98.0,1.0,2.0,63.0,2.0,6.19774011299435,0.0,0.0,0.0,22.0,1.0,0.0,3.0,0.0,0.9607794,0.039220568,3
92,5,0.0,0.0,1.0,5.0,0.0,1.0,2.0,5.0,33.0,64.0,143.0,0.29,0.0,98.0,1.0,2.0,33.0,2.0,6.19774011299435,0.0,0.0,0.0,1.0,0.818181818181818,0.0,3.0,2.0,0.65324986,0.34675014,3
92,6,1.0,0.0,1.0,5.0,0.0,1.0,2.0,5.0,33.0,64.0,143.0,0.29,0.0,98.0,1.0,2.0,5.0,2.0,6.19774011299435,0.0,0.0,0.0,22.0,1.1,0.0,3.0,0.0,0.89931816,0.10068185,3
92,7,3.0,0.0,1.0,5.0,0.0,1.0,2.0,5.0,33.0,64.0,143.0,0.29,0.0,98.0,1.0,2.0,63.0,2.0,6.19774011299435,0.0,0.0,0.0,22.0,1.1,0.0,3.0,0.0,0.80314326,0.19685674,3
92,8,5.0,0.0,1.0,5.0,0.0,1.0,2.0,5.0,33.0,64.0,143.0,0.29,0.0,98.0,1.0,2.0,63.0,2.0,6.19774011299435,0.0,0.0,0.0,22.0,1.1,0.0,3.0,0.0,0.72575533,0.27424464,3
92,9,1.0,0.0,1.0,5.0,0.0,1.0,2.0,5.0,33.0,64.0,143.0,0.29,0.0,98.0,1.0,2.0,63.0,2.0,6.19774011299435,0.0,0.0,0.0,2.0,0.9,0.0,3.0,0.0,0.68002987,0.31997013,3
92,10,1.0,0.0,1.0,5.0,0.0,1.0,2.0,5.0,33.0,64.0,143.0,0.29,0.0,98.0,1.0,2.0,48.0,2.0,6.19774011299435,0.0,0.0,0.0,22.0,1.0,0.0,3.0,0.0,0.80314326,0.19685674,3
92,11,15.0,0.0,1.0,5.0,0.0,1.0,2.0,5.0,33.0,64.0,143.0,0.29,0.0,98.0,1.0,2.0,63.0,2.0,6.19774011299435,0.0,0.0,0.0,22.0,1.0,0.0,3.0,0.0,0.72575533,0.27424464,3
92,12,1.0,0.0,1.0,5.0,0.0,1.0,2.0,5.0,33.0,64.0,143.0,0.29,0.0,98.0,1.0,2.0,20.0,2.0,6.19774011299435,0.0,0.0,0.0,1.0,0.818181818181818,0.0,3.0,0.0,0.50278986,0.49721017,3
92,13,1.0,0.0,1.0,5.0,0.0,1.0,2.0,5.0,33.0,64.0,143.0,0.29,0.0,98.0,1.0,2.0,7.0,2.0,6.19774011299435,0.0,0.0,0.0,22.0,1.0,0.0,3.0,0.0,0.8719295,0.12807044,3
92,14,0.0,0.0,1.0,5.0,0.0,1.0,2.0,5.0,33.0,64.0,143.0,0.29,0.0,98.0,1.0,2.0,68.0,2.0,6.19774011299435,0.0,0.0,0.0,22.0,1.1,0.0,3.0,2.0,0.9072825,0.09271756,3
92,15,1.0,0.0,1.0,5.0,0.0,1.0,2.0,5.0,33.0,64.0,143.0,0.29,0.0,98.0,1.0,2.0,63.0,2.0,6.19774011299435,0.0,0.0,0.0,22.0,1.0,0.0,3.0,0.0,0.80314326,0.19685674,2
92,16,0.0,0.0,1.0,5.0,0.0,1.0,2.0,5.0,33.0,64.0,143.0,0.29,0.0,98.0,1.0,2.0,44.0,2.0,6.19774011299435,0.0,0.0,0.0,1.0,0.818181818181818,0.0,3.0,2.0,0.65324986,0.34675014,3
92,17,1.0,0.0,1.0,5.0,0.0,1.0,2.0,5.0,33.0,64.0,143.0,0.29,0.0,98.0,1.0,2.0,1.0,2.0,6.19774011299435,0.0,0.0,0.0,22.0,1.0,0.0,3.0,2.0,0.7545494,0.2454506,2
92,18,1.0,0.0,1.0,5.0,0.0,1.0,2.0,5.0,33.0,64.0,143.0,0.29,0.0,98.0,1.0,2.0,32.0,2.0,6.19774011299435,0.0,0.0,0.0,22.0,1.0,0.0,3.0,0.0,0.80314326,0.19685674,3
92,19,0.0,0.0,1.0,5.0,0.0,1.0,2.0,5.0,33.0,64.0,143.0,0.29,0.0,98.0,1.0,2.0,63.0,2.0,6.19774011299435,0.0,0.0,0.0,1.0,0.818181818181818,0.0,3.0,2.0,0.65324986,0.34675014,2
92,20,14.0,0.0,1.0,5.0,0.0,1.0,2.0,5.0,33.0,64.0,143.0,0.29,0.0,98.0,1.0,2.0,63.0,2.0,6.19774011299435,0.0,0.0,0.0,22.0,1.0,0.0,3.0,0.0,0.72575533,0.27424464,3
92,21,0.0,0.0,1.0,5.0,0.0,1.0,2.0,5.0,33.0,64.0,143.0,0.29,0.0,98.0,1.0,2.0,63.0,2.0,6.19774011299435,0.0,0.0,0.0,22.0,1.1,0.0,3.0,2.0,0.9072825,0.09271756,2
92,22,11.0,0.0,1.0,5.0,0.0,1.0,2.0,5.0,33.0,64.0,143.0,0.29,0.0,98.0,1.0,2.0,28.0,2.0,6.19774011299435,0.0,0.0,0.0,22.0,1.0,0.0,3.0,0.0,0.72575533,0.27424464,4
92,23,0.0,0.0,1.0,5.0,0.0,1.0,2.0,5.0,33.0,64.0,143.0,0.29,0.0,98.0,1.0,2.0,63.0,2.0,6.19774011299435,0.0,0.0,0.0,2.0,0.818181818181818,0.0,3.0,2.0,0.59606063,0.40393934,2
92,24,2.0,0.0,1.0,5.0,0.0,1.0,2.0,5.0,33.0,64.0,143.0,0.29,0.0,98.0,1.0,2.0,63.0,2.0,6.19774011299435,0.0,0.0,0.0,1.0,0.818181818181818,0.0,3.0,0.0,0.50278986,0.49721017,3
92,25,1.0,0.0,1.0,5.0,0.0,1.0,2.0,5.0,33.0,64.0,143.0,0.29,0.0,98.0,1.0,2.0,63.0,2.0,6.19774011299435,0.0,0.0,0.0,8.0,1.0,0.0,3.0,0.0,0.80314326,0.19685674,3
92,26,0.0,0.0,1.0,5.0,0.0,1.0,2.0,5.0,33.0,64.0,143.0,0.29,0.0,98.0,1.0,2.0,63.0,2.0,6.19774011299435,0.0,0.0,0.0,22.0,1.0,0.0,3.0,2.0,0.9072825,0.09271756,2
92,27,1.0,0.0,1.0,5.0,0.0,1.0,2.0,5.0,33.0,64.0,143.0,0.29,0.0,98.0,1.0,2.0,67.0,2.0,6.19774011299435,0.0,0.0,0.0,1.0,0.9,0.0,3.0,0.0,0.7307018,0.26929817,4
92,28,1.0,0.0,1.0,5.0,0.0,1.0,2.0,5.0,33.0,64.0,143.0,0.29,0.0,98.0,1.0,2.0,7.0,2.0,6.19774011299435,0.0,0.0,0.0,5.0,1.0,0.0,3.0,0.0,0.92318016,0.07681984,4
92,29,1.0,0.0,1.0,5.0,0.0,1.0,2.0,5.0,33.0,64.0,143.0,0.29,0.0,98.0,1.0,2.0,26.0,2.0,6.19774011299435,0.0,0.0,0.0,22.0,1.1,0.0,3.0,0.0,0.80314326,0.19685674,3
104,0,0.0,0.0,1.0,1.0,0.0,5.0,1.0,1.0,4.0,2.0,21.0,0.84,14.0,89.0,3.0,0.0,37.0,1.0,3.24,0.0,1.0,0.0,0.0,0.0,0.0,2.0,1.0,0.6276331,0.37236688,2
104,1,0.0,0.0,1.0,1.0,0.0,5.0,1.0,1.0,4.0,2.0,21.0,0.84,0.0,89.0,3.0,0.0,38.0,1.0,3.24,0.0,1.0,0.0,0.0,0.8,0.0,2.0,1.0,0.9590363,0.040963683,2
104,2,0.0,0.0,1.0,1.0,0.0,5.0,1.0,1.0,4.0,2.0,21.0,0.84,7.0,89.0,3.0,0.0,38.0,1.0,3.24,0.0,1.0,0.0,0.0,0.0,0.0,2.0,1.0,0.6276331,0.37236688,2
104,3,0.0,0.0,1.0,1.0,0.0,5.0,1.0,1.0,4.0,2.0,109.0,0.84,8.0,89.0,3.0,0.0,25.0,1.0,3.24,0.0,1.0,0.0,0.0,0.0,0.0,2.0,1.0,0.5522974,0.4477026,2
104,4,0.0,0.0,1.0,1.0,0.0,5.0,1.0,1.0,4.0,2.0,21.0,0.84,6.0,89.0,3.0,0.0,25.0,1.0,3.24,0.0,1.0,0.0,0.0,0.0,0.0,2.0,1.0,0.6276331,0.37236688,1
104,5,0.0,0.0,1.0,1.0,0.0,5.0,1.0,1.0,4.0,2.0,68.0,0.84,0.0,89.0,3.0,0.0,25.0,1.0,3.24,0.0,1.0,0.0,0.0,0.9,0.0,2.0,1.0,0.97129285,0.028707169,2
104,6,0.0,0.0,1.0,1.0,0.0,5.0,1.0,1.0,4.0,2.0,82.0,0.84,5.0,89.0,3.0,0.0,25.0,1.0,3.24,0.0,1.0,0.0,0.0,0.0,0.0,2.0,1.0,0.5522974,0.4477026,2
104,7,0.0,0.0,1.0,1.0,0.0,5.0,1.0,1.0,4.0,2.0,77.0,0.84,0.0,89.0,3.0,0.0,25.0,1.0,3.24,0.0,1.0,0.0,0.0,1.0,0.0,2.0,1.0,0.99318063,0.006819338,2
104,8,0.0,0.0,1.0,1.0,0.0,5.0,1.0,1.0,4.0,2.0,21.0,0.84,2.0,89.0,3.0,0.0,25.0,1.0,3.24,0.0,1.0,0.0,0.0,0.8,0.0,2.0,1.0,0.9464988,0.05350118,2
104,9,0.0,0.0,1.0,1.0,0.0,5.0,1.0,1.0,4.0,2.0,21.0,0.84,0.0,89.0,3.0,0.0,40.0,1.0,3.24,0.0,1.0,0.0,0.0,1.1,0.0,2.0,1.0,0.99391377,0.0060862363,2
104,10,0.0,0.0,1.0,1.0,0.0,5.0,1.0,1.0,4.0,2.0,21.0,0.84,9.0,89.0,3.0,0.0,14.0,1.0,3.24,0.0,1.0,0.0,0.0,0.0,0.0,2.0,1.0,0.6183281,0.38167188,2
104,11,0.0,0.0,1.0,1.0,0.0,5.0,1.0,1.0,4.0,2.0,21.0,0.84,0.0,89.0,3.0,0.0,10.0,1.0,3.24,0.0,1.0,0.0,0.0,0.0,0.0,2.0,1.0,0.61435854,0.38564146,1
104,12,0.0,0.0,1.0,1.0,0.0,5.0,1.0,1.0,4.0,2.0,72.0,0.84,0.0,89.0,3.0,0.0,25.0,1.0,3.24,0.0,1.0,0.0,0.0,0.8,0.0,2.0,1.0,0.92298234,0.077017665,2
104,13,0.0,0.0,1.0,1.0,0.0,5.0,1.0,1.0,4.0,2.0,125.0,0.84,13.0,89.0,3.0,0.0,25.0,1.0,3.24,0.0,1.0,0.0,0.0,0.0,0.0,2.0,1.0,0.5522974,0.4477026,2
104,14,0.0,0.0,1.0,1.0,0.0,5.0,1.0,1.0,4.0,2.0,21.0,0.84,8.0,89.0,3.0,0.0,25.0,1.0,3.24,0.0,1.0,0.0,0.0,0.6,0.0,2.0,1.0,0.78748834,0.21251169,2
104,15,0.0,0.0,1.0,1.0,0.0,5.0,1.0,1.0,4.0,2.0,21.0,0.84,5.0,89.0,3.0,0.0,25.0,1.0,3.24,0.0,1.0,0.0,0.0,0.0,0.0,2.0,1.0,0.6276331,0.37236688,1
104,16,0.0,0.0,1.0,1.0,0.0,5.0,1.0,1.0,4.0,2.0,21.0,0.84,13.0,89.0,3.0,0.0,14.0,1.0,3.24,0.0,1.0,0.0,0.0,0.0,0.0,2.0,1.0,0.6183281,0.38167188,2
104,17,0.0,0.0,1.0,1.0,0.0,5.0,1.0,1.0,4.0,2.0,21.0,0.84,5.0,89.0,3.0,0.0,47.0,1.0,3.24,0.0,1.0,0.0,0.0,0.0,0.0,2.0,1.0,0.6276331,0.37236688,2
104,18,0.0,0.0,1.0,1.0,0.0,5.0,1.0,1.0,4.0,8.0,21.0,0.84,0.0,89.0,3.0,0.0,7.0,1.0,3.24,0.0,1.0,0.0,0.0,0.0,0.0,2.0,1.0,0.74416053,0.25583944,2
104,19,0.0,0.0,1.0,1.0,0.0,5.0,1.0,1.0,4.0,2.0,21.0,0.84,0.0,89.0,3.0,0.0,25.0,1.0,3.24,0.0,1.0,0.0,0.0,0.8,0.0,2.0,1.0,0.9590363,0.040963683,1
104,20,0.0,0.0,1.0,1.0,0.0,5.0,1.0,1.0,4.0,2.0,21.0,0.84,7.0,89.0,3.0,0.0,28.0,1.0,3.24,0.0,1.0,0.0,0.0,0.0,0.0,2.0,1.0,0.6276331,0.37236688,2
104,21,0.0,0.0,1.0,1.0,0.0,5.0,1.0,1.0,4.0,2.0,21.0,0.84,5.0,89.0,3.0,0.0,29.0,1.0,3.24,0.0,1.0,0.0,0.0,0.0,0.0,2.0,1.0,0.6276331,0.37236688,2
104,22,0.0,0.0,1.0,1.0,0.0,5.0,1.0,1.0,4.0,2.0,21.0,0.84,13.0,89.0,3.0,0.0,25.0,1.0,3.24,0.0,1.0,0.0,0.0,0.7,0.0,2.0,1.0,0.872035,0.12796496,2
104,23,0.0,0.0,1.0,1.0,0.0,5.0,1.0,1.0,4.0,68.0,21.0,0.84,0.0,89.0,3.0,0.0,25.0,1.0,3.24,0.0,1.0,0.0,0.0,0.7,0.0,2.0,1.0,0.66908276,0.33091727,2
104,24,0.0,0.0,1.0,1.0,0.0,5.0,1.0,1.0,4.0,2.0,21.0,0.84,12.0,89.0,3.0,0.0,25.0,1.0,3.24,0.0,1.0,0.0,0.0,0.6,0.0,2.0,1.0,0.78748834,0.21251169,2
104,25,0.0,0.0,1.0,1.0,0.0,5.0,1.0,1.0,4.0,29.0,21.0,0.84,13.0,89.0,3.0,0.0,25.0,1.0,3.24,0.0,1.0,0.0,0.0,0.0,0.0,2.0,1.0,0.5389372,0.4610628,2
104,26,0.0,0.0,1.0,1.0,0.0,5.0,1.0,1.0,4.0,2.0,21.0,0.84,4.0,89.0,3.0,0.0,10.0,1.0,3.24,0.0,1.0,0.0,0.0,0.0,0.0,2.0,1.0,0.68772143,0.31227857,2
104,27,0.0,0.0,1.0,1.0,0.0,5.0,1.0,1.0,4.0,2.0,21.0,0.84,0.0,89.0,3.0,0.0,1.0,1.0,3.24,0.0,1.0,0.0,0.0,0.8,0.0,2.0,1.0,0.9766428,0.023357218,2
104,28,0.0,0.0,1.0,1.0,0.0,5.0,1.0,1.0,4.0,2.0,21.0,0.84,15.0,89.0,3.0,0.0,25.0,1.0,3.24,0.0,1.0,0.0,0.0,0.7,0.0,2.0,1.0,0.872035,0.12796496,2
104,29,0.0,0.0,1.0,1.0,0.0,5.0,1.0,1.0,4.0,2.0,21.0,0.84,14.0,89.0,3.0,0.0,17.0,1.0,3.24,0.0,1.0,0.0,0.0,0.0,0.0,2.0,1.0,0.6183281,0.38167188,2
147,0,0.0,0.0,1.0,1.0,0.0,2.0,2.0,1.0,7.0,12.0,20.0,3.85,0.0,83.0,1.0,3.0,27.0,2.0,4.37037037037037,0.0,0.0,0.0,10.0,0.9,0.0,3.0,4.0,0.7163631,0.28363696,2
147,1,0.0,0.0,1.0,1.0,0.0,2.0,2.0,1.0,7.0,12.0,20.0,10.51,0.0,83.0,1.0,3.0,27.0,2.0,4.37037037037037,0.0,0.0,0.0,10.0,0.9,0.0,3.0,1.0,0.58007,0.41992998,1
147,2,0.0,0.0,1.0,1.0,0.0,2.0,2.0,1.0,7.0,12.0,20.0,0.25,0.0,83.0,1.0,3.0,27.0,2.0,46.7,0.0,0.0,0.0,10.0,1.0,0.0,3.0,1.0,0.8858495,0.1141505,2
147,3,0.0,0.0,1.0,1.0,0.0,2.0,2.0,1.0,7.0,12.0,20.0,0.25,0.0,83.0,1.0,3.0,27.0,2.0,1.4,0.0,0.0,0.0,10.0,0.9,0.0,3.0,1.0,0.50193846,0.4980615,1
147,4,0.0,0.0,1.0,1.0,0.0,2.0,2.0,1.0,7.0,12.0,20.0,0.25,0.0,83.0,1.0,3.0,27.0,2.0,4.37037037037037,0.0,0.0,0.0,6.0,0.9,0.0,3.0,0.0,0.7786391,0.22136095,2
147,5,0.0,0.0,1.0,1.0,0.0,2.0,2.0,1.0,7.0,12.0,20.0,12.86,0.0,83.0,1.0,3.0,27.0,2.0,4.37037037037037,0.0,0.0,0.0,10.0,1.1,0.0,3.0,1.0,0.86672664,0.13327335,2
147,6,0.0,0.0,1.0,1.0,0.0,2.0,2.0,1.0,7.0,12.0,20.0,11.05,0.0,83.0,1.0,3.0,27.0,2.0,43.2,0.0,0.0,0.0,10.0,0.9,0.0,3.0,1.0,0.67504966,0.3249503,2
147,7,0.0,0.0,1.0,1.0,0.0,2.0,2.0,1.0,7.0,12.0,20.0,7.37,0.0,83.0,1.0,3.0,27.0,2.0,4.37037037037037,0.0,0.0,0.0,10.0,0.9,0.0,3.0,1.0,0.58007,0.41992998,1
147,8,0.0,0.0,1.0,1.0,0.0,2.0,2.0,1.0,7.0,12.0,20.0,0.25,0.0,83.0,1.0,3.0,27.0,2.0,0.5,0.0,0.0,0.0,9.0,0.9,0.0,3.0,1.0,0.5191126,0.48088744,2
147,9,0.0,0.0,1.0,1.0,0.0,2.0,2.0,1.0,7.0,12.0,20.0,3.03,0.0,83.0,1.0,3.0,27.0,2.0,4.37037037037037,0.0,0.0,0.0,10.0,0.9,0.0,3.0,1.0,0.7398497,0.26015034,1
147,10,0.0,0.0,1.0,1.0,0.0,2.0,2.0,1.0,7.0,12.0,20.0,9.35,0.0,83.0,1.0,3.0,27.0,2.0,36.6,0.0,0.0,0.0,10.0,0.9,0.0,3.0,1.0,0.67504966,0.3249503,2
147,11,0.0,0.0,1.0,1.0,0.0,2.0,2.0,1.0,7.0,12.0,20.0,9.9,0.0,83.0,1.0,3.0,27.0,2.0,4.37037037037037,0.0,0.0,0.0,10.0,0.9,0.0,3.0,1.0,0.58007,0.41992998,1
147,12,0.0,0.0,1.0,1.0,0.0,2.0,2.0,1.0,7.0,12.0,20.0,10.72,0.0,83.0,1.0,3.0,27.0,2.0,41.9,0.0,0.0,0.0,10.0,0.9,0.0,3.0,1.0,0.67504966,0.3249503,2
147,13,0.0,0.0,1.0,1.0,0.0,2.0,2.0,1.0,7.0,12.0,20.0,10.72,0.0,83.0,1.0,3.0,27.0,2.0,4.37037037037037,0.0,0.0,0.0,10.0,0.9,0.0,3.0,1.0,0.58007,0.41992998,1
147,14,0.0,0.0,1.0,1.0,0.0,2.0,2.0,1.0,7.0,12.0,20.0,3.9,0.0,83.0,1.0,3.0,27.0,2.0,4.37037037037037,0.0,0.0,0.0,10.0,0.9,0.0,3.0,1.0,0.7398497,0.26015034,1
147,15,0.0,0.0,1.0,1.0,0.0,2.0,2.0,1.0,7.0,12.0,20.0,9.2,0.0,83.0,1.0,3.0,27.0,2.0,4.37037037037037,0.0,0.0,0.0,10.0,0.9,0.0,3.0,1.0,0.58007,0.41992998,1
147,16,0.0,0.0,1.0,1.0,0.0,2.0,2.0,1.0,7.0,12.0,20.0,10.56,0.0,83.0,1.0,3.0,27.0,2.0,4.37037037037037,0.0,0.0,0.0,10.0,0.9,0.0,3.0,1.0,0.58007,0.41992998,1
147,17,0.0,0.0,1.0,1.0,0.0,2.0,2.0,1.0,7.0,12.0,20.0,12.87,0.0,83.0,1.0,3.0,27.0,2.0,4.37037037037037,0.0,0.0,0.0,10.0,0.9,0.0,3.0,2.0,0.5509143,0.44908574,2
147,18,0.0,0.0,1.0,1.0,0.0,2.0,2.0,1.0,7.0,12.0,20.0,3.09,0.0,83.0,1.0,3.0,27.0,2.0,12.0,0.0,0.0,0.0,10.0,0.9,0.0,3.0,1.0,0.8104966,0.18950336,2
147,19,0.0,0.0,1.0,1.0,0.0,2.0,2.0,1.0,7.0,12.0,20.0,8.5,0.0,83.0,1.0,3.0,27.0,2.0,4.37037037037037,0.0,0.0,0.0,10.0,0.9,0.0,3.0,2.0,0.5509143,0.44908574,2
147,20,0.0,0.0,1.0,1.0,0.0,2.0,2.0,1.0,7.0,12.0,20.0,6.04,0.0,83.0,1.0,3.0,27.0,2.0,4.37037037037037,0.0,0.0,0.0,10.0,0.9,0.0,3.0,1.0,0.58007,0.41992998,1
147,21,0.0,0.0,1.0,1.0,0.0,2.0,2.0,1.0,7.0,12.0,20.0,12.11,0.0,83.0,1.0,3.0,27.0,2.0,4.37037037037037,0.0,0.0,0.0,3.0,0.9,0.0,3.0,1.0,0.86388886,0.13611116,2
147,22,0.0,0.0,1.0,1.0,0.0,2.0,2.0,1.0,7.0,12.0,20.0,9.36,0.0,83.0,1.0,3.0,27.0,2.0,4.37037037037037,0.0,0.0,0.0,10.0,0.9,0.0,3.0,1.0,0.58007,0.41992998,1
147,23,0.0,0.0,1.0,1.0,0.0,2.0,2.0,1.0,7.0,12.0,20.0,1.8,0.0,83.0,1.0,3.0,27.0,2.0,4.37037037037037,0.0,0.0,0.0,10.0,0.9,0.0,3.0,1.0,0.6183785,0.38162145,1
147,24,0.0,0.0,1.0,1.0,0.0,2.0,2.0,1.0,7.0,12.0,20.0,0.25,0.0,83.0,1.0,3.0,27.0,2.0,4.37037037037037,0.0,0.0,0.0,2.0,0.9,0.0,3.0,4.0,0.558747,0.441253,2
147,25,0.0,0.0,1.0,1.0,0.0,2.0,2.0,1.0,7.0,12.0,20.0,0.25,0.0,83.0,1.0,3.0,27.0,2.0,3.4,0.0,0.0,0.0,10.0,0.9,0.0,3.0,0.0,0.8249396,0.17506039,2
147,26,0.0,0.0,1.0,1.0,0.0,2.0,2.0,1.0,7.0,12.0,20.0,3.29,0.0,83.0,1.0,3.0,27.0,2.0,4.37037037037037,0.0,0.0,0.0,10.0,0.9,0.0,3.0,1.0,0.7398497,0.26015034,1
147,27,0.0,0.0,1.0,1.0,0.0,2.0,2.0,1.0,7.0,12.0,20.0,0.25,0.0,83.0,1.0,3.0,27.0,2.0,24.2,0.0,0.0,0.0,10.0,0.9,0.0,3.0,0.0,0.85768557,0.14231445,2
147,28,0.0,0.0,1.0,1.0,0.0,2.0,2.0,1.0,7.0,12.0,20.0,5.26,0.0,83.0,1.0,3.0,27.0,2.0,4.37037037037037,0.0,0.0,0.0,9.0,0.9,0.0,3.0,1.0,0.58007,0.41992998,2
147,29,0.0,0.0,1.0,1.0,0.0,2.0,2.0,1.0,7.0,12.0,20.0,4.27,0.0,83.0,1.0,3.0,27.0,2.0,16.6,0.0,0.0,0.0,10.0,0.9,0.0,3.0,1.0,0.8104966,0.18950336,2
148,0,1.0,0.0,1.0,1.0,1.0,0.0,1.0,1.0,1.0,7.0,21.0,10.48,0.0,85.0,1.0,2.0,13.0,2.0,2.95652173913043,13.0,0.0,0.0,5.0,0.8,0.0,3.0,1.0,0.5240234,0.47597662,2
148,1,1.0,0.0,1.0,1.0,1.0,0.0,1.0,1.0,1.0,7.0,21.0,3.9,0.0,85.0,1.0,2.0,13.0,2.0,2.95652173913043,33.0,0.0,0.0,5.0,0.8,0.0,3.0,1.0,0.66268015,0.33731982,2
148,2,1.0,0.0,1.0,1.0,1.0,0.0,1.0,1.0,1.0,7.0,21.0,0.11,0.0,85.0,1.0,2.0,13.0,2.0,2.95652173913043,26.0,0.0,0.0,5.0,0.8,0.0,2.0,1.0,0.53789645,0.46210355,2
148,3,1.0,0.0,1.0,1.0,1.0,0.0,1.0,1.0,1.0,7.0,21.0,8.9,0.0,85.0,1.0,2.0,13.0,2.0,2.95652173913043,12.0,0.0,0.0,5.0,0.8,0.0,3.0,1.0,0.5240234,0.47597662,2
148,4,1.0,0.0,1.0,1.0,1.0,0.0,1.0,1.0,1.0,7.0,21.0,11.18,0.0,85.0,1.0,2.0,13.0,2.0,2.95652173913043,0.0,0.0,0.0,5.0,1.0,0.0,3.0,1.0,0.8088695,0.19113055,2
148,5,1.0,0.0,1.0,1.0,1.0,0.0,1.0,1.0,1.0,7.0,21.0,0.11,0.0,85.0,1.0,2.0,13.0,2.0,2.95652173913043,12.0,0.0,0.0,5.0,0.8,0.0,1.0,1.0,0.66049516,0.33950484,2
148,6,1.0,0.0,1.0,1.0,1.0,0.0,1.0,1.0,1.0,7.0,21.0,2.71,0.0,85.0,1.0,2.0,13.0,2.0,2.95652173913043,0.0,0.0,0.0,5.0,0.8,0.0,5.0,1.0,0.5475179,0.45248213,2
148,7,1.0,0.0,1.0,1.0,1.0,0.0,1.0,1.0,1.0,7.0,21.0,10.56,0.0,85.0,1.0,2.0,13.0,2.0,2.95652173913043,29.0,0.0,0.0,5.0,0.8,0.0,3.0,1.0,0.5240234,0.47597662,2
148,8,1.0,0.0,1.0,1.0,1.0,0.0,1.0,1.0,1.0,7.0,21.0,2.45,0.0,85.0,1.0,2.0,13.0,2.0,2.95652173913043,0.0,0.0,0.0,5.0,0.8,0.0,3.0,1.0,0.52382237,0.47617763,1
148,9,1.0,0.0,1.0,1.0,1.0,0.0,1.0,1.0,1.0,7.0,21.0,6.82,0.0,85.0,1.0,2.0,13.0,2.0,2.95652173913043,28.0,0.0,0.0,5.0,0.8,0.0,3.0,1.0,0.5240234,0.47597662,2
148,10,1.0,0.0,1.0,1.0,1.0,0.0,1.0,1.0,1.0,7.0,21.0,3.98,0.0,85.0,1.0,2.0,13.0,2.0,2.95652173913043,32.0,0.0,0.0,5.0,0.8,0.0,3.0,1.0,0.66268015,0.33731982,2
148,11,1.0,0.0,1.0,1.0,1.0,0.0,1.0,1.0,1.0,7.0,21.0,11.39,0.0,85.0,1.0,2.0,13.0,2.0,2.95652173913043,0.0,0.0,0.0,5.0,1.0,0.0,3.0,1.0,0.8088695,0.19113055,2
148,12,1.0,0.0,1.0,1.0,1.0,0.0,1.0,1.0,1.0,7.0,21.0,12.87,0.0,85.0,1.0,2.0,13.0,2.0,2.95652173913043,35.0,0.0,0.0,5.0,0.8,0.0,3.0,1.0,0.5240234,0.47597662,2
148,13,1.0,0.0,1.0,1.0,1.0,0.0,1.0,1.0,1.0,7.0,21.0,0.8,0.0,85.0,1.0,2.0,13.0,2.0,2.95652173913043,29.0,0.0,0.0,5.0,0.8,0.0,3.0,1.0,0.8328825,0.16711745,2
148,14,1.0,0.0,1.0,1.0,1.0,0.0,1.0,1.0,1.0,7.0,21.0,0.11,0.0,85.0,1.0,2.0,13.0,2.0,2.95652173913043,8.0,0.0,0.0,5.0,0.8,0.0,1.0,1.0,0.66049516,0.33950484,2
148,15,1.0,0.0,1.0,1.0,1.0,0.0,1.0,1.0,1.0,7.0,21.0,1.33,0.0,85.0,1.0,2.0,13.0,2.0,2.95652173913043,35.0,0.0,0.0,5.0,0.8,0.0,3.0,1.0,0.56417817,0.43582183,2
148,16,1.0,0.0,1.0,1.0,1.0,0.0,1.0,1.0,1.0,7.0,21.0,12.29,0.0,85.0,1.0,2.0,13.0,2.0,2.95652173913043,0.0,0.0,0.0,5.0,1.0,0.0,3.0,1.0,0.8088695,0.19113055,2
148,17,1.0,0.0,1.0,1.0,1.0,0.0,1.0,1.0,1.0,7.0,21.0,11.13,0.0,85.0,1.0,2.0,13.0,2.0,2.95652173913043,9.0,0.0,0.0,5.0,0.8,0.0,3.0,1.0,0.5240234,0.47597662,2
148,18,1.0,0.0,1.0,1.0,1.0,0.0,1.0,1.0,1.0,7.0,21.0,2.79,0.0,85.0,1.0,2.0,13.0,2.0,2.95652173913043,0.0,0.0,0.0,5.0,0.8,0.0,3.0,1.0,0.50561404,0.494386,1
148,19,1.0,0.0,1.0,1.0,1.0,0.0,1.0,1.0,1.0,7.0,21.0,0.11,0.0,85.0,1.0,2.0,13.0,2.0,2.95652173913043,36.0,0.0,0.0,5.0,1.1,0.0,3.0,1.0,0.89408904,0.10591098,2
148,20,1.0,0.0,1.0,1.0,1.0,0.0,1.0,1.0,1.0,7.0,21.0,10.9,0.0,85.0,1.0,2.0,13.0,2.0,2.95652173913043,30.0,0.0,0.0,5.0,0.8,0.0,3.0,1.0,0.5240234,0.47597662,2
148,21,1.0,0.0,1.0,1.0,1.0,0.0,1.0,1.0,1.0,7.0,21.0,0.11,0.0,85.0,1.0,2.0,13.0,2.0,2.95652173913043,33.0,0.0,0.0,5.0,0.8,0.0,1.0,1.0,0.66049516,0.33950484,2
148,22,1.0,0.0,1.0,1.0,1.0,0.0,1.0,1.0,1.0,7.0,21.0,5.33,0.0,85.0,1.0,2.0,13.0,2.0,2.95652173913043,29.0,0.0,0.0,5.0,0.8,0.0,3.0,1.0,0.5240234,0.47597662,2
148,23,1.0,0.0,1.0,1.0,1.0,0.0,1.0,1.0,1.0,7.0,21.0,3.47,0.0,85.0,1.0,2.0,13.0,2.0,2.95652173913043,22.0,0.0,0.0,5.0,0.8,0.0,3.0,1.0,0.66268015,0.33731982,2
148,24,1.0,0.0,1.0,1.0,1.0,0.0,1.0,1.0,1.0,7.0,21.0,5.64,0.0,85.0,1.0,2.0,13.0,2.0,2.95652173913043,38.0,0.0,0.0,5.0,0.8,0.0,3.0,1.0,0.5240234,0.47597662,2
148,25,1.0,0.0,1.0,1.0,1.0,0.0,1.0,1.0,1.0,7.0,21.0,0.11,0.0,85.0,1.0,2.0,13.0,2.0,2.95652173913043,34.0,0.0,0.0,5.0,1.1,0.0,3.0,1.0,0.89408904,0.10591098,2
148,26,1.0,0.0,1.0,1.0,1.0,0.0,1.0,1.0,1.0,7.0,21.0,6.52,0.0,85.0,1.0,2.0,13.0,2.0,2.95652173913043,14.0,0.0,0.0,5.0,0.8,0.0,3.0,1.0,0.5240234,0.47597662,2
148,27,1.0,0.0,1.0,1.0,1.0,0.0,1.0,1.0,1.0,7.0,21.0,8.29,0.0,85.0,1.0,2.0,13.0,2.0,2.95652173913043,40.0,0.0,0.0,5.0,0.8,0.0,3.0,1.0,0.5240234,0.47597662,2
148,28,1.0,0.0,1.0,1.0,1.0,0.0,1.0,1.0,1.0,7.0,21.0,12.06,0.0,85.0,1.0,2.0,13.0,2.0,2.95652173913043,1.0,0.0,0.0,5.0,0.8,0.0,3.0,1.0,0.552359,0.44764102,2
148,29,1.0,0.0,1.0,1.0,1.0,0.0,1.0,1.0,1.0,7.0,21.0,0.11,0.0,85.0,1.0,2.0,13.0,2.0,2.95652173913043,18.0,0.0,0.0,5.0,1.0,0.0,3.0,1.0,0.89408904,0.10591098,2
1762,0,2.0,1.0,1.0,1.0,0.0,0.0,2.0,3.0,3.0,7.0,5.0,1.9,0.0,73.0,2.0,2.0,11.0,2.0,3.18181818181818,11.0,1.0,0.0,4.0,0.75,0.0,1.0,1.0,0.92998,0.07002001,2
1762,1,2.0,1.0,1.0,1.0,0.0,0.0,2.0,3.0,3.0,7.0,5.0,6.86,0.0,73.0,2.0,2.0,11.0,2.0,3.18181818181818,0.0,1.0,0.0,4.0,0.7,0.0,1.0,1.0,0.5154884,0.48451164,2
1762,2,2.0,1.0,1.0,1.0,0.0,0.0,2.0,3.0,3.0,7.0,5.0,2.71,0.0,73.0,2.0,2.0,11.0,2.0,3.18181818181818,0.0,1.0,0.0,4.0,0.75,0.0,1.0,1.0,0.69011456,0.30988544,1
1762,3,2.0,1.0,1.0,1.0,0.0,0.0,2.0,3.0,3.0,7.0,5.0,8.31,0.0,73.0,2.0,2.0,11.0,2.0,3.18181818181818,14.0,1.0,0.0,4.0,0.75,0.0,1.0,1.0,0.90716964,0.09283035,2
1762,4,2.0,1.0,1.0,1.0,0.0,0.0,2.0,3.0,3.0,7.0,5.0,4.33,0.0,73.0,2.0,2.0,11.0,2.0,3.18181818181818,0.0,1.0,0.0,4.0,0.75,0.0,1.0,1.0,0.72707146,0.27292854,1
1762,5,2.0,1.0,1.0,1.0,0.0,0.0,2.0,3.0,3.0,7.0,5.0,0.25,4.0,73.0,2.0,2.0,11.0,2.0,3.18181818181818,0.0,1.0,0.0,3.0,0.75,0.0,1.0,1.0,0.845758,0.15424196,2
1762,6,2.0,1.0,1.0,1.0,0.0,0.0,2.0,3.0,3.0,7.0,5.0,9.65,0.0,73.0,2.0,2.0,11.0,2.0,3.18181818181818,16.0,1.0,0.0,4.0,0.75,0.0,1.0,1.0,0.90716964,0.09283035,2
1762,7,2.0,1.0,1.0,1.0,0.0,0.0,2.0,3.0,3.0,7.0,5.0,10.32,0.0,73.0,2.0,2.0,11.0,2.0,3.18181818181818,11.0,1.0,0.0,4.0,0.75,0.0,1.0,1.0,0.90716964,0.09283035,2
1762,8,2.0,1.0,1.0,1.0,0.0,0.0,2.0,3.0,3.0,7.0,5.0,10.49,0.0,73.0,2.0,2.0,11.0,2.0,3.18181818181818,0.0,1.0,0.0,4.0,0.75,0.0,1.0,1.0,0.5640678,0.43593222,1
1762,9,2.0,1.0,1.0,1.0,0.0,0.0,2.0,3.0,3.0,7.0,5.0,0.25,12.0,73.0,2.0,2.0,11.0,2.0,3.18181818181818,26.0,1.0,0.0,4.0,0.75,0.0,1.0,1.0,0.9764889,0.023511129,2
1762,10,2.0,1.0,1.0,1.0,0.0,0.0,2.0,3.0,3.0,7.0,5.0,7.83,0.0,73.0,2.0,2.0,11.0,2.0,3.18181818181818,15.0,1.0,0.0,4.0,0.75,0.0,1.0,1.0,0.90716964,0.09283035,2
1762,11,2.0,1.0,1.0,1.0,0.0,0.0,2.0,3.0,3.0,7.0,5.0,9.13,0.0,73.0,2.0,2.0,11.0,2.0,3.18181818181818,0.0,1.0,0.0,4.0,0.75,0.0,1.0,1.0,0.5640678,0.43593222,1
1762,12,2.0,1.0,1.0,1.0,0.0,0.0,2.0,3.0,3.0,7.0,5.0,9.82,0.0,73.0,2.0,2.0,11.0,2.0,3.18181818181818,0.0,1.0,0.0,4.0,0.9,0.0,1.0,1.0,0.7426084,0.25739154,2
1762,13,2.0,1.0,1.0,1.0,0.0,0.0,2.0,3.0,3.0,7.0,5.0,0.25,0.0,73.0,2.0,2.0,11.0,2.0,3.18181818181818,0.0,1.0,0.0,4.0,1.1,0.0,1.0,1.0,0.92439187,0.075608164,1
1762,14,2.0,1.0,1.0,1.0,0.0,0.0,2.0,3.0,3.0,7.0,5.0,10.38,0.0,73.0,2.0,2.0,11.0,2.0,3.18181818181818,0.0,1.0,0.0,2.0,0.75,0.0,1.0,1.0,0.746469,0.25353095,2
1762,15,2.0,1.0,1.0,1.0,0.0,0.0,2.0,3.0,3.0,7.0,5.0,9.7,0.0,73.0,2.0,2.0,11.0,2.0,3.18181818181818,0.0,1.0,0.0,4.0,0.75,0.0,1.0,1.0,0.5640678,0.43593222,1
1762,16,2.0,1.0,1.0,1.0,0.0,0.0,2.0,3.0,3.0,7.0,5.0,0.25,0.0,73.0,2.0,2.0,11.0,2.0,3.18181818181818,28.0,1.0,0.0,4.0,0.9,0.0,1.0,1.0,0.7109262,0.2890738,2
1762,17,2.0,1.0,1.0,1.0,0.0,0.0,2.0,3.0,3.0,7.0,5.0,0.25,13.0,73.0,2.0,2.0,11.0,2.0,3.18181818181818,0.0,1.0,0.0,4.0,0.8,0.0,1.0,1.0,0.73759496,0.26240504,2
1762,18,2.0,1.0,1.0,1.0,0.0,0.0,2.0,3.0,3.0,7.0,5.0,1.54,0.0,73.0,2.0,2.0,11.0,2.0,3.18181818181818,0.0,1.0,0.0,4.0,0.75,0.0,1.0,1.0,0.61867225,0.38132775,1
1762,19,2.0,1.0,1.0,1.0,0.0,0.0,2.0,3.0,3.0,7.0,5.0,0.25,0.0,73.0,2.0,2.0,11.0,2.0,3.18181818181818,3.0,1.0,0.0,4.0,0.75,0.0,1.0,1.0,0.7846258,0.21537416,1
1762,20,2.0,1.0,1.0,1.0,0.0,0.0,2.0,3.0,3.0,7.0,5.0,13.03,0.0,73.0,2.0,2.0,11.0,2.0,3.18181818181818,8.0,1.0,0.0,4.0,0.75,0.0,1.0,1.0,0.90716964,0.09283035,2
1762,21,2.0,1.0,1.0,1.0,0.0,0.0,2.0,3.0,3.0,7.0,5.0,0.1,0.0,73.0,2.0,2.0,11.0,2.0,3.18181818181818,15.0,1.0,0.0,4.0,0.75,0.0,1.0,1.0,0.86634994,0.1336501,2
1762,22,2.0,1.0,1.0,1.0,0.0,0.0,2.0,3.0,3.0,7.0,5.0,1.52,0.0,73.0,2.0,2.0,11.0,2.0,3.18181818181818,0.0,1.0,0.0,4.0,0.75,0.0,1.0,1.0,0.61867225,0.38132775,1
1762,23,2.0,1.0,1.0,1.0,0.0,0.0,2.0,3.0,3.0,7.0,5.0,9.86,2.0,73.0,2.0,2.0,11.0,2.0,3.18181818181818,0.0,1.0,0.0,4.0,0.75,0.0,1.0,1.0,0.70519036,0.29480964,2
1762,24,2.0,1.0,1.0,1.0,0.0,0.0,2.0,3.0,3.0,7.0,5.0,3.45,0.0,73.0,2.0,2.0,11.0,2.0,3.18181818181818,27.0,1.0,0.0,4.0,0.75,0.0,1.0,1.0,0.94576406,0.054235958,2
1762,25,2.0,1.0,1.0,1.0,0.0,0.0,2.0,3.0,3.0,7.0,5.0,0.25,15.0,73.0,2.0,2.0,11.0,2.0,3.18181818181818,0.0,1.0,0.0,4.0,0.75,0.0,1.0,1.0,0.82650566,0.17349437,1
1762,26,2.0,1.0,1.0,1.0,0.0,0.0,2.0,3.0,3.0,7.0,5.0,4.18,0.0,73.0,2.0,2.0,11.0,2.0,3.18181818181818,0.0,1.0,0.0,4.0,0.75,0.0,1.0,1.0,0.72707146,0.27292854,1
1762,27,2.0,1.0,1.0,1.0,0.0,0.0,2.0,3.0,3.0,7.0,5.0,0.25,0.0,73.0,2.0,2.0,11.0,2.0,3.18181818181818,22.0,1.0,0.0,4.0,0.6,0.0,1.0,1.0,0.7682787,0.23172125,2
1762,28,2.0,1.0,1.0,1.0,0.0,0.0,2.0,3.0,3.0,7.0,5.0,9.63,10.0,73.0,2.0,2.0,11.0,2.0,3.18181818181818,0.0,1.0,0.0,4.0,0.75,0.0,1.0,1.0,0.87420404,0.12579593,2
1762,29,2.0,1.0,1.0,1.0,0.0,0.0,2.0,3.0,3.0,7.0,5.0,9.08,0.0,73.0,2.0,2.0,11.0,2.0,3.18181818181818,0.0,1.0,0.0,4.0,0.75,0.0,1.0,1.0,0.5640678,0.43593222,1
154,0,0.0,0.0,2.0,2.0,0.0,1.0,3.0,1.0,6.0,11.0,21.0,0.22,0.0,87.0,2.0,0.0,13.0,2.0,3.22222222222222,7.0,1.0,0.0,6.0,1.1,0.0,2.0,0.0,0.9629472,0.03705279,2
154,1,0.0,0.0,2.0,2.0,0.0,1.0,3.0,1.0,6.0,11.0,21.0,0.22,7.0,87.0,2.0,0.0,13.0,2.0,3.22222222222222,0.0,1.0,0.0,6.0,0.9,0.0,2.0,0.0,0.7503741,0.24962589,2
154,2,0.0,0.0,2.0,2.0,0.0,1.0,3.0,1.0,6.0,11.0,21.0,0.22,0.0,77.0,2.0,0.0,13.0,2.0,3.22222222222222,0.0,1.0,0.0,6.0,0.9,0.0,2.0,0.0,0.61432576,0.38567424,2
154,3,0.0,0.0,2.0,2.0,0.0,1.0,3.0,1.0,6.0,11.0,21.0,0.22,0.0,87.0,2.0,0.0,13.0,2.0,3.22222222222222,25.0,1.0,0.0,6.0,0.9,0.0,2.0,0.0,0.72869694,0.2713031,2
154,4,0.0,0.0,2.0,2.0,0.0,1.0,3.0,1.0,6.0,11.0,21.0,0.22,0.0,87.0,2.0,0.0,13.0,2.0,3.22222222222222,0.0,1.0,0.0,2.0,0.9,0.0,2.0,0.0,0.5217148,0.47828516,2
154,5,0.0,0.0,2.0,2.0,0.0,1.0,3.0,1.0,6.0,11.0,21.0,0.22,0.0,87.0,2.0,0.0,13.0,2.0,3.22222222222222,0.0,1.0,0.0,14.0,1.0,0.0,2.0,0.0,0.87243724,0.12756276,2
154,6,0.0,0.0,2.0,2.0,0.0,1.0,3.0,1.0,6.0,11.0,21.0,0.22,0.0,87.0,2.0,0.0,13.0,2.0,3.22222222222222,6.0,1.0,0.0,6.0,0.9,0.0,2.0,0.0,0.72869694,0.2713031,2
154,7,0.0,0.0,2.0,2.0,0.0,1.0,3.0,1.0,6.0,11.0,21.0,0.22,0.0,87.0,2.0,0.0,13.0,2.0,3.22222222222222,0.0,1.0,0.0,19.0,1.0,0.0,2.0,0.0,0.87243724,0.12756276,2
154,8,0.0,0.0,2.0,2.0,0.0,1.0,3.0,1.0,6.0,11.0,21.0,0.22,1.0,87.0,2.0,0.0,13.0,2.0,3.22222222222222,0.0,1.0,0.0,6.0,1.0,0.0,2.0,0.0,0.91835153,0.081648484,2
154,9,0.0,0.0,2.0,2.0,0.0,1.0,3.0,1.0,6.0,11.0,21.0,0.22,9.0,87.0,2.0,0.0,13.0,2.0,3.22222222222222,0.0,1.0,0.0,6.0,0.9,0.0,2.0,0.0,0.7503741,0.24962589,2
154,10,0.0,0.0,2.0,2.0,0.0,1.0,3.0,1.0,6.0,11.0,21.0,0.22,5.0,87.0,2.0,0.0,13.0,2.0,3.22222222222222,0.0,1.0,0.0,6.0,1.0,0.0,2.0,0.0,0.95365417,0.046345834,2
154,11,0.0,0.0,2.0,2.0,0.0,1.0,3.0,1.0,6.0,11.0,21.0,0.22,0.0,91.0,2.0,0.0,13.0,2.0,3.22222222222222,0.0,1.0,0.0,6.0,1.0,0.0,2.0,0.0,0.88127756,0.11872243,2
154,12,0.0,0.0,2.0,2.0,0.0,1.0,3.0,1.0,6.0,11.0,21.0,0.22,7.0,87.0,2.0,0.0,13.0,2.0,3.22222222222222,0.0,1.0,0.0,6.0,1.0,0.0,2.0,0.0,0.95365417,0.046345834,2
154,13,0.0,0.0,2.0,2.0,0.0,1.0,3.0,1.0,6.0,11.0,21.0,0.22,6.0,87.0,2.0,0.0,13.0,2.0,3.22222222222222,0.0,1.0,0.0,6.0,0.9,0.0,2.0,0.0,0.7503741,0.24962589,2
154,14,0.0,0.0,2.0,2.0,0.0,1.0,3.0,1.0,6.0,11.0,21.0,0.22,2.0,87.0,2.0,0.0,13.0,2.0,3.22222222222222,0.0,1.0,0.0,6.0,1.0,0.0,2.0,0.0,0.9078846,0.09211537,2
154,15,0.0,0.0,2.0,2.0,0.0,1.0,3.0,1.0,6.0,11.0,21.0,0.22,6.0,87.0,2.0,0.0,13.0,2.0,3.22222222222222,0.0,1.0,0.0,6.0,1.0,0.0,2.0,0.0,0.95365417,0.046345834,2
154,16,0.0,0.0,2.0,2.0,0.0,1.0,3.0,1.0,6.0,11.0,21.0,0.22,0.0,87.0,2.0,0.0,13.0,2.0,3.22222222222222,1.0,1.0,0.0,6.0,1.0,0.0,2.0,0.0,0.9625111,0.037488904,2
154,17,0.0,0.0,2.0,2.0,0.0,1.0,3.0,1.0,6.0,11.0,21.0,0.22,7.0,87.0,2.0,0.0,13.0,2.0,3.22222222222222,0.0,1.0,0.0,6.0,1.1,0.0,2.0,0.0,0.95365417,0.046345834,2
154,18,0.0,0.0,2.0,2.0,0.0,1.0,3.0,1.0,6.0,11.0,21.0,0.22,0.0,32.0,2.0,0.0,13.0,2.0,3.22222222222222,0.0,1.0,0.0,6.0,1.0,0.0,2.0,0.0,0.8958204,0.10417963,2
154,19,0.0,0.0,2.0,2.0,0.0,1.0,3.0,1.0,6.0,11.0,21.0,0.22,0.0,83.0,2.0,0.0,13.0,2.0,3.22222222222222,0.0,1.0,0.0,6.0,0.9,0.0,2.0,0.0,0.7111228,0.2888772,2
154,20,0.0,0.0,2.0,2.0,0.0,1.0,3.0,1.0,6.0,11.0,21.0,0.22,0.0,87.0,2.0,0.0,13.0,2.0,3.22222222222222,0.0,1.0,0.0,6.0,0.9,0.0,2.0,0.0,0.5351909,0.46480912,1
154,21,0.0,0.0,2.0,2.0,0.0,1.0,3.0,1.0,6.0,11.0,21.0,0.22,0.0,87.0,2.0,0.0,13.0,2.0,3.22222222222222,0.0,1.0,0.0,9.0,1.0,0.0,2.0,0.0,0.87243724,0.12756276,2
154,22,0.0,0.0,2.0,2.0,0.0,1.0,3.0,1.0,6.0,11.0,21.0,0.22,0.0,87.0,2.0,0.0,13.0,2.0,3.22222222222222,28.0,1.0,0.0,6.0,1.1,0.0,2.0,0.0,0.9629472,0.03705279,2
154,23,0.0,0.0,2.0,2.0,0.0,1.0,3.0,1.0,6.0,11.0,21.0,0.22,0.0,87.0,2.0,0.0,13.0,2.0,3.22222222222222,0.0,1.0,0.0,5.0,1.1,0.0,2.0,0.0,0.8999733,0.10002671,2
154,24,0.0,0.0,2.0,2.0,0.0,1.0,3.0,1.0,6.0,11.0,21.0,0.22,0.0,87.0,2.0,0.0,13.0,2.0,3.22222222222222,0.0,1.0,0.0,6.0,1.1,0.0,2.0,0.0,0.8874103,0.112589695,1
154,25,0.0,0.0,2.0,2.0,0.0,1.0,3.0,1.0,6.0,11.0,21.0,0.22,0.0,87.0,2.0,0.0,13.0,2.0,3.22222222222222,0.0,1.0,0.0,8.0,1.0,0.0,2.0,0.0,0.87243724,0.12756276,2
154,26,0.0,0.0,2.0,2.0,0.0,1.0,3.0,1.0,6.0,11.0,21.0,0.22,0.0,87.0,2.0,0.0,13.0,2.0,3.22222222222222,14.0,1.0,0.0,6.0,0.9,0.0,2.0,0.0,0.72869694,0.2713031,2
154,27,0.0,0.0,2.0,2.0,0.0,1.0,3.0,1.0,6.0,11.0,21.0,0.22,11.0,87.0,2.0,0.0,13.0,2.0,3.22222222222222,0.0,1.0,0.0,6.0,0.9,0.0,2.0,0.0,0.7503741,0.24962589,2
154,28,0.0,0.0,2.0,2.0,0.0,1.0,3.0,1.0,6.0,11.0,21.0,0.22,14.0,87.0,2.0,0.0,13.0,2.0,3.22222222222222,0.0,1.0,0.0,6.0,1.1,0.0,2.0,0.0,0.95365417,0.046345834,2
154,29,0.0,0.0,2.0,2.0,0.0,1.0,3.0,1.0,6.0,11.0,21.0,0.22,0.0,87.0,2.0,0.0,13.0,2.0,3.22222222222222,0.0,1.0,0.0,6.0,1.0,0.0,2.0,0.0,0.8874103,0.112589695,1
218,0,0.0,1.0,2.0,1.0,0.0,2.0,3.0,4.0,8.0,12.0,30.0,0.24,0.0,89.0,2.0,2.0,25.0,2.0,3.53846153846154,0.0,0.0,0.0,14.0,1.1,0.0,3.0,1.0,0.5529138,0.44708622,2
218,1,0.0,1.0,2.0,1.0,0.0,2.0,3.0,4.0,8.0,12.0,30.0,0.24,0.0,89.0,2.0,2.0,25.0,2.0,3.53846153846154,5.0,0.0,0.0,17.0,1.0,0.0,3.0,1.0,0.72210145,0.27789855,2
218,2,0.0,1.0,2.0,1.0,0.0,2.0,3.0,4.0,8.0,12.0,30.0,0.24,0.0,89.0,2.0,2.0,25.0,2.0,3.53846153846154,0.0,0.0,0.0,5.0,1.0,0.0,3.0,1.0,0.5384743,0.4615257,2
218,3,0.0,1.0,2.0,1.0,0.0,2.0,3.0,4.0,8.0,12.0,30.0,0.24,0.0,89.0,2.0,2.0,25.0,2.0,3.53846153846154,0.0,0.0,0.0,17.0,1.1,0.0,3.0,1.0,0.5529138,0.44708622,1
218,4,0.0,1.0,2.0,1.0,0.0,2.0,3.0,4.0,8.0,12.0,30.0,0.24,0.0,89.0,2.0,2.0,25.0,2.0,3.53846153846154,32.0,0.0,0.0,17.0,1.1,0.0,3.0,1.0,0.72210145,0.27789855,2
218,5,0.0,1.0,2.0,1.0,0.0,2.0,3.0,4.0,8.0,12.0,30.0,0.24,3.0,89.0,2.0,2.0,25.0,2.0,3.53846153846154,0.0,0.0,0.0,17.0,1.0,0.0,3.0,1.0,0.5866592,0.4133408,2
218,6,0.0,1.0,2.0,1.0,0.0,2.0,3.0,4.0,8.0,12.0,30.0,0.24,0.0,89.0,2.0,2.0,25.0,2.0,3.53846153846154,0.0,0.0,0.0,5.0,1.1,0.0,3.0,1.0,0.5384743,0.4615257,2
218,7,0.0,1.0,2.0,1.0,0.0,2.0,3.0,4.0,8.0,12.0,30.0,0.24,4.0,89.0,2.0,2.0,25.0,2.0,3.53846153846154,0.0,0.0,0.0,17.0,1.0,0.0,3.0,1.0,0.5866592,0.4133408,2
218,8,0.0,1.0,2.0,1.0,0.0,2.0,3.0,4.0,8.0,12.0,30.0,0.24,15.0,89.0,2.0,2.0,25.0,2.0,3.53846153846154,0.0,0.0,0.0,17.0,1.1,0.0,3.0,1.0,0.73787403,0.26212594,2
218,9,0.0,1.0,2.0,1.0,0.0,2.0,3.0,4.0,8.0,12.0,30.0,0.24,0.0,89.0,2.0,2.0,25.0,2.0,3.53846153846154,0.0,0.0,0.0,17.0,1.0,0.0,3.0,1.0,0.5529138,0.44708622,1
218,10,0.0,1.0,2.0,1.0,0.0,2.0,3.0,4.0,8.0,12.0,30.0,0.24,0.0,89.0,2.0,2.0,25.0,2.0,3.53846153846154,25.0,0.0,0.0,17.0,1.0,0.0,3.0,1.0,0.72210145,0.27789855,2
218,11,0.0,1.0,2.0,1.0,0.0,2.0,3.0,4.0,8.0,12.0,30.0,0.24,1.0,89.0,2.0,2.0,25.0,2.0,3.53846153846154,0.0,0.0,0.0,17.0,1.0,0.0,3.0,1.0,0.6182798,0.3817202,2
218,12,0.0,1.0,2.0,1.0,0.0,2.0,3.0,4.0,8.0,12.0,30.0,0.24,0.0,89.0,2.0,2.0,25.0,2.0,3.53846153846154,19.0,0.0,0.0,17.0,1.0,0.0,3.0,1.0,0.72210145,0.27789855,2
218,13,0.0,1.0,2.0,1.0,0.0,2.0,3.0,4.0,8.0,12.0,30.0,0.24,0.0,89.0,2.0,2.0,25.0,2.0,3.53846153846154,0.0,0.0,0.0,19.0,1.0,0.0,3.0,1.0,0.5529138,0.44708622,2
218,14,0.0,1.0,2.0,1.0,0.0,2.0,3.0,4.0,8.0,12.0,30.0,0.24,0.0,89.0,2.0,2.0,25.0,2.0,3.53846153846154,7.0,0.0,0.0,17.0,1.1,0.0,3.0,1.0,0.72210145,0.27789855,2
218,15,0.0,1.0,2.0,1.0,0.0,2.0,3.0,4.0,8.0,12.0,30.0,0.24,0.0,14.0,2.0,2.0,25.0,2.0,3.53846153846154,0.0,0.0,0.0,17.0,1.0,0.0,3.0,1.0,0.77893436,0.22106561,2
218,16,0.0,1.0,2.0,1.0,0.0,2.0,3.0,4.0,8.0,12.0,30.0,0.24,0.0,99.0,2.0,2.0,25.0,2.0,3.53846153846154,0.0,0.0,0.0,17.0,1.1,0.0,3.0,1.0,0.64500284,0.3549972,2
218,17,0.0,1.0,2.0,1.0,0.0,2.0,3.0,4.0,8.0,12.0,30.0,0.24,0.0,89.0,2.0,2.0,25.0,2.0,3.53846153846154,0.0,0.0,0.0,9.0,1.1,0.0,3.0,1.0,0.5529138,0.44708622,2
218,18,0.0,1.0,2.0,1.0,0.0,2.0,3.0,4.0,8.0,12.0,30.0,0.24,0.0,28.0,2.0,2.0,25.0,2.0,3.53846153846154,0.0,0.0,0.0,17.0,1.0,0.0,3.0,1.0,0.7668257,0.23317435,2
218,19,0.0,1.0,2.0,1.0,0.0,2.0,3.0,4.0,8.0,12.0,30.0,0.24,0.0,89.0,2.0,2.0,25.0,2.0,3.53846153846154,0.0,0.0,0.0,10.0,1.0,0.0,3.0,1.0,0.5529138,0.44708622,2
218,20,0.0,1.0,2.0,1.0,0.0,2.0,3.0,4.0,8.0,12.0,30.0,0.24,0.0,41.0,2.0,2.0,25.0,2.0,3.53846153846154,0.0,0.0,0.0,17.0,1.0,0.0,3.0,1.0,0.60834813,0.39165187,2
218,21,0.0,1.0,2.0,1.0,0.0,2.0,3.0,4.0,8.0,12.0,30.0,0.24,0.0,89.0,2.0,2.0,25.0,2.0,3.53846153846154,22.0,0.0,0.0,17.0,1.0,0.0,3.0,1.0,0.72210145,0.27789855,2
218,22,0.0,1.0,2.0,1.0,0.0,2.0,3.0,4.0,8.0,12.0,30.0,0.24,0.0,89.0,2.0,2.0,25.0,2.0,3.53846153846154,28.0,0.0,0.0,17.0,1.1,0.0,3.0,1.0,0.72210145,0.27789855,2
218,23,0.0,1.0,2.0,1.0,0.0,2.0,3.0,4.0,8.0,12.0,30.0,0.24,0.0,7.0,2.0,2.0,25.0,2.0,3.53846153846154,0.0,0.0,0.0,17.0,1.1,0.0,3.0,1.0,0.7150402,0.2849598,2
218,24,0.0,1.0,2.0,1.0,0.0,2.0,3.0,4.0,8.0,12.0,30.0,0.24,0.0,5.0,2.0,2.0,25.0,2.0,3.53846153846154,0.0,0.0,0.0,17.0,1.1,0.0,3.0,1.0,0.7150402,0.2849598,2
218,25,0.0,1.0,2.0,1.0,0.0,2.0,3.0,4.0,8.0,12.0,30.0,0.24,12.0,89.0,2.0,2.0,25.0,2.0,3.53846153846154,0.0,0.0,0.0,17.0,1.0,0.0,3.0,1.0,0.73787403,0.26212594,2
218,26,0.0,1.0,2.0,1.0,0.0,2.0,3.0,4.0,8.0,12.0,30.0,0.24,0.0,89.0,2.0,2.0,25.0,2.0,3.53846153846154,13.0,0.0,0.0,17.0,1.0,0.0,3.0,1.0,0.72210145,0.27789855,2
218,27,0.0,1.0,2.0,1.0,0.0,2.0,3.0,4.0,8.0,12.0,30.0,0.24,0.0,89.0,2.0,2.0,25.0,2.0,3.53846153846154,37.0,0.0,0.0,17.0,1.0,0.0,3.0,1.0,0.72210145,0.27789855,2
218,28,0.0,1.0,2.0,1.0,0.0,2.0,3.0,4.0,8.0,12.0,30.0,0.24,0.0,89.0,2.0,2.0,25.0,2.0,3.53846153846154,0.0,0.0,0.0,9.0,1.0,0.0,3.0,1.0,0.5529138,0.44708622,2
218,29,0.0,1.0,2.0,1.0,0.0,2.0,3.0,4.0,8.0,12.0,30.0,0.24,0.0,89.0,2.0,2.0,25.0,2.0,3.53846153846154,0.0,0.0,0.0,8.0,1.0,0.0,3.0,1.0,0.5529138,0.44708622,2
219,0,0.0,4.0,1.0,2.0,0.0,1.0,2.0,12.0,7.0,22.0,58.0,0.17,0.0,94.0,2.0,1.0,50.0,2.0,3.94736842105263,0.0,0.0,0.0,39.0,0.9,0.0,3.0,1.0,0.5165431,0.4834569,2
219,1,0.0,4.0,1.0,2.0,0.0,1.0,2.0,12.0,7.0,22.0,58.0,0.17,6.0,94.0,2.0,1.0,50.0,2.0,3.94736842105263,0.0,0.0,0.0,39.0,0.9,0.0,3.0,1.0,0.66480994,0.3351901,3
219,2,0.0,4.0,1.0,2.0,0.0,1.0,2.0,12.0,7.0,22.0,58.0,0.17,0.0,94.0,2.0,1.0,50.0,2.0,3.94736842105263,0.0,0.0,0.0,39.0,1.1,0.0,3.0,1.0,0.8824594,0.11754058,2
219,3,0.0,4.0,1.0,2.0,0.0,1.0,2.0,12.0,7.0,22.0,86.0,0.17,6.0,94.0,2.0,1.0,50.0,2.0,3.94736842105263,0.0,0.0,0.0,39.0,0.9,0.0,3.0,1.0,0.66480994,0.3351901,4
219,4,0.0,4.0,1.0,2.0,0.0,1.0,2.0,12.0,7.0,22.0,58.0,0.17,14.0,94.0,2.0,1.0,50.0,2.0,3.94736842105263,0.0,0.0,0.0,39.0,0.9,0.0,3.0,1.0,0.66480994,0.3351901,3
219,5,0.0,4.0,1.0,2.0,0.0,1.0,2.0,12.0,7.0,22.0,53.0,0.17,0.0,94.0,2.0,1.0,50.0,2.0,3.94736842105263,0.0,0.0,0.0,10.0,1.1,0.0,3.0,1.0,0.8824594,0.11754058,4
219,6,0.0,4.0,1.0,2.0,0.0,1.0,2.0,12.0,7.0,22.0,61.0,0.17,0.0,94.0,2.0,1.0,50.0,2.0,3.94736842105263,0.0,0.0,0.0,39.0,0.9,0.0,3.0,1.0,0.5165431,0.4834569,3
219,7,0.0,4.0,1.0,2.0,0.0,1.0,2.0,12.0,7.0,22.0,58.0,0.17,2.0,94.0,2.0,1.0,50.0,2.0,3.94736842105263,0.0,0.0,0.0,39.0,0.9,0.0,3.0,1.0,0.5379064,0.46209356,3
219,8,0.0,4.0,1.0,2.0,0.0,1.0,2.0,12.0,7.0,22.0,58.0,0.17,3.0,94.0,2.0,1.0,50.0,2.0,3.94736842105263,0.0,0.0,0.0,39.0,0.9,0.0,3.0,1.0,0.5379064,0.46209356,3
219,9,0.0,4.0,1.0,2.0,0.0,1.0,2.0,12.0,7.0,22.0,101.0,0.17,0.0,94.0,2.0,1.0,50.0,2.0,3.94736842105263,0.0,0.0,0.0,8.0,1.0,0.0,3.0,1.0,0.8824594,0.11754058,4
219,10,0.0,4.0,1.0,2.0,0.0,1.0,2.0,12.0,7.0,22.0,86.0,0.17,6.0,94.0,2.0,1.0,50.0,2.0,3.94736842105263,0.0,0.0,0.0,3.0,0.9,0.0,3.0,1.0,0.7503948,0.24960515,5
219,11,0.0,4.0,1.0,2.0,0.0,1.0,2.0,12.0,7.0,22.0,58.0,0.17,14.0,94.0,2.0,1.0,50.0,2.0,3.94736842105263,0.0,0.0,0.0,6.0,0.9,0.0,3.0,1.0,0.68854606,0.31145397,4
219,12,0.0,4.0,1.0,2.0,0.0,1.0,2.0,12.0,7.0,22.0,110.0,0.17,7.0,94.0,2.0,1.0,50.0,2.0,3.94736842105263,0.0,0.0,0.0,11.0,0.9,0.0,3.0,1.0,0.66480994,0.3351901,5
219,13,0.0,4.0,1.0,2.0,0.0,1.0,2.0,12.0,7.0,22.0,61.0,0.17,0.0,94.0,2.0,1.0,50.0,2.0,3.94736842105263,0.0,0.0,0.0,2.0,0.9,0.0,3.0,1.0,0.5491575,0.4508425,4
219,14,0.0,4.0,1.0,2.0,0.0,1.0,2.0,12.0,7.0,22.0,106.0,0.17,15.0,94.0,2.0,1.0,50.0,2.0,3.94736842105263,0.0,0.0,0.0,4.0,0.9,0.0,3.0,1.0,0.75617903,0.24382098,5
219,15,0.0,4.0,1.0,2.0,0.0,1.0,2.0,12.0,7.0,22.0,121.0,0.17,3.0,94.0,2.0,1.0,50.0,2.0,3.94736842105263,0.0,0.0,0.0,39.0,0.9,0.0,3.0,1.0,0.5379064,0.46209356,4
219,16,0.0,4.0,1.0,2.0,0.0,1.0,2.0,12.0,7.0,22.0,23.0,0.17,0.0,94.0,2.0,1.0,50.0,2.0,3.94736842105263,0.0,0.0,0.0,39.0,1.1,0.0,3.0,1.0,0.89940345,0.100596555,3
1765,0,0.0,0.0,1.0,1.0,0.0,1.0,7.0,1.0,1.0,1.0,5.0,0.4,5.0,58.0,2.0,0.0,10.0,1.0,3.66666666666667,2.0,1.0,0.0,2.0,0.5,0.0,2.0,0.0,0.7472406,0.2527594,2
1765,1,0.0,0.0,1.0,1.0,0.0,1.0,9.0,1.0,1.0,1.0,5.0,11.94,0.0,58.0,2.0,0.0,10.0,1.0,3.66666666666667,2.0,1.0,0.0,2.0,0.5,0.0,2.0,0.0,0.53751165,0.46248835,2
1765,2,0.0,0.0,1.0,1.0,0.0,1.0,3.0,1.0,1.0,1.0,5.0,0.98,0.0,58.0,2.0,0.0,10.0,1.0,3.66666666666667,2.0,1.0,0.0,2.0,0.5,0.0,2.0,0.0,0.79940426,0.20059572,1
1765,3,0.0,0.0,1.0,1.0,0.0,1.0,3.0,1.0,1.0,1.0,5.0,5.59,0.0,58.0,2.0,0.0,10.0,1.0,3.66666666666667,2.0,1.0,0.0,2.0,0.5,0.0,2.0,0.0,0.53751165,0.46248835,1
1765,4,0.0,0.0,1.0,1.0,0.0,1.0,3.0,1.0,1.0,1.0,5.0,0.4,0.0,58.0,2.0,0.0,10.0,1.0,3.66666666666667,2.0,1.0,0.0,2.0,1.0,0.0,2.0,0.0,0.95017403,0.049825944,1
1765,5,0.0,0.0,1.0,1.0,0.0,1.0,3.0,1.0,1.0,1.0,5.0,11.17,0.0,17.0,2.0,0.0,10.0,1.0,3.66666666666667,2.0,1.0,0.0,2.0,0.5,0.0,2.0,0.0,0.7587193,0.2412807,2
1765,6,0.0,0.0,1.0,1.0,0.0,1.0,3.0,1.0,1.0,1.0,5.0,0.4,11.0,58.0,2.0,0.0,10.0,1.0,3.66666666666667,2.0,1.0,0.0,2.0,0.7,0.0,2.0,0.0,0.8603382,0.13966179,2
1765,7,0.0,0.0,1.0,1.0,0.0,1.0,3.0,1.0,1.0,1.0,5.0,0.4,0.0,58.0,2.0,0.0,10.0,1.0,3.66666666666667,2.0,1.0,0.0,2.0,1.1,0.0,2.0,0.0,0.95017403,0.049825944,1
1765,8,0.0,0.0,1.0,1.0,0.0,1.0,3.0,1.0,1.0,1.0,5.0,0.4,0.0,91.0,2.0,0.0,10.0,1.0,3.66666666666667,2.0,1.0,0.0,2.0,0.5,0.0,2.0,0.0,0.6368233,0.36317673,1
1765,9,0.0,0.0,1.0,1.0,0.0,1.0,3.0,1.0,1.0,1.0,5.0,6.92,0.0,58.0,2.0,0.0,10.0,1.0,3.66666666666667,2.0,1.0,0.0,2.0,0.5,0.0,2.0,0.0,0.53751165,0.46248835,1
1765,10,0.0,0.0,1.0,1.0,0.0,1.0,3.0,1.0,1.0,1.0,5.0,11.54,0.0,58.0,2.0,0.0,10.0,1.0,3.66666666666667,2.0,1.0,0.0,2.0,0.5,0.0,2.0,0.0,0.53751165,0.46248835,1
1765,11,0.0,0.0,1.0,1.0,0.0,1.0,3.0,1.0,1.0,1.0,5.0,8.23,0.0,58.0,2.0,0.0,10.0,1.0,3.66666666666667,2.0,1.0,0.0,2.0,0.5,0.0,2.0,0.0,0.53751165,0.46248835,1
1765,12,0.0,0.0,1.0,1.0,0.0,1.0,3.0,1.0,1.0,1.0,5.0,8.74,0.0,58.0,2.0,0.0,10.0,1.0,3.66666666666667,2.0,1.0,0.0,2.0,0.5,0.0,2.0,0.0,0.53751165,0.46248835,1
1765,13,0.0,0.0,1.0,1.0,0.0,1.0,0.0,1.0,1.0,1.0,5.0,0.4,0.0,58.0,2.0,0.0,10.0,1.0,3.66666666666667,2.0,1.0,0.0,2.0,0.7,0.0,2.0,0.0,0.9637302,0.036269765,2
1765,14,0.0,0.0,1.0,1.0,0.0,1.0,3.0,1.0,1.0,1.0,5.0,11.72,0.0,15.0,2.0,0.0,10.0,1.0,3.66666666666667,2.0,1.0,0.0,2.0,0.5,0.0,2.0,0.0,0.7587193,0.2412807,2
1765,15,0.0,0.0,1.0,1.0,0.0,1.0,3.0,1.0,1.0,1.0,5.0,0.4,0.0,82.0,2.0,0.0,10.0,1.0,3.66666666666667,2.0,1.0,0.0,2.0,0.6,0.0,2.0,0.0,0.8224398,0.17756024,2
1765,16,0.0,0.0,1.0,1.0,0.0,1.0,3.0,1.0,1.0,1.0,5.0,0.4,4.0,58.0,2.0,0.0,10.0,1.0,3.66666666666667,2.0,1.0,0.0,2.0,0.5,0.0,2.0,0.0,0.5865954,0.4134046,1
1765,17,0.0,0.0,1.0,1.0,0.0,1.0,3.0,1.0,1.0,1.0,5.0,0.4,9.0,58.0,2.0,0.0,10.0,1.0,3.66666666666667,2.0,1.0,0.0,2.0,0.5,0.0,2.0,0.0,0.77113175,0.22886828,1
1765,18,0.0,0.0,1.0,1.0,0.0,1.0,3.0,1.0,1.0,1.0,5.0,7.32,0.0,0.0,2.0,0.0,10.0,1.0,3.66666666666667,2.0,1.0,0.0,2.0,0.5,0.0,2.0,0.0,0.7587193,0.2412807,2
1765,19,0.0,0.0,1.0,1.0,0.0,1.0,2.0,1.0,1.0,1.0,5.0,0.4,0.0,23.0,2.0,0.0,10.0,1.0,3.66666666666667,2.0,1.0,0.0,2.0,0.5,0.0,2.0,0.0,0.62429214,0.3757079,2
1765,20,0.0,0.0,1.0,1.0,0.0,1.0,3.0,1.0,1.0,1.0,5.0,0.4,8.0,58.0,2.0,0.0,10.0,1.0,3.66666666666667,2.0,1.0,0.0,2.0,0.9,0.0,2.0,0.0,0.9583352,0.04166479,2
1765,21,0.0,0.0,1.0,1.0,0.0,1.0,3.0,1.0,1.0,1.0,5.0,4.92,0.0,58.0,2.0,0.0,10.0,1.0,3.66666666666667,2.0,1.0,0.0,2.0,0.5,0.0,2.0,0.0,0.58341545,0.41658455,1
1765,22,0.0,0.0,1.0,1.0,0.0,1.0,9.0,1.0,1.0,1.0,5.0,1.44,0.0,58.0,2.0,0.0,10.0,1.0,3.66666666666667,2.0,1.0,0.0,2.0,0.5,0.0,2.0,0.0,0.59859776,0.40140224,2
1765,23,0.0,0.0,1.0,1.0,0.0,1.0,3.0,1.0,1.0,1.0,5.0,5.13,0.0,58.0,2.0,0.0,10.0,1.0,3.66666666666667,2.0,1.0,0.0,2.0,0.5,0.0,2.0,0.0,0.53751165,0.46248835,1
1765,24,0.0,0.0,1.0,1.0,0.0,1.0,3.0,1.0,1.0,1.0,5.0,4.9,0.0,58.0,2.0,0.0,10.0,1.0,3.66666666666667,2.0,1.0,0.0,2.0,0.5,0.0,2.0,0.0,0.58341545,0.41658455,1
1765,25,0.0,0.0,1.0,1.0,0.0,1.0,13.0,1.0,1.0,1.0,5.0,2.31,0.0,58.0,2.0,0.0,10.0,1.0,3.66666666666667,2.0,1.0,0.0,2.0,0.5,0.0,2.0,0.0,0.6338038,0.36619622,2
1765,26,0.0,0.0,1.0,1.0,0.0,1.0,3.0,1.0,1.0,1.0,5.0,0.4,9.0,12.0,2.0,0.0,10.0,1.0,3.66666666666667,2.0,1.0,0.0,2.0,0.5,0.0,2.0,0.0,0.909288,0.09071202,2
1765,27,0.0,0.0,1.0,1.0,0.0,1.0,0.0,1.0,1.0,1.0,5.0,0.4,11.0,58.0,2.0,0.0,10.0,1.0,3.66666666666667,2.0,1.0,0.0,2.0,0.5,0.0,2.0,0.0,0.98392934,0.016070684,2
1765,28,0.0,0.0,1.0,1.0,0.0,1.0,3.0,1.0,1.0,1.0,5.0,7.65,4.0,58.0,2.0,0.0,10.0,1.0,3.66666666666667,2.0,1.0,0.0,2.0,0.5,0.0,2.0,0.0,0.7839552,0.2160448,2
1765,29,0.0,0.0,1.0,1.0,0.0,1.0,3.0,1.0,1.0,1.0,5.0,2.64,0.0,28.0,2.0,0.0,10.0,1.0,3.66666666666667,2.0,1.0,0.0,2.0,0.5,0.0,2.0,0.0,0.8023888,0.1976112,2
225,0,0.0,0.0,1.0,2.0,0.0,0.0,2.0,1.0,7.0,19.0,66.0,0.06,0.0,92.0,1.0,1.0,43.0,2.0,3.84931506849315,0.0,0.0,0.0,10.0,1.1,0.0,3.0,2.0,0.78040785,0.21959215,2
225,1,0.0,0.0,1.0,2.0,0.0,0.0,2.0,1.0,7.0,19.0,66.0,12.46,0.0,92.0,1.0,1.0,43.0,2.0,3.84931506849315,0.0,0.0,0.0,10.0,1.1,0.0,3.0,1.0,0.61506784,0.38493216,2
225,2,0.0,0.0,1.0,2.0,0.0,0.0,2.0,1.0,7.0,19.0,66.0,4.27,0.0,92.0,1.0,1.0,43.0,2.0,3.84931506849315,0.0,0.0,0.0,2.0,0.8,0.0,3.0,1.0,0.6264008,0.3735992,2
225,3,0.0,0.0,1.0,2.0,0.0,0.0,2.0,1.0,7.0,19.0,66.0,0.06,0.0,92.0,1.0,1.0,43.0,2.0,3.84931506849315,0.0,0.0,0.0,10.0,1.0,0.0,3.0,0.0,0.9136569,0.08634313,2
225,4,0.0,0.0,1.0,2.0,0.0,0.0,2.0,1.0,7.0,19.0,66.0,0.06,0.0,92.0,1.0,1.0,43.0,2.0,3.84931506849315,0.0,0.0,0.0,10.0,1.1,0.0,3.0,4.0,0.78040785,0.21959215,2
225,5,0.0,0.0,1.0,2.0,0.0,0.0,2.0,1.0,7.0,19.0,66.0,0.06,0.0,92.0,1.0,1.0,43.0,2.0,3.84931506849315,0.0,0.0,0.0,10.0,1.1,0.0,3.0,1.0,0.740018,0.25998202,1
225,6,0.0,0.0,1.0,2.0,0.0,0.0,2.0,1.0,7.0,19.0,66.0,0.06,0.0,92.0,1.0,1.0,43.0,2.0,3.84931506849315,0.0,0.0,0.0,23.0,1.1,0.0,3.0,1.0,0.740018,0.25998202,2
225,7,0.0,0.0,1.0,2.0,0.0,0.0,2.0,1.0,7.0,19.0,66.0,0.06,0.0,92.0,1.0,1.0,43.0,2.0,3.84931506849315,0.0,0.0,0.0,5.0,1.0,0.0,3.0,1.0,0.8867501,0.11324989,2
225,8,0.0,0.0,1.0,2.0,0.0,0.0,2.0,1.0,7.0,19.0,66.0,10.64,0.0,92.0,1.0,1.0,43.0,2.0,3.84931506849315,0.0,0.0,0.0,10.0,1.0,0.0,3.0,1.0,0.61506784,0.38493216,2
225,9,0.0,0.0,1.0,2.0,0.0,0.0,2.0,1.0,7.0,19.0,66.0,0.06,0.0,92.0,1.0,1.0,43.0,2.0,46.7,0.0,0.0,0.0,10.0,1.0,0.0,3.0,1.0,0.7203627,0.27963728,2
225,10,0.0,0.0,1.0,2.0,0.0,0.0,2.0,1.0,7.0,19.0,66.0,0.06,0.0,92.0,1.0,1.0,43.0,2.0,3.84931506849315,0.0,0.0,0.0,8.0,1.0,0.0,3.0,1.0,0.740018,0.25998202,2
225,11,0.0,0.0,1.0,2.0,0.0,0.0,2.0,1.0,7.0,19.0,66.0,11.84,0.0,92.0,1.0,1.0,43.0,2.0,3.84931506849315,0.0,0.0,0.0,10.0,1.0,0.0,3.0,1.0,0.61506784,0.38493216,2
225,12,0.0,0.0,1.0,2.0,0.0,0.0,2.0,1.0,7.0,19.0,66.0,0.06,0.0,92.0,1.0,1.0,43.0,2.0,3.84931506849315,0.0,0.0,0.0,4.0,1.0,0.0,3.0,1.0,0.8867501,0.11324989,2
225,13,0.0,0.0,1.0,2.0,0.0,0.0,2.0,1.0,7.0,19.0,66.0,11.94,0.0,92.0,1.0,1.0,43.0,2.0,3.84931506849315,0.0,0.0,0.0,10.0,1.0,0.0,3.0,1.0,0.61506784,0.38493216,2
225,14,0.0,0.0,1.0,2.0,0.0,0.0,2.0,1.0,7.0,19.0,66.0,0.06,0.0,92.0,1.0,1.0,43.0,2.0,3.84931506849315,0.0,0.0,0.0,9.0,1.0,0.0,3.0,1.0,0.740018,0.25998202,2
225,15,0.0,0.0,1.0,2.0,0.0,0.0,2.0,1.0,7.0,19.0,66.0,0.06,0.0,92.0,1.0,1.0,43.0,2.0,48.3,0.0,0.0,0.0,10.0,1.1,0.0,3.0,1.0,0.7203627,0.27963728,2
225,16,0.0,0.0,1.0,2.0,0.0,0.0,2.0,1.0,7.0,19.0,66.0,0.06,0.0,92.0,1.0,1.0,43.0,2.0,3.84931506849315,0.0,0.0,0.0,6.0,1.1,0.0,3.0,1.0,0.7677287,0.2322713,2
225,17,0.0,0.0,1.0,2.0,0.0,0.0,2.0,1.0,7.0,19.0,66.0,0.06,0.0,92.0,1.0,1.0,43.0,2.0,3.84931506849315,0.0,0.0,0.0,19.0,1.0,0.0,3.0,1.0,0.740018,0.25998202,2
225,18,0.0,0.0,1.0,2.0,0.0,0.0,2.0,1.0,7.0,19.0,66.0,10.21,0.0,92.0,1.0,1.0,43.0,2.0,3.84931506849315,0.0,0.0,0.0,1.0,0.8,0.0,3.0,1.0,0.50973815,0.49026185,2
225,19,0.0,0.0,1.0,2.0,0.0,0.0,2.0,1.0,7.0,19.0,66.0,0.06,0.0,92.0,1.0,1.0,43.0,2.0,3.84931506849315,0.0,0.0,0.0,20.0,1.1,0.0,3.0,1.0,0.740018,0.25998202,2
225,20,0.0,0.0,1.0,2.0,0.0,0.0,2.0,1.0,7.0,19.0,66.0,0.06,0.0,92.0,1.0,1.0,43.0,2.0,47.0,0.0,0.0,0.0,10.0,1.0,0.0,3.0,1.0,0.7203627,0.27963728,2
225,21,0.0,0.0,1.0,2.0,0.0,0.0,2.0,1.0,7.0,19.0,66.0,11.51,0.0,92.0,1.0,1.0,43.0,2.0,3.84931506849315,0.0,0.0,0.0,10.0,1.0,0.0,3.0,1.0,0.61506784,0.38493216,2
225,22,0.0,0.0,1.0,2.0,0.0,0.0,2.0,1.0,7.0,19.0,66.0,0.06,0.0,92.0,1.0,1.0,43.0,2.0,3.84931506849315,0.0,0.0,0.0,2.0,0.9,0.0,3.0,1.0,0.6742337,0.32576632,2
225,23,0.0,0.0,1.0,2.0,0.0,0.0,2.0,1.0,7.0,19.0,66.0,0.73,0.0,92.0,1.0,1.0,43.0,2.0,2.7,0.0,0.0,0.0,10.0,0.8,0.0,3.0,1.0,0.7215549,0.27844512,2
225,24,0.0,0.0,1.0,2.0,0.0,0.0,2.0,1.0,7.0,19.0,66.0,0.06,0.0,92.0,1.0,1.0,43.0,2.0,3.84931506849315,0.0,0.0,0.0,7.0,1.0,0.0,3.0,1.0,0.740018,0.25998202,2
225,25,0.0,0.0,1.0,2.0,0.0,0.0,2.0,1.0,7.0,19.0,66.0,11.71,0.0,92.0,1.0,1.0,43.0,2.0,3.84931506849315,0.0,0.0,0.0,10.0,1.0,0.0,3.0,1.0,0.61506784,0.38493216,2
225,26,0.0,0.0,1.0,2.0,0.0,0.0,2.0,1.0,7.0,19.0,66.0,0.06,0.0,92.0,1.0,1.0,43.0,2.0,46.9,0.0,0.0,0.0,10.0,1.0,0.0,3.0,1.0,0.7203627,0.27963728,2
225,27,0.0,0.0,1.0,2.0,0.0,0.0,2.0,1.0,7.0,19.0,66.0,0.06,0.0,92.0,1.0,1.0,43.0,2.0,3.84931506849315,0.0,0.0,0.0,10.0,1.0,0.0,3.0,4.0,0.78040785,0.21959215,2
225,28,0.0,0.0,1.0,2.0,0.0,0.0,2.0,1.0,7.0,19.0,66.0,11.53,0.0,92.0,1.0,1.0,43.0,2.0,3.84931506849315,0.0,0.0,0.0,10.0,1.0,0.0,3.0,1.0,0.61506784,0.38493216,2
225,29,0.0,0.0,1.0,2.0,0.0,0.0,2.0,1.0,7.0,19.0,66.0,11.0,0.0,92.0,1.0,1.0,43.0,2.0,3.84931506849315,0.0,0.0,0.0,10.0,1.0,0.0,3.0,1.0,0.61506784,0.38493216,2
230,0,1.0,1.0,1.0,1.0,0.0,1.0,2.0,6.0,3.0,11.0,37.0,0.18,1.0,88.0,2.0,1.0,45.0,2.0,3.02380952380952,0.0,0.0,0.0,1.0,1.0,0.0,3.0,2.0,0.68867826,0.31132177,2
230,1,1.0,1.0,1.0,1.0,0.0,1.0,2.0,6.0,3.0,11.0,37.0,0.18,1.0,88.0,2.0,1.0,45.0,2.0,3.02380952380952,3.0,0.0,0.0,18.0,1.0,0.0,3.0,2.0,0.63947344,0.36052653,2
230,2,1.0,1.0,1.0,1.0,0.0,1.0,2.0,6.0,3.0,11.0,37.0,0.18,1.0,88.0,2.0,1.0,45.0,2.0,3.02380952380952,0.0,0.0,0.0,3.0,1.1,0.0,3.0,2.0,0.6300216,0.36997843,2
230,3,1.0,1.0,1.0,1.0,0.0,1.0,2.0,6.0,3.0,11.0,37.0,0.18,1.0,88.0,2.0,1.0,45.0,2.0,3.02380952380952,39.0,0.0,0.0,18.0,1.1,0.0,3.0,2.0,0.63947344,0.36052653,2
230,4,1.0,1.0,1.0,1.0,0.0,1.0,2.0,6.0,3.0,11.0,39.0,0.18,1.0,88.0,2.0,1.0,45.0,2.0,3.02380952380952,0.0,0.0,0.0,18.0,1.1,0.0,3.0,2.0,0.5562996,0.44370037,2
230,5,1.0,1.0,1.0,1.0,0.0,1.0,2.0,6.0,3.0,11.0,36.0,0.18,1.0,88.0,2.0,1.0,45.0,2.0,3.02380952380952,0.0,0.0,0.0,18.0,1.1,0.0,3.0,2.0,0.5562996,0.44370037,2
230,6,1.0,1.0,1.0,1.0,0.0,1.0,2.0,6.0,3.0,11.0,37.0,0.18,1.0,88.0,2.0,1.0,45.0,2.0,3.02380952380952,0.0,0.0,0.0,17.0,1.1,0.0,3.0,2.0,0.5562996,0.44370037,2
230,7,1.0,1.0,1.0,1.0,0.0,1.0,2.0,6.0,3.0,11.0,37.0,0.18,1.0,88.0,2.0,1.0,45.0,2.0,3.02380952380952,38.0,0.0,0.0,18.0,1.1,0.0,3.0,2.0,0.63947344,0.36052653,2
230,8,1.0,1.0,1.0,1.0,0.0,1.0,2.0,6.0,3.0,11.0,37.0,0.18,1.0,88.0,2.0,1.0,45.0,2.0,3.02380952380952,0.0,0.0,0.0,14.0,1.0,0.0,3.0,2.0,0.5562996,0.44370037,2
230,9,1.0,1.0,1.0,1.0,0.0,1.0,2.0,6.0,3.0,11.0,7.0,0.18,1.0,88.0,2.0,1.0,45.0,2.0,3.02380952380952,0.0,0.0,0.0,18.0,1.0,0.0,3.0,2.0,0.5008329,0.4991671,2
230,10,1.0,1.0,1.0,1.0,0.0,1.0,2.0,6.0,3.0,11.0,37.0,0.18,1.0,88.0,2.0,1.0,45.0,2.0,3.02380952380952,18.0,0.0,0.0,18.0,1.0,0.0,3.0,2.0,0.63947344,0.36052653,2
230,11,1.0,1.0,1.0,1.0,0.0,1.0,2.0,6.0,3.0,11.0,37.0,0.18,1.0,88.0,2.0,1.0,45.0,2.0,3.02380952380952,0.0,0.0,0.0,23.0,1.1,0.0,3.0,2.0,0.5562996,0.44370037,2
230,12,1.0,1.0,1.0,1.0,0.0,1.0,2.0,6.0,3.0,11.0,125.0,0.18,1.0,88.0,2.0,1.0,45.0,2.0,3.02380952380952,0.0,0.0,0.0,18.0,1.0,0.0,3.0,2.0,0.5562996,0.44370037,2
230,13,1.0,1.0,1.0,1.0,0.0,1.0,2.0,6.0,3.0,11.0,37.0,0.18,1.0,88.0,2.0,1.0,45.0,2.0,3.02380952380952,0.0,0.0,0.0,18.0,1.1,0.0,3.0,2.0,0.5562996,0.44370037,1
230,14,1.0,1.0,1.0,1.0,0.0,1.0,2.0,6.0,3.0,11.0,37.0,0.18,1.0,88.0,2.0,1.0,45.0,2.0,3.02380952380952,23.0,0.0,0.0,18.0,1.0,0.0,3.0,2.0,0.63947344,0.36052653,2
230,15,1.0,1.0,1.0,1.0,0.0,1.0,2.0,6.0,3.0,11.0,37.0,0.18,1.0,88.0,2.0,1.0,45.0,2.0,3.02380952380952,9.0,0.0,0.0,18.0,1.0,0.0,3.0,2.0,0.63947344,0.36052653,2
230,16,1.0,1.0,1.0,1.0,0.0,1.0,2.0,6.0,3.0,11.0,37.0,0.18,1.0,88.0,2.0,1.0,45.0,2.0,3.02380952380952,0.0,0.0,0.0,18.0,0.8,0.0,3.0,0.0,0.52013195,0.47986805,2
230,17,1.0,1.0,1.0,1.0,0.0,1.0,2.0,6.0,3.0,11.0,37.0,0.18,1.0,88.0,2.0,1.0,45.0,2.0,3.02380952380952,0.0,0.0,0.0,20.0,1.1,0.0,3.0,2.0,0.5562996,0.44370037,2
230,18,1.0,1.0,1.0,1.0,0.0,1.0,2.0,6.0,3.0,11.0,96.0,0.18,1.0,88.0,2.0,1.0,45.0,2.0,3.02380952380952,0.0,0.0,0.0,18.0,1.0,0.0,3.0,2.0,0.5562996,0.44370037,2
230,19,1.0,1.0,1.0,1.0,0.0,1.0,2.0,6.0,3.0,11.0,37.0,0.18,1.0,88.0,2.0,1.0,45.0,2.0,3.02380952380952,0.0,0.0,0.0,18.0,1.1,0.0,3.0,0.0,0.9689629,0.031037092,2
230,20,1.0,1.0,1.0,1.0,0.0,1.0,2.0,6.0,3.0,11.0,37.0,0.18,1.0,88.0,2.0,1.0,45.0,2.0,3.02380952380952,0.0,0.0,0.0,18.0,1.0,0.0,3.0,3.0,0.5562996,0.44370037,2
230,21,1.0,1.0,1.0,1.0,0.0,1.0,2.0,6.0,3.0,11.0,90.0,0.18,1.0,88.0,2.0,1.0,45.0,2.0,3.02380952380952,0.0,0.0,0.0,18.0,1.1,0.0,3.0,2.0,0.5562996,0.44370037,2
230,22,1.0,1.0,1.0,1.0,0.0,1.0,2.0,6.0,3.0,11.0,37.0,0.18,1.0,88.0,2.0,1.0,45.0,2.0,3.02380952380952,0.0,0.0,0.0,4.0,1.0,0.0,3.0,2.0,0.63871914,0.36128086,2
230,23,1.0,1.0,1.0,1.0,0.0,1.0,2.0,6.0,3.0,11.0,37.0,0.18,1.0,88.0,2.0,1.0,45.0,2.0,3.02380952380952,0.0,0.0,0.0,18.0,1.0,0.0,3.0,2.0,0.5562996,0.44370037,1
230,24,1.0,1.0,1.0,1.0,0.0,1.0,2.0,6.0,3.0,11.0,37.0,0.18,1.0,88.0,2.0,1.0,45.0,2.0,3.02380952380952,19.0,0.0,0.0,18.0,1.0,0.0,3.0,2.0,0.63947344,0.36052653,2
230,25,1.0,1.0,1.0,1.0,0.0,1.0,2.0,6.0,3.0,11.0,37.0,0.18,1.0,88.0,2.0,1.0,45.0,2.0,3.02380952380952,0.0,0.0,0.0,7.0,1.1,0.0,3.0,2.0,0.5562996,0.44370037,2
230,26,1.0,1.0,1.0,1.0,0.0,1.0,2.0,6.0,3.0,11.0,37.0,0.18,1.0,88.0,2.0,1.0,45.0,2.0,3.02380952380952,0.0,0.0,0.0,3.0,1.0,0.0,3.0,2.0,0.6300216,0.36997843,2
230,27,1.0,1.0,1.0,1.0,0.0,1.0,2.0,6.0,3.0,11.0,124.0,0.18,1.0,88.0,2.0,1.0,45.0,2.0,3.02380952380952,0.0,0.0,0.0,18.0,1.0,0.0,3.0,2.0,0.5562996,0.44370037,2
230,28,1.0,1.0,1.0,1.0,0.0,1.0,2.0,6.0,3.0,11.0,37.0,0.18,1.0,88.0,2.0,1.0,45.0,2.0,3.02380952380952,0.0,0.0,0.0,23.0,1.0,0.0,3.0,2.0,0.5562996,0.44370037,2
230,29,1.0,1.0,1.0,1.0,0.0,1.0,2.0,6.0,3.0,11.0,37.0,0.18,1.0,88.0,2.0,1.0,45.0,2.0,3.02380952380952,0.0,0.0,0.0,9.0,1.0,0.0,3.0,2.0,0.5562996,0.44370037,2
246,0,5.0,0.0,1.0,3.0,0.0,1.0,2.0,4.0,13.0,38.0,76.0,0.15,3.0,95.0,1.0,1.0,1.0,4.0,3.09574468085106,0.0,1.0,0.0,5.0,0.9,0.0,3.0,1.0,0.7229771,0.2770229,4
246,1,5.0,0.0,1.0,3.0,0.0,1.0,2.0,4.0,13.0,38.0,76.0,0.15,0.0,95.0,1.0,1.0,5.0,4.0,3.09574468085106,0.0,1.0,0.0,3.0,0.9,0.0,3.0,1.0,0.552454,0.44754604,3
246,2,5.0,0.0,1.0,3.0,0.0,1.0,2.0,4.0,13.0,38.0,86.0,0.15,6.0,95.0,1.0,1.0,8.0,4.0,3.09574468085106,0.0,1.0,0.0,3.0,0.529411764705882,0.0,3.0,1.0,0.56091595,0.43908405,4
246,3,5.0,0.0,1.0,3.0,0.0,1.0,2.0,4.0,13.0,38.0,5.0,0.15,0.0,95.0,1.0,1.0,70.0,4.0,3.09574468085106,0.0,1.0,0.0,1.0,0.529411764705882,0.0,3.0,1.0,0.5578524,0.44214758,2
246,4,5.0,0.0,1.0,3.0,0.0,1.0,2.0,4.0,13.0,38.0,60.0,0.15,10.0,95.0,1.0,1.0,70.0,4.0,3.09574468085106,0.0,1.0,0.0,4.0,0.8,0.0,3.0,1.0,0.54154754,0.45845246,4
246,5,5.0,0.0,1.0,3.0,0.0,1.0,2.0,4.0,13.0,38.0,76.0,0.15,11.0,95.0,1.0,1.0,0.0,4.0,3.09574468085106,0.0,1.0,0.0,17.0,0.8,0.0,3.0,1.0,0.718177,0.28182298,3
246,6,5.0,0.0,1.0,3.0,0.0,1.0,2.0,4.0,13.0,38.0,26.0,0.15,9.0,95.0,1.0,1.0,3.0,4.0,3.09574468085106,0.0,1.0,0.0,17.0,0.9,0.0,3.0,1.0,0.5552162,0.44478378,4
246,7,5.0,0.0,1.0,3.0,0.0,1.0,2.0,4.0,13.0,38.0,2.0,0.15,11.0,95.0,1.0,1.0,70.0,4.0,3.09574468085106,0.0,1.0,0.0,1.0,0.529411764705882,0.0,3.0,1.0,0.8772553,0.122744694,3
246,8,5.0,0.0,1.0,3.0,0.0,1.0,2.0,4.0,13.0,38.0,76.0,0.15,12.0,95.0,1.0,1.0,32.0,4.0,3.09574468085106,0.0,1.0,0.0,1.0,0.7,0.0,3.0,1.0,0.5108398,0.48916018,4
246,9,5.0,0.0,1.0,3.0,0.0,1.0,2.0,4.0,13.0,38.0,11.0,0.15,0.0,95.0,1.0,1.0,70.0,4.0,3.09574468085106,0.0,1.0,0.0,1.0,0.5,0.0,3.0,1.0,0.6207096,0.3792904,3
246,10,5.0,0.0,1.0,3.0,0.0,1.0,2.0,4.0,13.0,38.0,9.0,0.15,13.0,95.0,1.0,1.0,5.0,4.0,3.09574468085106,0.0,1.0,0.0,17.0,0.9,0.0,3.0,1.0,0.652548,0.34745198,4
246,11,5.0,0.0,1.0,3.0,0.0,1.0,2.0,4.0,13.0,38.0,124.0,0.15,15.0,95.0,1.0,1.0,7.0,4.0,3.09574468085106,0.0,1.0,0.0,1.0,0.529411764705882,0.0,3.0,1.0,0.5682976,0.43170235,4
246,12,5.0,0.0,1.0,3.0,0.0,1.0,2.0,4.0,13.0,38.0,10.0,0.15,0.0,95.0,1.0,1.0,2.0,4.0,3.09574468085106,0.0,1.0,0.0,11.0,0.9,0.0,3.0,1.0,0.57731915,0.42268082,4
246,13,5.0,0.0,1.0,3.0,0.0,1.0,2.0,4.0,13.0,38.0,106.0,0.15,15.0,95.0,1.0,1.0,54.0,4.0,3.09574468085106,0.0,1.0,0.0,4.0,0.9,0.0,3.0,1.0,0.5869839,0.41301608,5
246,14,5.0,0.0,1.0,3.0,0.0,1.0,2.0,4.0,13.0,38.0,76.0,0.15,7.0,95.0,1.0,1.0,3.0,4.0,3.09574468085106,0.0,1.0,0.0,17.0,0.9,0.0,3.0,1.0,0.51176894,0.48823103,3
246,15,5.0,0.0,1.0,3.0,0.0,1.0,2.0,4.0,13.0,38.0,76.0,0.15,15.0,95.0,1.0,1.0,46.0,4.0,3.09574468085106,0.0,1.0,0.0,4.0,0.9,0.0,3.0,1.0,0.5869839,0.41301608,4
246,16,5.0,0.0,1.0,3.0,0.0,1.0,2.0,4.0,13.0,38.0,9.0,0.15,15.0,95.0,1.0,1.0,9.0,4.0,3.09574468085106,0.0,1.0,0.0,2.0,0.4,0.0,3.0,1.0,0.93219024,0.067809746,5
246,17,5.0,0.0,1.0,3.0,0.0,1.0,2.0,4.0,13.0,38.0,7.0,0.15,7.0,95.0,1.0,1.0,9.0,4.0,3.09574468085106,0.0,1.0,0.0,3.0,0.529411764705882,0.0,3.0,1.0,0.931804,0.06819601,4
246,18,5.0,0.0,1.0,3.0,0.0,1.0,2.0,4.0,13.0,38.0,76.0,0.15,8.0,95.0,1.0,1.0,70.0,4.0,3.09574468085106,0.0,1.0,0.0,1.0,0.7,0.0,3.0,1.0,0.5108398,0.48916018,3
246,19,5.0,0.0,1.0,3.0,0.0,1.0,2.0,4.0,13.0,38.0,76.0,0.15,12.0,95.0,1.0,1.0,70.0,4.0,3.09574468085106,0.0,1.0,0.0,1.0,0.7,0.0,3.0,1.0,0.5108398,0.48916018,3
246,20,5.0,0.0,1.0,3.0,0.0,1.0,2.0,4.0,13.0,38.0,2.0,0.15,0.0,95.0,1.0,1.0,70.0,4.0,3.09574468085106,0.0,1.0,0.0,1.0,0.529411764705882,0.0,3.0,1.0,0.6624835,0.3375165,2
246,21,5.0,0.0,1.0,3.0,0.0,1.0,2.0,4.0,13.0,38.0,94.0,0.15,0.0,95.0,1.0,1.0,0.0,4.0,3.09574468085106,0.0,1.0,0.0,14.0,1.1,0.0,3.0,1.0,0.65174055,0.34825942,4
246,22,5.0,0.0,1.0,3.0,0.0,1.0,2.0,4.0,13.0,38.0,11.0,0.15,13.0,95.0,1.0,1.0,70.0,4.0,3.09574468085106,0.0,1.0,0.0,1.0,0.5,0.0,3.0,1.0,0.8496325,0.15036751,4
246,23,5.0,0.0,1.0,3.0,0.0,1.0,2.0,4.0,13.0,38.0,86.0,0.15,6.0,95.0,1.0,1.0,8.0,4.0,3.09574468085106,0.0,1.0,0.0,3.0,0.9,0.0,3.0,1.0,0.6493518,0.35064822,5
246,24,5.0,0.0,1.0,3.0,0.0,1.0,2.0,4.0,13.0,38.0,76.0,0.15,0.0,95.0,1.0,1.0,1.0,4.0,3.09574468085106,0.0,1.0,0.0,1.0,0.529411764705882,0.0,3.0,1.0,0.5416812,0.45831886,2
246,25,5.0,0.0,1.0,3.0,0.0,1.0,2.0,4.0,13.0,38.0,76.0,0.15,15.0,95.0,1.0,1.0,9.0,4.0,3.09574468085106,0.0,1.0,0.0,2.0,0.4,0.0,3.0,1.0,0.6127425,0.38725752,4
246,26,5.0,0.0,1.0,3.0,0.0,1.0,2.0,4.0,13.0,38.0,64.0,0.15,0.0,95.0,1.0,1.0,1.0,4.0,3.09574468085106,0.0,1.0,0.0,2.0,0.5,0.0,3.0,1.0,0.5296767,0.47032332,4
246,27,5.0,0.0,1.0,3.0,0.0,1.0,2.0,4.0,13.0,38.0,10.0,0.15,4.0,95.0,1.0,1.0,2.0,4.0,3.09574468085106,0.0,1.0,0.0,11.0,0.9,0.0,3.0,1.0,0.6395387,0.3604613,5
246,28,5.0,0.0,1.0,3.0,0.0,1.0,2.0,4.0,13.0,38.0,76.0,0.15,3.0,95.0,1.0,1.0,0.0,4.0,3.09574468085106,0.0,1.0,0.0,17.0,0.8,0.0,3.0,1.0,0.5538512,0.4461488,3
246,29,5.0,0.0,1.0,3.0,0.0,1.0,2.0,4.0,13.0,38.0,7.0,0.15,12.0,95.0,1.0,1.0,1.0,4.0,3.09574468085106,0.0,1.0,0.0,17.0,0.529411764705882,0.0,3.0,1.0,0.6108117,0.3891883,3
287,0,1.0,0.0,1.0,2.0,0.0,3.0,2.0,1.0,0.0,50.0,9.0,0.7,0.0,76.0,4.0,36.0,7.0,2.0,3.1,0.0,1.0,0.0,0.0,0.0,0.0,2.0,1.0,0.67524815,0.32475182,2
287,1,1.0,0.0,1.0,2.0,0.0,3.0,2.0,1.0,0.0,1.0,9.0,0.7,6.0,76.0,4.0,43.0,7.0,2.0,3.1,0.0,1.0,0.0,0.0,0.0,0.0,2.0,1.0,0.7825599,0.21744016,2
287,2,1.0,0.0,1.0,2.0,0.0,3.0,2.0,1.0,0.0,14.0,9.0,0.7,0.0,76.0,4.0,12.0,7.0,2.0,3.1,0.0,1.0,0.0,0.0,0.0,0.0,2.0,1.0,0.67524815,0.32475182,2
287,3,1.0,0.0,1.0,2.0,0.0,3.0,2.0,1.0,0.0,19.0,9.0,0.7,0.0,76.0,4.0,26.0,7.0,2.0,3.1,0.0,1.0,0.0,0.0,0.0,0.0,2.0,1.0,0.67524815,0.32475182,2
287,4,1.0,0.0,1.0,2.0,0.0,3.0,2.0,1.0,0.0,1.0,9.0,0.7,0.0,14.0,4.0,0.0,7.0,2.0,3.1,0.0,1.0,0.0,0.0,0.0,0.0,2.0,1.0,0.58372045,0.41627958,1
287,5,1.0,0.0,1.0,2.0,0.0,3.0,2.0,1.0,0.0,1.0,9.0,0.7,5.0,34.0,4.0,0.0,7.0,2.0,3.1,0.0,1.0,0.0,0.0,0.0,0.0,2.0,1.0,0.83206594,0.16793405,2
287,6,1.0,0.0,1.0,2.0,0.0,3.0,2.0,1.0,0.0,17.0,9.0,0.7,5.0,76.0,4.0,0.0,7.0,2.0,3.1,0.0,1.0,0.0,0.0,0.0,0.0,2.0,1.0,0.64734435,0.35265562,2
287,7,1.0,0.0,1.0,2.0,0.0,3.0,2.0,1.0,0.0,1.0,9.0,0.7,0.0,94.0,4.0,11.0,7.0,2.0,3.1,0.0,1.0,0.0,0.0,0.0,0.0,2.0,1.0,0.74047005,0.25952995,2
287,8,1.0,0.0,1.0,2.0,0.0,3.0,2.0,1.0,0.0,44.0,9.0,0.7,0.0,76.0,4.0,9.0,7.0,2.0,3.1,0.0,1.0,0.0,0.0,0.0,0.0,2.0,1.0,0.67524815,0.32475182,2
287,9,1.0,0.0,1.0,2.0,0.0,3.0,2.0,1.0,0.0,1.0,9.0,0.7,0.0,84.0,4.0,6.0,7.0,2.0,3.1,0.0,1.0,0.0,0.0,0.0,0.0,2.0,1.0,0.7843461,0.21565393,2
287,10,1.0,0.0,1.0,2.0,0.0,3.0,2.0,1.0,0.0,1.0,9.0,0.7,3.0,76.0,4.0,44.0,7.0,2.0,3.1,0.0,1.0,0.0,0.0,0.0,0.0,2.0,1.0,0.54147524,0.45852476,2
287,11,1.0,0.0,1.0,2.0,0.0,3.0,2.0,1.0,0.0,1.0,9.0,0.7,3.0,76.0,4.0,19.0,7.0,2.0,3.1,0.0,1.0,0.0,0.0,0.0,0.0,2.0,1.0,0.54147524,0.45852476,2
287,12,1.0,0.0,1.0,2.0,0.0,3.0,2.0,1.0,0.0,1.0,9.0,0.7,7.0,76.0,4.0,48.0,7.0,2.0,3.1,0.0,1.0,0.0,0.0,0.0,0.0,2.0,1.0,0.7825599,0.21744016,2
287,13,1.0,0.0,1.0,2.0,0.0,3.0,2.0,1.0,0.0,39.0,9.0,0.7,0.0,76.0,4.0,32.0,7.0,2.0,3.1,0.0,1.0,0.0,0.0,0.0,0.0,2.0,1.0,0.67524815,0.32475182,2
287,14,1.0,0.0,1.0,2.0,0.0,3.0,2.0,1.0,0.0,56.0,9.0,0.7,0.0,30.0,4.0,0.0,7.0,2.0,3.1,0.0,1.0,0.0,0.0,0.0,0.0,2.0,1.0,0.5739598,0.42604014,2
287,15,1.0,0.0,1.0,2.0,0.0,3.0,2.0,1.0,0.0,1.0,9.0,0.7,12.0,1.0,4.0,0.0,7.0,2.0,3.1,0.0,1.0,0.0,0.0,0.0,0.0,2.0,1.0,0.907397,0.09260303,2
287,16,1.0,0.0,1.0,2.0,0.0,3.0,2.0,1.0,0.0,1.0,9.0,0.7,8.0,76.0,4.0,11.0,7.0,2.0,3.1,0.0,1.0,0.0,0.0,0.0,0.0,2.0,1.0,0.7825599,0.21744016,2
287,17,1.0,0.0,1.0,2.0,0.0,3.0,2.0,1.0,0.0,1.0,9.0,0.7,10.0,76.0,4.0,0.0,7.0,2.0,3.1,0.0,1.0,0.0,0.0,0.0,0.0,2.0,1.0,0.57296324,0.4270368,1
287,18,1.0,0.0,1.0,2.0,0.0,3.0,2.0,1.0,0.0,1.0,9.0,0.7,5.0,76.0,4.0,26.0,7.0,2.0,3.1,0.0,1.0,0.0,0.0,0.0,0.0,2.0,1.0,0.7825599,0.21744016,2
287,19,1.0,0.0,1.0,2.0,0.0,3.0,2.0,1.0,0.0,22.0,9.0,0.7,11.0,76.0,4.0,0.0,7.0,2.0,3.1,0.0,1.0,0.0,0.0,0.0,0.0,2.0,1.0,0.64734435,0.35265562,2
287,20,1.0,0.0,1.0,2.0,0.0,3.0,2.0,1.0,0.0,1.0,9.0,0.7,15.0,94.0,4.0,0.0,7.0,2.0,3.1,0.0,1.0,0.0,0.0,0.0,0.0,2.0,1.0,0.72996473,0.2700353,2
287,21,1.0,0.0,1.0,2.0,0.0,3.0,2.0,1.0,0.0,1.0,9.0,0.7,3.0,10.0,4.0,0.0,7.0,2.0,3.1,0.0,1.0,0.0,0.0,0.0,0.0,2.0,1.0,0.7592775,0.24072246,2
287,22,1.0,0.0,1.0,2.0,0.0,3.0,2.0,1.0,0.0,1.0,9.0,0.7,6.0,23.0,4.0,0.0,7.0,2.0,3.1,0.0,1.0,0.0,0.0,0.0,0.0,2.0,1.0,0.8972062,0.1027938,2
287,23,1.0,0.0,1.0,2.0,0.0,3.0,2.0,1.0,0.0,1.0,9.0,0.7,13.0,7.0,4.0,0.0,7.0,2.0,3.1,0.0,1.0,0.0,0.0,0.0,0.0,2.0,1.0,0.907397,0.09260303,2
287,24,1.0,0.0,1.0,2.0,0.0,3.0,2.0,1.0,0.0,1.0,9.0,0.7,0.0,41.0,4.0,35.0,7.0,2.0,3.1,0.0,1.0,0.0,0.0,0.0,0.0,2.0,1.0,0.7547666,0.24523339,2
287,25,1.0,0.0,1.0,2.0,0.0,3.0,2.0,1.0,0.0,1.0,9.0,0.7,13.0,76.0,4.0,20.0,7.0,2.0,3.1,0.0,1.0,0.0,0.0,0.0,0.0,2.0,1.0,0.7825599,0.21744016,2
287,26,1.0,0.0,1.0,2.0,0.0,3.0,2.0,1.0,0.0,1.0,9.0,0.7,6.0,41.0,4.0,0.0,7.0,2.0,3.1,0.0,1.0,0.0,0.0,0.0,0.0,2.0,1.0,0.83206594,0.16793405,2
287,27,1.0,0.0,1.0,2.0,0.0,3.0,2.0,1.0,0.0,1.0,9.0,0.7,0.0,74.0,4.0,46.0,7.0,2.0,3.1,0.0,1.0,0.0,0.0,0.0,0.0,2.0,1.0,0.82019544,0.17980458,2
287,28,1.0,0.0,1.0,2.0,0.0,3.0,2.0,1.0,0.0,1.0,9.0,0.7,10.0,51.0,4.0,0.0,7.0,2.0,3.1,0.0,1.0,0.0,0.0,0.0,0.0,2.0,1.0,0.83206594,0.16793405,2
287,29,1.0,0.0,1.0,2.0,0.0,3.0,2.0,1.0,0.0,1.0,9.0,0.7,0.0,81.0,4.0,12.0,7.0,2.0,3.1,0.0,1.0,0.0,0.0,0.0,0.0,2.0,1.0,0.7843461,0.21565393,2
326,0,1.0,0.0,1.0,1.0,0.0,1.0,1.0,1.0,3.0,37.0,93.0,0.33,0.0,96.0,2.0,2.0,15.0,5.0,11.659793814433,0.0,0.0,0.0,4.0,1.0,0.0,3.0,0.0,0.88585263,0.11414737,2
326,1,1.0,0.0,1.0,1.0,0.0,1.0,1.0,1.0,3.0,1.0,93.0,0.33,0.0,96.0,2.0,2.0,15.0,3.0,11.659793814433,0.0,0.0,0.0,4.0,1.0,0.0,3.0,2.0,0.6680547,0.33194527,1
326,2,1.0,0.0,1.0,1.0,0.0,1.0,1.0,1.0,3.0,37.0,93.0,0.33,0.0,96.0,2.0,2.0,23.0,3.0,11.659793814433,0.0,0.0,0.0,4.0,1.0,0.0,3.0,0.0,0.8788375,0.12116248,2
326,3,1.0,0.0,1.0,1.0,0.0,1.0,1.0,1.0,3.0,37.0,93.0,0.33,0.0,96.0,2.0,2.0,57.0,3.0,11.659793814433,0.0,0.0,0.0,4.0,1.0,0.0,3.0,0.0,0.8788375,0.12116248,2
326,4,6.0,0.0,1.0,1.0,0.0,1.0,1.0,1.0,3.0,37.0,93.0,0.33,0.0,96.0,2.0,2.0,1.0,3.0,11.659793814433,0.0,0.0,0.0,4.0,1.0,0.0,3.0,2.0,0.86405224,0.13594775,2
326,5,1.0,0.0,1.0,1.0,0.0,1.0,1.0,1.0,3.0,37.0,93.0,0.33,0.0,96.0,2.0,2.0,15.0,2.0,11.659793814433,0.0,0.0,0.0,4.0,1.0,0.0,3.0,1.0,0.7497767,0.25022325,2
326,6,1.0,0.0,1.0,1.0,0.0,1.0,1.0,1.0,3.0,4.0,93.0,0.33,0.0,96.0,2.0,2.0,20.0,3.0,11.659793814433,0.0,0.0,0.0,4.0,1.0,0.0,3.0,2.0,0.69682187,0.30317813,2
326,7,1.0,0.0,1.0,1.0,0.0,1.0,1.0,1.0,3.0,37.0,93.0,0.33,0.0,96.0,2.0,2.0,18.0,2.0,11.659793814433,0.0,0.0,0.0,4.0,1.0,0.0,3.0,2.0,0.7242258,0.27577418,2
326,8,1.0,0.0,1.0,1.0,0.0,1.0,1.0,1.0,3.0,9.0,93.0,0.33,0.0,96.0,2.0,2.0,15.0,5.0,11.659793814433,0.0,0.0,0.0,4.0,1.0,0.0,3.0,2.0,0.76825476,0.23174527,2
326,9,0.0,0.0,1.0,1.0,0.0,1.0,1.0,1.0,3.0,37.0,93.0,0.33,0.0,96.0,2.0,2.0,15.0,2.0,11.659793814433,0.0,0.0,0.0,4.0,1.0,0.0,3.0,2.0,0.99054384,0.009456131,2
326,10,3.0,0.0,1.0,1.0,0.0,1.0,1.0,1.0,3.0,37.0,93.0,0.33,0.0,96.0,2.0,2.0,15.0,2.0,11.659793814433,0.0,0.0,0.0,4.0,1.0,0.0,3.0,2.0,0.737519,0.26248094,2
326,11,1.0,0.0,1.0,1.0,0.0,1.0,1.0,1.0,3.0,64.0,93.0,0.33,0.0,96.0,2.0,2.0,15.0,1.0,11.659793814433,0.0,0.0,0.0,4.0,1.0,0.0,3.0,2.0,0.8689336,0.13106637,2
326,12,20.0,0.0,1.0,1.0,0.0,1.0,1.0,1.0,3.0,37.0,93.0,0.33,0.0,96.0,2.0,2.0,15.0,2.0,11.659793814433,0.0,0.0,0.0,4.0,1.0,0.0,3.0,2.0,0.6457133,0.35428664,2
326,13,3.0,0.0,1.0,1.0,0.0,1.0,1.0,1.0,3.0,0.0,93.0,0.33,0.0,96.0,2.0,2.0,15.0,3.0,11.659793814433,0.0,0.0,0.0,4.0,1.0,0.0,3.0,2.0,0.6680547,0.33194527,2
326,14,1.0,0.0,1.0,1.0,0.0,1.0,1.0,1.0,3.0,6.0,93.0,0.33,0.0,96.0,2.0,2.0,7.0,3.0,11.659793814433,0.0,0.0,0.0,4.0,1.0,0.0,3.0,2.0,0.82220155,0.17779845,2
326,15,19.0,0.0,1.0,1.0,0.0,1.0,1.0,1.0,3.0,37.0,93.0,0.33,0.0,96.0,2.0,2.0,0.0,3.0,11.659793814433,0.0,0.0,0.0,4.0,1.0,0.0,3.0,2.0,0.891569,0.10843099,2
326,16,1.0,0.0,1.0,1.0,0.0,1.0,1.0,1.0,3.0,37.0,93.0,0.33,0.0,96.0,2.0,2.0,15.0,2.0,11.659793814433,0.0,0.0,0.0,4.0,1.0,0.0,3.0,0.0,0.9859459,0.014054148,2
326,17,1.0,0.0,1.0,1.0,0.0,1.0,1.0,1.0,3.0,49.0,93.0,0.33,0.0,96.0,2.0,2.0,15.0,1.0,11.659793814433,0.0,0.0,0.0,4.0,1.0,0.0,3.0,2.0,0.8689336,0.13106637,2
326,18,1.0,0.0,1.0,1.0,0.0,1.0,1.0,1.0,3.0,26.0,93.0,0.33,0.0,96.0,2.0,2.0,15.0,2.0,11.659793814433,0.0,0.0,0.0,4.0,1.0,0.0,3.0,2.0,0.737519,0.26248094,2
326,19,1.0,0.0,1.0,1.0,0.0,1.0,1.0,1.0,3.0,64.0,93.0,0.33,0.0,96.0,2.0,2.0,15.0,0.0,11.659793814433,0.0,0.0,0.0,4.0,1.0,0.0,3.0,2.0,0.8689336,0.13106637,2
326,20,1.0,0.0,1.0,1.0,0.0,1.0,1.0,1.0,3.0,37.0,93.0,0.33,0.0,96.0,2.0,2.0,44.0,3.0,11.659793814433,0.0,0.0,0.0,4.0,1.0,0.0,3.0,0.0,0.8788375,0.12116248,2
326,21,21.0,0.0,1.0,1.0,0.0,1.0,1.0,1.0,3.0,3.0,93.0,0.33,0.0,96.0,2.0,2.0,15.0,3.0,11.659793814433,0.0,0.0,0.0,4.0,1.0,0.0,3.0,2.0,0.6424034,0.35759658,2
326,22,5.0,0.0,1.0,1.0,0.0,1.0,1.0,1.0,3.0,37.0,93.0,0.33,0.0,96.0,2.0,2.0,15.0,3.0,11.659793814433,0.0,0.0,0.0,4.0,1.0,0.0,3.0,0.0,0.88585263,0.11414737,2
326,23,1.0,0.0,1.0,1.0,0.0,1.0,1.0,1.0,3.0,37.0,93.0,0.33,0.0,96.0,2.0,2.0,7.0,2.0,11.659793814433,0.0,0.0,0.0,4.0,1.0,0.0,3.0,2.0,0.8543306,0.14566942,2
326,24,1.0,0.0,1.0,1.0,0.0,1.0,1.0,1.0,3.0,7.0,93.0,0.33,0.0,96.0,2.0,2.0,5.0,3.0,11.659793814433,0.0,0.0,0.0,4.0,1.0,0.0,3.0,2.0,0.8542091,0.14579089,2
326,25,1.0,0.0,1.0,1.0,0.0,1.0,1.0,1.0,3.0,37.0,93.0,0.33,0.0,96.0,2.0,2.0,0.0,3.0,11.659793814433,0.0,0.0,0.0,4.0,1.0,0.0,3.0,2.0,0.9022723,0.09772774,1
326,26,0.0,0.0,1.0,1.0,0.0,1.0,1.0,1.0,3.0,37.0,93.0,0.33,0.0,96.0,2.0,2.0,15.0,6.0,11.659793814433,0.0,0.0,0.0,4.0,1.0,0.0,3.0,2.0,0.951448,0.048552,2
326,27,1.0,0.0,1.0,1.0,0.0,1.0,1.0,1.0,3.0,37.0,93.0,0.33,0.0,96.0,2.0,2.0,15.0,2.0,11.659793814433,0.0,0.0,0.0,4.0,1.0,0.0,3.0,3.0,0.737519,0.26248094,2
326,28,1.0,0.0,1.0,1.0,0.0,1.0,1.0,1.0,3.0,37.0,93.0,0.33,0.0,96.0,2.0,2.0,57.0,1.0,11.659793814433,0.0,0.0,0.0,4.0,1.0,0.0,3.0,2.0,0.86104184,0.13895814,2
326,29,18.0,0.0,1.0,1.0,0.0,1.0,1.0,1.0,3.0,37.0,93.0,0.33,0.0,96.0,2.0,2.0,15.0,3.0,11.659793814433,0.0,0.0,0.0,4.0,1.0,0.0,3.0,0.0,0.88585263,0.11414737,2
359,0,2.0,0.0,2.0,1.0,18.0,1.0,2.0,7.0,7.0,1.0,29.0,13.0,0.0,100.0,2.0,5.0,6.0,2.0,2.42105263157895,0.0,0.0,0.0,0.0,1.1,0.0,2.0,2.0,0.59440905,0.40559095,2
359,1,2.0,0.0,2.0,1.0,18.0,1.0,2.0,7.0,7.0,1.0,29.0,0.19,0.0,100.0,2.0,5.0,1.0,2.0,2.42105263157895,0.0,0.0,0.0,0.0,1.0,0.0,2.0,2.0,0.94749624,0.05250375,2
359,2,2.0,0.0,2.0,1.0,18.0,1.0,2.0,7.0,7.0,1.0,29.0,12.54,0.0,100.0,2.0,5.0,6.0,2.0,2.42105263157895,0.0,0.0,0.0,0.0,1.1,0.0,2.0,2.0,0.59440905,0.40559095,2
359,3,2.0,0.0,2.0,1.0,18.0,1.0,2.0,7.0,7.0,1.0,29.0,0.19,0.0,100.0,2.0,5.0,6.0,2.0,47.7,0.0,0.0,0.0,0.0,1.0,0.0,2.0,2.0,0.8481922,0.1518078,2
359,4,2.0,0.0,2.0,1.0,18.0,1.0,2.0,7.0,7.0,1.0,15.0,0.19,0.0,100.0,2.0,5.0,6.0,2.0,2.42105263157895,0.0,0.0,0.0,0.0,1.0,0.0,2.0,2.0,0.85067964,0.14932036,2
359,5,2.0,0.0,2.0,1.0,18.0,1.0,2.0,7.0,7.0,1.0,43.0,0.19,0.0,100.0,2.0,5.0,6.0,2.0,2.42105263157895,0.0,0.0,0.0,0.0,1.0,0.0,2.0,2.0,0.8254026,0.17459735,2
359,6,2.0,0.0,2.0,1.0,18.0,1.0,2.0,7.0,7.0,1.0,2.0,0.19,0.0,100.0,2.0,5.0,6.0,2.0,2.42105263157895,0.0,0.0,0.0,0.0,0.9,0.0,2.0,2.0,0.81931174,0.18068829,2
359,7,2.0,0.0,2.0,1.0,18.0,1.0,2.0,7.0,7.0,1.0,64.0,0.19,0.0,100.0,2.0,5.0,6.0,2.0,2.42105263157895,0.0,0.0,0.0,0.0,1.1,0.0,2.0,2.0,0.8254026,0.17459735,2
359,8,2.0,0.0,2.0,1.0,18.0,1.0,2.0,7.0,7.0,1.0,38.0,0.19,0.0,100.0,2.0,5.0,6.0,2.0,2.42105263157895,0.0,0.0,0.0,0.0,1.0,0.0,2.0,2.0,0.8254026,0.17459735,2
359,9,2.0,0.0,2.0,1.0,18.0,1.0,2.0,7.0,7.0,1.0,8.0,0.19,0.0,100.0,2.0,5.0,6.0,2.0,2.42105263157895,0.0,0.0,0.0,0.0,0.9,0.0,2.0,2.0,0.51817197,0.48182803,2
359,10,2.0,0.0,2.0,1.0,18.0,1.0,2.0,7.0,7.0,1.0,90.0,0.19,0.0,100.0,2.0,5.0,6.0,2.0,2.42105263157895,0.0,0.0,0.0,0.0,1.1,0.0,2.0,2.0,0.8254026,0.17459735,2
359,11,2.0,0.0,2.0,1.0,18.0,1.0,2.0,7.0,7.0,1.0,29.0,0.19,0.0,100.0,2.0,5.0,9.0,2.0,2.42105263157895,0.0,0.0,0.0,0.0,1.0,0.0,2.0,2.0,0.83719915,0.16280083,2
359,12,2.0,0.0,2.0,1.0,18.0,1.0,2.0,7.0,7.0,1.0,29.0,12.79,0.0,100.0,2.0,5.0,6.0,2.0,2.42105263157895,0.0,0.0,0.0,0.0,1.1,0.0,2.0,2.0,0.59440905,0.40559095,2
359,13,2.0,0.0,2.0,1.0,18.0,1.0,2.0,7.0,7.0,1.0,29.0,0.19,0.0,100.0,2.0,5.0,6.0,2.0,44.2,0.0,0.0,0.0,0.0,1.0,0.0,2.0,2.0,0.8481922,0.1518078,2
359,14,2.0,0.0,2.0,1.0,18.0,1.0,2.0,7.0,7.0,1.0,29.0,0.19,0.0,100.0,2.0,5.0,6.0,2.0,49.4,0.0,0.0,0.0,0.0,1.1,0.0,2.0,2.0,0.8481922,0.1518078,2
359,15,2.0,0.0,2.0,1.0,18.0,1.0,2.0,7.0,7.0,1.0,87.0,0.19,0.0,100.0,2.0,5.0,6.0,2.0,2.42105263157895,0.0,0.0,0.0,0.0,1.0,0.0,2.0,2.0,0.8254026,0.17459735,2
359,16,2.0,0.0,2.0,1.0,18.0,1.0,2.0,7.0,7.0,1.0,29.0,0.19,0.0,100.0,2.0,5.0,27.0,2.0,2.42105263157895,0.0,0.0,0.0,0.0,1.0,0.0,2.0,2.0,0.77844065,0.22155935,2
359,17,2.0,0.0,2.0,1.0,18.0,1.0,2.0,7.0,7.0,1.0,29.0,0.19,0.0,100.0,2.0,5.0,6.0,2.0,2.42105263157895,0.0,0.0,0.0,0.0,1.1,0.0,2.0,2.0,0.7805575,0.21944252,1
359,18,2.0,0.0,2.0,1.0,18.0,1.0,2.0,7.0,7.0,1.0,29.0,0.19,0.0,100.0,2.0,5.0,71.0,2.0,2.42105263157895,0.0,0.0,0.0,0.0,1.0,0.0,2.0,2.0,0.77844065,0.22155935,2
359,19,2.0,0.0,2.0,1.0,18.0,1.0,2.0,7.0,7.0,1.0,29.0,12.95,0.0,100.0,2.0,5.0,6.0,2.0,2.42105263157895,0.0,0.0,0.0,0.0,1.1,0.0,2.0,2.0,0.59440905,0.40559095,2
359,20,2.0,0.0,2.0,1.0,18.0,1.0,2.0,7.0,7.0,1.0,29.0,0.19,0.0,100.0,2.0,5.0,6.0,2.0,45.3,0.0,0.0,0.0,0.0,1.0,0.0,2.0,2.0,0.8481922,0.1518078,2
359,21,2.0,0.0,2.0,1.0,18.0,1.0,2.0,7.0,7.0,1.0,29.0,0.19,0.0,100.0,2.0,5.0,11.0,2.0,2.42105263157895,0.0,0.0,0.0,0.0,1.1,0.0,2.0,2.0,0.73766387,0.26233616,2
359,22,2.0,0.0,2.0,1.0,18.0,1.0,2.0,7.0,7.0,1.0,29.0,0.19,0.0,100.0,2.0,5.0,6.0,2.0,2.42105263157895,0.0,0.0,0.0,0.0,1.0,0.0,2.0,2.0,0.7805575,0.21944252,1
359,23,2.0,0.0,2.0,1.0,18.0,1.0,2.0,7.0,7.0,1.0,29.0,10.87,0.0,100.0,2.0,5.0,6.0,2.0,2.42105263157895,0.0,0.0,0.0,0.0,1.0,0.0,2.0,2.0,0.59440905,0.40559095,2
359,24,2.0,0.0,2.0,1.0,18.0,1.0,2.0,7.0,7.0,1.0,23.0,0.19,0.0,100.0,2.0,5.0,6.0,2.0,2.42105263157895,0.0,0.0,0.0,0.0,1.0,0.0,2.0,2.0,0.83399296,0.16600706,2
359,25,2.0,0.0,2.0,1.0,18.0,1.0,2.0,7.0,7.0,1.0,29.0,0.19,0.0,100.0,2.0,5.0,6.0,2.0,42.7,0.0,0.0,0.0,0.0,1.0,0.0,2.0,2.0,0.8481922,0.1518078,2
359,26,2.0,0.0,2.0,1.0,18.0,1.0,2.0,7.0,7.0,1.0,116.0,0.19,0.0,100.0,2.0,5.0,6.0,2.0,2.42105263157895,0.0,0.0,0.0,0.0,1.0,0.0,2.0,2.0,0.8254026,0.17459735,2
359,27,2.0,0.0,2.0,1.0,18.0,1.0,2.0,7.0,7.0,1.0,29.0,0.19,0.0,100.0,2.0,5.0,69.0,2.0,2.42105263157895,0.0,0.0,0.0,0.0,1.0,0.0,2.0,2.0,0.77844065,0.22155935,2
359,28,2.0,0.0,2.0,1.0,18.0,1.0,2.0,7.0,7.0,1.0,29.0,0.19,0.0,100.0,2.0,5.0,6.0,2.0,47.8,0.0,0.0,0.0,0.0,1.0,0.0,2.0,2.0,0.8481922,0.1518078,2
359,29,2.0,0.0,2.0,1.0,18.0,1.0,2.0,7.0,7.0,1.0,29.0,0.19,0.0,100.0,2.0,5.0,6.0,2.0,48.9,0.0,0.0,0.0,0.0,1.1,0.0,2.0,2.0,0.8481922,0.1518078,2
379,0,2.0,0.0,2.0,17.0,0.0,0.0,2.0,1.0,0.0,50.0,2.0,0.32,1.0,25.0,1.0,0.0,2.0,2.0,2.0,1.0,2.0,0.0,0.0,0.0,0.0,3.0,0.0,0.7510816,0.2489184,2
379,1,2.0,0.0,2.0,0.0,0.0,0.0,2.0,1.0,0.0,1.0,2.0,1.44,1.0,25.0,1.0,0.0,2.0,2.0,2.0,1.0,2.0,0.0,0.0,0.0,0.0,3.0,0.0,0.6444944,0.3555056,1
379,2,2.0,0.0,2.0,0.0,0.0,0.0,2.0,1.0,0.0,1.0,2.0,0.32,1.0,25.0,1.0,0.0,2.0,2.0,38.6,1.0,2.0,0.0,0.0,0.0,0.0,3.0,0.0,0.6338855,0.36611453,1
379,3,2.0,0.0,2.0,0.0,0.0,0.0,2.0,1.0,0.0,1.0,2.0,0.32,1.0,25.0,1.0,0.0,2.0,2.0,6.9,1.0,2.0,0.0,0.0,0.0,0.0,3.0,0.0,0.5829655,0.41703454,1
379,4,2.0,0.0,2.0,0.0,0.0,0.0,0.0,1.0,0.0,1.0,2.0,0.32,1.0,25.0,1.0,0.0,2.0,2.0,44.6,1.0,2.0,0.0,0.0,0.0,0.0,3.0,0.0,0.9540453,0.04595469,2
379,5,2.0,0.0,2.0,18.0,0.0,0.0,2.0,1.0,0.0,1.0,2.0,3.1,1.0,25.0,1.0,0.0,2.0,2.0,2.0,1.0,2.0,0.0,0.0,0.0,0.0,3.0,0.0,0.88500947,0.11499052,2
379,6,2.0,0.0,2.0,0.0,0.0,0.0,2.0,1.0,0.0,1.0,2.0,5.05,1.0,25.0,1.0,0.0,2.0,2.0,2.0,1.0,2.0,0.0,0.0,0.0,0.0,3.0,0.0,0.61495394,0.38504606,1
379,7,2.0,0.0,2.0,0.0,0.0,0.0,1.0,1.0,0.0,68.0,2.0,0.32,1.0,25.0,1.0,0.0,2.0,2.0,2.0,1.0,2.0,0.0,0.0,0.0,0.0,3.0,0.0,0.9599203,0.04007969,2
379,8,2.0,0.0,2.0,23.0,0.0,0.0,2.0,1.0,0.0,10.0,2.0,0.32,1.0,25.0,1.0,0.0,2.0,2.0,2.0,1.0,2.0,0.0,0.0,0.0,0.0,3.0,0.0,0.7510816,0.2489184,2
379,9,2.0,0.0,2.0,0.0,0.0,0.0,2.0,1.0,0.0,1.0,2.0,1.52,1.0,25.0,1.0,0.0,2.0,2.0,2.0,1.0,2.0,0.0,0.0,0.0,0.0,3.0,0.0,0.6444944,0.3555056,1
379,10,2.0,0.0,2.0,0.0,0.0,0.0,2.0,1.0,0.0,1.0,2.0,1.37,1.0,25.0,1.0,0.0,2.0,2.0,2.0,1.0,2.0,0.0,0.0,0.0,0.0,3.0,0.0,0.72092354,0.27907646,1
379,11,2.0,0.0,2.0,0.0,0.0,0.0,2.0,1.0,0.0,1.0,2.0,11.56,1.0,25.0,1.0,0.0,2.0,2.0,2.0,1.0,2.0,0.0,0.0,0.0,0.0,3.0,0.0,0.61495394,0.38504606,1
379,12,2.0,0.0,2.0,0.0,0.0,0.0,12.0,1.0,0.0,1.0,2.0,3.8,1.0,25.0,1.0,0.0,2.0,2.0,2.0,1.0,2.0,0.0,0.0,0.0,0.0,3.0,0.0,0.5178933,0.4821067,2
379,13,2.0,0.0,2.0,0.0,0.0,0.0,2.0,1.0,0.0,1.0,2.0,9.26,1.0,25.0,1.0,0.0,2.0,2.0,2.0,1.0,2.0,0.0,0.0,0.0,0.0,3.0,0.0,0.61495394,0.38504606,1
379,14,2.0,0.0,2.0,0.0,0.0,0.0,2.0,1.0,0.0,1.0,2.0,6.04,1.0,25.0,1.0,0.0,2.0,2.0,2.0,1.0,2.0,0.0,0.0,0.0,0.0,3.0,0.0,0.61495394,0.38504606,1
379,15,2.0,0.0,2.0,0.0,0.0,0.0,2.0,1.0,0.0,1.0,2.0,0.32,1.0,25.0,1.0,0.0,2.0,2.0,12.2,1.0,2.0,0.0,0.0,0.0,0.0,3.0,0.0,0.6338855,0.36611453,1
379,16,2.0,0.0,2.0,0.0,0.0,0.0,2.0,1.0,0.0,51.0,2.0,0.46,1.0,25.0,1.0,0.0,2.0,2.0,2.0,1.0,2.0,0.0,0.0,0.0,0.0,3.0,0.0,0.6400441,0.35995594,2
379,17,2.0,0.0,2.0,0.0,0.0,0.0,2.0,1.0,0.0,1.0,2.0,0.32,1.0,25.0,1.0,0.0,2.0,2.0,11.0,1.0,2.0,0.0,0.0,0.0,0.0,3.0,0.0,0.6338855,0.36611453,1
379,18,2.0,0.0,2.0,0.0,0.0,0.0,2.0,1.0,0.0,1.0,2.0,12.13,1.0,25.0,1.0,0.0,2.0,2.0,2.0,1.0,2.0,0.0,0.0,0.0,0.0,3.0,0.0,0.61495394,0.38504606,1
379,19,2.0,0.0,2.0,0.0,0.0,0.0,1.0,1.0,0.0,1.0,2.0,0.32,1.0,25.0,1.0,0.0,2.0,2.0,36.6,1.0,2.0,0.0,0.0,0.0,0.0,3.0,0.0,0.9540453,0.04595469,2
379,20,2.0,0.0,2.0,0.0,0.0,0.0,2.0,1.0,0.0,6.0,2.0,0.32,1.0,25.0,1.0,0.0,2.0,2.0,46.5,1.0,2.0,0.0,0.0,0.0,0.0,3.0,0.0,0.7896107,0.21038933,2
379,21,2.0,0.0,2.0,0.0,0.0,0.0,2.0,1.0,0.0,1.0,2.0,0.32,1.0,25.0,1.0,0.0,2.0,2.0,27.0,1.0,2.0,0.0,0.0,0.0,0.0,3.0,0.0,0.6338855,0.36611453,1
379,22,2.0,0.0,2.0,0.0,0.0,0.0,2.0,1.0,0.0,1.0,2.0,0.32,1.0,25.0,1.0,0.0,2.0,2.0,49.1,1.0,2.0,0.0,0.0,0.0,0.0,3.0,0.0,0.6338855,0.36611453,1
379,23,2.0,0.0,2.0,0.0,0.0,0.0,2.0,1.0,0.0,1.0,2.0,0.82,1.0,25.0,1.0,0.0,2.0,2.0,2.0,1.0,2.0,0.0,0.0,0.0,0.0,3.0,0.0,0.90665305,0.09334694,1
379,24,2.0,0.0,2.0,0.0,0.0,0.0,1.0,1.0,0.0,5.0,2.0,0.32,1.0,25.0,1.0,0.0,2.0,2.0,2.0,1.0,2.0,0.0,0.0,0.0,0.0,3.0,0.0,0.9662964,0.033703607,2
379,25,2.0,0.0,2.0,0.0,0.0,0.0,2.0,1.0,0.0,1.0,2.0,1.03,1.0,25.0,1.0,0.0,2.0,2.0,2.0,1.0,2.0,0.0,0.0,0.0,0.0,3.0,0.0,0.8350689,0.16493112,1
379,26,2.0,0.0,2.0,1.0,0.0,0.0,2.0,1.0,0.0,1.0,2.0,10.32,1.0,25.0,1.0,0.0,2.0,2.0,2.0,1.0,2.0,0.0,0.0,0.0,0.0,3.0,0.0,0.7581557,0.24184431,2
379,27,2.0,0.0,2.0,0.0,0.0,0.0,2.0,1.0,0.0,1.0,2.0,3.81,1.0,25.0,1.0,0.0,2.0,2.0,2.0,1.0,2.0,0.0,0.0,0.0,0.0,3.0,0.0,0.6927452,0.30725476,1
379,28,2.0,0.0,2.0,0.0,0.0,0.0,2.0,1.0,0.0,51.0,2.0,0.32,1.0,25.0,1.0,0.0,2.0,2.0,51.1,1.0,2.0,0.0,0.0,0.0,0.0,3.0,0.0,0.77163756,0.22836241,2
379,29,2.0,0.0,2.0,15.0,0.0,0.0,2.0,1.0,0.0,1.0,2.0,0.32,1.0,25.0,1.0,0.0,2.0,2.0,46.2,1.0,2.0,0.0,0.0,0.0,0.0,3.0,0.0,0.87779427,0.12220573,2
389,0,0.0,3.0,1.0,3.0,0.0,0.0,2.0,4.0,5.0,6.0,41.0,0.19,0.0,90.0,2.0,2.0,3.0,3.0,17.7,0.0,0.0,0.0,0.0,0.0,0.0,2.0,2.0,0.6140748,0.38592514,1
389,1,0.0,3.0,1.0,3.0,0.0,0.0,2.0,4.0,5.0,6.0,41.0,0.19,0.0,90.0,2.0,2.0,3.0,3.0,39.5,0.0,0.0,0.0,0.0,0.0,0.0,2.0,2.0,0.6140748,0.38592514,1
389,2,0.0,3.0,1.0,3.0,0.0,0.0,2.0,4.0,5.0,6.0,41.0,1.94,0.0,90.0,2.0,2.0,3.0,3.0,7.5,0.0,0.0,0.0,0.0,0.0,0.0,2.0,2.0,0.7293527,0.27064726,2
389,3,0.0,3.0,1.0,3.0,0.0,0.0,2.0,4.0,2.0,6.0,41.0,0.19,0.0,90.0,2.0,2.0,3.0,3.0,1.36734693877551,0.0,0.0,0.0,0.0,1.1,0.0,2.0,2.0,0.99236757,0.00763243,2
389,4,0.0,3.0,1.0,3.0,0.0,0.0,2.0,4.0,0.0,6.0,41.0,0.19,0.0,90.0,2.0,2.0,3.0,3.0,38.6,0.0,0.0,0.0,0.0,0.0,0.0,2.0,2.0,0.8885839,0.11141613,2
389,5,0.0,3.0,1.0,3.0,0.0,0.0,2.0,4.0,5.0,6.0,41.0,0.19,0.0,90.0,2.0,2.0,3.0,3.0,18.9,0.0,0.0,0.0,0.0,0.0,0.0,2.0,2.0,0.6140748,0.38592514,1
389,6,0.0,3.0,1.0,3.0,0.0,0.0,2.0,4.0,5.0,6.0,41.0,1.92,0.0,90.0,2.0,2.0,3.0,3.0,7.4,0.0,0.0,0.0,0.0,0.0,0.0,2.0,2.0,0.68511474,0.3148853,2
389,7,0.0,3.0,1.0,3.0,0.0,0.0,2.0,4.0,5.0,6.0,41.0,12.95,0.0,90.0,2.0,2.0,3.0,3.0,1.36734693877551,0.0,0.0,0.0,0.0,1.1,0.0,2.0,2.0,0.8181926,0.1818074,2
389,8,0.0,3.0,1.0,3.0,0.0,0.0,2.0,4.0,5.0,6.0,41.0,0.19,0.0,90.0,2.0,2.0,3.0,3.0,13.7,0.0,0.0,0.0,0.0,0.0,0.0,2.0,2.0,0.6140748,0.38592514,1
389,9,0.0,3.0,1.0,3.0,0.0,0.0,2.0,4.0,4.0,6.0,41.0,0.19,0.0,90.0,2.0,2.0,3.0,3.0,37.3,0.0,0.0,0.0,0.0,0.0,0.0,2.0,2.0,0.75140303,0.24859695,2
389,10,0.0,3.0,1.0,3.0,0.0,0.0,2.0,4.0,13.0,6.0,41.0,0.19,0.0,90.0,2.0,2.0,3.0,3.0,50.4,0.0,0.0,0.0,0.0,0.0,0.0,2.0,2.0,0.56474924,0.43525076,2
389,11,0.0,3.0,1.0,3.0,0.0,0.0,2.0,4.0,5.0,6.0,41.0,10.46,0.0,90.0,2.0,2.0,3.0,3.0,40.9,0.0,0.0,0.0,0.0,0.0,0.0,2.0,2.0,0.71389705,0.28610295,2
389,12,0.0,3.0,1.0,3.0,0.0,0.0,2.0,4.0,5.0,6.0,41.0,0.19,0.0,90.0,2.0,2.0,3.0,3.0,25.8,0.0,0.0,0.0,0.0,0.0,0.0,2.0,2.0,0.6140748,0.38592514,1
389,13,0.0,3.0,1.0,3.0,0.0,0.0,2.0,4.0,5.0,6.0,7.0,0.19,0.0,90.0,2.0,2.0,3.0,3.0,1.36734693877551,0.0,0.0,0.0,0.0,0.0,0.0,2.0,2.0,0.7247235,0.27527648,1
389,14,0.0,3.0,1.0,3.0,0.0,0.0,2.0,4.0,5.0,6.0,41.0,0.19,0.0,90.0,2.0,2.0,3.0,3.0,28.2,0.0,0.0,0.0,0.0,0.0,0.0,2.0,2.0,0.6140748,0.38592514,1
389,15,0.0,3.0,1.0,3.0,0.0,0.0,2.0,4.0,5.0,6.0,41.0,2.95,0.0,90.0,2.0,2.0,3.0,3.0,11.5,0.0,0.0,0.0,0.0,0.0,0.0,2.0,2.0,0.7822311,0.21776891,2
389,16,0.0,3.0,1.0,3.0,0.0,0.0,2.0,4.0,0.0,6.0,18.0,0.19,0.0,90.0,2.0,2.0,3.0,3.0,1.36734693877551,0.0,0.0,0.0,0.0,0.0,0.0,2.0,2.0,0.5423993,0.4576007,2
389,17,0.0,3.0,1.0,3.0,0.0,0.0,2.0,4.0,5.0,6.0,28.0,0.19,0.0,90.0,2.0,2.0,3.0,3.0,28.7,0.0,0.0,0.0,0.0,0.0,0.0,2.0,2.0,0.54487944,0.45512053,2
389,18,0.0,3.0,1.0,3.0,0.0,0.0,2.0,4.0,34.0,6.0,41.0,0.19,0.0,90.0,2.0,2.0,3.0,3.0,22.4,0.0,0.0,0.0,0.0,0.0,0.0,2.0,2.0,0.50459945,0.49540058,2
389,19,0.0,3.0,1.0,3.0,0.0,0.0,2.0,4.0,5.0,6.0,41.0,0.19,0.0,90.0,2.0,2.0,3.0,3.0,41.4,0.0,0.0,0.0,0.0,0.0,0.0,2.0,2.0,0.6140748,0.38592514,1
389,20,0.0,3.0,1.0,3.0,0.0,0.0,2.0,4.0,5.0,6.0,41.0,6.06,0.0,90.0,2.0,2.0,3.0,3.0,23.7,0.0,0.0,0.0,0.0,0.0,0.0,2.0,2.0,0.71389705,0.28610295,2
389,21,0.0,3.0,1.0,3.0,0.0,0.0,2.0,4.0,5.0,6.0,41.0,0.19,0.0,90.0,2.0,2.0,3.0,3.0,13.9,0.0,0.0,0.0,0.0,0.5,0.0,2.0,2.0,0.6140748,0.38592514,2
389,22,0.0,3.0,1.0,3.0,0.0,0.0,2.0,4.0,5.0,6.0,41.0,7.59,0.0,90.0,2.0,2.0,3.0,3.0,29.7,0.0,0.0,0.0,0.0,0.0,0.0,2.0,2.0,0.71389705,0.28610295,2
389,23,0.0,3.0,1.0,3.0,0.0,0.0,2.0,4.0,5.0,6.0,41.0,9.85,0.0,90.0,2.0,2.0,3.0,3.0,38.5,0.0,0.0,0.0,0.0,0.0,0.0,2.0,2.0,0.71389705,0.28610295,2
389,24,0.0,3.0,1.0,3.0,0.0,0.0,2.0,4.0,5.0,6.0,41.0,0.19,0.0,90.0,2.0,2.0,3.0,3.0,19.5,0.0,0.0,0.0,0.0,0.0,0.0,2.0,2.0,0.6140748,0.38592514,1
389,25,0.0,3.0,1.0,3.0,0.0,0.0,2.0,4.0,5.0,6.0,41.0,0.19,0.0,90.0,2.0,2.0,3.0,3.0,8.5,0.0,0.0,0.0,0.0,0.0,0.0,2.0,2.0,0.6140748,0.38592514,1
389,26,0.0,3.0,1.0,3.0,0.0,0.0,2.0,4.0,5.0,6.0,41.0,0.19,0.0,90.0,2.0,2.0,3.0,3.0,39.6,0.0,0.0,0.0,0.0,0.9,0.0,2.0,2.0,0.9618105,0.038189474,2
389,27,0.0,3.0,1.0,3.0,0.0,0.0,2.0,4.0,5.0,6.0,26.0,0.19,0.0,90.0,2.0,2.0,3.0,3.0,5.6,0.0,0.0,0.0,0.0,0.0,0.0,2.0,2.0,0.58525616,0.41474384,2
389,28,0.0,3.0,1.0,3.0,0.0,0.0,2.0,4.0,5.0,6.0,81.0,0.19,0.0,90.0,2.0,2.0,3.0,3.0,9.5,0.0,0.0,0.0,0.0,0.0,0.0,2.0,2.0,0.6140748,0.38592514,2
389,29,0.0,3.0,1.0,3.0,0.0,0.0,2.0,4.0,5.0,6.0,41.0,0.19,0.0,90.0,2.0,2.0,3.0,3.0,42.1,0.0,0.0,0.0,0.0,0.0,0.0,2.0,2.0,0.6140748,0.38592514,1
393,0,4.0,6.0,1.0,15.0,0.0,0.0,2.0,3.0,3.0,19.0,44.0,0.09,0.0,94.0,1.0,1.0,44.0,2.0,4.49122807017544,0.0,1.0,0.0,6.0,1.1,0.0,2.0,0.0,0.8329606,0.16703938,2
393,1,4.0,6.0,1.0,15.0,0.0,0.0,2.0,3.0,3.0,19.0,44.0,0.09,0.0,94.0,1.0,1.0,12.0,2.0,4.49122807017544,0.0,1.0,0.0,12.0,0.9,0.0,2.0,0.0,0.71583784,0.2841622,2
393,2,4.0,6.0,1.0,15.0,0.0,0.0,2.0,3.0,3.0,19.0,44.0,0.09,13.0,94.0,1.0,1.0,12.0,2.0,4.49122807017544,0.0,1.0,0.0,1.0,0.5,0.0,2.0,0.0,0.8355795,0.1644205,2
393,3,4.0,6.0,1.0,15.0,0.0,0.0,2.0,3.0,3.0,19.0,44.0,0.09,0.0,94.0,1.0,1.0,12.0,2.0,4.49122807017544,0.0,1.0,0.0,9.0,1.0,0.0,2.0,0.0,0.87805855,0.12194145,2
393,4,4.0,6.0,1.0,15.0,0.0,0.0,2.0,3.0,3.0,19.0,44.0,0.09,0.0,94.0,1.0,1.0,12.0,2.0,4.49122807017544,0.0,1.0,0.0,3.0,0.6,0.0,2.0,0.0,0.5853299,0.41467014,2
393,5,4.0,6.0,1.0,15.0,0.0,0.0,2.0,3.0,3.0,19.0,44.0,0.09,0.0,94.0,1.0,1.0,12.0,2.0,4.49122807017544,0.0,1.0,0.0,9.0,1.1,0.0,2.0,0.0,0.87805855,0.12194145,2
393,6,4.0,6.0,1.0,15.0,0.0,0.0,2.0,3.0,3.0,19.0,44.0,0.09,0.0,94.0,1.0,1.0,12.0,2.0,4.49122807017544,0.0,1.0,0.0,11.0,0.9,0.0,2.0,0.0,0.71583784,0.2841622,2
393,7,4.0,6.0,1.0,15.0,0.0,0.0,2.0,3.0,3.0,19.0,44.0,0.09,0.0,94.0,1.0,1.0,26.0,2.0,4.49122807017544,0.0,1.0,0.0,1.0,0.5,0.0,2.0,0.0,0.58634543,0.41365454,2
393,8,4.0,6.0,1.0,15.0,0.0,0.0,2.0,3.0,3.0,19.0,24.0,0.09,0.0,94.0,1.0,1.0,12.0,2.0,4.49122807017544,0.0,1.0,0.0,6.0,1.1,0.0,2.0,0.0,0.86787754,0.13212246,2
393,9,4.0,6.0,1.0,15.0,0.0,0.0,2.0,3.0,3.0,19.0,44.0,0.09,0.0,94.0,1.0,1.0,61.0,2.0,4.49122807017544,0.0,1.0,0.0,1.0,0.5,0.0,2.0,0.0,0.58634543,0.41365454,2
393,10,4.0,6.0,1.0,15.0,0.0,0.0,2.0,3.0,3.0,19.0,44.0,0.09,0.0,94.0,1.0,1.0,12.0,2.0,4.49122807017544,0.0,1.0,0.0,19.0,0.9,0.0,2.0,0.0,0.71583784,0.2841622,2
393,11,4.0,6.0,1.0,15.0,0.0,0.0,2.0,3.0,3.0,19.0,44.0,0.09,0.0,94.0,1.0,1.0,0.0,2.0,4.49122807017544,0.0,1.0,0.0,6.0,1.1,0.0,2.0,0.0,0.98798186,0.012018149,2
393,12,4.0,6.0,1.0,15.0,0.0,0.0,2.0,3.0,3.0,19.0,44.0,0.09,13.0,94.0,1.0,1.0,12.0,2.0,4.49122807017544,0.0,1.0,0.0,6.0,1.1,0.0,2.0,0.0,0.91736054,0.08263946,2
393,13,4.0,6.0,1.0,15.0,0.0,0.0,2.0,3.0,3.0,19.0,44.0,0.09,0.0,94.0,1.0,1.0,46.0,2.0,4.49122807017544,0.0,1.0,0.0,2.0,0.5,0.0,2.0,0.0,0.52612627,0.4738737,2
393,14,4.0,6.0,1.0,15.0,0.0,0.0,2.0,3.0,3.0,19.0,80.0,0.09,0.0,94.0,1.0,1.0,12.0,2.0,4.49122807017544,0.0,1.0,0.0,3.0,0.5,0.0,2.0,0.0,0.5582049,0.44179514,2
393,15,4.0,6.0,1.0,15.0,0.0,0.0,2.0,3.0,3.0,19.0,52.0,0.09,0.0,94.0,1.0,1.0,12.0,2.0,4.49122807017544,0.0,1.0,0.0,6.0,0.9,0.0,2.0,0.0,0.69678986,0.30321014,2
393,16,4.0,6.0,1.0,15.0,0.0,0.0,2.0,3.0,3.0,19.0,44.0,0.09,5.0,94.0,1.0,1.0,12.0,2.0,4.49122807017544,0.0,1.0,0.0,6.0,0.8,0.0,2.0,0.0,0.6801069,0.3198931,2
393,17,4.0,6.0,1.0,15.0,0.0,0.0,2.0,3.0,3.0,19.0,44.0,0.09,0.0,94.0,1.0,1.0,12.0,2.0,4.49122807017544,0.0,1.0,0.0,16.0,1.0,0.0,2.0,0.0,0.87805855,0.12194145,2
393,18,4.0,6.0,1.0,15.0,0.0,0.0,2.0,3.0,3.0,19.0,44.0,0.09,0.0,94.0,1.0,1.0,33.0,2.0,4.49122807017544,0.0,1.0,0.0,6.0,0.9,0.0,2.0,0.0,0.6356408,0.3643592,2
393,19,4.0,6.0,1.0,15.0,0.0,0.0,2.0,3.0,3.0,19.0,44.0,0.09,0.0,94.0,1.0,1.0,55.0,2.0,4.49122807017544,0.0,1.0,0.0,2.0,0.5,0.0,2.0,0.0,0.52612627,0.4738737,2
393,20,4.0,6.0,1.0,15.0,0.0,0.0,2.0,3.0,3.0,19.0,44.0,0.09,5.0,94.0,1.0,1.0,12.0,2.0,4.49122807017544,0.0,1.0,0.0,1.0,0.5,0.0,2.0,0.0,0.8355795,0.1644205,2
393,21,4.0,6.0,1.0,15.0,0.0,0.0,2.0,3.0,3.0,19.0,44.0,0.09,3.0,94.0,1.0,1.0,12.0,2.0,4.49122807017544,0.0,1.0,0.0,6.0,0.9,0.0,2.0,0.0,0.6950556,0.3049444,2
393,22,4.0,6.0,1.0,15.0,0.0,0.0,2.0,3.0,3.0,19.0,44.0,0.09,0.0,94.0,1.0,1.0,12.0,2.0,4.49122807017544,0.0,1.0,0.0,5.0,1.1,0.0,2.0,0.0,0.952085,0.04791498,2
393,23,4.0,6.0,1.0,15.0,0.0,0.0,2.0,3.0,3.0,19.0,44.0,0.09,0.0,94.0,1.0,1.0,12.0,2.0,4.49122807017544,0.0,1.0,0.0,14.0,1.0,0.0,2.0,0.0,0.87805855,0.12194145,2
393,24,4.0,6.0,1.0,15.0,0.0,0.0,2.0,3.0,3.0,19.0,44.0,0.09,5.0,94.0,1.0,1.0,12.0,2.0,4.49122807017544,0.0,1.0,0.0,6.0,1.0,0.0,2.0,0.0,0.91736054,0.08263946,2
393,25,4.0,6.0,1.0,15.0,0.0,0.0,2.0,3.0,3.0,19.0,44.0,0.09,0.0,94.0,1.0,1.0,47.0,2.0,4.49122807017544,0.0,1.0,0.0,6.0,1.1,0.0,2.0,0.0,0.8329606,0.16703938,2
393,26,4.0,6.0,1.0,15.0,0.0,0.0,2.0,3.0,3.0,19.0,66.0,0.09,0.0,94.0,1.0,1.0,12.0,2.0,4.49122807017544,0.0,1.0,0.0,3.0,0.5,0.0,2.0,0.0,0.5582049,0.44179514,2
393,27,4.0,6.0,1.0,15.0,0.0,0.0,2.0,3.0,3.0,19.0,44.0,0.09,0.0,94.0,1.0,1.0,22.0,2.0,4.49122807017544,0.0,1.0,0.0,6.0,1.0,0.0,2.0,0.0,0.8329606,0.16703938,2
393,28,4.0,6.0,1.0,15.0,0.0,0.0,2.0,3.0,3.0,19.0,44.0,0.09,0.0,94.0,1.0,1.0,52.0,2.0,4.49122807017544,0.0,1.0,0.0,6.0,1.0,0.0,2.0,0.0,0.8329606,0.16703938,2
393,29,4.0,6.0,1.0,15.0,0.0,0.0,2.0,3.0,3.0,19.0,44.0,0.09,2.0,94.0,1.0,1.0,12.0,2.0,4.49122807017544,0.0,1.0,0.0,2.0,0.5,0.0,2.0,0.0,0.6234109,0.37658912,2
427,0,9.0,10.0,1.0,5.0,2.0,1.0,2.0,1.0,0.0,22.0,24.0,0.18,0.0,66.0,1.0,0.0,10.0,3.0,4.13953488372093,0.0,1.0,0.0,11.0,1.0,0.0,2.0,0.0,0.528085,0.47191504,1
427,1,9.0,10.0,1.0,5.0,2.0,1.0,2.0,1.0,0.0,22.0,17.0,0.18,0.0,57.0,1.0,0.0,10.0,3.0,4.13953488372093,0.0,1.0,0.0,11.0,1.0,0.0,2.0,0.0,0.58084357,0.4191564,2
427,2,9.0,10.0,1.0,5.0,2.0,1.0,2.0,1.0,0.0,22.0,24.0,0.18,0.0,65.0,1.0,0.0,10.0,3.0,4.13953488372093,0.0,1.0,0.0,11.0,1.0,0.0,2.0,0.0,0.528085,0.47191504,1
427,3,21.0,10.0,1.0,5.0,2.0,1.0,2.0,1.0,0.0,22.0,24.0,0.18,0.0,64.0,1.0,0.0,10.0,3.0,4.13953488372093,0.0,1.0,0.0,11.0,1.0,0.0,2.0,0.0,0.528085,0.47191504,2
427,4,9.0,10.0,1.0,5.0,2.0,1.0,2.0,1.0,0.0,22.0,7.0,0.18,0.0,91.0,1.0,0.0,10.0,1.0,4.13953488372093,0.0,1.0,0.0,11.0,1.0,0.0,2.0,0.0,0.59760606,0.40239394,2
427,5,0.0,10.0,1.0,5.0,2.0,1.0,2.0,1.0,0.0,22.0,13.0,0.18,0.0,91.0,1.0,0.0,10.0,3.0,4.13953488372093,0.0,1.0,0.0,11.0,1.0,0.0,2.0,0.0,0.6320548,0.36794522,2
427,6,0.0,10.0,1.0,5.0,2.0,1.0,2.0,1.0,0.0,22.0,24.0,0.18,0.0,16.0,1.0,0.0,10.0,3.0,4.13953488372093,0.0,1.0,0.0,11.0,1.0,0.0,2.0,0.0,0.73493433,0.2650657,2
427,7,0.0,10.0,1.0,5.0,2.0,1.0,2.0,1.0,0.0,22.0,111.0,0.18,0.0,91.0,1.0,0.0,10.0,3.0,4.13953488372093,0.0,1.0,0.0,11.0,1.0,0.0,2.0,0.0,0.50844127,0.49155873,2
427,8,9.0,10.0,1.0,5.0,2.0,1.0,2.0,1.0,0.0,22.0,24.0,0.18,0.0,53.0,1.0,0.0,10.0,3.0,4.13953488372093,0.0,1.0,0.0,11.0,1.0,0.0,2.0,0.0,0.528085,0.47191504,1
427,9,9.0,10.0,1.0,5.0,2.0,1.0,2.0,1.0,0.0,22.0,14.0,0.18,0.0,56.0,1.0,0.0,10.0,3.0,4.13953488372093,0.0,1.0,0.0,11.0,1.0,0.0,2.0,0.0,0.6514448,0.34855524,2
427,10,9.0,10.0,1.0,5.0,2.0,1.0,2.0,1.0,0.0,22.0,24.0,0.18,0.0,53.0,1.0,0.0,0.0,3.0,4.13953488372093,0.0,1.0,0.0,11.0,1.0,0.0,2.0,0.0,0.6734693,0.3265307,2
427,11,0.0,10.0,1.0,5.0,2.0,1.0,2.0,1.0,0.0,22.0,101.0,0.18,0.0,91.0,1.0,0.0,10.0,3.0,4.13953488372093,0.0,1.0,0.0,11.0,1.0,0.0,2.0,0.0,0.50844127,0.49155873,2
427,12,0.0,10.0,1.0,5.0,2.0,1.0,2.0,1.0,0.0,22.0,24.0,0.18,0.0,91.0,1.0,0.0,10.0,5.0,4.13953488372093,0.0,1.0,0.0,11.0,1.0,0.0,2.0,0.0,0.55192536,0.44807464,2
427,13,2.0,10.0,1.0,5.0,2.0,1.0,2.0,1.0,0.0,22.0,24.0,0.18,0.0,59.0,1.0,0.0,10.0,3.0,4.13953488372093,0.0,1.0,0.0,11.0,1.0,0.0,2.0,0.0,0.528085,0.47191504,2
427,14,9.0,10.0,1.0,5.0,2.0,1.0,2.0,1.0,0.0,22.0,24.0,0.18,0.0,52.0,1.0,0.0,10.0,3.0,4.13953488372093,0.0,1.0,0.0,11.0,1.0,0.0,2.0,0.0,0.528085,0.47191504,1
427,15,1.0,10.0,1.0,5.0,2.0,1.0,2.0,1.0,0.0,22.0,24.0,0.18,0.0,71.0,1.0,0.0,10.0,3.0,4.13953488372093,0.0,1.0,0.0,11.0,1.0,0.0,2.0,0.0,0.5197371,0.4802629,2
427,16,0.0,10.0,1.0,5.0,2.0,1.0,2.0,1.0,0.0,22.0,24.0,0.18,0.0,91.0,1.0,0.0,10.0,1.0,4.13953488372093,0.0,1.0,0.0,11.0,1.0,0.0,2.0,0.0,0.7280364,0.27196357,2
427,17,9.0,10.0,1.0,5.0,2.0,1.0,2.0,1.0,0.0,22.0,10.0,0.18,0.0,70.0,1.0,0.0,10.0,3.0,4.13953488372093,0.0,1.0,0.0,11.0,1.0,0.0,2.0,0.0,0.6321492,0.36785075,2
427,18,0.0,10.0,1.0,5.0,2.0,1.0,2.0,1.0,0.0,22.0,24.0,0.18,0.0,91.0,1.0,0.0,10.0,2.0,4.13953488372093,0.0,1.0,0.0,11.0,1.0,0.0,2.0,0.0,0.82195175,0.17804827,2
427,19,7.0,10.0,1.0,5.0,2.0,1.0,2.0,1.0,0.0,22.0,24.0,0.18,0.0,56.0,1.0,0.0,10.0,3.0,4.13953488372093,0.0,1.0,0.0,11.0,1.0,0.0,2.0,0.0,0.528085,0.47191504,2
427,20,0.0,10.0,1.0,5.0,2.0,1.0,2.0,1.0,0.0,22.0,4.0,0.18,0.0,91.0,1.0,0.0,10.0,3.0,4.13953488372093,0.0,1.0,0.0,11.0,1.0,0.0,2.0,0.0,0.63735366,0.3626463,2
427,21,9.0,10.0,1.0,5.0,2.0,1.0,2.0,1.0,0.0,22.0,24.0,0.18,0.0,56.0,1.0,0.0,10.0,3.0,4.13953488372093,0.0,1.0,0.0,11.0,1.0,0.0,2.0,0.0,0.528085,0.47191504,1
427,22,3.0,10.0,1.0,5.0,2.0,1.0,2.0,1.0,0.0,22.0,24.0,0.18,0.0,71.0,1.0,0.0,10.0,3.0,4.13953488372093,0.0,1.0,0.0,11.0,1.0,0.0,2.0,0.0,0.5197371,0.4802629,2
427,23,9.0,10.0,1.0,5.0,2.0,1.0,2.0,1.0,0.0,22.0,24.0,0.18,0.0,40.0,1.0,0.0,10.0,1.0,4.13953488372093,0.0,1.0,0.0,11.0,1.0,0.0,2.0,0.0,0.65247554,0.34752446,2
427,24,0.0,10.0,1.0,5.0,2.0,1.0,2.0,1.0,0.0,22.0,84.0,0.18,0.0,91.0,1.0,0.0,10.0,3.0,4.13953488372093,0.0,1.0,0.0,11.0,1.0,0.0,2.0,0.0,0.50844127,0.49155873,2
427,25,9.0,10.0,1.0,5.0,2.0,1.0,2.0,1.0,0.0,22.0,24.0,0.18,0.0,62.0,1.0,0.0,10.0,3.0,4.13953488372093,0.0,1.0,0.0,11.0,1.0,0.0,2.0,0.0,0.528085,0.47191504,1
427,26,9.0,10.0,1.0,5.0,2.0,1.0,2.0,1.0,0.0,22.0,24.0,0.18,0.0,52.0,1.0,0.0,10.0,8.0,4.13953488372093,0.0,1.0,0.0,11.0,1.0,0.0,2.0,0.0,0.528085,0.47191504,2
427,27,9.0,10.0,1.0,5.0,2.0,1.0,2.0,1.0,0.0,22.0,24.0,0.18,0.0,91.0,1.0,0.0,0.0,2.0,4.13953488372093,0.0,1.0,0.0,11.0,1.0,0.0,2.0,0.0,0.7128116,0.28718838,2
427,28,16.0,10.0,1.0,5.0,2.0,1.0,2.0,1.0,0.0,22.0,24.0,0.18,0.0,52.0,1.0,0.0,10.0,3.0,4.13953488372093,0.0,1.0,0.0,11.0,1.0,0.0,2.0,0.0,0.528085,0.47191504,2
427,29,9.0,10.0,1.0,5.0,2.0,1.0,2.0,1.0,0.0,22.0,24.0,0.18,0.0,91.0,1.0,0.0,1.0,2.0,4.13953488372093,0.0,1.0,0.0,11.0,1.0,0.0,2.0,0.0,0.5952432,0.40475675,2
500,0,0.0,0.0,1.0,1.0,0.0,10.0,3.0,1.0,3.0,0.0,1.0,0.63,0.0,75.0,3.0,1.0,7.0,1.0,3.75,34.0,2.0,0.0,3.0,1.0,0.0,2.0,0.0,0.8234323,0.17656767,2
500,1,0.0,0.0,1.0,1.0,0.0,3.0,3.0,1.0,3.0,0.0,1.0,0.63,0.0,75.0,3.0,1.0,7.0,1.0,6.7,1.0,2.0,0.0,3.0,1.0,0.0,2.0,0.0,0.69013387,0.30986613,1
500,2,0.0,0.0,1.0,1.0,0.0,3.0,3.0,1.0,3.0,0.0,1.0,0.63,0.0,75.0,3.0,1.0,7.0,1.0,15.3,27.0,2.0,0.0,3.0,1.0,0.0,2.0,0.0,0.97723126,0.022768714,2
500,3,0.0,0.0,1.0,1.0,0.0,3.0,3.0,1.0,3.0,0.0,1.0,0.63,0.0,75.0,3.0,1.0,7.0,1.0,50.4,35.0,2.0,0.0,3.0,1.0,0.0,2.0,0.0,0.97723126,0.022768714,2
500,4,0.0,0.0,1.0,1.0,0.0,3.0,3.0,1.0,3.0,0.0,1.0,0.63,0.0,75.0,3.0,1.0,64.0,1.0,6.8,1.0,2.0,0.0,3.0,1.0,0.0,2.0,0.0,0.5795461,0.42045388,2
500,5,0.0,0.0,1.0,1.0,0.0,3.0,3.0,1.0,3.0,0.0,1.0,2.26,0.0,75.0,3.0,1.0,7.0,1.0,3.75,18.0,2.0,0.0,3.0,1.0,0.0,2.0,0.0,0.9640093,0.035990708,2
500,6,0.0,0.0,1.0,1.0,0.0,3.0,3.0,1.0,3.0,0.0,1.0,2.45,0.0,75.0,3.0,1.0,7.0,1.0,3.75,1.0,2.0,0.0,3.0,1.0,0.0,2.0,0.0,0.82048154,0.17951849,1
500,7,0.0,0.0,1.0,1.0,0.0,3.0,3.0,1.0,3.0,0.0,1.0,0.63,0.0,75.0,3.0,1.0,18.0,1.0,3.75,34.0,2.0,0.0,3.0,1.0,0.0,2.0,0.0,0.62479365,0.37520632,2
500,8,0.0,0.0,1.0,1.0,0.0,3.0,3.0,1.0,3.0,0.0,1.0,0.63,0.0,75.0,3.0,1.0,7.0,1.0,6.2,37.0,2.0,0.0,3.0,1.0,0.0,2.0,0.0,0.96503496,0.034965068,2
500,9,0.0,0.0,1.0,1.0,0.0,3.0,3.0,1.0,3.0,0.0,1.0,0.63,0.0,75.0,3.0,1.0,7.0,1.0,43.1,1.0,2.0,0.0,3.0,1.0,0.0,2.0,0.0,0.7759583,0.22404169,1
500,10,0.0,0.0,1.0,1.0,0.0,3.0,3.0,1.0,3.0,0.0,1.0,3.7,0.0,75.0,3.0,1.0,7.0,1.0,14.4,1.0,2.0,0.0,3.0,1.0,0.0,2.0,0.0,0.8871577,0.1128423,2
500,11,0.0,0.0,1.0,1.0,0.0,8.0,3.0,1.0,3.0,0.0,1.0,0.63,0.0,75.0,3.0,1.0,7.0,1.0,3.75,8.0,2.0,0.0,3.0,1.0,0.0,2.0,0.0,0.6984694,0.30153057,2
500,12,0.0,0.0,1.0,1.0,0.0,3.0,3.0,1.0,3.0,0.0,1.0,12.5,0.0,75.0,3.0,1.0,7.0,1.0,48.9,1.0,2.0,0.0,3.0,1.0,0.0,2.0,0.0,0.7629752,0.23702481,2
500,13,0.0,0.0,1.0,1.0,0.0,3.0,3.0,1.0,3.0,0.0,1.0,0.63,0.0,75.0,3.0,1.0,7.0,1.0,35.4,11.0,2.0,0.0,3.0,1.0,0.0,2.0,0.0,0.97723126,0.022768714,2
500,14,0.0,0.0,1.0,1.0,0.0,0.0,3.0,1.0,3.0,0.0,1.0,0.63,0.0,75.0,3.0,1.0,7.0,1.0,21.4,1.0,2.0,0.0,3.0,1.0,0.0,2.0,0.0,0.96164453,0.0383555,2
500,15,0.0,0.0,1.0,1.0,0.0,5.0,3.0,1.0,3.0,0.0,1.0,1.46,0.0,75.0,3.0,1.0,7.0,1.0,3.75,1.0,2.0,0.0,3.0,1.0,0.0,2.0,0.0,0.8616098,0.13839017,2
500,16,0.0,0.0,1.0,1.0,0.0,3.0,3.0,1.0,3.0,0.0,1.0,0.63,0.0,75.0,3.0,1.0,7.0,1.0,45.3,25.0,2.0,0.0,3.0,1.0,0.0,2.0,0.0,0.97723126,0.022768714,2
500,17,0.0,0.0,1.0,1.0,0.0,3.0,3.0,1.0,3.0,0.0,1.0,0.63,0.0,75.0,3.0,1.0,8.0,1.0,3.75,9.0,2.0,0.0,3.0,1.0,0.0,2.0,0.0,0.72793716,0.27206284,2
500,18,0.0,0.0,1.0,1.0,0.0,3.0,3.0,1.0,3.0,0.0,1.0,0.63,0.0,75.0,3.0,1.0,19.0,1.0,51.1,1.0,2.0,0.0,3.0,1.0,0.0,2.0,0.0,0.5795461,0.42045388,2
500,19,0.0,0.0,1.0,1.0,0.0,3.0,3.0,1.0,3.0,0.0,1.0,0.63,0.0,75.0,3.0,1.0,13.0,1.0,3.75,19.0,2.0,0.0,3.0,1.0,0.0,2.0,0.0,0.65040743,0.34959257,2
500,20,0.0,0.0,1.0,1.0,0.0,15.0,3.0,1.0,3.0,0.0,1.0,1.05,0.0,75.0,3.0,1.0,7.0,1.0,3.75,1.0,2.0,0.0,3.0,1.0,0.0,2.0,0.0,0.67722607,0.3227739,2
500,21,0.0,0.0,1.0,1.0,0.0,3.0,3.0,1.0,3.0,0.0,1.0,0.63,0.0,75.0,3.0,1.0,7.0,1.0,25.1,24.0,2.0,0.0,3.0,1.0,0.0,2.0,0.0,0.97723126,0.022768714,2
500,22,0.0,0.0,1.0,1.0,0.0,3.0,3.0,1.0,3.0,0.0,1.0,0.63,0.0,75.0,3.0,1.0,70.0,1.0,3.75,25.0,2.0,0.0,3.0,1.0,0.0,2.0,0.0,0.62479365,0.37520632,2
500,23,0.0,0.0,1.0,1.0,0.0,3.0,3.0,1.0,3.0,0.0,1.0,6.49,0.0,75.0,3.0,1.0,7.0,1.0,3.75,15.0,2.0,0.0,3.0,1.0,0.0,2.0,0.0,0.73382986,0.26617017,2
500,24,0.0,0.0,1.0,1.0,0.0,3.0,3.0,1.0,3.0,0.0,1.0,0.63,0.0,75.0,3.0,1.0,64.0,1.0,35.3,1.0,2.0,0.0,3.0,1.0,0.0,2.0,0.0,0.5795461,0.42045388,2
500,25,0.0,0.0,1.0,1.0,0.0,3.0,3.0,1.0,3.0,0.0,1.0,1.88,0.0,75.0,3.0,1.0,7.0,1.0,7.2,1.0,2.0,0.0,3.0,1.0,0.0,2.0,0.0,0.9619931,0.038006928,2
500,26,0.0,0.0,1.0,1.0,0.0,3.0,3.0,1.0,3.0,0.0,1.0,0.74,0.0,75.0,3.0,1.0,7.0,1.0,3.75,1.0,2.0,0.0,3.0,1.0,0.0,2.0,0.0,0.7765252,0.22347482,1
500,27,0.0,0.0,1.0,1.0,0.0,10.0,3.0,1.0,3.0,0.0,1.0,1.67,0.0,75.0,3.0,1.0,7.0,1.0,3.75,1.0,2.0,0.0,3.0,1.0,0.0,2.0,0.0,0.51740754,0.4825925,2
500,28,0.0,0.0,1.0,1.0,0.0,3.0,3.0,1.0,3.0,0.0,1.0,0.63,0.0,75.0,3.0,1.0,7.0,1.0,38.6,1.0,2.0,0.0,3.0,1.0,0.0,2.0,0.0,0.7759583,0.22404169,1
500,29,0.0,0.0,1.0,1.0,0.0,3.0,3.0,1.0,3.0,0.0,1.0,0.63,0.0,75.0,3.0,1.0,59.0,1.0,3.75,3.0,2.0,0.0,3.0,1.0,0.0,2.0,0.0,0.62479365,0.37520632,2
502,0,0.0,0.0,1.0,1.0,0.0,0.0,2.0,1.0,5.0,3.0,1.0,5.04,0.0,62.0,2.0,1.0,8.0,1.0,4.16666666666667,1.0,1.0,0.0,0.0,0.6,0.0,3.0,2.0,0.809201,0.190799,2
502,1,0.0,0.0,1.0,1.0,0.0,0.0,2.0,1.0,5.0,3.0,1.0,13.03,0.0,62.0,2.0,1.0,8.0,1.0,4.16666666666667,1.0,1.0,0.0,0.0,0.0,0.0,3.0,2.0,0.641212,0.358788,1
502,2,0.0,0.0,1.0,1.0,0.0,0.0,2.0,1.0,5.0,3.0,1.0,0.41,0.0,92.0,2.0,1.0,8.0,1.0,4.16666666666667,1.0,1.0,0.0,0.0,0.0,0.0,3.0,2.0,0.71372664,0.28627336,1
502,3,0.0,0.0,1.0,1.0,0.0,0.0,2.0,1.0,5.0,3.0,1.0,0.41,0.0,84.0,2.0,1.0,8.0,1.0,4.16666666666667,1.0,1.0,0.0,0.0,0.0,0.0,3.0,2.0,0.68903995,0.31096005,1
502,4,0.0,0.0,1.0,1.0,0.0,0.0,2.0,1.0,5.0,3.0,1.0,0.41,0.0,17.0,2.0,1.0,8.0,1.0,4.16666666666667,1.0,1.0,0.0,0.0,0.0,0.0,3.0,2.0,0.505764,0.494236,1
502,5,0.0,0.0,1.0,1.0,0.0,0.0,2.0,1.0,5.0,3.0,1.0,2.01,0.0,62.0,2.0,1.0,8.0,1.0,4.16666666666667,1.0,1.0,0.0,0.0,0.0,0.0,3.0,2.0,0.694061,0.30593902,1
502,6,0.0,0.0,1.0,1.0,0.0,0.0,2.0,1.0,5.0,3.0,1.0,0.41,0.0,62.0,2.0,1.0,8.0,1.0,42.5,1.0,1.0,0.0,0.0,1.0,0.0,3.0,2.0,0.994639,0.005361043,2
502,7,0.0,0.0,1.0,1.0,0.0,0.0,2.0,1.0,5.0,3.0,1.0,12.85,0.0,62.0,2.0,1.0,8.0,1.0,4.16666666666667,1.0,1.0,0.0,0.0,0.0,0.0,3.0,2.0,0.641212,0.358788,1
502,8,0.0,0.0,1.0,1.0,0.0,0.0,2.0,1.0,5.0,3.0,1.0,11.18,0.0,62.0,2.0,1.0,8.0,1.0,4.16666666666667,1.0,1.0,0.0,0.0,0.0,0.0,3.0,2.0,0.641212,0.358788,1
502,9,0.0,0.0,1.0,1.0,0.0,0.0,2.0,1.0,5.0,3.0,1.0,6.71,0.0,62.0,2.0,1.0,8.0,1.0,26.2,1.0,1.0,0.0,0.0,0.0,0.0,3.0,2.0,0.73375046,0.2662495,2
502,10,0.0,0.0,1.0,1.0,0.0,0.0,13.0,1.0,5.0,3.0,1.0,0.41,0.0,62.0,2.0,1.0,8.0,1.0,4.16666666666667,1.0,1.0,0.0,0.0,0.8,0.0,3.0,2.0,0.7438046,0.25619543,2
502,11,0.0,0.0,1.0,1.0,0.0,0.0,2.0,1.0,5.0,3.0,1.0,13.05,0.0,49.0,2.0,1.0,8.0,1.0,4.16666666666667,1.0,1.0,0.0,0.0,0.0,0.0,3.0,2.0,0.7451788,0.2548212,2
502,12,0.0,0.0,1.0,1.0,0.0,0.0,2.0,1.0,5.0,3.0,1.0,2.31,0.0,18.0,2.0,1.0,8.0,1.0,4.16666666666667,1.0,1.0,0.0,0.0,0.0,0.0,3.0,2.0,0.87159973,0.12840027,2
502,13,0.0,0.0,1.0,1.0,0.0,0.0,2.0,1.0,5.0,3.0,1.0,0.95,0.0,53.0,2.0,1.0,8.0,1.0,4.16666666666667,1.0,1.0,0.0,0.0,0.0,0.0,3.0,2.0,0.8832191,0.11678091,2
502,14,0.0,0.0,1.0,1.0,0.0,0.0,2.0,1.0,5.0,3.0,1.0,7.55,0.0,62.0,2.0,1.0,8.0,1.0,4.16666666666667,1.0,1.0,0.0,0.0,0.0,0.0,3.0,2.0,0.641212,0.358788,1
502,15,0.0,0.0,1.0,1.0,0.0,0.0,2.0,1.0,5.0,3.0,1.0,0.41,0.0,62.0,2.0,1.0,8.0,1.0,1.0,1.0,1.0,0.0,0.0,0.3,0.0,3.0,2.0,0.64209354,0.35790643,2
502,16,0.0,0.0,1.0,1.0,0.0,0.0,2.0,1.0,5.0,3.0,1.0,10.38,0.0,62.0,2.0,1.0,8.0,1.0,4.16666666666667,1.0,1.0,0.0,0.0,0.0,0.0,3.0,2.0,0.641212,0.358788,1
502,17,0.0,0.0,1.0,1.0,0.0,0.0,2.0,1.0,5.0,3.0,1.0,0.41,0.0,81.0,2.0,1.0,8.0,1.0,4.16666666666667,1.0,1.0,0.0,0.0,0.0,0.0,3.0,2.0,0.68903995,0.31096005,1
502,18,0.0,0.0,1.0,1.0,0.0,0.0,2.0,1.0,5.0,3.0,1.0,8.4,0.0,62.0,2.0,1.0,8.0,1.0,4.16666666666667,1.0,1.0,0.0,0.0,0.0,0.0,3.0,2.0,0.641212,0.358788,1
502,19,0.0,0.0,1.0,1.0,0.0,0.0,2.0,1.0,5.0,3.0,1.0,1.76,0.0,62.0,2.0,1.0,8.0,1.0,4.16666666666667,1.0,1.0,0.0,0.0,0.0,0.0,3.0,2.0,0.5642645,0.43573552,1
502,20,0.0,0.0,1.0,1.0,0.0,0.0,2.0,1.0,5.0,3.0,1.0,1.82,0.0,24.0,2.0,1.0,8.0,1.0,4.16666666666667,1.0,1.0,0.0,0.0,0.0,0.0,3.0,2.0,0.8041148,0.1958852,2
502,21,0.0,0.0,1.0,1.0,0.0,0.0,2.0,1.0,5.0,3.0,1.0,6.97,0.0,62.0,2.0,1.0,8.0,1.0,4.16666666666667,1.0,1.0,0.0,0.0,0.0,0.0,3.0,2.0,0.641212,0.358788,1
502,22,0.0,0.0,1.0,1.0,0.0,0.0,2.0,1.0,5.0,3.0,1.0,11.28,0.0,62.0,2.0,1.0,8.0,1.0,4.16666666666667,1.0,1.0,0.0,0.0,1.0,0.0,3.0,2.0,0.95406884,0.045931187,2
502,23,0.0,0.0,1.0,1.0,0.0,0.0,2.0,1.0,5.0,3.0,1.0,5.64,0.0,62.0,2.0,1.0,8.0,1.0,4.16666666666667,1.0,1.0,0.0,0.0,0.0,0.0,3.0,2.0,0.641212,0.358788,1
502,24,0.0,0.0,1.0,1.0,0.0,0.0,2.0,1.0,5.0,3.0,1.0,3.19,0.0,27.0,2.0,1.0,8.0,1.0,4.16666666666667,1.0,1.0,0.0,0.0,0.0,0.0,3.0,2.0,0.8549786,0.14502136,2
502,25,0.0,0.0,1.0,1.0,0.0,0.0,2.0,1.0,5.0,3.0,1.0,11.53,0.0,62.0,2.0,1.0,8.0,1.0,4.16666666666667,1.0,1.0,0.0,0.0,0.0,0.0,3.0,2.0,0.641212,0.358788,1
502,26,0.0,0.0,1.0,1.0,0.0,0.0,2.0,1.0,5.0,3.0,1.0,2.71,0.0,62.0,2.0,1.0,8.0,1.0,4.16666666666667,1.0,1.0,0.0,0.0,0.0,0.0,3.0,2.0,0.67836523,0.3216348,1
502,27,0.0,0.0,1.0,1.0,0.0,0.0,2.0,1.0,5.0,3.0,1.0,9.67,0.0,62.0,2.0,1.0,8.0,1.0,4.16666666666667,1.0,1.0,0.0,0.0,0.9,0.0,3.0,2.0,0.9210581,0.07894187,2
502,28,0.0,0.0,1.0,1.0,0.0,0.0,9.0,1.0,5.0,3.0,1.0,0.41,0.0,85.0,2.0,1.0,8.0,1.0,4.16666666666667,1.0,1.0,0.0,0.0,0.0,0.0,3.0,2.0,0.52212715,0.47787288,2
502,29,0.0,0.0,1.0,1.0,0.0,0.0,2.0,1.0,5.0,3.0,1.0,0.37,0.0,62.0,2.0,1.0,8.0,1.0,1.3,1.0,1.0,0.0,0.0,0.0,0.0,3.0,2.0,0.52586365,0.47413635,2
503,0,2.0,0.0,1.0,2.0,1.0,1.0,3.0,10.0,28.0,36.0,39.0,0.14,0.0,93.0,1.0,2.0,4.0,2.0,4.15942028985507,0.0,0.0,0.0,11.0,1.0,0.0,3.0,0.0,0.6591953,0.34080467,1
503,1,2.0,0.0,1.0,2.0,1.0,1.0,3.0,10.0,28.0,36.0,102.0,0.14,0.0,93.0,1.0,2.0,6.0,2.0,4.15942028985507,0.0,0.0,0.0,11.0,1.0,0.0,3.0,0.0,0.64700764,0.35299236,2
503,2,7.0,0.0,1.0,2.0,1.0,1.0,3.0,10.0,28.0,36.0,39.0,0.14,0.0,93.0,1.0,2.0,6.0,2.0,4.15942028985507,0.0,0.0,0.0,11.0,1.0,0.0,3.0,0.0,0.54315424,0.4568458,2
503,3,2.0,0.0,1.0,1.0,1.0,1.0,3.0,10.0,28.0,36.0,39.0,0.14,0.0,93.0,1.0,2.0,40.0,2.0,4.15942028985507,0.0,0.0,0.0,11.0,1.0,0.0,3.0,0.0,0.64270496,0.357295,1
503,4,2.0,0.0,1.0,2.0,1.0,1.0,3.0,10.0,28.0,36.0,100.0,0.14,0.0,93.0,1.0,2.0,40.0,2.0,4.15942028985507,0.0,0.0,0.0,4.0,1.0,0.0,3.0,0.0,0.60785115,0.39214885,2
503,5,10.0,0.0,1.0,2.0,1.0,1.0,3.0,10.0,28.0,36.0,39.0,0.14,0.0,93.0,1.0,2.0,7.0,2.0,4.15942028985507,0.0,0.0,0.0,11.0,1.0,0.0,3.0,0.0,0.50199306,0.49800694,2
503,6,2.0,0.0,1.0,2.0,1.0,1.0,3.0,10.0,28.0,36.0,43.0,0.14,0.0,93.0,1.0,2.0,40.0,2.0,4.15942028985507,0.0,0.0,0.0,4.0,1.0,0.0,3.0,0.0,0.60785115,0.39214885,2
503,7,2.0,0.0,1.0,2.0,1.0,1.0,3.0,10.0,28.0,36.0,64.0,0.14,0.0,93.0,1.0,2.0,40.0,2.0,4.15942028985507,0.0,0.0,0.0,2.0,1.0,0.0,3.0,0.0,0.5849991,0.41500092,2
503,8,2.0,0.0,1.0,2.0,1.0,1.0,3.0,10.0,28.0,36.0,39.0,0.14,0.0,93.0,1.0,2.0,27.0,2.0,4.15942028985507,0.0,0.0,0.0,3.0,1.0,0.0,3.0,0.0,0.5849991,0.41500092,2
503,9,2.0,0.0,1.0,0.0,1.0,1.0,3.0,10.0,28.0,36.0,91.0,0.14,0.0,93.0,1.0,2.0,40.0,2.0,4.15942028985507,0.0,0.0,0.0,11.0,1.0,0.0,3.0,0.0,0.64123166,0.35876834,2
503,10,0.0,0.0,1.0,2.0,1.0,1.0,3.0,10.0,28.0,36.0,39.0,0.14,0.0,93.0,1.0,2.0,40.0,2.0,4.15942028985507,0.0,0.0,0.0,11.0,1.0,0.0,3.0,0.0,0.771975,0.22802502,1
503,11,2.0,0.0,1.0,2.0,1.0,1.0,3.0,10.0,28.0,36.0,39.0,0.14,0.0,93.0,1.0,2.0,5.0,2.0,4.15942028985507,0.0,0.0,0.0,11.0,1.0,0.0,3.0,0.0,0.6709267,0.32907328,1
503,12,18.0,0.0,1.0,2.0,1.0,1.0,3.0,10.0,28.0,36.0,39.0,0.14,0.0,93.0,1.0,2.0,40.0,2.0,4.15942028985507,0.0,0.0,0.0,1.0,1.0,0.0,3.0,0.0,0.5386087,0.46139136,2
503,13,2.0,0.0,1.0,21.0,1.0,1.0,3.0,10.0,28.0,36.0,39.0,0.14,0.0,93.0,1.0,2.0,10.0,2.0,4.15942028985507,0.0,0.0,0.0,11.0,1.0,0.0,3.0,0.0,0.5606754,0.4393246,2
503,14,2.0,0.0,1.0,0.0,1.0,1.0,3.0,10.0,28.0,36.0,39.0,0.14,0.0,93.0,1.0,2.0,40.0,2.0,4.15942028985507,0.0,0.0,0.0,11.0,1.0,0.0,3.0,0.0,0.64123166,0.35876834,1
503,15,2.0,0.0,1.0,11.0,1.0,1.0,3.0,10.0,28.0,36.0,39.0,0.14,0.0,93.0,1.0,2.0,40.0,2.0,4.15942028985507,0.0,0.0,0.0,4.0,1.0,0.0,3.0,0.0,0.55071425,0.44928572,2
503,16,2.0,0.0,1.0,17.0,1.0,1.0,3.0,10.0,28.0,36.0,39.0,0.14,0.0,93.0,1.0,2.0,40.0,2.0,4.15942028985507,0.0,0.0,0.0,4.0,1.0,0.0,3.0,0.0,0.55071425,0.44928572,2
503,17,2.0,0.0,1.0,1.0,1.0,1.0,3.0,10.0,28.0,36.0,39.0,0.14,0.0,93.0,1.0,2.0,40.0,2.0,4.15942028985507,0.0,0.0,0.0,23.0,1.0,0.0,3.0,0.0,0.64270496,0.357295,2
503,18,2.0,0.0,1.0,19.0,1.0,1.0,3.0,10.0,28.0,36.0,39.0,0.14,0.0,93.0,1.0,2.0,4.0,2.0,4.15942028985507,0.0,0.0,0.0,11.0,1.0,0.0,3.0,0.0,0.6046741,0.39532593,2
503,19,2.0,0.0,1.0,2.0,1.0,1.0,3.0,10.0,28.0,36.0,105.0,0.14,0.0,93.0,1.0,2.0,4.0,2.0,4.15942028985507,0.0,0.0,0.0,11.0,1.0,0.0,3.0,0.0,0.6591953,0.34080467,2
503,20,2.0,0.0,1.0,19.0,1.0,1.0,3.0,10.0,28.0,36.0,39.0,0.14,0.0,93.0,1.0,2.0,0.0,2.0,4.15942028985507,0.0,0.0,0.0,11.0,1.0,0.0,3.0,0.0,0.88203263,0.11796739,2
503,21,0.0,0.0,1.0,2.0,1.0,1.0,3.0,10.0,28.0,36.0,5.0,0.14,0.0,93.0,1.0,2.0,40.0,2.0,4.15942028985507,0.0,0.0,0.0,11.0,1.0,0.0,3.0,0.0,0.75658756,0.24341244,2
503,22,0.0,0.0,1.0,14.0,1.0,1.0,3.0,10.0,28.0,36.0,39.0,0.14,0.0,93.0,1.0,2.0,40.0,2.0,4.15942028985507,0.0,0.0,0.0,11.0,1.0,0.0,3.0,0.0,0.7280527,0.27194732,2
503,23,2.0,0.0,1.0,1.0,1.0,1.0,3.0,10.0,28.0,36.0,39.0,0.14,0.0,93.0,1.0,2.0,40.0,2.0,4.15942028985507,0.0,0.0,0.0,7.0,1.0,0.0,3.0,0.0,0.64270496,0.357295,2
503,24,2.0,0.0,1.0,9.0,1.0,1.0,3.0,10.0,28.0,36.0,39.0,0.14,0.0,93.0,1.0,2.0,40.0,2.0,4.15942028985507,0.0,0.0,0.0,1.0,1.0,0.0,3.0,0.0,0.5873147,0.4126853,2
503,25,0.0,0.0,1.0,2.0,1.0,1.0,3.0,10.0,28.0,36.0,44.0,0.14,0.0,93.0,1.0,2.0,40.0,2.0,4.15942028985507,0.0,0.0,0.0,11.0,1.0,0.0,3.0,0.0,0.771975,0.22802502,2
503,26,0.0,0.0,1.0,2.0,1.0,1.0,3.0,10.0,28.0,36.0,39.0,0.14,0.0,93.0,1.0,2.0,37.0,2.0,4.15942028985507,0.0,0.0,0.0,11.0,1.0,0.0,3.0,0.0,0.771975,0.22802502,2
503,27,2.0,0.0,1.0,2.0,1.0,1.0,3.0,10.0,28.0,36.0,117.0,0.14,0.0,93.0,1.0,2.0,40.0,2.0,4.15942028985507,0.0,0.0,0.0,4.0,1.0,0.0,3.0,0.0,0.60785115,0.39214885,2
503,28,2.0,0.0,1.0,2.0,1.0,1.0,3.0,10.0,28.0,36.0,35.0,0.14,0.0,93.0,1.0,2.0,40.0,2.0,4.15942028985507,0.0,0.0,0.0,5.0,1.0,0.0,3.0,0.0,0.60785115,0.39214885,2
503,29,2.0,0.0,1.0,2.0,1.0,1.0,3.0,10.0,28.0,36.0,39.0,0.14,0.0,93.0,1.0,2.0,9.0,2.0,4.15942028985507,0.0,0.0,0.0,11.0,1.0,0.0,3.0,0.0,0.62606245,0.37393755,1
505,0,0.0,0.0,2.0,1.0,0.0,0.0,2.0,2.0,3.0,4.0,11.0,0.16,0.0,96.0,3.0,0.0,12.0,2.0,3.28571428571429,1.0,1.0,0.0,3.0,0.666666666666667,0.0,3.0,0.0,0.6336403,0.36635974,2
505,1,0.0,0.0,2.0,1.0,0.0,0.0,2.0,2.0,3.0,2.0,11.0,0.16,0.0,100.0,3.0,0.0,12.0,2.0,3.28571428571429,1.0,1.0,0.0,3.0,0.666666666666667,0.0,3.0,0.0,0.5859891,0.4140109,1
505,2,0.0,0.0,2.0,1.0,0.0,0.0,2.0,2.0,3.0,11.0,11.0,1.49,0.0,66.0,3.0,0.0,12.0,2.0,3.28571428571429,1.0,1.0,0.0,3.0,0.666666666666667,0.0,3.0,0.0,0.8656721,0.13432786,2
505,3,0.0,0.0,2.0,1.0,0.0,0.0,2.0,2.0,3.0,2.0,11.0,5.73,0.0,66.0,3.0,0.0,12.0,2.0,3.28571428571429,1.0,1.0,0.0,3.0,0.7,0.0,3.0,0.0,0.5186629,0.4813371,2
505,4,0.0,0.0,2.0,1.0,0.0,0.0,2.0,2.0,38.0,2.0,11.0,0.16,0.0,66.0,3.0,0.0,12.0,2.0,3.28571428571429,1.0,1.0,0.0,3.0,1.0,0.0,3.0,0.0,0.94149613,0.05850386,2
505,5,0.0,0.0,2.0,1.0,0.0,0.0,2.0,2.0,3.0,56.0,11.0,0.16,0.0,88.0,3.0,0.0,12.0,2.0,3.28571428571429,1.0,1.0,0.0,3.0,0.666666666666667,0.0,3.0,0.0,0.84525454,0.15474546,2
505,6,0.0,0.0,2.0,1.0,0.0,0.0,2.0,2.0,3.0,2.0,11.0,13.03,0.0,66.0,3.0,0.0,12.0,2.0,3.28571428571429,1.0,1.0,0.0,3.0,0.666666666666667,0.0,3.0,0.0,0.5186629,0.4813371,1
505,7,0.0,0.0,2.0,1.0,0.0,0.0,2.0,2.0,3.0,2.0,11.0,6.72,0.0,66.0,3.0,0.0,12.0,2.0,3.28571428571429,1.0,1.0,0.0,3.0,0.666666666666667,0.0,3.0,0.0,0.5186629,0.4813371,1
505,8,0.0,0.0,2.0,1.0,0.0,0.0,2.0,2.0,3.0,2.0,11.0,0.16,0.0,93.0,3.0,0.0,12.0,2.0,3.28571428571429,1.0,1.0,0.0,3.0,0.666666666666667,0.0,3.0,0.0,0.501328,0.49867198,1
505,9,0.0,0.0,2.0,1.0,0.0,0.0,2.0,2.0,5.0,2.0,11.0,6.79,0.0,66.0,3.0,0.0,12.0,2.0,3.28571428571429,1.0,1.0,0.0,3.0,0.666666666666667,0.0,3.0,0.0,0.55489117,0.44510883,2
505,10,0.0,0.0,2.0,1.0,0.0,0.0,2.0,2.0,3.0,2.0,11.0,0.16,0.0,48.0,3.0,0.0,12.0,2.0,3.28571428571429,1.0,1.0,0.0,3.0,1.1,0.0,3.0,0.0,0.9315136,0.06848637,2
505,11,0.0,0.0,2.0,1.0,0.0,0.0,2.0,2.0,3.0,2.0,11.0,7.3,0.0,66.0,3.0,0.0,12.0,2.0,3.28571428571429,1.0,1.0,0.0,3.0,0.666666666666667,0.0,3.0,0.0,0.5186629,0.4813371,1
505,12,0.0,0.0,2.0,1.0,0.0,0.0,2.0,2.0,3.0,2.0,11.0,4.48,0.0,66.0,3.0,0.0,12.0,2.0,3.28571428571429,1.0,1.0,0.0,3.0,0.666666666666667,0.0,3.0,0.0,0.56492317,0.4350768,1
505,13,0.0,0.0,2.0,1.0,0.0,0.0,2.0,2.0,3.0,60.0,11.0,0.16,0.0,66.0,3.0,0.0,12.0,2.0,3.28571428571429,1.0,1.0,0.0,3.0,0.666666666666667,0.0,3.0,0.0,0.7525148,0.24748524,1
505,14,0.0,0.0,2.0,1.0,0.0,0.0,2.0,2.0,3.0,58.0,11.0,0.16,0.0,66.0,3.0,0.0,12.0,2.0,3.28571428571429,1.0,1.0,0.0,3.0,0.6,0.0,3.0,0.0,0.7525148,0.24748524,2
505,15,0.0,0.0,2.0,1.0,0.0,0.0,2.0,2.0,3.0,50.0,11.0,0.16,0.0,66.0,3.0,0.0,12.0,2.0,3.28571428571429,1.0,1.0,0.0,3.0,0.9,0.0,3.0,0.0,0.9038176,0.09618239,2
505,16,0.0,0.0,2.0,1.0,0.0,0.0,2.0,2.0,3.0,2.0,11.0,5.41,0.0,66.0,3.0,0.0,12.0,2.0,3.28571428571429,1.0,1.0,0.0,3.0,0.6,0.0,3.0,0.0,0.5638194,0.43618056,2
505,17,0.0,0.0,2.0,1.0,0.0,0.0,2.0,2.0,10.0,54.0,11.0,0.16,0.0,66.0,3.0,0.0,12.0,2.0,3.28571428571429,1.0,1.0,0.0,3.0,0.666666666666667,0.0,3.0,0.0,0.6037177,0.39628235,2
505,18,0.0,0.0,2.0,1.0,0.0,0.0,2.0,2.0,3.0,37.0,11.0,1.74,0.0,66.0,3.0,0.0,12.0,2.0,3.28571428571429,1.0,1.0,0.0,3.0,0.666666666666667,0.0,3.0,0.0,0.8626071,0.13739291,2
505,19,0.0,0.0,2.0,1.0,0.0,0.0,2.0,2.0,3.0,2.0,11.0,8.01,0.0,66.0,3.0,0.0,12.0,2.0,3.28571428571429,1.0,1.0,0.0,3.0,0.666666666666667,0.0,3.0,0.0,0.5186629,0.4813371,1
505,20,0.0,0.0,2.0,1.0,0.0,0.0,2.0,2.0,3.0,2.0,11.0,0.39,0.0,66.0,3.0,0.0,12.0,2.0,3.28571428571429,1.0,1.0,0.0,3.0,0.666666666666667,0.0,3.0,0.0,0.57968503,0.42031497,1
505,21,0.0,0.0,2.0,1.0,0.0,0.0,2.0,2.0,37.0,2.0,11.0,4.55,0.0,66.0,3.0,0.0,12.0,2.0,3.28571428571429,1.0,1.0,0.0,3.0,0.666666666666667,0.0,3.0,0.0,0.5381634,0.46183655,2
505,22,0.0,0.0,2.0,1.0,0.0,0.0,2.0,2.0,5.0,52.0,11.0,0.16,0.0,66.0,3.0,0.0,12.0,2.0,3.28571428571429,1.0,1.0,0.0,3.0,0.666666666666667,0.0,3.0,0.0,0.6571368,0.3428632,2
505,23,0.0,0.0,2.0,1.0,0.0,0.0,2.0,2.0,3.0,13.0,11.0,0.16,0.0,66.0,3.0,0.0,12.0,2.0,3.28571428571429,1.0,1.0,0.0,3.0,0.7,0.0,3.0,0.0,0.7525148,0.24748524,2
505,24,0.0,0.0,2.0,1.0,0.0,0.0,2.0,2.0,3.0,3.0,11.0,0.16,0.0,95.0,3.0,0.0,12.0,2.0,3.28571428571429,1.0,1.0,0.0,3.0,0.666666666666667,0.0,3.0,0.0,0.5813124,0.41868755,2
505,25,0.0,0.0,2.0,1.0,0.0,0.0,2.0,2.0,3.0,2.0,11.0,3.79,0.0,66.0,3.0,0.0,12.0,2.0,3.28571428571429,1.0,1.0,0.0,3.0,0.666666666666667,0.0,3.0,0.0,0.66993743,0.33006257,1
505,26,0.0,0.0,2.0,1.0,0.0,0.0,2.0,2.0,3.0,43.0,11.0,3.84,0.0,66.0,3.0,0.0,12.0,2.0,3.28571428571429,1.0,1.0,0.0,3.0,0.666666666666667,0.0,3.0,0.0,0.9227605,0.0772395,2
505,27,0.0,0.0,2.0,1.0,0.0,0.0,2.0,2.0,3.0,66.0,11.0,0.16,0.0,66.0,3.0,0.0,12.0,2.0,3.28571428571429,1.0,1.0,0.0,3.0,1.0,0.0,3.0,0.0,0.9831097,0.016890263,2
505,28,0.0,0.0,2.0,1.0,0.0,0.0,2.0,2.0,3.0,2.0,11.0,0.16,0.0,96.0,3.0,0.0,12.0,2.0,3.28571428571429,1.0,1.0,0.0,3.0,0.666666666666667,0.0,3.0,0.0,0.5859891,0.4140109,1
505,29,0.0,0.0,2.0,1.0,0.0,0.0,2.0,2.0,3.0,2.0,11.0,2.59,0.0,66.0,3.0,0.0,12.0,2.0,3.28571428571429,1.0,1.0,0.0,3.0,0.666666666666667,0.0,3.0,0.0,0.68164515,0.31835487,1
695,0,0.0,0.0,1.0,0.0,0.0,1.0,2.0,1.0,0.0,1.0,16.0,9.82,0.0,62.0,2.0,0.0,12.0,2.0,2.1875,0.0,0.0,0.0,0.0,0.9,0.0,3.0,1.0,0.89126235,0.10873766,2
695,1,0.0,0.0,1.0,0.0,0.0,1.0,3.0,1.0,0.0,1.0,16.0,0.35,0.0,62.0,2.0,0.0,12.0,2.0,2.1875,0.0,0.0,0.0,0.0,0.9,0.0,3.0,1.0,0.92052287,0.07947714,2
695,2,0.0,0.0,1.0,0.0,0.0,1.0,2.0,1.0,0.0,9.0,16.0,0.35,0.0,62.0,2.0,0.0,12.0,2.0,2.1875,0.0,0.0,0.0,0.0,0.8,0.0,3.0,1.0,0.98155004,0.01844997,2
695,3,0.0,0.0,1.0,0.0,0.0,1.0,2.0,1.0,0.0,9.0,16.0,0.35,0.0,62.0,2.0,0.0,12.0,2.0,2.1875,0.0,0.0,0.0,0.0,0.9,0.0,3.0,1.0,0.98662484,0.013375188,2
695,4,0.0,0.0,1.0,0.0,0.0,1.0,2.0,1.0,0.0,1.0,16.0,10.39,0.0,62.0,2.0,0.0,12.0,2.0,2.1875,0.0,0.0,0.0,0.0,0.9,0.0,3.0,1.0,0.89126235,0.10873766,2
695,5,0.0,0.0,1.0,0.0,0.0,1.0,2.0,1.0,0.0,1.0,16.0,0.35,0.0,62.0,2.0,0.0,12.0,2.0,34.7,0.0,0.0,0.0,0.0,0.8,0.0,3.0,1.0,0.9125185,0.08748147,2
695,6,0.0,0.0,1.0,0.0,0.0,1.0,2.0,1.0,0.0,1.0,16.0,7.05,0.0,62.0,2.0,0.0,12.0,2.0,2.1875,0.0,0.0,0.0,0.0,0.7,0.0,3.0,1.0,0.5176482,0.48235175,2
695,7,0.0,0.0,1.0,0.0,0.0,1.0,0.0,1.0,0.0,63.0,16.0,0.35,0.0,62.0,2.0,0.0,12.0,2.0,2.1875,0.0,0.0,0.0,0.0,0.0,0.0,3.0,1.0,0.59388006,0.4061199,2
695,8,0.0,0.0,1.0,0.0,0.0,1.0,2.0,1.0,0.0,1.0,16.0,7.51,0.0,62.0,2.0,0.0,12.0,2.0,2.1875,0.0,0.0,0.0,0.0,0.8,0.0,3.0,1.0,0.81385654,0.18614346,2
695,9,0.0,0.0,1.0,0.0,0.0,1.0,10.0,1.0,0.0,1.0,16.0,0.35,0.0,62.0,2.0,0.0,12.0,2.0,2.1875,0.0,0.0,0.0,0.0,0.9,0.0,3.0,1.0,0.92052287,0.07947714,2
695,10,0.0,0.0,1.0,0.0,0.0,1.0,2.0,1.0,0.0,1.0,16.0,0.35,0.0,62.0,2.0,0.0,12.0,2.0,41.9,0.0,0.0,0.0,0.0,1.0,0.0,3.0,1.0,0.9943249,0.005675069,2
695,11,0.0,0.0,1.0,0.0,0.0,1.0,2.0,1.0,0.0,1.0,16.0,5.5,0.0,62.0,2.0,0.0,12.0,2.0,2.1875,0.0,0.0,0.0,0.0,0.7,0.0,3.0,1.0,0.5176482,0.48235175,2
695,12,0.0,0.0,1.0,0.0,0.0,1.0,9.0,1.0,0.0,1.0,16.0,0.35,0.0,62.0,2.0,0.0,12.0,2.0,2.1875,0.0,0.0,0.0,0.0,0.9,0.0,3.0,1.0,0.92052287,0.07947714,2
695,13,0.0,0.0,1.0,0.0,0.0,1.0,5.0,1.0,0.0,1.0,16.0,0.35,0.0,62.0,2.0,0.0,12.0,2.0,2.1875,0.0,0.0,0.0,0.0,1.0,0.0,3.0,1.0,0.96708435,0.03291565,2
695,14,0.0,0.0,1.0,0.0,0.0,1.0,2.0,1.0,0.0,1.0,16.0,0.35,0.0,62.0,2.0,0.0,12.0,2.0,44.1,0.0,0.0,0.0,0.0,1.0,0.0,3.0,1.0,0.9943249,0.005675069,2
695,15,0.0,0.0,1.0,0.0,0.0,1.0,2.0,1.0,0.0,9.0,16.0,7.26,0.0,62.0,2.0,0.0,12.0,2.0,2.1875,0.0,0.0,0.0,0.0,0.0,0.0,3.0,1.0,0.5337254,0.4662746,2
695,16,0.0,0.0,1.0,0.0,0.0,1.0,2.0,1.0,0.0,9.0,16.0,0.35,0.0,62.0,2.0,0.0,12.0,2.0,7.4,0.0,0.0,0.0,0.0,0.0,0.0,3.0,1.0,0.7210748,0.27892518,2
695,17,0.0,0.0,1.0,0.0,0.0,1.0,2.0,1.0,0.0,8.0,16.0,0.88,0.0,62.0,2.0,0.0,12.0,2.0,2.1875,0.0,0.0,0.0,0.0,0.0,0.0,3.0,1.0,0.69396913,0.30603084,2
695,18,0.0,0.0,1.0,0.0,0.0,1.0,0.0,1.0,0.0,13.0,16.0,0.35,0.0,62.0,2.0,0.0,12.0,2.0,2.1875,0.0,0.0,0.0,0.0,0.0,0.0,3.0,1.0,0.59388006,0.4061199,2
695,19,0.0,0.0,1.0,0.0,0.0,1.0,2.0,1.0,0.0,1.0,16.0,0.35,0.0,62.0,2.0,0.0,12.0,2.0,2.1875,0.0,0.0,0.0,0.0,0.9,0.0,3.0,1.0,0.9636336,0.036366377,1
695,20,0.0,0.0,1.0,0.0,0.0,1.0,2.0,1.0,0.0,1.0,16.0,6.97,0.0,62.0,2.0,0.0,12.0,2.0,2.1875,0.0,0.0,0.0,0.0,0.7,0.0,3.0,1.0,0.5176482,0.48235175,2
695,21,0.0,0.0,1.0,0.0,0.0,1.0,2.0,1.0,0.0,54.0,16.0,0.35,0.0,62.0,2.0,0.0,12.0,2.0,2.1875,0.0,0.0,0.0,0.0,0.8,0.0,3.0,1.0,0.94554114,0.05445883,2
695,22,0.0,0.0,1.0,0.0,0.0,1.0,0.0,1.0,0.0,1.0,16.0,0.35,0.0,62.0,2.0,0.0,12.0,2.0,2.1875,0.0,0.0,0.0,0.0,0.7,0.0,3.0,1.0,0.71179974,0.28820026,2
695,23,0.0,0.0,1.0,0.0,0.0,1.0,2.0,1.0,0.0,1.0,16.0,0.35,0.0,62.0,2.0,0.0,12.0,2.0,2.1875,0.0,0.0,0.0,0.0,0.8,0.0,3.0,1.0,0.9229802,0.07701981,1
695,24,0.0,0.0,1.0,0.0,0.0,1.0,9.0,1.0,0.0,1.0,16.0,0.35,0.0,62.0,2.0,0.0,12.0,2.0,2.1875,0.0,0.0,0.0,0.0,1.1,0.0,3.0,1.0,0.96708435,0.03291565,2
695,25,0.0,0.0,1.0,0.0,0.0,1.0,2.0,1.0,0.0,0.0,16.0,0.35,0.0,62.0,2.0,0.0,12.0,2.0,2.1875,0.0,0.0,0.0,0.0,0.9,0.0,3.0,1.0,0.9636336,0.036366377,2
695,26,0.0,0.0,1.0,0.0,0.0,1.0,2.0,1.0,0.0,1.0,16.0,8.36,0.0,62.0,2.0,0.0,12.0,2.0,2.1875,0.0,0.0,0.0,0.0,0.8,0.0,3.0,1.0,0.81385654,0.18614346,2
695,27,0.0,0.0,1.0,0.0,0.0,1.0,2.0,1.0,0.0,1.0,16.0,4.18,0.0,62.0,2.0,0.0,12.0,2.0,2.1875,0.0,0.0,0.0,0.0,0.6,0.0,3.0,1.0,0.57987076,0.42012924,2
695,28,0.0,0.0,1.0,0.0,0.0,1.0,2.0,1.0,0.0,1.0,16.0,11.01,0.0,62.0,2.0,0.0,12.0,2.0,2.1875,0.0,0.0,0.0,0.0,1.0,0.0,3.0,1.0,0.9298523,0.07014771,2
695,29,0.0,0.0,1.0,0.0,0.0,1.0,2.0,1.0,0.0,7.0,16.0,4.66,0.0,62.0,2.0,0.0,12.0,2.0,2.1875,0.0,0.0,0.0,0.0,0.0,0.0,3.0,1.0,0.54369354,0.45630643,2
719,0,1.0,0.0,1.0,1.0,0.0,0.0,3.0,3.0,5.0,7.0,37.0,0.13,0.0,85.0,2.0,0.0,24.0,2.0,2.83720930232558,1.0,1.0,0.0,2.0,1.0,0.0,3.0,1.0,0.7260249,0.27397507,1
719,1,1.0,0.0,1.0,1.0,0.0,0.0,3.0,3.0,5.0,11.0,37.0,0.13,0.0,85.0,2.0,0.0,32.0,2.0,2.83720930232558,1.0,1.0,0.0,2.0,1.0,0.0,3.0,0.0,0.92799866,0.072001345,2
719,2,1.0,0.0,1.0,1.0,0.0,0.0,3.0,3.0,5.0,11.0,37.0,0.13,0.0,29.0,2.0,0.0,24.0,2.0,2.83720930232558,1.0,1.0,0.0,2.0,1.0,0.0,3.0,0.0,0.6520264,0.34797356,2
719,3,0.0,0.0,1.0,1.0,0.0,0.0,3.0,3.0,5.0,11.0,37.0,0.13,0.0,85.0,2.0,0.0,24.0,2.0,2.83720930232558,1.0,1.0,0.0,2.0,1.0,0.0,3.0,0.0,0.9703359,0.029664107,2
719,4,1.0,0.0,1.0,1.0,0.0,0.0,3.0,3.0,5.0,8.0,37.0,0.13,0.0,85.0,2.0,0.0,24.0,2.0,2.83720930232558,1.0,1.0,0.0,2.0,1.0,0.0,3.0,0.0,0.97577035,0.02422964,2
719,5,1.0,0.0,1.0,1.0,0.0,0.0,3.0,3.0,5.0,9.0,37.0,0.13,0.0,85.0,2.0,0.0,6.0,2.0,2.83720930232558,1.0,1.0,0.0,2.0,1.0,0.0,3.0,1.0,0.8476712,0.15232877,2
719,6,0.0,0.0,1.0,1.0,0.0,0.0,3.0,3.0,5.0,11.0,37.0,0.13,0.0,85.0,2.0,0.0,69.0,2.0,2.83720930232558,1.0,1.0,0.0,2.0,1.0,0.0,3.0,1.0,0.89993536,0.10006463,2
719,7,1.0,0.0,1.0,1.0,0.0,0.0,3.0,3.0,5.0,6.0,37.0,0.13,0.0,85.0,2.0,0.0,24.0,2.0,2.83720930232558,1.0,1.0,0.0,2.0,1.0,0.0,3.0,1.0,0.68243027,0.31756973,1
719,8,1.0,0.0,1.0,1.0,0.0,0.0,3.0,3.0,5.0,12.0,37.0,0.13,0.0,85.0,2.0,0.0,24.0,2.0,2.83720930232558,1.0,1.0,0.0,2.0,1.0,0.0,3.0,0.0,0.92799866,0.072001345,2
719,9,1.0,0.0,1.0,1.0,0.0,0.0,3.0,3.0,5.0,11.0,37.0,0.13,0.0,8.0,2.0,0.0,24.0,2.0,2.83720930232558,1.0,1.0,0.0,2.0,1.0,0.0,3.0,0.0,0.5716244,0.42837557,2
719,10,0.0,0.0,1.0,1.0,0.0,0.0,3.0,3.0,5.0,41.0,37.0,0.13,0.0,85.0,2.0,0.0,24.0,2.0,2.83720930232558,1.0,1.0,0.0,2.0,1.0,0.0,3.0,1.0,0.89993536,0.10006463,2
719,11,1.0,0.0,1.0,1.0,0.0,0.0,3.0,3.0,5.0,23.0,37.0,0.13,0.0,87.0,2.0,0.0,24.0,2.0,2.83720930232558,1.0,1.0,0.0,2.0,1.0,0.0,3.0,1.0,0.51237106,0.4876289,2
719,12,1.0,0.0,1.0,1.0,0.0,0.0,3.0,3.0,5.0,11.0,37.0,0.13,0.0,77.0,2.0,0.0,53.0,2.0,2.83720930232558,1.0,1.0,0.0,2.0,1.0,0.0,3.0,1.0,0.51871943,0.4812806,2
719,13,0.0,0.0,1.0,1.0,0.0,0.0,3.0,3.0,5.0,11.0,37.0,0.13,0.0,93.0,2.0,0.0,24.0,2.0,2.83720930232558,1.0,1.0,0.0,2.0,1.0,0.0,3.0,1.0,0.9706535,0.029346516,2
719,14,1.0,0.0,1.0,1.0,0.0,0.0,3.0,3.0,5.0,22.0,37.0,0.13,0.0,85.0,2.0,0.0,24.0,2.0,2.83720930232558,1.0,1.0,0.0,2.0,1.0,0.0,3.0,0.0,0.92799866,0.072001345,2
719,15,1.0,0.0,1.0,1.0,0.0,0.0,3.0,3.0,5.0,11.0,37.0,0.13,0.0,85.0,2.0,0.0,48.0,2.0,2.83720930232558,1.0,1.0,0.0,2.0,1.0,0.0,3.0,0.0,0.92799866,0.072001345,2
719,16,1.0,0.0,1.0,1.0,0.0,0.0,3.0,3.0,5.0,11.0,37.0,0.13,0.0,99.0,2.0,0.0,24.0,2.0,2.83720930232558,1.0,1.0,0.0,2.0,1.0,0.0,3.0,1.0,0.7774272,0.22257279,1
719,17,1.0,0.0,1.0,1.0,0.0,0.0,3.0,3.0,5.0,11.0,37.0,0.13,0.0,97.0,2.0,0.0,49.0,2.0,2.83720930232558,1.0,1.0,0.0,2.0,1.0,0.0,3.0,1.0,0.7774272,0.22257279,2
719,18,1.0,0.0,1.0,1.0,0.0,0.0,3.0,3.0,5.0,11.0,37.0,0.13,0.0,85.0,2.0,0.0,55.0,2.0,2.83720930232558,1.0,1.0,0.0,2.0,1.0,0.0,3.0,0.0,0.92799866,0.072001345,2
719,19,1.0,0.0,1.0,1.0,0.0,0.0,3.0,3.0,5.0,11.0,37.0,0.13,0.0,81.0,2.0,0.0,24.0,2.0,2.83720930232558,1.0,1.0,0.0,2.0,1.0,0.0,3.0,1.0,0.54716593,0.45283407,1
719,20,1.0,0.0,1.0,1.0,0.0,0.0,3.0,3.0,5.0,5.0,37.0,0.13,0.0,85.0,2.0,0.0,24.0,2.0,2.83720930232558,1.0,1.0,0.0,2.0,1.0,0.0,3.0,0.0,0.93878144,0.061218534,2
719,21,19.0,0.0,1.0,1.0,0.0,0.0,3.0,3.0,5.0,2.0,37.0,0.13,0.0,85.0,2.0,0.0,24.0,2.0,2.83720930232558,1.0,1.0,0.0,2.0,1.0,0.0,3.0,1.0,0.5905952,0.4094048,2
719,22,1.0,0.0,1.0,1.0,0.0,0.0,3.0,3.0,5.0,11.0,37.0,0.13,0.0,91.0,2.0,0.0,24.0,2.0,2.83720930232558,1.0,1.0,0.0,2.0,1.0,0.0,3.0,2.0,0.5580455,0.44195452,2
719,23,1.0,0.0,1.0,1.0,0.0,0.0,3.0,3.0,5.0,1.0,37.0,0.13,0.0,27.0,2.0,0.0,24.0,2.0,2.83720930232558,1.0,1.0,0.0,2.0,1.0,0.0,3.0,1.0,0.5606184,0.43938157,2
719,24,1.0,0.0,1.0,1.0,0.0,0.0,3.0,3.0,5.0,11.0,37.0,0.13,0.0,88.0,2.0,0.0,51.0,2.0,2.83720930232558,1.0,1.0,0.0,2.0,1.0,0.0,3.0,1.0,0.65744966,0.34255034,2
719,25,1.0,0.0,1.0,1.0,0.0,0.0,3.0,3.0,5.0,68.0,37.0,0.13,0.0,84.0,2.0,0.0,24.0,2.0,2.83720930232558,1.0,1.0,0.0,2.0,1.0,0.0,3.0,1.0,0.5616713,0.43832868,2
719,26,1.0,0.0,1.0,1.0,0.0,0.0,3.0,3.0,5.0,7.0,37.0,0.13,0.0,85.0,2.0,0.0,12.0,2.0,2.83720930232558,1.0,1.0,0.0,2.0,1.0,0.0,3.0,1.0,0.739004,0.26099595,2
719,27,1.0,0.0,1.0,1.0,0.0,0.0,3.0,3.0,5.0,11.0,37.0,0.13,0.0,26.0,2.0,0.0,24.0,2.0,2.83720930232558,1.0,1.0,0.0,2.0,1.0,0.0,3.0,0.0,0.6520264,0.34797356,2
719,28,1.0,0.0,1.0,1.0,0.0,0.0,3.0,3.0,5.0,46.0,37.0,0.13,0.0,98.0,2.0,0.0,24.0,2.0,2.83720930232558,1.0,1.0,0.0,2.0,1.0,0.0,3.0,1.0,0.7774272,0.22257279,2
719,29,1.0,0.0,1.0,1.0,0.0,0.0,3.0,3.0,5.0,5.0,37.0,0.13,0.0,52.0,2.0,0.0,24.0,2.0,2.83720930232558,1.0,1.0,0.0,2.0,1.0,0.0,3.0,1.0,0.6003934,0.3996066,2
726,0,5.0,1.0,1.0,5.0,0.0,1.0,2.0,4.0,10.0,37.0,15.0,5.04,0.0,95.0,1.0,0.0,39.0,4.0,2.90361445783133,0.0,1.0,0.0,13.0,0.846153846153846,0.0,2.0,0.0,0.6912297,0.30877027,3
726,1,5.0,1.0,1.0,5.0,0.0,1.0,2.0,4.0,10.0,37.0,8.0,8.91,0.0,95.0,1.0,0.0,54.0,4.0,2.90361445783133,0.0,1.0,0.0,13.0,0.846153846153846,0.0,2.0,0.0,0.51160926,0.48839074,4
726,2,5.0,1.0,1.0,5.0,0.0,1.0,2.0,4.0,10.0,37.0,67.0,0.15,0.0,95.0,1.0,0.0,0.0,4.0,2.90361445783133,0.0,1.0,0.0,13.0,0.846153846153846,0.0,2.0,0.0,0.5525155,0.44748446,2
726,3,5.0,1.0,1.0,5.0,0.0,1.0,2.0,4.0,10.0,37.0,10.0,0.15,0.0,95.0,1.0,0.0,7.0,4.0,2.90361445783133,0.0,1.0,0.0,13.0,0.846153846153846,0.0,2.0,0.0,0.70283663,0.29716334,3
726,4,5.0,1.0,1.0,5.0,0.0,1.0,2.0,4.0,10.0,37.0,8.0,8.91,0.0,95.0,1.0,0.0,39.0,4.0,2.90361445783133,0.0,1.0,0.0,13.0,0.846153846153846,0.0,2.0,0.0,0.51160926,0.48839074,3
726,5,5.0,1.0,1.0,5.0,0.0,1.0,2.0,4.0,10.0,37.0,56.0,1.08,0.0,95.0,1.0,0.0,39.0,4.0,2.90361445783133,0.0,1.0,0.0,13.0,0.846153846153846,0.0,2.0,0.0,0.5227121,0.47728792,3
726,6,5.0,1.0,1.0,5.0,0.0,1.0,2.0,4.0,10.0,37.0,17.0,0.15,0.0,95.0,1.0,0.0,0.0,4.0,2.90361445783133,0.0,1.0,0.0,13.0,0.846153846153846,0.0,2.0,1.0,0.58947,0.41052994,2
726,7,5.0,1.0,1.0,5.0,0.0,1.0,2.0,4.0,10.0,37.0,3.0,0.15,0.0,95.0,1.0,0.0,25.0,4.0,2.90361445783133,0.0,1.0,0.0,13.0,0.846153846153846,0.0,2.0,0.0,0.678135,0.32186502,3
726,8,0.0,1.0,1.0,5.0,0.0,1.0,2.0,4.0,10.0,37.0,16.0,0.15,0.0,95.0,1.0,0.0,39.0,4.0,2.90361445783133,0.0,1.0,0.0,13.0,0.846153846153846,0.0,2.0,0.0,0.8626184,0.13738163,3
726,9,5.0,1.0,1.0,5.0,0.0,1.0,2.0,4.0,10.0,37.0,67.0,2.57,0.0,95.0,1.0,0.0,39.0,4.0,2.90361445783133,0.0,1.0,0.0,13.0,0.846153846153846,0.0,2.0,0.0,0.54504025,0.45495975,2
726,10,5.0,1.0,1.0,5.0,0.0,1.0,2.0,4.0,10.0,37.0,19.0,2.6,0.0,95.0,1.0,0.0,63.0,4.0,2.90361445783133,0.0,1.0,0.0,13.0,0.846153846153846,0.0,2.0,0.0,0.6801186,0.31988138,4
726,11,0.0,1.0,1.0,5.0,0.0,1.0,2.0,4.0,10.0,37.0,67.0,0.15,0.0,95.0,1.0,0.0,39.0,4.0,2.90361445783133,0.0,1.0,0.0,13.0,0.846153846153846,0.0,2.0,0.0,0.68272644,0.31727356,2
726,12,5.0,1.0,1.0,5.0,0.0,1.0,2.0,4.0,10.0,37.0,2.0,0.15,0.0,95.0,1.0,0.0,39.0,4.0,2.90361445783133,0.0,1.0,0.0,13.0,0.846153846153846,0.0,2.0,0.0,0.678135,0.32186502,2
726,13,5.0,1.0,1.0,5.0,0.0,1.0,2.0,4.0,10.0,37.0,67.0,2.24,0.0,95.0,1.0,0.0,0.0,4.0,2.90361445783133,0.0,1.0,0.0,13.0,0.846153846153846,0.0,2.0,4.0,0.5985309,0.40146908,3
726,14,5.0,1.0,1.0,5.0,0.0,1.0,2.0,4.0,10.0,37.0,0.0,2.15,0.0,95.0,1.0,0.0,39.0,4.0,2.90361445783133,0.0,1.0,0.0,13.0,0.846153846153846,0.0,2.0,1.0,0.5038182,0.4961818,2
726,15,0.0,1.0,1.0,5.0,0.0,1.0,2.0,4.0,10.0,37.0,17.0,0.15,0.0,95.0,1.0,0.0,39.0,4.0,2.90361445783133,0.0,1.0,0.0,13.0,0.846153846153846,0.0,2.0,1.0,0.5501535,0.4498465,2
726,16,21.0,1.0,1.0,5.0,0.0,1.0,2.0,4.0,10.0,37.0,14.0,0.15,0.0,95.0,1.0,0.0,5.0,4.0,2.90361445783133,0.0,1.0,0.0,13.0,0.846153846153846,0.0,2.0,3.0,0.5011753,0.49882475,4
726,17,5.0,1.0,1.0,5.0,0.0,1.0,2.0,4.0,10.0,37.0,67.0,2.57,0.0,95.0,1.0,0.0,34.0,4.0,2.90361445783133,0.0,1.0,0.0,13.0,0.846153846153846,0.0,2.0,0.0,0.54504025,0.45495975,3
726,18,5.0,1.0,1.0,5.0,0.0,1.0,2.0,4.0,10.0,37.0,17.0,0.15,0.0,95.0,1.0,0.0,37.0,4.0,2.90361445783133,0.0,1.0,0.0,13.0,0.846153846153846,0.0,2.0,0.0,0.5251397,0.47486028,3
726,19,5.0,1.0,1.0,5.0,0.0,1.0,2.0,4.0,10.0,37.0,14.0,0.15,0.0,95.0,1.0,0.0,5.0,4.0,2.90361445783133,0.0,1.0,0.0,13.0,0.846153846153846,0.0,2.0,3.0,0.5011753,0.49882475,3
726,20,5.0,1.0,1.0,5.0,0.0,1.0,2.0,4.0,10.0,37.0,14.0,0.15,0.0,95.0,1.0,0.0,39.0,4.0,2.90361445783133,0.0,1.0,0.0,13.0,0.846153846153846,0.0,2.0,0.0,0.5696018,0.4303982,2
726,21,5.0,1.0,1.0,5.0,0.0,1.0,2.0,4.0,10.0,37.0,2.0,8.76,0.0,95.0,1.0,0.0,10.0,4.0,2.90361445783133,0.0,1.0,0.0,13.0,0.846153846153846,0.0,2.0,0.0,0.859378,0.14062203,4
726,22,12.0,1.0,1.0,5.0,0.0,1.0,2.0,4.0,10.0,37.0,2.0,1.69,0.0,95.0,1.0,0.0,7.0,4.0,2.90361445783133,0.0,1.0,0.0,13.0,0.846153846153846,0.0,2.0,1.0,0.7381428,0.2618572,4
726,23,5.0,1.0,1.0,5.0,0.0,1.0,2.0,4.0,10.0,37.0,17.0,12.35,0.0,95.0,1.0,0.0,0.0,4.0,2.90361445783133,0.0,1.0,0.0,13.0,0.846153846153846,0.0,2.0,1.0,0.8385467,0.16145332,3
726,24,5.0,1.0,1.0,5.0,0.0,1.0,2.0,4.0,10.0,37.0,15.0,5.04,0.0,95.0,1.0,0.0,5.0,4.0,2.90361445783133,0.0,1.0,0.0,13.0,0.846153846153846,0.0,2.0,0.0,0.88295436,0.11704567,4
726,25,5.0,1.0,1.0,5.0,0.0,1.0,2.0,4.0,10.0,37.0,14.0,0.15,0.0,95.0,1.0,0.0,72.0,4.0,2.90361445783133,0.0,1.0,0.0,13.0,0.846153846153846,0.0,2.0,0.0,0.5696018,0.4303982,3
726,26,5.0,1.0,1.0,5.0,0.0,1.0,2.0,4.0,10.0,37.0,1.0,0.15,0.0,95.0,1.0,0.0,39.0,4.0,2.90361445783133,0.0,1.0,0.0,13.0,0.846153846153846,0.0,2.0,0.0,0.678135,0.32186502,2
726,27,5.0,1.0,1.0,5.0,0.0,1.0,2.0,4.0,10.0,37.0,14.0,0.15,0.0,95.0,1.0,0.0,35.0,4.0,2.90361445783133,0.0,1.0,0.0,13.0,0.846153846153846,0.0,2.0,0.0,0.5696018,0.4303982,3
726,28,5.0,1.0,1.0,5.0,0.0,1.0,2.0,4.0,10.0,37.0,2.0,8.76,0.0,95.0,1.0,0.0,39.0,4.0,2.90361445783133,0.0,1.0,0.0,13.0,0.846153846153846,0.0,2.0,0.0,0.7499266,0.25007337,3
726,29,5.0,1.0,1.0,5.0,0.0,1.0,2.0,4.0,10.0,37.0,3.0,0.15,0.0,95.0,1.0,0.0,39.0,4.0,2.90361445783133,0.0,1.0,0.0,13.0,0.846153846153846,0.0,2.0,0.0,0.678135,0.32186502,2
727,0,0.0,0.0,1.0,0.0,0.0,1.0,1.0,1.0,0.0,9.0,19.0,0.62,0.0,88.0,1.0,0.0,6.0,2.0,23.0,0.0,1.0,0.0,0.0,0.7,0.0,2.0,0.0,0.99369454,0.006305479,2
727,1,0.0,0.0,1.0,0.0,0.0,1.0,1.0,1.0,0.0,9.0,19.0,0.62,0.0,88.0,1.0,0.0,6.0,2.0,3.4,0.0,1.0,0.0,0.0,0.0,0.0,2.0,0.0,0.93589085,0.06410913,1
727,2,0.0,0.0,1.0,0.0,0.0,1.0,1.0,1.0,0.0,9.0,19.0,0.62,0.0,88.0,1.0,0.0,6.0,2.0,22.3,0.0,1.0,0.0,0.0,0.0,0.0,2.0,0.0,0.9864476,0.013552456,1
727,3,0.0,0.0,1.0,0.0,0.0,1.0,1.0,1.0,0.0,9.0,19.0,0.62,2.0,88.0,1.0,0.0,6.0,2.0,28.4,0.0,1.0,0.0,0.0,0.0,0.0,2.0,0.0,0.9916154,0.00838456,2
727,4,0.0,0.0,1.0,0.0,0.0,1.0,1.0,1.0,0.0,9.0,19.0,0.62,0.0,24.0,1.0,0.0,6.0,2.0,7.0,0.0,1.0,0.0,0.0,0.0,0.0,2.0,0.0,0.98744774,0.012552247,2
727,5,0.0,0.0,1.0,0.0,0.0,1.0,1.0,1.0,0.0,9.0,19.0,0.62,0.0,88.0,1.0,0.0,6.0,2.0,49.7,0.0,1.0,0.0,0.0,1.1,0.0,2.0,0.0,0.9979295,0.0020704868,2
727,6,0.0,0.0,1.0,0.0,0.0,1.0,1.0,1.0,0.0,9.0,19.0,0.62,0.0,88.0,1.0,0.0,6.0,2.0,11.2,0.0,1.0,0.0,0.0,0.0,0.0,2.0,0.0,0.9864476,0.013552456,1
727,7,0.0,0.0,1.0,0.0,0.0,1.0,1.0,1.0,0.0,9.0,19.0,0.62,0.0,74.0,1.0,0.0,6.0,2.0,1.63157894736842,0.0,1.0,0.0,0.0,0.0,0.0,2.0,0.0,0.779303,0.220697,1
727,8,0.0,0.0,1.0,0.0,0.0,1.0,1.0,1.0,0.0,9.0,19.0,0.62,0.0,88.0,1.0,0.0,6.0,2.0,35.5,0.0,1.0,0.0,0.0,0.0,0.0,2.0,0.0,0.9864476,0.013552456,1
727,9,0.0,0.0,1.0,0.0,0.0,1.0,1.0,1.0,0.0,9.0,19.0,0.62,13.0,11.0,1.0,0.0,6.0,2.0,1.63157894736842,0.0,1.0,0.0,0.0,0.0,0.0,2.0,0.0,0.96868646,0.031313546,2
727,10,0.0,0.0,1.0,0.0,0.0,1.0,1.0,1.0,0.0,9.0,19.0,0.62,9.0,88.0,1.0,0.0,6.0,2.0,1.63157894736842,0.0,1.0,0.0,0.0,0.3,0.0,2.0,0.0,0.6758052,0.32419482,2
727,11,0.0,0.0,1.0,0.0,0.0,9.0,1.0,1.0,0.0,9.0,19.0,0.62,6.0,88.0,1.0,0.0,6.0,2.0,1.63157894736842,0.0,1.0,0.0,0.0,0.0,0.0,2.0,0.0,0.68360436,0.31639564,2
727,12,0.0,0.0,1.0,0.0,0.0,1.0,1.0,1.0,0.0,9.0,19.0,0.62,0.0,88.0,1.0,0.0,6.0,2.0,41.5,0.0,1.0,0.0,0.0,1.0,0.0,2.0,0.0,0.9979295,0.0020704868,2
727,13,0.0,0.0,1.0,0.0,0.0,1.0,1.0,1.0,0.0,9.0,19.0,0.62,0.0,22.0,1.0,0.0,6.0,2.0,1.63157894736842,0.0,1.0,0.0,0.0,0.0,0.0,2.0,0.0,0.9491746,0.050825436,1
727,14,0.0,0.0,1.0,0.0,0.0,1.0,1.0,1.0,0.0,9.0,19.0,0.62,0.0,32.0,1.0,0.0,6.0,2.0,1.63157894736842,0.0,1.0,0.0,0.0,0.0,0.0,2.0,0.0,0.939398,0.06060203,1
727,15,0.0,0.0,1.0,0.0,0.0,1.0,1.0,1.0,0.0,9.0,19.0,0.62,8.0,65.0,1.0,0.0,6.0,2.0,1.63157894736842,0.0,1.0,0.0,0.0,0.0,0.0,2.0,0.0,0.8976929,0.102307074,2
727,16,0.0,0.0,1.0,0.0,0.0,1.0,1.0,1.0,0.0,9.0,19.0,0.62,15.0,88.0,1.0,0.0,6.0,2.0,31.2,0.0,1.0,0.0,0.0,0.0,0.0,2.0,0.0,0.9958038,0.004196254,2
727,17,0.0,0.0,1.0,0.0,0.0,1.0,1.0,1.0,0.0,9.0,19.0,0.62,8.0,88.0,1.0,0.0,6.0,2.0,1.4,0.0,1.0,0.0,0.0,0.0,0.0,2.0,0.0,0.60773027,0.39226973,2
727,18,0.0,0.0,1.0,0.0,0.0,2.0,1.0,1.0,0.0,9.0,19.0,0.62,0.0,15.0,1.0,0.0,6.0,2.0,1.63157894736842,0.0,1.0,0.0,0.0,0.0,0.0,2.0,0.0,0.94570875,0.054291263,2
727,19,0.0,0.0,1.0,0.0,0.0,1.0,1.0,1.0,0.0,9.0,19.0,0.62,8.0,88.0,1.0,0.0,6.0,2.0,3.1,0.0,1.0,0.0,0.0,0.0,0.0,2.0,0.0,0.988789,0.0112109985,2
727,20,0.0,0.0,1.0,0.0,0.0,2.0,1.0,1.0,0.0,9.0,19.0,0.62,0.0,88.0,1.0,0.0,6.0,2.0,6.4,0.0,1.0,0.0,0.0,0.0,0.0,2.0,0.0,0.97880083,0.021199163,2
727,21,0.0,0.0,1.0,0.0,0.0,0.0,1.0,1.0,0.0,9.0,19.0,0.62,0.0,88.0,1.0,0.0,6.0,2.0,1.63157894736842,0.0,1.0,0.0,0.0,1.1,0.0,2.0,0.0,0.9992152,0.0007848249,2
727,22,0.0,0.0,1.0,0.0,0.0,1.0,1.0,1.0,0.0,9.0,19.0,0.62,0.0,70.0,1.0,0.0,6.0,2.0,1.63157894736842,0.0,1.0,0.0,0.0,0.0,0.0,2.0,0.0,0.7704148,0.2295852,1
727,23,0.0,0.0,1.0,0.0,0.0,1.0,1.0,1.0,0.0,9.0,19.0,0.62,4.0,88.0,1.0,0.0,6.0,2.0,1.63157894736842,0.0,1.0,0.0,0.0,1.0,0.0,2.0,0.0,0.995666,0.004333956,2
727,24,0.0,0.0,1.0,0.0,0.0,1.0,1.0,1.0,0.0,9.0,19.0,0.62,7.0,88.0,1.0,0.0,6.0,2.0,24.7,0.0,1.0,0.0,0.0,0.0,0.0,2.0,0.0,0.9958038,0.004196254,2
727,25,0.0,0.0,1.0,0.0,0.0,1.0,1.0,1.0,0.0,9.0,19.0,0.62,0.0,75.0,1.0,0.0,6.0,2.0,1.63157894736842,0.0,1.0,0.0,0.0,0.0,0.0,2.0,0.0,0.67971337,0.32028663,1
727,26,0.0,0.0,1.0,0.0,0.0,1.0,1.0,1.0,0.0,9.0,19.0,0.62,5.0,88.0,1.0,0.0,6.0,2.0,24.3,0.0,1.0,0.0,0.0,0.0,0.0,2.0,0.0,0.9958038,0.004196254,2
727,27,0.0,0.0,1.0,0.0,0.0,1.0,1.0,1.0,0.0,9.0,19.0,0.62,0.0,69.0,1.0,0.0,6.0,2.0,31.4,0.0,1.0,0.0,0.0,0.0,0.0,2.0,0.0,0.98948956,0.010510419,2
727,28,0.0,0.0,1.0,0.0,0.0,1.0,1.0,1.0,0.0,9.0,19.0,0.62,0.0,88.0,1.0,0.0,6.0,2.0,43.6,0.0,1.0,0.0,0.0,0.0,0.0,2.0,0.0,0.9864476,0.013552456,1
727,29,0.0,0.0,1.0,0.0,0.0,1.0,1.0,1.0,0.0,9.0,19.0,0.62,0.0,76.0,1.0,0.0,6.0,2.0,1.63157894736842,0.0,1.0,0.0,0.0,0.0,0.0,2.0,0.0,0.65274006,0.34725994,1
737,0,2.0,0.0,1.0,1.0,2.0,0.0,3.0,1.0,2.0,2.0,30.0,10.21,0.0,93.0,1.0,7.0,8.0,2.0,5.38235294117647,1.0,1.0,0.0,0.0,0.0,0.0,3.0,1.0,0.5010782,0.4989218,2
737,1,2.0,0.0,1.0,1.0,2.0,0.0,3.0,1.0,2.0,2.0,30.0,11.18,0.0,62.0,1.0,7.0,8.0,2.0,5.38235294117647,1.0,1.0,0.0,0.0,1.0,0.0,3.0,1.0,0.8393012,0.16069877,2
737,2,2.0,0.0,1.0,1.0,2.0,0.0,3.0,1.0,2.0,2.0,30.0,10.44,0.0,62.0,1.0,7.0,8.0,2.0,5.38235294117647,1.0,1.0,0.0,0.0,0.9,0.0,3.0,1.0,0.68936163,0.31063837,2
737,3,2.0,0.0,1.0,1.0,2.0,0.0,3.0,1.0,2.0,2.0,8.0,0.12,0.0,92.0,1.0,7.0,8.0,2.0,5.38235294117647,1.0,1.0,0.0,0.0,0.0,0.0,3.0,1.0,0.6993835,0.30061647,2
737,4,2.0,0.0,1.0,1.0,2.0,0.0,3.0,1.0,2.0,2.0,30.0,11.77,0.0,62.0,1.0,7.0,8.0,2.0,5.38235294117647,1.0,1.0,0.0,0.0,1.0,0.0,3.0,1.0,0.8393012,0.16069877,2
737,5,2.0,0.0,1.0,1.0,2.0,0.0,3.0,1.0,2.0,2.0,30.0,0.8,0.0,50.0,1.0,7.0,8.0,2.0,5.38235294117647,1.0,1.0,0.0,0.0,0.0,0.0,3.0,1.0,0.59741396,0.40258604,2
737,6,2.0,0.0,1.0,1.0,2.0,0.0,3.0,1.0,2.0,2.0,1.0,10.21,0.0,62.0,1.0,7.0,8.0,2.0,5.38235294117647,1.0,1.0,0.0,0.0,0.0,0.0,3.0,1.0,0.673951,0.32604897,2
737,7,2.0,0.0,1.0,1.0,2.0,0.0,3.0,1.0,2.0,2.0,30.0,3.79,0.0,62.0,1.0,7.0,8.0,2.0,5.38235294117647,1.0,1.0,0.0,0.0,0.6,0.0,3.0,1.0,0.50240874,0.4975913,2
737,8,2.0,0.0,1.0,1.0,2.0,0.0,3.0,1.0,2.0,2.0,7.0,6.06,0.0,62.0,1.0,7.0,8.0,2.0,5.38235294117647,1.0,1.0,0.0,0.0,0.0,0.0,3.0,1.0,0.6370039,0.3629961,2
737,9,2.0,0.0,1.0,1.0,2.0,0.0,3.0,1.0,2.0,2.0,30.0,0.12,0.0,62.0,1.0,7.0,8.0,2.0,5.38235294117647,1.0,1.0,0.0,0.0,1.0,0.0,5.0,1.0,0.5327978,0.4672022,2
737,10,2.0,0.0,1.0,1.0,2.0,0.0,3.0,1.0,2.0,2.0,30.0,0.12,0.0,92.0,1.0,7.0,8.0,2.0,5.38235294117647,1.0,1.0,0.0,0.0,0.0,0.0,1.0,1.0,0.57026255,0.42973748,2
737,11,2.0,0.0,1.0,1.0,2.0,0.0,3.0,1.0,2.0,2.0,30.0,0.12,0.0,62.0,1.0,7.0,8.0,2.0,5.38235294117647,1.0,1.0,0.0,0.0,1.1,0.0,3.0,1.0,0.5355122,0.46448776,1
737,12,2.0,0.0,1.0,1.0,2.0,0.0,3.0,1.0,2.0,2.0,30.0,12.86,0.0,62.0,1.0,7.0,8.0,2.0,5.38235294117647,1.0,1.0,0.0,0.0,1.1,0.0,3.0,1.0,0.8393012,0.16069877,2
737,13,2.0,0.0,1.0,1.0,2.0,0.0,3.0,1.0,2.0,2.0,30.0,0.12,0.0,91.0,1.0,7.0,8.0,2.0,5.38235294117647,1.0,1.0,0.0,0.0,0.0,0.0,1.0,1.0,0.5189581,0.4810419,2
737,14,2.0,0.0,1.0,1.0,2.0,0.0,3.0,1.0,2.0,2.0,30.0,12.13,0.0,62.0,1.0,7.0,8.0,2.0,5.38235294117647,1.0,1.0,0.0,0.0,1.0,0.0,3.0,1.0,0.8393012,0.16069877,2
737,15,2.0,0.0,1.0,1.0,2.0,0.0,3.0,1.0,2.0,2.0,30.0,11.15,0.0,62.0,1.0,7.0,8.0,2.0,5.38235294117647,1.0,1.0,0.0,0.0,1.0,0.0,3.0,1.0,0.8393012,0.16069877,2
737,16,2.0,0.0,1.0,1.0,2.0,0.0,3.0,1.0,2.0,2.0,30.0,10.77,0.0,62.0,1.0,7.0,8.0,2.0,5.38235294117647,1.0,1.0,0.0,0.0,1.0,0.0,3.0,1.0,0.8393012,0.16069877,2
737,17,2.0,0.0,1.0,1.0,2.0,0.0,3.0,1.0,2.0,2.0,30.0,9.87,0.0,62.0,1.0,7.0,8.0,2.0,5.38235294117647,1.0,1.0,0.0,0.0,0.9,0.0,3.0,1.0,0.68936163,0.31063837,2
737,18,2.0,0.0,1.0,1.0,2.0,0.0,3.0,1.0,2.0,2.0,127.0,0.12,0.0,62.0,1.0,7.0,8.0,2.0,5.38235294117647,1.0,1.0,0.0,0.0,1.0,0.0,3.0,1.0,0.53552336,0.46447664,2
737,19,2.0,0.0,1.0,1.0,2.0,0.0,3.0,1.0,2.0,2.0,24.0,0.12,0.0,62.0,1.0,7.0,8.0,2.0,5.38235294117647,1.0,1.0,0.0,0.0,1.1,0.0,3.0,1.0,0.5758517,0.4241483,2
737,20,2.0,0.0,1.0,1.0,2.0,0.0,3.0,1.0,2.0,2.0,30.0,0.12,0.0,94.0,1.0,7.0,8.0,2.0,5.38235294117647,1.0,1.0,0.0,0.0,0.7,0.0,3.0,1.0,0.5329325,0.46706745,2
737,21,2.0,0.0,1.0,1.0,2.0,0.0,3.0,1.0,2.0,2.0,30.0,7.83,0.0,93.0,1.0,7.0,8.0,2.0,5.38235294117647,1.0,1.0,0.0,0.0,0.0,0.0,3.0,1.0,0.5010782,0.4989218,2
737,22,2.0,0.0,1.0,1.0,2.0,0.0,3.0,1.0,2.0,2.0,30.0,7.56,0.0,62.0,1.0,7.0,8.0,2.0,5.38235294117647,1.0,1.0,0.0,0.0,0.8,0.0,3.0,1.0,0.5212114,0.47878864,2
737,23,2.0,0.0,1.0,1.0,2.0,0.0,3.0,1.0,2.0,2.0,30.0,1.92,0.0,100.0,1.0,7.0,8.0,2.0,5.38235294117647,1.0,1.0,0.0,0.0,0.0,0.0,3.0,1.0,0.5320029,0.46799707,2
737,24,2.0,0.0,1.0,1.0,2.0,0.0,3.0,1.0,2.0,2.0,30.0,7.4,0.0,62.0,1.0,7.0,8.0,2.0,5.38235294117647,1.0,1.0,0.0,0.0,0.8,0.0,3.0,1.0,0.5212114,0.47878864,2
737,25,2.0,0.0,1.0,1.0,2.0,0.0,3.0,1.0,2.0,2.0,2.0,5.9,0.0,62.0,1.0,7.0,8.0,2.0,5.38235294117647,1.0,1.0,0.0,0.0,0.0,0.0,3.0,1.0,0.673951,0.32604897,2
737,26,2.0,0.0,1.0,1.0,2.0,0.0,3.0,1.0,2.0,2.0,30.0,7.99,0.0,62.0,1.0,7.0,8.0,2.0,5.38235294117647,1.0,1.0,0.0,0.0,0.8,0.0,3.0,1.0,0.5212114,0.47878864,2
737,27,2.0,0.0,1.0,1.0,2.0,0.0,3.0,1.0,2.0,2.0,30.0,7.58,0.0,62.0,1.0,7.0,8.0,2.0,5.38235294117647,1.0,1.0,0.0,0.0,0.8,0.0,3.0,1.0,0.5212114,0.47878864,2
737,28,2.0,0.0,1.0,1.0,2.0,0.0,3.0,1.0,2.0,2.0,30.0,7.93,0.0,62.0,1.0,7.0,8.0,2.0,5.38235294117647,1.0,1.0,0.0,0.0,0.8,0.0,3.0,1.0,0.5212114,0.47878864,2
737,29,2.0,0.0,1.0,1.0,2.0,0.0,3.0,1.0,2.0,2.0,30.0,9.11,0.0,62.0,1.0,7.0,8.0,2.0,5.38235294117647,1.0,1.0,0.0,0.0,0.9,0.0,3.0,1.0,0.68936163,0.31063837,2
754,0,1.0,0.0,1.0,2.0,1.0,0.0,2.0,4.0,4.0,5.0,48.0,0.15,0.0,94.0,2.0,0.0,21.0,2.0,2.9622641509434,0.0,0.0,0.0,2.0,1.0,0.0,2.0,2.0,0.56844723,0.4315528,2
754,1,1.0,0.0,1.0,2.0,1.0,0.0,2.0,4.0,4.0,13.0,48.0,0.15,0.0,94.0,2.0,0.0,1.0,2.0,2.9622641509434,0.0,0.0,0.0,2.0,1.0,0.0,2.0,2.0,0.77450204,0.22549799,2
754,2,0.0,0.0,1.0,2.0,1.0,0.0,2.0,4.0,4.0,13.0,48.0,0.15,0.0,94.0,2.0,0.0,71.0,3.0,2.9622641509434,0.0,0.0,0.0,2.0,1.0,0.0,2.0,2.0,0.63986194,0.36013806,2
754,3,0.0,0.0,1.0,2.0,1.0,0.0,2.0,4.0,4.0,13.0,48.0,0.15,0.0,94.0,2.0,0.0,67.0,3.0,2.9622641509434,0.0,0.0,0.0,2.0,1.0,0.0,2.0,2.0,0.63986194,0.36013806,2
754,4,1.0,0.0,1.0,2.0,1.0,0.0,2.0,4.0,4.0,13.0,48.0,0.15,0.0,94.0,2.0,0.0,0.0,3.0,2.9622641509434,0.0,0.0,0.0,2.0,1.0,0.0,2.0,2.0,0.6290263,0.37097374,1
754,5,1.0,0.0,1.0,2.0,1.0,0.0,2.0,4.0,4.0,13.0,48.0,0.15,0.0,94.0,2.0,0.0,0.0,0.0,2.9622641509434,0.0,0.0,0.0,2.0,1.0,0.0,2.0,2.0,0.84749186,0.15250814,2
754,6,1.0,0.0,1.0,2.0,1.0,0.0,2.0,4.0,4.0,13.0,48.0,0.15,0.0,94.0,2.0,0.0,21.0,2.0,2.9622641509434,0.0,0.0,0.0,2.0,1.0,0.0,2.0,0.0,0.6978848,0.30211523,2
754,7,0.0,0.0,1.0,2.0,1.0,0.0,2.0,4.0,4.0,13.0,48.0,0.15,0.0,94.0,2.0,0.0,21.0,5.0,2.9622641509434,0.0,0.0,0.0,2.0,1.0,0.0,2.0,2.0,0.63986194,0.36013806,2
754,8,0.0,0.0,1.0,2.0,1.0,0.0,2.0,4.0,4.0,31.0,48.0,0.15,0.0,94.0,2.0,0.0,21.0,3.0,2.9622641509434,0.0,0.0,0.0,2.0,1.0,0.0,2.0,2.0,0.63986194,0.36013806,2
754,9,0.0,0.0,1.0,2.0,1.0,0.0,2.0,4.0,4.0,13.0,48.0,0.15,0.0,94.0,2.0,0.0,21.0,3.0,2.9622641509434,0.0,0.0,0.0,2.0,1.0,0.0,2.0,3.0,0.63986194,0.36013806,2
754,10,1.0,0.0,1.0,2.0,1.0,0.0,2.0,4.0,4.0,1.0,48.0,0.15,0.0,94.0,2.0,0.0,21.0,1.0,2.9622641509434,0.0,0.0,0.0,2.0,1.0,0.0,2.0,2.0,0.7216331,0.27836695,2
754,11,0.0,0.0,1.0,2.0,1.0,0.0,2.0,4.0,4.0,8.0,48.0,0.15,0.0,94.0,2.0,0.0,21.0,3.0,2.9622641509434,0.0,0.0,0.0,2.0,1.0,0.0,2.0,2.0,0.9155795,0.0844205,2
754,12,1.0,0.0,1.0,2.0,1.0,0.0,2.0,4.0,4.0,5.0,48.0,0.15,0.0,94.0,2.0,0.0,21.0,1.0,2.9622641509434,0.0,0.0,0.0,2.0,1.0,0.0,2.0,2.0,0.6824237,0.31757632,2
754,13,6.0,0.0,1.0,2.0,1.0,0.0,2.0,4.0,4.0,13.0,48.0,0.15,0.0,94.0,2.0,0.0,1.0,3.0,2.9622641509434,0.0,0.0,0.0,2.0,1.0,0.0,2.0,2.0,0.5567923,0.44320768,2
754,14,6.0,0.0,1.0,2.0,1.0,0.0,2.0,4.0,4.0,13.0,48.0,0.15,0.0,94.0,2.0,0.0,0.0,3.0,2.9622641509434,0.0,0.0,0.0,2.0,1.0,0.0,2.0,2.0,0.64353204,0.35646793,2
754,15,0.0,0.0,1.0,2.0,1.0,0.0,2.0,4.0,4.0,13.0,48.0,0.15,0.0,94.0,2.0,0.0,21.0,3.0,2.9622641509434,0.0,0.0,0.0,2.0,1.0,0.0,2.0,2.0,0.63986194,0.36013806,1
754,16,1.0,0.0,1.0,2.0,1.0,0.0,2.0,4.0,4.0,8.0,48.0,0.15,0.0,94.0,2.0,0.0,21.0,3.0,2.9622641509434,0.0,0.0,0.0,2.0,1.0,0.0,2.0,0.0,0.67538047,0.32461956,2
754,17,1.0,0.0,1.0,2.0,1.0,0.0,2.0,4.0,4.0,5.0,48.0,0.15,0.0,94.0,2.0,0.0,21.0,0.0,2.9622641509434,0.0,0.0,0.0,2.0,1.0,0.0,2.0,2.0,0.6824237,0.31757632,2
754,18,1.0,0.0,1.0,2.0,1.0,0.0,2.0,4.0,4.0,9.0,48.0,0.15,0.0,94.0,2.0,0.0,1.0,3.0,2.9622641509434,0.0,0.0,0.0,2.0,1.0,0.0,2.0,2.0,0.9355935,0.064406514,2
754,19,1.0,0.0,1.0,2.0,1.0,0.0,2.0,4.0,4.0,7.0,48.0,0.15,0.0,94.0,2.0,0.0,21.0,0.0,2.9622641509434,0.0,0.0,0.0,2.0,1.0,0.0,2.0,2.0,0.7181534,0.28184658,2
754,20,0.0,0.0,1.0,2.0,1.0,0.0,2.0,4.0,4.0,13.0,48.0,0.15,0.0,94.0,2.0,0.0,21.0,3.0,2.9622641509434,0.0,0.0,0.0,2.0,1.0,0.0,2.0,1.0,0.60175204,0.398248,2
754,21,0.0,0.0,1.0,2.0,1.0,0.0,2.0,4.0,4.0,13.0,48.0,0.15,0.0,94.0,2.0,0.0,21.0,3.0,2.9622641509434,0.0,0.0,0.0,2.0,1.0,0.0,2.0,4.0,0.63986194,0.36013806,2
754,22,19.0,0.0,1.0,2.0,1.0,0.0,2.0,4.0,4.0,13.0,48.0,0.15,0.0,94.0,2.0,0.0,0.0,3.0,2.9622641509434,0.0,0.0,0.0,2.0,1.0,0.0,2.0,2.0,0.64353204,0.35646793,2
754,23,0.0,0.0,1.0,2.0,1.0,0.0,2.0,4.0,4.0,13.0,48.0,0.15,0.0,94.0,2.0,0.0,64.0,3.0,2.9622641509434,0.0,0.0,0.0,2.0,1.0,0.0,2.0,2.0,0.63986194,0.36013806,2
754,24,1.0,0.0,1.0,2.0,1.0,0.0,2.0,4.0,4.0,9.0,48.0,0.15,0.0,94.0,2.0,0.0,21.0,2.0,2.9622641509434,0.0,0.0,0.0,2.0,1.0,0.0,2.0,2.0,0.71039885,0.28960115,2
754,25,1.0,0.0,1.0,2.0,1.0,0.0,2.0,4.0,4.0,13.0,48.0,0.15,0.0,94.0,2.0,0.0,1.0,3.0,2.9622641509434,0.0,0.0,0.0,2.0,1.0,0.0,2.0,2.0,0.54127276,0.4587272,1
754,26,1.0,0.0,1.0,2.0,1.0,0.0,2.0,4.0,4.0,13.0,48.0,0.15,0.0,94.0,2.0,0.0,0.0,3.0,2.9622641509434,0.0,0.0,0.0,2.0,1.0,0.0,2.0,0.0,0.92942,0.070580006,2
754,27,0.0,0.0,1.0,2.0,1.0,0.0,2.0,4.0,4.0,13.0,48.0,0.15,0.0,94.0,2.0,0.0,21.0,0.0,2.9622641509434,0.0,0.0,0.0,2.0,1.0,0.0,2.0,2.0,0.6349788,0.36502126,2
754,28,0.0,0.0,1.0,2.0,1.0,0.0,2.0,4.0,4.0,13.0,48.0,0.15,0.0,94.0,2.0,0.0,29.0,3.0,2.9622641509434,0.0,0.0,0.0,2.0,1.0,0.0,2.0,2.0,0.63986194,0.36013806,2
754,29,1.0,0.0,1.0,2.0,1.0,0.0,2.0,4.0,4.0,13.0,48.0,0.15,0.0,94.0,2.0,0.0,2.0,3.0,2.9622641509434,0.0,0.0,0.0,2.0,1.0,0.0,2.0,0.0,0.83757395,0.16242605,2
757,0,0.0,0.0,1.0,1.0,0.0,0.0,3.0,1.0,0.0,6.0,13.0,0.16,0.0,74.0,1.0,0.0,2.0,1.0,13.0,2.0,1.0,0.0,0.0,0.0,0.0,2.0,2.0,0.54773533,0.45226467,2
757,1,1.0,0.0,1.0,1.0,0.0,0.0,3.0,1.0,0.0,6.0,13.0,0.16,8.0,74.0,1.0,0.0,2.0,1.0,7.42857142857143,2.0,1.0,0.0,0.0,0.0,0.0,2.0,2.0,0.535647,0.46435302,1
757,2,1.0,0.0,1.0,1.0,0.0,0.0,3.0,1.0,0.0,6.0,13.0,3.18,1.0,74.0,1.0,0.0,2.0,1.0,7.42857142857143,2.0,1.0,0.0,0.0,0.0,0.0,2.0,2.0,0.61273146,0.38726857,2
757,3,1.0,0.0,1.0,1.0,0.0,0.0,2.0,1.0,0.0,6.0,13.0,0.16,12.0,74.0,1.0,0.0,2.0,1.0,7.42857142857143,2.0,1.0,0.0,0.0,0.0,0.0,2.0,2.0,0.6791394,0.32086065,2
757,4,12.0,0.0,1.0,1.0,0.0,0.0,3.0,1.0,0.0,6.0,13.0,0.16,0.0,74.0,1.0,0.0,2.0,1.0,4.8,2.0,1.0,0.0,0.0,0.0,0.0,2.0,2.0,0.6820323,0.3179677,2
757,5,1.0,0.0,1.0,1.0,0.0,0.0,3.0,1.0,0.0,6.0,13.0,11.55,0.0,74.0,1.0,0.0,2.0,1.0,45.2,2.0,1.0,0.0,0.0,0.0,0.0,2.0,2.0,0.57386005,0.42613992,2
757,6,1.0,0.0,1.0,1.0,0.0,0.0,3.0,1.0,0.0,6.0,13.0,2.42,0.0,74.0,1.0,0.0,2.0,1.0,9.4,2.0,1.0,0.0,0.0,0.0,0.0,2.0,2.0,0.63091946,0.3690805,2
757,7,1.0,0.0,1.0,1.0,0.0,0.0,3.0,1.0,0.0,6.0,13.0,3.89,0.0,74.0,1.0,0.0,2.0,1.0,7.42857142857143,2.0,1.0,0.0,0.0,0.0,0.0,2.0,2.0,0.60550463,0.39449537,1
757,8,1.0,0.0,1.0,1.0,0.0,0.0,3.0,1.0,0.0,6.0,13.0,0.16,9.0,74.0,1.0,0.0,2.0,1.0,7.42857142857143,2.0,1.0,0.0,0.0,0.0,0.0,2.0,2.0,0.535647,0.46435302,1
757,9,1.0,0.0,1.0,1.0,0.0,0.0,0.0,1.0,0.0,6.0,13.0,0.16,10.0,74.0,1.0,0.0,2.0,1.0,7.42857142857143,2.0,1.0,0.0,0.0,0.0,0.0,2.0,2.0,0.8010167,0.19898328,2
757,10,1.0,0.0,1.0,1.0,0.0,0.0,3.0,1.0,0.0,6.0,13.0,2.14,0.0,74.0,1.0,0.0,2.0,1.0,8.3,2.0,1.0,0.0,0.0,0.0,0.0,2.0,2.0,0.63091946,0.3690805,2
757,11,3.0,0.0,1.0,1.0,0.0,0.0,3.0,1.0,0.0,6.0,13.0,2.52,0.0,74.0,1.0,0.0,2.0,1.0,7.42857142857143,2.0,1.0,0.0,0.0,0.0,0.0,2.0,2.0,0.6161651,0.3838349,2
757,12,1.0,0.0,1.0,1.0,0.0,0.0,0.0,1.0,0.0,6.0,13.0,0.16,14.0,74.0,1.0,0.0,2.0,1.0,7.42857142857143,2.0,1.0,0.0,0.0,0.0,0.0,2.0,2.0,0.8010167,0.19898328,2
757,13,1.0,0.0,1.0,1.0,0.0,0.0,3.0,1.0,0.0,6.0,13.0,5.65,2.0,74.0,1.0,0.0,2.0,1.0,7.42857142857143,2.0,1.0,0.0,0.0,0.0,0.0,2.0,2.0,0.5284711,0.47152886,2
757,14,1.0,0.0,1.0,1.0,0.0,0.0,2.0,1.0,0.0,6.0,13.0,0.16,0.0,74.0,1.0,0.0,2.0,1.0,3.4,2.0,1.0,0.0,0.0,0.0,0.0,2.0,2.0,0.8447946,0.15520543,2
757,15,1.0,0.0,1.0,1.0,0.0,0.0,3.0,1.0,0.0,6.0,13.0,7.17,0.0,74.0,1.0,0.0,2.0,1.0,7.42857142857143,2.0,1.0,0.0,0.0,0.0,0.0,2.0,2.0,0.52090144,0.4790986,1
757,16,1.0,0.0,1.0,1.0,0.0,0.0,3.0,1.0,0.0,6.0,13.0,11.84,0.0,74.0,1.0,0.0,2.0,1.0,7.42857142857143,2.0,1.0,0.0,0.0,0.0,0.0,2.0,2.0,0.52090144,0.4790986,1
757,17,0.0,0.0,1.0,1.0,0.0,0.0,3.0,1.0,0.0,6.0,13.0,0.16,0.0,74.0,1.0,0.0,2.0,1.0,14.7,2.0,1.0,0.0,0.0,0.0,0.0,2.0,2.0,0.54773533,0.45226467,2
757,18,1.0,0.0,1.0,1.0,0.0,0.0,3.0,1.0,0.0,6.0,13.0,9.02,0.0,74.0,1.0,0.0,2.0,1.0,7.42857142857143,2.0,1.0,0.0,0.0,0.0,0.0,2.0,2.0,0.52090144,0.4790986,1
757,19,0.0,0.0,1.0,1.0,0.0,0.0,3.0,1.0,0.0,6.0,13.0,0.16,0.0,74.0,1.0,0.0,2.0,1.0,14.4,2.0,1.0,0.0,0.0,0.0,0.0,2.0,2.0,0.54773533,0.45226467,2
757,20,1.0,0.0,1.0,1.0,0.0,0.0,3.0,1.0,0.0,6.0,13.0,12.63,7.0,74.0,1.0,0.0,2.0,1.0,7.42857142857143,2.0,1.0,0.0,0.0,0.0,0.0,2.0,2.0,0.7555127,0.24448726,2
757,21,1.0,0.0,1.0,1.0,0.0,0.0,3.0,1.0,0.0,6.0,13.0,9.12,7.0,74.0,1.0,0.0,2.0,1.0,7.42857142857143,2.0,1.0,0.0,0.0,0.0,0.0,2.0,2.0,0.7555127,0.24448726,2
757,22,1.0,0.0,1.0,1.0,0.0,0.0,3.0,1.0,0.0,6.0,13.0,7.93,0.0,74.0,1.0,0.0,2.0,1.0,7.42857142857143,2.0,1.0,0.0,0.0,0.0,0.0,2.0,2.0,0.52090144,0.4790986,1
757,23,1.0,0.0,1.0,1.0,0.0,0.0,13.0,1.0,0.0,6.0,13.0,0.16,6.0,74.0,1.0,0.0,2.0,1.0,7.42857142857143,2.0,1.0,0.0,0.0,0.0,0.0,2.0,2.0,0.50301665,0.49698335,2
757,24,1.0,0.0,1.0,1.0,0.0,0.0,3.0,1.0,0.0,6.0,13.0,8.56,0.0,74.0,1.0,0.0,2.0,1.0,7.42857142857143,2.0,1.0,0.0,0.0,0.0,0.0,2.0,2.0,0.52090144,0.4790986,1
757,25,19.0,0.0,1.0,1.0,0.0,0.0,3.0,1.0,0.0,6.0,13.0,5.64,0.0,74.0,1.0,0.0,2.0,1.0,7.42857142857143,2.0,1.0,0.0,0.0,0.0,0.0,2.0,2.0,0.55842113,0.44157884,2
757,26,14.0,0.0,1.0,1.0,0.0,0.0,3.0,1.0,0.0,6.0,13.0,0.16,9.0,74.0,1.0,0.0,2.0,1.0,7.42857142857143,2.0,1.0,0.0,0.0,0.0,0.0,2.0,2.0,0.5729586,0.42704138,2
757,27,1.0,0.0,1.0,1.0,0.0,0.0,3.0,1.0,0.0,6.0,13.0,6.17,0.0,74.0,1.0,0.0,2.0,1.0,7.42857142857143,2.0,1.0,0.0,0.0,0.0,0.0,2.0,2.0,0.52090144,0.4790986,1
757,28,1.0,0.0,1.0,1.0,0.0,0.0,7.0,1.0,0.0,6.0,13.0,11.8,0.0,74.0,1.0,0.0,2.0,1.0,7.42857142857143,2.0,1.0,0.0,0.0,0.0,0.0,2.0,2.0,0.52090144,0.4790986,2
757,29,1.0,0.0,1.0,1.0,0.0,0.0,3.0,1.0,0.0,6.0,13.0,12.23,0.0,74.0,1.0,0.0,2.0,1.0,7.42857142857143,2.0,1.0,0.0,0.0,0.0,0.0,2.0,2.0,0.52090144,0.4790986,1
788,0,0.0,6.0,1.0,0.0,0.0,0.0,1.0,8.0,0.0,5.0,23.0,0.26,0.0,37.0,1.0,1.0,8.0,2.0,14.9,0.0,0.0,0.0,0.0,0.0,0.0,2.0,1.0,0.9486485,0.051351514,2
788,1,0.0,6.0,1.0,0.0,0.0,0.0,1.0,8.0,0.0,5.0,23.0,0.26,5.0,58.0,1.0,1.0,8.0,2.0,50.0,0.0,0.0,0.0,0.0,0.0,0.0,2.0,1.0,0.96995395,0.030046022,2
788,2,0.0,6.0,1.0,0.0,0.0,0.0,1.0,8.0,0.0,5.0,23.0,0.26,0.0,5.0,1.0,1.0,8.0,2.0,6.7,0.0,0.0,0.0,0.0,0.0,0.0,2.0,1.0,0.96370643,0.036293592,2
788,3,0.0,6.0,1.0,0.0,0.0,0.0,1.0,8.0,0.0,5.0,23.0,0.26,4.0,36.0,1.0,1.0,8.0,2.0,2.24137931034483,0.0,0.0,0.0,0.0,0.0,0.0,2.0,1.0,0.7839772,0.2160228,2
788,4,0.0,6.0,1.0,0.0,0.0,0.0,1.0,8.0,0.0,5.0,70.0,0.26,3.0,58.0,1.0,1.0,8.0,2.0,2.24137931034483,0.0,0.0,0.0,0.0,0.0,0.0,2.0,1.0,0.50974214,0.49025786,2
788,5,0.0,6.0,1.0,0.0,0.0,0.0,1.0,8.0,0.0,5.0,23.0,0.26,6.0,58.0,1.0,1.0,8.0,2.0,2.24137931034483,0.0,0.0,0.0,0.0,1.1,0.0,2.0,1.0,0.9985985,0.0014015095,2
788,6,0.0,6.0,1.0,0.0,0.0,0.0,1.0,8.0,0.0,5.0,23.0,0.26,5.0,58.0,1.0,1.0,8.0,2.0,31.7,0.0,0.0,0.0,0.0,0.0,0.0,2.0,1.0,0.96995395,0.030046022,2
788,7,0.0,6.0,1.0,0.0,0.0,0.0,1.0,8.0,0.0,5.0,23.0,0.26,9.0,58.0,1.0,1.0,8.0,2.0,43.1,0.0,0.0,0.0,0.0,0.0,0.0,2.0,1.0,0.96995395,0.030046022,2
788,8,0.0,6.0,1.0,0.0,0.0,0.0,1.0,8.0,0.0,5.0,23.0,0.26,12.0,58.0,1.0,1.0,8.0,2.0,34.7,0.0,0.0,0.0,0.0,0.0,0.0,2.0,1.0,0.96995395,0.030046022,2
788,9,0.0,6.0,1.0,0.0,0.0,0.0,1.0,8.0,0.0,5.0,82.0,0.26,0.0,58.0,1.0,1.0,8.0,2.0,30.9,0.0,0.0,0.0,0.0,0.0,0.0,2.0,1.0,0.81791365,0.18208638,2
788,10,0.0,6.0,1.0,0.0,0.0,0.0,1.0,8.0,0.0,5.0,23.0,0.26,0.0,58.0,1.0,1.0,8.0,2.0,42.8,0.0,0.0,0.0,0.0,0.0,0.0,2.0,1.0,0.8893049,0.110695094,1
788,11,0.0,6.0,1.0,0.0,0.0,0.0,1.0,8.0,0.0,5.0,23.0,0.26,0.0,58.0,1.0,1.0,8.0,2.0,5.9,0.0,0.0,0.0,0.0,0.0,0.0,2.0,1.0,0.8696327,0.13036728,1
788,12,0.0,6.0,1.0,0.0,0.0,0.0,1.0,8.0,0.0,5.0,23.0,0.26,9.0,58.0,1.0,1.0,8.0,2.0,2.24137931034483,0.0,0.0,0.0,0.0,0.3,0.0,2.0,1.0,0.7762561,0.22374395,2
788,13,0.0,6.0,1.0,0.0,0.0,0.0,1.0,8.0,0.0,5.0,32.0,0.26,0.0,40.0,1.0,1.0,8.0,2.0,2.24137931034483,0.0,0.0,0.0,0.0,0.0,0.0,2.0,1.0,0.55155075,0.44844928,2
788,14,0.0,6.0,1.0,0.0,0.0,0.0,1.0,8.0,0.0,5.0,23.0,0.26,0.0,58.0,1.0,1.0,8.0,2.0,39.6,0.0,0.0,0.0,0.0,0.0,0.0,2.0,1.0,0.8893049,0.110695094,1
788,15,0.0,6.0,1.0,0.0,0.0,0.0,1.0,8.0,0.0,5.0,5.0,0.26,15.0,58.0,1.0,1.0,8.0,2.0,2.24137931034483,0.0,0.0,0.0,0.0,0.0,0.0,2.0,1.0,0.83691335,0.16308662,2
788,16,0.0,6.0,1.0,0.0,0.0,0.0,1.0,8.0,0.0,5.0,23.0,0.26,0.0,58.0,1.0,1.0,8.0,2.0,29.8,0.0,0.0,0.0,0.0,0.0,0.0,2.0,1.0,0.8893049,0.110695094,1
788,17,0.0,6.0,1.0,0.0,0.0,0.0,1.0,8.0,0.0,5.0,83.0,0.26,0.0,49.0,1.0,1.0,8.0,2.0,2.24137931034483,0.0,0.0,0.0,0.0,0.0,0.0,2.0,1.0,0.58968747,0.4103125,2
788,18,0.0,6.0,1.0,0.0,0.0,0.0,1.0,8.0,0.0,5.0,104.0,0.26,12.0,58.0,1.0,1.0,8.0,2.0,2.24137931034483,0.0,0.0,0.0,0.0,0.0,0.0,2.0,1.0,0.7274582,0.27254182,2
788,19,0.0,6.0,1.0,0.0,0.0,0.0,1.0,8.0,0.0,5.0,23.0,0.26,0.0,76.0,1.0,1.0,8.0,2.0,2.24137931034483,0.0,0.0,0.0,0.0,0.0,0.0,2.0,1.0,0.58356345,0.41643655,1
788,20,0.0,6.0,1.0,0.0,0.0,0.0,1.0,8.0,0.0,5.0,23.0,0.26,7.0,58.0,1.0,1.0,8.0,2.0,28.5,0.0,0.0,0.0,0.0,0.0,0.0,2.0,1.0,0.96995395,0.030046022,2
788,21,0.0,6.0,1.0,0.0,0.0,0.0,1.0,8.0,0.0,5.0,23.0,0.26,6.0,58.0,1.0,1.0,8.0,2.0,2.24137931034483,0.0,0.0,0.0,0.0,1.0,0.0,2.0,1.0,0.9985985,0.0014015095,2
788,22,0.0,6.0,1.0,0.0,0.0,0.0,1.0,8.0,0.0,5.0,23.0,0.26,0.0,58.0,1.0,1.0,8.0,2.0,17.5,0.0,0.0,0.0,0.0,0.0,0.0,2.0,1.0,0.8893049,0.110695094,1
788,23,0.0,6.0,1.0,0.0,0.0,0.0,1.0,8.0,0.0,5.0,23.0,0.26,0.0,58.0,1.0,1.0,8.0,2.0,7.4,0.0,0.0,0.0,0.0,0.4,0.0,2.0,1.0,0.86642325,0.13357677,2
788,24,0.0,6.0,1.0,0.0,0.0,0.0,1.0,8.0,0.0,5.0,23.0,0.26,0.0,32.0,1.0,1.0,8.0,2.0,2.24137931034483,0.0,0.0,0.0,0.0,0.7,0.0,2.0,1.0,0.89170873,0.108291246,2
788,25,0.0,6.0,1.0,0.0,0.0,0.0,1.0,8.0,0.0,5.0,23.0,0.26,0.0,39.0,1.0,1.0,8.0,2.0,21.5,0.0,0.0,0.0,0.0,0.0,0.0,2.0,1.0,0.9570665,0.042933542,2
788,26,0.0,6.0,1.0,0.0,0.0,0.0,1.0,8.0,0.0,5.0,23.0,0.26,4.0,58.0,1.0,1.0,8.0,2.0,2.24137931034483,0.0,0.0,0.0,0.0,0.3,0.0,2.0,1.0,0.59354734,0.4064527,2
788,27,0.0,6.0,1.0,0.0,0.0,0.0,1.0,8.0,0.0,5.0,115.0,0.26,0.0,58.0,1.0,1.0,8.0,2.0,2.24137931034483,0.0,0.0,0.0,0.0,0.9,0.0,2.0,1.0,0.97951865,0.020481322,2
788,28,0.0,6.0,1.0,0.0,0.0,0.0,1.0,8.0,0.0,5.0,23.0,0.26,0.0,71.0,1.0,1.0,8.0,2.0,2.24137931034483,0.0,0.0,0.0,0.0,1.0,0.0,2.0,1.0,0.9956713,0.004328698,2
788,29,0.0,6.0,1.0,0.0,0.0,0.0,1.0,8.0,0.0,5.0,23.0,0.26,0.0,43.0,1.0,1.0,8.0,2.0,2.24137931034483,0.0,0.0,0.0,0.0,0.9,0.0,2.0,1.0,0.9855159,0.014484086,2
832,0,2.0,3.0,1.0,1.0,0.0,0.0,3.0,4.0,1.0,32.0,50.0,0.1,0.0,93.0,1.0,37.0,16.0,2.0,2.71428571428571,25.0,1.0,0.0,2.0,0.76,0.0,3.0,2.0,0.61997384,0.38002616,3
832,1,2.0,3.0,1.0,1.0,0.0,0.0,3.0,4.0,1.0,32.0,50.0,0.1,1.0,93.0,1.0,0.0,16.0,2.0,2.71428571428571,13.0,1.0,0.0,1.0,0.76,0.0,3.0,2.0,0.6733146,0.32668546,3
832,2,2.0,3.0,1.0,1.0,0.0,0.0,3.0,4.0,1.0,32.0,50.0,0.1,11.0,93.0,1.0,0.0,16.0,2.0,2.71428571428571,41.0,1.0,0.0,25.0,1.1,0.0,3.0,2.0,0.59433854,0.40566143,3
832,3,2.0,3.0,1.0,1.0,0.0,0.0,3.0,4.0,1.0,32.0,50.0,0.1,0.0,93.0,1.0,41.0,16.0,2.0,2.71428571428571,31.0,1.0,0.0,1.0,0.76,0.0,3.0,2.0,0.61997384,0.38002616,3
832,4,2.0,3.0,1.0,1.0,0.0,0.0,3.0,4.0,1.0,32.0,50.0,0.1,0.0,93.0,1.0,0.0,16.0,2.0,2.71428571428571,10.0,1.0,0.0,1.0,0.76,0.0,3.0,2.0,0.57400584,0.42599416,2
832,5,2.0,3.0,1.0,1.0,0.0,0.0,3.0,4.0,1.0,32.0,50.0,0.1,8.0,93.0,1.0,0.0,16.0,2.0,2.71428571428571,0.0,1.0,0.0,5.0,1.1,0.0,3.0,2.0,0.6668249,0.33317512,3
832,6,2.0,3.0,1.0,1.0,0.0,0.0,3.0,4.0,1.0,32.0,50.0,0.1,9.0,93.0,1.0,0.0,16.0,2.0,2.71428571428571,33.0,1.0,0.0,3.0,0.76,0.0,3.0,2.0,0.78382,0.21618003,3
832,7,2.0,3.0,1.0,1.0,0.0,0.0,3.0,4.0,1.0,32.0,50.0,0.1,7.0,93.0,1.0,0.0,16.0,2.0,2.71428571428571,9.0,1.0,0.0,25.0,1.0,0.0,3.0,2.0,0.59433854,0.40566143,3
832,8,2.0,3.0,1.0,1.0,0.0,0.0,3.0,4.0,1.0,32.0,50.0,0.1,1.0,93.0,1.0,0.0,16.0,2.0,2.71428571428571,0.0,1.0,0.0,2.0,0.7,0.0,3.0,2.0,0.5245479,0.47545213,3
832,9,2.0,3.0,1.0,1.0,0.0,0.0,3.0,4.0,1.0,32.0,50.0,0.1,7.0,93.0,1.0,0.0,16.0,2.0,2.71428571428571,0.0,1.0,0.0,1.0,0.76,0.0,3.0,2.0,0.7133421,0.28665796,2
832,10,2.0,3.0,1.0,1.0,0.0,0.0,3.0,4.0,1.0,32.0,50.0,0.1,0.0,93.0,1.0,9.0,16.0,2.0,2.71428571428571,40.0,1.0,0.0,1.0,0.76,0.0,3.0,2.0,0.61997384,0.38002616,3
832,11,2.0,3.0,1.0,1.0,0.0,0.0,3.0,4.0,1.0,32.0,50.0,0.1,0.0,93.0,1.0,23.0,16.0,2.0,2.71428571428571,10.0,1.0,0.0,1.0,0.76,0.0,3.0,2.0,0.61997384,0.38002616,3
832,12,2.0,3.0,1.0,1.0,0.0,0.0,3.0,4.0,1.0,32.0,50.0,0.1,3.0,93.0,1.0,28.0,16.0,2.0,2.71428571428571,0.0,1.0,0.0,1.0,0.76,0.0,3.0,2.0,0.6187656,0.38123444,3
832,13,2.0,3.0,1.0,1.0,0.0,0.0,3.0,4.0,1.0,32.0,50.0,0.1,0.0,93.0,1.0,0.0,16.0,2.0,2.71428571428571,29.0,1.0,0.0,1.0,0.76,0.0,3.0,2.0,0.57400584,0.42599416,2
832,14,2.0,3.0,1.0,1.0,0.0,0.0,3.0,4.0,1.0,32.0,50.0,0.1,0.0,93.0,1.0,15.0,16.0,2.0,2.71428571428571,19.0,1.0,0.0,2.0,0.76,0.0,3.0,2.0,0.61997384,0.38002616,3
832,15,2.0,3.0,1.0,1.0,0.0,0.0,3.0,4.0,1.0,32.0,50.0,0.1,0.0,93.0,1.0,35.0,16.0,2.0,2.71428571428571,24.0,1.0,0.0,1.0,0.76,0.0,3.0,2.0,0.61997384,0.38002616,3
832,16,2.0,3.0,1.0,1.0,0.0,0.0,3.0,4.0,1.0,32.0,50.0,0.1,0.0,93.0,1.0,0.0,16.0,2.0,2.71428571428571,21.0,1.0,0.0,1.0,0.76,0.0,3.0,2.0,0.57400584,0.42599416,2
832,17,2.0,3.0,1.0,1.0,0.0,0.0,3.0,4.0,1.0,32.0,50.0,0.1,9.0,93.0,1.0,0.0,16.0,2.0,2.71428571428571,0.0,1.0,0.0,2.0,0.76,0.0,3.0,2.0,0.7133421,0.28665796,2
832,18,2.0,3.0,1.0,1.0,0.0,0.0,3.0,4.0,1.0,32.0,50.0,0.1,0.0,93.0,1.0,0.0,16.0,2.0,2.71428571428571,30.0,1.0,0.0,1.0,0.76,0.0,3.0,2.0,0.57400584,0.42599416,2
832,19,2.0,3.0,1.0,1.0,0.0,0.0,3.0,4.0,1.0,32.0,50.0,0.1,0.0,93.0,1.0,0.0,16.0,2.0,2.71428571428571,31.0,1.0,0.0,1.0,0.76,0.0,3.0,2.0,0.57400584,0.42599416,2
832,20,2.0,3.0,1.0,1.0,0.0,0.0,3.0,4.0,1.0,32.0,50.0,0.1,13.0,93.0,1.0,0.0,16.0,2.0,2.71428571428571,33.0,1.0,0.0,25.0,1.0,0.0,3.0,2.0,0.59433854,0.40566143,3
832,21,2.0,3.0,1.0,1.0,0.0,0.0,3.0,4.0,1.0,32.0,50.0,0.1,0.0,93.0,1.0,0.0,16.0,2.0,2.71428571428571,13.0,1.0,0.0,1.0,0.76,0.0,3.0,2.0,0.57400584,0.42599416,2
832,22,2.0,3.0,1.0,1.0,0.0,0.0,3.0,4.0,1.0,32.0,50.0,0.1,6.0,93.0,1.0,0.0,16.0,2.0,2.71428571428571,41.0,1.0,0.0,25.0,1.1,0.0,3.0,2.0,0.59433854,0.40566143,3
832,23,2.0,3.0,1.0,1.0,0.0,0.0,3.0,4.0,1.0,32.0,50.0,0.1,10.0,93.0,1.0,19.0,16.0,2.0,2.71428571428571,0.0,1.0,0.0,3.0,0.76,0.0,3.0,2.0,0.74326676,0.25673324,3
832,24,2.0,3.0,1.0,1.0,0.0,0.0,3.0,4.0,1.0,32.0,50.0,0.1,0.0,93.0,1.0,6.0,16.0,2.0,2.71428571428571,18.0,1.0,0.0,1.0,0.76,0.0,3.0,2.0,0.61997384,0.38002616,3
832,25,2.0,3.0,1.0,1.0,0.0,0.0,3.0,4.0,1.0,32.0,50.0,0.1,0.0,93.0,1.0,1.0,16.0,2.0,2.71428571428571,0.0,1.0,0.0,1.0,0.76,0.0,3.0,2.0,0.5265453,0.4734547,2
832,26,2.0,3.0,1.0,1.0,0.0,0.0,3.0,4.0,1.0,32.0,50.0,0.1,5.0,93.0,1.0,0.0,16.0,2.0,2.71428571428571,0.0,1.0,0.0,1.0,0.76,0.0,3.0,2.0,0.7133421,0.28665796,2
832,27,2.0,3.0,1.0,1.0,0.0,0.0,3.0,4.0,1.0,32.0,50.0,0.1,13.0,93.0,1.0,0.0,16.0,2.0,2.71428571428571,0.0,1.0,0.0,2.0,0.76,0.0,3.0,2.0,0.7133421,0.28665796,2
832,28,2.0,3.0,1.0,1.0,0.0,0.0,3.0,4.0,1.0,32.0,50.0,0.1,0.0,93.0,1.0,0.0,16.0,2.0,2.71428571428571,22.0,1.0,0.0,1.0,0.8,0.0,3.0,2.0,0.54226303,0.45773694,3
832,29,2.0,3.0,1.0,1.0,0.0,0.0,3.0,4.0,1.0,32.0,50.0,0.1,7.0,93.0,1.0,0.0,16.0,2.0,2.71428571428571,27.0,1.0,0.0,4.0,0.76,0.0,3.0,2.0,0.6118487,0.38815132,3
834,0,2.0,1.0,2.0,1.0,0.0,0.0,3.0,4.0,2.0,26.0,35.0,0.1,1.0,90.0,2.0,0.0,57.0,2.0,2.875,0.0,1.0,0.0,2.0,1.0,0.0,2.0,0.0,0.91726077,0.082739204,2
834,1,2.0,1.0,2.0,1.0,0.0,0.0,3.0,4.0,2.0,54.0,35.0,0.1,1.0,90.0,2.0,0.0,18.0,2.0,2.875,0.0,1.0,0.0,2.0,1.0,0.0,2.0,0.0,0.91726077,0.082739204,2
834,2,0.0,1.0,2.0,1.0,0.0,0.0,1.0,4.0,2.0,26.0,35.0,0.1,1.0,90.0,2.0,0.0,18.0,2.0,2.875,0.0,1.0,0.0,2.0,1.0,0.0,2.0,3.0,0.9868993,0.013100689,2
834,3,2.0,1.0,2.0,1.0,0.0,0.0,3.0,4.0,2.0,26.0,35.0,0.1,1.0,90.0,2.0,0.0,72.0,2.0,2.875,0.0,1.0,0.0,2.0,1.0,0.0,2.0,0.0,0.91726077,0.082739204,2
834,4,2.0,1.0,2.0,1.0,0.0,0.0,3.0,4.0,2.0,26.0,35.0,0.1,1.0,90.0,2.0,0.0,4.0,2.0,2.875,0.0,1.0,0.0,2.0,1.0,0.0,2.0,3.0,0.64361453,0.35638547,1
834,5,0.0,1.0,2.0,1.0,0.0,0.0,3.0,4.0,2.0,18.0,35.0,0.1,1.0,90.0,2.0,0.0,18.0,2.0,2.875,0.0,1.0,0.0,2.0,1.0,0.0,2.0,3.0,0.9042403,0.09575969,2
834,6,1.0,1.0,2.0,1.0,0.0,0.0,3.0,4.0,2.0,26.0,35.0,0.1,1.0,90.0,2.0,0.0,5.0,2.0,2.875,0.0,1.0,0.0,2.0,1.0,0.0,2.0,3.0,0.6579011,0.3420989,2
834,7,2.0,1.0,2.0,1.0,0.0,0.0,3.0,4.0,2.0,11.0,35.0,0.1,1.0,90.0,2.0,0.0,5.0,2.0,2.875,0.0,1.0,0.0,2.0,1.0,0.0,2.0,3.0,0.6579011,0.3420989,2
834,8,2.0,1.0,2.0,1.0,0.0,0.0,3.0,4.0,2.0,26.0,35.0,0.1,1.0,90.0,2.0,0.0,71.0,2.0,2.875,0.0,1.0,0.0,2.0,1.0,0.0,2.0,0.0,0.91726077,0.082739204,2
834,9,2.0,1.0,2.0,1.0,0.0,0.0,3.0,4.0,2.0,26.0,35.0,0.1,1.0,90.0,2.0,0.0,34.0,2.0,2.875,0.0,1.0,0.0,2.0,1.0,0.0,2.0,0.0,0.91726077,0.082739204,2
834,10,4.0,1.0,2.0,1.0,0.0,0.0,3.0,4.0,2.0,26.0,35.0,0.1,1.0,90.0,2.0,0.0,8.0,2.0,2.875,0.0,1.0,0.0,2.0,1.0,0.0,2.0,3.0,0.6579011,0.3420989,2
834,11,2.0,1.0,2.0,1.0,0.0,0.0,3.0,4.0,2.0,26.0,35.0,0.1,1.0,90.0,2.0,0.0,0.0,2.0,2.875,0.0,1.0,0.0,2.0,1.0,0.0,2.0,3.0,0.96735793,0.032642055,1
834,12,13.0,1.0,2.0,1.0,0.0,0.0,3.0,4.0,2.0,26.0,35.0,0.1,1.0,90.0,2.0,0.0,8.0,2.0,2.875,0.0,1.0,0.0,2.0,1.0,0.0,2.0,3.0,0.5550487,0.44495133,2
834,13,2.0,1.0,2.0,1.0,0.0,0.0,14.0,4.0,2.0,26.0,35.0,0.1,1.0,90.0,2.0,0.0,3.0,2.0,2.875,0.0,1.0,0.0,2.0,1.0,0.0,2.0,3.0,0.6743641,0.32563594,2
834,14,2.0,1.0,2.0,1.0,0.0,0.0,0.0,4.0,2.0,26.0,35.0,0.1,1.0,90.0,2.0,0.0,26.0,2.0,2.875,0.0,1.0,0.0,2.0,1.0,0.0,2.0,3.0,0.8554901,0.1445099,2
834,15,7.0,1.0,2.0,1.0,0.0,0.0,3.0,4.0,2.0,26.0,35.0,0.1,1.0,90.0,2.0,0.0,18.0,2.0,2.875,0.0,1.0,0.0,2.0,1.0,0.0,2.0,0.0,0.8779152,0.122084774,2
834,16,2.0,1.0,2.0,1.0,0.0,0.0,3.0,4.0,2.0,0.0,35.0,0.1,1.0,90.0,2.0,0.0,21.0,2.0,2.875,0.0,1.0,0.0,2.0,1.0,0.0,2.0,3.0,0.83286,0.16713998,2
834,17,2.0,1.0,2.0,1.0,0.0,0.0,4.0,4.0,2.0,1.0,35.0,0.1,1.0,90.0,2.0,0.0,18.0,2.0,2.875,0.0,1.0,0.0,2.0,1.0,0.0,2.0,3.0,0.8138572,0.18614282,2
834,18,2.0,1.0,2.0,1.0,0.0,0.0,1.0,4.0,2.0,30.0,35.0,0.1,1.0,90.0,2.0,0.0,18.0,2.0,2.875,0.0,1.0,0.0,2.0,1.0,0.0,2.0,3.0,0.8554901,0.1445099,2
834,19,2.0,1.0,2.0,1.0,0.0,0.0,3.0,4.0,2.0,18.0,35.0,0.1,1.0,90.0,2.0,0.0,18.0,2.0,2.875,0.0,1.0,0.0,2.0,1.0,0.0,2.0,0.0,0.91726077,0.082739204,2
834,20,16.0,1.0,2.0,1.0,0.0,0.0,3.0,4.0,2.0,5.0,35.0,0.1,1.0,90.0,2.0,0.0,18.0,2.0,2.875,0.0,1.0,0.0,2.0,1.0,0.0,2.0,3.0,0.7677026,0.2322974,2
834,21,2.0,1.0,2.0,1.0,0.0,0.0,1.0,4.0,2.0,26.0,35.0,0.1,1.0,90.0,2.0,0.0,18.0,2.0,2.875,0.0,1.0,0.0,2.0,1.0,0.0,2.0,3.0,0.8554901,0.1445099,1
834,22,2.0,1.0,2.0,1.0,0.0,0.0,7.0,4.0,2.0,26.0,35.0,0.1,1.0,90.0,2.0,0.0,18.0,2.0,2.875,0.0,1.0,0.0,2.0,1.0,0.0,2.0,0.0,0.90677977,0.093220234,2
834,23,2.0,1.0,2.0,1.0,0.0,0.0,3.0,4.0,2.0,50.0,35.0,0.1,1.0,90.0,2.0,0.0,1.0,2.0,2.875,0.0,1.0,0.0,2.0,1.0,0.0,2.0,3.0,0.94458896,0.055411045,2
834,24,16.0,1.0,2.0,1.0,0.0,0.0,0.0,4.0,2.0,26.0,35.0,0.1,1.0,90.0,2.0,0.0,18.0,2.0,2.875,0.0,1.0,0.0,2.0,1.0,0.0,2.0,3.0,0.7933868,0.2066132,2
834,25,13.0,1.0,2.0,1.0,0.0,0.0,3.0,4.0,2.0,26.0,35.0,0.1,1.0,90.0,2.0,0.0,3.0,2.0,2.875,0.0,1.0,0.0,2.0,1.0,0.0,2.0,3.0,0.60489166,0.3951083,2
834,26,2.0,1.0,2.0,1.0,0.0,0.0,3.0,4.0,2.0,26.0,35.0,0.1,1.0,90.0,2.0,0.0,5.0,2.0,2.875,0.0,1.0,0.0,2.0,1.0,0.0,2.0,2.0,0.6579011,0.3420989,2
834,27,2.0,1.0,2.0,1.0,0.0,0.0,0.0,4.0,2.0,26.0,35.0,0.1,1.0,90.0,2.0,0.0,40.0,2.0,2.875,0.0,1.0,0.0,2.0,1.0,0.0,2.0,3.0,0.8554901,0.1445099,2
834,28,2.0,1.0,2.0,1.0,0.0,0.0,3.0,4.0,2.0,26.0,35.0,0.1,1.0,90.0,2.0,0.0,1.0,2.0,2.875,0.0,1.0,0.0,2.0,1.0,0.0,2.0,4.0,0.94458896,0.055411045,2
834,29,11.0,1.0,2.0,1.0,0.0,0.0,3.0,4.0,2.0,26.0,35.0,0.1,1.0,90.0,2.0,0.0,18.0,2.0,2.875,0.0,1.0,0.0,2.0,1.0,0.0,2.0,0.0,0.8779152,0.122084774,2
886,0,0.0,0.0,1.0,1.0,0.0,1.0,2.0,2.0,5.0,14.0,22.0,0.39,0.0,90.0,4.0,3.0,13.0,2.0,38.7,0.0,0.0,0.0,2.0,0.9,0.0,3.0,1.0,0.8532667,0.14673325,2
886,1,0.0,0.0,1.0,1.0,0.0,1.0,2.0,2.0,5.0,14.0,7.0,0.39,0.0,90.0,4.0,3.0,13.0,2.0,2.37037037037037,0.0,0.0,0.0,2.0,0.6,0.0,3.0,1.0,0.5119395,0.4880605,2
886,2,0.0,0.0,1.0,1.0,0.0,1.0,2.0,2.0,5.0,14.0,54.0,0.39,0.0,90.0,4.0,3.0,13.0,2.0,2.37037037037037,0.0,0.0,0.0,2.0,0.9,0.0,3.0,1.0,0.84513533,0.15486465,2
886,3,0.0,0.0,1.0,1.0,0.0,1.0,2.0,2.0,5.0,14.0,22.0,0.39,0.0,90.0,4.0,3.0,6.0,2.0,41.1,0.0,0.0,0.0,2.0,0.5,0.0,3.0,1.0,0.6143006,0.3856994,2
886,4,0.0,0.0,1.0,1.0,0.0,1.0,2.0,2.0,5.0,14.0,22.0,0.39,0.0,90.0,4.0,3.0,11.0,2.0,2.37037037037037,0.0,0.0,0.0,2.0,1.0,0.0,3.0,1.0,0.96104634,0.03895367,2
886,5,0.0,0.0,1.0,1.0,0.0,1.0,2.0,2.0,5.0,14.0,1.0,0.39,0.0,90.0,4.0,3.0,13.0,2.0,2.37037037037037,0.0,0.0,0.0,2.0,1.0,0.0,3.0,1.0,0.9717429,0.028257048,2
886,6,0.0,0.0,1.0,1.0,0.0,1.0,2.0,2.0,5.0,14.0,22.0,0.39,0.0,90.0,4.0,3.0,10.0,2.0,2.37037037037037,0.0,0.0,0.0,2.0,1.0,0.0,3.0,1.0,0.9890627,0.010937246,2
886,7,0.0,0.0,1.0,1.0,0.0,1.0,2.0,2.0,5.0,14.0,22.0,0.39,0.0,25.0,4.0,3.0,13.0,2.0,2.37037037037037,0.0,0.0,0.0,2.0,1.0,0.0,3.0,1.0,0.9928105,0.007189488,2
886,8,0.0,0.0,1.0,1.0,0.0,1.0,2.0,2.0,5.0,14.0,22.0,0.39,0.0,90.0,4.0,3.0,13.0,2.0,46.7,0.0,0.0,0.0,2.0,1.0,0.0,3.0,1.0,0.9121534,0.08784658,2
886,9,0.0,0.0,1.0,1.0,0.0,1.0,2.0,2.0,5.0,14.0,22.0,0.39,0.0,90.0,4.0,3.0,53.0,2.0,2.37037037037037,0.0,0.0,0.0,2.0,1.1,0.0,3.0,1.0,0.9625027,0.03749731,2
886,10,0.0,0.0,1.0,1.0,0.0,1.0,2.0,2.0,5.0,14.0,22.0,0.39,0.0,90.0,4.0,3.0,13.0,2.0,48.9,0.0,0.0,0.0,2.0,1.1,0.0,3.0,1.0,0.9121534,0.08784658,2
886,11,0.0,0.0,1.0,1.0,0.0,1.0,2.0,2.0,5.0,14.0,22.0,0.39,0.0,90.0,4.0,3.0,13.0,2.0,2.37037037037037,0.0,0.0,0.0,2.0,0.8,0.0,3.0,1.0,0.78842103,0.21157898,1
886,12,0.0,0.0,1.0,1.0,0.0,1.0,2.0,2.0,5.0,14.0,90.0,0.39,0.0,90.0,4.0,3.0,13.0,2.0,2.37037037037037,0.0,0.0,0.0,2.0,1.1,0.0,3.0,1.0,0.9562307,0.043769278,2
886,13,0.0,0.0,1.0,1.0,0.0,1.0,2.0,2.0,5.0,14.0,22.0,0.39,0.0,90.0,4.0,3.0,13.0,2.0,47.8,0.0,0.0,0.0,2.0,1.0,0.0,3.0,1.0,0.9121534,0.08784658,2
886,14,0.0,0.0,1.0,1.0,0.0,1.0,2.0,2.0,5.0,14.0,22.0,0.39,0.0,90.0,4.0,3.0,13.0,2.0,43.6,0.0,0.0,0.0,2.0,1.0,0.0,3.0,1.0,0.9121534,0.08784658,2
886,15,0.0,0.0,1.0,1.0,0.0,1.0,2.0,2.0,5.0,14.0,22.0,0.39,0.0,90.0,4.0,3.0,22.0,2.0,2.37037037037037,0.0,0.0,0.0,2.0,0.8,0.0,3.0,1.0,0.7949543,0.20504567,2
886,16,0.0,0.0,1.0,1.0,0.0,1.0,2.0,2.0,5.0,14.0,64.0,0.39,0.0,90.0,4.0,3.0,13.0,2.0,2.37037037037037,0.0,0.0,0.0,2.0,1.1,0.0,3.0,1.0,0.9562307,0.043769278,2
886,17,0.0,0.0,1.0,1.0,0.0,1.0,2.0,2.0,5.0,14.0,22.0,0.39,0.0,77.0,4.0,3.0,13.0,2.0,2.37037037037037,0.0,0.0,0.0,2.0,0.9,0.0,3.0,1.0,0.9418057,0.058194287,2
886,18,0.0,0.0,1.0,1.0,0.0,1.0,2.0,2.0,5.0,14.0,22.0,0.39,0.0,90.0,4.0,3.0,1.0,2.0,13.5,0.0,0.0,0.0,2.0,0.5,0.0,3.0,1.0,0.6963115,0.30368853,2
886,19,0.0,0.0,1.0,1.0,0.0,1.0,2.0,2.0,5.0,14.0,22.0,0.39,0.0,34.0,4.0,3.0,13.0,2.0,2.37037037037037,0.0,0.0,0.0,2.0,0.8,0.0,3.0,1.0,0.93382514,0.06617487,2
886,20,0.0,0.0,1.0,1.0,0.0,1.0,2.0,2.0,5.0,14.0,122.0,0.39,0.0,90.0,4.0,3.0,13.0,2.0,2.37037037037037,0.0,0.0,0.0,2.0,0.9,0.0,3.0,1.0,0.84513533,0.15486465,2
886,21,0.0,0.0,1.0,1.0,0.0,1.0,2.0,2.0,5.0,14.0,22.0,0.39,0.0,90.0,4.0,3.0,13.0,2.0,44.2,0.0,0.0,0.0,2.0,1.0,0.0,3.0,1.0,0.9121534,0.08784658,2
886,22,0.0,0.0,1.0,1.0,0.0,1.0,2.0,2.0,5.0,14.0,22.0,0.39,0.0,90.0,4.0,3.0,36.0,2.0,2.37037037037037,0.0,0.0,0.0,2.0,1.1,0.0,3.0,1.0,0.9625027,0.03749731,2
886,23,0.0,0.0,1.0,1.0,0.0,1.0,2.0,2.0,5.0,14.0,22.0,0.39,0.0,90.0,4.0,3.0,1.0,2.0,2.37037037037037,0.0,0.0,0.0,2.0,0.9,0.0,3.0,1.0,0.9245465,0.0754535,2
886,24,0.0,0.0,1.0,1.0,0.0,1.0,2.0,2.0,5.0,14.0,49.0,0.39,0.0,90.0,4.0,3.0,13.0,2.0,2.37037037037037,0.0,0.0,0.0,2.0,1.0,0.0,3.0,1.0,0.9562307,0.043769278,2
886,25,0.0,0.0,1.0,1.0,0.0,1.0,2.0,2.0,5.0,14.0,22.0,0.39,0.0,48.0,4.0,3.0,13.0,2.0,2.37037037037037,0.0,0.0,0.0,2.0,0.9,0.0,3.0,1.0,0.9768479,0.023152089,2
886,26,0.0,0.0,1.0,1.0,0.0,1.0,2.0,2.0,5.0,14.0,22.0,0.39,0.0,90.0,4.0,3.0,13.0,2.0,44.6,0.0,0.0,0.0,2.0,1.0,0.0,3.0,1.0,0.9121534,0.08784658,2
886,27,0.0,0.0,1.0,1.0,0.0,1.0,2.0,2.0,5.0,14.0,22.0,0.39,0.0,41.0,4.0,3.0,13.0,2.0,2.37037037037037,0.0,0.0,0.0,2.0,0.7,0.0,3.0,1.0,0.5282414,0.47175863,2
886,28,0.0,0.0,1.0,1.0,0.0,1.0,2.0,2.0,5.0,14.0,22.0,0.39,0.0,92.0,4.0,3.0,13.0,2.0,2.37037037037037,0.0,0.0,0.0,2.0,0.8,0.0,3.0,1.0,0.7984439,0.20155606,2
886,29,0.0,0.0,1.0,1.0,0.0,1.0,2.0,2.0,5.0,14.0,43.0,0.39,0.0,90.0,4.0,3.0,13.0,2.0,2.37037037037037,0.0,0.0,0.0,2.0,1.0,0.0,3.0,1.0,0.9562307,0.043769278,2
913,0,1.0,0.0,1.0,3.0,0.0,0.0,2.0,1.0,1.0,15.0,26.0,0.18,0.0,89.0,1.0,1.0,8.0,3.0,2.46428571428571,0.0,0.0,0.0,7.0,1.0,0.0,3.0,0.0,0.73703086,0.26296914,2
913,1,1.0,0.0,1.0,3.0,0.0,0.0,2.0,1.0,1.0,15.0,26.0,0.18,0.0,89.0,1.0,1.0,8.0,3.0,2.46428571428571,0.0,0.0,0.0,21.0,0.9,0.0,3.0,0.0,0.84945375,0.15054625,2
913,2,1.0,0.0,1.0,3.0,0.0,0.0,2.0,1.0,1.0,15.0,72.0,0.18,0.0,89.0,1.0,1.0,8.0,3.0,2.46428571428571,0.0,0.0,0.0,5.0,0.8,0.0,3.0,0.0,0.7075292,0.29247084,2
913,3,1.0,0.0,1.0,3.0,0.0,0.0,2.0,1.0,1.0,15.0,123.0,0.18,0.0,89.0,1.0,1.0,8.0,3.0,2.46428571428571,0.0,0.0,0.0,5.0,1.0,0.0,3.0,0.0,0.8106972,0.18930279,2
913,4,1.0,0.0,1.0,3.0,0.0,0.0,2.0,1.0,1.0,15.0,2.0,0.18,0.0,89.0,1.0,1.0,8.0,3.0,2.46428571428571,0.0,0.0,0.0,5.0,0.6,0.0,3.0,0.0,0.90039116,0.09960884,1
913,5,1.0,0.0,1.0,12.0,0.0,0.0,2.0,1.0,1.0,15.0,26.0,0.18,0.0,89.0,1.0,1.0,8.0,3.0,2.46428571428571,0.0,0.0,0.0,5.0,0.8,0.0,3.0,0.0,0.64345026,0.35654977,2
913,6,1.0,0.0,1.0,3.0,0.0,0.0,2.0,1.0,1.0,15.0,116.0,0.18,0.0,89.0,1.0,1.0,8.0,3.0,2.46428571428571,0.0,0.0,0.0,5.0,1.0,0.0,3.0,0.0,0.8106972,0.18930279,2
913,7,1.0,0.0,1.0,3.0,0.0,0.0,2.0,1.0,1.0,15.0,21.0,0.18,12.0,89.0,1.0,1.0,8.0,3.0,2.46428571428571,0.0,0.0,0.0,5.0,0.6,0.0,3.0,0.0,0.6214514,0.37854865,2
913,8,1.0,0.0,1.0,3.0,0.0,0.0,2.0,1.0,1.0,15.0,26.0,0.18,11.0,89.0,1.0,1.0,8.0,3.0,2.46428571428571,0.0,0.0,0.0,5.0,0.8,0.0,3.0,0.0,0.9171059,0.082894094,2
913,9,1.0,0.0,1.0,3.0,0.0,0.0,2.0,1.0,1.0,15.0,16.0,0.18,0.0,89.0,1.0,1.0,8.0,3.0,2.46428571428571,0.0,0.0,0.0,5.0,0.7,0.0,3.0,0.0,0.7638151,0.23618491,2
913,10,1.0,0.0,1.0,3.0,0.0,0.0,2.0,1.0,1.0,15.0,26.0,0.18,8.0,89.0,1.0,1.0,8.0,3.0,2.46428571428571,0.0,0.0,0.0,5.0,1.0,0.0,3.0,0.0,0.9248647,0.07513529,2
913,11,1.0,0.0,1.0,3.0,0.0,0.0,2.0,1.0,1.0,15.0,24.0,0.18,13.0,89.0,1.0,1.0,8.0,3.0,2.46428571428571,0.0,0.0,0.0,5.0,0.6,0.0,3.0,0.0,0.6214514,0.37854865,2
913,12,1.0,0.0,1.0,3.0,0.0,0.0,2.0,1.0,1.0,15.0,8.0,0.18,0.0,89.0,1.0,1.0,8.0,3.0,2.46428571428571,0.0,0.0,0.0,5.0,0.6,0.0,3.0,0.0,0.8390335,0.16096652,1
913,13,1.0,0.0,1.0,3.0,0.0,0.0,2.0,1.0,1.0,15.0,5.0,0.18,0.0,89.0,1.0,1.0,8.0,3.0,2.46428571428571,0.0,0.0,0.0,5.0,0.4,0.0,3.0,0.0,0.625827,0.374173,2
913,14,1.0,0.0,1.0,20.0,0.0,0.0,2.0,1.0,1.0,15.0,26.0,0.18,0.0,89.0,1.0,1.0,8.0,3.0,2.46428571428571,0.0,0.0,0.0,1.0,0.6,0.0,3.0,0.0,0.5405282,0.45947185,2
913,15,1.0,0.0,1.0,3.0,0.0,0.0,2.0,1.0,1.0,15.0,26.0,0.18,12.0,89.0,1.0,1.0,8.0,3.0,2.46428571428571,0.0,0.0,0.0,5.0,1.1,0.0,3.0,0.0,0.9248647,0.07513529,2
913,16,1.0,0.0,1.0,3.0,0.0,0.0,2.0,1.0,1.0,15.0,26.0,0.18,0.0,89.0,1.0,1.0,8.0,3.0,2.46428571428571,0.0,0.0,0.0,2.0,1.0,0.0,3.0,0.0,0.7433529,0.25664708,2
913,17,1.0,0.0,1.0,15.0,0.0,0.0,2.0,1.0,1.0,15.0,26.0,0.18,0.0,89.0,1.0,1.0,8.0,3.0,2.46428571428571,0.0,0.0,0.0,5.0,1.0,0.0,3.0,0.0,0.7573991,0.24260092,2
913,18,1.0,0.0,1.0,3.0,0.0,0.0,2.0,1.0,1.0,15.0,18.0,0.18,0.0,89.0,1.0,1.0,8.0,3.0,2.46428571428571,0.0,0.0,0.0,5.0,0.8,0.0,3.0,0.0,0.7891346,0.21086535,2
913,19,1.0,0.0,1.0,3.0,0.0,0.0,2.0,1.0,1.0,15.0,26.0,0.18,0.0,89.0,1.0,1.0,8.0,3.0,2.46428571428571,0.0,0.0,0.0,19.0,0.9,0.0,3.0,0.0,0.84945375,0.15054625,2
913,20,1.0,0.0,1.0,3.0,0.0,0.0,2.0,1.0,1.0,15.0,57.0,0.18,0.0,89.0,1.0,1.0,8.0,3.0,2.46428571428571,0.0,0.0,0.0,5.0,0.9,0.0,3.0,0.0,0.82026255,0.17973746,2
913,21,1.0,0.0,1.0,6.0,0.0,0.0,2.0,1.0,1.0,15.0,13.0,0.18,0.0,89.0,1.0,1.0,8.0,3.0,2.46428571428571,0.0,0.0,0.0,5.0,0.6,0.0,3.0,0.0,0.85168636,0.14831364,2
913,22,1.0,0.0,1.0,3.0,0.0,0.0,2.0,1.0,1.0,15.0,26.0,0.18,0.0,89.0,1.0,1.0,8.0,3.0,2.46428571428571,0.0,0.0,0.0,12.0,0.9,0.0,3.0,0.0,0.84945375,0.15054625,2
913,23,1.0,0.0,1.0,3.0,0.0,0.0,2.0,1.0,1.0,15.0,26.0,0.18,6.0,89.0,1.0,1.0,8.0,3.0,2.46428571428571,0.0,0.0,0.0,5.0,1.1,0.0,3.0,0.0,0.9248647,0.07513529,2
913,24,1.0,0.0,1.0,3.0,0.0,0.0,2.0,1.0,1.0,15.0,26.0,0.18,2.0,89.0,1.0,1.0,8.0,3.0,2.46428571428571,0.0,0.0,0.0,5.0,0.8,0.0,3.0,0.0,0.822177,0.17782302,2
913,25,1.0,0.0,1.0,3.0,0.0,0.0,2.0,1.0,1.0,15.0,124.0,0.18,0.0,89.0,1.0,1.0,8.0,3.0,2.46428571428571,0.0,0.0,0.0,1.0,0.6,0.0,3.0,0.0,0.534814,0.465186,2
913,26,1.0,0.0,1.0,10.0,0.0,0.0,2.0,1.0,1.0,15.0,26.0,0.18,0.0,89.0,1.0,1.0,8.0,3.0,2.46428571428571,0.0,0.0,0.0,5.0,0.9,0.0,3.0,0.0,0.7688898,0.23111023,2
913,27,1.0,0.0,1.0,3.0,0.0,0.0,2.0,1.0,1.0,15.0,26.0,0.18,10.0,89.0,1.0,1.0,8.0,3.0,2.46428571428571,0.0,0.0,0.0,3.0,0.6,0.0,3.0,0.0,0.7769563,0.2230437,2
913,28,1.0,0.0,1.0,3.0,0.0,0.0,2.0,1.0,1.0,15.0,54.0,0.18,0.0,89.0,1.0,1.0,8.0,3.0,2.46428571428571,0.0,0.0,0.0,5.0,0.9,0.0,3.0,0.0,0.82026255,0.17973746,2
913,29,1.0,0.0,1.0,3.0,0.0,0.0,2.0,1.0,1.0,15.0,5.0,0.18,0.0,89.0,1.0,1.0,8.0,3.0,2.46428571428571,0.0,0.0,0.0,5.0,0.6,0.0,3.0,0.0,0.8483537,0.15164632,1
914,0,2.0,0.0,1.0,4.0,2.0,1.0,4.0,1.0,0.0,1.0,7.0,0.18,0.0,57.0,2.0,1.0,29.0,1.0,4.44444444444444,1.0,1.0,0.0,2.0,0.9,0.0,3.0,1.0,0.68002003,0.31997997,2
914,1,2.0,0.0,1.0,4.0,2.0,1.0,4.0,1.0,0.0,1.0,7.0,8.47,0.0,57.0,2.0,1.0,16.0,1.0,4.44444444444444,1.0,1.0,0.0,2.0,0.8,0.0,3.0,1.0,0.78687835,0.21312162,2
914,2,2.0,0.0,1.0,4.0,2.0,1.0,5.0,1.0,0.0,1.0,7.0,0.18,0.0,57.0,2.0,1.0,16.0,1.0,4.44444444444444,1.0,1.0,0.0,2.0,0.9,0.0,3.0,1.0,0.7546607,0.24533924,2
914,3,2.0,0.0,1.0,4.0,2.0,1.0,4.0,1.0,0.0,1.0,7.0,0.18,0.0,57.0,2.0,1.0,61.0,1.0,4.44444444444444,1.0,1.0,0.0,2.0,1.0,0.0,3.0,1.0,0.9371689,0.06283109,2
914,4,2.0,0.0,1.0,4.0,2.0,1.0,4.0,1.0,0.0,1.0,7.0,4.16,0.0,57.0,2.0,1.0,16.0,1.0,4.44444444444444,1.0,1.0,0.0,2.0,0.6,0.0,3.0,1.0,0.7013912,0.2986088,2
914,5,2.0,0.0,1.0,4.0,2.0,1.0,4.0,1.0,0.0,1.0,7.0,6.15,0.0,57.0,2.0,1.0,16.0,1.0,4.44444444444444,1.0,1.0,0.0,2.0,0.7,0.0,3.0,1.0,0.55495596,0.445044,2
914,6,2.0,0.0,1.0,4.0,2.0,1.0,4.0,1.0,0.0,1.0,7.0,8.88,0.0,57.0,2.0,1.0,16.0,1.0,4.44444444444444,1.0,1.0,0.0,2.0,0.8,0.0,3.0,1.0,0.78687835,0.21312162,2
914,7,2.0,0.0,1.0,4.0,2.0,1.0,4.0,1.0,0.0,1.0,7.0,5.4,0.0,57.0,2.0,1.0,16.0,1.0,4.44444444444444,1.0,1.0,0.0,2.0,0.6,0.0,3.0,1.0,0.55495596,0.445044,2
914,8,2.0,0.0,1.0,4.0,2.0,1.0,4.0,1.0,0.0,1.0,7.0,8.94,0.0,57.0,2.0,1.0,16.0,1.0,4.44444444444444,1.0,1.0,0.0,2.0,0.9,0.0,3.0,1.0,0.76635015,0.23364982,2
914,9,2.0,0.0,1.0,4.0,2.0,1.0,4.0,1.0,0.0,1.0,7.0,0.18,0.0,57.0,2.0,1.0,16.0,1.0,4.44444444444444,1.0,1.0,0.0,2.0,1.1,0.0,3.0,1.0,0.9557303,0.044269662,1
914,10,2.0,0.0,1.0,4.0,2.0,1.0,4.0,1.0,0.0,1.0,7.0,10.85,0.0,57.0,2.0,1.0,8.0,1.0,4.44444444444444,1.0,1.0,0.0,2.0,0.5,0.0,3.0,1.0,0.55454457,0.44545543,2
914,11,2.0,0.0,1.0,4.0,2.0,1.0,4.0,1.0,0.0,1.0,7.0,0.18,0.0,82.0,2.0,1.0,16.0,1.0,4.44444444444444,1.0,1.0,0.0,2.0,1.0,0.0,3.0,1.0,0.9026444,0.09735561,2
914,12,2.0,0.0,1.0,4.0,2.0,1.0,9.0,1.0,0.0,1.0,7.0,0.18,0.0,97.0,2.0,1.0,16.0,1.0,4.44444444444444,1.0,1.0,0.0,2.0,0.5,0.0,3.0,1.0,0.6381177,0.36188236,2
914,13,2.0,0.0,1.0,4.0,2.0,1.0,1.0,1.0,0.0,1.0,7.0,0.18,0.0,57.0,2.0,1.0,16.0,1.0,4.44444444444444,1.0,1.0,0.0,2.0,1.1,0.0,3.0,1.0,0.9806338,0.019366194,2
914,14,2.0,0.0,1.0,4.0,2.0,1.0,4.0,1.0,0.0,1.0,7.0,0.18,0.0,57.0,2.0,1.0,35.0,1.0,4.44444444444444,1.0,1.0,0.0,2.0,0.8,0.0,3.0,1.0,0.572392,0.427608,2
914,15,2.0,0.0,1.0,4.0,2.0,1.0,4.0,1.0,0.0,1.0,7.0,0.18,0.0,57.0,2.0,1.0,12.0,1.0,4.44444444444444,1.0,1.0,0.0,2.0,0.9,0.0,3.0,1.0,0.81507456,0.1849254,2
914,16,2.0,0.0,1.0,4.0,2.0,1.0,10.0,1.0,0.0,1.0,7.0,0.18,0.0,57.0,2.0,1.0,16.0,1.0,4.44444444444444,1.0,1.0,0.0,2.0,0.8,0.0,3.0,1.0,0.6595703,0.34042972,2
914,17,2.0,0.0,1.0,4.0,2.0,1.0,4.0,1.0,0.0,1.0,7.0,8.14,0.0,57.0,2.0,1.0,0.0,1.0,4.44444444444444,1.0,1.0,0.0,2.0,0.5,0.0,3.0,1.0,0.88481873,0.11518125,2
914,18,2.0,0.0,1.0,4.0,2.0,1.0,4.0,1.0,0.0,1.0,7.0,0.9,0.0,57.0,2.0,1.0,16.0,1.0,4.44444444444444,1.0,1.0,0.0,2.0,0.5,0.0,3.0,1.0,0.5170204,0.4829796,1
914,19,2.0,0.0,1.0,4.0,2.0,1.0,1.0,1.0,0.0,1.0,7.0,0.18,0.0,57.0,2.0,1.0,16.0,1.0,4.44444444444444,1.0,1.0,0.0,2.0,0.5,0.0,3.0,1.0,0.5226203,0.4773797,1
914,20,2.0,0.0,1.0,4.0,2.0,1.0,4.0,1.0,0.0,1.0,7.0,12.95,0.0,57.0,2.0,1.0,16.0,1.0,4.44444444444444,1.0,1.0,0.0,2.0,1.1,0.0,3.0,1.0,0.8998963,0.10010367,2
914,21,2.0,0.0,1.0,4.0,2.0,1.0,4.0,1.0,0.0,1.0,7.0,0.18,0.0,57.0,2.0,1.0,31.0,1.0,4.44444444444444,1.0,1.0,0.0,2.0,0.8,0.0,3.0,1.0,0.572392,0.427608,2
914,22,2.0,0.0,1.0,4.0,2.0,1.0,4.0,1.0,0.0,1.0,7.0,0.18,0.0,71.0,2.0,1.0,36.0,1.0,4.44444444444444,1.0,1.0,0.0,2.0,0.5,0.0,3.0,1.0,0.53917706,0.46082294,2
914,23,2.0,0.0,1.0,4.0,2.0,1.0,4.0,1.0,0.0,1.0,7.0,0.18,0.0,88.0,2.0,1.0,16.0,1.0,4.44444444444444,1.0,1.0,0.0,2.0,0.5,0.0,3.0,1.0,0.53767014,0.4623299,1
914,24,2.0,0.0,1.0,4.0,2.0,1.0,4.0,1.0,0.0,1.0,7.0,0.18,0.0,92.0,2.0,1.0,7.0,1.0,4.44444444444444,1.0,1.0,0.0,2.0,0.5,0.0,3.0,1.0,0.82555145,0.17444853,2
914,25,2.0,0.0,1.0,4.0,2.0,1.0,4.0,1.0,0.0,1.0,7.0,3.49,0.0,71.0,2.0,1.0,16.0,1.0,4.44444444444444,1.0,1.0,0.0,2.0,0.5,0.0,3.0,1.0,0.5646261,0.43537387,2
914,26,2.0,0.0,1.0,4.0,2.0,1.0,4.0,1.0,0.0,1.0,7.0,7.91,0.0,57.0,2.0,1.0,16.0,1.0,4.44444444444444,1.0,1.0,0.0,2.0,0.8,0.0,3.0,1.0,0.78687835,0.21312162,2
914,27,2.0,0.0,1.0,4.0,2.0,1.0,0.0,1.0,0.0,1.0,7.0,0.18,0.0,57.0,2.0,1.0,16.0,1.0,4.44444444444444,1.0,1.0,0.0,2.0,0.6,0.0,3.0,1.0,0.6088245,0.39117548,2
914,28,2.0,0.0,1.0,4.0,2.0,1.0,4.0,1.0,0.0,1.0,7.0,0.18,0.0,69.0,2.0,1.0,9.0,1.0,4.44444444444444,1.0,1.0,0.0,2.0,0.5,0.0,3.0,1.0,0.7489959,0.25100413,2
914,29,2.0,0.0,1.0,4.0,2.0,1.0,2.0,1.0,0.0,1.0,7.0,0.18,0.0,88.0,2.0,1.0,16.0,1.0,4.44444444444444,1.0,1.0,0.0,2.0,0.5,0.0,3.0,1.0,0.5991787,0.4008213,2
991,0,0.0,0.0,1.0,0.0,0.0,1.0,1.0,1.0,6.0,4.0,0.0,0.46,0.0,70.0,1.0,0.0,3.0,1.0,31.8,1.0,2.0,0.0,0.0,0.0,0.0,2.0,0.0,0.89038575,0.10961422,2
991,1,0.0,0.0,1.0,0.0,0.0,1.0,1.0,1.0,6.0,4.0,0.0,0.46,0.0,70.0,0.0,0.0,3.0,1.0,8.7,1.0,2.0,0.0,0.0,0.0,0.0,2.0,0.0,0.88222444,0.11777557,2
991,2,0.0,0.0,1.0,0.0,0.0,1.0,1.0,1.0,6.0,4.0,0.0,0.46,0.0,70.0,5.0,0.0,3.0,1.0,27.4,1.0,2.0,0.0,0.0,0.0,0.0,2.0,4.0,0.6447592,0.35524085,2
991,3,0.0,0.0,1.0,0.0,0.0,1.0,1.0,1.0,6.0,4.0,0.0,0.46,0.0,70.0,2.0,0.0,3.0,1.0,1.83333333333333,1.0,2.0,0.0,0.0,1.1,0.0,2.0,0.0,0.75391537,0.24608462,2
991,4,0.0,0.0,1.0,0.0,0.0,1.0,1.0,1.0,6.0,4.0,0.0,0.46,0.0,70.0,5.0,0.0,3.0,1.0,39.5,1.0,2.0,0.0,0.0,0.9,0.0,2.0,0.0,0.816382,0.18361802,2
991,5,0.0,0.0,1.0,0.0,0.0,1.0,1.0,1.0,6.0,4.0,58.0,0.46,0.0,70.0,5.0,0.0,3.0,1.0,32.4,1.0,2.0,0.0,0.0,0.0,0.0,2.0,0.0,0.5494945,0.4505055,2
991,6,0.0,0.0,1.0,0.0,0.0,1.0,1.0,1.0,6.0,4.0,0.0,0.46,0.0,70.0,0.0,0.0,3.0,1.0,6.8,1.0,2.0,0.0,0.0,0.0,0.0,2.0,0.0,0.85811275,0.14188723,2
991,7,0.0,0.0,1.0,0.0,0.0,1.0,1.0,1.0,6.0,4.0,0.0,0.46,0.0,70.0,5.0,0.0,3.0,1.0,16.1,1.0,2.0,0.0,0.0,0.0,0.0,2.0,2.0,0.6447592,0.35524085,2
991,8,0.0,0.0,1.0,0.0,0.0,1.0,1.0,1.0,6.0,4.0,0.0,0.46,0.0,70.0,5.0,0.0,3.0,1.0,29.6,1.0,2.0,0.0,0.0,0.8,0.0,2.0,0.0,0.65382993,0.34617007,2
991,9,0.0,0.0,1.0,0.0,0.0,1.0,1.0,1.0,6.0,4.0,0.0,0.46,0.0,70.0,5.0,0.0,3.0,1.0,46.6,1.0,2.0,0.0,0.0,1.0,0.0,2.0,0.0,0.9538254,0.046174575,2
991,10,0.0,0.0,1.0,0.0,0.0,1.0,1.0,1.0,6.0,4.0,121.0,0.46,0.0,70.0,5.0,0.0,3.0,1.0,23.9,1.0,2.0,0.0,0.0,0.0,0.0,2.0,0.0,0.5494945,0.4505055,2
991,11,0.0,0.0,1.0,0.0,0.0,1.0,1.0,1.0,6.0,4.0,42.0,0.46,0.0,70.0,5.0,0.0,3.0,1.0,29.4,1.0,2.0,0.0,0.0,0.0,0.0,2.0,0.0,0.5494945,0.4505055,2
991,12,0.0,0.0,1.0,0.0,0.0,1.0,1.0,1.0,6.0,4.0,68.0,0.46,0.0,70.0,5.0,0.0,3.0,1.0,11.6,1.0,2.0,0.0,0.0,0.0,0.0,2.0,0.0,0.5494945,0.4505055,2
991,13,0.0,0.0,1.0,0.0,0.0,1.0,1.0,1.0,6.0,4.0,7.0,0.46,0.0,70.0,5.0,0.0,3.0,1.0,1.83333333333333,1.0,2.0,0.0,0.0,1.0,0.0,2.0,0.0,0.98965466,0.010345323,2
991,14,0.0,0.0,1.0,0.0,0.0,1.0,1.0,1.0,6.0,4.0,0.0,0.46,0.0,70.0,3.0,0.0,3.0,1.0,3.4,1.0,2.0,0.0,0.0,0.0,0.0,2.0,0.0,0.5891838,0.41081616,2
991,15,0.0,0.0,1.0,0.0,0.0,1.0,1.0,1.0,6.0,4.0,87.0,0.46,0.0,70.0,5.0,0.0,3.0,1.0,31.3,1.0,2.0,0.0,0.0,0.0,0.0,2.0,0.0,0.5494945,0.4505055,2
991,16,0.0,0.0,1.0,0.0,0.0,1.0,1.0,1.0,6.0,4.0,0.0,0.46,0.0,70.0,7.0,0.0,3.0,1.0,1.83333333333333,1.0,2.0,0.0,0.0,1.0,0.0,2.0,0.0,0.86753136,0.13246863,2
991,17,0.0,0.0,1.0,0.0,0.0,1.0,1.0,1.0,6.0,4.0,0.0,0.46,0.0,70.0,5.0,0.0,3.0,1.0,36.7,1.0,2.0,0.0,0.0,0.0,0.0,2.0,2.0,0.6447592,0.35524085,2
991,18,0.0,0.0,1.0,0.0,0.0,1.0,1.0,1.0,6.0,4.0,0.0,0.46,0.0,70.0,5.0,0.0,3.0,1.0,39.1,1.0,2.0,0.0,0.0,0.9,0.0,2.0,0.0,0.816382,0.18361802,2
991,19,0.0,0.0,1.0,0.0,0.0,1.0,1.0,1.0,6.0,4.0,0.0,0.46,0.0,70.0,5.0,0.0,3.0,1.0,49.9,1.0,2.0,0.0,0.0,1.1,0.0,2.0,0.0,0.9538254,0.046174575,2
991,20,0.0,0.0,1.0,0.0,0.0,1.0,1.0,1.0,6.0,4.0,29.0,0.46,0.0,70.0,5.0,0.0,3.0,1.0,1.83333333333333,1.0,2.0,0.0,0.0,1.0,0.0,2.0,0.0,0.98804235,0.01195765,2
991,21,0.0,0.0,1.0,0.0,0.0,1.0,1.0,1.0,6.0,4.0,67.0,0.46,0.0,70.0,5.0,0.0,3.0,1.0,1.83333333333333,1.0,2.0,0.0,0.0,0.8,0.0,2.0,0.0,0.77865285,0.22134717,2
991,22,0.0,0.0,1.0,0.0,0.0,1.0,1.0,1.0,6.0,4.0,0.0,0.46,0.0,70.0,5.0,0.0,3.0,1.0,40.9,1.0,2.0,0.0,0.0,0.9,0.0,2.0,0.0,0.816382,0.18361802,2
991,23,0.0,0.0,1.0,0.0,0.0,1.0,1.0,1.0,6.0,4.0,63.0,0.46,0.0,70.0,5.0,0.0,3.0,1.0,48.4,1.0,2.0,0.0,0.0,0.0,0.0,2.0,0.0,0.5494945,0.4505055,2
991,24,0.0,0.0,1.0,0.0,0.0,1.0,1.0,1.0,6.0,4.0,85.0,0.46,0.0,70.0,5.0,0.0,3.0,1.0,35.5,1.0,2.0,0.0,0.0,0.0,0.0,2.0,0.0,0.5494945,0.4505055,2
991,25,0.0,0.0,1.0,0.0,0.0,1.0,1.0,1.0,6.0,4.0,0.0,0.46,0.0,70.0,7.0,0.0,3.0,1.0,1.83333333333333,1.0,2.0,0.0,0.0,0.9,0.0,2.0,0.0,0.51930714,0.4806929,2
991,26,0.0,0.0,1.0,0.0,0.0,1.0,1.0,1.0,6.0,4.0,0.0,0.46,0.0,70.0,3.0,0.0,3.0,1.0,1.83333333333333,1.0,2.0,0.0,0.0,0.9,0.0,2.0,0.0,0.7216757,0.2783243,2
991,27,0.0,0.0,1.0,0.0,0.0,1.0,1.0,1.0,6.0,4.0,0.0,0.46,0.0,70.0,5.0,0.0,3.0,1.0,41.2,1.0,2.0,0.0,0.0,0.9,0.0,2.0,0.0,0.816382,0.18361802,2
991,28,0.0,0.0,1.0,0.0,0.0,1.0,1.0,1.0,6.0,4.0,0.0,0.46,0.0,70.0,5.0,0.0,3.0,1.0,39.8,1.0,2.0,0.0,0.0,0.9,0.0,2.0,0.0,0.816382,0.18361802,2
991,29,0.0,0.0,1.0,0.0,0.0,1.0,1.0,1.0,6.0,4.0,0.0,0.46,0.0,70.0,5.0,0.0,3.0,1.0,46.6,1.0,2.0,0.0,0.0,0.0,0.0,2.0,3.0,0.6447592,0.35524085,2
1009,0,0.0,0.0,1.0,0.0,2.0,6.0,3.0,1.0,0.0,0.0,11.0,0.25,6.0,0.0,6.0,3.0,1.0,1.0,38.7,0.0,2.0,0.0,1.0,1.0,0.0,2.0,2.0,0.6520099,0.3479901,2
1009,1,0.0,0.0,1.0,0.0,2.0,6.0,3.0,1.0,0.0,0.0,11.0,0.25,6.0,0.0,6.0,3.0,12.0,1.0,0.545454545454545,20.0,2.0,0.0,1.0,0.8,0.0,2.0,2.0,0.61534894,0.38465104,2
1009,2,0.0,0.0,1.0,0.0,2.0,6.0,3.0,1.0,0.0,0.0,11.0,0.98,6.0,0.0,6.0,3.0,12.0,1.0,0.545454545454545,0.0,2.0,0.0,1.0,0.4,0.0,2.0,2.0,0.5915186,0.40848142,2
1009,3,0.0,0.0,1.0,0.0,2.0,6.0,3.0,1.0,0.0,0.0,11.0,0.25,6.0,0.0,6.0,3.0,12.0,1.0,49.0,16.0,2.0,0.0,1.0,1.0,0.0,2.0,2.0,0.758224,0.24177597,2
1009,4,0.0,0.0,1.0,0.0,2.0,6.0,3.0,1.0,0.0,0.0,11.0,0.25,6.0,0.0,6.0,3.0,12.0,1.0,0.545454545454545,12.0,2.0,0.0,1.0,0.4,0.0,2.0,2.0,0.51603657,0.48396343,2
1009,5,0.0,0.0,1.0,0.0,2.0,6.0,3.0,1.0,0.0,0.0,11.0,0.25,6.0,0.0,6.0,3.0,10.0,1.0,0.545454545454545,0.0,2.0,0.0,1.0,0.4,0.0,2.0,2.0,0.5661201,0.4338799,2
1009,6,0.0,0.0,1.0,0.0,2.0,6.0,3.0,1.0,0.0,0.0,11.0,0.25,6.0,0.0,6.0,3.0,12.0,1.0,0.545454545454545,14.0,2.0,0.0,1.0,0.8,0.0,2.0,2.0,0.61534894,0.38465104,2
1009,7,0.0,0.0,1.0,0.0,2.0,6.0,3.0,1.0,0.0,0.0,11.0,0.25,6.0,0.0,6.0,3.0,12.0,1.0,29.4,36.0,2.0,0.0,1.0,1.0,0.0,2.0,2.0,0.758224,0.24177597,2
1009,8,0.0,0.0,1.0,0.0,2.0,6.0,3.0,1.0,0.0,0.0,11.0,0.25,6.0,0.0,6.0,3.0,12.0,1.0,0.545454545454545,27.0,2.0,0.0,1.0,0.8,0.0,2.0,2.0,0.61534894,0.38465104,2
1009,9,0.0,0.0,1.0,0.0,2.0,6.0,3.0,1.0,0.0,0.0,11.0,2.36,6.0,0.0,6.0,3.0,12.0,1.0,0.545454545454545,35.0,2.0,0.0,1.0,1.0,0.0,2.0,2.0,0.5613113,0.4386887,2
1009,10,0.0,0.0,1.0,0.0,2.0,6.0,3.0,1.0,0.0,0.0,11.0,0.25,6.0,0.0,6.0,3.0,12.0,1.0,22.4,23.0,2.0,0.0,1.0,1.0,0.0,2.0,2.0,0.758224,0.24177597,2
1009,11,0.0,0.0,1.0,0.0,2.0,6.0,3.0,1.0,0.0,0.0,11.0,0.25,6.0,0.0,6.0,3.0,12.0,1.0,0.545454545454545,9.0,2.0,0.0,1.0,0.5,0.0,2.0,2.0,0.51603657,0.48396343,2
1009,12,0.0,0.0,1.0,0.0,2.0,6.0,3.0,1.0,0.0,0.0,11.0,0.25,6.0,0.0,6.0,3.0,12.0,1.0,29.6,12.0,2.0,0.0,1.0,1.0,0.0,2.0,2.0,0.758224,0.24177597,2
1009,13,0.0,0.0,1.0,0.0,2.0,6.0,3.0,1.0,0.0,0.0,11.0,0.25,6.0,0.0,6.0,3.0,12.0,1.0,0.545454545454545,21.0,2.0,0.0,1.0,0.9,0.0,2.0,2.0,0.56118375,0.43881625,2
1009,14,0.0,0.0,1.0,0.0,2.0,6.0,3.0,1.0,0.0,0.0,11.0,0.25,6.0,0.0,6.0,3.0,12.0,1.0,0.545454545454545,30.0,2.0,0.0,1.0,0.9,0.0,2.0,2.0,0.56118375,0.43881625,2
1009,15,0.0,0.0,1.0,0.0,2.0,6.0,3.0,1.0,0.0,0.0,11.0,0.25,6.0,0.0,6.0,3.0,12.0,1.0,0.545454545454545,13.0,2.0,0.0,1.0,0.9,0.0,2.0,2.0,0.56118375,0.43881625,2
1009,16,0.0,0.0,1.0,0.0,2.0,6.0,3.0,1.0,0.0,0.0,11.0,2.5,6.0,0.0,6.0,3.0,12.0,1.0,9.7,0.0,2.0,0.0,1.0,1.0,0.0,2.0,2.0,0.60344446,0.39655554,2
1009,17,0.0,0.0,1.0,0.0,2.0,6.0,3.0,1.0,0.0,0.0,11.0,0.25,6.0,0.0,6.0,3.0,12.0,1.0,9.7,37.0,2.0,0.0,1.0,1.0,0.0,2.0,2.0,0.758224,0.24177597,2
1009,18,0.0,0.0,1.0,0.0,2.0,6.0,3.0,1.0,0.0,0.0,11.0,0.25,6.0,0.0,6.0,3.0,12.0,1.0,31.3,28.0,2.0,0.0,1.0,1.0,0.0,2.0,2.0,0.758224,0.24177597,2
1009,19,0.0,0.0,1.0,0.0,2.0,6.0,3.0,1.0,0.0,0.0,11.0,0.25,6.0,0.0,6.0,3.0,12.0,1.0,0.545454545454545,26.0,2.0,0.0,1.0,0.3,0.0,2.0,2.0,0.51603657,0.48396343,2
1009,20,0.0,0.0,1.0,0.0,2.0,6.0,3.0,1.0,0.0,0.0,11.0,0.25,6.0,0.0,6.0,3.0,12.0,1.0,0.545454545454545,41.0,2.0,0.0,1.0,0.8,0.0,2.0,2.0,0.61534894,0.38465104,2
1009,21,0.0,0.0,1.0,0.0,2.0,6.0,3.0,1.0,0.0,0.0,11.0,0.25,6.0,0.0,6.0,3.0,12.0,1.0,12.8,6.0,2.0,0.0,1.0,1.0,0.0,2.0,2.0,0.758224,0.24177597,2
1009,22,0.0,0.0,1.0,0.0,2.0,6.0,3.0,1.0,0.0,0.0,11.0,0.25,6.0,0.0,6.0,3.0,12.0,1.0,21.2,10.0,2.0,0.0,1.0,1.0,0.0,2.0,2.0,0.758224,0.24177597,2
1009,23,0.0,0.0,1.0,0.0,2.0,6.0,3.0,1.0,0.0,0.0,11.0,0.25,6.0,0.0,6.0,3.0,12.0,1.0,40.1,31.0,2.0,0.0,1.0,1.0,0.0,2.0,2.0,0.758224,0.24177597,2
1009,24,0.0,0.0,1.0,0.0,2.0,6.0,3.0,1.0,0.0,0.0,11.0,2.0,6.0,0.0,6.0,3.0,12.0,1.0,0.545454545454545,40.0,2.0,0.0,1.0,1.0,0.0,2.0,2.0,0.5613113,0.4386887,2
1009,25,0.0,0.0,1.0,0.0,2.0,6.0,3.0,1.0,0.0,0.0,11.0,0.25,6.0,0.0,6.0,3.0,12.0,1.0,0.545454545454545,35.0,2.0,0.0,1.0,0.5,0.0,2.0,2.0,0.51603657,0.48396343,2
1009,26,0.0,0.0,1.0,0.0,2.0,6.0,3.0,1.0,0.0,0.0,11.0,0.25,6.0,0.0,6.0,3.0,12.0,1.0,0.545454545454545,12.0,2.0,0.0,1.0,0.3,0.0,2.0,2.0,0.51603657,0.48396343,2
1009,27,0.0,0.0,1.0,0.0,2.0,6.0,3.0,1.0,0.0,0.0,11.0,0.25,6.0,0.0,6.0,3.0,12.0,1.0,9.0,16.0,2.0,0.0,1.0,1.0,0.0,2.0,2.0,0.758224,0.24177597,2
1009,28,0.0,0.0,1.0,0.0,2.0,6.0,3.0,1.0,0.0,0.0,11.0,0.25,6.0,0.0,6.0,3.0,12.0,1.0,41.2,32.0,2.0,0.0,1.0,1.0,0.0,2.0,2.0,0.758224,0.24177597,2
1009,29,0.0,0.0,1.0,0.0,2.0,6.0,3.0,1.0,0.0,0.0,11.0,0.25,6.0,0.0,6.0,3.0,12.0,1.0,36.0,30.0,2.0,0.0,1.0,1.0,0.0,2.0,2.0,0.758224,0.24177597,2
1011,0,0.0,0.0,1.0,0.0,0.0,0.0,1.0,1.0,4.0,0.0,0.0,0.49,13.0,0.0,3.0,0.0,4.0,1.0,1.75,1.0,4.0,0.0,0.0,0.0,0.0,2.0,1.0,0.9431524,0.056847587,2
1011,1,0.0,0.0,1.0,0.0,0.0,0.0,1.0,1.0,4.0,0.0,0.0,0.49,5.0,0.0,3.0,0.0,4.0,1.0,1.75,1.0,4.0,0.0,0.0,0.9,0.0,2.0,0.0,0.55107474,0.4489253,2
1011,2,0.0,0.0,1.0,0.0,0.0,0.0,1.0,1.0,4.0,0.0,35.0,0.49,6.0,0.0,3.0,0.0,4.0,1.0,1.75,1.0,4.0,0.0,0.0,0.0,0.0,2.0,0.0,0.58637744,0.41362256,2
1011,3,0.0,0.0,1.0,0.0,0.0,0.0,1.0,1.0,4.0,0.0,57.0,0.49,0.0,0.0,3.0,0.0,4.0,1.0,1.75,1.0,4.0,0.0,0.0,0.0,0.0,2.0,1.0,0.5515352,0.4484648,2
1011,4,0.0,0.0,1.0,0.0,0.0,0.0,1.0,1.0,4.0,0.0,0.0,0.49,0.0,0.0,3.0,0.0,4.0,1.0,1.75,29.0,4.0,0.0,0.0,0.0,0.0,2.0,4.0,0.806679,0.19332096,2
1011,5,0.0,0.0,1.0,0.0,0.0,0.0,1.0,1.0,4.0,0.0,17.0,0.49,11.0,0.0,3.0,0.0,4.0,1.0,1.75,1.0,4.0,0.0,0.0,0.0,0.0,2.0,0.0,0.7068174,0.2931826,2
1011,6,0.0,0.0,1.0,0.0,0.0,0.0,1.0,1.0,4.0,0.0,0.0,0.49,8.0,0.0,3.0,0.0,4.0,1.0,1.75,7.0,4.0,0.0,0.0,0.0,0.0,2.0,0.0,0.757279,0.24272104,2
1011,7,0.0,0.0,1.0,0.0,0.0,0.0,1.0,1.0,4.0,0.0,121.0,0.49,0.0,0.0,3.0,0.0,4.0,1.0,1.75,1.0,4.0,0.0,0.0,1.0,0.0,2.0,0.0,0.7735461,0.22645389,2
1011,8,0.0,0.0,1.0,0.0,0.0,0.0,1.0,1.0,4.0,0.0,0.0,0.49,0.0,0.0,3.0,0.0,4.0,1.0,1.75,13.0,4.0,0.0,0.0,1.0,0.0,2.0,0.0,0.82767206,0.17232795,2
1011,9,0.0,0.0,1.0,0.0,0.0,0.0,1.0,1.0,4.0,0.0,0.0,0.49,4.0,0.0,3.0,0.0,4.0,1.0,1.75,38.0,4.0,0.0,0.0,0.0,0.0,2.0,0.0,0.58713824,0.41286176,2
1011,10,0.0,0.0,1.0,0.0,0.0,0.0,1.0,1.0,4.0,0.0,0.0,0.49,3.0,0.0,3.0,0.0,4.0,1.0,1.75,16.0,4.0,0.0,0.0,0.0,0.0,2.0,0.0,0.5247144,0.4752856,2
1011,11,0.0,0.0,1.0,0.0,0.0,0.0,1.0,1.0,4.0,0.0,0.0,0.49,15.0,0.0,3.0,0.0,4.0,1.0,1.75,8.0,4.0,0.0,0.0,0.0,0.0,2.0,0.0,0.757279,0.24272104,2
1011,12,0.0,0.0,1.0,0.0,0.0,0.0,1.0,1.0,4.0,0.0,74.0,0.49,6.0,0.0,3.0,0.0,4.0,1.0,1.75,1.0,4.0,0.0,0.0,0.0,0.0,2.0,0.0,0.58637744,0.41362256,2
1011,13,0.0,0.0,1.0,0.0,0.0,0.0,1.0,1.0,4.0,0.0,5.0,0.49,10.0,0.0,3.0,0.0,4.0,1.0,1.75,1.0,4.0,0.0,0.0,0.0,0.0,2.0,0.0,0.8163676,0.18363234,2
1011,14,0.0,0.0,1.0,0.0,0.0,0.0,1.0,1.0,4.0,0.0,43.0,0.49,0.0,0.0,3.0,0.0,4.0,1.0,1.75,1.0,4.0,0.0,0.0,0.0,0.0,2.0,1.0,0.5515352,0.4484648,2
1011,15,0.0,0.0,1.0,0.0,0.0,0.0,1.0,1.0,4.0,0.0,0.0,0.49,0.0,0.0,3.0,0.0,4.0,1.0,1.75,1.0,4.0,0.0,0.0,0.7,0.0,2.0,3.0,0.8064736,0.19352639,2
1011,16,0.0,0.0,1.0,0.0,0.0,0.0,1.0,1.0,4.0,0.0,0.0,0.49,4.0,0.0,3.0,0.0,4.0,1.0,1.75,27.0,4.0,0.0,0.0,0.0,0.0,2.0,0.0,0.58713824,0.41286176,2
1011,17,0.0,0.0,1.0,0.0,0.0,0.0,1.0,1.0,4.0,0.0,0.0,0.49,8.0,0.0,3.0,0.0,4.0,1.0,1.75,1.0,4.0,0.0,0.0,0.0,0.0,2.0,0.0,0.69392383,0.3060762,1
1011,18,0.0,0.0,1.0,0.0,0.0,0.0,1.0,1.0,4.0,0.0,23.0,0.49,9.0,0.0,3.0,0.0,4.0,1.0,1.75,1.0,4.0,0.0,0.0,0.0,0.0,2.0,0.0,0.5392019,0.46079808,2
1011,19,0.0,0.0,1.0,0.0,0.0,0.0,1.0,1.0,4.0,0.0,27.0,0.49,0.0,0.0,3.0,0.0,4.0,1.0,1.75,1.0,4.0,0.0,0.0,1.1,0.0,2.0,0.0,0.71990144,0.28009856,2
1011,20,0.0,0.0,1.0,0.0,0.0,0.0,1.0,1.0,4.0,0.0,0.0,0.49,5.0,0.0,3.0,0.0,4.0,1.0,1.75,1.0,4.0,0.0,0.0,0.0,0.0,2.0,1.0,0.9431524,0.056847587,2
1011,21,0.0,0.0,1.0,0.0,0.0,0.0,1.0,1.0,4.0,0.0,0.0,0.49,0.0,0.0,3.0,0.0,4.0,1.0,1.75,30.0,4.0,0.0,0.0,0.0,0.0,2.0,3.0,0.806679,0.19332096,2
1011,22,0.0,0.0,1.0,0.0,0.0,0.0,1.0,1.0,4.0,0.0,13.0,0.49,0.0,0.0,3.0,0.0,4.0,1.0,1.75,32.0,4.0,0.0,0.0,0.0,0.0,2.0,0.0,0.6368489,0.36315107,2
1011,23,0.0,0.0,1.0,0.0,0.0,0.0,1.0,1.0,4.0,0.0,0.0,0.49,14.0,0.0,3.0,0.0,4.0,1.0,1.75,10.0,4.0,0.0,0.0,0.0,0.0,2.0,0.0,0.757279,0.24272104,2
1011,24,0.0,0.0,1.0,0.0,0.0,0.0,1.0,1.0,4.0,0.0,6.0,0.49,0.0,0.0,3.0,0.0,4.0,1.0,1.75,1.0,4.0,0.0,0.0,0.4,0.0,2.0,0.0,0.7014689,0.29853112,2
1011,25,0.0,0.0,1.0,0.0,0.0,0.0,1.0,1.0,4.0,0.0,0.0,0.49,6.0,0.0,3.0,0.0,4.0,1.0,1.75,1.0,4.0,0.0,0.0,0.0,0.0,2.0,0.0,0.69392383,0.3060762,1
1011,26,0.0,0.0,1.0,0.0,0.0,0.0,1.0,1.0,4.0,0.0,0.0,0.49,9.0,0.0,3.0,0.0,4.0,1.0,1.75,1.0,4.0,0.0,0.0,0.0,0.0,2.0,0.0,0.69392383,0.3060762,1
1011,27,0.0,0.0,1.0,0.0,0.0,0.0,1.0,1.0,4.0,0.0,0.0,0.49,0.0,0.0,3.0,0.0,4.0,1.0,1.75,6.0,4.0,0.0,0.0,0.7,0.0,2.0,0.0,0.55848634,0.4415137,2
1011,28,0.0,0.0,1.0,0.0,0.0,0.0,1.0,1.0,4.0,0.0,0.0,0.49,12.0,0.0,3.0,0.0,4.0,1.0,1.75,1.0,4.0,0.0,0.0,0.0,0.0,2.0,2.0,0.9494989,0.05050108,2
1011,29,0.0,0.0,1.0,0.0,0.0,0.0,1.0,1.0,4.0,0.0,0.0,0.49,5.0,0.0,3.0,0.0,4.0,1.0,1.75,1.0,4.0,0.0,0.0,0.0,0.0,2.0,0.0,0.69392383,0.3060762,1
1028,0,0.0,0.0,1.0,0.0,0.0,0.0,2.0,1.0,3.0,1.0,1.0,2.33,1.0,50.0,3.0,1.0,3.0,1.0,1.25,1.0,1.0,0.0,0.0,0.0,0.0,2.0,0.0,0.5924876,0.40751246,1
1028,1,0.0,0.0,1.0,0.0,0.0,0.0,2.0,1.0,3.0,1.0,1.0,3.41,1.0,50.0,3.0,1.0,3.0,1.0,1.25,1.0,1.0,0.0,0.0,0.0,0.0,2.0,0.0,0.526564,0.473436,1
1028,2,0.0,0.0,1.0,0.0,0.0,0.0,2.0,1.0,3.0,1.0,1.0,0.47,1.0,50.0,3.0,1.0,3.0,1.0,1.25,1.0,1.0,0.0,0.0,0.3,0.0,2.0,4.0,0.8306209,0.16937913,2
1028,3,0.0,0.0,1.0,0.0,0.0,0.0,7.0,1.0,3.0,1.0,1.0,0.47,1.0,50.0,3.0,1.0,3.0,1.0,1.25,1.0,1.0,0.0,0.0,0.0,0.0,2.0,3.0,0.73114085,0.26885915,2
1028,4,0.0,0.0,1.0,0.0,0.0,0.0,2.0,1.0,3.0,1.0,9.0,0.47,1.0,50.0,3.0,1.0,3.0,1.0,1.25,1.0,1.0,0.0,0.0,0.0,0.0,2.0,2.0,0.92035085,0.079649135,2
1028,5,0.0,0.0,1.0,0.0,0.0,0.0,2.0,1.0,3.0,1.0,2.0,0.47,1.0,50.0,3.0,1.0,3.0,1.0,1.25,1.0,1.0,0.0,0.0,0.0,0.0,2.0,0.0,0.550874,0.44912598,1
1028,6,0.0,0.0,1.0,0.0,0.0,0.0,1.0,1.0,3.0,1.0,1.0,0.47,1.0,50.0,3.0,1.0,3.0,1.0,1.25,1.0,1.0,0.0,0.0,0.0,0.0,2.0,1.0,0.9787163,0.021283677,2
1028,7,0.0,0.0,1.0,0.0,0.0,0.0,4.0,1.0,3.0,1.0,1.0,0.47,1.0,50.0,3.0,1.0,3.0,1.0,1.25,1.0,1.0,0.0,0.0,0.0,0.0,2.0,1.0,0.7629774,0.23702256,2
1028,8,0.0,0.0,1.0,0.0,0.0,0.0,2.0,1.0,3.0,1.0,1.0,2.04,1.0,50.0,3.0,1.0,3.0,1.0,1.25,1.0,1.0,0.0,0.0,0.5,0.0,2.0,0.0,0.5924876,0.40751246,2
1028,9,0.0,0.0,1.0,0.0,0.0,0.0,2.0,1.0,3.0,1.0,1.0,0.47,1.0,50.0,3.0,1.0,3.0,1.0,1.25,1.0,1.0,0.0,0.0,1.0,0.0,2.0,0.0,0.99898106,0.0010189677,1
1028,10,0.0,0.0,1.0,0.0,0.0,0.0,2.0,1.0,3.0,1.0,1.0,10.77,1.0,50.0,3.0,1.0,3.0,1.0,1.25,1.0,1.0,0.0,0.0,1.0,0.0,2.0,0.0,0.98057956,0.019420465,2
1028,11,0.0,0.0,1.0,0.0,0.0,0.0,2.0,1.0,3.0,1.0,1.0,3.29,1.0,50.0,3.0,1.0,3.0,1.0,1.25,1.0,1.0,0.0,0.0,0.0,0.0,2.0,0.0,0.526564,0.473436,1
1028,12,0.0,0.0,1.0,0.0,0.0,0.0,2.0,1.0,3.0,1.0,58.0,0.47,1.0,50.0,3.0,1.0,3.0,1.0,1.25,1.0,1.0,0.0,0.0,0.9,0.0,2.0,0.0,0.9933882,0.0066118245,2
1028,13,0.0,0.0,1.0,0.0,0.0,0.0,2.0,1.0,3.0,1.0,1.0,11.13,1.0,50.0,3.0,1.0,3.0,1.0,1.25,1.0,1.0,0.0,0.0,0.0,0.0,2.0,3.0,0.85721815,0.14278182,2
1028,14,0.0,0.0,1.0,0.0,0.0,0.0,2.0,1.0,3.0,1.0,1.0,6.97,1.0,50.0,3.0,1.0,3.0,1.0,1.25,1.0,1.0,0.0,0.0,0.0,0.0,2.0,3.0,0.85721815,0.14278182,2
1028,15,0.0,0.0,1.0,0.0,0.0,0.0,2.0,1.0,3.0,1.0,129.0,0.47,1.0,50.0,3.0,1.0,3.0,1.0,1.25,1.0,1.0,0.0,0.0,0.0,0.0,2.0,1.0,0.58558154,0.41441843,2
1028,16,0.0,0.0,1.0,0.0,0.0,0.0,2.0,1.0,3.0,1.0,1.0,11.77,1.0,50.0,3.0,1.0,3.0,1.0,1.25,1.0,1.0,0.0,0.0,1.0,0.0,2.0,0.0,0.98057956,0.019420465,2
1028,17,0.0,0.0,1.0,0.0,0.0,0.0,2.0,1.0,3.0,1.0,1.0,6.8,1.0,50.0,3.0,1.0,3.0,1.0,1.25,1.0,1.0,0.0,0.0,0.0,0.0,2.0,2.0,0.85721815,0.14278182,2
1028,18,0.0,0.0,1.0,0.0,0.0,0.0,2.0,1.0,3.0,1.0,14.0,0.47,1.0,50.0,3.0,1.0,3.0,1.0,1.25,1.0,1.0,0.0,0.0,0.0,0.0,2.0,0.0,0.5042951,0.49570492,1
1028,19,0.0,0.0,1.0,0.0,0.0,0.0,2.0,1.0,3.0,1.0,1.0,0.47,1.0,50.0,3.0,1.0,3.0,1.0,1.25,1.0,1.0,0.0,0.0,1.1,0.0,2.0,0.0,0.99898106,0.0010189677,1
1028,20,0.0,0.0,1.0,0.0,0.0,0.0,2.0,1.0,3.0,1.0,1.0,9.08,1.0,50.0,3.0,1.0,3.0,1.0,1.25,1.0,1.0,0.0,0.0,0.0,0.0,2.0,4.0,0.85721815,0.14278182,2
1028,21,0.0,0.0,1.0,0.0,0.0,0.0,10.0,1.0,3.0,1.0,1.0,0.47,1.0,50.0,3.0,1.0,3.0,1.0,1.25,1.0,1.0,0.0,0.0,0.9,0.0,2.0,0.0,0.99069506,0.00930497,2
1028,22,0.0,0.0,1.0,0.0,0.0,0.0,2.0,1.0,3.0,1.0,77.0,0.47,1.0,50.0,3.0,1.0,3.0,1.0,1.25,1.0,1.0,0.0,0.0,0.0,0.0,2.0,1.0,0.58558154,0.41441843,2
1028,23,0.0,0.0,1.0,0.0,0.0,0.0,2.0,1.0,3.0,1.0,124.0,0.47,1.0,50.0,3.0,1.0,3.0,1.0,1.25,1.0,1.0,0.0,0.0,1.1,0.0,2.0,0.0,0.99925065,0.0007493386,2
1028,24,0.0,0.0,1.0,0.0,0.0,0.0,0.0,1.0,3.0,1.0,69.0,0.47,1.0,50.0,3.0,1.0,3.0,1.0,1.25,1.0,1.0,0.0,0.0,0.0,0.0,2.0,0.0,0.55252814,0.44747186,2
1028,25,0.0,0.0,1.0,0.0,0.0,0.0,5.0,1.0,3.0,1.0,10.0,0.47,1.0,50.0,3.0,1.0,3.0,1.0,1.25,1.0,1.0,0.0,0.0,0.0,0.0,2.0,0.0,0.596377,0.40362298,2
1028,26,0.0,0.0,1.0,0.0,0.0,0.0,2.0,1.0,3.0,1.0,1.0,9.9,1.0,50.0,3.0,1.0,3.0,1.0,1.25,1.0,1.0,0.0,0.0,0.9,0.0,2.0,0.0,0.95196724,0.04803279,2
1028,27,0.0,0.0,1.0,0.0,0.0,0.0,0.0,1.0,3.0,1.0,1.0,0.47,1.0,50.0,3.0,1.0,3.0,1.0,1.25,1.0,1.0,0.0,0.0,0.5,0.0,2.0,0.0,0.82207036,0.17792964,2
1028,28,0.0,0.0,1.0,0.0,0.0,0.0,2.0,1.0,3.0,1.0,1.0,1.33,1.0,50.0,3.0,1.0,3.0,1.0,1.25,1.0,1.0,0.0,0.0,0.0,0.0,2.0,1.0,0.9203869,0.07961309,2
1028,29,0.0,0.0,1.0,0.0,0.0,0.0,2.0,1.0,3.0,1.0,5.0,0.47,1.0,50.0,3.0,1.0,3.0,1.0,1.25,1.0,1.0,0.0,0.0,0.4,0.0,2.0,0.0,0.5640539,0.43594608,2
1093,0,0.0,0.0,1.0,1.0,2.0,1.0,1.0,8.0,0.0,6.0,37.0,0.21,2.0,85.0,5.0,0.0,36.0,2.0,3.94594594594595,0.0,2.0,0.0,0.0,1.1,0.0,2.0,2.0,0.80117106,0.19882895,2
1093,1,0.0,0.0,1.0,1.0,2.0,1.0,1.0,8.0,0.0,6.0,12.0,0.21,2.0,85.0,0.0,0.0,6.0,2.0,3.94594594594595,0.0,2.0,0.0,0.0,0.0,0.0,2.0,2.0,0.7806369,0.2193631,2
1093,2,0.0,0.0,1.0,1.0,2.0,1.0,1.0,8.0,0.0,6.0,37.0,0.21,2.0,85.0,5.0,0.0,6.0,2.0,28.0,0.0,2.0,0.0,0.0,0.7,0.0,2.0,2.0,0.63764393,0.36235607,2
1093,3,0.0,0.0,1.0,1.0,2.0,1.0,1.0,8.0,0.0,6.0,37.0,0.21,2.0,85.0,1.0,0.0,6.0,2.0,43.9,0.0,2.0,0.0,0.0,0.0,0.0,2.0,2.0,0.81967854,0.18032147,2
1093,4,0.0,0.0,1.0,1.0,2.0,1.0,1.0,8.0,0.0,6.0,37.0,0.21,2.0,85.0,5.0,0.0,3.0,2.0,34.6,0.0,2.0,0.0,0.0,0.0,0.0,2.0,2.0,0.7068707,0.29312935,2
1093,5,0.0,0.0,1.0,1.0,2.0,1.0,1.0,8.0,0.0,6.0,37.0,0.21,2.0,85.0,1.0,0.0,6.0,2.0,3.94594594594595,0.0,2.0,0.0,0.0,0.9,0.0,2.0,2.0,0.8041646,0.19583541,2
1093,6,0.0,0.0,1.0,1.0,2.0,1.0,1.0,8.0,0.0,6.0,37.0,0.21,2.0,85.0,0.0,0.0,6.0,2.0,41.2,0.0,2.0,0.0,0.0,0.0,0.0,2.0,2.0,0.80739146,0.19260854,2
1093,7,0.0,0.0,1.0,1.0,2.0,1.0,1.0,8.0,0.0,6.0,37.0,0.21,2.0,85.0,2.0,0.0,6.0,2.0,47.5,0.0,2.0,0.0,0.0,0.0,0.0,2.0,2.0,0.81042707,0.18957293,2
1093,8,0.0,0.0,1.0,1.0,2.0,1.0,1.0,8.0,0.0,6.0,37.0,0.21,2.0,85.0,5.0,0.0,6.0,2.0,26.7,0.0,2.0,0.0,0.0,0.7,0.0,2.0,2.0,0.63764393,0.36235607,2
1093,9,0.0,0.0,1.0,1.0,2.0,1.0,1.0,8.0,0.0,6.0,21.0,0.21,2.0,85.0,5.0,0.0,6.0,2.0,12.1,0.0,2.0,0.0,0.0,0.0,0.0,2.0,2.0,0.6763215,0.32367846,2
1093,10,0.0,0.0,1.0,1.0,2.0,1.0,1.0,8.0,0.0,6.0,37.0,0.21,2.0,85.0,5.0,0.0,6.0,2.0,46.2,0.0,2.0,0.0,0.0,1.0,0.0,2.0,2.0,0.9829819,0.017018102,2
1093,11,0.0,0.0,1.0,1.0,2.0,1.0,1.0,8.0,0.0,6.0,37.0,0.21,2.0,85.0,0.0,0.0,6.0,2.0,47.2,0.0,2.0,0.0,0.0,0.0,0.0,2.0,2.0,0.80739146,0.19260854,2
1093,12,0.0,0.0,1.0,1.0,2.0,1.0,1.0,8.0,0.0,6.0,37.0,0.21,2.0,85.0,5.0,0.0,6.0,2.0,27.9,0.0,2.0,0.0,0.0,0.7,0.0,2.0,2.0,0.63764393,0.36235607,2
1093,13,0.0,0.0,1.0,1.0,2.0,1.0,1.0,8.0,0.0,6.0,37.0,0.21,2.0,85.0,8.0,0.0,6.0,2.0,3.94594594594595,0.0,2.0,0.0,0.0,0.9,0.0,2.0,2.0,0.59697425,0.40302575,2
1093,14,0.0,0.0,1.0,1.0,2.0,1.0,1.0,8.0,0.0,6.0,37.0,0.21,2.0,85.0,5.0,0.0,6.0,2.0,32.2,0.0,2.0,0.0,0.0,0.8,0.0,2.0,2.0,0.69924176,0.30075824,2
1093,15,0.0,0.0,1.0,1.0,2.0,1.0,1.0,8.0,0.0,6.0,37.0,0.21,2.0,85.0,5.0,0.0,6.0,2.0,3.94594594594595,0.0,2.0,0.0,0.0,0.9,0.0,2.0,2.0,0.6541569,0.34584308,1
1093,16,0.0,0.0,1.0,1.0,2.0,1.0,1.0,8.0,0.0,6.0,37.0,0.21,2.0,85.0,5.0,0.0,6.0,2.0,5.9,0.0,2.0,0.0,0.0,0.0,0.0,2.0,2.0,0.5289824,0.47101757,1
1093,17,0.0,0.0,1.0,1.0,2.0,1.0,1.0,8.0,0.0,6.0,37.0,0.21,2.0,85.0,5.0,0.0,6.0,2.0,41.3,0.0,2.0,0.0,0.0,0.9,0.0,2.0,2.0,0.8920366,0.107963406,2
1093,18,0.0,0.0,1.0,1.0,2.0,1.0,1.0,8.0,0.0,6.0,37.0,0.21,2.0,85.0,6.0,0.0,6.0,2.0,3.94594594594595,0.0,2.0,0.0,0.0,0.9,0.0,2.0,2.0,0.59697425,0.40302575,2
1093,19,0.0,0.0,1.0,1.0,2.0,1.0,1.0,8.0,0.0,6.0,37.0,0.21,2.0,85.0,5.0,0.0,6.0,2.0,35.7,0.0,2.0,0.0,0.0,0.9,0.0,2.0,2.0,0.8920366,0.107963406,2
1093,20,0.0,0.0,1.0,1.0,2.0,1.0,1.0,8.0,0.0,6.0,37.0,0.21,2.0,85.0,5.0,0.0,6.0,2.0,45.2,0.0,2.0,0.0,0.0,1.0,0.0,2.0,2.0,0.9829819,0.017018102,2
1093,21,0.0,0.0,1.0,1.0,2.0,1.0,1.0,8.0,0.0,6.0,40.0,0.21,2.0,85.0,5.0,0.0,6.0,2.0,3.94594594594595,0.0,2.0,0.0,0.0,0.9,0.0,2.0,2.0,0.6541569,0.34584308,2
1093,22,0.0,0.0,1.0,1.0,2.0,1.0,1.0,8.0,0.0,6.0,37.0,0.21,2.0,85.0,5.0,0.0,6.0,2.0,37.8,0.0,2.0,0.0,0.0,0.9,0.0,2.0,2.0,0.8920366,0.107963406,2
1093,23,0.0,0.0,1.0,1.0,2.0,1.0,1.0,8.0,0.0,6.0,4.0,0.21,2.0,85.0,5.0,0.0,6.0,2.0,3.94594594594595,0.0,2.0,0.0,0.0,0.9,0.0,2.0,2.0,0.7392729,0.2607271,2
1093,24,0.0,0.0,1.0,1.0,2.0,1.0,1.0,8.0,0.0,6.0,37.0,0.21,2.0,85.0,5.0,0.0,6.0,2.0,34.8,0.0,2.0,0.0,0.0,0.8,0.0,2.0,2.0,0.69924176,0.30075824,2
1093,25,0.0,0.0,1.0,1.0,2.0,1.0,1.0,8.0,0.0,6.0,37.0,0.21,2.0,85.0,2.0,0.0,6.0,2.0,3.94594594594595,0.0,2.0,0.0,0.0,1.0,0.0,2.0,2.0,0.9766876,0.023312392,2
1093,26,0.0,0.0,1.0,1.0,2.0,1.0,1.0,8.0,0.0,6.0,37.0,0.21,2.0,85.0,2.0,0.0,6.0,2.0,42.1,0.0,2.0,0.0,0.0,0.0,0.0,2.0,2.0,0.81042707,0.18957293,2
1093,27,0.0,0.0,1.0,1.0,2.0,1.0,1.0,8.0,0.0,6.0,37.0,0.21,2.0,85.0,5.0,0.0,6.0,2.0,40.7,0.0,2.0,0.0,0.0,0.9,0.0,2.0,2.0,0.8920366,0.107963406,2
1093,28,0.0,0.0,1.0,1.0,2.0,1.0,1.0,8.0,0.0,6.0,37.0,0.21,2.0,85.0,2.0,0.0,6.0,2.0,7.5,0.0,2.0,0.0,0.0,0.0,0.0,2.0,2.0,0.81042707,0.18957293,2
1093,29,0.0,0.0,1.0,1.0,2.0,1.0,1.0,8.0,0.0,6.0,21.0,0.21,2.0,85.0,5.0,0.0,6.0,2.0,3.94594594594595,0.0,2.0,0.0,0.0,1.0,0.0,2.0,2.0,0.9588814,0.041118603,2
1103,0,0.0,0.0,1.0,2.0,0.0,0.0,2.0,3.0,25.0,12.0,14.0,4.0,0.0,85.0,4.0,6.0,13.0,2.0,6.82051282051282,0.0,1.0,0.0,1.0,1.0,0.0,2.0,1.0,0.611534,0.388466,1
1103,1,0.0,0.0,1.0,2.0,0.0,0.0,2.0,3.0,25.0,12.0,14.0,11.59,0.0,85.0,4.0,6.0,13.0,2.0,6.82051282051282,0.0,1.0,0.0,1.0,1.0,0.0,2.0,0.0,0.55955297,0.44044703,2
1103,2,0.0,0.0,1.0,2.0,0.0,0.0,2.0,3.0,25.0,12.0,14.0,2.56,0.0,85.0,4.0,6.0,13.0,2.0,6.82051282051282,0.0,1.0,0.0,1.0,1.0,0.0,2.0,1.0,0.75753194,0.24246807,1
1103,3,0.0,0.0,1.0,2.0,0.0,0.0,2.0,3.0,1.0,12.0,14.0,0.1,0.0,85.0,4.0,6.0,13.0,2.0,23.2,0.0,1.0,0.0,1.0,1.0,0.0,2.0,1.0,0.6285041,0.3714959,2
1103,4,0.0,0.0,1.0,2.0,0.0,0.0,2.0,3.0,25.0,12.0,14.0,3.47,0.0,85.0,4.0,6.0,13.0,2.0,13.5,0.0,1.0,0.0,1.0,1.0,0.0,2.0,1.0,0.611534,0.388466,2
1103,5,0.0,0.0,1.0,2.0,0.0,0.0,2.0,3.0,3.0,12.0,14.0,6.26,0.0,85.0,4.0,6.0,13.0,2.0,6.82051282051282,0.0,1.0,0.0,1.0,1.0,0.0,2.0,1.0,0.59463704,0.405363,2
1103,6,0.0,0.0,1.0,2.0,0.0,0.0,2.0,3.0,0.0,12.0,14.0,0.1,0.0,85.0,4.0,6.0,13.0,2.0,27.5,0.0,1.0,0.0,1.0,1.0,0.0,2.0,1.0,0.5372635,0.46273646,2
1103,7,0.0,0.0,1.0,2.0,0.0,0.0,2.0,3.0,25.0,12.0,14.0,7.58,0.0,85.0,4.0,6.0,9.0,2.0,6.82051282051282,0.0,1.0,0.0,1.0,1.0,0.0,2.0,1.0,0.8115128,0.18848719,2
1103,8,0.0,0.0,1.0,2.0,0.0,0.0,2.0,3.0,0.0,12.0,14.0,0.1,0.0,85.0,4.0,6.0,13.0,2.0,6.82051282051282,0.0,1.0,0.0,1.0,1.0,0.0,2.0,0.0,0.85369027,0.14630976,2
1103,9,0.0,0.0,1.0,2.0,0.0,0.0,2.0,3.0,25.0,12.0,14.0,0.1,0.0,85.0,4.0,6.0,30.0,2.0,1.0,0.0,1.0,0.0,1.0,1.0,0.0,2.0,1.0,0.705924,0.29407603,2
1103,10,0.0,0.0,1.0,2.0,0.0,0.0,2.0,3.0,25.0,12.0,14.0,3.85,0.0,85.0,4.0,6.0,13.0,2.0,6.82051282051282,0.0,1.0,0.0,1.0,1.0,0.0,2.0,1.0,0.611534,0.388466,1
1103,11,0.0,0.0,1.0,2.0,0.0,0.0,2.0,3.0,38.0,12.0,14.0,4.35,0.0,85.0,4.0,6.0,13.0,2.0,6.82051282051282,0.0,1.0,0.0,1.0,1.0,0.0,2.0,1.0,0.611534,0.388466,2
1103,12,0.0,0.0,1.0,2.0,0.0,0.0,2.0,3.0,38.0,12.0,14.0,0.1,0.0,85.0,4.0,6.0,13.0,2.0,6.82051282051282,0.0,1.0,0.0,1.0,1.0,0.0,2.0,0.0,0.52186894,0.47813103,2
1103,13,0.0,0.0,1.0,2.0,0.0,0.0,2.0,3.0,25.0,12.0,14.0,0.1,0.0,85.0,4.0,6.0,13.0,2.0,0.5,0.0,1.0,0.0,1.0,1.0,0.0,2.0,1.0,0.7434009,0.25659913,1
1103,14,0.0,0.0,1.0,2.0,0.0,0.0,2.0,3.0,3.0,12.0,14.0,0.1,0.0,85.0,4.0,6.0,13.0,2.0,21.4,0.0,1.0,0.0,1.0,1.0,0.0,2.0,1.0,0.508114,0.491886,2
1103,15,0.0,0.0,1.0,2.0,0.0,0.0,2.0,3.0,25.0,12.0,14.0,9.87,0.0,85.0,4.0,6.0,3.0,2.0,6.82051282051282,0.0,1.0,0.0,1.0,1.0,0.0,2.0,1.0,0.7057463,0.2942537,2
1103,16,0.0,0.0,1.0,2.0,0.0,0.0,2.0,3.0,25.0,12.0,14.0,0.1,0.0,85.0,4.0,6.0,4.0,2.0,6.82051282051282,0.0,1.0,0.0,1.0,1.0,0.0,2.0,2.0,0.8069919,0.19300812,2
1103,17,0.0,0.0,1.0,2.0,0.0,0.0,2.0,3.0,25.0,12.0,14.0,0.24,0.0,85.0,4.0,6.0,13.0,2.0,6.82051282051282,0.0,1.0,0.0,1.0,1.0,0.0,2.0,4.0,0.6158554,0.3841446,2
1103,18,0.0,0.0,1.0,2.0,0.0,0.0,2.0,3.0,25.0,12.0,14.0,2.24,0.0,85.0,4.0,6.0,13.0,2.0,6.82051282051282,0.0,1.0,0.0,1.0,1.0,0.0,2.0,4.0,0.8178328,0.18216716,2
1103,19,0.0,0.0,1.0,2.0,0.0,0.0,2.0,3.0,25.0,12.0,14.0,3.79,0.0,85.0,4.0,6.0,71.0,2.0,6.82051282051282,0.0,1.0,0.0,1.0,1.0,0.0,2.0,1.0,0.54890394,0.4510961,2
1103,20,0.0,0.0,1.0,2.0,0.0,0.0,2.0,3.0,25.0,12.0,14.0,4.13,0.0,85.0,4.0,6.0,13.0,2.0,6.82051282051282,0.0,1.0,0.0,1.0,1.0,0.0,2.0,1.0,0.611534,0.388466,1
1103,21,0.0,0.0,1.0,2.0,0.0,0.0,2.0,3.0,25.0,12.0,14.0,1.18,0.0,85.0,4.0,6.0,13.0,2.0,4.5,0.0,1.0,0.0,1.0,1.0,0.0,2.0,1.0,0.8899838,0.11001624,2
1103,22,0.0,0.0,1.0,2.0,0.0,0.0,2.0,3.0,25.0,12.0,14.0,1.39,0.0,85.0,4.0,6.0,43.0,2.0,6.82051282051282,0.0,1.0,0.0,1.0,1.0,0.0,2.0,1.0,0.68446016,0.31553984,2
1103,23,0.0,0.0,1.0,2.0,0.0,0.0,2.0,3.0,25.0,12.0,14.0,2.56,0.0,85.0,4.0,6.0,32.0,2.0,6.82051282051282,0.0,1.0,0.0,1.0,1.0,0.0,2.0,1.0,0.70716906,0.29283097,2
1103,24,0.0,0.0,1.0,2.0,0.0,0.0,2.0,3.0,25.0,12.0,14.0,0.73,0.0,85.0,4.0,6.0,13.0,2.0,6.82051282051282,0.0,1.0,0.0,1.0,1.0,0.0,2.0,1.0,0.8517568,0.14824317,1
1103,25,0.0,0.0,1.0,2.0,0.0,0.0,2.0,3.0,40.0,12.0,14.0,0.1,0.0,85.0,4.0,6.0,13.0,2.0,6.82051282051282,0.0,1.0,0.0,1.0,1.0,0.0,2.0,0.0,0.52186894,0.47813103,2
1103,26,0.0,0.0,1.0,2.0,0.0,0.0,2.0,3.0,25.0,12.0,14.0,2.0,0.0,85.0,4.0,6.0,13.0,2.0,6.82051282051282,0.0,1.0,0.0,1.0,1.0,0.0,2.0,1.0,0.75753194,0.24246807,1
1103,27,0.0,0.0,1.0,2.0,0.0,0.0,2.0,3.0,7.0,12.0,14.0,1.32,0.0,85.0,4.0,6.0,13.0,2.0,6.82051282051282,0.0,1.0,0.0,1.0,1.0,0.0,2.0,1.0,0.77843815,0.22156185,2
1103,28,0.0,0.0,1.0,2.0,0.0,0.0,2.0,3.0,25.0,12.0,14.0,0.1,0.0,85.0,4.0,6.0,3.0,2.0,6.82051282051282,0.0,1.0,0.0,1.0,1.0,0.0,2.0,0.0,0.9069986,0.09300144,2
1103,29,0.0,0.0,1.0,2.0,0.0,0.0,2.0,3.0,0.0,12.0,14.0,9.93,0.0,85.0,4.0,6.0,13.0,2.0,6.82051282051282,0.0,1.0,0.0,1.0,1.0,0.0,2.0,1.0,0.50057214,0.49942786,2
1105,0,0.0,0.0,1.0,1.0,0.0,15.0,3.0,1.0,0.0,0.0,1.0,0.71,10.0,98.0,5.0,0.0,2.0,1.0,2.0,2.0,18.0,1.0,1.0,1.0,0.0,3.0,0.0,0.5662251,0.4337749,1
1105,1,0.0,0.0,1.0,1.0,0.0,15.0,3.0,1.0,0.0,0.0,1.0,0.71,10.0,16.0,5.0,0.0,2.0,1.0,2.0,2.0,18.0,0.0,1.0,1.0,0.0,3.0,0.0,0.6659173,0.3340827,2
1105,2,0.0,0.0,1.0,1.0,0.0,4.0,3.0,1.0,0.0,0.0,1.0,0.71,10.0,0.0,5.0,0.0,2.0,1.0,2.0,2.0,18.0,0.0,1.0,1.0,0.0,3.0,0.0,0.53473663,0.4652634,2
1105,3,0.0,0.0,1.0,1.0,0.0,15.0,3.0,1.0,0.0,0.0,1.0,0.71,10.0,98.0,5.0,0.0,2.0,1.0,2.0,2.0,18.0,2.0,1.0,1.0,0.0,3.0,0.0,0.5662251,0.4337749,2
1105,4,0.0,0.0,1.0,1.0,0.0,15.0,3.0,1.0,0.0,0.0,1.0,0.71,10.0,97.0,5.0,0.0,2.0,1.0,2.0,2.0,18.0,1.0,1.0,1.0,0.0,3.0,0.0,0.5662251,0.4337749,1
1105,5,0.0,0.0,1.0,1.0,0.0,17.0,3.0,1.0,0.0,0.0,1.0,0.71,10.0,45.0,5.0,0.0,2.0,1.0,2.0,2.0,18.0,1.0,1.0,1.0,0.0,3.0,0.0,0.69321394,0.30678606,2
1105,6,0.0,0.0,1.0,1.0,0.0,15.0,3.0,1.0,0.0,0.0,1.0,0.71,10.0,65.0,5.0,0.0,2.0,1.0,2.0,2.0,18.0,1.0,1.0,1.0,0.0,3.0,0.0,0.68720996,0.31279007,1
1105,7,0.0,0.0,1.0,1.0,0.0,15.0,3.0,1.0,0.0,0.0,1.0,0.71,10.0,76.0,5.0,0.0,2.0,1.0,2.0,2.0,18.0,2.0,1.0,1.0,0.0,3.0,0.0,0.50594413,0.49405587,2
1105,8,0.0,0.0,1.0,1.0,0.0,6.0,3.0,1.0,0.0,0.0,1.0,0.71,10.0,74.0,5.0,0.0,2.0,1.0,2.0,2.0,18.0,1.0,1.0,1.0,0.0,3.0,0.0,0.5023265,0.49767354,2
1105,9,0.0,0.0,1.0,1.0,0.0,15.0,3.0,1.0,0.0,0.0,1.0,0.71,10.0,35.0,5.0,0.0,2.0,1.0,2.0,2.0,18.0,1.0,1.0,0.9,0.0,3.0,0.0,0.71542907,0.28457093,2
1105,10,0.0,0.0,1.0,1.0,0.0,15.0,3.0,1.0,0.0,0.0,1.0,0.71,10.0,34.0,5.0,0.0,2.0,1.0,2.0,2.0,35.0,1.0,1.0,1.0,0.0,3.0,0.0,0.72745323,0.27254674,2
1105,11,0.0,0.0,1.0,1.0,0.0,15.0,3.0,1.0,0.0,0.0,1.0,0.71,10.0,80.0,5.0,0.0,2.0,1.0,2.0,2.0,18.0,1.0,1.0,1.0,0.0,3.0,0.0,0.5483956,0.45160443,1
1105,12,0.0,0.0,1.0,1.0,0.0,15.0,3.0,1.0,0.0,0.0,1.0,0.71,10.0,63.0,5.0,0.0,2.0,1.0,2.0,2.0,18.0,1.0,1.0,1.0,0.0,3.0,0.0,0.68720996,0.31279007,1
1105,13,0.0,0.0,1.0,1.0,0.0,15.0,3.0,1.0,0.0,0.0,1.0,0.71,10.0,81.0,5.0,0.0,2.0,1.0,2.0,2.0,18.0,0.0,1.0,1.0,0.0,3.0,0.0,0.84690017,0.15309985,2
1105,14,0.0,0.0,1.0,1.0,0.0,10.0,3.0,1.0,0.0,0.0,1.0,0.71,10.0,33.0,5.0,0.0,2.0,1.0,2.0,2.0,18.0,1.0,1.0,1.0,0.0,3.0,0.0,0.7009057,0.29909435,2
1105,15,0.0,0.0,1.0,1.0,0.0,7.0,3.0,1.0,0.0,0.0,1.0,0.71,10.0,34.0,5.0,0.0,2.0,1.0,2.0,2.0,18.0,1.0,1.0,1.0,0.0,3.0,0.0,0.61132365,0.38867635,2
1105,16,0.0,0.0,1.0,1.0,0.0,0.0,3.0,1.0,0.0,0.0,1.0,0.71,10.0,30.0,5.0,0.0,2.0,1.0,2.0,2.0,18.0,1.0,1.0,1.0,0.0,3.0,0.0,0.6480496,0.35195044,2
1105,17,0.0,0.0,1.0,1.0,0.0,1.0,3.0,1.0,0.0,0.0,1.0,0.71,10.0,63.0,5.0,0.0,2.0,1.0,2.0,2.0,18.0,1.0,1.0,1.0,0.0,3.0,0.0,0.93994635,0.060053658,2
1105,18,0.0,0.0,1.0,1.0,0.0,4.0,3.0,1.0,0.0,0.0,1.0,0.71,10.0,57.0,5.0,0.0,2.0,1.0,2.0,2.0,18.0,1.0,1.0,1.0,0.0,3.0,0.0,0.62278706,0.37721294,2
1105,19,0.0,0.0,1.0,1.0,0.0,15.0,3.0,1.0,0.0,0.0,1.0,0.71,10.0,63.0,5.0,0.0,2.0,1.0,2.0,2.0,32.0,1.0,1.0,1.0,0.0,3.0,0.0,0.714478,0.28552195,2
1105,20,0.0,0.0,1.0,1.0,0.0,15.0,3.0,1.0,0.0,0.0,1.0,0.71,10.0,11.0,5.0,0.0,2.0,1.0,2.0,2.0,18.0,0.0,1.0,1.0,0.0,3.0,0.0,0.6659173,0.3340827,2
1105,21,0.0,0.0,1.0,1.0,0.0,8.0,3.0,1.0,0.0,0.0,1.0,0.71,10.0,41.0,5.0,0.0,2.0,1.0,2.0,2.0,18.0,1.0,1.0,1.0,0.0,3.0,0.0,0.5772475,0.42275247,2
1105,22,0.0,0.0,1.0,1.0,0.0,15.0,3.0,1.0,0.0,0.0,1.0,0.71,10.0,10.0,5.0,0.0,2.0,1.0,2.0,2.0,18.0,0.0,1.0,1.0,0.0,3.0,0.0,0.6659173,0.3340827,2
1105,23,0.0,0.0,1.0,1.0,0.0,0.0,3.0,1.0,0.0,0.0,1.0,0.71,10.0,29.0,5.0,0.0,2.0,1.0,2.0,2.0,18.0,1.0,1.0,1.0,0.0,3.0,0.0,0.6480496,0.35195044,2
1105,24,0.0,0.0,1.0,1.0,0.0,15.0,3.0,1.0,0.0,0.0,1.0,0.71,10.0,0.0,5.0,0.0,2.0,1.0,2.0,2.0,18.0,0.0,1.0,1.1,0.0,3.0,0.0,0.5760499,0.42395005,2
1105,25,0.0,0.0,1.0,1.0,0.0,15.0,3.0,1.0,0.0,0.0,1.0,0.71,10.0,55.0,5.0,0.0,2.0,1.0,2.0,2.0,18.0,1.0,1.0,1.0,0.0,3.0,0.0,0.70635,0.29364997,1
1105,26,0.0,0.0,1.0,1.0,0.0,15.0,3.0,1.0,0.0,0.0,1.0,0.71,10.0,0.0,5.0,0.0,2.0,1.0,2.0,2.0,0.0,1.0,1.0,0.8,0.0,3.0,0.0,0.7452468,0.25475317,2
1105,27,0.0,0.0,1.0,1.0,0.0,15.0,3.0,1.0,0.0,0.0,1.0,0.71,10.0,76.0,5.0,0.0,2.0,1.0,2.0,2.0,28.0,1.0,1.0,1.0,0.0,3.0,0.0,0.53840005,0.46159992,2
1105,28,0.0,0.0,1.0,1.0,0.0,15.0,3.0,1.0,0.0,0.0,1.0,0.71,10.0,3.0,5.0,0.0,2.0,1.0,2.0,2.0,18.0,0.0,1.0,1.0,0.0,3.0,0.0,0.5760499,0.42395005,2
1105,29,0.0,0.0,1.0,1.0,0.0,15.0,3.0,1.0,0.0,0.0,1.0,0.71,10.0,96.0,5.0,0.0,2.0,1.0,2.0,2.0,18.0,1.0,1.0,1.0,0.0,3.0,0.0,0.5662251,0.4337749,1
1134,0,2.0,0.0,1.0,3.0,0.0,4.0,2.0,1.0,1.0,13.0,16.0,0.42,2.0,82.0,3.0,2.0,5.0,6.0,3.69230769230769,0.0,1.0,0.0,0.0,0.0,0.0,2.0,2.0,0.8011128,0.19888726,2
1134,1,2.0,0.0,1.0,3.0,0.0,4.0,2.0,1.0,1.0,13.0,16.0,0.42,0.0,82.0,3.0,2.0,5.0,2.0,3.69230769230769,0.0,1.0,0.0,0.0,0.0,0.0,2.0,2.0,0.6781287,0.32187128,2
1134,2,2.0,0.0,1.0,3.0,0.0,4.0,2.0,1.0,1.0,13.0,16.0,0.42,2.0,82.0,3.0,2.0,10.0,2.0,3.69230769230769,0.0,1.0,0.0,0.0,0.0,0.0,2.0,2.0,0.7474042,0.2525958,2
1134,3,2.0,0.0,1.0,3.0,0.0,4.0,2.0,1.0,8.0,13.0,2.0,0.42,2.0,82.0,3.0,2.0,5.0,5.0,3.69230769230769,0.0,1.0,0.0,0.0,0.0,0.0,2.0,2.0,0.7379848,0.2620152,2
1134,4,2.0,0.0,1.0,3.0,0.0,4.0,2.0,1.0,8.0,13.0,16.0,0.42,5.0,82.0,3.0,2.0,5.0,3.0,3.69230769230769,0.0,1.0,0.0,0.0,0.0,0.0,2.0,2.0,0.5610317,0.43896827,2
1134,5,2.0,0.0,1.0,3.0,0.0,4.0,2.0,1.0,3.0,13.0,16.0,0.42,2.0,82.0,3.0,2.0,5.0,7.0,3.69230769230769,0.0,1.0,0.0,0.0,0.0,0.0,2.0,2.0,0.63423455,0.36576548,2
1134,6,2.0,0.0,1.0,3.0,0.0,4.0,2.0,1.0,2.0,13.0,16.0,0.42,8.0,82.0,3.0,2.0,5.0,2.0,3.69230769230769,0.0,1.0,0.0,0.0,0.0,0.0,2.0,2.0,0.8997838,0.100216195,2
1134,7,2.0,0.0,1.0,3.0,0.0,4.0,2.0,1.0,8.0,13.0,16.0,0.42,15.0,82.0,3.0,2.0,5.0,6.0,3.69230769230769,0.0,1.0,0.0,0.0,0.0,0.0,2.0,2.0,0.5610317,0.43896827,2
1134,8,2.0,0.0,1.0,3.0,0.0,4.0,2.0,1.0,8.0,13.0,2.0,0.42,2.0,82.0,3.0,2.0,5.0,7.0,3.69230769230769,0.0,1.0,0.0,0.0,0.0,0.0,2.0,2.0,0.7379848,0.2620152,2
1134,9,2.0,0.0,1.0,3.0,0.0,4.0,2.0,1.0,8.0,13.0,16.0,0.42,2.0,82.0,3.0,2.0,0.0,7.0,3.69230769230769,0.0,1.0,0.0,0.0,0.0,0.0,2.0,2.0,0.5760515,0.4239485,2
1134,10,2.0,0.0,1.0,3.0,0.0,4.0,2.0,1.0,8.0,13.0,16.0,0.42,9.0,82.0,3.0,2.0,5.0,3.0,3.69230769230769,0.0,1.0,0.0,0.0,0.0,0.0,2.0,2.0,0.5610317,0.43896827,2
1134,11,2.0,0.0,1.0,3.0,0.0,4.0,2.0,1.0,8.0,13.0,16.0,0.42,15.0,82.0,3.0,2.0,5.0,5.0,3.69230769230769,0.0,1.0,0.0,0.0,0.0,0.0,2.0,2.0,0.5610317,0.43896827,2
1134,12,2.0,0.0,1.0,3.0,0.0,4.0,2.0,1.0,8.0,13.0,0.0,0.42,14.0,82.0,3.0,2.0,5.0,2.0,3.69230769230769,0.0,1.0,0.0,0.0,0.0,0.0,2.0,2.0,0.66245306,0.33754697,2
1134,13,2.0,0.0,1.0,3.0,0.0,4.0,2.0,1.0,4.0,13.0,16.0,0.42,2.0,82.0,3.0,2.0,5.0,7.0,3.69230769230769,0.0,1.0,0.0,0.0,0.0,0.0,2.0,2.0,0.63423455,0.36576548,2
1134,14,2.0,0.0,1.0,3.0,0.0,4.0,2.0,1.0,4.0,13.0,16.0,0.42,7.0,82.0,3.0,2.0,5.0,2.0,3.69230769230769,0.0,1.0,0.0,0.0,0.0,0.0,2.0,2.0,0.7944543,0.20554571,2
1134,15,2.0,0.0,1.0,3.0,0.0,4.0,2.0,1.0,8.0,13.0,16.0,0.42,5.0,82.0,3.0,2.0,5.0,6.0,3.69230769230769,0.0,1.0,0.0,0.0,0.0,0.0,2.0,2.0,0.5610317,0.43896827,2
1134,16,2.0,0.0,1.0,3.0,0.0,4.0,2.0,1.0,8.0,13.0,16.0,0.42,2.0,82.0,3.0,2.0,3.0,5.0,3.69230769230769,0.0,1.0,0.0,0.0,0.0,0.0,2.0,2.0,0.6441337,0.35586634,2
1134,17,2.0,0.0,1.0,3.0,0.0,4.0,2.0,1.0,3.0,13.0,16.0,0.42,3.0,82.0,3.0,2.0,5.0,2.0,3.69230769230769,0.0,1.0,0.0,0.0,0.0,0.0,2.0,2.0,0.5181261,0.48187393,2
1134,18,2.0,0.0,1.0,3.0,0.0,4.0,2.0,1.0,8.0,13.0,16.0,0.42,12.0,82.0,3.0,2.0,5.0,8.0,3.69230769230769,0.0,1.0,0.0,0.0,0.0,0.0,2.0,2.0,0.5610317,0.43896827,2
1134,19,2.0,0.0,1.0,3.0,0.0,4.0,2.0,1.0,8.0,13.0,11.0,0.42,2.0,82.0,3.0,2.0,0.0,2.0,3.69230769230769,0.0,1.0,0.0,0.0,0.0,0.0,2.0,2.0,0.5239268,0.4760732,2
1134,20,2.0,0.0,1.0,3.0,0.0,4.0,2.0,1.0,8.0,13.0,9.0,0.42,13.0,82.0,3.0,2.0,5.0,2.0,3.69230769230769,0.0,1.0,0.0,0.0,0.0,0.0,2.0,2.0,0.5031574,0.49684265,2
1134,21,2.0,0.0,1.0,3.0,0.0,4.0,2.0,1.0,8.0,13.0,9.0,0.42,10.0,82.0,3.0,2.0,5.0,2.0,3.69230769230769,0.0,1.0,0.0,0.0,0.0,0.0,2.0,2.0,0.5031574,0.49684265,2
1134,22,2.0,0.0,1.0,3.0,0.0,4.0,2.0,1.0,8.0,13.0,16.0,0.42,13.0,82.0,3.0,2.0,5.0,7.0,3.69230769230769,0.0,1.0,0.0,0.0,0.0,0.0,2.0,2.0,0.5610317,0.43896827,2
1134,23,2.0,0.0,1.0,3.0,0.0,4.0,2.0,1.0,3.0,13.0,16.0,0.42,2.0,82.0,3.0,2.0,3.0,2.0,3.69230769230769,0.0,1.0,0.0,0.0,0.0,0.0,2.0,2.0,0.79195106,0.20804894,2
1134,24,2.0,0.0,1.0,3.0,0.0,4.0,2.0,1.0,2.0,13.0,16.0,0.42,2.0,82.0,3.0,2.0,5.0,0.0,3.69230769230769,0.0,1.0,0.0,0.0,0.0,0.0,2.0,2.0,0.6163064,0.38369358,2
1134,25,2.0,0.0,1.0,3.0,0.0,4.0,2.0,1.0,4.0,13.0,16.0,0.42,11.0,82.0,3.0,2.0,5.0,2.0,3.69230769230769,0.0,1.0,0.0,0.0,0.0,0.0,2.0,2.0,0.7944543,0.20554571,2
1134,26,2.0,0.0,1.0,3.0,0.0,4.0,2.0,1.0,31.0,13.0,2.0,0.42,2.0,82.0,3.0,2.0,5.0,2.0,3.69230769230769,0.0,1.0,0.0,0.0,0.0,0.0,2.0,2.0,0.51355475,0.48644525,2
1134,27,2.0,0.0,1.0,3.0,0.0,4.0,2.0,1.0,8.0,13.0,16.0,0.42,15.0,82.0,3.0,2.0,5.0,3.0,3.69230769230769,0.0,1.0,0.0,0.0,0.0,0.0,2.0,2.0,0.5610317,0.43896827,2
1134,28,2.0,0.0,1.0,3.0,0.0,4.0,2.0,1.0,8.0,13.0,16.0,0.42,14.0,82.0,3.0,2.0,5.0,6.0,3.69230769230769,0.0,1.0,0.0,0.0,0.0,0.0,2.0,2.0,0.5610317,0.43896827,2
1134,29,2.0,0.0,1.0,3.0,0.0,4.0,2.0,1.0,8.0,13.0,0.0,0.42,7.0,82.0,3.0,2.0,5.0,2.0,3.69230769230769,0.0,1.0,0.0,0.0,0.0,0.0,2.0,2.0,0.66245306,0.33754697,2
1169,0,2.0,0.0,1.0,1.0,0.0,2.0,11.0,2.0,5.0,3.0,4.0,0.24,2.0,77.0,2.0,0.0,4.0,2.0,2.45454545454545,0.0,1.0,0.0,0.0,1.1,0.0,1.0,0.0,0.96838707,0.031612933,2
1169,1,2.0,0.0,1.0,1.0,0.0,2.0,12.0,2.0,5.0,3.0,4.0,0.24,2.0,77.0,2.0,0.0,4.0,2.0,2.45454545454545,0.0,1.0,0.0,0.0,0.9,0.0,1.0,0.0,0.77158034,0.22841969,2
1169,2,2.0,0.0,1.0,1.0,0.0,2.0,2.0,2.0,5.0,3.0,4.0,0.24,5.0,77.0,2.0,0.0,4.0,2.0,2.45454545454545,0.0,1.0,0.0,0.0,1.0,0.0,1.0,0.0,0.99589086,0.0041091237,2
1169,3,2.0,0.0,1.0,1.0,0.0,2.0,2.0,2.0,5.0,3.0,4.0,0.24,6.0,77.0,2.0,0.0,4.0,2.0,2.45454545454545,0.0,1.0,0.0,0.0,0.6,0.0,1.0,0.0,0.7675307,0.23246935,2
1169,4,2.0,0.0,1.0,1.0,0.0,2.0,3.0,2.0,5.0,3.0,4.0,0.24,2.0,77.0,2.0,0.0,4.0,2.0,2.45454545454545,0.0,1.0,0.0,0.0,0.8,0.0,1.0,0.0,0.6001359,0.39986408,2
1169,5,2.0,0.0,1.0,1.0,0.0,2.0,2.0,2.0,13.0,3.0,4.0,0.24,2.0,77.0,2.0,0.0,4.0,2.0,2.45454545454545,0.0,1.0,0.0,0.0,0.9,0.0,1.0,0.0,0.87234414,0.12765585,2
1169,6,2.0,0.0,1.0,1.0,0.0,2.0,2.0,2.0,18.0,3.0,4.0,0.24,2.0,77.0,2.0,0.0,4.0,2.0,2.45454545454545,0.0,1.0,0.0,0.0,0.9,0.0,1.0,0.0,0.87234414,0.12765585,2
1169,7,2.0,0.0,1.0,1.0,0.0,2.0,0.0,2.0,5.0,3.0,4.0,0.24,7.0,77.0,2.0,0.0,4.0,2.0,2.45454545454545,0.0,1.0,0.0,0.0,0.0,0.0,1.0,0.0,0.76817524,0.23182474,2
1169,8,2.0,0.0,1.0,1.0,0.0,2.0,0.0,2.0,5.0,3.0,4.0,0.24,2.0,77.0,2.0,0.0,4.0,2.0,2.45454545454545,0.0,1.0,0.0,0.0,0.8,0.0,1.0,0.0,0.7939522,0.20604776,2
1169,9,2.0,0.0,1.0,1.0,0.0,2.0,2.0,2.0,23.0,3.0,4.0,0.24,2.0,77.0,2.0,0.0,4.0,2.0,2.45454545454545,0.0,1.0,0.0,0.0,1.0,0.0,1.0,0.0,0.9913443,0.008655725,2
1169,10,2.0,0.0,1.0,1.0,0.0,2.0,2.0,2.0,5.0,3.0,4.0,0.24,5.0,77.0,2.0,0.0,4.0,2.0,2.45454545454545,0.0,1.0,0.0,0.0,0.4,0.0,1.0,0.0,0.51000047,0.48999953,2
1169,11,2.0,0.0,1.0,1.0,0.0,2.0,2.0,2.0,5.0,3.0,4.0,0.24,9.0,77.0,2.0,0.0,4.0,2.0,2.45454545454545,0.0,1.0,0.0,0.0,0.5,0.0,1.0,0.0,0.51000047,0.48999953,2
1169,12,2.0,0.0,1.0,1.0,0.0,2.0,2.0,2.0,5.0,3.0,4.0,0.24,5.0,77.0,2.0,0.0,4.0,2.0,2.45454545454545,0.0,1.0,0.0,0.0,0.0,0.0,1.0,0.0,0.51000047,0.48999953,1
1169,13,2.0,0.0,1.0,1.0,0.0,2.0,2.0,2.0,5.0,3.0,4.0,0.24,13.0,77.0,2.0,0.0,4.0,2.0,2.45454545454545,0.0,1.0,0.0,0.0,0.8,0.0,1.0,0.0,0.9070831,0.09291689,2
1169,14,2.0,0.0,1.0,1.0,0.0,2.0,2.0,2.0,5.0,3.0,4.0,0.24,11.0,77.0,2.0,0.0,4.0,2.0,2.45454545454545,0.0,1.0,0.0,0.0,1.0,0.0,1.0,0.0,0.99589086,0.0041091237,2
1169,15,2.0,0.0,1.0,1.0,0.0,2.0,2.0,2.0,5.0,3.0,4.0,0.24,13.0,77.0,2.0,0.0,4.0,2.0,2.45454545454545,0.0,1.0,0.0,0.0,0.7,0.0,1.0,0.0,0.78584987,0.21415015,2
1169,16,2.0,0.0,1.0,1.0,0.0,2.0,1.0,2.0,5.0,3.0,4.0,0.24,2.0,77.0,2.0,0.0,4.0,2.0,2.45454545454545,0.0,1.0,0.0,0.0,0.8,0.0,1.0,0.0,0.7939522,0.20604776,2
1169,17,2.0,0.0,1.0,1.0,0.0,2.0,2.0,2.0,5.0,3.0,4.0,0.24,2.0,77.0,2.0,0.0,71.0,2.0,2.45454545454545,0.0,1.0,0.0,0.0,1.1,0.0,1.0,0.0,0.9941932,0.0058068307,2
1169,18,2.0,0.0,1.0,1.0,0.0,2.0,2.0,2.0,5.0,3.0,4.0,0.24,12.0,77.0,2.0,0.0,2.0,2.0,2.45454545454545,0.0,1.0,0.0,0.0,0.0,0.0,1.0,0.0,0.6319549,0.36804506,2
1169,19,2.0,0.0,1.0,1.0,0.0,2.0,2.0,2.0,5.0,3.0,4.0,0.24,2.0,77.0,2.0,0.0,4.0,2.0,2.45454545454545,0.0,1.0,0.0,0.0,0.7,0.0,1.0,0.0,0.5205905,0.47940952,1
1169,20,2.0,0.0,1.0,1.0,0.0,2.0,2.0,2.0,5.0,3.0,4.0,0.24,15.0,77.0,2.0,0.0,4.0,2.0,2.45454545454545,0.0,1.0,0.0,0.0,0.6,0.0,1.0,0.0,0.7675307,0.23246935,2
1169,21,2.0,0.0,1.0,1.0,0.0,2.0,2.0,2.0,1.0,3.0,4.0,0.24,7.0,77.0,2.0,0.0,4.0,2.0,2.45454545454545,0.0,1.0,0.0,0.0,0.0,0.0,1.0,0.0,0.76342285,0.23657714,2
1169,22,2.0,0.0,1.0,1.0,0.0,2.0,10.0,2.0,5.0,3.0,4.0,0.24,2.0,77.0,2.0,0.0,4.0,2.0,2.45454545454545,0.0,1.0,0.0,0.0,0.9,0.0,1.0,0.0,0.77158034,0.22841969,2
1169,23,2.0,0.0,1.0,1.0,0.0,2.0,2.0,2.0,5.0,3.0,4.0,0.24,9.0,77.0,2.0,0.0,4.0,2.0,2.45454545454545,0.0,1.0,0.0,0.0,0.0,0.0,1.0,0.0,0.51000047,0.48999953,1
1169,24,2.0,0.0,1.0,1.0,0.0,2.0,2.0,2.0,5.0,3.0,4.0,0.24,14.0,77.0,2.0,0.0,4.0,2.0,2.45454545454545,0.0,1.0,0.0,0.0,0.0,0.0,1.0,0.0,0.51000047,0.48999953,1
1169,25,2.0,0.0,1.0,1.0,0.0,2.0,2.0,2.0,5.0,3.0,4.0,0.24,10.0,77.0,2.0,0.0,4.0,2.0,2.45454545454545,0.0,1.0,0.0,0.0,0.7,0.0,1.0,0.0,0.78584987,0.21415015,2
1169,26,2.0,0.0,1.0,1.0,0.0,2.0,2.0,2.0,5.0,3.0,4.0,0.24,2.0,77.0,2.0,0.0,10.0,2.0,2.45454545454545,0.0,1.0,0.0,0.0,1.0,0.0,1.0,0.0,0.9919706,0.008029408,2
1169,27,2.0,0.0,1.0,1.0,0.0,2.0,2.0,2.0,5.0,3.0,4.0,0.24,11.0,77.0,2.0,0.0,4.0,2.0,2.45454545454545,0.0,1.0,0.0,0.0,0.0,0.0,1.0,0.0,0.51000047,0.48999953,1
1169,28,2.0,0.0,1.0,1.0,0.0,2.0,2.0,2.0,5.0,3.0,4.0,0.24,12.0,77.0,2.0,0.0,4.0,2.0,2.45454545454545,0.0,1.0,0.0,0.0,0.0,0.0,1.0,0.0,0.51000047,0.48999953,1
1169,29,2.0,0.0,1.0,1.0,0.0,2.0,2.0,2.0,5.0,3.0,4.0,0.24,5.0,77.0,2.0,0.0,4.0,2.0,2.45454545454545,0.0,1.0,0.0,0.0,0.3,0.0,1.0,0.0,0.51000047,0.48999953,2
1309,0,0.0,0.0,1.0,1.0,0.0,1.0,3.0,1.0,10.0,17.0,1.0,9.89,0.0,84.0,2.0,5.0,5.0,1.0,5.90909090909091,3.0,2.0,0.0,5.0,0.8,0.0,3.0,1.0,0.97666955,0.023330469,1
1309,1,0.0,0.0,1.0,1.0,0.0,1.0,3.0,1.0,10.0,17.0,1.0,4.6,0.0,84.0,2.0,5.0,5.0,1.0,5.90909090909091,3.0,2.0,0.0,5.0,0.6,0.0,3.0,1.0,0.91628766,0.083712325,2
1309,2,0.0,0.0,1.0,1.0,0.0,1.0,3.0,1.0,10.0,17.0,1.0,9.96,0.0,84.0,2.0,5.0,5.0,3.0,5.90909090909091,3.0,2.0,0.0,5.0,0.8,0.0,3.0,1.0,0.9754954,0.024504604,2
1309,3,0.0,0.0,1.0,1.0,0.0,1.0,3.0,1.0,35.0,17.0,1.0,12.5,0.0,84.0,2.0,5.0,5.0,1.0,5.90909090909091,3.0,2.0,0.0,5.0,0.8,0.0,3.0,1.0,0.9788738,0.021126213,2
1309,4,0.0,0.0,1.0,1.0,0.0,1.0,3.0,1.0,10.0,17.0,1.0,0.23,0.0,64.0,2.0,5.0,5.0,1.0,5.90909090909091,3.0,2.0,0.0,5.0,0.8,0.0,3.0,1.0,0.7571899,0.24281007,1
1309,5,0.0,0.0,1.0,1.0,0.0,1.0,3.0,1.0,10.0,17.0,1.0,6.94,0.0,1.0,2.0,5.0,5.0,1.0,5.90909090909091,3.0,2.0,0.0,5.0,0.8,0.0,3.0,1.0,0.9322762,0.06772383,2
1309,6,0.0,0.0,1.0,1.0,0.0,1.0,3.0,1.0,32.0,17.0,1.0,0.23,0.0,75.0,2.0,5.0,5.0,1.0,5.90909090909091,3.0,2.0,0.0,5.0,0.8,0.0,3.0,1.0,0.7472783,0.25272173,2
1309,7,0.0,0.0,1.0,1.0,0.0,1.0,3.0,1.0,10.0,17.0,1.0,5.38,0.0,82.0,2.0,5.0,5.0,1.0,5.90909090909091,3.0,2.0,0.0,5.0,0.8,0.0,3.0,1.0,0.97666955,0.023330469,2
1309,8,0.0,0.0,1.0,1.0,0.0,1.0,3.0,1.0,10.0,17.0,1.0,1.81,0.0,30.0,2.0,5.0,5.0,1.0,5.90909090909091,3.0,2.0,0.0,5.0,0.8,0.0,3.0,1.0,0.9707621,0.029237913,2
1309,9,0.0,0.0,1.0,1.0,0.0,1.0,3.0,1.0,10.0,17.0,1.0,5.41,0.0,84.0,2.0,5.0,5.0,1.0,5.90909090909091,3.0,2.0,0.0,5.0,0.6,0.0,3.0,1.0,0.9008284,0.099171594,2
1309,10,0.0,0.0,1.0,1.0,0.0,1.0,3.0,1.0,7.0,17.0,1.0,12.38,0.0,84.0,2.0,5.0,5.0,1.0,5.90909090909091,3.0,2.0,0.0,5.0,0.8,0.0,3.0,1.0,0.9592508,0.040749196,2
1309,11,0.0,0.0,1.0,1.0,0.0,1.0,3.0,1.0,3.0,17.0,1.0,0.23,0.0,84.0,2.0,5.0,5.0,2.0,5.90909090909091,3.0,2.0,0.0,5.0,0.8,0.0,3.0,1.0,0.73987603,0.26012394,2
1309,12,0.0,0.0,1.0,1.0,0.0,1.0,3.0,1.0,10.0,17.0,1.0,0.23,0.0,77.0,2.0,5.0,5.0,1.0,5.90909090909091,3.0,2.0,0.0,5.0,0.9,0.0,3.0,1.0,0.7294531,0.27054688,2
1309,13,0.0,0.0,1.0,1.0,0.0,1.0,3.0,1.0,7.0,17.0,1.0,0.23,0.0,84.0,2.0,5.0,5.0,8.0,5.90909090909091,3.0,2.0,0.0,5.0,0.8,0.0,3.0,1.0,0.72072315,0.27927688,2
1309,14,0.0,0.0,1.0,1.0,0.0,1.0,3.0,1.0,8.0,17.0,1.0,0.23,0.0,84.0,2.0,5.0,5.0,1.0,5.90909090909091,3.0,2.0,0.0,5.0,0.9,0.0,3.0,1.0,0.6227933,0.37720665,2
1309,15,0.0,0.0,1.0,1.0,0.0,1.0,3.0,1.0,10.0,17.0,1.0,1.86,0.0,84.0,2.0,5.0,5.0,1.0,5.90909090909091,3.0,2.0,0.0,5.0,0.8,0.0,3.0,1.0,0.9920509,0.007949117,1
1309,16,0.0,0.0,1.0,1.0,0.0,1.0,3.0,1.0,22.0,17.0,1.0,0.23,0.0,84.0,2.0,5.0,5.0,1.0,5.90909090909091,3.0,2.0,0.0,5.0,1.0,0.0,3.0,1.0,0.99201524,0.007984754,2
1309,17,0.0,0.0,1.0,1.0,0.0,1.0,3.0,1.0,10.0,17.0,1.0,6.17,0.0,84.0,2.0,5.0,5.0,2.0,5.90909090909091,3.0,2.0,0.0,5.0,0.8,0.0,3.0,1.0,0.9520699,0.047930136,2
1309,18,0.0,0.0,1.0,1.0,0.0,1.0,3.0,1.0,3.0,17.0,1.0,0.23,0.0,84.0,2.0,5.0,5.0,3.0,5.90909090909091,3.0,2.0,0.0,5.0,0.8,0.0,3.0,1.0,0.9385761,0.06142387,2
1309,19,0.0,0.0,1.0,1.0,0.0,1.0,3.0,1.0,10.0,17.0,1.0,0.23,0.0,36.0,2.0,5.0,5.0,4.0,5.90909090909091,3.0,2.0,0.0,5.0,0.8,0.0,3.0,1.0,0.8306801,0.16931993,2
1309,20,0.0,0.0,1.0,1.0,0.0,1.0,3.0,1.0,10.0,17.0,1.0,9.82,0.0,84.0,2.0,5.0,5.0,1.0,5.90909090909091,3.0,2.0,0.0,5.0,0.8,0.0,3.0,1.0,0.97666955,0.023330469,1
1309,21,0.0,0.0,1.0,1.0,0.0,1.0,3.0,1.0,10.0,17.0,1.0,0.23,0.0,42.0,2.0,5.0,5.0,0.0,5.90909090909091,3.0,2.0,0.0,5.0,0.8,0.0,3.0,1.0,0.76139754,0.23860244,2
1309,22,0.0,0.0,1.0,1.0,0.0,1.0,3.0,1.0,10.0,17.0,1.0,10.39,0.0,84.0,2.0,5.0,5.0,1.0,5.90909090909091,3.0,2.0,0.0,5.0,0.9,0.0,3.0,1.0,0.98342454,0.016575461,2
1309,23,0.0,0.0,1.0,1.0,0.0,1.0,3.0,1.0,30.0,17.0,1.0,9.89,0.0,84.0,2.0,5.0,5.0,1.0,5.90909090909091,3.0,2.0,0.0,5.0,0.8,0.0,3.0,1.0,0.9788738,0.021126213,2
1309,24,0.0,0.0,1.0,1.0,0.0,1.0,3.0,1.0,10.0,17.0,1.0,0.23,0.0,40.0,2.0,5.0,5.0,1.0,5.90909090909091,3.0,2.0,0.0,5.0,1.0,0.0,3.0,1.0,0.99138707,0.00861293,2
1309,25,0.0,0.0,1.0,1.0,0.0,1.0,3.0,1.0,6.0,17.0,1.0,5.95,0.0,84.0,2.0,5.0,5.0,1.0,5.90909090909091,3.0,2.0,0.0,5.0,0.8,0.0,3.0,1.0,0.9633883,0.036611665,2
1309,26,0.0,0.0,1.0,1.0,0.0,1.0,3.0,1.0,2.0,17.0,1.0,0.23,0.0,84.0,2.0,5.0,5.0,1.0,5.90909090909091,3.0,2.0,0.0,5.0,0.8,0.0,3.0,1.0,0.81459236,0.18540767,1
1309,27,0.0,0.0,1.0,1.0,0.0,1.0,3.0,1.0,10.0,17.0,1.0,0.23,0.0,84.0,2.0,5.0,5.0,4.0,5.90909090909091,3.0,2.0,0.0,5.0,0.8,0.0,3.0,1.0,0.83769804,0.16230196,1
1309,28,0.0,0.0,1.0,1.0,0.0,1.0,3.0,1.0,10.0,17.0,1.0,0.23,0.0,49.0,2.0,5.0,5.0,1.0,5.90909090909091,3.0,2.0,0.0,5.0,0.8,0.0,3.0,1.0,0.7602063,0.2397937,1
1309,29,0.0,0.0,1.0,1.0,0.0,1.0,3.0,1.0,10.0,17.0,1.0,4.57,0.0,84.0,2.0,5.0,5.0,1.0,5.90909090909091,3.0,2.0,0.0,5.0,0.8,0.0,3.0,1.0,0.9805615,0.019438516,1
1318,0,0.0,0.0,1.0,0.0,2.0,1.0,1.0,1.0,0.0,3.0,5.0,0.38,1.0,82.0,6.0,0.0,7.0,1.0,3.1,0.0,2.0,0.0,0.0,0.0,0.0,4.0,0.0,0.62677014,0.3732299,2
1318,1,0.0,0.0,1.0,0.0,2.0,1.0,1.0,1.0,0.0,3.0,5.0,0.38,1.0,80.0,0.0,0.0,7.0,1.0,13.1,0.0,2.0,0.0,0.0,0.0,0.0,4.0,0.0,0.97623116,0.023768863,2
1318,2,0.0,0.0,1.0,0.0,2.0,1.0,1.0,1.0,0.0,3.0,5.0,0.38,1.0,80.0,6.0,0.0,7.0,1.0,22.4,0.0,2.0,0.0,0.0,0.7,0.0,4.0,0.0,0.5709051,0.4290949,2
1318,3,0.0,0.0,1.0,0.0,2.0,1.0,1.0,1.0,0.0,3.0,5.0,0.38,1.0,80.0,6.0,0.0,7.0,1.0,26.8,0.0,2.0,0.0,0.0,0.0,0.0,4.0,0.0,0.5119662,0.4880338,1
1318,4,0.0,0.0,1.0,20.0,2.0,1.0,1.0,1.0,0.0,3.0,5.0,0.38,1.0,80.0,0.0,0.0,7.0,1.0,1.8,0.0,2.0,0.0,0.0,0.0,0.0,4.0,0.0,0.51639646,0.48360354,2
1318,5,0.0,0.0,1.0,0.0,2.0,1.0,1.0,1.0,0.0,3.0,5.0,0.38,1.0,80.0,6.0,0.0,7.0,1.0,48.2,0.0,2.0,0.0,0.0,1.0,0.0,4.0,0.0,0.9946917,0.0053082607,2
1318,6,0.0,0.0,1.0,0.0,2.0,1.0,1.0,1.0,0.0,3.0,5.0,0.38,1.0,80.0,6.0,0.0,7.0,1.0,22.4,0.0,2.0,0.0,0.0,0.0,0.0,4.0,0.0,0.5119662,0.4880338,1
1318,7,0.0,0.0,1.0,0.0,2.0,1.0,1.0,1.0,0.0,3.0,5.0,0.38,1.0,80.0,6.0,0.0,7.0,1.0,34.2,0.0,2.0,0.0,0.0,0.0,0.0,4.0,0.0,0.5119662,0.4880338,1
1318,8,0.0,0.0,1.0,2.0,2.0,1.0,1.0,1.0,0.0,3.0,5.0,0.38,1.0,80.0,6.0,0.0,7.0,1.0,16.4,0.0,2.0,0.0,0.0,0.0,0.0,4.0,0.0,0.7579715,0.24202847,2
1318,9,0.0,0.0,1.0,0.0,2.0,1.0,1.0,1.0,0.0,3.0,5.0,0.38,1.0,34.0,6.0,0.0,7.0,1.0,1.8,0.0,2.0,0.0,0.0,0.9,0.0,4.0,0.0,0.8104086,0.18959138,2
1318,10,0.0,0.0,1.0,0.0,2.0,1.0,1.0,1.0,0.0,3.0,5.0,0.38,1.0,80.0,6.0,0.0,7.0,1.0,40.1,0.0,2.0,0.0,0.0,0.0,0.0,4.0,0.0,0.5119662,0.4880338,1
1318,11,0.0,0.0,1.0,10.0,2.0,1.0,1.0,1.0,0.0,3.0,5.0,0.38,1.0,80.0,6.0,0.0,7.0,1.0,1.8,0.0,2.0,0.0,0.0,0.9,0.0,4.0,0.0,0.76382905,0.23617093,2
1318,12,0.0,0.0,1.0,0.0,2.0,1.0,1.0,1.0,0.0,3.0,5.0,0.38,1.0,80.0,5.0,0.0,7.0,1.0,5.5,0.0,2.0,0.0,0.0,0.0,0.0,4.0,0.0,0.7587136,0.2412864,2
1318,13,0.0,0.0,1.0,23.0,2.0,1.0,1.0,1.0,0.0,3.0,5.0,0.38,1.0,80.0,6.0,0.0,7.0,1.0,1.8,0.0,2.0,0.0,0.0,1.1,0.0,4.0,0.0,0.92671883,0.07328118,2
1318,14,0.0,0.0,1.0,0.0,2.0,1.0,1.0,1.0,0.0,3.0,5.0,0.38,1.0,80.0,6.0,0.0,7.0,1.0,32.2,0.0,2.0,0.0,0.0,0.0,0.0,4.0,0.0,0.5119662,0.4880338,1
1318,15,0.0,0.0,1.0,0.0,2.0,1.0,1.0,1.0,0.0,3.0,5.0,0.38,1.0,80.0,6.0,0.0,7.0,1.0,49.7,0.0,2.0,0.0,0.0,1.1,0.0,4.0,0.0,0.9946917,0.0053082607,2
1318,16,0.0,0.0,1.0,0.0,2.0,1.0,1.0,1.0,0.0,3.0,5.0,0.38,1.0,80.0,7.0,0.0,7.0,1.0,1.8,0.0,2.0,0.0,0.0,1.0,0.0,4.0,0.0,0.96741825,0.03258176,2
1318,17,0.0,0.0,1.0,0.0,2.0,1.0,1.0,1.0,0.0,3.0,5.0,0.38,1.0,80.0,5.0,0.0,7.0,1.0,11.0,0.0,2.0,0.0,0.0,0.0,0.0,4.0,0.0,0.5119662,0.4880338,2
1318,18,0.0,0.0,1.0,0.0,2.0,1.0,1.0,1.0,0.0,3.0,5.0,0.38,1.0,48.0,6.0,0.0,7.0,1.0,1.8,0.0,2.0,0.0,0.0,0.9,0.0,4.0,0.0,0.7805793,0.21942066,2
1318,19,0.0,0.0,1.0,11.0,2.0,1.0,1.0,1.0,0.0,3.0,5.0,0.38,1.0,80.0,6.0,0.0,7.0,1.0,36.4,0.0,2.0,0.0,0.0,0.0,0.0,4.0,0.0,0.84289634,0.15710364,2
1318,20,0.0,0.0,1.0,5.0,2.0,1.0,1.0,1.0,0.0,3.0,5.0,0.38,1.0,80.0,6.0,0.0,7.0,1.0,1.8,0.0,2.0,0.0,0.0,1.1,0.0,4.0,0.0,0.92671883,0.07328118,2
1318,21,0.0,0.0,1.0,0.0,2.0,1.0,1.0,1.0,0.0,3.0,5.0,0.38,1.0,80.0,6.0,0.0,7.0,1.0,27.8,0.0,2.0,0.0,0.0,0.0,0.0,4.0,0.0,0.5119662,0.4880338,1
1318,22,0.0,0.0,1.0,0.0,2.0,1.0,1.0,1.0,0.0,3.0,5.0,0.38,1.0,80.0,6.0,0.0,7.0,1.0,50.3,0.0,2.0,0.0,0.0,0.0,0.0,4.0,0.0,0.5119662,0.4880338,1
1318,23,0.0,0.0,1.0,0.0,2.0,1.0,1.0,1.0,0.0,3.0,5.0,0.38,1.0,80.0,0.0,0.0,7.0,1.0,47.2,0.0,2.0,0.0,0.0,0.0,0.0,4.0,0.0,0.97623116,0.023768863,2
1318,24,0.0,0.0,1.0,0.0,2.0,1.0,1.0,1.0,0.0,3.0,5.0,0.38,1.0,80.0,6.0,0.0,7.0,1.0,40.7,0.0,2.0,0.0,0.0,0.9,0.0,4.0,0.0,0.93249786,0.06750212,2
1318,25,0.0,0.0,1.0,0.0,2.0,1.0,1.0,1.0,0.0,3.0,5.0,0.38,1.0,80.0,6.0,0.0,7.0,1.0,8.3,0.0,2.0,0.0,0.0,0.5,0.0,4.0,0.0,0.5119662,0.4880338,2
1318,26,0.0,0.0,1.0,0.0,2.0,1.0,1.0,1.0,0.0,3.0,5.0,0.38,1.0,80.0,6.0,0.0,7.0,1.0,43.4,0.0,2.0,0.0,0.0,0.0,0.0,4.0,0.0,0.5119662,0.4880338,1
1318,27,0.0,0.0,1.0,0.0,2.0,1.0,1.0,1.0,0.0,3.0,5.0,0.38,1.0,80.0,2.0,0.0,7.0,1.0,21.5,0.0,2.0,0.0,0.0,0.0,0.0,4.0,0.0,0.9750056,0.02499437,2
1318,28,0.0,0.0,1.0,0.0,2.0,1.0,1.0,1.0,0.0,3.0,5.0,0.38,1.0,80.0,6.0,0.0,7.0,1.0,41.0,0.0,2.0,0.0,0.0,0.0,0.0,4.0,0.0,0.5119662,0.4880338,1
1318,29,0.0,0.0,1.0,12.0,2.0,1.0,1.0,1.0,0.0,3.0,5.0,0.38,1.0,80.0,1.0,0.0,7.0,1.0,1.8,0.0,2.0,0.0,0.0,0.0,0.0,4.0,0.0,0.5365923,0.4634077,2
1335,0,0.0,0.0,1.0,0.0,0.0,0.0,1.0,1.0,4.0,0.0,20.0,3.79,2.0,0.0,2.0,0.0,6.0,1.0,14.7,0.0,2.0,0.0,0.0,0.0,0.0,2.0,1.0,0.736426,0.26357397,2
1335,1,0.0,0.0,1.0,0.0,0.0,0.0,1.0,1.0,4.0,0.0,20.0,5.92,2.0,0.0,2.0,0.0,6.0,1.0,1.875,0.0,2.0,0.0,0.0,0.7,0.0,2.0,1.0,0.62536705,0.37463298,2
1335,2,0.0,0.0,1.0,0.0,0.0,0.0,1.0,1.0,4.0,0.0,20.0,8.42,2.0,0.0,2.0,0.0,6.0,1.0,1.875,0.0,2.0,0.0,0.0,0.8,0.0,2.0,1.0,0.87247443,0.12752555,2
1335,3,0.0,0.0,1.0,0.0,0.0,0.0,1.0,1.0,32.0,0.0,20.0,0.52,2.0,0.0,2.0,0.0,6.0,1.0,1.875,0.0,2.0,0.0,0.0,0.0,0.0,2.0,1.0,0.6201241,0.3798759,2
1335,4,0.0,0.0,1.0,0.0,0.0,0.0,1.0,1.0,4.0,0.0,20.0,5.72,2.0,0.0,2.0,0.0,6.0,1.0,1.875,0.0,2.0,0.0,0.0,0.7,0.0,2.0,1.0,0.62536705,0.37463298,2
1335,5,0.0,0.0,1.0,0.0,0.0,0.0,1.0,1.0,4.0,0.0,20.0,0.13,2.0,0.0,2.0,0.0,6.0,1.0,49.0,0.0,2.0,0.0,0.0,1.1,0.0,2.0,1.0,0.6229749,0.3770251,2
1335,6,0.0,0.0,1.0,0.0,0.0,0.0,1.0,1.0,4.0,0.0,20.0,1.08,2.0,0.0,2.0,0.0,6.0,1.0,1.875,0.0,2.0,0.0,0.0,0.4,0.0,2.0,1.0,0.6000594,0.39994058,2
1335,7,0.0,0.0,1.0,0.0,0.0,0.0,1.0,1.0,4.0,0.0,20.0,6.68,2.0,0.0,2.0,0.0,6.0,1.0,26.1,0.0,2.0,0.0,0.0,0.0,0.0,2.0,1.0,0.6643353,0.3356647,2
1335,8,0.0,0.0,1.0,0.0,0.0,0.0,1.0,1.0,4.0,0.0,20.0,0.55,2.0,0.0,2.0,0.0,6.0,1.0,1.875,0.0,2.0,0.0,0.0,0.0,0.0,2.0,1.0,0.6650641,0.3349359,1
1335,9,0.0,0.0,1.0,0.0,0.0,0.0,1.0,1.0,4.0,0.0,20.0,12.15,2.0,0.0,2.0,0.0,6.0,1.0,1.875,0.0,2.0,0.0,0.0,1.0,0.0,2.0,1.0,0.8392899,0.16071011,2
1335,10,0.0,0.0,1.0,0.0,0.0,0.0,1.0,1.0,4.0,0.0,13.0,11.28,2.0,0.0,2.0,0.0,6.0,1.0,1.875,0.0,2.0,0.0,0.0,0.0,0.0,2.0,1.0,0.7752818,0.2247182,2
1335,11,0.0,0.0,1.0,0.0,0.0,0.0,1.0,1.0,4.0,0.0,122.0,2.64,2.0,0.0,2.0,0.0,6.0,1.0,1.875,0.0,2.0,0.0,0.0,0.0,0.0,2.0,1.0,0.5199719,0.4800281,2
1335,12,0.0,0.0,1.0,0.0,0.0,0.0,1.0,1.0,4.0,0.0,20.0,12.86,2.0,0.0,2.0,0.0,6.0,1.0,1.875,0.0,2.0,0.0,0.0,1.1,0.0,2.0,1.0,0.8392899,0.16071011,2
1335,13,0.0,0.0,1.0,0.0,0.0,0.0,1.0,1.0,4.0,0.0,20.0,10.87,2.0,0.0,2.0,0.0,6.0,1.0,1.875,0.0,2.0,0.0,0.0,1.0,0.0,2.0,1.0,0.8392899,0.16071011,2
1335,14,0.0,0.0,1.0,0.0,0.0,0.0,1.0,1.0,4.0,0.0,20.0,5.56,2.0,0.0,2.0,0.0,6.0,1.0,1.875,0.0,2.0,0.0,0.0,0.7,0.0,2.0,1.0,0.62536705,0.37463298,2
1335,15,0.0,0.0,1.0,0.0,0.0,0.0,1.0,1.0,4.0,0.0,20.0,8.47,2.0,0.0,2.0,0.0,6.0,1.0,33.1,0.0,2.0,0.0,0.0,0.0,0.0,2.0,1.0,0.6643353,0.3356647,2
1335,16,0.0,0.0,1.0,0.0,0.0,0.0,1.0,1.0,4.0,0.0,20.0,0.73,2.0,0.0,2.0,0.0,6.0,1.0,1.875,0.0,2.0,0.0,0.0,0.0,0.0,2.0,1.0,0.7351746,0.2648254,1
1335,17,0.0,0.0,1.0,0.0,0.0,0.0,1.0,1.0,4.0,0.0,20.0,11.8,2.0,0.0,2.0,0.0,6.0,1.0,46.2,0.0,2.0,0.0,0.0,0.0,0.0,2.0,1.0,0.6643353,0.3356647,2
1335,18,0.0,0.0,1.0,0.0,0.0,0.0,1.0,1.0,4.0,0.0,20.0,4.32,2.0,0.0,2.0,0.0,6.0,1.0,16.8,0.0,2.0,0.0,0.0,0.0,0.0,2.0,1.0,0.736426,0.26357397,2
1335,19,0.0,0.0,1.0,0.0,0.0,0.0,1.0,1.0,4.0,0.0,20.0,1.69,2.0,0.0,2.0,0.0,6.0,1.0,6.5,0.0,2.0,0.0,0.0,0.0,0.0,2.0,1.0,0.5659173,0.4340827,2
1335,20,0.0,0.0,1.0,0.0,0.0,0.0,1.0,1.0,4.0,0.0,20.0,0.37,2.0,0.0,2.0,0.0,6.0,1.0,1.875,0.0,2.0,0.0,0.0,0.0,0.0,2.0,1.0,0.5733276,0.4266724,1
1335,21,0.0,0.0,1.0,0.0,0.0,0.0,1.0,1.0,4.0,0.0,20.0,0.77,2.0,0.0,2.0,0.0,6.0,1.0,1.875,0.0,2.0,0.0,0.0,0.0,0.0,2.0,1.0,0.7351746,0.2648254,1
1335,22,0.0,0.0,1.0,0.0,0.0,0.0,1.0,1.0,4.0,0.0,20.0,0.13,2.0,0.0,2.0,0.0,6.0,1.0,47.2,0.0,2.0,0.0,0.0,1.0,0.0,2.0,1.0,0.6229749,0.3770251,2
1335,23,0.0,0.0,1.0,0.0,0.0,0.0,1.0,1.0,4.0,0.0,77.0,1.37,2.0,0.0,2.0,0.0,6.0,1.0,1.875,0.0,2.0,0.0,0.0,0.0,0.0,2.0,1.0,0.58761203,0.41238794,2
1335,24,0.0,0.0,1.0,0.0,0.0,0.0,1.0,1.0,4.0,0.0,20.0,3.18,2.0,0.0,2.0,0.0,6.0,1.0,1.875,0.0,2.0,0.0,0.0,0.0,0.0,2.0,1.0,0.51310277,0.48689723,1
1335,25,0.0,0.0,1.0,0.0,0.0,0.0,1.0,1.0,4.0,0.0,20.0,0.83,2.0,0.0,2.0,0.0,6.0,1.0,1.875,0.0,2.0,0.0,0.0,0.0,0.0,2.0,1.0,0.7351746,0.2648254,1
1335,26,0.0,0.0,1.0,0.0,0.0,0.0,1.0,1.0,4.0,0.0,20.0,4.27,2.0,0.0,2.0,0.0,6.0,1.0,1.875,0.0,2.0,0.0,0.0,0.6,0.0,2.0,1.0,0.60276973,0.39723027,2
1335,27,0.0,0.0,1.0,0.0,0.0,0.0,1.0,1.0,4.0,0.0,20.0,6.82,2.0,0.0,2.0,0.0,6.0,1.0,1.875,0.0,2.0,0.0,0.0,0.7,0.0,2.0,1.0,0.62536705,0.37463298,2
1335,28,0.0,0.0,1.0,0.0,0.0,0.0,1.0,1.0,4.0,0.0,33.0,3.36,2.0,0.0,2.0,0.0,6.0,1.0,1.875,0.0,2.0,0.0,0.0,0.0,0.0,2.0,1.0,0.5168792,0.4831208,2
1335,29,0.0,0.0,1.0,0.0,0.0,0.0,1.0,1.0,4.0,0.0,1.0,11.53,2.0,0.0,2.0,0.0,6.0,1.0,1.875,0.0,2.0,0.0,0.0,0.0,0.0,2.0,1.0,0.88386405,0.11613593,2
1795,0,0.0,0.0,1.0,0.0,0.0,0.0,2.0,7.0,2.0,2.0,9.0,12.21,2.0,19.0,2.0,0.0,2.0,2.0,1.0,0.0,1.0,0.0,2.0,0.5,0.0,2.0,0.0,0.8718158,0.12818421,1
1795,1,0.0,0.0,1.0,0.0,0.0,0.0,2.0,7.0,2.0,2.0,9.0,11.58,2.0,19.0,2.0,0.0,2.0,2.0,1.0,0.0,1.0,0.0,2.0,0.5,0.0,2.0,0.0,0.8718158,0.12818421,1
1795,2,0.0,0.0,1.0,0.0,0.0,0.0,0.0,7.0,4.0,2.0,9.0,0.15,2.0,19.0,2.0,0.0,2.0,2.0,1.0,0.0,1.0,0.0,2.0,0.5,0.0,2.0,0.0,0.6167772,0.38322285,2
1795,3,0.0,0.0,1.0,0.0,0.0,0.0,5.0,7.0,2.0,2.0,9.0,8.55,2.0,19.0,2.0,0.0,2.0,2.0,1.0,0.0,1.0,0.0,2.0,0.5,0.0,2.0,0.0,0.84292465,0.15707533,2
1795,4,0.0,0.0,1.0,0.0,0.0,0.0,2.0,7.0,2.0,2.0,9.0,3.32,2.0,19.0,2.0,0.0,2.0,2.0,1.0,0.0,1.0,0.0,2.0,0.5,0.0,2.0,0.0,0.9056729,0.09432709,1
1795,5,0.0,0.0,1.0,0.0,0.0,0.0,2.0,7.0,2.0,2.0,9.0,8.89,2.0,19.0,2.0,0.0,2.0,2.0,1.0,0.0,1.0,0.0,2.0,0.8,0.0,2.0,0.0,0.89473784,0.10526215,2
1795,6,0.0,0.0,1.0,0.0,0.0,0.0,3.0,7.0,2.0,2.0,9.0,6.17,2.0,19.0,2.0,0.0,2.0,2.0,1.0,0.0,1.0,0.0,2.0,0.5,0.0,2.0,0.0,0.84292465,0.15707533,2
1795,7,0.0,0.0,1.0,0.0,0.0,0.0,2.0,7.0,2.0,28.0,9.0,12.86,2.0,19.0,2.0,0.0,2.0,2.0,1.0,0.0,1.0,0.0,2.0,0.5,0.0,2.0,0.0,0.9258103,0.074189745,2
1795,8,0.0,0.0,1.0,0.0,0.0,0.0,2.0,7.0,2.0,8.0,9.0,12.79,2.0,19.0,2.0,0.0,2.0,2.0,1.0,0.0,1.0,0.0,2.0,0.5,0.0,2.0,0.0,0.9595221,0.04047786,2
1795,9,0.0,0.0,1.0,0.0,0.0,0.0,2.0,7.0,2.0,32.0,9.0,6.8,2.0,19.0,2.0,0.0,2.0,2.0,1.0,0.0,1.0,0.0,2.0,0.5,0.0,2.0,0.0,0.9258103,0.074189745,2
1795,10,0.0,0.0,1.0,0.0,0.0,0.0,2.0,7.0,40.0,2.0,9.0,7.27,2.0,19.0,2.0,0.0,2.0,2.0,1.0,0.0,1.0,0.0,2.0,0.5,0.0,2.0,0.0,0.80788237,0.19211762,2
1795,11,0.0,0.0,1.0,0.0,0.0,0.0,2.0,7.0,25.0,2.0,9.0,4.82,2.0,19.0,2.0,0.0,2.0,2.0,1.0,0.0,1.0,0.0,2.0,0.5,0.0,2.0,0.0,0.83517945,0.16482052,2
1795,12,0.0,0.0,1.0,0.0,0.0,0.0,2.0,7.0,2.0,2.0,9.0,1.15,2.0,19.0,2.0,0.0,2.0,2.0,1.0,0.0,1.0,0.0,2.0,0.5,0.0,2.0,0.0,0.9549782,0.045021772,1
1795,13,0.0,0.0,1.0,0.0,0.0,0.0,2.0,7.0,0.0,2.0,9.0,0.15,2.0,19.0,2.0,0.0,2.0,2.0,1.0,0.0,1.0,0.0,2.0,0.5,0.0,2.0,0.0,0.7367636,0.2632364,1
1795,14,0.0,0.0,1.0,0.0,0.0,0.0,2.0,7.0,2.0,2.0,9.0,9.02,2.0,19.0,2.0,0.0,2.0,2.0,1.0,0.0,1.0,0.0,2.0,0.5,0.0,2.0,0.0,0.8718158,0.12818421,1
1795,15,0.0,0.0,1.0,0.0,0.0,0.0,2.0,7.0,2.0,2.0,9.0,2.24,2.0,19.0,2.0,0.0,2.0,2.0,1.0,0.0,1.0,0.0,2.0,0.5,0.0,2.0,0.0,0.9277558,0.07224425,1
1795,16,0.0,0.0,1.0,0.0,0.0,0.0,2.0,7.0,2.0,2.0,9.0,7.93,2.0,19.0,2.0,0.0,2.0,2.0,1.0,0.0,1.0,0.0,2.0,0.5,0.0,2.0,0.0,0.8718158,0.12818421,1
1795,17,0.0,0.0,1.0,0.0,0.0,0.0,0.0,7.0,2.0,51.0,9.0,0.15,2.0,19.0,2.0,0.0,2.0,2.0,1.0,0.0,1.0,0.0,2.0,0.5,0.0,2.0,0.0,0.8287917,0.1712083,2
1795,18,0.0,0.0,1.0,0.0,0.0,0.0,2.0,7.0,2.0,2.0,9.0,2.03,2.0,19.0,2.0,0.0,2.0,2.0,1.0,0.0,1.0,0.0,2.0,0.5,0.0,2.0,0.0,0.9277558,0.07224425,1
1795,19,0.0,0.0,1.0,0.0,0.0,0.0,2.0,7.0,2.0,21.0,9.0,0.15,2.0,19.0,2.0,0.0,2.0,2.0,1.0,0.0,1.0,0.0,2.0,0.9,0.0,2.0,0.0,0.8860708,0.11392921,2
1795,20,0.0,0.0,1.0,0.0,0.0,0.0,2.0,7.0,2.0,18.0,9.0,0.15,2.0,19.0,2.0,0.0,2.0,2.0,1.0,0.0,1.0,0.0,2.0,0.5,0.0,2.0,0.0,0.6439562,0.35604385,1
1795,21,0.0,0.0,1.0,0.0,0.0,0.0,2.0,7.0,2.0,2.0,9.0,11.28,2.0,19.0,2.0,0.0,2.0,2.0,1.0,0.0,1.0,0.0,2.0,0.5,0.0,2.0,0.0,0.8718158,0.12818421,1
1795,22,0.0,0.0,1.0,0.0,0.0,0.0,2.0,7.0,2.0,18.0,9.0,0.77,2.0,19.0,2.0,0.0,2.0,2.0,1.0,0.0,1.0,0.0,2.0,0.5,0.0,2.0,0.0,0.9898785,0.010121541,2
1795,23,0.0,0.0,1.0,0.0,0.0,0.0,2.0,7.0,2.0,2.0,9.0,12.93,2.0,19.0,2.0,0.0,2.0,2.0,1.0,0.0,1.0,0.0,2.0,0.5,0.0,2.0,0.0,0.8718158,0.12818421,1
1795,24,0.0,0.0,1.0,0.0,0.0,0.0,2.0,7.0,18.0,2.0,9.0,0.15,2.0,19.0,2.0,0.0,2.0,2.0,1.0,0.0,1.0,0.0,2.0,0.9,0.0,2.0,0.0,0.6773785,0.32262152,2
1795,25,0.0,0.0,1.0,0.0,0.0,0.0,2.0,7.0,39.0,2.0,9.0,4.57,2.0,19.0,2.0,0.0,2.0,2.0,1.0,0.0,1.0,0.0,2.0,0.5,0.0,2.0,0.0,0.83517945,0.16482052,2
1795,26,0.0,0.0,1.0,0.0,0.0,0.0,1.0,7.0,2.0,2.0,9.0,0.15,2.0,19.0,2.0,0.0,2.0,2.0,1.0,0.0,1.0,0.0,2.0,0.4,0.0,2.0,0.0,0.7344122,0.2655878,2
1795,27,0.0,0.0,1.0,0.0,0.0,0.0,2.0,7.0,20.0,2.0,9.0,3.18,2.0,19.0,2.0,0.0,2.0,2.0,1.0,0.0,1.0,0.0,2.0,0.5,0.0,2.0,0.0,0.8927608,0.10723919,2
1795,28,0.0,0.0,1.0,0.0,0.0,0.0,2.0,7.0,2.0,29.0,9.0,3.41,2.0,19.0,2.0,0.0,2.0,2.0,1.0,0.0,1.0,0.0,2.0,0.5,0.0,2.0,0.0,0.9462846,0.05371538,2
1795,29,0.0,0.0,1.0,0.0,0.0,0.0,2.0,7.0,16.0,2.0,9.0,4.49,2.0,19.0,2.0,0.0,2.0,2.0,1.0,0.0,1.0,0.0,2.0,0.5,0.0,2.0,0.0,0.8741361,0.12586394,2
1366,0,0.0,0.0,1.0,16.0,0.0,2.0,2.0,1.0,0.0,0.0,1.0,0.9,5.0,0.0,4.0,0.0,1.0,1.0,0.0,0.0,7.0,1.0,0.0,0.0,0.0,1.0,0.0,0.8443072,0.15569282,2
1366,1,0.0,0.0,1.0,12.0,0.0,2.0,2.0,1.0,0.0,0.0,1.0,0.9,0.0,0.0,4.0,0.0,61.0,1.0,0.0,0.0,7.0,1.0,0.0,0.0,0.0,1.0,0.0,0.5380924,0.46190766,2
1366,2,0.0,0.0,1.0,12.0,0.0,2.0,2.0,1.0,0.0,0.0,1.0,0.9,9.0,0.0,4.0,0.0,1.0,1.0,0.0,0.0,7.0,1.0,0.0,0.0,0.0,1.0,0.0,0.8443072,0.15569282,2
1366,3,0.0,0.0,1.0,16.0,0.0,2.0,2.0,1.0,0.0,0.0,1.0,0.9,0.0,0.0,4.0,0.0,33.0,1.0,0.0,0.0,7.0,1.0,0.0,0.0,0.0,1.0,0.0,0.5380924,0.46190766,2
1366,4,0.0,0.0,1.0,0.0,0.0,2.0,2.0,1.0,0.0,0.0,1.0,0.9,8.0,0.0,4.0,0.0,1.0,1.0,0.0,0.0,7.0,1.0,0.0,0.0,0.0,1.0,0.0,0.62394226,0.37605777,1
1366,5,0.0,0.0,1.0,13.0,0.0,2.0,2.0,1.0,0.0,0.0,1.0,0.9,0.0,0.0,4.0,0.0,10.0,1.0,0.0,0.0,7.0,1.0,0.0,0.0,0.0,1.0,0.0,0.7793275,0.22067252,2
1366,6,0.0,0.0,1.0,0.0,0.0,2.0,2.0,1.0,0.0,0.0,1.0,0.9,4.0,0.0,4.0,0.0,40.0,1.0,0.0,0.0,7.0,1.0,0.0,0.0,0.0,1.0,0.0,0.7169652,0.2830348,2
1366,7,0.0,0.0,1.0,15.0,0.0,15.0,2.0,1.0,0.0,0.0,1.0,0.9,0.0,0.0,4.0,0.0,1.0,1.0,0.0,0.0,7.0,1.0,0.0,0.0,0.0,1.0,0.0,0.60966206,0.39033797,2
1366,8,0.0,0.0,1.0,0.0,0.0,2.0,2.0,1.0,0.0,0.0,1.0,0.9,6.0,0.0,4.0,0.0,24.0,1.0,0.0,0.0,7.0,1.0,0.0,0.0,0.0,1.0,0.0,0.80594677,0.19405322,2
1366,9,0.0,0.0,1.0,15.0,0.0,14.0,2.0,1.0,0.0,0.0,1.0,0.9,0.0,0.0,4.0,0.0,1.0,1.0,0.0,0.0,7.0,1.0,0.0,0.0,0.0,1.0,0.0,0.60966206,0.39033797,2
1366,10,0.0,0.0,1.0,0.0,0.0,9.0,2.0,1.0,0.0,0.0,1.0,0.9,11.0,0.0,4.0,0.0,1.0,1.0,0.0,0.0,7.0,1.0,0.0,0.0,0.0,1.0,0.0,0.66380125,0.33619875,2
1366,11,0.0,0.0,1.0,0.0,0.0,2.0,2.0,1.0,0.0,0.0,1.0,0.9,9.0,0.0,4.0,0.0,32.0,1.0,0.0,0.0,7.0,1.0,0.0,0.0,0.0,1.0,0.0,0.80594677,0.19405322,2
1366,12,0.0,0.0,1.0,9.0,0.0,2.0,2.0,1.0,0.0,0.0,1.0,0.9,7.0,0.0,4.0,0.0,1.0,1.0,0.0,0.0,7.0,1.0,0.0,0.0,0.0,1.0,0.0,0.8443072,0.15569282,2
1366,13,0.0,0.0,1.0,21.0,0.0,9.0,2.0,1.0,0.0,0.0,1.0,0.9,0.0,0.0,4.0,0.0,1.0,1.0,0.0,0.0,7.0,1.0,0.0,0.0,0.0,1.0,0.0,0.60966206,0.39033797,2
1366,14,0.0,0.0,1.0,0.0,0.0,8.0,2.0,1.0,0.0,0.0,1.0,0.9,5.0,0.0,4.0,0.0,1.0,1.0,0.0,0.0,7.0,1.0,0.0,0.0,0.0,1.0,0.0,0.6362822,0.3637178,2
1366,15,0.0,0.0,1.0,23.0,0.0,2.0,2.0,1.0,0.0,0.0,1.0,0.9,0.0,0.0,4.0,0.0,20.0,1.0,0.0,0.0,7.0,1.0,0.0,0.0,0.0,1.0,0.0,0.5380924,0.46190766,2
1366,16,0.0,0.0,1.0,0.0,0.0,8.0,2.0,1.0,0.0,0.0,1.0,0.9,6.0,0.0,4.0,0.0,1.0,1.0,0.0,0.0,7.0,1.0,0.0,0.0,0.0,1.0,0.0,0.6362822,0.3637178,2
1366,17,0.0,0.0,1.0,0.0,0.0,1.0,2.0,1.0,0.0,0.0,1.0,0.9,0.0,0.0,4.0,0.0,46.0,1.0,0.0,0.0,7.0,1.0,0.0,0.0,0.0,1.0,0.0,0.5431341,0.4568659,2
1366,18,0.0,0.0,1.0,0.0,0.0,2.0,2.0,1.0,0.0,0.0,1.0,0.9,13.0,0.0,4.0,0.0,53.0,1.0,0.0,0.0,7.0,1.0,0.0,0.0,0.0,1.0,0.0,0.80594677,0.19405322,2
1366,19,0.0,0.0,1.0,16.0,0.0,2.0,2.0,1.0,0.0,0.0,1.0,0.9,0.0,0.0,4.0,0.0,64.0,1.0,0.0,0.0,7.0,1.0,0.0,0.0,0.0,1.0,0.0,0.5380924,0.46190766,2
1366,20,0.0,0.0,1.0,7.0,0.0,7.0,2.0,1.0,0.0,0.0,1.0,0.9,0.0,0.0,4.0,0.0,1.0,1.0,0.0,0.0,7.0,1.0,0.0,0.0,0.0,1.0,0.0,0.5805119,0.41948804,2
1366,21,0.0,0.0,1.0,6.0,0.0,2.0,2.0,1.0,0.0,0.0,1.0,0.9,0.0,0.0,4.0,0.0,1.0,1.0,0.0,0.0,7.0,1.0,0.0,0.0,0.0,1.0,0.0,0.5675658,0.4324342,1
1366,22,0.0,0.0,1.0,0.0,0.0,13.0,2.0,1.0,0.0,0.0,1.0,0.9,13.0,0.0,4.0,0.0,1.0,1.0,0.0,0.0,7.0,1.0,0.0,0.0,0.0,1.0,0.0,0.66380125,0.33619875,2
1366,23,0.0,0.0,1.0,10.0,0.0,1.0,2.0,1.0,0.0,0.0,1.0,0.9,0.0,0.0,4.0,0.0,1.0,1.0,0.0,0.0,7.0,1.0,0.0,0.0,0.0,1.0,0.0,0.7346713,0.2653287,2
1366,24,0.0,0.0,1.0,0.0,0.0,3.0,2.0,1.0,0.0,0.0,1.0,0.9,8.0,0.0,4.0,0.0,1.0,1.0,0.0,0.0,7.0,1.0,0.0,0.0,0.0,1.0,0.0,0.5830642,0.4169358,2
1366,25,0.0,0.0,1.0,16.0,0.0,15.0,2.0,1.0,0.0,0.0,1.0,0.9,0.0,0.0,4.0,0.0,1.0,1.0,0.0,0.0,7.0,1.0,0.0,0.0,0.0,1.0,0.0,0.60966206,0.39033797,2
1366,26,0.0,0.0,1.0,0.0,0.0,2.0,2.0,1.0,0.0,0.0,1.0,0.9,11.0,0.0,4.0,0.0,47.0,1.0,0.0,0.0,7.0,1.0,0.0,0.0,0.0,1.0,0.0,0.80594677,0.19405322,2
1366,27,0.0,0.0,1.0,0.0,0.0,2.0,2.0,1.0,0.0,0.0,1.0,0.9,4.0,0.0,4.0,0.0,5.0,1.0,0.0,0.0,7.0,1.0,0.0,0.0,0.0,1.0,0.0,0.74292076,0.25707927,2
1366,28,0.0,0.0,1.0,0.0,0.0,2.0,2.0,1.0,0.0,0.0,1.0,0.9,14.0,0.0,4.0,0.0,30.0,1.0,0.0,0.0,7.0,1.0,0.0,0.0,0.0,1.0,0.0,0.80594677,0.19405322,2
1366,29,0.0,0.0,1.0,20.0,0.0,2.0,2.0,1.0,0.0,0.0,1.0,0.9,1.0,0.0,4.0,0.0,1.0,1.0,0.0,0.0,7.0,1.0,0.0,0.0,0.0,1.0,0.0,0.6563738,0.3436262,2
1390,0,2.0,0.0,1.0,1.0,0.0,0.0,1.0,1.0,6.0,11.0,35.0,4.97,4.0,81.0,1.0,1.0,13.0,1.0,4.55813953488372,2.0,1.0,0.0,3.0,1.0,0.0,5.0,1.0,0.915859,0.084141,2
1390,1,2.0,0.0,1.0,1.0,0.0,0.0,1.0,1.0,6.0,11.0,35.0,3.29,4.0,81.0,4.0,1.0,13.0,1.0,4.55813953488372,2.0,1.0,0.0,3.0,1.0,0.0,5.0,1.0,0.9047351,0.09526489,1
1390,2,2.0,0.0,1.0,1.0,0.0,0.0,1.0,1.0,18.0,11.0,35.0,7.18,4.0,81.0,4.0,1.0,13.0,1.0,4.55813953488372,2.0,1.0,0.0,3.0,1.0,0.0,5.0,1.0,0.8363375,0.16366248,2
1390,3,2.0,0.0,1.0,1.0,0.0,0.0,1.0,1.0,29.0,11.0,35.0,6.26,4.0,81.0,4.0,1.0,13.0,1.0,4.55813953488372,2.0,1.0,0.0,3.0,1.0,0.0,5.0,1.0,0.83677554,0.16322447,2
1390,4,2.0,0.0,1.0,1.0,0.0,0.0,1.0,1.0,6.0,11.0,35.0,1.68,4.0,81.0,4.0,1.0,13.0,1.0,4.55813953488372,2.0,1.0,0.0,3.0,1.0,0.0,5.0,1.0,0.8984314,0.1015686,1
1390,5,2.0,0.0,1.0,1.0,0.0,0.0,1.0,1.0,6.0,11.0,35.0,10.51,4.0,81.0,4.0,1.0,13.0,1.0,4.55813953488372,2.0,1.0,0.0,3.0,1.0,0.0,5.0,1.0,0.7954358,0.20456423,1
1390,6,2.0,0.0,1.0,1.0,0.0,0.0,1.0,1.0,32.0,11.0,35.0,0.62,4.0,81.0,4.0,1.0,13.0,1.0,4.55813953488372,2.0,1.0,0.0,3.0,1.0,0.0,5.0,1.0,0.8602681,0.13973187,2
1390,7,2.0,0.0,1.0,1.0,0.0,0.0,1.0,1.0,14.0,11.0,35.0,0.06,4.0,81.0,4.0,1.0,13.0,1.0,4.55813953488372,2.0,1.0,0.0,3.0,1.0,0.0,5.0,0.0,0.9276058,0.072394185,2
1390,8,2.0,0.0,1.0,1.0,0.0,0.0,1.0,1.0,6.0,11.0,35.0,5.7,4.0,81.0,4.0,1.0,13.0,1.0,4.55813953488372,2.0,1.0,0.0,3.0,1.0,0.0,5.0,3.0,0.80823433,0.19176564,2
1390,9,2.0,0.0,1.0,1.0,0.0,0.0,1.0,1.0,6.0,11.0,35.0,7.45,4.0,81.0,4.0,1.0,13.0,1.0,4.55813953488372,2.0,1.0,0.0,3.0,1.0,0.0,5.0,1.0,0.7954358,0.20456423,1
1390,10,2.0,0.0,1.0,1.0,0.0,0.0,1.0,1.0,6.0,11.0,35.0,1.94,4.0,81.0,4.0,1.0,25.0,1.0,4.55813953488372,2.0,1.0,0.0,3.0,1.0,0.0,5.0,1.0,0.9211867,0.078813285,2
1390,11,2.0,0.0,1.0,1.0,0.0,0.0,1.0,1.0,14.0,11.0,35.0,8.27,4.0,81.0,4.0,1.0,13.0,1.0,4.55813953488372,2.0,1.0,0.0,3.0,1.0,0.0,5.0,1.0,0.8363375,0.16366248,2
1390,12,2.0,0.0,1.0,1.0,0.0,0.0,1.0,1.0,24.0,11.0,35.0,0.06,4.0,81.0,1.0,1.0,13.0,1.0,4.55813953488372,2.0,1.0,0.0,3.0,1.0,0.0,5.0,1.0,0.8195706,0.18042941,2
1390,13,2.0,0.0,1.0,1.0,0.0,0.0,1.0,1.0,6.0,11.0,35.0,10.44,4.0,81.0,4.0,1.0,13.0,1.0,4.55813953488372,2.0,1.0,0.0,3.0,1.0,0.0,5.0,2.0,0.80823433,0.19176564,2
1390,14,2.0,0.0,1.0,1.0,0.0,0.0,1.0,1.0,6.0,11.0,35.0,6.13,4.0,81.0,4.0,1.0,13.0,1.0,4.55813953488372,2.0,1.0,0.0,3.0,1.0,0.0,5.0,4.0,0.80823433,0.19176564,2
1390,15,2.0,0.0,1.0,1.0,0.0,0.0,1.0,1.0,6.0,11.0,35.0,4.73,4.0,81.0,4.0,1.0,13.0,1.0,4.55813953488372,2.0,1.0,0.0,3.0,1.0,0.0,5.0,1.0,0.8241164,0.1758836,1
1390,16,2.0,0.0,1.0,1.0,0.0,0.0,1.0,1.0,31.0,11.0,35.0,8.36,4.0,81.0,4.0,1.0,13.0,1.0,4.55813953488372,2.0,1.0,0.0,3.0,1.0,0.0,5.0,1.0,0.83677554,0.16322447,2
1390,17,2.0,0.0,1.0,1.0,0.0,0.0,1.0,1.0,6.0,11.0,35.0,8.31,4.0,81.0,4.0,1.0,19.0,1.0,4.55813953488372,2.0,1.0,0.0,3.0,1.0,0.0,5.0,1.0,0.7599199,0.24008015,2
1390,18,2.0,0.0,1.0,1.0,0.0,0.0,1.0,1.0,38.0,11.0,35.0,0.06,4.0,81.0,0.0,1.0,13.0,1.0,4.55813953488372,2.0,1.0,0.0,3.0,1.0,0.0,5.0,1.0,0.8195706,0.18042941,2
1390,19,2.0,0.0,1.0,1.0,0.0,0.0,1.0,1.0,6.0,11.0,35.0,6.48,4.0,81.0,4.0,1.0,13.0,1.0,4.55813953488372,2.0,1.0,0.0,3.0,1.0,0.0,5.0,3.0,0.80823433,0.19176564,2
1390,20,2.0,0.0,1.0,1.0,0.0,0.0,1.0,1.0,6.0,11.0,35.0,3.48,4.0,81.0,4.0,1.0,21.0,1.0,4.55813953488372,2.0,1.0,0.0,3.0,1.0,0.0,5.0,1.0,0.8854629,0.1145371,2
1390,21,2.0,0.0,1.0,1.0,0.0,0.0,1.0,1.0,6.0,11.0,35.0,2.04,4.0,81.0,4.0,1.0,27.0,1.0,4.55813953488372,2.0,1.0,0.0,3.0,1.0,0.0,5.0,1.0,0.94368654,0.05631344,2
1390,22,2.0,0.0,1.0,1.0,0.0,0.0,1.0,1.0,6.0,11.0,35.0,11.64,4.0,81.0,4.0,1.0,13.0,1.0,4.55813953488372,2.0,1.0,0.0,3.0,1.0,0.0,5.0,1.0,0.7954358,0.20456423,1
1390,23,2.0,0.0,1.0,1.0,0.0,0.0,1.0,1.0,6.0,11.0,35.0,1.12,4.0,81.0,7.0,1.0,13.0,1.0,4.55813953488372,2.0,1.0,0.0,3.0,1.0,0.0,5.0,1.0,0.9532364,0.046763588,2
1390,24,2.0,0.0,1.0,1.0,0.0,0.0,1.0,1.0,6.0,11.0,35.0,9.13,4.0,81.0,4.0,1.0,63.0,1.0,4.55813953488372,2.0,1.0,0.0,3.0,1.0,0.0,5.0,1.0,0.7599199,0.24008015,2
1390,25,2.0,0.0,1.0,1.0,0.0,0.0,1.0,1.0,6.0,11.0,35.0,0.06,4.0,81.0,4.0,1.0,1.0,1.0,4.55813953488372,2.0,1.0,0.0,3.0,1.0,0.0,5.0,0.0,0.97917366,0.020826353,2
1390,26,2.0,0.0,1.0,1.0,0.0,0.0,1.0,1.0,30.0,11.0,35.0,6.54,4.0,81.0,4.0,1.0,13.0,1.0,4.55813953488372,2.0,1.0,0.0,3.0,1.0,0.0,5.0,1.0,0.83677554,0.16322447,2
1390,27,2.0,0.0,1.0,1.0,0.0,0.0,1.0,1.0,31.0,11.0,35.0,0.06,4.0,81.0,3.0,1.0,13.0,1.0,4.55813953488372,2.0,1.0,0.0,3.0,1.0,0.0,5.0,1.0,0.5401318,0.45986816,2
1390,28,2.0,0.0,1.0,1.0,0.0,0.0,1.0,1.0,6.0,11.0,35.0,2.93,4.0,81.0,4.0,1.0,13.0,1.0,4.55813953488372,2.0,1.0,0.0,3.0,1.0,0.0,5.0,1.0,0.888134,0.11186599,1
1390,29,2.0,0.0,1.0,1.0,0.0,0.0,1.0,1.0,6.0,11.0,35.0,10.64,4.0,81.0,8.0,1.0,13.0,1.0,4.55813953488372,2.0,1.0,0.0,3.0,1.0,0.0,5.0,1.0,0.7954358,0.20456423,2
1496,0,1.0,0.0,2.0,15.0,0.0,0.0,0.0,1.0,2.0,19.0,5.0,5.9,2.0,85.0,1.0,0.0,2.0,2.0,6.83333333333333,0.0,2.0,0.0,0.0,0.0,0.0,1.0,1.0,0.8604439,0.13955611,3
1496,1,1.0,0.0,2.0,15.0,0.0,0.0,2.0,1.0,0.0,19.0,5.0,0.07,2.0,85.0,1.0,0.0,2.0,2.0,6.83333333333333,0.0,2.0,0.0,0.0,0.0,0.0,1.0,1.0,0.74696785,0.25303215,2
1496,2,1.0,0.0,2.0,15.0,0.0,0.0,1.0,1.0,6.0,19.0,5.0,0.88,2.0,85.0,1.0,0.0,2.0,2.0,6.83333333333333,0.0,2.0,0.0,0.0,0.0,0.0,1.0,1.0,0.84131086,0.15868914,2
1496,3,0.0,0.0,2.0,15.0,0.0,0.0,0.0,1.0,6.0,19.0,5.0,0.07,2.0,85.0,1.0,0.0,2.0,2.0,6.83333333333333,0.0,2.0,0.0,0.0,0.0,0.0,1.0,1.0,0.6002176,0.39978245,2
1496,4,1.0,0.0,2.0,15.0,0.0,0.0,1.0,1.0,6.0,19.0,5.0,0.07,2.0,85.0,1.0,0.0,2.0,2.0,6.83333333333333,0.0,2.0,0.0,0.0,1.1,0.0,1.0,1.0,0.60297847,0.3970215,2
1496,5,1.0,0.0,2.0,15.0,0.0,0.0,4.0,1.0,0.0,19.0,5.0,0.07,2.0,85.0,1.0,0.0,2.0,2.0,6.83333333333333,0.0,2.0,0.0,0.0,1.0,0.0,1.0,1.0,0.64772385,0.35227615,2
1496,6,16.0,0.0,2.0,15.0,0.0,0.0,1.0,1.0,6.0,19.0,5.0,4.66,2.0,85.0,1.0,0.0,2.0,2.0,6.83333333333333,0.0,2.0,0.0,0.0,0.0,0.0,1.0,1.0,0.7622897,0.2377103,3
1496,7,0.0,0.0,2.0,15.0,0.0,0.0,4.0,1.0,6.0,19.0,5.0,12.87,2.0,85.0,1.0,0.0,2.0,2.0,6.83333333333333,0.0,2.0,0.0,0.0,1.1,0.0,1.0,1.0,0.81244975,0.18755025,3
1496,8,1.0,0.0,2.0,15.0,0.0,0.0,0.0,1.0,6.0,19.0,5.0,11.33,2.0,85.0,1.0,0.0,2.0,2.0,6.83333333333333,0.0,2.0,0.0,0.0,0.0,0.0,1.0,1.0,0.7268687,0.2731313,2
1496,9,1.0,0.0,2.0,15.0,0.0,0.0,2.0,1.0,6.0,19.0,5.0,0.9,2.0,85.0,1.0,0.0,2.0,2.0,6.83333333333333,0.0,2.0,0.0,0.0,0.4,0.0,1.0,1.0,0.6347512,0.3652488,3
1496,10,0.0,0.0,2.0,15.0,0.0,0.0,0.0,1.0,6.0,19.0,5.0,3.9,2.0,85.0,1.0,0.0,2.0,2.0,6.83333333333333,0.0,2.0,0.0,0.0,0.0,0.0,1.0,1.0,0.903055,0.096944965,3
1496,11,10.0,0.0,2.0,15.0,0.0,0.0,1.0,1.0,6.0,19.0,5.0,2.5,2.0,85.0,1.0,0.0,2.0,2.0,6.83333333333333,0.0,2.0,0.0,0.0,0.0,0.0,1.0,1.0,0.7715949,0.22840512,3
1496,12,1.0,0.0,2.0,15.0,0.0,0.0,0.0,1.0,6.0,19.0,5.0,4.57,2.0,85.0,1.0,0.0,2.0,2.0,6.83333333333333,0.0,2.0,0.0,0.0,0.0,0.0,1.0,1.0,0.7622897,0.2377103,2
1496,13,1.0,0.0,2.0,15.0,0.0,0.0,2.0,1.0,32.0,19.0,5.0,0.07,2.0,85.0,1.0,0.0,2.0,2.0,6.83333333333333,0.0,2.0,0.0,0.0,1.0,0.0,1.0,1.0,0.6500491,0.34995094,3
1496,14,0.0,0.0,2.0,15.0,0.0,0.0,1.0,1.0,6.0,19.0,5.0,0.07,2.0,85.0,1.0,0.0,2.0,2.0,6.83333333333333,0.0,2.0,0.0,0.0,0.0,0.0,1.0,1.0,0.6002176,0.39978245,2
1496,15,1.0,0.0,2.0,15.0,0.0,0.0,4.0,1.0,23.0,19.0,5.0,11.23,2.0,85.0,1.0,0.0,2.0,2.0,6.83333333333333,0.0,2.0,0.0,0.0,1.0,0.0,1.0,1.0,0.52964354,0.47035646,3
1496,16,1.0,0.0,2.0,15.0,0.0,0.0,0.0,1.0,6.0,19.0,5.0,8.6,2.0,85.0,1.0,0.0,2.0,2.0,6.83333333333333,0.0,2.0,0.0,0.0,0.0,0.0,1.0,1.0,0.7268687,0.2731313,2
1496,17,1.0,0.0,2.0,15.0,0.0,0.0,2.0,1.0,13.0,19.0,5.0,0.07,2.0,85.0,1.0,0.0,2.0,2.0,6.83333333333333,0.0,2.0,0.0,0.0,1.0,0.0,1.0,1.0,0.64931995,0.35068005,3
1496,18,1.0,0.0,2.0,15.0,0.0,0.0,0.0,1.0,26.0,19.0,5.0,8.82,2.0,85.0,1.0,0.0,2.0,2.0,6.83333333333333,0.0,2.0,0.0,0.0,0.0,0.0,1.0,1.0,0.682153,0.31784698,3
1496,19,1.0,0.0,2.0,15.0,0.0,0.0,1.0,1.0,1.0,19.0,5.0,0.07,2.0,85.0,1.0,0.0,2.0,2.0,6.83333333333333,0.0,2.0,0.0,0.0,0.0,0.0,1.0,1.0,0.8203873,0.17961268,2
1496,20,1.0,0.0,2.0,15.0,0.0,0.0,2.0,1.0,6.0,19.0,5.0,0.07,2.0,85.0,1.0,0.0,2.0,2.0,6.83333333333333,0.0,2.0,0.0,0.0,1.0,0.0,1.0,1.0,0.5474602,0.45253983,2
1496,21,1.0,0.0,2.0,15.0,0.0,0.0,1.0,1.0,6.0,19.0,5.0,12.5,2.0,85.0,1.0,0.0,2.0,2.0,6.83333333333333,0.0,2.0,0.0,0.0,1.1,0.0,1.0,1.0,0.7251753,0.27482468,3
1496,22,1.0,0.0,2.0,15.0,0.0,0.0,0.0,1.0,13.0,19.0,5.0,9.96,2.0,85.0,1.0,0.0,2.0,2.0,6.83333333333333,0.0,2.0,0.0,0.0,0.0,0.0,1.0,1.0,0.681458,0.31854203,3
1496,23,1.0,0.0,2.0,15.0,0.0,0.0,1.0,1.0,1.0,19.0,5.0,0.07,2.0,85.0,1.0,0.0,2.0,2.0,6.83333333333333,0.0,2.0,0.0,0.0,0.7,0.0,1.0,1.0,0.69813436,0.30186564,3
1496,24,1.0,0.0,2.0,15.0,0.0,0.0,4.0,1.0,13.0,19.0,5.0,13.03,2.0,85.0,1.0,0.0,2.0,2.0,6.83333333333333,0.0,2.0,0.0,0.0,1.1,0.0,1.0,1.0,0.5288454,0.4711546,3
1496,25,1.0,0.0,2.0,15.0,0.0,0.0,1.0,1.0,6.0,19.0,5.0,0.07,2.0,85.0,1.0,0.0,2.0,2.0,6.83333333333333,0.0,2.0,0.0,0.0,1.0,0.0,1.0,1.0,0.60297847,0.3970215,2
1496,26,0.0,0.0,2.0,15.0,0.0,0.0,4.0,1.0,6.0,19.0,5.0,0.07,2.0,85.0,1.0,0.0,2.0,2.0,6.83333333333333,0.0,2.0,0.0,0.0,1.1,0.0,1.0,1.0,0.88476866,0.11523132,2
1496,27,1.0,0.0,2.0,15.0,0.0,0.0,4.0,1.0,31.0,19.0,5.0,12.31,2.0,85.0,1.0,0.0,2.0,2.0,6.83333333333333,0.0,2.0,0.0,0.0,1.0,0.0,1.0,1.0,0.52964354,0.47035646,3
1496,28,1.0,0.0,2.0,15.0,0.0,0.0,4.0,1.0,1.0,19.0,5.0,2.42,2.0,85.0,1.0,0.0,2.0,2.0,6.83333333333333,0.0,2.0,0.0,0.0,0.0,0.0,1.0,1.0,0.66869056,0.33130947,2
1496,29,1.0,0.0,2.0,15.0,0.0,0.0,0.0,1.0,6.0,19.0,5.0,0.07,2.0,85.0,1.0,0.0,2.0,2.0,6.83333333333333,0.0,2.0,0.0,0.0,1.0,0.0,1.0,1.0,0.60297847,0.3970215,2
1504,0,0.0,0.0,1.0,1.0,0.0,2.0,1.0,1.0,7.0,6.0,6.0,0.95,4.0,86.0,2.0,1.0,0.0,1.0,49.0,1.0,1.0,0.0,0.0,0.0,0.0,1.0,0.0,0.9314709,0.06852911,2
1504,1,0.0,0.0,1.0,1.0,0.0,2.0,1.0,1.0,7.0,6.0,6.0,0.95,0.0,86.0,2.0,1.0,0.0,1.0,29.8,1.0,1.0,0.0,0.0,0.0,0.0,1.0,0.0,0.87412083,0.12587915,1
1504,2,0.0,0.0,1.0,1.0,0.0,2.0,1.0,1.0,7.0,6.0,6.0,0.95,12.0,86.0,2.0,1.0,0.0,1.0,1.84615384615385,1.0,1.0,0.0,0.0,0.0,0.0,1.0,0.0,0.7239677,0.27603233,1
1504,3,0.0,0.0,1.0,1.0,0.0,2.0,1.0,1.0,7.0,6.0,6.0,0.95,0.0,39.0,2.0,1.0,0.0,1.0,36.3,1.0,1.0,0.0,0.0,0.0,0.0,1.0,0.0,0.8643267,0.13567325,2
1504,4,0.0,0.0,1.0,1.0,0.0,2.0,1.0,1.0,7.0,6.0,6.0,0.95,0.0,86.0,2.0,1.0,0.0,1.0,41.0,1.0,1.0,0.0,0.0,0.0,0.0,1.0,0.0,0.87412083,0.12587915,1
1504,5,0.0,0.0,1.0,1.0,0.0,2.0,1.0,1.0,7.0,6.0,6.0,0.95,0.0,86.0,2.0,1.0,0.0,1.0,39.6,1.0,1.0,0.0,0.0,0.0,0.0,1.0,0.0,0.87412083,0.12587915,1
1504,6,0.0,0.0,1.0,1.0,0.0,2.0,1.0,1.0,7.0,33.0,6.0,0.95,0.0,86.0,2.0,1.0,0.0,1.0,1.84615384615385,1.0,1.0,0.0,0.0,1.0,0.0,1.0,0.0,0.9979145,0.00208548,2
1504,7,0.0,0.0,1.0,1.0,0.0,2.0,1.0,1.0,7.0,59.0,6.0,0.95,0.0,86.0,2.0,1.0,0.0,1.0,31.7,1.0,1.0,0.0,0.0,0.0,0.0,1.0,0.0,0.78817093,0.21182904,2
1504,8,0.0,0.0,1.0,1.0,0.0,2.0,1.0,1.0,7.0,6.0,6.0,0.95,0.0,69.0,2.0,1.0,0.0,1.0,31.4,1.0,1.0,0.0,0.0,0.0,0.0,1.0,0.0,0.8894078,0.110592194,2
1504,9,0.0,0.0,1.0,1.0,0.0,2.0,1.0,1.0,7.0,6.0,6.0,0.95,4.0,86.0,2.0,1.0,0.0,1.0,1.84615384615385,1.0,1.0,0.0,0.0,0.5,0.0,1.0,0.0,0.5390416,0.46095842,2
1504,10,0.0,0.0,1.0,1.0,0.0,2.0,1.0,1.0,7.0,6.0,6.0,0.95,0.0,86.0,2.0,1.0,0.0,1.0,31.8,1.0,1.0,0.0,0.0,0.0,0.0,1.0,0.0,0.87412083,0.12587915,1
1504,11,0.0,0.0,1.0,1.0,0.0,2.0,1.0,1.0,7.0,16.0,6.0,0.95,11.0,86.0,2.0,1.0,0.0,1.0,1.84615384615385,1.0,1.0,0.0,0.0,0.0,0.0,1.0,0.0,0.6320151,0.36798486,2
1504,12,0.0,0.0,1.0,1.0,0.0,2.0,1.0,1.0,7.0,66.0,6.0,0.95,0.0,86.0,2.0,1.0,0.0,1.0,1.84615384615385,1.0,1.0,0.0,0.0,0.8,0.0,1.0,0.0,0.9019588,0.0980412,2
1504,13,0.0,0.0,1.0,1.0,0.0,2.0,1.0,1.0,7.0,6.0,6.0,0.95,15.0,43.0,2.0,1.0,0.0,1.0,1.84615384615385,1.0,1.0,0.0,0.0,0.0,0.0,1.0,0.0,0.90122396,0.09877603,2
1504,14,0.0,0.0,1.0,1.0,0.0,2.0,1.0,1.0,7.0,6.0,6.0,0.95,4.0,86.0,2.0,1.0,0.0,1.0,28.9,1.0,1.0,0.0,0.0,0.0,0.0,1.0,0.0,0.9314709,0.06852911,2
1504,15,0.0,0.0,1.0,1.0,0.0,2.0,1.0,1.0,7.0,6.0,6.0,0.95,0.0,86.0,2.0,1.0,0.0,1.0,22.0,1.0,1.0,0.0,0.0,0.0,0.0,1.0,0.0,0.87412083,0.12587915,1
1504,16,0.0,0.0,1.0,1.0,0.0,2.0,1.0,1.0,7.0,6.0,6.0,0.95,0.0,69.0,2.0,1.0,0.0,1.0,39.7,1.0,1.0,0.0,0.0,0.0,0.0,1.0,0.0,0.8894078,0.110592194,2
1504,17,0.0,0.0,1.0,1.0,0.0,2.0,1.0,1.0,7.0,17.0,6.0,0.95,9.0,86.0,2.0,1.0,0.0,1.0,1.84615384615385,1.0,1.0,0.0,0.0,0.0,0.0,1.0,0.0,0.6320151,0.36798486,2
1504,18,0.0,0.0,1.0,1.0,0.0,2.0,1.0,1.0,7.0,6.0,6.0,0.95,0.0,86.0,2.0,1.0,0.0,1.0,3.6,1.0,1.0,0.0,0.0,0.0,0.0,1.0,0.0,0.9288067,0.0711933,1
1504,19,0.0,0.0,1.0,1.0,0.0,2.0,1.0,1.0,7.0,6.0,6.0,0.95,0.0,86.0,2.0,1.0,0.0,1.0,29.5,1.0,1.0,0.0,0.0,0.0,0.0,1.0,0.0,0.87412083,0.12587915,1
1504,20,0.0,0.0,1.0,1.0,0.0,2.0,1.0,1.0,7.0,6.0,6.0,0.95,0.0,5.0,2.0,1.0,0.0,1.0,1.84615384615385,1.0,1.0,0.0,0.0,0.0,0.0,1.0,0.0,0.7946151,0.20538493,1
1504,21,0.0,0.0,1.0,1.0,0.0,2.0,1.0,1.0,7.0,6.0,6.0,0.95,0.0,86.0,2.0,1.0,0.0,1.0,21.5,1.0,1.0,0.0,0.0,0.7,0.0,1.0,0.0,0.8754104,0.12458963,2
1504,22,0.0,0.0,1.0,1.0,0.0,2.0,1.0,1.0,7.0,23.0,6.0,0.95,0.0,59.0,2.0,1.0,0.0,1.0,1.84615384615385,1.0,1.0,0.0,0.0,0.0,0.0,1.0,0.0,0.5749341,0.42506588,2
1504,23,0.0,0.0,1.0,1.0,0.0,2.0,1.0,1.0,7.0,3.0,6.0,0.95,7.0,86.0,2.0,1.0,0.0,1.0,1.84615384615385,1.0,1.0,0.0,0.0,0.0,0.0,1.0,0.0,0.6840206,0.31597942,2
1504,24,0.0,0.0,1.0,1.0,0.0,2.0,1.0,1.0,7.0,39.0,6.0,0.95,11.0,86.0,2.0,1.0,0.0,1.0,1.84615384615385,1.0,1.0,0.0,0.0,0.0,0.0,1.0,0.0,0.6320151,0.36798486,2
1504,25,0.0,0.0,1.0,1.0,0.0,2.0,1.0,1.0,7.0,50.0,6.0,0.95,0.0,17.0,2.0,1.0,0.0,1.0,1.84615384615385,1.0,1.0,0.0,0.0,0.0,0.0,1.0,0.0,0.71404076,0.28595927,2
1504,26,0.0,0.0,1.0,1.0,0.0,2.0,1.0,1.0,7.0,6.0,6.0,0.95,0.0,86.0,2.0,1.0,0.0,1.0,10.1,1.0,1.0,0.0,0.0,0.0,0.0,1.0,0.0,0.87412083,0.12587915,1
1504,27,0.0,0.0,1.0,1.0,0.0,2.0,1.0,1.0,7.0,6.0,6.0,0.95,0.0,86.0,2.0,1.0,0.0,1.0,12.4,1.0,1.0,0.0,0.0,0.5,0.0,1.0,0.0,0.87412083,0.12587915,2
1504,28,0.0,0.0,1.0,1.0,0.0,2.0,1.0,1.0,7.0,2.0,6.0,0.95,0.0,54.0,2.0,1.0,0.0,1.0,1.84615384615385,1.0,1.0,0.0,0.0,0.0,0.0,1.0,0.0,0.7618163,0.23818368,2
1504,29,0.0,0.0,1.0,1.0,0.0,2.0,1.0,1.0,7.0,6.0,6.0,0.95,0.0,2.0,2.0,1.0,0.0,1.0,2.3,1.0,1.0,0.0,0.0,0.0,0.0,1.0,0.0,0.84779185,0.15220816,2
1505,0,0.0,0.0,1.0,2.0,0.0,1.0,2.0,2.0,0.0,0.0,6.0,5.41,1.0,40.0,2.0,0.0,3.0,2.0,4.0,0.0,0.0,0.0,0.0,0.6,0.0,1.0,0.0,0.7813315,0.21866852,2
1505,1,0.0,0.0,1.0,2.0,0.0,1.0,2.0,2.0,0.0,18.0,6.0,0.27,1.0,40.0,2.0,0.0,3.0,2.0,4.0,0.0,0.0,0.0,0.0,0.0,0.0,1.0,0.0,0.56869173,0.43130824,1
1505,2,0.0,0.0,1.0,2.0,0.0,1.0,2.0,2.0,0.0,0.0,6.0,3.04,1.0,40.0,2.0,0.0,3.0,2.0,4.0,0.0,0.0,0.0,0.0,0.5,0.0,1.0,0.0,0.8820528,0.11794719,2
1505,3,0.0,0.0,1.0,2.0,0.0,1.0,2.0,2.0,0.0,50.0,6.0,0.27,1.0,40.0,2.0,0.0,3.0,2.0,4.0,0.0,0.0,0.0,0.0,0.0,0.0,1.0,0.0,0.56869173,0.43130824,1
1505,4,0.0,0.0,1.0,2.0,0.0,1.0,3.0,2.0,0.0,0.0,6.0,0.27,1.0,68.0,2.0,0.0,3.0,2.0,4.0,0.0,0.0,0.0,0.0,0.0,0.0,1.0,0.0,0.5124531,0.48754695,2
1505,5,0.0,0.0,1.0,2.0,0.0,1.0,2.0,2.0,0.0,0.0,6.0,1.82,1.0,24.0,2.0,0.0,3.0,2.0,4.0,0.0,0.0,0.0,0.0,0.0,0.0,1.0,0.0,0.8466158,0.15338421,2
1505,6,0.0,0.0,1.0,2.0,0.0,1.0,2.0,2.0,0.0,0.0,6.0,4.96,1.0,49.0,2.0,0.0,3.0,2.0,4.0,0.0,0.0,0.0,0.0,0.0,0.0,1.0,0.0,0.86078525,0.13921474,2
1505,7,0.0,0.0,1.0,2.0,0.0,1.0,2.0,2.0,0.0,0.0,6.0,9.61,1.0,40.0,2.0,0.0,3.0,2.0,4.0,0.0,0.0,0.0,0.0,0.0,0.0,1.0,0.0,0.83603466,0.16396531,1
1505,8,0.0,0.0,1.0,2.0,0.0,1.0,2.0,2.0,0.0,0.0,6.0,8.23,1.0,40.0,2.0,0.0,3.0,2.0,4.0,0.0,0.0,0.0,0.0,0.0,0.0,1.0,0.0,0.83603466,0.16396531,1
1505,9,0.0,0.0,1.0,2.0,0.0,1.0,2.0,2.0,0.0,63.0,6.0,0.27,1.0,40.0,2.0,0.0,3.0,2.0,4.0,0.0,0.0,0.0,0.0,0.4,0.0,1.0,0.0,0.56869173,0.43130824,2
1505,10,0.0,0.0,1.0,2.0,0.0,1.0,2.0,2.0,0.0,0.0,6.0,1.76,1.0,40.0,2.0,0.0,3.0,2.0,4.0,0.0,0.0,0.0,0.0,0.0,0.0,1.0,0.0,0.83633524,0.16366476,1
1505,11,0.0,0.0,1.0,2.0,0.0,1.0,1.0,2.0,0.0,15.0,6.0,0.27,1.0,40.0,2.0,0.0,3.0,2.0,4.0,0.0,0.0,0.0,0.0,0.0,0.0,1.0,0.0,0.69918084,0.30081913,2
1505,12,0.0,0.0,1.0,2.0,0.0,1.0,2.0,2.0,0.0,0.0,6.0,1.82,1.0,40.0,2.0,0.0,3.0,2.0,4.0,0.0,0.0,0.0,0.0,0.0,0.0,1.0,0.0,0.85013175,0.14986823,1
1505,13,0.0,0.0,1.0,2.0,0.0,1.0,2.0,2.0,0.0,0.0,6.0,1.52,1.0,40.0,2.0,0.0,3.0,2.0,4.0,0.0,0.0,0.0,0.0,0.0,0.0,1.0,0.0,0.80843997,0.19156002,1
1505,14,0.0,0.0,1.0,2.0,0.0,1.0,3.0,2.0,0.0,0.0,6.0,0.27,1.0,87.0,2.0,0.0,3.0,2.0,4.0,0.0,0.0,0.0,0.0,0.0,0.0,1.0,0.0,0.74579984,0.25420016,2
1505,15,0.0,0.0,1.0,2.0,0.0,1.0,2.0,2.0,0.0,58.0,6.0,0.27,1.0,40.0,2.0,0.0,3.0,2.0,4.0,0.0,0.0,0.0,0.0,1.1,0.0,1.0,0.0,0.9835331,0.01646694,2
1505,16,0.0,0.0,1.0,2.0,0.0,1.0,2.0,2.0,0.0,0.0,6.0,7.05,1.0,40.0,2.0,0.0,3.0,2.0,4.0,0.0,0.0,0.0,0.0,0.0,0.0,1.0,0.0,0.83603466,0.16396531,1
1505,17,0.0,0.0,1.0,2.0,0.0,1.0,2.0,2.0,0.0,0.0,6.0,2.71,1.0,40.0,2.0,0.0,3.0,2.0,4.0,0.0,0.0,0.0,0.0,0.0,0.0,1.0,0.0,0.86210155,0.13789843,1
1505,18,0.0,0.0,1.0,2.0,0.0,1.0,2.0,2.0,0.0,0.0,6.0,1.46,1.0,46.0,2.0,0.0,3.0,2.0,4.0,0.0,0.0,0.0,0.0,0.0,0.0,1.0,0.0,0.8034561,0.19654389,2
1505,19,0.0,0.0,1.0,2.0,0.0,1.0,2.0,2.0,0.0,5.0,6.0,0.27,1.0,3.0,2.0,0.0,3.0,2.0,4.0,0.0,0.0,0.0,0.0,0.0,0.0,1.0,0.0,0.7098397,0.29016027,2
1505,20,0.0,0.0,1.0,2.0,0.0,1.0,2.0,2.0,0.0,0.0,6.0,5.57,1.0,40.0,2.0,0.0,3.0,2.0,4.0,0.0,0.0,0.0,0.0,0.0,0.0,1.0,0.0,0.83603466,0.16396531,1
1505,21,0.0,0.0,1.0,2.0,0.0,1.0,2.0,2.0,0.0,43.0,6.0,0.27,1.0,40.0,2.0,0.0,3.0,2.0,4.0,0.0,0.0,0.0,0.0,0.3,0.0,1.0,0.0,0.56869173,0.43130824,2
1505,22,0.0,0.0,1.0,2.0,0.0,1.0,2.0,2.0,0.0,29.0,6.0,0.27,1.0,40.0,2.0,0.0,3.0,2.0,4.0,0.0,0.0,0.0,0.0,0.0,0.0,1.0,0.0,0.56869173,0.43130824,1
1505,23,0.0,0.0,1.0,2.0,0.0,1.0,2.0,2.0,0.0,0.0,6.0,10.16,1.0,40.0,2.0,0.0,3.0,2.0,4.0,0.0,0.0,0.0,0.0,0.0,0.0,1.0,0.0,0.83603466,0.16396531,1
1505,24,0.0,0.0,1.0,2.0,0.0,1.0,2.0,2.0,0.0,61.0,6.0,4.32,1.0,40.0,2.0,0.0,3.0,2.0,4.0,0.0,0.0,0.0,0.0,0.0,0.0,1.0,0.0,0.92680585,0.07319417,2
1505,25,0.0,0.0,1.0,2.0,0.0,1.0,2.0,2.0,0.0,0.0,6.0,4.24,1.0,40.0,2.0,0.0,3.0,2.0,4.0,0.0,0.0,0.0,0.0,0.6,0.0,1.0,0.0,0.87064326,0.12935677,2
1505,26,0.0,0.0,1.0,2.0,0.0,1.0,2.0,2.0,0.0,0.0,6.0,7.13,1.0,40.0,2.0,0.0,3.0,2.0,4.0,0.0,0.0,0.0,0.0,0.0,0.0,1.0,0.0,0.83603466,0.16396531,1
1505,27,0.0,0.0,1.0,2.0,0.0,1.0,2.0,2.0,0.0,49.0,6.0,10.95,1.0,40.0,2.0,0.0,3.0,2.0,4.0,0.0,0.0,0.0,0.0,0.0,0.0,1.0,0.0,0.8996939,0.100306116,2
1505,28,0.0,0.0,1.0,2.0,0.0,1.0,0.0,2.0,0.0,0.0,6.0,0.27,1.0,77.0,2.0,0.0,3.0,2.0,4.0,0.0,0.0,0.0,0.0,0.0,0.0,1.0,0.0,0.9126261,0.08737392,2
1505,29,0.0,0.0,1.0,2.0,0.0,1.0,2.0,2.0,0.0,0.0,6.0,7.73,1.0,40.0,2.0,0.0,3.0,2.0,4.0,0.0,0.0,0.0,0.0,0.8,0.0,1.0,0.0,0.8777928,0.12220724,2
1506,0,0.0,0.0,1.0,4.0,0.0,0.0,3.0,4.0,0.0,2.0,6.0,0.22,1.0,100.0,2.0,0.0,2.0,2.0,26.2,0.0,2.0,0.0,0.0,0.0,0.0,1.0,0.0,0.93482,0.065179996,2
1506,1,0.0,0.0,1.0,0.0,0.0,0.0,3.0,4.0,0.0,2.0,6.0,0.22,1.0,100.0,2.0,0.0,2.0,6.0,1.16666666666667,0.0,2.0,0.0,0.0,0.0,0.0,1.0,0.0,0.7761261,0.22387393,1
1506,2,0.0,0.0,1.0,0.0,0.0,0.0,3.0,4.0,0.0,2.0,6.0,0.22,5.0,100.0,2.0,0.0,2.0,2.0,42.1,0.0,2.0,0.0,0.0,0.0,0.0,1.0,0.0,0.9315445,0.068455495,2
1506,3,0.0,0.0,1.0,0.0,0.0,0.0,3.0,4.0,0.0,2.0,6.0,0.22,1.0,100.0,2.0,0.0,2.0,2.0,1.16666666666667,0.0,2.0,0.0,0.0,1.0,0.0,1.0,0.0,0.9988518,0.0011481976,1
1506,4,0.0,0.0,1.0,23.0,0.0,0.0,3.0,4.0,0.0,2.0,6.0,0.22,0.0,100.0,2.0,0.0,2.0,2.0,1.16666666666667,0.0,2.0,0.0,0.0,0.0,0.0,1.0,0.0,0.8308979,0.16910206,2
1506,5,0.0,0.0,1.0,0.0,0.0,0.0,3.0,4.0,0.0,2.0,6.0,0.22,12.0,100.0,2.0,0.0,2.0,8.0,1.16666666666667,0.0,2.0,0.0,0.0,0.0,0.0,1.0,0.0,0.9130558,0.086944215,2
1506,6,0.0,0.0,1.0,14.0,0.0,0.0,3.0,4.0,0.0,2.0,6.0,0.22,1.0,100.0,2.0,0.0,2.0,2.0,1.16666666666667,0.0,2.0,0.0,0.0,0.6,0.0,1.0,0.0,0.6857387,0.31426132,2
1506,7,0.0,0.0,1.0,0.0,0.0,0.0,3.0,4.0,0.0,2.0,6.0,0.22,1.0,100.0,2.0,0.0,2.0,2.0,27.8,0.0,2.0,0.0,0.0,0.0,0.0,1.0,0.0,0.83159757,0.16840246,1
1506,8,0.0,0.0,1.0,0.0,0.0,0.0,3.0,4.0,0.0,2.0,6.0,0.22,1.0,100.0,2.0,0.0,2.0,2.0,32.2,0.0,2.0,0.0,0.0,0.0,0.0,1.0,0.0,0.83159757,0.16840246,1
1506,9,0.0,0.0,1.0,0.0,0.0,0.0,3.0,4.0,0.0,2.0,6.0,0.22,1.0,100.0,2.0,0.0,2.0,2.0,44.4,0.0,2.0,0.0,0.0,1.0,0.0,1.0,0.0,0.99863833,0.0013616566,2
1506,10,0.0,0.0,1.0,0.0,0.0,0.0,3.0,4.0,0.0,2.0,6.0,0.22,1.0,100.0,2.0,0.0,2.0,2.0,41.3,0.0,2.0,0.0,0.0,0.9,0.0,1.0,0.0,0.97046196,0.029538032,2
1506,11,0.0,0.0,1.0,0.0,0.0,0.0,3.0,4.0,0.0,2.0,6.0,0.22,1.0,100.0,2.0,0.0,2.0,7.0,4.3,0.0,2.0,0.0,0.0,0.0,0.0,1.0,0.0,0.9579205,0.042079493,2
1506,12,0.0,0.0,1.0,0.0,0.0,0.0,3.0,4.0,0.0,2.0,6.0,0.22,1.0,100.0,2.0,0.0,2.0,2.0,12.4,0.0,2.0,0.0,0.0,0.0,0.0,1.0,0.0,0.83159757,0.16840246,1
1506,13,0.0,0.0,1.0,0.0,0.0,0.0,3.0,4.0,0.0,2.0,6.0,0.22,1.0,100.0,2.0,0.0,2.0,2.0,5.5,0.0,2.0,0.0,0.0,0.0,0.0,1.0,0.0,0.9485013,0.051498692,1
1506,14,0.0,0.0,1.0,0.0,0.0,0.0,3.0,4.0,0.0,2.0,6.0,0.22,9.0,100.0,2.0,0.0,2.0,2.0,1.16666666666667,0.0,2.0,0.0,0.0,0.8,0.0,1.0,0.0,0.9332368,0.066763215,2
1506,15,0.0,0.0,1.0,23.0,0.0,0.0,3.0,4.0,0.0,2.0,6.0,0.22,1.0,100.0,2.0,0.0,2.0,2.0,1.16666666666667,0.0,2.0,0.0,0.0,1.1,0.0,1.0,0.0,0.9991532,0.0008467827,2
1506,16,0.0,0.0,1.0,0.0,0.0,0.0,3.0,4.0,0.0,2.0,6.0,0.22,1.0,100.0,2.0,0.0,2.0,2.0,21.6,0.0,2.0,0.0,0.0,0.0,0.0,1.0,0.0,0.83159757,0.16840246,1
1506,17,0.0,0.0,1.0,0.0,0.0,0.0,3.0,4.0,0.0,2.0,6.0,0.22,1.0,100.0,2.0,0.0,2.0,2.0,23.2,0.0,2.0,0.0,0.0,0.0,0.0,1.0,0.0,0.83159757,0.16840246,1
1506,18,0.0,0.0,1.0,0.0,0.0,0.0,3.0,4.0,0.0,2.0,6.0,0.22,4.0,100.0,2.0,0.0,2.0,1.0,1.16666666666667,0.0,2.0,0.0,0.0,0.0,0.0,1.0,0.0,0.6446966,0.3553034,2
1506,19,0.0,0.0,1.0,3.0,0.0,0.0,3.0,4.0,0.0,2.0,6.0,0.22,1.0,100.0,2.0,0.0,2.0,2.0,36.1,0.0,2.0,0.0,0.0,0.0,0.0,1.0,0.0,0.8847301,0.11526992,2
1506,20,0.0,0.0,1.0,0.0,0.0,0.0,3.0,4.0,0.0,2.0,6.0,0.22,1.0,100.0,2.0,0.0,2.0,3.0,1.16666666666667,0.0,2.0,0.0,0.0,0.0,0.0,1.0,0.0,0.7761261,0.22387393,1
1506,21,0.0,0.0,1.0,0.0,0.0,0.0,3.0,4.0,0.0,2.0,6.0,0.22,1.0,100.0,2.0,0.0,2.0,4.0,31.2,0.0,2.0,0.0,0.0,0.0,0.0,1.0,0.0,0.92750335,0.07249663,2
1506,22,0.0,0.0,1.0,0.0,0.0,0.0,3.0,4.0,0.0,2.0,6.0,0.22,1.0,100.0,2.0,0.0,2.0,5.0,1.16666666666667,0.0,2.0,0.0,0.0,0.0,0.0,1.0,0.0,0.7761261,0.22387393,1
1506,23,0.0,0.0,1.0,0.0,0.0,0.0,3.0,4.0,0.0,2.0,6.0,0.22,1.0,100.0,2.0,0.0,2.0,2.0,11.8,0.0,2.0,0.0,0.0,0.0,0.0,1.0,0.0,0.83159757,0.16840246,1
1506,24,0.0,0.0,1.0,5.0,0.0,0.0,3.0,4.0,0.0,2.0,6.0,0.22,1.0,100.0,2.0,0.0,2.0,2.0,1.16666666666667,0.0,2.0,0.0,0.0,0.8,0.0,1.0,0.0,0.9298296,0.0701704,2
1506,25,0.0,0.0,1.0,8.0,0.0,0.0,3.0,4.0,0.0,2.0,6.0,0.22,1.0,100.0,2.0,0.0,2.0,4.0,1.16666666666667,0.0,2.0,0.0,0.0,0.0,0.0,1.0,0.0,0.89868516,0.10131485,2
1506,26,0.0,0.0,1.0,0.0,0.0,0.0,3.0,4.0,0.0,2.0,6.0,0.22,1.0,100.0,2.0,0.0,2.0,2.0,4.4,0.0,2.0,0.0,0.0,0.4,0.0,1.0,0.0,0.9117733,0.08822667,2
1506,27,0.0,0.0,1.0,6.0,0.0,0.0,3.0,4.0,0.0,2.0,6.0,0.22,10.0,100.0,2.0,0.0,2.0,2.0,1.16666666666667,0.0,2.0,0.0,0.0,0.0,0.0,1.0,0.0,0.91170347,0.08829656,2
1506,28,0.0,0.0,1.0,0.0,0.0,0.0,3.0,4.0,0.0,2.0,6.0,0.22,15.0,100.0,2.0,0.0,2.0,2.0,5.5,0.0,2.0,0.0,0.0,0.0,0.0,1.0,0.0,0.9806779,0.019322105,2
1506,29,0.0,0.0,1.0,0.0,0.0,0.0,3.0,4.0,0.0,2.0,6.0,0.22,13.0,100.0,2.0,0.0,2.0,2.0,47.7,0.0,2.0,0.0,0.0,0.0,0.0,1.0,0.0,0.9315445,0.068455495,2
1582,0,5.0,0.0,1.0,5.0,3.0,1.0,2.0,3.0,2.0,12.0,9.0,0.24,7.0,88.0,1.0,22.0,8.0,2.0,3.25,0.0,0.0,0.0,0.0,0.0,0.0,2.0,2.0,0.91293275,0.087067224,2
1582,1,5.0,0.0,1.0,23.0,3.0,1.0,2.0,3.0,2.0,12.0,9.0,0.24,0.0,88.0,1.0,39.0,8.0,2.0,3.25,0.0,0.0,0.0,0.0,0.0,0.0,2.0,2.0,0.7461638,0.2538362,2
1582,2,5.0,0.0,1.0,7.0,3.0,1.0,2.0,3.0,2.0,12.0,9.0,0.24,0.0,88.0,1.0,28.0,8.0,2.0,3.25,0.0,0.0,0.0,0.0,0.0,0.0,2.0,2.0,0.7461638,0.2538362,2
1582,3,5.0,0.0,1.0,22.0,3.0,1.0,2.0,3.0,2.0,12.0,9.0,0.24,0.0,88.0,1.0,11.0,8.0,2.0,3.25,0.0,0.0,0.0,0.0,0.0,0.0,2.0,2.0,0.7461638,0.2538362,2
1582,4,5.0,0.0,1.0,5.0,3.0,1.0,2.0,3.0,2.0,12.0,9.0,0.24,10.0,88.0,1.0,22.0,8.0,2.0,3.25,0.0,0.0,0.0,0.0,0.0,0.0,2.0,2.0,0.91293275,0.087067224,2
1582,5,5.0,0.0,1.0,5.0,3.0,1.0,2.0,3.0,2.0,12.0,9.0,0.24,14.0,88.0,1.0,0.0,8.0,2.0,3.25,0.0,0.0,0.0,0.0,0.0,0.0,2.0,2.0,0.6800444,0.31995556,1
1582,6,5.0,0.0,1.0,23.0,3.0,1.0,2.0,3.0,2.0,12.0,9.0,0.24,6.0,88.0,1.0,0.0,8.0,2.0,3.25,0.0,0.0,0.0,0.0,0.0,0.0,2.0,2.0,0.6800444,0.31995556,2
1582,7,5.0,0.0,1.0,5.0,3.0,1.0,2.0,3.0,2.0,12.0,9.0,0.24,0.0,88.0,1.0,21.0,5.0,2.0,3.25,0.0,0.0,0.0,0.0,0.0,0.0,2.0,2.0,0.8739587,0.12604131,2
1582,8,5.0,0.0,1.0,19.0,3.0,1.0,2.0,3.0,2.0,12.0,9.0,0.24,11.0,88.0,1.0,0.0,8.0,2.0,3.25,0.0,0.0,0.0,0.0,0.0,0.0,2.0,2.0,0.6800444,0.31995556,2
1582,9,5.0,0.0,1.0,5.0,3.0,1.0,2.0,3.0,2.0,12.0,9.0,0.24,15.0,88.0,1.0,0.0,4.0,2.0,3.25,0.0,0.0,0.0,0.0,0.0,0.0,2.0,2.0,0.7736125,0.2263875,2
1582,10,5.0,0.0,1.0,14.0,3.0,1.0,2.0,3.0,2.0,12.0,9.0,0.24,13.0,88.0,1.0,0.0,8.0,2.0,3.25,0.0,0.0,0.0,0.0,0.0,0.0,2.0,2.0,0.6800444,0.31995556,2
1582,11,5.0,0.0,1.0,5.0,3.0,1.0,2.0,3.0,2.0,12.0,9.0,0.24,5.0,88.0,1.0,16.0,8.0,2.0,3.25,0.0,0.0,0.0,0.0,0.0,0.0,2.0,2.0,0.91293275,0.087067224,2
1582,12,5.0,0.0,1.0,23.0,3.0,1.0,2.0,3.0,2.0,12.0,9.0,0.24,0.0,88.0,1.0,2.0,8.0,2.0,3.25,0.0,0.0,0.0,0.0,0.0,0.0,2.0,2.0,0.676404,0.32359603,2
1582,13,5.0,0.0,1.0,5.0,3.0,1.0,2.0,3.0,2.0,12.0,9.0,12.15,13.0,88.0,1.0,0.0,8.0,2.0,3.25,0.0,0.0,0.0,0.0,0.0,0.0,2.0,2.0,0.72009706,0.27990294,2
1582,14,5.0,0.0,1.0,5.0,3.0,1.0,2.0,3.0,2.0,12.0,9.0,7.63,5.0,88.0,1.0,0.0,8.0,2.0,3.25,0.0,0.0,0.0,0.0,0.0,0.0,2.0,2.0,0.72009706,0.27990294,2
1582,15,5.0,0.0,1.0,5.0,3.0,1.0,2.0,3.0,2.0,12.0,9.0,10.12,15.0,88.0,1.0,0.0,8.0,2.0,3.25,0.0,0.0,0.0,0.0,0.0,0.0,2.0,2.0,0.72009706,0.27990294,2
1582,16,5.0,0.0,1.0,5.0,3.0,1.0,2.0,3.0,2.0,12.0,9.0,4.96,13.0,88.0,1.0,0.0,8.0,2.0,3.25,0.0,0.0,0.0,0.0,0.0,0.0,2.0,2.0,0.7561016,0.24389839,2
1582,17,5.0,0.0,1.0,5.0,3.0,1.0,2.0,3.0,2.0,12.0,9.0,9.04,0.0,88.0,1.0,12.0,8.0,2.0,3.25,0.0,0.0,0.0,0.0,0.0,0.0,2.0,2.0,0.79099053,0.20900945,2
1582,18,5.0,0.0,1.0,5.0,3.0,1.0,2.0,3.0,2.0,12.0,9.0,0.24,0.0,88.0,1.0,14.0,5.0,2.0,3.25,0.0,0.0,0.0,0.0,0.0,0.0,2.0,2.0,0.8739587,0.12604131,2
1582,19,5.0,0.0,1.0,5.0,3.0,1.0,2.0,3.0,2.0,12.0,9.0,0.24,0.0,88.0,1.0,29.0,8.0,2.0,3.25,0.0,0.0,0.0,0.0,0.0,0.0,2.0,2.0,0.7461638,0.2538362,1
1582,20,5.0,0.0,1.0,15.0,3.0,1.0,2.0,3.0,2.0,12.0,9.0,0.24,12.0,88.0,1.0,0.0,8.0,2.0,3.25,0.0,0.0,0.0,0.0,0.0,0.0,2.0,2.0,0.6800444,0.31995556,2
1582,21,5.0,0.0,1.0,5.0,3.0,1.0,2.0,3.0,2.0,12.0,9.0,0.24,6.0,88.0,1.0,45.0,8.0,2.0,3.25,0.0,0.0,0.0,0.0,0.0,0.0,2.0,2.0,0.91293275,0.087067224,2
1582,22,5.0,0.0,1.0,5.0,3.0,1.0,2.0,3.0,2.0,12.0,9.0,10.01,14.0,88.0,1.0,0.0,8.0,2.0,3.25,0.0,0.0,0.0,0.0,0.0,0.0,2.0,2.0,0.72009706,0.27990294,2
1582,23,5.0,0.0,1.0,5.0,3.0,1.0,2.0,3.0,2.0,12.0,9.0,4.3,0.0,88.0,1.0,23.0,8.0,2.0,3.25,0.0,0.0,0.0,0.0,0.0,0.0,2.0,2.0,0.8423352,0.15766478,2
1582,24,5.0,0.0,1.0,5.0,3.0,1.0,2.0,3.0,2.0,12.0,9.0,2.0,0.0,88.0,1.0,12.0,8.0,2.0,3.25,0.0,0.0,0.0,0.0,0.0,0.0,2.0,2.0,0.8170589,0.18294108,2
1582,25,5.0,0.0,1.0,18.0,3.0,1.0,2.0,3.0,2.0,12.0,9.0,0.24,5.0,88.0,1.0,0.0,8.0,2.0,3.25,0.0,0.0,0.0,0.0,0.0,0.0,2.0,2.0,0.6800444,0.31995556,2
1582,26,5.0,0.0,1.0,17.0,3.0,1.0,2.0,3.0,2.0,12.0,9.0,0.24,0.0,88.0,1.0,40.0,8.0,2.0,3.25,0.0,0.0,0.0,0.0,0.0,0.0,2.0,2.0,0.7461638,0.2538362,2
1582,27,5.0,0.0,1.0,5.0,3.0,1.0,2.0,3.0,2.0,12.0,9.0,11.14,11.0,88.0,1.0,0.0,8.0,2.0,3.25,0.0,0.0,0.0,0.0,0.0,0.0,2.0,2.0,0.72009706,0.27990294,2
1582,28,5.0,0.0,1.0,5.0,3.0,1.0,2.0,3.0,2.0,12.0,9.0,10.22,0.0,88.0,1.0,24.0,8.0,2.0,3.25,0.0,0.0,0.0,0.0,0.0,0.0,2.0,2.0,0.79099053,0.20900945,2
1582,29,5.0,0.0,1.0,5.0,3.0,1.0,2.0,3.0,2.0,12.0,9.0,2.81,0.0,88.0,1.0,0.0,7.0,2.0,3.25,0.0,0.0,0.0,0.0,0.0,0.0,2.0,2.0,0.56335926,0.43664077,2
1583,0,6.0,0.0,1.0,1.0,1.0,1.0,0.0,4.0,0.0,9.0,28.0,0.36,0.0,86.0,1.0,0.0,5.0,3.0,45.1,0.0,1.0,0.0,0.0,0.0,0.0,2.0,1.0,0.910322,0.08967799,2
1583,1,6.0,0.0,1.0,1.0,1.0,1.0,2.0,4.0,0.0,9.0,28.0,0.36,0.0,86.0,1.0,0.0,5.0,3.0,47.2,0.0,1.0,0.0,0.0,0.0,0.0,2.0,1.0,0.78209776,0.21790223,1
1583,2,6.0,0.0,1.0,1.0,1.0,1.0,1.0,4.0,0.0,9.0,2.0,0.36,0.0,86.0,1.0,0.0,5.0,3.0,2.44117647058824,0.0,1.0,0.0,0.0,0.0,0.0,2.0,1.0,0.98417985,0.015820159,2
1583,3,6.0,0.0,1.0,1.0,1.0,1.0,2.0,4.0,0.0,9.0,28.0,0.36,15.0,86.0,1.0,0.0,5.0,3.0,20.5,0.0,1.0,0.0,0.0,0.0,0.0,2.0,1.0,0.90893465,0.09106536,2
1583,4,6.0,0.0,1.0,1.0,1.0,1.0,2.0,4.0,0.0,9.0,13.0,0.36,0.0,86.0,1.0,0.0,5.0,3.0,32.2,0.0,1.0,0.0,0.0,0.0,0.0,2.0,1.0,0.9487777,0.05122235,2
1583,5,6.0,0.0,1.0,1.0,1.0,1.0,2.0,4.0,0.0,9.0,28.0,0.36,0.0,86.0,1.0,47.0,5.0,3.0,4.3,0.0,1.0,0.0,0.0,0.0,0.0,2.0,1.0,0.851329,0.14867099,2
1583,6,6.0,0.0,1.0,1.0,1.0,1.0,1.0,4.0,0.0,9.0,28.0,0.36,0.0,86.0,1.0,0.0,5.0,3.0,10.1,0.0,1.0,0.0,0.0,0.0,0.0,2.0,1.0,0.910322,0.08967799,2
1583,7,6.0,0.0,1.0,1.0,1.0,1.0,2.0,4.0,0.0,9.0,28.0,0.36,0.0,86.0,1.0,32.0,5.0,3.0,26.5,0.0,1.0,0.0,0.0,0.0,0.0,2.0,1.0,0.9310039,0.06899608,2
1583,8,6.0,0.0,1.0,1.0,1.0,1.0,2.0,4.0,0.0,9.0,28.0,0.36,0.0,86.0,1.0,0.0,5.0,3.0,51.0,0.0,1.0,0.0,0.0,0.0,0.0,2.0,1.0,0.78209776,0.21790223,1
1583,9,6.0,0.0,1.0,1.0,1.0,1.0,2.0,4.0,0.0,9.0,28.0,0.36,0.0,86.0,1.0,0.0,5.0,3.0,39.9,0.0,1.0,0.0,0.0,0.0,0.0,2.0,1.0,0.78209776,0.21790223,1
1583,10,6.0,0.0,1.0,1.0,1.0,1.0,0.0,4.0,0.0,9.0,28.0,0.36,0.0,86.0,1.0,0.0,5.0,3.0,24.2,0.0,1.0,0.0,0.0,0.0,0.0,2.0,1.0,0.910322,0.08967799,2
1583,11,6.0,0.0,1.0,1.0,1.0,1.0,12.0,4.0,0.0,9.0,28.0,0.36,0.0,86.0,1.0,0.0,5.0,3.0,51.4,0.0,1.0,0.0,0.0,0.0,0.0,2.0,1.0,0.7198547,0.2801453,2
1583,12,6.0,0.0,1.0,1.0,1.0,1.0,2.0,4.0,0.0,9.0,28.0,0.36,3.0,86.0,1.0,0.0,5.0,3.0,36.5,0.0,1.0,0.0,0.0,0.0,0.0,2.0,1.0,0.85017675,0.14982325,2
1583,13,6.0,0.0,1.0,1.0,1.0,1.0,2.0,4.0,0.0,9.0,28.0,0.36,0.0,86.0,1.0,0.0,5.0,3.0,34.2,0.0,1.0,0.0,0.0,0.0,0.0,2.0,1.0,0.78209776,0.21790223,1
1583,14,6.0,0.0,1.0,1.0,1.0,1.0,2.0,4.0,0.0,9.0,28.0,0.36,0.0,86.0,1.0,0.0,5.0,3.0,27.8,0.0,1.0,0.0,0.0,0.0,0.0,2.0,1.0,0.78209776,0.21790223,1
1583,15,6.0,0.0,1.0,1.0,1.0,1.0,2.0,4.0,0.0,9.0,28.0,0.36,0.0,86.0,1.0,36.0,5.0,3.0,31.2,0.0,1.0,0.0,0.0,0.0,0.0,2.0,1.0,0.9310039,0.06899608,2
1583,16,6.0,0.0,1.0,1.0,1.0,1.0,2.0,4.0,0.0,9.0,15.0,0.36,0.0,86.0,1.0,0.0,5.0,3.0,19.7,0.0,1.0,0.0,0.0,0.0,0.0,2.0,1.0,0.9719766,0.028023414,2
1583,17,6.0,0.0,1.0,1.0,1.0,1.0,2.0,4.0,0.0,9.0,28.0,0.36,0.0,86.0,1.0,0.0,5.0,3.0,21.5,0.0,1.0,0.0,0.0,0.0,0.0,2.0,1.0,0.78209776,0.21790223,1
1583,18,6.0,0.0,1.0,1.0,1.0,1.0,2.0,4.0,0.0,9.0,49.0,0.36,0.0,86.0,1.0,0.0,5.0,3.0,46.2,0.0,1.0,0.0,0.0,0.0,0.0,2.0,1.0,0.7821053,0.21789464,2
1583,19,6.0,0.0,1.0,1.0,1.0,1.0,2.0,4.0,0.0,9.0,15.0,0.36,0.0,86.0,1.0,0.0,5.0,3.0,2.44117647058824,0.0,1.0,0.0,0.0,0.0,0.0,2.0,1.0,0.7383485,0.26165152,1
1583,20,6.0,0.0,1.0,1.0,1.0,1.0,2.0,4.0,0.0,9.0,28.0,0.36,0.0,86.0,1.0,39.0,5.0,3.0,51.2,0.0,1.0,0.0,0.0,0.0,0.0,2.0,1.0,0.9310039,0.06899608,2
1583,21,6.0,0.0,1.0,1.0,1.0,1.0,2.0,4.0,0.0,9.0,102.0,0.36,0.0,86.0,1.0,0.0,5.0,3.0,22.4,0.0,1.0,0.0,0.0,0.0,0.0,2.0,1.0,0.7821053,0.21789464,2
1583,22,6.0,0.0,1.0,1.0,1.0,1.0,2.0,4.0,0.0,9.0,28.0,0.36,0.0,86.0,1.0,0.0,5.0,3.0,37.8,0.0,1.0,0.0,0.0,0.0,0.0,2.0,1.0,0.78209776,0.21790223,1
1583,23,6.0,0.0,1.0,1.0,1.0,1.0,2.0,4.0,0.0,9.0,28.0,0.36,15.0,86.0,1.0,37.0,5.0,3.0,2.44117647058824,0.0,1.0,0.0,0.0,0.0,0.0,2.0,1.0,0.61277056,0.38722944,2
1583,24,6.0,0.0,1.0,1.0,1.0,1.0,2.0,4.0,0.0,9.0,28.0,0.36,8.0,86.0,1.0,47.0,5.0,3.0,2.44117647058824,0.0,1.0,0.0,0.0,0.0,0.0,2.0,1.0,0.61277056,0.38722944,2
1583,25,6.0,0.0,1.0,1.0,1.0,1.0,2.0,4.0,0.0,9.0,28.0,0.36,0.0,86.0,1.0,0.0,5.0,3.0,5.9,0.0,1.0,0.0,0.0,0.0,0.0,2.0,1.0,0.7738472,0.22615278,1
1583,26,6.0,0.0,1.0,1.0,1.0,1.0,2.0,4.0,0.0,9.0,28.0,0.36,10.0,86.0,1.0,0.0,5.0,3.0,37.7,0.0,1.0,0.0,0.0,0.0,0.0,2.0,1.0,0.90893465,0.09106536,2
1583,27,6.0,0.0,1.0,1.0,1.0,1.0,2.0,4.0,0.0,9.0,28.0,0.36,0.0,86.0,1.0,0.0,5.0,3.0,26.3,0.0,1.0,0.0,0.0,0.0,0.0,2.0,1.0,0.78209776,0.21790223,1
1583,28,6.0,0.0,1.0,1.0,1.0,1.0,2.0,4.0,0.0,9.0,104.0,0.36,0.0,86.0,1.0,0.0,5.0,3.0,36.0,0.0,1.0,0.0,0.0,0.0,0.0,2.0,1.0,0.7821053,0.21789464,2
1583,29,6.0,0.0,1.0,1.0,1.0,1.0,2.0,4.0,0.0,9.0,28.0,0.36,0.0,86.0,1.0,0.0,5.0,3.0,7.1,0.0,1.0,0.0,0.0,0.0,0.0,2.0,1.0,0.7434485,0.2565515,1
1594,0,2.0,0.0,1.0,0.0,0.0,4.0,1.0,1.0,0.0,3.0,20.0,1.0,6.0,30.0,1.0,0.0,6.0,5.0,2.13636363636364,0.0,1.0,0.0,0.0,0.0,0.0,2.0,1.0,0.7949847,0.20501529,2
1594,1,2.0,0.0,1.0,0.0,0.0,4.0,1.0,1.0,0.0,3.0,20.0,1.0,0.0,80.0,1.0,0.0,6.0,5.0,7.0,0.0,1.0,0.0,0.0,0.0,0.0,2.0,1.0,0.86312544,0.13687454,1
1594,2,2.0,0.0,1.0,0.0,0.0,4.0,1.0,1.0,0.0,3.0,20.0,1.0,5.0,41.0,1.0,0.0,6.0,5.0,2.13636363636364,0.0,1.0,0.0,0.0,0.0,0.0,2.0,1.0,0.6679553,0.33204472,2
1594,3,2.0,0.0,1.0,0.0,0.0,4.0,1.0,1.0,0.0,3.0,38.0,1.0,0.0,80.0,1.0,0.0,6.0,5.0,46.7,0.0,1.0,0.0,0.0,0.0,0.0,2.0,1.0,0.70856154,0.2914385,2
1594,4,2.0,0.0,1.0,0.0,0.0,4.0,1.0,1.0,0.0,3.0,71.0,1.0,0.0,80.0,1.0,0.0,6.0,5.0,45.2,0.0,1.0,0.0,0.0,0.0,0.0,2.0,1.0,0.70856154,0.2914385,2
1594,5,2.0,0.0,1.0,0.0,0.0,4.0,1.0,1.0,0.0,3.0,20.0,1.0,0.0,80.0,1.0,0.0,6.0,5.0,12.0,0.0,1.0,0.0,0.0,0.5,0.0,2.0,1.0,0.8864981,0.11350193,2
1594,6,2.0,0.0,1.0,0.0,0.0,4.0,1.0,1.0,0.0,3.0,20.0,1.0,0.0,3.0,1.0,0.0,6.0,5.0,35.9,0.0,1.0,0.0,0.0,0.0,0.0,2.0,1.0,0.90773547,0.09226456,2
1594,7,2.0,0.0,1.0,0.0,0.0,4.0,1.0,1.0,0.0,3.0,1.0,1.0,0.0,63.0,1.0,0.0,6.0,5.0,2.13636363636364,0.0,1.0,0.0,0.0,0.0,0.0,2.0,1.0,0.74794865,0.25205135,2
1594,8,2.0,0.0,1.0,0.0,0.0,4.0,1.0,1.0,0.0,3.0,20.0,1.0,0.0,80.0,1.0,0.0,6.0,5.0,46.2,0.0,1.0,0.0,0.0,0.0,0.0,2.0,1.0,0.8864981,0.11350193,1
1594,9,2.0,0.0,1.0,0.0,0.0,4.0,1.0,1.0,0.0,3.0,20.0,1.0,12.0,41.0,1.0,0.0,6.0,5.0,2.13636363636364,0.0,1.0,0.0,0.0,0.0,0.0,2.0,1.0,0.6679553,0.33204472,2
1594,10,2.0,0.0,1.0,0.0,0.0,4.0,1.0,1.0,0.0,3.0,20.0,1.0,0.0,80.0,1.0,0.0,6.0,5.0,11.2,0.0,1.0,0.0,0.0,0.5,0.0,2.0,1.0,0.8864981,0.11350193,2
1594,11,2.0,0.0,1.0,0.0,0.0,4.0,1.0,1.0,0.0,3.0,20.0,1.0,0.0,80.0,1.0,0.0,6.0,5.0,15.2,0.0,1.0,0.0,0.0,0.0,0.0,2.0,1.0,0.8864981,0.11350193,1
1594,12,2.0,0.0,1.0,0.0,0.0,4.0,1.0,1.0,0.0,3.0,20.0,1.0,14.0,80.0,1.0,0.0,6.0,5.0,27.1,0.0,1.0,0.0,0.0,0.0,0.0,2.0,1.0,0.9765519,0.023448119,2
1594,13,2.0,0.0,1.0,0.0,0.0,4.0,1.0,1.0,0.0,3.0,20.0,1.0,0.0,21.0,1.0,0.0,6.0,5.0,40.3,0.0,1.0,0.0,0.0,0.0,0.0,2.0,1.0,0.9017922,0.09820777,2
1594,14,2.0,0.0,1.0,0.0,0.0,4.0,1.0,1.0,0.0,3.0,20.0,1.0,0.0,80.0,1.0,0.0,6.0,5.0,8.7,0.0,1.0,0.0,0.0,0.5,0.0,2.0,1.0,0.8864981,0.11350193,2
1594,15,2.0,0.0,1.0,0.0,0.0,4.0,1.0,1.0,0.0,3.0,20.0,1.0,10.0,80.0,1.0,0.0,6.0,5.0,15.6,0.0,1.0,0.0,0.0,0.0,0.0,2.0,1.0,0.9765519,0.023448119,2
1594,16,2.0,0.0,1.0,0.0,0.0,4.0,1.0,1.0,0.0,3.0,20.0,1.0,0.0,53.0,1.0,0.0,6.0,5.0,2.13636363636364,0.0,1.0,0.0,0.0,0.8,0.0,2.0,1.0,0.6298605,0.37013945,2
1594,17,2.0,0.0,1.0,0.0,0.0,4.0,1.0,1.0,0.0,3.0,20.0,1.0,11.0,80.0,1.0,0.0,6.0,5.0,2.13636363636364,0.0,1.0,0.0,0.0,0.6,0.0,2.0,1.0,0.68993306,0.31006694,2
1594,18,2.0,0.0,1.0,0.0,0.0,4.0,1.0,1.0,0.0,3.0,20.0,1.0,0.0,3.0,1.0,0.0,6.0,5.0,2.13636363636364,0.0,1.0,0.0,0.0,0.0,0.0,2.0,1.0,0.5231792,0.47682086,1
1594,19,2.0,0.0,1.0,0.0,0.0,4.0,1.0,1.0,0.0,3.0,102.0,1.0,0.0,80.0,1.0,0.0,6.0,5.0,22.4,0.0,1.0,0.0,0.0,0.0,0.0,2.0,1.0,0.70856154,0.2914385,2
1594,20,2.0,0.0,1.0,0.0,0.0,4.0,1.0,1.0,0.0,3.0,20.0,1.0,0.0,80.0,1.0,0.0,6.0,5.0,13.5,0.0,1.0,0.0,0.0,0.5,0.0,2.0,1.0,0.8864981,0.11350193,2
1594,21,2.0,0.0,1.0,0.0,0.0,4.0,1.0,1.0,0.0,3.0,20.0,1.0,0.0,25.0,1.0,0.0,6.0,5.0,2.13636363636364,0.0,1.0,0.0,0.0,0.0,0.0,2.0,1.0,0.5486454,0.45135462,1
1594,22,2.0,0.0,1.0,0.0,0.0,4.0,1.0,1.0,0.0,3.0,20.0,1.0,0.0,80.0,1.0,0.0,6.0,5.0,6.8,0.0,1.0,0.0,0.0,0.4,0.0,2.0,1.0,0.86312544,0.13687454,2
1594,23,2.0,0.0,1.0,0.0,0.0,4.0,1.0,1.0,0.0,3.0,13.0,1.0,0.0,80.0,1.0,0.0,6.0,5.0,32.2,0.0,1.0,0.0,0.0,0.0,0.0,2.0,1.0,0.9431498,0.05685021,2
1594,24,2.0,0.0,1.0,0.0,0.0,4.0,1.0,1.0,0.0,3.0,20.0,1.0,0.0,80.0,1.0,0.0,6.0,5.0,25.4,0.0,1.0,0.0,0.0,0.0,0.0,2.0,1.0,0.8864981,0.11350193,1
1594,25,2.0,0.0,1.0,0.0,0.0,4.0,1.0,1.0,0.0,3.0,20.0,1.0,12.0,62.0,1.0,0.0,6.0,5.0,2.13636363636364,0.0,1.0,0.0,0.0,0.0,0.0,2.0,1.0,0.57338357,0.4266164,2
1594,26,2.0,0.0,1.0,0.0,0.0,4.0,1.0,1.0,0.0,3.0,20.0,1.0,0.0,80.0,1.0,0.0,6.0,5.0,32.1,0.0,1.0,0.0,0.0,0.0,0.0,2.0,1.0,0.8864981,0.11350193,1
1594,27,2.0,0.0,1.0,0.0,0.0,4.0,1.0,1.0,0.0,3.0,20.0,1.0,2.0,80.0,1.0,0.0,6.0,5.0,19.9,0.0,1.0,0.0,0.0,0.0,0.0,2.0,1.0,0.9269571,0.073042914,2
1594,28,2.0,0.0,1.0,0.0,0.0,4.0,1.0,1.0,0.0,3.0,34.0,1.0,0.0,80.0,1.0,0.0,6.0,5.0,12.4,0.0,1.0,0.0,0.0,0.0,0.0,2.0,1.0,0.70856154,0.2914385,2
1594,29,2.0,0.0,1.0,0.0,0.0,4.0,1.0,1.0,0.0,3.0,20.0,1.0,0.0,80.0,1.0,0.0,6.0,5.0,23.0,0.0,1.0,0.0,0.0,0.0,0.0,2.0,1.0,0.8864981,0.11350193,1
1595,0,1.0,0.0,1.0,0.0,0.0,4.0,1.0,1.0,0.0,2.0,40.0,1.25,7.0,91.0,1.0,0.0,2.0,4.0,18.9,0.0,0.0,0.0,0.0,0.0,0.0,2.0,1.0,0.91312206,0.08687797,2
1595,1,1.0,0.0,1.0,0.0,0.0,4.0,1.0,1.0,0.0,2.0,40.0,1.25,6.0,1.0,1.0,0.0,2.0,4.0,1.85365853658537,0.0,0.0,0.0,0.0,0.0,0.0,2.0,1.0,0.57854676,0.4214532,2
1595,2,1.0,0.0,1.0,0.0,0.0,4.0,1.0,1.0,0.0,2.0,40.0,1.25,0.0,91.0,1.0,0.0,2.0,4.0,5.1,0.0,0.0,0.0,0.0,0.0,0.0,2.0,1.0,0.75073814,0.24926184,1
1595,3,1.0,0.0,1.0,0.0,0.0,4.0,1.0,1.0,0.0,2.0,40.0,1.25,0.0,30.0,1.0,0.0,2.0,4.0,21.9,0.0,0.0,0.0,0.0,0.0,0.0,2.0,1.0,0.5716475,0.42835248,2
1595,4,1.0,0.0,1.0,0.0,0.0,4.0,1.0,1.0,0.0,2.0,73.0,1.25,0.0,91.0,1.0,0.0,2.0,4.0,5.5,0.0,0.0,0.0,0.0,0.0,0.0,2.0,1.0,0.75073814,0.24926184,2
1595,5,1.0,0.0,1.0,0.0,0.0,4.0,1.0,1.0,0.0,2.0,40.0,1.25,13.0,35.0,1.0,0.0,2.0,4.0,1.85365853658537,0.0,0.0,0.0,0.0,0.0,0.0,2.0,1.0,0.5318562,0.46814382,2
1595,6,1.0,0.0,1.0,0.0,0.0,4.0,1.0,1.0,0.0,2.0,40.0,1.25,0.0,91.0,1.0,0.0,2.0,4.0,50.7,0.0,0.0,0.0,0.0,0.0,0.0,2.0,1.0,0.700214,0.299786,1
1595,7,1.0,0.0,1.0,0.0,0.0,4.0,1.0,1.0,0.0,2.0,40.0,1.25,0.0,91.0,1.0,0.0,2.0,4.0,46.6,0.0,0.0,0.0,0.0,0.0,0.0,2.0,1.0,0.700214,0.299786,1
1595,8,1.0,0.0,1.0,0.0,0.0,4.0,1.0,1.0,0.0,2.0,40.0,1.25,14.0,19.0,1.0,0.0,2.0,4.0,1.85365853658537,0.0,0.0,0.0,0.0,0.0,0.0,2.0,1.0,0.60329807,0.39670193,2
1595,9,1.0,0.0,1.0,0.0,0.0,4.0,1.0,1.0,0.0,2.0,40.0,1.25,15.0,91.0,1.0,0.0,2.0,4.0,39.6,0.0,0.0,0.0,0.0,0.0,0.0,2.0,1.0,0.91312206,0.08687797,2
1595,10,1.0,0.0,1.0,0.0,0.0,4.0,1.0,1.0,0.0,2.0,125.0,1.25,0.0,91.0,1.0,0.0,2.0,4.0,27.5,0.0,0.0,0.0,0.0,0.0,0.0,2.0,1.0,0.700214,0.299786,2
1595,11,1.0,0.0,1.0,0.0,0.0,4.0,1.0,1.0,0.0,2.0,40.0,1.25,13.0,38.0,1.0,0.0,2.0,4.0,1.85365853658537,0.0,0.0,0.0,0.0,0.0,0.0,2.0,1.0,0.5318562,0.46814382,2
1595,12,1.0,0.0,1.0,0.0,0.0,4.0,1.0,1.0,0.0,2.0,40.0,1.25,5.0,91.0,1.0,0.0,2.0,4.0,42.7,0.0,0.0,0.0,0.0,0.0,0.0,2.0,1.0,0.91312206,0.08687797,2
1595,13,1.0,0.0,1.0,0.0,0.0,4.0,1.0,1.0,0.0,2.0,40.0,1.25,1.0,91.0,1.0,0.0,2.0,4.0,31.8,0.0,0.0,0.0,0.0,0.0,0.0,2.0,1.0,0.84396654,0.15603344,2
1595,14,1.0,0.0,1.0,0.0,0.0,4.0,1.0,1.0,0.0,2.0,2.0,1.25,0.0,91.0,1.0,0.0,2.0,4.0,1.85365853658537,0.0,0.0,0.0,0.0,0.0,0.0,2.0,1.0,0.6056819,0.39431813,1
1595,15,1.0,0.0,1.0,0.0,0.0,4.0,1.0,1.0,0.0,2.0,40.0,1.25,0.0,50.0,1.0,0.0,2.0,4.0,22.0,0.0,0.0,0.0,0.0,0.0,0.0,2.0,1.0,0.62574863,0.37425137,2
1595,16,1.0,0.0,1.0,0.0,0.0,4.0,1.0,1.0,0.0,2.0,40.0,1.25,0.0,91.0,1.0,0.0,2.0,4.0,23.3,0.0,0.0,0.0,0.0,0.0,0.0,2.0,1.0,0.700214,0.299786,1
1595,17,1.0,0.0,1.0,0.0,0.0,4.0,1.0,1.0,0.0,2.0,40.0,2.7,0.0,91.0,1.0,0.0,2.0,4.0,10.5,0.0,0.0,0.0,0.0,0.0,0.0,2.0,1.0,0.8405068,0.15949321,2
1595,18,1.0,0.0,1.0,0.0,0.0,4.0,1.0,1.0,0.0,2.0,1.0,1.25,4.0,91.0,1.0,0.0,2.0,4.0,1.85365853658537,0.0,0.0,0.0,0.0,0.0,0.0,2.0,1.0,0.52788866,0.4721113,2
1595,19,1.0,0.0,1.0,0.0,0.0,4.0,1.0,1.0,0.0,2.0,40.0,1.25,0.0,91.0,1.0,0.0,2.0,4.0,14.7,0.0,0.0,0.0,0.0,0.0,0.0,2.0,1.0,0.700214,0.299786,1
1595,20,1.0,0.0,1.0,0.0,0.0,4.0,1.0,1.0,0.0,2.0,5.0,1.25,0.0,22.0,1.0,0.0,2.0,4.0,1.85365853658537,0.0,0.0,0.0,0.0,0.0,0.0,2.0,1.0,0.6656468,0.33435318,2
1595,21,1.0,0.0,1.0,0.0,0.0,4.0,1.0,1.0,0.0,2.0,40.0,1.25,0.0,91.0,1.0,0.0,2.0,4.0,46.7,0.0,0.0,0.0,0.0,0.0,0.0,2.0,1.0,0.700214,0.299786,1
1595,22,1.0,0.0,1.0,0.0,0.0,4.0,1.0,1.0,0.0,2.0,40.0,1.25,0.0,91.0,1.0,0.0,2.0,4.0,35.3,0.0,0.0,0.0,0.0,0.0,0.0,2.0,1.0,0.700214,0.299786,1
1595,23,1.0,0.0,1.0,0.0,0.0,4.0,1.0,1.0,0.0,2.0,3.0,1.25,0.0,91.0,1.0,0.0,2.0,4.0,2.0,0.0,0.0,0.0,0.0,0.0,0.0,2.0,1.0,0.6585588,0.3414412,2
1595,24,1.0,0.0,1.0,0.0,0.0,4.0,1.0,1.0,0.0,2.0,40.0,6.82,0.0,91.0,1.0,0.0,2.0,4.0,26.7,0.0,0.0,0.0,0.0,0.0,0.0,2.0,1.0,0.8116623,0.1883377,2
1595,25,1.0,0.0,1.0,0.0,0.0,4.0,1.0,1.0,0.0,2.0,40.0,13.0,0.0,91.0,1.0,0.0,2.0,4.0,50.9,0.0,0.0,0.0,0.0,0.0,0.0,2.0,1.0,0.8116623,0.1883377,2
1595,26,1.0,0.0,1.0,0.0,0.0,4.0,1.0,1.0,0.0,2.0,40.0,1.25,0.0,91.0,1.0,0.0,2.0,4.0,48.1,0.0,0.0,0.0,0.0,0.0,0.0,2.0,1.0,0.700214,0.299786,1
1595,27,1.0,0.0,1.0,0.0,0.0,4.0,1.0,1.0,0.0,2.0,40.0,1.25,0.0,91.0,1.0,0.0,2.0,4.0,33.2,0.0,0.0,0.0,0.0,0.0,0.0,2.0,1.0,0.700214,0.299786,1
1595,28,1.0,0.0,1.0,0.0,0.0,4.0,1.0,1.0,0.0,2.0,40.0,1.25,9.0,91.0,1.0,0.0,2.0,4.0,6.8,0.0,0.0,0.0,0.0,0.0,0.0,2.0,1.0,0.89457995,0.105420046,2
1595,29,1.0,0.0,1.0,0.0,0.0,4.0,1.0,1.0,0.0,2.0,40.0,1.25,0.0,36.0,1.0,0.0,2.0,4.0,7.4,0.0,0.0,0.0,0.0,0.0,0.0,2.0,1.0,0.51864445,0.48135555,2
1598,0,1.0,0.0,1.0,3.0,1.0,0.0,1.0,4.0,3.0,4.0,18.0,0.18,0.0,79.0,2.0,2.0,3.0,3.0,7.3,0.0,0.0,0.0,0.0,0.0,0.0,3.0,0.0,0.7677085,0.23229152,1
1598,1,1.0,0.0,1.0,3.0,1.0,0.0,1.0,4.0,3.0,4.0,68.0,0.18,0.0,79.0,2.0,2.0,3.0,3.0,37.8,0.0,0.0,0.0,0.0,0.0,0.0,3.0,0.0,0.5093508,0.49064922,2
1598,2,1.0,0.0,1.0,3.0,1.0,0.0,1.0,4.0,3.0,4.0,18.0,0.18,0.0,79.0,2.0,2.0,3.0,3.0,24.6,0.0,0.0,0.0,0.0,0.0,0.0,3.0,0.0,0.8036682,0.1963318,1
1598,3,1.0,0.0,1.0,3.0,1.0,0.0,1.0,4.0,3.0,4.0,18.0,1.82,0.0,79.0,2.0,2.0,3.0,3.0,7.0,0.0,0.0,0.0,0.0,0.0,0.0,3.0,0.0,0.9471267,0.052873295,2
1598,4,1.0,0.0,1.0,3.0,1.0,0.0,1.0,4.0,3.0,4.0,18.0,0.18,0.0,66.0,2.0,2.0,3.0,3.0,47.4,0.0,0.0,0.0,0.0,0.0,0.0,3.0,0.0,0.8072593,0.19274068,2
1598,5,1.0,0.0,1.0,3.0,1.0,0.0,1.0,4.0,9.0,4.0,18.0,0.18,0.0,79.0,2.0,2.0,3.0,3.0,7.3,0.0,0.0,0.0,0.0,0.0,0.0,3.0,0.0,0.61226964,0.3877304,2
1598,6,1.0,0.0,1.0,3.0,1.0,0.0,1.0,4.0,3.0,4.0,18.0,0.18,0.0,79.0,2.0,2.0,3.0,3.0,32.3,0.0,0.0,0.0,0.0,0.0,0.0,3.0,0.0,0.8036682,0.1963318,1
1598,7,1.0,0.0,1.0,3.0,1.0,0.0,1.0,4.0,3.0,4.0,18.0,0.18,0.0,79.0,2.0,2.0,3.0,3.0,5.5,0.0,0.0,0.0,0.0,0.0,0.0,3.0,0.0,0.83444464,0.16555539,1
1598,8,1.0,0.0,1.0,3.0,1.0,0.0,1.0,4.0,3.0,4.0,18.0,0.18,0.0,79.0,2.0,2.0,3.0,3.0,32.7,0.0,0.0,0.0,0.0,0.0,0.0,3.0,0.0,0.8036682,0.1963318,1
1598,9,1.0,0.0,1.0,3.0,1.0,0.0,1.0,4.0,3.0,4.0,18.0,0.18,0.0,79.0,2.0,2.0,3.0,3.0,32.2,0.0,0.0,0.0,0.0,0.0,0.0,3.0,0.0,0.8036682,0.1963318,1
1598,10,1.0,0.0,1.0,3.0,1.0,0.0,1.0,4.0,3.0,4.0,18.0,0.18,0.0,79.0,2.0,2.0,3.0,3.0,32.5,0.0,0.0,0.0,0.0,0.0,0.0,3.0,0.0,0.8036682,0.1963318,1
1598,11,1.0,0.0,1.0,3.0,1.0,0.0,1.0,4.0,3.0,4.0,11.0,0.18,0.0,79.0,2.0,2.0,3.0,3.0,9.9,0.0,0.0,0.0,0.0,0.0,0.0,3.0,0.0,0.90663373,0.09336625,2
1598,12,1.0,0.0,1.0,3.0,1.0,0.0,1.0,4.0,3.0,4.0,12.0,0.18,0.0,99.0,2.0,2.0,3.0,3.0,2.31818181818182,0.0,0.0,0.0,0.0,0.0,0.0,3.0,0.0,0.70955884,0.2904412,2
1598,13,1.0,0.0,1.0,3.0,1.0,0.0,1.0,4.0,3.0,4.0,18.0,0.18,0.0,46.0,2.0,2.0,3.0,3.0,37.6,0.0,0.0,0.0,0.0,0.0,0.0,3.0,0.0,0.8273149,0.17268509,2
1598,14,1.0,0.0,1.0,3.0,1.0,0.0,1.0,4.0,3.0,4.0,18.0,2.46,0.0,79.0,2.0,2.0,3.0,3.0,2.31818181818182,0.0,0.0,0.0,0.0,0.0,0.0,3.0,0.0,0.55391014,0.44608983,1
1598,15,1.0,0.0,1.0,3.0,1.0,0.0,1.0,4.0,3.0,4.0,18.0,3.19,0.0,79.0,2.0,2.0,3.0,3.0,12.4,0.0,0.0,0.0,0.0,0.0,0.0,3.0,0.0,0.97075367,0.029246332,2
1598,16,1.0,0.0,1.0,3.0,1.0,0.0,1.0,4.0,3.0,4.0,18.0,0.18,0.0,79.0,2.0,2.0,3.0,3.0,45.3,0.0,0.0,0.0,0.0,0.0,0.0,3.0,0.0,0.8036682,0.1963318,1
1598,17,1.0,0.0,1.0,3.0,1.0,0.0,1.0,4.0,3.0,4.0,18.0,0.18,0.0,79.0,2.0,2.0,3.0,3.0,31.8,0.0,0.0,0.0,0.0,0.0,0.0,3.0,0.0,0.8036682,0.1963318,1
1598,18,1.0,0.0,1.0,3.0,1.0,0.0,1.0,4.0,3.0,4.0,18.0,0.18,0.0,79.0,2.0,2.0,3.0,3.0,51.1,0.0,0.0,0.0,0.0,0.0,0.0,3.0,0.0,0.8036682,0.1963318,1
1598,19,1.0,0.0,1.0,3.0,1.0,0.0,1.0,4.0,3.0,4.0,18.0,0.18,0.0,79.0,2.0,2.0,3.0,3.0,35.5,0.0,0.0,0.0,0.0,0.0,0.0,3.0,0.0,0.8036682,0.1963318,1
1598,20,1.0,0.0,1.0,3.0,1.0,0.0,1.0,4.0,3.0,4.0,18.0,0.18,0.0,37.0,2.0,2.0,3.0,3.0,9.5,0.0,0.0,0.0,0.0,0.0,0.0,3.0,0.0,0.79880464,0.20119537,2
1598,21,1.0,0.0,1.0,3.0,1.0,0.0,1.0,4.0,3.0,4.0,18.0,0.18,0.0,5.0,2.0,2.0,3.0,3.0,37.6,0.0,0.0,0.0,0.0,0.0,0.0,3.0,0.0,0.8546169,0.14538309,2
1598,22,1.0,0.0,1.0,3.0,1.0,0.0,1.0,4.0,3.0,4.0,18.0,0.18,0.0,32.0,2.0,2.0,3.0,3.0,32.1,0.0,0.0,0.0,0.0,0.0,0.0,3.0,0.0,0.79880464,0.20119537,2
1598,23,1.0,0.0,1.0,3.0,1.0,0.0,1.0,4.0,3.0,4.0,96.0,0.18,0.0,79.0,2.0,2.0,3.0,3.0,27.3,0.0,0.0,0.0,0.0,0.0,0.0,3.0,0.0,0.5093508,0.49064922,2
1598,24,1.0,0.0,1.0,3.0,1.0,0.0,1.0,4.0,3.0,4.0,18.0,0.18,0.0,79.0,2.0,2.0,3.0,3.0,13.4,0.0,0.0,0.0,0.0,0.0,0.0,3.0,0.0,0.8036682,0.1963318,1
1598,25,1.0,0.0,1.0,3.0,1.0,0.0,1.0,4.0,3.0,4.0,18.0,0.18,0.0,79.0,2.0,2.0,3.0,3.0,40.9,0.0,0.0,0.0,0.0,0.0,0.0,3.0,0.0,0.8036682,0.1963318,1
1598,26,1.0,0.0,1.0,3.0,1.0,0.0,1.0,4.0,3.0,4.0,18.0,0.18,0.0,79.0,2.0,2.0,3.0,3.0,13.5,0.0,0.0,0.0,0.0,0.0,0.0,3.0,0.0,0.8036682,0.1963318,1
1598,27,1.0,0.0,1.0,3.0,1.0,0.0,1.0,4.0,7.0,4.0,18.0,0.18,0.0,79.0,2.0,2.0,3.0,3.0,51.0,0.0,0.0,0.0,0.0,0.0,0.0,3.0,0.0,0.6372427,0.3627573,2
1598,28,1.0,0.0,1.0,3.0,1.0,0.0,1.0,4.0,3.0,4.0,18.0,4.14,0.0,79.0,2.0,2.0,3.0,3.0,16.1,0.0,0.0,0.0,0.0,0.0,0.0,3.0,0.0,0.97075367,0.029246332,2
1598,29,1.0,0.0,1.0,3.0,1.0,0.0,1.0,4.0,3.0,4.0,18.0,5.25,0.0,79.0,2.0,2.0,3.0,3.0,20.5,0.0,0.0,0.0,0.0,0.0,0.0,3.0,0.0,0.9506792,0.04932082,2
1600,0,0.0,0.0,1.0,2.0,1.0,2.0,2.0,2.0,0.0,13.0,14.0,0.32,0.0,80.0,1.0,0.0,4.0,5.0,4.0,1.0,1.0,0.0,1.0,0.5,0.0,2.0,2.0,0.80487686,0.19512315,2
1600,1,6.0,0.0,1.0,2.0,1.0,2.0,2.0,2.0,0.0,13.0,14.0,0.32,0.0,80.0,1.0,0.0,4.0,5.0,4.0,1.0,1.0,0.0,1.0,0.8,0.0,2.0,2.0,0.66494566,0.33505434,2
1600,2,16.0,0.0,1.0,2.0,1.0,2.0,2.0,2.0,0.0,13.0,14.0,0.32,0.0,80.0,1.0,0.0,4.0,5.0,4.0,1.0,1.0,0.0,1.0,0.5,0.0,2.0,2.0,0.58068645,0.41931358,2
1600,3,1.0,0.0,1.0,2.0,1.0,2.0,2.0,2.0,0.0,13.0,14.0,0.32,0.0,80.0,1.0,0.0,4.0,6.0,4.0,1.0,1.0,0.0,1.0,0.5,0.0,2.0,2.0,0.58068645,0.41931358,2
1600,4,1.0,0.0,1.0,2.0,1.0,2.0,2.0,2.0,0.0,13.0,14.0,0.32,0.0,80.0,1.0,0.0,4.0,5.0,4.0,1.0,1.0,0.0,1.0,0.4,0.0,2.0,4.0,0.58068645,0.41931358,2
1600,5,1.0,0.0,1.0,2.0,1.0,2.0,2.0,2.0,0.0,13.0,14.0,0.32,0.0,80.0,1.0,0.0,4.0,3.0,4.0,1.0,1.0,0.0,1.0,0.8,0.0,2.0,2.0,0.66494566,0.33505434,2
1600,6,20.0,0.0,1.0,2.0,1.0,2.0,2.0,2.0,0.0,13.0,14.0,0.32,0.0,80.0,1.0,0.0,4.0,5.0,4.0,1.0,1.0,0.0,1.0,0.4,0.0,2.0,2.0,0.58068645,0.41931358,2
1600,7,1.0,0.0,1.0,2.0,1.0,2.0,2.0,2.0,0.0,13.0,14.0,0.32,0.0,80.0,1.0,0.0,4.0,5.0,4.0,1.0,1.0,0.0,1.0,0.7,0.0,2.0,2.0,0.68344223,0.3165578,1
1600,8,16.0,0.0,1.0,2.0,1.0,2.0,2.0,2.0,0.0,13.0,14.0,0.32,0.0,80.0,1.0,0.0,4.0,5.0,4.0,1.0,1.0,0.0,1.0,0.4,0.0,2.0,2.0,0.58068645,0.41931358,2
1600,9,1.0,0.0,1.0,2.0,1.0,2.0,2.0,2.0,0.0,13.0,14.0,0.32,0.0,80.0,1.0,0.0,4.0,5.0,4.0,1.0,1.0,0.0,1.0,0.4,0.0,2.0,0.0,0.8122039,0.18779613,2
1600,10,19.0,0.0,1.0,2.0,1.0,2.0,2.0,2.0,0.0,13.0,14.0,0.32,0.0,80.0,1.0,0.0,4.0,5.0,4.0,1.0,1.0,0.0,1.0,0.6,0.0,2.0,2.0,0.68344223,0.3165578,2
1600,11,1.0,0.0,1.0,2.0,1.0,2.0,2.0,2.0,0.0,13.0,14.0,0.32,0.0,80.0,1.0,0.0,4.0,3.0,4.0,1.0,1.0,0.0,1.0,0.5,0.0,2.0,2.0,0.58068645,0.41931358,2
1600,12,20.0,0.0,1.0,2.0,1.0,2.0,2.0,2.0,0.0,13.0,14.0,0.32,0.0,80.0,1.0,0.0,4.0,5.0,4.0,1.0,1.0,0.0,1.0,0.3,0.0,2.0,2.0,0.58068645,0.41931358,2
1600,13,5.0,0.0,1.0,2.0,1.0,2.0,2.0,2.0,0.0,13.0,14.0,0.32,0.0,80.0,1.0,0.0,4.0,5.0,4.0,1.0,1.0,0.0,1.0,0.6,0.0,2.0,2.0,0.68344223,0.3165578,2
1600,14,1.0,0.0,1.0,2.0,1.0,2.0,2.0,2.0,0.0,13.0,14.0,0.32,0.0,80.0,1.0,0.0,4.0,2.0,4.0,1.0,1.0,0.0,1.0,0.8,0.0,2.0,2.0,0.57724476,0.42275527,2
1600,15,14.0,0.0,1.0,2.0,1.0,2.0,2.0,2.0,0.0,13.0,14.0,0.32,0.0,80.0,1.0,0.0,4.0,5.0,4.0,1.0,1.0,0.0,1.0,0.8,0.0,2.0,2.0,0.66494566,0.33505434,2
1600,16,1.0,0.0,1.0,2.0,1.0,2.0,2.0,2.0,0.0,13.0,14.0,0.32,0.0,80.0,1.0,0.0,11.0,5.0,4.0,1.0,1.0,0.0,1.0,0.8,0.0,2.0,2.0,0.52596414,0.47403583,2
1600,17,2.0,0.0,1.0,2.0,1.0,2.0,2.0,2.0,0.0,13.0,14.0,0.32,0.0,80.0,1.0,0.0,4.0,5.0,4.0,1.0,1.0,0.0,1.0,0.6,0.0,2.0,2.0,0.68344223,0.3165578,2
1600,18,7.0,0.0,1.0,2.0,1.0,2.0,2.0,2.0,0.0,13.0,14.0,0.32,0.0,80.0,1.0,0.0,4.0,5.0,4.0,1.0,1.0,0.0,1.0,0.6,0.0,2.0,2.0,0.68344223,0.3165578,2
1600,19,13.0,0.0,1.0,2.0,1.0,2.0,2.0,2.0,0.0,13.0,14.0,0.32,0.0,80.0,1.0,0.0,4.0,5.0,4.0,1.0,1.0,0.0,1.0,0.5,0.0,2.0,2.0,0.58068645,0.41931358,2
1600,20,10.0,0.0,1.0,2.0,1.0,2.0,2.0,2.0,0.0,13.0,14.0,0.32,0.0,80.0,1.0,0.0,4.0,5.0,4.0,1.0,1.0,0.0,1.0,0.7,0.0,2.0,2.0,0.68344223,0.3165578,2
1600,21,1.0,0.0,1.0,2.0,1.0,2.0,2.0,2.0,0.0,13.0,14.0,0.32,0.0,80.0,1.0,0.0,4.0,5.0,4.0,1.0,1.0,0.0,1.0,0.8,0.0,2.0,3.0,0.66494566,0.33505434,2
1600,22,1.0,0.0,1.0,2.0,1.0,2.0,2.0,2.0,0.0,13.0,14.0,0.32,0.0,80.0,1.0,0.0,2.0,2.0,4.0,1.0,1.0,0.0,1.0,1.0,0.0,2.0,2.0,0.78248394,0.21751605,2
1600,23,0.0,0.0,1.0,2.0,1.0,2.0,2.0,2.0,0.0,13.0,14.0,0.32,0.0,80.0,1.0,0.0,4.0,0.0,4.0,1.0,1.0,0.0,1.0,1.0,0.0,2.0,2.0,0.870334,0.12966597,2
1600,24,1.0,0.0,1.0,2.0,1.0,2.0,2.0,2.0,0.0,13.0,14.0,0.32,0.0,80.0,1.0,0.0,4.0,6.0,4.0,1.0,1.0,0.0,1.0,0.6,0.0,2.0,2.0,0.68344223,0.3165578,2
1600,25,15.0,0.0,1.0,2.0,1.0,2.0,2.0,2.0,0.0,13.0,14.0,0.32,0.0,80.0,1.0,0.0,4.0,5.0,4.0,1.0,1.0,0.0,1.0,0.6,0.0,2.0,2.0,0.68344223,0.3165578,2
1600,26,1.0,0.0,1.0,2.0,1.0,2.0,2.0,2.0,0.0,13.0,14.0,0.32,0.0,80.0,1.0,0.0,4.0,5.0,4.0,1.0,1.0,0.0,1.0,0.5,0.0,2.0,2.0,0.58068645,0.41931358,1
1600,27,1.0,0.0,1.0,2.0,1.0,2.0,2.0,2.0,0.0,13.0,14.0,0.32,0.0,80.0,1.0,0.0,4.0,5.0,4.0,1.0,1.0,0.0,1.0,0.4,0.0,2.0,3.0,0.58068645,0.41931358,2
1600,28,1.0,0.0,1.0,2.0,1.0,2.0,2.0,2.0,0.0,13.0,14.0,0.32,0.0,80.0,1.0,0.0,4.0,5.0,4.0,1.0,1.0,0.0,1.0,0.7,0.0,2.0,3.0,0.68344223,0.3165578,2
1600,29,1.0,0.0,1.0,2.0,1.0,2.0,2.0,2.0,0.0,13.0,14.0,0.32,0.0,80.0,1.0,0.0,4.0,5.0,4.0,1.0,1.0,0.0,1.0,0.5,0.0,2.0,3.0,0.58068645,0.41931358,2
1601,0,6.0,0.0,1.0,1.0,0.0,3.0,3.0,1.0,0.0,6.0,7.0,7.73,12.0,63.0,1.0,0.0,11.0,2.0,4.61538461538461,2.0,1.0,0.0,4.0,0.5,0.0,4.0,1.0,0.8090815,0.19091849,2
1601,1,6.0,0.0,1.0,1.0,0.0,3.0,3.0,1.0,0.0,6.0,7.0,0.27,13.0,63.0,1.0,0.0,11.0,2.0,47.6,2.0,1.0,0.0,4.0,0.5,0.0,4.0,1.0,0.50118035,0.49881965,2
1601,2,6.0,0.0,1.0,1.0,0.0,3.0,3.0,1.0,0.0,6.0,7.0,4.25,0.0,63.0,1.0,0.0,11.0,2.0,4.61538461538461,2.0,1.0,0.0,4.0,0.6,0.0,4.0,1.0,0.5620084,0.43799162,2
1601,3,6.0,0.0,1.0,1.0,0.0,3.0,3.0,1.0,0.0,6.0,7.0,0.27,9.0,63.0,1.0,0.0,11.0,2.0,49.1,2.0,1.0,0.0,4.0,0.5,0.0,4.0,1.0,0.50118035,0.49881965,2
1601,4,6.0,0.0,1.0,1.0,0.0,3.0,3.0,1.0,0.0,6.0,7.0,11.55,11.0,63.0,1.0,0.0,11.0,2.0,4.61538461538461,2.0,1.0,0.0,4.0,0.5,0.0,4.0,1.0,0.8090815,0.19091849,2
1601,5,6.0,0.0,1.0,1.0,0.0,3.0,3.0,1.0,0.0,6.0,7.0,0.27,5.0,63.0,1.0,0.0,0.0,2.0,4.61538461538461,2.0,1.0,0.0,4.0,0.5,0.0,4.0,1.0,0.75585383,0.24414615,2
1601,6,6.0,0.0,1.0,1.0,0.0,3.0,3.0,1.0,0.0,6.0,7.0,9.96,13.0,63.0,1.0,0.0,11.0,2.0,4.61538461538461,2.0,1.0,0.0,4.0,0.5,0.0,4.0,1.0,0.8090815,0.19091849,2
1601,7,6.0,0.0,1.0,1.0,0.0,3.0,3.0,1.0,0.0,6.0,7.0,8.18,1.0,63.0,1.0,0.0,11.0,2.0,4.61538461538461,2.0,1.0,0.0,4.0,0.5,0.0,4.0,1.0,0.5003183,0.49968174,2
1601,8,6.0,0.0,1.0,1.0,0.0,3.0,3.0,1.0,0.0,6.0,7.0,8.76,0.0,63.0,1.0,0.0,1.0,2.0,4.61538461538461,2.0,1.0,0.0,4.0,0.5,0.0,4.0,1.0,0.7575489,0.24245104,2
1601,9,6.0,0.0,1.0,1.0,0.0,3.0,3.0,1.0,0.0,6.0,7.0,6.82,1.0,63.0,1.0,0.0,11.0,2.0,4.61538461538461,2.0,1.0,0.0,4.0,0.5,0.0,4.0,1.0,0.5003183,0.49968174,2
1601,10,6.0,0.0,1.0,1.0,0.0,3.0,3.0,1.0,0.0,6.0,7.0,5.73,7.0,63.0,1.0,0.0,11.0,2.0,4.61538461538461,2.0,1.0,0.0,4.0,0.5,0.0,4.0,1.0,0.8090815,0.19091849,2
1601,11,6.0,0.0,1.0,1.0,0.0,3.0,3.0,1.0,0.0,6.0,7.0,0.27,11.0,63.0,1.0,0.0,11.0,2.0,4.61538461538461,2.0,1.0,0.0,4.0,0.5,0.0,4.0,1.0,0.61139053,0.38860947,1
1601,12,6.0,0.0,1.0,1.0,0.0,3.0,3.0,1.0,0.0,6.0,7.0,11.94,6.0,63.0,1.0,0.0,11.0,2.0,4.61538461538461,2.0,1.0,0.0,4.0,0.5,0.0,4.0,1.0,0.8090815,0.19091849,2
1601,13,6.0,0.0,1.0,1.0,0.0,3.0,3.0,1.0,0.0,6.0,7.0,0.27,14.0,63.0,1.0,0.0,11.0,2.0,0.7,2.0,1.0,0.0,4.0,0.5,0.0,4.0,1.0,0.8374318,0.16256821,2
1601,14,6.0,0.0,1.0,1.0,0.0,3.0,3.0,1.0,0.0,6.0,7.0,0.27,9.0,63.0,1.0,0.0,11.0,2.0,50.3,2.0,1.0,0.0,4.0,0.5,0.0,4.0,1.0,0.50118035,0.49881965,2
1601,15,6.0,0.0,1.0,1.0,0.0,3.0,3.0,1.0,0.0,6.0,7.0,1.53,3.0,63.0,1.0,0.0,11.0,2.0,4.61538461538461,2.0,1.0,0.0,4.0,0.5,0.0,4.0,1.0,0.5276665,0.4723335,2
1601,16,6.0,0.0,1.0,1.0,0.0,3.0,3.0,1.0,0.0,6.0,7.0,0.27,9.0,63.0,1.0,0.0,11.0,2.0,4.61538461538461,2.0,1.0,0.0,4.0,0.9,0.0,4.0,1.0,0.71297306,0.28702694,2
1601,17,6.0,0.0,1.0,1.0,0.0,3.0,3.0,1.0,0.0,6.0,7.0,0.27,2.0,63.0,1.0,0.0,11.0,2.0,4.61538461538461,2.0,1.0,0.0,4.0,0.8,0.0,4.0,1.0,0.6349814,0.3650186,2
1601,18,6.0,0.0,1.0,1.0,0.0,3.0,3.0,1.0,0.0,6.0,7.0,0.27,4.0,63.0,1.0,0.0,11.0,2.0,0.2,2.0,1.0,0.0,4.0,0.5,0.0,4.0,1.0,0.66194177,0.3380582,2
1601,19,6.0,0.0,1.0,1.0,0.0,3.0,3.0,1.0,0.0,6.0,7.0,11.28,15.0,63.0,1.0,0.0,11.0,2.0,4.61538461538461,2.0,1.0,0.0,4.0,0.5,0.0,4.0,1.0,0.8090815,0.19091849,2
1601,20,6.0,0.0,1.0,1.0,0.0,3.0,3.0,1.0,0.0,6.0,7.0,2.71,10.0,63.0,1.0,0.0,11.0,2.0,4.61538461538461,2.0,1.0,0.0,4.0,0.5,0.0,4.0,1.0,0.83336884,0.16663115,2
1601,21,6.0,0.0,1.0,1.0,0.0,3.0,3.0,1.0,0.0,6.0,7.0,4.6,3.0,63.0,1.0,0.0,11.0,2.0,4.61538461538461,2.0,1.0,0.0,4.0,0.5,0.0,4.0,1.0,0.5991925,0.40080753,2
1601,22,6.0,0.0,1.0,1.0,0.0,3.0,3.0,1.0,0.0,6.0,7.0,0.27,1.0,63.0,1.0,0.0,11.0,2.0,4.61538461538461,2.0,1.0,0.0,4.0,0.8,0.0,4.0,1.0,0.6349814,0.3650186,2
1601,23,6.0,0.0,1.0,1.0,0.0,3.0,3.0,1.0,0.0,6.0,7.0,5.05,11.0,63.0,1.0,0.0,11.0,2.0,4.61538461538461,2.0,1.0,0.0,4.0,0.5,0.0,4.0,1.0,0.8090815,0.19091849,2
1601,24,6.0,0.0,1.0,1.0,0.0,3.0,3.0,1.0,0.0,6.0,7.0,0.27,6.0,63.0,1.0,0.0,11.0,2.0,22.3,2.0,1.0,0.0,4.0,0.5,0.0,4.0,1.0,0.50118035,0.49881965,2
1601,25,6.0,0.0,1.0,1.0,0.0,3.0,3.0,1.0,0.0,6.0,7.0,9.13,4.0,63.0,1.0,0.0,11.0,2.0,4.61538461538461,2.0,1.0,0.0,4.0,0.5,0.0,4.0,1.0,0.64089453,0.3591055,2
1601,26,6.0,0.0,1.0,1.0,0.0,3.0,3.0,1.0,0.0,6.0,7.0,0.4,7.0,63.0,1.0,0.0,11.0,2.0,4.61538461538461,2.0,1.0,0.0,4.0,0.5,0.0,4.0,1.0,0.7318163,0.2681837,2
1601,27,6.0,0.0,1.0,1.0,0.0,3.0,3.0,1.0,0.0,6.0,7.0,0.27,10.0,63.0,1.0,0.0,11.0,2.0,22.0,2.0,1.0,0.0,4.0,0.5,0.0,4.0,1.0,0.50118035,0.49881965,2
1601,28,6.0,0.0,1.0,1.0,0.0,3.0,3.0,1.0,0.0,6.0,7.0,0.27,6.0,63.0,1.0,0.0,11.0,2.0,4.61538461538461,2.0,1.0,0.0,4.0,0.6,0.0,4.0,1.0,0.77604574,0.22395428,2
1601,29,6.0,0.0,1.0,1.0,0.0,3.0,3.0,1.0,0.0,6.0,7.0,0.27,11.0,63.0,1.0,0.0,11.0,2.0,34.7,2.0,1.0,0.0,4.0,0.5,0.0,4.0,1.0,0.50118035,0.49881965,2
1712,0,0.0,0.0,2.0,0.0,0.0,0.0,2.0,1.0,1.0,2.0,7.0,4.96,0.0,68.0,3.0,0.0,2.0,1.0,1.375,0.0,1.0,0.0,0.0,0.0,0.0,1.0,0.0,0.6005105,0.3994895,1
1712,1,0.0,0.0,2.0,8.0,0.0,0.0,2.0,1.0,1.0,2.0,7.0,8.27,0.0,68.0,3.0,0.0,2.0,1.0,1.375,0.0,1.0,0.0,0.0,0.0,0.0,1.0,0.0,0.8389498,0.16105017,2
1712,2,0.0,0.0,2.0,0.0,0.0,0.0,2.0,1.0,1.0,2.0,7.0,3.79,0.0,68.0,3.0,0.0,2.0,1.0,1.375,0.0,1.0,0.0,0.0,0.0,0.0,1.0,0.0,0.6677555,0.33224452,1
1712,3,0.0,0.0,2.0,23.0,0.0,0.0,2.0,1.0,1.0,2.0,7.0,0.27,0.0,68.0,3.0,0.0,2.0,1.0,1.375,0.0,1.0,0.0,0.0,0.0,0.0,1.0,0.0,0.5972314,0.40276858,1
1712,4,0.0,0.0,2.0,0.0,0.0,0.0,2.0,1.0,1.0,19.0,7.0,6.19,0.0,68.0,3.0,0.0,2.0,1.0,1.375,0.0,1.0,0.0,0.0,0.0,0.0,1.0,0.0,0.57635677,0.4236432,2
1712,5,0.0,0.0,2.0,0.0,0.0,0.0,2.0,1.0,1.0,2.0,7.0,9.81,0.0,68.0,3.0,0.0,2.0,1.0,1.375,0.0,1.0,0.0,0.0,0.9,0.0,1.0,0.0,0.96713597,0.032864038,2
1712,6,0.0,0.0,2.0,0.0,0.0,0.0,2.0,1.0,1.0,2.0,7.0,8.1,0.0,68.0,3.0,0.0,2.0,1.0,1.375,0.0,1.0,0.0,0.0,0.0,0.0,1.0,0.0,0.5550539,0.4449461,1
1712,7,0.0,0.0,2.0,14.0,0.0,0.0,2.0,1.0,1.0,2.0,7.0,1.74,0.0,68.0,3.0,0.0,2.0,1.0,1.375,0.0,1.0,0.0,0.0,0.0,0.0,1.0,0.0,0.8696344,0.13036558,2
1712,8,0.0,0.0,2.0,0.0,0.0,0.0,2.0,1.0,1.0,2.0,7.0,9.82,0.0,68.0,3.0,0.0,2.0,1.0,1.375,0.0,1.0,0.0,0.0,0.9,0.0,1.0,0.0,0.96713597,0.032864038,2
1712,9,0.0,0.0,2.0,0.0,0.0,0.0,2.0,1.0,1.0,2.0,7.0,0.27,0.0,68.0,4.0,0.0,2.0,1.0,1.375,0.0,1.0,0.0,0.0,0.8,0.0,1.0,0.0,0.8745445,0.12545548,2
1712,10,0.0,0.0,2.0,21.0,0.0,0.0,2.0,1.0,1.0,2.0,7.0,0.27,0.0,68.0,3.0,0.0,2.0,1.0,1.375,0.0,1.0,0.0,0.0,0.8,0.0,1.0,0.0,0.97200865,0.027991327,2
1712,11,0.0,0.0,2.0,0.0,0.0,0.0,2.0,1.0,1.0,2.0,7.0,1.24,0.0,68.0,1.0,0.0,2.0,1.0,1.375,0.0,1.0,0.0,0.0,0.0,0.0,1.0,0.0,0.5841888,0.41581115,2
1712,12,0.0,0.0,2.0,0.0,0.0,0.0,2.0,1.0,1.0,2.0,7.0,0.89,0.0,68.0,3.0,0.0,2.0,1.0,1.375,0.0,1.0,0.0,0.0,0.0,0.0,1.0,0.0,0.7610308,0.23896919,1
1712,13,0.0,0.0,2.0,9.0,0.0,0.0,2.0,1.0,1.0,2.0,7.0,10.48,0.0,68.0,3.0,0.0,2.0,1.0,1.375,0.0,1.0,0.0,0.0,0.0,0.0,1.0,0.0,0.8389498,0.16105017,2
1712,14,0.0,0.0,2.0,0.0,0.0,0.0,2.0,1.0,1.0,67.0,7.0,1.93,0.0,68.0,3.0,0.0,2.0,1.0,1.375,0.0,1.0,0.0,0.0,0.0,0.0,1.0,0.0,0.66650003,0.33349997,2
1712,15,0.0,0.0,2.0,21.0,0.0,0.0,2.0,1.0,1.0,2.0,7.0,0.95,0.0,68.0,3.0,0.0,2.0,1.0,1.375,0.0,1.0,0.0,0.0,0.0,0.0,1.0,0.0,0.91474926,0.085250765,2
1712,16,0.0,0.0,2.0,0.0,0.0,0.0,2.0,1.0,1.0,2.0,7.0,11.98,0.0,68.0,3.0,0.0,2.0,1.0,1.375,0.0,1.0,0.0,0.0,0.0,0.0,1.0,0.0,0.5550539,0.4449461,1
1712,17,0.0,0.0,2.0,17.0,0.0,0.0,2.0,1.0,1.0,2.0,7.0,12.73,0.0,68.0,3.0,0.0,2.0,1.0,1.375,0.0,1.0,0.0,0.0,0.0,0.0,1.0,0.0,0.8389498,0.16105017,2
1712,18,0.0,0.0,2.0,0.0,0.0,0.0,2.0,1.0,1.0,40.0,7.0,0.27,0.0,68.0,3.0,0.0,2.0,1.0,1.375,0.0,1.0,0.0,0.0,1.1,0.0,1.0,0.0,0.9993421,0.0006579245,2
1712,19,0.0,0.0,2.0,16.0,0.0,0.0,2.0,1.0,1.0,2.0,7.0,0.27,0.0,68.0,3.0,0.0,2.0,1.0,1.375,0.0,1.0,0.0,0.0,0.9,0.0,1.0,0.0,0.99693054,0.0030694779,2
1712,20,0.0,0.0,2.0,0.0,0.0,0.0,2.0,1.0,1.0,2.0,7.0,0.54,0.0,68.0,3.0,0.0,2.0,1.0,1.375,0.0,1.0,0.0,0.0,0.4,0.0,1.0,0.0,0.5176087,0.4823913,2
1712,21,0.0,0.0,2.0,6.0,0.0,0.0,2.0,1.0,1.0,8.0,7.0,0.27,0.0,68.0,3.0,0.0,2.0,1.0,1.375,0.0,1.0,0.0,0.0,0.0,0.0,1.0,0.0,0.5363182,0.4636818,2
1712,22,0.0,0.0,2.0,0.0,0.0,0.0,2.0,1.0,1.0,2.0,7.0,10.11,0.0,68.0,3.0,0.0,2.0,1.0,1.375,0.0,1.0,0.0,0.0,0.0,0.0,1.0,0.0,0.5550539,0.4449461,1
1712,23,0.0,0.0,2.0,0.0,0.0,0.0,2.0,1.0,1.0,2.0,7.0,0.27,0.0,68.0,3.0,0.0,2.0,1.0,1.375,0.0,1.0,0.0,0.0,1.0,0.0,1.0,0.0,0.9997833,0.00021669628,1
1712,24,0.0,0.0,2.0,0.0,0.0,0.0,2.0,1.0,1.0,15.0,7.0,0.27,0.0,68.0,3.0,0.0,2.0,1.0,1.375,0.0,1.0,0.0,0.0,0.8,0.0,1.0,0.0,0.77661514,0.22338486,2
1712,25,0.0,0.0,2.0,0.0,0.0,0.0,2.0,1.0,1.0,2.0,7.0,2.42,0.0,68.0,3.0,0.0,2.0,1.0,1.375,0.0,1.0,0.0,0.0,0.0,0.0,1.0,0.0,0.7243122,0.27568784,1
1712,26,0.0,0.0,2.0,6.0,0.0,0.0,2.0,1.0,1.0,2.0,7.0,0.27,0.0,68.0,5.0,0.0,2.0,1.0,1.375,0.0,1.0,0.0,0.0,0.0,0.0,1.0,0.0,0.5120405,0.48795953,2
1712,27,0.0,0.0,2.0,11.0,0.0,0.0,2.0,1.0,1.0,2.0,7.0,0.95,0.0,68.0,3.0,0.0,2.0,1.0,1.375,0.0,1.0,0.0,0.0,0.0,0.0,1.0,0.0,0.91474926,0.085250765,2
1712,28,0.0,0.0,2.0,12.0,0.0,0.0,2.0,1.0,1.0,2.0,7.0,0.27,0.0,68.0,3.0,0.0,2.0,1.0,1.375,0.0,1.0,0.0,0.0,0.4,0.0,1.0,0.0,0.5972314,0.40276858,2
1712,29,0.0,0.0,2.0,0.0,0.0,0.0,2.0,1.0,1.0,2.0,7.0,11.58,0.0,68.0,3.0,0.0,2.0,1.0,1.375,0.0,1.0,0.0,0.0,1.0,0.0,1.0,0.0,0.9878709,0.012129136,2
1721,0,0.0,1.0,1.0,1.0,0.0,5.0,4.0,2.0,10.0,6.0,3.0,0.39,2.0,81.0,3.0,0.0,4.0,2.0,7.1,0.0,1.0,0.0,0.0,0.0,0.0,2.0,4.0,0.61652553,0.38347447,1
1721,1,0.0,1.0,1.0,1.0,0.0,5.0,4.0,2.0,10.0,6.0,3.0,0.39,2.0,81.0,3.0,0.0,4.0,2.0,40.9,0.0,1.0,0.0,0.0,0.0,0.0,2.0,4.0,0.6656977,0.33430228,1
1721,2,0.0,1.0,1.0,1.0,0.0,5.0,4.0,2.0,10.0,6.0,3.0,0.39,2.0,81.0,3.0,0.0,4.0,2.0,13.9,0.0,1.0,0.0,0.0,0.0,0.0,2.0,4.0,0.6656977,0.33430228,1
1721,3,0.0,1.0,1.0,1.0,0.0,5.0,4.0,2.0,10.0,6.0,3.0,0.39,2.0,81.0,3.0,0.0,4.0,2.0,42.7,0.0,1.0,0.0,0.0,0.0,0.0,2.0,4.0,0.6656977,0.33430228,1
1721,4,0.0,1.0,1.0,1.0,0.0,5.0,4.0,2.0,10.0,6.0,3.0,0.39,2.0,81.0,3.0,0.0,4.0,2.0,37.8,0.0,1.0,0.0,0.0,0.0,0.0,2.0,4.0,0.6656977,0.33430228,1
1721,5,0.0,1.0,1.0,1.0,0.0,5.0,1.0,2.0,10.0,6.0,3.0,0.39,2.0,81.0,3.0,0.0,4.0,2.0,48.9,0.0,1.0,0.0,0.0,0.0,0.0,2.0,4.0,0.90521634,0.094783634,2
1721,6,0.0,1.0,1.0,1.0,0.0,5.0,4.0,2.0,36.0,6.0,3.0,0.39,2.0,81.0,3.0,0.0,4.0,2.0,32.2,0.0,1.0,0.0,0.0,0.0,0.0,2.0,4.0,0.656888,0.34311202,2
1721,7,0.0,1.0,1.0,1.0,0.0,5.0,3.0,2.0,3.0,6.0,3.0,0.39,2.0,81.0,3.0,0.0,4.0,2.0,3.78571428571429,0.0,1.0,0.0,0.0,0.0,0.0,2.0,4.0,0.6325144,0.36748558,2
1721,8,0.0,1.0,1.0,1.0,0.0,5.0,4.0,2.0,10.0,6.0,3.0,0.39,2.0,81.0,3.0,0.0,4.0,2.0,19.7,0.0,1.0,0.0,0.0,0.0,0.0,2.0,4.0,0.6656977,0.33430228,1
1721,9,0.0,1.0,1.0,1.0,0.0,5.0,4.0,2.0,10.0,6.0,3.0,0.39,2.0,81.0,3.0,0.0,4.0,2.0,19.4,0.0,1.0,0.0,0.0,0.6,0.0,2.0,4.0,0.77288276,0.22711724,2
1721,10,0.0,1.0,1.0,1.0,0.0,5.0,4.0,2.0,10.0,6.0,3.0,0.39,2.0,81.0,3.0,0.0,19.0,2.0,3.78571428571429,0.0,1.0,0.0,0.0,0.9,0.0,2.0,4.0,0.6427229,0.3572771,2
1721,11,0.0,1.0,1.0,1.0,0.0,5.0,4.0,2.0,10.0,6.0,3.0,0.39,2.0,81.0,3.0,0.0,4.0,2.0,12.3,0.0,1.0,0.0,0.0,0.5,0.0,2.0,4.0,0.6656977,0.33430228,2
1721,12,0.0,1.0,1.0,1.0,0.0,5.0,0.0,2.0,10.0,6.0,3.0,0.39,2.0,81.0,3.0,0.0,4.0,2.0,23.3,0.0,1.0,0.0,0.0,0.0,0.0,2.0,4.0,0.90521634,0.094783634,2
1721,13,0.0,1.0,1.0,1.0,0.0,5.0,4.0,2.0,10.0,6.0,3.0,0.39,2.0,81.0,3.0,0.0,4.0,2.0,3.78571428571429,0.0,1.0,0.0,0.0,0.9,0.0,2.0,4.0,0.65744066,0.34255934,1
1721,14,0.0,1.0,1.0,1.0,0.0,5.0,4.0,2.0,29.0,6.0,3.0,0.39,2.0,81.0,3.0,0.0,4.0,2.0,3.78571428571429,0.0,1.0,0.0,0.0,0.9,0.0,2.0,4.0,0.6485282,0.35147175,2
1721,15,0.0,1.0,1.0,1.0,0.0,5.0,4.0,2.0,5.0,6.0,3.0,0.39,2.0,81.0,3.0,0.0,4.0,2.0,3.78571428571429,0.0,1.0,0.0,0.0,1.0,0.0,2.0,4.0,0.9171217,0.08287829,2
1721,16,0.0,1.0,1.0,1.0,0.0,5.0,3.0,2.0,10.0,6.0,3.0,0.39,2.0,81.0,3.0,0.0,4.0,2.0,3.78571428571429,0.0,1.0,0.0,0.0,0.9,0.0,2.0,4.0,0.6645695,0.3354305,2
1721,17,0.0,1.0,1.0,1.0,0.0,5.0,4.0,2.0,32.0,6.0,3.0,0.39,2.0,81.0,3.0,0.0,4.0,2.0,38.7,0.0,1.0,0.0,0.0,0.0,0.0,2.0,4.0,0.656888,0.34311202,2
1721,18,0.0,1.0,1.0,1.0,0.0,5.0,4.0,2.0,10.0,6.0,3.0,0.39,2.0,81.0,3.0,0.0,4.0,2.0,13.7,0.0,1.0,0.0,0.0,0.0,0.0,2.0,4.0,0.6656977,0.33430228,1
1721,19,0.0,1.0,1.0,1.0,0.0,5.0,6.0,2.0,10.0,6.0,3.0,0.39,2.0,81.0,3.0,0.0,4.0,2.0,27.0,0.0,1.0,0.0,0.0,0.0,0.0,2.0,4.0,0.6656977,0.33430228,2
1721,20,0.0,1.0,1.0,1.0,0.0,5.0,4.0,2.0,36.0,6.0,3.0,0.39,2.0,81.0,3.0,0.0,4.0,2.0,7.5,0.0,1.0,0.0,0.0,0.0,0.0,2.0,4.0,0.656888,0.34311202,2
1721,21,0.0,1.0,1.0,1.0,0.0,5.0,1.0,2.0,10.0,6.0,3.0,0.39,2.0,81.0,3.0,0.0,58.0,2.0,3.78571428571429,0.0,1.0,0.0,0.0,0.0,0.0,2.0,4.0,0.5578644,0.4421356,2
1721,22,0.0,1.0,1.0,1.0,0.0,5.0,4.0,2.0,10.0,6.0,3.0,0.39,2.0,81.0,3.0,0.0,4.0,2.0,49.8,0.0,1.0,0.0,0.0,0.0,0.0,2.0,4.0,0.6656977,0.33430228,1
1721,23,0.0,1.0,1.0,1.0,0.0,5.0,4.0,2.0,10.0,6.0,3.0,0.39,2.0,81.0,3.0,0.0,4.0,2.0,11.7,0.0,1.0,0.0,0.0,0.5,0.0,2.0,4.0,0.6656977,0.33430228,2
1721,24,0.0,1.0,1.0,1.0,0.0,5.0,4.0,2.0,29.0,6.0,3.0,0.39,2.0,81.0,3.0,0.0,4.0,2.0,24.6,0.0,1.0,0.0,0.0,0.0,0.0,2.0,4.0,0.656888,0.34311202,2
1721,25,0.0,1.0,1.0,1.0,0.0,5.0,4.0,2.0,10.0,6.0,3.0,0.39,2.0,81.0,3.0,0.0,4.0,2.0,46.5,0.0,1.0,0.0,0.0,0.0,0.0,2.0,4.0,0.6656977,0.33430228,1
1721,26,0.0,1.0,1.0,1.0,0.0,5.0,3.0,2.0,10.0,6.0,3.0,0.39,2.0,81.0,3.0,0.0,4.0,2.0,49.8,0.0,1.0,0.0,0.0,0.0,0.0,2.0,4.0,0.6727402,0.32725975,2
1721,27,0.0,1.0,1.0,1.0,0.0,5.0,4.0,2.0,10.0,6.0,3.0,0.39,2.0,81.0,3.0,0.0,4.0,2.0,48.4,0.0,1.0,0.0,0.0,1.1,0.0,2.0,4.0,0.9819836,0.018016415,2
1721,28,0.0,1.0,1.0,1.0,0.0,5.0,4.0,2.0,10.0,6.0,3.0,0.39,2.0,81.0,3.0,0.0,4.0,2.0,29.6,0.0,1.0,0.0,0.0,0.8,0.0,2.0,4.0,0.8236848,0.17631516,2
1721,29,0.0,1.0,1.0,1.0,0.0,5.0,3.0,2.0,10.0,6.0,3.0,0.39,2.0,81.0,3.0,0.0,4.0,2.0,36.0,0.0,1.0,0.0,0.0,0.0,0.0,2.0,4.0,0.6727402,0.32725975,2
1722,0,0.0,0.0,2.0,1.0,2.0,1.0,3.0,1.0,15.0,9.0,3.0,2.45,0.0,90.0,2.0,3.0,4.0,7.0,3.83333333333333,1.0,2.0,0.0,0.0,0.0,0.0,3.0,2.0,0.80236804,0.19763196,2
1722,1,0.0,0.0,2.0,1.0,2.0,1.0,3.0,1.0,15.0,9.0,3.0,3.76,0.0,90.0,2.0,3.0,4.0,4.0,3.83333333333333,1.0,2.0,0.0,0.0,0.0,0.0,3.0,2.0,0.8186779,0.18132207,2
1722,2,0.0,0.0,2.0,1.0,2.0,1.0,3.0,1.0,15.0,9.0,3.0,1.37,0.0,90.0,2.0,3.0,4.0,1.0,3.83333333333333,1.0,2.0,0.0,0.0,0.0,0.0,3.0,2.0,0.6203777,0.37962228,1
1722,3,0.0,0.0,2.0,1.0,2.0,1.0,3.0,1.0,15.0,9.0,3.0,0.22,0.0,90.0,2.0,3.0,4.0,6.0,3.83333333333333,1.0,2.0,0.0,0.0,1.0,0.0,3.0,2.0,0.6529845,0.34701553,2
1722,4,0.0,0.0,2.0,1.0,2.0,1.0,3.0,1.0,15.0,9.0,3.0,0.78,0.0,90.0,2.0,3.0,4.0,1.0,3.83333333333333,1.0,2.0,0.0,0.0,0.4,0.0,3.0,2.0,0.69892764,0.30107233,2
1722,5,0.0,0.0,2.0,1.0,2.0,1.0,3.0,1.0,15.0,9.0,3.0,1.08,0.0,90.0,2.0,3.0,4.0,1.0,4.1,1.0,2.0,0.0,0.0,0.0,0.0,3.0,2.0,0.65440655,0.34559345,2
1722,6,0.0,0.0,2.0,1.0,2.0,1.0,3.0,1.0,15.0,9.0,3.0,0.22,0.0,90.0,2.0,3.0,4.0,5.0,7.6,1.0,2.0,0.0,0.0,0.0,0.0,3.0,2.0,0.7657634,0.23423661,2
1722,7,0.0,0.0,2.0,1.0,2.0,1.0,3.0,1.0,15.0,9.0,3.0,9.33,0.0,90.0,2.0,3.0,4.0,4.0,3.83333333333333,1.0,2.0,0.0,0.0,0.0,0.0,3.0,2.0,0.7618076,0.23819238,2
1722,8,0.0,0.0,2.0,1.0,2.0,1.0,3.0,1.0,15.0,9.0,3.0,4.96,0.0,90.0,2.0,3.0,4.0,0.0,3.83333333333333,1.0,2.0,0.0,0.0,0.0,0.0,3.0,2.0,0.50793624,0.49206373,2
1722,9,0.0,0.0,2.0,1.0,2.0,1.0,3.0,1.0,15.0,9.0,3.0,3.04,0.0,90.0,2.0,3.0,4.0,1.0,3.83333333333333,1.0,2.0,0.0,0.0,0.0,0.0,3.0,2.0,0.5473743,0.4526257,1
1722,10,0.0,0.0,2.0,1.0,2.0,1.0,3.0,1.0,15.0,9.0,3.0,0.22,0.0,90.0,2.0,3.0,4.0,1.0,22.0,1.0,2.0,0.0,0.0,0.7,0.0,3.0,2.0,0.5032013,0.4967987,2
1722,11,0.0,0.0,2.0,1.0,2.0,1.0,3.0,1.0,15.0,9.0,3.0,0.98,0.0,90.0,2.0,3.0,4.0,3.0,3.83333333333333,1.0,2.0,0.0,0.0,0.0,0.0,3.0,2.0,0.8488569,0.15114304,2
1722,12,0.0,0.0,2.0,1.0,2.0,1.0,3.0,1.0,15.0,9.0,3.0,9.61,0.0,90.0,2.0,3.0,4.0,1.0,37.6,1.0,2.0,0.0,0.0,0.0,0.0,3.0,2.0,0.6907985,0.30920148,2
1722,13,0.0,0.0,2.0,1.0,2.0,1.0,3.0,1.0,15.0,9.0,3.0,4.18,0.0,90.0,2.0,3.0,4.0,1.0,3.83333333333333,1.0,2.0,0.0,0.0,0.0,0.0,3.0,2.0,0.5473743,0.4526257,1
1722,14,0.0,0.0,2.0,1.0,2.0,1.0,3.0,1.0,15.0,9.0,3.0,6.96,0.0,90.0,2.0,3.0,4.0,7.0,3.83333333333333,1.0,2.0,0.0,0.0,0.0,0.0,3.0,2.0,0.7618076,0.23819238,2
1722,15,0.0,0.0,2.0,1.0,2.0,1.0,3.0,1.0,15.0,9.0,3.0,0.74,0.0,90.0,2.0,3.0,4.0,2.0,3.83333333333333,1.0,2.0,0.0,0.0,0.0,0.0,3.0,2.0,0.76626146,0.23373851,2
1722,16,0.0,0.0,2.0,1.0,2.0,1.0,3.0,1.0,15.0,9.0,3.0,0.22,0.0,90.0,2.0,3.0,0.0,2.0,3.83333333333333,1.0,2.0,0.0,0.0,0.0,0.0,3.0,2.0,0.59755296,0.40244704,2
1722,17,0.0,0.0,2.0,1.0,2.0,1.0,3.0,1.0,15.0,9.0,3.0,6.71,0.0,90.0,2.0,3.0,4.0,1.0,26.2,1.0,2.0,0.0,0.0,0.0,0.0,3.0,2.0,0.6907985,0.30920148,2
1722,18,0.0,0.0,2.0,1.0,2.0,1.0,3.0,1.0,15.0,9.0,3.0,2.42,0.0,90.0,2.0,3.0,4.0,1.0,3.83333333333333,1.0,2.0,0.0,0.0,0.0,0.0,3.0,2.0,0.5209408,0.4790592,1
1722,19,0.0,0.0,2.0,1.0,2.0,1.0,3.0,1.0,15.0,9.0,3.0,3.04,0.0,90.0,2.0,3.0,4.0,1.0,3.83333333333333,1.0,2.0,0.0,0.0,0.5,0.0,3.0,2.0,0.5473743,0.4526257,2
1722,20,0.0,0.0,2.0,1.0,2.0,1.0,3.0,1.0,15.0,9.0,3.0,8.1,0.0,90.0,2.0,3.0,4.0,1.0,31.7,1.0,2.0,0.0,0.0,0.0,0.0,3.0,2.0,0.6907985,0.30920148,2
1722,21,0.0,0.0,2.0,1.0,2.0,1.0,3.0,1.0,15.0,9.0,3.0,0.22,0.0,90.0,2.0,3.0,4.0,1.0,27.1,1.0,2.0,0.0,0.0,0.7,0.0,3.0,2.0,0.5032013,0.4967987,2
1722,22,0.0,0.0,2.0,1.0,2.0,1.0,3.0,1.0,15.0,9.0,3.0,10.91,0.0,90.0,2.0,3.0,4.0,6.0,3.83333333333333,1.0,2.0,0.0,0.0,0.0,0.0,3.0,2.0,0.7618076,0.23819238,2
1722,23,0.0,0.0,2.0,1.0,2.0,1.0,3.0,1.0,15.0,9.0,3.0,11.79,0.0,90.0,2.0,3.0,4.0,1.0,3.83333333333333,1.0,2.0,0.0,0.0,1.0,0.0,3.0,2.0,0.93093663,0.06906336,2
1722,24,0.0,0.0,2.0,1.0,2.0,1.0,3.0,1.0,15.0,9.0,3.0,3.52,0.0,90.0,2.0,3.0,4.0,4.0,3.83333333333333,1.0,2.0,0.0,0.0,0.0,0.0,3.0,2.0,0.8186779,0.18132207,2
1722,25,0.0,0.0,2.0,1.0,2.0,1.0,3.0,1.0,15.0,9.0,3.0,3.48,0.0,90.0,2.0,3.0,4.0,6.0,3.83333333333333,1.0,2.0,0.0,0.0,0.0,0.0,3.0,2.0,0.8186779,0.18132207,2
1722,26,0.0,0.0,2.0,1.0,2.0,1.0,3.0,1.0,15.0,9.0,3.0,1.44,0.0,90.0,2.0,3.0,4.0,1.0,3.83333333333333,1.0,2.0,0.0,0.0,0.4,0.0,3.0,2.0,0.50982213,0.49017787,2
1722,27,0.0,0.0,2.0,1.0,2.0,1.0,3.0,1.0,15.0,9.0,3.0,0.22,0.0,90.0,2.0,3.0,4.0,3.0,31.3,1.0,2.0,0.0,0.0,0.0,0.0,3.0,2.0,0.7657634,0.23423661,2
1722,28,0.0,0.0,2.0,1.0,2.0,1.0,3.0,1.0,15.0,9.0,3.0,0.95,0.0,90.0,2.0,3.0,4.0,2.0,3.83333333333333,1.0,2.0,0.0,0.0,0.0,0.0,3.0,2.0,0.71171,0.28829,2
1722,29,0.0,0.0,2.0,1.0,2.0,1.0,3.0,1.0,15.0,9.0,3.0,0.22,0.0,90.0,2.0,3.0,4.0,3.0,34.8,1.0,2.0,0.0,0.0,0.0,0.0,3.0,2.0,0.7657634,0.23423661,2
1735,0,0.0,0.0,1.0,7.0,5.0,0.0,2.0,1.0,4.0,6.0,26.0,0.15,0.0,90.0,1.0,0.0,3.0,4.0,40.9,0.0,0.0,0.0,0.0,0.0,0.0,3.0,3.0,0.5740271,0.42597288,2
1735,1,0.0,0.0,1.0,7.0,5.0,0.0,2.0,1.0,3.0,6.0,103.0,0.15,0.0,90.0,1.0,0.0,3.0,4.0,9.1,0.0,0.0,0.0,0.0,0.0,0.0,3.0,3.0,0.70013106,0.29986894,2
1735,2,0.0,0.0,1.0,7.0,5.0,0.0,2.0,1.0,3.0,6.0,26.0,0.15,0.0,90.0,1.0,0.0,3.0,4.0,46.7,0.0,0.0,0.0,0.0,0.0,0.0,3.0,3.0,0.63725054,0.36274943,1
1735,3,0.0,0.0,1.0,7.0,5.0,0.0,2.0,1.0,3.0,6.0,77.0,0.15,0.0,90.0,1.0,0.0,3.0,4.0,3.41379310344828,0.0,0.0,0.0,0.0,1.0,0.0,3.0,3.0,0.83651775,0.16348225,2
1735,4,0.0,0.0,1.0,7.0,5.0,0.0,2.0,1.0,3.0,6.0,26.0,3.0,0.0,90.0,1.0,0.0,3.0,4.0,11.6,0.0,0.0,0.0,0.0,0.0,0.0,3.0,3.0,0.7494701,0.25052992,2
1735,5,0.0,0.0,1.0,7.0,5.0,0.0,2.0,1.0,3.0,6.0,26.0,0.15,0.0,90.0,1.0,0.0,3.0,4.0,8.9,0.0,0.0,0.0,0.0,0.5,0.0,3.0,3.0,0.63725054,0.36274943,2
1735,6,0.0,0.0,1.0,7.0,5.0,0.0,2.0,1.0,3.0,6.0,26.0,0.15,0.0,90.0,1.0,0.0,3.0,4.0,40.9,0.0,0.0,0.0,0.0,0.0,0.0,3.0,3.0,0.63725054,0.36274943,1
1735,7,0.0,0.0,1.0,7.0,5.0,0.0,2.0,1.0,3.0,6.0,26.0,0.15,0.0,90.0,1.0,0.0,3.0,4.0,12.2,0.0,0.0,0.0,0.0,0.0,0.0,3.0,3.0,0.63725054,0.36274943,1
1735,8,0.0,0.0,1.0,7.0,5.0,0.0,2.0,1.0,3.0,6.0,26.0,0.15,0.0,90.0,1.0,0.0,3.0,4.0,16.1,0.0,0.0,0.0,0.0,0.0,0.0,3.0,3.0,0.63725054,0.36274943,1
1735,9,0.0,0.0,1.0,7.0,5.0,0.0,2.0,1.0,3.0,6.0,43.0,0.15,0.0,90.0,1.0,0.0,3.0,4.0,3.41379310344828,0.0,0.0,0.0,0.0,1.0,0.0,3.0,3.0,0.83651775,0.16348225,2
1735,10,0.0,0.0,1.0,7.0,5.0,0.0,2.0,1.0,18.0,6.0,26.0,0.15,0.0,90.0,1.0,0.0,3.0,4.0,3.41379310344828,0.0,0.0,0.0,0.0,1.0,0.0,3.0,3.0,0.73345846,0.26654154,2
1735,11,0.0,0.0,1.0,7.0,5.0,0.0,2.0,1.0,3.0,6.0,2.0,0.15,0.0,90.0,1.0,0.0,3.0,4.0,23.0,0.0,0.0,0.0,0.0,0.0,0.0,3.0,3.0,0.9633155,0.03668452,2
1735,12,0.0,0.0,1.0,7.0,5.0,0.0,2.0,1.0,3.0,6.0,26.0,0.15,0.0,90.0,1.0,0.0,3.0,4.0,6.7,0.0,0.0,0.0,0.0,0.0,0.0,3.0,3.0,0.58649325,0.41350675,1
1735,13,0.0,0.0,1.0,7.0,5.0,0.0,2.0,1.0,3.0,6.0,26.0,0.15,0.0,90.0,1.0,0.0,3.0,4.0,28.2,0.0,0.0,0.0,0.0,0.8,0.0,3.0,3.0,0.86972594,0.13027403,2
1735,14,0.0,0.0,1.0,7.0,5.0,0.0,2.0,1.0,3.0,6.0,26.0,0.15,0.0,90.0,1.0,0.0,3.0,4.0,23.2,0.0,0.0,0.0,0.0,0.0,0.0,3.0,3.0,0.63725054,0.36274943,1
1735,15,0.0,0.0,1.0,7.0,5.0,0.0,2.0,1.0,10.0,6.0,26.0,0.15,0.0,90.0,1.0,0.0,3.0,4.0,3.41379310344828,0.0,0.0,0.0,0.0,1.1,0.0,3.0,3.0,0.7053826,0.29461738,2
1735,16,0.0,0.0,1.0,7.0,5.0,0.0,2.0,1.0,3.0,6.0,26.0,0.15,0.0,90.0,1.0,0.0,3.0,4.0,26.4,0.0,0.0,0.0,0.0,0.0,0.0,3.0,3.0,0.63725054,0.36274943,1
1735,17,0.0,0.0,1.0,7.0,5.0,0.0,2.0,1.0,3.0,6.0,26.0,0.15,0.0,90.0,1.0,0.0,3.0,4.0,5.5,0.0,0.0,0.0,0.0,0.4,0.0,3.0,3.0,0.5857953,0.41420472,2
1735,18,0.0,0.0,1.0,7.0,5.0,0.0,2.0,1.0,3.0,6.0,26.0,2.04,0.0,90.0,1.0,0.0,3.0,4.0,7.9,0.0,0.0,0.0,0.0,0.0,0.0,3.0,3.0,0.72899574,0.27100426,2
1735,19,0.0,0.0,1.0,7.0,5.0,0.0,2.0,1.0,3.0,6.0,26.0,3.47,0.0,90.0,1.0,0.0,3.0,4.0,13.5,0.0,0.0,0.0,0.0,0.0,0.0,3.0,3.0,0.7494701,0.25052992,2
1735,20,0.0,0.0,1.0,7.0,5.0,0.0,2.0,1.0,3.0,6.0,14.0,0.15,0.0,90.0,1.0,0.0,3.0,4.0,3.41379310344828,0.0,0.0,0.0,0.0,0.9,0.0,3.0,3.0,0.8620619,0.1379381,2
1735,21,0.0,0.0,1.0,7.0,5.0,0.0,2.0,1.0,3.0,6.0,8.0,0.15,0.0,90.0,1.0,0.0,3.0,4.0,3.41379310344828,0.0,0.0,0.0,0.0,0.9,0.0,3.0,3.0,0.8807056,0.11929439,2
1735,22,0.0,0.0,1.0,7.0,5.0,0.0,2.0,1.0,3.0,6.0,33.0,0.15,0.0,90.0,1.0,0.0,3.0,4.0,36.6,0.0,0.0,0.0,0.0,0.0,0.0,3.0,3.0,0.70013106,0.29986894,2
1735,23,0.0,0.0,1.0,7.0,5.0,0.0,2.0,1.0,3.0,6.0,26.0,8.1,0.0,90.0,1.0,0.0,3.0,4.0,3.41379310344828,0.0,0.0,0.0,0.0,0.8,0.0,3.0,3.0,0.8351295,0.16487049,2
1735,24,0.0,0.0,1.0,7.0,5.0,0.0,2.0,1.0,3.0,6.0,124.0,0.15,0.0,90.0,1.0,0.0,3.0,4.0,46.7,0.0,0.0,0.0,0.0,0.0,0.0,3.0,3.0,0.70013106,0.29986894,2
1735,25,0.0,0.0,1.0,7.0,5.0,0.0,2.0,1.0,3.0,6.0,26.0,0.15,0.0,90.0,1.0,0.0,3.0,4.0,31.4,0.0,0.0,0.0,0.0,0.8,0.0,3.0,3.0,0.86972594,0.13027403,2
1735,26,0.0,0.0,1.0,7.0,5.0,0.0,2.0,1.0,3.0,6.0,97.0,0.15,0.0,90.0,1.0,0.0,3.0,4.0,3.41379310344828,0.0,0.0,0.0,0.0,0.9,0.0,3.0,3.0,0.5681571,0.43184295,2
1735,27,0.0,0.0,1.0,7.0,5.0,0.0,2.0,1.0,3.0,6.0,26.0,0.15,0.0,90.0,1.0,0.0,3.0,4.0,25.1,0.0,0.0,0.0,0.0,0.0,0.0,3.0,3.0,0.63725054,0.36274943,1
1735,28,0.0,0.0,1.0,7.0,5.0,0.0,2.0,1.0,3.0,6.0,26.0,3.98,0.0,90.0,1.0,0.0,3.0,4.0,15.5,0.0,0.0,0.0,0.0,0.0,0.0,3.0,3.0,0.7494701,0.25052992,2
1735,29,0.0,0.0,1.0,7.0,5.0,0.0,2.0,1.0,3.0,6.0,26.0,10.12,0.0,90.0,1.0,0.0,3.0,4.0,39.6,0.0,0.0,0.0,0.0,0.0,0.0,3.0,3.0,0.6793938,0.32060617,2
