feature,value,importance,left,right,rec,rule,min,max
CountClassCoupled,22.0,0.029030945750748053,0.0,18.505132292347,-1,18.505132292347 < CountClassCoupled <= 34.49944319326817,0.0,108.0
CountDeclMethodPublic,13.0,0.010279778153630736,0.0,11.48631564410915,-1,11.48631564410915 < CountDeclMethodPublic <= 43.48930102784986,0.0,217.0
OWN_COMMIT,0.6,0.008154647861105735,0.0,0.2239089921712486,-1,0.2239089921712486 < OWN_COMMIT <= 0.8656770168722359,0.0,1.0
MAJOR_LINE,3.0,0.008077602123870707,0.0,2.494954149576622,-1,2.494954149576622 < MAJOR_LINE <= 4.495439044857874,0.0,11.0
MINOR_LINE,2.0,-0.0005748505247571823,2.499954939123809,7.0,1,1.5027227429627759 < MINOR_LINE <= 2.499954939123809,1.0,7.0
