feature,value,importance,left,right,rec,rule,min,max
CountClassCoupled,19.0,0.035691545558007146,0.0,18.505132292347,-1,18.505132292347 < CountClassCoupled <= 34.49944319326817,0.0,108.0
OWN_COMMIT,0.666666666666667,0.007966163068281762,0.0,0.2239089921712486,-1,0.2239089921712486 < OWN_COMMIT <= 0.8656770168722359,0.0,1.0
MINOR_LINE,3.0,0.0041321147818188155,1.0,2.499954939123809,-1,2.499954939123809 < MINOR_LINE <= 3.4971871352848427,1.0,7.0
CountDeclMethodPublic,5.0,-0.000859967102745552,6.477152714480169,217.0,1,4.529144908513342 < CountDeclMethodPublic <= 6.477152714480169,0.0,217.0
