feature,value,importance,left,right,rec,rule,min,max
MAJOR_LINE,8.0,0.09980416130793775,0.0,6.495923940139127,-1,MAJOR_LINE > 6.495923940139127,0.0,11.0
CountDeclMethodPublic,167.0,0.04671144868860973,0.0,71.96731990555539,-1,CountDeclMethodPublic > 71.96731990555539,0.0,217.0
CountClassCoupled,32.0,0.021792769797713635,0.0,18.505132292347,-1,18.505132292347 < CountClassCoupled <= 34.49944319326817,0.0,108.0
OWN_COMMIT,0.625,0.004182526713506258,0.0,0.2239089921712486,-1,0.2239089921712486 < OWN_COMMIT <= 0.8656770168722359,0.0,1.0
