feature,value,importance,left,right,rec,rule,min,max
OWN_COMMIT,0.666666666666667,0.27060817566093076,0.0,0.36450244784925023,-1,0.36450244784925023 < OWN_COMMIT <= 0.9806106315167405,0.0,1.0
CountClassCoupled,21.0,0.09193443997836274,0.0,20.47194193978083,-1,20.47194193978083 < CountClassCoupled <= 22.47692780684256,0.0,42.0
MaxInheritanceTree,2.0,-0.08381845455788557,2.4990705242078834,5.0,1,1.4975445324042342 < MaxInheritanceTree <= 2.4990705242078834,0.0,5.0
MAJOR_LINE,1.0,0.014777593596230177,0.0,0.49910133276318186,-1,0.49910133276318186 < MAJOR_LINE <= 2.4941625536953684,0.0,11.0
