feature,value,importance,left,right,rec,rule,min,max
OWN_COMMIT,0.5,0.24887417595746456,0.0,0.36450244784925023,-1,0.36450244784925023 < OWN_COMMIT <= 0.9806106315167405,0.0,1.0
CountClassCoupled,37.0,0.06870043294785648,0.0,22.47692780684256,-1,CountClassCoupled > 22.47692780684256,0.0,42.0
MaxInheritanceTree,4.0,-0.06789359045309146,5.0,5.0,1,MaxInheritanceTree > 3.5005965160115324,0.0,5.0
CountDeclMethodPublic,49.0,0.027980863873445647,0.0,26.502145012810463,-1,26.502145012810463 < CountDeclMethodPublic <= 52.98285999938886,0.0,82.0
MAJOR_LINE,1.0,0.020903399539846892,0.0,0.49910133276318186,-1,0.49910133276318186 < MAJOR_LINE <= 2.4941625536953684,0.0,11.0
