feature,value,importance,left,right,rec,rule,min,max
OWN_COMMIT,0.625,0.2694917462748162,0.0,0.36450244784925023,-1,0.36450244784925023 < OWN_COMMIT <= 0.9806106315167405,0.0,1.0
CountClassCoupled,34.0,0.0893217151477582,0.0,22.47692780684256,-1,CountClassCoupled > 22.47692780684256,0.0,42.0
MaxInheritanceTree,2.0,-0.08687053114070784,2.4990705242078834,5.0,1,1.4975445324042342 < MaxInheritanceTree <= 2.4990705242078834,0.0,5.0
CountDeclMethodPublic,60.0,0.015750759579485466,0.0,52.98285999938886,-1,CountDeclMethodPublic > 52.98285999938886,0.0,82.0
MAJOR_LINE,1.0,0.01412093849954808,0.0,0.49910133276318186,-1,0.49910133276318186 < MAJOR_LINE <= 2.4941625536953684,0.0,11.0
