feature,value,importance,left,right,rec,rule,min,max
OWN_COMMIT,0.6,0.2493484605727264,0.0,0.36450244784925023,-1,0.36450244784925023 < OWN_COMMIT <= 0.9806106315167405,0.0,1.0
MaxInheritanceTree,2.0,-0.07704218541625152,2.4990705242078834,5.0,1,1.4975445324042342 < MaxInheritanceTree <= 2.4990705242078834,0.0,5.0
CountClassCoupled,15.0,0.06960217077813621,0.0,12.518831333769295,-1,12.518831333769295 < CountClassCoupled <= 20.47194193978083,0.0,42.0
CountDeclMethodPublic,52.0,0.02342091665629347,0.0,26.502145012810463,-1,26.502145012810463 < CountDeclMethodPublic <= 52.98285999938886,0.0,82.0
MAJOR_LINE,3.0,0.011617244724335929,0.0,2.4941625536953684,-1,2.4941625536953684 < MAJOR_LINE <= 4.502888577510651,0.0,11.0
