feature,value,importance,left,right,rec,rule,min,max
OWN_COMMIT,0.5,0.26398542855068047,0.0,0.36450244784925023,-1,0.36450244784925023 < OWN_COMMIT <= 0.9806106315167405,0.0,1.0
CountClassCoupled,2.0,-0.02820790078399453,8.508859599645833,42.0,1,0.4889161313989083 < CountClassCoupled <= 8.508859599645833,0.0,42.0
MAJOR_LINE,2.0,0.021271546094443032,0.0,0.49910133276318186,-1,0.49910133276318186 < MAJOR_LINE <= 2.4941625536953684,0.0,11.0
CountDeclMethodPublic,10.0,0.009741373293740732,0.0,9.533919875779645,-1,9.533919875779645 < CountDeclMethodPublic <= 25.473767731778292,0.0,82.0
