feature,value,importance,left,right,rec,rule,min,max
OWN_COMMIT,0.6,0.2680233891314509,0.0,0.36450244784925023,-1,0.36450244784925023 < OWN_COMMIT <= 0.9806106315167405,0.0,1.0
MaxInheritanceTree,4.0,-0.08036131466945848,5.0,5.0,1,MaxInheritanceTree > 3.5005965160115324,0.0,5.0
CountClassCoupled,26.0,0.07948852086398125,0.0,22.47692780684256,-1,CountClassCoupled > 22.47692780684256,0.0,42.0
MAJOR_LINE,2.0,0.0168392600384942,0.0,0.49910133276318186,-1,0.49910133276318186 < MAJOR_LINE <= 2.4941625536953684,0.0,11.0
CountDeclMethodPublic,13.0,0.006645052393234256,0.0,9.533919875779645,-1,9.533919875779645 < CountDeclMethodPublic <= 25.473767731778292,0.0,82.0
