feature,value,importance,left,right,rec,rule,min,max
OWN_COMMIT,1.0,0.23492173913527217,0.0,0.9806106315167405,-1,OWN_COMMIT > 0.9806106315167405,0.0,1.0
MaxInheritanceTree,2.0,-0.0855539835655405,2.4990705242078834,5.0,1,1.4975445324042342 < MaxInheritanceTree <= 2.4990705242078834,0.0,5.0
CountClassCoupled,26.0,0.07974096030102754,0.0,22.47692780684256,-1,CountClassCoupled > 22.47692780684256,0.0,42.0
MAJOR_LINE,1.0,0.018649753162925553,0.0,0.49910133276318186,-1,0.49910133276318186 < MAJOR_LINE <= 2.4941625536953684,0.0,11.0
