feature,value,importance,min,max,rule,importance_ratio
MAJOR_LINE,11.0,0.22853680622164804,0.0,12.0,MAJOR_LINE > 7.503675252679776,0.1862893175800694
Added_lines,54.0,0.21436119461029102,0.0,10080.0,14.469711558006416 < Added_lines <= 1320.5590427581683,0.17473422036391836
CountLineComment,1278.0,0.13758524548452977,15.0,3419.0,CountLineComment > 430.39806709852445,0.11215113186425339
OWN_LINE,0.798611111111111,0.12614513682159975,0.252747252747253,1.0,0.767298239402207 < OWN_LINE <= 0.818125123478282,0.10282585043106428
CountDeclInstanceVariable,54.0,0.07073724819548832,0.0,1114.0,CountDeclInstanceVariable > 21.485480801487,0.057660706438021764
