feature,value,importance,min,max,rule,importance_ratio
MAJOR_LINE,6.0,0.26014239160394304,0.0,12.0,4.497171535648503 < MAJOR_LINE <= 7.503675252679776,0.19871918459536123
Added_lines,0.0,-0.18964983429472387,0.0,10080.0,Added_lines <= 2.0010783245919797,0.1448708924267523
CountLineComment,657.0,0.14667936391812134,15.0,3419.0,CountLineComment > 430.39806709852445,0.11204634283193665
MaxInheritanceTree,1.0,-0.13184468271237895,0.0,7.0,0.4959182153937882 < MaxInheritanceTree <= 1.4946384033941256,0.1007143344854255
CountDeclInstanceVariable,38.0,0.0931557141402034,0.0,1114.0,CountDeclInstanceVariable > 21.485480801487,0.0711603650608523
