feature,value,importance,min,max,rule,importance_ratio
Added_lines,114.0,0.21621249635555642,0.0,10080.0,14.469711558006416 < Added_lines <= 1320.5590427581683,0.20568716604918885
OWN_LINE,0.753623188405797,0.1803260074542793,0.252747252747253,1.0,0.6816950662214489 < OWN_LINE <= 0.767298239402207,0.17154764901858746
MaxInheritanceTree,1.0,-0.12649960620702339,0.0,7.0,0.4959182153937882 < MaxInheritanceTree <= 1.4946384033941256,0.12034154336885695
CountLineComment,333.0,0.09888667167113255,15.0,3419.0,254.46825531408285 < CountLineComment <= 430.39806709852445,0.09407282002157574
MAJOR_LINE,4.0,0.07236542423265845,0.0,12.0,2.492835724294319 < MAJOR_LINE <= 4.497171535648503,0.06884263990868211
