feature,value,importance,min,max,rule,importance_ratio
MAJOR_LINE,7.0,0.2540519474161153,0.0,12.0,4.497171535648503 < MAJOR_LINE <= 7.503675252679776,0.23270818822006967
Added_lines,0.0,-0.18796893942098936,0.0,10080.0,Added_lines <= 2.0010783245919797,0.17217703615025223
OWN_LINE,0.630637079455977,0.17741803954617114,0.252747252747253,1.0,OWN_LINE <= 0.6736697687357529,0.16251255288636776
CountLineComment,428.0,0.09287926306602966,15.0,3419.0,254.46825531408285 < CountLineComment <= 430.39806709852445,0.08507616356079137
MINOR_COMMIT,0.0,-0.04549073976518311,0.0,6.0,MINOR_COMMIT <= 0.49897740704811133,0.04166890960378024
