feature,value,importance,min,max,rule,importance_ratio
MAJOR_LINE,7.0,0.25049198616677043,0.0,12.0,4.497171535648503 < MAJOR_LINE <= 7.503675252679776,0.20282624917916015
Added_lines,14.0,0.21618764899333265,0.0,10080.0,14.469711558006416 < Added_lines <= 1320.5590427581683,0.1750496318672063
OWN_LINE,0.682605111294312,0.18358243440026578,0.252747252747253,1.0,0.6816950662214489 < OWN_LINE <= 0.767298239402207,0.1486488136981552
CountLineComment,397.0,0.09902975461451173,15.0,3419.0,254.46825531408285 < CountLineComment <= 430.39806709852445,0.08018553404826877
MaxInheritanceTree,3.0,0.08991581353975003,0.0,7.0,2.493358591394463 < MaxInheritanceTree <= 3.505949893117027,0.07280587088330392
