feature,value,importance,min,max,rule,importance_ratio
MAJOR_LINE,5.0,0.2518853292438757,0.0,12.0,4.497171535648503 < MAJOR_LINE <= 7.503675252679776,0.2399195195893796
CountLineComment,295.0,0.09423157652823196,15.0,3419.0,254.46825531408285 < CountLineComment <= 430.39806709852445,0.08975510657436575
MaxInheritanceTree,3.0,0.0850399170298118,0.0,7.0,2.493358591394463 < MaxInheritanceTree <= 3.505949893117027,0.0810000967541829
OWN_LINE,0.973660308810173,-0.07650886391862335,0.252747252747253,1.0,0.818125123478282 < OWN_LINE <= 0.9786310731922031,0.07287431122244147
CountDeclInstanceVariable,34.0,0.07350197043437429,0.0,1114.0,CountDeclInstanceVariable > 21.485480801487,0.07001026017840865
