feature,value,importance,min,max,rule,importance_ratio
MaxInheritanceTree,4.0,0.19533049312338563,0.0,7.0,3.505949893117027 < MaxInheritanceTree <= 4.504670081117364,0.21948797179164456
Added_lines,0.0,-0.18594895355727858,0.0,10080.0,Added_lines <= 2.0010783245919797,0.20894617128358361
OWN_LINE,0.960975609756098,-0.0813145226860625,0.252747252747253,1.0,0.818125123478282 < OWN_LINE <= 0.9786310731922031,0.09137108792479036
MAJOR_LINE,3.0,0.06583798594266127,0.0,12.0,2.492835724294319 < MAJOR_LINE <= 4.497171535648503,0.07398049208974965
CountLineComment,44.0,-0.03975595853176557,15.0,3419.0,33.483247828747665 < CountLineComment <= 48.501646395712186,0.04467277261854847
