feature,value,importance,min,max,rule,importance_ratio
Added_lines,0.0,-0.18842605953380592,0.0,10080.0,Added_lines <= 2.0010783245919797,0.1972729080648371
OWN_LINE,0.786179921773142,0.13589566808451992,0.252747252747253,1.0,0.767298239402207 < OWN_LINE <= 0.818125123478282,0.14227614642462624
MaxInheritanceTree,3.0,0.08824587186082679,0.0,7.0,2.493358591394463 < MaxInheritanceTree <= 3.505949893117027,0.09238913030274869
CountDeclInstanceVariable,23.0,0.08812618009569884,0.0,1114.0,CountDeclInstanceVariable > 21.485480801487,0.09226381885359657
MINOR_COMMIT,0.0,-0.06466881688726307,0.0,6.0,MINOR_COMMIT <= 0.49897740704811133,0.06770510193773913
