feature,value,importance,min,max,rule,importance_ratio
Added_lines,0.0,-0.1876734946006081,0.0,10080.0,Added_lines <= 2.0010783245919797,0.1859300315820913
OWN_LINE,0.768028846153846,0.15050170582522193,0.252747252747253,1.0,0.767298239402207 < OWN_LINE <= 0.818125123478282,0.1491035640210829
MaxInheritanceTree,1.0,-0.13176526020464177,0.0,7.0,0.4959182153937882 < MaxInheritanceTree <= 1.4946384033941256,0.1305411776095959
CountLineComment,288.0,0.09880039574247607,15.0,3419.0,254.46825531408285 < CountLineComment <= 430.39806709852445,0.09788255256724021
MINOR_COMMIT,0.0,-0.07232347546185018,0.0,6.0,MINOR_COMMIT <= 0.49897740704811133,0.07165159952589724
