feature,value,importance,min,max,rule,importance_ratio
Added_lines,27.0,0.21386993579613547,0.0,10080.0,14.469711558006416 < Added_lines <= 1320.5590427581683,0.1961040390376454
OWN_LINE,0.720081135902637,0.17838576885881702,0.252747252747253,1.0,0.6816950662214489 < OWN_LINE <= 0.767298239402207,0.16356749558944764
MaxInheritanceTree,1.0,-0.12672599156727102,0.0,7.0,0.4959182153937882 < MaxInheritanceTree <= 1.4946384033941256,0.1161990286520743
CountLineComment,281.0,0.09915869822922778,15.0,3419.0,254.46825531408285 < CountLineComment <= 430.39806709852445,0.09092171443396466
CountDeclClassVariable,22.0,0.07944446636196045,0.0,321.0,4.5260875082807965 < CountDeclClassVariable <= 57.5229272599681,0.07284511810777058
