feature,value,importance,min,max,rule,importance_ratio
MAJOR_LINE,9.0,0.23763722510231944,0.0,12.0,MAJOR_LINE > 7.503675252679776,0.2020086883455695
OWN_LINE,0.740740740740741,0.17893784064800408,0.252747252747253,1.0,0.6816950662214489 < OWN_LINE <= 0.767298239402207,0.1521100007337993
MaxInheritanceTree,0.0,-0.09107232585670183,0.0,7.0,MaxInheritanceTree <= 0.4959182153937882,0.0774180100906803
Added_lines,8.0,0.08761416486757725,0.0,10080.0,5.118236632945589 < Added_lines <= 14.469711558006416,0.0744783251772578
CountDeclInstanceVariable,121.0,0.07233397259444305,0.0,1114.0,CountDeclInstanceVariable > 21.485480801487,0.061489065613925954
