feature,value,importance,min,max,rule,importance_ratio
MaxInheritanceTree,4.0,0.19213448575870043,0.0,7.0,3.505949893117027 < MaxInheritanceTree <= 4.504670081117364,0.23449189650002475
Added_lines,0.0,-0.18573755047708623,0.0,10080.0,Added_lines <= 2.0010783245919797,0.22668471144394114
OWN_LINE,0.997658079625293,-0.05051107344516943,0.252747252747253,1.0,0.9786310731922031 < OWN_LINE <= 1.0000318664873926,0.06164659800471799
MINOR_COMMIT,0.0,-0.04559697040446289,0.0,6.0,MINOR_COMMIT <= 0.49897740704811133,0.055649146078992386
RatioCommentToCode,0.69,0.0359799554962191,0.05,29.08,0.3158916615634513 < RatioCommentToCode <= 0.8902967105398505,0.04391199199341471
