feature,value,importance,min,max,rule,importance_ratio
Added_lines,0.0,-0.18776357044686448,0.0,10080.0,Added_lines <= 2.0010783245919797,0.17767920908295678
MaxInheritanceTree,5.0,0.17862879913916765,0.0,7.0,MaxInheritanceTree > 4.504670081117364,0.16903504590879853
OWN_LINE,0.506180469715698,0.17728908108625235,0.252747252747253,1.0,OWN_LINE <= 0.6736697687357529,0.16776728111571523
CountLineComment,283.0,0.09608365934707203,15.0,3419.0,254.46825531408285 < CountLineComment <= 430.39806709852445,0.09092322093126824
MAJOR_LINE,2.0,0.057497505804344914,0.0,12.0,1.505625548552707 < MAJOR_LINE <= 2.492835724294319,0.05440944338268107
