feature,value,importance,min,max,rule,importance_ratio
Added_lines,0.0,-0.1866522889094075,0.0,10080.0,Added_lines <= 2.0010783245919797,0.23804900749451255
MaxInheritanceTree,3.0,0.0858706085363393,0.0,7.0,2.493358591394463 < MaxInheritanceTree <= 3.505949893117027,0.1095160056941317
OWN_LINE,0.857685009487666,-0.07975640936642284,0.252747252747253,1.0,0.818125123478282 < OWN_LINE <= 0.9786310731922031,0.10171819591356797
CountDeclClassVariable,16.0,0.0770209010190165,0.0,321.0,4.5260875082807965 < CountDeclClassVariable <= 57.5229272599681,0.09822943587264991
MAJOR_LINE,2.0,0.05618075772220936,0.0,12.0,1.505625548552707 < MAJOR_LINE <= 2.492835724294319,0.07165073460498858
