feature,value,importance,min,max,rule,importance_ratio
MaxInheritanceTree,4.0,0.19253286448571694,0.0,7.0,3.505949893117027 < MaxInheritanceTree <= 4.504670081117364,0.20451674384640764
Added_lines,0.0,-0.18542789368540322,0.0,10080.0,Added_lines <= 2.0010783245919797,0.1969695362718184
OWN_LINE,0.965964343598055,-0.08340107990570057,0.252747252747253,1.0,0.818125123478282 < OWN_LINE <= 0.9786310731922031,0.08859223770003852
CountDeclClassVariable,9.0,0.070142749330992,0.0,321.0,4.5260875082807965 < CountDeclClassVariable <= 57.5229272599681,0.07450866498001688
MAJOR_LINE,2.0,0.056287332269629384,0.0,12.0,1.505625548552707 < MAJOR_LINE <= 2.492835724294319,0.05979084114462663
