feature,value,importance,min,max,rule,importance_ratio
MAJOR_LINE,6.0,0.23811786515784522,0.0,12.0,4.497171535648503 < MAJOR_LINE <= 7.503675252679776,0.18550572155122838
Added_lines,65.0,0.21782339041261128,0.0,10080.0,14.469711558006416 < Added_lines <= 1320.5590427581683,0.16969531111175043
MaxInheritanceTree,4.0,0.19205173335625159,0.0,7.0,3.505949893117027 < MaxInheritanceTree <= 4.504670081117364,0.1496179018226923
OWN_LINE,0.733748886910062,0.1861717592960975,0.252747252747253,1.0,0.6816950662214489 < OWN_LINE <= 0.767298239402207,0.14503710806323064
CountLineComment,322.0,0.10212670866947078,15.0,3419.0,254.46825531408285 < CountLineComment <= 430.39806709852445,0.07956181183139625
