feature,value,importance,min,max,rule,importance_ratio
MAJOR_LINE,5.0,0.24165985203106016,0.0,12.0,4.497171535648503 < MAJOR_LINE <= 7.503675252679776,0.19884340673717224
MaxInheritanceTree,4.0,0.1932034008902341,0.0,7.0,3.505949893117027 < MaxInheritanceTree <= 4.504670081117364,0.158972299715238
Added_lines,0.0,-0.18740517625230832,0.0,10080.0,Added_lines <= 2.0010783245919797,0.1542013841893757
CountLineComment,460.0,0.14906525981454993,15.0,3419.0,CountLineComment > 430.39806709852445,0.12265439972162667
OWN_LINE,0.958313817330211,-0.08118990081321983,0.252747252747253,1.0,0.818125123478282 < OWN_LINE <= 0.9786310731922031,0.0668049588488483
