feature,value,importance,min,max,rule,importance_ratio
MaxInheritanceTree,4.0,0.19608206081476584,0.0,7.0,3.505949893117027 < MaxInheritanceTree <= 4.504670081117364,0.20089967790581245
OWN_LINE,0.57593984962406,0.18743420217362813,0.252747252747253,1.0,OWN_LINE <= 0.6736697687357529,0.1920393466324646
Added_lines,0.0,-0.18538298614098092,0.0,10080.0,Added_lines <= 2.0010783245919797,0.18993773346825293
MAJOR_LINE,0.0,-0.08286941652931967,0.0,12.0,MAJOR_LINE <= 0.5034576428756157,0.08490546774041877
CountDeclMethodPrivate,0.0,-0.03865245895749781,0.0,153.0,CountDeclMethodPrivate <= 0.4813247900963733,0.03960212638811774
