feature,value,importance,min,max,rule,importance_ratio
MaxInheritanceTree,4.0,0.19635574727098928,0.0,7.0,3.505949893117027 < MaxInheritanceTree <= 4.504670081117364,0.22940646221150243
Added_lines,0.0,-0.1850937963776473,0.0,10080.0,Added_lines <= 2.0010783245919797,0.21624889311587678
OWN_LINE,0.91375,-0.08155616727240192,0.252747252747253,1.0,0.818125123478282 < OWN_LINE <= 0.9786310731922031,0.09528374934536736
MAJOR_LINE,4.0,0.06917792388634156,0.0,12.0,2.492835724294319 < MAJOR_LINE <= 4.497171535648503,0.08082199274768521
MINOR_COMMIT,0.0,-0.0369182233150139,0.0,6.0,MINOR_COMMIT <= 0.49897740704811133,0.043132320390618095
