feature,value,importance,min,max,rule,importance_ratio
MaxInheritanceTree,4.0,0.1993587919230097,0.0,7.0,3.505949893117027 < MaxInheritanceTree <= 4.504670081117364,0.20757703493140675
OWN_LINE,0.363636363636364,0.18152019022386917,0.252747252747253,1.0,OWN_LINE <= 0.6736697687357529,0.18900306579610038
Added_lines,11.0,0.0943597033330807,0.0,10080.0,5.118236632945589 < Added_lines <= 14.469711558006416,0.09824952913264208
MAJOR_LINE,0.0,-0.08350897228298185,0.0,12.0,MAJOR_LINE <= 0.5034576428756157,0.0869514942855634
CountLineComment,30.0,-0.0623687758399128,15.0,3419.0,22.755820280915856 < CountLineComment <= 33.483247828747665,0.06493982751535932
