feature,value,importance,min,max,rule,importance_ratio
MAJOR_LINE,10.0,0.23203698194013336,0.0,12.0,MAJOR_LINE > 7.503675252679776,0.15535173838717006
Added_lines,0.0,-0.18884400762911804,0.0,10080.0,Added_lines <= 2.0010783245919797,0.1264334875582576
OWN_LINE,0.515445184736523,0.17837075825220014,0.252747252747253,1.0,OWN_LINE <= 0.6736697687357529,0.1194215126408872
CountLineComment,724.0,0.1439092679197206,15.0,3419.0,CountLineComment > 430.39806709852445,0.09634910243368748
MaxInheritanceTree,1.0,-0.12976583167786576,0.0,7.0,0.4959182153937882 < MaxInheritanceTree <= 1.4946384033941256,0.08687989029099918
