feature,value,importance,min,max,rule,importance_ratio
Added_lines,0.0,-0.18646823514947025,0.0,10080.0,Added_lines <= 2.0010783245919797,0.22163569961865098
MaxInheritanceTree,1.0,-0.12976446028578706,0.0,7.0,0.4959182153937882 < MaxInheritanceTree <= 1.4946384033941256,0.15423772803996946
OWN_LINE,0.962264150943396,-0.08159577760050415,0.252747252747253,1.0,0.818125123478282 < OWN_LINE <= 0.9786310731922031,0.09698454667047868
MAJOR_LINE,2.0,0.058098872561068556,0.0,12.0,1.505625548552707 < MAJOR_LINE <= 2.492835724294319,0.0690561813748354
AvgEssential,11.0,0.0532796733048831,0.0,11.0,AvgEssential > 9.501275068290495,0.06332809263151583
