feature,value,importance,min,max,rule,importance_ratio
MaxInheritanceTree,4.0,0.1931344837993726,0.0,7.0,3.505949893117027 < MaxInheritanceTree <= 4.504670081117364,0.21120156456134714
Added_lines,0.0,-0.1852307155585027,0.0,10080.0,Added_lines <= 2.0010783245919797,0.2025584254099978
CountLineComment,261.0,0.09849828744855749,15.0,3419.0,254.46825531408285 < CountLineComment <= 430.39806709852445,0.10771247063967468
OWN_LINE,0.995402298850575,-0.051587166988593065,0.252747252747253,1.0,0.9786310731922031 < OWN_LINE <= 1.0000318664873926,0.05641297278944926
CountDeclMethodPublic,28.0,0.04441528526379927,0.0,205.0,23.55408671781892 < CountDeclMethodPublic <= 46.44782433188537,0.04857018567382024
