feature,value,importance,min,max,rule,importance_ratio
Added_lines,666.0,0.21403448944968198,0.0,10080.0,14.469711558006416 < Added_lines <= 1320.5590427581683,0.2422663172019538
MaxInheritanceTree,4.0,0.19539680338928578,0.0,7.0,3.505949893117027 < MaxInheritanceTree <= 4.504670081117364,0.2211702612596245
MAJOR_LINE,0.0,-0.0860049503114305,0.0,12.0,MAJOR_LINE <= 0.5034576428756157,0.09734927593520258
OWN_LINE,1.0,-0.0433237792856935,0.252747252747253,1.0,OWN_LINE > 1.0000318664873926,0.04903832313101468
OWN_COMMIT,1.0,-0.04236943368877668,0.0,1.0,OWN_COMMIT > 0.9396574894715668,0.047958096324122915
