feature,value,importance,min,max,rule,importance_ratio
Added_lines,49.0,0.2137637307367335,0.0,10080.0,14.469711558006416 < Added_lines <= 1320.5590427581683,0.20517923160510718
MaxInheritanceTree,4.0,0.19615789705766346,0.0,7.0,3.505949893117027 < MaxInheritanceTree <= 4.504670081117364,0.1882804274272937
CountLineComment,318.0,0.10159302388442115,15.0,3419.0,254.46825531408285 < CountLineComment <= 430.39806709852445,0.09751316795044516
CountDeclClassVariable,21.0,0.07430465474868916,0.0,321.0,4.5260875082807965 < CountDeclClassVariable <= 57.5229272599681,0.07132066751209148
CountDeclMethodPrivate,24.0,0.06025819607686813,0.0,153.0,15.50985379049164 < CountDeclMethodPrivate <= 43.48132001163548,0.0578382980421902
