feature,value,importance,min,max,rule,importance_ratio
MAJOR_LINE,5.0,0.25065844634567275,0.0,12.0,4.497171535648503 < MAJOR_LINE <= 7.503675252679776,0.21936612636307343
Added_lines,18.0,0.2147964625833471,0.0,10080.0,14.469711558006416 < Added_lines <= 1320.5590427581683,0.18798116975647303
CountLineComment,561.0,0.1384291113636944,15.0,3419.0,CountLineComment > 430.39806709852445,0.12114755508321767
OWN_LINE,0.882778581765557,-0.07841548030150691,0.252747252747253,1.0,0.818125123478282 < OWN_LINE <= 0.9786310731922031,0.06862605434376348
CountDeclClassVariable,10.0,0.07618004456931864,0.0,321.0,4.5260875082807965 < CountDeclClassVariable <= 57.5229272599681,0.06666969147447688
