feature,value,importance,min,max,rule,importance_ratio
OWN_LINE,0.427518427518428,0.16983877887272214,0.252747252747253,1.0,OWN_LINE <= 0.6736697687357529,0.20040665894993628
MaxInheritanceTree,1.0,-0.126301004837695,0.0,7.0,0.4959182153937882 < MaxInheritanceTree <= 1.4946384033941256,0.14903288029708914
CountDeclClassVariable,9.0,0.08526407351799982,0.0,321.0,4.5260875082807965 < CountDeclClassVariable <= 57.5229272599681,0.10061005039967648
MAJOR_LINE,3.0,0.06739289587978563,0.0,12.0,2.492835724294319 < MAJOR_LINE <= 4.497171535648503,0.0795223869947287
CountDeclMethodPrivate,0.0,-0.0387184152175593,0.0,153.0,CountDeclMethodPrivate <= 0.4813247900963733,0.045687023217485426
