feature,value,importance,min,max,rule,importance_ratio
Added_lines,361.0,0.21331778495410925,0.0,10080.0,14.469711558006416 < Added_lines <= 1320.5590427581683,0.2158115607664111
CountLineComment,1034.0,0.13745537791703658,15.0,3419.0,CountLineComment > 430.39806709852445,0.1390622898620207
CountDeclClassVariable,6.0,0.07964027273181554,0.0,321.0,4.5260875082807965 < CountDeclClassVariable <= 57.5229272599681,0.08057130145905668
OWN_LINE,0.818152244632401,-0.0793748758052868,0.252747252747253,1.0,0.818125123478282 < OWN_LINE <= 0.9786310731922031,0.0803028019293569
MAJOR_LINE,4.0,0.06931737609405027,0.0,12.0,2.492835724294319 < MAJOR_LINE <= 4.497171535648503,0.07012772576045412
