feature,value,importance,min,max,rule,importance_ratio
Added_lines,555.0,0.21617907881726642,0.0,10080.0,14.469711558006416 < Added_lines <= 1320.5590427581683,0.19667704773711786
MaxInheritanceTree,4.0,0.19942596025512166,0.0,7.0,3.505949893117027 < MaxInheritanceTree <= 4.504670081117364,0.181435268018102
OWN_LINE,0.616647127784291,0.17888887058940392,0.252747252747253,1.0,OWN_LINE <= 0.6736697687357529,0.1627508782674171
CountLineComment,303.0,0.09729646293207483,15.0,3419.0,254.46825531408285 < CountLineComment <= 430.39806709852445,0.08851911660202703
MAJOR_LINE,3.0,0.06857489573024016,0.0,12.0,2.492835724294319 < MAJOR_LINE <= 4.497171535648503,0.06238859058375771
