feature,value,importance,min,max,rule,importance_ratio
Added_lines,0.0,-0.1852550639256677,0.0,10080.0,Added_lines <= 2.0010783245919797,0.21914177293204504
CountLineComment,343.0,0.09581586078238659,15.0,3419.0,254.46825531408285 < CountLineComment <= 430.39806709852445,0.1133424218583693
OWN_LINE,0.85781990521327,-0.0793031135988473,0.252747252747253,1.0,0.818125123478282 < OWN_LINE <= 0.9786310731922031,0.09380917608846481
CountDeclClassVariable,8.0,0.07704444228983028,0.0,321.0,4.5260875082807965 < CountDeclClassVariable <= 57.5229272599681,0.0911373504193574
MAJOR_LINE,3.0,0.0678887727550054,0.0,12.0,2.492835724294319 < MAJOR_LINE <= 4.497171535648503,0.08030693309243087
