feature,value,importance,min,max,rule,importance_ratio
MAJOR_LINE,7.0,0.25775491767513636,0.0,12.0,4.497171535648503 < MAJOR_LINE <= 7.503675252679776,0.1687139133489859
Added_lines,0.0,-0.19000726379463895,0.0,10080.0,Added_lines <= 2.0010783245919797,0.12436957295972824
OWN_LINE,0.384935231089077,0.18020558172368542,0.252747252747253,1.0,OWN_LINE <= 0.6736697687357529,0.11795386553304243
CountLineComment,1051.0,0.1454629588630787,15.0,3419.0,CountLineComment > 430.39806709852445,0.0952130235126835
MaxInheritanceTree,1.0,-0.13194831225636852,0.0,7.0,0.4959182153937882 < MaxInheritanceTree <= 1.4946384033941256,0.08636698892636992
