feature,value,importance,min,max,rule,importance_ratio
MAJOR_LINE,6.0,0.25449694016772084,0.0,12.0,4.497171535648503 < MAJOR_LINE <= 7.503675252679776,0.21092882657396883
Added_lines,14.0,0.21489896990137017,0.0,10080.0,14.469711558006416 < Added_lines <= 1320.5590427581683,0.17810975457456554
OWN_LINE,0.482364156339371,0.1743667367869886,0.252747252747253,1.0,OWN_LINE <= 0.6736697687357529,0.14451635905631394
CountLineComment,405.0,0.09387252244738754,15.0,3419.0,254.46825531408285 < CountLineComment <= 430.39806709852445,0.07780219673492715
OWN_COMMIT,0.75,0.052885375780126864,0.0,1.0,0.4850342113498225 < OWN_COMMIT <= 0.9396574894715668,0.04383176571346614
