feature,value,importance,min,max,rule,importance_ratio
MAJOR_LINE,11.0,0.2271872237167545,0.0,12.0,MAJOR_LINE > 7.503675252679776,0.17952772397612352
Added_lines,34.0,0.21242965785553067,0.0,10080.0,14.469711558006416 < Added_lines <= 1320.5590427581683,0.1678660109310432
OWN_LINE,0.657574568288854,0.17363337248909516,0.252747252747253,1.0,OWN_LINE <= 0.6736697687357529,0.13720843830606155
CountLineComment,2594.0,0.1377679283353967,15.0,3419.0,CountLineComment > 430.39806709852445,0.10886687290917166
CountDeclClassVariable,8.0,0.07653671738282532,0.0,321.0,4.5260875082807965 < CountDeclClassVariable <= 57.5229272599681,0.060480789577645216
