feature,value,importance,min,max,rule,importance_ratio
Added_lines,152.0,0.2133895561737926,0.0,10080.0,14.469711558006416 < Added_lines <= 1320.5590427581683,0.27245909287088044
OWN_LINE,0.9258114374034,-0.0793034510428863,0.252747252747253,1.0,0.818125123478282 < OWN_LINE <= 0.9786310731922031,0.10125587549878758
MAJOR_LINE,2.0,0.06000687518675008,0.0,12.0,1.505625548552707 < MAJOR_LINE <= 2.492835724294319,0.07661770834783724
OWN_COMMIT,1.0,-0.039418618121175066,0.0,1.0,OWN_COMMIT > 0.9396574894715668,0.050330302607555805
AvgEssential,3.0,-0.03706862830977897,0.0,11.0,2.5013722214306977 < AvgEssential <= 3.5013583424106685,0.04732979919141239
