feature,value,importance,min,max,rule,importance_ratio
Added_lines,0.0,-0.1867928044937976,0.0,10080.0,Added_lines <= 2.0010783245919797,0.20257455777921027
OWN_LINE,0.730878186968839,0.1724936613106553,0.252747252747253,1.0,0.6816950662214489 < OWN_LINE <= 0.767298239402207,0.1870673083709878
MaxInheritanceTree,1.0,-0.12687642010164252,0.0,7.0,0.4959182153937882 < MaxInheritanceTree <= 1.4946384033941256,0.13759595699818813
MINOR_COMMIT,0.0,-0.05971583823153771,0.0,6.0,MINOR_COMMIT <= 0.49897740704811133,0.0647611108733596
MAJOR_LINE,2.0,0.05648570431376585,0.0,12.0,1.505625548552707 < MAJOR_LINE <= 2.492835724294319,0.0612580693523893
