feature,value,importance,min,max,rule,importance_ratio
Added_lines,0.0,-0.1874005737731423,0.0,10080.0,Added_lines <= 2.0010783245919797,0.2032774124925527
OWN_LINE,0.630111524163569,0.17563771624466235,0.252747252747253,1.0,OWN_LINE <= 0.6736697687357529,0.19051798922204277
MaxInheritanceTree,3.0,0.08784300460609222,0.0,7.0,2.493358591394463 < MaxInheritanceTree <= 3.505949893117027,0.09528518681865934
MAJOR_LINE,3.0,0.06670781473470429,0.0,12.0,2.492835724294319 < MAJOR_LINE <= 4.497171535648503,0.07235939410046073
MINOR_COMMIT,0.0,-0.04808939837852408,0.0,6.0,MINOR_COMMIT <= 0.49897740704811133,0.05216359946978417
