feature,value,importance,min,max,rule,importance_ratio
MAJOR_LINE,13.0,0.22864239957241125,0.0,12.0,MAJOR_LINE > 7.503675252679776,0.15580312568516255
Added_lines,286.0,0.21350297058042766,0.0,10080.0,14.469711558006416 < Added_lines <= 1320.5590427581683,0.1454867085969462
OWN_LINE,0.745413582233666,0.17501760395789487,0.252747252747253,1.0,0.6816950662214489 < OWN_LINE <= 0.767298239402207,0.1192617370949696
CountLineComment,3778.0,0.13649524181154557,15.0,3419.0,CountLineComment > 430.39806709852445,0.09301155584074339
MaxInheritanceTree,1.0,-0.1278717177952917,0.0,7.0,0.4959182153937882 < MaxInheritanceTree <= 1.4946384033941256,0.08713525293863046
