feature,value,importance,min,max,rule,importance_ratio
MaxInheritanceTree,4.0,0.19951551750359428,0.0,7.0,3.505949893117027 < MaxInheritanceTree <= 4.504670081117364,0.20187120367968117
OWN_LINE,0.635701275045537,0.1820973632970944,0.252747252747253,1.0,OWN_LINE <= 0.6736697687357529,0.1842473927624121
Added_lines,12.0,0.09860580418644621,0.0,10080.0,5.118236632945589 < Added_lines <= 14.469711558006416,0.09977004610963275
PercentLackOfCohesion,56.0,-0.07200225245823552,0.0,100.0,54.6487004037945 < PercentLackOfCohesion <= 57.68866769602795,0.07285238538466281
MAJOR_LINE,4.0,0.06544917784637415,0.0,12.0,2.492835724294319 < MAJOR_LINE <= 4.497171535648503,0.06622193840865061
