feature,value,importance,min,max,rule,importance_ratio
Added_lines,43.0,0.2135265723592044,0.0,10080.0,14.469711558006416 < Added_lines <= 1320.5590427581683,0.21852743112860532
MaxInheritanceTree,4.0,0.20005614077916276,0.0,7.0,3.505949893117027 < MaxInheritanceTree <= 4.504670081117364,0.20474151784925862
CountLineComment,311.0,0.10405148818902636,15.0,3419.0,254.46825531408285 < CountLineComment <= 430.39806709852445,0.10648840642093596
OWN_LINE,0.858866103739445,-0.08197077258509879,0.252747252747253,1.0,0.818125123478282 < OWN_LINE <= 0.9786310731922031,0.0838905535865339
MAJOR_LINE,2.0,0.05909047225796473,0.0,12.0,1.505625548552707 < MAJOR_LINE <= 2.492835724294319,0.060474389505894774
