feature,value,importance,min,max,rule,importance_ratio
MAJOR_LINE,7.0,0.233691280610793,0.0,12.0,4.497171535648503 < MAJOR_LINE <= 7.503675252679776,0.18023671977662467
MaxInheritanceTree,4.0,0.1959529387119281,0.0,7.0,3.505949893117027 < MaxInheritanceTree <= 4.504670081117364,0.15113064899862053
CountLineComment,1553.0,0.14862444879736889,15.0,3419.0,CountLineComment > 430.39806709852445,0.11462808137228163
Added_lines,10.0,0.09523562269101692,0.0,10080.0,5.118236632945589 < Added_lines <= 14.469711558006416,0.07345141930349118
OWN_LINE,0.929205455726348,-0.07982248743901812,0.252747252747253,1.0,0.818125123478282 < OWN_LINE <= 0.9786310731922031,0.06156388575053662
