feature,value,importance,min,max,rule,importance_ratio
Added_lines,0.0,-0.1863500773512848,0.0,10080.0,Added_lines <= 2.0010783245919797,0.2034916346824416
CountLineComment,633.0,0.1405427639660782,15.0,3419.0,CountLineComment > 430.39806709852445,0.15347069981803055
MaxInheritanceTree,3.0,0.08288852500997426,0.0,7.0,2.493358591394463 < MaxInheritanceTree <= 3.505949893117027,0.09051309068630131
OWN_LINE,0.850782190132371,-0.08151763221648788,0.252747252747253,1.0,0.818125123478282 < OWN_LINE <= 0.9786310731922031,0.08901609524907887
MAJOR_LINE,2.0,0.059282070469901686,0.0,12.0,1.505625548552707 < MAJOR_LINE <= 2.492835724294319,0.0647351779980188
