feature,value,importance,min,max,rule,importance_ratio
Added_lines,0.0,-0.18851868034423863,0.0,10080.0,Added_lines <= 2.0010783245919797,0.1711687320704484
CountLineComment,508.0,0.1413676487962447,15.0,3419.0,CountLineComment > 430.39806709852445,0.1283571535512988
CountDeclInstanceVariable,21.0,0.10666957008735393,0.0,1114.0,17.474832958593538 < CountDeclInstanceVariable <= 21.485480801487,0.09685244469678998
CountClassDerived,8.0,0.08647301009018324,0.0,146.0,7.510151647074075 < CountClassDerived <= 45.48828422583489,0.07851463562350418
MaxInheritanceTree,3.0,0.08319933710039384,0.0,7.0,2.493358591394463 < MaxInheritanceTree <= 3.505949893117027,0.075542248728729
