feature,value,importance,min,max,rule,importance_ratio
MAJOR_LINE,7.0,0.24634843959411257,0.0,12.0,4.497171535648503 < MAJOR_LINE <= 7.503675252679776,0.23065480210337844
MaxInheritanceTree,5.0,0.17795774233657696,0.0,7.0,MaxInheritanceTree > 4.504670081117364,0.16662093703145234
CountLineComment,346.0,0.09932248988866708,15.0,3419.0,254.46825531408285 < CountLineComment <= 430.39806709852445,0.09299514657949884
OWN_LINE,0.829831932773109,-0.08043907958289741,0.252747252747253,1.0,0.818125123478282 < OWN_LINE <= 0.9786310731922031,0.07531470470501216
MINOR_COMMIT,0.0,-0.052640010156709445,0.0,6.0,MINOR_COMMIT <= 0.49897740704811133,0.049286576141584056
