Antecedent,Antecedent Coverage %,Confidence,Lift
23.4 < CountLineComment <= 42.2,0.27655,1.0,1.0889
0.52 < CountClassCoupled <= 2.18,0.2336,1.0,1.0889
-10.4 < Del_lines <= 4,0.42898,0.9978,1.0865
CountLineComment <= 23.4,0.13922,0.99661,1.08521
CountDeclInstanceVariable <= -0.13,0.11892,0.99603,1.08458
0.482 < OWN_COMMIT <= 0.5145,0.26286,0.99461,1.08304
CountInput_Mean <= 0.73,0.19538,0.99275,1.08101
CountClassCoupled <= 0.52,0.19302,0.99267,1.08091
42.2 < CountLineComment <= 65,0.19585,0.99036,1.0784
