feature,value,importance,min,max,rule,importance_ratio
Added_lines,723.0,0.17784166768143458,0.0,5928.0,556.1562005161363 < Added_lines <= 3662.7117841695585,0.2577381016101513
CountDeclClassMethod,26.0,0.07711710286504218,0.0,105.0,9.466865411321908 < CountDeclClassMethod <= 40.52628629525767,0.11176242302065216
MAJOR_LINE,11.0,0.05397528661194248,0.0,8.0,MAJOR_LINE > 7.503241907815231,0.0782240072677756
CountDeclMethodPrivate,63.0,0.0515175863987398,0.0,92.0,CountDeclMethodPrivate > 19.469683174640085,0.07466217051975095
MINOR_COMMIT,3.0,0.04988540893094958,0.0,3.0,MINOR_COMMIT > 2.498555650217678,0.07229672755284926
