feature,value,importance,min,max,rule,importance_ratio
Added_lines,165.0,0.12853671159893537,0.0,5928.0,126.85831835297502 < Added_lines <= 493.71287220149475,0.20943860172621076
CountDeclClassVariable,27.0,0.07845983979813526,0.0,133.0,6.5202711377324984 < CountDeclClassVariable <= 76.47186874608664,0.12784300247432234
CountDeclClassMethod,22.0,0.07686991665311453,0.0,105.0,9.466865411321908 < CountDeclClassMethod <= 40.52628629525767,0.1252523707691618
CountDeclMethodPrivate,33.0,0.054572176394119425,0.0,92.0,CountDeclMethodPrivate > 19.469683174640085,0.0889202794669532
MINOR_COMMIT,0.0,-0.05413631894764162,0.0,3.0,MINOR_COMMIT <= 0.4992984298946273,0.08821009034660991
