feature,value,importance,min,max,rule,importance_ratio
MAJOR_LINE,6.0,0.07981089009604629,0.0,8.0,5.493757155228619 < MAJOR_LINE <= 7.503241907815231,0.18322679425184055
CountDeclClassMethod,27.0,0.07821158532581973,0.0,105.0,9.466865411321908 < CountDeclClassMethod <= 40.52628629525767,0.1795551714228301
MINOR_COMMIT,0.0,-0.04985272212425092,0.0,3.0,MINOR_COMMIT <= 0.4992984298946273,0.11444997604414393
OWN_COMMIT,0.5,0.03166384273818709,0.0,1.0,0.49249677624690735 < OWN_COMMIT <= 0.8693421694885315,0.07269264121262879
CountDeclClassVariable,0.0,-0.022029708171520057,0.0,133.0,CountDeclClassVariable <= 0.5296863623135011,0.050574962911874036
