feature,value,importance,min,max,rule,importance_ratio
Added_lines,159.0,0.12712346301027927,0.0,5928.0,126.85831835297502 < Added_lines <= 493.71287220149475,0.21142561922792782
CountDeclClassMethod,19.0,0.07805474604292813,0.0,105.0,9.466865411321908 < CountDeclClassMethod <= 40.52628629525767,0.12981689316055137
MAJOR_LINE,9.0,0.07037931349034075,0.0,8.0,MAJOR_LINE > 7.503241907815231,0.11705148351983255
MINOR_COMMIT,0.0,-0.05569395765322238,0.0,3.0,MINOR_COMMIT <= 0.4992984298946273,0.09262750719066226
CountLineComment,149.0,0.04508607613650656,0.0,745.0,CountLineComment > 129.9397162581838,0.07498498970994527
