feature,value,importance,min,max,rule,importance_ratio
CountDeclMethodPublic,23.0,0.05436600539513612,0.0,143.0,19.495309567525048 < CountDeclMethodPublic <= 71.96116224848815,0.18322563655872948
CountClassCoupled,27.0,0.04708328410875629,0.0,70.0,9.4837322829943 < CountClassCoupled <= 27.470932970550695,0.15868123176241655
OWN_COMMIT,1.0,0.037009303455558064,0.0,1.0,OWN_COMMIT > 0.9550766672516912,0.12472965661086592
OWN_LINE,0.690909090909091,0.020862367832409565,0.303571428571429,1.0,0.35548900786250504 < OWN_LINE <= 0.9150722867199808,0.07031086059079093
CountDeclMethodProtected,4.0,0.018048429085916563,0.0,40.0,3.4928255115593005 < CountDeclMethodProtected <= 6.509690068776928,0.06082725563736207
