feature,value,importance,min,max,rule,importance_ratio
OWN_COMMIT,0.75,0.06521387123122943,0.0,1.0,0.22545703255796007 < OWN_COMMIT <= 0.8942750310272135,0.16462453195559593
CountDeclMethodPublic,20.0,0.05616788154140454,0.0,143.0,19.495309567525048 < CountDeclMethodPublic <= 71.96116224848815,0.1417890248671986
CountClassCoupled,27.0,0.04767509132368606,0.0,70.0,9.4837322829943 < CountClassCoupled <= 27.470932970550695,0.12035000295065519
CountDeclMethodProtected,7.0,0.03401010519035755,0.0,40.0,6.509690068776928 < CountDeclMethodProtected <= 7.5042608019255965,0.08585439789138005
RatioCommentToCode,0.24,0.03336779554286418,0.03,7.5,0.19810732927548025 < RatioCommentToCode <= 0.49937012812407244,0.0842329648573828
