feature,value,importance,min,max,rule,importance_ratio
OWN_COMMIT,0.5,0.0645969729502647,0.0,1.0,0.22545703255796007 < OWN_COMMIT <= 0.8942750310272135,0.19203208447217657
CountDeclMethodPublic,26.0,0.05536531849896873,0.0,143.0,19.495309567525048 < CountDeclMethodPublic <= 71.96116224848815,0.1645884788906251
CountClassCoupled,14.0,0.0480838773362028,0.0,70.0,9.4837322829943 < CountClassCoupled <= 27.470932970550695,0.14294241312955572
RatioCommentToCode,0.23,0.03340111908571791,0.03,7.5,0.19810732927548025 < RatioCommentToCode <= 0.49937012812407244,0.09929391779197183
OWN_LINE,0.676923076923077,0.01852210917962946,0.303571428571429,1.0,0.35548900786250504 < OWN_LINE <= 0.9150722867199808,0.055062010991196245
