feature,value,importance,min,max,rule,importance_ratio
MAJOR_LINE,4.0,0.0591789828882241,0.0,4.0,MAJOR_LINE > 3.4980203506026695,0.19043235905198339
OWN_COMMIT,0.0,-0.04462866528801552,0.0,1.0,OWN_COMMIT <= 0.22545703255796007,0.14361081582274549
RatioCommentToCode,0.32,0.03185528404019064,0.03,7.5,0.19810732927548025 < RatioCommentToCode <= 0.49937012812407244,0.10250728539053035
OWN_LINE,0.518367346938776,0.019718594666999645,0.303571428571429,1.0,0.35548900786250504 < OWN_LINE <= 0.9150722867199808,0.06345256907708381
CountDeclInstanceVariable,8.0,0.01733555827469888,0.0,68.0,6.5096655502956775 < CountDeclInstanceVariable <= 10.490012821429584,0.05578418378648659
