feature,value,importance,min,max,rule,importance_ratio
CountDeclMethodPublic,28.0,0.05369306884926631,0.0,143.0,19.495309567525048 < CountDeclMethodPublic <= 71.96116224848815,0.1718911028038053
OWN_COMMIT,1.0,0.03573764234873482,0.0,1.0,OWN_COMMIT > 0.9550766672516912,0.11440923170507032
MAJOR_LINE,3.0,0.029542067268047395,0.0,4.0,2.4977331463124495 < MAJOR_LINE <= 3.4980203506026695,0.09457493547378518
OWN_LINE,0.450549450549451,0.02149111679301982,0.303571428571429,1.0,0.35548900786250504 < OWN_LINE <= 0.9150722867199808,0.06880090568874302
CountClassBase,4.0,0.02115175773987429,0.0,9.0,2.498839323741331 < CountClassBase <= 4.502788861793099,0.06771449354762664
