feature,value,importance,min,max,rule,importance_ratio
CountClassBase,6.0,0.1259759041216132,0.0,9.0,CountClassBase > 4.502788861793099,0.21921606061286927
CountDeclMethodPublic,77.0,0.11993570286747594,0.0,143.0,CountDeclMethodPublic > 71.96116224848815,0.20870524798188686
CountDeclInstanceVariable,31.0,0.08250897137276758,0.0,68.0,CountDeclInstanceVariable > 21.475771289759166,0.1435773912136182
OWN_COMMIT,0.5,0.06276715309937145,0.0,1.0,0.22545703255796007 < OWN_COMMIT <= 0.8942750310272135,0.1092238085868072
CountClassCoupled,18.0,0.0483241228590064,0.0,70.0,9.4837322829943 < CountClassCoupled <= 27.470932970550695,0.08409087372373314
