feature,value,importance,min,max,rule,importance_ratio
CountDeclClass,10.0,0.0954107636740213,1.0,18.0,6.495598182757843 < CountDeclClass <= 12.50561862828071,0.17233885114635034
CountClassCoupled,42.0,0.09032927897634752,0.0,70.0,38.52109038952732 < CountClassCoupled <= 52.51795645356438,0.16316025115204688
CountDeclInstanceVariable,37.0,0.08237507126267607,0.0,68.0,CountDeclInstanceVariable > 21.475771289759166,0.1487927000879228
OWN_COMMIT,0.666666666666667,0.064588953205997,0.0,1.0,0.22545703255796007 < OWN_COMMIT <= 0.8942750310272135,0.11666593541057395
CountDeclMethodPublic,39.0,0.05532642956768018,0.0,143.0,19.495309567525048 < CountDeclMethodPublic <= 71.96116224848815,0.09993519538634252
