feature,value,importance,min,max,rule,importance_ratio
CountDeclMethodPublic,37.0,0.05432031349210706,0.0,143.0,19.495309567525048 < CountDeclMethodPublic <= 71.96116224848815,0.1610606598735287
CountClassCoupled,24.0,0.04831996715610554,0.0,70.0,9.4837322829943 < CountClassCoupled <= 27.470932970550695,0.1432695302165443
OWN_COMMIT,1.0,0.03689621088986809,0.0,1.0,OWN_COMMIT > 0.9550766672516912,0.10939789722713034
CountDeclInstanceVariable,11.0,0.025959891815632605,0.0,68.0,10.490012821429584 < CountDeclInstanceVariable <= 21.475771289759166,0.07697152386056712
RatioCommentToCode,0.13,0.020343594505606834,0.03,7.5,RatioCommentToCode <= 0.19810732927548025,0.06031910614338822
