feature,value,importance,min,max,rule,importance_ratio
CountDeclMethodPublic,22.0,0.05472290913371964,0.0,143.0,19.495309567525048 < CountDeclMethodPublic <= 71.96116224848815,0.17471145304447558
CountClassCoupled,12.0,0.04869682825182183,0.0,70.0,9.4837322829943 < CountClassCoupled <= 27.470932970550695,0.15547224658220143
OWN_COMMIT,1.0,0.036571575306399914,0.0,1.0,OWN_COMMIT > 0.9550766672516912,0.11676047861953798
CountDeclInstanceVariable,6.0,0.02773912128757699,0.0,68.0,5.501310908275089 < CountDeclInstanceVariable <= 6.5096655502956775,0.08856148664331989
OWN_LINE,0.501930501930502,0.020709179437832088,0.303571428571429,1.0,0.35548900786250504 < OWN_LINE <= 0.9150722867199808,0.0661172969094395
