feature,value,importance,min,max,rule,importance_ratio
OWN_COMMIT,0.5,0.06351971372096016,0.0,1.0,0.22545703255796007 < OWN_COMMIT <= 0.8942750310272135,0.1748626297768609
CountDeclMethodPublic,36.0,0.05639185348145505,0.0,143.0,19.495309567525048 < CountDeclMethodPublic <= 71.96116224848815,0.155240431987413
CountClassCoupled,14.0,0.046617550481254336,0.0,70.0,9.4837322829943 < CountClassCoupled <= 27.470932970550695,0.1283328748413081
RatioCommentToCode,0.36,0.03364376826440753,0.03,7.5,0.19810732927548025 < RatioCommentToCode <= 0.49937012812407244,0.09261751115821415
MAJOR_LINE,3.0,0.030409549076331442,0.0,4.0,2.4977331463124495 < MAJOR_LINE <= 3.4980203506026695,0.08371406938600807
