feature,value,importance,min,max,rule,importance_ratio
CountDeclMethodProtected,7.0,0.15196489108086184,0.0,95.0,5.501685179477754 < CountDeclMethodProtected <= 15.018545858011501,0.26261760369777987
OWN_COMMIT,0.4,0.1001278652862389,0.0,1.0,0.16847107609234657 < OWN_COMMIT <= 0.4019222043695061,0.17303562591213387
CountDeclMethodPrivate,6.0,0.060842521112206054,0.0,60.0,3.509679886560929 < CountDeclMethodPrivate <= 10.004825746209576,0.10514479353600782
AvgEssential,4.0,0.051979614922535444,0.0,8.0,2.499728994757475 < AvgEssential <= 5.999634584994437,0.08982839269648098
CountDeclInstanceVariable,10.0,0.039836466554092,0.0,36.0,8.497213619267818 < CountDeclInstanceVariable <= 13.494990067421833,0.06884325262113078
