Antecedent,Antecedent Coverage %,Confidence,Lift
-0.019 < OWN_COMMIT <= 0.069,0.33333,1.0,1.04705
CountClassCoupled <= 0.34,0.1967,1.0,1.04705
0.34 < CountClassCoupled <= 1.84,0.20954,0.99781,1.04476
CountInput_Mean <= 1.07,0.1889,0.99757,1.04451
1.49 < CountOutput_Mean <= 2.35,0.2077,0.99338,1.04011
RatioCommentToCode > 1.395,0.19303,0.99287,1.03959
-0.21 < CountDeclMethodPrivate <= 0.15,0.52315,0.97897,1.02502
0.715 < CountDeclClass <= 1.055,0.5392,0.97619,1.02212
