Antecedent,Antecedent Coverage %,Confidence,Lift
CountClassCoupled <= 0.95,0.18616,0.97602,1.16045
0.95 < CountClassCoupled <= 3.2,0.22188,0.96177,1.14351
CountOutput_Mean <= 1.72,0.20089,0.95333,1.13347
RatioCommentToCode > 1.795,0.19955,0.95078,1.13044
1.72 < CountOutput_Mean <= 2.96,0.2,0.9375,1.11465
CountInput_Min > 1.965,0.20268,0.93612,1.11301
MaxInheritanceTree <= 1.065,0.2308,0.93424,1.11077
1.065 < MaxInheritanceTree <= 1.79,0.15134,0.93215,1.10829
OWN_COMMIT <= 0.14,0.20223,0.92936,1.10497
