Antecedent,Antecedent Coverage %,Confidence,Lift
1 < CountClassCoupled <= 3.1,0.18884,0.98109,1.14699
CountClassCoupled <= 1,0.2183,0.9591,1.12129
OWN_COMMIT <= 0.09,0.20402,0.95624,1.11794
-3.5 < Added_lines <= 24,0.29464,0.95303,1.11419
CountDeclMethodPublic <= 1,0.18438,0.94673,1.10683
1 < CountDeclMethodPublic <= 3.55,0.23884,0.94579,1.10573
MaxInheritanceTree <= 1.13,0.21607,0.94215,1.10147
1.13 < MaxInheritanceTree <= 1.92,0.14777,0.93958,1.09846
RatioCommentToCode > 1.485,0.20268,0.93392,1.09185
