Antecedent,Antecedent Coverage %,Confidence,Lift
CountClassCoupled <= 1.05,0.19955,0.99329,1.20139
1.05 < CountClassCoupled <= 3.65,0.21205,0.99158,1.19932
CountOutput_Mean <= 1.86,0.19375,0.95622,1.15655
CountDeclClass <= 0.63,0.07857,0.95455,1.15453
RatioCommentToCode > 1.73,0.19777,0.95034,1.14944
Added_lines <= 2.5,0.20804,0.9485,1.14721
CountDeclMethodPublic <= 1.8,0.18705,0.94272,1.14022
1.86 < CountOutput_Mean <= 3.14,0.20625,0.94156,1.13882
MaxInheritanceTree <= 1.1,0.22768,0.93922,1.13598
