"Rule ID","Antecedent","Consequent","Antecedent Coverage %","Antecedent Coverage","Support %","Support","Confidence","Leverage","Lift","p-value","Consequent Coverage %","Consequent Coverage"
"b'000000'","b'OWN_LINE > 0.958'","b'target = 0'",0.19888,427,0.19888,427,1,0.00658,1.0342,1.08267e-07,0.96693,2076
"b'000001'","b'RatioCommentToCode > 2.065'","b'target = 0'",0.19516,419,0.19516,419,1,0.00645,1.0342,1.51554e-07,0.96693,2076
"b'000002'","b'0.6 < CountDeclMethodPublic <= 2.58'","b'target = 0'",0.20727,445,0.2068,444,0.99775,0.00639,1.03188,1.02814e-06,0.96693,2076
"b'000003'","b'0.69 < CountInput_Mean <= 1.65'","b'target = 0'",0.20307,436,0.20261,435,0.99771,0.00625,1.03183,1.47029e-06,0.96693,2076
"b'000004'","b'-0.028 < OWN_COMMIT <= 0.012'","b'target = 0'",0.53377,1146,0.52771,1133,0.98866,0.0116,1.02247,6.79125e-10,0.96693,2076
"b'000005'","b'-0.84 < CountDeclMethodDefault <= 0'","b'target = 0'",0.61388,1318,0.60503,1299,0.98558,0.01145,1.01929,1.84391e-09,0.96693,2076
"b'000006'","b'0.764 < CountDeclClass <= 1.01'","b'target = 0'",0.64928,1394,0.6381,1370,0.98278,0.01029,1.01639,5.58686e-08,0.96693,2076
