feature,value,importance,min,max,rule,importance_ratio
CountDeclClassMethod,18.0,0.054346601562351764,0.0,387.0,4.501907984742028 < CountDeclClassMethod <= 25.50551827533331,0.39228959011097475
OWN_COMMIT,0.664705882352941,0.010694435424692925,0.0,1.0,0.1235272457668039 < OWN_COMMIT <= 0.9231694651958171,0.07719554799406908
PercentLackOfCohesion,0.0,0.007495794473621548,0.0,100.0,PercentLackOfCohesion <= 35.05947977666012,0.05410682650026333
CountClassCoupled,0.0,-0.005727105496081907,0.0,179.0,CountClassCoupled <= 1.4687501704402433,0.041339914603540855
MINOR_COMMIT,0.0,0.005296288615812056,0.0,4.0,MINOR_COMMIT <= 0.499295501027108,0.03823015295303453
