feature,value,importance,min,max,rule,importance_ratio
MAJOR_LINE,21.0,0.15005959265702268,0.0,14.0,MAJOR_LINE > 12.505866390406352,0.297284348561269
CountDeclMethodDefault,53.0,0.05512314969037501,0.0,55.0,CountDeclMethodDefault > 35.48677509570336,0.10920494555655147
CountDeclClassMethod,14.0,0.05294155178153932,0.0,387.0,4.501907984742028 < CountDeclClassMethod <= 25.50551827533331,0.10488296319163072
CountDeclInstanceVariable,206.0,0.05120385940537107,0.0,187.0,CountDeclInstanceVariable > 48.49999243183292,0.10144040589221313
CountClassCoupled,159.0,0.04073722027151625,0.0,179.0,CountClassCoupled > 35.479593397145734,0.08070485715827956
