feature,value,importance,min,max,rule,importance_ratio
MAJOR_LINE,14.0,0.14912814805214106,0.0,14.0,MAJOR_LINE > 12.505866390406352,0.37505633200285593
CountDeclClassMethod,197.0,0.05786837045419373,0.0,387.0,CountDeclClassMethod > 30.5619429749201,0.14553857903434705
CountLineComment,156.0,0.057784276677661346,0.0,1095.0,153.2833802493779 < CountLineComment <= 164.39128230701323,0.1453270837279112
CountClassCoupled,65.0,0.04132248014786289,0.0,179.0,CountClassCoupled > 35.479593397145734,0.103925771465354
MINOR_LINE,4.0,0.013307867638235668,1.0,7.0,3.5032773484200748 < MINOR_LINE <= 4.50194506564297,0.033469201410796436
