feature,value,importance,min,max,rule,importance_ratio
CountDeclClassMethod,29.0,0.11897407058814075,0.0,387.0,25.50551827533331 < CountDeclClassMethod <= 30.5619429749201,0.38432664343913925
MAJOR_LINE,10.0,0.05206299991101206,0.0,14.0,5.504393127137301 < MAJOR_LINE <= 12.505866390406352,0.1681811667387463
CountLineComment,270.0,0.030362826159836154,0.0,1095.0,CountLineComment > 164.39128230701323,0.09808223763085316
MINOR_LINE,5.0,0.014697565259529439,1.0,7.0,4.50194506564297 < MINOR_LINE <= 5.500612782865867,0.04747812607401621
OWN_COMMIT,0.8,0.010317872803645864,0.0,1.0,0.1235272457668039 < OWN_COMMIT <= 0.9231694651958171,0.033330232398154726
