feature,value,importance,min,max,rule,importance_ratio
MAJOR_LINE,20.0,0.14458784799128005,0.0,14.0,MAJOR_LINE > 12.505866390406352,0.2848288744014797
CountDeclMethodDefault,16.0,0.08017873480736185,0.0,55.0,16.002169477249033 < CountDeclMethodDefault <= 20.991307248064327,0.15794701355187818
CountDeclClassMethod,57.0,0.05820337188005387,0.0,387.0,CountDeclClassMethod > 30.5619429749201,0.1146569447521363
CountClassCoupled,54.0,0.04016929881304322,0.0,179.0,CountClassCoupled > 35.479593397145734,0.0791309665740776
CountDeclMethodPrivate,156.0,0.03711106353680087,0.0,153.0,CountDeclMethodPrivate > 30.980095175026985,0.07310643737962177
