feature,value,importance,min,max,rule,importance_ratio
CountDeclClassMethod,6.0,0.05490348146153666,0.0,387.0,4.501907984742028 < CountDeclClassMethod <= 25.50551827533331,0.18510532254225137
CountLineComment,297.0,0.02948296221080821,0.0,1095.0,CountLineComment > 164.39128230701323,0.09940085918514933
MAJOR_LINE,5.0,0.02858453187939883,0.0,14.0,4.506976544939755 < MAJOR_LINE <= 5.504393127137301,0.09637183020829326
CountDeclMethodPrivate,27.0,0.027732859460418643,0.0,153.0,18.017461345159308 < CountDeclMethodPrivate <= 30.980095175026985,0.09350044402987559
CountClassBase,3.0,0.02709533362693286,0.0,8.0,2.5000211681828337 < CountClassBase <= 6.002186060368565,0.09135104617941182
