{
    "363": {
        "MINOR_LINE": [
            0
        ],
        "OWN_COMMIT": [
            0.6,
            0.5499999999999999,
            0.65,
            0.4999999999999999,
            0.7000000000000001,
            0.44999999999999984,
            0.7500000000000001,
            0.3999999999999998,
            0.8000000000000002,
            0.34999999999999976,
            0.8500000000000002,
            0.2999999999999997,
            0.9000000000000002,
            0.24999999999999967,
            0.9500000000000003,
            0.19999999999999962,
            1.0000000000000004,
            1.0500000000000003,
            0.14999999999999958,
            0.09999999999999953,
            1.1000000000000005,
            1.1500000000000004,
            0.04999999999999949,
            -5.551115123125783e-16,
            1.2000000000000006,
            1.2500000000000004,
            -0.0500000000000006,
            -0.10000000000000064,
            1.3000000000000007,
            1.3500000000000005,
            -0.1500000000000007,
            -0.20000000000000073,
            1.4000000000000008,
            1.4500000000000006,
            -0.2500000000000008,
            -0.3000000000000008,
            1.5000000000000009,
            1.5500000000000007,
            -0.35000000000000087,
            -0.4000000000000009,
            1.600000000000001,
            1.6500000000000008,
            -0.45000000000000095,
            -0.500000000000001,
            -0.550000000000001
        ],
        "PercentLackOfCohesion": [
            1
        ],
        "MAJOR_LINE": [
            0
        ],
        "CountClassBase": [
            0,
            -1
        ]
    }
}