feature,value,importance,left,right,rec,rule,min,max
CountDeclMethodPublic,136.0,0.030021771121956968,0.0,48.501441530534265,-1,CountDeclMethodPublic > 48.501441530534265,0.0,147.0
MAJOR_COMMIT,0.0,-0.02784106681586708,0.4993589600680637,7.0,1,MAJOR_COMMIT <= 0.4993589600680637,0.0,7.0
OWN_COMMIT,0.0,0.010607266078017479,0.0,0.0,-1,OWN_COMMIT <= 0.09903461938975938,0.0,1.0
Added_lines,0.0,-0.006853644447769676,0.055111340148400245,1453.0,1,Added_lines <= 0.055111340148400245,0.0,1453.0
