feature,value,importance,left,right,rec,rule,min,max
CountClassCoupled,92.0,0.09945086335723809,0.0,55.490746041173416,-1,CountClassCoupled > 55.490746041173416,0.0,96.0
OWN_COMMIT,0.518518518518518,0.04819995008866607,0.0,0.5101466808561519,-1,OWN_COMMIT > 0.5101466808561519,0.0,1.0
CountDeclClass,2.0,0.005290996988773833,0.0,1.4931802753022725,-1,1.4931802753022725 < CountDeclClass <= 2.4935575819192772,0.0,37.0
CountClassBase,3.0,0.004181649303251995,0.0,2.499541318640651,-1,2.499541318640651 < CountClassBase <= 3.502929330655856,0.0,6.0
