feature,value,importance,left,right,rec,rule,min,max
OWN_COMMIT,1.0,0.052445157908437,0.0,0.5101466808561519,-1,OWN_COMMIT > 0.5101466808561519,0.0,1.0
CountDeclClass,1.0,-0.0050462553984447645,1.4931802753022725,37.0,1,0.4928029686852682 < CountDeclClass <= 1.4931802753022725,0.0,37.0
CountDeclInstanceMethod,2.0,-0.00033327976355900527,2.5263932863919916,222.0,1,1.421932024180018 < CountDeclInstanceMethod <= 2.5263932863919916,0.0,222.0
