feature,value,importance,left,right,rec,rule,min,max
CountClassCoupled,76.0,0.09363269524623306,0.0,55.490746041173416,-1,CountClassCoupled > 55.490746041173416,0.0,96.0
OWN_COMMIT,0.802325581395349,0.04881411673807063,0.0,0.5101466808561519,-1,OWN_COMMIT > 0.5101466808561519,0.0,1.0
CountDeclClass,18.0,0.004299022216114442,0.0,5.49468950177029,-1,5.49468950177029 < CountDeclClass <= 22.987773755316287,0.0,37.0
CountClassBase,2.0,0.0023886697659078514,0.0,1.5025443130714027,-1,1.5025443130714027 < CountClassBase <= 2.499541318640651,0.0,6.0
