test_idx,candidate_id,CountDeclMethodDefault,AvgEssential,CountDeclClassMethod,AvgLineComment,CountDeclMethodProtected,RatioCommentToCode,AvgLineBlank,PercentLackOfCohesion,MaxInheritanceTree,CountClassDerived,CountClassCoupled,CountClassBase,CountInput_Mean,CountInput_Min,CountOutput_Mean,CountOutput_Min,CountPath_Min,MaxNesting_Mean,MaxNesting_Min,Del_lines,OWN_COMMIT,MINOR_COMMIT,MINOR_LINE,MAJOR_LINE,proba0,proba1,num_features_changed
42,0,1.0,2.0,0.0,7.0,0.0,0.92,0.0,78.0,1.0,0.0,14.0,2.0,6.8125,0.0,3.875,0.0,1.0,1.15,0.0,18.0,0.666666666666667,0.0,2.0,5.0,0.5457853,0.45421472,1
42,1,1.0,2.0,0.0,7.0,0.0,0.92,0.0,78.0,1.0,0.0,14.0,2.0,6.8125,0.0,2.0,0.0,1.0,1.15,0.0,0.0,0.666666666666667,0.0,2.0,5.0,0.98886186,0.0111381505,2
42,2,1.0,2.0,0.0,7.0,0.0,0.92,0.0,78.0,1.0,45.0,14.0,2.0,6.8125,0.0,2.0,0.0,1.0,1.15,0.0,0.0,0.666666666666667,0.0,2.0,5.0,0.9941344,0.0058655553,3
42,3,1.0,2.0,0.0,7.0,0.0,0.92,15.0,78.0,1.0,45.0,14.0,2.0,6.8125,0.0,2.0,0.0,1.0,1.15,0.0,0.0,0.666666666666667,0.0,2.0,5.0,0.9964897,0.003510287,4
42,4,1.0,2.0,0.0,7.0,0.0,0.92,15.0,78.0,1.0,45.0,14.0,2.0,6.8125,0.0,2.0,0.0,1.0,1.15,0.0,0.0,0.666666666666667,0.0,0.0,5.0,0.9967324,0.0032675597,5
42,5,1.0,2.0,0.0,7.0,0.0,0.92,1.0,78.0,1.0,0.0,14.0,2.0,6.8125,0.0,3.875,0.0,1.0,1.15,0.0,258.0,0.666666666666667,0.0,2.0,5.0,0.5498725,0.45012748,1
42,6,1.0,2.0,0.0,7.0,0.0,0.92,0.0,78.0,1.0,45.0,14.0,2.0,6.8125,0.0,3.875,0.0,1.0,1.15,0.0,258.0,0.666666666666667,0.0,2.0,5.0,0.72084606,0.27915397,1
42,7,1.0,2.0,0.0,7.0,0.0,0.92,15.0,78.0,1.0,45.0,14.0,2.0,6.8125,0.0,3.875,0.0,1.0,1.15,0.0,258.0,0.666666666666667,0.0,2.0,1.0,0.9742951,0.025704898,3
42,8,0.0,2.0,0.0,7.0,0.0,0.92,15.0,78.0,1.0,45.0,14.0,2.0,6.8125,0.0,3.875,0.0,1.0,1.15,0.0,258.0,0.666666666666667,0.0,2.0,1.0,0.9925953,0.0074047134,4
42,9,0.0,2.0,0.0,7.0,0.0,0.92,15.0,78.0,2.0,45.0,14.0,2.0,6.8125,0.0,3.875,0.0,1.0,1.15,0.0,258.0,0.666666666666667,0.0,2.0,1.0,0.99424595,0.0057540317,5
42,10,0.0,2.0,0.0,7.0,0.0,0.92,0.0,78.0,1.0,0.0,14.0,2.0,6.8125,0.0,3.875,0.0,1.0,1.15,0.0,0.0,0.666666666666667,0.0,2.0,5.0,0.9924327,0.0075673047,2
42,11,0.0,2.0,0.0,7.0,0.0,0.92,0.0,78.0,1.0,0.0,14.0,2.0,6.8125,20.0,3.875,0.0,1.0,1.15,0.0,0.0,0.666666666666667,0.0,2.0,5.0,0.99780977,0.0021902588,3
42,12,0.0,2.0,0.0,7.0,0.0,0.92,0.0,78.0,1.0,0.0,14.0,2.0,6.8125,20.0,3.875,31.0,1.0,1.15,0.0,0.0,0.666666666666667,0.0,2.0,5.0,0.99915963,0.00084038434,4
42,13,0.0,2.0,0.0,7.0,0.0,0.92,0.0,78.0,1.0,0.0,14.0,2.0,6.8125,0.0,3.875,0.0,1.0,1.15,0.0,0.0,0.666666666666667,0.0,2.0,1.0,0.99770427,0.0022957122,3
42,14,0.0,2.0,0.0,7.0,0.0,0.92,0.0,78.0,1.0,45.0,14.0,2.0,6.8125,0.0,3.875,0.0,1.0,1.15,0.0,0.0,0.666666666666667,0.0,2.0,1.0,0.9988965,0.0011035033,4
42,15,0.0,2.0,0.0,7.0,0.0,0.92,0.0,78.0,1.0,45.0,14.0,2.0,6.8125,0.0,3.875,31.0,1.0,1.15,0.0,0.0,0.666666666666667,0.0,2.0,1.0,0.9993398,0.0006602064,5
42,16,0.0,2.0,0.0,7.0,0.0,0.92,0.0,78.0,1.0,45.0,14.0,2.0,6.8125,0.0,3.875,31.0,1.0,1.15,0.0,0.0,0.666666666666667,0.0,2.0,2.0,0.99942654,0.00057346956,5
42,17,1.0,2.0,0.0,7.0,0.0,0.92,15.0,78.0,1.0,0.0,14.0,2.0,6.8125,0.0,3.875,0.0,1.0,1.15,0.0,258.0,0.0,0.0,2.0,5.0,0.9538777,0.046122327,2
42,18,1.0,2.0,0.0,7.0,0.0,0.92,15.0,78.0,1.0,0.0,14.0,2.0,6.8125,0.0,6.9,0.0,1.0,1.15,0.0,258.0,0.0,0.0,2.0,5.0,0.98902065,0.010979369,3
42,19,1.0,2.0,0.0,7.0,0.0,0.92,15.0,78.0,1.0,0.0,14.0,2.0,6.8125,0.0,6.9,0.0,1.0,1.15,0.0,258.0,0.0,0.0,0.0,5.0,0.99471897,0.0052810432,4
52,0,0.0,2.0,0.0,6.0,5.0,0.43,0.0,80.0,2.0,0.0,20.0,1.0,5.23076923076923,1.0,7.0,1.0,1.0,1.1,0.0,0.0,1.0,0.0,2.0,2.0,0.6693394,0.33066055,1
52,1,0.0,1.0,0.0,6.0,5.0,0.43,0.0,80.0,2.0,0.0,20.0,1.0,5.23076923076923,1.0,7.0,1.0,1.0,0.5,0.0,0.0,1.0,0.0,2.0,2.0,0.9971912,0.002808804,2
52,2,0.0,2.0,0.0,6.0,5.0,0.43,0.0,80.0,2.0,0.0,20.0,1.0,5.23076923076923,1.0,5.5,1.0,1.0,1.73333333333333,0.0,0.0,1.0,0.0,2.0,2.0,0.5348742,0.4651258,1
52,3,0.0,2.0,0.0,6.0,5.0,0.43,0.0,50.0,2.0,0.0,20.0,1.0,5.23076923076923,1.0,7.0,1.0,1.0,1.73333333333333,0.0,0.0,1.0,0.0,2.0,2.0,0.7455681,0.2544319,1
52,4,0.0,2.0,0.0,6.0,5.0,0.43,0.0,80.0,2.0,0.0,20.0,1.0,5.23076923076923,1.0,7.0,1.0,1.0,1.73333333333333,0.0,0.0,0.4,0.0,2.0,2.0,0.6572685,0.34273145,1
52,5,0.0,2.0,0.0,6.0,5.0,0.43,0.0,80.0,2.0,0.0,20.0,1.0,5.23076923076923,1.0,7.0,31.0,1.0,1.73333333333333,0.0,0.0,1.0,0.0,2.0,2.0,0.74351007,0.25648993,1
52,6,0.0,0.0,0.0,6.0,5.0,0.43,0.0,80.0,2.0,0.0,20.0,1.0,5.23076923076923,1.0,7.0,31.0,1.0,1.73333333333333,0.0,0.0,0.0,0.0,2.0,2.0,0.9869825,0.013017451,3
52,7,0.0,0.0,0.0,6.0,5.0,0.43,0.0,80.0,2.0,45.0,20.0,1.0,5.23076923076923,1.0,7.0,31.0,1.0,1.73333333333333,0.0,0.0,0.0,0.0,2.0,2.0,0.98840946,0.011590515,4
52,8,0.0,2.0,0.0,0.0,5.0,0.43,0.0,80.0,2.0,0.0,20.0,1.0,5.23076923076923,1.0,7.0,1.0,1.0,1.73333333333333,0.0,0.0,1.0,0.0,2.0,2.0,0.7562617,0.24373826,1
52,9,0.0,2.0,0.0,0.0,5.0,0.43,0.0,80.0,2.0,0.0,20.0,1.0,5.23076923076923,1.0,4.3,1.0,1.0,0.5,0.0,0.0,1.0,0.0,2.0,2.0,0.99718225,0.0028177733,3
52,10,0.0,2.0,0.0,6.0,5.0,0.43,0.0,80.0,2.0,0.0,20.0,1.0,5.23076923076923,20.0,7.0,1.0,1.0,1.73333333333333,0.0,0.0,1.0,0.0,2.0,2.0,0.56986654,0.43013346,1
52,11,0.0,2.0,0.0,0.0,5.0,0.43,0.0,80.0,2.0,0.0,20.0,5.0,5.23076923076923,20.0,4.3,1.0,1.0,0.5,0.0,0.0,1.0,0.0,2.0,2.0,0.9988458,0.0011541938,5
52,12,0.0,2.0,0.0,0.0,5.0,0.43,0.0,80.0,2.0,0.0,20.0,5.0,5.23076923076923,20.0,4.3,1.0,1.0,0.7,0.0,0.0,1.0,0.0,2.0,2.0,0.9993406,0.00065941975,5
52,13,0.0,1.0,0.0,6.0,5.0,0.43,0.0,80.0,2.0,0.0,20.0,1.0,5.23076923076923,1.0,7.0,1.0,1.0,1.73333333333333,0.0,0.0,1.0,0.0,2.0,2.0,0.9135678,0.08643225,1
52,14,0.0,1.0,0.0,0.0,5.0,0.43,0.0,80.0,2.0,0.0,20.0,1.0,5.23076923076923,1.0,7.0,1.0,1.0,1.73333333333333,0.0,0.0,1.0,0.0,2.0,2.0,0.9859327,0.014067277,2
52,15,0.0,1.0,0.0,0.0,5.0,0.25,0.0,80.0,2.0,0.0,20.0,1.0,5.23076923076923,1.0,7.0,1.0,1.0,1.73333333333333,0.0,0.0,1.0,0.0,2.0,2.0,0.9951378,0.00486217,3
52,16,0.0,1.0,0.0,0.0,5.0,0.25,0.0,0.0,2.0,0.0,20.0,1.0,5.23076923076923,1.0,7.0,1.0,1.0,1.73333333333333,0.0,0.0,1.0,0.0,2.0,2.0,0.9974693,0.002530714,4
52,17,0.0,1.0,0.0,0.0,5.0,0.25,0.0,0.0,2.0,0.0,20.0,1.0,5.23076923076923,1.0,5.5,1.0,1.0,1.73333333333333,0.0,0.0,1.0,0.0,2.0,2.0,0.9981062,0.0018938162,5
52,18,0.0,1.0,0.0,0.0,5.0,0.32,0.0,0.0,2.0,0.0,20.0,1.0,5.23076923076923,1.0,5.5,1.0,1.0,1.73333333333333,0.0,0.0,1.0,0.0,2.0,2.0,0.9982805,0.0017194679,5
52,19,0.0,2.0,0.0,6.0,5.0,0.43,0.0,80.0,2.0,0.0,20.0,2.0,5.23076923076923,1.0,7.0,1.0,1.0,1.73333333333333,0.0,0.0,1.0,0.0,2.0,2.0,0.6571093,0.34289068,1
63,0,0.0,1.0,0.0,6.0,0.0,3.03,0.0,0.0,2.0,1.0,14.0,2.0,3.05263157894737,0.0,0.842105263157895,0.0,1.0,0.0,0.0,2.0,0.333333333333333,0.0,6.0,5.0,0.8594771,0.14052291,1
63,1,1.0,1.0,0.0,6.0,0.0,3.03,0.0,0.0,2.0,1.0,6.0,2.0,3.05263157894737,0.0,0.842105263157895,0.0,1.0,0.0,0.0,2.0,0.333333333333333,0.0,6.0,5.0,0.68732625,0.31267375,1
63,2,1.0,1.0,0.0,6.0,0.0,3.03,0.0,80.0,2.0,1.0,14.0,2.0,3.05263157894737,0.0,0.842105263157895,0.0,1.0,0.0,0.0,2.0,0.333333333333333,0.0,6.0,5.0,0.6622163,0.33778372,1
63,3,0.0,1.0,0.0,6.0,0.0,0.0,0.0,100.0,2.0,1.0,1.0,2.0,3.05263157894737,0.0,0.842105263157895,0.0,1.0,0.0,0.0,2.0,0.333333333333333,0.0,6.0,5.0,0.9994398,0.0005602455,4
63,4,0.0,1.0,0.0,6.0,0.0,0.0,0.0,100.0,2.0,1.0,1.0,2.0,3.05263157894737,0.0,0.842105263157895,0.0,1.0,0.0,0.0,2.0,0.0,0.0,6.0,5.0,0.99975747,0.00024255778,5
63,5,0.0,1.0,0.0,6.0,0.0,0.0,0.0,100.0,2.0,1.0,4.0,2.0,3.05263157894737,0.0,0.842105263157895,0.0,1.0,0.0,0.0,2.0,0.0,0.0,6.0,5.0,0.99976504,0.00023495923,5
63,6,1.0,1.0,0.0,6.0,0.0,3.03,0.0,0.0,2.0,1.0,0.0,2.0,3.05263157894737,0.0,0.842105263157895,0.0,1.0,0.0,0.0,2.0,0.333333333333333,0.0,6.0,5.0,0.8579114,0.14208858,1
63,7,1.0,1.0,0.0,6.0,0.0,3.03,0.0,0.0,2.0,1.0,0.0,2.0,3.05263157894737,0.0,0.842105263157895,0.0,1.0,0.0,0.0,2.0,0.0,0.0,6.0,5.0,0.980885,0.019114995,2
63,8,1.0,1.0,0.0,6.0,0.0,3.03,15.0,0.0,2.0,1.0,14.0,2.0,3.05263157894737,0.0,0.842105263157895,0.0,1.0,0.0,0.0,2.0,0.333333333333333,0.0,6.0,5.0,0.70192194,0.29807803,1
63,9,1.0,1.0,0.0,6.0,0.0,3.03,15.0,0.0,2.0,1.0,0.0,2.0,6.8,0.0,0.842105263157895,0.0,1.0,0.0,0.0,2.0,0.0,0.0,6.0,5.0,0.9942799,0.0057201004,4
63,10,1.0,1.0,0.0,6.0,0.0,3.03,15.0,0.0,2.0,1.0,0.0,5.0,6.8,0.0,0.842105263157895,0.0,1.0,0.0,0.0,2.0,0.0,0.0,6.0,5.0,0.9953363,0.004663677,5
63,11,0.0,1.0,0.0,6.0,0.0,3.03,0.0,87.0,2.0,1.0,14.0,2.0,3.05263157894737,0.0,0.842105263157895,0.0,1.0,0.0,0.0,2.0,0.333333333333333,0.0,6.0,5.0,0.9716823,0.02831767,2
63,12,0.0,1.0,0.0,6.0,0.0,3.03,15.0,87.0,2.0,1.0,14.0,2.0,3.05263157894737,0.0,0.842105263157895,0.0,1.0,0.0,0.0,2.0,0.333333333333333,0.0,6.0,5.0,0.9933562,0.0066437963,3
63,13,0.0,1.0,0.0,6.0,0.0,3.03,15.0,87.0,2.0,1.0,14.0,2.0,3.05263157894737,0.0,0.842105263157895,31.0,1.0,0.0,0.0,2.0,0.333333333333333,0.0,6.0,5.0,0.9974425,0.002557537,4
63,14,0.0,1.0,0.0,6.0,0.0,3.03,15.0,87.0,2.0,1.0,14.0,2.0,3.05263157894737,20.0,0.842105263157895,31.0,1.0,0.0,0.0,2.0,0.333333333333333,0.0,6.0,5.0,0.9984212,0.0015788204,5
63,15,0.0,1.0,0.0,6.0,0.0,3.03,15.0,87.0,2.0,1.0,14.0,2.0,3.05263157894737,0.0,0.842105263157895,0.0,1.0,0.0,0.0,2.0,0.0,0.0,6.0,5.0,0.9967954,0.0032045692,4
63,16,0.0,1.0,0.0,6.0,0.0,3.03,15.0,87.0,2.0,45.0,14.0,2.0,3.05263157894737,0.0,0.842105263157895,0.0,1.0,0.0,0.0,2.0,0.0,0.0,6.0,5.0,0.99799186,0.0020081247,5
63,17,1.0,1.0,0.0,6.0,0.0,1.1,0.0,0.0,2.0,1.0,14.0,2.0,3.05263157894737,0.0,0.842105263157895,0.0,1.0,0.0,0.0,2.0,0.333333333333333,0.0,6.0,5.0,0.5532166,0.44678342,1
63,18,1.0,1.0,0.0,6.0,0.0,0.56,0.0,87.0,2.0,1.0,14.0,2.0,3.05263157894737,0.0,0.842105263157895,0.0,1.0,0.0,0.0,2.0,0.333333333333333,0.0,6.0,5.0,0.9774769,0.02252309,2
63,19,1.0,1.0,0.0,6.0,0.0,0.56,0.0,87.0,2.0,1.0,14.0,2.0,3.05263157894737,0.0,0.842105263157895,31.0,1.0,0.0,0.0,2.0,0.333333333333333,0.0,6.0,5.0,0.9905228,0.009477205,3
64,0,16.0,2.0,12.0,2.0,7.0,0.29,0.0,95.0,3.0,12.0,19.0,3.0,4.72222222222222,0.0,5.05555555555556,1.0,1.0,1.0,0.0,199.0,0.3,0.0,3.0,15.0,0.61227214,0.38772783,1
64,1,16.0,2.0,12.0,2.0,7.0,0.29,0.0,95.0,3.0,12.0,13.0,3.0,4.72222222222222,0.0,5.05555555555556,1.0,1.0,1.0,0.0,199.0,0.0,0.0,3.0,15.0,0.9895657,0.010434323,2
64,2,16.0,2.0,12.0,2.0,7.0,0.29,0.0,95.0,3.0,12.0,62.0,3.0,4.72222222222222,0.0,5.05555555555556,1.0,1.0,1.0,0.0,0.0,0.3,0.0,3.0,15.0,0.6433393,0.35666075,1
64,3,16.0,2.0,12.0,2.0,7.0,0.29,0.0,95.0,3.0,12.0,0.0,3.0,4.72222222222222,0.0,5.05555555555556,1.0,1.0,1.0,0.0,0.0,0.0,0.0,3.0,15.0,0.9982475,0.0017524792,3
64,4,16.0,2.0,12.0,2.0,7.0,0.29,0.0,95.0,3.0,12.0,0.0,3.0,4.72222222222222,0.0,5.05555555555556,31.0,1.0,1.0,0.0,0.0,0.0,0.0,3.0,15.0,0.9986466,0.0013533811,4
64,5,16.0,2.0,12.0,2.0,7.0,0.29,0.0,95.0,3.0,12.0,13.0,3.0,4.72222222222222,0.0,5.05555555555556,1.0,1.0,1.0,0.0,0.0,0.3,0.0,3.0,15.0,0.9828167,0.01718332,2
64,6,16.0,2.0,12.0,2.0,7.0,0.29,0.0,95.0,3.0,12.0,13.0,3.0,4.72222222222222,0.0,5.05555555555556,31.0,1.0,1.0,0.0,0.0,0.3,0.0,3.0,15.0,0.98898184,0.011018184,3
64,7,16.0,8.0,12.0,2.0,7.0,0.29,0.0,95.0,3.0,12.0,13.0,3.0,4.72222222222222,0.0,5.05555555555556,31.0,1.0,1.0,0.0,0.0,0.3,0.0,3.0,15.0,0.99191463,0.008085393,4
64,8,16.0,8.0,12.0,2.0,7.0,0.29,0.0,95.0,3.0,12.0,13.0,5.0,4.72222222222222,0.0,5.05555555555556,31.0,1.0,1.0,0.0,0.0,0.3,0.0,3.0,15.0,0.9936808,0.0063192495,5
64,9,16.0,8.0,12.0,2.0,7.0,0.29,0.0,95.0,3.0,12.0,0.0,5.0,4.72222222222222,0.0,5.05555555555556,31.0,1.0,1.0,0.0,0.0,0.3,0.0,3.0,15.0,0.9946666,0.0053334194,5
64,10,16.0,2.0,0.0,2.0,7.0,0.29,0.0,95.0,3.0,12.0,13.0,3.0,4.72222222222222,0.0,5.05555555555556,1.0,1.0,1.0,0.0,199.0,0.3,0.0,3.0,15.0,0.98600674,0.013993254,2
64,11,16.0,2.0,0.0,2.0,7.0,0.29,0.0,95.0,3.0,12.0,13.0,3.0,4.72222222222222,0.0,5.05555555555556,1.0,1.0,1.0,0.0,0.0,0.3,0.0,3.0,15.0,0.99226284,0.0077371816,3
64,12,16.0,2.0,0.0,2.0,7.0,0.29,0.0,95.0,3.0,12.0,13.0,3.0,4.72222222222222,0.0,5.05555555555556,31.0,1.0,1.0,0.0,0.0,0.3,0.0,3.0,15.0,0.99505585,0.004944149,4
64,13,16.0,8.0,0.0,2.0,7.0,0.29,0.0,95.0,3.0,12.0,13.0,3.0,4.72222222222222,0.0,5.05555555555556,31.0,1.0,1.0,0.0,0.0,0.3,0.0,3.0,15.0,0.99637777,0.0036222052,5
64,14,16.0,2.0,0.0,2.0,7.0,0.29,0.0,95.0,3.0,12.0,13.0,3.0,4.72222222222222,0.0,5.05555555555556,1.0,1.0,0.3,0.0,199.0,0.3,0.0,3.0,15.0,0.9955358,0.004464184,3
64,15,16.0,2.0,0.0,2.0,7.0,0.29,0.0,95.0,3.0,12.0,13.0,3.0,4.72222222222222,0.0,5.05555555555556,1.0,1.0,0.3,0.0,0.0,0.3,0.0,3.0,15.0,0.99824446,0.0017555325,4
64,16,16.0,2.0,0.0,0.0,7.0,0.29,0.0,95.0,3.0,12.0,13.0,3.0,4.72222222222222,0.0,5.05555555555556,1.0,1.0,0.3,0.0,0.0,0.3,0.0,3.0,15.0,0.99959195,0.00040807677,5
64,17,16.0,2.0,12.0,2.0,7.0,0.29,15.0,95.0,3.0,12.0,13.0,3.0,4.72222222222222,0.0,5.05555555555556,1.0,1.0,1.0,0.0,0.0,0.0,0.0,3.0,15.0,0.9984272,0.0015727797,4
64,18,16.0,2.0,12.0,2.0,7.0,0.29,15.0,95.0,3.0,12.0,0.0,3.0,4.72222222222222,0.0,5.05555555555556,1.0,1.0,1.0,0.0,0.0,0.0,0.0,3.0,15.0,0.99916494,0.0008350373,4
64,19,16.0,2.0,12.0,2.0,7.0,0.29,15.0,95.0,3.0,12.0,0.0,3.0,4.4,0.0,5.05555555555556,1.0,1.0,1.0,0.0,0.0,0.0,0.0,3.0,15.0,0.9994772,0.0005227836,5
65,0,1.0,1.0,8.0,4.0,0.0,0.53,0.0,88.0,2.0,1.0,33.0,2.0,17.8736842105263,0.0,3.95789473684211,1.0,1.0,0.5,0.0,6.0,0.0,0.0,5.0,7.0,0.5213475,0.47865245,2
65,1,1.0,1.0,0.0,4.0,0.0,0.53,0.0,88.0,2.0,1.0,33.0,2.0,17.8736842105263,0.0,3.95789473684211,1.0,1.0,0.5,0.0,0.0,0.0,0.0,5.0,7.0,0.97754836,0.022451635,3
65,2,1.0,1.0,1.0,4.0,0.0,0.53,0.0,88.0,2.0,1.0,19.0,2.0,17.8736842105263,0.0,3.95789473684211,1.0,1.0,0.5,0.0,2.0,0.571428571428571,0.0,5.0,7.0,0.50252926,0.4974707,3
65,3,1.0,1.0,8.0,4.0,0.0,0.53,0.0,88.0,2.0,1.0,13.0,2.0,6.8,0.0,3.95789473684211,1.0,1.0,0.5,0.0,0.0,0.571428571428571,0.0,5.0,7.0,0.67965895,0.32034105,3
65,4,1.0,1.0,8.0,4.0,0.0,0.53,0.0,88.0,2.0,1.0,33.0,2.0,2.0,0.0,3.95789473684211,1.0,1.0,0.5,0.0,0.0,0.0,0.0,5.0,7.0,0.9769079,0.023092082,3
65,5,1.0,1.0,8.0,4.0,0.0,0.53,0.0,88.0,2.0,1.0,33.0,2.0,5.2,0.0,3.95789473684211,31.0,1.0,0.5,0.0,0.0,0.571428571428571,0.0,5.0,7.0,0.5916811,0.4083189,3
65,6,1.0,1.0,8.0,4.0,0.0,0.53,0.0,88.0,2.0,1.0,33.0,2.0,2.0,0.0,3.95789473684211,31.0,1.0,0.7,0.0,0.0,0.0,0.0,5.0,7.0,0.9976767,0.002323335,5
65,7,1.0,1.0,8.0,4.0,0.0,0.53,0.0,88.0,2.0,1.0,1.0,2.0,17.8736842105263,0.0,3.95789473684211,1.0,1.0,0.5,0.0,0.0,0.571428571428571,0.0,5.0,7.0,0.53380865,0.46619135,2
65,8,1.0,1.0,8.0,0.0,0.0,0.53,0.0,88.0,2.0,1.0,0.0,2.0,2.0,0.0,3.95789473684211,1.0,1.0,0.5,0.0,0.0,0.0,0.0,5.0,7.0,0.9980351,0.0019649446,5
65,9,1.0,1.0,8.0,4.0,0.0,0.53,0.0,88.0,2.0,1.0,19.0,2.0,2.0,0.0,3.95789473684211,1.0,1.0,0.5,0.0,0.0,0.571428571428571,0.0,5.0,7.0,0.6699861,0.33001387,3
65,10,1.0,1.0,8.0,4.0,0.0,0.53,0.0,88.0,2.0,1.0,0.0,2.0,2.0,0.0,3.95789473684211,31.0,1.0,0.5,0.0,0.0,0.0,0.0,5.0,7.0,0.99888563,0.0011143936,5
65,11,1.0,1.0,8.0,4.0,0.0,0.73,0.0,88.0,2.0,1.0,33.0,2.0,2.0,0.0,3.95789473684211,1.0,1.0,0.5,0.0,0.0,0.0,0.0,5.0,7.0,0.98956674,0.0104332445,4
65,12,1.0,1.0,8.0,4.0,0.0,0.73,0.0,88.0,2.0,1.0,33.0,2.0,2.0,0.0,3.95789473684211,1.0,1.0,0.7,0.0,0.0,0.0,0.0,5.0,7.0,0.99282086,0.007179125,5
65,13,1.0,1.0,8.0,4.0,0.0,0.53,0.0,88.0,2.0,1.0,0.0,2.0,17.8736842105263,0.0,3.95789473684211,1.0,1.0,0.5,0.0,0.0,0.0,0.0,5.0,7.0,0.9661892,0.033810817,3
65,14,1.0,1.0,8.0,4.0,0.0,0.53,0.0,88.0,2.0,1.0,0.0,2.0,17.8736842105263,0.0,2.0,1.0,1.0,0.5,0.0,0.0,0.0,0.0,5.0,7.0,0.9897288,0.010271215,4
65,15,1.0,1.0,8.0,6.0,0.0,0.53,0.0,88.0,2.0,1.0,0.0,2.0,17.8736842105263,0.0,2.0,1.0,1.0,0.5,0.0,0.0,0.0,0.0,5.0,7.0,0.9923693,0.0076307114,5
65,16,1.0,1.0,8.0,4.0,0.0,0.53,0.0,88.0,2.0,1.0,33.0,2.0,4.4,0.0,3.95789473684211,1.0,1.0,0.5,0.0,48.0,0.0,0.0,5.0,7.0,0.5537172,0.4462828,2
65,17,1.0,1.0,8.0,4.0,0.0,0.53,0.0,88.0,2.0,1.0,6.0,2.0,2.0,0.0,3.95789473684211,1.0,1.0,0.5,0.0,48.0,0.571428571428571,0.0,5.0,7.0,0.5792545,0.4207455,2
65,18,1.0,1.0,8.0,3.0,0.0,0.53,0.0,88.0,2.0,1.0,0.0,2.0,2.0,0.0,3.95789473684211,1.0,1.0,0.5,0.0,48.0,0.0,0.0,5.0,7.0,0.98842835,0.0115716625,4
65,19,1.0,1.0,8.0,3.0,0.0,0.53,0.0,88.0,2.0,1.0,13.0,2.0,4.4,0.0,3.95789473684211,1.0,1.0,0.5,0.0,48.0,0.571428571428571,0.0,5.0,7.0,0.5886017,0.41139826,3
73,0,0.0,2.0,9.0,5.0,0.0,0.63,0.0,77.0,3.0,8.0,13.0,2.0,4.78947368421053,0.0,3.84210526315789,0.0,1.0,0.785714285714286,0.0,2.0,0.5,0.0,1.0,8.0,0.85923046,0.14076953,1
73,1,0.0,2.0,9.0,5.0,0.0,0.63,0.0,77.0,3.0,8.0,13.0,2.0,4.78947368421053,0.0,3.84210526315789,0.0,1.0,0.785714285714286,0.0,0.0,0.0,0.0,1.0,8.0,0.996432,0.0035680162,2
73,2,0.0,2.0,9.0,5.0,0.0,0.63,0.0,87.0,3.0,8.0,13.0,2.0,4.78947368421053,0.0,3.84210526315789,0.0,1.0,0.785714285714286,0.0,0.0,0.0,0.0,1.0,8.0,0.9988867,0.0011132774,3
73,3,0.0,2.0,9.0,0.0,0.0,0.63,0.0,87.0,3.0,8.0,13.0,2.0,4.78947368421053,0.0,3.84210526315789,0.0,1.0,0.785714285714286,0.0,0.0,0.0,0.0,1.0,8.0,0.9995957,0.0004043055,4
73,4,0.0,2.0,9.0,5.0,0.0,0.63,0.0,77.0,3.0,8.0,13.0,2.0,4.78947368421053,0.0,3.84210526315789,0.0,1.0,0.785714285714286,0.0,93.0,0.7,0.0,1.0,8.0,0.6081568,0.3918432,1
73,5,0.0,2.0,9.0,3.0,0.0,0.63,0.0,77.0,3.0,8.0,13.0,2.0,4.78947368421053,0.0,3.84210526315789,0.0,1.0,0.785714285714286,0.0,93.0,0.5,0.0,1.0,8.0,0.69496256,0.30503744,1
73,6,0.0,2.0,9.0,0.0,0.0,0.63,0.0,77.0,3.0,45.0,13.0,2.0,4.78947368421053,0.0,3.84210526315789,0.0,1.0,0.785714285714286,0.0,93.0,1.0,0.0,1.0,8.0,0.98954386,0.010456172,3
73,7,0.0,2.0,9.0,0.0,0.0,0.63,0.0,77.0,3.0,45.0,13.0,2.0,4.78947368421053,0.0,3.84210526315789,2.0,1.0,0.785714285714286,0.0,93.0,1.0,0.0,1.0,8.0,0.9932223,0.0067776944,4
73,8,0.0,2.0,9.0,0.0,0.0,0.63,0.0,77.0,3.0,45.0,13.0,2.0,4.78947368421053,0.0,4.3,2.0,1.0,0.785714285714286,0.0,93.0,1.0,0.0,1.0,8.0,0.99453676,0.00546325,5
73,9,0.0,2.0,9.0,5.0,0.0,0.63,0.0,77.0,3.0,45.0,13.0,2.0,4.78947368421053,0.0,3.84210526315789,31.0,1.0,0.785714285714286,0.0,93.0,0.5,0.0,1.0,8.0,0.5815164,0.41848361,2
73,10,0.0,2.0,9.0,0.0,0.0,0.63,0.0,77.0,3.0,45.0,13.0,2.0,4.78947368421053,0.0,6.9,31.0,1.0,0.785714285714286,0.0,93.0,1.0,0.0,1.0,8.0,0.99509233,0.0049076504,5
73,11,0.0,2.0,9.0,0.0,0.0,0.63,0.0,77.0,3.0,45.0,13.0,2.0,4.78947368421053,0.0,6.9,31.0,1.0,0.785714285714286,0.0,93.0,0.0,0.0,1.0,8.0,0.99602586,0.0039741173,5
73,12,0.0,2.0,9.0,0.0,0.0,0.63,0.0,77.0,3.0,45.0,13.0,2.0,4.78947368421053,0.0,0.0,31.0,1.0,0.785714285714286,0.0,93.0,0.0,0.0,1.0,8.0,0.9973969,0.0026031407,5
73,13,0.0,2.0,9.0,2.0,0.0,0.63,0.0,77.0,3.0,45.0,13.0,2.0,4.78947368421053,0.0,0.0,31.0,1.0,0.785714285714286,0.0,93.0,0.0,0.0,1.0,8.0,0.99784076,0.002159219,5
73,14,0.0,2.0,0.0,5.0,0.0,0.63,0.0,77.0,3.0,8.0,13.0,2.0,4.78947368421053,0.0,3.84210526315789,0.0,1.0,0.785714285714286,0.0,0.0,0.5,0.0,1.0,8.0,0.992927,0.007072965,2
73,15,0.0,2.0,0.0,5.0,0.0,0.63,0.0,87.0,3.0,8.0,13.0,2.0,4.78947368421053,0.0,3.84210526315789,0.0,1.0,0.785714285714286,0.0,0.0,0.5,0.0,1.0,8.0,0.99713904,0.0028609924,3
73,16,0.0,2.0,9.0,5.0,0.0,0.17,0.0,77.0,3.0,8.0,13.0,2.0,4.78947368421053,0.0,3.84210526315789,0.0,1.0,0.785714285714286,0.0,93.0,0.5,0.0,1.0,8.0,0.81712645,0.18287355,1
73,17,0.0,2.0,9.0,3.0,0.0,0.0,0.0,77.0,3.0,8.0,13.0,2.0,4.78947368421053,0.0,3.84210526315789,0.0,1.0,0.785714285714286,0.0,93.0,0.5,0.0,1.0,8.0,0.9603697,0.03963029,2
73,18,0.0,2.0,9.0,5.0,0.0,0.63,0.0,87.0,3.0,8.0,13.0,2.0,4.78947368421053,0.0,3.84210526315789,0.0,1.0,0.785714285714286,0.0,93.0,0.5,0.0,1.0,8.0,0.72647774,0.27352226,1
73,19,0.0,2.0,9.0,3.0,0.0,0.0,0.0,87.0,3.0,8.0,6.0,2.0,4.78947368421053,0.0,3.84210526315789,0.0,1.0,0.785714285714286,0.0,93.0,0.5,0.0,1.0,8.0,0.9915906,0.008409351,4
79,0,4.0,1.0,2.0,4.0,1.0,0.73,0.0,84.0,3.0,4.0,9.0,4.0,11.5714285714286,1.0,3.19047619047619,1.0,1.0,0.739130434782609,0.0,2.0,0.6,0.0,1.0,6.0,0.78133655,0.21866348,1
79,1,4.0,1.0,0.0,4.0,1.0,0.73,0.0,84.0,3.0,4.0,9.0,4.0,11.5714285714286,1.0,3.19047619047619,1.0,1.0,0.739130434782609,0.0,0.0,0.6,0.0,1.0,6.0,0.98295873,0.017041292,2
79,2,4.0,1.0,0.0,4.0,1.0,0.73,0.0,84.0,3.0,4.0,9.0,4.0,11.5714285714286,1.0,3.19047619047619,1.0,1.0,0.739130434782609,0.0,0.0,0.0,0.0,1.0,6.0,0.995309,0.004691024,3
79,3,4.0,1.0,0.0,4.0,1.0,0.73,0.0,84.0,3.0,4.0,9.0,4.0,4.4,1.0,3.19047619047619,1.0,1.0,0.739130434782609,0.0,0.0,0.0,0.0,1.0,6.0,0.99815655,0.0018434629,4
79,4,4.0,1.0,0.0,0.0,1.0,0.73,0.0,84.0,3.0,4.0,9.0,4.0,4.4,1.0,3.19047619047619,1.0,1.0,0.739130434782609,0.0,0.0,0.0,0.0,1.0,6.0,0.9990357,0.00096430175,5
79,5,4.0,1.0,2.0,4.0,1.0,0.73,0.0,84.0,3.0,4.0,9.0,4.0,11.5714285714286,1.0,3.19047619047619,1.0,1.0,0.739130434782609,0.0,24.0,1.0,0.0,1.0,6.0,0.7585616,0.24143836,1
79,6,4.0,1.0,2.0,4.0,1.0,0.73,0.0,84.0,3.0,4.0,9.0,4.0,4.4,1.0,3.19047619047619,1.0,1.0,0.739130434782609,0.0,24.0,0.6,0.0,1.0,6.0,0.65477157,0.34522843,1
79,7,4.0,1.0,2.0,4.0,1.0,0.73,0.0,84.0,3.0,4.0,9.0,4.0,2.0,1.0,3.19047619047619,1.0,1.0,0.739130434782609,0.0,24.0,1.0,0.0,1.0,0.0,0.98640555,0.013594466,3
79,8,4.0,1.0,2.0,4.0,1.0,0.73,0.0,84.0,3.0,4.0,9.0,4.0,2.0,1.0,0.0,1.0,1.0,0.739130434782609,0.0,24.0,1.0,0.0,1.0,0.0,0.99416447,0.005835558,4
79,9,4.0,1.0,2.0,4.0,1.0,0.73,0.0,84.0,3.0,45.0,9.0,4.0,2.0,1.0,0.0,1.0,1.0,0.739130434782609,0.0,24.0,1.0,0.0,1.0,0.0,0.99656194,0.0034380502,5
79,10,4.0,1.0,2.0,4.0,1.0,0.73,0.0,84.0,3.0,4.0,9.0,4.0,11.5714285714286,1.0,3.19047619047619,1.0,1.0,0.739130434782609,0.0,0.0,0.6,0.0,1.0,0.0,0.98647416,0.01352586,2
79,11,4.0,1.0,2.0,4.0,1.0,0.73,0.0,84.0,3.0,4.0,9.0,4.0,11.5714285714286,1.0,3.19047619047619,31.0,1.0,0.739130434782609,0.0,24.0,0.6,0.0,1.0,6.0,0.5069324,0.49306762,1
79,12,4.0,1.0,0.0,4.0,1.0,0.73,0.0,84.0,3.0,4.0,9.0,4.0,11.5714285714286,1.0,3.19047619047619,31.0,1.0,0.739130434782609,0.0,0.0,0.6,0.0,1.0,0.0,0.9967102,0.0032898022,4
79,13,4.0,1.0,0.0,4.0,1.0,0.73,15.0,84.0,3.0,4.0,9.0,4.0,11.5714285714286,1.0,3.19047619047619,31.0,1.0,0.739130434782609,0.0,0.0,0.6,0.0,1.0,0.0,0.99767613,0.0023238887,5
79,14,4.0,1.0,0.0,4.0,1.0,0.73,15.0,84.0,3.0,4.0,9.0,4.0,11.5714285714286,1.0,3.19047619047619,31.0,1.0,0.739130434782609,0.0,0.0,0.6,0.0,1.0,1.0,0.99797404,0.0020259714,5
79,15,4.0,1.0,0.0,4.0,1.0,0.73,15.0,84.0,3.0,4.0,9.0,4.0,11.5714285714286,1.0,3.19047619047619,2.0,1.0,0.739130434782609,0.0,0.0,0.6,0.0,1.0,1.0,0.9981127,0.0018873485,5
79,16,4.0,1.0,2.0,4.0,1.0,0.73,0.0,84.0,3.0,4.0,9.0,4.0,2.0,1.0,3.19047619047619,1.0,1.0,0.739130434782609,0.0,24.0,0.6,0.0,1.0,6.0,0.7260839,0.27391613,1
79,17,4.0,1.0,2.0,0.0,1.0,0.73,0.0,84.0,3.0,4.0,9.0,4.0,2.0,1.0,3.19047619047619,1.0,1.0,0.739130434782609,0.0,24.0,0.6,0.0,1.0,6.0,0.960399,0.039601028,2
79,18,4.0,1.0,2.0,0.0,1.0,0.73,0.0,84.0,3.0,4.0,9.0,4.0,2.0,1.0,3.19047619047619,1.0,1.0,0.739130434782609,0.0,24.0,0.6,0.0,1.0,0.0,0.9945944,0.005405623,3
79,19,4.0,1.0,2.0,4.0,1.0,0.73,15.0,84.0,3.0,4.0,9.0,4.0,11.5714285714286,1.0,3.19047619047619,1.0,1.0,0.739130434782609,0.0,24.0,0.6,0.0,1.0,6.0,0.5180936,0.48190638,1
95,0,0.0,1.0,0.0,4.0,2.0,0.33,0.0,80.0,2.0,0.0,18.0,2.0,5.53846153846154,1.0,5.38461538461539,1.0,1.0,1.86666666666667,0.0,4.0,0.5,0.0,5.0,2.0,0.84887815,0.15112188,1
95,1,0.0,1.0,0.0,0.0,2.0,0.33,0.0,80.0,2.0,0.0,18.0,5.0,5.53846153846154,1.0,5.38461538461539,1.0,1.0,1.86666666666667,0.0,4.0,0.5,0.0,5.0,2.0,0.9924047,0.007595277,2
95,2,0.0,1.0,0.0,0.0,2.0,0.33,0.0,80.0,2.0,0.0,18.0,5.0,5.53846153846154,1.0,5.38461538461539,1.0,1.0,1.86666666666667,0.0,4.0,0.0,0.0,5.0,2.0,0.99809676,0.0019032203,3
95,3,0.0,1.0,0.0,4.0,2.0,0.33,0.0,80.0,2.0,0.0,13.0,1.0,5.53846153846154,1.0,5.38461538461539,1.0,1.0,1.86666666666667,0.0,4.0,0.5,0.0,5.0,2.0,0.5404448,0.4595552,1
95,4,0.0,1.0,0.0,0.0,2.0,0.33,0.0,80.0,2.0,0.0,13.0,5.0,5.53846153846154,1.0,5.38461538461539,1.0,1.0,1.86666666666667,0.0,0.0,0.0,0.0,5.0,2.0,0.9995881,0.00041190028,5
95,5,0.0,1.0,0.0,6.0,2.0,0.33,0.0,80.0,2.0,0.0,18.0,1.0,5.53846153846154,1.0,5.38461538461539,1.0,1.0,1.86666666666667,0.0,4.0,0.5,0.0,5.0,2.0,0.52938837,0.47061163,1
95,6,0.0,1.0,0.0,0.0,2.0,0.33,0.0,80.0,2.0,0.0,18.0,1.0,5.53846153846154,1.0,5.38461538461539,1.0,1.0,1.86666666666667,0.0,4.0,1.0,0.0,5.0,2.0,0.99196744,0.008032534,2
95,7,0.0,1.0,0.0,4.0,2.0,0.33,0.0,80.0,2.0,0.0,18.0,1.0,5.53846153846154,1.0,5.38461538461539,1.0,1.0,1.86666666666667,0.0,2.0,0.5,0.0,5.0,2.0,0.5025103,0.49748966,1
95,8,0.0,1.0,0.0,0.0,2.0,0.33,0.0,80.0,2.0,0.0,18.0,1.0,5.53846153846154,1.0,6.9,1.0,1.0,1.86666666666667,0.0,0.0,1.0,0.0,5.0,2.0,0.9984003,0.0015997345,4
95,9,0.0,1.0,0.0,0.0,2.0,0.33,0.0,80.0,2.0,0.0,18.0,1.0,5.53846153846154,1.0,6.9,2.0,1.0,1.86666666666667,0.0,0.0,1.0,0.0,5.0,2.0,0.9984012,0.0015987692,5
95,10,0.0,1.0,0.0,4.0,2.0,0.33,0.0,80.0,2.0,0.0,4.0,5.0,5.53846153846154,1.0,5.38461538461539,1.0,1.0,1.86666666666667,0.0,4.0,0.5,0.0,5.0,2.0,0.98030496,0.019695047,2
95,11,0.0,1.0,0.0,4.0,2.0,0.0,0.0,80.0,2.0,0.0,4.0,5.0,5.53846153846154,1.0,5.38461538461539,1.0,1.0,1.86666666666667,0.0,4.0,0.5,0.0,5.0,2.0,0.995825,0.0041750334,3
95,12,0.0,1.0,0.0,4.0,2.0,0.33,0.0,80.0,2.0,45.0,18.0,1.0,5.53846153846154,1.0,5.38461538461539,1.0,1.0,1.86666666666667,0.0,4.0,0.5,0.0,5.0,2.0,0.59094375,0.40905625,1
95,13,0.0,1.0,0.0,4.0,2.0,0.0,0.0,80.0,2.0,45.0,4.0,5.0,5.53846153846154,1.0,5.38461538461539,31.0,1.0,1.86666666666667,0.0,4.0,0.5,0.0,5.0,2.0,0.99817896,0.00182102,5
95,14,0.0,1.0,0.0,4.0,2.0,0.33,0.0,80.0,2.0,0.0,18.0,5.0,5.53846153846154,1.0,5.38461538461539,1.0,1.0,1.86666666666667,0.0,4.0,0.0,0.0,5.0,2.0,0.9905851,0.00941492,2
95,15,0.0,1.0,0.0,4.0,2.0,0.33,0.0,80.0,2.0,0.0,18.0,5.0,6.8,1.0,5.38461538461539,1.0,1.0,1.86666666666667,0.0,4.0,0.0,0.0,5.0,2.0,0.9945438,0.005456208,3
95,16,0.0,1.0,0.0,4.0,2.0,0.33,0.0,80.0,2.0,0.0,18.0,5.0,6.8,1.0,5.38461538461539,1.0,1.0,1.86666666666667,0.0,0.0,0.0,0.0,5.0,2.0,0.99647844,0.0035215805,4
95,17,0.0,1.0,0.0,4.0,2.0,0.33,0.0,80.0,2.0,0.0,18.0,1.0,5.53846153846154,1.0,5.38461538461539,31.0,1.0,1.86666666666667,0.0,4.0,0.5,0.0,5.0,2.0,0.74140924,0.25859076,1
95,18,0.0,1.0,0.0,0.0,2.0,0.33,0.0,80.0,2.0,0.0,13.0,1.0,5.53846153846154,1.0,5.38461538461539,1.0,1.0,1.86666666666667,0.0,4.0,1.0,0.0,5.0,2.0,0.99712604,0.002873957,3
95,19,0.0,1.0,0.0,0.0,2.0,0.33,0.0,80.0,2.0,45.0,13.0,1.0,5.53846153846154,1.0,5.38461538461539,1.0,1.0,1.86666666666667,0.0,4.0,1.0,0.0,5.0,2.0,0.9987794,0.0012205814,4
247,0,9.0,1.0,8.0,4.0,21.0,0.4,0.0,92.0,2.0,0.0,13.0,2.0,5.32835820895522,0.0,6.41791044776119,1.0,1.0,0.987179487179487,0.0,0.0,0.25,0.0,3.0,6.0,0.74279416,0.25720584,2
247,1,9.0,1.0,8.0,4.0,21.0,0.4,0.0,92.0,2.0,0.0,0.0,2.0,5.32835820895522,0.0,6.41791044776119,1.0,1.0,0.987179487179487,0.0,0.0,0.0,0.0,3.0,6.0,0.9831975,0.016802497,3
247,2,9.0,1.0,8.0,4.0,21.0,0.4,0.0,92.0,2.0,0.0,0.0,2.0,5.32835820895522,0.0,6.41791044776119,1.0,1.0,0.5,0.0,0.0,0.0,0.0,3.0,6.0,0.99318194,0.0068180626,4
247,3,9.0,1.0,8.0,4.0,21.0,0.4,0.0,92.0,2.0,0.0,0.0,2.0,5.32835820895522,0.0,6.41791044776119,31.0,1.0,0.5,0.0,0.0,0.0,0.0,3.0,6.0,0.99661106,0.0033889327,5
247,4,9.0,1.0,8.0,4.0,21.0,0.4,0.0,92.0,2.0,0.0,0.0,2.0,5.32835820895522,0.0,6.41791044776119,31.0,1.0,0.987179487179487,0.0,0.0,0.25,0.0,3.0,6.0,0.9100894,0.089910656,3
247,5,9.0,1.0,8.0,4.0,21.0,0.4,0.0,92.0,2.0,45.0,0.0,2.0,5.32835820895522,0.0,6.41791044776119,31.0,1.0,0.987179487179487,0.0,0.0,0.25,0.0,3.0,6.0,0.9440188,0.0559812,4
247,6,9.0,1.0,8.0,3.0,21.0,0.4,0.0,92.0,2.0,45.0,0.0,2.0,5.32835820895522,0.0,6.41791044776119,31.0,1.0,0.987179487179487,0.0,0.0,0.25,0.0,3.0,6.0,0.96354616,0.036453858,5
247,7,9.0,1.0,8.0,4.0,21.0,0.4,0.0,92.0,2.0,0.0,34.0,2.0,5.32835820895522,0.0,6.41791044776119,31.0,1.0,0.987179487179487,0.0,0.0,0.25,0.0,3.0,6.0,0.5787405,0.42125952,2
247,8,9.0,1.0,8.0,1.0,21.0,0.4,0.0,92.0,2.0,45.0,13.0,2.0,5.32835820895522,0.0,6.41791044776119,31.0,1.0,0.987179487179487,0.0,0.0,0.25,0.0,3.0,6.0,0.972126,0.02787401,5
247,9,9.0,1.0,8.0,4.0,21.0,0.4,0.0,92.0,2.0,0.0,0.0,2.0,5.32835820895522,0.0,6.41791044776119,31.0,1.0,0.987179487179487,0.0,0.0,0.0,0.0,3.0,6.0,0.9913185,0.008681504,4
247,10,9.0,1.0,8.0,4.0,21.0,0.4,0.0,92.0,2.0,45.0,0.0,2.0,5.32835820895522,0.0,6.41791044776119,31.0,1.0,0.987179487179487,0.0,0.0,0.0,0.0,3.0,6.0,0.9935842,0.0064157955,5
247,11,9.0,1.0,8.0,4.0,21.0,0.4,0.0,92.0,2.0,0.0,0.0,2.0,5.32835820895522,0.0,2.0,1.0,1.0,0.987179487179487,0.0,0.0,0.0,0.0,3.0,6.0,0.9939307,0.006069287,4
247,12,9.0,1.0,8.0,4.0,21.0,0.4,0.0,92.0,2.0,0.0,0.0,2.0,5.32835820895522,0.0,2.0,0.0,1.0,0.987179487179487,0.0,0.0,0.0,0.0,3.0,6.0,0.99508125,0.0049187397,5
247,13,9.0,1.0,8.0,3.0,21.0,0.4,0.0,92.0,2.0,0.0,0.0,2.0,5.32835820895522,0.0,6.41791044776119,31.0,1.0,0.987179487179487,0.0,0.0,0.25,0.0,3.0,6.0,0.9407085,0.059291452,4
247,14,9.0,1.0,8.0,3.0,21.0,0.4,0.0,92.0,2.0,0.0,13.0,2.0,5.32835820895522,0.0,6.41791044776119,31.0,1.0,0.987179487179487,0.0,0.0,0.25,0.0,3.0,6.0,0.95756733,0.042432696,4
247,15,9.0,1.0,8.0,3.0,21.0,0.4,0.0,92.0,2.0,0.0,13.0,5.0,5.32835820895522,0.0,6.41791044776119,31.0,1.0,0.987179487179487,0.0,0.0,0.25,0.0,3.0,6.0,0.9665834,0.0334166,5
247,16,9.0,1.0,8.0,1.0,21.0,0.4,0.0,92.0,2.0,0.0,13.0,5.0,5.32835820895522,0.0,6.41791044776119,31.0,1.0,0.987179487179487,0.0,0.0,0.25,0.0,3.0,6.0,0.96807534,0.031924672,5
247,17,9.0,1.0,0.0,4.0,21.0,0.4,0.0,92.0,2.0,0.0,0.0,2.0,5.32835820895522,0.0,6.41791044776119,1.0,1.0,0.987179487179487,0.0,0.0,0.25,0.0,3.0,6.0,0.9614614,0.03853856,3
247,18,9.0,1.0,0.0,4.0,21.0,0.4,0.0,92.0,2.0,0.0,0.0,2.0,5.32835820895522,0.0,6.41791044776119,1.0,1.0,0.5,0.0,0.0,0.25,0.0,3.0,6.0,0.9880481,0.011951916,4
247,19,9.0,1.0,0.0,4.0,21.0,0.4,0.0,92.0,2.0,0.0,0.0,2.0,5.32835820895522,0.0,6.41791044776119,31.0,1.0,0.5,0.0,0.0,0.25,0.0,3.0,6.0,0.993043,0.0069569894,5
1125,0,1.0,1.0,64.0,7.0,0.0,0.4,0.0,97.0,2.0,0.0,19.0,1.0,9.41538461538462,0.0,12.5692307692308,1.0,1.0,1.78571428571429,0.0,283.0,0.0,0.0,2.0,10.0,0.934672,0.065328,2
1125,1,1.0,1.0,64.0,7.0,0.0,0.4,0.0,97.0,2.0,0.0,19.0,1.0,5.2,0.0,12.5692307692308,1.0,1.0,1.78571428571429,0.0,283.0,0.571428571428571,0.0,2.0,10.0,0.5838424,0.4161576,2
1125,2,1.0,1.0,64.0,7.0,0.0,0.4,0.0,97.0,2.0,0.0,0.0,1.0,2.0,0.0,12.5692307692308,0.0,1.0,1.78571428571429,0.0,283.0,0.0,0.0,2.0,10.0,0.9903513,0.009648696,4
1125,3,1.0,1.0,64.0,7.0,0.0,0.4,0.0,97.0,2.0,45.0,0.0,1.0,2.0,0.0,12.5692307692308,1.0,1.0,1.78571428571429,0.0,283.0,0.0,0.0,2.0,10.0,0.9930397,0.0069602807,4
1125,4,1.0,1.0,5.0,7.0,0.0,0.4,0.0,97.0,2.0,45.0,1.0,1.0,9.41538461538462,0.0,12.5692307692308,1.0,1.0,1.78571428571429,0.0,283.0,0.571428571428571,0.0,2.0,10.0,0.5299773,0.4700227,3
1125,5,1.0,1.0,64.0,7.0,0.0,0.4,0.0,97.0,2.0,0.0,19.0,1.0,9.41538461538462,20.0,12.5692307692308,1.0,1.0,1.78571428571429,0.0,283.0,0.571428571428571,0.0,2.0,10.0,0.73911965,0.26088032,2
1125,6,1.0,1.0,64.0,7.0,0.0,0.4,0.0,97.0,2.0,0.0,19.0,5.0,9.41538461538462,0.0,12.5692307692308,1.0,1.0,1.78571428571429,0.0,283.0,0.571428571428571,0.0,2.0,10.0,0.5902398,0.40976018,2
1125,7,1.0,1.0,64.0,7.0,0.0,0.4,0.0,97.0,2.0,0.0,13.0,1.0,9.41538461538462,0.0,12.5692307692308,1.0,1.0,1.78571428571429,0.0,0.0,0.571428571428571,0.0,2.0,10.0,0.57350874,0.4264913,2
1125,8,1.0,1.0,64.0,7.0,0.0,0.4,0.0,97.0,2.0,0.0,0.0,5.0,9.41538461538462,0.0,12.5692307692308,31.0,1.0,1.78571428571429,0.0,0.0,0.0,0.0,2.0,10.0,0.994892,0.005108024,5
1125,9,1.0,1.0,64.0,7.0,0.0,0.4,0.0,97.0,2.0,0.0,19.0,1.0,3.1,0.0,12.5692307692308,1.0,1.0,1.78571428571429,0.0,283.0,0.571428571428571,0.0,2.0,10.0,0.83954054,0.16045947,2
1125,10,1.0,1.0,64.0,7.0,0.0,0.4,0.0,97.0,2.0,45.0,19.0,1.0,9.41538461538462,0.0,12.5692307692308,1.0,1.0,1.78571428571429,0.0,283.0,0.571428571428571,0.0,2.0,10.0,0.58388615,0.41611388,2
1125,11,1.0,8.0,64.0,7.0,0.0,0.4,0.0,97.0,2.0,45.0,19.0,1.0,3.1,0.0,12.5692307692308,1.0,1.0,1.78571428571429,0.0,283.0,0.571428571428571,0.0,2.0,10.0,0.90440375,0.09559625,4
1125,12,1.0,8.0,64.0,7.0,0.0,0.4,0.0,97.0,2.0,45.0,19.0,1.0,3.1,0.0,12.5692307692308,1.0,1.0,1.78571428571429,0.0,69.0,0.571428571428571,0.0,2.0,10.0,0.9059481,0.094051905,5
1125,13,1.0,1.0,64.0,7.0,0.0,0.0,0.0,97.0,2.0,0.0,0.0,1.0,9.41538461538462,0.0,12.5692307692308,1.0,1.0,1.78571428571429,0.0,283.0,0.0,0.0,2.0,10.0,0.98731595,0.0126840435,3
1125,14,1.0,1.0,64.0,7.0,0.0,0.0,0.0,97.0,2.0,0.0,0.0,1.0,9.41538461538462,0.0,12.5692307692308,1.0,1.0,1.78571428571429,0.0,0.0,0.0,0.0,2.0,10.0,0.9921708,0.0078292005,4
1125,15,1.0,1.0,64.0,7.0,0.0,0.0,0.0,0.0,2.0,0.0,0.0,1.0,9.41538461538462,0.0,12.5692307692308,1.0,1.0,1.78571428571429,0.0,0.0,0.0,0.0,2.0,10.0,0.9938813,0.0061186943,5
1125,16,1.0,1.0,64.0,7.0,0.0,0.0,0.0,0.0,2.0,0.0,3.0,1.0,9.41538461538462,0.0,12.5692307692308,1.0,1.0,1.78571428571429,0.0,0.0,0.0,0.0,2.0,10.0,0.9954915,0.0045084786,5
1125,17,1.0,1.0,64.0,7.0,0.0,0.4,0.0,97.0,2.0,0.0,0.0,1.0,9.41538461538462,0.0,12.5692307692308,1.0,1.0,1.78571428571429,0.0,0.0,0.0,0.0,2.0,10.0,0.97223866,0.027761327,3
1125,18,1.0,1.0,64.0,7.0,0.0,0.4,0.0,0.0,2.0,0.0,0.0,1.0,9.41538461538462,0.0,12.5692307692308,1.0,1.0,1.78571428571429,0.0,0.0,0.0,0.0,2.0,10.0,0.98537725,0.014622773,4
1125,19,1.0,1.0,64.0,7.0,0.0,0.4,0.0,0.0,2.0,45.0,0.0,1.0,9.41538461538462,0.0,12.5692307692308,1.0,1.0,1.78571428571429,0.0,0.0,0.0,0.0,2.0,10.0,0.99025327,0.009746707,5
1126,0,0.0,1.0,64.0,6.0,0.0,0.67,0.0,0.0,1.0,0.0,136.0,1.0,4.72307692307692,0.0,7.10769230769231,1.0,1.0,0.434782608695652,0.0,18.0,0.333333333333333,0.0,3.0,4.0,0.7891301,0.21086988,1
1126,1,0.0,1.0,64.0,6.0,0.0,0.67,0.0,0.0,1.0,0.0,136.0,1.0,4.72307692307692,0.0,7.10769230769231,1.0,1.0,0.434782608695652,0.0,0.0,1.0,0.0,3.0,4.0,0.98497,0.015030009,2
1126,2,0.0,1.0,64.0,6.0,0.0,0.67,0.0,0.0,1.0,0.0,19.0,1.0,4.72307692307692,0.0,7.10769230769231,1.0,1.0,0.434782608695652,0.0,41.0,0.333333333333333,0.0,3.0,4.0,0.8503898,0.14961024,1
1126,3,0.0,1.0,64.0,6.0,0.0,0.67,0.0,0.0,1.0,0.0,0.0,1.0,4.72307692307692,0.0,7.10769230769231,31.0,1.0,0.434782608695652,0.0,0.0,1.0,0.0,3.0,4.0,0.9997268,0.0002732182,4
1126,4,0.0,1.0,64.0,6.0,0.0,0.67,0.0,0.0,1.0,0.0,0.0,1.0,4.72307692307692,20.0,7.10769230769231,31.0,1.0,0.434782608695652,0.0,0.0,1.0,0.0,3.0,4.0,0.99984956,0.00015043581,5
1126,5,0.0,1.0,64.0,6.0,0.0,0.67,0.0,0.0,1.0,0.0,6.0,1.0,4.72307692307692,20.0,7.10769230769231,31.0,1.0,0.434782608695652,0.0,0.0,1.0,0.0,3.0,4.0,0.99986213,0.00013789453,5
1126,6,0.0,1.0,64.0,6.0,0.0,0.67,0.0,0.0,1.0,0.0,19.0,1.0,4.72307692307692,0.0,7.10769230769231,1.0,1.0,0.434782608695652,0.0,41.0,1.0,0.0,3.0,4.0,0.9689729,0.031027056,2
1126,7,0.0,1.0,64.0,6.0,0.0,0.67,0.0,0.0,1.0,0.0,19.0,1.0,4.72307692307692,0.0,7.10769230769231,31.0,1.0,0.434782608695652,0.0,41.0,1.0,0.0,3.0,4.0,0.9936398,0.0063601495,3
1126,8,0.0,1.0,64.0,6.0,0.0,0.67,0.0,0.0,1.0,0.0,19.0,1.0,4.72307692307692,0.0,7.10769230769231,31.0,1.0,0.434782608695652,0.0,41.0,1.0,0.0,0.0,4.0,0.99665385,0.003346159,4
1126,9,0.0,1.0,64.0,6.0,0.0,0.67,0.0,0.0,1.0,0.0,19.0,5.0,4.72307692307692,0.0,7.10769230769231,31.0,1.0,0.434782608695652,0.0,41.0,1.0,0.0,0.0,4.0,0.9979746,0.0020254008,5
1126,10,0.0,1.0,64.0,6.0,0.0,0.67,0.0,0.0,1.0,0.0,0.0,5.0,4.72307692307692,0.0,7.10769230769231,31.0,1.0,0.434782608695652,0.0,41.0,1.0,0.0,0.0,4.0,0.99876547,0.0012345485,5
1126,11,0.0,1.0,64.0,6.0,0.0,0.67,0.0,0.0,1.0,0.0,136.0,1.0,4.72307692307692,20.0,7.10769230769231,1.0,1.0,0.434782608695652,0.0,0.0,0.333333333333333,0.0,3.0,4.0,0.9713198,0.028680218,2
1126,12,0.0,1.0,64.0,6.0,0.0,0.67,0.0,0.0,1.0,0.0,136.0,5.0,4.72307692307692,20.0,7.10769230769231,1.0,1.0,0.434782608695652,0.0,0.0,0.333333333333333,0.0,3.0,4.0,0.9876916,0.01230843,3
1126,13,0.0,1.0,64.0,6.0,2.0,0.67,0.0,0.0,1.0,0.0,136.0,5.0,4.72307692307692,20.0,7.10769230769231,1.0,1.0,0.434782608695652,0.0,0.0,0.333333333333333,0.0,3.0,4.0,0.9946253,0.0053747525,4
1126,14,0.0,1.0,64.0,6.0,2.0,0.67,0.0,0.0,1.0,0.0,136.0,5.0,3.1,20.0,7.10769230769231,1.0,1.0,0.434782608695652,0.0,0.0,0.333333333333333,0.0,3.0,4.0,0.99590415,0.0040958775,5
1126,15,0.0,1.0,64.0,6.0,0.0,0.67,0.0,0.0,1.0,0.0,136.0,1.0,4.72307692307692,0.0,7.10769230769231,31.0,1.0,0.434782608695652,0.0,0.0,1.0,0.0,3.0,4.0,0.99734426,0.0026557597,3
1126,16,0.0,1.0,64.0,6.0,0.0,0.67,0.0,0.0,1.0,0.0,136.0,1.0,4.72307692307692,20.0,7.10769230769231,31.0,1.0,0.434782608695652,0.0,0.0,1.0,0.0,3.0,4.0,0.99916214,0.000837878,4
1126,17,0.0,1.0,64.0,6.0,0.0,0.67,0.0,0.0,1.0,45.0,136.0,1.0,4.72307692307692,0.0,7.10769230769231,1.0,1.0,0.434782608695652,0.0,41.0,0.333333333333333,0.0,3.0,4.0,0.5968877,0.40311226,1
1126,18,0.0,1.0,64.0,6.0,0.0,0.67,0.0,0.0,1.0,0.0,0.0,1.0,4.72307692307692,0.0,7.10769230769231,1.0,1.0,0.434782608695652,0.0,41.0,1.0,0.0,3.0,4.0,0.9882842,0.011715812,2
1127,0,0.0,1.0,15.0,5.0,0.0,0.73,0.0,0.0,1.0,0.0,32.0,1.0,3.4375,0.0,5.375,1.0,1.0,0.944444444444444,0.0,15.0,0.0,0.0,3.0,1.0,0.92073387,0.07926612,1
1127,1,0.0,1.0,15.0,5.0,0.0,0.73,0.0,0.0,1.0,0.0,32.0,1.0,3.4375,0.0,5.375,1.0,1.0,0.944444444444444,0.0,0.0,0.5,0.0,3.0,1.0,0.6052978,0.39470223,1
1127,2,0.0,1.0,15.0,5.0,0.0,0.73,0.0,0.0,1.0,0.0,19.0,1.0,3.4375,0.0,5.375,1.0,1.0,0.944444444444444,0.0,15.0,0.5,0.0,3.0,1.0,0.55626583,0.44373417,1
1127,3,0.0,1.0,15.0,5.0,0.0,0.73,0.0,0.0,1.0,0.0,0.0,1.0,3.4375,0.0,5.375,31.0,1.0,0.944444444444444,0.0,0.0,0.0,0.0,3.0,1.0,0.9996884,0.00031160234,4
1127,4,0.0,1.0,15.0,5.0,0.0,0.73,0.0,0.0,1.0,0.0,0.0,1.0,3.4375,0.0,5.375,31.0,1.0,0.944444444444444,0.0,0.0,1.0,0.0,3.0,1.0,0.9997692,0.0002308045,4
1127,5,0.0,1.0,15.0,5.0,0.0,0.73,0.0,0.0,1.0,0.0,0.0,1.0,3.4375,20.0,5.375,31.0,1.0,0.944444444444444,0.0,0.0,1.0,0.0,3.0,1.0,0.99988043,0.00011955057,5
1127,6,0.0,1.0,15.0,5.0,0.0,0.73,0.0,0.0,1.0,0.0,32.0,1.0,3.4375,0.0,5.375,31.0,1.0,0.944444444444444,0.0,15.0,0.5,0.0,3.0,1.0,0.5244007,0.4755993,1
1127,7,0.0,1.0,15.0,5.0,0.0,0.73,0.0,0.0,1.0,45.0,32.0,1.0,3.4375,0.0,5.375,1.0,1.0,0.944444444444444,0.0,0.0,0.0,0.0,3.0,1.0,0.9898183,0.010181746,3
1127,8,0.0,1.0,15.0,5.0,0.0,0.73,15.0,0.0,1.0,45.0,32.0,1.0,3.4375,0.0,5.375,1.0,1.0,0.944444444444444,0.0,0.0,0.0,0.0,3.0,1.0,0.99387777,0.00612225,4
1127,9,0.0,1.0,15.0,5.0,0.0,0.73,0.0,0.0,1.0,45.0,32.0,1.0,3.4375,20.0,5.375,1.0,1.0,0.944444444444444,0.0,15.0,0.5,0.0,3.0,1.0,0.6402572,0.35974282,2
1127,10,0.0,1.0,15.0,5.0,0.0,0.73,0.0,0.0,1.0,0.0,19.0,1.0,3.4375,0.0,5.375,1.0,1.0,0.944444444444444,0.0,15.0,0.0,0.0,3.0,1.0,0.9737186,0.026281402,2
1127,11,0.0,1.0,15.0,5.0,0.0,0.73,0.0,0.0,1.0,0.0,19.0,1.0,3.1,0.0,5.375,1.0,1.0,0.944444444444444,0.0,15.0,0.0,0.0,3.0,1.0,0.987443,0.012557053,3
1127,12,0.0,1.0,15.0,5.0,0.0,0.73,0.0,0.0,1.0,0.0,19.0,1.0,3.1,0.0,5.375,1.0,1.0,6.4,0.0,15.0,0.0,0.0,3.0,1.0,0.99398625,0.0060137343,4
1127,13,0.0,1.0,15.0,5.0,0.0,0.73,0.0,0.0,1.0,0.0,0.0,1.0,3.4375,0.0,5.375,1.0,1.0,0.944444444444444,0.0,0.0,0.5,0.0,3.0,1.0,0.97620374,0.023796258,2
1127,14,0.0,1.0,15.0,5.0,0.0,0.73,0.0,0.0,1.0,0.0,0.0,1.0,3.4375,0.0,5.375,31.0,1.0,0.944444444444444,0.0,0.0,0.5,0.0,3.0,1.0,0.9923762,0.0076237777,3
1127,15,0.0,1.0,15.0,5.0,0.0,0.73,0.0,0.0,1.0,0.0,0.0,1.0,3.4375,20.0,5.375,31.0,1.0,0.944444444444444,0.0,0.0,0.5,0.0,3.0,1.0,0.9978084,0.0021916025,4
1127,16,0.0,1.0,15.0,5.0,0.0,0.73,0.0,0.0,1.0,0.0,0.0,5.0,3.4375,20.0,5.375,31.0,1.0,0.944444444444444,0.0,0.0,0.5,0.0,3.0,1.0,0.99827933,0.0017206634,5
1127,17,0.0,1.0,15.0,5.0,0.0,0.73,0.0,0.0,1.0,0.0,4.0,5.0,3.4375,20.0,5.375,31.0,1.0,0.944444444444444,0.0,0.0,0.5,0.0,3.0,1.0,0.9985132,0.0014868071,5
1127,18,0.0,1.0,15.0,5.0,0.0,0.73,0.0,0.0,1.0,0.0,0.0,1.0,3.1,0.0,5.375,1.0,1.0,0.944444444444444,0.0,0.0,0.0,0.0,3.0,1.0,0.99953425,0.0004657664,4
500,0,10.0,2.0,12.0,5.0,0.0,0.58,0.0,87.0,1.0,0.0,13.0,2.0,5.55357142857143,1.0,4.98214285714286,1.0,1.0,1.03448275862069,0.0,2.0,0.25,0.0,4.0,1.0,0.6207942,0.37920582,2
500,1,10.0,2.0,12.0,5.0,0.0,0.58,0.0,87.0,1.0,0.0,0.0,2.0,5.55357142857143,1.0,4.98214285714286,1.0,1.0,1.03448275862069,0.0,0.0,0.0,0.0,4.0,1.0,0.9967954,0.0032045816,3
500,2,10.0,2.0,12.0,5.0,0.0,0.58,0.0,87.0,1.0,0.0,0.0,2.0,4.4,1.0,4.98214285714286,1.0,1.0,1.03448275862069,0.0,0.0,0.0,0.0,4.0,1.0,0.99938995,0.00061004463,4
500,3,10.0,2.0,12.0,5.0,0.0,0.58,0.0,87.0,1.0,0.0,25.0,2.0,5.55357142857143,1.0,4.98214285714286,2.0,1.0,1.03448275862069,0.0,0.0,0.25,0.0,4.0,1.0,0.74712974,0.25287026,2
500,4,10.0,2.0,12.0,5.0,0.0,0.58,0.0,87.0,1.0,0.0,0.0,2.0,5.55357142857143,1.0,2.0,1.0,1.0,1.03448275862069,0.0,0.0,0.25,0.0,4.0,1.0,0.9932947,0.0067052855,3
500,5,10.0,2.0,12.0,5.0,0.0,0.58,0.0,87.0,1.0,0.0,0.0,2.0,5.55357142857143,1.0,2.0,31.0,1.0,1.03448275862069,0.0,0.0,0.25,0.0,4.0,1.0,0.995986,0.004014005,4
500,6,10.0,2.0,12.0,5.0,0.0,0.58,0.0,87.0,1.0,0.0,0.0,2.0,5.55357142857143,1.0,4.98214285714286,31.0,1.0,1.03448275862069,0.0,0.0,0.0,0.0,4.0,1.0,0.999186,0.0008140156,4
500,7,10.0,2.0,12.0,5.0,0.0,0.58,0.0,87.0,1.0,0.0,0.0,2.0,5.55357142857143,1.0,2.0,31.0,1.0,1.03448275862069,0.0,0.0,0.0,0.0,4.0,1.0,0.9994591,0.0005409327,5
500,8,10.0,2.0,12.0,5.0,0.0,0.58,0.0,87.0,1.0,45.0,25.0,2.0,5.55357142857143,1.0,4.98214285714286,1.0,1.0,1.03448275862069,0.0,0.0,0.25,0.0,4.0,1.0,0.65608275,0.34391725,2
500,9,0.0,2.0,12.0,5.0,0.0,0.58,0.0,87.0,1.0,0.0,0.0,2.0,5.55357142857143,1.0,4.98214285714286,1.0,1.0,1.03448275862069,0.0,0.0,0.25,0.0,4.0,1.0,0.99451566,0.00548432,3
500,10,0.0,2.0,12.0,5.0,0.0,0.58,0.0,87.0,1.0,0.0,0.0,2.0,3.1,1.0,4.98214285714286,1.0,1.0,1.03448275862069,0.0,0.0,0.25,0.0,4.0,1.0,0.9995329,0.00046711872,4
500,11,10.0,2.0,12.0,5.0,0.0,0.58,0.0,87.0,1.0,0.0,0.0,2.0,5.55357142857143,1.0,4.98214285714286,1.0,1.0,0.5,0.0,0.0,0.25,0.0,4.0,1.0,0.9915935,0.008406516,3
500,12,10.0,2.0,12.0,5.0,0.0,0.58,15.0,87.0,1.0,0.0,0.0,2.0,5.55357142857143,1.0,4.98214285714286,1.0,1.0,0.5,0.0,0.0,0.25,0.0,4.0,1.0,0.99552655,0.004473469,4
500,13,10.0,2.0,12.0,0.0,0.0,0.58,0.0,87.0,1.0,0.0,0.0,2.0,5.55357142857143,1.0,4.98214285714286,1.0,1.0,0.5,0.0,0.0,0.25,0.0,4.0,1.0,0.9932063,0.006793689,4
500,14,10.0,2.0,12.0,0.0,0.0,0.58,0.0,87.0,1.0,0.0,0.0,2.0,5.55357142857143,1.0,4.98214285714286,1.0,1.0,0.5,0.0,0.0,0.25,0.0,0.0,1.0,0.9934986,0.0065013557,5
500,15,10.0,2.0,12.0,5.0,0.0,0.58,0.0,87.0,1.0,0.0,0.0,2.0,4.4,1.0,4.98214285714286,1.0,1.0,1.03448275862069,0.0,0.0,0.25,0.0,4.0,1.0,0.9942944,0.0057055852,3
500,16,10.0,2.0,12.0,5.0,0.0,0.58,0.0,87.0,1.0,0.0,0.0,2.0,4.4,1.0,4.98214285714286,1.0,1.0,0.5,0.0,0.0,0.25,0.0,4.0,1.0,0.9978664,0.0021335992,4
500,17,10.0,2.0,12.0,5.0,0.0,0.58,0.0,87.0,1.0,0.0,0.0,2.0,2.0,1.0,4.98214285714286,1.0,1.0,0.5,0.0,0.0,0.25,0.0,4.0,1.0,0.9982516,0.0017483566,4
500,18,10.0,2.0,12.0,5.0,0.0,0.58,0.0,87.0,1.0,0.0,6.0,2.0,2.0,1.0,4.98214285714286,1.0,1.0,0.5,0.0,0.0,0.25,0.0,4.0,1.0,0.9983012,0.0016987919,4
500,19,10.0,2.0,0.0,5.0,0.0,0.58,0.0,87.0,1.0,0.0,0.0,2.0,5.55357142857143,1.0,4.98214285714286,1.0,1.0,1.03448275862069,0.0,0.0,0.25,0.0,4.0,1.0,0.99460584,0.0053941603,3
701,0,0.0,2.0,1.0,6.0,1.0,0.62,0.0,87.0,2.0,3.0,18.0,1.0,9.52272727272727,0.0,4.5,1.0,1.0,0.927083333333333,0.0,9.0,0.75,0.0,2.0,11.0,0.58631635,0.41368368,1
701,1,0.0,2.0,0.0,6.0,1.0,0.62,0.0,87.0,2.0,3.0,18.0,1.0,9.52272727272727,0.0,4.5,1.0,1.0,0.927083333333333,0.0,9.0,0.0,0.0,2.0,11.0,0.9774482,0.022551792,2
701,2,0.0,2.0,0.0,6.0,1.0,0.62,0.0,87.0,2.0,3.0,18.0,1.0,9.52272727272727,0.0,4.5,1.0,1.0,0.927083333333333,0.0,0.0,0.0,0.0,2.0,11.0,0.99414253,0.0058574663,3
701,3,0.0,2.0,0.0,6.0,1.0,0.62,0.0,87.0,2.0,3.0,18.0,1.0,9.52272727272727,0.0,4.5,31.0,1.0,0.927083333333333,0.0,0.0,0.0,0.0,2.0,11.0,0.99763864,0.0023613384,4
701,4,0.0,2.0,0.0,6.0,1.0,0.62,0.0,87.0,2.0,3.0,18.0,1.0,3.1,0.0,4.5,31.0,1.0,0.927083333333333,0.0,0.0,0.0,0.0,2.0,11.0,0.9982884,0.0017115779,5
701,5,0.0,2.0,0.0,6.0,1.0,0.62,0.0,87.0,2.0,3.0,18.0,1.0,9.52272727272727,0.0,4.5,1.0,1.0,0.927083333333333,0.0,0.0,0.75,0.0,2.0,11.0,0.9567732,0.04322679,2
701,6,0.0,2.0,0.0,6.0,1.0,0.62,0.0,87.0,2.0,3.0,18.0,1.0,9.52272727272727,0.0,4.5,1.0,1.0,0.7,0.0,0.0,0.75,0.0,2.0,11.0,0.9887565,0.011243517,3
701,7,0.0,2.0,0.0,6.0,1.0,0.62,0.0,87.0,2.0,3.0,18.0,1.0,3.1,0.0,4.5,1.0,1.0,0.7,0.0,0.0,0.75,0.0,2.0,11.0,0.9945868,0.005413201,4
701,8,0.0,2.0,0.0,0.0,1.0,0.62,0.0,87.0,2.0,3.0,18.0,1.0,9.52272727272727,0.0,4.5,1.0,1.0,0.927083333333333,0.0,9.0,0.75,0.0,2.0,11.0,0.9629987,0.0370013,2
701,9,0.0,2.0,0.0,0.0,1.0,0.62,0.0,87.0,2.0,3.0,18.0,1.0,2.0,0.0,4.5,1.0,1.0,0.927083333333333,0.0,9.0,0.75,0.0,2.0,11.0,0.98174506,0.018254953,3
701,10,0.0,2.0,0.0,6.0,1.0,0.62,0.0,87.0,2.0,3.0,13.0,1.0,9.52272727272727,0.0,4.5,1.0,1.0,0.927083333333333,0.0,0.0,0.75,0.0,2.0,11.0,0.9903128,0.009687214,3
701,11,0.0,2.0,0.0,6.0,1.0,0.62,0.0,87.0,2.0,3.0,13.0,1.0,9.52272727272727,0.0,4.5,31.0,1.0,0.927083333333333,0.0,0.0,0.75,0.0,2.0,11.0,0.9938191,0.0061808783,4
701,12,0.0,2.0,0.0,6.0,1.0,0.62,0.0,87.0,2.0,3.0,13.0,1.0,6.8,0.0,4.5,31.0,1.0,0.927083333333333,0.0,0.0,0.75,0.0,2.0,11.0,0.99571115,0.00428888,5
701,13,0.0,2.0,0.0,6.0,1.0,0.62,0.0,87.0,2.0,3.0,3.0,1.0,6.8,0.0,4.5,31.0,1.0,0.927083333333333,0.0,0.0,0.75,0.0,2.0,11.0,0.996258,0.0037419596,5
701,14,0.0,2.0,66.0,6.0,1.0,0.62,0.0,87.0,2.0,3.0,18.0,1.0,9.52272727272727,0.0,4.5,1.0,1.0,0.927083333333333,0.0,9.0,0.0,0.0,2.0,11.0,0.68054295,0.31945708,1
701,15,0.0,2.0,66.0,6.0,1.0,0.62,0.0,87.0,2.0,3.0,18.0,1.0,9.52272727272727,0.0,4.5,1.0,1.0,0.7,0.0,9.0,0.0,0.0,2.0,11.0,0.9222848,0.07771521,2
701,16,0.0,2.0,66.0,6.0,1.0,0.62,0.0,87.0,2.0,3.0,18.0,1.0,9.52272727272727,0.0,4.5,1.0,1.0,0.927083333333333,0.0,0.0,0.75,0.0,2.0,11.0,0.52201676,0.47798327,1
701,17,0.0,2.0,66.0,0.0,1.0,0.62,0.0,87.0,2.0,3.0,18.0,1.0,9.52272727272727,0.0,4.5,1.0,1.0,0.7,0.0,0.0,0.0,0.0,2.0,11.0,0.9912521,0.008747869,4
701,18,0.0,2.0,66.0,6.0,1.0,0.62,0.0,87.0,2.0,3.0,18.0,1.0,3.1,0.0,4.5,1.0,1.0,0.927083333333333,0.0,9.0,0.0,0.0,2.0,11.0,0.93762386,0.062376156,2
701,19,0.0,2.0,66.0,0.0,1.0,0.62,0.0,87.0,2.0,3.0,18.0,1.0,5.2,0.0,4.5,1.0,1.0,0.927083333333333,0.0,9.0,0.75,0.0,2.0,11.0,0.5494274,0.45057264,2
175,0,0.0,1.0,0.0,0.0,0.0,1.43,0.0,100.0,1.0,0.0,2.0,1.0,0.0,0.0,1.0,1.0,0.0,0.0,0.0,74.0,0.0,8.0,5.0,14.0,0.8527355,0.1472645,1
175,1,0.0,1.0,0.0,0.0,0.0,1.43,0.0,100.0,1.0,0.0,2.0,1.0,1.0,0.0,1.0,1.0,0.0,0.0,0.0,74.0,0.346153846153846,8.0,5.0,14.0,0.62268543,0.37731454,1
175,2,0.0,1.0,0.0,0.0,0.0,1.43,0.0,100.0,1.0,0.0,2.0,1.0,0.0,0.0,1.0,1.0,0.0,0.0,0.0,74.0,0.346153846153846,8.0,5.0,1.0,0.53833055,0.46166942,1
175,3,0.0,1.0,0.0,2.0,0.0,1.43,0.0,100.0,1.0,0.0,2.0,1.0,2.0,0.0,1.0,1.0,0.0,0.0,0.0,74.0,1.0,8.0,5.0,1.0,0.9988416,0.0011584008,4
175,4,0.0,1.0,0.0,0.0,0.0,1.43,0.0,100.0,1.0,0.0,2.0,1.0,2.0,0.0,1.0,1.0,0.0,0.0,0.0,74.0,0.346153846153846,8.0,5.0,14.0,0.8372742,0.16272579,1
175,5,0.0,1.0,0.0,0.0,0.0,1.43,0.0,100.0,1.0,0.0,2.0,2.0,0.0,0.0,1.0,1.0,0.0,0.0,0.0,74.0,0.346153846153846,8.0,5.0,14.0,0.64789265,0.35210735,1
175,6,0.0,1.0,0.0,0.0,0.0,1.43,0.0,100.0,1.0,0.0,0.0,5.0,2.0,0.0,1.0,1.0,0.0,0.0,0.0,74.0,0.346153846153846,8.0,5.0,14.0,0.9799632,0.020036831,3
175,7,0.0,1.0,0.0,0.0,0.0,1.43,0.0,100.0,1.0,0.0,2.0,1.0,0.0,20.0,1.0,1.0,0.0,0.0,0.0,74.0,0.346153846153846,8.0,5.0,14.0,0.5353148,0.46468517,1
175,8,0.0,1.0,0.0,1.0,0.0,1.43,0.0,100.0,1.0,0.0,2.0,1.0,0.0,0.0,1.0,1.0,0.0,0.0,0.0,74.0,0.346153846153846,8.0,5.0,14.0,0.5072965,0.4927035,1
175,9,0.0,1.0,0.0,2.0,0.0,1.43,0.0,100.0,1.0,0.0,2.0,1.0,0.0,0.0,1.0,1.0,0.0,0.0,0.0,18.0,1.0,8.0,5.0,14.0,0.9858278,0.014172213,3
175,10,0.0,1.0,0.0,2.0,0.0,1.43,0.0,100.0,1.0,0.0,2.0,1.0,0.0,20.0,1.0,1.0,0.0,0.0,0.0,18.0,1.0,8.0,5.0,14.0,0.993588,0.0064120363,4
175,11,0.0,1.0,0.0,6.0,0.0,1.43,0.0,100.0,1.0,0.0,2.0,1.0,0.0,20.0,1.0,1.0,0.0,0.0,0.0,18.0,1.0,8.0,5.0,14.0,0.9939481,0.006051869,4
175,12,0.0,1.0,0.0,6.0,0.0,1.43,0.0,100.0,1.0,0.0,2.0,1.0,0.0,20.0,1.0,1.0,0.0,0.0,0.0,18.0,0.0,8.0,5.0,14.0,0.99620503,0.003794993,4
175,13,0.0,1.0,0.0,0.0,0.0,1.43,0.0,100.0,1.0,0.0,2.0,1.0,0.0,0.0,1.0,1.0,0.0,0.0,0.0,74.0,1.0,8.0,5.0,1.0,0.9586079,0.041392088,2
175,14,0.0,1.0,0.0,0.0,0.0,1.43,0.0,100.0,1.0,0.0,2.0,1.0,0.0,20.0,1.0,1.0,0.0,0.0,0.0,74.0,1.0,8.0,5.0,1.0,0.9851835,0.01481653,3
175,15,0.0,1.0,0.0,0.0,0.0,1.43,0.0,100.0,1.0,0.0,2.0,1.0,0.0,20.0,1.0,1.0,0.0,0.0,0.0,74.0,1.0,8.0,2.0,1.0,0.99050546,0.009494521,4
175,16,0.0,1.0,0.0,6.0,0.0,1.43,0.0,100.0,1.0,0.0,2.0,1.0,2.0,0.0,1.0,1.0,0.0,0.0,0.0,74.0,0.346153846153846,8.0,5.0,14.0,0.97287947,0.02712055,2
175,17,0.0,1.0,0.0,6.0,0.0,1.43,0.0,100.0,1.0,0.0,2.0,5.0,2.0,0.0,1.0,1.0,0.0,0.0,0.0,74.0,0.346153846153846,8.0,5.0,14.0,0.99392056,0.006079458,3
175,18,0.0,1.0,0.0,0.0,0.0,1.43,0.0,100.0,1.0,45.0,2.0,1.0,0.0,0.0,1.0,1.0,0.0,0.0,0.0,74.0,0.346153846153846,8.0,5.0,14.0,0.5099571,0.4900429,1
175,19,0.0,1.0,0.0,6.0,0.0,1.43,0.0,100.0,1.0,45.0,2.0,5.0,2.0,0.0,1.0,1.0,0.0,0.0,0.0,6.0,0.346153846153846,8.0,5.0,14.0,0.99808455,0.0019154779,5
1189,0,0.0,2.0,0.0,0.0,0.0,0.37,0.0,66.0,2.0,0.0,24.0,3.0,4.125,0.0,6.625,0.0,1.0,2.58333333333333,0.0,2.0,0.666666666666667,0.0,1.0,2.0,0.9719125,0.028087478,1
1189,1,0.0,2.0,0.0,0.0,0.0,0.37,0.0,66.0,2.0,0.0,24.0,3.0,4.125,0.0,6.625,0.0,1.0,2.58333333333333,0.0,2.0,0.0,0.0,1.0,2.0,0.99598944,0.0040105563,2
1189,2,0.0,2.0,0.0,2.0,0.0,0.37,0.0,66.0,2.0,0.0,13.0,3.0,4.125,0.0,6.625,0.0,1.0,2.58333333333333,0.0,2.0,0.666666666666667,0.0,1.0,2.0,0.8884632,0.11153682,1
1189,3,0.0,2.0,0.0,0.0,0.0,0.37,0.0,66.0,2.0,0.0,13.0,3.0,4.125,0.0,4.3,0.0,1.0,2.58333333333333,0.0,2.0,0.0,0.0,1.0,2.0,0.999329,0.0006710491,4
1189,4,0.0,2.0,0.0,2.0,0.0,0.37,0.0,66.0,2.0,0.0,24.0,3.0,4.125,0.0,6.625,0.0,1.0,2.58333333333333,0.0,2.0,0.4,0.0,1.0,2.0,0.68574977,0.31425023,1
1189,5,0.0,2.0,0.0,2.0,0.0,0.37,0.0,66.0,2.0,0.0,0.0,3.0,4.125,0.0,6.625,0.0,1.0,2.58333333333333,0.0,2.0,0.0,0.0,1.0,2.0,0.9909697,0.009030306,2
1189,6,0.0,2.0,0.0,2.0,0.0,0.37,0.0,66.0,2.0,0.0,0.0,3.0,4.125,0.0,6.625,0.0,1.0,0.9,0.0,2.0,0.0,0.0,1.0,2.0,0.99763954,0.0023604569,3
1189,7,0.0,2.0,0.0,2.0,0.0,0.37,0.0,66.0,2.0,0.0,24.0,3.0,4.125,0.0,6.625,31.0,1.0,2.58333333333333,0.0,2.0,0.666666666666667,0.0,1.0,2.0,0.68268645,0.31731358,1
1189,8,0.0,2.0,0.0,2.0,0.0,0.37,0.0,66.0,2.0,0.0,13.0,3.0,4.125,0.0,6.625,31.0,1.0,0.9,0.0,2.0,0.0,0.0,1.0,2.0,0.9993304,0.00066957285,4
1189,9,0.0,2.0,0.0,2.0,0.0,0.37,0.0,66.0,2.0,0.0,24.0,3.0,4.125,20.0,6.625,0.0,1.0,2.58333333333333,0.0,2.0,0.666666666666667,0.0,1.0,2.0,0.7726618,0.22733818,1
1189,10,0.0,2.0,0.0,0.0,0.0,0.37,0.0,66.0,2.0,0.0,24.0,3.0,4.125,20.0,2.0,0.0,1.0,2.58333333333333,0.0,2.0,0.666666666666667,0.0,1.0,2.0,0.99720275,0.002797256,3
1189,11,0.0,2.0,0.0,0.0,0.0,0.37,0.0,66.0,2.0,0.0,24.0,3.0,4.125,20.0,2.0,0.0,1.0,2.58333333333333,0.0,2.0,0.666666666666667,0.0,1.0,0.0,0.9985134,0.0014865778,4
1189,12,0.0,2.0,0.0,0.0,0.0,0.37,0.0,66.0,2.0,0.0,24.0,3.0,4.125,20.0,2.0,0.0,1.0,2.58333333333333,0.0,0.0,0.666666666666667,0.0,1.0,0.0,0.9987105,0.0012894849,5
1189,13,0.0,2.0,0.0,0.0,0.0,0.37,0.0,66.0,2.0,0.0,13.0,3.0,4.125,0.0,6.625,0.0,1.0,2.58333333333333,0.0,2.0,0.666666666666667,0.0,1.0,2.0,0.9947036,0.0052963905,2
1189,14,0.0,2.0,0.0,0.0,0.0,0.37,0.0,66.0,2.0,0.0,13.0,3.0,4.125,20.0,6.625,0.0,1.0,2.58333333333333,0.0,2.0,0.666666666666667,0.0,1.0,2.0,0.99834436,0.0016556161,3
1189,15,0.0,2.0,0.0,0.0,0.0,0.37,0.0,66.0,2.0,0.0,13.0,3.0,4.125,20.0,2.0,0.0,1.0,2.58333333333333,0.0,2.0,0.666666666666667,0.0,1.0,2.0,0.99908936,0.0009106464,4
1189,16,0.0,2.0,0.0,2.0,0.0,0.37,0.0,66.0,2.0,45.0,24.0,3.0,4.125,0.0,6.625,0.0,1.0,2.58333333333333,0.0,2.0,0.666666666666667,0.0,1.0,2.0,0.6031093,0.3968907,1
1189,17,0.0,2.0,0.0,2.0,0.0,0.37,0.0,66.0,2.0,0.0,0.0,3.0,4.125,0.0,0.0,0.0,1.0,2.58333333333333,0.0,2.0,0.0,0.0,1.0,2.0,0.99904776,0.000952253,3
1189,18,0.0,2.0,0.0,2.0,0.0,0.37,0.0,87.0,2.0,0.0,0.0,3.0,4.125,0.0,0.0,0.0,1.0,2.58333333333333,0.0,2.0,0.0,0.0,1.0,2.0,0.9993724,0.0006275977,4
1189,19,0.0,2.0,0.0,2.0,0.0,0.37,0.0,87.0,2.0,0.0,0.0,3.0,4.125,0.0,0.0,0.0,1.0,2.58333333333333,0.0,0.0,0.0,0.0,1.0,2.0,0.99944216,0.0005578687,5
43,0,5.0,1.0,28.0,6.0,0.0,0.74,0.0,64.0,1.0,0.0,19.0,1.0,5.96428571428571,2.0,4.78571428571429,1.0,1.0,0.6,0.0,70.0,0.0,0.0,4.0,2.0,0.8434001,0.15659988,1
43,1,5.0,1.0,28.0,6.0,0.0,0.74,0.0,64.0,1.0,0.0,19.0,1.0,5.2,2.0,4.78571428571429,1.0,1.0,0.6,0.0,70.0,0.3,0.0,4.0,2.0,0.5865786,0.4134214,1
43,2,5.0,1.0,28.0,6.0,0.0,0.74,0.0,64.0,1.0,0.0,19.0,1.0,2.0,2.0,1.0,1.0,1.0,0.6,0.0,70.0,0.0,0.0,4.0,2.0,0.98246247,0.01753751,3
43,3,3.0,1.0,28.0,6.0,0.0,0.74,0.0,64.0,1.0,0.0,19.0,1.0,2.0,2.0,1.0,1.0,1.0,0.6,0.0,70.0,0.0,0.0,4.0,2.0,0.9861242,0.013875798,4
43,4,5.0,1.0,1.0,6.0,0.0,0.74,0.0,64.0,1.0,0.0,19.0,1.0,5.96428571428571,2.0,4.78571428571429,1.0,1.0,0.6,0.0,70.0,0.3,0.0,4.0,2.0,0.79515684,0.20484316,1
43,5,3.0,1.0,0.0,6.0,0.0,0.74,0.0,64.0,1.0,0.0,19.0,1.0,4.4,2.0,1.0,1.0,1.0,0.6,0.0,70.0,0.0,0.0,4.0,2.0,0.98628366,0.013716351,5
43,6,5.0,1.0,0.0,6.0,0.0,0.74,0.0,64.0,1.0,0.0,19.0,1.0,5.96428571428571,2.0,4.78571428571429,1.0,1.0,0.6,0.0,70.0,0.3,0.0,4.0,2.0,0.83798385,0.16201617,1
43,7,5.0,1.0,0.0,6.0,0.0,0.74,15.0,64.0,1.0,0.0,19.0,1.0,5.96428571428571,2.0,4.78571428571429,1.0,1.0,0.6,0.0,70.0,0.3,0.0,4.0,2.0,0.94722086,0.052779112,2
43,8,5.0,1.0,0.0,6.0,0.0,0.74,15.0,64.0,1.0,0.0,19.0,1.0,3.1,2.0,4.78571428571429,1.0,1.0,0.6,0.0,70.0,0.3,0.0,4.0,2.0,0.9657594,0.03424059,3
43,9,5.0,8.0,0.0,6.0,0.0,0.74,15.0,64.0,1.0,0.0,19.0,1.0,3.1,2.0,4.78571428571429,1.0,1.0,0.6,0.0,70.0,0.3,0.0,4.0,2.0,0.9698605,0.030139487,4
43,10,5.0,8.0,0.0,6.0,0.0,0.74,15.0,64.0,1.0,0.0,19.0,1.0,3.1,2.0,1.0,1.0,1.0,0.6,0.0,70.0,0.3,0.0,4.0,2.0,0.9735191,0.02648089,5
43,11,5.0,8.0,0.0,6.0,0.0,0.74,15.0,64.0,1.0,0.0,19.0,1.0,4.4,2.0,1.0,1.0,1.0,0.6,0.0,70.0,0.3,0.0,4.0,2.0,0.9774241,0.022575928,5
43,12,5.0,1.0,28.0,6.0,0.0,0.74,0.0,64.0,1.0,0.0,19.0,1.0,5.96428571428571,2.0,4.78571428571429,31.0,1.0,0.6,0.0,70.0,0.3,0.0,4.0,2.0,0.6202198,0.37978014,1
43,13,5.0,1.0,28.0,6.0,0.0,0.74,0.0,64.0,1.0,0.0,19.0,1.0,5.96428571428571,2.0,4.78571428571429,31.0,1.0,0.6,0.0,70.0,0.0,0.0,0.0,2.0,0.9662466,0.03375339,3
43,14,0.0,1.0,28.0,6.0,0.0,0.74,0.0,64.0,1.0,0.0,19.0,1.0,5.96428571428571,2.0,4.78571428571429,31.0,1.0,0.6,0.0,70.0,0.0,0.0,0.0,2.0,0.98743767,0.012562316,4
43,15,0.0,1.0,28.0,6.0,0.0,0.74,0.0,64.0,1.0,0.0,19.0,1.0,5.96428571428571,2.0,4.78571428571429,31.0,1.0,0.6,0.0,70.0,1.0,0.0,0.0,2.0,0.993035,0.0069649527,4
43,16,5.0,1.0,28.0,6.0,0.0,0.74,0.0,64.0,1.0,45.0,19.0,1.0,5.96428571428571,2.0,4.78571428571429,1.0,1.0,0.6,0.0,70.0,0.3,0.0,4.0,2.0,0.56627643,0.4337236,1
43,17,5.0,1.0,28.0,6.0,0.0,0.74,0.0,64.0,1.0,0.0,19.0,1.0,2.0,2.0,4.78571428571429,31.0,1.0,0.6,0.0,70.0,0.0,0.0,4.0,2.0,0.9885175,0.011482504,3
43,18,5.0,1.0,28.0,6.0,0.0,0.74,0.0,64.0,1.0,0.0,19.0,1.0,2.0,20.0,4.78571428571429,31.0,1.0,0.6,0.0,70.0,0.0,0.0,4.0,2.0,0.9924959,0.007504076,4
43,19,3.0,1.0,28.0,6.0,0.0,0.74,0.0,64.0,1.0,0.0,19.0,1.0,2.0,20.0,4.78571428571429,31.0,1.0,0.6,0.0,70.0,0.0,0.0,4.0,2.0,0.99407536,0.005924643,5
1363,0,1.0,2.0,0.0,4.0,0.0,0.47,0.0,80.0,2.0,1.0,9.0,3.0,3.2,0.0,4.8,0.0,1.0,1.22222222222222,0.0,13.0,0.333333333333333,0.0,2.0,2.0,0.65040785,0.34959215,1
1363,1,1.0,2.0,0.0,4.0,0.0,0.47,0.0,87.0,2.0,1.0,9.0,3.0,3.2,0.0,4.8,0.0,1.0,1.22222222222222,0.0,0.0,0.333333333333333,0.0,2.0,2.0,0.9849163,0.015083653,2
1363,2,1.0,2.0,0.0,0.0,0.0,0.47,0.0,87.0,2.0,1.0,9.0,3.0,3.2,0.0,4.8,0.0,1.0,1.22222222222222,0.0,0.0,0.333333333333333,0.0,2.0,2.0,0.9983074,0.0016925725,3
1363,3,1.0,2.0,0.0,0.0,0.0,0.47,0.0,87.0,2.0,1.0,9.0,3.0,3.2,0.0,4.8,0.0,1.0,1.22222222222222,0.0,0.0,0.0,0.0,2.0,2.0,0.9995579,0.00044209242,4
1363,4,1.0,2.0,0.0,0.0,0.0,0.17,0.0,87.0,2.0,1.0,9.0,3.0,3.2,0.0,4.8,0.0,1.0,1.22222222222222,0.0,0.0,0.0,0.0,2.0,2.0,0.9997945,0.0002055332,5
1363,5,1.0,2.0,0.0,4.0,0.0,0.47,0.0,60.0,2.0,1.0,9.0,3.0,3.2,0.0,4.8,0.0,1.0,1.22222222222222,0.0,13.0,0.0,0.0,2.0,2.0,0.82678246,0.17321754,1
1363,6,1.0,2.0,0.0,4.0,0.0,0.47,0.0,60.0,2.0,1.0,9.0,3.0,3.2,0.0,4.8,0.0,1.0,1.22222222222222,0.0,0.0,0.333333333333333,0.0,2.0,2.0,0.82223696,0.17776303,1
1363,7,1.0,2.0,0.0,4.0,0.0,0.47,0.0,60.0,2.0,1.0,9.0,3.0,3.2,0.0,1.0,0.0,1.0,1.22222222222222,0.0,0.0,0.0,0.0,2.0,2.0,0.99711996,0.0028800631,3
1363,8,1.0,2.0,0.0,4.0,0.0,0.47,15.0,60.0,2.0,1.0,9.0,3.0,3.2,0.0,4.8,0.0,1.0,1.22222222222222,0.0,13.0,0.333333333333333,0.0,2.0,2.0,0.60670424,0.39329574,1
1363,9,1.0,2.0,0.0,4.0,0.0,0.47,15.0,60.0,2.0,1.0,9.0,3.0,3.2,0.0,1.0,0.0,1.0,0.9,0.0,0.0,0.0,0.0,2.0,2.0,0.9983943,0.0016056853,5
1363,10,1.0,2.0,0.0,4.0,0.0,0.0,0.0,87.0,2.0,1.0,9.0,3.0,3.2,0.0,4.8,0.0,1.0,1.22222222222222,0.0,13.0,0.333333333333333,0.0,2.0,2.0,0.97917384,0.020826144,2
1363,11,1.0,2.0,0.0,4.0,0.0,0.0,0.0,87.0,2.0,1.0,9.0,3.0,3.2,0.0,4.8,31.0,1.0,1.22222222222222,0.0,13.0,0.333333333333333,0.0,2.0,2.0,0.99239326,0.0076067518,3
1363,12,1.0,2.0,0.0,4.0,0.0,0.0,0.0,87.0,2.0,1.0,13.0,3.0,3.2,0.0,4.8,31.0,1.0,1.22222222222222,0.0,13.0,0.333333333333333,0.0,2.0,2.0,0.9964348,0.00356522,4
1363,13,1.0,2.0,0.0,4.0,0.0,0.0,0.0,87.0,2.0,1.0,13.0,3.0,3.2,0.0,5.5,31.0,1.0,1.22222222222222,0.0,13.0,0.333333333333333,0.0,2.0,2.0,0.99670845,0.0032915743,5
1363,14,1.0,2.0,0.0,4.0,0.0,0.0,0.0,100.0,2.0,1.0,13.0,3.0,3.2,0.0,5.5,31.0,1.0,1.22222222222222,0.0,13.0,0.333333333333333,0.0,2.0,2.0,0.99683106,0.0031689345,5
1363,15,1.0,2.0,0.0,0.0,0.0,0.47,0.0,60.0,2.0,1.0,9.0,3.0,3.2,0.0,4.8,0.0,1.0,1.22222222222222,0.0,0.0,0.333333333333333,0.0,2.0,2.0,0.9877039,0.012296106,2
1363,16,1.0,2.0,0.0,0.0,0.0,0.47,15.0,60.0,2.0,1.0,9.0,3.0,3.2,0.0,4.8,0.0,1.0,1.22222222222222,0.0,0.0,0.333333333333333,0.0,2.0,2.0,0.9943677,0.005632262,3
1363,17,1.0,2.0,0.0,0.0,0.0,0.47,15.0,60.0,2.0,1.0,9.0,3.0,3.2,0.0,4.8,0.0,1.0,1.22222222222222,0.0,0.0,0.333333333333333,0.0,0.0,2.0,0.9966086,0.0033913883,4
1363,18,1.0,2.0,0.0,0.0,0.0,0.47,15.0,60.0,2.0,1.0,9.0,3.0,3.2,0.0,2.0,0.0,1.0,1.22222222222222,0.0,0.0,0.333333333333333,0.0,0.0,2.0,0.99750745,0.0024925524,5
125,0,59.0,1.0,0.0,11.0,0.0,3.48,0.0,0.0,1.0,1.0,6.0,1.0,0.88135593220339,0.0,0.423728813559322,0.0,1.0,0.0,0.0,72.0,0.333333333333333,0.0,5.0,5.0,0.58309555,0.41690445,1
125,1,59.0,1.0,0.0,11.0,0.0,3.48,0.0,0.0,1.0,1.0,0.0,1.0,0.88135593220339,0.0,0.423728813559322,0.0,1.0,0.0,0.0,72.0,0.0,0.0,5.0,5.0,0.9740688,0.025931202,2
125,2,59.0,1.0,0.0,11.0,0.0,3.48,0.0,0.0,1.0,1.0,0.0,1.0,0.88135593220339,20.0,0.423728813559322,0.0,1.0,0.0,0.0,72.0,0.0,0.0,5.0,5.0,0.9922362,0.007763801,3
125,3,59.0,1.0,0.0,11.0,0.0,3.48,15.0,0.0,1.0,1.0,0.0,1.0,0.88135593220339,20.0,0.423728813559322,0.0,1.0,0.0,0.0,72.0,0.0,0.0,5.0,5.0,0.9963768,0.003623183,4
125,4,59.0,1.0,0.0,11.0,0.0,3.48,15.0,0.0,1.0,1.0,0.0,1.0,0.88135593220339,20.0,0.423728813559322,0.0,1.0,0.0,0.0,2.0,0.0,0.0,5.0,5.0,0.99761355,0.002386477,5
125,5,59.0,1.0,0.0,11.0,0.0,3.48,0.0,0.0,1.0,1.0,0.0,1.0,0.88135593220339,20.0,0.423728813559322,0.0,1.0,0.0,0.0,72.0,0.333333333333333,0.0,5.0,5.0,0.97220474,0.027795244,2
125,6,59.0,1.0,0.0,11.0,0.0,3.48,0.0,0.0,1.0,1.0,0.0,1.0,0.88135593220339,20.0,0.423728813559322,0.0,1.0,0.0,0.0,72.0,0.333333333333333,0.0,5.0,1.0,0.99070454,0.009295449,3
125,7,59.0,1.0,0.0,11.0,0.0,3.48,0.0,0.0,1.0,1.0,22.0,1.0,0.88135593220339,0.0,0.423728813559322,0.0,1.0,0.0,0.0,18.0,0.333333333333333,0.0,5.0,5.0,0.6277433,0.3722567,1
125,8,59.0,1.0,0.0,11.0,0.0,3.48,0.0,0.0,1.0,1.0,0.0,1.0,0.88135593220339,20.0,0.423728813559322,0.0,1.0,0.0,0.0,18.0,0.333333333333333,0.0,3.0,1.0,0.9962093,0.003790667,5
125,9,59.0,1.0,0.0,11.0,0.0,3.48,0.0,0.0,1.0,1.0,4.0,1.0,0.88135593220339,20.0,0.423728813559322,0.0,1.0,0.0,0.0,18.0,0.333333333333333,0.0,3.0,1.0,0.9965094,0.00349063,5
125,10,59.0,1.0,0.0,11.0,0.0,3.48,0.0,0.0,1.0,1.0,0.0,1.0,0.88135593220339,0.0,0.423728813559322,0.0,1.0,0.0,0.0,2.0,0.0,0.0,5.0,5.0,0.9850783,0.014921727,3
125,11,59.0,1.0,0.0,11.0,0.0,3.48,0.0,0.0,1.0,45.0,22.0,1.0,0.88135593220339,0.0,0.423728813559322,0.0,1.0,0.0,0.0,18.0,0.333333333333333,0.0,5.0,5.0,0.7643579,0.2356421,2
125,12,59.0,1.0,0.0,11.0,0.0,3.48,0.0,0.0,1.0,1.0,0.0,1.0,0.88135593220339,20.0,0.423728813559322,0.0,1.0,0.0,0.0,2.0,0.0,0.0,5.0,5.0,0.99556756,0.0044324584,4
125,13,59.0,1.0,0.0,11.0,0.0,3.48,0.0,0.0,1.0,1.0,22.0,1.0,0.88135593220339,20.0,0.423728813559322,0.0,1.0,0.0,0.0,72.0,0.333333333333333,0.0,5.0,5.0,0.7230128,0.27698717,1
125,14,59.0,1.0,0.0,11.0,0.0,3.48,0.0,0.0,1.0,1.0,22.0,1.0,0.88135593220339,20.0,0.423728813559322,0.0,1.0,0.0,0.0,72.0,0.0,0.0,5.0,5.0,0.9236628,0.07633722,2
125,15,59.0,1.0,0.0,11.0,0.0,3.48,15.0,0.0,1.0,1.0,22.0,1.0,0.88135593220339,20.0,0.423728813559322,0.0,1.0,0.0,0.0,72.0,0.0,0.0,5.0,5.0,0.9665484,0.03345164,3
125,16,59.0,1.0,0.0,11.0,0.0,3.48,15.0,0.0,1.0,1.0,22.0,1.0,0.88135593220339,20.0,0.423728813559322,0.0,1.0,0.5,0.0,72.0,0.0,0.0,5.0,5.0,0.9743032,0.025696833,4
125,17,59.0,1.0,0.0,11.0,0.0,3.48,15.0,0.0,1.0,0.0,22.0,1.0,0.88135593220339,20.0,0.423728813559322,0.0,1.0,0.5,0.0,72.0,0.0,0.0,5.0,5.0,0.9776732,0.022326842,5
125,18,59.0,1.0,0.0,11.0,0.0,3.48,0.0,0.0,1.0,1.0,0.0,1.0,0.88135593220339,20.0,0.423728813559322,0.0,1.0,0.0,0.0,2.0,0.333333333333333,0.0,5.0,5.0,0.98399264,0.016007353,3
125,19,59.0,1.0,0.0,6.0,0.0,3.48,0.0,0.0,1.0,1.0,0.0,1.0,0.88135593220339,20.0,0.423728813559322,0.0,1.0,0.0,0.0,2.0,0.333333333333333,0.0,5.0,5.0,0.98972344,0.010276538,4
218,0,37.0,1.0,20.0,1.0,1.0,0.58,0.0,96.0,2.0,2.0,19.0,2.0,5.23863636363636,0.0,2.18181818181818,0.0,1.0,0.189473684210526,0.0,39.0,0.25,0.0,3.0,10.0,0.58708453,0.41291547,1
218,1,37.0,1.0,20.0,1.0,1.0,0.58,0.0,96.0,2.0,2.0,22.0,2.0,5.23863636363636,0.0,2.18181818181818,0.0,1.0,0.189473684210526,0.0,18.0,0.25,0.0,3.0,10.0,0.72634614,0.27365384,1
218,2,37.0,1.0,20.0,1.0,1.0,0.58,0.0,96.0,2.0,2.0,0.0,2.0,5.23863636363636,0.0,2.18181818181818,0.0,1.0,0.189473684210526,0.0,0.0,0.0,0.0,3.0,10.0,0.9989362,0.0010637996,3
218,3,37.0,1.0,20.0,1.0,1.0,0.58,0.0,96.0,2.0,2.0,0.0,2.0,2.5,0.0,2.18181818181818,0.0,1.0,0.189473684210526,0.0,0.0,0.0,0.0,3.0,10.0,0.9995583,0.00044164405,4
218,4,37.0,1.0,20.0,1.0,1.0,0.58,0.0,96.0,2.0,2.0,0.0,2.0,2.5,0.0,2.18181818181818,31.0,1.0,0.189473684210526,0.0,0.0,0.0,0.0,3.0,10.0,0.99970484,0.00029513575,5
218,5,37.0,1.0,20.0,1.0,1.0,0.58,0.0,96.0,2.0,2.0,6.0,2.0,2.5,0.0,2.18181818181818,31.0,1.0,0.189473684210526,0.0,0.0,0.0,0.0,3.0,10.0,0.9997226,0.00027740767,5
218,6,37.0,1.0,20.0,1.0,1.0,0.58,0.0,96.0,2.0,2.0,22.0,2.0,5.23863636363636,0.0,2.18181818181818,0.0,1.0,0.189473684210526,0.0,0.0,0.25,0.0,3.0,10.0,0.9045516,0.09544837,1
218,7,37.0,1.0,20.0,1.0,1.0,0.58,0.0,96.0,2.0,2.0,22.0,2.0,5.23863636363636,0.0,2.18181818181818,0.0,1.0,0.189473684210526,0.0,0.0,0.0,0.0,3.0,10.0,0.97846895,0.02153107,2
218,8,37.0,1.0,20.0,1.0,1.0,0.58,0.0,96.0,2.0,2.0,22.0,2.0,2.5,0.0,2.18181818181818,0.0,1.0,0.189473684210526,0.0,0.0,0.0,0.0,3.0,10.0,0.9907496,0.0092504155,3
218,9,37.0,1.0,20.0,0.0,1.0,0.58,0.0,96.0,2.0,2.0,22.0,2.0,2.5,0.0,2.18181818181818,0.0,1.0,0.189473684210526,0.0,0.0,0.0,0.0,3.0,10.0,0.99482983,0.005170139,4
218,10,37.0,1.0,20.0,0.0,1.0,0.58,0.0,96.0,2.0,2.0,22.0,2.0,1.0,0.0,2.18181818181818,0.0,1.0,0.189473684210526,0.0,0.0,0.0,0.0,3.0,10.0,0.99634814,0.0036518518,4
218,11,37.0,1.0,20.0,0.0,1.0,0.58,0.0,96.0,2.0,2.0,22.0,5.0,1.0,0.0,2.18181818181818,0.0,1.0,0.189473684210526,0.0,0.0,0.0,0.0,3.0,10.0,0.99644756,0.003552418,5
218,12,37.0,1.0,20.0,1.0,1.0,0.58,0.0,96.0,2.0,2.0,0.0,2.0,5.23863636363636,0.0,2.18181818181818,0.0,1.0,0.189473684210526,0.0,39.0,0.0,0.0,3.0,10.0,0.98169255,0.018307433,2
218,13,37.0,1.0,20.0,1.0,1.0,0.58,0.0,96.0,2.0,2.0,22.0,2.0,5.23863636363636,0.0,2.18181818181818,2.0,1.0,0.189473684210526,0.0,39.0,0.25,0.0,3.0,10.0,0.56103265,0.43896735,1
218,14,37.0,1.0,20.0,1.0,1.0,0.58,0.0,96.0,2.0,2.0,13.0,2.0,5.23863636363636,0.0,2.18181818181818,31.0,1.0,0.189473684210526,0.0,39.0,0.0,0.0,3.0,10.0,0.9965896,0.0034103927,3
218,15,37.0,1.0,20.0,1.0,1.0,0.58,0.0,96.0,2.0,2.0,13.0,2.0,5.23863636363636,20.0,2.18181818181818,31.0,1.0,0.189473684210526,0.0,39.0,0.0,0.0,3.0,10.0,0.9976892,0.0023108062,4
218,16,37.0,1.0,20.0,1.0,1.0,0.58,0.0,96.0,2.0,2.0,13.0,2.0,5.23863636363636,20.0,2.18181818181818,31.0,1.0,0.7,0.0,39.0,0.0,0.0,3.0,10.0,0.9979764,0.0020235702,5
218,17,37.0,1.0,20.0,1.0,1.0,0.58,0.0,96.0,2.0,2.0,0.0,2.0,1.0,0.0,2.18181818181818,0.0,1.0,0.189473684210526,0.0,39.0,0.25,0.0,3.0,10.0,0.9882272,0.011772799,2
218,18,37.0,1.0,20.0,1.0,1.0,0.58,0.0,96.0,2.0,2.0,0.0,2.0,1.0,0.0,2.18181818181818,0.0,1.0,0.189473684210526,0.0,39.0,0.0,0.0,3.0,10.0,0.99813986,0.0018601376,3
218,19,37.0,1.0,20.0,1.0,1.0,0.58,0.0,96.0,2.0,0.0,0.0,2.0,1.0,0.0,2.18181818181818,0.0,1.0,0.189473684210526,0.0,39.0,0.0,0.0,3.0,10.0,0.99867624,0.0013237731,4
299,0,3.0,2.0,5.0,4.0,4.0,0.25,2.0,88.0,2.0,4.0,13.0,2.0,5.91666666666667,1.0,9.83333333333333,1.0,1.0,1.4,0.0,17.0,0.4,0.0,3.0,8.0,0.7022431,0.29775694,1
299,1,3.0,2.0,5.0,4.0,4.0,0.25,2.0,88.0,2.0,4.0,0.0,2.0,5.91666666666667,1.0,9.83333333333333,1.0,1.0,1.4,0.0,17.0,0.0,0.0,3.0,8.0,0.9850223,0.014977679,2
299,2,3.0,2.0,5.0,4.0,4.0,0.25,2.0,88.0,2.0,4.0,0.0,2.0,5.91666666666667,1.0,9.83333333333333,1.0,1.0,1.4,0.0,0.0,0.0,0.0,3.0,8.0,0.9963157,0.003684263,3
299,3,3.0,2.0,5.0,4.0,4.0,0.25,2.0,88.0,2.0,4.0,0.0,2.0,5.91666666666667,1.0,9.83333333333333,31.0,1.0,1.4,0.0,0.0,0.0,0.0,3.0,8.0,0.9975258,0.0024741667,4
299,4,3.0,2.0,247.0,4.0,4.0,0.25,2.0,88.0,2.0,4.0,0.0,2.0,5.91666666666667,1.0,9.83333333333333,31.0,1.0,1.4,0.0,0.0,0.0,0.0,3.0,8.0,0.99770296,0.0022970177,5
299,5,3.0,2.0,5.0,4.0,4.0,0.25,2.0,88.0,2.0,4.0,0.0,2.0,5.91666666666667,1.0,9.83333333333333,1.0,1.0,0.5,0.0,0.0,0.0,0.0,3.0,8.0,0.9985643,0.0014357229,4
299,6,3.0,2.0,5.0,4.0,4.0,0.25,2.0,88.0,2.0,4.0,0.0,2.0,4.4,1.0,9.83333333333333,1.0,1.0,0.5,0.0,0.0,0.0,0.0,3.0,8.0,0.9991147,0.00088528043,5
299,7,3.0,2.0,5.0,4.0,4.0,0.25,2.0,88.0,2.0,4.0,0.0,2.0,4.4,1.0,9.83333333333333,1.0,1.0,0.7,0.0,0.0,0.0,0.0,3.0,8.0,0.9991725,0.0008275112,5
299,8,3.0,2.0,5.0,4.0,4.0,0.25,2.0,88.0,2.0,4.0,6.0,2.0,4.4,1.0,9.83333333333333,1.0,1.0,0.7,0.0,0.0,0.0,0.0,3.0,8.0,0.99918973,0.0008102518,5
299,9,3.0,2.0,5.0,4.0,4.0,0.25,2.0,88.0,2.0,4.0,0.0,2.0,5.91666666666667,1.0,9.83333333333333,1.0,1.0,1.4,0.0,0.0,0.4,0.0,3.0,8.0,0.96093696,0.03906302,2
299,10,3.0,2.0,5.0,4.0,4.0,0.25,15.0,88.0,2.0,4.0,0.0,2.0,5.91666666666667,1.0,9.83333333333333,1.0,1.0,1.4,0.0,0.0,0.4,0.0,3.0,8.0,0.9820833,0.017916657,3
299,11,3.0,2.0,5.0,1.0,4.0,0.25,15.0,88.0,2.0,4.0,0.0,2.0,5.91666666666667,1.0,9.83333333333333,1.0,1.0,1.4,0.0,0.0,0.4,0.0,3.0,8.0,0.98829746,0.011702552,4
299,12,3.0,2.0,5.0,1.0,4.0,0.25,15.0,88.0,2.0,4.0,13.0,2.0,5.91666666666667,1.0,9.83333333333333,1.0,1.0,1.4,0.0,0.0,0.4,0.0,3.0,8.0,0.9921418,0.00785819,4
299,13,3.0,2.0,5.0,0.0,4.0,0.25,15.0,88.0,2.0,4.0,13.0,2.0,5.91666666666667,1.0,9.83333333333333,1.0,1.0,1.4,0.0,0.0,0.4,0.0,3.0,8.0,0.9943478,0.005652196,4
299,14,3.0,2.0,0.0,0.0,4.0,0.25,15.0,88.0,2.0,4.0,13.0,2.0,5.91666666666667,1.0,9.83333333333333,1.0,1.0,1.4,0.0,0.0,0.4,0.0,3.0,8.0,0.9965086,0.0034914066,5
299,15,3.0,2.0,5.0,4.0,4.0,0.25,2.0,88.0,2.0,4.0,0.0,2.0,5.91666666666667,1.0,6.9,1.0,1.0,1.4,0.0,0.0,0.0,0.0,3.0,8.0,0.998107,0.0018930131,4
299,16,3.0,2.0,247.0,4.0,4.0,0.25,2.0,88.0,2.0,4.0,0.0,2.0,5.91666666666667,1.0,6.9,1.0,1.0,1.4,0.0,0.0,0.0,0.0,3.0,8.0,0.9982426,0.0017574012,5
299,17,3.0,2.0,5.0,4.0,4.0,0.25,2.0,88.0,2.0,4.0,0.0,2.0,5.91666666666667,1.0,6.9,1.0,1.0,1.4,0.0,17.0,0.0,0.0,3.0,8.0,0.99265736,0.007342649,3
299,18,3.0,2.0,0.0,4.0,4.0,0.25,2.0,88.0,2.0,4.0,0.0,2.0,5.91666666666667,1.0,6.9,1.0,1.0,1.4,0.0,17.0,0.0,0.0,3.0,8.0,0.99512607,0.004873958,4
299,19,3.0,2.0,0.0,0.0,4.0,0.25,2.0,88.0,2.0,4.0,0.0,2.0,5.91666666666667,1.0,6.9,1.0,1.0,1.4,0.0,17.0,0.0,0.0,3.0,8.0,0.9967741,0.0032259447,5
310,0,2.0,1.0,21.0,13.0,0.0,0.99,0.0,85.0,1.0,0.0,24.0,1.0,7.52380952380952,2.0,5.42857142857143,1.0,1.0,0.826086956521739,0.0,18.0,0.0,0.0,6.0,2.0,0.6401012,0.3598988,2
310,1,2.0,1.0,21.0,13.0,0.0,0.99,0.0,85.0,1.0,0.0,6.0,1.0,7.52380952380952,2.0,5.42857142857143,1.0,1.0,0.826086956521739,0.0,0.0,0.416666666666667,0.0,6.0,2.0,0.65640163,0.34359834,2
310,2,2.0,1.0,21.0,13.0,0.0,0.99,0.0,85.0,1.0,0.0,0.0,1.0,4.4,2.0,5.42857142857143,1.0,1.0,0.826086956521739,0.0,0.0,0.0,0.0,6.0,2.0,0.9929601,0.0070399023,4
310,3,0.0,1.0,21.0,13.0,0.0,0.99,0.0,85.0,1.0,0.0,24.0,1.0,7.52380952380952,2.0,5.42857142857143,1.0,1.0,0.826086956521739,0.0,0.0,0.416666666666667,0.0,6.0,2.0,0.5420903,0.45790973,2
310,4,0.0,1.0,21.0,13.0,0.0,0.99,0.0,85.0,1.0,0.0,24.0,1.0,7.52380952380952,2.0,2.0,1.0,1.0,0.826086956521739,0.0,0.0,0.0,0.0,6.0,2.0,0.98175627,0.018243723,4
310,5,2.0,1.0,21.0,13.0,0.0,0.99,0.0,85.0,1.0,0.0,24.0,1.0,5.2,2.0,2.0,1.0,1.0,0.826086956521739,0.0,0.0,0.416666666666667,0.0,6.0,2.0,0.6031933,0.39680672,3
310,6,0.0,1.0,21.0,13.0,0.0,0.99,0.0,85.0,1.0,0.0,24.0,1.0,7.52380952380952,2.0,5.42857142857143,31.0,1.0,0.826086956521739,0.0,0.0,0.0,0.0,6.0,2.0,0.9806923,0.019307684,4
310,7,2.0,1.0,21.0,13.0,0.0,0.99,0.0,85.0,1.0,0.0,24.0,1.0,4.4,2.0,5.42857142857143,31.0,1.0,0.826086956521739,0.0,0.0,0.416666666666667,0.0,6.0,2.0,0.6555853,0.3444147,3
310,8,0.0,1.0,21.0,13.0,0.0,0.99,0.0,85.0,1.0,0.0,0.0,1.0,7.52380952380952,2.0,5.42857142857143,1.0,1.0,0.826086956521739,0.0,0.0,0.0,0.0,6.0,2.0,0.9948152,0.005184816,4
310,9,0.0,1.0,21.0,13.0,0.0,0.99,0.0,85.0,1.0,0.0,0.0,1.0,7.52380952380952,2.0,5.42857142857143,1.0,1.0,0.826086956521739,0.0,0.0,1.0,0.0,6.0,2.0,0.99830794,0.0016920312,4
310,10,0.0,1.0,21.0,13.0,0.0,0.99,0.0,85.0,1.0,0.0,0.0,1.0,4.4,2.0,5.42857142857143,1.0,1.0,0.826086956521739,0.0,0.0,1.0,0.0,6.0,2.0,0.9984814,0.0015186013,5
310,11,0.0,1.0,21.0,13.0,0.0,0.99,0.0,85.0,1.0,0.0,24.0,1.0,3.1,2.0,5.42857142857143,1.0,1.0,0.826086956521739,0.0,0.0,0.0,0.0,6.0,2.0,0.9804126,0.01958737,4
310,12,0.0,1.0,21.0,13.0,0.0,0.73,0.0,85.0,1.0,0.0,24.0,1.0,3.1,2.0,5.42857142857143,1.0,1.0,0.826086956521739,0.0,0.0,0.0,0.0,6.0,2.0,0.98778534,0.012214673,5
310,13,2.0,1.0,1.0,13.0,0.0,0.99,0.0,85.0,1.0,0.0,24.0,1.0,7.52380952380952,2.0,5.42857142857143,1.0,1.0,0.826086956521739,0.0,0.0,0.416666666666667,0.0,6.0,2.0,0.5500277,0.4499723,2
310,14,2.0,1.0,0.0,13.0,0.0,0.99,0.0,85.0,1.0,0.0,24.0,1.0,7.52380952380952,20.0,5.42857142857143,1.0,1.0,0.826086956521739,0.0,0.0,0.0,0.0,6.0,2.0,0.96640486,0.03359514,4
310,15,2.0,1.0,0.0,13.0,0.0,0.99,0.0,85.0,1.0,0.0,24.0,1.0,2.0,20.0,5.42857142857143,1.0,1.0,0.826086956521739,0.0,0.0,0.0,0.0,6.0,2.0,0.97568846,0.024311543,5
310,16,2.0,1.0,21.0,13.0,0.0,0.99,0.0,85.0,1.0,0.0,24.0,1.0,4.4,2.0,5.42857142857143,1.0,1.0,0.826086956521739,0.0,95.0,0.0,0.0,6.0,2.0,0.579062,0.420938,2
310,17,2.0,1.0,21.0,13.0,0.0,0.99,0.0,85.0,1.0,0.0,1.0,1.0,2.0,2.0,5.42857142857143,1.0,1.0,0.826086956521739,0.0,95.0,0.416666666666667,0.0,6.0,2.0,0.5917904,0.40820962,2
310,18,0.0,1.0,21.0,13.0,0.0,0.99,0.0,85.0,1.0,0.0,0.0,1.0,2.0,2.0,5.42857142857143,1.0,1.0,0.826086956521739,0.0,95.0,0.0,0.0,6.0,2.0,0.98795116,0.012048863,4
310,19,0.0,1.0,21.0,13.0,0.0,0.99,0.0,85.0,1.0,0.0,1.0,1.0,7.52380952380952,2.0,5.42857142857143,1.0,1.0,0.826086956521739,0.0,95.0,0.416666666666667,0.0,6.0,2.0,0.5966275,0.40337256,2
321,0,13.0,2.0,0.0,8.0,4.0,0.43,1.0,91.0,3.0,2.0,4.0,2.0,8.18279569892473,0.0,7.67741935483871,1.0,1.0,1.57692307692308,0.0,1033.0,0.434782608695652,3.0,4.0,11.0,0.5665517,0.43344834,1
321,1,13.0,2.0,0.0,8.0,4.0,0.43,1.0,91.0,3.0,2.0,0.0,2.0,8.18279569892473,0.0,7.67741935483871,1.0,1.0,1.57692307692308,0.0,1033.0,0.0,3.0,4.0,11.0,0.9673595,0.032640506,2
321,2,13.0,2.0,0.0,8.0,4.0,0.43,1.0,91.0,3.0,2.0,0.0,2.0,8.18279569892473,0.0,7.67741935483871,1.0,1.0,1.57692307692308,0.0,0.0,0.0,3.0,4.0,11.0,0.9916207,0.008379281,3
321,3,13.0,2.0,0.0,8.0,4.0,0.43,1.0,91.0,3.0,2.0,0.0,2.0,8.18279569892473,0.0,7.67741935483871,1.0,1.0,0.3,0.0,0.0,0.0,3.0,4.0,11.0,0.9979301,0.0020699105,4
321,4,13.0,2.0,0.0,8.0,4.0,0.43,1.0,91.0,3.0,2.0,0.0,2.0,8.18279569892473,0.0,7.67741935483871,31.0,1.0,0.3,0.0,0.0,0.0,3.0,4.0,11.0,0.998824,0.0011760226,5
321,5,13.0,2.0,0.0,8.0,4.0,0.43,1.0,91.0,3.0,2.0,19.0,2.0,8.18279569892473,0.0,7.67741935483871,1.0,1.0,1.57692307692308,0.0,69.0,0.434782608695652,3.0,4.0,11.0,0.7660029,0.23399708,2
321,6,13.0,2.0,0.0,8.0,4.0,0.43,1.0,91.0,3.0,2.0,13.0,2.0,8.18279569892473,0.0,7.67741935483871,31.0,1.0,0.5,0.0,0.0,0.0,3.0,4.0,11.0,0.99887943,0.0011205737,5
321,7,13.0,2.0,0.0,8.0,4.0,0.43,1.0,91.0,3.0,2.0,0.0,2.0,8.18279569892473,0.0,7.67741935483871,1.0,1.0,1.57692307692308,0.0,0.0,0.434782608695652,3.0,4.0,11.0,0.9268317,0.07316831,2
321,8,13.0,2.0,0.0,8.0,4.0,0.43,1.0,91.0,3.0,2.0,0.0,2.0,8.18279569892473,0.0,7.67741935483871,1.0,1.0,0.3,0.0,0.0,0.434782608695652,3.0,4.0,11.0,0.98693395,0.013066043,3
321,9,13.0,2.0,0.0,8.0,4.0,0.43,1.0,91.0,3.0,2.0,0.0,2.0,8.18279569892473,0.0,7.67741935483871,31.0,1.0,0.3,0.0,0.0,0.434782608695652,3.0,4.0,11.0,0.992541,0.0074589807,4
321,10,13.0,2.0,0.0,8.0,4.0,0.43,1.0,91.0,3.0,45.0,0.0,2.0,8.18279569892473,0.0,7.67741935483871,31.0,1.0,0.3,0.0,0.0,0.434782608695652,3.0,4.0,11.0,0.995214,0.0047860304,5
321,11,13.0,2.0,0.0,8.0,4.0,0.43,1.0,91.0,3.0,45.0,0.0,2.0,8.18279569892473,0.0,7.67741935483871,1.0,1.0,0.3,0.0,0.0,0.0,3.0,4.0,11.0,0.99819446,0.0018055377,5
321,12,13.0,2.0,0.0,8.0,4.0,0.43,1.0,91.0,3.0,45.0,0.0,2.0,8.18279569892473,0.0,7.67741935483871,1.0,1.0,1.57692307692308,0.0,0.0,0.434782608695652,3.0,4.0,11.0,0.95450324,0.045496736,3
321,13,13.0,2.0,0.0,8.0,4.0,0.43,1.0,91.0,3.0,45.0,0.0,2.0,8.18279569892473,0.0,2.0,1.0,1.0,1.57692307692308,0.0,0.0,0.434782608695652,3.0,4.0,11.0,0.9670213,0.03297871,4
321,14,13.0,2.0,0.0,8.0,4.0,0.43,1.0,91.0,3.0,45.0,52.0,2.0,8.18279569892473,0.0,7.67741935483871,1.0,1.0,1.57692307692308,0.0,0.0,0.434782608695652,3.0,4.0,11.0,0.5417497,0.45825025,2
321,15,13.0,2.0,0.0,8.0,4.0,0.43,1.0,91.0,3.0,45.0,13.0,2.0,8.18279569892473,0.0,31.0,1.0,1.0,1.57692307692308,0.0,0.0,0.434782608695652,3.0,4.0,11.0,0.9690474,0.03095256,4
321,16,13.0,2.0,0.0,8.0,4.0,0.43,1.0,91.0,3.0,2.0,13.0,2.0,8.18279569892473,0.0,7.67741935483871,1.0,1.0,1.57692307692308,0.0,0.0,0.0,3.0,4.0,11.0,0.9937162,0.006283849,3
321,17,13.0,2.0,0.0,8.0,4.0,0.43,1.0,91.0,3.0,45.0,13.0,2.0,8.18279569892473,0.0,7.67741935483871,1.0,1.0,1.57692307692308,0.0,0.0,0.0,3.0,4.0,11.0,0.9947584,0.005241576,4
321,18,13.0,2.0,0.0,8.0,4.0,0.0,1.0,91.0,3.0,2.0,0.0,2.0,8.18279569892473,0.0,7.67741935483871,1.0,1.0,0.3,0.0,0.0,0.0,3.0,4.0,11.0,0.99919677,0.00080320414,5
321,19,13.0,2.0,0.0,8.0,4.0,0.0,1.0,91.0,3.0,2.0,6.0,2.0,8.18279569892473,0.0,7.67741935483871,1.0,1.0,0.3,0.0,0.0,0.0,3.0,4.0,11.0,0.99930686,0.00069316797,5
1397,0,3.0,6.0,0.0,20.0,0.0,0.65,3.0,50.0,2.0,2.0,8.0,1.0,3.16666666666667,2.0,3.4,1.0,1.0,1.11111111111111,0.0,4.0,0.5,0.0,1.0,2.0,0.60178393,0.39821607,1
1397,1,0.0,6.0,0.0,20.0,0.0,0.65,3.0,50.0,2.0,2.0,8.0,1.0,3.16666666666667,2.0,0.0,1.0,1.0,1.11111111111111,0.0,4.0,0.5,0.0,1.0,2.0,0.9930045,0.00699549,2
1397,2,3.0,6.0,0.0,0.0,0.0,0.65,3.0,50.0,2.0,2.0,8.0,1.0,3.16666666666667,2.0,9.16666666666667,1.0,1.0,1.11111111111111,0.0,4.0,0.5,0.0,1.0,2.0,0.70958555,0.29041442,1
1397,3,0.0,6.0,0.0,0.0,0.0,0.65,3.0,50.0,2.0,2.0,8.0,1.0,3.16666666666667,2.0,0.0,1.0,1.0,0.5,0.0,4.0,0.5,0.0,1.0,2.0,0.9993947,0.0006053051,4
1397,4,0.0,6.0,0.0,0.0,0.0,0.65,3.0,50.0,2.0,2.0,8.0,1.0,3.16666666666667,2.0,0.0,1.0,1.0,0.5,0.0,4.0,1.0,0.0,1.0,2.0,0.99949855,0.00050143636,5
1397,5,0.0,6.0,0.0,0.0,0.0,0.65,3.0,50.0,2.0,2.0,8.0,1.0,3.16666666666667,2.0,2.0,1.0,1.0,0.5,0.0,4.0,1.0,0.0,1.0,2.0,0.99955845,0.00044153398,5
1397,6,0.0,6.0,0.0,20.0,0.0,0.65,3.0,50.0,2.0,2.0,8.0,1.0,3.16666666666667,2.0,0.0,1.0,1.0,0.5,0.0,4.0,0.5,0.0,1.0,2.0,0.9968039,0.0031961056,3
1397,7,0.0,6.0,0.0,20.0,0.0,0.65,3.0,50.0,0.0,2.0,8.0,1.0,3.16666666666667,2.0,0.0,1.0,1.0,0.5,0.0,4.0,0.5,0.0,1.0,2.0,0.9977232,0.0022767857,4
1397,8,0.0,6.0,0.0,20.0,0.0,0.65,3.0,50.0,0.0,2.0,8.0,1.0,3.16666666666667,2.0,1.0,1.0,1.0,0.5,0.0,4.0,0.5,0.0,1.0,2.0,0.998336,0.0016639638,4
1397,9,3.0,6.0,0.0,20.0,0.0,0.65,3.0,50.0,2.0,2.0,8.0,1.0,3.16666666666667,2.0,0.0,1.0,1.0,0.5,0.0,4.0,0.5,0.0,1.0,2.0,0.98121005,0.01878997,2
1397,10,3.0,6.0,0.0,20.0,0.0,0.65,3.0,50.0,2.0,2.0,8.0,1.0,3.16666666666667,2.0,0.0,1.0,1.0,0.5,0.0,4.0,1.0,0.0,1.0,2.0,0.9935252,0.006474808,3
1397,11,3.0,6.0,0.0,20.0,0.0,0.65,3.0,50.0,2.0,45.0,8.0,1.0,3.16666666666667,2.0,0.0,1.0,1.0,0.5,0.0,4.0,1.0,0.0,1.0,2.0,0.99699986,0.0030001597,4
1397,12,3.0,6.0,0.0,20.0,0.0,0.65,3.0,50.0,2.0,45.0,8.0,1.0,3.16666666666667,20.0,0.0,1.0,1.0,0.5,0.0,4.0,1.0,0.0,1.0,2.0,0.9971695,0.0028305035,5
1397,13,0.0,6.0,0.0,20.0,0.0,0.65,3.0,50.0,2.0,2.0,8.0,1.0,3.16666666666667,20.0,0.0,1.0,1.0,1.11111111111111,0.0,4.0,0.5,0.0,1.0,2.0,0.99730885,0.0026911637,3
1397,14,0.0,6.0,0.0,20.0,0.0,0.65,3.0,50.0,2.0,2.0,8.0,1.0,3.16666666666667,20.0,0.0,1.0,1.0,0.5,0.0,4.0,0.5,0.0,1.0,2.0,0.99877334,0.0012266524,4
1397,15,0.0,6.0,0.0,20.0,0.0,0.65,3.0,50.0,2.0,2.0,8.0,1.0,3.16666666666667,20.0,0.0,1.0,1.0,0.5,0.0,4.0,1.0,0.0,1.0,2.0,0.99892205,0.0010779594,5
1397,16,0.0,6.0,0.0,0.0,0.0,0.65,3.0,50.0,2.0,2.0,8.0,1.0,3.16666666666667,2.0,9.16666666666667,1.0,1.0,1.11111111111111,0.0,4.0,0.5,0.0,1.0,2.0,0.97242427,0.027575742,2
1397,17,0.0,6.0,0.0,0.0,0.0,0.65,3.0,50.0,2.0,2.0,8.0,1.0,3.16666666666667,20.0,9.16666666666667,1.0,1.0,1.11111111111111,0.0,4.0,0.5,0.0,1.0,2.0,0.9942772,0.00572281,3
1397,18,0.0,6.0,0.0,0.0,0.0,0.65,3.0,87.0,2.0,2.0,8.0,1.0,3.16666666666667,20.0,9.16666666666667,1.0,1.0,1.11111111111111,0.0,4.0,0.5,0.0,1.0,2.0,0.9967151,0.0032848432,4
328,0,0.0,1.0,0.0,5.0,2.0,0.38,1.0,58.0,2.0,2.0,21.0,1.0,7.0,2.0,8.625,2.0,1.0,1.7,0.0,18.0,0.4,0.0,4.0,4.0,0.6347408,0.36525917,1
328,1,0.0,1.0,0.0,5.0,2.0,0.38,1.0,58.0,2.0,2.0,21.0,1.0,7.0,2.0,8.625,2.0,1.0,0.7,0.0,0.0,0.4,0.0,4.0,4.0,0.9876609,0.012339145,2
328,2,0.0,1.0,0.0,5.0,2.0,0.38,1.0,58.0,2.0,2.0,21.0,1.0,7.0,2.0,8.625,2.0,1.0,0.7,0.0,0.0,1.0,0.0,4.0,4.0,0.9988496,0.0011504173,3
328,3,0.0,1.0,0.0,5.0,2.0,0.38,1.0,58.0,2.0,2.0,21.0,1.0,7.0,20.0,8.625,2.0,1.0,0.7,0.0,0.0,1.0,0.0,4.0,4.0,0.99937075,0.0006292624,4
328,4,0.0,1.0,0.0,5.0,2.0,0.38,1.0,58.0,2.0,2.0,19.0,1.0,7.0,20.0,8.625,2.0,1.0,0.7,0.0,0.0,1.0,0.0,4.0,4.0,0.99951166,0.00048832427,5
328,5,0.0,1.0,0.0,5.0,2.0,0.38,1.0,58.0,2.0,2.0,19.0,1.0,7.0,20.0,8.625,2.0,1.0,0.0,0.0,0.0,1.0,0.0,4.0,4.0,0.9995381,0.00046190253,5
328,6,0.0,1.0,0.0,5.0,2.0,0.38,1.0,58.0,2.0,2.0,21.0,1.0,7.0,20.0,8.625,2.0,1.0,1.7,0.0,0.0,0.4,0.0,4.0,4.0,0.97666365,0.023336355,2
328,7,0.0,1.0,0.0,5.0,2.0,0.38,1.0,58.0,2.0,2.0,13.0,1.0,7.0,20.0,8.625,2.0,1.0,1.7,0.0,0.0,0.4,0.0,4.0,4.0,0.99191076,0.008089229,3
328,8,0.0,1.0,0.0,5.0,2.0,0.38,1.0,58.0,2.0,2.0,13.0,1.0,7.0,20.0,2.0,2.0,1.0,1.7,0.0,0.0,0.4,0.0,4.0,4.0,0.997521,0.0024790107,4
328,9,0.0,1.0,0.0,5.0,2.0,0.38,1.0,58.0,2.0,2.0,13.0,1.0,7.0,20.0,2.0,2.0,1.0,1.7,0.0,0.0,0.0,0.0,4.0,4.0,0.9987632,0.0012368213,5
328,10,0.0,1.0,0.0,5.0,2.0,0.38,1.0,58.0,2.0,2.0,1.0,1.0,7.0,20.0,2.0,2.0,1.0,1.7,0.0,0.0,0.0,0.0,4.0,4.0,0.99877834,0.0012216759,5
328,11,0.0,1.0,0.0,5.0,2.0,0.38,1.0,58.0,2.0,2.0,1.0,1.0,7.0,20.0,2.0,2.0,1.0,1.7,0.0,2.0,0.0,0.0,4.0,4.0,0.9987858,0.0012141875,5
328,12,0.0,1.0,0.0,5.0,2.0,0.38,1.0,58.0,2.0,2.0,21.0,1.0,7.0,2.0,8.625,2.0,1.0,1.7,0.0,0.0,0.0,0.0,4.0,4.0,0.97597617,0.024023818,2
328,13,0.0,1.0,0.0,5.0,2.0,0.38,1.0,58.0,2.0,2.0,13.0,1.0,7.0,2.0,8.625,2.0,1.0,1.7,0.0,0.0,0.0,0.0,4.0,4.0,0.9920412,0.007958855,3
328,14,0.0,1.0,0.0,5.0,2.0,0.38,1.0,58.0,2.0,2.0,13.0,1.0,7.0,2.0,8.625,31.0,1.0,1.7,0.0,0.0,0.0,0.0,4.0,4.0,0.9964957,0.003504299,4
328,15,0.0,1.0,0.0,5.0,2.0,0.38,15.0,58.0,2.0,2.0,13.0,1.0,7.0,2.0,8.625,31.0,1.0,1.7,0.0,0.0,0.0,0.0,4.0,4.0,0.9980395,0.001960537,5
328,16,0.0,1.0,0.0,5.0,2.0,0.38,1.0,58.0,2.0,2.0,21.0,1.0,7.0,2.0,8.625,31.0,1.0,0.7,0.0,0.0,1.0,0.0,4.0,4.0,0.9994455,0.00055451057,4
328,17,0.0,1.0,0.0,5.0,2.0,0.38,1.0,58.0,2.0,2.0,19.0,1.0,7.0,2.0,8.625,31.0,1.0,0.7,0.0,0.0,1.0,0.0,4.0,4.0,0.9995697,0.0004303076,5
328,18,0.0,1.0,0.0,5.0,2.0,0.38,1.0,58.0,2.0,2.0,19.0,1.0,7.0,2.0,8.625,31.0,1.0,0.5,0.0,0.0,1.0,0.0,4.0,4.0,0.9995849,0.00041510895,5
328,19,0.0,1.0,0.0,5.0,2.0,0.38,1.0,58.0,2.0,2.0,13.0,1.0,7.0,20.0,8.625,2.0,1.0,1.7,0.0,0.0,0.0,0.0,4.0,4.0,0.9965202,0.0034797632,4
331,0,1.0,1.0,0.0,1.0,2.0,0.19,0.0,50.0,2.0,0.0,19.0,2.0,6.08333333333333,1.0,7.58333333333333,1.0,1.0,1.75,0.0,31.0,0.333333333333333,0.0,5.0,2.0,0.7071757,0.29282433,1
331,1,1.0,1.0,0.0,1.0,2.0,0.19,0.0,80.0,2.0,0.0,21.0,2.0,6.08333333333333,1.0,7.58333333333333,1.0,1.0,1.75,0.0,31.0,0.333333333333333,0.0,5.0,2.0,0.50056934,0.49943066,1
331,2,1.0,1.0,0.0,1.0,2.0,0.19,0.0,98.0,2.0,0.0,13.0,2.0,6.08333333333333,1.0,7.58333333333333,1.0,1.0,1.75,0.0,31.0,0.0,0.0,5.0,2.0,0.99930596,0.00069403223,3
331,3,0.0,1.0,0.0,1.0,2.0,0.19,0.0,98.0,2.0,0.0,13.0,2.0,6.08333333333333,1.0,7.58333333333333,1.0,1.0,1.75,0.0,31.0,0.0,0.0,5.0,2.0,0.99960476,0.00039525912,4
331,4,0.0,1.0,0.0,1.0,2.0,0.19,0.0,98.0,2.0,0.0,13.0,2.0,6.08333333333333,1.0,7.58333333333333,1.0,1.0,1.75,0.0,18.0,0.0,0.0,5.0,2.0,0.9996845,0.0003155151,5
331,5,0.0,1.0,0.0,1.0,2.0,0.19,0.0,87.0,2.0,0.0,13.0,2.0,6.08333333333333,1.0,7.58333333333333,1.0,1.0,1.75,0.0,18.0,0.0,0.0,5.0,2.0,0.99970835,0.00029164104,5
331,6,1.0,1.0,0.0,0.0,2.0,0.19,0.0,98.0,2.0,0.0,13.0,2.0,6.08333333333333,1.0,7.58333333333333,1.0,1.0,1.75,0.0,31.0,0.0,0.0,5.0,2.0,0.9996613,0.00033865805,4
331,7,1.0,1.0,0.0,1.0,2.0,0.19,0.0,50.0,2.0,0.0,13.0,2.0,6.08333333333333,1.0,7.58333333333333,1.0,1.0,1.75,0.0,31.0,0.0,0.0,5.0,2.0,0.99491423,0.005085781,2
331,8,0.0,1.0,0.0,1.0,2.0,0.19,0.0,50.0,2.0,0.0,13.0,2.0,6.08333333333333,1.0,7.58333333333333,1.0,1.0,1.75,0.0,31.0,0.0,0.0,5.0,2.0,0.998577,0.0014229944,3
331,9,0.0,1.0,0.0,1.0,2.0,0.19,15.0,50.0,2.0,0.0,13.0,2.0,6.08333333333333,1.0,7.58333333333333,1.0,1.0,1.75,0.0,31.0,0.0,0.0,5.0,2.0,0.9993002,0.0006998462,4
331,10,1.0,1.0,0.0,1.0,2.0,0.19,15.0,50.0,2.0,45.0,21.0,2.0,6.08333333333333,1.0,7.58333333333333,1.0,1.0,1.75,0.0,31.0,0.333333333333333,0.0,5.0,2.0,0.6433451,0.35665485,2
331,11,1.0,1.0,0.0,1.0,2.0,0.19,0.0,50.0,2.0,0.0,21.0,2.0,6.08333333333333,1.0,7.58333333333333,1.0,1.0,1.75,0.0,18.0,0.333333333333333,0.0,5.0,2.0,0.6934328,0.30656722,1
331,12,1.0,1.0,0.0,1.0,2.0,0.19,0.0,50.0,2.0,0.0,21.0,2.0,6.08333333333333,1.0,7.58333333333333,1.0,1.0,1.75,0.0,0.0,0.0,0.0,5.0,2.0,0.97377336,0.026226657,2
331,13,0.0,1.0,0.0,1.0,2.0,0.19,0.0,50.0,2.0,0.0,21.0,2.0,6.08333333333333,1.0,7.58333333333333,1.0,1.0,1.75,0.0,0.0,0.0,0.0,5.0,2.0,0.9904149,0.009585072,3
331,14,0.0,1.0,0.0,1.0,2.0,0.19,15.0,50.0,2.0,0.0,21.0,2.0,6.08333333333333,1.0,7.58333333333333,1.0,1.0,1.75,0.0,0.0,0.0,0.0,5.0,2.0,0.99452233,0.0054776534,4
331,15,0.0,1.0,0.0,1.0,2.0,0.19,15.0,50.0,2.0,0.0,21.0,2.0,6.08333333333333,1.0,2.0,1.0,1.0,1.75,0.0,0.0,0.0,0.0,5.0,2.0,0.9959493,0.004050666,5
331,16,0.0,1.0,0.0,1.0,2.0,0.19,15.0,50.0,2.0,0.0,21.0,2.0,6.08333333333333,1.0,2.0,1.0,1.0,1.75,0.0,2.0,0.0,0.0,5.0,2.0,0.9964155,0.003584481,5
331,17,0.0,1.0,0.0,1.0,2.0,0.19,0.0,50.0,2.0,0.0,21.0,2.0,6.08333333333333,1.0,7.58333333333333,1.0,1.0,1.75,0.0,0.0,0.333333333333333,0.0,5.0,2.0,0.971296,0.028704008,2
331,18,0.0,1.0,0.0,1.0,2.0,0.19,15.0,50.0,2.0,0.0,21.0,2.0,6.08333333333333,1.0,7.58333333333333,1.0,1.0,1.75,0.0,0.0,0.333333333333333,0.0,5.0,2.0,0.9834595,0.016540505,3
331,19,0.0,1.0,0.0,1.0,2.0,0.0,15.0,50.0,2.0,0.0,21.0,2.0,6.08333333333333,1.0,7.58333333333333,1.0,1.0,1.75,0.0,0.0,0.333333333333333,0.0,5.0,2.0,0.98754334,0.012456632,4
339,0,1.0,2.0,0.0,0.0,3.0,0.23,0.0,65.0,2.0,6.0,17.0,1.0,6.5,1.0,6.4,0.0,1.0,1.58333333333333,0.0,51.0,0.333333333333333,0.0,3.0,3.0,0.84249395,0.15750603,1
339,1,1.0,2.0,0.0,0.0,3.0,0.23,0.0,65.0,2.0,6.0,17.0,1.0,6.5,1.0,6.4,0.0,1.0,1.58333333333333,0.0,51.0,0.0,0.0,3.0,3.0,0.9766113,0.02338866,2
339,2,1.0,2.0,0.0,1.0,3.0,0.23,0.0,87.0,2.0,6.0,17.0,1.0,6.5,1.0,6.4,0.0,1.0,1.58333333333333,0.0,51.0,0.333333333333333,0.0,3.0,3.0,0.69990224,0.30009776,1
339,3,1.0,2.0,0.0,0.0,3.0,0.23,0.0,98.0,2.0,6.0,13.0,1.0,6.5,1.0,6.4,0.0,1.0,1.58333333333333,0.0,51.0,0.0,0.0,3.0,3.0,0.9973546,0.0026454006,4
339,4,1.0,2.0,0.0,0.0,3.0,0.23,0.0,98.0,2.0,6.0,13.0,1.0,6.5,1.0,6.4,1.0,1.0,1.58333333333333,0.0,51.0,0.0,0.0,3.0,3.0,0.9984898,0.001510205,5
339,5,1.0,2.0,0.0,1.0,3.0,0.23,0.0,65.0,2.0,6.0,13.0,1.0,6.5,1.0,6.4,0.0,1.0,1.58333333333333,0.0,51.0,0.333333333333333,0.0,3.0,3.0,0.78404653,0.21595345,1
339,6,1.0,2.0,0.0,1.0,3.0,0.23,0.0,65.0,2.0,6.0,13.0,1.0,6.5,1.0,6.4,0.0,1.0,1.58333333333333,0.0,51.0,0.0,0.0,3.0,3.0,0.96591896,0.03408104,2
339,7,1.0,2.0,0.0,1.0,3.0,0.23,0.0,65.0,2.0,6.0,17.0,1.0,6.5,1.0,6.4,0.0,1.0,1.58333333333333,0.0,0.0,0.333333333333333,0.0,3.0,3.0,0.6610627,0.3389373,1
339,8,1.0,2.0,0.0,1.0,3.0,0.23,0.0,65.0,2.0,6.0,13.0,1.0,6.5,1.0,6.4,31.0,1.0,1.58333333333333,0.0,0.0,0.0,0.0,3.0,3.0,0.9982951,0.0017048661,4
339,9,1.0,2.0,0.0,1.0,3.0,0.23,0.0,65.0,2.0,6.0,13.0,1.0,6.8,1.0,6.4,31.0,1.0,1.58333333333333,0.0,0.0,0.0,0.0,3.0,3.0,0.9983372,0.0016627705,5
339,10,1.0,2.0,0.0,1.0,3.0,0.23,0.0,65.0,2.0,6.0,17.0,1.0,6.5,1.0,6.4,2.0,1.0,1.58333333333333,0.0,51.0,0.333333333333333,0.0,3.0,3.0,0.5045814,0.4954186,1
339,11,1.0,2.0,0.0,0.0,3.0,0.23,0.0,98.0,2.0,6.0,17.0,1.0,6.5,1.0,6.4,0.0,1.0,1.58333333333333,0.0,51.0,0.333333333333333,0.0,3.0,3.0,0.9700615,0.029938532,2
339,12,1.0,2.0,0.0,0.0,3.0,0.23,15.0,98.0,2.0,6.0,17.0,1.0,6.5,1.0,6.4,0.0,1.0,1.58333333333333,0.0,51.0,0.333333333333333,0.0,3.0,3.0,0.98313993,0.016860083,3
339,13,1.0,2.0,0.0,0.0,3.0,0.23,15.0,98.0,2.0,6.0,17.0,1.0,6.5,1.0,6.4,0.0,1.0,1.58333333333333,0.0,0.0,0.333333333333333,0.0,3.0,3.0,0.9889828,0.011017175,4
339,14,1.0,2.0,0.0,0.0,3.0,0.23,15.0,87.0,2.0,6.0,17.0,1.0,6.5,1.0,6.4,0.0,1.0,1.58333333333333,0.0,0.0,0.333333333333333,0.0,3.0,3.0,0.9902002,0.009799785,4
339,15,1.0,2.0,0.0,1.0,3.0,0.23,0.0,65.0,2.0,6.0,17.0,1.0,6.5,1.0,6.4,0.0,1.0,1.58333333333333,0.0,51.0,0.0,0.0,3.0,3.0,0.7576018,0.24239819,1
339,16,1.0,2.0,0.0,1.0,3.0,0.23,0.0,65.0,2.0,6.0,17.0,1.0,6.5,1.0,6.4,31.0,1.0,1.58333333333333,0.0,51.0,0.0,0.0,3.0,3.0,0.95100754,0.048992436,2
339,17,1.0,2.0,0.0,1.0,3.0,0.23,0.0,65.0,2.0,6.0,17.0,1.0,6.5,1.0,6.4,31.0,1.0,1.58333333333333,0.0,0.0,0.0,0.0,3.0,3.0,0.98599637,0.014003652,3
339,18,1.0,2.0,0.0,1.0,3.0,0.23,0.0,98.0,2.0,6.0,17.0,1.0,6.5,1.0,6.4,31.0,1.0,1.58333333333333,0.0,0.0,0.0,0.0,3.0,3.0,0.9912747,0.008725288,4
339,19,1.0,2.0,0.0,1.0,3.0,0.23,0.0,98.0,2.0,6.0,17.0,5.0,6.5,1.0,6.4,31.0,1.0,1.58333333333333,0.0,0.0,0.0,0.0,3.0,3.0,0.9955227,0.004477313,5
342,0,10.0,1.0,7.0,3.0,3.0,0.27,0.0,100.0,2.0,6.0,13.0,6.0,5.85606060606061,0.0,6.59848484848485,1.0,0.0,0.863309352517986,0.0,669.0,0.269230769230769,5.0,5.0,17.0,0.6208406,0.3791594,1
342,1,10.0,1.0,7.0,3.0,3.0,0.27,0.0,100.0,2.0,6.0,13.0,6.0,5.85606060606061,0.0,6.59848484848485,1.0,0.0,0.863309352517986,0.0,669.0,0.0,5.0,5.0,17.0,0.94479346,0.055206534,2
342,2,10.0,1.0,7.0,3.0,3.0,0.27,0.0,100.0,2.0,6.0,13.0,6.0,5.85606060606061,0.0,6.59848484848485,1.0,0.0,0.863309352517986,0.0,0.0,0.0,5.0,5.0,17.0,0.98977846,0.010221536,3
342,3,10.0,1.0,7.0,3.0,3.0,0.27,0.0,100.0,2.0,6.0,13.0,6.0,5.85606060606061,0.0,6.59848484848485,1.0,0.0,6.4,0.0,0.0,0.0,5.0,5.0,17.0,0.99521565,0.004784316,4
342,4,10.0,1.0,7.0,3.0,3.0,0.27,0.0,100.0,2.0,6.0,13.0,6.0,5.85606060606061,0.0,6.59848484848485,31.0,0.0,6.4,0.0,0.0,0.0,5.0,5.0,17.0,0.9970172,0.0029828148,5
342,5,10.0,1.0,7.0,3.0,3.0,0.27,0.0,100.0,2.0,6.0,13.0,6.0,5.85606060606061,0.0,6.59848484848485,1.0,0.0,0.863309352517986,0.0,0.0,0.269230769230769,5.0,5.0,17.0,0.92468137,0.075318635,2
342,6,10.0,1.0,0.0,3.0,3.0,0.27,0.0,100.0,2.0,6.0,13.0,6.0,5.85606060606061,0.0,6.59848484848485,1.0,0.0,0.863309352517986,0.0,0.0,0.269230769230769,5.0,5.0,17.0,0.98201984,0.017980171,3
342,7,10.0,8.0,0.0,3.0,3.0,0.27,0.0,100.0,2.0,6.0,13.0,6.0,5.85606060606061,0.0,6.59848484848485,1.0,0.0,0.863309352517986,0.0,0.0,0.269230769230769,5.0,5.0,17.0,0.99488777,0.005112257,4
342,8,10.0,8.0,0.0,3.0,3.0,0.27,0.0,100.0,2.0,6.0,13.0,6.0,5.85606060606061,0.0,6.59848484848485,31.0,0.0,0.863309352517986,0.0,0.0,0.269230769230769,5.0,5.0,17.0,0.9967086,0.0032914036,5
342,9,0.0,1.0,7.0,3.0,3.0,0.27,0.0,100.0,2.0,6.0,13.0,6.0,5.85606060606061,0.0,6.59848484848485,1.0,0.0,0.863309352517986,0.0,669.0,0.269230769230769,5.0,5.0,17.0,0.932803,0.067197,2
342,10,0.0,1.0,7.0,3.0,3.0,0.27,0.0,100.0,2.0,6.0,13.0,6.0,5.85606060606061,0.0,6.59848484848485,1.0,0.0,0.863309352517986,0.0,0.0,0.269230769230769,5.0,5.0,17.0,0.9921068,0.0078932205,3
342,11,0.0,1.0,0.0,3.0,3.0,0.27,0.0,100.0,2.0,6.0,13.0,6.0,5.85606060606061,0.0,6.59848484848485,1.0,0.0,0.863309352517986,0.0,0.0,0.269230769230769,5.0,5.0,17.0,0.9986611,0.0013389271,4
342,12,0.0,1.0,0.0,3.0,3.0,0.27,0.0,100.0,2.0,6.0,13.0,6.0,5.85606060606061,0.0,6.59848484848485,1.0,0.0,0.9,0.0,0.0,0.269230769230769,5.0,5.0,17.0,0.99877554,0.0012244806,5
342,13,10.0,1.0,7.0,3.0,3.0,0.27,0.0,100.0,2.0,6.0,13.0,6.0,5.85606060606061,0.0,6.59848484848485,1.0,0.0,6.4,0.0,0.0,0.269230769230769,5.0,5.0,17.0,0.97473145,0.025268538,3
342,14,10.0,1.0,7.0,3.0,3.0,0.27,0.0,100.0,2.0,6.0,13.0,6.0,5.85606060606061,0.0,6.59848484848485,31.0,0.0,6.4,0.0,0.0,0.269230769230769,5.0,5.0,17.0,0.9841231,0.015876884,4
342,15,10.0,8.0,7.0,3.0,3.0,0.27,0.0,100.0,2.0,6.0,13.0,6.0,5.85606060606061,0.0,6.59848484848485,1.0,0.0,0.863309352517986,0.0,0.0,0.269230769230769,5.0,5.0,17.0,0.97765094,0.022349034,3
342,16,10.0,8.0,7.0,3.0,3.0,0.27,0.0,100.0,2.0,6.0,13.0,6.0,5.85606060606061,0.0,6.59848484848485,1.0,0.0,0.863309352517986,0.0,0.0,0.269230769230769,0.0,5.0,17.0,0.9863177,0.013682314,4
342,17,10.0,8.0,7.0,3.0,3.0,0.27,0.0,100.0,2.0,6.0,13.0,6.0,5.85606060606061,0.0,6.59848484848485,31.0,0.0,0.863309352517986,0.0,0.0,0.269230769230769,0.0,5.0,17.0,0.99116385,0.008836152,5
342,18,10.0,1.0,7.0,3.0,3.0,0.27,0.0,100.0,2.0,6.0,13.0,6.0,1.0,0.0,6.59848484848485,1.0,0.0,0.863309352517986,0.0,669.0,0.0,5.0,5.0,17.0,0.99055266,0.0094473455,3
342,19,10.0,1.0,7.0,3.0,3.0,0.27,0.0,100.0,2.0,6.0,13.0,6.0,1.0,0.0,6.59848484848485,1.0,0.0,6.4,0.0,669.0,0.0,5.0,5.0,17.0,0.99429107,0.0057089296,4
350,0,1.0,1.0,2.0,4.0,0.0,0.42,0.0,85.0,1.0,0.0,13.0,2.0,7.32258064516129,0.0,6.09677419354839,0.0,1.0,1.08571428571429,0.0,134.0,0.25,0.0,4.0,9.0,0.5674875,0.43251252,1
350,1,1.0,1.0,2.0,4.0,0.0,0.42,0.0,85.0,1.0,0.0,0.0,2.0,2.0,0.0,6.09677419354839,0.0,1.0,1.08571428571429,0.0,134.0,0.25,0.0,4.0,9.0,0.95050025,0.049499724,2
350,2,1.0,1.0,1.0,4.0,0.0,0.42,0.0,85.0,1.0,0.0,0.0,2.0,2.0,0.0,6.09677419354839,0.0,1.0,1.08571428571429,0.0,134.0,0.25,0.0,4.0,9.0,0.98211545,0.017884575,3
350,3,1.0,1.0,1.0,4.0,0.0,0.42,0.0,85.0,1.0,0.0,0.0,2.0,2.0,0.0,6.09677419354839,31.0,1.0,1.08571428571429,0.0,134.0,0.25,0.0,4.0,9.0,0.99233043,0.007669572,4
350,4,1.0,1.0,2.0,4.0,0.0,0.42,0.0,85.0,1.0,0.0,29.0,2.0,7.32258064516129,0.0,6.09677419354839,31.0,1.0,1.08571428571429,0.0,18.0,0.25,0.0,4.0,9.0,0.52351415,0.47648588,2
350,5,1.0,1.0,2.0,4.0,0.0,0.42,0.0,85.0,1.0,0.0,0.0,2.0,2.0,0.0,1.0,0.0,1.0,1.08571428571429,0.0,134.0,0.25,0.0,4.0,9.0,0.99563617,0.004363843,3
350,6,1.0,1.0,2.0,4.0,0.0,0.42,0.0,85.0,1.0,0.0,0.0,2.0,2.0,0.0,1.0,0.0,1.0,1.08571428571429,0.0,134.0,0.0,0.0,4.0,9.0,0.99865335,0.0013466445,4
350,7,1.0,1.0,5.0,4.0,0.0,0.42,0.0,85.0,1.0,0.0,0.0,2.0,2.0,0.0,1.0,0.0,1.0,1.08571428571429,0.0,134.0,0.0,0.0,4.0,9.0,0.9987503,0.0012496654,5
350,8,1.0,1.0,2.0,4.0,0.0,0.42,0.0,85.0,1.0,0.0,0.0,2.0,2.0,0.0,6.09677419354839,0.0,1.0,1.08571428571429,0.0,134.0,0.0,0.0,4.0,9.0,0.9941665,0.0058334805,3
350,9,1.0,1.0,2.0,4.0,0.0,0.42,0.0,85.0,1.0,0.0,0.0,2.0,2.0,0.0,6.09677419354839,0.0,1.0,1.08571428571429,0.0,0.0,0.0,0.0,4.0,9.0,0.9950822,0.0049177716,4
350,10,1.0,1.0,2.0,4.0,0.0,0.42,0.0,85.0,1.0,0.0,0.0,2.0,4.4,0.0,6.09677419354839,0.0,1.0,1.08571428571429,0.0,0.0,0.0,0.0,4.0,9.0,0.9960047,0.0039953017,4
350,11,1.0,1.0,2.0,4.0,0.0,0.42,0.0,85.0,1.0,0.0,0.0,2.0,4.4,0.0,6.09677419354839,0.0,1.0,0.7,0.0,0.0,0.0,0.0,4.0,9.0,0.9971764,0.0028235794,5
350,12,1.0,1.0,2.0,4.0,0.0,0.42,0.0,85.0,1.0,0.0,0.0,2.0,4.4,0.0,6.09677419354839,0.0,1.0,0.7,0.0,0.0,1.0,0.0,4.0,9.0,0.9975602,0.0024398188,5
350,13,1.0,1.0,1.0,4.0,0.0,0.42,0.0,85.0,1.0,0.0,0.0,2.0,2.0,0.0,6.09677419354839,0.0,1.0,1.08571428571429,0.0,0.0,0.25,0.0,4.0,9.0,0.9886696,0.011330402,4
350,14,1.0,1.0,1.0,4.0,0.0,0.42,0.0,85.0,1.0,0.0,0.0,2.0,2.0,0.0,6.09677419354839,0.0,1.0,0.9,0.0,0.0,0.25,0.0,4.0,9.0,0.9891734,0.010826596,5
350,15,1.0,1.0,1.0,4.0,0.0,0.42,0.0,85.0,1.0,0.0,0.0,2.0,4.4,0.0,6.09677419354839,0.0,1.0,0.9,0.0,0.0,0.25,0.0,4.0,9.0,0.99013263,0.009867353,5
350,16,1.0,1.0,1.0,4.0,0.0,0.42,0.0,85.0,1.0,0.0,0.0,2.0,4.4,0.0,6.09677419354839,0.0,1.0,0.7,0.0,0.0,0.25,0.0,4.0,9.0,0.993353,0.006646988,5
350,17,1.0,1.0,1.0,4.0,0.0,0.42,0.0,85.0,1.0,0.0,6.0,2.0,4.4,0.0,6.09677419354839,0.0,1.0,0.7,0.0,0.0,0.25,0.0,4.0,9.0,0.993441,0.0065590027,5
350,18,1.0,1.0,2.0,4.0,0.0,0.42,0.0,85.0,1.0,0.0,0.0,2.0,7.32258064516129,0.0,6.09677419354839,0.0,1.0,1.08571428571429,0.0,134.0,0.0,0.0,4.0,9.0,0.93555474,0.06444529,2
350,19,1.0,1.0,1.0,4.0,0.0,0.42,0.0,85.0,1.0,0.0,0.0,2.0,7.32258064516129,0.0,6.09677419354839,0.0,1.0,1.08571428571429,0.0,134.0,0.0,0.0,4.0,9.0,0.9813202,0.018679822,3
359,0,11.0,1.0,0.0,5.0,0.0,0.59,0.0,90.0,1.0,0.0,27.0,1.0,5.90243902439024,1.0,4.92682926829268,1.0,1.0,1.0,0.0,18.0,0.0,0.0,4.0,10.0,0.72892547,0.2710745,2
359,1,11.0,1.0,0.0,0.0,0.0,0.59,0.0,90.0,1.0,0.0,27.0,1.0,5.90243902439024,1.0,4.92682926829268,1.0,1.0,1.0,0.0,18.0,0.454545454545455,0.0,4.0,10.0,0.5879948,0.41200516,2
359,2,11.0,1.0,0.0,0.0,0.0,0.59,0.0,90.0,1.0,0.0,27.0,1.0,5.90243902439024,1.0,4.92682926829268,1.0,1.0,0.5,0.0,0.0,0.0,0.0,4.0,10.0,0.9973724,0.0026275832,4
359,3,11.0,1.0,0.0,5.0,0.0,0.59,0.0,90.0,1.0,0.0,13.0,1.0,5.90243902439024,1.0,4.92682926829268,1.0,1.0,1.0,0.0,0.0,0.454545454545455,0.0,4.0,10.0,0.67763036,0.32236964,2
359,4,1.0,1.0,0.0,5.0,0.0,0.59,0.0,90.0,1.0,0.0,27.0,1.0,5.90243902439024,1.0,4.92682926829268,1.0,1.0,1.0,0.0,0.0,0.454545454545455,0.0,4.0,10.0,0.5270786,0.4729214,2
359,5,0.0,1.0,0.0,5.0,0.0,0.59,0.0,90.0,1.0,0.0,3.0,1.0,5.90243902439024,1.0,4.92682926829268,1.0,1.0,1.0,0.0,0.0,0.0,0.0,4.0,10.0,0.9971594,0.0028405653,4
359,6,0.0,1.0,0.0,5.0,0.0,0.59,0.0,90.0,1.0,0.0,3.0,1.0,5.90243902439024,1.0,4.92682926829268,1.0,1.0,1.0,0.0,0.0,1.0,0.0,4.0,10.0,0.9988079,0.0011920723,4
359,7,0.0,1.0,0.0,5.0,0.0,0.59,0.0,90.0,1.0,0.0,3.0,1.0,5.90243902439024,1.0,4.92682926829268,1.0,1.0,0.9,0.0,0.0,1.0,0.0,4.0,10.0,0.9991338,0.0008661762,5
359,8,11.0,1.0,0.0,5.0,0.0,0.59,0.0,90.0,1.0,0.0,3.0,1.0,5.90243902439024,1.0,4.92682926829268,1.0,1.0,1.0,0.0,0.0,0.0,0.0,4.0,10.0,0.9785849,0.02141509,3
359,9,11.0,1.0,0.0,5.0,0.0,0.59,0.0,90.0,1.0,0.0,3.0,5.0,5.90243902439024,1.0,4.92682926829268,1.0,1.0,1.0,0.0,0.0,0.0,0.0,4.0,10.0,0.9924601,0.0075399047,4
359,10,11.0,1.0,0.0,5.0,0.0,0.59,0.0,90.0,1.0,0.0,3.0,5.0,4.4,1.0,4.92682926829268,1.0,1.0,1.0,0.0,0.0,0.0,0.0,4.0,10.0,0.9957149,0.0042851227,5
359,11,11.0,1.0,0.0,0.0,0.0,0.59,0.0,90.0,1.0,0.0,13.0,1.0,5.90243902439024,1.0,4.92682926829268,1.0,1.0,1.0,0.0,0.0,0.0,0.0,4.0,10.0,0.99591404,0.004085962,4
359,12,11.0,1.0,0.0,0.0,0.0,0.59,0.0,90.0,1.0,0.0,13.0,1.0,4.4,1.0,4.92682926829268,1.0,1.0,1.0,0.0,0.0,0.0,0.0,4.0,10.0,0.9980679,0.0019320998,5
359,13,11.0,1.0,0.0,0.0,0.0,0.59,0.0,90.0,1.0,0.0,19.0,1.0,5.90243902439024,1.0,4.92682926829268,1.0,1.0,1.0,0.0,52.0,0.454545454545455,0.0,4.0,10.0,0.78793967,0.21206035,2
359,14,11.0,1.0,0.0,0.0,0.0,0.59,0.0,90.0,1.0,0.0,19.0,1.0,5.90243902439024,1.0,4.92682926829268,1.0,1.0,0.5,0.0,52.0,0.454545454545455,0.0,4.0,10.0,0.94741523,0.052584782,3
359,15,11.0,1.0,0.0,0.0,0.0,0.59,0.0,90.0,1.0,0.0,19.0,1.0,4.4,1.0,4.92682926829268,1.0,1.0,0.5,0.0,52.0,0.454545454545455,0.0,4.0,10.0,0.9902538,0.009746172,4
359,16,11.0,1.0,0.0,0.0,0.0,0.59,0.0,90.0,2.0,0.0,19.0,1.0,4.4,1.0,4.92682926829268,1.0,1.0,0.5,0.0,52.0,0.454545454545455,0.0,4.0,10.0,0.9934364,0.00656359,5
359,17,11.0,1.0,0.0,3.0,0.0,0.59,0.0,90.0,1.0,0.0,13.0,1.0,5.90243902439024,1.0,4.92682926829268,1.0,1.0,1.0,0.0,52.0,0.454545454545455,0.0,4.0,10.0,0.544,0.456,2
359,18,11.0,1.0,0.0,0.0,0.0,0.59,0.0,90.0,2.0,0.0,13.0,1.0,3.7,1.0,4.92682926829268,1.0,1.0,0.5,0.0,52.0,0.454545454545455,0.0,4.0,10.0,0.99431306,0.0056869425,5
359,19,11.0,1.0,0.0,0.0,0.0,0.59,0.0,90.0,1.0,0.0,27.0,1.0,5.90243902439024,1.0,4.92682926829268,1.0,1.0,1.0,0.0,0.0,0.454545454545455,0.0,4.0,10.0,0.84597135,0.15402868,2
1419,0,4.0,1.0,0.0,8.0,0.0,0.52,2.0,83.0,1.0,0.0,19.0,2.0,5.40740740740741,1.0,9.51851851851852,0.0,1.0,1.27586206896552,0.0,90.0,1.0,0.0,1.0,3.0,0.6625432,0.33745685,2
1419,1,4.0,1.0,0.0,8.0,0.0,0.52,2.0,83.0,1.0,0.0,19.0,2.0,5.40740740740741,1.0,5.5,0.0,1.0,1.27586206896552,0.0,90.0,0.545454545454545,0.0,1.0,3.0,0.61917245,0.38082758,2
1419,2,4.0,1.0,0.0,8.0,0.0,0.52,2.0,83.0,1.0,0.0,13.0,2.0,5.40740740740741,1.0,9.51851851851852,0.0,1.0,1.27586206896552,0.0,0.0,0.545454545454545,0.0,1.0,3.0,0.6785811,0.3214189,2
1419,3,4.0,1.0,0.0,6.0,0.0,0.52,2.0,83.0,1.0,0.0,0.0,2.0,5.40740740740741,1.0,1.0,0.0,1.0,1.27586206896552,0.0,0.0,0.0,0.0,1.0,3.0,0.9986951,0.0013049366,5
1419,4,4.0,1.0,0.0,6.0,0.0,0.52,2.0,83.0,1.0,0.0,13.0,2.0,5.40740740740741,1.0,1.0,0.0,1.0,1.27586206896552,0.0,0.0,0.0,0.0,1.0,3.0,0.9988984,0.0011016331,5
1419,5,4.0,1.0,0.0,0.0,0.0,0.52,2.0,83.0,1.0,0.0,13.0,2.0,5.40740740740741,1.0,1.0,0.0,1.0,1.27586206896552,0.0,0.0,0.0,0.0,1.0,3.0,0.99914795,0.0008520314,5
1419,6,4.0,1.0,0.0,0.0,0.0,0.52,2.0,83.0,1.0,0.0,13.0,2.0,5.40740740740741,1.0,2.0,0.0,1.0,1.27586206896552,0.0,0.0,0.0,0.0,1.0,3.0,0.9993518,0.0006482045,5
1419,7,4.0,1.0,0.0,8.0,0.0,0.52,2.0,83.0,1.0,0.0,6.0,2.0,5.40740740740741,1.0,9.51851851851852,0.0,1.0,0.7,0.0,90.0,0.545454545454545,0.0,1.0,3.0,0.722632,0.277368,2
1419,8,4.0,1.0,0.0,8.0,0.0,0.52,2.0,83.0,1.0,0.0,0.0,2.0,5.40740740740741,1.0,9.51851851851852,0.0,1.0,0.0,0.0,0.0,0.0,0.0,1.0,3.0,0.9908513,0.009148691,4
1419,9,4.0,1.0,0.0,8.0,0.0,0.52,2.0,83.0,1.0,45.0,0.0,2.0,5.40740740740741,1.0,9.51851851851852,0.0,1.0,0.0,0.0,0.0,0.0,0.0,1.0,3.0,0.9943115,0.005688506,5
1419,10,4.0,1.0,0.0,8.0,0.0,0.52,2.0,83.0,1.0,45.0,0.0,2.0,5.40740740740741,1.0,9.51851851851852,0.0,1.0,0.3,0.0,0.0,0.0,0.0,1.0,3.0,0.99480975,0.0051902495,5
1419,11,4.0,1.0,0.0,0.0,0.0,0.52,2.0,83.0,1.0,0.0,0.0,2.0,5.40740740740741,1.0,9.51851851851852,0.0,1.0,0.0,0.0,0.0,0.0,0.0,1.0,3.0,0.99554193,0.0044580447,5
1419,12,4.0,1.0,0.0,0.0,0.0,0.52,2.0,83.0,1.0,0.0,0.0,2.0,5.40740740740741,1.0,9.51851851851852,0.0,1.0,0.7,0.0,0.0,0.0,0.0,1.0,3.0,0.99788934,0.0021106717,5
1419,13,4.0,1.0,0.0,0.0,0.0,0.52,2.0,83.0,1.0,0.0,6.0,2.0,5.40740740740741,1.0,9.51851851851852,0.0,1.0,0.7,0.0,0.0,0.0,0.0,1.0,3.0,0.9986936,0.0013063884,5
1419,14,4.0,1.0,0.0,6.0,0.0,0.52,2.0,83.0,1.0,0.0,0.0,2.0,5.40740740740741,1.0,1.0,0.0,1.0,1.27586206896552,0.0,90.0,0.0,0.0,1.0,3.0,0.9810245,0.01897552,4
1419,15,4.0,1.0,0.0,8.0,0.0,0.52,2.0,83.0,1.0,0.0,19.0,2.0,5.40740740740741,1.0,9.51851851851852,31.0,1.0,1.27586206896552,0.0,90.0,0.545454545454545,0.0,1.0,3.0,0.6183603,0.38163975,2
1419,16,4.0,1.0,0.0,6.0,0.0,0.52,2.0,83.0,1.0,0.0,19.0,2.0,5.40740740740741,1.0,1.0,31.0,1.0,1.27586206896552,0.0,90.0,0.0,0.0,1.0,3.0,0.99342966,0.006570312,5
1419,17,4.0,1.0,0.0,0.0,0.0,0.52,2.0,83.0,1.0,0.0,19.0,2.0,5.40740740740741,1.0,1.0,31.0,1.0,1.27586206896552,0.0,90.0,0.0,0.0,1.0,3.0,0.9957727,0.0042272597,5
1419,18,4.0,1.0,0.0,0.0,0.0,0.52,2.0,83.0,1.0,0.0,19.0,2.0,5.40740740740741,1.0,5.5,31.0,1.0,1.27586206896552,0.0,90.0,0.0,0.0,1.0,3.0,0.9968205,0.0031795034,5
1419,19,4.0,1.0,0.0,0.0,0.0,0.52,2.0,83.0,1.0,0.0,19.0,2.0,5.40740740740741,1.0,9.51851851851852,0.0,1.0,1.27586206896552,0.0,90.0,0.545454545454545,0.0,1.0,3.0,0.8653642,0.13463578,2
1420,0,0.0,1.0,0.0,2.0,2.0,0.34,0.0,79.0,2.0,2.0,20.0,3.0,4.28571428571429,1.0,5.64285714285714,0.0,1.0,0.6875,0.0,29.0,0.0,0.0,2.0,2.0,0.9236116,0.076388404,1
1420,1,0.0,1.0,0.0,0.0,2.0,0.34,0.0,79.0,2.0,2.0,20.0,3.0,4.28571428571429,1.0,5.64285714285714,0.0,1.0,0.6875,0.0,29.0,0.444444444444444,0.0,2.0,2.0,0.9093643,0.09063572,1
1420,2,0.0,1.0,0.0,2.0,2.0,0.34,0.0,79.0,2.0,2.0,20.0,3.0,4.28571428571429,1.0,5.64285714285714,0.0,1.0,0.6875,0.0,6.0,0.444444444444444,0.0,2.0,2.0,0.57308763,0.42691237,1
1420,3,0.0,1.0,0.0,0.0,2.0,0.34,0.0,79.0,2.0,2.0,20.0,3.0,4.28571428571429,1.0,5.64285714285714,1.0,1.0,0.6875,0.0,0.0,1.0,0.0,2.0,2.0,0.99976534,0.0002346579,4
1420,4,0.0,1.0,0.0,0.0,2.0,0.34,0.0,79.0,2.0,2.0,13.0,3.0,4.28571428571429,1.0,5.64285714285714,1.0,1.0,0.6875,0.0,0.0,1.0,0.0,2.0,2.0,0.99985796,0.00014204979,5
1420,5,0.0,1.0,0.0,0.0,2.0,0.34,0.0,79.0,2.0,2.0,13.0,3.0,4.28571428571429,1.0,5.64285714285714,1.0,1.0,0.6875,0.0,2.0,1.0,0.0,2.0,2.0,0.99987507,0.00012490287,5
1420,6,0.0,1.0,0.0,2.0,2.0,0.34,0.0,79.0,2.0,2.0,20.0,3.0,4.28571428571429,1.0,5.64285714285714,2.0,1.0,0.6875,0.0,29.0,0.444444444444444,0.0,2.0,2.0,0.67388856,0.32611144,1
1420,7,0.0,1.0,0.0,2.0,2.0,0.34,0.0,79.0,2.0,2.0,13.0,3.0,4.28571428571429,1.0,5.64285714285714,31.0,1.0,0.6875,0.0,29.0,1.0,0.0,2.0,2.0,0.99911666,0.00088332314,3
1420,8,0.0,1.0,0.0,2.0,2.0,0.34,0.0,79.0,2.0,2.0,13.0,3.0,4.28571428571429,1.0,5.64285714285714,31.0,1.0,0.6875,0.0,0.0,1.0,0.0,2.0,2.0,0.999615,0.0003849763,4
1420,9,0.0,1.0,0.0,2.0,2.0,0.34,0.0,79.0,2.0,2.0,13.0,5.0,4.28571428571429,1.0,5.64285714285714,31.0,1.0,0.6875,0.0,0.0,1.0,0.0,2.0,2.0,0.99965644,0.0003435418,5
1420,10,0.0,1.0,0.0,2.0,2.0,0.34,15.0,79.0,2.0,2.0,13.0,3.0,4.28571428571429,1.0,5.64285714285714,31.0,1.0,0.6875,0.0,29.0,1.0,0.0,2.0,2.0,0.9994847,0.0005152802,4
1420,11,0.0,1.0,0.0,2.0,2.0,0.34,15.0,79.0,2.0,2.0,13.0,3.0,4.28571428571429,1.0,5.64285714285714,31.0,1.0,0.6875,0.0,29.0,0.0,0.0,2.0,2.0,0.9995913,0.00040868312,4
1420,12,0.0,1.0,0.0,2.0,2.0,0.34,15.0,79.0,2.0,2.0,13.0,3.0,2.0,1.0,5.64285714285714,31.0,1.0,0.6875,0.0,29.0,0.0,0.0,2.0,2.0,0.9998472,0.00015282792,5
1420,13,0.0,1.0,0.0,0.0,2.0,0.34,0.0,79.0,2.0,2.0,20.0,3.0,4.28571428571429,1.0,5.64285714285714,2.0,1.0,0.6875,0.0,29.0,1.0,0.0,2.0,2.0,0.99906385,0.0009361726,3
1420,14,0.0,1.0,0.0,2.0,2.0,0.34,0.0,79.0,2.0,2.0,19.0,3.0,4.28571428571429,1.0,5.64285714285714,0.0,1.0,0.6875,0.0,29.0,0.444444444444444,0.0,2.0,2.0,0.54042596,0.45957404,1
1420,15,0.0,1.0,0.0,0.0,2.0,0.34,0.0,79.0,2.0,2.0,20.0,3.0,3.1,1.0,5.64285714285714,0.0,1.0,0.6875,0.0,29.0,0.444444444444444,0.0,2.0,2.0,0.9760326,0.023967395,2
1420,16,0.0,1.0,0.0,0.0,2.0,0.34,0.0,79.0,2.0,2.0,20.0,3.0,3.1,1.0,5.64285714285714,2.0,1.0,0.6875,0.0,29.0,0.444444444444444,0.0,2.0,2.0,0.9858196,0.014180437,3
1420,17,0.0,1.0,0.0,0.0,2.0,0.34,0.0,79.0,2.0,2.0,20.0,3.0,3.1,1.0,5.64285714285714,2.0,1.0,0.6875,0.0,29.0,0.444444444444444,0.0,2.0,1.0,0.9875878,0.012412195,4
1420,18,0.0,1.0,0.0,0.0,2.0,0.34,0.0,79.0,2.0,2.0,20.0,3.0,4.28571428571429,1.0,5.64285714285714,0.0,1.0,0.6875,0.0,0.0,0.444444444444444,0.0,2.0,2.0,0.9892527,0.010747287,2
360,0,6.0,2.0,0.0,2.0,1.0,0.29,0.0,100.0,3.0,1.0,19.0,2.0,6.43548387096774,0.0,5.24193548387097,1.0,0.0,1.10526315789474,0.0,49.0,0.333333333333333,0.0,2.0,8.0,0.91742736,0.082572654,1
360,1,6.0,2.0,0.0,2.0,1.0,0.29,0.0,100.0,3.0,1.0,13.0,2.0,6.43548387096774,0.0,5.24193548387097,1.0,0.0,1.10526315789474,0.0,49.0,0.0,0.0,2.0,8.0,0.9911023,0.008897707,2
360,2,6.0,2.0,0.0,2.0,1.0,0.29,0.0,100.0,3.0,1.0,30.0,2.0,6.43548387096774,0.0,5.24193548387097,1.0,0.0,1.10526315789474,0.0,18.0,0.333333333333333,0.0,2.0,8.0,0.53321695,0.46678302,1
360,3,6.0,2.0,0.0,0.0,1.0,0.29,0.0,100.0,3.0,1.0,13.0,2.0,6.43548387096774,0.0,5.24193548387097,1.0,0.0,1.10526315789474,0.0,0.0,0.0,0.0,2.0,8.0,0.9991941,0.0008058997,4
360,4,6.0,2.0,0.0,2.0,1.0,0.29,0.0,100.0,3.0,1.0,13.0,2.0,6.43548387096774,0.0,5.24193548387097,1.0,0.0,0.0,0.0,0.0,0.0,0.0,2.0,8.0,0.9987185,0.0012814843,4
360,5,6.0,2.0,0.0,2.0,1.0,0.29,15.0,100.0,3.0,1.0,13.0,2.0,6.43548387096774,0.0,5.24193548387097,1.0,0.0,0.0,0.0,0.0,0.0,0.0,2.0,8.0,0.9991659,0.0008341323,5
360,6,6.0,2.0,0.0,0.0,1.0,0.29,0.0,100.0,3.0,1.0,13.0,2.0,6.43548387096774,0.0,5.24193548387097,1.0,0.0,1.10526315789474,0.0,49.0,0.0,0.0,2.0,8.0,0.99369323,0.0063067935,3
360,7,6.0,2.0,0.0,0.0,1.0,0.29,0.0,100.0,3.0,1.0,19.0,2.0,6.43548387096774,0.0,5.24193548387097,1.0,0.0,1.10526315789474,0.0,49.0,0.0,0.0,2.0,8.0,0.99594927,0.004050714,3
360,8,6.0,2.0,0.0,0.0,1.0,0.29,0.0,100.0,3.0,1.0,19.0,2.0,6.43548387096774,20.0,5.24193548387097,1.0,0.0,1.10526315789474,0.0,49.0,0.0,0.0,2.0,8.0,0.9969066,0.0030934175,4
360,9,6.0,8.0,0.0,0.0,1.0,0.29,0.0,100.0,3.0,1.0,19.0,2.0,6.43548387096774,20.0,5.24193548387097,1.0,0.0,1.10526315789474,0.0,49.0,0.0,0.0,2.0,8.0,0.9971747,0.0028253412,5
360,10,6.0,2.0,0.0,0.0,1.0,0.29,0.0,100.0,3.0,1.0,13.0,5.0,6.43548387096774,0.0,5.24193548387097,1.0,0.0,1.10526315789474,0.0,0.0,0.0,0.0,2.0,8.0,0.9992808,0.0007191943,5
360,11,6.0,2.0,0.0,2.0,1.0,0.29,0.0,100.0,3.0,1.0,30.0,2.0,6.43548387096774,0.0,5.24193548387097,1.0,0.0,1.10526315789474,0.0,0.0,0.333333333333333,0.0,2.0,8.0,0.7180941,0.28190586,1
360,12,6.0,2.0,0.0,2.0,1.0,0.29,0.0,100.0,3.0,1.0,30.0,2.0,6.43548387096774,0.0,5.24193548387097,1.0,0.0,1.10526315789474,0.0,0.0,0.0,0.0,2.0,8.0,0.9527802,0.047219798,2
360,13,6.0,2.0,0.0,2.0,1.0,0.29,0.0,100.0,3.0,1.0,30.0,2.0,6.43548387096774,0.0,5.24193548387097,1.0,0.0,1.10526315789474,0.0,0.0,0.0,0.0,3.0,8.0,0.96813387,0.03186616,3
360,14,6.0,2.0,0.0,2.0,1.0,0.29,0.0,87.0,3.0,1.0,30.0,2.0,6.43548387096774,0.0,5.24193548387097,1.0,0.0,1.10526315789474,0.0,0.0,0.0,0.0,3.0,8.0,0.9751848,0.024815198,4
360,15,6.0,2.0,0.0,2.0,1.0,0.29,15.0,100.0,3.0,1.0,13.0,2.0,6.43548387096774,0.0,5.24193548387097,1.0,0.0,1.10526315789474,0.0,0.0,0.0,0.0,2.0,8.0,0.9983182,0.0016817966,4
360,16,6.0,2.0,0.0,2.0,1.0,0.29,0.0,100.0,3.0,1.0,13.0,2.0,6.43548387096774,0.0,5.24193548387097,1.0,0.0,0.0,0.0,49.0,0.0,0.0,2.0,8.0,0.9953282,0.0046718027,3
360,17,6.0,2.0,0.0,2.0,1.0,0.29,0.0,100.0,3.0,1.0,13.0,5.0,6.43548387096774,0.0,5.24193548387097,1.0,0.0,0.0,0.0,49.0,0.0,0.0,2.0,8.0,0.9963055,0.003694492,4
360,18,6.0,2.0,0.0,2.0,1.0,0.29,0.0,100.0,3.0,1.0,13.0,5.0,6.43548387096774,0.0,5.24193548387097,31.0,0.0,0.0,0.0,49.0,0.0,0.0,2.0,8.0,0.99704915,0.00295087,5
360,19,0.0,2.0,0.0,2.0,1.0,0.29,0.0,100.0,3.0,1.0,13.0,2.0,6.43548387096774,0.0,5.24193548387097,1.0,0.0,1.10526315789474,0.0,49.0,0.333333333333333,0.0,2.0,8.0,0.9939516,0.006048405,2
1437,0,2.0,2.0,0.0,3.0,8.0,0.42,0.0,80.0,1.0,2.0,24.0,1.0,4.30769230769231,1.0,5.69230769230769,0.0,1.0,1.17647058823529,0.0,0.0,0.285714285714286,0.0,3.0,2.0,0.5363121,0.46368793,1
1437,1,2.0,2.0,0.0,0.0,8.0,0.42,0.0,80.0,1.0,2.0,24.0,1.0,4.30769230769231,1.0,5.69230769230769,0.0,1.0,1.17647058823529,0.0,0.0,0.285714285714286,0.0,3.0,2.0,0.93050987,0.06949013,2
1437,2,2.0,2.0,0.0,0.0,8.0,0.42,0.0,80.0,1.0,2.0,24.0,1.0,4.30769230769231,1.0,5.69230769230769,0.0,1.0,0.7,0.0,0.0,0.285714285714286,0.0,3.0,2.0,0.9897927,0.010207296,3
1437,3,2.0,2.0,0.0,0.0,8.0,0.42,0.0,80.0,1.0,2.0,6.0,1.0,4.30769230769231,1.0,5.69230769230769,0.0,1.0,0.7,0.0,0.0,0.285714285714286,0.0,3.0,2.0,0.99373955,0.006260477,4
1437,4,2.0,2.0,0.0,0.0,8.0,0.42,0.0,80.0,1.0,2.0,6.0,1.0,4.30769230769231,1.0,5.69230769230769,1.0,1.0,0.7,0.0,0.0,0.285714285714286,0.0,3.0,2.0,0.9943126,0.0056874356,5
1437,5,2.0,2.0,0.0,0.0,8.0,0.42,0.0,80.0,1.0,2.0,13.0,1.0,4.30769230769231,1.0,5.69230769230769,1.0,1.0,0.7,0.0,0.0,0.285714285714286,0.0,3.0,2.0,0.9951931,0.0048068846,5
1437,6,2.0,2.0,0.0,0.0,8.0,0.42,0.0,80.0,1.0,2.0,13.0,1.0,4.30769230769231,1.0,5.69230769230769,1.0,1.0,0.5,0.0,0.0,0.285714285714286,0.0,3.0,2.0,0.99575937,0.0042406246,5
1437,7,2.0,2.0,0.0,0.0,8.0,0.42,0.0,80.0,1.0,2.0,24.0,1.0,4.30769230769231,1.0,5.69230769230769,0.0,1.0,1.17647058823529,0.0,0.0,0.0,0.0,3.0,2.0,0.9895878,0.01041222,3
1437,8,2.0,2.0,0.0,0.0,8.0,0.42,0.0,80.0,1.0,2.0,24.0,1.0,4.30769230769231,1.0,5.69230769230769,1.0,1.0,1.17647058823529,0.0,0.0,0.0,0.0,3.0,2.0,0.9923532,0.0076467968,4
1437,9,2.0,2.0,0.0,0.0,8.0,0.42,0.0,80.0,1.0,2.0,24.0,1.0,5.2,1.0,5.69230769230769,1.0,1.0,1.17647058823529,0.0,0.0,0.0,0.0,3.0,2.0,0.9934523,0.006547665,5
1437,10,2.0,2.0,0.0,0.0,8.0,0.42,0.0,80.0,1.0,2.0,24.0,5.0,4.30769230769231,1.0,5.69230769230769,0.0,1.0,0.7,0.0,0.0,0.285714285714286,0.0,3.0,2.0,0.99696505,0.0030349598,4
1437,11,2.0,2.0,0.0,0.0,8.0,0.42,0.0,87.0,1.0,2.0,24.0,5.0,4.30769230769231,1.0,5.69230769230769,0.0,1.0,0.7,0.0,0.0,0.285714285714286,0.0,3.0,2.0,0.998174,0.0018260021,5
1437,12,2.0,2.0,0.0,0.0,8.0,0.42,0.0,80.0,1.0,2.0,13.0,1.0,4.30769230769231,1.0,5.69230769230769,0.0,1.0,1.17647058823529,0.0,0.0,0.285714285714286,0.0,3.0,2.0,0.9719083,0.028091706,3
1437,13,2.0,2.0,0.0,0.0,8.0,0.42,0.0,80.0,1.0,2.0,13.0,1.0,4.30769230769231,1.0,5.69230769230769,1.0,1.0,1.17647058823529,0.0,0.0,0.285714285714286,0.0,3.0,2.0,0.98338604,0.01661399,4
1437,14,2.0,2.0,0.0,0.0,8.0,0.42,0.0,80.0,1.0,2.0,13.0,1.0,4.30769230769231,1.0,2.0,1.0,1.0,1.17647058823529,0.0,0.0,0.285714285714286,0.0,3.0,2.0,0.9868274,0.0131726125,5
1437,15,2.0,2.0,0.0,3.0,8.0,0.42,0.0,80.0,1.0,2.0,13.0,1.0,4.30769230769231,1.0,5.69230769230769,0.0,1.0,1.17647058823529,0.0,21.0,0.285714285714286,0.0,3.0,2.0,0.5126053,0.48739466,1
1437,16,2.0,2.0,0.0,3.0,8.0,0.42,0.0,80.0,1.0,2.0,13.0,5.0,4.30769230769231,1.0,5.69230769230769,0.0,1.0,1.17647058823529,0.0,21.0,0.285714285714286,0.0,3.0,2.0,0.9145432,0.085456796,2
1437,17,2.0,2.0,0.0,0.0,8.0,0.42,0.0,80.0,1.0,2.0,13.0,5.0,4.30769230769231,1.0,5.69230769230769,0.0,1.0,1.17647058823529,0.0,21.0,0.285714285714286,0.0,3.0,2.0,0.98026735,0.019732641,3
1437,18,2.0,2.0,0.0,0.0,8.0,0.42,0.0,80.0,1.0,2.0,13.0,5.0,4.30769230769231,1.0,5.69230769230769,0.0,1.0,0.7,0.0,21.0,0.285714285714286,0.0,3.0,2.0,0.9933886,0.006611383,4
1437,19,2.0,8.0,0.0,0.0,8.0,0.42,0.0,80.0,1.0,2.0,13.0,5.0,4.30769230769231,1.0,5.69230769230769,0.0,1.0,0.7,0.0,21.0,0.285714285714286,0.0,3.0,2.0,0.99515414,0.0048458353,5
411,0,37.0,1.0,27.0,6.0,14.0,0.46,1.0,97.0,1.0,4.0,6.0,2.0,10.2378640776699,0.0,6.83980582524272,0.0,1.0,1.02739726027397,0.0,1514.0,0.0,6.0,5.0,20.0,0.63292587,0.3670741,2
411,1,37.0,1.0,27.0,6.0,14.0,0.46,1.0,97.0,1.0,4.0,13.0,2.0,10.2378640776699,0.0,6.83980582524272,0.0,1.0,1.02739726027397,0.0,0.0,0.283950617283951,6.0,5.0,20.0,0.60907173,0.3909283,2
411,2,37.0,1.0,27.0,6.0,14.0,0.46,1.0,97.0,1.0,4.0,0.0,2.0,10.2378640776699,0.0,6.83980582524272,31.0,1.0,1.02739726027397,0.0,0.0,0.0,6.0,5.0,20.0,0.9921893,0.0078107216,4
411,3,37.0,1.0,27.0,6.0,14.0,0.46,1.0,97.0,1.0,4.0,0.0,2.0,10.2378640776699,0.0,6.83980582524272,31.0,1.0,0.5,0.0,0.0,0.0,6.0,5.0,20.0,0.9958066,0.004193416,5
411,4,37.0,1.0,27.0,6.0,14.0,0.46,1.0,97.0,1.0,4.0,0.0,2.0,10.2378640776699,0.0,6.83980582524272,0.0,1.0,1.02739726027397,0.0,0.0,0.283950617283951,6.0,5.0,20.0,0.7732041,0.22679588,2
411,5,37.0,8.0,27.0,6.0,14.0,0.46,1.0,97.0,1.0,4.0,0.0,2.0,10.2378640776699,0.0,6.83980582524272,0.0,1.0,1.02739726027397,0.0,0.0,0.283950617283951,6.0,5.0,20.0,0.9343648,0.06563523,3
411,6,37.0,8.0,27.0,6.0,14.0,0.46,1.0,97.0,1.0,4.0,0.0,2.0,10.2378640776699,0.0,6.83980582524272,31.0,1.0,1.02739726027397,0.0,0.0,0.283950617283951,6.0,5.0,20.0,0.9675397,0.0324603,4
411,7,37.0,8.0,27.0,6.0,14.0,0.46,1.0,97.0,1.0,4.0,0.0,2.0,10.2378640776699,20.0,6.83980582524272,31.0,1.0,1.02739726027397,0.0,0.0,0.283950617283951,6.0,5.0,20.0,0.9732467,0.026753305,5
411,8,37.0,2.0,27.0,6.0,14.0,0.46,1.0,97.0,1.0,4.0,0.0,2.0,10.2378640776699,0.0,6.83980582524272,31.0,1.0,1.02739726027397,0.0,0.0,0.0,6.0,5.0,20.0,0.995436,0.004563962,5
411,9,0.0,1.0,27.0,6.0,14.0,0.46,1.0,97.0,1.0,4.0,13.0,2.0,10.2378640776699,0.0,6.83980582524272,0.0,1.0,1.02739726027397,0.0,1514.0,0.283950617283951,6.0,5.0,20.0,0.5072389,0.49276108,2
411,10,0.0,1.0,27.0,6.0,14.0,0.46,1.0,97.0,1.0,4.0,0.0,2.0,10.2378640776699,0.0,6.83980582524272,0.0,1.0,1.02739726027397,0.0,0.0,0.283950617283951,6.0,5.0,20.0,0.9626557,0.037344273,3
411,11,0.0,1.0,27.0,6.0,14.0,0.46,1.0,97.0,1.0,4.0,0.0,2.0,10.2378640776699,0.0,6.83980582524272,0.0,1.0,6.4,0.0,0.0,0.283950617283951,6.0,5.0,20.0,0.9788064,0.021193648,4
411,12,0.0,1.0,27.0,6.0,14.0,0.46,1.0,97.0,1.0,45.0,0.0,2.0,10.2378640776699,0.0,6.83980582524272,0.0,1.0,6.4,0.0,0.0,0.283950617283951,6.0,5.0,20.0,0.98754126,0.012458761,5
411,13,0.0,1.0,27.0,6.0,14.0,0.46,1.0,97.0,1.0,45.0,13.0,2.0,10.2378640776699,0.0,6.83980582524272,0.0,1.0,6.4,0.0,0.0,0.283950617283951,6.0,5.0,20.0,0.98870194,0.011298046,5
411,14,37.0,1.0,27.0,6.0,14.0,0.46,1.0,97.0,1.0,4.0,0.0,2.0,10.2378640776699,0.0,2.0,0.0,1.0,1.02739726027397,0.0,0.0,0.0,6.0,5.0,20.0,0.9962881,0.0037118702,4
411,15,37.0,1.0,27.0,6.0,14.0,0.46,1.0,97.0,1.0,4.0,0.0,5.0,10.2378640776699,0.0,2.0,0.0,1.0,1.02739726027397,0.0,0.0,0.0,6.0,5.0,20.0,0.9966177,0.0033823408,5
411,16,0.0,1.0,27.0,6.0,14.0,0.46,1.0,97.0,1.0,45.0,0.0,2.0,10.2378640776699,0.0,6.83980582524272,0.0,1.0,1.02739726027397,0.0,0.0,0.283950617283951,6.0,5.0,20.0,0.97862846,0.02137153,4
411,17,0.0,1.0,27.0,0.0,14.0,0.46,1.0,97.0,1.0,45.0,0.0,2.0,10.2378640776699,0.0,6.83980582524272,0.0,1.0,1.02739726027397,0.0,0.0,0.283950617283951,6.0,5.0,20.0,0.9789423,0.021057703,5
411,18,0.0,1.0,27.0,0.0,14.0,0.46,1.0,97.0,1.0,45.0,13.0,2.0,10.2378640776699,0.0,6.83980582524272,0.0,1.0,1.02739726027397,0.0,0.0,0.283950617283951,6.0,5.0,20.0,0.9846989,0.015301101,5
411,19,37.0,1.0,27.0,6.0,14.0,0.46,1.0,97.0,1.0,4.0,0.0,2.0,10.2378640776699,0.0,2.0,0.0,1.0,1.02739726027397,0.0,0.0,0.283950617283951,6.0,5.0,20.0,0.97526515,0.024734827,3
1444,0,27.0,1.0,9.0,6.0,0.0,0.79,0.0,88.0,1.0,1.0,16.0,2.0,6.75,1.0,4.32142857142857,1.0,1.0,0.915254237288136,0.0,18.0,0.0,0.0,2.0,1.0,0.5807613,0.41923872,2
1444,1,27.0,1.0,1.0,6.0,0.0,0.79,0.0,88.0,1.0,1.0,16.0,2.0,6.75,1.0,4.32142857142857,1.0,1.0,0.915254237288136,0.0,18.0,0.5,0.0,2.0,1.0,0.5743902,0.42560983,2
1444,2,27.0,1.0,0.0,6.0,0.0,0.79,0.0,88.0,1.0,1.0,16.0,2.0,6.75,1.0,4.32142857142857,1.0,1.0,0.5,0.0,0.0,0.0,0.0,2.0,1.0,0.9954421,0.0045579243,4
1444,3,27.0,1.0,0.0,6.0,0.0,0.79,0.0,88.0,1.0,1.0,16.0,2.0,4.4,1.0,4.32142857142857,1.0,1.0,0.5,0.0,0.0,0.0,0.0,2.0,1.0,0.99640054,0.0035994535,5
1444,4,27.0,1.0,0.0,6.0,0.0,0.79,0.0,88.0,1.0,1.0,16.0,2.0,4.4,1.0,4.32142857142857,1.0,1.0,0.5,0.0,0.0,1.0,0.0,2.0,1.0,0.9970633,0.0029367425,5
1444,5,27.0,1.0,0.0,6.0,0.0,0.79,0.0,88.0,1.0,1.0,16.0,2.0,6.75,1.0,2.0,1.0,1.0,0.915254237288136,0.0,0.0,0.0,0.0,2.0,1.0,0.9959045,0.004095502,4
1444,6,27.0,1.0,9.0,6.0,0.0,0.79,15.0,88.0,1.0,1.0,16.0,2.0,6.75,1.0,4.32142857142857,1.0,1.0,0.915254237288136,0.0,0.0,0.5,0.0,2.0,1.0,0.63960993,0.36039007,2
1444,7,3.0,1.0,9.0,6.0,0.0,0.79,0.0,88.0,1.0,1.0,16.0,2.0,6.75,1.0,4.32142857142857,1.0,1.0,0.915254237288136,0.0,0.0,0.5,0.0,2.0,1.0,0.5501888,0.44981125,2
1444,8,0.0,1.0,0.0,6.0,0.0,0.79,0.0,88.0,1.0,1.0,16.0,2.0,6.75,1.0,4.32142857142857,1.0,1.0,0.915254237288136,0.0,0.0,0.0,0.0,2.0,1.0,0.9986627,0.0013372966,4
1444,9,0.0,1.0,0.0,6.0,0.0,0.79,0.0,88.0,1.0,1.0,16.0,2.0,6.75,1.0,2.0,1.0,1.0,0.915254237288136,0.0,0.0,0.0,0.0,2.0,1.0,0.99973905,0.0002609255,5
1444,10,0.0,1.0,0.0,6.0,0.0,0.79,0.0,88.0,1.0,1.0,16.0,2.0,6.75,1.0,2.0,1.0,1.0,0.915254237288136,0.0,0.0,1.0,0.0,2.0,1.0,0.99988246,0.00011756475,5
1444,11,27.0,1.0,0.0,0.0,0.0,0.79,0.0,88.0,1.0,1.0,16.0,2.0,6.75,1.0,4.32142857142857,1.0,1.0,0.915254237288136,0.0,0.0,0.0,0.0,2.0,1.0,0.99529976,0.0047002165,4
1444,12,27.0,1.0,0.0,0.0,0.0,0.79,0.0,88.0,1.0,1.0,16.0,2.0,4.4,1.0,4.32142857142857,1.0,1.0,0.915254237288136,0.0,0.0,0.0,0.0,2.0,1.0,0.9975653,0.00243469,5
1444,13,27.0,1.0,1.0,0.0,0.0,0.79,0.0,88.0,1.0,1.0,16.0,2.0,6.75,1.0,4.32142857142857,1.0,1.0,0.915254237288136,0.0,42.0,0.5,0.0,2.0,1.0,0.80249524,0.19750476,2
1444,14,27.0,1.0,1.0,0.0,0.0,0.79,0.0,88.0,1.0,1.0,16.0,2.0,4.4,1.0,4.32142857142857,1.0,1.0,0.915254237288136,0.0,69.0,0.0,0.0,2.0,1.0,0.9984184,0.0015815987,5
1444,15,27.0,1.0,9.0,6.0,0.0,0.79,0.0,88.0,1.0,1.0,16.0,2.0,6.75,20.0,4.32142857142857,1.0,1.0,0.915254237288136,0.0,0.0,0.5,0.0,2.0,1.0,0.50641644,0.49358353,2
1444,16,27.0,1.0,0.0,6.0,0.0,0.79,0.0,88.0,1.0,1.0,16.0,2.0,6.75,20.0,2.0,1.0,1.0,0.915254237288136,0.0,0.0,1.0,0.0,2.0,1.0,0.99806553,0.001934471,5
1444,17,27.0,1.0,0.0,6.0,0.0,0.79,0.0,88.0,1.0,1.0,16.0,2.0,6.75,1.0,4.32142857142857,1.0,1.0,0.915254237288136,0.0,0.0,0.5,0.0,2.0,1.0,0.9001236,0.09987638,2
1444,18,27.0,1.0,0.0,0.0,0.0,0.79,0.0,88.0,1.0,1.0,16.0,2.0,6.75,1.0,4.32142857142857,1.0,1.0,0.915254237288136,0.0,0.0,0.5,0.0,2.0,1.0,0.9643305,0.035669513,3
1444,19,27.0,1.0,0.0,0.0,0.0,0.79,0.0,88.0,1.0,1.0,16.0,2.0,4.4,1.0,4.32142857142857,1.0,1.0,0.915254237288136,0.0,0.0,0.5,0.0,2.0,1.0,0.9799716,0.020028416,4
412,0,16.0,1.0,8.0,4.0,29.0,0.3,0.0,96.0,3.0,2.0,230.0,7.0,5.9811320754717,0.0,8.05031446540881,1.0,1.0,1.21764705882353,0.0,0.0,0.26984126984127,11.0,3.0,21.0,0.599921,0.40007898,1
412,1,16.0,1.0,8.0,4.0,29.0,0.3,0.0,96.0,3.0,2.0,13.0,7.0,5.9811320754717,0.0,8.05031446540881,1.0,1.0,1.21764705882353,0.0,0.0,0.26984126984127,11.0,3.0,21.0,0.93287724,0.06712275,2
412,2,16.0,1.0,8.0,4.0,29.0,0.3,0.0,96.0,3.0,2.0,13.0,7.0,5.9811320754717,0.0,8.05031446540881,1.0,1.0,1.21764705882353,0.0,0.0,0.0,11.0,3.0,21.0,0.98683274,0.013167277,3
412,3,16.0,1.0,8.0,4.0,29.0,0.3,0.0,96.0,3.0,2.0,13.0,7.0,5.9811320754717,0.0,8.05031446540881,31.0,1.0,1.21764705882353,0.0,0.0,0.0,11.0,3.0,21.0,0.99151707,0.008482909,4
412,4,16.0,1.0,8.0,4.0,29.0,0.3,0.0,96.0,3.0,2.0,13.0,7.0,5.9811320754717,0.0,8.05031446540881,31.0,1.0,0.7,0.0,0.0,0.0,11.0,3.0,21.0,0.99459004,0.0054099318,5
412,5,16.0,1.0,8.0,4.0,29.0,0.3,0.0,96.0,3.0,2.0,0.0,7.0,5.9811320754717,0.0,8.05031446540881,31.0,1.0,0.7,0.0,0.0,0.0,11.0,3.0,21.0,0.99713737,0.0028626444,5
412,6,16.0,1.0,8.0,4.0,29.0,0.3,0.0,96.0,3.0,2.0,0.0,7.0,5.9811320754717,0.0,8.05031446540881,31.0,1.0,0.5,0.0,0.0,0.0,11.0,3.0,21.0,0.99768305,0.0023169806,5
412,7,16.0,8.0,8.0,4.0,29.0,0.3,0.0,96.0,3.0,2.0,13.0,7.0,5.9811320754717,0.0,8.05031446540881,1.0,1.0,1.21764705882353,0.0,0.0,0.26984126984127,11.0,3.0,21.0,0.98020625,0.019793725,3
412,8,16.0,8.0,0.0,4.0,29.0,0.3,0.0,96.0,3.0,2.0,13.0,7.0,5.9811320754717,0.0,8.05031446540881,1.0,1.0,1.21764705882353,0.0,0.0,0.26984126984127,11.0,3.0,21.0,0.9936413,0.006358703,4
412,9,16.0,8.0,0.0,4.0,29.0,0.3,0.0,96.0,3.0,2.0,13.0,7.0,5.9811320754717,0.0,8.05031446540881,1.0,1.0,0.0,0.0,0.0,0.26984126984127,11.0,3.0,21.0,0.99685246,0.0031475304,5
412,10,16.0,8.0,0.0,4.0,29.0,0.3,0.0,96.0,3.0,2.0,6.0,7.0,5.9811320754717,0.0,8.05031446540881,1.0,1.0,0.0,0.0,0.0,0.26984126984127,11.0,3.0,21.0,0.9969516,0.0030483927,5
412,11,16.0,2.0,8.0,4.0,29.0,0.3,0.0,96.0,3.0,2.0,13.0,7.0,5.9811320754717,0.0,8.05031446540881,1.0,1.0,1.21764705882353,0.0,0.0,0.0,11.0,3.0,21.0,0.9949079,0.005092087,4
412,12,16.0,2.0,8.0,4.0,29.0,0.3,0.0,96.0,3.0,2.0,0.0,7.0,5.9811320754717,0.0,8.05031446540881,1.0,1.0,1.21764705882353,0.0,0.0,0.0,11.0,3.0,21.0,0.99575764,0.0042423345,4
412,13,16.0,2.0,8.0,4.0,29.0,0.3,0.0,96.0,3.0,2.0,0.0,7.0,5.9811320754717,0.0,8.05031446540881,1.0,1.0,0.5,0.0,0.0,0.0,11.0,3.0,21.0,0.99816144,0.0018385445,5
412,14,16.0,1.0,8.0,4.0,29.0,0.3,0.0,96.0,3.0,2.0,13.0,7.0,5.9811320754717,0.0,8.05031446540881,31.0,1.0,1.21764705882353,0.0,0.0,0.26984126984127,11.0,3.0,21.0,0.9558989,0.044101093,3
412,15,16.0,1.0,8.0,4.0,29.0,0.3,0.0,96.0,3.0,2.0,13.0,7.0,5.9811320754717,20.0,8.05031446540881,31.0,1.0,1.21764705882353,0.0,0.0,0.26984126984127,11.0,3.0,21.0,0.9594234,0.040576596,4
412,16,16.0,1.0,8.0,4.0,29.0,0.3,0.0,96.0,3.0,2.0,13.0,7.0,4.4,20.0,8.05031446540881,31.0,1.0,1.21764705882353,0.0,0.0,0.26984126984127,11.0,3.0,21.0,0.9614591,0.038540892,5
412,17,16.0,1.0,8.0,4.0,29.0,0.3,15.0,96.0,3.0,2.0,13.0,7.0,5.9811320754717,0.0,8.05031446540881,1.0,1.0,1.21764705882353,0.0,0.0,0.0,11.0,3.0,21.0,0.99372697,0.006273023,4
412,18,16.0,1.0,8.0,4.0,29.0,0.3,15.0,96.0,3.0,2.0,0.0,7.0,5.9811320754717,0.0,8.05031446540881,1.0,1.0,1.21764705882353,0.0,0.0,0.0,11.0,3.0,21.0,0.99547315,0.0045268433,4
412,19,0.0,1.0,8.0,4.0,29.0,0.3,0.0,96.0,3.0,2.0,13.0,7.0,5.9811320754717,0.0,8.05031446540881,1.0,1.0,1.21764705882353,0.0,0.0,0.26984126984127,11.0,3.0,21.0,0.99117136,0.008828663,3
1445,0,8.0,1.0,7.0,2.0,3.0,0.33,0.0,93.0,1.0,1.0,13.0,2.0,4.87234042553191,0.0,6.84042553191489,1.0,1.0,0.919191919191919,0.0,1981.0,0.243243243243243,5.0,4.0,7.0,0.80888444,0.19111556,1
1445,1,0.0,1.0,7.0,2.0,3.0,0.33,0.0,93.0,1.0,1.0,13.0,2.0,4.87234042553191,0.0,6.84042553191489,1.0,1.0,0.919191919191919,0.0,1981.0,0.243243243243243,5.0,4.0,7.0,0.9746676,0.025332382,2
1445,2,8.0,1.0,7.0,2.0,3.0,0.33,0.0,93.0,1.0,1.0,56.0,2.0,4.87234042553191,0.0,6.84042553191489,1.0,1.0,0.919191919191919,0.0,0.0,0.243243243243243,5.0,4.0,7.0,0.59637374,0.40362626,1
1445,3,0.0,1.0,7.0,2.0,3.0,0.33,0.0,93.0,1.0,1.0,13.0,2.0,4.87234042553191,0.0,6.84042553191489,1.0,1.0,0.7,0.0,0.0,0.243243243243243,5.0,4.0,7.0,0.9988695,0.0011305296,4
1445,4,0.0,1.0,7.0,2.0,3.0,0.33,0.0,93.0,1.0,1.0,13.0,2.0,4.87234042553191,0.0,6.84042553191489,31.0,1.0,0.7,0.0,0.0,0.243243243243243,5.0,4.0,7.0,0.99924475,0.0007552789,5
1445,5,0.0,1.0,7.0,2.0,3.0,0.33,0.0,93.0,1.0,1.0,13.0,2.0,4.87234042553191,0.0,6.84042553191489,31.0,1.0,1.6,0.0,0.0,0.243243243243243,5.0,4.0,7.0,0.99933463,0.0006653928,5
1445,6,8.0,1.0,7.0,2.0,3.0,0.33,0.0,93.0,1.0,1.0,13.0,2.0,4.87234042553191,0.0,6.84042553191489,1.0,1.0,0.919191919191919,0.0,0.0,0.243243243243243,5.0,4.0,7.0,0.9667045,0.033295505,2
1445,7,8.0,2.0,7.0,2.0,3.0,0.33,0.0,93.0,1.0,1.0,13.0,2.0,4.87234042553191,0.0,6.84042553191489,1.0,1.0,0.919191919191919,0.0,0.0,0.243243243243243,5.0,4.0,7.0,0.98696077,0.013039224,3
1445,8,8.0,2.0,7.0,2.0,3.0,0.33,0.0,93.0,1.0,1.0,0.0,2.0,4.87234042553191,0.0,6.84042553191489,1.0,1.0,0.919191919191919,0.0,0.0,0.243243243243243,5.0,4.0,7.0,0.9939208,0.0060792193,3
1445,9,8.0,2.0,7.0,2.0,3.0,0.33,0.0,93.0,1.0,1.0,0.0,2.0,4.87234042553191,0.0,6.84042553191489,31.0,1.0,0.919191919191919,0.0,0.0,0.243243243243243,5.0,4.0,7.0,0.9958449,0.0041550994,4
1445,10,8.0,2.0,7.0,2.0,3.0,0.33,0.0,93.0,1.0,1.0,0.0,2.0,4.87234042553191,20.0,6.84042553191489,31.0,1.0,0.919191919191919,0.0,0.0,0.243243243243243,5.0,4.0,7.0,0.99603754,0.003962447,5
1445,11,0.0,1.0,7.0,2.0,3.0,0.33,0.0,93.0,1.0,1.0,6.0,2.0,4.87234042553191,0.0,6.84042553191489,1.0,1.0,0.7,0.0,0.0,0.243243243243243,5.0,4.0,7.0,0.999093,0.0009070085,4
1445,12,8.0,1.0,7.0,2.0,3.0,0.33,0.0,93.0,1.0,1.0,13.0,2.0,4.87234042553191,0.0,6.84042553191489,1.0,1.0,0.7,0.0,0.0,0.243243243243243,5.0,4.0,7.0,0.9913092,0.00869075,3
1445,13,8.0,1.0,7.0,2.0,3.0,0.33,0.0,93.0,1.0,1.0,6.0,2.0,4.87234042553191,0.0,6.84042553191489,1.0,1.0,0.7,0.0,0.0,0.243243243243243,5.0,4.0,7.0,0.99503773,0.0049622734,3
1445,14,8.0,1.0,7.0,2.0,3.0,0.33,0.0,93.0,1.0,1.0,6.0,2.0,4.4,0.0,6.84042553191489,1.0,1.0,0.7,0.0,0.0,0.243243243243243,5.0,4.0,7.0,0.9970466,0.0029534341,4
1445,15,8.0,1.0,7.0,2.0,3.0,0.33,0.0,93.0,1.0,1.0,6.0,2.0,4.4,0.0,6.84042553191489,1.0,1.0,0.5,0.0,0.0,0.243243243243243,5.0,4.0,7.0,0.99709207,0.0029079556,4
1445,16,8.0,1.0,0.0,2.0,3.0,0.33,0.0,93.0,1.0,1.0,6.0,2.0,4.4,0.0,6.84042553191489,1.0,1.0,0.5,0.0,0.0,0.243243243243243,5.0,4.0,7.0,0.9978683,0.0021316763,5
1445,17,8.0,1.0,0.0,2.0,3.0,0.33,0.0,93.0,1.0,1.0,6.0,2.0,6.8,0.0,6.84042553191489,1.0,1.0,0.5,0.0,0.0,0.243243243243243,5.0,4.0,7.0,0.99788463,0.0021153651,5
1445,18,8.0,1.0,7.0,2.0,3.0,0.33,15.0,93.0,1.0,1.0,13.0,2.0,4.87234042553191,0.0,6.84042553191489,1.0,1.0,0.7,0.0,0.0,0.243243243243243,5.0,4.0,7.0,0.9958488,0.00415122,4
1445,19,8.0,1.0,7.0,2.0,3.0,0.33,15.0,93.0,1.0,1.0,6.0,2.0,4.87234042553191,0.0,6.84042553191489,1.0,1.0,0.7,0.0,0.0,0.243243243243243,5.0,4.0,7.0,0.9979521,0.0020478717,4
425,0,0.0,1.0,0.0,1.0,1.0,0.32,0.0,84.0,2.0,1.0,16.0,2.0,2.0,0.0,3.0,0.0,1.0,1.0,0.0,12.0,0.4,0.0,3.0,7.0,0.5233483,0.47665173,1
425,1,0.0,1.0,0.0,0.0,1.0,0.32,0.0,84.0,2.0,1.0,16.0,2.0,2.0,0.0,3.0,0.0,1.0,1.0,0.0,12.0,0.5,0.0,3.0,7.0,0.92525697,0.074743025,1
425,2,0.0,1.0,0.0,1.0,1.0,0.32,0.0,84.0,2.0,1.0,16.0,2.0,2.0,0.0,3.0,0.0,1.0,1.0,0.0,6.0,0.5,0.0,3.0,7.0,0.50454426,0.4954557,1
425,3,0.0,1.0,0.0,0.0,1.0,0.32,0.0,84.0,2.0,1.0,16.0,2.0,2.0,0.0,3.0,1.0,1.0,1.0,0.0,0.0,0.0,0.0,3.0,7.0,0.99911785,0.00088217837,4
425,4,0.0,1.0,0.0,0.0,1.0,0.32,0.0,84.0,2.0,1.0,13.0,2.0,2.0,0.0,3.0,1.0,1.0,1.0,0.0,0.0,0.0,0.0,3.0,7.0,0.99946845,0.00053152844,5
425,5,0.0,1.0,0.0,0.0,1.0,0.32,0.0,84.0,2.0,1.0,16.0,2.0,2.0,0.0,3.0,0.0,1.0,1.0,0.0,0.0,0.5,0.0,3.0,7.0,0.9891659,0.010834126,2
425,6,0.0,1.0,0.0,0.0,1.0,0.32,0.0,84.0,2.0,1.0,16.0,2.0,2.0,0.0,3.0,0.0,1.0,0.7,0.0,0.0,0.5,0.0,3.0,7.0,0.9960773,0.0039227004,3
425,7,0.0,1.0,0.0,0.0,1.0,0.32,0.0,84.0,2.0,1.0,13.0,2.0,2.0,0.0,3.0,0.0,1.0,0.7,0.0,0.0,0.5,0.0,3.0,7.0,0.9975438,0.0024561782,4
425,8,0.0,1.0,0.0,1.0,1.0,0.32,0.0,84.0,2.0,1.0,16.0,2.0,2.0,0.0,3.0,2.0,1.0,1.0,0.0,12.0,0.5,0.0,3.0,7.0,0.5811106,0.41888943,1
425,9,0.0,1.0,0.0,1.0,1.0,0.32,15.0,84.0,2.0,1.0,16.0,2.0,2.0,0.0,3.0,31.0,1.0,1.0,0.0,12.0,0.0,0.0,3.0,7.0,0.99807334,0.001926665,3
425,10,0.0,1.0,0.0,1.0,1.0,0.32,15.0,84.0,2.0,1.0,16.0,2.0,2.0,0.0,3.0,31.0,1.0,0.7,0.0,12.0,0.0,0.0,3.0,7.0,0.999051,0.0009490539,4
425,11,0.0,1.0,0.0,1.0,1.0,0.32,15.0,84.0,2.0,1.0,16.0,2.0,2.0,0.0,3.0,31.0,1.0,0.7,0.0,12.0,1.0,0.0,3.0,7.0,0.9991174,0.0008826034,4
425,12,0.0,1.0,0.0,1.0,1.0,0.32,0.0,84.0,2.0,1.0,16.0,2.0,2.0,0.0,3.0,31.0,1.0,1.0,0.0,0.0,0.0,0.0,3.0,7.0,0.99811864,0.0018813531,3
425,13,0.0,1.0,0.0,1.0,1.0,0.32,0.0,84.0,2.0,1.0,13.0,2.0,2.0,0.0,3.0,31.0,1.0,1.0,0.0,0.0,0.0,0.0,3.0,7.0,0.99931824,0.0006817829,4
425,14,0.0,1.0,0.0,1.0,1.0,0.32,0.0,84.0,2.0,1.0,13.0,2.0,2.0,0.0,5.5,31.0,1.0,1.0,0.0,0.0,0.0,0.0,3.0,7.0,0.99958736,0.00041262183,5
425,15,0.0,1.0,0.0,1.0,1.0,0.32,15.0,84.0,2.0,1.0,16.0,2.0,2.0,0.0,3.0,0.0,1.0,1.0,0.0,12.0,0.5,0.0,3.0,7.0,0.5790731,0.42092693,1
425,16,0.0,1.0,0.0,0.0,1.0,0.32,15.0,84.0,2.0,1.0,13.0,2.0,2.0,0.0,3.0,0.0,1.0,1.0,0.0,0.0,0.5,0.0,3.0,7.0,0.9970717,0.002928338,4
425,17,0.0,1.0,0.0,0.0,1.0,0.32,15.0,84.0,2.0,1.0,13.0,2.0,2.0,20.0,3.0,0.0,1.0,1.0,0.0,0.0,0.5,0.0,3.0,7.0,0.9977551,0.0022448632,5
425,18,0.0,1.0,0.0,1.0,1.0,0.32,0.0,84.0,2.0,1.0,13.0,2.0,2.0,0.0,3.0,0.0,1.0,1.0,0.0,12.0,0.5,0.0,3.0,7.0,0.7892994,0.21070056,1
465,0,11.0,1.0,1.0,8.0,0.0,0.68,0.0,100.0,2.0,1.0,26.0,2.0,7.0,0.0,6.96296296296296,1.0,0.0,0.939393939393939,0.0,18.0,0.363636363636364,0.0,4.0,8.0,0.8086673,0.19133267,2
465,1,11.0,1.0,0.0,8.0,0.0,0.68,0.0,100.0,2.0,1.0,26.0,2.0,7.0,0.0,6.96296296296296,1.0,0.0,0.939393939393939,0.0,0.0,0.0,0.0,4.0,8.0,0.98346144,0.016538544,3
465,2,11.0,1.0,4.0,8.0,0.0,0.68,0.0,100.0,2.0,1.0,13.0,2.0,7.0,0.0,6.96296296296296,1.0,0.0,0.939393939393939,0.0,0.0,0.363636363636364,0.0,4.0,8.0,0.5344206,0.46557942,2
465,3,11.0,1.0,4.0,8.0,0.0,0.68,0.0,100.0,2.0,1.0,26.0,2.0,7.0,0.0,6.96296296296296,31.0,0.0,0.939393939393939,0.0,0.0,0.363636363636364,0.0,4.0,8.0,0.6906172,0.3093828,2
465,4,11.0,1.0,0.0,8.0,0.0,0.68,0.0,100.0,2.0,1.0,13.0,2.0,7.0,0.0,6.96296296296296,31.0,0.0,0.939393939393939,0.0,0.0,0.363636363636364,0.0,4.0,8.0,0.98321724,0.016782783,4
465,5,11.0,1.0,0.0,8.0,0.0,0.68,0.0,100.0,2.0,1.0,13.0,2.0,7.0,0.0,6.96296296296296,31.0,0.0,0.939393939393939,0.0,0.0,0.363636363636364,0.0,2.0,8.0,0.9845623,0.015437736,5
465,6,11.0,1.0,0.0,8.0,0.0,0.68,0.0,100.0,2.0,1.0,13.0,2.0,7.0,0.0,6.96296296296296,1.0,0.0,0.939393939393939,0.0,0.0,0.0,0.0,4.0,2.0,0.9956324,0.004367569,5
465,7,11.0,1.0,4.0,8.0,0.0,0.68,15.0,100.0,2.0,1.0,26.0,2.0,7.0,0.0,6.96296296296296,1.0,0.0,0.939393939393939,0.0,0.0,0.363636363636364,0.0,4.0,8.0,0.59736234,0.40263766,2
465,8,11.0,1.0,0.0,8.0,0.0,0.68,15.0,100.0,2.0,1.0,26.0,2.0,7.0,0.0,6.96296296296296,1.0,0.0,0.939393939393939,0.0,0.0,0.0,0.0,4.0,2.0,0.99260587,0.007394151,5
465,9,11.0,2.0,0.0,8.0,0.0,0.68,0.0,100.0,2.0,1.0,13.0,2.0,7.0,0.0,6.96296296296296,1.0,0.0,0.939393939393939,0.0,0.0,0.0,0.0,4.0,8.0,0.9960837,0.003916352,5
465,10,11.0,1.0,0.0,8.0,0.0,0.68,0.0,100.0,2.0,1.0,26.0,2.0,7.0,0.0,6.96296296296296,1.0,0.0,0.5,0.0,0.0,0.0,0.0,4.0,8.0,0.9955094,0.0044906395,4
465,11,11.0,1.0,0.0,8.0,0.0,0.68,0.0,100.0,2.0,1.0,26.0,2.0,4.4,0.0,6.96296296296296,1.0,0.0,0.5,0.0,0.0,0.0,0.0,4.0,8.0,0.9962773,0.0037227233,5
465,12,11.0,1.0,0.0,8.0,0.0,0.68,0.0,100.0,2.0,1.0,26.0,2.0,4.4,0.0,6.96296296296296,1.0,0.0,0.5,0.0,18.0,0.0,0.0,4.0,8.0,0.9964678,0.0035321836,5
465,13,11.0,1.0,0.0,8.0,0.0,0.68,0.0,100.0,2.0,1.0,26.0,2.0,2.0,0.0,6.96296296296296,1.0,0.0,0.5,0.0,18.0,0.0,0.0,4.0,8.0,0.99680716,0.00319282,5
465,14,11.0,1.0,4.0,8.0,0.0,0.68,0.0,100.0,2.0,1.0,26.0,2.0,7.0,0.0,6.96296296296296,1.0,0.0,0.7,0.0,2.0,0.363636363636364,0.0,4.0,8.0,0.5639198,0.43608025,2
465,15,11.0,1.0,4.0,8.0,0.0,0.68,0.0,100.0,2.0,1.0,26.0,2.0,7.0,20.0,6.96296296296296,1.0,0.0,0.7,0.0,0.0,0.363636363636364,0.0,4.0,8.0,0.9012542,0.09874581,3
465,16,11.0,1.0,4.0,8.0,0.0,0.68,0.0,100.0,2.0,1.0,26.0,2.0,2.0,0.0,6.96296296296296,1.0,0.0,0.939393939393939,0.0,0.0,0.363636363636364,0.0,4.0,8.0,0.54343,0.45657006,2
465,17,11.0,1.0,4.0,8.0,0.0,0.68,0.0,100.0,2.0,1.0,26.0,2.0,2.0,20.0,6.96296296296296,1.0,0.0,0.5,0.0,0.0,0.363636363636364,0.0,4.0,8.0,0.955902,0.04409802,4
465,18,11.0,1.0,0.0,8.0,0.0,0.68,0.0,100.0,2.0,1.0,13.0,2.0,7.0,0.0,6.96296296296296,1.0,0.0,0.939393939393939,0.0,0.0,0.0,0.0,2.0,8.0,0.9934173,0.006582699,5
465,19,11.0,1.0,4.0,8.0,0.0,0.68,0.0,100.0,2.0,1.0,26.0,2.0,7.0,0.0,6.96296296296296,1.0,0.0,0.939393939393939,0.0,18.0,0.0,0.0,4.0,8.0,0.59218526,0.40781474,2
467,0,11.0,1.0,3.0,3.0,0.0,0.44,0.0,92.0,1.0,2.0,19.0,2.0,7.61458333333333,0.0,3.875,2.0,1.0,0.613207547169811,0.0,620.0,0.2,2.0,6.0,11.0,0.51378316,0.48621684,2
467,1,11.0,1.0,3.0,3.0,0.0,0.44,0.0,92.0,1.0,2.0,19.0,2.0,7.61458333333333,0.0,3.875,2.0,1.0,0.613207547169811,0.0,0.0,0.25,2.0,6.0,11.0,0.5424812,0.4575188,2
467,2,11.0,1.0,3.0,3.0,0.0,0.44,0.0,92.0,1.0,2.0,19.0,2.0,7.61458333333333,0.0,3.875,31.0,1.0,0.7,0.0,0.0,0.0,2.0,6.0,11.0,0.9783348,0.021665245,4
467,3,11.0,1.0,3.0,3.0,0.0,0.44,0.0,92.0,1.0,2.0,19.0,2.0,4.4,0.0,3.875,31.0,1.0,0.7,0.0,0.0,0.0,2.0,6.0,11.0,0.9915361,0.008463915,5
467,4,11.0,1.0,3.0,3.0,0.0,0.44,0.0,92.0,1.0,2.0,19.0,2.0,4.4,0.0,3.875,1.0,1.0,6.4,0.0,620.0,0.25,2.0,6.0,11.0,0.66560495,0.33439508,2
467,5,11.0,1.0,3.0,3.0,0.0,0.44,0.0,92.0,1.0,2.0,13.0,2.0,7.61458333333333,0.0,3.875,1.0,1.0,6.4,0.0,620.0,0.25,2.0,6.0,11.0,0.5960624,0.40393758,2
467,6,11.0,1.0,3.0,3.0,0.0,0.44,0.0,92.0,1.0,2.0,19.0,2.0,7.61458333333333,0.0,3.875,1.0,1.0,6.4,0.0,69.0,0.25,2.0,6.0,11.0,0.5972838,0.40271622,2
467,7,11.0,8.0,3.0,3.0,0.0,0.44,0.0,92.0,1.0,2.0,13.0,2.0,7.61458333333333,0.0,3.875,1.0,1.0,0.613207547169811,0.0,69.0,0.25,2.0,6.0,11.0,0.55040157,0.44959846,3
467,8,11.0,8.0,3.0,3.0,0.0,0.44,0.0,92.0,1.0,2.0,13.0,2.0,2.0,0.0,3.875,1.0,1.0,6.4,0.0,69.0,0.25,2.0,6.0,11.0,0.96962214,0.030377844,5
467,9,11.0,1.0,3.0,3.0,0.0,0.44,0.0,92.0,1.0,2.0,19.0,2.0,4.4,0.0,3.875,31.0,1.0,0.613207547169811,0.0,620.0,0.25,2.0,6.0,11.0,0.5895357,0.4104643,2
467,10,11.0,1.0,3.0,3.0,0.0,0.44,0.0,92.0,1.0,2.0,19.0,2.0,2.0,0.0,0.0,31.0,1.0,0.613207547169811,0.0,620.0,0.0,2.0,6.0,11.0,0.942808,0.05719202,4
467,11,11.0,1.0,3.0,3.0,0.0,0.44,0.0,92.0,1.0,2.0,19.0,2.0,2.0,1.0,0.0,31.0,1.0,0.613207547169811,0.0,620.0,0.0,2.0,6.0,11.0,0.9507176,0.049282346,5
467,12,11.0,1.0,3.0,3.0,0.0,0.44,0.0,92.0,1.0,2.0,19.0,2.0,2.0,1.0,31.0,31.0,1.0,0.613207547169811,0.0,620.0,0.0,2.0,6.0,11.0,0.9538225,0.04617748,5
467,13,11.0,1.0,3.0,3.0,0.0,0.44,0.0,92.0,1.0,2.0,19.0,2.0,4.4,1.0,31.0,31.0,1.0,0.613207547169811,0.0,620.0,0.0,2.0,6.0,11.0,0.9577729,0.042227067,5
467,14,11.0,1.0,3.0,3.0,0.0,0.44,0.0,92.0,1.0,2.0,19.0,2.0,4.4,0.0,3.875,31.0,1.0,0.613207547169811,0.0,0.0,0.0,2.0,6.0,11.0,0.9764735,0.023526475,4
467,15,11.0,1.0,3.0,3.0,0.0,0.44,0.0,92.0,1.0,0.0,19.0,2.0,4.4,0.0,3.875,31.0,1.0,0.613207547169811,0.0,0.0,0.0,2.0,6.0,11.0,0.98315185,0.016848145,5
467,16,11.0,1.0,3.0,3.0,0.0,0.44,0.0,92.0,1.0,2.0,19.0,2.0,7.61458333333333,0.0,3.875,1.0,1.0,6.4,0.0,620.0,0.2,2.0,6.0,11.0,0.75557274,0.24442726,2
467,17,11.0,1.0,3.0,3.0,0.0,0.44,0.0,92.0,1.0,2.0,19.0,2.0,7.61458333333333,0.0,3.875,1.0,1.0,6.4,0.0,69.0,0.0,2.0,6.0,11.0,0.9071136,0.09288638,3
467,18,11.0,1.0,0.0,3.0,0.0,0.44,0.0,92.0,1.0,2.0,19.0,2.0,7.61458333333333,0.0,3.875,1.0,1.0,6.4,0.0,69.0,0.0,2.0,6.0,11.0,0.97438604,0.025613967,4
467,19,11.0,1.0,0.0,3.0,0.0,0.44,0.0,92.0,1.0,2.0,19.0,2.0,7.61458333333333,0.0,6.9,1.0,1.0,6.4,0.0,69.0,0.0,2.0,6.0,11.0,0.9904746,0.009525401,5
470,0,4.0,2.0,1.0,5.0,5.0,0.37,2.0,87.0,2.0,0.0,19.0,4.0,8.48,0.0,7.04,1.0,1.0,1.37037037037037,0.0,88.0,0.3,0.0,6.0,7.0,0.9125823,0.08741773,1
470,1,4.0,2.0,1.0,5.0,5.0,0.37,2.0,87.0,2.0,0.0,0.0,4.0,8.48,0.0,7.04,1.0,1.0,1.37037037037037,0.0,88.0,0.0,0.0,6.0,7.0,0.99095035,0.009049682,2
470,2,4.0,2.0,1.0,5.0,5.0,0.37,2.0,87.0,2.0,0.0,23.0,4.0,8.48,0.0,7.04,1.0,1.0,1.37037037037037,0.0,18.0,0.3,0.0,6.0,7.0,0.824485,0.17551501,1
470,3,4.0,2.0,1.0,5.0,5.0,0.37,2.0,87.0,2.0,0.0,0.0,4.0,8.48,0.0,7.04,1.0,1.0,0.0,0.0,0.0,0.0,0.0,6.0,7.0,0.9976585,0.0023415333,4
470,4,4.0,2.0,1.0,3.0,5.0,0.37,2.0,87.0,2.0,0.0,0.0,4.0,8.48,0.0,7.04,1.0,1.0,0.0,0.0,0.0,0.0,0.0,6.0,7.0,0.9988071,0.0011929338,5
470,5,4.0,2.0,1.0,3.0,5.0,0.37,2.0,87.0,2.0,0.0,0.0,4.0,8.48,0.0,7.04,1.0,1.0,0.7,0.0,0.0,0.0,0.0,6.0,7.0,0.9988625,0.0011375016,5
470,6,4.0,2.0,1.0,3.0,5.0,0.37,2.0,87.0,2.0,0.0,13.0,4.0,8.48,0.0,7.04,1.0,1.0,0.7,0.0,0.0,0.0,0.0,6.0,7.0,0.9989552,0.0010448343,5
470,7,4.0,2.0,1.0,0.0,5.0,0.37,2.0,87.0,2.0,0.0,13.0,4.0,8.48,0.0,7.04,1.0,1.0,0.7,0.0,0.0,0.0,0.0,6.0,7.0,0.9995701,0.00042995805,5
470,8,4.0,2.0,1.0,0.0,5.0,0.37,2.0,87.0,2.0,0.0,13.0,4.0,8.48,0.0,7.04,1.0,1.0,0.5,0.0,0.0,0.0,0.0,6.0,7.0,0.9995798,0.00042023975,5
470,9,4.0,2.0,1.0,5.0,5.0,0.37,2.0,87.0,2.0,0.0,23.0,4.0,8.48,0.0,7.04,1.0,1.0,1.37037037037037,0.0,0.0,0.3,0.0,6.0,7.0,0.9093572,0.09064279,1
470,10,4.0,2.0,1.0,5.0,5.0,0.37,2.0,87.0,2.0,0.0,23.0,4.0,8.48,0.0,7.04,1.0,1.0,0.7,0.0,0.0,0.3,0.0,6.0,7.0,0.9838491,0.016150864,2
470,11,4.0,2.0,1.0,5.0,5.0,0.37,2.0,87.0,2.0,0.0,23.0,4.0,8.48,0.0,7.04,31.0,1.0,0.7,0.0,0.0,0.3,0.0,6.0,7.0,0.99520415,0.004795854,3
470,12,4.0,2.0,1.0,5.0,5.0,0.37,2.0,87.0,2.0,0.0,23.0,4.0,8.48,0.0,7.04,31.0,1.0,0.7,0.0,0.0,0.0,0.0,6.0,7.0,0.99836266,0.0016373527,4
470,13,0.0,2.0,1.0,5.0,5.0,0.37,2.0,87.0,2.0,0.0,0.0,4.0,8.48,0.0,7.04,1.0,1.0,1.37037037037037,0.0,88.0,0.3,0.0,6.0,7.0,0.9915539,0.00844611,2
470,14,0.0,2.0,1.0,5.0,5.0,0.37,2.0,87.0,2.0,0.0,0.0,4.0,8.48,0.0,7.04,1.0,1.0,1.37037037037037,0.0,88.0,0.0,0.0,6.0,7.0,0.99702036,0.0029796513,3
470,15,0.0,2.0,1.0,5.0,5.0,0.37,15.0,87.0,2.0,0.0,0.0,4.0,8.48,0.0,7.04,1.0,1.0,1.37037037037037,0.0,88.0,0.0,0.0,6.0,7.0,0.99887836,0.001121615,4
470,16,0.0,2.0,1.0,6.0,5.0,0.37,15.0,87.0,2.0,0.0,0.0,4.0,8.48,0.0,7.04,1.0,1.0,1.37037037037037,0.0,88.0,0.0,0.0,6.0,7.0,0.9990835,0.00091645954,5
470,17,0.0,2.0,1.0,6.0,5.0,0.37,2.0,87.0,2.0,0.0,0.0,4.0,8.48,0.0,7.04,1.0,1.0,1.37037037037037,0.0,88.0,0.0,0.0,6.0,7.0,0.99756455,0.0024354698,4
470,18,0.0,2.0,1.0,6.0,5.0,0.37,2.0,87.0,2.0,0.0,0.0,4.0,8.48,0.0,7.04,1.0,1.0,0.0,0.0,88.0,0.0,0.0,6.0,7.0,0.99771214,0.0022878828,5
470,19,0.0,2.0,1.0,6.0,5.0,0.37,2.0,87.0,2.0,0.0,13.0,4.0,8.48,0.0,7.04,1.0,1.0,0.0,0.0,88.0,0.0,0.0,6.0,7.0,0.9978354,0.0021645979,5
1467,0,15.0,1.0,6.0,4.0,6.0,0.44,0.0,94.0,2.0,2.0,24.0,3.0,5.58730158730159,0.0,5.20634920634921,1.0,1.0,1.07575757575758,0.0,18.0,0.0,0.0,2.0,6.0,0.7192658,0.28073415,2
1467,1,15.0,1.0,6.0,4.0,6.0,0.44,0.0,94.0,2.0,2.0,24.0,3.0,5.58730158730159,0.0,5.20634920634921,1.0,1.0,6.4,0.0,18.0,0.368421052631579,0.0,2.0,6.0,0.64556146,0.35443857,2
1467,2,15.0,1.0,6.0,4.0,6.0,0.44,0.0,94.0,2.0,2.0,24.0,3.0,5.58730158730159,0.0,5.20634920634921,2.0,1.0,1.07575757575758,0.0,0.0,0.368421052631579,0.0,2.0,6.0,0.5772313,0.42276874,2
1467,3,15.0,1.0,6.0,4.0,6.0,0.44,0.0,94.0,2.0,2.0,24.0,3.0,5.58730158730159,0.0,5.20634920634921,31.0,1.0,0.5,0.0,0.0,0.0,0.0,2.0,6.0,0.9942088,0.0057912096,4
1467,4,15.0,1.0,6.0,4.0,6.0,0.44,0.0,94.0,2.0,2.0,0.0,3.0,5.58730158730159,0.0,5.20634920634921,31.0,1.0,0.5,0.0,0.0,0.0,0.0,2.0,6.0,0.9971681,0.0028318577,5
1467,5,15.0,1.0,6.0,4.0,6.0,0.44,0.0,94.0,2.0,2.0,24.0,3.0,5.58730158730159,0.0,5.20634920634921,1.0,1.0,6.4,0.0,0.0,0.368421052631579,0.0,2.0,6.0,0.8447346,0.1552654,2
1467,6,15.0,1.0,6.0,4.0,6.0,0.44,15.0,94.0,2.0,2.0,24.0,3.0,5.58730158730159,0.0,5.20634920634921,1.0,1.0,1.07575757575758,0.0,0.0,0.368421052631579,0.0,2.0,6.0,0.66194683,0.33805317,2
1467,7,15.0,1.0,6.0,4.0,6.0,0.44,15.0,94.0,2.0,2.0,13.0,3.0,5.58730158730159,0.0,5.20634920634921,1.0,1.0,6.4,0.0,0.0,0.368421052631579,0.0,2.0,6.0,0.9474532,0.0525468,4
1467,8,15.0,1.0,6.0,0.0,6.0,0.44,0.0,94.0,2.0,2.0,24.0,3.0,5.58730158730159,0.0,5.20634920634921,1.0,1.0,6.4,0.0,0.0,0.0,0.0,2.0,6.0,0.9894841,0.010515949,4
1467,9,15.0,1.0,6.0,4.0,6.0,0.44,0.0,94.0,2.0,2.0,13.0,3.0,5.58730158730159,0.0,5.20634920634921,1.0,1.0,1.07575757575758,0.0,0.0,0.368421052631579,0.0,2.0,6.0,0.76821345,0.23178653,2
1467,10,15.0,1.0,6.0,0.0,6.0,0.44,0.0,94.0,2.0,2.0,13.0,3.0,5.58730158730159,0.0,5.20634920634921,1.0,1.0,0.7,0.0,0.0,0.0,0.0,2.0,6.0,0.997408,0.002592011,5
1467,11,15.0,1.0,6.0,4.0,6.0,0.44,0.0,94.0,2.0,2.0,0.0,3.0,5.58730158730159,0.0,5.20634920634921,1.0,1.0,1.07575757575758,0.0,0.0,0.0,0.0,2.0,6.0,0.9860802,0.013919759,3
1467,12,15.0,1.0,6.0,4.0,6.0,0.44,0.0,94.0,2.0,2.0,0.0,3.0,5.58730158730159,0.0,5.20634920634921,1.0,1.0,1.07575757575758,0.0,0.0,0.0,0.0,3.0,6.0,0.991897,0.008103042,4
1467,13,15.0,1.0,6.0,4.0,6.0,0.44,0.0,94.0,2.0,2.0,0.0,3.0,4.4,0.0,5.20634920634921,1.0,1.0,1.07575757575758,0.0,0.0,0.0,0.0,3.0,6.0,0.9956206,0.0043794042,5
1467,14,15.0,2.0,6.0,4.0,6.0,0.44,0.0,94.0,2.0,2.0,0.0,3.0,5.58730158730159,0.0,5.20634920634921,1.0,1.0,1.07575757575758,0.0,0.0,0.0,0.0,2.0,6.0,0.99395007,0.0060499073,4
1467,15,15.0,1.0,6.0,0.0,6.0,0.44,0.0,94.0,2.0,2.0,0.0,3.0,5.58730158730159,0.0,5.20634920634921,1.0,1.0,1.07575757575758,0.0,0.0,0.0,0.0,2.0,6.0,0.991772,0.00822802,4
1467,16,15.0,1.0,6.0,4.0,6.0,0.44,0.0,94.0,2.0,45.0,24.0,3.0,5.58730158730159,0.0,5.20634920634921,1.0,1.0,1.07575757575758,0.0,0.0,0.368421052631579,0.0,2.0,6.0,0.51184285,0.48815712,2
1467,17,15.0,1.0,6.0,0.0,6.0,0.44,0.0,94.0,2.0,45.0,13.0,3.0,5.58730158730159,0.0,5.20634920634921,1.0,1.0,1.07575757575758,0.0,0.0,0.0,0.0,2.0,6.0,0.9944381,0.0055619176,5
1467,18,15.0,1.0,6.0,4.0,6.0,0.44,0.0,94.0,2.0,2.0,24.0,3.0,5.58730158730159,20.0,5.20634920634921,1.0,1.0,6.4,0.0,0.0,0.0,0.0,2.0,6.0,0.98939687,0.010603129,4
1467,19,15.0,1.0,6.0,4.0,6.0,0.44,0.0,94.0,2.0,2.0,0.0,3.0,5.58730158730159,0.0,5.20634920634921,31.0,1.0,1.07575757575758,0.0,0.0,0.0,0.0,2.0,6.0,0.99262637,0.0073736603,4
476,0,12.0,1.0,0.0,4.0,0.0,1.85,0.0,100.0,1.0,1.0,6.0,2.0,5.79545454545455,0.0,0.818181818181818,0.0,1.0,0.0,0.0,164.0,0.363636363636364,0.0,4.0,7.0,0.63167876,0.36832124,1
476,1,12.0,1.0,0.0,4.0,0.0,1.85,0.0,100.0,1.0,1.0,8.0,2.0,5.79545454545455,0.0,0.818181818181818,0.0,1.0,0.0,0.0,2.0,0.363636363636364,0.0,4.0,7.0,0.5059755,0.49402454,1
476,2,12.0,1.0,0.0,4.0,0.0,0.0,0.0,100.0,1.0,1.0,0.0,2.0,5.79545454545455,0.0,0.818181818181818,0.0,1.0,0.0,0.0,0.0,0.363636363636364,0.0,4.0,7.0,0.99477845,0.0052215173,3
476,3,12.0,1.0,0.0,4.0,0.0,0.0,0.0,100.0,1.0,1.0,0.0,2.0,5.79545454545455,0.0,0.818181818181818,0.0,1.0,0.0,0.0,0.0,0.0,0.0,4.0,7.0,0.9988092,0.001190765,4
476,4,0.0,1.0,0.0,4.0,0.0,0.0,0.0,100.0,1.0,1.0,0.0,2.0,5.79545454545455,0.0,0.818181818181818,0.0,1.0,0.0,0.0,0.0,0.0,0.0,4.0,7.0,0.9995449,0.0004550688,5
476,5,0.0,1.0,0.0,4.0,0.0,0.0,0.0,100.0,1.0,1.0,6.0,2.0,5.79545454545455,0.0,0.818181818181818,0.0,1.0,0.0,0.0,0.0,0.0,0.0,4.0,7.0,0.9996827,0.00031727305,5
476,6,0.0,1.0,0.0,4.0,0.0,0.25,0.0,100.0,1.0,1.0,6.0,2.0,5.79545454545455,0.0,0.818181818181818,0.0,1.0,0.0,0.0,0.0,0.0,0.0,4.0,7.0,0.99968725,0.00031274193,5
476,7,12.0,1.0,0.0,4.0,0.0,1.85,0.0,100.0,1.0,1.0,8.0,2.0,5.79545454545455,0.0,0.818181818181818,0.0,1.0,0.0,0.0,0.0,0.363636363636364,0.0,4.0,7.0,0.7682069,0.23179312,1
476,8,0.0,1.0,0.0,4.0,0.0,1.85,0.0,100.0,1.0,1.0,8.0,2.0,5.79545454545455,0.0,0.818181818181818,0.0,1.0,0.0,0.0,0.0,0.363636363636364,0.0,4.0,7.0,0.9612027,0.03879733,2
476,9,0.0,1.0,0.0,4.0,0.0,1.85,0.0,100.0,1.0,1.0,8.0,2.0,5.79545454545455,0.0,0.818181818181818,0.0,1.0,0.0,0.0,0.0,0.0,0.0,4.0,7.0,0.9921608,0.007839194,3
476,10,0.0,1.0,0.0,4.0,0.0,1.85,0.0,100.0,1.0,1.0,8.0,2.0,6.8,0.0,0.818181818181818,0.0,1.0,0.0,0.0,0.0,0.0,0.0,4.0,7.0,0.9946893,0.0053106965,4
476,11,0.0,1.0,0.0,4.0,2.0,1.85,0.0,100.0,1.0,1.0,8.0,2.0,6.8,0.0,0.818181818181818,0.0,1.0,0.0,0.0,0.0,0.0,0.0,4.0,7.0,0.9961047,0.0038953037,5
476,12,12.0,1.0,0.0,4.0,0.0,1.85,0.0,100.0,1.0,1.0,0.0,2.0,5.79545454545455,0.0,0.818181818181818,0.0,1.0,0.0,0.0,164.0,0.0,0.0,4.0,7.0,0.96687543,0.03312456,2
476,13,12.0,1.0,0.0,4.0,0.0,1.85,0.0,100.0,1.0,1.0,0.0,2.0,5.79545454545455,0.0,0.818181818181818,0.0,1.0,0.0,0.0,164.0,0.0,0.0,4.0,1.0,0.9880795,0.011920519,3
476,14,12.0,1.0,0.0,4.0,0.0,1.85,15.0,100.0,1.0,1.0,0.0,2.0,5.79545454545455,0.0,0.818181818181818,0.0,1.0,0.0,0.0,164.0,0.0,0.0,4.0,1.0,0.99391437,0.0060856505,4
476,15,12.0,1.0,0.0,4.0,0.0,0.0,15.0,100.0,1.0,1.0,0.0,2.0,5.79545454545455,0.0,0.818181818181818,0.0,1.0,0.0,0.0,164.0,0.0,0.0,4.0,1.0,0.9957847,0.0042153117,5
476,16,12.0,1.0,0.0,4.0,0.0,1.85,15.0,100.0,1.0,1.0,8.0,2.0,5.79545454545455,0.0,0.818181818181818,0.0,1.0,0.0,0.0,164.0,0.363636363636364,0.0,4.0,2.0,0.5429864,0.45701364,2
476,17,1.0,1.0,0.0,4.0,0.0,1.85,0.0,100.0,1.0,1.0,8.0,2.0,5.79545454545455,0.0,0.818181818181818,0.0,1.0,0.0,0.0,164.0,0.363636363636364,0.0,4.0,7.0,0.506298,0.493702,1
476,18,0.0,1.0,0.0,4.0,0.0,1.85,15.0,100.0,1.0,1.0,0.0,2.0,5.79545454545455,0.0,0.818181818181818,0.0,1.0,0.0,0.0,164.0,0.0,0.0,4.0,7.0,0.99780816,0.0021918393,4
476,19,0.0,1.0,0.0,4.0,0.0,344.0,15.0,100.0,1.0,1.0,0.0,2.0,5.79545454545455,0.0,0.818181818181818,0.0,1.0,0.0,0.0,164.0,0.0,0.0,4.0,7.0,0.99822944,0.0017705567,5
479,0,25.0,2.0,12.0,4.0,3.0,0.32,0.0,100.0,2.0,3.0,26.0,2.0,6.25806451612903,2.0,5.96774193548387,1.0,1.0,1.23287671232877,0.0,0.0,0.333333333333333,0.0,2.0,9.0,0.65757394,0.34242603,1
479,1,25.0,2.0,12.0,4.0,3.0,0.32,0.0,100.0,2.0,3.0,26.0,2.0,6.25806451612903,2.0,5.96774193548387,1.0,1.0,1.23287671232877,0.0,0.0,0.0,0.0,2.0,9.0,0.94618165,0.053818334,2
479,2,25.0,2.0,12.0,4.0,3.0,0.32,0.0,100.0,2.0,3.0,13.0,2.0,6.25806451612903,2.0,5.96774193548387,1.0,1.0,1.23287671232877,0.0,0.0,0.0,0.0,2.0,9.0,0.9855949,0.014405091,3
479,3,0.0,2.0,12.0,4.0,3.0,0.32,0.0,100.0,2.0,3.0,13.0,2.0,6.25806451612903,2.0,5.96774193548387,1.0,1.0,1.23287671232877,0.0,0.0,0.0,0.0,2.0,9.0,0.99793625,0.00206374,4
479,4,0.0,2.0,0.0,4.0,3.0,0.32,0.0,100.0,2.0,3.0,13.0,2.0,6.25806451612903,2.0,5.96774193548387,1.0,1.0,1.23287671232877,0.0,0.0,0.0,0.0,2.0,9.0,0.9993018,0.00069822936,5
479,5,0.0,2.0,12.0,4.0,3.0,0.0,0.0,100.0,2.0,3.0,13.0,2.0,6.25806451612903,2.0,5.96774193548387,1.0,1.0,1.23287671232877,0.0,0.0,0.0,0.0,2.0,9.0,0.9987404,0.0012596191,5
479,6,0.0,2.0,12.0,4.0,3.0,0.0,0.0,100.0,2.0,3.0,0.0,2.0,6.25806451612903,2.0,5.96774193548387,1.0,1.0,1.23287671232877,0.0,0.0,0.0,0.0,2.0,9.0,0.99892473,0.0010752538,5
479,7,25.0,2.0,0.0,4.0,3.0,0.32,0.0,100.0,2.0,3.0,26.0,2.0,6.25806451612903,2.0,5.96774193548387,1.0,1.0,1.23287671232877,0.0,0.0,0.0,0.0,2.0,9.0,0.9830411,0.01695892,3
479,8,25.0,2.0,0.0,4.0,3.0,0.32,0.0,100.0,2.0,3.0,26.0,2.0,6.25806451612903,2.0,5.96774193548387,31.0,1.0,1.23287671232877,0.0,0.0,0.0,0.0,2.0,9.0,0.9934345,0.006565515,4
479,9,25.0,2.0,0.0,4.0,3.0,0.32,0.0,100.0,2.0,3.0,26.0,2.0,4.4,2.0,5.96774193548387,31.0,1.0,1.23287671232877,0.0,0.0,0.0,0.0,2.0,9.0,0.9953806,0.0046194326,5
479,10,25.0,2.0,12.0,4.0,3.0,0.32,0.0,100.0,2.0,3.0,26.0,2.0,6.25806451612903,2.0,5.96774193548387,31.0,1.0,1.23287671232877,0.0,18.0,0.333333333333333,0.0,2.0,9.0,0.56723213,0.43276787,2
479,11,25.0,2.0,1.0,4.0,3.0,0.32,0.0,100.0,2.0,3.0,26.0,2.0,4.4,2.0,5.96774193548387,31.0,1.0,1.23287671232877,0.0,18.0,0.0,0.0,2.0,9.0,0.9963199,0.0036801135,5
479,12,25.0,2.0,0.0,4.0,3.0,0.32,0.0,100.0,2.0,3.0,13.0,2.0,6.25806451612903,2.0,5.96774193548387,1.0,1.0,1.23287671232877,0.0,0.0,0.0,0.0,2.0,9.0,0.9957327,0.00426726,4
479,13,25.0,2.0,0.0,4.0,3.0,0.32,0.0,100.0,2.0,3.0,13.0,2.0,5.2,2.0,5.96774193548387,1.0,1.0,1.23287671232877,0.0,0.0,0.0,0.0,2.0,9.0,0.99652463,0.003475384,5
479,14,25.0,2.0,12.0,4.0,3.0,0.32,0.0,100.0,2.0,3.0,13.0,2.0,6.25806451612903,2.0,5.96774193548387,1.0,1.0,1.23287671232877,0.0,51.0,0.333333333333333,0.0,2.0,9.0,0.5969813,0.4030187,1
479,15,0.0,2.0,12.0,4.0,3.0,0.32,0.0,100.0,2.0,3.0,13.0,2.0,6.25806451612903,2.0,5.96774193548387,1.0,1.0,1.23287671232877,0.0,51.0,0.333333333333333,0.0,2.0,9.0,0.9406051,0.059394874,2
479,16,0.0,2.0,1.0,4.0,3.0,0.32,0.0,100.0,2.0,3.0,13.0,2.0,6.25806451612903,2.0,5.96774193548387,1.0,1.0,1.23287671232877,0.0,51.0,0.333333333333333,0.0,2.0,9.0,0.9897013,0.010298711,3
479,17,0.0,2.0,1.0,4.0,3.0,0.32,0.0,100.0,2.0,3.0,13.0,5.0,6.25806451612903,2.0,5.96774193548387,1.0,1.0,1.23287671232877,0.0,51.0,0.333333333333333,0.0,2.0,9.0,0.9934492,0.0065507675,4
479,18,0.0,2.0,1.0,4.0,3.0,0.32,0.0,100.0,2.0,3.0,13.0,5.0,3.1,2.0,5.96774193548387,1.0,1.0,1.23287671232877,0.0,51.0,0.333333333333333,0.0,2.0,9.0,0.9951656,0.0048344336,5
479,19,25.0,2.0,12.0,4.0,3.0,0.32,0.0,100.0,2.0,3.0,13.0,2.0,6.25806451612903,2.0,5.96774193548387,1.0,1.0,0.7,0.0,0.0,0.0,0.0,2.0,9.0,0.99154127,0.008458762,4
494,0,2.0,2.0,1.0,5.0,8.0,0.35,0.0,86.0,2.0,0.0,19.0,2.0,5.7741935483871,1.0,7.35483870967742,1.0,1.0,1.69444444444444,0.0,78.0,0.375,0.0,3.0,4.0,0.7201865,0.2798135,1
494,1,2.0,2.0,1.0,5.0,8.0,0.35,0.0,86.0,2.0,0.0,20.0,2.0,5.7741935483871,1.0,7.35483870967742,1.0,1.0,1.69444444444444,0.0,18.0,0.375,0.0,3.0,4.0,0.5803615,0.41963854,1
494,2,2.0,2.0,1.0,5.0,8.0,0.35,0.0,86.0,2.0,0.0,13.0,2.0,5.7741935483871,1.0,7.35483870967742,1.0,1.0,1.69444444444444,0.0,0.0,0.0,0.0,3.0,4.0,0.9938345,0.006165508,3
494,3,2.0,2.0,1.0,0.0,8.0,0.35,0.0,86.0,2.0,0.0,13.0,2.0,5.7741935483871,1.0,7.35483870967742,1.0,1.0,1.69444444444444,0.0,0.0,0.0,0.0,3.0,4.0,0.9987245,0.0012754835,4
494,4,2.0,2.0,1.0,0.0,8.0,0.35,0.0,86.0,2.0,0.0,13.0,2.0,5.7741935483871,1.0,7.35483870967742,1.0,1.0,0.5,0.0,0.0,0.0,0.0,3.0,4.0,0.999798,0.0002020252,5
494,5,2.0,2.0,1.0,0.0,0.0,0.35,0.0,86.0,2.0,0.0,13.0,2.0,5.7741935483871,1.0,7.35483870967742,1.0,1.0,1.69444444444444,0.0,0.0,0.0,0.0,3.0,4.0,0.99920833,0.00079169223,5
494,6,2.0,2.0,1.0,5.0,8.0,0.35,0.0,86.0,2.0,0.0,13.0,2.0,5.7741935483871,1.0,7.35483870967742,1.0,1.0,1.69444444444444,0.0,78.0,0.0,0.0,3.0,4.0,0.9592575,0.040742535,2
494,7,2.0,2.0,1.0,5.0,8.0,0.35,15.0,86.0,2.0,0.0,13.0,2.0,5.7741935483871,1.0,7.35483870967742,1.0,1.0,1.69444444444444,0.0,78.0,0.0,0.0,3.0,4.0,0.99156517,0.008434837,3
494,8,2.0,2.0,1.0,5.0,8.0,0.35,15.0,86.0,2.0,0.0,13.0,2.0,5.7741935483871,1.0,7.35483870967742,1.0,1.0,0.7,0.0,78.0,0.0,0.0,3.0,4.0,0.99693114,0.003068839,4
494,9,0.0,2.0,1.0,5.0,8.0,0.35,15.0,86.0,2.0,0.0,13.0,2.0,5.7741935483871,1.0,7.35483870967742,1.0,1.0,0.7,0.0,78.0,0.0,0.0,3.0,4.0,0.998993,0.0010070206,5
494,10,2.0,2.0,1.0,5.0,8.0,0.35,0.0,86.0,2.0,0.0,13.0,2.0,5.7741935483871,1.0,7.35483870967742,1.0,1.0,0.5,0.0,0.0,0.0,0.0,3.0,4.0,0.9981934,0.001806589,4
494,11,2.0,2.0,1.0,5.0,8.0,0.35,15.0,86.0,2.0,0.0,13.0,2.0,5.7741935483871,1.0,7.35483870967742,1.0,1.0,0.5,0.0,0.0,0.0,0.0,3.0,4.0,0.998805,0.0011949941,5
494,12,2.0,2.0,1.0,5.0,8.0,0.35,15.0,86.0,2.0,0.0,6.0,2.0,5.7741935483871,1.0,7.35483870967742,1.0,1.0,0.5,0.0,0.0,0.0,0.0,3.0,4.0,0.9991752,0.0008248137,5
494,13,2.0,2.0,1.0,5.0,8.0,0.35,15.0,86.0,2.0,0.0,6.0,2.0,5.7741935483871,1.0,7.35483870967742,1.0,1.0,0.0,0.0,0.0,0.0,0.0,3.0,4.0,0.99923164,0.0007683391,5
494,14,2.0,2.0,1.0,5.0,8.0,0.35,0.0,86.0,2.0,0.0,20.0,2.0,5.7741935483871,1.0,7.35483870967742,1.0,1.0,1.69444444444444,0.0,0.0,0.375,0.0,3.0,4.0,0.7774548,0.22254522,1
494,15,2.0,2.0,1.0,5.0,8.0,0.35,0.0,86.0,2.0,0.0,20.0,2.0,5.7741935483871,1.0,7.35483870967742,1.0,1.0,0.7,0.0,0.0,0.375,0.0,3.0,4.0,0.9806837,0.019316323,2
494,16,2.0,2.0,1.0,0.0,8.0,0.35,0.0,86.0,2.0,0.0,20.0,2.0,5.7741935483871,1.0,7.35483870967742,1.0,1.0,0.7,0.0,0.0,0.375,0.0,3.0,4.0,0.99579996,0.0042000194,3
494,17,2.0,2.0,0.0,0.0,8.0,0.35,0.0,86.0,2.0,0.0,20.0,2.0,5.7741935483871,1.0,7.35483870967742,1.0,1.0,0.7,0.0,0.0,0.375,0.0,3.0,4.0,0.99638987,0.0036101115,4
494,18,2.0,2.0,1.0,5.0,8.0,0.35,0.0,86.0,2.0,0.0,13.0,2.0,5.7741935483871,1.0,7.35483870967742,31.0,1.0,1.69444444444444,0.0,0.0,0.0,0.0,3.0,4.0,0.9954474,0.004552592,4
494,19,2.0,2.0,1.0,0.0,8.0,0.35,0.0,86.0,2.0,0.0,13.0,2.0,5.7741935483871,1.0,7.35483870967742,1.0,1.0,1.69444444444444,0.0,78.0,0.375,0.0,3.0,4.0,0.96578187,0.034218118,2
5,0,3.0,1.0,0.0,1.0,0.0,0.19,0.0,94.0,2.0,0.0,19.0,5.0,3.30841121495327,0.0,3.91588785046729,0.0,1.0,0.761467889908257,0.0,412.0,0.25,0.0,6.0,7.0,0.7187709,0.28122908,1
5,1,3.0,1.0,0.0,1.0,0.0,0.19,0.0,94.0,2.0,0.0,60.0,5.0,3.30841121495327,0.0,3.91588785046729,0.0,1.0,0.761467889908257,0.0,69.0,0.25,0.0,6.0,7.0,0.782018,0.217982,1
5,2,3.0,1.0,0.0,1.0,0.0,0.19,0.0,94.0,2.0,0.0,13.0,5.0,3.30841121495327,0.0,3.91588785046729,31.0,1.0,0.761467889908257,0.0,0.0,0.25,0.0,6.0,7.0,0.9990633,0.0009367022,3
5,3,3.0,1.0,0.0,1.0,0.0,0.19,0.0,94.0,2.0,0.0,13.0,5.0,3.30841121495327,20.0,3.91588785046729,31.0,1.0,0.761467889908257,0.0,0.0,0.25,0.0,6.0,7.0,0.99940044,0.0005995699,4
5,4,3.0,1.0,0.0,0.0,0.0,0.19,0.0,94.0,2.0,0.0,13.0,5.0,3.30841121495327,20.0,3.91588785046729,31.0,1.0,0.761467889908257,0.0,0.0,0.25,0.0,6.0,7.0,0.999443,0.0005570164,5
5,5,3.0,1.0,0.0,0.0,0.0,0.19,0.0,94.0,2.0,0.0,13.0,5.0,3.30841121495327,20.0,3.91588785046729,1.0,1.0,0.761467889908257,0.0,0.0,0.25,0.0,6.0,7.0,0.99957603,0.00042397022,5
5,6,3.0,1.0,0.0,0.0,0.0,0.19,0.0,94.0,2.0,0.0,13.0,5.0,3.30841121495327,20.0,3.91588785046729,1.0,1.0,0.761467889908257,0.0,18.0,0.25,0.0,6.0,7.0,0.9996158,0.00038422452,5
5,7,3.0,1.0,0.0,0.0,0.0,0.19,0.0,94.0,2.0,0.0,13.0,5.0,3.30841121495327,0.0,3.91588785046729,0.0,1.0,0.761467889908257,0.0,0.0,0.25,0.0,6.0,7.0,0.9980101,0.0019898782,3
5,8,3.0,1.0,0.0,0.0,0.0,0.19,0.0,94.0,2.0,0.0,13.0,5.0,3.30841121495327,0.0,3.91588785046729,0.0,1.0,0.761467889908257,0.0,0.0,0.0,0.0,6.0,7.0,0.99913585,0.0008641705,4
5,9,3.0,1.0,0.0,0.0,0.0,0.56,0.0,94.0,2.0,0.0,13.0,5.0,3.30841121495327,0.0,3.91588785046729,0.0,1.0,0.761467889908257,0.0,0.0,0.0,0.0,6.0,7.0,0.99941766,0.0005823367,5
5,10,3.0,1.0,0.0,1.0,0.0,0.19,0.0,94.0,2.0,0.0,13.0,5.0,3.30841121495327,0.0,3.91588785046729,31.0,1.0,0.761467889908257,0.0,412.0,0.25,0.0,6.0,7.0,0.99366367,0.0063363602,2
5,11,3.0,1.0,0.0,1.0,0.0,0.19,15.0,94.0,2.0,0.0,13.0,5.0,3.30841121495327,0.0,3.91588785046729,31.0,1.0,0.761467889908257,0.0,412.0,0.25,0.0,6.0,7.0,0.9972208,0.0027791867,3
5,12,3.0,1.0,247.0,1.0,0.0,0.19,15.0,94.0,2.0,0.0,13.0,5.0,3.30841121495327,0.0,3.91588785046729,31.0,1.0,0.761467889908257,0.0,412.0,0.25,0.0,6.0,7.0,0.9977475,0.0022525105,4
5,13,3.0,1.0,247.0,2.0,0.0,0.19,15.0,94.0,2.0,0.0,13.0,5.0,3.30841121495327,0.0,3.91588785046729,31.0,1.0,0.761467889908257,0.0,412.0,0.25,0.0,6.0,7.0,0.9977685,0.002231476,5
5,14,3.0,1.0,247.0,1.0,0.0,0.19,0.0,94.0,2.0,0.0,13.0,5.0,3.30841121495327,0.0,3.91588785046729,31.0,1.0,0.761467889908257,0.0,0.0,0.25,0.0,6.0,7.0,0.999267,0.0007330372,4
5,15,3.0,1.0,0.0,1.0,0.0,0.19,0.0,94.0,2.0,0.0,60.0,5.0,3.30841121495327,0.0,3.91588785046729,0.0,1.0,0.761467889908257,0.0,0.0,0.25,0.0,6.0,7.0,0.91767,0.08233002,1
5,16,3.0,1.0,0.0,1.0,0.0,0.19,0.0,94.0,2.0,0.0,60.0,5.0,3.30841121495327,0.0,3.91588785046729,31.0,1.0,0.761467889908257,0.0,0.0,0.25,0.0,6.0,7.0,0.9862655,0.013734547,2
5,17,3.0,1.0,0.0,1.0,0.0,0.19,0.0,94.0,2.0,0.0,60.0,5.0,3.30841121495327,20.0,3.91588785046729,31.0,1.0,0.761467889908257,0.0,0.0,0.25,0.0,6.0,7.0,0.9956228,0.004377211,3
5,18,3.0,1.0,0.0,1.0,0.0,0.19,0.0,94.0,2.0,0.0,60.0,5.0,3.30841121495327,20.0,4.3,31.0,1.0,0.761467889908257,0.0,0.0,0.25,0.0,6.0,7.0,0.9956568,0.0043432214,4
5,19,3.0,1.0,0.0,0.0,0.0,0.19,0.0,94.0,2.0,0.0,13.0,5.0,2.0,0.0,3.91588785046729,0.0,1.0,0.761467889908257,0.0,0.0,0.25,0.0,6.0,7.0,0.9988342,0.0011657842,4
1485,0,0.0,1.0,13.0,6.0,0.0,1.21,0.0,91.0,2.0,0.0,8.0,1.0,4.4,0.0,3.125,1.0,1.0,0.684210526315789,0.0,118.0,0.733333333333333,0.0,1.0,2.0,0.6998163,0.3001837,1
1485,1,0.0,1.0,13.0,6.0,0.0,1.21,0.0,91.0,2.0,0.0,8.0,1.0,3.1,0.0,3.125,1.0,1.0,0.684210526315789,0.0,118.0,0.0,0.0,1.0,2.0,0.9757739,0.024226135,2
1485,2,0.0,1.0,13.0,6.0,0.0,1.21,0.0,91.0,2.0,0.0,8.0,1.0,6.5625,0.0,3.125,1.0,1.0,0.684210526315789,0.0,18.0,0.733333333333333,0.0,1.0,2.0,0.6137558,0.38624415,1
1485,3,0.0,1.0,13.0,6.0,0.0,1.21,0.0,91.0,2.0,0.0,8.0,1.0,3.1,20.0,3.125,1.0,1.0,0.684210526315789,0.0,0.0,0.0,0.0,1.0,2.0,0.9966176,0.0033823748,4
1485,4,0.0,1.0,0.0,6.0,0.0,1.21,0.0,91.0,2.0,0.0,8.0,1.0,3.1,20.0,3.125,1.0,1.0,0.684210526315789,0.0,0.0,0.0,0.0,1.0,2.0,0.99855834,0.0014416772,5
1485,5,0.0,1.0,0.0,6.0,0.0,1.21,0.0,91.0,2.0,0.0,8.0,1.0,6.8,20.0,3.125,1.0,1.0,0.684210526315789,0.0,0.0,0.0,0.0,1.0,2.0,0.9994369,0.0005630667,5
1485,6,0.0,1.0,0.0,6.0,0.0,1.21,0.0,91.0,2.0,0.0,8.0,1.0,6.8,20.0,3.125,1.0,1.0,0.684210526315789,0.0,0.0,1.0,0.0,1.0,2.0,0.9996436,0.00035640143,5
1485,7,0.0,1.0,13.0,6.0,0.0,1.21,0.0,91.0,2.0,0.0,8.0,1.0,6.5625,0.0,3.125,1.0,1.0,0.684210526315789,0.0,118.0,1.0,0.0,1.0,2.0,0.7595112,0.24048883,1
1485,8,0.0,1.0,13.0,6.0,0.0,1.21,0.0,91.0,2.0,0.0,8.0,1.0,6.5625,0.0,3.125,1.0,1.0,0.684210526315789,0.0,0.0,0.0,0.0,1.0,2.0,0.983392,0.016607976,2
1485,9,0.0,1.0,13.0,6.0,0.0,1.21,0.0,91.0,2.0,0.0,8.0,1.0,6.5625,0.0,3.125,1.0,1.0,0.684210526315789,0.0,0.0,0.0,0.0,1.0,0.0,0.99580854,0.004191437,3
1485,10,0.0,1.0,13.0,6.0,0.0,1.21,0.0,91.0,2.0,0.0,8.0,1.0,6.5625,0.0,3.125,31.0,1.0,0.684210526315789,0.0,0.0,0.0,0.0,1.0,0.0,0.99844766,0.0015523244,4
1485,11,0.0,1.0,13.0,6.0,0.0,1.21,0.0,91.0,2.0,45.0,8.0,1.0,6.5625,0.0,3.125,31.0,1.0,0.684210526315789,0.0,0.0,0.0,0.0,1.0,0.0,0.9989839,0.0010160552,5
1485,12,0.0,1.0,13.0,6.0,0.0,1.21,0.0,91.0,2.0,45.0,8.0,1.0,6.5625,0.0,3.125,31.0,1.0,0.684210526315789,0.0,0.0,1.0,0.0,1.0,0.0,0.999086,0.00091395166,5
1485,13,0.0,1.0,13.0,6.0,0.0,0.0,0.0,91.0,2.0,0.0,8.0,1.0,3.1,0.0,3.125,1.0,1.0,0.684210526315789,0.0,118.0,0.733333333333333,0.0,1.0,2.0,0.9605437,0.039456327,2
1485,14,0.0,1.0,13.0,6.0,0.0,1.21,0.0,91.0,2.0,0.0,8.0,1.0,6.5625,2.0,3.125,1.0,1.0,0.684210526315789,0.0,118.0,0.733333333333333,0.0,1.0,2.0,0.5755069,0.4244931,1
1485,15,0.0,1.0,13.0,6.0,2.0,0.0,0.0,91.0,2.0,0.0,8.0,1.0,3.1,20.0,3.125,1.0,1.0,0.684210526315789,0.0,118.0,0.733333333333333,0.0,1.0,2.0,0.9918429,0.008157082,4
1485,16,0.0,1.0,13.0,6.0,2.0,0.0,0.0,91.0,2.0,0.0,8.0,1.0,3.1,20.0,0.0,1.0,1.0,0.684210526315789,0.0,118.0,0.733333333333333,0.0,1.0,2.0,0.99414915,0.005850881,5
1485,17,0.0,1.0,13.0,6.0,2.0,0.0,0.0,91.0,2.0,0.0,8.0,1.0,3.7,20.0,0.0,1.0,1.0,0.684210526315789,0.0,118.0,0.733333333333333,0.0,1.0,2.0,0.99415946,0.0058405697,5
1485,18,0.0,1.0,13.0,6.0,0.0,1.21,0.0,91.0,2.0,0.0,8.0,5.0,6.5625,0.0,3.125,1.0,1.0,0.684210526315789,0.0,0.0,0.0,0.0,1.0,2.0,0.9976859,0.0023141121,3
1485,19,0.0,1.0,13.0,6.0,0.0,1.21,0.0,91.0,2.0,0.0,8.0,5.0,6.5625,0.0,3.125,1.0,1.0,0.684210526315789,0.0,0.0,0.0,0.0,1.0,0.0,0.99942225,0.00057774555,4
589,0,7.0,1.0,6.0,0.0,9.0,0.08,0.0,89.0,1.0,2.0,13.0,2.0,6.24675324675325,0.0,6.8961038961039,1.0,0.0,1.34146341463415,0.0,19.0,0.5,0.0,2.0,3.0,0.8899439,0.11005608,1
589,1,7.0,1.0,6.0,0.0,9.0,0.08,0.0,89.0,1.0,2.0,13.0,2.0,6.24675324675325,0.0,6.8961038961039,1.0,0.0,1.34146341463415,0.0,19.0,0.0,0.0,2.0,3.0,0.98912233,0.010877643,2
589,2,7.0,8.0,6.0,0.0,9.0,0.08,0.0,89.0,1.0,2.0,13.0,2.0,6.24675324675325,0.0,6.8961038961039,1.0,0.0,1.34146341463415,0.0,19.0,0.0,0.0,2.0,3.0,0.9966088,0.0033912286,3
589,3,7.0,8.0,6.0,0.0,9.0,0.08,0.0,89.0,1.0,2.0,13.0,2.0,6.24675324675325,0.0,6.8961038961039,1.0,0.0,1.34146341463415,0.0,0.0,0.0,0.0,2.0,3.0,0.99849504,0.0015049401,4
589,4,7.0,8.0,1.0,0.0,9.0,0.08,0.0,89.0,1.0,2.0,13.0,2.0,6.24675324675325,0.0,6.8961038961039,1.0,0.0,1.34146341463415,0.0,0.0,0.0,0.0,2.0,3.0,0.9987909,0.0012090949,5
589,5,7.0,1.0,6.0,0.0,9.0,0.08,0.0,89.0,1.0,2.0,13.0,2.0,4.4,0.0,6.8961038961039,1.0,0.0,1.34146341463415,0.0,19.0,0.0,0.0,2.0,3.0,0.99739945,0.002600578,3
589,6,7.0,8.0,6.0,0.0,9.0,0.08,0.0,89.0,1.0,2.0,13.0,2.0,4.4,0.0,6.8961038961039,1.0,0.0,1.34146341463415,0.0,19.0,0.0,0.0,2.0,3.0,0.9991939,0.0008061159,4
589,7,7.0,8.0,6.0,0.0,9.0,0.08,0.0,89.0,1.0,2.0,13.0,2.0,4.4,1.0,6.8961038961039,1.0,0.0,1.34146341463415,0.0,19.0,0.0,0.0,2.0,3.0,0.99936646,0.0006335413,5
589,8,7.0,8.0,6.0,0.0,9.0,0.08,0.0,89.0,1.0,45.0,13.0,2.0,6.24675324675325,0.0,6.8961038961039,1.0,0.0,1.34146341463415,0.0,0.0,0.0,0.0,2.0,3.0,0.99874765,0.0012523338,5
589,9,0.0,1.0,6.0,0.0,9.0,0.08,0.0,89.0,1.0,2.0,13.0,2.0,6.24675324675325,0.0,6.8961038961039,1.0,0.0,1.34146341463415,0.0,19.0,0.0,0.0,2.0,3.0,0.9989892,0.0010107461,3
589,10,0.0,1.0,6.0,0.0,9.0,0.08,0.0,89.0,1.0,2.0,13.0,2.0,6.24675324675325,0.0,6.8961038961039,1.0,0.0,1.34146341463415,0.0,0.0,0.0,0.0,2.0,3.0,0.9995568,0.00044321254,4
589,11,0.0,1.0,6.0,0.0,9.0,0.08,0.0,89.0,1.0,2.0,13.0,2.0,6.24675324675325,0.0,6.8961038961039,1.0,0.0,0.7,0.0,0.0,0.0,0.0,2.0,3.0,0.99960005,0.0003999315,5
589,12,7.0,1.0,6.0,0.0,9.0,0.08,0.0,89.0,1.0,2.0,13.0,2.0,6.24675324675325,0.0,6.8961038961039,1.0,0.0,1.34146341463415,0.0,0.0,0.0,0.0,2.0,3.0,0.99533594,0.004664073,3
589,13,7.0,1.0,6.0,0.0,9.0,0.08,0.0,89.0,2.0,2.0,13.0,2.0,6.24675324675325,0.0,6.8961038961039,1.0,0.0,1.34146341463415,0.0,0.0,0.0,0.0,2.0,3.0,0.9969747,0.0030252899,4
589,14,7.0,1.0,6.0,0.0,9.0,0.08,0.0,89.0,2.0,2.0,13.0,5.0,6.24675324675325,0.0,6.8961038961039,1.0,0.0,1.34146341463415,0.0,0.0,0.0,0.0,2.0,3.0,0.99705714,0.002942866,5
589,15,0.0,1.0,6.0,0.0,9.0,0.08,15.0,89.0,1.0,2.0,13.0,2.0,6.24675324675325,0.0,6.8961038961039,1.0,0.0,1.34146341463415,0.0,19.0,0.0,0.0,2.0,3.0,0.99956477,0.00043524476,4
589,16,0.0,1.0,6.0,0.0,9.0,0.08,15.0,89.0,1.0,2.0,13.0,2.0,6.24675324675325,1.0,6.8961038961039,1.0,0.0,1.34146341463415,0.0,19.0,0.0,0.0,2.0,3.0,0.99957895,0.00042103892,5
589,17,7.0,1.0,6.0,0.0,9.0,0.08,0.0,89.0,1.0,2.0,13.0,2.0,4.4,0.0,0.0,1.0,0.0,1.34146341463415,0.0,19.0,0.0,0.0,2.0,3.0,0.9988182,0.0011817822,4
589,18,7.0,1.0,6.0,0.0,9.0,0.08,0.0,89.0,1.0,2.0,13.0,2.0,4.4,1.0,0.0,1.0,0.0,1.34146341463415,0.0,19.0,0.0,0.0,2.0,3.0,0.9990607,0.0009393177,5
589,19,0.0,1.0,1.0,0.0,9.0,0.08,0.0,89.0,1.0,2.0,13.0,2.0,6.24675324675325,0.0,6.8961038961039,1.0,0.0,1.34146341463415,0.0,19.0,0.0,0.0,2.0,3.0,0.9993469,0.0006530897,4
640,0,0.0,1.0,21.0,4.0,0.0,0.51,0.0,90.0,1.0,1.0,9.0,2.0,6.0,2.0,5.0,1.0,1.0,0.894736842105263,0.0,36.0,0.25,0.0,2.0,5.0,0.7322362,0.2677638,1
640,1,12.0,1.0,21.0,4.0,0.0,0.51,0.0,90.0,1.0,1.0,9.0,2.0,6.0,2.0,5.0,1.0,1.0,0.894736842105263,0.0,0.0,0.25,0.0,2.0,5.0,0.68020093,0.31979904,1
640,2,0.0,1.0,1.0,4.0,0.0,0.51,0.0,90.0,1.0,1.0,9.0,2.0,6.0,2.0,5.0,1.0,1.0,0.894736842105263,0.0,0.0,0.25,0.0,2.0,5.0,0.9963643,0.0036357015,3
640,3,0.0,1.0,1.0,4.0,0.0,0.51,0.0,90.0,1.0,1.0,9.0,2.0,6.0,2.0,5.0,1.0,1.0,0.894736842105263,0.0,0.0,1.0,0.0,2.0,5.0,0.998736,0.0012639632,4
640,4,0.0,1.0,1.0,4.0,0.0,0.51,0.0,90.0,1.0,1.0,9.0,2.0,6.8,2.0,5.0,1.0,1.0,0.894736842105263,0.0,0.0,1.0,0.0,2.0,5.0,0.99879545,0.0012045675,5
640,5,12.0,1.0,21.0,4.0,0.0,0.51,0.0,90.0,1.0,1.0,9.0,2.0,6.0,2.0,5.0,1.0,1.0,0.894736842105263,0.0,0.0,0.0,0.0,2.0,5.0,0.94627196,0.053728018,2
640,6,12.0,1.0,1.0,4.0,0.0,0.51,0.0,90.0,1.0,1.0,9.0,2.0,6.0,2.0,5.0,1.0,1.0,0.894736842105263,0.0,0.0,0.0,0.0,2.0,5.0,0.98178613,0.018213896,3
640,7,12.0,1.0,1.0,4.0,0.0,0.51,15.0,90.0,1.0,1.0,9.0,2.0,6.0,2.0,5.0,1.0,1.0,0.894736842105263,0.0,0.0,0.0,0.0,2.0,5.0,0.98977363,0.010226381,4
640,8,12.0,1.0,1.0,4.0,0.0,0.51,15.0,90.0,1.0,45.0,9.0,2.0,6.0,2.0,5.0,1.0,1.0,0.894736842105263,0.0,0.0,0.0,0.0,2.0,5.0,0.9914028,0.008597178,5
640,9,0.0,1.0,21.0,4.0,0.0,0.51,0.0,90.0,1.0,1.0,9.0,2.0,3.1,2.0,5.0,1.0,1.0,0.894736842105263,0.0,36.0,0.25,0.0,2.0,5.0,0.96246374,0.037536275,2
640,10,0.0,1.0,21.0,4.0,0.0,0.51,15.0,90.0,1.0,1.0,9.0,2.0,3.1,2.0,5.0,1.0,1.0,0.894736842105263,0.0,36.0,0.25,0.0,2.0,5.0,0.991065,0.008934964,3
640,11,0.0,1.0,21.0,4.0,0.0,0.0,15.0,90.0,1.0,1.0,9.0,2.0,3.1,2.0,5.0,1.0,1.0,0.894736842105263,0.0,36.0,0.25,0.0,2.0,5.0,0.99663925,0.0033607553,4
640,12,12.0,1.0,21.0,4.0,0.0,0.51,15.0,90.0,1.0,1.0,9.0,2.0,6.0,2.0,5.0,2.0,1.0,0.894736842105263,0.0,36.0,0.25,0.0,2.0,5.0,0.62894297,0.371057,2
640,13,12.0,1.0,1.0,4.0,0.0,0.51,0.0,90.0,1.0,1.0,9.0,2.0,6.0,2.0,5.0,1.0,1.0,0.894736842105263,0.0,36.0,0.25,0.0,2.0,5.0,0.57682997,0.42317003,1
640,14,0.0,1.0,1.0,4.0,0.0,0.51,15.0,90.0,1.0,1.0,9.0,2.0,6.0,2.0,5.0,1.0,1.0,0.894736842105263,0.0,36.0,0.25,0.0,2.0,5.0,0.99127054,0.008729484,3
640,15,0.0,1.0,1.0,4.0,0.0,0.51,15.0,90.0,1.0,1.0,9.0,2.0,6.0,2.0,5.0,1.0,1.0,0.894736842105263,0.0,36.0,0.0,0.0,2.0,5.0,0.99657303,0.0034269942,4
640,16,0.0,1.0,1.0,4.0,0.0,0.51,15.0,90.0,1.0,1.0,9.0,2.0,6.0,2.0,1.0,1.0,1.0,0.894736842105263,0.0,36.0,0.0,0.0,2.0,5.0,0.9967403,0.003259711,5
640,17,12.0,1.0,21.0,4.0,0.0,0.51,0.0,90.0,1.0,1.0,9.0,2.0,6.0,2.0,5.0,31.0,1.0,0.894736842105263,0.0,0.0,0.0,0.0,2.0,5.0,0.9862617,0.013738282,3
640,18,12.0,2.0,21.0,4.0,0.0,0.51,0.0,90.0,1.0,1.0,9.0,2.0,6.0,2.0,5.0,31.0,1.0,0.894736842105263,0.0,0.0,0.0,0.0,2.0,5.0,0.99333817,0.006661815,4
647,0,43.0,2.0,4.0,2.0,2.0,0.28,0.0,100.0,3.0,3.0,13.0,2.0,4.91414141414141,0.0,5.59090909090909,0.0,0.0,0.858447488584475,0.0,254.0,0.333333333333333,0.0,4.0,9.0,0.76772326,0.23227675,1
647,1,43.0,2.0,4.0,2.0,2.0,0.28,0.0,100.0,3.0,3.0,13.0,2.0,4.91414141414141,0.0,5.59090909090909,0.0,0.0,0.858447488584475,0.0,254.0,0.0,0.0,4.0,9.0,0.9684676,0.03153239,2
647,2,43.0,2.0,4.0,2.0,2.0,0.28,0.0,100.0,3.0,3.0,56.0,2.0,4.91414141414141,0.0,5.59090909090909,0.0,0.0,0.858447488584475,0.0,0.0,0.333333333333333,0.0,4.0,9.0,0.5443663,0.4556337,1
647,3,43.0,2.0,4.0,2.0,2.0,0.28,0.0,100.0,3.0,3.0,13.0,2.0,4.91414141414141,0.0,5.59090909090909,31.0,0.0,0.858447488584475,0.0,0.0,0.0,0.0,4.0,9.0,0.998085,0.0019149657,4
647,4,43.0,2.0,0.0,2.0,2.0,0.28,0.0,100.0,3.0,3.0,13.0,2.0,4.91414141414141,0.0,5.59090909090909,31.0,0.0,0.858447488584475,0.0,0.0,0.0,0.0,4.0,9.0,0.99886733,0.0011326635,5
647,5,43.0,2.0,4.0,2.0,2.0,0.28,0.0,100.0,3.0,3.0,13.0,2.0,4.91414141414141,0.0,5.59090909090909,0.0,0.0,0.858447488584475,0.0,0.0,0.333333333333333,0.0,4.0,9.0,0.9666835,0.0333165,2
647,6,43.0,2.0,4.0,0.0,2.0,0.28,0.0,100.0,3.0,3.0,13.0,2.0,4.91414141414141,0.0,5.59090909090909,0.0,0.0,0.858447488584475,0.0,0.0,0.333333333333333,0.0,4.0,9.0,0.9844688,0.015531212,3
647,7,43.0,2.0,0.0,0.0,2.0,0.28,0.0,100.0,3.0,3.0,13.0,2.0,4.91414141414141,0.0,5.59090909090909,0.0,0.0,0.858447488584475,0.0,0.0,0.333333333333333,0.0,4.0,9.0,0.9964263,0.003573737,4
647,8,43.0,2.0,0.0,0.0,2.0,0.28,0.0,100.0,3.0,3.0,13.0,2.0,4.91414141414141,20.0,5.59090909090909,0.0,0.0,0.858447488584475,0.0,0.0,0.333333333333333,0.0,4.0,9.0,0.9965991,0.0034009214,5
647,9,43.0,2.0,4.0,2.0,2.0,0.28,0.0,100.0,3.0,3.0,13.0,2.0,4.91414141414141,0.0,5.59090909090909,31.0,0.0,0.858447488584475,0.0,0.0,0.333333333333333,0.0,4.0,9.0,0.98581475,0.014185269,3
647,10,43.0,2.0,4.0,2.0,2.0,0.28,0.0,100.0,3.0,3.0,13.0,2.0,4.4,0.0,5.59090909090909,31.0,0.0,0.858447488584475,0.0,0.0,0.333333333333333,0.0,4.0,9.0,0.9896557,0.010344323,4
647,11,43.0,2.0,4.0,2.0,2.0,0.0,0.0,100.0,3.0,3.0,13.0,2.0,4.91414141414141,0.0,5.59090909090909,31.0,0.0,0.858447488584475,0.0,0.0,0.333333333333333,0.0,4.0,9.0,0.9901387,0.009861276,4
647,12,43.0,2.0,4.0,2.0,2.0,0.0,0.0,100.0,3.0,3.0,13.0,2.0,4.4,0.0,5.59090909090909,31.0,0.0,0.858447488584475,0.0,0.0,0.333333333333333,0.0,4.0,9.0,0.9928174,0.0071826093,5
647,13,43.0,2.0,4.0,2.0,2.0,0.0,0.0,100.0,3.0,3.0,13.0,2.0,4.4,0.0,5.59090909090909,31.0,0.0,0.858447488584475,0.0,18.0,0.333333333333333,0.0,4.0,9.0,0.99553347,0.0044665374,5
647,14,43.0,2.0,4.0,2.0,2.0,0.0,0.0,100.0,3.0,3.0,13.0,2.0,2.0,0.0,5.59090909090909,31.0,0.0,0.858447488584475,0.0,18.0,0.333333333333333,0.0,4.0,9.0,0.99687546,0.0031245395,5
647,15,43.0,2.0,4.0,2.0,2.0,0.28,0.0,100.0,3.0,3.0,13.0,2.0,4.91414141414141,0.0,2.0,0.0,0.0,0.858447488584475,0.0,0.0,0.333333333333333,0.0,4.0,9.0,0.9890234,0.0109766,3
647,16,43.0,2.0,4.0,2.0,2.0,0.28,0.0,100.0,3.0,3.0,0.0,2.0,4.91414141414141,0.0,2.0,0.0,0.0,0.858447488584475,0.0,0.0,0.333333333333333,0.0,4.0,9.0,0.9917849,0.00821513,3
647,17,43.0,2.0,4.0,2.0,2.0,0.28,0.0,100.0,3.0,3.0,0.0,2.0,4.4,0.0,2.0,0.0,0.0,0.858447488584475,0.0,0.0,0.333333333333333,0.0,4.0,9.0,0.99428356,0.0057164617,4
647,18,0.0,2.0,4.0,2.0,2.0,0.28,0.0,100.0,3.0,3.0,13.0,2.0,4.91414141414141,0.0,5.59090909090909,0.0,0.0,0.858447488584475,0.0,0.0,0.0,0.0,4.0,9.0,0.9992979,0.0007021075,4
647,19,0.0,2.0,4.0,2.0,2.0,0.28,0.0,100.0,3.0,3.0,13.0,2.0,3.1,0.0,5.59090909090909,0.0,0.0,0.858447488584475,0.0,0.0,0.0,0.0,4.0,9.0,0.99944204,0.0005579314,5
1498,0,3.0,2.0,0.0,5.0,3.0,0.45,0.0,74.0,1.0,3.0,11.0,2.0,4.66666666666667,1.0,5.5,1.0,1.0,1.05263157894737,0.0,16.0,0.333333333333333,0.0,1.0,3.0,0.70973325,0.29026672,1
1498,1,3.0,2.0,0.0,5.0,3.0,0.45,0.0,74.0,1.0,3.0,11.0,2.0,4.66666666666667,1.0,1.0,1.0,1.0,0.7,0.0,16.0,0.333333333333333,0.0,1.0,3.0,0.97713614,0.022863885,2
1498,2,3.0,2.0,0.0,3.0,3.0,0.45,0.0,74.0,1.0,3.0,11.0,2.0,4.66666666666667,1.0,1.0,1.0,1.0,0.7,0.0,16.0,0.333333333333333,0.0,1.0,3.0,0.9933388,0.006661184,3
1498,3,3.0,2.0,0.0,3.0,3.0,0.45,0.0,74.0,1.0,3.0,11.0,2.0,4.66666666666667,1.0,1.0,1.0,1.0,0.7,0.0,16.0,0.0,0.0,1.0,3.0,0.9970928,0.0029072354,4
1498,4,3.0,2.0,0.0,5.0,3.0,0.45,1.0,74.0,1.0,3.0,11.0,2.0,4.66666666666667,1.0,4.26666666666667,1.0,1.0,1.05263157894737,0.0,16.0,0.333333333333333,0.0,1.0,3.0,0.5628722,0.43712786,1
1498,5,3.0,2.0,0.0,0.0,3.0,0.45,15.0,74.0,1.0,3.0,11.0,2.0,4.66666666666667,1.0,1.0,1.0,1.0,0.7,0.0,16.0,0.0,0.0,1.0,3.0,0.998142,0.0018580032,5
1498,6,3.0,2.0,0.0,0.0,3.0,0.45,15.0,74.0,1.0,3.0,11.0,2.0,4.66666666666667,1.0,1.0,1.0,1.0,0.7,0.0,16.0,1.0,0.0,1.0,3.0,0.99912363,0.00087638537,5
1498,7,3.0,2.0,0.0,4.0,3.0,0.45,0.0,74.0,1.0,3.0,11.0,2.0,4.66666666666667,1.0,4.26666666666667,1.0,1.0,1.05263157894737,0.0,16.0,0.333333333333333,0.0,1.0,3.0,0.5123067,0.4876933,1
1498,8,3.0,2.0,0.0,5.0,3.0,0.45,0.0,72.0,1.0,3.0,11.0,2.0,4.66666666666667,1.0,4.26666666666667,1.0,1.0,1.05263157894737,0.0,16.0,0.333333333333333,0.0,1.0,3.0,0.5213184,0.47868162,1
1498,9,3.0,2.0,0.0,0.0,3.0,0.45,0.0,87.0,1.0,3.0,11.0,2.0,4.66666666666667,1.0,4.26666666666667,1.0,1.0,0.7,0.0,16.0,0.333333333333333,0.0,1.0,3.0,0.9965337,0.0034663244,3
1498,10,3.0,2.0,0.0,5.0,3.0,0.45,0.0,74.0,1.0,3.0,11.0,2.0,4.66666666666667,1.0,4.26666666666667,1.0,1.0,1.05263157894737,0.0,2.0,0.333333333333333,0.0,1.0,3.0,0.7217127,0.2782873,1
1498,11,3.0,8.0,0.0,0.0,3.0,0.45,0.0,87.0,1.0,3.0,11.0,2.0,4.66666666666667,1.0,4.26666666666667,1.0,1.0,0.7,0.0,2.0,0.333333333333333,0.0,1.0,3.0,0.9992293,0.00077066215,5
1498,12,3.0,2.0,0.0,5.0,3.0,0.45,0.0,87.0,1.0,3.0,11.0,2.0,4.66666666666667,1.0,1.0,1.0,1.0,1.05263157894737,0.0,16.0,0.333333333333333,0.0,1.0,3.0,0.9690877,0.030912297,2
1498,13,3.0,2.0,0.0,5.0,3.0,0.45,15.0,87.0,1.0,3.0,11.0,2.0,4.66666666666667,1.0,1.0,1.0,1.0,1.05263157894737,0.0,16.0,0.333333333333333,0.0,1.0,3.0,0.983194,0.016806003,3
1498,14,3.0,2.0,0.0,5.0,3.0,0.45,15.0,87.0,1.0,3.0,11.0,2.0,2.0,1.0,1.0,1.0,1.0,1.05263157894737,0.0,16.0,0.333333333333333,0.0,1.0,3.0,0.9904155,0.009584511,4
1498,15,3.0,2.0,0.0,5.0,3.0,0.45,0.0,74.0,1.0,3.0,11.0,2.0,4.66666666666667,1.0,4.26666666666667,31.0,1.0,1.05263157894737,0.0,16.0,0.333333333333333,0.0,1.0,3.0,0.64559436,0.3544056,1
1498,16,3.0,2.0,0.0,5.0,3.0,0.45,0.0,74.0,1.0,45.0,11.0,2.0,4.66666666666667,1.0,4.26666666666667,1.0,1.0,1.05263157894737,0.0,16.0,0.333333333333333,0.0,1.0,3.0,0.70284367,0.29715633,1
1498,17,3.0,2.0,0.0,5.0,3.0,0.45,0.0,74.0,1.0,3.0,11.0,2.0,4.66666666666667,1.0,4.26666666666667,1.0,1.0,1.05263157894737,0.0,16.0,0.0,0.0,1.0,3.0,0.87554175,0.12445827,1
1498,18,3.0,2.0,0.0,5.0,3.0,0.45,15.0,74.0,1.0,3.0,11.0,2.0,4.66666666666667,1.0,4.26666666666667,1.0,1.0,1.05263157894737,0.0,16.0,0.0,0.0,1.0,3.0,0.9741094,0.02589058,2
1498,19,3.0,2.0,0.0,5.0,3.0,0.0,15.0,74.0,1.0,3.0,11.0,2.0,4.66666666666667,1.0,4.26666666666667,1.0,1.0,1.05263157894737,0.0,16.0,0.0,0.0,1.0,3.0,0.9932792,0.006720767,3
710,0,2.0,1.0,2.0,3.0,0.0,0.42,0.0,76.0,2.0,0.0,27.0,2.0,2.41666666666667,0.0,4.95833333333333,1.0,1.0,0.6,0.0,18.0,0.125,0.0,2.0,6.0,0.6745409,0.32545915,1
710,1,2.0,1.0,2.0,3.0,0.0,0.42,0.0,76.0,2.0,0.0,27.0,2.0,2.41666666666667,0.0,4.95833333333333,31.0,1.0,0.6,0.0,2.0,0.125,0.0,2.0,6.0,0.97810733,0.021892685,2
710,2,2.0,1.0,2.0,3.0,0.0,0.42,0.0,87.0,2.0,0.0,27.0,2.0,2.41666666666667,0.0,4.95833333333333,31.0,1.0,0.6,0.0,2.0,0.125,0.0,2.0,6.0,0.9936284,0.006371599,3
710,3,2.0,1.0,0.0,3.0,0.0,0.42,0.0,87.0,2.0,0.0,27.0,2.0,2.41666666666667,0.0,4.95833333333333,31.0,1.0,0.6,0.0,2.0,0.125,0.0,2.0,6.0,0.99741524,0.0025847466,4
710,4,2.0,1.0,0.0,3.0,0.0,0.42,0.0,87.0,2.0,0.0,27.0,2.0,2.41666666666667,0.0,4.95833333333333,31.0,1.0,0.6,0.0,0.0,0.125,0.0,2.0,6.0,0.99860686,0.0013931685,4
710,5,2.0,1.0,0.0,3.0,0.0,0.42,0.0,87.0,2.0,0.0,13.0,2.0,2.41666666666667,0.0,4.95833333333333,31.0,1.0,0.6,0.0,0.0,0.125,0.0,2.0,6.0,0.9988445,0.0011554847,5
710,6,2.0,1.0,0.0,3.0,0.0,0.42,0.0,76.0,2.0,0.0,27.0,2.0,2.41666666666667,0.0,4.95833333333333,31.0,1.0,0.6,0.0,2.0,0.125,0.0,2.0,6.0,0.9930274,0.0069726016,3
710,7,2.0,1.0,0.0,3.0,0.0,0.42,15.0,76.0,2.0,0.0,27.0,2.0,2.41666666666667,0.0,4.95833333333333,31.0,1.0,0.6,0.0,2.0,0.125,0.0,2.0,6.0,0.99715114,0.0028488394,4
710,8,2.0,1.0,0.0,3.0,0.0,0.42,15.0,76.0,2.0,0.0,27.0,2.0,6.8,0.0,4.95833333333333,31.0,1.0,0.6,0.0,2.0,0.125,0.0,2.0,6.0,0.9983948,0.0016052069,5
710,9,2.0,1.0,0.0,3.0,0.0,0.42,15.0,76.0,2.0,0.0,27.0,2.0,6.8,0.0,4.95833333333333,31.0,1.0,0.6,0.0,0.0,0.125,0.0,2.0,6.0,0.99877524,0.0012247693,5
710,10,2.0,1.0,0.0,3.0,0.0,0.42,15.0,76.0,2.0,0.0,27.0,2.0,5.2,0.0,4.95833333333333,31.0,1.0,0.6,0.0,0.0,0.125,0.0,2.0,6.0,0.9988739,0.0011261377,5
710,11,2.0,1.0,0.0,3.0,0.0,0.42,0.0,76.0,2.0,0.0,27.0,2.0,2.41666666666667,0.0,4.95833333333333,1.0,1.0,0.6,0.0,2.0,0.125,0.0,2.0,6.0,0.96836436,0.031635635,2
710,12,2.0,1.0,0.0,0.0,0.0,0.42,0.0,76.0,2.0,0.0,27.0,2.0,2.41666666666667,0.0,4.95833333333333,1.0,1.0,0.6,0.0,2.0,0.125,0.0,2.0,6.0,0.9955201,0.0044798725,3
710,13,2.0,1.0,0.0,0.0,0.0,0.42,0.0,87.0,2.0,0.0,27.0,2.0,2.41666666666667,0.0,4.95833333333333,1.0,1.0,0.6,0.0,2.0,0.125,0.0,2.0,6.0,0.9986288,0.0013711922,4
710,14,2.0,1.0,0.0,0.0,0.0,0.42,0.0,87.0,2.0,0.0,27.0,2.0,2.41666666666667,0.0,4.95833333333333,1.0,1.0,0.6,0.0,0.0,0.125,0.0,2.0,6.0,0.99922156,0.0007784205,4
710,15,2.0,1.0,0.0,0.0,0.0,0.42,0.0,87.0,2.0,45.0,27.0,2.0,2.41666666666667,0.0,4.95833333333333,1.0,1.0,0.6,0.0,0.0,0.125,0.0,2.0,6.0,0.99926174,0.0007382354,5
710,16,2.0,1.0,0.0,0.0,0.0,0.42,0.0,80.0,2.0,45.0,27.0,2.0,2.41666666666667,0.0,4.95833333333333,1.0,1.0,0.6,0.0,0.0,0.125,0.0,2.0,6.0,0.99928397,0.0007160113,5
710,17,2.0,1.0,0.0,3.0,0.0,0.42,0.0,87.0,2.0,0.0,27.0,2.0,2.41666666666667,0.0,4.3,31.0,1.0,0.6,0.0,0.0,0.125,0.0,2.0,6.0,0.9991031,0.0008968552,5
710,18,2.0,1.0,2.0,3.0,0.0,0.42,0.0,76.0,2.0,0.0,13.0,2.0,2.41666666666667,0.0,4.95833333333333,1.0,1.0,0.6,0.0,214.0,0.125,0.0,2.0,6.0,0.7914287,0.20857133,1
710,19,2.0,1.0,2.0,3.0,0.0,0.42,0.0,87.0,2.0,0.0,13.0,2.0,2.41666666666667,0.0,4.95833333333333,1.0,1.0,0.6,0.0,214.0,0.125,0.0,2.0,6.0,0.97216284,0.027837176,2
714,0,0.0,1.0,4.0,14.0,0.0,1.22,0.0,0.0,1.0,0.0,10.0,1.0,6.0,3.0,7.25,2.0,1.0,0.833333333333333,0.0,15.0,0.7,0.0,2.0,3.0,0.73160577,0.26839426,1
714,1,0.0,1.0,4.0,6.0,0.0,1.22,0.0,0.0,1.0,0.0,10.0,1.0,6.0,3.0,7.25,2.0,1.0,0.833333333333333,0.0,15.0,0.5,0.0,2.0,3.0,0.60000026,0.3999997,1
714,2,0.0,1.0,4.0,1.0,0.0,0.0,0.0,0.0,1.0,0.0,10.0,1.0,6.0,3.0,7.25,2.0,1.0,0.833333333333333,0.0,15.0,1.0,0.0,2.0,3.0,0.9937541,0.006245934,3
714,3,0.0,1.0,0.0,1.0,0.0,0.0,0.0,0.0,1.0,0.0,10.0,1.0,6.0,3.0,7.25,2.0,1.0,0.833333333333333,0.0,15.0,1.0,0.0,2.0,3.0,0.99612314,0.0038768398,4
714,4,0.0,1.0,0.0,0.0,0.0,0.0,0.0,0.0,1.0,0.0,10.0,1.0,6.0,3.0,7.25,2.0,1.0,0.833333333333333,0.0,15.0,1.0,0.0,2.0,3.0,0.99811983,0.0018801723,4
714,5,0.0,1.0,0.0,0.0,0.0,0.25,0.0,0.0,1.0,0.0,10.0,1.0,6.0,3.0,7.25,2.0,1.0,0.833333333333333,0.0,15.0,1.0,0.0,2.0,3.0,0.99876535,0.0012346426,4
714,6,0.0,1.0,4.0,14.0,0.0,1.22,0.0,0.0,1.0,0.0,10.0,1.0,6.0,3.0,3.4,2.0,1.0,0.833333333333333,0.0,15.0,0.5,0.0,2.0,3.0,0.5043342,0.4956658,1
714,7,0.0,1.0,4.0,14.0,0.0,1.22,0.0,0.0,1.0,0.0,10.0,1.0,6.0,3.0,7.25,2.0,1.0,0.833333333333333,0.0,2.0,0.5,0.0,2.0,3.0,0.58941066,0.4105893,1
714,8,0.0,1.0,4.0,14.0,0.0,1.22,0.0,0.0,1.0,0.0,10.0,1.0,6.0,3.0,1.0,2.0,1.0,0.833333333333333,0.0,0.0,0.5,0.0,2.0,0.0,0.99163806,0.00836194,3
714,9,0.0,1.0,4.0,14.0,0.0,0.56,0.0,0.0,1.0,0.0,10.0,1.0,6.0,3.0,1.0,2.0,1.0,0.833333333333333,0.0,0.0,0.5,0.0,2.0,0.0,0.996561,0.003439037,4
714,10,0.0,1.0,4.0,14.0,0.0,0.56,15.0,0.0,1.0,0.0,10.0,1.0,6.0,3.0,1.0,2.0,1.0,0.833333333333333,0.0,0.0,0.5,0.0,2.0,0.0,0.9979895,0.0020105469,5
714,11,0.0,1.0,4.0,14.0,0.0,0.56,15.0,0.0,1.0,0.0,10.0,1.0,6.0,3.0,2.0,2.0,1.0,0.833333333333333,0.0,0.0,0.5,0.0,2.0,0.0,0.99819815,0.0018018485,5
714,12,0.0,1.0,4.0,14.0,0.0,1.22,15.0,0.0,1.0,0.0,10.0,1.0,6.0,3.0,7.25,2.0,1.0,0.833333333333333,0.0,15.0,0.5,0.0,2.0,3.0,0.731762,0.268238,1
714,13,0.0,1.0,0.0,14.0,0.0,1.22,15.0,0.0,1.0,0.0,10.0,1.0,6.0,3.0,7.25,2.0,1.0,0.833333333333333,0.0,15.0,1.0,0.0,2.0,3.0,0.9843777,0.015622325,3
714,14,0.0,1.0,4.0,14.0,0.0,1.22,0.0,0.0,1.0,45.0,10.0,1.0,6.0,3.0,7.25,2.0,1.0,0.833333333333333,0.0,15.0,0.5,0.0,2.0,3.0,0.53809524,0.46190476,1
714,15,0.0,8.0,0.0,14.0,0.0,1.22,15.0,0.0,1.0,45.0,10.0,1.0,6.0,3.0,7.25,2.0,1.0,0.833333333333333,0.0,15.0,1.0,0.0,2.0,3.0,0.9946502,0.005349826,5
714,16,0.0,8.0,0.0,14.0,0.0,1.22,15.0,0.0,1.0,45.0,10.0,1.0,6.0,3.0,7.25,2.0,1.0,0.833333333333333,0.0,15.0,0.7,0.0,2.0,3.0,0.99592346,0.0040765116,5
714,17,0.0,1.0,4.0,14.0,0.0,1.22,0.0,0.0,1.0,0.0,10.0,1.0,6.0,3.0,7.25,2.0,1.0,0.833333333333333,0.0,0.0,1.0,0.0,2.0,3.0,0.9801593,0.019840699,2
714,18,0.0,1.0,0.0,14.0,0.0,1.22,0.0,0.0,1.0,0.0,10.0,1.0,6.0,3.0,7.25,2.0,1.0,0.833333333333333,0.0,0.0,1.0,0.0,2.0,3.0,0.99534106,0.0046589673,3
714,19,0.0,1.0,4.0,14.0,0.0,1.22,0.0,0.0,1.0,0.0,10.0,1.0,6.0,3.0,7.25,31.0,1.0,0.833333333333333,0.0,15.0,0.5,0.0,2.0,3.0,0.5859135,0.41408652,1
717,0,2.0,1.0,2.0,2.0,1.0,0.14,2.0,52.0,1.0,0.0,13.0,2.0,2.86440677966102,0.0,9.16949152542373,0.0,1.0,1.03076923076923,0.0,217.0,0.285714285714286,0.0,4.0,11.0,0.61655,0.38344997,1
717,1,2.0,1.0,2.0,2.0,1.0,0.14,2.0,52.0,1.0,0.0,13.0,2.0,2.86440677966102,0.0,9.16949152542373,0.0,1.0,1.03076923076923,0.0,217.0,0.0,0.0,4.0,11.0,0.9348323,0.06516774,2
717,2,2.0,1.0,2.0,2.0,1.0,0.14,2.0,52.0,1.0,0.0,13.0,2.0,2.86440677966102,0.0,9.16949152542373,0.0,1.0,0.7,0.0,217.0,0.0,0.0,4.0,11.0,0.97457254,0.02542746,3
717,3,2.0,1.0,2.0,2.0,1.0,0.14,2.0,52.0,1.0,0.0,13.0,2.0,2.86440677966102,0.0,9.16949152542373,31.0,1.0,0.7,0.0,217.0,0.0,0.0,4.0,11.0,0.9913218,0.008678189,4
717,4,2.0,1.0,2.0,2.0,1.0,0.14,2.0,52.0,1.0,0.0,13.0,2.0,2.86440677966102,0.0,9.16949152542373,31.0,1.0,0.7,0.0,69.0,0.0,0.0,4.0,11.0,0.99329597,0.0067040124,5
717,5,2.0,1.0,2.0,2.0,1.0,0.14,2.0,52.0,1.0,0.0,6.0,2.0,2.86440677966102,0.0,9.16949152542373,31.0,1.0,0.7,0.0,69.0,0.0,0.0,4.0,11.0,0.9941099,0.0058900914,5
717,6,2.0,1.0,2.0,2.0,1.0,0.14,2.0,52.0,1.0,0.0,6.0,2.0,2.86440677966102,0.0,9.16949152542373,0.0,1.0,1.03076923076923,0.0,0.0,0.285714285714286,0.0,4.0,11.0,0.5501243,0.44987574,2
717,7,2.0,1.0,2.0,2.0,1.0,0.14,2.0,52.0,1.0,0.0,6.0,2.0,2.86440677966102,0.0,9.16949152542373,31.0,1.0,0.5,0.0,0.0,0.0,0.0,4.0,11.0,0.99857163,0.0014283396,5
717,8,2.0,1.0,0.0,2.0,1.0,0.14,2.0,52.0,1.0,0.0,13.0,2.0,2.86440677966102,0.0,9.16949152542373,0.0,1.0,1.03076923076923,0.0,217.0,0.285714285714286,0.0,4.0,11.0,0.8281336,0.1718664,2
717,9,2.0,1.0,0.0,2.0,1.0,0.14,2.0,52.0,1.0,0.0,13.0,2.0,2.86440677966102,0.0,9.16949152542373,31.0,1.0,1.03076923076923,0.0,217.0,0.285714285714286,0.0,4.0,11.0,0.94139045,0.05860956,3
717,10,2.0,1.0,0.0,0.0,1.0,0.14,2.0,52.0,1.0,0.0,13.0,2.0,2.86440677966102,0.0,9.16949152542373,31.0,1.0,1.03076923076923,0.0,217.0,0.285714285714286,0.0,4.0,11.0,0.95737505,0.04262493,4
717,11,2.0,1.0,1.0,2.0,1.0,0.14,2.0,52.0,1.0,0.0,43.0,2.0,2.86440677966102,0.0,9.16949152542373,31.0,1.0,1.03076923076923,0.0,0.0,0.285714285714286,0.0,4.0,11.0,0.5505076,0.4494924,3
717,12,2.0,1.0,0.0,0.0,1.0,0.14,2.0,52.0,1.0,0.0,13.0,2.0,2.86440677966102,0.0,9.16949152542373,2.0,1.0,1.03076923076923,0.0,0.0,0.285714285714286,0.0,4.0,11.0,0.9748936,0.025106372,5
717,13,2.0,1.0,2.0,2.0,1.0,0.14,2.0,100.0,1.0,0.0,13.0,2.0,2.86440677966102,0.0,9.16949152542373,0.0,1.0,1.03076923076923,0.0,217.0,0.285714285714286,0.0,4.0,11.0,0.83705115,0.16294885,2
717,14,2.0,1.0,0.0,2.0,1.0,0.14,2.0,100.0,1.0,0.0,13.0,2.0,2.86440677966102,0.0,9.16949152542373,0.0,1.0,1.03076923076923,0.0,217.0,0.285714285714286,0.0,4.0,11.0,0.9447299,0.055270102,3
717,15,2.0,1.0,0.0,2.0,1.0,0.14,2.0,87.0,1.0,0.0,13.0,2.0,2.86440677966102,0.0,9.16949152542373,0.0,1.0,1.03076923076923,0.0,217.0,0.285714285714286,0.0,4.0,11.0,0.9499595,0.050040502,3
717,16,2.0,1.0,0.0,2.0,1.0,0.14,2.0,87.0,1.0,0.0,13.0,2.0,2.86440677966102,0.0,9.16949152542373,0.0,1.0,1.03076923076923,0.0,217.0,0.285714285714286,0.0,0.0,11.0,0.9516668,0.04833323,4
717,17,2.0,1.0,1.0,2.0,1.0,0.14,2.0,87.0,1.0,0.0,13.0,2.0,2.86440677966102,0.0,9.16949152542373,0.0,1.0,1.03076923076923,0.0,217.0,0.285714285714286,0.0,0.0,11.0,0.95552534,0.044474676,4
717,18,0.0,1.0,2.0,2.0,1.0,0.14,2.0,52.0,1.0,0.0,13.0,2.0,2.86440677966102,0.0,9.16949152542373,0.0,1.0,1.03076923076923,0.0,217.0,0.285714285714286,0.0,4.0,11.0,0.9536693,0.04633067,2
717,19,0.0,1.0,0.0,2.0,1.0,0.14,2.0,52.0,1.0,0.0,13.0,2.0,2.86440677966102,0.0,9.16949152542373,0.0,1.0,1.03076923076923,0.0,217.0,0.285714285714286,0.0,4.0,11.0,0.9833012,0.016698768,3
1510,0,0.0,1.0,2.0,5.0,0.0,0.6,0.0,72.0,1.0,0.0,10.0,1.0,2.0,1.0,5.33333333333333,1.0,1.0,1.8,0.0,24.0,0.333333333333333,0.0,2.0,1.0,0.6052134,0.3947866,1
1510,1,0.0,1.0,2.0,0.0,0.0,0.6,0.0,100.0,1.0,0.0,10.0,1.0,2.0,1.0,5.33333333333333,1.0,1.0,1.8,0.0,24.0,0.333333333333333,0.0,2.0,1.0,0.9920872,0.007912815,2
1510,2,0.0,1.0,2.0,0.0,0.0,0.6,0.0,100.0,1.0,0.0,10.0,1.0,2.0,1.0,5.33333333333333,1.0,1.0,1.8,0.0,24.0,1.0,0.0,2.0,1.0,0.9988347,0.0011653001,3
1510,3,0.0,1.0,2.0,0.0,0.0,0.6,0.0,100.0,1.0,0.0,10.0,1.0,3.1,1.0,5.33333333333333,1.0,1.0,1.8,0.0,24.0,1.0,0.0,2.0,1.0,0.99925745,0.0007425298,4
1510,4,0.0,1.0,2.0,0.0,0.0,0.6,0.0,87.0,1.0,0.0,10.0,1.0,3.1,1.0,5.33333333333333,1.0,1.0,1.8,0.0,24.0,1.0,0.0,2.0,1.0,0.9993788,0.0006211776,4
1510,5,0.0,1.0,2.0,0.0,0.0,0.6,15.0,87.0,1.0,0.0,10.0,1.0,3.1,1.0,5.33333333333333,1.0,1.0,1.8,0.0,24.0,1.0,0.0,2.0,1.0,0.9993945,0.00060554536,5
1510,6,0.0,1.0,2.0,5.0,0.0,0.6,0.0,55.0,1.0,0.0,10.0,1.0,2.0,1.0,5.33333333333333,1.0,1.0,1.8,0.0,24.0,0.0,0.0,2.0,1.0,0.85111934,0.14888068,1
1510,7,0.0,1.0,2.0,5.0,0.0,0.6,0.0,55.0,1.0,0.0,10.0,1.0,3.1,1.0,5.33333333333333,1.0,1.0,1.8,0.0,24.0,0.333333333333333,0.0,2.0,1.0,0.8616186,0.13838142,1
1510,8,0.0,1.0,2.0,5.0,0.0,0.6,0.0,55.0,1.0,0.0,10.0,2.0,2.0,1.0,5.33333333333333,1.0,1.0,1.8,0.0,24.0,0.333333333333333,0.0,2.0,1.0,0.6569606,0.3430394,1
1510,9,0.0,1.0,2.0,5.0,0.0,0.6,0.0,55.0,1.0,0.0,10.0,1.0,2.0,1.0,5.33333333333333,31.0,1.0,1.8,0.0,24.0,0.333333333333333,0.0,2.0,1.0,0.5722865,0.4277135,1
1510,10,0.0,1.0,2.0,5.0,0.0,0.6,0.0,100.0,1.0,0.0,10.0,5.0,2.0,1.0,5.33333333333333,1.0,1.0,1.8,0.0,24.0,0.333333333333333,0.0,2.0,1.0,0.9879838,0.01201619,2
1510,11,0.0,1.0,2.0,5.0,0.0,0.6,0.0,100.0,1.0,0.0,10.0,5.0,2.0,1.0,1.0,1.0,1.0,1.8,0.0,24.0,0.333333333333333,0.0,2.0,1.0,0.99790066,0.0020993394,3
1510,12,0.0,1.0,2.0,5.0,0.0,0.6,15.0,100.0,1.0,0.0,10.0,5.0,2.0,1.0,1.0,1.0,1.0,1.8,0.0,24.0,0.333333333333333,0.0,2.0,1.0,0.9989224,0.0010775765,4
1510,13,0.0,1.0,2.0,5.0,0.0,0.6,15.0,100.0,1.0,0.0,10.0,5.0,2.0,0.0,1.0,1.0,1.0,1.8,0.0,24.0,0.333333333333333,0.0,2.0,1.0,0.99931526,0.00068473234,5
1510,14,0.0,1.0,2.0,3.0,0.0,0.6,0.0,55.0,1.0,0.0,10.0,1.0,2.0,1.0,5.33333333333333,1.0,1.0,1.8,0.0,24.0,0.333333333333333,0.0,2.0,1.0,0.8072592,0.19274081,1
1510,15,0.0,1.0,2.0,0.0,0.0,0.6,0.0,55.0,1.0,0.0,10.0,1.0,3.1,1.0,5.33333333333333,1.0,1.0,1.8,0.0,24.0,0.333333333333333,0.0,2.0,1.0,0.9762724,0.023727609,2
1510,16,0.0,1.0,2.0,0.0,0.0,0.6,0.0,55.0,1.0,0.0,10.0,5.0,3.1,1.0,5.33333333333333,1.0,1.0,1.8,0.0,24.0,0.333333333333333,0.0,2.0,1.0,0.9930816,0.0069183754,3
1510,17,0.0,1.0,2.0,5.0,0.0,0.6,0.0,55.0,1.0,0.0,10.0,1.0,2.0,1.0,2.0,1.0,1.0,1.8,0.0,24.0,0.333333333333333,0.0,2.0,1.0,0.59297436,0.40702564,1
1510,18,0.0,1.0,2.0,5.0,0.0,0.6,15.0,55.0,1.0,0.0,10.0,1.0,2.0,1.0,5.33333333333333,1.0,1.0,1.8,0.0,24.0,0.333333333333333,0.0,2.0,1.0,0.75891674,0.2410833,1
1510,19,0.0,1.0,2.0,0.0,0.0,0.6,0.0,55.0,1.0,0.0,10.0,1.0,2.0,1.0,5.33333333333333,1.0,1.0,1.8,0.0,24.0,1.0,0.0,2.0,1.0,0.99368894,0.0063110595,2
719,0,1.0,1.0,2.0,4.0,0.0,0.16,5.0,73.0,1.0,1.0,13.0,2.0,5.09401709401709,0.0,10.7777777777778,0.0,1.0,0.524590163934426,0.0,150.0,0.375,0.0,4.0,9.0,0.7974945,0.20250551,1
719,1,1.0,1.0,2.0,4.0,0.0,0.16,5.0,73.0,1.0,1.0,6.0,2.0,5.09401709401709,0.0,10.7777777777778,0.0,1.0,0.524590163934426,0.0,150.0,0.0,0.0,4.0,9.0,0.9948145,0.00518551,2
719,2,1.0,1.0,2.0,4.0,0.0,0.16,5.0,73.0,1.0,1.0,6.0,2.0,2.0,0.0,10.7777777777778,0.0,1.0,0.524590163934426,0.0,150.0,0.0,0.0,4.0,9.0,0.99882066,0.0011793369,3
719,3,1.0,1.0,2.0,4.0,0.0,0.16,5.0,73.0,1.0,1.0,6.0,2.0,2.0,0.0,10.7777777777778,31.0,1.0,0.524590163934426,0.0,150.0,0.0,0.0,4.0,9.0,0.9990298,0.00097015814,4
719,4,1.0,1.0,2.0,4.0,0.0,0.16,5.0,73.0,1.0,1.0,6.0,2.0,2.0,0.0,10.7777777777778,31.0,1.0,0.524590163934426,0.0,2.0,0.0,0.0,4.0,9.0,0.9994038,0.00059623533,5
719,5,1.0,1.0,2.0,4.0,0.0,0.16,5.0,100.0,1.0,1.0,6.0,2.0,5.09401709401709,0.0,10.7777777777778,0.0,1.0,0.524590163934426,0.0,150.0,0.375,0.0,4.0,9.0,0.9782995,0.021700522,2
719,6,1.0,8.0,2.0,4.0,0.0,0.16,5.0,100.0,1.0,1.0,6.0,2.0,5.09401709401709,0.0,10.7777777777778,0.0,1.0,0.524590163934426,0.0,150.0,0.375,0.0,4.0,9.0,0.99535906,0.004640943,3
719,7,1.0,8.0,2.0,4.0,0.0,0.16,5.0,100.0,1.0,1.0,6.0,2.0,5.09401709401709,0.0,10.7777777777778,0.0,1.0,0.524590163934426,0.0,0.0,0.375,0.0,4.0,9.0,0.99704534,0.0029546674,4
719,8,1.0,8.0,2.0,4.0,0.0,0.16,5.0,100.0,1.0,1.0,6.0,2.0,5.09401709401709,0.0,10.7777777777778,31.0,1.0,0.524590163934426,0.0,0.0,0.375,0.0,4.0,9.0,0.9978261,0.0021739118,5
719,9,1.0,1.0,2.0,4.0,0.0,0.16,5.0,73.0,1.0,1.0,6.0,2.0,5.09401709401709,0.0,10.7777777777778,0.0,1.0,0.524590163934426,0.0,0.0,0.0,0.0,4.0,9.0,0.9986828,0.0013172213,3
719,10,1.0,1.0,2.0,0.0,0.0,0.16,5.0,73.0,1.0,1.0,6.0,2.0,5.09401709401709,0.0,10.7777777777778,0.0,1.0,0.524590163934426,0.0,0.0,0.0,0.0,4.0,9.0,0.9993767,0.0006232864,4
719,11,1.0,1.0,2.0,4.0,0.0,0.16,5.0,73.0,1.0,1.0,6.0,2.0,5.09401709401709,0.0,10.7777777777778,0.0,1.0,0.7,0.0,0.0,0.0,0.0,4.0,9.0,0.9988876,0.0011124001,4
719,12,1.0,1.0,2.0,0.0,0.0,0.16,5.0,73.0,1.0,1.0,6.0,2.0,5.09401709401709,0.0,10.7777777777778,0.0,1.0,0.524590163934426,0.0,0.0,0.0,0.0,0.0,9.0,0.9994848,0.00051520724,5
719,13,1.0,1.0,2.0,4.0,0.0,0.16,5.0,73.0,1.0,1.0,6.0,2.0,5.09401709401709,0.0,10.7777777777778,31.0,1.0,0.524590163934426,0.0,0.0,0.0,0.0,4.0,9.0,0.99908704,0.00091294595,4
719,14,1.0,1.0,2.0,4.0,0.0,0.16,5.0,73.0,1.0,1.0,6.0,2.0,2.0,0.0,10.7777777777778,0.0,1.0,0.7,0.0,150.0,0.0,0.0,4.0,9.0,0.99926776,0.0007322518,4
719,15,1.0,1.0,2.0,4.0,0.0,0.16,5.0,73.0,1.0,1.0,6.0,2.0,2.0,0.0,10.7777777777778,31.0,1.0,0.7,0.0,150.0,0.0,0.0,4.0,9.0,0.9993977,0.00060232455,5
719,16,1.0,1.0,0.0,4.0,0.0,0.16,5.0,73.0,1.0,1.0,6.0,2.0,5.09401709401709,0.0,10.7777777777778,0.0,1.0,0.524590163934426,0.0,0.0,0.0,0.0,4.0,9.0,0.99916685,0.0008331247,4
719,17,1.0,1.0,0.0,4.0,0.0,0.16,5.0,73.0,1.0,1.0,6.0,2.0,5.09401709401709,0.0,10.7777777777778,0.0,1.0,0.7,0.0,0.0,0.0,0.0,4.0,9.0,0.99929386,0.000706139,5
719,18,1.0,1.0,2.0,4.0,0.0,0.16,5.0,73.0,1.0,1.0,6.0,2.0,5.09401709401709,0.0,10.7777777777778,0.0,1.0,0.524590163934426,0.0,0.0,0.375,0.0,4.0,9.0,0.9704161,0.029583849,2
719,19,1.0,1.0,2.0,4.0,0.0,0.16,5.0,73.0,1.0,1.0,6.0,2.0,5.09401709401709,0.0,2.0,0.0,1.0,0.524590163934426,0.0,0.0,0.375,0.0,4.0,9.0,0.99173355,0.008266425,3
721,0,0.0,1.0,4.0,5.0,0.0,0.24,4.0,78.0,1.0,0.0,19.0,2.0,3.35294117647059,1.0,15.0,1.0,1.0,0.904761904761905,0.0,69.0,0.25,0.0,6.0,4.0,0.58014077,0.41985923,1
721,1,0.0,1.0,4.0,5.0,0.0,0.24,4.0,78.0,1.0,0.0,13.0,2.0,3.35294117647059,1.0,15.0,1.0,1.0,0.904761904761905,0.0,69.0,0.0,0.0,6.0,4.0,0.98151803,0.018481974,2
721,2,0.0,1.0,4.0,5.0,0.0,0.24,4.0,78.0,1.0,0.0,37.0,2.0,3.35294117647059,1.0,15.0,1.0,1.0,0.904761904761905,0.0,6.0,0.25,0.0,6.0,4.0,0.600101,0.399899,1
721,3,0.0,1.0,4.0,5.0,0.0,0.24,4.0,78.0,1.0,0.0,4.0,2.0,3.35294117647059,1.0,15.0,1.0,1.0,0.904761904761905,0.0,2.0,0.0,0.0,6.0,4.0,0.9986718,0.0013281957,3
721,4,0.0,1.0,4.0,5.0,0.0,0.24,4.0,78.0,1.0,0.0,4.0,2.0,3.35294117647059,1.0,15.0,31.0,1.0,0.904761904761905,0.0,2.0,0.0,0.0,6.0,4.0,0.99924403,0.0007559767,4
721,5,0.0,1.0,5.0,5.0,0.0,0.24,4.0,78.0,1.0,0.0,4.0,2.0,3.35294117647059,1.0,15.0,31.0,1.0,0.904761904761905,0.0,2.0,0.0,0.0,6.0,4.0,0.99929094,0.00070902787,5
721,6,0.0,1.0,4.0,5.0,0.0,0.24,4.0,78.0,1.0,45.0,4.0,2.0,3.35294117647059,1.0,15.0,1.0,1.0,0.904761904761905,0.0,2.0,0.0,0.0,6.0,4.0,0.9991386,0.0008614135,4
721,7,0.0,1.0,4.0,5.0,0.0,0.24,4.0,78.0,1.0,45.0,4.0,2.0,3.35294117647059,1.0,15.0,1.0,1.0,0.7,0.0,2.0,0.0,0.0,6.0,4.0,0.9993317,0.0006682713,5
721,8,0.0,1.0,4.0,5.0,0.0,0.24,4.0,78.0,1.0,45.0,6.0,2.0,3.35294117647059,1.0,15.0,1.0,1.0,0.7,0.0,2.0,0.0,0.0,6.0,4.0,0.99940705,0.0005929394,5
721,9,0.0,1.0,4.0,5.0,0.0,0.24,4.0,100.0,1.0,0.0,13.0,2.0,3.35294117647059,1.0,15.0,1.0,1.0,0.904761904761905,0.0,69.0,0.25,0.0,6.0,4.0,0.9821825,0.017817486,2
721,10,0.0,1.0,4.0,5.0,0.0,0.24,4.0,100.0,1.0,0.0,13.0,2.0,3.35294117647059,1.0,15.0,1.0,1.0,0.904761904761905,0.0,69.0,0.0,0.0,6.0,4.0,0.9966048,0.0033952082,3
721,11,0.0,1.0,0.0,5.0,0.0,0.24,4.0,100.0,1.0,0.0,13.0,2.0,3.35294117647059,1.0,15.0,1.0,1.0,0.904761904761905,0.0,69.0,0.0,0.0,6.0,4.0,0.9984025,0.0015975252,4
721,12,0.0,8.0,0.0,5.0,0.0,0.24,4.0,100.0,1.0,0.0,13.0,2.0,3.35294117647059,1.0,15.0,1.0,1.0,0.904761904761905,0.0,69.0,0.0,0.0,6.0,4.0,0.99875104,0.0012489775,5
721,13,0.0,8.0,0.0,5.0,0.0,0.24,4.0,100.0,1.0,0.0,6.0,2.0,3.35294117647059,1.0,15.0,1.0,1.0,0.904761904761905,0.0,69.0,0.0,0.0,6.0,4.0,0.9988295,0.0011705195,5
721,14,0.0,8.0,1.0,5.0,0.0,0.24,4.0,100.0,1.0,0.0,6.0,2.0,3.35294117647059,1.0,15.0,1.0,1.0,0.904761904761905,0.0,69.0,0.0,0.0,6.0,4.0,0.99896854,0.0010314712,5
721,15,0.0,1.0,4.0,5.0,0.0,0.24,4.0,78.0,1.0,0.0,13.0,2.0,3.35294117647059,1.0,1.0,1.0,1.0,0.904761904761905,0.0,69.0,0.25,0.0,6.0,4.0,0.98706305,0.012936922,2
721,16,0.0,1.0,4.0,5.0,0.0,0.24,4.0,78.0,1.0,0.0,13.0,2.0,3.35294117647059,1.0,1.0,1.0,1.0,0.904761904761905,0.0,69.0,0.0,0.0,6.0,4.0,0.9973217,0.0026782982,3
721,17,0.0,1.0,4.0,5.0,0.0,0.24,4.0,78.0,1.0,0.0,13.0,2.0,3.35294117647059,1.0,1.0,1.0,1.0,0.904761904761905,0.0,2.0,0.0,0.0,6.0,4.0,0.9993685,0.0006314968,4
721,18,0.0,1.0,4.0,5.0,0.0,0.24,4.0,78.0,1.0,0.0,1.0,2.0,3.35294117647059,1.0,1.0,1.0,1.0,0.904761904761905,0.0,2.0,0.0,0.0,6.0,4.0,0.9998167,0.00018330802,4
721,19,0.0,1.0,5.0,5.0,0.0,0.24,4.0,78.0,1.0,0.0,1.0,2.0,3.35294117647059,1.0,1.0,1.0,1.0,0.904761904761905,0.0,2.0,0.0,0.0,6.0,4.0,0.9998281,0.0001719179,5
1513,0,0.0,3.0,2.0,3.0,0.0,0.3,2.0,65.0,1.0,0.0,8.0,1.0,3.75,1.0,6.9,1.0,1.0,1.33333333333333,0.0,14.0,0.6,0.0,2.0,1.0,0.8338114,0.16618863,1
1513,1,0.0,3.0,2.0,3.0,0.0,0.3,2.0,65.0,1.0,0.0,8.0,1.0,3.75,1.0,1.0,1.0,1.0,1.33333333333333,0.0,14.0,0.0,0.0,2.0,1.0,0.9912534,0.008746629,2
1513,2,0.0,3.0,2.0,3.0,0.0,0.3,2.0,65.0,1.0,0.0,8.0,1.0,3.75,1.0,8.0,1.0,1.0,1.33333333333333,0.0,18.0,0.6,0.0,2.0,1.0,0.5041343,0.49586573,1
1513,3,0.0,3.0,2.0,3.0,0.0,0.0,2.0,65.0,1.0,0.0,8.0,1.0,3.75,1.0,1.0,1.0,1.0,1.33333333333333,0.0,69.0,0.0,0.0,2.0,1.0,0.997683,0.002316985,4
1513,4,0.0,3.0,2.0,3.0,0.0,0.0,2.0,65.0,1.0,0.0,8.0,1.0,3.75,1.0,1.0,1.0,1.0,1.33333333333333,0.0,20224.0,0.0,0.0,2.0,1.0,0.9978806,0.0021194397,4
1513,5,0.0,3.0,2.0,1.0,0.0,0.0,2.0,65.0,1.0,0.0,8.0,1.0,3.75,1.0,1.0,1.0,1.0,1.33333333333333,0.0,20224.0,0.0,0.0,2.0,1.0,0.9980305,0.00196949,5
1513,6,0.0,3.0,2.0,3.0,0.0,0.25,2.0,65.0,1.0,0.0,8.0,1.0,3.75,1.0,8.0,1.0,1.0,1.33333333333333,0.0,14.0,0.6,0.0,2.0,1.0,0.6290183,0.37098166,1
1513,7,0.0,3.0,2.0,3.0,0.0,0.3,2.0,65.0,1.0,0.0,8.0,1.0,3.75,1.0,8.0,2.0,1.0,1.33333333333333,0.0,14.0,0.6,0.0,2.0,1.0,0.5073147,0.49268532,1
1513,8,0.0,3.0,2.0,3.0,0.0,0.0,2.0,65.0,1.0,0.0,8.0,1.0,3.75,1.0,8.0,31.0,1.0,1.33333333333333,0.0,14.0,0.0,0.0,2.0,1.0,0.9915963,0.00840373,3
1513,9,0.0,3.0,2.0,3.0,0.0,0.0,2.0,65.0,1.0,0.0,13.0,1.0,3.75,1.0,8.0,31.0,1.0,1.33333333333333,0.0,14.0,0.0,0.0,2.0,1.0,0.9975556,0.0024443737,4
1513,10,0.0,3.0,2.0,1.0,0.0,0.0,2.0,65.0,1.0,0.0,13.0,1.0,3.75,1.0,8.0,31.0,1.0,1.33333333333333,0.0,14.0,0.0,0.0,2.0,1.0,0.99767756,0.0023224354,5
1513,11,0.0,3.0,2.0,3.0,0.0,0.3,2.0,65.0,1.0,0.0,8.0,5.0,3.75,1.0,1.0,1.0,1.0,1.33333333333333,0.0,14.0,0.6,0.0,2.0,1.0,0.9912481,0.0087519055,2
1513,12,0.0,3.0,2.0,3.0,0.0,0.3,2.0,65.0,1.0,0.0,8.0,5.0,3.75,1.0,1.0,1.0,1.0,1.33333333333333,0.0,0.0,0.6,0.0,2.0,1.0,0.99836725,0.0016327477,3
1513,13,0.0,3.0,2.0,3.0,0.0,0.3,2.0,65.0,1.0,45.0,8.0,1.0,3.75,1.0,8.0,1.0,1.0,1.33333333333333,0.0,14.0,0.6,0.0,2.0,1.0,0.63258797,0.36741203,1
1513,14,0.0,3.0,2.0,3.0,0.0,0.3,2.0,65.0,1.0,45.0,8.0,5.0,3.75,1.0,1.0,31.0,1.0,1.33333333333333,0.0,0.0,0.6,0.0,2.0,1.0,0.99933594,0.00066404056,5
1513,15,0.0,3.0,2.0,3.0,0.0,0.3,2.0,65.0,1.0,0.0,8.0,5.0,3.75,1.0,1.0,1.0,1.0,1.33333333333333,0.0,14.0,0.0,0.0,2.0,1.0,0.9970016,0.0029983858,3
1513,16,0.0,3.0,2.0,3.0,0.0,0.3,2.0,65.0,1.0,0.0,8.0,5.0,3.75,1.0,1.0,31.0,1.0,1.33333333333333,0.0,14.0,0.0,0.0,2.0,1.0,0.99719185,0.0028081362,4
1513,17,0.0,3.0,2.0,3.0,0.0,0.0,2.0,65.0,1.0,0.0,8.0,1.0,3.75,1.0,8.0,1.0,1.0,1.33333333333333,0.0,20224.0,0.6,0.0,2.0,1.0,0.9877435,0.012256499,2
1513,18,0.0,3.0,2.0,3.0,0.0,0.0,2.0,65.0,1.0,0.0,8.0,1.0,3.75,1.0,8.0,1.0,1.0,1.33333333333333,0.0,20224.0,0.0,0.0,2.0,1.0,0.99684256,0.003157419,3
1513,19,0.0,3.0,2.0,3.0,0.0,0.0,2.0,65.0,1.0,45.0,8.0,1.0,3.75,1.0,8.0,1.0,1.0,1.33333333333333,0.0,20224.0,0.0,0.0,2.0,1.0,0.9979197,0.00208034,4
726,0,0.0,1.0,3.0,3.0,0.0,0.22,2.0,68.0,1.0,0.0,13.0,2.0,5.1304347826087,1.0,9.73913043478261,1.0,1.0,0.615384615384615,0.0,37.0,0.5,0.0,4.0,4.0,0.6834797,0.31652027,1
726,1,0.0,1.0,3.0,3.0,0.0,0.22,2.0,68.0,1.0,0.0,0.0,2.0,5.1304347826087,1.0,9.73913043478261,1.0,1.0,0.615384615384615,0.0,37.0,1.0,0.0,4.0,4.0,0.9935815,0.006418553,2
726,2,0.0,1.0,3.0,3.0,0.0,0.22,2.0,68.0,1.0,0.0,0.0,2.0,5.1304347826087,1.0,9.73913043478261,31.0,1.0,0.615384615384615,0.0,37.0,1.0,0.0,4.0,4.0,0.99756616,0.0024338332,3
726,3,0.0,1.0,3.0,3.0,0.0,0.22,2.0,68.0,1.0,0.0,23.0,2.0,5.1304347826087,1.0,9.73913043478261,31.0,1.0,0.615384615384615,0.0,6.0,0.5,0.0,4.0,4.0,0.63746965,0.36253032,2
726,4,0.0,1.0,0.0,3.0,0.0,0.22,2.0,68.0,1.0,0.0,0.0,2.0,5.1304347826087,1.0,9.73913043478261,31.0,1.0,0.615384615384615,0.0,2.0,1.0,0.0,4.0,4.0,0.9992636,0.0007364415,5
726,5,0.0,1.0,0.0,3.0,0.0,0.22,2.0,68.0,1.0,0.0,6.0,2.0,5.1304347826087,1.0,9.73913043478261,31.0,1.0,0.615384615384615,0.0,2.0,1.0,0.0,4.0,4.0,0.9994468,0.0005531855,5
726,6,0.0,1.0,3.0,3.0,0.0,0.22,2.0,68.0,1.0,0.0,0.0,2.0,5.1304347826087,1.0,6.9,1.0,1.0,0.615384615384615,0.0,37.0,1.0,0.0,4.0,4.0,0.99660367,0.003396336,3
726,7,0.0,1.0,0.0,3.0,0.0,0.22,2.0,68.0,1.0,0.0,0.0,2.0,5.1304347826087,1.0,6.9,1.0,1.0,0.615384615384615,0.0,37.0,1.0,0.0,4.0,4.0,0.9980327,0.001967314,4
726,8,0.0,1.0,0.0,0.0,0.0,0.22,2.0,68.0,1.0,0.0,0.0,2.0,5.1304347826087,1.0,6.9,1.0,1.0,0.615384615384615,0.0,37.0,1.0,0.0,4.0,4.0,0.9990202,0.0009798052,5
726,9,0.0,1.0,0.0,0.0,0.0,0.22,2.0,68.0,1.0,0.0,13.0,2.0,5.1304347826087,1.0,6.9,1.0,1.0,0.615384615384615,0.0,37.0,1.0,0.0,4.0,4.0,0.9997093,0.00029066228,5
726,10,0.0,1.0,3.0,3.0,0.0,0.22,2.0,68.0,1.0,0.0,0.0,2.0,5.1304347826087,1.0,2.0,31.0,1.0,0.615384615384615,0.0,2.0,1.0,0.0,4.0,4.0,0.9995387,0.00046129644,5
726,11,0.0,1.0,3.0,3.0,0.0,0.22,2.0,68.0,1.0,0.0,0.0,2.0,5.1304347826087,1.0,2.0,31.0,1.0,0.615384615384615,0.0,2.0,0.0,0.0,4.0,4.0,0.99961543,0.00038454277,5
726,12,0.0,1.0,3.0,3.0,0.0,0.22,2.0,68.0,1.0,0.0,0.0,2.0,5.1304347826087,1.0,9.73913043478261,1.0,1.0,0.615384615384615,0.0,2.0,1.0,0.0,4.0,4.0,0.99647695,0.0035230801,3
726,13,0.0,1.0,3.0,3.0,0.0,0.22,2.0,50.0,1.0,0.0,0.0,2.0,5.1304347826087,1.0,9.73913043478261,1.0,1.0,0.615384615384615,0.0,2.0,1.0,0.0,4.0,4.0,0.9976074,0.0023925786,4
726,14,0.0,1.0,3.0,3.0,0.0,0.22,15.0,68.0,1.0,0.0,0.0,2.0,5.1304347826087,1.0,9.73913043478261,1.0,1.0,0.615384615384615,0.0,37.0,1.0,0.0,4.0,4.0,0.99655676,0.003443262,3
726,15,0.0,1.0,3.0,3.0,0.0,0.22,15.0,68.0,1.0,0.0,0.0,2.0,5.1304347826087,1.0,9.73913043478261,1.0,1.0,0.615384615384615,0.0,2.0,1.0,0.0,4.0,4.0,0.9982719,0.001728124,4
726,16,0.0,1.0,0.0,3.0,0.0,0.22,15.0,68.0,1.0,0.0,0.0,2.0,5.1304347826087,1.0,9.73913043478261,1.0,1.0,0.615384615384615,0.0,2.0,1.0,0.0,4.0,4.0,0.9991401,0.0008598963,5
726,17,0.0,1.0,0.0,3.0,0.0,0.22,15.0,68.0,1.0,0.0,6.0,2.0,5.1304347826087,1.0,9.73913043478261,1.0,1.0,0.615384615384615,0.0,2.0,1.0,0.0,4.0,4.0,0.99933773,0.0006622608,5
726,18,0.0,1.0,3.0,3.0,0.0,0.22,2.0,68.0,1.0,45.0,0.0,2.0,5.1304347826087,1.0,9.73913043478261,31.0,1.0,0.615384615384615,0.0,2.0,1.0,0.0,4.0,4.0,0.99947655,0.0005234318,5
726,19,0.0,1.0,3.0,3.0,0.0,0.22,2.0,68.0,1.0,0.0,0.0,2.0,5.1304347826087,1.0,6.9,1.0,1.0,0.615384615384615,0.0,2.0,1.0,0.0,4.0,4.0,0.99825466,0.0017453275,4
1516,0,0.0,1.0,2.0,1.0,0.0,0.2,1.0,70.0,1.0,0.0,13.0,1.0,4.41666666666667,1.0,8.58333333333333,1.0,1.0,0.857142857142857,0.0,158.0,0.75,0.0,1.0,1.0,0.98126334,0.01873665,1
1516,1,0.0,1.0,2.0,1.0,0.0,0.2,1.0,70.0,1.0,0.0,6.0,1.0,4.41666666666667,1.0,8.58333333333333,1.0,1.0,0.857142857142857,0.0,158.0,1.0,0.0,1.0,1.0,0.9990711,0.0009288936,2
1516,2,0.0,1.0,2.0,1.0,0.0,0.2,1.0,70.0,1.0,0.0,6.0,1.0,4.41666666666667,1.0,6.9,1.0,1.0,0.857142857142857,0.0,158.0,1.0,0.0,1.0,1.0,0.9998069,0.000193122,3
1516,3,0.0,1.0,1.0,1.0,0.0,0.2,1.0,70.0,1.0,0.0,6.0,1.0,4.41666666666667,1.0,6.9,1.0,1.0,0.857142857142857,0.0,158.0,1.0,0.0,1.0,1.0,0.9999392,6.0810555e-05,4
1516,4,0.0,1.0,2.0,1.0,0.0,0.2,1.0,70.0,1.0,0.0,17.0,1.0,4.41666666666667,1.0,8.58333333333333,2.0,1.0,0.857142857142857,0.0,158.0,0.75,0.0,1.0,1.0,0.51933944,0.4806606,1
1516,5,0.0,1.0,2.0,1.0,0.0,0.2,1.0,70.0,1.0,0.0,17.0,1.0,4.41666666666667,1.0,8.58333333333333,1.0,1.0,0.857142857142857,0.0,158.0,1.0,0.0,1.0,1.0,0.9730709,0.026929073,1
1516,6,0.0,1.0,2.0,1.0,0.0,0.2,1.0,70.0,1.0,0.0,17.0,1.0,4.41666666666667,1.0,8.58333333333333,31.0,1.0,0.857142857142857,0.0,158.0,1.0,0.0,1.0,1.0,0.9924158,0.0075842408,2
1516,7,0.0,1.0,2.0,1.0,0.0,0.2,1.0,70.0,1.0,0.0,17.0,1.0,4.41666666666667,1.0,8.58333333333333,31.0,1.0,0.7,0.0,158.0,1.0,0.0,1.0,1.0,0.9969777,0.0030223257,3
1516,8,0.0,1.0,1.0,1.0,0.0,0.2,1.0,70.0,1.0,0.0,17.0,1.0,4.41666666666667,1.0,8.58333333333333,31.0,1.0,0.7,0.0,158.0,1.0,0.0,1.0,1.0,0.99862546,0.0013745211,4
1516,9,0.0,1.0,1.0,1.0,0.0,0.2,1.0,70.0,1.0,0.0,17.0,1.0,4.41666666666667,1.0,8.58333333333333,31.0,1.0,0.5,0.0,158.0,1.0,0.0,1.0,1.0,0.99891704,0.0010829355,4
1516,10,0.0,1.0,1.0,1.0,0.0,0.2,1.0,87.0,1.0,0.0,17.0,1.0,4.41666666666667,1.0,8.58333333333333,31.0,1.0,0.5,0.0,158.0,1.0,0.0,1.0,1.0,0.99901295,0.0009870667,5
1516,11,0.0,1.0,2.0,1.0,0.0,0.2,1.0,70.0,1.0,0.0,6.0,1.0,4.41666666666667,1.0,6.9,1.0,1.0,0.857142857142857,0.0,158.0,0.75,0.0,1.0,1.0,0.9947242,0.005275773,2
1516,12,0.0,1.0,2.0,1.0,0.0,0.2,1.0,70.0,1.0,0.0,6.0,1.0,3.1,1.0,6.9,1.0,1.0,0.857142857142857,0.0,158.0,0.75,0.0,1.0,1.0,0.9982349,0.0017650897,3
1516,13,0.0,1.0,2.0,1.0,0.0,0.2,1.0,70.0,1.0,0.0,6.0,1.0,3.1,1.0,6.9,1.0,1.0,6.4,0.0,158.0,0.75,0.0,1.0,1.0,0.9991748,0.0008252481,4
1516,14,0.0,1.0,2.0,1.0,0.0,0.2,1.0,70.0,1.0,0.0,6.0,1.0,3.1,20.0,6.9,1.0,1.0,6.4,0.0,158.0,0.75,0.0,1.0,1.0,0.99926376,0.00073620747,5
1516,15,0.0,1.0,2.0,1.0,0.0,0.2,1.0,70.0,1.0,0.0,6.0,1.0,3.1,20.0,4.3,1.0,1.0,6.4,0.0,158.0,0.75,0.0,1.0,1.0,0.9994909,0.000509073,5
1516,16,0.0,1.0,2.0,1.0,0.0,0.2,1.0,70.0,1.0,0.0,3.0,1.0,3.1,20.0,4.3,1.0,1.0,6.4,0.0,158.0,0.75,0.0,1.0,1.0,0.99960524,0.0003947355,5
1516,17,0.0,1.0,1.0,1.0,0.0,0.2,1.0,70.0,1.0,0.0,6.0,1.0,4.41666666666667,1.0,8.58333333333333,1.0,1.0,0.857142857142857,0.0,158.0,0.75,0.0,1.0,1.0,0.9981912,0.0018088269,2
1516,18,0.0,1.0,1.0,1.0,0.0,0.2,1.0,70.0,1.0,0.0,6.0,1.0,4.41666666666667,1.0,8.58333333333333,31.0,1.0,0.857142857142857,0.0,158.0,0.75,0.0,1.0,1.0,0.9992374,0.00076255837,3
1516,19,0.0,1.0,1.0,1.0,0.0,0.2,1.0,70.0,1.0,0.0,6.0,1.0,4.41666666666667,1.0,8.58333333333333,31.0,1.0,0.7,0.0,158.0,0.75,0.0,1.0,1.0,0.99958,0.0004200019,4
1519,0,0.0,1.0,3.0,4.0,0.0,0.37,1.0,64.0,1.0,0.0,17.0,1.0,3.375,2.0,7.25,1.0,1.0,1.1,0.0,11.0,1.0,0.0,1.0,2.0,0.83586335,0.16413668,1
1519,1,0.0,1.0,3.0,0.0,0.0,0.37,1.0,64.0,1.0,0.0,17.0,1.0,3.375,2.0,7.25,1.0,1.0,1.1,0.0,11.0,0.666666666666667,0.0,1.0,2.0,0.56547356,0.4345264,1
1519,2,0.0,1.0,3.0,0.0,0.0,0.37,1.0,64.0,1.0,0.0,13.0,1.0,3.375,2.0,7.25,1.0,1.0,1.1,0.0,11.0,1.0,0.0,1.0,2.0,0.9979794,0.0020206028,3
1519,3,0.0,1.0,3.0,4.0,0.0,0.37,1.0,64.0,1.0,0.0,13.0,1.0,3.375,2.0,7.25,31.0,1.0,1.1,0.0,11.0,0.666666666666667,0.0,1.0,2.0,0.508014,0.49198598,2
1519,4,0.0,1.0,3.0,4.0,0.0,0.37,1.0,64.0,1.0,0.0,17.0,1.0,3.375,2.0,7.25,2.0,1.0,1.1,0.0,20224.0,0.666666666666667,0.0,1.0,2.0,0.5503248,0.4496752,2
1519,5,0.0,1.0,3.0,0.0,0.0,0.37,1.0,64.0,1.0,0.0,17.0,1.0,3.375,2.0,7.25,1.0,1.0,0.7,0.0,11.0,1.0,0.0,1.0,2.0,0.99791056,0.0020894303,3
1519,6,0.0,1.0,3.0,0.0,0.0,0.37,1.0,64.0,1.0,0.0,17.0,1.0,3.375,2.0,7.25,1.0,1.0,0.7,0.0,69.0,1.0,0.0,1.0,2.0,0.9987572,0.0012428304,4
1519,7,0.0,1.0,3.0,0.0,0.0,0.37,1.0,64.0,1.0,0.0,17.0,1.0,3.375,20.0,7.25,1.0,1.0,0.7,0.0,69.0,1.0,0.0,1.0,2.0,0.9989355,0.0010644738,5
1519,8,0.0,1.0,3.0,0.0,0.0,0.37,1.0,64.0,1.0,0.0,17.0,5.0,3.375,2.0,7.25,1.0,1.0,0.7,0.0,69.0,1.0,0.0,1.0,2.0,0.99886847,0.0011315574,5
1519,9,0.0,1.0,3.0,0.0,0.0,0.37,1.0,64.0,1.0,0.0,17.0,5.0,3.375,2.0,7.25,1.0,1.0,0.7,0.0,6.0,1.0,0.0,1.0,2.0,0.9990269,0.000973107,5
1519,10,0.0,1.0,0.0,0.0,0.0,0.37,1.0,64.0,1.0,0.0,17.0,1.0,3.375,2.0,7.25,1.0,1.0,1.1,0.0,11.0,1.0,0.0,1.0,2.0,0.999071,0.00092899497,3
1519,11,0.0,1.0,0.0,0.0,0.0,0.37,1.0,64.0,1.0,0.0,17.0,1.0,3.375,2.0,7.25,1.0,1.0,1.1,0.0,0.0,1.0,0.0,1.0,2.0,0.999614,0.0003860084,4
1519,12,0.0,1.0,0.0,0.0,0.0,0.37,1.0,64.0,1.0,0.0,17.0,1.0,3.375,2.0,7.25,2.0,1.0,1.1,0.0,0.0,1.0,0.0,1.0,2.0,0.99967563,0.0003243796,5
1519,13,0.0,1.0,3.0,0.0,0.0,0.37,1.0,64.0,1.0,0.0,13.0,1.0,3.375,2.0,7.25,1.0,1.0,0.7,0.0,11.0,1.0,0.0,1.0,2.0,0.99924624,0.0007537438,4
1519,14,0.0,1.0,3.0,0.0,0.0,0.37,15.0,64.0,1.0,0.0,13.0,1.0,3.375,2.0,7.25,1.0,1.0,0.7,0.0,11.0,1.0,0.0,1.0,2.0,0.99951065,0.000489337,5
1519,15,0.0,1.0,3.0,4.0,0.0,0.37,15.0,64.0,1.0,0.0,1.0,1.0,3.375,2.0,7.25,1.0,1.0,1.1,0.0,11.0,0.666666666666667,0.0,1.0,2.0,0.6651965,0.33480352,2
1519,16,0.0,1.0,0.0,4.0,0.0,0.37,1.0,64.0,1.0,0.0,17.0,1.0,3.375,2.0,7.25,1.0,1.0,1.1,0.0,11.0,1.0,0.0,1.0,2.0,0.9758143,0.0241857,2
1519,17,0.0,1.0,1.0,4.0,0.0,0.37,1.0,64.0,1.0,0.0,13.0,1.0,3.375,2.0,7.25,1.0,1.0,1.1,0.0,11.0,0.666666666666667,0.0,1.0,2.0,0.7257817,0.27421832,2
1519,18,0.0,1.0,3.0,4.0,0.0,0.37,1.0,64.0,1.0,0.0,1.0,1.0,3.375,2.0,7.25,1.0,1.0,1.1,0.0,0.0,0.666666666666667,0.0,1.0,2.0,0.668358,0.33164197,2
1519,19,0.0,1.0,3.0,4.0,0.0,0.37,1.0,64.0,1.0,0.0,0.0,1.0,3.375,2.0,7.25,1.0,1.0,1.1,0.0,11.0,1.0,0.0,1.0,2.0,0.97454435,0.025455678,2
749,0,0.0,1.0,1.0,0.0,0.0,0.1,0.0,69.0,1.0,0.0,25.0,2.0,3.875,1.0,8.5,1.0,1.0,0.458333333333333,0.0,71.0,0.571428571428571,0.0,4.0,0.0,0.9497218,0.050278172,1
749,1,0.0,1.0,0.0,0.0,0.0,0.1,0.0,69.0,1.0,0.0,25.0,2.0,3.875,1.0,8.5,1.0,1.0,0.458333333333333,0.0,71.0,1.0,0.0,4.0,0.0,0.9968079,0.0031921463,2
749,2,0.0,1.0,3.0,0.0,0.0,0.1,0.0,69.0,1.0,0.0,13.0,2.0,3.875,1.0,8.5,1.0,1.0,0.458333333333333,0.0,71.0,0.571428571428571,0.0,4.0,0.0,0.9210682,0.078931816,1
749,3,0.0,1.0,3.0,0.0,0.0,0.1,0.0,69.0,1.0,0.0,25.0,2.0,3.875,1.0,8.5,1.0,1.0,0.458333333333333,0.0,6.0,0.571428571428571,0.0,4.0,0.0,0.52911633,0.47088367,1
749,4,0.0,1.0,0.0,0.0,0.0,0.1,0.0,69.0,1.0,0.0,6.0,2.0,3.875,1.0,6.9,1.0,1.0,0.458333333333333,0.0,0.0,1.0,0.0,4.0,0.0,0.99994165,5.836363e-05,5
749,5,0.0,1.0,3.0,0.0,0.0,0.1,0.0,69.0,1.0,0.0,6.0,2.0,3.875,1.0,8.5,1.0,1.0,0.458333333333333,0.0,71.0,0.571428571428571,0.0,4.0,0.0,0.95387226,0.04612772,1
749,6,0.0,1.0,3.0,0.0,0.0,0.1,0.0,69.0,1.0,0.0,6.0,2.0,3.875,1.0,8.5,1.0,1.0,0.458333333333333,0.0,71.0,1.0,0.0,4.0,0.0,0.99572253,0.004277439,2
749,7,0.0,1.0,3.0,0.0,0.0,0.1,0.0,69.0,1.0,0.0,6.0,2.0,3.875,1.0,8.5,1.0,1.0,0.458333333333333,0.0,0.0,1.0,0.0,4.0,0.0,0.99916494,0.0008350537,3
749,8,0.0,1.0,3.0,0.0,0.0,0.1,0.0,69.0,1.0,0.0,6.0,5.0,3.875,1.0,8.5,1.0,1.0,0.458333333333333,0.0,0.0,1.0,0.0,4.0,0.0,0.99925476,0.00074521394,4
749,9,0.0,1.0,3.0,0.0,0.0,0.1,0.0,69.0,1.0,0.0,6.0,5.0,3.875,1.0,8.5,1.0,1.0,0.458333333333333,0.0,0.0,1.0,0.0,0.0,0.0,0.99928695,0.00071302813,5
749,10,0.0,1.0,0.0,0.0,0.0,0.1,0.0,69.0,1.0,0.0,25.0,2.0,3.875,1.0,8.5,1.0,1.0,0.458333333333333,0.0,0.0,0.571428571428571,0.0,4.0,0.0,0.9939473,0.006052669,2
749,11,0.0,1.0,0.0,0.0,0.0,0.1,0.0,69.0,1.0,0.0,25.0,2.0,3.875,1.0,8.5,1.0,1.0,0.458333333333333,0.0,0.0,0.571428571428571,0.0,4.0,3.0,0.99742603,0.0025739877,3
749,12,0.0,1.0,0.0,0.0,0.0,0.1,0.0,69.0,1.0,0.0,25.0,2.0,3.875,1.0,31.0,1.0,1.0,0.458333333333333,0.0,0.0,0.571428571428571,0.0,4.0,3.0,0.9983119,0.0016880945,4
749,13,0.0,1.0,0.0,0.0,0.0,0.1,0.0,69.0,1.0,0.0,25.0,2.0,3.1,1.0,31.0,1.0,1.0,0.458333333333333,0.0,0.0,0.571428571428571,0.0,4.0,3.0,0.9987365,0.0012635081,5
749,14,0.0,1.0,0.0,0.0,0.0,0.1,0.0,69.0,1.0,0.0,25.0,2.0,3.875,1.0,8.5,1.0,1.0,0.458333333333333,0.0,0.0,1.0,0.0,4.0,0.0,0.99915045,0.00084954913,3
749,15,0.0,1.0,0.0,0.0,0.0,0.1,0.0,69.0,1.0,45.0,25.0,2.0,3.875,1.0,8.5,1.0,1.0,0.458333333333333,0.0,0.0,1.0,0.0,4.0,0.0,0.9996296,0.00037038873,4
749,16,0.0,1.0,0.0,0.0,0.0,0.1,0.0,69.0,1.0,45.0,25.0,2.0,3.875,1.0,5.5,1.0,1.0,0.458333333333333,0.0,0.0,1.0,0.0,4.0,0.0,0.99975103,0.00024896106,5
749,17,0.0,1.0,0.0,0.0,0.0,0.1,0.0,69.0,1.0,45.0,25.0,2.0,3.875,1.0,5.5,1.0,1.0,0.458333333333333,0.0,2.0,1.0,0.0,4.0,0.0,0.99979,0.00020996416,5
749,18,0.0,1.0,3.0,0.0,0.0,0.1,0.0,69.0,1.0,0.0,6.0,2.0,3.875,1.0,0.0,1.0,1.0,0.458333333333333,0.0,71.0,0.571428571428571,0.0,4.0,0.0,0.9958949,0.0041050627,2
749,19,0.0,1.0,3.0,0.0,0.0,0.1,0.0,69.0,1.0,0.0,6.0,2.0,3.875,1.0,0.0,31.0,1.0,0.458333333333333,0.0,71.0,0.571428571428571,0.0,4.0,0.0,0.99800795,0.0019920527,3
753,0,0.0,1.0,2.0,0.0,0.0,0.06,0.0,96.0,1.0,0.0,21.0,2.0,1.69747899159664,0.0,2.81512605042017,1.0,1.0,0.286885245901639,0.0,14.0,0.0,0.0,4.0,5.0,0.91983813,0.08016187,1
753,1,0.0,1.0,2.0,0.0,0.0,0.06,0.0,96.0,1.0,0.0,13.0,2.0,1.69747899159664,0.0,2.81512605042017,1.0,1.0,0.286885245901639,0.0,14.0,0.428571428571429,0.0,4.0,5.0,0.8308473,0.16915269,1
753,2,0.0,1.0,2.0,0.0,0.0,0.06,0.0,96.0,1.0,0.0,6.0,2.0,1.69747899159664,0.0,2.81512605042017,1.0,1.0,0.9,0.0,14.0,0.0,0.0,4.0,5.0,0.99875927,0.0012407588,3
753,3,0.0,1.0,2.0,0.0,0.0,0.06,0.0,96.0,1.0,0.0,6.0,2.0,1.69747899159664,0.0,2.81512605042017,1.0,1.0,0.9,0.0,69.0,0.0,0.0,4.0,5.0,0.9993418,0.0006581941,4
753,4,0.0,1.0,2.0,0.0,0.0,0.06,0.0,96.0,1.0,0.0,13.0,2.0,1.69747899159664,0.0,2.81512605042017,1.0,1.0,0.9,0.0,69.0,0.0,0.0,4.0,5.0,0.999617,0.00038301217,4
753,5,0.0,1.0,0.0,0.0,0.0,0.06,0.0,96.0,1.0,0.0,13.0,2.0,1.69747899159664,0.0,2.81512605042017,1.0,1.0,0.9,0.0,69.0,0.0,0.0,4.0,5.0,0.99977195,0.00022802547,5
753,6,0.0,1.0,0.0,0.0,0.0,0.06,0.0,96.0,1.0,0.0,13.0,2.0,1.69747899159664,0.0,2.81512605042017,1.0,1.0,0.9,0.0,18.0,0.0,0.0,4.0,5.0,0.9998319,0.0001680612,5
753,7,0.0,1.0,2.0,0.0,0.0,0.06,0.0,96.0,1.0,0.0,6.0,2.0,1.69747899159664,0.0,2.81512605042017,1.0,1.0,0.286885245901639,0.0,14.0,0.0,0.0,4.0,0.0,0.99925303,0.00074694736,3
753,8,0.0,1.0,2.0,6.0,0.0,0.06,0.0,96.0,1.0,0.0,6.0,2.0,1.69747899159664,0.0,2.81512605042017,1.0,1.0,0.286885245901639,0.0,14.0,0.0,0.0,4.0,0.0,0.99942297,0.00057705434,4
753,9,0.0,1.0,2.0,6.0,0.0,0.06,0.0,96.0,1.0,0.0,4.0,2.0,1.69747899159664,0.0,2.81512605042017,1.0,1.0,0.286885245901639,0.0,14.0,0.0,0.0,4.0,0.0,0.9996063,0.00039368743,4
753,10,0.0,1.0,1.0,0.0,0.0,0.06,0.0,96.0,1.0,0.0,21.0,2.0,1.69747899159664,0.0,2.81512605042017,1.0,1.0,0.286885245901639,0.0,14.0,0.428571428571429,0.0,4.0,5.0,0.60120285,0.39879712,1
753,11,0.0,1.0,0.0,0.0,0.0,0.06,0.0,96.0,1.0,0.0,21.0,2.0,1.69747899159664,0.0,2.81512605042017,1.0,1.0,0.7,0.0,14.0,0.0,0.0,4.0,5.0,0.99816465,0.0018353357,3
753,12,0.0,1.0,0.0,0.0,0.0,0.06,0.0,96.0,1.0,45.0,21.0,2.0,1.69747899159664,0.0,2.81512605042017,1.0,1.0,0.7,0.0,14.0,0.0,0.0,4.0,5.0,0.9991486,0.00085136516,4
753,13,0.0,8.0,0.0,0.0,0.0,0.06,0.0,96.0,1.0,45.0,21.0,2.0,1.69747899159664,0.0,2.81512605042017,1.0,1.0,0.7,0.0,14.0,0.0,0.0,4.0,5.0,0.9993899,0.00061009143,5
753,14,0.0,1.0,0.0,0.0,0.0,0.06,0.0,96.0,1.0,0.0,6.0,2.0,1.69747899159664,0.0,2.81512605042017,1.0,1.0,0.9,0.0,14.0,0.0,0.0,4.0,5.0,0.99912846,0.00087152503,4
753,15,0.0,1.0,0.0,0.0,0.0,0.06,0.0,96.0,1.0,0.0,13.0,2.0,1.69747899159664,0.0,2.81512605042017,1.0,1.0,0.9,0.0,14.0,0.0,0.0,4.0,5.0,0.999555,0.00044501558,4
753,16,0.0,8.0,0.0,0.0,0.0,0.06,0.0,96.0,1.0,0.0,13.0,2.0,1.69747899159664,0.0,2.81512605042017,1.0,1.0,0.9,0.0,14.0,0.0,0.0,4.0,5.0,0.999568,0.00043199954,5
753,17,0.0,8.0,2.0,0.0,0.0,0.06,0.0,96.0,1.0,0.0,6.0,2.0,1.69747899159664,0.0,2.81512605042017,1.0,1.0,0.286885245901639,0.0,14.0,0.0,0.0,4.0,0.0,0.9996513,0.0003487043,4
753,18,0.0,1.0,2.0,0.0,0.0,0.06,0.0,96.0,1.0,0.0,13.0,2.0,1.69747899159664,0.0,2.81512605042017,1.0,1.0,6.4,0.0,14.0,0.428571428571429,0.0,4.0,5.0,0.9895336,0.010466409,2
755,0,0.0,2.0,4.0,1.0,0.0,0.09,2.0,66.0,2.0,0.0,13.0,2.0,4.1,0.0,8.7,1.0,1.0,1.125,0.0,9.0,0.5,0.0,4.0,4.0,0.8418757,0.15812434,1
755,1,0.0,2.0,4.0,1.0,0.0,0.09,2.0,66.0,2.0,0.0,0.0,2.0,4.1,0.0,8.7,1.0,1.0,1.125,0.0,9.0,0.0,0.0,4.0,4.0,0.9969521,0.0030479059,2
755,2,0.0,2.0,4.0,1.0,0.0,0.09,2.0,66.0,2.0,0.0,0.0,2.0,4.1,0.0,8.7,1.0,1.0,1.125,0.0,0.0,0.0,0.0,4.0,4.0,0.9992794,0.0007205949,3
755,3,0.0,2.0,4.0,1.0,0.0,0.09,2.0,66.0,2.0,0.0,0.0,2.0,4.1,0.0,8.7,1.0,1.0,0.7,0.0,0.0,0.0,0.0,4.0,4.0,0.9993995,0.00060054526,4
755,4,0.0,2.0,247.0,1.0,0.0,0.09,2.0,66.0,2.0,0.0,0.0,2.0,4.1,0.0,8.7,1.0,1.0,0.7,0.0,0.0,0.0,0.0,4.0,4.0,0.9995091,0.00049093063,5
755,5,0.0,2.0,247.0,1.0,0.0,0.09,2.0,66.0,2.0,0.0,6.0,2.0,4.1,0.0,8.7,1.0,1.0,0.7,0.0,0.0,0.0,0.0,4.0,4.0,0.99959016,0.0004098157,5
755,6,0.0,2.0,4.0,1.0,0.0,0.09,2.0,66.0,2.0,0.0,0.0,2.0,4.1,0.0,0.0,1.0,1.0,1.125,0.0,0.0,0.0,0.0,4.0,4.0,0.9996701,0.00032989818,4
755,7,0.0,2.0,4.0,1.0,0.0,0.09,2.0,66.0,2.0,0.0,0.0,2.0,4.1,0.0,0.0,1.0,1.0,1.125,0.0,2.0,0.0,0.0,4.0,4.0,0.99975187,0.00024815768,4
755,8,0.0,2.0,4.0,1.0,0.0,0.09,2.0,66.0,2.0,45.0,0.0,2.0,4.1,0.0,0.0,1.0,1.0,1.125,0.0,2.0,0.0,0.0,4.0,4.0,0.99981505,0.00018497124,5
755,9,0.0,2.0,5.0,1.0,0.0,0.09,2.0,66.0,2.0,0.0,0.0,2.0,4.1,0.0,8.7,1.0,1.0,1.125,0.0,0.0,0.0,0.0,4.0,4.0,0.99937993,0.00062005373,4
755,10,0.0,2.0,5.0,1.0,0.0,0.09,2.0,66.0,2.0,45.0,0.0,2.0,4.1,0.0,8.7,1.0,1.0,1.125,0.0,0.0,0.0,0.0,4.0,4.0,0.9993904,0.00060957856,5
755,11,0.0,2.0,4.0,1.0,0.0,0.09,2.0,66.0,2.0,0.0,0.0,2.0,4.1,0.0,8.7,31.0,1.0,1.125,0.0,9.0,0.0,0.0,4.0,4.0,0.99849105,0.0015089759,3
755,12,0.0,2.0,4.0,3.0,0.0,0.09,2.0,66.0,2.0,0.0,0.0,2.0,4.1,0.0,8.7,31.0,1.0,1.125,0.0,9.0,0.0,0.0,4.0,4.0,0.9990002,0.0009998365,4
755,13,0.0,2.0,4.0,3.0,0.0,0.09,2.0,66.0,2.0,0.0,0.0,2.0,4.1,0.0,8.7,31.0,1.0,0.7,0.0,9.0,0.0,0.0,4.0,4.0,0.9993107,0.0006893034,5
755,14,0.0,2.0,4.0,3.0,0.0,0.09,2.0,66.0,2.0,0.0,6.0,2.0,4.1,0.0,8.7,31.0,1.0,0.7,0.0,9.0,0.0,0.0,4.0,4.0,0.99945384,0.0005461744,5
755,15,0.0,2.0,4.0,1.0,0.0,0.09,2.0,66.0,2.0,0.0,0.0,2.0,3.1,0.0,8.7,1.0,1.0,1.125,0.0,9.0,0.0,0.0,4.0,4.0,0.99814206,0.0018579263,3
755,16,0.0,2.0,5.0,1.0,0.0,0.09,2.0,66.0,2.0,0.0,0.0,2.0,3.1,0.0,8.7,1.0,1.0,1.125,0.0,9.0,0.0,0.0,4.0,4.0,0.9982877,0.0017123177,4
755,17,0.0,8.0,4.0,3.0,0.0,0.09,2.0,66.0,2.0,0.0,0.0,2.0,4.1,0.0,8.7,31.0,1.0,1.125,0.0,9.0,0.0,0.0,4.0,4.0,0.9992899,0.0007101078,5
755,18,0.0,2.0,4.0,3.0,0.0,0.09,2.0,66.0,2.0,45.0,0.0,2.0,4.1,0.0,8.7,31.0,1.0,1.125,0.0,9.0,0.0,0.0,4.0,4.0,0.9992546,0.00074539904,5
755,19,0.0,2.0,5.0,1.0,0.0,0.09,2.0,66.0,2.0,0.0,0.0,2.0,4.1,0.0,0.0,1.0,1.0,1.125,0.0,2.0,0.0,0.0,4.0,4.0,0.9997865,0.00021351934,5
758,0,0.0,1.0,2.0,5.0,0.0,0.62,1.0,0.0,3.0,0.0,9.0,1.0,1.75,1.0,6.5,1.0,1.0,1.14285714285714,0.0,5.0,1.0,0.0,1.0,4.0,0.7090259,0.29097408,1
758,1,0.0,1.0,2.0,0.0,0.0,0.62,1.0,0.0,3.0,0.0,9.0,1.0,1.75,1.0,6.5,1.0,1.0,1.14285714285714,0.0,5.0,0.75,0.0,1.0,4.0,0.6764295,0.32357046,1
758,2,0.0,1.0,2.0,0.0,0.0,0.62,1.0,0.0,3.0,0.0,9.0,5.0,1.75,1.0,6.5,1.0,1.0,1.14285714285714,0.0,5.0,1.0,0.0,1.0,4.0,0.9970922,0.0029078366,3
758,3,0.0,1.0,2.0,0.0,0.0,0.62,1.0,0.0,3.0,0.0,9.0,5.0,5.2,1.0,6.5,1.0,1.0,1.14285714285714,0.0,5.0,1.0,0.0,1.0,4.0,0.99890673,0.0010932856,4
758,4,0.0,1.0,2.0,0.0,0.0,0.62,1.0,0.0,3.0,0.0,9.0,1.0,5.2,1.0,6.5,1.0,1.0,1.14285714285714,0.0,5.0,1.0,0.0,1.0,4.0,0.9954995,0.0045005265,3
758,5,0.0,1.0,2.0,0.0,0.0,0.62,1.0,0.0,3.0,0.0,9.0,1.0,5.2,20.0,6.5,1.0,1.0,1.14285714285714,0.0,5.0,1.0,0.0,1.0,4.0,0.9963742,0.003625831,4
758,6,0.0,1.0,2.0,0.0,0.0,0.62,1.0,0.0,3.0,0.0,9.0,1.0,5.2,20.0,5.5,1.0,1.0,1.14285714285714,0.0,5.0,1.0,0.0,1.0,4.0,0.9969869,0.003013048,5
758,7,0.0,1.0,2.0,5.0,0.0,0.62,1.0,0.0,3.0,0.0,9.0,5.0,1.75,1.0,6.5,1.0,1.0,1.14285714285714,0.0,5.0,1.0,0.0,1.0,4.0,0.92440796,0.07559207,2
758,8,0.0,1.0,2.0,5.0,0.0,0.62,1.0,0.0,3.0,0.0,9.0,2.0,1.75,1.0,6.5,31.0,1.0,1.14285714285714,0.0,5.0,0.75,0.0,1.0,4.0,0.5871311,0.41286892,2
758,9,0.0,1.0,2.0,5.0,0.0,0.62,1.0,0.0,3.0,0.0,9.0,5.0,1.75,1.0,6.5,31.0,1.0,1.14285714285714,0.0,0.0,1.0,0.0,1.0,4.0,0.991858,0.008142,4
758,10,0.0,1.0,247.0,5.0,0.0,0.62,1.0,0.0,3.0,0.0,9.0,1.0,1.75,1.0,6.5,31.0,1.0,1.14285714285714,0.0,5.0,0.75,0.0,1.0,4.0,0.5626689,0.43733105,2
758,11,0.0,1.0,2.0,0.0,0.0,0.62,1.0,0.0,3.0,0.0,9.0,1.0,5.2,1.0,6.5,1.0,1.0,1.14285714285714,0.0,0.0,1.0,0.0,1.0,4.0,0.9966181,0.0033819198,4
758,12,0.0,1.0,2.0,0.0,0.0,0.62,1.0,87.0,3.0,0.0,9.0,1.0,5.2,1.0,6.5,1.0,1.0,1.14285714285714,0.0,0.0,1.0,0.0,1.0,4.0,0.99666643,0.0033335483,5
758,13,0.0,1.0,2.0,0.0,0.0,0.62,1.0,87.0,3.0,0.0,9.0,1.0,4.4,1.0,6.5,1.0,1.0,1.14285714285714,0.0,0.0,1.0,0.0,1.0,4.0,0.997515,0.0024849984,5
758,14,0.0,1.0,2.0,0.0,0.0,0.62,1.0,87.0,3.0,0.0,9.0,1.0,4.4,1.0,6.5,1.0,1.0,1.14285714285714,0.0,2.0,1.0,0.0,1.0,4.0,0.9979703,0.002029735,5
758,15,0.0,1.0,2.0,0.0,0.0,0.62,1.0,0.0,3.0,0.0,9.0,1.0,3.1,1.0,6.5,1.0,1.0,1.14285714285714,0.0,5.0,0.75,0.0,1.0,4.0,0.8990128,0.10098721,2
758,16,0.0,1.0,2.0,0.0,0.0,0.62,1.0,0.0,3.0,0.0,9.0,1.0,3.1,1.0,6.5,1.0,1.0,0.9,0.0,5.0,0.75,0.0,1.0,4.0,0.94900507,0.05099494,3
758,17,0.0,1.0,2.0,0.0,0.0,0.62,1.0,0.0,3.0,0.0,9.0,1.0,3.1,1.0,6.5,31.0,1.0,0.9,0.0,5.0,0.75,0.0,1.0,4.0,0.96676505,0.03323495,4
758,18,0.0,1.0,2.0,0.0,0.0,0.62,1.0,0.0,0.0,0.0,9.0,1.0,3.1,1.0,6.5,31.0,1.0,0.9,0.0,5.0,0.75,0.0,1.0,4.0,0.9767932,0.02320677,5
777,0,1.0,1.0,16.0,5.0,1.0,0.55,0.0,97.0,2.0,1.0,19.0,2.0,17.5104895104895,0.0,5.17482517482518,0.0,1.0,0.681818181818182,0.0,316.0,0.225806451612903,4.0,5.0,14.0,0.7721014,0.22789857,1
777,1,1.0,1.0,16.0,5.0,1.0,0.55,0.0,97.0,2.0,1.0,0.0,2.0,2.0,0.0,5.17482517482518,0.0,1.0,0.681818181818182,0.0,316.0,0.225806451612903,4.0,5.0,14.0,0.9941226,0.0058773872,2
777,2,1.0,1.0,16.0,5.0,1.0,0.55,0.0,97.0,2.0,1.0,58.0,2.0,17.5104895104895,0.0,5.17482517482518,0.0,1.0,0.681818181818182,0.0,18.0,0.225806451612903,4.0,5.0,14.0,0.78420067,0.21579932,1
777,3,1.0,1.0,16.0,5.0,1.0,0.55,0.0,97.0,2.0,1.0,0.0,2.0,2.0,0.0,5.17482517482518,31.0,1.0,0.681818181818182,0.0,0.0,0.225806451612903,4.0,5.0,14.0,0.9992326,0.0007674328,4
777,4,1.0,1.0,16.0,5.0,1.0,0.55,0.0,97.0,2.0,1.0,0.0,2.0,3.1,0.0,5.17482517482518,31.0,1.0,0.681818181818182,0.0,0.0,0.225806451612903,4.0,5.0,14.0,0.99947846,0.0005215267,4
777,5,1.0,1.0,16.0,5.0,1.0,0.55,0.0,97.0,2.0,1.0,0.0,2.0,17.5104895104895,0.0,5.17482517482518,0.0,1.0,0.681818181818182,0.0,0.0,0.225806451612903,4.0,5.0,14.0,0.9844595,0.015540489,2
777,6,1.0,1.0,16.0,5.0,1.0,0.55,0.0,97.0,2.0,1.0,0.0,2.0,17.5104895104895,0.0,5.17482517482518,31.0,1.0,0.681818181818182,0.0,0.0,0.225806451612903,4.0,5.0,14.0,0.99598384,0.004016133,3
777,7,1.0,1.0,16.0,5.0,1.0,0.55,0.0,97.0,2.0,1.0,0.0,2.0,17.5104895104895,0.0,5.17482517482518,31.0,1.0,0.681818181818182,0.0,0.0,0.225806451612903,4.0,3.0,14.0,0.9970668,0.002933176,4
777,8,1.0,2.0,16.0,5.0,1.0,0.55,0.0,97.0,2.0,1.0,0.0,2.0,17.5104895104895,0.0,5.17482517482518,31.0,1.0,0.681818181818182,0.0,0.0,0.225806451612903,4.0,3.0,14.0,0.9976366,0.0023633835,5
777,9,1.0,1.0,16.0,5.0,1.0,0.55,15.0,97.0,2.0,1.0,0.0,2.0,2.0,0.0,5.17482517482518,0.0,1.0,0.681818181818182,0.0,316.0,0.225806451612903,4.0,5.0,14.0,0.99862814,0.0013718617,3
777,10,1.0,1.0,16.0,4.0,1.0,0.55,15.0,97.0,2.0,1.0,0.0,2.0,2.0,0.0,5.17482517482518,0.0,1.0,0.681818181818182,0.0,316.0,0.225806451612903,4.0,5.0,14.0,0.9990385,0.00096149725,4
777,11,1.0,1.0,16.0,4.0,1.0,0.55,15.0,97.0,2.0,1.0,0.0,2.0,2.0,0.0,5.17482517482518,31.0,1.0,0.681818181818182,0.0,316.0,0.225806451612903,4.0,5.0,14.0,0.9993232,0.00067678455,5
777,12,1.0,1.0,16.0,5.0,1.0,0.55,0.0,97.0,2.0,1.0,0.0,2.0,3.1,2.0,5.17482517482518,31.0,1.0,0.681818181818182,0.0,0.0,0.225806451612903,4.0,5.0,14.0,0.9995373,0.00046273612,5
777,13,1.0,1.0,16.0,5.0,1.0,0.55,0.0,97.0,2.0,1.0,58.0,2.0,17.5104895104895,0.0,5.17482517482518,0.0,1.0,0.681818181818182,0.0,0.0,0.225806451612903,4.0,5.0,14.0,0.9008491,0.0991509,1
777,14,1.0,1.0,16.0,5.0,1.0,0.55,0.0,97.0,2.0,1.0,58.0,2.0,2.0,0.0,5.17482517482518,0.0,1.0,0.681818181818182,0.0,0.0,0.225806451612903,4.0,5.0,14.0,0.98451996,0.015480019,2
777,15,1.0,1.0,16.0,5.0,1.0,0.55,15.0,97.0,2.0,1.0,58.0,2.0,2.0,0.0,5.17482517482518,0.0,1.0,0.681818181818182,0.0,0.0,0.225806451612903,4.0,5.0,14.0,0.99222887,0.0077711293,3
777,16,1.0,1.0,0.0,5.0,1.0,0.55,15.0,97.0,2.0,1.0,58.0,2.0,2.0,0.0,5.17482517482518,0.0,1.0,0.681818181818182,0.0,0.0,0.225806451612903,4.0,5.0,14.0,0.99414545,0.0058545494,4
777,17,1.0,1.0,0.0,5.0,0.0,0.55,15.0,97.0,2.0,1.0,58.0,2.0,2.0,0.0,5.17482517482518,0.0,1.0,0.681818181818182,0.0,0.0,0.225806451612903,4.0,5.0,14.0,0.9941675,0.00583251,5
777,18,1.0,1.0,16.0,5.0,1.0,0.55,0.0,97.0,2.0,1.0,58.0,2.0,17.5104895104895,0.0,5.17482517482518,31.0,1.0,0.681818181818182,0.0,0.0,0.225806451612903,4.0,5.0,14.0,0.990506,0.009494001,2
777,19,0.0,1.0,16.0,5.0,1.0,0.55,0.0,97.0,2.0,1.0,58.0,2.0,17.5104895104895,0.0,5.17482517482518,31.0,1.0,0.681818181818182,0.0,0.0,0.225806451612903,4.0,5.0,14.0,0.99379575,0.0062042344,3
1541,0,2.0,1.0,1.0,3.0,0.0,0.29,0.0,55.0,2.0,1.0,18.0,2.0,2.25,0.0,8.5,0.0,1.0,0.785714285714286,0.0,40.0,0.0,0.0,2.0,1.0,0.8531534,0.14684658,1
1541,1,2.0,1.0,1.0,0.0,0.0,0.29,0.0,55.0,2.0,1.0,18.0,2.0,2.25,0.0,8.5,0.0,1.0,0.785714285714286,0.0,40.0,0.5,0.0,2.0,1.0,0.6766812,0.32331878,1
1541,2,2.0,1.0,1.0,0.0,0.0,0.29,0.0,87.0,2.0,1.0,18.0,2.0,2.25,0.0,8.5,0.0,1.0,0.785714285714286,0.0,40.0,0.0,0.0,2.0,1.0,0.9984085,0.0015914874,3
1541,3,2.0,1.0,1.0,3.0,0.0,0.29,0.0,72.0,2.0,1.0,18.0,2.0,2.25,0.0,8.5,0.0,1.0,0.785714285714286,0.0,69.0,0.5,0.0,2.0,1.0,0.53495693,0.46504304,2
1541,4,2.0,1.0,1.0,0.0,0.0,0.29,0.0,87.0,2.0,1.0,18.0,2.0,2.25,0.0,8.5,2.0,1.0,0.785714285714286,0.0,69.0,0.0,0.0,2.0,1.0,0.9996175,0.00038247491,5
1541,5,2.0,1.0,1.0,3.0,0.0,0.29,0.0,87.0,2.0,45.0,18.0,2.0,2.25,0.0,8.5,0.0,1.0,0.785714285714286,0.0,40.0,0.5,0.0,2.0,1.0,0.54272056,0.4572794,2
1541,6,2.0,1.0,1.0,0.0,0.0,0.29,0.0,87.0,2.0,45.0,13.0,2.0,2.25,0.0,8.5,0.0,1.0,0.785714285714286,0.0,40.0,0.0,0.0,2.0,1.0,0.9990043,0.0009957175,5
1541,7,2.0,1.0,1.0,3.0,0.0,0.29,0.0,55.0,2.0,1.0,18.0,2.0,2.25,0.0,8.5,31.0,1.0,0.785714285714286,0.0,40.0,0.0,0.0,2.0,1.0,0.9752601,0.024739934,2
1541,8,2.0,1.0,1.0,3.0,0.0,0.29,0.0,87.0,2.0,1.0,18.0,2.0,2.25,0.0,8.5,1.0,1.0,0.785714285714286,0.0,40.0,0.5,0.0,2.0,1.0,0.5225655,0.47743455,2
1541,9,1.0,1.0,1.0,3.0,0.0,0.29,0.0,87.0,2.0,1.0,18.0,2.0,2.25,0.0,8.5,31.0,1.0,0.785714285714286,0.0,40.0,0.0,0.0,2.0,1.0,0.9989883,0.0010117346,4
1541,10,1.0,8.0,1.0,3.0,0.0,0.29,0.0,87.0,2.0,1.0,18.0,2.0,2.25,0.0,8.5,31.0,1.0,0.785714285714286,0.0,40.0,0.0,0.0,2.0,1.0,0.99909484,0.00090515066,5
1541,11,2.0,1.0,1.0,3.0,0.0,0.29,0.0,87.0,2.0,1.0,18.0,2.0,2.25,0.0,5.5,0.0,1.0,0.785714285714286,0.0,40.0,0.5,0.0,2.0,1.0,0.5624082,0.43759176,2
1541,12,2.0,1.0,1.0,0.0,0.0,0.29,0.0,87.0,2.0,1.0,18.0,2.0,2.25,0.0,2.0,0.0,1.0,0.785714285714286,0.0,40.0,1.0,0.0,2.0,1.0,0.99933386,0.00066615385,4
1541,13,2.0,1.0,1.0,0.0,0.0,0.29,0.0,87.0,2.0,1.0,18.0,2.0,2.25,0.0,2.0,2.0,1.0,0.785714285714286,0.0,40.0,1.0,0.0,2.0,1.0,0.99942386,0.00057611463,5
1541,14,0.0,1.0,1.0,0.0,0.0,0.29,0.0,55.0,2.0,1.0,18.0,2.0,2.25,0.0,8.5,0.0,1.0,0.785714285714286,0.0,40.0,0.0,0.0,2.0,1.0,0.9954678,0.0045321994,3
1541,15,0.0,1.0,1.0,0.0,0.0,0.29,0.0,55.0,2.0,1.0,18.0,2.0,2.25,0.0,8.5,2.0,1.0,0.785714285714286,0.0,40.0,0.0,0.0,2.0,1.0,0.99743205,0.002567968,4
1541,16,0.0,1.0,1.0,0.0,0.0,0.29,0.0,55.0,2.0,1.0,13.0,2.0,2.25,0.0,8.5,2.0,1.0,0.785714285714286,0.0,40.0,0.0,0.0,2.0,1.0,0.998216,0.0017840032,5
1541,17,2.0,1.0,1.0,0.0,0.0,0.29,0.0,87.0,2.0,1.0,18.0,2.0,2.25,0.0,8.5,0.0,1.0,0.785714285714286,0.0,40.0,0.5,0.0,2.0,1.0,0.95271534,0.047284637,2
1541,18,2.0,1.0,1.0,3.0,0.0,0.29,0.0,72.0,2.0,1.0,13.0,2.0,2.25,0.0,8.5,0.0,1.0,0.785714285714286,0.0,40.0,0.5,0.0,2.0,1.0,0.52685785,0.47314215,2
832,0,1.0,1.0,3.0,2.0,0.0,0.22,2.0,78.0,1.0,1.0,21.0,1.0,4.14285714285714,1.0,8.21428571428571,2.0,1.0,0.75,0.0,10.0,0.285714285714286,0.0,4.0,5.0,0.68699574,0.31300429,1
832,1,1.0,1.0,3.0,2.0,0.0,0.22,2.0,78.0,1.0,1.0,21.0,1.0,4.14285714285714,1.0,8.21428571428571,31.0,1.0,0.75,0.0,10.0,1.0,0.0,4.0,5.0,0.9786041,0.021395952,2
832,2,1.0,1.0,3.0,2.0,0.0,0.22,2.0,78.0,1.0,1.0,0.0,1.0,4.14285714285714,1.0,8.21428571428571,31.0,1.0,0.75,0.0,10.0,1.0,0.0,4.0,5.0,0.9968875,0.0031125143,3
832,3,1.0,1.0,0.0,2.0,0.0,0.22,2.0,78.0,1.0,1.0,0.0,1.0,4.14285714285714,1.0,8.21428571428571,31.0,1.0,0.75,0.0,10.0,1.0,0.0,4.0,5.0,0.9970999,0.0029001199,4
832,4,1.0,1.0,0.0,2.0,0.0,0.22,2.0,78.0,1.0,1.0,6.0,1.0,4.14285714285714,1.0,8.21428571428571,31.0,1.0,0.75,0.0,10.0,1.0,0.0,4.0,5.0,0.9976622,0.002337797,4
832,5,1.0,1.0,3.0,2.0,0.0,0.22,2.0,78.0,1.0,1.0,21.0,1.0,4.14285714285714,1.0,8.21428571428571,1.0,1.0,0.75,0.0,10.0,0.0,0.0,4.0,5.0,0.8192045,0.18079548,1
832,6,1.0,1.0,3.0,2.0,0.0,0.22,2.0,78.0,1.0,45.0,21.0,1.0,4.14285714285714,1.0,8.21428571428571,1.0,1.0,0.75,0.0,10.0,0.285714285714286,0.0,4.0,5.0,0.6321558,0.36784422,1
832,7,1.0,1.0,3.0,2.0,0.0,0.22,2.0,78.0,1.0,45.0,21.0,1.0,4.14285714285714,1.0,8.21428571428571,1.0,1.0,0.75,0.0,0.0,1.0,0.0,4.0,5.0,0.97091633,0.029083686,3
832,8,1.0,1.0,3.0,2.0,0.0,0.22,2.0,0.0,1.0,45.0,21.0,1.0,4.14285714285714,1.0,8.21428571428571,1.0,1.0,0.75,0.0,0.0,1.0,0.0,4.0,5.0,0.9770533,0.022946704,4
832,9,1.0,1.0,3.0,2.0,0.0,0.22,2.0,0.0,1.0,45.0,21.0,5.0,4.14285714285714,1.0,8.21428571428571,1.0,1.0,0.75,0.0,0.0,1.0,0.0,4.0,5.0,0.9840013,0.015998747,5
832,10,1.0,1.0,3.0,2.0,0.0,0.22,2.0,78.0,1.0,45.0,21.0,1.0,4.14285714285714,1.0,8.21428571428571,31.0,1.0,0.75,0.0,10.0,0.285714285714286,0.0,4.0,5.0,0.93843484,0.06156516,2
832,11,1.0,1.0,3.0,2.0,0.0,0.22,2.0,78.0,1.0,45.0,13.0,1.0,4.14285714285714,1.0,8.21428571428571,31.0,1.0,0.75,0.0,10.0,0.285714285714286,0.0,4.0,5.0,0.9678559,0.03214413,3
832,12,1.0,1.0,3.0,2.0,0.0,0.22,2.0,78.0,1.0,45.0,13.0,1.0,4.14285714285714,1.0,0.0,31.0,1.0,0.75,0.0,10.0,0.285714285714286,0.0,4.0,5.0,0.9854627,0.0145372525,4
832,13,1.0,1.0,3.0,1.0,0.0,0.22,2.0,78.0,1.0,45.0,13.0,1.0,4.14285714285714,1.0,0.0,31.0,1.0,0.75,0.0,10.0,0.285714285714286,0.0,4.0,5.0,0.9887879,0.011212103,5
832,14,1.0,1.0,3.0,2.0,0.0,0.22,2.0,78.0,1.0,1.0,21.0,5.0,4.14285714285714,1.0,8.21428571428571,31.0,1.0,0.75,0.0,10.0,0.285714285714286,0.0,4.0,5.0,0.9572443,0.042755704,2
832,15,1.0,1.0,0.0,2.0,0.0,0.22,2.0,78.0,1.0,1.0,21.0,5.0,4.14285714285714,1.0,8.21428571428571,31.0,1.0,0.75,0.0,10.0,0.285714285714286,0.0,4.0,5.0,0.9917058,0.008294214,3
832,16,1.0,1.0,0.0,2.0,0.0,0.22,2.0,78.0,1.0,45.0,21.0,5.0,4.14285714285714,1.0,8.21428571428571,31.0,1.0,0.75,0.0,10.0,0.285714285714286,0.0,4.0,5.0,0.9971646,0.0028353864,4
832,17,1.0,1.0,0.0,2.0,0.0,0.22,2.0,78.0,1.0,45.0,21.0,5.0,2.0,1.0,8.21428571428571,31.0,1.0,0.75,0.0,10.0,0.285714285714286,0.0,4.0,5.0,0.99854577,0.0014542076,5
832,18,1.0,1.0,3.0,2.0,0.0,0.22,2.0,78.0,1.0,1.0,13.0,1.0,4.14285714285714,1.0,8.21428571428571,1.0,1.0,0.75,0.0,10.0,0.285714285714286,0.0,4.0,5.0,0.7141627,0.2858373,1
832,19,1.0,1.0,3.0,0.0,0.0,0.22,2.0,78.0,1.0,1.0,0.0,1.0,4.14285714285714,1.0,8.21428571428571,1.0,1.0,0.75,0.0,10.0,1.0,0.0,4.0,5.0,0.99781734,0.0021826345,3
1556,0,0.0,1.0,4.0,6.0,0.0,0.35,3.0,70.0,1.0,0.0,19.0,1.0,4.81818181818182,1.0,5.5,1.0,1.0,0.846153846153846,0.0,48.0,0.75,0.0,1.0,2.0,0.5315478,0.46845224,2
1556,1,0.0,1.0,4.0,6.0,0.0,0.35,3.0,70.0,1.0,0.0,0.0,1.0,4.81818181818182,1.0,1.0,1.0,1.0,0.846153846153846,0.0,48.0,0.0,0.0,1.0,2.0,0.9932031,0.006796894,3
1556,2,0.0,1.0,4.0,6.0,0.0,0.35,3.0,70.0,1.0,0.0,13.0,1.0,4.81818181818182,1.0,10.7272727272727,1.0,1.0,0.846153846153846,0.0,0.0,0.75,0.0,1.0,2.0,0.53339684,0.4666032,2
1556,3,0.0,1.0,4.0,6.0,0.0,0.35,3.0,70.0,1.0,0.0,0.0,1.0,4.81818181818182,1.0,1.0,31.0,1.0,0.846153846153846,0.0,0.0,0.0,0.0,1.0,2.0,0.9987693,0.0012307339,5
1556,4,0.0,1.0,4.0,6.0,0.0,0.35,3.0,70.0,1.0,0.0,0.0,1.0,4.81818181818182,1.0,1.0,31.0,1.0,0.846153846153846,0.0,0.0,1.0,0.0,1.0,2.0,0.9993018,0.00069823035,5
1556,5,0.0,1.0,4.0,6.0,0.0,0.35,3.0,70.0,1.0,0.0,0.0,1.0,4.81818181818182,1.0,6.9,31.0,1.0,0.846153846153846,0.0,0.0,1.0,0.0,1.0,2.0,0.9995775,0.0004224583,5
1556,6,0.0,1.0,4.0,6.0,0.0,0.35,3.0,70.0,1.0,0.0,13.0,1.0,4.81818181818182,20.0,10.7272727272727,1.0,1.0,0.846153846153846,0.0,48.0,0.75,0.0,1.0,2.0,0.70664823,0.29335174,2
1556,7,0.0,1.0,4.0,6.0,0.0,0.35,3.0,70.0,1.0,0.0,0.0,1.0,4.81818181818182,20.0,1.0,1.0,1.0,0.846153846153846,0.0,0.0,0.75,0.0,1.0,2.0,0.9905157,0.009484302,4
1556,8,0.0,1.0,4.0,6.0,0.0,0.35,3.0,70.0,1.0,45.0,0.0,1.0,4.81818181818182,20.0,1.0,1.0,1.0,0.846153846153846,0.0,0.0,0.75,0.0,1.0,2.0,0.9937014,0.006298611,5
1556,9,0.0,1.0,4.0,6.0,0.0,0.35,3.0,70.0,1.0,45.0,1.0,1.0,4.81818181818182,20.0,1.0,1.0,1.0,0.846153846153846,0.0,0.0,0.75,0.0,1.0,2.0,0.99518263,0.004817373,5
1556,10,0.0,1.0,4.0,6.0,0.0,0.35,3.0,70.0,1.0,45.0,1.0,1.0,4.81818181818182,20.0,2.0,1.0,1.0,0.846153846153846,0.0,0.0,0.75,0.0,1.0,2.0,0.9956814,0.0043185838,5
1556,11,0.0,1.0,4.0,6.0,0.0,0.35,3.0,70.0,1.0,0.0,0.0,5.0,4.81818181818182,1.0,1.0,1.0,1.0,0.846153846153846,0.0,48.0,0.0,0.0,1.0,2.0,0.9984651,0.0015348684,4
1556,12,0.0,1.0,4.0,6.0,0.0,0.35,3.0,70.0,1.0,0.0,0.0,5.0,4.81818181818182,1.0,1.0,1.0,1.0,0.846153846153846,0.0,0.0,0.0,0.0,1.0,2.0,0.9995304,0.00046964173,5
1556,13,0.0,1.0,4.0,6.0,0.0,0.35,3.0,70.0,1.0,0.0,1.0,5.0,4.81818181818182,1.0,1.0,1.0,1.0,0.846153846153846,0.0,0.0,0.0,0.0,1.0,2.0,0.9996413,0.0003587019,5
1556,14,0.0,1.0,4.0,6.0,0.0,0.35,3.0,70.0,1.0,0.0,1.0,5.0,4.81818181818182,1.0,1.0,1.0,1.0,0.846153846153846,0.0,0.0,1.0,0.0,1.0,2.0,0.9996773,0.00032269483,5
1556,15,0.0,1.0,4.0,6.0,0.0,0.35,3.0,70.0,1.0,0.0,13.0,5.0,4.81818181818182,1.0,1.0,1.0,1.0,0.846153846153846,0.0,0.0,1.0,0.0,1.0,2.0,0.99970144,0.0002985579,5
1556,16,0.0,1.0,4.0,6.0,0.0,0.35,3.0,70.0,1.0,0.0,13.0,5.0,4.81818181818182,1.0,2.0,1.0,1.0,0.846153846153846,0.0,0.0,1.0,0.0,1.0,2.0,0.9997068,0.00029319277,5
1556,17,0.0,8.0,4.0,6.0,0.0,0.35,3.0,70.0,1.0,0.0,0.0,1.0,4.81818181818182,1.0,1.0,1.0,1.0,0.846153846153846,0.0,48.0,0.0,0.0,1.0,2.0,0.9973826,0.0026174097,4
1556,18,0.0,8.0,4.0,6.0,0.0,0.35,3.0,70.0,1.0,0.0,3.0,1.0,4.81818181818182,1.0,1.0,1.0,1.0,0.846153846153846,0.0,48.0,0.0,0.0,1.0,2.0,0.9980538,0.0019462105,4
1556,19,0.0,1.0,4.0,6.0,0.0,0.35,3.0,70.0,1.0,0.0,19.0,1.0,4.81818181818182,1.0,10.7272727272727,1.0,1.0,0.846153846153846,0.0,48.0,0.0,0.0,1.0,2.0,0.51195633,0.48804364,2
843,0,4.0,1.0,4.0,7.0,0.0,0.45,0.0,80.0,3.0,0.0,57.0,2.0,6.51219512195122,0.0,10.609756097561,1.0,1.0,0.787234042553192,0.0,2.0,0.0,0.0,4.0,3.0,0.7526353,0.2473647,2
843,1,4.0,1.0,1.0,7.0,0.0,0.45,0.0,80.0,3.0,0.0,57.0,2.0,6.51219512195122,0.0,10.609756097561,1.0,1.0,0.787234042553192,0.0,2.0,0.454545454545455,0.0,4.0,3.0,0.6739603,0.3260397,2
843,2,4.0,1.0,4.0,7.0,0.0,0.45,0.0,80.0,3.0,0.0,19.0,2.0,6.51219512195122,0.0,10.609756097561,1.0,1.0,0.787234042553192,0.0,0.0,0.454545454545455,0.0,4.0,3.0,0.53031874,0.46968126,2
843,3,4.0,1.0,0.0,7.0,0.0,0.45,0.0,80.0,3.0,0.0,13.0,2.0,6.8,0.0,10.609756097561,1.0,1.0,0.787234042553192,0.0,0.0,0.0,0.0,4.0,3.0,0.9974028,0.0025972296,5
843,4,4.0,1.0,4.0,6.0,0.0,0.45,0.0,80.0,3.0,0.0,57.0,2.0,6.51219512195122,0.0,10.609756097561,1.0,1.0,0.787234042553192,0.0,0.0,0.454545454545455,0.0,4.0,3.0,0.5536028,0.44639716,2
843,5,4.0,1.0,0.0,7.0,0.0,0.45,0.0,80.0,3.0,0.0,13.0,2.0,6.51219512195122,0.0,10.609756097561,31.0,1.0,0.787234042553192,0.0,0.0,0.0,0.0,4.0,3.0,0.99779207,0.0022079633,5
843,6,4.0,1.0,4.0,7.0,0.0,0.45,0.0,80.0,3.0,0.0,57.0,2.0,6.51219512195122,0.0,10.609756097561,2.0,1.0,0.787234042553192,0.0,0.0,0.454545454545455,0.0,4.0,3.0,0.67476714,0.32523286,2
843,7,4.0,1.0,4.0,7.0,0.0,0.45,15.0,80.0,3.0,0.0,57.0,2.0,6.51219512195122,0.0,10.609756097561,31.0,1.0,0.787234042553192,0.0,0.0,0.0,0.0,4.0,3.0,0.98775166,0.012248323,4
843,8,4.0,1.0,4.0,7.0,2.0,0.45,0.0,80.0,3.0,0.0,57.0,2.0,6.51219512195122,0.0,10.609756097561,1.0,1.0,0.787234042553192,0.0,0.0,0.454545454545455,0.0,4.0,3.0,0.5520289,0.44797108,2
843,9,4.0,1.0,0.0,7.0,0.0,0.45,0.0,80.0,3.0,0.0,57.0,2.0,6.51219512195122,0.0,10.609756097561,1.0,1.0,0.787234042553192,0.0,0.0,0.454545454545455,0.0,4.0,3.0,0.8868857,0.11311429,2
843,10,4.0,1.0,0.0,7.0,0.0,0.45,0.0,80.0,3.0,0.0,13.0,2.0,6.51219512195122,0.0,10.609756097561,1.0,1.0,0.787234042553192,0.0,0.0,0.454545454545455,0.0,4.0,3.0,0.9786828,0.021317162,3
843,11,4.0,8.0,0.0,7.0,0.0,0.45,0.0,80.0,3.0,0.0,13.0,2.0,6.51219512195122,0.0,10.609756097561,1.0,1.0,0.787234042553192,0.0,0.0,0.454545454545455,0.0,4.0,3.0,0.99018127,0.009818733,4
843,12,4.0,8.0,0.0,7.0,0.0,0.45,0.0,80.0,3.0,0.0,13.0,2.0,6.8,0.0,10.609756097561,1.0,1.0,0.787234042553192,0.0,0.0,0.454545454545455,0.0,4.0,3.0,0.9905376,0.009462404,5
843,13,4.0,1.0,0.0,0.0,0.0,0.45,0.0,80.0,3.0,0.0,13.0,2.0,6.51219512195122,0.0,10.609756097561,1.0,1.0,0.787234042553192,0.0,0.0,0.454545454545455,0.0,4.0,3.0,0.99432755,0.0056724492,4
843,14,4.0,1.0,0.0,0.0,0.0,0.45,0.0,80.0,3.0,0.0,13.0,2.0,2.0,0.0,10.609756097561,1.0,1.0,0.787234042553192,0.0,0.0,0.454545454545455,0.0,4.0,3.0,0.9975254,0.0024746316,5
843,15,4.0,1.0,4.0,7.0,0.0,0.45,0.0,80.0,3.0,0.0,0.0,2.0,6.51219512195122,0.0,10.609756097561,1.0,1.0,0.787234042553192,0.0,0.0,0.0,0.0,4.0,3.0,0.9840616,0.015938377,3
843,16,4.0,1.0,4.0,3.0,0.0,0.45,0.0,80.0,3.0,0.0,0.0,2.0,6.51219512195122,0.0,10.609756097561,1.0,1.0,0.787234042553192,0.0,0.0,0.0,0.0,4.0,3.0,0.99339896,0.0066010156,4
843,17,4.0,1.0,4.0,3.0,0.0,0.45,0.0,80.0,3.0,0.0,0.0,2.0,6.51219512195122,0.0,10.609756097561,31.0,1.0,0.787234042553192,0.0,0.0,0.0,0.0,4.0,3.0,0.99721986,0.0027801197,5
843,18,4.0,1.0,4.0,7.0,0.0,0.45,0.0,80.0,3.0,45.0,57.0,2.0,6.51219512195122,0.0,10.609756097561,1.0,1.0,0.787234042553192,0.0,0.0,0.454545454545455,0.0,4.0,3.0,0.6825374,0.31746262,2
843,19,4.0,1.0,0.0,0.0,0.0,0.45,0.0,80.0,3.0,0.0,57.0,2.0,2.0,0.0,10.609756097561,1.0,1.0,0.787234042553192,0.0,0.0,0.0,0.0,4.0,3.0,0.9986343,0.0013657289,5
1564,0,1.0,2.0,2.0,3.0,0.0,0.2,2.0,25.0,3.0,0.0,13.0,1.0,4.0,1.0,15.9166666666667,0.0,1.0,1.4375,0.0,20.0,1.0,0.0,1.0,1.0,0.92179054,0.07820947,1
1564,1,1.0,2.0,2.0,0.0,0.0,0.2,2.0,25.0,3.0,0.0,13.0,1.0,4.0,1.0,15.9166666666667,0.0,1.0,1.4375,0.0,20.0,1.0,0.0,1.0,1.0,0.99308616,0.0069138366,2
1564,2,1.0,2.0,2.0,0.0,0.0,0.2,2.0,25.0,3.0,0.0,13.0,1.0,4.0,1.0,5.5,0.0,1.0,1.4375,0.0,20.0,1.0,0.0,1.0,1.0,0.99780756,0.0021924472,3
1564,3,1.0,2.0,2.0,0.0,0.0,0.2,2.0,25.0,3.0,0.0,13.0,1.0,4.0,1.0,5.5,1.0,1.0,1.4375,0.0,20.0,1.0,0.0,1.0,1.0,0.9984153,0.0015847206,4
1564,4,1.0,2.0,2.0,0.0,0.0,0.2,2.0,25.0,3.0,0.0,13.0,1.0,4.0,1.0,5.5,1.0,1.0,0.7,0.0,20.0,1.0,0.0,1.0,1.0,0.9992508,0.0007491647,5
1564,5,1.0,2.0,2.0,0.0,0.0,0.2,2.0,25.0,3.0,0.0,6.0,1.0,4.0,1.0,5.5,1.0,1.0,0.7,0.0,20.0,1.0,0.0,1.0,1.0,0.99942094,0.0005790402,5
1564,6,1.0,2.0,2.0,0.0,0.0,0.2,2.0,25.0,3.0,0.0,6.0,1.0,4.0,1.0,4.3,1.0,1.0,0.7,0.0,20.0,1.0,0.0,1.0,1.0,0.9994805,0.0005194878,5
1564,7,0.0,2.0,2.0,0.0,0.0,0.2,2.0,25.0,3.0,0.0,13.0,1.0,4.0,1.0,15.9166666666667,0.0,1.0,1.4375,0.0,20.0,1.0,0.0,1.0,1.0,0.9955975,0.004402537,3
1564,8,0.0,2.0,2.0,0.0,0.0,0.2,2.0,25.0,3.0,0.0,3.0,1.0,4.0,1.0,15.9166666666667,0.0,1.0,1.4375,0.0,20.0,1.0,0.0,1.0,1.0,0.9976622,0.0023378204,3
1564,9,0.0,2.0,2.0,0.0,0.0,0.2,2.0,25.0,3.0,0.0,3.0,1.0,4.0,1.0,15.9166666666667,0.0,1.0,1.4375,0.0,0.0,1.0,0.0,1.0,1.0,0.9991853,0.0008146659,4
1564,10,0.0,2.0,2.0,0.0,0.0,0.2,2.0,25.0,3.0,0.0,3.0,1.0,4.0,1.0,15.9166666666667,0.0,1.0,0.3,0.0,0.0,1.0,0.0,1.0,1.0,0.9994036,0.0005964212,5
1564,11,0.0,2.0,2.0,0.0,0.0,0.2,2.0,25.0,3.0,0.0,6.0,1.0,4.0,1.0,15.9166666666667,0.0,1.0,0.3,0.0,0.0,1.0,0.0,1.0,1.0,0.99945855,0.0005414382,5
1564,12,1.0,2.0,2.0,3.0,0.0,0.2,2.0,25.0,3.0,45.0,13.0,1.0,4.0,1.0,15.9166666666667,0.0,1.0,1.4375,0.0,20.0,1.0,0.0,1.0,1.0,0.97286826,0.027131744,2
1564,13,1.0,2.0,2.0,3.0,0.0,0.2,2.0,25.0,3.0,0.0,24.0,1.0,4.0,1.0,15.9166666666667,31.0,1.0,1.4375,0.0,20.0,1.0,0.0,1.0,1.0,0.72282606,0.27717394,1
1564,14,1.0,2.0,2.0,3.0,0.0,0.2,2.0,25.0,3.0,45.0,13.0,1.0,4.0,1.0,6.9,31.0,1.0,1.4375,0.0,20.0,1.0,0.0,1.0,1.0,0.99774027,0.002259759,4
1564,15,1.0,2.0,2.0,3.0,0.0,0.2,2.0,25.0,3.0,45.0,13.0,1.0,3.1,1.0,6.9,31.0,1.0,1.4375,0.0,20.0,1.0,0.0,1.0,1.0,0.9986398,0.0013602012,5
1564,16,1.0,2.0,2.0,1.0,0.0,0.2,2.0,25.0,3.0,0.0,24.0,1.0,4.0,1.0,15.9166666666667,0.0,1.0,1.4375,0.0,20.0,1.0,0.0,1.0,1.0,0.6004385,0.39956152,1
1564,17,1.0,2.0,2.0,0.0,0.0,0.2,2.0,25.0,3.0,0.0,24.0,1.0,4.0,1.0,15.9166666666667,0.0,1.0,0.5,0.0,20.0,1.0,0.0,1.0,1.0,0.97743064,0.022569364,2
1564,18,1.0,2.0,2.0,0.0,0.0,0.2,2.0,25.0,3.0,45.0,24.0,1.0,4.0,1.0,15.9166666666667,0.0,1.0,0.5,0.0,20.0,1.0,0.0,1.0,1.0,0.9898972,0.0101028215,3
1564,19,1.0,2.0,2.0,3.0,0.0,0.2,2.0,25.0,3.0,45.0,24.0,1.0,4.0,1.0,6.9,0.0,1.0,1.4375,0.0,20.0,1.0,0.0,1.0,1.0,0.5983757,0.4016243,2
848,0,2.0,2.0,0.0,2.0,0.0,0.12,1.0,66.0,1.0,0.0,13.0,2.0,5.5625,0.0,11.5625,1.0,1.0,1.7,0.0,8.0,0.666666666666667,0.0,2.0,4.0,0.78221285,0.21778716,1
848,1,0.0,2.0,0.0,2.0,0.0,0.12,1.0,66.0,1.0,0.0,4.0,2.0,5.5625,0.0,11.5625,1.0,1.0,1.7,0.0,8.0,0.666666666666667,0.0,2.0,4.0,0.98158056,0.01841942,2
848,2,0.0,2.0,0.0,2.0,0.0,0.12,1.0,66.0,1.0,0.0,4.0,2.0,5.5625,0.0,11.5625,1.0,1.0,1.7,0.0,8.0,0.0,0.0,2.0,4.0,0.9956654,0.004334608,3
848,3,0.0,2.0,0.0,2.0,0.0,0.12,1.0,66.0,1.0,0.0,4.0,2.0,5.5625,0.0,11.5625,31.0,1.0,1.7,0.0,8.0,0.0,0.0,2.0,4.0,0.9976687,0.0023313065,4
848,4,0.0,2.0,0.0,6.0,0.0,0.12,1.0,66.0,1.0,0.0,4.0,2.0,5.5625,0.0,11.5625,31.0,1.0,1.7,0.0,8.0,0.0,0.0,2.0,4.0,0.9985736,0.0014264114,5
848,5,2.0,2.0,0.0,2.0,0.0,0.12,1.0,66.0,1.0,0.0,4.0,2.0,5.5625,0.0,11.5625,1.0,1.0,1.7,0.0,8.0,0.0,0.0,2.0,4.0,0.9634667,0.036533322,2
848,6,2.0,2.0,0.0,0.0,0.0,0.12,1.0,66.0,1.0,0.0,4.0,2.0,5.5625,0.0,11.5625,1.0,1.0,1.7,0.0,8.0,0.0,0.0,2.0,4.0,0.98684806,0.013151926,3
848,7,2.0,2.0,0.0,0.0,0.0,0.12,1.0,66.0,1.0,0.0,4.0,2.0,5.5625,0.0,11.5625,1.0,1.0,0.7,0.0,8.0,0.0,0.0,2.0,4.0,0.9935131,0.006486917,4
848,8,2.0,2.0,0.0,0.0,0.0,0.12,1.0,66.0,1.0,0.0,13.0,2.0,5.5625,0.0,11.5625,1.0,1.0,0.7,0.0,8.0,0.0,0.0,2.0,4.0,0.9967429,0.0032570874,4
848,9,2.0,2.0,0.0,0.0,0.0,0.12,1.0,66.0,1.0,45.0,13.0,2.0,5.5625,0.0,11.5625,1.0,1.0,0.7,0.0,8.0,0.0,0.0,2.0,4.0,0.99818397,0.0018160164,5
848,10,2.0,2.0,0.0,2.0,0.0,0.12,1.0,66.0,1.0,0.0,4.0,2.0,5.5625,0.0,1.0,1.0,1.0,1.7,0.0,8.0,0.0,0.0,2.0,4.0,0.98785365,0.012146363,3
848,11,2.0,2.0,0.0,6.0,0.0,0.12,1.0,66.0,1.0,0.0,4.0,2.0,5.5625,0.0,1.0,1.0,1.0,1.7,0.0,8.0,0.0,0.0,2.0,4.0,0.9925037,0.0074963267,4
848,12,2.0,2.0,0.0,6.0,0.0,0.12,1.0,66.0,1.0,0.0,4.0,2.0,5.5625,0.0,1.0,31.0,1.0,1.7,0.0,8.0,0.0,0.0,2.0,4.0,0.99499875,0.0050012716,5
848,13,2.0,2.0,0.0,0.0,0.0,0.12,1.0,66.0,1.0,0.0,4.0,2.0,5.5625,0.0,11.5625,1.0,1.0,0.7,0.0,8.0,0.0,0.0,0.0,4.0,0.99708986,0.002910112,5
848,14,2.0,2.0,0.0,0.0,0.0,0.12,1.0,66.0,1.0,0.0,6.0,2.0,5.5625,0.0,11.5625,1.0,1.0,0.7,0.0,8.0,0.0,0.0,0.0,4.0,0.99772924,0.002270781,5
848,15,2.0,2.0,0.0,0.0,0.0,0.12,1.0,80.0,1.0,0.0,13.0,2.0,5.5625,0.0,11.5625,1.0,1.0,0.7,0.0,8.0,0.0,0.0,2.0,4.0,0.9979363,0.0020636918,5
848,16,2.0,2.0,0.0,2.0,0.0,0.12,15.0,66.0,1.0,0.0,4.0,2.0,5.5625,0.0,1.0,1.0,1.0,1.7,0.0,8.0,0.0,0.0,2.0,4.0,0.9925136,0.0074864,4
848,17,2.0,2.0,0.0,2.0,0.0,0.12,15.0,66.0,1.0,0.0,4.0,2.0,5.5625,0.0,1.0,31.0,1.0,1.7,0.0,8.0,0.0,0.0,2.0,4.0,0.99429166,0.005708348,5
848,18,2.0,2.0,0.0,0.0,0.0,0.12,1.0,66.0,1.0,0.0,13.0,2.0,5.5625,0.0,11.5625,1.0,1.0,1.7,0.0,8.0,0.0,0.0,2.0,4.0,0.99246466,0.0075353673,3
848,19,2.0,8.0,0.0,0.0,0.0,0.12,1.0,66.0,1.0,0.0,13.0,2.0,5.5625,0.0,11.5625,1.0,1.0,1.7,0.0,8.0,0.0,0.0,2.0,4.0,0.9936699,0.0063300915,4
852,0,1.0,3.0,0.0,34.0,0.0,0.54,15.0,33.0,1.0,0.0,19.0,2.0,3.375,0.0,25.125,1.0,1.0,1.09090909090909,0.0,146.0,0.285714285714286,0.0,2.0,5.0,0.61235416,0.38764584,1
852,1,1.0,3.0,0.0,34.0,0.0,0.54,15.0,87.0,1.0,0.0,29.0,2.0,3.375,0.0,25.125,1.0,1.0,1.09090909090909,0.0,146.0,0.285714285714286,0.0,2.0,5.0,0.58332014,0.41667986,1
852,2,1.0,3.0,0.0,34.0,0.0,0.54,15.0,100.0,1.0,0.0,13.0,2.0,3.375,0.0,25.125,1.0,1.0,1.09090909090909,0.0,146.0,0.0,0.0,2.0,5.0,0.99750394,0.0024960414,3
852,3,1.0,3.0,0.0,34.0,0.0,0.54,15.0,100.0,1.0,0.0,13.0,2.0,3.375,0.0,25.125,1.0,1.0,0.7,0.0,146.0,0.0,0.0,2.0,5.0,0.99856323,0.0014367952,4
852,4,1.0,3.0,0.0,34.0,0.0,0.54,15.0,33.0,1.0,0.0,29.0,2.0,3.375,0.0,25.125,1.0,1.0,1.09090909090909,0.0,18.0,0.285714285714286,0.0,2.0,5.0,0.6476804,0.35231963,1
852,5,1.0,3.0,0.0,34.0,0.0,0.54,15.0,87.0,1.0,0.0,13.0,2.0,3.375,0.0,25.125,1.0,1.0,0.7,0.0,18.0,0.0,0.0,2.0,5.0,0.9988922,0.0011078105,5
852,6,1.0,3.0,0.0,34.0,0.0,0.54,15.0,33.0,1.0,0.0,13.0,2.0,3.375,0.0,25.125,1.0,1.0,1.09090909090909,0.0,146.0,0.0,0.0,2.0,5.0,0.9898127,0.010187328,2
852,7,1.0,3.0,0.0,34.0,0.0,0.54,15.0,33.0,1.0,0.0,13.0,2.0,3.375,0.0,25.125,1.0,1.0,0.7,0.0,146.0,0.0,0.0,2.0,5.0,0.99373025,0.006269781,3
852,8,1.0,3.0,0.0,34.0,0.0,0.54,15.0,33.0,2.0,0.0,13.0,2.0,3.375,0.0,25.125,1.0,1.0,0.7,0.0,146.0,0.0,0.0,2.0,5.0,0.9954605,0.004539498,4
852,9,1.0,3.0,0.0,34.0,0.0,0.54,15.0,100.0,1.0,45.0,13.0,2.0,3.375,0.0,25.125,1.0,1.0,0.7,0.0,146.0,0.0,0.0,2.0,5.0,0.9989517,0.0010483119,5
852,10,1.0,3.0,0.0,34.0,0.0,0.54,15.0,87.0,1.0,45.0,13.0,2.0,3.375,0.0,25.125,1.0,1.0,0.7,0.0,146.0,0.0,0.0,2.0,5.0,0.9989973,0.0010027364,5
852,11,1.0,3.0,0.0,34.0,0.0,0.54,15.0,33.0,1.0,0.0,29.0,2.0,3.375,0.0,25.125,1.0,1.0,0.7,0.0,146.0,0.285714285714286,0.0,2.0,5.0,0.6955305,0.30446953,1
852,12,1.0,3.0,0.0,34.0,0.0,0.54,15.0,87.0,1.0,0.0,29.0,2.0,3.375,0.0,25.125,1.0,1.0,0.7,0.0,146.0,0.285714285714286,0.0,2.0,5.0,0.9344368,0.06556321,2
852,13,1.0,3.0,0.0,34.0,0.0,0.54,15.0,87.0,1.0,0.0,29.0,2.0,3.375,0.0,25.125,1.0,1.0,0.7,0.0,146.0,0.0,0.0,2.0,5.0,0.97943145,0.020568531,3
852,14,1.0,3.0,0.0,34.0,0.0,0.54,15.0,87.0,1.0,0.0,29.0,2.0,3.375,0.0,5.5,1.0,1.0,0.7,0.0,146.0,0.0,0.0,2.0,5.0,0.9852569,0.014743117,4
852,15,1.0,3.0,0.0,34.0,0.0,0.54,15.0,87.0,1.0,0.0,29.0,2.0,3.375,20.0,5.5,1.0,1.0,0.7,0.0,146.0,0.0,0.0,2.0,5.0,0.9922759,0.007724091,5
852,16,1.0,3.0,0.0,34.0,0.0,0.54,15.0,33.0,1.0,0.0,13.0,2.0,3.375,0.0,5.5,1.0,1.0,1.09090909090909,0.0,146.0,0.0,0.0,2.0,5.0,0.99640816,0.0035918495,3
852,17,1.0,3.0,0.0,34.0,0.0,0.54,15.0,33.0,1.0,0.0,13.0,2.0,3.375,0.0,5.5,1.0,1.0,1.09090909090909,0.0,0.0,0.0,0.0,2.0,5.0,0.9976002,0.002399818,4
852,18,1.0,3.0,0.0,34.0,0.0,0.54,15.0,33.0,1.0,0.0,13.0,2.0,3.375,0.0,1.0,1.0,1.0,1.09090909090909,0.0,0.0,0.0,0.0,2.0,5.0,0.9984204,0.0015795864,4
852,19,1.0,3.0,0.0,34.0,0.0,0.54,15.0,33.0,1.0,0.0,0.0,2.0,3.375,0.0,1.0,1.0,1.0,1.09090909090909,0.0,0.0,0.0,0.0,2.0,5.0,0.9989582,0.0010418152,4
1568,0,6.0,1.0,2.0,6.0,0.0,0.44,0.0,41.0,1.0,0.0,28.0,2.0,2.64285714285714,0.0,7.92857142857143,0.0,1.0,0.578947368421053,0.0,69.0,0.0,0.0,1.0,4.0,0.6558383,0.3441617,2
1568,1,6.0,1.0,2.0,6.0,0.0,0.44,0.0,41.0,1.0,0.0,28.0,2.0,2.64285714285714,0.0,7.92857142857143,31.0,1.0,0.578947368421053,0.0,6.0,0.4,0.0,1.0,4.0,0.62562704,0.37437296,2
1568,2,6.0,1.0,2.0,6.0,0.0,0.44,0.0,41.0,1.0,0.0,28.0,2.0,2.64285714285714,0.0,2.0,31.0,1.0,0.578947368421053,0.0,2.0,0.0,0.0,1.0,4.0,0.9944508,0.0055492194,4
1568,3,6.0,1.0,247.0,6.0,0.0,0.44,0.0,41.0,1.0,0.0,28.0,2.0,2.64285714285714,0.0,7.92857142857143,31.0,1.0,0.578947368421053,0.0,45.0,0.4,0.0,1.0,4.0,0.57221216,0.42778784,2
1568,4,6.0,1.0,247.0,6.0,0.0,0.44,0.0,41.0,1.0,0.0,28.0,2.0,2.64285714285714,0.0,7.92857142857143,0.0,1.0,0.578947368421053,0.0,0.0,0.4,0.0,1.0,4.0,0.5698186,0.4301814,2
1568,5,6.0,1.0,2.0,6.0,0.0,0.44,0.0,41.0,1.0,0.0,28.0,2.0,2.64285714285714,0.0,5.5,0.0,1.0,0.578947368421053,0.0,45.0,0.0,0.0,1.0,4.0,0.51229155,0.48770842,2
1568,6,6.0,1.0,247.0,6.0,0.0,0.44,0.0,41.0,1.0,0.0,28.0,2.0,2.64285714285714,0.0,2.0,0.0,1.0,0.578947368421053,0.0,45.0,0.4,0.0,1.0,4.0,0.55604196,0.443958,2
1568,7,0.0,1.0,247.0,6.0,0.0,0.44,0.0,41.0,1.0,0.0,28.0,2.0,2.64285714285714,0.0,1.0,0.0,1.0,0.578947368421053,0.0,45.0,0.0,0.0,1.0,4.0,0.9776069,0.022393115,4
1568,8,6.0,1.0,2.0,6.0,0.0,0.44,0.0,41.0,1.0,0.0,28.0,2.0,2.64285714285714,0.0,3.4,0.0,1.0,0.578947368421053,0.0,2.0,0.4,0.0,1.0,4.0,0.5412612,0.4587388,2
1568,9,6.0,1.0,2.0,6.0,0.0,0.44,0.0,87.0,1.0,0.0,28.0,2.0,2.64285714285714,0.0,7.92857142857143,0.0,1.0,0.578947368421053,0.0,2.0,0.4,0.0,1.0,4.0,0.5585625,0.44143748,2
1568,10,6.0,1.0,0.0,6.0,0.0,0.44,0.0,87.0,1.0,0.0,28.0,2.0,2.64285714285714,0.0,2.0,0.0,1.0,0.578947368421053,0.0,2.0,0.0,0.0,1.0,4.0,0.9950876,0.004912372,5
1568,11,6.0,1.0,0.0,6.0,0.0,0.44,0.0,87.0,1.0,0.0,28.0,2.0,2.64285714285714,0.0,2.0,0.0,1.0,0.578947368421053,0.0,2.0,1.0,0.0,1.0,4.0,0.9964355,0.0035644644,5
1568,12,6.0,1.0,2.0,6.0,0.0,0.44,0.0,87.0,1.0,0.0,28.0,2.0,2.64285714285714,0.0,2.0,0.0,1.0,0.578947368421053,0.0,45.0,0.4,0.0,1.0,4.0,0.5977704,0.4022296,2
1568,13,6.0,1.0,2.0,6.0,0.0,0.44,0.0,41.0,1.0,0.0,28.0,2.0,2.64285714285714,20.0,2.0,31.0,1.0,0.578947368421053,0.0,2.0,0.0,0.0,1.0,4.0,0.9973498,0.0026501957,5
1568,14,6.0,1.0,2.0,6.0,0.0,0.44,0.0,41.0,1.0,0.0,28.0,2.0,2.64285714285714,20.0,2.0,31.0,1.0,0.578947368421053,0.0,2.0,1.0,0.0,1.0,4.0,0.99809647,0.0019035258,5
1568,15,6.0,1.0,2.0,6.0,0.0,0.44,0.0,87.0,1.0,0.0,28.0,2.0,2.64285714285714,0.0,1.0,0.0,1.0,0.578947368421053,0.0,45.0,0.0,0.0,1.0,4.0,0.9633484,0.036651593,3
1568,16,6.0,1.0,2.0,6.0,0.0,0.44,0.0,87.0,1.0,0.0,28.0,2.0,2.64285714285714,0.0,1.0,0.0,1.0,0.578947368421053,0.0,45.0,0.0,0.0,1.0,0.0,0.9838839,0.016116079,4
1568,17,6.0,1.0,2.0,6.0,0.0,0.44,0.0,87.0,1.0,0.0,28.0,5.0,2.64285714285714,0.0,1.0,0.0,1.0,0.578947368421053,0.0,45.0,0.0,0.0,1.0,0.0,0.990504,0.009495951,5
1568,18,6.0,1.0,247.0,6.0,0.0,0.44,0.0,87.0,1.0,0.0,28.0,2.0,2.64285714285714,0.0,1.0,0.0,1.0,0.578947368421053,0.0,45.0,0.0,0.0,1.0,4.0,0.9824911,0.01750895,4
1568,19,6.0,1.0,247.0,6.0,0.0,0.44,0.0,87.0,1.0,0.0,28.0,5.0,2.64285714285714,0.0,1.0,0.0,1.0,0.578947368421053,0.0,45.0,0.0,0.0,1.0,4.0,0.9887584,0.011241608,5
856,0,0.0,1.0,7.0,15.0,0.0,3.98,0.0,75.0,1.0,0.0,10.0,1.0,4.4,0.0,4.36363636363636,0.0,1.0,0.538461538461538,0.0,7.0,1.0,0.0,1.0,4.0,0.56516415,0.43483585,1
856,1,0.0,1.0,7.0,15.0,0.0,0.0,0.0,75.0,1.0,0.0,10.0,1.0,6.8,0.0,4.36363636363636,0.0,1.0,0.538461538461538,0.0,7.0,1.0,0.0,1.0,4.0,0.9502348,0.049765248,2
856,2,0.0,1.0,7.0,15.0,0.0,0.0,0.0,75.0,1.0,0.0,10.0,1.0,6.8,0.0,6.9,0.0,1.0,0.538461538461538,0.0,7.0,1.0,0.0,1.0,4.0,0.9769137,0.023086322,3
856,3,0.0,1.0,7.0,1.0,0.0,3.98,0.0,75.0,1.0,0.0,10.0,1.0,2.09090909090909,0.0,4.36363636363636,0.0,1.0,0.538461538461538,0.0,7.0,1.0,0.0,1.0,4.0,0.5126076,0.4873924,1
856,4,0.0,1.0,7.0,0.0,0.0,0.0,0.0,0.0,1.0,0.0,10.0,1.0,6.8,0.0,6.9,0.0,1.0,0.538461538461538,0.0,7.0,1.0,0.0,1.0,4.0,0.9958509,0.0041490737,5
856,5,0.0,1.0,7.0,0.0,0.0,0.0,0.0,0.0,1.0,0.0,10.0,1.0,4.4,0.0,6.9,0.0,1.0,0.538461538461538,0.0,7.0,1.0,0.0,1.0,4.0,0.9976334,0.0023665845,5
856,6,0.0,1.0,7.0,0.0,0.0,0.17,0.0,0.0,1.0,0.0,10.0,1.0,4.4,0.0,6.9,0.0,1.0,0.538461538461538,0.0,7.0,1.0,0.0,1.0,4.0,0.9976465,0.002353507,5
856,7,0.0,1.0,7.0,15.0,0.0,0.56,0.0,75.0,1.0,0.0,10.0,1.0,2.09090909090909,0.0,4.36363636363636,0.0,1.0,0.538461538461538,0.0,7.0,1.0,0.0,1.0,4.0,0.5347674,0.46523264,1
856,8,0.0,1.0,7.0,15.0,0.0,3.98,0.0,87.0,1.0,0.0,10.0,1.0,2.09090909090909,0.0,4.36363636363636,0.0,1.0,0.538461538461538,0.0,7.0,1.0,0.0,1.0,4.0,0.6327846,0.3672154,1
856,9,0.0,1.0,7.0,15.0,0.0,0.0,15.0,87.0,1.0,0.0,10.0,1.0,2.09090909090909,0.0,4.36363636363636,0.0,1.0,0.538461538461538,0.0,7.0,1.0,0.0,1.0,4.0,0.9820704,0.017929615,3
856,10,0.0,1.0,7.0,15.0,0.0,0.0,15.0,87.0,1.0,0.0,10.0,1.0,2.09090909090909,0.0,4.36363636363636,0.0,1.0,0.538461538461538,0.0,7.0,1.0,0.0,1.0,0.0,0.994225,0.0057749627,4
856,11,0.0,1.0,7.0,15.0,83.0,3.98,0.0,75.0,1.0,0.0,10.0,1.0,6.8,0.0,4.36363636363636,0.0,1.0,0.538461538461538,0.0,7.0,1.0,0.0,1.0,4.0,0.89533865,0.10466136,2
856,12,0.0,1.0,7.0,15.0,2.0,3.98,0.0,75.0,1.0,0.0,10.0,1.0,2.09090909090909,0.0,4.36363636363636,31.0,1.0,0.538461538461538,0.0,7.0,1.0,0.0,1.0,4.0,0.6467586,0.35324138,2
856,13,0.0,1.0,7.0,6.0,83.0,3.98,0.0,75.0,1.0,0.0,10.0,1.0,6.8,0.0,4.36363636363636,31.0,1.0,0.538461538461538,0.0,7.0,1.0,0.0,1.0,4.0,0.98416555,0.015834479,4
856,14,0.0,1.0,7.0,6.0,83.0,3.98,0.0,75.0,1.0,0.0,10.0,1.0,6.8,0.0,4.36363636363636,31.0,1.0,0.538461538461538,0.0,7.0,1.0,0.0,1.0,0.0,0.9920025,0.007997542,5
856,15,0.0,1.0,7.0,0.0,0.0,3.98,0.0,87.0,1.0,0.0,10.0,1.0,2.09090909090909,0.0,4.36363636363636,0.0,1.0,0.538461538461538,0.0,7.0,1.0,0.0,1.0,4.0,0.9281029,0.071897104,2
856,16,0.0,1.0,7.0,0.0,0.0,3.98,0.0,87.0,1.0,0.0,10.0,1.0,2.09090909090909,0.0,4.36363636363636,31.0,1.0,0.538461538461538,0.0,7.0,1.0,0.0,1.0,4.0,0.98543483,0.014565164,3
856,17,0.0,1.0,7.0,0.0,0.0,3.98,0.0,87.0,1.0,0.0,10.0,1.0,2.09090909090909,0.0,4.36363636363636,31.0,1.0,0.538461538461538,0.0,7.0,1.0,0.0,1.0,0.0,0.9943866,0.00561336,4
856,18,0.0,1.0,7.0,0.0,0.0,3.98,0.0,87.0,1.0,0.0,10.0,1.0,2.09090909090909,0.0,5.5,31.0,1.0,0.538461538461538,0.0,7.0,1.0,0.0,1.0,0.0,0.9960784,0.003921622,5
874,0,47.0,1.0,6.0,0.0,22.0,0.16,0.0,100.0,3.0,9.0,13.0,2.0,3.48484848484848,0.0,3.89393939393939,0.0,0.0,0.426900584795322,0.0,34.0,0.4,0.0,3.0,6.0,0.8568635,0.14313652,1
874,1,47.0,1.0,6.0,0.0,22.0,0.16,0.0,100.0,3.0,9.0,13.0,2.0,3.48484848484848,0.0,3.89393939393939,0.0,0.0,0.426900584795322,0.0,34.0,0.0,0.0,3.0,6.0,0.9885254,0.011474615,2
874,2,47.0,1.0,0.0,0.0,22.0,0.16,0.0,100.0,3.0,9.0,13.0,2.0,3.48484848484848,0.0,3.89393939393939,0.0,0.0,0.426900584795322,0.0,34.0,0.0,0.0,3.0,6.0,0.99747014,0.0025298754,3
874,3,47.0,1.0,0.0,0.0,22.0,0.16,0.0,100.0,3.0,9.0,13.0,2.0,3.48484848484848,0.0,31.0,0.0,0.0,0.426900584795322,0.0,34.0,0.0,0.0,3.0,6.0,0.99886495,0.0011350418,4
874,4,47.0,1.0,0.0,0.0,22.0,0.16,0.0,100.0,3.0,9.0,13.0,2.0,3.48484848484848,0.0,31.0,0.0,0.0,0.426900584795322,0.0,69.0,0.0,0.0,3.0,6.0,0.9990402,0.00095984153,5
874,5,47.0,1.0,6.0,0.0,22.0,0.16,0.0,100.0,3.0,9.0,38.0,2.0,3.48484848484848,0.0,3.89393939393939,0.0,0.0,0.426900584795322,0.0,0.0,0.4,0.0,3.0,6.0,0.65719646,0.34280354,1
874,6,47.0,1.0,6.0,0.0,22.0,0.16,0.0,100.0,3.0,9.0,13.0,2.0,3.48484848484848,0.0,3.89393939393939,0.0,0.0,0.426900584795322,0.0,0.0,0.0,0.0,3.0,0.0,0.9986455,0.0013545041,4
874,7,47.0,1.0,6.0,0.0,22.0,0.16,0.0,100.0,3.0,9.0,6.0,2.0,3.48484848484848,0.0,3.89393939393939,0.0,0.0,0.426900584795322,0.0,0.0,0.0,0.0,3.0,0.0,0.9996195,0.00038053954,4
874,8,47.0,1.0,0.0,0.0,22.0,0.16,0.0,100.0,3.0,9.0,13.0,2.0,3.48484848484848,0.0,3.89393939393939,0.0,0.0,0.426900584795322,0.0,34.0,0.4,0.0,3.0,6.0,0.9854565,0.014543471,2
874,9,47.0,1.0,0.0,0.0,22.0,0.16,0.0,100.0,3.0,9.0,13.0,2.0,3.48484848484848,20.0,3.89393939393939,0.0,0.0,0.426900584795322,0.0,34.0,0.4,0.0,3.0,6.0,0.9959282,0.004071752,3
874,10,47.0,8.0,0.0,0.0,22.0,0.16,0.0,100.0,3.0,9.0,13.0,2.0,3.48484848484848,20.0,3.89393939393939,0.0,0.0,0.426900584795322,0.0,34.0,0.4,0.0,3.0,6.0,0.9976067,0.0023933027,4
874,11,47.0,8.0,0.0,0.0,22.0,0.16,0.0,100.0,3.0,9.0,13.0,2.0,3.48484848484848,20.0,3.89393939393939,0.0,0.0,0.426900584795322,0.0,69.0,0.4,0.0,3.0,6.0,0.9982114,0.0017886125,5
874,12,47.0,1.0,0.0,0.0,22.0,0.16,0.0,100.0,3.0,9.0,13.0,2.0,3.48484848484848,20.0,3.89393939393939,0.0,0.0,0.426900584795322,0.0,34.0,0.0,0.0,3.0,6.0,0.99867195,0.0013280654,4
874,13,47.0,1.0,0.0,0.0,22.0,0.16,0.0,100.0,3.0,9.0,13.0,2.0,3.48484848484848,20.0,3.89393939393939,0.0,0.0,0.426900584795322,0.0,69.0,0.0,0.0,3.0,6.0,0.99900025,0.0009997527,5
874,14,47.0,1.0,6.0,0.0,22.0,0.16,0.0,100.0,3.0,9.0,38.0,2.0,3.48484848484848,0.0,3.89393939393939,0.0,0.0,0.426900584795322,0.0,34.0,0.0,0.0,3.0,6.0,0.79666495,0.20333503,1
874,15,47.0,1.0,1.0,0.0,22.0,0.16,0.0,100.0,3.0,9.0,38.0,2.0,3.48484848484848,0.0,3.89393939393939,0.0,0.0,0.426900584795322,0.0,34.0,0.4,0.0,3.0,6.0,0.67770004,0.32229993,1
874,16,47.0,1.0,0.0,0.0,22.0,0.16,0.0,100.0,3.0,9.0,38.0,2.0,3.48484848484848,20.0,3.89393939393939,0.0,0.0,0.426900584795322,0.0,34.0,0.0,0.0,3.0,6.0,0.9891036,0.010896411,3
874,17,47.0,1.0,6.0,0.0,22.0,0.16,0.0,100.0,3.0,9.0,38.0,2.0,3.48484848484848,1.0,3.89393939393939,0.0,0.0,0.426900584795322,0.0,2.0,0.4,0.0,3.0,6.0,0.6233262,0.37667385,2
874,18,3.0,1.0,6.0,0.0,22.0,0.16,0.0,100.0,3.0,9.0,38.0,2.0,3.48484848484848,0.0,3.89393939393939,0.0,0.0,0.426900584795322,0.0,2.0,0.4,0.0,3.0,6.0,0.5092201,0.49077988,2
874,19,47.0,1.0,6.0,0.0,22.0,0.16,0.0,100.0,3.0,9.0,6.0,2.0,4.4,0.0,3.89393939393939,0.0,0.0,0.426900584795322,0.0,0.0,0.0,0.0,3.0,0.0,0.99976826,0.00023176728,5
880,0,6.0,1.0,2.0,2.0,0.0,0.34,0.0,44.0,1.0,0.0,14.0,2.0,1.78571428571429,0.0,2.8,0.0,1.0,0.238095238095238,0.0,49.0,0.333333333333333,0.0,3.0,4.0,0.61870223,0.38129777,1
880,1,6.0,1.0,2.0,2.0,0.0,0.34,0.0,44.0,1.0,0.0,14.0,2.0,1.78571428571429,0.0,1.0,0.0,1.0,0.238095238095238,0.0,49.0,1.0,0.0,3.0,4.0,0.98290384,0.01709614,2
880,2,6.0,1.0,2.0,2.0,0.0,0.34,0.0,87.0,1.0,0.0,14.0,2.0,1.78571428571429,0.0,6.5,0.0,1.0,0.238095238095238,0.0,49.0,0.333333333333333,0.0,3.0,4.0,0.67390174,0.32609826,1
880,3,6.0,1.0,2.0,2.0,0.0,0.34,0.0,87.0,1.0,0.0,14.0,2.0,1.78571428571429,0.0,1.0,0.0,1.0,0.3,0.0,49.0,1.0,0.0,3.0,4.0,0.99725264,0.0027473583,4
880,4,6.0,1.0,2.0,2.0,0.0,0.34,15.0,44.0,1.0,0.0,14.0,2.0,1.78571428571429,0.0,1.0,0.0,1.0,0.238095238095238,0.0,49.0,1.0,0.0,3.0,4.0,0.99415946,0.0058405558,3
880,5,3.0,1.0,2.0,2.0,0.0,0.34,15.0,44.0,1.0,0.0,14.0,2.0,1.78571428571429,0.0,1.0,0.0,1.0,0.238095238095238,0.0,49.0,1.0,0.0,3.0,4.0,0.9946832,0.00531677,4
880,6,3.0,1.0,5.0,2.0,0.0,0.34,15.0,44.0,1.0,0.0,14.0,2.0,1.78571428571429,0.0,1.0,0.0,1.0,0.238095238095238,0.0,49.0,1.0,0.0,3.0,4.0,0.99493057,0.0050694197,5
880,7,3.0,1.0,5.0,2.0,0.0,0.34,15.0,44.0,1.0,0.0,14.0,2.0,1.78571428571429,0.0,1.0,0.0,1.0,0.238095238095238,0.0,49.0,0.0,0.0,3.0,4.0,0.9960302,0.00396979,5
880,8,6.0,1.0,2.0,2.0,0.0,0.34,0.0,87.0,1.0,0.0,14.0,2.0,1.78571428571429,0.0,1.0,0.0,1.0,0.238095238095238,0.0,49.0,0.333333333333333,0.0,3.0,4.0,0.982569,0.017431023,2
880,9,6.0,8.0,2.0,2.0,0.0,0.34,0.0,87.0,1.0,0.0,14.0,2.0,1.78571428571429,0.0,1.0,0.0,1.0,0.238095238095238,0.0,49.0,0.333333333333333,0.0,3.0,4.0,0.98770756,0.012292464,3
880,10,6.0,8.0,247.0,2.0,0.0,0.34,0.0,87.0,1.0,0.0,14.0,2.0,1.78571428571429,0.0,1.0,0.0,1.0,0.238095238095238,0.0,49.0,0.333333333333333,0.0,3.0,4.0,0.9896818,0.0103182,4
880,11,6.0,8.0,247.0,2.0,0.0,0.34,0.0,100.0,1.0,0.0,14.0,2.0,1.78571428571429,0.0,1.0,0.0,1.0,0.238095238095238,0.0,49.0,0.333333333333333,0.0,3.0,4.0,0.99084675,0.009153226,4
880,12,6.0,1.0,2.0,2.0,0.0,0.34,0.0,44.0,1.0,0.0,14.0,2.0,1.78571428571429,0.0,6.5,0.0,1.0,0.238095238095238,0.0,49.0,0.0,0.0,3.0,4.0,0.6516577,0.34834233,1
880,13,6.0,1.0,2.0,0.0,0.0,0.34,0.0,44.0,1.0,0.0,14.0,2.0,1.78571428571429,0.0,6.5,0.0,1.0,0.238095238095238,0.0,49.0,1.0,0.0,3.0,4.0,0.9617105,0.038289513,2
880,14,6.0,1.0,2.0,0.0,0.0,0.34,0.0,87.0,1.0,0.0,14.0,2.0,1.78571428571429,0.0,6.5,0.0,1.0,0.238095238095238,0.0,49.0,1.0,0.0,3.0,4.0,0.98135066,0.018649362,3
880,15,6.0,1.0,0.0,0.0,0.0,0.34,0.0,87.0,1.0,0.0,14.0,2.0,1.78571428571429,0.0,6.5,0.0,1.0,0.238095238095238,0.0,49.0,1.0,0.0,3.0,4.0,0.98762554,0.01237448,4
880,16,6.0,1.0,0.0,0.0,0.0,0.34,0.0,87.0,1.0,0.0,14.0,2.0,1.78571428571429,0.0,6.5,0.0,1.0,0.5,0.0,49.0,1.0,0.0,3.0,4.0,0.9914173,0.008582706,5
880,17,6.0,1.0,0.0,0.0,0.0,0.34,0.0,87.0,1.0,0.0,14.0,2.0,1.78571428571429,0.0,6.5,0.0,1.0,0.5,0.0,49.0,0.0,0.0,3.0,4.0,0.9930018,0.006998173,5
880,18,6.0,1.0,2.0,2.0,0.0,0.34,0.0,87.0,1.0,0.0,14.0,2.0,1.78571428571429,0.0,1.0,31.0,1.0,0.238095238095238,0.0,49.0,1.0,0.0,3.0,4.0,0.99744993,0.0025500583,4
880,19,6.0,1.0,2.0,2.0,0.0,0.34,0.0,87.0,1.0,0.0,14.0,2.0,1.78571428571429,20.0,1.0,31.0,1.0,0.238095238095238,0.0,49.0,1.0,0.0,3.0,4.0,0.99840903,0.001590945,5
892,0,8.0,2.0,9.0,1.0,1.0,0.17,1.0,80.0,3.0,0.0,13.0,1.0,4.13636363636364,1.0,7.72727272727273,1.0,1.0,1.23076923076923,0.0,115.0,0.4,0.0,3.0,2.0,0.96352386,0.036476117,1
892,1,8.0,2.0,9.0,1.0,1.0,0.17,1.0,80.0,3.0,0.0,13.0,1.0,4.13636363636364,1.0,7.72727272727273,1.0,1.0,1.23076923076923,0.0,115.0,0.0,0.0,3.0,2.0,0.9932624,0.006737595,2
892,2,8.0,2.0,9.0,1.0,1.0,0.17,1.0,80.0,3.0,0.0,13.0,1.0,4.13636363636364,1.0,7.72727272727273,31.0,1.0,1.23076923076923,0.0,115.0,0.0,0.0,3.0,2.0,0.99757165,0.0024283726,3
892,3,8.0,2.0,9.0,1.0,1.0,0.17,1.0,80.0,3.0,0.0,28.0,1.0,4.13636363636364,1.0,7.72727272727273,2.0,1.0,1.23076923076923,0.0,2.0,0.4,0.0,3.0,2.0,0.52882683,0.47117314,2
892,4,8.0,2.0,9.0,1.0,1.0,0.17,1.0,80.0,3.0,0.0,0.0,1.0,4.13636363636364,1.0,7.72727272727273,31.0,1.0,1.23076923076923,0.0,0.0,0.0,0.0,3.0,2.0,0.9992255,0.0007745322,4
892,5,8.0,2.0,9.0,0.0,1.0,0.17,1.0,80.0,3.0,0.0,0.0,1.0,4.13636363636364,1.0,7.72727272727273,31.0,1.0,1.23076923076923,0.0,0.0,0.0,0.0,3.0,2.0,0.99927264,0.00072733336,5
892,6,8.0,2.0,9.0,1.0,1.0,0.17,1.0,80.0,3.0,0.0,13.0,1.0,4.13636363636364,1.0,7.72727272727273,31.0,1.0,1.23076923076923,0.0,115.0,0.4,0.0,3.0,2.0,0.9865966,0.013403445,2
892,7,8.0,2.0,9.0,1.0,1.0,0.17,1.0,98.0,3.0,0.0,13.0,1.0,4.13636363636364,1.0,7.72727272727273,31.0,1.0,1.23076923076923,0.0,115.0,0.4,0.0,3.0,2.0,0.9929477,0.0070523294,3
892,8,8.0,8.0,9.0,1.0,1.0,0.17,1.0,98.0,3.0,0.0,13.0,1.0,4.13636363636364,1.0,7.72727272727273,31.0,1.0,1.23076923076923,0.0,115.0,0.4,0.0,3.0,2.0,0.9952775,0.0047224867,4
892,9,8.0,8.0,9.0,1.0,1.0,0.17,1.0,98.0,3.0,0.0,13.0,1.0,4.13636363636364,1.0,7.72727272727273,31.0,1.0,1.23076923076923,0.0,0.0,0.4,0.0,3.0,2.0,0.99558896,0.0044110324,5
892,10,8.0,8.0,9.0,1.0,1.0,0.17,1.0,98.0,3.0,0.0,0.0,1.0,4.13636363636364,1.0,7.72727272727273,31.0,1.0,1.23076923076923,0.0,0.0,0.4,0.0,3.0,2.0,0.99569404,0.0043059597,5
892,11,8.0,2.0,9.0,1.0,1.0,0.17,1.0,80.0,3.0,0.0,13.0,1.0,4.13636363636364,1.0,7.72727272727273,31.0,1.0,1.23076923076923,0.0,0.0,0.4,0.0,3.0,2.0,0.99284124,0.0071587716,3
892,12,8.0,2.0,9.0,1.0,1.0,0.17,1.0,80.0,3.0,0.0,13.0,1.0,4.13636363636364,1.0,7.72727272727273,31.0,1.0,1.23076923076923,0.0,0.0,0.4,0.0,3.0,1.0,0.99461436,0.00538561,4
892,13,8.0,2.0,9.0,1.0,1.0,0.17,1.0,80.0,3.0,0.0,0.0,1.0,4.13636363636364,1.0,7.72727272727273,31.0,1.0,1.23076923076923,0.0,0.0,0.4,0.0,3.0,1.0,0.9949018,0.0050982437,4
892,14,8.0,2.0,9.0,0.0,1.0,0.17,1.0,80.0,3.0,0.0,0.0,1.0,4.13636363636364,1.0,7.72727272727273,31.0,1.0,1.23076923076923,0.0,0.0,0.4,0.0,3.0,1.0,0.9952112,0.0047888225,5
892,15,8.0,2.0,9.0,1.0,1.0,0.17,1.0,80.0,3.0,0.0,13.0,5.0,4.13636363636364,1.0,7.72727272727273,1.0,1.0,1.23076923076923,0.0,115.0,0.4,0.0,3.0,2.0,0.9884943,0.011505735,2
892,16,8.0,2.0,9.0,1.0,1.0,0.17,1.0,80.0,3.0,0.0,13.0,5.0,4.13636363636364,1.0,7.72727272727273,31.0,1.0,1.23076923076923,0.0,115.0,0.4,0.0,3.0,2.0,0.9952361,0.004763912,3
892,17,8.0,2.0,9.0,1.0,1.0,0.17,1.0,80.0,3.0,0.0,13.0,5.0,4.13636363636364,1.0,7.72727272727273,31.0,1.0,1.23076923076923,0.0,0.0,0.4,0.0,3.0,2.0,0.99770844,0.0022915592,4
892,18,8.0,2.0,9.0,0.0,1.0,0.17,1.0,80.0,3.0,0.0,13.0,5.0,4.13636363636364,1.0,7.72727272727273,31.0,1.0,1.23076923076923,0.0,0.0,0.4,0.0,3.0,2.0,0.9979969,0.0020030453,5
892,19,8.0,2.0,9.0,1.0,1.0,0.17,1.0,80.0,3.0,45.0,13.0,1.0,4.13636363636364,1.0,7.72727272727273,31.0,1.0,1.23076923076923,0.0,115.0,0.4,0.0,3.0,2.0,0.9931616,0.0068383804,3
896,0,2.0,1.0,3.0,3.0,2.0,0.15,3.0,90.0,3.0,1.0,19.0,2.0,4.25490196078431,0.0,13.078431372549,1.0,1.0,1.57894736842105,0.0,664.0,0.25,0.0,3.0,14.0,0.5659374,0.43406257,1
896,1,0.0,1.0,3.0,3.0,2.0,0.15,3.0,90.0,3.0,1.0,13.0,2.0,4.25490196078431,0.0,13.078431372549,1.0,1.0,1.57894736842105,0.0,664.0,0.25,0.0,3.0,14.0,0.99711573,0.0028842853,2
896,2,0.0,1.0,3.0,3.0,2.0,0.15,3.0,90.0,3.0,1.0,13.0,2.0,4.25490196078431,0.0,13.078431372549,1.0,1.0,1.57894736842105,0.0,664.0,0.0,0.0,3.0,14.0,0.998929,0.0010709561,3
896,3,0.0,1.0,3.0,3.0,2.0,0.15,3.0,90.0,3.0,1.0,13.0,2.0,4.25490196078431,0.0,13.078431372549,31.0,1.0,1.57894736842105,0.0,664.0,0.0,0.0,3.0,14.0,0.9992093,0.0007907023,4
896,4,0.0,1.0,3.0,3.0,2.0,0.15,3.0,90.0,3.0,1.0,13.0,2.0,4.25490196078431,0.0,13.078431372549,31.0,1.0,1.57894736842105,0.0,18.0,0.0,0.0,3.0,14.0,0.9994791,0.0005208707,5
896,5,0.0,1.0,3.0,3.0,2.0,0.15,3.0,90.0,3.0,1.0,4.0,2.0,4.25490196078431,0.0,13.078431372549,31.0,1.0,1.57894736842105,0.0,18.0,0.0,0.0,3.0,14.0,0.9995222,0.00047776938,5
896,6,0.0,1.0,3.0,3.0,2.0,0.15,3.0,90.0,3.0,1.0,13.0,5.0,4.25490196078431,0.0,13.078431372549,1.0,1.0,1.57894736842105,0.0,664.0,0.25,0.0,3.0,14.0,0.9981704,0.0018296386,3
896,7,0.0,1.0,3.0,3.0,2.0,0.15,3.0,90.0,3.0,1.0,13.0,5.0,4.25490196078431,0.0,13.078431372549,1.0,1.0,1.57894736842105,0.0,18.0,0.25,0.0,3.0,14.0,0.9985726,0.001427436,4
896,8,0.0,1.0,3.0,3.0,2.0,0.15,3.0,90.0,3.0,1.0,13.0,5.0,4.25490196078431,0.0,13.078431372549,1.0,1.0,1.57894736842105,0.0,664.0,0.0,0.0,3.0,14.0,0.99915373,0.00084627856,4
896,9,0.0,1.0,3.0,3.0,2.0,0.15,3.0,90.0,3.0,1.0,13.0,5.0,4.25490196078431,0.0,13.078431372549,1.0,1.0,1.57894736842105,0.0,18.0,0.0,0.0,3.0,14.0,0.9993235,0.00067648565,5
896,10,0.0,1.0,3.0,3.0,2.0,0.15,3.0,90.0,3.0,1.0,3.0,5.0,4.25490196078431,0.0,13.078431372549,1.0,1.0,1.57894736842105,0.0,18.0,0.0,0.0,3.0,14.0,0.9994985,0.00050149806,5
896,11,2.0,8.0,3.0,3.0,2.0,0.15,3.0,90.0,3.0,1.0,13.0,2.0,4.25490196078431,0.0,13.078431372549,1.0,1.0,1.57894736842105,0.0,664.0,0.25,0.0,3.0,14.0,0.99455416,0.005445839,2
896,12,2.0,8.0,3.0,3.0,2.0,0.15,3.0,90.0,3.0,1.0,13.0,2.0,4.25490196078431,0.0,13.078431372549,1.0,1.0,1.57894736842105,0.0,18.0,0.25,0.0,3.0,14.0,0.9961589,0.0038411021,3
896,13,2.0,8.0,3.0,3.0,2.0,0.15,3.0,90.0,3.0,1.0,13.0,2.0,4.25490196078431,0.0,13.078431372549,31.0,1.0,1.57894736842105,0.0,18.0,0.25,0.0,3.0,14.0,0.99754953,0.002450468,4
896,14,2.0,1.0,3.0,3.0,2.0,0.15,0.0,90.0,3.0,1.0,13.0,2.0,4.25490196078431,0.0,13.078431372549,1.0,1.0,1.57894736842105,0.0,664.0,0.25,0.0,3.0,14.0,0.9911023,0.008897728,2
896,15,2.0,1.0,3.0,3.0,2.0,0.15,0.0,90.0,3.0,45.0,13.0,2.0,4.25490196078431,0.0,13.078431372549,1.0,1.0,1.57894736842105,0.0,664.0,0.25,0.0,3.0,14.0,0.99488777,0.0051122033,3
896,16,2.0,1.0,3.0,3.0,2.0,0.15,0.0,90.0,3.0,45.0,13.0,2.0,4.25490196078431,0.0,13.078431372549,31.0,1.0,1.57894736842105,0.0,664.0,0.25,0.0,3.0,14.0,0.99631613,0.0036838797,4
896,17,2.0,1.0,3.0,3.0,2.0,0.15,0.0,90.0,3.0,45.0,13.0,2.0,4.25490196078431,0.0,13.078431372549,31.0,1.0,1.57894736842105,0.0,18.0,0.25,0.0,3.0,14.0,0.9971712,0.0028287878,5
896,18,2.0,1.0,3.0,3.0,2.0,0.15,3.0,90.0,3.0,1.0,13.0,2.0,4.25490196078431,0.0,13.078431372549,1.0,1.0,1.57894736842105,0.0,664.0,0.0,0.0,3.0,14.0,0.99476206,0.005237932,2
896,19,2.0,1.0,3.0,3.0,2.0,0.15,3.0,90.0,3.0,1.0,13.0,2.0,4.25490196078431,0.0,13.078431372549,31.0,1.0,1.57894736842105,0.0,664.0,0.0,0.0,3.0,14.0,0.99612856,0.0038714665,3
899,0,3.0,1.0,4.0,1.0,0.0,0.22,1.0,84.0,4.0,0.0,17.0,2.0,4.5,0.0,7.07142857142857,2.0,1.0,0.9,0.0,6.0,0.0,0.0,1.0,6.0,0.9051559,0.09484412,1
899,1,1.0,1.0,4.0,1.0,0.0,0.22,1.0,84.0,4.0,0.0,17.0,2.0,4.5,0.0,7.07142857142857,2.0,1.0,0.9,0.0,6.0,0.4,0.0,1.0,6.0,0.7345855,0.2654145,1
899,2,3.0,1.0,4.0,1.0,0.0,0.22,1.0,84.0,4.0,0.0,13.0,2.0,4.5,0.0,7.07142857142857,2.0,1.0,0.9,0.0,6.0,0.4,0.0,1.0,6.0,0.84434175,0.15565822,1
899,3,3.0,1.0,4.0,1.0,0.0,0.22,1.0,84.0,4.0,0.0,17.0,2.0,4.5,0.0,7.07142857142857,2.0,1.0,0.9,0.0,2.0,0.4,0.0,1.0,6.0,0.5455961,0.45440388,1
899,4,0.0,1.0,1.0,1.0,0.0,0.22,1.0,84.0,4.0,0.0,13.0,2.0,4.5,0.0,7.07142857142857,2.0,1.0,0.9,0.0,69.0,0.0,0.0,1.0,6.0,0.9997697,0.00023030199,5
899,5,0.0,1.0,4.0,1.0,0.0,0.22,1.0,84.0,4.0,0.0,17.0,2.0,4.5,0.0,7.07142857142857,2.0,1.0,0.9,0.0,6.0,0.4,0.0,1.0,6.0,0.8551199,0.1448801,1
899,6,0.0,1.0,4.0,1.0,0.0,0.22,1.0,84.0,4.0,0.0,13.0,2.0,4.5,0.0,7.07142857142857,2.0,1.0,0.9,0.0,6.0,0.4,0.0,1.0,6.0,0.99001265,0.009987341,2
899,7,3.0,2.0,4.0,1.0,0.0,0.22,1.0,84.0,4.0,0.0,17.0,2.0,4.5,0.0,7.07142857142857,2.0,1.0,0.9,0.0,6.0,0.4,0.0,1.0,6.0,0.5608138,0.4391862,1
899,8,0.0,8.0,4.0,1.0,0.0,0.22,1.0,84.0,4.0,0.0,13.0,2.0,4.5,0.0,7.07142857142857,2.0,1.0,0.9,0.0,2.0,0.4,0.0,1.0,6.0,0.99750525,0.0024947454,4
899,9,0.0,8.0,4.0,1.0,0.0,0.22,1.0,84.0,4.0,45.0,13.0,2.0,4.5,0.0,7.07142857142857,2.0,1.0,0.9,0.0,2.0,0.4,0.0,1.0,6.0,0.9981541,0.0018458687,5
899,10,3.0,1.0,4.0,1.0,0.0,0.22,1.0,84.0,4.0,0.0,17.0,2.0,4.5,0.0,7.07142857142857,2.0,1.0,0.9,0.0,69.0,0.0,0.0,1.0,6.0,0.9811929,0.018807141,2
899,11,3.0,1.0,4.0,1.0,0.0,0.22,1.0,84.0,4.0,0.0,17.0,2.0,4.5,0.0,0.0,2.0,1.0,0.9,0.0,69.0,0.0,0.0,1.0,6.0,0.994843,0.005157017,3
899,12,3.0,1.0,1.0,1.0,0.0,0.22,1.0,84.0,4.0,0.0,17.0,2.0,4.5,0.0,7.07142857142857,2.0,1.0,0.9,0.0,6.0,0.4,0.0,1.0,6.0,0.72357595,0.27642402,1
899,13,3.0,1.0,247.0,1.0,0.0,0.22,1.0,84.0,4.0,0.0,17.0,5.0,4.5,0.0,0.0,2.0,1.0,0.9,0.0,69.0,0.0,0.0,1.0,6.0,0.99793464,0.0020653836,5
899,14,3.0,1.0,4.0,1.0,0.0,0.22,1.0,84.0,4.0,0.0,13.0,2.0,4.5,0.0,7.07142857142857,2.0,1.0,0.9,0.0,6.0,0.0,0.0,1.0,6.0,0.99041235,0.009587621,2
899,15,3.0,1.0,4.0,1.0,0.0,0.22,1.0,84.0,4.0,0.0,17.0,2.0,4.5,0.0,2.8,2.0,1.0,0.9,0.0,6.0,0.4,0.0,1.0,6.0,0.507036,0.49296403,1
899,16,3.0,1.0,4.0,1.0,0.0,0.22,1.0,84.0,4.0,0.0,13.0,2.0,4.5,0.0,0.0,2.0,1.0,0.9,0.0,0.0,0.0,0.0,1.0,6.0,0.99939054,0.00060945714,4
899,17,3.0,1.0,247.0,1.0,0.0,0.22,1.0,84.0,4.0,0.0,13.0,2.0,4.5,0.0,0.0,2.0,1.0,0.9,0.0,0.0,0.0,0.0,1.0,6.0,0.99951047,0.00048953365,5
899,18,3.0,1.0,247.0,1.0,0.0,0.22,1.0,84.0,4.0,0.0,13.0,2.0,4.5,0.0,2.0,2.0,1.0,0.9,0.0,0.0,0.0,0.0,1.0,6.0,0.9995193,0.00048073853,5
899,19,0.0,8.0,0.0,1.0,0.0,0.22,1.0,84.0,4.0,0.0,13.0,2.0,4.5,0.0,7.07142857142857,2.0,1.0,0.9,0.0,6.0,0.4,0.0,1.0,6.0,0.99835116,0.0016488706,4
1595,0,0.0,1.0,0.0,2.0,0.0,0.32,1.0,25.0,1.0,0.0,19.0,1.0,3.5,2.0,15.25,5.0,1.0,0.0,0.0,45.0,1.0,0.0,1.0,3.0,0.9766668,0.023333197,1
1595,1,0.0,1.0,0.0,2.0,0.0,0.32,1.0,25.0,1.0,0.0,19.0,1.0,3.5,2.0,5.5,5.0,1.0,0.0,0.0,45.0,0.5,0.0,1.0,3.0,0.50426644,0.49573356,1
1595,2,0.0,1.0,0.0,2.0,0.0,0.32,1.0,25.0,1.0,0.0,13.0,1.0,3.5,2.0,1.0,5.0,1.0,0.0,0.0,45.0,1.0,0.0,1.0,3.0,0.99710214,0.0028978663,3
1595,3,0.0,1.0,247.0,2.0,0.0,0.32,1.0,25.0,1.0,0.0,19.0,1.0,3.5,2.0,15.25,5.0,1.0,0.0,0.0,45.0,0.5,0.0,1.0,3.0,0.7016884,0.29831162,1
1595,4,0.0,1.0,247.0,0.0,0.0,0.32,1.0,25.0,1.0,0.0,13.0,1.0,3.5,2.0,1.0,5.0,1.0,0.0,0.0,45.0,1.0,0.0,1.0,3.0,0.9994599,0.00054007955,5
1595,5,0.0,1.0,0.0,0.0,0.0,0.32,1.0,25.0,1.0,0.0,19.0,1.0,3.5,2.0,15.25,5.0,1.0,0.0,0.0,45.0,0.5,0.0,1.0,3.0,0.7383306,0.26166937,1
1595,6,0.0,1.0,0.0,6.0,0.0,0.32,1.0,25.0,1.0,0.0,19.0,1.0,3.5,2.0,1.0,5.0,1.0,0.0,0.0,45.0,0.5,0.0,1.0,3.0,0.92129135,0.07870867,2
1595,7,0.0,1.0,0.0,2.0,0.0,0.32,1.0,25.0,1.0,0.0,19.0,1.0,3.5,2.0,15.25,5.0,1.0,0.0,0.0,69.0,0.5,0.0,1.0,3.0,0.6473235,0.3526765,1
1595,8,0.0,1.0,0.0,6.0,0.0,0.32,1.0,25.0,1.0,0.0,19.0,5.0,3.5,2.0,1.0,5.0,1.0,0.0,0.0,0.0,0.5,0.0,1.0,3.0,0.9890721,0.010927933,4
1595,9,0.0,1.0,0.0,6.0,0.0,0.32,1.0,25.0,2.0,0.0,19.0,5.0,3.5,2.0,1.0,5.0,1.0,0.0,0.0,0.0,0.5,0.0,1.0,3.0,0.9900455,0.009954491,5
1595,10,0.0,1.0,247.0,2.0,0.0,0.32,1.0,25.0,1.0,0.0,19.0,1.0,3.5,2.0,15.25,5.0,1.0,0.0,0.0,45.0,1.0,0.0,1.0,3.0,0.992118,0.0078819925,2
1595,11,0.0,1.0,247.0,2.0,0.0,0.32,1.0,25.0,1.0,0.0,19.0,1.0,3.5,2.0,15.25,5.0,1.0,0.7,0.0,45.0,1.0,0.0,1.0,3.0,0.9957009,0.0042991,3
1595,12,0.0,1.0,247.0,2.0,0.0,0.32,1.0,25.0,1.0,0.0,19.0,5.0,3.5,2.0,15.25,5.0,1.0,0.7,0.0,45.0,1.0,0.0,1.0,3.0,0.9979674,0.0020325854,4
1595,13,0.0,1.0,247.0,2.0,0.0,0.32,1.0,25.0,1.0,0.0,19.0,5.0,3.5,2.0,15.25,31.0,1.0,0.7,0.0,45.0,1.0,0.0,1.0,3.0,0.998709,0.0012909804,5
1595,14,0.0,1.0,0.0,2.0,0.0,0.32,1.0,25.0,1.0,0.0,19.0,1.0,3.5,2.0,1.0,5.0,1.0,0.0,0.0,0.0,1.0,0.0,1.0,3.0,0.9989021,0.0010979301,3
1595,15,0.0,1.0,0.0,2.0,0.0,0.73,1.0,25.0,1.0,0.0,19.0,1.0,3.5,2.0,1.0,5.0,1.0,0.0,0.0,0.0,1.0,0.0,1.0,3.0,0.9995027,0.00049725897,4
1595,16,0.0,1.0,247.0,6.0,0.0,0.32,1.0,25.0,1.0,0.0,19.0,1.0,3.5,2.0,15.25,5.0,1.0,0.0,0.0,45.0,0.5,0.0,1.0,3.0,0.92740345,0.07259655,2
1595,17,0.0,1.0,247.0,6.0,2.0,0.32,1.0,25.0,1.0,0.0,19.0,1.0,3.5,2.0,15.25,5.0,1.0,0.0,0.0,45.0,0.5,0.0,1.0,3.0,0.95169777,0.048302248,3
1595,18,0.0,1.0,247.0,6.0,2.0,0.32,1.0,25.0,1.0,0.0,19.0,1.0,3.5,2.0,15.25,31.0,1.0,0.0,0.0,45.0,0.5,0.0,1.0,3.0,0.96176773,0.03823225,4
1595,19,0.0,1.0,0.0,2.0,0.0,0.32,1.0,25.0,1.0,0.0,13.0,1.0,3.5,2.0,15.25,5.0,1.0,0.0,0.0,45.0,0.5,0.0,1.0,3.0,0.67308784,0.32691216,1
1597,0,0.0,2.0,3.0,1.0,0.0,0.16,1.0,79.0,1.0,0.0,13.0,1.0,5.5,1.0,8.33333333333333,1.0,1.0,1.14285714285714,0.0,0.0,1.0,0.0,1.0,1.0,0.9103253,0.08967472,1
1597,1,0.0,2.0,0.0,1.0,0.0,0.16,1.0,79.0,1.0,0.0,0.0,1.0,5.5,1.0,8.33333333333333,1.0,1.0,1.14285714285714,0.0,0.0,1.0,0.0,1.0,1.0,0.9984774,0.0015225804,2
1597,2,0.0,2.0,3.0,1.0,0.0,0.16,1.0,50.0,1.0,0.0,19.0,1.0,5.5,1.0,8.33333333333333,1.0,1.0,1.14285714285714,0.0,0.0,1.0,0.0,1.0,1.0,0.727743,0.272257,1
1597,3,0.0,2.0,0.0,1.0,0.0,0.16,1.0,0.0,1.0,0.0,0.0,1.0,5.5,1.0,6.9,1.0,1.0,1.14285714285714,0.0,0.0,1.0,0.0,1.0,1.0,0.9998492,0.00015081125,4
1597,4,0.0,1.0,0.0,1.0,0.0,0.16,1.0,0.0,1.0,0.0,0.0,1.0,5.5,1.0,6.9,1.0,1.0,1.14285714285714,0.0,0.0,1.0,0.0,1.0,1.0,0.9999044,9.56215e-05,5
1597,5,0.0,1.0,0.0,1.0,0.0,0.16,1.0,0.0,1.0,0.0,3.0,1.0,5.5,1.0,6.9,1.0,1.0,1.14285714285714,0.0,0.0,1.0,0.0,1.0,1.0,0.9999307,6.930876e-05,5
1597,6,0.0,1.0,0.0,1.0,0.0,0.16,1.0,72.0,1.0,0.0,3.0,1.0,5.5,1.0,6.9,1.0,1.0,1.14285714285714,0.0,0.0,1.0,0.0,1.0,1.0,0.99993134,6.865555e-05,5
1597,7,0.0,2.0,1.0,1.0,0.0,0.16,1.0,79.0,1.0,0.0,19.0,1.0,5.5,1.0,8.33333333333333,1.0,1.0,1.14285714285714,0.0,0.0,1.0,0.0,1.0,1.0,0.9062111,0.09378891,1
1597,8,0.0,2.0,0.0,0.0,0.0,0.16,1.0,79.0,1.0,0.0,19.0,1.0,5.5,1.0,8.33333333333333,1.0,1.0,1.14285714285714,0.0,0.0,1.0,0.0,1.0,1.0,0.9883325,0.011667513,2
1597,9,0.0,1.0,0.0,0.0,0.0,0.16,1.0,79.0,1.0,0.0,19.0,1.0,5.5,1.0,8.33333333333333,1.0,1.0,1.14285714285714,0.0,0.0,1.0,0.0,1.0,1.0,0.9983102,0.0016898215,3
1597,10,0.0,1.0,0.0,0.0,0.0,0.16,1.0,79.0,1.0,0.0,19.0,1.0,5.5,1.0,8.33333333333333,2.0,1.0,1.14285714285714,0.0,0.0,1.0,0.0,1.0,1.0,0.9989702,0.0010297976,4
1597,11,0.0,2.0,3.0,1.0,0.0,0.16,1.0,79.0,1.0,0.0,0.0,1.0,5.5,1.0,4.3,1.0,1.0,1.14285714285714,0.0,0.0,1.0,0.0,1.0,1.0,0.9964409,0.003559132,2
1597,12,0.0,2.0,3.0,0.0,0.0,0.16,1.0,79.0,1.0,0.0,0.0,1.0,5.5,1.0,4.3,1.0,1.0,1.14285714285714,0.0,0.0,1.0,0.0,1.0,1.0,0.99861014,0.0013898403,3
1597,13,0.0,2.0,3.0,1.0,0.0,0.16,1.0,79.0,1.0,45.0,19.0,1.0,5.5,1.0,8.33333333333333,1.0,1.0,1.14285714285714,0.0,0.0,1.0,0.0,1.0,1.0,0.6046555,0.39534447,1
1597,14,0.0,2.0,3.0,0.0,0.0,0.16,1.0,79.0,1.0,45.0,0.0,5.0,5.5,1.0,4.3,1.0,1.0,1.14285714285714,0.0,0.0,1.0,0.0,1.0,1.0,0.99957895,0.00042107044,5
1597,15,0.0,2.0,3.0,1.0,0.0,0.16,1.0,79.0,1.0,0.0,19.0,1.0,5.5,1.0,8.33333333333333,2.0,1.0,1.14285714285714,0.0,0.0,1.0,0.0,1.0,1.0,0.63351935,0.36648065,1
1597,16,0.0,1.0,3.0,1.0,0.0,0.16,1.0,79.0,1.0,0.0,0.0,1.0,5.5,1.0,8.33333333333333,31.0,1.0,1.14285714285714,0.0,0.0,1.0,0.0,1.0,1.0,0.9995277,0.00047229673,3
1597,17,0.0,1.0,3.0,1.0,0.0,0.16,1.0,79.0,1.0,0.0,0.0,1.0,5.5,1.0,6.9,31.0,1.0,1.14285714285714,0.0,0.0,1.0,0.0,1.0,1.0,0.99985886,0.00014112174,4
1597,18,0.0,2.0,3.0,1.0,0.0,0.16,1.0,79.0,1.0,0.0,19.0,1.0,5.5,1.0,6.9,1.0,1.0,1.14285714285714,0.0,0.0,1.0,0.0,1.0,1.0,0.57798445,0.42201558,1
1597,19,0.0,2.0,0.0,0.0,0.0,0.16,1.0,79.0,1.0,0.0,19.0,1.0,5.5,1.0,2.0,1.0,1.0,1.14285714285714,0.0,0.0,1.0,0.0,1.0,1.0,0.9965105,0.0034894678,3
913,0,0.0,1.0,2.0,0.0,0.0,0.09,5.0,44.0,1.0,0.0,24.0,1.0,4.5,1.0,11.8,1.0,1.0,0.583333333333333,0.0,329.0,1.0,0.0,3.0,3.0,0.94852716,0.051472846,1
913,1,0.0,1.0,2.0,0.0,0.0,0.09,5.0,44.0,1.0,0.0,24.0,1.0,4.5,1.0,11.8,1.0,1.0,0.583333333333333,0.0,6.0,0.5,0.0,3.0,3.0,0.69237524,0.30762476,1
913,2,0.0,1.0,0.0,0.0,0.0,0.09,5.0,44.0,1.0,0.0,24.0,1.0,4.5,1.0,11.8,1.0,1.0,0.583333333333333,0.0,0.0,1.0,0.0,3.0,3.0,0.9994707,0.0005292625,3
913,3,0.0,1.0,0.0,0.0,0.0,0.09,5.0,44.0,1.0,0.0,6.0,1.0,4.5,1.0,11.8,1.0,1.0,0.583333333333333,0.0,0.0,1.0,0.0,3.0,3.0,0.9996907,0.0003092855,4
913,4,0.0,1.0,0.0,0.0,0.0,0.09,5.0,44.0,1.0,0.0,6.0,1.0,4.5,1.0,11.8,1.0,1.0,0.583333333333333,0.0,2.0,1.0,0.0,3.0,3.0,0.9998155,0.00018447683,4
913,5,0.0,1.0,0.0,0.0,0.0,0.09,5.0,44.0,1.0,0.0,6.0,1.0,6.8,1.0,11.8,1.0,1.0,0.583333333333333,0.0,2.0,1.0,0.0,3.0,3.0,0.99985087,0.00014913127,5
913,6,0.0,1.0,2.0,0.0,0.0,0.09,5.0,44.0,1.0,0.0,6.0,1.0,4.5,1.0,11.8,1.0,1.0,0.583333333333333,0.0,0.0,1.0,0.0,3.0,3.0,0.99938655,0.00061347394,3
913,7,0.0,1.0,2.0,0.0,0.0,0.09,5.0,44.0,1.0,0.0,6.0,1.0,4.5,1.0,6.9,1.0,1.0,0.583333333333333,0.0,0.0,1.0,0.0,3.0,3.0,0.99975246,0.0002475145,4
913,8,0.0,1.0,2.0,0.0,0.0,0.09,5.0,44.0,1.0,0.0,6.0,1.0,4.5,1.0,6.9,1.0,1.0,0.583333333333333,0.0,2.0,1.0,0.0,3.0,3.0,0.9998535,0.00014651551,4
913,9,0.0,1.0,2.0,0.0,0.0,0.09,5.0,44.0,1.0,0.0,6.0,1.0,5.2,1.0,6.9,1.0,1.0,0.583333333333333,0.0,2.0,1.0,0.0,3.0,3.0,0.99985915,0.00014086254,5
913,10,0.0,1.0,2.0,0.0,0.0,0.09,5.0,44.0,1.0,0.0,6.0,1.0,4.5,1.0,11.8,1.0,1.0,0.583333333333333,0.0,2.0,1.0,0.0,3.0,3.0,0.999634,0.00036595788,3
913,11,0.0,1.0,2.0,0.0,0.0,0.09,5.0,44.0,1.0,45.0,6.0,1.0,4.5,1.0,11.8,1.0,1.0,0.583333333333333,0.0,2.0,1.0,0.0,3.0,3.0,0.9998122,0.00018781533,4
913,12,0.0,1.0,2.0,0.0,0.0,0.09,5.0,44.0,1.0,0.0,13.0,1.0,4.5,1.0,11.8,1.0,1.0,0.583333333333333,0.0,329.0,0.5,0.0,3.0,3.0,0.8406848,0.15931521,1
913,13,0.0,1.0,2.0,0.0,0.0,0.09,5.0,44.0,1.0,0.0,6.0,1.0,4.5,1.0,11.8,1.0,1.0,0.583333333333333,0.0,2.0,0.5,0.0,3.0,3.0,0.98157287,0.018427107,2
913,14,0.0,1.0,2.0,0.0,0.0,0.09,5.0,44.0,1.0,0.0,6.0,1.0,6.8,1.0,11.8,1.0,1.0,0.583333333333333,0.0,2.0,0.5,0.0,3.0,3.0,0.987159,0.012841001,3
913,15,0.0,1.0,2.0,0.0,0.0,0.09,5.0,0.0,1.0,0.0,6.0,1.0,6.8,1.0,11.8,1.0,1.0,0.583333333333333,0.0,2.0,0.5,0.0,3.0,3.0,0.9908658,0.009134196,4
913,16,0.0,1.0,2.0,0.0,0.0,0.09,5.0,0.0,2.0,0.0,6.0,1.0,6.8,1.0,11.8,1.0,1.0,0.583333333333333,0.0,2.0,0.5,0.0,3.0,3.0,0.9914623,0.008537704,5
913,17,0.0,1.0,2.0,0.0,0.0,0.09,5.0,44.0,1.0,0.0,6.0,5.0,4.5,1.0,11.8,1.0,1.0,0.583333333333333,0.0,2.0,1.0,0.0,3.0,3.0,0.9997071,0.00029291253,4
913,18,0.0,1.0,0.0,0.0,0.0,0.09,0.0,44.0,1.0,0.0,24.0,1.0,4.5,1.0,11.8,1.0,1.0,0.583333333333333,0.0,0.0,1.0,0.0,3.0,3.0,0.99973,0.00027000715,4
913,19,0.0,1.0,0.0,0.0,0.0,0.09,0.0,44.0,1.0,45.0,24.0,1.0,4.5,1.0,11.8,1.0,1.0,0.583333333333333,0.0,0.0,1.0,0.0,3.0,3.0,0.99985653,0.00014344754,5
1598,0,0.0,1.0,3.0,4.0,0.0,0.4,2.0,63.0,1.0,0.0,25.0,1.0,4.66666666666667,0.0,10.4,2.0,1.0,0.705882352941177,0.0,4.0,0.0,0.0,1.0,1.0,0.8638037,0.13619633,1
1598,1,0.0,1.0,3.0,4.0,0.0,0.4,2.0,63.0,1.0,0.0,25.0,1.0,4.66666666666667,0.0,1.0,2.0,1.0,0.705882352941177,0.0,4.0,0.0,0.0,1.0,1.0,0.97883415,0.021165865,2
1598,2,0.0,1.0,3.0,4.0,0.0,0.4,2.0,63.0,1.0,0.0,25.0,2.0,4.66666666666667,0.0,5.5,2.0,1.0,0.705882352941177,0.0,4.0,0.5,0.0,1.0,1.0,0.52887124,0.47112876,2
1598,3,0.0,1.0,0.0,4.0,0.0,0.4,2.0,63.0,1.0,0.0,25.0,5.0,4.66666666666667,0.0,1.0,2.0,1.0,0.705882352941177,0.0,4.0,0.0,0.0,1.0,1.0,0.9990146,0.0009853964,4
1598,4,0.0,1.0,0.0,6.0,0.0,0.4,2.0,63.0,1.0,0.0,25.0,5.0,4.66666666666667,0.0,1.0,2.0,1.0,0.705882352941177,0.0,4.0,0.0,0.0,1.0,1.0,0.99956626,0.00043377184,5
1598,5,0.0,1.0,3.0,4.0,2.0,0.4,2.0,63.0,1.0,0.0,25.0,5.0,4.66666666666667,0.0,1.0,2.0,1.0,0.705882352941177,0.0,4.0,0.0,0.0,1.0,1.0,0.9971401,0.0028599016,4
1598,6,0.0,1.0,3.0,6.0,0.0,0.4,2.0,63.0,1.0,0.0,25.0,1.0,4.66666666666667,0.0,10.4,2.0,1.0,0.705882352941177,0.0,4.0,0.0,0.0,1.0,1.0,0.95802695,0.04197307,2
1598,7,0.0,1.0,3.0,6.0,0.0,0.4,2.0,63.0,1.0,0.0,25.0,1.0,4.66666666666667,0.0,10.4,3.0,1.0,0.705882352941177,0.0,4.0,0.5,0.0,1.0,1.0,0.52098507,0.47901493,2
1598,8,0.0,1.0,3.0,4.0,0.0,0.4,15.0,63.0,1.0,0.0,25.0,1.0,4.66666666666667,0.0,10.4,31.0,1.0,0.705882352941177,0.0,4.0,0.5,0.0,1.0,1.0,0.5669888,0.4330112,2
1598,9,0.0,1.0,3.0,6.0,0.0,0.25,15.0,63.0,1.0,0.0,25.0,1.0,4.66666666666667,0.0,10.4,31.0,1.0,0.705882352941177,0.0,4.0,0.0,0.0,1.0,1.0,0.99587744,0.0041225413,5
1598,10,0.0,1.0,3.0,4.0,0.0,0.4,2.0,63.0,1.0,0.0,25.0,1.0,4.66666666666667,0.0,6.9,31.0,1.0,0.705882352941177,0.0,4.0,0.5,0.0,1.0,1.0,0.5256041,0.47439584,2
1598,11,0.0,1.0,3.0,4.0,0.0,0.4,2.0,63.0,1.0,45.0,25.0,1.0,4.66666666666667,0.0,10.4,31.0,1.0,0.705882352941177,0.0,4.0,0.5,0.0,1.0,1.0,0.63343847,0.36656153,2
1598,12,0.0,1.0,3.0,4.0,0.0,0.4,2.0,63.0,1.0,45.0,25.0,5.0,4.66666666666667,0.0,5.5,31.0,1.0,0.705882352941177,0.0,4.0,0.0,0.0,1.0,1.0,0.9978147,0.002185277,5
1598,13,0.0,1.0,3.0,4.0,0.0,0.4,2.0,63.0,1.0,45.0,25.0,5.0,4.66666666666667,0.0,5.5,31.0,1.0,0.705882352941177,0.0,4.0,1.0,0.0,1.0,1.0,0.9982761,0.0017238714,5
1598,14,0.0,1.0,247.0,2.0,0.0,0.4,2.0,63.0,1.0,0.0,25.0,1.0,4.66666666666667,0.0,10.4,2.0,1.0,0.705882352941177,0.0,4.0,0.5,0.0,1.0,1.0,0.5277915,0.47220847,2
1598,15,0.0,1.0,1.0,6.0,0.0,0.4,2.0,63.0,1.0,0.0,25.0,1.0,4.66666666666667,0.0,10.4,2.0,1.0,0.705882352941177,0.0,4.0,0.5,0.0,1.0,1.0,0.6552048,0.3447952,2
1598,16,0.0,1.0,3.0,6.0,0.0,0.4,15.0,63.0,1.0,0.0,25.0,1.0,4.66666666666667,0.0,10.4,2.0,1.0,0.705882352941177,0.0,4.0,0.5,0.0,1.0,1.0,0.6476135,0.35238647,2
1598,17,0.0,8.0,0.0,0.0,0.0,0.4,15.0,63.0,1.0,0.0,25.0,1.0,4.66666666666667,0.0,10.4,2.0,1.0,0.705882352941177,0.0,4.0,0.5,0.0,1.0,1.0,0.97585016,0.024149822,4
1598,18,0.0,1.0,247.0,4.0,0.0,0.4,2.0,63.0,1.0,0.0,25.0,1.0,4.66666666666667,0.0,10.4,2.0,1.0,0.705882352941177,0.0,4.0,0.0,0.0,1.0,1.0,0.96014684,0.039853178,2
1598,19,0.0,1.0,1.0,4.0,0.0,0.4,15.0,63.0,1.0,0.0,25.0,1.0,4.66666666666667,0.0,10.4,2.0,1.0,0.705882352941177,0.0,4.0,0.5,0.0,1.0,1.0,0.5676106,0.43238938,2
924,0,0.0,1.0,1.0,0.0,0.0,0.11,0.0,80.0,2.0,0.0,19.0,3.0,3.4,0.0,5.17142857142857,0.0,1.0,0.266666666666667,0.0,178.0,0.333333333333333,0.0,3.0,3.0,0.92426133,0.07573869,1
924,1,0.0,1.0,3.0,0.0,0.0,0.11,0.0,80.0,2.0,0.0,19.0,3.0,3.4,0.0,5.17142857142857,0.0,1.0,0.266666666666667,0.0,69.0,0.333333333333333,0.0,3.0,3.0,0.59385955,0.40614042,1
924,2,0.0,1.0,0.0,0.0,0.0,0.11,0.0,80.0,2.0,0.0,19.0,3.0,3.4,0.0,5.17142857142857,0.0,1.0,0.266666666666667,0.0,0.0,0.0,0.0,3.0,3.0,0.9984447,0.0015553095,3
924,3,0.0,1.0,0.0,0.0,0.0,0.11,0.0,80.0,2.0,0.0,13.0,3.0,3.4,0.0,5.17142857142857,0.0,1.0,0.266666666666667,0.0,0.0,0.0,0.0,3.0,3.0,0.9994057,0.00059429015,4
924,4,0.0,1.0,0.0,0.0,0.0,0.11,0.0,80.0,2.0,0.0,13.0,3.0,3.4,0.0,5.17142857142857,0.0,1.0,0.9,0.0,0.0,0.0,0.0,3.0,3.0,0.999837,0.00016304596,5
924,5,0.0,1.0,3.0,0.0,0.0,0.11,0.0,80.0,2.0,0.0,13.0,3.0,3.4,0.0,5.17142857142857,0.0,1.0,0.266666666666667,0.0,178.0,0.333333333333333,0.0,3.0,3.0,0.88491476,0.11508526,1
924,6,0.0,1.0,3.0,0.0,0.0,0.11,0.0,80.0,2.0,0.0,19.0,3.0,3.4,0.0,5.17142857142857,0.0,1.0,0.5,0.0,178.0,0.333333333333333,0.0,3.0,3.0,0.5186194,0.4813806,1
924,7,0.0,1.0,3.0,0.0,0.0,0.11,0.0,80.0,2.0,0.0,19.0,3.0,3.4,0.0,5.17142857142857,31.0,1.0,0.266666666666667,0.0,178.0,0.333333333333333,0.0,3.0,3.0,0.7067425,0.2932575,1
924,8,0.0,1.0,3.0,0.0,0.0,0.11,15.0,80.0,2.0,0.0,13.0,3.0,3.4,0.0,5.17142857142857,31.0,1.0,6.4,0.0,178.0,0.333333333333333,0.0,3.0,3.0,0.9990834,0.0009165822,4
924,9,0.0,1.0,3.0,0.0,0.0,0.11,15.0,80.0,2.0,0.0,13.0,5.0,3.4,0.0,5.17142857142857,31.0,1.0,6.4,0.0,178.0,0.333333333333333,0.0,3.0,3.0,0.999419,0.00058101217,5
924,10,0.0,1.0,0.0,0.0,0.0,0.11,0.0,80.0,2.0,0.0,19.0,3.0,3.4,0.0,5.17142857142857,0.0,1.0,0.266666666666667,0.0,178.0,0.0,0.0,3.0,3.0,0.9805711,0.01942889,2
924,11,0.0,1.0,0.0,0.0,0.0,0.11,0.0,80.0,2.0,0.0,19.0,3.0,3.4,0.0,5.17142857142857,31.0,1.0,0.266666666666667,0.0,178.0,0.0,0.0,3.0,3.0,0.9934756,0.0065243784,3
924,12,0.0,1.0,3.0,0.0,0.0,0.11,0.0,80.0,2.0,45.0,19.0,3.0,3.4,0.0,5.17142857142857,0.0,1.0,0.266666666666667,0.0,178.0,0.333333333333333,0.0,3.0,3.0,0.57023275,0.42976725,1
924,13,0.0,1.0,0.0,0.0,0.0,0.11,0.0,80.0,2.0,45.0,19.0,3.0,3.4,0.0,5.17142857142857,31.0,1.0,0.266666666666667,0.0,178.0,0.0,0.0,0.0,3.0,0.99629027,0.0037097493,5
924,14,0.0,1.0,0.0,0.0,0.0,0.11,0.0,80.0,2.0,45.0,19.0,3.0,3.4,0.0,5.17142857142857,31.0,1.0,0.266666666666667,0.0,178.0,1.0,0.0,0.0,3.0,0.997665,0.002335017,5
924,15,0.0,1.0,0.0,0.0,0.0,0.11,0.0,80.0,2.0,0.0,19.0,3.0,3.4,0.0,5.17142857142857,0.0,1.0,0.7,0.0,0.0,0.333333333333333,0.0,3.0,3.0,0.99782467,0.0021753118,3
924,16,0.0,1.0,0.0,0.0,0.0,0.11,0.0,80.0,2.0,0.0,19.0,3.0,3.4,0.0,5.17142857142857,1.0,1.0,0.7,0.0,0.0,0.333333333333333,0.0,3.0,3.0,0.9988399,0.0011600925,4
924,17,0.0,1.0,3.0,0.0,0.0,0.11,0.0,80.0,2.0,0.0,13.0,3.0,3.4,0.0,5.17142857142857,0.0,1.0,6.4,0.0,178.0,0.0,0.0,3.0,3.0,0.9972126,0.0027874291,3
924,18,0.0,1.0,3.0,0.0,0.0,0.11,1.0,80.0,2.0,0.0,19.0,3.0,3.4,0.0,5.17142857142857,0.0,1.0,0.266666666666667,0.0,178.0,0.333333333333333,0.0,3.0,3.0,0.5337224,0.4662776,1
924,19,0.0,1.0,3.0,0.0,0.0,0.11,15.0,80.0,2.0,0.0,13.0,3.0,3.4,0.0,5.17142857142857,0.0,1.0,0.9,0.0,178.0,0.0,0.0,3.0,3.0,0.99915373,0.0008462648,4
927,0,2.0,2.0,2.0,4.0,1.0,0.27,1.0,77.0,3.0,1.0,6.0,2.0,4.37142857142857,0.0,10.6857142857143,1.0,1.0,1.14285714285714,0.0,412.0,0.294117647058824,0.0,5.0,4.0,0.57086366,0.42913634,1
927,1,2.0,2.0,2.0,4.0,1.0,0.27,1.0,77.0,3.0,1.0,0.0,2.0,4.37142857142857,0.0,10.6857142857143,1.0,1.0,1.14285714285714,0.0,0.0,0.294117647058824,0.0,5.0,4.0,0.98249173,0.017508278,2
927,2,2.0,2.0,2.0,4.0,1.0,0.27,1.0,77.0,3.0,1.0,0.0,2.0,4.37142857142857,0.0,10.6857142857143,1.0,1.0,1.14285714285714,0.0,0.0,0.0,0.0,5.0,4.0,0.9968532,0.0031468484,3
927,3,2.0,2.0,2.0,4.0,1.0,0.27,1.0,77.0,3.0,1.0,0.0,2.0,4.37142857142857,0.0,10.6857142857143,1.0,1.0,0.7,0.0,0.0,0.0,0.0,5.0,4.0,0.99827266,0.0017273542,4
927,4,2.0,2.0,2.0,4.0,1.0,0.27,1.0,77.0,3.0,1.0,0.0,2.0,4.37142857142857,0.0,10.6857142857143,31.0,1.0,0.7,0.0,0.0,0.0,0.0,5.0,4.0,0.99855256,0.0014474206,5
927,5,2.0,2.0,2.0,4.0,1.0,0.27,1.0,77.0,3.0,1.0,6.0,2.0,4.37142857142857,0.0,10.6857142857143,31.0,1.0,0.7,0.0,0.0,0.0,0.0,5.0,4.0,0.9986004,0.0013996036,5
927,6,2.0,2.0,2.0,4.0,1.0,0.27,1.0,100.0,3.0,1.0,0.0,2.0,4.37142857142857,0.0,10.6857142857143,1.0,1.0,1.14285714285714,0.0,0.0,0.294117647058824,0.0,5.0,4.0,0.9912482,0.008751782,3
927,7,2.0,2.0,2.0,4.0,1.0,0.27,1.0,100.0,3.0,1.0,0.0,2.0,4.37142857142857,0.0,10.6857142857143,1.0,1.0,0.7,0.0,0.0,0.294117647058824,0.0,5.0,4.0,0.99440694,0.005593072,4
927,8,2.0,2.0,0.0,4.0,1.0,0.27,1.0,100.0,3.0,1.0,0.0,2.0,4.37142857142857,0.0,10.6857142857143,1.0,1.0,0.7,0.0,0.0,0.294117647058824,0.0,5.0,4.0,0.99675125,0.003248757,5
927,9,2.0,2.0,0.0,4.0,1.0,0.27,1.0,100.0,3.0,1.0,6.0,2.0,4.37142857142857,0.0,10.6857142857143,1.0,1.0,0.7,0.0,0.0,0.294117647058824,0.0,5.0,4.0,0.99719536,0.0028046279,5
927,10,2.0,2.0,0.0,4.0,1.0,0.27,1.0,100.0,3.0,1.0,6.0,2.0,4.37142857142857,0.0,10.6857142857143,1.0,1.0,0.0,0.0,0.0,0.294117647058824,0.0,5.0,4.0,0.9975429,0.0024571025,5
927,11,2.0,2.0,2.0,4.0,1.0,0.27,1.0,77.0,3.0,1.0,0.0,2.0,4.37142857142857,0.0,10.6857142857143,1.0,1.0,1.14285714285714,0.0,0.0,0.294117647058824,0.0,5.0,2.0,0.99058867,0.009411318,3
927,12,2.0,2.0,2.0,4.0,1.0,0.27,1.0,77.0,3.0,1.0,0.0,2.0,4.37142857142857,0.0,10.6857142857143,1.0,1.0,0.7,0.0,0.0,0.294117647058824,0.0,5.0,2.0,0.9948193,0.005180706,4
927,13,2.0,2.0,2.0,4.0,1.0,0.27,1.0,77.0,3.0,1.0,6.0,2.0,4.37142857142857,0.0,10.6857142857143,1.0,1.0,0.7,0.0,0.0,0.294117647058824,0.0,5.0,2.0,0.9949898,0.0050101727,4
927,14,2.0,2.0,2.0,4.0,1.0,0.27,1.0,77.0,3.0,1.0,6.0,2.0,4.37142857142857,0.0,10.6857142857143,1.0,1.0,0.7,0.0,0.0,0.0,0.0,5.0,4.0,0.9983297,0.0016703041,4
927,15,2.0,2.0,2.0,4.0,1.0,0.27,1.0,77.0,3.0,1.0,0.0,2.0,4.37142857142857,0.0,10.6857142857143,1.0,1.0,0.7,0.0,0.0,0.294117647058824,0.0,5.0,4.0,0.9903265,0.009673459,3
927,16,2.0,2.0,1.0,4.0,1.0,0.27,1.0,77.0,3.0,1.0,38.0,2.0,4.37142857142857,0.0,10.6857142857143,1.0,1.0,1.14285714285714,0.0,18.0,0.294117647058824,0.0,5.0,4.0,0.57123744,0.42876258,2
927,17,2.0,2.0,247.0,4.0,1.0,0.27,1.0,77.0,3.0,1.0,0.0,2.0,4.37142857142857,0.0,10.6857142857143,31.0,1.0,0.7,0.0,0.0,0.294117647058824,0.0,5.0,4.0,0.99587977,0.0041202335,5
927,18,2.0,2.0,247.0,4.0,1.0,0.27,1.0,77.0,3.0,1.0,6.0,2.0,4.37142857142857,0.0,10.6857142857143,31.0,1.0,0.7,0.0,0.0,0.294117647058824,0.0,5.0,4.0,0.99601555,0.003984468,5
927,19,0.0,2.0,2.0,4.0,1.0,0.27,1.0,77.0,3.0,1.0,0.0,2.0,4.37142857142857,0.0,10.6857142857143,1.0,1.0,1.14285714285714,0.0,0.0,0.0,0.0,5.0,4.0,0.99882853,0.0011714844,4
929,0,1.0,1.0,1.0,5.0,0.0,0.21,3.0,80.0,3.0,0.0,13.0,1.0,7.34782608695652,0.0,14.8695652173913,1.0,1.0,1.52,0.0,299.0,0.4,0.0,7.0,4.0,0.9096545,0.09034553,1
929,1,1.0,1.0,1.0,5.0,0.0,0.21,3.0,80.0,3.0,0.0,13.0,1.0,7.34782608695652,0.0,14.8695652173913,1.0,1.0,1.52,0.0,299.0,0.0,0.0,7.0,4.0,0.9946109,0.005389082,2
929,2,1.0,1.0,1.0,5.0,0.0,0.21,3.0,80.0,3.0,0.0,13.0,1.0,7.34782608695652,0.0,14.8695652173913,31.0,1.0,1.52,0.0,299.0,0.0,0.0,7.0,4.0,0.99740666,0.0025933513,3
929,3,1.0,1.0,1.0,5.0,0.0,0.21,3.0,80.0,3.0,0.0,13.0,1.0,7.34782608695652,0.0,14.8695652173913,31.0,1.0,0.9,0.0,299.0,0.0,0.0,7.0,4.0,0.99868673,0.001313264,4
929,4,1.0,1.0,1.0,5.0,0.0,0.21,3.0,80.0,3.0,0.0,13.0,1.0,7.34782608695652,0.0,14.8695652173913,31.0,1.0,0.9,0.0,69.0,0.0,0.0,7.0,4.0,0.9989323,0.0010676897,5
929,5,1.0,1.0,1.0,5.0,0.0,0.21,3.0,80.0,3.0,0.0,13.0,5.0,7.34782608695652,0.0,14.8695652173913,1.0,1.0,1.52,0.0,299.0,0.0,0.0,7.0,4.0,0.9978672,0.0021327813,3
929,6,1.0,1.0,1.0,5.0,0.0,0.21,3.0,80.0,3.0,0.0,31.0,1.0,7.34782608695652,0.0,14.8695652173913,1.0,1.0,1.52,0.0,2.0,0.4,0.0,7.0,4.0,0.59636194,0.40363806,1
929,7,1.0,1.0,1.0,5.0,0.0,0.21,3.0,80.0,3.0,0.0,4.0,5.0,7.34782608695652,0.0,14.8695652173913,1.0,1.0,1.52,0.0,0.0,0.0,0.0,7.0,4.0,0.99920726,0.0007927597,4
929,8,1.0,1.0,1.0,5.0,0.0,0.21,3.0,80.0,3.0,0.0,4.0,5.0,7.34782608695652,20.0,14.8695652173913,1.0,1.0,1.52,0.0,0.0,0.0,0.0,7.0,4.0,0.99921584,0.0007841457,5
929,9,1.0,1.0,1.0,5.0,0.0,0.21,3.0,80.0,3.0,0.0,13.0,1.0,7.34782608695652,0.0,14.8695652173913,1.0,1.0,0.9,0.0,299.0,0.0,0.0,7.0,4.0,0.9972672,0.0027327936,3
929,10,1.0,1.0,1.0,5.0,0.0,0.21,3.0,80.0,3.0,0.0,13.0,1.0,7.34782608695652,0.0,14.8695652173913,1.0,1.0,0.9,0.0,69.0,0.0,0.0,7.0,4.0,0.99777764,0.002222362,4
929,11,1.0,1.0,1.0,5.0,0.0,0.21,3.0,80.0,3.0,45.0,13.0,1.0,7.34782608695652,0.0,14.8695652173913,1.0,1.0,0.9,0.0,69.0,0.0,0.0,7.0,4.0,0.9980553,0.0019447327,5
929,12,1.0,1.0,1.0,6.0,0.0,0.21,3.0,80.0,3.0,0.0,13.0,1.0,7.34782608695652,0.0,14.8695652173913,1.0,1.0,0.9,0.0,299.0,0.0,0.0,7.0,4.0,0.9979592,0.0020407808,4
929,13,1.0,1.0,1.0,6.0,0.0,0.21,3.0,80.0,3.0,0.0,13.0,1.0,7.34782608695652,0.0,14.8695652173913,1.0,1.0,0.9,0.0,69.0,0.0,0.0,7.0,4.0,0.9983406,0.0016593887,5
929,14,1.0,1.0,1.0,0.0,0.0,0.21,3.0,80.0,3.0,0.0,13.0,1.0,7.34782608695652,0.0,14.8695652173913,1.0,1.0,0.9,0.0,69.0,0.0,0.0,7.0,4.0,0.99886674,0.0011332926,5
929,15,1.0,1.0,1.0,0.0,0.0,0.21,3.0,80.0,3.0,0.0,13.0,1.0,7.34782608695652,0.0,14.8695652173913,1.0,1.0,0.9,0.0,0.0,0.0,0.0,7.0,4.0,0.99894,0.0010600373,5
929,16,1.0,1.0,1.0,0.0,0.0,0.21,3.0,80.0,3.0,0.0,13.0,1.0,7.34782608695652,0.0,14.8695652173913,1.0,1.0,0.9,0.0,0.0,1.0,0.0,7.0,4.0,0.9991689,0.0008311345,5
929,17,1.0,1.0,1.0,0.0,0.0,0.21,3.0,80.0,3.0,0.0,13.0,1.0,7.34782608695652,0.0,14.8695652173913,1.0,1.0,0.9,0.0,2.0,1.0,0.0,7.0,4.0,0.9993599,0.0006400781,5
929,18,1.0,1.0,1.0,0.0,0.0,0.21,3.0,80.0,3.0,0.0,13.0,1.0,7.34782608695652,0.0,14.8695652173913,1.0,1.0,0.5,0.0,2.0,1.0,0.0,7.0,4.0,0.9995038,0.00049619604,5
929,19,1.0,1.0,1.0,0.0,0.0,0.21,3.0,80.0,3.0,0.0,6.0,1.0,7.34782608695652,0.0,14.8695652173913,1.0,1.0,0.5,0.0,2.0,1.0,0.0,7.0,4.0,0.9996619,0.0003381001,5
938,0,0.0,1.0,3.0,3.0,0.0,0.21,1.0,75.0,2.0,0.0,13.0,2.0,2.92857142857143,0.0,9.96428571428571,0.0,1.0,1.03125,0.0,192.0,0.571428571428571,0.0,5.0,8.0,0.852554,0.14744598,1
938,1,0.0,1.0,3.0,3.0,0.0,0.21,1.0,75.0,2.0,0.0,0.0,2.0,2.92857142857143,0.0,9.96428571428571,0.0,1.0,1.03125,0.0,192.0,0.0,0.0,5.0,8.0,0.99253595,0.007464027,2
938,2,0.0,1.0,3.0,3.0,0.0,0.21,1.0,75.0,2.0,0.0,0.0,2.0,2.92857142857143,0.0,9.96428571428571,31.0,1.0,1.03125,0.0,192.0,0.0,0.0,5.0,8.0,0.99737984,0.002620157,3
938,3,0.0,1.0,3.0,3.0,0.0,0.21,1.0,75.0,2.0,0.0,0.0,2.0,2.92857142857143,0.0,9.96428571428571,31.0,1.0,1.03125,0.0,0.0,0.0,0.0,5.0,8.0,0.9985024,0.0014976163,4
938,4,0.0,1.0,3.0,3.0,0.0,0.21,1.0,75.0,2.0,0.0,0.0,2.0,2.92857142857143,0.0,9.96428571428571,31.0,1.0,6.4,0.0,0.0,0.0,0.0,5.0,8.0,0.9989667,0.0010333054,5
938,5,0.0,1.0,3.0,3.0,0.0,0.21,1.0,75.0,2.0,0.0,0.0,2.0,2.92857142857143,0.0,9.96428571428571,0.0,1.0,6.4,0.0,192.0,0.571428571428571,0.0,5.0,8.0,0.98539156,0.014608469,2
938,6,0.0,1.0,3.0,3.0,0.0,0.21,1.0,75.0,2.0,0.0,0.0,2.0,2.92857142857143,0.0,9.96428571428571,31.0,1.0,6.4,0.0,192.0,0.571428571428571,0.0,5.0,8.0,0.99548584,0.004514158,3
938,7,0.0,1.0,3.0,3.0,0.0,0.21,1.0,80.0,2.0,0.0,0.0,2.0,2.92857142857143,0.0,9.96428571428571,31.0,1.0,6.4,0.0,192.0,0.571428571428571,0.0,5.0,8.0,0.99769145,0.0023085373,4
938,8,0.0,1.0,1.0,3.0,0.0,0.21,1.0,80.0,2.0,0.0,0.0,2.0,2.92857142857143,0.0,9.96428571428571,31.0,1.0,6.4,0.0,192.0,0.571428571428571,0.0,5.0,8.0,0.9978886,0.002111371,5
938,9,0.0,1.0,1.0,3.0,0.0,0.21,1.0,80.0,2.0,0.0,3.0,2.0,2.92857142857143,0.0,9.96428571428571,31.0,1.0,6.4,0.0,192.0,0.571428571428571,0.0,5.0,8.0,0.9981247,0.0018752688,5
938,10,0.0,1.0,3.0,3.0,0.0,0.21,1.0,75.0,2.0,0.0,0.0,2.0,2.92857142857143,0.0,9.96428571428571,0.0,1.0,6.4,0.0,192.0,0.0,0.0,5.0,8.0,0.9956374,0.004362589,3
938,11,0.0,1.0,3.0,3.0,0.0,0.21,1.0,75.0,2.0,0.0,0.0,2.0,2.92857142857143,0.0,9.96428571428571,0.0,1.0,6.4,0.0,0.0,0.0,0.0,5.0,8.0,0.9966362,0.0033638058,4
938,12,0.0,1.0,3.0,3.0,0.0,0.21,1.0,75.0,2.0,0.0,0.0,5.0,2.92857142857143,0.0,9.96428571428571,31.0,1.0,1.03125,0.0,0.0,0.0,0.0,5.0,8.0,0.99877995,0.0012200698,5
938,13,0.0,1.0,3.0,3.0,0.0,0.21,1.0,75.0,2.0,0.0,0.0,2.0,2.92857142857143,0.0,9.96428571428571,0.0,1.0,1.03125,0.0,0.0,0.0,0.0,5.0,8.0,0.9949851,0.005014917,3
938,14,0.0,1.0,3.0,3.0,0.0,0.21,1.0,75.0,2.0,0.0,0.0,2.0,2.92857142857143,0.0,0.0,0.0,1.0,1.03125,0.0,0.0,0.0,0.0,5.0,8.0,0.99858457,0.0014154608,4
938,15,0.0,1.0,3.0,3.0,0.0,0.25,1.0,75.0,2.0,0.0,0.0,2.0,2.92857142857143,0.0,0.0,0.0,1.0,1.03125,0.0,0.0,0.0,0.0,5.0,8.0,0.999091,0.0009089616,5
938,16,0.0,1.0,3.0,3.0,0.0,0.21,1.0,75.0,2.0,0.0,0.0,2.0,2.92857142857143,0.0,9.96428571428571,31.0,1.0,6.4,0.0,192.0,0.0,0.0,5.0,8.0,0.9984261,0.0015739003,4
938,17,0.0,1.0,3.0,3.0,0.0,0.21,1.0,100.0,2.0,0.0,0.0,2.0,2.92857142857143,0.0,9.96428571428571,0.0,1.0,1.03125,0.0,192.0,0.0,0.0,5.0,8.0,0.9985317,0.0014682916,3
938,18,0.0,1.0,3.0,3.0,0.0,0.21,1.0,100.0,2.0,0.0,0.0,2.0,2.92857142857143,0.0,9.96428571428571,31.0,1.0,1.03125,0.0,192.0,0.0,0.0,5.0,8.0,0.9993383,0.00066169584,4
938,19,0.0,1.0,3.0,3.0,0.0,0.21,1.0,100.0,2.0,0.0,0.0,2.0,2.92857142857143,0.0,9.96428571428571,31.0,1.0,6.4,0.0,192.0,0.0,0.0,5.0,8.0,0.99943,0.0005699747,5
941,0,0.0,1.0,7.0,1.0,4.0,0.12,1.0,100.0,2.0,1.0,13.0,2.0,7.28169014084507,0.0,8.57746478873239,0.0,0.0,0.916666666666667,0.0,426.0,0.357142857142857,0.0,2.0,6.0,0.9260048,0.07399516,1
941,1,0.0,1.0,7.0,1.0,4.0,0.12,1.0,100.0,2.0,1.0,13.0,2.0,7.28169014084507,0.0,8.57746478873239,0.0,0.0,0.916666666666667,0.0,426.0,0.0,0.0,2.0,6.0,0.99366564,0.00633437,2
941,2,0.0,1.0,7.0,1.0,4.0,0.12,1.0,100.0,2.0,1.0,13.0,2.0,2.0,0.0,8.57746478873239,0.0,0.0,0.916666666666667,0.0,426.0,0.0,0.0,2.0,6.0,0.9985891,0.0014109133,3
941,3,0.0,1.0,7.0,1.0,4.0,0.12,1.0,100.0,2.0,1.0,13.0,2.0,2.0,0.0,8.57746478873239,0.0,0.0,0.7,0.0,426.0,0.0,0.0,2.0,6.0,0.9995011,0.0004989005,4
941,4,0.0,1.0,7.0,1.0,4.0,0.12,1.0,100.0,2.0,1.0,13.0,2.0,2.0,0.0,8.57746478873239,0.0,0.0,0.7,0.0,69.0,0.0,0.0,2.0,6.0,0.9997052,0.0002948289,5
941,5,0.0,1.0,7.0,1.0,4.0,0.12,1.0,100.0,2.0,1.0,13.0,2.0,3.1,0.0,8.57746478873239,0.0,0.0,0.916666666666667,0.0,426.0,0.357142857142857,0.0,2.0,6.0,0.9841449,0.015855076,2
941,6,0.0,1.0,7.0,1.0,4.0,0.12,1.0,100.0,2.0,1.0,13.0,2.0,3.1,20.0,8.57746478873239,0.0,0.0,0.916666666666667,0.0,426.0,0.357142857142857,0.0,2.0,6.0,0.9949363,0.005063735,3
941,7,0.0,1.0,7.0,1.0,4.0,0.12,1.0,100.0,2.0,1.0,13.0,2.0,3.1,20.0,8.57746478873239,31.0,0.0,0.916666666666667,0.0,426.0,0.357142857142857,0.0,2.0,6.0,0.99778277,0.0022172534,4
941,8,0.0,1.0,7.0,1.0,4.0,0.12,1.0,100.0,2.0,1.0,13.0,2.0,3.1,20.0,8.57746478873239,31.0,0.0,0.916666666666667,0.0,69.0,0.357142857142857,0.0,2.0,6.0,0.99837554,0.0016244443,5
941,9,0.0,1.0,7.0,1.0,4.0,0.12,1.0,100.0,2.0,1.0,13.0,2.0,2.0,0.0,8.57746478873239,0.0,0.0,0.916666666666667,0.0,69.0,0.0,0.0,2.0,6.0,0.99900436,0.0009956193,4
941,10,0.0,1.0,7.0,1.0,4.0,0.12,1.0,100.0,2.0,1.0,13.0,2.0,2.0,1.0,8.57746478873239,0.0,0.0,0.916666666666667,0.0,69.0,0.0,0.0,2.0,6.0,0.9991067,0.0008933243,5
941,11,0.0,1.0,7.0,1.0,4.0,0.12,1.0,100.0,2.0,1.0,13.0,2.0,3.1,1.0,8.57746478873239,0.0,0.0,0.916666666666667,0.0,69.0,0.0,0.0,2.0,6.0,0.99914247,0.00085751695,5
941,12,0.0,1.0,7.0,1.0,4.0,0.12,1.0,100.0,2.0,1.0,13.0,2.0,7.28169014084507,20.0,8.57746478873239,0.0,0.0,0.916666666666667,0.0,426.0,0.357142857142857,0.0,2.0,6.0,0.9835707,0.01642931,2
941,13,0.0,1.0,7.0,1.0,4.0,0.12,1.0,100.0,2.0,1.0,13.0,2.0,7.28169014084507,20.0,8.57746478873239,0.0,0.0,0.916666666666667,0.0,69.0,0.357142857142857,0.0,2.0,6.0,0.9923049,0.0076950532,3
941,14,0.0,1.0,7.0,1.0,4.0,0.12,15.0,100.0,2.0,1.0,13.0,2.0,7.28169014084507,20.0,8.57746478873239,0.0,0.0,0.916666666666667,0.0,69.0,0.357142857142857,0.0,2.0,6.0,0.9952046,0.0047954014,4
941,15,0.0,1.0,7.0,1.0,4.0,0.12,15.0,100.0,2.0,1.0,13.0,5.0,7.28169014084507,20.0,8.57746478873239,0.0,0.0,0.916666666666667,0.0,69.0,0.357142857142857,0.0,2.0,6.0,0.99591833,0.004081691,5
941,16,0.0,1.0,7.0,1.0,4.0,0.12,1.0,100.0,2.0,1.0,13.0,2.0,7.28169014084507,0.0,8.57746478873239,0.0,0.0,0.916666666666667,0.0,0.0,0.0,0.0,2.0,6.0,0.99789715,0.0021028316,3
941,17,0.0,1.0,7.0,1.0,4.0,0.12,1.0,100.0,2.0,1.0,13.0,2.0,7.28169014084507,0.0,8.57746478873239,0.0,0.0,0.7,0.0,0.0,0.0,0.0,2.0,6.0,0.99881667,0.0011833423,4
941,18,0.0,2.0,7.0,1.0,4.0,0.12,1.0,100.0,2.0,1.0,13.0,2.0,7.28169014084507,0.0,8.57746478873239,0.0,0.0,0.7,0.0,0.0,0.0,0.0,2.0,6.0,0.999066,0.00093400455,5
941,19,0.0,2.0,7.0,1.0,4.0,0.12,1.0,100.0,2.0,1.0,13.0,2.0,7.28169014084507,0.0,8.57746478873239,0.0,0.0,0.9,0.0,0.0,0.0,0.0,2.0,6.0,0.9991244,0.000875607,5
944,0,4.0,1.0,2.0,3.0,0.0,0.28,2.0,66.0,1.0,0.0,13.0,2.0,3.28571428571429,0.0,8.90476190476191,0.0,1.0,1.04166666666667,0.0,2.0,0.0,0.0,4.0,8.0,0.77962166,0.22037834,2
944,1,4.0,1.0,2.0,3.0,0.0,0.28,2.0,66.0,1.0,0.0,13.0,2.0,3.28571428571429,0.0,4.3,0.0,1.0,1.04166666666667,0.0,2.0,0.5,0.0,4.0,8.0,0.501894,0.498106,2
944,2,4.0,1.0,2.0,3.0,0.0,0.28,2.0,66.0,1.0,0.0,0.0,2.0,3.28571428571429,0.0,1.0,0.0,1.0,0.7,0.0,2.0,0.0,0.0,4.0,8.0,0.999019,0.0009809751,4
944,3,4.0,1.0,2.0,3.0,0.0,0.28,2.0,66.0,1.0,0.0,0.0,2.0,3.28571428571429,0.0,1.0,31.0,1.0,0.7,0.0,2.0,0.0,0.0,4.0,8.0,0.9992244,0.0007755828,5
944,4,4.0,1.0,2.0,3.0,0.0,0.28,2.0,66.0,1.0,0.0,0.0,2.0,3.28571428571429,20.0,1.0,0.0,1.0,0.7,0.0,2.0,0.0,0.0,4.0,8.0,0.9991156,0.000884426,5
944,5,4.0,1.0,2.0,3.0,0.0,0.28,2.0,66.0,1.0,0.0,0.0,2.0,3.28571428571429,20.0,1.0,0.0,1.0,0.7,0.0,2.0,1.0,0.0,4.0,8.0,0.99913704,0.0008629522,5
944,6,4.0,1.0,2.0,0.0,0.0,0.28,2.0,66.0,1.0,0.0,0.0,2.0,3.28571428571429,0.0,1.0,0.0,1.0,0.7,0.0,2.0,0.0,0.0,4.0,8.0,0.99927866,0.00072131975,5
944,7,4.0,1.0,2.0,0.0,0.0,0.28,2.0,66.0,1.0,0.0,0.0,2.0,3.28571428571429,0.0,1.0,0.0,1.0,0.7,0.0,2.0,1.0,0.0,4.0,8.0,0.99966896,0.00033101818,5
944,8,4.0,1.0,2.0,0.0,0.0,0.28,2.0,66.0,1.0,0.0,6.0,2.0,3.28571428571429,0.0,1.0,0.0,1.0,0.7,0.0,2.0,1.0,0.0,4.0,8.0,0.99972576,0.00027426583,5
944,9,4.0,1.0,2.0,3.0,0.0,0.28,2.0,66.0,1.0,0.0,0.0,2.0,3.28571428571429,0.0,8.90476190476191,0.0,1.0,0.7,0.0,2.0,0.0,0.0,4.0,8.0,0.9765855,0.023414496,3
944,10,4.0,1.0,2.0,3.0,0.0,0.28,2.0,66.0,1.0,0.0,27.0,2.0,3.28571428571429,0.0,8.90476190476191,2.0,1.0,1.04166666666667,0.0,2.0,0.0,0.0,4.0,8.0,0.5602498,0.4397502,2
944,11,4.0,1.0,2.0,3.0,0.0,0.28,2.0,66.0,2.0,0.0,0.0,2.0,3.28571428571429,0.0,8.90476190476191,31.0,1.0,0.7,0.0,2.0,0.0,0.0,4.0,8.0,0.9929362,0.007063812,5
944,12,4.0,1.0,2.0,3.0,0.0,0.28,2.0,66.0,2.0,0.0,6.0,2.0,3.28571428571429,0.0,8.90476190476191,31.0,1.0,0.7,0.0,2.0,0.0,0.0,4.0,8.0,0.9937847,0.006215299,5
944,13,4.0,1.0,2.0,3.0,0.0,0.28,2.0,66.0,1.0,0.0,27.0,2.0,3.28571428571429,0.0,6.9,0.0,1.0,1.04166666666667,0.0,2.0,0.0,0.0,4.0,8.0,0.54097056,0.45902944,2
944,14,4.0,1.0,2.0,3.0,0.0,0.28,2.0,66.0,1.0,0.0,27.0,2.0,3.28571428571429,0.0,2.0,31.0,1.0,1.04166666666667,0.0,2.0,0.0,0.0,4.0,8.0,0.9628295,0.0371705,3
944,15,4.0,1.0,2.0,3.0,0.0,0.28,2.0,87.0,1.0,0.0,27.0,2.0,3.28571428571429,0.0,2.8,31.0,1.0,1.04166666666667,0.0,2.0,0.5,0.0,4.0,8.0,0.56243855,0.43756145,3
944,16,4.0,1.0,2.0,3.0,0.0,0.28,2.0,100.0,1.0,0.0,4.0,2.0,3.28571428571429,0.0,8.90476190476191,0.0,1.0,1.04166666666667,0.0,2.0,0.5,0.0,4.0,8.0,0.50197107,0.49802893,2
944,17,4.0,1.0,2.0,3.0,0.0,0.28,2.0,100.0,1.0,0.0,6.0,2.0,3.28571428571429,0.0,1.0,0.0,1.0,0.7,0.0,2.0,0.0,0.0,4.0,8.0,0.99963063,0.00036938567,5
944,18,0.0,1.0,2.0,3.0,0.0,0.28,2.0,66.0,1.0,0.0,0.0,2.0,3.28571428571429,0.0,1.0,0.0,1.0,1.04166666666667,0.0,2.0,0.0,0.0,4.0,8.0,0.9996864,0.00031355428,4
944,19,0.0,1.0,2.0,6.0,0.0,0.28,2.0,66.0,1.0,0.0,0.0,2.0,3.28571428571429,0.0,1.0,0.0,1.0,1.04166666666667,0.0,2.0,0.0,0.0,4.0,8.0,0.9997261,0.00027388404,5
948,0,0.0,1.0,2.0,4.0,4.0,0.28,1.0,76.0,2.0,1.0,13.0,2.0,4.45454545454545,0.0,11.3030303030303,1.0,1.0,0.568181818181818,0.0,55.0,0.454545454545455,0.0,3.0,7.0,0.571981,0.428019,1
948,1,0.0,1.0,2.0,4.0,4.0,0.28,1.0,76.0,2.0,1.0,45.0,2.0,4.45454545454545,0.0,11.3030303030303,1.0,1.0,0.568181818181818,0.0,2.0,0.454545454545455,0.0,3.0,7.0,0.67674994,0.3232501,1
948,2,0.0,1.0,2.0,4.0,4.0,0.28,1.0,76.0,2.0,1.0,0.0,2.0,4.45454545454545,0.0,11.3030303030303,1.0,1.0,0.568181818181818,0.0,0.0,0.0,0.0,3.0,7.0,0.99948984,0.0005101609,3
948,3,0.0,1.0,247.0,4.0,4.0,0.28,1.0,76.0,2.0,1.0,0.0,2.0,4.45454545454545,0.0,11.3030303030303,1.0,1.0,0.568181818181818,0.0,0.0,0.0,0.0,3.0,7.0,0.99969053,0.00030946246,4
948,4,0.0,1.0,247.0,4.0,4.0,0.28,1.0,76.0,2.0,1.0,6.0,2.0,4.45454545454545,0.0,11.3030303030303,1.0,1.0,0.568181818181818,0.0,0.0,0.0,0.0,3.0,7.0,0.9997787,0.00022131887,4
948,5,0.0,1.0,2.0,4.0,4.0,0.28,1.0,76.0,2.0,1.0,6.0,2.0,4.45454545454545,0.0,11.3030303030303,1.0,1.0,0.568181818181818,0.0,0.0,0.0,0.0,3.0,7.0,0.9996351,0.00036487397,3
948,6,0.0,1.0,2.0,3.0,4.0,0.28,1.0,76.0,2.0,1.0,6.0,2.0,4.45454545454545,0.0,11.3030303030303,1.0,1.0,0.568181818181818,0.0,0.0,0.0,0.0,3.0,7.0,0.99968845,0.00031158273,4
948,7,0.0,1.0,2.0,3.0,4.0,0.28,1.0,76.0,2.0,1.0,6.0,5.0,4.45454545454545,0.0,11.3030303030303,1.0,1.0,0.568181818181818,0.0,0.0,0.0,0.0,3.0,7.0,0.99972194,0.00027804554,5
948,8,0.0,1.0,2.0,4.0,4.0,0.28,1.0,76.0,2.0,1.0,0.0,2.0,4.45454545454545,0.0,11.3030303030303,1.0,1.0,0.7,0.0,0.0,0.0,0.0,3.0,7.0,0.9996592,0.00034084014,4
948,9,0.0,1.0,2.0,4.0,4.0,0.28,1.0,76.0,2.0,1.0,6.0,2.0,4.45454545454545,0.0,11.3030303030303,1.0,1.0,0.7,0.0,0.0,0.0,0.0,3.0,7.0,0.9997562,0.0002437615,4
948,10,0.0,1.0,2.0,4.0,4.0,0.28,1.0,76.0,2.0,1.0,6.0,2.0,6.8,0.0,11.3030303030303,1.0,1.0,0.7,0.0,0.0,0.0,0.0,3.0,7.0,0.9997836,0.0002164493,5
948,11,0.0,2.0,2.0,4.0,4.0,0.28,1.0,76.0,2.0,1.0,6.0,2.0,4.45454545454545,0.0,11.3030303030303,1.0,1.0,0.568181818181818,0.0,0.0,0.0,0.0,3.0,7.0,0.9997129,0.000287134,4
948,12,0.0,2.0,2.0,3.0,4.0,0.28,1.0,76.0,2.0,1.0,6.0,2.0,4.45454545454545,0.0,11.3030303030303,1.0,1.0,0.568181818181818,0.0,0.0,0.0,0.0,3.0,7.0,0.9997548,0.00024519433,5
948,13,0.0,1.0,2.0,4.0,4.0,0.28,1.0,100.0,2.0,1.0,0.0,2.0,4.45454545454545,0.0,11.3030303030303,1.0,1.0,0.568181818181818,0.0,0.0,0.454545454545455,0.0,3.0,7.0,0.99600077,0.0039992505,3
948,14,0.0,1.0,0.0,4.0,4.0,0.28,1.0,100.0,2.0,1.0,0.0,2.0,4.45454545454545,0.0,11.3030303030303,1.0,1.0,0.568181818181818,0.0,0.0,0.454545454545455,0.0,3.0,7.0,0.9986257,0.0013743096,4
948,15,0.0,1.0,0.0,4.0,4.0,0.28,1.0,100.0,2.0,1.0,6.0,2.0,4.45454545454545,0.0,11.3030303030303,1.0,1.0,0.568181818181818,0.0,0.0,0.454545454545455,0.0,3.0,7.0,0.9991225,0.0008775025,4
948,16,0.0,2.0,247.0,4.0,4.0,0.28,1.0,76.0,2.0,1.0,6.0,2.0,4.45454545454545,0.0,11.3030303030303,1.0,1.0,0.568181818181818,0.0,0.0,0.0,0.0,3.0,7.0,0.99982584,0.00017415948,5
948,17,0.0,1.0,2.0,4.0,4.0,0.28,1.0,100.0,2.0,1.0,0.0,2.0,4.45454545454545,0.0,11.3030303030303,1.0,1.0,0.568181818181818,0.0,0.0,0.0,0.0,3.0,7.0,0.9997447,0.00025529787,4
948,18,0.0,1.0,2.0,4.0,4.0,0.28,1.0,100.0,2.0,1.0,6.0,2.0,4.45454545454545,0.0,11.3030303030303,1.0,1.0,0.568181818181818,0.0,0.0,0.0,0.0,3.0,7.0,0.99981743,0.00018257939,4
948,19,0.0,1.0,247.0,4.0,4.0,0.28,1.0,100.0,2.0,1.0,6.0,2.0,4.45454545454545,0.0,11.3030303030303,1.0,1.0,0.568181818181818,0.0,0.0,0.0,0.0,3.0,7.0,0.99986494,0.00013503732,5
951,0,2.0,1.0,2.0,1.0,0.0,0.14,1.0,70.0,2.0,0.0,9.0,2.0,3.45,0.0,6.05,0.0,1.0,0.666666666666667,0.0,14.0,0.5,0.0,3.0,1.0,0.53546417,0.4645358,1
951,1,2.0,1.0,2.0,1.0,0.0,0.14,1.0,70.0,2.0,0.0,0.0,2.0,3.45,0.0,1.0,0.0,1.0,0.666666666666667,0.0,14.0,0.5,0.0,3.0,1.0,0.9684628,0.03153719,2
951,2,2.0,1.0,2.0,1.0,0.0,0.14,1.0,70.0,2.0,0.0,0.0,2.0,3.45,0.0,1.0,0.0,1.0,0.666666666666667,0.0,14.0,0.0,0.0,3.0,1.0,0.99525756,0.004742433,3
951,3,2.0,1.0,2.0,1.0,0.0,0.14,1.0,70.0,2.0,0.0,0.0,2.0,3.45,0.0,1.0,31.0,1.0,0.666666666666667,0.0,14.0,0.0,0.0,3.0,1.0,0.997862,0.0021379986,4
951,4,2.0,1.0,0.0,1.0,0.0,0.14,1.0,70.0,2.0,0.0,0.0,2.0,3.45,0.0,1.0,31.0,1.0,0.666666666666667,0.0,14.0,0.0,0.0,3.0,1.0,0.99873716,0.0012628555,5
951,5,2.0,1.0,0.0,1.0,0.0,0.14,1.0,70.0,2.0,0.0,6.0,2.0,3.45,0.0,1.0,31.0,1.0,0.666666666666667,0.0,14.0,0.0,0.0,3.0,1.0,0.9994012,0.0005987647,5
951,6,0.0,1.0,2.0,1.0,0.0,0.14,1.0,70.0,2.0,0.0,0.0,2.0,3.45,0.0,1.0,0.0,1.0,0.666666666666667,0.0,14.0,0.0,0.0,3.0,1.0,0.99740535,0.002594664,4
951,7,0.0,1.0,2.0,1.0,0.0,0.14,1.0,70.0,2.0,0.0,6.0,2.0,3.45,0.0,1.0,0.0,1.0,0.666666666666667,0.0,14.0,0.0,0.0,3.0,1.0,0.9979932,0.002006835,4
951,8,2.0,1.0,2.0,1.0,0.0,0.14,1.0,70.0,2.0,0.0,0.0,2.0,3.45,0.0,6.05,0.0,1.0,0.666666666666667,0.0,0.0,0.5,0.0,3.0,1.0,0.9705667,0.029433325,2
951,9,2.0,1.0,2.0,1.0,0.0,0.14,1.0,70.0,2.0,0.0,0.0,2.0,3.45,0.0,1.0,0.0,1.0,0.666666666666667,0.0,0.0,0.5,0.0,3.0,1.0,0.9975945,0.0024054972,3
951,10,2.0,1.0,2.0,1.0,0.0,0.14,1.0,70.0,2.0,0.0,0.0,2.0,3.45,0.0,1.0,0.0,1.0,0.666666666666667,0.0,0.0,0.0,0.0,3.0,1.0,0.9994969,0.0005031137,4
951,11,2.0,1.0,2.0,1.0,0.0,0.14,1.0,70.0,2.0,0.0,0.0,2.0,3.45,0.0,1.0,31.0,1.0,0.666666666666667,0.0,0.0,0.0,0.0,3.0,1.0,0.99968946,0.00031052908,5
951,12,2.0,1.0,2.0,1.0,0.0,0.14,1.0,70.0,2.0,0.0,6.0,2.0,3.45,0.0,1.0,31.0,1.0,0.666666666666667,0.0,0.0,0.0,0.0,3.0,1.0,0.9997034,0.00029661698,5
951,13,2.0,1.0,2.0,1.0,0.0,0.14,15.0,70.0,2.0,0.0,0.0,2.0,3.45,0.0,1.0,0.0,1.0,0.666666666666667,0.0,14.0,0.0,0.0,3.0,1.0,0.9963839,0.0036160992,4
951,14,2.0,1.0,2.0,1.0,0.0,0.14,15.0,70.0,2.0,0.0,6.0,2.0,3.45,0.0,1.0,0.0,1.0,0.666666666666667,0.0,14.0,0.0,0.0,3.0,1.0,0.9967033,0.0032966733,4
951,15,2.0,1.0,2.0,1.0,0.0,0.25,15.0,70.0,2.0,0.0,6.0,2.0,3.45,0.0,1.0,0.0,1.0,0.666666666666667,0.0,14.0,0.0,0.0,3.0,1.0,0.99691063,0.003089394,5
951,16,2.0,1.0,2.0,1.0,2.0,0.14,1.0,70.0,2.0,0.0,0.0,2.0,3.45,0.0,1.0,31.0,1.0,0.666666666666667,0.0,14.0,0.0,0.0,3.0,1.0,0.99862045,0.0013795432,5
951,17,2.0,1.0,2.0,1.0,2.0,0.14,1.0,70.0,2.0,0.0,6.0,2.0,3.45,0.0,1.0,31.0,1.0,0.666666666666667,0.0,14.0,0.0,0.0,3.0,1.0,0.9989333,0.001066709,5
951,18,2.0,8.0,2.0,1.0,0.0,0.14,1.0,70.0,2.0,0.0,0.0,2.0,3.45,0.0,1.0,0.0,1.0,0.666666666666667,0.0,14.0,0.0,0.0,3.0,1.0,0.99842143,0.0015785889,4
951,19,2.0,8.0,0.0,1.0,0.0,0.14,1.0,70.0,2.0,0.0,0.0,2.0,3.45,0.0,1.0,0.0,1.0,0.666666666666667,0.0,14.0,0.0,0.0,3.0,1.0,0.9991601,0.00083989155,5
27,0,0.0,1.0,2.0,0.0,0.0,0.07,1.0,68.0,1.0,0.0,13.0,2.0,4.85123966942149,0.0,5.53719008264463,1.0,1.0,0.468085106382979,0.0,326.0,0.294117647058824,0.0,3.0,9.0,0.84396034,0.15603964,1
27,1,0.0,1.0,2.0,0.0,0.0,0.07,1.0,68.0,1.0,0.0,42.0,2.0,4.85123966942149,0.0,5.53719008264463,1.0,1.0,0.468085106382979,0.0,6.0,0.294117647058824,0.0,3.0,9.0,0.62399924,0.3760008,1
27,2,0.0,1.0,0.0,0.0,0.0,0.07,1.0,68.0,1.0,0.0,13.0,2.0,4.85123966942149,0.0,5.53719008264463,1.0,1.0,0.468085106382979,0.0,2.0,0.294117647058824,0.0,3.0,9.0,0.9992534,0.00074662146,3
27,3,0.0,1.0,0.0,0.0,0.0,0.07,1.0,68.0,1.0,0.0,13.0,2.0,4.85123966942149,0.0,5.53719008264463,1.0,1.0,0.468085106382979,0.0,2.0,1.0,0.0,3.0,9.0,0.9998555,0.00014449721,4
27,4,0.0,1.0,0.0,0.0,0.0,0.07,1.0,68.0,1.0,0.0,13.0,2.0,4.85123966942149,20.0,5.53719008264463,1.0,1.0,0.468085106382979,0.0,2.0,0.294117647058824,0.0,3.0,9.0,0.9996138,0.00038616578,4
27,5,0.0,1.0,0.0,0.0,0.0,0.07,1.0,68.0,1.0,0.0,13.0,2.0,4.85123966942149,20.0,5.53719008264463,1.0,1.0,0.468085106382979,0.0,0.0,0.294117647058824,0.0,3.0,9.0,0.9997384,0.00026163098,4
27,6,0.0,1.0,0.0,0.0,0.0,0.07,1.0,68.0,1.0,0.0,13.0,5.0,4.85123966942149,20.0,5.53719008264463,1.0,1.0,0.468085106382979,0.0,0.0,0.294117647058824,0.0,3.0,9.0,0.9997694,0.00023059553,5
27,7,0.0,1.0,0.0,0.0,0.0,0.07,1.0,68.0,1.0,0.0,13.0,2.0,4.85123966942149,20.0,5.53719008264463,1.0,1.0,0.468085106382979,0.0,2.0,1.0,0.0,3.0,9.0,0.99993986,6.013475e-05,5
27,8,0.0,1.0,2.0,0.0,0.0,0.07,1.0,68.0,1.0,0.0,13.0,2.0,4.85123966942149,0.0,5.53719008264463,1.0,1.0,0.468085106382979,0.0,2.0,1.0,0.0,3.0,9.0,0.9989623,0.001037692,3
27,9,0.0,1.0,2.0,0.0,0.0,0.07,1.0,68.0,1.0,45.0,13.0,2.0,4.85123966942149,0.0,5.53719008264463,1.0,1.0,0.468085106382979,0.0,2.0,1.0,0.0,3.0,9.0,0.99961585,0.00038414518,4
27,10,0.0,1.0,2.0,0.0,0.0,0.07,1.0,68.0,1.0,45.0,6.0,2.0,4.85123966942149,0.0,5.53719008264463,1.0,1.0,0.468085106382979,0.0,2.0,1.0,0.0,3.0,9.0,0.99967337,0.00032662193,4
27,11,0.0,1.0,2.0,0.0,0.0,0.07,1.0,68.0,1.0,45.0,6.0,2.0,5.2,0.0,5.53719008264463,1.0,1.0,0.468085106382979,0.0,2.0,1.0,0.0,3.0,9.0,0.9996969,0.00030309707,5
27,12,0.0,1.0,0.0,0.0,0.0,0.07,1.0,68.0,1.0,0.0,13.0,2.0,4.85123966942149,0.0,5.53719008264463,1.0,1.0,0.468085106382979,0.0,0.0,0.294117647058824,0.0,3.0,9.0,0.9995259,0.0004741008,3
27,13,0.0,1.0,0.0,0.0,2.0,0.07,1.0,68.0,1.0,0.0,13.0,2.0,4.85123966942149,0.0,5.53719008264463,1.0,1.0,0.468085106382979,0.0,0.0,0.294117647058824,0.0,3.0,9.0,0.9996876,0.00031237243,4
27,14,0.0,1.0,2.0,0.0,0.0,0.07,1.0,68.0,1.0,0.0,13.0,2.0,4.85123966942149,20.0,5.53719008264463,1.0,1.0,0.468085106382979,0.0,2.0,1.0,0.0,3.0,9.0,0.99956906,0.00043092706,4
27,15,0.0,1.0,2.0,0.0,0.0,0.07,1.0,68.0,1.0,0.0,6.0,2.0,4.85123966942149,20.0,5.53719008264463,1.0,1.0,0.468085106382979,0.0,2.0,1.0,0.0,3.0,9.0,0.99971074,0.00028927834,4
27,16,0.0,1.0,2.0,0.0,0.0,0.07,1.0,68.0,1.0,0.0,6.0,2.0,4.85123966942149,0.0,5.53719008264463,1.0,1.0,0.468085106382979,0.0,2.0,1.0,0.0,3.0,9.0,0.99937195,0.00062805635,3
27,17,0.0,1.0,2.0,0.0,0.0,0.07,1.0,68.0,1.0,0.0,6.0,2.0,5.2,0.0,5.53719008264463,1.0,1.0,0.468085106382979,0.0,2.0,1.0,0.0,3.0,9.0,0.9994172,0.0005828314,4
27,18,0.0,1.0,0.0,0.0,0.0,0.07,1.0,68.0,1.0,0.0,13.0,2.0,4.85123966942149,0.0,5.53719008264463,1.0,1.0,0.468085106382979,0.0,326.0,0.294117647058824,0.0,3.0,9.0,0.9771284,0.022871627,2
27,19,0.0,1.0,0.0,0.0,0.0,0.07,1.0,68.0,1.0,0.0,13.0,2.0,4.85123966942149,0.0,5.53719008264463,1.0,1.0,0.468085106382979,0.0,326.0,0.0,0.0,3.0,9.0,0.99555117,0.004448855,3
28,0,0.0,1.0,4.0,2.0,0.0,0.16,2.0,71.0,1.0,0.0,13.0,2.0,4.3125,1.0,6.375,1.0,1.0,0.473684210526316,0.0,11.0,0.25,0.0,3.0,4.0,0.9560879,0.043912105,1
28,1,0.0,1.0,1.0,2.0,0.0,0.16,2.0,71.0,1.0,0.0,17.0,2.0,4.3125,1.0,6.375,1.0,1.0,0.473684210526316,0.0,11.0,0.25,0.0,3.0,4.0,0.86504406,0.13495596,1
28,2,0.0,1.0,0.0,2.0,0.0,0.16,2.0,71.0,1.0,0.0,13.0,2.0,4.3125,1.0,6.375,1.0,1.0,0.9,0.0,11.0,0.25,0.0,3.0,4.0,0.99847764,0.0015223803,3
28,3,0.0,1.0,0.0,0.0,0.0,0.16,2.0,71.0,1.0,0.0,13.0,2.0,4.3125,1.0,6.375,1.0,1.0,0.9,0.0,11.0,0.25,0.0,3.0,4.0,0.9991393,0.0008606702,4
28,4,0.0,1.0,0.0,0.0,0.0,0.16,2.0,71.0,1.0,0.0,13.0,2.0,4.3125,1.0,6.375,2.0,1.0,0.9,0.0,11.0,0.25,0.0,3.0,4.0,0.9992222,0.00077775767,5
28,5,0.0,1.0,0.0,2.0,0.0,0.16,2.0,71.0,1.0,0.0,17.0,2.0,4.3125,1.0,6.375,1.0,1.0,0.473684210526316,0.0,11.0,0.25,0.0,3.0,4.0,0.89645714,0.10354286,1
28,6,0.0,1.0,0.0,2.0,0.0,0.16,2.0,71.0,1.0,0.0,17.0,2.0,4.3125,1.0,6.375,1.0,1.0,0.473684210526316,0.0,11.0,1.0,0.0,3.0,4.0,0.98267657,0.017323434,2
28,7,0.0,1.0,4.0,2.0,0.0,0.16,2.0,71.0,1.0,0.0,17.0,2.0,4.3125,1.0,2.8,1.0,1.0,0.473684210526316,0.0,11.0,0.25,0.0,3.0,4.0,0.5291173,0.4708827,1
28,8,0.0,1.0,0.0,2.0,0.0,0.16,15.0,71.0,1.0,0.0,17.0,2.0,4.3125,1.0,1.0,1.0,1.0,0.473684210526316,0.0,11.0,1.0,0.0,3.0,4.0,0.99552673,0.004473251,4
28,9,0.0,1.0,0.0,2.0,0.0,0.16,15.0,71.0,1.0,0.0,17.0,2.0,4.3125,1.0,1.0,1.0,1.0,0.7,0.0,11.0,1.0,0.0,3.0,4.0,0.9969187,0.0030813066,5
28,10,0.0,1.0,4.0,2.0,0.0,0.16,2.0,71.0,1.0,0.0,13.0,2.0,4.3125,1.0,6.375,1.0,1.0,0.473684210526316,0.0,11.0,0.0,0.0,3.0,4.0,0.99144846,0.008551556,2
28,11,0.0,1.0,4.0,2.0,0.0,0.16,2.0,71.0,1.0,0.0,13.0,2.0,4.3125,1.0,6.375,1.0,1.0,0.473684210526316,0.0,11.0,0.0,0.0,0.0,4.0,0.9964188,0.00358123,3
28,12,0.0,1.0,4.0,2.0,0.0,0.16,2.0,71.0,1.0,0.0,13.0,2.0,4.3125,1.0,6.375,1.0,1.0,0.473684210526316,0.0,20224.0,0.0,0.0,0.0,4.0,0.9983023,0.0016977118,4
28,13,0.0,1.0,4.0,1.0,0.0,0.16,2.0,71.0,1.0,0.0,13.0,2.0,4.3125,1.0,6.375,1.0,1.0,0.473684210526316,0.0,20224.0,0.0,0.0,0.0,4.0,0.99877965,0.0012203709,5
28,14,0.0,1.0,4.0,2.0,0.0,0.16,2.0,71.0,1.0,0.0,17.0,2.0,4.3125,1.0,6.375,1.0,1.0,0.7,0.0,11.0,0.25,0.0,3.0,4.0,0.65520775,0.34479225,1
28,15,0.0,1.0,4.0,2.0,0.0,0.16,2.0,71.0,1.0,0.0,13.0,2.0,4.3125,1.0,6.375,1.0,1.0,6.4,0.0,11.0,0.0,0.0,3.0,4.0,0.9987242,0.0012757666,3
28,16,0.0,1.0,4.0,2.0,0.0,0.16,2.0,71.0,1.0,0.0,17.0,2.0,4.3125,1.0,6.375,2.0,1.0,0.473684210526316,0.0,11.0,0.25,0.0,3.0,4.0,0.531397,0.468603,1
28,17,0.0,1.0,4.0,2.0,0.0,0.16,2.0,71.0,1.0,0.0,13.0,2.0,4.3125,1.0,6.375,31.0,1.0,0.9,0.0,11.0,0.0,0.0,3.0,4.0,0.9996246,0.00037540135,4
28,18,0.0,1.0,0.0,0.0,0.0,0.16,2.0,71.0,1.0,0.0,17.0,2.0,4.3125,1.0,6.375,1.0,1.0,0.473684210526316,0.0,11.0,0.25,0.0,3.0,4.0,0.99297345,0.007026572,2
28,19,0.0,1.0,0.0,0.0,0.0,0.16,2.0,71.0,1.0,45.0,17.0,2.0,4.3125,1.0,6.375,1.0,1.0,0.473684210526316,0.0,11.0,0.25,0.0,3.0,4.0,0.99722403,0.00277594,3
1602,0,0.0,1.0,19.0,4.0,0.0,0.43,0.0,89.0,1.0,0.0,21.0,2.0,7.0,2.0,4.6,1.0,1.0,1.0,0.0,68.0,1.0,0.0,1.0,3.0,0.6759053,0.3240947,1
1602,1,0.0,1.0,19.0,4.0,0.0,0.43,0.0,89.0,1.0,0.0,1.0,2.0,7.0,2.0,4.6,1.0,1.0,1.0,0.0,68.0,0.5,0.0,1.0,3.0,0.538427,0.46157303,1
1602,2,0.0,1.0,19.0,4.0,0.0,0.43,0.0,89.0,1.0,0.0,0.0,2.0,3.7,2.0,4.6,1.0,1.0,1.0,0.0,68.0,1.0,0.0,1.0,3.0,0.997211,0.0027890282,3
1602,3,0.0,1.0,19.0,0.0,0.0,0.43,0.0,89.0,1.0,0.0,0.0,2.0,3.7,2.0,4.6,1.0,1.0,1.0,0.0,68.0,1.0,0.0,1.0,3.0,0.9992153,0.0007847139,4
1602,4,0.0,1.0,19.0,0.0,0.0,0.43,0.0,89.0,1.0,0.0,0.0,2.0,3.7,2.0,4.6,31.0,1.0,1.0,0.0,68.0,1.0,0.0,1.0,3.0,0.99961877,0.00038120395,5
1602,5,0.0,1.0,19.0,4.0,0.0,0.43,0.0,89.0,1.0,0.0,19.0,2.0,7.0,2.0,4.6,2.0,1.0,1.0,0.0,68.0,0.5,0.0,1.0,3.0,0.5380665,0.46193346,2
1602,6,0.0,1.0,19.0,4.0,0.0,0.43,0.0,89.0,1.0,0.0,0.0,2.0,7.0,2.0,4.6,31.0,1.0,1.0,0.0,68.0,1.0,0.0,1.0,3.0,0.9957047,0.004295279,3
1602,7,0.0,1.0,19.0,4.0,0.0,0.43,0.0,0.0,1.0,0.0,0.0,2.0,7.0,2.0,4.6,31.0,1.0,1.0,0.0,68.0,1.0,0.0,1.0,3.0,0.997824,0.0021760117,4
1602,8,0.0,1.0,19.0,4.0,0.0,0.43,0.0,0.0,1.0,0.0,0.0,2.0,7.0,2.0,3.4,31.0,1.0,1.0,0.0,68.0,1.0,0.0,1.0,3.0,0.99818337,0.0018166224,5
1602,9,0.0,1.0,19.0,4.0,0.0,0.43,0.0,0.0,1.0,0.0,1.0,2.0,7.0,2.0,3.4,31.0,1.0,1.0,0.0,68.0,1.0,0.0,1.0,3.0,0.99855626,0.0014437648,5
1602,10,0.0,1.0,19.0,4.0,0.0,0.43,0.0,89.0,1.0,0.0,0.0,2.0,3.7,2.0,4.6,1.0,1.0,1.0,0.0,68.0,1.0,0.0,1.0,0.0,0.99832493,0.0016750618,4
1602,11,0.0,1.0,19.0,4.0,0.0,0.43,0.0,89.0,1.0,0.0,0.0,2.0,3.1,2.0,4.6,1.0,1.0,1.0,0.0,68.0,1.0,0.0,1.0,0.0,0.99858713,0.0014128946,4
1602,12,0.0,1.0,19.0,4.0,0.0,0.43,0.0,89.0,1.0,0.0,0.0,2.0,3.1,2.0,4.6,1.0,1.0,1.0,0.0,68.0,0.0,0.0,1.0,0.0,0.9991589,0.0008410949,4
1602,13,0.0,1.0,19.0,4.0,0.0,0.43,0.0,89.0,1.0,0.0,0.0,2.0,3.7,2.0,4.6,31.0,1.0,1.0,0.0,68.0,1.0,0.0,1.0,3.0,0.9990869,0.000913089,4
1602,14,0.0,1.0,19.0,4.0,0.0,0.43,0.0,89.0,1.0,0.0,0.0,2.0,3.7,2.0,4.6,31.0,1.0,0.9,0.0,68.0,1.0,0.0,1.0,3.0,0.9991322,0.00086779153,5
1602,15,0.0,1.0,1.0,4.0,0.0,0.43,0.0,89.0,1.0,0.0,0.0,2.0,7.0,2.0,4.6,31.0,1.0,1.0,0.0,68.0,1.0,0.0,1.0,3.0,0.9984143,0.0015857514,4
1602,16,0.0,1.0,1.0,4.0,0.0,0.73,0.0,89.0,1.0,0.0,0.0,2.0,7.0,2.0,4.6,31.0,1.0,1.0,0.0,68.0,1.0,0.0,1.0,3.0,0.9987248,0.001275192,5
1602,17,0.0,1.0,1.0,4.0,0.0,0.43,0.0,89.0,1.0,0.0,0.0,2.0,7.0,2.0,5.5,31.0,1.0,1.0,0.0,68.0,1.0,0.0,1.0,3.0,0.9991719,0.000828102,5
1602,18,0.0,1.0,1.0,4.0,0.0,0.43,0.0,89.0,1.0,0.0,21.0,2.0,7.0,2.0,4.6,3.0,1.0,1.0,0.0,68.0,0.5,0.0,1.0,3.0,0.52801555,0.47198445,2
1602,19,0.0,1.0,0.0,4.0,0.0,0.43,0.0,89.0,1.0,0.0,19.0,2.0,7.0,2.0,5.5,31.0,1.0,1.0,0.0,68.0,1.0,0.0,1.0,3.0,0.9995125,0.00048751777,5
1605,0,1.0,1.0,3.0,4.0,0.0,0.29,2.0,51.0,1.0,0.0,19.0,2.0,4.69230769230769,2.0,2.0,1.0,1.0,1.3125,0.0,21.0,0.3,0.0,1.0,4.0,0.5459198,0.45408025,2
1605,1,1.0,1.0,3.0,4.0,0.0,0.29,2.0,51.0,1.0,0.0,13.0,2.0,4.69230769230769,2.0,1.0,1.0,1.0,1.3125,0.0,21.0,1.0,0.0,1.0,4.0,0.9879165,0.012083485,3
1605,2,1.0,1.0,3.0,4.0,0.0,0.29,2.0,51.0,1.0,0.0,13.0,2.0,4.69230769230769,2.0,11.1538461538462,31.0,1.0,1.3125,0.0,21.0,0.3,0.0,1.0,4.0,0.64553463,0.3544654,2
1605,3,1.0,1.0,3.0,4.0,0.0,0.29,2.0,51.0,1.0,0.0,13.0,2.0,4.69230769230769,2.0,1.0,31.0,1.0,1.3125,0.0,2.0,1.0,0.0,1.0,4.0,0.99762696,0.0023730474,5
1605,4,1.0,1.0,3.0,4.0,0.0,0.29,2.0,51.0,1.0,0.0,13.0,2.0,4.69230769230769,2.0,2.0,31.0,1.0,1.3125,0.0,2.0,1.0,0.0,1.0,4.0,0.9976695,0.0023304916,5
1605,5,1.0,1.0,3.0,4.0,0.0,0.29,2.0,72.0,1.0,0.0,13.0,2.0,4.69230769230769,2.0,11.1538461538462,1.0,1.0,1.3125,0.0,21.0,0.3,0.0,1.0,4.0,0.57324564,0.42675433,2
1605,6,1.0,1.0,3.0,4.0,0.0,0.29,2.0,100.0,1.0,0.0,13.0,2.0,3.7,2.0,1.0,1.0,1.0,1.3125,0.0,21.0,1.0,0.0,1.0,4.0,0.9967612,0.003238773,5
1605,7,1.0,1.0,3.0,4.0,0.0,0.29,2.0,100.0,1.0,0.0,13.0,2.0,3.7,2.0,1.0,1.0,1.0,1.3125,0.0,21.0,0.0,0.0,1.0,4.0,0.99682724,0.0031727657,5
1605,8,1.0,1.0,3.0,4.0,0.0,0.29,2.0,100.0,1.0,0.0,13.0,2.0,3.1,2.0,1.0,1.0,1.0,1.3125,0.0,21.0,0.0,0.0,1.0,4.0,0.9968983,0.003101678,5
1605,9,1.0,1.0,5.0,4.0,0.0,0.29,2.0,51.0,1.0,0.0,13.0,2.0,4.69230769230769,2.0,1.0,1.0,1.0,1.3125,0.0,21.0,0.3,0.0,1.0,4.0,0.9697279,0.030272156,3
1605,10,1.0,1.0,3.0,4.0,0.0,0.29,2.0,51.0,1.0,0.0,13.0,2.0,4.69230769230769,2.0,11.1538461538462,1.0,1.0,1.3125,0.0,2.0,0.3,0.0,1.0,4.0,0.7470646,0.25293538,2
1605,11,1.0,1.0,5.0,4.0,0.0,0.29,2.0,51.0,1.0,0.0,13.0,2.0,4.69230769230769,2.0,1.0,1.0,1.0,1.3125,0.0,0.0,0.3,0.0,1.0,0.0,0.9947215,0.0052785343,5
1605,12,1.0,1.0,5.0,4.0,0.0,0.29,2.0,51.0,1.0,0.0,0.0,2.0,4.69230769230769,2.0,1.0,1.0,1.0,1.3125,0.0,0.0,0.3,0.0,1.0,0.0,0.99726605,0.002733949,5
1605,13,1.0,1.0,5.0,4.0,0.0,0.29,2.0,51.0,1.0,0.0,0.0,2.0,4.69230769230769,2.0,2.0,1.0,1.0,1.3125,0.0,0.0,0.3,0.0,1.0,0.0,0.99731505,0.0026849383,5
1605,14,1.0,1.0,3.0,4.0,0.0,0.29,2.0,51.0,1.0,0.0,13.0,2.0,3.7,2.0,1.0,1.0,1.0,1.3125,0.0,21.0,1.0,0.0,1.0,4.0,0.9901388,0.009861149,4
1605,15,1.0,1.0,3.0,4.0,0.0,0.29,2.0,51.0,1.0,0.0,19.0,2.0,4.69230769230769,2.0,11.1538461538462,1.0,1.0,1.3125,0.0,21.0,1.0,0.0,1.0,4.0,0.5043047,0.4956953,2
1605,16,1.0,1.0,3.0,4.0,0.0,0.29,2.0,51.0,1.0,0.0,13.0,2.0,4.69230769230769,2.0,11.1538461538462,1.0,1.0,0.5,0.0,21.0,1.0,0.0,1.0,4.0,0.9630397,0.036960296,3
1605,17,1.0,1.0,3.0,4.0,0.0,0.29,2.0,51.0,1.0,0.0,13.0,2.0,4.69230769230769,2.0,11.1538461538462,1.0,1.0,0.5,0.0,0.0,1.0,0.0,1.0,4.0,0.97556305,0.024436923,4
1605,18,1.0,1.0,3.0,4.0,0.0,0.29,2.0,51.0,1.0,0.0,0.0,2.0,4.69230769230769,2.0,11.1538461538462,1.0,1.0,0.5,0.0,0.0,1.0,0.0,1.0,4.0,0.9894917,0.010508316,4
1605,19,1.0,1.0,3.0,4.0,0.0,0.29,2.0,51.0,1.0,0.0,0.0,2.0,4.69230769230769,2.0,11.1538461538462,1.0,1.0,0.5,0.0,0.0,1.0,0.0,3.0,4.0,0.99529237,0.0047076084,5
1607,0,0.0,1.0,2.0,1.0,0.0,0.23,0.0,71.0,1.0,0.0,19.0,1.0,4.35714285714286,0.0,5.92857142857143,0.0,1.0,0.5,0.0,65.0,1.0,0.0,1.0,2.0,0.9756116,0.024388395,1
1607,1,0.0,1.0,2.0,1.0,0.0,0.23,0.0,71.0,1.0,0.0,13.0,1.0,4.35714285714286,0.0,5.92857142857143,0.0,1.0,0.5,0.0,65.0,0.6,0.0,1.0,2.0,0.6014573,0.3985427,1
1607,2,0.0,1.0,2.0,1.0,0.0,0.23,0.0,71.0,1.0,0.0,6.0,1.0,4.35714285714286,0.0,5.92857142857143,0.0,1.0,0.7,0.0,65.0,1.0,0.0,1.0,2.0,0.99891263,0.0010873672,3
1607,3,0.0,1.0,1.0,1.0,0.0,0.23,0.0,71.0,1.0,0.0,6.0,1.0,4.35714285714286,0.0,5.92857142857143,0.0,1.0,0.7,0.0,65.0,1.0,0.0,1.0,2.0,0.99931806,0.0006819119,4
1607,4,0.0,1.0,1.0,0.0,0.0,0.23,0.0,71.0,1.0,0.0,6.0,1.0,4.35714285714286,0.0,5.92857142857143,0.0,1.0,0.7,0.0,65.0,1.0,0.0,1.0,2.0,0.9996268,0.00037320226,5
1607,5,0.0,1.0,1.0,0.0,0.0,0.23,0.0,71.0,1.0,0.0,6.0,1.0,4.35714285714286,0.0,5.92857142857143,0.0,1.0,0.9,0.0,65.0,1.0,0.0,1.0,2.0,0.9996404,0.00035958886,5
1607,6,0.0,1.0,1.0,1.0,0.0,0.23,0.0,71.0,1.0,0.0,19.0,1.0,4.35714285714286,0.0,5.92857142857143,0.0,1.0,0.5,0.0,65.0,0.6,0.0,1.0,2.0,0.5245592,0.4754408,1
1607,7,0.0,1.0,0.0,1.0,0.0,0.23,0.0,71.0,1.0,0.0,19.0,1.0,4.35714285714286,0.0,5.92857142857143,31.0,1.0,0.5,0.0,65.0,1.0,0.0,1.0,2.0,0.99833316,0.0016668306,3
1607,8,0.0,1.0,2.0,1.0,0.0,0.23,0.0,71.0,1.0,45.0,19.0,1.0,4.35714285714286,0.0,5.92857142857143,31.0,1.0,0.5,0.0,65.0,0.6,0.0,1.0,2.0,0.64828587,0.35171416,2
1607,9,0.0,1.0,0.0,1.0,0.0,0.23,0.0,71.0,1.0,45.0,19.0,1.0,4.35714285714286,0.0,5.92857142857143,31.0,1.0,0.7,0.0,65.0,1.0,0.0,1.0,2.0,0.9993946,0.00060540834,5
1607,10,0.0,1.0,2.0,1.0,0.0,0.23,0.0,0.0,1.0,0.0,19.0,1.0,4.35714285714286,0.0,5.92857142857143,0.0,1.0,0.5,0.0,65.0,1.0,0.0,1.0,2.0,0.9920131,0.007986933,2
1607,11,0.0,1.0,2.0,0.0,0.0,0.23,0.0,71.0,1.0,0.0,19.0,1.0,4.35714285714286,0.0,5.92857142857143,0.0,1.0,0.5,0.0,65.0,0.6,0.0,1.0,2.0,0.5124817,0.48751828,1
1607,12,0.0,1.0,2.0,0.0,0.0,0.23,0.0,0.0,1.0,0.0,19.0,1.0,4.35714285714286,0.0,5.92857142857143,0.0,1.0,0.7,0.0,65.0,1.0,0.0,1.0,2.0,0.9979241,0.0020758938,4
1607,13,0.0,1.0,2.0,0.0,0.0,0.23,0.0,87.0,1.0,0.0,19.0,1.0,4.35714285714286,0.0,5.92857142857143,0.0,1.0,0.7,0.0,65.0,1.0,0.0,1.0,2.0,0.9982175,0.0017824941,4
1607,14,0.0,1.0,2.0,0.0,0.0,0.23,0.0,87.0,1.0,0.0,19.0,1.0,4.35714285714286,0.0,5.92857142857143,0.0,1.0,0.7,0.0,65.0,1.0,0.0,1.0,0.0,0.99870116,0.0012988261,5
1607,15,0.0,1.0,2.0,1.0,0.0,0.23,0.0,71.0,1.0,0.0,6.0,1.0,4.35714285714286,0.0,5.92857142857143,0.0,1.0,0.5,0.0,65.0,0.6,0.0,1.0,2.0,0.8026313,0.1973687,1
1607,16,0.0,1.0,1.0,1.0,0.0,0.23,0.0,71.0,1.0,0.0,6.0,1.0,4.35714285714286,0.0,5.92857142857143,0.0,1.0,0.5,0.0,65.0,0.6,0.0,1.0,2.0,0.9856519,0.014348086,2
1607,17,0.0,1.0,1.0,1.0,0.0,0.23,0.0,71.0,1.0,0.0,6.0,1.0,4.35714285714286,0.0,5.92857142857143,0.0,1.0,6.4,0.0,65.0,0.6,0.0,1.0,2.0,0.99390537,0.006094621,3
1607,18,0.0,1.0,1.0,1.0,0.0,0.0,0.0,71.0,1.0,0.0,6.0,1.0,4.35714285714286,0.0,5.92857142857143,0.0,1.0,6.4,0.0,65.0,0.6,0.0,1.0,2.0,0.99726063,0.0027393794,4
1607,19,0.0,1.0,1.0,1.0,0.0,0.0,0.0,71.0,1.0,0.0,3.0,1.0,4.35714285714286,0.0,5.92857142857143,0.0,1.0,6.4,0.0,65.0,0.6,0.0,1.0,2.0,0.9975444,0.0024556022,4
1002,0,0.0,1.0,2.0,5.0,0.0,0.28,1.0,50.0,1.0,0.0,19.0,2.0,2.44444444444444,1.0,2.8,1.0,1.0,0.692307692307692,0.0,4.0,0.333333333333333,0.0,1.0,3.0,0.563465,0.43653497,1
1002,1,0.0,1.0,2.0,5.0,0.0,0.28,1.0,50.0,1.0,0.0,19.0,2.0,3.1,1.0,1.0,1.0,1.0,0.692307692307692,0.0,4.0,0.333333333333333,0.0,1.0,3.0,0.9767054,0.023294646,2
1002,2,0.0,1.0,2.0,5.0,0.0,0.28,1.0,50.0,1.0,0.0,19.0,2.0,3.1,1.0,1.0,1.0,1.0,0.692307692307692,0.0,4.0,1.0,0.0,1.0,3.0,0.99504566,0.00495431,3
1002,3,0.0,1.0,2.0,0.0,0.0,0.28,1.0,50.0,1.0,0.0,19.0,2.0,3.1,1.0,1.0,1.0,1.0,0.692307692307692,0.0,4.0,1.0,0.0,1.0,3.0,0.9989354,0.0010645934,4
1002,4,0.0,1.0,2.0,0.0,0.0,0.28,1.0,50.0,1.0,0.0,19.0,2.0,2.44444444444444,1.0,5.5,1.0,1.0,0.692307692307692,0.0,4.0,0.333333333333333,0.0,1.0,3.0,0.59022236,0.40977764,2
1002,5,0.0,1.0,2.0,1.0,0.0,0.28,1.0,50.0,1.0,0.0,19.0,2.0,2.44444444444444,1.0,9.33333333333333,31.0,1.0,0.692307692307692,0.0,4.0,0.333333333333333,0.0,1.0,3.0,0.5198605,0.48013952,2
1002,6,0.0,1.0,2.0,0.0,0.0,0.28,1.0,50.0,1.0,0.0,19.0,2.0,4.4,1.0,5.5,31.0,1.0,0.692307692307692,0.0,4.0,1.0,0.0,1.0,3.0,0.99967045,0.0003295405,5
1002,7,0.0,1.0,0.0,5.0,0.0,0.28,1.0,50.0,1.0,0.0,19.0,2.0,3.1,1.0,1.0,1.0,1.0,0.692307692307692,0.0,4.0,0.333333333333333,0.0,1.0,3.0,0.9931331,0.006866873,3
1002,8,0.0,1.0,0.0,0.0,0.0,0.28,1.0,50.0,1.0,0.0,19.0,2.0,3.1,1.0,1.0,1.0,1.0,0.692307692307692,0.0,4.0,0.333333333333333,0.0,1.0,3.0,0.997696,0.002303995,4
1002,9,0.0,1.0,0.0,0.0,0.0,0.28,1.0,50.0,1.0,0.0,19.0,2.0,3.1,1.0,4.3,1.0,1.0,0.692307692307692,0.0,4.0,0.333333333333333,0.0,1.0,3.0,0.9981909,0.0018091437,4
1002,10,0.0,8.0,0.0,0.0,0.0,0.28,1.0,50.0,1.0,0.0,19.0,2.0,3.1,1.0,4.3,1.0,1.0,0.692307692307692,0.0,4.0,0.333333333333333,0.0,1.0,3.0,0.99850565,0.0014943534,5
1002,11,0.0,8.0,0.0,0.0,0.0,0.28,1.0,50.0,1.0,0.0,19.0,2.0,3.1,1.0,5.5,1.0,1.0,0.692307692307692,0.0,4.0,0.333333333333333,0.0,1.0,3.0,0.9986943,0.0013057193,5
1002,12,0.0,1.0,2.0,5.0,0.0,0.28,1.0,50.0,1.0,0.0,19.0,2.0,2.44444444444444,1.0,1.0,1.0,1.0,0.692307692307692,0.0,4.0,0.0,0.0,1.0,3.0,0.9528574,0.047142606,2
1002,13,0.0,1.0,2.0,0.0,0.0,0.28,1.0,50.0,1.0,0.0,19.0,2.0,2.44444444444444,1.0,1.0,1.0,1.0,0.692307692307692,0.0,4.0,0.0,0.0,1.0,3.0,0.97459275,0.025407275,3
1002,14,0.0,1.0,2.0,0.0,0.0,0.28,1.0,50.0,1.0,0.0,19.0,2.0,2.44444444444444,1.0,1.0,1.0,1.0,0.692307692307692,0.0,4.0,1.0,0.0,1.0,3.0,0.9885321,0.011467845,3
1002,15,0.0,1.0,2.0,0.0,0.0,0.28,15.0,50.0,1.0,0.0,19.0,2.0,2.44444444444444,1.0,1.0,1.0,1.0,0.692307692307692,0.0,4.0,1.0,0.0,1.0,3.0,0.9942195,0.0057804934,4
1002,16,0.0,1.0,2.0,0.0,0.0,0.28,15.0,50.0,1.0,0.0,19.0,2.0,2.44444444444444,1.0,1.0,1.0,1.0,0.692307692307692,0.0,2.0,1.0,0.0,1.0,3.0,0.99619406,0.003805924,5
1002,17,0.0,1.0,2.0,0.0,0.0,0.28,1.0,50.0,1.0,0.0,19.0,2.0,4.4,1.0,5.5,1.0,1.0,0.692307692307692,0.0,4.0,1.0,0.0,1.0,3.0,0.9995772,0.0004227661,4
1002,18,0.0,1.0,2.0,5.0,0.0,0.28,1.0,50.0,1.0,0.0,19.0,2.0,3.1,1.0,9.33333333333333,1.0,1.0,0.692307692307692,0.0,4.0,0.333333333333333,0.0,1.0,3.0,0.62745535,0.37254468,1
1002,19,0.0,1.0,2.0,5.0,0.0,0.28,1.0,50.0,1.0,0.0,19.0,2.0,2.44444444444444,1.0,9.33333333333333,1.0,1.0,0.692307692307692,0.0,4.0,0.0,0.0,1.0,3.0,0.5046749,0.4953251,1
1006,0,0.0,1.0,2.0,4.0,0.0,0.27,1.0,44.0,3.0,0.0,27.0,1.0,3.0,0.0,8.38888888888889,1.0,1.0,0.666666666666667,0.0,13.0,0.0,0.0,4.0,5.0,0.9035832,0.09641675,1
1006,1,0.0,1.0,2.0,4.0,0.0,0.27,1.0,44.0,3.0,0.0,27.0,5.0,3.0,0.0,8.38888888888889,1.0,1.0,0.666666666666667,0.0,13.0,0.0,0.0,4.0,5.0,0.98346376,0.01653624,2
1006,2,0.0,1.0,1.0,4.0,0.0,0.27,1.0,44.0,3.0,0.0,27.0,2.0,3.0,0.0,8.38888888888889,1.0,1.0,0.666666666666667,0.0,13.0,0.5,0.0,4.0,5.0,0.77889353,0.22110647,2
1006,3,0.0,1.0,2.0,6.0,0.0,0.27,1.0,44.0,3.0,0.0,27.0,5.0,3.0,0.0,8.38888888888889,1.0,1.0,0.666666666666667,0.0,13.0,0.5,0.0,4.0,5.0,0.63099563,0.3690044,2
1006,4,0.0,1.0,0.0,0.0,0.0,0.27,1.0,44.0,3.0,0.0,27.0,5.0,3.0,0.0,8.38888888888889,2.0,1.0,0.666666666666667,0.0,13.0,0.0,0.0,4.0,5.0,0.99967,0.00032997588,5
1006,5,0.0,1.0,2.0,4.0,0.0,0.27,1.0,44.0,3.0,0.0,27.0,1.0,3.0,0.0,8.38888888888889,31.0,1.0,0.666666666666667,0.0,13.0,0.5,0.0,4.0,5.0,0.56558526,0.43441474,1
1006,6,0.0,1.0,2.0,4.0,0.0,0.27,1.0,44.0,3.0,0.0,27.0,1.0,3.0,0.0,8.38888888888889,31.0,1.0,0.666666666666667,0.0,2.0,0.0,0.0,4.0,5.0,0.9958769,0.0041231127,3
1006,7,0.0,1.0,2.0,6.0,0.0,0.27,1.0,44.0,3.0,0.0,27.0,1.0,3.0,0.0,8.38888888888889,31.0,1.0,0.666666666666667,0.0,2.0,0.0,0.0,4.0,5.0,0.9977042,0.0022957842,4
1006,8,0.0,1.0,2.0,4.0,2.0,0.27,1.0,44.0,3.0,0.0,27.0,5.0,3.0,0.0,8.38888888888889,1.0,1.0,0.666666666666667,0.0,13.0,0.5,0.0,4.0,5.0,0.6328838,0.36711618,2
1006,9,0.0,1.0,2.0,4.0,0.0,0.27,1.0,44.0,3.0,0.0,27.0,5.0,3.0,0.0,8.38888888888889,31.0,1.0,0.666666666666667,0.0,13.0,0.0,0.0,4.0,5.0,0.9957031,0.0042969026,3
1006,10,0.0,1.0,2.0,6.0,0.0,0.27,1.0,44.0,3.0,0.0,27.0,5.0,3.0,0.0,8.38888888888889,31.0,1.0,0.666666666666667,0.0,13.0,0.0,0.0,4.0,5.0,0.99792886,0.0020711715,4
1006,11,0.0,1.0,247.0,4.0,0.0,0.27,1.0,44.0,3.0,0.0,27.0,1.0,3.0,0.0,8.38888888888889,31.0,1.0,0.666666666666667,0.0,13.0,0.0,0.0,4.0,5.0,0.9964792,0.0035208026,3
1006,12,0.0,1.0,2.0,4.0,0.0,0.27,1.0,44.0,3.0,0.0,27.0,1.0,3.0,20.0,8.38888888888889,31.0,1.0,0.666666666666667,0.0,13.0,0.5,0.0,4.0,5.0,0.82975954,0.17024048,2
1006,13,0.0,1.0,2.0,4.0,0.0,0.27,1.0,44.0,3.0,0.0,27.0,5.0,3.0,20.0,8.38888888888889,31.0,1.0,0.666666666666667,0.0,13.0,0.5,0.0,4.0,5.0,0.9097803,0.09021967,3
1006,14,0.0,1.0,2.0,4.0,0.0,0.27,15.0,44.0,3.0,0.0,27.0,5.0,3.0,20.0,8.38888888888889,31.0,1.0,0.666666666666667,0.0,13.0,0.5,0.0,4.0,5.0,0.94621843,0.05378155,4
1006,15,0.0,8.0,2.0,4.0,0.0,0.27,15.0,44.0,3.0,0.0,27.0,5.0,3.0,20.0,8.38888888888889,31.0,1.0,0.666666666666667,0.0,13.0,0.5,0.0,4.0,5.0,0.958041,0.041959006,5
1006,16,0.0,1.0,2.0,4.0,0.0,0.27,1.0,44.0,3.0,0.0,27.0,1.0,3.0,0.0,8.38888888888889,1.0,1.0,0.666666666666667,0.0,2.0,0.0,0.0,4.0,5.0,0.971095,0.02890495,2
1006,17,0.0,1.0,2.0,6.0,0.0,0.27,1.0,44.0,3.0,0.0,27.0,1.0,3.0,0.0,8.38888888888889,1.0,1.0,0.666666666666667,0.0,2.0,0.5,0.0,4.0,5.0,0.56628656,0.43371347,2
1006,18,0.0,1.0,2.0,0.0,2.0,0.27,1.0,44.0,3.0,0.0,27.0,1.0,3.0,0.0,8.38888888888889,1.0,1.0,0.666666666666667,0.0,2.0,0.0,0.0,4.0,5.0,0.9958686,0.0041313856,4
1036,0,6.0,1.0,2.0,5.0,3.0,0.29,2.0,72.0,1.0,0.0,13.0,2.0,6.17391304347826,0.0,11.5652173913043,1.0,1.0,0.935897435897436,0.0,0.0,0.461538461538462,0.0,4.0,7.0,0.52875334,0.47124666,2
1036,1,6.0,1.0,2.0,5.0,3.0,0.29,2.0,72.0,1.0,0.0,0.0,2.0,6.17391304347826,0.0,11.5652173913043,1.0,1.0,0.935897435897436,0.0,0.0,0.0,0.0,4.0,7.0,0.9868184,0.013181647,3
1036,2,6.0,1.0,2.0,5.0,3.0,0.29,2.0,72.0,1.0,0.0,0.0,2.0,6.17391304347826,0.0,11.5652173913043,1.0,1.0,0.5,0.0,0.0,0.0,0.0,4.0,7.0,0.99595964,0.004040385,4
1036,3,6.0,1.0,2.0,5.0,3.0,0.29,2.0,72.0,1.0,0.0,6.0,2.0,6.17391304347826,0.0,11.5652173913043,1.0,1.0,0.5,0.0,0.0,0.0,0.0,4.0,7.0,0.9969228,0.0030772372,4
1036,4,6.0,1.0,0.0,5.0,3.0,0.29,2.0,72.0,1.0,0.0,6.0,2.0,6.17391304347826,0.0,11.5652173913043,1.0,1.0,0.5,0.0,0.0,0.0,0.0,4.0,7.0,0.9980056,0.0019943747,5
1036,5,0.0,1.0,2.0,5.0,3.0,0.29,2.0,72.0,1.0,0.0,0.0,2.0,6.17391304347826,0.0,11.5652173913043,1.0,1.0,0.935897435897436,0.0,0.0,0.461538461538462,0.0,4.0,7.0,0.9787275,0.021272484,3
1036,6,0.0,8.0,2.0,5.0,3.0,0.29,2.0,72.0,1.0,0.0,0.0,2.0,6.17391304347826,0.0,11.5652173913043,1.0,1.0,0.935897435897436,0.0,0.0,0.461538461538462,0.0,4.0,7.0,0.99454445,0.0054555763,4
1036,7,0.0,8.0,2.0,5.0,3.0,0.29,2.0,72.0,1.0,0.0,0.0,2.0,6.17391304347826,0.0,11.5652173913043,1.0,1.0,0.7,0.0,0.0,0.461538461538462,0.0,4.0,7.0,0.99659693,0.0034030555,5
1036,8,0.0,8.0,2.0,5.0,3.0,0.29,2.0,72.0,1.0,0.0,6.0,2.0,6.17391304347826,0.0,11.5652173913043,1.0,1.0,0.7,0.0,0.0,0.461538461538462,0.0,4.0,7.0,0.9970415,0.0029584765,5
1036,9,0.0,1.0,2.0,5.0,3.0,0.29,2.0,72.0,1.0,0.0,0.0,2.0,6.17391304347826,0.0,11.5652173913043,1.0,1.0,0.935897435897436,0.0,0.0,0.0,0.0,4.0,7.0,0.9989709,0.001029089,4
1036,10,0.0,1.0,0.0,5.0,3.0,0.29,2.0,72.0,1.0,0.0,0.0,2.0,6.17391304347826,0.0,11.5652173913043,1.0,1.0,0.935897435897436,0.0,0.0,0.0,0.0,4.0,7.0,0.99917823,0.00082177925,5
1036,11,0.0,1.0,0.0,5.0,3.0,0.29,2.0,72.0,1.0,0.0,13.0,2.0,6.17391304347826,0.0,11.5652173913043,1.0,1.0,0.935897435897436,0.0,0.0,0.0,0.0,4.0,7.0,0.9996198,0.0003802434,5
1036,12,6.0,1.0,0.0,5.0,3.0,0.29,2.0,72.0,1.0,0.0,0.0,2.0,6.17391304347826,0.0,11.5652173913043,1.0,1.0,0.935897435897436,0.0,0.0,0.0,0.0,4.0,7.0,0.9902333,0.009766674,4
1036,13,6.0,1.0,0.0,5.0,3.0,0.29,2.0,72.0,1.0,0.0,13.0,2.0,6.17391304347826,0.0,11.5652173913043,1.0,1.0,0.935897435897436,0.0,0.0,0.0,0.0,4.0,7.0,0.99435514,0.0056448653,4
1036,14,6.0,1.0,0.0,5.0,3.0,0.29,2.0,72.0,1.0,0.0,13.0,2.0,6.17391304347826,0.0,11.5652173913043,31.0,1.0,0.935897435897436,0.0,0.0,0.0,0.0,4.0,7.0,0.99572283,0.0042771627,5
1036,15,6.0,1.0,2.0,5.0,3.0,0.29,2.0,72.0,1.0,45.0,0.0,2.0,6.17391304347826,0.0,11.5652173913043,1.0,1.0,0.935897435897436,0.0,0.0,0.0,0.0,4.0,7.0,0.99066716,0.009332826,4
1036,16,6.0,1.0,2.0,5.0,3.0,0.29,2.0,72.0,1.0,45.0,0.0,2.0,5.2,0.0,11.5652173913043,1.0,1.0,0.935897435897436,0.0,0.0,0.0,0.0,4.0,7.0,0.9931459,0.006854131,5
1036,17,6.0,1.0,0.0,5.0,3.0,0.29,2.0,72.0,1.0,0.0,0.0,2.0,6.17391304347826,0.0,11.5652173913043,1.0,1.0,0.935897435897436,0.0,0.0,0.461538461538462,0.0,4.0,7.0,0.9061418,0.093858175,3
1036,18,6.0,1.0,0.0,5.0,3.0,0.29,2.0,72.0,1.0,0.0,13.0,2.0,6.17391304347826,0.0,11.5652173913043,1.0,1.0,0.935897435897436,0.0,0.0,0.461538461538462,0.0,4.0,7.0,0.948841,0.051159043,3
1036,19,6.0,1.0,0.0,0.0,3.0,0.29,2.0,72.0,1.0,0.0,13.0,2.0,6.17391304347826,0.0,11.5652173913043,1.0,1.0,0.935897435897436,0.0,0.0,0.461538461538462,0.0,4.0,7.0,0.9642726,0.0357274,4
