feature,value,importance,left,right,rec,rule,min,max
OWN_COMMIT,1.0,0.1185256596141713,0.0,0.9158840980681497,-1,OWN_COMMIT > 0.9158840980681497,0.0,1.0
RatioCommentToCode,0.25,0.02356546364974925,0.03,0.16254030530342767,-1,0.16254030530342767 < RatioCommentToCode <= 0.415554900473351,0.03,8.5
CountDeclClass,1.0,-0.012283438832369995,1.5073484207191286,30.0,1,CountDeclClass <= 1.5073484207191286,1.0,30.0
MAJOR_LINE,0.0,-0.0003455923550972463,0.5006219044251735,5.0,1,MAJOR_LINE <= 0.5006219044251735,0.0,5.0
PercentLackOfCohesion,0.0,-0.0001786387391919532,40.38941965464624,100.0,1,PercentLackOfCohesion <= 40.38941965464624,0.0,100.0
