feature,value,importance,left,right,rec,rule,min,max
OWN_COMMIT,1.0,0.1158861054988309,0.0,0.9158840980681497,-1,OWN_COMMIT > 0.9158840980681497,0.0,1.0
MAJOR_LINE,3.0,0.039407775393879525,0.0,2.4961209246704383,-1,2.4961209246704383 < MAJOR_LINE <= 4.499384532543117,0.0,5.0
RatioCommentToCode,0.29,0.02655432835198361,0.03,0.16254030530342767,-1,0.16254030530342767 < RatioCommentToCode <= 0.415554900473351,0.03,8.5
