feature,value,importance,left,right,rec,rule,min,max
OWN_COMMIT,1.0,0.11661924341806457,0.0,0.9158840980681497,-1,OWN_COMMIT > 0.9158840980681497,0.0,1.0
MAJOR_LINE,5.0,0.044044178192473485,0.0,4.499384532543117,-1,MAJOR_LINE > 4.499384532543117,0.0,5.0
RatioCommentToCode,0.04,0.01359254963957506,0.03,0.03,-1,RatioCommentToCode <= 0.04753367113528073,0.03,8.5
