feature,value,importance,left,right,rec,rule,min,max
OWN_COMMIT,0.5,0.08939871116539969,0.0,0.1650142457143403,-1,0.1650142457143403 < OWN_COMMIT <= 0.524282117653962,0.0,1.0
RatioCommentToCode,0.17,0.023977027551414842,0.03,0.16254030530342767,-1,0.16254030530342767 < RatioCommentToCode <= 0.415554900473351,0.03,8.5
MAJOR_LINE,1.0,0.0005228620130977328,0.0,0.5006219044251735,-1,0.5006219044251735 < MAJOR_LINE <= 1.5022537083615126,0.0,5.0
