feature,value,importance,left,right,rec,rule,min,max
OWN_COMMIT,0.5,0.09267635984037256,0.0,0.1650142457143403,-1,0.1650142457143403 < OWN_COMMIT <= 0.524282117653962,0.0,1.0
CountDeclClass,1.0,-0.013304578729589697,1.5073484207191286,30.0,1,CountDeclClass <= 1.5073484207191286,1.0,30.0
RatioCommentToCode,0.12,0.012073035783000383,0.03,0.04753367113528073,-1,0.04753367113528073 < RatioCommentToCode <= 0.16254030530342767,0.03,8.5
PercentLackOfCohesion,1.0,-0.005842394617435993,40.38941965464624,100.0,1,PercentLackOfCohesion <= 40.38941965464624,0.0,100.0
