feature,value,importance,left,right,rec,rule,min,max
RatioCommentToCode,0.19,0.02963707048609951,0.03,0.16254030530342767,-1,0.16254030530342767 < RatioCommentToCode <= 0.415554900473351,0.03,8.5
PercentLackOfCohesion,89.0,0.005885180093410823,0.0,87.38992189944264,-1,87.38992189944264 < PercentLackOfCohesion <= 98.94742245144175,0.0,100.0
MAJOR_LINE,2.0,-0.0005685390722408948,2.4961209246704383,5.0,1,1.5022537083615126 < MAJOR_LINE <= 2.4961209246704383,0.0,5.0
