feature,value,importance,left,right,rec,rule,min,max
OWN_COMMIT,0.5,0.07195379005085352,0.0,0.1650142457143403,-1,0.1650142457143403 < OWN_COMMIT <= 0.524282117653962,0.0,1.0
MAJOR_LINE,3.0,0.04248407755917244,0.0,2.4961209246704383,-1,2.4961209246704383 < MAJOR_LINE <= 4.499384532543117,0.0,5.0
RatioCommentToCode,0.13,0.024279129454844357,0.03,0.04753367113528073,-1,0.04753367113528073 < RatioCommentToCode <= 0.16254030530342767,0.03,8.5
