feature,value,importance,left,right,rec,rule,min,max
OWN_COMMIT,1.0,0.10598610232999374,0.0,0.9158840980681497,-1,OWN_COMMIT > 0.9158840980681497,0.0,1.0
CountDeclClass,1.0,-0.016020596631190348,1.5073484207191286,30.0,1,CountDeclClass <= 1.5073484207191286,1.0,30.0
MAJOR_LINE,2.0,-0.010572706257338377,2.4961209246704383,5.0,1,1.5022537083615126 < MAJOR_LINE <= 2.4961209246704383,0.0,5.0
