feature,value,importance,left,right,rec,rule,min,max
OWN_COMMIT,1.0,0.11513680068463732,0.0,0.9158840980681497,-1,OWN_COMMIT > 0.9158840980681497,0.0,1.0
RatioCommentToCode,0.5,0.01785803877909511,0.03,0.415554900473351,-1,0.415554900473351 < RatioCommentToCode <= 0.7720754663946062,0.03,8.5
CountDeclClass,1.0,-0.012596068670018364,1.5073484207191286,30.0,1,CountDeclClass <= 1.5073484207191286,1.0,30.0
