feature,value,importance,left,right,rec,rule,min,max
OWN_COMMIT,0.5,0.08005251944475497,0.0,0.1650142457143403,-1,0.1650142457143403 < OWN_COMMIT <= 0.524282117653962,0.0,1.0
RatioCommentToCode,0.07,0.029075647060432502,0.03,0.04753367113528073,-1,0.04753367113528073 < RatioCommentToCode <= 0.16254030530342767,0.03,8.5
CountDeclClass,1.0,-0.01396737505752749,1.5073484207191286,30.0,1,CountDeclClass <= 1.5073484207191286,1.0,30.0
MAJOR_LINE,1.0,-0.0009816611822565816,1.5022537083615126,5.0,1,0.5006219044251735 < MAJOR_LINE <= 1.5022537083615126,0.0,5.0
