feature,value,importance,left,right,rec,rule,min,max
OWN_COMMIT,0.4,0.08482824159594671,0.0,0.1650142457143403,-1,0.1650142457143403 < OWN_COMMIT <= 0.524282117653962,0.0,1.0
RatioCommentToCode,0.08,0.0270230574092057,0.03,0.04753367113528073,-1,0.04753367113528073 < RatioCommentToCode <= 0.16254030530342767,0.03,8.5
PercentLackOfCohesion,100.0,-0.01880751536331582,100.0,100.0,1,PercentLackOfCohesion > 98.94742245144175,0.0,100.0
MAJOR_LINE,1.0,-0.006646187702962505,1.5022537083615126,5.0,1,0.5006219044251735 < MAJOR_LINE <= 1.5022537083615126,0.0,5.0
