feature,value,importance,left,right,rec,rule,min,max
OWN_COMMIT,1.0,0.12329042585650685,0.0,0.9158840980681497,-1,OWN_COMMIT > 0.9158840980681497,0.0,1.0
RatioCommentToCode,0.13,0.024265366246284507,0.03,0.04753367113528073,-1,0.04753367113528073 < RatioCommentToCode <= 0.16254030530342767,0.03,8.5
CountDeclClass,1.0,-0.01579363735640199,1.5073484207191286,30.0,1,CountDeclClass <= 1.5073484207191286,1.0,30.0
PercentLackOfCohesion,0.0,-0.008722359257914867,40.38941965464624,100.0,1,PercentLackOfCohesion <= 40.38941965464624,0.0,100.0
