feature,value,importance,left,right,rec,rule,min,max
OWN_COMMIT,0.454545454545455,0.03533588846435556,0.0,0.15491461162252382,-1,0.15491461162252382 < OWN_COMMIT <= 0.5211086302390999,0.0,1.0
RatioCommentToCode,0.16,0.021174789045963698,0.0,0.03591251388253447,-1,0.03591251388253447 < RatioCommentToCode <= 0.3453902620365129,0.0,43.0
CountInput_Mean,9.46153846153846,0.010601451269938729,0.0,9.03539252913872,-1,9.03539252913872 < CountInput_Mean <= 10.041246345142712,0.0,45.75
CountClassCoupled,3.0,-0.005218761778873009,6.440816326530612,242.0,1,2.533746829526269 < CountClassCoupled <= 6.440816326530612,0.0,242.0
