feature,value,importance,min,max,rule,importance_ratio
Del_lines,10.0,0.06804518681611393,0.0,2007.0,6.090561726614824 < Del_lines <= 241.53603756884223,0.3483027703726141
MaxNesting_Min,0.0,-0.02076336859252471,0.0,3.0,MaxNesting_Min <= 0.4991042139307006,0.10628141594478613
CountLineComment,88.0,0.017173908744260055,16.0,1556.0,71.82961428486475 < CountLineComment <= 180.20318440140485,0.0879080545390713
CountClassCoupled,9.0,0.01562290086198863,0.0,53.0,7.509972254287172 < CountClassCoupled <= 11.49383801896868,0.0799689133956309
RatioCommentToCode,0.43,0.009612444345600301,0.17,15.6,RatioCommentToCode <= 0.7901132654084784,0.04920320087698396
