feature,value,importance,min,max,rule,importance_ratio
CountLineComment,650.0,0.08586986390388913,16.0,1556.0,CountLineComment > 322.38930839430543,0.19343100836606122
CountClassCoupled,35.0,0.08067255797740838,0.0,53.0,CountClassCoupled > 27.984016563916185,0.18172352356940086
PercentLackOfCohesion,96.0,0.03897202934911932,0.0,100.0,91.50721750341256 < PercentLackOfCohesion <= 98.39882122678702,0.08778864426184868
Del_lines,952.0,0.0380378190628547,0.0,2007.0,Del_lines > 266.42051875541904,0.08568423615541021
CountClassDerived,43.0,0.02465166378472712,0.0,230.0,CountClassDerived > 31.487013805613678,0.05553049657931174
