feature,value,importance,min,max,rule,importance_ratio
Del_lines,30.0,0.06733125774884809,0.0,2007.0,6.090561726614824 < Del_lines <= 241.53603756884223,0.2604703798675035
CountLineComment,244.0,0.032511020494628506,16.0,1556.0,187.1390928888634 < CountLineComment <= 322.38930839430543,0.12576859754652292
MINOR_LINE,5.0,0.02080871432267709,1.0,6.0,4.505111416736479 < MINOR_LINE <= 5.501138614359887,0.08049832879105527
MaxNesting_Min,0.0,-0.019856941540425808,0.0,3.0,MaxNesting_Min <= 0.4991042139307006,0.07681640413333889
CountInput_Mean,2.38888888888889,0.015258817503839221,0.0,51.25,2.0927008209094495 < CountInput_Mean <= 5.280496786150023,0.05902860163965835
