feature,value,importance,min,max,rule,importance_ratio
CountLineComment,520.0,0.0862724935451088,16.0,1556.0,CountLineComment > 322.38930839430543,0.2602019602253533
Del_lines,442.0,0.04173982524320308,0.0,2007.0,Del_lines > 266.42051875541904,0.1258893060980834
CountDeclClass,17.0,0.03045786160219796,1.0,23.0,CountDeclClass > 11.493864739793633,0.09186236501928195
MaxNesting_Min,0.0,-0.02023734989113822,0.0,3.0,MaxNesting_Min <= 0.4991042139307006,0.061036813647761416
CountDeclMethodPrivate,20.0,0.01888722411515946,0.0,35.0,4.502601140234902 < CountDeclMethodPrivate <= 25.504084268596593,0.056964769836059546
