feature,value,importance,min,max,rule,importance_ratio
Del_lines,63.0,0.06756202455477318,0.0,2007.0,6.090561726614824 < Del_lines <= 241.53603756884223,0.30916958016533397
CountInput_Mean,3.0,0.015555389379169494,0.0,51.25,2.0927008209094495 < CountInput_Mean <= 5.280496786150023,0.07118278700732569
CountClassCoupled,8.0,0.01370557906873477,0.0,53.0,7.509972254287172 < CountClassCoupled <= 11.49383801896868,0.06271789743612936
CountLineComment,33.0,-0.013362679501470269,16.0,1556.0,22.411266311722457 < CountLineComment <= 42.35200321316583,0.061148759803729164
OWN_COMMIT,0.2,0.011785140563691506,0.153846153846154,1.0,OWN_COMMIT <= 0.32500733630343276,0.05392980722938584
