feature,value,importance,min,max,rule,importance_ratio
CountLineComment,495.0,0.09150299324178933,16.0,1556.0,CountLineComment > 322.38930839430543,0.24303245451121616
Del_lines,8.0,0.0685770568668825,0.0,2007.0,6.090561726614824 < Del_lines <= 241.53603756884223,0.18214104110751814
OWN_COMMIT,0.375,0.04180416309445427,0.153846153846154,1.0,0.33945014716188476 < OWN_COMMIT <= 0.38587346777833764,0.11103208764751601
PercentLackOfCohesion,93.0,0.04078814441281834,0.0,100.0,91.50721750341256 < PercentLackOfCohesion <= 98.39882122678702,0.10833353642772424
CountClassCoupled,21.0,0.032078113015147444,0.0,53.0,11.49383801896868 < CountClassCoupled <= 27.984016563916185,0.08519964501662922
