feature,value,importance,left,right,rec,rule,min,max
CountDeclClass,13.0,0.02748776364009034,0.0,9.498454567995314,-1,9.498454567995314 < CountDeclClass <= 29.00168285146571,0.0,37.0
CountClassCoupled,37.0,0.00970346408734519,0.0,11.463287562285867,-1,11.463287562285867 < CountClassCoupled <= 37.99731547049169,0.0,94.0
CountDeclInstanceVariable,4.0,0.006357910503627667,0.0,1.5081356175524405,-1,1.5081356175524405 < CountDeclInstanceVariable <= 7.482040278236535,0.0,36.0
CountInput_Mean,4.18367346938776,-0.0017258267194575415,8.812196920226716,45.25,1,2.5023260686452264 < CountInput_Mean <= 8.812196920226716,0.0,45.25
