feature,value,importance,left,right,rec,rule,min,max
OWN_COMMIT,0.0,0.37934765454918806,0.333333333333333,0.333333333333333,-1,OWN_COMMIT <= 0.5145864139598059,0.333333333333333,1.0
ADEV,0.0,-0.02774052270571503,2.508258838423875,23.0,1,ADEV <= 2.508258838423875,1.0,23.0
CountDeclInstanceVariable,0.0,-0.001334700188063916,0.5180971424805096,68.0,1,CountDeclInstanceVariable <= 0.5180971424805096,0.0,68.0
