feature,value,importance,left,right,rec,rule,min,max
OWN_COMMIT,0.0,0.3828420220207204,0.333333333333333,0.333333333333333,-1,OWN_COMMIT <= 0.5145864139598059,0.333333333333333,1.0
ADEV,0.0,-0.028818130114531597,2.508258838423875,23.0,1,ADEV <= 2.508258838423875,1.0,23.0
CountDeclClassVariable,15.0,-0.02065011674615922,18.492771628527816,23.0,1,4.5007585805173616 < CountDeclClassVariable <= 18.492771628527816,0.0,23.0
