feature,value,importance,left,right,rec,rule,min,max
OWN_COMMIT,0.666666666666667,0.3033271578380605,0.333333333333333,0.6568210184374299,-1,0.6568210184374299 < OWN_COMMIT <= 0.788684349671894,0.333333333333333,1.0
ADEV,6.0,0.057582745482991464,1.0,5.497789413237381,-1,5.497789413237381 < ADEV <= 6.500987592705,1.0,23.0
