feature,value,importance,left,right,rec,rule,min,max
OWN_COMMIT,0.0,0.3642647837922732,0.333333333333333,0.333333333333333,-1,OWN_COMMIT <= 0.5145864139598059,0.333333333333333,1.0
ADEV,0.0,-0.037561272937623826,2.508258838423875,23.0,1,ADEV <= 2.508258838423875,1.0,23.0
CountDeclClassVariable,3.0,-0.0028773288284703637,4.5007585805173616,23.0,1,2.4995940846081375 < CountDeclClassVariable <= 4.5007585805173616,0.0,23.0
