feature,value,importance,left,right,rec,rule,min,max
ADEV,17.0,0.1100931704766883,1.0,13.001711795655172,-1,ADEV > 13.001711795655172,1.0,23.0
CountDeclClassVariable,1.0,-0.013948606851927274,1.499011836653526,23.0,1,0.4984295886989145 < CountDeclClassVariable <= 1.499011836653526,0.0,23.0
CountDeclInstanceVariable,12.0,-0.006427261754367191,13.48474644573831,68.0,1,8.50148514487845 < CountDeclInstanceVariable <= 13.48474644573831,0.0,68.0
