feature,value,importance,left,right,rec,rule,min,max
OWN_COMMIT,0.454545454545455,0.3205170131075316,0.333333333333333,0.333333333333333,-1,OWN_COMMIT <= 0.5145864139598059,0.333333333333333,1.0
ADEV,11.0,0.13810930432611304,1.0,7.50418577217262,-1,7.50418577217262 < ADEV <= 13.001711795655172,1.0,23.0
CountDeclClassVariable,5.0,-0.02606671231450647,18.492771628527816,23.0,1,4.5007585805173616 < CountDeclClassVariable <= 18.492771628527816,0.0,23.0
