feature,value,importance,left,right,rec,rule,min,max
OWN_COMMIT,1.0,-0.3261117829591379,1.0,1.0,1,OWN_COMMIT > 0.9368453960027526,0.333333333333333,1.0
CountDeclClassVariable,1.0,-0.016339530455813493,1.499011836653526,23.0,1,0.4984295886989145 < CountDeclClassVariable <= 1.499011836653526,0.0,23.0
CountDeclInstanceVariable,0.0,-0.0023402388078203793,0.5180971424805096,68.0,1,CountDeclInstanceVariable <= 0.5180971424805096,0.0,68.0
ADEV,3.0,0.001237103257209365,1.0,2.508258838423875,-1,2.508258838423875 < ADEV <= 3.491393054302142,1.0,23.0
