feature,value,importance,min,max,rule,importance_ratio
CountClassCoupled,17.0,0.14319900840379368,0.0,157.0,13.490513641296767 < CountClassCoupled <= 18.559808795198578,0.19017364810665094
MAJOR_LINE,2.0,0.08601709413980015,0.0,12.0,1.5065009464175683 < MAJOR_LINE <= 4.493037577476152,0.11423392364542137
Del_lines,76.0,0.06997645274243612,0.0,8274.0,16.930934163093347 < Del_lines <= 206.8316727745401,0.092931350907589
CountDeclClass,8.0,0.05338422370569883,0.0,144.0,4.501023241845026 < CountDeclClass <= 12.480942846610736,0.07089624911945511
CountDeclClassVariable,4.0,0.0518664089234873,0.0,139.0,3.4671140433870056 < CountDeclClassVariable <= 57.97334749613853,0.06888053422379442
