feature,value,importance,min,max,rule,importance_ratio
CountClassCoupled,16.0,0.14487854999514582,0.0,157.0,13.490513641296767 < CountClassCoupled <= 18.559808795198578,0.20386274339942545
MaxInheritanceTree,6.0,0.09600972070563965,0.0,9.0,4.50216753889406 < MaxInheritanceTree <= 8.495461441426933,0.1350980186971785
MAJOR_LINE,3.0,0.08541114414761797,0.0,12.0,1.5065009464175683 < MAJOR_LINE <= 4.493037577476152,0.12018445907555382
Del_lines,1.0,-0.04397948192147519,0.0,8274.0,Del_lines <= -1.1548504665682486,0.061884784449442426
MINOR_LINE,4.0,0.04392891654944787,1.0,8.0,3.5011020896847453 < MINOR_LINE <= 4.500984724383485,0.06181363247102431
