feature,value,importance,min,max,rule,importance_ratio
CountClassCoupled,23.0,0.2938732386662345,0.0,157.0,19.49362632354891 < CountClassCoupled <= 149.5610677723453,0.3605096291985772
MAJOR_LINE,0.0,-0.10433972667555731,0.0,12.0,MAJOR_LINE <= 0.49830705185639035,0.12799898468198972
Del_lines,47.0,0.07311028468652127,0.0,8274.0,16.930934163093347 < Del_lines <= 206.8316727745401,0.08968819938339138
CountDeclMethodPrivate,9.0,0.052938090287854456,0.0,142.0,8.514986651548496 < CountDeclMethodPrivate <= 11.499928754638997,0.0649419164084913
MINOR_COMMIT,0.0,-0.04800910701113233,0.0,3.0,MINOR_COMMIT <= 0.5004312637688242,0.058895275545642126
