feature,value,importance,min,max,rule,importance_ratio
CountClassCoupled,21.0,0.2918411557038971,0.0,157.0,19.49362632354891 < CountClassCoupled <= 149.5610677723453,0.28879005872764446
CountDeclMethodPrivate,21.0,0.10465500690820097,0.0,142.0,CountDeclMethodPrivate > 11.499928754638997,0.10356087549840319
MAJOR_LINE,7.0,0.10275229896312864,0.0,12.0,4.493037577476152 < MAJOR_LINE <= 9.495961997657092,0.10167805969789115
MaxInheritanceTree,5.0,0.0836819009040335,0.0,9.0,4.50216753889406 < MaxInheritanceTree <= 8.495461441426933,0.08280703596526379
Del_lines,68.0,0.07606173263405296,0.0,8274.0,16.930934163093347 < Del_lines <= 206.8316727745401,0.07526653388325114
