feature,value,importance,min,max,rule,importance_ratio
CountClassCoupled,15.0,0.1385004003246993,0.0,157.0,13.490513641296767 < CountClassCoupled <= 18.559808795198578,0.18956907753833777
MINOR_LINE,5.0,0.10271490826957877,1.0,8.0,4.500984724383485 < MINOR_LINE <= 7.000691311130333,0.1405885496680878
MAJOR_LINE,8.0,0.09686300289539358,0.0,12.0,4.493037577476152 < MAJOR_LINE <= 9.495961997657092,0.13257889553694305
Del_lines,34.0,0.07171556216148439,0.0,8274.0,16.930934163093347 < Del_lines <= 206.8316727745401,0.09815894345593064
CountDeclClass,3.0,0.032559619428563155,0.0,144.0,1.5085533900578838 < CountDeclClass <= 4.501023241845026,0.04456519263194742
