feature,value,importance,min,max,rule,importance_ratio
CountClassCoupled,33.0,0.29328220877615807,0.0,157.0,19.49362632354891 < CountClassCoupled <= 149.5610677723453,0.3153534782380573
MAJOR_LINE,6.0,0.10318902693788999,0.0,12.0,4.493037577476152 < MAJOR_LINE <= 9.495961997657092,0.11095462863790861
CountDeclInstanceMethod,127.0,0.08876368125133097,0.0,498.0,CountDeclInstanceMethod > 58.48551584081087,0.09544368797762894
Del_lines,186.0,0.07364111335776169,0.0,8274.0,16.930934163093347 < Del_lines <= 206.8316727745401,0.07918305489992303
MINOR_COMMIT,0.0,-0.052302343134376046,0.0,3.0,MINOR_COMMIT <= 0.5004312637688242,0.05623841247054429
