feature,value,importance,min,max,rule,importance_ratio
CountClassCoupled,15.0,0.13952935222795368,0.0,157.0,13.490513641296767 < CountClassCoupled <= 18.559808795198578,0.1898844649234845
MAJOR_LINE,6.0,0.09629026002055514,0.0,12.0,4.493037577476152 < MAJOR_LINE <= 9.495961997657092,0.13104070368989526
Del_lines,44.0,0.06992236370211594,0.0,8274.0,16.930934163093347 < Del_lines <= 206.8316727745401,0.09515682833580572
MINOR_LINE,4.0,0.04208012962990089,1.0,8.0,3.5011020896847453 < MINOR_LINE <= 4.500984724383485,0.057266537621635895
CountDeclMethodPrivate,0.0,-0.03711601820825018,0.0,142.0,CountDeclMethodPrivate <= 0.532001957236691,0.05051091505140613
