feature,value,importance,min,max,rule,importance_ratio
CountClassCoupled,33.0,0.29147293194504326,0.0,157.0,19.49362632354891 < CountClassCoupled <= 149.5610677723453,0.2734287541079997
CountDeclMethodPrivate,42.0,0.10522184499802165,0.0,142.0,CountDeclMethodPrivate > 11.499928754638997,0.09870788958262094
MAJOR_LINE,11.0,0.10256436499026106,0.0,12.0,MAJOR_LINE > 9.495961997657092,0.09621492585271309
CountDeclInstanceMethod,70.0,0.08764649683329226,0.0,498.0,CountDeclInstanceMethod > 58.48551584081087,0.08222057626804406
Del_lines,156.0,0.07333575654067909,0.0,8274.0,16.930934163093347 < Del_lines <= 206.8316727745401,0.0687957691600202
