feature,value,importance,left,right,rec,rule,min,max
OWN_COMMIT,1.0,0.09463918341267295,0.0,0.9158840980681497,-1,OWN_COMMIT > 0.9158840980681497,0.0,1.0
RatioCommentToCode,0.24,0.03169242044096985,0.03,0.16254030530342767,-1,0.16254030530342767 < RatioCommentToCode <= 0.415554900473351,0.03,8.5
MAJOR_LINE,0.0,-0.007574476174698495,0.5006219044251735,5.0,1,MAJOR_LINE <= 0.5006219044251735,0.0,5.0
CountDeclClass,1.0,-0.0030662375307459275,1.5073484207191286,30.0,1,CountDeclClass <= 1.5073484207191286,1.0,30.0
