feature,value,importance,left,right,rec,rule,min,max
RatioCommentToCode,0.05,0.029502177210622402,0.03,0.04753367113528073,-1,0.04753367113528073 < RatioCommentToCode <= 0.16254030530342767,0.03,8.5
PercentLackOfCohesion,75.0,0.010886681004180483,0.0,56.569920427445,-1,56.569920427445 < PercentLackOfCohesion <= 87.38992189944264,0.0,100.0
MAJOR_LINE,1.0,-0.0002896450552770528,1.5022537083615126,5.0,1,0.5006219044251735 < MAJOR_LINE <= 1.5022537083615126,0.0,5.0
