feature,value,importance,left,right,rec,rule,min,max
RatioCommentToCode,0.17,0.03918183077269304,0.03,0.16254030530342767,-1,0.16254030530342767 < RatioCommentToCode <= 0.415554900473351,0.03,8.5
PercentLackOfCohesion,87.0,0.017616333412748767,0.0,56.569920427445,-1,56.569920427445 < PercentLackOfCohesion <= 87.38992189944264,0.0,100.0
MAJOR_LINE,1.0,-0.00012896103154050797,1.5022537083615126,5.0,1,0.5006219044251735 < MAJOR_LINE <= 1.5022537083615126,0.0,5.0
