feature,value,importance,left,right,rec,rule,min,max
OWN_COMMIT,0.6,0.10639858703673828,0.0,0.524282117653962,-1,0.524282117653962 < OWN_COMMIT <= 0.9158840980681497,0.0,1.0
RatioCommentToCode,0.13,0.0316544926598619,0.03,0.04753367113528073,-1,0.04753367113528073 < RatioCommentToCode <= 0.16254030530342767,0.03,8.5
MAJOR_LINE,1.0,-0.0037692005872092837,1.5022537083615126,5.0,1,0.5006219044251735 < MAJOR_LINE <= 1.5022537083615126,0.0,5.0
CountDeclClass,2.0,-0.00044196789011018074,2.5043893674426867,30.0,1,1.5073484207191286 < CountDeclClass <= 2.5043893674426867,1.0,30.0
