feature,value,importance,left,right,rec,rule,min,max
OWN_COMMIT,1.0,0.09086915714267584,0.0,0.9158840980681497,-1,OWN_COMMIT > 0.9158840980681497,0.0,1.0
RatioCommentToCode,0.13,0.026536941614340073,0.03,0.04753367113528073,-1,0.04753367113528073 < RatioCommentToCode <= 0.16254030530342767,0.03,8.5
CountDeclClass,8.0,-0.0012310465015744323,30.0,30.0,1,CountDeclClass > 7.5051728658530354,1.0,30.0
