feature,value,importance,left,right,rec,rule,min,max
OWN_COMMIT,1.0,0.09347166622355312,0.0,0.9158840980681497,-1,OWN_COMMIT > 0.9158840980681497,0.0,1.0
RatioCommentToCode,0.06,0.026049971007909078,0.03,0.04753367113528073,-1,0.04753367113528073 < RatioCommentToCode <= 0.16254030530342767,0.03,8.5
MAJOR_LINE,0.0,-0.006025169176560621,0.5006219044251735,5.0,1,MAJOR_LINE <= 0.5006219044251735,0.0,5.0
CountDeclClass,19.0,-0.0032993698176586868,30.0,30.0,1,CountDeclClass > 7.5051728658530354,1.0,30.0
