feature,value,importance,min,max,rule,importance_ratio
CountDeclInstanceMethod,98.0,0.037973240275889,0.0,222.0,69.02511104063089 < CountDeclInstanceMethod <= 170.0070476052546,0.27169183949557973
MAJOR_LINE,7.0,0.015201378113234125,0.0,21.0,5.500590441819114 < MAJOR_LINE <= 15.006529441583616,0.10876318039877186
CountDeclInstanceVariable,30.0,0.014874821659029019,0.0,36.0,CountDeclInstanceVariable > 17.985179845060202,0.10642672654080405
CountClassCoupled,24.0,0.01256539931462631,0.0,94.0,11.463287562285867 < CountClassCoupled <= 37.99731547049169,0.08990321681752757
CountDeclMethodProtected,3.0,0.011390282401593023,0.0,95.0,2.486442192219537 < CountDeclMethodProtected <= 4.512308574283651,0.08149546247776687
