feature,value,importance,min,max,rule,importance_ratio
CountDeclMethodPrivate,12.0,0.13914472427574562,0.0,60.0,10.004825746209576 < CountDeclMethodPrivate <= 23.48602965257334,0.4395801466210685
CountDeclMethodProtected,13.0,0.03479941427764834,0.0,95.0,5.501685179477754 < CountDeclMethodProtected <= 15.018545858011501,0.10993684245032072
CountDeclClass,13.0,0.031111381261308253,0.0,37.0,9.498454567995314 < CountDeclClass <= 29.00168285146571,0.09828576403175715
CountClassBase,3.0,0.022494233042699097,0.0,6.0,2.502449111856105 < CountClassBase <= 3.501687307175816,0.07106283267659425
MAJOR_LINE,7.0,0.01569237599464583,0.0,21.0,5.500590441819114 < MAJOR_LINE <= 15.006529441583616,0.04957469265517638
