Antecedent,Antecedent Coverage %,Confidence,Lift
0.25 < MAJOR_COMMIT <= 0.895,0.12009,0.99257,1.13668
MAJOR_COMMIT <= 0.25,0.21071,0.99153,1.13549
0.02 < MAJOR_LINE <= 0.63,0.12411,0.98561,1.12872
0.95 < CountClassCoupled <= 3.1,0.18973,0.98353,1.12633
3.1 < CountClassCoupled <= 6.75,0.20357,0.97368,1.11506
CountLineComment <= 17.6,0.10938,0.96735,1.1078
CountInput_Mean <= 1.36,0.20134,0.96452,1.10457
MAJOR_LINE <= 0.02,0.25893,0.96379,1.10373
CountOutput_Mean <= 1.42,0.20089,0.95556,1.0943
