Antecedent,Antecedent Coverage %,Confidence,Lift
1.05 < CountClassCoupled <= 3.8,0.18348,0.98783,1.16953
0.2 < MAJOR_COMMIT <= 0.93,0.13348,0.98662,1.16809
MAJOR_COMMIT <= 0.2,0.20938,0.98507,1.16626
0.93 < MAJOR_COMMIT <= 1.44,0.2567,0.97391,1.15305
CountClassCoupled <= 1.05,0.21071,0.97246,1.15132
-0.02 < MAJOR_LINE <= 0.64,0.29063,0.9616,1.13847
MAJOR_LINE <= -0.02,0.10536,0.95763,1.13377
21.8 < CountLineComment <= 36.6,0.24509,0.95446,1.13002
