Antecedent,Antecedent Coverage %,Confidence,Lift
0.02 < MAJOR_LINE <= 0.76,0.13036,0.97945,1.16329
0.19 < MAJOR_COMMIT <= 0.91,0.13259,0.97643,1.15971
0.75 < CountClassCoupled <= 4.25,0.23438,0.96952,1.1515
MAJOR_COMMIT <= 0.19,0.2125,0.96849,1.15027
CountLineComment <= 9,0.10491,0.95745,1.13716
MAJOR_LINE <= 0.02,0.25134,0.95204,1.13074
CountClassBase <= 0.926,0.13214,0.94595,1.1235
0.91 < MAJOR_COMMIT <= 1.37,0.26295,0.93548,1.11107
