feature,value,importance,min,max,rule,importance_ratio
CountClassCoupled,12.0,0.05723576171778213,0.0,53.0,11.49383801896868 < CountClassCoupled <= 27.984016563916185,0.17426654175893747
Del_lines,0.0,-0.04491991111140264,0.0,2007.0,Del_lines <= 0.3479891450970811,0.13676829539023982
CountLineComment,227.0,0.034445996720396804,16.0,1556.0,187.1390928888634 < CountLineComment <= 322.38930839430543,0.10487821854283622
MINOR_COMMIT,0.0,-0.03429749036887081,0.0,5.0,MINOR_COMMIT <= 0.49953774820611835,0.1044260591317799
CountDeclMethodProtected,8.0,0.031605469338088416,0.0,39.0,5.508559335514258 < CountDeclMethodProtected <= 34.9959109273487,0.09622962422295561
