feature,value,importance,min,max,rule,importance_ratio
Del_lines,167.0,0.08492235605053866,0.0,2007.0,6.090561726614824 < Del_lines <= 241.53603756884223,0.24422570146196326
CountLineComment,315.0,0.03455707493123572,16.0,1556.0,187.1390928888634 < CountLineComment <= 322.38930839430543,0.09938167354344306
CountDeclMethodProtected,10.0,0.03244858884814301,0.0,39.0,5.508559335514258 < CountDeclMethodProtected <= 34.9959109273487,0.09331794054527175
MINOR_COMMIT,0.0,-0.027571058029646434,0.0,5.0,MINOR_COMMIT <= 0.49953774820611835,0.07929079338462588
CountInput_Mean,3.09090909090909,0.024728348696733193,0.0,51.25,2.0927008209094495 < CountInput_Mean <= 5.280496786150023,0.07111552937675923
