feature,value,importance,min,max,rule,importance_ratio
Del_lines,53.0,0.08574253948069187,0.0,2007.0,6.090561726614824 < Del_lines <= 241.53603756884223,0.2557550026548853
MINOR_COMMIT,0.0,-0.03628492709737974,0.0,5.0,MINOR_COMMIT <= 0.49953774820611835,0.10823159288642745
OWN_COMMIT,0.625,0.035430622274782136,0.153846153846154,1.0,OWN_COMMIT > 0.586009561102601,0.10568335098112754
MaxNesting_Min,0.0,-0.0244820928902765,0.0,3.0,MaxNesting_Min <= 0.4991042139307006,0.07302580224556804
CountInput_Mean,2.125,0.02391109418847966,0.0,51.25,2.0927008209094495 < CountInput_Mean <= 5.280496786150023,0.0713226129607805
