feature,value,importance,min,max,rule,importance_ratio
Del_lines,62.0,0.08679173334754317,0.0,2007.0,6.090561726614824 < Del_lines <= 241.53603756884223,0.22658674656023967
CountInput_Mean,6.0,0.05861323135664731,0.0,51.25,5.280496786150023 < CountInput_Mean <= 17.761528446668198,0.15302127156861633
MINOR_COMMIT,0.0,-0.03506407038307723,0.0,5.0,MINOR_COMMIT <= 0.49953774820611835,0.09154159414521738
MINOR_LINE,6.0,0.03287384702787491,1.0,6.0,MINOR_LINE > 5.501138614359887,0.0858235889256616
MaxNesting_Min,0.0,-0.022141347213545347,0.0,3.0,MaxNesting_Min <= 0.4991042139307006,0.05780430504237514
