feature,value,importance,min,max,rule,importance_ratio
MAJOR_LINE,8.0,0.13004089312784692,0.0,6.0,MAJOR_LINE > 5.501529053517293,0.19733133522971952
Del_lines,242.0,0.10414913628176233,0.0,2007.0,241.53603756884223 < Del_lines <= 266.42051875541904,0.15804173311311415
CountClassCoupled,37.0,0.06392138959045524,0.0,53.0,CountClassCoupled > 27.984016563916185,0.09699789700169732
MINOR_COMMIT,3.0,0.05972159743900328,0.0,5.0,2.4994820872250076 < MINOR_COMMIT <= 4.499426426243896,0.09062489714757803
CountInput_Mean,8.31481481481481,0.05640402719253413,0.0,51.25,5.280496786150023 < CountInput_Mean <= 17.761528446668198,0.0855906302280904
