feature,value,importance,min,max,rule,importance_ratio
MAJOR_LINE,7.0,0.14949731771746805,0.0,6.0,MAJOR_LINE > 5.501529053517293,0.25647285335947884
CountClassCoupled,30.0,0.06420633469207801,0.0,53.0,CountClassCoupled > 27.984016563916185,0.11015034994374907
MINOR_COMMIT,4.0,0.06180758876321901,0.0,5.0,2.4994820872250076 < MINOR_COMMIT <= 4.499426426243896,0.10603513756233646
CountInput_Mean,5.75,0.056652644893650565,0.0,51.25,5.280496786150023 < CountInput_Mean <= 17.761528446668198,0.09719147947320077
Del_lines,470.0,0.04835283879587781,0.0,2007.0,Del_lines > 266.42051875541904,0.0829525955605869
