Antecedent,Antecedent Coverage %,Confidence,Lift
RatioCommentToCode > 1.39,0.19464,0.95413,1.23612
CountClassCoupled <= 1.25,0.20045,0.93318,1.20898
Added_lines <= -5,0.11696,0.91985,1.19171
1.25 < CountClassCoupled <= 3.8,0.20714,0.9181,1.18945
OWN_COMMIT <= 0.1,0.20402,0.90591,1.17365
CountDeclMethodPublic <= 1.55,0.17857,0.8925,1.15628
CountOutput_Mean <= 1.88,0.2,0.88839,1.15095
CountInput_Mean <= 1.44,0.2067,0.88121,1.14165
-5 < Added_lines <= 27,0.32634,0.86047,1.11477
