Antecedent,Antecedent Coverage %,Confidence,Lift
OWN_COMMIT <= 0.155,0.19821,0.97072,1.20868
CountClassCoupled <= 1.05,0.21027,0.96391,1.20019
1.05 < CountClassCoupled <= 3.5,0.19821,0.95045,1.18344
RatioCommentToCode > 1.58,0.17768,0.94221,1.17318
Added_lines <= 1,0.21741,0.93634,1.16588
CountDeclMethodPublic <= 1.75,0.1933,0.93533,1.16462
CountOutput_Mean <= 1.64,0.19866,0.92584,1.1528
MaxInheritanceTree <= 1.12,0.21116,0.90698,1.12931
