Antecedent,Antecedent Coverage %,Confidence,Lift
RatioCommentToCode > 1.64,0.19821,0.97523,1.14312
CountClassCoupled <= 0.65,0.20759,0.97204,1.13939
0.65 < CountClassCoupled <= 2.85,0.18705,0.96897,1.13579
CountDeclClass <= 0.695,0.08348,0.96791,1.13455
CountOutput_Mean <= 1.68,0.20313,0.96484,1.13094
CountInput_Min > 2.07,0.17232,0.94819,1.11143
MaxInheritanceTree <= 1.08,0.22455,0.93638,1.09759
CountDeclMethodPublic <= 1.6,0.19464,0.93349,1.0942
