Antecedent,Antecedent Coverage %,Confidence,Lift
CountClassCoupled <= 0.75,0.19241,0.96984,1.21842
0.75 < CountClassCoupled <= 3,0.22679,0.9685,1.21674
RatioCommentToCode > 1.68,0.19911,0.95516,1.19997
Added_lines <= -3,0.11071,0.94758,1.19045
OWN_COMMIT <= 0.085,0.20714,0.94397,1.18591
CountDeclClass <= 0.755,0.08259,0.92973,1.16803
CountOutput_Mean <= 1.6,0.19598,0.92483,1.16187
1.6 < CountOutput_Mean <= 3.06,0.20402,0.91904,1.1546
MaxInheritanceTree <= 1.02,0.25089,0.91281,1.14677
