Antecedent,Antecedent Coverage %,Confidence,Lift
0.7 < CountClassCoupled <= 3,0.2067,0.96544,1.16143
OWN_COMMIT <= 0.125,0.20134,0.95787,1.15233
CountClassCoupled <= 0.7,0.20045,0.95546,1.14942
RatioCommentToCode > 1.62,0.19777,0.95485,1.1487
CountPath_Min > 1.43,0.10848,0.93827,1.12875
CountOutput_Mean <= 1.76,0.19554,0.92694,1.11512
3 < CountClassCoupled <= 6.2,0.20223,0.92053,1.1074
1.76 < CountOutput_Mean <= 3.22,0.20625,0.91342,1.09885
