Antecedent,Antecedent Coverage %,Confidence,Lift
1.05 < CountClassCoupled <= 3.05,0.19732,0.96606,1.13655
OWN_COMMIT <= 0.105,0.20536,0.96304,1.13299
RatioCommentToCode > 1.58,0.19554,0.9589,1.12812
CountClassCoupled <= 1.05,0.22188,0.94769,1.11492
Added_lines <= 0,0.1875,0.94762,1.11485
CountOutput_Mean <= 1.74,0.19732,0.94344,1.10993
CountDeclMethodPublic <= 1.5,0.19911,0.93722,1.10261
1.74 < CountOutput_Mean <= 2.88,0.20268,0.93172,1.09614
MaxInheritanceTree <= 1.135,0.22232,0.92369,1.0867
