Antecedent,Antecedent Coverage %,Confidence,Lift
CountClassCoupled <= 0.95,0.18929,0.95991,1.19256
RatioCommentToCode > 1.52,0.19643,0.94545,1.17461
0.95 < CountClassCoupled <= 3.3,0.20536,0.93696,1.16405
OWN_COMMIT <= 0.17,0.20357,0.93421,1.16064
MaxInheritanceTree <= 1.11,0.21607,0.92975,1.1551
CountOutput_Mean <= 1.6,0.19464,0.91972,1.14264
Added_lines <= 0,0.18705,0.90931,1.1297
0 < Added_lines <= 31.5,0.2433,0.89725,1.11472
1.11 < MaxInheritanceTree <= 1.925,0.1683,0.89655,1.11385
