feature,value,importance,min,max,rule,importance_ratio
CountClassCoupled,25.0,0.3655478555078843,0.0,157.0,19.49362632354891 < CountClassCoupled <= 149.5610677723453,0.2876417288400811
CountDeclClassVariable,8.0,0.12422001940195616,0.0,139.0,3.4671140433870056 < CountDeclClassVariable <= 57.97334749613853,0.09774605595123352
CountDeclInstanceMethod,109.0,0.08665968220217211,0.0,498.0,CountDeclInstanceMethod > 58.48551584081087,0.06819063614730235
MaxInheritanceTree,5.0,0.0840705973746764,0.0,9.0,4.50216753889406 < MaxInheritanceTree <= 8.495461441426933,0.06615334109913477
MAJOR_LINE,8.0,0.08149634904366145,0.0,12.0,4.493037577476152 < MAJOR_LINE <= 9.495961997657092,0.06412772057027664
