feature,value,importance,min,max,rule,importance_ratio
CountClassCoupled,21.0,0.38276149733673326,0.0,157.0,19.49362632354891 < CountClassCoupled <= 149.5610677723453,0.32012356527457
CountDeclClassVariable,18.0,0.14794719333349443,0.0,139.0,3.4671140433870056 < CountDeclClassVariable <= 57.97334749613853,0.12373601663653828
MAJOR_LINE,6.0,0.080152291382559,0.0,12.0,4.493037577476152 < MAJOR_LINE <= 9.495961997657092,0.06703557557602997
MINOR_LINE,7.0,0.07479646682944205,1.0,8.0,4.500984724383485 < MINOR_LINE <= 7.000691311130333,0.0625562179006666
MINOR_COMMIT,0.0,-0.053566965891131524,0.0,3.0,MINOR_COMMIT <= 0.5004312637688242,0.04480087004917416
