feature,value,importance,min,max,rule,importance_ratio
CountClassCoupled,33.0,0.35218110361914723,0.0,157.0,19.49362632354891 < CountClassCoupled <= 149.5610677723453,0.23561752744581677
MAJOR_LINE,11.0,0.16256788395549404,0.0,12.0,MAJOR_LINE > 9.495961997657092,0.10876177757996408
CountDeclClassVariable,11.0,0.12261260119350077,0.0,139.0,3.4671140433870056 < CountDeclClassVariable <= 57.97334749613853,0.08203074392700606
CountDeclInstanceMethod,70.0,0.1076508667929388,0.0,498.0,CountDeclInstanceMethod > 58.48551584081087,0.0720209880669254
CountDeclClass,5.0,0.08341535622305905,0.0,144.0,4.501023241845026 < CountDeclClass <= 12.480942846610736,0.055806855570375506
