feature,value,importance,min,max,rule,importance_ratio
CountDeclClassVariable,15.0,0.10586708060087112,0.0,139.0,3.4671140433870056 < CountDeclClassVariable <= 57.97334749613853,0.1257539222722383
CountDeclClass,6.0,0.09713229563775518,0.0,144.0,4.501023241845026 < CountDeclClass <= 12.480942846610736,0.1153783318329629
CountClassCoupled,6.0,-0.08293193426107669,0.0,157.0,1.4842882767924825 < CountClassCoupled <= 6.5535834306942915,0.09851047139263422
MAJOR_LINE,6.0,0.08143021019430981,0.0,12.0,4.493037577476152 < MAJOR_LINE <= 9.495961997657092,0.09672665256533959
RatioCommentToCode,0.09,0.052089584514642344,0.0,10.67,-0.001302039895614393 < RatioCommentToCode <= 0.2374223038482074,0.06187447056317166
