project,test_idx,candidate_id,min,max,mean,CountDeclMethodPrivate,CountDeclMethodDefault,AvgEssential,CountDeclClassVariable,CountDeclClassMethod,AvgLineComment,AvgCyclomaticModified,CountDeclClass,CountDeclMethodProtected,CountDeclInstanceVariable,CountDeclMethodPublic,RatioCommentToCode,AvgLineBlank,PercentLackOfCohesion,MaxInheritanceTree,CountClassDerived,CountClassCoupled,CountClassBase,CountInput_Mean,CountInput_Min,CountOutput_Min,MaxNesting_Min,ADEV,OWN_COMMIT,MINOR_COMMIT,MINOR_LINE,MAJOR_LINE,OWN_LINE,CountLineComment,Del_lines,CountOutput_Mean,MAJOR_COMMIT,CountPath_Min,MaxNesting_Mean,Added_lines,CountDeclInstanceMethod,AvgCyclomaticStrict
activemq@0,39,3,3.3608249087037514,3.6292297630435915,3.4830939855027196,6.0,1.0,1.0,0.0,3.0,4.0,2.0,6.0,21.0,0.0,0.0,0.77,0.0,97.0,1.0,2.0,0.0,9.0,4.74534161490683,0.0,0.0,0.0,11.0,1.0,0.0,3.0,1.0,,,,,,,,,,
activemq@0,41,0,0.6667499999999998,1.6667499999999995,1.2462954545454543,1.0,0.0,1.0,6.0,1.0,2.0,1.0,2.0,7.0,30.0,75.0,0.54,0.0,97.0,2.0,3.0,18.0,1.333,7.01204819277108,0.0,1.0,0.0,3.0,1.0,0.0,3.0,2.0,,,,,,,,,,
activemq@0,46,7,0.08785461985552641,0.5847630775128285,0.20991182753767784,5.0,2.0,1.0,1.0,0.0,4.0,3.0,5.0,10.0,21.0,35.0,0.3,0.0,59.0,1.0,3.0,27.0,4.0,4.82692307692308,0.0,1.0,0.0,5.0,1.0,0.0,3.0,2.0,,,,,,,,,,
activemq@0,56,19,0.0,0.8370370370370369,0.13251933251933248,0.0,4.0,1.0,1.0,0.0,9.0,2.0,5.0,20.0,21.0,77.0,1.44,0.0,81.0,1.0,1.0,50.0,6.0,4.16831683168317,0.0,0.0,0.0,4.0,1.0,0.0,2.0,2.0,,,,,,,,,,
activemq@0,65,0,0.0,0.8787878787878789,0.13944937176644495,0.0,0.0,1.0,2.0,0.0,0.0,2.0,1.0,7.0,6.0,16.0,0.13,0.0,86.0,2.0,0.0,27.0,1.0,5.52173913043478,1.0,1.0,0.0,2.0,0.888888888888889,0.0,3.0,1.0,,,,,,,,,,
activemq@0,92,0,1.2718412159240444,1.8302142457452446,1.6148717199763247,1.0,0.0,1.0,5.0,0.0,1.0,2.0,5.0,33.0,7.0,143.0,0.29,0.0,98.0,1.0,2.0,63.0,2.0,6.19774011299435,0.0,0.0,0.0,4.0,1.0,0.0,3.0,2.0,,,,,,,,,,
activemq@0,104,4,0.05882352941176466,0.607843137254902,0.28586171310629516,0.0,0.0,1.0,1.0,0.0,5.0,1.0,1.0,4.0,2.0,9.0,0.84,0.0,89.0,3.0,0.0,25.0,1.0,3.24,0.0,1.0,0.0,0.0,0.0,0.0,2.0,1.0,,,,,,,,,,
activemq@0,147,0,0.0,0.6947368421052633,0.6138607987524609,0.0,0.0,1.0,1.0,0.0,2.0,2.0,1.0,7.0,12.0,20.0,0.25,0.0,83.0,1.0,3.0,27.0,2.0,4.37037037037037,0.0,0.0,0.0,10.0,1.0,0.0,3.0,1.0,,,,,,,,,,
activemq@0,148,0,0.0,0.7578947368421053,0.6679403014751979,1.0,0.0,1.0,1.0,1.0,0.0,1.0,1.0,1.0,7.0,21.0,0.11,0.0,85.0,1.0,2.0,13.0,2.0,2.95652173913043,0.0,0.0,0.0,5.0,1.0,0.0,3.0,1.0,,,,,,,,,,
activemq@0,149,8,0.01481481481481485,0.9851851851851852,0.27366707366707366,0.0,0.0,1.0,1.0,0.0,1.0,1.0,1.0,1.0,16.0,26.0,0.47,0.0,59.0,1.0,2.0,12.0,2.0,2.74074074074074,1.0,1.0,0.0,13.0,0.846153846153846,0.0,2.0,0.0,,,,,,,,,,
activemq@0,154,0,0.0,0.8421052631578948,0.7436079305846253,0.0,0.0,2.0,2.0,0.0,1.0,3.0,1.0,6.0,11.0,21.0,0.22,0.0,87.0,2.0,0.0,13.0,2.0,3.22222222222222,0.0,1.0,0.0,6.0,1.0,0.0,2.0,0.0,,,,,,,,,,
activemq@0,157,0,0.0,0.8484848484848486,0.11003325942350331,0.0,0.0,1.0,1.0,0.0,1.0,2.0,1.0,1.0,8.0,27.0,0.25,0.0,82.0,2.0,0.0,14.0,1.0,2.35714285714286,0.0,1.0,0.0,4.0,0.9,0.0,2.0,0.0,,,,,,,,,,
activemq@0,203,0,0.0,0.8787878787878789,0.13944937176644495,0.0,0.0,1.0,1.0,0.0,1.0,1.0,1.0,0.0,23.0,50.0,0.36,0.0,95.0,2.0,0.0,24.0,1.0,2.6,1.0,1.0,0.0,4.0,0.909090909090909,0.0,3.0,1.0,,,,,,,,,,
activemq@0,218,0,0.06243188368120028,1.006990296699919,0.3225936270709959,0.0,1.0,2.0,1.0,0.0,2.0,3.0,4.0,8.0,12.0,30.0,0.24,0.0,89.0,2.0,2.0,25.0,2.0,3.53846153846154,0.0,0.0,0.0,4.0,1.0,0.0,3.0,1.0,,,,,,,,,,
activemq@0,219,0,0.7399165606028757,1.2685196034047053,0.9547559302840471,7.0,4.0,1.0,2.0,0.0,1.0,2.0,12.0,7.0,22.0,5.0,0.17,0.0,94.0,2.0,1.0,50.0,2.0,3.94736842105263,0.0,0.0,0.0,4.0,1.0,0.0,3.0,1.0,,,,,,,,,,
activemq@0,225,0,0.007599713578463181,0.8059307599237873,0.17000439210743926,0.0,0.0,1.0,2.0,0.0,0.0,2.0,1.0,7.0,19.0,66.0,0.06,0.0,92.0,1.0,1.0,43.0,2.0,3.84931506849315,0.0,0.0,0.0,4.0,1.0,0.0,3.0,1.0,,,,,,,,,,
activemq@0,230,0,0.09100994271712715,1.0360062092306734,0.34781701062034864,1.0,1.0,1.0,1.0,0.0,1.0,2.0,6.0,3.0,11.0,37.0,0.18,1.0,88.0,2.0,1.0,45.0,2.0,3.02380952380952,0.0,0.0,0.0,4.0,1.0,0.0,3.0,2.0,,,,,,,,,,
activemq@0,246,6,1.516797256658406,1.6932368365417994,1.6001087939738283,5.0,0.0,1.0,0.0,0.0,1.0,2.0,4.0,13.0,0.0,0.0,0.15,0.0,59.0,1.0,1.0,70.0,4.0,3.09574468085106,0.0,1.0,0.0,17.0,1.0,0.0,3.0,1.0,,,,,,,,,,
activemq@0,359,18,0.12350311391876646,0.9142347314109062,0.4520103212824333,2.0,0.0,2.0,1.0,18.0,1.0,2.0,7.0,7.0,1.0,29.0,0.19,0.0,100.0,2.0,5.0,6.0,2.0,0.0,0.0,0.0,0.0,0.0,1.0,0.0,2.0,2.0,,,,,,,,,,
activemq@0,379,0,0.0,1.0,0.375,2.0,0.0,2.0,0.0,0.0,0.0,1.0,1.0,0.0,1.0,2.0,0.32,1.0,25.0,1.0,0.0,2.0,2.0,2.0,1.0,2.0,0.0,0.0,0.0,0.0,3.0,0.0,,,,,,,,,,
activemq@0,393,0,0.0,0.6869463064446885,0.18878447204490098,4.0,6.0,1.0,15.0,0.0,0.0,2.0,3.0,3.0,19.0,44.0,0.09,0.0,94.0,1.0,1.0,12.0,2.0,4.49122807017544,0.0,1.0,0.0,4.0,1.0,0.0,2.0,0.0,,,,,,,,,,
activemq@0,427,11,0.43644137868108684,1.2461797682467997,0.8074008531244885,9.0,10.0,1.0,5.0,2.0,1.0,2.0,1.0,0.0,0.0,24.0,0.18,0.0,91.0,1.0,0.0,0.0,3.0,4.13953488372093,0.0,1.0,0.0,2.0,1.0,0.0,2.0,0.0,,,,,,,,,,
activemq@0,431,0,0.0,0.7391304347826088,0.2887735236859183,0.0,10.0,1.0,2.0,0.0,2.0,1.0,1.0,0.0,7.0,23.0,0.6,0.0,83.0,1.0,0.0,3.0,3.0,5.78787878787879,1.0,1.0,0.0,0.0,0.0,0.0,2.0,0.0,,,,,,,,,,
activemq@0,503,0,0.15435437957714032,0.7241085419039238,0.3974062762894503,2.0,0.0,1.0,2.0,1.0,1.0,3.0,10.0,28.0,36.0,16.0,0.14,0.0,93.0,1.0,2.0,40.0,2.0,4.15942028985507,0.0,0.0,0.0,4.0,1.0,0.0,3.0,0.0,,,,,,,,,,
activemq@0,505,0,0.0,0.8421052631578948,0.7436079305846253,0.0,0.0,2.0,1.0,0.0,0.0,2.0,2.0,3.0,2.0,11.0,0.16,0.0,66.0,3.0,0.0,12.0,2.0,3.28571428571429,1.0,1.0,0.0,3.0,1.0,0.0,3.0,0.0,,,,,,,,,,
activemq@0,725,0,0.0,0.8181818181818183,0.08187361419068737,0.0,4.0,1.0,1.0,0.0,1.0,2.0,5.0,2.0,16.0,26.0,0.16,0.0,83.0,1.0,1.0,21.0,2.0,4.59375,0.0,0.0,0.0,3.0,0.875,0.0,2.0,0.0,,,,,,,,,,
activemq@0,726,10,0.33279486744174086,0.7199763916226798,0.496055953852561,5.0,1.0,1.0,5.0,0.0,1.0,2.0,4.0,10.0,37.0,7.0,0.84,0.0,73.0,1.0,0.0,39.0,4.0,2.90361445783133,0.0,1.0,0.0,4.0,0.846153846153846,0.0,2.0,1.0,,,,,,,,,,
activemq@0,727,3,0.009136765965546866,0.6002664890073267,0.18982739272507404,0.0,0.0,1.0,0.0,0.0,1.0,1.0,1.0,0.0,9.0,19.0,0.62,0.0,88.0,1.0,0.0,6.0,2.0,3.0,0.0,1.0,0.0,0.0,0.0,0.0,2.0,0.0,,,,,,,,,,
activemq@0,737,18,0.2167759474188651,0.6694178605687517,0.3711512133060999,2.0,0.0,1.0,1.0,2.0,0.0,3.0,1.0,2.0,0.0,30.0,0.12,0.0,62.0,1.0,7.0,8.0,2.0,5.38235294117647,1.0,1.0,0.0,0.0,1.0,0.0,3.0,1.0,,,,,,,,,,
activemq@0,754,9,0.42242572838147563,1.376218663417801,1.1666727927250158,1.0,0.0,1.0,2.0,1.0,0.0,2.0,4.0,4.0,13.0,0.0,0.15,0.0,94.0,2.0,0.0,21.0,0.0,2.9622641509434,0.0,0.0,0.0,2.0,1.0,0.0,2.0,2.0,,,,,,,,,,
activemq@0,756,8,0.08312186726444139,0.5441476404778673,0.31266942310160983,0.0,0.0,1.0,0.0,0.0,0.0,1.0,1.0,0.0,40.0,84.0,0.21,0.0,97.0,1.0,0.0,0.0,1.0,2.48809523809524,1.0,1.0,0.0,3.0,1.0,0.0,3.0,0.0,,,,,,,,,,
activemq@0,771,0,0.0,0.787878787878788,0.05633776792313378,1.0,2.0,1.0,6.0,0.0,0.0,2.0,1.0,4.0,10.0,24.0,0.22,0.0,91.0,2.0,0.0,23.0,2.0,2.45161290322581,0.0,0.0,0.0,4.0,1.0,0.0,2.0,0.0,,,,,,,,,,
activemq@0,773,0,0.0,0.8181818181818183,0.08187361419068737,1.0,0.0,1.0,1.0,0.0,0.0,3.0,1.0,4.0,4.0,17.0,0.1,0.0,77.0,2.0,0.0,18.0,2.0,4.54545454545455,0.0,0.0,0.0,4.0,1.0,0.0,2.0,0.0,,,,,,,,,,
activemq@0,832,0,0.2907701283833226,1.2373504300373719,0.5373345480901249,2.0,3.0,1.0,1.0,0.0,0.0,3.0,4.0,1.0,32.0,50.0,0.1,0.0,93.0,1.0,0.0,16.0,2.0,2.71428571428571,0.0,1.0,0.0,4.0,1.0,0.0,3.0,2.0,,,,,,,,,,
activemq@0,884,0,0.0,0.8421052631578948,0.7436079305846253,0.0,0.0,1.0,2.0,0.0,1.0,2.0,3.0,9.0,23.0,37.0,0.4,0.0,93.0,4.0,3.0,6.0,4.0,2.39130434782609,1.0,1.0,0.0,3.0,1.0,0.0,3.0,1.0,,,,,,,,,,
activemq@0,886,0,0.0,0.947368421052632,0.8456256570800389,0.0,0.0,1.0,1.0,0.0,1.0,2.0,2.0,5.0,14.0,22.0,0.39,0.0,90.0,4.0,3.0,13.0,2.0,2.37037037037037,0.0,0.0,0.0,2.0,1.0,0.0,3.0,1.0,,,,,,,,,,
activemq@0,913,0,0.0,0.8842105263157897,0.7838292222589708,1.0,0.0,1.0,3.0,0.0,0.0,2.0,1.0,1.0,15.0,26.0,0.18,0.0,89.0,1.0,1.0,8.0,3.0,2.46428571428571,0.0,0.0,0.0,5.0,1.0,0.0,3.0,0.0,,,,,,,,,,
activemq@0,914,0,0.0,0.947368421052632,0.8456256570800389,2.0,0.0,1.0,4.0,2.0,1.0,4.0,1.0,0.0,1.0,7.0,0.18,0.0,57.0,2.0,1.0,16.0,1.0,4.44444444444444,1.0,1.0,0.0,2.0,1.0,0.0,3.0,1.0,,,,,,,,,,
activemq@0,975,2,0.0,0.6666666666666666,0.38461538461538464,1.0,0.0,1.0,1.0,0.0,0.0,1.0,2.0,4.0,8.0,4.0,0.24,1.0,80.0,3.0,0.0,10.0,2.0,3.3,1.0,1.0,0.0,0.0,0.0,0.0,1.0,0.0,,,,,,,,,,
activemq@0,991,6,0.09597117301640362,0.666105238774559,0.24273596434339745,0.0,0.0,1.0,0.0,0.0,1.0,1.0,1.0,6.0,4.0,0.0,0.46,0.0,70.0,5.0,0.0,3.0,1.0,1.0,1.0,2.0,0.0,0.0,1.0,0.0,2.0,0.0,,,,,,,,,,
activemq@0,1009,8,0.0021986900459143267,0.8937330771026513,0.1847638603585116,0.0,0.0,1.0,0.0,2.0,6.0,3.0,1.0,0.0,0.0,11.0,0.42,6.0,0.0,6.0,3.0,12.0,1.0,0.545454545454545,0.0,2.0,0.0,1.0,1.0,0.0,2.0,1.0,,,,,,,,,,
activemq@0,1028,1,0.0,1.0,0.375,0.0,0.0,1.0,0.0,0.0,0.0,1.0,1.0,3.0,1.0,1.0,0.47,1.0,50.0,3.0,1.0,3.0,1.0,1.25,1.0,1.0,0.0,0.0,0.0,0.0,2.0,0.0,,,,,,,,,,
activemq@0,1093,5,0.23009074215698525,0.9622471106602791,0.48250922680317326,0.0,0.0,1.0,1.0,2.0,1.0,1.0,8.0,0.0,6.0,37.0,0.21,2.0,85.0,5.0,0.0,0.0,2.0,3.94594594594595,0.0,2.0,0.0,0.0,1.0,0.0,2.0,2.0,,,,,,,,,,
activemq@0,1103,0,0.05555555555555553,0.8888888888888888,0.2880952380952381,0.0,0.0,1.0,2.0,0.0,0.0,2.0,3.0,25.0,12.0,14.0,0.1,0.0,85.0,4.0,6.0,9.0,2.0,6.82051282051282,0.0,1.0,0.0,1.0,1.0,0.0,2.0,1.0,,,,,,,,,,
activemq@0,1105,3,0.24999999999999994,1.2499999999999998,0.6249999999999999,0.0,0.0,1.0,1.0,0.0,15.0,1.0,1.0,0.0,0.0,1.0,0.71,10.0,0.0,5.0,0.0,2.0,1.0,2.0,2.0,18.0,1.0,1.0,1.0,0.0,3.0,0.0,,,,,,,,,,
activemq@0,1134,0,0.2631578947368423,1.2631578947368423,1.1613478269548538,2.0,0.0,1.0,3.0,0.0,4.0,2.0,1.0,8.0,13.0,16.0,0.42,2.0,82.0,3.0,2.0,5.0,2.0,3.69230769230769,0.0,1.0,0.0,0.0,1.0,0.0,2.0,2.0,,,,,,,,,,
activemq@0,1169,8,0.07865149136108657,0.5557812911098113,0.22018197778971024,2.0,0.0,1.0,1.0,0.0,2.0,2.0,2.0,5.0,3.0,4.0,0.24,2.0,77.0,2.0,0.0,4.0,2.0,3.0,0.0,1.0,0.0,0.0,1.0,0.0,1.0,0.0,,,,,,,,,,
activemq@0,1309,0,0.0,0.7578947368421053,0.6679403014751979,0.0,0.0,1.0,1.0,0.0,1.0,3.0,1.0,10.0,17.0,1.0,0.23,0.0,84.0,2.0,5.0,5.0,1.0,5.90909090909091,3.0,2.0,0.0,5.0,1.0,0.0,3.0,1.0,,,,,,,,,,
activemq@0,1318,15,0.1572935447628998,0.5111649850878124,0.2704244253064643,0.0,0.0,1.0,0.0,2.0,1.0,1.0,1.0,0.0,0.0,5.0,0.84,1.0,80.0,6.0,0.0,7.0,1.0,1.8,0.0,2.0,0.0,0.0,1.0,0.0,4.0,0.0,,,,,,,,,,
activemq@0,1335,14,0.04530444129810814,0.8029798495913973,0.24611019881552923,0.0,0.0,1.0,0.0,0.0,0.0,1.0,1.0,4.0,0.0,1.0,0.61,2.0,0.0,2.0,0.0,6.0,1.0,1.875,0.0,2.0,0.0,0.0,0.0,0.0,2.0,1.0,,,,,,,,,,
activemq@0,1366,0,0.0,1.0,0.375,0.0,0.0,1.0,0.0,0.0,2.0,1.0,1.0,0.0,0.0,1.0,0.9,0.0,0.0,4.0,0.0,1.0,1.0,0.0,0.0,7.0,1.0,0.0,0.0,0.0,1.0,0.0,,,,,,,,,,
activemq@0,1429,12,0.09754369008866451,0.6534931657166463,0.23467686465400817,5.0,0.0,1.0,0.0,0.0,2.0,1.0,1.0,7.0,5.0,8.0,0.29,2.0,68.0,3.0,3.0,3.0,1.0,2.6,0.0,1.0,0.0,0.0,1.0,0.0,2.0,0.0,,,,,,,,,,
activemq@0,1496,0,0.2631578947368423,1.2631578947368423,1.1613478269548538,1.0,0.0,2.0,15.0,0.0,0.0,4.0,1.0,6.0,19.0,5.0,0.07,2.0,85.0,1.0,0.0,2.0,2.0,6.83333333333333,0.0,2.0,0.0,0.0,1.0,0.0,1.0,1.0,,,,,,,,,,
activemq@0,1582,0,0.23816246846739123,1.149899256846575,0.8333230149458011,0.0,0.0,1.0,5.0,3.0,1.0,2.0,3.0,2.0,12.0,9.0,0.24,0.0,73.0,1.0,0.0,8.0,2.0,3.25,0.0,0.0,0.0,0.0,0.0,0.0,2.0,2.0,,,,,,,,,,
activemq@0,1583,0,0.05882352941176466,0.607843137254902,0.28586171310629516,6.0,0.0,1.0,1.0,1.0,1.0,2.0,4.0,0.0,9.0,16.0,0.36,0.0,86.0,1.0,0.0,5.0,3.0,2.44117647058824,0.0,1.0,0.0,0.0,0.0,0.0,2.0,1.0,,,,,,,,,,
activemq@0,1594,15,0.016210479484767674,0.6188622416943478,0.08536466358564317,2.0,0.0,1.0,0.0,0.0,4.0,1.0,1.0,0.0,3.0,20.0,0.3,0.0,80.0,1.0,0.0,6.0,5.0,3.0,0.0,1.0,0.0,0.0,0.0,0.0,2.0,1.0,,,,,,,,,,
activemq@0,1595,9,0.08299316567564156,0.7431348330498984,0.451837295678387,1.0,0.0,1.0,0.0,0.0,4.0,1.0,1.0,0.0,2.0,3.0,1.25,0.0,91.0,2.0,0.0,2.0,4.0,1.85365853658537,0.0,0.0,0.0,0.0,0.0,0.0,2.0,1.0,,,,,,,,,,
activemq@0,1598,0,0.04587378104485501,0.7807221034408505,0.163295651532105,1.0,0.0,1.0,3.0,1.0,0.0,1.0,4.0,3.0,4.0,7.0,0.61,0.0,79.0,2.0,2.0,3.0,3.0,2.31818181818182,0.0,0.0,0.0,0.0,0.0,0.0,3.0,0.0,,,,,,,,,,
activemq@0,1600,9,0.0576311738783456,0.698314628700547,0.438225637160133,1.0,0.0,1.0,2.0,1.0,2.0,2.0,2.0,0.0,13.0,14.0,0.32,0.0,80.0,1.0,0.0,4.0,5.0,4.0,1.0,1.0,0.0,1.0,0.6,0.0,2.0,1.0,,,,,,,,,,
activemq@0,1601,0,0.0,1.0,0.396031746031746,6.0,0.0,1.0,1.0,0.0,3.0,3.0,1.0,0.0,6.0,7.0,0.27,0.0,63.0,1.0,0.0,5.0,2.0,4.61538461538461,2.0,1.0,0.0,4.0,0.5,0.0,4.0,1.0,,,,,,,,,,
activemq@0,1712,0,0.2631578947368423,1.2631578947368423,1.1613478269548538,0.0,0.0,2.0,0.0,0.0,0.0,2.0,1.0,1.0,2.0,7.0,0.27,0.0,68.0,3.0,0.0,2.0,1.0,1.375,0.0,1.0,0.0,0.0,1.0,0.0,1.0,0.0,,,,,,,,,,
activemq@0,1721,6,0.11075257640689927,0.7200098640520803,0.2816803281542284,0.0,1.0,1.0,1.0,0.0,5.0,4.0,2.0,10.0,6.0,3.0,0.39,2.0,81.0,3.0,0.0,4.0,2.0,2.6,0.0,1.0,0.0,0.0,1.0,0.0,2.0,4.0,,,,,,,,,,
activemq@0,1722,3,0.17329346233914258,0.42359261624457356,0.2956654281534367,0.0,0.0,2.0,1.0,2.0,3.0,3.0,1.0,15.0,9.0,3.0,0.61,0.0,81.0,2.0,3.0,4.0,1.0,3.83333333333333,1.0,2.0,0.0,0.0,1.0,0.0,3.0,2.0,,,,,,,,,,
activemq@0,1735,9,0.23902166400810443,0.837012327068699,0.529198414459462,0.0,0.0,1.0,7.0,5.0,0.0,2.0,1.0,3.0,6.0,7.0,0.15,0.0,90.0,1.0,0.0,3.0,4.0,3.41379310344828,0.0,0.0,0.0,0.0,1.0,0.0,3.0,3.0,,,,,,,,,,
activemq@0,1795,0,0.0,0.947368421052632,0.8456256570800389,0.0,0.0,1.0,0.0,0.0,0.0,2.0,7.0,2.0,2.0,9.0,0.15,2.0,19.0,2.0,0.0,2.0,2.0,1.0,0.0,1.0,0.0,2.0,1.0,0.0,2.0,0.0,,,,,,,,,,
activemq@1,41,5,3.511364660211101,3.87226832903824,3.7215410205720083,6.0,1.0,1.0,5.0,3.0,4.0,2.0,7.0,21.0,8.0,139.0,0.76,0.0,92.0,1.0,2.0,2.0,9.0,4.73053892215569,0.0,0.0,0.0,,0.5,,,1.0,1.0,,,,,,,,,
activemq@1,43,2,1.234542648309284,1.6291169798819298,1.3466960972587283,1.0,0.0,1.0,6.0,1.0,2.0,1.0,2.0,7.0,3.0,0.0,0.55,0.0,83.0,2.0,3.0,18.0,6.0,6.65882352941177,0.0,1.0,0.0,,0.5,,,2.0,0.6,,,,,,,,,
activemq@1,48,10,0.907199583116498,1.2423319113294287,1.057960858072755,6.0,3.0,1.0,1.0,0.0,4.0,3.0,6.0,8.0,1.0,0.0,0.39,0.0,0.0,1.0,3.0,27.0,4.0,4.87272727272727,0.0,1.0,0.0,,0.0,,,3.0,0.9,,,,,,,,,
activemq@1,58,8,0.32297658151247005,1.080398511517677,0.8956457349996186,0.0,4.0,1.0,2.0,0.0,8.0,2.0,5.0,22.0,21.0,0.0,1.43,0.0,94.0,1.0,1.0,50.0,6.0,4.24038461538461,0.0,0.0,0.0,,0.0,,,1.0,1.0,,,,,,,,,
activemq@1,67,15,0.0,1.0,0.34565330038775416,0.0,0.0,1.0,2.0,0.0,0.0,2.0,1.0,7.0,6.0,23.0,0.1,0.0,87.0,2.0,0.0,28.0,1.0,5.13333333333333,1.0,1.0,0.0,,0.0,,,1.0,0.464757709251101,,,,,,,,,
activemq@1,97,13,1.1192662766226078,1.8733185647147577,1.7372246601892143,1.0,0.0,1.0,5.0,0.0,1.0,2.0,6.0,35.0,71.0,1.0,0.27,0.0,98.0,1.0,2.0,0.0,2.0,6.43523316062176,0.0,0.0,0.0,,0.4,,,3.0,1.0,,,,,,,,,
activemq@1,110,14,0.1844773503877811,0.915476921054352,0.7638027672037608,0.0,0.0,1.0,1.0,0.0,4.0,1.0,1.0,4.0,2.0,23.0,0.78,0.0,66.0,3.0,0.0,1.0,1.0,3.22222222222222,0.0,1.0,0.0,,1.0,,,1.0,0.690909090909091,,,,,,,,,
activemq@1,111,3,0.013513513513513535,0.8986486486486487,0.2515522279035793,1.0,0.0,1.0,1.0,0.0,1.0,2.0,3.0,4.0,14.0,18.0,0.25,0.0,50.0,1.0,0.0,20.0,3.0,3.08695652173913,0.0,0.0,0.0,,0.0,,,0.0,0.551369863013699,,,,,,,,,
activemq@1,133,5,0.1622224651285277,1.1622224651285276,0.5068012047773458,4.0,0.0,1.0,2.0,5.0,2.0,2.0,2.0,2.0,13.0,27.0,0.41,0.0,90.0,1.0,0.0,1.0,2.0,3.6969696969697,1.0,1.0,0.0,,0.666666666666667,,,1.0,0.9,,,,,,,,,
activemq@1,153,6,0.06879762980294964,0.9852322168501615,0.8562128012024652,0.0,0.0,1.0,1.0,0.0,2.0,2.0,1.0,7.0,12.0,20.0,0.24,0.0,83.0,1.0,3.0,2.0,2.0,4.40740740740741,0.0,0.0,0.0,,0.0,,,1.0,0.383474576271186,,,,,,,,,
activemq@1,156,12,0.04357868131528105,0.8435279158349458,0.5803752550144823,0.0,0.0,1.0,2.0,0.0,2.0,1.0,1.0,1.0,24.0,0.0,0.62,0.0,50.0,1.0,2.0,15.0,2.0,2.66,1.0,1.0,0.0,,0.5,,,0.0,0.947368421052632,,,,,,,,,
activemq@1,165,0,0.0,0.6666666666666667,0.1721393034825871,0.0,0.0,1.0,1.0,0.0,1.0,2.0,1.0,1.0,8.0,26.0,0.23,0.0,82.0,2.0,0.0,10.0,1.0,2.37037037037037,0.0,1.0,0.0,,0.5,,,0.0,0.676923076923077,,,,,,,,,
activemq@1,212,2,0.010236842105263166,1.0102368421052632,0.7453048492016556,0.0,0.0,1.0,1.0,0.0,1.0,1.0,1.0,0.0,30.0,11.222,0.41,0.0,96.0,2.0,0.0,25.0,1.0,2.4,1.0,1.0,0.0,,1.0,,,1.0,0.61100569259962,,,,,,,,,
activemq@1,228,18,0.0439757706808517,0.9285714285714284,0.7908237692553707,0.0,1.0,2.0,1.0,0.0,3.0,3.0,4.0,9.0,13.0,30.0,0.26,0.0,89.0,2.0,2.0,2.0,2.0,3.775,0.0,0.0,0.0,,0.0,,,1.0,0.584239130434783,,,,,,,,,
activemq@1,229,0,0.9442755879231871,1.7134151361663241,1.439359715528531,10.0,4.0,1.0,2.0,0.0,1.0,3.0,12.0,8.0,22.0,11.222,0.17,0.0,94.0,2.0,1.0,6.0,2.0,4.20731707317073,0.0,0.0,0.0,,0.533333333333333,,,2.0,0.536567164179104,,,,,,,,,
activemq@1,236,13,0.15730415859669525,1.0814322597199244,0.8337179553356435,0.0,0.0,1.0,2.0,0.0,0.0,2.0,1.0,7.0,19.0,1.0,0.06,0.0,92.0,2.0,1.0,42.0,1.0,4.08571428571429,0.0,0.0,0.0,,0.0,,,1.0,0.351648351648352,,,,,,,,,
activemq@1,243,1,0.5377787943600192,1.2592424903514787,1.1010031683556056,1.0,1.0,1.0,1.0,0.0,1.0,2.0,6.0,3.0,10.0,36.0,0.16,1.0,87.0,2.0,1.0,2.0,2.0,3.24390243902439,0.0,0.0,0.0,,0.5,,,2.0,1.0,,,,,,,,,
activemq@1,259,16,0.2966579364584112,1.0574758354409768,0.870140140806175,5.0,0.0,1.0,3.0,0.0,1.0,2.0,4.0,13.0,38.0,0.0,0.15,0.0,95.0,1.0,1.0,71.0,4.0,3.12765957446809,0.0,1.0,0.0,,0.0,,,1.0,1.0,,,,,,,,,
activemq@1,409,14,0.8116756761247224,1.564563611539993,1.0146657502077,4.0,6.0,1.0,2.0,0.0,0.0,2.0,3.0,3.0,19.0,44.0,0.09,0.0,94.0,1.0,1.0,13.0,2.0,4.6140350877193,0.0,1.0,0.0,,0.5,,,1.0,1.0,,,,,,,,,
activemq@1,445,1,0.2076052631578947,0.5497105263157893,0.2948973979893554,11.0,10.0,1.0,8.0,2.0,1.0,2.0,1.0,0.0,26.0,11.222,0.18,0.0,92.0,1.0,0.0,10.0,3.0,4.6078431372549,0.0,1.0,0.0,,0.0,,,0.0,0.784440842787682,,,,,,,,,
activemq@1,520,0,0.0,0.875,0.3340818718163256,0.0,0.0,1.0,1.0,0.0,3.0,3.0,1.0,3.0,0.0,1.0,0.63,0.0,75.0,3.0,1.0,6.0,1.0,3.75,1.0,2.0,0.0,,0.0,,,0.0,0.540816326530612,,,,,,,,,
activemq@1,523,8,0.5688952678170762,1.2387950459283512,1.0613210328221472,2.0,0.0,1.0,2.0,1.0,1.0,3.0,10.0,29.0,37.0,39.0,0.14,0.0,93.0,1.0,2.0,2.0,2.0,4.25714285714286,0.0,0.0,0.0,,1.0,,,1.0,1.0,,,,,,,,,
activemq@1,739,9,0.0,0.9699887325975979,0.8228116880411906,1.0,0.0,1.0,1.0,0.0,0.0,3.0,3.0,5.0,11.0,37.0,0.13,0.0,85.0,2.0,0.0,0.0,2.0,2.83720930232558,1.0,1.0,0.0,,0.0,,,1.0,0.460820895522388,,,,,,,,,
activemq@1,745,9,0.25904223572220875,0.7730448811188029,0.5549991639311198,0.0,4.0,1.0,1.0,0.0,1.0,2.0,5.0,2.0,16.0,26.0,0.16,0.0,83.0,1.0,1.0,2.0,2.0,4.59375,0.0,0.0,0.0,,1.0,,,1.0,1.0,,,,,,,,,
activemq@1,746,10,1.9075966710705181,2.3417925119623573,2.09706636999011,5.0,1.0,1.0,5.0,0.0,1.0,2.0,4.0,10.0,0.0,0.0,0.15,0.0,0.0,1.0,0.0,41.0,4.0,0.0,0.0,1.0,0.0,,0.0,,,2.0,0.659197012138189,,,,,,,,,
activemq@1,776,6,0.0067567567567567615,0.7094594594594594,0.072954711468225,0.0,0.0,1.0,0.0,0.0,0.0,1.0,1.0,0.0,40.0,84.0,0.21,0.0,92.0,1.0,0.0,0.0,1.0,2.51190476190476,1.0,1.0,0.0,,1.0,,,0.0,0.816037735849057,,,,,,,,,
activemq@1,789,11,0.14181578947368417,0.516078947368421,0.23058633944411586,3.0,0.0,1.0,3.0,0.0,0.0,2.0,1.0,7.0,12.0,11.222,0.12,0.0,92.0,1.0,1.0,25.0,2.0,2.6,0.0,0.0,0.0,,1.0,,,0.0,0.706744868035191,,,,,,,,,
activemq@1,790,0,0.06666666666666667,0.6000000000000001,0.23681592039800997,0.0,2.0,1.0,0.0,0.0,0.0,2.0,1.0,2.0,6.0,22.0,0.12,0.0,80.0,1.0,1.0,6.0,2.0,2.19230769230769,0.0,0.0,0.0,,1.0,,,0.0,0.501930501930502,,,,,,,,,
activemq@1,791,7,0.18128947368421047,0.5233947368421052,0.26917297457125955,1.0,2.0,1.0,6.0,0.0,0.0,2.0,1.0,4.0,12.0,11.222,0.23,0.0,92.0,2.0,0.0,24.0,2.0,2.4,0.0,0.0,0.0,,0.0,,,0.0,0.538659793814433,,,,,,,,,
activemq@1,793,13,0.03655263157894736,0.6213421052631578,0.12768864577173272,1.0,0.0,1.0,1.0,0.0,0.0,3.0,1.0,4.0,4.0,11.222,0.1,0.0,77.0,2.0,0.0,18.0,2.0,4.54545454545455,0.0,0.0,0.0,,1.0,,,0.0,0.580555555555556,,,,,,,,,
activemq@1,838,0,0.10234210526315787,0.5555526315789472,0.1919997043169722,8.0,0.0,1.0,1.0,0.0,2.0,3.0,1.0,0.0,8.0,11.222,0.35,1.0,78.0,1.0,1.0,14.0,2.0,6.46666666666667,2.0,1.0,0.0,,1.0,,,2.0,0.677570093457944,,,,,,,,,
activemq@1,855,7,0.13661301045444535,0.7402959237120227,0.5112251454490772,2.0,3.0,1.0,1.0,0.0,0.0,3.0,4.0,1.0,33.0,7.0,0.1,0.0,66.0,1.0,0.0,16.0,2.0,2.76785714285714,0.0,1.0,0.0,,0.8,,,2.0,0.463030303030303,,,,,,,,,
activemq@1,857,17,0.21319772783742344,0.5757903735295822,0.36273850922936884,2.0,1.0,2.0,1.0,0.0,0.0,3.0,4.0,2.0,26.0,35.0,0.26,1.0,66.0,2.0,0.0,2.0,2.0,2.875,0.0,1.0,0.0,,0.0,,,4.0,0.584040747028862,,,,,,,,,
activemq@1,893,0,0.5000000000000002,1.5000000000000002,1.3189054726368163,0.0,0.0,1.0,1.0,0.0,1.0,3.0,4.0,16.0,19.0,12.0,0.12,2.0,91.0,1.0,0.0,10.0,2.0,6.85714285714286,3.0,1.0,0.0,,1.0,,,2.0,0.86970684039088,,,,,,,,,
activemq@1,900,0,0.0,1.0,0.34565330038775416,0.0,2.0,1.0,3.0,0.0,0.0,2.0,1.0,0.0,7.0,7.0,0.19,1.0,74.0,1.0,0.0,16.0,1.0,4.33333333333333,1.0,1.0,0.0,,0.0,,,0.0,0.825301204819277,,,,,,,,,
activemq@1,911,16,0.2957279932519931,0.715191498651706,0.4293292882805241,0.0,0.0,1.0,2.0,0.0,1.0,2.0,3.0,9.0,25.0,20.0,0.39,0.0,93.0,4.0,3.0,6.0,4.0,2.4375,1.0,1.0,0.0,,1.0,,,2.0,0.9,,,,,,,,,
activemq@1,912,13,0.0,0.7692307692307692,0.4687953555878084,0.0,0.0,1.0,1.0,0.0,3.0,2.0,1.0,6.0,8.0,2.0,0.51,1.0,75.0,2.0,4.0,12.0,1.0,3.0,1.0,1.0,0.0,,0.333333333333333,,,1.0,0.572327044025157,,,,,,,,,
activemq@1,913,0,0.0,0.6666666666666667,0.1721393034825871,1.0,0.0,1.0,1.0,0.0,1.0,2.0,2.0,5.0,20.0,36.0,0.36,0.0,93.0,4.0,3.0,10.0,2.0,2.07142857142857,0.0,0.0,0.0,,0.5,,,3.0,0.470212765957447,,,,,,,,,
activemq@1,917,18,0.12345472096181555,0.6743748175165356,0.5320110186207532,0.0,0.0,1.0,5.0,9.0,4.0,2.0,1.0,4.0,0.0,16.0,0.61,0.0,94.0,1.0,8.0,1.0,1.0,5.47619047619048,1.0,1.0,0.0,,1.0,,,3.0,0.555932203389831,,,,,,,,,
activemq@1,1143,0,0.07692307692307691,1.0769230769230769,0.3860667634252538,0.0,0.0,1.0,1.0,2.0,1.0,1.0,8.0,0.0,3.0,38.0,0.21,2.0,85.0,5.0,0.0,6.0,2.0,3.92105263157895,0.0,2.0,0.0,,1.0,,,2.0,0.610223642172524,,,,,,,,,
activemq@1,1153,8,0.0,0.7000000000000001,0.14079601990049748,0.0,0.0,1.0,2.0,0.0,0.0,2.0,3.0,26.0,12.0,14.0,0.1,0.0,85.0,4.0,8.0,10.0,2.0,7.05,0.0,0.0,0.0,,0.5,,,2.0,0.650442477876106,,,,,,,,,
activemq@1,1452,13,0.21688163185321943,0.7486654221825275,0.5093846145198523,2.0,0.0,1.0,1.0,0.0,0.0,1.0,1.0,6.0,11.0,0.0,0.07,4.0,82.0,4.0,1.0,15.0,1.0,4.59090909090909,2.0,1.0,0.0,,0.0,,,1.0,0.593110871905274,,,,,,,,,
activemq@1,1665,5,0.0,1.0,0.4,6.0,0.0,1.0,1.0,1.0,1.0,2.0,4.0,0.0,9.0,28.0,0.37,0.0,86.0,1.0,0.0,5.0,2.0,2.41176470588235,0.0,1.0,0.0,,1.0,,,2.0,0.790523690773067,,,,,,,,,
activemq@1,1667,14,0.023394736842105267,0.6345,0.1148264340626848,0.0,0.0,2.0,0.0,0.0,4.0,3.0,2.0,0.0,6.0,11.222,0.49,0.0,81.0,2.0,0.0,9.0,2.0,2.9375,1.0,1.0,0.0,,1.0,,,1.0,0.7217125382263,,,,,,,,,
activemq@1,1677,0,0.2236842105263158,0.5657894736842104,0.31061502069781194,1.0,0.0,1.0,0.0,0.0,4.0,1.0,1.0,0.0,2.0,20.0,1.24,0.0,91.0,1.0,0.0,2.0,4.0,1.8780487804878,0.0,0.0,0.0,,0.0,,,2.0,0.913793103448276,,,,,,,,,
activemq@1,1802,10,0.0,1.0,0.625,0.0,1.0,1.0,1.0,0.0,5.0,2.0,2.0,10.0,8.0,4.0,0.32,2.0,83.0,3.0,0.0,6.0,2.0,4.13333333333333,0.0,1.0,0.0,,0.0,,,4.0,0.518367346938776,,,,,,,,,
activemq@1,1803,8,0.05405405405405409,0.9391891891891893,0.29099707815924036,0.0,0.0,2.0,1.0,2.0,1.0,3.0,1.0,16.0,9.0,3.0,0.22,0.0,50.0,2.0,3.0,4.0,1.0,3.84210526315789,1.0,2.0,0.0,,0.0,,,3.0,0.595505617977528,,,,,,,,,
activemq@1,1818,6,0.0,0.8333333333333333,0.3125,0.0,0.0,1.0,7.0,5.0,0.0,2.0,1.0,2.0,8.0,28.0,0.14,0.0,91.0,1.0,0.0,6.0,4.0,3.41935483870968,0.0,0.0,0.0,,1.0,,,3.0,0.450549450549451,,,,,,,,,
activemq@2,78,11,1.0778527074395956,1.618855117587233,1.2027157400552404,6.0,1.0,1.0,5.0,3.0,4.0,2.0,7.0,21.0,62.0,,0.75,0.0,97.0,1.0,2.0,10.0,9.0,5.14705882352941,0.0,0.0,0.0,,,,,4.0,1.0,849.0,0.0,,,,,,,
activemq@2,80,6,0.21617528221728713,0.7110568074751892,0.34610204539012374,1.0,0.0,1.0,6.0,1.0,2.0,1.0,2.0,7.0,34.0,,0.53,0.0,97.0,2.0,3.0,19.0,6.0,8.46153846153846,0.0,1.0,0.0,,,,,4.0,1.0,269.0,0.0,,,,,,,
activemq@2,85,6,0.6855982472792331,1.3109444975469988,0.8276923296459953,8.0,4.0,1.0,2.0,0.0,3.0,3.0,7.0,8.0,24.0,,0.35,0.0,91.0,1.0,3.0,3.0,4.0,1.9,0.0,1.0,0.0,,,,,4.0,0.442211055276382,279.0,0.0,,,,,,,
activemq@2,86,1,0.03571428571428578,0.9642857142857142,0.357010582010582,0.0,0.0,1.0,0.0,0.0,4.0,2.0,1.0,7.0,7.0,,0.79,0.0,78.0,2.0,2.0,13.0,3.0,3.64705882352941,1.0,0.0,0.0,,,,,3.0,0.566552901023891,62.0,0.0,,,,,,,
activemq@2,95,13,1.172449018775528,1.7842080568000822,1.3502036559287485,1.0,4.0,1.0,4.0,0.0,8.0,2.0,6.0,22.0,3.0,,1.37,0.0,95.0,1.0,1.0,10.0,6.0,4.21296296296296,0.0,0.0,0.0,,,,,5.0,1.0,1049.0,0.0,,,,,,,
activemq@2,96,19,0.0,1.0,0.4243589743589743,0.0,12.0,1.0,1.0,0.0,0.0,2.0,1.0,1.0,5.0,,0.2,0.0,75.0,1.0,0.0,10.0,2.0,3.05882352941176,1.0,1.0,0.0,,,,,1.0,0.533980582524272,29.0,0.0,,,,,,,
activemq@2,104,13,0.027394860469037448,0.6165059792598763,0.1091949163561005,0.0,0.0,1.0,2.0,0.0,0.0,2.0,1.0,7.0,6.0,,0.1,0.0,87.0,2.0,0.0,29.0,1.0,5.16666666666667,1.0,1.0,0.0,,,,,2.0,0.470715835140998,23.0,0.0,,,,,,,
activemq@2,134,4,1.470879976033845,2.085700892915423,1.668016296442634,1.0,0.0,1.0,5.0,0.0,1.0,2.0,6.0,35.0,74.0,,0.28,0.0,98.0,1.0,2.0,65.0,2.0,8.11940298507463,0.0,0.0,0.0,,,,,5.0,0.408026755852843,62.0,0.0,,,,,,,
activemq@2,147,12,0.14720065374528107,0.6852478951021707,0.2693882123002484,0.0,0.0,1.0,1.0,0.0,4.0,2.0,1.0,4.0,3.0,,0.73,0.0,90.0,3.0,0.0,28.0,1.0,3.32142857142857,0.0,1.0,0.0,,,,,1.0,1.0,155.0,0.0,,,,,,,
activemq@2,166,0,0.09766492139170016,0.7353813269323765,0.2197143131808888,0.0,0.0,1.0,1.0,1.0,0.0,2.0,2.0,23.0,16.0,,0.05,0.0,88.0,3.0,0.0,40.0,2.0,4.97368421052632,0.0,1.0,0.0,,,,,3.0,0.8,24.0,0.0,,,,,,,
activemq@2,172,6,0.04247922872143139,0.7461648784482686,0.16728067427154494,4.0,0.0,1.0,2.0,4.0,2.0,2.0,2.0,3.0,16.0,,0.38,0.0,92.0,1.0,0.0,1.0,2.0,2.6,1.0,1.0,0.0,,,,,2.0,0.495867768595041,121.0,0.0,,,,,,,
activemq@2,192,13,0.20096764437985754,0.6285859041688884,0.3152357527702743,0.0,0.0,1.0,1.0,0.0,2.0,2.0,1.0,8.0,12.0,,0.23,0.0,82.0,1.0,3.0,28.0,2.0,4.48275862068965,0.0,0.0,0.0,,,,,2.0,0.7,62.0,0.0,,,,,,,
activemq@2,195,0,0.0,0.7956043956043956,0.03838266996161733,0.0,0.0,1.0,3.0,0.0,2.0,1.0,1.0,2.0,29.0,,0.56,0.0,96.0,1.0,2.0,22.0,2.0,2.75,0.0,0.0,0.0,,,,,2.0,0.796190476190476,164.0,0.0,,,,,,,
activemq@2,202,0,0.3988095238095238,1.3988095238095237,0.791005291005291,0.0,32.0,1.0,0.0,0.0,4.0,1.0,1.0,0.0,0.0,,3.5,0.0,0.0,1.0,1.0,6.0,1.0,4.17073170731707,0.0,0.0,0.0,,,,,0.0,0.715277777777778,62.0,0.0,,,,,,,
activemq@2,251,6,0.16417419019903318,0.703762363791752,0.27928417315952875,0.0,0.0,1.0,1.0,0.0,1.0,1.0,1.0,0.0,39.0,,0.41,0.0,97.0,2.0,0.0,28.0,1.0,2.63529411764706,1.0,1.0,0.0,,,,,3.0,1.0,170.0,0.0,,,,,,,
activemq@2,267,0,0.34612082025421076,0.9744328213365216,0.49150718697815754,0.0,1.0,2.0,2.0,0.0,2.0,3.0,4.0,9.0,14.0,,0.24,0.0,89.0,2.0,2.0,10.0,2.0,4.025,0.0,0.0,0.0,,,,,2.0,0.531208499335989,132.0,0.0,,,,,,,
activemq@2,268,4,0.3382588919884032,0.8254233406853887,0.45791115761462786,14.0,5.0,1.0,3.0,0.0,1.0,3.0,15.0,7.0,29.0,,0.26,0.0,94.0,2.0,1.0,49.0,3.0,4.28712871287129,0.0,0.0,0.0,,,,,3.0,1.0,200.0,0.0,,,,,,,
activemq@2,275,11,0.23372215995821335,0.7418204611232206,0.35264786027176387,1.0,0.0,1.0,3.0,0.0,0.0,2.0,1.0,7.0,19.0,,0.06,0.0,92.0,2.0,1.0,42.0,1.0,4.33802816901408,0.0,0.0,0.0,,,,,3.0,0.8,37.0,0.0,,,,,,,
activemq@2,282,5,0.1504309945433528,0.7217367153955916,0.23510673299530976,1.0,1.0,1.0,1.0,0.0,1.0,2.0,6.0,2.0,9.0,,0.15,1.0,85.0,2.0,1.0,40.0,2.0,3.23076923076923,0.0,0.0,0.0,,,,,3.0,0.416531604538088,26.0,0.0,,,,,,,
activemq@2,283,8,0.00027173913043454945,0.7581521739130427,0.0852123370883814,3.0,0.0,2.0,1.0,0.0,1.0,4.0,1.0,4.0,4.0,,0.14,1.0,81.0,2.0,1.0,26.0,1.0,5.5,0.0,1.0,0.0,,,,,2.0,0.586538461538462,34.0,0.0,,,,,,,
activemq@2,284,1,0.1072533681107739,0.6702188098238612,0.18796065770662504,3.0,0.0,1.0,2.0,0.0,2.0,2.0,3.0,1.0,13.0,,0.28,0.0,90.0,2.0,0.0,26.0,2.0,2.91891891891892,0.0,1.0,0.0,,,,,2.0,0.459016393442623,62.0,0.0,,,,,,,
activemq@2,299,9,0.8052893047046418,1.2194767763711711,1.002041734211188,5.0,0.0,1.0,3.0,0.0,1.0,1.0,4.0,13.0,38.0,,0.16,0.0,95.0,1.0,1.0,71.0,4.0,1.3,0.0,1.0,0.0,,,,,3.0,1.0,173.0,0.0,,,,,,,
activemq@2,302,0,0.0,0.8131868131868132,0.051506388348493616,2.0,0.0,1.0,1.0,0.0,0.0,2.0,3.0,3.0,16.0,,0.2,0.0,92.0,1.0,2.0,19.0,3.0,5.15909090909091,1.0,1.0,0.0,,,,,2.0,0.439320388349515,60.0,0.0,,,,,,,
activemq@2,432,11,0.008930575971073659,0.5274289576033087,0.06348333357738206,4.0,6.0,1.0,18.0,0.0,0.0,2.0,3.0,3.0,19.0,,0.26,0.0,94.0,1.0,1.0,13.0,2.0,4.96491228070175,0.0,1.0,0.0,,,,,3.0,0.749670619235837,56.0,0.0,,,,,,,
activemq@2,455,8,0.016528925619834718,1.0165289256198347,0.2380460448642267,0.0,0.0,1.0,1.0,0.0,0.0,2.0,1.0,3.0,9.0,,0.29,0.0,66.0,2.0,0.0,18.0,2.0,4.22222222222222,0.0,1.0,0.0,,,,,0.0,0.587761674718196,127.0,0.0,,,,,,,
activemq@2,543,0,0.0,0.7868131868131868,0.03295651716704348,0.0,0.0,2.0,1.0,0.0,2.0,4.0,1.0,4.0,0.0,,0.44,0.0,60.0,3.0,1.0,7.0,1.0,4.4,1.0,2.0,0.0,,,,,0.0,0.40495867768595,34.0,2.0,,,,,,,
activemq@2,546,12,0.8970107273059127,1.3970865016175111,1.0123320722151075,8.0,0.0,1.0,2.0,1.0,1.0,3.0,11.0,30.0,39.0,,0.68,0.0,93.0,1.0,2.0,0.0,3.0,1.9,0.0,0.0,0.0,,,,,1.0,0.313213703099511,23.0,71.0,,,,,,,
activemq@2,548,14,0.10523220357433288,0.7319608022819244,0.24647324480688454,0.0,0.0,2.0,1.0,0.0,0.0,2.0,2.0,3.0,3.0,,0.15,0.0,70.0,3.0,0.0,10.0,2.0,3.6,0.0,1.0,0.0,,,,,0.0,0.430327868852459,28.0,0.0,,,,,,,
activemq@2,567,0,0.01978021978021978,0.901098901098901,0.1335716914664283,0.0,0.0,1.0,1.0,0.0,0.0,1.0,2.0,9.0,10.0,,0.25,0.0,90.0,2.0,3.0,15.0,2.0,2.84848484848485,0.0,1.0,0.0,,,,,2.0,0.55,48.0,0.0,,,,,,,
activemq@2,729,0,0.0,0.789010989010989,0.03418686576581313,0.0,0.0,1.0,0.0,0.0,1.0,2.0,1.0,0.0,1.0,,0.32,1.0,62.0,2.0,0.0,12.0,2.0,2.1875,0.0,0.0,0.0,,,,,2.0,0.506787330316742,44.0,0.0,,,,,,,
activemq@2,761,1,0.00595238095238095,0.6904761904761905,0.08875661375661376,0.0,4.0,1.0,1.0,0.0,1.0,2.0,5.0,2.0,15.0,,0.15,0.0,83.0,2.0,1.0,21.0,2.0,4.57575757575758,0.0,0.0,0.0,,,,,1.0,0.658620689655172,62.0,0.0,,,,,,,
activemq@2,762,7,0.8067965796330469,1.3281871575896702,0.9549822138793501,5.0,1.0,1.0,6.0,0.0,1.0,2.0,4.0,10.0,44.0,,0.15,0.0,96.0,1.0,0.0,3.0,4.0,2.97916666666667,0.0,1.0,0.0,,,,,4.0,0.9,21.0,0.0,,,,,,,
activemq@2,773,0,0.0,0.789010989010989,0.03418686576581313,2.0,0.0,2.0,1.0,2.0,1.0,3.0,1.0,2.0,3.0,,0.14,0.0,71.0,1.0,7.0,8.0,2.0,5.41176470588235,1.0,1.0,0.0,,,,,3.0,0.457861635220126,95.0,0.0,,,,,,,
activemq@2,786,0,0.013186813186813187,0.8945054945054945,0.12704137967295864,0.0,0.0,1.0,2.0,0.0,0.0,3.0,1.0,0.0,6.0,,0.18,0.0,76.0,1.0,1.0,3.0,2.0,3.1,1.0,1.0,0.0,,,,,1.0,0.282051282051282,26.0,2.0,,,,,,,
activemq@2,790,1,0.029930836518071404,0.6696244262106343,0.1170995220609086,2.0,0.0,1.0,3.0,1.0,0.0,2.0,4.0,4.0,16.0,,0.17,0.0,95.0,2.0,0.0,22.0,3.0,3.26666666666667,0.0,0.0,0.0,,,,,2.0,0.558260869565217,62.0,0.0,,,,,,,
activemq@2,792,0,0.00595238095238095,0.9940476190476192,0.38633156966490306,0.0,0.0,1.0,0.0,0.0,0.0,1.0,1.0,0.0,40.0,,0.21,0.0,97.0,1.0,0.0,0.0,1.0,2.61904761904762,1.0,1.0,0.0,,,,,1.0,0.814465408805031,36.0,1.0,,,,,,,
activemq@2,793,0,0.0,0.789010989010989,0.03418686576581313,1.0,0.0,1.0,1.0,0.0,0.0,3.0,1.0,0.0,6.0,,0.16,0.0,74.0,1.0,0.0,2.0,1.0,7.5,2.0,1.0,0.0,,,,,3.0,0.691629955947137,27.0,0.0,,,,,,,
activemq@2,795,0,0.7352319058995297,1.5462134899685949,0.9101373105083438,4.0,1.0,1.0,2.0,0.0,1.0,2.0,7.0,4.0,19.0,,0.2,0.0,92.0,1.0,0.0,6.0,5.0,3.42592592592593,0.0,0.0,0.0,,,,,5.0,0.556005398110661,62.0,0.0,,,,,,,
activemq@2,805,12,0.2200415512314173,0.6392190975105063,0.42898414823633263,3.0,0.0,1.0,3.0,0.0,0.0,2.0,1.0,7.0,12.0,,0.15,0.0,75.0,1.0,0.0,25.0,2.0,2.7027027027027,0.0,0.0,0.0,,,,,2.0,0.658469945355191,41.0,0.0,,,,,,,
activemq@2,809,16,0.0,0.6,0.06538461538461537,2.0,0.0,2.0,2.0,0.0,0.0,3.0,1.0,4.0,4.0,,0.1,0.0,80.0,3.0,0.0,19.0,2.0,4.625,0.0,0.0,0.0,,,,,1.0,0.514705882352941,35.0,0.0,,,,,,,
activemq@2,854,0,0.0,0.7978021978021979,0.0399284925600715,9.0,0.0,1.0,2.0,0.0,2.0,3.0,1.0,0.0,7.0,,0.34,1.0,78.0,1.0,1.0,16.0,2.0,6.625,2.0,1.0,0.0,,,,,3.0,0.606104651162791,151.0,0.0,,,,,,,
activemq@2,861,0,0.0,0.810989010989011,0.04975024975024976,0.0,0.0,1.0,1.0,0.0,0.0,2.0,1.0,0.0,4.0,,0.35,0.0,65.0,2.0,0.0,5.0,2.0,2.75,1.0,1.0,0.0,,,,,0.0,0.682692307692308,23.0,2.0,,,,,,,
activemq@2,863,0,0.4518850918706166,0.7770280354444429,0.6325986305237069,10.0,0.0,1.0,12.0,0.0,1.0,2.0,1.0,0.0,29.0,,0.19,0.0,94.0,1.0,0.0,3.0,3.0,3.1875,1.0,1.0,0.0,,,,,0.0,1.0,23.0,24.0,,,,,,,
activemq@2,871,0,0.006283574957021641,0.6163690279785092,0.0704442985265921,2.0,3.0,1.0,1.0,0.0,0.0,3.0,4.0,1.0,35.0,,0.09,0.0,93.0,1.0,0.0,16.0,2.0,2.73333333333333,0.0,1.0,0.0,,,,,4.0,0.454649827784156,62.0,0.0,,,,,,,
activemq@2,877,0,0.0,0.7912087912087912,0.03548030916451969,3.0,2.0,1.0,5.0,0.0,0.0,3.0,6.0,0.0,19.0,,0.14,0.0,83.0,2.0,0.0,6.0,2.0,4.625,1.0,1.0,0.0,,,,,3.0,0.515723270440252,34.0,0.0,,,,,,,
activemq@2,893,0,0.0,0.7868131868131868,0.03295651716704348,0.0,0.0,1.0,0.0,0.0,0.0,1.0,1.0,0.0,4.0,,0.43,0.0,57.0,1.0,0.0,2.0,1.0,4.0,2.0,1.0,0.0,,,,,0.0,0.752941176470588,21.0,2.0,,,,,,,
activemq@2,909,0,0.0,0.7934065934065934,0.03689994216310005,0.0,0.0,1.0,1.0,0.0,1.0,3.0,4.0,16.0,20.0,,0.11,3.0,90.0,1.0,0.0,49.0,2.0,7.03571428571429,3.0,1.0,0.0,,,,,3.0,0.846645367412141,53.0,0.0,,,,,,,
activemq@2,916,12,0.03904019416670451,0.6251314672088921,0.12464444139156083,0.0,4.0,1.0,3.0,0.0,0.0,3.0,1.0,0.0,8.0,,0.26,1.0,77.0,1.0,0.0,17.0,1.0,4.18181818181818,1.0,1.0,0.0,,,,,0.0,0.621890547263682,21.0,0.0,,,,,,,
activemq@2,927,5,0.1977143246735208,0.7113869522386137,0.5330276266113398,0.0,0.0,1.0,2.0,0.0,1.0,2.0,3.0,9.0,25.0,,0.39,0.0,100.0,4.0,4.0,6.0,2.0,2.52083333333333,1.0,1.0,0.0,,,,,2.0,0.487364620938628,136.0,0.0,,,,,,,
activemq@2,928,0,0.0,0.7824175824175823,0.030937483569062518,1.0,0.0,1.0,1.0,0.0,3.0,2.0,1.0,6.0,0.0,,0.47,1.0,77.0,2.0,4.0,12.0,1.0,3.22222222222222,1.0,1.0,0.0,,,,,3.0,0.594117647058824,47.0,0.0,,,,,,,
activemq@2,929,4,0.05791672566403573,0.6841791536559473,0.21051444902994437,1.0,0.0,1.0,1.0,0.0,1.0,2.0,2.0,5.0,21.0,,0.35,0.0,93.0,4.0,4.0,10.0,2.0,2.06818181818182,0.0,0.0,0.0,,,,,2.0,0.404907975460123,108.0,0.0,,,,,,,
activemq@2,934,0,0.11713135170428073,0.6614244331352443,0.20423217974956917,1.0,0.0,1.0,5.0,9.0,4.0,2.0,1.0,4.0,0.0,,0.6,0.0,94.0,1.0,8.0,15.0,1.0,5.57142857142857,1.0,1.0,0.0,,,,,3.0,0.552188552188552,62.0,0.0,,,,,,,
activemq@2,960,11,0.0,0.7824175824175823,0.030937483569062518,0.0,0.0,1.0,1.0,0.0,1.0,2.0,1.0,6.0,0.0,,0.33,1.0,88.0,2.0,1.0,19.0,1.0,3.77777777777778,1.0,1.0,0.0,,,,,2.0,0.716763005780347,36.0,0.0,,,,,,,
activemq@2,962,0,0.0,0.789010989010989,0.03418686576581313,1.0,0.0,1.0,3.0,0.0,0.0,2.0,1.0,1.0,15.0,,0.18,0.0,89.0,1.0,1.0,8.0,3.0,2.46428571428571,0.0,0.0,0.0,,,,,1.0,0.681159420289855,45.0,2.0,,,,,,,
activemq@2,972,0,0.0,0.8043956043956044,0.04469214995530785,3.0,0.0,1.0,1.0,0.0,1.0,2.0,4.0,5.0,14.0,,0.23,0.0,85.0,2.0,4.0,3.0,2.0,6.08108108108108,1.0,1.0,0.0,,,,,1.0,0.659574468085106,71.0,0.0,,,,,,,
activemq@2,990,0,0.0,0.7846153846153847,0.031810294968189705,0.0,0.0,1.0,4.0,4.0,4.0,2.0,1.0,0.0,6.0,,0.59,0.0,91.0,1.0,0.0,0.0,1.0,6.375,1.0,1.0,0.0,,,,,1.0,0.52,57.0,2.0,,,,,,,
activemq@2,992,0,0.0,0.8021978021978022,0.04308323255691677,5.0,0.0,2.0,0.0,15.0,0.0,4.0,1.0,1.0,3.0,,0.08,1.0,100.0,1.0,0.0,1.0,1.0,6.75,0.0,1.0,0.0,,,,,2.0,0.547400611620795,21.0,0.0,,,,,,,
activemq@2,1014,4,0.001639344262295075,0.60327868852459,0.07235289459095588,3.0,0.0,1.0,0.0,15.0,1.0,3.0,2.0,0.0,6.0,,0.48,0.0,71.0,1.0,0.0,1.0,1.0,5.78260869565217,0.0,1.0,0.0,,,,,3.0,0.571428571428571,43.0,0.0,,,,,,,
activemq@2,1043,7,0.6437973595189453,1.3374045800370982,0.9332649690758942,0.0,0.0,1.0,1.0,2.0,2.0,2.0,1.0,0.0,5.0,,0.23,3.0,81.0,5.0,6.0,12.0,1.0,3.14516129032258,0.0,2.0,0.0,,,,,1.0,0.475270039795338,62.0,0.0,,,,,,,
activemq@2,1054,0,0.0,0.789010989010989,0.03418686576581313,0.0,0.0,1.0,3.0,1.0,1.0,2.0,1.0,12.0,6.0,,0.13,4.0,76.0,5.0,1.0,13.0,1.0,4.89473684210526,0.0,1.0,0.0,,,,,3.0,0.741992882562278,50.0,2.0,,,,,,,
activemq@2,1059,0,0.0,0.7956043956043956,0.03838266996161733,0.0,0.0,1.0,0.0,2.0,3.0,1.0,2.0,3.0,5.0,,0.29,2.0,83.0,5.0,0.0,14.0,2.0,3.25,0.0,2.0,0.0,,,,,3.0,0.928571428571429,52.0,2.0,,,,,,,
activemq@2,1061,4,0.12972047954956406,0.564460631826396,0.3154263591406998,0.0,0.0,1.0,1.0,0.0,0.0,1.0,1.0,11.0,14.0,,2.25,0.0,87.0,3.0,3.0,4.0,1.0,1.9,1.0,0.0,0.0,,,,,0.0,0.790960451977401,19.0,0.0,,,,,,,
activemq@2,1103,0,0.0,0.8285714285714286,0.06474578053525422,1.0,0.0,1.0,5.0,0.0,0.0,2.0,6.0,6.0,8.0,,0.09,2.0,85.0,2.0,0.0,6.0,3.0,3.05,0.0,0.0,0.0,,,,,1.0,0.413793103448276,28.0,2.0,,,,,,,
activemq@2,1165,0,0.09090909090909093,0.909090909090909,0.5563380281690141,0.0,0.0,1.0,0.0,2.0,0.0,1.0,2.0,1.0,8.0,,0.16,0.0,95.0,5.0,0.0,4.0,2.0,1.25862068965517,0.0,0.0,0.0,,,,,2.0,0.757028112449799,54.0,0.0,,,,,,,
activemq@2,1255,0,0.0,0.7824175824175823,0.030937483569062518,0.0,0.0,1.0,2.0,0.0,0.0,1.0,2.0,9.0,10.0,,0.14,0.0,79.0,2.0,2.0,4.0,2.0,3.07142857142857,0.0,1.0,0.0,,,,,3.0,0.52803738317757,23.0,0.0,,,,,,,
activemq@2,1467,0,0.006593406593406593,0.887912087912088,0.12051106787948894,2.0,0.0,1.0,1.0,0.0,0.0,1.0,1.0,6.0,11.0,,0.06,5.0,82.0,4.0,2.0,16.0,1.0,4.4375,1.0,1.0,0.0,,,,,1.0,0.493445692883895,46.0,0.0,,,,,,,
activemq@2,1535,0,0.0,0.8087912087912087,0.04801514275198486,3.0,1.0,1.0,3.0,0.0,5.0,2.0,6.0,0.0,1.0,,0.41,5.0,79.0,5.0,2.0,10.0,2.0,1.91304347826087,1.0,1.0,0.0,,,,,1.0,0.514469453376206,140.0,0.0,,,,,,,
activemq@2,1732,0,0.0,0.789010989010989,0.03418686576581313,5.0,0.0,1.0,5.0,2.0,2.0,3.0,3.0,4.0,13.0,,0.21,1.0,84.0,1.0,0.0,8.0,2.0,4.25,0.0,0.0,0.0,,,,,3.0,0.420886075949367,49.0,0.0,,,,,,,
activemq@2,1744,0,0.008791208791208802,0.8395604395604396,0.07468321152531679,2.0,0.0,1.0,0.0,0.0,4.0,1.0,1.0,1.0,3.0,,0.94,0.0,79.0,1.0,0.0,6.0,5.0,2.60869565217391,0.0,1.0,0.0,,,,,1.0,0.681818181818182,125.0,0.0,,,,,,,
activemq@2,1866,6,0.1032839447628097,0.7744515552364384,0.26730645876327364,0.0,0.0,1.0,0.0,0.0,0.0,2.0,1.0,2.0,0.0,,0.26,0.0,0.0,1.0,2.0,10.0,2.0,2.25,0.0,1.0,0.0,,,,,0.0,0.605263157894737,21.0,0.0,,,,,,,
activemq@2,1940,0,0.0,0.8175824175824176,0.055144855144855155,0.0,0.0,1.0,0.0,0.0,3.0,1.0,1.0,0.0,1.0,,1.3,0.0,0.0,1.0,0.0,9.0,2.0,1.53658536585366,1.0,1.0,0.0,,,,,1.0,0.809264305177112,182.0,0.0,,,,,,,
activemq@2,1942,0,0.08791208791208799,1.087912087912088,0.3194384562805616,20.0,1.0,1.0,9.0,0.0,0.0,2.0,30.0,11.0,53.0,,0.13,0.0,100.0,2.0,2.0,35.0,2.0,3.98387096774194,0.0,0.0,0.0,,,,,2.0,0.969341161121983,155.0,0.0,,,,,,,
activemq@2,1949,0,0.0,0.8,0.04149534675850465,0.0,0.0,1.0,2.0,0.0,0.0,3.0,1.0,1.0,4.0,,0.18,2.0,62.0,2.0,0.0,3.0,1.0,3.25,2.0,6.0,0.0,,,,,0.0,0.570422535211268,19.0,2.0,,,,,,,
activemq@2,1950,12,3.995810082145188e-18,0.6475409836065574,0.03160687415854914,0.0,0.0,1.0,2.0,0.0,1.0,1.0,3.0,2.0,3.0,,0.26,2.0,46.0,5.0,0.0,4.0,2.0,2.75,1.0,2.0,0.0,,,,,1.0,0.577181208053691,22.0,23.0,,,,,,,
activemq@2,1957,0,0.0,0.7868131868131868,0.03295651716704348,0.0,0.0,1.0,0.0,0.0,0.0,2.0,1.0,7.0,8.0,,0.21,0.0,78.0,2.0,0.0,6.0,1.0,3.58333333333333,1.0,2.0,0.0,,,,,0.0,0.948717948717949,24.0,2.0,,,,,,,
activemq@2,1996,0,0.0,0.7846153846153847,0.031810294968189705,0.0,0.0,1.0,0.0,0.0,0.0,1.0,2.0,3.0,1.0,,0.36,1.0,25.0,2.0,2.0,8.0,2.0,0.625,0.0,1.0,0.0,,,,,0.0,1.0,21.0,2.0,,,,,,,
activemq@2,1998,4,0.034151378230620956,0.6223075535332221,0.12103008846295901,2.0,1.0,1.0,1.0,0.0,0.0,1.0,7.0,0.0,12.0,,0.26,1.0,75.0,2.0,0.0,8.0,2.0,2.83333333333333,1.0,2.0,0.0,,,,,0.0,1.0,27.0,0.0,,,,,,,
activemq@2,2004,0,0.017582417582417572,0.9824175824175824,0.2141122035858878,2.0,0.0,1.0,1.0,2.0,0.0,2.0,8.0,3.0,9.0,,0.09,1.0,81.0,4.0,0.0,11.0,2.0,2.41176470588235,0.0,1.0,0.0,,,,,0.0,0.632786885245902,22.0,0.0,,,,,,,
activemq@2,2005,7,0.0,1.0,0.19803370786516858,1.0,0.0,1.0,1.0,2.0,0.0,1.0,10.0,4.0,6.0,,0.11,1.0,78.0,4.0,0.0,6.0,2.0,2.05263157894737,0.0,1.0,0.0,,,,,1.0,0.918819188191882,22.0,91.0,,,,,,,
activemq@2,2032,0,0.0,0.8,0.04149534675850465,0.0,0.0,1.0,1.0,0.0,0.0,5.0,1.0,1.0,6.0,,0.15,5.0,61.0,2.0,0.0,8.0,1.0,2.66666666666667,1.0,2.0,0.0,,,,,0.0,1.0,17.0,2.0,,,,,,,
activemq@2,2042,0,0.0,0.7912087912087912,0.03548030916451969,16.0,0.0,1.0,0.0,5.0,0.0,3.0,4.0,0.0,14.0,,0.13,0.0,77.0,2.0,0.0,8.0,2.0,4.84,0.0,0.0,0.0,,,,,0.0,1.0,75.0,2.0,,,,,,,
activemq@2,2049,1,0.0593406593406593,0.9406593406593406,0.17275356222724642,5.0,6.0,2.0,16.0,2.0,0.0,2.0,3.0,1.0,21.0,,0.11,0.0,94.0,1.0,1.0,16.0,2.0,3.78571428571429,0.0,1.0,0.0,,,,,1.0,0.974965229485396,61.0,0.0,,,,,,,
activemq@3,75,6,1.18073836613497,1.6409727864923536,1.3910037144950254,8.0,2.0,1.0,5.0,3.0,4.0,2.0,8.0,25.0,75.0,170.0,0.63,0.0,98.0,1.0,2.0,10.0,9.0,6.66829268292683,0.0,0.0,0.0,,0.0,,,0.0,0.416447615471273,,,1.2,,,,,,
activemq@3,77,9,0.22929538438832994,0.7563269496551367,0.4669977776917392,1.0,0.0,1.0,5.0,1.0,2.0,1.0,1.0,9.0,48.0,109.0,0.5,0.0,98.0,2.0,5.0,10.0,6.0,12.5126050420168,1.0,1.0,0.0,,1.0,,,0.0,0.413823272090989,,,1.2,,,,,,
activemq@3,82,0,0.36887152593924344,0.9411995852110391,0.49014672168867207,16.0,6.0,1.0,1.0,0.0,3.0,3.0,10.0,8.0,34.0,0.0,0.28,0.0,0.0,2.0,4.0,38.0,4.0,1.0,0.0,1.0,0.0,,0.666666666666667,,,6.0,0.310502283105023,,,6.67948717948718,,,,,,
activemq@3,92,8,0.6227500475891373,1.071728795623906,0.7376213195641523,1.0,4.0,1.0,3.0,0.0,8.0,2.0,1.0,24.0,24.0,1.0,1.27,0.0,95.0,1.0,1.0,55.0,6.0,1.5,0.0,0.0,0.0,,1.0,,,6.0,1.0,,,4.27678571428571,,,,,,
activemq@3,101,6,0.159542225766294,0.7691202068480911,0.30122130535209196,1.0,0.0,1.0,2.0,0.0,0.0,3.0,1.0,6.0,7.0,0.0,1.25,0.0,91.0,2.0,0.0,31.0,1.0,0.0,1.0,1.0,0.0,,0.333333333333333,,,2.0,0.353146853146853,,,7.91176470588235,,,,,,
activemq@3,132,15,0.4404829111272736,1.0204641996804795,0.5374245641226343,0.0,0.0,1.0,0.0,0.0,0.0,1.0,1.0,0.0,1.0,0.0,0.1,0.0,0.0,1.0,20.0,28.0,2.0,0.0,1.0,1.0,0.0,,1.0,,,3.0,0.341614906832298,,,1.41538461538462,,,,,,
activemq@3,136,11,0.4786069677971623,0.7770843337396794,0.5992197678200567,7.0,0.0,1.0,7.0,0.0,1.0,2.0,13.0,32.0,100.0,215.0,0.24,0.0,100.0,1.0,3.0,80.0,2.0,16.7952755905512,0.0,0.0,0.0,,1.0,,,0.0,1.0,,,0.0,,,,,,
activemq@3,147,17,0.3680675405052292,0.7768084892829118,0.5402694950466935,0.0,0.0,1.0,0.0,0.0,0.0,1.0,1.0,0.0,0.0,64.0,0.24,0.0,0.0,1.0,2.0,0.0,2.0,0.046875,0.0,0.0,0.0,,1.0,,,2.0,0.654605263157895,,,0.40625,,,,,,
activemq@3,148,12,0.5145956549772995,1.1189621490344424,0.710943137784446,0.0,0.0,1.0,0.0,0.0,0.0,1.0,1.0,0.0,1.0,4.0,1.91,0.0,6.0,1.0,2.0,29.0,2.0,0.984615384615385,0.0,1.0,0.0,,1.0,,,3.0,0.354938271604938,,,1.35384615384615,,,,,,
activemq@3,153,13,0.04039068541125114,0.8856369366083671,0.1463117769768591,1.0,0.0,1.0,1.0,0.0,0.0,1.0,1.0,0.0,4.0,71.0,0.09,0.0,50.0,1.0,0.0,25.0,2.0,0.0,1.0,1.0,0.0,,0.666666666666667,,,3.0,0.267241379310345,,,3.59722222222222,,,,,,
activemq@3,181,9,0.05357142857142857,0.9464285714285713,0.2610012755102041,1.0,2.0,1.0,1.0,2.0,0.0,1.0,13.0,29.0,0.0,14.0,0.04,0.0,75.0,3.0,6.0,22.0,2.0,3.73913043478261,0.0,0.0,0.0,,0.333333333333333,,,2.0,0.472118959107807,,,3.41304347826087,,,,,,
activemq@3,193,14,0.44246812531158053,0.9439767101574418,0.5350456799234931,0.0,0.0,1.0,0.0,0.0,0.0,1.0,1.0,0.0,1.0,2.0,0.1,0.0,75.0,1.0,3.0,28.0,2.0,0.0,0.0,1.0,0.0,,1.0,,,3.0,0.351351351351351,,,2.35820895522388,,,,,,
activemq@3,199,6,0.7369725658013101,1.1717698149388007,0.9093239168738867,0.0,0.0,1.0,6.0,0.0,1.0,1.0,1.0,9.0,43.0,0.0,0.4,0.0,0.0,1.0,0.0,29.0,2.0,3.0,0.0,0.0,0.0,,0.5,,,2.0,0.5,,,2.01052631578947,,,,,,
activemq@3,203,10,0.0,0.8695652173913044,0.2844202898550725,0.0,0.0,1.0,0.0,1.0,0.0,1.0,1.0,2.0,12.0,50.0,0.35,0.0,93.0,1.0,5.0,10.0,2.0,2.80769230769231,0.0,0.0,0.0,,1.0,,,1.0,0.724852071005917,,,1.19230769230769,,,,,,
activemq@3,204,9,0.0,0.5846994535519127,0.09200624512099922,2.0,0.0,1.0,1.0,0.0,0.0,2.0,1.0,8.0,8.0,20.0,0.12,0.0,75.0,2.0,2.0,9.0,2.0,3.53333333333333,0.0,0.0,0.0,,1.0,,,2.0,0.636075949367089,,,3.96666666666667,,,,,,
activemq@3,205,13,0.002527706230006976,0.7420097829723936,0.2634593812768104,2.0,1.0,2.0,2.0,0.0,1.0,3.0,2.0,6.0,12.0,27.0,0.17,0.0,87.0,2.0,0.0,20.0,2.0,4.02777777777778,0.0,1.0,0.0,,0.5,,,1.0,1.0,,,6.08333333333333,,,,,,
activemq@3,215,16,0.3420046110338514,0.7450833914028335,0.5584331092605967,0.0,0.0,1.0,0.0,0.0,0.0,1.0,1.0,1.0,1.0,65.0,1.91,0.0,1.0,1.0,4.0,0.0,2.0,1.89393939393939,1.0,1.0,0.0,,0.5,,,1.0,0.9,,,1.5,,,,,,
activemq@3,218,3,0.08921142773416164,0.7153538872175371,0.2479734746822412,0.0,0.0,1.0,1.0,0.0,0.0,2.0,1.0,7.0,6.0,6.0,0.11,0.0,75.0,3.0,0.0,26.0,2.0,4.53846153846154,0.0,0.0,0.0,,0.5,,,2.0,0.252747252747253,,,5.5,,,,,,
activemq@3,255,15,0.5895584027396185,1.3417678285462638,0.8872144671211967,0.0,0.0,1.0,1.0,0.0,1.0,1.0,1.0,0.0,8.0,114.0,0.34,0.0,11.0,2.0,0.0,10.0,1.0,4.07017543859649,1.0,1.0,0.0,,0.666666666666667,,,3.0,0.538638985005767,,,2.23684210526316,,,,,,
activemq@3,271,3,0.29921251040105357,0.9541615134366707,0.4247708302285324,1.0,1.0,2.0,1.0,0.0,2.0,3.0,4.0,11.0,0.0,0.0,0.19,0.0,89.0,2.0,2.0,27.0,2.0,0.0,0.0,0.0,0.0,,0.5,,,2.0,0.347517730496454,,,5.36170212765957,,,,,,
activemq@3,272,7,0.6454236271446266,1.160511912786368,0.7375617268133018,16.0,6.0,1.0,1.0,0.0,1.0,3.0,15.0,10.0,0.0,0.0,0.14,0.0,94.0,2.0,1.0,58.0,3.0,0.0,0.0,0.0,0.0,,0.6,,,3.0,1.0,,,7.15789473684211,,,,,,
activemq@3,279,6,0.48771231596514986,0.9559083450107244,0.6813678265931165,1.0,0.0,1.0,3.0,0.0,0.0,2.0,2.0,11.0,24.0,0.0,1.25,0.0,95.0,2.0,1.0,48.0,2.0,2.6,0.0,0.0,0.0,,0.5,,,0.0,0.240831295843521,,,3.825,,,,,,
activemq@3,286,4,0.23068679595898864,0.7993297616541025,0.4459752565087436,4.0,1.0,1.0,1.0,0.0,1.0,3.0,7.0,4.0,5.0,38.0,0.13,1.0,86.0,2.0,1.0,43.0,2.0,2.6,0.0,0.0,0.0,,0.5,,,3.0,1.0,,,6.04255319148936,,,,,,
activemq@3,287,12,0.22979719009459176,0.952467868832229,0.46875213582034064,2.0,0.0,2.0,1.0,0.0,0.0,3.0,2.0,4.0,6.0,12.0,0.11,0.0,84.0,2.0,1.0,27.0,2.0,2.0,0.0,1.0,0.0,,1.0,,,2.0,1.0,,,8.88888888888889,,,,,,
activemq@3,303,0,0.6491531236932868,1.0725663186295786,0.7407127867989363,10.0,0.0,1.0,3.0,0.0,1.0,3.0,5.0,16.0,40.0,1.0,0.12,0.0,66.0,1.0,1.0,72.0,4.0,2.6,0.0,1.0,0.0,,0.333333333333333,,,3.0,1.0,,,6.1588785046729,,,,,,
activemq@3,312,16,0.3977772423641487,0.9649668938943735,0.4954610189877786,0.0,0.0,1.0,1.0,0.0,0.0,2.0,1.0,0.0,8.0,0.0,0.1,0.0,89.0,3.0,0.0,25.0,1.0,2.4,1.0,1.0,0.0,,1.0,,,3.0,0.732348111658456,,,4.55,,,,,,
activemq@3,328,7,0.09311364058106272,0.9188233885910457,0.2597434962696774,1.0,1.0,1.0,0.0,2.0,0.0,2.0,13.0,7.0,1.0,71.0,0.08,0.0,97.0,3.0,11.0,13.0,3.0,0.0,0.0,0.0,0.0,,0.666666666666667,,,3.0,0.536423841059603,,,2.95,,,,,,
activemq@3,551,11,0.4724508387065831,1.0167035212004258,0.7104852160542542,15.0,0.0,2.0,2.0,1.0,1.0,3.0,13.0,25.0,2.0,0.0,0.11,0.0,0.0,1.0,2.0,63.0,3.0,1.0,0.0,1.0,0.0,,0.466666666666667,,,3.0,0.328331332533013,,,4.7,,,,,,
activemq@3,816,2,0.08143093130849927,0.7634587879486175,0.25104245904169564,1.0,0.0,1.0,0.0,0.0,0.0,3.0,4.0,5.0,12.0,43.0,0.12,0.0,66.0,2.0,1.0,29.0,2.0,1.5,1.0,1.0,0.0,,1.0,,,3.0,0.321789321789322,,,5.3265306122449,,,,,,
activemq@3,835,6,0.24414402683912373,0.6397703049283411,0.35200190049489727,1.0,0.0,1.0,2.0,6.0,0.0,3.0,1.0,4.0,6.0,44.0,0.32,0.0,77.0,1.0,8.0,13.0,2.0,5.4,1.0,1.0,0.0,,0.5,,,1.0,1.0,,,3.0,,,,,,
activemq@3,849,9,0.0,0.5063559322033898,0.03839453860640301,0.0,0.0,1.0,1.0,0.0,0.0,3.0,1.0,0.0,8.0,10.0,0.24,0.0,73.0,3.0,1.0,5.0,1.0,4.2,1.0,1.0,0.0,,0.666666666666667,,,0.0,0.194690265486726,,,4.5,,,,,,
activemq@3,852,1,0.0,0.8571428571428571,0.3050887021475256,1.0,3.0,1.0,2.0,0.0,0.0,2.0,4.0,1.0,8.0,17.0,0.15,0.0,64.0,2.0,1.0,16.0,2.0,4.54545454545455,0.0,0.0,0.0,,1.0,,,0.0,0.327485380116959,,,6.09090909090909,,,,,,
activemq@3,853,14,0.5092597394397776,0.9856275880191473,0.6057319811731746,3.0,1.0,1.0,4.0,1.0,0.0,2.0,5.0,2.0,20.0,0.0,0.16,0.0,100.0,4.0,1.0,32.0,2.0,0.0,0.0,0.0,0.0,,0.5,,,4.0,0.312883435582822,,,3.22222222222222,,,,,,
activemq@3,855,4,0.8218202860608128,1.2647378999974654,0.9210911373173768,0.0,0.0,1.0,0.0,0.0,0.0,1.0,1.0,0.0,8.0,0.0,0.87,0.0,98.0,1.0,0.0,0.0,1.0,2.52755905511811,1.0,1.0,0.0,,1.0,,,1.0,0.480868665977249,,,1.96850393700787,,,,,,
activemq@3,856,8,0.0063559322033899315,0.6440677966101693,0.16999260156039817,1.0,0.0,1.0,1.0,0.0,0.0,3.0,1.0,0.0,8.0,14.0,0.87,0.0,77.0,1.0,0.0,4.0,1.0,8.73333333333333,2.0,1.0,0.0,,1.0,,,4.0,0.614107883817427,,,3.86666666666667,,,,,,
activemq@3,858,6,0.27313829051403143,0.7893805893576653,0.3704515600399625,4.0,1.0,1.0,1.0,0.0,1.0,2.0,6.0,3.0,22.0,0.0,0.19,0.0,93.0,1.0,0.0,34.0,5.0,0.0,0.0,0.0,0.0,,1.0,,,5.0,0.52437417654809,,,0.0,,,,,,
activemq@3,885,0,0.7443872777754326,1.2763244569818932,0.8572497336694586,4.0,8.0,1.0,6.0,0.0,0.0,2.0,27.0,11.0,5.0,7.0,0.08,0.0,75.0,3.0,3.0,38.0,3.0,1.5,0.0,0.0,0.0,,0.5,,,4.0,0.408675799086758,,,4.55737704918033,,,,,,
activemq@3,886,7,1.037017211599418,1.6334837611851032,1.348459625575141,23.0,34.0,1.0,16.0,0.0,0.0,0.0,43.0,2.0,1.0,146.0,0.08,0.0,50.0,2.0,2.0,7.0,2.0,4.3594470046083,0.0,0.0,0.0,,0.4,,,1.0,0.352900312608545,,,4.31336405529954,,,,,,
activemq@3,887,13,0.0,0.6830601092896176,0.1829664324746292,0.0,4.0,1.0,0.0,0.0,0.0,1.0,16.0,0.0,3.0,58.0,0.09,0.0,75.0,3.0,1.0,18.0,2.0,2.5,0.0,0.0,0.0,,1.0,,,2.0,0.96545768566494,,,3.37096774193548,,,,,,
activemq@3,901,0,0.0,0.5148305084745761,0.04586696260425074,0.0,0.0,1.0,0.0,0.0,0.0,1.0,1.0,0.0,1.0,34.0,0.24,0.0,0.0,1.0,4.0,8.0,2.0,3.23529411764706,1.0,1.0,0.0,,1.0,,,3.0,0.280193236714976,,,1.38235294117647,,,,,,
activemq@3,941,12,0.41167603439012446,0.7935998344545916,0.5350521580670579,10.0,3.0,1.0,3.0,0.0,0.0,3.0,4.0,2.0,48.0,0.0,0.16,0.0,95.0,1.0,0.0,19.0,2.0,3.38888888888889,0.0,1.0,0.0,,1.0,,,0.0,0.326880119136262,,,0.0,,,,,,
activemq@3,980,6,0.4001623493720038,1.0187783365549168,0.6837935128607566,0.0,0.0,1.0,4.0,0.0,1.0,4.0,6.0,19.0,2.0,0.0,0.07,3.0,0.0,1.0,0.0,60.0,2.0,1.0,1.0,1.0,0.0,,0.5,,,4.0,0.449636552440291,,,8.76315789473684,,,,,,
activemq@3,990,0,0.0,0.8181818181818181,0.27029220779220775,0.0,4.0,1.0,1.0,0.0,0.0,3.0,1.0,0.0,8.0,8.0,0.13,1.0,76.0,1.0,1.0,19.0,1.0,5.25,2.0,1.0,0.0,,0.5,,,0.0,0.411016949152542,,,6.33333333333333,,,,,,
activemq@3,1004,14,0.251520985415248,1.0341027869791695,0.537494168698131,1.0,0.0,1.0,1.0,0.0,1.0,2.0,2.0,5.0,20.0,7.0,0.35,0.0,93.0,4.0,10.0,16.0,2.0,2.13636363636364,0.0,0.0,0.0,,1.0,,,3.0,1.0,,,2.38636363636364,,,,,,
activemq@3,1037,18,0.01579632458774205,0.975995126930381,0.49594575144774455,0.0,0.0,1.0,2.0,0.0,0.0,2.0,1.0,2.0,14.0,34.0,0.2,0.0,90.0,1.0,1.0,7.0,3.0,4.30555555555556,0.0,0.0,0.0,,1.0,,,2.0,0.9,,,2.75,,,,,,
activemq@3,1047,15,0.06771518444380906,1.067715184443809,0.16540960411171585,1.0,0.0,1.0,1.0,0.0,1.0,2.0,3.0,6.0,14.0,32.0,0.24,0.0,86.0,2.0,5.0,3.0,2.0,2.4,1.0,1.0,0.0,,1.0,,,2.0,0.621103117505995,,,2.41025641025641,,,,,,
activemq@3,1066,7,0.07970692463142849,0.5831565251082644,0.25886552327843904,0.0,0.0,1.0,4.0,4.0,4.0,2.0,1.0,0.0,7.0,8.0,0.87,0.0,89.0,1.0,0.0,1.0,1.0,8.125,1.0,1.0,0.0,,0.0,,,3.0,0.440217391304348,,,3.5,,,,,,
activemq@3,1137,10,0.05481609396539809,0.8896179640470165,0.12735242081960313,1.0,0.0,1.0,4.0,1.0,1.0,2.0,1.0,17.0,6.0,21.0,0.08,5.0,50.0,5.0,1.0,26.0,1.0,2.4,0.0,0.0,0.0,,1.0,,,3.0,0.61216429699842,,,12.2564102564103,,,,,,
activemq@3,1142,0,0.0,0.8571428571428571,0.3050887021475256,0.0,0.0,1.0,0.0,2.0,3.0,1.0,2.0,3.0,5.0,9.0,0.29,2.0,83.0,5.0,0.0,14.0,2.0,3.33333333333333,0.0,2.0,0.0,,1.0,,,2.0,0.928571428571429,,,7.41666666666667,,,,,,
activemq@3,1161,8,0.10439048298789355,0.6825412452484394,0.39083577499402017,1.0,0.0,1.0,13.0,0.0,0.0,2.0,5.0,6.0,7.0,14.0,0.18,1.0,50.0,3.0,1.0,16.0,2.0,2.4,0.0,2.0,0.0,,0.0,,,1.0,0.707142857142857,,,5.95238095238095,,,,,,
activemq@3,1167,17,0.004958677685950368,0.7024793388429752,0.13503530437864292,1.0,0.0,1.0,1.0,0.0,0.0,1.0,1.0,1.0,5.0,3.0,0.24,1.0,70.0,2.0,4.0,19.0,1.0,3.2,1.0,1.0,0.0,,1.0,,,0.0,1.0,,,7.7,,,,,,
activemq@3,1201,12,0.056059220517778494,0.5282936934151272,0.19584003818580972,6.0,0.0,1.0,6.0,0.0,0.0,2.0,14.0,1.0,27.0,28.0,0.24,0.0,91.0,3.0,9.0,7.0,2.0,3.77142857142857,0.0,0.0,0.0,,1.0,,,1.0,0.994230769230769,,,4.85714285714286,,,,,,
activemq@3,1212,7,0.07666998083486075,1.0197730876076851,0.4009658629461383,1.0,0.0,1.0,5.0,2.0,0.0,2.0,7.0,6.0,5.0,18.0,0.08,1.0,87.0,4.0,0.0,14.0,3.0,2.92,0.0,0.0,0.0,,0.0,,,1.0,0.48590021691974,,,6.4,,,,,,
activemq@3,1282,0,0.0,0.5063559322033898,0.03839453860640301,0.0,0.0,1.0,1.0,1.0,3.0,4.0,1.0,1.0,1.0,10.0,0.24,7.0,86.0,5.0,0.0,9.0,1.0,2.72727272727273,0.0,1.0,0.0,,1.0,,,3.0,0.563192904656319,,,12.2727272727273,,,,,,
activemq@3,1610,1,0.0,1.0,0.1997961715703651,1.0,0.0,1.0,0.0,5.0,0.0,2.0,2.0,11.0,8.0,1.0,0.23,0.0,100.0,4.0,49.0,17.0,1.0,9.09523809523809,0.0,1.0,0.0,,1.0,,,3.0,0.431192660550459,,,3.04761904761905,,,,,,
activemq@3,1645,8,0.4772411089548053,0.9964831912151267,0.7064874810190946,0.0,0.0,1.0,1.0,0.0,0.0,1.0,6.0,6.0,0.0,83.0,0.04,5.0,89.0,2.0,4.0,22.0,2.0,0.0,0.0,1.0,0.0,,0.666666666666667,,,6.0,1.0,,,9.61458333333333,,,,,,
activemq@3,1692,5,0.017857142857142867,0.8214285714285713,0.1371173469387755,1.0,0.0,1.0,1.0,2.0,0.0,2.0,24.0,5.0,3.0,35.0,0.05,1.0,75.0,4.0,0.0,13.0,2.0,2.39024390243902,0.0,1.0,0.0,,1.0,,,1.0,0.6,,,6.17073170731707,,,,,,
activemq@3,1882,2,0.0,0.7857142857142856,0.1020408163265306,0.0,1.0,1.0,1.0,0.0,4.0,1.0,2.0,2.0,5.0,34.0,0.99,0.0,89.0,1.0,2.0,6.0,3.0,4.43243243243243,0.0,0.0,0.0,,0.4,,,6.0,0.617234468937876,,,2.43243243243243,,,,,,
activemq@3,1925,0,0.0,0.8999999999999999,0.8406681552966139,1.0,0.0,1.0,2.0,1.0,2.0,2.0,2.0,1.0,13.0,14.0,0.31,0.0,80.0,1.0,0.0,4.0,5.0,4.0,1.0,1.0,0.0,,0.5,,,3.0,0.660583941605839,,,3.5,,,,,,
activemq@3,2004,8,0.0,0.7692307692307692,0.2811671087533156,0.0,0.0,1.0,0.0,0.0,3.0,2.0,1.0,2.0,0.0,21.0,0.11,0.0,0.0,1.0,2.0,13.0,2.0,2.43478260869565,0.0,1.0,0.0,,0.857142857142857,,,1.0,0.449781659388646,,,4.43478260869565,,,,,,
activemq@3,2013,0,0.0,0.8571428571428571,0.3050887021475256,0.0,0.0,2.0,1.0,0.0,6.0,7.0,2.0,6.0,6.0,3.0,0.3,5.0,73.0,3.0,1.0,6.0,1.0,4.44444444444444,1.0,2.0,0.0,,1.0,,,2.0,0.352030947775629,,,13.5555555555556,,,,,,
activemq@3,2015,0,0.0,1.0,0.44654528478057887,0.0,1.0,2.0,2.0,0.0,3.0,4.0,2.0,10.0,8.0,4.0,0.28,1.0,84.0,3.0,0.0,6.0,2.0,3.93333333333333,0.0,1.0,0.0,,0.666666666666667,,,2.0,0.407228915662651,,,7.2,,,,,,
activemq@3,2122,3,0.00801090983409541,0.5595883967604928,0.1774978969676799,10.0,10.0,1.0,13.0,1.0,0.0,3.0,17.0,4.0,37.0,28.0,0.16,1.0,93.0,3.0,2.0,32.0,2.0,2.6,1.0,0.0,0.0,,0.933333333333333,,,0.0,0.981990521327014,,,7.98076923076923,,,,,,
activemq@3,2154,13,0.0,0.7272727272727273,0.18425324675324672,0.0,0.0,1.0,1.0,0.0,1.0,5.0,1.0,2.0,8.0,6.0,0.1,4.0,71.0,2.0,0.0,26.0,2.0,9.75,1.0,2.0,0.0,,0.666666666666667,,,1.0,0.55448717948718,,,14.25,,,,,,
activemq@3,2171,6,0.3036738311015096,1.160180978622527,0.5888640353673725,0.0,0.0,1.0,2.0,0.0,3.0,2.0,4.0,17.0,0.0,61.0,0.38,0.0,100.0,3.0,1.0,11.0,3.0,0.0,0.0,1.0,0.0,,1.0,,,2.0,0.986795774647887,,,2.67948717948718,,,,,,
activemq@3,2190,4,0.02732240437158471,0.9726775956284154,0.4645901639344262,0.0,6.0,1.0,6.0,17.0,1.0,3.0,2.0,10.0,5.0,3.0,0.16,2.0,11.0,1.0,0.0,1.0,1.0,5.52631578947368,2.0,1.0,0.0,,1.0,,,1.0,0.498614958448753,,,5.05263157894737,,,,,,
activemq@3,2201,1,0.04838709677419356,1.0483870967741935,0.24818326834455867,0.0,0.0,2.0,1.0,0.0,1.0,3.0,2.0,8.0,10.0,2.0,0.15,2.0,84.0,6.0,3.0,11.0,2.0,4.42857142857143,0.0,1.0,0.0,,1.0,,,1.0,0.48951048951049,,,5.47619047619048,,,,,,
activemq@3,2254,15,0.19999999999999982,1.1999999999999997,1.1399408825693405,19.0,0.0,1.0,0.0,5.0,0.0,3.0,4.0,0.0,14.0,35.0,0.15,0.0,78.0,2.0,0.0,8.0,2.0,4.88888888888889,0.0,0.0,0.0,,0.0,,,1.0,0.989195678271308,,,3.68518518518519,,,,,,
activemq@3,2282,1,0.31742076824969057,1.0564219213692874,0.49260408343098205,1.0,14.0,1.0,1.0,0.0,0.0,2.0,12.0,1.0,1.0,6.0,0.11,0.0,73.0,1.0,3.0,20.0,2.0,3.03571428571429,0.0,0.0,0.0,,1.0,,,0.0,0.806451612903226,,,3.19642857142857,,,,,,
activemq@3,2283,1,0.010928961748633882,0.6174863387978143,0.1217954722872756,13.0,0.0,1.0,2.0,0.0,0.0,2.0,3.0,0.0,6.0,32.0,0.12,0.0,75.0,2.0,0.0,23.0,3.0,2.73333333333333,0.0,0.0,0.0,,0.666666666666667,,,0.0,0.839400428265525,,,3.44444444444444,,,,,,
activemq@3,2289,1,0.0,0.8196721311475411,0.3140202966432475,1.0,23.0,1.0,3.0,0.0,0.0,2.0,16.0,3.0,12.0,34.0,0.17,0.0,50.0,2.0,0.0,16.0,3.0,3.18032786885246,1.0,1.0,0.0,,1.0,,,2.0,0.851251840942563,,,4.14754098360656,,,,,,
activemq@3,2290,0,0.0,0.8999999999999999,0.8406681552966139,1.0,10.0,1.0,4.0,0.0,0.0,2.0,8.0,3.0,18.0,25.0,0.05,0.0,89.0,2.0,0.0,12.0,2.0,3.69230769230769,1.0,1.0,0.0,,0.0,,,0.0,0.894865525672372,,,3.76923076923077,,,,,,
activemq@3,2293,1,0.0,0.782608695652174,0.20169082125603863,0.0,1.0,1.0,2.0,0.0,1.0,3.0,3.0,3.0,1.0,16.0,0.08,4.0,100.0,3.0,0.0,7.0,2.0,3.35,0.0,0.0,0.0,,1.0,,,0.0,0.648739495798319,,,11.8,,,,,,
activemq@3,2311,0,0.0,1.0,0.939940882569341,3.0,18.0,1.0,5.0,0.0,0.0,3.0,5.0,0.0,22.0,14.0,0.08,1.0,93.0,1.0,0.0,34.0,2.0,4.65714285714286,1.0,1.0,0.0,,0.0,,,0.0,0.846590909090909,,,7.74285714285714,,,,,,
activemq@3,2357,0,0.0,0.8999999999999999,0.8406681552966139,0.0,0.0,1.0,1.0,0.0,0.0,1.0,1.0,3.0,1.0,5.0,0.08,8.0,68.0,2.0,3.0,8.0,1.0,3.75,1.0,1.0,0.0,,0.5,,,0.0,1.0,,,10.5,,,,,,
activemq@3,2437,0,0.19999999999999982,1.1999999999999997,1.1399408825693405,0.0,0.0,1.0,2.0,4.0,1.0,2.0,6.0,6.0,27.0,29.0,0.13,3.0,83.0,2.0,0.0,8.0,2.0,4.4,1.0,1.0,0.0,,0.0,,,1.0,0.885558583106267,,,5.74285714285714,,,,,,
activemq@3,2547,0,0.0,0.5628415300546449,0.07420765027322405,2.0,0.0,1.0,4.0,0.0,0.0,1.0,9.0,0.0,3.0,18.0,0.12,2.0,75.0,1.0,0.0,6.0,2.0,3.75,0.0,1.0,0.0,,1.0,,,1.0,0.801089918256131,,,6.65,,,,,,
activemq@3,2548,0,0.0,0.5148305084745761,0.04586696260425074,2.0,1.0,1.0,4.0,1.0,0.0,2.0,8.0,0.0,4.0,14.0,0.24,1.0,84.0,2.0,0.0,8.0,2.0,3.05882352941176,0.0,1.0,0.0,,1.0,,,1.0,0.713692946058091,,,5.0,,,,,,
activemq@3,2591,1,0.22675200506151302,0.7302408453235758,0.36602435505636977,3.0,3.0,1.0,2.0,1.0,2.0,2.0,11.0,5.0,0.0,44.0,0.09,4.0,66.0,5.0,1.0,10.0,2.0,3.89090909090909,0.0,1.0,0.0,,0.666666666666667,,,5.0,1.0,,,8.70909090909091,,,,,,
camel@0,11,0,0.0,0.6666666666666667,0.16287878787878793,1.0,0.0,1.0,1.0,3.0,2.0,2.0,1.0,1.0,3.0,9.0,,0.0,,2.0,0.0,9.0,1.0,,1.0,1.0,0.0,,0.4,0.0,3.0,3.0,,51.0,,,1.0,,,,,
camel@0,38,8,0.016320939090017725,0.7305774057774014,0.13429040063826728,0.0,114.0,1.0,0.0,0.0,6.0,1.0,1.0,0.0,0.0,3.0,,0.0,,2.0,1.0,40.0,2.0,,0.0,0.0,0.0,,0.0,0.0,3.0,9.0,,768.0,,,2.0,,,,,
camel@0,58,6,0.011176444952763676,0.9391318794440383,0.1996939402552888,4.0,0.0,2.0,1.0,0.0,4.0,3.0,4.0,9.0,13.0,25.0,,1.0,,3.0,0.0,7.0,2.0,,0.0,1.0,0.0,,0.727272727272727,0.0,3.0,6.0,,132.0,,,0.0,,,,,
camel@0,106,0,0.0,0.7993613661559684,0.30383722227431187,1.0,0.0,1.0,1.0,0.0,2.0,2.0,3.0,8.0,7.0,13.0,,0.0,,2.0,0.0,17.0,5.0,,0.0,0.0,0.0,,0.0,0.0,2.0,5.0,,71.0,,,0.0,,,,,
camel@0,107,0,0.0,0.904191616766467,0.108375030760397,0.0,4.0,1.0,0.0,0.0,0.0,1.0,1.0,2.0,12.0,14.0,,0.0,,3.0,0.0,14.0,3.0,,0.0,1.0,0.0,,0.666666666666667,0.0,2.0,5.0,,39.0,,,3.0,,,,,
camel@0,110,0,0.0,0.6666666666666667,0.16287878787878793,0.0,0.0,1.0,0.0,0.0,0.0,1.0,1.0,0.0,8.0,25.0,,0.0,,3.0,0.0,9.0,1.0,,0.0,0.0,0.0,,0.333333333333333,0.0,5.0,1.0,,22.0,,,1.0,,,,,
camel@0,117,0,0.0,0.5555555555555557,0.11893939393939396,1.0,0.0,1.0,1.0,48.0,1.0,1.0,3.0,0.0,0.0,50.0,,0.0,,2.0,0.0,5.0,1.0,,0.0,1.0,0.0,,0.5,0.0,3.0,3.0,,100.0,,,2.0,,,,,
camel@0,123,0,0.0,0.6666666666666667,0.16287878787878793,0.0,0.0,1.0,4.0,0.0,2.0,2.0,1.0,0.0,3.0,84.0,,0.0,,1.0,1.0,10.0,1.0,,0.0,1.0,0.0,,0.571428571428571,0.0,4.0,4.0,,246.0,,,2.0,,,,,
camel@0,152,0,0.005797101449274995,0.7391304347826085,0.30645773904886225,16.0,2.0,1.0,0.0,4.0,1.0,2.0,1.0,33.0,64.0,149.0,,0.0,,2.0,5.0,108.0,3.0,,0.0,0.0,0.0,,0.0,5.0,2.0,11.0,,360.0,,,2.0,,,,,
camel@0,153,2,0.0,0.8506929134420625,0.4584080958683601,0.0,0.0,1.0,1.0,0.0,6.0,2.0,1.0,10.0,1.0,12.0,,0.0,,2.0,91.0,12.0,2.0,,1.0,0.0,0.0,,0.625,0.0,1.0,5.0,,172.0,,,1.0,,,,,
camel@0,348,14,0.0,0.7499999999999999,0.26661220043572986,0.0,0.0,1.0,1.0,2.0,2.0,1.0,1.0,0.0,18.0,46.0,,0.0,,1.0,0.0,17.0,3.0,,1.0,0.0,0.0,,0.714285714285714,0.0,3.0,3.0,,122.0,,,3.0,,,,,
camel@0,361,3,0.016151917287767246,0.8860163005914705,0.21285472849696951,5.0,0.0,1.0,1.0,1.0,5.0,3.0,6.0,18.0,24.0,2.0,,1.0,,2.0,3.0,31.0,4.0,,0.0,0.0,0.0,,0.666666666666667,0.0,1.0,8.0,,264.0,,,0.0,,,,,
camel@0,377,0,0.0,0.75,0.30793445058173724,3.0,2.0,1.0,0.0,0.0,3.0,2.0,5.0,6.0,7.0,14.0,,2.0,,2.0,2.0,16.0,3.0,,0.0,1.0,0.0,,0.0,0.0,3.0,4.0,,87.0,,,2.0,,,,,
camel@0,422,0,0.021091811414392068,0.978908188585608,0.13391464662975844,0.0,20.0,1.0,0.0,0.0,5.0,1.0,1.0,0.0,0.0,0.0,,0.0,,1.0,1.0,7.0,1.0,,0.0,0.0,0.0,,0.5,0.0,1.0,4.0,,45.0,,,2.0,,,,,
camel@0,432,0,0.0,1.0,0.5703568139567434,3.0,0.0,2.0,2.0,15.0,10.0,3.0,1.0,0.0,0.0,13.0,,0.0,,1.0,0.0,13.0,1.0,,0.0,1.0,0.0,,1.0,0.0,3.0,3.0,,187.0,,,0.0,,,,,
camel@0,444,0,0.0,0.8749999999999999,0.3867102396514161,2.0,0.0,2.0,2.0,66.0,5.0,3.0,4.0,0.0,4.0,75.0,,0.0,,2.0,0.0,11.0,2.0,,0.0,0.0,0.0,,0.7,0.0,2.0,7.0,,455.0,,,3.0,,,,,
camel@0,454,0,0.0,0.6666666666666667,0.16287878787878793,3.0,0.0,2.0,3.0,10.0,4.0,4.0,1.0,0.0,0.0,8.0,,1.0,,1.0,0.0,3.0,1.0,,0.0,1.0,0.0,,0.4,0.0,3.0,1.0,,73.0,,,2.0,,,,,
camel@0,695,0,0.0,0.5555555555555557,0.11893939393939396,0.0,0.0,1.0,1.0,1.0,0.0,1.0,2.0,7.0,8.0,15.0,,0.0,,3.0,2.0,15.0,2.0,,0.0,1.0,0.0,,0.5,0.0,3.0,2.0,,32.0,,,1.0,,,,,
camel@0,720,0,0.012048192771084343,0.9879518072289156,0.15630247149969068,4.0,0.0,1.0,1.0,0.0,5.0,5.0,1.0,1.0,2.0,4.0,,3.0,,3.0,0.0,4.0,2.0,,2.0,1.0,0.0,,1.0,0.0,4.0,5.0,,74.0,,,1.0,,,,,
camel@0,818,0,0.0,0.9156626506024096,0.08507379149851241,2.0,0.0,2.0,0.0,0.0,2.0,3.0,1.0,3.0,1.0,2.0,,2.0,,6.0,0.0,9.0,1.0,,0.0,3.0,0.0,,0.5,0.0,2.0,4.0,,35.0,,,2.0,,,,,
camel@0,860,8,0.0,0.9397590361445782,0.10858102335994345,0.0,0.0,1.0,1.0,0.0,0.0,1.0,1.0,0.0,16.0,45.0,,0.0,,5.0,2.0,9.0,2.0,,0.0,1.0,0.0,,1.0,0.0,1.0,2.0,,42.0,,,1.0,,,,,
camel@0,865,0,0.0,0.7777777777777779,0.2522727272727273,1.0,0.0,2.0,1.0,3.0,6.0,4.0,1.0,7.0,3.0,5.0,,2.0,,3.0,1.0,19.0,1.0,,1.0,1.0,0.0,,0.333333333333333,0.0,2.0,3.0,,100.0,,,1.0,,,,,
camel@0,921,1,0.08644238163215757,0.9697382890327273,0.21289819712435776,5.0,0.0,1.0,6.0,0.0,1.0,3.0,3.0,10.0,25.0,51.0,,0.0,,5.0,0.0,9.0,2.0,,0.0,0.0,0.0,,0.0,0.0,4.0,6.0,,105.0,,,2.0,,,,,
camel@0,923,0,0.0,0.6666666666666667,0.16287878787878793,1.0,0.0,1.0,1.0,1.0,2.0,3.0,1.0,4.0,2.0,6.0,,1.0,,3.0,0.0,19.0,2.0,,1.0,1.0,0.0,,0.5,0.0,1.0,5.0,,44.0,,,1.0,,,,,
camel@0,956,5,0.02295913514543646,0.5969375137813483,0.22754860628558002,0.0,0.0,2.0,1.0,0.0,5.0,5.0,1.0,3.0,3.0,11.0,,0.0,,1.0,0.0,22.0,1.0,,2.0,2.0,0.0,,0.5,0.0,2.0,7.0,,136.0,,,2.0,,,,,
camel@0,957,0,0.0,0.7777777777777779,0.2522727272727273,0.0,0.0,1.0,1.0,7.0,0.0,1.0,1.0,4.0,4.0,67.0,,0.0,,3.0,1.0,16.0,3.0,,0.0,1.0,0.0,,0.545454545454545,0.0,4.0,5.0,,62.0,,,2.0,,,,,
camel@0,958,0,0.059701492537313446,0.791044776119403,0.4760612521806552,3.0,0.0,1.0,5.0,36.0,0.0,1.0,7.0,9.0,62.0,141.0,,0.0,,2.0,0.0,15.0,2.0,,1.0,1.0,0.0,,0.625,0.0,3.0,6.0,,174.0,,,3.0,,,,,
camel@0,960,0,0.0,0.7993613661559684,0.30383722227431187,2.0,0.0,1.0,0.0,2.0,0.0,1.0,2.0,7.0,13.0,158.0,,0.0,,3.0,2.0,35.0,4.0,,0.0,1.0,0.0,,0.0,0.0,2.0,7.0,,100.0,,,2.0,,,,,
camel@0,965,0,0.0,1.0,0.1682917489027013,0.0,0.0,1.0,1.0,0.0,4.0,4.0,3.0,9.0,6.0,10.0,,2.0,,4.0,0.0,9.0,2.0,,0.0,1.0,0.0,,1.0,0.0,3.0,3.0,,87.0,,,1.0,,,,,
camel@0,987,0,0.0,0.5555555555555557,0.11893939393939396,0.0,0.0,1.0,1.0,0.0,1.0,2.0,2.0,2.0,2.0,4.0,,1.0,,4.0,0.0,8.0,2.0,,0.0,1.0,0.0,,0.5,0.0,3.0,1.0,,25.0,,,2.0,,,,,
camel@0,1143,1,0.0,0.5555555555555557,0.11893939393939396,3.0,0.0,1.0,1.0,0.0,1.0,2.0,2.0,7.0,10.0,23.0,,0.0,,3.0,0.0,7.0,2.0,,1.0,1.0,0.0,,0.5,0.0,2.0,5.0,,64.0,,,1.0,,,,,
camel@0,1516,3,0.06409923012440581,0.576367685704988,0.2429665707143946,17.0,7.0,1.0,1.0,0.0,2.0,1.0,26.0,2.0,32.0,151.0,,0.0,,3.0,19.0,14.0,2.0,,0.0,0.0,0.0,,0.0,0.0,1.0,1.0,,418.0,,,1.0,,,,,
camel@0,1533,0,0.0,0.892059553349876,0.04792351103226878,0.0,0.0,1.0,1.0,0.0,1.0,2.0,1.0,3.0,10.0,30.0,,0.0,,1.0,1.0,9.0,2.0,,1.0,0.0,0.0,,0.5,0.0,2.0,3.0,,45.0,,,2.0,,,,,
camel@0,1534,7,0.010767944858511496,0.8053686111970647,0.15441557486314064,2.0,0.0,2.0,0.0,0.0,6.0,3.0,2.0,11.0,9.0,2.0,,1.0,,4.0,2.0,20.0,3.0,,0.0,0.0,0.0,,0.571428571428571,0.0,1.0,4.0,,180.0,,,0.0,,,,,
camel@0,1537,0,0.018314065749830133,0.6917442074915285,0.24030737130055038,1.0,1.0,1.0,2.0,0.0,0.0,1.0,2.0,7.0,38.0,96.0,,0.0,,4.0,2.0,27.0,2.0,,0.0,1.0,0.0,,0.0,0.0,1.0,5.0,,115.0,,,2.0,,,,,
camel@0,1620,1,0.0,0.8020935767967919,0.11647387601517988,1.0,0.0,1.0,1.0,1.0,2.0,3.0,1.0,7.0,9.0,10.0,,1.0,,3.0,0.0,11.0,1.0,,1.0,1.0,0.0,,0.4,0.0,3.0,3.0,,45.0,,,0.0,,,,,
camel@0,1641,0,0.0,0.5555555555555557,0.11893939393939396,5.0,0.0,2.0,0.0,0.0,6.0,5.0,1.0,13.0,0.0,2.0,,1.0,,2.0,0.0,25.0,1.0,,2.0,2.0,0.0,,0.6,0.0,1.0,1.0,,165.0,,,1.0,,,,,
camel@0,1653,10,0.2105263157894737,1.2105263157894737,0.4473684210526316,0.0,0.0,2.0,1.0,0.0,3.0,3.0,2.0,6.0,13.0,26.0,,1.0,,2.0,0.0,54.0,3.0,,0.0,1.0,0.0,,0.555555555555556,0.0,1.0,4.0,,163.0,,,2.0,,,,,
camel@0,1656,11,0.0,0.844311377245509,0.053383643671560996,0.0,0.0,2.0,0.0,0.0,0.0,2.0,1.0,0.0,0.0,9.0,,0.0,,1.0,0.0,42.0,2.0,,1.0,4.0,0.0,,0.75,0.0,1.0,2.0,,27.0,,,2.0,,,,,
camel@0,1682,1,0.0,0.9279657563913889,0.1901872968135845,0.0,0.0,1.0,1.0,0.0,0.0,2.0,1.0,0.0,4.0,25.0,,0.0,,3.0,1.0,4.0,3.0,,1.0,1.0,0.0,,0.5,0.0,3.0,3.0,,21.0,,,0.0,,,,,
camel@0,1690,1,0.0,0.671716256524509,0.3271169248937372,3.0,0.0,1.0,0.0,0.0,1.0,1.0,1.0,4.0,25.0,91.0,,1.0,,3.0,0.0,18.0,2.0,,0.0,1.0,0.0,,0.428571428571429,0.0,3.0,7.0,,167.0,,,0.0,,,,,
camel@0,1735,0,0.0,0.9115044247787611,0.07514428626394769,0.0,0.0,1.0,0.0,0.0,1.0,1.0,1.0,1.0,5.0,42.0,,0.0,,4.0,0.0,9.0,2.0,,0.0,1.0,0.0,,0.5,0.0,3.0,4.0,,87.0,,,3.0,,,,,
camel@0,1737,0,0.01769911504424778,0.9646017699115046,0.12677953058868793,4.0,0.0,1.0,0.0,0.0,2.0,1.0,1.0,4.0,5.0,90.0,,0.0,,3.0,0.0,22.0,1.0,,0.0,1.0,0.0,,0.625,0.0,3.0,5.0,,308.0,,,3.0,,,,,
camel@0,1742,4,0.0,0.7993613661559684,0.30383722227431187,1.0,2.0,1.0,0.0,0.0,8.0,1.0,1.0,11.0,7.0,181.0,,0.0,,3.0,27.0,94.0,2.0,,0.0,0.0,0.0,,0.0,0.0,4.0,8.0,,1595.0,,,0.0,,,,,
camel@0,1744,0,0.00884955752212389,0.9292035398230089,0.0920738745671412,1.0,0.0,1.0,0.0,0.0,1.0,1.0,2.0,0.0,5.0,52.0,,0.0,,5.0,0.0,11.0,2.0,,0.0,1.0,0.0,,0.5,0.0,3.0,4.0,,104.0,,,3.0,,,,,
camel@0,1761,0,0.0,0.9115044247787611,0.07514428626394769,1.0,0.0,1.0,0.0,0.0,1.0,1.0,1.0,0.0,5.0,44.0,,0.0,,4.0,0.0,10.0,2.0,,0.0,1.0,0.0,,0.4,0.0,3.0,7.0,,96.0,,,3.0,,,,,
camel@0,1764,0,0.0,0.5555555555555557,0.11893939393939396,1.0,0.0,1.0,0.0,0.0,1.0,1.0,1.0,1.0,5.0,22.0,,0.0,,4.0,0.0,11.0,2.0,,0.0,1.0,0.0,,0.4,0.0,3.0,4.0,,53.0,,,2.0,,,,,
camel@0,1775,0,0.014244273360979182,0.6903857748925778,0.24021747226144186,6.0,0.0,1.0,2.0,0.0,2.0,2.0,7.0,7.0,33.0,46.0,,1.0,,3.0,0.0,29.0,4.0,,0.0,1.0,0.0,,0.0,0.0,2.0,4.0,,163.0,,,2.0,,,,,
camel@0,1800,15,0.10914855541126828,0.9795056147131316,0.26087242206886657,7.0,0.0,2.0,1.0,0.0,6.0,3.0,7.0,17.0,5.0,16.0,,2.0,,4.0,3.0,27.0,2.0,,0.0,0.0,0.0,,0.0,0.0,1.0,7.0,,285.0,,,0.0,,,,,
camel@0,1861,12,0.0,0.8,0.2545454545454545,0.0,0.0,1.0,1.0,0.0,1.0,2.0,1.0,5.0,9.0,14.0,,0.0,,3.0,77.0,1.0,2.0,,1.0,0.0,0.0,,0.75,0.0,1.0,1.0,,81.0,,,2.0,,,,,
camel@0,2077,13,0.012048192771084315,0.9759036144578312,0.14431319409668011,1.0,0.0,1.0,0.0,0.0,0.0,1.0,4.0,3.0,6.0,84.0,,1.0,,6.0,0.0,9.0,1.0,,0.0,1.0,0.0,,0.75,0.0,1.0,7.0,,33.0,,,2.0,,,,,
camel@0,2256,0,0.012048192771084343,0.9518072289156626,0.12045247002680651,2.0,0.0,1.0,0.0,0.0,2.0,3.0,1.0,0.0,0.0,2.0,,5.0,,5.0,0.0,9.0,1.0,,1.0,5.0,0.0,,0.666666666666667,0.0,1.0,2.0,,30.0,,,2.0,,,,,
camel@0,2414,0,0.0,0.8749999999999999,0.3867102396514161,3.0,0.0,1.0,1.0,0.0,6.0,6.0,1.0,0.0,12.0,10.0,,8.0,,2.0,0.0,11.0,2.0,,1.0,1.0,0.0,,0.8,0.0,2.0,2.0,,103.0,,,2.0,,,,,
camel@0,2489,0,0.0,0.8888888888888888,0.3578282828282829,13.0,0.0,1.0,8.0,2.0,0.0,3.0,4.0,11.0,7.0,19.0,,0.0,,2.0,0.0,24.0,2.0,,0.0,0.0,0.0,,0.2,0.0,2.0,3.0,,40.0,,,1.0,,,,,
camel@0,2513,0,0.007325626299932179,1.0322538732803206,0.49361023365591383,0.0,0.0,1.0,1.0,0.0,0.0,2.0,3.0,6.0,11.0,22.0,,0.0,,3.0,0.0,9.0,1.0,,0.0,0.0,0.0,,0.0,0.0,4.0,2.0,,37.0,,,0.0,,,,,
camel@0,2617,13,0.0,0.9279657563913889,0.1901872968135845,4.0,0.0,1.0,1.0,0.0,1.0,3.0,2.0,6.0,3.0,6.0,,1.0,,3.0,0.0,1.0,1.0,,1.0,1.0,0.0,,0.428571428571429,0.0,3.0,5.0,,48.0,,,1.0,,,,,
camel@0,2661,0,0.0,0.7164179104477613,0.06745493312657491,0.0,0.0,1.0,2.0,1.0,3.0,1.0,11.0,2.0,0.0,24.0,,0.0,,5.0,1.0,6.0,2.0,,0.0,0.0,0.0,,0.666666666666667,0.0,3.0,2.0,,83.0,,,2.0,,,,,
camel@0,2906,1,0.0,0.9380530973451328,0.10061562139284341,0.0,0.0,1.0,1.0,0.0,0.0,1.0,1.0,1.0,5.0,42.0,,0.0,,5.0,0.0,14.0,2.0,,0.0,1.0,0.0,,0.5,0.0,5.0,2.0,,56.0,,,2.0,,,,,
camel@0,2911,6,0.011622606469017308,0.7763164292880648,0.16444041268190712,1.0,0.0,2.0,1.0,3.0,5.0,5.0,1.0,7.0,3.0,0.0,,2.0,,3.0,0.0,19.0,1.0,,1.0,1.0,0.0,,0.0,0.0,3.0,6.0,,95.0,,,1.0,,,,,
camel@0,3523,0,0.0,1.0,0.42964318604325663,0.0,0.0,1.0,0.0,0.0,0.0,1.0,2.0,1.0,0.0,1.0,,0.0,,5.0,0.0,1.0,2.0,,0.0,1.0,0.0,,0.0,0.0,1.0,0.0,,16.0,,,1.0,,,,,
camel@1,57,6,1.431961744422947,2.215465326904676,1.6366637980763934,17.0,7.0,1.0,1.0,0.0,2.0,1.0,2.0,2.0,32.0,151.0,,0.0,,3.0,19.0,2.0,2.0,,0.0,0.0,0.0,,1.0,0.0,1.0,1.0,,418.0,,2.08474576271186,,0.0,,,,
camel@1,104,5,0.8913861773163548,1.832355516395632,1.1141821222347816,15.0,0.0,3.0,3.0,4.0,5.0,5.0,2.0,5.0,10.0,13.0,,2.0,,1.0,0.0,32.0,2.0,,2.0,1.0,0.0,,0.5,0.0,2.0,2.0,,28.0,,8.06060606060606,,1.0,,,,
camel@1,115,0,0.32365002323305225,1.1424705662820902,0.8771614809809621,4.0,0.0,2.0,1.0,0.0,4.0,3.0,4.0,9.0,13.0,25.0,,1.0,,3.0,0.0,9.0,2.0,,0.0,1.0,0.0,,0.333333333333333,0.0,3.0,1.0,,132.0,,5.02631578947368,,1.0,,,,
camel@1,141,0,0.0,0.7333333333333334,0.323882503192848,0.0,0.0,3.0,0.0,1.0,6.0,5.0,1.0,1.0,1.0,3.0,,3.0,,6.0,1.0,6.0,1.0,,1.0,2.0,0.0,,1.0,0.0,3.0,3.0,,44.0,,14.25,,1.0,,,,
camel@1,148,0,0.19214747778414643,1.1244370551643363,0.8040118311119605,2.0,0.0,2.0,0.0,0.0,6.0,3.0,2.0,12.0,9.0,9.0,,2.0,,5.0,2.0,9.0,2.0,,1.0,0.0,0.0,,0.75,0.0,1.0,1.0,,178.0,,5.78260869565217,,1.0,,,,
camel@1,152,0,0.5532191091652647,1.3744105564263882,0.9384880515583081,1.0,1.0,1.0,2.0,0.0,0.0,1.0,2.0,7.0,40.0,101.0,,0.0,,4.0,2.0,9.0,2.0,,0.0,1.0,0.0,,1.0,0.0,1.0,5.0,,28.0,,1.88181818181818,,1.0,,,,
camel@1,195,0,0.0,1.0,0.6321138211382116,1.0,0.0,1.0,1.0,0.0,2.0,2.0,3.0,8.0,8.0,13.0,,0.0,,2.0,0.0,18.0,5.0,,0.0,0.0,0.0,,1.0,0.0,2.0,2.0,,76.0,,4.36363636363636,,1.0,,,,
camel@1,203,0,0.0,0.8333333333333333,0.46646341463414637,0.0,0.0,1.0,1.0,0.0,1.0,2.0,1.0,2.0,0.0,0.0,,2.0,,3.0,1.0,6.0,1.0,,4.0,5.0,0.0,,0.5,0.0,3.0,2.0,,22.0,,7.0,,1.0,,,,
camel@1,216,0,0.22875816993464046,1.2287581699346406,0.43553852135755156,1.0,0.0,1.0,1.0,51.0,1.0,1.0,5.0,1.0,2.0,56.0,,0.0,,2.0,0.0,5.0,2.0,,0.0,1.0,0.0,,1.0,0.0,3.0,3.0,,40.0,,2.48275862068966,,1.0,,,,
camel@1,310,2,0.006535947712418271,0.9607843137254902,0.16782388120498437,0.0,0.0,1.0,0.0,0.0,0.0,2.0,1.0,0.0,18.0,36.0,,0.0,,1.0,0.0,22.0,2.0,,1.0,1.0,0.0,,1.0,0.0,3.0,5.0,,24.0,,2.83333333333333,,1.0,,,,
camel@1,491,8,0.24970411084710767,1.1528848667048786,0.8534210543361344,2.0,0.0,1.0,0.0,0.0,1.0,1.0,1.0,4.0,25.0,91.0,,0.0,,3.0,0.0,6.0,2.0,,0.0,1.0,0.0,,0.5,0.0,3.0,2.0,,164.0,,2.03092783505155,,1.0,,,,
camel@1,589,11,0.6031243627447698,1.449755751769051,1.122312767777767,4.0,0.0,1.0,0.0,0.0,2.0,1.0,1.0,4.0,17.0,89.0,,0.0,,3.0,0.0,4.0,1.0,,0.0,1.0,0.0,,0.0,0.0,3.0,0.0,,300.0,,2.52577319587629,,1.0,,,,
camel@1,599,0,5.676249505744345,6.595480137527574,6.201455151966692,1.0,2.0,1.0,0.0,0.0,8.0,1.0,1.0,11.0,7.0,12.0,,0.0,,3.0,27.0,6.0,2.0,,0.0,0.0,0.0,,0.545454545454545,0.0,4.0,9.0,,1598.0,,3.57435897435897,,1.0,,,,
camel@1,601,6,0.2239747231294266,1.1005912042115014,0.8113037437845516,1.0,0.0,1.0,0.0,0.0,1.0,1.0,2.0,0.0,13.0,52.0,,0.0,,5.0,0.0,0.0,2.0,,0.0,1.0,0.0,,0.8,0.0,3.0,0.0,,104.0,,1.88679245283019,,1.0,,,,
camel@1,637,0,0.0,0.9333333333333332,0.5208173690932312,0.0,0.0,1.0,0.0,0.0,1.0,1.0,1.0,1.0,12.0,47.0,,0.0,,4.0,0.0,6.0,2.0,,0.0,1.0,0.0,,0.666666666666667,0.0,1.0,3.0,,97.0,,1.95833333333333,,1.0,,,,
camel@1,655,0,0.8924937849132261,1.773932190558931,1.410238853521397,7.0,0.0,1.0,2.0,0.0,2.0,2.0,7.0,7.0,35.0,49.0,,1.0,,3.0,0.0,9.0,5.0,,0.0,1.0,0.0,,1.0,0.0,1.0,2.0,,175.0,,4.33333333333333,,1.0,,,,
camel@1,731,16,1.0392345011718207,1.9660426664885573,1.617239443961602,5.0,0.0,1.0,1.0,1.0,5.0,3.0,6.0,19.0,25.0,27.0,,1.0,,2.0,3.0,6.0,4.0,,0.0,0.0,0.0,,0.888888888888889,0.0,1.0,2.0,,270.0,,5.19607843137255,,1.0,,,,
camel@1,755,0,0.13333333333333336,1.1333333333333337,0.7203065134099619,3.0,2.0,1.0,0.0,0.0,3.0,2.0,5.0,7.0,7.0,14.0,,2.0,,2.0,2.0,6.0,3.0,,0.0,1.0,0.0,,1.0,0.0,3.0,4.0,,86.0,,4.0,,1.0,,,,
camel@1,770,0,0.0,1.0,0.6321138211382116,3.0,0.0,1.0,1.0,0.0,1.0,2.0,7.0,9.0,6.0,18.0,,1.0,,3.0,1.0,10.0,4.0,,0.0,1.0,0.0,,0.5,0.0,2.0,2.0,,62.0,,3.73333333333333,,1.0,,,,
camel@1,897,0,0.43137254901960775,1.4313725490196076,0.6381529004425187,1.0,0.0,2.0,0.0,17.0,6.0,3.0,1.0,0.0,0.0,17.0,,0.0,,1.0,0.0,9.0,2.0,,0.0,1.0,0.0,,1.0,0.0,2.0,3.0,,40.0,,3.61111111111111,,1.0,,,,
camel@1,939,8,1.975100126904036,2.7356224841192325,2.2688454382632695,3.0,0.0,2.0,2.0,70.0,5.0,3.0,4.0,0.0,4.0,7.0,,0.0,,2.0,0.0,6.0,2.0,,0.0,0.0,0.0,,0.75,0.0,4.0,7.0,,495.0,,3.39506172839506,,1.0,,,,
camel@1,946,0,0.2549019607843137,1.2549019607843137,0.46168231220722467,2.0,0.0,1.0,1.0,18.0,4.0,4.0,1.0,0.0,0.0,17.0,,0.0,,1.0,0.0,5.0,1.0,,0.0,1.0,0.0,,1.0,0.0,2.0,5.0,,40.0,,2.63157894736842,,1.0,,,,
camel@1,1669,12,0.0,0.8366013071895426,0.050861893388139026,0.0,0.0,1.0,0.0,0.0,0.0,1.0,2.0,2.0,0.0,35.0,,0.0,,6.0,0.0,5.0,1.0,,0.0,1.0,0.0,,1.0,0.0,1.0,2.0,,40.0,,1.86486486486486,,1.0,,,,
camel@1,2829,0,0.0,0.9673202614379086,0.17428576718695032,1.0,0.0,1.0,1.0,0.0,6.0,4.0,1.0,1.0,0.0,5.0,,5.0,,2.0,0.0,9.0,1.0,,0.0,1.0,0.0,,0.5,0.0,3.0,2.0,,40.0,,8.85714285714286,,1.0,,,,
camel@1,2936,13,0.9740748618738057,1.4453794157186597,1.1263527880633237,0.0,0.0,1.0,1.0,0.0,0.0,1.0,1.0,8.0,2.0,12.0,,0.0,,3.0,0.0,38.0,1.0,,0.0,0.0,0.0,,0.714285714285714,0.0,3.0,1.0,,37.0,,3.0,,1.0,,,,
camel@1,2994,0,0.0,0.6666666666666667,0.25925925925925924,1.0,0.0,1.0,1.0,0.0,0.0,2.0,3.0,6.0,11.0,20.0,,0.0,,3.0,0.0,6.0,1.0,,0.0,0.0,0.0,,0.5,0.0,4.0,3.0,,37.0,,4.0,,1.0,,,,
camel@1,3867,13,0.058823529411764684,1.0588235294117647,0.26560388083467573,1.0,0.0,1.0,1.0,0.0,1.0,3.0,1.0,5.0,3.0,13.0,,0.0,,1.0,4.0,22.0,2.0,,0.0,1.0,0.0,,0.6,0.0,2.0,3.0,,20.0,,8.1578947368421,,1.0,,,,
camel@1,3877,0,0.06666666666666672,1.0666666666666669,0.6536398467432951,0.0,0.0,1.0,1.0,0.0,0.0,1.0,1.0,0.0,17.0,47.0,,0.0,,5.0,2.0,6.0,2.0,,0.0,1.0,0.0,,0.5,0.0,1.0,4.0,,42.0,,1.85106382978723,,1.0,,,,
camel@1,3912,1,0.0,1.0,0.20678035142291107,1.0,0.0,1.0,1.0,0.0,1.0,3.0,1.0,5.0,3.0,13.0,,0.0,,1.0,3.0,22.0,2.0,,0.0,1.0,0.0,,0.5,0.0,2.0,5.0,,28.0,,8.0,,1.0,,,,
camel@1,3919,0,0.0,1.0,0.5869731800766285,0.0,0.0,1.0,1.0,0.0,0.0,1.0,1.0,1.0,16.0,46.0,,0.0,,5.0,0.0,6.0,2.0,,0.0,1.0,0.0,,0.5,0.0,4.0,3.0,,48.0,,1.72340425531915,,1.0,,,,
camel@1,3926,0,0.2239747231294266,1.1005912042115014,0.8113037437845516,1.0,0.0,2.0,1.0,3.0,5.0,5.0,1.0,7.0,4.0,5.0,,2.0,,3.0,0.0,9.0,1.0,,1.0,1.0,0.0,,0.666666666666667,0.0,3.0,1.0,,95.0,,10.8461538461538,,1.0,,,,
camel@1,4145,6,0.4074400514936884,1.2433751697804964,0.7933776203717923,10.0,0.0,1.0,6.0,0.0,1.0,3.0,3.0,10.0,25.0,51.0,,0.0,,5.0,0.0,6.0,2.0,,0.0,0.0,0.0,,0.428571428571429,0.0,4.0,7.0,,28.0,,4.12676056338028,,1.0,,,,
camel@1,4147,2,0.019607843137254884,0.9477124183006537,0.15490010924105246,1.0,0.0,1.0,1.0,1.0,2.0,3.0,1.0,4.0,2.0,6.0,,1.0,,3.0,0.0,19.0,2.0,,1.0,1.0,0.0,,0.75,0.0,1.0,5.0,,28.0,,7.81818181818182,,1.0,,,,
camel@1,4304,10,0.3730413724756177,1.1410748653334397,0.8084797878809385,2.0,0.0,1.0,0.0,2.0,0.0,1.0,1.0,7.0,4.0,167.0,,0.0,,3.0,2.0,32.0,4.0,,0.0,1.0,0.0,,0.625,0.0,2.0,2.0,,97.0,,2.59659090909091,,1.0,,,,
camel@1,4555,15,0.0,0.6388888888888887,0.06384582256675281,4.0,0.0,1.0,0.0,0.0,0.0,5.0,1.0,0.0,4.0,2.0,,1.0,,1.0,0.0,1.0,1.0,,2.0,3.0,0.0,,1.0,0.0,1.0,1.0,,20.0,,17.4,,1.0,,,,
camel@1,4941,0,0.0,1.0,0.6321138211382116,5.0,0.0,1.0,1.0,2.0,1.0,2.0,2.0,7.0,9.0,23.0,,0.0,,3.0,0.0,7.0,2.0,,1.0,1.0,0.0,,1.0,0.0,2.0,2.0,,71.0,,4.54285714285714,,1.0,,,,
camel@2,59,8,2.6267935664354836,3.385847594344499,2.8104584895364173,17.0,7.0,1.0,1.0,0.0,2.0,1.0,26.0,2.0,32.0,150.0,,0.0,,3.0,19.0,14.0,2.0,,0.0,0.0,0.0,,0.5,,1.0,12.0,,19.0,,2.19318181818182,,0.0,,,,
camel@2,106,9,0.7488891640319678,1.696188929802714,1.233026478337436,16.0,0.0,3.0,3.0,4.0,5.0,5.0,2.0,5.0,0.0,13.0,,2.0,,1.0,0.0,35.0,2.0,,2.0,1.0,0.0,,0.857142857142857,,2.0,0.0,,204.0,,8.52941176470588,,1.0,,,,
camel@2,117,16,0.3076923076923077,1.3076923076923077,0.7701357466063348,7.0,0.0,2.0,1.0,0.0,4.0,3.0,4.0,0.0,13.0,25.0,,1.0,,3.0,0.0,19.0,2.0,,0.0,1.0,0.0,,0.8,,3.0,7.0,,137.0,,5.41463414634146,,1.0,,,,
camel@2,160,16,0.3285027457000004,1.2609744012698956,0.7074592938011732,1.0,0.0,1.0,2.0,0.0,0.0,1.0,2.0,8.0,44.0,112.0,,0.0,,4.0,2.0,28.0,2.0,,0.0,1.0,0.0,,0.666666666666667,,1.0,2.0,,27.0,,1.8595041322314,,1.0,,,,
camel@2,165,0,0.0,0.7999999999999999,0.23405275779376497,0.0,0.0,1.0,0.0,0.0,2.0,2.0,1.0,4.0,4.0,6.0,,0.0,,1.0,0.0,10.0,2.0,,0.0,1.0,0.0,,1.0,,1.0,2.0,,50.0,,4.2,,1.0,,,,
camel@2,204,4,0.07692307692307693,1.0769230769230769,0.5393665158371042,2.0,0.0,1.0,1.0,0.0,2.0,2.0,3.0,2.0,8.0,13.0,,0.0,,2.0,0.0,18.0,5.0,,0.0,0.0,0.0,,0.0,,2.0,6.0,,75.0,,4.26086956521739,,1.0,,,,
camel@2,205,0,0.0,1.0,0.6193548387096773,0.0,4.0,1.0,1.0,0.0,0.0,2.0,1.0,5.0,13.0,35.0,,0.0,,3.0,0.0,20.0,3.0,,0.0,1.0,0.0,,1.0,,2.0,2.0,,53.0,,2.88636363636364,,1.0,,,,
camel@2,624,10,0.8333333333333336,1.8333333333333335,1.4526881720430111,1.0,2.0,1.0,1.0,0.0,8.0,1.0,1.0,12.0,7.0,182.0,,0.0,,3.0,27.0,94.0,2.0,,0.0,0.0,0.0,,0.875,,4.0,2.0,,1632.0,,3.60913705583756,,1.0,,,,
camel@2,913,0,0.0,0.8461538461538461,0.3122171945701357,0.0,0.0,1.0,1.0,0.0,2.0,2.0,1.0,2.0,9.0,15.0,,0.0,,1.0,103.0,2.0,2.0,,2.0,0.0,0.0,,0.6,,2.0,2.0,,65.0,,2.95,,1.0,,,,
camel@2,3061,0,0.0,0.6111111111111113,0.2438672438672439,4.0,0.0,1.0,1.0,0.0,5.0,5.0,1.0,0.0,13.0,12.0,,6.0,,2.0,0.0,8.0,2.0,,2.0,1.0,0.0,,0.4,,4.0,3.0,,109.0,,10.0,,1.0,,,,
camel@2,3216,0,0.09090909090909087,1.0909090909090908,0.6285714285714284,1.0,0.0,1.0,4.0,0.0,1.0,1.0,28.0,0.0,2.0,52.0,,0.0,,5.0,0.0,14.0,2.0,,0.0,1.0,0.0,,0.666666666666667,,2.0,2.0,,57.0,,6.20338983050847,,1.0,,,,
camel@2,3399,4,0.512562752307601,1.281449973363231,1.012872734859356,1.0,3.0,1.0,1.0,0.0,0.0,2.0,5.0,16.0,39.0,86.0,,0.0,,3.0,2.0,8.0,4.0,,0.0,0.0,0.0,,0.75,,6.0,6.0,,39.0,,3.19811320754717,,1.0,,,,
camel@2,4185,0,0.0,0.5555555555555555,0.16729088639201,1.0,0.0,1.0,1.0,0.0,1.0,2.0,1.0,7.0,3.0,13.0,,0.0,,1.0,4.0,23.0,2.0,,0.0,1.0,0.0,,1.0,,2.0,2.0,,58.0,,7.85714285714286,,1.0,,,,
camel@2,4195,18,0.6666666666666666,1.6666666666666665,1.0968824940047959,0.0,0.0,1.0,1.0,0.0,0.0,1.0,1.0,0.0,4.0,51.0,,0.0,,5.0,2.0,16.0,2.0,,0.0,1.0,0.0,,1.0,,2.0,3.0,,43.0,,1.7843137254902,,1.0,,,,
camel@2,4237,14,0.10997023275312481,0.7088592489422784,0.42607903770747085,0.0,0.0,1.0,1.0,0.0,0.0,1.0,1.0,1.0,18.0,50.0,,0.0,,5.0,0.0,8.0,2.0,,0.0,1.0,0.0,,0.5,,4.0,3.0,,24.0,,1.72549019607843,,1.0,,,,
camel@2,4637,15,0.7471918353603405,1.3840756232358726,1.1420086134809562,1.0,0.0,1.0,0.0,2.0,0.0,1.0,1.0,2.0,9.0,176.0,,0.0,,3.0,2.0,36.0,4.0,,0.0,1.0,0.0,,0.4,,2.0,0.0,,106.0,,2.54891304347826,,1.0,,,,
camel@2,5371,5,0.0,1.0,0.46244343891402706,1.0,0.0,1.0,2.0,0.0,1.0,3.0,4.0,2.0,11.0,19.0,,1.0,,4.0,0.0,20.0,2.0,,0.0,0.0,0.0,,1.0,,2.0,4.0,,65.0,,6.25925925925926,,1.0,,,,
camel@2,5440,0,0.0,1.0,0.46244343891402706,5.0,0.0,1.0,1.0,2.0,1.0,2.0,2.0,2.0,9.0,23.0,,0.0,,3.0,0.0,7.0,2.0,,1.0,1.0,0.0,,0.0,,2.0,5.0,,71.0,,4.62857142857143,,1.0,,,,
camel@2,5522,1,0.0,0.763157894736842,0.12045984100877194,0.0,0.0,1.0,2.0,0.0,4.0,9.0,1.0,1.0,1.0,6.0,,4.0,,1.0,0.0,10.0,3.0,,1.0,1.0,0.0,,1.0,,4.0,2.0,,39.0,,14.7142857142857,,1.0,,,,
camel@2,5525,0,0.0,1.0,0.46244343891402706,5.0,0.0,1.0,1.0,2.0,0.0,2.0,1.0,2.0,15.0,28.0,,0.0,,4.0,0.0,6.0,1.0,,0.0,1.0,0.0,,1.0,,3.0,3.0,,35.0,,3.575,,1.0,,,,
camel@2,5528,10,0.0,0.7894736842105264,0.14437705592105265,0.0,0.0,1.0,3.0,0.0,0.0,1.0,1.0,3.0,11.0,30.0,,0.0,,3.0,0.0,12.0,2.0,,0.0,0.0,0.0,,0.0,,3.0,2.0,,16.0,,1.48484848484848,,1.0,,,,
camel@2,6488,4,0.0,0.7999999999999999,0.23405275779376497,10.0,0.0,1.0,4.0,0.0,0.0,2.0,1.0,2.0,2.0,2.0,,0.0,,3.0,0.0,9.0,1.0,,0.0,1.0,0.0,,0.5,,3.0,2.0,,27.0,,5.14285714285714,,1.0,,,,
camel@2,6739,0,0.2307692307692308,1.2307692307692308,0.693212669683258,9.0,0.0,1.0,2.0,4.0,1.0,2.0,3.0,2.0,18.0,34.0,,1.0,,3.0,0.0,17.0,1.0,,0.0,0.0,0.0,,0.5,,2.0,3.0,,98.0,,4.39622641509434,,1.0,,,,
camel@2,7400,0,0.0,1.0,0.6193548387096773,16.0,0.0,2.0,0.0,0.0,6.0,5.0,3.0,0.0,34.0,4.0,,2.0,,2.0,0.0,2.0,2.0,,2.0,1.0,0.0,,0.666666666666667,,4.0,2.0,,365.0,,9.15,,1.0,,,,
derby@0,10,0,0.019549195002850638,0.7120077183540727,0.16266570549763332,20.0,0.0,2.0,0.0,1.0,7.0,,1.0,0.0,9.0,3.0,0.99,5.0,89.0,1.0,0.0,0.0,1.0,4.52173913043478,0.0,2.0,0.0,,,0.0,,2.0,0.914331465172138,542.0,,,,,1.48,6.0,,
derby@0,16,0,0.036332599312499846,0.8859497500716333,0.14428759571908797,5.0,1.0,1.0,0.0,0.0,5.0,,1.0,3.0,4.0,19.0,0.37,1.0,76.0,2.0,0.0,10.0,2.0,6.46428571428571,1.0,1.0,0.0,,,0.0,,1.0,0.429503916449086,186.0,,,,,1.4,6.0,,
derby@0,19,11,0.1096221428639079,0.32833914013923193,0.22044949509866127,8.0,5.0,1.0,3.0,0.0,0.0,,1.0,2.0,2.0,86.0,0.7,0.0,38.0,3.0,1.0,1.0,4.0,5.91089108910891,0.0,1.0,0.0,,,0.0,,6.0,0.49563838223632,15.0,,,,,0.0,17.0,,
derby@0,23,9,0.0941206791157633,0.5143650333846833,0.23861689886990423,7.0,1.0,1.0,0.0,0.0,4.0,,1.0,3.0,8.0,30.0,0.31,1.0,72.0,2.0,0.0,17.0,2.0,6.21951219512195,1.0,1.0,0.0,,,0.0,,0.0,0.337057728119181,244.0,,,,,1.2093023255814,6.0,,
derby@0,27,14,0.09271894526926136,0.7322408851814906,0.2232879644552888,6.0,5.0,4.0,0.0,0.0,1.0,,1.0,1.0,38.0,28.0,0.18,0.0,94.0,1.0,1.0,7.0,2.0,0.0,0.0,1.0,0.0,,,0.0,,5.0,0.533261802575107,15.0,,,,,0.0,6.0,,
derby@0,30,1,0.4050535382998382,0.860162042675743,0.5532141623907431,11.0,10.0,1.0,8.0,0.0,1.0,,1.0,35.0,36.0,91.0,0.23,0.0,58.0,1.0,1.0,25.0,3.0,4.97959183673469,0.0,0.0,0.0,,,0.0,,1.0,1.0,371.0,,,,,0.899328859060403,6.0,,
derby@0,33,4,0.29970678734139516,0.6181194381096361,0.3992630608960267,25.0,18.0,2.0,13.0,0.0,1.0,,1.0,5.0,28.0,0.0,0.31,0.0,94.0,1.0,1.0,14.0,1.0,6.68674698795181,0.0,0.0,0.0,,,0.0,,7.0,0.631297709923664,15.0,,,,,0.0,26.0,,
derby@0,34,11,0.9691863490650777,1.8118591976862781,1.4476021906524432,0.0,0.0,1.0,112.0,0.0,1.0,,1.0,4.0,8.0,173.0,0.25,0.0,99.0,1.0,1.0,13.0,2.0,4.07441860465116,0.0,0.0,0.0,,,0.0,,4.0,0.579288025889968,23.0,,,,,0.493087557603687,11.0,,
derby@0,35,10,0.0005039505977969745,0.8871769926198004,0.1084391229688889,3.0,0.0,1.0,3.0,16.0,14.0,,1.0,0.0,0.0,14.0,0.63,3.0,72.0,1.0,0.0,5.0,1.0,6.47058823529412,0.0,1.0,0.0,,,0.0,,1.0,0.506602641056423,285.0,,,,,0.421052631578947,6.0,,
derby@0,41,1,0.0,0.5416666666666666,0.06839622641509435,1.0,0.0,1.0,0.0,5.0,2.0,,1.0,0.0,0.0,5.0,0.22,2.0,0.0,1.0,0.0,4.0,1.0,4.6,4.0,5.0,0.0,,,0.0,,2.0,0.43010752688172,31.0,,,,,2.42857142857143,1.0,,
derby@0,48,17,0.001209481434712739,0.8864805090417885,0.10854053968048298,0.0,8.0,1.0,9.0,2.0,4.0,,1.0,7.0,7.0,9.0,0.76,0.0,94.0,1.0,2.0,8.0,2.0,6.25,0.0,0.0,0.0,,,0.0,,1.0,0.462765957446808,139.0,,,,,0.576923076923077,6.0,,
derby@0,56,1,0.247558031126895,0.6169104690789593,0.36741885184931683,22.0,25.0,1.0,22.0,2.0,3.0,,2.0,4.0,12.0,78.0,0.7,1.0,93.0,2.0,2.0,23.0,3.0,7.62790697674419,0.0,1.0,0.0,,,0.0,,2.0,1.0,543.0,,,,,0.0,6.0,,
derby@0,60,0,2.1137646307512536,2.575767775282457,2.270455763208364,76.0,11.0,1.0,29.0,0.0,2.0,,1.0,16.0,52.0,1.0,3.1,0.0,96.0,1.0,1.0,23.0,3.0,7.19805194805195,0.0,0.0,0.0,,,0.0,,0.0,0.390789687043944,15.0,,,,,1.38387096774194,255.0,,
derby@0,67,13,0.015777172458436458,0.666340104460687,0.27684359718726853,5.0,4.0,2.0,1.0,0.0,2.0,,1.0,2.0,20.0,14.0,0.36,0.0,91.0,1.0,1.0,11.0,1.0,5.04,2.0,1.0,0.0,,,0.0,,1.0,0.562780269058296,104.0,,,,,0.4,133.0,,
derby@0,69,0,0.013451382479295898,0.8610455163554931,0.14242947806521153,2.0,4.0,1.0,6.0,3.0,2.0,,3.0,2.0,11.0,28.0,0.72,0.0,93.0,3.0,4.0,9.0,2.0,29.0555555555556,1.0,1.0,0.0,,,0.0,,2.0,1.0,200.0,,,,,0.45,6.0,,
derby@0,74,2,2.346696409173353,2.6265712306034668,2.4628075869173136,20.0,29.0,1.0,16.0,87.0,2.0,,1.0,12.0,42.0,0.0,0.05,0.0,95.0,1.0,2.0,20.0,3.0,5.97916666666667,0.0,0.0,0.0,,,0.0,,1.0,0.583244586439475,15.0,,,,,1.26712328767123,13.0,,
derby@0,83,2,0.012477718360072755,0.8511586452762911,0.3167381277500616,1.0,0.0,1.0,0.0,0.0,3.0,,1.0,2.0,11.0,12.0,0.39,1.0,74.0,1.0,2.0,13.0,2.0,4.73333333333333,1.0,0.0,0.0,,,0.0,,2.0,0.288235294117647,83.0,,,,,0.0,0.0,,
derby@0,96,17,0.00643132507927318,0.5240819441337845,0.07564084874644528,1.0,0.0,1.0,21.0,0.0,0.0,,1.0,0.0,0.0,0.0,0.92,0.0,100.0,1.0,0.0,0.0,1.0,4.6,0.0,1.0,0.0,,,0.0,,0.0,0.478260869565217,24.0,,,,,0.0,0.0,,
derby@0,104,9,0.20783941408847287,0.6497503383139663,0.3580395529514159,43.0,7.0,1.0,1.0,0.0,2.0,,1.0,32.0,35.0,53.0,0.3,0.0,96.0,2.0,1.0,19.0,1.0,1.8,0.0,0.0,0.0,,,0.0,,1.0,0.73784355179704,100.0,,,,,0.496350364963504,6.0,,
derby@0,106,10,1.222169026556637,1.9530076109477574,1.5616980631934996,38.0,4.0,1.0,1.0,0.0,1.0,,1.0,54.0,0.0,6.0,0.57,1.0,95.0,2.0,1.0,21.0,2.0,6.56390977443609,0.0,0.0,0.0,,,0.0,,2.0,0.936464920204758,1068.0,,,,,0.82962962962963,0.0,,
derby@0,108,15,0.1359054542207542,0.7830356341986219,0.38167019696692794,31.0,13.0,1.0,0.0,0.0,4.0,,1.0,8.0,9.0,5.0,0.53,2.0,93.0,2.0,1.0,22.0,1.0,5.08771929824561,1.0,1.0,0.0,,,0.0,,2.0,0.644832605531296,414.0,,,,,1.11864406779661,6.0,,
derby@0,109,1,0.0,1.0,0.22641509433962265,0.0,2.0,1.0,0.0,0.0,1.0,,1.0,1.0,3.0,2.0,1.1,0.0,66.0,1.0,1.0,6.0,1.0,3.4,1.0,1.0,0.0,,,0.0,,1.0,0.369369369369369,46.0,,,,,0.428571428571429,0.0,,
derby@0,123,0,0.37499999999999994,1.375,0.7487394957983193,31.0,14.0,1.0,0.0,0.0,3.0,,1.0,28.0,0.0,9.0,0.38,2.0,0.0,4.0,1.0,30.0,2.0,5.59756097560976,1.0,1.0,0.0,,,0.0,,2.0,0.908003300330033,593.0,,,,,1.01190476190476,0.0,,
derby@0,124,5,0.12731571282418835,0.6596652415394013,0.21317690852523982,25.0,12.0,1.0,0.0,0.0,4.0,,1.0,5.0,3.0,10.0,0.05,2.0,94.0,4.0,1.0,25.0,2.0,6.94230769230769,1.0,1.0,0.0,,,0.0,,0.0,0.472436604189636,515.0,,,,,1.27777777777778,6.0,,
derby@0,129,1,0.238508277743968,0.7097609896729441,0.4375671390362984,5.0,0.0,2.0,23.0,1.0,4.0,,1.0,4.0,19.0,15.0,0.39,1.0,92.0,1.0,0.0,11.0,2.0,10.4583333333333,2.0,1.0,0.0,,,0.0,,4.0,0.75868544600939,15.0,,,,,0.0,59.0,,
derby@0,132,14,0.20665650621668452,0.7268650133521883,0.3300565241157442,14.0,46.0,1.0,1.0,1.0,1.0,,1.0,25.0,12.0,2.0,0.32,1.0,85.0,1.0,1.0,7.0,1.0,0.0,1.0,1.0,0.0,,,0.0,,5.0,0.647854203409759,15.0,,,,,0.764044943820225,0.0,,
derby@0,139,17,0.10305488108148063,0.7818023563989696,0.2160051610849173,2.0,23.0,1.0,14.0,0.0,1.0,,1.0,0.0,14.0,2.0,0.86,0.0,91.0,1.0,0.0,12.0,2.0,0.0,0.0,1.0,0.0,,,0.0,,0.0,0.881547139403707,674.0,,,,,0.482758620689655,0.0,,
derby@0,140,0,0.24947179380409953,0.7813912200410633,0.453438607072552,8.0,7.0,1.0,30.0,23.0,2.0,,2.0,0.0,20.0,54.0,0.76,0.0,0.0,1.0,1.0,12.0,3.0,3.68115942028985,1.0,1.0,0.0,,,0.0,,7.0,0.514598540145985,57.0,,,,,0.0,6.0,,
derby@0,159,13,0.007861629325632806,0.8799143725899944,0.10975337553084813,8.0,0.0,1.0,7.0,9.0,10.0,,1.0,1.0,1.0,17.0,1.85,1.0,88.0,1.0,0.0,3.0,1.0,5.42307692307692,1.0,0.0,0.0,,,0.0,,2.0,0.584553928095872,405.0,,,,,0.535714285714286,6.0,,
derby@0,160,14,0.025380744767530373,0.581931880452809,0.0838598464447002,1.0,1.0,2.0,6.0,0.0,4.0,,1.0,10.0,11.0,0.0,0.79,1.0,84.0,1.0,0.0,5.0,1.0,1.8,2.0,1.0,0.0,,,0.0,,5.0,0.838926174496644,122.0,,,,,1.8,0.0,,
derby@0,163,0,0.0,0.9119321121804823,0.0062284797456661645,0.0,1.0,3.0,0.0,0.0,11.0,,2.0,0.0,4.0,2.0,0.86,7.0,37.0,2.0,0.0,1.0,2.0,3.0,1.0,2.0,0.0,,,0.0,,2.0,0.700729927007299,50.0,,,,,1.0,6.0,,
derby@0,168,6,0.23845575900447444,0.9221951957257867,0.41702151772850893,16.0,10.0,1.0,9.0,0.0,7.0,,1.0,50.0,9.0,0.0,0.66,1.0,90.0,1.0,0.0,16.0,1.0,7.48684210526316,1.0,1.0,0.0,,,0.0,,2.0,0.849949647532729,696.0,,,,,0.692307692307692,6.0,,
derby@0,169,1,0.364470514944859,0.9280303444196605,0.6787930629424457,0.0,7.0,1.0,5.0,4.0,8.0,,1.0,57.0,16.0,1.0,0.77,1.0,90.0,1.0,0.0,13.0,1.0,7.40963855421687,1.0,1.0,0.0,,,0.0,,0.0,0.946419629444166,754.0,,,,,0.0,6.0,,
derby@0,171,5,3.3795063492056387,3.7408947838111586,3.6138552549833554,0.0,3.0,2.0,26.0,6.0,13.0,,2.0,25.0,36.0,4.0,0.05,2.0,96.0,2.0,0.0,53.0,1.0,9.43243243243243,0.0,1.0,0.0,,,0.0,,0.0,0.863466409359547,32.0,,,,,1.51595744680851,6.0,,
derby@0,172,0,0.0043383947939262535,0.7331887201735358,0.09907391957283498,0.0,3.0,1.0,17.0,2.0,3.0,,2.0,4.0,13.0,1.0,0.31,1.0,84.0,3.0,1.0,8.0,1.0,10.25,3.0,1.0,0.0,,,0.0,,3.0,0.865853658536585,44.0,,,,,1.09090909090909,3.0,,
derby@0,175,15,0.4884628781165111,1.0176082155049648,0.6320642266793215,13.0,7.0,1.0,1.0,2.0,4.0,,2.0,93.0,49.0,5.0,0.7,0.0,95.0,1.0,0.0,13.0,1.0,3.97457627118644,1.0,1.0,0.0,,,0.0,,3.0,0.684674751929438,44.0,,,,,0.0,17.0,,
derby@0,177,8,0.07361100081250782,0.36611615711138584,0.25312123770101347,23.0,2.0,1.0,0.0,0.0,7.0,,1.0,2.0,4.0,0.0,3.1,0.0,75.0,1.0,0.0,1.0,1.0,6.85185185185185,1.0,1.0,0.0,,,0.0,,2.0,0.825857519788918,15.0,,,,,1.41379310344828,124.0,,
derby@0,182,0,0.0,0.9134844251267722,0.004982181339205209,1.0,0.0,1.0,0.0,1.0,5.0,,1.0,2.0,4.0,14.0,1.04,1.0,67.0,2.0,0.0,6.0,1.0,2.70588235294118,0.0,1.0,0.0,,,0.0,,3.0,0.622895622895623,125.0,,,,,0.578947368421053,6.0,,
derby@0,184,0,0.0,1.0,0.37373949579831933,0.0,0.0,10.0,39.0,2.0,9.0,,1.0,2.0,0.0,0.0,0.46,0.0,97.0,1.0,0.0,4.0,1.0,14.0,4.0,1.0,0.0,,,0.0,,1.0,0.959016393442623,76.0,,,,,0.75,0.0,,
derby@0,186,0,1.4416971621339603,1.9055150697077117,1.7416310718087726,1.0,3.0,1.0,76.0,3.0,8.0,,6.0,23.0,61.0,38.0,0.52,1.0,98.0,1.0,0.0,32.0,2.0,5.90225563909774,0.0,0.0,0.0,,,0.0,,8.0,1.0,100.0,,,,,0.978571428571429,6.0,,
derby@0,189,14,0.006785928844231753,0.8208700192652288,0.18673602506490772,1.0,1.0,1.0,9.0,0.0,5.0,,1.0,12.0,15.0,0.0,0.77,0.0,88.0,1.0,0.0,5.0,1.0,3.8,1.0,1.0,0.0,,,0.0,,1.0,0.801470588235294,116.0,,,,,0.0,0.0,,
derby@0,193,4,0.0013346637004232826,0.6240939895618944,0.03919486377357902,28.0,0.0,2.0,64.0,2.0,5.0,,1.0,0.0,9.0,1.0,0.21,0.0,92.0,1.0,0.0,7.0,1.0,5.8,1.0,1.0,0.0,,,0.0,,3.0,0.88568683957733,176.0,,,,,1.25806451612903,6.0,,
derby@0,196,13,0.02789954703441391,0.4908968659225823,0.09470997038076585,0.0,0.0,1.0,12.0,0.0,5.0,,1.0,0.0,0.0,1.0,2.47,0.0,100.0,0.0,2.0,0.0,0.0,3.8,1.0,1.0,0.0,,,0.0,,0.0,0.814285714285714,42.0,,,,,1.0,8.0,,
derby@0,204,17,0.01986677823373152,0.6926888608535344,0.16752113100888408,6.0,0.0,1.0,6.0,62.0,9.0,,2.0,0.0,0.0,57.0,0.78,1.0,98.0,1.0,0.0,7.0,2.0,4.04761904761905,0.0,1.0,0.0,,,0.0,,6.0,0.682824655894674,659.0,,,,,0.636363636363636,6.0,,
derby@0,208,2,0.06346606252736028,0.7935604529124012,0.21978140441658736,1.0,0.0,1.0,0.0,0.0,5.0,,1.0,1.0,4.0,13.0,0.47,1.0,73.0,1.0,2.0,10.0,2.0,9.86666666666667,1.0,1.0,0.0,,,0.0,,1.0,0.960648148148148,44.0,,,,,0.666666666666667,12.0,,
derby@0,209,0,0.0,0.5606060606060608,0.06179750249377714,0.0,0.0,1.0,0.0,0.0,3.0,,1.0,0.0,0.0,4.0,1.06,1.0,0.0,2.0,0.0,1.0,1.0,2.5,1.0,2.0,0.0,,,0.0,,0.0,0.928571428571429,36.0,,,,,0.4,5.0,,
derby@0,212,0,0.0,1.0,0.8695652173913043,0.0,0.0,1.0,0.0,0.0,4.0,,1.0,0.0,1.0,7.0,1.92,0.0,28.0,1.0,1.0,1.0,2.0,1.71428571428571,0.0,1.0,0.0,,,0.0,,1.0,0.952,71.0,,,,,0.0,2.0,,
derby@0,213,2,0.0,0.6779661016949152,0.18252179876555302,0.0,0.0,1.0,0.0,0.0,3.0,,1.0,0.0,1.0,7.0,0.91,0.0,58.0,1.0,0.0,1.0,3.0,2.71428571428571,0.0,1.0,0.0,,,0.0,,1.0,0.953846153846154,52.0,,,,,0.888888888888889,0.0,,
derby@0,214,0,0.0,0.9164855634895995,0.0028779724371831255,0.0,0.0,1.0,6.0,1.0,3.0,,1.0,0.0,11.0,17.0,0.5,1.0,83.0,2.0,0.0,7.0,1.0,6.52941176470588,0.0,1.0,0.0,,,0.0,,2.0,0.857142857142857,99.0,,,,,0.736842105263158,6.0,,
derby@0,216,0,0.0,1.0,0.8695652173913043,0.0,0.0,1.0,0.0,0.0,2.0,,1.0,0.0,2.0,9.0,0.98,0.0,44.0,1.0,0.0,1.0,2.0,2.0,0.0,1.0,0.0,,,0.0,,0.0,0.944444444444444,44.0,,,,,0.0,2.0,,
derby@0,217,0,0.015184381778741835,1.0151843817787418,0.3788690972801602,0.0,0.0,1.0,0.0,0.0,8.0,,1.0,0.0,7.0,27.0,0.94,0.0,62.0,1.0,0.0,4.0,3.0,5.25925925925926,0.0,1.0,0.0,,,0.0,,3.0,0.515650741350906,100.0,,,,,0.482758620689655,224.0,,
derby@0,247,14,0.0,0.9141053503052882,0.004507929182999172,0.0,4.0,1.0,0.0,0.0,2.0,,1.0,1.0,7.0,41.0,0.35,0.0,89.0,1.0,1.0,12.0,2.0,4.71739130434783,0.0,1.0,0.0,,,0.0,,5.0,0.792048929663609,148.0,,,,,0.875,6.0,,
derby@0,267,0,0.0,0.9158646383110834,0.0032512144582551687,0.0,0.0,0.0,0.0,0.0,0.0,,1.0,0.0,30.0,0.0,5.42,0.0,0.0,0.0,0.0,0.0,0.0,0.0,0.0,0.0,0.0,,,0.0,,2.0,0.685393258426966,179.0,,,,,0.0,6.0,,
derby@0,327,17,0.05662399943292611,0.610724684859234,0.1961893259758543,2.0,0.0,2.0,2.0,15.0,4.0,,1.0,0.0,0.0,14.0,1.5,2.0,81.0,1.0,0.0,2.0,1.0,15.75,1.0,1.0,0.0,,,0.0,,0.0,0.974137931034483,98.0,,,,,1.27777777777778,2.0,,
derby@0,336,0,0.0,0.9162268446652179,0.0030248706771856845,0.0,0.0,1.0,0.0,16.0,5.0,,1.0,0.0,0.0,16.0,0.76,2.0,0.0,1.0,0.0,0.0,1.0,6.0625,1.0,1.0,0.0,,,0.0,,1.0,0.929347826086957,129.0,,,,,1.33333333333333,6.0,,
derby@0,339,0,0.0,0.9157094070164545,0.003353970030506863,0.0,2.0,2.0,0.0,0.0,3.0,,1.0,0.0,1.0,2.0,0.51,4.0,25.0,2.0,0.0,7.0,1.0,3.25,2.0,1.0,0.0,,,0.0,,0.0,0.672727272727273,27.0,,,,,1.0,6.0,,
derby@0,341,4,0.0,0.5277777777777777,0.13314332247557,1.0,1.0,1.0,1.0,0.0,2.0,,1.0,0.0,4.0,15.0,0.58,1.0,58.0,2.0,0.0,11.0,1.0,8.58823529411765,1.0,1.0,0.0,,,0.0,,1.0,0.975903614457831,72.0,,,,,0.631578947368421,0.0,,
derby@0,347,0,0.011971616605685732,0.8677977841573745,0.36608841902599315,9.0,0.0,2.0,0.0,7.0,8.0,,1.0,0.0,3.0,31.0,0.92,1.0,65.0,1.0,0.0,4.0,3.0,19.075,1.0,0.0,0.0,,,0.0,,2.0,1.0,397.0,,,,,0.80952380952381,0.0,,
derby@0,356,0,0.0,0.6919739696312364,0.05993972134156518,0.0,0.0,2.0,0.0,4.0,7.0,,1.0,0.0,0.0,4.0,1.06,3.0,0.0,1.0,0.0,0.0,1.0,5.0,3.0,1.0,1.0,,,0.0,,1.0,0.951219512195122,32.0,,,,,1.83333333333333,0.0,,
derby@0,363,3,0.0,0.9166407947842284,0.0028001034199644447,0.0,0.0,0.0,0.0,0.0,0.0,,1.0,0.0,1.0,0.0,1.07,0.0,0.0,0.0,0.0,0.0,0.0,0.0,0.0,0.0,0.0,,,0.0,,5.0,0.958724202626642,508.0,,,,,0.0,6.0,,
derby@0,366,17,0.08587198223930136,0.7823286343228886,0.21298139140990413,0.0,0.0,0.0,304.0,0.0,0.0,,1.0,0.0,5.0,0.0,1.51,0.0,0.0,0.0,0.0,0.0,0.0,0.0,0.0,0.0,0.0,,,0.0,,3.0,0.3,914.0,,,,,0.0,17.0,,
derby@0,386,2,0.0,0.71875,0.07486979166666667,0.0,0.0,3.0,0.0,0.0,14.0,,1.0,0.0,2.0,2.0,2.13,2.0,0.0,1.0,0.0,0.0,1.0,3.0,1.0,6.0,1.0,,,0.0,,1.0,0.956521739130435,83.0,,,,,2.6,0.0,,
derby@0,395,0,0.0,0.9168995136086101,0.0029503236209329486,0.0,1.0,2.0,5.0,22.0,4.0,,1.0,0.0,0.0,21.0,0.71,3.0,95.0,1.0,0.0,10.0,1.0,7.86363636363636,3.0,2.0,0.0,,,0.0,,2.0,0.974308300395257,159.0,,,,,1.20833333333333,6.0,,
derby@0,408,4,0.0,0.736111111111111,0.08505247918928699,0.0,21.0,1.0,16.0,0.0,5.0,,1.0,0.0,1.0,33.0,3.22,0.0,100.0,1.0,1.0,11.0,1.0,3.07407407407407,0.0,0.0,0.0,,,0.0,,2.0,0.89048473967684,351.0,,,,,0.0,0.0,,
derby@0,420,0,0.0,0.75,0.21513157894736842,0.0,4.0,1.0,3.0,0.0,8.0,,1.0,0.0,0.0,0.0,3.95,0.0,100.0,0.0,1.0,4.0,0.0,1.16666666666667,1.0,0.0,0.0,,,0.0,,0.0,0.944954128440367,75.0,,,,,0.0,0.0,,
derby@0,426,0,0.0,0.8750000000000001,0.2508403361344538,0.0,0.0,1.0,21.0,0.0,6.0,,1.0,0.0,0.0,6.0,2.14,1.0,100.0,0.0,1.0,2.0,0.0,2.66666666666667,0.0,0.0,0.0,,,0.0,,1.0,0.611940298507463,75.0,,,,,0.111111111111111,0.0,,
derby@0,428,1,0.4847901618916412,0.9464411285118763,0.6417473249811628,0.0,34.0,1.0,14.0,0.0,6.0,,1.0,0.0,0.0,77.0,4.2,0.0,100.0,1.0,1.0,0.0,1.0,4.14414414414414,0.0,0.0,0.0,,,0.0,,5.0,0.941564561734213,15.0,,,,,0.0,6.0,,
derby@0,437,0,5.174376487633229e-05,0.9135879126565248,0.004902679493715132,0.0,0.0,1.0,0.0,1.0,5.0,,1.0,0.0,9.0,21.0,0.89,0.0,82.0,2.0,0.0,14.0,3.0,4.52380952380952,1.0,1.0,0.0,,,0.0,,2.0,0.958762886597938,156.0,,,,,0.625,6.0,,
derby@0,438,0,0.0,0.9168477698437338,0.0029150770520400392,0.0,0.0,1.0,0.0,0.0,4.0,,1.0,1.0,13.0,24.0,1.09,0.0,91.0,1.0,17.0,14.0,1.0,8.52,1.0,1.0,0.0,,,0.0,,1.0,0.979942693409742,156.0,,,,,0.333333333333333,6.0,,
derby@0,441,0,0.0,1.0,0.37373949579831933,1.0,0.0,1.0,0.0,1.0,6.0,,1.0,0.0,11.0,25.0,0.96,0.0,83.0,2.0,0.0,10.0,1.0,8.88461538461539,0.0,1.0,0.0,,,0.0,,1.0,0.785249457700651,200.0,,,,,0.357142857142857,0.0,,
derby@0,443,0,0.0,0.9144158128945462,0.0042757297419219195,0.0,1.0,1.0,0.0,0.0,6.0,,1.0,0.0,9.0,20.0,0.93,0.0,83.0,2.0,0.0,15.0,3.0,11.1904761904762,1.0,1.0,0.0,,,0.0,,1.0,0.981958762886598,166.0,,,,,0.608695652173913,6.0,,
derby@0,446,0,5.174376487633229e-05,0.9138983752457829,0.004665074828015325,0.0,2.0,1.0,4.0,1.0,8.0,,1.0,0.0,9.0,33.0,1.12,0.0,92.0,2.0,2.0,18.0,4.0,5.11428571428571,0.0,1.0,0.0,,,0.0,,1.0,0.987252124645892,333.0,,,,,0.621621621621622,6.0,,
derby@0,449,2,0.14159614501194712,0.9181303676456678,0.24905050071356535,0.0,1.0,1.0,41.0,0.0,10.0,,1.0,0.0,1.0,110.0,3.52,0.0,100.0,0.0,2.0,31.0,0.0,4.0990990990991,0.0,0.0,0.0,,,0.0,,1.0,0.833517699115044,1292.0,,,,,0.0,6.0,,
derby@0,464,4,0.17237441278510224,0.5500959039100871,0.30644538801625615,3.0,0.0,1.0,5.0,1.0,9.0,,1.0,0.0,15.0,37.0,0.85,1.0,58.0,2.0,0.0,28.0,4.0,6.125,1.0,1.0,0.0,,,0.0,,0.0,1.0,504.0,,,,,0.738095238095238,6.0,,
derby@0,468,1,0.0,0.722222222222222,0.07188744118711544,0.0,0.0,2.0,0.0,0.0,5.0,,1.0,0.0,3.0,3.0,0.77,1.0,33.0,2.0,0.0,7.0,1.0,5.0,0.0,1.0,0.0,,,0.0,,0.0,0.435897435897436,44.0,,,,,1.2,0.0,,
derby@0,475,2,0.0007055308369157646,0.8936450179655522,0.10777763665885641,2.0,0.0,1.0,9.0,0.0,7.0,,1.0,0.0,15.0,61.0,0.86,0.0,94.0,2.0,0.0,28.0,3.0,10.2063492063492,0.0,1.0,0.0,,,0.0,,1.0,0.95810705973623,532.0,,,,,0.707692307692308,6.0,,
derby@0,477,4,0.0004031604782375799,0.8939435715122906,0.10775867862121226,0.0,0.0,1.0,4.0,0.0,7.0,,1.0,1.0,21.0,40.0,0.92,0.0,91.0,2.0,0.0,18.0,5.0,3.90243902439024,0.0,1.0,0.0,,,0.0,,1.0,0.971363115693013,378.0,,,,,0.441860465116279,6.0,,
derby@0,493,13,0.0004466197971717886,0.6904924805599781,0.09489394558199025,0.0,1.0,1.0,6.0,0.0,7.0,,1.0,0.0,0.0,15.0,4.9,0.0,100.0,2.0,2.0,4.0,2.0,0.0,0.0,0.0,0.0,,,0.0,,1.0,0.780487804878049,147.0,,,,,0.0,5.0,,
derby@0,494,1,0.0,0.9146227879540515,0.004122919537488443,0.0,32.0,1.0,0.0,0.0,23.0,,1.0,0.0,1.0,9.0,2.37,1.0,100.0,0.0,1.0,7.0,0.0,0.024390243902439,0.0,1.0,0.0,,,0.0,,4.0,0.923566878980892,1025.0,,,,,0.0,6.0,,
derby@0,505,1,0.0,0.6984815618221258,0.06593108626731187,0.0,11.0,1.0,0.0,0.0,7.0,,1.0,0.0,0.0,8.0,4.47,0.0,0.0,2.0,1.0,6.0,1.0,2.05263157894737,1.0,0.0,0.0,,,0.0,,2.0,0.937238493723849,149.0,,,,,0.0,1.0,,
derby@0,527,1,0.0,0.6312364425162689,0.0390611963957951,0.0,0.0,1.0,4.0,0.0,12.0,,1.0,0.0,0.0,8.0,4.34,0.0,100.0,2.0,1.0,8.0,1.0,5.25,1.0,0.0,0.0,,,0.0,,1.0,0.84020618556701,149.0,,,,,0.0,24.0,,
derby@0,572,12,0.00025197529889848727,0.8953866164328327,0.10768701586484614,0.0,4.0,1.0,4.0,0.0,4.0,,1.0,0.0,0.0,23.0,3.4,0.0,100.0,1.0,2.0,12.0,1.0,1.51851851851852,0.0,0.0,0.0,,,0.0,,2.0,0.692090395480226,221.0,,,,,0.0,6.0,,
derby@0,578,0,0.0,0.9158646383110834,0.0032512144582551687,0.0,13.0,1.0,19.0,0.0,23.0,,1.0,0.0,0.0,20.0,7.12,1.0,100.0,0.0,1.0,7.0,0.0,19.3333333333333,1.0,0.0,0.0,,,0.0,,2.0,0.874555160142349,897.0,,,,,0.0,6.0,,
derby@0,600,15,0.2292086664899928,0.9161447844511789,0.4101677635346815,0.0,4.0,1.0,0.0,1.0,7.0,,1.0,6.0,0.0,56.0,1.08,0.0,0.0,1.0,13.0,10.0,4.0,3.22727272727273,0.0,0.0,0.0,,,0.0,,2.0,0.905393457117595,149.0,,,,,0.308823529411765,6.0,,
derby@0,601,0,0.03324315338973787,0.8286622501389407,0.125580317261923,2.0,0.0,2.0,0.0,16.0,11.0,,1.0,0.0,2.0,54.0,0.87,1.0,60.0,1.0,0.0,18.0,3.0,11.2321428571429,0.0,1.0,0.0,,,5.0,,7.0,1.0,658.0,,,,,0.741379310344828,6.0,,
derby@0,603,0,0.0,0.9167442823139813,0.002849876530030471,0.0,23.0,1.0,0.0,0.0,8.0,,1.0,0.0,0.0,38.0,5.46,0.0,0.0,4.0,10.0,4.0,2.0,10.983606557377,0.0,0.0,0.0,,,0.0,,3.0,0.969811320754717,601.0,,,,,0.0,6.0,,
derby@0,611,0,0.0,0.6497175141242937,0.1578655171287678,6.0,4.0,4.0,3.0,22.0,10.0,,1.0,0.0,0.0,13.0,0.43,3.0,100.0,1.0,0.0,5.0,1.0,6.82608695652174,0.0,1.0,0.0,,,0.0,,4.0,0.914705882352941,276.0,,,,,2.2,0.0,,
derby@0,620,6,0.03544331847211925,0.8987428404832842,0.14294380216019867,3.0,5.0,2.0,2.0,2.0,5.0,,1.0,1.0,3.0,33.0,0.51,1.0,77.0,2.0,2.0,15.0,2.0,3.52380952380952,0.0,1.0,0.0,,,0.0,,2.0,0.961605584642234,333.0,,,,,1.18181818181818,6.0,,
derby@0,624,8,0.4918726037989692,0.8450125563397395,0.6031337220644426,8.0,0.0,2.0,4.0,6.0,7.0,,1.0,24.0,9.0,77.0,0.55,1.0,94.0,2.0,3.0,11.0,3.0,5.11926605504587,0.0,1.0,0.0,,,0.0,,8.0,1.0,100.0,,,,,0.981981981981982,6.0,,
derby@0,625,11,0.00025197529889848727,0.894590446325722,0.1077219802208654,0.0,1.0,1.0,0.0,0.0,1.0,,1.0,0.0,0.0,35.0,0.44,0.0,0.0,4.0,1.0,8.0,1.0,0.611111111111111,0.0,1.0,0.0,,,0.0,,1.0,0.759206798866855,90.0,,,,,0.315789473684211,6.0,,
derby@0,628,0,0.1691973969631236,1.1691973969631237,0.532882112464542,1.0,1.0,1.0,2.0,0.0,4.0,,1.0,3.0,2.0,49.0,0.77,0.0,78.0,3.0,0.0,11.0,1.0,2.09259259259259,0.0,1.0,0.0,,,0.0,,3.0,0.990066225165563,100.0,,,,,0.535714285714286,2.0,,
derby@0,637,1,0.1670281995661605,1.1670281995661607,0.5307129150675788,0.0,1.0,1.0,2.0,0.0,4.0,,1.0,3.0,2.0,49.0,0.78,0.0,81.0,3.0,0.0,13.0,1.0,2.09433962264151,0.0,1.0,0.0,,,0.0,,1.0,0.993311036789298,100.0,,,,,0.527272727272727,0.0,,
derby@0,640,0,0.002328088731105439,0.8453266527261022,0.04122959184130486,5.0,9.0,1.0,8.0,10.0,4.0,,1.0,6.0,3.0,37.0,0.59,0.0,92.0,2.0,0.0,18.0,2.0,3.50877192982456,0.0,1.0,0.0,,,0.0,,3.0,1.0,346.0,,,,,0.610169491525424,6.0,,
derby@0,641,9,0.0896329272762772,0.5383387338960552,0.2376332737330989,6.0,8.0,2.0,15.0,7.0,5.0,,1.0,2.0,4.0,40.0,0.31,1.0,83.0,2.0,0.0,22.0,2.0,4.64285714285714,0.0,1.0,0.0,,,0.0,,0.0,0.685931558935361,344.0,,,,,1.0,6.0,,
derby@0,645,0,0.0,0.8750000000000001,0.2508403361344538,2.0,0.0,1.0,0.0,0.0,25.0,,3.0,3.0,7.0,9.0,1.59,3.0,68.0,1.0,0.0,10.0,2.0,4.0,1.0,0.0,0.0,,,0.0,,2.0,0.851990049751244,440.0,,,,,1.0,0.0,,
derby@0,646,0,0.0,0.9134844251267722,0.004982181339205209,0.0,0.0,1.0,8.0,0.0,10.0,,1.0,0.0,0.0,10.0,3.42,0.0,100.0,6.0,1.0,3.0,1.0,0.4,0.0,1.0,0.0,,,0.0,,3.0,0.679245283018868,147.0,,,,,0.0,6.0,,
derby@0,647,0,0.31360140912696427,0.8216995109823109,0.52691446785416,2.0,0.0,2.0,131.0,4.0,6.0,,1.0,0.0,21.0,8.0,0.41,1.0,97.0,1.0,0.0,39.0,2.0,14.4909090909091,0.0,1.0,0.0,,,0.0,,5.0,1.0,100.0,,,,,0.0,6.0,,
derby@0,651,4,0.1574987972966619,0.830421675112196,0.2765106860506697,1.0,0.0,2.0,11.0,1.0,13.0,,1.0,1.0,4.0,29.0,1.32,1.0,92.0,2.0,0.0,20.0,3.0,3.32258064516129,0.0,1.0,0.0,,,0.0,,0.0,1.0,496.0,,,,,1.03030303030303,6.0,,
derby@0,663,9,0.04014850405854927,0.8228460050868884,0.1447546344157503,1.0,0.0,1.0,0.0,1.0,2.0,,1.0,11.0,19.0,32.0,0.41,1.0,93.0,1.0,1.0,43.0,6.0,3.02272727272727,0.0,0.0,0.0,,,0.0,,1.0,0.942583732057416,100.0,,,,,0.851063829787234,6.0,,
derby@0,688,0,0.08587468038542315,0.7830664579029776,0.18682046881239459,0.0,13.0,1.0,0.0,0.0,3.0,,1.0,0.0,3.0,0.0,1.47,0.0,64.0,1.0,6.0,2.0,1.0,7.8,2.0,1.0,0.0,,,0.0,,1.0,0.962025316455696,78.0,,,,,0.2,0.0,,
derby@0,689,9,0.07295395920608293,0.8367480807313868,0.23271970430564148,6.0,2.0,3.0,1.0,0.0,11.0,,1.0,2.0,8.0,11.0,0.59,1.0,72.0,2.0,0.0,16.0,2.0,7.57142857142857,2.0,1.0,0.0,,,0.0,,1.0,0.655276381909548,149.0,,,,,2.30434782608696,6.0,,
derby@0,695,3,0.04773352101458507,0.5830050842064056,0.13853617263414963,3.0,2.0,2.0,0.0,0.0,15.0,,1.0,1.0,2.0,13.0,0.89,0.0,60.0,2.0,0.0,16.0,2.0,4.9,0.0,1.0,0.0,,,0.0,,1.0,0.684879288437103,349.0,,,,,2.14285714285714,6.0,,
derby@0,696,1,0.5824511249822307,0.9331196800485637,0.7287014142478536,14.0,4.0,1.0,6.0,0.0,9.0,,1.0,13.0,15.0,60.0,0.97,1.0,95.0,1.0,1.0,0.0,2.0,6.20879120879121,0.0,1.0,0.0,,,2.0,,0.0,1.0,100.0,,,,,0.827956989247312,6.0,,
derby@0,700,5,2.040581595220357,2.519488569576881,2.2134756023051936,17.0,0.0,1.0,2.0,1.0,11.0,,1.0,3.0,2.0,180.0,2.08,0.0,99.0,2.0,1.0,23.0,3.0,1.395,0.0,1.0,0.0,,,0.0,,0.0,0.747786423396834,274.889,,,,,0.222772277227723,6.0,,
derby@0,705,0,0.6268825780376027,1.118170045344874,0.8460690658361989,11.0,5.0,1.0,0.0,0.0,5.0,,1.0,5.0,5.0,8.0,1.07,1.0,93.0,3.0,3.0,31.0,2.0,4.68354430379747,0.0,1.0,0.0,,,0.0,,6.0,0.633699633699634,100.0,,,,,0.802469135802469,0.0,,
derby@0,710,3,1.5374637193146583,1.7390170723428593,1.5831845753898546,18.0,8.0,1.0,8.0,2.0,13.0,,1.0,12.0,26.0,1.0,3.1,1.0,58.0,2.0,2.0,48.0,3.0,5.54545454545455,0.0,1.0,0.0,,,0.0,,10.0,0.655260570304818,44.0,,,,,0.4,58.0,,
derby@0,719,3,0.4436078502924058,0.6875347584450305,0.5101619800598625,3.0,10.0,1.0,0.0,0.0,11.0,,1.0,0.0,24.0,45.0,0.7,2.0,94.0,2.0,2.0,7.0,2.0,5.17241379310345,0.0,0.0,0.0,,,0.0,,0.0,0.902935889754344,23.0,,,,,0.916666666666667,6.0,,
derby@0,724,9,0.05795141669091662,0.6525254506633519,0.3245814657128174,0.0,22.0,1.0,0.0,1.0,3.0,,1.0,0.0,9.0,1.0,1.07,0.0,82.0,1.0,0.0,0.0,1.0,3.91304347826087,1.0,1.0,0.0,,,0.0,,2.0,0.89438202247191,15.0,,,,,0.76,45.0,,
derby@0,725,8,0.001291975305157184,0.655572719155019,0.11860899546357506,5.0,1.0,3.0,0.0,0.0,3.0,,1.0,0.0,12.0,7.0,0.27,3.0,71.0,2.0,0.0,5.0,1.0,5.92307692307692,1.0,2.0,0.0,,,0.0,,2.0,0.883928571428571,15.0,,,,,2.33333333333333,450.0,,
derby@0,726,12,0.0,0.8912791549712573,0.07345802931239706,3.0,6.0,1.0,1.0,24.0,1.0,,1.0,0.0,0.0,15.0,0.43,0.0,83.0,1.0,0.0,19.0,1.0,18.375,2.0,1.0,0.0,,,0.0,,1.0,0.739255014326648,86.0,,,,,0.461538461538462,6.0,,
derby@0,729,4,0.007169886297843432,0.807492334929084,0.10704356907569346,5.0,0.0,1.0,0.0,4.0,8.0,,1.0,1.0,2.0,4.0,0.79,1.0,70.0,2.0,0.0,9.0,1.0,7.0,3.0,2.0,0.0,,,0.0,,2.0,0.426116838487972,149.0,,,,,1.16666666666667,6.0,,
derby@0,732,0,0.0,0.9014798716754631,0.0157011922011167,4.0,5.0,1.0,0.0,0.0,6.0,,1.0,0.0,10.0,3.0,0.62,2.0,74.0,2.0,0.0,1.0,2.0,5.41666666666667,0.0,2.0,0.0,,,0.0,,1.0,0.574324324324324,147.0,,,,,2.0,6.0,,
derby@0,738,0,0.0,0.9161233571354651,0.003087931631115491,0.0,18.0,1.0,0.0,18.0,2.0,,1.0,0.0,0.0,0.0,0.85,0.0,0.0,1.0,0.0,4.0,1.0,4.38888888888889,2.0,3.0,0.0,,,0.0,,2.0,0.876651982378855,82.0,,,,,0.15,6.0,,
derby@0,743,2,0.008436008676789642,0.9915639913232104,0.3552689856916403,12.0,4.0,1.0,3.0,0.0,5.0,,1.0,1.0,18.0,43.0,0.61,3.0,89.0,1.0,0.0,20.0,2.0,7.01666666666667,1.0,1.0,0.0,,,0.0,,1.0,0.99568655643422,274.889,,,,,0.919354838709677,0.0,,
derby@0,746,0,0.125,1.125,0.6705974842767296,4.0,14.0,3.0,14.0,5.0,16.0,,1.0,0.0,3.0,0.0,0.95,5.0,92.0,1.0,0.0,13.0,1.0,11.6666666666667,3.0,1.0,0.0,,,0.0,,2.0,0.99685393258427,1108.0,,,,,1.97142857142857,0.0,,
derby@0,769,0,0.0,0.9161751009003415,0.00305611963203483,5.0,2.0,4.0,0.0,6.0,8.0,,1.0,0.0,0.0,0.0,0.37,9.0,0.0,1.0,0.0,19.0,1.0,5.0,0.0,1.0,0.0,,,0.0,,1.0,0.914209115281501,78.0,,,,,2.77777777777778,6.0,,
derby@0,778,7,0.3350339323768728,0.7904274551847266,0.5274492835610987,21.0,9.0,3.0,2.0,6.0,1.0,,3.0,10.0,27.0,1.0,0.34,4.0,38.0,1.0,1.0,42.0,3.0,4.61428571428571,1.0,1.0,0.0,,,0.0,,5.0,0.991799544419134,23.0,,,,,1.73333333333333,6.0,,
derby@0,779,8,0.0,0.7097544644283935,0.24211104387006396,3.0,3.0,2.0,0.0,0.0,3.0,,1.0,0.0,6.0,8.0,0.4,0.0,76.0,2.0,0.0,4.0,2.0,2.35714285714286,0.0,1.0,0.0,,,0.0,,1.0,0.963087248322148,68.0,,,,,1.125,14.0,,
derby@0,783,14,0.009241361561876372,0.7396344513911925,0.18840197395389383,2.0,0.0,2.0,2.0,0.0,3.0,,13.0,1.0,12.0,27.0,0.21,1.0,80.0,1.0,0.0,13.0,3.0,4.21875,0.0,1.0,0.0,,,0.0,,4.0,0.892391304347826,44.0,,,,,1.67391304347826,6.0,,
derby@0,784,0,0.002169197396963119,0.7266811279826465,0.09278533288836979,2.0,12.0,3.0,0.0,1.0,2.0,,1.0,0.0,8.0,1.0,0.35,4.0,75.0,1.0,0.0,11.0,1.0,5.26666666666667,2.0,1.0,0.0,,,0.0,,2.0,0.982843137254902,44.0,,,,,1.11764705882353,1.0,,
derby@0,796,0,0.05335625135620418,0.9833621080391824,0.3029426335080793,5.0,11.0,2.0,1.0,0.0,2.0,,3.0,0.0,14.0,2.0,0.32,3.0,79.0,2.0,0.0,5.0,2.0,5.38888888888889,1.0,1.0,0.0,,,0.0,,0.0,0.957845433255269,79.0,,,,,1.31818181818182,73.0,,
derby@0,807,8,0.060222846723176425,0.6106015348234803,0.12425451081104275,6.0,3.0,1.0,0.0,1.0,16.0,,1.0,5.0,3.0,5.0,1.04,4.0,61.0,1.0,0.0,19.0,2.0,5.52631578947368,0.0,1.0,0.0,,,0.0,,7.0,1.0,360.0,,,,,0.952380952380952,6.0,,
derby@0,819,4,4.3933959036753774e-05,0.781067437362898,0.06345666530249515,0.0,1.0,1.0,15.0,0.0,5.0,,1.0,0.0,1.0,4.0,0.33,0.0,81.0,3.0,0.0,19.0,1.0,5.22222222222222,0.0,1.0,0.0,,,0.0,,2.0,0.764705882352941,75.0,,,,,1.09090909090909,6.0,,
derby@0,820,7,0.006181143860027794,0.6272094138260528,0.0811481997484545,0.0,0.0,1.0,21.0,0.0,18.0,,1.0,0.0,1.0,8.0,0.56,5.0,77.0,2.0,0.0,32.0,1.0,1.8,1.0,1.0,0.0,,,0.0,,3.0,0.951585976627713,201.0,,,,,1.2,6.0,,
derby@0,822,0,0.0,0.9168477698437338,0.0029150770520400392,0.0,0.0,1.0,15.0,0.0,20.0,,1.0,5.0,0.0,4.0,0.43,7.0,74.0,2.0,0.0,25.0,1.0,7.88888888888889,2.0,3.0,0.0,,,0.0,,1.0,0.992094861660079,221.0,,,,,1.27272727272727,6.0,,
derby@0,828,9,0.0009759600679317987,0.8252239350806042,0.04747617112165897,0.0,0.0,1.0,13.0,0.0,7.0,,1.0,0.0,1.0,9.0,0.46,0.0,77.0,3.0,0.0,18.0,1.0,5.11111111111111,0.0,1.0,0.0,,,0.0,,1.0,0.779605263157895,57.0,,,,,0.818181818181818,6.0,,
derby@0,832,0,0.0,0.5674371029995273,0.15218086922678467,2.0,0.0,1.0,18.0,0.0,5.0,,1.0,0.0,1.0,9.0,0.34,0.0,73.0,3.0,0.0,18.0,1.0,8.27272727272727,1.0,1.0,0.0,,,0.0,,1.0,0.827050997782705,120.0,,,,,1.0,6.0,,
derby@0,833,0,0.00010079011955939491,0.895237333153691,0.10769233770903253,0.0,2.0,1.0,14.0,0.0,17.0,,1.0,1.0,0.0,3.0,0.58,7.0,70.0,2.0,0.0,21.0,1.0,8.33333333333333,2.0,3.0,0.0,,,0.0,,0.0,0.968325791855204,148.0,,,,,1.5,6.0,,
derby@0,835,0,0.0,0.9165373072544758,0.002850833705224049,1.0,0.0,1.0,25.0,0.0,39.0,,1.0,0.0,0.0,4.0,0.54,12.0,80.0,2.0,0.0,25.0,1.0,9.6,5.0,3.0,0.0,,,0.0,,1.0,0.990740740740741,242.0,,,,,1.28571428571429,6.0,,
derby@0,836,0,0.0,0.7638888888888888,0.11192544335866808,0.0,0.0,1.0,11.0,0.0,18.0,,1.0,0.0,0.0,4.0,0.62,6.0,54.0,2.0,0.0,11.0,1.0,8.5,6.0,3.0,0.0,,,0.0,,2.0,0.977635782747604,114.0,,,,,1.83333333333333,4.0,,
derby@0,837,0,0.11737147372726109,0.9616707335521126,0.30451608170693606,7.0,29.0,1.0,1.0,0.0,11.0,,1.0,0.0,7.0,1.0,0.61,2.0,87.0,1.0,0.0,11.0,1.0,9.81081081081081,3.0,1.0,0.0,,,0.0,,0.0,0.955520254169976,441.0,,,,,1.20512820512821,0.0,,
derby@0,843,0,0.0,0.9158646383110834,0.0032512144582551687,2.0,1.0,1.0,0.0,0.0,11.0,,1.0,0.0,9.0,13.0,0.68,2.0,80.0,4.0,0.0,28.0,1.0,4.1875,1.0,1.0,0.0,,,0.0,,2.0,0.974317817014446,223.0,,,,,1.11111111111111,6.0,,
derby@0,845,0,0.00010079011955939491,0.8944411664552943,0.1077297040212314,0.0,0.0,1.0,0.0,0.0,9.0,,1.0,0.0,12.0,11.0,0.62,2.0,70.0,4.0,0.0,24.0,1.0,5.63636363636364,1.0,1.0,0.0,,,0.0,,0.0,0.918072289156627,135.0,,,,,1.53846153846154,6.0,,
derby@0,850,0,5.1743764876332785e-05,0.9064472731035911,0.011019929851445285,2.0,4.0,1.0,0.0,2.0,8.0,,1.0,4.0,1.0,7.0,1.08,0.0,88.0,1.0,12.0,17.0,2.0,4.47058823529412,0.0,1.0,0.0,,,0.0,,1.0,0.9846547314578,171.0,,,,,0.421052631578947,6.0,,
derby@0,854,0,0.0,0.9168477698437338,0.0029150770520400392,0.0,0.0,1.0,0.0,0.0,9.0,,1.0,2.0,7.0,15.0,0.92,1.0,71.0,3.0,2.0,14.0,1.0,3.88235294117647,1.0,1.0,0.0,,,0.0,,2.0,0.981776765375854,185.0,,,,,0.631578947368421,6.0,,
derby@0,856,1,0.000755925896695462,0.8935952592906385,0.10778089591469966,1.0,3.0,1.0,20.0,0.0,12.0,,1.0,3.0,10.0,21.0,0.86,1.0,89.0,3.0,5.0,24.0,1.0,7.82142857142857,1.0,0.0,0.0,,,0.0,,0.0,0.706580366774542,384.0,,,,,0.633333333333333,6.0,,
derby@0,857,4,0.37596853260716007,0.710713076454645,0.4621112838687328,6.0,1.0,2.0,3.0,0.0,12.0,,1.0,6.0,5.0,34.0,0.05,2.0,88.0,5.0,0.0,30.0,2.0,5.65957446808511,0.0,1.0,0.0,,,0.0,,0.0,1.0,23.0,,,,,1.38775510204082,6.0,,
derby@0,864,2,0.097078682596838,0.6324457760489588,0.20172245068969688,4.0,3.0,2.0,0.0,0.0,14.0,,1.0,2.0,5.0,13.0,0.63,3.0,75.0,3.0,0.0,35.0,1.0,4.6,0.0,1.0,0.0,,,0.0,,4.0,0.945402298850575,100.0,,,,,1.20833333333333,6.0,,
derby@0,867,0,0.0,0.9142605815999172,0.00439126641822903,0.0,3.0,1.0,0.0,0.0,4.0,,1.0,0.0,0.0,7.0,0.47,2.0,0.0,2.0,0.0,8.0,1.0,3.4,0.0,1.0,0.0,,,0.0,,3.0,0.95397489539749,61.0,,,,,1.0,6.0,,
derby@0,868,0,0.0,0.9142088378350409,0.004430060165780491,0.0,3.0,1.0,0.0,0.0,3.0,,1.0,0.0,0.0,7.0,0.68,0.0,0.0,2.0,0.0,8.0,1.0,1.8,1.0,1.0,0.0,,,0.0,,2.0,0.948051948051948,52.0,,,,,0.833333333333333,6.0,,
derby@0,869,3,0.001513289748272518,0.713069083163287,0.18412322808911288,0.0,0.0,2.0,0.0,0.0,10.0,,1.0,1.0,3.0,7.0,0.79,3.0,45.0,3.0,0.0,0.0,1.0,4.25,2.0,2.0,0.0,,,0.0,,4.0,0.83175355450237,166.0,,,,,2.1,6.0,,
derby@0,871,3,0.062386746448429675,0.6515633337130398,0.19341966236160743,2.0,7.0,2.0,3.0,1.0,12.0,,1.0,0.0,9.0,11.0,0.68,2.0,81.0,3.0,1.0,29.0,1.0,4.6,1.0,1.0,0.0,,,0.0,,2.0,1.0,285.0,,,,,0.0,6.0,,
derby@0,873,0,0.322830399004399,0.7719294540920631,0.47227387631621426,1.0,15.0,1.0,0.0,0.0,7.0,,2.0,6.0,18.0,0.0,0.87,0.0,86.0,3.0,0.0,28.0,1.0,0.0,0.0,1.0,0.0,,,0.0,,3.0,0.776936026936027,15.0,,,,,0.0,6.0,,
derby@0,874,14,0.45664959905609237,0.998290538316935,0.7200817659151499,4.0,0.0,1.0,0.0,0.0,3.0,,1.0,0.0,35.0,19.0,0.54,0.0,95.0,2.0,0.0,11.0,2.0,2.01666666666667,0.0,1.0,0.0,,,0.0,,2.0,1.0,279.0,,,,,0.516129032258065,0.0,,
derby@0,875,6,0.0631976511980111,0.6030081175370196,0.13759809221225752,2.0,0.0,1.0,0.0,1.0,45.0,,1.0,1.0,0.0,2.0,1.03,6.0,0.0,4.0,0.0,11.0,1.0,8.8,3.0,1.0,0.0,,,0.0,,1.0,1.0,256.0,,,,,2.28571428571429,6.0,,
derby@0,876,2,0.07149026931687788,0.8919281228651467,0.1794222207247987,8.0,1.0,2.0,0.0,0.0,13.0,,1.0,1.0,3.0,10.0,0.78,2.0,55.0,3.0,0.0,26.0,1.0,3.95,2.0,2.0,0.0,,,0.0,,1.0,0.642666666666667,288.0,,,,,1.18181818181818,6.0,,
derby@0,877,8,0.028070322295978906,0.8371672522116737,0.13421792503508073,0.0,4.0,1.0,0.0,0.0,7.0,,1.0,2.0,1.0,9.0,1.33,0.0,73.0,3.0,8.0,14.0,1.0,2.46666666666667,0.0,0.0,0.0,,,0.0,,3.0,0.924137931034483,15.0,,,,,0.294117647058824,6.0,,
derby@0,881,0,0.054659328675096326,0.6902268130892377,0.2920294631773836,2.0,0.0,2.0,0.0,0.0,16.0,,1.0,0.0,5.0,4.0,0.52,4.0,0.0,4.0,0.0,19.0,1.0,6.83333333333333,2.0,1.0,1.0,,,0.0,,2.0,0.57037037037037,121.0,,,,,1.9,6.0,,
derby@0,884,0,0.0002519752988984874,0.8890776011997836,0.07379646902859083,1.0,0.0,2.0,0.0,0.0,14.0,,1.0,0.0,8.0,8.0,0.47,4.0,58.0,4.0,0.0,34.0,1.0,8.11111111111111,0.0,1.0,0.0,,,0.0,,1.0,0.681318681318681,153.0,,,,,1.90909090909091,6.0,,
derby@0,885,2,0.13047756147209877,0.8730741911817258,0.3142383731782901,5.0,0.0,2.0,0.0,0.0,17.0,,1.0,0.0,24.0,7.0,0.64,4.0,75.0,4.0,0.0,27.0,1.0,8.41666666666667,0.0,1.0,0.0,,,0.0,,0.0,0.876923076923077,15.0,,,,,1.78571428571429,6.0,,
derby@0,897,0,0.0,0.736111111111111,0.08505247918928699,0.0,1.0,1.0,0.0,0.0,13.0,,1.0,0.0,1.0,7.0,0.92,2.0,75.0,5.0,0.0,19.0,1.0,4.375,0.0,1.0,0.0,,,0.0,,2.0,0.973760932944606,140.0,,,,,0.7,0.0,,
derby@0,898,0,0.5624454847684575,1.2564996812373876,0.8364447779039733,9.0,5.0,1.0,0.0,2.0,12.0,,1.0,9.0,9.0,16.0,0.56,2.0,94.0,4.0,3.0,52.0,1.0,5.38461538461539,0.0,1.0,0.0,,,0.0,,1.0,0.943217665615142,100.0,,,,,1.48780487804878,0.0,,
derby@0,907,8,0.24469378969935449,0.7886614465502564,0.39100018892720134,4.0,35.0,1.0,1.0,0.0,7.0,,1.0,2.0,13.0,0.0,1.3,1.0,95.0,1.0,1.0,7.0,2.0,7.80487804878049,1.0,0.0,0.0,,,0.0,,2.0,0.988197424892704,15.0,,,,,0.441860465116279,6.0,,
derby@0,910,0,1.0276501796620663,1.2742281603358303,1.097839149766372,4.0,10.0,2.0,3.0,0.0,16.0,,1.0,6.0,30.0,0.0,0.05,4.0,95.0,4.0,0.0,68.0,1.0,4.93258426966292,0.0,0.0,0.0,,,0.0,,6.0,0.935771826692793,15.0,,,,,0.0,143.0,,
derby@0,911,0,0.0377001738504985,0.8144223023837935,0.24367039978812954,0.0,7.0,2.0,0.0,0.0,15.0,,1.0,1.0,5.0,11.0,0.72,2.0,94.0,3.0,0.0,35.0,2.0,2.81578947368421,1.0,1.0,0.0,,,0.0,,1.0,0.869698832206515,614.0,,,,,1.925,6.0,,
derby@0,912,4,0.00015118517933909237,0.8952870941758161,0.10769053519798422,0.0,1.0,1.0,0.0,0.0,13.0,,1.0,1.0,1.0,18.0,1.08,2.0,25.0,4.0,0.0,20.0,1.0,3.2,1.0,1.0,0.0,,,0.0,,1.0,0.968944099378882,296.0,,,,,0.727272727272727,6.0,,
derby@0,913,7,0.3590186911599435,1.081213411159125,0.841981535739716,2.0,4.0,1.0,3.0,0.0,5.0,,1.0,10.0,21.0,63.0,0.62,1.0,38.0,3.0,8.0,5.0,2.0,4.62025316455696,0.0,0.0,0.0,,,0.0,,2.0,1.0,508.0,,,,,0.654320987654321,1.0,,
derby@0,914,4,0.21732653957399492,0.5666054360741416,0.2958803679739743,6.0,4.0,1.0,0.0,0.0,9.0,,1.0,2.0,26.0,33.0,0.85,3.0,93.0,4.0,0.0,58.0,2.0,4.06666666666667,0.0,0.0,0.0,,,0.0,,0.0,0.980544747081712,100.0,,,,,0.8,6.0,,
derby@0,919,16,0.14747610432900804,0.47388596664119653,0.22456818431231337,9.0,3.0,2.0,0.0,0.0,20.0,,1.0,0.0,10.0,0.0,0.05,3.0,83.0,5.0,0.0,52.0,1.0,5.13636363636364,0.0,1.0,0.0,,,0.0,,2.0,0.866449511400652,509.0,,,,,1.75,6.0,,
derby@0,920,1,0.03617530854440135,0.8478444482657332,0.2730394600822971,0.0,2.0,3.0,0.0,0.0,14.0,,1.0,4.0,2.0,11.0,0.67,3.0,52.0,6.0,0.0,7.0,1.0,4.47058823529412,0.0,1.0,0.0,,,0.0,,2.0,0.988636363636364,149.0,,,,,1.42105263157895,0.0,,
derby@0,922,0,5.174376487633242e-05,0.9147780192486805,0.004009578733684245,1.0,0.0,2.0,0.0,0.0,9.0,,1.0,0.0,0.0,19.0,0.55,2.0,0.0,2.0,0.0,31.0,1.0,2.45,0.0,0.0,0.0,,,0.0,,2.0,0.832592592592593,210.0,,,,,1.04545454545455,6.0,,
derby@0,928,0,0.00010348752975266557,0.9015833592052157,0.015602321634062465,0.0,1.0,2.0,0.0,0.0,26.0,,1.0,4.0,1.0,7.0,1.04,4.0,50.0,4.0,0.0,28.0,1.0,5.0,0.0,1.0,0.0,,,0.0,,1.0,0.617333333333333,342.0,,,,,1.71428571428571,6.0,,
derby@0,929,13,0.10416721863881744,0.6328090893074788,0.19513681794548413,4.0,2.0,1.0,0.0,1.0,19.0,,1.0,1.0,8.0,9.0,0.7,3.0,85.0,5.0,0.0,47.0,1.0,0.0,0.0,1.0,0.0,,,0.0,,0.0,0.849519743863394,343.0,,,,,1.83333333333333,6.0,,
derby@0,930,0,0.0,0.8750000000000001,0.2508403361344538,3.0,3.0,1.0,2.0,0.0,8.0,,1.0,0.0,4.0,7.0,0.62,1.0,78.0,6.0,0.0,27.0,1.0,5.07692307692308,1.0,1.0,0.0,,,0.0,,1.0,0.9,151.0,,,,,1.13333333333333,0.0,,
derby@0,932,6,0.2414479891019861,0.6614398669695161,0.36492653039503564,2.0,2.0,1.0,0.0,0.0,2.0,,1.0,0.0,1.0,16.0,0.35,0.0,95.0,1.0,0.0,14.0,2.0,2.25,0.0,1.0,0.0,,,0.0,,3.0,0.96969696969697,44.0,,,,,1.18181818181818,6.0,,
derby@0,935,15,0.3747007169758122,0.780773555552945,0.6569482821624792,6.0,7.0,1.0,6.0,1.0,16.0,,1.0,8.0,11.0,1.0,3.1,3.0,93.0,5.0,1.0,5.0,1.0,5.11363636363636,0.0,0.0,0.0,,,0.0,,2.0,0.967906265919511,777.0,,,,,1.1304347826087,0.0,,
derby@0,936,6,0.0,0.8950880505129902,0.10769808858687398,0.0,1.0,1.0,0.0,0.0,8.0,,1.0,0.0,2.0,3.0,0.64,1.0,50.0,4.0,0.0,12.0,1.0,5.75,1.0,1.0,0.0,,,0.0,,1.0,0.932515337423313,54.0,,,,,1.16666666666667,6.0,,
derby@0,940,11,0.06484641385295849,0.7480024851103241,0.12907950746441227,3.0,0.0,2.0,0.0,0.0,36.0,,1.0,0.0,2.0,5.0,0.7,13.0,75.0,4.0,0.0,24.0,1.0,8.5,4.0,2.0,0.0,,,0.0,,0.0,1.0,338.0,,,,,1.5,6.0,,
derby@0,947,8,0.19902424155466103,0.8287882856451566,0.44074457835789693,3.0,3.0,2.0,0.0,1.0,11.0,,1.0,6.0,10.0,15.0,0.54,4.0,0.0,3.0,3.0,28.0,1.0,6.37037037037037,1.0,1.0,0.0,,,0.0,,3.0,0.992506244796003,23.0,,,,,2.51724137931034,6.0,,
derby@0,949,11,0.001535845998177423,0.6222127556392094,0.02892502332508816,1.0,3.0,2.0,0.0,0.0,10.0,,1.0,0.0,2.0,5.0,0.48,3.0,72.0,4.0,0.0,20.0,1.0,5.8,1.0,1.0,0.0,,,0.0,,2.0,0.812182741116751,112.0,,,,,1.72727272727273,6.0,,
derby@0,950,0,0.0,0.9150884818379386,0.0037850929985787647,0.0,0.0,1.0,0.0,0.0,4.0,,1.0,1.0,0.0,17.0,0.45,0.0,0.0,2.0,0.0,18.0,1.0,1.88888888888889,0.0,1.0,0.0,,,0.0,,2.0,0.841791044776119,90.0,,,,,0.8,6.0,,
derby@0,960,2,1.3252171501824916,1.943668911792934,1.5790033436860191,7.0,1.0,2.0,5.0,0.0,31.0,,1.0,3.0,9.0,22.0,0.85,5.0,89.0,1.0,1.0,28.0,2.0,7.42424242424242,0.0,0.0,0.0,,,0.0,,4.0,1.0,100.0,,,,,1.94285714285714,0.0,,
derby@0,962,0,0.0354547902861566,0.8985452071082952,0.14295460397880835,0.0,8.0,2.0,0.0,0.0,9.0,,1.0,0.0,8.0,12.0,0.71,2.0,90.0,4.0,0.0,30.0,2.0,2.8,0.0,0.0,0.0,,,0.0,,1.0,0.944356120826709,219.0,,,,,1.68181818181818,6.0,,
derby@0,966,0,0.0,0.9142605815999172,0.00439126641822903,0.0,3.0,3.0,0.0,0.0,21.0,,1.0,0.0,1.0,5.0,0.74,3.0,75.0,5.0,0.0,17.0,1.0,4.0,1.0,1.0,0.0,,,0.0,,1.0,0.87037037037037,186.0,,,,,2.2,6.0,,
derby@0,970,8,0.008215650339872954,0.8253646146403193,0.2804472026792337,0.0,17.0,1.0,0.0,0.0,9.0,,1.0,11.0,10.0,11.0,0.96,1.0,89.0,2.0,0.0,25.0,3.0,4.91803278688525,0.0,1.0,0.0,,,0.0,,1.0,0.54971181556196,600.0,,,,,0.555555555555556,6.0,,
derby@0,971,4,0.39252147744659643,1.0105029035312112,0.7202477096127364,10.0,29.0,3.0,6.0,0.0,16.0,,3.0,2.0,10.0,6.0,0.56,5.0,91.0,3.0,0.0,11.0,2.0,4.67567567567568,1.0,1.0,0.0,,,0.0,,2.0,0.899033816425121,1310.0,,,,,1.91025641025641,6.0,,
derby@0,972,0,0.0,0.8750000000000001,0.2508403361344538,0.0,1.0,3.0,2.0,0.0,10.0,,1.0,0.0,3.0,2.0,0.32,5.0,0.0,2.0,0.0,18.0,1.0,12.3333333333333,7.0,3.0,1.0,,,0.0,,1.0,0.949790794979079,52.0,,,,,3.6,0.0,,
derby@0,973,8,0.09661218617860706,0.5695730398552893,0.2322261896321611,2.0,6.0,1.0,0.0,0.0,16.0,,1.0,1.0,10.0,36.0,0.97,2.0,90.0,5.0,0.0,45.0,1.0,3.77777777777778,0.0,0.0,0.0,,,0.0,,1.0,1.0,806.0,,,,,1.1063829787234,4.0,,
derby@0,976,5,0.18144460624495584,0.6562354478683846,0.3494788482417348,0.0,7.0,1.0,4.0,3.0,7.0,,1.0,12.0,7.0,48.0,0.7,0.0,98.0,1.0,11.0,7.0,2.0,2.4,0.0,0.0,0.0,,,0.0,,4.0,0.944264419961115,568.0,,,,,0.782608695652174,6.0,,
derby@0,984,6,0.49143774089756986,0.8218713104021977,0.5964146040768714,1.0,14.0,2.0,0.0,0.0,7.0,,1.0,1.0,21.0,64.0,0.31,1.0,93.0,3.0,1.0,34.0,3.0,6.4375,1.0,1.0,0.0,,,0.0,,0.0,0.897937024972856,15.0,,,,,0.4,130.0,,
derby@0,985,7,0.9528284774303218,1.2268125196163226,1.0351434740168874,7.0,35.0,2.0,0.0,0.0,3.0,,1.0,3.0,6.0,1.0,0.05,2.0,97.0,3.0,0.0,63.0,1.0,4.18487394957983,0.0,1.0,0.0,,,0.0,,7.0,0.889700511322133,15.0,,,,,0.0,209.0,,
derby@0,986,2,0.6701977342582943,1.0857834815431469,0.8338973112167998,0.0,19.0,1.0,0.0,1.0,11.0,,1.0,6.0,10.0,4.0,1.07,0.0,95.0,2.0,3.0,59.0,1.0,6.35443037974684,0.0,0.0,0.0,,,0.0,,0.0,0.9,23.0,,,,,0.716049382716049,6.0,,
derby@0,989,0,0.0,1.0,0.37373949579831933,1.0,5.0,1.0,0.0,0.0,11.0,,1.0,0.0,3.0,21.0,1.04,1.0,85.0,4.0,0.0,36.0,1.0,2.48148148148148,0.0,0.0,0.0,,,0.0,,1.0,0.982961992136304,345.0,,,,,0.689655172413793,2.0,,
derby@0,992,0,1.025321124237119,1.5484730197449532,1.2427603566310692,3.0,9.0,2.0,0.0,0.0,16.0,,1.0,1.0,21.0,4.0,0.77,0.0,86.0,3.0,0.0,44.0,1.0,5.08163265306122,0.0,1.0,0.0,,,0.0,,0.0,1.0,15.0,,,,,1.01960784313725,117.0,,
derby@0,993,0,0.07099210545143186,0.8963828736095786,0.17889288353821534,1.0,6.0,1.0,0.0,0.0,25.0,,1.0,2.0,7.0,15.0,1.78,2.0,89.0,5.0,2.0,32.0,1.0,4.04166666666667,0.0,1.0,0.0,,,0.0,,1.0,0.466848319709355,647.0,,,,,0.923076923076923,6.0,,
derby@0,996,0,0.0,0.9164855634895995,0.0028779724371831255,0.0,1.0,2.0,0.0,0.0,10.0,,1.0,0.0,0.0,3.0,0.79,2.0,0.0,4.0,0.0,14.0,1.0,4.75,1.0,1.0,0.0,,,0.0,,2.0,0.903614457831325,60.0,,,,,0.5,6.0,,
derby@0,997,2,0.043927160375344505,0.847504157764575,0.31962037826795886,0.0,6.0,1.0,0.0,0.0,8.0,,1.0,2.0,2.0,24.0,1.11,0.0,51.0,4.0,8.0,5.0,1.0,3.03125,0.0,1.0,0.0,,,0.0,,3.0,0.945773524720893,100.0,,,,,0.470588235294118,3.0,,
derby@0,1003,0,0.0009575061358142519,0.8933962253043998,0.10779421728983409,2.0,1.0,2.0,0.0,0.0,24.0,,1.0,0.0,7.0,6.0,0.47,22.0,79.0,4.0,0.0,38.0,1.0,10.5555555555556,1.0,1.0,0.0,,,0.0,,1.0,0.97338065661047,283.0,,,,,3.72727272727273,6.0,,
derby@0,1004,2,0.0,0.7083333333333333,0.05899384726746289,0.0,1.0,2.0,0.0,0.0,7.0,,1.0,0.0,0.0,8.0,0.78,1.0,0.0,3.0,0.0,5.0,1.0,3.44444444444444,1.0,1.0,0.0,,,0.0,,1.0,0.975103734439834,90.0,,,,,1.36363636363636,0.0,,
derby@0,1005,1,0.702195975585189,1.1345903950211818,0.8854267932503883,17.0,4.0,1.0,19.0,0.0,19.0,,1.0,2.0,15.0,19.0,0.88,4.0,88.0,3.0,0.0,2.0,1.0,6.92857142857143,0.0,1.0,0.0,,,0.0,,0.0,0.986888111888112,15.0,,,,,0.0,6.0,,
derby@0,1011,0,0.0,0.9139501190106593,0.004625661731809196,0.0,5.0,1.0,0.0,0.0,10.0,,1.0,2.0,6.0,27.0,0.76,0.0,68.0,4.0,2.0,27.0,1.0,4.26470588235294,0.0,0.0,0.0,,,0.0,,1.0,0.867827868852459,383.0,,,,,0.777777777777778,6.0,,
derby@0,1012,4,0.0,0.5509761388286335,0.19362693976305692,1.0,0.0,1.0,0.0,0.0,7.0,,1.0,0.0,5.0,4.0,0.62,1.0,48.0,2.0,0.0,17.0,1.0,4.4,1.0,2.0,0.0,,,0.0,,1.0,0.551515151515152,149.0,,,,,1.85714285714286,0.0,,
derby@0,1013,12,0.06814140164075363,0.6738280258757906,0.2530644886424072,8.0,0.0,1.0,10.0,0.0,10.0,,1.0,3.0,11.0,18.0,3.1,1.0,84.0,3.0,1.0,26.0,1.0,5.93103448275862,1.0,1.0,0.0,,,0.0,,2.0,0.786427145708583,325.0,,,,,1.06451612903226,6.0,,
derby@0,1015,1,0.00041751247396387616,0.8236462752944057,0.03655271698815381,0.0,0.0,1.0,0.0,0.0,10.0,,1.0,0.0,0.0,3.0,0.82,0.0,0.0,4.0,0.0,11.0,1.0,6.66666666666667,2.0,4.0,0.0,,,0.0,,2.0,0.856060606060606,23.0,,,,,0.6,6.0,,
derby@0,1023,17,0.000655135777136067,0.8894778778545838,0.07372975963246409,2.0,1.0,1.0,6.0,0.0,8.0,,1.0,0.0,1.0,6.0,0.64,1.0,53.0,4.0,0.0,14.0,1.0,6.33333333333333,2.0,2.0,1.0,,,0.0,,1.0,0.909420289855073,94.0,,,,,1.27272727272727,6.0,,
derby@0,1024,0,0.0,1.0,0.37373949579831933,1.0,2.0,2.0,0.0,0.0,6.0,,1.0,0.0,0.0,17.0,0.63,1.0,0.0,4.0,1.0,20.0,1.0,2.5,0.0,1.0,0.0,,,0.0,,1.0,0.856521739130435,152.0,,,,,1.0,7.0,,
derby@0,1027,0,0.008664134746901236,0.866047290047913,0.1639527489881275,2.0,4.0,1.0,6.0,0.0,12.0,,1.0,4.0,8.0,15.0,0.98,1.0,82.0,3.0,9.0,26.0,1.0,5.96,1.0,1.0,0.0,,,0.0,,2.0,1.0,371.0,,,,,0.962962962962963,6.0,,
derby@0,1030,7,0.04385811695528773,0.05908074628677971,0.0516570007687442,4.0,1.0,2.0,1.0,1.0,5.0,,1.0,2.0,8.0,4.0,3.1,5.0,88.0,5.0,0.0,51.0,0.0,5.47058823529412,0.0,1.0,0.0,,,0.0,,0.0,0.822495606326889,385.0,,,,,1.73684210526316,6.0,,
derby@0,1033,10,0.40653173295498496,0.6577679767204161,0.4744516898101396,3.0,12.0,1.0,0.0,0.0,10.0,,1.0,6.0,3.0,41.0,3.1,0.0,95.0,2.0,19.0,1.0,1.0,11.7258064516129,0.0,1.0,0.0,,,0.0,,2.0,0.9,15.0,,,,,0.5,120.0,,
derby@0,1034,13,1.073736153111878,1.8977786651938908,1.7106933498732562,0.0,2.0,2.0,0.0,0.0,12.0,,1.0,1.0,0.0,19.0,0.81,2.0,0.0,3.0,0.0,126.0,1.0,2.59090909090909,1.0,1.0,0.0,,,0.0,,1.0,0.810092961487384,15.0,,,,,2.0,147.0,,
derby@0,1037,0,0.0,0.9164338197247232,0.0029061809531820844,0.0,2.0,1.0,0.0,0.0,7.0,,1.0,2.0,4.0,11.0,1.35,0.0,73.0,3.0,0.0,9.0,1.0,2.66666666666667,0.0,1.0,0.0,,,0.0,,2.0,0.972972972972973,148.0,,,,,0.529411764705882,6.0,,
derby@0,1043,4,0.802190202203284,0.8433148015671084,0.8207394676019085,15.0,0.0,1.0,3.0,0.0,7.0,,1.0,3.0,3.0,117.0,0.71,1.0,97.0,2.0,1.0,64.0,2.0,2.93333333333333,0.0,1.0,0.0,,,0.0,,8.0,0.927214170692432,15.0,,,,,0.0,6.0,,
derby@0,1045,0,0.0,1.0,0.37373949579831933,2.0,1.0,1.0,0.0,0.0,6.0,,2.0,0.0,19.0,28.0,0.7,1.0,86.0,2.0,0.0,21.0,2.0,2.93548387096774,0.0,1.0,0.0,,,0.0,,1.0,0.979946524064171,267.0,,,,,1.02941176470588,1.0,,
derby@0,1050,12,0.1222085841642708,0.7817377589727629,0.3165100662618295,11.0,0.0,2.0,1.0,2.0,12.0,,1.0,1.0,3.0,14.0,0.55,6.0,77.0,1.0,0.0,0.0,2.0,5.53846153846154,1.0,1.0,0.0,,,0.0,,2.0,0.956772334293948,418.0,,,,,2.42857142857143,6.0,,
derby@0,1057,0,0.4640126529246743,0.7729841091350758,0.5807387481175669,24.0,1.0,2.0,0.0,1.0,17.0,,1.0,0.0,41.0,8.0,0.31,6.0,88.0,3.0,0.0,1.0,2.0,10.2727272727273,0.0,0.0,0.0,,,0.0,,6.0,0.762638230647709,15.0,,,,,0.0,6.0,,
derby@0,1058,8,0.0,0.7083333333333333,0.05899384726746289,0.0,0.0,1.0,0.0,0.0,6.0,,1.0,0.0,6.0,8.0,0.64,1.0,68.0,3.0,0.0,5.0,1.0,5.25,1.0,1.0,0.0,,,0.0,,1.0,0.976190476190476,83.0,,,,,1.0,1.0,,
derby@0,1061,4,0.09392745420653764,0.7989709382565272,0.19210485815385314,1.0,0.0,1.0,2.0,5.0,4.0,,1.0,15.0,33.0,90.0,0.66,0.0,97.0,1.0,2.0,51.0,3.0,2.4811320754717,0.0,0.0,0.0,,,0.0,,1.0,1.0,557.0,,,,,0.675925925925926,6.0,,
derby@0,1065,0,0.0,1.0,0.37373949579831933,1.0,1.0,2.0,1.0,0.0,9.0,,1.0,2.0,3.0,5.0,0.59,1.0,58.0,5.0,0.0,14.0,2.0,7.88888888888889,1.0,1.0,0.0,,,0.0,,1.0,0.976,124.0,,,,,1.36363636363636,1.0,,
derby@0,1075,0,5.0395059779697456e-05,0.8942918872250138,0.10773785641468828,2.0,2.0,3.0,0.0,0.0,33.0,,1.0,0.0,8.0,2.0,0.51,13.0,66.0,4.0,0.0,49.0,1.0,8.83333333333333,1.0,1.0,0.0,,,0.0,,1.0,0.973111395646607,233.0,,,,,2.0,6.0,,
derby@0,1076,0,0.0,0.722222222222222,0.07188744118711544,0.0,1.0,1.0,0.0,0.0,11.0,,1.0,0.0,2.0,2.0,1.21,2.0,16.0,2.0,0.0,7.0,1.0,3.33333333333333,1.0,1.0,0.0,,,0.0,,1.0,0.958904109589041,63.0,,,,,0.6,0.0,,
derby@0,1078,14,0.04288460819130056,0.7983893640404391,0.36380388943126074,1.0,1.0,1.0,0.0,0.0,29.0,,1.0,0.0,20.0,2.0,0.64,6.0,50.0,3.0,0.0,0.0,1.0,14.5,1.0,2.0,0.0,,,0.0,,0.0,0.832929782082324,143.0,,,,,0.0,0.0,,
derby@0,1081,0,0.0,1.0,0.37373949579831933,2.0,1.0,1.0,0.0,0.0,8.0,,1.0,0.0,6.0,9.0,0.86,1.0,80.0,3.0,0.0,15.0,2.0,3.08333333333333,0.0,1.0,0.0,,,0.0,,1.0,0.872093023255814,137.0,,,,,1.5,4.0,,
derby@0,1083,0,0.0,0.8750000000000001,0.2508403361344538,0.0,3.0,3.0,0.0,2.0,31.0,,1.0,3.0,0.0,0.0,1.22,1.0,0.0,1.0,12.0,23.0,2.0,7.33333333333333,4.0,1.0,0.0,,,0.0,,2.0,0.928746928746929,210.0,,,,,3.375,1.0,,
derby@0,1087,0,0.035435464717986524,0.898891066664849,0.1429359078583259,0.0,9.0,1.0,0.0,0.0,9.0,,1.0,0.0,25.0,4.0,0.39,4.0,77.0,3.0,1.0,33.0,1.0,9.69230769230769,0.0,1.0,0.0,,,0.0,,1.0,0.970948012232416,154.0,,,,,1.8,6.0,,
derby@0,1088,0,0.0,1.0,0.37373949579831933,0.0,0.0,1.0,0.0,0.0,8.0,,1.0,1.0,2.0,1.0,0.42,5.0,50.0,4.0,0.0,16.0,1.0,8.0,3.0,2.0,0.0,,,0.0,,1.0,0.943181818181818,45.0,,,,,2.25,1.0,,
derby@0,1089,1,0.015864772864647367,0.8168573534340026,0.11576041820975057,9.0,2.0,1.0,0.0,0.0,3.0,,1.0,0.0,51.0,12.0,0.28,2.0,92.0,4.0,0.0,28.0,2.0,6.21739130434783,0.0,1.0,0.0,,,0.0,,1.0,0.970873786407767,100.0,,,,,1.0,6.0,,
derby@0,1091,0,0.0,0.8750000000000001,0.2508403361344538,1.0,1.0,1.0,0.0,0.0,14.0,,1.0,1.0,7.0,5.0,0.88,3.0,69.0,5.0,0.0,18.0,1.0,6.25,0.0,2.0,0.0,,,0.0,,1.0,0.959899749373434,161.0,,,,,1.6,2.0,,
derby@0,1094,0,0.0,0.9149332505433095,0.0038966883652652613,1.0,4.0,1.0,0.0,0.0,10.0,,1.0,2.0,8.0,1.0,0.76,1.0,82.0,2.0,4.0,18.0,1.0,5.25,1.0,1.0,0.0,,,0.0,,1.0,0.808429118773946,98.0,,,,,1.6,6.0,,
derby@0,1106,0,0.0,0.9168477698437338,0.0029150770520400392,0.0,1.0,1.0,0.0,0.0,13.0,,1.0,2.0,5.0,1.0,0.82,3.0,60.0,3.0,2.0,16.0,1.0,6.5,1.0,2.0,0.0,,,0.0,,1.0,0.962765957446808,73.0,,,,,1.33333333333333,6.0,,
derby@0,1109,11,0.0,0.8750000000000001,0.2508403361344538,0.0,0.0,1.0,0.0,1.0,11.0,,1.0,1.0,0.0,31.0,0.87,0.0,0.0,1.0,0.0,53.0,1.0,7.21875,1.0,1.0,0.0,,,0.0,,1.0,0.963730569948187,417.0,,,,,0.0,2.0,,
derby@0,1113,0,0.003074098646561545,0.8907093785793543,0.10801840974713932,1.0,0.0,1.0,0.0,1.0,5.0,,1.0,0.0,0.0,42.0,0.29,0.0,0.0,1.0,0.0,52.0,2.0,9.51162790697674,1.0,1.0,0.0,,,0.0,,1.0,0.893890675241158,261.0,,,,,0.0888888888888889,6.0,,
derby@0,1116,0,0.0,1.0,0.37373949579831933,0.0,2.0,2.0,0.0,0.0,15.0,,1.0,4.0,10.0,0.0,0.97,1.0,73.0,1.0,2.0,15.0,1.0,4.5,1.0,0.0,0.0,,,0.0,,1.0,0.784860557768924,111.0,,,,,1.875,0.0,,
derby@0,1118,4,0.053302092625205945,0.6939476048391674,0.2059149452451331,7.0,1.0,2.0,0.0,0.0,13.0,,1.0,0.0,18.0,7.0,3.1,3.0,85.0,4.0,1.0,24.0,2.0,6.26666666666667,2.0,1.0,0.0,,,0.0,,2.0,0.988522238163558,100.0,,,,,1.52941176470588,6.0,,
derby@0,1121,5,0.05941803841218204,0.725259670745321,0.4423925921657826,2.0,2.0,2.0,3.0,0.0,8.0,,1.0,0.0,37.0,12.0,0.34,4.0,0.0,4.0,1.0,7.0,2.0,8.5625,0.0,1.0,0.0,,,0.0,,5.0,0.952442159383033,15.0,,,,,2.0,6.0,,
derby@0,1122,3,0.050530118400572276,0.6053417218112276,0.23649165484579526,2.0,1.0,2.0,0.0,0.0,13.0,,1.0,0.0,27.0,9.0,0.46,5.0,82.0,3.0,0.0,0.0,2.0,1.0,1.0,2.0,1.0,,,0.0,,3.0,0.979591836734694,15.0,,,,,2.5,6.0,,
derby@0,1127,0,0.0,1.0,0.37373949579831933,0.0,1.0,1.0,0.0,0.0,15.0,,1.0,0.0,21.0,9.0,0.56,6.0,78.0,3.0,0.0,23.0,2.0,8.9,1.0,1.0,0.0,,,0.0,,0.0,0.884735202492212,195.0,,,,,2.33333333333333,1.0,,
derby@0,1131,4,0.5793175296119193,0.969774912868186,0.7706802542701631,1.0,2.0,2.0,0.0,0.0,16.0,,2.0,1.0,46.0,10.0,0.38,6.0,88.0,3.0,0.0,80.0,2.0,3.8,1.0,1.0,0.0,,,0.0,,0.0,0.879071661237785,15.0,,,,,1.89189189189189,6.0,,
derby@0,1132,0,0.0,1.0,0.37373949579831933,1.0,0.0,1.0,0.0,0.0,9.0,,1.0,1.0,4.0,3.0,0.37,3.0,44.0,4.0,0.0,14.0,1.0,6.8,3.0,3.0,0.0,,,0.0,,1.0,0.965753424657534,68.0,,,,,2.71428571428571,1.0,,
derby@0,1135,0,0.0,0.9147262754838041,0.004047246392772675,8.0,0.0,1.0,0.0,5.0,7.0,,3.0,0.0,6.0,6.0,0.53,2.0,62.0,1.0,0.0,16.0,2.0,6.28571428571429,1.0,2.0,0.0,,,0.0,,1.0,0.985037406483791,120.0,,,,,1.16666666666667,6.0,,
derby@0,1136,0,0.0,0.8750000000000001,0.2508403361344538,0.0,2.0,1.0,0.0,0.0,6.0,,1.0,2.0,16.0,6.0,0.72,0.0,83.0,3.0,2.0,7.0,2.0,5.2,1.0,2.0,0.0,,,0.0,,1.0,0.968641114982578,104.0,,,,,1.0,3.0,,
derby@0,1137,0,0.007840297410305778,0.8302984449888987,0.09525190889400283,0.0,1.0,1.0,0.0,0.0,11.0,,1.0,0.0,15.0,6.0,0.85,2.0,89.0,4.0,0.0,11.0,1.0,5.57142857142857,0.0,1.0,0.0,,,0.0,,3.0,0.926380368098159,44.0,,,,,1.22222222222222,6.0,,
derby@0,1139,0,0.0,0.8922298501533866,0.0733563633211366,2.0,0.0,1.0,0.0,0.0,8.0,,1.0,0.0,11.0,8.0,0.59,3.0,74.0,3.0,0.0,13.0,2.0,6.2,1.0,1.0,0.0,,,0.0,,1.0,0.95822454308094,122.0,,,,,1.16666666666667,6.0,,
derby@0,1145,7,0.0,0.8750000000000001,0.2508403361344538,0.0,1.0,2.0,0.0,1.0,6.0,,1.0,5.0,11.0,19.0,0.67,0.0,93.0,2.0,17.0,21.0,1.0,6.44,0.0,0.0,0.0,,,0.0,,1.0,0.913357400722022,194.0,,,,,1.03703703703704,5.0,,
derby@0,1146,0,0.0,0.892680184531774,0.07335063709153372,1.0,0.0,1.0,0.0,0.0,9.0,,1.0,0.0,6.0,10.0,0.79,2.0,72.0,3.0,0.0,15.0,2.0,4.63636363636364,1.0,1.0,0.0,,,0.0,,1.0,0.942934782608696,140.0,,,,,1.76923076923077,6.0,,
derby@0,1147,0,0.0004031604782375799,0.8939435715122906,0.10775867862121226,0.0,2.0,1.0,0.0,2.0,8.0,,1.0,1.0,13.0,30.0,1.12,0.0,95.0,1.0,3.0,24.0,2.0,2.09090909090909,0.0,0.0,0.0,,,0.0,,1.0,0.945987654320988,307.0,,,,,0.514285714285714,6.0,,
derby@0,1148,6,0.0,0.8026030368763557,0.16710120140163526,0.0,0.0,1.0,3.0,0.0,8.0,,1.0,0.0,7.0,7.0,0.53,2.0,72.0,3.0,0.0,13.0,1.0,7.0,1.0,1.0,0.0,,,0.0,,1.0,0.980456026058632,23.0,,,,,2.11111111111111,1.0,,
derby@0,1151,0,0.0,0.8750000000000001,0.2508403361344538,1.0,1.0,1.0,0.0,0.0,9.0,,1.0,0.0,13.0,13.0,0.53,3.0,80.0,3.0,0.0,15.0,2.0,5.46666666666667,1.0,1.0,0.0,,,0.0,,1.0,0.880067567567568,174.0,,,,,1.47058823529412,3.0,,
derby@0,1159,1,0.04613514106318486,0.7344073464504183,0.1560167665783483,1.0,0.0,1.0,0.0,0.0,11.0,,1.0,0.0,22.0,12.0,0.51,3.0,81.0,1.0,0.0,11.0,2.0,6.84615384615385,1.0,1.0,0.0,,,0.0,,3.0,0.969798657718121,100.0,,,,,1.86666666666667,1.0,,
derby@0,1202,1,0.20437543537042197,0.5666081179450072,0.290382131251143,5.0,0.0,2.0,4.0,0.0,10.0,,1.0,0.0,19.0,23.0,1.5,2.0,81.0,3.0,0.0,18.0,2.0,3.8,1.0,1.0,0.0,,,0.0,,0.0,0.687707641196013,15.0,,,,,1.43333333333333,6.0,,
derby@0,1204,11,4.178285290697942e-17,0.7727272727272727,0.24163969010660727,3.0,1.0,2.0,0.0,0.0,5.0,,1.0,0.0,15.0,14.0,0.49,0.0,83.0,3.0,0.0,10.0,2.0,4.44444444444444,1.0,1.0,0.0,,,0.0,,1.0,0.67258883248731,119.0,,,,,0.4,1.0,,
derby@0,1208,14,0.04259557064447239,0.8942240935892394,0.5319573779064694,6.0,0.0,2.0,0.0,0.0,11.0,,1.0,0.0,21.0,8.0,0.87,2.0,0.0,3.0,0.0,20.0,2.0,5.71428571428571,1.0,2.0,0.0,,,0.0,,2.0,0.988853503184713,257.0,,,,,0.0,2.0,,
derby@0,1213,2,0.13145260951491705,0.44142313727812116,0.25822527039577853,4.0,0.0,1.0,11.0,0.0,0.0,,1.0,1.0,4.0,2.0,0.05,2.0,78.0,2.0,0.0,7.0,1.0,7.57142857142857,4.0,1.0,0.0,,,0.0,,3.0,0.476973684210526,15.0,,,,,0.0,12.0,,
derby@0,1214,2,0.532487277434019,1.0452716883771704,0.6923927214717226,2.0,1.0,2.0,0.0,0.0,13.0,,1.0,6.0,47.0,14.0,0.82,3.0,87.0,4.0,2.0,28.0,3.0,5.8,0.0,1.0,0.0,,,0.0,,1.0,1.0,15.0,,,,,1.92,123.0,,
derby@0,1215,2,0.045955982171554735,0.3762344145663898,0.21789928913302364,4.0,0.0,2.0,4.0,0.0,8.0,,1.0,0.0,23.0,10.0,3.1,2.0,81.0,1.0,0.0,7.0,2.0,11.1428571428571,0.0,1.0,0.0,,,0.0,,1.0,0.82516339869281,15.0,,,,,0.4,72.0,,
derby@0,1216,2,0.29436483734541646,0.5506732784404,0.3594251952667248,2.0,0.0,1.0,0.0,1.0,7.0,,1.0,0.0,18.0,59.0,0.45,0.0,93.0,1.0,0.0,5.0,4.0,1.9672131147541,0.0,0.0,0.0,,,0.0,,1.0,1.0,15.0,,,,,0.412698412698413,13.0,,
derby@0,1225,0,0.2854809594288163,1.1961130400392668,0.6012686666248233,4.0,9.0,2.0,0.0,1.0,13.0,,1.0,0.0,35.0,5.0,0.43,5.0,83.0,3.0,0.0,7.0,1.0,10.6666666666667,1.0,1.0,0.0,,,0.0,,1.0,0.979223125564589,15.0,,,,,2.5,9.0,,
derby@0,1227,0,0.0,1.0,0.37373949579831933,1.0,0.0,1.0,0.0,0.0,8.0,,1.0,1.0,2.0,1.0,0.33,3.0,66.0,4.0,0.0,13.0,1.0,8.0,3.0,2.0,0.0,,,0.0,,1.0,0.951456310679612,44.0,,,,,3.0,1.0,,
derby@0,1229,11,0.00021966979518376885,0.7786458916010004,0.06043627318820127,3.0,3.0,1.0,0.0,0.0,4.0,,1.0,0.0,20.0,19.0,0.32,2.0,88.0,3.0,0.0,21.0,3.0,4.80952380952381,0.0,1.0,0.0,,,0.0,,1.0,0.990196078431373,125.0,,,,,1.82608695652174,6.0,,
derby@0,1231,0,0.027777777777777804,0.8749999999999999,0.22086500180962718,0.0,1.0,1.0,0.0,0.0,3.0,,1.0,0.0,5.0,61.0,0.72,0.0,77.0,1.0,0.0,11.0,2.0,1.58064516129032,1.0,1.0,0.0,,,0.0,,1.0,0.990936555891239,232.0,,,,,0.109375,0.0,,
derby@0,1235,0,0.006507592190889373,0.7310195227765727,0.09697772401134658,1.0,9.0,1.0,2.0,0.0,6.0,,1.0,0.0,10.0,2.0,0.95,1.0,83.0,1.0,0.0,11.0,1.0,5.08333333333333,1.0,1.0,0.0,,,0.0,,2.0,0.976539589442815,100.0,,,,,0.714285714285714,0.0,,
derby@0,1237,1,0.2542722087524422,0.9412139924537746,0.5444501315938091,0.0,11.0,1.0,0.0,0.0,5.0,,1.0,1.0,33.0,8.0,0.76,1.0,94.0,1.0,1.0,39.0,2.0,3.06451612903226,0.0,1.0,0.0,,,0.0,,5.0,0.916379310344828,100.0,,,,,0.421875,6.0,,
derby@0,1239,0,0.04626114084497533,0.7958351956882435,0.18208632860219817,3.0,0.0,2.0,0.0,2.0,13.0,,1.0,0.0,5.0,8.0,0.48,5.0,70.0,1.0,0.0,19.0,2.0,5.0,1.0,1.0,0.0,,,0.0,,1.0,0.901294498381877,176.0,,,,,1.46153846153846,1.0,,
derby@0,1241,1,0.0,0.7083333333333333,0.05899384726746289,0.0,0.0,1.0,0.0,0.0,1.0,,1.0,0.0,0.0,4.0,0.35,0.0,0.0,1.0,0.0,5.0,2.0,2.0,0.0,0.0,0.0,,,0.0,,0.0,0.795918367346939,22.0,,,,,1.0,0.0,,
derby@0,1246,2,0.2388486750893273,0.5379711772360541,0.35361242105434987,5.0,0.0,2.0,0.0,0.0,18.0,,1.0,0.0,2.0,18.0,3.1,6.0,84.0,2.0,1.0,1.0,2.0,5.52173913043478,0.0,1.0,0.0,,,0.0,,4.0,0.972681524083393,15.0,,,,,0.0,14.0,,
derby@0,1253,0,0.7898317399759192,1.2885940870308834,1.0002253702692996,3.0,1.0,1.0,5.0,0.0,22.0,,1.0,8.0,21.0,27.0,0.81,6.0,87.0,2.0,2.0,0.0,2.0,8.74358974358974,0.0,0.0,0.0,,,0.0,,1.0,1.0,15.0,,,,,1.60975609756098,68.0,,
derby@0,1257,7,0.30484295172303993,0.8888609040479775,0.5516307971644641,2.0,0.0,1.0,4.0,0.0,13.0,,1.0,1.0,2.0,18.0,0.79,3.0,0.0,4.0,1.0,42.0,1.0,6.33333333333333,0.0,0.0,0.0,,,0.0,,0.0,0.740674955595027,15.0,,,,,0.916666666666667,6.0,,
derby@0,1272,0,0.0,0.8924800355163994,0.07334484537354773,3.0,1.0,1.0,0.0,3.0,20.0,,1.0,8.0,0.0,8.0,0.92,5.0,0.0,2.0,0.0,23.0,1.0,4.65,0.0,0.0,0.0,,,0.0,,2.0,0.978533094812165,459.0,,,,,1.09090909090909,6.0,,
derby@0,1273,0,0.0,0.8924800355163994,0.07334484537354773,0.0,1.0,1.0,0.0,1.0,7.0,,1.0,0.0,13.0,25.0,0.83,1.0,87.0,1.0,3.0,22.0,1.0,7.88461538461539,1.0,1.0,0.0,,,0.0,,2.0,0.978632478632479,270.0,,,,,0.928571428571429,6.0,,
derby@0,1289,2,0.0,0.8840743641437332,0.07484772779615273,1.0,0.0,1.0,2.0,0.0,11.0,,1.0,2.0,4.0,26.0,0.7,3.0,71.0,3.0,1.0,40.0,3.0,5.62068965517241,0.0,1.0,0.0,,,0.0,,1.0,0.666131621187801,447.0,,,,,0.806451612903226,6.0,,
derby@0,1296,0,0.0,0.9161233571354651,0.003087931631115491,1.0,2.0,1.0,2.0,0.0,2.0,,1.0,1.0,3.0,23.0,0.83,0.0,75.0,2.0,0.0,10.0,2.0,2.25925925925926,0.0,0.0,0.0,,,0.0,,3.0,0.928921568627451,156.0,,,,,0.413793103448276,6.0,,
derby@0,1297,0,0.0,0.9168477698437338,0.0029150770520400392,1.0,0.0,1.0,0.0,0.0,9.0,,1.0,3.0,1.0,10.0,0.81,1.0,85.0,3.0,1.0,23.0,2.0,2.85714285714286,0.0,0.0,0.0,,,0.0,,2.0,0.740740740740741,163.0,,,,,0.75,6.0,,
derby@0,1303,1,0.9586174269518628,1.5754752466690978,1.270128941775216,8.0,3.0,1.0,0.0,0.0,9.0,,1.0,3.0,0.0,1.0,0.62,1.0,90.0,1.0,0.0,50.0,3.0,5.08139534883721,0.0,1.0,0.0,,,0.0,,4.0,1.0,23.0,,,,,0.704545454545455,6.0,,
derby@0,1314,4,0.043383947939262445,1.0433839479392626,0.4070686634406809,0.0,0.0,1.0,0.0,0.0,7.0,,1.0,0.0,0.0,21.0,1.26,0.0,0.0,1.0,2.0,11.0,3.0,0.80952380952381,0.0,0.0,0.0,,,0.0,,5.0,0.897243107769424,15.0,,,,,0.130434782608696,13.0,,
derby@0,1328,11,0.002880101633936282,0.6226780440964891,0.03540451518671856,1.0,0.0,1.0,0.0,0.0,5.0,,1.0,2.0,9.0,50.0,0.73,1.0,84.0,2.0,0.0,23.0,3.0,7.8,0.0,1.0,0.0,,,0.0,,4.0,0.853245531514581,363.0,,,,,0.363636363636364,6.0,,
derby@0,1329,0,0.7609336162131302,1.2949671057317755,0.9972931990384573,18.0,11.0,2.0,15.0,0.0,7.0,,1.0,1.0,41.0,1.0,0.37,3.0,96.0,1.0,1.0,71.0,6.0,5.96153846153846,0.0,0.0,0.0,,,0.0,,0.0,1.0,75.0,,,,,1.3125,249.0,,
derby@0,1330,2,0.5797854085349138,0.9340074963505612,0.7140286103429028,4.0,2.0,1.0,9.0,1.0,7.0,,1.0,27.0,11.0,77.0,0.81,3.0,96.0,1.0,1.0,2.0,4.0,6.15454545454545,0.0,0.0,0.0,,,0.0,,0.0,1.0,57.0,,,,,0.785714285714286,6.0,,
derby@0,1334,4,0.17133550755082108,0.5917620270380267,0.3080488777475317,3.0,0.0,1.0,3.0,0.0,12.0,,1.0,10.0,9.0,10.0,3.1,3.0,84.0,2.0,1.0,7.0,2.0,4.08695652173913,1.0,0.0,0.0,,,0.0,,3.0,0.570184983677911,15.0,,,,,1.32,6.0,,
derby@0,1355,4,0.8855383276266898,1.2173991632935233,0.9829821457036663,19.0,4.0,1.0,16.0,0.0,12.0,,1.0,45.0,28.0,12.0,0.85,4.0,93.0,2.0,2.0,37.0,3.0,5.85,0.0,0.0,0.0,,,0.0,,0.0,0.814890510948905,15.0,,,,,1.14634146341463,87.0,,
derby@0,1374,10,0.31655712199663044,1.0491373486735016,0.7054886467387996,6.0,7.0,2.0,7.0,0.0,13.0,,1.0,10.0,13.0,5.0,0.46,6.0,90.0,3.0,2.0,19.0,2.0,7.07142857142857,1.0,2.0,0.0,,,0.0,,1.0,0.615776081424936,100.0,,,,,0.0,6.0,,
derby@0,1385,0,4.183410262343234,4.800447211495324,4.393034730651991,49.0,1.0,2.0,13.0,2.0,19.0,,1.0,27.0,3.0,48.0,0.58,9.0,94.0,3.0,1.0,52.0,1.0,7.896,0.0,1.0,0.0,,,0.0,,4.0,0.974799286351472,100.0,,,,,5.0,6.0,,
derby@0,1401,11,0.0874067099608612,0.6798590987611193,0.30261107514254965,4.0,0.0,1.0,6.0,0.0,1.0,,1.0,3.0,18.0,11.0,0.05,4.0,84.0,1.0,0.0,14.0,1.0,9.33333333333333,3.0,1.0,0.0,,,0.0,,3.0,1.0,289.0,,,,,1.8,1.0,,
derby@0,1405,0,11.329243287089959,11.95504065138683,11.652169368165607,35.0,2.0,2.0,30.0,87.0,11.0,,1.0,17.0,0.0,44.0,0.55,5.0,96.0,1.0,0.0,53.0,6.0,7.33673469387755,0.0,1.0,0.0,,,0.0,,0.0,0.822892938496583,15.0,,,,,1.62,6.0,,
derby@0,1406,8,0.0015132529598289816,0.5161373660946823,0.08345677480832293,0.0,0.0,1.0,0.0,0.0,2.0,,1.0,0.0,1.0,34.0,0.86,0.0,97.0,1.0,0.0,17.0,3.0,5.8,0.0,0.0,0.0,,,0.0,,3.0,0.707589285714286,172.0,,,,,0.361111111111111,3.0,,
derby@0,1409,0,0.6527959000550034,1.136204592313586,0.8610176698489247,25.0,0.0,1.0,26.0,0.0,7.0,,1.0,2.0,27.0,8.0,0.43,3.0,94.0,1.0,0.0,7.0,5.0,5.51428571428571,0.0,1.0,0.0,,,0.0,,6.0,0.405932864949258,15.0,,,,,0.0,36.0,,
derby@0,1428,1,0.8264687574013758,1.26401635622934,0.9977162133045357,12.0,3.0,1.0,14.0,0.0,7.0,,2.0,14.0,30.0,71.0,0.63,3.0,38.0,3.0,1.0,3.0,2.0,2.4,0.0,1.0,0.0,,,0.0,,5.0,0.943824270795823,15.0,,,,,1.13592233009709,6.0,,
derby@0,1430,5,0.07660685540736632,0.7943859119841796,0.15470156221031459,1.0,1.0,1.0,5.0,0.0,6.0,,1.0,8.0,16.0,33.0,0.5,2.0,91.0,1.0,0.0,47.0,4.0,4.62790697674419,0.0,1.0,0.0,,,0.0,,1.0,1.0,325.0,,,,,1.22222222222222,6.0,,
derby@0,1437,0,0.0,0.9167442823139813,0.002849876530030471,1.0,3.0,1.0,2.0,4.0,4.0,,1.0,0.0,0.0,6.0,1.04,0.0,60.0,1.0,0.0,5.0,2.0,2.1,0.0,1.0,0.0,,,0.0,,2.0,0.954954954954955,94.0,,,,,0.583333333333333,6.0,,
derby@0,1439,0,0.0,0.9166925385491048,0.002822118449416726,0.0,0.0,1.0,1.0,0.0,5.0,,1.0,0.0,1.0,9.0,0.57,2.0,88.0,2.0,1.0,17.0,2.0,5.55555555555556,0.0,1.0,0.0,,,0.0,,3.0,0.952,73.0,,,,,0.545454545454545,6.0,,
derby@0,1441,0,0.0,0.9157094070164545,0.003353970030506863,0.0,0.0,1.0,0.0,0.0,2.0,,1.0,2.0,0.0,10.0,0.38,0.0,0.0,4.0,0.0,25.0,1.0,3.58333333333333,1.0,2.0,0.0,,,0.0,,2.0,0.515625,46.0,,,,,0.214285714285714,6.0,,
derby@0,1455,0,0.0,0.8750000000000001,0.2508403361344538,4.0,0.0,1.0,2.0,5.0,4.0,,1.0,2.0,3.0,21.0,0.68,2.0,90.0,1.0,2.0,26.0,2.0,3.51851851851852,0.0,1.0,0.0,,,0.0,,2.0,0.902033271719039,175.0,,,,,0.689655172413793,1.0,,
derby@0,1459,0,0.003922122414692388,0.8104390014428277,0.09088916995724204,1.0,8.0,2.0,6.0,0.0,3.0,,2.0,0.0,10.0,3.0,0.34,3.0,73.0,2.0,0.0,13.0,1.0,6.58333333333333,1.0,2.0,0.0,,,0.0,,1.0,0.656488549618321,44.0,,,,,1.33333333333333,6.0,,
derby@0,1475,1,0.0,0.6550976138828634,0.029524028032704826,0.0,0.0,0.0,21.0,0.0,0.0,,1.0,0.0,0.0,0.0,1.55,0.0,0.0,0.0,1.0,0.0,0.0,0.0,0.0,0.0,0.0,,,0.0,,1.0,0.910112359550562,44.0,,,,,0.0,0.0,,
derby@0,1478,1,0.25780125846695895,0.931509133323725,0.41911672163567537,0.0,0.0,0.0,0.0,0.0,0.0,,1.0,0.0,1114.0,0.0,0.4,0.0,0.0,0.0,1.0,0.0,0.0,0.0,0.0,0.0,0.0,,,5.0,,12.0,0.768699654775604,15.0,,,,,0.0,6.0,,
derby@0,1498,0,0.0,1.0,0.37373949579831933,1.0,1.0,1.0,2.0,6.0,1.0,,1.0,2.0,21.0,29.0,0.49,0.0,93.0,1.0,13.0,3.0,1.0,5.33333333333333,0.0,1.0,0.0,,,0.0,,2.0,0.928400954653938,121.0,,,,,0.514285714285714,0.0,,
derby@0,1509,12,0.2634856589156276,0.7328793896350553,0.41758920051745546,16.0,7.0,2.0,108.0,31.0,7.0,,1.0,0.0,0.0,8.0,0.25,7.0,91.0,1.0,0.0,20.0,1.0,5.8,2.0,2.0,0.0,,,0.0,,6.0,0.713522537562604,149.0,,,,,2.45454545454545,1.0,,
derby@0,1510,11,0.0,1.0,0.37373949579831933,2.0,0.0,2.0,1.0,1.0,14.0,,1.0,0.0,0.0,4.0,0.27,5.0,83.0,1.0,0.0,1.0,1.0,6.16666666666667,2.0,1.0,0.0,,,0.0,,2.0,0.47935368043088,109.0,,,,,2.125,0.0,,
derby@0,1519,0,0.0,0.9164855634895995,0.0028779724371831255,2.0,0.0,1.0,0.0,2.0,5.0,,1.0,0.0,0.0,1.0,1.2,2.0,0.0,3.0,0.0,8.0,1.0,1.33333333333333,1.0,2.0,0.0,,,0.0,,2.0,0.938144329896907,42.0,,,,,0.6,6.0,,
derby@0,1549,0,0.0,0.9155541757218255,0.0034584710398762562,6.0,0.0,1.0,12.0,7.0,7.0,,1.0,0.0,0.0,1.0,0.39,3.0,84.0,1.0,0.0,3.0,1.0,4.85714285714286,2.0,2.0,0.0,,,0.0,,1.0,0.625,91.0,,,,,2.11111111111111,6.0,,
derby@0,1558,0,0.0,0.9162785884300941,0.002994466288683813,0.0,0.0,1.0,5.0,3.0,5.0,,1.0,2.0,0.0,4.0,0.66,0.0,76.0,4.0,0.0,0.0,1.0,3.66666666666667,0.0,2.0,0.0,,,0.0,,1.0,0.810344827586207,62.0,,,,,0.5,6.0,,
derby@0,1559,0,0.0,0.9036013660353927,0.013681271020552579,0.0,6.0,2.0,1.0,1.0,9.0,,2.0,1.0,6.0,13.0,0.87,1.0,84.0,4.0,0.0,3.0,1.0,2.15,0.0,1.0,0.0,,,0.0,,2.0,0.760517799352751,250.0,,,,,0.956521739130435,6.0,,
derby@0,1562,13,0.15910722563642624,0.46757499970943195,0.26055941935481114,0.0,6.0,1.0,1.0,1.0,5.0,,2.0,1.0,6.0,16.0,0.96,2.0,87.0,4.0,0.0,3.0,1.0,1.8695652173913,0.0,1.0,0.0,,,0.0,,3.0,0.709677419354839,301.0,,,,,0.0,6.0,,
derby@0,1566,0,0.0,0.9164855634895995,0.0028779724371831255,0.0,0.0,1.0,0.0,1.0,0.0,,1.0,0.0,0.0,16.0,0.35,0.0,0.0,3.0,0.0,2.0,1.0,1.9375,1.0,1.0,0.0,,,0.0,,2.0,0.944444444444444,23.0,,,,,0.0,6.0,,
derby@0,1568,0,0.0,0.9121908310048639,0.006014917068652096,5.0,0.0,1.0,5.0,3.0,4.0,,2.0,1.0,8.0,48.0,0.46,1.0,84.0,4.0,0.0,4.0,2.0,3.07407407407407,1.0,1.0,0.0,,,0.0,,2.0,0.705245628642798,329.0,,,,,0.666666666666667,6.0,,
derby@0,1570,11,0.0006819383437146412,0.6176684593826105,0.01550615002839356,5.0,0.0,1.0,5.0,3.0,6.0,,2.0,4.0,3.0,47.0,0.47,3.0,78.0,4.0,0.0,1.0,2.0,3.0,0.0,1.0,0.0,,,0.0,,0.0,0.7550226830849,412.0,,,,,0.508474576271186,6.0,,
derby@0,1578,0,5.1743764876332785e-05,0.9064472731035911,0.011019929851445285,7.0,0.0,1.0,2.0,5.0,1.0,,3.0,3.0,1.0,25.0,0.19,0.0,70.0,4.0,0.0,4.0,2.0,1.82857142857143,0.0,1.0,0.0,,,0.0,,1.0,0.726078799249531,77.0,,,,,0.282051282051282,6.0,,
derby@0,1587,15,0.0005579052900819994,0.7595397630416226,0.07960305215606436,1.0,0.0,1.0,0.0,0.0,10.0,,1.0,0.0,0.0,1.0,0.67,6.0,0.0,3.0,0.0,46.0,1.0,1.0,1.0,2.0,0.0,,,2.0,,3.0,0.534883720930233,43.0,,,,,1.8,6.0,,
derby@0,1604,8,9.061295550953444e-18,0.6130030959752322,0.03140994180747388,3.0,0.0,1.0,1.0,1.0,6.0,,1.0,2.0,0.0,19.0,0.7,2.0,20.0,5.0,0.0,3.0,1.0,3.66666666666667,0.0,2.0,0.0,,,0.0,,1.0,0.730645161290323,168.0,,,,,0.653846153846154,0.0,,
derby@0,1608,10,0.006025686345576609,0.8806179358170478,0.21634888104524982,4.0,0.0,1.0,17.0,4.0,10.0,,1.0,6.0,1.0,1.0,0.2,10.0,91.0,1.0,2.0,3.0,1.0,5.18181818181818,1.0,0.0,0.0,,,0.0,,3.0,0.734390485629336,141.0,,,,,0.0,6.0,,
derby@0,1612,0,0.0,1.0,0.37373949579831933,1.0,0.0,1.0,1.0,2.0,9.0,,1.0,6.0,0.0,2.0,0.33,13.0,66.0,2.0,0.0,2.0,1.0,8.22222222222222,1.0,1.0,0.0,,,0.0,,2.0,0.96816976127321,150.0,,,,,1.72727272727273,2.0,,
derby@0,1617,0,0.0033757614412521786,0.6968620419374807,0.021958030093584026,10.0,0.0,1.0,2.0,6.0,6.0,,2.0,1.0,0.0,35.0,0.31,1.0,98.0,4.0,0.0,2.0,2.0,1.73913043478261,0.0,1.0,0.0,,,0.0,,0.0,0.669449081803005,355.0,,,,,0.693877551020408,6.0,,
derby@0,1633,0,0.0,0.7201735357917572,0.08650717503754382,0.0,0.0,1.0,9.0,0.0,3.0,,1.0,12.0,1.0,2.0,0.42,0.0,93.0,4.0,4.0,1.0,1.0,8.0,2.0,2.0,0.0,,,0.0,,2.0,0.796363636363636,44.0,,,,,0.625,0.0,,
derby@0,1634,10,0.0,0.5606060606060608,0.06179750249377714,1.0,1.0,1.0,9.0,4.0,4.0,,2.0,2.0,2.0,9.0,0.63,0.0,80.0,4.0,0.0,5.0,1.0,3.07692307692308,1.0,1.0,0.0,,,0.0,,1.0,0.809885931558935,88.0,,,,,0.4,0.0,,
derby@0,1635,0,0.0,0.8750000000000001,0.2508403361344538,10.0,0.0,1.0,2.0,3.0,8.0,,1.0,0.0,5.0,3.0,0.34,3.0,81.0,5.0,0.0,3.0,1.0,4.46153846153846,1.0,3.0,0.0,,,0.0,,2.0,0.913344887348354,131.0,,,,,1.93333333333333,5.0,,
derby@0,1638,0,0.0003104625892579941,0.8990996584911518,0.017978480899906838,4.0,0.0,1.0,3.0,2.0,8.0,,1.0,1.0,1.0,18.0,0.52,2.0,85.0,4.0,0.0,1.0,1.0,2.91304347826087,0.0,2.0,0.0,,,0.0,,1.0,0.968188105117566,215.0,,,,,0.6,6.0,,
derby@0,1642,0,5.1743764876332785e-05,0.8733830073476146,0.0430634527201061,1.0,0.0,1.0,0.0,3.0,19.0,,2.0,1.0,0.0,8.0,0.42,13.0,0.0,4.0,0.0,4.0,2.0,6.5,0.0,1.0,0.0,,,0.0,,1.0,0.821984435797665,258.0,,,,,1.15384615384615,6.0,,
derby@0,1643,5,0.0,0.8026156881755037,0.3868336489806608,6.0,0.0,1.0,16.0,10.0,3.0,,1.0,0.0,2.0,15.0,0.8,1.0,93.0,3.0,1.0,2.0,2.0,3.71428571428571,1.0,1.0,0.0,,,0.0,,2.0,0.873804971319312,191.0,,,,,0.68,0.0,,
derby@0,1644,0,0.0,0.9153472006623202,0.003601484274681354,36.0,0.0,1.0,11.0,0.0,0.0,,5.0,0.0,9.0,36.0,0.35,1.0,94.0,4.0,0.0,5.0,2.0,3.01388888888889,0.0,0.0,0.0,,,0.0,,1.0,0.691729323308271,258.0,,,,,0.730769230769231,6.0,,
derby@0,1648,0,0.04513484439042217,0.7483890975898246,0.340000310987429,1.0,0.0,1.0,0.0,1.0,11.0,,1.0,0.0,0.0,1.0,0.65,4.0,0.0,3.0,0.0,55.0,1.0,1.0,1.0,2.0,0.0,,,4.0,,5.0,0.63265306122449,15.0,,,,,0.4,76.0,,
derby@0,1664,0,0.0,0.9166925385491048,0.002822118449416726,4.0,4.0,1.0,2.0,5.0,3.0,,2.0,0.0,3.0,2.0,0.35,2.0,77.0,1.0,0.0,2.0,2.0,2.8,0.0,1.0,0.0,,,0.0,,2.0,0.934865900383142,59.0,,,,,0.923076923076923,6.0,,
derby@0,1671,0,0.0,0.9155541757218255,0.0034584710398762562,3.0,0.0,1.0,2.0,1.0,3.0,,2.0,1.0,0.0,9.0,0.13,3.0,100.0,4.0,0.0,1.0,2.0,2.30769230769231,0.0,1.0,0.0,,,0.0,,2.0,0.766721044045677,61.0,,,,,0.5,6.0,,
derby@0,1696,0,0.0,0.9168995136086101,0.0029503236209329486,16.0,0.0,1.0,3.0,2.0,12.0,,2.0,2.0,1.0,6.0,0.64,4.0,88.0,4.0,0.0,1.0,2.0,5.08333333333333,0.0,1.0,0.0,,,0.0,,3.0,0.992654774396642,321.0,,,,,0.814814814814815,6.0,,
derby@0,1767,0,0.03891853642930072,0.8947447039809893,0.39293761656556964,1.0,0.0,1.0,24.0,27.0,6.0,,1.0,22.0,0.0,23.0,0.64,2.0,96.0,2.0,1.0,1.0,1.0,4.26086956521739,0.0,1.0,0.0,,,0.0,,1.0,1.0,366.0,,,,,0.645833333333333,0.0,,
derby@0,1806,6,0.2922060402478831,0.6770496099057015,0.39666575065425813,2.0,0.0,1.0,0.0,20.0,9.0,,2.0,3.0,1.0,42.0,3.1,0.0,95.0,3.0,146.0,5.0,2.0,57.2340425531915,0.0,0.0,0.0,,,0.0,,6.0,1.0,57.0,,,,,0.0,6.0,,
derby@0,1808,0,0.10861097544028706,0.6497469770637206,0.20416730137475872,1.0,0.0,1.0,1.0,13.0,4.0,,7.0,5.0,0.0,18.0,0.85,1.0,83.0,2.0,21.0,1.0,2.0,11.2083333333333,0.0,1.0,0.0,,,0.0,,0.0,1.0,15.0,,,,,0.46875,6.0,,
derby@0,1811,0,0.0,0.9160198696057125,0.0031524001956240878,3.0,0.0,2.0,2.0,4.0,6.0,,1.0,3.0,0.0,2.0,0.95,1.0,87.0,4.0,42.0,1.0,1.0,5.125,0.0,0.0,0.0,,,0.0,,0.0,1.0,93.0,,,,,1.1,6.0,,
derby@0,1812,0,0.0,0.9138466314809065,0.004704487924221453,2.0,0.0,1.0,0.0,6.0,8.0,,2.0,3.0,3.0,7.0,0.73,1.0,72.0,4.0,3.0,3.0,2.0,5.66666666666667,0.0,0.0,0.0,,,0.0,,1.0,0.793002915451895,131.0,,,,,1.06666666666667,6.0,,
derby@0,1813,7,0.08093821634002896,0.668978723043902,0.20862486021607526,1.0,1.0,1.0,7.0,29.0,13.0,,1.0,0.0,0.0,25.0,0.81,2.0,95.0,1.0,0.0,1.0,1.0,17.2758620689655,1.0,1.0,0.0,,,0.0,,5.0,1.0,444.0,,,,,1.38709677419355,6.0,,
derby@0,1814,0,0.0,0.9167960260788575,0.002881294398149071,1.0,1.0,1.0,6.0,1.0,4.0,,1.0,0.0,6.0,10.0,0.87,0.0,87.0,1.0,0.0,1.0,1.0,4.58333333333333,1.0,1.0,0.0,,,0.0,,2.0,0.506666666666667,98.0,,,,,0.214285714285714,6.0,,
derby@0,1815,0,0.02028365918540219,0.7606068237524816,0.11849618381725943,5.0,0.0,1.0,4.0,8.0,3.0,,4.0,2.0,9.0,6.0,0.38,2.0,85.0,3.0,0.0,3.0,2.0,2.94736842105263,0.0,1.0,0.0,,,0.0,,3.0,0.456375838926175,15.0,,,,,0.958333333333333,6.0,,
derby@0,1816,0,0.0,0.9132257063023905,0.005183075521010165,5.0,4.0,1.0,3.0,12.0,6.0,,4.0,2.0,1.0,7.0,0.79,1.0,83.0,2.0,0.0,3.0,2.0,2.38888888888889,0.0,1.0,0.0,,,0.0,,2.0,0.756544502617801,144.0,,,,,0.565217391304348,6.0,,
derby@0,1818,1,0.22339220790119377,0.5856753835428288,0.34328026655335625,7.0,14.0,1.0,23.0,27.0,0.0,,9.0,5.0,15.0,38.0,0.7,0.0,94.0,1.0,0.0,18.0,2.0,9.59375,0.0,0.0,0.0,,,0.0,,4.0,1.0,274.889,,,,,0.310810810810811,6.0,,
derby@0,1859,0,0.0,0.9160198696057125,0.0031524001956240878,4.0,1.0,2.0,1.0,2.0,31.0,,2.0,26.0,5.0,2.0,0.33,22.0,92.0,3.0,0.0,42.0,1.0,9.63636363636364,3.0,1.0,0.0,,,0.0,,1.0,0.995416500597848,1077.0,,,,,1.97222222222222,6.0,,
derby@0,1865,0,0.0,0.9149332505433095,0.0038966883652652613,2.0,0.0,1.0,30.0,0.0,12.0,,1.0,89.0,3.0,2.0,0.26,18.0,90.0,4.0,0.0,34.0,1.0,6.68817204301075,0.0,0.0,0.0,,,0.0,,1.0,0.984935813466073,1219.0,,,,,1.48421052631579,6.0,,
derby@0,1877,0,5.174376487633229e-05,0.9138983752457829,0.004665074828015325,0.0,0.0,1.0,0.0,25.0,3.0,,2.0,0.0,4.0,62.0,0.44,2.0,90.0,1.0,0.0,27.0,2.0,23.4032258064516,0.0,1.0,0.0,,,0.0,,1.0,0.954545454545455,366.0,,,,,1.04615384615385,6.0,,
derby@0,1881,0,0.0,0.6355748373101953,0.03671992324378442,0.0,1.0,1.0,0.0,0.0,0.0,,1.0,0.0,1.0,3.0,0.62,0.0,25.0,2.0,0.0,0.0,1.0,3.25,2.0,1.0,0.0,,,0.0,,0.0,0.875,23.0,,,,,0.714285714285714,0.0,,
derby@0,1883,0,0.0,0.8750000000000001,0.2508403361344538,4.0,0.0,1.0,5.0,13.0,0.0,,1.0,0.0,19.0,44.0,0.1,0.0,93.0,1.0,0.0,2.0,2.0,6.72916666666667,1.0,1.0,0.0,,,0.0,,2.0,0.927893738140417,43.0,,,,,0.7,0.0,,
derby@0,1922,4,0.00027958166685226865,0.707291953708325,0.012388439934648944,3.0,3.0,2.0,5.0,23.0,11.0,,2.0,0.0,2.0,20.0,0.7,3.0,97.0,1.0,0.0,5.0,2.0,2.76923076923077,0.0,1.0,0.0,,,0.0,,2.0,0.811111111111111,341.0,,,,,1.72413793103448,6.0,,
derby@0,1923,1,0.10723623227760448,0.5688932569095526,0.2348679732988428,6.0,17.0,1.0,1.0,1.0,9.0,,1.0,0.0,19.0,5.0,1.5,2.0,85.0,1.0,1.0,16.0,2.0,5.64285714285714,1.0,1.0,0.0,,,0.0,,1.0,0.959162303664922,304.0,,,,,0.0,6.0,,
derby@0,1931,5,0.00015118517933909237,0.8850388368917136,0.02893124105219617,23.0,2.0,1.0,4.0,53.0,4.0,,2.0,0.0,0.0,29.0,0.32,2.0,96.0,1.0,1.0,3.0,2.0,5.64814814814815,1.0,1.0,0.0,,,0.0,,2.0,0.8078125,258.0,,,,,1.15789473684211,6.0,,
derby@0,1955,3,0.2701983035750623,0.7064023507453328,0.4448441381017494,50.0,0.0,1.0,59.0,1.0,3.0,,3.0,0.0,18.0,24.0,3.1,1.0,97.0,2.0,0.0,3.0,1.0,4.54054054054054,1.0,0.0,0.0,,,0.0,,0.0,0.929274292742927,15.0,,,,,0.0,17.0,,
derby@0,1956,0,0.00020697505950532984,0.9046362413329194,0.012705796889450885,1.0,0.0,1.0,0.0,0.0,12.0,,1.0,0.0,4.0,4.0,1.26,0.0,40.0,2.0,0.0,6.0,1.0,5.0,1.0,2.0,1.0,,,0.0,,4.0,0.938388625592417,107.0,,,,,1.42857142857143,6.0,,
derby@0,1957,0,0.0,0.908775742523026,0.008924560743858004,1.0,0.0,1.0,0.0,0.0,6.0,,1.0,0.0,3.0,4.0,1.27,0.0,66.0,2.0,0.0,5.0,1.0,3.8,1.0,1.0,0.0,,,0.0,,0.0,0.945205479452055,70.0,,,,,0.714285714285714,17.0,,
derby@0,1958,0,0.0447420208281077,0.799503857207881,0.10030070980977106,3.0,17.0,2.0,2.0,0.0,18.0,,1.0,0.0,18.0,0.0,0.74,2.0,89.0,1.0,0.0,9.0,1.0,7.55,2.0,2.0,0.0,,,0.0,,0.0,1.0,423.0,,,,,1.90909090909091,6.0,,
derby@0,1959,0,0.0,0.9100693366449343,0.007802244677176901,2.0,0.0,1.0,0.0,0.0,11.0,,1.0,0.0,3.0,4.0,1.45,0.0,61.0,2.0,0.0,7.0,1.0,4.0,1.0,2.0,0.0,,,0.0,,1.0,0.733990147783251,107.0,,,,,1.25,87.0,,
derby@0,1960,0,0.0003104625892579941,0.9031356721515058,0.01412348595998535,2.0,0.0,1.0,0.0,0.0,10.0,,1.0,0.0,5.0,5.0,1.26,0.0,60.0,2.0,0.0,7.0,1.0,4.14285714285714,1.0,0.0,1.0,,,0.0,,1.0,0.905982905982906,118.0,,,,,1.33333333333333,6.0,,
derby@0,1963,0,0.0,0.9049984476870536,0.012365549260345684,1.0,0.0,1.0,0.0,0.0,13.0,,1.0,3.0,6.0,3.0,1.54,0.0,42.0,2.0,0.0,5.0,1.0,3.42857142857143,1.0,1.0,0.0,,,0.0,,1.0,0.991341991341991,125.0,,,,,1.0,6.0,,
derby@0,1964,0,0.0,0.9060850667494568,0.011352801601117622,1.0,0.0,1.0,0.0,0.0,13.0,,1.0,3.0,6.0,2.0,1.98,0.0,58.0,2.0,2.0,3.0,1.0,3.83333333333333,1.0,1.0,0.0,,,0.0,,1.0,0.990654205607477,127.0,,,,,1.0,6.0,,
derby@0,1988,0,0.00015523129462899834,0.8982717582531304,0.018771979135382522,1.0,2.0,1.0,0.0,0.0,5.0,,1.0,1.0,1.0,7.0,1.17,0.0,27.0,3.0,0.0,5.0,2.0,2.45454545454545,1.0,2.0,0.0,,,0.0,,1.0,0.893617021276596,90.0,,,,,0.538461538461538,6.0,,
derby@0,1989,0,5.1743764876332785e-05,0.9064472731035911,0.011019929851445285,1.0,2.0,1.0,0.0,0.0,5.0,,1.0,1.0,1.0,7.0,1.17,0.0,27.0,5.0,0.0,5.0,2.0,2.45454545454545,1.0,2.0,0.0,,,0.0,,1.0,0.888888888888889,90.0,,,,,0.538461538461538,6.0,,
derby@0,1990,0,0.0,0.9066025043982201,0.010877592269718005,0.0,2.0,1.0,0.0,0.0,5.0,,1.0,2.0,1.0,7.0,1.17,0.0,27.0,5.0,0.0,5.0,2.0,2.45454545454545,1.0,2.0,0.0,,,0.0,,1.0,0.905263157894737,90.0,,,,,0.538461538461538,6.0,,
derby@0,1991,0,0.0,0.9060850667494568,0.011352801601117622,1.0,2.0,1.0,0.0,0.0,4.0,,1.0,2.0,1.0,7.0,1.08,0.0,25.0,4.0,0.0,5.0,2.0,2.41666666666667,1.0,2.0,0.0,,,0.0,,1.0,0.892857142857143,90.0,,,,,0.5,6.0,,
derby@0,1992,0,0.0,0.9014798716754631,0.0157011922011167,0.0,7.0,2.0,0.0,0.0,9.0,,1.0,0.0,5.0,0.0,0.8,3.0,65.0,1.0,0.0,12.0,1.0,8.71428571428571,6.0,1.0,0.0,,,0.0,,1.0,0.895470383275261,111.0,,,,,1.11111111111111,6.0,,
derby@0,1995,0,0.0,0.908775742523026,0.008924560743858004,1.0,1.0,1.0,0.0,0.0,7.0,,1.0,0.0,3.0,4.0,1.03,0.0,22.0,3.0,0.0,5.0,1.0,4.16666666666667,2.0,2.0,0.0,,,0.0,,0.0,1.0,75.0,,,,,1.77777777777778,6.0,,
derby@0,1996,0,0.0,0.9102763117044397,0.007624660526556714,0.0,1.0,1.0,0.0,0.0,14.0,,1.0,0.0,2.0,2.0,2.54,0.0,33.0,2.0,0.0,0.0,1.0,3.33333333333333,2.0,1.0,0.0,,,0.0,,0.0,0.817307692307692,66.0,,,,,1.2,6.0,,
derby@0,1997,12,0.0,0.8974358974358974,0.23548350005749108,2.0,3.0,1.0,0.0,0.0,1.0,,1.0,0.0,7.0,2.0,0.89,0.0,53.0,2.0,0.0,11.0,1.0,5.0,1.0,1.0,0.0,,,0.0,,1.0,0.841880341880342,101.0,,,,,1.66666666666667,279.0,,
derby@0,2001,0,5.1743764876332785e-05,0.9017903342647212,0.015404636804377151,4.0,0.0,1.0,0.0,20.0,10.0,,1.0,0.0,0.0,16.0,2.17,0.0,0.0,1.0,0.0,6.0,1.0,3.15,0.0,2.0,0.0,,,0.0,,1.0,0.989041095890411,230.0,,,,,0.272727272727273,87.0,,
derby@0,2002,0,0.0,0.7179487179487178,0.06565482350235713,6.0,14.0,2.0,1.0,0.0,3.0,,3.0,1.0,7.0,2.0,0.37,0.0,71.0,1.0,0.0,9.0,2.0,6.69565217391304,0.0,1.0,0.0,,,0.0,,1.0,0.781431334622824,131.0,,,,,1.48148148148148,648.0,,
derby@0,2004,0,0.00020697505950533114,0.90194556555935,0.015256499867065256,2.0,0.0,1.0,1.0,1.0,8.0,,1.0,0.0,4.0,11.0,1.08,0.0,76.0,1.0,0.0,10.0,2.0,2.69230769230769,0.0,0.0,0.0,,,0.0,,0.0,1.0,155.0,,,,,1.33333333333333,87.0,,
derby@0,2013,0,0.00046569388388698985,0.8959432888336956,0.0210104740866212,2.0,1.0,1.0,0.0,0.0,16.0,,1.0,2.0,4.0,4.0,1.28,1.0,58.0,5.0,0.0,10.0,2.0,5.33333333333333,0.0,1.0,0.0,,,0.0,,1.0,0.954314720812183,199.0,,,,,1.09090909090909,6.0,,
derby@0,2020,0,0.0,0.9163820759598468,0.00293500881783571,0.0,0.0,1.0,0.0,0.0,0.0,,1.0,0.0,0.0,112.0,0.29,0.0,0.0,1.0,0.0,33.0,3.0,0.0178571428571429,0.0,0.0,0.0,,,0.0,,2.0,0.978319783197832,130.0,,,,,0.0,6.0,,
derby@0,2029,0,0.0,0.9161233571354651,0.003087931631115491,1.0,0.0,1.0,0.0,1.0,6.0,,1.0,0.0,0.0,1.0,1.09,3.0,0.0,3.0,0.0,14.0,1.0,1.0,1.0,2.0,0.0,,,0.0,,5.0,0.710843373493976,35.0,,,,,1.6,6.0,,
derby@0,2030,0,0.0,0.9108454931180793,0.007139823138798174,0.0,0.0,1.0,2.0,1.0,3.0,,1.0,0.0,0.0,6.0,0.7,0.0,33.0,4.0,0.0,1.0,1.0,2.0,0.0,2.0,0.0,,,0.0,,0.0,1.0,44.0,,,,,0.625,6.0,,
derby@0,2034,0,0.0,0.9113111870019662,0.0067471560917388256,1.0,0.0,1.0,0.0,1.0,6.0,,1.0,1.0,0.0,1.0,1.38,1.0,0.0,6.0,0.0,5.0,1.0,1.0,0.0,1.0,0.0,,,0.0,,0.0,0.909090909090909,54.0,,,,,0.6,6.0,,
derby@0,2035,0,0.0007244127082686589,0.8457518369036533,0.07044812239950984,21.0,0.0,1.0,11.0,3.0,16.0,,3.0,0.0,0.0,6.0,0.86,1.0,92.0,4.0,0.0,5.0,2.0,4.22222222222222,0.0,1.0,0.0,,,0.0,,0.0,1.0,576.0,,,,,1.29032258064516,6.0,,
derby@0,2036,13,0.00010079011955939491,0.8918295556689058,0.07339550360973426,7.0,0.0,1.0,0.0,3.0,10.0,,1.0,0.0,0.0,20.0,0.37,2.0,0.0,4.0,0.0,2.0,1.0,1.25925925925926,0.0,2.0,0.0,,,0.0,,2.0,0.975389663658737,293.0,,,,,0.896551724137931,6.0,,
derby@0,2037,0,0.0013453378867846367,0.8890096243402669,0.027734123081694234,7.0,0.0,1.0,8.0,5.0,2.0,,2.0,1.0,9.0,7.0,0.53,2.0,84.0,4.0,0.0,6.0,1.0,3.4,0.0,1.0,0.0,,,0.0,,2.0,0.955916473317865,118.0,,,,,0.388888888888889,6.0,,
derby@0,2043,0,0.027100027595798982,0.6513872931590665,0.06670358934737951,0.0,0.0,1.0,4.0,3.0,4.0,,2.0,19.0,0.0,13.0,0.7,2.0,89.0,4.0,3.0,5.0,2.0,4.15625,0.0,1.0,0.0,,,0.0,,2.0,0.741905642923219,191.0,,,,,0.514285714285714,6.0,,
derby@0,2044,0,0.051692271261116245,0.668795160454924,0.17925704546149676,3.0,0.0,1.0,2.0,4.0,10.0,,2.0,1.0,0.0,36.0,3.1,5.0,98.0,4.0,0.0,2.0,2.0,1.725,0.0,1.0,0.0,,,0.0,,0.0,0.763105507631055,436.0,,,,,0.441860465116279,6.0,,
derby@0,2045,0,5.174376487633214e-05,0.9117768808858533,0.006357529483529662,3.0,0.0,1.0,0.0,2.0,6.0,,1.0,0.0,0.0,10.0,0.65,2.0,0.0,4.0,0.0,7.0,1.0,1.0,0.0,2.0,0.0,,,0.0,,0.0,1.0,115.0,,,,,0.866666666666667,6.0,,
derby@0,2047,12,0.10743863619265524,0.8948567119130552,0.21522936645197205,19.0,0.0,1.0,10.0,5.0,6.0,,1.0,1.0,0.0,52.0,0.19,3.0,96.0,4.0,0.0,10.0,1.0,3.20833333333333,0.0,2.0,0.0,,,0.0,,2.0,0.957658779576588,460.0,,,,,1.7972972972973,6.0,,
derby@0,2048,0,5.1743764876332785e-05,0.8983752457828832,0.018672658132943075,0.0,0.0,1.0,0.0,1.0,8.0,,1.0,2.0,3.0,10.0,0.67,1.0,88.0,4.0,0.0,2.0,1.0,0.583333333333333,0.0,2.0,0.0,,,0.0,,3.0,0.975138121546961,133.0,,,,,0.428571428571429,6.0,,
derby@0,2052,0,0.00046569388388698985,0.8959432888336956,0.0210104740866212,0.0,0.0,1.0,0.0,1.0,9.0,,1.0,0.0,2.0,12.0,0.77,1.0,79.0,4.0,0.0,2.0,1.0,0.666666666666667,0.0,2.0,0.0,,,0.0,,4.0,0.968571428571429,140.0,,,,,0.5,6.0,,
derby@0,2053,0,0.0003104625892579941,0.8929421504708682,0.023907224048925386,5.0,1.0,1.0,5.0,1.0,2.0,,2.0,4.0,2.0,16.0,0.38,0.0,83.0,4.0,0.0,5.0,1.0,2.15384615384615,0.0,2.0,0.0,,,0.0,,0.0,1.0,114.0,,,,,0.310344827586207,6.0,,
derby@0,2055,0,0.00041395011901065713,0.8941840008279003,0.02270625070310149,2.0,0.0,1.0,0.0,1.0,5.0,,1.0,1.0,1.0,6.0,0.32,0.0,88.0,4.0,0.0,3.0,1.0,0.888888888888889,0.0,2.0,0.0,,,0.0,,2.0,0.983922829581994,73.0,,,,,1.0,6.0,,
derby@0,2057,2,0.026453678279660636,0.6004095080514851,0.06679758155520127,19.0,0.0,2.0,6.0,10.0,9.0,,1.0,1.0,1.0,34.0,0.34,6.0,96.0,4.0,0.0,3.0,1.0,0.0,0.0,1.0,0.0,,,0.0,,3.0,0.895434462444772,589.0,,,,,1.07142857142857,6.0,,
derby@0,2058,0,0.0002587188243816613,0.8969781641312222,0.020014505145492318,4.0,0.0,3.0,1.0,7.0,3.0,,1.0,0.0,0.0,4.0,0.22,4.0,75.0,4.0,0.0,4.0,1.0,3.875,0.0,2.0,0.0,,,0.0,,1.0,0.984615384615385,60.0,,,,,1.5,6.0,,
derby@0,2059,16,0.0618373812241315,0.5779422460969995,0.1368939537266291,44.0,2.0,1.0,4.0,30.0,7.0,,5.0,1.0,5.0,33.0,0.85,3.0,92.0,4.0,0.0,16.0,3.0,4.0375,0.0,1.0,0.0,,,0.0,,1.0,0.998748827025336,674.0,,,,,0.976744186046512,6.0,,
derby@0,2060,0,0.00015523129462899834,0.8714684880471903,0.04495308546549739,13.0,0.0,1.0,7.0,7.0,11.0,,1.0,0.0,3.0,7.0,0.71,2.0,77.0,4.0,0.0,4.0,1.0,4.9,1.0,1.0,0.0,,,0.0,,2.0,0.727513227513228,272.0,,,,,1.13636363636364,6.0,,
derby@0,2069,0,0.00015523129462899577,0.8989444271965228,0.0181271245770271,0.0,0.0,1.0,0.0,2.0,5.0,,2.0,1.0,0.0,8.0,0.56,1.0,0.0,4.0,0.0,1.0,2.0,1.22222222222222,0.0,2.0,0.0,,,0.0,,0.0,1.0,65.0,,,,,0.333333333333333,6.0,,
derby@0,2071,0,0.0,0.9153989444271965,0.003565449443864321,3.0,0.0,1.0,0.0,1.0,2.0,,1.0,0.0,2.0,11.0,0.16,4.0,75.0,4.0,0.0,4.0,1.0,1.92857142857143,0.0,2.0,0.0,,,0.0,,3.0,0.9,61.0,,,,,1.125,6.0,,
derby@0,2072,0,0.0,0.681206664596916,0.23459747461149105,30.0,1.0,2.0,11.0,43.0,4.0,,1.0,2.0,0.0,14.0,0.15,8.0,94.0,4.0,0.0,3.0,1.0,6.68085106382979,0.0,1.0,0.0,,,0.0,,0.0,1.0,421.0,,,,,1.26530612244898,6.0,,
derby@0,2073,0,0.00020697505950533114,0.8718306944013247,0.04459543976963834,1.0,4.0,1.0,0.0,11.0,11.0,,2.0,1.0,0.0,19.0,0.7,3.0,0.0,4.0,0.0,2.0,2.0,1.76,0.0,0.0,0.0,,,0.0,,0.0,0.778869778869779,289.0,,,,,0.357142857142857,6.0,,
derby@0,2075,0,0.00020697505950532856,0.8962020076580772,0.020761327014175317,2.0,0.0,1.0,0.0,2.0,7.0,,1.0,0.0,0.0,6.0,0.32,4.0,0.0,4.0,0.0,2.0,1.0,1.125,0.0,0.0,0.0,,,0.0,,0.0,0.93048128342246,79.0,,,,,0.6,6.0,,
derby@0,2077,0,0.00015523129462899834,0.8753492704129152,0.041125004039842365,4.0,0.0,1.0,0.0,2.0,11.0,,2.0,1.0,1.0,8.0,0.31,3.0,100.0,4.0,0.0,2.0,2.0,2.46153846153846,0.0,2.0,0.0,,,0.0,,0.0,1.0,172.0,,,,,0.75,6.0,,
derby@0,2082,0,0.000103487529752663,0.8985304770775121,0.018523789238130212,1.0,1.0,1.0,0.0,3.0,12.0,,1.0,0.0,0.0,4.0,0.51,7.0,0.0,4.0,0.0,5.0,1.0,3.5,1.0,2.0,0.0,,,0.0,,0.0,1.0,94.0,,,,,2.125,6.0,,
derby@0,2083,0,0.005226120252509575,0.8357135465176445,0.08044328359738419,15.0,0.0,1.0,35.0,7.0,10.0,,2.0,2.0,0.0,5.0,0.44,5.0,84.0,3.0,0.0,1.0,2.0,9.04545454545454,0.0,1.0,0.0,,,0.0,,0.0,1.0,412.0,,,,,2.0,6.0,,
derby@0,2086,0,0.0,0.9048432163924246,0.012511208803038909,1.0,0.0,1.0,2.0,1.0,6.0,,2.0,1.0,0.0,4.0,0.77,1.0,80.0,4.0,0.0,3.0,2.0,2.5,1.0,1.0,0.0,,,0.0,,0.0,0.908333333333333,109.0,,,,,0.777777777777778,6.0,,
derby@0,2087,0,0.0017075442409189713,0.8788678464245059,0.037667743545063866,21.0,0.0,1.0,38.0,22.0,1.0,,1.0,2.0,0.0,5.0,0.5,1.0,95.0,4.0,0.0,2.0,1.0,4.07142857142857,1.0,1.0,0.0,,,0.0,,3.0,0.961932650073206,218.0,,,,,1.23333333333333,6.0,,
derby@0,2088,0,0.0015523129462899727,0.8547035082272586,0.06155410680521159,2.0,0.0,1.0,9.0,3.0,0.0,,2.0,3.0,2.0,13.0,0.08,5.0,87.0,4.0,0.0,1.0,2.0,4.5,0.0,2.0,0.0,,,0.0,,1.0,0.996658312447786,83.0,,,,,1.52380952380952,6.0,,
derby@0,2089,0,0.00900341508848184,0.8319362516816725,0.08420824776468624,6.0,0.0,1.0,1.0,2.0,35.0,,1.0,0.0,0.0,6.0,0.89,7.0,91.0,4.0,0.0,5.0,1.0,2.83333333333333,0.0,2.0,0.0,,,1.0,,1.0,0.846223839854413,467.0,,,,,0.5,6.0,,
derby@0,2090,0,0.03787643588947532,0.7827279312842804,0.13329714648057378,28.0,0.0,1.0,25.0,3.0,9.0,,1.0,2.0,0.0,7.0,0.37,6.0,96.0,4.0,0.0,5.0,1.0,4.75675675675676,0.0,0.0,0.0,,,0.0,,3.0,0.967565098218365,516.0,,,,,0.923076923076923,6.0,,
derby@0,2091,0,0.0,0.9147262754838041,0.004047246392772675,1.0,0.0,1.0,0.0,1.0,3.0,,2.0,3.0,1.0,18.0,0.59,0.0,47.0,4.0,0.0,1.0,2.0,1.22727272727273,0.0,1.0,0.0,,,0.0,,0.0,0.939490445859873,102.0,,,,,0.12,6.0,,
derby@0,2094,0,0.00036220635413432685,0.8993583773155335,0.01773074143803974,14.0,1.0,1.0,0.0,8.0,5.0,,4.0,1.0,0.0,29.0,0.39,3.0,0.0,4.0,0.0,5.0,2.0,1.77777777777778,0.0,1.0,0.0,,,0.0,,1.0,0.980633802816901,266.0,,,,,0.3,6.0,,
derby@0,2095,0,0.049907378786137775,0.7899153822986014,0.1282872553968859,1.0,0.0,1.0,0.0,1.0,4.0,,2.0,1.0,0.0,25.0,0.21,5.0,0.0,4.0,0.0,4.0,2.0,1.51851851851852,0.0,1.0,0.0,,,0.0,,3.0,0.962962962962963,23.0,,,,,0.3,6.0,,
derby@0,2097,0,0.0010866190624029832,0.8809893407844355,0.03558549336807092,0.0,0.0,1.0,0.0,1.0,4.0,,1.0,0.0,0.0,3.0,0.16,3.0,0.0,4.0,0.0,2.0,1.0,1.0,0.0,2.0,0.0,,,0.0,,2.0,0.983739837398374,32.0,,,,,0.0,6.0,,
derby@0,2099,8,0.054376456862563906,0.7146272127459311,0.22529626868295208,0.0,0.0,1.0,7.0,2.0,2.0,,2.0,2.0,0.0,7.0,0.06,4.0,94.0,4.0,0.0,1.0,2.0,4.125,0.0,1.0,0.0,,,0.0,,1.0,0.987951807228916,57.0,,,,,1.47368421052632,6.0,,
derby@0,2100,0,0.00036220635413432685,0.8941322570630239,0.022756192726436964,0.0,0.0,1.0,0.0,2.0,0.0,,2.0,3.0,0.0,12.0,0.08,1.0,0.0,4.0,0.0,4.0,2.0,1.2,0.0,1.0,0.0,,,0.0,,0.0,0.908433734939759,26.0,,,,,0.888888888888889,6.0,,
derby@0,2101,0,0.2855220945876022,0.6043154299906861,0.5198088813921428,0.0,0.0,1.0,1.0,1.0,395.0,,1.0,0.0,0.0,4.0,0.31,749.0,75.0,4.0,0.0,5.0,1.0,1.5,0.0,2.0,0.0,,,0.0,,3.0,0.970564269708698,1595.0,,,,,1.5,6.0,,
derby@0,2102,13,0.040265652763978275,0.8127270015388816,0.11463809853485686,0.0,12.0,1.0,1.0,9.0,6.0,,2.0,1.0,0.0,53.0,0.55,1.0,46.0,4.0,0.0,3.0,2.0,4.3030303030303,0.0,0.0,0.0,,,0.0,,2.0,0.957264957264957,474.0,,,,,0.768115942028985,6.0,,
derby@0,2103,0,0.0,0.9101210804098107,0.007757764182887126,0.0,0.0,1.0,0.0,1.0,3.0,,1.0,0.0,0.0,4.0,0.45,1.0,0.0,4.0,0.0,1.0,1.0,0.75,0.0,1.0,0.0,,,0.0,,0.0,0.543859649122807,29.0,,,,,0.0,6.0,,
derby@0,2104,0,0.0005174376487633226,0.8957363137741902,0.021209791744577912,1.0,0.0,1.0,0.0,4.0,6.0,,1.0,2.0,0.0,16.0,0.54,1.0,0.0,4.0,0.0,2.0,1.0,3.0,0.0,1.0,0.0,,,0.0,,1.0,0.997566909975669,134.0,,,,,0.666666666666667,6.0,,
derby@0,2105,0,0.0002587188243816587,0.861585428955811,0.054724774407882974,6.0,4.0,1.0,12.0,3.0,8.0,,8.0,10.0,12.0,10.0,0.65,3.0,90.0,4.0,3.0,8.0,2.0,3.8,0.0,1.0,0.0,,,0.0,,0.0,1.0,353.0,,,,,0.846153846153846,6.0,,
derby@0,2106,0,0.021421918658801616,0.7991824485149541,0.11687843886302454,4.0,2.0,1.0,0.0,32.0,3.0,,1.0,1.0,0.0,40.0,0.11,6.0,0.0,4.0,0.0,4.0,1.0,2.57446808510638,0.0,0.0,0.0,,,0.0,,0.0,1.0,192.0,,,,,0.816326530612245,6.0,,
derby@0,2108,0,0.0007244127082686537,0.8778847148918555,0.038632688749036206,4.0,0.0,1.0,3.0,21.0,3.0,,2.0,1.0,0.0,26.0,0.29,0.0,88.0,4.0,0.0,2.0,2.0,0.903225806451613,0.0,1.0,0.0,,,0.0,,1.0,0.97997138769671,142.0,,,,,0.147058823529412,6.0,,
derby@0,2110,0,0.012625478629825094,0.8079788885439304,0.10810114233791955,18.0,0.0,1.0,77.0,10.0,7.0,,2.0,3.0,1.0,28.0,0.31,3.0,91.0,4.0,0.0,1.0,2.0,9.79591836734694,0.0,1.0,0.0,,,0.0,,2.0,0.998538723818802,441.0,,,,,1.01923076923077,6.0,,
derby@0,2112,0,0.001759288005795304,0.8789195901893821,0.0376169569553811,1.0,0.0,1.0,0.0,2.0,3.0,,2.0,1.0,0.0,8.0,0.08,6.0,0.0,4.0,0.0,3.0,2.0,2.9,1.0,1.0,0.0,,,0.0,,0.0,1.0,50.0,,,,,0.923076923076923,6.0,,
derby@0,2114,0,0.0003104625892579941,0.8955293387146849,0.021409109402534626,11.0,0.0,1.0,6.0,4.0,3.0,,2.0,0.0,1.0,8.0,0.81,1.0,89.0,4.0,0.0,4.0,2.0,2.47368421052632,0.0,1.0,0.0,,,0.0,,1.0,0.997607655502392,156.0,,,,,0.272727272727273,6.0,,
derby@0,2115,0,0.0002587188243816613,0.9029804408568767,0.014270947244219423,1.0,0.0,1.0,0.0,1.0,2.0,,1.0,5.0,0.0,11.0,0.38,1.0,0.0,4.0,0.0,5.0,1.0,1.52941176470588,0.0,1.0,0.0,,,0.0,,1.0,0.996376811594203,63.0,,,,,0.421052631578947,6.0,,
derby@0,2117,0,0.00010348752975266557,0.9013763841457104,0.015800175377017233,1.0,0.0,1.0,0.0,1.0,8.0,,2.0,3.0,0.0,5.0,0.55,3.0,0.0,4.0,0.0,5.0,2.0,0.777777777777778,0.0,2.0,0.0,,,0.0,,1.0,0.996742671009772,93.0,,,,,0.5,6.0,,
derby@0,2118,0,0.0002587188243816613,0.8990479147262754,0.01802802879228026,6.0,0.0,1.0,1.0,4.0,3.0,,1.0,2.0,3.0,7.0,0.45,2.0,80.0,4.0,0.0,3.0,1.0,2.2,0.0,1.0,0.0,,,0.0,,1.0,0.994152046783626,89.0,,,,,0.411764705882353,6.0,,
derby@0,2119,0,0.0,0.9154506881920729,0.0035295835263167434,4.0,2.0,1.0,0.0,1.0,1.0,,4.0,1.0,6.0,9.0,0.26,3.0,60.0,4.0,0.0,3.0,2.0,2.375,0.0,0.0,0.0,,,0.0,,0.0,0.945544554455445,65.0,,,,,0.80952380952381,6.0,,
derby@0,2120,0,0.0,0.9121908310048639,0.006014917068652096,1.0,0.0,1.0,1.0,1.0,9.0,,1.0,0.0,0.0,9.0,0.25,16.0,70.0,4.0,0.0,4.0,1.0,1.4,0.0,2.0,0.0,,,0.0,,1.0,0.986595174262735,115.0,,,,,0.0,6.0,,
derby@0,2123,0,0.00010348752975266557,0.864534823553762,0.051804376587855125,12.0,0.0,1.0,1.0,6.0,7.0,,1.0,3.0,0.0,8.0,0.32,5.0,78.0,4.0,0.0,7.0,1.0,3.52173913043478,0.0,1.0,0.0,,,0.0,,2.0,0.993471164309032,184.0,,,,,0.92,6.0,,
derby@0,2125,6,0.03151708115557062,0.5722508788528538,0.17935163304077104,16.0,0.0,2.0,7.0,2.0,5.0,,1.0,1.0,0.0,78.0,0.3,2.0,95.0,4.0,0.0,5.0,1.0,3.73684210526316,0.0,2.0,0.0,,,0.0,,3.0,0.987117903930131,1029.0,,,,,1.04123711340206,6.0,,
derby@0,2126,0,5.1743764876332785e-05,0.8987374521370175,0.018325372450943928,0.0,0.0,1.0,4.0,1.0,7.0,,2.0,2.0,0.0,6.0,0.41,5.0,82.0,4.0,0.0,2.0,2.0,1.25,1.0,1.0,0.0,,,0.0,,0.0,1.0,86.0,,,,,1.45454545454545,6.0,,
derby@0,2129,12,0.0070325988248449815,0.5520590077503311,0.08449580263489335,0.0,0.0,1.0,2.0,1.0,12.0,,2.0,0.0,0.0,26.0,0.21,20.0,0.0,4.0,0.0,4.0,1.0,0.346153846153846,0.0,2.0,0.0,,,0.0,,5.0,0.992,391.0,,,,,0.241379310344828,6.0,,
derby@0,2130,0,0.00020697505950532984,0.9046362413329194,0.012705796889450885,1.0,0.0,1.0,0.0,1.0,24.0,,1.0,0.0,0.0,3.0,1.18,3.0,0.0,4.0,0.0,3.0,1.0,2.5,0.0,2.0,0.0,,,0.0,,0.0,1.0,122.0,,,,,3.0,6.0,,
derby@0,2131,0,0.0,0.9163303321949705,0.0029643434222977,1.0,0.0,1.0,0.0,1.0,5.0,,1.0,0.0,0.0,1.0,2.29,2.0,0.0,3.0,0.0,2.0,1.0,1.0,1.0,2.0,0.0,,,0.0,,0.0,0.797101449275362,39.0,,,,,1.4,6.0,,
derby@0,2138,0,0.00046569388388698985,0.8825416537307256,0.03406240241739663,2.0,0.0,1.0,0.0,2.0,5.0,,2.0,2.0,3.0,13.0,0.4,2.0,52.0,5.0,0.0,5.0,2.0,2.64705882352941,1.0,2.0,0.0,,,0.0,,2.0,0.841166936790924,151.0,,,,,0.55,6.0,,
derby@0,2139,0,0.030891027631170444,0.789713339542585,0.12632694041651985,0.0,0.0,1.0,0.0,1.0,52.0,,1.0,0.0,0.0,4.0,0.15,151.0,0.0,4.0,0.0,3.0,1.0,0.75,0.0,2.0,0.0,,,0.0,,1.0,0.921279212792128,231.0,,,,,0.0,6.0,,
derby@0,2140,0,0.000103487529752663,0.9016351029700921,0.01555288635053535,6.0,0.0,1.0,0.0,2.0,0.0,,2.0,1.0,0.0,15.0,0.17,0.0,0.0,4.0,0.0,3.0,2.0,2.81818181818182,0.0,1.0,0.0,,,0.0,,3.0,0.979020979020979,36.0,,,,,0.28,6.0,,
derby@0,2143,0,5.174376487633238e-05,0.9156059194867019,0.0034236186019454082,1.0,0.0,1.0,3.0,1.0,2.0,,1.0,0.0,0.0,1.0,2.91,1.0,83.0,3.0,0.0,2.0,1.0,2.0,1.0,2.0,0.0,,,0.0,,0.0,0.878571428571429,93.0,,,,,2.0,6.0,,
derby@0,2144,0,0.0,0.9129669874780089,0.005387685794743127,0.0,0.0,1.0,0.0,1.0,2.0,,1.0,0.0,0.0,5.0,0.33,1.0,0.0,5.0,0.0,0.0,1.0,2.4,2.0,2.0,0.0,,,0.0,,0.0,0.948051948051948,33.0,,,,,1.57142857142857,6.0,,
derby@0,2147,2,0.006303415419985999,0.8038489719533042,0.03437435670744413,5.0,0.0,2.0,1.0,1.0,7.0,,1.0,0.0,0.0,9.0,0.35,3.0,92.0,5.0,0.0,5.0,1.0,3.07142857142857,1.0,1.0,0.0,,,0.0,,2.0,0.394444444444444,149.0,,,,,1.0625,6.0,,
derby@0,2148,0,0.0,0.9157611507813308,0.003319342810268621,2.0,0.0,1.0,0.0,0.0,2.0,,3.0,2.0,4.0,3.0,0.4,2.0,50.0,3.0,0.0,3.0,2.0,3.57142857142857,0.0,1.0,0.0,,,0.0,,0.0,1.0,37.0,,,,,1.18181818181818,6.0,,
derby@0,2150,0,5.174376487633214e-05,0.9115181620614716,0.006573513250739248,7.0,0.0,1.0,2.0,8.0,9.0,,2.0,0.0,0.0,2.0,0.65,4.0,87.0,1.0,0.0,11.0,2.0,5.22222222222222,1.0,1.0,0.0,,,0.0,,2.0,0.779527559055118,127.0,,,,,1.75,6.0,,
derby@0,2162,0,0.0,0.9142088378350409,0.004430060165780491,1.0,3.0,1.0,0.0,2.0,2.0,,2.0,1.0,1.0,1.0,0.49,1.0,40.0,3.0,2.0,3.0,2.0,3.0,0.0,1.0,0.0,,,0.0,,0.0,0.889705882352941,38.0,,,,,1.33333333333333,6.0,,
derby@0,2163,0,0.0,0.9165373072544758,0.002850833705224049,0.0,2.0,1.0,0.0,5.0,5.0,,1.0,0.0,0.0,3.0,1.51,0.0,0.0,1.0,0.0,3.0,1.0,15.2,3.0,1.0,0.0,,,0.0,,0.0,0.861386138613861,53.0,,,,,0.571428571428571,6.0,,
derby@0,2166,0,0.0,0.9126565248887509,0.00563598830084174,1.0,4.0,1.0,0.0,13.0,4.0,,2.0,0.0,0.0,9.0,0.66,1.0,0.0,1.0,0.0,3.0,2.0,16.3571428571429,0.0,3.0,0.0,,,0.0,,1.0,0.841328413284133,95.0,,,,,0.823529411764706,6.0,,
derby@0,2168,0,0.0,0.9056711166304461,0.011736178418356955,1.0,1.0,1.0,0.0,0.0,3.0,,2.0,0.0,11.0,14.0,0.66,0.0,81.0,1.0,0.0,1.0,1.0,3.4375,2.0,1.0,0.0,,,0.0,,0.0,0.472972972972973,81.0,,,,,0.842105263157895,6.0,,
derby@0,2169,0,5.174376487633214e-05,0.9096553865259236,0.008159777764189644,0.0,0.0,1.0,6.0,3.0,4.0,,1.0,0.0,0.0,3.0,0.46,1.0,88.0,1.0,0.0,3.0,1.0,7.0,4.0,3.0,0.0,,,0.0,,1.0,0.854166666666667,46.0,,,,,1.4,6.0,,
derby@0,2170,0,0.0,0.9138466314809065,0.004704487924221453,3.0,0.0,1.0,3.0,11.0,2.0,,4.0,2.0,4.0,15.0,0.58,0.0,85.0,2.0,0.0,2.0,2.0,5.5,1.0,1.0,0.0,,,0.0,,0.0,0.785211267605634,91.0,,,,,0.4,6.0,,
derby@0,2173,0,0.0,0.9155541757218255,0.0034584710398762562,1.0,0.0,2.0,5.0,6.0,21.0,,1.0,1.0,0.0,4.0,1.36,5.0,76.0,1.0,0.0,4.0,1.0,5.5,1.0,1.0,0.0,,,0.0,,0.0,0.541176470588235,215.0,,,,,2.625,6.0,,
derby@0,2187,0,5.174376487633246e-05,0.9128634999482562,0.005470228079083391,4.0,2.0,2.0,9.0,12.0,2.0,,1.0,0.0,0.0,17.0,0.09,0.0,84.0,2.0,0.0,8.0,1.0,8.65217391304348,2.0,1.0,0.0,,,0.0,,0.0,0.912190082644628,75.0,,,,,1.84615384615385,6.0,,
derby@0,2194,0,0.0007244127082686537,0.8838352478526337,0.032794145285906545,0.0,1.0,3.0,55.0,6.0,8.0,,1.0,0.0,1.0,7.0,0.56,4.0,87.0,2.0,0.0,8.0,1.0,8.5,1.0,1.0,0.0,,,0.0,,0.0,1.0,200.0,,,,,1.81818181818182,6.0,,
derby@1,19,0,0.0,1.0,0.4000000000000001,0.0,0.0,1.0,1.0,0.0,0.0,,1.0,0.0,0.0,9.0,0.52,,88.0,3.0,0.0,5.0,1.0,5.22222222222222,2.0,2.0,0.0,,1.0,0.0,,0.0,0.363636363636364,30.0,,,,,0.363636363636364,11.0,,
derby@1,20,15,0.0015583250819006264,0.6090610933495221,0.11487213026728214,0.0,2.0,1.0,0.0,0.0,5.0,,1.0,3.0,3.0,19.0,0.35,,70.0,2.0,0.0,11.0,2.0,6.77777777777778,1.0,1.0,0.0,,1.0,0.0,,6.0,0.414765100671141,127.0,,,,,1.41379310344828,2.0,,
derby@1,30,14,0.09977305110285553,0.7379872335003077,0.2928081078392019,4.0,3.0,1.0,0.0,0.0,4.0,,1.0,2.0,6.0,30.0,3.24,,84.0,2.0,0.0,16.0,2.0,7.1025641025641,1.0,1.0,0.0,,0.666666666666667,0.0,,5.0,0.277566539923954,93.111,,,,,1.21951219512195,0.0,,
derby@1,41,9,0.2589099306328223,0.7043252482820148,0.32881018990160565,12.0,9.0,1.0,9.0,0.0,2.0,,1.0,35.0,36.0,94.0,0.28,,50.0,1.0,1.0,36.0,3.0,5.4,0.0,0.0,0.0,,1.0,0.0,,8.0,0.403259506895111,52.0,,,,,0.4,0.0,,
derby@1,44,0,0.1429961900918474,0.583590080779823,0.23940125584325245,25.0,19.0,2.0,13.0,0.0,1.0,,1.0,6.0,28.0,35.0,0.24,,50.0,1.0,1.0,29.0,1.0,8.36470588235294,0.0,0.0,0.0,,0.0,0.0,,7.0,0.592727272727273,93.111,,,,,0.632183908045977,0.0,,
derby@1,59,0,0.0,0.5561871750433283,0.03920967721296687,0.0,8.0,1.0,9.0,1.0,4.0,,1.0,8.0,9.0,8.0,0.8,,94.0,1.0,2.0,9.0,2.0,6.0,0.0,0.0,0.0,,1.0,0.0,,3.0,0.427518427518428,156.0,,,,,0.615384615384615,2.0,,
derby@1,67,0,0.0976033295296322,0.9714511632899743,0.49149522872710066,1.0,24.0,1.0,22.0,2.0,3.0,,2.0,4.0,12.0,77.0,0.25,,93.0,2.0,2.0,37.0,3.0,7.99230769230769,0.0,1.0,0.0,,0.0,0.0,,9.0,0.329656476520643,71.0,,,,,1.11278195488722,0.0,,
derby@1,71,8,0.47759015311974473,0.8239512658567022,0.615140857679243,76.0,12.0,1.0,29.0,0.0,0.0,,1.0,16.0,53.0,206.0,0.23,,96.0,1.0,1.0,6.0,3.0,7.35161290322581,0.0,0.0,0.0,,0.0,0.0,,1.0,0.9,1051.0,,,,,1.38461538461538,0.0,,
derby@1,80,5,0.11328330543840505,0.5456154811154201,0.2762276148118897,0.0,4.0,1.0,4.0,3.0,2.0,,3.0,2.0,11.0,28.0,0.72,,92.0,3.0,4.0,11.0,2.0,29.3055555555556,1.0,1.0,0.0,,0.0,0.0,,3.0,1.0,198.0,,,,,0.45,0.0,,
derby@1,85,0,0.45302122960930435,1.0239836500212096,0.6690936095581306,21.0,32.0,1.0,16.0,1.0,2.0,,1.0,12.0,43.0,82.0,0.28,,95.0,1.0,2.0,23.0,3.0,6.39455782312925,0.0,0.0,0.0,,0.0,0.0,,1.0,0.530458590006845,93.111,,,,,1.24832214765101,0.0,,
derby@1,88,14,0.0,0.5832460732984294,0.07003014437569412,1.0,0.0,8.0,18.0,2.0,4.0,,1.0,0.0,0.0,2.0,0.52,,37.0,1.0,0.0,5.0,1.0,27.6666666666667,0.0,1.0,0.0,,0.0,0.0,,1.0,0.5,15.0,,,,,1.4,0.0,,
derby@1,98,12,0.0,0.7211259489517801,0.29633679604366586,2.0,0.0,1.0,0.0,0.0,9.0,,1.0,2.0,10.0,12.0,0.83,,79.0,1.0,2.0,21.0,2.0,4.5625,1.0,0.0,0.0,,0.5,0.0,,2.0,0.318087318087318,195.0,,,,,1.38888888888889,0.0,,
derby@1,120,0,0.21749731360085195,0.5473175607244054,0.2905653280198722,40.0,7.0,1.0,1.0,0.0,2.0,,1.0,32.0,34.0,53.0,0.34,,50.0,2.0,1.0,40.0,1.0,5.20454545454545,0.0,0.0,0.0,,1.0,0.0,,10.0,1.0,193.556,,,,,0.477611940298507,14.0,,
derby@1,124,5,0.05807481079027209,0.8128437490318886,0.26632363788914354,30.0,13.0,1.0,0.0,0.0,2.0,,1.0,9.0,13.0,5.0,0.54,,93.0,2.0,1.0,23.0,1.0,5.17543859649123,1.0,1.0,0.0,,0.0,0.0,,7.0,0.630637079455977,71.0,,,,,1.11864406779661,0.0,,
derby@1,139,11,0.11158832064899071,1.105964841104533,0.6018934254146016,0.0,14.0,1.0,0.0,0.0,3.0,,1.0,28.0,0.0,9.0,0.38,,0.0,4.0,1.0,30.0,2.0,5.69512195121951,1.0,1.0,0.0,,0.0,0.0,,8.0,0.897834082550061,37.0,,,,,1.01190476190476,0.0,,
derby@1,140,15,0.09757610448484046,0.9535392423008789,0.4727778750590235,2.0,12.0,1.0,0.0,0.0,4.0,,1.0,5.0,3.0,10.0,0.43,,94.0,4.0,1.0,33.0,2.0,7.38461538461539,1.0,1.0,0.0,,0.0,0.0,,8.0,0.470005503577325,37.0,,,,,1.27777777777778,0.0,,
derby@1,145,10,0.053959476838013984,0.6833299610241551,0.20373806109819506,6.0,0.0,2.0,22.0,1.0,10.0,,1.0,3.0,15.0,14.0,0.41,,66.0,1.0,0.0,17.0,2.0,10.4782608695652,2.0,1.0,0.0,,1.0,0.0,,4.0,1.0,281.0,,,,,1.84,2.0,,
derby@1,148,5,0.17469124591298335,0.5952506203238919,0.27148958436166537,14.0,46.0,1.0,1.0,1.0,1.0,,1.0,25.0,12.0,2.0,1.05,,85.0,1.0,1.0,21.0,1.0,7.73563218390805,1.0,1.0,0.0,,1.0,0.0,,5.0,0.605780346820809,15.0,,,,,0.775280898876405,16.0,,
derby@1,156,6,0.31285291152445827,0.772886735730468,0.426741913603832,8.0,7.0,1.0,33.0,23.0,3.0,,2.0,0.0,20.0,54.0,0.85,,98.0,1.0,1.0,12.0,3.0,4.39130434782609,0.0,1.0,0.0,,0.666666666666667,0.0,,1.0,0.488311688311688,71.0,,,,,0.602739726027397,0.0,,
derby@1,157,0,0.0,1.0,0.4000000000000001,3.0,0.0,1.0,3.0,0.0,4.0,,1.0,0.0,1.0,6.0,0.9,,83.0,2.0,1.0,8.0,2.0,3.33333333333333,1.0,1.0,0.0,,1.0,0.0,,1.0,0.46031746031746,80.0,,,,,0.909090909090909,10.0,,
derby@1,194,0,0.0,1.0,0.47117794486215536,1.0,1.0,2.0,6.0,0.0,6.0,,1.0,11.0,11.0,0.0,0.78,,84.0,1.0,0.0,5.0,1.0,5.69230769230769,3.0,1.0,0.0,,0.0,0.0,,2.0,0.830564784053156,122.0,,,,,1.6875,0.0,,
derby@1,203,7,0.3735021578909452,0.8559411625319538,0.6094378989945023,17.0,7.0,1.0,2.0,4.0,8.0,,1.0,55.0,17.0,1.0,0.05,,91.0,1.0,0.0,14.0,1.0,7.7875,1.0,1.0,0.0,,0.0,0.0,,0.0,0.816781731279873,15.0,,,,,0.634146341463415,0.0,,
derby@1,205,1,1.2000421331905464,1.569659753395773,1.4184516572222026,155.0,6.0,2.0,26.0,6.0,13.0,,2.0,26.0,37.0,4.0,3.24,,50.0,2.0,0.0,73.0,1.0,9.35078534031414,0.0,1.0,0.0,,1.0,0.0,,0.0,0.82404181184669,15.0,,,,,0.8,25.0,,
derby@1,209,6,0.16330842928381328,0.7244799193097222,0.4604571846493399,10.0,6.0,1.0,1.0,2.0,4.0,,2.0,89.0,50.0,6.0,0.31,,95.0,1.0,0.0,22.0,1.0,4.17117117117117,1.0,1.0,0.0,,0.0,0.0,,2.0,0.674705882352941,15.0,,,,,0.464912280701754,0.0,,
derby@1,214,0,0.0020942408376963127,0.6659685863874346,0.15136046327145805,4.0,0.0,1.0,13.0,3.0,9.0,,3.0,4.0,3.0,2.0,0.73,,80.0,1.0,0.0,1.0,2.0,5.4,0.0,1.0,0.0,,1.0,0.0,,2.0,0.84394250513347,71.0,,,,,2.28571428571429,49.0,,
derby@1,218,4,0.041723333277267516,0.8040500401251123,0.4535946235729306,0.0,0.0,10.0,39.0,0.0,9.0,,1.0,2.0,0.0,0.0,0.46,,97.0,1.0,0.0,4.0,1.0,28.0,4.0,1.0,0.0,,0.0,0.0,,3.0,0.958847736625514,346.0,,,,,0.75,0.0,,
derby@1,221,6,0.550530131591295,1.1407639041569237,0.8392445467454973,68.0,11.0,1.0,78.0,3.0,7.0,,8.0,23.0,61.0,43.0,0.51,,98.0,1.0,0.0,48.0,2.0,5.77241379310345,0.0,0.0,0.0,,1.0,0.0,,1.0,1.0,346.0,,,,,1.01298701298701,111.0,,
derby@1,224,15,0.0008581952807629625,0.5793920500263843,0.10165390654912809,1.0,1.0,1.0,9.0,0.0,5.0,,1.0,12.0,16.0,5.0,0.79,,88.0,1.0,0.0,7.0,1.0,5.07142857142857,1.0,1.0,0.0,,0.0,0.0,,1.0,0.713310580204778,193.556,,,,,1.125,0.0,,
derby@1,226,10,0.007298178633839027,0.6514093672811817,0.18060134196247976,1.0,0.0,11.0,0.0,3.0,14.0,,1.0,3.0,0.0,0.0,0.55,,0.0,1.0,0.0,4.0,1.0,22.75,0.0,1.0,0.0,,1.0,0.0,,2.0,0.962264150943396,15.0,,,,,1.16666666666667,0.0,,
derby@1,241,1,0.2355413570897199,0.7246711900658164,0.49507811780103467,6.0,0.0,1.0,6.0,63.0,0.0,,2.0,0.0,0.0,25.0,0.69,,98.0,1.0,0.0,33.0,2.0,4.125,0.0,1.0,0.0,,1.0,0.0,,6.0,1.0,37.0,,,,,0.686567164179104,148.0,,
derby@1,247,17,0.0,0.5185185185185185,0.1181917211328976,1.0,0.0,1.0,2.0,0.0,4.0,,1.0,0.0,5.0,14.0,0.83,,72.0,1.0,0.0,2.0,3.0,2.73333333333333,0.0,1.0,0.0,,0.75,0.0,,2.0,0.568548387096774,95.0,,,,,0.647058823529412,30.0,,
derby@1,287,1,0.0004649214659685718,0.6266429319371728,0.11233273044581944,0.0,1.0,1.0,0.0,0.0,6.0,,1.0,0.0,1.0,40.0,1.37,,95.0,2.0,2.0,12.0,2.0,3.53658536585366,0.0,2.0,0.0,,0.0,0.0,,5.0,0.936014625228519,193.556,,,,,0.0,0.0,,
derby@1,383,0,0.004537581670690102,0.9954624183293098,0.39432127712301296,9.0,0.0,2.0,0.0,7.0,8.0,,1.0,0.0,3.0,31.0,0.92,,65.0,1.0,0.0,4.0,3.0,19.7,1.0,0.0,0.0,,0.0,0.0,,2.0,0.9,397.0,,,,,0.80952380952381,0.0,,
derby@1,392,4,0.0,0.8653846153846153,0.07189814115157926,0.0,0.0,2.0,1.0,6.0,10.0,,1.0,0.0,0.0,6.0,1.07,,83.0,1.0,0.0,1.0,1.0,6.66666666666667,3.0,1.0,1.0,,0.0,0.0,,1.0,0.513661202185792,81.0,,,,,2.125,0.0,,
derby@1,463,4,0.056102625826020804,0.7166286539467482,0.3097418887039249,0.0,0.0,1.0,23.0,0.0,0.0,,1.0,0.0,0.0,6.0,2.05,,0.0,0.0,1.0,2.0,0.0,2.66666666666667,0.0,0.0,0.0,,0.0,0.0,,3.0,0.594202898550725,15.0,,,,,0.111111111111111,0.0,,
derby@1,465,3,0.3456210850380577,1.086781762623184,0.7640082899314343,0.0,33.0,1.0,14.0,0.0,6.0,,1.0,0.0,0.0,90.0,4.43,,66.0,1.0,1.0,25.0,1.0,4.31707317073171,0.0,0.0,0.0,,0.5,0.0,,4.0,0.802161263507897,52.0,,,,,0.0,44.0,,
derby@1,486,15,0.5220897441199944,1.0860362159656085,0.7962383686315249,0.0,1.0,1.0,46.0,0.0,10.0,,1.0,0.0,1.0,122.0,3.39,,100.0,0.0,2.0,35.0,0.0,1.7,0.0,0.0,0.0,,0.5,0.0,,10.0,0.762361251261352,71.0,,,,,0.0,13.0,,
derby@1,511,0,0.18188793929173475,0.6271512296786184,0.3314807839509689,4.0,0.0,1.0,10.0,0.0,6.0,,2.0,1.0,14.0,64.0,0.84,,50.0,2.0,0.0,28.0,3.0,9.97101449275362,0.0,1.0,0.0,,1.0,0.0,,5.0,1.0,193.556,,,,,0.694444444444444,18.0,,
derby@1,530,13,0.09440937098999756,0.5591894990558973,0.31640480853042097,0.0,32.0,1.0,0.0,0.0,23.0,,1.0,0.0,1.0,11.0,2.33,,100.0,0.0,1.0,7.0,0.0,1.0,0.0,1.0,0.0,,1.0,0.0,,1.0,0.880560633759902,1063.0,,,,,0.0,30.0,,
derby@1,608,12,0.0,0.7272727272727272,0.1998177261335156,0.0,4.0,1.0,4.0,0.0,4.0,,1.0,0.0,0.0,28.0,3.62,,100.0,1.0,2.0,13.0,1.0,1.5,0.0,0.0,0.0,,0.0,0.0,,4.0,0.593516209476309,257.0,,,,,0.0,0.0,,
derby@1,617,7,9.423294383716407e-05,0.9513758009800224,0.019037934439469172,0.0,2.0,1.0,43.0,0.0,12.0,,1.0,0.0,1.0,35.0,4.64,,100.0,1.0,1.0,11.0,1.0,1.91891891891892,0.0,0.0,0.0,,0.0,0.0,,5.0,0.754146341463415,715.0,,,,,0.0,16.0,,
derby@1,644,10,0.36402618174837525,0.759343014918182,0.5344220856499182,6.0,0.0,2.0,4.0,22.0,12.0,,1.0,0.0,3.0,55.0,1.05,,87.0,1.0,0.0,21.0,2.0,10.672131147541,0.0,1.0,0.0,,0.0,0.0,,0.0,1.0,93.111,,,,,0.777777777777778,0.0,,
derby@1,667,4,0.3552062415092089,0.8822465462914705,0.6247251203045621,11.0,1.0,2.0,6.0,6.0,7.0,,1.0,23.0,8.0,81.0,0.62,,94.0,2.0,2.0,40.0,3.0,4.60344827586207,0.0,0.0,0.0,,0.625,0.0,,4.0,1.0,127.0,,,,,0.923728813559322,16.0,,
derby@1,668,1,0.16914076685217866,0.6311147957347054,0.24072922534243982,2.0,6.0,1.0,3.0,0.0,4.0,,2.0,0.0,4.0,45.0,0.65,,94.0,4.0,1.0,23.0,1.0,1.69811320754717,0.0,1.0,0.0,,0.888888888888889,0.0,,3.0,1.0,37.0,,,,,0.571428571428571,2.0,,
derby@1,669,10,0.025595811518324612,0.6936586387434556,0.17893769633507853,6.0,13.0,1.0,8.0,12.0,4.0,,1.0,2.0,2.0,38.0,0.59,,94.0,2.0,0.0,23.0,2.0,3.45762711864407,0.0,1.0,0.0,,0.0,0.0,,3.0,0.85781990521327,193.556,,,,,0.60655737704918,0.0,,
derby@1,671,0,0.0,0.7272727272727272,0.1998177261335156,1.0,1.0,1.0,2.0,0.0,4.0,,1.0,3.0,2.0,49.0,0.77,,78.0,3.0,0.0,15.0,1.0,2.12962962962963,0.0,1.0,0.0,,0.0,0.0,,2.0,0.990066225165563,338.0,,,,,0.535714285714286,0.0,,
derby@1,684,8,0.40264800094893366,1.0613476957542718,0.5842748635603785,6.0,8.0,2.0,15.0,7.0,5.0,,1.0,2.0,4.0,9.0,0.41,,93.0,2.0,0.0,28.0,2.0,4.66071428571429,0.0,1.0,0.0,,0.0,0.0,,4.0,0.685931558935361,37.0,,,,,1.0,0.0,,
derby@1,689,4,0.0040722513089005204,0.6187319371727749,0.10450987228303982,0.0,0.0,1.0,8.0,0.0,9.0,,1.0,0.0,0.0,13.0,3.64,,100.0,6.0,1.0,6.0,1.0,1.23076923076923,0.0,0.0,0.0,,0.75,0.0,,2.0,0.524390243902439,93.111,,,,,0.0,58.0,,
derby@1,736,11,0.0,1.0,0.4000000000000001,1.0,0.0,1.0,0.0,0.0,7.0,,1.0,0.0,7.0,6.0,0.96,,53.0,1.0,0.0,5.0,1.0,5.0,2.0,2.0,0.0,,1.0,0.0,,2.0,0.953703703703704,99.0,,,,,1.33333333333333,141.0,,
derby@1,738,1,0.0008916144514055372,0.7306855085988542,0.2121684564323556,0.0,13.0,1.0,0.0,0.0,3.0,,1.0,0.0,3.0,0.0,1.47,,64.0,1.0,6.0,3.0,1.0,8.1,2.0,1.0,0.0,,0.0,0.0,,1.0,0.962025316455696,78.0,,,,,0.2,0.0,,
derby@1,739,3,0.1593906603043481,0.7769819979892894,0.2752958847779391,6.0,2.0,3.0,0.0,0.0,13.0,,1.0,2.0,7.0,12.0,0.7,,68.0,2.0,0.0,17.0,3.0,7.09090909090909,2.0,1.0,0.0,,0.8,0.0,,6.0,0.482364156339371,93.111,,,,,2.125,0.0,,
derby@1,745,4,0.10063602759193065,0.6926934848712039,0.2555574810040327,3.0,2.0,2.0,0.0,0.0,14.0,,1.0,1.0,3.0,14.0,3.24,,71.0,2.0,0.0,19.0,3.0,4.9,0.0,1.0,0.0,,0.857142857142857,0.0,,7.0,0.68922305764411,193.556,,,,,2.09090909090909,2.0,,
derby@1,746,0,0.6732044217047259,1.2378206015053619,0.9924526138234696,31.0,7.0,1.0,7.0,1.0,0.0,,1.0,13.0,17.0,9.0,0.95,,0.0,1.0,1.0,48.0,2.0,6.20175438596491,0.0,1.0,0.0,,0.0,0.0,,11.0,0.572991559862457,15.0,,,,,0.836206896551724,0.0,,
derby@1,750,6,0.2787204654887166,0.9254305107787675,0.4015962214436189,1.0,0.0,1.0,2.0,1.0,10.0,,1.0,3.0,2.0,180.0,2.06,,99.0,2.0,1.0,21.0,3.0,1.41,0.0,1.0,0.0,,0.0,0.0,,8.0,1.0,2302.0,,,,,0.222772277227723,0.0,,
derby@1,755,4,0.16797391254645716,0.6417783907890504,0.3683753117370661,11.0,5.0,1.0,0.0,0.0,0.0,,1.0,5.0,5.0,58.0,1.07,,93.0,3.0,3.0,38.0,2.0,1.7,0.0,1.0,0.0,,1.0,0.0,,6.0,1.0,127.0,,,,,0.802469135802469,12.0,,
derby@1,760,9,1.2746181500502625,1.7544390783166326,1.5503555394742505,18.0,8.0,1.0,8.0,2.0,13.0,,1.0,11.0,26.0,149.0,1.31,,77.0,2.0,2.0,61.0,3.0,5.60752688172043,0.0,1.0,0.0,,1.0,0.0,,1.0,1.0,71.0,,,,,0.803191489361702,2.0,,
derby@1,769,0,0.39244934534198134,1.1375472809677387,0.767785936176332,3.0,11.0,1.0,0.0,1.0,12.0,,1.0,1.0,24.0,45.0,1.12,,94.0,2.0,2.0,19.0,2.0,5.16666666666667,0.0,0.0,0.0,,0.0,0.0,,1.0,0.895308924485126,127.0,,,,,0.919354838709677,0.0,,
derby@1,836,0,0.0,0.9471353185073503,0.017326862564531163,5.0,2.0,4.0,0.0,6.0,12.0,,1.0,0.0,0.0,0.0,0.5,,0.0,1.0,0.0,19.0,1.0,5.0,0.0,1.0,0.0,,1.0,0.0,,1.0,0.848258706467662,107.0,,,,,2.77777777777778,0.0,,
derby@1,846,5,0.05195074795554944,0.9099696909662119,0.48495656427160466,21.0,9.0,3.0,2.0,6.0,5.0,,4.0,10.0,27.0,13.0,0.34,,96.0,1.0,1.0,43.0,3.0,4.56338028169014,0.0,1.0,0.0,,1.0,0.0,,7.0,0.980674157303371,52.0,,,,,1.68831168831169,2.0,,
derby@1,871,0,2.9910306543400003,3.320163112911141,3.0836447884794844,74.0,17.0,1.0,31.0,5.0,13.0,,1.0,15.0,42.0,3.0,0.51,,98.0,1.0,0.0,4.0,6.0,7.35546875,0.0,0.0,0.0,,0.25,0.0,,13.0,0.3,52.0,,,,,0.825581395348837,0.0,,
derby@1,908,3,0.008419531552694167,0.7489556573357301,0.1360093398443009,2.0,1.0,1.0,0.0,0.0,11.0,,1.0,0.0,9.0,15.0,0.74,,50.0,4.0,0.0,29.0,1.0,3.72222222222222,0.0,1.0,0.0,,1.0,0.0,,3.0,0.937402190923318,237.0,,,,,1.05,2.0,,
derby@1,910,16,0.06350461146332449,0.5814636513340554,0.17255877018878701,1.0,0.0,1.0,0.0,0.0,2.0,,1.0,0.0,18.0,12.0,1.05,,71.0,4.0,0.0,22.0,1.0,6.53846153846154,1.0,1.0,0.0,,1.0,0.0,,2.0,0.653631284916201,93.111,,,,,1.33333333333333,24.0,,
derby@1,929,0,0.04130261780104711,0.709365445026178,0.19458500713945742,4.0,3.0,2.0,0.0,0.0,14.0,,1.0,2.0,5.0,13.0,0.64,,75.0,3.0,0.0,33.0,1.0,6.18181818181818,0.0,1.0,0.0,,0.0,0.0,,4.0,0.94716618635927,193.556,,,,,1.16666666666667,0.0,,
derby@1,934,12,0.003877963678750765,0.9587760238029802,0.3577423098134514,0.0,0.0,2.0,0.0,0.0,10.0,,1.0,1.0,3.0,7.0,0.8,,41.0,3.0,0.0,19.0,1.0,4.375,2.0,2.0,0.0,,0.0,0.0,,5.0,1.0,169.0,,,,,2.1,0.0,,
derby@1,938,5,0.10133385163329549,0.5589871462575083,0.279791182077637,1.0,15.0,1.0,0.0,0.0,7.0,,2.0,6.0,18.0,34.0,0.87,,86.0,3.0,0.0,28.0,1.0,0.0,0.0,1.0,0.0,,0.0,0.0,,3.0,1.0,15.0,,,,,0.542372881355932,0.0,,
derby@1,939,14,0.13156166423761986,0.6703006965116264,0.3182476966168106,4.0,0.0,1.0,0.0,0.0,3.0,,1.0,0.0,36.0,57.0,0.52,,50.0,2.0,0.0,38.0,2.0,2.14754098360656,0.0,1.0,0.0,,1.0,0.0,,2.0,1.0,290.0,,,,,0.53968253968254,34.0,,
derby@1,949,9,0.1598737676049731,0.5518240718921746,0.2882871748148894,1.0,0.0,2.0,0.0,0.0,14.0,,1.0,0.0,8.0,8.0,0.48,,0.0,4.0,0.0,34.0,1.0,8.22222222222222,2.0,1.0,0.0,,1.0,0.0,,4.0,1.0,52.0,,,,,1.90909090909091,12.0,,
derby@1,950,12,0.3587006810657556,0.8594383061933164,0.5076122351860715,7.0,0.0,2.0,0.0,0.0,0.0,,1.0,0.0,24.0,7.0,0.62,,77.0,4.0,0.0,0.0,1.0,7.92857142857143,0.0,1.0,0.0,,1.0,0.0,,4.0,0.81587651598677,52.0,,,,,1.8125,62.0,,
derby@1,955,0,0.0,0.9460045231813041,0.017453893052488227,7.0,1.0,2.0,3.0,1.0,11.0,,1.0,1.0,11.0,15.0,0.78,,86.0,4.0,0.0,34.0,1.0,3.83333333333333,0.0,1.0,0.0,,1.0,0.0,,2.0,0.858866103739445,311.0,,,,,1.15384615384615,2.0,,
derby@1,963,2,0.2314117538044286,0.6467560108533003,0.4309160167580183,10.0,7.0,2.0,0.0,2.0,14.0,,1.0,10.0,24.0,18.0,0.58,,95.0,4.0,3.0,57.0,1.0,4.8,0.0,1.0,0.0,,0.75,0.0,,0.0,1.0,15.0,,,,,1.70212765957447,65.0,,
derby@1,975,1,0.7550209330391285,1.2743934676185777,1.0713620733710167,23.0,11.0,2.0,3.0,0.0,16.0,,1.0,6.0,30.0,50.0,0.61,,85.0,4.0,0.0,70.0,1.0,4.93333333333333,0.0,0.0,0.0,,1.0,0.0,,1.0,1.0,25.0,,,,,0.4,10.0,,
derby@1,976,0,0.002676439790575952,0.9973235602094241,0.4814523718864032,0.0,8.0,2.0,0.0,0.0,15.0,,1.0,1.0,5.0,30.0,0.73,,94.0,3.0,0.0,35.0,2.0,2.79487179487179,1.0,1.0,0.0,,0.0,0.0,,2.0,0.850782190132371,193.556,,,,,1.92682926829268,0.0,,
derby@1,977,13,0.10166341111133353,0.5545412218346369,0.19578378923422748,0.0,1.0,1.0,0.0,0.0,0.0,,1.0,1.0,2.0,7.0,1.06,,59.0,4.0,0.0,21.0,1.0,3.28571428571429,1.0,1.0,0.0,,1.0,0.0,,3.0,1.0,307.0,,,,,0.695652173913043,34.0,,
derby@1,978,0,0.030366492146596796,1.030366492146597,0.5144851657940662,2.0,4.0,1.0,3.0,0.0,5.0,,1.0,10.0,21.0,63.0,0.62,,96.0,3.0,8.0,39.0,2.0,4.64556962025316,0.0,0.0,0.0,,0.0,0.0,,2.0,0.870882740447958,37.0,,,,,0.654320987654321,0.0,,
derby@1,979,10,0.08149365957769165,0.7146478732300281,0.2980991652584429,10.0,4.0,1.0,0.0,0.0,0.0,,1.0,2.0,27.0,34.0,0.53,,93.0,4.0,0.0,65.0,2.0,4.16,0.0,0.0,0.0,,1.0,0.0,,4.0,1.0,52.0,,,,,1.0,23.0,,
derby@1,993,0,0.15961055771571625,0.6826923554488831,0.2813031531025795,4.0,2.0,1.0,0.0,1.0,19.0,,1.0,1.0,8.0,9.0,0.7,,85.0,5.0,0.0,48.0,1.0,5.4375,0.0,1.0,0.0,,1.0,0.0,,7.0,1.0,37.0,,,,,1.83333333333333,2.0,,
derby@1,1023,6,0.41889215331003904,1.0377165222969227,0.7111470083078874,10.0,1.0,2.0,5.0,0.0,30.0,,1.0,3.0,40.0,22.0,0.05,,89.0,1.0,1.0,28.0,2.0,7.36111111111111,0.0,0.0,0.0,,0.0,0.0,,3.0,1.0,52.0,,,,,1.94736842105263,0.0,,
derby@1,1024,12,0.04712041884816754,0.7151832460732984,0.20038077106139932,3.0,7.0,1.0,0.0,1.0,8.0,,1.0,0.0,6.0,8.0,0.84,,77.0,3.0,0.0,19.0,1.0,3.83333333333333,1.0,1.0,0.0,,0.0,0.0,,1.0,0.424628450106157,15.0,,,,,1.05,0.0,,
derby@1,1025,0,0.02642855634209036,1.0264285563420903,0.4252741279273873,0.0,9.0,2.0,0.0,0.0,11.0,,1.0,0.0,8.0,13.0,0.74,,89.0,4.0,0.0,31.0,2.0,2.86363636363636,0.0,0.0,0.0,,0.0,0.0,,3.0,1.0,283.0,,,,,1.70833333333333,0.0,,
derby@1,1036,0,0.6500410234063357,1.0723330822506691,0.7578879529745248,2.0,6.0,1.0,0.0,0.0,2.0,,1.0,1.0,10.0,36.0,0.99,,90.0,5.0,0.0,9.0,1.0,3.82222222222222,0.0,0.0,0.0,,1.0,0.0,,3.0,0.851891315929675,37.0,,,,,1.1063829787234,6.0,,
derby@1,1037,10,0.1678371654773577,0.7967366573784183,0.49989209915378546,1.0,7.0,1.0,4.0,4.0,7.0,,1.0,12.0,7.0,51.0,0.74,,98.0,1.0,11.0,45.0,2.0,16.169014084507,0.0,0.0,0.0,,1.0,0.0,,1.0,1.0,15.0,,,,,0.794520547945205,1.0,,
derby@1,1045,5,0.33144448414126276,0.74988617173755,0.5033674728235537,2.0,16.0,1.0,0.0,0.0,7.0,,1.0,1.0,22.0,69.0,0.8,,94.0,3.0,2.0,35.0,3.0,6.40909090909091,1.0,1.0,0.0,,0.5,0.0,,1.0,1.0,15.0,,,,,0.688888888888889,0.0,,
derby@1,1046,6,0.5647737581116044,0.9858964759507739,0.7878693289423683,7.0,36.0,2.0,0.0,0.0,11.0,,1.0,3.0,6.0,77.0,0.62,,97.0,3.0,0.0,64.0,1.0,0.0,0.0,1.0,0.0,,1.0,0.0,,0.0,1.0,15.0,,,,,1.584,2.0,,
derby@1,1047,14,0.38099212142011163,0.8529674699788947,0.6221032572832994,1.0,20.0,1.0,0.0,1.0,10.0,,1.0,6.0,10.0,53.0,1.05,,96.0,2.0,3.0,59.0,1.0,2.3,0.0,0.0,0.0,,0.0,0.0,,0.0,0.90894819466248,52.0,,,,,0.695121951219512,0.0,,
derby@1,1053,2,0.3003267907088104,0.7705012826714154,0.5658886298517558,3.0,9.0,2.0,0.0,0.0,0.0,,1.0,1.0,22.0,5.0,0.79,,87.0,3.0,0.0,48.0,1.0,5.20408163265306,0.0,1.0,0.0,,1.0,0.0,,6.0,1.0,37.0,,,,,0.4,1.0,,
derby@1,1054,0,0.2855689572847337,0.8932018696397203,0.5128685241564348,1.0,6.0,1.0,0.0,0.0,25.0,,1.0,2.0,7.0,15.0,1.78,,89.0,5.0,2.0,32.0,1.0,4.04166666666667,0.0,1.0,0.0,,0.0,0.0,,6.0,1.0,93.111,,,,,0.923076923076923,0.0,,
derby@1,1064,10,0.12002945808468422,0.6786940737734085,0.24807688445846174,4.0,1.0,2.0,0.0,0.0,0.0,,1.0,0.0,7.0,6.0,0.48,,83.0,4.0,0.0,40.0,1.0,10.2727272727273,1.0,1.0,0.0,,0.0,0.0,,6.0,0.907053941908714,15.0,,,,,3.23076923076923,0.0,,
derby@1,1066,1,0.32469272362523005,0.8391078023412878,0.569582429495675,17.0,4.0,1.0,19.0,0.0,18.0,,1.0,2.0,17.0,25.0,0.92,,90.0,3.0,0.0,49.0,1.0,1.7,0.0,1.0,0.0,,1.0,0.0,,6.0,1.0,37.0,,,,,0.0,115.0,,
derby@1,1069,4,0.31139115765447933,0.6467731258400803,0.41370128326879296,11.0,8.0,2.0,0.0,0.0,13.0,,1.0,0.0,2.0,9.0,0.39,,89.0,3.0,0.0,48.0,1.0,5.5,1.0,1.0,0.0,,0.888888888888889,0.0,,1.0,1.0,193.556,,,,,2.33333333333333,288.0,,
derby@1,1072,12,0.03344495530134758,0.8842796439342163,0.2839891267878799,0.0,6.0,1.0,0.0,0.0,10.0,,1.0,2.0,6.0,27.0,0.76,,68.0,4.0,2.0,27.0,1.0,4.22857142857143,0.0,0.0,0.0,,0.0,0.0,,1.0,1.0,386.0,,,,,0.756756756756757,0.0,,
derby@1,1085,4,0.0,1.0,0.47117794486215536,1.0,2.0,2.0,0.0,0.0,6.0,,1.0,0.0,0.0,17.0,0.63,,0.0,4.0,1.0,20.0,1.0,2.5,0.0,1.0,0.0,,0.0,0.0,,0.0,0.854347826086956,152.0,,,,,1.0,0.0,,
derby@1,1091,4,0.182149685576763,0.6792366561930657,0.27626763139092286,6.0,1.0,2.0,1.0,2.0,20.0,,1.0,2.0,8.0,10.0,0.6,,90.0,5.0,0.0,56.0,1.0,5.78947368421053,0.0,1.0,0.0,,1.0,0.0,,6.0,1.0,52.0,,,,,1.85714285714286,2.0,,
derby@1,1104,0,1.9400231402831132,2.5494140504685188,2.249798329338477,19.0,0.0,1.0,3.0,0.0,7.0,,1.0,3.0,54.0,3.0,0.73,,100.0,2.0,0.0,66.0,2.0,2.92715231788079,0.0,1.0,0.0,,1.0,0.0,,0.0,0.798611111111111,25.0,,,,,0.843137254901961,54.0,,
derby@1,1106,9,0.10131535301192532,0.8991021711355265,0.18144056824501315,2.0,1.0,1.0,0.0,0.0,6.0,,2.0,0.0,10.0,32.0,0.71,,88.0,2.0,0.0,23.0,2.0,2.71428571428571,0.0,1.0,0.0,,0.0,0.0,,5.0,1.0,285.0,,,,,0.894736842105263,0.0,,
derby@1,1117,3,0.6225831098611169,1.0469638433089274,0.7812688166821147,33.0,1.0,2.0,1.0,3.0,20.0,,1.0,0.0,50.0,8.0,0.42,,91.0,3.0,0.0,71.0,2.0,10.1190476190476,0.0,0.0,0.0,,0.6,0.0,,0.0,0.535906897530514,15.0,,,,,0.0,0.0,,
derby@1,1121,9,0.2559819215675324,0.9606147599080789,0.5160452654575688,1.0,0.0,1.0,2.0,5.0,4.0,,1.0,15.0,10.0,103.0,0.7,,97.0,1.0,2.0,61.0,3.0,2.42857142857143,0.0,0.0,0.0,,0.0,0.0,,6.0,1.0,71.0,,,,,0.628099173553719,0.0,,
derby@1,1171,0,0.19225685584623972,0.7121611140758977,0.3083768413424122,1.0,0.0,1.0,0.0,1.0,5.0,,1.0,0.0,0.0,44.0,0.28,,0.0,1.0,0.0,54.0,2.0,9.57777777777778,1.0,1.0,0.0,,1.0,0.0,,1.0,0.845977011494253,25.0,,,,,0.0851063829787234,0.0,,
derby@1,1174,4,0.0,0.8999999999999999,0.6078945316097624,0.0,2.0,2.0,0.0,0.0,15.0,,1.0,4.0,6.0,0.0,1.1,,63.0,1.0,2.0,15.0,1.0,4.0,1.0,0.0,0.0,,0.8,0.0,,3.0,0.76890756302521,111.0,,,,,1.625,0.0,,
derby@1,1189,6,0.23675383453092677,0.8305193959302852,0.4755472578971102,21.0,2.0,2.0,0.0,0.0,17.0,,2.0,1.0,46.0,9.0,0.38,,87.0,3.0,0.0,79.0,2.0,10.6666666666667,1.0,1.0,0.0,,1.0,0.0,,6.0,1.0,37.0,,,,,0.6,2.0,,
derby@1,1190,0,0.0,1.0,0.4000000000000001,1.0,0.0,1.0,0.0,0.0,9.0,,1.0,1.0,4.0,3.0,0.37,,44.0,3.0,0.0,17.0,1.0,6.6,3.0,3.0,0.0,,0.0,0.0,,3.0,0.972508591065292,68.0,,,,,2.71428571428571,0.0,,
derby@1,1193,0,0.0,0.7272727272727272,0.1998177261335156,0.0,2.0,1.0,0.0,0.0,6.0,,1.0,2.0,16.0,6.0,0.72,,83.0,3.0,2.0,7.0,2.0,5.1,1.0,2.0,0.0,,0.0,0.0,,2.0,0.965397923875433,104.0,,,,,1.0,0.0,,
derby@1,1203,0,0.019649685248143034,0.8606777310001504,0.12188631112143025,0.0,1.0,2.0,0.0,1.0,6.0,,1.0,3.0,6.0,18.0,0.61,,88.0,2.0,19.0,26.0,1.0,7.72727272727273,0.0,0.0,0.0,,0.5,0.0,,4.0,1.0,180.0,,,,,1.16666666666667,2.0,,
derby@1,1204,2,0.061765587482376434,0.6864537068924127,0.2335909739659704,2.0,0.0,1.0,0.0,2.0,8.0,,1.0,0.0,6.0,12.0,3.24,,79.0,3.0,0.0,15.0,2.0,4.42857142857143,1.0,1.0,0.0,,1.0,0.0,,2.0,0.702637889688249,93.111,,,,,1.25,2.0,,
derby@1,1205,3,0.03665517146426507,0.8498133008367128,0.21158533810029698,1.0,2.0,1.0,0.0,2.0,8.0,,1.0,1.0,13.0,30.0,0.97,,93.0,1.0,3.0,31.0,2.0,2.52941176470588,0.0,0.0,0.0,,1.0,0.0,,4.0,1.0,333.0,,,,,0.638888888888889,2.0,,
derby@1,1209,0,0.0,0.7272727272727272,0.1998177261335156,1.0,1.0,1.0,0.0,0.0,9.0,,1.0,0.0,13.0,13.0,0.55,,80.0,3.0,0.0,15.0,2.0,5.4,1.0,1.0,0.0,,0.0,0.0,,2.0,0.866888519134775,182.0,,,,,1.47058823529412,0.0,,
derby@1,1260,2,0.2527648245948113,0.5116914793607091,0.3376114749910129,0.0,0.0,2.0,4.0,0.0,11.0,,1.0,0.0,19.0,23.0,1.05,,80.0,3.0,0.0,19.0,2.0,6.96428571428571,1.0,1.0,0.0,,1.0,0.0,,7.0,1.0,93.111,,,,,0.0,14.0,,
derby@1,1262,1,0.0,1.0,0.4000000000000001,3.0,1.0,2.0,0.0,0.0,5.0,,1.0,0.0,16.0,14.0,0.49,,84.0,2.0,0.0,10.0,2.0,4.5,1.0,1.0,0.0,,0.0,0.0,,2.0,0.651629072681704,119.0,,,,,1.2,0.0,,
derby@1,1266,0,0.0005821989528795983,0.6036062827225132,0.08964424877042676,6.0,0.0,2.0,0.0,0.0,11.0,,1.0,0.0,21.0,8.0,0.88,,82.0,3.0,0.0,20.0,2.0,5.64285714285714,1.0,2.0,0.0,,0.0,0.0,,2.0,0.988817891373802,193.556,,,,,1.375,0.0,,
derby@1,1272,0,0.09842931937172782,1.0984293193717278,0.5825479930191972,2.0,1.0,2.0,0.0,0.0,13.0,,1.0,6.0,46.0,14.0,0.82,,87.0,4.0,2.0,28.0,3.0,9.52173913043478,0.0,1.0,0.0,,0.0,0.0,,6.0,0.869745003445899,52.0,,,,,1.88,0.0,,
derby@1,1274,5,0.05632752301136378,0.7717399923940127,0.3223771308997454,2.0,3.0,1.0,0.0,1.0,2.0,,1.0,0.0,16.0,55.0,0.96,,92.0,1.0,0.0,17.0,4.0,1.93333333333333,0.0,0.0,0.0,,0.0,0.0,,4.0,0.943625325238508,93.111,,,,,0.8,0.0,,
derby@1,1283,10,0.11089447787646448,0.4801950498149108,0.17199537572739707,4.0,9.0,2.0,0.0,1.0,14.0,,1.0,0.0,34.0,4.0,0.05,,82.0,3.0,0.0,43.0,1.0,3.9,2.0,1.0,0.0,,1.0,0.0,,2.0,0.973660308810173,295.0,,,,,2.63157894736842,1.0,,
derby@1,1285,0,0.0,1.0,0.4000000000000001,1.0,0.0,1.0,0.0,0.0,8.0,,1.0,1.0,2.0,1.0,0.33,,66.0,3.0,0.0,14.0,1.0,7.66666666666667,3.0,2.0,0.0,,0.0,0.0,,3.0,0.960975609756098,44.0,,,,,3.0,0.0,,
derby@1,1287,0,0.002882616791885209,0.8450786404462667,0.24526414105143357,8.0,3.0,1.0,0.0,0.0,4.0,,1.0,0.0,23.0,15.0,0.32,,90.0,3.0,0.0,30.0,3.0,4.65384615384615,0.0,1.0,0.0,,0.0,0.0,,2.0,0.9,156.0,,,,,1.82142857142857,0.0,,
derby@1,1289,3,0.009889005235602088,0.6360670157068062,0.12168541964144057,0.0,1.0,1.0,0.0,0.0,3.0,,1.0,0.0,5.0,74.0,0.71,,80.0,1.0,0.0,33.0,2.0,1.52,1.0,1.0,0.0,,0.0,0.0,,3.0,0.768028846153846,193.556,,,,,0.194805194805195,0.0,,
derby@1,1295,1,0.22836500736824808,0.737201819358643,0.38429949911090755,1.0,11.0,1.0,0.0,0.0,5.0,,1.0,1.0,33.0,51.0,0.75,,95.0,1.0,1.0,41.0,2.0,3.125,0.0,1.0,0.0,,0.0,0.0,,2.0,0.874690849134378,193.556,,,,,0.409090909090909,0.0,,
derby@1,1297,0,0.0,1.0,0.47117794486215536,3.0,0.0,2.0,0.0,2.0,13.0,,1.0,0.0,5.0,9.0,0.5,,71.0,1.0,0.0,24.0,2.0,4.75,1.0,1.0,0.0,,1.0,0.0,,1.0,0.884126984126984,182.0,,,,,1.35714285714286,2.0,,
derby@1,1304,5,0.0994455795487152,0.5411348697198208,0.21083113715498406,9.0,0.0,3.0,3.0,0.0,0.0,,1.0,0.0,2.0,18.0,0.68,,85.0,2.0,1.0,33.0,2.0,0.0,0.0,1.0,0.0,,0.8,0.0,,3.0,1.0,601.0,,,,,1.93103448275862,0.0,,
derby@1,1308,6,0.2073557073969737,0.6273801837207827,0.3205823978561276,1.0,0.0,5.0,0.0,0.0,4.0,,1.0,2.0,0.0,1.0,0.61,,0.0,3.0,1.0,9.0,1.0,13.5,1.0,2.0,0.0,,0.0,0.0,,2.0,0.927272727272727,173.0,,,,,3.83333333333333,93.0,,
derby@1,1311,4,0.319947239227553,0.8511538435757338,0.5820218584888157,2.0,3.0,1.0,5.0,0.0,20.0,,1.0,8.0,21.0,26.0,0.86,,87.0,2.0,2.0,38.0,2.0,8.07692307692308,0.0,0.0,0.0,,0.8,0.0,,5.0,1.0,93.111,,,,,1.34146341463415,2.0,,
derby@1,1389,3,0.2839670567149843,1.0029737272500274,0.5675966222739528,18.0,11.0,1.0,15.0,0.0,7.0,,4.0,1.0,10.0,50.0,0.38,,96.0,1.0,1.0,70.0,6.0,5.825,0.0,0.0,0.0,,0.0,0.0,,9.0,0.688141592920354,37.0,,,,,1.17647058823529,0.0,,
derby@1,1391,9,0.3316884697471192,0.766322933465422,0.5440091803459204,4.0,2.0,1.0,9.0,1.0,7.0,,1.0,27.0,12.0,79.0,0.82,,96.0,1.0,1.0,24.0,4.0,1.7,0.0,0.0,0.0,,1.0,0.0,,5.0,0.917268786127168,37.0,,,,,0.789473684210526,2.0,,
derby@1,1395,2,0.14753641470946763,0.8936615723699988,0.3402065196596743,3.0,0.0,1.0,3.0,0.0,12.0,,1.0,10.0,9.0,10.0,0.86,,84.0,2.0,1.0,9.0,2.0,4.21739130434783,1.0,0.0,0.0,,0.0,0.0,,2.0,0.514657980456026,193.556,,,,,1.28,0.0,,
derby@1,1417,11,0.5074048321326092,1.0618612292660834,0.815419240033351,19.0,6.0,1.0,14.0,0.0,12.0,,1.0,45.0,28.0,12.0,0.69,,93.0,2.0,2.0,39.0,3.0,0.0,0.0,0.0,0.0,,0.0,0.0,,2.0,0.788707799767171,15.0,,,,,1.10714285714286,0.0,,
derby@1,1436,10,0.18995562571330188,0.6507871804703438,0.37250111257576435,6.0,7.0,2.0,7.0,0.0,0.0,,1.0,10.0,13.0,3.0,0.46,,90.0,3.0,2.0,4.0,2.0,7.10714285714286,1.0,2.0,0.0,,0.0,0.0,,6.0,1.0,429.0,,,,,2.2,0.0,,
derby@1,1464,12,0.050179369455067555,0.6943861878463442,0.13959892772858534,5.0,0.0,1.0,6.0,0.0,0.0,,1.0,6.0,19.0,11.0,0.7,,87.0,1.0,0.0,15.0,1.0,8.45454545454546,1.0,1.0,0.0,,0.0,0.0,,3.0,0.477035490605428,193.556,,,,,1.54166666666667,0.0,,
derby@1,1468,13,0.5158972232010361,0.8884491940135385,0.6391322234628354,1.0,2.0,2.0,30.0,0.0,12.0,,1.0,17.0,63.0,13.0,0.6,,96.0,1.0,0.0,56.0,6.0,7.27777777777778,0.0,1.0,0.0,,1.0,0.0,,1.0,1.0,1843.0,,,,,1.58181818181818,13.0,,
derby@1,1469,11,0.0,1.0,0.47117794486215536,0.0,0.0,1.0,0.0,0.0,2.0,,1.0,0.0,1.0,39.0,0.85,,97.0,1.0,0.0,19.0,3.0,0.692307692307692,0.0,0.0,0.0,,0.0,0.0,,0.0,0.641975308641975,185.0,,,,,0.341463414634146,0.0,,
derby@1,1472,6,0.42484767294646186,0.828799455002687,0.552598739846583,0.0,0.0,1.0,26.0,0.0,7.0,,1.0,2.0,28.0,48.0,0.05,,94.0,1.0,0.0,43.0,5.0,5.50666666666667,0.0,1.0,0.0,,1.0,0.0,,8.0,1.0,52.0,,,,,0.91025641025641,4.0,,
derby@1,1491,7,0.2967908972423406,0.7787032334955567,0.5478156122304878,12.0,3.0,1.0,14.0,0.0,7.0,,2.0,14.0,31.0,71.0,0.64,,94.0,3.0,1.0,48.0,3.0,1.7,0.0,1.0,0.0,,1.0,0.0,,1.0,1.0,52.0,,,,,1.14563106796116,1.0,,
derby@1,1542,0,0.0,0.9465718309605156,0.05549895195716673,0.0,0.0,0.0,0.0,0.0,0.0,,1.0,0.0,121.0,0.0,0.82,,0.0,0.0,1.0,0.0,0.0,0.0,0.0,0.0,0.0,,0.0,0.0,,9.0,0.740740740740741,102.0,,,,,0.0,0.0,,
derby@1,1543,8,0.16508670472001527,0.7592492460453631,0.3610537103525107,0.0,0.0,0.0,0.0,0.0,0.0,,1.0,0.0,1179.0,0.0,0.38,,0.0,0.0,1.0,0.0,0.0,0.0,0.0,0.0,0.0,,0.6,0.0,,14.0,1.0,52.0,,,,,0.0,26.0,,
derby@1,1596,0,0.009874328441020472,0.8227406432533906,0.22331017128568892,2.0,0.0,2.0,0.0,2.0,6.0,,1.0,0.0,0.0,1.0,0.77,,0.0,3.0,0.0,12.0,1.0,2.33333333333333,1.0,2.0,0.0,,1.0,0.0,,3.0,0.9,44.0,,,,,1.2,1.0,,
derby@1,1620,0,0.0,1.0,0.4000000000000001,12.0,0.0,1.0,8.0,5.0,2.0,,3.0,0.0,8.0,8.0,0.42,,88.0,3.0,0.0,10.0,2.0,3.0,0.0,1.0,0.0,,0.0,0.0,,2.0,0.861216730038023,124.0,,,,,0.541666666666667,0.0,,
derby@1,1638,5,0.2014103521733666,0.7612718740027109,0.34805759543669584,2.0,6.0,2.0,2.0,3.0,9.0,,2.0,1.0,6.0,3.0,3.24,,87.0,4.0,0.0,11.0,1.0,2.25,0.0,1.0,0.0,,1.0,0.0,,2.0,0.482291666666667,71.0,,,,,0.828571428571429,115.0,,
derby@1,1639,0,0.02297718897065101,0.8738118776035199,0.27364396972606414,2.0,0.0,1.0,0.0,2.0,2.0,,1.0,2.0,1.0,39.0,0.32,,16.0,4.0,0.0,15.0,1.0,1.46511627906977,0.0,1.0,0.0,,0.0,0.0,,1.0,0.9,130.0,,,,,0.622222222222222,0.0,,
derby@1,1641,1,0.24043255013439638,0.682874732938759,0.3337757634273811,4.0,6.0,1.0,2.0,2.0,8.0,,2.0,1.0,6.0,29.0,0.72,,92.0,4.0,0.0,12.0,1.0,1.875,0.0,1.0,0.0,,1.0,0.0,,3.0,1.0,93.111,,,,,0.558139534883721,0.0,,
derby@1,1648,15,0.033465112541473184,0.5168346392093938,0.15573376391575416,5.0,0.0,1.0,5.0,3.0,4.0,,2.0,1.0,8.0,48.0,0.46,,84.0,4.0,0.0,17.0,2.0,3.9,1.0,1.0,0.0,,0.0,0.0,,2.0,1.0,329.0,,,,,0.666666666666667,0.0,,
derby@1,1663,8,0.16495050859843857,0.5632419208631992,0.28717397041238185,1.0,0.0,1.0,0.0,1.0,15.0,,1.0,0.0,0.0,1.0,0.57,,0.0,3.0,0.0,67.0,1.0,3.0,1.0,2.0,0.0,,1.0,0.0,,4.0,1.0,52.0,,,,,2.4,8.0,,
derby@1,1668,5,0.0,0.9469468526196757,0.017340621534259512,2.0,0.0,1.0,0.0,5.0,3.0,,2.0,4.0,0.0,33.0,0.31,,0.0,4.0,0.0,14.0,2.0,1.58974358974359,0.0,1.0,0.0,,1.0,0.0,,3.0,0.883858267716535,301.0,,,,,0.714285714285714,2.0,,
derby@1,1669,4,0.055426399651984114,0.5641510353665158,0.29988460027452196,19.0,0.0,1.0,10.0,5.0,6.0,,1.0,1.0,0.0,57.0,0.2,,96.0,4.0,1.0,20.0,1.0,0.0,0.0,2.0,0.0,,0.0,0.0,,7.0,0.867291844273941,15.0,,,,,1.74683544303797,1.0,,
derby@1,1671,0,0.0,1.0,0.4000000000000001,0.0,0.0,1.0,0.0,1.0,9.0,,1.0,2.0,2.0,10.0,0.69,,83.0,3.0,0.0,8.0,1.0,1.5,0.0,2.0,0.0,,0.0,0.0,,3.0,0.929347826086957,137.0,,,,,0.428571428571429,0.0,,
derby@1,1675,0,0.0,0.9436486995853751,0.018002171997360837,19.0,2.0,1.0,6.0,1.0,2.0,,3.0,2.0,5.0,17.0,0.16,,90.0,4.0,0.0,9.0,1.0,2.925,0.0,0.0,0.0,,1.0,0.0,,0.0,0.928042328042328,105.0,,,,,0.659090909090909,2.0,,
derby@1,1677,14,0.0026301078765080957,0.9192724019447082,0.07031979339529051,5.0,1.0,1.0,5.0,1.0,3.0,,2.0,4.0,1.0,26.0,0.38,,78.0,4.0,0.0,10.0,1.0,2.27777777777778,0.0,2.0,0.0,,0.0,0.0,,0.0,1.0,174.0,,,,,0.435897435897436,0.0,,
derby@1,1683,13,0.3777097034925871,1.0903750223719928,0.7176896491448628,5.0,0.0,2.0,6.0,17.0,8.0,,1.0,1.0,1.0,55.0,0.32,,98.0,4.0,0.0,16.0,1.0,4.70192307692308,0.0,0.0,0.0,,0.0,0.0,,5.0,1.0,93.111,,,,,0.830188679245283,0.0,,
derby@1,1687,4,0.11639866430822511,0.7306522452363737,0.19137349570199924,14.0,0.0,1.0,7.0,8.0,0.0,,1.0,0.0,3.0,8.0,0.67,,79.0,4.0,0.0,9.0,1.0,4.59090909090909,0.0,1.0,0.0,,0.0,0.0,,2.0,0.690566037735849,37.0,,,,,1.08333333333333,0.0,,
derby@1,1690,0,0.0,1.0,0.4000000000000001,7.0,2.0,1.0,2.0,7.0,6.0,,3.0,0.0,0.0,11.0,0.44,,96.0,3.0,0.0,11.0,2.0,1.9,0.0,1.0,0.0,,0.0,0.0,,3.0,0.967576791808874,156.0,,,,,1.20833333333333,0.0,,
derby@1,1700,0,0.0,1.0,0.4000000000000001,3.0,0.0,1.0,0.0,1.0,2.0,,1.0,0.0,2.0,11.0,0.16,,75.0,3.0,0.0,10.0,1.0,1.92857142857143,0.0,2.0,0.0,,0.0,0.0,,3.0,0.9,61.0,,,,,1.125,0.0,,
derby@1,1717,3,0.007298178633839019,0.5997260743869607,0.12399065673627191,3.0,0.0,2.0,3.0,3.0,3.0,,4.0,1.0,0.0,11.0,0.22,,83.0,4.0,0.0,9.0,2.0,1.46666666666667,0.0,1.0,0.0,,1.0,0.0,,0.0,0.859405940594059,52.0,,,,,1.15,72.0,,
derby@1,1730,9,0.20846813279268894,0.7103057882371654,0.3806972226309007,0.0,0.0,1.0,0.0,2.0,5.0,,1.0,0.0,0.0,46.0,1.05,,0.0,5.0,0.0,9.0,1.0,3.31372549019608,0.0,1.0,0.0,,0.0,0.0,,2.0,1.0,283.0,,,,,0.377358490566038,0.0,,
derby@1,1737,0,0.0,1.0,0.4000000000000001,1.0,0.0,1.0,0.0,3.0,19.0,,2.0,1.0,0.0,8.0,0.42,,0.0,3.0,0.0,12.0,2.0,6.5,0.0,1.0,0.0,,0.0,0.0,,1.0,0.821984435797665,258.0,,,,,1.15384615384615,0.0,,
derby@1,1738,9,0.003554845617078113,0.8457508692714596,0.24592652758050362,1.0,1.0,1.0,0.0,3.0,13.0,,1.0,0.0,0.0,5.0,0.58,,0.0,4.0,0.0,13.0,1.0,3.71428571428571,1.0,2.0,0.0,,1.0,0.0,,0.0,0.9,115.0,,,,,2.0,21.0,,
derby@1,1739,0,0.05549738219895287,0.9445026178010472,0.4288315088053308,15.0,0.0,1.0,37.0,7.0,10.0,,2.0,2.0,0.0,5.0,0.45,,84.0,3.0,0.0,1.0,2.0,9.27272727272727,0.0,1.0,0.0,,0.0,0.0,,0.0,0.917227456258412,37.0,,,,,1.84,0.0,,
derby@1,1740,0,0.0,1.0,0.4000000000000001,1.0,5.0,1.0,16.0,10.0,3.0,,3.0,0.0,2.0,15.0,0.79,,93.0,2.0,2.0,9.0,2.0,3.95238095238095,1.0,1.0,0.0,,0.0,0.0,,2.0,0.857685009487666,191.0,,,,,0.68,0.0,,
derby@1,1744,10,0.023763590856503335,0.840128339686287,0.3082224237822397,1.0,0.0,1.0,0.0,1.0,11.0,,1.0,0.0,0.0,1.0,3.24,,0.0,3.0,0.0,101.0,1.0,1.5,1.0,2.0,0.0,,1.0,0.0,,11.0,0.457894736842105,50.0,,,,,1.8,0.0,,
derby@1,1752,13,0.0037650294038590994,0.7374593953731026,0.14011881656627145,21.0,0.0,1.0,37.0,22.0,1.0,,1.0,2.0,0.0,5.0,0.52,,96.0,4.0,0.0,8.0,1.0,4.07142857142857,1.0,1.0,0.0,,0.0,0.0,,3.0,1.0,217.0,,,,,1.23333333333333,0.0,,
derby@1,1757,0,0.03664921465968587,0.9633507853403142,0.44760828177058537,25.0,0.0,1.0,21.0,4.0,9.0,,1.0,3.0,0.0,7.0,0.37,,97.0,4.0,0.0,11.0,1.0,3.88571428571429,0.0,0.0,0.0,,0.0,0.0,,4.0,0.878149100257069,52.0,,,,,0.864864864864865,0.0,,
derby@1,1763,0,0.07245868140232874,0.5975890427599607,0.19509182905351952,14.0,1.0,1.0,0.0,8.0,5.0,,4.0,1.0,0.0,30.0,0.37,,0.0,4.0,0.0,12.0,2.0,1.80434782608696,0.0,1.0,0.0,,1.0,0.0,,1.0,1.0,71.0,,,,,0.313725490196078,92.0,,
derby@1,1777,9,1.2372646649818715,2.0914957431378847,1.7054616715789337,0.0,0.0,1.0,1.0,1.0,275.0,,1.0,0.0,0.0,6.0,0.31,,83.0,4.0,0.0,12.0,1.0,1.0,0.0,2.0,0.0,,0.0,0.0,,1.0,0.939313203078745,37.0,,,,,1.125,0.0,,
derby@1,1778,0,0.05980209424083773,0.9401979057591623,0.4245431024908773,0.0,12.0,1.0,1.0,9.0,7.0,,2.0,1.0,0.0,53.0,0.55,,46.0,4.0,0.0,11.0,2.0,4.33333333333333,0.0,0.0,0.0,,1.0,0.0,,5.0,0.943973941368078,93.111,,,,,0.768115942028985,4.0,,
derby@1,1780,0,0.12095175706058245,0.6425537513965559,0.1961150545082564,11.0,0.0,1.0,1.0,11.0,6.0,,2.0,1.0,2.0,33.0,0.21,,77.0,4.0,0.0,9.0,2.0,1.71111111111111,0.0,1.0,0.0,,0.666666666666667,0.0,,6.0,1.0,93.111,,,,,0.458333333333333,2.0,,
derby@1,1797,0,0.0,1.0,0.4000000000000001,4.0,0.0,1.0,3.0,21.0,3.0,,2.0,1.0,0.0,26.0,0.29,,88.0,3.0,0.0,8.0,2.0,0.903225806451613,0.0,1.0,0.0,,0.0,0.0,,1.0,0.97997138769671,142.0,,,,,0.147058823529412,0.0,,
derby@1,1799,1,0.02913368242959801,0.8132980928802447,0.3094351286520724,19.0,0.0,1.0,77.0,10.0,0.0,,2.0,3.0,1.0,36.0,0.31,,92.0,4.0,0.0,9.0,2.0,8.55172413793103,0.0,1.0,0.0,,0.0,0.0,,5.0,0.958313817330211,37.0,,,,,0.868852459016393,0.0,,
derby@1,1801,9,0.012952853325299774,0.7082444000115687,0.08578702516721974,0.0,0.0,1.0,0.0,5.0,0.0,,1.0,0.0,0.0,10.0,0.24,,0.0,4.0,0.0,8.0,1.0,0.9,0.0,1.0,0.0,,0.0,0.0,,0.0,0.57593984962406,37.0,,,,,0.416666666666667,0.0,,
derby@1,1815,1,0.01780104712041885,0.6439790575916231,0.1295375218150087,1.0,0.0,1.0,1.0,1.0,8.0,,1.0,0.0,0.0,11.0,0.26,,75.0,4.0,0.0,10.0,1.0,1.16666666666667,0.0,2.0,0.0,,0.0,0.0,,4.0,0.91375,25.0,,,,,0.0,0.0,,
derby@1,1820,6,0.08162693813766288,0.5752417147003793,0.20148020339619624,19.0,0.0,1.0,1.0,6.0,7.0,,1.0,3.0,0.0,14.0,0.69,,86.0,4.0,0.0,16.0,1.0,2.94444444444444,0.0,1.0,0.0,,1.0,0.0,,4.0,1.0,282.0,,,,,0.789473684210526,0.0,,
derby@1,1822,10,0.19930004258913916,0.6612368793567442,0.2971744092370785,5.0,0.0,2.0,7.0,2.0,9.0,,1.0,1.0,0.0,78.0,1.47,,95.0,4.0,0.0,16.0,1.0,3.74736842105263,0.0,2.0,0.0,,0.0,0.0,,4.0,0.986211424819435,1023.0,,,,,1.04123711340206,1.0,,
derby@1,1840,10,0.00015453333990447766,0.7962952071726276,0.20547219516634133,1.0,0.0,1.0,0.0,1.0,3.0,,1.0,0.0,0.0,1.0,1.13,,0.0,3.0,0.0,15.0,1.0,1.5,1.0,2.0,0.0,,0.666666666666667,0.0,,2.0,0.714285714285714,34.0,,,,,0.4,0.0,,
derby@1,1885,1,0.0031413612565444967,0.6104712041884818,0.0963707758210376,2.0,0.0,1.0,0.0,2.0,3.0,,2.0,3.0,1.0,9.0,0.44,,30.0,5.0,0.0,6.0,2.0,2.0,0.0,1.0,0.0,,0.0,0.0,,1.0,0.8225,37.0,,,,,0.352941176470588,0.0,,
derby@1,1886,18,0.045053077165241935,0.4697217873892573,0.10160293511049176,2.0,0.0,1.0,0.0,2.0,5.0,,2.0,2.0,3.0,13.0,0.39,,52.0,5.0,0.0,10.0,2.0,4.8,1.0,2.0,0.0,,0.0,0.0,,2.0,0.831460674157303,25.0,,,,,0.55,0.0,,
derby@1,1887,5,0.0,0.5185185185185185,0.1181917211328976,0.0,0.0,1.0,0.0,0.0,52.0,,1.0,0.0,0.0,4.0,0.15,,0.0,4.0,0.0,7.0,1.0,0.75,0.0,2.0,0.0,,0.0,0.0,,1.0,0.920869208692087,231.0,,,,,0.0,0.0,,
derby@1,1888,15,0.06185209839951962,0.6591308353548745,0.2308554624960087,7.0,0.0,1.0,0.0,0.0,1.0,,2.0,1.0,0.0,16.0,1.05,,0.0,4.0,0.0,7.0,2.0,3.04166666666667,0.0,1.0,0.0,,1.0,0.0,,3.0,0.63716814159292,52.0,,,,,0.296296296296296,0.0,,
derby@1,1907,7,0.003981264637003352,0.7306010928961748,0.3667150079320662,1.0,0.0,1.0,24.0,27.0,6.0,,1.0,22.0,0.0,23.0,0.64,,96.0,2.0,1.0,14.0,1.0,5.71739130434783,0.0,1.0,0.0,,0.0,0.0,,1.0,0.656474820143885,366.0,,,,,1.8,0.0,,
derby@1,1948,9,0.29051085143733485,0.7393944576983421,0.39649283754757286,3.0,0.0,1.0,0.0,23.0,9.0,,2.0,4.0,2.0,54.0,0.98,,96.0,3.0,254.0,18.0,2.0,78.4918032786885,0.0,0.0,0.0,,1.0,0.0,,9.0,1.0,71.0,,,,,0.753846153846154,2.0,,
derby@1,1950,10,0.11118185107839429,0.7141145187889606,0.2736026060573644,1.0,0.0,1.0,1.0,18.0,5.0,,8.0,5.0,0.0,27.0,3.24,,80.0,2.0,44.0,4.0,2.0,39.8484848484849,0.0,1.0,0.0,,0.5,0.0,,2.0,0.227655986509275,52.0,,,,,0.547619047619048,0.0,,
derby@1,1960,1,0.0,1.0,0.4000000000000001,2.0,0.0,1.0,0.0,6.0,10.0,,2.0,3.0,3.0,7.0,0.83,,72.0,3.0,3.0,9.0,2.0,8.0,0.0,0.0,0.0,,0.0,0.0,,1.0,0.802777777777778,148.0,,,,,1.06666666666667,0.0,,
derby@1,1968,7,0.36711520070038595,0.7534504630295966,0.46464016246371403,6.0,1.0,1.0,7.0,39.0,12.0,,2.0,0.0,0.0,34.0,1.47,,96.0,1.0,0.0,12.0,1.0,23.0,0.0,1.0,0.0,,0.0,0.0,,2.0,1.0,572.0,,,,,1.34090909090909,1.0,,
derby@1,1973,11,0.026178010471204195,0.6942408376963352,0.1795176899888942,5.0,0.0,2.0,4.0,11.0,6.0,,4.0,2.0,9.0,16.0,0.51,,85.0,3.0,0.0,4.0,2.0,3.73913043478261,0.0,1.0,0.0,,0.0,0.0,,3.0,0.465189873417722,37.0,,,,,1.0,0.0,,
derby@1,1975,0,0.005235602094240823,0.6628272251308901,0.148242900206251,5.0,3.0,1.0,4.0,12.0,6.0,,4.0,2.0,1.0,8.0,0.8,,86.0,2.0,0.0,3.0,2.0,3.94444444444444,0.0,1.0,0.0,,0.0,0.0,,6.0,0.734793187347932,37.0,,,,,0.565217391304348,0.0,,
derby@1,1980,6,0.32856058994975434,0.8446910455588724,0.5898500737189903,7.0,14.0,1.0,27.0,39.0,7.0,,11.0,6.0,10.0,57.0,0.95,,95.0,1.0,0.0,21.0,2.0,11.7380952380952,0.0,0.0,0.0,,0.0,0.0,,10.0,1.0,37.0,,,,,0.354166666666667,0.0,,
derby@1,2069,0,0.0,0.9493026762156047,0.017553885565048884,1.0,0.0,1.0,0.0,1.0,1.0,,1.0,0.0,0.0,1.0,0.96,,0.0,3.0,0.0,13.0,1.0,1.5,1.0,2.0,0.0,,0.75,0.0,,2.0,0.859375,25.0,,,,,1.0,0.0,,
derby@1,2071,1,0.0,0.5185185185185185,0.1486928104575163,7.0,0.0,1.0,8.0,0.0,6.0,,4.0,0.0,4.0,15.0,0.42,,91.0,3.0,0.0,9.0,2.0,3.13636363636364,0.0,2.0,0.0,,0.0,0.0,,0.0,0.578814627994956,209.0,,,,,1.14814814814815,0.0,,
derby@1,2121,0,0.09090909090909087,0.9090909090909091,0.3807245386192755,4.0,0.0,1.0,5.0,12.0,0.0,,1.0,0.0,19.0,43.0,0.11,,93.0,1.0,0.0,9.0,2.0,7.08510638297872,1.0,1.0,0.0,,0.0,0.0,,2.0,0.903409090909091,47.0,,,,,0.714285714285714,0.0,,
derby@1,2384,0,0.0,1.0,0.4000000000000001,5.0,0.0,1.0,2.0,3.0,2.0,,3.0,0.0,0.0,31.0,0.26,,95.0,3.0,0.0,11.0,2.0,0.666666666666667,0.0,1.0,0.0,,0.0,0.0,,0.0,0.939739413680782,109.0,,,,,0.325,0.0,,
derby@1,2400,5,0.3706712623162365,0.9019436118623821,0.6361553338627006,56.0,1.0,1.0,4.0,33.0,7.0,,11.0,2.0,4.0,52.0,0.33,,97.0,4.0,0.0,29.0,3.0,3.53153153153153,0.0,0.0,0.0,,0.5,0.0,,2.0,1.0,15.0,,,,,0.67479674796748,0.0,,
derby@1,2407,10,0.0,1.0,0.4000000000000001,6.0,0.0,1.0,0.0,2.0,7.0,,2.0,0.0,0.0,28.0,0.46,,0.0,3.0,0.0,11.0,2.0,1.67647058823529,0.0,1.0,0.0,,0.0,0.0,,1.0,0.995402298850575,261.0,,,,,0.594594594594595,0.0,,
derby@1,2422,0,0.037696335078534066,0.962303664921466,0.44656512771696016,3.0,0.0,1.0,3.0,7.0,11.0,,1.0,0.0,2.0,39.0,0.12,,93.0,5.0,0.0,11.0,1.0,2.14285714285714,0.0,1.0,0.0,,1.0,0.0,,0.0,1.0,127.0,,,,,0.181818181818182,3487.0,,
derby@1,2425,0,9.423294383716557e-05,0.9427063701470034,0.01830870904386679,0.0,0.0,1.0,0.0,2.0,8.0,,1.0,2.0,0.0,13.0,0.42,,0.0,4.0,0.0,8.0,1.0,0.933333333333333,0.0,2.0,0.0,,1.0,0.0,,0.0,0.868761552680222,151.0,,,,,0.882352941176471,0.0,,
derby@1,2433,7,0.10038733331726735,0.6415441928475576,0.33450411171287814,38.0,0.0,1.0,41.0,8.0,0.0,,2.0,1.0,0.0,13.0,0.44,,96.0,4.0,0.0,11.0,2.0,3.0,0.0,0.0,0.0,,1.0,0.0,,1.0,0.993348115299335,71.0,,,,,1.52727272727273,18.0,,
derby@1,2434,8,0.10138580277908878,0.7208896235196832,0.2628338866543975,24.0,0.0,1.0,21.0,6.0,8.0,,1.0,2.0,6.0,6.0,3.24,,91.0,4.0,0.0,12.0,1.0,5.59375,0.0,1.0,0.0,,0.0,0.0,,2.0,0.994720965309201,318.0,,,,,1.08823529411765,49.0,,
derby@1,2438,15,0.012068972721727628,0.8320824716329096,0.3239538583238552,30.0,0.0,2.0,71.0,15.0,0.0,,1.0,2.0,2.0,17.0,0.26,,99.0,4.0,0.0,16.0,1.0,4.51020408163265,0.0,1.0,0.0,,0.0,0.0,,5.0,0.973226238286479,15.0,,,,,0.666666666666667,0.0,,
derby@1,2446,0,0.0,1.0,0.4000000000000001,1.0,0.0,2.0,4.0,2.0,6.0,,2.0,1.0,0.0,4.0,0.49,,80.0,3.0,0.0,10.0,2.0,1.83333333333333,1.0,1.0,0.0,,0.0,0.0,,0.0,0.775862068965517,50.0,,,,,0.888888888888889,0.0,,
derby@1,2447,0,0.0,0.9360158311345644,0.021223850758055236,0.0,0.0,1.0,0.0,2.0,8.0,,1.0,0.0,0.0,7.0,0.58,,0.0,4.0,0.0,12.0,1.0,1.57142857142857,1.0,2.0,0.0,,1.0,0.0,,0.0,1.0,80.0,,,,,1.11111111111111,89.0,,
derby@1,2450,8,0.07479330527302461,0.6730353600253483,0.18343088263505947,0.0,0.0,1.0,3.0,4.0,5.0,,3.0,2.0,8.0,9.0,0.49,,78.0,4.0,0.0,8.0,2.0,3.38888888888889,0.0,1.0,0.0,,0.0,0.0,,0.0,0.5,37.0,,,,,1.36363636363636,0.0,,
derby@1,2463,0,0.1654399726295405,1.1609342637892095,0.6558100463099171,1.0,45.0,1.0,53.0,0.0,6.0,,7.0,5.0,35.0,5.0,0.26,,92.0,3.0,13.0,14.0,2.0,11.7555555555556,2.0,1.0,0.0,,1.0,0.0,,2.0,0.920272673384707,52.0,,,,,0.948979591836735,3.0,,
derby@1,2471,0,0.057126701570680685,0.9428732984293193,0.42720836109788984,19.0,1.0,1.0,7.0,10.0,11.0,,2.0,2.0,1.0,27.0,0.41,,96.0,4.0,0.0,12.0,2.0,3.16326530612245,0.0,1.0,0.0,,0.0,0.0,,0.0,1.0,193.556,,,,,1.07692307692308,0.0,,
groovy@0,30,15,0.23766706759960374,0.9870101920916523,0.6498714164238306,21.0,1.0,2.0,2.0,,2.0,,8.0,7.0,17.0,,0.41,0.0,,2.0,4.0,10.0,2.0,3.72151898734177,0.0,0.0,,,0.777777777777778,0.0,2.0,2.0,,,,4.27848101265823,,1.0,,,77.0,3.0
groovy@0,49,0,2.768937212982823,3.4959112774388763,3.21834821502201,3.0,1.0,2.0,17.0,,1.0,,3.0,9.0,29.0,,0.15,1.0,,4.0,3.0,10.0,3.0,4.53631284916201,0.0,0.0,,,0.470588235294118,0.0,3.0,3.0,,,,4.7877094972067,,1.0,,,177.0,4.0
groovy@0,252,10,0.0,1.0,0.3663419913419913,3.0,0.0,1.0,3.0,,1.0,,2.0,3.0,30.0,,0.27,0.0,,3.0,3.0,10.0,2.0,9.64285714285714,1.0,1.0,,,0.590909090909091,0.0,3.0,7.0,,,,4.11224489795918,,1.0,,,98.0,2.0
groovy@0,340,13,2.60094042363588,3.2109412745412,2.8619405175716515,3.0,2.0,1.0,58.0,,1.0,,26.0,50.0,34.0,,0.14,1.0,,4.0,0.0,10.0,2.0,6.12669683257919,0.0,0.0,,,0.520833333333333,0.0,4.0,5.0,,,,7.59276018099547,,1.0,,,25.0,4.0
groovy@0,358,10,0.03571428571428574,1.0357142857142858,0.3317972350230415,3.0,1.0,2.0,0.0,,1.0,,2.0,2.0,11.0,,0.21,1.0,,3.0,0.0,26.0,1.0,3.75862068965517,1.0,1.0,,,0.5,0.0,3.0,2.0,,,,6.51724137931035,,1.0,,,29.0,4.0
groovy@0,359,0,0.10714285714285719,1.1071428571428572,0.4032258064516129,1.0,1.0,2.0,2.0,,1.0,,13.0,13.0,4.0,,0.1,1.0,,1.0,2.0,37.0,3.0,4.18367346938776,0.0,0.0,,,0.578947368421053,0.0,3.0,7.0,,,,7.08163265306122,,1.0,,,47.0,4.0
groovy@0,390,13,0.0,0.8214285714285715,0.1359447004608295,3.0,0.0,4.0,0.0,,0.0,,1.0,7.0,10.0,,0.11,0.0,,4.0,0.0,21.0,1.0,3.6875,1.0,1.0,,,0.4,0.0,1.0,1.0,,,,7.6875,,1.0,,,16.0,6.0
groovy@0,439,7,0.6504612374255156,1.6900848645090494,1.0806848162721965,3.0,0.0,1.0,2.0,,7.0,,18.0,12.0,17.0,,1.14,0.0,,2.0,0.0,80.0,2.0,2.47551342812006,0.0,0.0,,,0.733812949640288,4.0,5.0,21.0,,,,3.46287519747235,,1.0,,,37.0,2.0
groovy@1,37,9,0.22467178460519022,1.2036087246776448,0.8750059323666752,13.0,1.0,2.0,11.0,,1.0,2.0,16.0,17.0,6.0,,0.32,0.0,,3.0,4.0,1.0,2.0,3.43564356435644,0.0,0.0,0.0,,0.875,0.0,2.0,2.0,,261.0,,3.92079207920792,,,,,98.0,
groovy@1,56,14,1.1872940525696445,1.9260356077762393,1.7677620341836944,64.0,1.0,2.0,20.0,,1.0,4.0,25.0,0.0,32.0,,0.13,1.0,,4.0,3.0,1.0,3.0,4.53030303030303,0.0,0.0,0.0,,0.0,0.0,2.0,4.0,,349.0,,4.83333333333333,,,,,191.0,
groovy@1,163,0,0.0,1.0,0.5925701289136815,3.0,0.0,2.0,1.0,,4.0,2.0,4.0,1.0,7.0,,0.56,0.0,,1.0,0.0,7.0,2.0,3.39130434782609,1.0,1.0,0.0,,0.0,0.0,3.0,4.0,,134.0,,4.65217391304348,,,,,22.0,
groovy@1,192,12,0.0,1.0,0.5925701289136815,4.0,0.0,1.0,0.0,,1.0,2.0,2.0,10.0,4.0,,0.22,0.0,,1.0,1.0,5.0,1.0,3.13793103448276,0.0,1.0,0.0,,0.0,0.0,2.0,1.0,,56.0,,3.62068965517241,,,,,29.0,
groovy@1,195,19,0.27830650801983775,0.6638587794565791,0.5187081619996992,0.0,0.0,1.0,1.0,,0.0,2.0,3.0,0.0,2.0,,0.1,0.0,,1.0,0.0,5.0,2.0,1.4,0.0,2.0,0.0,,1.0,0.0,1.0,2.0,,19.0,,3.97826086956522,,,,,7.0,
groovy@1,214,8,0.0,1.0,0.5925701289136815,0.0,0.0,1.0,0.0,,5.0,2.0,1.0,8.0,25.0,,0.65,0.0,,2.0,0.0,7.0,1.0,2.04081632653061,0.0,1.0,0.0,,0.0,0.0,3.0,7.0,,307.0,,3.20408163265306,,,,,49.0,
groovy@1,223,12,0.22847394683898292,0.4909942719357604,0.34431797389857904,0.0,0.0,1.0,0.0,,1.0,3.0,2.0,97.0,3.0,,0.5,2.0,,2.0,0.0,92.0,3.0,8.38260869565217,1.0,1.0,0.0,,0.0,1.0,4.0,8.0,,167.0,,8.49565217391304,,,,,111.0,
groovy@1,256,17,0.10355182726419596,0.9100881477481007,0.6831082463087667,5.0,0.0,1.0,3.0,,1.0,2.0,2.0,2.0,30.0,,0.33,0.0,,3.0,3.0,1.0,2.0,9.75,1.0,1.0,0.0,,0.0,0.0,4.0,7.0,,283.0,,3.73148148148148,,,,,108.0,
groovy@1,345,7,1.1276124321449703,1.4459508385950035,1.3113960701948773,3.0,2.0,1.0,58.0,,1.0,3.0,22.0,50.0,33.0,,0.5,1.0,,4.0,0.0,4.0,2.0,6.10091743119266,0.0,0.0,0.0,,0.0,0.0,4.0,5.0,,482.0,,7.44495412844037,,,,,205.0,
groovy@1,356,10,0.0,1.0,0.5925701289136815,1.0,0.0,1.0,1.0,,0.0,2.0,1.0,3.0,2.0,,0.32,1.0,,1.0,0.0,18.0,2.0,3.09090909090909,0.0,0.0,0.0,,0.0,0.0,4.0,0.0,,30.0,,5.0,,,,,11.0,
groovy@1,363,0,0.18421052631578952,0.8157894736842105,0.4965373961218836,12.0,1.0,2.0,0.0,,1.0,3.0,2.0,2.0,11.0,,0.21,1.0,,3.0,0.0,11.0,1.0,3.75862068965517,1.0,1.0,0.0,,1.0,0.0,3.0,2.0,,75.0,,6.72413793103448,,,,,29.0,
groovy@1,364,10,0.4264973519263641,0.8573356763313177,0.7282107418823823,18.0,1.0,2.0,6.0,,0.0,3.0,16.0,14.0,4.0,,0.5,1.0,,1.0,2.0,0.0,3.0,4.03389830508475,0.0,0.0,0.0,,0.0,1.0,4.0,6.0,,77.0,,6.74576271186441,,,,,57.0,
groovy@1,397,13,0.01428571428571451,0.7857142857142856,0.3961299994638432,6.0,0.0,4.0,0.0,,0.0,4.0,1.0,7.0,10.0,,0.11,0.0,,4.0,0.0,21.0,1.0,3.6875,1.0,1.0,0.0,,0.0,0.0,1.0,2.0,,27.0,,7.4375,,,,,16.0,
groovy@1,450,0,0.0,1.0,0.5925701289136815,0.0,0.0,1.0,1.0,,0.0,2.0,4.0,0.0,2.0,,0.38,0.0,,5.0,2.0,8.0,1.0,5.44444444444444,4.0,2.0,0.0,,0.0,0.0,1.0,0.0,,29.0,,4.33333333333333,,,,,8.0,
groovy@1,451,1,0.0,0.5789473684210527,0.1253462603878116,0.0,0.0,1.0,0.0,,0.0,2.0,1.0,0.0,0.0,,1.69,0.0,,3.0,0.0,1.0,1.0,3.5,3.0,2.0,0.0,,1.0,0.0,1.0,0.0,,22.0,,3.0,,,,,2.0,
groovy@1,456,0,0.0,1.0,0.5925701289136815,1.0,0.0,3.0,0.0,,0.0,3.0,6.0,6.0,1.0,,0.13,0.0,,6.0,3.0,11.0,1.0,6.08695652173913,2.0,2.0,0.0,,0.0,0.0,1.0,0.0,,32.0,,3.78260869565217,,,,,20.0,
groovy@1,458,0,0.0,1.0,0.7222222222222222,0.0,0.0,2.0,0.0,,0.0,2.0,6.0,7.0,2.0,,0.16,0.0,,4.0,22.0,13.0,1.0,11.4782608695652,3.0,2.0,0.0,,1.0,0.0,1.0,0.0,,34.0,,4.39130434782609,,,,,20.0,
groovy@1,460,0,0.0,1.0,0.5925701289136815,0.0,0.0,1.0,0.0,,0.0,1.0,3.0,6.0,1.0,,0.45,0.0,,5.0,2.0,9.0,1.0,5.06666666666667,2.0,2.0,0.0,,0.0,0.0,1.0,0.0,,40.0,,3.73333333333333,,,,,14.0,
groovy@1,467,7,0.9751051945931881,1.6408212252890093,1.2842141739542876,3.0,0.0,1.0,2.0,,7.0,2.0,18.0,12.0,17.0,,1.18,0.0,,2.0,0.0,76.0,2.0,2.50670640834575,0.0,0.0,0.0,,0.802325581395349,6.0,5.0,22.0,,5431.0,,2.0,,,,,39.0,
groovy@1,476,0,0.0,1.0,0.7222222222222222,0.0,0.0,1.0,3.0,,0.0,2.0,2.0,0.0,0.0,,0.23,0.0,,4.0,0.0,6.0,1.0,3.28571428571429,1.0,1.0,0.0,,1.0,0.0,1.0,0.0,,15.0,,3.42857142857143,,,,,7.0,
groovy@1,478,0,0.0,1.0,0.7222222222222222,0.0,0.0,1.0,3.0,,0.0,2.0,2.0,0.0,0.0,,0.23,0.0,,4.0,0.0,6.0,1.0,3.28571428571429,1.0,1.0,0.0,,1.0,0.0,1.0,0.0,,15.0,,3.42857142857143,,,,,7.0,
groovy@1,479,0,0.0,1.0,0.7222222222222222,0.0,0.0,1.0,3.0,,0.0,2.0,2.0,0.0,0.0,,0.23,0.0,,4.0,0.0,6.0,1.0,3.28571428571429,1.0,1.0,0.0,,1.0,0.0,1.0,0.0,,15.0,,3.0,,,,,7.0,
groovy@1,514,9,0.0,0.6000000000000001,0.3583333333333332,6.0,0.0,4.0,12.0,,4.0,6.0,1.0,4.0,0.0,,0.29,0.0,,1.0,0.0,11.0,1.0,5.63157894736842,1.0,1.0,0.0,,0.428571428571429,0.0,3.0,2.0,,211.0,,4.36842105263158,,,,,0.0,
groovy@1,522,13,0.010598383399686237,0.9432561225720447,0.2902128126393625,1.0,0.0,1.0,4.0,,0.0,2.0,1.0,0.0,0.0,,0.27,0.0,,1.0,0.0,24.0,1.0,6.0,1.0,1.0,0.0,,0.444444444444444,0.0,4.0,6.0,,124.0,,2.94444444444444,,,,,0.0,
groovy@1,845,0,0.0,1.0,0.6710526315789475,40.0,0.0,1.0,16.0,,0.0,2.0,1.0,0.0,0.0,,0.09,0.0,,1.0,0.0,11.0,3.0,4.59523809523809,2.0,1.0,0.0,,1.0,0.0,1.0,0.0,,38.0,,6.80952380952381,,,,,39.0,
hbase@0,5,2,9.654373431164453e-05,0.9563622320911372,0.020774042887804985,,3.0,1.0,,0.0,1.0,,,0.0,,,0.19,0.0,94.0,2.0,0.0,60.0,5.0,3.30841121495327,0.0,0.0,0.0,,0.25,0.0,6.0,7.0,,,0.0,3.91588785046729,,1.0,0.761467889908257,,,
hbase@0,27,0,0.029585798816568056,0.9704142011834321,0.18764440687517608,,0.0,1.0,,2.0,0.0,,,0.0,,,0.07,1.0,68.0,1.0,0.0,13.0,2.0,4.85123966942149,0.0,1.0,0.0,,0.294117647058824,0.0,3.0,9.0,,,326.0,5.53719008264463,,1.0,0.468085106382979,,,
hbase@0,28,0,0.0,0.875,0.49032053128697384,,0.0,1.0,,4.0,2.0,,,0.0,,,0.16,2.0,71.0,1.0,0.0,17.0,2.0,4.3125,1.0,1.0,0.0,,1.0,0.0,3.0,4.0,,,11.0,6.375,,1.0,0.473684210526316,,,
hbase@0,42,15,0.0,0.6666666666666665,0.3175057929207648,,1.0,2.0,,0.0,7.0,,,0.0,,,0.92,0.0,78.0,1.0,0.0,14.0,2.0,6.8125,0.0,0.0,0.0,,1.0,0.0,2.0,5.0,,,258.0,3.875,,1.0,1.15,,,
hbase@0,43,0,0.0,0.65,0.23372561129593342,,5.0,1.0,,28.0,6.0,,,0.0,,,0.74,0.0,64.0,1.0,0.0,19.0,1.0,5.96428571428571,2.0,1.0,0.0,,0.0,0.0,4.0,2.0,,,70.0,4.78571428571429,,1.0,0.6,,,
hbase@0,62,0,4.8271867155821676e-05,0.9742710948059472,0.006254180063858783,,1.0,1.0,,1.0,6.0,,,0.0,,,0.7,0.0,91.0,1.0,19.0,96.0,3.0,8.25174825174825,0.0,1.0,0.0,,0.272727272727273,0.0,4.0,15.0,,,2.0,4.52447552447552,,1.0,0.56,,,
hbase@0,63,0,0.005917159763313607,0.8461538461538461,0.06425753733446041,,1.0,1.0,,0.0,6.0,,,0.0,,,3.03,0.0,0.0,2.0,1.0,6.0,2.0,3.05263157894737,0.0,0.0,0.0,,0.333333333333333,0.0,6.0,5.0,,,2.0,0.842105263157895,,1.0,0.0,,,
hbase@0,64,3,0.1355997394775913,0.8080387944700734,0.3268942410447999,,16.0,2.0,,1.0,2.0,,,7.0,,,0.29,0.0,95.0,3.0,12.0,13.0,3.0,2.0,0.0,1.0,0.0,,0.3,0.0,3.0,15.0,,,199.0,5.05555555555556,,1.0,1.0,,,
hbase@0,65,0,0.0007953089668171239,0.944846559186755,0.058464150405473425,,1.0,1.0,,8.0,4.0,,,0.0,,,0.53,0.0,88.0,2.0,1.0,33.0,2.0,17.8736842105263,0.0,1.0,0.0,,1.0,0.0,5.0,7.0,,,0.0,3.95789473684211,,1.0,0.5,,,
hbase@0,73,0,0.0,0.5999999999999999,0.284103436018408,,0.0,2.0,,9.0,5.0,,,0.0,,,0.63,0.0,77.0,3.0,8.0,13.0,2.0,4.78947368421053,0.0,0.0,0.0,,0.7,0.0,1.0,8.0,,,93.0,3.84210526315789,,1.0,0.785714285714286,,,
hbase@0,95,0,0.0,0.55,0.23565175260581578,,0.0,1.0,,0.0,4.0,,,2.0,,,0.33,0.0,80.0,2.0,0.0,18.0,1.0,5.53846153846154,1.0,1.0,0.0,,0.4,0.0,5.0,2.0,,,4.0,5.38461538461539,,1.0,1.86666666666667,,,
hbase@0,120,0,0.0,0.9753813477505309,0.0057544962795682665,,0.0,1.0,,0.0,4.0,,,0.0,,,0.84,0.0,50.0,2.0,0.0,14.0,3.0,1.75,0.0,0.0,0.0,,0.5,0.0,2.0,2.0,,,18.0,4.5,,1.0,2.16666666666667,,,
hbase@0,175,11,0.049788648757608946,0.5408360049024526,0.1892455134834236,,0.0,1.0,,0.0,0.0,,,0.0,,,1.43,0.0,100.0,1.0,0.0,2.0,1.0,0.0,0.0,1.0,0.0,,1.0,8.0,5.0,14.0,,,74.0,1.0,,0.0,0.9,,,
hbase@0,218,0,0.0,0.8520710059171599,0.07006198929275853,,37.0,1.0,,20.0,1.0,,,1.0,,,0.58,0.0,96.0,2.0,2.0,13.0,2.0,5.23863636363636,0.0,0.0,0.0,,0.25,0.0,3.0,10.0,,,39.0,2.18181818181818,,1.0,0.189473684210526,,,
hbase@0,247,0,0.006890706447983647,0.720726917542531,0.07244063778289936,,9.0,1.0,,8.0,4.0,,,21.0,,,0.4,0.0,92.0,2.0,0.0,19.0,2.0,5.32835820895522,0.0,1.0,0.0,,0.25,0.0,3.0,6.0,,,0.0,6.41791044776119,,1.0,0.987179487179487,,,
hbase@0,299,9,0.014223571012695864,0.7801629152723931,0.2046672223083667,,3.0,2.0,,0.0,4.0,,,4.0,,,0.25,2.0,88.0,2.0,4.0,0.0,2.0,5.91666666666667,1.0,1.0,0.0,,0.4,0.0,3.0,8.0,,,17.0,9.83333333333333,,1.0,1.4,,,
hbase@0,310,15,0.0018031981756995755,0.9437764868644716,0.07100192766812395,,2.0,1.0,,21.0,13.0,,,0.0,,,0.99,0.0,85.0,1.0,0.0,24.0,1.0,7.52380952380952,2.0,1.0,0.0,,1.0,0.0,6.0,2.0,,,0.0,5.42857142857143,,1.0,0.826086956521739,,,
hbase@0,321,0,0.05125575049536868,0.7138238585640176,0.19181357833260645,,13.0,2.0,,0.0,8.0,,,4.0,,,0.43,1.0,91.0,3.0,2.0,6.0,2.0,8.18279569892473,0.0,1.0,0.0,,0.434782608695652,3.0,4.0,11.0,,,0.0,7.67741935483871,,1.0,1.57692307692308,,,
hbase@0,328,9,0.0,0.7999999999999999,0.41962211858856113,,0.0,1.0,,0.0,5.0,,,2.0,,,0.38,1.0,58.0,2.0,2.0,21.0,1.0,7.0,2.0,2.0,0.0,,1.0,0.0,4.0,4.0,,,235.0,8.625,,1.0,1.7,,,
hbase@0,330,2,0.0,0.875,0.49032053128697384,,1.0,2.0,,0.0,1.0,,,2.0,,,0.21,0.0,50.0,2.0,0.0,17.0,2.0,5.5,1.0,1.0,0.0,,1.0,0.0,2.0,6.0,,,27.0,6.5,,1.0,1.71428571428571,,,
hbase@0,331,1,0.0,0.974850357211817,0.0059729439682553,,1.0,1.0,,0.0,1.0,,,2.0,,,0.19,0.0,50.0,2.0,0.0,21.0,2.0,6.08333333333333,1.0,1.0,0.0,,0.333333333333333,0.0,5.0,2.0,,,2.0,7.58333333333333,,1.0,1.75,,,
hbase@0,335,0,0.0009171654759606113,0.954527901139216,0.022485420496934385,,2.0,3.0,,1.0,11.0,,,0.0,,,0.5,0.0,65.0,2.0,1.0,19.0,1.0,5.71428571428571,1.0,1.0,0.0,,0.214285714285714,0.0,4.0,5.0,,,2.0,12.5714285714286,,1.0,2.44444444444444,,,
hbase@0,339,0,0.0,0.8224852071005917,0.04112426035502958,,1.0,2.0,,0.0,1.0,,,3.0,,,0.23,0.0,65.0,2.0,6.0,13.0,1.0,6.5,1.0,0.0,0.0,,0.333333333333333,0.0,3.0,3.0,,,51.0,6.4,,1.0,1.58333333333333,,,
hbase@0,342,5,0.6517680911805019,1.2815459322884188,0.792008962479686,,10.0,1.0,,7.0,3.0,,,3.0,,,0.27,0.0,100.0,2.0,6.0,13.0,6.0,5.85606060606061,0.0,1.0,0.0,,0.269230769230769,5.0,3.0,17.0,,,0.0,6.59848484848485,,0.0,0.863309352517986,,,
hbase@0,350,13,0.00589464293052692,0.9434803018977967,0.08726821289745039,,1.0,1.0,,2.0,4.0,,,0.0,,,0.42,0.0,85.0,1.0,0.0,29.0,2.0,7.32258064516129,0.0,0.0,0.0,,1.0,0.0,4.0,9.0,,,0.0,6.09677419354839,,1.0,1.08571428571429,,,
hbase@0,359,0,0.019186099214688893,0.7326512961136473,0.09357906698957234,,11.0,1.0,,0.0,5.0,,,0.0,,,0.59,0.0,90.0,1.0,0.0,6.0,1.0,5.90243902439024,1.0,1.0,0.0,,0.454545454545455,0.0,4.0,10.0,,,0.0,4.92682926829268,,1.0,1.0,,,
hbase@0,360,1,0.0,0.9738849198687005,0.00645408855718887,,6.0,2.0,,0.0,2.0,,,1.0,,,0.29,0.0,100.0,3.0,1.0,30.0,2.0,6.43548387096774,0.0,1.0,0.0,,0.333333333333333,0.0,2.0,8.0,,,0.0,5.24193548387097,,0.0,1.10526315789474,,,
hbase@0,409,0,0.0,0.5700000000000001,0.12433510638297872,,7.0,2.0,,1.0,6.0,,,1.0,,,0.42,0.0,80.0,2.0,7.0,13.0,2.0,6.0,0.0,1.0,0.0,,0.25,0.0,4.0,6.0,,,78.0,7.05,,1.0,1.20833333333333,,,
hbase@0,411,10,0.23405697303553616,0.8635438646887199,0.3934372088187271,,37.0,1.0,,27.0,6.0,,,14.0,,,0.46,1.0,97.0,1.0,4.0,0.0,2.0,10.2378640776699,0.0,0.0,0.0,,0.283950617283951,6.0,2.0,20.0,,,0.0,6.83980582524272,,1.0,1.02739726027397,,,
hbase@0,412,9,0.515827290330028,1.037655606053406,0.6251474533163086,,16.0,1.0,,8.0,4.0,,,29.0,,,0.3,0.0,96.0,3.0,2.0,230.0,7.0,5.9811320754717,0.0,1.0,0.0,,0.26984126984127,11.0,3.0,0.0,,,0.0,8.05031446540881,,1.0,1.21764705882353,,,
hbase@0,427,18,0.0,0.7727272727272729,0.10780885780885782,,14.0,2.0,,1.0,5.0,,,0.0,,,0.62,0.0,87.0,2.0,0.0,19.0,2.0,6.02380952380952,0.0,2.0,0.0,,0.333333333333333,0.0,6.0,6.0,,,38.0,6.5,,1.0,1.23913043478261,,,
hbase@0,428,10,0.00024135933577910777,0.9622513998841475,0.015444024222683018,,7.0,2.0,,2.0,2.0,,,0.0,,,0.31,0.0,87.0,2.0,2.0,19.0,2.0,4.02941176470588,0.0,1.0,0.0,,0.357142857142857,0.0,4.0,9.0,,,2.0,5.29411764705882,,1.0,1.3,,,
hbase@0,465,0,0.011479835967197633,0.723792819643279,0.0645040518522148,,11.0,1.0,,4.0,8.0,,,0.0,,,0.68,0.0,100.0,2.0,1.0,13.0,2.0,7.0,0.0,1.0,0.0,,0.363636363636364,0.0,4.0,8.0,,,2.0,6.96296296296296,,0.0,0.939393939393939,,,
hbase@0,466,2,0.0,0.9735952886657656,0.006612021513861721,,0.0,1.0,,0.0,2.0,,,0.0,,,2.25,0.0,100.0,1.0,1.0,18.0,2.0,2.5,0.0,0.0,0.0,,0.2,0.0,2.0,13.0,,,18.0,0.86,,1.0,0.0,,,
hbase@0,467,4,0.014755944345626538,0.6661569822674214,0.07191609460916334,,11.0,1.0,,1.0,3.0,,,0.0,,,0.44,0.0,92.0,1.0,2.0,19.0,2.0,7.61458333333333,0.0,1.0,0.0,,0.25,2.0,6.0,11.0,,,0.0,3.875,,1.0,0.613207547169811,,,
hbase@0,470,3,4.827186715582156e-05,0.9720023170496235,0.007603868465458331,,4.0,2.0,,1.0,5.0,,,5.0,,,0.37,2.0,87.0,2.0,0.0,23.0,4.0,8.48,0.0,1.0,0.0,,0.3,0.0,6.0,7.0,,,0.0,7.04,,1.0,1.37037037037037,,,
hbase@0,476,0,4.8271867155821676e-05,0.9692025487545858,0.009632686070558078,,12.0,1.0,,0.0,4.0,,,0.0,,,1.85,0.0,100.0,1.0,1.0,8.0,2.0,5.79545454545455,0.0,0.0,0.0,,0.363636363636364,0.0,4.0,7.0,,,18.0,0.818181818181818,,1.0,0.0,,,
hbase@0,479,15,0.02660985613300557,0.7334837290958799,0.10104067101403244,,25.0,2.0,,12.0,4.0,,,3.0,,,0.32,0.0,100.0,2.0,3.0,3.0,2.0,6.25806451612903,2.0,1.0,0.0,,0.333333333333333,0.0,2.0,9.0,,,0.0,5.96774193548387,,1.0,1.23287671232877,,,
hbase@0,494,6,0.0,0.8402366863905326,0.0584530853761623,,2.0,2.0,,1.0,5.0,,,8.0,,,0.35,0.0,86.0,2.0,0.0,13.0,2.0,5.7741935483871,1.0,1.0,0.0,,0.375,0.0,3.0,4.0,,,78.0,7.35483870967742,,1.0,1.69444444444444,,,
hbase@0,500,0,0.035502958579881644,0.9289940828402367,0.14642152719075793,,10.0,2.0,,12.0,5.0,,,0.0,,,0.58,0.0,87.0,1.0,0.0,3.0,2.0,5.55357142857143,1.0,1.0,0.0,,0.25,0.0,4.0,1.0,,,378.0,4.98214285714286,,1.0,1.03448275862069,,,
hbase@0,550,8,0.0,0.5272727272727273,0.09244992295839755,,1.0,4.0,,0.0,1.0,,,0.0,,,0.08,0.0,56.0,2.0,0.0,17.0,1.0,7.66666666666667,3.0,5.0,1.0,,0.6,0.0,2.0,3.0,,,39.0,19.5833333333333,,2.0,2.64285714285714,,,
hbase@0,589,13,0.023482818321272865,0.725516186072125,0.15695918577694928,,7.0,1.0,,6.0,0.0,,,9.0,,,0.08,0.0,89.0,1.0,2.0,37.0,2.0,0.0,0.0,1.0,0.0,,0.5,0.0,2.0,3.0,,,0.0,6.8961038961039,,0.0,1.34146341463415,,,
hbase@0,640,10,0.0,0.875,0.49032053128697384,,12.0,1.0,,21.0,4.0,,,0.0,,,0.51,0.0,90.0,1.0,1.0,9.0,2.0,6.0,2.0,1.0,0.0,,1.0,0.0,2.0,5.0,,,36.0,5.0,,1.0,0.894736842105263,,,
hbase@0,641,12,0.007971946956384863,0.9436742435510466,0.0923083651558239,,2.0,2.0,,55.0,7.0,,,1.0,,,0.63,0.0,86.0,1.0,2.0,18.0,2.0,7.95522388059702,0.0,0.0,0.0,,1.0,0.0,6.0,9.0,,,0.0,4.58208955223881,,1.0,1.22972972972973,,,
hbase@0,647,0,0.03433590259251988,0.7391302740939591,0.17632052472886983,,43.0,2.0,,4.0,2.0,,,2.0,,,0.28,0.0,100.0,3.0,3.0,13.0,2.0,4.91414141414141,0.0,0.0,0.0,,0.333333333333333,0.0,4.0,9.0,,,18.0,5.59090909090909,,0.0,0.858447488584475,,,
hbase@0,648,0,0.0,0.8106508875739645,0.029994364609749226,,0.0,2.0,,7.0,7.0,,,0.0,,,0.71,0.0,85.0,1.0,0.0,13.0,1.0,5.71428571428571,4.0,2.0,0.0,,0.666666666666667,0.0,3.0,5.0,,,3.0,5.42857142857143,,1.0,1.44444444444444,,,
hbase@0,701,3,0.0,0.9758157945549334,0.005636090286580979,,0.0,2.0,,66.0,6.0,,,1.0,,,0.62,0.0,87.0,2.0,3.0,18.0,1.0,9.52272727272727,0.0,1.0,0.0,,0.75,0.0,2.0,11.0,,,0.0,4.5,,1.0,0.927083333333333,,,
hbase@0,710,0,9.654373431164335e-05,0.96592006178799,0.012272072835951206,,2.0,1.0,,2.0,3.0,,,0.0,,,0.42,0.0,76.0,2.0,0.0,27.0,2.0,2.41666666666667,0.0,1.0,0.0,,0.125,0.0,2.0,6.0,,,0.0,4.95833333333333,,1.0,0.6,,,
hbase@0,717,0,0.11074708689023584,0.7153091290788761,0.18008900639632539,,2.0,1.0,,2.0,2.0,,,1.0,,,0.14,2.0,52.0,1.0,0.0,6.0,2.0,2.86440677966102,0.0,0.0,0.0,,1.0,0.0,4.0,11.0,,,0.0,9.16949152542373,,1.0,1.03076923076923,,,
hbase@0,719,8,0.120820820554161,0.7651971811758441,0.2626700890750352,,1.0,1.0,,2.0,4.0,,,0.0,,,0.16,5.0,73.0,1.0,1.0,3.0,2.0,5.09401709401709,0.0,0.0,0.0,,0.375,0.0,4.0,9.0,,,0.0,10.7777777777778,,1.0,0.524590163934426,,,
hbase@0,721,1,0.02614531062452422,0.7351688637236657,0.11973689638213415,,0.0,1.0,,4.0,5.0,,,0.0,,,0.24,4.0,78.0,1.0,0.0,9.0,2.0,3.35294117647059,1.0,1.0,0.0,,0.25,0.0,6.0,4.0,,,0.0,15.0,,1.0,0.904761904761905,,,
hbase@0,726,0,0.023668639053254427,0.9171597633136096,0.13464356156663848,,0.0,1.0,,3.0,3.0,,,0.0,,,0.22,2.0,68.0,1.0,0.0,3.0,2.0,5.1304347826087,1.0,1.0,0.0,,0.5,0.0,4.0,4.0,,,37.0,9.73913043478261,,1.0,0.615384615384615,,,
hbase@0,749,8,0.0,0.7142857142857145,0.3494286453950881,,0.0,1.0,,3.0,0.0,,,0.0,,,0.1,0.0,69.0,1.0,0.0,25.0,2.0,3.875,1.0,1.0,0.0,,1.0,0.0,4.0,0.0,,,71.0,8.5,,1.0,0.458333333333333,,,
hbase@0,753,13,0.0,0.5116279069767441,0.07965116279069766,,0.0,1.0,,1.0,0.0,,,0.0,,,0.06,0.0,96.0,1.0,0.0,21.0,2.0,1.69747899159664,0.0,1.0,0.0,,0.428571428571429,0.0,4.0,5.0,,,14.0,2.81512605042017,,1.0,0.286885245901639,,,
hbase@0,755,9,0.0,0.9472496887620713,0.0634965082438407,,0.0,2.0,,4.0,1.0,,,0.0,,,0.09,2.0,66.0,2.0,0.0,32.0,2.0,4.1,0.0,1.0,0.0,,1.0,0.0,4.0,4.0,,,2.0,8.7,,1.0,1.125,,,
hbase@0,758,0,0.0,0.625,0.29585235376732577,,0.0,1.0,,2.0,5.0,,,0.0,,,0.62,1.0,0.0,3.0,0.0,9.0,1.0,1.75,1.0,1.0,0.0,,1.0,0.0,1.0,4.0,,,5.0,6.5,,1.0,1.14285714285714,,,
hbase@0,777,0,0.06790447067643922,0.7443062846513662,0.2103660335654205,,1.0,1.0,,16.0,5.0,,,1.0,,,0.55,0.0,97.0,2.0,1.0,6.0,2.0,17.5104895104895,0.0,0.0,0.0,,0.225806451612903,4.0,5.0,14.0,,,0.0,5.17482517482518,,1.0,0.681818181818182,,,
hbase@0,832,6,0.0,0.5581395348837208,0.1137596899224806,,1.0,1.0,,0.0,2.0,,,0.0,,,0.22,2.0,78.0,1.0,1.0,21.0,1.0,4.14285714285714,1.0,1.0,0.0,,0.285714285714286,0.0,4.0,5.0,,,10.0,8.21428571428571,,1.0,0.75,,,
hbase@0,833,17,0.002715947360708076,0.8634051571087185,0.09999907742383929,,4.0,1.0,,6.0,2.0,,,4.0,,,0.24,1.0,78.0,1.0,1.0,21.0,2.0,4.4,1.0,1.0,0.0,,0.2,0.0,2.0,4.0,,,0.0,3.4,,1.0,1.11538461538462,,,
hbase@0,843,3,0.0035711831014198685,0.9455319691528361,0.06749568254336652,,4.0,1.0,,4.0,7.0,,,0.0,,,0.45,0.0,80.0,3.0,0.0,57.0,2.0,6.51219512195122,0.0,1.0,0.0,,1.0,0.0,4.0,3.0,,,0.0,10.609756097561,,1.0,0.787234042553192,,,
hbase@0,844,0,0.0,0.8224852071005917,0.04112426035502958,,2.0,1.0,,0.0,2.0,,,0.0,,,0.29,0.0,91.0,1.0,0.0,19.0,2.0,1.30909090909091,0.0,0.0,0.0,,0.153846153846154,0.0,2.0,10.0,,,23.0,4.72727272727273,,1.0,0.233333333333333,,,
hbase@0,848,0,0.02958579881656803,0.9230769230769232,0.14053254437869822,,2.0,2.0,,0.0,2.0,,,0.0,,,0.12,1.0,66.0,1.0,0.0,13.0,2.0,5.5625,0.0,1.0,0.0,,0.666666666666667,0.0,2.0,4.0,,,8.0,11.5625,,1.0,1.7,,,
hbase@0,852,0,4.8271867155821676e-05,0.9692025487545858,0.009632686070558078,,1.0,3.0,,0.0,34.0,,,0.0,,,0.54,15.0,33.0,1.0,0.0,29.0,2.0,3.375,0.0,1.0,0.0,,0.285714285714286,0.0,2.0,5.0,,,0.0,25.125,,1.0,1.09090909090909,,,
hbase@0,856,5,0.0,0.9760088820235566,0.005610555168447828,,0.0,1.0,,7.0,15.0,,,0.0,,,3.98,0.0,75.0,1.0,0.0,10.0,1.0,2.09090909090909,0.0,0.0,0.0,,1.0,0.0,1.0,4.0,,,2.0,4.36363636363636,,1.0,0.538461538461538,,,
hbase@0,874,5,0.023625805831225994,0.7369380497236834,0.12343145635582435,,47.0,1.0,,6.0,0.0,,,22.0,,,0.16,0.0,100.0,3.0,9.0,9.0,2.0,3.48484848484848,0.0,0.0,0.0,,0.4,0.0,3.0,6.0,,,0.0,3.89393939393939,,0.0,0.426900584795322,,,
hbase@0,880,9,0.0,0.9739814636030122,0.006402668524783756,,6.0,1.0,,2.0,2.0,,,0.0,,,0.34,0.0,44.0,1.0,0.0,14.0,2.0,1.78571428571429,0.0,0.0,0.0,,0.333333333333333,0.0,3.0,4.0,,,2.0,6.5,,1.0,0.238095238095238,,,
hbase@0,889,16,1.2228959672187487e-17,0.6582073813708255,0.023594101768822984,,0.0,1.0,,0.0,4.0,,,0.0,,,0.32,1.0,86.0,3.0,1.0,37.0,2.0,4.4,0.0,1.0,0.0,,0.294117647058824,0.0,5.0,11.0,,,101.0,8.78125,,1.0,0.694444444444444,,,
hbase@0,892,0,0.005917159763313619,0.8875739644970414,0.10522682445759367,,8.0,2.0,,9.0,1.0,,,1.0,,,0.17,1.0,80.0,3.0,0.0,13.0,1.0,4.13636363636364,1.0,1.0,0.0,,0.4,0.0,3.0,2.0,,,115.0,7.72727272727273,,1.0,1.23076923076923,,,
hbase@0,896,1,0.18169764000487987,0.8202069749557189,0.32425125002652333,,2.0,1.0,,3.0,3.0,,,2.0,,,0.15,3.0,90.0,3.0,1.0,0.0,2.0,4.25490196078431,0.0,1.0,0.0,,0.25,0.0,3.0,14.0,,,0.0,13.078431372549,,1.0,1.57894736842105,,,
hbase@0,899,0,0.0,0.8224852071005917,0.04112426035502958,,3.0,1.0,,4.0,1.0,,,0.0,,,0.22,1.0,84.0,4.0,0.0,13.0,2.0,4.5,0.0,2.0,0.0,,0.4,0.0,1.0,6.0,,,6.0,7.07142857142857,,1.0,0.9,,,
hbase@0,913,14,0.0,0.75,0.37454769301413565,,0.0,1.0,,2.0,0.0,,,0.0,,,0.09,5.0,44.0,1.0,0.0,24.0,1.0,4.5,1.0,1.0,0.0,,1.0,0.0,3.0,3.0,,,329.0,11.8,,1.0,0.583333333333333,,,
hbase@0,927,0,0.003777222693359617,0.7270907139520602,0.14692137822519988,,2.0,2.0,,2.0,4.0,,,1.0,,,0.27,1.0,77.0,3.0,1.0,3.0,2.0,4.37142857142857,0.0,1.0,0.0,,0.294117647058824,0.0,5.0,4.0,,,0.0,10.6857142857143,,1.0,1.14285714285714,,,
hbase@0,929,0,0.012139148738598587,0.7286228149638239,0.13153851757392654,,1.0,1.0,,1.0,5.0,,,0.0,,,0.21,3.0,80.0,3.0,0.0,0.0,1.0,7.34782608695652,0.0,1.0,0.0,,0.4,0.0,7.0,4.0,,,0.0,14.8695652173913,,1.0,1.52,,,
hbase@0,938,1,0.0008316103981642396,0.7260368590350377,0.07532754609099773,,0.0,1.0,,3.0,3.0,,,0.0,,,0.21,1.0,75.0,2.0,0.0,9.0,2.0,2.92857142857143,0.0,0.0,0.0,,0.571428571428571,0.0,5.0,8.0,,,2.0,9.96428571428571,,1.0,1.03125,,,
hbase@0,941,0,0.017751479289940822,0.9112426035502958,0.12875457875457874,,0.0,1.0,,7.0,1.0,,,4.0,,,0.12,1.0,100.0,2.0,1.0,13.0,2.0,7.28169014084507,0.0,0.0,0.0,,0.357142857142857,0.0,2.0,6.0,,,426.0,8.57746478873239,,0.0,0.916666666666667,,,
hbase@0,944,13,0.05676934499323897,0.7988001609415942,0.3532135039870685,,4.0,1.0,,2.0,3.0,,,0.0,,,0.28,2.0,66.0,1.0,0.0,27.0,2.0,3.28571428571429,0.0,0.0,0.0,,1.0,0.0,4.0,8.0,,,2.0,3.4,,1.0,1.04166666666667,,,
hbase@0,948,15,0.00017264109875598463,0.6840521283464336,0.056502407540916934,,0.0,1.0,,1.0,4.0,,,4.0,,,0.28,1.0,76.0,2.0,1.0,45.0,2.0,4.45454545454545,0.0,1.0,0.0,,0.454545454545455,0.0,3.0,7.0,,,0.0,11.3030303030303,,1.0,0.568181818181818,,,
hbase@0,951,13,0.0,0.9755744352191543,0.005694331343692895,,2.0,1.0,,2.0,1.0,,,0.0,,,0.14,1.0,70.0,2.0,0.0,26.0,2.0,3.45,0.0,0.0,0.0,,0.5,0.0,3.0,1.0,,,0.0,6.05,,1.0,0.666666666666667,,,
hbase@0,1002,0,0.0,0.8333333333333335,0.4503998963663391,,0.0,1.0,,2.0,5.0,,,0.0,,,0.28,1.0,50.0,1.0,0.0,19.0,2.0,2.44444444444444,1.0,1.0,0.0,,1.0,0.0,1.0,3.0,,,4.0,9.33333333333333,,1.0,0.692307692307692,,,
hbase@0,1006,7,0.039650537587061795,0.46033663454798246,0.19642285506513646,,0.0,1.0,,1.0,4.0,,,0.0,,,0.27,1.0,44.0,3.0,0.0,27.0,1.0,3.0,0.0,1.0,0.0,,1.0,0.0,4.0,5.0,,,13.0,8.38888888888889,,1.0,0.666666666666667,,,
hbase@0,1036,0,0.01611858093626149,0.7400964628406492,0.1534566998990172,,6.0,1.0,,2.0,5.0,,,3.0,,,0.29,2.0,72.0,1.0,0.0,9.0,2.0,6.17391304347826,0.0,1.0,0.0,,0.461538461538462,0.0,4.0,7.0,,,2.0,11.5652173913043,,1.0,0.935897435897436,,,
hbase@0,1125,10,0.002658249346654033,0.9338547655840702,0.06020805355774793,,1.0,1.0,,64.0,7.0,,,0.0,,,0.4,0.0,97.0,2.0,0.0,123.0,1.0,9.41538461538462,0.0,1.0,0.0,,1.0,0.0,2.0,10.0,,,0.0,12.5692307692308,,1.0,1.78571428571429,,,
hbase@0,1126,14,0.10485286341870967,0.5393305691934438,0.2914645511962284,,0.0,1.0,,64.0,0.0,,,0.0,,,0.67,0.0,0.0,1.0,0.0,136.0,1.0,4.72307692307692,0.0,1.0,0.0,,0.333333333333333,0.0,3.0,4.0,,,0.0,7.10769230769231,,1.0,0.434782608695652,,,
hbase@0,1127,11,0.0,0.9755261633519984,0.005707973393106497,,0.0,1.0,,15.0,5.0,,,0.0,,,0.73,0.0,0.0,1.0,0.0,32.0,1.0,3.4375,0.0,1.0,0.0,,0.5,0.0,3.0,1.0,,,0.0,5.375,,1.0,0.944444444444444,,,
hbase@0,1363,0,0.0,0.9757192508206218,0.005656203564562573,,1.0,2.0,,0.0,4.0,,,0.0,,,0.47,0.0,60.0,2.0,1.0,9.0,3.0,3.2,0.0,0.0,0.0,,0.333333333333333,0.0,2.0,2.0,,,2.0,4.8,,1.0,1.22222222222222,,,
hbase@0,1397,11,0.029003428533881194,0.5280297307172963,0.25996194885487356,,3.0,6.0,,0.0,20.0,,,0.0,,,0.17,3.0,50.0,2.0,2.0,8.0,1.0,3.16666666666667,2.0,1.0,0.0,,0.5,0.0,1.0,2.0,,,0.0,2.0,,1.0,1.11111111111111,,,
hbase@0,1399,0,0.0,0.9760571538907125,0.005607407003198536,,5.0,2.0,,0.0,8.0,,,1.0,,,0.55,3.0,100.0,2.0,1.0,10.0,1.0,5.35,0.0,1.0,0.0,,0.333333333333333,0.0,1.0,2.0,,,2.0,7.45,,0.0,1.78260869565217,,,
hbase@0,1416,0,0.0,0.8165680473372782,0.03548887010425472,,0.0,2.0,,0.0,8.0,,,0.0,,,0.82,1.0,50.0,1.0,0.0,13.0,1.0,4.66666666666667,2.0,1.0,0.0,,0.636363636363636,0.0,1.0,3.0,,,71.0,6.16666666666667,,1.0,1.5,,,
hbase@0,1417,0,0.0,0.7,0.3395911103810824,,0.0,1.0,,0.0,2.0,,,1.0,,,0.41,1.0,50.0,3.0,0.0,18.0,2.0,3.5,1.0,1.0,0.0,,1.0,0.0,1.0,2.0,,,62.0,7.83333333333333,,1.0,0.875,,,
hbase@0,1419,12,0.002785967491265636,0.9431455221385299,0.060284914994977186,,4.0,1.0,,0.0,8.0,,,0.0,,,0.52,2.0,83.0,1.0,0.0,44.0,2.0,5.40740740740741,1.0,0.0,0.0,,1.0,0.0,1.0,3.0,,,2.0,9.51851851851852,,1.0,1.27586206896552,,,
hbase@0,1437,0,0.0,0.9753330758833751,0.005771636290369971,,2.0,2.0,,0.0,3.0,,,8.0,,,0.42,0.0,80.0,1.0,2.0,24.0,1.0,4.30769230769231,1.0,0.0,0.0,,0.285714285714286,0.0,3.0,2.0,,,2.0,5.69230769230769,,1.0,1.17647058823529,,,
hbase@0,1444,0,0.0,0.75,0.37454769301413565,,27.0,1.0,,9.0,6.0,,,0.0,,,0.79,0.0,88.0,1.0,1.0,16.0,2.0,6.75,1.0,1.0,0.0,,1.0,0.0,2.0,1.0,,,42.0,4.32142857142857,,1.0,0.915254237288136,,,
hbase@0,1445,0,0.06709476382288351,0.6782043885483313,0.1917250317888184,,8.0,1.0,,7.0,2.0,,,3.0,,,0.33,0.0,93.0,1.0,1.0,13.0,2.0,4.87234042553191,0.0,1.0,0.0,,0.243243243243243,5.0,4.0,7.0,,,2.0,6.84042553191489,,1.0,0.919191919191919,,,
hbase@0,1461,0,0.0,0.6874999999999999,0.3312161103810824,,7.0,1.0,,0.0,6.0,,,0.0,,,0.67,0.0,65.0,1.0,0.0,19.0,2.0,5.23076923076923,1.0,1.0,0.0,,1.0,0.0,1.0,2.0,,,66.0,5.76923076923077,,1.0,0.941176470588235,,,
hbase@0,1467,7,0.018501338392748302,0.907354571102996,0.0873053108404958,,15.0,1.0,,6.0,4.0,,,6.0,,,0.44,0.0,94.0,2.0,2.0,24.0,3.0,5.58730158730159,0.0,1.0,0.0,,1.0,0.0,2.0,6.0,,,0.0,5.20634920634921,,1.0,1.07575757575758,,,
hbase@0,1498,0,0.0,0.9755744352191543,0.005694331343692895,,3.0,2.0,,0.0,5.0,,,3.0,,,0.45,0.0,74.0,1.0,3.0,11.0,2.0,4.66666666666667,1.0,1.0,0.0,,0.333333333333333,0.0,1.0,3.0,,,2.0,4.26666666666667,,1.0,1.05263157894737,,,
hbase@0,1516,0,0.0,0.8224852071005917,0.04112426035502958,,0.0,1.0,,2.0,1.0,,,0.0,,,0.2,1.0,70.0,1.0,0.0,13.0,1.0,4.41666666666667,1.0,1.0,0.0,,0.75,0.0,1.0,1.0,,,158.0,8.58333333333333,,1.0,0.857142857142857,,,
hbase@0,1519,0,0.0,0.6666666666666665,0.3175057929207648,,0.0,1.0,,3.0,4.0,,,0.0,,,0.37,1.0,64.0,1.0,0.0,17.0,1.0,3.375,2.0,1.0,0.0,,1.0,0.0,1.0,2.0,,,11.0,7.25,,1.0,1.1,,,
hbase@0,1528,5,0.0,0.8333333333333335,0.4503998963663391,,0.0,1.0,,6.0,1.0,,,0.0,,,0.25,1.0,60.0,1.0,0.0,21.0,1.0,4.28571428571429,1.0,2.0,0.0,,1.0,0.0,1.0,3.0,,,7.0,7.42857142857143,,1.0,1.88888888888889,,,
hbase@0,1529,0,0.0,0.8106508875739645,0.029994364609749226,,0.0,1.0,,6.0,1.0,,,0.0,,,0.22,1.0,60.0,1.0,0.0,19.0,1.0,3.71428571428571,1.0,2.0,0.0,,0.5,0.0,1.0,2.0,,,6.0,7.57142857142857,,1.0,2.22222222222222,,,
hbase@0,1541,1,0.0,0.9743193666731029,0.00622969433414206,,2.0,1.0,,1.0,3.0,,,0.0,,,0.29,0.0,55.0,2.0,1.0,18.0,2.0,2.25,0.0,0.0,0.0,,0.5,0.0,2.0,1.0,,,0.0,8.5,,1.0,0.785714285714286,,,
hbase@0,1556,17,0.0012163548904261898,0.9441720922531293,0.048631014256642,,0.0,1.0,,4.0,6.0,,,0.0,,,0.35,3.0,70.0,1.0,0.0,33.0,1.0,4.81818181818182,1.0,1.0,0.0,,1.0,0.0,1.0,2.0,,,6.0,10.7272727272727,,1.0,0.846153846153846,,,
hbase@0,1564,9,0.0,0.5116279069767441,0.07965116279069766,,1.0,2.0,,1.0,3.0,,,0.0,,,0.2,2.0,25.0,3.0,0.0,24.0,1.0,4.0,1.0,0.0,0.0,,1.0,0.0,1.0,1.0,,,20.0,15.9166666666667,,1.0,1.4375,,,
hbase@0,1568,6,0.00037426304320805845,0.9465324412207806,0.07255951460460222,,6.0,1.0,,2.0,6.0,,,0.0,,,0.44,0.0,41.0,1.0,0.0,28.0,2.0,2.64285714285714,0.0,0.0,0.0,,1.0,0.0,1.0,4.0,,,6.0,7.92857142857143,,1.0,0.578947368421053,,,
hbase@0,1598,0,0.0,0.75,0.37454769301413565,,0.0,1.0,,3.0,4.0,,,0.0,,,0.4,2.0,63.0,1.0,0.0,25.0,1.0,4.66666666666667,0.0,2.0,0.0,,1.0,0.0,1.0,1.0,,,4.0,10.4,,1.0,0.705882352941177,,,
hbase@0,1602,6,0.0,0.75,0.37454769301413565,,0.0,1.0,,19.0,4.0,,,0.0,,,0.43,0.0,89.0,1.0,0.0,21.0,2.0,7.0,2.0,1.0,0.0,,1.0,0.0,1.0,3.0,,,68.0,4.6,,1.0,1.0,,,
hbase@0,1605,7,0.006385178858465704,0.7324027930558332,0.07863698693485524,,1.0,1.0,,3.0,4.0,,,0.0,,,0.29,2.0,51.0,1.0,0.0,13.0,2.0,4.69230769230769,2.0,1.0,0.0,,0.3,0.0,1.0,4.0,,,0.0,11.1538461538462,,1.0,1.3125,,,
hbase@0,1607,0,0.0,0.7,0.3395911103810824,,0.0,1.0,,2.0,1.0,,,0.0,,,0.23,0.0,71.0,1.0,0.0,19.0,1.0,4.35714285714286,0.0,0.0,0.0,,1.0,0.0,1.0,2.0,,,65.0,5.92857142857143,,1.0,0.5,,,
hbase@1,10,0,0.10000000000000006,1.1,0.6718336483931948,,0.0,2.0,0.0,,7.0,,,5.0,,,0.47,0.0,81.0,2.0,0.0,23.0,1.0,5.71428571428571,1.0,1.0,0.0,,0.533333333333333,0.0,4.0,4.0,,133.0,,7.0,0.0,1.0,1.625,,,
hbase@1,19,4,0.0,0.8333333333333335,0.36020192239719506,,0.0,1.0,0.0,,5.0,,,0.0,,,0.95,0.0,86.0,3.0,0.0,5.0,3.0,20.5555555555556,1.0,1.0,0.0,,0.0,0.0,4.0,3.0,,186.0,,2.66666666666667,2.0,1.0,0.586206896551724,,,
hbase@1,20,13,1.5612704971852849,2.4299846827084246,1.7256036516145001,,1.0,1.0,1.0,,5.0,,,0.0,,,0.64,0.0,94.0,2.0,27.0,98.0,3.0,7.37185929648241,0.0,0.0,0.0,,0.0,7.0,4.0,18.0,,25.0,,4.24120603015075,0.0,1.0,0.435146443514644,,,
hbase@1,21,6,0.10775029995804922,0.8567490089998369,0.45318007931102094,,45.0,1.0,1.0,,4.0,,,0.0,,,2.36,0.0,100.0,2.0,2.0,14.0,2.0,2.84745762711864,0.0,0.0,0.0,,0.0,0.0,4.0,4.0,,326.0,,0.779661016949153,7.0,1.0,0.0,,,
hbase@1,22,7,0.5266214964478629,1.0630977316722843,0.5855304273973907,,42.0,1.0,6.0,,1.0,,,16.0,,,1.86,0.0,97.0,3.0,4.0,72.0,3.0,3.41706161137441,0.0,0.0,0.0,,0.0,8.0,4.0,15.0,,25.0,,3.62085308056872,0.0,1.0,0.518828451882845,,,
hbase@1,23,5,0.5155948951976929,1.3375691357169037,0.7198659612172159,,1.0,1.0,1.0,,4.0,,,1.0,,,0.59,0.0,91.0,2.0,1.0,15.0,2.0,17.1,1.0,1.0,0.0,,0.428571428571429,5.0,6.0,10.0,,553.0,,4.21818181818182,1.0,1.0,0.438848920863309,,,
hbase@1,30,0,0.0,0.7,0.27863894139886575,,0.0,1.0,1.0,,5.0,,,1.0,,,0.68,0.0,89.0,4.0,0.0,7.0,2.0,4.85714285714286,0.0,1.0,0.0,,0.444444444444444,0.0,2.0,4.0,,100.0,,4.85714285714286,2.0,1.0,1.0625,,,
hbase@1,39,11,0.0013736263736260055,0.7307692307692311,0.2748878506035315,,4.0,1.0,2.0,,4.0,,,1.0,,,0.7,0.0,86.0,3.0,4.0,10.0,4.0,10.8333333333333,1.0,1.0,0.0,,0.0,0.0,3.0,5.0,,148.0,,3.25,6.0,1.0,0.769230769230769,,,
hbase@1,44,0,0.0,0.9000000000000001,0.4722117202268431,,0.0,2.0,0.0,,7.0,,,0.0,,,1.13,0.0,0.0,4.0,0.0,6.0,3.0,56.7142857142857,2.0,2.0,0.0,,0.4,0.0,3.0,3.0,,148.0,,4.57142857142857,2.0,1.0,0.8125,,,
hbase@1,47,7,0.0,0.8333333333333335,0.36020192239719506,,0.0,1.0,3.0,,8.0,,,2.0,,,0.97,0.0,90.0,1.0,0.0,5.0,2.0,18.3333333333333,2.0,1.0,0.0,,0.0,0.0,3.0,5.0,,329.0,,3.72727272727273,2.0,1.0,0.638888888888889,,,
hbase@1,54,18,0.0,0.8000000000000002,0.37372400756143676,,0.0,1.0,4.0,,4.0,,,2.0,,,0.33,0.0,81.0,2.0,0.0,22.0,1.0,4.76923076923077,1.0,1.0,0.0,,0.583333333333333,0.0,5.0,3.0,,80.0,,6.07692307692308,2.0,1.0,1.93333333333333,,,
hbase@1,185,11,0.6023548163062405,1.0022874397416928,0.7877224202895032,,0.0,1.0,4.0,,7.0,,,0.0,,,0.39,0.0,98.0,2.0,0.0,150.0,1.0,6.9,0.0,1.0,0.0,,0.0,6.0,2.0,3.0,,603.0,,11.8625,0.0,1.0,1.62352941176471,,,
hbase@1,186,4,0.4956029970637104,1.4382373253854766,0.6700863443951336,,0.0,1.0,0.0,,7.0,,,0.0,,,0.63,0.0,0.0,1.0,0.0,146.0,1.0,4.72857142857143,0.0,1.0,0.0,,0.538461538461538,0.0,3.0,7.0,,143.0,,7.61428571428571,1.0,1.0,0.472972972972973,,,
hbase@1,187,0,0.0,0.6000000000000001,0.20018903591682422,,0.0,1.0,1.0,,5.0,,,0.0,,,0.66,0.0,93.0,1.0,0.0,35.0,1.0,3.1875,0.0,1.0,0.0,,0.6,0.0,3.0,2.0,,115.0,,5.8125,2.0,1.0,1.33333333333333,,,
hbase@1,224,17,0.00700525394045534,0.9929947460595446,0.18616993047816166,,0.0,3.0,5.0,,2.0,,,0.0,,,0.24,0.0,84.0,1.0,0.0,3.0,1.0,9.03571428571429,1.0,1.0,0.0,,0.571428571428571,0.0,4.0,5.0,,37.0,,6.5,3.0,1.0,2.53333333333333,,,
hbase@1,227,0,0.0,0.6000000000000001,0.20018903591682422,,0.0,3.0,5.0,,10.0,,,0.0,,,0.33,3.0,60.0,1.0,0.0,2.0,1.0,12.75,6.0,3.0,0.0,,0.333333333333333,0.0,1.0,5.0,,61.0,,14.25,2.0,1.0,2.5,,,
hbase@1,231,0,0.3855442519169459,1.1319107469458274,0.5474069644495804,,0.0,2.0,9.0,,6.0,,,1.0,,,0.6,0.0,88.0,2.0,3.0,10.0,1.0,10.2934782608696,0.0,1.0,0.0,,0.545454545454545,0.0,2.0,11.0,,666.0,,4.71739130434783,0.0,1.0,0.94,,,
hbase@1,257,16,0.0,0.8000000000000002,0.37372400756143676,,0.0,1.0,197.0,,0.0,,,0.0,,,1.41,0.0,100.0,1.0,0.0,3.0,1.0,0.0,0.0,1.0,0.0,,0.407407407407407,9.0,4.0,16.0,,402.0,,1.0,0.0,0.0,0.0,,,
hbase@1,291,6,0.0,0.75,0.28729378367272973,,0.0,2.0,24.0,,9.0,,,0.0,,,0.76,0.0,96.0,1.0,0.0,1.0,1.0,9.83333333333333,1.0,1.0,0.0,,0.0,0.0,3.0,2.0,,116.0,,4.33333333333333,2.0,1.0,2.125,,,
hbase@1,349,10,0.057828089210896834,0.7135249358881749,0.39498094111730564,,0.0,2.0,2.0,,2.0,,,0.0,,,0.37,0.0,100.0,2.0,0.0,23.0,3.0,4.125,0.0,0.0,0.0,,0.333333333333333,0.0,1.0,3.0,,74.0,,6.375,3.0,1.0,0.5,,,
hbase@1,455,0,0.0,1.0,0.5718336483931947,,0.0,1.0,6.0,,2.0,,,2.0,,,0.27,1.0,74.0,2.0,0.0,16.0,3.0,2.88235294117647,0.0,0.0,0.0,,0.333333333333333,0.0,3.0,2.0,,75.0,,5.70588235294118,0.0,1.0,0.708333333333333,,,
hbase@1,545,8,0.14285714285714288,1.1428571428571428,0.5470869912210694,,262.0,1.0,223.0,,0.0,,,109.0,,,0.02,0.0,99.0,2.0,3.0,55.0,2.0,2.61400778210117,0.0,0.0,0.0,,0.6,0.0,3.0,1.0,,399.0,,3.49066147859922,5.0,0.0,0.448443944506937,,,
hbase@1,563,0,0.0,0.7727272727272727,0.04551499032882012,,57.0,1.0,46.0,,0.0,,,24.0,,,0.02,0.0,97.0,2.0,2.0,15.0,2.0,2.25150905432596,0.0,0.0,0.0,,0.833333333333333,0.0,1.0,1.0,,90.0,,3.39034205231388,2.0,1.0,0.442084942084942,,,
hbase@1,574,15,0.14505595469839905,1.0239622863585993,0.2816876251955377,,4.0,1.0,1.0,,6.0,,,0.0,,,0.74,0.0,66.0,1.0,0.0,7.0,1.0,6.11111111111111,3.0,1.0,0.0,,0.222222222222222,0.0,4.0,2.0,,83.0,,4.7037037037037,6.0,1.0,0.620689655172414,,,
hbase@1,585,0,0.0,0.7,0.27863894139886575,,0.0,1.0,0.0,,0.0,,,0.0,,,0.06,0.0,0.0,1.0,4.0,9.0,2.0,0.0153846153846154,0.0,0.0,0.0,,0.25,0.0,4.0,3.0,,18.0,,0.0153846153846154,2.0,1.0,0.0,,,
hbase@1,586,0,0.0,0.8000000000000002,0.37372400756143676,,0.0,1.0,0.0,,0.0,,,0.0,,,0.06,0.0,0.0,1.0,22.0,24.0,2.0,0.737704918032787,0.0,0.0,0.0,,0.333333333333333,0.0,5.0,5.0,,19.0,,0.491803278688525,1.0,1.0,0.0,,,
hbase@1,589,0,0.0,0.6000000000000001,0.20018903591682422,,2.0,1.0,7.0,,1.0,,,5.0,,,0.32,0.0,89.0,2.0,4.0,17.0,2.0,7.21538461538462,0.0,1.0,0.0,,0.2,0.0,4.0,3.0,,159.0,,2.83076923076923,4.0,1.0,0.363636363636364,,,
hbase@1,592,10,0.0,0.8284146539176268,0.38554352394586744,,63.0,1.0,0.0,,6.0,,,0.0,,,2.68,0.0,0.0,1.0,3.0,8.0,1.0,1.0,1.0,0.0,0.0,,0.333333333333333,0.0,4.0,1.0,,453.0,,0.0158730158730159,1.0,1.0,0.0,,,
hbase@1,593,4,0.007822359357972642,0.5297929462376139,0.2278821917088,,0.0,1.0,0.0,,4.0,,,0.0,,,0.85,0.0,50.0,2.0,0.0,14.0,3.0,1.75,0.0,0.0,0.0,,0.0,0.0,2.0,2.0,,64.0,,4.5,2.0,1.0,2.16666666666667,,,
hbase@1,597,4,0.061375434962553474,0.6131537654380886,0.29091716076196067,,59.0,1.0,0.0,,11.0,,,0.0,,,3.47,0.0,0.0,1.0,1.0,23.0,1.0,0.88135593220339,0.0,0.0,0.0,,0.0,0.0,5.0,5.0,,700.0,,0.423728813559322,1.0,1.0,0.0,,,
hbase@1,622,0,0.0,0.6000000000000001,0.20018903591682422,,0.0,2.0,0.0,,2.0,,,1.0,,,0.36,1.0,75.0,2.0,0.0,6.0,2.0,3.5,0.0,1.0,0.0,,0.5,0.0,4.0,4.0,,81.0,,3.875,2.0,1.0,1.14814814814815,,,
hbase@1,661,5,0.1986100665902135,1.165269283434589,0.3926845972877368,,6.0,1.0,12.0,,2.0,,,2.0,,,0.43,0.0,92.0,2.0,0.0,15.0,3.0,5.09090909090909,1.0,1.0,0.0,,0.666666666666667,0.0,2.0,11.0,,30.0,,4.23636363636364,3.0,1.0,0.683333333333333,,,
hbase@1,682,0,0.0,0.9000000000000001,0.4722117202268431,,17.0,2.0,20.0,,3.0,,,12.0,,,0.27,0.0,95.0,2.0,1.0,29.0,2.0,5.5929203539823,0.0,1.0,0.0,,0.705882352941177,0.0,1.0,6.0,,505.0,,6.69026548672566,2.0,1.0,1.25,,,
hbase@1,717,7,0.20700942434102065,0.7390879130841794,0.27813674237511715,,3.0,2.0,4.0,,4.0,,,4.0,,,1.86,2.0,88.0,2.0,4.0,34.0,2.0,5.875,1.0,1.0,0.0,,0.666666666666667,0.0,3.0,10.0,,83.0,,10.5,0.0,1.0,1.4,,,
hbase@1,733,0,0.0,0.9000000000000001,0.4722117202268431,,2.0,1.0,1.0,,12.0,,,0.0,,,0.89,0.0,83.0,1.0,0.0,24.0,1.0,7.125,2.0,1.0,0.0,,0.444444444444444,0.0,6.0,2.0,,314.0,,6.0,1.0,1.0,1.0,,,
hbase@1,744,14,0.6038799378055051,1.2492306873723347,0.7676242414712653,,19.0,2.0,2.0,,8.0,,,4.0,,,0.42,1.0,92.0,3.0,2.0,10.0,2.0,8.4950495049505,0.0,1.0,0.0,,0.0,7.0,4.0,14.0,,918.0,,3.6,4.0,1.0,1.5,,,
hbase@1,749,0,0.0,0.75,0.28729378367272973,,3.0,6.0,2.0,,20.0,,,0.0,,,0.66,3.0,50.0,2.0,2.0,8.0,1.0,3.16666666666667,2.0,1.0,0.0,,0.0,0.0,1.0,4.0,,161.0,,8.66666666666667,2.0,1.0,1.11111111111111,,,
hbase@1,754,0,0.0,0.9000000000000001,0.4722117202268431,,27.0,1.0,26.0,,1.0,,,13.0,,,0.34,1.0,78.0,3.0,5.0,26.0,1.0,4.38,1.0,1.0,0.0,,0.25,0.0,2.0,3.0,,199.0,,3.7,2.0,1.0,0.909090909090909,,,
hbase@1,771,0,0.0,1.0,0.5718336483931947,,0.0,1.0,1.0,,5.0,,,2.0,,,0.36,1.0,55.0,2.0,2.0,23.0,1.0,7.875,2.0,2.0,0.0,,0.3,0.0,4.0,5.0,,66.0,,9.5,2.0,1.0,1.8,,,
hbase@1,777,0,0.0,0.8000000000000002,0.37372400756143676,,1.0,2.0,1.0,,4.0,,,0.0,,,0.32,1.0,50.0,3.0,0.0,11.0,1.0,4.66666666666667,0.0,1.0,0.0,,0.375,0.0,3.0,2.0,,45.0,,8.0,2.0,1.0,2.125,,,
hbase@1,780,0,0.1264675294273105,0.6832812447774814,0.29199134889057843,,2.0,3.0,1.0,,9.0,,,0.0,,,0.41,1.0,67.0,2.0,1.0,22.0,1.0,6.375,1.0,1.0,0.0,,0.4,0.0,5.0,4.0,,99.0,,12.5,2.0,1.0,1.1,,,
hbase@1,782,0,0.0,0.7,0.27863894139886575,,0.0,1.0,0.0,,0.0,,,2.0,,,0.38,0.0,0.0,3.0,0.0,11.0,1.0,3.5,1.0,3.0,0.0,,0.25,0.0,3.0,4.0,,22.0,,5.5,2.0,1.0,0.833333333333333,,,
hbase@1,784,17,0.11850749688734317,0.6250586224539786,0.2441104492632339,,1.0,1.0,1.0,,1.0,,,4.0,,,0.39,0.0,100.0,2.0,6.0,18.0,1.0,6.27272727272727,1.0,0.0,0.0,,1.0,0.0,3.0,5.0,,46.0,,5.81818181818182,0.0,1.0,1.46153846153846,,,
hbase@1,787,0,0.08696327838271567,0.8637863669145064,0.5346548071444481,,13.0,1.0,2.0,,3.0,,,3.0,,,0.25,0.0,100.0,2.0,6.0,249.0,6.0,5.81528662420382,0.0,1.0,0.0,,0.8,7.0,4.0,21.0,,568.0,,6.81528662420382,1.0,0.0,0.914634146341463,,,
hbase@1,788,0,0.09111759252143765,0.6828933475782936,0.3489786788014215,,1.0,2.0,2.0,,1.0,,,1.0,,,0.15,1.0,71.0,3.0,0.0,14.0,1.0,2.8,1.0,1.0,0.0,,0.0,0.0,2.0,6.0,,32.0,,6.6,2.0,1.0,1.46153846153846,,,
hbase@1,790,0,0.0,0.8000000000000002,0.37372400756143676,,21.0,4.0,1.0,,0.0,,,1.0,,,0.02,0.0,97.0,2.0,0.0,15.0,2.0,4.44117647058824,1.0,1.0,0.0,,0.333333333333333,0.0,5.0,3.0,,28.0,,5.27941176470588,0.0,1.0,2.77464788732394,,,
hbase@1,792,2,0.1870361298073241,0.9217295437118317,0.5753571102660742,,2.0,1.0,3.0,,4.0,,,0.0,,,0.43,0.0,87.0,1.0,0.0,31.0,2.0,7.17647058823529,0.0,0.0,0.0,,0.0,0.0,5.0,9.0,,189.0,,5.61764705882353,1.0,1.0,1.05263157894737,,,
hbase@1,793,0,0.0,0.9000000000000001,0.4722117202268431,,20.0,1.0,0.0,,5.0,,,0.0,,,3.04,0.0,0.0,2.0,2.0,14.0,1.0,3.51851851851852,0.0,0.0,0.0,,0.583333333333333,0.0,3.0,6.0,,161.0,,0.518518518518518,2.0,1.0,0.0,,,
hbase@1,800,17,0.16495785179373296,0.9378557349708343,0.6105610083433719,,12.0,1.0,5.0,,5.0,,,0.0,,,0.59,0.0,90.0,1.0,0.0,26.0,1.0,5.88636363636364,1.0,1.0,0.0,,1.0,0.0,4.0,10.0,,323.0,,4.84090909090909,0.0,1.0,1.02173913043478,,,
hbase@1,805,0,0.0,0.9000000000000001,0.4722117202268431,,0.0,1.0,1.0,,1.0,,,2.0,,,0.31,0.0,67.0,3.0,0.0,21.0,2.0,3.1,1.0,1.0,0.0,,0.375,0.0,2.0,5.0,,40.0,,6.6,2.0,1.0,0.666666666666667,,,
hbase@1,809,0,0.10000000000000006,1.1,0.6718336483931948,,4.0,1.0,10.0,,8.0,,,0.0,,,0.55,2.0,84.0,1.0,0.0,46.0,2.0,6.07142857142857,1.0,0.0,0.0,,0.25,0.0,2.0,5.0,,313.0,,9.60714285714286,0.0,1.0,1.1,,,
hbase@1,812,4,0.14862482780147718,0.7766741516581622,0.4369215674543522,,9.0,2.0,5.0,,3.0,,,1.0,,,0.3,0.0,100.0,3.0,1.0,36.0,2.0,6.79411764705882,0.0,1.0,0.0,,0.0,0.0,2.0,8.0,,371.0,,6.01470588235294,2.0,0.0,1.4390243902439,,,
hbase@1,842,0,0.0,0.9090909090909094,0.14839216634429406,,1.0,1.0,0.0,,4.0,,,0.0,,,0.34,0.0,55.0,1.0,0.0,21.0,2.0,2.14285714285714,1.0,1.0,0.0,,0.5,0.0,3.0,1.0,,46.0,,11.2857142857143,4.0,1.0,1.7,,,
hbase@1,853,16,0.041768427989705426,0.7186032090480984,0.2738188229930772,,2.0,2.0,1.0,,3.0,,,8.0,,,0.4,0.0,80.0,1.0,2.0,24.0,1.0,4.46153846153846,1.0,0.0,0.0,,0.545454545454545,0.0,3.0,3.0,,143.0,,5.84615384615385,0.0,1.0,1.17647058823529,,,
hbase@1,858,0,0.0,0.7,0.27863894139886575,,3.0,1.0,1.0,,1.0,,,0.0,,,0.17,0.0,77.0,1.0,0.0,11.0,3.0,5.5625,1.0,1.0,0.0,,0.571428571428571,0.0,6.0,4.0,,71.0,,5.15625,2.0,1.0,0.825,,,
hbase@1,872,2,0.051405900255592794,0.823402857904549,0.3371292979390397,,7.0,2.0,1.0,,6.0,,,1.0,,,0.41,0.0,71.0,2.0,6.0,10.0,2.0,6.05,0.0,1.0,0.0,,0.285714285714286,0.0,3.0,7.0,,152.0,,7.45,0.0,1.0,1.16666666666667,,,
hbase@1,875,13,1.2715791995128791,1.8374708690452914,1.4444038859220665,,43.0,1.0,13.0,,6.0,,,17.0,,,0.46,1.0,100.0,1.0,4.0,15.0,2.0,10.1880733944954,0.0,0.0,0.0,,0.327868852459016,8.0,4.0,23.0,,1645.0,,6.60091743119266,0.0,0.0,0.5,,,
hbase@1,877,14,0.059933493784947445,0.5317507006140545,0.21374896859561962,,17.0,1.0,9.0,,4.0,,,31.0,,,0.23,0.0,96.0,3.0,2.0,238.0,7.0,6.29411764705882,0.0,1.0,0.0,,1.0,9.0,3.0,23.0,,932.0,,8.17058823529412,1.0,1.0,1.23076923076923,,,
hbase@1,880,0,0.0,0.9000000000000001,0.4722117202268431,,8.0,1.0,10.0,,2.0,,,4.0,,,0.33,0.0,94.0,1.0,1.0,59.0,2.0,4.58823529411765,0.0,1.0,0.0,,0.4,5.0,5.0,8.0,,423.0,,6.49019607843137,1.0,1.0,0.906542056074766,,,
hbase@1,890,14,0.0,0.8333333333333335,0.36020192239719506,,2.0,1.0,1.0,,3.0,,,0.0,,,0.66,0.0,68.0,2.0,0.0,4.0,2.0,3.05263157894737,1.0,1.0,0.0,,0.0,0.0,5.0,1.0,,109.0,,3.36842105263158,2.0,1.0,0.739130434782609,,,
hbase@1,893,7,0.08847671129611112,0.6874352237798544,0.2517407772278944,,16.0,2.0,6.0,,4.0,,,0.0,,,0.6,0.0,88.0,2.0,0.0,20.0,2.0,3.8,0.0,1.0,0.0,,0.25,0.0,6.0,9.0,,354.0,,6.10869565217391,0.0,1.0,1.16,,,
hbase@1,895,12,0.14343358942382778,0.9412526109879659,0.36008999718694834,,7.0,2.0,5.0,,2.0,,,0.0,,,0.3,0.0,87.0,2.0,2.0,10.0,2.0,4.08571428571429,0.0,1.0,0.0,,0.222222222222222,0.0,4.0,10.0,,83.0,,5.42857142857143,0.0,1.0,1.29268292682927,,,
hbase@1,908,16,3.853605394695677e-17,0.7000000000000003,0.19811262419490913,,2.0,3.0,1.0,,2.0,,,0.0,,,0.37,0.0,50.0,1.0,0.0,20.0,2.0,6.0,2.0,1.0,0.0,,0.75,0.0,1.0,1.0,,49.0,,9.0,2.0,1.0,1.6,,,
hbase@1,909,7,0.17771749464909667,0.7270301661519428,0.4114779989835117,,1.0,3.0,2.0,,5.0,,,1.0,,,0.33,0.0,96.0,2.0,0.0,35.0,2.0,5.46774193548387,0.0,1.0,0.0,,0.285714285714286,0.0,4.0,4.0,,380.0,,5.88709677419355,1.0,1.0,1.6,,,
hbase@1,931,9,0.05246439829518384,0.906451627573406,0.24359926199940124,,5.0,3.0,2.0,,3.0,,,0.0,,,0.26,0.0,100.0,2.0,2.0,23.0,2.0,7.08695652173913,0.0,1.0,0.0,,0.384615384615385,0.0,2.0,8.0,,83.0,,6.65217391304348,1.0,0.0,1.96666666666667,,,
hbase@1,933,14,0.257029501277964,1.0113282655421019,0.4493995706772921,,11.0,1.0,2.0,,8.0,,,0.0,,,0.68,0.0,100.0,2.0,1.0,15.0,2.0,7.07407407407407,0.0,1.0,0.0,,0.375,0.0,4.0,8.0,,313.0,,6.96296296296296,0.0,0.0,0.939393939393939,,,
hbase@1,934,0,0.17704350562912435,0.9175751392970407,0.5713580175842627,,52.0,1.0,0.0,,2.0,,,0.0,,,1.99,0.0,100.0,1.0,1.0,20.0,2.0,2.92307692307692,0.0,0.0,0.0,,0.0,0.0,2.0,15.0,,191.0,,0.846153846153846,2.0,1.0,0.0,,,
hbase@1,937,5,0.07710885038338919,0.8464436479608978,0.3465648785693207,,11.0,1.0,14.0,,3.0,,,0.0,,,0.44,0.0,92.0,1.0,2.0,15.0,2.0,7.58163265306122,0.0,1.0,0.0,,0.3125,0.0,6.0,12.0,,427.0,,3.90816326530612,1.0,1.0,0.648148148148148,,,
hbase@1,942,1,0.06497261266512855,0.7689901080689094,0.36102810797233353,,4.0,2.0,9.0,,5.0,,,5.0,,,0.38,2.0,86.0,2.0,0.0,23.0,4.0,8.70833333333333,0.0,1.0,0.0,,0.285714285714286,0.0,7.0,7.0,,162.0,,7.20833333333333,0.0,1.0,1.30769230769231,,,
hbase@1,948,14,0.2818653772521796,0.7742869063274626,0.5789129059093772,,15.0,1.0,3.0,,4.0,,,0.0,,,0.45,0.0,94.0,2.0,2.0,25.0,3.0,5.50819672131148,0.0,1.0,0.0,,1.0,0.0,2.0,8.0,,400.0,,5.14754098360656,0.0,1.0,1.109375,,,
hbase@1,949,0,0.0,0.9000000000000001,0.4722117202268431,,34.0,1.0,0.0,,3.0,,,0.0,,,1.8,0.0,100.0,1.0,1.0,7.0,2.0,6.71111111111111,0.0,0.0,0.0,,0.4,0.0,5.0,6.0,,202.0,,0.777777777777778,2.0,1.0,0.0,,,
hbase@1,953,14,0.2531014562301597,1.204617565393047,0.4332385490563294,,42.0,2.0,4.0,,2.0,,,6.0,,,0.23,0.0,100.0,2.0,3.0,37.0,2.0,5.36708860759494,1.0,0.0,0.0,,0.391304347826087,3.0,3.0,10.0,,83.0,,6.20253164556962,2.0,1.0,1.27956989247312,,,
hbase@1,954,0,0.0,0.7,0.27863894139886575,,0.0,2.0,2.0,,6.0,,,0.0,,,0.57,0.0,75.0,1.0,0.0,10.0,2.0,7.63636363636364,2.0,1.0,0.0,,0.444444444444444,0.0,2.0,4.0,,89.0,,5.81818181818182,4.0,1.0,0.928571428571429,,,
hbase@1,969,0,0.0,0.7,0.27863894139886575,,0.0,1.0,1.0,,5.0,,,0.0,,,0.57,0.0,73.0,1.0,0.0,19.0,1.0,4.66666666666667,2.0,2.0,0.0,,0.5,0.0,3.0,3.0,,85.0,,7.0,2.0,1.0,1.14285714285714,,,
hbase@1,970,0,0.15121371345261753,0.705335308242329,0.29580505205626717,,0.0,2.0,1.0,,5.0,,,8.0,,,0.35,0.0,83.0,2.0,0.0,24.0,2.0,6.52,1.0,1.0,0.0,,0.32,3.0,2.0,6.0,,202.0,,8.76,2.0,1.0,0.5,,,
hbase@1,976,11,0.11346719068707352,0.6925805030416433,0.3590409793800089,,0.0,2.0,1.0,,0.0,,,4.0,,,0.08,0.0,84.0,2.0,0.0,31.0,2.0,2.87037037037037,0.0,0.0,0.0,,0.0,0.0,2.0,7.0,,55.0,,4.33333333333333,1.0,1.0,0.96875,,,
hbase@1,1021,0,0.0,0.7,0.27863894139886575,,4.0,4.0,3.0,,1.0,,,0.0,,,0.08,0.0,56.0,2.0,0.0,17.0,1.0,7.66666666666667,3.0,5.0,1.0,,0.333333333333333,0.0,2.0,3.0,,42.0,,19.5,1.0,2.0,2.64285714285714,,,
hbase@1,1027,4,0.0,0.8000000000000002,0.37372400756143676,,0.0,2.0,2.0,,0.0,,,0.0,,,0.11,0.0,62.0,2.0,0.0,14.0,1.0,5.55555555555556,2.0,3.0,0.0,,0.333333333333333,0.0,1.0,3.0,,24.0,,13.8888888888889,0.0,1.0,2.18181818181818,,,
hbase@1,1033,0,0.10746443907034366,0.8587431442960064,0.5357844069534743,,3.0,1.0,2.0,,1.0,,,0.0,,,0.19,0.0,94.0,2.0,0.0,69.0,5.0,3.38461538461538,0.0,0.0,0.0,,1.0,0.0,4.0,10.0,,214.0,,3.96581196581197,2.0,1.0,0.764705882352941,,,
hbase@1,1034,0,0.0,0.6000000000000001,0.20018903591682422,,18.0,1.0,10.0,,3.0,,,0.0,,,0.33,1.0,87.0,1.0,0.0,35.0,1.0,5.4,2.0,1.0,0.0,,0.6,0.0,3.0,3.0,,147.0,,7.03333333333333,2.0,1.0,1.25,,,
hbase@1,1038,12,0.08479247347462963,0.6654793776725465,0.2367430860968154,,0.0,2.0,6.0,,0.0,,,0.0,,,0.22,0.0,100.0,2.0,0.0,26.0,3.0,6.9,0.0,0.0,0.0,,0.5,0.0,1.0,3.0,,59.0,,7.5,3.0,1.0,1.1,,,
hbase@1,1039,0,0.0,0.6000000000000001,0.20018903591682422,,0.0,2.0,3.0,,2.0,,,0.0,,,0.28,0.0,87.0,3.0,0.0,12.0,1.0,5.51162790697674,3.0,1.0,0.0,,0.5,0.0,2.0,3.0,,131.0,,4.34883720930233,2.0,1.0,1.59574468085106,,,
hbase@1,1049,0,0.0,0.8000000000000002,0.37372400756143676,,2.0,2.0,10.0,,3.0,,,0.0,,,0.2,2.0,100.0,2.0,0.0,11.0,2.0,5.23076923076923,0.0,0.0,0.0,,0.375,0.0,1.0,3.0,,103.0,,7.46153846153846,2.0,0.0,1.09375,,,
hbase@1,1071,0,0.0,1.0,0.5718336483931947,,7.0,1.0,11.0,,0.0,,,9.0,,,0.08,0.0,89.0,1.0,2.0,40.0,2.0,6.2125,0.0,1.0,0.0,,0.25,0.0,2.0,5.0,,98.0,,6.8375,1.0,0.0,1.27906976744186,,,
hbase@1,1090,9,0.0,0.6666666666666665,0.19360902255639093,,0.0,1.0,2.0,,1.0,,,0.0,,,0.31,0.0,83.0,1.0,1.0,13.0,2.0,3.0,1.0,0.0,0.0,,0.714285714285714,0.0,3.0,2.0,,62.0,,4.22222222222222,3.0,1.0,1.0,,,
hbase@1,1111,7,0.0,0.8636363636363638,0.10378384912959383,,8.0,1.0,8.0,,4.0,,,0.0,,,0.55,0.0,90.0,1.0,1.0,7.0,2.0,6.43243243243243,1.0,1.0,0.0,,0.4,0.0,1.0,6.0,,236.0,,4.83783783783784,4.0,1.0,0.952380952380952,,,
hbase@1,1112,6,0.3601713407791333,0.9070332017100178,0.5517280038076985,,2.0,2.0,0.0,,7.0,,,1.0,,,0.64,0.0,90.0,2.0,2.0,10.0,2.0,9.2987012987013,0.0,0.0,0.0,,0.333333333333333,6.0,5.0,13.0,,622.0,,4.79220779220779,0.0,1.0,1.18604651162791,,,
hbase@1,1117,9,0.30364964400209005,1.075154457079212,0.7262113213163022,,57.0,2.0,12.0,,2.0,,,2.0,,,0.28,0.0,100.0,3.0,3.0,58.0,2.0,4.91,0.0,0.0,0.0,,0.0,0.0,4.0,10.0,,751.0,,5.605,0.0,0.0,0.850678733031674,,,
hbase@1,1118,0,0.0,0.7,0.27863894139886575,,0.0,2.0,1.0,,7.0,,,0.0,,,0.68,0.0,71.0,1.0,0.0,15.0,1.0,6.0,4.0,2.0,0.0,,0.6,0.0,3.0,5.0,,75.0,,5.71428571428571,1.0,1.0,1.44444444444444,,,
hbase@1,1124,0,0.0,0.7,0.27863894139886575,,2.0,2.0,2.0,,2.0,,,6.0,,,0.25,0.0,100.0,2.0,1.0,12.0,2.0,4.71428571428571,0.0,0.0,0.0,,0.666666666666667,0.0,2.0,6.0,,63.0,,5.92857142857143,1.0,1.0,1.26315789473684,,,
hbase@1,1138,1,0.0,0.9090909090909094,0.14839216634429406,,15.0,1.0,4.0,,4.0,,,0.0,,,0.48,1.0,88.0,1.0,2.0,15.0,2.0,2.65957446808511,0.0,0.0,0.0,,0.444444444444444,0.0,1.0,8.0,,308.0,,5.72340425531915,4.0,1.0,0.622641509433962,,,
hbase@1,1161,12,0.03830144193296195,0.8633935624049032,0.16945594561932467,,2.0,1.0,3.0,,3.0,,,0.0,,,0.43,0.0,76.0,2.0,0.0,30.0,2.0,2.41666666666667,0.0,1.0,0.0,,0.5,0.0,2.0,6.0,,83.0,,4.95833333333333,1.0,1.0,0.6,,,
hbase@1,1164,12,0.0,0.7,0.27863894139886575,,0.0,1.0,3.0,,5.0,,,0.0,,,0.36,0.0,66.0,1.0,0.0,25.0,2.0,2.85714285714286,1.0,1.0,0.0,,0.6,0.0,1.0,5.0,,56.0,,10.7142857142857,1.0,1.0,0.272727272727273,,,
hbase@1,1165,0,0.0,0.8000000000000002,0.37372400756143676,,0.0,1.0,0.0,,14.0,,,0.0,,,1.19,0.0,0.0,1.0,0.0,11.0,1.0,6.5,3.0,2.0,0.0,,0.428571428571429,0.0,1.0,4.0,,82.0,,7.25,2.0,1.0,0.833333333333333,,,
hbase@1,1167,7,0.650681739360541,1.139783059620934,0.8042920882826711,,2.0,1.0,1.0,,2.0,,,1.0,,,0.14,2.0,52.0,1.0,0.0,0.0,2.0,1.0,0.0,0.0,0.0,,0.0,5.0,4.0,0.0,,183.0,,9.55,4.0,1.0,1.03030303030303,,,
hbase@1,1172,12,0.21301536862563294,0.6127716656807485,0.37284015757929495,,1.0,1.0,6.0,,4.0,,,0.0,,,0.16,5.0,72.0,1.0,1.0,71.0,2.0,5.27966101694915,0.0,0.0,0.0,,0.0,0.0,4.0,10.0,,609.0,,7.0,0.0,1.0,0.540983606557377,,,
hbase@1,1175,6,0.02076119977211418,0.5900795953030002,0.16583852203553615,,0.0,1.0,12.0,,5.0,,,0.0,,,0.39,3.0,82.0,3.0,0.0,46.0,2.0,3.33333333333333,0.0,1.0,0.0,,0.454545454545455,3.0,6.0,4.0,,161.0,,13.1851851851852,0.0,1.0,1.11764705882353,,,
hbase@1,1176,0,0.0,0.6000000000000001,0.20018903591682422,,0.0,3.0,7.0,,3.0,,,0.0,,,0.31,2.0,58.0,1.0,0.0,8.0,1.0,3.66666666666667,1.0,1.0,0.0,,0.5,0.0,3.0,1.0,,29.0,,8.33333333333333,2.0,1.0,1.2,,,
hbase@1,1212,14,0.0061349693251533735,0.5030674846625767,0.1148159509202454,,0.0,1.0,10.0,,0.0,,,0.0,,,0.1,0.0,87.0,1.0,0.0,26.0,2.0,3.875,1.0,1.0,0.0,,0.75,0.0,4.0,0.0,,28.0,,8.5,2.0,1.0,0.458333333333333,,,
hbase@1,1213,0,0.0,0.7,0.27863894139886575,,12.0,1.0,3.0,,0.0,,,0.0,,,0.12,0.0,90.0,3.0,0.0,23.0,2.0,2.02325581395349,0.0,1.0,0.0,,0.5,0.0,5.0,6.0,,49.0,,3.32558139534884,1.0,1.0,0.333333333333333,,,
hbase@1,1216,11,0.0,0.7,0.27863894139886575,,0.0,1.0,9.0,,0.0,,,0.0,,,0.06,0.0,96.0,1.0,0.0,25.0,2.0,1.72058823529412,0.0,1.0,0.0,,0.666666666666667,0.0,4.0,5.0,,63.0,,2.90441176470588,1.0,1.0,0.273381294964029,,,
hbase@1,1218,9,0.03394452726635227,0.726039846874305,0.4400441257725149,,0.0,2.0,8.0,,1.0,,,0.0,,,0.09,2.0,80.0,2.0,0.0,34.0,1.0,4.22222222222222,0.0,1.0,0.0,,0.2,0.0,4.0,6.0,,40.0,,9.55555555555556,5.0,1.0,1.22727272727273,,,
hbase@1,1220,0,0.0,0.6000000000000001,0.20018903591682422,,0.0,1.0,3.0,,1.0,,,0.0,,,0.44,1.0,55.0,3.0,0.0,10.0,1.0,2.25,1.0,1.0,0.0,,0.428571428571429,0.0,2.0,3.0,,31.0,,6.0,2.0,1.0,0.714285714285714,,,
hbase@1,1221,0,0.0,0.9000000000000001,0.4722117202268431,,0.0,1.0,1.0,,5.0,,,0.0,,,0.6,1.0,0.0,3.0,0.0,10.0,1.0,1.75,1.0,1.0,0.0,,0.375,0.0,2.0,4.0,,48.0,,7.0,0.0,1.0,1.14285714285714,,,
hbase@1,1234,0,0.0,0.6000000000000001,0.20018903591682422,,0.0,1.0,14.0,,9.0,,,0.0,,,0.21,4.0,72.0,3.0,0.0,38.0,1.0,7.55172413793103,0.0,1.0,0.0,,0.6,0.0,4.0,4.0,,298.0,,10.7241379310345,2.0,1.0,0.9375,,,
hbase@1,1237,15,0.0,0.9000000000000001,0.4722117202268431,,0.0,1.0,5.0,,1.0,,,0.0,,,0.24,1.0,60.0,1.0,0.0,23.0,1.0,4.42857142857143,1.0,2.0,0.0,,0.571428571428571,0.0,2.0,2.0,,34.0,,7.57142857142857,0.0,1.0,1.88888888888889,,,
hbase@1,1238,4,0.1251577497275597,0.7666199579754368,0.426471366020441,,0.0,1.0,5.0,,1.0,,,0.0,,,0.22,1.0,60.0,1.0,0.0,23.0,1.0,3.85714285714286,1.0,2.0,0.0,,0.0,0.0,1.0,3.0,,31.0,,7.71428571428571,0.0,1.0,2.22222222222222,,,
hbase@1,1252,9,0.3603461798255794,1.144311363151795,0.7953957340146274,,1.0,1.0,13.0,,5.0,,,1.0,,,0.59,0.0,97.0,2.0,1.0,62.0,2.0,17.1077844311377,0.0,0.0,0.0,,0.0,4.0,5.0,16.0,,1003.0,,5.03592814371257,0.0,1.0,0.623595505617977,,,
hbase@1,1294,0,0.0,0.6000000000000001,0.20018903591682422,,0.0,1.0,1.0,,13.0,,,0.0,,,0.3,7.0,75.0,1.0,0.0,12.0,1.0,7.0,1.0,2.0,0.0,,0.333333333333333,0.0,3.0,2.0,,78.0,,5.5,2.0,1.0,0.833333333333333,,,
hbase@1,1302,0,0.0,1.0,0.23881769825918767,,0.0,1.0,5.0,,1.0,,,1.0,,,0.19,0.0,60.0,2.0,1.0,10.0,2.0,2.9375,0.0,0.0,0.0,,0.5,0.0,3.0,2.0,,49.0,,8.3125,4.0,1.0,0.782608695652174,,,
hbase@1,1318,0,0.0,0.6000000000000001,0.20018903591682422,,1.0,1.0,8.0,,2.0,,,0.0,,,0.22,2.0,80.0,1.0,1.0,22.0,1.0,4.21428571428571,1.0,1.0,0.0,,0.75,0.0,4.0,5.0,,62.0,,8.71428571428571,2.0,1.0,0.75,,,
hbase@1,1319,16,0.1491690738961661,0.6977038560454969,0.32108409508817454,,4.0,1.0,7.0,,2.0,,,4.0,,,0.24,1.0,78.0,1.0,1.0,23.0,2.0,4.4,1.0,1.0,0.0,,0.4,0.0,2.0,4.0,,70.0,,6.3,0.0,1.0,0.0,,,
hbase@1,1329,5,0.0,1.0,0.5718336483931947,,0.0,1.0,9.0,,0.0,,,0.0,,,0.14,0.0,71.0,3.0,0.0,16.0,2.0,3.72727272727273,1.0,1.0,0.0,,0.2,0.0,1.0,5.0,,24.0,,6.72727272727273,0.0,1.0,0.785714285714286,,,
hbase@1,1340,0,0.0,0.9000000000000001,0.4722117202268431,,0.0,1.0,11.0,,5.0,,,0.0,,,0.35,3.0,70.0,1.0,0.0,35.0,1.0,4.54545454545455,1.0,1.0,0.0,,0.333333333333333,0.0,1.0,4.0,,87.0,,11.2727272727273,2.0,1.0,0.692307692307692,,,
hbase@1,1345,10,0.19060299385233326,0.9232280895586822,0.576817165532854,,6.0,1.0,0.0,,0.0,,,0.0,,,0.23,0.0,95.0,1.0,0.0,72.0,4.0,1.01724137931034,0.0,0.0,0.0,,0.0,0.0,2.0,6.0,,91.0,,1.96551724137931,0.0,1.0,0.229508196721311,,,
hbase@1,1351,0,0.10000000000000006,1.1,0.6718336483931948,,5.0,1.0,6.0,,7.0,,,0.0,,,0.43,0.0,80.0,3.0,0.0,62.0,2.0,6.21739130434783,0.0,1.0,0.0,,0.357142857142857,0.0,4.0,4.0,,362.0,,10.4347826086957,1.0,1.0,0.818181818181818,,,
hbase@1,1353,1,0.37659940316859136,1.2378870668868631,0.5836563926714983,,2.0,1.0,1.0,,2.0,,,0.0,,,0.29,0.0,93.0,1.0,0.0,7.0,2.0,1.140625,0.0,0.0,0.0,,0.272727272727273,0.0,3.0,4.0,,183.0,,4.265625,7.0,1.0,0.202898550724638,,,
hbase@1,1357,0,0.0,1.0,0.5718336483931947,,3.0,2.0,6.0,,1.0,,,0.0,,,0.11,1.0,67.0,1.0,0.0,46.0,2.0,5.12280701754386,0.0,1.0,0.0,,0.388888888888889,0.0,3.0,6.0,,123.0,,10.5087719298246,0.0,1.0,0.641975308641975,,,
hbase@1,1360,8,0.26787705842237275,0.6567936267904855,0.40259706678377966,,1.0,3.0,1.0,,31.0,,,0.0,,,0.67,13.0,42.0,1.0,0.0,30.0,2.0,3.33333333333333,0.0,3.0,0.0,,1.0,0.0,2.0,7.0,,0.0,,24.5555555555556,0.0,1.0,1.66666666666667,,,
hbase@1,1365,10,0.2529888381351901,0.5771725953978388,0.3891827829857415,,5.0,1.0,2.0,,4.0,,,0.0,,,0.97,1.0,35.0,1.0,0.0,0.0,2.0,2.42857142857143,0.0,0.0,0.0,,0.0,0.0,2.0,5.0,,105.0,,6.47619047619048,3.0,1.0,0.481481481481481,,,
hbase@1,1369,7,0.3975010524339357,0.9749412633710045,0.7225448197034304,,0.0,1.0,4.0,,0.0,,,0.0,,,3.69,0.0,100.0,1.0,0.0,12.0,1.0,2.18181818181818,0.0,0.0,0.0,,0.6,0.0,1.0,5.0,,406.0,,4.63636363636364,3.0,1.0,0.538461538461538,,,
hbase@1,1370,6,0.0,0.6644605589216167,0.10887281928377736,,0.0,1.0,3.0,,1.0,,,0.0,,,0.19,1.0,87.0,1.0,0.0,25.0,1.0,3.5,1.0,1.0,0.0,,0.333333333333333,0.0,1.0,4.0,,31.0,,10.625,3.0,1.0,0.8,,,
hbase@1,1384,0,0.0,0.9000000000000001,0.4722117202268431,,33.0,1.0,15.0,,0.0,,,18.0,,,0.15,0.0,100.0,3.0,8.0,34.0,2.0,3.32692307692308,0.0,0.0,0.0,,0.444444444444444,0.0,3.0,8.0,,170.0,,4.02884615384615,1.0,0.0,0.454545454545455,,,
hbase@1,1391,0,0.0,0.8000000000000002,0.37372400756143676,,0.0,1.0,0.0,,6.0,,,0.0,,,0.34,3.0,0.0,1.0,0.0,27.0,1.0,1.57142857142857,0.0,10.0,0.0,,0.4,0.0,1.0,1.0,,69.0,,20.4285714285714,1.0,1.0,1.44444444444444,,,
hbase@1,1397,0,0.0,1.0,0.23881769825918767,,6.0,1.0,3.0,,2.0,,,0.0,,,0.34,0.0,44.0,1.0,0.0,7.0,2.0,1.78571428571429,0.0,0.0,0.0,,0.5,0.0,3.0,4.0,,54.0,,6.57142857142857,3.0,1.0,0.238095238095238,,,
hbase@1,1409,0,0.0,0.8333333333333335,0.36020192239719506,,1.0,3.0,2.0,,0.0,,,0.0,,,0.08,8.0,33.0,1.0,0.0,15.0,1.0,3.66666666666667,3.0,3.0,2.0,,0.0,0.0,2.0,3.0,,20.0,,24.3333333333333,2.0,5.0,6.4,,,
hbase@1,1414,0,0.0,0.6000000000000001,0.20018903591682422,,11.0,1.0,8.0,,2.0,,,0.0,,,0.26,0.0,87.0,2.0,0.0,20.0,2.0,3.45454545454545,0.0,1.0,0.0,,0.375,0.0,4.0,2.0,,67.0,,4.45454545454545,4.0,1.0,0.384615384615385,,,
hbase@1,1421,7,0.526169536218952,1.1241431836378029,0.5995468450323013,,2.0,1.0,12.0,,3.0,,,2.0,,,1.86,3.0,91.0,3.0,1.0,88.0,2.0,4.48148148148148,0.0,1.0,0.0,,0.277777777777778,0.0,4.0,17.0,,37.0,,13.212962962963,0.0,1.0,1.54545454545455,,,
hbase@1,1426,0,0.0,0.7,0.27863894139886575,,3.0,1.0,8.0,,1.0,,,0.0,,,0.22,1.0,84.0,4.0,0.0,18.0,2.0,4.14285714285714,0.0,2.0,0.0,,0.5,0.0,2.0,4.0,,53.0,,7.57142857142857,2.0,1.0,0.9,,,
hbase@1,1428,0,0.0,0.6000000000000001,0.20018903591682422,,0.0,1.0,0.0,,8.0,,,2.0,,,0.29,7.0,70.0,3.0,0.0,15.0,1.0,4.625,0.0,2.0,0.0,,0.6,0.0,3.0,2.0,,156.0,,14.8125,2.0,1.0,0.666666666666667,,,
hbase@1,1433,0,0.0,0.7,0.27863894139886575,,1.0,1.0,7.0,,3.0,,,0.0,,,0.23,2.0,87.0,2.0,0.0,25.0,2.0,3.19047619047619,0.0,1.0,0.0,,0.571428571428571,0.0,4.0,6.0,,170.0,,8.21428571428571,2.0,1.0,0.739130434782609,,,
hbase@1,1449,2,0.0,0.8651488616462347,0.060387883505221514,,0.0,1.0,6.0,,3.0,,,0.0,,,0.38,2.0,63.0,1.0,0.0,26.0,1.0,4.6875,0.0,2.0,0.0,,0.333333333333333,0.0,2.0,3.0,,61.0,,10.4375,5.0,1.0,0.722222222222222,,,
hbase@1,1455,0,0.0,0.8000000000000002,0.37372400756143676,,2.0,1.0,7.0,,4.0,,,0.0,,,0.25,3.0,83.0,3.0,0.0,22.0,2.0,5.41176470588235,2.0,2.0,0.0,,0.25,0.0,4.0,7.0,,103.0,,9.58823529411765,1.0,1.0,1.65,,,
hbase@1,1462,16,0.3101701453813361,1.1019272867997076,0.7647789787085839,,2.0,2.0,8.0,,4.0,,,1.0,,,0.25,1.0,78.0,3.0,1.0,46.0,2.0,4.375,0.0,1.0,0.0,,1.0,0.0,6.0,5.0,,203.0,,11.35,0.0,1.0,1.10416666666667,,,
hbase@1,1464,0,0.0,0.8000000000000002,0.37372400756143676,,1.0,1.0,7.0,,5.0,,,0.0,,,0.2,3.0,80.0,3.0,0.0,32.0,1.0,7.34782608695652,0.0,1.0,0.0,,0.333333333333333,0.0,7.0,4.0,,154.0,,14.9565217391304,2.0,1.0,1.52,,,
hbase@1,1474,2,0.13828813864987063,0.8379359488289381,0.49409041793970304,,0.0,1.0,8.0,,3.0,,,0.0,,,0.19,1.0,75.0,2.0,0.0,31.0,2.0,3.1,0.0,0.0,0.0,,0.0,0.0,5.0,10.0,,143.0,,11.9333333333333,1.0,1.0,1.20588235294118,,,
hbase@1,1475,0,0.0,0.8750000000000001,0.39903412194368026,,0.0,1.0,7.0,,0.0,,,0.0,,,0.15,0.0,75.0,1.0,0.0,14.0,1.0,3.42857142857143,1.0,1.0,0.0,,0.0,0.0,1.0,2.0,,18.0,,6.14285714285714,2.0,1.0,1.88888888888889,,,
hbase@1,1477,6,0.1585738636369164,1.004681908262809,0.33998878721084413,,0.0,1.0,19.0,,1.0,,,4.0,,,0.13,1.0,100.0,2.0,1.0,34.0,2.0,7.11842105263158,0.0,0.0,0.0,,0.263157894736842,0.0,3.0,7.0,,61.0,,8.28947368421053,0.0,0.0,1.0,,,
hbase@1,1485,12,0.2541527843857229,0.6980142981618156,0.4833341342681394,,0.0,1.0,3.0,,4.0,,,0.0,,,0.28,1.0,75.0,3.0,1.0,49.0,2.0,4.44117647058824,0.0,0.0,0.0,,0.0,0.0,3.0,8.0,,195.0,,11.4411764705882,0.0,1.0,0.568181818181818,,,
hbase@1,1526,1,0.23393425077317453,1.0187690705610786,0.686569117689702,,0.0,1.0,15.0,,0.0,,,0.0,,,0.07,1.0,67.0,2.0,0.0,49.0,2.0,4.976,0.0,1.0,0.0,,1.0,0.0,4.0,8.0,,115.0,,6.192,0.0,1.0,0.476923076923077,,,
hbase@1,1527,0,0.0,0.6000000000000001,0.20018903591682422,,0.0,1.0,8.0,,2.0,,,0.0,,,0.16,2.0,71.0,1.0,0.0,18.0,2.0,4.3125,1.0,1.0,0.0,,0.5,0.0,3.0,3.0,,55.0,,6.625,2.0,1.0,0.473684210526316,,,
hbase@1,1535,0,0.0,1.0,0.23881769825918767,,0.0,1.0,2.0,,2.0,,,0.0,,,0.29,1.0,75.0,1.0,0.0,15.0,2.0,3.9375,0.0,1.0,0.0,,0.571428571428571,0.0,3.0,1.0,,66.0,,6.8125,3.0,1.0,0.578947368421053,,,
hbase@1,1544,17,2.7898296120596945e-17,0.6666666666666666,0.23733614493958072,,0.0,1.0,8.0,,1.0,,,0.0,,,0.18,0.0,87.0,4.0,0.0,10.0,2.0,4.15,0.0,1.0,0.0,,0.0,0.0,3.0,6.0,,55.0,,5.3,3.0,1.0,1.26923076923077,,,
hbase@1,1560,0,0.0,0.7,0.27863894139886575,,0.0,1.0,3.0,,5.0,,,0.0,,,0.28,1.0,50.0,1.0,0.0,20.0,2.0,2.44444444444444,1.0,1.0,0.0,,0.4,0.0,1.0,2.0,,67.0,,9.88888888888889,2.0,1.0,0.692307692307692,,,
hbase@1,1566,12,0.0,0.9000000000000001,0.4722117202268431,,0.0,1.0,2.0,,4.0,,,0.0,,,0.26,1.0,41.0,3.0,0.0,28.0,1.0,2.94736842105263,0.0,1.0,0.0,,0.428571428571429,0.0,4.0,5.0,,106.0,,8.78947368421053,0.0,1.0,0.727272727272727,,,
hbase@1,1581,0,0.0,0.6000000000000001,0.20018903591682422,,0.0,1.0,0.0,,0.0,,,0.0,,,0.16,0.0,93.0,1.0,1.0,17.0,2.0,0.903225806451613,0.0,0.0,0.0,,0.375,0.0,5.0,3.0,,24.0,,1.2258064516129,4.0,1.0,0.0,,,
hbase@1,1595,0,0.0,0.8863636363636366,0.12602756286266928,,0.0,1.0,2.0,,1.0,,,0.0,,,0.15,0.0,61.0,1.0,0.0,7.0,2.0,2.14285714285714,1.0,2.0,0.0,,0.4,0.0,2.0,4.0,,36.0,,8.42857142857143,4.0,1.0,0.411764705882353,,,
hbase@1,1598,14,0.39884760157406457,0.895916898145617,0.4792078485034182,,6.0,1.0,11.0,,5.0,,,3.0,,,1.86,2.0,73.0,1.0,0.0,10.0,2.0,5.96,0.0,0.0,0.0,,0.4,0.0,4.0,6.0,,83.0,,11.8533333333333,7.0,1.0,0.895348837209302,,,
hbase@1,1609,0,0.0,0.8000000000000002,0.37372400756143676,,0.0,1.0,7.0,,0.0,,,7.0,,,0.16,0.0,82.0,1.0,2.0,19.0,1.0,4.33333333333333,1.0,1.0,0.0,,0.428571428571429,0.0,4.0,5.0,,21.0,,4.33333333333333,2.0,1.0,0.5,,,
hbase@1,1628,0,0.0,0.8000000000000002,0.37372400756143676,,3.0,1.0,1.0,,5.0,,,7.0,,,0.54,1.0,86.0,1.0,2.0,22.0,2.0,6.6,1.0,0.0,0.0,,0.5,0.0,1.0,4.0,,237.0,,5.9,2.0,1.0,1.13513513513514,,,
hbase@1,1633,0,0.0,0.8000000000000002,0.37372400756143676,,0.0,1.0,0.0,,0.0,,,0.0,,,0.08,0.0,62.0,1.0,0.0,14.0,2.0,2.41791044776119,1.0,1.0,0.0,,0.285714285714286,0.0,3.0,2.0,,28.0,,2.19402985074627,2.0,1.0,0.0933333333333333,,,
hbase@1,1640,0,0.0,0.9000000000000001,0.4722117202268431,,13.0,1.0,13.0,,4.0,,,23.0,,,0.4,0.0,94.0,2.0,1.0,31.0,2.0,5.62025316455696,0.0,1.0,0.0,,0.538461538461538,0.0,2.0,8.0,,455.0,,6.13924050632911,1.0,1.0,0.91304347826087,,,
hbase@1,1701,0,0.0,0.5705521472392638,0.06150306748466258,,0.0,1.0,12.0,,1.0,,,8.0,,,0.42,1.0,80.0,2.0,3.0,22.0,2.0,2.71428571428571,0.0,1.0,0.0,,0.857142857142857,0.0,1.0,1.0,,133.0,,5.39285714285714,2.0,1.0,0.578947368421053,,,
hive@0,1,14,0.0,1.0,0.6879084967320261,1.0,,1.0,,1.0,0.0,,4.0,,15.0,,0.1,0.0,90.0,2.0,1.0,3.0,2.0,1.82352941176471,1.0,1.0,0.0,,1.0,0.0,1.0,4.0,,28.0,,,,1.0,0.487179487179487,,,
hive@0,4,15,0.0,0.6071428571428571,0.16099773242630383,5.0,,2.0,,5.0,3.0,,6.0,,4.0,,0.55,2.0,88.0,1.0,0.0,27.0,2.0,4.54166666666667,1.0,1.0,0.0,,1.0,0.0,7.0,8.0,,112.0,,,,1.0,1.84375,,,
hive@0,24,6,0.0973984711948514,0.8865634092843833,0.4083627119400915,6.0,,1.0,,22.0,0.0,,8.0,,318.0,,0.29,0.0,100.0,2.0,5.0,3.0,1.0,3.2,0.0,0.0,0.0,,0.37037037037037,1.0,4.0,14.0,,59.556,,,,0.0,0.368421052631579,,,
hive@0,94,3,0.0,0.9692307692307689,0.026717948717948713,0.0,,1.0,,0.0,0.0,,1.0,,4.0,,0.04,0.0,99.0,1.0,2.0,1.0,2.0,0.382978723404255,0.0,0.0,0.0,,1.0,0.0,1.0,2.0,,26.0,,,,1.0,0.135416666666667,,,
hive@0,101,4,0.0,0.8490566037735849,0.08509819021948402,1.0,,1.0,,0.0,1.0,,1.0,,8.0,,1.62,0.0,96.0,1.0,0.0,4.0,2.0,0.623762376237624,0.0,0.0,0.0,,1.0,0.0,5.0,1.0,,651.0,,,,1.0,0.144230769230769,,,
hive@0,102,13,9.045280161084808e-18,0.5,0.0634920634920635,2.0,,2.0,,1.0,2.0,,1.0,,7.0,,0.39,1.0,75.0,2.0,0.0,14.0,1.0,4.375,0.0,1.0,0.0,,1.0,0.0,3.0,1.0,,41.0,,,,1.0,1.5,,,
hive@0,108,3,0.030616482828818164,0.7525676795448514,0.09590643758291958,3.0,,1.0,,1.0,2.0,,2.0,,6.0,,0.39,4.0,88.0,2.0,0.0,4.0,2.0,3.75,1.0,1.0,0.0,,1.0,0.0,7.0,2.0,,59.556,,,,1.0,1.09677419354839,,,
hive@0,173,9,0.23135393807874585,0.8601570060725151,0.36388717204596527,41.0,,1.0,,10.0,1.0,,10.0,,14.0,,0.08,1.0,96.0,2.0,1.0,89.0,2.0,6.9,0.0,1.0,0.0,,0.307692307692308,0.0,6.0,9.0,,0.0,,,,1.0,0.2,,,
hive@0,174,0,0.14145964538187966,0.8069974644285692,0.2436760171409278,1.0,,1.0,,1.0,3.0,,2.0,,11.0,,0.42,0.0,90.0,1.0,0.0,38.0,2.0,5.61386138613861,1.0,1.0,0.0,,0.333333333333333,0.0,6.0,8.0,,354.0,,,,1.0,0.2,,,
hive@0,183,4,0.11658318296914416,0.3241926074588247,0.17484346193593966,2.0,,2.0,,42.0,4.0,,2.0,,0.0,,0.55,0.0,96.0,1.0,0.0,11.0,2.0,5.18604651162791,1.0,1.0,0.0,,0.833333333333333,0.0,4.0,9.0,,228.0,,,,1.0,0.2,,,
hive@0,184,12,0.395047936953942,0.6154864762867526,0.46818433873325677,1.0,,1.0,,2.0,1.0,,6.0,,20.0,,1.06,1.0,100.0,1.0,0.0,74.0,3.0,6.05291005291005,0.0,1.0,0.0,,0.5,0.0,2.0,9.0,,296.0,,,,0.0,0.0,,,
hive@0,220,3,0.18965798281377677,0.3829091827295181,0.2861728983658375,0.0,,1.0,,6.0,3.0,,2.0,,0.0,,1.06,8.0,77.0,2.0,2.0,33.0,2.0,1.0,1.0,1.0,0.0,,0.333333333333333,0.0,7.0,6.0,,165.0,,,,1.0,0.0,,,
hive@0,269,9,0.035320381331174905,0.7259807313340755,0.15385900932051602,6.0,,1.0,,2.0,2.0,,1.0,,6.0,,0.44,0.0,93.0,1.0,0.0,6.0,1.0,5.17021276595745,1.0,1.0,0.0,,0.333333333333333,0.0,6.0,6.0,,159.0,,,,1.0,0.2,,,
hive@0,270,9,0.09435646195154816,0.8683095972095602,0.6097837029166543,1.0,,2.0,,1.0,4.0,,2.0,,15.0,,0.19,3.0,84.0,1.0,0.0,82.0,2.0,3.2,1.0,1.0,0.0,,0.571428571428571,0.0,5.0,9.0,,211.0,,,,1.0,0.2,,,
hive@0,272,4,0.0,1.0,0.305803852448697,0.0,,2.0,,0.0,0.0,,1.0,,8.0,,0.3,1.0,88.0,4.0,2.0,0.0,2.0,4.0,0.0,1.0,0.0,,0.5,0.0,3.0,2.0,,33.0,,,,1.0,1.91666666666667,,,
hive@0,281,2,0.671437560155703,1.3680689536129895,0.9246483318872543,14.0,,2.0,,0.0,1.0,,2.0,,33.0,,0.2,1.0,90.0,3.0,2.0,2.0,2.0,7.22857142857143,0.0,1.0,0.0,,0.666666666666667,0.0,3.0,2.0,,0.0,,,,1.0,1.425,,,
hive@0,283,3,0.0,0.9618644067796611,0.03419862834177879,0.0,,1.0,,0.0,1.0,,1.0,,5.0,,0.37,0.0,85.0,2.0,0.0,9.0,2.0,3.35294117647059,0.0,1.0,0.0,,0.0,0.0,3.0,0.0,,34.0,,,,1.0,1.0,,,
hive@0,285,13,0.830121359442334,1.0489464171899923,0.8941861412874536,1.0,,3.0,,0.0,8.0,,2.0,,2.0,,0.72,4.0,86.0,2.0,0.0,121.0,2.0,2.6,0.0,0.0,0.0,,0.454545454545455,0.0,4.0,12.0,,546.0,,,,1.0,2.16176470588235,,,
hive@0,298,5,0.12307104171021567,0.674955973961927,0.23146320691193145,5.0,,1.0,,0.0,4.0,,1.0,,2.0,,0.55,3.0,86.0,2.0,1.0,40.0,3.0,4.85714285714286,0.0,1.0,0.0,,0.428571428571429,0.0,6.0,9.0,,34.0,,,,1.0,1.6,,,
hive@0,311,11,0.07026311322883332,0.23906413513873903,0.13664767413818796,13.0,,2.0,,0.0,1.0,,3.0,,28.0,,0.72,0.0,100.0,3.0,0.0,27.0,2.0,4.28571428571429,0.0,1.0,0.0,,0.5,0.0,3.0,4.0,,70.0,,,,1.0,0.0,,,
hive@0,313,0,0.0,0.9710144927536232,0.05396238051187173,10.0,,1.0,,0.0,2.0,,4.0,,62.0,,0.2,1.0,100.0,3.0,8.0,39.0,2.0,6.71428571428571,0.0,0.0,0.0,,0.428571428571429,0.0,5.0,5.0,,134.0,,,,0.0,1.5,,,
hive@0,320,0,0.05975400741466111,0.49357390785820765,0.15697722780557608,7.0,,1.0,,3.0,2.0,,3.0,,9.0,,0.55,1.0,80.0,2.0,0.0,11.0,2.0,4.03571428571429,0.0,1.0,0.0,,0.428571428571429,0.0,3.0,3.0,,93.0,,,,1.0,1.125,,,
hive@0,323,13,0.14658969794980414,1.0855523833739773,0.3998688385378298,2.0,,1.0,,2.0,2.0,,2.0,,4.0,,0.28,2.0,85.0,3.0,0.0,29.0,2.0,5.6875,0.0,1.0,0.0,,1.0,0.0,2.0,1.0,,59.556,,,,1.0,1.26315789473684,,,
hive@0,327,0,0.0033623910336241197,0.5855541718555419,0.10107558267535775,2.0,,2.0,,0.0,3.0,,2.0,,3.0,,0.37,1.0,100.0,3.0,0.0,13.0,2.0,3.2,0.0,1.0,0.0,,0.666666666666667,0.0,3.0,5.0,,67.0,,,,0.0,2.14285714285714,,,
hive@0,328,1,0.06382978723404259,1.0638297872340425,0.36963363968273955,0.0,,2.0,,15.0,2.0,,1.0,,0.0,,0.17,1.0,86.0,1.0,0.0,11.0,1.0,6.73333333333333,2.0,1.0,0.0,,0.666666666666667,0.0,2.0,1.0,,52.0,,,,1.0,1.76470588235294,,,
hive@0,335,6,0.03856496595326881,0.7126188978811193,0.21045095050880278,1.0,,2.0,,1.0,1.0,,1.0,,6.0,,0.18,2.0,86.0,4.0,0.0,22.0,2.0,2.6,0.0,1.0,0.0,,0.8,0.0,3.0,2.0,,28.0,,,,1.0,1.92857142857143,,,
hive@0,336,6,0.08284480312711892,0.29323779527592925,0.1350805456138861,0.0,,2.0,,2.0,2.0,,4.0,,27.0,,0.72,0.0,100.0,2.0,0.0,25.0,3.0,2.6,0.0,1.0,0.0,,0.6,0.0,5.0,4.0,,18.0,,,,0.0,1.16129032258065,,,
hive@0,337,9,0.09709168421360459,0.6959996011335792,0.296612628770269,4.0,,2.0,,1.0,2.0,,1.0,,4.0,,0.17,2.0,86.0,2.0,0.0,31.0,2.0,2.6,0.0,0.0,0.0,,0.75,0.0,2.0,4.0,,59.0,,,,1.0,0.2,,,
hive@0,338,14,0.12569049495692386,0.15694461063267037,0.14238601171621662,3.0,,2.0,,1.0,6.0,,1.0,,5.0,,0.72,4.0,86.0,3.0,0.0,16.0,2.0,5.76923076923077,0.0,1.0,0.0,,0.5,0.0,6.0,1.0,,103.0,,,,1.0,0.2,,,
hive@0,344,0,0.0,0.7999999999999999,0.2344576972390477,5.0,,1.0,,6.0,2.0,,4.0,,1036.0,,0.36,0.0,100.0,1.0,18.0,16.0,4.0,7.81632653061224,0.0,0.0,0.0,,1.0,0.0,4.0,7.0,,326.0,,,,0.0,0.682692307692308,,,
hive@0,357,0,0.015873015873015872,0.5912698412698412,0.14605842336934774,7.0,,2.0,,0.0,1.0,,1.0,,30.0,,0.55,1.0,80.0,2.0,0.0,14.0,1.0,7.72222222222222,2.0,1.0,0.0,,1.0,0.0,3.0,2.0,,83.0,,,,1.0,1.80952380952381,,,
hive@0,360,9,0.10144795634183652,0.82362707797091,0.44237527531498094,0.0,,1.0,,2.0,5.0,,1.0,,21.0,,0.29,2.0,76.0,3.0,0.0,18.0,2.0,3.2,0.0,1.0,0.0,,0.5,0.0,4.0,5.0,,34.0,,,,1.0,2.5,,,
hive@0,362,0,0.0,1.0,0.6095693779904305,0.0,,1.0,,2.0,1.0,,8.0,,25.0,,0.2,1.0,100.0,2.0,2.0,19.0,2.0,4.73333333333333,0.0,0.0,0.0,,0.5,0.0,5.0,2.0,,106.0,,,,0.0,1.05128205128205,,,
hive@0,365,8,0.0717539986127563,0.40025795554599497,0.12776517749299102,19.0,,2.0,,1.0,1.0,,2.0,,1.0,,0.39,1.0,85.0,4.0,0.0,19.0,2.0,2.6,0.0,1.0,0.0,,0.714285714285714,0.0,2.0,3.0,,77.0,,,,1.0,1.43589743589744,,,
hive@0,389,7,0.083404902207228,0.34118290954689967,0.18657838878425145,0.0,,1.0,,103.0,3.0,,14.0,,10.0,,0.72,0.0,100.0,2.0,6.0,63.0,2.0,4.63846153846154,0.0,1.0,0.0,,0.454545454545455,0.0,6.0,8.0,,533.0,,,,0.0,0.0,,,
hive@0,429,1,0.0,0.75,0.5395279098655305,2.0,,2.0,,0.0,2.0,,4.0,,5.0,,0.28,1.0,60.0,2.0,0.0,14.0,2.0,2.5,0.0,1.0,0.0,,0.0,0.0,6.0,1.0,,113.0,,,,1.0,0.974358974358974,,,
hive@0,453,0,0.1195748185875169,0.3175192515318677,0.1452032527800539,0.0,,1.0,,1.0,2.0,,8.0,,83.0,,1.06,0.0,100.0,1.0,1.0,11.0,2.0,5.74698795180723,0.0,1.0,0.0,,0.5,0.0,6.0,2.0,,423.0,,,,1.0,0.0,,,
hive@0,454,0,0.007936507936507927,0.5317460317460317,0.09126984126984125,2.0,,1.0,,2.0,1.0,,1.0,,3.0,,0.29,3.0,90.0,2.0,0.0,20.0,3.0,3.58333333333333,0.0,0.0,0.0,,1.0,0.0,1.0,6.0,,33.0,,,,1.0,1.33333333333333,,,
hive@0,505,0,0.4682584628738552,1.1538393182732265,0.7028722455666331,9.0,,1.0,,10.0,6.0,,3.0,,3.0,,0.48,0.0,92.0,1.0,0.0,1.0,2.0,9.18947368421053,0.0,1.0,0.0,,0.444444444444444,0.0,4.0,13.0,,679.0,,,,1.0,0.2,,,
hive@0,512,15,0.026103148146061957,0.7100119002862235,0.2733638039567438,1.0,,1.0,,0.0,2.0,,1.0,,6.0,,0.32,0.0,84.0,1.0,1.0,6.333,2.0,6.46808510638298,0.0,1.0,0.0,,0.666666666666667,0.0,5.0,7.0,,139.0,,,,1.0,0.2,,,
hive@0,515,0,0.09318755800103808,0.7189216932476419,0.2620027977240721,3.0,,1.0,,1.0,1.0,,1.0,,6.0,,0.22,0.0,89.0,1.0,0.0,11.0,2.0,7.83870967741935,0.0,1.0,0.0,,0.714285714285714,0.0,4.0,10.0,,93.778,,,,1.0,0.2,,,
hive@0,520,0,0.0018834745762711966,0.9981165254237289,0.0700333304211078,7.0,,2.0,,15.0,4.0,,11.0,,0.0,,0.24,1.0,100.0,2.0,1.0,28.0,2.0,2.44444444444444,0.0,1.0,0.0,,1.0,0.0,2.0,5.0,,93.778,,,,1.0,1.74358974358974,,,
hive@0,522,10,0.19845604475554407,1.1358219185379788,0.30314854551995873,1.0,,2.0,,0.0,13.0,,1.0,,0.0,,0.43,5.0,86.0,1.0,0.0,56.0,2.0,5.66666666666667,1.0,1.0,0.0,,0.4,0.0,5.0,3.0,,34.0,,,,1.0,2.17647058823529,,,
hive@0,546,6,0.23741592530276467,1.1977985437791836,0.35045748701009405,3.0,,2.0,,11.0,5.0,,6.0,,5.0,,0.31,2.0,88.0,1.0,0.0,51.0,2.0,3.03125,0.0,1.0,0.0,,0.8,0.0,2.0,3.0,,0.0,,,,1.0,1.23076923076923,,,
hive@0,559,15,0.0007146138533005564,0.719258843346435,0.2554598471717832,1.0,,1.0,,3.0,2.0,,4.0,,0.0,,0.31,0.0,0.0,1.0,0.0,29.0,2.0,1.875,0.0,1.0,0.0,,1.0,0.0,2.0,0.0,,46.0,,,,1.0,0.0,,,
hive@0,585,13,0.11652463849713637,0.7391938366030718,0.36395873026176295,3.0,,1.0,,13.0,2.0,,6.0,,33.0,,0.23,0.0,100.0,1.0,7.0,11.0,1.0,9.33333333333333,0.0,0.0,0.0,,1.0,0.0,5.0,10.0,,177.0,,,,0.0,0.2,,,
hive@0,586,2,0.990407287392028,1.7606397954259085,1.2422945920140847,1.0,,1.0,,9.0,3.0,,3.0,,3.0,,0.16,2.0,97.0,2.0,0.0,97.0,1.0,3.2,0.0,1.0,0.0,,0.5,0.0,6.0,10.0,,373.0,,,,1.0,0.2,,,
hive@0,588,5,0.01190476190476189,0.5952380952380952,0.14979325063358678,2.0,,2.0,,9.0,2.0,,1.0,,0.0,,0.55,0.0,86.0,1.0,0.0,9.0,1.0,5.8,0.0,1.0,0.0,,0.0,0.0,1.0,3.0,,56.0,,,,1.0,2.16666666666667,,,
hive@0,601,0,0.03703556835570474,0.7792737999858605,0.3956975953734577,2.0,,1.0,,1.0,5.0,,1.0,,2.0,,0.22,6.0,70.0,2.0,0.0,11.0,1.0,4.9,2.0,2.0,0.0,,0.333333333333333,0.0,5.0,4.0,,49.0,,,,1.0,2.71428571428571,,,
hive@0,616,8,1.196868351729694,1.3958468685534635,1.2714331106287713,0.0,,2.0,,16.0,7.0,,6.0,,36.0,,1.06,4.0,96.0,2.0,1.0,186.0,2.0,8.60693641618497,1.0,1.0,0.0,,0.542857142857143,1.0,5.0,12.0,,18.0,,,,1.0,0.0,,,
hive@0,643,17,0.0,1.0,0.6095693779904305,0.0,,1.0,,0.0,0.0,,1.0,,25.0,,0.2,0.0,94.0,2.0,0.0,14.0,2.0,3.32727272727273,0.0,1.0,0.0,,1.0,0.0,3.0,0.0,,72.0,,,,1.0,0.210526315789474,,,
hive@0,678,0,0.0,0.503968253968254,0.06689342403628115,1.0,,1.0,,0.0,1.0,,1.0,,15.0,,0.39,0.0,94.0,2.0,4.0,4.0,1.0,4.44444444444444,0.0,1.0,0.0,,1.0,0.0,4.0,2.0,,94.0,,,,1.0,0.553191489361702,,,
hive@0,694,7,0.19330871379079564,1.1633304937622815,0.3356187712091609,0.0,,1.0,,32.0,4.0,,3.0,,2.0,,0.44,0.0,100.0,1.0,0.0,34.0,2.0,6.27777777777778,0.0,1.0,0.0,,0.5,0.0,5.0,6.0,,34.0,,,,0.0,0.675,,,
hive@0,723,0,0.1571714531118831,1.0662774263387214,0.38796970506644984,6.0,,2.0,,11.0,6.0,,9.0,,0.0,,0.37,0.0,91.0,2.0,7.0,11.0,2.0,3.74074074074074,0.0,1.0,0.0,,1.0,0.0,4.0,4.0,,59.556,,,,1.0,2.0,,,
hive@0,748,4,0.0,1.0,0.769990319909934,1.0,,4.0,,0.0,3.0,,3.0,,11.0,,0.22,2.0,48.0,1.0,0.0,5.0,2.0,7.5,0.0,2.0,0.0,,0.0,0.0,3.0,2.0,,47.0,,,,1.0,2.0,,,
hive@0,965,0,0.044007430448836246,0.5038234848889876,0.15530812294315416,2.0,,1.0,,1.0,3.0,,1.0,,2.0,,0.39,2.0,40.0,2.0,1.0,11.0,1.0,6.0,0.0,3.0,0.0,,0.666666666666667,0.0,4.0,5.0,,61.0,,,,1.0,1.30769230769231,,,
hive@0,970,4,0.26470811959939045,1.0544665788456709,0.6447311467594777,0.0,,1.0,,7.0,2.0,,3.0,,24.0,,0.17,2.0,91.0,1.0,2.0,34.0,2.0,4.43396226415094,1.0,1.0,0.0,,0.5,0.0,4.0,6.0,,0.0,,,,1.0,1.24561403508772,,,
hive@0,993,1,0.04004139046781671,0.5628484976242261,0.2468421668772381,1.0,,1.0,,3.0,0.0,,6.0,,6.0,,0.72,0.0,90.0,2.0,0.0,3.0,4.0,2.23684210526316,0.0,0.0,0.0,,1.0,0.0,3.0,0.0,,29.0,,,,0.0,0.695652173913043,,,
hive@0,994,2,0.1053537053648104,0.6158020486865048,0.37650340044881625,0.0,,1.0,,3.0,0.0,,6.0,,10.0,,1.06,0.0,90.0,2.0,0.0,4.0,4.0,2.70588235294118,0.0,0.0,0.0,,1.0,0.0,5.0,0.0,,39.0,,,,0.0,0.724137931034483,,,
hive@0,995,12,0.12045808681980227,0.6315622866255793,0.3904681703033254,0.0,,2.0,,0.0,0.0,,6.0,,16.0,,1.06,0.0,92.0,2.0,0.0,4.0,4.0,3.36486486486486,0.0,0.0,0.0,,0.5,0.0,5.0,1.0,,59.0,,,,0.0,0.646341463414634,,,
hive@0,996,0,0.39863670035037463,0.44239884024637416,0.42022013689194954,1.0,,2.0,,3.0,0.0,,6.0,,10.0,,0.22,0.0,90.0,2.0,0.0,3.0,2.0,3.0,0.0,0.0,0.0,,1.0,0.0,5.0,1.0,,37.0,,,,0.0,0.581818181818182,,,
hive@0,1059,12,0.0,1.0,0.0718973877337061,1.0,,1.0,,8.0,6.0,,1.0,,0.0,,0.39,0.0,0.0,1.0,0.0,50.0,1.0,9.88888888888889,0.0,1.0,0.0,,0.0,0.0,3.0,3.0,,28.0,,,,1.0,1.18181818181818,,,
hive@0,1069,0,0.0018613138686132537,0.6560583941605843,0.19370029938456962,0.0,,1.0,,3.0,3.0,,2.0,,20.0,,0.34,1.0,90.0,1.0,1.0,23.0,2.0,9.09090909090909,2.0,1.0,0.0,,1.0,0.0,3.0,3.0,,119.0,,,,1.0,0.2,,,
hive@0,1074,0,0.011678832116788867,1.0116788321167889,0.5449931100907847,2.0,,2.0,,9.0,7.0,,1.0,,0.0,,0.38,1.0,90.0,1.0,0.0,19.0,1.0,8.4,0.0,1.0,0.0,,1.0,0.0,4.0,2.0,,92.0,,,,1.0,0.2,,,
hive@0,1150,13,0.10620400453065681,0.8791633630618705,0.48447504672885067,0.0,,2.0,,0.0,0.0,,12.0,,31.0,,1.91,0.0,40.0,1.0,0.0,19.0,2.0,3.77272727272727,1.0,2.0,0.0,,1.0,0.0,4.0,1.0,,18.0,,,,1.0,0.628571428571429,,,
hive@0,1152,0,0.035972040456805514,0.9663860452916688,0.23856212028231993,1.0,,2.0,,28.0,2.0,,2.0,,5.0,,0.23,0.0,95.0,1.0,0.0,11.0,2.0,7.90625,0.0,1.0,0.0,,0.666666666666667,0.0,4.0,2.0,,59.556,,,,1.0,0.771428571428571,,,
hive@0,1238,14,0.09609933712275996,0.6011322069304337,0.36736426072097683,0.0,,1.0,,0.0,2.0,,1.0,,0.0,,1.06,4.0,0.0,2.0,0.0,22.0,1.0,4.55555555555556,1.0,2.0,1.0,,1.0,0.0,4.0,1.0,,47.0,,,,2.0,1.81818181818182,,,
hive@0,1284,0,0.13229847276566495,1.0920317494651883,0.25143760828212514,1.0,,2.0,,1.0,5.0,,4.0,,8.0,,0.34,2.0,100.0,3.0,0.0,16.0,2.0,4.14285714285714,1.0,1.0,0.0,,0.5,0.0,5.0,7.0,,34.0,,,,1.0,1.42307692307692,,,
hive@0,1286,3,0.0,0.9130434782608696,0.04964539007092199,1.0,,1.0,,3.0,0.0,,2.0,,4.0,,0.34,0.0,72.0,2.0,0.0,2.0,2.0,1.83333333333333,1.0,1.0,0.0,,1.0,0.0,1.0,1.0,,22.0,,,,1.0,1.22222222222222,,,
hive@0,1287,4,0.0009888871125603392,0.7172071416640431,0.11356595586667223,2.0,,1.0,,1.0,0.0,,8.0,,15.0,,0.55,0.0,96.0,2.0,1.0,5.0,2.0,1.796875,0.0,0.0,0.0,,0.5,0.0,6.0,5.0,,93.778,,,,1.0,0.320512820512821,,,
hive@0,1294,1,0.0,0.8367346938775508,0.05241935483870967,2.0,,1.0,,1.0,0.0,,7.0,,15.0,,0.19,0.0,100.0,2.0,2.0,6.0,2.0,1.61290322580645,0.0,0.0,0.0,,0.6,0.0,2.0,1.0,,78.0,,,,1.0,0.27027027027027,,,
hive@0,1305,9,0.0,0.5395011581934668,0.23427013924654944,3.0,,1.0,,0.0,0.0,,1.0,,6.0,,0.14,0.0,93.0,2.0,0.0,11.0,1.0,3.0,0.0,1.0,0.0,,1.0,0.0,2.0,1.0,,29.0,,,,1.0,0.128205128205128,,,
hive@0,1312,0,0.0,1.0,0.6095693779904305,0.0,,1.0,,0.0,2.0,,5.0,,2.0,,1.84,0.0,100.0,2.0,3.0,3.0,1.0,1.81481481481481,0.0,0.0,0.0,,0.6,0.0,4.0,2.0,,190.0,,,,0.0,0.0,,,
hive@0,1314,14,0.0,0.8867924528301887,0.11975356180207933,0.0,,1.0,,6.0,2.0,,1.0,,0.0,,0.55,0.0,85.0,1.0,0.0,3.0,1.0,12.4285714285714,0.0,1.0,0.0,,1.0,0.0,5.0,1.0,,48.0,,,,1.0,0.909090909090909,,,
hive@0,1322,0,0.003968253968253973,0.5119047619047619,0.07376283846872082,0.0,,0.0,,0.0,2.0,,0.0,,0.0,,0.39,1.0,0.0,0.0,0.0,0.0,0.0,0.0,0.0,0.0,0.0,,0.75,0.0,3.0,0.0,,105.0,,,,1.0,0.806451612903226,,,
hive@0,1390,16,0.007936507936507964,0.8174603174603173,0.3643123916233159,5.0,,1.0,,0.0,1.0,,11.0,,115.0,,1.06,3.0,100.0,2.0,0.0,19.0,2.0,7.5,0.0,1.0,0.0,,1.0,0.0,1.0,0.0,,169.0,,,,1.0,0.875,,,
hive@0,1404,0,0.2302307802653869,0.8992289072886575,0.5903489749729413,2.0,,2.0,,3.0,0.0,,6.0,,45.0,,1.06,0.0,96.0,2.0,0.0,5.0,2.0,4.26829268292683,0.0,0.0,0.0,,0.666666666666667,0.0,1.0,1.0,,145.0,,,,0.0,0.444444444444444,,,
hive@0,1405,0,0.011904761904761875,0.8373015873015872,0.3837535014005601,2.0,,1.0,,3.0,0.0,,6.0,,8.0,,1.06,0.0,91.0,2.0,0.0,4.0,4.0,2.5,0.0,0.0,0.0,,1.0,0.0,1.0,0.0,,44.0,,,,0.0,0.714285714285714,,,
hive@1,26,0,0.28747414380927716,1.20832614617603,0.42418613887028744,6.0,,1.0,,,0.0,,,0.0,383.0,,0.3,0.0,100.0,2.0,5.0,4.0,1.0,12.6617647058824,0.0,0.0,0.0,,0.0,4.0,6.0,16.0,,58.0,,,,0.0,0.384615384615385,,,
hive@1,208,4,0.27336427950900505,1.1862935657594602,0.40757502980700655,4.0,,2.0,,,4.0,,,0.0,0.0,,0.31,0.0,96.0,1.0,0.0,26.0,2.0,5.50943396226415,1.0,1.0,0.0,,0.0,0.0,4.0,9.0,,89.0,,,,1.0,1.36206896551724,,,
hive@1,209,0,0.4014905212373153,1.3119218358720988,0.5342483174308238,87.0,,1.0,,,1.0,,,3.0,22.0,,0.06,1.0,100.0,1.0,1.0,79.0,3.0,6.48815165876777,0.0,1.0,0.0,,0.0,0.0,5.0,11.0,,58.0,,,,0.0,1.59174311926605,,,
hive@1,305,12,0.051241060142406196,0.8684367196878884,0.27366626285711415,0.0,,1.0,,,2.0,,,0.0,26.0,,0.42,0.0,94.0,1.0,0.0,10.0,1.0,5.03846153846154,1.0,1.0,0.0,,0.0,0.0,6.0,9.0,,168.0,,,,1.0,0.574074074074074,,,
hive@1,308,14,0.03312820965506748,0.5755434545329139,0.18935982091376005,0.0,,2.0,,,1.0,,,0.0,213.0,,0.28,0.0,99.0,1.0,0.0,3.0,1.0,9.46153846153846,0.0,1.0,0.0,,0.454545454545455,0.0,3.0,3.0,,83.0,,,,0.0,0.714285714285714,,,
hive@1,350,14,0.013772991384919315,0.6913047754753178,0.15006939330000857,13.0,,2.0,,,1.0,,,1.0,31.0,,0.49,0.0,100.0,3.0,1.0,28.0,2.0,4.61111111111111,0.0,1.0,0.0,,0.0,0.0,4.0,6.0,,79.0,,,,1.0,1.225,,,
hive@1,366,0,0.0,0.5833333333333336,0.33508031901152896,2.0,,2.0,,,4.0,,,1.0,3.0,,0.4,0.0,100.0,3.0,0.0,12.0,2.0,3.83333333333333,0.0,1.0,0.0,,1.0,0.0,4.0,5.0,,72.0,,,,0.0,2.0,,,
hive@1,376,11,0.026517182512767943,0.9084000929039969,0.18357038633930167,8.0,,2.0,,,2.0,,,0.0,22.0,,0.2,1.0,100.0,2.0,0.0,25.0,3.0,4.5,0.0,1.0,0.0,,0.0,0.0,6.0,7.0,,58.0,,,,0.0,1.3448275862069,,,
hive@1,429,7,0.3787597007444609,0.9044777668447215,0.5918884964072132,21.0,,1.0,,,4.0,,,17.0,7.0,,0.34,0.0,100.0,3.0,6.0,77.0,2.0,2.2,0.0,1.0,0.0,,0.72,1.0,7.0,2.0,,685.0,,,,0.0,0.6,,,
hive@1,498,8,0.1255350596927174,1.0239076123764832,0.41841061348501296,0.0,,1.0,,,2.0,,,3.0,84.0,,0.51,0.0,100.0,1.0,1.0,13.0,2.0,6.11363636363636,0.0,1.0,0.0,,0.0,0.0,5.0,3.0,,624.0,,,,1.0,0.865979381443299,,,
hive@1,499,0,0.0,0.875,0.5547045323623635,2.0,,1.0,,,1.0,,,0.0,3.0,,0.11,3.0,89.0,2.0,0.0,21.0,3.0,4.09090909090909,0.0,0.0,0.0,,0.0,0.0,1.0,7.0,,32.0,,,,1.0,1.42857142857143,,,
hive@1,565,15,0.10206648569467834,0.9960204313074307,0.22966986483059054,10.0,,2.0,,,4.0,,,0.0,0.0,,0.25,1.0,94.0,2.0,1.0,30.0,2.0,2.625,0.0,1.0,0.0,,0.0,0.0,3.0,7.0,,89.0,,,,1.0,1.75555555555556,,,
hive@1,645,9,0.0,0.7500000000000001,0.47213500143666826,16.0,,1.0,,,0.0,,,0.0,15.0,,0.08,0.0,88.0,3.0,0.0,18.0,1.0,4.0,1.0,1.0,0.0,,0.0,0.0,1.0,1.0,,40.0,,,,1.0,1.23529411764706,,,
hive@1,677,2,2.1263378326427733,2.542305100116434,2.2582318472455833,1.0,,2.0,,,7.0,,,5.0,46.0,,0.28,4.0,97.0,2.0,1.0,190.0,2.0,0.0,1.0,1.0,0.0,,0.0,3.0,6.0,12.0,,0.0,,,,1.0,1.85321100917431,,,
hive@1,766,0,0.1572106567999792,1.0801429088743755,0.47055562515778104,2.0,,1.0,,,4.0,,,0.0,2.0,,0.42,0.0,100.0,1.0,0.0,37.0,2.0,6.475,0.0,1.0,0.0,,0.875,0.0,5.0,2.0,,89.0,,,,0.0,0.840909090909091,,,
hive@1,831,0,0.005607476635514034,0.9869158878504672,0.12270711230793602,4.0,,1.0,,,0.0,,,0.0,30.0,,0.25,0.0,96.0,1.0,3.0,19.0,2.0,9.04938271604938,0.0,1.0,0.0,,0.454545454545455,0.0,7.0,7.0,,89.0,,,,0.0,0.550561797752809,,,
hive@1,834,0,0.0,0.7500000000000001,0.47213500143666826,1.0,,4.0,,,3.0,,,0.0,11.0,,0.22,2.0,48.0,1.0,0.0,5.0,2.0,7.75,0.0,2.0,0.0,,0.5,0.0,4.0,2.0,,47.0,,,,1.0,2.0,,,
hive@1,1059,0,0.0,0.875,0.5547045323623635,2.0,,1.0,,,5.0,,,2.0,8.0,,0.26,6.0,61.0,2.0,0.0,14.0,1.0,5.0,2.0,1.0,0.0,,0.0,0.0,3.0,3.0,,60.0,,,,1.0,1.2,,,
hive@1,1280,3,0.016666666666666503,0.9000000000000001,0.5723072720883909,0.0,,2.0,,,0.0,,,0.0,40.0,,0.16,0.0,40.0,1.0,0.0,26.0,2.0,4.14285714285714,2.0,2.0,0.0,,0.0,0.0,5.0,3.0,,57.0,,,,1.0,0.681818181818182,,,
hive@1,1282,15,0.0,1.0,0.6435173177504914,1.0,,2.0,,,2.0,,,0.0,15.0,,0.17,0.0,100.0,1.0,0.0,33.0,4.0,8.52941176470588,0.0,1.0,0.0,,0.0,0.0,6.0,1.0,,166.0,,,,0.0,0.767857142857143,,,
hive@1,1431,9,0.24207093637770846,0.5752966035215742,0.3268890833624528,3.0,,1.0,,,0.0,,,1.0,16.0,,0.17,0.0,0.0,2.0,1.0,1.0,2.0,2.9,0.0,0.0,0.0,,0.0,0.0,5.0,9.0,,92.0,,,,1.0,0.252525252525253,,,
hive@1,1438,0,0.0,1.0,0.6435173177504914,2.0,,1.0,,,0.0,,,1.0,14.0,,0.17,0.0,97.0,2.0,2.0,5.0,2.0,1.47058823529412,0.0,0.0,0.0,,0.0,0.0,3.0,1.0,,78.0,,,,1.0,0.2625,,,
hive@1,1458,10,0.0,0.8749999999999999,0.49461920529801323,0.0,,1.0,,,2.0,,,0.0,5.0,,1.91,0.0,100.0,2.0,3.0,6.0,1.0,2.49438202247191,0.0,0.0,0.0,,0.428571428571429,0.0,6.0,2.0,,296.0,,,,0.0,0.0,,,
hive@1,1574,11,0.0,0.6190476190476192,0.12786596119929455,1.0,,3.0,,,1.0,,,5.0,1.0,,0.19,1.0,86.0,2.0,0.0,17.0,1.0,4.82352941176471,2.0,1.0,0.0,,0.8,0.0,2.0,0.0,,47.0,,,,1.0,1.5,,,
hive@1,1695,9,0.0,0.6265060240963854,0.08210260396424407,1.0,,1.0,,,1.0,,,7.0,0.0,,0.23,2.0,78.0,2.0,3.0,22.0,1.0,4.58823529411765,1.0,1.0,0.0,,0.666666666666667,0.0,2.0,1.0,,58.0,,,,1.0,0.666666666666667,,,
hive@1,1814,0,0.001035380428351754,0.6071470831854209,0.060055883814231645,6.0,,1.0,,,2.0,,,0.0,3.0,,0.37,1.0,93.0,2.0,0.0,29.0,3.0,2.96,0.0,0.0,0.0,,0.666666666666667,0.0,2.0,1.0,,157.0,,,,1.0,1.0,,,
hive@1,1855,0,0.0,1.0,0.6435173177504914,7.0,,1.0,,,1.0,,,2.0,28.0,,0.21,0.0,90.0,1.0,0.0,4.0,1.0,3.70833333333333,1.0,1.0,0.0,,0.0,0.0,1.0,0.0,,55.0,,,,1.0,0.75,,,
hive@1,1935,14,0.0013373493975903184,0.6459156626506025,0.09684868506283195,9.0,,1.0,,,1.0,,,0.0,13.0,,0.83,0.0,87.778,1.0,0.0,21.0,2.0,1.46875,0.0,0.0,0.0,,0.571428571428571,0.0,2.0,1.0,,344.0,,,,1.0,0.447761194029851,,,
hive@1,1945,14,0.0,0.75,0.37293046357615894,10.0,,1.0,,,3.0,,,0.0,4.0,,0.21,2.0,91.0,1.0,0.0,13.0,1.0,3.31578947368421,0.0,1.0,0.0,,0.4375,0.0,3.0,0.0,,255.0,,,,1.0,0.694915254237288,,,
hive@1,1958,4,0.06251656272971887,0.9489685162921123,0.19919337906273665,4.0,,1.0,,,3.0,,,1.0,3.0,,0.19,3.0,88.0,2.0,1.0,43.0,3.0,4.76,0.0,1.0,0.0,,0.0,0.0,8.0,10.0,,58.0,,,,1.0,1.32142857142857,,,
hive@1,1965,4,0.006139549804813664,1.0091556952604053,0.6398220496774276,4.0,,2.0,,,2.0,,,0.0,5.0,,0.2,2.0,86.0,2.0,0.0,33.0,2.0,4.0,0.0,1.0,0.0,,1.0,0.0,3.0,2.0,,72.0,,,,1.0,1.38888888888889,,,
hive@1,1966,13,0.016666666666666503,0.9000000000000001,0.5723072720883909,1.0,,1.0,,,4.0,,,0.0,6.0,,0.23,4.0,88.0,3.0,0.0,17.0,2.0,5.33333333333333,0.0,1.0,0.0,,0.0,0.0,5.0,10.0,,77.0,,,,1.0,1.35714285714286,,,
hive@1,2049,0,0.0,1.0,0.4894067796610169,7.0,,4.0,,,9.0,,,0.0,1.0,,0.44,4.0,80.0,2.0,0.0,29.0,2.0,4.6,2.0,2.0,0.0,,0.615384615384615,0.0,2.0,2.0,,166.0,,,,1.0,2.5,,,
hive@1,2110,15,0.01666666666666642,0.8500000000000001,0.537238778937706,8.0,,1.0,,,1.0,,,0.0,40.0,,0.04,0.0,66.0,2.0,0.0,50.0,1.0,6.54838709677419,0.0,1.0,0.0,,0.0,0.0,3.0,1.0,,52.0,,,,1.0,0.973684210526316,,,
jruby@0,233,14,0.0,0.6089385474860335,0.04477429352036864,1.0,0.0,1.0,3.0,29.0,0.0,,8.0,1.0,6.0,,0.13,0.0,93.0,2.0,0.0,12.0,2.0,3.325,1.0,1.0,0.0,,1.0,0.0,3.0,4.0,,50.0,,,,1.0,0.857142857142857,142.0,,
jruby@0,235,4,0.004999999999999991,0.625,0.17175799086757995,26.0,1.0,1.0,1.0,3.0,0.0,,2.0,6.0,1.0,,0.07,0.0,71.0,4.0,3.0,17.0,2.0,4.52830188679245,0.0,1.0,0.0,,0.666666666666667,0.0,3.0,4.0,,40.0,,,,1.0,0.839285714285714,48.0,,
jruby@0,237,10,0.006897575316263238,0.5036263978630982,0.0787693097060821,3.0,1.0,1.0,11.0,26.0,0.0,,5.0,1.0,3.0,,0.1,1.0,95.0,5.0,0.0,9.0,2.0,4.0,1.0,1.0,0.0,,0.363636363636364,0.0,4.0,6.0,,51.0,,,,1.0,0.918918918918919,32.667,,
jruby@0,242,2,0.00023915940543311117,0.5950453100973859,0.02556235352339208,3.0,18.0,1.0,6.0,9.0,0.0,,7.0,3.0,9.0,,0.09,0.0,100.0,5.0,2.0,23.0,3.0,2.6271186440678,0.0,0.0,0.0,,0.666666666666667,0.0,3.0,4.0,,39.0,,,,1.0,0.402985074626866,32.667,,
jruby@0,285,0,0.07441045291575676,0.5919068083112511,0.2256386967189653,29.0,38.0,1.0,12.0,1.0,0.0,,16.0,2.0,35.0,,0.1,0.0,98.0,4.0,4.0,9.0,2.0,3.1497005988024,0.0,0.0,0.0,,0.5,0.0,5.0,5.0,,144.0,,,,0.0,0.755434782608696,2.0,,
jruby@0,289,0,0.0023577652485904706,0.5232188621219888,0.0820389190335637,21.0,0.0,1.0,1.0,7.0,0.0,,1.0,2.0,3.0,,0.12,0.0,78.0,5.0,0.0,21.0,1.0,4.890625,0.0,1.0,0.0,,0.894736842105263,0.0,4.0,6.0,,63.0,,,,1.0,0.681818181818182,82.0,,
jruby@0,292,9,0.16465546018755992,0.7517909225091538,0.31867071688898135,6.0,0.0,2.0,59.0,52.0,0.0,,57.0,0.0,1.0,,0.08,0.0,57.0,1.0,21.0,1.0,2.0,3.3030303030303,0.0,1.0,0.0,,0.952380952380952,1.0,1.0,8.0,,88.0,,,,1.0,0.2,2598.0,,
jruby@0,304,0,0.00010251153254741137,0.5893388006150693,0.028639601265487195,15.0,0.0,1.0,2.0,211.0,0.0,,2.0,0.0,1.0,,0.04,0.0,100.0,2.0,0.0,65.0,1.0,5.43457943925234,0.0,1.0,0.0,,0.6875,0.0,2.0,5.0,,49.0,,,,1.0,0.497695852534562,10.0,,
jruby@0,356,0,0.03794525740750145,0.5131180631284192,0.14372007445151982,19.0,54.0,1.0,4.0,1.0,0.0,,5.0,0.0,171.0,,0.21,0.0,99.0,2.0,0.0,131.0,2.0,13.8922716627635,0.0,0.0,0.0,,0.9,3.0,3.0,11.0,,524.0,,,,1.0,0.244239631336406,32.667,,
jruby@0,357,0,0.00037590978985136434,0.5279002562788314,0.07781211403524277,6.0,0.0,2.0,0.0,41.0,0.0,,2.0,0.0,6.0,,0.09,1.0,66.0,1.0,0.0,22.0,1.0,4.8695652173913,1.0,2.0,0.0,,0.6,0.0,4.0,5.0,,45.0,,,,1.0,1.06122448979592,32.667,,
jruby@0,358,0,0.007752670104085661,0.5318115852909838,0.10720824299527068,63.0,0.0,1.0,5.0,26.0,1.0,,9.0,0.0,6.0,,0.17,0.0,85.0,3.0,1.0,33.0,2.0,5.91034482758621,0.0,1.0,0.0,,0.9,3.0,4.0,11.0,,454.0,,,,1.0,0.85,10.0,,
jruby@0,359,0,0.006239898359318805,0.5035769292420048,0.07885090794322575,33.0,0.0,2.0,27.0,22.0,0.0,,3.0,0.0,4.0,,0.11,0.0,97.0,4.0,0.0,7.0,2.0,3.88461538461538,0.0,1.0,0.0,,1.0,0.0,3.0,4.0,,138.0,,,,1.0,0.712962962962963,82.0,,
jruby@0,360,3,0.03227168312186881,0.5990280327932319,0.1086880893462232,11.0,1.0,2.0,4.0,13.0,1.0,,1.0,0.0,1.0,,0.26,0.0,88.0,5.0,0.0,17.0,1.0,4.31884057971014,0.0,1.0,0.0,,0.75,0.0,6.0,5.0,,73.0,,,,1.0,0.816901408450704,32.667,,
jruby@0,363,8,0.018698027598073683,0.6223350352998985,0.15811677735613083,6.0,0.0,1.0,5.0,9.0,1.0,,8.0,6.0,14.0,,0.19,0.0,96.0,4.0,3.0,29.0,2.0,6.52252252252252,0.0,1.0,0.0,,0.714285714285714,0.0,3.0,5.0,,73.0,,,,1.0,0.725,32.667,,
jruby@0,368,11,0.038075960913624765,0.6027070287935676,0.11865611063767063,12.0,0.0,1.0,1.0,34.0,1.0,,2.0,4.0,5.0,,0.33,1.0,94.0,3.0,0.0,22.0,2.0,3.28571428571429,0.0,2.0,0.0,,0.25,0.0,4.0,8.0,,50.0,,,,1.0,0.653846153846154,10.0,,
jruby@0,369,1,0.03560448195188868,0.7136856384176999,0.2964912158753031,5.0,0.0,1.0,0.0,1.0,0.0,,50.0,0.0,16.0,,0.03,0.0,16.0,1.0,0.0,22.0,2.0,4.47457627118644,1.0,2.0,0.0,,0.648648648648649,0.0,5.0,1.0,,36.0,,,,1.0,0.644970414201183,82.0,,
jruby@0,370,0,0.003382880574064586,0.5486417221937469,0.05965110730129555,6.0,3.0,1.0,1.0,25.0,0.0,,8.0,3.0,6.0,,0.14,0.0,86.0,3.0,0.0,18.0,2.0,6.83333333333333,1.0,2.0,0.0,,0.5,0.0,5.0,1.0,,39.0,,,,1.0,0.411764705882353,10.0,,
jruby@0,373,11,0.0867205814417544,0.40714153468799635,0.1788772320773845,17.0,1.0,2.0,11.0,43.0,2.0,,5.0,3.0,2.0,,1.0,2.0,96.0,4.0,1.0,0.0,2.0,4.0,0.0,1.0,0.0,,0.333333333333333,0.0,4.0,9.0,,246.0,,,,1.0,1.15853658536585,0.0,,
jruby@0,375,1,3.413634033828771e-05,0.6038613018964634,0.022499508298131816,3.0,0.0,1.0,0.0,27.0,0.0,,1.0,0.0,0.0,,0.17,1.0,0.0,1.0,0.0,9.0,1.0,4.11111111111111,2.0,3.0,0.0,,0.5,0.0,3.0,6.0,,41.0,,,,1.0,0.655172413793103,32.667,,
jruby@0,376,15,0.03186406937939697,0.5462289922163794,0.13559986426436632,36.0,0.0,1.0,8.0,16.0,0.0,,3.0,0.0,2.0,,0.21,0.0,92.0,5.0,0.0,9.0,2.0,6.24409448818898,0.0,1.0,0.0,,0.9,0.0,4.0,7.0,,170.0,,,,1.0,0.603053435114504,92.0,,
jruby@0,377,7,0.01716094068350807,0.4731749108215773,0.08197219216826596,2.0,0.0,1.0,13.0,0.0,2.0,,2.0,1.0,1.0,,0.35,0.0,93.0,4.0,0.0,20.0,2.0,6.16981132075472,0.0,1.0,0.0,,0.571428571428571,0.0,6.0,6.0,,165.0,,,,1.0,0.625,0.0,,
jruby@0,379,15,0.0327630565566722,0.41538090074064266,0.24173458649752216,2.0,0.0,1.0,0.0,0.0,0.0,,22.0,0.0,0.0,,0.2,0.0,0.0,4.0,0.0,0.0,1.0,2.67241379310345,0.0,2.0,0.0,,0.583333333333333,0.0,5.0,5.0,,75.0,,,,1.0,0.345679012345679,106.0,,
jruby@0,380,9,0.10073717051778744,0.6817457909767313,0.30708280280605066,33.0,6.0,1.0,20.0,0.0,0.0,,47.0,1.0,26.0,,0.19,0.0,97.0,4.0,26.0,1.0,2.0,3.47619047619048,0.0,0.0,0.0,,0.394736842105263,0.0,4.0,12.0,,0.0,,,,1.0,0.437275985663082,0.0,,
jruby@0,384,13,0.07539757061618775,0.5549752359363257,0.1892882796673814,23.0,0.0,2.0,6.0,38.0,2.0,,3.0,16.0,5.0,,1.0,2.0,97.0,3.0,3.0,50.0,2.0,4.69411764705882,0.0,1.0,0.0,,0.9,2.0,3.0,11.0,,543.0,,,,1.0,1.10919540229885,10.0,,
jruby@0,385,10,0.012628598150276695,0.4946585429221081,0.19733776567742176,3.0,0.0,1.0,4.0,31.0,0.0,,15.0,4.0,2.0,,0.06,0.0,100.0,4.0,2.0,1.0,2.0,2.83673469387755,0.0,1.0,0.0,,0.407407407407407,0.0,5.0,3.0,,35.0,,,,1.0,0.784615384615385,82.0,,
jruby@0,386,0,0.08621485106238784,0.6849611857030078,0.3657471110215874,6.0,0.0,1.0,1.0,0.0,1.0,,9.0,0.0,1.0,,0.16,1.0,100.0,4.0,5.0,62.0,2.0,3.70940170940171,0.0,1.0,0.0,,0.409090909090909,0.0,4.0,10.0,,42.0,,,,1.0,0.645669291338583,0.0,,
jruby@0,390,17,0.00010251153254740893,0.5533572526909278,0.05563406917761009,8.0,0.0,1.0,7.0,38.0,0.0,,2.0,0.0,2.0,,0.19,0.0,97.0,1.0,0.0,12.0,1.0,3.64102564102564,2.0,1.0,0.0,,1.0,0.0,2.0,5.0,,103.0,,,,1.0,0.714285714285714,0.0,,
jruby@0,397,13,0.009829454098471515,0.4641077061632413,0.11518750169983742,9.0,1.0,1.0,4.0,27.0,2.0,,5.0,10.0,0.0,,0.45,0.0,100.0,3.0,5.0,9.0,2.0,7.42105263157895,0.0,1.0,0.0,,0.4,0.0,5.0,5.0,,257.0,,,,1.0,0.435643564356436,10.0,,
jruby@0,398,0,0.011173184357541902,0.5307262569832403,0.12000978673082417,8.0,1.0,1.0,1.0,7.0,7.0,,4.0,6.0,0.0,,1.29,0.0,100.0,3.0,59.0,9.0,2.0,5.27722772277228,0.0,1.0,0.0,,0.5,0.0,4.0,10.0,,869.0,,,,1.0,0.433962264150943,129.0,,
jruby@0,405,0,0.018639680110194776,0.6699052560981408,0.2549414704241795,42.0,17.0,2.0,11.0,1.0,0.0,,5.0,0.0,7.0,,0.09,0.0,100.0,3.0,0.0,33.0,3.0,6.19047619047619,0.0,1.0,0.0,,0.411764705882353,0.0,2.0,12.0,,155.0,,,,0.0,1.0530303030303,32.667,,
jruby@0,408,1,0.09020001761630211,0.6263633480935388,0.21984578029647314,142.0,19.0,2.0,8.0,0.0,0.0,,7.0,3.0,15.0,,0.07,0.0,100.0,3.0,0.0,50.0,2.0,6.22693726937269,0.0,1.0,0.0,,0.392857142857143,0.0,2.0,11.0,,380.0,,,,0.0,0.84,0.0,,
jruby@0,409,0,3.413634033828791e-05,0.5964804715530498,0.024889549126000814,14.0,0.0,1.0,2.0,2.0,0.0,,2.0,2.0,7.0,,0.07,1.0,88.0,3.0,0.0,25.0,2.0,2.89189189189189,0.0,1.0,0.0,,0.4,0.0,4.0,2.0,,47.0,,,,1.0,0.766233766233766,32.667,,
jruby@0,415,0,0.04507039626884903,0.5254282445163831,0.12420272286067854,11.0,1.0,1.0,1.0,0.0,1.0,,2.0,1.0,20.0,,0.21,1.0,100.0,3.0,0.0,37.0,2.0,3.10126582278481,0.0,0.0,0.0,,0.526315789473684,0.0,4.0,9.0,,149.0,,,,0.0,0.585365853658537,32.667,,
jruby@0,417,16,0.011173184357541902,0.5083798882681564,0.14194837499490276,3.0,0.0,1.0,13.0,17.0,0.0,,2.0,2.0,2.0,,0.12,1.0,94.0,3.0,0.0,1.0,2.0,3.04166666666667,0.0,1.0,0.0,,0.571428571428571,0.0,5.0,9.0,,84.0,,,,1.0,0.52,54.0,,
jruby@0,421,16,0.037472501577368804,0.4462514882500614,0.18912278187945783,9.0,3.0,1.0,14.0,0.0,0.0,,26.0,25.0,20.0,,0.05,0.0,91.0,4.0,7.0,0.0,2.0,2.18791946308725,0.0,0.0,0.0,,0.647058823529412,0.0,5.0,3.0,,55.0,,,,1.0,1.2,1261.0,,
jruby@0,467,18,0.018898099922422914,0.571958496232266,0.24623047202836731,0.0,0.0,2.0,6.0,1.0,1.0,,11.0,26.0,19.0,,0.23,1.0,91.0,2.0,5.0,30.0,2.0,4.43076923076923,0.0,0.0,0.0,,0.571428571428571,0.0,3.0,7.0,,182.0,,,,0.0,1.18181818181818,32.667,,
jruby@0,488,18,0.0019736390733504014,0.45426253998446225,0.12461923664450758,25.0,0.0,1.0,3.0,12.0,0.0,,3.0,1.0,27.0,,0.22,0.0,100.0,1.0,0.0,9.0,1.0,16.4110429447853,0.0,0.0,0.0,,0.8,0.0,2.0,5.0,,221.0,,,,0.0,0.317365269461078,32.667,,
jruby@0,505,7,0.022777765001907067,0.4785139949135771,0.1707452137295103,19.0,1.0,4.0,15.0,22.0,0.0,,6.0,0.0,8.0,,0.09,1.0,57.0,1.0,2.0,3.0,2.0,5.62857142857143,1.0,1.0,0.0,,0.5,0.0,3.0,5.0,,59.0,,,,1.0,1.54761904761905,32.667,,
jruby@0,510,0,0.002255253716043055,0.5457713992824192,0.062105728273741154,19.0,0.0,2.0,4.0,2.0,3.0,,1.0,0.0,10.0,,0.3,1.0,86.0,1.0,0.0,10.0,3.0,4.05970149253731,0.0,1.0,0.0,,0.909090909090909,0.0,2.0,3.0,,275.0,,,,1.0,1.31884057971015,82.0,,
jruby@0,531,3,0.12218108131593503,0.5636331517833776,0.2123088157483743,0.0,0.0,2.0,16.0,0.0,8.0,,20.0,0.0,2.0,,0.52,1.0,96.0,1.0,18.0,11.0,2.0,4.25974025974026,1.0,0.0,0.0,,0.5,0.0,5.0,4.0,,721.0,,,,1.0,0.704081632653061,0.0,,
jruby@0,532,17,0.0,0.7272727272727272,0.26271525830997206,4.0,0.0,1.0,34.0,0.0,1.0,,2.0,0.0,7.0,,0.11,0.0,83.0,2.0,0.0,2.0,1.0,7.0,0.0,1.0,0.0,,0.5,0.0,5.0,3.0,,52.0,,,,1.0,1.05263157894737,460.0,,
jruby@0,535,18,0.048120148182095486,0.5297498247537088,0.12796509798108752,14.0,2.0,2.0,6.0,0.0,1.0,,14.0,0.0,42.0,,0.17,0.0,100.0,2.0,5.0,16.0,2.0,3.71212121212121,0.0,0.0,0.0,,0.5,0.0,3.0,5.0,,119.0,,,,0.0,0.962962962962963,0.0,,
jruby@0,538,0,0.030769230769230764,0.646153846153846,0.1112179487179487,17.0,14.0,3.0,25.0,7.0,3.0,,2.0,0.0,7.0,,0.18,2.0,95.0,1.0,0.0,15.0,1.0,4.97222222222222,0.0,1.0,0.0,,1.0,0.0,3.0,2.0,,199.0,,,,1.0,1.25641025641026,36.0,,
jruby@0,852,0,0.005128205128205134,0.6102564102564102,0.07692307692307691,4.0,6.0,1.0,34.0,2.0,0.0,,36.0,0.0,8.0,,0.23,0.0,100.0,2.0,17.0,63.0,2.0,4.25757575757576,0.0,1.0,0.0,,1.0,0.0,1.0,0.0,,143.0,,,,1.0,0.339805825242718,152.0,,
jruby@0,911,0,0.00010251153254741546,0.5581752947206561,0.051626928719136086,8.0,0.0,1.0,0.0,12.0,0.0,,3.0,0.0,2.0,,0.04,1.0,91.0,3.0,3.0,24.0,2.0,4.06451612903226,0.0,2.0,0.0,,1.0,0.0,2.0,0.0,,10.0,,,,1.0,0.714285714285714,82.0,,
jruby@0,928,15,0.0045343141650982305,0.598511174744873,0.0916892838262404,7.0,4.0,1.0,22.0,5.0,3.0,,4.0,17.0,7.0,,0.84,0.0,98.0,1.0,1.0,31.0,8.0,15.928,0.0,0.0,0.0,,0.9,0.0,3.0,5.0,,582.0,,,,1.0,0.453846153846154,32.667,,
jruby@0,929,15,0.005586592178770951,0.5642458100558659,0.08722423847000775,12.0,9.0,1.0,3.0,36.0,2.0,,3.0,0.0,2.0,,0.3,0.0,80.0,4.0,0.0,9.0,2.0,4.13698630136986,1.0,1.0,0.0,,0.777777777777778,0.0,1.0,2.0,,206.0,,,,1.0,0.636363636363636,58.0,,
jruby@0,931,2,0.0,0.6027678113787801,0.02272009049293908,3.0,1.0,2.0,0.0,19.0,0.0,,2.0,0.0,3.0,,0.11,0.0,84.0,3.0,0.0,14.0,2.0,3.58620689655172,1.0,1.0,0.0,,0.666666666666667,0.0,2.0,2.0,,29.0,,,,1.0,0.71875,82.0,,
jruby@1,210,0,0.0,0.8,0.1384057971014493,0.0,0.0,1.0,0.0,0.0,0.0,,1.0,0.0,3.0,,0.67,0.0,60.0,2.0,0.0,10.0,2.0,3.4,1.0,1.0,0.0,,1.0,0.0,3.0,3.0,,43.0,1.0,2.9,,1.0,0.416666666666667,,10.0,
jruby@1,256,11,1.0649042075089434,1.629883441054089,1.256720699718303,8.0,0.0,1.0,0.0,0.0,0.0,,14.0,14.0,15.0,,0.08,1.0,93.0,1.0,2.0,3.0,2.0,5.80645161290323,0.0,0.0,0.0,,0.821428571428571,0.0,1.0,1.0,,171.0,145.0,0.0,,1.0,0.280172413793103,,0.0,
jruby@1,270,4,0.42356947528544314,0.8923606685244833,0.6252854817570466,1.0,0.0,1.0,18.0,7.0,0.0,,3.0,0.0,31.0,,0.13,1.0,96.0,1.0,0.0,5.0,3.0,5.72881355932203,1.0,1.0,0.0,,1.0,0.0,1.0,2.0,,0.0,45.0,2.7,,1.0,0.333333333333333,,1.0,
jruby@1,468,0,0.07462977969159712,0.40294138009369285,0.16094309134602738,1.0,0.0,1.0,4.0,37.0,0.0,,8.0,1.0,7.0,,0.12,0.0,93.0,2.0,0.0,13.0,2.0,3.33333333333333,1.0,1.0,0.0,,0.666666666666667,0.0,4.0,2.0,,57.0,6.0,3.2,,1.0,0.842105263157895,,11.0,
jruby@1,474,0,0.0,0.9333333333333332,0.26642512077294683,1.0,1.0,1.0,1.0,5.0,0.0,,2.0,0.0,0.0,,0.26,0.0,87.0,6.0,1.0,10.0,2.0,4.11111111111111,2.0,2.0,0.0,,1.0,0.0,4.0,3.0,,33.0,1.0,7.0,,1.0,0.75,,4.0,
jruby@1,477,9,0.11758924628523147,0.6633715595541461,0.40519771751330513,1.0,19.0,1.0,8.0,9.0,0.0,,7.0,3.0,10.0,,0.09,0.0,87.0,5.0,2.0,23.0,4.0,2.69354838709677,0.0,0.0,0.0,,0.454545454545455,0.0,4.0,1.0,,40.0,19.0,3.37096774193548,,1.0,0.414285714285714,,53.0,
jruby@1,496,0,0.6038257749263279,1.0836525535844115,0.7898552165182139,26.0,0.0,1.0,22.0,1.0,2.0,,2.0,7.0,10.0,,0.0,2.0,33.0,2.0,1.0,42.0,2.0,7.76363636363636,2.0,1.0,0.0,,1.0,0.0,1.0,3.0,,216.0,1068.0,20.0,,1.0,1.22413793103448,,17.0,
jruby@1,522,7,0.0007927392293314557,0.5985676643470039,0.06239695627087502,21.0,0.0,1.0,9.0,28.0,0.0,,11.0,0.0,0.0,,0.09,0.0,95.0,1.0,4.0,18.0,2.0,4.44736842105263,1.0,1.0,0.0,,1.0,0.0,1.0,0.0,,31.0,255.0,3.2,,1.0,0.901960784313726,,10.0,
jruby@1,539,9,0.031606943301134095,0.37057690286855494,0.22987111764796095,9.0,0.0,1.0,1.0,11.0,0.0,,3.0,1.0,2.0,,0.05,1.0,86.0,3.0,3.0,23.0,2.0,4.45945945945946,0.0,1.0,0.0,,1.0,0.0,2.0,0.0,,18.0,2.0,0.0,,1.0,0.829268292682927,,2.0,
jruby@1,542,0,0.6155929720883884,1.057502453763481,0.7741710878950249,13.0,0.0,2.0,5.0,50.0,1.0,,11.0,0.0,3.0,,0.14,1.0,97.0,1.0,0.0,58.0,2.0,5.0655737704918,0.0,1.0,0.0,,0.906976744186046,2.0,3.0,9.0,,137.0,8274.0,20.0,,1.0,0.959459459459459,,11.0,
jruby@1,547,0,2.08382893386736,2.5250378537246827,2.3535013992817295,0.0,38.0,1.0,14.0,21.0,0.0,,22.0,2.0,45.0,,0.1,0.0,72.0,4.0,4.0,0.0,2.0,3.13142857142857,0.0,0.0,0.0,,1.0,0.0,5.0,0.0,,157.0,374.0,0.0,,0.0,0.722222222222222,,154.0,
jruby@1,551,12,0.10307494468046724,0.2338588968187591,0.15988651923086933,21.0,0.0,1.0,2.0,7.0,0.0,,1.0,2.0,5.0,,0.12,0.0,87.0,5.0,0.0,21.0,1.0,5.015625,0.0,1.0,0.0,,0.833333333333333,0.0,4.0,0.0,,68.0,0.0,0.0,,1.0,0.742424242424242,,17.0,
jruby@1,552,0,0.0,0.9333333333333332,0.26642512077294683,2.0,0.0,2.0,2.0,9.0,0.0,,2.0,3.0,1.0,,0.18,0.0,93.0,3.0,2.0,8.0,2.0,4.12121212121212,0.0,1.0,0.0,,1.0,0.0,3.0,7.0,,43.0,76.0,4.09090909090909,,1.0,0.5,,24.0,
jruby@1,567,9,0.3382405277598941,0.9209708640789946,0.5145125755707419,15.0,0.0,1.0,2.0,230.0,0.0,,2.0,0.0,1.0,,0.0,0.0,100.0,2.0,0.0,73.0,1.0,5.59656652360515,0.0,1.0,0.0,,1.0,0.0,2.0,0.0,,0.0,43.0,3.90557939914163,,1.0,0.48728813559322,,3.0,
jruby@1,602,10,0.07122768618192701,0.42437248967836894,0.14032804907958207,1.0,0.0,1.0,0.0,9.0,0.0,,10.0,1.0,4.0,,0.11,0.0,60.0,4.0,1.0,11.0,2.0,2.95238095238095,0.0,2.0,0.0,,0.5,0.0,7.0,4.0,,86.0,36.0,3.2,,1.0,0.3,,33.0,
jruby@1,603,0,0.03724848292434427,0.754187844430986,0.4861960296964713,3.0,2.0,2.0,0.0,1.0,2.0,,3.0,1.0,4.0,,0.28,1.0,62.0,1.0,0.0,13.0,2.0,3.4375,0.0,1.0,0.0,,0.666666666666667,0.0,5.0,8.0,,86.0,34.0,2.7,,1.0,1.45,,15.0,
jruby@1,625,4,1.1548741814450227,1.838284889876008,1.335404846708346,0.0,0.0,1.0,138.0,387.0,1.0,,1.0,2.0,4.0,,1.0,0.0,99.0,1.0,0.0,94.0,2.0,4.66835443037975,1.0,1.0,0.0,,0.8,0.0,2.0,1.0,,0.0,8702.0,4.31645569620253,,1.0,0.183879093198992,,8.0,
jruby@1,635,8,1.6965690250479566,1.9953728449925674,1.8568515255663018,2.0,55.0,1.0,3.0,12.0,0.0,,8.0,0.0,187.0,,1.0,0.0,100.0,2.0,4.0,13.0,2.0,13.8152866242038,0.0,0.0,0.0,,0.5,4.0,4.0,14.0,,575.0,6.0,2.92356687898089,,1.0,0.261954261954262,,459.0,
jruby@1,637,0,1.6943361130491816,2.0935185444620545,1.9949148285760026,68.0,0.0,2.0,5.0,29.0,1.0,,12.0,0.0,6.0,,10.7,0.0,85.0,3.0,1.0,3.0,2.0,6.05956112852665,0.0,1.0,0.0,,0.314285714285714,0.0,6.0,10.0,,461.0,0.0,0.0,,1.0,0.903614457831325,,290.0,
jruby@1,638,0,0.751058571474782,1.3163598555299008,0.9145231761091986,0.0,4.0,1.0,22.0,5.0,3.0,,4.0,17.0,7.0,,0.81,0.0,0.0,1.0,1.0,0.0,8.0,15.9015151515152,0.0,0.0,0.0,,0.75,0.0,2.0,6.0,,612.0,186.0,0.0,,1.0,0.467153284671533,,127.0,
jruby@1,640,9,0.07420917101262758,0.7306472094757773,0.39326404577363067,2.0,1.0,2.0,4.0,13.0,1.0,,1.0,0.0,1.0,,0.25,0.0,88.0,5.0,0.0,8.0,1.0,4.36111111111111,0.0,1.0,0.0,,1.0,0.0,6.0,6.0,,163.0,11.0,5.76388888888889,,1.0,0.810810810810811,,59.0,
jruby@1,643,3,0.3773715972407344,0.6748927478307265,0.4484579394531695,7.0,0.0,1.0,5.0,9.0,1.0,,9.0,6.0,17.0,,0.18,0.0,72.0,4.0,3.0,5.0,2.0,6.71074380165289,0.0,1.0,0.0,,1.0,3.0,3.0,7.0,,192.0,6.0,4.41322314049587,,1.0,0.778625954198473,,112.0,
jruby@1,649,7,0.2605490322406477,0.6520571822876547,0.38195315765740573,6.0,3.0,1.0,4.0,9.0,0.0,,14.0,0.0,4.0,,0.6,0.0,100.0,3.0,0.0,16.0,2.0,2.67391304347826,0.0,1.0,0.0,,0.25,0.0,4.0,6.0,,46.0,6.0,2.7,,1.0,0.459016393442623,,17.0,
jruby@1,652,9,0.18356335681218836,0.22755171490244677,0.19700936218661194,5.0,0.0,1.0,0.0,0.0,0.0,,54.0,0.0,23.0,,0.03,1.0,16.0,1.0,0.0,3.0,2.0,3.8,1.0,2.0,0.0,,0.8,0.0,1.0,1.0,,38.0,20.0,5.47445255474453,,1.0,0.682291666666667,,3.0,
jruby@1,653,0,0.004149530510164882,0.46968125948090034,0.08734790376849219,6.0,3.0,1.0,1.0,27.0,0.0,,8.0,3.0,6.0,,0.13,0.0,89.0,3.0,0.0,19.0,2.0,6.60416666666667,1.0,2.0,0.0,,0.75,0.0,6.0,0.0,,39.0,6.0,3.2,,1.0,0.385964912280702,,21.0,
jruby@1,656,1,0.5577103393503297,0.7945828430724869,0.6325303329410473,1.0,1.0,2.0,11.0,45.0,2.0,,5.0,3.0,2.0,,0.21,2.0,33.0,4.0,1.0,8.0,2.0,4.02564102564103,0.0,1.0,0.0,,0.666666666666667,1.0,4.0,9.0,,259.0,6.0,8.28205128205128,,1.0,1.11904761904762,,33.0,
jruby@1,659,2,0.24115447498215656,0.47717241950264144,0.3229985418792274,36.0,0.0,1.0,8.0,16.0,0.0,,3.0,0.0,2.0,,1.0,0.0,92.0,5.0,0.0,8.0,2.0,1.0,0.0,1.0,0.0,,0.714285714285714,0.0,4.0,8.0,,158.0,2.0,4.064,,1.0,0.643410852713178,,109.0,
jruby@1,660,5,0.20599706822439987,0.42066842668287163,0.28211930490094017,2.0,0.0,1.0,18.0,6.0,2.0,,2.0,1.0,1.0,,0.31,0.0,94.0,4.0,0.0,1.667,2.0,6.96491228070175,0.0,1.0,0.0,,0.352941176470588,0.0,7.0,6.0,,174.0,6.0,1.0,,1.0,0.0,,10.0,
jruby@1,662,5,0.48122069287144853,0.908650007292728,0.6264716883845618,2.0,0.0,1.0,0.0,2.0,0.0,,23.0,0.0,2.0,,0.6,0.0,33.0,4.0,0.0,3.0,2.0,2.62903225806452,0.0,2.0,0.0,,0.0,0.0,4.0,7.0,,79.0,0.0,2.1,,1.0,0.325581395348837,,7.0,
jruby@1,665,1,0.20469285112855032,0.727848040261178,0.3094087618530644,13.0,1.0,2.0,37.0,0.0,0.0,,5.0,3.0,65.0,,0.07,0.0,72.0,1.0,7.0,8.0,2.0,4.26271186440678,0.0,1.0,0.0,,0.53125,0.0,5.0,4.0,,86.0,124.0,2.99152542372881,,0.0,0.524193548387097,,3.0,
jruby@1,667,0,2.25755564918541,2.6905275630683,2.4322571755288673,2.0,0.0,2.0,6.0,43.0,2.0,,5.0,16.0,10.0,,0.22,2.0,72.0,3.0,3.0,8.0,2.0,4.7292817679558,0.0,1.0,0.0,,0.391304347826087,4.0,3.0,12.0,,86.0,507.0,2.1,,1.0,1.12299465240642,,138.0,
jruby@1,668,9,0.3780451058099058,0.6588568689035437,0.495893448269267,3.0,0.0,1.0,4.0,34.0,0.0,,18.0,4.0,2.0,,0.3,1.0,100.0,4.0,2.0,0.0,2.0,2.77777777777778,0.0,1.0,0.0,,0.739130434782609,0.0,6.0,2.0,,45.0,2.0,0.0,,1.0,0.849315068493151,,20.0,
jruby@1,669,0,2.2254136536199853,2.729363910495578,2.4486374473900234,8.0,0.0,1.0,1.0,0.0,1.0,,8.0,0.0,0.0,,0.15,1.0,72.0,4.0,5.0,60.0,2.0,3.71428571428571,0.0,1.0,0.0,,0.342857142857143,0.0,6.0,0.0,,174.0,0.0,6.49206349206349,,1.0,0.651851851851852,,10.0,
jruby@1,680,0,6.470892261300562,6.927331230464877,6.776110692843358,1.0,1.0,36.0,6.0,29.0,2.0,,8.0,10.0,0.0,,0.43,0.0,0.0,3.0,5.0,8.0,2.0,7.5049504950495,0.0,1.0,0.0,,0.428571428571429,0.0,5.0,9.0,,261.0,24.0,3.63366336633663,,1.0,0.4,,72.0,
jruby@1,685,0,0.22275490783827204,0.8315184386755917,0.40160904721842416,3.0,0.0,1.0,1.0,4.0,0.0,,2.0,0.0,4.0,,0.28,1.0,77.0,3.0,0.0,13.0,2.0,6.22727272727273,0.0,1.0,0.0,,0.727272727272727,0.0,3.0,5.0,,53.0,69.0,2.7,,1.0,0.48,,18.0,
jruby@1,689,0,1.2247626653645134,1.6400061748936237,1.3563473717712486,42.0,17.0,2.0,11.0,56.0,0.0,,5.0,0.0,7.0,,0.0,0.0,100.0,3.0,0.0,33.0,3.0,5.73015873015873,0.0,1.0,0.0,,1.0,0.0,3.0,0.0,,155.0,156.0,20.0,,0.0,1.0530303030303,,2.0,
jruby@1,696,0,0.0,0.6677670360763972,0.01076554271791244,20.0,2.0,2.0,3.0,14.0,0.0,,5.0,0.0,14.0,,0.14,0.0,90.0,3.0,0.0,16.0,2.0,3.3125,0.0,0.0,0.0,,1.0,0.0,6.0,8.0,,90.0,6.0,3.85,,1.0,0.674418604651163,,66.0,
jruby@1,702,15,0.08652863807341628,0.14255138078803717,0.106306963002277,3.0,0.0,1.0,13.0,0.0,0.0,,2.0,2.0,2.0,,0.12,1.0,72.0,3.0,0.0,24.0,2.0,3.08219178082192,0.0,1.0,0.0,,0.8,0.0,5.0,0.0,,84.0,3.0,5.64383561643836,,1.0,0.552631578947368,,17.0,
jruby@1,778,12,0.4104660092233823,0.699336880698414,0.5128214972034737,2.0,0.0,2.0,6.0,2.0,1.0,,13.0,29.0,21.0,,0.0,1.0,91.0,2.0,5.0,32.0,2.0,4.43243243243243,0.0,0.0,0.0,,0.321428571428571,0.0,3.0,0.0,,189.0,240.0,2.7,,0.0,1.13636363636364,,17.0,
jruby@1,817,9,0.049875323630661036,0.5012012384081465,0.21723143834591385,19.0,1.0,4.0,15.0,22.0,0.0,,6.0,0.0,8.0,,0.6,1.0,92.0,1.0,2.0,6.0,2.0,5.37142857142857,1.0,1.0,0.0,,0.0,0.0,1.0,6.0,,56.0,0.0,3.71428571428571,,1.0,1.47619047619048,,13.0,
jruby@1,823,0,0.014620793072226072,0.46093701829050393,0.16840074611690467,27.0,0.0,2.0,4.0,4.0,2.0,,3.0,0.0,12.0,,0.28,1.0,87.0,2.0,0.0,5.0,3.0,3.94117647058824,0.0,0.0,0.0,,0.588235294117647,0.0,4.0,2.0,,306.0,2.0,5.37647058823529,,1.0,1.30337078651685,,81.0,
jruby@1,853,0,0.5062318535081466,0.8826709492006435,0.674254648518273,29.0,4.0,2.0,13.0,30.0,1.0,,15.0,0.0,54.0,,0.16,0.0,100.0,2.0,5.0,8.0,2.0,4.15476190476191,0.0,0.0,0.0,,0.392857142857143,0.0,3.0,5.0,,0.0,135.0,2.7,,0.0,0.0,,17.0,
jruby@1,1016,15,0.24677944567811252,0.9075158717033132,0.4527409244927408,0.0,0.0,1.0,1.0,0.0,8.0,,1.0,0.0,5.0,,2.03,0.0,85.0,1.0,0.0,39.0,2.0,9.93457943925234,0.0,1.0,0.0,,0.925925925925926,0.0,1.0,0.0,,1029.0,203.0,2.98130841121495,,1.0,0.226890756302521,,107.0,
jruby@1,1065,0,0.0,0.6851214336241453,0.026069794859702903,1.0,0.0,1.0,3.0,2.0,3.0,,1.0,0.0,3.0,,0.24,1.0,50.0,1.0,0.0,28.0,1.0,4.53061224489796,0.0,0.0,0.0,,0.814814814814815,0.0,1.0,2.0,,457.0,6.0,9.81632653061224,,1.0,0.12,,96.0,
jruby@2,32,5,0.0,0.6172995780590707,0.05640674382061094,0.0,0.0,1.0,0.0,18.0,0.0,,1.0,0.0,0.0,,0.08,0.0,0.0,1.0,0.0,0.0,1.0,1.0,0.0,0.0,0.0,,0.664705882352941,0.0,3.0,2.0,,4.0,,0.565217391304348,,1.0,0.0,,,
jruby@2,476,0,0.009174311926605491,0.5871559633027523,0.22264298262736676,6.0,0.0,1.0,0.0,0.0,8.0,,1.0,0.0,5.0,,2.15,0.0,83.0,1.0,1.0,19.0,2.0,9.36283185840708,0.0,1.0,0.0,,0.504424778761062,0.0,1.0,4.0,,1130.0,,2.99115044247788,,1.0,0.216,,,
jruby@2,575,0,0.0,0.992462311557789,0.046885370247463705,1.0,0.0,1.0,4.0,37.0,0.0,,3.0,1.0,4.0,,0.13,0.0,94.0,2.0,0.0,15.0,2.0,3.16666666666667,1.0,1.0,0.0,,0.888888888888889,0.0,3.0,6.0,,55.0,,6.52380952380952,,1.0,0.73469387755102,,,
jruby@2,578,13,0.0,0.5384615384615385,0.13043478260869565,9.0,1.0,1.0,1.0,15.0,0.0,,2.0,7.0,3.0,,0.11,2.0,94.0,5.0,1.0,14.0,2.0,4.25641025641026,1.0,1.0,0.0,,0.933333333333333,0.0,2.0,8.0,,45.0,,3.87179487179487,,1.0,0.666666666666667,,,
jruby@2,633,1,0.0252954770394307,0.1420920256064577,0.05678529624022845,21.0,0.0,2.0,9.0,0.0,0.0,,2.0,0.0,0.0,,0.09,0.0,95.0,1.0,4.0,20.0,2.0,4.57894736842105,1.0,1.0,0.0,,1.0,0.0,1.0,0.0,,33.0,,3.63157894736842,,1.0,0.941176470588235,,,
jruby@2,658,12,0.041904454412346366,0.15448320255885345,0.10295236796922419,32.0,40.0,1.0,18.0,0.0,0.0,,3.0,0.0,47.0,,0.12,0.0,98.0,4.0,4.0,19.0,2.0,3.2817679558011,0.0,0.0,0.0,,0.699822380106572,0.0,4.0,13.0,,198.0,,5.27624309392265,,0.0,0.760975609756098,,,
jruby@2,678,0,0.08456659619450317,0.8498942917547568,0.6657316894480143,20.0,0.0,1.0,2.0,2.0,0.0,,2.0,0.0,2.0,,0.05,0.0,100.0,2.0,0.0,89.0,1.0,5.8,0.0,1.0,0.0,,0.763048016701461,0.0,1.0,13.0,,99.0,,3.8625,,1.0,0.507739938080495,,,
jruby@2,748,7,0.017635761481364875,0.12608496981404763,0.05860995841698497,26.0,53.0,1.0,8.0,0.0,1.0,,0.0,0.0,206.0,,0.25,0.0,100.0,2.0,3.0,159.0,2.0,15.0836431226766,0.0,0.0,0.0,,0.821696252465483,5.0,1.0,21.0,,747.0,,2.90520446096654,,1.0,0.254545454545455,,,
jruby@2,750,8,0.07345689486796866,0.18755147387646812,0.10752060198649752,78.0,0.0,2.0,6.0,0.0,1.0,,0.0,1.0,6.0,,0.16,1.0,87.0,3.0,1.0,12.0,3.0,6.62099125364431,0.0,1.0,0.0,,0.401880141010576,0.0,6.0,19.0,,47.0,,5.21865889212828,,1.0,0.896067415730337,,,
jruby@2,765,8,0.0,0.5714285714285715,0.24880952380952379,7.0,0.0,1.0,0.0,99.0,0.0,,59.0,0.0,29.0,,0.04,0.0,25.0,1.0,0.0,34.0,2.0,4.84375,0.0,1.0,0.0,,0.0,0.0,4.0,0.0,,56.0,,5.41875,,1.0,0.681818181818182,,,
jruby@2,769,12,0.05301859431340216,0.16731478099415828,0.09572183265518298,24.0,1.0,2.0,15.0,0.0,2.0,,0.0,5.0,2.0,,0.2,1.0,96.0,4.0,1.0,12.0,2.0,4.67708333333333,0.0,0.0,0.0,,0.445103857566766,0.0,4.0,15.0,,282.0,,7.90625,,1.0,1.11881188118812,,,
jruby@2,775,0,0.04522613065326633,1.0452261306532664,0.09917512088745613,3.0,0.0,1.0,0.0,2.0,0.0,,2.0,2.0,3.0,,0.14,0.0,80.0,5.0,2.0,48.0,2.0,2.98648648648649,0.0,2.0,0.0,,0.539617486338798,0.0,3.0,12.0,,91.0,,4.67567567567568,,1.0,0.346534653465347,,,
jruby@2,780,1,0.43929112196922765,0.6505090950274568,0.5907635704863005,43.0,0.0,2.0,7.0,73.0,1.0,,6.0,17.0,14.0,,0.9,2.0,97.0,3.0,3.0,0.0,0.0,4.69918699186992,0.0,0.0,0.0,,0.0,2.0,3.0,0.0,,498.0,,7.72357723577236,,1.0,1.12252964426877,,,
jruby@2,782,2,0.21326386452185228,0.3289500351402003,0.2536898581734482,14.0,0.0,1.0,1.0,0.0,0.0,,0.0,1.0,0.0,,0.1,0.0,99.0,4.0,5.0,65.0,2.0,3.46478873239437,1.0,1.0,0.0,,0.614654002713704,0.0,4.0,14.0,,39.0,,0.0,,1.0,0.442982456140351,,,
jruby@2,788,0,0.0,1.035072949976649,0.670154611777215,32.0,5.0,1.0,10.0,2.0,1.0,,14.0,23.0,36.0,,0.26,0.0,100.0,4.0,20.0,76.0,1.0,7.16666666666667,0.0,1.0,0.0,,0.737628384687208,0.0,5.0,15.0,,654.0,,4.2953216374269,,1.0,0.633053221288515,,,
jruby@2,793,3,0.04306330926903318,0.14382393698350793,0.08862340668387517,10.0,1.0,1.0,6.0,0.0,2.0,,0.0,9.0,0.0,,0.45,0.0,100.0,3.0,5.0,9.0,2.0,8.43564356435644,0.0,1.0,0.0,,1.0,0.0,5.0,10.0,,270.0,,3.58415841584158,,1.0,0.381818181818182,,,
jruby@2,806,5,0.20964425347965404,0.2581166041141405,0.24648680875670206,156.0,16.0,2.0,12.0,0.0,0.0,,9.0,3.0,18.0,,0.07,0.0,100.0,3.0,0.0,54.0,2.0,5.80628272251309,1.0,1.0,0.0,,0.0,4.0,2.0,0.0,,469.0,,6.14485165794066,,0.0,0.5,,,
jruby@2,816,0,0.028245654938132556,0.679317625419918,0.24345573945019158,9.0,0.0,1.0,19.0,2.0,0.0,,5.0,2.0,2.0,,0.11,1.0,95.0,3.0,0.0,26.0,2.0,3.33707865168539,0.0,1.0,0.0,,0.66403162055336,0.0,4.0,10.0,,103.0,,5.86516853932584,,1.0,0.568421052631579,,,
jruby@2,905,0,0.016838314477400505,0.5208867011042518,0.14066935317356086,9.0,0.0,2.0,0.0,2.0,1.0,,3.0,32.0,23.0,,0.25,1.0,100.0,2.0,6.0,43.0,2.0,4.41176470588235,0.0,0.0,0.0,,0.41839762611276,0.0,4.0,14.0,,264.0,,5.48235294117647,,0.0,1.08910891089109,,,
jruby@2,956,0,0.0,1.0,0.5865384615384616,27.0,0.0,2.0,5.0,6.0,2.0,,3.0,0.0,13.0,,0.27,1.0,89.0,2.0,0.0,18.0,1.0,3.93333333333333,0.0,0.0,0.0,,1.0,0.0,3.0,5.0,,297.0,,5.18888888888889,,1.0,1.24468085106383,,,
jruby@2,988,0,0.04822310026133634,0.16502298058504836,0.07917728463840124,37.0,4.0,2.0,12.0,2.0,1.0,,3.0,0.0,54.0,,0.14,0.0,100.0,2.0,5.0,19.0,2.0,4.51960784313725,0.0,0.0,0.0,,0.66798418972332,0.0,3.0,6.0,,168.0,,4.83333333333333,,0.0,1.02542372881356,,,
jruby@2,1016,1,0.0027894002789400144,0.7887029288702929,0.28308344955834497,1.0,0.0,1.0,3.0,2.0,3.0,,1.0,0.0,3.0,,0.24,1.0,52.0,1.0,0.0,32.0,1.0,4.47572815533981,0.0,0.0,0.0,,0.337278106508876,0.0,1.0,3.0,,76.0,,9.68932038834951,,1.0,0.123809523809524,,,
lucene@0,43,0,0.0,0.65,0.3572409878175636,2.0,0.0,1.0,0.0,0.0,0.0,,2.0,0.0,0.0,5.0,0.54,0.0,0.0,4.0,0.0,3.0,1.0,1.42857142857143,0.0,1.0,,,0.2,0.0,4.0,1.0,,,,,,1.0,0.6,,,
lucene@0,46,1,0.0,1.0,0.6134328358208954,0.0,0.0,1.0,0.0,0.0,5.0,,1.0,0.0,0.0,3.0,0.39,5.0,0.0,2.0,0.0,1.0,1.0,0.0,0.0,2.0,,,0.333333333333333,0.0,4.0,1.0,,,,,,1.0,0.6,,,
lucene@0,48,1,0.0,1.0,0.6134328358208954,0.0,0.0,1.0,0.0,0.0,0.0,,1.0,0.0,1.0,10.0,0.3,0.0,0.0,2.0,0.0,2.0,1.0,1.8,0.0,1.0,,,0.25,0.0,3.0,0.0,,,,,,1.0,0.416666666666667,,,
lucene@0,50,1,0.0,1.0,0.34973692355307956,0.0,0.0,1.0,0.0,0.0,0.0,,1.0,0.0,1.0,8.0,0.34,0.0,0.0,4.0,0.0,1.0,1.0,0.875,0.0,2.0,,,0.25,0.0,2.0,0.0,,,,,,1.0,0.4,,,
lucene@0,54,0,0.0,1.0,0.6134328358208954,0.0,0.0,2.0,0.0,0.0,0.0,,1.0,1.0,7.0,5.0,0.18,3.0,76.0,2.0,0.0,8.0,1.0,2.5,0.0,2.0,,,0.4,0.0,4.0,4.0,,,,,,1.0,1.375,,,
lucene@0,80,0,0.0,0.8333333333333336,0.465604548612546,2.0,1.0,1.0,6.0,0.0,3.0,,3.0,2.0,24.0,9.0,0.36,1.0,81.0,1.0,7.0,11.0,1.0,8.78571428571429,2.0,1.0,,,0.0,0.0,3.0,0.0,,,,,,1.0,1.11111111111111,,,
lucene@0,82,4,0.0,0.6428571428571428,0.14201680672268904,0.0,0.0,1.0,0.0,0.0,1.0,,1.0,1.0,0.0,0.0,0.51,1.0,0.0,2.0,0.0,6.0,2.0,3.0,3.0,19.0,,,1.0,0.0,2.0,0.0,,,,,,16.0,6.0,,,
lucene@0,159,0,0.0,0.8749999999999999,0.5002055461187802,4.0,0.0,1.0,3.0,4.0,4.0,,4.0,0.0,3.0,23.0,0.26,1.0,95.0,4.0,0.0,18.0,1.0,2.03703703703704,0.0,1.0,,,0.0,0.0,4.0,0.0,,,,,,1.0,0.5,,,
lucene@0,196,0,0.016666666666666514,0.8499999999999999,0.47944494761503953,7.0,5.0,1.0,3.0,2.0,1.0,,34.0,4.0,36.0,88.0,0.13,3.0,85.0,4.0,27.0,49.0,2.0,3.58653846153846,0.0,0.0,,,0.0,0.0,2.0,6.0,,,,,,1.0,0.352517985611511,,,
lucene@0,200,5,0.49683982539656235,0.4994230716617019,0.49765955681748875,16.0,0.0,1.0,19.0,0.0,2.0,,11.0,6.0,26.0,75.0,0.52,0.0,57.0,2.0,0.0,16.0,2.0,3.29896907216495,2.0,0.0,,,0.5,0.0,2.0,0.0,,,,,,1.0,0.724770642201835,,,
lucene@0,201,0,0.0,0.65,0.3572409878175636,6.0,2.0,2.0,7.0,4.0,4.0,,4.0,0.0,17.0,11.0,0.6,0.0,72.0,3.0,0.0,6.0,1.0,4.05263157894737,1.0,1.0,,,0.2,0.0,4.0,4.0,,,,,,1.0,1.125,,,
lucene@0,204,0,0.0,0.75,0.4039877572575999,10.0,1.0,1.0,2.0,4.0,1.0,,3.0,1.0,4.0,4.0,0.53,1.0,88.0,4.0,0.0,23.0,2.0,3.375,0.0,0.0,,,0.0,0.0,2.0,7.0,,,,,,1.0,2.0,,,
lucene@0,205,0,0.0,0.75,0.4039877572575999,8.0,0.0,1.0,1.0,3.0,1.0,,1.0,0.0,0.0,2.0,0.24,1.0,90.0,3.0,0.0,9.0,1.0,3.5,1.0,1.0,,,0.0,0.0,2.0,5.0,,,,,,1.0,2.91666666666667,,,
lucene@0,226,0,0.0,1.0,0.6051861501642222,1.0,0.0,1.0,1.0,0.0,1.0,,4.0,2.0,6.0,33.0,0.16,0.0,95.0,4.0,0.0,18.0,1.0,2.05555555555556,0.0,1.0,,,0.0,0.0,2.0,1.0,,,,,,1.0,0.536585365853659,,,
lucene@0,321,1,0.0,1.0,0.6134328358208954,5.0,0.0,1.0,34.0,0.0,3.0,,1.0,0.0,9.0,9.0,0.49,0.0,93.0,2.0,0.0,9.0,1.0,5.21428571428571,0.0,2.0,,,0.222222222222222,0.0,3.0,2.0,,,,,,1.0,0.764705882352941,,,
lucene@0,323,0,0.0,0.75,0.4039877572575999,1.0,0.0,1.0,1.0,0.0,3.0,,1.0,0.0,0.0,6.0,0.1,9.0,71.0,4.0,0.0,7.0,1.0,4.42857142857143,1.0,2.0,,,0.0,0.0,2.0,1.0,,,,,,1.0,0.666666666666667,,,
lucene@0,326,0,0.0,0.9655172413793103,0.1803713527851459,0.0,0.0,2.0,5.0,5.0,10.0,,1.0,0.0,0.0,1.0,0.61,3.0,72.0,1.0,0.0,8.0,1.0,5.4,2.0,1.0,,,1.0,0.0,3.0,4.0,,,,,,1.0,2.14285714285714,,,
lucene@0,377,0,0.0,0.75,0.4039877572575999,1.0,0.0,3.0,0.0,3.0,2.0,,3.0,0.0,3.0,9.0,0.21,3.0,50.0,3.0,0.0,16.0,2.0,2.7,0.0,1.0,,,0.0,0.0,3.0,7.0,,,,,,1.0,1.35714285714286,,,
lucene@0,384,0,0.0,1.0,0.6051861501642222,10.0,1.0,1.0,1.0,1.0,1.0,,3.0,0.0,5.0,22.0,0.3,0.0,72.0,3.0,1.0,2.0,2.0,3.3030303030303,0.0,0.0,,,0.0,0.0,3.0,0.0,,,,,,1.0,0.810810810810811,,,
lucene@0,388,1,0.0,1.0,0.6134328358208954,1.0,0.0,1.0,1.0,0.0,0.0,,1.0,0.0,4.0,9.0,0.36,0.0,78.0,2.0,0.0,4.0,1.0,3.5,0.0,1.0,,,0.375,0.0,3.0,3.0,,,,,,1.0,0.75,,,
lucene@0,398,0,0.0,0.7,0.37925791519608704,1.0,0.0,1.0,4.0,2.0,5.0,,2.0,0.0,8.0,22.0,1.26,0.0,86.0,2.0,1.0,9.0,1.0,9.17391304347826,1.0,1.0,,,0.2,0.0,3.0,8.0,,,,,,1.0,0.444444444444444,,,
lucene@0,408,0,0.01666666666666644,0.7666666666666665,0.41608252034986914,5.0,1.0,1.0,5.0,4.0,6.0,,3.0,3.0,6.0,11.0,1.15,0.0,72.0,2.0,36.0,13.0,1.0,17.05,1.0,0.0,,,0.0,0.0,3.0,5.0,,,,,,1.0,0.666666666666667,,,
lucene@0,424,1,0.017729879449016724,0.6197098066505775,0.1539556887348806,7.0,1.0,1.0,2.0,5.0,5.0,,8.0,1.0,50.0,9.0,0.38,3.0,78.0,2.0,0.0,23.0,1.0,4.0,0.0,1.0,,,0.0,0.0,2.0,2.0,,,,,,1.0,1.25925925925926,,,
lucene@0,432,13,0.02624779881149775,0.6701527062621624,0.27323958850788976,12.0,78.0,1.0,20.0,0.0,1.0,,8.0,0.0,60.0,3.0,0.34,1.0,95.0,2.0,5.0,38.0,2.0,5.40860215053763,0.0,1.0,,,0.0,0.0,1.0,2.0,,,,,,1.0,0.784313725490196,,,
lucene@0,437,0,0.0,0.8749999999999999,0.5002055461187802,12.0,8.0,1.0,0.0,0.0,1.0,,3.0,1.0,15.0,17.0,0.22,0.0,79.0,2.0,0.0,21.0,2.0,6.73684210526316,0.0,1.0,,,0.0,0.0,3.0,5.0,,,,,,1.0,1.16666666666667,,,
lucene@0,442,0,0.0,1.0,0.6051861501642222,4.0,11.0,1.0,1.0,0.0,3.0,,3.0,0.0,23.0,18.0,0.49,1.0,81.0,2.0,0.0,9.0,2.0,4.96969696969697,1.0,1.0,,,0.0,0.0,1.0,2.0,,,,,,1.0,1.40540540540541,,,
lucene@0,446,10,0.39086227808155255,1.0778926415644992,0.6787757056574154,3.0,1.0,1.0,13.0,30.0,9.0,,3.0,11.0,6.0,0.0,2.23,1.0,95.0,1.0,7.0,26.0,2.0,18.3814432989691,0.0,0.0,,,0.0,0.0,5.0,10.0,,,,,,1.0,0.237623762376238,,,
lucene@0,447,4,0.316166066486528,0.9363888929466433,0.49652286487317043,53.0,29.0,1.0,18.0,7.0,10.0,,4.0,3.0,50.0,112.0,0.94,2.0,96.0,5.0,8.0,40.0,1.0,15.5329949238579,0.0,0.0,,,0.0,1.0,1.0,13.0,,,,,,1.0,1.06435643564356,,,
lucene@0,452,6,0.0,0.6086956521739132,0.1712186809137804,0.0,6.0,1.0,0.0,0.0,2.0,,5.0,0.0,17.0,17.0,1.14,0.0,68.0,2.0,1.0,5.0,1.0,3.0,0.0,0.0,,,0.8,0.0,1.0,1.0,,,,,,1.0,0.344827586206897,,,
lucene@0,457,0,0.01111111111111113,0.9000000000000001,0.5211462499148458,3.0,0.0,1.0,0.0,0.0,2.0,,1.0,7.0,8.0,26.0,0.44,0.0,79.0,2.0,0.0,17.0,2.0,3.55555555555556,0.0,1.0,,,0.0,0.0,2.0,6.0,,,,,,1.0,0.789473684210526,,,
lucene@0,459,0,0.0,0.7999999999999999,0.4402720465344079,0.0,1.0,1.0,0.0,0.0,1.0,,4.0,7.0,13.0,52.0,0.27,0.0,87.0,2.0,1.0,15.0,2.0,2.65,0.0,1.0,,,0.0,0.0,5.0,3.0,,,,,,1.0,0.784615384615385,,,
lucene@0,462,0,0.0,1.0,0.6051861501642222,2.0,14.0,1.0,4.0,0.0,2.0,,1.0,0.0,16.0,22.0,0.35,0.0,77.0,1.0,0.0,7.0,1.0,7.78947368421053,1.0,1.0,,,0.0,0.0,2.0,4.0,,,,,,1.0,1.15,,,
lucene@0,463,0,0.0018939393939390009,0.6875,0.3734287381387304,2.0,7.0,1.0,14.0,16.0,5.0,,4.0,3.0,7.0,32.0,0.56,1.0,94.0,2.0,5.0,10.0,2.0,6.20454545454545,1.0,1.0,,,0.0,0.0,1.0,10.0,,,,,,1.0,1.12244897959184,,,
lucene@0,467,0,0.024999999999999918,0.9750000000000002,0.5841761751018782,4.0,33.0,1.0,2.0,10.0,1.0,,5.0,10.0,45.0,41.0,0.24,0.0,92.0,2.0,1.0,35.0,2.0,6.02272727272727,0.0,1.0,,,0.0,0.0,4.0,8.0,,,,,,1.0,0.851063829787234,,,
lucene@0,492,0,0.0,1.0,0.6051861501642222,0.0,2.0,1.0,0.0,0.0,6.0,,1.0,0.0,5.0,2.0,0.27,6.0,25.0,1.0,0.0,11.0,1.0,10.0,7.0,2.0,,,0.0,0.0,4.0,1.0,,,,,,1.0,3.16666666666667,,,
lucene@0,498,11,0.027123349723822673,0.5236159759000901,0.21173480701660582,15.0,0.0,1.0,12.0,5.0,4.0,,4.0,22.0,36.0,46.0,0.39,1.0,100.0,2.0,6.0,35.0,2.0,6.93975903614458,0.0,0.0,,,0.0,0.0,5.0,8.0,,,,,,1.0,1.01136363636364,,,
lucene@0,500,0,0.0,0.7,0.37925791519608704,28.0,0.0,5.0,10.0,3.0,0.0,,1.0,1.0,11.0,7.0,0.01,0.0,88.0,1.0,0.0,3.0,2.0,5.11111111111111,1.0,1.0,,,0.0,0.0,5.0,4.0,,,,,,1.0,1.68421052631579,,,
lucene@0,504,17,0.00986303626320813,0.5348066001469403,0.23007365758631154,0.0,0.0,2.0,2.0,6.0,4.0,,4.0,0.0,5.0,34.0,0.55,1.0,82.0,2.0,2.0,12.0,2.0,11.4705882352941,0.0,1.0,,,0.0,0.0,7.0,5.0,,,,,,1.0,0.871794871794872,,,
lucene@0,506,1,0.0,0.7999999999999999,0.41641791044776105,7.0,2.0,1.0,1.0,0.0,2.0,,5.0,2.0,17.0,21.0,0.54,0.0,83.0,2.0,0.0,11.0,2.0,2.71875,0.0,1.0,,,0.857142857142857,0.0,3.0,5.0,,,,,,1.0,0.631578947368421,,,
lucene@0,522,0,0.01428571428571444,0.7142857142857144,0.3862760840596424,2.0,17.0,2.0,0.0,0.0,1.0,,15.0,11.0,15.0,29.0,0.21,0.0,71.0,2.0,11.0,26.0,2.0,3.76271186440678,0.0,1.0,,,0.0,0.0,7.0,4.0,,,,,,1.0,1.33333333333333,,,
lucene@0,532,0,0.0,0.75,0.4039877572575999,1.0,1.0,1.0,0.0,0.0,6.0,,1.0,0.0,4.0,10.0,1.84,0.0,85.0,1.0,9.0,1.0,1.0,3.16666666666667,2.0,1.0,,,0.0,0.0,2.0,2.0,,,,,,1.0,0.428571428571429,,,
lucene@0,613,0,0.0,0.7,0.37925791519608704,3.0,1.0,1.0,7.0,13.0,4.0,,5.0,3.0,6.0,35.0,0.81,0.0,92.0,4.0,3.0,16.0,2.0,4.95238095238095,0.0,1.0,,,0.0,0.0,7.0,4.0,,,,,,1.0,0.75,,,
lucene@0,623,0,3.6252709294599355e-17,0.6666666666666665,0.36384946662055606,2.0,0.0,1.0,1.0,0.0,4.0,,2.0,0.0,6.0,10.0,0.62,1.0,83.0,3.0,0.0,2.0,1.0,3.58333333333333,1.0,1.0,,,0.0,0.0,3.0,1.0,,,,,,1.0,1.73333333333333,,,
lucene@0,625,0,0.0,1.0,0.6051861501642222,1.0,0.0,1.0,1.0,0.0,3.0,,1.0,0.0,2.0,16.0,0.6,0.0,72.0,2.0,3.0,7.0,2.0,18.5882352941176,0.0,2.0,,,0.0,0.0,4.0,5.0,,,,,,1.0,0.684210526315789,,,
lucene@0,641,0,0.0,0.8333333333333336,0.465604548612546,0.0,1.0,1.0,0.0,0.0,0.0,,3.0,0.0,3.0,10.0,0.21,0.0,33.0,4.0,0.0,12.0,1.0,1.90909090909091,0.0,0.0,,,0.0,0.0,5.0,1.0,,,,,,1.0,0.533333333333333,,,
lucene@0,642,0,0.0,0.75,0.4039877572575999,1.0,0.0,1.0,0.0,0.0,1.0,,2.0,0.0,4.0,2.0,0.29,4.0,50.0,4.0,0.0,16.0,2.0,4.0,2.0,4.0,,,0.0,0.0,1.0,2.0,,,,,,1.0,0.833333333333333,,,
lucene@0,648,0,0.0,1.0,0.6051861501642222,0.0,0.0,1.0,0.0,0.0,0.0,,1.0,0.0,1.0,26.0,0.27,0.0,15.0,4.0,0.0,2.0,1.0,0.846153846153846,0.0,1.0,,,0.0,0.0,3.0,2.0,,,,,,1.0,0.142857142857143,,,
lucene@0,649,0,0.0,0.75,0.4039877572575999,0.0,0.0,1.0,0.0,0.0,0.0,,1.0,1.0,2.0,4.0,0.23,0.0,70.0,4.0,0.0,6.0,1.0,1.6,1.0,2.0,,,0.0,0.0,7.0,2.0,,,,,,1.0,1.28571428571429,,,
lucene@0,651,0,0.0,1.0,0.6051861501642222,0.0,0.0,1.0,0.0,0.0,0.0,,1.0,0.0,0.0,9.0,0.12,1.0,0.0,3.0,0.0,3.0,1.0,0.444444444444444,0.0,2.0,,,0.0,0.0,2.0,0.0,,,,,,1.0,0.363636363636364,,,
lucene@0,660,0,0.0,1.0,0.6051861501642222,6.0,0.0,1.0,0.0,0.0,3.0,,1.0,0.0,0.0,12.0,0.22,4.0,0.0,3.0,0.0,19.0,1.0,4.0,0.0,4.0,,,0.0,0.0,2.0,1.0,,,,,,1.0,0.65,,,
lucene@0,661,0,0.0,1.0,0.6051861501642222,1.0,2.0,1.0,2.0,0.0,0.0,,5.0,0.0,7.0,9.0,0.23,1.0,62.0,3.0,2.0,17.0,1.0,3.08333333333333,0.0,0.0,,,0.0,0.0,1.0,0.0,,,,,,1.0,0.777777777777778,,,
lucene@0,662,0,0.0,1.0,0.6051861501642222,6.0,0.0,1.0,0.0,1.0,1.0,,1.0,0.0,1.0,13.0,0.2,3.0,78.0,3.0,0.0,22.0,1.0,4.68421052631579,0.0,1.0,,,0.0,0.0,2.0,2.0,,,,,,1.0,1.42857142857143,,,
lucene@0,666,0,0.0,1.0,0.6051861501642222,3.0,0.0,1.0,0.0,0.0,3.0,,5.0,0.0,13.0,17.0,0.23,4.0,70.0,3.0,0.0,27.0,2.0,3.8,1.0,2.0,,,0.0,0.0,1.0,1.0,,,,,,1.0,1.84615384615385,,,
lucene@0,668,0,0.0,0.7999999999999999,0.4402720465344079,0.0,0.0,1.0,0.0,0.0,2.0,,5.0,1.0,9.0,13.0,0.18,3.0,60.0,4.0,0.0,26.0,2.0,3.71428571428571,0.0,1.0,,,0.0,0.0,6.0,2.0,,,,,,1.0,0.5,,,
lucene@0,670,0,0.0,1.0,0.6051861501642222,3.0,0.0,1.0,2.0,0.0,0.0,,4.0,1.0,6.0,26.0,0.09,0.0,61.0,3.0,0.0,19.0,2.0,3.6,1.0,1.0,,,0.0,0.0,3.0,3.0,,,,,,1.0,0.485714285714286,,,
lucene@0,675,0,0.03571428571428543,0.9642857142857145,0.5751719000751594,11.0,0.0,1.0,0.0,2.0,3.0,,1.0,0.0,0.0,41.0,0.18,3.0,0.0,3.0,0.0,45.0,1.0,3.26923076923077,0.0,1.0,,,0.0,0.0,3.0,10.0,,,,,,1.0,0.925925925925926,,,
lucene@0,676,13,0.039320187014477384,0.3828906971786062,0.15481460070585437,6.0,4.0,1.0,1.0,3.0,1.0,,16.0,19.0,7.0,29.0,0.39,3.0,91.0,3.0,8.0,30.0,2.0,2.75862068965517,0.0,0.0,,,0.0,0.0,3.0,2.0,,,,,,1.0,0.746666666666667,,,
lucene@0,677,19,0.0019482649279496341,0.5236037722865445,0.1069213970831162,6.0,16.0,1.0,2.0,3.0,1.0,,30.0,0.0,40.0,148.0,0.11,2.0,97.0,4.0,2.0,71.0,2.0,4.0,0.0,0.0,,,0.0,0.0,2.0,6.0,,,,,,1.0,1.21890547263682,,,
lucene@0,678,0,0.0,1.0,0.6051861501642222,5.0,0.0,2.0,0.0,0.0,2.0,,3.0,0.0,3.0,17.0,0.15,5.0,0.0,3.0,0.0,21.0,2.0,3.0,0.0,1.0,,,0.0,0.0,1.0,1.0,,,,,,1.0,2.0,,,
lucene@0,680,0,0.0,1.0,0.6051861501642222,2.0,0.0,1.0,0.0,0.0,0.0,,1.0,0.0,0.0,6.0,0.22,4.0,0.0,3.0,0.0,13.0,1.0,2.625,0.0,4.0,,,0.0,0.0,3.0,0.0,,,,,,1.0,1.7,,,
lucene@0,690,0,0.0,0.8749999999999999,0.5002055461187802,4.0,10.0,1.0,0.0,0.0,2.0,,7.0,0.0,19.0,10.0,0.18,2.0,50.0,4.0,0.0,22.0,2.0,4.0,0.0,1.0,,,0.0,0.0,1.0,1.0,,,,,,1.0,1.125,,,
lucene@0,696,0,0.0,1.0,0.6051861501642222,1.0,1.0,1.0,2.0,0.0,1.0,,4.0,0.0,8.0,8.0,0.3,2.0,62.0,3.0,2.0,12.0,1.0,3.0,0.0,0.0,,,0.0,0.0,1.0,0.0,,,,,,1.0,0.933333333333333,,,
lucene@0,699,0,0.0,1.0,0.6051861501642222,0.0,0.0,1.0,1.0,0.0,2.0,,5.0,1.0,19.0,16.0,0.16,1.0,75.0,3.0,0.0,24.0,2.0,4.52941176470588,0.0,0.0,,,0.0,0.0,5.0,2.0,,,,,,1.0,1.08695652173913,,,
lucene@0,703,0,0.0,0.75,0.4039877572575999,0.0,0.0,1.0,1.0,0.0,1.0,,7.0,1.0,10.0,15.0,0.29,1.0,100.0,4.0,0.0,6.0,1.0,2.3125,0.0,1.0,,,0.0,0.0,3.0,3.0,,,,,,1.0,0.416666666666667,,,
lucene@0,704,0,0.0,0.75,0.4039877572575999,1.0,0.0,1.0,0.0,0.0,1.0,,3.0,0.0,1.0,13.0,0.18,2.0,50.0,4.0,0.0,24.0,1.0,1.71428571428571,0.0,1.0,,,0.0,0.0,3.0,4.0,,,,,,1.0,0.5,,,
lucene@0,705,0,3.6252709294599355e-17,0.6428571428571429,0.35447409552448683,7.0,0.0,1.0,1.0,1.0,1.0,,5.0,5.0,6.0,46.0,0.15,1.0,96.0,4.0,0.0,37.0,2.0,2.67241379310345,0.0,1.0,,,0.0,0.0,8.0,6.0,,,,,,1.0,0.453125,,,
lucene@0,710,1,0.0,0.5204942316829518,0.2970467542625608,4.0,2.0,1.0,0.0,0.0,1.0,,3.0,0.0,0.0,11.0,0.32,0.0,0.0,4.0,0.0,15.0,1.0,3.76470588235294,0.0,1.0,,,0.0,0.0,1.0,0.0,,,,,,1.0,0.428571428571429,,,
lucene@0,720,0,0.0,0.8333333333333336,0.465604548612546,0.0,0.0,1.0,2.0,0.0,0.0,,1.0,2.0,2.0,14.0,0.22,0.0,75.0,3.0,0.0,21.0,1.0,3.25,1.0,1.0,,,0.0,0.0,2.0,2.0,,,,,,1.0,0.166666666666667,,,
lucene@0,726,0,0.0,1.0,0.6051861501642222,0.0,0.0,1.0,1.0,1.0,0.0,,3.0,0.0,2.0,17.0,0.22,0.0,82.0,3.0,1.0,24.0,2.0,2.64705882352941,0.0,0.0,,,0.0,0.0,3.0,1.0,,,,,,1.0,0.476190476190476,,,
lucene@0,727,0,0.0,1.0,0.6051861501642222,0.0,0.0,1.0,0.0,0.0,5.0,,2.0,1.0,3.0,18.0,0.5,3.0,90.0,3.0,0.0,24.0,2.0,3.73684210526316,1.0,4.0,,,0.0,0.0,1.0,2.0,,,,,,1.0,1.09090909090909,,,
lucene@0,738,0,0.0,1.0,0.6051861501642222,1.0,0.0,1.0,3.0,1.0,4.0,,1.0,0.0,0.0,2.0,0.53,3.0,33.0,3.0,0.0,19.0,1.0,6.0,2.0,5.0,,,0.0,0.0,1.0,3.0,,,,,,1.0,0.6,,,
lucene@0,741,0,0.0,1.0,0.6051861501642222,1.0,0.0,1.0,3.0,2.0,1.0,,2.0,0.0,2.0,26.0,0.55,0.0,90.0,3.0,3.0,24.0,1.0,10.6296296296296,0.0,0.0,,,0.0,0.0,1.0,3.0,,,,,,1.0,0.2,,,
lucene@0,745,0,0.0,1.0,0.6051861501642222,1.0,0.0,1.0,0.0,0.0,2.0,,1.0,0.0,1.0,2.0,0.33,5.0,66.0,3.0,0.0,24.0,1.0,4.0,0.0,5.0,,,0.0,0.0,5.0,1.0,,,,,,1.0,0.0,,,
lucene@0,747,0,0.0,1.0,0.6051861501642222,3.0,0.0,1.0,0.0,2.0,4.0,,2.0,1.0,0.0,11.0,0.42,4.0,0.0,3.0,1.0,24.0,2.0,2.53333333333333,0.0,1.0,,,0.0,0.0,6.0,2.0,,,,,,1.0,0.444444444444444,,,
lucene@0,753,0,0.0,1.0,0.6051861501642222,0.0,0.0,1.0,1.0,0.0,4.0,,2.0,0.0,3.0,19.0,0.27,3.0,60.0,3.0,0.0,26.0,2.0,3.68421052631579,0.0,1.0,,,0.0,0.0,7.0,3.0,,,,,,1.0,0.0,,,
lucene@0,754,0,0.0,0.7999999999999999,0.4402720465344079,0.0,0.0,1.0,0.0,0.0,2.0,,6.0,0.0,14.0,9.0,0.16,3.0,25.0,4.0,0.0,27.0,2.0,3.33333333333333,0.0,1.0,,,0.0,0.0,5.0,4.0,,,,,,1.0,0.9375,,,
lucene@0,766,2,0.0,0.5769334719032226,0.3131233734796845,0.0,0.0,1.0,0.0,0.0,0.0,,1.0,0.0,0.0,52.0,0.1,0.0,0.0,4.0,1.0,30.0,1.0,0.596153846153846,0.0,0.0,,,0.0,0.0,2.0,1.0,,,,,,1.0,0.0,,,
lucene@0,776,0,0.0,0.8749999999999999,0.5002055461187802,2.0,2.0,1.0,0.0,0.0,1.0,,2.0,0.0,12.0,27.0,0.39,0.0,87.0,3.0,11.0,6.0,1.0,12.1290322580645,1.0,0.0,,,0.0,0.0,1.0,1.0,,,,,,1.0,0.735294117647059,,,
lucene@0,782,0,0.0,0.75,0.4039877572575999,1.0,0.0,1.0,0.0,0.0,1.0,,5.0,0.0,10.0,25.0,0.23,2.0,66.0,3.0,0.0,22.0,1.0,1.92307692307692,0.0,0.0,,,0.0,0.0,3.0,3.0,,,,,,1.0,0.84375,,,
lucene@0,786,0,0.0,0.75,0.4039877572575999,0.0,0.0,1.0,0.0,0.0,7.0,,1.0,0.0,0.0,1.0,0.69,4.0,0.0,3.0,0.0,18.0,1.0,6.0,6.0,17.0,,,0.0,0.0,5.0,1.0,,,,,,2.0,1.0,,,
lucene@0,790,0,0.0,0.8333333333333336,0.465604548612546,3.0,0.0,1.0,1.0,0.0,5.0,,2.0,0.0,1.0,4.0,0.4,1.0,83.0,3.0,0.0,16.0,2.0,3.71428571428571,1.0,3.0,,,0.0,0.0,1.0,1.0,,,,,,1.0,2.1,,,
lucene@0,805,0,0.0,0.75,0.4039877572575999,1.0,0.0,1.0,3.0,3.0,0.0,,1.0,11.0,13.0,5.0,0.29,0.0,84.0,4.0,2.0,8.0,1.0,5.41176470588235,0.0,0.0,,,0.0,0.0,2.0,2.0,,,,,,1.0,0.65,,,
lucene@0,820,0,0.0,0.8333333333333336,0.465604548612546,3.0,0.0,1.0,0.0,0.0,0.0,,1.0,0.0,17.0,11.0,0.27,0.0,80.0,3.0,2.0,8.0,1.0,3.5,0.0,1.0,,,0.0,0.0,2.0,1.0,,,,,,1.0,0.8125,,,
lucene@0,830,5,8.830896916302169e-18,0.4970985578218721,0.1117994298868898,3.0,0.0,2.0,3.0,0.0,5.0,,1.0,0.0,15.0,10.0,0.64,1.0,82.0,4.0,0.0,6.0,1.0,5.0,0.0,1.0,,,0.0,0.0,2.0,4.0,,,,,,1.0,1.13333333333333,,,
lucene@0,831,0,0.0,0.625,0.34780651123844863,6.0,0.0,1.0,7.0,0.0,2.0,,10.0,0.0,35.0,60.0,0.63,1.0,87.0,3.0,3.0,14.0,2.0,2.78787878787879,0.0,0.0,,,0.0,0.0,2.0,3.0,,,,,,1.0,0.519480519480519,,,
lucene@0,834,0,0.0,0.65,0.3572409878175636,0.0,0.0,1.0,0.0,0.0,4.0,,1.0,0.0,0.0,4.0,1.19,1.0,0.0,4.0,0.0,1.0,1.0,0.0,0.0,1.0,,,0.2,0.0,2.0,1.0,,,,,,1.0,0.0,,,
lucene@0,837,0,0.0,0.75,0.4039877572575999,2.0,0.0,1.0,0.0,0.0,3.0,,1.0,0.0,0.0,5.0,0.39,0.0,0.0,4.0,0.0,2.0,1.0,1.42857142857143,0.0,1.0,,,0.0,0.0,3.0,1.0,,,,,,1.0,0.0,,,
lucene@0,838,0,0.0,0.6,0.3395147406648826,0.0,0.0,1.0,0.0,0.0,0.0,,2.0,0.0,4.0,14.0,0.12,0.0,0.0,4.0,0.0,9.0,1.0,4.0,1.0,2.0,,,0.2,0.0,3.0,1.0,,,,,,1.0,0.235294117647059,,,
lucene@0,844,7,0.0,0.5142741386528106,0.22148314322622853,2.0,0.0,1.0,0.0,1.0,0.0,,1.0,0.0,0.0,1.0,0.44,0.0,0.0,4.0,0.0,8.0,1.0,3.33333333333333,0.0,3.0,,,0.333333333333333,0.0,3.0,0.0,,,,,,1.0,0.0,,,
lucene@0,845,0,3.6252709294599355e-17,0.6666666666666665,0.36384946662055606,2.0,0.0,1.0,0.0,1.0,0.0,,1.0,0.0,0.0,1.0,0.41,2.0,0.0,4.0,0.0,8.0,1.0,3.33333333333333,0.0,3.0,,,0.0,0.0,3.0,1.0,,,,,,1.0,0.0,,,
lucene@0,847,0,0.0,0.7,0.37925791519608704,1.0,0.0,1.0,0.0,0.0,0.0,,2.0,0.0,2.0,6.0,0.29,0.0,91.0,4.0,0.0,3.0,1.0,0.714285714285714,0.0,1.0,,,0.0,0.0,3.0,0.0,,,,,,1.0,0.0,,,
lucene@0,850,0,0.0,0.75,0.4039877572575999,1.0,0.0,1.0,0.0,0.0,0.0,,3.0,2.0,7.0,12.0,0.22,0.0,68.0,4.0,0.0,23.0,1.0,2.66666666666667,1.0,2.0,,,0.0,0.0,2.0,2.0,,,,,,1.0,0.263157894736842,,,
lucene@0,852,0,0.0,0.625,0.34780651123844863,0.0,0.0,1.0,0.0,0.0,0.0,,3.0,2.0,2.0,12.0,0.31,1.0,75.0,4.0,0.0,27.0,1.0,2.14285714285714,0.0,1.0,,,0.0,0.0,2.0,3.0,,,,,,1.0,0.388888888888889,,,
lucene@0,853,0,0.0,0.7,0.37925791519608704,1.0,0.0,1.0,22.0,1.0,0.0,,2.0,2.0,6.0,12.0,0.07,0.0,87.0,4.0,0.0,12.0,1.0,4.53333333333333,1.0,1.0,,,0.0,0.0,4.0,2.0,,,,,,1.0,0.277777777777778,,,
lucene@0,854,0,0.0,0.6,0.3395147406648826,11.0,0.0,1.0,0.0,1.0,3.0,,2.0,0.0,8.0,7.0,0.2,3.0,33.0,4.0,0.0,23.0,1.0,4.27777777777778,0.0,1.0,,,0.0,0.0,3.0,2.0,,,,,,1.0,0.142857142857143,,,
lucene@0,872,1,0.0,0.5256241787122209,0.043791175166264865,0.0,0.0,1.0,0.0,0.0,0.0,,1.0,0.0,0.0,13.0,0.66,0.0,0.0,4.0,0.0,2.0,1.0,1.0,0.0,2.0,,,1.0,0.0,3.0,2.0,,,,,,1.0,0.0,,,
lucene@0,875,0,7.250541858919871e-17,0.65,0.3572409878175637,1.0,2.0,1.0,8.0,1.0,1.0,,2.0,0.0,13.0,8.0,0.22,0.0,81.0,2.0,0.0,4.0,2.0,4.72727272727273,1.0,1.0,,,0.7,0.0,1.0,0.0,,,,,,1.0,1.57142857142857,,,
lucene@0,908,1,0.0,0.9655172413793103,0.1803713527851459,4.0,9.0,2.0,0.0,0.0,0.0,,2.0,0.0,10.0,10.0,0.41,0.0,82.0,1.0,0.0,7.0,1.0,6.62962962962963,1.0,1.0,,,0.666666666666667,0.0,1.0,1.0,,,,,,1.0,1.26666666666667,,,
lucene@0,914,0,0.0,0.75,0.4039877572575999,1.0,0.0,1.0,6.0,0.0,1.0,,3.0,25.0,23.0,7.0,0.25,0.0,93.0,4.0,7.0,18.0,1.0,5.36363636363636,1.0,1.0,,,0.0,0.0,1.0,2.0,,,,,,1.0,0.405405405405405,,,
lucene@0,915,0,0.0,1.0,0.6051861501642222,0.0,0.0,1.0,0.0,0.0,0.0,,1.0,0.0,0.0,13.0,0.18,1.0,0.0,3.0,0.0,5.0,1.0,3.15384615384615,3.0,9.0,,,0.0,0.0,1.0,0.0,,,,,,1.0,0.0,,,
lucene@0,916,0,0.0,0.75,0.4039877572575999,0.0,0.0,1.0,0.0,0.0,3.0,,1.0,0.0,0.0,22.0,0.18,3.0,0.0,3.0,0.0,7.0,1.0,2.86363636363636,0.0,5.0,,,0.0,0.0,1.0,1.0,,,,,,1.0,0.0,,,
lucene@0,920,0,0.0,0.8333333333333336,0.465604548612546,1.0,0.0,1.0,0.0,0.0,0.0,,1.0,1.0,0.0,7.0,0.2,0.0,0.0,3.0,0.0,17.0,1.0,3.55555555555556,2.0,4.0,,,0.0,0.0,2.0,0.0,,,,,,1.0,0.0,,,
lucene@0,925,15,0.005335004983742771,0.5199243673491272,0.11716804649287031,7.0,0.0,1.0,0.0,0.0,4.0,,2.0,0.0,7.0,12.0,0.34,1.0,83.0,2.0,0.0,29.0,1.0,4.0,1.0,1.0,,,0.0,0.0,1.0,3.0,,,,,,1.0,1.36363636363636,,,
lucene@0,929,0,0.0,0.75,0.4039877572575999,2.0,0.0,1.0,0.0,0.0,4.0,,4.0,1.0,19.0,24.0,0.36,3.0,100.0,2.0,0.0,22.0,2.0,2.77777777777778,0.0,0.0,,,0.0,0.0,2.0,4.0,,,,,,1.0,0.59375,,,
lucene@0,1017,0,0.0,0.75,0.4039877572575999,0.0,0.0,1.0,0.0,0.0,2.0,,1.0,0.0,0.0,1.0,1.3,2.0,0.0,3.0,0.0,12.0,1.0,2.0,2.0,5.0,,,0.0,0.0,2.0,0.0,,,,,,1.0,0.0,,,
lucene@0,1040,14,0.0,0.8571428571428571,0.3378151260504201,0.0,0.0,1.0,0.0,0.0,2.0,,1.0,3.0,0.0,1.0,0.53,0.0,0.0,2.0,0.0,16.0,1.0,3.0,1.0,1.0,,,0.666666666666667,0.0,1.0,1.0,,,,,,1.0,1.5,,,
lucene@0,1046,0,0.0,0.75,0.4039877572575999,1.0,1.0,1.0,5.0,1.0,1.0,,2.0,7.0,7.0,36.0,0.32,1.0,100.0,2.0,2.0,34.0,1.0,3.37777777777778,0.0,0.0,,,0.0,0.0,2.0,0.0,,,,,,1.0,0.5,,,
lucene@0,1056,0,0.0,1.0,0.6051861501642222,0.0,0.0,2.0,1.0,0.0,0.0,,5.0,0.0,11.0,12.0,0.35,1.0,100.0,4.0,0.0,6.0,1.0,2.75,0.0,1.0,,,0.0,0.0,1.0,1.0,,,,,,1.0,0.777777777777778,,,
lucene@0,1057,0,0.0,1.0,0.6051861501642222,0.0,0.0,2.0,1.0,0.0,0.0,,5.0,0.0,11.0,12.0,0.37,1.0,100.0,4.0,0.0,6.0,1.0,2.75,0.0,1.0,,,0.0,0.0,1.0,1.0,,,,,,1.0,0.777777777777778,,,
lucene@0,1060,0,0.0,0.8333333333333336,0.465604548612546,7.0,0.0,1.0,1.0,1.0,2.0,,7.0,3.0,7.0,53.0,0.21,1.0,97.0,4.0,0.0,43.0,1.0,2.6984126984127,0.0,0.0,,,0.0,0.0,2.0,0.0,,,,,,1.0,0.52112676056338,,,
lucene@0,1061,0,0.0,0.75,0.4039877572575999,7.0,0.0,1.0,1.0,1.0,2.0,,5.0,5.0,6.0,49.0,0.22,1.0,97.0,4.0,0.0,37.0,1.0,2.72131147540984,0.0,0.0,,,0.0,0.0,1.0,1.0,,,,,,1.0,0.522388059701492,,,
lucene@0,1152,0,0.0,0.8125000000000001,0.44965483955186425,6.0,9.0,1.0,0.0,4.0,2.0,,7.0,11.0,41.0,60.0,0.25,0.0,87.0,2.0,1.0,34.0,2.0,4.02325581395349,0.0,1.0,,,0.0,0.0,4.0,1.0,,,,,,1.0,0.978723404255319,,,
lucene@0,1195,0,0.0,0.7999999999999999,0.41641791044776105,1.0,5.0,1.0,0.0,1.0,3.0,,4.0,3.0,8.0,4.0,0.8,1.0,66.0,2.0,2.0,6.0,1.0,4.53846153846154,0.0,1.0,,,0.714285714285714,0.0,1.0,1.0,,,,,,1.0,0.722222222222222,,,
lucene@0,1247,0,0.0,1.0,0.6051861501642222,0.0,0.0,1.0,0.0,20.0,0.0,,1.0,1.0,2.0,25.0,0.21,0.0,86.0,3.0,59.0,7.0,1.0,10.3076923076923,0.0,1.0,,,0.0,0.0,1.0,0.0,,,,,,1.0,0.285714285714286,,,
lucene@0,1253,0,0.0,0.8333333333333336,0.465604548612546,0.0,2.0,1.0,2.0,0.0,0.0,,5.0,1.0,8.0,8.0,0.14,0.0,56.0,4.0,0.0,15.0,2.0,3.27272727272727,1.0,2.0,,,0.0,0.0,1.0,1.0,,,,,,1.0,1.0,,,
lucene@0,1257,0,0.0,0.7999999999999999,0.41641791044776105,0.0,0.0,1.0,0.0,0.0,0.0,,1.0,0.0,0.0,8.0,0.16,0.0,0.0,2.0,0.0,2.0,1.0,0.375,0.0,2.0,,,1.0,0.0,1.0,0.0,,,,,,1.0,0.4,,,
lucene@0,1264,0,0.0,1.0,0.6051861501642222,0.0,10.0,1.0,4.0,4.0,1.0,,9.0,0.0,17.0,29.0,0.13,2.0,74.0,3.0,0.0,25.0,2.0,3.48717948717949,0.0,1.0,,,0.0,0.0,1.0,0.0,,,,,,1.0,0.959183673469388,,,
lucene@0,1267,0,0.0,1.0,0.6051861501642222,0.0,0.0,1.0,0.0,0.0,7.0,,1.0,0.0,0.0,2.0,0.44,7.0,0.0,3.0,0.0,13.0,1.0,3.0,1.0,11.0,,,0.0,0.0,1.0,0.0,,,,,,1.0,0.0,,,
lucene@0,1268,16,2.8317437039324234e-17,0.5043237602633486,0.1925353286645951,1.0,1.0,2.0,9.0,6.0,1.0,,5.0,0.0,11.0,22.0,0.13,1.0,85.0,3.0,0.0,19.0,2.0,5.08333333333333,0.0,2.0,,,0.0,0.0,1.0,2.0,,,,,,1.0,1.43333333333333,,,
lucene@0,1269,0,0.0,0.8333333333333336,0.465604548612546,2.0,0.0,1.0,1.0,0.0,1.0,,4.0,1.0,2.0,9.0,0.46,0.0,40.0,3.0,0.0,15.0,2.0,1.66666666666667,0.0,0.0,,,0.0,0.0,1.0,1.0,,,,,,1.0,1.29411764705882,,,
lucene@0,1273,0,0.0,0.8333333333333336,0.465604548612546,0.0,1.0,1.0,0.0,0.0,1.0,,2.0,0.0,1.0,6.0,0.5,1.0,33.0,3.0,0.0,2.0,1.0,1.14285714285714,0.0,1.0,,,0.0,0.0,1.0,1.0,,,,,,1.0,0.0,,,
lucene@0,1277,0,0.0,1.0,0.6051861501642222,1.0,0.0,1.0,0.0,0.0,1.0,,4.0,1.0,7.0,14.0,0.24,0.0,79.0,4.0,0.0,20.0,1.0,2.375,0.0,1.0,,,0.0,0.0,2.0,0.0,,,,,,1.0,0.571428571428571,,,
lucene@0,1283,0,0.0,0.8749999999999999,0.5002055461187802,4.0,0.0,1.0,0.0,0.0,1.0,,3.0,0.0,5.0,9.0,0.31,1.0,61.0,3.0,0.0,25.0,2.0,3.30769230769231,0.0,1.0,,,0.0,0.0,1.0,0.0,,,,,,1.0,0.294117647058824,,,
lucene@0,1288,0,0.0,0.8749999999999999,0.5002055461187802,0.0,1.0,1.0,1.0,6.0,2.0,,2.0,0.0,3.0,24.0,0.17,6.0,88.0,4.0,0.0,27.0,2.0,5.68,0.0,1.0,,,0.0,0.0,1.0,1.0,,,,,,1.0,0.321428571428571,,,
lucene@0,1292,0,0.0,0.8749999999999999,0.5002055461187802,0.0,0.0,1.0,0.0,0.0,5.0,,1.0,0.0,0.0,1.0,0.42,8.0,0.0,3.0,0.0,20.0,1.0,6.0,6.0,19.0,,,0.0,0.0,2.0,0.0,,,,,,1.0,0.0,,,
lucene@0,1297,0,0.0,1.0,0.6051861501642222,4.0,0.0,1.0,0.0,0.0,1.0,,3.0,0.0,5.0,16.0,0.18,1.0,56.0,4.0,0.0,19.0,1.0,3.5,0.0,1.0,,,0.0,0.0,5.0,2.0,,,,,,1.0,0.416666666666667,,,
lucene@0,1299,0,0.0,0.8333333333333336,0.465604548612546,8.0,0.0,1.0,5.0,0.0,1.0,,3.0,1.0,7.0,16.0,0.3,0.0,87.0,3.0,0.0,17.0,2.0,2.68,0.0,0.0,,,0.0,0.0,1.0,1.0,,,,,,1.0,0.551724137931034,,,
lucene@0,1302,0,0.0,0.75,0.4039877572575999,1.0,0.0,1.0,0.0,0.0,0.0,,1.0,0.0,0.0,7.0,0.23,1.0,0.0,3.0,0.0,13.0,1.0,0.625,0.0,2.0,,,0.0,0.0,2.0,1.0,,,,,,1.0,1.5,,,
lucene@0,1307,0,0.0,0.75,0.4039877572575999,0.0,0.0,1.0,0.0,0.0,2.0,,1.0,0.0,0.0,3.0,0.28,3.0,0.0,3.0,0.0,6.0,1.0,1.0,1.0,12.0,,,0.0,0.0,2.0,0.0,,,,,,1.0,0.6,,,
lucene@0,1312,0,0.0,1.0,0.6051861501642222,0.0,6.0,1.0,0.0,0.0,1.0,,1.0,0.0,1.0,4.0,0.21,2.0,40.0,3.0,0.0,4.0,1.0,2.5,0.0,0.0,,,0.0,0.0,2.0,0.0,,,,,,1.0,1.58333333333333,,,
lucene@1,0,0,0.0029828486204321997,0.6137211036539892,0.1211550469198683,0.0,1.0,1.0,3.0,2.0,5.0,,3.0,0.0,4.0,8.0,1.02,0.0,100.0,2.0,0.0,12.0,1.0,3.0,1.0,1.0,,,0.461538461538462,0.0,5.0,0.0,,,,2.8,,1.0,0.571428571428571,318.0,,
lucene@1,6,11,0.0,0.6666666666666665,0.13485663082437274,0.0,0.0,1.0,2.0,1.0,2.0,,3.0,0.0,5.0,12.0,0.88,0.0,75.0,2.0,0.0,12.0,1.0,2.75,1.0,1.0,,,0.333333333333333,0.0,5.0,3.0,,,,4.16666666666667,,1.0,0.352941176470588,361.0,,
lucene@1,9,11,0.0,0.6086956521739131,0.16266866566716637,0.0,0.0,1.0,2.0,1.0,6.0,,3.0,0.0,4.0,6.0,1.1,0.0,55.0,2.0,0.0,5.0,1.0,3.0,1.0,1.0,,,0.375,0.0,5.0,2.0,,,,4.16666666666667,,1.0,0.909090909090909,202.0,,
lucene@1,10,0,0.0,1.0,0.5208333333333334,1.0,0.0,4.0,6.0,0.0,5.0,,1.0,0.0,10.0,7.0,0.61,2.0,80.0,2.0,0.0,4.0,1.0,4.125,1.0,1.0,,,0.3,0.0,4.0,3.0,,,,4.875,,1.0,2.1,346.0,,
lucene@1,13,0,0.0,0.75,0.3125,3.0,0.0,2.0,2.0,0.0,0.0,,1.0,0.0,9.0,7.0,0.49,1.0,79.0,3.0,0.0,3.0,1.0,3.5,1.0,1.0,,,0.3,0.0,4.0,3.0,,,,3.8,,1.0,0.916666666666667,216.0,,
lucene@1,14,14,0.09044407804367798,0.46829416553257186,0.2696967367819371,1.0,0.0,1.0,3.0,3.0,0.0,,1.0,11.0,13.0,3.0,0.27,0.0,82.0,4.0,2.0,0.0,1.0,2.0,1.0,0.0,,,0.0,0.0,2.0,3.0,,,,5.86666666666667,,1.0,0.722222222222222,245.0,,
lucene@1,26,13,0.0,0.7391304347826086,0.28748125937031477,0.0,0.0,1.0,2.0,1.0,5.0,,3.0,0.0,4.0,9.0,0.79,0.0,74.0,2.0,0.0,5.0,1.0,3.33333333333333,1.0,1.0,,,0.333333333333333,0.0,4.0,4.0,,,,4.11111111111111,,1.0,0.642857142857143,326.0,,
lucene@1,27,17,0.0,0.6666666666666665,0.13485663082437274,0.0,0.0,1.0,2.0,1.0,2.0,,3.0,0.0,5.0,12.0,1.03,0.0,75.0,2.0,1.0,12.0,1.0,3.08333333333333,1.0,1.0,,,0.384615384615385,0.0,4.0,3.0,,,,4.16666666666667,,1.0,0.352941176470588,346.0,,
lucene@1,30,8,0.0,0.6521739130434783,0.2035232383808096,0.0,0.0,1.0,2.0,1.0,4.0,,3.0,0.0,4.0,7.0,0.83,0.0,71.0,2.0,0.0,5.0,1.0,2.85714285714286,1.0,1.0,,,0.384615384615385,0.0,4.0,1.0,,,,4.14285714285714,,1.0,0.416666666666667,423.0,,
lucene@1,33,0,0.0029828486204321997,0.6137211036539892,0.1211550469198683,0.0,1.0,1.0,3.0,2.0,6.0,,3.0,0.0,4.0,8.0,1.06,0.0,100.0,2.0,0.0,12.0,1.0,3.22222222222222,1.0,1.0,,,0.333333333333333,0.0,3.0,1.0,,,,2.8,,1.0,0.5,319.0,,
lucene@1,42,0,0.0018630647414997667,0.6418258034466697,0.05602851133135775,3.0,0.0,1.0,0.0,0.0,0.0,,1.0,0.0,17.0,9.0,0.25,0.0,76.0,3.0,2.0,8.0,1.0,4.0,1.0,1.0,,,0.333333333333333,0.0,3.0,2.0,,,,7.16666666666667,,1.0,0.928571428571429,131.0,,
lucene@1,44,0,0.0,0.75,0.3125,0.0,0.0,2.0,3.0,1.0,1.0,,4.0,1.0,10.0,10.0,0.47,0.0,75.0,3.0,2.0,3.0,1.0,3.36363636363636,0.0,1.0,,,0.375,0.0,4.0,0.0,,,,3.27272727272727,,0.0,0.882352941176471,244.0,,
lucene@1,48,9,0.0,0.6666666666666665,0.13485663082437274,0.0,0.0,1.0,2.0,1.0,2.0,,3.0,0.0,6.0,13.0,0.87,0.0,72.0,2.0,1.0,11.0,1.0,3.69230769230769,1.0,1.0,,,0.363636363636364,0.0,6.0,1.0,,,,4.0,,1.0,0.5,364.0,,
lucene@1,63,5,0.0,0.7391304347826086,0.28748125937031477,0.0,0.0,1.0,1.0,0.0,8.0,,2.0,0.0,5.0,10.0,0.82,0.0,70.0,2.0,1.0,3.0,1.0,5.2,2.0,2.0,,,0.333333333333333,0.0,3.0,1.0,,,,6.7,,1.0,1.42857142857143,361.0,,
lucene@1,65,0,0.0,0.6956521739130435,0.24512743628185898,0.0,0.0,1.0,2.0,0.0,5.0,,3.0,0.0,4.0,6.0,0.81,0.0,66.0,2.0,0.0,5.0,1.0,3.5,2.0,2.0,,,0.384615384615385,0.0,4.0,4.0,,,,5.0,,1.0,0.545454545454545,452.0,,
lucene@1,72,0,0.0,0.75,0.3125,3.0,0.0,2.0,3.0,0.0,5.0,,1.0,0.0,15.0,8.0,0.55,1.0,78.0,3.0,0.0,5.0,1.0,5.81818181818182,2.0,1.0,,,0.5,0.0,3.0,3.0,,,,6.36363636363636,,1.0,1.30769230769231,455.0,,
lucene@1,73,11,0.24951454046305951,0.71624204095264,0.5398533895521641,7.0,0.0,1.0,0.0,0.0,2.0,,10.0,0.0,35.0,58.0,0.6,1.0,86.0,3.0,3.0,0.0,2.0,2.84615384615385,0.0,0.0,,,0.0,0.0,1.0,6.0,,,,0.0,,1.0,0.539473684210526,1173.0,,
lucene@1,85,10,0.0,0.75,0.3125,2.0,0.0,1.0,0.0,0.0,3.0,,1.0,0.0,0.0,5.0,0.39,0.0,0.0,3.0,0.0,3.0,1.0,2.0,0.0,1.0,,,0.428571428571429,0.0,2.0,2.0,,,,1.85714285714286,,1.0,0.0,192.0,,
lucene@1,86,6,0.021398590343110202,0.6774684902811037,0.14866469485288156,0.0,0.0,1.0,0.0,0.0,0.0,,2.0,0.0,2.0,14.0,0.12,0.0,0.0,4.0,0.0,10.0,1.0,4.14285714285714,1.0,2.0,,,0.0,0.0,3.0,1.0,,,,3.85714285714286,,1.0,0.235294117647059,312.0,,
lucene@1,89,0,0.0,0.75,0.3125,0.0,0.0,1.0,0.0,0.0,0.0,,2.0,0.0,2.0,5.0,0.83,0.0,87.0,3.0,0.0,4.0,1.0,1.0,0.0,1.0,,,0.428571428571429,0.0,2.0,1.0,,,,2.2,,1.0,0.0,124.0,,
lucene@1,90,16,0.0,0.75,0.3125,2.0,0.0,1.0,0.0,0.0,0.0,,2.0,0.0,0.0,6.0,0.5,0.0,0.0,3.0,0.0,4.0,1.0,2.0,0.0,1.0,,,0.5,0.0,5.0,1.0,,,,2.75,,1.0,0.545454545454545,167.0,,
lucene@1,92,17,0.0,0.75,0.3125,0.0,0.0,1.0,0.0,0.0,13.0,,1.0,0.0,0.0,7.0,1.2,0.0,0.0,3.0,0.0,3.0,1.0,1.0,1.0,1.0,,,0.5,0.0,1.0,2.0,,,,1.71428571428571,,1.0,0.0,267.0,,
lucene@1,94,0,0.0,0.6086956521739131,0.16266866566716637,1.0,0.0,1.0,0.0,0.0,0.0,,1.0,0.0,0.0,1.0,0.54,0.0,0.0,4.0,0.0,5.0,1.0,2.0,1.0,5.0,,,0.4,0.0,2.0,2.0,,,,5.5,,1.0,0.75,79.0,,
lucene@1,95,0,0.0004657661853749417,0.6567303213786679,0.0703092246155938,0.0,0.0,1.0,0.0,0.0,4.0,,1.0,0.0,0.0,3.0,0.43,5.0,0.0,4.0,0.0,2.0,1.0,1.0,1.0,2.0,,,0.333333333333333,0.0,3.0,3.0,,,,2.33333333333333,,1.0,0.0,131.0,,
lucene@1,101,13,0.0,0.75,0.3125,0.0,0.0,1.0,0.0,0.0,0.0,,1.0,0.0,1.0,10.0,0.3,0.0,0.0,3.0,0.0,2.0,1.0,1.8,0.0,1.0,,,0.4,0.0,3.0,0.0,,,,1.2,,1.0,0.416666666666667,161.0,,
lucene@1,104,0,0.0,0.75,0.3125,1.0,0.0,1.0,0.0,0.0,0.0,,2.0,0.0,2.0,7.0,0.27,0.0,91.0,3.0,0.0,4.0,1.0,1.5,0.0,1.0,,,0.428571428571429,0.0,3.0,0.0,,,,2.125,,1.0,0.0,228.0,,
lucene@1,110,1,0.1993606900650171,0.9107444962001577,0.5498134751463452,1.0,0.0,1.0,0.0,0.0,0.0,,3.0,2.0,7.0,12.0,0.21,0.0,68.0,4.0,0.0,5.0,1.0,3.13333333333333,1.0,2.0,,,0.333333333333333,0.0,3.0,2.0,,,,4.46666666666667,,1.0,0.263157894736842,131.0,,
lucene@1,114,15,0.003726129482999568,0.7517466231951561,0.16373321437708696,0.0,0.0,1.0,0.0,0.0,0.0,,3.0,2.0,2.0,13.0,0.3,1.0,75.0,4.0,0.0,30.0,1.0,2.53333333333333,0.0,1.0,,,0.363636363636364,0.0,3.0,2.0,,,,4.53333333333333,,1.0,0.368421052631579,0.0,,
lucene@1,115,4,0.04402912222449419,0.8979753619653287,0.5203107675275451,1.0,0.0,1.0,22.0,1.0,0.0,,2.0,2.0,0.0,12.0,0.07,0.0,87.0,4.0,0.0,12.0,1.0,4.53333333333333,1.0,1.0,,,0.428571428571429,0.0,4.0,2.0,,,,3.66666666666667,,1.0,0.277777777777778,0.0,,
lucene@1,116,5,0.1565307061915008,1.0158284999181264,0.45361483115372153,11.0,0.0,1.0,0.0,1.0,3.0,,1.0,0.0,8.0,8.0,0.2,4.0,33.0,4.0,0.0,24.0,1.0,4.05263157894737,0.0,1.0,,,0.3,0.0,3.0,2.0,,,,6.78947368421053,,1.0,0.227272727272727,0.0,,
lucene@1,120,14,0.0,0.75,0.3125,0.0,0.0,1.0,0.0,0.0,0.0,,2.0,0.0,0.0,8.0,0.66,1.0,0.0,3.0,0.0,3.0,1.0,1.125,1.0,2.0,,,0.375,0.0,3.0,3.0,,,,2.0,,1.0,0.0,222.0,,
lucene@1,133,0,0.0,0.75,0.3125,1.0,0.0,2.0,1.0,0.0,0.0,,1.0,0.0,6.0,6.0,0.38,0.0,75.0,3.0,0.0,5.0,1.0,3.14285714285714,1.0,2.0,,,0.333333333333333,0.0,4.0,2.0,,,,4.57142857142857,,1.0,1.0,153.0,,
lucene@1,134,0,0.0,0.6521739130434783,0.2035232383808096,0.0,1.0,1.0,3.0,2.0,4.0,,3.0,0.0,4.0,6.0,0.86,0.0,100.0,2.0,0.0,5.0,1.0,5.28571428571429,2.0,1.0,,,0.333333333333333,0.0,2.0,2.0,,,,4.85714285714286,,1.0,0.818181818181818,263.0,,
lucene@1,160,14,0.014541387024608096,0.5548098434004476,0.17768407046060786,2.0,0.0,1.0,1.0,2.0,3.0,,1.0,1.0,0.0,0.0,0.33,2.0,66.0,2.0,0.0,15.0,2.0,4.0,3.0,7.0,,,0.333333333333333,0.0,1.0,3.0,,,,5.7,,1.0,2.0,145.0,,
lucene@1,161,0,0.0,0.6086956521739131,0.16266866566716637,0.0,0.0,1.0,0.0,0.0,1.0,,1.0,1.0,0.0,0.0,0.49,3.0,0.0,2.0,0.0,5.0,2.0,4.0,4.0,18.0,,,0.333333333333333,0.0,3.0,2.0,,,,18.0,,16.0,6.0,29.0,,
lucene@1,265,6,0.33959382480445377,0.5750444435345087,0.4512888227431628,1.0,0.0,1.0,0.0,0.0,4.0,,1.0,1.0,4.0,5.0,0.6,3.0,69.0,2.0,4.0,1.0,1.0,11.4285714285714,1.0,4.0,,,0.0,0.0,2.0,0.0,,,,4.6,,1.0,0.888888888888889,23.0,,
lucene@1,291,0,0.0,0.6166744294364229,0.032524315559274264,0.0,1.0,2.0,0.0,1.0,2.0,,2.0,0.0,6.0,12.0,0.48,0.0,53.0,1.0,0.0,20.0,2.0,10.1538461538462,2.0,1.0,,,0.5,0.0,1.0,2.0,,,,3.53846153846154,,1.0,0.375,131.0,,
lucene@1,297,7,0.12248314024686137,0.5328502886606951,0.20610137213310598,1.0,0.0,1.0,6.0,0.0,1.0,,3.0,25.0,23.0,0.0,1.02,0.0,93.0,4.0,7.0,19.0,1.0,5.39393939393939,1.0,1.0,,,0.0,0.0,1.0,3.0,,,,3.24242424242424,,1.0,1.8,0.0,,
lucene@1,324,0,0.0,0.9333333333333333,0.19166666666666665,0.0,1.0,1.0,0.0,8.0,5.0,,1.0,0.0,4.0,10.0,0.52,0.0,12.0,3.0,0.0,9.0,2.0,4.27272727272727,2.0,2.0,,,0.333333333333333,0.0,4.0,5.0,,,,4.63636363636364,,1.0,0.933333333333333,54.0,,
lucene@1,326,12,0.04840503937678019,0.4837748244261051,0.23337019981961488,8.0,1.0,2.0,1.0,0.0,4.0,,3.0,0.0,8.0,13.0,0.31,1.0,83.0,3.0,0.0,30.0,1.0,3.22727272727273,1.0,1.0,,,1.0,2.0,3.0,3.0,,,,2.8,,1.0,1.33333333333333,406.0,,
lucene@1,328,6,1.918090892423448,2.491720602732576,2.281635875385115,7.0,5.0,1.0,5.0,2.0,1.0,,34.0,4.0,36.0,2.0,0.12,3.0,84.0,4.0,27.0,0.0,2.0,4.61320754716981,0.0,0.0,,,0.392857142857143,2.0,2.0,0.0,,,,6.14150943396226,,1.0,0.361702127659574,0.0,,
lucene@1,332,0,0.04347826086956523,1.0434782608695652,0.588830584707646,0.0,8.0,1.0,1.0,0.0,1.0,,1.0,0.0,7.0,12.0,0.25,1.0,86.0,1.0,0.0,5.0,3.0,4.7,2.0,0.0,,,0.5,0.0,2.0,2.0,,,,4.9,,1.0,0.863636363636364,19.0,,
lucene@1,333,0,0.0,0.6521739130434783,0.2035232383808096,0.0,0.0,1.0,0.0,0.0,2.0,,2.0,5.0,6.0,25.0,0.41,0.0,84.0,2.0,0.0,18.0,1.0,3.26666666666667,0.0,0.0,,,0.333333333333333,0.0,3.0,2.0,,,,4.3,,1.0,0.818181818181818,32.0,,
lucene@1,334,2,0.1990907715702433,0.9429650303580617,0.5234741365043799,2.0,0.0,1.0,0.0,0.0,4.0,,4.0,1.0,19.0,6.0,0.37,3.0,100.0,2.0,0.0,5.0,2.0,2.77777777777778,0.0,0.0,,,0.375,0.0,2.0,5.0,,,,5.62962962962963,,1.0,0.6875,40.0,,
lucene@1,343,18,0.11448362516966157,0.33511520022594316,0.21228286834778098,4.0,0.0,1.0,0.0,2.0,1.0,,4.0,2.0,2.0,6.0,0.15,8.0,69.0,2.0,0.0,25.0,2.0,4.41666666666667,0.0,2.0,,,0.454545454545455,0.0,3.0,3.0,,,,4.0,,1.0,0.941176470588235,37.0,,
lucene@1,347,18,0.0009712509712505582,0.7692307692307693,0.25217810164110926,8.0,0.0,2.0,0.0,2.0,1.0,,3.0,0.0,9.0,14.0,0.2,0.0,78.0,2.0,0.0,26.0,2.0,4.27272727272727,0.0,0.0,,,0.0,0.0,5.0,2.0,,,,6.13636363636364,,1.0,1.3448275862069,160.0,,
lucene@1,350,5,0.0800737598115111,0.5864998263575246,0.3575016615781227,16.0,0.0,1.0,18.0,12.0,2.0,,11.0,5.0,27.0,78.0,0.49,0.0,95.0,2.0,0.0,1.0,2.0,3.19191919191919,0.0,0.0,,,0.375,0.0,3.0,9.0,,,,2.0,,1.0,0.756521739130435,228.0,,
lucene@1,354,6,0.05411836814269714,0.6474542962479066,0.16874148772483277,10.0,1.0,1.0,2.0,4.0,1.0,,3.0,1.0,5.0,7.0,0.51,1.0,88.0,4.0,0.0,23.0,2.0,2.89473684210526,1.0,0.0,,,0.555555555555556,0.0,3.0,7.0,,,,2.8,,1.0,1.73913043478261,39.0,,
lucene@1,364,0,0.0,0.5652173913043478,0.12443778110944523,0.0,0.0,3.0,0.0,0.0,17.0,,1.0,4.0,0.0,1.0,0.66,2.0,0.0,2.0,0.0,5.0,1.0,4.0,3.0,2.0,,,0.375,0.0,2.0,5.0,,,,11.2,,1.0,2.375,353.0,,
lucene@1,365,0,0.0018630647414997667,0.775966464834653,0.18770496544921392,2.0,0.0,2.0,0.0,0.0,2.0,,2.0,7.0,7.0,7.0,0.35,0.0,62.0,2.0,0.0,13.0,1.0,4.3125,1.0,1.0,,,0.428571428571429,0.0,1.0,5.0,,,,5.0,,1.0,1.35,47.0,,
lucene@1,380,1,0.0009315323707498834,0.6283185840707964,0.04327749108871802,2.0,0.0,1.0,0.0,0.0,3.0,,2.0,2.0,6.0,2.0,0.35,1.0,55.0,2.0,0.0,18.0,1.0,4.5,0.0,1.0,,,0.4,0.0,1.0,4.0,,,,5.33333333333333,,1.0,0.888888888888889,82.0,,
lucene@1,381,2,0.004417534932943715,0.5555059130497022,0.2645428936025176,1.0,0.0,1.0,1.0,0.0,1.0,,4.0,2.0,6.0,33.0,0.16,0.0,95.0,3.0,0.0,19.0,1.0,2.13888888888889,0.0,1.0,,,0.666666666666667,0.0,2.0,3.0,,,,3.5,,1.0,0.5,615.0,,
lucene@1,533,0,0.09170827501937573,0.49338941528521735,0.2616420952767907,0.0,0.0,2.0,1.0,0.0,1.0,,5.0,0.0,9.0,10.0,0.36,1.0,100.0,3.0,0.0,6.0,1.0,2.5,0.0,1.0,,,0.4,0.0,1.0,3.0,,,,3.3,,1.0,0.625,339.0,,
lucene@1,534,14,0.03127868541614375,0.6226580626619908,0.16845293572611533,0.0,0.0,2.0,1.0,0.0,1.0,,5.0,0.0,9.0,10.0,0.38,1.0,100.0,4.0,0.0,5.0,1.0,2.5,2.0,1.0,,,0.4,0.0,1.0,3.0,,,,2.8,,1.0,0.625,333.0,,
lucene@1,537,8,0.6840610682354363,1.1215963899639934,1.0043569400249563,7.0,0.0,1.0,1.0,1.0,2.0,,7.0,3.0,9.0,11.0,0.22,1.0,97.0,1.0,0.0,44.0,1.0,2.74193548387097,0.0,0.0,,,0.384615384615385,0.0,2.0,2.0,,,,2.0,,1.0,0.457142857142857,1293.0,,
lucene@1,538,5,0.5550202321695856,0.7850404299445986,0.6389576532472078,7.0,0.0,1.0,1.0,1.0,2.0,,5.0,5.0,6.0,2.0,0.23,1.0,97.0,4.0,0.0,0.0,1.0,6.5,0.0,0.0,,,1.0,0.0,1.0,3.0,,,,4.26666666666667,,1.0,6.0,1208.0,,
lucene@1,556,0,0.0,0.6521739130434783,0.2035232383808096,0.0,0.0,1.0,0.0,0.0,2.0,,2.0,0.0,5.0,4.0,0.64,0.0,25.0,2.0,1.0,5.0,1.0,5.75,3.0,4.0,,,0.375,0.0,4.0,4.0,,,,7.0,,1.0,1.125,89.0,,
lucene@1,580,11,0.038776172888030404,0.4853705352075589,0.27559676513033915,0.0,1.0,1.0,0.0,0.0,0.0,,1.0,0.0,0.0,7.0,0.79,0.0,0.0,4.0,0.0,5.0,1.0,1.875,0.0,2.0,,,0.333333333333333,0.0,6.0,0.0,,,,5.0,,1.0,0.0,116.0,,
lucene@1,673,0,0.04829194204445589,0.8481981689797823,0.14063864265527037,5.0,0.0,1.0,33.0,0.0,3.0,,1.0,0.0,9.0,7.0,0.47,0.0,60.0,4.0,0.0,8.0,1.0,6.0,1.0,2.0,,,0.4,0.0,4.0,2.0,,,,7.33333333333333,,1.0,0.866666666666667,82.0,,
lucene@1,675,9,0.03684117715970861,0.7677583319592006,0.19764086301885267,1.0,0.0,1.0,1.0,0.0,3.0,,1.0,0.0,0.0,6.0,0.1,9.0,71.0,4.0,0.0,7.0,1.0,4.42857142857143,1.0,2.0,,,0.0,0.0,2.0,1.0,,,,7.85714285714286,,1.0,0.666666666666667,0.0,,
lucene@1,731,1,0.03773420900169463,0.8518207231422728,0.5017113867028585,1.0,0.0,3.0,0.0,3.0,2.0,,1.0,0.0,3.0,9.0,0.2,3.0,50.0,3.0,0.0,3.0,2.0,2.7,0.0,1.0,,,0.333333333333333,0.0,3.0,8.0,,,,4.6,,1.0,1.35714285714286,31.0,,
lucene@1,737,4,0.0,0.7794117647058825,0.09420722603762317,10.0,1.0,1.0,2.0,2.0,1.0,,3.0,0.0,5.0,17.0,0.35,0.0,77.0,3.0,1.0,2.0,2.0,3.94285714285714,0.0,0.0,,,0.6,0.0,4.0,0.0,,,,2.31428571428571,,1.0,0.794871794871795,127.0,,
lucene@1,757,0,0.0,0.6521739130434783,0.2035232383808096,0.0,0.0,1.0,2.0,0.0,4.0,,2.0,0.0,7.0,8.0,1.0,0.0,71.0,2.0,1.0,5.0,1.0,20.25,1.0,1.0,,,0.545454545454545,0.0,5.0,6.0,,,,4.625,,1.0,0.583333333333333,204.0,,
lucene@1,759,3,0.011580264706722125,0.6704372178286939,0.10038299214193434,1.0,0.0,1.0,10.0,0.0,3.0,,1.0,0.0,7.0,6.0,0.78,0.0,89.0,4.0,0.0,8.0,1.0,5.75,1.0,1.0,,,0.466666666666667,0.0,4.0,3.0,,,,3.91666666666667,,1.0,0.928571428571429,21.0,,
lucene@1,761,1,0.004191895668374475,0.6902654867256637,0.10317406833344564,0.0,0.0,1.0,1.0,0.0,2.0,,2.0,0.0,5.0,6.0,0.72,0.0,45.0,2.0,0.0,8.0,1.0,4.5,2.0,3.0,,,0.5,0.0,7.0,1.0,,,,4.83333333333333,,1.0,0.333333333333333,21.0,,
lucene@1,876,1,0.0,0.8088235294117647,0.1215288145715139,2.0,0.0,1.0,0.0,0.0,2.0,,1.0,6.0,7.0,17.0,0.4,0.0,76.0,2.0,0.0,16.0,2.0,3.67647058823529,0.0,1.0,,,0.5,0.0,3.0,6.0,,,,3.14705882352941,,1.0,0.805555555555556,46.0,,
lucene@1,892,0,1.1153895814794077,1.7733730652888329,1.4112632115559942,3.0,31.0,1.0,0.0,7.0,1.0,,5.0,9.0,1.0,40.0,0.24,0.0,90.0,2.0,1.0,0.0,2.0,6.04819277108434,1.0,1.0,,,0.0,1.0,3.0,9.0,,,,4.19277108433735,,1.0,0.876404494382023,537.0,,
lucene@1,939,13,0.48302436730917925,0.7700333723487457,0.6030836097778846,14.0,0.0,1.0,10.0,5.0,4.0,,4.0,21.0,38.0,0.0,0.5,0.0,100.0,2.0,6.0,1.0,2.0,7.13924050632911,0.0,0.0,,,0.0,0.0,5.0,8.0,,,,4.6,,0.0,1.04761904761905,218.0,,
lucene@1,941,3,0.07563184174231379,0.5397904937827471,0.21643225061001367,28.0,0.0,5.0,3.0,3.0,0.0,,1.0,1.0,11.0,7.0,0.01,0.0,78.0,1.0,0.0,3.0,2.0,5.11111111111111,1.0,1.0,,,0.5,0.0,5.0,4.0,,,,4.80555555555556,,1.0,1.68421052631579,10.0,,
lucene@1,1012,0,0.0,0.6017699115044248,0.019244313746304732,0.0,0.0,2.0,0.0,0.0,0.0,,1.0,0.0,0.0,4.0,0.79,0.0,0.0,2.0,0.0,0.0,1.0,1.25,0.0,1.0,,,0.5,0.0,3.0,0.0,,,,1.75,,1.0,0.5,47.0,,
lucene@1,1013,0,0.0,0.6017699115044248,0.019244313746304732,0.0,0.0,2.0,0.0,0.0,0.0,,1.0,0.0,0.0,4.0,0.71,0.0,0.0,2.0,0.0,0.0,1.0,1.25,0.0,1.0,,,0.4,0.0,3.0,0.0,,,,1.75,,1.0,0.5,47.0,,
lucene@1,1098,7,0.0,0.7352941176470589,0.05665870409077336,2.0,0.0,1.0,1.0,0.0,4.0,,2.0,0.0,6.0,6.0,0.6,1.0,83.0,3.0,0.0,2.0,1.0,3.58333333333333,1.0,1.0,,,0.6,0.0,3.0,1.0,,,,4.91666666666667,,1.0,1.73333333333333,61.0,,
lucene@1,1113,0,0.01197604790419162,0.6706586826347305,0.19461077844311375,3.0,0.0,1.0,3.0,1.0,3.0,,5.0,0.0,7.0,24.0,0.46,0.0,69.0,2.0,4.0,4.0,2.0,15.5555555555556,0.0,0.0,,,0.769230769230769,0.0,2.0,2.0,,,,4.0,,1.0,1.22857142857143,426.0,,
lucene@1,1128,10,0.00791802515137401,0.5048905449464368,0.09651319442249466,0.0,0.0,1.0,0.0,5.0,3.0,,1.0,1.0,2.0,56.0,0.75,0.0,40.0,2.0,1.0,4.0,3.0,3.87719298245614,0.0,1.0,,,0.75,0.0,2.0,2.0,,,,1.92982456140351,,1.0,0.525423728813559,228.0,,
lucene@1,1145,2,0.013100810601452975,0.7963897522077541,0.11483412129117453,0.0,0.0,1.0,0.0,20.0,0.0,,1.0,0.0,0.0,22.0,0.2,0.0,0.0,3.0,56.0,5.0,1.0,11.4545454545455,0.0,1.0,,,1.0,0.0,1.0,0.0,,,,2.04545454545455,,1.0,0.25,131.0,,
lucene@1,1146,0,0.0,0.75,0.3125,0.0,1.0,1.0,0.0,0.0,0.0,,3.0,0.0,3.0,11.0,0.2,0.0,33.0,3.0,0.0,13.0,1.0,2.0,0.0,0.0,,,0.714285714285714,0.0,5.0,1.0,,,,2.58333333333333,,1.0,0.5,29.0,,
lucene@1,1148,15,0.0,0.75,0.3125,1.0,0.0,1.0,0.0,0.0,1.0,,2.0,0.0,4.0,2.0,0.28,4.0,50.0,3.0,0.0,16.0,2.0,4.0,2.0,4.0,,,1.0,0.0,2.0,1.0,,,,10.0,,1.0,0.833333333333333,6.0,,
lucene@1,1153,11,0.2540350106246101,0.6177991868039285,0.3799963625031561,0.0,0.0,1.0,0.0,0.0,0.0,,1.0,0.0,2.0,4.0,0.5,1.0,62.0,4.0,0.0,5.0,1.0,3.25,1.0,8.0,,,0.8,0.0,5.0,1.0,,,,10.0,,1.0,1.0,7.0,,
lucene@1,1158,0,0.0,0.7941176470588235,0.10771872200656912,0.0,0.0,1.0,0.0,0.0,0.0,,1.0,0.0,1.0,17.0,0.26,0.0,16.0,4.0,0.0,3.0,1.0,1.08,1.0,1.0,,,0.6,0.0,3.0,2.0,,,,1.36,,1.0,0.148148148148148,31.0,,
lucene@1,1159,0,0.0,0.5217391304347826,0.08920539730134931,0.0,0.0,1.0,0.0,0.0,0.0,,1.0,1.0,2.0,4.0,0.24,0.0,70.0,4.0,0.0,5.0,1.0,2.0,1.0,2.0,,,0.666666666666667,0.0,7.0,2.0,,,,7.6,,1.0,0.857142857142857,35.0,,
lucene@1,1161,15,0.04255488740185333,0.8470708702301158,0.46238683759802324,0.0,2.0,1.0,2.0,0.0,0.0,,5.0,1.0,2.0,8.0,0.13,0.0,56.0,4.0,0.0,5.0,2.0,3.36363636363636,1.0,2.0,,,0.571428571428571,0.0,2.0,1.0,,,,6.72727272727273,,1.0,1.0,301.0,,
lucene@1,1184,10,0.0704852661702463,0.3885094217830643,0.267602381090227,0.0,0.0,1.0,0.0,0.0,2.0,,5.0,1.0,9.0,17.0,0.17,3.0,60.0,3.0,0.0,27.0,2.0,2.0,0.0,1.0,,,0.6,0.0,6.0,2.0,,,,2.8,,1.0,0.2,228.0,,
lucene@1,1195,4,1.1802180167496088,1.4076038464671363,1.3233282993033864,6.0,16.0,1.0,2.0,3.0,1.0,,2.0,0.0,1.0,147.0,0.11,3.0,97.0,4.0,2.0,5.0,2.0,2.0,0.0,0.0,,,0.53125,1.0,2.0,5.0,,,,9.81065088757397,,1.0,1.215,766.0,,
lucene@1,1212,10,0.04595205172016625,0.5558096822303158,0.1937082415908607,4.0,10.0,1.0,0.0,0.0,2.0,,7.0,0.0,19.0,10.0,0.5,2.0,50.0,4.0,0.0,22.0,2.0,4.0,0.0,1.0,,,0.444444444444444,0.0,1.0,2.0,,,,2.8,,1.0,1.125,22.0,,
lucene@1,1222,2,0.12003549549561804,0.8209591479370607,0.342702792605708,0.0,0.0,1.0,1.0,0.0,2.0,,5.0,1.0,9.0,16.0,0.16,1.0,75.0,3.0,0.0,24.0,2.0,4.52941176470588,0.0,0.0,,,0.8,0.0,5.0,3.0,,,,3.3,,1.0,1.08695652173913,15.0,,
lucene@1,1229,14,0.015609228116546815,0.4287108819949573,0.11645679510989132,0.0,0.0,1.0,1.0,0.0,1.0,,7.0,1.0,10.0,15.0,0.28,1.0,69.0,4.0,0.0,7.0,1.0,2.625,0.0,1.0,,,0.75,0.0,4.0,2.0,,,,4.0,,1.0,0.416666666666667,20.0,,
lucene@1,1231,11,0.5732254690780855,0.9347809456574404,0.7621342367711527,7.0,0.0,1.0,1.0,1.0,1.0,,5.0,5.0,6.0,48.0,0.16,1.0,0.0,4.0,0.0,3.0,2.0,2.95,0.0,1.0,,,1.0,0.0,7.0,7.0,,,,3.3,,1.0,0.424242424242424,303.0,,
lucene@1,1238,0,0.001397298556124825,0.6217978574755473,0.03723505448152351,0.0,1.0,1.0,0.0,0.0,1.0,,2.0,0.0,1.0,6.0,0.48,1.0,33.0,3.0,0.0,2.0,1.0,1.14285714285714,0.0,1.0,,,0.5,0.0,1.0,2.0,,,,3.14285714285714,,1.0,0.0,82.0,,
lucene@1,1254,11,0.02805507052323556,0.7866796418062239,0.16653736126771354,0.0,0.0,1.0,2.0,0.0,0.0,,1.0,2.0,2.0,3.0,0.22,0.0,75.0,3.0,0.0,22.0,1.0,3.25,1.0,1.0,,,0.0,0.0,2.0,3.0,,,,5.5,,1.0,0.166666666666667,22.0,,
lucene@1,1261,16,0.0,0.8333333333333333,0.2893369737957762,0.0,0.0,1.0,2.0,1.0,0.0,,3.0,0.0,6.0,18.0,0.16,1.0,84.0,3.0,1.0,33.0,2.0,3.5,0.0,0.0,,,0.0,0.0,4.0,1.0,,,,3.94444444444444,,1.0,0.545454545454545,114.0,,
lucene@1,1272,17,0.0,0.5369127516778524,0.26723994741268564,1.0,0.0,1.0,3.0,1.0,4.0,,1.0,0.0,0.0,2.0,0.48,3.0,33.0,3.0,0.0,20.0,1.0,6.33333333333333,2.0,5.0,,,0.6,0.0,2.0,3.0,,,,4.0,,1.0,0.6,8.0,,
lucene@1,1277,5,0.10682746650974125,0.5495069920916086,0.2565268354921481,1.0,0.0,1.0,3.0,2.0,1.0,,2.0,0.0,2.0,26.0,0.54,0.0,90.0,3.0,3.0,25.0,1.0,1.0,0.0,0.0,,,0.5,0.0,1.0,4.0,,,,2.77777777777778,,1.0,0.2,228.0,,
lucene@1,1283,13,0.0,0.875,0.4583333333333333,1.0,0.0,1.0,0.0,0.0,5.0,,1.0,0.0,0.0,4.0,0.18,2.0,0.0,3.0,0.0,22.0,1.0,5.2,3.0,4.0,,,0.5,0.0,6.0,1.0,,,,12.6,,1.0,1.0,110.0,,
lucene@1,1286,12,0.21347404205857232,0.6844503751418218,0.3057675062938953,3.0,0.0,1.0,0.0,2.0,0.0,,1.0,1.0,0.0,3.0,0.39,4.0,0.0,3.0,1.0,25.0,2.0,2.5625,0.0,1.0,,,0.571428571428571,0.0,7.0,2.0,,,,5.75,,1.0,0.421052631578947,47.0,,
lucene@1,1291,0,0.0,0.8260869565217391,0.3729385307346326,0.0,0.0,1.0,0.0,0.0,0.0,,1.0,0.0,0.0,2.0,0.79,1.0,0.0,3.0,0.0,7.0,1.0,3.5,1.0,2.0,,,0.5,0.0,4.0,3.0,,,,7.5,,1.0,0.0,3.0,,
lucene@1,1296,18,0.051218650653479254,0.6015542211232778,0.33107516963956435,0.0,0.0,1.0,1.0,0.0,4.0,,2.0,0.0,3.0,19.0,0.27,3.0,60.0,3.0,0.0,26.0,2.0,3.78947368421053,0.0,1.0,,,0.6,0.0,7.0,4.0,,,,3.3,,1.0,0.0,16.0,,
lucene@1,1297,12,0.3255840534908305,0.6831545006917344,0.48556182552077015,0.0,0.0,1.0,0.0,0.0,2.0,,6.0,0.0,14.0,9.0,1.02,3.0,25.0,4.0,0.0,3.0,2.0,6.5,0.0,1.0,,,0.545454545454545,0.0,5.0,3.0,,,,9.77777777777778,,1.0,0.75,296.0,,
lucene@1,1308,3,0.26465301487990145,1.0329067595813048,0.47823147672986555,0.0,0.0,1.0,0.0,0.0,0.0,,1.0,0.0,0.0,11.0,0.1,0.0,0.0,4.0,1.0,31.0,1.0,0.615384615384615,0.0,1.0,,,0.5,0.0,2.0,3.0,,,,3.01923076923077,,1.0,0.0,47.0,,
lucene@1,1314,2,0.05375670760957773,0.5777740516012242,0.31512138880743545,4.0,0.0,1.0,0.0,0.0,1.0,,3.0,0.0,5.0,15.0,0.19,1.0,57.0,4.0,0.0,5.0,1.0,3.57894736842105,0.0,1.0,,,0.833333333333333,0.0,5.0,2.0,,,,4.0,,1.0,0.434782608695652,417.0,,
lucene@1,1322,0,0.0,0.8260869565217391,0.3729385307346326,2.0,0.0,1.0,0.0,0.0,5.0,,1.0,0.0,0.0,7.0,0.29,3.0,0.0,3.0,0.0,18.0,1.0,4.33333333333333,0.0,2.0,,,0.833333333333333,0.0,5.0,5.0,,,,8.88888888888889,,1.0,0.909090909090909,86.0,,
lucene@1,1332,18,0.02233856028071132,0.3941816366281241,0.07906679447394012,1.0,0.0,2.0,0.0,0.0,0.0,,5.0,0.0,10.0,11.0,0.19,1.0,66.0,3.0,0.0,21.0,1.0,6.5,0.0,0.0,,,0.625,0.0,3.0,2.0,,,,4.95238095238095,,1.0,0.740740740740741,57.0,,
lucene@1,1335,13,0.003316749585406303,0.8839137645107795,0.07903726109210316,0.0,0.0,1.0,0.0,0.0,7.0,,1.0,0.0,0.0,1.0,0.21,4.0,0.0,3.0,0.0,18.0,1.0,6.0,6.0,17.0,,,0.333333333333333,0.0,5.0,1.0,,,,17.0,,2.0,1.0,6.0,,
lucene@1,1360,0,0.0,0.6956521739130435,0.24512743628185898,5.0,2.0,2.0,7.0,3.0,4.0,,4.0,0.0,18.0,11.0,0.59,0.0,69.0,3.0,0.0,3.0,1.0,4.44444444444444,1.0,1.0,,,1.0,0.0,3.0,6.0,,,,4.38888888888889,,1.0,1.17391304347826,490.0,,
lucene@2,322,3,0.007389162561576321,0.5788177339901477,0.15469636130314193,8.0,1.0,2.0,1.0,0.0,4.0,,3.0,0.0,8.0,13.0,0.31,1.0,83.0,3.0,0.0,31.0,1.0,3.22727272727273,1.0,1.0,,,0.333333333333333,0.0,3.0,3.0,,68.0,,6.09090909090909,3.0,1.0,1.33333333333333,20.0,,
lucene@2,345,11,0.0,0.6749999999999999,0.32685766470868916,15.0,0.0,1.0,18.0,11.0,2.0,,11.0,5.0,27.0,78.0,0.49,0.0,95.0,2.0,0.0,17.0,2.0,3.19387755102041,0.0,0.0,,,0.7,0.0,3.0,9.0,,378.0,,3.23469387755102,4.0,1.0,0.684210526315789,277.0,,
lucene@2,548,0,0.0,0.55,0.18234797297297295,1.0,0.0,1.0,2.0,3.0,0.0,,1.0,0.0,0.0,7.0,0.22,0.0,75.0,4.0,0.0,18.0,1.0,2.375,0.0,3.0,,,0.5,0.0,6.0,3.0,,21.0,,7.0,3.0,1.0,0.0,2.0,,
wicket@0,7,0,0.040169133192389024,0.6215644820295982,0.29507701600724856,1.0,0.0,1.0,,0.0,7.0,2.0,2.0,8.0,1.0,,0.67,0.0,100.0,3.0,0.0,17.0,2.0,2.0,0.0,0.0,0.0,,0.6875,0.0,2.0,2.0,,133.0,7.0,,,,,,,
wicket@0,8,0,0.0211416490486258,0.7293868921775898,0.21000704721634952,3.0,0.0,1.0,,1.0,5.0,2.0,2.0,1.0,8.0,,0.66,0.0,84.0,7.0,0.0,13.0,1.0,2.0625,1.0,1.0,0.0,,0.7,0.0,1.0,1.0,,116.0,33.0,,,,,,,
wicket@0,185,0,0.0021141649048625776,0.9725158562367864,0.11970200342293362,1.0,0.0,1.0,,1.0,6.0,2.0,1.0,9.0,0.0,,0.73,1.0,96.0,3.0,9.0,15.0,1.0,2.69230769230769,1.0,0.0,0.0,,0.3,0.0,3.0,6.0,,114.0,3.0,,,,,,,
wicket@0,187,0,17.669479220791295,17.931368532333288,17.799128896632485,7.0,0.0,1.0,,0.0,4.0,2.0,11.0,4.0,13.0,,0.54,1.0,100.0,5.0,1.0,19.0,2.0,3.5,0.0,0.0,0.0,,0.380952380952381,3.0,5.0,5.0,,131.0,3.0,,,,,,,
wicket@0,238,15,9.224826891114573,9.612550230678837,9.432444804168805,0.0,14.0,1.0,,0.0,7.0,2.0,14.0,41.0,15.0,,1.0,0.0,100.0,2.0,34.0,3.0,3.0,10.3222222222222,0.0,0.0,0.0,,0.294117647058824,2.0,1.0,8.0,,40.0,1022.0,,,,,,,
wicket@0,264,9,0.035940803382663845,1.0359408033826638,0.1784959226819692,0.0,3.0,1.0,,0.0,5.0,1.0,1.0,0.0,10.0,,1.0,0.0,91.0,2.0,1.0,9.0,1.0,7.69642857142857,1.0,1.0,0.0,,0.222222222222222,0.0,3.0,4.0,,362.0,3.0,,,,,,,
wicket@0,279,0,0.021052631578947364,0.7078947368421052,0.4428884711779448,0.0,0.0,1.0,,0.0,7.0,2.0,2.0,8.0,3.0,,1.19,0.0,79.0,6.0,2.0,12.0,1.0,3.88,0.0,1.0,0.0,,0.333333333333333,0.0,5.0,4.0,,62.0,0.0,,,,,,,
wicket@0,291,0,54.98100861403663,55.24280143028803,55.10934607703246,7.0,0.0,1.0,,0.0,6.0,2.0,18.0,23.0,8.0,,0.81,0.0,96.0,4.0,43.0,35.0,2.0,2.93827160493827,0.0,0.0,0.0,,0.315789473684211,0.0,5.0,5.0,,62.0,3.0,,,,,,,
wicket@0,292,14,0.4689057334243295,1.1336322611217882,0.8459444915756668,6.0,0.0,1.0,,2.0,6.0,2.0,7.0,17.0,6.0,,0.65,0.0,95.0,5.0,12.0,9.0,2.0,2.0,0.0,0.0,0.0,,0.37037037037037,3.0,4.0,6.0,,49.0,585.0,,,,,,,
wicket@0,365,0,0.0026315789473684652,0.9973684210526316,0.7286654135338346,0.0,0.0,1.0,,0.0,7.0,2.0,8.0,10.0,8.0,,1.09,1.0,100.0,5.0,34.0,5.0,2.0,3.09090909090909,0.0,0.0,0.0,,0.285714285714286,0.0,4.0,5.0,,40.0,167.0,,,,,,,
wicket@0,371,0,0.12105263157894736,0.5710526315789474,0.30930451127819547,3.0,0.0,1.0,,0.0,6.0,1.0,2.0,5.0,7.0,,1.69,0.0,84.0,6.0,1.0,6.0,1.0,2.38888888888889,0.0,1.0,0.0,,0.4,0.0,5.0,2.0,,131.0,30.0,,,,,,,
wicket@0,396,0,0.13742071881606766,0.8625792811839322,0.7331118493909191,20.0,1.0,1.0,,1.0,5.0,2.0,17.0,14.0,17.0,,0.66,1.0,100.0,6.0,10.0,11.0,3.0,3.32051282051282,0.0,0.0,0.0,,0.454545454545455,0.0,3.0,3.0,,520.0,3.0,,,,,,,
wicket@0,416,15,0.07797044437730466,0.7101491244909283,0.28529198497939334,1.0,1.0,1.0,,0.0,6.0,2.0,2.0,3.0,4.0,,0.74,0.0,95.0,4.0,238.0,20.0,2.0,2.0,0.0,1.0,0.0,,0.285714285714286,0.0,4.0,2.0,,162.0,255.0,,,,,,,
wicket@0,468,0,0.0,0.9619450317124736,0.11335950870834594,0.0,0.0,1.0,,0.0,3.0,1.0,1.0,1.0,1.0,,2.73,0.0,87.0,5.0,4.0,1.0,1.0,5.0,0.0,2.0,0.0,,0.428571428571429,0.0,1.0,2.0,,82.0,7.0,,,,,,,
wicket@0,474,7,0.0,1.0,0.21707317073170723,0.0,0.0,1.0,,0.0,7.0,2.0,1.0,0.0,0.0,,1.43,2.0,100.0,1.0,0.0,8.0,2.0,3.0,1.0,7.0,1.0,,0.2,0.0,1.0,1.0,,33.0,63.0,,,,,,,
wicket@0,493,4,0.7211883137727969,1.487061842757058,0.9627672297952138,12.0,5.0,2.0,,0.0,6.0,3.0,7.0,6.0,4.0,,0.48,1.0,92.0,2.0,3.0,20.0,2.0,2.0,0.0,1.0,0.0,,0.227272727272727,1.0,4.0,5.0,,131.0,137.0,,,,,,,
wicket@0,515,8,0.5890285738468528,1.1927078234420208,0.9661974992116678,8.0,7.0,1.0,,0.0,7.0,2.0,11.0,11.0,8.0,,0.85,0.0,94.0,3.0,4.0,9.0,3.0,2.4,0.0,0.0,0.0,,0.391304347826087,1.0,4.0,5.0,,131.0,263.0,,,,,,,
wicket@0,516,0,0.0,0.9619450317124736,0.11335950870834594,2.0,1.0,1.0,,1.0,4.0,1.0,3.0,2.0,3.0,,0.84,0.0,92.0,1.0,2.0,8.0,3.0,2.73076923076923,0.0,0.0,0.0,,0.333333333333333,0.0,3.0,2.0,,141.0,3.0,,,,,,,
wicket@0,534,13,0.054968287526427066,1.054968287526427,0.1975234068257324,2.0,0.0,1.0,,0.0,5.0,2.0,6.0,0.0,16.0,,0.67,0.0,93.0,1.0,0.0,21.0,2.0,2.4,0.0,1.0,0.0,,0.375,0.0,4.0,4.0,,495.0,3.0,,,,,,,
wicket@0,538,0,0.0063424947145877325,0.9027484143763213,0.12101077217356282,3.0,0.0,1.0,,0.0,4.0,2.0,4.0,1.0,13.0,,0.68,0.0,87.0,1.0,1.0,28.0,2.0,15.1034482758621,0.0,1.0,0.0,,0.153846153846154,0.0,4.0,5.0,,204.0,1.0,,,,,,,
wicket@0,549,0,0.9470880872894812,1.361777918391773,1.1112737028489155,0.0,0.0,2.0,,1.0,9.0,3.0,4.0,10.0,4.0,,0.63,1.0,92.0,1.0,1.0,0.0,3.0,0.0,1.0,1.0,0.0,,0.346153846153846,3.0,5.0,3.0,,40.0,359.0,,,,,,,
wicket@0,563,2,0.007894736842105262,0.6447368421052632,0.10025062656641603,0.0,0.0,1.0,,0.0,9.0,2.0,3.0,1.0,0.0,,0.81,1.0,93.0,2.0,0.0,22.0,2.0,3.44444444444444,0.0,1.0,0.0,,0.461538461538462,0.0,4.0,6.0,,82.0,25.0,,,,,,,
wicket@0,569,0,0.014799154334038049,0.9112050739957717,0.11899728178797946,3.0,1.0,3.0,,0.0,11.0,6.0,1.0,3.0,4.0,,0.41,4.0,79.0,1.0,2.0,28.0,2.0,5.76923076923077,2.0,1.0,0.0,,0.263157894736842,0.0,3.0,3.0,,192.0,3.0,,,,,,,
wicket@0,578,10,0.03846153846153844,0.9076923076923076,0.34539722572509457,0.0,0.0,1.0,,0.0,5.0,1.0,1.0,0.0,12.0,,0.99,0.0,55.0,1.0,0.0,1.0,2.0,4.85185185185185,1.0,1.0,0.0,,0.333333333333333,0.0,2.0,5.0,,191.0,8.0,,,,,,,
wicket@0,582,0,0.0,0.9682875264270612,0.1164804188060002,0.0,0.0,1.0,,0.0,7.0,3.0,1.0,3.0,0.0,,0.72,1.0,62.0,2.0,3.0,9.0,1.0,2.125,0.0,1.0,0.0,,0.625,0.0,1.0,0.0,,84.0,7.0,,,,,,,
wicket@0,583,0,0.0063424947145877325,0.9408033826638478,0.11255411255411255,1.0,0.0,1.0,,0.0,6.0,3.0,1.0,4.0,1.0,,0.52,1.0,71.0,1.0,4.0,6.0,3.0,6.0,4.0,1.0,0.0,,0.3,0.0,6.0,0.0,,71.0,3.0,,,,,,,
wicket@0,588,5,0.007894736842105262,0.6447368421052632,0.10025062656641603,0.0,0.0,1.0,,0.0,6.0,4.0,1.0,2.0,1.0,,0.83,1.0,0.0,3.0,0.0,5.0,1.0,10.0,4.0,3.0,0.0,,0.2,0.0,2.0,1.0,,49.0,5.0,,,,,,,
wicket@0,589,0,0.0,1.0,0.14255511929930534,0.0,0.0,2.0,,0.0,4.0,3.0,1.0,0.0,1.0,,0.42,1.0,50.0,2.0,0.0,13.0,1.0,2.8,1.0,2.0,0.0,,0.25,0.0,5.0,3.0,,47.0,33.0,,,,,,,
wicket@0,610,1,44.107558175032345,44.369422340566686,44.23662143863163,10.0,1.0,1.0,,2.0,8.0,2.0,1.0,6.0,12.0,,1.09,0.0,94.0,1.0,1.0,37.0,1.0,8.31481481481481,0.0,0.0,0.0,,0.375,3.0,3.0,8.0,,131.0,1.0,,,,,,,
wicket@0,631,12,1.9113788192306913,2.4033189253218272,2.198727961520278,2.0,4.0,1.0,,5.0,6.0,2.0,2.0,11.0,17.0,,0.81,0.0,100.0,1.0,1.0,30.0,2.0,1.0,0.0,0.0,0.0,,0.485714285714286,4.0,3.0,7.0,,131.0,470.0,,,,,,,
wicket@0,742,0,0.048625792811839326,0.8202959830866807,0.15856236786469347,9.0,6.0,1.0,,15.0,3.0,2.0,11.0,0.0,12.0,,0.36,0.0,82.0,2.0,7.0,15.0,2.0,3.28169014084507,0.0,0.0,0.0,,0.266666666666667,0.0,2.0,6.0,,307.0,3.0,,,,,,,
wicket@0,790,7,0.0,0.6666666666666666,0.22008547008547003,0.0,0.0,1.0,,0.0,1.0,1.0,1.0,0.0,2.0,,0.69,0.0,83.0,2.0,0.0,4.0,1.0,1.33333333333333,0.0,1.0,0.0,,0.666666666666667,0.0,3.0,1.0,,36.0,11.0,,,,,,,
wicket@0,802,2,2.8207776879893145,3.5439110067564905,3.018422112922099,0.0,0.0,17.0,,1.0,12.0,26.0,1.0,0.0,0.0,,0.35,9.0,0.0,1.0,0.0,0.0,1.0,4.0,16.0,6.0,5.0,,0.5,0.0,2.0,2.0,,1556.0,13.0,,,,,,,
wicket@0,809,13,1.5539724848343606,1.9382719700809616,1.7121198196383727,9.0,0.0,1.0,,0.0,7.0,2.0,9.0,2.0,1.0,,0.79,0.0,100.0,3.0,1.0,0.0,2.0,1.5,0.0,0.0,0.0,,0.238095238095238,3.0,2.0,6.0,,82.0,202.0,,,,,,,
wicket@0,1020,5,0.005263157894736841,0.7842105263157895,0.0625,0.0,0.0,1.0,,0.0,4.0,2.0,1.0,0.0,0.0,,0.38,5.0,0.0,3.0,0.0,15.0,1.0,1.5,1.0,2.0,0.0,,0.333333333333333,0.0,3.0,0.0,,49.0,7.0,,,,,,,
wicket@0,1168,3,0.0,0.6578947368421053,0.08793859649122807,1.0,0.0,1.0,,0.0,4.0,1.0,2.0,2.0,1.0,,0.43,1.0,86.0,5.0,0.0,9.0,1.0,1.46666666666667,1.0,1.0,0.0,,0.4,0.0,1.0,2.0,,62.0,10.0,,,,,,,
wicket@0,1201,1,0.0,0.631578947368421,0.112625313283208,0.0,0.0,1.0,,0.0,2.0,1.0,2.0,3.0,2.0,,0.33,1.0,52.0,2.0,0.0,10.0,2.0,1.37037037037037,0.0,0.0,0.0,,0.357142857142857,0.0,3.0,3.0,,62.0,31.0,,,,,,,
wicket@0,1234,4,0.0,0.7342105263157894,0.030357142857142853,0.0,0.0,1.0,,0.0,2.0,1.0,2.0,1.0,1.0,,0.75,1.0,100.0,5.0,0.0,5.0,2.0,0.5,0.0,0.0,0.0,,0.5,0.0,2.0,0.0,,33.0,0.0,,,,,,,
wicket@0,1236,1,0.0052631578947368585,0.613157894736842,0.13023182957393484,2.0,1.0,1.0,,0.0,3.0,1.0,8.0,3.0,2.0,,0.42,2.0,100.0,2.0,0.0,36.0,2.0,1.61538461538462,0.0,0.0,0.0,,0.4,0.0,5.0,2.0,,62.0,7.0,,,,,,,
wicket@1,30,10,0.029103703828353138,0.5409891560529689,0.16419217354935786,8.0,0.0,1.0,,2.0,6.0,1.0,7.0,17.0,18.0,,0.95,0.0,100.0,5.0,3.0,9.0,1.0,2.01428571428571,0.0,0.0,0.0,,0.5,0.0,4.0,8.0,,540.0,3.0,,,,,,,
wicket@1,194,14,0.0006155422598882592,0.6108401296924811,0.05543083174593109,0.0,0.0,1.0,,1.0,5.0,2.0,1.0,11.0,0.0,,0.53,0.0,97.0,3.0,9.0,23.0,1.0,2.71428571428571,0.0,0.0,0.0,,1.0,0.0,5.0,7.0,,111.0,3.0,,,,,,,
wicket@1,251,1,0.02385017994113942,0.6036206383798884,0.11022030799860004,10.0,28.0,1.0,,0.0,7.0,2.0,7.0,39.0,8.0,,0.84,0.0,75.0,4.0,21.0,70.0,8.0,13.009756097561,0.0,0.0,0.0,,0.705882352941177,0.0,6.0,11.0,,1868.0,1.0,,,,,,,
wicket@1,302,1,0.1683034124861455,0.6941469502489337,0.32020646940277697,11.0,0.0,1.0,,2.0,6.0,2.0,22.0,30.0,6.0,,0.68,0.0,100.0,4.0,72.0,9.0,2.0,3.34,0.0,0.0,0.0,,0.454545454545455,0.0,6.0,8.0,,752.0,3.0,,,,,,,
wicket@1,352,1,0.011857707509881415,0.8221343873517787,0.1572510059466581,7.0,0.0,1.0,,0.0,6.0,2.0,3.0,0.0,9.0,,0.72,0.0,75.0,2.0,0.0,21.0,2.0,4.57894736842105,1.0,1.0,0.0,,0.75,0.0,6.0,3.0,,68.0,27.0,,,,,,,
wicket@1,507,0,0.06750849928609329,0.594188076190018,0.22056326289888709,20.0,7.0,1.0,,0.0,5.0,3.0,11.0,6.0,4.0,,0.4,1.0,100.0,2.0,6.0,9.0,2.0,16.855421686747,0.0,1.0,0.0,,0.466666666666667,0.0,6.0,6.0,,541.0,3.0,,,,,,,
wicket@1,531,12,0.007716319801298393,0.4191568947106111,0.0558212191517044,6.0,5.0,1.0,,0.0,5.0,2.0,6.0,9.0,6.0,,0.68,0.0,94.0,3.0,39.0,21.0,3.0,2.2,0.0,0.0,0.0,,0.571428571428571,0.0,7.0,5.0,,386.0,1.0,,,,,,,
wicket@1,824,5,0.0,0.5113816834303865,0.01907271477446015,0.0,0.0,1.0,,10.0,6.0,2.0,1.0,2.0,2.0,,1.11,0.0,71.0,1.0,1.0,6.0,2.0,4.72549019607843,1.0,1.0,0.0,,0.0,0.0,1.0,3.0,,375.0,13.0,,,,,,,
wicket@1,834,9,0.447037150949502,0.9286876496381975,0.613249081112819,11.0,0.0,1.0,,0.0,6.0,2.0,16.0,8.0,29.0,,0.7,0.0,100.0,5.0,1.0,89.0,2.0,1.8,0.0,1.0,0.0,,0.681818181818182,1.0,5.0,9.0,,68.0,3.0,,,,,,,
wicket@1,1291,12,0.0,0.9032258064516129,0.05927419354838709,2.0,0.0,1.0,,0.0,3.0,1.0,7.0,3.0,2.0,,0.37,0.0,100.0,3.0,0.0,57.0,2.0,1.16363636363636,0.0,0.0,0.0,,1.0,0.0,5.0,8.0,,239.0,54.0,,,,,,,
wicket@1,1923,3,0.0038412759009182353,0.7201289723341374,0.19996548870444097,1.0,0.0,2.0,,0.0,6.0,2.0,2.0,7.0,3.0,,0.57,1.0,0.0,3.0,3.0,19.0,1.0,6.75,0.0,1.0,0.0,,0.75,0.0,5.0,1.0,,103.0,13.0,,,,,,,
wicket@1,1956,0,0.0,0.5442032821598729,0.03211128054802746,4.0,0.0,2.0,,1.0,6.0,3.0,4.0,4.0,11.0,,0.58,1.0,100.0,3.0,4.0,19.0,2.0,4.63636363636364,1.0,1.0,0.0,,0.714285714285714,0.0,4.0,1.0,,200.0,3.0,,,,,,,
wicket@1,2623,0,0.0005293806246691356,0.5537321334039174,0.040236878076531056,11.0,0.0,1.0,,8.0,6.0,2.0,2.0,0.0,9.0,,0.7,0.0,92.0,1.0,0.0,8.0,2.0,10.6545454545455,0.0,1.0,0.0,,0.571428571428571,0.0,4.0,1.0,,385.0,13.0,,,,,,,
