feature,value,importance,left,right,rec,rule,min,max
OWN_COMMIT,1.0,0.09131418880275106,0.0,0.9396160800866156,-1,OWN_COMMIT > 0.9396160800866156,0.0,1.0
RatioCommentToCode,0.17,0.03493566130787384,0.0,0.03591251388253447,-1,0.03591251388253447 < RatioCommentToCode <= 0.3453902620365129,0.0,43.0
CountClassCoupled,5.0,0.014298799460233675,0.0,2.533746829526269,-1,2.533746829526269 < CountClassCoupled <= 6.440816326530612,0.0,242.0
CountInput_Mean,1.47058823529412,0.011345997674084214,0.0,0.0,-1,CountInput_Mean <= 1.6725425959894997,0.0,45.75
PercentLackOfCohesion,97.0,0.005645137668658242,0.0,93.32599303102478,-1,93.32599303102478 < PercentLackOfCohesion <= 99.46744332878954,0.0,100.0
