feature,value,importance,left,right,rec,rule,min,max
OWN_COMMIT,0.666666666666667,0.22438359469274935,0.0,0.5211086302390999,-1,0.5211086302390999 < OWN_COMMIT <= 0.9396160800866156,0.0,1.0
RatioCommentToCode,0.55,-0.026204952357004364,2.5323663489912938,43.0,1,0.4691813612981043 < RatioCommentToCode <= 2.5323663489912938,0.0,43.0
CountInput_Mean,3.5,-0.01451502535946551,9.03539252913872,45.75,1,3.3221428542360463 < CountInput_Mean <= 9.03539252913872,0.0,45.75
PercentLackOfCohesion,0.0,-0.010054686611167638,4.658804357046073,100.0,1,PercentLackOfCohesion <= 4.658804357046073,0.0,100.0
