feature,value,importance,left,right,rec,rule,min,max
OWN_COMMIT,0.666666666666667,0.21396647680023934,0.0,0.5211086302390999,-1,0.5211086302390999 < OWN_COMMIT <= 0.9396160800866156,0.0,1.0
RatioCommentToCode,0.36,0.03195705409278958,0.0,0.3453902620365129,-1,0.3453902620365129 < RatioCommentToCode <= 0.4691813612981043,0.0,43.0
CountInput_Mean,4.33333333333333,-0.022615545541042344,9.03539252913872,45.75,1,3.3221428542360463 < CountInput_Mean <= 9.03539252913872,0.0,45.75
PercentLackOfCohesion,0.0,-0.0051890482498702095,4.658804357046073,100.0,1,PercentLackOfCohesion <= 4.658804357046073,0.0,100.0
