feature,value,importance,left,right,rec,rule,min,max
OWN_COMMIT,0.916666666666667,0.2114572253259129,0.0,0.5211086302390999,-1,0.5211086302390999 < OWN_COMMIT <= 0.9396160800866156,0.0,1.0
RatioCommentToCode,0.06,0.040993048346958307,0.0,0.03591251388253447,-1,0.03591251388253447 < RatioCommentToCode <= 0.3453902620365129,0.0,43.0
CountClassCoupled,79.0,-0.018594063501053172,147.51393280765168,242.0,1,44.53474392232296 < CountClassCoupled <= 147.51393280765168,0.0,242.0
PercentLackOfCohesion,100.0,-0.011335655742416111,100.0,100.0,1,PercentLackOfCohesion > 99.46744332878954,0.0,100.0
CountInput_Mean,6.48815165876777,-0.011076143720643587,9.03539252913872,45.75,1,3.3221428542360463 < CountInput_Mean <= 9.03539252913872,0.0,45.75
