feature,value,importance,left,right,rec,rule,min,max
RatioCommentToCode,0.25,0.04483222914358055,0.0,0.03591251388253447,-1,0.03591251388253447 < RatioCommentToCode <= 0.3453902620365129,0.0,43.0
OWN_COMMIT,0.454545454545455,0.0386673552951871,0.0,0.15491461162252382,-1,0.15491461162252382 < OWN_COMMIT <= 0.5211086302390999,0.0,1.0
CountInput_Mean,9.04938271604938,-0.011058864570994887,10.041246345142712,45.75,1,9.03539252913872 < CountInput_Mean <= 10.041246345142712,0.0,45.75
CountClassCoupled,19.0,0.005827315568268283,0.0,18.441101210186808,-1,18.441101210186808 < CountClassCoupled <= 44.53474392232296,0.0,242.0
PercentLackOfCohesion,96.0,0.0007759059021010664,0.0,93.32599303102478,-1,93.32599303102478 < PercentLackOfCohesion <= 99.46744332878954,0.0,100.0
