feature,value,importance,left,right,rec,rule,min,max
OWN_COMMIT,0.666666666666667,0.23793451295726173,0.0,0.5211086302390999,-1,0.5211086302390999 < OWN_COMMIT <= 0.9396160800866156,0.0,1.0
RatioCommentToCode,0.27,0.04019056570985431,0.0,0.03591251388253447,-1,0.03591251388253447 < RatioCommentToCode <= 0.3453902620365129,0.0,43.0
CountClassCoupled,15.0,-0.02137758754900029,18.441101210186808,242.0,1,12.44095876835871 < CountClassCoupled <= 18.441101210186808,0.0,242.0
CountInput_Mean,6.63636363636364,-0.016646668728790382,9.03539252913872,45.75,1,3.3221428542360463 < CountInput_Mean <= 9.03539252913872,0.0,45.75
PercentLackOfCohesion,100.0,-0.012188880040822091,100.0,100.0,1,PercentLackOfCohesion > 99.46744332878954,0.0,100.0
