Antecedent,Antecedent Coverage %,Confidence,Lift
1.025 < RatioCommentToCode <= 1.665,0.19925,0.99766,1.03987
RatioCommentToCode > 1.665,0.19552,0.99761,1.03983
5 < PercentLackOfCohesion <= 33,0.19179,0.99513,1.03724
-0.185 < CountDeclClassVariable <= 0.24,0.39477,0.99054,1.03246
-0.03 < OWN_COMMIT <= 0.0045,0.61176,0.97712,1.01846
0.996 < CountDeclClass <= 1.154,0.68829,0.97559,1.01688
