Antecedent,Antecedent Coverage %,Confidence,Lift
1.88 < CountClassCoupled <= 3.64,0.19364,1.0,1.07063
CountDeclMethodPublic <= 0.8,0.18794,0.99747,1.06793
RatioCommentToCode > 1.66,0.19411,0.99511,1.06539
0.24 < CountClassCoupled <= 1.88,0.19174,0.99505,1.06533
PercentLackOfCohesion <= 2.5,0.22734,0.99374,1.06392
0.8 < CountDeclMethodPublic <= 3.55,0.23256,0.99184,1.06189
1 < RatioCommentToCode <= 1.66,0.20313,0.99065,1.06062
-0.044 < OWN_COMMIT <= 0.0085,0.53204,0.9893,1.05917
3.64 < CountClassCoupled <= 7.86,0.21168,0.98879,1.05863
