feature,value,importance,left,right,rec,rule,min,max
CountClassCoupled,11.0,0.05632344581116049,0.0,5.496626413283925,-1,5.496626413283925 < CountClassCoupled <= 11.47998037051897,0.0,71.0
CountDeclInstanceVariable,9.0,0.028430946154962725,0.0,8.510707538953993,-1,8.510707538953993 < CountDeclInstanceVariable <= 10.502374715445432,0.0,146.0
CountInput_Mean,2.41176470588235,0.024163628677216966,0.0,0.4907821800349863,-1,0.4907821800349863 < CountInput_Mean <= 3.058906243303005,0.0,53.0
MAJOR_LINE,0.0,-0.015015028693135356,0.502798885741781,4.0,1,MAJOR_LINE <= 0.502798885741781,0.0,4.0
PercentLackOfCohesion,81.0,0.007885515531353086,0.0,54.451027961191265,-1,54.451027961191265 < PercentLackOfCohesion <= 87.34091357357666,0.0,100.0
