feature,value,importance,left,right,rec,rule,min,max
CountClassCoupled,40.0,0.166624014139026,0.0,29.979533932174256,-1,CountClassCoupled > 29.979533932174256,0.0,71.0
CountInput_Mean,3.23076923076923,-0.021658516241529542,3.2586492260016287,53.0,1,3.058906243303005 < CountInput_Mean <= 3.2586492260016287,0.0,53.0
PercentLackOfCohesion,85.0,0.007911891181564308,0.0,54.451027961191265,-1,54.451027961191265 < PercentLackOfCohesion <= 87.34091357357666,0.0,100.0
CountDeclInstanceVariable,9.0,0.0025206762540596834,0.0,8.510707538953993,-1,8.510707538953993 < CountDeclInstanceVariable <= 10.502374715445432,0.0,146.0
