feature,value,importance,left,right,rec,rule,min,max
CountDeclInstanceVariable,44.0,0.1493016532890773,0.0,21.48866785028532,-1,CountDeclInstanceVariable > 21.48866785028532,0.0,146.0
MAJOR_LINE,4.0,0.027932881427119638,0.0,2.4984912888350683,-1,MAJOR_LINE > 2.4984912888350683,0.0,4.0
PercentLackOfCohesion,96.0,-0.022009566549663035,98.81412948487389,100.0,1,87.34091357357666 < PercentLackOfCohesion <= 98.81412948487389,0.0,100.0
CountInput_Mean,2.97916666666667,0.018307418797079433,0.0,0.4907821800349863,-1,0.4907821800349863 < CountInput_Mean <= 3.058906243303005,0.0,53.0
