feature,value,importance,left,right,rec,rule,min,max
CountClassCoupled,3.0,-0.025514970037302236,4.51975229781698,71.0,1,1.5280753191994587 < CountClassCoupled <= 4.51975229781698,0.0,71.0
CountInput_Mean,3.1875,-0.024386845644194143,3.2586492260016287,53.0,1,3.058906243303005 < CountInput_Mean <= 3.2586492260016287,0.0,53.0
MAJOR_LINE,2.0,0.023592038161579815,0.0,1.500645087288425,-1,1.500645087288425 < MAJOR_LINE <= 2.4984912888350683,0.0,4.0
PercentLackOfCohesion,94.0,-0.016125737121790287,98.81412948487389,100.0,1,87.34091357357666 < PercentLackOfCohesion <= 98.81412948487389,0.0,100.0
