feature,value,importance,left,right,rec,rule,min,max
CountClassCoupled,3.0,-0.02917615804455172,4.51975229781698,71.0,1,1.5280753191994587 < CountClassCoupled <= 4.51975229781698,0.0,71.0
CountDeclInstanceVariable,14.0,0.021152301710731406,0.0,10.502374715445432,-1,10.502374715445432 < CountDeclInstanceVariable <= 15.513666320810996,0.0,146.0
MAJOR_LINE,1.0,0.0024369082818356063,0.0,0.502798885741781,-1,0.502798885741781 < MAJOR_LINE <= 1.500645087288425,0.0,4.0
PercentLackOfCohesion,85.0,0.0010724629487326692,0.0,54.451027961191265,-1,54.451027961191265 < PercentLackOfCohesion <= 87.34091357357666,0.0,100.0
