"Rule ID","Antecedent","Consequent","Antecedent Coverage %","Antecedent Coverage","Support %","Support","Confidence","Leverage","Lift","p-value","Consequent Coverage %","Consequent Coverage"
"b'000000'","b'-0.11 < CountDeclMethodPrivate <= 0.012'","b'target = 0'",0.63973,1433,0.63973,1433,1,0.00971,1.01541,5.35066e-16,0.98482,2206
"b'000001'","b'-0.235 < AvgLineComment <= 0.13'","b'target = 0'",0.45982,1030,0.45982,1030,1,0.00698,1.01541,6.49149e-10,0.98482,2206
"b'000002'","b'-0.017 < OWN_COMMIT <= 0.047'","b'target = 0'",0.37679,844,0.37679,844,1,0.00572,1.01541,8.934e-08,0.98482,2206
"b'000003'","b'-0.135 < MAJOR_LINE <= 0.125'","b'target = 0'",0.36964,828,0.36964,828,1,0.00561,1.01541,1.3223e-07,0.98482,2206
"b'000004'","b'14.15 < CountLineComment <= 20.4'","b'target = 0'",0.35402,793,0.35402,793,1,0.00537,1.01541,3.06988e-07,0.98482,2206
"b'000005'","b'0.999 < AvgCyclomaticModified <= 1.067'","b'target = 0'",0.6558,1469,0.65357,1464,0.9966,0.00772,1.01196,1.01856e-09,0.98482,2206
"b'000006'","b'0.9895 < AvgEssential <= 1.02'","b'target = 0'",0.89643,2008,0.88884,1991,0.99153,0.00602,1.00682,4.84095e-09,0.98482,2206
