,CountDeclMethodPrivate,CountDeclMethodDefault,AvgEssential,CountDeclClassVariable,AvgLineComment,CountDeclClass,CountDeclMethodProtected,CountDeclInstanceVariable,RatioCommentToCode,AvgLineBlank,CountDeclInstanceMethod,AvgCyclomaticStrict,MaxInheritanceTree,CountClassDerived,CountClassCoupled,CountClassBase,CountInput_Mean,CountInput_Min,CountOutput_Mean,CountOutput_Min,CountPath_Min,OWN_COMMIT,MINOR_COMMIT,MINOR_LINE,MAJOR_LINE
358,0.20999999999999996,12.0,29.0,11.0,26.0,2.0,2.0,11.0,0.20999999999999996,1.0,29.0,4.0,3.0,1.1102230246251565e-16,26.0,1.0,3.75862068965517,1.0,6.51724137931035,1.0,1.0,0.5,0.0,3.0,2.0
359,13.0,12.0,13.0,1.0,37.0,13.0,13.0,4.0,0.10000000000000009,1.0,47.0,4.0,1.0,2.0,37.0,3.0,4.18367346938776,1.1102230246251565e-16,7.08163265306122,0.0,1.0,0.578947368421053,0.0,3.0,7.0
471,7.0,3.0,6.0,3.0,4.0,1.0,4.0,0.0,0.24,0.0,0.0,7.0,1.0,1.1102230246251565e-16,11.0,1.0,5.18181818181818,1.0,4.63636363636364,1.0,1.0,0.545454545454545,0.0,4.0,2.0
340,96.0,59.0,50.0,0.0,58.0,26.0,50.0,34.0,0.14000000000000012,1.0,209.0,4.0,4.0,1.1102230246251565e-16,96.0,2.0,6.12669683257919,1.1102230246251565e-16,7.59276018099547,0.0,1.0,0.520833333333333,0.0,4.0,5.0
390,5.0,0.4,4.0,0.0,10.0,1.0,7.0,10.0,0.1100000000000001,0.0,16.0,6.0,4.0,1.1102230246251565e-16,21.0,1.0,3.6875,1.0,7.6875,1.0,1.0,0.4,0.0,1.0,1.0
49,59.0,9.0,77.0,0.0,0.470588235294118,25.0,9.0,29.0,0.1499999999999999,1.0,177.0,4.0,4.0,3.0,77.0,3.0,4.53631284916201,1.1102230246251565e-16,4.7877094972067,0.0,1.0,0.470588235294118,0.0,3.0,3.0
30,16.999999999999996,7.0,1.0,0.0,77.0,8.0,7.0,17.0,0.4099999999999999,0.0,77.0,3.0,2.0,4.0,24.0,2.0,3.72151898734177,1.1102230246251565e-16,4.27848101265823,0.0,1.0,0.777777777777778,0.0,2.0,2.0
439,3.0,4.0,21.0,0.0,12.0,18.0,12.0,17.0,1.14,0.0,37.0,2.0,2.0,1.1102230246251565e-16,80.0,2.0,2.47551342812006,1.1102230246251565e-16,3.46287519747235,0.0,1.0,0.733812949640288,4.0,5.0,21.0
