feature,value,importance,left,right,rec,rule,min,max
CountClassCoupled,14.0,0.03781233872135471,0.0,9.508998472982986,-1,9.508998472982986 < CountClassCoupled <= 16.502179241780798,0.0,230.0
MAJOR_LINE,3.0,0.015364003339515306,0.0,2.4915744008336347,-1,2.4915744008336347 < MAJOR_LINE <= 3.496382367004915,0.0,21.0
PercentLackOfCohesion,62.0,0.007015327609364521,0.0,31.457154556395533,-1,31.457154556395533 < PercentLackOfCohesion <= 66.34431027230274,0.0,100.0
