feature,value,importance,left,right,rec,rule,min,max
MAJOR_COMMIT,4.0,0.1537804149669634,0.0,2.504428889822858,-1,2.504428889822858 < MAJOR_COMMIT <= 4.498890104152141,0.0,10.0
MAJOR_LINE,6.0,0.05601451211544382,0.0,5.505998299347475,-1,5.505998299347475 < MAJOR_LINE <= 7.493770580251528,0.0,21.0
CountClassCoupled,9.0,-0.028335117660590672,9.508998472982986,230.0,1,3.475666045000562 < CountClassCoupled <= 9.508998472982986,0.0,230.0
PercentLackOfCohesion,90.0,-0.01698670601857443,98.66083346177467,100.0,1,85.44043761153615 < PercentLackOfCohesion <= 98.66083346177467,0.0,100.0
