feature,value,importance,left,right,rec,rule,min,max
CountClassCoupled,8.0,-0.027721282978959757,9.508998472982986,230.0,1,3.475666045000562 < CountClassCoupled <= 9.508998472982986,0.0,230.0
PercentLackOfCohesion,58.0,0.02074780649714444,0.0,31.457154556395533,-1,31.457154556395533 < PercentLackOfCohesion <= 66.34431027230274,0.0,100.0
MAJOR_LINE,1.0,-0.016912435082313094,1.5086100861008611,21.0,1,0.5038021199295812 < MAJOR_LINE <= 1.5086100861008611,0.0,21.0
MINOR_LINE,3.0,-0.013956101139908668,3.5048260426015228,7.0,1,2.4972751068731913 < MINOR_LINE <= 3.5048260426015228,1.0,7.0
