feature,value,importance,left,right,rec,rule,min,max
CountClassCoupled,17.0,0.07140236483439612,0.0,16.502179241780798,-1,16.502179241780798 < CountClassCoupled <= 23.495360010578608,0.0,230.0
MAJOR_LINE,2.0,-0.009997541286525295,2.4915744008336347,21.0,1,1.5086100861008611 < MAJOR_LINE <= 2.4915744008336347,0.0,21.0
PercentLackOfCohesion,25.0,0.0030276776345707656,0.0,0.0,-1,PercentLackOfCohesion <= 26.68312272158718,0.0,100.0
MAJOR_COMMIT,2.0,-0.002005451396729469,2.504428889822858,10.0,1,1.5071982826582162 < MAJOR_COMMIT <= 2.504428889822858,0.0,10.0
