feature,value,importance,left,right,rec,rule,min,max
MAJOR_COMMIT,3.0,0.1317881616643447,0.0,2.504428889822858,-1,2.504428889822858 < MAJOR_COMMIT <= 4.498890104152141,0.0,10.0
MINOR_LINE,1.0,0.019854834893179612,1.0,1.0,-1,MINOR_LINE <= 1.5005580521741972,1.0,7.0
PercentLackOfCohesion,71.0,0.00039121539667036267,0.0,68.54770958067583,-1,68.54770958067583 < PercentLackOfCohesion <= 85.44043761153615,0.0,100.0
MAJOR_LINE,4.0,-0.00017516964479020094,5.505998299347475,21.0,1,3.496382367004915 < MAJOR_LINE <= 5.505998299347475,0.0,21.0
