feature,value,importance,left,right,rec,rule,min,max
CountClassCoupled,29.0,0.1873027738907272,0.0,23.495360010578608,-1,23.495360010578608 < CountClassCoupled <= 42.555205635341274,0.0,230.0
PercentLackOfCohesion,100.0,0.04356207529728405,0.0,98.66083346177467,-1,PercentLackOfCohesion > 98.66083346177467,0.0,100.0
MAJOR_LINE,1.0,-0.01463887431983215,1.5086100861008611,21.0,1,0.5038021199295812 < MAJOR_LINE <= 1.5086100861008611,0.0,21.0
MAJOR_COMMIT,2.0,-0.011385264162411387,2.504428889822858,10.0,1,1.5071982826582162 < MAJOR_COMMIT <= 2.504428889822858,0.0,10.0
