feature,value,importance,left,right,rec,rule,min,max
MAJOR_COMMIT,9.0,0.3153189089365615,0.0,7.505691480300078,-1,MAJOR_COMMIT > 7.505691480300078,0.0,10.0
MAJOR_LINE,5.0,0.003332822355087408,0.0,3.496382367004915,-1,3.496382367004915 < MAJOR_LINE <= 5.505998299347475,0.0,21.0
MINOR_LINE,6.0,-0.0022364769056590927,7.0,7.0,1,MINOR_LINE > 5.498260151999511,1.0,7.0
PercentLackOfCohesion,78.0,-0.001972059397467015,85.44043761153615,100.0,1,68.54770958067583 < PercentLackOfCohesion <= 85.44043761153615,0.0,100.0
