feature,value,importance,left,right,rec,rule,min,max
MAJOR_COMMIT,5.0,0.2211755415114455,0.0,4.498890104152141,-1,4.498890104152141 < MAJOR_COMMIT <= 5.496120711316784,0.0,10.0
PercentLackOfCohesion,80.0,-0.014806258958092178,85.44043761153615,100.0,1,68.54770958067583 < PercentLackOfCohesion <= 85.44043761153615,0.0,100.0
MAJOR_LINE,4.0,0.006321972140934578,0.0,3.496382367004915,-1,3.496382367004915 < MAJOR_LINE <= 5.505998299347475,0.0,21.0
MINOR_LINE,7.0,-0.002337628945404463,7.0,7.0,1,MINOR_LINE > 5.498260151999511,1.0,7.0
