feature,value,importance,left,right,rec,rule,min,max
CountClassCoupled,19.0,0.07209832707966965,0.0,16.502179241780798,-1,16.502179241780798 < CountClassCoupled <= 23.495360010578608,0.0,230.0
MAJOR_LINE,5.0,0.029806241929361533,0.0,3.496382367004915,-1,3.496382367004915 < MAJOR_LINE <= 5.505998299347475,0.0,21.0
PercentLackOfCohesion,82.0,0.004208374453590647,0.0,68.54770958067583,-1,68.54770958067583 < PercentLackOfCohesion <= 85.44043761153615,0.0,100.0
