feature,value,importance,left,right,rec,rule,min,max
MAJOR_COMMIT,6.0,0.2896526041944964,0.0,5.496120711316784,-1,5.496120711316784 < MAJOR_COMMIT <= 7.505691480300078,0.0,10.0
MAJOR_LINE,15.0,0.12296827605109874,0.0,11.993562776583781,-1,MAJOR_LINE > 11.993562776583781,0.0,21.0
PercentLackOfCohesion,97.0,-0.017920213423049763,98.66083346177467,100.0,1,85.44043761153615 < PercentLackOfCohesion <= 98.66083346177467,0.0,100.0
