feature,value,importance,left,right,rec,rule,min,max
CountClassCoupled,5.0,-0.03418025470121677,9.508998472982986,230.0,1,3.475666045000562 < CountClassCoupled <= 9.508998472982986,0.0,230.0
MINOR_LINE,3.0,-0.009209088196977732,3.5048260426015228,7.0,1,2.4972751068731913 < MINOR_LINE <= 3.5048260426015228,1.0,7.0
MAJOR_LINE,5.0,-0.0035471958557713634,5.505998299347475,21.0,1,3.496382367004915 < MAJOR_LINE <= 5.505998299347475,0.0,21.0
PercentLackOfCohesion,90.0,-0.0024818937654048872,98.66083346177467,100.0,1,85.44043761153615 < PercentLackOfCohesion <= 98.66083346177467,0.0,100.0
MAJOR_COMMIT,2.0,-0.0023758444445482014,2.504428889822858,10.0,1,1.5071982826582162 < MAJOR_COMMIT <= 2.504428889822858,0.0,10.0
