feature,value,importance,left,right,rec,rule,min,max
MAJOR_COMMIT,4.0,0.16020324634217778,0.0,2.504428889822858,-1,2.504428889822858 < MAJOR_COMMIT <= 4.498890104152141,0.0,10.0
CountClassCoupled,9.0,-0.022723674607281665,9.508998472982986,230.0,1,3.475666045000562 < CountClassCoupled <= 9.508998472982986,0.0,230.0
MINOR_LINE,4.0,0.016528070024498565,1.0,3.5048260426015228,-1,3.5048260426015228 < MINOR_LINE <= 5.498260151999511,1.0,7.0
PercentLackOfCohesion,0.0,0.0008457628586215289,0.0,0.0,-1,PercentLackOfCohesion <= 26.68312272158718,0.0,100.0
