feature,value,importance,left,right,rec,rule,min,max
MAJOR_COMMIT,1.0,-0.061137214313925194,1.5071982826582162,10.0,1,0.4948581208395645 < MAJOR_COMMIT <= 1.5071982826582162,0.0,10.0
CountClassCoupled,2.0,-0.04799597228642277,3.475666045000562,230.0,1,0.4589998310093497 < CountClassCoupled <= 3.475666045000562,0.0,230.0
MAJOR_LINE,2.0,0.00638662914420563,0.0,1.5086100861008611,-1,1.5086100861008611 < MAJOR_LINE <= 2.4915744008336347,0.0,21.0
PercentLackOfCohesion,76.0,-0.0023815568541428874,85.44043761153615,100.0,1,68.54770958067583 < PercentLackOfCohesion <= 85.44043761153615,0.0,100.0
