feature,value,importance,left,right,rec,rule,min,max
CountClassCoupled,23.0,0.049020140355846425,0.0,16.502179241780798,-1,16.502179241780798 < CountClassCoupled <= 23.495360010578608,0.0,230.0
PercentLackOfCohesion,68.0,0.025455031244171106,0.0,67.44600992648928,-1,67.44600992648928 < PercentLackOfCohesion <= 68.54770958067583,0.0,100.0
MAJOR_LINE,3.0,0.001939996593206493,0.0,2.4915744008336347,-1,2.4915744008336347 < MAJOR_LINE <= 3.496382367004915,0.0,21.0
