feature,value,importance,left,right,rec,rule,min,max
CountClassCoupled,97.0,0.25501675238751775,0.0,42.555205635341274,-1,CountClassCoupled > 42.555205635341274,0.0,230.0
MAJOR_LINE,23.0,0.19857849257052967,0.0,11.993562776583781,-1,MAJOR_LINE > 11.993562776583781,0.0,21.0
PercentLackOfCohesion,100.0,0.029586815201309784,0.0,98.66083346177467,-1,PercentLackOfCohesion > 98.66083346177467,0.0,100.0
