feature,value,importance,left,right,rec,rule,min,max
CountClassCoupled,20.0,0.07754744361797486,0.0,16.502179241780798,-1,16.502179241780798 < CountClassCoupled <= 23.495360010578608,0.0,230.0
MAJOR_LINE,1.0,-0.020942085856828038,1.5086100861008611,21.0,1,0.5038021199295812 < MAJOR_LINE <= 1.5086100861008611,0.0,21.0
MAJOR_COMMIT,2.0,-0.015727259721997778,2.504428889822858,10.0,1,1.5071982826582162 < MAJOR_COMMIT <= 2.504428889822858,0.0,10.0
PercentLackOfCohesion,50.0,0.0017880165625930016,0.0,31.457154556395533,-1,31.457154556395533 < PercentLackOfCohesion <= 66.34431027230274,0.0,100.0
