feature,value,importance,left,right,rec,rule,min,max
MAJOR_COMMIT,5.0,0.2439601953086825,0.0,4.498890104152141,-1,4.498890104152141 < MAJOR_COMMIT <= 5.496120711316784,0.0,10.0
MAJOR_LINE,7.0,0.03551432422695202,0.0,5.505998299347475,-1,5.505998299347475 < MAJOR_LINE <= 7.493770580251528,0.0,21.0
MINOR_LINE,7.0,-0.02099230728849652,7.0,7.0,1,MINOR_LINE > 5.498260151999511,1.0,7.0
PercentLackOfCohesion,86.0,-0.018826437228156592,98.66083346177467,100.0,1,85.44043761153615 < PercentLackOfCohesion <= 98.66083346177467,0.0,100.0
