feature,value,importance,left,right,rec,rule,min,max
MAJOR_COMMIT,4.0,0.15650128611698855,0.0,2.504428889822858,-1,2.504428889822858 < MAJOR_COMMIT <= 4.498890104152141,0.0,10.0
MAJOR_LINE,3.0,0.01221530336198387,0.0,2.4915744008336347,-1,2.4915744008336347 < MAJOR_LINE <= 3.496382367004915,0.0,21.0
PercentLackOfCohesion,73.0,-0.005658130783896728,85.44043761153615,100.0,1,68.54770958067583 < PercentLackOfCohesion <= 85.44043761153615,0.0,100.0
MINOR_LINE,3.0,-0.0003543392480645815,3.5048260426015228,7.0,1,2.4972751068731913 < MINOR_LINE <= 3.5048260426015228,1.0,7.0
