{
    "41": {
        "AvgLineComment": [
            0
        ]
    },
    "58": {
        "OWN_COMMIT": [
            0.028500000000000004,
            -0.0215
        ]
    },
    "133": {
        "RatioCommentToCode": [
            1.82,
            1.87,
            1.9200000000000002,
            1.9700000000000002,
            2.0200000000000005,
            2.0700000000000003,
            2.12,
            2.1700000000000004,
            2.2200000000000006,
            2.2700000000000005,
            2.3200000000000003,
            2.3700000000000006,
            2.420000000000001,
            2.4700000000000006,
            2.5200000000000005,
            2.5700000000000007,
            2.620000000000001,
            2.670000000000001,
            2.7200000000000006,
            2.770000000000001,
            2.820000000000001,
            2.870000000000001,
            2.920000000000001,
            2.970000000000001,
            3.0200000000000014,
            3.070000000000001,
            3.120000000000001,
            3.1700000000000013,
            3.2200000000000015,
            3.2700000000000014,
            3.320000000000001,
            3.3700000000000014,
            3.4200000000000017,
            3.4700000000000015,
            3.5200000000000014,
            3.5700000000000016,
            3.620000000000002,
            3.6700000000000017,
            3.7200000000000015,
            3.770000000000002,
            3.820000000000002,
            3.870000000000002,
            3.9200000000000017,
            3.9700000000000024,
            4.020000000000002,
            4.070000000000002,
            4.120000000000002,
            4.170000000000003,
            4.220000000000002,
            4.270000000000002,
            4.320000000000002,
            4.370000000000003,
            4.420000000000003,
            4.470000000000002,
            4.520000000000002,
            4.570000000000003,
            4.620000000000003,
            4.670000000000003,
            4.720000000000002,
            4.770000000000003,
            4.820000000000003,
            4.870000000000003,
            4.920000000000003,
            4.970000000000003,
            5.020000000000003,
            5.070000000000003,
            5.120000000000003,
            5.1700000000000035,
            5.220000000000003,
            5.270000000000003,
            5.320000000000003,
            5.370000000000004,
            5.4200000000000035,
            5.470000000000003,
            5.520000000000003,
            5.570000000000004,
            5.620000000000004,
            5.6700000000000035,
            5.720000000000003,
            5.770000000000004,
            5.820000000000004,
            5.870000000000004,
            5.9200000000000035,
            5.970000000000004,
            6.020000000000004,
            6.070000000000004,
            6.1200000000000045,
            6.170000000000004,
            6.220000000000004,
            6.270000000000004,
            6.320000000000004,
            6.3700000000000045,
            6.420000000000004,
            6.470000000000004,
            6.520000000000005,
            6.570000000000005,
            6.6200000000000045,
            6.670000000000004,
            6.720000000000004,
            6.770000000000005,
            6.820000000000005,
            6.8700000000000045,
            6.920000000000005,
            6.970000000000005,
            7.020000000000005,
            7.070000000000005,
            7.1200000000000045,
            7.170000000000005,
            7.220000000000005,
            7.270000000000005,
            7.320000000000006,
            7.370000000000005,
            7.420000000000005,
            7.470000000000005,
            7.520000000000005
        ]
    },
    "153": {
        "OWN_COMMIT": [
            0.034,
            -0.016,
            -0.066
        ]
    },
    "236": {
        "OWN_COMMIT": [
            0.043000000000000024,
            -0.006999999999999992,
            -0.056999999999999995,
            -0.107
        ]
    },
    "243": {
        "CountDeclClass": [
            1
        ]
    },
    "259": {
        "CountDeclInstanceVariable": [
            1,
            0
        ]
    },
    "520": {
        "OWN_COMMIT": [
            0.0175,
            -0.0325
        ]
    },
    "523": {
        "CountDeclMethodPrivate": [
            0
        ]
    },
    "739": {
        "CountDeclClass": [
            1
        ]
    },
    "745": {
        "OWN_COMMIT": [
            0.026500000000000003,
            -0.0235
        ]
    },
    "746": {
        "CountDeclClassVariable": [
            0
        ]
    },
    "757": {
        "OWN_COMMIT": [
            0.027000000000000003,
            -0.023
        ]
    },
    "789": {
        "CountDeclMethodPrivate": [
            0
        ]
    },
    "790": {
        "CountDeclMethodDefault": [
            0
        ]
    },
    "793": {
        "CountDeclMethodPrivate": [
            0
        ]
    },
    "838": {
        "OWN_COMMIT": [
            0.043500000000000004,
            -0.006499999999999999,
            -0.0565
        ]
    },
    "911": {
        "CountDeclClass": [
            1
        ]
    },
    "912": {
        "CountDeclClassVariable": [
            0
        ]
    },
    "913": {
        "OWN_COMMIT": [
            0.024500000000000004,
            -0.0255
        ]
    },
    "917": {
        "OWN_COMMIT": [
            0.021500000000000002,
            -0.0285
        ]
    },
    "1452": {
        "OWN_COMMIT": [
            0.0175,
            -0.0325
        ]
    },
    "1677": {
        "CountDeclMethodPrivate": [
            0
        ]
    },
    "1803": {
        "CountDeclClassVariable": [
            0
        ]
    }
}