feature,value,importance,min,max,rule,importance_ratio
Del_lines,9.0,0.3412438469931746,0.0,199.0,2.5289990112893617 < Del_lines <= 26.52313278361831,0.4566373769407514
CountClassCoupled,14.0,0.13864504382069254,0.0,71.0,13.494783233669544 < CountClassCoupled <= 29.979533932174256,0.1855286467257031
MAJOR_LINE,3.0,0.05614944981313884,0.0,4.0,MAJOR_LINE > 2.4984912888350683,0.07513670269885019
AvgEssential,1.0,-0.04638915527750589,0.0,4.0,0.5014991464925511 < AvgEssential <= 1.4996372156384044,0.06207590956164902
RatioCommentToCode,0.29,0.02196111384308921,0.0,8.67,0.2189207198053974 < RatioCommentToCode <= 0.4908138892134313,0.029387388251446073
