feature,value,importance,min,max,rule,importance_ratio
Del_lines,4.0,0.3809645679622145,0.0,199.0,2.5289990112893617 < Del_lines <= 26.52313278361831,0.5693830516467291
AvgEssential,1.0,-0.04364747919587629,0.0,4.0,0.5014991464925511 < AvgEssential <= 1.4996372156384044,0.06523476719677535
CountDeclMethodPrivate,5.0,0.02543488177160166,0.0,45.0,CountDeclMethodPrivate > 3.506738395921374,0.03801453420945098
CountInput_Mean,20.7272727272727,-0.023490859169569805,0.0,53.0,CountInput_Mean > 12.646569412836943,0.03510903166485503
RatioCommentToCode,0.24,0.019812059282795235,0.0,8.67,0.2189207198053974 < RatioCommentToCode <= 0.4908138892134313,0.029610761006421772
