feature,value,importance,min,max,rule,importance_ratio
Del_lines,0.0,-0.2640207125275106,0.0,199.0,Del_lines <= 0.46980096366411606,0.312515810951212
CountDeclInstanceVariable,19.0,0.24512183912371577,0.0,146.0,15.513666320810996 < CountDeclInstanceVariable <= 21.48866785028532,0.29014560866173894
MAJOR_LINE,2.0,0.05143262216291381,0.0,4.0,1.500645087288425 < MAJOR_LINE <= 2.4984912888350683,0.06087972216541705
CountDeclClassMethod,2.0,0.04728284021403423,0.0,173.0,1.4973524029233347 < CountDeclClassMethod <= 3.513483336520013,0.055967711821191986
CountDeclMethodDefault,0.0,0.030928616924671932,0.0,45.0,CountDeclMethodDefault <= 9.512909076575847,0.036609558800452364
