feature,value,importance,min,max,rule,importance_ratio
Del_lines,1.0,0.17388009341160152,0.0,199.0,0.46980096366411606 < Del_lines <= 1.5441651624251138,0.2243650253869994
CountInput_Mean,3.07142857142857,0.1226203995242775,0.0,53.0,3.058906243303005 < CountInput_Mean <= 3.2586492260016287,0.15822241932608092
MAJOR_LINE,3.0,0.08536902458425062,0.0,4.0,MAJOR_LINE > 2.4984912888350683,0.11015535471774021
CountLineComment,23.0,-0.07590886600657132,0.0,1043.0,CountLineComment <= 28.48796808168277,0.09794850183538238
AvgEssential,1.0,-0.047848731393785544,0.0,4.0,0.5014991464925511 < AvgEssential <= 1.4996372156384044,0.06174129322837203
