feature,value,importance,min,max,rule,importance_ratio
Del_lines,49.0,0.2120899761094789,0.0,199.0,Del_lines > 26.52313278361831,0.3238700132333371
CountClassCoupled,16.0,0.16330846198821503,0.0,71.0,13.494783233669544 < CountClassCoupled <= 29.979533932174256,0.24937865860259903
AvgEssential,1.0,-0.05092325337042429,0.0,4.0,0.5014991464925511 < AvgEssential <= 1.4996372156384044,0.0777618775083015
CountDeclMethodDefault,0.0,-0.041381704536084155,0.0,45.0,CountDeclMethodDefault <= 9.512909076575847,0.06319154465273492
RatioCommentToCode,0.06,0.03511073114288136,0.0,8.67,0.04589779381846659 < RatioCommentToCode <= 0.2189207198053974,0.053615513417792825
