feature,value,importance,min,max,rule,importance_ratio
Del_lines,13.0,0.36969704871285125,0.0,199.0,2.5289990112893617 < Del_lines <= 26.52313278361831,0.43872675551251045
CountLineComment,121.0,0.16978502535730142,0.0,1043.0,115.41967126776413 < CountLineComment <= 699.3640439784572,0.2014872273634918
CountDeclInstanceVariable,16.0,0.07105859381050363,0.0,146.0,15.513666320810996 < CountDeclInstanceVariable <= 21.48866785028532,0.08432663020249831
AvgEssential,1.0,-0.03983774814359266,0.0,4.0,0.5014991464925511 < AvgEssential <= 1.4996372156384044,0.047276238884823386
PercentLackOfCohesion,92.0,-0.026338738036455082,0.0,100.0,87.34091357357666 < PercentLackOfCohesion <= 98.81412948487389,0.03125669821617432
