feature,value,importance,min,max,rule,importance_ratio
Del_lines,0.0,-0.23821242894303005,0.0,199.0,Del_lines <= 0.46980096366411606,0.2813970884841563
CountDeclClassMethod,5.0,0.12525182262301426,0.0,173.0,3.513483336520013 < CountDeclClassMethod <= 12.99358836470865,0.14795826720644947
CountClassCoupled,6.0,0.07569673401618734,0.0,71.0,5.496626413283925 < CountClassCoupled <= 11.47998037051897,0.08941951792535956
MAJOR_LINE,3.0,0.07333517050212564,0.0,4.0,MAJOR_LINE > 2.4984912888350683,0.08662983520361414
AvgEssential,1.0,-0.05520461402826619,0.0,4.0,0.5014991464925511 < AvgEssential <= 1.4996372156384044,0.06521245649260757
