feature,value,importance,min,max,rule,importance_ratio
Del_lines,13.0,0.38349087696256495,0.0,199.0,2.5289990112893617 < Del_lines <= 26.52313278361831,0.4547955731494046
CountClassCoupled,28.0,0.15374452850477394,0.0,71.0,13.494783233669544 < CountClassCoupled <= 29.979533932174256,0.1823311456943452
CountLineComment,83.0,0.07554463280115138,0.0,1043.0,62.623453625955555 < CountLineComment <= 100.40005762828412,0.08959108713429655
CountDeclInstanceVariable,12.0,0.045861033056419344,0.0,146.0,10.502374715445432 < CountDeclInstanceVariable <= 15.513666320810996,0.05438824250349521
AvgEssential,1.0,-0.039432893939577156,0.0,4.0,0.5014991464925511 < AvgEssential <= 1.4996372156384044,0.04676488197642397
