feature,value,importance,min,max,rule,importance_ratio
Del_lines,5.0,0.3545283430381278,0.0,199.0,2.5289990112893617 < Del_lines <= 26.52313278361831,0.5071370435352498
CountLineComment,24.0,-0.057217783991003926,0.0,1043.0,CountLineComment <= 28.48796808168277,0.08184749789586106
CountClassCoupled,6.0,0.05561864546542056,0.0,71.0,5.496626413283925 < CountClassCoupled <= 11.47998037051897,0.07956000128242259
AvgEssential,1.0,-0.0521636849846789,0.0,4.0,0.5014991464925511 < AvgEssential <= 1.4996372156384044,0.07461783381361174
CountDeclMethodDefault,0.0,-0.028467849467422465,0.0,45.0,CountDeclMethodDefault <= 9.512909076575847,0.04072199387782805
