feature,value,importance,min,max,rule,importance_ratio
Del_lines,0.0,-0.3209302651475405,0.0,199.0,Del_lines <= 0.46980096366411606,0.3434635851230406
CountLineComment,189.0,0.15529966762065214,0.0,1043.0,115.41967126776413 < CountLineComment <= 699.3640439784572,0.16620364734028434
CountDeclMethodDefault,32.0,0.13087373808356845,0.0,45.0,30.50477261693071 < CountDeclMethodDefault <= 33.498264743897536,0.14006271194139733
CountDeclMethodPrivate,0.0,-0.03884103171981598,0.0,45.0,CountDeclMethodPrivate <= 0.50561576829077,0.04156815811133534
OWN_LINE,0.715277777777778,0.03432224659783662,0.303571428571429,1.0,0.5955472712676014 < OWN_LINE <= 0.7450487944368737,0.036732097736405685
