feature,value,importance,min,max,rule,importance_ratio
Del_lines,5.0,0.3809996013438312,0.0,199.0,2.5289990112893617 < Del_lines <= 26.52313278361831,0.5573053423408968
CountClassCoupled,7.0,0.04995353904457309,0.0,71.0,5.496626413283925 < CountClassCoupled <= 11.47998037051897,0.07306930002074111
AvgEssential,2.0,0.03695645385247851,0.0,4.0,1.4996372156384044 < AvgEssential <= 2.500984731951929,0.05405787589623829
CountDeclMethodDefault,0.0,-0.02180631331276441,0.0,45.0,CountDeclMethodDefault <= 9.512909076575847,0.031897080372521994
CountInput_Mean,4.4,-0.02004368925823588,0.0,53.0,3.2586492260016287 < CountInput_Mean <= 6.882557626390944,0.02931881047758625
