feature,value,importance,min,max,rule,importance_ratio
Del_lines,55.0,0.19574746436399912,0.0,199.0,Del_lines > 26.52313278361831,0.3472654355307632
CountClassCoupled,15.0,0.13365920589279823,0.0,71.0,13.494783233669544 < CountClassCoupled <= 29.979533932174256,0.23711787275439664
AvgEssential,1.0,-0.04178858614895142,0.0,4.0,0.5014991464925511 < AvgEssential <= 1.4996372156384044,0.07413496576510117
CountInput_Mean,2.84848484848485,0.021943900144297916,0.0,53.0,0.4907821800349863 < CountInput_Mean <= 3.058906243303005,0.03892953640861921
CountDeclMethodDefault,0.0,-0.019812300993138885,0.0,45.0,CountDeclMethodDefault <= 9.512909076575847,0.03514797678530903
