feature,value,importance,min,max,rule,importance_ratio
Del_lines,36.0,0.19753609560836333,0.0,199.0,Del_lines > 26.52313278361831,0.19580418706850727
CountDeclInstanceVariable,24.0,0.18482690962248502,0.0,146.0,CountDeclInstanceVariable > 21.48866785028532,0.18320642956700683
CountLineComment,279.0,0.17141950513784587,0.0,1043.0,115.41967126776413 < CountLineComment <= 699.3640439784572,0.1699165752356839
CountClassCoupled,32.0,0.16377186268194102,0.0,71.0,CountClassCoupled > 29.979533932174256,0.1623359839039716
MAJOR_LINE,4.0,0.04763523191077041,0.0,4.0,MAJOR_LINE > 2.4984912888350683,0.04721758740539428
