feature,value,importance,min,max,rule,importance_ratio
Del_lines,16.0,0.34703116161752295,0.0,199.0,2.5289990112893617 < Del_lines <= 26.52313278361831,0.5536739306631934
CountLineComment,23.0,-0.05637788694827687,0.0,1043.0,CountLineComment <= 28.48796808168277,0.08994859747938393
OWN_LINE,0.682692307692308,0.030048288599415128,0.303571428571429,1.0,0.5955472712676014 < OWN_LINE <= 0.7450487944368737,0.04794080733555695
RatioCommentToCode,0.35,0.024690595755682807,0.0,8.67,0.2189207198053974 < RatioCommentToCode <= 0.4908138892134313,0.03939282898615229
CountInput_Mean,2.75,0.020979630608174548,0.0,53.0,0.4907821800349863 < CountInput_Mean <= 3.058906243303005,0.033472136878278866
