feature,value,importance,min,max,rule,importance_ratio
Del_lines,11.0,0.3107652114517999,0.0,199.0,2.5289990112893617 < Del_lines <= 26.52313278361831,0.3844971036336691
CountDeclMethodPrivate,3.0,0.1141856783547379,0.0,45.0,2.5013623156651215 < CountDeclMethodPrivate <= 3.506738395921374,0.14127727617494934
CountLineComment,71.0,0.0982895812257784,0.0,1043.0,62.623453625955555 < CountLineComment <= 100.40005762828412,0.12160968443708717
MaxNesting_Min,0.0,-0.039210591433761266,0.0,3.0,MaxNesting_Min <= 0.501000195972367,0.048513663313896144
AvgEssential,1.0,-0.03715686557738594,0.0,4.0,0.5014991464925511 < AvgEssential <= 1.4996372156384044,0.045972672191547284
