feature,value,importance,min,max,rule,importance_ratio
MAJOR_LINE,15.0,0.23920584765437508,0.0,14.0,MAJOR_LINE > 12.505866390406352,0.33243035510168406
CountDeclClass,4.0,0.08267609747004967,0.0,143.0,3.495502616680918 < CountDeclClass <= 4.5102450435820245,0.11489704248410071
CountClassCoupled,40.0,0.047744081211937316,0.0,179.0,CountClassCoupled > 35.479593397145734,0.06635114495286325
CountDeclClassMethod,55.0,0.04183868260618005,0.0,387.0,CountDeclClassMethod > 30.5619429749201,0.058144264666368836
MINOR_LINE,4.0,0.036613460397375376,1.0,7.0,3.5032773484200748 < MINOR_LINE <= 4.50194506564297,0.050882642547214196
