feature,value,importance,min,max,rule,importance_ratio
CountDeclClass,5.0,0.08096801902567734,0.0,143.0,4.5102450435820245 < CountDeclClass <= 29.998187178098068,0.12538315234110492
MAJOR_LINE,10.0,0.07920793658381255,0.0,14.0,5.504393127137301 < MAJOR_LINE <= 12.505866390406352,0.12265757392635761
CountClassCoupled,26.0,0.06871654326346287,0.0,179.0,23.43684346084145 < CountClassCoupled <= 35.479593397145734,0.1064111104116866
CountDeclClassMethod,19.0,0.058908724183462643,0.0,387.0,4.501907984742028 < CountDeclClassMethod <= 25.50551827533331,0.09122319685470952
CountOutput_Mean,5.86516853932584,0.05428614256880004,0.0,23.0,CountOutput_Mean > 5.854835329245367,0.08406489087446037
