feature,value,importance,min,max,rule,importance_ratio
MINOR_COMMIT,0.0,-0.10954746060185011,0.0,2.0,MINOR_COMMIT <= 0.500035945883076,0.09269936970291452
MAJOR_COMMIT,2.0,0.10539846290126807,0.0,6.0,1.4987795686966945 < MAJOR_COMMIT <= 2.5049342359599582,0.0891884761629843
CountDeclClassVariable,0.0,-0.10520266887459853,0.0,19.0,CountDeclClassVariable <= 0.5039837002958555,0.0890227947061605
CountOutput_Min,1.0,-0.10076633737788451,0.0,18.0,0.4924073883576091 < CountOutput_Min <= 1.5038136834887523,0.0852687584986646
CountDeclMethodPublic,84.0,0.09884298297590012,0.0,130.0,19.46203008474309 < CountDeclMethodPublic <= 97.97323714609264,0.08364121058655655
