feature,value,importance,min,max,rule,importance_ratio
MAJOR_COMMIT,2.0,0.11106762798155552,0.0,6.0,1.4987795686966945 < MAJOR_COMMIT <= 2.5049342359599582,0.14071331361187392
CountDeclMethodPrivate,3.0,0.08016529033125594,0.0,15.0,2.500256095085335 < CountDeclMethodPrivate <= 12.002906813383825,0.10156265911289843
CountClassCoupled,11.0,0.07812308486568863,0.0,64.0,10.492249034455536 < CountClassCoupled <= 17.999561761991284,0.09897535709377205
CountLineComment,103.0,0.07394501246114331,16.0,692.0,44.36451351633542 < CountLineComment <= 166.4525477710837,0.09368209187114991
AvgCyclomaticModified,6.0,0.06442702893975674,0.0,12.0,4.502650328339778 < AvgCyclomaticModified <= 8.49913168083954,0.08162360980453075
