feature,value,importance,min,max,rule,importance_ratio
MAJOR_COMMIT,5.0,0.5205216132977863,0.0,6.0,3.499655327458867 < MAJOR_COMMIT <= 5.500531086221038,0.5004326622861851
AvgEssential,1.0,-0.055994261349728236,0.0,8.0,0.49983655878228617 < AvgEssential <= 1.4993301057392507,0.05383322529579985
CountDeclClassVariable,1.0,0.04620408573344443,0.0,19.0,0.5039837002958555 < CountDeclClassVariable <= 6.5024335433933,0.04442089058626429
CountDeclMethodProtected,6.0,0.04511265197230168,0.0,26.0,3.501447528341921 < CountDeclMethodProtected <= 7.490195375254914,0.04337157949361382
OWN_COMMIT,0.428571428571429,-0.04290809754960841,0.0,1.0,0.12459400969076351 < OWN_COMMIT <= 0.48244991433470624,0.04125210738963409
