feature,value,importance,min,max,rule,importance_ratio
MAJOR_COMMIT,4.0,0.5153975807899195,0.0,6.0,3.499655327458867 < MAJOR_COMMIT <= 5.500531086221038,0.4187661980903926
CountLineComment,95.0,0.10066893820452115,16.0,692.0,44.36451351633542 < CountLineComment <= 166.4525477710837,0.08179461854107431
CountClassCoupled,19.0,0.07186634211576394,0.0,64.0,CountClassCoupled > 17.999561761991284,0.05839219270753424
AvgEssential,2.0,0.05501079687863743,0.0,8.0,1.4993301057392507 < AvgEssential <= 5.001687658712416,0.044696876976959996
AvgLineBlank,2.0,0.050173405469895065,0.0,7.0,1.4973317105590893 < AvgLineBlank <= 5.500832108824239,0.04076644329931362
