feature,value,importance,min,max,rule,importance_ratio
MAJOR_COMMIT,3.0,0.31277114673599254,0.0,6.0,2.5049342359599582 < MAJOR_COMMIT <= 3.499655327458867,0.27389858142020146
CountLineComment,105.0,0.09109097776506034,16.0,692.0,44.36451351633542 < CountLineComment <= 166.4525477710837,0.07976979286739949
CountClassCoupled,23.0,0.08637871069864327,0.0,64.0,CountClassCoupled > 17.999561761991284,0.07564318695047256
MINOR_COMMIT,0.0,0.07590328824404571,0.0,2.0,MINOR_COMMIT <= 0.500035945883076,0.06646969578917479
MINOR_LINE,4.0,0.0715424363539637,1.0,6.0,3.4997824579426986 < MINOR_LINE <= 5.497357685947588,0.06265082963434601
