feature,value,importance,left,right,rec,rule,min,max
OWN_COMMIT,0.5,0.30765233469679076,0.0,0.36450244784925023,-1,0.36450244784925023 < OWN_COMMIT <= 0.9806106315167405,0.0,1.0
MaxInheritanceTree,0.0,-0.05217504628934744,0.49601854060058526,5.0,1,MaxInheritanceTree <= 0.49601854060058526,0.0,5.0
CountDeclMethodPublic,0.0,0.01930551416489894,0.0,0.0,-1,CountDeclMethodPublic <= 0.5356186667481531,0.0,82.0
MAJOR_LINE,1.0,0.017904148789299162,0.0,0.49910133276318186,-1,0.49910133276318186 < MAJOR_LINE <= 2.4941625536953684,0.0,11.0
