feature,value,importance,left,right,rec,rule,min,max
OWN_COMMIT,1.0,0.21072158621908643,0.0,0.9806106315167405,-1,OWN_COMMIT > 0.9806106315167405,0.0,1.0
CountDeclMethodPublic,33.0,0.16676132116555265,0.0,26.502145012810463,-1,26.502145012810463 < CountDeclMethodPublic <= 52.98285999938886,0.0,82.0
CountClassCoupled,18.0,0.0725265888876801,0.0,12.518831333769295,-1,12.518831333769295 < CountClassCoupled <= 20.47194193978083,0.0,42.0
MaxInheritanceTree,4.0,-0.0348361762440416,5.0,5.0,1,MaxInheritanceTree > 3.5005965160115324,0.0,5.0
MAJOR_LINE,1.0,-0.0012343271743559096,2.4941625536953684,11.0,1,0.49910133276318186 < MAJOR_LINE <= 2.4941625536953684,0.0,11.0
