feature,value,importance,left,right,rec,rule,min,max
OWN_COMMIT,0.545454545454545,0.3098442200536763,0.0,0.36450244784925023,-1,0.36450244784925023 < OWN_COMMIT <= 0.9806106315167405,0.0,1.0
CountDeclMethodPublic,34.0,0.14434776102798463,0.0,26.502145012810463,-1,26.502145012810463 < CountDeclMethodPublic <= 52.98285999938886,0.0,82.0
MaxInheritanceTree,2.0,-0.08677126989948211,2.4990705242078834,5.0,1,1.4975445324042342 < MaxInheritanceTree <= 2.4990705242078834,0.0,5.0
CountClassCoupled,12.0,0.07640063583087395,0.0,11.516338400238428,-1,11.516338400238428 < CountClassCoupled <= 12.518831333769295,0.0,42.0
MAJOR_LINE,5.0,0.034081147471324194,0.0,4.502888577510651,-1,4.502888577510651 < MAJOR_LINE <= 7.495480408908931,0.0,11.0
