feature,value,importance,left,right,rec,rule,min,max
OWN_COMMIT,0.5,0.296879191720142,0.0,0.36450244784925023,-1,0.36450244784925023 < OWN_COMMIT <= 0.9806106315167405,0.0,1.0
CountClassCoupled,6.0,-0.025364020525764686,8.508859599645833,42.0,1,0.4889161313989083 < CountClassCoupled <= 8.508859599645833,0.0,42.0
CountDeclMethodPublic,15.0,-0.014805831366347041,25.473767731778292,82.0,1,9.533919875779645 < CountDeclMethodPublic <= 25.473767731778292,0.0,82.0
MaxInheritanceTree,4.0,-0.01331813719497141,5.0,5.0,1,MaxInheritanceTree > 3.5005965160115324,0.0,5.0
