feature,value,importance,left,right,rec,rule,min,max
OWN_COMMIT,0.5,0.29526835588093253,0.0,0.36450244784925023,-1,0.36450244784925023 < OWN_COMMIT <= 0.9806106315167405,0.0,1.0
CountClassCoupled,22.0,0.09654223245887864,0.0,20.47194193978083,-1,20.47194193978083 < CountClassCoupled <= 22.47692780684256,0.0,42.0
MAJOR_LINE,3.0,-0.012655704705024919,4.502888577510651,11.0,1,2.4941625536953684 < MAJOR_LINE <= 4.502888577510651,0.0,11.0
CountDeclMethodPublic,25.0,-0.009771137232896998,25.473767731778292,82.0,1,9.533919875779645 < CountDeclMethodPublic <= 25.473767731778292,0.0,82.0
