feature,value,importance,left,right,rec,rule,min,max
OWN_COMMIT,0.4,0.27876998710948986,0.0,0.36450244784925023,-1,0.36450244784925023 < OWN_COMMIT <= 0.9806106315167405,0.0,1.0
MAJOR_LINE,4.0,-0.027162024451843896,4.502888577510651,11.0,1,2.4941625536953684 < MAJOR_LINE <= 4.502888577510651,0.0,11.0
MaxInheritanceTree,4.0,-0.02071365225083741,5.0,5.0,1,MaxInheritanceTree > 3.5005965160115324,0.0,5.0
CountClassCoupled,6.0,-0.007923605175695556,8.508859599645833,42.0,1,0.4889161313989083 < CountClassCoupled <= 8.508859599645833,0.0,42.0
CountDeclMethodPublic,10.0,-0.006735205637340816,25.473767731778292,82.0,1,9.533919875779645 < CountDeclMethodPublic <= 25.473767731778292,0.0,82.0
