feature,value,importance,left,right,rec,rule,min,max
OWN_COMMIT,0.333333333333333,0.2762222037224951,0.0,0.12361804521233677,-1,0.12361804521233677 < OWN_COMMIT <= 0.36450244784925023,0.0,1.0
CountClassCoupled,8.0,-0.01681891913356506,8.508859599645833,42.0,1,0.4889161313989083 < CountClassCoupled <= 8.508859599645833,0.0,42.0
CountDeclMethodPublic,1.0,-0.014052374519450848,9.533919875779645,82.0,1,0.5356186667481531 < CountDeclMethodPublic <= 9.533919875779645,0.0,82.0
MAJOR_LINE,1.0,-0.010238092676386791,2.4941625536953684,11.0,1,0.49910133276318186 < MAJOR_LINE <= 2.4941625536953684,0.0,11.0
MaxInheritanceTree,4.0,-0.009299481282223066,5.0,5.0,1,MaxInheritanceTree > 3.5005965160115324,0.0,5.0
