feature,value,importance,left,right,rec,rule,min,max
OWN_COMMIT,1.0,0.2194154211688028,0.0,0.9806106315167405,-1,OWN_COMMIT > 0.9806106315167405,0.0,1.0
MaxInheritanceTree,2.0,-0.08172313710810426,2.4990705242078834,5.0,1,1.4975445324042342 < MaxInheritanceTree <= 2.4990705242078834,0.0,5.0
CountClassCoupled,4.0,-0.021582951156630097,8.508859599645833,42.0,1,0.4889161313989083 < CountClassCoupled <= 8.508859599645833,0.0,42.0
CountDeclMethodPublic,8.0,-0.009504377993424629,9.533919875779645,82.0,1,0.5356186667481531 < CountDeclMethodPublic <= 9.533919875779645,0.0,82.0
