feature,value,importance,left,right,rec,rule,min,max
OWN_COMMIT,0.5,0.30670438576553233,0.0,0.36450244784925023,-1,0.36450244784925023 < OWN_COMMIT <= 0.9806106315167405,0.0,1.0
CountClassCoupled,18.0,0.07686866464972289,0.0,12.518831333769295,-1,12.518831333769295 < CountClassCoupled <= 20.47194193978083,0.0,42.0
MaxInheritanceTree,4.0,-0.023020720296087538,5.0,5.0,1,MaxInheritanceTree > 3.5005965160115324,0.0,5.0
MAJOR_LINE,2.0,0.0018272024078642786,0.0,0.49910133276318186,-1,0.49910133276318186 < MAJOR_LINE <= 2.4941625536953684,0.0,11.0
