test_idx,candidate_id,CountDeclMethodPrivate,CountDeclMethodDefault,AvgEssential,CountDeclClassVariable,CountDeclClassMethod,AvgLineComment,CountLineComment,CountDeclClass,CountDeclMethodProtected,CountDeclInstanceVariable,CountDeclMethodPublic,RatioCommentToCode,PercentLackOfCohesion,MaxInheritanceTree,CountClassDerived,CountClassCoupled,CountClassBase,CountInput_Mean,CountInput_Min,CountOutput_Min,MaxNesting_Mean,MaxNesting_Min,Added_lines,OWN_LINE,OWN_COMMIT,MINOR_COMMIT,MAJOR_LINE,proba0,proba1,num_features_changed
19,0,0.0,0.0,1.0,1.0,0.0,0.0,30.0,1.0,0.0,0.0,9.0,0.52,88.0,3.0,0.0,5.0,1.0,5.22222222222222,2.0,2.0,0.363636363636364,0.0,11.0,0.363636363636364,1.0,0.0,0.0,0.5433814379570198,0.45661856204298024,1
19,1,0.0,0.0,1.0,1.0,0.0,0.0,30.0,1.0,0.0,0.0,9.0,0.52,88.0,4.0,0.0,5.0,6.0,5.22222222222222,2.0,2.0,0.363636363636364,0.0,11.0,0.363636363636364,1.0,0.0,0.0,0.5798023934995168,0.4201976065004832,1
19,2,0.0,0.0,1.0,1.0,0.0,0.0,30.0,1.0,93.0,0.0,9.0,0.52,88.0,4.0,0.0,5.0,1.0,5.22222222222222,2.0,2.0,0.363636363636364,0.0,11.0,0.363636363636364,1.0,0.0,0.0,0.6042528646227154,0.39574713537728456,1
19,3,0.0,0.0,1.0,1.0,0.0,0.0,30.0,1.0,93.0,0.0,9.0,0.52,88.0,0.0,0.0,5.0,6.0,5.22222222222222,2.0,2.0,0.363636363636364,0.0,11.0,0.9,1.0,0.0,0.0,0.9542036809049015,0.04579631909509846,4
19,4,0.0,0.0,1.0,1.0,0.0,0.0,30.0,1.0,93.0,0.0,9.0,0.52,88.0,0.0,0.0,5.0,6.0,5.22222222222222,0.0,2.0,0.363636363636364,0.0,11.0,0.9,1.0,0.0,0.0,0.9714812240323639,0.028518775967636124,5
19,5,0.0,0.0,1.0,1.0,0.0,0.0,30.0,1.0,0.0,0.0,9.0,0.52,88.0,0.0,0.0,5.0,6.0,5.22222222222222,0.0,2.0,0.363636363636364,0.0,11.0,0.363636363636364,1.0,0.0,0.0,0.9109488584692538,0.08905114153074624,3
19,6,0.0,0.0,1.0,1.0,0.0,0.0,52.0,1.0,0.0,0.0,9.0,0.52,88.0,0.0,0.0,5.0,6.0,5.22222222222222,0.0,2.0,0.363636363636364,0.0,11.0,0.363636363636364,1.0,0.0,0.0,0.9541314001554857,0.04586859984451426,4
19,7,0.0,0.0,1.0,1.0,0.0,0.0,52.0,1.0,0.0,0.0,9.0,0.52,88.0,0.0,0.0,5.0,6.0,5.22222222222222,0.0,2.0,0.363636363636364,0.0,11.0,0.9,1.0,0.0,0.0,0.9632504562484294,0.036749543751570586,5
19,8,0.0,0.0,1.0,1.0,0.0,0.0,30.0,1.0,93.0,0.0,9.0,0.52,66.0,0.0,0.0,5.0,6.0,5.22222222222222,2.0,2.0,0.363636363636364,0.0,11.0,0.363636363636364,1.0,0.0,0.0,0.9404712553170841,0.059528744682915906,4
19,9,0.0,0.0,1.0,1.0,0.0,0.0,30.0,1.0,93.0,0.0,9.0,0.52,0.0,0.0,0.0,5.0,6.0,5.22222222222222,2.0,2.0,0.363636363636364,0.0,11.0,0.9,1.0,0.0,0.0,0.9593701283908046,0.04062987160919541,5
19,10,0.0,0.0,1.0,1.0,0.0,0.0,30.0,1.0,93.0,0.0,9.0,0.52,88.0,0.0,0.0,5.0,1.0,5.22222222222222,2.0,2.0,0.363636363636364,0.0,11.0,0.363636363636364,1.0,0.0,0.0,0.8320662997722803,0.16793370022771964,2
19,11,0.0,0.0,1.0,1.0,0.0,0.0,30.0,1.0,93.0,0.0,9.0,0.52,88.0,0.0,0.0,5.0,1.0,5.22222222222222,2.0,2.0,0.363636363636364,0.0,11.0,0.9,1.0,0.0,0.0,0.9085138257321981,0.09148617426780194,3
19,12,0.0,0.0,1.0,1.0,0.0,0.0,30.0,1.0,93.0,0.0,9.0,0.52,0.0,0.0,0.0,5.0,1.0,5.22222222222222,2.0,2.0,0.363636363636364,0.0,11.0,0.9,1.0,0.0,0.0,0.9376624284384254,0.06233757156157455,4
19,13,0.0,0.0,1.0,1.0,0.0,0.0,30.0,1.0,0.0,0.0,9.0,0.52,88.0,4.0,0.0,5.0,1.0,5.22222222222222,2.0,2.0,0.363636363636364,0.0,11.0,0.9,1.0,0.0,0.0,0.5195647185383687,0.4804352814616312,1
19,14,0.0,0.0,1.0,1.0,0.0,0.0,30.0,1.0,0.0,0.0,9.0,0.52,88.0,4.0,0.0,5.0,6.0,5.22222222222222,2.0,2.0,0.363636363636364,0.0,11.0,1.0,1.0,0.0,0.0,0.7486870262176023,0.2513129737823977,2
19,15,0.0,0.0,1.0,1.0,0.0,0.0,193.556,1.0,0.0,0.0,9.0,0.52,88.0,4.0,0.0,5.0,6.0,5.22222222222222,2.0,2.0,0.363636363636364,0.0,11.0,1.0,1.0,0.0,0.0,0.7811474855009171,0.21885251449908288,3
19,16,0.0,0.0,1.0,1.0,0.0,0.0,30.0,1.0,93.0,0.0,9.0,0.52,88.0,0.0,0.0,5.0,6.0,5.22222222222222,2.0,2.0,0.0,0.0,11.0,0.9,1.0,0.0,0.0,0.9617651573415396,0.03823484265846044,5
19,17,0.0,0.0,1.0,1.0,0.0,0.0,30.0,1.0,93.0,0.0,9.0,0.52,88.0,4.0,0.0,5.0,1.0,5.22222222222222,2.0,2.0,0.363636363636364,0.0,11.0,1.0,1.0,0.0,0.0,0.7785733394484864,0.22142666055151355,2
19,18,0.0,0.0,1.0,1.0,0.0,0.0,30.0,1.0,93.0,0.0,9.0,0.52,88.0,4.0,0.0,5.0,6.0,5.22222222222222,2.0,2.0,0.363636363636364,0.0,11.0,1.0,1.0,0.0,0.0,0.864916692775275,0.13508330722472492,3
19,19,0.0,0.0,1.0,1.0,0.0,0.0,30.0,1.0,93.0,0.0,9.0,0.52,88.0,4.0,0.0,5.0,6.0,5.22222222222222,1.0,2.0,0.363636363636364,0.0,11.0,1.0,1.0,0.0,0.0,0.9013774200205112,0.0986225799794888,4
20,0,3.0,2.0,1.0,0.0,0.0,5.0,175.0,1.0,3.0,3.0,19.0,0.35,70.0,2.0,0.0,11.0,2.0,6.77777777777778,1.0,1.0,1.41379310344828,0.0,2.0,0.9,1.0,0.0,4.0,0.5379791566392582,0.46202084336074173,2
20,1,3.0,2.0,1.0,0.0,0.0,5.0,175.0,1.0,3.0,3.0,19.0,0.35,70.0,2.0,0.0,11.0,2.0,6.77777777777778,1.0,25.0,1.41379310344828,0.0,2.0,1.0,1.0,0.0,6.0,0.628278305968929,0.37172169403107097,2
20,2,3.0,2.0,1.0,0.0,0.0,5.0,175.0,1.0,3.0,3.0,19.0,0.35,70.0,2.0,0.0,11.0,2.0,6.77777777777778,1.0,25.0,0.0,0.0,2.0,0.414765100671141,1.0,0.0,6.0,0.5096075033125276,0.4903924966874725,2
20,3,3.0,2.0,1.0,0.0,0.0,5.0,175.0,1.0,3.0,3.0,13.0,0.35,70.0,2.0,0.0,11.0,2.0,6.77777777777778,1.0,25.0,1.41379310344828,0.0,2.0,0.414765100671141,1.0,0.0,2.0,0.5243636143394197,0.47563638566058025,3
20,4,3.0,2.0,1.0,0.0,0.0,5.0,175.0,1.0,3.0,3.0,19.0,0.35,70.0,0.0,0.0,11.0,2.0,6.77777777777778,1.0,25.0,1.41379310344828,0.0,2.0,1.0,1.0,0.0,6.0,0.7327442785621034,0.26725572143789655,3
20,5,3.0,2.0,1.0,0.0,0.0,5.0,175.0,1.0,3.0,3.0,19.0,0.35,70.0,0.0,0.0,4.0,2.0,6.77777777777778,1.0,25.0,1.41379310344828,0.0,2.0,1.0,1.0,0.0,6.0,0.7792409311663311,0.22075906883366897,4
20,6,3.0,2.0,1.0,0.0,0.0,5.0,175.0,1.0,3.0,3.0,9.0,0.35,70.0,1.0,0.0,11.0,2.0,6.77777777777778,1.0,25.0,1.41379310344828,0.0,2.0,0.414765100671141,1.0,0.0,6.0,0.5465860877061096,0.4534139122938904,3
20,7,3.0,2.0,1.0,0.0,0.0,5.0,175.0,1.0,3.0,3.0,19.0,0.35,70.0,2.0,0.0,11.0,2.0,6.77777777777778,1.0,25.0,0.4,0.0,2.0,1.0,1.0,0.0,6.0,0.7524314211490036,0.24756857885099637,3
20,8,3.0,2.0,1.0,0.0,0.0,5.0,175.0,1.0,3.0,3.0,19.0,0.35,70.0,2.0,0.0,11.0,6.0,6.77777777777778,1.0,25.0,0.4,0.0,2.0,0.414765100671141,1.0,0.0,6.0,0.5583017675354032,0.44169823246459683,3
20,9,3.0,2.0,1.0,0.0,0.0,5.0,175.0,1.0,3.0,3.0,19.0,0.35,70.0,2.0,0.0,11.0,6.0,6.77777777777778,1.0,25.0,0.0,0.0,2.0,1.0,1.0,0.0,6.0,0.8506771191416489,0.14932288085835113,4
20,10,3.0,2.0,1.0,0.0,0.0,5.0,175.0,1.0,3.0,3.0,25.0,0.35,70.0,2.0,0.0,11.0,2.0,6.77777777777778,1.0,25.0,0.4,0.0,2.0,1.0,1.0,0.0,6.0,0.7568561870407152,0.24314381295928478,4
20,11,3.0,2.0,1.0,0.0,0.0,5.0,175.0,1.0,3.0,3.0,19.0,0.35,70.0,0.0,0.0,11.0,2.0,6.77777777777778,1.0,1.0,1.41379310344828,0.0,2.0,1.0,1.0,0.0,1.0,0.8627692588939408,0.13723074110605912,3
20,12,3.0,2.0,1.0,0.0,0.0,5.0,175.0,1.0,3.0,3.0,19.0,0.35,70.0,1.0,0.0,11.0,6.0,6.77777777777778,1.0,1.0,1.41379310344828,0.0,2.0,0.414765100671141,1.0,0.0,2.0,0.5706019167428779,0.42939808325712214,3
20,13,3.0,2.0,1.0,0.0,0.0,5.0,175.0,1.0,3.0,3.0,19.0,0.35,70.0,0.0,0.0,11.0,6.0,6.77777777777778,1.0,1.0,0.0,0.0,2.0,1.0,1.0,0.0,1.0,0.9462065044249117,0.05379349557508823,5
20,14,3.0,2.0,1.0,0.0,0.0,5.0,175.0,1.0,3.0,3.0,19.0,0.35,70.0,0.0,0.0,11.0,6.0,6.77777777777778,1.0,1.0,0.0,0.0,2.0,1.0,1.0,0.0,0.0,0.9505123811698964,0.04948761883010357,5
20,15,3.0,2.0,1.0,0.0,0.0,5.0,93.111,1.0,3.0,3.0,19.0,0.35,70.0,2.0,0.0,11.0,2.0,6.77777777777778,1.0,25.0,1.41379310344828,0.0,2.0,0.414765100671141,1.0,0.0,1.0,0.5090639033992206,0.4909360966007794,3
20,16,3.0,2.0,1.0,0.0,0.0,0.0,15.0,1.0,3.0,3.0,19.0,0.35,70.0,2.0,0.0,11.0,2.0,6.77777777777778,1.0,25.0,1.41379310344828,0.0,2.0,0.414765100671141,1.0,0.0,1.0,0.683884568158159,0.316115431841841,4
20,17,3.0,2.0,1.0,0.0,0.0,0.0,37.0,1.0,3.0,3.0,19.0,0.35,70.0,2.0,0.0,11.0,2.0,6.77777777777778,1.0,25.0,1.41379310344828,0.0,2.0,0.414765100671141,1.0,0.0,1.0,0.7261706987238177,0.27382930127618227,4
20,18,3.0,4.0,1.0,0.0,0.0,0.0,37.0,1.0,3.0,3.0,19.0,0.35,70.0,2.0,0.0,11.0,2.0,6.77777777777778,1.0,25.0,1.41379310344828,0.0,2.0,0.414765100671141,1.0,0.0,1.0,0.7514667013012797,0.24853329869872032,5
25,0,3.0,17.0,2.0,2.0,0.0,18.0,93.111,1.0,0.0,18.0,0.0,0.73,89.0,1.0,0.0,11.0,1.0,11.35,2.0,2.0,1.90909090909091,0.0,0.0,0.793900184842883,0.0,0.0,0.0,0.5398156897459467,0.4601843102540533,1
25,1,3.0,17.0,2.0,2.0,0.0,18.0,15.0,1.0,0.0,18.0,0.0,0.73,89.0,1.0,0.0,11.0,1.0,11.35,2.0,2.0,1.90909090909091,0.0,0.0,1.0,0.0,0.0,0.0,0.9077348499245704,0.09226515007542956,2
25,2,3.0,17.0,2.0,2.0,0.0,18.0,15.0,1.0,0.0,0.0,0.0,0.73,89.0,1.0,0.0,11.0,1.0,11.35,2.0,2.0,1.90909090909091,0.0,0.0,1.0,0.0,0.0,0.0,0.9487460566120833,0.05125394338791662,3
25,3,3.0,17.0,2.0,2.0,0.0,18.0,15.0,1.0,0.0,0.0,0.0,0.73,66.0,1.0,0.0,11.0,1.0,11.35,2.0,2.0,1.90909090909091,0.0,0.0,1.0,0.0,0.0,0.0,0.961174103158214,0.03882589684178595,4
25,4,3.0,17.0,2.0,2.0,0.0,7.0,15.0,1.0,0.0,0.0,0.0,0.73,66.0,1.0,0.0,11.0,1.0,11.35,2.0,2.0,1.90909090909091,0.0,0.0,1.0,0.0,0.0,0.0,0.9668948484651497,0.033105151534850295,5
25,5,3.0,17.0,2.0,2.0,0.0,7.0,15.0,1.0,0.0,10.0,0.0,0.73,66.0,1.0,0.0,11.0,1.0,11.35,2.0,2.0,1.90909090909091,0.0,0.0,1.0,0.0,0.0,0.0,0.9695010300702928,0.03049896992970726,5
25,6,3.0,17.0,2.0,2.0,0.0,7.0,15.0,1.0,0.0,10.0,0.0,0.73,0.0,1.0,0.0,11.0,1.0,11.35,2.0,2.0,1.90909090909091,0.0,0.0,1.0,0.0,0.0,0.0,0.9714502764862042,0.02854972351379579,5
25,7,3.0,17.0,2.0,2.0,0.0,0.0,15.0,1.0,0.0,10.0,0.0,0.73,0.0,1.0,0.0,11.0,1.0,11.35,2.0,2.0,1.90909090909091,0.0,0.0,1.0,0.0,0.0,0.0,0.9716218402008224,0.028378159799177533,5
25,8,3.0,17.0,2.0,2.0,0.0,0.0,15.0,1.0,0.0,10.0,0.0,0.73,0.0,1.0,0.0,11.0,1.0,11.35,2.0,2.0,1.90909090909091,0.0,0.0,0.9,0.0,0.0,0.0,0.971691430024681,0.028308569975319074,5
25,9,3.0,17.0,2.0,2.0,0.0,18.0,423.0,1.0,0.0,18.0,0.0,0.73,89.0,1.0,0.0,11.0,1.0,11.35,2.0,2.0,1.90909090909091,0.0,0.0,0.9,0.0,0.0,0.0,0.5440078470174377,0.4559921529825623,1
25,10,3.0,17.0,2.0,2.0,0.0,18.0,423.0,1.0,93.0,18.0,0.0,0.73,89.0,1.0,0.0,11.0,1.0,11.35,2.0,2.0,1.90909090909091,0.0,0.0,0.793900184842883,0.0,0.0,0.0,0.5673576330554084,0.43264236694459157,1
25,11,3.0,17.0,2.0,2.0,0.0,0.0,423.0,1.0,93.0,18.0,0.0,0.73,89.0,1.0,0.0,11.0,1.0,11.35,2.0,2.0,1.90909090909091,0.0,0.0,1.0,0.0,0.0,0.0,0.9088844493208746,0.09111555067912536,3
25,12,3.0,17.0,11.0,2.0,0.0,0.0,423.0,1.0,93.0,18.0,0.0,0.73,89.0,1.0,0.0,11.0,1.0,11.35,2.0,2.0,1.90909090909091,0.0,0.0,1.0,0.0,0.0,0.0,0.9206037354373844,0.07939626456261564,4
25,13,3.0,17.0,11.0,2.0,0.0,0.0,423.0,1.0,93.0,18.0,0.0,0.73,66.0,1.0,0.0,11.0,1.0,11.35,2.0,2.0,1.90909090909091,0.0,0.0,1.0,0.0,0.0,0.0,0.9303523412287894,0.06964765877121055,5
25,14,3.0,17.0,2.0,2.0,0.0,18.0,15.0,1.0,0.0,0.0,0.0,0.73,89.0,1.0,0.0,11.0,1.0,11.35,2.0,2.0,1.90909090909091,0.0,0.0,0.793900184842883,0.0,0.0,0.0,0.8373884538592788,0.16261154614072112,2
25,15,3.0,17.0,2.0,2.0,0.0,18.0,15.0,1.0,0.0,0.0,0.0,0.73,89.0,1.0,0.0,11.0,1.0,11.35,2.0,2.0,0.0,0.0,0.0,0.793900184842883,0.0,0.0,0.0,0.886942021705618,0.11305797829438198,3
25,16,3.0,17.0,2.0,2.0,0.0,18.0,15.0,1.0,0.0,18.0,0.0,0.73,0.0,1.0,0.0,11.0,1.0,11.35,2.0,2.0,1.90909090909091,0.0,0.0,0.793900184842883,0.0,0.0,0.0,0.8492500960659161,0.1507499039340839,2
25,17,3.0,17.0,2.0,2.0,0.0,18.0,15.0,1.0,0.0,18.0,0.0,0.73,0.0,1.0,0.0,11.0,1.0,11.35,2.0,25.0,1.90909090909091,0.0,0.0,0.793900184842883,0.0,0.0,0.0,0.90311733823805,0.09688266176195003,3
25,18,3.0,17.0,2.0,2.0,0.0,7.0,15.0,1.0,0.0,18.0,0.0,0.73,0.0,1.0,0.0,11.0,1.0,11.35,2.0,25.0,1.90909090909091,0.0,0.0,0.793900184842883,0.0,0.0,0.0,0.9383905492778161,0.0616094507221839,4
25,19,3.0,17.0,2.0,2.0,0.0,7.0,15.0,1.0,0.0,18.0,0.0,0.73,0.0,1.0,0.0,11.0,1.0,11.35,2.0,25.0,5.2,0.0,0.0,0.793900184842883,0.0,0.0,0.0,0.9629574463690002,0.03704255363099984,5
30,0,0.0,3.0,1.0,0.0,0.0,4.0,15.0,1.0,2.0,6.0,30.0,0.33,84.0,2.0,0.0,16.0,2.0,7.1025641025641,1.0,1.0,1.21951219512195,0.0,27.0,1.0,0.666666666666667,0.0,5.0,0.5016677988746205,0.4983322011253794,3
30,1,0.0,3.0,1.0,0.0,0.0,4.0,15.0,1.0,2.0,6.0,30.0,0.33,84.0,7.0,0.0,16.0,2.0,7.1025641025641,1.0,1.0,1.21951219512195,0.0,27.0,1.0,0.666666666666667,0.0,5.0,0.5757083206320883,0.4242916793679117,4
30,2,4.0,3.0,1.0,0.0,0.0,4.0,231.0,1.0,2.0,6.0,9.0,0.33,84.0,2.0,0.0,16.0,1.0,7.1025641025641,1.0,25.0,1.21951219512195,0.0,27.0,1.0,0.666666666666667,0.0,5.0,0.520861561981689,0.479138438018311,4
30,3,4.0,3.0,1.0,0.0,0.0,4.0,231.0,1.0,2.0,6.0,9.0,0.33,84.0,2.0,0.0,16.0,6.0,7.1025641025641,1.0,25.0,1.21951219512195,0.0,27.0,1.0,0.666666666666667,0.0,5.0,0.6040714010550146,0.39592859894498544,4
30,4,4.0,3.0,1.0,0.0,0.0,13.0,231.0,1.0,2.0,6.0,9.0,0.33,84.0,2.0,0.0,16.0,6.0,7.1025641025641,1.0,25.0,1.21951219512195,0.0,27.0,1.0,0.666666666666667,0.0,5.0,0.653870154188853,0.346129845811147,5
30,5,4.0,3.0,1.0,0.0,0.0,4.0,15.0,1.0,2.0,6.0,30.0,0.33,84.0,2.0,0.0,16.0,2.0,3.9,1.0,1.0,1.21951219512195,0.0,27.0,1.0,0.666666666666667,0.0,5.0,0.5076287120105224,0.4923712879894776,3
30,6,4.0,3.0,1.0,0.0,0.0,4.0,15.0,1.0,2.0,6.0,30.0,0.33,84.0,2.0,0.0,16.0,1.0,3.9,1.0,1.0,1.21951219512195,0.0,27.0,1.0,0.666666666666667,0.0,5.0,0.6488722479764841,0.3511277520235158,4
30,7,4.0,3.0,1.0,0.0,0.0,4.0,15.0,1.0,2.0,6.0,30.0,0.33,84.0,2.0,0.0,16.0,1.0,3.9,0.0,1.0,1.21951219512195,0.0,27.0,1.0,0.666666666666667,0.0,5.0,0.700556980120536,0.2994430198794639,5
30,8,4.0,3.0,1.0,0.0,0.0,4.0,231.0,1.0,2.0,6.0,30.0,0.33,84.0,2.0,0.0,16.0,1.0,7.1025641025641,1.0,1.0,1.21951219512195,0.0,27.0,1.0,0.0,0.0,5.0,0.5292041333893238,0.47079586661067624,3
30,9,4.0,3.0,1.0,0.0,0.0,4.0,231.0,1.0,2.0,6.0,30.0,0.33,84.0,2.0,0.0,16.0,1.0,7.1025641025641,1.0,1.0,5.2,0.0,27.0,1.0,0.0,0.0,5.0,0.5362282478683376,0.4637717521316624,4
30,10,2.0,3.0,1.0,0.0,0.0,4.0,52.0,1.0,2.0,6.0,30.0,0.33,84.0,1.0,0.0,16.0,2.0,7.1025641025641,1.0,25.0,1.21951219512195,0.0,27.0,0.277566539923954,0.666666666666667,0.0,5.0,0.5738045192576046,0.42619548074239544,4
30,11,0.0,3.0,1.0,0.0,0.0,4.0,15.0,1.0,2.0,6.0,30.0,0.33,84.0,0.0,0.0,16.0,2.0,7.1025641025641,2.0,25.0,1.21951219512195,0.0,27.0,0.277566539923954,0.666666666666667,0.0,5.0,0.6656240844057308,0.3343759155942692,5
30,12,0.0,3.0,1.0,0.0,0.0,4.0,52.0,1.0,2.0,6.0,30.0,0.33,84.0,0.0,0.0,16.0,2.0,7.1025641025641,2.0,25.0,1.21951219512195,0.0,27.0,0.277566539923954,0.666666666666667,0.0,5.0,0.7365990116500292,0.2634009883499708,5
30,13,4.0,3.0,1.0,0.0,0.0,4.0,231.0,1.0,2.0,6.0,30.0,0.33,84.0,2.0,0.0,16.0,2.0,7.1025641025641,1.0,1.0,1.21951219512195,0.0,27.0,1.0,0.666666666666667,0.0,1.0,0.5396035664450581,0.46039643355494186,2
30,14,4.0,3.0,1.0,0.0,0.0,4.0,231.0,1.0,2.0,6.0,30.0,0.33,84.0,2.0,0.0,16.0,0.0,7.1025641025641,1.0,1.0,1.21951219512195,0.0,27.0,1.0,0.666666666666667,0.0,1.0,0.6645435595999682,0.3354564404000318,3
30,15,5.0,3.0,1.0,0.0,0.0,4.0,231.0,1.0,2.0,6.0,30.0,0.33,84.0,2.0,0.0,16.0,0.0,7.1025641025641,1.0,1.0,1.21951219512195,0.0,27.0,1.0,0.666666666666667,0.0,1.0,0.7167128344197342,0.2832871655802658,4
30,16,5.0,3.0,1.0,0.0,0.0,4.0,231.0,1.0,2.0,6.0,30.0,0.33,94.0,2.0,0.0,16.0,0.0,7.1025641025641,1.0,1.0,1.21951219512195,0.0,27.0,1.0,0.666666666666667,0.0,1.0,0.7350199887187847,0.26498001128121523,5
30,17,4.0,3.0,1.0,0.0,0.0,4.0,231.0,1.0,2.0,6.0,30.0,0.33,84.0,2.0,0.0,4.0,1.0,7.1025641025641,1.0,1.0,1.21951219512195,0.0,27.0,1.0,0.0,0.0,5.0,0.5647168472744148,0.4352831527255852,4
30,18,4.0,3.0,1.0,0.0,0.0,4.0,231.0,1.0,2.0,6.0,30.0,0.33,84.0,2.0,0.0,4.0,2.0,7.1025641025641,1.0,25.0,1.21951219512195,0.0,27.0,1.0,1.0,0.0,5.0,0.5688105863077373,0.43118941369226277,4
30,19,4.0,3.0,1.0,321.0,0.0,4.0,231.0,1.0,2.0,6.0,30.0,0.33,84.0,2.0,0.0,16.0,2.0,7.1025641025641,1.0,1.0,1.21951219512195,0.0,27.0,1.0,0.666666666666667,0.0,1.0,0.7201726577727102,0.2798273422272898,3
41,0,12.0,9.0,1.0,9.0,0.0,2.0,193.556,1.0,35.0,36.0,94.0,0.28,96.0,1.0,1.0,36.0,3.0,5.4,0.0,0.0,0.907894736842105,0.0,10.0,1.0,1.0,0.0,8.0,0.721120667393507,0.278879332606493,2
41,1,12.0,9.0,1.0,9.0,0.0,2.0,71.0,1.0,35.0,36.0,94.0,0.28,96.0,1.0,1.0,36.0,3.0,2.3,0.0,0.0,0.907894736842105,0.0,10.0,1.0,1.0,0.0,8.0,0.9322006682886468,0.06779933171135324,3
41,2,12.0,9.0,1.0,9.0,0.0,2.0,93.111,1.0,35.0,36.0,94.0,0.28,96.0,1.0,1.0,36.0,3.0,5.4,0.0,0.0,0.907894736842105,0.0,10.0,0.403259506895111,1.0,0.0,1.0,0.5618559619258285,0.43814403807417146,2
41,3,12.0,9.0,1.0,9.0,0.0,2.0,71.0,1.0,35.0,36.0,13.0,0.28,96.0,1.0,1.0,36.0,3.0,2.3,0.0,0.0,0.907894736842105,0.0,10.0,1.0,1.0,0.0,1.0,0.9789265049639415,0.02107349503605854,5
41,4,12.0,9.0,1.0,9.0,0.0,2.0,71.0,1.0,35.0,36.0,13.0,0.28,96.0,1.0,1.0,36.0,3.0,3.0,0.0,0.0,0.907894736842105,0.0,10.0,1.0,1.0,0.0,1.0,0.9807413899144359,0.019258610085564076,5
41,5,12.0,9.0,1.0,9.0,0.0,2.0,93.111,1.0,35.0,36.0,13.0,0.28,96.0,1.0,1.0,36.0,3.0,3.0,0.0,0.0,0.907894736842105,0.0,10.0,1.0,1.0,0.0,1.0,0.9819140937063217,0.018085906293678358,5
41,6,12.0,9.0,1.0,9.0,0.0,2.0,93.111,1.0,35.0,36.0,94.0,0.28,96.0,1.0,1.0,36.0,3.0,2.3,0.0,0.0,0.907894736842105,0.0,10.0,1.0,1.0,0.0,1.0,0.9737280412305708,0.026271958769429254,4
41,7,12.0,9.0,1.0,9.0,0.0,2.0,71.0,1.0,35.0,36.0,94.0,0.28,96.0,1.0,1.0,36.0,3.0,2.3,0.0,0.0,0.907894736842105,0.0,2.0,1.0,1.0,0.0,1.0,0.9833920061289823,0.016607993871017756,5
41,8,12.0,9.0,1.0,9.0,0.0,2.0,93.111,1.0,35.0,36.0,94.0,0.28,96.0,1.0,1.0,36.0,3.0,2.3,0.0,0.0,0.907894736842105,0.0,2.0,1.0,1.0,0.0,1.0,0.9854321746903022,0.014567825309697814,5
41,9,12.0,9.0,1.0,9.0,0.0,2.0,71.0,1.0,35.0,36.0,94.0,0.28,96.0,1.0,1.0,36.0,3.0,5.4,0.0,0.0,0.907894736842105,0.0,10.0,1.0,1.0,0.0,1.0,0.9298272958022467,0.0701727041977534,3
41,10,12.0,9.0,1.0,9.0,0.0,2.0,71.0,1.0,35.0,36.0,3.0,0.28,96.0,1.0,1.0,36.0,3.0,5.4,0.0,0.0,0.907894736842105,0.0,10.0,1.0,1.0,0.0,1.0,0.96159763932479,0.03840236067521,4
41,11,12.0,9.0,1.0,1.0,0.0,2.0,93.111,1.0,35.0,36.0,13.0,0.28,96.0,1.0,1.0,36.0,3.0,5.4,0.0,0.0,0.907894736842105,0.0,10.0,0.403259506895111,1.0,0.0,8.0,0.6145257281240815,0.3854742718759186,3
41,12,12.0,9.0,1.0,2.0,0.0,2.0,93.111,1.0,35.0,36.0,13.0,0.28,96.0,1.0,1.0,36.0,3.0,5.4,0.0,0.0,0.907894736842105,0.0,10.0,0.403259506895111,1.0,0.0,8.0,0.5234527910187092,0.4765472089812907,3
41,13,12.0,9.0,1.0,9.0,0.0,2.0,463.0,1.0,35.0,36.0,94.0,0.28,96.0,1.0,1.0,36.0,3.0,5.4,0.0,0.0,0.907894736842105,0.0,10.0,1.0,1.0,0.0,4.0,0.5847121807462338,0.41528781925376623,2
41,14,12.0,9.0,1.0,9.0,0.0,2.0,463.0,1.0,35.0,36.0,94.0,0.28,96.0,1.0,1.0,36.0,3.0,2.3,0.0,0.0,0.907894736842105,0.0,10.0,1.0,1.0,0.0,1.0,0.8784440165789542,0.12155598342104579,3
41,15,12.0,9.0,1.0,9.0,0.0,2.0,463.0,1.0,35.0,36.0,94.0,0.28,96.0,1.0,1.0,9.0,3.0,2.3,0.0,0.0,0.907894736842105,0.0,10.0,1.0,1.0,0.0,1.0,0.9025692266269981,0.0974307733730019,4
41,16,12.0,9.0,1.0,9.0,0.0,2.0,463.0,1.0,35.0,10.0,94.0,0.28,96.0,1.0,1.0,21.0,3.0,5.4,0.0,0.0,0.907894736842105,0.0,10.0,1.0,1.0,0.0,8.0,0.504281555468197,0.4957184445318031,3
41,17,12.0,9.0,1.0,9.0,0.0,2.0,463.0,1.0,35.0,36.0,7.0,0.28,96.0,1.0,1.0,36.0,3.0,5.4,0.0,0.0,0.907894736842105,0.0,10.0,0.403259506895111,1.0,0.0,1.0,0.5315196724343381,0.4684803275656619,2
41,18,12.0,9.0,1.0,9.0,0.0,2.0,463.0,1.0,35.0,36.0,2.0,0.28,96.0,1.0,1.0,9.0,3.0,2.3,0.0,0.0,0.907894736842105,0.0,10.0,1.0,1.0,0.0,1.0,0.9528955305708114,0.047104469429188535,5
41,19,12.0,9.0,1.0,9.0,0.0,2.0,463.0,1.0,35.0,36.0,2.0,0.28,96.0,1.0,1.0,9.0,3.0,3.0,0.0,0.0,0.907894736842105,0.0,10.0,1.0,1.0,0.0,1.0,0.9568534373751545,0.04314656262484556,5
44,0,25.0,19.0,2.0,13.0,0.0,1.0,239.0,1.0,6.0,28.0,35.0,0.24,94.0,1.0,1.0,29.0,1.0,8.36470588235294,0.0,0.0,0.632183908045977,0.0,0.0,0.592727272727273,0.0,0.0,1.0,0.5729442386785075,0.42705576132149253,1
44,1,25.0,19.0,2.0,13.0,0.0,1.0,239.0,1.0,6.0,28.0,35.0,0.24,94.0,1.0,1.0,29.0,1.0,8.36470588235294,0.0,0.0,0.632183908045977,0.0,0.0,1.0,0.0,0.0,0.0,0.8577210952211316,0.1422789047788684,2
44,2,25.0,19.0,2.0,13.0,0.0,1.0,15.0,1.0,6.0,28.0,35.0,0.24,94.0,1.0,1.0,29.0,1.0,8.36470588235294,0.0,0.0,0.632183908045977,0.0,0.0,1.0,0.0,0.0,0.0,0.959630405148427,0.04036959485157303,3
44,3,25.0,19.0,2.0,13.0,0.0,1.0,15.0,1.0,6.0,1.0,35.0,0.24,94.0,1.0,1.0,29.0,1.0,8.36470588235294,0.0,0.0,0.632183908045977,0.0,0.0,1.0,0.0,0.0,0.0,0.9764802614221263,0.023519738577873733,4
44,4,25.0,19.0,2.0,13.0,0.0,1.0,15.0,1.0,6.0,1.0,35.0,0.24,94.0,2.0,1.0,29.0,1.0,8.36470588235294,0.0,0.0,0.632183908045977,0.0,0.0,1.0,0.0,0.0,0.0,0.9805419065627768,0.01945809343722313,5
44,5,25.0,19.0,2.0,13.0,0.0,1.0,239.0,1.0,6.0,28.0,35.0,0.24,94.0,1.0,1.0,29.0,1.0,8.36470588235294,0.0,0.0,0.4,0.0,0.0,1.0,0.0,0.0,0.0,0.88973659066868,0.11026340933131992,3
44,6,25.0,19.0,2.0,13.0,0.0,1.0,239.0,1.0,6.0,28.0,35.0,0.24,94.0,2.0,1.0,29.0,1.0,8.36470588235294,0.0,0.0,0.4,0.0,0.0,1.0,0.0,0.0,0.0,0.8924367692074529,0.10756323079254718,4
44,7,25.0,19.0,2.0,13.0,0.0,1.0,37.0,1.0,6.0,28.0,35.0,0.24,94.0,1.0,1.0,29.0,1.0,8.36470588235294,0.0,0.0,0.632183908045977,0.0,0.0,0.592727272727273,0.0,0.0,0.0,0.836269994122872,0.163730005877128,2
44,8,25.0,19.0,2.0,13.0,0.0,1.0,37.0,1.0,6.0,28.0,35.0,0.24,94.0,7.0,1.0,29.0,1.0,8.36470588235294,0.0,0.0,0.632183908045977,0.0,0.0,0.592727272727273,0.0,0.0,0.0,0.9025143429621073,0.09748565703789268,3
44,9,25.0,4.0,2.0,13.0,0.0,1.0,37.0,1.0,6.0,28.0,35.0,0.24,94.0,7.0,1.0,29.0,1.0,8.36470588235294,0.0,0.0,0.632183908045977,0.0,0.0,0.592727272727273,0.0,0.0,0.0,0.9369465992787728,0.06305340072122723,4
44,10,25.0,19.0,2.0,13.0,0.0,1.0,93.111,1.0,6.0,28.0,35.0,0.24,94.0,3.0,1.0,29.0,1.0,8.36470588235294,0.0,0.0,0.632183908045977,0.0,0.0,0.592727272727273,0.0,0.0,7.0,0.5106264123258466,0.48937358767415345,2
44,11,25.0,19.0,2.0,13.0,0.0,1.0,15.0,1.0,6.0,28.0,35.0,0.24,94.0,7.0,1.0,29.0,1.0,8.36470588235294,0.0,0.0,0.632183908045977,0.0,0.0,1.0,0.0,0.0,0.0,0.9760796455032839,0.023920354496716128,4
44,12,25.0,0.0,2.0,13.0,0.0,1.0,15.0,1.0,6.0,28.0,35.0,0.24,94.0,1.0,1.0,29.0,1.0,8.36470588235294,0.0,0.0,0.632183908045977,0.0,0.0,1.0,0.0,0.0,0.0,0.9885945227506912,0.0114054772493088,4
44,13,25.0,0.0,2.0,13.0,0.0,1.0,15.0,1.0,6.0,28.0,35.0,0.24,94.0,1.0,1.0,29.0,1.0,8.36470588235294,0.0,0.0,0.0,0.0,0.0,1.0,0.0,0.0,0.0,0.9908785626763978,0.00912143732360218,5
44,14,25.0,19.0,2.0,13.0,0.0,1.0,239.0,1.0,6.0,28.0,35.0,0.24,94.0,1.0,1.0,29.0,1.0,8.36470588235294,0.0,0.0,0.632183908045977,0.0,0.0,1.0,0.0,0.0,7.0,0.5443687238655448,0.45563127613445514,1
44,15,25.0,19.0,2.0,13.0,0.0,1.0,239.0,1.0,6.0,28.0,35.0,0.24,94.0,1.0,1.0,29.0,1.0,8.36470588235294,0.0,25.0,0.632183908045977,0.0,0.0,1.0,0.0,0.0,7.0,0.676301016963568,0.32369898303643196,2
44,16,25.0,19.0,2.0,13.0,0.0,1.0,239.0,1.0,6.0,28.0,35.0,0.24,94.0,7.0,1.0,29.0,1.0,8.36470588235294,0.0,25.0,0.632183908045977,0.0,0.0,0.592727272727273,0.0,0.0,7.0,0.5229511728984295,0.47704882710157054,2
44,17,25.0,19.0,2.0,13.0,0.0,1.0,239.0,1.0,6.0,1.0,35.0,0.24,94.0,1.0,1.0,29.0,1.0,8.36470588235294,0.0,0.0,0.632183908045977,0.0,0.0,0.592727272727273,0.0,0.0,0.0,0.8167148315652955,0.1832851684347045,2
44,18,25.0,19.0,2.0,13.0,0.0,1.0,239.0,1.0,6.0,1.0,35.0,0.24,94.0,1.0,1.0,29.0,1.0,8.36470588235294,0.0,0.0,0.632183908045977,5.0,0.0,0.592727272727273,0.0,0.0,0.0,0.8587715182836128,0.14122848171638724,3
44,19,25.0,19.0,2.0,13.0,0.0,1.0,52.0,1.0,6.0,10.0,35.0,0.24,94.0,1.0,1.0,29.0,1.0,8.36470588235294,0.0,0.0,0.632183908045977,0.0,0.0,0.592727272727273,0.0,0.0,7.0,0.5129460045534364,0.4870539954465635,2
59,0,0.0,8.0,1.0,9.0,1.0,4.0,156.0,1.0,8.0,9.0,8.0,0.8,94.0,1.0,2.0,9.0,2.0,7.75,0.0,0.0,0.615384615384615,0.0,2.0,0.9,1.0,0.0,3.0,0.7066297506246471,0.293370249375353,1
59,1,0.0,8.0,1.0,9.0,1.0,4.0,156.0,1.0,8.0,9.0,8.0,0.44,94.0,1.0,2.0,9.0,2.0,7.75,0.0,0.0,0.615384615384615,0.0,2.0,1.0,1.0,0.0,3.0,0.9293659890113841,0.07063401098861591,2
59,2,0.0,8.0,1.0,9.0,1.0,4.0,156.0,1.0,8.0,9.0,8.0,0.8,94.0,1.0,2.0,9.0,2.0,7.75,0.0,0.0,0.4,0.0,2.0,0.427518427518428,1.0,0.0,3.0,0.5059301861604346,0.49406981383956544,1
59,3,0.0,8.0,1.0,9.0,0.0,4.0,156.0,1.0,8.0,9.0,8.0,0.44,94.0,1.0,2.0,9.0,2.0,7.75,0.0,0.0,5.2,0.0,2.0,1.0,1.0,0.0,3.0,0.9616765438252057,0.03832345617479422,4
59,4,0.0,8.0,1.0,9.0,1.0,4.0,156.0,1.0,8.0,9.0,8.0,0.8,94.0,1.0,2.0,9.0,6.0,7.75,0.0,0.0,0.615384615384615,0.0,2.0,0.427518427518428,1.0,0.0,3.0,0.5786696055202236,0.4213303944797764,1
59,5,0.0,8.0,1.0,9.0,1.0,4.0,156.0,1.0,8.0,9.0,8.0,0.44,94.0,1.0,2.0,9.0,6.0,7.75,0.0,0.0,0.615384615384615,0.0,2.0,1.0,1.0,0.0,3.0,0.9533392736357718,0.04666072636422825,3
59,6,0.0,8.0,1.0,9.0,1.0,4.0,156.0,1.0,8.0,9.0,8.0,0.44,94.0,1.0,2.0,9.0,6.0,7.75,0.0,0.0,5.2,0.0,2.0,1.0,1.0,0.0,3.0,0.9667170172983925,0.033282982701607476,4
59,7,0.0,8.0,1.0,9.0,1.0,0.0,156.0,1.0,8.0,9.0,8.0,0.44,94.0,1.0,2.0,9.0,6.0,7.75,0.0,0.0,5.2,0.0,2.0,1.0,1.0,0.0,3.0,0.968894851352171,0.03110514864782901,5
59,8,0.0,8.0,1.0,1.0,1.0,4.0,156.0,1.0,8.0,9.0,8.0,0.8,94.0,1.0,2.0,9.0,2.0,7.75,0.0,0.0,0.615384615384615,0.0,2.0,0.427518427518428,1.0,0.0,3.0,0.5105194988108593,0.48948050118914066,1
59,9,0.0,8.0,1.0,321.0,1.0,4.0,93.111,1.0,8.0,9.0,8.0,0.8,94.0,1.0,2.0,9.0,2.0,7.75,0.0,0.0,0.615384615384615,0.0,2.0,1.0,1.0,0.0,3.0,0.9407995597758398,0.059200440224160156,3
59,10,0.0,8.0,1.0,9.0,0.0,4.0,156.0,1.0,8.0,9.0,8.0,0.8,94.0,1.0,2.0,9.0,2.0,7.75,0.0,0.0,0.615384615384615,0.0,2.0,0.427518427518428,1.0,0.0,3.0,0.5904703881034217,0.4095296118965783,1
59,11,0.0,8.0,1.0,9.0,62.0,4.0,156.0,1.0,8.0,9.0,8.0,0.8,94.0,1.0,2.0,9.0,2.0,7.75,0.0,0.0,0.0,0.0,2.0,0.427518427518428,1.0,0.0,3.0,0.7741959845302915,0.2258040154697085,2
59,12,0.0,8.0,1.0,9.0,1.0,4.0,156.0,1.0,8.0,9.0,8.0,0.8,77.0,1.0,2.0,9.0,2.0,7.75,0.0,0.0,0.615384615384615,0.0,2.0,0.427518427518428,1.0,0.0,3.0,0.5028327670729231,0.4971672329270769,1
59,13,0.0,8.0,1.0,9.0,1.0,4.0,93.111,1.0,8.0,9.0,8.0,0.8,94.0,1.0,2.0,9.0,2.0,7.75,0.0,0.0,0.615384615384615,0.0,2.0,0.427518427518428,1.0,0.0,3.0,0.5046450132060212,0.4953549867939788,1
59,14,0.0,8.0,1.0,9.0,62.0,4.0,37.0,1.0,8.0,9.0,8.0,0.8,0.0,1.0,2.0,9.0,2.0,3.9,0.0,0.0,0.0,0.0,2.0,0.427518427518428,1.0,0.0,3.0,0.9298954375980739,0.0701045624019261,5
59,15,0.0,8.0,1.0,321.0,0.0,4.0,93.111,1.0,8.0,9.0,8.0,0.8,94.0,1.0,2.0,9.0,2.0,7.75,0.0,0.0,0.615384615384615,0.0,2.0,1.0,1.0,0.0,3.0,0.9526207049810762,0.04737929501892375,4
59,16,0.0,8.0,1.0,9.0,1.0,4.0,156.0,1.0,8.0,9.0,8.0,0.69,94.0,1.0,2.0,9.0,2.0,7.75,0.0,0.0,0.615384615384615,0.0,2.0,0.427518427518428,1.0,0.0,3.0,0.5186671341128746,0.4813328658871255,1
59,17,0.0,8.0,1.0,321.0,1.0,4.0,156.0,1.0,8.0,9.0,8.0,0.44,94.0,1.0,2.0,9.0,2.0,7.75,0.0,0.0,0.615384615384615,0.0,2.0,0.427518427518428,1.0,0.0,3.0,0.6649030397976017,0.3350969602023984,2
59,18,0.0,8.0,1.0,321.0,1.0,4.0,37.0,1.0,8.0,9.0,8.0,0.44,94.0,1.0,2.0,9.0,2.0,7.75,0.0,0.0,0.615384615384615,0.0,2.0,0.427518427518428,1.0,0.0,3.0,0.7052408467265567,0.29475915327344326,3
59,19,0.0,8.0,1.0,0.0,1.0,4.0,37.0,1.0,8.0,9.0,8.0,0.44,94.0,1.0,2.0,9.0,2.0,7.75,0.0,0.0,0.615384615384615,0.0,2.0,0.427518427518428,1.0,0.0,3.0,0.7960184688841266,0.2039815311158734,3
60,0,0.0,2.0,1.0,0.0,0.0,1.0,87.0,1.0,3.0,3.0,41.0,0.2,64.0,1.0,2.0,14.0,2.0,5.65217391304348,0.0,1.0,1.10416666666667,0.0,0.0,0.4,0.0,0.0,4.0,0.5092204429715654,0.49077955702843457,1
60,1,0.0,2.0,1.0,0.0,0.0,1.0,87.0,1.0,3.0,3.0,41.0,0.2,64.0,1.0,2.0,14.0,2.0,5.65217391304348,0.0,1.0,1.10416666666667,0.0,0.0,0.427118644067797,0.0,0.0,2.0,0.6455069227949619,0.3544930772050381,1
60,2,0.0,2.0,1.0,0.0,4.0,1.0,87.0,1.0,3.0,3.0,41.0,0.2,64.0,1.0,2.0,14.0,2.0,5.65217391304348,0.0,1.0,1.10416666666667,0.0,0.0,0.427118644067797,0.0,0.0,4.0,0.5294424956007482,0.4705575043992518,1
60,3,0.0,2.0,1.0,0.0,62.0,1.0,87.0,1.0,3.0,3.0,25.0,0.2,64.0,1.0,2.0,14.0,2.0,5.65217391304348,0.0,1.0,1.10416666666667,0.0,0.0,1.0,0.0,0.0,0.0,0.9894288236470845,0.010571176352915445,4
60,4,0.0,2.0,1.0,0.0,62.0,1.0,87.0,1.0,3.0,3.0,25.0,29.08,64.0,1.0,2.0,14.0,2.0,5.65217391304348,0.0,1.0,1.10416666666667,0.0,0.0,1.0,0.0,0.0,0.0,0.990314613221008,0.009685386778991991,5
60,5,0.0,0.0,1.0,0.0,62.0,1.0,87.0,1.0,3.0,3.0,41.0,0.2,64.0,1.0,2.0,14.0,2.0,5.65217391304348,0.0,1.0,1.10416666666667,0.0,0.0,1.0,0.0,0.0,0.0,0.9903762750363696,0.009623724963630382,4
60,6,0.0,0.0,1.0,0.0,62.0,1.0,87.0,1.0,3.0,3.0,41.0,0.2,94.0,1.0,2.0,14.0,2.0,5.65217391304348,0.0,1.0,1.10416666666667,0.0,0.0,1.0,0.0,0.0,0.0,0.9916967514329319,0.00830324856706808,5
60,7,0.0,2.0,1.0,0.0,0.0,1.0,87.0,1.0,3.0,3.0,41.0,0.2,64.0,1.0,2.0,14.0,2.0,5.65217391304348,0.0,1.0,1.10416666666667,5.0,0.0,0.427118644067797,0.0,0.0,4.0,0.5675877668305498,0.43241223316945016,1
60,8,0.0,2.0,1.0,0.0,0.0,1.0,87.0,1.0,3.0,3.0,41.0,1.47,64.0,1.0,2.0,14.0,2.0,5.65217391304348,0.0,1.0,1.10416666666667,0.0,0.0,0.427118644067797,0.0,0.0,4.0,0.5001450657586058,0.49985493424139416,1
60,9,0.0,2.0,1.0,0.0,0.0,1.0,87.0,1.0,3.0,3.0,25.0,29.08,64.0,1.0,2.0,14.0,2.0,5.65217391304348,0.0,1.0,1.10416666666667,5.0,0.0,1.0,0.0,0.0,4.0,0.972834222150662,0.02716577784933807,4
60,10,0.0,2.0,1.0,0.0,62.0,1.0,87.0,1.0,3.0,3.0,41.0,29.08,64.0,1.0,2.0,14.0,2.0,5.65217391304348,0.0,1.0,1.10416666666667,0.0,0.0,1.0,0.0,0.0,0.0,0.988688831938635,0.011311168061365014,4
60,11,0.0,2.0,1.0,0.0,0.0,1.0,87.0,1.0,3.0,3.0,25.0,0.2,64.0,1.0,2.0,14.0,2.0,5.65217391304348,0.0,1.0,1.10416666666667,0.0,0.0,0.427118644067797,0.0,0.0,4.0,0.5297060443478431,0.4702939556521569,1
60,12,0.0,2.0,1.0,0.0,0.0,1.0,87.0,1.0,3.0,3.0,25.0,0.2,94.0,1.0,2.0,14.0,2.0,5.65217391304348,0.0,1.0,1.10416666666667,0.0,0.0,1.0,0.0,0.0,0.0,0.9872476583219943,0.012752341678005666,4
60,13,0.0,2.0,1.0,321.0,0.0,1.0,87.0,1.0,3.0,3.0,41.0,0.2,64.0,1.0,2.0,14.0,2.0,5.65217391304348,0.0,1.0,1.10416666666667,0.0,0.0,0.427118644067797,0.0,0.0,4.0,0.5902481032286859,0.4097518967713141,1
60,14,0.0,2.0,1.0,0.0,0.0,1.0,87.0,1.0,3.0,3.0,41.0,0.2,64.0,1.0,2.0,14.0,2.0,5.65217391304348,0.0,1.0,1.10416666666667,0.0,0.0,0.427118644067797,0.0,0.0,0.0,0.8324877406998394,0.1675122593001606,1
60,15,0.0,2.0,1.0,0.0,0.0,1.0,87.0,1.0,3.0,3.0,41.0,29.08,64.0,1.0,2.0,14.0,2.0,5.65217391304348,0.0,1.0,1.10416666666667,0.0,0.0,0.427118644067797,0.0,0.0,0.0,0.881544691998566,0.11845530800143396,2
60,16,0.0,2.0,1.0,0.0,0.0,1.0,87.0,1.0,3.0,3.0,41.0,29.08,64.0,1.0,2.0,14.0,2.0,337.0,0.0,1.0,1.10416666666667,0.0,0.0,0.427118644067797,0.0,0.0,0.0,0.8843981637887315,0.11560183621126854,3
60,17,0.0,2.0,1.0,0.0,0.0,1.0,87.0,1.0,3.0,3.0,41.0,29.08,64.0,1.0,2.0,14.0,2.0,337.0,2.0,1.0,1.10416666666667,0.0,0.0,0.427118644067797,0.0,0.0,0.0,0.8852947887399454,0.11470521126005466,4
60,18,0.0,2.0,1.0,0.0,62.0,1.0,87.0,1.0,3.0,3.0,41.0,0.2,64.0,1.0,2.0,14.0,2.0,5.65217391304348,0.0,1.0,1.10416666666667,0.0,0.0,1.0,0.0,0.0,4.0,0.9689469458125314,0.031053054187468652,2
60,19,0.0,2.0,1.0,0.0,62.0,1.0,15.0,1.0,3.0,3.0,41.0,0.2,64.0,1.0,2.0,14.0,2.0,5.65217391304348,0.0,1.0,1.10416666666667,0.0,0.0,1.0,0.0,0.0,4.0,0.9785198181216065,0.021480181878393557,3
67,0,25.0,24.0,1.0,22.0,2.0,3.0,93.111,2.0,4.0,12.0,77.0,0.25,93.0,2.0,2.0,37.0,3.0,7.99230769230769,0.0,1.0,1.11278195488722,0.0,0.0,1.0,0.0,0.0,9.0,0.5522944268272807,0.4477055731727193,2
67,1,25.0,24.0,1.0,22.0,2.0,3.0,37.0,2.0,4.0,12.0,77.0,0.25,93.0,2.0,2.0,37.0,3.0,7.99230769230769,0.0,1.0,1.11278195488722,0.0,0.0,0.329656476520643,0.0,0.0,1.0,0.5030479350917998,0.49695206490820015,2
67,2,25.0,0.0,1.0,22.0,2.0,3.0,37.0,2.0,4.0,12.0,77.0,0.25,93.0,2.0,2.0,37.0,3.0,7.99230769230769,0.0,1.0,1.11278195488722,0.0,0.0,1.0,0.0,0.0,0.0,0.9677934757552721,0.03220652424472788,4
67,3,25.0,4.0,1.0,22.0,2.0,3.0,193.556,2.0,4.0,12.0,77.0,0.25,93.0,2.0,2.0,37.0,3.0,7.99230769230769,0.0,1.0,1.11278195488722,0.0,0.0,0.329656476520643,0.0,0.0,1.0,0.5383695542632936,0.4616304457367065,3
67,4,25.0,0.0,1.0,22.0,2.0,3.0,25.0,2.0,4.0,12.0,25.0,0.25,93.0,2.0,2.0,37.0,3.0,7.99230769230769,0.0,1.0,1.11278195488722,0.0,0.0,1.0,0.0,0.0,0.0,0.9783540383807704,0.02164596161922958,5
67,5,25.0,0.0,1.0,22.0,2.0,3.0,37.0,2.0,4.0,12.0,77.0,0.25,93.0,2.0,2.0,37.0,3.0,7.99230769230769,0.0,1.0,1.11278195488722,0.0,0.0,1.0,0.0,0.0,9.0,0.8024155702261158,0.19758442977388427,3
67,6,25.0,0.0,1.0,22.0,2.0,3.0,25.0,2.0,4.0,12.0,77.0,0.25,93.0,2.0,2.0,37.0,3.0,7.99230769230769,0.0,1.0,1.11278195488722,0.0,0.0,1.0,0.0,0.0,9.0,0.8373032308255409,0.1626967691744591,3
67,7,25.0,0.0,1.0,22.0,2.0,3.0,25.0,2.0,2.0,12.0,77.0,0.25,93.0,2.0,2.0,37.0,3.0,7.99230769230769,0.0,1.0,1.11278195488722,0.0,0.0,1.0,0.0,0.0,9.0,0.8551836353006084,0.14481636469939158,4
67,8,25.0,0.0,1.0,22.0,2.0,3.0,25.0,2.0,2.0,12.0,77.0,0.25,93.0,2.0,2.0,37.0,3.0,7.99230769230769,2.0,1.0,1.11278195488722,0.0,0.0,1.0,0.0,0.0,9.0,0.8598326913048477,0.14016730869515232,5
67,9,25.0,0.0,1.0,22.0,2.0,3.0,25.0,2.0,0.0,12.0,77.0,0.25,93.0,2.0,2.0,37.0,3.0,7.99230769230769,2.0,1.0,1.11278195488722,0.0,0.0,1.0,0.0,0.0,9.0,0.8611417115883526,0.13885828841164738,5
67,10,25.0,24.0,1.0,22.0,2.0,3.0,37.0,2.0,4.0,12.0,77.0,0.25,93.0,2.0,2.0,37.0,3.0,7.99230769230769,0.0,1.0,1.11278195488722,0.0,0.0,0.329656476520643,0.0,0.0,0.0,0.5268468302078406,0.4731531697921593,2
67,11,25.0,24.0,1.0,22.0,2.0,3.0,37.0,2.0,4.0,12.0,7.0,0.25,93.0,2.0,2.0,37.0,3.0,7.99230769230769,0.0,1.0,1.11278195488722,0.0,0.0,0.329656476520643,0.0,0.0,0.0,0.6684076223551367,0.33159237764486327,3
67,12,25.0,24.0,1.0,22.0,2.0,0.0,37.0,2.0,4.0,12.0,7.0,0.25,93.0,2.0,2.0,37.0,3.0,7.99230769230769,0.0,1.0,1.11278195488722,0.0,0.0,0.329656476520643,0.0,0.0,0.0,0.7590343010654024,0.24096569893459757,4
67,13,25.0,24.0,1.0,22.0,2.0,0.0,37.0,1.0,4.0,12.0,7.0,0.25,93.0,2.0,2.0,37.0,3.0,7.99230769230769,0.0,1.0,1.11278195488722,0.0,0.0,0.329656476520643,0.0,0.0,0.0,0.7934153290033257,0.20658467099667438,5
67,14,25.0,24.0,1.0,22.0,2.0,3.0,557.0,2.0,4.0,12.0,77.0,0.25,93.0,2.0,2.0,37.0,3.0,7.99230769230769,0.0,1.0,1.11278195488722,0.0,0.0,1.0,0.0,0.0,0.0,0.5475039537026426,0.4524960462973574,2
67,15,25.0,24.0,1.0,22.0,2.0,0.0,557.0,2.0,4.0,12.0,77.0,0.25,93.0,2.0,2.0,37.0,3.0,7.99230769230769,0.0,1.0,1.11278195488722,0.0,0.0,1.0,0.0,0.0,0.0,0.6342217661900762,0.36577823380992375,3
67,16,25.0,24.0,1.0,22.0,2.0,0.0,557.0,2.0,4.0,12.0,77.0,0.25,93.0,2.0,2.0,37.0,3.0,7.99230769230769,0.0,1.0,5.2,0.0,0.0,1.0,0.0,0.0,0.0,0.6986364306723931,0.3013635693276069,4
67,17,25.0,24.0,1.0,22.0,2.0,0.0,557.0,2.0,4.0,12.0,77.0,0.25,93.0,2.0,2.0,37.0,3.0,4.8,0.0,1.0,5.2,0.0,0.0,1.0,0.0,0.0,0.0,0.7016382357038535,0.29836176429614647,5
67,18,25.0,0.0,1.0,22.0,2.0,3.0,25.0,2.0,4.0,12.0,77.0,0.25,93.0,0.0,2.0,37.0,3.0,7.99230769230769,0.0,1.0,1.11278195488722,0.0,0.0,1.0,0.0,0.0,9.0,0.8629296186651954,0.13707038133480468,4
67,19,25.0,4.0,1.0,22.0,2.0,3.0,37.0,2.0,4.0,12.0,77.0,0.25,93.0,2.0,2.0,37.0,3.0,7.99230769230769,0.0,25.0,1.11278195488722,0.0,0.0,0.329656476520643,0.0,0.0,9.0,0.5477763442040328,0.45222365579596724,3
71,0,76.0,12.0,1.0,29.0,0.0,2.0,193.556,1.0,16.0,53.0,206.0,0.23,96.0,1.0,1.0,40.0,3.0,7.35161290322581,0.0,0.0,1.38461538461538,0.0,0.0,1.0,0.0,0.0,7.0,0.5852259734204588,0.4147740265795412,2
71,1,76.0,12.0,1.0,29.0,0.0,2.0,193.556,1.0,16.0,53.0,206.0,0.23,96.0,1.0,1.0,40.0,3.0,7.35161290322581,0.0,0.0,1.38461538461538,0.0,0.0,0.384935231089077,0.0,0.0,0.0,0.5676283641978472,0.4323716358021528,2
71,2,76.0,12.0,1.0,29.0,0.0,2.0,37.0,1.0,16.0,1.0,206.0,0.23,96.0,1.0,1.0,40.0,3.0,7.35161290322581,0.0,0.0,1.38461538461538,0.0,0.0,1.0,0.0,0.0,0.0,0.9710435096112172,0.02895649038878277,4
71,3,76.0,12.0,1.0,29.0,0.0,2.0,25.0,1.0,16.0,1.0,206.0,0.23,96.0,1.0,1.0,40.0,3.0,7.35161290322581,0.0,0.0,1.38461538461538,0.0,0.0,1.0,0.0,0.0,0.0,0.9773340471268154,0.022665952873184583,4
71,4,76.0,12.0,1.0,29.0,0.0,2.0,37.0,1.0,16.0,53.0,206.0,0.23,96.0,1.0,1.0,40.0,3.0,7.35161290322581,0.0,0.0,1.38461538461538,5.0,0.0,1.0,0.0,0.0,0.0,0.9616902520428019,0.03830974795719808,4
71,5,76.0,12.0,1.0,29.0,0.0,2.0,25.0,1.0,16.0,53.0,206.0,0.23,96.0,1.0,1.0,40.0,3.0,7.35161290322581,0.0,0.0,1.38461538461538,5.0,0.0,1.0,0.0,0.0,0.0,0.9699498206925173,0.030050179307482695,4
71,6,76.0,12.0,1.0,29.0,0.0,2.0,25.0,1.0,16.0,53.0,206.0,0.23,96.0,1.0,1.0,40.0,1.0,7.35161290322581,0.0,0.0,1.38461538461538,5.0,0.0,1.0,0.0,0.0,0.0,0.9726098812209205,0.02739011877907949,5
71,7,76.0,12.0,1.0,29.0,0.0,2.0,15.0,1.0,16.0,53.0,206.0,0.23,96.0,1.0,1.0,40.0,1.0,7.35161290322581,0.0,0.0,1.38461538461538,5.0,0.0,1.0,0.0,0.0,0.0,0.9784472906009319,0.021552709399068105,5
71,8,76.0,12.0,1.0,29.0,0.0,2.0,37.0,1.0,16.0,53.0,206.0,0.23,0.0,1.0,1.0,40.0,3.0,7.35161290322581,0.0,0.0,1.38461538461538,0.0,0.0,1.0,0.0,0.0,7.0,0.8267786247584359,0.17322137524156414,3
71,9,76.0,12.0,1.0,29.0,0.0,2.0,25.0,1.0,16.0,53.0,206.0,0.23,0.0,1.0,1.0,40.0,3.0,7.35161290322581,0.0,0.0,1.38461538461538,0.0,0.0,1.0,0.0,0.0,7.0,0.8581250803420786,0.14187491965792148,3
71,10,76.0,12.0,1.0,29.0,0.0,2.0,25.0,1.0,16.0,53.0,206.0,0.23,0.0,1.0,1.0,40.0,3.0,6.0,0.0,0.0,1.38461538461538,0.0,0.0,1.0,0.0,0.0,7.0,0.8712690922956396,0.1287309077043603,4
71,11,76.0,12.0,1.0,29.0,0.0,2.0,37.0,1.0,16.0,53.0,206.0,0.23,96.0,2.0,1.0,40.0,3.0,7.35161290322581,0.0,0.0,1.38461538461538,0.0,0.0,1.0,0.0,0.0,0.0,0.962836411335761,0.037163588664238974,4
71,12,76.0,12.0,1.0,29.0,0.0,2.0,25.0,1.0,16.0,53.0,206.0,0.23,96.0,2.0,1.0,40.0,3.0,7.35161290322581,0.0,0.0,1.38461538461538,0.0,0.0,1.0,0.0,0.0,0.0,0.9708563570491218,0.029143642950878245,4
71,13,76.0,12.0,1.0,29.0,0.0,2.0,37.0,1.0,16.0,53.0,3.0,0.23,96.0,1.0,1.0,40.0,3.0,7.35161290322581,0.0,0.0,1.38461538461538,0.0,0.0,1.0,0.0,0.0,0.0,0.9598705200190495,0.040129479980950525,4
71,14,76.0,12.0,1.0,29.0,0.0,2.0,25.0,1.0,16.0,53.0,3.0,0.23,96.0,1.0,1.0,40.0,3.0,7.35161290322581,0.0,0.0,1.38461538461538,0.0,0.0,1.0,0.0,0.0,0.0,0.9630070369866555,0.03699296301334449,4
71,15,76.0,12.0,1.0,29.0,0.0,2.0,25.0,1.0,16.0,53.0,25.0,0.23,96.0,1.0,1.0,40.0,3.0,7.35161290322581,0.0,0.0,1.38461538461538,0.0,0.0,1.0,0.0,0.0,0.0,0.9651873921601153,0.03481260783988477,4
71,16,76.0,12.0,0.0,29.0,0.0,2.0,25.0,1.0,16.0,53.0,25.0,0.23,96.0,1.0,1.0,40.0,3.0,7.35161290322581,0.0,0.0,1.38461538461538,0.0,0.0,1.0,0.0,0.0,0.0,0.9660647323387876,0.0339352676612124,5
71,17,76.0,12.0,1.0,29.0,0.0,2.0,37.0,1.0,16.0,53.0,3.0,0.23,96.0,1.0,1.0,40.0,3.0,7.35161290322581,0.0,0.0,1.38461538461538,5.0,0.0,1.0,0.0,0.0,0.0,0.9702156590002718,0.02978434099972817,5
71,18,76.0,12.0,1.0,29.0,0.0,2.0,25.0,1.0,16.0,53.0,3.0,0.23,96.0,1.0,1.0,40.0,3.0,7.35161290322581,0.0,0.0,1.38461538461538,5.0,0.0,1.0,0.0,0.0,0.0,0.9725667099677969,0.027433290032203107,5
71,19,76.0,12.0,1.0,29.0,0.0,2.0,25.0,1.0,16.0,53.0,25.0,0.23,96.0,1.0,1.0,40.0,3.0,7.35161290322581,0.0,0.0,1.38461538461538,5.0,0.0,1.0,0.0,0.0,0.0,0.9741987166561609,0.02580128334383912,5
80,0,2.0,4.0,1.0,4.0,3.0,2.0,93.111,3.0,2.0,11.0,28.0,0.72,92.0,3.0,4.0,11.0,2.0,29.3055555555556,1.0,1.0,0.45,0.0,0.0,0.630111524163569,0.0,0.0,3.0,0.6071918501666412,0.39280814983335877,1
80,1,2.0,4.0,1.0,4.0,3.0,2.0,37.0,3.0,2.0,11.0,28.0,0.72,92.0,3.0,4.0,11.0,2.0,29.3055555555556,2.0,1.0,0.45,0.0,0.0,0.630111524163569,0.0,0.0,3.0,0.85585870708403,0.14414129291596997,2
80,2,2.0,4.0,1.0,4.0,3.0,2.0,37.0,3.0,2.0,11.0,28.0,0.72,0.0,3.0,4.0,11.0,2.0,29.3055555555556,2.0,1.0,0.45,0.0,0.0,0.630111524163569,0.0,0.0,3.0,0.9098403204744285,0.09015967952557151,3
80,3,2.0,4.0,1.0,4.0,3.0,2.0,37.0,3.0,2.0,11.0,28.0,0.72,0.0,3.0,4.0,11.0,2.0,29.3055555555556,2.0,1.0,0.45,0.0,0.0,1.0,0.0,0.0,3.0,0.941442455579285,0.05855754442071506,4
80,4,2.0,4.0,1.0,321.0,3.0,2.0,198.0,3.0,2.0,11.0,28.0,0.72,92.0,3.0,4.0,11.0,2.0,29.3055555555556,1.0,1.0,0.45,0.0,0.0,0.630111524163569,0.0,0.0,3.0,0.5470958307552687,0.45290416924473137,1
80,5,2.0,4.0,1.0,321.0,3.0,2.0,25.0,3.0,2.0,11.0,28.0,0.72,0.0,3.0,4.0,11.0,2.0,29.3055555555556,2.0,1.0,0.45,0.0,0.0,1.0,0.0,0.0,3.0,0.9630594523330065,0.036940547666993506,5
80,6,2.0,4.0,1.0,4.0,3.0,2.0,37.0,3.0,2.0,0.0,28.0,0.72,92.0,3.0,4.0,11.0,2.0,29.3055555555556,1.0,1.0,0.45,0.0,0.0,0.630111524163569,0.0,0.0,3.0,0.8416068985427836,0.15839310145721636,2
80,7,2.0,4.0,1.0,4.0,3.0,2.0,37.0,3.0,2.0,0.0,28.0,0.72,92.0,3.0,4.0,11.0,2.0,29.3055555555556,1.0,1.0,0.45,5.0,0.0,0.630111524163569,0.0,0.0,3.0,0.8626534662403313,0.1373465337596686,3
80,8,2.0,4.0,1.0,4.0,3.0,2.0,37.0,3.0,2.0,0.0,28.0,0.72,77.0,3.0,4.0,11.0,2.0,29.3055555555556,1.0,1.0,0.45,5.0,0.0,0.630111524163569,0.0,0.0,3.0,0.8802842797397754,0.11971572026022465,4
80,9,2.0,4.0,1.0,7.0,3.0,2.0,37.0,3.0,2.0,11.0,28.0,0.72,92.0,3.0,4.0,11.0,2.0,29.3055555555556,2.0,1.0,0.45,0.0,0.0,0.630111524163569,0.0,0.0,3.0,0.88495614677377,0.11504385322623001,3
80,10,2.0,4.0,1.0,4.0,3.0,2.0,198.0,3.0,2.0,11.0,28.0,0.72,92.0,3.0,4.0,11.0,2.0,29.3055555555556,1.0,1.0,0.45,0.0,0.0,1.0,0.0,0.0,3.0,0.702708910487809,0.2972910895121909,1
80,11,2.0,4.0,1.0,321.0,3.0,2.0,198.0,3.0,2.0,11.0,28.0,0.72,92.0,3.0,4.0,11.0,2.0,29.3055555555556,1.0,1.0,0.45,0.0,0.0,1.0,0.0,0.0,3.0,0.8234585178747892,0.1765414821252108,2
80,12,2.0,4.0,1.0,321.0,3.0,2.0,198.0,3.0,2.0,11.0,28.0,0.72,92.0,3.0,4.0,11.0,2.0,29.3055555555556,2.0,1.0,0.45,0.0,0.0,1.0,0.0,0.0,3.0,0.9017462330396228,0.09825376696037726,3
80,13,2.0,4.0,1.0,321.0,3.0,2.0,198.0,3.0,2.0,11.0,28.0,0.72,0.0,3.0,4.0,11.0,2.0,29.3055555555556,2.0,1.0,0.45,0.0,0.0,1.0,0.0,0.0,3.0,0.9328240696583673,0.06717593034163274,4
80,14,2.0,4.0,1.0,321.0,3.0,2.0,198.0,3.0,2.0,11.0,205.0,0.72,0.0,3.0,4.0,11.0,2.0,29.3055555555556,2.0,1.0,0.45,0.0,0.0,1.0,0.0,0.0,3.0,0.9359858726977874,0.06401412730221252,5
80,15,2.0,4.0,1.0,4.0,3.0,2.0,37.0,3.0,2.0,0.0,28.0,0.72,92.0,3.0,4.0,11.0,2.0,29.3055555555556,1.0,1.0,0.45,0.0,0.0,0.9,0.0,0.0,3.0,0.8776586550124762,0.12234134498752385,3
80,16,2.0,4.0,1.0,4.0,3.0,2.0,37.0,3.0,2.0,0.0,28.0,0.72,77.0,3.0,4.0,11.0,2.0,29.3055555555556,1.0,1.0,0.45,0.0,0.0,0.9,0.0,0.0,3.0,0.8941988599548375,0.1058011400451625,4
80,17,2.0,4.0,1.0,4.0,3.0,2.0,15.0,3.0,2.0,0.0,28.0,0.72,77.0,3.0,4.0,11.0,2.0,29.3055555555556,1.0,1.0,0.45,0.0,0.0,0.9,0.0,0.0,3.0,0.8954707802212938,0.10452921977870623,4
80,18,2.0,4.0,1.0,4.0,3.0,2.0,15.0,3.0,2.0,0.0,28.0,0.72,77.0,3.0,4.0,11.0,1.0,29.3055555555556,1.0,1.0,0.45,0.0,0.0,0.9,0.0,0.0,3.0,0.9156025041694936,0.08439749583050636,5
80,19,2.0,4.0,1.0,4.0,3.0,2.0,15.0,3.0,2.0,0.0,28.0,0.72,77.0,3.0,4.0,11.0,1.0,29.3055555555556,1.0,1.0,0.45,0.0,0.0,1.0,0.0,0.0,3.0,0.9252814188122478,0.07471858118775221,5
85,0,21.0,32.0,1.0,16.0,1.0,2.0,127.0,1.0,12.0,43.0,82.0,0.28,95.0,1.0,2.0,23.0,3.0,6.39455782312925,0.0,0.0,1.24832214765101,0.0,0.0,1.0,0.0,0.0,8.0,0.5807125141137248,0.41928748588627524,2
85,1,21.0,32.0,1.0,16.0,1.0,2.0,93.111,1.0,12.0,43.0,82.0,0.28,95.0,1.0,2.0,23.0,3.0,6.39455782312925,0.0,0.0,1.24832214765101,0.0,0.0,0.530458590006845,0.0,0.0,1.0,0.5526148695436954,0.4473851304563045,2
85,2,21.0,32.0,1.0,16.0,1.0,2.0,37.0,1.0,12.0,43.0,82.0,0.28,95.0,1.0,2.0,23.0,3.0,6.39455782312925,0.0,25.0,1.24832214765101,0.0,0.0,1.0,0.0,0.0,0.0,0.9366887965187936,0.06331120348120639,4
85,3,21.0,32.0,1.0,16.0,1.0,2.0,37.0,1.0,12.0,43.0,82.0,0.28,95.0,1.0,2.0,23.0,3.0,6.39455782312925,0.0,25.0,1.24832214765101,0.0,0.0,0.9,0.0,0.0,0.0,0.9505382283936961,0.04946177160630397,4
85,4,21.0,32.0,1.0,16.0,1.0,2.0,93.111,1.0,12.0,43.0,25.0,0.28,95.0,1.0,2.0,23.0,3.0,6.39455782312925,0.0,25.0,1.24832214765101,0.0,0.0,0.530458590006845,0.0,0.0,8.0,0.5060825152735561,0.4939174847264439,3
85,5,21.0,32.0,1.0,16.0,1.0,2.0,37.0,1.0,12.0,10.0,82.0,0.28,95.0,1.0,2.0,23.0,3.0,6.39455782312925,0.0,0.0,1.24832214765101,0.0,0.0,1.0,0.0,0.0,8.0,0.7937558006792255,0.2062441993207745,3
85,6,21.0,32.0,1.0,16.0,1.0,2.0,37.0,1.0,12.0,10.0,82.0,29.08,95.0,1.0,2.0,23.0,3.0,6.39455782312925,0.0,0.0,1.24832214765101,0.0,0.0,1.0,0.0,0.0,8.0,0.8464401891396786,0.15355981086032147,4
85,7,21.0,32.0,1.0,16.0,1.0,2.0,25.0,1.0,12.0,10.0,82.0,29.08,95.0,1.0,2.0,23.0,3.0,6.39455782312925,0.0,0.0,1.24832214765101,0.0,0.0,1.0,0.0,0.0,8.0,0.8747675824598566,0.1252324175401433,4
85,8,21.0,32.0,1.0,16.0,1.0,2.0,25.0,1.0,12.0,5.0,82.0,29.08,95.0,1.0,2.0,23.0,3.0,6.39455782312925,0.0,0.0,1.24832214765101,0.0,0.0,1.0,0.0,0.0,8.0,0.8760766728964524,0.12392332710354759,4
85,9,21.0,32.0,1.0,16.0,1.0,2.0,37.0,1.0,12.0,43.0,82.0,0.28,95.0,1.0,2.0,23.0,3.0,6.39455782312925,0.0,0.0,1.24832214765101,0.0,0.0,0.530458590006845,0.0,0.0,0.0,0.6826504175649183,0.3173495824350817,2
85,10,21.0,32.0,1.0,16.0,1.0,2.0,37.0,1.0,12.0,43.0,82.0,0.28,95.0,1.0,2.0,23.0,3.0,6.39455782312925,0.0,0.0,0.0,0.0,0.0,0.530458590006845,0.0,0.0,0.0,0.8540976156178688,0.14590238438213127,3
85,11,21.0,32.0,1.0,16.0,1.0,2.0,37.0,1.0,12.0,43.0,82.0,0.28,95.0,1.0,2.0,23.0,3.0,6.39455782312925,0.0,25.0,0.0,0.0,0.0,0.530458590006845,0.0,0.0,0.0,0.8928206671291299,0.10717933287087006,4
85,12,2.0,32.0,1.0,16.0,1.0,2.0,37.0,1.0,12.0,43.0,82.0,0.28,95.0,1.0,2.0,23.0,3.0,6.39455782312925,0.0,25.0,0.0,0.0,0.0,0.530458590006845,0.0,0.0,0.0,0.9160890496983676,0.08391095030163243,5
85,13,21.0,32.0,1.0,16.0,1.0,2.0,37.0,1.0,12.0,43.0,82.0,0.28,95.0,1.0,2.0,23.0,3.0,6.39455782312925,0.0,0.0,0.0,0.0,0.0,1.0,0.0,0.0,0.0,0.946628601505357,0.053371398494642966,4
85,14,21.0,32.0,1.0,16.0,1.0,2.0,37.0,1.0,12.0,43.0,82.0,0.28,95.0,1.0,2.0,23.0,3.0,6.39455782312925,0.0,0.0,0.0,0.0,0.0,0.9,0.0,0.0,0.0,0.9561164250482979,0.04388357495170219,4
85,15,21.0,32.0,1.0,16.0,1.0,2.0,37.0,1.0,12.0,43.0,82.0,0.28,95.0,1.0,2.0,23.0,3.0,6.39455782312925,0.0,25.0,0.0,0.0,0.0,0.9,0.0,0.0,0.0,0.9734239067133793,0.026576093286620712,5
85,16,21.0,32.0,1.0,16.0,1.0,2.0,596.0,1.0,12.0,43.0,25.0,0.28,95.0,1.0,2.0,23.0,3.0,6.39455782312925,0.0,0.0,1.24832214765101,0.0,0.0,1.0,0.0,0.0,0.0,0.5324161383559906,0.46758386164400945,3
85,17,21.0,32.0,2.0,16.0,1.0,2.0,596.0,1.0,12.0,43.0,7.0,0.28,95.0,1.0,2.0,23.0,3.0,6.39455782312925,0.0,0.0,1.24832214765101,0.0,0.0,1.0,0.0,0.0,0.0,0.6349459427847758,0.3650540572152242,4
85,18,21.0,32.0,1.0,16.0,1.0,2.0,37.0,1.0,12.0,43.0,82.0,0.28,95.0,1.0,2.0,23.0,3.0,6.39455782312925,0.0,25.0,1.24832214765101,0.0,0.0,1.0,0.0,0.0,8.0,0.7932946007965127,0.20670539920348727,3
85,19,21.0,32.0,1.0,16.0,1.0,2.0,25.0,1.0,12.0,43.0,82.0,0.28,95.0,1.0,2.0,23.0,3.0,6.39455782312925,0.0,25.0,1.24832214765101,0.0,0.0,1.0,0.0,0.0,8.0,0.8055778015861799,0.1944221984138202,3
88,0,1.0,0.0,8.0,18.0,2.0,4.0,59.0,1.0,0.0,0.0,2.0,0.52,37.0,1.0,0.0,5.0,1.0,27.6666666666667,0.0,1.0,1.4,0.0,0.0,0.9,0.0,0.0,1.0,0.5792555028093436,0.42074449719065643,1
88,1,1.0,0.0,2.0,18.0,2.0,4.0,59.0,1.0,0.0,0.0,2.0,0.52,37.0,1.0,0.0,5.0,1.0,27.6666666666667,0.0,1.0,1.4,0.0,0.0,0.9,0.0,0.0,1.0,0.7952116306182409,0.20478836938175915,2
88,2,1.0,0.0,2.0,18.0,2.0,4.0,59.0,1.0,0.0,0.0,2.0,0.52,37.0,1.0,0.0,5.0,1.0,8.1,0.0,1.0,1.4,0.0,0.0,0.5,0.0,0.0,1.0,0.5843601649014841,0.4156398350985159,2
88,3,1.0,0.0,2.0,18.0,2.0,4.0,59.0,1.0,0.0,0.0,2.0,0.52,37.0,1.0,0.0,5.0,1.0,0.0,0.0,1.0,5.2,0.0,0.0,0.9,0.0,0.0,1.0,0.9346984780885024,0.06530152191149757,4
88,4,1.0,0.0,8.0,18.0,2.0,4.0,59.0,1.0,0.0,0.0,2.0,0.52,37.0,1.0,0.0,5.0,1.0,27.6666666666667,0.0,25.0,1.4,0.0,0.0,0.5,0.0,0.0,1.0,0.5209293930847332,0.47907060691526687,1
88,5,1.0,0.0,2.0,18.0,2.0,4.0,59.0,1.0,0.0,0.0,2.0,0.52,37.0,1.0,0.0,5.0,1.0,2.3,0.0,25.0,5.2,0.0,0.0,0.9,0.0,0.0,1.0,0.9628539849597284,0.03714601504027164,5
88,6,1.0,0.0,8.0,18.0,2.0,4.0,59.0,1.0,0.0,0.0,2.0,0.52,37.0,1.0,0.0,5.0,1.0,2.3,0.0,25.0,1.4,0.0,0.0,0.5,0.0,0.0,1.0,0.7710560521494356,0.22894394785056443,2
88,7,1.0,0.0,8.0,18.0,2.0,0.0,59.0,1.0,0.0,0.0,2.0,0.52,37.0,1.0,0.0,5.0,1.0,2.3,0.0,25.0,1.4,0.0,0.0,0.5,0.0,0.0,1.0,0.8852932437674683,0.11470675623253168,3
88,8,1.0,0.0,8.0,18.0,2.0,4.0,59.0,1.0,0.0,1.0,2.0,0.52,37.0,1.0,0.0,5.0,1.0,2.3,0.0,1.0,1.4,0.0,0.0,0.5,0.0,0.0,1.0,0.5068213663770991,0.49317863362290093,2
88,9,1.0,0.0,8.0,18.0,2.0,4.0,59.0,1.0,0.0,0.0,2.0,0.52,37.0,1.0,0.0,5.0,1.0,27.6666666666667,0.0,1.0,5.2,0.0,0.0,0.9,0.0,0.0,1.0,0.7298418707470323,0.27015812925296767,2
88,10,1.0,0.0,8.0,18.0,2.0,3.0,59.0,1.0,0.0,0.0,2.0,0.52,37.0,1.0,0.0,5.0,1.0,27.6666666666667,0.0,1.0,5.2,0.0,0.0,0.5,0.0,0.0,1.0,0.5288338475323464,0.4711661524676536,2
88,11,1.0,0.0,8.0,18.0,2.0,0.0,59.0,1.0,0.0,0.0,2.0,0.52,37.0,1.0,0.0,5.0,1.0,27.6666666666667,0.0,1.0,1.4,5.0,0.0,0.5,0.0,0.0,1.0,0.513775379375411,0.48622462062458904,2
88,12,1.0,0.0,8.0,18.0,2.0,0.0,59.0,1.0,0.0,0.0,2.0,0.52,37.0,1.0,0.0,5.0,1.0,27.6666666666667,0.0,1.0,5.2,5.0,0.0,0.9,0.0,0.0,0.0,0.8968101956763018,0.10318980432369822,5
88,13,1.0,0.0,8.0,18.0,2.0,4.0,59.0,1.0,0.0,0.0,2.0,0.52,37.0,1.0,0.0,5.0,1.0,0.0,0.0,1.0,1.4,0.0,0.0,0.9,0.0,0.0,1.0,0.7713866931806233,0.2286133068193768,2
88,14,1.0,0.0,8.0,18.0,2.0,4.0,37.0,1.0,0.0,0.0,2.0,0.52,37.0,1.0,0.0,5.0,1.0,3.9,0.0,1.0,1.4,0.0,0.0,0.5,0.0,0.0,1.0,0.555708047135469,0.44429195286453105,2
88,15,1.0,0.0,8.0,18.0,2.0,4.0,15.0,1.0,0.0,0.0,2.0,29.08,37.0,1.0,0.0,5.0,1.0,0.0,0.0,1.0,1.4,0.0,0.0,0.9,0.0,0.0,1.0,0.9007138954094088,0.09928610459059117,4
88,16,1.0,0.0,8.0,18.0,2.0,0.0,15.0,1.0,0.0,0.0,2.0,29.08,37.0,1.0,0.0,5.0,1.0,0.0,0.0,1.0,1.4,0.0,0.0,0.9,0.0,0.0,1.0,0.9153611303012934,0.08463886969870658,5
88,17,1.0,0.0,8.0,18.0,2.0,0.0,25.0,1.0,0.0,0.0,2.0,29.08,37.0,1.0,0.0,5.0,1.0,0.0,0.0,1.0,1.4,0.0,0.0,0.9,0.0,0.0,1.0,0.9172529833657934,0.08274701663420664,5
88,18,1.0,0.0,1.0,18.0,2.0,4.0,59.0,1.0,0.0,0.0,2.0,0.52,37.0,1.0,0.0,5.0,1.0,27.6666666666667,0.0,1.0,1.4,0.0,0.0,0.5,0.0,0.0,1.0,0.5067817238763836,0.49321827612361635,1
98,0,2.0,0.0,1.0,0.0,0.0,9.0,195.0,1.0,2.0,10.0,12.0,0.83,79.0,1.0,2.0,21.0,2.0,4.5625,1.0,0.0,1.38888888888889,0.0,0.0,0.9,0.0,0.0,3.0,0.7094320539108778,0.2905679460891222,1
98,1,2.0,0.0,1.0,0.0,0.0,9.0,15.0,1.0,2.0,10.0,12.0,0.83,79.0,1.0,2.0,21.0,2.0,4.5625,1.0,0.0,1.38888888888889,0.0,0.0,1.0,0.0,0.0,3.0,0.9247557387118464,0.0752442612881536,2
98,2,2.0,0.0,1.0,0.0,0.0,9.0,93.111,1.0,2.0,10.0,12.0,0.83,79.0,1.0,2.0,21.0,2.0,4.5625,1.0,0.0,1.38888888888889,0.0,0.0,0.318087318087318,0.0,0.0,0.0,0.5361566287194768,0.4638433712805233,2
98,3,2.0,0.0,1.0,0.0,0.0,9.0,37.0,1.0,2.0,5.0,12.0,0.83,79.0,1.0,2.0,21.0,2.0,4.5625,1.0,0.0,1.38888888888889,0.0,0.0,0.318087318087318,0.0,0.0,3.0,0.5426113384390984,0.45738866156090163,2
98,4,2.0,0.0,1.0,2.0,0.0,9.0,15.0,1.0,2.0,1.0,12.0,0.83,79.0,1.0,2.0,21.0,2.0,4.5625,1.0,0.0,1.38888888888889,0.0,0.0,1.0,0.0,0.0,0.0,0.9761596065471211,0.023840393452878895,5
98,5,2.0,0.0,1.0,0.0,0.0,9.0,195.0,1.0,2.0,1.0,12.0,0.83,79.0,1.0,2.0,21.0,2.0,4.5625,1.0,0.0,1.38888888888889,0.0,0.0,1.0,0.0,0.0,3.0,0.8246392703201587,0.17536072967984132,2
98,6,2.0,0.0,1.0,0.0,0.0,9.0,195.0,1.0,2.0,1.0,25.0,0.83,79.0,1.0,2.0,21.0,2.0,4.5625,1.0,0.0,1.38888888888889,0.0,0.0,1.0,0.0,0.0,3.0,0.8592621179934744,0.14073788200652562,3
98,7,2.0,0.0,1.0,321.0,0.0,9.0,195.0,1.0,2.0,5.0,12.0,0.83,79.0,1.0,2.0,21.0,2.0,4.5625,1.0,0.0,1.38888888888889,0.0,0.0,0.318087318087318,0.0,0.0,3.0,0.5488075471394418,0.45119245286055826,2
98,8,2.0,0.0,1.0,321.0,0.0,9.0,195.0,1.0,2.0,10.0,12.0,0.83,85.0,1.0,2.0,21.0,2.0,4.5625,1.0,0.0,1.38888888888889,0.0,0.0,0.318087318087318,0.0,0.0,3.0,0.5138370517642018,0.4861629482357982,2
98,9,2.0,0.0,1.0,0.0,0.0,9.0,195.0,1.0,2.0,10.0,12.0,0.83,79.0,1.0,2.0,21.0,2.0,4.5625,1.0,0.0,1.38888888888889,0.0,0.0,1.0,0.0,0.0,0.0,0.905790473522543,0.09420952647745698,2
98,10,2.0,0.0,1.0,0.0,0.0,9.0,195.0,1.0,2.0,10.0,12.0,0.83,79.0,1.0,2.0,21.0,2.0,4.5625,1.0,0.0,1.38888888888889,5.0,0.0,0.318087318087318,0.0,0.0,2.0,0.5322828025689779,0.46771719743102214,2
98,11,2.0,0.0,1.0,0.0,0.0,9.0,195.0,1.0,2.0,10.0,12.0,0.83,79.0,1.0,2.0,4.0,2.0,4.5625,1.0,0.0,1.38888888888889,0.0,0.0,0.318087318087318,0.0,0.0,0.0,0.5113685131991998,0.4886314868008002,2
98,12,2.0,0.0,1.0,321.0,0.0,9.0,195.0,1.0,2.0,10.0,12.0,0.83,79.0,1.0,2.0,21.0,2.0,4.5625,1.0,0.0,1.38888888888889,0.0,0.0,0.318087318087318,0.0,0.0,2.0,0.6419529788381253,0.35804702116187476,2
98,13,2.0,0.0,1.0,0.0,0.0,9.0,15.0,1.0,2.0,10.0,12.0,0.83,79.0,1.0,2.0,21.0,2.0,4.5625,1.0,0.0,1.38888888888889,0.0,0.0,0.318087318087318,0.0,0.0,0.0,0.717657538583879,0.2823424614161209,2
98,14,2.0,0.0,1.0,0.0,0.0,9.0,15.0,1.0,2.0,10.0,12.0,0.05,79.0,1.0,2.0,21.0,2.0,4.5625,1.0,0.0,1.38888888888889,0.0,0.0,0.318087318087318,0.0,0.0,0.0,0.8330023527144775,0.1669976472855225,3
98,15,5.0,0.0,1.0,0.0,0.0,9.0,15.0,1.0,2.0,10.0,12.0,0.05,79.0,1.0,2.0,21.0,2.0,4.5625,1.0,0.0,1.38888888888889,0.0,0.0,0.318087318087318,0.0,0.0,0.0,0.8414885371519718,0.1585114628480282,4
98,16,2.0,0.0,1.0,0.0,0.0,9.0,52.0,1.0,2.0,10.0,12.0,0.05,79.0,1.0,2.0,21.0,2.0,4.5625,1.0,0.0,1.38888888888889,0.0,0.0,0.318087318087318,0.0,0.0,3.0,0.536692519727496,0.463307480272504,2
98,17,2.0,0.0,1.0,0.0,0.0,0.0,15.0,1.0,2.0,10.0,12.0,0.05,79.0,1.0,2.0,21.0,2.0,4.5625,1.0,0.0,1.38888888888889,0.0,0.0,1.0,0.0,0.0,3.0,0.9584488000320961,0.0415511999679039,4
98,18,2.0,0.0,1.0,0.0,0.0,9.0,195.0,1.0,2.0,10.0,12.0,0.83,79.0,1.0,2.0,21.0,6.0,4.5625,1.0,0.0,1.38888888888889,0.0,0.0,1.0,0.0,0.0,3.0,0.8215783237197898,0.17842167628021025,2
98,19,2.0,0.0,1.0,0.0,0.0,9.0,195.0,1.0,2.0,10.0,12.0,0.83,79.0,1.0,2.0,21.0,6.0,4.5625,1.0,0.0,1.38888888888889,5.0,0.0,1.0,0.0,0.0,3.0,0.872215194795799,0.12778480520420105,3
120,0,40.0,7.0,1.0,1.0,0.0,2.0,93.111,1.0,32.0,34.0,53.0,0.34,96.0,2.0,1.0,40.0,1.0,5.20454545454545,0.0,0.0,0.477611940298507,0.0,14.0,1.0,1.0,0.0,10.0,0.5038164615927458,0.4961835384072541,2
120,1,40.0,7.0,1.0,1.0,0.0,2.0,52.0,1.0,32.0,34.0,53.0,0.34,96.0,2.0,1.0,40.0,1.0,5.20454545454545,0.0,0.0,0.477611940298507,0.0,14.0,0.669376693766938,1.0,0.0,0.0,0.511190716278864,0.48880928372113597,2
120,2,0.0,7.0,1.0,1.0,0.0,2.0,15.0,1.0,32.0,34.0,53.0,0.34,96.0,2.0,1.0,40.0,1.0,5.20454545454545,0.0,0.0,0.477611940298507,0.0,14.0,1.0,1.0,0.0,0.0,0.91772713597489,0.08227286402511007,4
120,3,5.0,7.0,1.0,1.0,0.0,2.0,93.111,1.0,32.0,34.0,53.0,0.34,96.0,2.0,1.0,40.0,1.0,5.20454545454545,0.0,0.0,0.477611940298507,0.0,14.0,0.669376693766938,1.0,0.0,1.0,0.5386638655065978,0.4613361344934022,3
120,4,5.0,7.0,1.0,1.0,0.0,2.0,425.0,1.0,32.0,34.0,53.0,0.34,96.0,2.0,1.0,40.0,1.0,5.20454545454545,0.0,0.0,0.477611940298507,0.0,14.0,1.0,1.0,0.0,1.0,0.5378009223436302,0.4621990776563698,3
120,5,5.0,7.0,1.0,1.0,0.0,2.0,425.0,1.0,32.0,34.0,5.0,0.34,96.0,2.0,1.0,40.0,1.0,5.20454545454545,0.0,0.0,0.477611940298507,0.0,14.0,0.669376693766938,1.0,0.0,1.0,0.595123923159611,0.40487607684038895,3
120,6,0.0,7.0,1.0,1.0,0.0,2.0,425.0,1.0,32.0,34.0,3.0,0.34,96.0,2.0,1.0,6.0,1.0,5.20454545454545,0.0,0.0,0.477611940298507,0.0,14.0,1.0,1.0,0.0,0.0,0.8604371305559823,0.13956286944401775,5
120,7,40.0,7.0,1.0,1.0,0.0,2.0,425.0,1.0,32.0,34.0,5.0,0.34,96.0,2.0,1.0,40.0,1.0,5.20454545454545,0.0,0.0,0.477611940298507,0.0,14.0,0.669376693766938,1.0,0.0,1.0,0.5184694866130357,0.48153051338696423,2
120,8,0.0,7.0,1.0,1.0,0.0,2.0,425.0,1.0,32.0,34.0,3.0,0.34,96.0,2.0,1.0,6.0,1.0,5.20454545454545,0.0,0.0,0.477611940298507,0.0,14.0,0.9,1.0,0.0,1.0,0.8854202455309592,0.11457975446904081,5
120,9,40.0,7.0,1.0,1.0,0.0,2.0,15.0,1.0,32.0,0.0,53.0,0.34,96.0,2.0,1.0,40.0,1.0,5.20454545454545,0.0,0.0,0.477611940298507,0.0,14.0,1.0,1.0,0.0,10.0,0.6689939437485694,0.33100605625143065,3
120,10,40.0,7.0,1.0,1.0,0.0,2.0,15.0,1.0,32.0,0.0,53.0,29.08,96.0,2.0,1.0,40.0,1.0,5.20454545454545,0.0,0.0,0.477611940298507,0.0,14.0,1.0,1.0,0.0,10.0,0.7808985475093877,0.21910145249061233,4
120,11,40.0,7.0,1.0,1.0,0.0,2.0,15.0,1.0,32.0,1.0,53.0,29.08,96.0,2.0,1.0,40.0,1.0,5.20454545454545,0.0,0.0,0.477611940298507,0.0,14.0,1.0,1.0,0.0,10.0,0.7999628187073327,0.20003718129266732,4
120,12,40.0,7.0,1.0,1.0,0.0,2.0,15.0,1.0,32.0,1.0,53.0,29.08,96.0,2.0,1.0,40.0,6.0,5.20454545454545,0.0,0.0,0.477611940298507,0.0,14.0,1.0,1.0,0.0,10.0,0.812904350942864,0.18709564905713605,5
120,13,40.0,7.0,1.0,1.0,0.0,2.0,25.0,1.0,32.0,1.0,53.0,29.08,96.0,2.0,1.0,40.0,6.0,5.20454545454545,0.0,0.0,0.477611940298507,0.0,14.0,1.0,1.0,0.0,10.0,0.8207469226375667,0.17925307736243337,5
120,14,0.0,7.0,1.0,1.0,0.0,2.0,15.0,1.0,32.0,34.0,53.0,0.34,96.0,2.0,1.0,40.0,0.0,5.20454545454545,0.0,0.0,0.477611940298507,0.0,14.0,1.0,1.0,0.0,1.0,0.9265049856854282,0.07349501431457181,5
120,15,40.0,7.0,1.0,1.0,0.0,2.0,37.0,1.0,32.0,34.0,53.0,0.34,96.0,2.0,1.0,40.0,1.0,5.20454545454545,0.0,0.0,0.477611940298507,0.0,14.0,0.669376693766938,1.0,0.0,0.0,0.5487987573314776,0.45120124266852235,2
120,16,40.0,7.0,1.0,1.0,0.0,2.0,37.0,1.0,32.0,34.0,3.0,0.34,96.0,2.0,1.0,40.0,1.0,5.20454545454545,0.0,0.0,0.477611940298507,0.0,14.0,0.669376693766938,1.0,0.0,0.0,0.7011990797675024,0.2988009202324976,3
120,17,40.0,7.0,1.0,1.0,0.0,2.0,52.0,1.0,32.0,10.0,9.0,0.34,96.0,2.0,1.0,40.0,1.0,5.20454545454545,0.0,0.0,0.477611940298507,0.0,14.0,0.669376693766938,1.0,0.0,10.0,0.501181140185953,0.4988188598140471,3
120,18,40.0,7.0,1.0,1.0,0.0,2.0,37.0,1.0,32.0,0.0,3.0,0.34,96.0,2.0,1.0,40.0,1.0,5.20454545454545,0.0,0.0,0.477611940298507,0.0,14.0,0.669376693766938,1.0,0.0,1.0,0.8041832515615526,0.1958167484384474,4
120,19,40.0,7.0,1.0,1.0,1.0,2.0,37.0,1.0,32.0,0.0,3.0,0.34,96.0,2.0,1.0,40.0,1.0,5.20454545454545,0.0,0.0,0.477611940298507,0.0,14.0,0.669376693766938,1.0,0.0,1.0,0.8085382384263289,0.19146176157367106,5
124,0,30.0,13.0,1.0,0.0,0.0,4.0,15.0,1.0,9.0,13.0,5.0,0.54,93.0,2.0,1.0,23.0,1.0,5.17543859649123,1.0,1.0,1.11864406779661,0.0,0.0,0.630637079455977,0.0,0.0,7.0,0.5540931037896217,0.4459068962103782,1
124,1,30.0,13.0,1.0,0.0,0.0,4.0,15.0,1.0,9.0,13.0,5.0,0.54,93.0,2.0,1.0,23.0,1.0,5.17543859649123,1.0,1.0,1.11864406779661,0.0,0.0,0.630637079455977,0.0,0.0,0.0,0.8317800521269348,0.16821994787306516,2
124,2,30.0,13.0,1.0,0.0,0.0,4.0,15.0,1.0,9.0,13.0,5.0,0.54,93.0,2.0,1.0,23.0,1.0,5.17543859649123,1.0,1.0,1.11864406779661,0.0,0.0,1.0,0.0,0.0,0.0,0.9614188166380345,0.038581183361965525,3
124,3,30.0,13.0,1.0,0.0,0.0,4.0,15.0,1.0,9.0,13.0,5.0,0.54,93.0,2.0,1.0,23.0,1.0,5.17543859649123,1.0,1.0,5.2,0.0,0.0,1.0,0.0,0.0,0.0,0.9800551639335495,0.019944836066450505,4
124,4,5.0,13.0,1.0,0.0,0.0,4.0,15.0,1.0,9.0,13.0,5.0,0.54,93.0,2.0,1.0,23.0,1.0,5.17543859649123,1.0,1.0,5.2,0.0,0.0,1.0,0.0,0.0,0.0,0.9838276159714151,0.016172384028584858,5
124,5,30.0,13.0,1.0,0.0,0.0,4.0,15.0,1.0,9.0,13.0,5.0,0.54,93.0,2.0,1.0,23.0,1.0,337.0,1.0,1.0,1.11864406779661,0.0,0.0,1.0,0.0,0.0,0.0,0.9755061059339243,0.024493894066075727,4
124,6,30.0,13.0,1.0,0.0,0.0,4.0,15.0,1.0,9.0,13.0,5.0,0.54,93.0,4.0,1.0,23.0,1.0,337.0,1.0,1.0,1.11864406779661,0.0,0.0,1.0,0.0,0.0,0.0,0.9785640398188425,0.021435960181157412,5
124,7,0.0,13.0,1.0,0.0,0.0,4.0,15.0,1.0,9.0,13.0,5.0,0.54,93.0,2.0,1.0,23.0,1.0,5.17543859649123,1.0,1.0,1.11864406779661,0.0,0.0,1.0,0.0,0.0,0.0,0.9729394973722122,0.027060502627787756,4
124,8,30.0,13.0,1.0,0.0,0.0,0.0,15.0,1.0,9.0,13.0,5.0,0.54,93.0,2.0,1.0,23.0,1.0,337.0,1.0,1.0,1.11864406779661,0.0,0.0,1.0,0.0,0.0,0.0,0.9803127787007464,0.019687221299253602,5
124,9,30.0,13.0,0.0,0.0,0.0,4.0,15.0,1.0,9.0,13.0,5.0,0.54,93.0,2.0,1.0,23.0,1.0,337.0,1.0,1.0,1.11864406779661,0.0,0.0,1.0,0.0,0.0,0.0,0.9761298273438224,0.02387017265617761,5
124,10,30.0,13.0,1.0,0.0,0.0,4.0,15.0,1.0,9.0,13.0,5.0,0.54,93.0,2.0,1.0,23.0,1.0,5.17543859649123,1.0,1.0,1.11864406779661,0.0,0.0,1.0,0.0,0.0,7.0,0.8137563406870936,0.1862436593129064,2
124,11,0.0,13.0,1.0,0.0,0.0,4.0,15.0,1.0,9.0,13.0,5.0,0.54,93.0,2.0,1.0,23.0,1.0,5.17543859649123,1.0,1.0,1.11864406779661,0.0,0.0,1.0,0.0,0.0,7.0,0.8719625482154919,0.1280374517845081,3
124,12,30.0,13.0,1.0,0.0,0.0,4.0,428.0,1.0,9.0,13.0,5.0,0.54,93.0,2.0,1.0,23.0,1.0,5.17543859649123,1.0,1.0,1.11864406779661,0.0,0.0,1.0,0.0,0.0,4.0,0.6115025415684245,0.3884974584315755,2
124,13,30.0,13.0,1.0,0.0,0.0,4.0,428.0,1.0,9.0,13.0,5.0,0.05,93.0,2.0,1.0,23.0,1.0,5.17543859649123,1.0,1.0,1.11864406779661,0.0,0.0,0.630637079455977,0.0,0.0,0.0,0.5077179129573275,0.4922820870426725,2
124,14,2.0,13.0,1.0,0.0,0.0,4.0,428.0,1.0,9.0,13.0,5.0,0.54,93.0,2.0,1.0,23.0,1.0,5.17543859649123,1.0,1.0,1.11864406779661,0.0,0.0,0.630637079455977,0.0,0.0,0.0,0.50042714571202,0.49957285428798004,2
124,15,30.0,13.0,1.0,0.0,0.0,4.0,15.0,1.0,9.0,13.0,5.0,0.54,93.0,2.0,1.0,23.0,1.0,5.17543859649123,1.0,1.0,5.2,0.0,0.0,1.0,0.0,0.0,7.0,0.8917724721031917,0.10822752789680837,3
124,16,30.0,13.0,1.0,0.0,0.0,4.0,15.0,1.0,9.0,13.0,5.0,0.54,93.0,2.0,1.0,23.0,1.0,3.9,1.0,1.0,5.2,0.0,0.0,1.0,0.0,0.0,7.0,0.9263950340717003,0.07360496592829967,4
124,17,30.0,13.0,1.0,2.0,0.0,4.0,15.0,1.0,9.0,13.0,5.0,0.54,93.0,2.0,1.0,23.0,1.0,3.9,1.0,1.0,5.2,0.0,0.0,1.0,0.0,0.0,7.0,0.929514565729116,0.07048543427088402,5
124,18,30.0,13.0,1.0,0.0,0.0,4.0,15.0,1.0,9.0,13.0,5.0,0.54,93.0,2.0,1.0,23.0,1.0,5.17543859649123,1.0,1.0,1.11864406779661,5.0,0.0,1.0,0.0,0.0,0.0,0.9717662791589001,0.028233720841099912,4
124,19,30.0,13.0,1.0,0.0,0.0,4.0,15.0,1.0,9.0,13.0,5.0,0.54,93.0,2.0,1.0,23.0,1.0,337.0,1.0,1.0,1.11864406779661,0.0,0.0,0.630637079455977,0.0,0.0,0.0,0.8972411876908334,0.10275881230916657,3
139,0,31.0,14.0,1.0,0.0,0.0,3.0,597.0,1.0,28.0,0.0,9.0,0.38,0.0,4.0,1.0,30.0,2.0,5.69512195121951,1.0,1.0,1.01190476190476,0.0,0.0,0.897834082550061,0.0,0.0,2.0,0.5186692826214656,0.4813307173785344,1
139,1,31.0,14.0,1.0,0.0,0.0,3.0,127.0,1.0,28.0,0.0,9.0,0.38,0.0,4.0,1.0,30.0,2.0,5.69512195121951,1.0,1.0,1.01190476190476,0.0,0.0,0.897834082550061,0.0,0.0,8.0,0.5169431121362541,0.4830568878637459,1
139,2,31.0,14.0,1.0,0.0,0.0,3.0,15.0,1.0,28.0,0.0,9.0,0.38,0.0,4.0,1.0,30.0,2.0,337.0,1.0,1.0,1.01190476190476,0.0,0.0,0.897834082550061,0.0,0.0,0.0,0.9644388023452828,0.03556119765471716,3
139,3,0.0,14.0,1.0,0.0,0.0,3.0,15.0,1.0,28.0,0.0,9.0,0.38,0.0,4.0,1.0,30.0,2.0,337.0,1.0,1.0,1.01190476190476,0.0,0.0,0.897834082550061,0.0,0.0,0.0,0.9749483782419355,0.025051621758064517,4
139,4,0.0,2.0,1.0,0.0,0.0,3.0,15.0,1.0,28.0,0.0,9.0,0.38,0.0,4.0,1.0,30.0,2.0,337.0,1.0,1.0,1.01190476190476,0.0,0.0,0.897834082550061,0.0,0.0,0.0,0.9800969585273759,0.019903041472624165,5
139,5,0.0,14.0,1.0,0.0,0.0,3.0,15.0,1.0,28.0,0.0,9.0,0.38,0.0,4.0,1.0,30.0,2.0,5.69512195121951,1.0,1.0,1.01190476190476,0.0,0.0,0.897834082550061,0.0,0.0,0.0,0.961618118645775,0.03838188135422507,3
139,6,0.0,14.0,2.0,0.0,0.0,3.0,15.0,1.0,28.0,0.0,9.0,0.38,0.0,4.0,1.0,30.0,2.0,5.69512195121951,1.0,1.0,1.01190476190476,0.0,0.0,0.897834082550061,0.0,0.0,0.0,0.9679945117836732,0.0320054882163268,4
139,7,31.0,14.0,1.0,0.0,0.0,3.0,15.0,1.0,28.0,0.0,9.0,0.38,0.0,4.0,1.0,30.0,2.0,5.69512195121951,1.0,1.0,1.01190476190476,0.0,0.0,1.0,0.0,0.0,0.0,0.958329952019367,0.04167004798063296,3
139,8,31.0,14.0,1.0,0.0,0.0,3.0,15.0,1.0,28.0,0.0,9.0,0.38,0.0,4.0,1.0,30.0,2.0,5.69512195121951,1.0,1.0,0.0,0.0,0.0,1.0,0.0,0.0,0.0,0.9697379609877981,0.030262039012201935,4
139,9,31.0,0.0,1.0,0.0,0.0,3.0,15.0,1.0,28.0,0.0,9.0,0.38,0.0,4.0,1.0,30.0,2.0,5.69512195121951,1.0,1.0,0.0,0.0,0.0,1.0,0.0,0.0,0.0,0.9738742713443742,0.02612572865562578,5
139,10,0.0,2.0,1.0,0.0,0.0,3.0,15.0,1.0,28.0,0.0,9.0,0.38,0.0,4.0,1.0,30.0,2.0,5.69512195121951,1.0,1.0,1.01190476190476,0.0,0.0,0.897834082550061,0.0,0.0,0.0,0.9694203892793877,0.030579610720612337,4
139,11,0.0,2.0,1.0,0.0,0.0,3.0,15.0,1.0,28.0,0.0,9.0,0.38,0.0,4.0,1.0,30.0,2.0,5.69512195121951,2.0,1.0,1.01190476190476,0.0,0.0,0.897834082550061,0.0,0.0,0.0,0.9752377206958126,0.024762279304187416,5
139,12,0.0,2.0,1.0,0.0,0.0,3.0,25.0,1.0,28.0,0.0,9.0,0.38,0.0,4.0,1.0,30.0,2.0,5.69512195121951,2.0,1.0,1.01190476190476,0.0,0.0,0.897834082550061,0.0,0.0,0.0,0.9791862857377599,0.02081371426224009,5
139,13,0.0,14.0,1.0,0.0,0.0,3.0,15.0,1.0,28.0,0.0,9.0,0.38,0.0,4.0,1.0,0.0,2.0,5.69512195121951,1.0,1.0,1.01190476190476,0.0,0.0,0.897834082550061,0.0,0.0,0.0,0.967670216235814,0.032329783764186035,4
139,14,0.0,14.0,1.0,0.0,0.0,3.0,15.0,1.0,28.0,0.0,9.0,0.38,0.0,4.0,1.0,0.0,2.0,5.69512195121951,1.0,25.0,1.01190476190476,0.0,0.0,0.897834082550061,0.0,0.0,0.0,0.9681679312318336,0.03183206876816639,5
139,15,0.0,14.0,1.0,0.0,0.0,3.0,15.0,1.0,28.0,0.0,3.0,0.38,0.0,4.0,1.0,30.0,2.0,5.69512195121951,1.0,1.0,1.01190476190476,0.0,0.0,0.897834082550061,0.0,0.0,0.0,0.9690795796265164,0.030920420373483692,4
139,16,0.0,14.0,0.0,0.0,0.0,3.0,15.0,1.0,28.0,0.0,3.0,0.38,0.0,4.0,1.0,30.0,2.0,5.69512195121951,1.0,1.0,1.01190476190476,0.0,0.0,0.897834082550061,0.0,0.0,0.0,0.9695735668866792,0.030426433113320828,5
139,17,0.0,14.0,1.0,0.0,0.0,3.0,597.0,1.0,28.0,0.0,9.0,0.38,0.0,4.0,1.0,30.0,2.0,5.69512195121951,1.0,1.0,1.01190476190476,0.0,0.0,0.897834082550061,0.0,0.0,0.0,0.8438438245397379,0.15615617546026206,2
139,18,0.0,14.0,1.0,0.0,0.0,3.0,597.0,1.0,28.0,0.0,9.0,0.38,0.0,4.0,1.0,30.0,2.0,5.69512195121951,0.0,1.0,1.01190476190476,0.0,0.0,0.897834082550061,0.0,0.0,0.0,0.9051284560812344,0.09487154391876566,3
139,19,0.0,14.0,1.0,0.0,0.0,3.0,597.0,1.0,28.0,0.0,9.0,0.38,0.0,4.0,1.0,30.0,2.0,337.0,0.0,1.0,1.01190476190476,0.0,0.0,0.897834082550061,0.0,0.0,0.0,0.9293302108399134,0.07066978916008657,4
140,0,25.0,12.0,1.0,0.0,0.0,4.0,127.0,1.0,5.0,3.0,10.0,0.43,94.0,4.0,1.0,33.0,2.0,7.38461538461539,1.0,1.0,1.27777777777778,0.0,0.0,1.0,0.0,0.0,8.0,0.5410820288872187,0.4589179711127813,2
140,1,25.0,12.0,1.0,0.0,0.0,4.0,25.0,1.0,5.0,3.0,10.0,0.43,94.0,4.0,1.0,33.0,2.0,7.38461538461539,1.0,1.0,1.27777777777778,0.0,0.0,0.470005503577325,0.0,0.0,1.0,0.5392869760351364,0.4607130239648635,2
140,2,25.0,12.0,1.0,0.0,0.0,4.0,15.0,1.0,5.0,3.0,10.0,0.43,94.0,4.0,1.0,33.0,2.0,7.38461538461539,1.0,1.0,0.0,0.0,0.0,1.0,0.0,0.0,0.0,0.9565398609851037,0.04346013901489629,4
140,3,0.0,12.0,1.0,0.0,0.0,4.0,15.0,1.0,5.0,3.0,10.0,0.43,94.0,4.0,1.0,33.0,2.0,7.38461538461539,1.0,1.0,0.0,0.0,0.0,1.0,0.0,0.0,0.0,0.9632966833036752,0.036703316696324755,5
140,4,25.0,12.0,1.0,0.0,0.0,4.0,15.0,1.0,5.0,3.0,10.0,0.43,94.0,4.0,1.0,33.0,2.0,7.38461538461539,1.0,25.0,1.27777777777778,0.0,0.0,1.0,0.0,0.0,8.0,0.8316514267306996,0.16834857326930047,3
140,5,25.0,12.0,1.0,0.0,0.0,4.0,37.0,1.0,5.0,3.0,10.0,0.43,94.0,4.0,1.0,33.0,2.0,7.38461538461539,1.0,1.0,0.0,0.0,0.0,0.470005503577325,0.0,0.0,8.0,0.5101896567818389,0.48981034321816114,2
140,6,25.0,12.0,1.0,0.0,0.0,4.0,15.0,1.0,5.0,3.0,10.0,0.43,94.0,4.0,1.0,33.0,2.0,7.38461538461539,1.0,1.0,0.0,0.0,0.0,0.470005503577325,0.0,0.0,8.0,0.5942114688839351,0.4057885311160649,2
140,7,25.0,12.0,1.0,0.0,0.0,4.0,15.0,1.0,5.0,3.0,10.0,0.43,94.0,4.0,1.0,33.0,2.0,7.38461538461539,1.0,1.0,0.0,0.0,0.0,0.470005503577325,0.0,0.0,1.0,0.8536991915590344,0.14630080844096555,3
140,8,25.0,12.0,1.0,0.0,0.0,4.0,15.0,1.0,5.0,3.0,10.0,29.08,94.0,4.0,1.0,33.0,2.0,7.38461538461539,1.0,1.0,0.0,0.0,0.0,0.470005503577325,0.0,0.0,1.0,0.9174705301610251,0.08252946983897495,4
140,9,25.0,12.0,1.0,0.0,0.0,4.0,15.0,1.0,5.0,3.0,10.0,29.08,94.0,7.0,1.0,33.0,2.0,7.38461538461539,1.0,1.0,0.0,0.0,0.0,0.470005503577325,0.0,0.0,1.0,0.9212763071350417,0.07872369286495828,5
140,10,25.0,12.0,1.0,0.0,0.0,4.0,25.0,1.0,5.0,3.0,10.0,29.08,94.0,7.0,1.0,33.0,2.0,7.38461538461539,1.0,1.0,0.0,0.0,0.0,0.470005503577325,0.0,0.0,1.0,0.924465485292509,0.07553451470749092,5
140,11,25.0,12.0,1.0,0.0,0.0,4.0,15.0,1.0,5.0,3.0,10.0,0.43,94.0,4.0,1.0,33.0,2.0,7.38461538461539,2.0,1.0,0.0,0.0,0.0,1.0,0.0,0.0,0.0,0.9637603857092865,0.03623961429071354,5
140,12,25.0,12.0,1.0,0.0,0.0,4.0,25.0,1.0,5.0,3.0,10.0,0.43,94.0,4.0,1.0,33.0,2.0,7.38461538461539,2.0,1.0,0.0,0.0,0.0,1.0,0.0,0.0,0.0,0.969481842234538,0.030518157765462,5
140,13,25.0,12.0,1.0,0.0,0.0,4.0,15.0,1.0,5.0,3.0,10.0,0.43,94.0,4.0,1.0,33.0,2.0,7.38461538461539,2.0,1.0,1.27777777777778,0.0,0.0,1.0,0.0,0.0,0.0,0.9495376634861865,0.05046233651381348,4
140,14,25.0,12.0,1.0,0.0,0.0,4.0,15.0,1.0,5.0,3.0,10.0,0.43,94.0,0.0,1.0,33.0,2.0,7.38461538461539,2.0,1.0,1.27777777777778,0.0,0.0,1.0,0.0,0.0,0.0,0.9639989385164034,0.03600106148359655,5
140,15,25.0,12.0,1.0,0.0,0.0,4.0,25.0,1.0,5.0,3.0,10.0,0.43,94.0,0.0,1.0,33.0,2.0,7.38461538461539,2.0,1.0,1.27777777777778,0.0,0.0,1.0,0.0,0.0,0.0,0.9696839173871755,0.03031608261282449,5
140,16,25.0,12.0,1.0,0.0,0.0,4.0,15.0,1.0,5.0,3.0,10.0,0.43,94.0,4.0,1.0,33.0,2.0,337.0,1.0,1.0,0.0,0.0,0.0,0.470005503577325,0.0,0.0,8.0,0.6837529892813841,0.316247010718616,3
140,17,0.0,12.0,1.0,0.0,0.0,4.0,25.0,1.0,5.0,3.0,10.0,0.43,94.0,4.0,1.0,33.0,2.0,337.0,1.0,1.0,1.27777777777778,0.0,0.0,0.470005503577325,0.0,0.0,8.0,0.5417970975048594,0.4582029024951407,3
140,18,0.0,12.0,1.0,7.0,0.0,4.0,15.0,1.0,5.0,3.0,10.0,0.43,94.0,4.0,1.0,33.0,2.0,337.0,1.0,1.0,0.0,0.0,0.0,0.470005503577325,0.0,0.0,8.0,0.7730543653297035,0.22694563467029652,5
140,19,5.0,12.0,1.0,0.0,0.0,4.0,15.0,1.0,5.0,3.0,10.0,0.43,94.0,4.0,1.0,33.0,2.0,7.38461538461539,1.0,1.0,0.0,0.0,0.0,0.470005503577325,0.0,0.0,1.0,0.8742661750787589,0.1257338249212411,4
145,0,6.0,0.0,2.0,22.0,1.0,10.0,281.0,1.0,3.0,15.0,14.0,0.41,91.0,1.0,0.0,17.0,2.0,10.4782608695652,2.0,1.0,1.84,0.0,27.0,1.0,1.0,0.0,4.0,0.5136977425856436,0.4863022574143564,1
145,1,6.0,0.0,2.0,22.0,1.0,10.0,15.0,1.0,3.0,15.0,14.0,0.41,91.0,1.0,0.0,17.0,2.0,10.4782608695652,2.0,1.0,1.84,0.0,27.0,1.0,1.0,0.0,4.0,0.7983739975757282,0.20162600242427176,2
145,2,6.0,0.0,2.0,22.0,1.0,10.0,15.0,1.0,3.0,15.0,14.0,0.41,91.0,1.0,0.0,17.0,2.0,6.0,2.0,1.0,1.84,0.0,27.0,0.720081135902637,1.0,0.0,4.0,0.5168868953773122,0.4831131046226877,2
145,3,6.0,0.0,2.0,7.0,1.0,10.0,15.0,1.0,3.0,15.0,14.0,0.41,91.0,1.0,0.0,17.0,2.0,10.4782608695652,2.0,1.0,1.84,0.0,27.0,0.720081135902637,1.0,0.0,4.0,0.5221352895282366,0.4778647104717634,2
145,4,6.0,0.0,2.0,321.0,1.0,10.0,15.0,1.0,3.0,15.0,14.0,0.41,91.0,1.0,0.0,17.0,2.0,3.9,2.0,25.0,1.84,0.0,27.0,1.0,1.0,0.0,4.0,0.9049204203844835,0.09507957961551652,5
145,5,6.0,0.0,2.0,22.0,1.0,10.0,37.0,1.0,3.0,15.0,14.0,0.41,91.0,1.0,0.0,17.0,2.0,10.4782608695652,2.0,25.0,1.84,0.0,27.0,0.720081135902637,1.0,0.0,4.0,0.5198144423092105,0.4801855576907895,2
145,6,6.0,0.0,2.0,22.0,1.0,10.0,15.0,1.0,3.0,15.0,14.0,0.41,91.0,1.0,0.0,17.0,2.0,3.9,2.0,1.0,1.84,0.0,0.0,1.0,1.0,0.0,4.0,0.9045452589786047,0.0954547410213953,4
145,7,6.0,0.0,2.0,22.0,0.0,10.0,15.0,1.0,3.0,15.0,14.0,0.41,91.0,1.0,0.0,17.0,2.0,3.9,2.0,1.0,1.84,0.0,0.0,1.0,1.0,0.0,4.0,0.9163341801123109,0.08366581988768902,5
145,8,6.0,0.0,2.0,22.0,0.0,10.0,15.0,1.0,3.0,15.0,14.0,0.41,91.0,1.0,0.0,17.0,2.0,3.9,2.0,1.0,1.84,0.0,2.0,1.0,1.0,0.0,4.0,0.9205400109902167,0.0794599890097834,5
145,9,6.0,0.0,2.0,22.0,1.0,10.0,281.0,1.0,3.0,15.0,14.0,0.41,91.0,1.0,0.0,17.0,2.0,0.0,2.0,1.0,1.84,0.0,27.0,1.0,1.0,0.0,4.0,0.7508509269976922,0.24914907300230787,2
145,10,6.0,0.0,2.0,22.0,1.0,10.0,281.0,1.0,3.0,15.0,14.0,0.41,91.0,1.0,0.0,17.0,2.0,0.0,2.0,1.0,1.84,5.0,27.0,1.0,1.0,0.0,4.0,0.8280317716459814,0.17196822835401862,3
145,11,6.0,0.0,2.0,22.0,1.0,10.0,281.0,1.0,3.0,15.0,14.0,0.41,91.0,1.0,0.0,17.0,2.0,0.0,2.0,25.0,1.84,5.0,27.0,1.0,1.0,0.0,4.0,0.8728474017971131,0.127152598202887,4
145,12,6.0,0.0,2.0,22.0,1.0,10.0,281.0,1.0,3.0,15.0,14.0,0.41,91.0,1.0,0.0,17.0,2.0,0.0,0.0,25.0,1.84,5.0,27.0,1.0,1.0,0.0,4.0,0.8961037247668038,0.10389627523319624,5
145,13,6.0,0.0,2.0,22.0,1.0,0.0,15.0,1.0,3.0,15.0,14.0,0.41,91.0,1.0,0.0,17.0,2.0,3.9,2.0,1.0,1.84,0.0,27.0,1.0,1.0,0.0,4.0,0.9089245423042592,0.09107545769574073,4
145,14,6.0,0.0,2.0,321.0,1.0,0.0,15.0,1.0,3.0,15.0,14.0,0.41,91.0,1.0,0.0,17.0,2.0,3.9,2.0,1.0,1.84,0.0,27.0,1.0,1.0,0.0,4.0,0.9299250775215948,0.07007492247840523,5
145,15,6.0,0.0,2.0,22.0,1.0,10.0,15.0,1.0,3.0,15.0,14.0,0.41,91.0,1.0,0.0,17.0,2.0,10.4782608695652,2.0,25.0,1.84,0.0,27.0,0.720081135902637,1.0,0.0,4.0,0.6022614837043448,0.39773851629565515,2
145,16,6.0,0.0,2.0,22.0,1.0,10.0,15.0,1.0,3.0,15.0,3.0,0.41,91.0,1.0,0.0,17.0,2.0,10.4782608695652,2.0,25.0,1.84,0.0,27.0,0.720081135902637,1.0,0.0,4.0,0.6438326384525692,0.3561673615474308,3
145,17,6.0,0.0,2.0,22.0,1.0,10.0,15.0,1.0,3.0,15.0,14.0,0.41,91.0,1.0,0.0,13.0,2.0,10.4782608695652,2.0,1.0,1.84,0.0,27.0,0.720081135902637,1.0,0.0,4.0,0.5117437033237723,0.4882562966762277,2
145,18,6.0,0.0,2.0,22.0,1.0,10.0,15.0,1.0,3.0,15.0,3.0,0.41,91.0,1.0,0.0,128.0,2.0,10.4782608695652,0.0,25.0,1.84,0.0,27.0,0.720081135902637,1.0,0.0,4.0,0.7110866971698832,0.28891330283011685,5
145,19,6.0,0.0,2.0,22.0,1.0,10.0,15.0,1.0,3.0,10.0,14.0,0.41,91.0,1.0,0.0,17.0,2.0,3.9,2.0,1.0,1.84,0.0,27.0,1.0,1.0,0.0,4.0,0.8713161203756872,0.12868387962431282,4
148,0,14.0,46.0,1.0,1.0,1.0,1.0,368.0,1.0,25.0,12.0,2.0,29.08,85.0,1.0,1.0,21.0,1.0,7.73563218390805,1.0,1.0,0.775280898876405,0.0,60.0,0.605780346820809,1.0,0.0,4.0,0.5168531640581391,0.483146835941861,2
148,1,14.0,46.0,1.0,1.0,1.0,1.0,368.0,1.0,25.0,12.0,2.0,29.08,85.0,1.0,1.0,21.0,1.0,7.73563218390805,1.0,1.0,5.2,0.0,60.0,0.605780346820809,1.0,0.0,1.0,0.8564643561203695,0.14353564387963047,3
148,2,14.0,46.0,1.0,1.0,1.0,1.0,37.0,1.0,25.0,12.0,2.0,29.08,85.0,1.0,1.0,21.0,1.0,7.73563218390805,1.0,1.0,0.0,0.0,60.0,0.605780346820809,1.0,0.0,5.0,0.5352551266842109,0.46474487331578906,3
148,3,14.0,46.0,1.0,1.0,1.0,1.0,37.0,1.0,25.0,12.0,2.0,29.08,85.0,1.0,1.0,21.0,1.0,7.73563218390805,1.0,1.0,5.2,0.0,60.0,0.9,1.0,0.0,1.0,0.9287762976403656,0.07122370235963438,5
148,4,14.0,46.0,1.0,1.0,1.0,1.0,15.0,1.0,25.0,12.0,2.0,29.08,85.0,1.0,1.0,21.0,1.0,7.73563218390805,1.0,1.0,5.2,0.0,60.0,0.9,1.0,0.0,1.0,0.9393336039202501,0.06066639607974987,5
148,5,14.0,46.0,1.0,1.0,1.0,1.0,52.0,1.0,25.0,12.0,2.0,0.33,85.0,1.0,1.0,21.0,1.0,7.73563218390805,1.0,1.0,0.775280898876405,0.0,60.0,0.605780346820809,1.0,0.0,1.0,0.5491001818666823,0.45089981813331764,2
148,6,14.0,46.0,1.0,1.0,0.0,1.0,368.0,1.0,25.0,12.0,2.0,29.08,85.0,1.0,1.0,21.0,1.0,7.73563218390805,1.0,1.0,0.775280898876405,0.0,60.0,0.605780346820809,1.0,0.0,1.0,0.8073507618181824,0.19264923818181756,3
148,7,14.0,46.0,1.0,1.0,0.0,1.0,368.0,1.0,25.0,12.0,2.0,29.08,85.0,1.0,1.0,21.0,1.0,7.73563218390805,1.0,1.0,0.775280898876405,0.0,60.0,0.9,1.0,0.0,1.0,0.8669502970151496,0.13304970298485044,4
148,8,2.0,46.0,1.0,1.0,0.0,1.0,368.0,1.0,25.0,12.0,2.0,29.08,85.0,1.0,1.0,21.0,1.0,7.73563218390805,1.0,1.0,0.775280898876405,0.0,60.0,0.9,1.0,0.0,1.0,0.8954776602024557,0.10452233979754427,5
148,9,2.0,46.0,1.0,1.0,0.0,1.0,368.0,1.0,25.0,12.0,2.0,29.08,85.0,1.0,1.0,21.0,1.0,7.73563218390805,1.0,1.0,0.775280898876405,0.0,60.0,0.9,1.0,0.0,0.0,0.9128388282131368,0.08716117178686325,5
148,10,14.0,46.0,1.0,1.0,1.0,1.0,193.556,1.0,25.0,12.0,2.0,0.33,85.0,1.0,1.0,21.0,1.0,7.73563218390805,1.0,1.0,0.775280898876405,0.0,60.0,0.605780346820809,1.0,0.0,1.0,0.5160224266851247,0.48397757331487534,2
148,11,14.0,46.0,1.0,1.0,1.0,1.0,37.0,1.0,25.0,12.0,2.0,0.33,85.0,1.0,1.0,21.0,1.0,7.73563218390805,1.0,1.0,0.775280898876405,0.0,60.0,0.9,1.0,0.0,1.0,0.7385693348077337,0.2614306651922663,3
148,12,14.0,46.0,1.0,1.0,1.0,1.0,37.0,1.0,25.0,12.0,2.0,0.33,85.0,1.0,1.0,21.0,1.0,337.0,1.0,1.0,0.775280898876405,0.0,60.0,0.9,1.0,0.0,1.0,0.8163124443051607,0.18368755569483927,4
148,13,14.0,46.0,1.0,1.0,1.0,1.0,15.0,1.0,25.0,12.0,2.0,0.33,85.0,1.0,1.0,21.0,1.0,337.0,1.0,1.0,0.775280898876405,0.0,60.0,0.9,1.0,0.0,1.0,0.8523884671622696,0.14761153283773043,4
148,14,14.0,46.0,1.0,1.0,1.0,1.0,368.0,1.0,25.0,12.0,2.0,29.08,85.0,1.0,1.0,21.0,1.0,7.73563218390805,1.0,1.0,0.775280898876405,0.0,60.0,0.9,1.0,0.0,1.0,0.8037627342705094,0.19623726572949063,3
148,15,14.0,46.0,1.0,1.0,1.0,1.0,15.0,1.0,25.0,12.0,2.0,29.08,85.0,1.0,1.0,21.0,1.0,7.73563218390805,1.0,1.0,0.775280898876405,0.0,60.0,0.9,1.0,0.0,1.0,0.9090632583361741,0.09093674166382594,4
148,16,14.0,46.0,1.0,1.0,1.0,1.0,15.0,1.0,25.0,12.0,2.0,29.08,85.0,1.0,1.0,21.0,1.0,7.73563218390805,1.0,1.0,0.775280898876405,0.0,60.0,0.9,1.0,0.0,0.0,0.9216544184857445,0.07834558151425548,4
148,17,14.0,46.0,1.0,1.0,1.0,1.0,15.0,1.0,25.0,12.0,2.0,29.08,85.0,1.0,1.0,6.0,1.0,7.73563218390805,1.0,1.0,0.775280898876405,0.0,60.0,0.9,1.0,0.0,0.0,0.9310512225621878,0.06894877743781229,5
148,18,14.0,4.0,1.0,1.0,1.0,1.0,368.0,1.0,25.0,12.0,2.0,0.33,85.0,1.0,1.0,21.0,1.0,7.73563218390805,1.0,1.0,0.775280898876405,0.0,60.0,0.605780346820809,1.0,0.0,1.0,0.5688232059736621,0.4311767940263379,2
148,19,14.0,2.0,1.0,1.0,1.0,1.0,37.0,1.0,25.0,12.0,2.0,29.08,85.0,1.0,1.0,21.0,1.0,7.73563218390805,1.0,1.0,0.775280898876405,0.0,60.0,0.605780346820809,1.0,0.0,1.0,0.8380541092827376,0.16194589071726234,4
156,0,8.0,7.0,1.0,33.0,23.0,3.0,52.0,2.0,0.0,20.0,54.0,0.85,0.0,1.0,1.0,12.0,3.0,4.39130434782609,0.0,1.0,0.602739726027397,0.0,109.0,1.0,0.666666666666667,0.0,8.0,0.5041165630358395,0.49588343696416043,3
156,1,8.0,7.0,1.0,33.0,23.0,3.0,37.0,2.0,0.0,20.0,54.0,0.85,0.0,1.0,1.0,12.0,3.0,4.39130434782609,0.0,1.0,0.602739726027397,0.0,2.0,1.0,0.666666666666667,0.0,8.0,0.7421564154312006,0.2578435845687994,4
156,2,8.0,7.0,1.0,33.0,23.0,3.0,93.111,2.0,0.0,20.0,54.0,0.85,0.0,1.0,1.0,12.0,3.0,4.39130434782609,0.0,1.0,0.602739726027397,0.0,2.0,0.488311688311688,0.666666666666667,0.0,2.0,0.5129189012553962,0.4870810987446038,4
156,3,8.0,7.0,1.0,33.0,23.0,3.0,71.0,2.0,0.0,20.0,54.0,0.85,98.0,1.0,1.0,12.0,3.0,4.39130434782609,0.0,1.0,0.602739726027397,0.0,16.0,1.0,0.666666666666667,0.0,8.0,0.5363613579300164,0.4636386420699836,3
156,4,8.0,7.0,1.0,33.0,23.0,3.0,25.0,2.0,0.0,20.0,54.0,0.85,0.0,1.0,1.0,12.0,3.0,4.39130434782609,0.0,1.0,0.602739726027397,0.0,2.0,1.0,0.666666666666667,0.0,0.0,0.8865673503288506,0.11343264967114944,5
156,5,8.0,7.0,1.0,33.0,23.0,3.0,93.111,2.0,0.0,20.0,54.0,0.85,98.0,1.0,1.0,12.0,3.0,4.39130434782609,0.0,1.0,0.602739726027397,0.0,0.0,1.0,0.666666666666667,0.0,8.0,0.5709803714137152,0.42901962858628484,3
156,6,8.0,7.0,1.0,33.0,23.0,395.0,37.0,2.0,0.0,20.0,54.0,0.85,98.0,1.0,1.0,12.0,3.0,4.39130434782609,0.0,1.0,0.602739726027397,0.0,0.0,1.0,0.666666666666667,0.0,8.0,0.6900784907268659,0.3099215092731341,4
156,7,8.0,7.0,1.0,33.0,23.0,395.0,37.0,2.0,0.0,20.0,54.0,0.85,98.0,1.0,1.0,12.0,3.0,4.39130434782609,0.0,1.0,0.602739726027397,5.0,0.0,1.0,0.666666666666667,0.0,8.0,0.7552743947590581,0.24472560524094186,5
156,8,8.0,7.0,1.0,33.0,23.0,13.0,71.0,2.0,0.0,20.0,54.0,0.85,98.0,1.0,1.0,12.0,3.0,4.39130434782609,0.0,1.0,0.602739726027397,0.0,109.0,1.0,0.666666666666667,0.0,8.0,0.5870527237897514,0.4129472762102486,3
156,9,8.0,7.0,1.0,33.0,23.0,13.0,25.0,2.0,0.0,20.0,54.0,0.85,98.0,1.0,1.0,12.0,3.0,4.39130434782609,0.0,1.0,0.602739726027397,5.0,0.0,1.0,0.666666666666667,0.0,8.0,0.8095598848246477,0.19044011517535236,5
156,10,8.0,7.0,1.0,33.0,23.0,13.0,25.0,2.0,0.0,20.0,54.0,0.85,98.0,1.0,1.0,12.0,3.0,4.39130434782609,0.0,1.0,0.602739726027397,0.0,109.0,0.9,0.666666666666667,0.0,8.0,0.5016737884420337,0.4983262115579663,3
156,11,8.0,7.0,1.0,33.0,23.0,3.0,71.0,2.0,0.0,20.0,54.0,0.85,0.0,1.0,1.0,12.0,3.0,4.39130434782609,0.0,25.0,0.602739726027397,0.0,109.0,0.488311688311688,0.666666666666667,0.0,2.0,0.5315868172704343,0.46841318272956567,4
156,12,8.0,7.0,1.0,33.0,23.0,3.0,37.0,2.0,0.0,20.0,54.0,0.31,0.0,1.0,1.0,12.0,3.0,4.39130434782609,0.0,25.0,0.602739726027397,0.0,109.0,0.488311688311688,0.666666666666667,0.0,0.0,0.7113114782299853,0.2886885217700147,5
156,13,8.0,7.0,1.0,33.0,23.0,3.0,93.111,2.0,0.0,20.0,54.0,0.85,98.0,1.0,1.0,12.0,3.0,4.39130434782609,0.0,1.0,5.2,0.0,109.0,1.0,0.666666666666667,0.0,8.0,0.5460660000375663,0.4539339999624337,3
156,14,8.0,7.0,1.0,33.0,23.0,3.0,37.0,2.0,0.0,20.0,54.0,0.85,50.0,1.0,1.0,12.0,3.0,4.39130434782609,0.0,1.0,0.602739726027397,0.0,109.0,1.0,0.666666666666667,0.0,8.0,0.5212411964587397,0.4787588035412603,3
156,15,8.0,7.0,1.0,33.0,23.0,3.0,25.0,2.0,0.0,20.0,54.0,0.85,50.0,1.0,1.0,12.0,3.0,4.39130434782609,0.0,1.0,5.2,0.0,109.0,1.0,0.666666666666667,0.0,8.0,0.8087057858053384,0.19129421419466164,4
156,16,8.0,7.0,1.0,33.0,23.0,3.0,25.0,2.0,0.0,20.0,54.0,0.85,50.0,1.0,1.0,12.0,3.0,4.39130434782609,0.0,1.0,5.2,0.0,89.0,1.0,0.666666666666667,0.0,8.0,0.8088799750122158,0.1911200249877842,5
156,17,8.0,7.0,1.0,33.0,23.0,3.0,37.0,2.0,0.0,20.0,54.0,0.85,98.0,1.0,1.0,128.0,3.0,4.39130434782609,0.0,1.0,0.602739726027397,0.0,0.0,1.0,0.666666666666667,0.0,8.0,0.6233297236305084,0.3766702763694915,4
156,18,8.0,7.0,1.0,33.0,23.0,3.0,37.0,2.0,0.0,20.0,54.0,0.85,98.0,1.0,1.0,128.0,3.0,4.39130434782609,0.0,1.0,0.602739726027397,0.0,0.0,1.0,0.8,0.0,8.0,0.6837015058193692,0.3162984941806308,5
156,19,8.0,7.0,1.0,33.0,23.0,3.0,71.0,2.0,0.0,20.0,54.0,0.85,98.0,1.0,1.0,21.0,3.0,4.39130434782609,0.0,1.0,0.602739726027397,0.0,109.0,1.0,0.666666666666667,0.0,8.0,0.5092199100734366,0.4907800899265634,3
157,0,3.0,0.0,1.0,3.0,0.0,4.0,80.0,1.0,0.0,1.0,6.0,0.9,83.0,3.0,1.0,8.0,2.0,3.33333333333333,1.0,1.0,0.909090909090909,0.0,10.0,0.9,1.0,0.0,1.0,0.5958749206009255,0.40412507939907455,1
157,1,3.0,0.0,1.0,3.0,0.0,4.0,80.0,1.0,0.0,1.0,6.0,0.9,83.0,0.0,1.0,8.0,2.0,3.33333333333333,1.0,1.0,0.909090909090909,0.0,10.0,1.0,1.0,0.0,1.0,0.8286405823852349,0.17135941761476514,2
157,2,3.0,0.0,1.0,3.0,0.0,4.0,80.0,1.0,0.0,1.0,6.0,0.9,83.0,1.0,1.0,8.0,2.0,3.33333333333333,1.0,1.0,1.8,0.0,10.0,0.46031746031746,1.0,0.0,1.0,0.5459807511579471,0.45401924884205286,2
157,3,3.0,0.0,1.0,3.0,0.0,3.0,80.0,1.0,0.0,1.0,6.0,0.9,83.0,1.0,1.0,8.0,2.0,3.33333333333333,1.0,1.0,0.909090909090909,0.0,10.0,0.46031746031746,1.0,0.0,1.0,0.5462174903558337,0.4537825096441663,2
157,4,3.0,0.0,1.0,3.0,0.0,4.0,71.0,1.0,0.0,1.0,6.0,0.9,83.0,1.0,1.0,8.0,2.0,3.33333333333333,1.0,1.0,0.909090909090909,0.0,10.0,0.46031746031746,1.0,0.0,1.0,0.527492890184886,0.472507109815114,2
157,5,3.0,0.0,1.0,3.0,0.0,4.0,80.0,1.0,0.0,1.0,6.0,0.9,83.0,1.0,1.0,8.0,0.0,3.33333333333333,1.0,1.0,0.909090909090909,0.0,10.0,0.46031746031746,1.0,0.0,1.0,0.5059113362443748,0.49408866375562516,2
157,6,3.0,0.0,1.0,3.0,0.0,4.0,80.0,1.0,0.0,1.0,6.0,0.9,83.0,0.0,1.0,8.0,6.0,3.33333333333333,1.0,1.0,0.4,0.0,10.0,1.0,1.0,0.0,1.0,0.9315038660565526,0.0684961339434474,4
157,7,3.0,0.0,1.0,3.0,0.0,4.0,80.0,1.0,0.0,1.0,13.0,0.9,83.0,0.0,1.0,8.0,6.0,3.33333333333333,1.0,1.0,0.4,0.0,10.0,1.0,1.0,0.0,1.0,0.9523838176288232,0.047616182371176825,5
157,8,3.0,0.0,1.0,3.0,0.0,4.0,80.0,1.0,93.0,1.0,6.0,0.9,83.0,3.0,1.0,8.0,2.0,3.33333333333333,1.0,1.0,0.909090909090909,0.0,10.0,1.0,1.0,0.0,1.0,0.7154577372770508,0.28454226272294925,2
157,9,3.0,0.0,1.0,3.0,0.0,0.0,80.0,1.0,93.0,1.0,6.0,0.9,83.0,3.0,1.0,8.0,2.0,3.33333333333333,1.0,1.0,0.909090909090909,0.0,10.0,1.0,1.0,0.0,1.0,0.7722600104179878,0.2277399895820123,3
157,10,3.0,0.0,1.0,3.0,0.0,0.0,80.0,1.0,93.0,1.0,6.0,0.9,83.0,3.0,1.0,8.0,2.0,3.33333333333333,1.0,1.0,0.909090909090909,0.0,10.0,0.9,1.0,0.0,1.0,0.8084858057408331,0.19151419425916696,3
157,11,0.0,0.0,1.0,3.0,0.0,3.0,80.0,1.0,93.0,1.0,6.0,0.9,83.0,3.0,1.0,8.0,2.0,3.33333333333333,1.0,1.0,0.909090909090909,0.0,10.0,0.46031746031746,1.0,0.0,1.0,0.520434057006332,0.47956594299366795,3
157,12,3.0,0.0,1.0,3.0,0.0,0.0,80.0,1.0,93.0,1.0,6.0,0.9,66.0,3.0,1.0,8.0,2.0,3.33333333333333,1.0,1.0,0.909090909090909,0.0,10.0,0.46031746031746,1.0,0.0,1.0,0.5308502238772936,0.4691497761227064,3
157,13,3.0,0.0,1.0,3.0,0.0,4.0,15.0,1.0,0.0,1.0,6.0,0.9,83.0,0.0,1.0,8.0,2.0,3.33333333333333,1.0,1.0,0.909090909090909,0.0,10.0,1.0,1.0,0.0,1.0,0.8796992775074237,0.12030072249257631,3
157,14,3.0,0.0,1.0,3.0,0.0,4.0,80.0,1.0,0.0,1.0,6.0,0.9,0.0,1.0,1.0,8.0,2.0,3.33333333333333,1.0,1.0,0.909090909090909,0.0,10.0,0.46031746031746,1.0,0.0,1.0,0.5939896529905069,0.40601034700949307,2
157,15,3.0,0.0,1.0,3.0,0.0,4.0,37.0,1.0,93.0,1.0,6.0,0.9,0.0,3.0,1.0,8.0,2.0,3.33333333333333,1.0,1.0,0.909090909090909,0.0,10.0,0.46031746031746,1.0,0.0,1.0,0.5265263235127411,0.47347367648725885,3
157,16,3.0,0.0,1.0,3.0,0.0,4.0,80.0,1.0,0.0,1.0,6.0,0.9,83.0,1.0,1.0,8.0,2.0,3.0,1.0,1.0,0.909090909090909,0.0,10.0,0.46031746031746,1.0,0.0,1.0,0.5293725256450872,0.47062747435491276,2
157,17,3.0,0.0,1.0,3.0,0.0,4.0,80.0,1.0,0.0,1.0,6.0,0.69,83.0,1.0,1.0,8.0,2.0,3.33333333333333,1.0,1.0,0.909090909090909,0.0,10.0,0.46031746031746,1.0,0.0,1.0,0.5371771931012703,0.4628228068987296,2
157,18,3.0,0.0,1.0,3.0,0.0,0.0,80.0,1.0,0.0,1.0,6.0,29.08,83.0,3.0,1.0,8.0,2.0,3.33333333333333,1.0,1.0,0.909090909090909,0.0,10.0,0.46031746031746,1.0,0.0,1.0,0.5345681859506032,0.4654318140493968,2
157,19,3.0,0.0,1.0,3.0,0.0,0.0,80.0,1.0,0.0,1.0,6.0,29.08,83.0,0.0,1.0,8.0,2.0,0.0,1.0,1.0,0.909090909090909,0.0,10.0,0.9,1.0,0.0,1.0,0.9603860019005152,0.03961399809948488,5
194,0,1.0,1.0,2.0,6.0,0.0,6.0,122.0,1.0,11.0,11.0,0.0,0.78,84.0,1.0,0.0,5.0,1.0,5.69230769230769,3.0,1.0,1.6875,0.0,0.0,0.830564784053156,0.0,0.0,2.0,0.6450358763721111,0.35496412362788893,1
194,1,1.0,1.0,2.0,6.0,0.0,6.0,15.0,1.0,11.0,11.0,0.0,0.78,84.0,1.0,0.0,5.0,1.0,5.69230769230769,3.0,1.0,1.6875,0.0,0.0,0.830564784053156,0.0,0.0,6.0,0.5162561475472851,0.48374385245271484,1
194,2,1.0,1.0,2.0,6.0,0.0,6.0,15.0,1.0,11.0,11.0,25.0,0.78,84.0,1.0,0.0,5.0,1.0,5.69230769230769,3.0,1.0,1.6875,0.0,0.0,0.830564784053156,0.0,0.0,0.0,0.9599440772740068,0.040055922725993225,3
194,3,1.0,1.0,2.0,6.0,0.0,6.0,122.0,1.0,11.0,11.0,0.0,0.05,84.0,1.0,0.0,5.0,1.0,5.69230769230769,3.0,1.0,1.6875,0.0,0.0,0.830564784053156,0.0,0.0,0.0,0.8690433696039152,0.13095663039608488,2
194,4,1.0,1.0,2.0,6.0,0.0,6.0,122.0,1.0,11.0,11.0,7.0,0.05,84.0,1.0,0.0,5.0,1.0,5.69230769230769,3.0,1.0,1.6875,0.0,0.0,0.830564784053156,0.0,0.0,0.0,0.9314772001582459,0.06852279984175408,3
194,5,1.0,1.0,2.0,6.0,0.0,6.0,122.0,1.0,11.0,11.0,2.0,0.78,0.0,1.0,0.0,5.0,1.0,5.69230769230769,3.0,1.0,1.6875,0.0,0.0,0.830564784053156,0.0,0.0,6.0,0.5178880510804779,0.48211194891952214,2
194,6,1.0,1.0,2.0,6.0,0.0,6.0,122.0,1.0,11.0,11.0,7.0,0.05,0.0,1.0,0.0,5.0,1.0,3.9,3.0,1.0,1.6875,0.0,0.0,0.830564784053156,0.0,0.0,0.0,0.9492746478936676,0.05072535210633247,5
194,7,1.0,1.0,2.0,6.0,0.0,6.0,122.0,1.0,11.0,11.0,25.0,0.78,84.0,1.0,0.0,5.0,1.0,5.69230769230769,3.0,1.0,1.6875,0.0,0.0,0.830564784053156,0.0,0.0,6.0,0.5647427627923152,0.4352572372076849,1
194,8,1.0,1.0,2.0,6.0,0.0,6.0,15.0,1.0,11.0,11.0,0.0,0.78,84.0,1.0,0.0,5.0,1.0,5.69230769230769,3.0,2.0,1.6875,0.0,0.0,0.830564784053156,0.0,0.0,0.0,0.921289536095419,0.07871046390458097,3
194,9,1.0,1.0,2.0,6.0,0.0,0.0,15.0,1.0,11.0,11.0,0.0,0.78,84.0,1.0,0.0,5.0,1.0,5.69230769230769,3.0,2.0,1.6875,0.0,0.0,0.830564784053156,0.0,0.0,0.0,0.9234231959508132,0.07657680404918682,4
194,10,1.0,1.0,2.0,6.0,0.0,6.0,122.0,1.0,11.0,11.0,25.0,0.78,84.0,1.0,0.0,5.0,1.0,5.69230769230769,3.0,1.0,1.6875,0.0,0.0,0.830564784053156,0.0,0.0,0.0,0.8552468287477315,0.14475317125226855,2
194,11,1.0,1.0,2.0,6.0,0.0,6.0,122.0,1.0,11.0,11.0,25.0,0.78,84.0,1.0,0.0,5.0,1.0,5.69230769230769,3.0,1.0,1.6875,0.0,0.0,1.0,0.0,0.0,0.0,0.9263273994553761,0.07367260054462384,3
194,12,1.0,1.0,2.0,6.0,0.0,6.0,122.0,1.0,11.0,11.0,25.0,0.78,0.0,1.0,0.0,5.0,1.0,5.69230769230769,3.0,1.0,1.6875,0.0,0.0,1.0,0.0,0.0,0.0,0.93408841712587,0.06591158287413004,4
194,13,1.0,1.0,2.0,6.0,0.0,6.0,122.0,1.0,11.0,11.0,25.0,0.78,0.0,1.0,0.0,5.0,1.0,5.69230769230769,3.0,25.0,1.6875,0.0,0.0,1.0,0.0,0.0,0.0,0.9517197057106282,0.04828029428937177,5
194,14,1.0,1.0,2.0,6.0,0.0,6.0,15.0,1.0,11.0,11.0,25.0,0.78,84.0,1.0,0.0,5.0,1.0,5.69230769230769,3.0,1.0,1.6875,0.0,0.0,0.830564784053156,0.0,0.0,6.0,0.8425831327326004,0.15741686726739954,2
194,15,1.0,1.0,2.0,6.0,0.0,6.0,15.0,1.0,11.0,11.0,25.0,0.78,84.0,1.0,0.0,5.0,1.0,5.69230769230769,3.0,25.0,1.6875,0.0,0.0,0.830564784053156,0.0,0.0,6.0,0.8547055447433011,0.14529445525669893,3
194,16,1.0,0.0,2.0,6.0,0.0,6.0,15.0,1.0,11.0,11.0,25.0,0.78,84.0,1.0,0.0,5.0,1.0,5.69230769230769,3.0,25.0,1.6875,0.0,0.0,0.830564784053156,0.0,0.0,6.0,0.8585921684232415,0.14140783157675849,4
194,17,1.0,1.0,2.0,6.0,0.0,0.0,122.0,1.0,11.0,11.0,0.0,0.78,84.0,1.0,0.0,5.0,1.0,5.69230769230769,3.0,1.0,1.6875,0.0,0.0,0.830564784053156,0.0,0.0,0.0,0.871981240218684,0.12801875978131605,2
194,18,1.0,1.0,2.0,6.0,0.0,0.0,122.0,1.0,11.0,11.0,25.0,0.78,84.0,1.0,0.0,5.0,1.0,5.69230769230769,3.0,1.0,1.6875,0.0,0.0,0.830564784053156,0.0,0.0,0.0,0.9125829639901968,0.08741703600980319,3
203,0,17.0,7.0,1.0,2.0,4.0,8.0,71.0,1.0,55.0,17.0,1.0,0.05,91.0,1.0,0.0,14.0,1.0,7.7875,1.0,1.0,0.634146341463415,0.0,0.0,0.816781731279873,0.0,0.0,7.0,0.531799583020858,0.468200416979142,2
203,1,17.0,7.0,1.0,2.0,4.0,8.0,71.0,1.0,55.0,17.0,1.0,0.89,91.0,1.0,0.0,14.0,1.0,7.7875,1.0,1.0,0.634146341463415,0.0,0.0,0.816781731279873,0.0,0.0,0.0,0.5043853709858395,0.4956146290141605,2
203,2,17.0,7.0,1.0,2.0,4.0,8.0,15.0,1.0,55.0,17.0,1.0,0.05,91.0,1.0,0.0,14.0,1.0,7.7875,1.0,1.0,0.634146341463415,0.0,0.0,1.0,0.0,0.0,0.0,0.978739198229507,0.0212608017704931,4
203,3,17.0,7.0,1.0,2.0,4.0,8.0,15.0,1.0,55.0,17.0,1.0,0.05,91.0,1.0,0.0,14.0,1.0,7.7875,1.0,1.0,0.8,0.0,0.0,1.0,0.0,0.0,0.0,0.9846789311278381,0.015321068872161848,5
203,4,17.0,7.0,1.0,2.0,4.0,8.0,15.0,1.0,55.0,17.0,1.0,0.05,91.0,1.0,0.0,14.0,1.0,7.7875,1.0,1.0,0.634146341463415,5.0,0.0,0.816781731279873,0.0,0.0,0.0,0.9608360288314584,0.03916397116854164,4
203,5,17.0,7.0,1.0,2.0,4.0,8.0,15.0,1.0,55.0,17.0,3.0,0.05,91.0,1.0,0.0,14.0,1.0,7.7875,1.0,1.0,0.634146341463415,5.0,0.0,0.816781731279873,0.0,0.0,0.0,0.9686069974492497,0.031393002550750296,5
203,6,17.0,7.0,1.0,2.0,4.0,8.0,25.0,1.0,55.0,17.0,1.0,0.89,91.0,1.0,0.0,14.0,1.0,7.7875,1.0,1.0,0.634146341463415,0.0,0.0,0.9,0.0,0.0,7.0,0.514520212059054,0.48547978794094604,2
203,7,17.0,7.0,1.0,2.0,4.0,8.0,15.0,1.0,55.0,17.0,1.0,0.89,91.0,1.0,0.0,14.0,1.0,7.7875,1.0,1.0,0.8,0.0,0.0,1.0,0.0,0.0,7.0,0.7336744264837582,0.26632557351624175,3
203,8,17.0,7.0,1.0,2.0,4.0,8.0,15.0,1.0,55.0,17.0,1.0,0.89,91.0,1.0,0.0,14.0,1.0,7.7875,2.0,1.0,0.634146341463415,0.0,0.0,0.816781731279873,0.0,0.0,7.0,0.5305315834428513,0.46946841655714866,2
203,9,17.0,7.0,1.0,2.0,4.0,8.0,15.0,1.0,55.0,17.0,1.0,0.89,91.0,1.0,0.0,14.0,1.0,7.7875,1.0,1.0,0.634146341463415,0.0,0.0,0.816781731279873,0.0,0.0,0.0,0.7613092633482428,0.23869073665175722,2
203,10,17.0,7.0,1.0,2.0,4.0,8.0,15.0,1.0,55.0,17.0,1.0,0.89,91.0,1.0,0.0,14.0,1.0,7.7875,1.0,1.0,0.634146341463415,0.0,0.0,1.0,0.0,0.0,0.0,0.9016816785045718,0.09831832149542824,3
203,11,17.0,7.0,1.0,2.0,4.0,8.0,15.0,1.0,55.0,17.0,1.0,0.89,91.0,1.0,0.0,14.0,1.0,3.9,1.0,1.0,0.634146341463415,0.0,0.0,0.816781731279873,0.0,0.0,7.0,0.5037128136617592,0.49628718633824076,2
203,12,17.0,7.0,1.0,2.0,4.0,8.0,15.0,1.0,55.0,17.0,1.0,0.89,91.0,1.0,0.0,14.0,1.0,337.0,1.0,1.0,0.8,0.0,0.0,1.0,0.0,0.0,0.0,0.9555791560783596,0.044420843921640404,5
203,13,17.0,7.0,1.0,2.0,4.0,8.0,15.0,1.0,55.0,17.0,2.0,0.89,91.0,1.0,0.0,14.0,1.0,7.7875,1.0,1.0,0.634146341463415,0.0,0.0,0.816781731279873,0.0,0.0,7.0,0.537082463145999,0.4629175368540011,2
203,14,17.0,7.0,1.0,2.0,4.0,8.0,15.0,1.0,55.0,17.0,25.0,0.89,91.0,1.0,0.0,14.0,1.0,7.7875,2.0,1.0,0.634146341463415,0.0,0.0,1.0,0.0,0.0,0.0,0.9399219123089532,0.060078087691046875,5
203,15,17.0,7.0,1.0,2.0,4.0,8.0,759.0,1.0,55.0,17.0,1.0,0.89,91.0,1.0,0.0,14.0,1.0,7.7875,0.0,1.0,0.0,0.0,0.0,0.816781731279873,0.0,0.0,2.0,0.574500640304231,0.4254993596957691,3
203,16,17.0,7.0,1.0,2.0,1.0,8.0,759.0,1.0,55.0,17.0,1.0,0.89,91.0,1.0,0.0,14.0,1.0,7.7875,1.0,1.0,0.0,0.0,0.0,0.816781731279873,0.0,0.0,0.0,0.5717752470198078,0.42822475298019225,3
203,17,17.0,7.0,1.0,2.0,1.0,8.0,759.0,1.0,55.0,17.0,1.0,0.89,91.0,1.0,0.0,14.0,0.0,7.7875,0.0,1.0,0.634146341463415,0.0,0.0,0.816781731279873,0.0,0.0,0.0,0.5068306491560748,0.4931693508439252,4
203,18,17.0,7.0,1.0,2.0,4.0,8.0,15.0,1.0,55.0,10.0,1.0,0.89,91.0,1.0,0.0,14.0,1.0,7.7875,1.0,1.0,0.634146341463415,0.0,0.0,0.816781731279873,0.0,0.0,7.0,0.5390400105152036,0.4609599894847964,2
203,19,17.0,7.0,1.0,2.0,62.0,8.0,15.0,1.0,55.0,17.0,1.0,0.89,91.0,1.0,0.0,14.0,1.0,7.7875,1.0,1.0,0.634146341463415,0.0,0.0,0.816781731279873,0.0,0.0,7.0,0.5028664985821726,0.4971335014178274,2
205,0,155.0,6.0,2.0,26.0,6.0,13.0,127.0,2.0,26.0,37.0,4.0,0.52,96.0,2.0,0.0,73.0,1.0,9.35078534031414,0.0,1.0,1.52061855670103,0.0,25.0,1.0,1.0,0.0,15.0,0.5552107028554238,0.4447892971445761,2
205,1,155.0,6.0,2.0,321.0,6.0,13.0,15.0,2.0,26.0,37.0,4.0,0.52,96.0,2.0,0.0,73.0,1.0,9.35078534031414,0.0,1.0,1.52061855670103,0.0,25.0,1.0,1.0,0.0,15.0,0.734658671868949,0.265341328131051,3
205,2,155.0,6.0,2.0,2.0,6.0,13.0,15.0,2.0,26.0,5.0,4.0,0.52,96.0,2.0,0.0,73.0,1.0,9.35078534031414,0.0,1.0,1.52061855670103,0.0,25.0,0.82404181184669,1.0,0.0,15.0,0.5278881282984538,0.47211187170154617,3
205,3,155.0,6.0,2.0,321.0,6.0,13.0,15.0,2.0,26.0,1.0,4.0,0.52,96.0,2.0,0.0,73.0,1.0,9.35078534031414,0.0,1.0,1.52061855670103,0.0,2.0,1.0,1.0,0.0,15.0,0.797284666742318,0.202715333257682,5
205,4,155.0,6.0,2.0,1.0,6.0,13.0,15.0,2.0,26.0,1.0,4.0,0.52,96.0,2.0,0.0,73.0,1.0,9.35078534031414,0.0,1.0,1.52061855670103,0.0,2.0,1.0,1.0,0.0,15.0,0.7986777217217551,0.20132227827824484,5
205,5,155.0,6.0,2.0,1.0,6.0,13.0,15.0,2.0,26.0,1.0,4.0,0.52,96.0,2.0,0.0,73.0,1.0,9.35078534031414,0.0,1.0,1.52061855670103,0.0,0.0,1.0,1.0,0.0,15.0,0.8284052230960952,0.17159477690390482,5
205,6,155.0,6.0,2.0,1.0,6.0,13.0,15.0,2.0,26.0,5.0,4.0,0.52,96.0,2.0,0.0,73.0,1.0,9.35078534031414,0.0,1.0,1.52061855670103,0.0,0.0,1.0,1.0,0.0,15.0,0.8311371298854603,0.16886287011453968,5
205,7,155.0,6.0,2.0,26.0,6.0,13.0,15.0,2.0,26.0,37.0,4.0,0.52,96.0,2.0,0.0,73.0,1.0,9.35078534031414,0.0,25.0,1.52061855670103,0.0,25.0,0.82404181184669,1.0,0.0,15.0,0.510382748052384,0.48961725194761596,2
205,8,155.0,6.0,2.0,26.0,6.0,13.0,15.0,2.0,26.0,37.0,4.0,0.52,96.0,2.0,0.0,73.0,1.0,9.35078534031414,0.0,25.0,1.52061855670103,0.0,0.0,1.0,1.0,0.0,15.0,0.793868503371666,0.206131496628334,4
205,9,155.0,6.0,2.0,26.0,6.0,13.0,15.0,2.0,26.0,37.0,4.0,0.52,96.0,2.0,0.0,73.0,1.0,9.35078534031414,0.0,25.0,1.52061855670103,0.0,0.0,1.0,0.8,0.0,15.0,0.8076881680575227,0.19231183194247722,5
205,10,155.0,6.0,2.0,26.0,6.0,13.0,15.0,2.0,26.0,37.0,4.0,0.52,77.0,2.0,0.0,73.0,1.0,9.35078534031414,0.0,1.0,1.52061855670103,0.0,25.0,1.0,1.0,0.0,15.0,0.743129031443146,0.25687096855685404,3
205,11,155.0,6.0,2.0,26.0,6.0,13.0,25.0,2.0,26.0,37.0,4.0,0.52,77.0,2.0,0.0,73.0,1.0,9.35078534031414,0.0,1.0,1.52061855670103,0.0,2.0,0.82404181184669,1.0,0.0,15.0,0.522769293627399,0.477230706372601,3
205,12,155.0,6.0,2.0,1.0,6.0,13.0,25.0,2.0,26.0,37.0,4.0,0.52,96.0,2.0,0.0,73.0,1.0,9.35078534031414,0.0,1.0,1.52061855670103,0.0,2.0,0.82404181184669,1.0,0.0,15.0,0.5371251500023791,0.46287484999762085,3
205,13,155.0,6.0,2.0,1.0,6.0,13.0,15.0,2.0,26.0,37.0,4.0,0.52,96.0,2.0,0.0,73.0,1.0,9.35078534031414,0.0,1.0,1.52061855670103,0.0,2.0,1.0,1.0,0.0,15.0,0.7940499021617085,0.2059500978382916,4
205,14,155.0,6.0,2.0,1.0,6.0,13.0,15.0,2.0,26.0,37.0,4.0,0.52,96.0,2.0,0.0,73.0,0.0,9.35078534031414,0.0,1.0,1.52061855670103,0.0,2.0,1.0,1.0,0.0,15.0,0.8102811957369029,0.1897188042630971,5
205,15,155.0,6.0,2.0,26.0,6.0,13.0,15.0,2.0,26.0,37.0,4.0,0.52,96.0,2.0,0.0,73.0,1.0,9.35078534031414,0.0,25.0,1.52061855670103,0.0,0.0,0.82404181184669,1.0,0.0,15.0,0.6680784013962762,0.3319215986037238,3
205,16,155.0,6.0,2.0,26.0,6.0,13.0,15.0,2.0,26.0,37.0,4.0,0.52,96.0,2.0,0.0,73.0,1.0,9.35078534031414,0.0,25.0,1.52061855670103,0.0,0.0,0.82404181184669,0.0,0.0,15.0,0.7126945718330451,0.287305428166955,4
205,17,5.0,6.0,2.0,26.0,6.0,13.0,15.0,2.0,26.0,37.0,4.0,0.52,96.0,2.0,0.0,73.0,1.0,9.35078534031414,0.0,25.0,1.52061855670103,0.0,0.0,0.82404181184669,0.0,0.0,15.0,0.7402160095009129,0.259783990499087,5
205,18,155.0,6.0,2.0,26.0,6.0,13.0,15.0,2.0,26.0,37.0,4.0,0.05,96.0,2.0,0.0,73.0,1.0,9.35078534031414,0.0,1.0,1.52061855670103,0.0,25.0,0.82404181184669,1.0,0.0,15.0,0.5158731433513523,0.48412685664864774,2
209,0,10.0,6.0,1.0,1.0,2.0,4.0,617.0,2.0,89.0,50.0,6.0,0.69,95.0,1.0,0.0,22.0,1.0,4.17117117117117,1.0,1.0,0.464912280701754,0.0,0.0,1.0,0.0,0.0,4.0,0.5631328884353417,0.4368671115646583,1
209,1,10.0,6.0,1.0,1.0,2.0,4.0,15.0,2.0,89.0,50.0,6.0,0.69,95.0,1.0,0.0,22.0,1.0,4.17117117117117,1.0,1.0,0.464912280701754,0.0,0.0,1.0,0.0,0.0,4.0,0.7992722056472861,0.20072779435271387,2
209,2,10.0,6.0,1.0,1.0,2.0,4.0,52.0,2.0,89.0,50.0,6.0,0.69,95.0,1.0,0.0,22.0,1.0,4.17117117117117,1.0,1.0,0.464912280701754,0.0,0.0,0.674705882352941,0.0,0.0,0.0,0.5237543226698904,0.47624567733010964,2
209,3,10.0,6.0,1.0,1.0,2.0,4.0,15.0,2.0,89.0,50.0,6.0,0.69,95.0,1.0,0.0,22.0,1.0,4.17117117117117,1.0,1.0,5.2,0.0,0.0,1.0,0.0,0.0,0.0,0.9390023561118508,0.06099764388814925,4
209,4,10.0,6.0,1.0,1.0,2.0,4.0,37.0,2.0,89.0,10.0,6.0,0.69,95.0,1.0,0.0,22.0,1.0,4.17117117117117,1.0,1.0,0.0,0.0,0.0,0.674705882352941,0.0,0.0,4.0,0.5046890311281316,0.49531096887186843,3
209,5,10.0,6.0,1.0,1.0,62.0,4.0,15.0,2.0,89.0,50.0,6.0,0.69,95.0,1.0,0.0,22.0,1.0,4.17117117117117,1.0,1.0,0.464912280701754,0.0,0.0,1.0,0.0,0.0,4.0,0.8633247320711359,0.13667526792886409,3
209,6,10.0,6.0,1.0,1.0,2.0,4.0,15.0,2.0,89.0,50.0,6.0,0.69,95.0,1.0,0.0,22.0,1.0,337.0,1.0,1.0,0.464912280701754,0.0,0.0,0.674705882352941,0.0,0.0,4.0,0.5225715821588663,0.4774284178411337,2
209,7,10.0,6.0,1.0,1.0,62.0,4.0,15.0,2.0,89.0,10.0,6.0,0.69,95.0,1.0,0.0,22.0,1.0,337.0,1.0,1.0,0.464912280701754,0.0,0.0,1.0,0.0,0.0,4.0,0.9351610345404129,0.06483896545958712,5
209,8,10.0,6.0,1.0,1.0,2.0,4.0,617.0,2.0,89.0,50.0,6.0,0.69,95.0,1.0,0.0,22.0,1.0,4.17117117117117,1.0,1.0,0.464912280701754,0.0,0.0,1.0,0.0,0.0,0.0,0.6969856542321154,0.30301434576788455,2
209,9,10.0,6.0,1.0,1.0,2.0,4.0,617.0,2.0,89.0,50.0,6.0,0.05,95.0,1.0,0.0,22.0,1.0,4.17117117117117,1.0,1.0,0.464912280701754,0.0,0.0,1.0,0.0,0.0,0.0,0.8591273506785816,0.14087264932141838,3
209,10,10.0,6.0,1.0,1.0,2.0,4.0,617.0,2.0,89.0,10.0,6.0,0.31,95.0,1.0,0.0,22.0,1.0,4.17117117117117,1.0,1.0,0.464912280701754,0.0,0.0,0.674705882352941,0.0,0.0,0.0,0.5808011021865196,0.41919889781348035,3
209,11,10.0,6.0,1.0,1.0,2.0,4.0,617.0,2.0,89.0,5.0,6.0,0.69,95.0,1.0,0.0,22.0,1.0,4.17117117117117,0.0,1.0,0.464912280701754,0.0,0.0,0.674705882352941,0.0,0.0,2.0,0.5029525469945538,0.49704745300544617,3
209,12,0.0,6.0,1.0,1.0,2.0,4.0,15.0,2.0,89.0,50.0,6.0,0.69,95.0,1.0,0.0,22.0,1.0,4.17117117117117,1.0,1.0,0.464912280701754,0.0,0.0,1.0,0.0,0.0,0.0,0.9572238828736506,0.04277611712634948,4
209,13,0.0,6.0,1.0,1.0,2.0,4.0,15.0,2.0,89.0,10.0,6.0,0.69,95.0,1.0,0.0,22.0,1.0,4.17117117117117,1.0,1.0,0.464912280701754,0.0,0.0,0.674705882352941,0.0,0.0,4.0,0.509232387604303,0.49076761239569694,3
209,14,10.0,6.0,1.0,1.0,2.0,4.0,15.0,2.0,89.0,50.0,6.0,0.69,95.0,1.0,0.0,22.0,1.0,337.0,1.0,1.0,0.464912280701754,0.0,0.0,1.0,0.0,0.0,0.0,0.940152565424193,0.05984743457580697,4
209,15,10.0,6.0,1.0,1.0,2.0,4.0,15.0,2.0,89.0,50.0,6.0,0.69,95.0,1.0,0.0,22.0,1.0,337.0,2.0,1.0,0.464912280701754,0.0,0.0,1.0,0.0,0.0,0.0,0.9423514254372906,0.057648574562709484,5
209,16,10.0,6.0,1.0,1.0,2.0,4.0,37.0,2.0,89.0,50.0,6.0,0.69,95.0,1.0,0.0,22.0,1.0,4.17117117117117,337.0,1.0,0.464912280701754,0.0,0.0,0.674705882352941,0.0,0.0,4.0,0.5084005141121816,0.49159948588781843,2
209,17,10.0,6.0,1.0,1.0,2.0,4.0,15.0,2.0,89.0,0.0,6.0,0.69,95.0,1.0,0.0,22.0,1.0,4.17117117117117,337.0,1.0,0.464912280701754,0.0,0.0,0.674705882352941,0.0,0.0,4.0,0.6637556484261541,0.3362443515738459,3
209,18,10.0,6.0,1.0,1.0,2.0,4.0,15.0,2.0,89.0,0.0,6.0,0.69,95.0,1.0,0.0,9.0,1.0,4.17117117117117,337.0,1.0,0.464912280701754,0.0,0.0,0.674705882352941,0.0,0.0,4.0,0.6915202157081934,0.3084797842918066,4
209,19,10.0,6.0,1.0,0.0,2.0,4.0,15.0,2.0,89.0,0.0,6.0,0.69,95.0,1.0,0.0,9.0,1.0,4.17117117117117,337.0,1.0,0.464912280701754,0.0,0.0,0.674705882352941,0.0,0.0,4.0,0.7089113116995824,0.2910886883004175,5
214,0,4.0,0.0,1.0,13.0,3.0,9.0,194.0,3.0,4.0,3.0,2.0,0.73,80.0,1.0,0.0,1.0,2.0,5.4,0.0,1.0,2.28571428571429,0.0,2.0,0.84394250513347,1.0,0.0,2.0,0.6282892462754956,0.37171075372450435,1
214,1,4.0,0.0,1.0,13.0,3.0,9.0,194.0,3.0,4.0,3.0,2.0,0.73,80.0,1.0,0.0,1.0,2.0,5.4,0.0,1.0,2.28571428571429,5.0,0.0,0.84394250513347,1.0,0.0,2.0,0.8394119698344367,0.1605880301655634,2
214,2,4.0,0.0,1.0,13.0,3.0,9.0,93.111,3.0,4.0,3.0,2.0,0.73,80.0,1.0,0.0,1.0,2.0,5.4,0.0,1.0,2.28571428571429,0.0,49.0,0.84394250513347,1.0,0.0,2.0,0.5034101010005574,0.4965898989994426,1
214,3,4.0,0.0,1.0,2.0,3.0,9.0,25.0,3.0,4.0,3.0,2.0,0.73,80.0,1.0,0.0,1.0,2.0,5.4,0.0,1.0,2.28571428571429,5.0,0.0,0.84394250513347,1.0,0.0,2.0,0.9161559573890783,0.08384404261092174,4
214,4,4.0,0.0,1.0,13.0,3.0,9.0,194.0,3.0,4.0,3.0,2.0,0.56,80.0,1.0,0.0,1.0,2.0,5.4,0.0,1.0,2.28571428571429,5.0,0.0,0.84394250513347,1.0,0.0,2.0,0.8735532410715203,0.12644675892847962,3
214,5,4.0,0.0,1.0,13.0,3.0,9.0,194.0,3.0,4.0,3.0,2.0,0.56,80.0,1.0,0.0,1.0,2.0,5.4,0.0,1.0,0.0,5.0,0.0,0.84394250513347,1.0,0.0,2.0,0.8835299867695756,0.11647001323042444,4
214,6,4.0,0.0,1.0,13.0,3.0,9.0,194.0,3.0,4.0,5.0,2.0,0.56,80.0,1.0,0.0,1.0,2.0,5.4,0.0,1.0,0.0,5.0,0.0,0.84394250513347,1.0,0.0,2.0,0.8927784013534484,0.10722159864655158,5
214,7,4.0,0.0,1.0,13.0,3.0,9.0,194.0,3.0,4.0,5.0,2.0,29.08,80.0,1.0,0.0,1.0,2.0,5.4,0.0,1.0,0.0,5.0,0.0,0.84394250513347,1.0,0.0,2.0,0.8994267379944492,0.10057326200555082,5
214,8,4.0,0.0,1.0,13.0,3.0,9.0,194.0,3.0,4.0,3.0,2.0,0.73,80.0,1.0,0.0,1.0,2.0,5.4,0.0,25.0,2.28571428571429,0.0,0.0,0.84394250513347,1.0,0.0,2.0,0.857069149681293,0.14293085031870698,2
214,9,4.0,0.0,1.0,13.0,3.0,9.0,194.0,3.0,4.0,3.0,2.0,0.73,80.0,1.0,0.0,1.0,2.0,5.4,0.0,25.0,2.28571428571429,5.0,0.0,0.84394250513347,1.0,0.0,2.0,0.918855971046997,0.08114402895300303,3
214,10,4.0,0.0,1.0,13.0,3.0,9.0,194.0,3.0,0.0,3.0,2.0,0.73,80.0,1.0,0.0,1.0,2.0,5.4,0.0,25.0,2.28571428571429,5.0,0.0,0.84394250513347,1.0,0.0,2.0,0.9424000484781575,0.057599951521842455,4
214,11,4.0,0.0,1.0,13.0,3.0,9.0,25.0,3.0,4.0,3.0,2.0,0.73,80.0,1.0,0.0,1.0,2.0,5.4,0.0,1.0,2.28571428571429,0.0,49.0,0.84394250513347,1.0,0.0,2.0,0.6846499902038718,0.3153500097961282,1
214,12,4.0,0.0,1.0,13.0,3.0,9.0,25.0,3.0,4.0,3.0,2.0,0.73,80.0,1.0,0.0,1.0,2.0,5.4,0.0,1.0,2.28571428571429,5.0,49.0,0.84394250513347,1.0,0.0,2.0,0.8039189878522093,0.19608101214779072,2
214,13,4.0,0.0,1.0,321.0,3.0,9.0,25.0,3.0,4.0,3.0,2.0,0.73,80.0,1.0,0.0,1.0,2.0,5.4,0.0,1.0,2.28571428571429,5.0,49.0,0.84394250513347,1.0,0.0,2.0,0.8525404875688811,0.1474595124311189,3
214,14,4.0,0.0,1.0,321.0,3.0,9.0,25.0,3.0,4.0,3.0,2.0,0.73,80.0,1.0,0.0,1.0,0.0,5.4,0.0,1.0,2.28571428571429,5.0,49.0,0.84394250513347,1.0,0.0,2.0,0.8821835132276816,0.11781648677231837,4
214,15,4.0,0.0,1.0,13.0,3.0,9.0,25.0,3.0,0.0,3.0,2.0,0.73,80.0,1.0,0.0,1.0,2.0,5.4,0.0,1.0,2.28571428571429,5.0,0.0,0.84394250513347,1.0,0.0,2.0,0.9179224907417187,0.08207750925828126,4
214,16,4.0,0.0,1.0,2.0,3.0,9.0,194.0,3.0,4.0,3.0,2.0,0.73,80.0,1.0,0.0,1.0,2.0,5.4,0.0,1.0,2.28571428571429,0.0,49.0,0.84394250513347,1.0,0.0,2.0,0.5786288504743629,0.4213711495256371,1
214,17,4.0,0.0,1.0,1.0,3.0,9.0,194.0,3.0,4.0,3.0,2.0,0.73,80.0,1.0,0.0,1.0,2.0,5.4,0.0,1.0,2.28571428571429,5.0,49.0,0.84394250513347,1.0,0.0,2.0,0.7174391069408478,0.2825608930591522,2
214,18,4.0,0.0,1.0,1.0,0.0,9.0,194.0,3.0,4.0,3.0,2.0,0.73,80.0,1.0,0.0,1.0,2.0,5.4,0.0,1.0,2.28571428571429,5.0,49.0,0.84394250513347,1.0,0.0,2.0,0.7347303177690112,0.26526968223098885,3
214,19,4.0,0.0,1.0,1.0,0.0,9.0,194.0,3.0,4.0,3.0,2.0,0.73,80.0,1.0,0.0,1.0,2.0,5.4,0.0,1.0,2.28571428571429,5.0,49.0,0.9,1.0,0.0,2.0,0.755887450841865,0.244112549158135,4
218,0,0.0,0.0,2.0,39.0,2.0,9.0,76.0,1.0,2.0,0.0,1.0,0.46,97.0,1.0,0.0,4.0,1.0,28.0,4.0,1.0,0.75,0.0,0.0,0.958847736625514,0.0,0.0,3.0,0.5987568174918954,0.4012431825081046,2
218,1,0.0,0.0,10.0,39.0,2.0,9.0,25.0,1.0,2.0,0.0,13.0,0.46,97.0,1.0,0.0,4.0,1.0,28.0,4.0,1.0,0.75,0.0,0.0,0.958847736625514,0.0,0.0,3.0,0.5102841990376046,0.4897158009623954,2
218,2,0.0,0.0,1.0,39.0,2.0,9.0,15.0,1.0,2.0,0.0,25.0,0.46,97.0,1.0,0.0,4.0,1.0,28.0,4.0,1.0,0.75,0.0,0.0,0.958847736625514,0.0,0.0,0.0,0.9402522408864744,0.05974775911352554,4
218,3,0.0,0.0,0.0,39.0,2.0,9.0,15.0,1.0,2.0,0.0,25.0,0.46,97.0,1.0,0.0,4.0,1.0,28.0,4.0,1.0,0.75,0.0,0.0,0.958847736625514,0.0,0.0,0.0,0.941720046925052,0.05827995307494804,4
218,4,0.0,0.0,10.0,39.0,2.0,9.0,76.0,1.0,2.0,0.0,13.0,0.46,97.0,1.0,0.0,4.0,1.0,28.0,4.0,1.0,0.75,5.0,0.0,0.958847736625514,0.0,0.0,3.0,0.5267259696330822,0.47327403036691784,2
218,5,0.0,0.0,10.0,39.0,2.0,9.0,76.0,1.0,2.0,0.0,13.0,0.46,97.0,1.0,0.0,4.0,1.0,28.0,4.0,25.0,0.75,0.0,0.0,0.958847736625514,0.0,0.0,3.0,0.5025896886603225,0.49741031133967756,2
218,6,0.0,0.0,10.0,39.0,2.0,9.0,76.0,1.0,2.0,0.0,25.0,1.05,97.0,1.0,0.0,4.0,1.0,28.0,4.0,25.0,0.75,5.0,0.0,0.958847736625514,0.0,0.0,3.0,0.8437548906607701,0.15624510933922986,4
218,7,0.0,0.0,2.0,39.0,2.0,9.0,76.0,1.0,2.0,0.0,0.0,0.46,97.0,1.0,0.0,4.0,1.0,28.0,4.0,1.0,0.75,0.0,0.0,0.958847736625514,0.0,0.0,2.0,0.5159895757579447,0.48401042424205526,2
218,8,0.0,0.0,2.0,7.0,2.0,9.0,76.0,1.0,2.0,0.0,0.0,0.46,97.0,1.0,0.0,4.0,1.0,28.0,4.0,1.0,0.75,0.0,0.0,0.958847736625514,0.0,0.0,3.0,0.5540649247384929,0.4459350752615071,2
218,9,0.0,0.0,1.0,2.0,2.0,9.0,76.0,1.0,2.0,0.0,0.0,29.08,97.0,1.0,0.0,4.0,1.0,28.0,4.0,1.0,0.75,0.0,0.0,0.958847736625514,0.0,0.0,0.0,0.9058241502648807,0.09417584973511932,4
218,10,0.0,0.0,10.0,39.0,2.0,9.0,76.0,1.0,2.0,0.0,0.0,29.08,97.0,1.0,0.0,4.0,1.0,3.0,4.0,1.0,0.75,0.0,0.0,0.958847736625514,0.0,0.0,3.0,0.5348297939744165,0.46517020602558345,2
218,11,0.0,0.0,1.0,1.0,2.0,9.0,76.0,1.0,2.0,0.0,0.0,29.08,97.0,1.0,0.0,4.0,1.0,0.0,4.0,1.0,0.75,0.0,0.0,0.958847736625514,0.0,0.0,0.0,0.9507350431147369,0.04926495688526312,5
218,12,0.0,0.0,0.0,1.0,2.0,9.0,76.0,1.0,2.0,0.0,0.0,29.08,97.0,1.0,0.0,4.0,1.0,0.0,4.0,1.0,0.75,0.0,0.0,0.958847736625514,0.0,0.0,0.0,0.9519584793715138,0.04804152062848625,5
218,13,0.0,0.0,10.0,39.0,2.0,9.0,25.0,1.0,2.0,0.0,0.0,0.31,97.0,1.0,0.0,4.0,1.0,28.0,4.0,1.0,0.75,0.0,0.0,0.958847736625514,0.0,0.0,3.0,0.5311761955514569,0.4688238044485431,2
218,14,0.0,0.0,10.0,39.0,2.0,9.0,25.0,1.0,2.0,0.0,0.0,0.46,97.0,1.0,0.0,4.0,1.0,28.0,4.0,25.0,0.75,0.0,0.0,0.958847736625514,0.0,0.0,3.0,0.5151446309325034,0.48485536906749654,2
218,15,0.0,0.0,10.0,39.0,2.0,9.0,15.0,1.0,2.0,0.0,0.0,0.31,97.0,1.0,0.0,4.0,1.0,28.0,4.0,25.0,0.75,0.0,0.0,0.9,0.0,0.0,3.0,0.7858249380336336,0.2141750619663664,4
218,16,0.0,0.0,10.0,39.0,2.0,9.0,15.0,1.0,2.0,0.0,0.0,0.31,97.0,1.0,0.0,4.0,0.0,28.0,4.0,25.0,0.75,0.0,0.0,0.9,0.0,0.0,3.0,0.8120413291494112,0.18795867085058884,5
218,17,0.0,0.0,10.0,39.0,2.0,9.0,15.0,1.0,2.0,0.0,25.0,0.46,97.0,1.0,0.0,4.0,1.0,28.0,4.0,1.0,0.75,0.0,0.0,0.958847736625514,0.0,0.0,3.0,0.6853214525175804,0.3146785474824197,2
218,18,0.0,0.0,10.0,39.0,2.0,9.0,15.0,1.0,2.0,0.0,25.0,0.46,97.0,1.0,0.0,4.0,1.0,28.0,4.0,1.0,0.75,0.0,0.0,0.958847736625514,0.0,0.0,0.0,0.8274492945674006,0.17255070543259937,3
218,19,0.0,0.0,10.0,39.0,2.0,9.0,15.0,1.0,2.0,0.0,25.0,0.46,97.0,1.0,0.0,4.0,1.0,6.0,4.0,1.0,0.75,0.0,0.0,0.958847736625514,0.0,0.0,0.0,0.8785772848854982,0.1214227151145018,4
221,0,68.0,11.0,1.0,78.0,3.0,7.0,93.111,8.0,23.0,61.0,43.0,0.51,98.0,1.0,0.0,48.0,2.0,5.77241379310345,0.0,0.0,1.01298701298701,0.0,16.0,1.0,1.0,0.0,10.0,0.5310724457769566,0.46892755422304344,3
221,1,68.0,11.0,1.0,78.0,3.0,7.0,15.0,8.0,23.0,61.0,43.0,0.51,98.0,1.0,0.0,48.0,2.0,5.77241379310345,0.0,0.0,1.01298701298701,0.0,0.0,1.0,1.0,0.0,0.0,0.8937604762806235,0.10623952371937653,4
221,2,68.0,11.0,1.0,78.0,3.0,7.0,71.0,8.0,23.0,61.0,43.0,0.05,98.0,1.0,0.0,48.0,2.0,5.77241379310345,0.0,0.0,1.01298701298701,0.0,16.0,0.747337131533317,1.0,0.0,0.0,0.5409063215819893,0.45909367841801074,4
221,3,68.0,11.0,1.0,78.0,3.0,7.0,15.0,8.0,23.0,61.0,43.0,0.51,98.0,1.0,0.0,48.0,2.0,5.77241379310345,0.0,25.0,1.01298701298701,0.0,0.0,1.0,1.0,0.0,10.0,0.8187003785536933,0.18129962144630674,4
221,4,68.0,11.0,1.0,78.0,3.0,7.0,15.0,1.0,23.0,61.0,43.0,0.51,98.0,1.0,0.0,48.0,2.0,5.77241379310345,0.0,25.0,1.01298701298701,0.0,0.0,1.0,1.0,0.0,10.0,0.8520613471075164,0.14793865289248367,5
221,5,68.0,11.0,1.0,78.0,3.0,7.0,15.0,8.0,23.0,61.0,43.0,0.51,98.0,1.0,0.0,48.0,2.0,3.9,0.0,25.0,1.01298701298701,0.0,0.0,1.0,1.0,0.0,10.0,0.8406610664606362,0.15933893353936374,5
221,6,68.0,11.0,1.0,78.0,3.0,7.0,93.111,8.0,23.0,61.0,43.0,0.51,98.0,1.0,0.0,48.0,2.0,3.9,0.0,25.0,1.01298701298701,0.0,0.0,1.0,1.0,0.0,10.0,0.8412798369531482,0.15872016304685171,5
221,7,68.0,11.0,1.0,78.0,3.0,7.0,93.111,8.0,23.0,61.0,43.0,0.51,98.0,1.0,0.0,48.0,2.0,3.0,0.0,25.0,1.01298701298701,0.0,0.0,1.0,1.0,0.0,10.0,0.8735809497655487,0.12641905023445138,5
221,8,68.0,11.0,1.0,78.0,3.0,7.0,71.0,8.0,23.0,61.0,43.0,0.51,98.0,1.0,0.0,48.0,2.0,5.77241379310345,0.0,0.0,1.01298701298701,0.0,111.0,1.0,1.0,0.0,10.0,0.5106663195476839,0.4893336804523161,2
221,9,68.0,11.0,1.0,78.0,3.0,7.0,15.0,8.0,23.0,61.0,25.0,0.51,98.0,1.0,0.0,48.0,2.0,5.77241379310345,0.0,0.0,1.01298701298701,0.0,0.0,1.0,1.0,0.0,0.0,0.9077575569149957,0.09224244308500429,5
221,10,68.0,11.0,1.0,78.0,3.0,7.0,127.0,8.0,23.0,61.0,43.0,0.51,98.0,1.0,0.0,48.0,2.0,5.77241379310345,0.0,25.0,1.01298701298701,0.0,111.0,1.0,1.0,0.0,10.0,0.5007207389418733,0.4992792610581267,3
221,11,68.0,11.0,1.0,78.0,0.0,7.0,15.0,8.0,23.0,61.0,43.0,0.51,98.0,1.0,0.0,48.0,2.0,5.77241379310345,0.0,25.0,1.01298701298701,0.0,111.0,1.0,1.0,0.0,10.0,0.6699260299593621,0.3300739700406379,4
221,12,68.0,11.0,1.0,78.0,0.0,7.0,71.0,8.0,23.0,61.0,43.0,0.51,98.0,1.0,0.0,48.0,2.0,5.77241379310345,0.0,25.0,1.01298701298701,0.0,111.0,1.0,1.0,0.0,10.0,0.690537231220763,0.30946276877923695,4
221,13,68.0,11.0,1.0,78.0,3.0,7.0,15.0,8.0,2.0,61.0,43.0,0.51,98.0,1.0,0.0,48.0,2.0,5.77241379310345,0.0,0.0,1.01298701298701,0.0,0.0,1.0,1.0,0.0,10.0,0.7152299116532228,0.28477008834677714,4
221,14,68.0,11.0,1.0,78.0,3.0,7.0,15.0,8.0,2.0,61.0,43.0,0.51,98.0,1.0,0.0,48.0,2.0,5.77241379310345,0.0,0.0,1.8,0.0,0.0,1.0,1.0,0.0,10.0,0.7421506226545487,0.2578493773454514,5
221,15,68.0,11.0,1.0,78.0,3.0,7.0,25.0,1.0,23.0,61.0,43.0,0.51,98.0,1.0,0.0,48.0,2.0,5.77241379310345,0.0,25.0,1.01298701298701,0.0,16.0,0.747337131533317,1.0,0.0,0.0,0.5139143757223863,0.4860856242776137,5
221,16,68.0,11.0,1.0,78.0,3.0,7.0,15.0,1.0,23.0,61.0,43.0,0.51,98.0,1.0,0.0,48.0,2.0,5.77241379310345,0.0,0.0,1.01298701298701,0.0,0.0,1.0,1.0,0.0,0.0,0.9147478651124357,0.08525213488756432,5
221,17,68.0,11.0,1.0,0.0,3.0,7.0,15.0,8.0,23.0,61.0,43.0,0.51,98.0,1.0,0.0,48.0,1.0,5.77241379310345,0.0,0.0,1.01298701298701,0.0,16.0,0.747337131533317,1.0,0.0,0.0,0.5448805359452618,0.4551194640547382,5
221,18,68.0,11.0,1.0,78.0,3.0,7.0,193.556,8.0,23.0,61.0,43.0,0.51,98.0,1.0,0.0,48.0,2.0,5.77241379310345,0.0,0.0,1.01298701298701,0.0,111.0,1.0,1.0,0.0,0.0,0.5065102879565551,0.49348971204344494,3
221,19,68.0,11.0,1.0,78.0,3.0,7.0,15.0,8.0,23.0,61.0,43.0,0.51,98.0,1.0,0.0,48.0,0.0,5.77241379310345,0.0,0.0,1.01298701298701,0.0,111.0,1.0,1.0,0.0,0.0,0.700893892182622,0.299106107817378,4
224,0,1.0,1.0,1.0,9.0,0.0,5.0,126.0,1.0,12.0,16.0,0.0,0.79,88.0,1.0,0.0,7.0,1.0,5.07142857142857,1.0,1.0,1.125,0.0,0.0,0.9,0.0,0.0,1.0,0.5949610394912042,0.4050389605087959,1
224,1,1.0,1.0,1.0,9.0,0.0,5.0,25.0,1.0,12.0,16.0,0.0,0.79,88.0,1.0,0.0,7.0,1.0,5.07142857142857,1.0,1.0,1.125,0.0,0.0,0.713310580204778,0.0,0.0,1.0,0.5581567098207436,0.44184329017925644,1
224,2,1.0,1.0,1.0,9.0,0.0,5.0,15.0,1.0,12.0,16.0,0.0,0.05,88.0,1.0,0.0,7.0,1.0,5.07142857142857,1.0,1.0,1.125,0.0,0.0,1.0,0.0,0.0,1.0,0.9714503223777835,0.028549677622216534,3
224,3,1.0,1.0,1.0,9.0,0.0,2.0,15.0,1.0,12.0,16.0,0.0,0.05,88.0,1.0,0.0,7.0,1.0,5.07142857142857,1.0,1.0,1.125,0.0,0.0,1.0,0.0,0.0,1.0,0.9759372763421738,0.02406272365782621,4
224,4,1.0,1.0,1.0,9.0,0.0,5.0,126.0,1.0,12.0,16.0,0.0,0.05,88.0,1.0,0.0,7.0,1.0,5.07142857142857,1.0,1.0,1.125,0.0,0.0,0.713310580204778,0.0,0.0,1.0,0.5832353388285347,0.41676466117146527,1
224,5,1.0,1.0,1.0,9.0,0.0,5.0,126.0,1.0,12.0,0.0,0.0,0.05,88.0,1.0,0.0,7.0,1.0,5.07142857142857,1.0,1.0,1.125,0.0,0.0,1.0,0.0,0.0,1.0,0.9509257301507721,0.04907426984922793,3
224,6,1.0,1.0,1.0,9.0,0.0,5.0,126.0,1.0,12.0,0.0,1.0,0.05,88.0,1.0,0.0,7.0,1.0,5.07142857142857,1.0,1.0,1.125,0.0,0.0,1.0,0.0,0.0,1.0,0.9585231346631011,0.04147686533689887,4
224,7,0.0,1.0,1.0,9.0,0.0,5.0,126.0,1.0,12.0,0.0,0.0,0.79,88.0,1.0,0.0,7.0,1.0,5.07142857142857,1.0,1.0,1.125,0.0,0.0,0.713310580204778,0.0,0.0,1.0,0.5035127694576595,0.49648723054234045,2
224,8,1.0,1.0,1.0,9.0,0.0,5.0,126.0,1.0,12.0,0.0,0.0,0.79,88.0,1.0,0.0,7.0,1.0,5.07142857142857,1.0,1.0,1.125,0.0,0.0,1.0,0.0,0.0,1.0,0.8662848203277789,0.13371517967222118,2
224,9,1.0,1.0,1.0,9.0,0.0,0.0,126.0,1.0,12.0,16.0,0.0,0.79,88.0,1.0,0.0,7.0,1.0,5.07142857142857,1.0,1.0,1.125,0.0,0.0,0.713310580204778,0.0,0.0,1.0,0.5076061323197505,0.4923938676802495,1
224,10,1.0,1.0,1.0,9.0,0.0,0.0,126.0,1.0,12.0,0.0,0.0,0.79,88.0,1.0,0.0,7.0,1.0,5.07142857142857,1.0,1.0,1.125,0.0,0.0,1.0,1.0,0.0,1.0,0.9111947689686721,0.08880523103132781,4
224,11,1.0,1.0,1.0,9.0,0.0,5.0,126.0,1.0,12.0,0.0,0.0,0.79,88.0,1.0,0.0,7.0,6.0,5.07142857142857,1.0,1.0,1.125,0.0,0.0,0.713310580204778,0.0,0.0,1.0,0.5413606798656863,0.45863932013431374,2
224,12,1.0,1.0,1.0,9.0,0.0,0.0,126.0,1.0,12.0,16.0,0.0,0.05,88.0,1.0,0.0,7.0,1.0,5.07142857142857,1.0,1.0,1.125,0.0,0.0,1.0,0.0,0.0,1.0,0.9512381524076636,0.0487618475923364,3
224,13,1.0,1.0,1.0,9.0,0.0,0.0,126.0,1.0,12.0,0.0,0.0,0.05,88.0,1.0,0.0,7.0,1.0,5.07142857142857,1.0,1.0,1.125,0.0,0.0,1.0,0.0,0.0,1.0,0.962901341522777,0.03709865847722302,4
224,14,1.0,1.0,1.0,0.0,0.0,5.0,126.0,1.0,12.0,0.0,0.0,0.79,88.0,1.0,0.0,7.0,1.0,5.07142857142857,1.0,1.0,1.125,0.0,0.0,0.713310580204778,0.0,0.0,1.0,0.5031406312984518,0.49685936870154823,2
224,15,1.0,1.0,1.0,9.0,0.0,5.0,15.0,1.0,12.0,16.0,0.0,0.79,88.0,1.0,0.0,7.0,1.0,5.07142857142857,1.0,1.0,1.125,0.0,0.0,0.713310580204778,0.0,0.0,1.0,0.617594171452247,0.382405828547753,1
224,16,1.0,1.0,1.0,9.0,0.0,5.0,15.0,1.0,12.0,0.0,0.0,0.79,88.0,1.0,0.0,7.0,1.0,5.07142857142857,1.0,1.0,1.125,0.0,0.0,0.713310580204778,0.0,0.0,1.0,0.7515875952116917,0.24841240478830826,2
224,17,1.0,1.0,1.0,9.0,0.0,5.0,15.0,1.0,12.0,0.0,0.0,0.79,88.0,1.0,0.0,7.0,1.0,0.0,1.0,1.0,1.125,0.0,0.0,0.713310580204778,0.0,0.0,1.0,0.7718327532947917,0.22816724670520827,3
224,18,1.0,1.0,1.0,9.0,0.0,9.0,15.0,1.0,12.0,0.0,0.0,0.79,88.0,1.0,0.0,7.0,1.0,0.0,1.0,1.0,1.125,0.0,0.0,0.713310580204778,0.0,0.0,1.0,0.8001783852098644,0.19982161479013558,4
224,19,1.0,1.0,1.0,9.0,0.0,9.0,15.0,1.0,12.0,0.0,0.0,0.79,88.0,1.0,0.0,7.0,0.0,0.0,1.0,1.0,1.125,0.0,0.0,0.713310580204778,0.0,0.0,1.0,0.805308072717005,0.19469192728299498,5
226,0,1.0,0.0,2.0,0.0,3.0,14.0,73.0,1.0,3.0,0.0,0.0,0.55,0.0,1.0,0.0,4.0,1.0,22.75,0.0,1.0,1.16666666666667,0.0,0.0,0.962264150943396,0.0,0.0,2.0,0.578555674454059,0.42144432554594097,1
226,1,1.0,0.0,1.0,0.0,3.0,14.0,73.0,1.0,3.0,0.0,0.0,0.55,0.0,1.0,0.0,4.0,1.0,22.75,0.0,1.0,5.2,0.0,0.0,0.962264150943396,0.0,0.0,2.0,0.8416199678378388,0.1583800321621612,2
226,2,1.0,0.0,11.0,0.0,3.0,14.0,73.0,1.0,3.0,0.0,2.0,0.55,0.0,1.0,0.0,4.0,1.0,22.75,0.0,1.0,1.16666666666667,0.0,0.0,0.962264150943396,0.0,0.0,2.0,0.5065453271516327,0.4934546728483673,1
226,3,1.0,0.0,1.0,0.0,3.0,14.0,73.0,1.0,3.0,0.0,25.0,0.55,0.0,1.0,0.0,4.0,1.0,22.75,0.0,25.0,5.2,0.0,0.0,0.962264150943396,0.0,0.0,2.0,0.9506986343233843,0.0493013656766157,4
226,4,1.0,0.0,1.0,0.0,3.0,0.0,73.0,1.0,3.0,0.0,25.0,0.55,0.0,1.0,0.0,4.0,1.0,22.75,0.0,25.0,5.2,0.0,0.0,0.962264150943396,0.0,0.0,2.0,0.9692559250117025,0.030744074988297496,5
226,5,1.0,0.0,11.0,0.0,3.0,14.0,73.0,1.0,3.0,0.0,25.0,0.55,0.0,1.0,0.0,4.0,1.0,22.75,0.0,1.0,1.16666666666667,0.0,0.0,0.962264150943396,0.0,0.0,2.0,0.6140913488101589,0.385908651189841,1
226,6,1.0,0.0,11.0,0.0,3.0,14.0,73.0,1.0,3.0,0.0,25.0,0.55,0.0,1.0,0.0,4.0,1.0,22.75,0.0,25.0,1.16666666666667,0.0,0.0,0.962264150943396,0.0,0.0,2.0,0.778654220971328,0.22134577902867203,2
226,7,1.0,0.0,11.0,0.0,3.0,14.0,73.0,1.0,3.0,0.0,0.0,29.08,0.0,1.0,0.0,4.0,1.0,22.75,0.0,1.0,1.16666666666667,0.0,0.0,0.962264150943396,0.0,0.0,2.0,0.5176890260867592,0.48231097391324085,1
226,8,1.0,0.0,11.0,0.0,3.0,14.0,73.0,1.0,3.0,0.0,25.0,29.08,0.0,1.0,0.0,4.0,1.0,22.75,0.0,25.0,1.16666666666667,0.0,0.0,0.962264150943396,0.0,0.0,0.0,0.8962098060400803,0.10379019395991972,4
226,9,1.0,0.0,11.0,0.0,3.0,14.0,73.0,1.0,3.0,0.0,25.0,29.08,0.0,1.0,0.0,4.0,1.0,22.75,0.0,25.0,1.16666666666667,0.0,0.0,1.0,0.0,0.0,0.0,0.9121461855616843,0.08785381443831576,5
226,10,1.0,0.0,11.0,0.0,3.0,14.0,73.0,1.0,3.0,0.0,25.0,0.31,0.0,1.0,0.0,4.0,1.0,22.75,0.0,25.0,1.16666666666667,0.0,0.0,1.0,0.0,0.0,0.0,0.9175554323814012,0.08244456761859881,5
226,11,1.0,0.0,11.0,0.0,3.0,14.0,73.0,1.0,3.0,0.0,0.0,0.55,0.0,1.0,0.0,4.0,1.0,22.75,0.0,25.0,1.16666666666667,0.0,0.0,0.962264150943396,0.0,0.0,2.0,0.528860858674429,0.471139141325571,1
226,12,1.0,0.0,11.0,0.0,3.0,0.0,73.0,1.0,3.0,0.0,0.0,0.55,0.0,1.0,0.0,4.0,1.0,22.75,0.0,1.0,1.16666666666667,0.0,0.0,0.962264150943396,0.0,0.0,2.0,0.5202206533756052,0.4797793466243948,1
226,13,1.0,0.0,1.0,0.0,3.0,0.0,73.0,1.0,3.0,0.0,0.0,0.55,0.0,1.0,0.0,4.0,1.0,22.75,0.0,1.0,1.16666666666667,0.0,0.0,0.962264150943396,0.0,0.0,0.0,0.8932485900650965,0.10675140993490351,3
226,14,1.0,0.0,1.0,0.0,62.0,0.0,73.0,1.0,3.0,0.0,0.0,0.55,0.0,1.0,0.0,4.0,1.0,22.75,0.0,1.0,1.16666666666667,0.0,0.0,0.962264150943396,0.0,0.0,0.0,0.9202653476498517,0.07973465235014837,4
226,15,1.0,0.0,0.0,0.0,62.0,0.0,73.0,1.0,3.0,0.0,0.0,0.55,0.0,1.0,0.0,4.0,1.0,22.75,0.0,1.0,1.16666666666667,0.0,0.0,0.962264150943396,0.0,0.0,0.0,0.9226026274670317,0.07739737253296833,4
226,16,1.0,0.0,11.0,0.0,3.0,14.0,73.0,1.0,3.0,0.0,25.0,29.08,0.0,1.0,0.0,4.0,1.0,22.75,0.0,25.0,1.16666666666667,0.0,0.0,0.962264150943396,0.8,0.0,0.0,0.9088944583359142,0.09110554166408578,5
226,17,1.0,0.0,11.0,0.0,3.0,14.0,73.0,1.0,3.0,0.0,0.0,0.55,0.0,1.0,0.0,4.0,1.0,22.75,0.0,1.0,5.2,0.0,0.0,0.962264150943396,0.0,0.0,2.0,0.6004444281870641,0.3995555718129359,1
226,18,1.0,0.0,11.0,0.0,3.0,14.0,73.0,1.0,3.0,0.0,0.0,0.55,0.0,1.0,0.0,4.0,1.0,22.75,0.0,1.0,5.2,0.0,0.0,0.962264150943396,0.0,0.0,0.0,0.7663497665084062,0.23365023349159375,2
226,19,1.0,0.0,11.0,0.0,3.0,14.0,73.0,1.0,3.0,0.0,0.0,0.55,0.0,1.0,0.0,4.0,1.0,22.75,337.0,1.0,5.2,0.0,0.0,0.962264150943396,0.0,0.0,0.0,0.8468766952156505,0.15312330478434955,3
241,0,6.0,0.0,1.0,6.0,63.0,11.0,93.111,2.0,0.0,0.0,58.0,0.9,98.0,1.0,0.0,33.0,2.0,4.125,0.0,1.0,0.686567164179104,0.0,148.0,1.0,1.0,0.0,6.0,0.6067598915351177,0.39324010846488233,2
241,1,6.0,0.0,1.0,6.0,63.0,11.0,71.0,2.0,0.0,0.0,58.0,0.9,98.0,1.0,0.0,33.0,2.0,4.125,0.0,1.0,0.686567164179104,0.0,0.0,1.0,1.0,0.0,6.0,0.8660574681764105,0.13394253182358953,3
241,2,6.0,0.0,1.0,6.0,63.0,11.0,71.0,2.0,0.0,0.0,58.0,29.08,98.0,1.0,0.0,33.0,2.0,4.125,0.0,1.0,0.686567164179104,0.0,0.0,1.0,1.0,0.0,6.0,0.8979299085290336,0.10207009147096634,4
241,3,0.0,0.0,1.0,6.0,63.0,11.0,71.0,2.0,0.0,0.0,58.0,29.08,98.0,1.0,0.0,33.0,2.0,4.125,0.0,1.0,0.686567164179104,0.0,0.0,1.0,1.0,0.0,6.0,0.9272170615548175,0.07278293844518247,5
241,4,0.0,0.0,1.0,6.0,63.0,11.0,37.0,2.0,0.0,0.0,58.0,0.9,98.0,1.0,0.0,33.0,2.0,4.125,0.0,1.0,0.686567164179104,0.0,16.0,0.603065539112051,1.0,0.0,6.0,0.5077063131370445,0.49229368686295544,3
241,5,6.0,0.0,1.0,1.0,63.0,11.0,71.0,2.0,0.0,0.0,58.0,0.9,98.0,1.0,0.0,33.0,2.0,4.125,0.0,1.0,0.686567164179104,0.0,0.0,1.0,1.0,0.0,6.0,0.9145071884086663,0.08549281159133373,4
241,6,6.0,0.0,1.0,1.0,63.0,11.0,15.0,2.0,0.0,0.0,58.0,0.9,98.0,1.0,0.0,33.0,2.0,4.125,0.0,1.0,0.686567164179104,0.0,0.0,1.0,1.0,0.0,6.0,0.9239372609007044,0.07606273909929556,4
241,7,6.0,0.0,1.0,6.0,63.0,11.0,71.0,2.0,0.0,0.0,58.0,0.9,98.0,1.0,0.0,33.0,2.0,4.125,0.0,1.0,0.686567164179104,0.0,2.0,0.603065539112051,1.0,0.0,2.0,0.5289432076234194,0.4710567923765806,3
241,8,6.0,0.0,1.0,6.0,63.0,11.0,15.0,2.0,0.0,0.0,58.0,0.9,98.0,1.0,0.0,33.0,2.0,4.125,0.0,1.0,0.686567164179104,0.0,16.0,0.603065539112051,1.0,0.0,2.0,0.504712473440593,0.49528752655940705,3
241,9,1.0,0.0,1.0,6.0,63.0,11.0,15.0,2.0,0.0,0.0,58.0,0.9,98.0,1.0,0.0,33.0,2.0,4.125,0.0,1.0,0.686567164179104,0.0,0.0,1.0,1.0,0.0,2.0,0.9487715164692246,0.0512284835307754,5
241,10,6.0,0.0,1.0,6.0,63.0,11.0,37.0,2.0,0.0,0.0,58.0,0.9,98.0,1.0,0.0,33.0,2.0,4.125,0.0,1.0,0.686567164179104,0.0,16.0,0.603065539112051,1.0,0.0,0.0,0.5103902033490438,0.48960979665095616,3
241,11,0.0,0.0,1.0,6.0,63.0,11.0,71.0,2.0,0.0,0.0,58.0,0.9,98.0,1.0,0.0,33.0,2.0,4.125,0.0,1.0,0.686567164179104,0.0,0.0,1.0,1.0,0.0,6.0,0.8959186580920909,0.10408134190790908,4
241,12,0.0,0.0,1.0,6.0,63.0,11.0,15.0,2.0,0.0,0.0,58.0,0.9,98.0,1.0,0.0,33.0,2.0,4.125,0.0,1.0,0.686567164179104,0.0,0.0,1.0,1.0,0.0,6.0,0.9178992920540885,0.08210070794591154,4
241,13,0.0,0.0,1.0,6.0,63.0,11.0,15.0,2.0,0.0,0.0,25.0,0.9,98.0,1.0,0.0,33.0,2.0,4.125,0.0,1.0,0.686567164179104,0.0,0.0,1.0,1.0,0.0,6.0,0.9282914147810861,0.07170858521891393,5
241,14,0.0,0.0,1.0,6.0,63.0,11.0,71.0,2.0,0.0,0.0,58.0,0.9,98.0,1.0,0.0,33.0,2.0,4.125,0.0,1.0,0.686567164179104,0.0,148.0,1.0,1.0,0.0,6.0,0.7990517063488456,0.2009482936511544,3
241,15,0.0,0.0,1.0,6.0,63.0,11.0,71.0,2.0,0.0,0.0,58.0,0.9,98.0,1.0,0.0,33.0,2.0,4.125,0.0,1.0,0.686567164179104,5.0,148.0,1.0,1.0,0.0,6.0,0.8640054286714466,0.1359945713285534,4
241,16,0.0,0.0,1.0,6.0,63.0,11.0,71.0,2.0,93.0,0.0,58.0,0.9,98.0,1.0,0.0,33.0,2.0,4.125,0.0,1.0,0.686567164179104,5.0,148.0,1.0,1.0,0.0,6.0,0.9101652058499509,0.08983479415004914,5
241,17,6.0,0.0,1.0,6.0,63.0,11.0,71.0,2.0,0.0,0.0,25.0,0.9,98.0,1.0,0.0,33.0,2.0,4.125,0.0,1.0,0.686567164179104,0.0,0.0,1.0,1.0,0.0,6.0,0.8821692453878957,0.11783075461210434,4
241,18,6.0,0.0,1.0,6.0,63.0,11.0,15.0,2.0,0.0,0.0,25.0,0.9,98.0,1.0,0.0,33.0,2.0,4.125,0.0,1.0,0.686567164179104,0.0,0.0,1.0,1.0,0.0,6.0,0.8947557784325436,0.10524422156745637,4
241,19,6.0,0.0,1.0,6.0,63.0,11.0,71.0,2.0,0.0,0.0,58.0,0.9,66.0,1.0,0.0,33.0,2.0,4.125,0.0,1.0,0.686567164179104,0.0,0.0,1.0,1.0,0.0,6.0,0.8994588347399604,0.10054116526003963,4
243,0,1.0,0.0,1.0,0.0,0.0,2.0,41.0,1.0,0.0,1.0,4.0,1.47,60.0,2.0,0.0,4.0,1.0,1.0,0.0,1.0,0.428571428571429,0.0,13.0,0.808080808080808,1.0,0.0,0.0,0.5402010846914711,0.45979891530852895,1
243,1,1.0,0.0,1.0,0.0,0.0,2.0,41.0,1.0,1.0,1.0,4.0,0.98,60.0,2.0,0.0,4.0,1.0,1.0,0.0,1.0,0.428571428571429,0.0,13.0,0.808080808080808,1.0,0.0,0.0,0.523695728413657,0.476304271586343,1
243,2,1.0,0.0,1.0,0.0,0.0,2.0,41.0,1.0,0.0,1.0,4.0,0.98,60.0,2.0,0.0,4.0,1.0,3.0,0.0,1.0,0.428571428571429,0.0,13.0,0.808080808080808,1.0,0.0,0.0,0.5084650214064015,0.4915349785935985,1
243,3,1.0,0.0,1.0,0.0,0.0,2.0,15.0,1.0,93.0,1.0,4.0,29.08,60.0,2.0,0.0,4.0,1.0,337.0,0.0,1.0,0.428571428571429,0.0,13.0,0.808080808080808,1.0,0.0,0.0,0.9549509280666372,0.04504907193336279,4
243,4,1.0,0.0,1.0,0.0,0.0,2.0,41.0,1.0,93.0,1.0,4.0,0.98,60.0,2.0,0.0,4.0,1.0,1.0,0.0,1.0,0.428571428571429,0.0,13.0,0.808080808080808,1.0,0.0,0.0,0.6737177807564577,0.3262822192435423,1
243,5,1.0,0.0,1.0,0.0,0.0,2.0,41.0,1.0,93.0,1.0,4.0,0.98,60.0,2.0,0.0,4.0,1.0,337.0,0.0,1.0,0.428571428571429,0.0,13.0,0.808080808080808,1.0,0.0,0.0,0.8282896399572,0.1717103600428001,2
243,6,1.0,0.0,1.0,0.0,0.0,2.0,41.0,1.0,93.0,1.0,4.0,0.98,60.0,2.0,0.0,4.0,6.0,337.0,0.0,1.0,0.428571428571429,0.0,13.0,0.808080808080808,1.0,0.0,0.0,0.8998744281072294,0.10012557189277059,3
243,7,1.0,0.0,1.0,0.0,0.0,2.0,41.0,1.0,93.0,1.0,4.0,0.98,60.0,2.0,0.0,4.0,6.0,337.0,0.0,1.0,0.428571428571429,0.0,13.0,0.9,1.0,0.0,0.0,0.9172861865057076,0.08271381349429241,4
243,8,1.0,0.0,1.0,0.0,0.0,2.0,41.0,1.0,93.0,1.0,4.0,0.98,60.0,0.0,0.0,4.0,6.0,337.0,0.0,1.0,0.428571428571429,0.0,13.0,0.9,1.0,0.0,0.0,0.9250321682702608,0.07496783172973918,5
243,9,1.0,0.0,1.0,0.0,0.0,2.0,15.0,1.0,0.0,1.0,4.0,29.08,60.0,2.0,0.0,4.0,1.0,1.0,0.0,1.0,0.428571428571429,0.0,13.0,0.808080808080808,1.0,0.0,0.0,0.8331869582248832,0.16681304177511677,2
243,10,1.0,0.0,1.0,0.0,0.0,2.0,15.0,1.0,0.0,1.0,4.0,29.08,60.0,2.0,0.0,4.0,1.0,1.0,0.0,1.0,0.428571428571429,0.0,13.0,1.0,1.0,0.0,0.0,0.8849591074277764,0.11504089257222358,3
243,11,1.0,0.0,1.0,0.0,0.0,2.0,37.0,1.0,0.0,1.0,4.0,0.98,60.0,2.0,0.0,4.0,1.0,1.0,0.0,1.0,0.428571428571429,0.0,13.0,0.808080808080808,1.0,0.0,0.0,0.5407854890334381,0.45921451096656185,1
243,12,1.0,0.0,1.0,0.0,0.0,2.0,41.0,1.0,0.0,1.0,4.0,29.08,60.0,2.0,0.0,4.0,1.0,6.0,0.0,1.0,0.428571428571429,0.0,13.0,0.808080808080808,1.0,0.0,0.0,0.8491597295578999,0.15084027044210013,2
243,13,1.0,0.0,1.0,0.0,0.0,2.0,41.0,1.0,0.0,1.0,4.0,29.08,60.0,0.0,0.0,4.0,1.0,6.0,0.0,1.0,0.428571428571429,0.0,13.0,0.808080808080808,1.0,0.0,0.0,0.9058839340088424,0.09411606599115767,3
243,14,1.0,0.0,1.0,0.0,0.0,2.0,41.0,1.0,0.0,1.0,4.0,29.08,60.0,0.0,0.0,6.0,1.0,6.0,0.0,1.0,0.428571428571429,0.0,13.0,0.808080808080808,1.0,0.0,0.0,0.9254814277372869,0.0745185722627131,4
243,15,1.0,0.0,1.0,0.0,0.0,2.0,41.0,1.0,0.0,1.0,4.0,29.08,60.0,0.0,0.0,6.0,1.0,6.0,0.0,1.0,0.428571428571429,0.0,13.0,0.9,1.0,0.0,0.0,0.9381830005308112,0.06181699946918878,5
243,16,1.0,0.0,1.0,0.0,0.0,2.0,15.0,1.0,93.0,1.0,4.0,0.98,60.0,2.0,0.0,4.0,1.0,337.0,0.0,1.0,0.428571428571429,0.0,13.0,0.808080808080808,1.0,0.0,0.0,0.8921882605924065,0.10781173940759346,3
243,17,1.0,0.0,1.0,0.0,0.0,2.0,41.0,1.0,0.0,1.0,4.0,0.98,60.0,2.0,0.0,4.0,1.0,337.0,0.0,1.0,0.428571428571429,0.0,13.0,0.808080808080808,1.0,0.0,0.0,0.6567251792962159,0.3432748207037842,1
243,18,1.0,0.0,1.0,0.0,0.0,2.0,41.0,1.0,0.0,1.0,4.0,0.98,60.0,2.0,0.0,4.0,6.0,337.0,0.0,1.0,0.428571428571429,0.0,13.0,0.808080808080808,1.0,0.0,0.0,0.780915696546412,0.21908430345358798,2
243,19,1.0,0.0,1.0,0.0,0.0,2.0,41.0,1.0,0.0,1.0,4.0,0.98,60.0,2.0,0.0,4.0,6.0,337.0,0.0,1.0,0.428571428571429,0.0,13.0,1.0,1.0,0.0,0.0,0.8416640020983911,0.15833599790160888,3
247,0,1.0,0.0,1.0,2.0,1.0,4.0,95.0,1.0,0.0,5.0,14.0,0.83,72.0,1.0,0.0,2.0,3.0,2.73333333333333,0.0,1.0,0.647058823529412,0.0,30.0,0.9,0.75,0.0,2.0,0.5142641038288664,0.48573589617113355,1
247,1,1.0,0.0,1.0,2.0,1.0,4.0,95.0,1.0,0.0,5.0,14.0,0.83,72.0,1.0,0.0,128.0,3.0,2.73333333333333,0.0,1.0,0.647058823529412,0.0,30.0,1.0,0.75,0.0,2.0,0.8201426079397043,0.17985739206029572,2
247,2,1.0,0.0,1.0,2.0,1.0,4.0,95.0,1.0,0.0,5.0,14.0,0.83,72.0,1.0,0.0,3.0,3.0,2.73333333333333,0.0,1.0,0.0,0.0,30.0,0.568548387096774,0.75,0.0,2.0,0.5825553228744144,0.41744467712558564,2
247,3,1.0,0.0,1.0,2.0,1.0,4.0,95.0,1.0,0.0,5.0,14.0,29.08,72.0,1.0,0.0,2.0,3.0,2.73333333333333,0.0,1.0,0.647058823529412,0.0,30.0,0.568548387096774,0.75,0.0,2.0,0.5141422932480297,0.4858577067519703,1
247,4,1.0,0.0,1.0,2.0,1.0,4.0,95.0,1.0,0.0,5.0,14.0,29.08,72.0,1.0,0.0,128.0,3.0,2.73333333333333,0.0,2.0,0.0,0.0,30.0,1.0,0.75,0.0,2.0,0.9140648330016704,0.0859351669983296,5
247,5,1.0,0.0,1.0,2.0,1.0,4.0,95.0,1.0,0.0,5.0,14.0,29.08,72.0,1.0,0.0,21.0,3.0,2.73333333333333,0.0,2.0,0.0,0.0,30.0,1.0,0.75,0.0,2.0,0.9165428149257204,0.08345718507427963,5
247,6,1.0,0.0,1.0,2.0,1.0,4.0,95.0,1.0,0.0,5.0,14.0,29.08,72.0,1.0,0.0,2.0,3.0,2.73333333333333,0.0,1.0,0.647058823529412,0.0,30.0,1.0,0.75,0.0,2.0,0.7845378017390721,0.2154621982609279,2
247,7,1.0,0.0,1.0,2.0,1.0,4.0,95.0,1.0,93.0,5.0,14.0,29.08,72.0,1.0,0.0,2.0,3.0,2.73333333333333,0.0,1.0,0.647058823529412,0.0,30.0,1.0,0.75,0.0,2.0,0.8626511509557081,0.1373488490442919,3
247,8,1.0,0.0,1.0,2.0,1.0,4.0,95.0,1.0,93.0,5.0,14.0,29.08,72.0,1.0,0.0,2.0,3.0,2.73333333333333,0.0,1.0,0.647058823529412,0.0,30.0,1.0,1.0,0.0,2.0,0.9150812828923071,0.08491871710769296,4
247,9,1.0,0.0,1.0,2.0,1.0,4.0,95.0,1.0,0.0,5.0,14.0,0.83,72.0,1.0,0.0,2.0,3.0,2.73333333333333,0.0,1.0,0.647058823529412,0.0,0.0,1.0,0.75,0.0,2.0,0.8368867143078766,0.16311328569212336,2
247,10,1.0,0.0,1.0,2.0,1.0,4.0,95.0,1.0,0.0,5.0,14.0,0.83,72.0,1.0,0.0,2.0,1.0,2.73333333333333,0.0,1.0,0.647058823529412,0.0,0.0,0.568548387096774,0.75,0.0,2.0,0.5384892064489585,0.4615107935510415,2
247,11,1.0,0.0,1.0,2.0,1.0,4.0,95.0,1.0,0.0,5.0,14.0,0.83,72.0,1.0,0.0,2.0,0.0,2.73333333333333,0.0,1.0,5.2,0.0,0.0,1.0,0.75,0.0,2.0,0.9213702061477131,0.07862979385228683,4
247,12,1.0,0.0,1.0,2.0,1.0,4.0,95.0,1.0,0.0,5.0,14.0,29.08,72.0,1.0,0.0,2.0,6.0,2.73333333333333,0.0,1.0,0.647058823529412,0.0,30.0,1.0,0.75,0.0,2.0,0.8206281098564278,0.17937189014357224,3
247,13,1.0,0.0,2.0,2.0,1.0,4.0,95.0,1.0,0.0,5.0,14.0,29.08,72.0,1.0,0.0,2.0,6.0,2.73333333333333,0.0,1.0,0.647058823529412,0.0,30.0,1.0,0.75,0.0,2.0,0.8401249361553873,0.1598750638446127,4
247,14,1.0,0.0,2.0,2.0,1.0,4.0,95.0,1.0,0.0,5.0,14.0,29.08,72.0,1.0,0.0,2.0,6.0,2.73333333333333,0.0,2.0,0.647058823529412,0.0,30.0,1.0,0.75,0.0,2.0,0.8465717098586794,0.1534282901413207,5
247,15,1.0,0.0,1.0,2.0,1.0,4.0,95.0,1.0,0.0,5.0,14.0,0.83,72.0,1.0,0.0,4.0,3.0,2.73333333333333,0.0,1.0,0.647058823529412,0.0,30.0,0.568548387096774,0.75,0.0,2.0,0.5129746314318043,0.48702536856819567,1
247,16,1.0,0.0,1.0,2.0,1.0,4.0,95.0,1.0,0.0,5.0,14.0,0.83,72.0,1.0,0.0,9.0,3.0,2.73333333333333,0.0,1.0,0.0,0.0,30.0,0.568548387096774,0.75,0.0,2.0,0.6838834670755947,0.3161165329244054,2
247,17,1.0,0.0,1.0,2.0,1.0,4.0,95.0,1.0,0.0,5.0,14.0,0.83,72.0,1.0,0.0,9.0,6.0,2.73333333333333,0.0,1.0,0.0,0.0,30.0,0.568548387096774,0.75,0.0,2.0,0.747627641000157,0.25237235899984295,3
247,18,1.0,0.0,1.0,2.0,1.0,4.0,95.0,1.0,0.0,5.0,14.0,0.83,85.0,1.0,0.0,9.0,6.0,2.73333333333333,0.0,1.0,0.0,0.0,30.0,0.568548387096774,0.75,0.0,2.0,0.7569514527423855,0.24304854725761446,4
247,19,0.0,0.0,1.0,2.0,1.0,4.0,95.0,1.0,0.0,5.0,14.0,0.83,72.0,1.0,0.0,3.0,3.0,2.73333333333333,0.0,1.0,0.647058823529412,0.0,30.0,0.568548387096774,0.75,0.0,2.0,0.520658891534478,0.479341108465522,2
248,0,0.0,0.0,1.0,0.0,0.0,3.0,112.0,1.0,0.0,6.0,20.0,0.55,60.0,1.0,0.0,2.0,3.0,2.85,0.0,1.0,0.954545454545455,0.0,0.0,0.9,0.0,0.0,2.0,0.7161385491072427,0.2838614508927572,1
248,1,0.0,0.0,1.0,0.0,0.0,3.0,112.0,1.0,0.0,6.0,20.0,3.24,60.0,1.0,0.0,2.0,3.0,2.85,0.0,1.0,0.954545454545455,0.0,0.0,0.804945054945055,0.0,0.0,2.0,0.51409437734772,0.48590562265228,1
248,2,0.0,0.0,1.0,0.0,0.0,3.0,112.0,1.0,0.0,6.0,20.0,29.08,60.0,1.0,0.0,2.0,3.0,2.85,0.0,1.0,5.2,0.0,0.0,1.0,0.0,0.0,2.0,0.9194960630221984,0.08050393697780156,3
248,3,0.0,0.0,1.0,0.0,0.0,3.0,112.0,1.0,0.0,6.0,20.0,29.08,60.0,1.0,0.0,2.0,0.0,2.85,0.0,1.0,5.2,0.0,0.0,1.0,0.0,0.0,2.0,0.9474959790395433,0.05250402096045674,4
248,4,0.0,0.0,1.0,0.0,0.0,3.0,112.0,1.0,0.0,6.0,13.0,29.08,60.0,1.0,0.0,2.0,0.0,2.85,0.0,1.0,5.2,0.0,0.0,1.0,0.0,0.0,2.0,0.9521010389686528,0.04789896103134713,5
248,5,0.0,0.0,1.0,0.0,0.0,3.0,112.0,1.0,0.0,6.0,20.0,29.08,60.0,1.0,0.0,2.0,3.0,2.85,0.0,1.0,0.954545454545455,0.0,0.0,0.804945054945055,0.0,0.0,2.0,0.6362235935399363,0.36377640646006365,1
248,6,0.0,0.0,1.0,0.0,0.0,3.0,112.0,1.0,0.0,6.0,20.0,29.08,60.0,1.0,0.0,2.0,3.0,2.85,0.0,1.0,0.0,0.0,0.0,0.804945054945055,0.0,0.0,2.0,0.8147877815407908,0.1852122184592092,2
248,7,0.0,0.0,1.0,0.0,0.0,3.0,112.0,1.0,0.0,6.0,20.0,29.08,60.0,1.0,0.0,2.0,3.0,2.85,0.0,1.0,0.0,0.0,0.0,0.804945054945055,0.0,0.0,0.0,0.8967682141644078,0.10323178583559221,3
248,8,0.0,0.0,1.0,0.0,0.0,3.0,112.0,1.0,93.0,6.0,20.0,29.08,60.0,1.0,0.0,2.0,3.0,2.85,0.0,1.0,0.0,0.0,0.0,0.804945054945055,0.0,0.0,0.0,0.9217437169140213,0.07825628308597868,4
248,9,0.0,0.0,1.0,0.0,0.0,3.0,112.0,1.0,93.0,6.0,20.0,29.08,60.0,1.0,0.0,9.0,3.0,2.85,0.0,1.0,0.0,0.0,0.0,0.804945054945055,0.0,0.0,0.0,0.9534368175389732,0.04656318246102678,5
248,10,0.0,0.0,1.0,0.0,0.0,3.0,112.0,1.0,0.0,6.0,20.0,0.55,60.0,1.0,0.0,3.0,3.0,2.85,0.0,1.0,0.954545454545455,0.0,0.0,0.804945054945055,0.0,0.0,2.0,0.5243251504965015,0.4756748495034985,1
248,11,0.0,0.0,1.0,0.0,0.0,3.0,112.0,1.0,0.0,6.0,20.0,0.55,60.0,1.0,0.0,9.0,3.0,2.85,0.0,1.0,0.954545454545455,5.0,0.0,1.0,0.0,0.0,2.0,0.8817978013108744,0.11820219868912567,3
248,12,0.0,0.0,1.0,0.0,0.0,9.0,112.0,1.0,0.0,6.0,20.0,0.55,60.0,1.0,0.0,9.0,3.0,2.85,0.0,1.0,0.954545454545455,5.0,0.0,1.0,0.0,0.0,2.0,0.9165929254319446,0.08340707456805538,4
248,13,0.0,0.0,1.0,0.0,0.0,3.0,112.0,1.0,0.0,6.0,20.0,0.55,60.0,1.0,0.0,2.0,3.0,2.85,0.0,1.0,0.954545454545455,5.0,0.0,0.804945054945055,0.0,0.0,2.0,0.5038880231059465,0.4961119768940535,1
248,14,0.0,0.0,1.0,0.0,0.0,9.0,112.0,1.0,0.0,6.0,20.0,0.55,60.0,1.0,0.0,3.0,1.0,2.85,0.0,1.0,0.954545454545455,5.0,0.0,1.0,0.0,0.0,2.0,0.9292677646136389,0.07073223538636103,5
248,15,0.0,0.0,1.0,0.0,0.0,9.0,112.0,1.0,0.0,6.0,20.0,0.55,60.0,1.0,0.0,4.0,1.0,2.85,0.0,1.0,0.954545454545455,5.0,0.0,1.0,0.0,0.0,2.0,0.9343202662315295,0.06567973376847053,5
248,16,0.0,0.0,1.0,0.0,0.0,3.0,112.0,1.0,0.0,6.0,20.0,0.55,60.0,1.0,0.0,2.0,3.0,2.85,0.0,1.0,0.0,0.0,0.0,0.804945054945055,0.0,0.0,2.0,0.6085648297733379,0.391435170226662,1
248,17,0.0,0.0,1.0,0.0,0.0,3.0,112.0,1.0,0.0,6.0,20.0,0.55,60.0,1.0,0.0,9.0,3.0,2.85,0.0,1.0,0.0,0.0,0.0,0.804945054945055,0.0,0.0,2.0,0.7281511908857463,0.27184880911425363,2
248,18,0.0,0.0,1.0,0.0,0.0,3.0,112.0,1.0,0.0,6.0,20.0,0.55,60.0,1.0,0.0,9.0,3.0,2.85,337.0,1.0,0.0,0.0,0.0,0.804945054945055,0.0,0.0,2.0,0.837070514175866,0.162929485824134,3
248,19,0.0,0.0,1.0,0.0,0.0,3.0,112.0,1.0,0.0,6.0,9.0,0.55,60.0,1.0,0.0,2.0,3.0,2.85,0.0,1.0,0.954545454545455,0.0,0.0,0.804945054945055,0.0,0.0,2.0,0.5270594621653932,0.47294053783460677,1
254,0,0.0,0.0,1.0,0.0,0.0,8.0,246.0,1.0,0.0,6.0,27.0,0.88,59.0,1.0,0.0,5.0,3.0,5.03703703703704,0.0,1.0,0.586206896551724,0.0,0.0,0.7,0.0,0.0,3.0,0.5149970276922371,0.4850029723077629,1
254,1,0.0,0.0,1.0,0.0,0.0,8.0,246.0,1.0,0.0,6.0,27.0,0.88,59.0,1.0,0.0,5.0,3.0,5.03703703703704,2.0,1.0,0.586206896551724,0.0,0.0,0.547169811320755,0.0,0.0,3.0,0.6508180757249218,0.34918192427507816,1
254,2,0.0,0.0,1.0,0.0,0.0,8.0,127.0,1.0,0.0,6.0,27.0,0.88,59.0,1.0,0.0,5.0,3.0,5.03703703703704,0.0,1.0,0.586206896551724,0.0,0.0,0.547169811320755,0.0,0.0,3.0,0.513978898613292,0.48602110138670795,1
254,3,0.0,0.0,1.0,0.0,0.0,8.0,25.0,1.0,0.0,6.0,13.0,0.88,59.0,1.0,0.0,5.0,3.0,5.03703703703704,2.0,1.0,0.586206896551724,0.0,0.0,1.0,0.0,0.0,3.0,0.9768321510146685,0.023167848985331568,4
254,4,0.0,0.0,1.0,0.0,0.0,0.0,25.0,1.0,0.0,6.0,27.0,0.88,59.0,1.0,0.0,5.0,3.0,5.03703703703704,2.0,1.0,0.586206896551724,0.0,0.0,1.0,0.0,0.0,3.0,0.9784291377466269,0.021570862253373093,4
254,5,0.0,0.0,1.0,0.0,0.0,8.0,246.0,1.0,0.0,6.0,27.0,0.88,59.0,1.0,0.0,5.0,3.0,5.03703703703704,0.0,1.0,0.586206896551724,5.0,0.0,0.547169811320755,0.0,0.0,3.0,0.5702943975337831,0.42970560246621686,1
254,6,0.0,0.0,1.0,0.0,0.0,8.0,246.0,1.0,0.0,6.0,13.0,0.88,59.0,1.0,0.0,5.0,3.0,5.03703703703704,0.0,1.0,0.586206896551724,0.0,0.0,0.547169811320755,0.0,0.0,3.0,0.5438656904871557,0.4561343095128442,1
254,7,0.0,0.0,1.0,0.0,0.0,8.0,246.0,1.0,0.0,6.0,13.0,0.88,59.0,1.0,0.0,5.0,3.0,5.03703703703704,2.0,1.0,0.586206896551724,5.0,2.0,1.0,0.0,0.0,3.0,0.9782640379476986,0.02173596205230141,5
254,8,0.0,0.0,1.0,7.0,0.0,8.0,246.0,1.0,0.0,6.0,27.0,0.88,59.0,1.0,0.0,5.0,3.0,5.03703703703704,0.0,1.0,0.586206896551724,0.0,0.0,0.547169811320755,0.0,0.0,3.0,0.5316559103611167,0.4683440896388833,1
254,9,0.0,0.0,1.0,321.0,0.0,8.0,246.0,1.0,0.0,6.0,27.0,0.88,59.0,1.0,0.0,5.0,3.0,5.03703703703704,0.0,1.0,5.2,0.0,0.0,0.547169811320755,0.0,0.0,3.0,0.8132195006429657,0.18678049935703436,2
254,10,0.0,0.0,1.0,321.0,0.0,8.0,246.0,1.0,0.0,6.0,7.0,0.88,59.0,1.0,0.0,5.0,3.0,5.03703703703704,0.0,1.0,5.2,0.0,0.0,0.547169811320755,0.0,0.0,3.0,0.8649673080602636,0.1350326919397365,3
254,11,0.0,0.0,1.0,321.0,0.0,8.0,246.0,1.0,0.0,6.0,7.0,0.88,59.0,1.0,0.0,5.0,3.0,5.03703703703704,0.0,1.0,5.2,0.0,0.0,0.547169811320755,0.0,0.0,2.0,0.8940750171643989,0.10592498283560116,4
254,12,0.0,0.0,1.0,321.0,0.0,8.0,246.0,1.0,0.0,10.0,7.0,0.88,59.0,1.0,0.0,5.0,3.0,5.03703703703704,0.0,1.0,5.2,0.0,0.0,0.547169811320755,0.0,0.0,2.0,0.9000802006646846,0.09991979933531535,5
254,13,0.0,0.0,1.0,0.0,0.0,8.0,246.0,1.0,0.0,6.0,27.0,0.88,59.0,1.0,0.0,5.0,3.0,5.03703703703704,0.0,1.0,0.586206896551724,0.0,0.0,0.547169811320755,0.0,0.0,2.0,0.5593313657803508,0.4406686342196492,1
254,14,0.0,0.0,1.0,321.0,0.0,8.0,246.0,1.0,0.0,6.0,27.0,0.88,59.0,1.0,0.0,5.0,3.0,5.03703703703704,0.0,1.0,0.586206896551724,0.0,0.0,1.0,0.0,0.0,0.0,0.971709038113513,0.028290961886487012,3
254,15,0.0,0.0,1.0,321.0,0.0,8.0,246.0,1.0,0.0,6.0,27.0,0.88,59.0,1.0,0.0,5.0,3.0,5.03703703703704,2.0,1.0,0.586206896551724,0.0,0.0,1.0,0.0,0.0,0.0,0.9760188886502081,0.023981111349791823,4
254,16,0.0,0.0,1.0,321.0,0.0,4.0,246.0,1.0,0.0,6.0,27.0,0.88,59.0,1.0,0.0,5.0,3.0,5.03703703703704,2.0,1.0,0.586206896551724,0.0,0.0,1.0,0.0,0.0,0.0,0.9812327737033524,0.018767226296647673,5
254,17,0.0,0.0,1.0,0.0,0.0,8.0,246.0,1.0,0.0,6.0,27.0,0.88,59.0,1.0,0.0,5.0,3.0,5.03703703703704,2.0,1.0,0.586206896551724,0.0,2.0,1.0,0.0,0.0,3.0,0.9481005961558475,0.05189940384415249,3
254,18,0.0,0.0,1.0,0.0,0.0,8.0,246.0,1.0,0.0,6.0,27.0,0.88,59.0,1.0,0.0,5.0,3.0,5.03703703703704,2.0,1.0,0.0,0.0,2.0,1.0,0.0,0.0,3.0,0.9595562221487913,0.040443777851208625,4
254,19,0.0,0.0,1.0,0.0,0.0,8.0,246.0,1.0,0.0,6.0,13.0,0.88,59.0,1.0,0.0,5.0,3.0,5.03703703703704,2.0,1.0,0.586206896551724,0.0,0.0,1.0,0.0,0.0,3.0,0.9522202863207094,0.047779713679290604,3
283,0,0.0,3.0,1.0,0.0,0.0,2.0,148.0,1.0,1.0,7.0,42.0,0.34,89.0,1.0,1.0,17.0,2.0,4.73913043478261,0.0,1.0,0.895833333333333,0.0,0.0,0.774774774774775,0.0,0.0,2.0,0.6137378389282926,0.38626216107170736,1
283,1,0.0,3.0,1.0,0.0,0.0,2.0,148.0,1.0,1.0,7.0,42.0,0.34,89.0,1.0,1.0,17.0,2.0,4.73913043478261,0.0,1.0,0.895833333333333,0.0,0.0,1.0,0.0,0.0,0.0,0.9341888107821874,0.06581118921781254,2
283,2,0.0,3.0,1.0,0.0,0.0,2.0,71.0,1.0,1.0,7.0,42.0,0.34,89.0,1.0,1.0,17.0,2.0,4.73913043478261,0.0,1.0,0.895833333333333,0.0,0.0,0.774774774774775,0.0,0.0,7.0,0.5409612589528068,0.4590387410471932,1
283,3,0.0,3.0,1.0,0.0,0.0,2.0,15.0,1.0,1.0,7.0,42.0,29.08,89.0,1.0,1.0,17.0,2.0,4.73913043478261,0.0,1.0,0.895833333333333,0.0,0.0,1.0,0.0,0.0,0.0,0.973279720306937,0.026720279693063016,4
283,4,0.0,3.0,1.0,0.0,0.0,2.0,15.0,1.0,1.0,7.0,42.0,29.08,89.0,1.0,1.0,17.0,2.0,4.73913043478261,0.0,1.0,1.8,0.0,0.0,1.0,0.0,0.0,0.0,0.9756131605378321,0.02438683946216793,5
283,5,0.0,3.0,1.0,0.0,0.0,2.0,15.0,1.0,1.0,7.0,42.0,0.05,89.0,1.0,1.0,17.0,2.0,4.73913043478261,0.0,1.0,1.8,0.0,0.0,1.0,0.0,0.0,0.0,0.9805943052562462,0.0194056947437538,5
283,6,0.0,3.0,1.0,0.0,0.0,2.0,15.0,1.0,1.0,7.0,42.0,0.05,89.0,1.0,1.0,17.0,2.0,4.73913043478261,0.0,1.0,1.8,0.0,0.0,0.9,0.0,0.0,0.0,0.9809068927540183,0.01909310724598169,5
283,7,0.0,3.0,1.0,0.0,0.0,2.0,15.0,1.0,1.0,7.0,42.0,0.34,89.0,1.0,1.0,17.0,2.0,4.73913043478261,0.0,1.0,0.895833333333333,5.0,0.0,1.0,0.0,0.0,0.0,0.9727126409939425,0.027287359006057447,4
283,8,0.0,3.0,1.0,0.0,0.0,2.0,15.0,1.0,1.0,7.0,42.0,0.34,89.0,1.0,1.0,17.0,1.0,4.73913043478261,0.0,1.0,0.895833333333333,5.0,0.0,1.0,0.0,0.0,0.0,0.9802476032767883,0.01975239672321167,5
283,9,0.0,3.0,1.0,0.0,0.0,2.0,148.0,1.0,1.0,7.0,7.0,0.34,89.0,1.0,1.0,17.0,2.0,4.73913043478261,0.0,1.0,0.895833333333333,0.0,0.0,1.0,0.0,0.0,0.0,0.9600348776472423,0.03996512235275779,3
283,10,0.0,3.0,1.0,0.0,0.0,2.0,148.0,1.0,1.0,7.0,7.0,0.05,89.0,1.0,1.0,17.0,2.0,4.73913043478261,0.0,1.0,0.895833333333333,0.0,0.0,1.0,0.0,0.0,0.0,0.9713185245494685,0.02868147545053149,4
283,11,0.0,3.0,1.0,0.0,0.0,2.0,148.0,1.0,1.0,7.0,7.0,0.05,89.0,1.0,1.0,17.0,2.0,337.0,0.0,1.0,0.895833333333333,0.0,0.0,1.0,0.0,0.0,0.0,0.9785665465479074,0.021433453452092546,5
283,12,0.0,3.0,1.0,0.0,0.0,2.0,148.0,1.0,1.0,7.0,5.0,0.34,89.0,1.0,1.0,17.0,2.0,3.9,0.0,1.0,0.895833333333333,0.0,0.0,0.774774774774775,0.0,0.0,7.0,0.5007178754721529,0.4992821245278472,2
283,13,0.0,3.0,1.0,0.0,0.0,2.0,25.0,1.0,1.0,7.0,42.0,29.08,89.0,1.0,1.0,17.0,2.0,4.73913043478261,0.0,1.0,0.895833333333333,0.0,0.0,1.0,0.0,0.0,0.0,0.9744206795029406,0.0255793204970593,4
283,14,0.0,3.0,1.0,0.0,0.0,2.0,148.0,1.0,1.0,7.0,7.0,0.34,89.0,1.0,1.0,17.0,2.0,4.73913043478261,0.0,1.0,0.895833333333333,5.0,0.0,1.0,0.0,0.0,0.0,0.9726836495570512,0.02731635044294878,4
283,15,0.0,3.0,1.0,0.0,0.0,2.0,148.0,1.0,1.0,3.0,7.0,0.34,89.0,1.0,1.0,17.0,2.0,4.73913043478261,0.0,1.0,0.895833333333333,5.0,0.0,1.0,0.0,0.0,0.0,0.9741866751796981,0.025813324820301894,5
283,16,0.0,3.0,1.0,0.0,0.0,2.0,148.0,1.0,93.0,7.0,42.0,0.34,89.0,1.0,1.0,17.0,2.0,4.73913043478261,0.0,1.0,0.895833333333333,0.0,0.0,1.0,0.0,0.0,0.0,0.9648389321508271,0.035161067849172924,3
283,17,0.0,3.0,1.0,0.0,0.0,2.0,148.0,1.0,93.0,7.0,42.0,0.34,89.0,1.0,1.0,17.0,2.0,4.73913043478261,0.0,1.0,0.895833333333333,5.0,0.0,1.0,0.0,0.0,0.0,0.976005245391045,0.023994754608954925,4
283,18,0.0,3.0,1.0,0.0,0.0,2.0,148.0,1.0,1.0,7.0,42.0,29.08,89.0,1.0,1.0,17.0,2.0,4.73913043478261,0.0,1.0,0.895833333333333,0.0,0.0,0.774774774774775,0.0,0.0,7.0,0.5424046476369364,0.4575953523630636,1
283,19,0.0,3.0,1.0,0.0,0.0,2.0,148.0,1.0,1.0,7.0,42.0,0.34,89.0,1.0,1.0,17.0,2.0,4.73913043478261,0.0,1.0,0.0,0.0,0.0,0.774774774774775,0.0,0.0,0.0,0.867183271423271,0.13281672857672902,2
287,0,0.0,1.0,1.0,0.0,0.0,6.0,279.0,1.0,0.0,1.0,40.0,1.37,95.0,2.0,2.0,12.0,2.0,3.53658536585366,0.0,2.0,0.0,0.0,0.0,0.936014625228519,0.0,0.0,4.0,0.547679146646286,0.45232085335371397,1
287,1,0.0,1.0,1.0,0.0,0.0,6.0,127.0,1.0,0.0,1.0,40.0,1.37,95.0,2.0,2.0,12.0,2.0,3.53658536585366,0.0,2.0,0.0,0.0,0.0,0.936014625228519,0.0,0.0,5.0,0.5120157593332361,0.48798424066676394,1
287,2,0.0,1.0,1.0,0.0,0.0,6.0,279.0,1.0,0.0,1.0,40.0,1.37,95.0,2.0,2.0,12.0,2.0,2.3,0.0,2.0,0.0,0.0,0.0,0.936014625228519,0.0,0.0,5.0,0.5180910660792744,0.48190893392072565,1
287,3,0.0,1.0,1.0,0.0,0.0,6.0,15.0,1.0,0.0,1.0,40.0,1.37,95.0,2.0,2.0,12.0,2.0,337.0,2.0,2.0,0.0,0.0,0.0,0.936014625228519,0.0,0.0,0.0,0.984848530725677,0.015151469274322942,4
287,4,0.0,1.0,1.0,0.0,0.0,6.0,25.0,1.0,0.0,1.0,40.0,1.37,95.0,2.0,2.0,12.0,2.0,337.0,2.0,2.0,0.0,0.0,0.0,0.936014625228519,0.0,0.0,0.0,0.9872845484603842,0.012715451539615822,4
287,5,0.0,1.0,1.0,0.0,0.0,6.0,279.0,1.0,0.0,1.0,40.0,1.37,95.0,2.0,2.0,12.0,2.0,337.0,0.0,2.0,0.0,0.0,0.0,0.936014625228519,0.0,0.0,0.0,0.8892204748123639,0.11077952518763613,2
287,6,0.0,1.0,1.0,0.0,0.0,6.0,279.0,1.0,0.0,1.0,2.0,1.37,95.0,2.0,2.0,12.0,2.0,337.0,0.0,2.0,0.0,0.0,0.0,0.936014625228519,0.0,0.0,0.0,0.9406020853135653,0.059397914686434766,3
287,7,0.0,1.0,1.0,0.0,0.0,6.0,279.0,1.0,0.0,1.0,2.0,1.37,95.0,2.0,2.0,12.0,2.0,337.0,2.0,2.0,0.0,0.0,0.0,0.936014625228519,0.0,0.0,0.0,0.9619631369888539,0.0380368630111461,4
287,8,0.0,1.0,1.0,0.0,0.0,6.0,279.0,1.0,0.0,1.0,2.0,1.37,95.0,2.0,2.0,12.0,2.0,337.0,2.0,0.0,0.0,0.0,0.0,0.936014625228519,0.0,0.0,0.0,0.9642031154674837,0.03579688453251633,5
287,9,0.0,1.0,1.0,0.0,0.0,6.0,279.0,1.0,0.0,1.0,40.0,1.37,95.0,2.0,2.0,12.0,2.0,3.53658536585366,2.0,2.0,0.0,0.0,0.0,0.936014625228519,0.0,0.0,0.0,0.8640976784340981,0.13590232156590182,2
287,10,0.0,1.0,1.0,0.0,0.0,6.0,279.0,1.0,0.0,1.0,40.0,1.37,95.0,2.0,2.0,12.0,2.0,3.53658536585366,0.0,2.0,5.2,0.0,0.0,0.936014625228519,0.0,0.0,5.0,0.5052520867268968,0.4947479132731032,1
287,11,0.0,1.0,1.0,0.0,0.0,6.0,279.0,1.0,0.0,1.0,40.0,1.37,95.0,2.0,2.0,12.0,2.0,337.0,2.0,2.0,0.0,0.0,0.0,0.936014625228519,0.0,0.0,0.0,0.927638152084429,0.07236184791557101,3
287,12,0.0,1.0,1.0,0.0,0.0,6.0,52.0,1.0,0.0,1.0,40.0,1.37,95.0,2.0,2.0,12.0,2.0,3.53658536585366,0.0,2.0,0.0,0.0,0.0,0.936014625228519,0.0,0.0,5.0,0.7200197748370134,0.27998022516298654,1
287,13,0.0,1.0,1.0,0.0,0.0,6.0,52.0,1.0,0.0,1.0,40.0,1.37,95.0,2.0,2.0,12.0,2.0,3.53658536585366,0.0,2.0,0.0,0.0,0.0,0.936014625228519,1.0,0.0,5.0,0.8623126246466957,0.13768737535330436,2
287,14,0.0,1.0,1.0,0.0,0.0,6.0,52.0,1.0,0.0,1.0,25.0,1.37,95.0,2.0,2.0,12.0,2.0,3.53658536585366,0.0,2.0,0.0,0.0,0.0,0.936014625228519,1.0,0.0,5.0,0.8788118307317316,0.12118816926826831,3
287,15,0.0,1.0,1.0,1.0,0.0,6.0,52.0,1.0,0.0,1.0,25.0,1.37,95.0,2.0,2.0,12.0,2.0,3.53658536585366,0.0,2.0,0.0,0.0,0.0,0.936014625228519,1.0,0.0,5.0,0.8788267364508676,0.12117326354913234,4
287,16,0.0,1.0,1.0,0.0,0.0,6.0,52.0,1.0,0.0,1.0,40.0,1.37,95.0,2.0,2.0,12.0,2.0,3.53658536585366,2.0,2.0,0.0,0.0,0.0,0.936014625228519,0.0,0.0,5.0,0.8454534620710775,0.15454653792892245,2
287,17,0.0,1.0,1.0,0.0,0.0,6.0,52.0,1.0,0.0,1.0,40.0,29.08,95.0,2.0,2.0,12.0,2.0,3.53658536585366,2.0,2.0,0.0,0.0,0.0,0.936014625228519,0.0,0.0,5.0,0.902447838440911,0.09755216155908895,3
287,18,0.0,1.0,1.0,0.0,0.0,6.0,52.0,1.0,0.0,1.0,40.0,29.08,95.0,2.0,146.0,12.0,2.0,3.53658536585366,2.0,2.0,0.0,0.0,0.0,0.936014625228519,0.0,0.0,5.0,0.9256446971478564,0.07435530285214362,4
287,19,0.0,1.0,1.0,0.0,0.0,9.0,52.0,1.0,0.0,1.0,40.0,29.08,95.0,2.0,146.0,12.0,2.0,3.53658536585366,2.0,2.0,0.0,0.0,0.0,0.936014625228519,0.0,0.0,5.0,0.9333111656524312,0.06668883434756881,5
383,0,9.0,0.0,2.0,0.0,7.0,8.0,397.0,1.0,0.0,3.0,31.0,0.92,65.0,1.0,0.0,4.0,3.0,19.7,1.0,0.0,0.80952380952381,0.0,0.0,0.9,0.0,0.0,2.0,0.6976350024039805,0.30236499759601954,1
383,1,9.0,0.0,2.0,0.0,7.0,8.0,93.111,1.0,0.0,3.0,31.0,0.92,65.0,1.0,0.0,4.0,3.0,19.7,1.0,0.0,0.80952380952381,0.0,0.0,0.682012847965739,0.0,0.0,2.0,0.5708772165215255,0.42912278347847455,1
383,2,9.0,0.0,2.0,0.0,7.0,8.0,25.0,1.0,0.0,3.0,31.0,0.92,65.0,1.0,0.0,4.0,3.0,19.7,1.0,0.0,5.2,0.0,0.0,1.0,0.0,0.0,2.0,0.9512895331641869,0.04871046683581319,3
383,3,9.0,0.0,2.0,0.0,7.0,8.0,25.0,1.0,0.0,3.0,13.0,0.92,65.0,1.0,0.0,4.0,3.0,19.7,1.0,0.0,5.2,0.0,0.0,1.0,0.0,0.0,2.0,0.9537276533884306,0.046272346611569454,4
383,4,9.0,0.0,2.0,0.0,7.0,8.0,25.0,1.0,0.0,3.0,31.0,0.92,65.0,1.0,0.0,4.0,3.0,6.0,1.0,0.0,0.80952380952381,0.0,0.0,1.0,0.0,0.0,2.0,0.9518123857676642,0.0481876142323357,3
383,5,9.0,0.0,2.0,0.0,7.0,8.0,25.0,1.0,0.0,3.0,31.0,0.92,65.0,1.0,0.0,4.0,3.0,6.0,2.0,0.0,0.80952380952381,0.0,0.0,1.0,0.0,0.0,2.0,0.9577552567393506,0.04224474326064942,4
383,6,9.0,0.0,2.0,0.0,7.0,8.0,25.0,1.0,0.0,3.0,13.0,0.92,65.0,1.0,0.0,4.0,3.0,6.0,2.0,0.0,0.80952380952381,0.0,0.0,1.0,0.0,0.0,2.0,0.9598833938417181,0.04011660615828198,5
383,7,9.0,0.0,2.0,0.0,7.0,8.0,25.0,1.0,0.0,3.0,13.0,0.92,65.0,1.0,0.0,4.0,3.0,6.0,2.0,0.0,0.80952380952381,0.0,0.0,0.9,0.0,0.0,2.0,0.9618718476895203,0.038128152310479675,5
383,8,9.0,0.0,2.0,0.0,7.0,8.0,25.0,1.0,0.0,3.0,13.0,0.92,65.0,1.0,0.0,4.0,3.0,2.3,2.0,0.0,0.80952380952381,0.0,0.0,0.9,0.0,0.0,2.0,0.9636216853267706,0.036378314673229384,5
383,9,9.0,0.0,2.0,0.0,7.0,8.0,397.0,1.0,0.0,3.0,31.0,0.92,65.0,1.0,0.0,4.0,3.0,19.7,1.0,0.0,0.80952380952381,5.0,0.0,1.0,0.0,0.0,2.0,0.8768727498684225,0.12312725013157753,2
383,10,9.0,0.0,2.0,321.0,7.0,8.0,397.0,1.0,0.0,3.0,31.0,0.92,65.0,1.0,0.0,4.0,3.0,19.7,1.0,0.0,0.80952380952381,0.0,0.0,0.682012847965739,0.0,0.0,2.0,0.5721068636623503,0.4278931363376497,1
383,11,9.0,0.0,2.0,321.0,7.0,8.0,397.0,1.0,0.0,3.0,31.0,1.05,65.0,1.0,0.0,4.0,3.0,19.7,1.0,0.0,0.80952380952381,5.0,0.0,1.0,0.0,0.0,2.0,0.9225500815200425,0.07744991847995748,4
383,12,9.0,0.0,2.0,0.0,7.0,8.0,25.0,1.0,0.0,3.0,31.0,29.08,65.0,1.0,0.0,4.0,3.0,19.7,1.0,0.0,0.80952380952381,0.0,0.0,1.0,0.0,0.0,2.0,0.9355186207035335,0.06448137929646643,3
383,13,9.0,0.0,2.0,0.0,7.0,8.0,25.0,1.0,0.0,3.0,13.0,29.08,65.0,1.0,0.0,4.0,3.0,19.7,1.0,0.0,0.80952380952381,0.0,0.0,1.0,0.0,0.0,2.0,0.9386952562533908,0.061304743746609255,4
383,14,9.0,0.0,2.0,0.0,7.0,8.0,25.0,1.0,0.0,3.0,13.0,29.08,65.0,1.0,0.0,4.0,3.0,19.7,1.0,0.0,0.80952380952381,0.0,0.0,0.9,0.0,0.0,2.0,0.9443294971195076,0.055670502880492405,4
383,15,9.0,0.0,2.0,0.0,7.0,8.0,25.0,1.0,0.0,3.0,31.0,29.08,65.0,1.0,0.0,4.0,3.0,6.0,1.0,0.0,0.80952380952381,0.0,0.0,1.0,0.0,0.0,2.0,0.9670965863094475,0.032903413690552524,4
383,16,9.0,0.0,2.0,0.0,7.0,8.0,25.0,1.0,0.0,3.0,31.0,29.08,65.0,1.0,0.0,4.0,3.0,6.0,1.0,0.0,0.80952380952381,0.0,0.0,0.9,0.0,0.0,2.0,0.9676824712340254,0.03231752876597459,4
383,17,9.0,0.0,2.0,0.0,7.0,8.0,25.0,1.0,0.0,3.0,31.0,0.92,65.0,1.0,0.0,4.0,3.0,19.7,1.0,0.0,0.80952380952381,0.0,0.0,0.682012847965739,0.0,0.0,2.0,0.7803364075874685,0.21966359241253153,1
383,18,9.0,0.0,2.0,0.0,7.0,8.0,25.0,1.0,0.0,3.0,31.0,0.92,65.0,1.0,0.0,4.0,3.0,337.0,1.0,0.0,0.80952380952381,0.0,0.0,0.682012847965739,0.0,0.0,2.0,0.8707176342121852,0.12928236578781488,2
383,19,9.0,0.0,2.0,0.0,7.0,8.0,25.0,1.0,0.0,3.0,31.0,0.92,65.0,1.0,0.0,4.0,3.0,337.0,2.0,0.0,0.80952380952381,0.0,0.0,0.682012847965739,0.0,0.0,2.0,0.8854581839005712,0.11454181609942884,3
463,0,0.0,0.0,1.0,23.0,0.0,6.0,76.0,1.0,0.0,0.0,6.0,2.05,100.0,0.0,1.0,2.0,0.0,2.66666666666667,0.0,0.0,0.111111111111111,0.0,0.0,0.9,0.0,0.0,3.0,0.6877762345823346,0.3122237654176654,1
463,1,0.0,0.0,1.0,23.0,0.0,6.0,76.0,1.0,0.0,0.0,6.0,2.05,100.0,0.0,1.0,2.0,0.0,2.66666666666667,0.0,0.0,0.111111111111111,0.0,0.0,0.594202898550725,0.0,0.0,1.0,0.5425227466009224,0.4574772533990776,1
463,2,0.0,0.0,1.0,7.0,0.0,6.0,76.0,1.0,0.0,0.0,6.0,2.05,100.0,0.0,1.0,2.0,0.0,2.66666666666667,0.0,0.0,0.111111111111111,0.0,0.0,0.594202898550725,0.0,0.0,3.0,0.5178936286379169,0.4821063713620831,1
463,3,0.0,0.0,1.0,23.0,0.0,6.0,76.0,1.0,0.0,0.0,6.0,29.08,100.0,0.0,1.0,2.0,0.0,2.66666666666667,0.0,0.0,0.111111111111111,0.0,0.0,0.594202898550725,0.0,0.0,3.0,0.5881063025196671,0.4118936974803329,1
463,4,0.0,0.0,1.0,1.0,0.0,9.0,76.0,1.0,0.0,0.0,6.0,29.08,100.0,0.0,1.0,2.0,0.0,2.66666666666667,0.0,0.0,0.111111111111111,0.0,0.0,1.0,0.0,0.0,0.0,0.9858522945468894,0.01414770545311065,5
463,5,0.0,0.0,1.0,0.0,0.0,9.0,76.0,1.0,0.0,0.0,6.0,29.08,100.0,0.0,1.0,2.0,0.0,2.66666666666667,0.0,0.0,0.111111111111111,0.0,0.0,1.0,0.0,0.0,0.0,0.9861297622011823,0.013870237798817724,5
463,6,0.0,0.0,1.0,23.0,0.0,6.0,76.0,1.0,0.0,0.0,6.0,2.05,100.0,0.0,1.0,2.0,0.0,2.66666666666667,0.0,0.0,1.3,0.0,0.0,0.594202898550725,0.0,0.0,3.0,0.5271273787183604,0.47287262128163965,1
463,7,0.0,0.0,1.0,23.0,0.0,6.0,76.0,1.0,0.0,0.0,6.0,2.05,100.0,0.0,1.0,9.0,0.0,2.66666666666667,0.0,0.0,5.2,0.0,0.0,1.0,0.0,0.0,0.0,0.94745224865324,0.05254775134676,4
463,8,0.0,0.0,1.0,23.0,0.0,6.0,76.0,1.0,0.0,0.0,6.0,29.08,100.0,0.0,1.0,2.0,0.0,2.66666666666667,0.0,0.0,0.111111111111111,0.0,0.0,1.0,0.0,0.0,3.0,0.8898378425091767,0.1101621574908233,2
463,9,0.0,0.0,1.0,23.0,0.0,6.0,76.0,1.0,0.0,0.0,13.0,29.08,100.0,0.0,1.0,2.0,0.0,2.66666666666667,0.0,0.0,0.111111111111111,0.0,0.0,1.0,0.0,0.0,3.0,0.9226126335128008,0.07738736648719921,3
463,10,0.0,0.0,1.0,23.0,0.0,6.0,71.0,1.0,0.0,0.0,13.0,29.08,100.0,0.0,1.0,2.0,0.0,2.66666666666667,0.0,0.0,0.111111111111111,0.0,0.0,1.0,0.0,0.0,3.0,0.9294879893152762,0.0705120106847238,4
463,11,0.0,0.0,1.0,23.0,0.0,6.0,76.0,1.0,0.0,0.0,6.0,0.05,100.0,0.0,1.0,2.0,0.0,2.66666666666667,0.0,0.0,0.111111111111111,0.0,0.0,1.0,0.0,0.0,0.0,0.9570789287522393,0.04292107124776067,3
463,12,0.0,0.0,1.0,23.0,0.0,6.0,76.0,1.0,0.0,0.0,2.0,2.05,100.0,0.0,1.0,2.0,0.0,2.66666666666667,0.0,0.0,0.111111111111111,0.0,0.0,0.594202898550725,0.0,0.0,3.0,0.5155854795906084,0.4844145204093916,1
463,13,0.0,0.0,1.0,1.0,0.0,6.0,76.0,1.0,0.0,0.0,6.0,2.05,100.0,0.0,1.0,2.0,0.0,2.66666666666667,0.0,0.0,0.111111111111111,0.0,0.0,0.594202898550725,0.0,0.0,3.0,0.7131985220436244,0.28680147795637556,1
463,14,0.0,0.0,1.0,1.0,0.0,6.0,76.0,1.0,0.0,0.0,6.0,2.05,100.0,0.0,1.0,2.0,0.0,2.66666666666667,0.0,0.0,0.111111111111111,0.0,0.0,0.594202898550725,0.0,0.0,0.0,0.8659790216125409,0.13402097838745908,2
463,15,0.0,0.0,1.0,1.0,0.0,6.0,15.0,1.0,0.0,0.0,6.0,2.05,100.0,0.0,1.0,2.0,0.0,2.66666666666667,0.0,0.0,0.111111111111111,0.0,0.0,0.594202898550725,0.0,0.0,0.0,0.9351999142305826,0.06480008576941741,3
463,16,0.0,0.0,1.0,1.0,0.0,9.0,15.0,1.0,0.0,0.0,6.0,2.05,100.0,0.0,1.0,2.0,0.0,2.66666666666667,0.0,0.0,0.111111111111111,0.0,0.0,0.594202898550725,0.0,0.0,0.0,0.9509877427686784,0.04901225723132167,4
463,17,0.0,0.0,1.0,0.0,0.0,9.0,15.0,1.0,0.0,0.0,6.0,2.05,100.0,0.0,1.0,2.0,0.0,2.66666666666667,0.0,0.0,0.111111111111111,0.0,0.0,0.594202898550725,0.0,0.0,0.0,0.9519156305353731,0.048084369464626894,4
463,18,0.0,0.0,1.0,23.0,0.0,6.0,76.0,1.0,0.0,0.0,6.0,2.05,100.0,0.0,1.0,2.0,0.0,2.66666666666667,0.0,0.0,0.111111111111111,0.0,0.0,0.594202898550725,0.0,0.0,0.0,0.6509091304794601,0.34909086952053997,1
463,19,0.0,0.0,1.0,23.0,0.0,6.0,76.0,1.0,0.0,0.0,25.0,2.05,100.0,0.0,1.0,2.0,0.0,2.66666666666667,0.0,0.0,0.111111111111111,0.0,0.0,0.594202898550725,0.0,0.0,0.0,0.7102018863921389,0.28979811360786106,2
465,0,0.0,4.0,1.0,14.0,0.0,6.0,851.0,1.0,0.0,0.0,90.0,4.43,100.0,1.0,1.0,25.0,1.0,4.31707317073171,0.0,0.0,0.0,0.0,44.0,1.0,0.5,0.0,6.0,0.5154146912912122,0.4845853087087878,2
465,1,0.0,0.0,1.0,14.0,0.0,6.0,851.0,1.0,0.0,0.0,90.0,4.43,100.0,1.0,1.0,25.0,1.0,4.31707317073171,0.0,0.0,0.0,0.0,44.0,1.0,1.0,0.0,6.0,0.8514389293611626,0.14856107063883733,3
465,2,0.0,4.0,1.0,2.0,0.0,6.0,851.0,1.0,0.0,0.0,90.0,4.43,100.0,1.0,1.0,25.0,1.0,4.31707317073171,0.0,0.0,0.0,0.0,44.0,0.802161263507897,0.8,0.0,6.0,0.5243332174910914,0.4756667825089086,3
465,3,0.0,0.0,1.0,0.0,0.0,6.0,93.111,1.0,0.0,0.0,90.0,4.43,100.0,1.0,1.0,25.0,1.0,4.31707317073171,0.0,0.0,0.0,0.0,44.0,0.802161263507897,0.5,0.0,6.0,0.505825427935298,0.49417457206470194,3
465,4,0.0,0.0,1.0,0.0,0.0,6.0,851.0,1.0,0.0,0.0,90.0,4.43,100.0,1.0,1.0,25.0,1.0,4.31707317073171,0.0,0.0,0.0,0.0,44.0,1.0,0.5,0.0,6.0,0.7951504162846417,0.20484958371535827,3
465,5,0.0,33.0,1.0,2.0,0.0,6.0,127.0,1.0,0.0,0.0,90.0,4.43,100.0,1.0,1.0,25.0,1.0,4.31707317073171,0.0,0.0,0.0,0.0,44.0,1.0,0.5,0.0,6.0,0.5008363094761787,0.49916369052382126,3
465,6,0.0,33.0,1.0,0.0,0.0,6.0,93.111,1.0,2.0,0.0,90.0,4.43,100.0,1.0,1.0,25.0,1.0,4.31707317073171,0.0,0.0,0.0,0.0,44.0,1.0,0.5,0.0,6.0,0.7004137971684574,0.29958620283154264,4
465,7,0.0,33.0,1.0,0.0,0.0,2.0,93.111,1.0,2.0,0.0,90.0,4.43,100.0,1.0,1.0,25.0,1.0,4.31707317073171,0.0,0.0,0.0,0.0,44.0,1.0,0.5,0.0,6.0,0.7091589861852079,0.29084101381479205,5
465,8,0.0,0.0,1.0,14.0,0.0,6.0,93.111,1.0,0.0,0.0,90.0,4.43,100.0,1.0,1.0,25.0,1.0,4.31707317073171,0.0,0.0,0.0,0.0,44.0,1.0,0.5,0.0,6.0,0.80286433329963,0.19713566670037,3
465,9,0.0,0.0,1.0,0.0,0.0,6.0,93.111,1.0,0.0,0.0,90.0,4.43,100.0,1.0,1.0,25.0,1.0,4.31707317073171,0.0,0.0,0.0,0.0,44.0,1.0,0.5,0.0,6.0,0.863279116885659,0.13672088311434108,4
465,10,0.0,0.0,1.0,14.0,0.0,6.0,851.0,1.0,0.0,0.0,90.0,4.43,100.0,1.0,1.0,25.0,1.0,4.31707317073171,0.0,0.0,0.0,0.0,44.0,1.0,0.5,0.0,0.0,0.8544401440738475,0.14555985592615253,3
465,11,0.0,4.0,1.0,14.0,0.0,6.0,71.0,1.0,0.0,0.0,90.0,4.43,100.0,1.0,1.0,25.0,1.0,4.31707317073171,0.0,0.0,0.0,0.0,44.0,0.802161263507897,0.5,0.0,0.0,0.5323966994268039,0.46760330057319616,3
465,12,0.0,0.0,1.0,14.0,0.0,9.0,15.0,1.0,0.0,0.0,90.0,4.43,100.0,1.0,1.0,25.0,1.0,4.31707317073171,0.0,0.0,0.0,0.0,44.0,1.0,0.5,0.0,0.0,0.9541201754484625,0.045879824551537524,5
465,13,0.0,1.0,1.0,0.0,0.0,6.0,851.0,1.0,0.0,0.0,90.0,4.43,100.0,1.0,1.0,25.0,1.0,4.31707317073171,0.0,0.0,0.0,0.0,44.0,0.802161263507897,0.5,0.0,4.0,0.500435883562562,0.4995641164374381,3
465,14,0.0,0.0,0.0,0.0,0.0,6.0,851.0,1.0,0.0,0.0,90.0,4.43,100.0,1.0,1.0,25.0,1.0,4.31707317073171,0.0,0.0,0.0,0.0,44.0,0.802161263507897,0.5,0.0,4.0,0.5141846801662472,0.4858153198337528,4
465,15,0.0,33.0,1.0,2.0,0.0,6.0,851.0,1.0,0.0,0.0,90.0,4.43,100.0,1.0,1.0,25.0,1.0,4.31707317073171,0.0,0.0,0.0,0.0,44.0,1.0,0.8,0.0,6.0,0.6106516518180812,0.38934834818191877,3
465,16,0.0,33.0,1.0,0.0,0.0,6.0,851.0,1.0,0.0,0.0,90.0,4.43,100.0,1.0,0.0,25.0,1.0,4.31707317073171,0.0,0.0,0.0,0.0,44.0,1.0,1.0,0.0,6.0,0.6872334935577645,0.31276650644223547,4
465,17,0.0,33.0,1.0,2.0,0.0,6.0,851.0,1.0,0.0,0.0,90.0,4.43,100.0,1.0,1.0,25.0,1.0,4.31707317073171,0.0,0.0,5.2,0.0,44.0,1.0,0.5,0.0,6.0,0.5432646007100386,0.4567353992899615,3
465,18,0.0,33.0,1.0,14.0,0.0,6.0,193.556,1.0,0.0,0.0,90.0,4.43,100.0,1.0,1.0,25.0,1.0,4.31707317073171,0.0,0.0,0.0,0.0,44.0,1.0,0.8,0.0,6.0,0.5276680093542107,0.47233199064578935,3
465,19,0.0,33.0,1.0,0.0,0.0,6.0,93.111,1.0,0.0,0.0,90.0,4.43,100.0,1.0,1.0,25.0,1.0,4.31707317073171,0.0,0.0,0.0,0.0,44.0,1.0,1.0,0.0,6.0,0.807960925046792,0.19203907495320807,4
483,0,0.0,2.0,1.0,4.0,1.0,9.0,193.556,1.0,0.0,9.0,33.0,1.12,92.0,2.0,2.0,19.0,4.0,5.42857142857143,0.0,1.0,0.648648648648649,0.0,0.0,0.915006640106242,0.0,0.0,3.0,0.6297830799813868,0.3702169200186132,1
483,1,0.0,2.0,1.0,4.0,1.0,9.0,25.0,1.0,2.0,9.0,33.0,1.12,92.0,2.0,2.0,19.0,4.0,5.42857142857143,0.0,1.0,0.648648648648649,0.0,0.0,0.915006640106242,0.0,0.0,3.0,0.9240897366038294,0.07591026339617056,2
483,2,0.0,2.0,1.0,321.0,1.0,9.0,25.0,1.0,2.0,9.0,33.0,1.12,92.0,2.0,2.0,19.0,4.0,5.42857142857143,0.0,1.0,0.648648648648649,0.0,0.0,0.915006640106242,0.0,0.0,3.0,0.9471449711927125,0.05285502880728758,3
483,3,0.0,2.0,1.0,321.0,1.0,9.0,25.0,1.0,2.0,9.0,33.0,1.12,77.0,2.0,2.0,19.0,4.0,5.42857142857143,0.0,1.0,0.648648648648649,0.0,0.0,0.915006640106242,0.0,0.0,3.0,0.9574941053517383,0.042505894648261745,4
483,4,0.0,2.0,1.0,4.0,1.0,9.0,25.0,1.0,2.0,9.0,33.0,1.12,92.0,0.0,2.0,19.0,4.0,5.42857142857143,0.0,1.0,0.648648648648649,0.0,0.0,0.915006640106242,0.0,0.0,3.0,0.9372902265983151,0.06270977340168493,3
483,5,0.0,2.0,1.0,4.0,1.0,9.0,25.0,1.0,2.0,9.0,33.0,1.12,92.0,0.0,2.0,19.0,4.0,5.42857142857143,0.0,1.0,0.648648648648649,5.0,0.0,0.915006640106242,0.0,0.0,3.0,0.9485876098335856,0.05141239016641445,4
483,6,0.0,2.0,1.0,4.0,1.0,9.0,25.0,1.0,0.0,9.0,13.0,1.12,92.0,2.0,2.0,19.0,4.0,5.42857142857143,0.0,1.0,0.648648648648649,0.0,0.0,0.915006640106242,0.0,0.0,3.0,0.9188060330823669,0.08119396691763314,2
483,7,0.0,2.0,1.0,4.0,0.0,9.0,25.0,1.0,0.0,9.0,13.0,1.12,92.0,2.0,2.0,19.0,4.0,5.42857142857143,0.0,1.0,0.648648648648649,0.0,0.0,0.915006640106242,0.0,0.0,3.0,0.9372278264235216,0.06277217357647841,3
483,8,0.0,2.0,1.0,4.0,1.0,9.0,356.0,1.0,0.0,9.0,33.0,1.12,92.0,2.0,2.0,19.0,4.0,337.0,0.0,1.0,0.648648648648649,0.0,0.0,0.915006640106242,0.0,0.0,3.0,0.5958859776117797,0.4041140223882203,1
483,9,0.0,2.0,1.0,4.0,0.0,9.0,25.0,1.0,0.0,9.0,13.0,1.12,92.0,2.0,2.0,19.0,1.0,337.0,0.0,1.0,0.648648648648649,0.0,0.0,0.915006640106242,0.0,0.0,3.0,0.9571433651558385,0.04285663484416147,5
483,10,0.0,2.0,1.0,4.0,0.0,9.0,15.0,1.0,0.0,9.0,13.0,1.12,92.0,2.0,2.0,19.0,1.0,337.0,0.0,1.0,0.648648648648649,0.0,0.0,0.915006640106242,0.0,0.0,3.0,0.9661623357508703,0.03383766424912972,5
483,11,0.0,2.0,1.0,4.0,1.0,9.0,25.0,1.0,2.0,3.0,33.0,1.12,92.0,2.0,2.0,19.0,4.0,5.42857142857143,0.0,1.0,0.648648648648649,0.0,0.0,0.915006640106242,0.0,0.0,3.0,0.9412312567053022,0.05876874329469785,3
483,12,0.0,2.0,1.0,4.0,1.0,9.0,25.0,1.0,2.0,3.0,33.0,1.12,92.0,2.0,2.0,19.0,1.0,5.42857142857143,0.0,1.0,0.648648648648649,0.0,0.0,0.915006640106242,0.0,0.0,3.0,0.9459100527336702,0.05408994726632975,4
483,13,0.0,2.0,1.0,4.0,1.0,9.0,15.0,1.0,2.0,3.0,33.0,1.12,92.0,2.0,2.0,19.0,1.0,5.42857142857143,0.0,1.0,0.648648648648649,0.0,0.0,0.915006640106242,0.0,0.0,3.0,0.9571872785557027,0.04281272144429724,4
483,14,0.0,2.0,1.0,4.0,1.0,9.0,15.0,1.0,2.0,5.0,33.0,1.12,92.0,2.0,2.0,19.0,1.0,5.42857142857143,0.0,1.0,0.648648648648649,0.0,0.0,0.915006640106242,0.0,0.0,3.0,0.9577011900687968,0.04229880993120322,4
483,15,0.0,2.0,1.0,4.0,1.0,9.0,15.0,1.0,2.0,5.0,33.0,1.12,85.0,2.0,2.0,19.0,1.0,5.42857142857143,0.0,1.0,0.648648648648649,0.0,0.0,0.915006640106242,0.0,0.0,3.0,0.9581951462354585,0.04180485376454142,5
483,16,0.0,2.0,1.0,7.0,1.0,9.0,356.0,1.0,0.0,9.0,33.0,1.12,92.0,2.0,2.0,19.0,4.0,5.42857142857143,0.0,1.0,0.648648648648649,0.0,0.0,0.915006640106242,0.0,0.0,3.0,0.5421256738583649,0.4578743261416351,1
483,17,0.0,2.0,1.0,321.0,1.0,9.0,356.0,1.0,2.0,9.0,33.0,1.12,92.0,2.0,2.0,19.0,4.0,5.42857142857143,0.0,1.0,0.648648648648649,0.0,0.0,0.915006640106242,0.0,0.0,3.0,0.7785832562343761,0.2214167437656239,2
483,18,0.0,2.0,1.0,321.0,1.0,9.0,356.0,1.0,2.0,9.0,33.0,1.12,92.0,2.0,2.0,19.0,4.0,337.0,0.0,1.0,0.648648648648649,0.0,0.0,0.915006640106242,0.0,0.0,3.0,0.837778890242984,0.16222110975701595,3
483,19,0.0,2.0,1.0,321.0,1.0,9.0,356.0,1.0,2.0,9.0,3.0,1.12,92.0,2.0,2.0,19.0,4.0,337.0,0.0,1.0,0.648648648648649,0.0,0.0,0.915006640106242,0.0,0.0,3.0,0.8484292634170509,0.15157073658294912,4
486,0,0.0,1.0,1.0,46.0,0.0,10.0,1395.0,1.0,0.0,1.0,122.0,3.39,100.0,0.0,2.0,35.0,0.0,4.30894308943089,0.0,0.0,0.0,0.0,13.0,1.0,0.5,0.0,10.0,0.5195773732801592,0.4804226267198408,1
486,1,0.0,1.0,1.0,46.0,0.0,10.0,1395.0,1.0,0.0,1.0,122.0,3.39,100.0,0.0,2.0,35.0,0.0,4.30894308943089,0.0,0.0,0.0,0.0,13.0,1.0,1.0,0.0,10.0,0.7624038109954592,0.2375961890045408,2
486,2,0.0,1.0,1.0,46.0,0.0,10.0,1395.0,1.0,0.0,1.0,122.0,3.39,100.0,0.0,2.0,35.0,0.0,4.30894308943089,0.0,0.0,0.0,0.0,13.0,0.762361251261352,0.8,0.0,0.0,0.5225775830786736,0.4774224169213264,2
486,3,0.0,1.0,1.0,46.0,0.0,10.0,93.111,1.0,0.0,1.0,122.0,3.39,100.0,0.0,2.0,35.0,0.0,4.30894308943089,0.0,0.0,0.0,0.0,13.0,0.762361251261352,0.5,0.0,0.0,0.5294071654524297,0.47059283454757034,2
486,4,0.0,1.0,1.0,46.0,0.0,10.0,71.0,1.0,0.0,1.0,13.0,3.39,100.0,0.0,2.0,35.0,0.0,4.30894308943089,0.0,0.0,0.0,0.0,13.0,1.0,1.0,0.0,0.0,0.9432016398562323,0.05679836014376767,5
486,5,0.0,1.0,1.0,46.0,0.0,10.0,71.0,1.0,0.0,1.0,13.0,3.39,100.0,0.0,2.0,35.0,0.0,4.30894308943089,0.0,0.0,0.0,0.0,13.0,1.0,0.8,0.0,0.0,0.9441060946477438,0.055893905352256294,5
486,6,0.0,1.0,1.0,46.0,0.0,10.0,71.0,1.0,0.0,1.0,122.0,3.39,100.0,0.0,2.0,35.0,0.0,4.30894308943089,0.0,0.0,0.0,0.0,13.0,1.0,0.5,0.0,10.0,0.727859950544232,0.27214004945576803,2
486,7,0.0,1.0,1.0,46.0,0.0,10.0,71.0,1.0,0.0,1.0,13.0,3.39,100.0,0.0,2.0,35.0,0.0,4.30894308943089,0.0,0.0,0.0,0.0,13.0,1.0,0.5,0.0,10.0,0.767935377618986,0.232064622381014,3
486,8,0.0,1.0,1.0,321.0,0.0,10.0,71.0,1.0,0.0,1.0,13.0,3.39,100.0,0.0,2.0,35.0,0.0,4.30894308943089,0.0,0.0,0.0,0.0,13.0,1.0,0.5,0.0,10.0,0.768489729800869,0.23151027019913095,4
486,9,0.0,1.0,1.0,46.0,0.0,10.0,1395.0,1.0,0.0,1.0,122.0,3.39,100.0,0.0,2.0,35.0,0.0,4.30894308943089,0.0,0.0,0.0,0.0,13.0,1.0,0.5,0.0,0.0,0.7578533363829723,0.24214666361702772,2
486,10,0.0,1.0,1.0,46.0,0.0,10.0,1395.0,1.0,0.0,1.0,122.0,3.39,100.0,0.0,2.0,35.0,0.0,4.30894308943089,0.0,0.0,0.0,0.0,0.0,1.0,0.5,0.0,0.0,0.8495454668115616,0.15045453318843835,3
486,11,0.0,1.0,1.0,46.0,0.0,10.0,1395.0,1.0,0.0,1.0,13.0,3.39,100.0,0.0,2.0,35.0,0.0,4.30894308943089,0.0,0.0,0.0,0.0,13.0,0.762361251261352,0.5,0.0,2.0,0.5017187051795756,0.4982812948204244,2
486,12,0.0,1.0,1.0,46.0,0.0,10.0,1395.0,1.0,93.0,1.0,13.0,3.39,100.0,0.0,2.0,35.0,0.0,4.30894308943089,0.0,0.0,0.0,0.0,0.0,1.0,0.5,0.0,0.0,0.9005324397689052,0.09946756023109486,5
486,13,0.0,1.0,1.0,46.0,0.0,10.0,71.0,1.0,0.0,1.0,122.0,3.39,100.0,0.0,2.0,35.0,0.0,4.30894308943089,0.0,0.0,0.0,0.0,13.0,1.0,0.5,0.0,0.0,0.9127106974560105,0.08728930254398946,3
486,14,0.0,1.0,1.0,46.0,0.0,10.0,71.0,1.0,93.0,1.0,122.0,3.39,100.0,0.0,2.0,35.0,0.0,4.30894308943089,0.0,0.0,0.0,0.0,13.0,1.0,0.5,0.0,0.0,0.9282754719659141,0.07172452803408585,4
486,15,0.0,1.0,1.0,46.0,0.0,10.0,71.0,1.0,93.0,1.0,25.0,3.39,100.0,0.0,2.0,35.0,0.0,4.30894308943089,0.0,0.0,0.0,0.0,13.0,1.0,0.5,0.0,0.0,0.9343119018645104,0.06568809813548959,5
486,16,0.0,1.0,1.0,46.0,0.0,10.0,15.0,1.0,0.0,1.0,25.0,3.39,100.0,0.0,2.0,35.0,0.0,4.30894308943089,0.0,0.0,0.0,0.0,13.0,0.762361251261352,0.5,0.0,10.0,0.5230092572956446,0.4769907427043554,2
486,17,0.0,1.0,1.0,46.0,0.0,10.0,15.0,1.0,93.0,1.0,13.0,3.39,100.0,0.0,2.0,35.0,0.0,4.30894308943089,0.0,0.0,0.0,0.0,13.0,0.762361251261352,0.5,0.0,10.0,0.674798516715731,0.325201483284269,3
486,18,0.0,1.0,1.0,46.0,0.0,10.0,15.0,1.0,93.0,1.0,13.0,3.39,100.0,0.0,146.0,35.0,0.0,4.30894308943089,0.0,0.0,0.0,0.0,13.0,0.762361251261352,0.5,0.0,10.0,0.6925121781414755,0.3074878218585245,4
486,19,0.0,1.0,2.0,46.0,0.0,10.0,15.0,1.0,93.0,1.0,13.0,3.39,100.0,0.0,146.0,35.0,0.0,4.30894308943089,0.0,0.0,0.0,0.0,13.0,0.762361251261352,0.5,0.0,10.0,0.7074039914951396,0.2925960085048604,5
511,0,4.0,0.0,1.0,10.0,0.0,6.0,193.556,2.0,1.0,14.0,64.0,0.84,95.0,2.0,0.0,28.0,3.0,9.97101449275362,0.0,1.0,0.694444444444444,0.0,18.0,1.0,1.0,0.0,5.0,0.6361304248077437,0.3638695751922563,2
511,1,4.0,0.0,1.0,10.0,0.0,6.0,71.0,2.0,1.0,14.0,64.0,0.84,66.0,2.0,0.0,28.0,3.0,9.97101449275362,0.0,1.0,0.694444444444444,0.0,18.0,0.882778581765557,1.0,0.0,5.0,0.5180420268244097,0.4819579731755903,2
511,2,4.0,0.0,1.0,10.0,0.0,6.0,25.0,2.0,1.0,14.0,13.0,0.84,66.0,2.0,0.0,28.0,3.0,9.97101449275362,0.0,1.0,0.694444444444444,0.0,18.0,1.0,1.0,0.0,5.0,0.8799664488151315,0.12003355118486851,4
511,3,4.0,0.0,1.0,10.0,0.0,6.0,71.0,2.0,1.0,14.0,13.0,0.84,66.0,2.0,0.0,28.0,3.0,9.97101449275362,0.0,1.0,0.694444444444444,0.0,18.0,1.0,1.0,0.0,5.0,0.9076316589387675,0.09236834106123247,4
511,4,4.0,0.0,1.0,10.0,0.0,6.0,25.0,2.0,1.0,14.0,64.0,0.84,95.0,2.0,0.0,28.0,6.0,9.97101449275362,0.0,1.0,0.694444444444444,0.0,18.0,1.0,1.0,0.0,5.0,0.8103892809446509,0.18961071905534907,3
511,5,4.0,0.0,1.0,10.0,0.0,6.0,25.0,2.0,1.0,1.0,64.0,0.84,95.0,2.0,0.0,28.0,6.0,9.97101449275362,0.0,1.0,0.694444444444444,0.0,18.0,1.0,1.0,0.0,5.0,0.8161062217703842,0.18389377822961583,4
511,6,4.0,0.0,1.0,10.0,0.0,6.0,71.0,2.0,1.0,14.0,64.0,0.84,95.0,2.0,0.0,28.0,3.0,9.97101449275362,0.0,25.0,0.694444444444444,0.0,18.0,0.882778581765557,1.0,0.0,5.0,0.5028174796720557,0.4971825203279443,2
511,7,4.0,0.0,1.0,10.0,0.0,6.0,93.111,2.0,1.0,5.0,64.0,0.84,95.0,2.0,0.0,28.0,3.0,9.97101449275362,0.0,25.0,0.694444444444444,0.0,18.0,0.882778581765557,1.0,0.0,5.0,0.541930815076386,0.45806918492361404,3
511,8,4.0,0.0,1.0,10.0,0.0,6.0,561.0,2.0,1.0,14.0,13.0,0.84,95.0,2.0,0.0,28.0,3.0,9.97101449275362,0.0,1.0,0.694444444444444,0.0,18.0,1.0,1.0,0.0,5.0,0.6416539948810747,0.35834600511892534,2
511,9,4.0,0.0,1.0,10.0,0.0,6.0,561.0,2.0,1.0,14.0,13.0,0.84,66.0,2.0,0.0,28.0,3.0,9.97101449275362,0.0,1.0,0.694444444444444,0.0,18.0,1.0,1.0,0.0,5.0,0.7438594780510248,0.25614052194897524,3
511,10,4.0,0.0,1.0,10.0,0.0,6.0,561.0,2.0,1.0,14.0,13.0,0.84,66.0,2.0,0.0,28.0,3.0,9.97101449275362,0.0,1.0,0.694444444444444,0.0,2.0,1.0,1.0,0.0,5.0,0.8133762353681321,0.1866237646318679,4
511,11,4.0,0.0,1.0,321.0,0.0,6.0,25.0,2.0,1.0,14.0,64.0,0.84,95.0,2.0,0.0,28.0,3.0,9.97101449275362,0.0,1.0,0.694444444444444,0.0,18.0,0.882778581765557,1.0,0.0,5.0,0.5007872490367447,0.4992127509632554,2
511,12,4.0,0.0,1.0,321.0,0.0,6.0,25.0,2.0,1.0,14.0,64.0,0.84,66.0,2.0,0.0,28.0,3.0,9.97101449275362,0.0,1.0,0.694444444444444,0.0,18.0,1.0,1.0,0.0,5.0,0.8911785748326989,0.10882142516730109,4
511,13,4.0,0.0,1.0,321.0,0.0,6.0,25.0,2.0,1.0,14.0,13.0,0.84,66.0,2.0,0.0,28.0,3.0,9.97101449275362,0.0,1.0,0.694444444444444,0.0,18.0,1.0,1.0,0.0,5.0,0.9123495814253444,0.08765041857465562,5
511,14,4.0,0.0,1.0,321.0,0.0,6.0,71.0,2.0,1.0,14.0,13.0,0.84,95.0,2.0,0.0,28.0,3.0,9.97101449275362,0.0,1.0,0.694444444444444,0.0,18.0,0.882778581765557,1.0,0.0,5.0,0.549973398792411,0.45002660120758897,3
511,15,4.0,0.0,1.0,10.0,0.0,6.0,52.0,2.0,1.0,14.0,64.0,0.84,95.0,2.0,0.0,28.0,3.0,9.97101449275362,0.0,1.0,0.694444444444444,0.0,18.0,0.882778581765557,1.0,0.0,4.0,0.5108244731550832,0.48917552684491683,2
511,16,4.0,0.0,1.0,10.0,0.0,6.0,193.556,2.0,1.0,14.0,64.0,0.84,0.0,2.0,0.0,28.0,3.0,9.97101449275362,0.0,1.0,0.694444444444444,0.0,18.0,0.882778581765557,1.0,0.0,5.0,0.5557255498147043,0.44427445018529566,2
511,17,5.0,0.0,1.0,10.0,0.0,6.0,25.0,2.0,1.0,14.0,64.0,0.84,0.0,2.0,0.0,28.0,3.0,9.97101449275362,0.0,1.0,0.694444444444444,0.0,18.0,0.882778581765557,1.0,0.0,0.0,0.7762491416915064,0.22375085830849362,4
511,18,4.0,0.0,1.0,10.0,0.0,6.0,37.0,2.0,1.0,14.0,64.0,0.84,95.0,2.0,0.0,28.0,3.0,3.9,0.0,1.0,0.694444444444444,0.0,18.0,0.882778581765557,1.0,0.0,5.0,0.5017197854151939,0.4982802145848061,2
511,19,4.0,0.0,1.0,10.0,0.0,6.0,25.0,2.0,1.0,14.0,13.0,0.84,95.0,2.0,0.0,28.0,3.0,337.0,0.0,1.0,0.694444444444444,0.0,18.0,1.0,1.0,0.0,5.0,0.8897027084580992,0.11029729154190081,4
530,0,0.0,4.0,1.0,0.0,0.0,23.0,1063.0,1.0,0.0,1.0,11.0,2.33,100.0,0.0,1.0,7.0,0.0,0.0232558139534884,0.0,1.0,0.0,0.0,30.0,0.880560633759902,1.0,0.0,7.0,0.6879777234271292,0.3120222765728708,1
530,1,0.0,32.0,1.0,0.0,0.0,23.0,193.556,1.0,0.0,1.0,11.0,2.33,100.0,0.0,1.0,7.0,0.0,0.0232558139534884,0.0,1.0,0.0,0.0,30.0,0.880560633759902,1.0,0.0,7.0,0.5718414196416364,0.4281585803583636,1
530,2,0.0,4.0,1.0,0.0,0.0,23.0,15.0,1.0,0.0,1.0,11.0,2.33,100.0,0.0,1.0,7.0,0.0,0.0232558139534884,0.0,1.0,0.0,0.0,30.0,0.880560633759902,1.0,0.0,0.0,0.9666060311249574,0.033393968875042646,3
530,3,0.0,4.0,1.0,0.0,0.0,23.0,15.0,1.0,93.0,1.0,11.0,2.33,100.0,0.0,1.0,7.0,0.0,0.0232558139534884,0.0,1.0,0.0,0.0,30.0,0.880560633759902,1.0,0.0,0.0,0.9832803629048635,0.01671963709513647,4
530,4,0.0,4.0,1.0,0.0,0.0,23.0,15.0,1.0,93.0,1.0,11.0,2.33,100.0,0.0,1.0,7.0,0.0,0.0232558139534884,0.0,1.0,0.0,0.0,30.0,0.9,1.0,0.0,0.0,0.9857296155679568,0.014270384432043199,5
530,5,0.0,0.0,1.0,0.0,0.0,23.0,15.0,1.0,93.0,1.0,11.0,2.33,100.0,0.0,1.0,7.0,0.0,0.0232558139534884,0.0,1.0,0.0,0.0,30.0,0.9,1.0,0.0,0.0,0.9860468103623709,0.013953189637629114,5
530,6,0.0,4.0,1.0,0.0,0.0,23.0,1063.0,1.0,0.0,1.0,11.0,2.33,100.0,0.0,1.0,7.0,0.0,0.0232558139534884,0.0,1.0,0.0,0.0,30.0,0.880560633759902,1.0,0.0,0.0,0.8327593198997597,0.16724068010024026,2
530,7,0.0,4.0,1.0,0.0,0.0,23.0,1063.0,1.0,0.0,1.0,11.0,2.33,100.0,0.0,1.0,7.0,0.0,0.0232558139534884,0.0,1.0,0.0,0.0,30.0,1.0,1.0,0.0,0.0,0.9207257613436225,0.0792742386563775,3
530,8,0.0,4.0,1.0,0.0,0.0,23.0,1063.0,1.0,0.0,1.0,11.0,2.33,100.0,0.0,1.0,21.0,0.0,0.0232558139534884,0.0,1.0,0.0,0.0,30.0,1.0,1.0,0.0,0.0,0.9339174528688249,0.06608254713117515,4
530,9,0.0,0.0,1.0,0.0,0.0,23.0,1063.0,1.0,0.0,1.0,11.0,2.33,100.0,0.0,1.0,21.0,0.0,0.0232558139534884,0.0,1.0,0.0,0.0,30.0,1.0,1.0,0.0,0.0,0.9387644307459821,0.061235569254017824,4
530,10,0.0,4.0,1.0,0.0,0.0,23.0,1063.0,1.0,0.0,1.0,11.0,2.33,100.0,0.0,1.0,7.0,0.0,0.0232558139534884,0.0,1.0,0.0,0.0,30.0,1.0,1.0,0.0,7.0,0.7955198747180785,0.20448012528192147,2
530,11,0.0,32.0,1.0,0.0,0.0,23.0,1063.0,1.0,93.0,1.0,11.0,2.33,100.0,0.0,1.0,7.0,0.0,0.0232558139534884,0.0,1.0,0.0,0.0,30.0,0.880560633759902,1.0,0.0,7.0,0.5990417576111053,0.4009582423888946,1
530,12,0.0,4.0,1.0,0.0,0.0,23.0,1063.0,1.0,93.0,1.0,11.0,2.33,100.0,0.0,1.0,7.0,0.0,0.0232558139534884,0.0,1.0,0.0,5.0,30.0,1.0,1.0,0.0,7.0,0.9223841054181391,0.07761589458186087,4
530,13,0.0,4.0,1.0,0.0,0.0,23.0,1063.0,1.0,93.0,1.0,11.0,2.33,100.0,0.0,1.0,7.0,0.0,0.0232558139534884,0.0,1.0,0.0,5.0,16.0,1.0,1.0,0.0,7.0,0.9290640673494828,0.07093593265051718,5
530,14,0.0,4.0,1.0,0.0,0.0,23.0,1063.0,1.0,93.0,1.0,11.0,2.33,100.0,0.0,1.0,7.0,0.0,0.0232558139534884,0.0,1.0,0.0,0.0,30.0,1.0,1.0,0.0,0.0,0.9477078441931628,0.0522921558068372,4
530,15,0.0,0.0,1.0,0.0,0.0,23.0,1063.0,1.0,93.0,1.0,11.0,2.33,100.0,0.0,1.0,7.0,0.0,0.0232558139534884,0.0,1.0,0.0,0.0,30.0,1.0,1.0,0.0,0.0,0.954572735687233,0.04542726431276696,4
530,16,0.0,0.0,1.0,0.0,0.0,23.0,1063.0,1.0,93.0,1.0,25.0,2.33,100.0,0.0,1.0,7.0,0.0,0.0232558139534884,0.0,1.0,0.0,0.0,30.0,1.0,1.0,0.0,0.0,0.961669635746598,0.03833036425340201,5
530,17,0.0,32.0,1.0,0.0,0.0,23.0,15.0,1.0,0.0,1.0,11.0,2.33,100.0,0.0,1.0,7.0,0.0,0.0232558139534884,0.0,1.0,0.0,0.0,30.0,0.880560633759902,1.0,0.0,7.0,0.6796844210999704,0.32031557890002954,1
530,18,0.0,32.0,1.0,0.0,0.0,23.0,15.0,1.0,93.0,1.0,11.0,2.33,100.0,0.0,1.0,7.0,0.0,0.0232558139534884,0.0,1.0,0.0,0.0,30.0,0.880560633759902,1.0,0.0,7.0,0.8120401047222312,0.1879598952777688,2
530,19,0.0,32.0,1.0,0.0,0.0,23.0,15.0,1.0,93.0,1.0,11.0,2.33,100.0,0.0,1.0,7.0,0.0,0.0232558139534884,0.0,1.0,0.0,5.0,30.0,0.880560633759902,1.0,0.0,7.0,0.8631948007223245,0.13680519927767557,3
608,0,0.0,4.0,1.0,4.0,0.0,4.0,257.0,1.0,0.0,0.0,28.0,3.62,100.0,1.0,2.0,13.0,1.0,1.5,0.0,0.0,0.0,0.0,0.0,0.593516209476309,0.0,0.0,4.0,0.5752781030644764,0.42472189693552365,1
608,1,0.0,4.0,1.0,4.0,0.0,4.0,193.556,1.0,0.0,0.0,28.0,3.62,100.0,1.0,2.0,13.0,1.0,1.5,0.0,0.0,0.0,0.0,0.0,0.593516209476309,0.0,0.0,5.0,0.5185742797059161,0.48142572029408387,1
608,2,0.0,4.0,1.0,4.0,0.0,4.0,37.0,1.0,0.0,0.0,28.0,3.62,100.0,1.0,2.0,13.0,1.0,1.5,0.0,0.0,0.0,0.0,0.0,0.9,0.0,0.0,0.0,0.9691555392647818,0.030844460735218227,3
608,3,0.0,4.0,1.0,4.0,0.0,4.0,37.0,1.0,93.0,0.0,28.0,3.62,100.0,1.0,2.0,13.0,1.0,1.5,0.0,0.0,0.0,0.0,0.0,0.9,0.0,0.0,0.0,0.9854410624997673,0.014558937500232773,4
608,4,0.0,4.0,1.0,4.0,0.0,4.0,52.0,1.0,93.0,0.0,28.0,3.62,100.0,1.0,2.0,13.0,1.0,1.5,0.0,0.0,0.0,0.0,0.0,0.9,0.0,0.0,0.0,0.9873342257812616,0.012665774218738398,4
608,5,0.0,4.0,1.0,4.0,0.0,4.0,37.0,1.0,0.0,0.0,28.0,3.62,100.0,1.0,2.0,13.0,1.0,6.0,0.0,0.0,0.0,0.0,0.0,0.593516209476309,0.0,0.0,0.0,0.9287112613548307,0.07128873864516928,3
608,6,0.0,4.0,1.0,4.0,0.0,4.0,15.0,1.0,0.0,0.0,28.0,3.62,100.0,1.0,2.0,13.0,1.0,6.0,0.0,0.0,0.0,0.0,0.0,0.593516209476309,0.0,0.0,0.0,0.9327131935478474,0.06728680645215256,3
608,7,0.0,4.0,1.0,4.0,0.0,4.0,257.0,1.0,93.0,0.0,28.0,3.62,100.0,1.0,2.0,13.0,1.0,1.5,0.0,0.0,0.0,0.0,0.0,0.593516209476309,0.0,0.0,5.0,0.615560788810585,0.3844392111894151,1
608,8,0.0,4.0,1.0,1.0,0.0,4.0,257.0,1.0,93.0,0.0,28.0,3.62,100.0,1.0,2.0,13.0,1.0,1.5,0.0,0.0,0.0,0.0,0.0,0.593516209476309,0.0,0.0,0.0,0.9103447322751859,0.08965526772481418,3
608,9,0.0,4.0,1.0,4.0,0.0,4.0,52.0,1.0,0.0,0.0,28.0,3.62,100.0,1.0,2.0,13.0,1.0,1.5,0.0,0.0,0.0,0.0,0.0,0.593516209476309,0.0,0.0,5.0,0.745294375377354,0.25470562462264607,1
608,10,0.0,4.0,1.0,4.0,0.0,4.0,52.0,1.0,0.0,0.0,28.0,3.62,100.0,1.0,2.0,13.0,1.0,1.5,0.0,0.0,0.0,0.0,0.0,0.9,0.0,0.0,5.0,0.8353620704351163,0.16463792956488366,2
608,11,0.0,4.0,1.0,4.0,0.0,4.0,52.0,1.0,93.0,0.0,28.0,3.62,100.0,1.0,2.0,13.0,1.0,1.5,0.0,0.0,0.0,0.0,0.0,0.9,0.0,0.0,5.0,0.8860441698289209,0.11395583017107914,3
608,12,0.0,4.0,1.0,4.0,0.0,4.0,52.0,1.0,93.0,0.0,28.0,3.62,100.0,1.0,2.0,13.0,1.0,6.0,0.0,0.0,0.0,0.0,0.0,0.9,0.0,0.0,5.0,0.8905370093216369,0.10946299067836301,4
608,13,0.0,4.0,1.0,4.0,0.0,4.0,15.0,1.0,93.0,0.0,28.0,3.62,100.0,1.0,2.0,13.0,1.0,6.0,0.0,0.0,0.0,0.0,0.0,0.9,0.0,0.0,5.0,0.9332782286322003,0.06672177136779964,4
608,14,0.0,4.0,1.0,4.0,0.0,4.0,15.0,1.0,2.0,0.0,28.0,3.62,100.0,1.0,2.0,13.0,1.0,6.0,0.0,0.0,0.0,0.0,0.0,0.9,0.0,0.0,5.0,0.9410061307654003,0.05899386923459974,4
608,15,0.0,4.0,1.0,4.0,0.0,4.0,37.0,1.0,0.0,0.0,28.0,3.62,100.0,1.0,2.0,13.0,1.0,6.0,0.0,0.0,0.0,0.0,0.0,0.9,0.0,0.0,0.0,0.977470503317368,0.02252949668263202,4
608,16,0.0,4.0,1.0,4.0,0.0,4.0,15.0,1.0,0.0,0.0,28.0,3.62,100.0,1.0,2.0,13.0,1.0,6.0,0.0,0.0,0.0,0.0,0.0,0.9,0.0,0.0,0.0,0.9859561976267309,0.014043802373269099,4
608,17,0.0,4.0,1.0,4.0,0.0,4.0,15.0,1.0,0.0,0.0,13.0,3.62,100.0,1.0,2.0,13.0,1.0,6.0,0.0,0.0,0.0,0.0,0.0,0.9,0.0,0.0,0.0,0.9892634691121679,0.010736530887832071,5
608,18,0.0,4.0,1.0,4.0,62.0,4.0,257.0,1.0,93.0,0.0,28.0,3.62,100.0,1.0,2.0,13.0,1.0,1.5,0.0,0.0,0.0,0.0,0.0,0.593516209476309,0.0,0.0,5.0,0.6657920500893166,0.3342079499106833,2
617,0,0.0,2.0,1.0,43.0,0.0,12.0,193.556,1.0,0.0,1.0,35.0,4.64,100.0,1.0,1.0,11.0,1.0,1.91891891891892,0.0,0.0,0.0,0.0,0.0,0.754146341463415,0.0,0.0,5.0,0.5852165237931923,0.4147834762068076,1
617,1,0.0,2.0,1.0,43.0,0.0,12.0,52.0,1.0,0.0,1.0,35.0,4.64,100.0,1.0,1.0,11.0,1.0,1.91891891891892,0.0,0.0,0.0,0.0,0.0,0.754146341463415,0.0,0.0,0.0,0.90996420530801,0.09003579469198997,2
617,2,0.0,2.0,1.0,43.0,0.0,12.0,52.0,1.0,0.0,1.0,35.0,4.64,100.0,1.0,1.0,11.0,1.0,1.91891891891892,0.0,0.0,0.0,0.0,0.0,0.9,0.0,0.0,0.0,0.9715275925361205,0.028472407463879423,3
617,3,0.0,2.0,1.0,43.0,0.0,12.0,52.0,1.0,93.0,1.0,35.0,4.64,100.0,1.0,1.0,11.0,1.0,1.91891891891892,0.0,0.0,0.0,0.0,0.0,0.9,0.0,0.0,0.0,0.983645907583552,0.01635409241644806,4
617,4,0.0,2.0,1.0,43.0,0.0,12.0,52.0,1.0,93.0,1.0,35.0,4.64,100.0,1.0,1.0,11.0,1.0,1.91891891891892,0.0,0.0,0.0,0.0,0.0,1.0,0.0,0.0,0.0,0.9849038708573402,0.015096129142659821,4
617,5,0.0,2.0,1.0,43.0,0.0,12.0,71.0,1.0,93.0,1.0,35.0,4.64,100.0,1.0,1.0,11.0,1.0,1.91891891891892,0.0,0.0,0.0,0.0,0.0,1.0,0.0,0.0,0.0,0.9883151448810094,0.011684855118990686,4
617,6,0.0,2.0,1.0,0.0,0.0,12.0,52.0,1.0,0.0,1.0,35.0,4.64,100.0,1.0,1.0,11.0,1.0,1.91891891891892,0.0,0.0,0.0,0.0,0.0,0.754146341463415,0.0,0.0,5.0,0.8347196885138204,0.16528031148617964,2
617,7,0.0,2.0,1.0,0.0,0.0,12.0,52.0,1.0,0.0,1.0,35.0,4.64,100.0,1.0,1.0,11.0,1.0,1.91891891891892,0.0,0.0,0.0,0.0,0.0,0.9,0.0,0.0,5.0,0.9367974223795199,0.06320257762048004,3
617,8,0.0,2.0,1.0,0.0,0.0,12.0,52.0,1.0,2.0,1.0,35.0,4.64,100.0,1.0,1.0,11.0,1.0,1.91891891891892,0.0,0.0,0.0,0.0,0.0,0.9,0.0,0.0,5.0,0.953270153889519,0.046729846110481,4
617,9,0.0,2.0,1.0,1.0,0.0,12.0,52.0,1.0,2.0,1.0,35.0,4.64,100.0,1.0,1.0,11.0,1.0,1.91891891891892,0.0,0.0,0.0,0.0,0.0,0.9,0.0,0.0,5.0,0.9567590975234901,0.04324090247650989,4
617,10,0.0,2.0,1.0,1.0,0.0,12.0,52.0,1.0,2.0,1.0,35.0,4.64,85.0,1.0,1.0,11.0,1.0,1.91891891891892,0.0,0.0,0.0,0.0,0.0,0.9,0.0,0.0,5.0,0.9572635643061087,0.04273643569389125,5
617,11,0.0,2.0,1.0,43.0,0.0,12.0,52.0,1.0,93.0,1.0,35.0,4.64,100.0,1.0,1.0,11.0,1.0,1.91891891891892,0.0,0.0,0.0,0.0,0.0,0.754146341463415,0.0,0.0,0.0,0.9180355705594753,0.08196442944052475,3
617,12,0.0,2.0,1.0,43.0,0.0,12.0,37.0,1.0,93.0,1.0,35.0,4.64,100.0,1.0,1.0,11.0,1.0,1.91891891891892,0.0,0.0,0.0,0.0,0.0,0.754146341463415,0.0,0.0,0.0,0.9186766194314159,0.08132338056858415,3
617,13,0.0,2.0,1.0,43.0,62.0,12.0,52.0,1.0,0.0,1.0,35.0,4.64,100.0,1.0,1.0,11.0,1.0,1.91891891891892,0.0,0.0,0.0,0.0,0.0,0.9,0.0,0.0,0.0,0.9715383802056492,0.028461619794350773,4
617,14,0.0,2.0,1.0,43.0,62.0,12.0,37.0,1.0,0.0,1.0,35.0,4.64,100.0,1.0,1.0,11.0,1.0,1.91891891891892,0.0,0.0,0.0,0.0,0.0,0.9,0.0,0.0,0.0,0.9749766196646036,0.025023380335396413,4
617,15,0.0,2.0,1.0,43.0,62.0,12.0,37.0,1.0,0.0,1.0,35.0,4.64,100.0,1.0,1.0,11.0,1.0,1.91891891891892,0.0,0.0,0.0,0.0,0.0,1.0,0.0,0.0,0.0,0.9752669582254327,0.02473304177456727,4
617,16,0.0,2.0,1.0,43.0,62.0,12.0,37.0,1.0,0.0,1.0,35.0,4.64,100.0,7.0,1.0,11.0,1.0,1.91891891891892,0.0,0.0,0.0,0.0,0.0,1.0,0.0,0.0,0.0,0.9779367055210209,0.022063294478979124,5
617,17,0.0,2.0,1.0,43.0,0.0,12.0,715.0,1.0,0.0,1.0,35.0,4.64,100.0,1.0,1.0,11.0,1.0,1.91891891891892,0.0,0.0,0.0,0.0,0.0,0.8,0.0,0.0,5.0,0.5099511950640525,0.49004880493594755,1
617,18,0.0,2.0,1.0,43.0,0.0,12.0,715.0,1.0,1.0,1.0,35.0,4.64,100.0,1.0,1.0,11.0,1.0,1.91891891891892,0.0,0.0,0.0,0.0,0.0,0.754146341463415,0.0,0.0,5.0,0.5062049235572363,0.49379507644276366,1
617,19,0.0,2.0,1.0,43.0,0.0,12.0,715.0,1.0,93.0,1.0,35.0,4.64,100.0,2.0,1.0,11.0,1.0,1.91891891891892,0.0,0.0,0.0,0.0,0.0,1.0,0.0,0.0,5.0,0.8615153601887345,0.13848463981126544,3
644,0,6.0,0.0,2.0,4.0,22.0,12.0,805.0,1.0,0.0,3.0,55.0,0.93,87.0,1.0,0.0,21.0,2.0,10.672131147541,0.0,1.0,0.777777777777778,0.0,0.0,1.0,0.0,0.0,9.0,0.5751472484003802,0.42485275159961977,1
644,1,6.0,0.0,2.0,4.0,22.0,12.0,805.0,1.0,0.0,3.0,55.0,0.93,87.0,1.0,0.0,21.0,2.0,10.672131147541,0.0,1.0,0.777777777777778,0.0,0.0,1.0,0.0,0.0,2.0,0.861474088878235,0.13852591112176507,2
644,2,6.0,0.0,2.0,4.0,22.0,12.0,346.0,1.0,0.0,3.0,55.0,0.93,87.0,1.0,0.0,21.0,2.0,10.672131147541,0.0,1.0,0.777777777777778,0.0,0.0,0.746910263299301,0.0,0.0,2.0,0.5154400489058297,0.4845599510941702,2
644,3,6.0,0.0,2.0,4.0,22.0,12.0,15.0,1.0,0.0,3.0,55.0,0.93,87.0,1.0,0.0,21.0,2.0,10.672131147541,0.0,1.0,5.2,0.0,0.0,1.0,0.0,0.0,2.0,0.9774488150527109,0.022551184947289155,4
644,4,6.0,0.0,2.0,4.0,22.0,12.0,15.0,1.0,0.0,3.0,55.0,0.93,87.0,1.0,0.0,21.0,2.0,10.672131147541,0.0,1.0,5.2,0.0,0.0,1.0,0.0,0.0,0.0,0.9819009338132199,0.01809906618678016,4
644,5,6.0,0.0,2.0,4.0,22.0,12.0,15.0,1.0,0.0,3.0,55.0,0.93,87.0,1.0,0.0,21.0,2.0,10.672131147541,0.0,1.0,0.777777777777778,0.0,0.0,1.0,0.0,0.0,0.0,0.9655701188575682,0.034429881142431805,3
644,6,6.0,0.0,2.0,4.0,22.0,12.0,15.0,1.0,0.0,3.0,55.0,0.93,87.0,1.0,0.0,21.0,2.0,4.8,0.0,1.0,0.777777777777778,0.0,0.0,1.0,0.0,0.0,0.0,0.9743039047147212,0.025696095285278855,4
644,7,6.0,0.0,2.0,4.0,22.0,12.0,15.0,1.0,0.0,3.0,55.0,0.93,87.0,1.0,0.0,21.0,2.0,10.672131147541,0.0,1.0,0.777777777777778,0.0,0.0,1.0,0.0,0.0,9.0,0.8314132989585936,0.16858670104140633,2
644,8,6.0,0.0,2.0,4.0,22.0,12.0,93.111,1.0,0.0,3.0,55.0,0.93,87.0,1.0,0.0,21.0,2.0,10.672131147541,0.0,1.0,1.8,0.0,0.0,0.746910263299301,0.0,0.0,9.0,0.5037279128372047,0.49627208716279525,2
644,9,6.0,0.0,2.0,4.0,22.0,12.0,15.0,1.0,0.0,1.0,55.0,0.93,87.0,1.0,0.0,21.0,2.0,10.672131147541,0.0,1.0,5.2,0.0,0.0,1.0,0.0,0.0,9.0,0.9488655361927602,0.051134463807239884,4
644,10,6.0,0.0,2.0,4.0,22.0,12.0,37.0,1.0,0.0,3.0,55.0,29.08,87.0,1.0,0.0,21.0,2.0,10.672131147541,0.0,1.0,0.777777777777778,0.0,0.0,0.746910263299301,0.0,0.0,9.0,0.5090179702359872,0.49098202976401284,2
644,11,6.0,0.0,2.0,4.0,22.0,12.0,25.0,1.0,0.0,1.0,55.0,29.08,87.0,1.0,0.0,21.0,2.0,10.672131147541,0.0,1.0,5.2,0.0,0.0,1.0,0.0,0.0,9.0,0.9610004044549791,0.038999595545020915,5
644,12,6.0,0.0,2.0,321.0,22.0,12.0,15.0,1.0,0.0,3.0,55.0,0.93,87.0,1.0,0.0,21.0,2.0,10.672131147541,0.0,1.0,5.2,0.0,0.0,1.0,0.0,0.0,0.0,0.9833526521120411,0.01664734788795887,5
644,13,6.0,0.0,2.0,4.0,22.0,12.0,15.0,1.0,0.0,5.0,55.0,0.93,87.0,1.0,0.0,21.0,2.0,10.672131147541,0.0,1.0,0.777777777777778,0.0,0.0,1.0,0.0,0.0,0.0,0.9663056655944768,0.033694334405523135,4
644,14,6.0,0.0,2.0,4.0,22.0,12.0,805.0,1.0,0.0,3.0,55.0,0.93,87.0,1.0,0.0,21.0,2.0,10.672131147541,0.0,1.0,0.6,0.0,0.0,0.746910263299301,0.0,0.0,2.0,0.5259209967984679,0.474079003201532,2
644,15,6.0,0.0,2.0,4.0,22.0,12.0,805.0,1.0,0.0,3.0,55.0,0.93,87.0,1.0,0.0,21.0,1.0,10.672131147541,0.0,1.0,5.2,0.0,0.0,0.746910263299301,0.0,0.0,2.0,0.6921101411093686,0.3078898588906313,3
644,16,6.0,0.0,2.0,4.0,22.0,12.0,805.0,1.0,0.0,3.0,55.0,0.93,87.0,1.0,0.0,13.0,2.0,10.672131147541,0.0,1.0,0.777777777777778,0.0,0.0,0.746910263299301,0.0,0.0,2.0,0.5124566389520999,0.4875433610479,2
644,17,6.0,0.0,2.0,4.0,22.0,12.0,805.0,1.0,0.0,3.0,55.0,0.93,87.0,1.0,0.0,21.0,2.0,10.672131147541,0.0,1.0,5.2,0.0,0.0,1.0,0.0,0.0,9.0,0.7398378523234794,0.26016214767652057,2
644,18,6.0,0.0,2.0,4.0,22.0,12.0,805.0,1.0,0.0,3.0,25.0,0.93,87.0,1.0,0.0,21.0,2.0,10.672131147541,0.0,1.0,5.2,0.0,0.0,1.0,0.0,0.0,9.0,0.7670485705431003,0.23295142945689978,3
644,19,6.0,0.0,2.0,4.0,22.0,12.0,15.0,1.0,0.0,3.0,55.0,0.93,87.0,1.0,0.0,21.0,2.0,10.672131147541,0.0,25.0,5.2,0.0,0.0,1.0,0.0,0.0,9.0,0.9319818992860293,0.06801810071397077,4
667,0,11.0,1.0,2.0,6.0,6.0,7.0,71.0,1.0,23.0,8.0,81.0,0.62,94.0,2.0,2.0,40.0,3.0,4.60344827586207,0.0,0.0,0.923728813559322,0.0,361.0,1.0,0.625,0.0,4.0,0.5158613913631218,0.48413860863687813,2
667,1,11.0,1.0,2.0,6.0,6.0,7.0,37.0,1.0,23.0,8.0,81.0,29.08,94.0,2.0,2.0,40.0,3.0,4.60344827586207,0.0,0.0,0.923728813559322,0.0,2.0,1.0,0.625,0.0,4.0,0.7930565136553447,0.2069434863446553,4
667,2,11.0,1.0,2.0,6.0,6.0,7.0,71.0,1.0,23.0,8.0,81.0,29.08,94.0,2.0,2.0,21.0,3.0,4.60344827586207,0.0,0.0,0.923728813559322,0.0,2.0,0.818152244632401,0.625,0.0,4.0,0.5000517068039578,0.4999482931960421,4
667,3,11.0,1.0,2.0,6.0,6.0,7.0,37.0,1.0,23.0,8.0,81.0,29.08,94.0,2.0,2.0,3.0,3.0,4.60344827586207,0.0,0.0,0.923728813559322,0.0,2.0,0.9,0.625,0.0,4.0,0.8431285639425451,0.1568714360574549,5
667,4,11.0,1.0,2.0,6.0,6.0,7.0,25.0,1.0,23.0,8.0,81.0,29.08,94.0,2.0,2.0,3.0,3.0,4.60344827586207,0.0,0.0,0.923728813559322,0.0,2.0,0.9,0.625,0.0,4.0,0.861135877534713,0.13886412246528698,5
667,5,11.0,1.0,2.0,6.0,6.0,7.0,37.0,1.0,23.0,8.0,81.0,0.62,94.0,2.0,2.0,13.0,3.0,4.60344827586207,0.0,0.0,0.923728813559322,0.0,0.0,0.818152244632401,0.625,0.0,4.0,0.5135969494486168,0.4864030505513832,3
667,6,11.0,1.0,2.0,6.0,6.0,7.0,1034.0,1.0,23.0,8.0,81.0,0.62,94.0,2.0,2.0,6.0,3.0,4.60344827586207,0.0,0.0,5.2,0.0,16.0,1.0,0.625,0.0,4.0,0.5119973641459811,0.48800263585401893,4
667,7,11.0,1.0,2.0,6.0,6.0,7.0,1034.0,1.0,23.0,8.0,81.0,0.62,94.0,2.0,2.0,4.0,0.0,4.60344827586207,0.0,0.0,5.2,0.0,2.0,1.0,0.625,0.0,4.0,0.668401468484634,0.33159853151536606,5
667,8,11.0,1.0,2.0,6.0,6.0,7.0,1034.0,1.0,23.0,8.0,81.0,0.62,94.0,2.0,2.0,4.0,3.0,4.60344827586207,0.0,0.0,0.923728813559322,0.0,0.0,1.0,0.625,0.0,4.0,0.513003816306709,0.48699618369329106,3
667,9,11.0,1.0,2.0,6.0,6.0,7.0,1034.0,1.0,23.0,8.0,13.0,0.62,94.0,2.0,2.0,40.0,3.0,3.0,0.0,0.0,0.923728813559322,0.0,2.0,0.818152244632401,0.625,0.0,4.0,0.5019022417325922,0.49809775826740776,3
667,10,11.0,1.0,2.0,6.0,6.0,7.0,1034.0,1.0,23.0,8.0,2.0,0.62,94.0,2.0,2.0,40.0,3.0,337.0,0.0,0.0,0.923728813559322,0.0,2.0,1.0,0.625,0.0,4.0,0.641012984825237,0.3589870151747629,4
667,11,11.0,1.0,2.0,6.0,6.0,7.0,1034.0,1.0,23.0,8.0,2.0,0.62,94.0,2.0,2.0,4.0,3.0,337.0,0.0,0.0,0.923728813559322,0.0,2.0,1.0,0.625,0.0,4.0,0.7143439166913954,0.2856560833086046,5
667,12,11.0,1.0,2.0,6.0,6.0,7.0,1034.0,1.0,23.0,8.0,2.0,0.62,94.0,2.0,2.0,4.0,3.0,337.0,0.0,0.0,0.923728813559322,0.0,0.0,1.0,0.625,0.0,4.0,0.7285060438645632,0.2714939561354368,5
667,13,11.0,1.0,2.0,6.0,6.0,7.0,1034.0,1.0,23.0,8.0,81.0,0.62,94.0,2.0,2.0,40.0,3.0,337.0,0.0,0.0,0.923728813559322,0.0,0.0,1.0,0.625,0.0,4.0,0.5021792547740304,0.49782074522596964,3
667,14,11.0,1.0,2.0,6.0,6.0,7.0,193.556,1.0,23.0,8.0,13.0,0.62,94.0,2.0,2.0,40.0,3.0,4.60344827586207,0.0,0.0,0.923728813559322,0.0,2.0,0.818152244632401,0.625,0.0,4.0,0.5507980479121952,0.4492019520878048,3
667,15,11.0,1.0,2.0,6.0,6.0,7.0,37.0,1.0,23.0,8.0,7.0,0.62,94.0,2.0,2.0,40.0,3.0,4.60344827586207,0.0,0.0,0.923728813559322,0.0,0.0,1.0,0.625,0.0,4.0,0.8023487666596598,0.19765123334034015,4
667,16,11.0,1.0,2.0,6.0,6.0,7.0,37.0,1.0,23.0,8.0,7.0,0.62,94.0,2.0,2.0,128.0,3.0,4.60344827586207,0.0,0.0,0.923728813559322,0.0,0.0,1.0,0.625,0.0,4.0,0.8105824732883523,0.18941752671164766,5
667,17,11.0,1.0,2.0,6.0,6.0,7.0,25.0,1.0,23.0,8.0,7.0,0.62,94.0,2.0,2.0,128.0,3.0,4.60344827586207,0.0,0.0,0.923728813559322,0.0,0.0,1.0,0.625,0.0,4.0,0.8145928883229274,0.1854071116770726,5
667,18,11.0,1.0,2.0,6.0,6.0,7.0,37.0,1.0,23.0,8.0,81.0,0.62,94.0,2.0,2.0,40.0,3.0,4.60344827586207,0.0,0.0,0.923728813559322,0.0,361.0,1.0,0.625,0.0,4.0,0.5097540294137854,0.4902459705862146,2
667,19,11.0,1.0,2.0,6.0,6.0,7.0,37.0,1.0,23.0,8.0,81.0,29.08,94.0,2.0,2.0,40.0,3.0,4.60344827586207,0.0,0.0,0.923728813559322,0.0,361.0,1.0,0.625,0.0,4.0,0.6914390803475381,0.30856091965246196,3
668,0,2.0,6.0,1.0,3.0,0.0,4.0,93.111,2.0,0.0,4.0,45.0,0.65,94.0,4.0,1.0,23.0,1.0,1.69811320754717,0.0,1.0,0.571428571428571,0.0,555.0,1.0,0.888888888888889,0.0,3.0,0.5327538836187908,0.4672461163812092,2
668,1,2.0,6.0,1.0,3.0,0.0,4.0,15.0,2.0,0.0,4.0,45.0,29.08,94.0,4.0,1.0,23.0,1.0,1.69811320754717,0.0,1.0,0.571428571428571,0.0,555.0,1.0,0.888888888888889,0.0,3.0,0.8758246886126073,0.12417531138739263,3
668,2,2.0,6.0,1.0,3.0,0.0,4.0,15.0,2.0,0.0,4.0,45.0,29.08,94.0,4.0,1.0,23.0,1.0,1.69811320754717,0.0,1.0,0.8,0.0,555.0,1.0,0.888888888888889,0.0,3.0,0.8870408139310382,0.11295918606896187,4
668,3,2.0,6.0,1.0,3.0,0.0,4.0,71.0,2.0,0.0,4.0,45.0,29.08,94.0,1.0,1.0,23.0,1.0,1.69811320754717,0.0,1.0,0.571428571428571,0.0,555.0,0.616647127784291,0.888888888888889,0.0,3.0,0.535255762724381,0.46474423727561903,3
668,4,2.0,6.0,1.0,3.0,0.0,4.0,15.0,2.0,0.0,4.0,45.0,29.08,94.0,0.0,1.0,23.0,1.0,1.69811320754717,0.0,1.0,5.2,0.0,555.0,1.0,0.888888888888889,0.0,3.0,0.9488420028768285,0.051157997123171525,5
668,5,2.0,6.0,1.0,3.0,0.0,4.0,71.0,2.0,0.0,4.0,45.0,29.08,94.0,0.0,1.0,23.0,1.0,1.69811320754717,0.0,1.0,5.2,0.0,555.0,1.0,0.888888888888889,0.0,3.0,0.9557697037575136,0.044230296242486394,5
668,6,2.0,6.0,1.0,3.0,0.0,0.0,15.0,2.0,0.0,4.0,45.0,0.65,94.0,4.0,1.0,23.0,1.0,1.69811320754717,0.0,1.0,0.571428571428571,0.0,555.0,1.0,0.888888888888889,0.0,3.0,0.7851927580722756,0.2148072419277244,3
668,7,2.0,6.0,1.0,3.0,0.0,0.0,15.0,2.0,0.0,4.0,45.0,0.65,94.0,0.0,1.0,23.0,1.0,1.69811320754717,0.0,1.0,0.571428571428571,0.0,555.0,1.0,0.888888888888889,0.0,3.0,0.8596265520512381,0.14037344794876191,4
668,8,2.0,6.0,1.0,3.0,0.0,6.0,15.0,2.0,0.0,4.0,13.0,0.65,94.0,1.0,1.0,23.0,1.0,1.69811320754717,0.0,1.0,0.571428571428571,0.0,555.0,0.616647127784291,0.888888888888889,0.0,3.0,0.5444563326702572,0.45554366732974283,4
668,9,2.0,6.0,1.0,3.0,0.0,0.0,71.0,2.0,0.0,4.0,13.0,0.65,94.0,1.0,1.0,23.0,1.0,1.69811320754717,0.0,1.0,0.571428571428571,0.0,555.0,0.616647127784291,0.888888888888889,0.0,3.0,0.5305477043524692,0.46945229564753077,4
668,10,2.0,6.0,1.0,3.0,0.0,4.0,15.0,2.0,0.0,4.0,45.0,0.65,94.0,0.0,1.0,23.0,1.0,1.69811320754717,0.0,1.0,0.571428571428571,0.0,555.0,1.0,0.888888888888889,0.0,3.0,0.7784837829777853,0.2215162170222147,3
668,11,2.0,6.0,1.0,3.0,0.0,4.0,71.0,2.0,0.0,4.0,45.0,0.65,94.0,1.0,1.0,23.0,1.0,1.69811320754717,0.0,1.0,5.2,0.0,555.0,0.616647127784291,0.888888888888889,0.0,3.0,0.5161919827949621,0.48380801720503785,3
668,12,2.0,6.0,1.0,3.0,0.0,4.0,15.0,2.0,0.0,4.0,45.0,0.65,94.0,0.0,1.0,23.0,1.0,1.69811320754717,0.0,1.0,5.2,0.0,10080.0,1.0,0.888888888888889,0.0,3.0,0.9057779734358636,0.09422202656413634,5
668,13,2.0,6.0,1.0,3.0,0.0,4.0,52.0,2.0,0.0,4.0,13.0,29.08,94.0,4.0,1.0,23.0,1.0,1.69811320754717,0.0,1.0,0.571428571428571,0.0,555.0,0.616647127784291,0.888888888888889,0.0,3.0,0.5083322572144114,0.49166774278558856,3
668,14,2.0,6.0,1.0,3.0,0.0,4.0,15.0,2.0,0.0,4.0,13.0,29.08,94.0,0.0,1.0,23.0,1.0,1.69811320754717,0.0,1.0,0.571428571428571,0.0,555.0,1.0,0.888888888888889,0.0,3.0,0.9028309861751838,0.09716901382481628,5
668,15,2.0,6.0,1.0,3.0,0.0,4.0,71.0,2.0,0.0,4.0,13.0,29.08,94.0,0.0,1.0,23.0,1.0,1.69811320754717,0.0,1.0,0.571428571428571,0.0,555.0,1.0,0.888888888888889,0.0,3.0,0.9237517673839458,0.07624823261605418,5
668,16,2.0,6.0,1.0,3.0,0.0,4.0,15.0,2.0,0.0,4.0,45.0,0.65,94.0,4.0,1.0,23.0,1.0,1.69811320754717,0.0,1.0,0.571428571428571,0.0,555.0,1.0,0.888888888888889,0.0,0.0,0.7857627362081204,0.21423726379187955,3
668,17,2.0,6.0,1.0,3.0,0.0,4.0,15.0,2.0,0.0,4.0,45.0,0.65,94.0,0.0,1.0,23.0,1.0,1.69811320754717,0.0,1.0,0.571428571428571,0.0,555.0,1.0,0.888888888888889,0.0,0.0,0.8239838558025963,0.17601614419740375,4
668,18,2.0,6.0,1.0,3.0,0.0,4.0,15.0,2.0,0.0,4.0,45.0,0.65,94.0,0.0,1.0,23.0,1.0,1.69811320754717,0.0,1.0,5.2,0.0,555.0,1.0,0.888888888888889,0.0,0.0,0.9230122381607199,0.07698776183928013,5
668,19,2.0,6.0,1.0,3.0,0.0,4.0,93.111,2.0,0.0,4.0,45.0,0.65,94.0,0.0,1.0,23.0,1.0,1.69811320754717,0.0,1.0,5.2,0.0,555.0,1.0,0.888888888888889,0.0,0.0,0.9308073179438997,0.06919268205610032,5
669,0,6.0,13.0,1.0,8.0,12.0,4.0,127.0,1.0,2.0,2.0,38.0,0.59,94.0,2.0,0.0,23.0,2.0,3.45762711864407,0.0,1.0,0.60655737704918,0.0,0.0,0.85781990521327,0.0,0.0,3.0,0.5164099159644515,0.4835900840355485,1
669,1,6.0,13.0,1.0,8.0,12.0,4.0,343.0,1.0,2.0,2.0,38.0,0.59,94.0,2.0,0.0,23.0,2.0,8.1,0.0,1.0,0.60655737704918,0.0,0.0,0.85781990521327,0.0,0.0,3.0,0.527370202718077,0.472629797281923,1
669,2,6.0,13.0,1.0,8.0,0.0,4.0,15.0,1.0,2.0,2.0,38.0,0.59,94.0,2.0,0.0,23.0,2.0,337.0,0.0,1.0,0.60655737704918,0.0,0.0,0.85781990521327,0.0,0.0,3.0,0.9349140148337158,0.06508598516628412,3
669,3,6.0,13.0,1.0,8.0,0.0,4.0,15.0,1.0,2.0,2.0,25.0,0.59,94.0,2.0,0.0,23.0,2.0,337.0,0.0,1.0,0.60655737704918,0.0,0.0,0.85781990521327,0.0,0.0,3.0,0.9432855225691525,0.05671447743084741,4
669,4,6.0,13.0,1.0,8.0,0.0,4.0,15.0,1.0,2.0,2.0,25.0,0.59,94.0,2.0,0.0,23.0,2.0,337.0,0.0,1.0,0.60655737704918,0.0,0.0,1.0,0.0,0.0,3.0,0.9480406731181982,0.05195932688180179,5
669,5,6.0,13.0,1.0,8.0,62.0,4.0,15.0,1.0,2.0,2.0,25.0,0.59,94.0,2.0,0.0,23.0,2.0,337.0,0.0,1.0,0.60655737704918,0.0,0.0,1.0,0.0,0.0,3.0,0.9528171722862147,0.04718282771378529,5
669,6,6.0,13.0,1.0,8.0,12.0,4.0,343.0,1.0,2.0,2.0,38.0,0.59,94.0,2.0,0.0,23.0,2.0,337.0,0.0,1.0,0.60655737704918,0.0,0.0,0.85781990521327,0.0,0.0,3.0,0.6659361466606841,0.33406385333931593,1
669,7,6.0,13.0,1.0,8.0,12.0,4.0,343.0,1.0,2.0,2.0,38.0,0.59,94.0,2.0,0.0,23.0,2.0,337.0,0.0,1.0,0.60655737704918,0.0,0.0,1.0,0.0,0.0,3.0,0.793877981352311,0.20612201864768898,2
669,8,6.0,13.0,1.0,8.0,12.0,4.0,343.0,1.0,2.0,2.0,38.0,0.59,94.0,2.0,0.0,23.0,2.0,337.0,0.0,1.0,0.8,0.0,0.0,1.0,0.0,0.0,3.0,0.8342637194949378,0.16573628050506212,3
669,9,6.0,13.0,1.0,8.0,12.0,4.0,343.0,1.0,2.0,2.0,38.0,0.59,94.0,2.0,0.0,0.0,2.0,337.0,0.0,1.0,0.8,0.0,0.0,1.0,0.0,0.0,3.0,0.8589930680763507,0.14100693192364935,4
669,10,6.0,13.0,1.0,8.0,12.0,4.0,15.0,1.0,2.0,2.0,38.0,0.59,94.0,2.0,0.0,23.0,2.0,3.45762711864407,0.0,1.0,5.2,0.0,0.0,0.85781990521327,0.0,0.0,3.0,0.8203946490763403,0.17960535092365967,2
669,11,6.0,13.0,1.0,8.0,12.0,4.0,15.0,1.0,2.0,2.0,2.0,0.59,94.0,2.0,0.0,23.0,2.0,3.45762711864407,0.0,1.0,5.2,0.0,0.0,0.85781990521327,0.0,0.0,3.0,0.8985903478822902,0.10140965211770979,3
669,12,6.0,4.0,1.0,8.0,12.0,4.0,15.0,1.0,2.0,2.0,2.0,0.59,94.0,2.0,0.0,23.0,2.0,3.45762711864407,0.0,1.0,5.2,0.0,0.0,0.85781990521327,0.0,0.0,3.0,0.9170119002497267,0.0829880997502733,4
669,13,6.0,4.0,1.0,8.0,12.0,4.0,15.0,1.0,2.0,2.0,2.0,0.59,94.0,2.0,0.0,23.0,2.0,3.45762711864407,0.0,1.0,5.2,0.0,0.0,0.85781990521327,0.0,0.0,0.0,0.9298289144316514,0.07017108556834858,5
669,14,6.0,4.0,1.0,8.0,12.0,4.0,15.0,1.0,2.0,2.0,3.0,0.59,94.0,2.0,0.0,23.0,2.0,3.45762711864407,0.0,1.0,5.2,0.0,0.0,0.85781990521327,0.0,0.0,0.0,0.9317331744701445,0.06826682552985551,5
669,15,6.0,13.0,1.0,8.0,12.0,4.0,15.0,1.0,2.0,2.0,38.0,0.59,94.0,2.0,0.0,23.0,2.0,3.45762711864407,0.0,1.0,5.2,0.0,0.0,1.0,0.0,0.0,3.0,0.8946632552536928,0.10533674474630711,3
669,16,6.0,1.0,1.0,8.0,12.0,4.0,15.0,1.0,2.0,2.0,38.0,0.59,94.0,2.0,0.0,23.0,2.0,3.45762711864407,0.0,1.0,5.2,0.0,0.0,1.0,0.0,0.0,3.0,0.9243191252181392,0.07568087478186081,4
669,17,6.0,1.0,1.0,8.0,62.0,4.0,15.0,1.0,2.0,2.0,38.0,0.59,94.0,2.0,0.0,23.0,2.0,3.45762711864407,0.0,1.0,5.2,0.0,0.0,1.0,0.0,0.0,3.0,0.9337553730337422,0.06624462696625771,5
669,18,6.0,1.0,1.0,8.0,62.0,4.0,93.111,1.0,2.0,2.0,38.0,0.59,94.0,2.0,0.0,23.0,2.0,3.45762711864407,0.0,1.0,5.2,0.0,0.0,1.0,0.0,0.0,3.0,0.9344908265384754,0.06550917346152467,5
669,19,6.0,1.0,1.0,8.0,0.0,4.0,93.111,1.0,2.0,2.0,38.0,0.59,94.0,2.0,0.0,23.0,2.0,3.45762711864407,0.0,1.0,5.2,0.0,0.0,1.0,0.0,0.0,3.0,0.9399225805744368,0.060077419425563244,5
684,0,6.0,8.0,2.0,15.0,7.0,5.0,344.0,1.0,2.0,4.0,40.0,0.41,93.0,2.0,0.0,28.0,2.0,4.66071428571429,0.0,1.0,1.0,0.0,0.0,1.0,0.0,0.0,4.0,0.6311772785203844,0.3688227214796156,1
684,1,6.0,8.0,2.0,15.0,7.0,5.0,52.0,1.0,2.0,4.0,40.0,0.41,93.0,2.0,0.0,28.0,2.0,4.66071428571429,0.0,1.0,1.0,0.0,0.0,0.685931558935361,0.0,0.0,4.0,0.5466712490425467,0.45332875095745323,1
684,2,6.0,8.0,2.0,15.0,7.0,5.0,15.0,1.0,2.0,4.0,40.0,0.41,93.0,2.0,0.0,28.0,2.0,4.66071428571429,0.0,1.0,5.2,0.0,0.0,1.0,0.0,0.0,4.0,0.9330794099021944,0.06692059009780564,3
684,3,6.0,8.0,2.0,15.0,7.0,5.0,15.0,1.0,2.0,4.0,7.0,0.41,93.0,2.0,0.0,28.0,2.0,4.66071428571429,0.0,1.0,5.2,0.0,0.0,1.0,0.0,0.0,4.0,0.9460023037979932,0.05399769620200673,4
684,4,6.0,8.0,2.0,15.0,7.0,5.0,15.0,1.0,2.0,4.0,7.0,0.41,93.0,2.0,0.0,28.0,2.0,3.9,0.0,1.0,5.2,0.0,0.0,1.0,0.0,0.0,4.0,0.9480748470684236,0.05192515293157641,5
684,5,6.0,8.0,2.0,15.0,7.0,5.0,15.0,1.0,2.0,4.0,25.0,0.41,93.0,2.0,0.0,28.0,2.0,3.9,0.0,1.0,5.2,0.0,0.0,1.0,0.0,0.0,4.0,0.9498953957547167,0.05010460424528327,5
684,6,6.0,8.0,2.0,15.0,7.0,5.0,15.0,1.0,2.0,4.0,40.0,0.41,93.0,2.0,0.0,28.0,2.0,4.66071428571429,0.0,1.0,5.2,5.0,0.0,1.0,0.0,0.0,4.0,0.9543538135054924,0.04564618649450762,4
684,7,6.0,8.0,2.0,15.0,7.0,5.0,15.0,1.0,2.0,4.0,40.0,0.41,93.0,2.0,0.0,21.0,2.0,4.66071428571429,0.0,1.0,5.2,5.0,0.0,1.0,0.0,0.0,4.0,0.9556556022437968,0.04434439775620327,5
684,8,6.0,8.0,2.0,15.0,7.0,0.0,15.0,1.0,2.0,4.0,40.0,0.41,93.0,2.0,0.0,28.0,2.0,4.66071428571429,0.0,1.0,5.2,0.0,0.0,1.0,0.0,0.0,4.0,0.9454168644817064,0.05458313551829363,4
684,9,6.0,8.0,2.0,15.0,7.0,0.0,15.0,1.0,2.0,4.0,40.0,0.41,93.0,2.0,0.0,28.0,1.0,4.66071428571429,0.0,1.0,5.2,0.0,0.0,1.0,0.0,0.0,4.0,0.9499421551015779,0.050057844898422126,5
684,10,6.0,8.0,2.0,15.0,7.0,5.0,15.0,1.0,2.0,4.0,40.0,0.41,93.0,2.0,0.0,28.0,2.0,4.66071428571429,0.0,1.0,5.2,0.0,0.0,1.0,0.0,0.0,0.0,0.9508324071880876,0.049167592811912374,4
684,11,6.0,8.0,2.0,15.0,7.0,5.0,15.0,1.0,2.0,4.0,40.0,0.41,93.0,2.0,0.0,28.0,2.0,3.9,0.0,1.0,5.2,0.0,0.0,1.0,0.0,0.0,0.0,0.957822042686228,0.042177957313772045,5
684,12,6.0,8.0,2.0,15.0,7.0,9.0,15.0,1.0,2.0,4.0,40.0,0.41,93.0,2.0,0.0,28.0,2.0,4.66071428571429,0.0,1.0,1.0,0.0,0.0,1.0,0.0,0.0,4.0,0.9145955142293017,0.08540448577069822,3
684,13,6.0,8.0,2.0,321.0,7.0,9.0,15.0,1.0,2.0,4.0,40.0,0.41,93.0,2.0,0.0,28.0,2.0,4.66071428571429,0.0,1.0,1.0,0.0,0.0,1.0,0.0,0.0,4.0,0.9321331792863796,0.0678668207136204,4
684,14,6.0,8.0,2.0,15.0,7.0,5.0,344.0,1.0,2.0,4.0,40.0,0.41,93.0,2.0,0.0,28.0,2.0,4.66071428571429,0.0,1.0,5.2,0.0,0.0,1.0,0.0,0.0,4.0,0.725046270763086,0.27495372923691397,2
684,15,6.0,8.0,2.0,15.0,7.0,5.0,344.0,1.0,2.0,4.0,40.0,0.41,93.0,2.0,0.0,28.0,2.0,4.66071428571429,0.0,1.0,5.2,0.0,0.0,1.0,0.0,0.0,2.0,0.7937749864793547,0.20622501352064523,3
684,16,6.0,8.0,2.0,15.0,7.0,5.0,344.0,1.0,2.0,4.0,25.0,0.41,93.0,2.0,0.0,28.0,2.0,4.66071428571429,0.0,1.0,5.2,0.0,0.0,0.685931558935361,0.0,0.0,2.0,0.5163520787925002,0.4836479212074997,3
684,17,6.0,8.0,2.0,15.0,7.0,5.0,344.0,1.0,2.0,4.0,7.0,29.08,93.0,2.0,0.0,28.0,2.0,4.66071428571429,0.0,1.0,0.0,0.0,0.0,0.685931558935361,0.0,0.0,4.0,0.5125740765436236,0.48742592345637636,3
684,18,6.0,8.0,2.0,15.0,7.0,5.0,344.0,1.0,2.0,4.0,40.0,0.41,93.0,2.0,0.0,28.0,2.0,337.0,0.0,1.0,1.0,0.0,0.0,1.0,0.0,0.0,4.0,0.7699192090406151,0.23008079095938497,2
684,19,6.0,8.0,2.0,15.0,7.0,5.0,344.0,1.0,2.0,4.0,13.0,0.41,93.0,2.0,0.0,28.0,2.0,337.0,0.0,1.0,1.0,0.0,0.0,0.685931558935361,0.0,0.0,4.0,0.500237680814151,0.499762319185849,2
689,0,0.0,0.0,1.0,8.0,0.0,9.0,171.0,1.0,0.0,0.0,13.0,3.64,100.0,6.0,1.0,6.0,1.0,1.23076923076923,0.0,0.0,0.0,0.0,58.0,1.0,0.75,0.0,2.0,0.7040928309933471,0.2959071690066529,1
689,1,0.0,0.0,1.0,8.0,0.0,9.0,171.0,1.0,0.0,0.0,13.0,3.64,100.0,1.0,1.0,6.0,1.0,1.23076923076923,0.0,0.0,0.0,0.0,58.0,0.524390243902439,0.75,0.0,2.0,0.5277094793623642,0.47229052063763577,1
689,2,0.0,0.0,1.0,0.0,0.0,9.0,171.0,1.0,0.0,0.0,13.0,3.64,100.0,0.0,1.0,6.0,1.0,1.23076923076923,0.0,0.0,0.0,0.0,58.0,1.0,0.75,0.0,2.0,0.9089687524078134,0.09103124759218656,3
689,3,0.0,0.0,1.0,1.0,0.0,9.0,93.111,1.0,0.0,0.0,13.0,3.64,100.0,6.0,1.0,6.0,1.0,1.23076923076923,0.0,0.0,0.0,0.0,58.0,0.524390243902439,0.75,0.0,2.0,0.5146067843770952,0.48539321562290483,2
689,4,0.0,0.0,1.0,0.0,0.0,9.0,93.111,1.0,0.0,0.0,25.0,3.64,100.0,0.0,1.0,6.0,1.0,1.23076923076923,0.0,0.0,0.0,0.0,58.0,1.0,0.75,0.0,2.0,0.9334429380123328,0.06655706198766723,5
689,5,0.0,0.0,1.0,8.0,0.0,9.0,171.0,1.0,93.0,0.0,13.0,3.64,100.0,0.0,1.0,6.0,1.0,1.23076923076923,0.0,0.0,0.0,0.0,58.0,1.0,0.75,0.0,2.0,0.9155426415212067,0.0844573584787933,3
689,6,0.0,0.0,1.0,2.0,0.0,9.0,171.0,1.0,93.0,0.0,13.0,3.64,100.0,6.0,1.0,6.0,1.0,1.23076923076923,0.0,0.0,0.0,0.0,58.0,0.524390243902439,0.75,0.0,2.0,0.5614922561131933,0.4385077438868067,2
689,7,0.0,0.0,1.0,8.0,0.0,9.0,171.0,1.0,0.0,0.0,13.0,3.64,100.0,0.0,1.0,6.0,1.0,1.23076923076923,0.0,0.0,0.0,0.0,0.0,1.0,0.75,0.0,2.0,0.9374623110050916,0.06253768899490839,3
689,8,0.0,0.0,1.0,0.0,0.0,9.0,171.0,1.0,0.0,0.0,13.0,3.64,100.0,0.0,1.0,6.0,1.0,1.23076923076923,0.0,0.0,0.0,0.0,0.0,1.0,0.75,0.0,2.0,0.9568321320781016,0.043167867921898403,4
689,9,0.0,0.0,1.0,0.0,0.0,9.0,171.0,1.0,0.0,0.0,13.0,29.08,100.0,0.0,1.0,6.0,1.0,1.23076923076923,0.0,0.0,0.0,0.0,0.0,1.0,0.75,0.0,2.0,0.9652403146784384,0.03475968532156161,5
689,10,0.0,0.0,1.0,0.0,0.0,9.0,171.0,1.0,0.0,0.0,13.0,3.64,100.0,0.0,1.0,6.0,1.0,1.23076923076923,0.0,0.0,0.0,0.0,58.0,1.0,0.8,0.0,2.0,0.9315138812599215,0.06848611874007854,4
689,11,0.0,0.0,1.0,0.0,0.0,9.0,171.0,1.0,0.0,0.0,25.0,3.64,100.0,0.0,1.0,6.0,1.0,1.23076923076923,0.0,0.0,0.0,0.0,58.0,1.0,0.8,0.0,2.0,0.9401522656832616,0.05984773431673845,5
689,12,0.0,0.0,1.0,8.0,0.0,9.0,171.0,1.0,93.0,0.0,13.0,3.64,100.0,0.0,1.0,6.0,1.0,1.23076923076923,0.0,0.0,0.0,0.0,0.0,1.0,0.75,0.0,2.0,0.9550304750620793,0.04496952493792076,4
689,13,0.0,0.0,1.0,8.0,0.0,9.0,171.0,1.0,93.0,0.0,13.0,3.64,100.0,0.0,1.0,6.0,2.0,1.23076923076923,0.0,0.0,0.0,0.0,0.0,1.0,0.75,0.0,2.0,0.9558595000611023,0.044140499938897695,5
689,14,0.0,0.0,1.0,0.0,0.0,9.0,171.0,1.0,0.0,0.0,13.0,3.64,100.0,6.0,1.0,6.0,1.0,1.23076923076923,0.0,0.0,0.0,0.0,58.0,1.0,0.75,0.0,2.0,0.8249703229533707,0.17502967704662925,2
689,15,0.0,0.0,1.0,0.0,0.0,9.0,171.0,1.0,0.0,0.0,13.0,3.64,100.0,6.0,1.0,6.0,1.0,1.23076923076923,0.0,0.0,0.0,0.0,58.0,1.0,0.8,0.0,2.0,0.8848029887567708,0.11519701124322919,3
689,16,0.0,0.0,1.0,0.0,0.0,9.0,93.111,1.0,0.0,0.0,13.0,3.64,100.0,6.0,1.0,6.0,1.0,1.23076923076923,0.0,0.0,0.0,0.0,58.0,1.0,0.8,0.0,2.0,0.9220026485263707,0.07799735147362928,4
689,17,0.0,0.0,1.0,8.0,62.0,9.0,171.0,1.0,0.0,0.0,13.0,3.64,100.0,6.0,1.0,6.0,1.0,1.23076923076923,0.0,0.0,0.0,0.0,58.0,1.0,0.75,0.0,2.0,0.8438847804104239,0.1561152195895761,2
689,18,0.0,0.0,1.0,8.0,62.0,9.0,15.0,1.0,0.0,0.0,13.0,3.64,100.0,6.0,1.0,6.0,1.0,1.23076923076923,0.0,0.0,0.0,0.0,58.0,1.0,0.75,0.0,2.0,0.9123056650086739,0.08769433499132608,3
689,19,0.0,0.0,1.0,8.0,62.0,9.0,171.0,1.0,0.0,0.0,13.0,3.64,100.0,0.0,1.0,6.0,1.0,1.23076923076923,0.0,0.0,0.0,0.0,58.0,1.0,0.75,0.0,2.0,0.9109474945569481,0.08905250544305185,3
736,0,1.0,0.0,1.0,0.0,0.0,7.0,99.0,1.0,0.0,7.0,6.0,0.96,53.0,2.0,0.0,5.0,1.0,5.0,2.0,2.0,1.33333333333333,0.0,2.0,0.953703703703704,1.0,0.0,2.0,0.6219546204814802,0.3780453795185198,1
736,1,1.0,0.0,1.0,0.0,0.0,7.0,15.0,1.0,0.0,7.0,6.0,0.96,53.0,2.0,0.0,5.0,1.0,5.0,2.0,2.0,1.33333333333333,0.0,0.0,0.953703703703704,1.0,0.0,2.0,0.8890899681113935,0.11091003188860647,2
736,2,1.0,0.0,1.0,0.0,0.0,7.0,15.0,1.0,0.0,7.0,6.0,0.96,53.0,0.0,0.0,5.0,1.0,5.0,2.0,2.0,1.33333333333333,0.0,0.0,0.953703703703704,1.0,0.0,2.0,0.9338703233204038,0.06612967667959621,3
736,3,1.0,0.0,1.0,0.0,0.0,7.0,15.0,1.0,0.0,7.0,6.0,0.96,53.0,0.0,0.0,5.0,1.0,5.0,2.0,25.0,1.33333333333333,0.0,0.0,0.953703703703704,1.0,0.0,2.0,0.9584714436620251,0.04152855633797487,4
736,4,1.0,0.0,1.0,0.0,0.0,7.0,15.0,1.0,0.0,7.0,6.0,0.05,53.0,0.0,0.0,5.0,1.0,5.0,2.0,25.0,1.33333333333333,0.0,0.0,0.953703703703704,1.0,0.0,2.0,0.9699337605970273,0.030066239402972744,5
736,5,1.0,0.0,1.0,0.0,0.0,7.0,99.0,1.0,0.0,7.0,6.0,29.08,53.0,2.0,0.0,5.0,1.0,5.0,2.0,2.0,1.33333333333333,0.0,141.0,0.953703703703704,1.0,0.0,2.0,0.6047098947709002,0.39529010522909974,1
736,6,1.0,0.0,1.0,0.0,0.0,7.0,99.0,1.0,0.0,7.0,6.0,29.08,53.0,2.0,0.0,5.0,1.0,5.0,0.0,2.0,1.33333333333333,0.0,141.0,0.953703703703704,1.0,0.0,2.0,0.7810132115216011,0.21898678847839895,2
736,7,1.0,0.0,1.0,0.0,0.0,0.0,99.0,1.0,0.0,7.0,6.0,29.08,53.0,2.0,0.0,5.0,1.0,5.0,0.0,2.0,1.33333333333333,0.0,141.0,0.953703703703704,1.0,0.0,2.0,0.8791784426432856,0.12082155735671438,3
736,8,1.0,0.0,1.0,0.0,0.0,7.0,25.0,1.0,0.0,7.0,6.0,0.96,53.0,2.0,0.0,5.0,1.0,5.0,2.0,2.0,1.33333333333333,0.0,141.0,0.953703703703704,1.0,0.0,2.0,0.5241965429741715,0.4758034570258285,1
736,9,1.0,0.0,1.0,0.0,0.0,7.0,99.0,1.0,0.0,7.0,6.0,0.96,53.0,2.0,0.0,5.0,1.0,5.0,2.0,25.0,1.33333333333333,0.0,0.0,0.953703703703704,1.0,0.0,2.0,0.8847303982107583,0.1152696017892417,2
736,10,1.0,0.0,1.0,0.0,0.0,0.0,99.0,1.0,0.0,7.0,6.0,0.96,53.0,2.0,0.0,5.0,1.0,5.0,2.0,25.0,1.33333333333333,0.0,0.0,0.953703703703704,1.0,0.0,2.0,0.9239608563408728,0.0760391436591272,3
736,11,0.0,0.0,1.0,0.0,0.0,0.0,99.0,1.0,0.0,7.0,6.0,0.96,53.0,2.0,0.0,5.0,1.0,5.0,2.0,25.0,1.33333333333333,0.0,0.0,0.953703703703704,1.0,0.0,2.0,0.9395609596154174,0.060439040384582574,4
736,12,0.0,0.0,1.0,0.0,0.0,0.0,99.0,1.0,0.0,7.0,6.0,0.96,53.0,2.0,0.0,5.0,1.0,5.0,2.0,25.0,1.33333333333333,0.0,0.0,0.953703703703704,1.0,0.0,1.0,0.9483879161474102,0.051612083852589766,5
736,13,1.0,0.0,1.0,0.0,0.0,0.0,15.0,1.0,0.0,7.0,6.0,0.96,53.0,2.0,0.0,5.0,1.0,5.0,2.0,2.0,1.33333333333333,0.0,0.0,0.953703703703704,1.0,0.0,2.0,0.9411424489272605,0.058857551072739496,3
736,14,1.0,0.0,1.0,0.0,0.0,0.0,15.0,1.0,0.0,7.0,6.0,0.96,53.0,2.0,0.0,5.0,1.0,5.0,0.0,2.0,1.33333333333333,0.0,0.0,0.953703703703704,1.0,0.0,2.0,0.9598865256795752,0.04011347432042477,4
736,15,1.0,0.0,1.0,0.0,0.0,0.0,15.0,1.0,0.0,7.0,6.0,0.96,53.0,2.0,0.0,5.0,1.0,337.0,0.0,2.0,1.33333333333333,0.0,0.0,0.953703703703704,1.0,0.0,2.0,0.9653481289540319,0.03465187104596815,5
736,16,1.0,0.0,1.0,0.0,0.0,7.0,99.0,1.0,0.0,7.0,6.0,29.08,53.0,0.0,0.0,5.0,1.0,5.0,2.0,2.0,1.33333333333333,0.0,141.0,0.953703703703704,1.0,0.0,2.0,0.7996435522902553,0.20035644770974473,2
736,17,1.0,0.0,1.0,0.0,0.0,7.0,99.0,1.0,0.0,7.0,6.0,29.08,53.0,0.0,0.0,5.0,1.0,5.0,2.0,2.0,1.33333333333333,0.0,141.0,0.953703703703704,1.0,0.0,0.0,0.8839792718346531,0.11602072816534688,3
736,18,1.0,0.0,1.0,0.0,0.0,7.0,99.0,1.0,0.0,7.0,6.0,29.08,53.0,0.0,0.0,5.0,1.0,5.0,2.0,25.0,1.33333333333333,0.0,141.0,0.953703703703704,1.0,0.0,0.0,0.9133831743222381,0.08661682567776188,4
736,19,1.0,0.0,1.0,0.0,0.0,7.0,99.0,1.0,0.0,7.0,6.0,29.08,53.0,0.0,0.0,5.0,1.0,5.0,2.0,25.0,5.2,0.0,141.0,0.953703703703704,1.0,0.0,0.0,0.9412716118750353,0.05872838812496468,5
739,0,6.0,2.0,3.0,0.0,0.0,13.0,405.0,1.0,2.0,7.0,12.0,0.7,68.0,2.0,0.0,17.0,3.0,7.09090909090909,2.0,1.0,2.125,0.0,14.0,1.0,0.75,0.0,4.0,0.5261442602869516,0.4738557397130484,2
739,1,6.0,2.0,3.0,0.0,0.0,13.0,93.111,1.0,2.0,7.0,12.0,0.7,68.0,2.0,0.0,17.0,3.0,7.09090909090909,2.0,1.0,2.125,0.0,14.0,1.0,0.75,0.0,6.0,0.5252719776594634,0.47472802234053657,2
739,2,6.0,2.0,3.0,0.0,0.0,13.0,193.556,1.0,2.0,7.0,12.0,0.7,68.0,1.0,0.0,17.0,3.0,7.09090909090909,2.0,1.0,2.125,0.0,14.0,0.482364156339371,0.75,0.0,4.0,0.5905375164871456,0.40946248351285447,3
739,3,6.0,2.0,3.0,0.0,0.0,13.0,25.0,1.0,2.0,7.0,12.0,0.7,68.0,0.0,0.0,17.0,3.0,7.09090909090909,2.0,1.0,2.125,0.0,14.0,1.0,1.0,0.0,1.0,0.8693883693815789,0.13061163061842104,5
739,4,6.0,2.0,3.0,0.0,0.0,13.0,193.556,1.0,2.0,7.0,12.0,0.7,68.0,0.0,0.0,17.0,3.0,7.09090909090909,2.0,1.0,2.125,0.0,14.0,1.0,1.0,0.0,1.0,0.8951817096782426,0.10481829032175732,5
739,5,6.0,2.0,3.0,0.0,0.0,13.0,193.556,1.0,2.0,7.0,12.0,0.7,68.0,0.0,0.0,17.0,3.0,7.09090909090909,2.0,1.0,2.125,0.0,14.0,1.0,1.0,0.0,0.0,0.897802741213162,0.10219725878683811,5
739,6,6.0,2.0,3.0,0.0,0.0,13.0,405.0,1.0,2.0,7.0,12.0,0.7,68.0,0.0,0.0,17.0,3.0,7.09090909090909,2.0,1.0,2.125,0.0,14.0,1.0,0.75,0.0,1.0,0.7756614995367309,0.22433850046326909,3
739,7,6.0,2.0,3.0,0.0,0.0,13.0,405.0,1.0,2.0,7.0,12.0,0.7,68.0,1.0,0.0,17.0,3.0,7.09090909090909,2.0,1.0,2.125,5.0,14.0,0.482364156339371,0.75,0.0,2.0,0.5074549374391932,0.4925450625608067,3
739,8,6.0,2.0,3.0,0.0,0.0,13.0,405.0,1.0,2.0,7.0,12.0,0.7,68.0,0.0,0.0,17.0,3.0,7.09090909090909,2.0,1.0,2.125,5.0,14.0,1.0,0.75,0.0,0.0,0.8605342258800108,0.13946577411998923,4
739,9,6.0,2.0,3.0,0.0,0.0,13.0,405.0,1.0,2.0,7.0,12.0,0.7,68.0,0.0,0.0,17.0,6.0,7.09090909090909,2.0,1.0,2.125,5.0,14.0,1.0,0.75,0.0,0.0,0.8640439974337111,0.13595600256628892,5
739,10,6.0,2.0,3.0,0.0,0.0,13.0,127.0,1.0,2.0,7.0,12.0,0.7,68.0,0.0,0.0,17.0,3.0,7.09090909090909,2.0,1.0,2.125,0.0,14.0,0.482364156339371,0.75,0.0,1.0,0.6749845937609518,0.3250154062390483,3
739,11,2.0,2.0,3.0,0.0,0.0,13.0,127.0,1.0,2.0,7.0,12.0,0.7,68.0,0.0,0.0,17.0,3.0,7.09090909090909,2.0,1.0,2.125,0.0,14.0,0.482364156339371,0.75,0.0,1.0,0.7061735681324152,0.29382643186758484,4
739,12,2.0,2.0,3.0,0.0,0.0,13.0,127.0,1.0,2.0,7.0,12.0,0.7,68.0,0.0,0.0,17.0,3.0,7.09090909090909,2.0,1.0,2.125,0.0,14.0,0.482364156339371,1.0,0.0,1.0,0.763628888567396,0.23637111143260403,5
739,13,2.0,2.0,3.0,0.0,0.0,13.0,127.0,1.0,2.0,7.0,12.0,0.7,68.0,0.0,0.0,17.0,3.0,7.09090909090909,2.0,1.0,2.125,0.0,14.0,0.482364156339371,1.0,0.0,2.0,0.7731597327484236,0.22684026725157633,5
739,14,1.0,2.0,3.0,0.0,0.0,13.0,127.0,1.0,2.0,7.0,12.0,0.7,68.0,0.0,0.0,17.0,3.0,7.09090909090909,2.0,1.0,2.125,0.0,14.0,0.482364156339371,1.0,0.0,2.0,0.7750031369137624,0.22499686308623754,5
739,15,6.0,2.0,3.0,0.0,0.0,13.0,25.0,1.0,2.0,7.0,12.0,0.7,68.0,2.0,0.0,17.0,3.0,7.09090909090909,2.0,1.0,2.125,0.0,14.0,1.0,0.75,0.0,6.0,0.5980398453562727,0.4019601546437272,2
739,16,6.0,2.0,3.0,0.0,0.0,13.0,25.0,1.0,2.0,7.0,12.0,0.7,68.0,2.0,0.0,17.0,3.0,7.09090909090909,2.0,25.0,2.125,0.0,14.0,1.0,0.75,0.0,6.0,0.7348403998409686,0.2651596001590314,3
739,17,6.0,2.0,3.0,0.0,0.0,13.0,25.0,1.0,2.0,7.0,12.0,0.7,68.0,2.0,0.0,17.0,3.0,4.8,2.0,25.0,2.125,0.0,14.0,1.0,0.75,0.0,6.0,0.8232618994632972,0.17673810053670277,4
739,18,6.0,2.0,3.0,0.0,0.0,13.0,25.0,1.0,2.0,7.0,12.0,0.7,68.0,2.0,0.0,17.0,3.0,4.8,2.0,25.0,2.125,0.0,14.0,1.0,1.0,0.0,6.0,0.8373049259208574,0.16269507407914266,5
739,19,6.0,2.0,3.0,0.0,0.0,13.0,193.556,1.0,2.0,7.0,12.0,0.7,68.0,0.0,0.0,17.0,3.0,7.09090909090909,2.0,1.0,2.125,0.0,14.0,1.0,0.75,0.0,1.0,0.8687747479103637,0.13122525208963634,4
745,0,3.0,2.0,2.0,0.0,0.0,14.0,93.111,1.0,1.0,3.0,14.0,0.87,71.0,2.0,0.0,19.0,3.0,4.9,0.0,1.0,2.09090909090909,0.0,49.0,1.0,0.857142857142857,0.0,7.0,0.5124181540138875,0.4875818459861126,2
745,1,3.0,2.0,2.0,0.0,0.0,14.0,25.0,1.0,1.0,3.0,14.0,0.87,71.0,2.0,0.0,19.0,3.0,4.9,0.0,1.0,2.09090909090909,0.0,49.0,1.0,0.857142857142857,0.0,1.0,0.8675481293344389,0.13245187066556108,3
745,2,3.0,2.0,2.0,0.0,0.0,14.0,127.0,1.0,1.0,3.0,14.0,29.08,71.0,2.0,0.0,19.0,3.0,4.9,0.0,1.0,2.09090909090909,0.0,49.0,0.68922305764411,0.857142857142857,0.0,4.0,0.5535155741655442,0.4464844258344558,3
745,3,3.0,2.0,2.0,0.0,0.0,14.0,93.111,1.0,1.0,3.0,14.0,0.87,71.0,2.0,0.0,19.0,3.0,4.9,0.0,1.0,2.09090909090909,0.0,16.0,0.68922305764411,0.857142857142857,0.0,2.0,0.5125680531477808,0.4874319468522193,3
745,4,3.0,2.0,2.0,0.0,0.0,14.0,37.0,1.0,1.0,3.0,14.0,0.87,71.0,2.0,0.0,19.0,3.0,4.9,0.0,1.0,2.09090909090909,0.0,16.0,0.68922305764411,0.857142857142857,0.0,2.0,0.5037033785378351,0.4962966214621649,3
745,5,3.0,2.0,2.0,0.0,0.0,14.0,25.0,1.0,1.0,3.0,14.0,29.08,71.0,2.0,0.0,19.0,3.0,4.9,0.0,1.0,2.09090909090909,0.0,0.0,0.68922305764411,0.857142857142857,0.0,7.0,0.5221370194315782,0.4778629805684218,3
745,6,3.0,2.0,2.0,7.0,0.0,14.0,25.0,1.0,1.0,3.0,14.0,29.08,71.0,2.0,0.0,19.0,3.0,4.9,0.0,1.0,2.09090909090909,0.0,0.0,0.68922305764411,0.857142857142857,0.0,7.0,0.5868946960562742,0.41310530394372574,4
745,7,3.0,2.0,2.0,7.0,0.0,14.0,25.0,1.0,1.0,3.0,14.0,29.08,71.0,0.0,0.0,19.0,3.0,4.9,0.0,1.0,2.09090909090909,0.0,0.0,0.68922305764411,0.857142857142857,0.0,7.0,0.6588571993686994,0.34114280063130065,5
745,8,3.0,2.0,2.0,0.0,0.0,14.0,349.0,1.0,1.0,3.0,14.0,0.87,71.0,2.0,0.0,19.0,3.0,4.9,0.0,1.0,2.09090909090909,0.0,49.0,1.0,0.857142857142857,0.0,1.0,0.540101171509443,0.4598988284905569,2
745,9,3.0,2.0,2.0,0.0,0.0,14.0,349.0,1.0,1.0,3.0,14.0,0.87,71.0,2.0,0.0,19.0,3.0,4.9,0.0,1.0,2.09090909090909,0.0,2.0,1.0,0.857142857142857,0.0,1.0,0.7320462531291937,0.2679537468708063,3
745,10,3.0,2.0,2.0,0.0,0.0,0.0,349.0,1.0,1.0,3.0,14.0,0.87,71.0,2.0,0.0,19.0,3.0,4.9,0.0,1.0,2.09090909090909,0.0,2.0,1.0,0.857142857142857,0.0,7.0,0.5323150354141898,0.4676849645858102,3
745,11,3.0,2.0,2.0,0.0,0.0,0.0,349.0,1.0,1.0,3.0,14.0,0.87,71.0,2.0,0.0,19.0,3.0,4.9,0.0,1.0,2.09090909090909,0.0,2.0,1.0,0.9,0.0,1.0,0.8661360234834787,0.1338639765165213,5
745,12,3.0,2.0,2.0,0.0,0.0,14.0,349.0,1.0,1.0,3.0,14.0,29.08,71.0,2.0,0.0,19.0,3.0,4.9,0.0,1.0,2.09090909090909,0.0,49.0,1.0,0.857142857142857,0.0,1.0,0.7748406671503283,0.2251593328496717,3
745,13,5.0,2.0,2.0,0.0,0.0,14.0,349.0,1.0,1.0,3.0,14.0,29.08,71.0,2.0,0.0,19.0,3.0,4.9,0.0,1.0,2.09090909090909,0.0,49.0,1.0,0.857142857142857,0.0,1.0,0.817332783864697,0.182667216135303,4
745,14,5.0,2.0,2.0,0.0,0.0,14.0,349.0,1.0,1.0,3.0,14.0,29.08,71.0,2.0,0.0,19.0,3.0,4.9,0.0,1.0,2.09090909090909,0.0,49.0,1.0,0.857142857142857,0.0,0.0,0.8500010700152948,0.1499989299847052,4
745,15,5.0,2.0,2.0,0.0,0.0,14.0,349.0,1.0,1.0,3.0,14.0,29.08,71.0,2.0,0.0,19.0,3.0,4.9,0.0,1.0,2.09090909090909,0.0,0.0,1.0,0.857142857142857,0.0,0.0,0.8785997640915384,0.12140023590846166,5
745,16,3.0,2.0,2.0,0.0,0.0,14.0,25.0,1.0,1.0,3.0,14.0,29.08,71.0,2.0,0.0,19.0,3.0,4.9,0.0,1.0,2.09090909090909,0.0,49.0,0.68922305764411,0.857142857142857,0.0,1.0,0.6837879468725387,0.31621205312746126,3
745,17,3.0,2.0,2.0,0.0,0.0,0.0,127.0,1.0,1.0,3.0,14.0,29.08,71.0,2.0,0.0,19.0,3.0,4.9,0.0,1.0,2.09090909090909,0.0,49.0,0.68922305764411,0.857142857142857,0.0,7.0,0.5210929085675046,0.47890709143249544,3
745,18,3.0,2.0,2.0,0.0,0.0,0.0,25.0,1.0,1.0,3.0,14.0,29.08,71.0,2.0,0.0,19.0,3.0,4.9,0.0,1.0,0.4,0.0,49.0,0.68922305764411,0.857142857142857,0.0,1.0,0.9117701241392215,0.0882298758607785,5
746,0,31.0,7.0,1.0,7.0,1.0,10.0,193.556,1.0,13.0,17.0,63.0,0.95,96.0,1.0,1.0,48.0,2.0,6.20175438596491,0.0,1.0,0.836206896551724,0.0,0.0,0.9,0.0,0.0,11.0,0.5371770663322027,0.46282293366779725,2
746,1,31.0,7.0,1.0,7.0,1.0,10.0,193.556,1.0,13.0,17.0,63.0,0.95,96.0,1.0,1.0,48.0,2.0,6.20175438596491,0.0,1.0,0.836206896551724,0.0,0.0,0.572991559862457,0.0,0.0,0.0,0.51484400270131,0.48515599729868997,2
746,2,31.0,7.0,1.0,7.0,1.0,10.0,15.0,1.0,13.0,17.0,63.0,0.95,96.0,1.0,1.0,48.0,2.0,6.20175438596491,0.0,1.0,0.836206896551724,0.0,0.0,1.0,0.0,0.0,0.0,0.9473042622420447,0.05269573775795529,3
746,3,31.0,7.0,1.0,7.0,1.0,10.0,15.0,1.0,13.0,17.0,63.0,0.95,96.0,1.0,1.0,48.0,2.0,6.20175438596491,0.0,2.0,0.836206896551724,0.0,0.0,1.0,0.0,0.0,0.0,0.9548470241226308,0.045152975877369175,4
746,4,5.0,7.0,1.0,7.0,1.0,10.0,15.0,1.0,13.0,17.0,63.0,0.95,96.0,1.0,1.0,48.0,2.0,6.20175438596491,0.0,2.0,0.836206896551724,0.0,0.0,1.0,0.0,0.0,0.0,0.9577943958795262,0.04220560412047378,5
746,5,31.0,7.0,1.0,7.0,1.0,10.0,93.111,1.0,13.0,17.0,63.0,0.95,96.0,1.0,1.0,48.0,2.0,6.20175438596491,0.0,1.0,0.836206896551724,5.0,0.0,1.0,0.0,0.0,0.0,0.9587962314150397,0.04120376858496028,4
746,6,31.0,7.0,1.0,7.0,1.0,10.0,15.0,1.0,13.0,17.0,63.0,0.95,96.0,1.0,1.0,48.0,2.0,6.20175438596491,0.0,1.0,0.836206896551724,5.0,0.0,1.0,0.0,0.0,0.0,0.966588564080995,0.03341143591900498,4
746,7,31.0,7.0,1.0,7.0,62.0,10.0,15.0,1.0,13.0,17.0,63.0,0.95,96.0,1.0,1.0,48.0,2.0,6.20175438596491,0.0,1.0,0.836206896551724,5.0,0.0,1.0,0.0,0.0,0.0,0.9700668565529716,0.0299331434470284,5
746,8,31.0,7.0,1.0,7.0,1.0,10.0,93.111,1.0,13.0,17.0,63.0,0.05,96.0,1.0,1.0,48.0,2.0,6.20175438596491,0.0,1.0,0.836206896551724,0.0,0.0,1.0,0.0,0.0,0.0,0.9532647140210964,0.04673528597890359,4
746,9,31.0,7.0,1.0,7.0,1.0,10.0,15.0,1.0,13.0,17.0,63.0,0.05,96.0,1.0,1.0,48.0,2.0,6.20175438596491,0.0,1.0,0.836206896551724,0.0,0.0,1.0,0.0,0.0,0.0,0.9574066261439238,0.04259337385607625,4
746,10,31.0,7.0,1.0,7.0,1.0,10.0,15.0,1.0,13.0,17.0,63.0,0.95,96.0,1.0,1.0,48.0,0.0,6.20175438596491,0.0,1.0,0.836206896551724,0.0,0.0,1.0,0.0,0.0,0.0,0.9597304083746956,0.04026959162530436,4
746,11,31.0,7.0,2.0,7.0,1.0,10.0,15.0,1.0,13.0,17.0,63.0,0.95,96.0,1.0,1.0,48.0,2.0,6.20175438596491,0.0,1.0,0.836206896551724,5.0,0.0,1.0,0.0,0.0,0.0,0.9703798954043334,0.029620104595666597,5
746,12,31.0,7.0,1.0,7.0,1.0,10.0,1386.0,1.0,13.0,17.0,63.0,0.95,96.0,1.0,1.0,48.0,2.0,6.20175438596491,0.0,1.0,0.836206896551724,0.0,0.0,1.0,0.0,0.0,4.0,0.5428603473629081,0.45713965263709194,2
746,13,31.0,7.0,1.0,7.0,1.0,10.0,1386.0,1.0,13.0,17.0,63.0,0.05,96.0,1.0,1.0,48.0,2.0,6.20175438596491,0.0,1.0,0.836206896551724,0.0,0.0,1.0,0.0,0.0,0.0,0.749458743471406,0.250541256528594,3
746,14,31.0,7.0,1.0,7.0,1.0,10.0,1386.0,1.0,13.0,17.0,63.0,0.05,96.0,1.0,1.0,48.0,2.0,6.20175438596491,0.0,2.0,0.836206896551724,0.0,0.0,1.0,0.0,0.0,0.0,0.7617771764218493,0.23822282357815067,4
746,15,31.0,7.0,1.0,7.0,1.0,10.0,15.0,1.0,13.0,17.0,63.0,0.95,96.0,1.0,1.0,48.0,2.0,6.20175438596491,0.0,2.0,0.4,0.0,0.0,1.0,0.0,0.0,0.0,0.9603087600110773,0.03969123998892262,5
746,16,31.0,7.0,1.0,7.0,1.0,10.0,25.0,1.0,13.0,17.0,63.0,0.95,77.0,1.0,1.0,48.0,2.0,4.8,0.0,25.0,0.836206896551724,0.0,0.0,0.572991559862457,0.0,0.0,11.0,0.5115851674265476,0.4884148325734524,4
746,17,31.0,7.0,1.0,7.0,1.0,10.0,193.556,1.0,13.0,17.0,63.0,0.95,96.0,1.0,1.0,48.0,2.0,337.0,0.0,25.0,0.836206896551724,0.0,0.0,0.572991559862457,0.0,0.0,11.0,0.5058915683199612,0.4941084316800389,3
746,18,31.0,7.0,1.0,7.0,1.0,10.0,1386.0,1.0,13.0,17.0,63.0,0.05,96.0,1.0,1.0,48.0,6.0,6.20175438596491,0.0,1.0,0.836206896551724,0.0,0.0,1.0,0.0,0.0,0.0,0.8068618978289497,0.19313810217105026,4
746,19,31.0,7.0,1.0,7.0,1.0,10.0,1386.0,1.0,13.0,17.0,63.0,0.05,96.0,1.0,1.0,48.0,2.0,6.20175438596491,0.0,1.0,0.836206896551724,0.0,0.0,1.0,0.0,0.0,11.0,0.5410458193911132,0.4589541806088868,2
750,0,17.0,0.0,1.0,2.0,1.0,10.0,2302.0,1.0,3.0,2.0,180.0,2.06,99.0,2.0,1.0,26.0,3.0,1.41,0.0,1.0,0.222772277227723,0.0,0.0,0.9,0.0,0.0,2.0,0.5308718824436764,0.4691281175563235,2
750,1,17.0,0.0,1.0,2.0,1.0,10.0,93.111,1.0,3.0,2.0,180.0,2.06,99.0,2.0,1.0,26.0,3.0,1.41,0.0,1.0,0.222772277227723,0.0,0.0,0.749193548387097,0.0,0.0,0.0,0.5036808377148884,0.49631916228511164,2
750,2,17.0,0.0,1.0,2.0,1.0,10.0,37.0,1.0,3.0,2.0,180.0,2.06,99.0,2.0,1.0,26.0,3.0,4.8,0.0,1.0,0.222772277227723,0.0,0.0,0.749193548387097,0.0,0.0,8.0,0.5249297850462793,0.47507021495372065,2
750,3,17.0,0.0,1.0,2.0,1.0,10.0,25.0,1.0,3.0,2.0,25.0,2.06,99.0,2.0,1.0,26.0,3.0,337.0,0.0,1.0,0.222772277227723,0.0,0.0,1.0,0.0,0.0,0.0,0.989107645478122,0.010892354521877954,5
750,4,17.0,0.0,1.0,2.0,1.0,10.0,193.556,1.0,3.0,2.0,180.0,2.06,99.0,2.0,1.0,26.0,3.0,1.41,0.0,1.0,0.222772277227723,0.0,0.0,1.0,0.0,0.0,8.0,0.5335077623500721,0.4664922376499279,2
750,5,17.0,0.0,1.0,2.0,1.0,10.0,25.0,1.0,3.0,2.0,180.0,2.06,99.0,2.0,1.0,26.0,3.0,337.0,0.0,1.0,0.222772277227723,0.0,0.0,1.0,0.0,0.0,8.0,0.9090171842376846,0.09098281576231543,3
750,6,17.0,0.0,1.0,2.0,1.0,10.0,25.0,1.0,3.0,2.0,180.0,2.06,99.0,2.0,1.0,26.0,3.0,337.0,2.0,1.0,0.222772277227723,0.0,0.0,1.0,0.0,0.0,8.0,0.9434439430249385,0.05655605697506146,4
750,7,17.0,0.0,1.0,2.0,1.0,10.0,25.0,1.0,2.0,2.0,180.0,2.06,99.0,2.0,1.0,26.0,3.0,337.0,2.0,1.0,0.222772277227723,0.0,0.0,1.0,0.0,0.0,8.0,0.9545118593980411,0.04548814060195899,5
750,8,17.0,0.0,1.0,2.0,1.0,10.0,2302.0,1.0,3.0,2.0,180.0,2.06,99.0,2.0,1.0,26.0,3.0,8.1,0.0,1.0,0.222772277227723,0.0,0.0,0.749193548387097,0.0,0.0,0.0,0.5225160678631129,0.4774839321368871,2
750,9,17.0,0.0,1.0,2.0,1.0,10.0,25.0,1.0,3.0,2.0,180.0,2.06,99.0,2.0,1.0,21.0,3.0,337.0,0.0,1.0,0.222772277227723,0.0,0.0,1.0,0.0,0.0,0.0,0.9900214174005827,0.009978582599417326,5
750,10,17.0,0.0,1.0,2.0,1.0,10.0,25.0,1.0,3.0,2.0,180.0,2.06,99.0,2.0,1.0,26.0,3.0,1.41,0.0,1.0,0.222772277227723,0.0,0.0,0.749193548387097,0.0,0.0,0.0,0.6319316215984685,0.36806837840153145,2
750,11,17.0,0.0,1.0,2.0,1.0,10.0,25.0,1.0,3.0,2.0,0.0,2.06,99.0,2.0,1.0,26.0,3.0,1.41,0.0,1.0,0.222772277227723,0.0,0.0,0.749193548387097,0.0,0.0,0.0,0.7852369546777683,0.21476304532223167,3
750,12,0.0,0.0,1.0,2.0,1.0,10.0,25.0,1.0,3.0,2.0,0.0,2.06,99.0,2.0,1.0,26.0,3.0,1.41,0.0,1.0,0.222772277227723,0.0,0.0,0.749193548387097,0.0,0.0,0.0,0.8404615926502296,0.15953840734977043,4
750,13,0.0,0.0,1.0,2.0,1.0,10.0,25.0,1.0,3.0,2.0,13.0,2.06,99.0,2.0,1.0,26.0,3.0,1.41,0.0,1.0,0.222772277227723,0.0,0.0,0.749193548387097,0.0,0.0,8.0,0.5556713126227362,0.44432868737726383,3
750,14,0.0,0.0,2.0,2.0,1.0,10.0,25.0,1.0,3.0,2.0,13.0,2.06,99.0,2.0,1.0,26.0,3.0,1.41,0.0,1.0,0.222772277227723,0.0,0.0,0.749193548387097,0.0,0.0,0.0,0.8550557416559526,0.14494425834404745,5
750,15,17.0,0.0,1.0,2.0,1.0,10.0,25.0,1.0,2.0,2.0,180.0,2.06,99.0,2.0,1.0,26.0,3.0,337.0,0.0,1.0,0.222772277227723,0.0,0.0,1.0,0.0,0.0,8.0,0.9262960245332276,0.07370397546677245,4
750,16,17.0,0.0,1.0,2.0,1.0,10.0,25.0,1.0,2.0,2.0,180.0,2.06,99.0,2.0,1.0,26.0,1.0,337.0,0.0,1.0,0.222772277227723,0.0,0.0,1.0,0.0,0.0,8.0,0.9299113074145084,0.07008869258549152,5
750,17,17.0,0.0,1.0,2.0,1.0,10.0,15.0,1.0,2.0,2.0,180.0,2.06,99.0,2.0,1.0,26.0,1.0,337.0,0.0,1.0,0.222772277227723,0.0,0.0,1.0,0.0,0.0,8.0,0.9443277973704245,0.05567220262957551,5
750,18,17.0,0.0,1.0,2.0,1.0,10.0,2302.0,1.0,3.0,2.0,180.0,2.06,99.0,2.0,1.0,26.0,3.0,4.8,0.0,1.0,0.222772277227723,0.0,0.0,1.0,0.0,0.0,8.0,0.5439357159277954,0.45606428407220456,2
750,19,0.0,0.0,1.0,2.0,1.0,10.0,2302.0,1.0,3.0,2.0,180.0,2.06,99.0,2.0,1.0,26.0,3.0,337.0,0.0,1.0,0.222772277227723,0.0,0.0,1.0,0.0,0.0,8.0,0.722803521578313,0.27719647842168704,3
755,0,11.0,5.0,1.0,0.0,0.0,10.0,93.111,1.0,5.0,5.0,58.0,1.07,93.0,3.0,3.0,38.0,2.0,4.60759493670886,0.0,1.0,0.802469135802469,0.0,12.0,1.0,1.0,0.0,6.0,0.5522401048150318,0.4477598951849681,2
755,1,11.0,5.0,1.0,0.0,0.0,10.0,15.0,1.0,5.0,5.0,58.0,1.07,93.0,0.0,3.0,38.0,2.0,4.60759493670886,0.0,1.0,0.802469135802469,0.0,12.0,1.0,1.0,0.0,6.0,0.739444261897213,0.2605557381027869,3
755,2,11.0,5.0,1.0,0.0,0.0,10.0,93.111,1.0,5.0,5.0,58.0,1.07,93.0,0.0,3.0,38.0,2.0,4.60759493670886,0.0,1.0,0.802469135802469,0.0,12.0,1.0,1.0,0.0,6.0,0.8000036099428035,0.19999639005719647,3
755,3,11.0,5.0,1.0,0.0,0.0,10.0,93.111,1.0,5.0,5.0,58.0,1.07,93.0,1.0,3.0,38.0,2.0,4.60759493670886,0.0,1.0,0.4,0.0,12.0,0.630309386470897,1.0,0.0,6.0,0.5084553994833917,0.4915446005166083,3
755,4,0.0,5.0,1.0,0.0,0.0,10.0,93.111,1.0,5.0,5.0,58.0,1.07,93.0,1.0,3.0,38.0,2.0,4.60759493670886,0.0,1.0,0.802469135802469,0.0,12.0,0.630309386470897,1.0,0.0,6.0,0.5250426971484884,0.4749573028515116,3
755,5,11.0,5.0,1.0,0.0,0.0,10.0,37.0,1.0,5.0,5.0,58.0,1.07,93.0,3.0,3.0,38.0,2.0,4.60759493670886,0.0,1.0,0.802469135802469,0.0,12.0,0.630309386470897,1.0,0.0,1.0,0.5435773981497656,0.4564226018502345,2
755,6,11.0,5.0,1.0,0.0,0.0,10.0,15.0,1.0,5.0,5.0,58.0,1.07,93.0,3.0,3.0,38.0,2.0,4.60759493670886,0.0,1.0,0.0,0.0,12.0,1.0,1.0,0.0,0.0,0.904501511482798,0.09549848851720202,4
755,7,11.0,5.0,1.0,0.0,0.0,10.0,15.0,1.0,5.0,5.0,58.0,1.07,93.0,3.0,3.0,38.0,2.0,3.9,0.0,1.0,0.0,0.0,12.0,1.0,1.0,0.0,0.0,0.9084051308529609,0.09159486914703908,5
755,8,11.0,5.0,1.0,0.0,0.0,10.0,15.0,1.0,5.0,5.0,58.0,1.07,93.0,3.0,3.0,38.0,0.0,4.60759493670886,0.0,1.0,0.802469135802469,0.0,12.0,1.0,1.0,0.0,0.0,0.9177449196928911,0.08225508030710897,4
755,9,11.0,5.0,1.0,0.0,0.0,10.0,15.0,1.0,5.0,5.0,58.0,1.07,93.0,3.0,3.0,38.0,0.0,4.60759493670886,0.0,1.0,0.0,0.0,12.0,1.0,1.0,0.0,0.0,0.9432554316074888,0.05674456839251114,5
755,10,11.0,5.0,1.0,0.0,0.0,0.0,15.0,1.0,5.0,5.0,58.0,1.07,93.0,3.0,3.0,38.0,2.0,4.60759493670886,0.0,1.0,0.802469135802469,0.0,12.0,1.0,1.0,0.0,6.0,0.7491387172461119,0.2508612827538881,3
755,11,11.0,5.0,1.0,0.0,0.0,0.0,15.0,1.0,5.0,5.0,58.0,1.07,93.0,0.0,3.0,38.0,2.0,4.60759493670886,0.0,1.0,0.802469135802469,0.0,12.0,1.0,1.0,0.0,6.0,0.84684652444451,0.15315347555548997,4
755,12,11.0,5.0,1.0,0.0,0.0,0.0,93.111,1.0,5.0,5.0,58.0,1.07,93.0,1.0,3.0,38.0,2.0,4.60759493670886,0.0,1.0,0.802469135802469,0.0,12.0,0.630309386470897,1.0,0.0,6.0,0.5187294678047896,0.4812705321952104,3
755,13,11.0,5.0,1.0,0.0,0.0,0.0,71.0,1.0,5.0,5.0,58.0,1.07,93.0,0.0,3.0,38.0,2.0,4.60759493670886,0.0,1.0,0.4,0.0,12.0,1.0,1.0,0.0,6.0,0.8941705396118125,0.10582946038818755,5
755,14,11.0,5.0,1.0,0.0,0.0,10.0,15.0,1.0,5.0,5.0,58.0,1.07,93.0,3.0,1.0,38.0,2.0,4.60759493670886,0.0,1.0,0.0,0.0,12.0,1.0,1.0,0.0,0.0,0.9095712810186474,0.09042871898135266,5
755,15,11.0,5.0,1.0,0.0,0.0,10.0,15.0,1.0,5.0,5.0,58.0,1.07,93.0,3.0,3.0,38.0,2.0,4.60759493670886,0.0,1.0,0.802469135802469,5.0,12.0,1.0,1.0,0.0,0.0,0.9088916081502146,0.09110839184978538,4
755,16,11.0,5.0,1.0,0.0,0.0,10.0,15.0,1.0,5.0,5.0,58.0,1.07,93.0,3.0,3.0,38.0,2.0,4.60759493670886,0.0,1.0,0.0,5.0,12.0,1.0,1.0,0.0,0.0,0.910856406044873,0.08914359395512705,5
755,17,11.0,5.0,1.0,0.0,0.0,10.0,25.0,1.0,5.0,5.0,58.0,1.07,93.0,3.0,3.0,38.0,2.0,4.60759493670886,0.0,1.0,0.0,0.0,12.0,0.630309386470897,1.0,0.0,6.0,0.5148404966570139,0.4851595033429861,2
755,18,11.0,5.0,1.0,0.0,0.0,10.0,15.0,1.0,5.0,5.0,58.0,1.07,93.0,0.0,3.0,38.0,2.0,4.60759493670886,0.0,1.0,0.0,0.0,12.0,0.630309386470897,1.0,0.0,6.0,0.6458410083716736,0.3541589916283264,3
755,19,11.0,5.0,1.0,0.0,0.0,6.0,15.0,1.0,5.0,5.0,58.0,1.07,93.0,0.0,3.0,38.0,2.0,4.60759493670886,0.0,1.0,0.0,0.0,12.0,0.630309386470897,1.0,0.0,6.0,0.6890397404922439,0.310960259507756,4
760,0,18.0,8.0,1.0,8.0,2.0,13.0,93.111,1.0,11.0,26.0,149.0,1.31,97.0,2.0,2.0,61.0,3.0,5.60752688172043,0.0,1.0,0.803191489361702,0.0,34.0,1.0,1.0,0.0,11.0,0.5317165601668916,0.46828343983310833,2
760,1,18.0,8.0,1.0,8.0,2.0,13.0,25.0,1.0,11.0,26.0,149.0,1.31,97.0,2.0,2.0,61.0,3.0,5.60752688172043,0.0,1.0,0.803191489361702,0.0,34.0,1.0,1.0,0.0,4.0,0.7965243421669203,0.20347565783307978,3
760,2,18.0,8.0,1.0,8.0,2.0,13.0,25.0,1.0,11.0,26.0,149.0,1.31,97.0,2.0,2.0,61.0,3.0,5.60752688172043,0.0,1.0,5.2,0.0,34.0,1.0,1.0,0.0,4.0,0.8537169021124972,0.14628309788750282,4
760,3,18.0,8.0,1.0,8.0,2.0,13.0,93.111,1.0,11.0,26.0,13.0,1.31,97.0,2.0,2.0,61.0,3.0,5.60752688172043,0.0,1.0,0.803191489361702,0.0,34.0,0.657574568288854,1.0,0.0,4.0,0.5185747540385658,0.4814252459614342,3
760,4,18.0,8.0,1.0,8.0,2.0,13.0,25.0,1.0,11.0,26.0,13.0,1.31,97.0,2.0,2.0,61.0,3.0,5.60752688172043,0.0,1.0,0.803191489361702,0.0,34.0,0.657574568288854,1.0,0.0,4.0,0.5338462681062242,0.4661537318937758,3
760,5,18.0,98.0,1.0,8.0,2.0,13.0,25.0,1.0,11.0,26.0,13.0,1.31,97.0,2.0,2.0,61.0,3.0,5.60752688172043,0.0,1.0,0.803191489361702,0.0,34.0,0.657574568288854,1.0,0.0,4.0,0.578102216969894,0.4218977830301061,4
760,6,18.0,98.0,1.0,8.0,2.0,13.0,37.0,1.0,11.0,26.0,13.0,1.31,97.0,2.0,2.0,61.0,3.0,5.60752688172043,0.0,1.0,0.803191489361702,0.0,34.0,0.657574568288854,1.0,0.0,4.0,0.6142956403925255,0.38570435960747457,4
760,7,18.0,8.0,1.0,8.0,2.0,13.0,25.0,1.0,11.0,26.0,149.0,1.31,97.0,2.0,2.0,61.0,3.0,3.0,0.0,1.0,0.803191489361702,0.0,34.0,1.0,1.0,0.0,11.0,0.7920980718771484,0.20790192812285163,3
760,8,18.0,8.0,1.0,321.0,2.0,13.0,25.0,1.0,11.0,26.0,149.0,1.31,97.0,2.0,2.0,61.0,3.0,3.0,0.0,1.0,0.803191489361702,0.0,34.0,1.0,1.0,0.0,11.0,0.8444866815658997,0.1555133184341003,4
760,9,18.0,8.0,1.0,8.0,2.0,13.0,71.0,1.0,11.0,26.0,13.0,1.31,97.0,2.0,2.0,61.0,3.0,3.0,0.0,1.0,0.803191489361702,0.0,34.0,0.657574568288854,1.0,0.0,11.0,0.5029540134271491,0.4970459865728509,3
760,10,18.0,8.0,1.0,321.0,2.0,13.0,25.0,1.0,11.0,26.0,149.0,1.31,97.0,2.0,2.0,61.0,3.0,5.60752688172043,0.0,1.0,0.803191489361702,0.0,34.0,1.0,1.0,0.0,11.0,0.7757081238822652,0.22429187611773482,3
760,11,18.0,8.0,1.0,321.0,2.0,13.0,25.0,1.0,11.0,26.0,149.0,1.31,97.0,2.0,2.0,61.0,3.0,5.60752688172043,0.0,1.0,5.2,0.0,34.0,1.0,1.0,0.0,11.0,0.8345619568056498,0.16543804319435018,4
760,12,18.0,8.0,1.0,321.0,2.0,13.0,25.0,1.0,11.0,26.0,149.0,1.31,97.0,2.0,2.0,128.0,3.0,5.60752688172043,0.0,1.0,5.2,0.0,34.0,1.0,1.0,0.0,11.0,0.848253075511298,0.15174692448870197,5
760,13,18.0,8.0,1.0,8.0,2.0,13.0,25.0,1.0,11.0,26.0,149.0,1.31,97.0,2.0,2.0,61.0,3.0,3.0,0.0,1.0,0.803191489361702,5.0,34.0,1.0,1.0,0.0,11.0,0.8501205243443308,0.14987947565566914,4
760,14,18.0,8.0,1.0,8.0,2.0,0.0,25.0,1.0,11.0,26.0,149.0,1.31,97.0,2.0,2.0,61.0,3.0,3.0,0.0,1.0,0.803191489361702,5.0,34.0,1.0,1.0,0.0,11.0,0.8726748801825075,0.12732511981749256,5
760,15,18.0,8.0,1.0,321.0,2.0,13.0,25.0,1.0,11.0,26.0,149.0,1.31,97.0,2.0,2.0,61.0,3.0,5.60752688172043,0.0,1.0,0.803191489361702,5.0,34.0,1.0,1.0,0.0,11.0,0.8373655967480909,0.16263440325190917,4
760,16,18.0,8.0,1.0,2.0,2.0,13.0,93.111,1.0,11.0,26.0,13.0,1.31,97.0,2.0,2.0,61.0,3.0,5.60752688172043,0.0,1.0,0.803191489361702,5.0,34.0,0.657574568288854,1.0,0.0,11.0,0.5093516038852686,0.4906483961147315,4
760,17,18.0,8.0,1.0,8.0,2.0,13.0,37.0,1.0,11.0,26.0,25.0,1.31,97.0,2.0,2.0,61.0,3.0,5.60752688172043,0.0,1.0,0.0,0.0,34.0,0.657574568288854,1.0,0.0,11.0,0.5086869093536838,0.49131309064631623,3
760,18,18.0,8.0,1.0,1.0,2.0,13.0,93.111,1.0,11.0,26.0,13.0,1.31,97.0,2.0,2.0,61.0,3.0,5.60752688172043,0.0,1.0,0.803191489361702,0.0,34.0,0.657574568288854,1.0,0.0,11.0,0.5490755970977244,0.4509244029022756,3
760,19,18.0,8.0,1.0,1.0,2.0,13.0,25.0,1.0,11.0,26.0,13.0,1.31,97.0,2.0,2.0,61.0,0.0,5.60752688172043,0.0,1.0,0.0,0.0,34.0,0.657574568288854,1.0,0.0,11.0,0.7000036152092313,0.29999638479076873,5
769,0,3.0,11.0,1.0,0.0,1.0,12.0,93.111,1.0,1.0,24.0,45.0,1.12,94.0,2.0,2.0,19.0,2.0,5.16666666666667,0.0,0.0,0.919354838709677,0.0,0.0,0.895308924485126,0.0,0.0,1.0,0.5408692014188781,0.4591307985811219,2
769,1,3.0,11.0,1.0,0.0,1.0,12.0,52.0,1.0,1.0,10.0,45.0,1.12,94.0,2.0,2.0,19.0,2.0,5.16666666666667,0.0,0.0,0.919354838709677,0.0,0.0,0.895308924485126,0.0,0.0,6.0,0.5477949938458309,0.4522050061541692,2
769,2,3.0,11.0,1.0,1.0,1.0,12.0,25.0,1.0,1.0,24.0,45.0,1.12,94.0,2.0,2.0,19.0,2.0,5.16666666666667,0.0,0.0,0.919354838709677,0.0,0.0,0.895308924485126,0.0,0.0,6.0,0.5159369630060553,0.48406303699394465,2
769,3,3.0,11.0,1.0,321.0,1.0,12.0,15.0,1.0,1.0,5.0,45.0,1.12,94.0,2.0,2.0,19.0,2.0,5.16666666666667,0.0,0.0,0.919354838709677,0.0,0.0,0.895308924485126,0.0,0.0,0.0,0.9512268475242904,0.04877315247570961,4
769,4,3.0,11.0,1.0,321.0,1.0,12.0,15.0,1.0,1.0,5.0,45.0,1.12,94.0,0.0,2.0,19.0,2.0,5.16666666666667,0.0,0.0,0.919354838709677,0.0,0.0,0.895308924485126,0.0,0.0,0.0,0.955114674436722,0.044885325563278,5
769,5,3.0,11.0,1.0,0.0,1.0,12.0,15.0,1.0,1.0,24.0,45.0,1.12,94.0,2.0,2.0,19.0,2.0,4.8,0.0,0.0,0.919354838709677,0.0,0.0,0.895308924485126,0.0,0.0,6.0,0.5093038353321149,0.4906961646678851,2
769,6,3.0,11.0,1.0,0.0,1.0,12.0,15.0,1.0,1.0,1.0,45.0,1.12,94.0,2.0,2.0,19.0,2.0,337.0,0.0,0.0,0.919354838709677,0.0,0.0,0.895308924485126,0.0,0.0,0.0,0.9446993255350526,0.05530067446494732,4
769,7,3.0,11.0,1.0,0.0,1.0,12.0,37.0,1.0,1.0,24.0,45.0,0.05,94.0,2.0,2.0,19.0,2.0,5.16666666666667,0.0,0.0,0.919354838709677,0.0,0.0,0.895308924485126,0.0,0.0,6.0,0.5143592962829696,0.4856407037170304,2
769,8,3.0,11.0,1.0,0.0,1.0,12.0,15.0,1.0,1.0,3.0,45.0,29.08,94.0,2.0,2.0,19.0,2.0,5.16666666666667,0.0,0.0,0.919354838709677,0.0,0.0,1.0,0.0,0.0,0.0,0.9597227634823704,0.04027723651762963,5
769,9,3.0,11.0,1.0,0.0,1.0,12.0,15.0,1.0,1.0,1.0,45.0,29.08,94.0,2.0,2.0,19.0,2.0,5.16666666666667,0.0,0.0,0.919354838709677,0.0,0.0,1.0,0.0,0.0,0.0,0.9621272539512032,0.03787274604879671,5
769,10,3.0,11.0,1.0,0.0,1.0,12.0,25.0,1.0,1.0,1.0,45.0,29.08,94.0,2.0,2.0,19.0,2.0,5.16666666666667,0.0,0.0,0.919354838709677,0.0,0.0,1.0,0.0,0.0,0.0,0.9637266768066813,0.03627332319331862,5
769,11,3.0,11.0,1.0,0.0,1.0,12.0,15.0,1.0,1.0,24.0,45.0,1.12,94.0,2.0,2.0,19.0,2.0,5.16666666666667,0.0,0.0,0.4,0.0,0.0,0.895308924485126,0.0,0.0,0.0,0.878855405169217,0.12114459483078296,3
769,12,3.0,11.0,1.0,0.0,1.0,12.0,25.0,1.0,1.0,24.0,45.0,1.12,85.0,2.0,2.0,19.0,2.0,5.16666666666667,0.0,0.0,0.919354838709677,0.0,0.0,0.895308924485126,0.0,0.0,6.0,0.5161116781225874,0.48388832187741254,2
769,13,3.0,11.0,1.0,0.0,1.0,12.0,15.0,1.0,1.0,24.0,45.0,1.12,85.0,2.0,2.0,19.0,2.0,5.16666666666667,0.0,0.0,0.4,0.0,0.0,0.9,0.0,0.0,0.0,0.8996248553172793,0.1003751446827207,5
769,14,3.0,11.0,1.0,0.0,1.0,12.0,15.0,1.0,1.0,24.0,45.0,1.12,85.0,2.0,2.0,19.0,2.0,5.16666666666667,0.0,0.0,0.0,0.0,0.0,0.9,0.0,0.0,0.0,0.9049004884935314,0.0950995115064686,5
769,15,3.0,11.0,1.0,0.0,1.0,12.0,15.0,1.0,2.0,24.0,45.0,1.12,94.0,2.0,2.0,19.0,2.0,5.16666666666667,0.0,0.0,0.919354838709677,0.0,0.0,0.895308924485126,0.0,0.0,0.0,0.869935033830745,0.13006496616925506,3
769,16,3.0,11.0,1.0,0.0,1.0,12.0,15.0,1.0,2.0,24.0,45.0,1.12,94.0,2.0,2.0,19.0,2.0,337.0,0.0,0.0,0.919354838709677,0.0,0.0,0.895308924485126,0.0,0.0,0.0,0.9014928594694935,0.09850714053050652,4
769,17,3.0,11.0,1.0,0.0,1.0,12.0,15.0,1.0,2.0,24.0,45.0,1.12,85.0,2.0,2.0,19.0,2.0,337.0,0.0,0.0,0.919354838709677,0.0,0.0,0.895308924485126,0.0,0.0,0.0,0.9169125262855371,0.08308747371446286,5
769,18,3.0,11.0,1.0,0.0,1.0,12.0,15.0,1.0,1.0,3.0,45.0,1.12,94.0,2.0,2.0,19.0,2.0,5.16666666666667,0.0,0.0,0.919354838709677,0.0,0.0,0.895308924485126,0.0,0.0,6.0,0.7189188146428435,0.28108118535715654,2
769,19,3.0,11.0,1.0,0.0,1.0,12.0,15.0,1.0,1.0,3.0,45.0,1.12,94.0,2.0,2.0,19.0,2.0,5.16666666666667,0.0,0.0,0.919354838709677,0.0,0.0,1.0,0.0,0.0,6.0,0.7871775325073878,0.2128224674926122,3
785,0,1.0,2.0,1.0,0.0,0.0,16.0,149.0,1.0,0.0,5.0,4.0,2.13,57.0,2.0,0.0,4.0,1.0,4.57142857142857,2.0,2.0,1.11111111111111,0.0,10.0,0.9,0.5,0.0,0.0,0.5125717303223647,0.48742826967763536,1
785,1,1.0,2.0,1.0,0.0,0.0,16.0,149.0,1.0,0.0,5.0,4.0,2.13,57.0,1.0,0.0,4.0,1.0,4.57142857142857,2.0,2.0,1.11111111111111,0.0,10.0,0.810924369747899,0.5,0.0,0.0,0.5758632343129548,0.4241367656870452,1
785,2,1.0,2.0,1.0,0.0,0.0,16.0,149.0,1.0,0.0,5.0,4.0,2.13,57.0,2.0,0.0,4.0,6.0,4.57142857142857,2.0,2.0,1.11111111111111,0.0,10.0,0.810924369747899,0.5,0.0,0.0,0.5721258900550321,0.42787410994496783,1
785,3,1.0,2.0,1.0,0.0,0.0,16.0,149.0,1.0,0.0,5.0,4.0,2.13,57.0,0.0,0.0,4.0,6.0,4.57142857142857,2.0,2.0,5.2,0.0,10.0,1.0,0.5,0.0,0.0,0.9327734513458383,0.0672265486541617,4
785,4,1.0,2.0,1.0,0.0,0.0,16.0,149.0,1.0,0.0,5.0,4.0,2.13,57.0,0.0,0.0,4.0,1.0,4.57142857142857,2.0,2.0,5.2,0.0,10.0,1.0,0.5,0.0,0.0,0.8635718529128034,0.1364281470871966,3
785,5,1.0,2.0,1.0,0.0,0.0,16.0,149.0,1.0,0.0,5.0,4.0,2.13,57.0,2.0,0.0,4.0,1.0,4.57142857142857,2.0,2.0,1.11111111111111,0.0,0.0,1.0,0.5,0.0,0.0,0.8377824941927552,0.1622175058072448,2
785,6,1.0,2.0,1.0,0.0,0.0,16.0,149.0,1.0,0.0,5.0,4.0,2.13,57.0,2.0,0.0,4.0,1.0,4.57142857142857,2.0,2.0,1.11111111111111,0.0,0.0,0.810924369747899,0.0,0.0,0.0,0.6630259106872244,0.3369740893127756,2
785,7,1.0,2.0,1.0,0.0,0.0,16.0,149.0,1.0,0.0,5.0,4.0,2.13,57.0,2.0,0.0,4.0,1.0,4.57142857142857,2.0,2.0,1.11111111111111,5.0,0.0,0.810924369747899,0.5,0.0,0.0,0.5477226336739527,0.45227736632604726,2
785,8,1.0,2.0,1.0,0.0,0.0,16.0,149.0,1.0,0.0,5.0,4.0,2.13,57.0,2.0,0.0,4.0,6.0,4.57142857142857,2.0,2.0,1.11111111111111,5.0,0.0,1.0,0.0,0.0,0.0,0.9692832101694702,0.03071678983052979,5
785,9,1.0,2.0,1.0,0.0,0.0,16.0,25.0,1.0,0.0,5.0,4.0,2.13,57.0,2.0,0.0,4.0,1.0,4.57142857142857,2.0,2.0,1.11111111111111,0.0,10.0,0.810924369747899,0.5,0.0,0.0,0.5468632443681836,0.45313675563181643,1
785,10,1.0,2.0,1.0,0.0,0.0,16.0,15.0,1.0,0.0,5.0,4.0,2.13,57.0,0.0,0.0,4.0,1.0,4.57142857142857,2.0,2.0,1.11111111111111,0.0,10.0,0.810924369747899,0.5,0.0,0.0,0.8164531135620822,0.1835468864379178,2
785,11,1.0,2.0,1.0,0.0,0.0,16.0,15.0,1.0,0.0,5.0,4.0,2.13,57.0,0.0,0.0,4.0,6.0,4.57142857142857,2.0,2.0,1.11111111111111,0.0,10.0,0.810924369747899,0.5,0.0,0.0,0.8567169244529633,0.14328307554703673,3
785,12,1.0,2.0,1.0,0.0,0.0,16.0,25.0,1.0,0.0,5.0,4.0,2.13,57.0,0.0,0.0,4.0,6.0,4.57142857142857,2.0,2.0,1.11111111111111,0.0,10.0,0.810924369747899,0.5,0.0,0.0,0.8919081460268672,0.10809185397313287,3
785,13,0.0,2.0,1.0,0.0,0.0,16.0,25.0,1.0,0.0,5.0,4.0,2.13,57.0,0.0,0.0,4.0,6.0,4.57142857142857,2.0,2.0,1.11111111111111,0.0,10.0,0.810924369747899,0.5,0.0,0.0,0.9124420756554743,0.08755792434452572,4
785,14,0.0,2.0,1.0,0.0,0.0,16.0,25.0,1.0,0.0,5.0,4.0,2.13,57.0,0.0,0.0,4.0,6.0,3.0,2.0,2.0,1.11111111111111,0.0,10.0,0.810924369747899,0.5,0.0,0.0,0.9283792112596604,0.0716207887403396,5
785,15,1.0,2.0,1.0,0.0,0.0,16.0,149.0,1.0,0.0,5.0,4.0,2.13,57.0,0.0,0.0,4.0,1.0,4.57142857142857,2.0,2.0,1.11111111111111,0.0,10.0,0.810924369747899,0.5,0.0,0.0,0.5758632343129548,0.4241367656870452,1
785,16,1.0,2.0,1.0,0.0,0.0,16.0,149.0,1.0,0.0,5.0,4.0,2.13,57.0,0.0,0.0,4.0,1.0,4.57142857142857,2.0,2.0,5.2,0.0,10.0,0.810924369747899,0.5,0.0,0.0,0.7202131216531285,0.2797868783468716,2
785,17,1.0,2.0,1.0,0.0,0.0,0.0,149.0,1.0,0.0,5.0,4.0,2.13,57.0,0.0,0.0,4.0,1.0,4.57142857142857,2.0,2.0,5.2,0.0,10.0,0.810924369747899,0.5,0.0,0.0,0.7398362066139075,0.2601637933860925,3
785,18,1.0,2.0,1.0,1.0,0.0,0.0,149.0,1.0,0.0,5.0,4.0,2.13,57.0,0.0,0.0,4.0,1.0,4.57142857142857,2.0,2.0,5.2,0.0,10.0,0.810924369747899,0.5,0.0,0.0,0.7558474674276052,0.2441525325723948,4
785,19,1.0,2.0,1.0,0.0,0.0,16.0,15.0,1.0,0.0,5.0,4.0,2.13,57.0,2.0,0.0,4.0,1.0,4.57142857142857,2.0,2.0,1.11111111111111,0.0,10.0,1.0,0.5,0.0,0.0,0.7945192547563373,0.20548074524366264,2
786,0,6.0,2.0,3.0,2.0,0.0,11.0,228.0,1.0,0.0,11.0,6.0,0.65,69.0,2.0,0.0,8.0,1.0,6.71428571428571,2.0,1.0,2.5625,0.0,16.0,0.9258114374034,1.0,0.0,2.0,0.6060983110854922,0.39390168891450783,1
786,1,6.0,2.0,3.0,2.0,0.0,11.0,228.0,1.0,0.0,11.0,6.0,0.65,69.0,2.0,0.0,8.0,1.0,6.71428571428571,2.0,25.0,2.5625,0.0,0.0,0.9258114374034,1.0,0.0,2.0,0.8717360496897288,0.12826395031027116,2
786,2,6.0,2.0,3.0,2.0,0.0,11.0,228.0,1.0,0.0,11.0,6.0,0.65,69.0,0.0,0.0,8.0,1.0,6.71428571428571,2.0,25.0,2.5625,0.0,0.0,0.9258114374034,1.0,0.0,2.0,0.9298974483013192,0.07010255169868079,3
786,3,6.0,2.0,3.0,2.0,0.0,11.0,228.0,1.0,0.0,11.0,6.0,0.65,69.0,0.0,0.0,3.0,1.0,6.71428571428571,2.0,25.0,2.5625,0.0,0.0,0.9258114374034,1.0,0.0,2.0,0.9518688412476751,0.048131158752324835,4
786,4,6.0,2.0,3.0,2.0,0.0,11.0,228.0,1.0,0.0,11.0,6.0,0.65,69.0,1.0,0.0,8.0,1.0,6.71428571428571,2.0,1.0,2.5625,0.0,152.0,0.9258114374034,1.0,0.0,2.0,0.6984069478534076,0.30159305214659243,1
786,5,6.0,2.0,3.0,2.0,0.0,11.0,25.0,1.0,0.0,11.0,6.0,0.65,69.0,2.0,0.0,8.0,1.0,6.71428571428571,2.0,1.0,2.5625,0.0,152.0,0.9258114374034,1.0,0.0,2.0,0.5282406157920498,0.4717593842079502,1
786,6,6.0,2.0,3.0,2.0,0.0,11.0,15.0,1.0,0.0,11.0,6.0,0.65,69.0,0.0,0.0,8.0,1.0,6.71428571428571,0.0,1.0,2.5625,0.0,152.0,0.9258114374034,1.0,0.0,2.0,0.8545716070621767,0.14542839293782334,3
786,7,6.0,2.0,3.0,2.0,0.0,11.0,15.0,1.0,0.0,11.0,6.0,0.65,69.0,0.0,0.0,8.0,6.0,6.71428571428571,0.0,1.0,2.5625,0.0,152.0,0.9258114374034,1.0,0.0,2.0,0.8758185010607559,0.12418149893924417,4
786,8,2.0,2.0,3.0,2.0,0.0,11.0,15.0,1.0,0.0,11.0,6.0,0.65,69.0,0.0,0.0,8.0,6.0,6.71428571428571,0.0,1.0,2.5625,0.0,152.0,0.9258114374034,1.0,0.0,2.0,0.8952977156318858,0.10470228436811418,5
786,9,6.0,2.0,3.0,2.0,0.0,11.0,228.0,1.0,0.0,11.0,6.0,0.65,69.0,2.0,0.0,8.0,6.0,6.71428571428571,2.0,1.0,2.5625,0.0,152.0,0.9258114374034,1.0,0.0,2.0,0.585255651997928,0.414744348002072,1
786,10,6.0,2.0,3.0,2.0,0.0,11.0,228.0,1.0,0.0,11.0,6.0,0.65,69.0,2.0,0.0,8.0,6.0,6.71428571428571,2.0,25.0,2.5625,0.0,0.0,0.9258114374034,1.0,0.0,2.0,0.9303066524871136,0.06969334751288635,3
786,11,6.0,2.0,3.0,2.0,0.0,11.0,228.0,1.0,0.0,11.0,6.0,0.65,69.0,2.0,0.0,8.0,6.0,6.71428571428571,2.0,25.0,2.5625,0.0,0.0,1.0,1.0,0.0,2.0,0.9555924885686663,0.044407511431333674,4
786,12,6.0,2.0,3.0,2.0,0.0,11.0,228.0,1.0,0.0,11.0,6.0,0.65,69.0,2.0,0.0,8.0,6.0,6.71428571428571,2.0,25.0,2.5625,5.0,0.0,1.0,1.0,0.0,2.0,0.9644257339245251,0.0355742660754749,5
786,13,6.0,2.0,3.0,2.0,0.0,11.0,228.0,1.0,0.0,11.0,6.0,0.65,69.0,2.0,0.0,8.0,1.0,6.71428571428571,0.0,1.0,2.5625,0.0,0.0,0.9258114374034,1.0,0.0,2.0,0.8329068944433873,0.16709310555661266,2
786,14,6.0,2.0,3.0,2.0,0.0,11.0,228.0,1.0,0.0,11.0,6.0,0.65,69.0,2.0,0.0,8.0,6.0,6.71428571428571,0.0,1.0,2.5625,0.0,0.0,0.9258114374034,1.0,0.0,2.0,0.9020861112386235,0.09791388876137651,3
786,15,6.0,2.0,3.0,2.0,0.0,11.0,228.0,1.0,0.0,11.0,6.0,0.65,69.0,2.0,0.0,4.0,6.0,6.71428571428571,0.0,1.0,2.5625,0.0,0.0,0.9258114374034,1.0,0.0,2.0,0.9054496958674098,0.09455030413259029,4
786,16,6.0,2.0,3.0,2.0,0.0,11.0,228.0,1.0,0.0,11.0,6.0,0.65,69.0,2.0,0.0,8.0,1.0,6.71428571428571,2.0,25.0,2.5625,0.0,152.0,0.9258114374034,1.0,0.0,2.0,0.5971695988424037,0.4028304011575962,1
786,17,6.0,2.0,3.0,2.0,0.0,11.0,228.0,1.0,0.0,11.0,6.0,0.65,69.0,0.0,0.0,8.0,1.0,6.71428571428571,2.0,25.0,2.5625,0.0,152.0,1.0,1.0,0.0,2.0,0.8949781818581866,0.10502181814181348,3
786,18,6.0,2.0,3.0,2.0,0.0,11.0,228.0,1.0,0.0,11.0,6.0,0.65,69.0,0.0,0.0,8.0,1.0,6.71428571428571,0.0,25.0,2.5625,0.0,152.0,1.0,1.0,0.0,2.0,0.9334250825818954,0.0665749174181046,4
786,19,6.0,2.0,3.0,2.0,0.0,11.0,127.0,1.0,0.0,11.0,6.0,0.65,69.0,0.0,0.0,8.0,1.0,6.71428571428571,0.0,25.0,2.5625,0.0,152.0,1.0,1.0,0.0,2.0,0.9352737709830394,0.06472622901696055,5
787,0,3.0,7.0,1.0,1.0,25.0,1.0,92.0,1.0,0.0,0.0,15.0,0.47,84.0,1.0,0.0,19.0,1.0,17.92,2.0,1.0,0.444444444444444,0.0,0.0,0.8,0.0,0.0,2.0,0.5217085366721369,0.4782914633278631,1
787,1,3.0,7.0,1.0,1.0,25.0,1.0,92.0,1.0,0.0,0.0,15.0,0.31,84.0,1.0,0.0,19.0,1.0,17.92,2.0,1.0,0.444444444444444,0.0,0.0,0.730878186968839,0.0,0.0,2.0,0.6106700121315345,0.38932998786846545,1
787,2,3.0,7.0,1.0,1.0,25.0,1.0,71.0,1.0,0.0,0.0,15.0,0.47,84.0,1.0,0.0,19.0,1.0,17.92,2.0,1.0,0.444444444444444,0.0,0.0,0.730878186968839,0.0,0.0,2.0,0.5706700805660896,0.42932991943391047,1
787,3,3.0,7.0,1.0,1.0,25.0,1.0,15.0,1.0,0.0,0.0,15.0,29.08,84.0,1.0,0.0,19.0,1.0,17.92,2.0,1.0,0.444444444444444,0.0,0.0,1.0,0.0,0.0,0.0,0.9789824433158192,0.0210175566841808,4
787,4,3.0,7.0,1.0,2.0,25.0,1.0,15.0,1.0,0.0,0.0,15.0,29.08,84.0,1.0,0.0,19.0,1.0,17.92,2.0,1.0,0.444444444444444,0.0,0.0,1.0,0.0,0.0,0.0,0.9794995945248659,0.02050040547513412,5
787,5,3.0,7.0,1.0,1.0,25.0,1.0,15.0,1.0,0.0,0.0,15.0,0.47,84.0,1.0,0.0,19.0,1.0,17.92,2.0,1.0,0.444444444444444,0.0,0.0,1.0,0.0,0.0,2.0,0.9151314550400831,0.08486854495991691,2
787,6,3.0,7.0,1.0,1.0,25.0,1.0,15.0,1.0,0.0,0.0,15.0,0.47,84.0,1.0,0.0,19.0,1.0,17.92,2.0,1.0,5.2,0.0,0.0,1.0,0.0,0.0,2.0,0.96317649104281,0.03682350895718997,3
787,7,3.0,7.0,1.0,1.0,25.0,1.0,15.0,1.0,0.0,0.0,15.0,0.47,84.0,1.0,0.0,19.0,1.0,17.92,2.0,1.0,5.2,0.0,0.0,1.0,0.0,0.0,0.0,0.9771015468915997,0.022898453108400326,4
787,8,3.0,7.0,1.0,1.0,25.0,1.0,15.0,1.0,0.0,0.0,15.0,0.47,84.0,1.0,0.0,19.0,1.0,17.92,1.0,1.0,5.2,0.0,0.0,1.0,0.0,0.0,0.0,0.9774797182217755,0.02252028177822455,5
787,9,3.0,7.0,1.0,1.0,25.0,1.0,92.0,1.0,0.0,0.0,15.0,0.47,84.0,1.0,0.0,19.0,1.0,17.92,2.0,1.0,0.4,0.0,0.0,0.730878186968839,0.0,0.0,2.0,0.5087303327402327,0.4912696672597673,1
787,10,3.0,7.0,1.0,7.0,25.0,1.0,92.0,1.0,0.0,0.0,15.0,0.47,84.0,1.0,0.0,19.0,1.0,17.92,2.0,1.0,0.444444444444444,0.0,0.0,0.730878186968839,0.0,0.0,2.0,0.5248423386896166,0.4751576613103834,1
787,11,3.0,7.0,1.0,321.0,25.0,1.0,92.0,1.0,0.0,5.0,15.0,0.47,84.0,1.0,0.0,19.0,1.0,17.92,2.0,1.0,5.2,0.0,0.0,1.0,0.0,0.0,2.0,0.9513548707070878,0.048645129292912204,4
787,12,0.0,7.0,1.0,321.0,25.0,1.0,92.0,1.0,0.0,5.0,15.0,0.47,84.0,1.0,0.0,19.0,1.0,17.92,2.0,1.0,5.2,0.0,0.0,1.0,0.0,0.0,2.0,0.9592464372284479,0.040753562771552065,5
787,13,3.0,7.0,1.0,1.0,25.0,1.0,15.0,1.0,0.0,0.0,15.0,0.47,84.0,1.0,0.0,19.0,1.0,17.92,2.0,1.0,0.444444444444444,0.0,0.0,1.0,0.0,0.0,0.0,0.9515802618162981,0.04841973818370194,3
787,14,3.0,7.0,1.0,321.0,25.0,1.0,15.0,1.0,0.0,0.0,15.0,0.47,84.0,1.0,0.0,19.0,1.0,17.92,2.0,1.0,0.444444444444444,0.0,0.0,1.0,0.0,0.0,0.0,0.9663495494353973,0.0336504505646027,4
787,15,3.0,7.0,1.0,1.0,25.0,1.0,92.0,1.0,0.0,0.0,15.0,29.08,84.0,1.0,0.0,19.0,1.0,17.92,2.0,1.0,0.444444444444444,0.0,0.0,0.730878186968839,0.0,0.0,2.0,0.7114457848145412,0.2885542151854587,1
787,16,3.0,7.0,1.0,1.0,25.0,1.0,92.0,1.0,0.0,0.0,15.0,29.08,84.0,1.0,0.0,19.0,1.0,17.92,2.0,1.0,0.444444444444444,0.0,0.0,0.730878186968839,0.0,0.0,0.0,0.8539724547985372,0.14602754520146283,2
787,17,3.0,7.0,1.0,1.0,25.0,1.0,92.0,1.0,0.0,0.0,15.0,29.08,84.0,1.0,0.0,19.0,1.0,17.92,2.0,1.0,0.0,0.0,0.0,0.730878186968839,0.0,0.0,0.0,0.8985505549274646,0.10144944507253538,3
787,18,0.0,7.0,1.0,1.0,25.0,1.0,92.0,1.0,0.0,0.0,15.0,29.08,84.0,1.0,0.0,19.0,1.0,17.92,2.0,1.0,0.0,0.0,0.0,0.730878186968839,0.0,0.0,0.0,0.9305353318861129,0.06946466811388713,4
787,19,0.0,7.0,1.0,2.0,25.0,1.0,92.0,1.0,0.0,0.0,15.0,29.08,84.0,1.0,0.0,19.0,1.0,17.92,2.0,1.0,0.0,0.0,0.0,0.730878186968839,0.0,0.0,0.0,0.9321619529592563,0.06783804704074366,5
846,0,21.0,9.0,3.0,2.0,6.0,5.0,193.556,4.0,10.0,27.0,31.0,0.34,96.0,1.0,1.0,43.0,3.0,4.56338028169014,0.0,1.0,1.68831168831169,0.0,2.0,0.980674157303371,1.0,0.0,7.0,0.5520022621236786,0.4479977378763214,1
846,1,21.0,9.0,3.0,2.0,6.0,5.0,25.0,4.0,10.0,27.0,31.0,0.34,96.0,1.0,1.0,43.0,3.0,4.56338028169014,0.0,1.0,1.68831168831169,0.0,2.0,0.980674157303371,1.0,0.0,1.0,0.9389064982668537,0.06109350173314633,2
846,2,0.0,9.0,3.0,2.0,6.0,5.0,25.0,4.0,10.0,27.0,31.0,0.34,96.0,1.0,1.0,43.0,3.0,4.56338028169014,0.0,1.0,1.68831168831169,0.0,2.0,0.980674157303371,1.0,0.0,1.0,0.9697546516059379,0.030245348394062094,3
846,3,0.0,9.0,3.0,2.0,6.0,5.0,25.0,4.0,10.0,27.0,31.0,0.34,96.0,1.0,1.0,43.0,3.0,3.0,0.0,1.0,1.68831168831169,0.0,2.0,0.980674157303371,1.0,0.0,1.0,0.9756134363772305,0.024386563622769444,4
846,4,0.0,9.0,3.0,2.0,6.0,5.0,93.111,4.0,10.0,27.0,31.0,0.34,96.0,1.0,1.0,43.0,3.0,3.0,0.0,1.0,1.68831168831169,0.0,2.0,0.980674157303371,1.0,0.0,1.0,0.976202629544615,0.023797370455384995,4
846,5,0.0,9.0,3.0,2.0,6.0,5.0,93.111,4.0,10.0,27.0,31.0,0.34,96.0,1.0,1.0,43.0,3.0,3.0,0.0,25.0,1.68831168831169,0.0,2.0,0.980674157303371,1.0,0.0,1.0,0.9766089390756717,0.02339106092432826,5
846,6,1.0,9.0,3.0,2.0,6.0,5.0,93.111,4.0,10.0,27.0,31.0,0.34,96.0,1.0,1.0,43.0,3.0,3.0,0.0,25.0,1.68831168831169,0.0,2.0,0.980674157303371,1.0,0.0,1.0,0.9786027907108427,0.02139720928915729,5
846,7,1.0,9.0,3.0,2.0,6.0,5.0,52.0,4.0,10.0,27.0,31.0,0.34,96.0,1.0,1.0,43.0,3.0,3.0,0.0,25.0,1.68831168831169,0.0,2.0,0.980674157303371,1.0,0.0,1.0,0.9832080668511596,0.016791933148840418,5
846,8,21.0,9.0,3.0,2.0,6.0,5.0,25.0,4.0,10.0,27.0,31.0,0.34,96.0,1.0,1.0,43.0,3.0,4.56338028169014,0.0,25.0,1.68831168831169,0.0,2.0,0.980674157303371,1.0,0.0,7.0,0.935251990401546,0.06474800959845392,2
846,9,21.0,9.0,3.0,2.0,6.0,5.0,25.0,4.0,10.0,27.0,31.0,0.34,96.0,1.0,1.0,43.0,3.0,3.9,0.0,25.0,1.68831168831169,0.0,2.0,0.980674157303371,1.0,0.0,7.0,0.9465938810778398,0.05340611892216021,3
846,10,21.0,9.0,3.0,0.0,6.0,5.0,25.0,4.0,10.0,27.0,31.0,0.34,96.0,1.0,1.0,43.0,3.0,3.9,0.0,25.0,1.68831168831169,0.0,2.0,0.980674157303371,1.0,0.0,7.0,0.955588632079953,0.044411367920046955,4
846,11,21.0,9.0,3.0,2.0,0.0,5.0,25.0,4.0,10.0,27.0,31.0,0.34,96.0,1.0,1.0,43.0,3.0,4.56338028169014,0.0,25.0,1.68831168831169,0.0,2.0,0.980674157303371,1.0,0.0,7.0,0.9587413027651216,0.04125869723487841,3
846,12,5.0,9.0,3.0,2.0,0.0,5.0,25.0,4.0,10.0,27.0,31.0,0.34,96.0,1.0,1.0,43.0,3.0,4.56338028169014,0.0,25.0,1.68831168831169,0.0,2.0,0.980674157303371,1.0,0.0,7.0,0.9654649501772137,0.03453504982278634,4
846,13,21.0,9.0,3.0,2.0,6.0,5.0,25.0,4.0,10.0,27.0,31.0,0.34,96.0,1.0,1.0,43.0,3.0,4.56338028169014,0.0,1.0,1.68831168831169,5.0,2.0,0.980674157303371,1.0,0.0,1.0,0.9608679982004262,0.03913200179957372,3
846,14,21.0,9.0,3.0,2.0,6.0,5.0,25.0,4.0,10.0,27.0,31.0,0.34,96.0,1.0,1.0,43.0,3.0,4.56338028169014,0.0,25.0,1.68831168831169,5.0,2.0,0.980674157303371,1.0,0.0,1.0,0.9734339403069054,0.026566059693094574,4
846,15,21.0,9.0,3.0,2.0,6.0,5.0,25.0,4.0,10.0,27.0,31.0,0.34,96.0,1.0,1.0,43.0,3.0,3.9,0.0,25.0,1.68831168831169,5.0,2.0,0.980674157303371,1.0,0.0,1.0,0.9782431008965339,0.021756899103466152,5
846,16,21.0,9.0,3.0,2.0,6.0,5.0,37.0,4.0,10.0,27.0,31.0,0.34,96.0,1.0,1.0,43.0,3.0,3.9,0.0,25.0,1.68831168831169,5.0,2.0,0.980674157303371,1.0,0.0,1.0,0.9805840783991598,0.019415921600840196,5
846,17,0.0,9.0,3.0,2.0,6.0,5.0,25.0,4.0,10.0,27.0,31.0,0.34,96.0,1.0,1.0,43.0,3.0,4.56338028169014,0.0,1.0,1.68831168831169,0.0,2.0,0.980674157303371,1.0,0.0,7.0,0.9185422915719489,0.08145770842805113,2
846,18,0.0,9.0,3.0,2.0,6.0,5.0,25.0,4.0,10.0,27.0,31.0,0.34,96.0,1.0,1.0,43.0,3.0,3.0,0.0,1.0,1.68831168831169,0.0,2.0,0.980674157303371,1.0,0.0,7.0,0.934447403364698,0.06555259663530197,3
846,19,0.0,9.0,3.0,2.0,6.0,5.0,93.111,4.0,10.0,27.0,31.0,0.34,96.0,1.0,1.0,43.0,3.0,3.0,0.0,1.0,1.68831168831169,0.0,2.0,0.980674157303371,1.0,0.0,7.0,0.9398762616606479,0.060123738339352126,3
871,0,74.0,17.0,1.0,31.0,5.0,13.0,346.0,1.0,15.0,42.0,150.0,0.51,98.0,1.0,0.0,133.0,6.0,7.35546875,0.0,0.0,0.825581395348837,0.0,286.0,1.0,0.25,0.0,0.0,0.5027082280668724,0.4972917719331275,3
871,1,74.0,17.0,1.0,31.0,5.0,13.0,127.0,1.0,15.0,42.0,150.0,0.51,98.0,1.0,0.0,133.0,6.0,7.35546875,0.0,0.0,0.825581395348837,0.0,2.0,1.0,0.25,0.0,13.0,0.5091416323749923,0.4908583676250077,3
871,2,74.0,17.0,1.0,31.0,5.0,13.0,71.0,1.0,15.0,42.0,150.0,0.05,98.0,1.0,0.0,133.0,6.0,7.35546875,0.0,0.0,0.825581395348837,0.0,16.0,0.745413582233666,0.25,0.0,0.0,0.5104193445374778,0.4895806554625222,4
871,3,74.0,17.0,1.0,31.0,5.0,13.0,25.0,1.0,15.0,42.0,150.0,0.05,98.0,1.0,0.0,133.0,6.0,7.35546875,0.0,0.0,0.825581395348837,0.0,0.0,1.0,0.25,0.0,0.0,0.9270130753137822,0.07298692468621776,5
871,4,74.0,17.0,1.0,31.0,5.0,13.0,127.0,1.0,15.0,42.0,150.0,0.51,98.0,1.0,0.0,133.0,6.0,7.35546875,0.0,0.0,0.825581395348837,0.0,0.0,1.0,0.25,0.0,13.0,0.5068321256959146,0.4931678743040854,3
871,5,74.0,17.0,1.0,31.0,5.0,13.0,3778.0,1.0,15.0,42.0,150.0,0.51,98.0,1.0,0.0,133.0,6.0,7.35546875,0.0,25.0,0.825581395348837,0.0,0.0,1.0,0.25,0.0,0.0,0.5196431336947683,0.48035686630523167,4
871,6,74.0,17.0,2.0,31.0,5.0,13.0,3778.0,1.0,15.0,42.0,150.0,0.51,98.0,1.0,0.0,133.0,6.0,7.35546875,0.0,25.0,0.825581395348837,0.0,0.0,1.0,0.25,0.0,0.0,0.5426308106492171,0.45736918935078286,5
871,7,74.0,17.0,1.0,31.0,5.0,13.0,71.0,1.0,15.0,42.0,150.0,0.51,98.0,1.0,0.0,133.0,6.0,7.35546875,0.0,0.0,0.825581395348837,0.0,0.0,1.0,0.25,0.0,13.0,0.5978223756878933,0.40217762431210674,3
871,8,74.0,17.0,1.0,31.0,5.0,13.0,71.0,1.0,15.0,1.0,150.0,0.51,98.0,1.0,0.0,133.0,6.0,7.35546875,0.0,0.0,0.825581395348837,0.0,0.0,1.0,0.25,0.0,13.0,0.7099531566629789,0.2900468433370211,4
871,9,74.0,17.0,1.0,31.0,5.0,13.0,71.0,1.0,15.0,1.0,150.0,0.51,98.0,1.0,0.0,133.0,6.0,7.35546875,0.0,0.0,5.2,0.0,0.0,1.0,0.25,0.0,13.0,0.7405436072363485,0.25945639276365146,5
871,10,74.0,17.0,1.0,31.0,5.0,13.0,25.0,1.0,15.0,1.0,150.0,0.51,98.0,1.0,0.0,133.0,6.0,7.35546875,0.0,0.0,5.2,0.0,0.0,1.0,0.25,0.0,13.0,0.7451378576129493,0.2548621423870507,5
871,11,74.0,17.0,1.0,31.0,5.0,13.0,71.0,1.0,15.0,42.0,150.0,0.51,98.0,1.0,0.0,133.0,6.0,7.35546875,2.0,0.0,0.825581395348837,0.0,0.0,1.0,0.25,0.0,0.0,0.9031243829784239,0.09687561702157611,5
871,12,74.0,17.0,1.0,31.0,5.0,13.0,37.0,1.0,15.0,42.0,150.0,0.51,98.0,1.0,0.0,133.0,6.0,7.35546875,2.0,0.0,0.825581395348837,0.0,2.0,0.745413582233666,0.25,0.0,0.0,0.5103933595334398,0.48960664046656016,4
871,13,74.0,17.0,1.0,31.0,4.0,13.0,25.0,1.0,15.0,10.0,150.0,0.05,98.0,1.0,0.0,133.0,6.0,7.35546875,0.0,0.0,0.825581395348837,0.0,286.0,0.745413582233666,0.25,0.0,0.0,0.5034773049668608,0.49652269503313917,5
871,14,74.0,17.0,1.0,31.0,5.0,13.0,37.0,1.0,15.0,5.0,150.0,29.08,98.0,1.0,0.0,133.0,6.0,7.35546875,0.0,0.0,0.825581395348837,0.0,286.0,0.745413582233666,0.25,0.0,0.0,0.504912634230706,0.49508736576929396,4
871,15,74.0,17.0,1.0,31.0,5.0,13.0,3778.0,1.0,15.0,1.0,150.0,0.51,98.0,1.0,0.0,133.0,6.0,7.35546875,0.0,0.0,0.825581395348837,0.0,286.0,1.0,0.25,0.0,0.0,0.5085197378117963,0.4914802621882037,3
871,16,74.0,17.0,1.0,31.0,5.0,13.0,3778.0,1.0,15.0,1.0,150.0,0.51,98.0,1.0,0.0,133.0,6.0,7.35546875,0.0,0.0,0.825581395348837,0.0,2.0,1.0,0.25,0.0,0.0,0.6545310934187678,0.3454689065812322,4
871,17,74.0,17.0,1.0,31.0,5.0,13.0,3778.0,1.0,15.0,42.0,150.0,0.51,98.0,1.0,0.0,133.0,6.0,337.0,0.0,0.0,0.825581395348837,0.0,2.0,1.0,0.25,0.0,0.0,0.5076223493611685,0.49237765063883154,4
871,18,74.0,17.0,1.0,31.0,5.0,13.0,71.0,1.0,15.0,42.0,150.0,0.51,98.0,1.0,0.0,133.0,6.0,7.35546875,0.0,0.0,0.825581395348837,5.0,0.0,1.0,0.25,0.0,13.0,0.7052009320107471,0.294799067989253,4
871,19,74.0,17.0,1.0,31.0,5.0,13.0,71.0,1.0,15.0,42.0,150.0,0.83,98.0,1.0,0.0,133.0,6.0,7.35546875,0.0,0.0,0.825581395348837,5.0,0.0,1.0,0.25,0.0,13.0,0.7525037465956507,0.24749625340434933,5
908,0,2.0,1.0,1.0,0.0,0.0,11.0,237.0,1.0,0.0,9.0,15.0,0.74,82.0,2.0,0.0,29.0,1.0,3.72222222222222,0.0,1.0,1.05,0.0,21.0,0.937402190923318,1.0,0.0,3.0,0.5988106105716505,0.4011893894283495,1
908,1,2.0,1.0,1.0,0.0,0.0,11.0,15.0,1.0,0.0,9.0,15.0,0.74,82.0,0.0,0.0,29.0,1.0,3.72222222222222,0.0,1.0,1.05,0.0,21.0,0.937402190923318,1.0,0.0,3.0,0.8746779928664761,0.12532200713352395,2
908,2,2.0,1.0,1.0,0.0,0.0,7.0,15.0,1.0,0.0,9.0,15.0,0.74,82.0,4.0,0.0,29.0,1.0,3.72222222222222,0.0,1.0,1.05,0.0,21.0,0.937402190923318,1.0,0.0,3.0,0.5364581215918305,0.4635418784081695,2
908,3,2.0,1.0,1.0,0.0,0.0,0.0,15.0,1.0,0.0,9.0,15.0,0.74,82.0,0.0,0.0,29.0,1.0,3.72222222222222,0.0,1.0,1.05,0.0,21.0,0.937402190923318,1.0,0.0,1.0,0.9341943947971451,0.0658056052028549,4
908,4,2.0,1.0,1.0,0.0,0.0,0.0,15.0,1.0,0.0,9.0,15.0,0.74,82.0,0.0,0.0,29.0,1.0,3.72222222222222,0.0,1.0,1.05,0.0,21.0,1.0,1.0,0.0,1.0,0.9371218267580301,0.06287817324196988,5
908,5,2.0,1.0,1.0,0.0,0.0,11.0,237.0,1.0,0.0,9.0,15.0,0.74,82.0,0.0,0.0,29.0,1.0,3.72222222222222,0.0,1.0,1.05,0.0,21.0,1.0,1.0,0.0,3.0,0.8478563351521086,0.1521436648478914,2
908,6,2.0,1.0,1.0,321.0,0.0,11.0,237.0,1.0,0.0,9.0,15.0,0.74,82.0,0.0,0.0,29.0,1.0,3.72222222222222,0.0,1.0,1.05,0.0,21.0,1.0,1.0,0.0,3.0,0.9085368508015266,0.09146314919847348,3
908,7,2.0,1.0,1.0,321.0,0.0,0.0,237.0,1.0,0.0,9.0,15.0,0.74,82.0,0.0,0.0,29.0,1.0,3.72222222222222,0.0,1.0,1.05,0.0,21.0,1.0,1.0,0.0,3.0,0.9245295302455785,0.07547046975442151,4
908,8,2.0,1.0,1.0,0.0,0.0,11.0,237.0,1.0,0.0,9.0,15.0,0.74,82.0,0.0,0.0,29.0,1.0,3.72222222222222,0.0,1.0,1.05,0.0,0.0,0.937402190923318,1.0,0.0,3.0,0.8204972605758052,0.17950273942419487,2
908,9,2.0,1.0,1.0,0.0,0.0,11.0,237.0,1.0,0.0,9.0,15.0,0.74,82.0,0.0,0.0,29.0,1.0,3.72222222222222,0.0,1.0,1.05,0.0,0.0,0.937402190923318,1.0,0.0,0.0,0.8978901567646167,0.10210984323538333,3
908,10,2.0,1.0,1.0,0.0,0.0,11.0,237.0,1.0,0.0,9.0,15.0,0.74,82.0,0.0,0.0,4.0,1.0,3.72222222222222,0.0,1.0,1.05,0.0,0.0,0.937402190923318,1.0,0.0,0.0,0.9049623421517196,0.09503765784828046,4
908,11,2.0,1.0,1.0,0.0,0.0,11.0,237.0,1.0,0.0,9.0,15.0,0.74,82.0,4.0,0.0,29.0,1.0,3.72222222222222,0.0,1.0,1.05,0.0,21.0,1.0,1.0,0.0,3.0,0.5311256550750856,0.4688743449249144,1
908,12,2.0,1.0,1.0,0.0,0.0,11.0,15.0,1.0,0.0,9.0,15.0,0.74,82.0,4.0,0.0,29.0,1.0,3.72222222222222,0.0,1.0,1.05,0.0,21.0,1.0,1.0,0.0,3.0,0.7659979356728156,0.23400206432718437,2
908,13,2.0,1.0,1.0,0.0,0.0,11.0,37.0,1.0,0.0,9.0,15.0,0.74,82.0,4.0,0.0,29.0,1.0,3.72222222222222,0.0,1.0,1.05,0.0,21.0,0.937402190923318,1.0,0.0,0.0,0.5117498090618602,0.4882501909381398,2
908,14,2.0,1.0,1.0,0.0,0.0,11.0,25.0,1.0,0.0,9.0,15.0,0.74,82.0,4.0,0.0,29.0,1.0,3.72222222222222,0.0,1.0,1.05,0.0,2.0,0.937402190923318,1.0,0.0,3.0,0.5015379755255152,0.4984620244744848,2
908,15,2.0,1.0,1.0,0.0,0.0,11.0,15.0,2.0,0.0,9.0,15.0,0.74,82.0,4.0,0.0,29.0,1.0,3.72222222222222,0.0,1.0,1.05,0.0,0.0,1.0,1.0,0.0,0.0,0.9476996258520558,0.05230037414794419,5
908,16,2.0,1.0,1.0,0.0,0.0,11.0,237.0,1.0,0.0,9.0,15.0,0.74,82.0,0.0,0.0,29.0,1.0,3.72222222222222,0.0,1.0,1.05,0.0,2.0,1.0,1.0,0.0,3.0,0.8873719290012165,0.11262807099878347,3
908,17,2.0,1.0,1.0,0.0,0.0,11.0,237.0,1.0,0.0,9.0,15.0,0.74,82.0,0.0,0.0,29.0,1.0,3.72222222222222,0.0,1.0,1.05,0.0,2.0,1.0,1.0,0.0,0.0,0.9220791095612622,0.07792089043873779,4
908,18,2.0,1.0,1.0,0.0,0.0,11.0,237.0,1.0,0.0,9.0,15.0,0.74,82.0,0.0,0.0,29.0,1.0,3.72222222222222,0.0,1.0,1.05,0.0,0.0,1.0,1.0,0.0,0.0,0.9383617679340532,0.06163823206594673,4
908,19,2.0,1.0,1.0,0.0,0.0,11.0,237.0,1.0,0.0,9.0,15.0,0.74,66.0,0.0,0.0,29.0,1.0,3.72222222222222,0.0,1.0,1.05,0.0,0.0,1.0,1.0,0.0,0.0,0.9397192621359503,0.0602807378640498,5
910,0,1.0,0.0,1.0,0.0,0.0,11.0,194.0,1.0,0.0,18.0,12.0,0.73,71.0,1.0,0.0,22.0,1.0,6.53846153846154,1.0,1.0,1.33333333333333,0.0,24.0,1.0,1.0,0.0,2.0,0.5321973953482024,0.4678026046517975,2
910,1,1.0,0.0,1.0,0.0,0.0,11.0,15.0,1.0,0.0,18.0,12.0,0.73,71.0,1.0,0.0,22.0,1.0,6.53846153846154,1.0,1.0,1.33333333333333,0.0,24.0,0.653631284916201,1.0,0.0,2.0,0.5061055237556429,0.4938944762443571,2
910,2,1.0,0.0,1.0,0.0,0.0,11.0,15.0,1.0,0.0,10.0,12.0,0.73,71.0,0.0,0.0,22.0,1.0,6.53846153846154,1.0,1.0,1.33333333333333,0.0,24.0,1.0,1.0,0.0,2.0,0.8206757125691821,0.17932428743081782,4
910,3,1.0,0.0,1.0,0.0,0.0,11.0,15.0,1.0,0.0,10.0,12.0,0.73,71.0,0.0,0.0,22.0,1.0,6.53846153846154,1.0,1.0,1.33333333333333,0.0,24.0,0.9,1.0,0.0,2.0,0.8327614398746136,0.16723856012538643,4
910,4,1.0,0.0,1.0,0.0,0.0,11.0,15.0,1.0,0.0,18.0,12.0,0.83,71.0,0.0,0.0,22.0,1.0,6.53846153846154,1.0,1.0,1.33333333333333,0.0,24.0,1.0,1.0,0.0,2.0,0.7972726066311624,0.20272739336883763,4
910,5,1.0,0.0,1.0,0.0,0.0,11.0,15.0,1.0,0.0,18.0,12.0,0.83,71.0,0.0,0.0,22.0,1.0,6.53846153846154,1.0,1.0,1.33333333333333,0.0,24.0,0.9,1.0,0.0,2.0,0.8174968881105865,0.1825031118894135,4
910,6,1.0,0.0,1.0,0.0,0.0,11.0,15.0,1.0,0.0,18.0,12.0,29.08,71.0,0.0,0.0,22.0,1.0,6.53846153846154,1.0,1.0,1.33333333333333,0.0,24.0,0.9,1.0,0.0,2.0,0.8389886944243666,0.16101130557563334,4
910,7,1.0,0.0,1.0,0.0,0.0,11.0,15.0,1.0,0.0,18.0,12.0,29.08,71.0,0.0,0.0,22.0,1.0,6.53846153846154,1.0,1.0,1.33333333333333,0.0,24.0,0.9,0.8,0.0,2.0,0.8418656609825905,0.15813433901740948,5
910,8,1.0,0.0,1.0,0.0,0.0,11.0,194.0,1.0,0.0,18.0,12.0,0.73,71.0,0.0,0.0,22.0,1.0,6.53846153846154,1.0,1.0,1.33333333333333,0.0,0.0,1.0,1.0,0.0,2.0,0.7287388731430062,0.27126112685699383,3
910,9,1.0,0.0,1.0,0.0,0.0,0.0,194.0,1.0,0.0,18.0,12.0,0.73,71.0,0.0,0.0,22.0,1.0,6.53846153846154,1.0,1.0,1.33333333333333,0.0,0.0,1.0,1.0,0.0,2.0,0.7565193464195212,0.24348065358047882,4
910,10,1.0,0.0,1.0,0.0,0.0,0.0,194.0,1.0,0.0,18.0,9.0,0.73,71.0,0.0,0.0,22.0,1.0,6.53846153846154,1.0,1.0,1.33333333333333,0.0,0.0,1.0,1.0,0.0,2.0,0.777250373998806,0.222749626001194,5
910,11,1.0,0.0,1.0,0.0,0.0,11.0,15.0,1.0,0.0,10.0,12.0,0.73,71.0,0.0,0.0,22.0,0.0,6.53846153846154,1.0,1.0,1.33333333333333,0.0,24.0,1.0,1.0,0.0,2.0,0.8352439777015741,0.16475602229842584,5
910,12,1.0,0.0,1.0,0.0,0.0,11.0,15.0,1.0,0.0,10.0,12.0,0.73,71.0,0.0,0.0,22.0,0.0,6.53846153846154,1.0,1.0,1.33333333333333,0.0,24.0,0.9,1.0,0.0,2.0,0.8465314702281556,0.15346852977184441,5
910,13,1.0,0.0,1.0,0.0,0.0,11.0,15.0,1.0,0.0,18.0,12.0,0.73,71.0,0.0,0.0,22.0,1.0,6.53846153846154,1.0,1.0,1.33333333333333,0.0,24.0,0.653631284916201,1.0,0.0,2.0,0.5061055237556429,0.4938944762443571,2
910,14,1.0,0.0,1.0,0.0,0.0,6.0,15.0,1.0,0.0,18.0,12.0,0.73,71.0,0.0,0.0,22.0,1.0,6.53846153846154,1.0,1.0,1.33333333333333,0.0,24.0,0.653631284916201,1.0,0.0,2.0,0.5660672661697063,0.43393273383029374,3
910,15,1.0,0.0,1.0,0.0,0.0,6.0,15.0,1.0,0.0,18.0,12.0,0.73,71.0,0.0,0.0,22.0,1.0,6.53846153846154,1.0,25.0,1.33333333333333,0.0,24.0,0.653631284916201,1.0,0.0,2.0,0.6553845667414874,0.3446154332585126,4
910,16,1.0,0.0,1.0,0.0,0.0,6.0,15.0,1.0,0.0,18.0,12.0,0.73,71.0,0.0,0.0,22.0,1.0,6.53846153846154,1.0,25.0,1.33333333333333,5.0,24.0,0.653631284916201,1.0,0.0,2.0,0.6983589476065772,0.30164105239342276,5
910,17,1.0,0.0,1.0,0.0,0.0,11.0,15.0,1.0,0.0,18.0,12.0,0.73,71.0,0.0,0.0,22.0,1.0,6.53846153846154,0.0,1.0,1.33333333333333,0.0,24.0,0.653631284916201,1.0,0.0,2.0,0.6222238635847595,0.37777613641524055,3
910,18,1.0,0.0,1.0,0.0,0.0,11.0,15.0,1.0,0.0,18.0,12.0,0.73,71.0,0.0,0.0,22.0,1.0,6.53846153846154,0.0,25.0,1.33333333333333,0.0,24.0,0.653631284916201,1.0,0.0,2.0,0.6593802366185737,0.3406197633814263,4
910,19,1.0,0.0,1.0,0.0,0.0,11.0,93.111,1.0,0.0,18.0,12.0,0.73,71.0,1.0,0.0,22.0,1.0,6.53846153846154,1.0,25.0,1.33333333333333,0.0,24.0,0.653631284916201,1.0,0.0,2.0,0.5723272828501136,0.42767271714988647,3
929,0,4.0,3.0,2.0,0.0,0.0,14.0,193.556,1.0,2.0,5.0,13.0,0.64,75.0,3.0,0.0,33.0,1.0,6.18181818181818,0.0,1.0,1.16666666666667,0.0,0.0,0.94716618635927,0.0,0.0,4.0,0.5697169163330684,0.43028308366693163,1
929,1,4.0,3.0,2.0,0.0,0.0,14.0,15.0,1.0,2.0,5.0,13.0,0.05,75.0,3.0,0.0,33.0,1.0,6.18181818181818,0.0,1.0,1.16666666666667,0.0,0.0,0.94716618635927,0.0,0.0,4.0,0.9062753238968323,0.0937246761031677,2
929,2,4.0,3.0,2.0,0.0,0.0,14.0,15.0,1.0,2.0,5.0,13.0,0.05,75.0,3.0,0.0,33.0,1.0,6.18181818181818,0.0,1.0,1.16666666666667,0.0,0.0,0.94716618635927,0.0,0.0,0.0,0.9497069197122449,0.05029308028775511,3
929,3,4.0,3.0,2.0,0.0,0.0,14.0,15.0,1.0,2.0,5.0,13.0,0.05,75.0,0.0,0.0,33.0,1.0,6.18181818181818,0.0,1.0,1.16666666666667,0.0,0.0,0.94716618635927,0.0,0.0,0.0,0.972166132640485,0.027833867359514968,4
929,4,4.0,3.0,2.0,1.0,0.0,14.0,15.0,1.0,2.0,5.0,13.0,0.05,75.0,0.0,0.0,33.0,1.0,6.18181818181818,0.0,1.0,1.16666666666667,0.0,0.0,0.94716618635927,0.0,0.0,0.0,0.9767918175912002,0.023208182408799884,5
929,5,4.0,3.0,2.0,0.0,0.0,14.0,15.0,1.0,2.0,5.0,13.0,0.05,75.0,0.0,0.0,33.0,1.0,6.18181818181818,0.0,1.0,1.16666666666667,0.0,0.0,0.94716618635927,0.0,0.0,4.0,0.9363403598535923,0.06365964014640765,3
929,6,4.0,3.0,2.0,0.0,0.0,14.0,15.0,1.0,0.0,5.0,13.0,0.05,75.0,0.0,0.0,33.0,1.0,6.18181818181818,0.0,1.0,1.16666666666667,0.0,0.0,0.94716618635927,0.0,0.0,4.0,0.9440010300610979,0.05599896993890211,4
929,7,4.0,2.0,2.0,0.0,0.0,14.0,15.0,1.0,0.0,5.0,13.0,0.05,75.0,0.0,0.0,33.0,1.0,6.18181818181818,0.0,1.0,1.16666666666667,0.0,0.0,0.94716618635927,0.0,0.0,4.0,0.9483530888728399,0.0516469111271601,5
929,8,4.0,3.0,2.0,0.0,0.0,14.0,15.0,1.0,2.0,5.0,13.0,0.64,75.0,3.0,0.0,33.0,1.0,6.18181818181818,0.0,1.0,1.16666666666667,0.0,0.0,0.94716618635927,0.0,0.0,0.0,0.8968258494995665,0.1031741505004335,2
929,9,4.0,3.0,2.0,0.0,0.0,14.0,15.0,1.0,2.0,5.0,13.0,0.64,75.0,3.0,0.0,33.0,1.0,6.18181818181818,0.0,1.0,0.0,0.0,0.0,0.94716618635927,0.0,0.0,0.0,0.9383644976425751,0.06163550235742482,3
929,10,0.0,3.0,2.0,0.0,0.0,14.0,15.0,1.0,2.0,5.0,13.0,0.64,75.0,3.0,0.0,33.0,1.0,6.18181818181818,0.0,1.0,0.0,0.0,0.0,0.94716618635927,0.0,0.0,0.0,0.9430469252552157,0.05695307474478431,4
929,11,4.0,3.0,2.0,1.0,0.0,14.0,358.0,1.0,2.0,5.0,13.0,0.64,75.0,3.0,0.0,33.0,1.0,6.18181818181818,0.0,1.0,1.16666666666667,0.0,0.0,0.94716618635927,0.0,0.0,4.0,0.5097854857061452,0.4902145142938548,1
929,12,4.0,3.0,2.0,321.0,0.0,14.0,358.0,1.0,2.0,5.0,13.0,0.64,75.0,3.0,0.0,33.0,1.0,6.18181818181818,0.0,1.0,1.16666666666667,0.0,0.0,0.94716618635927,0.0,0.0,0.0,0.7141752184151214,0.28582478158487856,2
929,13,4.0,3.0,2.0,321.0,0.0,14.0,358.0,1.0,2.0,5.0,13.0,0.05,75.0,3.0,0.0,33.0,1.0,6.18181818181818,0.0,1.0,1.16666666666667,0.0,0.0,0.94716618635927,0.0,0.0,0.0,0.7897848547680173,0.21021514523198268,3
929,14,4.0,3.0,2.0,321.0,0.0,14.0,358.0,1.0,2.0,5.0,13.0,0.05,75.0,0.0,0.0,33.0,1.0,6.18181818181818,0.0,1.0,1.16666666666667,0.0,0.0,0.94716618635927,0.0,0.0,0.0,0.8488774185786587,0.15112258142134133,4
929,15,4.0,3.0,2.0,321.0,0.0,14.0,358.0,1.0,2.0,5.0,13.0,0.05,75.0,0.0,0.0,33.0,1.0,6.18181818181818,0.0,1.0,1.16666666666667,5.0,0.0,0.94716618635927,0.0,0.0,0.0,0.8802162256572303,0.11978377434276971,5
929,16,4.0,3.0,2.0,0.0,0.0,14.0,358.0,1.0,2.0,5.0,13.0,0.64,75.0,3.0,0.0,33.0,1.0,6.18181818181818,0.0,1.0,1.16666666666667,5.0,0.0,0.94716618635927,0.0,0.0,4.0,0.5437886117126153,0.4562113882873847,1
929,17,4.0,3.0,2.0,0.0,0.0,14.0,358.0,1.0,2.0,5.0,13.0,0.05,75.0,3.0,0.0,33.0,1.0,6.18181818181818,0.0,1.0,1.16666666666667,0.0,0.0,0.94716618635927,0.0,0.0,4.0,0.5518522716570079,0.4481477283429921,1
929,18,4.0,3.0,2.0,321.0,0.0,14.0,15.0,1.0,2.0,5.0,13.0,0.64,75.0,3.0,0.0,33.0,1.0,6.18181818181818,0.0,1.0,1.16666666666667,0.0,0.0,0.94716618635927,0.0,0.0,4.0,0.8681148264595036,0.13188517354049642,2
929,19,4.0,3.0,2.0,321.0,0.0,14.0,15.0,1.0,2.0,5.0,13.0,0.64,75.0,3.0,0.0,33.0,1.0,6.18181818181818,0.0,1.0,0.0,0.0,0.0,0.94716618635927,0.0,0.0,4.0,0.9060576281559369,0.09394237184406304,3
934,0,0.0,0.0,2.0,0.0,0.0,10.0,169.0,1.0,1.0,3.0,7.0,0.8,41.0,3.0,0.0,19.0,1.0,4.375,2.0,2.0,2.1,0.0,0.0,0.807424593967517,0.0,0.0,2.0,0.6567001222215716,0.34329987777842835,1
934,1,0.0,0.0,2.0,0.0,0.0,10.0,169.0,1.0,1.0,3.0,7.0,0.8,41.0,3.0,0.0,19.0,1.0,4.375,2.0,2.0,2.1,0.0,0.0,0.9,0.0,0.0,0.0,0.8896901268568957,0.1103098731431042,2
934,2,0.0,0.0,2.0,0.0,0.0,10.0,37.0,1.0,1.0,3.0,7.0,0.8,41.0,3.0,0.0,19.0,1.0,4.375,2.0,2.0,2.1,0.0,0.0,0.807424593967517,0.0,0.0,5.0,0.540175679233672,0.459824320766328,1
934,3,0.0,0.0,2.0,0.0,0.0,10.0,15.0,1.0,1.0,3.0,7.0,0.8,41.0,3.0,0.0,19.0,1.0,4.375,2.0,2.0,0.0,0.0,0.0,0.9,0.0,0.0,0.0,0.9667657644408167,0.03323423555918328,4
934,4,0.0,0.0,2.0,0.0,0.0,6.0,15.0,1.0,1.0,3.0,7.0,0.8,41.0,3.0,0.0,19.0,1.0,4.375,2.0,2.0,0.0,0.0,0.0,0.9,0.0,0.0,0.0,0.9709205805274131,0.029079419472586826,5
934,5,0.0,0.0,2.0,0.0,0.0,10.0,15.0,1.0,1.0,3.0,7.0,0.8,41.0,3.0,0.0,19.0,1.0,4.375,2.0,2.0,2.1,0.0,0.0,0.807424593967517,0.0,0.0,0.0,0.8846197558308254,0.11538024416917457,2
934,6,0.0,0.0,2.0,0.0,0.0,10.0,15.0,1.0,1.0,3.0,7.0,0.8,41.0,3.0,0.0,4.0,1.0,4.375,2.0,2.0,2.1,0.0,0.0,0.807424593967517,0.0,0.0,0.0,0.9207703247456683,0.07922967525433164,3
934,7,0.0,0.0,2.0,0.0,0.0,6.0,15.0,1.0,1.0,3.0,7.0,0.8,41.0,3.0,0.0,4.0,1.0,4.375,2.0,2.0,2.1,0.0,0.0,0.807424593967517,0.0,0.0,0.0,0.9292038037549621,0.07079619624503788,4
934,8,0.0,0.0,2.0,0.0,0.0,6.0,15.0,1.0,1.0,3.0,7.0,0.8,41.0,3.0,0.0,4.0,1.0,4.375,2.0,25.0,2.1,0.0,0.0,0.807424593967517,0.0,0.0,0.0,0.940197381772774,0.059802618227225955,5
934,9,0.0,0.0,2.0,0.0,0.0,6.0,15.0,1.0,1.0,3.0,7.0,0.8,41.0,3.0,0.0,3.0,1.0,4.375,2.0,25.0,2.1,0.0,0.0,0.807424593967517,0.0,0.0,0.0,0.9467598054876767,0.053240194512323355,5
934,10,0.0,0.0,2.0,0.0,0.0,10.0,169.0,1.0,1.0,3.0,7.0,0.8,41.0,0.0,0.0,19.0,1.0,4.375,2.0,2.0,2.1,0.0,0.0,0.9,0.0,0.0,0.0,0.946570438628706,0.05342956137129399,3
934,11,0.0,0.0,2.0,0.0,0.0,2.0,169.0,1.0,1.0,3.0,7.0,0.8,41.0,0.0,0.0,19.0,1.0,4.375,2.0,2.0,2.1,0.0,0.0,0.9,0.0,0.0,0.0,0.9668738226512947,0.033126177348705294,4
934,12,0.0,0.0,2.0,0.0,0.0,10.0,15.0,1.0,1.0,3.0,7.0,0.8,41.0,3.0,0.0,19.0,1.0,4.375,2.0,2.0,0.0,0.0,0.0,0.807424593967517,0.0,0.0,0.0,0.9207629038666725,0.07923709613332756,3
934,13,0.0,0.0,2.0,0.0,0.0,6.0,15.0,1.0,1.0,3.0,7.0,0.8,41.0,3.0,0.0,19.0,1.0,4.375,2.0,2.0,0.0,0.0,0.0,0.807424593967517,0.0,0.0,0.0,0.9322878902098296,0.06771210979017044,4
934,14,0.0,0.0,2.0,0.0,0.0,6.0,15.0,1.0,1.0,1.0,7.0,0.8,41.0,3.0,0.0,19.0,1.0,4.375,2.0,2.0,0.0,0.0,0.0,0.807424593967517,0.0,0.0,0.0,0.9379020451326796,0.062097954867320386,5
934,15,0.0,0.0,2.0,0.0,0.0,10.0,15.0,1.0,1.0,3.0,7.0,0.8,41.0,3.0,0.0,19.0,1.0,4.375,2.0,2.0,2.1,0.0,0.0,0.807424593967517,0.0,0.0,5.0,0.6484554885352072,0.3515445114647928,1
934,16,0.0,0.0,2.0,0.0,0.0,10.0,15.0,1.0,1.0,3.0,7.0,0.05,41.0,3.0,0.0,19.0,1.0,4.375,2.0,2.0,2.1,0.0,0.0,0.807424593967517,0.0,0.0,5.0,0.8297867266384071,0.1702132733615928,2
934,17,0.0,4.0,2.0,0.0,0.0,10.0,15.0,1.0,1.0,3.0,7.0,0.05,41.0,3.0,0.0,19.0,1.0,4.375,2.0,2.0,2.1,0.0,0.0,0.807424593967517,0.0,0.0,5.0,0.8981770747677761,0.10182292523222394,3
934,18,0.0,4.0,2.0,0.0,0.0,10.0,15.0,1.0,1.0,3.0,7.0,0.05,41.0,2.0,0.0,19.0,1.0,4.375,2.0,2.0,2.1,0.0,0.0,0.807424593967517,0.0,0.0,5.0,0.9098625747716886,0.09013742522831136,4
934,19,0.0,4.0,2.0,0.0,0.0,10.0,15.0,1.0,1.0,3.0,7.0,0.05,41.0,2.0,0.0,19.0,1.0,4.375,2.0,2.0,2.1,0.0,0.0,0.9,0.0,0.0,5.0,0.9420807511810301,0.057919248818969975,5
938,0,1.0,15.0,1.0,0.0,0.0,7.0,15.0,2.0,6.0,18.0,34.0,0.87,86.0,3.0,0.0,28.0,1.0,5.26785714285714,0.0,1.0,0.542372881355932,0.0,0.0,0.770144189991518,0.0,0.0,3.0,0.5203782607749601,0.47962173922503987,1
938,1,1.0,15.0,1.0,0.0,0.0,7.0,15.0,2.0,6.0,18.0,34.0,0.87,86.0,3.0,0.0,28.0,1.0,5.26785714285714,0.0,1.0,0.542372881355932,0.0,0.0,1.0,0.0,0.0,3.0,0.834562628104424,0.16543737189557592,2
938,2,1.0,15.0,1.0,0.0,0.0,7.0,15.0,2.0,6.0,5.0,34.0,0.87,86.0,3.0,0.0,28.0,1.0,5.26785714285714,0.0,1.0,0.542372881355932,0.0,0.0,1.0,0.0,0.0,3.0,0.9135982986598411,0.08640170134015894,3
938,3,1.0,15.0,1.0,0.0,0.0,7.0,15.0,2.0,6.0,5.0,34.0,0.87,86.0,3.0,0.0,28.0,1.0,5.26785714285714,0.0,1.0,1.8,0.0,0.0,1.0,0.0,0.0,3.0,0.9428870290420923,0.057112970957907676,4
938,4,1.0,15.0,1.0,0.0,0.0,7.0,15.0,2.0,6.0,5.0,205.0,0.87,86.0,3.0,0.0,28.0,1.0,5.26785714285714,0.0,1.0,1.8,0.0,0.0,1.0,0.0,0.0,3.0,0.9456028137411364,0.05439718625886355,5
938,5,1.0,15.0,1.0,0.0,0.0,7.0,15.0,2.0,6.0,18.0,34.0,0.87,86.0,3.0,0.0,28.0,1.0,5.26785714285714,0.0,1.0,0.542372881355932,0.0,0.0,1.0,0.0,0.0,0.0,0.9357127354358794,0.06428726456412062,3
938,6,1.0,15.0,1.0,0.0,0.0,7.0,15.0,2.0,6.0,5.0,34.0,0.87,86.0,3.0,0.0,28.0,1.0,5.26785714285714,0.0,1.0,0.542372881355932,0.0,0.0,1.0,0.0,0.0,0.0,0.9622532951014487,0.03774670489855129,4
938,7,1.0,15.0,1.0,0.0,0.0,7.0,15.0,1.0,6.0,5.0,34.0,0.87,86.0,3.0,0.0,28.0,1.0,5.26785714285714,0.0,1.0,0.542372881355932,0.0,0.0,1.0,0.0,0.0,0.0,0.9643155166780772,0.0356844833219228,5
938,8,1.0,15.0,1.0,0.0,0.0,7.0,15.0,1.0,6.0,10.0,34.0,0.87,86.0,3.0,0.0,28.0,1.0,5.26785714285714,0.0,1.0,0.542372881355932,0.0,0.0,1.0,0.0,0.0,0.0,0.9655867845091111,0.03441321549088888,5
938,9,1.0,15.0,1.0,0.0,0.0,7.0,15.0,2.0,6.0,5.0,34.0,0.87,86.0,0.0,0.0,28.0,1.0,5.26785714285714,0.0,1.0,0.542372881355932,0.0,0.0,1.0,0.0,0.0,0.0,0.974233132368523,0.0257668676314769,5
938,10,1.0,15.0,1.0,0.0,0.0,7.0,15.0,2.0,6.0,1.0,34.0,0.87,86.0,0.0,0.0,28.0,1.0,5.26785714285714,0.0,1.0,0.542372881355932,0.0,0.0,1.0,0.0,0.0,0.0,0.9754034009626393,0.02459659903736072,5
938,11,1.0,15.0,1.0,0.0,0.0,7.0,15.0,2.0,6.0,5.0,34.0,0.87,86.0,3.0,0.0,28.0,1.0,5.26785714285714,0.0,1.0,0.0,0.0,0.0,1.0,0.0,0.0,0.0,0.9754894286204142,0.024510571379585757,5
938,12,1.0,15.0,1.0,0.0,0.0,7.0,15.0,2.0,6.0,18.0,34.0,0.05,86.0,3.0,0.0,28.0,1.0,5.26785714285714,0.0,1.0,0.542372881355932,0.0,0.0,1.0,0.0,0.0,0.0,0.9565705558669305,0.043429444133069435,4
938,13,1.0,15.0,1.0,0.0,0.0,7.0,15.0,2.0,6.0,18.0,34.0,0.05,86.0,3.0,0.0,28.0,1.0,5.26785714285714,2.0,1.0,0.542372881355932,0.0,0.0,1.0,0.0,0.0,0.0,0.9592076418925479,0.04079235810745202,5
938,14,1.0,15.0,1.0,0.0,0.0,7.0,15.0,2.0,6.0,5.0,34.0,0.87,86.0,3.0,0.0,28.0,1.0,5.26785714285714,0.0,1.0,0.542372881355932,0.0,0.0,0.770144189991518,0.0,0.0,3.0,0.7118760184565989,0.2881239815434012,2
938,15,1.0,15.0,1.0,0.0,0.0,7.0,15.0,2.0,6.0,5.0,34.0,29.08,86.0,3.0,0.0,28.0,1.0,5.26785714285714,0.0,1.0,0.542372881355932,0.0,0.0,0.770144189991518,0.0,0.0,3.0,0.8098473038801074,0.1901526961198926,3
938,16,0.0,15.0,1.0,0.0,0.0,7.0,15.0,2.0,6.0,5.0,34.0,29.08,86.0,3.0,0.0,28.0,1.0,5.26785714285714,0.0,1.0,0.542372881355932,0.0,0.0,0.770144189991518,0.0,0.0,3.0,0.8336355707539502,0.16636442924604977,4
938,17,0.0,15.0,1.0,0.0,0.0,6.0,15.0,2.0,6.0,5.0,34.0,29.08,86.0,3.0,0.0,28.0,1.0,5.26785714285714,0.0,1.0,0.542372881355932,0.0,0.0,0.770144189991518,0.0,0.0,3.0,0.8404865286729709,0.1595134713270291,5
938,18,1.0,15.0,1.0,0.0,0.0,7.0,15.0,2.0,6.0,5.0,34.0,0.87,86.0,3.0,0.0,28.0,1.0,5.26785714285714,0.0,1.0,0.542372881355932,0.0,0.0,0.770144189991518,0.0,0.0,1.0,0.8154795251915985,0.18452047480840156,3
938,19,1.0,15.0,1.0,0.0,0.0,7.0,15.0,2.0,6.0,5.0,34.0,0.87,86.0,3.0,0.0,28.0,1.0,5.26785714285714,0.0,1.0,0.0,0.0,0.0,0.770144189991518,0.0,0.0,1.0,0.8930916253326084,0.10690837466739152,4
939,0,4.0,0.0,1.0,0.0,0.0,3.0,193.556,1.0,0.0,36.0,57.0,0.52,95.0,2.0,0.0,38.0,2.0,2.14754098360656,0.0,1.0,0.53968253968254,0.0,34.0,1.0,1.0,0.0,2.0,0.5633883158940713,0.43661168410592865,2
939,1,4.0,0.0,1.0,0.0,0.0,3.0,93.111,1.0,0.0,36.0,9.0,0.52,95.0,2.0,0.0,38.0,2.0,2.14754098360656,0.0,1.0,0.53968253968254,0.0,34.0,1.0,1.0,0.0,2.0,0.8398716319440365,0.1601283680559636,3
939,2,4.0,0.0,1.0,0.0,0.0,3.0,93.111,1.0,0.0,36.0,13.0,0.52,95.0,1.0,0.0,38.0,2.0,2.14754098360656,0.0,1.0,0.53968253968254,0.0,34.0,0.696008188331627,1.0,0.0,2.0,0.5204940868550633,0.47950591314493674,3
939,3,4.0,0.0,1.0,0.0,0.0,3.0,127.0,1.0,93.0,36.0,13.0,0.52,95.0,2.0,0.0,38.0,2.0,2.14754098360656,0.0,1.0,0.53968253968254,0.0,34.0,0.696008188331627,1.0,0.0,2.0,0.5392302952268611,0.46076970477313894,3
939,4,4.0,0.0,1.0,0.0,0.0,3.0,93.111,1.0,93.0,36.0,13.0,0.52,95.0,0.0,0.0,38.0,2.0,2.14754098360656,0.0,1.0,0.53968253968254,0.0,34.0,1.0,1.0,0.0,2.0,0.9439662062811784,0.05603379371882154,5
939,5,4.0,0.0,2.0,0.0,0.0,3.0,93.111,1.0,0.0,36.0,9.0,0.52,95.0,2.0,0.0,38.0,2.0,2.14754098360656,0.0,1.0,0.53968253968254,0.0,34.0,1.0,1.0,0.0,2.0,0.8511563236018307,0.14884367639816926,4
939,6,4.0,0.0,2.0,0.0,0.0,3.0,93.111,1.0,0.0,36.0,7.0,0.52,95.0,2.0,0.0,38.0,2.0,2.14754098360656,0.0,1.0,0.53968253968254,0.0,34.0,1.0,1.0,0.0,2.0,0.8585898020618574,0.14141019793814258,4
939,7,4.0,0.0,2.0,0.0,0.0,3.0,93.111,1.0,0.0,36.0,7.0,0.52,95.0,2.0,0.0,38.0,2.0,2.14754098360656,0.0,1.0,0.53968253968254,0.0,34.0,1.0,1.0,0.0,1.0,0.8631699394558415,0.13683006054415847,5
939,8,4.0,0.0,1.0,0.0,0.0,3.0,93.111,1.0,0.0,36.0,9.0,0.52,66.0,2.0,0.0,38.0,2.0,2.14754098360656,0.0,1.0,0.53968253968254,0.0,34.0,1.0,1.0,0.0,2.0,0.8694332386934185,0.13056676130658149,4
939,9,4.0,0.0,1.0,0.0,0.0,3.0,93.111,1.0,0.0,36.0,13.0,0.52,66.0,2.0,0.0,38.0,2.0,2.14754098360656,0.0,1.0,5.2,0.0,34.0,0.696008188331627,1.0,0.0,2.0,0.5192133895578717,0.48078661044212834,4
939,10,4.0,0.0,1.0,0.0,0.0,3.0,127.0,1.0,0.0,36.0,9.0,0.52,0.0,2.0,0.0,38.0,2.0,2.14754098360656,0.0,1.0,0.53968253968254,0.0,34.0,0.696008188331627,1.0,0.0,2.0,0.5300162927630472,0.4699837072369528,3
939,11,4.0,0.0,1.0,0.0,0.0,3.0,290.0,1.0,0.0,36.0,9.0,0.52,0.0,2.0,0.0,38.0,2.0,2.14754098360656,0.0,1.0,5.2,0.0,34.0,0.696008188331627,1.0,0.0,2.0,0.5094606176504806,0.4905393823495194,3
939,12,4.0,0.0,1.0,0.0,0.0,3.0,93.111,1.0,0.0,36.0,9.0,0.52,95.0,0.0,0.0,38.0,2.0,4.8,0.0,1.0,0.53968253968254,0.0,34.0,1.0,1.0,0.0,2.0,0.9228187189545578,0.07718128104544215,5
939,13,4.0,0.0,1.0,0.0,0.0,3.0,93.111,1.0,0.0,36.0,57.0,0.52,95.0,2.0,0.0,38.0,2.0,2.14754098360656,0.0,1.0,5.2,0.0,34.0,1.0,1.0,0.0,2.0,0.7669283649008055,0.23307163509919449,3
939,14,5.0,0.0,1.0,0.0,0.0,3.0,93.111,1.0,0.0,36.0,57.0,0.52,95.0,2.0,0.0,38.0,2.0,2.14754098360656,0.0,1.0,5.2,0.0,34.0,1.0,1.0,0.0,2.0,0.8178953692959465,0.18210463070405353,4
939,15,5.0,0.0,1.0,0.0,0.0,3.0,93.111,2.0,0.0,36.0,57.0,0.52,95.0,2.0,0.0,38.0,2.0,2.14754098360656,0.0,1.0,5.2,0.0,34.0,1.0,1.0,0.0,2.0,0.8383209911232068,0.16167900887679323,5
939,16,4.0,0.0,1.0,0.0,0.0,3.0,93.111,1.0,0.0,1.0,57.0,0.52,95.0,2.0,0.0,38.0,2.0,2.14754098360656,0.0,1.0,0.53968253968254,0.0,34.0,1.0,1.0,0.0,2.0,0.7554104293208316,0.2445895706791684,3
939,17,4.0,0.0,1.0,0.0,0.0,3.0,93.111,1.0,0.0,1.0,57.0,0.52,95.0,2.0,0.0,38.0,2.0,2.14754098360656,0.0,1.0,0.53968253968254,0.0,34.0,1.0,1.0,0.0,1.0,0.7801133093907462,0.2198866906092538,4
939,18,0.0,0.0,1.0,0.0,0.0,3.0,93.111,1.0,0.0,1.0,57.0,0.52,95.0,2.0,0.0,38.0,2.0,2.14754098360656,0.0,1.0,0.53968253968254,0.0,34.0,1.0,1.0,0.0,1.0,0.7891517319790657,0.21084826802093432,5
939,19,0.0,0.0,1.0,0.0,0.0,3.0,71.0,1.0,0.0,1.0,57.0,0.52,95.0,2.0,0.0,38.0,2.0,2.14754098360656,0.0,1.0,0.53968253968254,0.0,34.0,1.0,1.0,0.0,1.0,0.7979292534590428,0.2020707465409573,5
949,0,1.0,0.0,2.0,0.0,0.0,14.0,154.0,1.0,0.0,8.0,8.0,0.48,56.0,1.0,0.0,34.0,1.0,8.22222222222222,2.0,1.0,1.90909090909091,0.0,12.0,0.635701275045537,1.0,0.0,4.0,0.690122470898479,0.309877529101521,1
949,1,1.0,0.0,2.0,0.0,0.0,14.0,154.0,1.0,0.0,8.0,8.0,0.48,56.0,0.0,0.0,34.0,1.0,8.22222222222222,2.0,25.0,1.90909090909091,0.0,12.0,0.635701275045537,1.0,0.0,4.0,0.8515921434074453,0.1484078565925547,2
949,2,1.0,0.0,2.0,0.0,0.0,14.0,154.0,1.0,0.0,8.0,8.0,0.48,56.0,0.0,0.0,34.0,1.0,8.22222222222222,2.0,25.0,1.90909090909091,0.0,12.0,0.3,1.0,0.0,4.0,0.8884440197311945,0.11155598026880556,3
949,3,0.0,0.0,2.0,0.0,0.0,14.0,154.0,1.0,0.0,8.0,8.0,0.48,56.0,0.0,0.0,34.0,1.0,8.22222222222222,2.0,25.0,1.90909090909091,0.0,12.0,0.3,1.0,0.0,4.0,0.8919968078078364,0.10800319219216355,4
949,4,0.0,0.0,2.0,0.0,0.0,14.0,154.0,1.0,0.0,8.0,8.0,0.48,56.0,0.0,0.0,34.0,1.0,8.22222222222222,2.0,25.0,1.90909090909091,0.0,12.0,0.635701275045537,1.0,0.0,4.0,0.8561285189753514,0.1438714810246486,3
949,5,1.0,0.0,2.0,0.0,0.0,14.0,154.0,1.0,0.0,8.0,8.0,0.48,56.0,0.0,0.0,34.0,1.0,8.22222222222222,2.0,1.0,1.90909090909091,0.0,12.0,1.0,1.0,0.0,4.0,0.7839729856718363,0.21602701432816376,2
949,6,1.0,0.0,2.0,0.0,0.0,14.0,154.0,1.0,0.0,8.0,8.0,0.48,56.0,0.0,0.0,3.0,1.0,8.22222222222222,2.0,1.0,1.90909090909091,0.0,12.0,1.0,1.0,0.0,4.0,0.852993515151487,0.147006484848513,3
949,7,1.0,0.0,2.0,0.0,0.0,0.0,154.0,1.0,0.0,8.0,8.0,0.48,56.0,0.0,0.0,34.0,1.0,8.22222222222222,2.0,25.0,1.90909090909091,0.0,12.0,0.635701275045537,1.0,0.0,4.0,0.9035720771693352,0.0964279228306648,3
949,8,1.0,0.0,2.0,0.0,0.0,0.0,154.0,1.0,0.0,8.0,8.0,0.48,56.0,0.0,0.0,34.0,1.0,8.22222222222222,2.0,25.0,1.90909090909091,5.0,12.0,0.635701275045537,1.0,0.0,4.0,0.9194029517797175,0.08059704822028252,4
949,9,1.0,0.0,2.0,0.0,0.0,0.0,154.0,1.0,0.0,10.0,8.0,0.48,56.0,0.0,0.0,34.0,1.0,8.22222222222222,2.0,25.0,1.90909090909091,5.0,12.0,0.635701275045537,1.0,0.0,4.0,0.924094130951207,0.07590586904879298,5
949,10,1.0,0.0,2.0,0.0,0.0,14.0,154.0,1.0,0.0,8.0,8.0,0.48,56.0,0.0,0.0,3.0,1.0,8.22222222222222,2.0,25.0,1.90909090909091,0.0,12.0,0.635701275045537,1.0,0.0,4.0,0.9134780749901792,0.08652192500982081,3
949,11,1.0,0.0,2.0,0.0,0.0,14.0,154.0,1.0,0.0,8.0,8.0,0.48,56.0,0.0,0.0,3.0,1.0,8.22222222222222,2.0,25.0,1.90909090909091,0.0,12.0,0.3,1.0,0.0,4.0,0.9361155656408058,0.06388443435919419,4
949,12,5.0,0.0,2.0,0.0,0.0,14.0,154.0,1.0,0.0,8.0,8.0,0.48,56.0,0.0,0.0,34.0,1.0,8.22222222222222,2.0,1.0,1.90909090909091,0.0,12.0,1.0,1.0,0.0,4.0,0.8315622361820616,0.16843776381793835,3
949,13,5.0,0.0,2.0,0.0,0.0,14.0,154.0,1.0,0.0,8.0,8.0,0.48,56.0,0.0,0.0,34.0,1.0,8.22222222222222,0.0,1.0,1.90909090909091,0.0,12.0,1.0,1.0,0.0,4.0,0.8613822316791996,0.13861776832080044,4
949,14,1.0,0.0,2.0,0.0,0.0,14.0,154.0,1.0,0.0,8.0,8.0,0.48,56.0,0.0,0.0,34.0,1.0,8.22222222222222,0.0,25.0,1.90909090909091,0.0,12.0,0.3,1.0,0.0,4.0,0.8990313408136584,0.1009686591863416,4
949,15,1.0,0.0,2.0,0.0,0.0,14.0,154.0,1.0,0.0,8.0,8.0,0.48,56.0,0.0,0.0,34.0,1.0,8.22222222222222,0.0,25.0,1.90909090909091,0.0,12.0,1.0,1.0,0.0,4.0,0.9056959245789795,0.09430407542102044,4
949,16,1.0,0.0,2.0,0.0,0.0,14.0,154.0,1.0,0.0,8.0,8.0,0.48,56.0,0.0,0.0,34.0,1.0,0.0,0.0,25.0,1.90909090909091,0.0,12.0,1.0,1.0,0.0,4.0,0.9394321566818425,0.06056784331815746,5
949,17,1.0,0.0,2.0,0.0,0.0,14.0,154.0,1.0,0.0,8.0,8.0,0.48,56.0,0.0,0.0,34.0,1.0,0.0,2.0,25.0,1.90909090909091,0.0,12.0,1.0,1.0,0.0,4.0,0.9402519153191492,0.05974808468085085,4
949,18,0.0,0.0,2.0,0.0,0.0,14.0,154.0,1.0,0.0,8.0,8.0,0.48,56.0,0.0,0.0,3.0,1.0,8.22222222222222,2.0,25.0,1.90909090909091,0.0,12.0,0.3,1.0,0.0,4.0,0.9382556425662208,0.061744357433779186,5
949,19,1.0,0.0,2.0,0.0,0.0,14.0,154.0,1.0,0.0,8.0,8.0,0.48,56.0,0.0,0.0,34.0,6.0,8.22222222222222,0.0,25.0,1.90909090909091,0.0,12.0,0.3,1.0,0.0,4.0,0.9088152368228909,0.09118476317710912,5
950,0,7.0,0.0,2.0,0.0,0.0,15.0,315.0,1.0,0.0,24.0,7.0,0.62,77.0,2.0,0.0,29.0,1.0,7.92857142857143,0.0,1.0,1.8125,0.0,62.0,1.0,1.0,0.0,4.0,0.5248883726420106,0.47511162735798934,2
950,1,7.0,0.0,2.0,0.0,0.0,15.0,127.0,1.0,0.0,24.0,7.0,0.62,77.0,1.0,0.0,29.0,1.0,7.92857142857143,0.0,1.0,1.8125,0.0,62.0,0.81587651598677,1.0,0.0,4.0,0.5085511445447498,0.4914488554552502,2
950,2,7.0,0.0,2.0,0.0,0.0,15.0,93.111,1.0,0.0,24.0,7.0,0.62,77.0,0.0,0.0,29.0,1.0,7.92857142857143,0.0,1.0,1.8125,0.0,10080.0,1.0,1.0,0.0,4.0,0.8706310357879032,0.12936896421209682,4
950,3,7.0,0.0,2.0,0.0,0.0,15.0,93.111,1.0,0.0,24.0,7.0,0.05,77.0,0.0,0.0,29.0,1.0,7.92857142857143,0.0,1.0,1.8125,0.0,62.0,1.0,1.0,0.0,4.0,0.8705015876738098,0.12949841232619014,4
950,4,7.0,0.0,2.0,0.0,0.0,15.0,93.111,1.0,0.0,24.0,3.0,0.05,77.0,0.0,0.0,29.0,1.0,7.92857142857143,0.0,1.0,1.8125,0.0,62.0,1.0,1.0,0.0,4.0,0.8862882394026563,0.11371176059734361,5
950,5,7.0,0.0,2.0,0.0,0.0,15.0,15.0,1.0,0.0,24.0,3.0,0.05,77.0,0.0,0.0,29.0,1.0,7.92857142857143,0.0,1.0,1.8125,0.0,62.0,1.0,1.0,0.0,4.0,0.8931818720329888,0.1068181279670112,5
950,6,7.0,0.0,2.0,0.0,0.0,15.0,93.111,1.0,0.0,24.0,7.0,0.62,77.0,0.0,0.0,29.0,1.0,7.92857142857143,0.0,1.0,1.8125,0.0,62.0,0.81587651598677,1.0,0.0,4.0,0.586406385083791,0.41359361491620905,2
950,7,7.0,0.0,2.0,0.0,0.0,15.0,93.111,1.0,0.0,24.0,7.0,0.62,77.0,0.0,0.0,29.0,1.0,7.92857142857143,0.0,1.0,1.8125,0.0,62.0,0.81587651598677,1.0,0.0,2.0,0.6230853599061683,0.3769146400938317,3
950,8,7.0,0.0,2.0,0.0,0.0,9.0,93.111,1.0,0.0,24.0,7.0,0.62,77.0,0.0,0.0,29.0,1.0,7.92857142857143,0.0,1.0,1.8125,0.0,62.0,0.81587651598677,1.0,0.0,2.0,0.6236469411626562,0.37635305883734377,4
950,9,7.0,0.0,2.0,0.0,0.0,15.0,93.111,1.0,0.0,5.0,7.0,0.62,77.0,0.0,0.0,29.0,1.0,7.92857142857143,0.0,1.0,1.8125,0.0,62.0,1.0,1.0,0.0,4.0,0.8516619038745645,0.14833809612543544,4
950,10,7.0,0.0,2.0,0.0,0.0,15.0,93.111,1.0,2.0,24.0,7.0,0.62,77.0,0.0,0.0,29.0,1.0,7.92857142857143,0.0,1.0,1.8125,0.0,62.0,0.81587651598677,1.0,0.0,4.0,0.6361683179324693,0.36383168206753075,3
950,11,7.0,0.0,2.0,0.0,0.0,15.0,93.111,1.0,2.0,24.0,7.0,0.62,77.0,0.0,0.0,29.0,1.0,7.92857142857143,0.0,1.0,1.8125,0.0,62.0,0.81587651598677,1.0,0.0,2.0,0.65468966870292,0.34531033129708,4
950,12,7.0,0.0,2.0,0.0,0.0,15.0,93.111,1.0,2.0,24.0,7.0,0.62,77.0,0.0,0.0,9.0,1.0,7.92857142857143,0.0,1.0,1.8125,0.0,62.0,0.81587651598677,1.0,0.0,2.0,0.661811189748393,0.33818881025160696,5
950,13,7.0,0.0,2.0,0.0,0.0,15.0,315.0,1.0,0.0,24.0,7.0,0.05,77.0,1.0,0.0,29.0,1.0,7.92857142857143,0.0,25.0,1.8125,0.0,62.0,0.81587651598677,1.0,0.0,4.0,0.5046171648387849,0.49538283516121506,3
950,14,7.0,0.0,2.0,0.0,0.0,15.0,315.0,1.0,0.0,24.0,7.0,0.05,77.0,0.0,0.0,29.0,1.0,7.92857142857143,0.0,25.0,1.8125,5.0,62.0,0.81587651598677,1.0,0.0,4.0,0.5561496068363382,0.4438503931636618,4
950,15,7.0,0.0,2.0,0.0,0.0,15.0,315.0,1.0,0.0,5.0,7.0,0.62,77.0,0.0,0.0,29.0,1.0,7.92857142857143,0.0,1.0,1.8125,0.0,62.0,1.0,1.0,0.0,4.0,0.7851503998565075,0.2148496001434925,3
950,16,7.0,0.0,2.0,0.0,0.0,15.0,315.0,1.0,0.0,5.0,7.0,0.62,77.0,1.0,0.0,29.0,1.0,7.92857142857143,0.0,1.0,1.8125,0.0,89.0,0.81587651598677,1.0,0.0,4.0,0.503338195616544,0.496661804383456,3
950,17,7.0,0.0,2.0,0.0,0.0,15.0,315.0,1.0,0.0,5.0,2.0,0.62,77.0,0.0,0.0,29.0,1.0,7.92857142857143,0.0,1.0,1.8125,0.0,2.0,1.0,1.0,0.0,4.0,0.8672698980967263,0.13273010190327372,5
950,18,7.0,0.0,2.0,0.0,0.0,15.0,315.0,1.0,0.0,5.0,7.0,0.62,77.0,0.0,0.0,29.0,6.0,7.92857142857143,0.0,1.0,1.8125,0.0,2.0,1.0,1.0,0.0,4.0,0.8938514451410488,0.10614855485895125,5
950,19,7.0,0.0,2.0,0.0,0.0,15.0,93.111,2.0,0.0,24.0,7.0,0.62,77.0,0.0,0.0,29.0,1.0,7.92857142857143,0.0,1.0,1.8125,0.0,62.0,1.0,1.0,0.0,4.0,0.8615810405002542,0.13841895949974586,4
955,0,7.0,1.0,2.0,3.0,1.0,11.0,311.0,1.0,1.0,11.0,15.0,0.78,86.0,1.0,0.0,34.0,1.0,3.83333333333333,0.0,1.0,1.15384615384615,0.0,43.0,0.858866103739445,1.0,0.0,2.0,0.6071075303601093,0.39289246963989066,1
955,1,7.0,1.0,2.0,3.0,1.0,11.0,15.0,1.0,1.0,11.0,15.0,0.78,86.0,0.0,0.0,34.0,1.0,3.83333333333333,0.0,1.0,1.15384615384615,0.0,43.0,0.858866103739445,1.0,0.0,2.0,0.8710336402296407,0.12896635977035933,2
955,2,7.0,1.0,2.0,3.0,1.0,11.0,15.0,1.0,1.0,11.0,15.0,0.78,86.0,4.0,0.0,34.0,1.0,3.83333333333333,0.0,1.0,1.15384615384615,0.0,16.0,0.858866103739445,1.0,0.0,2.0,0.5039187334084116,0.4960812665915884,2
955,3,7.0,1.0,2.0,3.0,1.0,11.0,15.0,1.0,1.0,11.0,15.0,0.78,86.0,0.0,0.0,34.0,1.0,3.83333333333333,0.0,1.0,1.15384615384615,0.0,0.0,1.0,1.0,0.0,2.0,0.9626550566238368,0.03734494337616321,4
955,4,7.0,1.0,2.0,3.0,1.0,11.0,15.0,1.0,1.0,11.0,15.0,0.78,86.0,0.0,0.0,34.0,1.0,3.83333333333333,0.0,1.0,1.15384615384615,5.0,0.0,1.0,1.0,0.0,2.0,0.9762951131832066,0.0237048868167934,5
955,5,7.0,1.0,2.0,3.0,1.0,11.0,15.0,1.0,1.0,11.0,15.0,0.78,86.0,0.0,0.0,34.0,1.0,3.83333333333333,0.0,1.0,1.8,0.0,0.0,0.858866103739445,1.0,0.0,2.0,0.9444223735314763,0.05557762646852373,4
955,6,7.0,1.0,2.0,3.0,1.0,11.0,15.0,1.0,1.0,11.0,15.0,0.78,86.0,0.0,0.0,34.0,1.0,3.83333333333333,0.0,1.0,1.15384615384615,0.0,43.0,1.0,1.0,0.0,2.0,0.8911410876189259,0.1088589123810742,3
955,7,7.0,1.0,2.0,3.0,1.0,11.0,15.0,1.0,1.0,11.0,15.0,0.78,86.0,0.0,0.0,34.0,1.0,3.83333333333333,0.0,1.0,1.15384615384615,0.0,43.0,1.0,1.0,0.0,1.0,0.9118189381594918,0.08818106184050827,4
955,8,7.0,1.0,2.0,3.0,1.0,11.0,15.0,1.0,2.0,11.0,15.0,0.78,86.0,0.0,0.0,34.0,1.0,3.83333333333333,0.0,1.0,1.15384615384615,0.0,43.0,1.0,1.0,0.0,1.0,0.9128192834421844,0.08718071655781559,5
955,9,7.0,1.0,2.0,1.0,1.0,11.0,15.0,1.0,1.0,11.0,15.0,0.78,86.0,0.0,0.0,34.0,1.0,3.83333333333333,0.0,1.0,1.15384615384615,0.0,0.0,1.0,1.0,0.0,2.0,0.9678803144500627,0.032119685549937306,5
955,10,7.0,1.0,2.0,3.0,1.0,11.0,15.0,1.0,1.0,11.0,15.0,0.78,86.0,0.0,0.0,34.0,1.0,3.83333333333333,0.0,1.0,1.15384615384615,0.0,0.0,0.858866103739445,1.0,0.0,0.0,0.9520024021500971,0.04799759784990289,4
955,11,7.0,1.0,2.0,3.0,1.0,11.0,15.0,1.0,1.0,11.0,15.0,0.78,86.0,0.0,1.0,34.0,1.0,3.83333333333333,0.0,1.0,1.15384615384615,0.0,0.0,0.858866103739445,1.0,0.0,0.0,0.9561118439014924,0.04388815609850764,5
955,12,7.0,1.0,1.0,3.0,1.0,11.0,15.0,1.0,1.0,11.0,15.0,0.78,86.0,0.0,0.0,34.0,1.0,3.83333333333333,0.0,1.0,1.15384615384615,0.0,43.0,0.858866103739445,1.0,0.0,2.0,0.8974491688934579,0.10255083110654209,3
955,13,7.0,1.0,1.0,3.0,1.0,11.0,15.0,1.0,1.0,11.0,15.0,0.78,86.0,0.0,0.0,34.0,1.0,3.83333333333333,0.0,1.0,1.8,0.0,43.0,0.858866103739445,1.0,0.0,2.0,0.9089353153932246,0.09106468460677539,4
955,14,7.0,1.0,1.0,3.0,1.0,11.0,15.0,1.0,1.0,11.0,15.0,0.78,86.0,0.0,0.0,34.0,1.0,3.83333333333333,0.0,1.0,1.8,0.0,43.0,1.0,1.0,0.0,2.0,0.927177269129178,0.07282273087082199,5
955,15,7.0,1.0,2.0,3.0,1.0,11.0,311.0,1.0,1.0,11.0,15.0,0.78,86.0,0.0,0.0,34.0,1.0,3.83333333333333,0.0,1.0,1.15384615384615,0.0,0.0,0.858866103739445,1.0,0.0,2.0,0.8152120863398171,0.18478791366018282,2
955,16,7.0,1.0,2.0,3.0,1.0,11.0,311.0,1.0,1.0,11.0,15.0,0.78,86.0,0.0,0.0,34.0,1.0,3.83333333333333,0.0,1.0,1.15384615384615,5.0,0.0,0.858866103739445,1.0,0.0,2.0,0.8823962175136719,0.11760378248632808,3
955,17,7.0,1.0,1.0,3.0,1.0,11.0,311.0,1.0,1.0,11.0,15.0,0.78,86.0,0.0,0.0,34.0,1.0,3.83333333333333,0.0,1.0,1.15384615384615,5.0,0.0,0.858866103739445,1.0,0.0,2.0,0.8860993959740335,0.11390060402596647,4
955,18,7.0,1.0,2.0,3.0,1.0,11.0,311.0,1.0,1.0,11.0,15.0,0.78,86.0,0.0,0.0,34.0,1.0,3.83333333333333,0.0,1.0,1.15384615384615,0.0,43.0,1.0,1.0,0.0,2.0,0.7510127707758358,0.2489872292241641,2
955,19,7.0,1.0,2.0,3.0,1.0,11.0,311.0,1.0,1.0,11.0,15.0,0.78,86.0,0.0,0.0,34.0,1.0,3.83333333333333,0.0,1.0,1.15384615384615,5.0,43.0,1.0,1.0,0.0,2.0,0.8281549542077887,0.17184504579221127,3
963,0,10.0,7.0,2.0,0.0,2.0,14.0,127.0,1.0,10.0,24.0,18.0,0.58,95.0,1.0,3.0,57.0,1.0,5.64444444444444,0.0,1.0,1.70212765957447,0.0,65.0,1.0,0.75,0.0,4.0,0.5522862347891622,0.4477137652108378,3
963,1,10.0,7.0,2.0,0.0,2.0,14.0,93.111,1.0,10.0,24.0,18.0,0.58,95.0,0.0,3.0,57.0,1.0,5.64444444444444,0.0,1.0,1.70212765957447,0.0,0.0,1.0,0.75,0.0,4.0,0.8219300257493147,0.17806997425068527,4
963,2,10.0,7.0,2.0,0.0,2.0,14.0,93.111,1.0,10.0,24.0,18.0,0.31,95.0,1.0,3.0,57.0,1.0,5.64444444444444,0.0,1.0,1.70212765957447,0.0,16.0,0.74,0.75,0.0,4.0,0.5208576229840355,0.4791423770159645,4
963,3,10.0,7.0,2.0,0.0,2.0,14.0,15.0,1.0,10.0,24.0,18.0,0.05,95.0,0.0,3.0,57.0,1.0,5.64444444444444,0.0,1.0,1.70212765957447,0.0,0.0,1.0,0.75,0.0,4.0,0.9064148329882512,0.09358516701174878,5
963,4,10.0,7.0,2.0,0.0,2.0,14.0,93.111,1.0,10.0,24.0,18.0,0.58,95.0,0.0,3.0,57.0,1.0,5.64444444444444,0.0,1.0,1.70212765957447,0.0,65.0,1.0,0.75,0.0,2.0,0.6972572853853662,0.3027427146146337,4
963,5,10.0,7.0,2.0,0.0,2.0,14.0,93.111,1.0,10.0,24.0,13.0,0.58,95.0,1.0,3.0,57.0,1.0,5.64444444444444,0.0,1.0,1.70212765957447,0.0,65.0,0.74,0.75,0.0,2.0,0.5304070682075328,0.4695929317924672,4
963,6,10.0,7.0,2.0,0.0,2.0,14.0,93.111,1.0,10.0,24.0,13.0,0.58,95.0,1.0,3.0,57.0,1.0,5.64444444444444,0.0,1.0,1.70212765957447,0.0,16.0,0.74,0.75,0.0,4.0,0.5430422799640909,0.45695772003590907,4
963,7,10.0,7.0,2.0,0.0,2.0,14.0,93.111,1.0,10.0,24.0,3.0,0.58,95.0,0.0,3.0,57.0,1.0,5.64444444444444,0.0,1.0,1.70212765957447,0.0,16.0,0.74,0.8,0.0,4.0,0.6172367124157365,0.3827632875842634,5
963,8,10.0,7.0,2.0,0.0,2.0,4.0,93.111,1.0,10.0,24.0,18.0,0.58,95.0,4.0,3.0,57.0,1.0,5.64444444444444,0.0,1.0,1.70212765957447,0.0,16.0,1.0,0.75,0.0,4.0,0.5006222698347602,0.49937773016523984,4
963,9,10.0,7.0,2.0,0.0,2.0,14.0,15.0,1.0,10.0,24.0,18.0,0.58,95.0,4.0,3.0,57.0,1.0,5.64444444444444,0.0,1.0,1.70212765957447,0.0,65.0,1.0,0.75,0.0,4.0,0.5109361193539965,0.4890638806460035,2
963,10,10.0,7.0,2.0,0.0,2.0,14.0,93.111,1.0,10.0,24.0,13.0,0.58,95.0,1.0,3.0,57.0,1.0,5.64444444444444,0.0,1.0,0.0,0.0,65.0,0.74,0.75,0.0,4.0,0.5303284740215461,0.4696715259784538,4
963,11,10.0,7.0,2.0,0.0,2.0,14.0,93.111,1.0,10.0,24.0,3.0,0.58,95.0,0.0,3.0,57.0,2.0,5.64444444444444,0.0,1.0,0.0,0.0,65.0,0.74,0.75,0.0,4.0,0.5819316568018299,0.4180683431981701,5
963,12,10.0,7.0,2.0,0.0,2.0,2.0,93.111,1.0,10.0,24.0,18.0,0.58,95.0,4.0,3.0,57.0,1.0,5.64444444444444,0.0,1.0,1.70212765957447,0.0,65.0,1.0,0.75,0.0,4.0,0.5009081187946234,0.49909188120537656,3
963,13,10.0,7.0,2.0,0.0,2.0,0.0,15.0,1.0,10.0,24.0,18.0,0.58,95.0,4.0,3.0,57.0,1.0,5.64444444444444,0.0,1.0,1.70212765957447,0.0,65.0,1.0,0.75,0.0,4.0,0.775206997814353,0.22479300218564696,3
963,14,10.0,7.0,2.0,0.0,2.0,0.0,15.0,1.0,10.0,24.0,18.0,0.83,95.0,4.0,3.0,57.0,1.0,5.64444444444444,0.0,1.0,1.70212765957447,0.0,65.0,1.0,0.75,0.0,4.0,0.8118817871291287,0.1881182128708713,4
963,15,10.0,7.0,2.0,0.0,2.0,14.0,93.111,1.0,10.0,24.0,18.0,0.58,95.0,4.0,3.0,57.0,1.0,3.0,0.0,1.0,1.70212765957447,0.0,65.0,1.0,0.75,0.0,4.0,0.548540005647355,0.45145999435264506,3
963,16,10.0,7.0,2.0,0.0,2.0,14.0,93.111,1.0,10.0,24.0,18.0,29.08,95.0,0.0,3.0,57.0,1.0,0.0,0.0,1.0,1.70212765957447,0.0,65.0,1.0,0.75,0.0,4.0,0.8477425241151095,0.15225747588489041,5
963,17,10.0,7.0,2.0,0.0,2.0,0.0,15.0,1.0,10.0,24.0,13.0,0.58,95.0,4.0,3.0,57.0,1.0,5.64444444444444,0.0,1.0,1.70212765957447,0.0,65.0,1.0,0.75,0.0,4.0,0.7919543032859626,0.20804569671403741,4
963,18,10.0,7.0,2.0,0.0,2.0,0.0,15.0,1.0,10.0,24.0,18.0,0.58,95.0,4.0,3.0,57.0,1.0,5.64444444444444,0.0,1.0,1.70212765957447,0.0,0.0,1.0,0.75,0.0,4.0,0.8698549341231094,0.1301450658768906,4
963,19,10.0,7.0,2.0,0.0,2.0,0.0,15.0,1.0,10.0,10.0,18.0,0.58,95.0,4.0,3.0,57.0,1.0,5.64444444444444,0.0,1.0,1.70212765957447,0.0,0.0,1.0,0.75,0.0,4.0,0.905897360884691,0.09410263911530901,5
975,0,23.0,11.0,2.0,3.0,0.0,16.0,52.0,1.0,6.0,30.0,50.0,0.61,95.0,4.0,0.0,70.0,1.0,4.93333333333333,0.0,0.0,1.33695652173913,0.0,10.0,1.0,1.0,0.0,7.0,0.5123049489022256,0.4876950510977744,2
975,1,23.0,11.0,2.0,3.0,0.0,16.0,15.0,1.0,6.0,30.0,50.0,0.61,95.0,2.0,0.0,70.0,1.0,4.93333333333333,0.0,0.0,1.33695652173913,0.0,10.0,0.929205455726348,1.0,0.0,7.0,0.5291812830685355,0.4708187169314645,2
975,2,23.0,11.0,2.0,3.0,0.0,16.0,15.0,1.0,6.0,30.0,50.0,0.61,95.0,2.0,0.0,70.0,1.0,4.93333333333333,0.0,0.0,1.33695652173913,0.0,10.0,1.0,1.0,0.0,0.0,0.8306098477732191,0.16939015222678092,4
975,3,23.0,11.0,2.0,3.0,0.0,16.0,52.0,1.0,6.0,30.0,50.0,0.61,95.0,1.0,0.0,70.0,1.0,4.93333333333333,0.0,0.0,1.33695652173913,0.0,10.0,0.929205455726348,1.0,0.0,7.0,0.5262160253572383,0.4737839746427616,2
975,4,23.0,11.0,2.0,3.0,0.0,16.0,15.0,1.0,6.0,30.0,50.0,0.61,95.0,0.0,0.0,70.0,1.0,4.93333333333333,0.0,0.0,1.33695652173913,0.0,0.0,1.0,1.0,0.0,0.0,0.9010925423280305,0.0989074576719695,5
975,5,23.0,11.0,2.0,3.0,0.0,16.0,15.0,1.0,6.0,30.0,50.0,0.61,95.0,4.0,0.0,70.0,1.0,4.93333333333333,0.0,0.0,5.2,0.0,10.0,1.0,1.0,0.0,7.0,0.7354246973694378,0.2645753026305622,3
975,6,23.0,11.0,2.0,3.0,0.0,16.0,15.0,1.0,6.0,10.0,50.0,0.61,95.0,4.0,0.0,70.0,1.0,4.93333333333333,0.0,0.0,5.2,0.0,10.0,1.0,1.0,0.0,7.0,0.7447828324715056,0.2552171675284945,4
975,7,23.0,11.0,2.0,3.0,0.0,16.0,15.0,1.0,6.0,10.0,50.0,0.61,85.0,4.0,0.0,70.0,1.0,4.93333333333333,0.0,0.0,5.2,0.0,10.0,1.0,1.0,0.0,7.0,0.75066355509156,0.24933644490843995,5
975,8,23.0,11.0,2.0,3.0,0.0,16.0,15.0,1.0,6.0,5.0,50.0,0.61,85.0,4.0,0.0,70.0,1.0,4.93333333333333,0.0,0.0,5.2,0.0,10.0,1.0,1.0,0.0,7.0,0.7560756889712402,0.24392431102875978,5
975,9,23.0,11.0,2.0,3.0,0.0,16.0,25.0,1.0,6.0,10.0,50.0,0.61,95.0,4.0,0.0,70.0,1.0,4.93333333333333,0.0,0.0,0.4,0.0,10.0,0.929205455726348,1.0,0.0,7.0,0.5160791352971141,0.4839208647028858,3
975,10,23.0,11.0,2.0,3.0,0.0,16.0,15.0,1.0,6.0,30.0,50.0,0.61,95.0,2.0,0.0,70.0,1.0,3.0,0.0,0.0,1.33695652173913,0.0,10.0,1.0,1.0,0.0,7.0,0.8456371441366632,0.15436285586333673,4
975,11,23.0,11.0,2.0,3.0,0.0,16.0,15.0,1.0,6.0,30.0,50.0,0.61,95.0,2.0,0.0,70.0,1.0,3.0,0.0,0.0,1.33695652173913,0.0,10.0,1.0,1.0,0.0,0.0,0.8810193038593391,0.11898069614066087,5
975,12,23.0,11.0,2.0,3.0,0.0,16.0,15.0,1.0,6.0,30.0,50.0,0.61,95.0,0.0,0.0,70.0,1.0,3.0,0.0,0.0,1.33695652173913,0.0,10.0,1.0,1.0,0.0,0.0,0.905302250720844,0.09469774927915593,5
975,13,23.0,11.0,2.0,3.0,0.0,16.0,193.556,1.0,6.0,30.0,50.0,0.61,95.0,1.0,0.0,70.0,1.0,4.93333333333333,0.0,0.0,1.33695652173913,0.0,10.0,0.929205455726348,1.0,0.0,1.0,0.5029657742759381,0.4970342257240619,3
975,14,23.0,11.0,2.0,3.0,0.0,16.0,71.0,1.0,6.0,30.0,50.0,0.61,95.0,0.0,0.0,70.0,1.0,0.0,0.0,0.0,1.33695652173913,0.0,10.0,1.0,1.0,0.0,0.0,0.914667184446558,0.08533281555344195,5
975,15,23.0,11.0,2.0,3.0,0.0,16.0,15.0,1.0,6.0,30.0,50.0,0.61,95.0,0.0,0.0,70.0,1.0,4.93333333333333,0.0,0.0,1.33695652173913,0.0,10.0,0.929205455726348,1.0,0.0,7.0,0.6210423280982567,0.3789576719017434,2
975,16,23.0,11.0,2.0,3.0,0.0,16.0,15.0,1.0,6.0,30.0,50.0,0.61,95.0,0.0,0.0,70.0,1.0,4.93333333333333,0.0,0.0,1.33695652173913,0.0,10.0,0.929205455726348,1.0,0.0,0.0,0.8524040503002133,0.1475959496997868,3
975,17,23.0,11.0,2.0,3.0,0.0,16.0,15.0,1.0,6.0,30.0,50.0,0.61,95.0,0.0,0.0,70.0,0.0,4.93333333333333,0.0,0.0,1.33695652173913,0.0,10.0,0.929205455726348,1.0,0.0,0.0,0.8698200124498494,0.13017998755015062,4
975,18,23.0,11.0,2.0,3.0,0.0,16.0,15.0,1.0,6.0,30.0,50.0,0.61,95.0,0.0,0.0,70.0,0.0,4.93333333333333,0.0,0.0,0.0,0.0,10.0,0.929205455726348,1.0,0.0,0.0,0.8811678304793218,0.11883216952067817,5
975,19,23.0,11.0,2.0,3.0,0.0,16.0,15.0,1.0,6.0,30.0,50.0,0.61,95.0,4.0,0.0,70.0,1.0,337.0,0.0,0.0,1.33695652173913,0.0,10.0,1.0,1.0,0.0,7.0,0.7326091959756135,0.26739080402438653,3
976,0,0.0,8.0,2.0,0.0,0.0,15.0,71.0,1.0,1.0,5.0,30.0,0.73,94.0,3.0,0.0,35.0,2.0,2.79487179487179,1.0,1.0,1.92682926829268,0.0,0.0,0.850782190132371,0.0,0.0,2.0,0.6041495162021551,0.395850483797845,1
976,1,0.0,8.0,2.0,0.0,0.0,15.0,15.0,1.0,1.0,5.0,30.0,0.05,94.0,3.0,0.0,35.0,2.0,2.79487179487179,1.0,1.0,1.92682926829268,0.0,0.0,0.850782190132371,0.0,0.0,2.0,0.8625366186122057,0.13746338138779432,2
976,2,0.0,8.0,2.0,0.0,0.0,15.0,15.0,1.0,1.0,5.0,30.0,0.05,94.0,0.0,0.0,35.0,2.0,2.79487179487179,1.0,1.0,1.92682926829268,0.0,0.0,0.850782190132371,0.0,0.0,2.0,0.9260764899646668,0.07392351003533312,3
976,3,0.0,8.0,2.0,0.0,0.0,15.0,15.0,1.0,2.0,5.0,30.0,0.05,94.0,0.0,0.0,35.0,2.0,2.79487179487179,1.0,1.0,1.92682926829268,0.0,0.0,0.850782190132371,0.0,0.0,2.0,0.9435645112719131,0.05643548872808688,4
976,4,0.0,8.0,2.0,0.0,0.0,15.0,15.0,1.0,2.0,5.0,30.0,0.05,94.0,0.0,0.0,35.0,2.0,2.79487179487179,1.0,1.0,1.92682926829268,0.0,0.0,0.9,0.0,0.0,2.0,0.9569814385332774,0.04301856146672257,5
976,5,0.0,8.0,2.0,0.0,0.0,15.0,15.0,1.0,1.0,5.0,30.0,0.05,94.0,0.0,0.0,35.0,2.0,2.79487179487179,1.0,1.0,1.92682926829268,0.0,0.0,0.850782190132371,0.0,0.0,0.0,0.9533978051346694,0.04660219486533054,4
976,6,0.0,8.0,2.0,0.0,0.0,15.0,15.0,1.0,1.0,5.0,30.0,0.05,94.0,3.0,0.0,35.0,2.0,3.9,1.0,1.0,1.92682926829268,0.0,0.0,0.850782190132371,0.0,0.0,2.0,0.9126072901694038,0.08739270983059623,3
976,7,0.0,8.0,2.0,0.0,0.0,15.0,15.0,1.0,1.0,5.0,30.0,0.05,94.0,3.0,0.0,35.0,2.0,3.9,1.0,1.0,1.92682926829268,0.0,0.0,0.9,0.0,0.0,2.0,0.9328602763606842,0.06713972363931574,4
976,8,0.0,8.0,2.0,321.0,0.0,15.0,15.0,1.0,1.0,5.0,30.0,0.05,94.0,3.0,0.0,35.0,2.0,3.9,1.0,1.0,1.92682926829268,0.0,0.0,0.9,0.0,0.0,2.0,0.9372994587402026,0.0627005412597974,5
976,9,0.0,8.0,2.0,0.0,0.0,15.0,633.0,1.0,1.0,5.0,30.0,0.73,94.0,2.0,0.0,35.0,2.0,2.79487179487179,1.0,1.0,1.92682926829268,0.0,0.0,1.0,0.0,0.0,2.0,0.6585586928367513,0.34144130716324866,2
976,10,0.0,8.0,2.0,0.0,0.0,15.0,633.0,1.0,1.0,5.0,30.0,0.05,94.0,2.0,0.0,35.0,2.0,2.79487179487179,1.0,1.0,1.92682926829268,0.0,0.0,0.850782190132371,0.0,0.0,2.0,0.5088808858616158,0.4911191141383841,2
976,11,0.0,1.0,2.0,0.0,0.0,15.0,633.0,1.0,1.0,5.0,30.0,0.73,94.0,1.0,0.0,35.0,2.0,2.79487179487179,1.0,1.0,1.92682926829268,0.0,0.0,0.850782190132371,0.0,0.0,2.0,0.5148305242185558,0.48516947578144426,2
976,12,0.0,1.0,2.0,0.0,0.0,15.0,633.0,1.0,0.0,5.0,30.0,0.05,94.0,0.0,0.0,35.0,2.0,2.79487179487179,1.0,1.0,1.92682926829268,0.0,0.0,1.0,0.0,0.0,2.0,0.9041201180112889,0.09587988198871114,5
976,13,0.0,8.0,2.0,0.0,0.0,15.0,15.0,1.0,1.0,5.0,30.0,0.05,94.0,0.0,0.0,35.0,2.0,2.79487179487179,1.0,1.0,1.92682926829268,0.0,0.0,0.9,0.0,0.0,2.0,0.9434016181791639,0.05659838182083613,4
976,14,0.0,8.0,2.0,1.0,0.0,15.0,15.0,1.0,1.0,5.0,30.0,0.05,94.0,0.0,0.0,35.0,2.0,2.79487179487179,1.0,1.0,1.92682926829268,0.0,0.0,0.9,0.0,0.0,2.0,0.9556496187203342,0.04435038127966579,5
976,15,0.0,8.0,2.0,0.0,0.0,15.0,633.0,1.0,93.0,5.0,30.0,0.31,94.0,3.0,0.0,35.0,2.0,2.79487179487179,1.0,1.0,1.92682926829268,0.0,0.0,0.850782190132371,0.0,0.0,2.0,0.5504891751542069,0.449510824845793,2
976,16,0.0,8.0,2.0,0.0,0.0,15.0,633.0,13.0,93.0,5.0,30.0,0.73,94.0,3.0,0.0,35.0,2.0,2.79487179487179,1.0,1.0,1.92682926829268,0.0,0.0,0.850782190132371,0.0,0.0,2.0,0.5450820440203221,0.4549179559796779,2
976,17,0.0,8.0,2.0,1.0,0.0,15.0,633.0,13.0,93.0,5.0,30.0,0.05,94.0,3.0,0.0,35.0,2.0,2.79487179487179,1.0,1.0,1.92682926829268,0.0,0.0,0.850782190132371,0.0,0.0,2.0,0.7290388174588617,0.2709611825411383,4
976,18,0.0,8.0,2.0,1.0,0.0,15.0,633.0,13.0,93.0,5.0,30.0,0.05,94.0,3.0,0.0,35.0,2.0,2.79487179487179,1.0,1.0,1.92682926829268,0.0,0.0,0.850782190132371,0.8,0.0,2.0,0.7629531060174426,0.2370468939825574,5
976,19,0.0,8.0,2.0,1.0,0.0,15.0,15.0,1.0,1.0,5.0,30.0,0.05,94.0,0.0,0.0,35.0,2.0,2.79487179487179,1.0,1.0,1.92682926829268,0.0,0.0,0.850782190132371,0.0,0.0,2.0,0.9418425574620333,0.05815744253796672,4
977,0,0.0,1.0,1.0,0.0,0.0,13.0,307.0,1.0,1.0,2.0,19.0,1.06,59.0,1.0,0.0,21.0,1.0,3.28571428571429,1.0,1.0,0.695652173913043,0.0,34.0,0.923076923076923,1.0,0.0,3.0,0.512258419349436,0.48774158065056405,1
977,1,0.0,1.0,1.0,0.0,0.0,13.0,15.0,1.0,1.0,2.0,19.0,1.06,59.0,0.0,0.0,21.0,1.0,3.28571428571429,1.0,1.0,0.695652173913043,0.0,34.0,0.923076923076923,1.0,0.0,3.0,0.8092476561599015,0.19075234384009856,2
977,2,0.0,1.0,1.0,0.0,0.0,13.0,93.111,1.0,1.0,2.0,19.0,29.08,59.0,4.0,0.0,21.0,1.0,3.28571428571429,1.0,1.0,0.695652173913043,0.0,34.0,0.923076923076923,1.0,0.0,3.0,0.503788419886076,0.496211580113924,2
977,3,0.0,1.0,1.0,0.0,0.0,13.0,15.0,1.0,1.0,2.0,19.0,29.08,59.0,0.0,0.0,21.0,1.0,3.28571428571429,1.0,1.0,0.695652173913043,0.0,34.0,0.923076923076923,1.0,0.0,0.0,0.9392802058368078,0.06071979416319214,4
977,4,0.0,1.0,1.0,1.0,0.0,13.0,15.0,1.0,1.0,2.0,19.0,29.08,59.0,0.0,0.0,21.0,1.0,3.28571428571429,1.0,1.0,0.695652173913043,0.0,34.0,0.923076923076923,1.0,0.0,0.0,0.9523750639712165,0.04762493602878345,5
977,5,0.0,1.0,1.0,0.0,0.0,13.0,15.0,1.0,1.0,2.0,19.0,1.06,59.0,4.0,0.0,21.0,1.0,3.28571428571429,1.0,1.0,0.695652173913043,0.0,2.0,0.923076923076923,1.0,0.0,3.0,0.5585293203973569,0.44147067960264313,2
977,6,0.0,1.0,1.0,0.0,0.0,13.0,15.0,1.0,1.0,2.0,19.0,1.06,59.0,0.0,0.0,21.0,1.0,3.28571428571429,1.0,1.0,0.695652173913043,0.0,2.0,0.923076923076923,1.0,0.0,0.0,0.9275963271537777,0.07240367284622223,4
977,7,0.0,1.0,1.0,0.0,0.0,13.0,15.0,1.0,1.0,2.0,19.0,1.06,59.0,0.0,0.0,21.0,1.0,3.28571428571429,1.0,1.0,0.0,0.0,2.0,0.923076923076923,1.0,0.0,0.0,0.95116209439097,0.04883790560903005,5
977,8,0.0,1.0,1.0,0.0,0.0,13.0,15.0,1.0,1.0,2.0,19.0,1.06,59.0,0.0,0.0,21.0,1.0,3.28571428571429,1.0,1.0,0.0,0.0,0.0,0.923076923076923,1.0,0.0,0.0,0.9555838655127016,0.044416134487298364,5
977,9,0.0,1.0,1.0,0.0,0.0,13.0,307.0,1.0,1.0,2.0,19.0,29.08,59.0,0.0,0.0,21.0,1.0,3.28571428571429,1.0,1.0,0.695652173913043,0.0,34.0,0.923076923076923,1.0,0.0,3.0,0.7028187487823117,0.2971812512176884,2
977,10,0.0,1.0,1.0,0.0,0.0,13.0,307.0,1.0,1.0,2.0,19.0,29.08,59.0,0.0,0.0,21.0,1.0,3.28571428571429,1.0,1.0,0.695652173913043,0.0,34.0,1.0,1.0,0.0,3.0,0.7890269754197701,0.21097302458022993,3
977,11,0.0,1.0,1.0,0.0,0.0,13.0,307.0,1.0,1.0,2.0,19.0,29.08,59.0,0.0,0.0,21.0,1.0,3.28571428571429,0.0,1.0,0.695652173913043,0.0,34.0,1.0,1.0,0.0,3.0,0.8527482927355461,0.14725170726445386,4
977,12,0.0,1.0,1.0,0.0,0.0,13.0,307.0,1.0,1.0,2.0,19.0,29.08,59.0,0.0,0.0,21.0,1.0,3.28571428571429,0.0,25.0,0.695652173913043,0.0,34.0,1.0,1.0,0.0,3.0,0.8812490780381508,0.11875092196184922,5
977,13,0.0,1.0,1.0,0.0,0.0,13.0,15.0,1.0,1.0,2.0,19.0,1.06,59.0,4.0,0.0,21.0,1.0,3.28571428571429,1.0,1.0,0.695652173913043,5.0,34.0,0.923076923076923,1.0,0.0,3.0,0.5308244844222808,0.4691755155777192,2
977,14,0.0,1.0,1.0,1.0,0.0,13.0,15.0,1.0,1.0,2.0,19.0,1.06,59.0,4.0,0.0,21.0,1.0,3.28571428571429,1.0,1.0,0.695652173913043,0.0,34.0,0.923076923076923,1.0,0.0,3.0,0.5004921271364915,0.4995078728635085,2
977,15,0.0,1.0,1.0,321.0,0.0,13.0,15.0,1.0,1.0,2.0,19.0,1.06,59.0,0.0,0.0,21.0,1.0,3.28571428571429,1.0,1.0,0.695652173913043,5.0,34.0,1.0,1.0,0.0,3.0,0.9076814066871559,0.09231859331284405,5
977,16,0.0,1.0,1.0,321.0,0.0,13.0,71.0,1.0,1.0,2.0,19.0,1.06,59.0,4.0,0.0,21.0,1.0,3.28571428571429,1.0,1.0,0.695652173913043,5.0,34.0,0.923076923076923,1.0,0.0,3.0,0.527660895504944,0.47233910449505595,3
977,17,0.0,1.0,1.0,0.0,0.0,13.0,15.0,1.0,1.0,2.0,19.0,29.08,59.0,4.0,0.0,21.0,1.0,3.28571428571429,1.0,1.0,0.695652173913043,0.0,34.0,0.923076923076923,1.0,0.0,3.0,0.6397717324967047,0.3602282675032953,2
977,18,0.0,1.0,1.0,0.0,0.0,13.0,15.0,1.0,1.0,2.0,19.0,29.08,59.0,4.0,0.0,21.0,1.0,3.28571428571429,1.0,1.0,0.695652173913043,0.0,34.0,1.0,1.0,0.0,3.0,0.7510014606258095,0.24899853937419042,3
977,19,0.0,1.0,1.0,0.0,0.0,13.0,15.0,1.0,1.0,2.0,19.0,29.08,59.0,4.0,0.0,21.0,1.0,3.28571428571429,0.0,1.0,0.695652173913043,0.0,34.0,1.0,1.0,0.0,3.0,0.8183987659612674,0.18160123403873263,4
978,0,2.0,4.0,1.0,3.0,0.0,5.0,93.111,1.0,10.0,21.0,63.0,0.62,96.0,3.0,8.0,39.0,2.0,4.64556962025316,0.0,0.0,0.654320987654321,0.0,0.0,0.870882740447958,0.0,0.0,2.0,0.5370651453965403,0.4629348546034598,1
978,1,2.0,4.0,1.0,3.0,0.0,5.0,52.0,1.0,10.0,3.0,63.0,0.62,96.0,3.0,8.0,39.0,2.0,4.64556962025316,0.0,0.0,0.654320987654321,0.0,0.0,0.870882740447958,0.0,0.0,2.0,0.7832617007028895,0.21673829929711058,2
978,2,2.0,4.0,1.0,3.0,0.0,5.0,52.0,1.0,10.0,3.0,63.0,29.08,96.0,3.0,8.0,39.0,2.0,4.64556962025316,0.0,0.0,0.654320987654321,0.0,0.0,0.870882740447958,0.0,0.0,2.0,0.907020947524459,0.09297905247554089,3
978,3,2.0,4.0,1.0,3.0,0.0,5.0,52.0,1.0,10.0,3.0,63.0,29.08,96.0,3.0,8.0,39.0,2.0,4.64556962025316,0.0,0.0,0.0,0.0,0.0,0.870882740447958,0.0,0.0,2.0,0.9347295671297471,0.06527043287025287,4
978,4,2.0,4.0,1.0,0.0,0.0,5.0,52.0,1.0,10.0,3.0,63.0,29.08,96.0,3.0,8.0,39.0,2.0,4.64556962025316,0.0,0.0,0.0,0.0,0.0,0.870882740447958,0.0,0.0,2.0,0.948725014154913,0.05127498584508705,5
978,5,2.0,4.0,1.0,3.0,0.0,5.0,52.0,1.0,10.0,3.0,63.0,0.62,96.0,3.0,8.0,39.0,2.0,4.64556962025316,0.0,0.0,5.2,0.0,0.0,0.870882740447958,0.0,0.0,2.0,0.8406315482917677,0.15936845170823227,3
978,6,2.0,4.0,1.0,3.0,0.0,5.0,52.0,1.0,10.0,3.0,63.0,0.62,96.0,0.0,8.0,39.0,2.0,4.64556962025316,0.0,0.0,5.2,0.0,0.0,0.870882740447958,0.0,0.0,2.0,0.8814436723712014,0.11855632762879866,4
978,7,2.0,4.0,1.0,3.0,0.0,5.0,52.0,1.0,10.0,3.0,63.0,0.62,66.0,0.0,8.0,39.0,2.0,4.64556962025316,0.0,0.0,5.2,0.0,0.0,0.870882740447958,0.0,0.0,2.0,0.9113211866781484,0.08867881332185155,5
978,8,2.0,4.0,1.0,3.0,0.0,5.0,15.0,1.0,10.0,3.0,63.0,0.62,66.0,0.0,8.0,39.0,2.0,4.64556962025316,0.0,0.0,5.2,0.0,0.0,0.870882740447958,0.0,0.0,2.0,0.9324587380054414,0.06754126199455851,5
978,9,2.0,4.0,1.0,3.0,0.0,5.0,52.0,1.0,10.0,21.0,63.0,29.08,96.0,3.0,8.0,39.0,2.0,4.64556962025316,0.0,0.0,0.654320987654321,0.0,0.0,0.870882740447958,0.0,0.0,2.0,0.7776584575195478,0.22234154248045224,2
978,10,2.0,4.0,1.0,3.0,0.0,0.0,52.0,1.0,10.0,21.0,63.0,29.08,96.0,3.0,8.0,39.0,2.0,4.64556962025316,0.0,0.0,0.654320987654321,0.0,0.0,0.870882740447958,0.0,0.0,2.0,0.8404893124951746,0.15951068750482542,3
978,11,2.0,4.0,1.0,7.0,0.0,0.0,52.0,1.0,10.0,21.0,63.0,29.08,96.0,3.0,8.0,39.0,2.0,4.64556962025316,0.0,0.0,0.654320987654321,0.0,0.0,0.870882740447958,0.0,0.0,2.0,0.8819270801537973,0.11807291984620268,4
978,12,2.0,4.0,1.0,0.0,0.0,5.0,52.0,1.0,10.0,3.0,63.0,29.08,96.0,3.0,8.0,39.0,2.0,4.64556962025316,0.0,0.0,0.654320987654321,0.0,0.0,0.870882740447958,0.0,0.0,2.0,0.9261406989393511,0.07385930106064884,4
978,13,2.0,4.0,1.0,0.0,0.0,5.0,52.0,1.0,10.0,3.0,63.0,29.08,96.0,3.0,8.0,39.0,2.0,4.64556962025316,0.0,0.0,0.654320987654321,0.0,0.0,0.9,0.0,0.0,2.0,0.9380191364385809,0.06198086356141911,5
978,14,2.0,4.0,1.0,3.0,0.0,5.0,52.0,1.0,10.0,3.0,63.0,29.08,66.0,3.0,8.0,39.0,2.0,4.64556962025316,0.0,0.0,0.654320987654321,0.0,0.0,0.870882740447958,0.0,0.0,2.0,0.9266286436494168,0.07337135635058326,4
978,15,2.0,4.0,1.0,0.0,0.0,5.0,508.0,1.0,10.0,3.0,13.0,0.62,96.0,3.0,8.0,39.0,2.0,4.64556962025316,0.0,0.0,0.654320987654321,0.0,0.0,0.870882740447958,0.0,0.0,2.0,0.5203102703502994,0.4796897296497006,3
978,16,2.0,4.0,2.0,321.0,0.0,5.0,508.0,1.0,10.0,1.0,3.0,0.62,96.0,3.0,8.0,39.0,2.0,4.64556962025316,0.0,0.0,0.654320987654321,0.0,0.0,0.870882740447958,0.0,0.0,2.0,0.660231727942036,0.33976827205796406,4
978,17,2.0,4.0,1.0,7.0,0.0,5.0,508.0,1.0,10.0,5.0,63.0,0.62,96.0,3.0,8.0,39.0,2.0,4.64556962025316,0.0,0.0,0.654320987654321,0.0,0.0,0.870882740447958,0.0,0.0,2.0,0.5025121559176184,0.4974878440823816,2
978,18,2.0,4.0,1.0,3.0,0.0,0.0,52.0,1.0,10.0,21.0,63.0,0.62,96.0,3.0,8.0,39.0,2.0,4.64556962025316,0.0,0.0,0.654320987654321,0.0,0.0,0.870882740447958,0.0,0.0,2.0,0.7282977990518147,0.2717022009481853,2
978,19,2.0,4.0,1.0,3.0,0.0,0.0,52.0,1.0,10.0,21.0,63.0,0.62,96.0,3.0,8.0,39.0,2.0,4.64556962025316,0.0,0.0,5.2,0.0,0.0,0.870882740447958,0.0,0.0,2.0,0.79541414490648,0.20458585509352006,3
979,0,10.0,4.0,1.0,0.0,0.0,9.0,127.0,1.0,2.0,27.0,34.0,0.53,93.0,1.0,0.0,65.0,2.0,4.16,0.0,0.0,1.0,0.0,23.0,0.843621399176955,1.0,0.0,4.0,0.6109399784177552,0.3890600215822449,2
979,1,10.0,4.0,1.0,0.0,0.0,9.0,15.0,1.0,2.0,27.0,34.0,0.53,93.0,0.0,0.0,65.0,2.0,4.16,0.0,0.0,1.0,0.0,23.0,1.0,1.0,0.0,4.0,0.844311282357697,0.15568871764230294,3
979,2,10.0,4.0,1.0,0.0,0.0,0.0,15.0,1.0,2.0,27.0,34.0,0.53,93.0,0.0,0.0,65.0,2.0,4.16,0.0,0.0,1.0,0.0,23.0,1.0,1.0,0.0,4.0,0.9077132422478001,0.09228675775219983,4
979,3,10.0,4.0,1.0,0.0,0.0,0.0,15.0,1.0,2.0,27.0,34.0,0.53,93.0,0.0,0.0,65.0,2.0,4.16,0.0,0.0,1.8,0.0,23.0,1.0,1.0,0.0,4.0,0.9272063649916263,0.07279363500837363,5
979,4,10.0,4.0,1.0,0.0,0.0,0.0,71.0,1.0,2.0,27.0,34.0,0.53,93.0,0.0,0.0,65.0,2.0,4.16,0.0,0.0,1.8,0.0,23.0,1.0,1.0,0.0,4.0,0.9345486062012714,0.0654513937987286,5
979,5,10.0,4.0,1.0,0.0,0.0,0.0,71.0,1.0,2.0,27.0,34.0,0.53,93.0,0.0,0.0,65.0,2.0,4.16,0.0,0.0,0.4,0.0,23.0,1.0,1.0,0.0,4.0,0.9414369590801128,0.058563040919887184,5
979,6,10.0,4.0,1.0,0.0,0.0,9.0,93.111,1.0,2.0,27.0,34.0,0.53,93.0,0.0,0.0,65.0,2.0,4.16,0.0,0.0,1.0,0.0,23.0,1.0,1.0,0.0,4.0,0.8860220117893626,0.11397798821063744,3
979,7,10.0,4.0,1.0,0.0,0.0,9.0,93.111,1.0,2.0,27.0,9.0,0.53,93.0,0.0,0.0,65.0,2.0,4.16,0.0,0.0,1.0,0.0,23.0,1.0,1.0,0.0,4.0,0.9075071660653135,0.09249283393468655,4
979,8,10.0,4.0,1.0,0.0,0.0,9.0,15.0,1.0,2.0,27.0,34.0,0.31,93.0,0.0,0.0,65.0,2.0,4.16,0.0,0.0,1.0,0.0,23.0,0.843621399176955,1.0,0.0,4.0,0.8134800616164156,0.18651993838358435,3
979,9,10.0,4.0,1.0,0.0,0.0,9.0,15.0,1.0,2.0,27.0,34.0,0.31,93.0,0.0,0.0,65.0,0.0,4.16,0.0,0.0,1.0,0.0,23.0,0.843621399176955,1.0,0.0,4.0,0.856135862595266,0.14386413740473403,4
979,10,10.0,4.0,1.0,0.0,0.0,7.0,15.0,1.0,2.0,27.0,34.0,0.31,93.0,0.0,0.0,65.0,0.0,4.16,0.0,0.0,1.0,0.0,23.0,0.843621399176955,1.0,0.0,4.0,0.8642484849791259,0.13575151502087415,5
979,11,10.0,4.0,1.0,0.0,0.0,0.0,15.0,1.0,2.0,27.0,34.0,0.53,50.0,0.0,0.0,65.0,2.0,4.16,0.0,0.0,1.0,0.0,23.0,1.0,1.0,0.0,4.0,0.9229909969362771,0.07700900306372294,5
979,12,10.0,4.0,1.0,0.0,0.0,9.0,15.0,1.0,2.0,27.0,34.0,0.31,93.0,0.0,1.0,65.0,2.0,4.16,0.0,0.0,1.0,0.0,23.0,0.843621399176955,1.0,0.0,4.0,0.8272979551600319,0.17270204483996807,4
979,13,10.0,4.0,1.0,321.0,0.0,9.0,15.0,1.0,2.0,27.0,34.0,0.31,93.0,0.0,0.0,65.0,2.0,4.16,0.0,0.0,1.0,0.0,23.0,0.843621399176955,1.0,0.0,4.0,0.8622416793861872,0.1377583206138128,4
979,14,10.0,4.0,1.0,0.0,0.0,9.0,93.111,1.0,2.0,27.0,34.0,0.53,93.0,4.0,0.0,65.0,2.0,4.16,0.0,0.0,1.0,0.0,23.0,1.0,1.0,0.0,4.0,0.5978061935046366,0.4021938064953634,2
979,15,10.0,4.0,1.0,321.0,0.0,9.0,15.0,1.0,2.0,27.0,34.0,0.53,93.0,4.0,0.0,65.0,2.0,4.16,0.0,0.0,1.0,0.0,23.0,1.0,1.0,0.0,4.0,0.810157645261927,0.18984235473807298,3
979,16,10.0,4.0,1.0,1.0,0.0,9.0,15.0,1.0,2.0,27.0,34.0,0.53,93.0,4.0,0.0,65.0,2.0,4.16,0.0,0.0,0.4,0.0,23.0,0.843621399176955,1.0,0.0,4.0,0.5002655093477428,0.4997344906522571,3
979,17,10.0,4.0,1.0,0.0,0.0,0.0,15.0,1.0,2.0,27.0,34.0,0.53,93.0,4.0,0.0,65.0,2.0,4.16,0.0,0.0,1.0,0.0,23.0,1.0,1.0,0.0,4.0,0.8489284759124356,0.15107152408756436,3
979,18,10.0,98.0,1.0,0.0,0.0,0.0,15.0,1.0,2.0,27.0,34.0,0.53,93.0,4.0,0.0,65.0,2.0,4.16,0.0,0.0,1.0,0.0,23.0,1.0,1.0,0.0,4.0,0.9020531918920528,0.09794680810794718,4
979,19,10.0,98.0,1.0,0.0,0.0,9.0,52.0,1.0,2.0,27.0,34.0,0.53,93.0,4.0,0.0,65.0,2.0,4.16,0.0,0.0,0.4,0.0,23.0,0.843621399176955,1.0,0.0,4.0,0.5131515602218557,0.48684843977814424,3
993,0,4.0,2.0,1.0,0.0,1.0,19.0,52.0,1.0,1.0,8.0,9.0,0.7,85.0,1.0,0.0,48.0,1.0,5.4375,0.0,1.0,1.83333333333333,0.0,2.0,0.829831932773109,1.0,0.0,7.0,0.500838568258549,0.49916143174145094,2
993,1,4.0,2.0,1.0,0.0,1.0,19.0,15.0,1.0,1.0,8.0,9.0,0.7,85.0,0.0,0.0,48.0,1.0,5.4375,0.0,1.0,1.83333333333333,0.0,2.0,0.829831932773109,1.0,0.0,0.0,0.8853904755063121,0.11460952449368786,3
993,2,4.0,2.0,1.0,0.0,1.0,19.0,15.0,1.0,1.0,8.0,9.0,0.7,85.0,0.0,0.0,48.0,1.0,5.4375,0.0,1.0,1.83333333333333,0.0,2.0,1.0,1.0,0.0,0.0,0.9476736559618214,0.05232634403817862,4
993,3,4.0,2.0,1.0,0.0,1.0,19.0,15.0,1.0,1.0,8.0,9.0,0.7,85.0,0.0,0.0,48.0,1.0,5.4375,0.0,1.0,5.2,0.0,2.0,1.0,1.0,0.0,0.0,0.9549100910037082,0.045089908996291825,5
993,4,4.0,2.0,1.0,0.0,1.0,19.0,346.0,1.0,1.0,8.0,9.0,0.7,85.0,1.0,0.0,48.0,1.0,5.4375,0.0,1.0,1.83333333333333,0.0,2.0,0.829831932773109,1.0,0.0,4.0,0.5612499724328075,0.4387500275671925,2
993,5,4.0,2.0,1.0,0.0,1.0,19.0,346.0,1.0,1.0,8.0,9.0,0.7,85.0,0.0,0.0,48.0,1.0,5.4375,0.0,1.0,1.83333333333333,0.0,2.0,1.0,1.0,0.0,0.0,0.7797908822286138,0.22020911777138621,3
993,6,4.0,2.0,1.0,0.0,1.0,19.0,346.0,1.0,1.0,8.0,9.0,0.7,85.0,0.0,0.0,48.0,1.0,0.0,0.0,1.0,1.83333333333333,0.0,2.0,1.0,1.0,0.0,0.0,0.8121705781044941,0.18782942189550583,4
993,7,0.0,2.0,1.0,0.0,1.0,19.0,346.0,1.0,1.0,8.0,9.0,0.7,85.0,0.0,0.0,48.0,1.0,5.4375,0.0,1.0,1.83333333333333,0.0,2.0,1.0,1.0,0.0,0.0,0.8078896050096115,0.19211039499038848,4
993,8,0.0,2.0,1.0,0.0,1.0,19.0,346.0,1.0,1.0,8.0,9.0,0.7,85.0,0.0,0.0,48.0,1.0,5.4375,0.0,1.0,5.2,0.0,2.0,1.0,1.0,0.0,0.0,0.8252553543572407,0.17474464564275924,5
993,9,4.0,2.0,1.0,321.0,1.0,19.0,15.0,1.0,1.0,8.0,9.0,0.7,85.0,0.0,0.0,48.0,1.0,5.4375,0.0,1.0,1.83333333333333,0.0,2.0,0.829831932773109,1.0,0.0,7.0,0.7607392086199743,0.23926079138002565,3
993,10,4.0,2.0,1.0,321.0,1.0,19.0,15.0,1.0,1.0,8.0,9.0,0.7,85.0,0.0,0.0,48.0,1.0,3.0,0.0,1.0,1.83333333333333,0.0,2.0,0.829831932773109,1.0,0.0,7.0,0.8318186477461604,0.1681813522538395,4
993,11,2.0,2.0,1.0,0.0,1.0,19.0,346.0,1.0,1.0,8.0,9.0,0.7,85.0,0.0,0.0,48.0,1.0,5.4375,0.0,1.0,1.83333333333333,0.0,2.0,0.829831932773109,1.0,0.0,0.0,0.6627864083706929,0.33721359162930703,3
993,12,2.0,2.0,1.0,0.0,1.0,19.0,346.0,1.0,1.0,8.0,2.0,0.7,85.0,0.0,0.0,48.0,1.0,5.4375,0.0,1.0,1.83333333333333,0.0,2.0,0.829831932773109,1.0,0.0,0.0,0.6732781727855299,0.32672182721447013,4
993,13,4.0,2.0,1.0,0.0,1.0,19.0,346.0,1.0,1.0,8.0,9.0,0.05,85.0,0.0,0.0,48.0,1.0,5.4375,0.0,1.0,1.83333333333333,0.0,2.0,0.829831932773109,1.0,0.0,0.0,0.7220237029777588,0.2779762970222412,3
993,14,4.0,2.0,1.0,0.0,1.0,19.0,346.0,1.0,1.0,8.0,9.0,0.05,85.0,0.0,0.0,48.0,1.0,5.4375,0.0,1.0,5.2,0.0,2.0,0.829831932773109,1.0,0.0,0.0,0.7446984541645412,0.2553015458354588,4
993,15,4.0,2.0,1.0,0.0,0.0,19.0,346.0,1.0,1.0,8.0,9.0,0.05,85.0,0.0,0.0,48.0,1.0,5.4375,0.0,1.0,5.2,0.0,2.0,0.829831932773109,1.0,0.0,0.0,0.7539943929764499,0.2460056070235501,5
993,16,4.0,2.0,1.0,0.0,0.0,19.0,346.0,1.0,1.0,8.0,9.0,29.08,85.0,0.0,0.0,48.0,1.0,5.4375,0.0,1.0,5.2,0.0,2.0,0.829831932773109,1.0,0.0,0.0,0.756970490122467,0.24302950987753308,5
993,17,4.0,2.0,1.0,0.0,0.0,19.0,346.0,1.0,1.0,8.0,9.0,29.08,85.0,0.0,0.0,48.0,1.0,5.4375,0.0,1.0,0.0,0.0,2.0,0.829831932773109,1.0,0.0,0.0,0.8188561829238861,0.181143817076114,5
993,18,4.0,2.0,1.0,0.0,1.0,19.0,15.0,1.0,1.0,8.0,9.0,0.05,85.0,0.0,0.0,48.0,1.0,5.4375,0.0,1.0,1.83333333333333,0.0,2.0,0.829831932773109,1.0,0.0,0.0,0.9232823842876627,0.0767176157123373,4
993,19,4.0,2.0,1.0,0.0,1.0,19.0,15.0,1.0,1.0,8.0,9.0,0.05,85.0,0.0,0.0,21.0,1.0,5.4375,0.0,1.0,1.83333333333333,0.0,2.0,0.829831932773109,1.0,0.0,0.0,0.9286377997801425,0.07136220021985745,5
1023,0,10.0,1.0,2.0,5.0,0.0,30.0,37.0,1.0,3.0,40.0,22.0,0.85,89.0,1.0,1.0,28.0,2.0,7.36111111111111,0.0,0.0,1.94736842105263,0.0,0.0,0.582292038557658,0.0,0.0,3.0,0.5105547230842888,0.48944527691571116,1
1023,1,10.0,1.0,2.0,5.0,0.0,30.0,15.0,1.0,3.0,40.0,22.0,0.85,89.0,1.0,1.0,28.0,2.0,7.36111111111111,0.0,0.0,1.94736842105263,0.0,0.0,1.0,0.0,0.0,3.0,0.9109214576865291,0.08907854231347094,2
1023,2,10.0,1.0,2.0,5.0,0.0,30.0,15.0,1.0,3.0,10.0,22.0,0.85,89.0,1.0,1.0,28.0,2.0,7.36111111111111,0.0,0.0,1.94736842105263,0.0,0.0,1.0,0.0,0.0,3.0,0.9515967283653626,0.048403271634637396,3
1023,3,10.0,1.0,2.0,5.0,62.0,30.0,15.0,1.0,3.0,10.0,22.0,0.85,89.0,1.0,1.0,28.0,2.0,7.36111111111111,0.0,0.0,1.94736842105263,0.0,0.0,1.0,0.0,0.0,3.0,0.9696397071176382,0.030360292882361792,4
1023,4,10.0,1.0,2.0,5.0,0.0,30.0,15.0,1.0,3.0,40.0,22.0,0.85,89.0,1.0,1.0,28.0,2.0,7.36111111111111,0.0,0.0,1.94736842105263,0.0,0.0,1.0,0.0,0.0,0.0,0.9632358654680742,0.036764134531925785,3
1023,5,10.0,1.0,2.0,5.0,0.0,30.0,15.0,1.0,3.0,10.0,22.0,0.85,89.0,1.0,1.0,28.0,2.0,7.36111111111111,0.0,0.0,1.94736842105263,0.0,0.0,1.0,0.0,0.0,0.0,0.9767919688137923,0.023208031186207706,4
1023,6,10.0,0.0,2.0,5.0,0.0,30.0,15.0,1.0,3.0,10.0,22.0,0.85,89.0,1.0,1.0,28.0,2.0,7.36111111111111,0.0,0.0,1.94736842105263,0.0,0.0,1.0,0.0,0.0,0.0,0.9808714793712047,0.019128520628795307,5
1023,7,10.0,1.0,2.0,5.0,0.0,30.0,15.0,1.0,3.0,10.0,22.0,0.85,89.0,1.0,1.0,28.0,2.0,7.36111111111111,0.0,0.0,1.94736842105263,0.0,0.0,0.582292038557658,0.0,0.0,3.0,0.6807624937077154,0.31923750629228465,2
1023,8,10.0,1.0,2.0,5.0,0.0,30.0,15.0,1.0,3.0,10.0,22.0,0.85,89.0,1.0,1.0,9.0,2.0,7.36111111111111,0.0,0.0,1.94736842105263,0.0,0.0,0.582292038557658,0.0,0.0,3.0,0.7487864659833228,0.2512135340166772,3
1023,9,10.0,1.0,2.0,5.0,0.0,30.0,15.0,1.0,3.0,10.0,13.0,0.85,89.0,1.0,1.0,9.0,2.0,7.36111111111111,0.0,0.0,1.94736842105263,0.0,0.0,0.582292038557658,0.0,0.0,3.0,0.7526588323693484,0.24734116763065161,4
1023,10,10.0,1.0,2.0,5.0,0.0,30.0,15.0,1.0,3.0,10.0,22.0,0.05,89.0,1.0,1.0,28.0,2.0,7.36111111111111,0.0,0.0,1.94736842105263,0.0,0.0,1.0,0.0,0.0,3.0,0.9596060574958947,0.04039394250410531,4
1023,11,10.0,1.0,2.0,5.0,0.0,30.0,15.0,1.0,3.0,10.0,3.0,0.05,89.0,1.0,1.0,28.0,2.0,7.36111111111111,0.0,0.0,1.94736842105263,0.0,0.0,1.0,0.0,0.0,3.0,0.9744043822310479,0.02559561776895211,5
1023,12,10.0,1.0,2.0,5.0,0.0,30.0,15.0,1.0,3.0,40.0,22.0,0.85,89.0,1.0,1.0,21.0,2.0,7.36111111111111,0.0,0.0,1.94736842105263,0.0,0.0,1.0,0.0,0.0,0.0,0.971002921128263,0.028997078871736963,4
1023,13,10.0,1.0,2.0,5.0,0.0,30.0,1168.0,1.0,3.0,10.0,22.0,0.85,89.0,1.0,1.0,28.0,2.0,7.36111111111111,0.0,0.0,1.94736842105263,0.0,0.0,0.9,0.0,0.0,3.0,0.640080891747854,0.35991910825214607,2
1023,14,10.0,1.0,2.0,5.0,0.0,30.0,1168.0,1.0,3.0,10.0,22.0,0.85,89.0,1.0,1.0,28.0,6.0,7.36111111111111,0.0,0.0,1.94736842105263,0.0,0.0,1.0,0.0,0.0,3.0,0.7931612355342258,0.2068387644657742,3
1023,15,10.0,1.0,2.0,5.0,0.0,30.0,1168.0,1.0,3.0,10.0,22.0,0.85,89.0,1.0,1.0,28.0,6.0,7.36111111111111,0.0,0.0,1.94736842105263,0.0,0.0,1.0,0.0,0.0,0.0,0.8145826646771103,0.18541733532288973,4
1023,16,10.0,1.0,2.0,5.0,0.0,30.0,1168.0,1.0,1.0,10.0,22.0,0.85,89.0,1.0,1.0,28.0,6.0,7.36111111111111,0.0,0.0,1.94736842105263,0.0,0.0,1.0,0.0,0.0,0.0,0.8547927140675484,0.14520728593245152,5
1023,17,10.0,1.0,2.0,5.0,0.0,30.0,1168.0,1.0,1.0,10.0,22.0,0.85,89.0,1.0,1.0,28.0,0.0,7.36111111111111,0.0,0.0,1.94736842105263,0.0,0.0,1.0,0.0,0.0,0.0,0.8641551758208756,0.1358448241791243,5
1023,18,10.0,1.0,2.0,5.0,62.0,30.0,15.0,1.0,3.0,40.0,22.0,0.85,89.0,1.0,1.0,28.0,2.0,7.36111111111111,0.0,0.0,1.94736842105263,0.0,0.0,0.582292038557658,0.0,0.0,3.0,0.7368292882659118,0.2631707117340882,2
1023,19,10.0,1.0,2.0,5.0,62.0,30.0,15.0,1.0,3.0,10.0,22.0,0.85,89.0,1.0,1.0,28.0,2.0,7.36111111111111,0.0,0.0,1.94736842105263,0.0,0.0,0.582292038557658,0.0,0.0,3.0,0.8371859369848512,0.1628140630151488,3
1024,0,3.0,7.0,1.0,0.0,1.0,8.0,52.0,1.0,0.0,6.0,8.0,0.84,77.0,3.0,0.0,19.0,1.0,3.83333333333333,1.0,1.0,1.05,0.0,0.0,0.424628450106157,0.0,0.0,1.0,0.5523841074693543,0.44761589253064576,1
1024,1,3.0,7.0,1.0,0.0,1.0,8.0,15.0,1.0,0.0,6.0,8.0,0.84,77.0,3.0,0.0,19.0,1.0,3.83333333333333,1.0,1.0,1.05,0.0,0.0,1.0,0.0,0.0,1.0,0.8972658353621403,0.10273416463785966,2
1024,2,3.0,7.0,1.0,0.0,1.0,8.0,15.0,1.0,0.0,6.0,8.0,0.84,77.0,0.0,0.0,19.0,1.0,3.83333333333333,1.0,1.0,1.05,0.0,0.0,1.0,0.0,0.0,1.0,0.9605293228451524,0.0394706771548477,3
1024,3,3.0,7.0,1.0,0.0,1.0,8.0,15.0,1.0,0.0,6.0,8.0,29.08,77.0,0.0,0.0,19.0,1.0,3.83333333333333,1.0,1.0,1.05,0.0,0.0,1.0,0.0,0.0,1.0,0.973574241074905,0.02642575892509502,4
1024,4,3.0,7.0,1.0,0.0,62.0,8.0,15.0,1.0,0.0,6.0,8.0,29.08,77.0,0.0,0.0,19.0,1.0,3.83333333333333,1.0,1.0,1.05,0.0,0.0,1.0,0.0,0.0,1.0,0.9796313162063564,0.020368683793643688,5
1024,5,3.0,7.0,1.0,0.0,1.0,8.0,15.0,1.0,0.0,6.0,8.0,29.08,77.0,3.0,0.0,19.0,1.0,3.83333333333333,1.0,1.0,1.05,0.0,0.0,1.0,0.0,0.0,1.0,0.941056744113436,0.05894325588656399,3
1024,6,3.0,7.0,1.0,0.0,1.0,8.0,15.0,1.0,0.0,6.0,8.0,29.08,77.0,3.0,0.0,19.0,1.0,337.0,1.0,1.0,1.05,0.0,0.0,1.0,0.0,0.0,1.0,0.9630827093625078,0.036917290637492106,4
1024,7,3.0,7.0,1.0,0.0,1.0,8.0,15.0,1.0,0.0,1.0,8.0,29.08,77.0,3.0,0.0,19.0,1.0,337.0,1.0,1.0,1.05,0.0,0.0,1.0,0.0,0.0,1.0,0.9642709880472866,0.03572901195271337,5
1024,8,3.0,7.0,1.0,0.0,1.0,8.0,15.0,1.0,0.0,6.0,8.0,0.05,77.0,3.0,0.0,19.0,1.0,3.83333333333333,1.0,1.0,1.05,0.0,0.0,0.424628450106157,0.0,0.0,1.0,0.8383628328127294,0.16163716718727061,2
1024,9,3.0,7.0,1.0,0.0,1.0,8.0,15.0,1.0,0.0,6.0,8.0,0.05,77.0,3.0,0.0,19.0,1.0,3.83333333333333,1.0,1.0,5.2,0.0,0.0,0.424628450106157,0.0,0.0,1.0,0.8981864713633975,0.1018135286366025,3
1024,10,3.0,7.0,1.0,0.0,1.0,8.0,15.0,1.0,0.0,6.0,8.0,0.05,77.0,0.0,0.0,19.0,1.0,3.83333333333333,1.0,1.0,5.2,0.0,0.0,0.424628450106157,0.0,0.0,1.0,0.9407649894673799,0.059235010532620175,4
1024,11,3.0,7.0,1.0,0.0,1.0,8.0,185.0,1.0,0.0,6.0,8.0,0.84,77.0,3.0,0.0,19.0,1.0,3.83333333333333,1.0,1.0,1.05,0.0,0.0,0.9,0.0,0.0,1.0,0.542935457734727,0.45706454226527304,1
1024,12,3.0,7.0,1.0,0.0,1.0,8.0,185.0,1.0,0.0,6.0,8.0,0.84,77.0,1.0,0.0,19.0,1.0,3.83333333333333,1.0,1.0,1.05,0.0,0.0,0.424628450106157,0.0,0.0,1.0,0.5880390166034162,0.41196098339658377,1
1024,13,3.0,7.0,1.0,0.0,1.0,8.0,185.0,1.0,0.0,6.0,8.0,0.84,77.0,0.0,0.0,19.0,1.0,3.83333333333333,1.0,1.0,5.2,0.0,0.0,1.0,0.0,0.0,1.0,0.8969320218133104,0.10306797818668952,3
1024,14,3.0,7.0,1.0,0.0,62.0,8.0,185.0,1.0,0.0,6.0,8.0,0.84,77.0,0.0,0.0,19.0,1.0,3.83333333333333,1.0,1.0,5.2,0.0,0.0,1.0,0.0,0.0,1.0,0.9211999528926375,0.07880004710736255,4
1024,15,3.0,7.0,1.0,0.0,62.0,8.0,185.0,1.0,0.0,6.0,2.0,0.84,77.0,0.0,0.0,19.0,1.0,3.83333333333333,1.0,1.0,5.2,0.0,0.0,1.0,0.0,0.0,1.0,0.9248651849510683,0.07513481504893177,5
1024,16,3.0,7.0,1.0,0.0,1.0,8.0,15.0,1.0,0.0,6.0,8.0,29.08,94.0,3.0,0.0,19.0,1.0,3.83333333333333,1.0,1.0,1.05,0.0,0.0,1.0,0.0,0.0,1.0,0.9515733521573224,0.04842664784267759,4
1024,17,3.0,7.0,1.0,0.0,1.0,8.0,15.0,1.0,0.0,6.0,8.0,29.08,94.0,3.0,0.0,19.0,1.0,3.83333333333333,1.0,1.0,0.0,0.0,0.0,1.0,0.0,0.0,1.0,0.9585541521537504,0.04144584784624965,5
1024,18,3.0,7.0,1.0,0.0,0.0,8.0,15.0,1.0,0.0,6.0,8.0,0.05,77.0,3.0,0.0,19.0,1.0,3.83333333333333,1.0,1.0,1.05,0.0,0.0,0.424628450106157,0.0,0.0,1.0,0.8807185781298769,0.11928142187012318,3
1024,19,3.0,7.0,1.0,0.0,0.0,0.0,15.0,1.0,0.0,6.0,8.0,0.05,77.0,3.0,0.0,19.0,1.0,3.83333333333333,1.0,1.0,1.05,0.0,0.0,0.424628450106157,0.0,0.0,1.0,0.8951972971974005,0.10480270280259951,4
1025,0,0.0,9.0,2.0,0.0,0.0,11.0,71.0,1.0,0.0,8.0,13.0,0.74,89.0,4.0,0.0,31.0,2.0,2.86363636363636,0.0,0.0,1.70833333333333,0.0,0.0,0.76056338028169,0.0,0.0,3.0,0.539072899716984,0.46092710028301603,1
1025,1,0.0,9.0,2.0,0.0,0.0,11.0,15.0,1.0,0.0,8.0,13.0,0.74,89.0,2.0,0.0,31.0,2.0,2.86363636363636,0.0,0.0,1.70833333333333,0.0,0.0,0.76056338028169,0.0,0.0,3.0,0.8484984233979955,0.15150157660200447,2
1025,2,0.0,9.0,2.0,0.0,0.0,11.0,15.0,1.0,0.0,8.0,13.0,0.74,89.0,2.0,0.0,31.0,2.0,2.86363636363636,0.0,0.0,1.70833333333333,0.0,0.0,0.9,0.0,0.0,3.0,0.9374959239069103,0.06250407609308967,3
1025,3,0.0,9.0,2.0,0.0,0.0,11.0,15.0,1.0,0.0,8.0,13.0,0.74,89.0,2.0,0.0,31.0,2.0,2.86363636363636,0.0,0.0,1.70833333333333,0.0,0.0,0.9,0.0,0.0,0.0,0.9622456721707573,0.03775432782924271,4
1025,4,0.0,9.0,2.0,0.0,0.0,11.0,15.0,1.0,0.0,8.0,13.0,0.74,89.0,2.0,0.0,9.0,2.0,2.86363636363636,0.0,0.0,1.70833333333333,0.0,0.0,0.9,0.0,0.0,0.0,0.9712120526436208,0.028787947356379268,5
1025,5,0.0,9.0,2.0,0.0,0.0,11.0,15.0,1.0,0.0,8.0,13.0,0.74,89.0,0.0,0.0,9.0,2.0,2.86363636363636,0.0,0.0,1.70833333333333,0.0,0.0,0.9,0.0,0.0,0.0,0.9720614463117621,0.027938553688237954,5
1025,6,0.0,9.0,2.0,0.0,0.0,11.0,15.0,1.0,0.0,8.0,13.0,0.74,89.0,4.0,0.0,31.0,2.0,2.86363636363636,0.0,0.0,0.0,0.0,0.0,0.76056338028169,0.0,0.0,3.0,0.6850480270721231,0.3149519729278769,2
1025,7,0.0,9.0,2.0,321.0,0.0,11.0,15.0,1.0,0.0,8.0,13.0,0.74,89.0,4.0,0.0,31.0,2.0,2.86363636363636,0.0,0.0,0.0,0.0,0.0,0.76056338028169,0.0,0.0,3.0,0.8205531855074206,0.1794468144925794,3
1025,8,0.0,9.0,2.0,321.0,0.0,11.0,15.0,1.0,1.0,8.0,13.0,0.74,89.0,4.0,0.0,31.0,2.0,2.86363636363636,0.0,0.0,0.0,0.0,0.0,0.76056338028169,0.0,0.0,3.0,0.8342353787931656,0.16576462120683447,4
1025,9,0.0,9.0,2.0,321.0,0.0,11.0,15.0,1.0,1.0,8.0,13.0,0.74,89.0,4.0,0.0,31.0,2.0,2.86363636363636,0.0,0.0,0.0,5.0,0.0,0.76056338028169,0.0,0.0,3.0,0.8342813203126513,0.16571867968734863,5
1025,10,0.0,9.0,2.0,0.0,0.0,11.0,15.0,1.0,0.0,8.0,13.0,0.74,89.0,2.0,0.0,31.0,1.0,2.86363636363636,0.0,0.0,1.70833333333333,0.0,0.0,0.9,0.0,0.0,3.0,0.9390240114295803,0.06097598857041973,4
1025,11,0.0,9.0,2.0,0.0,0.0,11.0,15.0,1.0,0.0,8.0,13.0,0.74,89.0,2.0,1.0,31.0,2.0,2.86363636363636,0.0,0.0,1.70833333333333,0.0,0.0,0.9,0.0,0.0,3.0,0.9420189970191726,0.05798100298082746,4
1025,12,0.0,9.0,2.0,0.0,0.0,11.0,15.0,1.0,0.0,8.0,13.0,0.74,89.0,4.0,0.0,31.0,2.0,2.86363636363636,0.0,0.0,1.70833333333333,0.0,0.0,0.9,0.0,0.0,3.0,0.8100371310067382,0.1899628689932618,2
1025,13,0.0,9.0,2.0,0.0,0.0,11.0,15.0,1.0,0.0,8.0,13.0,0.74,89.0,4.0,0.0,31.0,2.0,2.86363636363636,0.0,0.0,0.0,0.0,0.0,0.9,0.0,0.0,3.0,0.8737711087251074,0.1262288912748926,3
1025,14,0.0,9.0,2.0,0.0,0.0,11.0,283.0,1.0,0.0,8.0,13.0,0.74,89.0,3.0,0.0,31.0,2.0,2.86363636363636,0.0,0.0,1.70833333333333,0.0,0.0,0.9,0.0,0.0,3.0,0.585471480208394,0.41452851979160604,2
1025,15,0.0,9.0,2.0,0.0,0.0,11.0,283.0,1.0,0.0,8.0,13.0,0.74,89.0,2.0,0.0,31.0,6.0,2.86363636363636,0.0,0.0,1.70833333333333,0.0,0.0,0.76056338028169,0.0,0.0,3.0,0.5553364949562365,0.44466350504376345,2
1025,16,0.0,9.0,2.0,0.0,0.0,11.0,283.0,1.0,0.0,8.0,13.0,0.74,89.0,0.0,0.0,31.0,6.0,2.86363636363636,0.0,0.0,1.70833333333333,0.0,0.0,1.0,0.0,0.0,3.0,0.8846344172395257,0.1153655827604743,3
1025,17,0.0,9.0,2.0,0.0,0.0,11.0,283.0,1.0,0.0,8.0,13.0,0.74,89.0,2.0,0.0,31.0,2.0,2.86363636363636,0.0,0.0,1.70833333333333,5.0,0.0,0.76056338028169,0.0,0.0,3.0,0.519514307813674,0.480485692186326,2
1025,18,0.0,9.0,2.0,0.0,0.0,11.0,15.0,1.0,0.0,8.0,13.0,0.05,89.0,4.0,0.0,31.0,2.0,2.86363636363636,0.0,0.0,1.70833333333333,0.0,0.0,0.76056338028169,0.0,0.0,3.0,0.7620216102373982,0.23797838976260177,2
1025,19,0.0,9.0,2.0,0.0,0.0,11.0,15.0,1.0,0.0,8.0,13.0,0.05,89.0,4.0,0.0,31.0,2.0,2.86363636363636,0.0,0.0,1.70833333333333,5.0,0.0,0.76056338028169,0.0,0.0,3.0,0.8174483828257112,0.18255161717428883,3
1036,0,2.0,6.0,1.0,0.0,0.0,17.0,193.556,1.0,1.0,10.0,36.0,0.99,90.0,1.0,0.0,45.0,1.0,3.82222222222222,0.0,0.0,1.1063829787234,0.0,6.0,0.851891315929675,1.0,0.0,3.0,0.6015784483521132,0.3984215516478868,2
1036,1,2.0,6.0,1.0,0.0,0.0,17.0,15.0,1.0,1.0,10.0,36.0,0.99,90.0,5.0,0.0,6.0,1.0,3.82222222222222,0.0,0.0,1.1063829787234,0.0,6.0,0.851891315929675,1.0,0.0,3.0,0.51698617255865,0.4830138274413501,2
1036,2,2.0,6.0,1.0,0.0,0.0,17.0,15.0,1.0,1.0,10.0,36.0,0.99,90.0,0.0,0.0,6.0,1.0,3.82222222222222,0.0,0.0,1.8,0.0,6.0,0.851891315929675,1.0,0.0,3.0,0.9051035971645882,0.09489640283541174,4
1036,3,2.0,6.0,1.0,0.0,0.0,6.0,15.0,1.0,1.0,10.0,36.0,0.99,90.0,0.0,0.0,6.0,1.0,3.82222222222222,0.0,0.0,1.8,0.0,6.0,0.851891315929675,1.0,0.0,3.0,0.9098049479821945,0.09019505201780552,5
1036,4,2.0,6.0,1.0,0.0,0.0,6.0,15.0,1.0,1.0,10.0,36.0,0.99,90.0,0.0,0.0,6.0,1.0,3.82222222222222,0.0,0.0,0.4,0.0,6.0,0.851891315929675,1.0,0.0,3.0,0.9098352760162701,0.09016472398372989,5
1036,5,2.0,6.0,1.0,0.0,0.0,17.0,25.0,1.0,1.0,10.0,36.0,0.99,90.0,5.0,0.0,45.0,1.0,3.82222222222222,0.0,0.0,1.1063829787234,5.0,6.0,0.851891315929675,1.0,0.0,3.0,0.5357731627825844,0.46422683721741564,2
1036,6,2.0,6.0,1.0,0.0,0.0,17.0,15.0,1.0,1.0,10.0,36.0,0.99,90.0,0.0,0.0,45.0,1.0,3.82222222222222,0.0,0.0,1.8,5.0,6.0,0.851891315929675,1.0,0.0,3.0,0.9293982440029611,0.07060175599703893,4
1036,7,2.0,6.0,1.0,0.0,0.0,17.0,15.0,1.0,2.0,10.0,36.0,0.99,90.0,0.0,0.0,45.0,1.0,3.82222222222222,0.0,0.0,1.8,5.0,6.0,0.851891315929675,1.0,0.0,3.0,0.9364118730671472,0.06358812693285279,5
1036,8,2.0,6.0,1.0,1.0,0.0,17.0,15.0,1.0,1.0,10.0,36.0,0.99,90.0,5.0,0.0,45.0,1.0,3.82222222222222,0.0,0.0,1.1063829787234,0.0,6.0,0.851891315929675,1.0,0.0,3.0,0.5231819742437633,0.4768180257562367,2
1036,9,2.0,6.0,1.0,321.0,0.0,17.0,15.0,1.0,1.0,10.0,36.0,0.99,90.0,0.0,0.0,6.0,1.0,3.82222222222222,0.0,0.0,1.1063829787234,0.0,6.0,0.851891315929675,1.0,0.0,3.0,0.936882313729045,0.06311768627095503,4
1036,10,2.0,6.0,1.0,321.0,0.0,17.0,15.0,1.0,1.0,10.0,36.0,0.99,90.0,0.0,0.0,6.0,6.0,3.82222222222222,0.0,0.0,1.1063829787234,0.0,6.0,0.851891315929675,1.0,0.0,3.0,0.9406854541462694,0.05931454585373059,5
1036,11,2.0,6.0,1.0,321.0,0.0,17.0,25.0,1.0,1.0,10.0,36.0,0.99,90.0,5.0,0.0,45.0,1.0,3.82222222222222,0.0,0.0,1.1063829787234,0.0,6.0,0.851891315929675,1.0,0.0,3.0,0.5170623816459803,0.48293761835401977,2
1036,12,0.0,6.0,1.0,0.0,0.0,17.0,15.0,1.0,1.0,10.0,36.0,0.99,90.0,0.0,0.0,45.0,1.0,3.82222222222222,0.0,0.0,1.1063829787234,0.0,6.0,0.851891315929675,1.0,0.0,3.0,0.8940166185479139,0.10598338145208608,3
1036,13,0.0,6.0,1.0,0.0,0.0,17.0,15.0,1.0,1.0,10.0,36.0,0.99,90.0,0.0,0.0,6.0,1.0,3.82222222222222,0.0,0.0,1.1063829787234,0.0,6.0,0.851891315929675,1.0,0.0,3.0,0.9161450916479756,0.0838549083520244,4
1036,14,0.0,6.0,1.0,0.0,0.0,17.0,15.0,1.0,1.0,10.0,36.0,0.99,90.0,0.0,0.0,6.0,1.0,3.82222222222222,0.0,0.0,0.4,0.0,6.0,0.851891315929675,1.0,0.0,3.0,0.930714169398208,0.06928583060179204,5
1036,15,2.0,6.0,1.0,0.0,0.0,17.0,15.0,1.0,1.0,10.0,36.0,0.99,85.0,5.0,0.0,45.0,1.0,3.82222222222222,0.0,0.0,1.1063829787234,0.0,6.0,0.851891315929675,1.0,0.0,3.0,0.507291584790668,0.4927084152093319,2
1036,16,2.0,6.0,1.0,0.0,0.0,17.0,15.0,1.0,1.0,10.0,36.0,0.99,85.0,0.0,1.0,45.0,1.0,3.82222222222222,0.0,0.0,1.1063829787234,0.0,6.0,0.851891315929675,1.0,0.0,3.0,0.8870468163879962,0.1129531836120038,4
1036,17,2.0,6.0,1.0,0.0,0.0,17.0,15.0,1.0,1.0,10.0,36.0,0.99,90.0,0.0,0.0,6.0,1.0,3.82222222222222,0.0,0.0,1.1063829787234,5.0,6.0,0.851891315929675,1.0,0.0,3.0,0.9420465561380459,0.057953443861954154,4
1036,18,2.0,6.0,1.0,0.0,0.0,17.0,15.0,1.0,2.0,10.0,36.0,0.99,90.0,0.0,0.0,6.0,1.0,3.82222222222222,0.0,0.0,1.1063829787234,5.0,6.0,0.851891315929675,1.0,0.0,3.0,0.9478741639056787,0.05212583609432126,5
1036,19,2.0,6.0,1.0,0.0,0.0,17.0,93.111,1.0,1.0,10.0,36.0,0.99,90.0,5.0,0.0,45.0,1.0,3.82222222222222,0.0,0.0,0.0,0.0,6.0,0.851891315929675,1.0,0.0,3.0,0.5714115688362311,0.42858843116376893,2
1037,0,1.0,7.0,1.0,4.0,4.0,7.0,37.0,1.0,12.0,7.0,51.0,0.74,98.0,1.0,11.0,45.0,2.0,16.169014084507,0.0,0.0,0.794520547945205,0.0,1.0,0.893105629348514,1.0,0.0,3.0,0.5008034842983532,0.4991965157016468,1
1037,1,1.0,7.0,1.0,4.0,4.0,7.0,15.0,1.0,12.0,7.0,51.0,0.74,98.0,1.0,11.0,45.0,2.0,16.169014084507,0.0,0.0,0.794520547945205,0.0,1.0,1.0,1.0,0.0,3.0,0.7783472885215054,0.22165271147849464,2
1037,2,1.0,7.0,1.0,4.0,4.0,7.0,15.0,1.0,12.0,7.0,51.0,0.74,98.0,1.0,0.0,45.0,2.0,16.169014084507,0.0,0.0,0.794520547945205,0.0,1.0,1.0,1.0,0.0,3.0,0.8374344057709162,0.16256559422908382,3
1037,3,1.0,7.0,1.0,4.0,4.0,7.0,127.0,1.0,12.0,7.0,51.0,0.74,98.0,1.0,2.0,45.0,2.0,16.169014084507,0.0,0.0,0.794520547945205,0.0,1.0,0.893105629348514,1.0,0.0,3.0,0.551993840002033,0.44800615999796706,2
1037,4,1.0,7.0,1.0,4.0,0.0,7.0,93.111,1.0,12.0,7.0,51.0,0.74,98.0,1.0,0.0,45.0,2.0,16.169014084507,0.0,0.0,0.794520547945205,0.0,1.0,1.0,1.0,0.0,3.0,0.9008213311020472,0.09917866889795275,4
1037,5,1.0,7.0,1.0,4.0,4.0,7.0,15.0,1.0,12.0,7.0,51.0,0.74,98.0,1.0,11.0,45.0,2.0,3.9,0.0,0.0,0.794520547945205,0.0,1.0,1.0,1.0,0.0,3.0,0.861903752812017,0.138096247187983,3
1037,6,1.0,7.0,1.0,4.0,4.0,7.0,15.0,1.0,12.0,7.0,51.0,0.74,98.0,1.0,0.0,45.0,2.0,3.9,0.0,0.0,0.794520547945205,0.0,1.0,1.0,1.0,0.0,3.0,0.9015345879118498,0.09846541208815021,4
1037,7,1.0,7.0,1.0,4.0,4.0,7.0,127.0,1.0,12.0,7.0,51.0,0.74,98.0,1.0,11.0,45.0,2.0,3.9,0.0,0.0,0.794520547945205,0.0,1.0,0.893105629348514,1.0,0.0,3.0,0.5248938820643065,0.4751061179356934,2
1037,8,1.0,7.0,1.0,4.0,4.0,7.0,93.111,1.0,12.0,7.0,51.0,0.74,98.0,1.0,0.0,45.0,2.0,0.0,0.0,0.0,0.794520547945205,0.0,1.0,1.0,1.0,0.0,3.0,0.927584478304793,0.07241552169520708,4
1037,9,1.0,7.0,1.0,4.0,4.0,7.0,93.111,1.0,12.0,7.0,51.0,0.74,98.0,1.0,1.0,45.0,2.0,0.0,0.0,0.0,0.794520547945205,0.0,1.0,1.0,1.0,0.0,3.0,0.9388698687599323,0.06113013124006775,4
1037,10,1.0,7.0,1.0,4.0,4.0,7.0,15.0,1.0,2.0,7.0,51.0,0.74,98.0,1.0,11.0,45.0,2.0,16.169014084507,0.0,0.0,0.794520547945205,0.0,1.0,0.893105629348514,1.0,0.0,3.0,0.7102615697676331,0.28973843023236695,2
1037,11,1.0,7.0,1.0,4.0,4.0,7.0,15.0,1.0,2.0,7.0,51.0,29.08,98.0,1.0,11.0,45.0,2.0,16.169014084507,0.0,0.0,0.794520547945205,0.0,1.0,0.893105629348514,1.0,0.0,3.0,0.8154211631919566,0.1845788368080434,3
1037,12,1.0,7.0,1.0,4.0,4.0,7.0,15.0,1.0,2.0,7.0,51.0,29.08,98.0,1.0,11.0,45.0,0.0,16.169014084507,0.0,0.0,0.794520547945205,0.0,1.0,0.893105629348514,1.0,0.0,3.0,0.8875508228987787,0.11244917710122125,4
1037,13,1.0,7.0,1.0,4.0,0.0,7.0,15.0,1.0,2.0,7.0,51.0,29.08,98.0,1.0,11.0,45.0,0.0,16.169014084507,0.0,0.0,0.794520547945205,0.0,1.0,0.893105629348514,1.0,0.0,3.0,0.8996159676819556,0.10038403231804437,5
1037,14,1.0,7.0,1.0,4.0,4.0,7.0,600.0,1.0,12.0,7.0,51.0,0.74,98.0,1.0,11.0,45.0,1.0,16.169014084507,0.0,0.0,0.794520547945205,0.0,1.0,1.0,1.0,0.0,3.0,0.524108397799841,0.475891602200159,2
1037,15,1.0,7.0,1.0,4.0,0.0,7.0,600.0,1.0,12.0,7.0,51.0,0.74,98.0,1.0,11.0,45.0,2.0,16.169014084507,0.0,0.0,0.794520547945205,0.0,1.0,1.0,1.0,0.0,3.0,0.5792232618482612,0.42077673815173877,2
1037,16,1.0,7.0,1.0,4.0,0.0,7.0,600.0,1.0,12.0,7.0,51.0,0.74,98.0,1.0,11.0,45.0,2.0,16.169014084507,0.0,0.0,5.2,0.0,1.0,0.893105629348514,1.0,0.0,3.0,0.5084498922447244,0.49155010775527563,2
1037,17,0.0,7.0,1.0,4.0,0.0,7.0,600.0,1.0,12.0,7.0,51.0,0.74,98.0,1.0,11.0,45.0,6.0,16.169014084507,0.0,0.0,5.2,0.0,1.0,1.0,1.0,0.0,3.0,0.8058152789119818,0.1941847210880182,5
1037,18,1.0,7.0,1.0,4.0,4.0,7.0,15.0,1.0,12.0,7.0,51.0,0.74,98.0,1.0,11.0,45.0,0.0,16.169014084507,0.0,0.0,0.794520547945205,0.0,1.0,1.0,1.0,0.0,3.0,0.862522073175361,0.13747792682463902,3
1037,19,1.0,7.0,1.0,4.0,0.0,7.0,15.0,1.0,12.0,7.0,51.0,0.74,98.0,1.0,11.0,45.0,0.0,16.169014084507,0.0,0.0,0.794520547945205,0.0,1.0,1.0,1.0,0.0,3.0,0.8820147668828136,0.11798523311718644,4
1045,0,2.0,16.0,1.0,0.0,0.0,7.0,25.0,1.0,1.0,10.0,69.0,0.8,94.0,1.0,2.0,35.0,3.0,6.40909090909091,1.0,1.0,0.688888888888889,0.0,40.0,0.83013698630137,0.5,0.0,1.0,0.5238931195684599,0.47610688043154015,4
1045,1,2.0,16.0,1.0,0.0,0.0,7.0,25.0,1.0,1.0,1.0,69.0,0.8,94.0,0.0,2.0,35.0,3.0,6.40909090909091,1.0,1.0,0.688888888888889,0.0,40.0,0.83013698630137,0.8,0.0,0.0,0.7064700349130362,0.29352996508696383,5
1045,2,2.0,16.0,1.0,0.0,0.0,7.0,93.111,1.0,1.0,10.0,69.0,0.8,94.0,3.0,2.0,35.0,3.0,6.40909090909091,1.0,1.0,0.688888888888889,0.0,40.0,1.0,0.5,0.0,0.0,0.5219328124585372,0.4780671875414629,4
1045,3,2.0,16.0,1.0,0.0,0.0,7.0,25.0,1.0,1.0,10.0,69.0,0.8,94.0,2.0,2.0,35.0,3.0,6.40909090909091,1.0,1.0,0.688888888888889,0.0,40.0,1.0,0.5,0.0,0.0,0.7060527359906579,0.29394726400934207,5
1045,4,2.0,16.0,1.0,0.0,0.0,7.0,25.0,1.0,1.0,5.0,69.0,0.8,94.0,2.0,2.0,35.0,3.0,6.40909090909091,1.0,1.0,0.688888888888889,0.0,40.0,0.83013698630137,0.5,0.0,0.0,0.5131382159835013,0.4868617840164987,4
1045,5,2.0,16.0,1.0,0.0,0.0,7.0,25.0,1.0,1.0,22.0,69.0,0.8,94.0,3.0,2.0,35.0,3.0,6.0,1.0,1.0,0.0,0.0,40.0,0.83013698630137,0.8,0.0,0.0,0.5161739741337055,0.4838260258662946,5
1045,6,5.0,16.0,1.0,0.0,0.0,7.0,25.0,1.0,1.0,22.0,69.0,0.8,94.0,3.0,2.0,35.0,3.0,6.40909090909091,1.0,1.0,0.688888888888889,0.0,40.0,1.0,0.5,0.0,0.0,0.5773289149619216,0.42267108503807843,4
1045,7,153.0,16.0,1.0,0.0,0.0,7.0,25.0,1.0,93.0,22.0,69.0,0.8,94.0,3.0,2.0,35.0,3.0,6.40909090909091,1.0,1.0,0.688888888888889,0.0,40.0,1.0,0.5,0.0,0.0,0.6839279918944727,0.3160720081055273,5
1045,8,2.0,16.0,1.0,0.0,0.0,7.0,25.0,1.0,1.0,10.0,69.0,29.08,94.0,3.0,2.0,35.0,3.0,6.40909090909091,1.0,1.0,0.688888888888889,0.0,40.0,0.83013698630137,0.5,0.0,0.0,0.5435412873201257,0.45645871267987426,4
1045,9,2.0,16.0,1.0,0.0,0.0,7.0,25.0,1.0,1.0,5.0,13.0,0.8,94.0,3.0,2.0,35.0,3.0,6.40909090909091,1.0,1.0,0.688888888888889,0.0,40.0,0.83013698630137,0.5,0.0,0.0,0.5152353305092361,0.48476466949076397,4
1045,10,2.0,16.0,1.0,0.0,0.0,7.0,25.0,1.0,1.0,0.0,13.0,29.08,94.0,3.0,2.0,35.0,3.0,6.40909090909091,1.0,1.0,0.688888888888889,0.0,40.0,0.83013698630137,0.5,0.0,0.0,0.7122418344474635,0.2877581655525366,5
1045,11,2.0,16.0,1.0,0.0,0.0,7.0,25.0,1.0,1.0,0.0,0.0,29.08,94.0,3.0,2.0,35.0,3.0,6.40909090909091,1.0,1.0,0.688888888888889,0.0,40.0,0.83013698630137,0.5,0.0,0.0,0.7242621995978913,0.27573780040210877,5
1045,12,2.0,16.0,1.0,0.0,0.0,7.0,25.0,1.0,1.0,22.0,69.0,0.8,94.0,1.0,2.0,35.0,3.0,6.40909090909091,1.0,1.0,0.688888888888889,0.0,40.0,0.83013698630137,0.8,0.0,1.0,0.55866519117259,0.4413348088274101,4
1045,13,2.0,16.0,1.0,0.0,0.0,7.0,25.0,1.0,1.0,22.0,69.0,0.8,94.0,1.0,2.0,35.0,3.0,6.40909090909091,1.0,1.0,0.688888888888889,0.0,2.0,0.83013698630137,0.5,0.0,1.0,0.5120233652393329,0.48797663476066716,4
1045,14,2.0,16.0,1.0,0.0,0.0,7.0,25.0,1.0,1.0,22.0,69.0,0.8,94.0,0.0,2.0,35.0,3.0,6.40909090909091,1.0,1.0,0.688888888888889,0.0,2.0,0.83013698630137,0.0,0.0,0.0,0.7331042263679578,0.2668957736320422,5
1045,15,2.0,16.0,1.0,0.0,0.0,7.0,25.0,1.0,1.0,22.0,69.0,0.8,94.0,0.0,2.0,35.0,3.0,6.40909090909091,1.0,1.0,0.688888888888889,0.0,0.0,0.83013698630137,0.0,0.0,0.0,0.7844307091532061,0.21556929084679385,5
1045,16,2.0,16.0,1.0,0.0,0.0,7.0,25.0,1.0,1.0,22.0,69.0,0.8,94.0,2.0,2.0,35.0,3.0,6.40909090909091,1.0,1.0,0.688888888888889,0.0,0.0,0.83013698630137,0.5,0.0,1.0,0.5421416756501216,0.4578583243498784,4
1045,17,2.0,16.0,1.0,0.0,0.0,7.0,25.0,1.0,1.0,10.0,69.0,0.8,94.0,3.0,2.0,35.0,3.0,6.40909090909091,1.0,1.0,0.688888888888889,0.0,2.0,1.0,0.5,0.0,8.0,0.556852245086972,0.4431477549130281,4
1045,18,2.0,16.0,1.0,0.0,0.0,7.0,25.0,1.0,1.0,10.0,69.0,0.8,94.0,3.0,2.0,35.0,3.0,6.40909090909091,2.0,1.0,0.688888888888889,0.0,2.0,1.0,0.5,0.0,8.0,0.6770112552220867,0.3229887447779133,5
1045,19,2.0,16.0,1.0,0.0,0.0,7.0,25.0,1.0,1.0,22.0,13.0,0.8,94.0,1.0,2.0,35.0,3.0,3.0,1.0,1.0,0.688888888888889,0.0,40.0,0.83013698630137,0.5,0.0,0.0,0.5248246891789501,0.4751753108210499,5
1046,0,7.0,36.0,2.0,0.0,0.0,11.0,15.0,1.0,3.0,6.0,77.0,0.62,97.0,3.0,0.0,64.0,1.0,4.30081300813008,0.0,1.0,1.584,0.0,44.0,0.848963242224317,1.0,0.0,0.0,0.5258184320017705,0.4741815679982296,2
1046,1,7.0,36.0,2.0,0.0,0.0,11.0,15.0,1.0,3.0,6.0,77.0,0.62,97.0,3.0,0.0,64.0,1.0,4.30081300813008,0.0,1.0,1.584,0.0,44.0,1.0,1.0,0.0,0.0,0.7460359451208817,0.25396405487911833,3
1046,2,7.0,36.0,2.0,0.0,0.0,11.0,15.0,1.0,3.0,6.0,77.0,0.62,97.0,3.0,0.0,64.0,1.0,4.30081300813008,0.0,1.0,0.0,0.0,44.0,1.0,1.0,0.0,0.0,0.8242496073114216,0.17575039268857834,4
1046,3,7.0,36.0,2.0,0.0,0.0,11.0,15.0,1.0,3.0,6.0,77.0,0.62,97.0,4.0,0.0,64.0,1.0,4.30081300813008,0.0,1.0,0.0,0.0,44.0,1.0,1.0,0.0,0.0,0.8660800541566017,0.13391994584339825,5
1046,4,7.0,36.0,2.0,0.0,0.0,11.0,127.0,1.0,3.0,6.0,77.0,0.62,97.0,3.0,0.0,64.0,1.0,4.30081300813008,0.0,1.0,0.0,0.0,2.0,0.848963242224317,1.0,0.0,8.0,0.5351167944875919,0.46488320551240814,3
1046,5,7.0,36.0,2.0,0.0,0.0,11.0,15.0,1.0,3.0,6.0,77.0,0.62,97.0,2.0,0.0,64.0,1.0,4.30081300813008,0.0,1.0,0.0,0.0,0.0,0.848963242224317,1.0,0.0,8.0,0.6959607652328496,0.30403923476715045,4
1046,6,7.0,36.0,2.0,0.0,0.0,11.0,15.0,1.0,3.0,6.0,25.0,0.62,97.0,2.0,0.0,64.0,1.0,4.30081300813008,0.0,1.0,0.0,0.0,0.0,0.848963242224317,1.0,0.0,8.0,0.7260614257672146,0.27393857423278545,5
1046,7,7.0,36.0,2.0,0.0,0.0,11.0,15.0,1.0,3.0,6.0,77.0,0.62,97.0,3.0,0.0,64.0,1.0,4.30081300813008,0.0,1.0,1.584,0.0,44.0,1.0,0.8,0.0,0.0,0.7808121678859685,0.21918783211403148,4
1046,8,7.0,36.0,2.0,0.0,0.0,11.0,15.0,1.0,3.0,6.0,77.0,0.62,97.0,3.0,0.0,64.0,0.0,4.30081300813008,0.0,1.0,1.584,0.0,44.0,1.0,0.8,0.0,0.0,0.8047406992479222,0.1952593007520778,5
1046,9,7.0,36.0,2.0,0.0,0.0,11.0,15.0,1.0,3.0,6.0,77.0,0.62,97.0,2.0,0.0,64.0,1.0,4.30081300813008,0.0,1.0,1.584,0.0,44.0,1.0,1.0,0.0,8.0,0.5328514446480167,0.4671485553519833,3
1046,10,7.0,0.0,2.0,0.0,0.0,11.0,15.0,1.0,3.0,6.0,77.0,0.62,97.0,3.0,0.0,64.0,1.0,4.30081300813008,0.0,1.0,1.584,0.0,44.0,1.0,1.0,0.0,8.0,0.5040677262632075,0.4959322737367925,3
1046,11,7.0,1.0,2.0,0.0,0.0,11.0,15.0,1.0,3.0,6.0,77.0,0.62,97.0,2.0,0.0,64.0,1.0,4.30081300813008,0.0,1.0,0.4,0.0,44.0,0.848963242224317,1.0,0.0,8.0,0.5097988371641161,0.4902011628358839,4
1046,12,7.0,4.0,2.0,0.0,0.0,11.0,25.0,1.0,3.0,6.0,77.0,0.62,97.0,1.0,0.0,64.0,1.0,4.30081300813008,0.0,1.0,1.584,0.0,44.0,0.848963242224317,1.0,0.0,8.0,0.5236907958985504,0.47630920410144967,3
1046,13,7.0,36.0,2.0,0.0,0.0,11.0,93.111,1.0,3.0,6.0,77.0,0.62,97.0,1.0,0.0,64.0,1.0,4.30081300813008,0.0,1.0,1.584,0.0,44.0,1.0,1.0,0.0,8.0,0.5026566213662836,0.49734337863371636,3
1046,14,7.0,36.0,2.0,0.0,0.0,11.0,127.0,1.0,3.0,6.0,77.0,0.62,97.0,1.0,0.0,64.0,1.0,4.30081300813008,0.0,1.0,0.0,0.0,44.0,0.848963242224317,1.0,0.0,8.0,0.523950433732917,0.476049566267083,3
1046,15,7.0,36.0,2.0,0.0,0.0,11.0,15.0,1.0,3.0,6.0,77.0,0.62,97.0,3.0,0.0,64.0,1.0,4.30081300813008,0.0,1.0,1.584,0.0,0.0,0.848963242224317,1.0,0.0,0.0,0.7024310611955569,0.2975689388044432,3
1046,16,7.0,36.0,2.0,0.0,0.0,11.0,15.0,1.0,3.0,6.0,77.0,0.62,97.0,3.0,0.0,64.0,1.0,4.30081300813008,0.0,1.0,0.0,0.0,0.0,0.848963242224317,1.0,0.0,0.0,0.8618414506551856,0.13815854934481445,4
1046,17,7.0,36.0,2.0,0.0,0.0,11.0,15.0,1.0,3.0,6.0,77.0,0.62,97.0,3.0,0.0,64.0,1.0,4.30081300813008,0.0,1.0,0.0,0.0,0.0,0.848963242224317,0.0,0.0,0.0,0.9107758281576024,0.08922417184239767,5
1046,18,7.0,36.0,2.0,0.0,0.0,3.0,25.0,1.0,3.0,6.0,77.0,0.62,97.0,3.0,0.0,64.0,1.0,4.30081300813008,0.0,1.0,1.584,0.0,44.0,1.0,1.0,0.0,8.0,0.5032307200712687,0.49676927992873127,3
1046,19,7.0,36.0,2.0,0.0,0.0,11.0,15.0,1.0,3.0,6.0,77.0,0.62,97.0,3.0,0.0,64.0,1.0,4.30081300813008,0.0,25.0,1.584,0.0,44.0,1.0,1.0,0.0,8.0,0.5005755432965738,0.49942445670342617,3
1047,0,1.0,20.0,1.0,0.0,1.0,10.0,15.0,1.0,6.0,10.0,53.0,1.05,96.0,2.0,3.0,59.0,1.0,6.625,0.0,0.0,0.695121951219512,0.0,0.0,0.90894819466248,0.0,0.0,7.0,0.550079149362948,0.44992085063705206,1
1047,1,1.0,20.0,1.0,0.0,1.0,10.0,15.0,1.0,6.0,10.0,53.0,1.05,96.0,2.0,3.0,59.0,1.0,6.625,0.0,0.0,0.695121951219512,0.0,0.0,0.90894819466248,0.0,0.0,0.0,0.8946497879941124,0.10535021200588751,2
1047,2,1.0,20.0,1.0,0.0,0.0,10.0,15.0,1.0,6.0,10.0,53.0,1.05,96.0,2.0,3.0,59.0,1.0,6.625,0.0,0.0,0.695121951219512,0.0,0.0,0.90894819466248,0.0,0.0,0.0,0.943771448266209,0.05622855173379107,3
1047,3,1.0,20.0,1.0,0.0,0.0,10.0,15.0,1.0,6.0,10.0,53.0,1.05,96.0,2.0,3.0,59.0,1.0,337.0,0.0,0.0,0.695121951219512,0.0,0.0,0.90894819466248,0.0,0.0,0.0,0.9667379721531983,0.03326202784680161,4
1047,4,1.0,20.0,1.0,0.0,0.0,10.0,15.0,1.0,6.0,10.0,53.0,1.05,96.0,2.0,3.0,59.0,1.0,337.0,0.0,0.0,0.695121951219512,0.0,0.0,1.0,0.0,0.0,0.0,0.9669117621389729,0.03308823786102706,5
1047,5,1.0,20.0,1.0,0.0,62.0,10.0,15.0,1.0,6.0,10.0,53.0,1.05,96.0,2.0,3.0,59.0,1.0,337.0,0.0,0.0,0.695121951219512,0.0,0.0,1.0,0.0,0.0,0.0,0.9790759284776285,0.02092407152237155,5
1047,6,5.0,20.0,1.0,0.0,1.0,10.0,15.0,1.0,6.0,10.0,53.0,1.05,96.0,2.0,3.0,59.0,1.0,6.625,0.0,0.0,0.695121951219512,0.0,0.0,0.90894819466248,0.0,0.0,0.0,0.9431577988683885,0.05684220113161156,3
1047,7,5.0,20.0,1.0,0.0,1.0,10.0,15.0,1.0,6.0,10.0,53.0,1.05,96.0,2.0,3.0,59.0,1.0,337.0,0.0,0.0,0.695121951219512,0.0,0.0,0.90894819466248,0.0,0.0,0.0,0.9663660351095761,0.03363396489042387,4
1047,8,5.0,20.0,1.0,0.0,1.0,10.0,15.0,1.0,6.0,10.0,13.0,1.05,96.0,2.0,3.0,59.0,1.0,337.0,0.0,0.0,0.695121951219512,0.0,0.0,0.90894819466248,0.0,0.0,0.0,0.9720973915884588,0.027902608411541293,5
1047,9,1.0,20.0,1.0,0.0,0.0,10.0,15.0,1.0,6.0,10.0,53.0,1.05,96.0,2.0,3.0,59.0,1.0,6.625,0.0,0.0,0.695121951219512,0.0,0.0,0.90894819466248,0.0,0.0,7.0,0.7133042183066165,0.2866957816933835,2
1047,10,1.0,20.0,1.0,0.0,0.0,10.0,15.0,1.0,6.0,10.0,53.0,29.08,96.0,2.0,3.0,59.0,1.0,6.625,0.0,0.0,0.695121951219512,0.0,0.0,0.90894819466248,0.0,0.0,7.0,0.7945344314254532,0.2054655685745468,3
1047,11,1.0,20.0,1.0,7.0,0.0,10.0,15.0,1.0,6.0,10.0,53.0,29.08,96.0,2.0,3.0,59.0,1.0,6.625,0.0,0.0,0.695121951219512,0.0,0.0,0.90894819466248,0.0,0.0,7.0,0.8306690441899249,0.169330955810075,4
1047,12,1.0,20.0,1.0,7.0,0.0,10.0,15.0,1.0,6.0,10.0,53.0,29.08,96.0,2.0,3.0,59.0,1.0,6.625,0.0,0.0,0.695121951219512,0.0,0.0,1.0,0.0,0.0,7.0,0.8544883498361656,0.14551165016383438,5
1047,13,1.0,20.0,1.0,7.0,62.0,10.0,15.0,1.0,6.0,10.0,53.0,29.08,96.0,2.0,3.0,59.0,1.0,6.625,0.0,0.0,0.695121951219512,0.0,0.0,1.0,0.0,0.0,7.0,0.8771497875534779,0.12285021244652203,5
1047,14,1.0,20.0,1.0,0.0,0.0,10.0,15.0,1.0,6.0,10.0,53.0,1.05,96.0,2.0,3.0,59.0,1.0,6.625,0.0,0.0,0.0,0.0,0.0,0.90894819466248,0.0,0.0,0.0,0.9706883701507826,0.029311629849217424,4
1047,15,1.0,20.0,1.0,321.0,0.0,10.0,15.0,1.0,6.0,10.0,53.0,1.05,96.0,2.0,3.0,59.0,1.0,6.625,0.0,0.0,0.695121951219512,0.0,0.0,0.90894819466248,0.0,0.0,0.0,0.9640282799570159,0.03597172004298409,4
1047,16,1.0,4.0,1.0,321.0,0.0,10.0,15.0,1.0,6.0,10.0,53.0,1.05,96.0,2.0,3.0,59.0,1.0,6.625,0.0,0.0,0.695121951219512,0.0,0.0,0.90894819466248,0.0,0.0,0.0,0.9772805532018183,0.02271944679818176,5
1047,17,1.0,2.0,1.0,0.0,1.0,10.0,888.0,1.0,6.0,10.0,53.0,1.05,96.0,2.0,3.0,59.0,1.0,6.625,0.0,0.0,0.695121951219512,0.0,0.0,0.90894819466248,0.0,0.0,0.0,0.5041993777326728,0.4958006222673273,2
1047,18,1.0,0.0,1.0,0.0,1.0,10.0,888.0,1.0,6.0,10.0,53.0,1.05,96.0,2.0,3.0,59.0,1.0,6.625,0.0,0.0,0.695121951219512,0.0,0.0,1.0,0.0,0.0,0.0,0.7376675486177741,0.26233245138222594,3
1047,19,1.0,0.0,1.0,0.0,1.0,10.0,888.0,1.0,6.0,10.0,53.0,1.05,96.0,2.0,3.0,59.0,0.0,6.625,0.0,0.0,0.695121951219512,0.0,0.0,1.0,0.0,0.0,0.0,0.7586308928864604,0.24136910711353962,4
1053,0,3.0,9.0,2.0,0.0,0.0,17.0,25.0,1.0,1.0,22.0,36.0,0.79,87.0,3.0,0.0,48.0,1.0,5.20408163265306,0.0,1.0,1.05882352941176,0.0,1.0,1.0,1.0,0.0,6.0,0.5340868245005763,0.4659131754994237,2
1053,1,3.0,9.0,2.0,0.0,0.0,17.0,15.0,1.0,1.0,22.0,36.0,0.79,87.0,3.0,0.0,48.0,1.0,5.20408163265306,0.0,1.0,1.05882352941176,0.0,1.0,1.0,1.0,0.0,0.0,0.816029892256979,0.183970107743021,3
1053,2,3.0,9.0,2.0,0.0,0.0,17.0,93.111,1.0,1.0,22.0,36.0,0.79,87.0,1.0,0.0,48.0,1.0,5.20408163265306,0.0,1.0,1.05882352941176,0.0,1.0,0.762559038213826,1.0,0.0,4.0,0.507377222401489,0.49262277759851103,3
1053,3,3.0,9.0,2.0,0.0,0.0,17.0,93.111,1.0,1.0,22.0,13.0,0.79,87.0,1.0,0.0,48.0,1.0,5.20408163265306,0.0,1.0,1.05882352941176,0.0,1.0,0.762559038213826,1.0,0.0,6.0,0.5072007831625303,0.4927992168374697,3
1053,4,3.0,9.0,2.0,0.0,0.0,17.0,93.111,1.0,1.0,22.0,13.0,0.79,87.0,0.0,0.0,48.0,1.0,5.20408163265306,0.0,1.0,1.05882352941176,0.0,1.0,1.0,1.0,0.0,0.0,0.9369436906030357,0.06305630939696427,5
1053,5,3.0,9.0,2.0,0.0,0.0,17.0,15.0,1.0,1.0,22.0,36.0,0.79,87.0,0.0,0.0,48.0,1.0,5.20408163265306,0.0,1.0,1.05882352941176,0.0,1.0,0.762559038213826,1.0,0.0,1.0,0.6891168441231228,0.31088315587687715,3
1053,6,3.0,9.0,2.0,0.0,0.0,17.0,15.0,1.0,1.0,22.0,36.0,0.79,87.0,0.0,0.0,48.0,1.0,5.20408163265306,0.0,1.0,0.0,0.0,1.0,0.762559038213826,1.0,0.0,1.0,0.793414753879174,0.20658524612082596,4
1053,7,5.0,9.0,2.0,0.0,0.0,17.0,15.0,1.0,1.0,22.0,36.0,0.79,87.0,0.0,0.0,48.0,1.0,5.20408163265306,0.0,1.0,0.0,0.0,1.0,0.762559038213826,1.0,0.0,1.0,0.8118933311688259,0.18810666883117408,5
1053,8,5.0,9.0,2.0,0.0,0.0,17.0,15.0,1.0,1.0,22.0,36.0,0.79,87.0,0.0,0.0,48.0,1.0,5.20408163265306,0.0,1.0,0.0,0.0,1.0,0.762559038213826,1.0,0.0,0.0,0.8264365033082853,0.1735634966917147,5
1053,9,3.0,9.0,2.0,0.0,0.0,17.0,15.0,1.0,1.0,22.0,36.0,0.79,87.0,0.0,0.0,48.0,1.0,5.20408163265306,0.0,1.0,1.05882352941176,0.0,1.0,1.0,1.0,0.0,6.0,0.7363317399634693,0.26366826003653066,3
1053,10,3.0,9.0,2.0,0.0,0.0,17.0,127.0,1.0,1.0,22.0,36.0,0.79,87.0,1.0,0.0,48.0,1.0,5.20408163265306,0.0,1.0,1.05882352941176,0.0,1.0,1.0,1.0,0.0,6.0,0.5782533291175956,0.42174667088240436,3
1053,11,3.0,9.0,2.0,1.0,0.0,17.0,93.111,1.0,1.0,22.0,36.0,0.79,87.0,0.0,0.0,48.0,1.0,5.20408163265306,0.0,1.0,1.05882352941176,0.0,1.0,1.0,1.0,0.0,6.0,0.813297931517328,0.18670206848267198,4
1053,12,3.0,9.0,2.0,0.0,0.0,17.0,93.111,1.0,1.0,10.0,36.0,0.79,87.0,3.0,0.0,48.0,1.0,5.20408163265306,0.0,1.0,1.05882352941176,0.0,1.0,1.0,1.0,0.0,6.0,0.5193510915911819,0.4806489084088182,3
1053,13,3.0,9.0,2.0,321.0,0.0,17.0,93.111,1.0,1.0,10.0,36.0,0.79,87.0,1.0,0.0,48.0,1.0,5.20408163265306,0.0,1.0,1.05882352941176,0.0,1.0,0.762559038213826,1.0,0.0,6.0,0.5864532271838068,0.4135467728161932,4
1053,14,3.0,9.0,2.0,321.0,0.0,17.0,93.111,1.0,1.0,1.0,36.0,0.79,87.0,0.0,0.0,48.0,1.0,5.20408163265306,0.0,1.0,1.05882352941176,0.0,1.0,1.0,1.0,0.0,6.0,0.8828068864209514,0.11719311357904857,5
1053,15,3.0,9.0,2.0,0.0,0.0,17.0,93.111,1.0,1.0,22.0,13.0,0.79,87.0,0.0,0.0,48.0,1.0,5.20408163265306,0.0,1.0,1.05882352941176,0.0,1.0,1.0,1.0,0.0,6.0,0.8253694488371053,0.17463055116289475,4
1053,16,3.0,9.0,2.0,0.0,0.0,17.0,93.111,1.0,1.0,10.0,13.0,0.79,87.0,0.0,0.0,48.0,1.0,5.20408163265306,0.0,1.0,1.05882352941176,0.0,1.0,1.0,1.0,0.0,6.0,0.8408490413045228,0.15915095869547727,5
1053,17,3.0,9.0,2.0,1.0,0.0,17.0,15.0,1.0,1.0,22.0,36.0,0.79,87.0,3.0,0.0,48.0,1.0,5.20408163265306,0.0,1.0,1.05882352941176,0.0,1.0,1.0,1.0,0.0,6.0,0.6118215229677298,0.38817847703227015,3
1053,18,3.0,9.0,2.0,1.0,0.0,17.0,15.0,1.0,1.0,22.0,36.0,0.79,87.0,3.0,0.0,48.0,1.0,5.20408163265306,0.0,1.0,1.05882352941176,0.0,1.0,1.0,0.8,0.0,6.0,0.6385098088228002,0.3614901911771998,4
1053,19,3.0,9.0,2.0,1.0,0.0,17.0,15.0,1.0,1.0,22.0,36.0,0.79,87.0,3.0,0.0,128.0,1.0,5.20408163265306,0.0,1.0,1.05882352941176,0.0,1.0,1.0,0.8,0.0,6.0,0.6618516595847923,0.33814834041520775,5
1054,0,1.0,6.0,1.0,0.0,0.0,25.0,15.0,1.0,2.0,7.0,15.0,1.78,89.0,5.0,2.0,32.0,1.0,4.04166666666667,0.0,1.0,0.923076923076923,0.0,0.0,0.464253393665158,0.0,0.0,6.0,0.5420714126298823,0.45792858737011766,1
1054,1,1.0,6.0,1.0,0.0,0.0,25.0,15.0,1.0,2.0,7.0,15.0,1.78,89.0,5.0,2.0,32.0,1.0,4.04166666666667,0.0,1.0,0.923076923076923,0.0,0.0,1.0,0.0,0.0,6.0,0.7931573588203141,0.20684264117968584,2
1054,2,1.0,6.0,1.0,0.0,0.0,25.0,93.111,1.0,2.0,7.0,15.0,1.78,89.0,5.0,2.0,32.0,1.0,4.04166666666667,0.0,1.0,0.923076923076923,0.0,0.0,0.9,0.0,0.0,6.0,0.5638747830147309,0.43612521698526907,2
1054,3,1.0,6.0,1.0,0.0,0.0,25.0,15.0,1.0,2.0,7.0,15.0,1.78,89.0,0.0,2.0,32.0,1.0,0.0,0.0,1.0,0.923076923076923,0.0,0.0,1.0,0.0,0.0,6.0,0.8959852301343424,0.10401476986565765,4
1054,4,1.0,6.0,1.0,0.0,0.0,25.0,15.0,1.0,2.0,7.0,15.0,1.78,89.0,0.0,2.0,32.0,1.0,0.0,0.0,1.0,1.3,0.0,0.0,1.0,0.0,0.0,6.0,0.9044362221664822,0.09556377783351774,5
1054,5,1.0,6.0,1.0,0.0,0.0,25.0,15.0,1.0,2.0,7.0,15.0,1.78,89.0,5.0,2.0,32.0,1.0,4.04166666666667,0.0,1.0,0.0,0.0,0.0,0.464253393665158,0.0,0.0,6.0,0.7449713148880506,0.2550286851119495,2
1054,6,1.0,6.0,1.0,0.0,0.0,25.0,15.0,1.0,2.0,7.0,15.0,1.78,89.0,5.0,2.0,32.0,1.0,4.04166666666667,0.0,1.0,0.0,0.0,0.0,0.464253393665158,0.0,0.0,1.0,0.8422518600695349,0.15774813993046508,3
1054,7,1.0,6.0,1.0,0.0,0.0,25.0,15.0,1.0,2.0,7.0,15.0,1.78,89.0,3.0,2.0,32.0,1.0,4.04166666666667,0.0,1.0,0.0,0.0,0.0,0.464253393665158,0.0,0.0,1.0,0.8635404478661084,0.13645955213389155,4
1054,8,1.0,6.0,1.0,0.0,0.0,25.0,15.0,1.0,2.0,7.0,3.0,1.78,89.0,3.0,2.0,32.0,1.0,4.04166666666667,0.0,1.0,0.0,0.0,0.0,0.464253393665158,0.0,0.0,1.0,0.8868785671881424,0.11312143281185763,5
1054,9,0.0,6.0,1.0,0.0,0.0,25.0,15.0,1.0,2.0,7.0,15.0,1.78,89.0,5.0,2.0,32.0,1.0,0.0,0.0,1.0,0.923076923076923,0.0,0.0,1.0,0.0,0.0,6.0,0.9006665093442145,0.09933349065578549,4
1054,10,0.0,6.0,1.0,0.0,0.0,25.0,15.0,1.0,2.0,7.0,15.0,1.78,89.0,0.0,2.0,32.0,1.0,0.0,0.0,1.0,0.923076923076923,0.0,0.0,1.0,0.0,0.0,6.0,0.9193219908494322,0.08067800915056778,5
1054,11,153.0,6.0,1.0,0.0,0.0,25.0,15.0,1.0,2.0,7.0,15.0,1.78,89.0,0.0,2.0,32.0,1.0,0.0,0.0,1.0,0.923076923076923,0.0,0.0,1.0,0.0,0.0,6.0,0.9297751369654692,0.0702248630345308,5
1054,12,1.0,6.0,1.0,0.0,0.0,25.0,15.0,1.0,2.0,7.0,15.0,1.78,89.0,0.0,2.0,32.0,1.0,4.04166666666667,0.0,1.0,0.923076923076923,0.0,0.0,1.0,0.0,0.0,6.0,0.868994273886221,0.131005726113779,3
1054,13,1.0,6.0,1.0,0.0,0.0,25.0,15.0,1.0,2.0,7.0,15.0,1.78,89.0,0.0,2.0,32.0,1.0,4.04166666666667,0.0,1.0,0.923076923076923,5.0,0.0,1.0,0.0,0.0,6.0,0.918164645967682,0.08183535403231804,4
1054,14,1.0,6.0,1.0,0.0,0.0,25.0,15.0,1.0,2.0,7.0,15.0,1.78,89.0,0.0,2.0,32.0,1.0,4.04166666666667,0.0,1.0,1.8,5.0,0.0,1.0,0.0,0.0,6.0,0.9404156352201466,0.05958436477985342,5
1054,15,0.0,6.0,1.0,0.0,0.0,25.0,15.0,1.0,2.0,7.0,15.0,1.78,89.0,5.0,2.0,32.0,1.0,4.04166666666667,0.0,1.0,0.0,0.0,0.0,0.464253393665158,0.0,0.0,6.0,0.8116721974110064,0.1883278025889936,3
1054,16,0.0,6.0,1.0,0.0,0.0,25.0,15.0,1.0,2.0,7.0,15.0,29.08,89.0,5.0,2.0,32.0,1.0,4.04166666666667,0.0,1.0,0.0,0.0,0.0,0.464253393665158,0.0,0.0,6.0,0.8423295160954395,0.15767048390456048,4
1054,17,0.0,6.0,1.0,0.0,0.0,25.0,15.0,1.0,2.0,7.0,15.0,1.78,89.0,5.0,2.0,32.0,1.0,4.04166666666667,0.0,1.0,0.923076923076923,0.0,0.0,0.464253393665158,0.0,0.0,6.0,0.6553682314083009,0.34463176859169903,2
1054,18,0.0,6.0,1.0,0.0,0.0,25.0,15.0,1.0,2.0,7.0,15.0,1.78,89.0,5.0,2.0,32.0,1.0,4.0,0.0,1.0,0.923076923076923,0.0,0.0,0.464253393665158,0.0,0.0,6.0,0.7211102871763008,0.27888971282369923,3
1054,19,0.0,6.0,1.0,0.0,0.0,6.0,15.0,1.0,2.0,7.0,15.0,1.78,89.0,5.0,2.0,32.0,1.0,4.0,0.0,1.0,0.923076923076923,0.0,0.0,0.464253393665158,0.0,0.0,6.0,0.7721573610460265,0.22784263895397353,4
1058,0,0.0,7.0,1.0,0.0,0.0,8.0,127.0,1.0,2.0,2.0,24.0,1.1,51.0,4.0,10.0,22.0,1.0,3.12121212121212,0.0,1.0,0.457142857142857,0.0,0.0,0.932389937106918,0.0,0.0,3.0,0.512465231177337,0.487534768822663,1
1058,1,0.0,7.0,1.0,0.0,0.0,8.0,15.0,1.0,2.0,2.0,24.0,1.1,51.0,0.0,10.0,22.0,1.0,3.12121212121212,0.0,1.0,0.457142857142857,0.0,0.0,0.932389937106918,0.0,0.0,3.0,0.900249656612973,0.09975034338702699,2
1058,2,0.0,7.0,1.0,0.0,0.0,8.0,15.0,1.0,2.0,2.0,24.0,1.1,51.0,0.0,10.0,22.0,1.0,3.12121212121212,0.0,1.0,0.457142857142857,0.0,0.0,0.932389937106918,0.0,0.0,0.0,0.9563964506180659,0.043603549381934135,3
1058,3,0.0,7.0,1.0,0.0,0.0,8.0,15.0,1.0,93.0,2.0,24.0,1.1,51.0,0.0,10.0,22.0,1.0,3.12121212121212,0.0,1.0,0.457142857142857,0.0,0.0,0.932389937106918,0.0,0.0,0.0,0.9628868134973209,0.037113186502679155,4
1058,4,0.0,7.0,1.0,1.0,0.0,8.0,15.0,1.0,93.0,2.0,24.0,1.1,51.0,0.0,10.0,22.0,1.0,3.12121212121212,0.0,1.0,0.457142857142857,0.0,0.0,0.932389937106918,0.0,0.0,0.0,0.9656836050819081,0.034316394918091915,5
1058,5,0.0,7.0,1.0,0.0,0.0,8.0,15.0,1.0,2.0,2.0,13.0,1.1,51.0,0.0,10.0,22.0,1.0,3.12121212121212,0.0,1.0,0.457142857142857,0.0,0.0,0.932389937106918,0.0,0.0,3.0,0.9151122350666221,0.08488776493337795,3
1058,6,0.0,7.0,1.0,1.0,0.0,8.0,15.0,1.0,2.0,2.0,13.0,1.1,51.0,0.0,10.0,22.0,1.0,3.12121212121212,0.0,1.0,0.457142857142857,0.0,0.0,0.932389937106918,0.0,0.0,3.0,0.9212146670103172,0.07878533298968286,4
1058,7,0.0,7.0,1.0,1.0,0.0,8.0,15.0,1.0,2.0,2.0,13.0,1.1,51.0,0.0,10.0,22.0,1.0,3.12121212121212,0.0,1.0,0.457142857142857,0.0,0.0,0.9,0.0,0.0,3.0,0.9215937184876567,0.07840628151234327,5
1058,8,0.0,7.0,1.0,0.0,0.0,8.0,15.0,1.0,2.0,2.0,24.0,1.1,51.0,4.0,10.0,22.0,1.0,337.0,0.0,1.0,0.457142857142857,0.0,0.0,0.932389937106918,0.0,0.0,3.0,0.8641238554356733,0.13587614456432676,2
1058,9,0.0,7.0,1.0,0.0,0.0,8.0,15.0,1.0,2.0,2.0,24.0,29.08,51.0,4.0,10.0,22.0,1.0,337.0,0.0,1.0,0.457142857142857,0.0,0.0,0.932389937106918,0.0,0.0,3.0,0.9122933572987044,0.08770664270129563,3
1058,10,0.0,7.0,1.0,0.0,0.0,8.0,15.0,1.0,2.0,2.0,24.0,29.08,51.0,4.0,10.0,22.0,1.0,337.0,0.0,1.0,0.0,0.0,0.0,0.932389937106918,0.0,0.0,3.0,0.9318577540664229,0.06814224593357711,4
1058,11,0.0,7.0,1.0,0.0,0.0,8.0,15.0,1.0,2.0,2.0,24.0,29.08,51.0,0.0,10.0,22.0,1.0,3.12121212121212,0.0,1.0,0.457142857142857,0.0,0.0,0.932389937106918,0.0,0.0,3.0,0.9450354252320174,0.05496457476798255,3
1058,12,0.0,7.0,1.0,0.0,0.0,8.0,15.0,1.0,2.0,2.0,24.0,29.08,51.0,0.0,10.0,22.0,1.0,3.12121212121212,0.0,1.0,5.2,0.0,0.0,0.932389937106918,0.0,0.0,3.0,0.9588852080081981,0.04111479199180187,4
1058,13,0.0,7.0,1.0,0.0,0.0,8.0,15.0,1.0,2.0,2.0,24.0,0.05,51.0,0.0,10.0,22.0,1.0,3.12121212121212,0.0,1.0,5.2,0.0,0.0,0.932389937106918,0.0,0.0,3.0,0.970115940019499,0.02988405998050098,4
1058,14,0.0,7.0,1.0,0.0,0.0,8.0,297.0,1.0,2.0,2.0,24.0,1.1,51.0,4.0,10.0,22.0,1.0,3.12121212121212,0.0,1.0,0.457142857142857,0.0,0.0,0.932389937106918,0.0,0.0,1.0,0.5409092823686628,0.4590907176313372,1
1058,15,0.0,7.0,1.0,0.0,0.0,8.0,297.0,1.0,93.0,2.0,24.0,1.1,51.0,4.0,10.0,22.0,1.0,3.12121212121212,0.0,1.0,0.457142857142857,0.0,0.0,0.932389937106918,0.0,0.0,3.0,0.5429759867977458,0.45702401320225416,1
1058,16,0.0,7.0,1.0,0.0,0.0,8.0,297.0,1.0,93.0,2.0,24.0,1.1,51.0,0.0,10.0,22.0,1.0,3.12121212121212,0.0,1.0,0.457142857142857,0.0,0.0,0.932389937106918,0.0,0.0,0.0,0.8980143755774701,0.1019856244225299,3
1058,17,0.0,7.0,1.0,0.0,0.0,8.0,297.0,1.0,93.0,2.0,24.0,29.08,51.0,0.0,10.0,22.0,1.0,3.12121212121212,0.0,1.0,0.457142857142857,0.0,0.0,0.932389937106918,0.0,0.0,0.0,0.9441344892098146,0.0558655107901854,4
1058,18,0.0,7.0,1.0,0.0,0.0,8.0,297.0,1.0,2.0,2.0,24.0,1.1,51.0,2.0,10.0,22.0,1.0,3.12121212121212,0.0,1.0,0.457142857142857,0.0,0.0,0.932389937106918,0.0,0.0,3.0,0.5306704131436341,0.46932958685636594,1
1058,19,0.0,7.0,1.0,0.0,0.0,8.0,297.0,1.0,2.0,2.0,24.0,1.1,51.0,4.0,2.0,22.0,1.0,3.12121212121212,0.0,1.0,0.457142857142857,0.0,0.0,0.932389937106918,0.0,0.0,3.0,0.5074008079766587,0.49259919202334135,1
1064,0,4.0,1.0,2.0,0.0,0.0,22.0,310.0,1.0,0.0,7.0,6.0,0.48,83.0,4.0,0.0,40.0,1.0,10.2727272727273,1.0,1.0,3.23076923076923,0.0,0.0,0.907053941908714,0.0,0.0,4.0,0.5910648942698942,0.4089351057301058,1
1064,1,4.0,1.0,2.0,0.0,0.0,22.0,310.0,1.0,0.0,7.0,6.0,0.48,83.0,0.0,0.0,40.0,1.0,10.2727272727273,1.0,1.0,3.23076923076923,0.0,0.0,0.907053941908714,0.0,0.0,0.0,0.928180695366226,0.07181930463377395,2
1064,2,4.0,1.0,2.0,0.0,0.0,22.0,127.0,1.0,0.0,7.0,6.0,0.48,83.0,4.0,0.0,40.0,1.0,10.2727272727273,1.0,1.0,3.23076923076923,0.0,0.0,0.907053941908714,0.0,0.0,6.0,0.5205229497036239,0.47947705029637616,1
1064,3,4.0,1.0,2.0,0.0,0.0,22.0,15.0,1.0,0.0,7.0,6.0,0.48,83.0,0.0,0.0,40.0,1.0,10.2727272727273,1.0,25.0,3.23076923076923,0.0,0.0,0.907053941908714,0.0,0.0,0.0,0.9728950659533743,0.027104934046625756,4
1064,4,4.0,1.0,2.0,0.0,0.0,9.0,15.0,1.0,0.0,7.0,6.0,0.48,83.0,0.0,0.0,40.0,1.0,10.2727272727273,1.0,1.0,3.23076923076923,0.0,0.0,0.907053941908714,0.0,0.0,0.0,0.9696176374030994,0.030382362596900626,4
1064,5,4.0,1.0,2.0,0.0,0.0,22.0,15.0,1.0,0.0,7.0,6.0,0.05,83.0,0.0,0.0,40.0,1.0,10.2727272727273,1.0,1.0,3.23076923076923,0.0,0.0,0.907053941908714,0.0,0.0,0.0,0.9819898442667698,0.01801015573323021,4
1064,6,4.0,1.0,2.0,0.0,0.0,22.0,310.0,1.0,0.0,7.0,6.0,0.48,0.0,0.0,0.0,40.0,1.0,10.2727272727273,1.0,1.0,3.23076923076923,0.0,0.0,0.907053941908714,0.0,0.0,0.0,0.9471758791240485,0.052824120875951404,3
1064,7,4.0,1.0,2.0,0.0,0.0,22.0,310.0,1.0,0.0,10.0,6.0,0.48,0.0,0.0,0.0,40.0,1.0,10.2727272727273,1.0,1.0,3.23076923076923,0.0,0.0,0.907053941908714,0.0,0.0,0.0,0.9487289908799438,0.05127100912005622,4
1064,8,4.0,1.0,2.0,0.0,0.0,22.0,15.0,1.0,0.0,1.0,6.0,0.48,83.0,0.0,0.0,40.0,1.0,10.2727272727273,1.0,1.0,3.23076923076923,0.0,0.0,0.907053941908714,0.0,0.0,0.0,0.9662196963013451,0.033780303698654965,4
1064,9,4.0,1.0,2.0,0.0,0.0,22.0,310.0,1.0,0.0,7.0,6.0,0.48,83.0,4.0,0.0,40.0,1.0,10.2727272727273,1.0,25.0,3.23076923076923,0.0,0.0,0.907053941908714,0.0,0.0,6.0,0.5462473218060035,0.4537526781939964,1
1064,10,4.0,1.0,2.0,0.0,0.0,22.0,193.556,1.0,0.0,7.0,6.0,0.48,83.0,4.0,0.0,40.0,1.0,10.2727272727273,1.0,25.0,3.23076923076923,0.0,0.0,0.907053941908714,0.0,0.0,0.0,0.8791882408313191,0.12081175916868096,3
1064,11,4.0,1.0,2.0,0.0,0.0,22.0,193.556,1.0,0.0,7.0,6.0,0.48,83.0,4.0,0.0,40.0,1.0,3.9,1.0,1.0,3.23076923076923,0.0,0.0,0.907053941908714,0.0,0.0,6.0,0.523157040448752,0.47684295955124806,2
1064,12,4.0,1.0,2.0,0.0,0.0,22.0,15.0,1.0,0.0,1.0,6.0,0.48,83.0,0.0,0.0,40.0,1.0,10.2727272727273,1.0,25.0,3.23076923076923,0.0,0.0,0.907053941908714,0.0,0.0,0.0,0.9734991574315713,0.02650084256842863,5
1064,13,4.0,1.0,2.0,0.0,0.0,22.0,310.0,1.0,0.0,7.0,6.0,0.48,83.0,0.0,0.0,40.0,1.0,10.2727272727273,1.0,25.0,3.23076923076923,0.0,0.0,0.907053941908714,0.0,0.0,0.0,0.9575876761672157,0.042412323832784204,3
1064,14,4.0,1.0,2.0,0.0,0.0,22.0,310.0,1.0,0.0,7.0,6.0,0.05,83.0,0.0,0.0,40.0,1.0,10.2727272727273,1.0,25.0,3.23076923076923,0.0,0.0,0.907053941908714,0.0,0.0,0.0,0.9688237335197102,0.031176266480289806,4
1064,15,4.0,1.0,2.0,0.0,0.0,22.0,310.0,1.0,0.0,7.0,6.0,0.05,83.0,0.0,0.0,40.0,1.0,10.2727272727273,1.0,25.0,3.23076923076923,5.0,0.0,0.907053941908714,0.0,0.0,0.0,0.9767631435389287,0.023236856461071365,5
1064,16,4.0,1.0,2.0,0.0,0.0,22.0,15.0,1.0,0.0,7.0,6.0,0.48,83.0,0.0,0.0,40.0,1.0,10.2727272727273,1.0,1.0,3.23076923076923,5.0,0.0,0.907053941908714,0.0,0.0,0.0,0.9731626219232282,0.026837378076771792,4
1064,17,4.0,1.0,2.0,0.0,0.0,22.0,15.0,1.0,0.0,7.0,6.0,0.48,83.0,0.0,0.0,40.0,1.0,10.2727272727273,1.0,25.0,3.23076923076923,5.0,0.0,0.907053941908714,0.0,0.0,0.0,0.9789784736865236,0.021021526313476455,5
1064,18,4.0,1.0,2.0,0.0,0.0,22.0,310.0,1.0,0.0,7.0,6.0,0.31,83.0,4.0,0.0,40.0,1.0,10.2727272727273,1.0,25.0,3.23076923076923,0.0,0.0,0.907053941908714,0.0,0.0,0.0,0.8783777414534292,0.12162225854657083,3
1064,19,4.0,1.0,2.0,0.0,0.0,22.0,310.0,1.0,0.0,7.0,6.0,0.31,83.0,4.0,0.0,40.0,1.0,10.2727272727273,1.0,25.0,3.23076923076923,5.0,0.0,0.907053941908714,0.0,0.0,0.0,0.8972375662843445,0.10276243371565554,4
1066,0,17.0,4.0,1.0,19.0,0.0,18.0,15.0,1.0,2.0,17.0,25.0,0.92,90.0,3.0,0.0,49.0,1.0,6.39583333333333,0.0,1.0,1.1,0.0,16.0,0.930309278350515,1.0,0.0,6.0,0.5133455542211066,0.4866544457788934,2
1066,1,17.0,4.0,1.0,19.0,0.0,18.0,15.0,1.0,2.0,17.0,25.0,0.92,90.0,3.0,0.0,49.0,1.0,6.39583333333333,0.0,25.0,1.1,0.0,0.0,0.930309278350515,1.0,0.0,6.0,0.8151687801457775,0.18483121985422243,3
1066,2,17.0,4.0,1.0,19.0,0.0,18.0,15.0,1.0,2.0,17.0,25.0,0.92,90.0,2.0,0.0,49.0,1.0,6.39583333333333,0.0,25.0,1.1,0.0,0.0,0.930309278350515,1.0,0.0,6.0,0.8828799963538554,0.11712000364614457,4
1066,3,17.0,4.0,1.0,19.0,0.0,18.0,15.0,1.0,2.0,17.0,25.0,0.92,90.0,2.0,0.0,9.0,1.0,6.39583333333333,0.0,25.0,1.1,0.0,0.0,0.930309278350515,1.0,0.0,6.0,0.8850540767732855,0.11494592322671443,5
1066,4,17.0,4.0,1.0,19.0,0.0,18.0,25.0,1.0,2.0,17.0,25.0,0.92,90.0,1.0,0.0,49.0,1.0,6.39583333333333,0.0,1.0,1.1,0.0,115.0,0.930309278350515,1.0,0.0,6.0,0.5217782448902453,0.4782217551097548,2
1066,5,17.0,4.0,1.0,19.0,0.0,18.0,15.0,1.0,2.0,17.0,25.0,0.92,90.0,0.0,0.0,49.0,1.0,6.39583333333333,0.0,1.0,1.1,0.0,115.0,1.0,1.0,0.0,6.0,0.7340677493373042,0.26593225066269577,3
1066,6,17.0,4.0,1.0,19.0,0.0,18.0,15.0,1.0,2.0,17.0,25.0,0.92,90.0,0.0,0.0,49.0,1.0,6.39583333333333,0.0,1.0,5.2,0.0,115.0,1.0,1.0,0.0,6.0,0.7973279923130098,0.2026720076869902,4
1066,7,17.0,4.0,1.0,321.0,0.0,18.0,15.0,1.0,2.0,17.0,25.0,0.92,90.0,0.0,0.0,49.0,1.0,6.39583333333333,0.0,1.0,5.2,0.0,115.0,1.0,1.0,0.0,6.0,0.8133693866317503,0.18663061336824968,5
1066,8,17.0,4.0,1.0,19.0,0.0,18.0,15.0,1.0,2.0,17.0,25.0,0.92,90.0,3.0,0.0,49.0,1.0,6.39583333333333,0.0,1.0,1.1,0.0,0.0,0.930309278350515,1.0,0.0,0.0,0.8106146456658345,0.1893853543341655,3
1066,9,17.0,4.0,1.0,19.0,0.0,18.0,15.0,1.0,2.0,17.0,25.0,0.92,90.0,0.0,0.0,49.0,1.0,6.39583333333333,0.0,1.0,1.1,0.0,0.0,0.930309278350515,1.0,0.0,0.0,0.9118182806578744,0.08818171934212558,4
1066,10,17.0,4.0,1.0,19.0,0.0,18.0,15.0,1.0,2.0,17.0,25.0,0.92,90.0,0.0,0.0,9.0,1.0,6.39583333333333,0.0,1.0,1.1,0.0,0.0,0.930309278350515,1.0,0.0,0.0,0.9153130522027559,0.084686947797244,5
1066,11,17.0,4.0,1.0,19.0,0.0,18.0,25.0,1.0,2.0,17.0,25.0,0.92,90.0,3.0,0.0,49.0,1.0,6.39583333333333,0.0,1.0,1.1,0.0,115.0,1.0,1.0,0.0,6.0,0.5089646049546629,0.4910353950453371,2
1066,12,17.0,4.0,1.0,19.0,0.0,18.0,15.0,1.0,2.0,17.0,25.0,0.31,90.0,2.0,0.0,49.0,1.0,6.39583333333333,0.0,1.0,1.1,0.0,115.0,0.930309278350515,1.0,0.0,6.0,0.5310807178738967,0.46891928212610334,3
1066,13,17.0,4.0,1.0,19.0,0.0,18.0,15.0,1.0,2.0,17.0,25.0,29.08,90.0,2.0,0.0,21.0,1.0,6.39583333333333,0.0,1.0,1.1,0.0,115.0,1.0,1.0,0.0,6.0,0.7618246625897189,0.23817533741028107,5
1066,14,17.0,4.0,1.0,19.0,0.0,18.0,15.0,1.0,2.0,17.0,25.0,0.92,90.0,0.0,0.0,49.0,1.0,6.39583333333333,0.0,1.0,1.1,0.0,115.0,0.930309278350515,1.0,0.0,0.0,0.7739806408859896,0.22601935911401036,3
1066,15,17.0,4.0,1.0,19.0,0.0,18.0,15.0,1.0,2.0,17.0,25.0,0.92,90.0,3.0,0.0,49.0,1.0,6.39583333333333,0.0,1.0,1.1,5.0,115.0,0.930309278350515,1.0,0.0,4.0,0.5560225135528217,0.44397748644717827,3
1066,16,17.0,4.0,0.0,19.0,0.0,18.0,15.0,1.0,2.0,17.0,25.0,0.92,90.0,0.0,0.0,49.0,1.0,6.39583333333333,0.0,1.0,1.1,5.0,115.0,0.930309278350515,1.0,0.0,0.0,0.8424065833834004,0.15759341661659967,5
1066,17,17.0,4.0,1.0,19.0,0.0,18.0,15.0,1.0,2.0,17.0,25.0,0.92,90.0,0.0,0.0,49.0,0.0,6.39583333333333,0.0,1.0,1.1,5.0,115.0,0.930309278350515,1.0,0.0,0.0,0.857612129458203,0.142387870541797,5
1066,18,17.0,4.0,1.0,19.0,0.0,18.0,15.0,1.0,2.0,17.0,25.0,0.05,90.0,3.0,0.0,49.0,1.0,6.39583333333333,0.0,1.0,1.1,0.0,0.0,0.930309278350515,1.0,0.0,6.0,0.8306139754117994,0.16938602458820062,3
1066,19,17.0,4.0,1.0,19.0,0.0,18.0,15.0,1.0,2.0,17.0,25.0,0.05,90.0,3.0,0.0,49.0,1.0,6.39583333333333,0.0,25.0,1.1,0.0,0.0,0.930309278350515,1.0,0.0,6.0,0.9064062472367531,0.09359375276324684,4
1069,0,11.0,8.0,2.0,0.0,0.0,13.0,387.0,1.0,0.0,2.0,9.0,0.39,89.0,1.0,0.0,48.0,1.0,5.5,1.0,1.0,2.33333333333333,0.0,288.0,0.9,0.888888888888889,0.0,4.0,0.5010867577308953,0.4989132422691047,3
1069,1,11.0,8.0,2.0,0.0,0.0,13.0,193.556,1.0,0.0,2.0,9.0,0.39,89.0,1.0,0.0,48.0,1.0,5.5,1.0,1.0,2.33333333333333,0.0,288.0,0.553787396562699,0.888888888888889,0.0,2.0,0.5177384909702545,0.48226150902974557,3
1069,2,11.0,8.0,2.0,0.0,0.0,13.0,93.111,1.0,0.0,2.0,9.0,0.39,89.0,3.0,0.0,48.0,1.0,5.5,1.0,1.0,2.33333333333333,0.0,16.0,0.553787396562699,0.888888888888889,0.0,1.0,0.527467765555421,0.47253223444457904,3
1069,3,11.0,8.0,2.0,0.0,0.0,13.0,387.0,1.0,0.0,2.0,9.0,0.39,89.0,1.0,0.0,4.0,1.0,5.5,1.0,1.0,2.33333333333333,0.0,288.0,0.553787396562699,0.888888888888889,0.0,0.0,0.5205404886130995,0.4794595113869005,3
1069,4,11.0,8.0,2.0,0.0,0.0,13.0,387.0,1.0,0.0,2.0,2.0,0.39,89.0,0.0,0.0,0.0,1.0,5.5,1.0,1.0,2.33333333333333,0.0,288.0,0.553787396562699,0.888888888888889,0.0,0.0,0.6984683842035264,0.3015316157964736,4
1069,5,11.0,8.0,2.0,0.0,0.0,13.0,387.0,1.0,0.0,2.0,9.0,0.39,89.0,1.0,0.0,48.0,1.0,5.5,1.0,1.0,2.33333333333333,0.0,0.0,0.553787396562699,0.888888888888889,0.0,0.0,0.5324880618986323,0.4675119381013677,3
1069,6,11.0,8.0,2.0,0.0,0.0,13.0,387.0,1.0,0.0,2.0,2.0,0.39,89.0,3.0,0.0,4.0,1.0,5.5,1.0,1.0,2.33333333333333,0.0,0.0,0.553787396562699,0.888888888888889,0.0,2.0,0.5454284948833883,0.45457150511661176,4
1069,7,11.0,8.0,2.0,0.0,0.0,13.0,15.0,1.0,0.0,2.0,9.0,0.39,89.0,0.0,0.0,48.0,1.0,5.5,1.0,1.0,2.33333333333333,0.0,288.0,0.553787396562699,0.888888888888889,0.0,0.0,0.6786527469537473,0.32134725304625267,3
1069,8,11.0,8.0,2.0,0.0,0.0,13.0,15.0,1.0,0.0,2.0,9.0,0.39,89.0,0.0,0.0,48.0,1.0,5.5,1.0,1.0,2.33333333333333,0.0,0.0,0.553787396562699,0.888888888888889,0.0,0.0,0.7976285219056027,0.20237147809439726,4
1069,9,11.0,8.0,2.0,0.0,0.0,13.0,93.111,1.0,0.0,2.0,9.0,0.39,89.0,3.0,0.0,48.0,1.0,5.5,1.0,1.0,2.33333333333333,0.0,0.0,0.553787396562699,0.0,0.0,6.0,0.5220442041558406,0.4779557958441593,3
1069,10,11.0,8.0,2.0,0.0,0.0,13.0,15.0,1.0,0.0,2.0,9.0,0.39,89.0,3.0,0.0,48.0,1.0,5.5,1.0,1.0,2.33333333333333,0.0,0.0,1.0,0.0,0.0,6.0,0.8004984137864369,0.19950158621356306,4
1069,11,11.0,8.0,1.0,0.0,0.0,13.0,15.0,1.0,0.0,2.0,9.0,0.39,89.0,3.0,0.0,48.0,1.0,5.5,1.0,1.0,2.33333333333333,0.0,0.0,1.0,0.0,0.0,6.0,0.8237212226736477,0.1762787773263524,5
1069,12,11.0,8.0,2.0,0.0,0.0,13.0,387.0,1.0,0.0,2.0,9.0,0.39,89.0,0.0,0.0,48.0,1.0,5.5,1.0,1.0,2.33333333333333,0.0,0.0,0.553787396562699,0.888888888888889,0.0,0.0,0.5324880618986323,0.4675119381013677,3
1069,13,11.0,8.0,2.0,0.0,0.0,13.0,387.0,1.0,0.0,2.0,2.0,0.39,89.0,0.0,0.0,48.0,1.0,5.5,1.0,1.0,2.33333333333333,0.0,0.0,0.553787396562699,0.888888888888889,0.0,0.0,0.6466937672432639,0.3533062327567361,4
1069,14,11.0,8.0,2.0,0.0,0.0,13.0,387.0,1.0,0.0,2.0,2.0,0.39,89.0,0.0,0.0,48.0,1.0,5.5,1.0,1.0,2.33333333333333,0.0,0.0,0.553787396562699,0.0,0.0,0.0,0.6899524303054356,0.31004756969456443,5
1069,15,0.0,8.0,2.0,0.0,0.0,13.0,387.0,1.0,0.0,2.0,9.0,0.39,89.0,0.0,0.0,48.0,1.0,5.5,1.0,1.0,2.33333333333333,0.0,288.0,1.0,0.888888888888889,0.0,0.0,0.7144904035034725,0.28550959649652746,4
1069,16,0.0,8.0,2.0,0.0,0.0,13.0,387.0,1.0,0.0,2.0,9.0,0.39,89.0,0.0,0.0,48.0,1.0,0.0,1.0,1.0,2.33333333333333,0.0,288.0,1.0,0.888888888888889,0.0,0.0,0.7201052365732303,0.2798947634267696,5
1069,17,11.0,8.0,2.0,0.0,0.0,13.0,15.0,1.0,0.0,2.0,9.0,0.39,89.0,0.0,0.0,48.0,0.0,5.5,1.0,1.0,2.33333333333333,0.0,288.0,1.0,0.888888888888889,0.0,0.0,0.9196254794347841,0.08037452056521584,5
1069,18,11.0,8.0,2.0,0.0,0.0,13.0,387.0,1.0,0.0,2.0,9.0,0.39,89.0,1.0,0.0,48.0,6.0,5.5,1.0,1.0,2.33333333333333,0.0,288.0,1.0,0.888888888888889,0.0,6.0,0.5168908120894049,0.48310918791059504,3
1069,19,11.0,8.0,2.0,0.0,0.0,13.0,387.0,1.0,0.0,2.0,9.0,0.39,89.0,0.0,0.0,48.0,6.0,5.5,1.0,1.0,2.33333333333333,0.0,10080.0,1.0,0.888888888888889,0.0,6.0,0.5932711456564309,0.4067288543435691,4
1072,0,0.0,6.0,1.0,0.0,0.0,10.0,193.556,1.0,2.0,6.0,27.0,0.76,68.0,4.0,2.0,27.0,1.0,4.22857142857143,0.0,0.0,0.756756756756757,0.0,0.0,0.859026369168357,0.0,0.0,1.0,0.6008200815419269,0.39917991845807316,1
1072,1,0.0,6.0,1.0,0.0,0.0,10.0,15.0,1.0,2.0,6.0,27.0,0.76,68.0,0.0,2.0,27.0,1.0,4.22857142857143,0.0,0.0,0.756756756756757,0.0,0.0,0.859026369168357,0.0,0.0,1.0,0.9428387802305702,0.05716121976942976,2
1072,2,0.0,6.0,1.0,0.0,0.0,4.0,15.0,1.0,2.0,6.0,27.0,0.76,68.0,0.0,2.0,27.0,1.0,4.22857142857143,0.0,0.0,0.756756756756757,0.0,0.0,0.859026369168357,0.0,0.0,1.0,0.95436257519693,0.04563742480306996,3
1072,3,0.0,6.0,1.0,0.0,0.0,4.0,15.0,1.0,2.0,6.0,27.0,0.76,68.0,0.0,2.0,27.0,1.0,4.22857142857143,0.0,0.0,0.756756756756757,0.0,0.0,1.0,0.0,0.0,1.0,0.9624299322376318,0.03757006776236817,4
1072,4,0.0,6.0,1.0,0.0,0.0,4.0,15.0,1.0,93.0,6.0,27.0,0.76,68.0,0.0,2.0,27.0,1.0,4.22857142857143,0.0,0.0,0.756756756756757,0.0,0.0,1.0,0.0,0.0,1.0,0.9776008549608206,0.022399145039179422,5
1072,5,0.0,6.0,1.0,0.0,0.0,0.0,15.0,1.0,93.0,6.0,27.0,0.76,68.0,0.0,2.0,27.0,1.0,4.22857142857143,0.0,0.0,0.756756756756757,0.0,0.0,1.0,0.0,0.0,1.0,0.9780199164707865,0.021980083529213598,5
1072,6,0.0,6.0,1.0,0.0,0.0,10.0,15.0,1.0,2.0,6.0,27.0,0.76,68.0,0.0,2.0,27.0,1.0,4.22857142857143,0.0,0.0,0.0,0.0,0.0,0.859026369168357,0.0,0.0,1.0,0.9610278248822591,0.03897217511774084,3
1072,7,0.0,6.0,1.0,0.0,0.0,10.0,15.0,1.0,2.0,6.0,27.0,0.76,85.0,0.0,2.0,27.0,1.0,4.22857142857143,0.0,0.0,0.0,0.0,0.0,0.859026369168357,0.0,0.0,1.0,0.9669506566755988,0.03304934332440125,4
1072,8,0.0,6.0,1.0,0.0,0.0,10.0,15.0,1.0,2.0,6.0,27.0,0.76,85.0,0.0,2.0,27.0,1.0,4.22857142857143,0.0,0.0,0.0,0.0,0.0,0.9,0.0,0.0,1.0,0.9690845080795213,0.03091549192047872,5
1072,9,0.0,6.0,1.0,0.0,0.0,10.0,15.0,1.0,2.0,6.0,27.0,0.76,68.0,4.0,2.0,27.0,1.0,337.0,0.0,0.0,0.756756756756757,0.0,0.0,0.859026369168357,0.0,0.0,1.0,0.871502053618948,0.12849794638105205,2
1072,10,0.0,6.0,1.0,0.0,0.0,10.0,15.0,1.0,2.0,6.0,27.0,0.76,68.0,4.0,2.0,27.0,1.0,337.0,0.0,0.0,0.756756756756757,0.0,0.0,0.859026369168357,0.0,0.0,0.0,0.9058386617349073,0.09416133826509268,3
1072,11,0.0,6.0,1.0,0.0,0.0,0.0,15.0,1.0,2.0,6.0,27.0,0.76,68.0,4.0,2.0,27.0,1.0,337.0,0.0,0.0,0.756756756756757,0.0,0.0,0.859026369168357,0.0,0.0,0.0,0.9295985830057739,0.07040141699422604,4
1072,12,0.0,6.0,1.0,0.0,0.0,10.0,386.0,1.0,2.0,6.0,27.0,0.76,68.0,4.0,2.0,27.0,1.0,337.0,0.0,0.0,0.756756756756757,0.0,0.0,0.859026369168357,0.0,0.0,1.0,0.5156866856575304,0.48431331434246966,1
1072,13,0.0,6.0,1.0,0.0,0.0,0.0,71.0,1.0,93.0,6.0,27.0,0.76,68.0,4.0,2.0,27.0,1.0,337.0,0.0,0.0,0.756756756756757,0.0,0.0,0.859026369168357,0.0,0.0,0.0,0.958853297629049,0.04114670237095099,5
1072,14,0.0,6.0,1.0,0.0,0.0,10.0,15.0,1.0,2.0,6.0,27.0,29.08,68.0,0.0,2.0,27.0,1.0,4.22857142857143,0.0,0.0,0.756756756756757,0.0,0.0,0.859026369168357,0.0,0.0,1.0,0.9688785903125332,0.031121409687466777,3
1072,15,0.0,6.0,1.0,0.0,0.0,10.0,15.0,1.0,2.0,6.0,27.0,29.08,68.0,0.0,2.0,27.0,1.0,4.22857142857143,0.0,0.0,0.756756756756757,0.0,0.0,1.0,0.0,0.0,1.0,0.9735329634450132,0.02646703655498687,4
1072,16,0.0,6.0,1.0,0.0,0.0,10.0,15.0,1.0,93.0,6.0,27.0,29.08,68.0,0.0,2.0,27.0,1.0,4.22857142857143,0.0,0.0,0.756756756756757,0.0,0.0,1.0,0.0,0.0,1.0,0.9797133953294792,0.020286604670520736,5
1072,17,0.0,6.0,1.0,0.0,0.0,10.0,15.0,1.0,2.0,6.0,27.0,0.76,68.0,0.0,2.0,27.0,1.0,337.0,0.0,0.0,0.756756756756757,0.0,0.0,0.859026369168357,0.0,0.0,1.0,0.9584775513689939,0.04152244863100602,3
1072,18,0.0,6.0,1.0,0.0,0.0,0.0,15.0,1.0,2.0,6.0,27.0,0.76,68.0,0.0,2.0,27.0,1.0,337.0,0.0,0.0,0.756756756756757,0.0,0.0,0.859026369168357,0.0,0.0,1.0,0.9709588877413987,0.02904111225860128,4
1072,19,0.0,6.0,1.0,0.0,0.0,10.0,386.0,1.0,2.0,6.0,27.0,0.76,68.0,2.0,2.0,27.0,1.0,4.22857142857143,0.0,0.0,0.756756756756757,0.0,0.0,0.859026369168357,0.0,0.0,1.0,0.585290129075968,0.41470987092403205,1
1091,0,6.0,1.0,2.0,1.0,2.0,20.0,193.556,1.0,2.0,8.0,10.0,0.6,90.0,1.0,0.0,56.0,1.0,5.78947368421053,0.0,1.0,1.85714285714286,0.0,14.0,0.709104938271605,1.0,0.0,6.0,0.5387360754966015,0.4612639245033984,2
1091,1,6.0,1.0,2.0,1.0,2.0,20.0,15.0,1.0,2.0,8.0,10.0,0.6,90.0,0.0,0.0,56.0,1.0,5.78947368421053,0.0,1.0,0.0,0.0,14.0,0.709104938271605,1.0,0.0,6.0,0.7235924200842974,0.2764075799157027,3
1091,2,6.0,1.0,2.0,1.0,2.0,20.0,15.0,1.0,2.0,8.0,10.0,0.6,90.0,0.0,0.0,56.0,1.0,5.78947368421053,0.0,1.0,0.0,0.0,14.0,0.3,1.0,0.0,6.0,0.7998059653528251,0.20019403464717492,4
1091,3,6.0,1.0,2.0,1.0,2.0,20.0,15.0,1.0,2.0,8.0,10.0,0.6,90.0,0.0,0.0,56.0,1.0,5.78947368421053,0.0,1.0,1.85714285714286,0.0,14.0,1.0,1.0,0.0,6.0,0.7194247829649288,0.28057521703507116,3
1091,4,6.0,1.0,2.0,1.0,2.0,0.0,15.0,1.0,2.0,8.0,10.0,0.6,90.0,0.0,0.0,56.0,1.0,5.78947368421053,0.0,1.0,1.85714285714286,0.0,14.0,1.0,1.0,0.0,6.0,0.7781464270311493,0.22185357296885067,4
1091,5,6.0,1.0,2.0,1.0,2.0,0.0,15.0,1.0,0.0,8.0,10.0,0.6,90.0,0.0,0.0,56.0,1.0,5.78947368421053,0.0,1.0,1.85714285714286,0.0,14.0,1.0,1.0,0.0,6.0,0.7977158233925938,0.20228417660740616,5
1091,6,6.0,1.0,2.0,1.0,2.0,20.0,15.0,1.0,2.0,8.0,10.0,0.31,90.0,0.0,0.0,56.0,1.0,5.78947368421053,0.0,1.0,0.0,0.0,14.0,0.3,1.0,0.0,6.0,0.8228469041947859,0.17715309580521404,5
1091,7,6.0,1.0,2.0,1.0,2.0,20.0,15.0,1.0,2.0,8.0,10.0,0.6,90.0,0.0,0.0,56.0,1.0,5.78947368421053,0.0,1.0,1.85714285714286,0.0,14.0,0.709104938271605,1.0,0.0,2.0,0.763541792316955,0.23645820768304499,3
1091,8,6.0,1.0,2.0,1.0,2.0,20.0,15.0,1.0,2.0,8.0,10.0,0.6,90.0,0.0,0.0,56.0,1.0,5.78947368421053,0.0,1.0,0.0,0.0,14.0,0.709104938271605,1.0,0.0,2.0,0.7836493692409541,0.21635063075904598,4
1091,9,6.0,1.0,2.0,1.0,2.0,20.0,427.0,1.0,2.0,8.0,10.0,29.08,90.0,1.0,0.0,56.0,1.0,5.78947368421053,0.0,1.0,0.4,0.0,14.0,0.709104938271605,1.0,0.0,6.0,0.5009960093184128,0.4990039906815872,3
1091,10,6.0,1.0,2.0,1.0,0.0,20.0,427.0,1.0,2.0,8.0,10.0,29.08,90.0,0.0,0.0,56.0,1.0,5.78947368421053,0.0,1.0,0.0,0.0,14.0,0.709104938271605,1.0,0.0,6.0,0.5996636925298293,0.4003363074701707,4
1091,11,6.0,1.0,2.0,1.0,2.0,20.0,15.0,1.0,2.0,8.0,10.0,0.6,90.0,0.0,0.0,56.0,1.0,5.78947368421053,0.0,1.0,1.85714285714286,0.0,14.0,1.0,1.0,0.0,2.0,0.8587703299558143,0.14122967004418577,4
1091,12,6.0,0.0,2.0,1.0,2.0,20.0,15.0,1.0,2.0,8.0,10.0,0.6,90.0,0.0,0.0,56.0,1.0,5.78947368421053,0.0,1.0,1.85714285714286,0.0,14.0,1.0,1.0,0.0,2.0,0.8737878112282276,0.12621218877177248,5
1091,13,6.0,0.0,2.0,1.0,2.0,20.0,15.0,1.0,2.0,8.0,10.0,0.6,90.0,0.0,0.0,56.0,1.0,5.78947368421053,0.0,1.0,1.85714285714286,0.0,14.0,1.0,1.0,0.0,1.0,0.8846350943911914,0.11536490560880863,5
1091,14,6.0,1.0,2.0,1.0,2.0,20.0,427.0,1.0,2.0,8.0,10.0,0.6,90.0,1.0,0.0,56.0,1.0,5.78947368421053,0.0,1.0,1.85714285714286,0.0,14.0,0.709104938271605,1.0,0.0,4.0,0.5692935155956069,0.43070648440439313,2
1091,15,6.0,1.0,2.0,1.0,2.0,20.0,427.0,1.0,93.0,8.0,10.0,0.6,90.0,0.0,0.0,56.0,1.0,5.78947368421053,0.0,1.0,1.85714285714286,0.0,14.0,0.709104938271605,1.0,0.0,2.0,0.6400643363588767,0.3599356636411233,3
1091,16,6.0,1.0,2.0,1.0,2.0,20.0,427.0,1.0,93.0,8.0,10.0,0.6,90.0,0.0,0.0,56.0,1.0,5.78947368421053,0.0,1.0,1.85714285714286,0.0,14.0,0.709104938271605,0.0,0.0,2.0,0.7073120036688718,0.29268799633112813,4
1091,17,0.0,1.0,2.0,1.0,2.0,20.0,15.0,1.0,2.0,8.0,10.0,0.6,90.0,0.0,0.0,56.0,1.0,5.78947368421053,0.0,1.0,0.0,0.0,14.0,0.709104938271605,1.0,0.0,6.0,0.7583637359321492,0.2416362640678508,4
1091,18,0.0,1.0,2.0,1.0,2.0,20.0,15.0,1.0,2.0,8.0,10.0,0.6,90.0,0.0,0.0,56.0,1.0,5.78947368421053,0.0,1.0,0.0,0.0,14.0,0.709104938271605,0.8,0.0,6.0,0.7691523587077086,0.2308476412922914,5
1091,19,0.0,1.0,2.0,1.0,2.0,20.0,15.0,1.0,2.0,8.0,10.0,0.6,90.0,0.0,0.0,6.0,1.0,5.78947368421053,0.0,1.0,0.0,0.0,14.0,0.709104938271605,1.0,0.0,6.0,0.7981220862995159,0.20187791370048414,5
1104,0,19.0,0.0,1.0,3.0,0.0,7.0,93.111,1.0,3.0,54.0,129.0,0.73,97.0,2.0,0.0,66.0,2.0,2.92715231788079,0.0,1.0,0.843137254901961,0.0,54.0,1.0,0.8,0.0,11.0,0.6312294385360113,0.36877056146398873,3
1104,1,19.0,0.0,1.0,3.0,0.0,7.0,93.111,1.0,3.0,54.0,129.0,0.73,97.0,2.0,0.0,66.0,2.0,2.92715231788079,0.0,1.0,0.843137254901961,0.0,2.0,1.0,0.5,0.0,11.0,0.5643663188361179,0.43563368116388207,3
1104,2,19.0,0.0,1.0,3.0,0.0,7.0,52.0,1.0,3.0,10.0,129.0,0.73,97.0,2.0,0.0,66.0,2.0,2.92715231788079,0.0,1.0,0.843137254901961,0.0,54.0,1.0,0.5,0.0,11.0,0.5245159281223986,0.4754840718776014,3
1104,3,19.0,0.0,1.0,3.0,0.0,7.0,52.0,1.0,3.0,1.0,129.0,0.73,97.0,2.0,0.0,66.0,2.0,2.92715231788079,0.0,1.0,5.2,0.0,54.0,1.0,0.5,0.0,11.0,0.6441250178165701,0.35587498218342994,4
1104,4,19.0,0.0,1.0,3.0,0.0,0.0,52.0,1.0,3.0,1.0,129.0,0.73,97.0,2.0,0.0,66.0,2.0,2.92715231788079,0.0,1.0,5.2,0.0,54.0,1.0,0.5,0.0,11.0,0.6704682277163249,0.32953177228367514,5
1104,5,19.0,0.0,1.0,3.0,0.0,0.0,15.0,1.0,3.0,1.0,129.0,0.73,97.0,2.0,0.0,66.0,2.0,2.92715231788079,0.0,1.0,5.2,0.0,54.0,1.0,0.5,0.0,11.0,0.685307234653634,0.314692765346366,5
1104,6,19.0,0.0,1.0,3.0,0.0,0.0,15.0,1.0,3.0,0.0,129.0,0.73,97.0,2.0,0.0,66.0,2.0,2.92715231788079,0.0,1.0,5.2,0.0,54.0,1.0,0.5,0.0,11.0,0.6942957318441139,0.3057042681558861,5
1104,7,19.0,0.0,2.0,3.0,0.0,7.0,52.0,1.0,3.0,54.0,129.0,0.73,97.0,2.0,0.0,66.0,2.0,2.92715231788079,0.0,1.0,0.843137254901961,0.0,54.0,1.0,0.5,0.0,11.0,0.5018095671681347,0.49819043283186526,3
1104,8,19.0,0.0,1.0,3.0,0.0,7.0,52.0,1.0,3.0,1.0,129.0,0.73,97.0,2.0,0.0,21.0,2.0,2.92715231788079,0.0,1.0,0.843137254901961,0.0,54.0,1.0,0.5,0.0,11.0,0.5814927623060433,0.4185072376939567,4
1104,9,19.0,0.0,1.0,3.0,0.0,7.0,93.111,1.0,3.0,54.0,129.0,0.73,97.0,2.0,0.0,66.0,2.0,2.92715231788079,0.0,1.0,0.843137254901961,0.0,54.0,1.0,0.5,0.0,0.0,0.50212262400699,0.49787737599300996,3
1104,10,19.0,0.0,1.0,3.0,0.0,7.0,52.0,1.0,3.0,10.0,129.0,0.73,97.0,2.0,0.0,66.0,2.0,2.92715231788079,0.0,1.0,0.843137254901961,0.0,54.0,1.0,0.5,0.0,0.0,0.67675779056104,0.32324220943896004,4
1104,11,19.0,0.0,1.0,3.0,0.0,7.0,52.0,1.0,3.0,10.0,129.0,0.73,97.0,2.0,0.0,66.0,2.0,2.92715231788079,0.0,1.0,0.843137254901961,5.0,54.0,1.0,0.5,0.0,0.0,0.7265327712497731,0.27346722875022683,5
1104,12,19.0,0.0,1.0,3.0,0.0,7.0,15.0,1.0,3.0,10.0,129.0,0.73,97.0,2.0,0.0,66.0,2.0,2.92715231788079,0.0,1.0,0.843137254901961,5.0,54.0,1.0,0.5,0.0,0.0,0.7489847258476345,0.2510152741523655,5
1104,13,19.0,0.0,11.0,3.0,0.0,7.0,52.0,1.0,3.0,54.0,129.0,0.73,97.0,2.0,0.0,66.0,2.0,2.92715231788079,0.0,1.0,0.843137254901961,0.0,54.0,1.0,0.5,0.0,11.0,0.5234354830648595,0.47656451693514046,3
1104,14,19.0,0.0,11.0,3.0,0.0,7.0,52.0,1.0,3.0,54.0,129.0,0.73,97.0,2.0,0.0,66.0,2.0,2.92715231788079,0.0,1.0,0.843137254901961,5.0,54.0,1.0,0.5,0.0,11.0,0.5822461574571784,0.4177538425428215,4
1104,15,19.0,0.0,11.0,3.0,0.0,7.0,52.0,1.0,3.0,54.0,129.0,0.83,97.0,2.0,0.0,66.0,2.0,2.92715231788079,0.0,1.0,0.843137254901961,5.0,54.0,1.0,0.5,0.0,11.0,0.6359372418862251,0.36406275811377486,5
1104,16,19.0,0.0,1.0,3.0,0.0,7.0,52.0,1.0,3.0,54.0,129.0,0.73,97.0,2.0,0.0,66.0,2.0,2.92715231788079,0.0,1.0,0.843137254901961,0.0,2.0,1.0,0.5,0.0,11.0,0.5607307395948342,0.4392692604051658,3
1104,17,19.0,0.0,1.0,3.0,0.0,7.0,52.0,1.0,3.0,1.0,129.0,0.73,97.0,2.0,0.0,66.0,2.0,2.92715231788079,0.0,1.0,0.843137254901961,0.0,2.0,1.0,0.5,0.0,11.0,0.7205015797181811,0.279498420281819,4
1104,18,19.0,0.0,1.0,3.0,0.0,7.0,52.0,1.0,3.0,1.0,129.0,0.73,97.0,2.0,0.0,66.0,2.0,2.92715231788079,0.0,1.0,0.843137254901961,0.0,0.0,1.0,0.5,0.0,11.0,0.7689781622392335,0.2310218377607664,4
1104,19,19.0,0.0,1.0,3.0,0.0,7.0,52.0,1.0,93.0,1.0,129.0,0.73,97.0,2.0,0.0,66.0,2.0,2.92715231788079,0.0,1.0,0.843137254901961,0.0,0.0,1.0,0.5,0.0,11.0,0.7938031934589245,0.20619680654107556,5
1106,0,2.0,1.0,1.0,0.0,0.0,6.0,193.556,2.0,0.0,21.0,32.0,0.71,88.0,2.0,0.0,23.0,2.0,2.71428571428571,0.0,1.0,0.894736842105263,0.0,0.0,0.921219822109276,0.0,0.0,0.0,0.541244349191961,0.45875565080803904,2
1106,1,2.0,1.0,1.0,0.0,0.0,6.0,15.0,2.0,0.0,3.0,32.0,0.71,88.0,2.0,0.0,23.0,2.0,2.71428571428571,0.0,1.0,0.894736842105263,0.0,0.0,0.921219822109276,0.0,0.0,0.0,0.8747749264181431,0.1252250735818569,3
1106,2,2.0,1.0,1.0,7.0,0.0,6.0,15.0,2.0,0.0,3.0,32.0,0.71,88.0,2.0,0.0,23.0,2.0,2.71428571428571,0.0,1.0,0.894736842105263,0.0,0.0,0.921219822109276,0.0,0.0,0.0,0.8855547350166278,0.1144452649833722,4
1106,3,2.0,1.0,1.0,7.0,0.0,6.0,15.0,2.0,0.0,10.0,32.0,0.71,88.0,2.0,0.0,23.0,2.0,2.71428571428571,0.0,1.0,0.894736842105263,0.0,0.0,0.921219822109276,0.0,0.0,0.0,0.8992196067568303,0.10078039324316965,4
1106,4,2.0,1.0,1.0,0.0,0.0,6.0,25.0,2.0,0.0,21.0,32.0,0.71,88.0,2.0,0.0,23.0,2.0,337.0,0.0,1.0,0.894736842105263,0.0,0.0,0.921219822109276,0.0,0.0,5.0,0.5156291729418576,0.48437082705814233,2
1106,5,2.0,1.0,1.0,0.0,0.0,0.0,15.0,2.0,0.0,21.0,32.0,0.71,88.0,2.0,0.0,23.0,2.0,337.0,0.0,1.0,0.894736842105263,0.0,0.0,0.921219822109276,0.0,0.0,0.0,0.9291067557099757,0.07089324429002428,4
1106,6,2.0,1.0,1.0,321.0,0.0,0.0,15.0,2.0,0.0,21.0,32.0,0.71,88.0,2.0,0.0,23.0,2.0,337.0,0.0,1.0,0.894736842105263,0.0,0.0,0.921219822109276,0.0,0.0,0.0,0.9501122549455917,0.049887745054408246,5
1106,7,2.0,1.0,1.0,0.0,0.0,6.0,285.0,2.0,2.0,21.0,32.0,0.71,88.0,2.0,0.0,23.0,2.0,2.71428571428571,0.0,1.0,0.894736842105263,0.0,0.0,0.921219822109276,0.0,0.0,1.0,0.5023449069921558,0.49765509300784416,2
1106,8,2.0,1.0,1.0,0.0,0.0,6.0,285.0,2.0,93.0,21.0,32.0,0.71,88.0,2.0,0.0,23.0,2.0,2.71428571428571,0.0,1.0,0.894736842105263,0.0,0.0,1.0,0.0,0.0,0.0,0.7794317412379961,0.22056825876200392,3
1106,9,0.0,1.0,1.0,0.0,0.0,6.0,285.0,2.0,93.0,21.0,32.0,0.71,88.0,2.0,0.0,23.0,2.0,2.71428571428571,0.0,1.0,0.894736842105263,0.0,0.0,1.0,0.0,0.0,0.0,0.8222580771457625,0.1777419228542375,4
1106,10,0.0,1.0,1.0,0.0,0.0,6.0,285.0,2.0,93.0,21.0,32.0,0.71,88.0,2.0,0.0,23.0,2.0,2.71428571428571,0.0,1.0,0.894736842105263,0.0,0.0,1.0,1.0,0.0,0.0,0.8568745307813159,0.14312546921868413,5
1106,11,2.0,1.0,1.0,0.0,0.0,6.0,15.0,2.0,0.0,21.0,32.0,0.71,88.0,2.0,0.0,23.0,2.0,2.71428571428571,2.0,1.0,0.894736842105263,0.0,0.0,0.921219822109276,0.0,0.0,0.0,0.8586957921628708,0.14130420783712913,3
1106,12,2.0,1.0,1.0,0.0,0.0,6.0,15.0,2.0,93.0,21.0,32.0,0.71,88.0,2.0,0.0,23.0,2.0,2.71428571428571,2.0,1.0,0.894736842105263,0.0,0.0,0.921219822109276,0.0,0.0,0.0,0.9031255689517304,0.0968744310482697,4
1106,13,2.0,1.0,1.0,0.0,0.0,6.0,25.0,2.0,93.0,21.0,32.0,0.71,88.0,2.0,0.0,23.0,2.0,2.71428571428571,2.0,1.0,0.894736842105263,0.0,0.0,0.921219822109276,0.0,0.0,0.0,0.9176015044040094,0.08239849559599052,4
1106,14,2.0,1.0,1.0,0.0,0.0,6.0,285.0,2.0,93.0,10.0,32.0,0.71,88.0,2.0,0.0,23.0,2.0,2.71428571428571,0.0,1.0,0.894736842105263,0.0,0.0,0.921219822109276,0.0,0.0,5.0,0.5208820815787101,0.47911791842128987,2
1106,15,2.0,1.0,1.0,0.0,0.0,6.0,285.0,2.0,93.0,3.0,32.0,0.71,88.0,2.0,0.0,23.0,2.0,2.71428571428571,0.0,1.0,0.894736842105263,0.0,0.0,1.0,0.0,0.0,5.0,0.6871896518397395,0.31281034816026054,3
1106,16,2.0,1.0,1.0,0.0,0.0,6.0,285.0,2.0,93.0,3.0,32.0,0.71,88.0,2.0,0.0,9.0,2.0,2.71428571428571,0.0,1.0,0.894736842105263,0.0,0.0,1.0,0.0,0.0,5.0,0.7284149346362756,0.2715850653637244,4
1106,17,2.0,1.0,1.0,0.0,0.0,6.0,285.0,2.0,0.0,10.0,32.0,0.71,88.0,2.0,0.0,23.0,2.0,2.71428571428571,0.0,1.0,0.894736842105263,0.0,0.0,0.921219822109276,0.0,0.0,4.0,0.5658586612318108,0.43414133876818917,2
1106,18,2.0,1.0,1.0,0.0,0.0,6.0,285.0,2.0,93.0,3.0,32.0,0.71,88.0,2.0,0.0,23.0,2.0,2.71428571428571,0.0,1.0,0.894736842105263,0.0,0.0,0.921219822109276,0.0,0.0,0.0,0.896212665853855,0.10378733414614506,3
1106,19,2.0,1.0,1.0,0.0,0.0,6.0,285.0,2.0,93.0,3.0,32.0,29.08,88.0,2.0,0.0,23.0,2.0,2.71428571428571,0.0,1.0,0.894736842105263,0.0,0.0,0.921219822109276,0.0,0.0,0.0,0.9341208144372408,0.06587918556275917,4
1117,0,33.0,1.0,2.0,1.0,3.0,20.0,37.0,1.0,0.0,50.0,8.0,0.42,91.0,1.0,0.0,71.0,2.0,10.1190476190476,0.0,0.0,2.20454545454545,0.0,130.0,0.535906897530514,0.6,0.0,2.0,0.5142531763904805,0.48574682360951943,3
1117,1,33.0,1.0,2.0,1.0,3.0,20.0,15.0,1.0,0.0,5.0,8.0,0.42,91.0,1.0,0.0,71.0,2.0,10.1190476190476,0.0,0.0,2.20454545454545,0.0,130.0,0.535906897530514,0.6,0.0,9.0,0.5189262791673657,0.48107372083263433,3
1117,2,33.0,1.0,2.0,1.0,3.0,20.0,15.0,1.0,0.0,5.0,8.0,0.42,91.0,0.0,0.0,71.0,2.0,10.1190476190476,0.0,0.0,2.20454545454545,0.0,0.0,0.535906897530514,0.6,0.0,0.0,0.7259541677634338,0.2740458322365662,5
1117,3,33.0,1.0,2.0,1.0,3.0,20.0,71.0,1.0,0.0,50.0,8.0,0.42,91.0,1.0,0.0,71.0,2.0,10.1190476190476,0.0,0.0,2.20454545454545,0.0,130.0,0.535906897530514,0.8,0.0,9.0,0.5298267150552213,0.4701732849447787,3
1117,4,33.0,1.0,2.0,1.0,3.0,20.0,15.0,1.0,0.0,50.0,8.0,0.42,85.0,0.0,0.0,71.0,2.0,10.1190476190476,0.0,0.0,2.20454545454545,0.0,130.0,0.535906897530514,0.8,0.0,9.0,0.6282693612521062,0.37173063874789375,4
1117,5,33.0,1.0,2.0,1.0,3.0,20.0,15.0,1.0,0.0,50.0,8.0,0.42,91.0,0.0,0.0,71.0,2.0,10.1190476190476,0.0,0.0,2.20454545454545,0.0,130.0,0.535906897530514,0.8,0.0,0.0,0.6791778087965112,0.3208221912034887,4
1117,6,33.0,1.0,2.0,1.0,3.0,20.0,15.0,1.0,2.0,50.0,8.0,0.42,91.0,0.0,0.0,71.0,2.0,10.1190476190476,0.0,0.0,2.20454545454545,0.0,130.0,0.535906897530514,0.8,0.0,0.0,0.7266783912055156,0.2733216087944844,5
1117,7,33.0,1.0,2.0,1.0,3.0,20.0,15.0,1.0,0.0,5.0,8.0,0.42,91.0,0.0,0.0,71.0,2.0,10.1190476190476,0.0,0.0,2.20454545454545,0.0,130.0,0.535906897530514,0.6,0.0,9.0,0.5189262791673657,0.48107372083263433,3
1117,8,33.0,1.0,2.0,1.0,3.0,20.0,15.0,1.0,0.0,5.0,8.0,0.42,91.0,0.0,0.0,71.0,2.0,3.0,0.0,0.0,2.20454545454545,0.0,130.0,0.535906897530514,0.6,0.0,9.0,0.5984328327078129,0.4015671672921871,4
1117,9,33.0,1.0,2.0,1.0,3.0,20.0,15.0,1.0,0.0,5.0,8.0,0.42,91.0,0.0,0.0,71.0,2.0,3.0,337.0,0.0,2.20454545454545,0.0,130.0,0.535906897530514,0.6,0.0,9.0,0.6178416538919835,0.38215834610801647,5
1117,10,33.0,1.0,2.0,1.0,3.0,20.0,15.0,1.0,0.0,1.0,8.0,0.42,91.0,0.0,0.0,71.0,2.0,3.0,337.0,0.0,2.20454545454545,0.0,130.0,0.535906897530514,0.6,0.0,9.0,0.625800460830906,0.374199539169094,5
1117,11,33.0,1.0,2.0,1.0,3.0,20.0,15.0,1.0,0.0,50.0,8.0,0.42,91.0,0.0,0.0,71.0,2.0,10.1190476190476,0.0,0.0,5.2,0.0,130.0,0.535906897530514,0.8,0.0,9.0,0.6550583464150942,0.3449416535849058,4
1117,12,33.0,1.0,2.0,1.0,3.0,20.0,52.0,1.0,0.0,50.0,8.0,0.42,91.0,1.0,0.0,71.0,2.0,10.1190476190476,0.0,25.0,2.20454545454545,0.0,130.0,0.535906897530514,0.6,0.0,9.0,0.5393842304696638,0.4606157695303362,3
1117,13,33.0,1.0,2.0,1.0,3.0,20.0,15.0,1.0,0.0,50.0,8.0,0.42,91.0,0.0,0.0,71.0,2.0,10.1190476190476,0.0,25.0,2.20454545454545,0.0,130.0,0.535906897530514,0.6,0.0,0.0,0.7539928680758898,0.24600713192411017,4
1117,14,33.0,0.0,2.0,1.0,3.0,20.0,15.0,1.0,0.0,50.0,8.0,0.42,91.0,0.0,0.0,71.0,2.0,10.1190476190476,0.0,25.0,2.20454545454545,0.0,130.0,0.535906897530514,0.6,0.0,0.0,0.7601177671789308,0.2398822328210693,5
1117,15,33.0,1.0,2.0,1.0,3.0,20.0,15.0,1.0,2.0,50.0,8.0,0.42,91.0,0.0,0.0,71.0,2.0,10.1190476190476,0.0,0.0,2.20454545454545,0.0,130.0,0.535906897530514,0.6,0.0,0.0,0.6312011863633352,0.3687988136366648,4
1117,16,33.0,1.0,2.0,1.0,3.0,20.0,15.0,1.0,0.0,50.0,8.0,0.42,91.0,0.0,0.0,71.0,2.0,10.1190476190476,0.0,0.0,2.20454545454545,0.0,130.0,1.0,0.6,0.0,0.0,0.7635223761383251,0.2364776238616749,4
1117,17,33.0,1.0,2.0,1.0,3.0,20.0,15.0,1.0,0.0,5.0,8.0,0.42,91.0,0.0,0.0,71.0,2.0,10.1190476190476,0.0,0.0,2.20454545454545,0.0,130.0,1.0,0.6,0.0,0.0,0.8070446633167168,0.1929553366832832,5
1117,18,33.0,1.0,2.0,1.0,3.0,20.0,193.556,1.0,0.0,10.0,8.0,0.42,91.0,1.0,0.0,71.0,2.0,10.1190476190476,0.0,0.0,2.20454545454545,0.0,130.0,0.535906897530514,0.6,0.0,4.0,0.5403399062452158,0.4596600937547842,4
1117,19,33.0,1.0,2.0,1.0,3.0,20.0,15.0,1.0,0.0,50.0,8.0,0.42,91.0,0.0,0.0,71.0,2.0,10.1190476190476,0.0,25.0,2.20454545454545,0.0,130.0,0.535906897530514,0.8,0.0,0.0,0.7581190655240538,0.2418809344759462,5
1121,0,1.0,0.0,1.0,2.0,5.0,4.0,657.0,1.0,15.0,38.0,103.0,0.7,97.0,1.0,2.0,61.0,3.0,2.42857142857143,0.0,0.0,0.628099173553719,0.0,0.0,1.0,0.0,0.0,2.0,0.6376414283827508,0.36235857161724916,2
1121,1,1.0,0.0,1.0,2.0,5.0,4.0,193.556,1.0,15.0,38.0,103.0,0.7,97.0,1.0,2.0,61.0,3.0,2.42857142857143,0.0,0.0,0.628099173553719,0.0,0.0,0.83987103707684,0.0,0.0,1.0,0.5319718484833715,0.4680281515166284,2
1121,2,1.0,0.0,1.0,2.0,5.0,4.0,71.0,1.0,15.0,0.0,103.0,0.7,97.0,1.0,2.0,61.0,3.0,2.42857142857143,0.0,0.0,0.628099173553719,0.0,0.0,1.0,0.0,0.0,0.0,0.9739084458777654,0.026091554122234642,4
1121,3,1.0,0.0,1.0,2.0,5.0,4.0,71.0,1.0,15.0,0.0,103.0,0.7,97.0,1.0,2.0,61.0,3.0,2.42857142857143,0.0,0.0,0.628099173553719,0.0,0.0,1.0,1.0,0.0,0.0,0.9782828856421426,0.021717114357857434,5
1121,4,1.0,0.0,1.0,2.0,5.0,4.0,71.0,1.0,15.0,0.0,103.0,0.7,97.0,1.0,2.0,61.0,3.0,2.42857142857143,0.0,0.0,0.628099173553719,0.0,0.0,1.0,1.0,0.0,1.0,0.9805303160951717,0.019469683904828235,5
1121,5,1.0,0.0,1.0,2.0,5.0,4.0,657.0,1.0,15.0,10.0,103.0,0.7,97.0,1.0,2.0,61.0,3.0,2.42857142857143,0.0,0.0,0.628099173553719,0.0,0.0,0.83987103707684,0.0,0.0,0.0,0.5108347946984397,0.48916520530156027,2
1121,6,1.0,0.0,1.0,2.0,5.0,6.0,657.0,1.0,15.0,0.0,103.0,0.7,97.0,1.0,2.0,61.0,3.0,2.42857142857143,0.0,0.0,0.628099173553719,0.0,0.0,1.0,0.0,0.0,0.0,0.9069330333822043,0.09306696661779573,4
1121,7,1.0,0.0,1.0,2.0,5.0,4.0,52.0,1.0,15.0,38.0,103.0,0.7,97.0,1.0,2.0,61.0,3.0,2.42857142857143,0.0,0.0,0.628099173553719,0.0,0.0,0.83987103707684,0.0,0.0,0.0,0.7245006001531796,0.27549939984682037,2
1121,8,1.0,0.0,1.0,2.0,5.0,4.0,52.0,1.0,15.0,3.0,103.0,0.7,97.0,1.0,2.0,61.0,3.0,2.42857142857143,0.0,0.0,0.628099173553719,0.0,0.0,0.83987103707684,0.0,0.0,0.0,0.8175973064952557,0.1824026935047443,3
1121,9,0.0,0.0,1.0,2.0,5.0,4.0,52.0,1.0,15.0,3.0,103.0,0.7,97.0,1.0,2.0,61.0,3.0,2.42857142857143,0.0,0.0,0.628099173553719,0.0,0.0,0.83987103707684,0.0,0.0,0.0,0.854380929611556,0.14561907038844404,4
1121,10,0.0,0.0,1.0,2.0,5.0,4.0,25.0,1.0,15.0,3.0,103.0,0.7,97.0,1.0,2.0,61.0,3.0,2.42857142857143,0.0,0.0,0.628099173553719,0.0,0.0,0.83987103707684,0.0,0.0,0.0,0.8645311199370715,0.1354688800629285,4
1121,11,0.0,0.0,0.0,2.0,5.0,4.0,25.0,1.0,15.0,3.0,103.0,0.7,97.0,1.0,2.0,61.0,3.0,2.42857142857143,0.0,0.0,0.628099173553719,0.0,0.0,0.83987103707684,0.0,0.0,0.0,0.8675971959200135,0.1324028040799865,5
1121,12,1.0,0.0,1.0,2.0,5.0,4.0,71.0,1.0,15.0,0.0,103.0,0.7,97.0,1.0,2.0,21.0,3.0,2.42857142857143,0.0,0.0,0.628099173553719,0.0,0.0,1.0,0.0,0.0,0.0,0.9820359032516405,0.017964096748359516,5
1121,13,1.0,0.0,1.0,2.0,5.0,4.0,127.0,1.0,15.0,38.0,103.0,0.7,97.0,1.0,2.0,61.0,3.0,2.42857142857143,0.0,0.0,0.628099173553719,0.0,0.0,1.0,0.0,0.0,6.0,0.5543464538008678,0.4456535461991323,2
1121,14,1.0,0.0,1.0,2.0,5.0,4.0,71.0,1.0,15.0,38.0,103.0,0.7,97.0,1.0,2.0,61.0,3.0,2.42857142857143,0.0,0.0,0.628099173553719,0.0,0.0,1.0,1.0,0.0,6.0,0.8471222770815099,0.15287772291849014,3
1121,15,1.0,0.0,1.0,2.0,5.0,4.0,93.111,1.0,15.0,38.0,103.0,0.7,97.0,1.0,2.0,61.0,3.0,2.42857142857143,0.0,0.0,0.628099173553719,0.0,2.0,0.83987103707684,1.0,0.0,6.0,0.5050762150769845,0.4949237849230155,3
1121,16,1.0,0.0,1.0,2.0,5.0,4.0,657.0,1.0,15.0,0.0,103.0,0.7,97.0,1.0,2.0,61.0,3.0,2.42857142857143,0.0,0.0,0.0,0.0,0.0,1.0,0.0,0.0,0.0,0.9022088519156843,0.0977911480843156,4
1121,17,1.0,0.0,1.0,2.0,5.0,4.0,657.0,1.0,15.0,0.0,103.0,0.7,97.0,1.0,2.0,61.0,3.0,2.42857142857143,0.0,0.0,0.628099173553719,0.0,0.0,0.83987103707684,0.0,0.0,0.0,0.5575601919061799,0.44243980809382016,2
1121,18,1.0,0.0,1.0,2.0,0.0,4.0,657.0,1.0,15.0,0.0,103.0,0.7,97.0,1.0,2.0,61.0,3.0,2.42857142857143,0.0,0.0,0.628099173553719,0.0,0.0,0.83987103707684,0.0,0.0,0.0,0.6367697016996754,0.36323029830032455,3
1121,19,1.0,0.0,1.0,2.0,0.0,4.0,657.0,1.0,15.0,0.0,103.0,0.7,97.0,1.0,2.0,61.0,3.0,2.42857142857143,0.0,0.0,0.628099173553719,0.0,0.0,0.83987103707684,1.0,0.0,0.0,0.6753854731244753,0.32461452687552467,4
1151,0,1.0,1.0,1.0,0.0,0.0,14.0,161.0,1.0,1.0,7.0,5.0,0.89,69.0,4.0,0.0,18.0,1.0,6.125,0.0,2.0,1.6,0.0,0.0,0.95959595959596,0.0,0.0,2.0,0.5171615637707685,0.48283843622923145,1
1151,1,1.0,1.0,1.0,0.0,0.0,0.0,161.0,1.0,1.0,7.0,5.0,0.89,69.0,0.0,0.0,18.0,1.0,6.125,0.0,2.0,1.6,0.0,0.0,0.95959595959596,0.0,0.0,2.0,0.9211012835215505,0.0788987164784495,2
1151,2,1.0,1.0,1.0,0.0,0.0,14.0,15.0,1.0,1.0,7.0,5.0,0.89,69.0,5.0,0.0,18.0,1.0,6.125,0.0,2.0,1.6,0.0,0.0,0.95959595959596,0.0,0.0,2.0,0.5314717937470415,0.4685282062529585,1
1151,3,1.0,1.0,1.0,0.0,0.0,0.0,15.0,1.0,1.0,7.0,5.0,0.89,69.0,0.0,0.0,18.0,1.0,6.125,0.0,2.0,1.6,0.0,0.0,0.95959595959596,0.0,0.0,0.0,0.9746103658797246,0.02538963412027539,4
1151,4,1.0,1.0,1.0,0.0,0.0,0.0,15.0,1.0,1.0,7.0,5.0,0.89,69.0,0.0,0.0,18.0,1.0,6.125,0.0,2.0,0.0,0.0,0.0,0.95959595959596,0.0,0.0,0.0,0.978291833426698,0.021708166573301994,5
1151,5,1.0,1.0,1.0,0.0,0.0,7.0,161.0,1.0,1.0,7.0,5.0,0.44,69.0,5.0,0.0,18.0,1.0,6.125,0.0,2.0,1.6,0.0,0.0,0.95959595959596,0.0,0.0,2.0,0.5043694754129973,0.49563052458700274,2
1151,6,1.0,0.0,1.0,0.0,0.0,0.0,161.0,1.0,1.0,7.0,5.0,29.08,69.0,0.0,0.0,18.0,1.0,6.125,0.0,2.0,1.6,0.0,0.0,0.95959595959596,0.0,0.0,2.0,0.9589077090687066,0.04109229093129346,4
1151,7,1.0,0.0,1.0,0.0,0.0,0.0,161.0,1.0,1.0,7.0,5.0,29.08,69.0,0.0,0.0,18.0,1.0,3.9,0.0,2.0,1.6,0.0,0.0,0.95959595959596,0.0,0.0,2.0,0.9612777165108122,0.03872228348918779,5
1151,8,1.0,0.0,1.0,0.0,0.0,0.0,161.0,1.0,1.0,7.0,5.0,0.05,69.0,0.0,0.0,18.0,1.0,3.9,0.0,2.0,1.6,0.0,0.0,0.95959595959596,0.0,0.0,2.0,0.9624220505324733,0.037577949467526725,5
1151,9,1.0,1.0,1.0,0.0,0.0,14.0,161.0,1.0,0.0,7.0,5.0,0.89,69.0,0.0,0.0,18.0,1.0,6.125,0.0,2.0,1.6,0.0,0.0,0.95959595959596,0.0,0.0,2.0,0.874794240939762,0.12520575906023806,2
1151,10,1.0,1.0,1.0,0.0,0.0,14.0,161.0,1.0,0.0,7.0,5.0,0.89,69.0,0.0,0.0,18.0,1.0,6.125,0.0,2.0,0.0,0.0,0.0,0.95959595959596,0.0,0.0,2.0,0.8814565028773067,0.11854349712269326,3
1151,11,1.0,1.0,1.0,0.0,0.0,14.0,161.0,1.0,0.0,7.0,13.0,0.89,69.0,0.0,0.0,18.0,1.0,6.125,0.0,2.0,0.0,0.0,0.0,0.95959595959596,0.0,0.0,2.0,0.8841439516304208,0.11585604836957913,4
1151,12,1.0,1.0,1.0,7.0,0.0,14.0,161.0,1.0,1.0,7.0,13.0,0.89,69.0,5.0,0.0,18.0,1.0,6.125,0.0,2.0,1.6,0.0,0.0,0.95959595959596,0.0,0.0,2.0,0.5162608638600596,0.4837391361399404,2
1151,13,1.0,1.0,1.0,7.0,0.0,14.0,161.0,1.0,0.0,7.0,13.0,0.89,69.0,0.0,0.0,18.0,1.0,6.125,0.0,2.0,5.2,0.0,0.0,0.95959595959596,0.0,0.0,2.0,0.8884627588894043,0.11153724111059572,5
1151,14,1.0,1.0,1.0,1.0,0.0,14.0,161.0,1.0,0.0,7.0,13.0,0.89,69.0,0.0,0.0,18.0,1.0,6.125,0.0,2.0,5.2,0.0,0.0,0.95959595959596,0.0,0.0,2.0,0.9007056286152401,0.09929437138475998,5
1151,15,1.0,1.0,1.0,0.0,0.0,0.0,161.0,1.0,1.0,7.0,5.0,29.08,69.0,0.0,0.0,18.0,1.0,6.125,0.0,2.0,1.6,0.0,0.0,0.95959595959596,0.0,0.0,0.0,0.962603926312188,0.03739607368781197,4
1151,16,1.0,1.0,1.0,0.0,0.0,0.0,161.0,1.0,1.0,7.0,5.0,0.05,69.0,0.0,0.0,18.0,1.0,6.125,0.0,2.0,1.6,0.0,0.0,0.95959595959596,0.0,0.0,0.0,0.9668420671990465,0.03315793280095352,4
1151,17,1.0,1.0,1.0,0.0,0.0,0.0,161.0,1.0,1.0,7.0,5.0,0.05,69.0,0.0,0.0,18.0,1.0,6.125,0.0,0.0,1.6,0.0,0.0,0.95959595959596,0.0,0.0,0.0,0.9740557338496216,0.02594426615037834,5
1151,18,1.0,1.0,1.0,0.0,0.0,14.0,15.0,1.0,1.0,7.0,5.0,0.89,69.0,0.0,0.0,18.0,1.0,6.125,0.0,2.0,1.6,0.0,0.0,0.95959595959596,0.0,0.0,2.0,0.911271261350426,0.08872873864957395,2
1151,19,1.0,1.0,1.0,0.0,0.0,14.0,15.0,1.0,1.0,7.0,5.0,0.89,69.0,0.0,0.0,18.0,1.0,6.125,2.0,2.0,1.6,0.0,0.0,0.95959595959596,0.0,0.0,2.0,0.9411479154183621,0.05885208458163792,3
1171,0,1.0,0.0,1.0,0.0,1.0,5.0,268.0,1.0,0.0,0.0,13.0,0.28,0.0,1.0,0.0,54.0,2.0,9.57777777777778,1.0,1.0,0.0851063829787234,0.0,23.0,0.845977011494253,1.0,0.0,6.0,0.5058105979902348,0.49418940200976524,1
1171,1,1.0,0.0,1.0,0.0,1.0,5.0,268.0,1.0,0.0,0.0,9.0,0.28,0.0,1.0,0.0,54.0,2.0,9.57777777777778,1.0,1.0,0.0851063829787234,0.0,23.0,0.845977011494253,1.0,0.0,4.0,0.7794231915853664,0.22057680841463356,2
1171,2,1.0,0.0,1.0,0.0,1.0,5.0,93.111,1.0,0.0,0.0,44.0,0.28,0.0,1.0,0.0,54.0,2.0,9.57777777777778,1.0,1.0,0.0851063829787234,0.0,23.0,0.845977011494253,1.0,0.0,6.0,0.5041943881011316,0.4958056118988684,1
1171,3,1.0,0.0,1.0,0.0,1.0,5.0,15.0,1.0,0.0,0.0,9.0,0.28,0.0,1.0,0.0,54.0,2.0,9.57777777777778,1.0,1.0,0.0851063829787234,0.0,23.0,0.845977011494253,1.0,0.0,1.0,0.9103727974007666,0.08962720259923339,3
1171,4,1.0,0.0,1.0,0.0,1.0,5.0,15.0,1.0,0.0,0.0,9.0,0.28,0.0,1.0,0.0,54.0,0.0,9.57777777777778,1.0,1.0,0.0851063829787234,0.0,23.0,0.845977011494253,1.0,0.0,1.0,0.932616679827115,0.06738332017288495,4
1171,5,1.0,0.0,1.0,0.0,1.0,5.0,15.0,1.0,0.0,0.0,9.0,0.31,0.0,1.0,0.0,54.0,0.0,9.57777777777778,1.0,1.0,0.0851063829787234,0.0,23.0,0.845977011494253,1.0,0.0,1.0,0.9353028941203405,0.0646971058796595,5
1171,6,1.0,0.0,1.0,0.0,1.0,5.0,268.0,1.0,0.0,0.0,9.0,0.28,0.0,1.0,0.0,54.0,2.0,9.57777777777778,1.0,25.0,0.0851063829787234,0.0,23.0,0.845977011494253,1.0,0.0,6.0,0.7486934078012948,0.2513065921987052,2
1171,7,1.0,0.0,1.0,0.0,1.0,5.0,268.0,1.0,0.0,0.0,9.0,0.28,0.0,1.0,0.0,54.0,6.0,9.57777777777778,1.0,25.0,0.0851063829787234,0.0,23.0,0.845977011494253,1.0,0.0,6.0,0.795274252705043,0.20472574729495693,3
1171,8,1.0,0.0,1.0,0.0,1.0,5.0,268.0,1.0,0.0,0.0,9.0,0.28,0.0,1.0,1.0,54.0,6.0,9.57777777777778,1.0,25.0,0.0851063829787234,0.0,23.0,0.845977011494253,1.0,0.0,6.0,0.8205279060992217,0.1794720939007783,4
1171,9,1.0,0.0,1.0,0.0,1.0,5.0,268.0,1.0,0.0,0.0,9.0,0.31,0.0,1.0,1.0,54.0,6.0,9.57777777777778,1.0,25.0,0.0851063829787234,0.0,23.0,0.845977011494253,1.0,0.0,6.0,0.8411188986445175,0.1588811013554825,5
1171,10,1.0,0.0,1.0,0.0,1.0,5.0,268.0,1.0,0.0,0.0,0.0,0.31,0.0,1.0,1.0,54.0,6.0,9.57777777777778,1.0,25.0,0.0851063829787234,0.0,23.0,0.845977011494253,1.0,0.0,6.0,0.8476430002450653,0.15235699975493464,5
1171,11,1.0,0.0,1.0,0.0,1.0,5.0,268.0,1.0,0.0,0.0,9.0,0.28,0.0,1.0,0.0,54.0,2.0,9.57777777777778,1.0,25.0,0.0851063829787234,0.0,23.0,0.845977011494253,1.0,0.0,4.0,0.8526070843421194,0.14739291565788062,3
1171,12,1.0,0.0,1.0,0.0,1.0,0.0,268.0,1.0,0.0,0.0,9.0,0.28,0.0,1.0,0.0,54.0,2.0,9.57777777777778,1.0,25.0,0.0851063829787234,0.0,23.0,0.845977011494253,1.0,0.0,4.0,0.9044795154795793,0.09552048452042078,4
1171,13,1.0,0.0,1.0,0.0,1.0,0.0,268.0,1.0,0.0,0.0,9.0,0.28,0.0,1.0,0.0,54.0,2.0,9.57777777777778,1.0,25.0,0.0851063829787234,0.0,23.0,0.845977011494253,1.0,0.0,1.0,0.9125838554642524,0.08741614453574764,4
1171,14,1.0,0.0,1.0,321.0,1.0,0.0,268.0,1.0,0.0,0.0,9.0,0.28,0.0,1.0,0.0,54.0,2.0,9.57777777777778,1.0,25.0,0.0851063829787234,0.0,23.0,0.845977011494253,1.0,0.0,1.0,0.925447113899736,0.07455288610026406,5
1171,15,1.0,0.0,1.0,0.0,1.0,5.0,268.0,1.0,0.0,0.0,9.0,0.28,0.0,1.0,0.0,54.0,6.0,9.57777777777778,1.0,1.0,0.0851063829787234,0.0,23.0,0.845977011494253,1.0,0.0,4.0,0.8141861248374611,0.18581387516253892,3
1171,16,1.0,0.0,1.0,0.0,1.0,5.0,268.0,1.0,0.0,0.0,9.0,0.31,0.0,1.0,0.0,54.0,6.0,9.57777777777778,1.0,1.0,0.0851063829787234,0.0,23.0,0.845977011494253,1.0,0.0,4.0,0.8353587209079194,0.16464127909208062,4
1171,17,1.0,0.0,1.0,0.0,1.0,5.0,15.0,1.0,0.0,0.0,44.0,0.28,0.0,1.0,0.0,54.0,2.0,9.57777777777778,1.0,1.0,0.0851063829787234,0.0,23.0,0.845977011494253,1.0,0.0,6.0,0.5249366051593374,0.47506339484066257,1
1171,18,1.0,0.0,1.0,0.0,1.0,5.0,15.0,1.0,0.0,0.0,44.0,0.28,0.0,1.0,0.0,54.0,2.0,9.57777777777778,1.0,1.0,0.0851063829787234,0.0,23.0,0.845977011494253,1.0,0.0,0.0,0.7956488681415469,0.2043511318584531,2
1171,19,1.0,0.0,1.0,321.0,1.0,5.0,15.0,1.0,0.0,0.0,44.0,0.28,0.0,1.0,0.0,54.0,2.0,9.57777777777778,1.0,1.0,0.0851063829787234,0.0,23.0,0.845977011494253,1.0,0.0,0.0,0.8538396907779393,0.14616030922206066,3
1174,0,0.0,2.0,2.0,0.0,0.0,15.0,111.0,1.0,4.0,6.0,0.0,1.1,63.0,1.0,2.0,15.0,1.0,4.0,1.0,0.0,1.625,0.0,0.0,0.9,0.0,0.0,3.0,0.5699478100878403,0.4300521899121597,1
1174,1,0.0,2.0,2.0,0.0,0.0,15.0,111.0,1.0,4.0,6.0,0.0,0.05,63.0,1.0,2.0,15.0,1.0,4.0,1.0,0.0,1.625,0.0,0.0,1.0,0.0,0.0,3.0,0.8652744404416729,0.13472555955832713,2
1174,2,0.0,2.0,2.0,0.0,0.0,15.0,93.111,1.0,4.0,6.0,0.0,0.05,63.0,1.0,2.0,15.0,1.0,4.0,1.0,0.0,1.625,0.0,0.0,0.76890756302521,0.0,0.0,3.0,0.5394065059772712,0.46059349402272876,2
1174,3,0.0,2.0,2.0,0.0,0.0,3.0,111.0,1.0,4.0,6.0,0.0,1.1,63.0,1.0,2.0,15.0,1.0,4.0,1.0,0.0,1.625,0.0,0.0,0.76890756302521,0.0,0.0,3.0,0.506792162817096,0.49320783718290395,1
1174,4,0.0,2.0,2.0,0.0,0.0,0.0,15.0,1.0,93.0,6.0,0.0,0.05,63.0,1.0,2.0,15.0,1.0,4.0,1.0,0.0,1.625,0.0,0.0,1.0,0.0,0.0,3.0,0.9879223838202043,0.012077616179795699,5
1174,5,0.0,2.0,2.0,0.0,0.0,15.0,111.0,1.0,4.0,6.0,0.0,1.1,63.0,1.0,2.0,15.0,1.0,4.0,1.0,0.0,1.625,0.0,0.0,1.0,0.0,0.0,0.0,0.8631497217059134,0.13685027829408652,2
1174,6,0.0,2.0,2.0,0.0,0.0,15.0,71.0,1.0,4.0,6.0,0.0,1.1,63.0,1.0,2.0,15.0,1.0,4.0,1.0,0.0,1.625,0.0,0.0,0.76890756302521,0.0,0.0,0.0,0.5261912394126784,0.4738087605873216,2
1174,7,0.0,2.0,0.0,0.0,0.0,15.0,15.0,1.0,4.0,6.0,0.0,1.1,63.0,1.0,2.0,15.0,1.0,4.0,1.0,0.0,1.625,0.0,0.0,1.0,0.0,0.0,0.0,0.9555099169771559,0.0444900830228441,4
1174,8,0.0,2.0,2.0,0.0,0.0,15.0,111.0,1.0,4.0,6.0,0.0,0.05,63.0,1.0,2.0,15.0,1.0,4.0,1.0,0.0,1.625,0.0,0.0,0.76890756302521,0.0,0.0,1.0,0.5086637603236619,0.49133623967633805,2
1174,9,0.0,2.0,2.0,0.0,0.0,15.0,111.0,1.0,4.0,6.0,0.0,1.1,63.0,1.0,2.0,15.0,1.0,4.0,1.0,0.0,1.625,5.0,0.0,0.76890756302521,0.0,0.0,0.0,0.5170645228820734,0.4829354771179266,2
1174,10,0.0,2.0,2.0,0.0,0.0,15.0,111.0,1.0,4.0,6.0,0.0,0.05,63.0,1.0,2.0,15.0,1.0,4.0,2.0,0.0,1.625,5.0,0.0,1.0,0.0,0.0,0.0,0.9666875904880424,0.033312409511957575,5
1174,11,0.0,2.0,2.0,0.0,0.0,15.0,37.0,1.0,4.0,6.0,0.0,1.1,63.0,1.0,2.0,15.0,1.0,4.0,1.0,0.0,1.625,5.0,0.0,0.76890756302521,0.0,0.0,3.0,0.5076751598668396,0.49232484013316036,2
1174,12,0.0,2.0,2.0,0.0,0.0,2.0,111.0,1.0,4.0,6.0,0.0,1.1,63.0,1.0,2.0,15.0,1.0,4.0,1.0,0.0,1.625,0.0,0.0,0.76890756302521,0.0,0.0,3.0,0.5181685930934489,0.48183140690655113,1
1174,13,0.0,2.0,2.0,0.0,0.0,2.0,111.0,1.0,4.0,6.0,0.0,0.05,63.0,1.0,2.0,15.0,1.0,4.0,1.0,0.0,1.625,0.0,0.0,0.76890756302521,0.0,0.0,3.0,0.7194718264842921,0.28052817351570786,2
1174,14,0.0,2.0,2.0,0.0,0.0,2.0,37.0,1.0,4.0,6.0,0.0,0.05,63.0,1.0,2.0,15.0,1.0,4.0,1.0,0.0,1.625,0.0,0.0,0.76890756302521,0.0,0.0,3.0,0.9056782426706669,0.09432175732933311,3
1174,15,0.0,2.0,2.0,0.0,0.0,2.0,37.0,1.0,4.0,6.0,0.0,0.05,50.0,1.0,2.0,15.0,1.0,4.0,1.0,0.0,1.625,0.0,0.0,0.76890756302521,0.0,0.0,3.0,0.9095157635216786,0.09048423647832136,4
1174,16,0.0,2.0,2.0,0.0,0.0,0.0,37.0,1.0,4.0,6.0,0.0,0.05,50.0,1.0,2.0,15.0,1.0,4.0,1.0,0.0,1.625,0.0,0.0,0.76890756302521,0.0,0.0,3.0,0.9122179259483264,0.08778207405167361,4
1174,17,0.0,2.0,2.0,0.0,0.0,0.0,37.0,1.0,4.0,6.0,0.0,0.05,50.0,1.0,2.0,15.0,1.0,4.0,1.0,0.0,5.2,0.0,0.0,0.76890756302521,0.0,0.0,3.0,0.9137894358830521,0.08621056411694794,5
1174,18,0.0,2.0,2.0,0.0,0.0,15.0,15.0,1.0,4.0,6.0,0.0,1.1,63.0,1.0,2.0,15.0,1.0,4.0,1.0,0.0,1.625,0.0,0.0,0.76890756302521,0.0,0.0,0.0,0.7342900444031113,0.2657099555968887,2
1174,19,0.0,2.0,2.0,0.0,0.0,15.0,25.0,1.0,4.0,6.0,0.0,1.1,0.0,1.0,2.0,15.0,1.0,4.0,1.0,0.0,1.625,0.0,0.0,0.76890756302521,0.0,0.0,3.0,0.5344466041564404,0.46555339584355954,2
1189,0,21.0,2.0,2.0,0.0,0.0,17.0,37.0,2.0,1.0,46.0,9.0,0.38,87.0,1.0,0.0,79.0,2.0,10.6666666666667,1.0,1.0,1.94444444444444,0.0,2.0,0.874439461883408,1.0,0.0,6.0,0.5339985632968739,0.4660014367031261,2
1189,1,21.0,2.0,2.0,0.0,0.0,17.0,25.0,2.0,1.0,46.0,9.0,0.38,87.0,3.0,0.0,79.0,2.0,10.6666666666667,1.0,1.0,1.94444444444444,0.0,2.0,0.874439461883408,1.0,0.0,4.0,0.5894350479268626,0.4105649520731374,2
1189,2,21.0,2.0,2.0,0.0,0.0,9.0,15.0,2.0,1.0,46.0,9.0,0.38,87.0,3.0,0.0,79.0,2.0,10.6666666666667,1.0,1.0,1.94444444444444,0.0,2.0,0.874439461883408,1.0,0.0,6.0,0.5102887118020173,0.4897112881979827,2
1189,3,21.0,2.0,2.0,0.0,0.0,6.0,15.0,2.0,1.0,46.0,9.0,0.38,87.0,0.0,0.0,79.0,2.0,10.6666666666667,0.0,1.0,1.94444444444444,0.0,2.0,0.874439461883408,1.0,0.0,0.0,0.9211322391538606,0.07886776084613939,5
1189,4,21.0,2.0,2.0,0.0,0.0,17.0,37.0,2.0,1.0,46.0,9.0,0.38,87.0,3.0,0.0,79.0,2.0,10.6666666666667,1.0,1.0,1.94444444444444,0.0,2.0,1.0,1.0,0.0,6.0,0.5214351282869932,0.47856487171300677,2
1189,5,21.0,2.0,2.0,0.0,0.0,17.0,15.0,2.0,1.0,46.0,9.0,0.38,87.0,3.0,0.0,79.0,2.0,10.6666666666667,1.0,1.0,1.94444444444444,0.0,2.0,1.0,1.0,0.0,0.0,0.7731791807947124,0.22682081920528765,3
1189,6,21.0,2.0,2.0,0.0,0.0,17.0,15.0,2.0,1.0,46.0,9.0,0.38,87.0,3.0,0.0,79.0,2.0,10.6666666666667,1.0,1.0,1.94444444444444,5.0,2.0,1.0,1.0,0.0,0.0,0.8421165481685389,0.15788345183146107,4
1189,7,21.0,2.0,2.0,0.0,0.0,17.0,15.0,2.0,1.0,46.0,9.0,0.38,87.0,3.0,0.0,79.0,2.0,10.6666666666667,1.0,1.0,1.94444444444444,5.0,0.0,1.0,1.0,0.0,0.0,0.8431346630432386,0.15686533695676141,5
1189,8,21.0,2.0,2.0,0.0,0.0,17.0,25.0,2.0,1.0,46.0,9.0,0.38,87.0,3.0,0.0,79.0,2.0,3.9,1.0,1.0,1.94444444444444,0.0,2.0,0.874439461883408,1.0,0.0,6.0,0.5252995911220208,0.4747004088779792,2
1189,9,21.0,2.0,2.0,0.0,0.0,17.0,15.0,2.0,1.0,46.0,9.0,0.38,87.0,0.0,0.0,79.0,2.0,3.0,1.0,1.0,1.94444444444444,5.0,2.0,0.874439461883408,1.0,0.0,0.0,0.9591655637864205,0.04083443621357953,5
1189,10,21.0,2.0,2.0,0.0,0.0,6.0,15.0,2.0,1.0,46.0,9.0,0.38,87.0,0.0,0.0,79.0,2.0,10.6666666666667,1.0,1.0,1.94444444444444,0.0,2.0,0.874439461883408,1.0,0.0,6.0,0.7547258281905684,0.24527417180943156,3
1189,11,21.0,2.0,2.0,0.0,0.0,6.0,15.0,2.0,2.0,46.0,9.0,0.38,87.0,0.0,0.0,79.0,2.0,10.6666666666667,1.0,1.0,1.94444444444444,0.0,2.0,0.874439461883408,1.0,0.0,6.0,0.7978127135956143,0.20218728640438566,4
1189,12,21.0,2.0,2.0,0.0,0.0,6.0,15.0,2.0,2.0,46.0,9.0,0.38,87.0,0.0,0.0,4.0,2.0,10.6666666666667,1.0,1.0,1.94444444444444,0.0,2.0,0.874439461883408,1.0,0.0,6.0,0.8062691803065645,0.19373081969343553,5
1189,13,21.0,2.0,2.0,0.0,0.0,17.0,15.0,2.0,1.0,46.0,9.0,0.38,87.0,3.0,0.0,79.0,2.0,10.6666666666667,1.0,1.0,1.94444444444444,0.0,2.0,0.874439461883408,1.0,0.0,0.0,0.6092218223592901,0.3907781776407099,2
1189,14,21.0,2.0,2.0,0.0,0.0,17.0,15.0,2.0,1.0,46.0,9.0,0.38,87.0,3.0,0.0,79.0,2.0,10.6666666666667,1.0,1.0,0.0,0.0,2.0,0.874439461883408,1.0,0.0,0.0,0.6867428748260602,0.31325712517393983,3
1189,15,21.0,2.0,2.0,0.0,0.0,17.0,25.0,2.0,0.0,46.0,9.0,0.38,87.0,3.0,0.0,79.0,2.0,10.6666666666667,1.0,1.0,1.94444444444444,0.0,2.0,0.874439461883408,1.0,0.0,6.0,0.5229219289586937,0.4770780710413063,2
1189,16,21.0,2.0,2.0,0.0,0.0,17.0,15.0,2.0,1.0,46.0,9.0,0.38,87.0,3.0,0.0,79.0,2.0,3.0,1.0,1.0,1.94444444444444,0.0,2.0,0.874439461883408,1.0,0.0,0.0,0.7324165601386576,0.26758343986134236,3
1189,17,0.0,2.0,2.0,0.0,0.0,17.0,15.0,2.0,1.0,46.0,9.0,0.38,87.0,3.0,0.0,79.0,2.0,3.0,1.0,1.0,1.94444444444444,0.0,2.0,0.874439461883408,1.0,0.0,0.0,0.8315584173750061,0.1684415826249939,4
1189,18,0.0,2.0,2.0,0.0,0.0,17.0,15.0,2.0,1.0,46.0,9.0,0.38,87.0,3.0,0.0,79.0,2.0,3.0,0.0,1.0,1.94444444444444,0.0,2.0,0.874439461883408,1.0,0.0,0.0,0.8522803833939571,0.14771961660604296,5
1189,19,21.0,2.0,2.0,0.0,0.0,6.0,15.0,2.0,1.0,46.0,9.0,0.38,87.0,0.0,0.0,79.0,2.0,10.6666666666667,0.0,1.0,1.94444444444444,0.0,2.0,0.874439461883408,1.0,0.0,6.0,0.7959015065711658,0.20409849342883427,4
1190,0,1.0,0.0,1.0,0.0,0.0,9.0,68.0,1.0,1.0,4.0,3.0,0.37,44.0,4.0,0.0,17.0,1.0,6.6,3.0,3.0,2.71428571428571,0.0,0.0,0.972508591065292,0.0,0.0,2.0,0.6029112808299194,0.3970887191700806,1
1190,1,1.0,0.0,1.0,0.0,0.0,9.0,68.0,1.0,1.0,4.0,3.0,0.37,44.0,3.0,0.0,17.0,1.0,6.6,3.0,3.0,2.71428571428571,0.0,0.0,0.972508591065292,0.0,0.0,3.0,0.503628390438901,0.496371609561099,1
1190,2,1.0,0.0,1.0,0.0,0.0,9.0,37.0,1.0,1.0,4.0,3.0,0.37,44.0,4.0,0.0,17.0,1.0,6.6,3.0,3.0,2.71428571428571,0.0,0.0,0.972508591065292,0.0,0.0,3.0,0.5063652497557375,0.4936347502442625,1
1190,3,1.0,0.0,1.0,0.0,0.0,9.0,15.0,1.0,1.0,4.0,3.0,0.05,44.0,0.0,0.0,17.0,1.0,6.6,3.0,3.0,2.71428571428571,0.0,0.0,0.972508591065292,0.0,0.0,0.0,0.9885585723568077,0.011441427643192286,4
1190,4,1.0,0.0,1.0,0.0,0.0,9.0,15.0,1.0,1.0,4.0,3.0,0.05,44.0,0.0,0.0,17.0,1.0,6.6,3.0,25.0,2.71428571428571,0.0,0.0,0.972508591065292,0.0,0.0,0.0,0.9927440196822235,0.007255980317776468,5
1190,5,1.0,0.0,1.0,0.0,0.0,9.0,68.0,1.0,1.0,4.0,3.0,0.37,44.0,0.0,0.0,17.0,1.0,6.6,3.0,3.0,2.71428571428571,0.0,0.0,0.972508591065292,0.0,0.0,3.0,0.7353368731812637,0.2646631268187363,1
1190,6,1.0,0.0,1.0,0.0,0.0,7.0,68.0,1.0,1.0,4.0,3.0,0.37,44.0,4.0,0.0,17.0,1.0,6.6,3.0,3.0,2.71428571428571,0.0,0.0,0.972508591065292,0.0,0.0,3.0,0.5000456304572678,0.49995436954273215,1
1190,7,1.0,0.0,1.0,0.0,0.0,0.0,68.0,1.0,1.0,4.0,3.0,0.05,44.0,0.0,0.0,17.0,1.0,6.6,3.0,3.0,2.71428571428571,0.0,0.0,0.972508591065292,0.0,0.0,3.0,0.9546614972661736,0.04533850273382648,3
1190,8,1.0,0.0,1.0,0.0,0.0,0.0,68.0,1.0,1.0,4.0,3.0,0.05,44.0,0.0,0.0,17.0,6.0,6.6,3.0,3.0,2.71428571428571,0.0,0.0,0.972508591065292,0.0,0.0,3.0,0.9695123136045425,0.030487686395457562,4
1190,9,1.0,0.0,1.0,0.0,0.0,9.0,68.0,1.0,1.0,4.0,3.0,0.37,0.0,4.0,0.0,17.0,1.0,6.6,3.0,3.0,2.71428571428571,0.0,0.0,0.972508591065292,0.0,0.0,3.0,0.5925617752806135,0.4074382247193865,1
1190,10,1.0,0.0,1.0,0.0,0.0,9.0,68.0,1.0,1.0,4.0,3.0,0.37,44.0,4.0,0.0,17.0,1.0,6.6,3.0,25.0,2.71428571428571,0.0,0.0,0.972508591065292,0.0,0.0,3.0,0.5967823340971752,0.40321766590282476,1
1190,11,1.0,0.0,1.0,0.0,0.0,0.0,68.0,1.0,1.0,4.0,3.0,0.37,44.0,4.0,0.0,17.0,1.0,6.6,3.0,25.0,2.71428571428571,0.0,0.0,0.972508591065292,0.0,0.0,0.0,0.9159105295044101,0.08408947049558987,3
1190,12,1.0,0.0,1.0,0.0,0.0,0.0,68.0,1.0,1.0,4.0,3.0,0.37,44.0,4.0,0.0,9.0,1.0,6.6,3.0,25.0,2.71428571428571,0.0,0.0,0.972508591065292,0.0,0.0,0.0,0.9258216608965554,0.07417833910344464,4
1190,13,1.0,0.0,1.0,0.0,0.0,9.0,15.0,1.0,1.0,4.0,3.0,0.37,44.0,4.0,0.0,17.0,1.0,6.6,3.0,3.0,2.71428571428571,0.0,0.0,0.972508591065292,0.0,0.0,3.0,0.6246734640115743,0.3753265359884257,1
1190,14,1.0,0.0,1.0,0.0,0.0,9.0,15.0,1.0,1.0,4.0,3.0,0.05,44.0,4.0,0.0,17.0,1.0,6.6,3.0,3.0,2.71428571428571,0.0,0.0,0.972508591065292,0.0,0.0,3.0,0.8038236308099399,0.19617636919006012,2
1190,15,1.0,0.0,1.0,0.0,0.0,9.0,15.0,1.0,1.0,4.0,3.0,0.05,0.0,4.0,0.0,17.0,1.0,6.6,3.0,3.0,2.71428571428571,0.0,0.0,0.972508591065292,0.0,0.0,3.0,0.8916107061868848,0.10838929381311523,3
1190,16,1.0,0.0,1.0,0.0,0.0,0.0,15.0,1.0,1.0,4.0,3.0,0.05,0.0,4.0,0.0,17.0,1.0,6.6,3.0,3.0,2.71428571428571,0.0,0.0,0.972508591065292,0.0,0.0,3.0,0.9353660514789842,0.06463394852101582,4
1190,17,0.0,0.0,1.0,0.0,0.0,0.0,15.0,1.0,1.0,4.0,3.0,0.05,0.0,4.0,0.0,17.0,1.0,6.6,3.0,3.0,2.71428571428571,0.0,0.0,0.972508591065292,0.0,0.0,3.0,0.9466374553081705,0.053362544691829515,5
1190,18,1.0,0.0,1.0,0.0,0.0,9.0,15.0,1.0,1.0,4.0,3.0,0.37,44.0,0.0,0.0,17.0,1.0,6.6,3.0,3.0,2.71428571428571,0.0,0.0,0.972508591065292,0.0,0.0,3.0,0.8951337972195511,0.10486620278044885,2
1190,19,1.0,0.0,1.0,0.0,0.0,9.0,15.0,1.0,1.0,4.0,3.0,0.37,44.0,0.0,0.0,17.0,1.0,6.6,3.0,25.0,2.71428571428571,0.0,0.0,0.972508591065292,0.0,0.0,3.0,0.9311139289111012,0.06888607108889876,3
1203,0,0.0,1.0,2.0,0.0,1.0,6.0,37.0,1.0,3.0,6.0,18.0,0.61,88.0,2.0,19.0,26.0,1.0,7.72727272727273,0.0,0.0,1.16666666666667,0.0,27.0,0.859778597785978,0.5,0.0,4.0,0.5024291279402484,0.49757087205975165,1
1203,1,0.0,1.0,2.0,0.0,1.0,6.0,15.0,1.0,3.0,6.0,18.0,0.61,88.0,2.0,19.0,26.0,1.0,7.72727272727273,0.0,0.0,1.16666666666667,0.0,0.0,0.859778597785978,0.5,0.0,4.0,0.7475136828396447,0.25248631716035524,2
1203,2,0.0,1.0,2.0,0.0,1.0,6.0,15.0,1.0,3.0,6.0,18.0,0.61,88.0,2.0,19.0,26.0,1.0,7.72727272727273,0.0,0.0,1.16666666666667,0.0,0.0,0.859778597785978,0.0,0.0,4.0,0.8422359803701431,0.15776401962985687,3
1203,3,0.0,1.0,2.0,321.0,1.0,6.0,180.0,1.0,3.0,6.0,18.0,0.61,88.0,2.0,19.0,26.0,1.0,7.72727272727273,0.0,0.0,1.16666666666667,0.0,27.0,0.859778597785978,0.5,0.0,4.0,0.5019864383364543,0.49801356166354577,1
1203,4,0.0,1.0,2.0,0.0,1.0,6.0,180.0,1.0,3.0,6.0,18.0,0.61,88.0,2.0,19.0,26.0,1.0,7.72727272727273,0.0,0.0,1.16666666666667,0.0,27.0,0.859778597785978,0.0,0.0,4.0,0.5068367333022921,0.4931632666977079,1
1203,5,0.0,1.0,2.0,0.0,1.0,6.0,180.0,1.0,3.0,6.0,18.0,0.61,88.0,2.0,19.0,26.0,1.0,7.72727272727273,0.0,0.0,1.16666666666667,0.0,0.0,0.859778597785978,0.0,0.0,4.0,0.6706518445571161,0.3293481554428839,2
1203,6,0.0,1.0,2.0,0.0,1.0,6.0,180.0,1.0,3.0,6.0,18.0,0.31,88.0,2.0,19.0,26.0,1.0,7.72727272727273,0.0,0.0,1.16666666666667,0.0,2.0,0.859778597785978,0.5,0.0,4.0,0.50256795429975,0.49743204570025,2
1203,7,0.0,1.0,2.0,0.0,1.0,6.0,180.0,1.0,3.0,6.0,18.0,0.31,88.0,2.0,19.0,26.0,1.0,3.0,0.0,0.0,1.16666666666667,0.0,27.0,0.859778597785978,0.5,0.0,4.0,0.5500653928266251,0.44993460717337486,2
1203,8,0.0,1.0,2.0,0.0,0.0,6.0,180.0,1.0,3.0,6.0,18.0,29.08,88.0,2.0,19.0,26.0,1.0,337.0,0.0,0.0,1.16666666666667,0.0,0.0,0.859778597785978,0.0,0.0,4.0,0.8254601461127569,0.17453985388724313,5
1203,9,0.0,1.0,2.0,0.0,1.0,6.0,15.0,1.0,3.0,6.0,18.0,29.08,88.0,2.0,19.0,26.0,1.0,7.72727272727273,0.0,0.0,1.16666666666667,0.0,27.0,0.859778597785978,0.5,0.0,4.0,0.7065261520381285,0.2934738479618714,2
1203,10,153.0,1.0,2.0,0.0,1.0,6.0,15.0,1.0,3.0,6.0,18.0,29.08,88.0,2.0,19.0,26.0,1.0,7.72727272727273,0.0,0.0,1.16666666666667,0.0,27.0,0.859778597785978,0.5,0.0,4.0,0.7678265520093046,0.23217344799069534,3
1203,11,153.0,1.0,2.0,0.0,1.0,6.0,15.0,1.0,3.0,6.0,13.0,29.08,88.0,2.0,19.0,26.0,1.0,7.72727272727273,0.0,0.0,1.16666666666667,0.0,27.0,0.859778597785978,0.5,0.0,4.0,0.7860989239257878,0.2139010760742121,4
1203,12,153.0,1.0,2.0,0.0,1.0,6.0,15.0,1.0,3.0,6.0,13.0,29.08,88.0,2.0,19.0,26.0,0.0,7.72727272727273,0.0,0.0,1.16666666666667,0.0,27.0,0.859778597785978,0.5,0.0,4.0,0.8028012272739866,0.19719877272601333,5
1203,13,153.0,1.0,2.0,0.0,1.0,6.0,25.0,1.0,3.0,6.0,13.0,29.08,88.0,2.0,19.0,26.0,0.0,7.72727272727273,0.0,0.0,1.16666666666667,0.0,27.0,0.859778597785978,0.5,0.0,4.0,0.8066776635972813,0.1933223364027187,5
1203,14,0.0,1.0,2.0,0.0,1.0,6.0,15.0,1.0,3.0,6.0,18.0,0.05,88.0,2.0,19.0,26.0,1.0,7.72727272727273,0.0,0.0,1.16666666666667,0.0,0.0,0.859778597785978,0.5,0.0,4.0,0.8665672317769171,0.1334327682230829,3
1203,15,0.0,1.0,2.0,0.0,1.0,6.0,15.0,1.0,3.0,6.0,18.0,0.05,88.0,2.0,19.0,26.0,1.0,3.9,0.0,0.0,1.16666666666667,0.0,0.0,0.859778597785978,0.5,0.0,4.0,0.8952966902639682,0.10470330973603179,4
1203,16,0.0,1.0,2.0,0.0,1.0,6.0,15.0,1.0,3.0,6.0,18.0,0.05,88.0,2.0,19.0,26.0,1.0,3.9,0.0,0.0,1.8,0.0,0.0,0.859778597785978,0.5,0.0,4.0,0.9209380706143302,0.0790619293856698,5
1203,17,0.0,1.0,2.0,0.0,1.0,6.0,15.0,1.0,3.0,6.0,18.0,0.05,88.0,2.0,19.0,26.0,1.0,3.0,0.0,0.0,1.8,0.0,0.0,0.859778597785978,0.5,0.0,4.0,0.9217587148031705,0.0782412851968295,5
1203,18,0.0,1.0,2.0,0.0,1.0,6.0,15.0,1.0,3.0,6.0,18.0,0.05,88.0,2.0,19.0,26.0,1.0,3.0,0.0,0.0,5.2,0.0,0.0,0.859778597785978,0.5,0.0,4.0,0.9301305768299658,0.0698694231700342,5
1203,19,0.0,1.0,2.0,321.0,1.0,6.0,180.0,1.0,3.0,6.0,18.0,0.61,88.0,2.0,19.0,26.0,1.0,7.72727272727273,0.0,0.0,1.16666666666667,0.0,27.0,0.859778597785978,0.0,0.0,4.0,0.6868810898585631,0.31311891014143683,2
1204,0,2.0,0.0,1.0,0.0,2.0,8.0,161.0,1.0,0.0,6.0,12.0,0.83,79.0,3.0,0.0,15.0,2.0,4.42857142857143,1.0,1.0,1.25,0.0,89.0,1.0,1.0,0.0,2.0,0.5237256233165293,0.4762743766834707,2
1204,1,2.0,0.0,1.0,0.0,2.0,8.0,161.0,1.0,0.0,6.0,12.0,0.83,79.0,0.0,0.0,15.0,2.0,4.42857142857143,1.0,1.0,1.25,0.0,0.0,1.0,1.0,0.0,2.0,0.8740334133930431,0.1259665866069569,3
1204,2,2.0,0.0,1.0,0.0,2.0,8.0,52.0,1.0,0.0,6.0,12.0,0.83,79.0,1.0,0.0,15.0,2.0,4.42857142857143,1.0,1.0,1.25,0.0,108.0,0.702637889688249,1.0,0.0,2.0,0.5045113559054641,0.4954886440945359,2
1204,3,2.0,0.0,1.0,0.0,2.0,8.0,25.0,1.0,0.0,6.0,12.0,29.08,79.0,3.0,0.0,15.0,2.0,4.42857142857143,1.0,1.0,1.25,0.0,89.0,0.702637889688249,1.0,0.0,2.0,0.5222420754889991,0.4777579245110009,3
1204,4,2.0,0.0,1.0,0.0,2.0,8.0,15.0,1.0,0.0,6.0,12.0,29.08,79.0,0.0,0.0,15.0,2.0,4.42857142857143,1.0,1.0,1.25,0.0,0.0,0.9,1.0,0.0,2.0,0.9716356374828901,0.02836436251710993,5
1204,5,2.0,0.0,1.0,0.0,2.0,8.0,25.0,1.0,0.0,6.0,12.0,29.08,79.0,0.0,0.0,15.0,2.0,4.42857142857143,1.0,1.0,1.25,0.0,0.0,0.9,1.0,0.0,2.0,0.9730452235521488,0.026954776447851134,5
1204,6,2.0,0.0,1.0,0.0,2.0,8.0,161.0,1.0,0.0,6.0,12.0,29.08,79.0,3.0,0.0,15.0,2.0,4.42857142857143,1.0,1.0,1.25,0.0,108.0,0.9,1.0,0.0,2.0,0.5091002918215073,0.49089970817849277,2
1204,7,2.0,0.0,1.0,0.0,2.0,8.0,161.0,1.0,0.0,6.0,12.0,29.08,79.0,1.0,0.0,15.0,2.0,4.42857142857143,1.0,1.0,1.25,0.0,108.0,0.702637889688249,1.0,0.0,2.0,0.6356913809547591,0.36430861904524087,2
1204,8,2.0,0.0,1.0,0.0,2.0,8.0,161.0,1.0,0.0,6.0,12.0,29.08,79.0,0.0,0.0,15.0,6.0,4.42857142857143,1.0,1.0,1.25,0.0,108.0,1.0,1.0,0.0,2.0,0.9202781003111373,0.07972189968886265,4
1204,9,2.0,0.0,1.0,0.0,2.0,0.0,161.0,1.0,0.0,6.0,12.0,29.08,79.0,3.0,0.0,15.0,6.0,4.42857142857143,1.0,1.0,1.25,0.0,108.0,0.702637889688249,1.0,0.0,2.0,0.5050596099818143,0.4949403900181857,3
1204,10,2.0,0.0,1.0,0.0,2.0,8.0,93.111,1.0,0.0,6.0,12.0,0.83,79.0,3.0,0.0,15.0,2.0,4.42857142857143,1.0,1.0,1.25,0.0,108.0,1.0,1.0,0.0,2.0,0.5372520860249443,0.4627479139750556,2
1204,11,2.0,0.0,1.0,0.0,2.0,8.0,15.0,1.0,0.0,6.0,12.0,0.83,79.0,3.0,0.0,15.0,2.0,4.42857142857143,1.0,1.0,0.0,0.0,0.0,1.0,1.0,0.0,2.0,0.9052965844242097,0.09470341557579035,4
1204,12,2.0,0.0,1.0,0.0,2.0,8.0,25.0,1.0,0.0,6.0,12.0,29.08,79.0,0.0,0.0,15.0,2.0,4.42857142857143,1.0,1.0,1.25,0.0,108.0,1.0,1.0,0.0,2.0,0.8893501689885779,0.11064983101142209,4
1204,13,2.0,0.0,1.0,0.0,2.0,8.0,25.0,1.0,0.0,6.0,12.0,29.08,79.0,0.0,0.0,15.0,2.0,4.42857142857143,1.0,1.0,1.25,0.0,108.0,0.9,1.0,0.0,2.0,0.9361371401890759,0.06386285981092414,4
1204,14,2.0,0.0,1.0,0.0,2.0,8.0,25.0,1.0,0.0,6.0,12.0,29.08,66.0,0.0,0.0,15.0,2.0,4.42857142857143,1.0,1.0,1.25,0.0,108.0,0.9,1.0,0.0,2.0,0.9429424555903178,0.05705754440968222,5
1204,15,2.0,0.0,1.0,0.0,2.0,8.0,15.0,1.0,0.0,6.0,12.0,0.83,79.0,3.0,0.0,15.0,2.0,4.42857142857143,1.0,1.0,1.25,0.0,108.0,1.0,1.0,0.0,2.0,0.6768538770797825,0.3231461229202175,2
1204,16,2.0,0.0,1.0,0.0,2.0,8.0,15.0,1.0,0.0,6.0,12.0,0.83,79.0,3.0,0.0,15.0,2.0,4.42857142857143,1.0,1.0,5.2,0.0,108.0,1.0,1.0,0.0,2.0,0.7510160629610102,0.24898393703898983,3
1204,17,2.0,0.0,1.0,0.0,2.0,8.0,15.0,1.0,0.0,6.0,12.0,0.83,79.0,0.0,0.0,15.0,2.0,4.42857142857143,1.0,1.0,5.2,0.0,108.0,1.0,1.0,0.0,2.0,0.8548848197904269,0.1451151802095731,4
1204,18,2.0,0.0,1.0,0.0,2.0,8.0,15.0,1.0,0.0,6.0,12.0,0.83,79.0,0.0,0.0,15.0,2.0,4.42857142857143,1.0,1.0,5.2,0.0,108.0,0.9,1.0,0.0,2.0,0.8993377260791312,0.10066227392086875,4
1204,19,2.0,0.0,1.0,0.0,2.0,8.0,161.0,1.0,0.0,6.0,12.0,29.08,79.0,0.0,0.0,15.0,2.0,4.42857142857143,1.0,1.0,1.25,0.0,108.0,0.702637889688249,1.0,0.0,2.0,0.6356913809547591,0.36430861904524087,2
1205,0,1.0,2.0,1.0,0.0,2.0,8.0,93.111,1.0,1.0,13.0,30.0,0.97,93.0,1.0,3.0,31.0,2.0,2.52941176470588,0.0,0.0,0.638888888888889,0.0,114.0,1.0,0.6,0.0,4.0,0.5473198977484954,0.4526801022515045,2
1205,1,1.0,2.0,1.0,0.0,2.0,8.0,93.111,1.0,1.0,13.0,30.0,0.97,93.0,1.0,3.0,31.0,2.0,2.52941176470588,0.0,0.0,0.638888888888889,0.0,114.0,1.0,1.0,0.0,4.0,0.7110843063128769,0.28891569368712305,3
1205,2,1.0,2.0,1.0,0.0,2.0,8.0,93.111,1.0,1.0,13.0,30.0,0.97,93.0,1.0,3.0,6.0,2.0,2.52941176470588,0.0,0.0,0.638888888888889,0.0,114.0,1.0,1.0,0.0,4.0,0.7363510459223179,0.2636489540776821,4
1205,3,1.0,2.0,1.0,0.0,2.0,9.0,333.0,1.0,1.0,13.0,5.0,0.97,93.0,1.0,3.0,3.0,2.0,2.52941176470588,0.0,0.0,5.2,0.0,114.0,0.753623188405797,0.6,0.0,4.0,0.5059022469900365,0.49409775300996345,4
1205,4,1.0,2.0,1.0,0.0,2.0,13.0,333.0,1.0,1.0,13.0,3.0,0.97,93.0,1.0,3.0,3.0,2.0,2.52941176470588,0.0,0.0,5.2,0.0,114.0,0.753623188405797,0.6,0.0,0.0,0.5847680267732078,0.41523197322679223,5
1205,5,1.0,2.0,1.0,0.0,2.0,8.0,193.556,1.0,1.0,13.0,30.0,0.97,93.0,1.0,3.0,31.0,2.0,2.52941176470588,0.0,0.0,0.638888888888889,0.0,114.0,1.0,0.8,0.0,4.0,0.5054514215401318,0.49454857845986827,3
1205,6,1.0,2.0,1.0,0.0,2.0,8.0,93.111,1.0,1.0,13.0,30.0,0.97,93.0,1.0,3.0,31.0,6.0,2.52941176470588,0.0,25.0,0.638888888888889,0.0,114.0,1.0,1.0,0.0,4.0,0.8539047047959376,0.14609529520406236,5
1205,7,1.0,2.0,1.0,0.0,2.0,8.0,333.0,1.0,1.0,13.0,30.0,0.97,77.0,1.0,3.0,3.0,2.0,2.52941176470588,0.0,0.0,5.2,5.0,114.0,0.753623188405797,0.6,0.0,4.0,0.5054885745366482,0.49451142546335186,4
1205,8,1.0,2.0,1.0,0.0,2.0,8.0,93.111,1.0,1.0,13.0,30.0,0.97,93.0,1.0,3.0,3.0,2.0,2.52941176470588,0.0,0.0,0.638888888888889,0.0,114.0,1.0,0.6,0.0,4.0,0.6640009317753939,0.3359990682246061,3
1205,9,1.0,2.0,1.0,0.0,2.0,8.0,93.111,1.0,1.0,13.0,30.0,0.97,93.0,1.0,3.0,3.0,2.0,2.52941176470588,0.0,0.0,0.638888888888889,5.0,114.0,1.0,0.6,0.0,4.0,0.7638801970903716,0.23611980290962842,4
1205,10,1.0,2.0,1.0,0.0,2.0,8.0,333.0,1.0,93.0,13.0,30.0,0.97,93.0,1.0,3.0,21.0,2.0,2.52941176470588,0.0,0.0,0.638888888888889,0.0,114.0,1.0,0.6,0.0,4.0,0.5834608898982332,0.41653911010176675,3
1205,11,1.0,2.0,1.0,0.0,2.0,8.0,333.0,1.0,93.0,13.0,30.0,0.97,93.0,1.0,3.0,3.0,2.0,2.52941176470588,0.0,0.0,5.2,0.0,114.0,1.0,0.6,0.0,4.0,0.8001027718045148,0.19989722819548522,4
1205,12,1.0,2.0,1.0,0.0,2.0,8.0,333.0,1.0,1.0,13.0,30.0,0.83,93.0,1.0,3.0,31.0,2.0,2.52941176470588,0.0,0.0,5.2,0.0,114.0,1.0,0.6,0.0,4.0,0.5248421304231271,0.4751578695768729,3
1205,13,1.0,2.0,1.0,0.0,0.0,8.0,333.0,1.0,1.0,13.0,30.0,29.08,93.0,1.0,3.0,31.0,2.0,2.52941176470588,0.0,0.0,5.2,0.0,114.0,1.0,0.6,0.0,4.0,0.6581411157588226,0.34185888424117744,4
1205,14,1.0,2.0,1.0,0.0,0.0,8.0,333.0,1.0,1.0,13.0,30.0,0.97,93.0,1.0,3.0,31.0,2.0,2.52941176470588,0.0,0.0,5.2,0.0,114.0,1.0,0.6,0.0,4.0,0.5179611980279978,0.4820388019720022,3
1205,15,1.0,2.0,1.0,0.0,2.0,8.0,333.0,1.0,1.0,13.0,30.0,0.97,93.0,1.0,3.0,31.0,6.0,2.52941176470588,0.0,0.0,0.638888888888889,0.0,114.0,1.0,1.0,0.0,4.0,0.5305255669589652,0.4694744330410347,3
1205,16,1.0,2.0,1.0,0.0,2.0,8.0,333.0,1.0,1.0,5.0,30.0,0.97,93.0,1.0,3.0,31.0,2.0,2.52941176470588,0.0,0.0,0.638888888888889,0.0,114.0,1.0,1.0,0.0,4.0,0.5079434446742914,0.49205655532570863,3
1205,17,1.0,2.0,1.0,0.0,2.0,8.0,333.0,1.0,1.0,3.0,30.0,29.08,93.0,1.0,3.0,31.0,2.0,2.52941176470588,0.0,0.0,0.638888888888889,0.0,114.0,1.0,0.6,0.0,4.0,0.5110114400832686,0.48898855991673146,3
1205,18,1.0,2.0,1.0,0.0,2.0,8.0,333.0,1.0,1.0,13.0,30.0,0.97,93.0,1.0,3.0,21.0,2.0,2.52941176470588,0.0,0.0,5.2,0.0,114.0,1.0,0.6,0.0,4.0,0.5324056940639004,0.46759430593609963,3
1205,19,1.0,2.0,1.0,0.0,2.0,8.0,333.0,1.0,1.0,13.0,30.0,0.97,93.0,1.0,3.0,6.0,2.0,2.52941176470588,0.0,0.0,0.638888888888889,5.0,114.0,1.0,0.6,0.0,4.0,0.5204166404214527,0.47958335957854725,3
1209,0,1.0,1.0,1.0,0.0,0.0,9.0,127.0,1.0,0.0,13.0,13.0,0.55,80.0,3.0,0.0,15.0,2.0,5.4,1.0,1.0,1.47058823529412,0.0,0.0,0.866888519134775,0.0,0.0,3.0,0.5109647382135123,0.48903526178648765,1
1209,1,1.0,1.0,1.0,0.0,0.0,9.0,15.0,1.0,0.0,13.0,13.0,0.55,80.0,0.0,0.0,15.0,2.0,5.4,1.0,1.0,1.47058823529412,0.0,0.0,0.866888519134775,0.0,0.0,3.0,0.8520009182433014,0.14799908175669865,2
1209,2,1.0,1.0,1.0,0.0,0.0,9.0,15.0,1.0,0.0,13.0,13.0,0.55,80.0,0.0,0.0,15.0,2.0,5.4,1.0,1.0,5.2,0.0,0.0,0.866888519134775,0.0,0.0,3.0,0.9113389760307921,0.0886610239692079,3
1209,3,1.0,1.0,1.0,0.0,0.0,9.0,15.0,1.0,0.0,13.0,13.0,0.55,80.0,0.0,0.0,15.0,2.0,8.1,1.0,1.0,5.2,0.0,0.0,0.866888519134775,0.0,0.0,3.0,0.9205485755029802,0.07945142449701979,4
1209,4,1.0,1.0,1.0,0.0,0.0,9.0,15.0,1.0,0.0,13.0,13.0,0.55,80.0,3.0,0.0,15.0,2.0,5.4,1.0,1.0,1.47058823529412,0.0,0.0,0.866888519134775,0.0,0.0,0.0,0.8449525586704731,0.15504744132952689,2
1209,5,1.0,1.0,1.0,0.0,0.0,9.0,15.0,1.0,0.0,13.0,13.0,0.55,80.0,3.0,0.0,15.0,2.0,5.4,1.0,1.0,0.0,0.0,0.0,0.866888519134775,0.0,0.0,0.0,0.927601141914283,0.07239885808571699,3
1209,6,1.0,1.0,1.0,0.0,0.0,9.0,15.0,1.0,0.0,1.0,13.0,0.55,80.0,3.0,0.0,15.0,2.0,5.4,1.0,1.0,0.0,0.0,0.0,0.866888519134775,0.0,0.0,0.0,0.9372265681020919,0.06277343189790809,4
1209,7,1.0,1.0,1.0,0.0,0.0,9.0,15.0,1.0,0.0,1.0,13.0,0.55,66.0,3.0,0.0,15.0,2.0,5.4,1.0,1.0,0.0,0.0,0.0,0.866888519134775,0.0,0.0,0.0,0.9398309672885857,0.060169032711414286,5
1209,8,1.0,1.0,1.0,0.0,0.0,9.0,15.0,2.0,0.0,13.0,13.0,0.55,80.0,3.0,0.0,15.0,2.0,5.4,1.0,1.0,1.47058823529412,0.0,0.0,0.866888519134775,0.0,0.0,3.0,0.783211920917078,0.216788079082922,2
1209,9,1.0,1.0,1.0,0.0,0.0,9.0,15.0,2.0,0.0,13.0,13.0,0.55,80.0,3.0,0.0,15.0,2.0,5.4,0.0,1.0,1.47058823529412,0.0,0.0,0.866888519134775,0.0,0.0,3.0,0.7984027038678606,0.2015972961321394,3
1209,10,1.0,1.0,1.0,0.0,0.0,9.0,15.0,2.0,0.0,13.0,13.0,0.55,80.0,3.0,0.0,15.0,2.0,5.4,0.0,1.0,1.47058823529412,0.0,0.0,1.0,0.0,0.0,3.0,0.8082427184124943,0.1917572815875057,4
1209,11,1.0,1.0,1.0,0.0,0.0,9.0,15.0,2.0,0.0,13.0,13.0,0.55,94.0,3.0,0.0,15.0,2.0,5.4,0.0,1.0,1.47058823529412,0.0,0.0,1.0,0.0,0.0,3.0,0.8306041887102309,0.1693958112897691,5
1209,12,1.0,1.0,1.0,0.0,0.0,9.0,182.0,1.0,0.0,13.0,13.0,0.55,80.0,3.0,0.0,15.0,2.0,3.0,1.0,1.0,1.47058823529412,0.0,0.0,0.866888519134775,0.0,0.0,3.0,0.5072557477241235,0.49274425227587654,1
1209,13,1.0,1.0,1.0,0.0,0.0,0.0,15.0,1.0,0.0,13.0,13.0,0.55,80.0,3.0,0.0,15.0,2.0,337.0,1.0,1.0,0.0,0.0,0.0,0.866888519134775,0.0,0.0,0.0,0.9550126150283024,0.04498738497169759,5
1209,14,1.0,1.0,1.0,0.0,0.0,9.0,182.0,1.0,0.0,13.0,13.0,0.55,80.0,2.0,0.0,15.0,2.0,5.4,1.0,1.0,1.47058823529412,0.0,0.0,0.866888519134775,0.0,0.0,3.0,0.5957570238146721,0.4042429761853279,1
1209,15,1.0,1.0,1.0,0.0,0.0,9.0,182.0,1.0,0.0,13.0,13.0,0.55,0.0,0.0,0.0,15.0,2.0,5.4,1.0,1.0,1.47058823529412,0.0,0.0,0.866888519134775,0.0,0.0,3.0,0.7829624114222568,0.21703758857774327,2
1209,16,1.0,1.0,1.0,0.0,0.0,9.0,182.0,1.0,0.0,13.0,13.0,0.55,0.0,0.0,0.0,15.0,2.0,5.4,2.0,1.0,1.47058823529412,0.0,0.0,0.866888519134775,0.0,0.0,3.0,0.8288801978720823,0.1711198021279176,3
1209,17,1.0,1.0,1.0,0.0,0.0,9.0,182.0,1.0,0.0,13.0,13.0,0.55,66.0,3.0,0.0,4.0,2.0,5.4,1.0,1.0,1.47058823529412,0.0,0.0,0.866888519134775,0.0,0.0,3.0,0.5279456428310885,0.4720543571689115,2
1209,18,1.0,1.0,1.0,0.0,0.0,9.0,182.0,1.0,0.0,13.0,13.0,0.55,0.0,0.0,0.0,4.0,2.0,5.4,2.0,1.0,1.47058823529412,0.0,0.0,0.9,0.0,0.0,3.0,0.8443995403731654,0.15560045962683458,5
1209,19,1.0,1.0,1.0,0.0,0.0,9.0,182.0,1.0,0.0,13.0,13.0,0.55,80.0,0.0,0.0,15.0,2.0,5.4,1.0,1.0,1.47058823529412,0.0,0.0,0.866888519134775,0.0,0.0,0.0,0.781592415186452,0.21840758481354808,2
1260,0,5.0,0.0,2.0,4.0,0.0,11.0,93.111,1.0,0.0,19.0,23.0,0.59,80.0,1.0,0.0,19.0,2.0,6.96428571428571,1.0,1.0,1.43333333333333,0.0,14.0,1.0,1.0,0.0,7.0,0.5149091901142324,0.4850908098857676,3
1260,1,5.0,0.0,2.0,321.0,0.0,11.0,25.0,1.0,0.0,19.0,23.0,0.59,80.0,3.0,0.0,19.0,2.0,6.96428571428571,1.0,1.0,1.43333333333333,0.0,14.0,1.0,1.0,0.0,7.0,0.5297411496842871,0.4702588503157129,3
1260,2,5.0,0.0,2.0,321.0,0.0,11.0,93.111,1.0,0.0,19.0,23.0,0.59,80.0,1.0,0.0,19.0,2.0,6.96428571428571,1.0,25.0,1.43333333333333,0.0,14.0,0.682605111294312,1.0,0.0,7.0,0.5128712199105966,0.4871287800894034,4
1260,3,5.0,0.0,2.0,4.0,0.0,11.0,15.0,1.0,0.0,19.0,23.0,0.59,80.0,0.0,0.0,19.0,2.0,6.96428571428571,1.0,1.0,1.43333333333333,0.0,0.0,1.0,1.0,0.0,7.0,0.6844885206053495,0.3155114793946505,4
1260,4,5.0,0.0,2.0,4.0,0.0,11.0,15.0,1.0,2.0,19.0,23.0,0.59,80.0,0.0,0.0,19.0,2.0,6.96428571428571,1.0,1.0,1.43333333333333,0.0,0.0,1.0,1.0,0.0,7.0,0.7587769131699643,0.2412230868300357,5
1260,5,5.0,0.0,2.0,321.0,0.0,11.0,25.0,1.0,1.0,19.0,23.0,0.59,80.0,1.0,0.0,19.0,2.0,6.96428571428571,1.0,1.0,1.43333333333333,0.0,14.0,0.682605111294312,1.0,0.0,7.0,0.5029005298522109,0.4970994701477891,4
1260,6,5.0,0.0,2.0,2.0,0.0,11.0,25.0,1.0,0.0,19.0,23.0,0.59,80.0,1.0,0.0,19.0,2.0,6.96428571428571,1.0,1.0,1.43333333333333,0.0,14.0,0.682605111294312,1.0,0.0,1.0,0.5076123096849778,0.4923876903150222,4
1260,7,5.0,0.0,2.0,0.0,0.0,11.0,15.0,1.0,2.0,19.0,23.0,0.59,80.0,0.0,0.0,19.0,2.0,6.96428571428571,1.0,1.0,1.43333333333333,0.0,14.0,0.682605111294312,1.0,0.0,1.0,0.5659736152921565,0.4340263847078435,5
1260,8,5.0,0.0,2.0,0.0,0.0,11.0,15.0,1.0,1.0,19.0,23.0,0.59,80.0,0.0,0.0,19.0,2.0,6.96428571428571,1.0,1.0,1.43333333333333,0.0,14.0,0.682605111294312,1.0,0.0,1.0,0.5759797460390438,0.4240202539609562,5
1260,9,5.0,0.0,2.0,4.0,0.0,11.0,25.0,1.0,0.0,19.0,23.0,0.59,0.0,3.0,0.0,19.0,2.0,6.96428571428571,1.0,1.0,1.43333333333333,0.0,14.0,1.0,1.0,0.0,7.0,0.5516308783443565,0.44836912165564347,3
1260,10,5.0,0.0,2.0,321.0,0.0,11.0,15.0,1.0,0.0,19.0,23.0,0.59,0.0,0.0,0.0,19.0,2.0,6.96428571428571,1.0,1.0,1.43333333333333,0.0,14.0,1.0,1.0,0.0,7.0,0.8625874153746536,0.13741258462534642,5
1260,11,5.0,0.0,2.0,4.0,0.0,11.0,25.0,1.0,2.0,19.0,23.0,0.59,80.0,3.0,0.0,19.0,2.0,6.96428571428571,1.0,1.0,1.43333333333333,0.0,14.0,1.0,1.0,0.0,7.0,0.5071743175833215,0.49282568241667846,3
1260,12,5.0,0.0,2.0,4.0,0.0,11.0,15.0,1.0,93.0,19.0,23.0,0.83,80.0,3.0,0.0,19.0,2.0,6.96428571428571,1.0,1.0,1.43333333333333,0.0,14.0,1.0,1.0,0.0,7.0,0.6169200063893823,0.3830799936106177,4
1260,13,5.0,0.0,2.0,321.0,0.0,11.0,15.0,1.0,93.0,19.0,23.0,0.59,80.0,3.0,0.0,19.0,2.0,6.96428571428571,1.0,1.0,1.43333333333333,0.0,14.0,1.0,1.0,0.0,7.0,0.6752592721731285,0.32474072782687147,4
1260,14,5.0,0.0,2.0,321.0,0.0,11.0,15.0,2.0,93.0,19.0,23.0,0.59,80.0,3.0,0.0,19.0,2.0,6.96428571428571,1.0,1.0,1.43333333333333,0.0,14.0,1.0,1.0,0.0,7.0,0.6804575711084191,0.31954242889158097,5
1260,15,5.0,0.0,2.0,4.0,0.0,11.0,25.0,2.0,0.0,19.0,23.0,0.59,85.0,1.0,0.0,19.0,2.0,6.96428571428571,1.0,25.0,1.43333333333333,0.0,14.0,0.682605111294312,1.0,0.0,7.0,0.5088769758813316,0.49112302411866837,5
1260,16,5.0,0.0,2.0,321.0,0.0,11.0,15.0,1.0,0.0,19.0,23.0,0.59,80.0,0.0,0.0,19.0,2.0,6.96428571428571,1.0,25.0,1.43333333333333,0.0,14.0,0.682605111294312,1.0,0.0,7.0,0.5821646718794529,0.41783532812054713,4
1260,17,5.0,0.0,2.0,321.0,0.0,11.0,15.0,1.0,0.0,19.0,3.0,0.59,80.0,0.0,0.0,19.0,2.0,6.96428571428571,1.0,25.0,1.43333333333333,0.0,14.0,0.682605111294312,1.0,0.0,7.0,0.6155053383287487,0.38449466167125135,5
1260,18,5.0,0.0,2.0,4.0,0.0,11.0,52.0,1.0,0.0,19.0,23.0,0.59,80.0,3.0,0.0,19.0,2.0,6.96428571428571,1.0,1.0,1.43333333333333,0.0,14.0,1.0,1.0,0.0,0.0,0.5195008985576918,0.48049910144230823,3
1260,19,5.0,0.0,2.0,4.0,0.0,11.0,15.0,1.0,0.0,19.0,13.0,0.59,80.0,3.0,0.0,19.0,2.0,6.96428571428571,1.0,1.0,1.43333333333333,0.0,14.0,1.0,1.0,0.0,0.0,0.7016019341658066,0.29839806583419337,4
1262,0,3.0,1.0,2.0,0.0,0.0,5.0,119.0,1.0,0.0,16.0,14.0,0.49,84.0,3.0,0.0,10.0,2.0,4.5,1.0,1.0,1.2,0.0,0.0,0.9,0.0,0.0,2.0,0.6270403393840447,0.37295966061595526,1
1262,1,3.0,1.0,2.0,0.0,0.0,5.0,119.0,1.0,0.0,16.0,14.0,0.49,84.0,0.0,0.0,10.0,2.0,4.5,1.0,1.0,1.2,0.0,0.0,1.0,0.0,0.0,2.0,0.8981104917373325,0.1018895082626675,2
1262,2,3.0,1.0,2.0,0.0,0.0,5.0,119.0,1.0,0.0,16.0,14.0,0.49,84.0,2.0,0.0,10.0,2.0,4.5,1.0,1.0,0.0,0.0,0.0,0.651629072681704,0.0,0.0,2.0,0.5650770160289216,0.4349229839710784,2
1262,3,3.0,1.0,2.0,0.0,0.0,5.0,119.0,1.0,0.0,16.0,14.0,0.49,84.0,1.0,0.0,10.0,2.0,3.0,1.0,1.0,1.2,0.0,0.0,0.651629072681704,0.0,0.0,2.0,0.5080848134909379,0.491915186509062,2
1262,4,3.0,1.0,2.0,0.0,0.0,5.0,93.111,1.0,0.0,16.0,14.0,0.49,84.0,3.0,0.0,10.0,2.0,4.5,1.0,1.0,1.2,0.0,0.0,0.651629072681704,0.0,0.0,2.0,0.5009335246845428,0.49906647531545717,1
1262,5,3.0,1.0,2.0,0.0,0.0,5.0,15.0,1.0,93.0,16.0,14.0,0.49,84.0,0.0,0.0,10.0,2.0,4.5,1.0,1.0,1.2,0.0,0.0,1.0,0.0,0.0,2.0,0.9381335926009198,0.06186640739908026,4
1262,6,3.0,1.0,2.0,0.0,0.0,5.0,15.0,1.0,93.0,16.0,3.0,0.49,84.0,0.0,0.0,10.0,2.0,4.5,1.0,1.0,1.2,0.0,0.0,1.0,0.0,0.0,2.0,0.9648112984349093,0.03518870156509064,5
1262,7,3.0,1.0,2.0,0.0,0.0,5.0,119.0,1.0,0.0,16.0,14.0,0.44,84.0,1.0,0.0,10.0,2.0,4.5,1.0,1.0,1.2,0.0,0.0,0.651629072681704,0.0,0.0,2.0,0.5093604887361766,0.49063951126382344,2
1262,8,3.0,1.0,2.0,0.0,0.0,5.0,119.0,1.0,0.0,16.0,14.0,0.05,84.0,0.0,0.0,10.0,2.0,4.5,1.0,1.0,5.2,0.0,0.0,1.0,0.0,0.0,2.0,0.9447396016347648,0.055260398365235226,4
1262,9,3.0,1.0,2.0,1.0,0.0,5.0,119.0,1.0,0.0,16.0,14.0,0.05,84.0,0.0,0.0,10.0,2.0,4.5,1.0,1.0,5.2,0.0,0.0,1.0,0.0,0.0,2.0,0.9490096140415984,0.05099038595840159,5
1262,10,3.0,1.0,2.0,0.0,0.0,5.0,119.0,1.0,0.0,16.0,14.0,0.49,84.0,2.0,0.0,10.0,2.0,4.5,1.0,1.0,1.2,5.0,0.0,0.651629072681704,0.0,0.0,2.0,0.5023617203464943,0.49763827965350566,2
1262,11,3.0,1.0,2.0,0.0,0.0,5.0,119.0,1.0,0.0,16.0,14.0,0.49,84.0,3.0,0.0,10.0,2.0,4.5,1.0,1.0,0.0,5.0,0.0,0.651629072681704,0.0,0.0,2.0,0.5196335775787225,0.4803664224212775,2
1262,12,3.0,1.0,2.0,0.0,0.0,5.0,15.0,1.0,0.0,16.0,14.0,0.49,84.0,0.0,0.0,10.0,2.0,4.5,1.0,1.0,5.2,5.0,0.0,1.0,0.0,0.0,2.0,0.9648372202948137,0.03516277970518633,5
1262,13,3.0,1.0,2.0,0.0,0.0,5.0,15.0,1.0,0.0,16.0,14.0,0.49,84.0,3.0,0.0,10.0,2.0,4.5,1.0,1.0,1.2,0.0,0.0,1.0,0.0,0.0,2.0,0.8284753801592648,0.1715246198407352,2
1262,14,3.0,1.0,2.0,0.0,0.0,5.0,15.0,1.0,0.0,16.0,14.0,0.05,84.0,3.0,0.0,10.0,2.0,4.5,1.0,1.0,1.2,0.0,0.0,1.0,0.0,0.0,2.0,0.9176458607501847,0.08235413924981531,3
1262,15,3.0,1.0,2.0,0.0,0.0,5.0,15.0,1.0,0.0,16.0,7.0,0.05,84.0,3.0,0.0,10.0,2.0,4.5,1.0,1.0,1.2,0.0,0.0,1.0,0.0,0.0,2.0,0.9189430407300341,0.08105695926996594,4
1262,16,3.0,1.0,2.0,0.0,0.0,5.0,15.0,1.0,0.0,16.0,7.0,0.05,84.0,3.0,0.0,10.0,2.0,4.5,2.0,1.0,1.2,0.0,0.0,1.0,0.0,0.0,2.0,0.9190956239204711,0.08090437607952894,5
1262,17,3.0,1.0,2.0,0.0,0.0,5.0,15.0,1.0,0.0,16.0,14.0,0.05,84.0,0.0,0.0,10.0,2.0,4.5,1.0,1.0,1.2,0.0,0.0,1.0,0.0,0.0,2.0,0.9631644698121509,0.036835530187849186,4
1262,18,3.0,1.0,2.0,0.0,0.0,5.0,15.0,1.0,0.0,16.0,14.0,0.05,84.0,0.0,0.0,10.0,1.0,4.5,1.0,1.0,1.2,0.0,0.0,1.0,0.0,0.0,2.0,0.9661018756003826,0.03389812439961735,5
1262,19,3.0,1.0,2.0,0.0,0.0,5.0,119.0,1.0,0.0,16.0,14.0,0.49,84.0,0.0,0.0,10.0,2.0,0.0,1.0,1.0,1.2,5.0,0.0,1.0,0.0,0.0,2.0,0.9368862796183491,0.06311372038165083,4
1266,0,6.0,0.0,2.0,0.0,0.0,11.0,257.0,1.0,0.0,21.0,8.0,0.88,82.0,2.0,0.0,20.0,2.0,5.64285714285714,1.0,2.0,1.375,0.0,0.0,0.988817891373802,0.0,0.0,2.0,0.6517254398391397,0.3482745601608603,1
1266,1,6.0,0.0,2.0,0.0,0.0,11.0,257.0,1.0,0.0,10.0,8.0,0.88,82.0,3.0,0.0,20.0,2.0,5.64285714285714,1.0,2.0,1.375,0.0,0.0,0.988817891373802,0.0,0.0,2.0,0.7025426666168433,0.29745733338315666,1
1266,2,6.0,0.0,2.0,0.0,0.0,11.0,93.111,1.0,0.0,21.0,8.0,0.88,82.0,3.0,0.0,20.0,2.0,5.64285714285714,1.0,2.0,1.375,0.0,0.0,0.988817891373802,0.0,0.0,2.0,0.5760221777971246,0.4239778222028754,1
1266,3,6.0,0.0,2.0,0.0,0.0,11.0,15.0,1.0,0.0,5.0,8.0,0.05,82.0,0.0,0.0,20.0,2.0,5.64285714285714,1.0,2.0,1.375,0.0,0.0,0.988817891373802,0.0,0.0,2.0,0.9818962506691451,0.018103749330854905,4
1266,4,6.0,0.0,2.0,0.0,0.0,11.0,15.0,1.0,0.0,5.0,8.0,0.05,50.0,0.0,0.0,20.0,2.0,5.64285714285714,1.0,2.0,1.375,0.0,0.0,0.988817891373802,0.0,0.0,2.0,0.9889962383792756,0.011003761620724414,5
1266,5,6.0,0.0,2.0,0.0,0.0,11.0,15.0,1.0,0.0,10.0,8.0,0.05,50.0,0.0,0.0,20.0,2.0,5.64285714285714,1.0,2.0,1.375,0.0,0.0,0.988817891373802,0.0,0.0,2.0,0.9895915496284042,0.010408450371595716,5
1266,6,6.0,0.0,2.0,0.0,0.0,11.0,15.0,1.0,0.0,21.0,8.0,0.88,82.0,3.0,0.0,20.0,2.0,5.64285714285714,1.0,2.0,1.375,0.0,0.0,0.988817891373802,0.0,0.0,2.0,0.7322134428051477,0.26778655719485234,1
1266,7,6.0,0.0,2.0,0.0,0.0,11.0,15.0,1.0,0.0,1.0,8.0,0.88,82.0,3.0,0.0,20.0,2.0,5.64285714285714,1.0,2.0,1.375,0.0,0.0,0.988817891373802,0.0,0.0,2.0,0.8864738588645821,0.11352614113541795,2
1266,8,6.0,0.0,2.0,0.0,0.0,11.0,15.0,1.0,0.0,1.0,8.0,0.05,82.0,3.0,0.0,20.0,2.0,5.64285714285714,1.0,2.0,1.375,0.0,0.0,0.988817891373802,0.0,0.0,2.0,0.9323591078547292,0.06764089214527078,3
1266,9,6.0,0.0,2.0,0.0,0.0,11.0,15.0,1.0,93.0,1.0,8.0,0.05,82.0,3.0,0.0,20.0,2.0,5.64285714285714,1.0,2.0,1.375,0.0,0.0,0.988817891373802,0.0,0.0,2.0,0.9592545386605023,0.040745461339497774,4
1266,10,6.0,0.0,2.0,0.0,0.0,11.0,15.0,1.0,93.0,1.0,8.0,0.05,82.0,3.0,1.0,20.0,2.0,5.64285714285714,1.0,2.0,1.375,0.0,0.0,0.988817891373802,0.0,0.0,2.0,0.9627673532104787,0.037232646789521345,5
1266,11,6.0,0.0,2.0,0.0,0.0,11.0,15.0,1.0,93.0,3.0,8.0,0.05,82.0,3.0,1.0,20.0,2.0,5.64285714285714,1.0,2.0,1.375,0.0,0.0,0.988817891373802,0.0,0.0,2.0,0.9631114648933976,0.03688853510660243,5
1266,12,6.0,0.0,2.0,0.0,0.0,11.0,257.0,1.0,0.0,21.0,8.0,0.88,66.0,3.0,0.0,20.0,2.0,5.64285714285714,1.0,2.0,1.375,0.0,0.0,0.988817891373802,0.0,0.0,2.0,0.5001661860819768,0.49983381391802323,1
1266,13,6.0,0.0,2.0,0.0,0.0,11.0,257.0,1.0,0.0,21.0,8.0,0.88,0.0,0.0,0.0,20.0,2.0,5.64285714285714,1.0,2.0,1.375,0.0,0.0,0.988817891373802,0.0,0.0,0.0,0.9053864627298213,0.09461353727017875,3
1266,14,6.0,0.0,2.0,0.0,0.0,11.0,257.0,1.0,0.0,21.0,8.0,0.88,0.0,0.0,0.0,0.0,2.0,5.64285714285714,1.0,2.0,1.375,0.0,0.0,0.988817891373802,0.0,0.0,0.0,0.9349911239172295,0.06500887608277052,4
1266,15,6.0,0.0,2.0,0.0,0.0,11.0,257.0,1.0,0.0,21.0,8.0,0.88,0.0,0.0,0.0,0.0,2.0,2.3,1.0,2.0,1.375,0.0,0.0,0.988817891373802,0.0,0.0,0.0,0.9498335930182056,0.05016640698179439,5
1266,16,6.0,0.0,2.0,0.0,0.0,11.0,257.0,1.0,0.0,21.0,8.0,0.88,50.0,0.0,0.0,0.0,2.0,2.3,1.0,2.0,1.375,0.0,0.0,0.988817891373802,0.0,0.0,0.0,0.9533379040429556,0.046662095957044396,5
1266,17,6.0,0.0,2.0,0.0,0.0,11.0,257.0,1.0,0.0,5.0,8.0,0.88,50.0,0.0,0.0,20.0,2.0,5.64285714285714,1.0,2.0,1.375,0.0,0.0,0.988817891373802,0.0,0.0,2.0,0.9501059702670763,0.049894029732923624,3
1266,18,6.0,0.0,2.0,0.0,0.0,0.0,257.0,1.0,0.0,5.0,8.0,0.88,50.0,0.0,0.0,20.0,2.0,5.64285714285714,1.0,2.0,1.375,0.0,0.0,0.988817891373802,0.0,0.0,2.0,0.9592904806427551,0.04070951935724482,4
1266,19,6.0,0.0,2.0,0.0,0.0,0.0,257.0,1.0,0.0,10.0,8.0,0.88,50.0,0.0,0.0,20.0,2.0,5.64285714285714,1.0,2.0,1.375,0.0,0.0,0.988817891373802,0.0,0.0,2.0,0.9626562029269411,0.03734379707305888,4
1272,0,2.0,1.0,2.0,0.0,0.0,13.0,193.556,1.0,6.0,46.0,14.0,0.82,87.0,4.0,2.0,28.0,3.0,9.52173913043478,0.0,1.0,1.88,0.0,0.0,0.869745003445899,0.0,0.0,0.0,0.540784700473713,0.4592152995262871,2
1272,1,2.0,1.0,2.0,0.0,0.0,7.0,93.111,1.0,6.0,46.0,14.0,0.82,87.0,4.0,2.0,28.0,3.0,9.52173913043478,0.0,1.0,1.88,0.0,0.0,0.869745003445899,0.0,0.0,6.0,0.5100546965198054,0.48994530348019466,2
1272,2,2.0,1.0,2.0,0.0,0.0,0.0,25.0,1.0,6.0,46.0,14.0,0.82,87.0,0.0,2.0,28.0,3.0,9.52173913043478,0.0,1.0,1.88,0.0,0.0,0.869745003445899,0.0,0.0,0.0,0.9565977410430028,0.043402258956997224,4
1272,3,2.0,1.0,2.0,0.0,0.0,13.0,25.0,1.0,6.0,10.0,14.0,0.82,87.0,4.0,2.0,28.0,3.0,9.52173913043478,0.0,1.0,1.88,0.0,0.0,0.869745003445899,0.0,0.0,6.0,0.507553574578281,0.492446425421719,2
1272,4,2.0,1.0,2.0,0.0,0.0,13.0,25.0,1.0,6.0,46.0,14.0,0.82,87.0,4.0,2.0,28.0,3.0,9.52173913043478,0.0,1.0,0.0,0.0,0.0,0.869745003445899,0.0,0.0,0.0,0.937535762055948,0.062464237944051995,3
1272,5,2.0,1.0,2.0,0.0,0.0,13.0,25.0,1.0,6.0,5.0,14.0,0.82,87.0,4.0,2.0,28.0,3.0,9.52173913043478,0.0,1.0,0.0,0.0,0.0,0.869745003445899,0.0,0.0,0.0,0.9603607357108056,0.039639264289194426,4
1272,6,2.0,1.0,2.0,0.0,0.0,13.0,25.0,1.0,6.0,5.0,14.0,0.82,87.0,4.0,2.0,28.0,3.0,9.52173913043478,0.0,1.0,1.88,0.0,0.0,0.869745003445899,0.0,0.0,0.0,0.8509846857856382,0.14901531421436173,3
1272,7,2.0,1.0,2.0,7.0,0.0,13.0,25.0,1.0,6.0,5.0,14.0,0.82,87.0,4.0,2.0,28.0,3.0,9.52173913043478,0.0,1.0,1.88,0.0,0.0,0.869745003445899,0.0,0.0,0.0,0.8884425633187552,0.1115574366812449,4
1272,8,2.0,1.0,2.0,0.0,0.0,13.0,25.0,1.0,6.0,46.0,14.0,0.82,87.0,0.0,2.0,28.0,3.0,9.52173913043478,0.0,1.0,1.88,0.0,0.0,0.869745003445899,0.0,0.0,0.0,0.8949995457546146,0.10500045424538543,3
1272,9,2.0,1.0,2.0,0.0,0.0,13.0,25.0,1.0,6.0,5.0,14.0,0.82,87.0,0.0,2.0,28.0,3.0,9.52173913043478,0.0,1.0,1.88,0.0,0.0,0.869745003445899,0.0,0.0,0.0,0.9387325610171513,0.061267438982848754,4
1272,10,2.0,1.0,2.0,0.0,0.0,13.0,25.0,1.0,6.0,46.0,14.0,0.82,87.0,4.0,2.0,28.0,3.0,9.52173913043478,0.0,1.0,1.88,0.0,0.0,1.0,0.0,0.0,0.0,0.9235202864756424,0.07647971352435762,3
1272,11,2.0,1.0,2.0,0.0,0.0,13.0,25.0,1.0,6.0,5.0,14.0,0.82,87.0,4.0,2.0,28.0,3.0,9.52173913043478,0.0,1.0,1.88,0.0,0.0,1.0,0.0,0.0,0.0,0.9547141062936122,0.04528589370638778,4
1272,12,2.0,1.0,2.0,0.0,0.0,13.0,25.0,1.0,6.0,5.0,14.0,0.82,87.0,4.0,2.0,28.0,3.0,4.8,0.0,1.0,1.88,0.0,0.0,1.0,0.0,0.0,0.0,0.9571045496468062,0.04289545035319373,5
1272,13,2.0,1.0,2.0,0.0,0.0,7.0,588.0,1.0,6.0,46.0,14.0,0.82,87.0,4.0,2.0,28.0,3.0,9.52173913043478,0.0,1.0,1.88,0.0,0.0,0.869745003445899,0.0,0.0,2.0,0.5065472714548247,0.49345272854517525,2
1272,14,2.0,1.0,2.0,0.0,0.0,13.0,588.0,1.0,6.0,10.0,14.0,0.82,87.0,4.0,2.0,28.0,3.0,9.52173913043478,0.0,1.0,1.88,0.0,0.0,0.869745003445899,0.0,0.0,2.0,0.5058943599316779,0.49410564006832214,2
1272,15,2.0,1.0,2.0,0.0,0.0,0.0,588.0,1.0,6.0,0.0,3.0,0.82,87.0,4.0,2.0,28.0,3.0,9.52173913043478,0.0,1.0,1.88,0.0,0.0,0.869745003445899,0.0,0.0,0.0,0.8858375122683692,0.1141624877316308,4
1272,16,2.0,1.0,2.0,0.0,0.0,0.0,588.0,1.0,6.0,46.0,14.0,0.82,87.0,0.0,2.0,28.0,3.0,9.52173913043478,0.0,1.0,1.88,0.0,0.0,0.869745003445899,0.0,0.0,0.0,0.8810890440851434,0.11891095591485658,3
1272,17,2.0,1.0,2.0,0.0,0.0,0.0,588.0,1.0,6.0,0.0,14.0,0.82,87.0,0.0,2.0,28.0,3.0,9.52173913043478,0.0,1.0,1.88,0.0,0.0,0.869745003445899,0.0,0.0,0.0,0.9448247740028212,0.0551752259971788,4
1272,18,2.0,1.0,2.0,0.0,0.0,4.0,93.111,1.0,6.0,46.0,14.0,0.82,87.0,4.0,2.0,28.0,3.0,9.52173913043478,0.0,1.0,1.88,0.0,0.0,0.869745003445899,0.0,0.0,6.0,0.5417407163404822,0.45825928365951785,2
1272,19,0.0,1.0,2.0,0.0,0.0,0.0,71.0,1.0,6.0,46.0,14.0,0.82,87.0,4.0,2.0,28.0,3.0,9.52173913043478,0.0,1.0,1.88,0.0,0.0,0.869745003445899,0.0,0.0,0.0,0.9282201311489655,0.07177986885103448,4
1274,0,2.0,3.0,1.0,0.0,1.0,7.0,93.111,1.0,0.0,16.0,55.0,0.96,92.0,1.0,0.0,17.0,4.0,1.93333333333333,0.0,0.0,0.435483870967742,0.0,0.0,0.943625325238508,0.0,0.0,4.0,0.5872541782148196,0.4127458217851804,1
1274,1,2.0,3.0,1.0,0.0,1.0,7.0,52.0,1.0,0.0,16.0,55.0,0.96,92.0,1.0,0.0,17.0,4.0,1.93333333333333,0.0,0.0,0.435483870967742,0.0,0.0,0.943625325238508,0.0,0.0,0.0,0.8004142521986841,0.19958574780131583,2
1274,2,2.0,3.0,1.0,0.0,1.0,7.0,52.0,1.0,0.0,3.0,55.0,0.96,92.0,1.0,0.0,17.0,4.0,1.93333333333333,0.0,0.0,0.435483870967742,0.0,0.0,0.943625325238508,0.0,0.0,0.0,0.8817911813841708,0.11820881861582924,3
1274,3,2.0,3.0,1.0,0.0,1.0,7.0,52.0,1.0,0.0,3.0,55.0,0.96,92.0,1.0,0.0,17.0,4.0,337.0,0.0,0.0,0.435483870967742,0.0,0.0,0.943625325238508,0.0,0.0,0.0,0.9357157760732937,0.06428422392670631,4
1274,4,2.0,3.0,1.0,0.0,1.0,7.0,25.0,1.0,0.0,3.0,55.0,0.96,92.0,1.0,0.0,17.0,4.0,337.0,0.0,0.0,0.435483870967742,0.0,0.0,0.943625325238508,0.0,0.0,0.0,0.9632926210154085,0.03670737898459151,4
1274,5,2.0,3.0,1.0,0.0,1.0,7.0,25.0,1.0,0.0,3.0,55.0,0.96,92.0,1.0,0.0,17.0,4.0,337.0,2.0,0.0,0.435483870967742,0.0,0.0,0.943625325238508,0.0,0.0,0.0,0.9747116570696688,0.025288342930331244,5
1274,6,2.0,3.0,1.0,0.0,1.0,7.0,52.0,1.0,0.0,16.0,55.0,0.96,92.0,1.0,0.0,17.0,4.0,1.93333333333333,0.0,0.0,0.435483870967742,0.0,0.0,0.943625325238508,0.8,0.0,4.0,0.7934282147649898,0.2065717852350102,2
1274,7,2.0,3.0,1.0,0.0,1.0,7.0,52.0,1.0,0.0,16.0,55.0,0.96,92.0,1.0,0.0,17.0,4.0,337.0,0.0,0.0,0.435483870967742,0.0,0.0,0.943625325238508,0.8,0.0,4.0,0.8559939531978316,0.14400604680216847,3
1274,8,2.0,3.0,1.0,0.0,1.0,7.0,25.0,1.0,0.0,16.0,55.0,0.96,92.0,1.0,0.0,17.0,4.0,337.0,0.0,0.0,0.435483870967742,0.0,0.0,0.943625325238508,0.8,0.0,4.0,0.8734783656786813,0.12652163432131874,3
1274,9,2.0,3.0,1.0,0.0,1.0,7.0,25.0,2.0,0.0,16.0,55.0,0.96,92.0,1.0,0.0,17.0,4.0,337.0,0.0,0.0,0.435483870967742,0.0,0.0,0.943625325238508,0.8,0.0,4.0,0.8822509020815021,0.11774909791849782,4
1274,10,0.0,3.0,1.0,0.0,1.0,7.0,52.0,1.0,0.0,16.0,55.0,0.96,92.0,1.0,0.0,17.0,4.0,1.93333333333333,0.0,0.0,0.435483870967742,0.0,0.0,0.943625325238508,0.8,0.0,4.0,0.8545708034171463,0.14542919658285366,3
1274,11,0.0,3.0,1.0,0.0,1.0,7.0,52.0,1.0,0.0,3.0,55.0,0.96,92.0,1.0,0.0,17.0,4.0,1.93333333333333,0.0,0.0,0.435483870967742,0.0,0.0,0.943625325238508,0.8,0.0,4.0,0.8861341233565209,0.11386587664347912,4
1274,12,0.0,3.0,1.0,0.0,1.0,7.0,52.0,1.0,0.0,3.0,55.0,0.96,92.0,1.0,0.0,17.0,4.0,1.93333333333333,0.0,0.0,0.435483870967742,0.0,0.0,0.943625325238508,1.0,0.0,4.0,0.8914230483599299,0.10857695164007011,4
1274,13,2.0,3.0,1.0,0.0,1.0,7.0,518.0,1.0,0.0,10.0,55.0,0.96,92.0,1.0,0.0,17.0,4.0,337.0,0.0,0.0,0.435483870967742,0.0,0.0,0.943625325238508,0.0,0.0,4.0,0.518801127714952,0.481198872285048,2
1274,14,2.0,3.0,1.0,0.0,1.0,7.0,518.0,1.0,0.0,16.0,13.0,0.96,92.0,1.0,0.0,17.0,4.0,337.0,0.0,0.0,0.435483870967742,0.0,0.0,0.943625325238508,0.0,0.0,4.0,0.5392355316192381,0.46076446838076185,2
1274,15,2.0,3.0,1.0,0.0,1.0,7.0,518.0,1.0,0.0,3.0,3.0,0.96,92.0,1.0,0.0,17.0,4.0,337.0,0.0,0.0,0.435483870967742,0.0,0.0,0.943625325238508,0.8,0.0,4.0,0.8292439297311384,0.17075607026886164,4
1274,16,2.0,3.0,1.0,0.0,1.0,7.0,518.0,1.0,0.0,3.0,3.0,0.96,92.0,1.0,0.0,17.0,4.0,337.0,0.0,0.0,0.435483870967742,0.0,0.0,0.9,0.8,0.0,4.0,0.8363661960191147,0.1636338039808854,5
1274,17,2.0,3.0,1.0,0.0,1.0,7.0,518.0,1.0,0.0,3.0,2.0,0.96,92.0,1.0,0.0,17.0,4.0,337.0,0.0,0.0,0.435483870967742,0.0,0.0,0.9,0.8,0.0,4.0,0.842981049961909,0.15701895003809094,5
1274,18,2.0,3.0,1.0,0.0,1.0,7.0,52.0,1.0,0.0,16.0,13.0,0.96,92.0,1.0,0.0,17.0,4.0,1.93333333333333,0.0,0.0,0.435483870967742,0.0,0.0,0.943625325238508,0.0,0.0,0.0,0.8878650342173825,0.11213496578261754,3
1274,19,2.0,3.0,1.0,0.0,1.0,7.0,52.0,1.0,0.0,16.0,13.0,0.96,92.0,1.0,0.0,17.0,4.0,337.0,0.0,0.0,0.435483870967742,0.0,0.0,0.943625325238508,0.0,0.0,0.0,0.9410994742317644,0.0589005257682356,4
1283,0,4.0,9.0,2.0,0.0,1.0,14.0,93.111,1.0,0.0,34.0,4.0,0.43,82.0,3.0,0.0,43.0,1.0,11.2941176470588,2.0,1.0,2.63157894736842,0.0,1.0,0.973660308810173,1.0,0.0,1.0,0.5173419426368406,0.4826580573631594,2
1283,1,4.0,9.0,2.0,0.0,1.0,14.0,15.0,1.0,0.0,34.0,4.0,0.43,82.0,0.0,0.0,43.0,1.0,11.2941176470588,2.0,1.0,2.63157894736842,0.0,1.0,0.973660308810173,1.0,0.0,0.0,0.9499401904672242,0.0500598095327758,3
1283,2,4.0,9.0,2.0,0.0,1.0,14.0,15.0,1.0,0.0,34.0,4.0,0.43,82.0,0.0,0.0,3.0,1.0,11.2941176470588,2.0,1.0,2.63157894736842,0.0,1.0,0.973660308810173,1.0,0.0,0.0,0.9593884928046535,0.04061150719534643,4
1283,3,4.0,9.0,2.0,0.0,1.0,14.0,15.0,1.0,0.0,5.0,4.0,0.43,82.0,0.0,0.0,3.0,1.0,11.2941176470588,2.0,1.0,2.63157894736842,0.0,1.0,0.973660308810173,1.0,0.0,0.0,0.9625532417957766,0.03744675820422341,5
1283,4,4.0,9.0,2.0,0.0,1.0,14.0,25.0,1.0,0.0,5.0,4.0,0.43,82.0,0.0,0.0,3.0,1.0,11.2941176470588,2.0,1.0,2.63157894736842,0.0,1.0,0.973660308810173,1.0,0.0,0.0,0.9653139449834216,0.03468605501657843,5
1283,5,4.0,9.0,2.0,0.0,1.0,14.0,15.0,1.0,0.0,34.0,4.0,0.43,82.0,0.0,0.0,43.0,1.0,11.2941176470588,2.0,1.0,2.63157894736842,0.0,1.0,0.973660308810173,0.0,0.0,0.0,0.9615907689067261,0.038409231093273835,4
1283,6,4.0,9.0,2.0,0.0,1.0,14.0,15.0,1.0,0.0,34.0,4.0,0.43,82.0,0.0,0.0,43.0,1.0,11.2941176470588,2.0,25.0,2.63157894736842,0.0,1.0,0.973660308810173,0.0,0.0,0.0,0.9662959209760905,0.03370407902390953,5
1283,7,4.0,9.0,2.0,0.0,1.0,14.0,15.0,1.0,0.0,34.0,4.0,0.43,82.0,0.0,0.0,43.0,1.0,11.2941176470588,2.0,1.0,2.63157894736842,0.0,0.0,0.973660308810173,1.0,0.0,0.0,0.9537857940319544,0.04621420596804555,4
1283,8,4.0,9.0,2.0,0.0,1.0,14.0,15.0,1.0,2.0,34.0,4.0,0.43,82.0,0.0,0.0,43.0,1.0,11.2941176470588,2.0,1.0,2.63157894736842,0.0,0.0,0.973660308810173,1.0,0.0,0.0,0.9573186325124774,0.04268136748752262,5
1283,9,4.0,9.0,2.0,0.0,1.0,6.0,15.0,1.0,0.0,34.0,4.0,0.43,82.0,0.0,0.0,43.0,1.0,11.2941176470588,2.0,1.0,2.63157894736842,0.0,1.0,0.973660308810173,1.0,0.0,0.0,0.960917410003392,0.03908258999660796,4
1283,10,4.0,9.0,2.0,0.0,1.0,6.0,15.0,1.0,0.0,34.0,4.0,0.43,82.0,0.0,0.0,3.0,1.0,11.2941176470588,2.0,1.0,2.63157894736842,0.0,1.0,0.973660308810173,1.0,0.0,0.0,0.9683628702566724,0.03163712974332751,5
1283,11,4.0,9.0,2.0,0.0,1.0,6.0,25.0,1.0,0.0,34.0,4.0,0.43,82.0,3.0,0.0,3.0,1.0,11.2941176470588,2.0,1.0,2.63157894736842,0.0,1.0,0.973660308810173,1.0,0.0,5.0,0.5122536175180411,0.4877463824819589,3
1283,12,1.0,9.0,2.0,0.0,1.0,14.0,15.0,1.0,0.0,34.0,4.0,0.43,82.0,0.0,0.0,43.0,1.0,11.2941176470588,2.0,1.0,2.63157894736842,0.0,1.0,0.973660308810173,1.0,0.0,0.0,0.9545480853711072,0.04545191462889278,4
1283,13,1.0,0.0,2.0,0.0,1.0,14.0,15.0,1.0,0.0,34.0,4.0,0.43,82.0,0.0,0.0,43.0,1.0,11.2941176470588,2.0,1.0,2.63157894736842,0.0,1.0,0.973660308810173,1.0,0.0,0.0,0.9548356649910892,0.04516433500891078,5
1283,14,4.0,9.0,2.0,0.0,1.0,14.0,15.0,1.0,0.0,34.0,4.0,0.43,82.0,0.0,0.0,43.0,0.0,11.2941176470588,2.0,1.0,2.63157894736842,0.0,1.0,0.973660308810173,0.0,0.0,0.0,0.965497059913706,0.03450294008629397,5
1283,15,4.0,9.0,2.0,0.0,1.0,6.0,15.0,1.0,0.0,34.0,4.0,0.43,82.0,3.0,0.0,43.0,1.0,11.2941176470588,2.0,1.0,2.63157894736842,0.0,1.0,0.973660308810173,1.0,0.0,0.0,0.8228510380387792,0.1771489619612207,3
1283,16,4.0,9.0,2.0,0.0,1.0,6.0,15.0,1.0,0.0,34.0,4.0,0.43,82.0,3.0,0.0,3.0,1.0,11.2941176470588,2.0,1.0,2.63157894736842,0.0,1.0,0.973660308810173,1.0,0.0,0.0,0.852563272646226,0.14743672735377406,4
1283,17,4.0,9.0,2.0,0.0,4.0,6.0,15.0,1.0,0.0,34.0,4.0,0.43,82.0,3.0,0.0,3.0,1.0,11.2941176470588,2.0,1.0,2.63157894736842,0.0,1.0,0.973660308810173,1.0,0.0,0.0,0.8710557530766648,0.12894424692333517,5
1283,18,4.0,9.0,2.0,0.0,4.0,6.0,25.0,1.0,0.0,34.0,4.0,0.43,82.0,3.0,0.0,3.0,1.0,11.2941176470588,2.0,1.0,2.63157894736842,0.0,1.0,0.973660308810173,1.0,0.0,0.0,0.8797190434987502,0.1202809565012498,5
1283,19,4.0,9.0,2.0,0.0,1.0,14.0,25.0,1.0,0.0,34.0,4.0,0.43,82.0,0.0,0.0,3.0,1.0,11.2941176470588,2.0,1.0,2.63157894736842,0.0,1.0,0.973660308810173,1.0,0.0,0.0,0.9623733916953295,0.03762660830467046,4
1285,0,1.0,0.0,1.0,0.0,0.0,8.0,44.0,1.0,1.0,2.0,1.0,0.33,66.0,4.0,0.0,14.0,1.0,7.66666666666667,3.0,2.0,3.0,0.0,0.0,0.960975609756098,0.0,0.0,1.0,0.7121609701696834,0.2878390298303166,1
1285,1,1.0,0.0,1.0,0.0,0.0,8.0,44.0,1.0,1.0,2.0,1.0,0.33,66.0,2.0,0.0,14.0,1.0,7.66666666666667,3.0,2.0,3.0,0.0,0.0,0.960975609756098,0.0,0.0,3.0,0.6100472014156006,0.3899527985843994,1
1285,2,1.0,0.0,1.0,0.0,0.0,8.0,44.0,1.0,1.0,2.0,1.0,0.33,66.0,4.0,0.0,14.0,1.0,7.66666666666667,3.0,25.0,3.0,0.0,0.0,0.960975609756098,0.0,0.0,3.0,0.5733175133986785,0.42668248660132146,1
1285,3,1.0,0.0,1.0,0.0,0.0,8.0,44.0,1.0,93.0,2.0,1.0,0.33,66.0,4.0,0.0,14.0,1.0,7.66666666666667,3.0,2.0,3.0,0.0,0.0,0.960975609756098,0.0,0.0,3.0,0.5652497097122864,0.43475029028771356,1
1285,4,1.0,0.0,1.0,0.0,0.0,0.0,44.0,1.0,93.0,2.0,1.0,0.33,66.0,0.0,0.0,14.0,1.0,7.66666666666667,3.0,25.0,3.0,0.0,0.0,0.960975609756098,0.0,0.0,0.0,0.9900957113758847,0.009904288624115347,5
1285,5,1.0,0.0,1.0,0.0,0.0,8.0,44.0,1.0,1.0,2.0,1.0,0.33,66.0,0.0,0.0,14.0,1.0,7.66666666666667,3.0,2.0,3.0,0.0,0.0,0.960975609756098,0.0,0.0,3.0,0.7300346759861439,0.2699653240138561,1
1285,6,1.0,0.0,1.0,0.0,0.0,3.0,44.0,1.0,1.0,2.0,1.0,0.33,66.0,4.0,0.0,14.0,1.0,7.66666666666667,3.0,2.0,3.0,0.0,0.0,0.960975609756098,0.0,0.0,3.0,0.5433356436833183,0.4566643563166817,1
1285,7,1.0,0.0,1.0,0.0,0.0,8.0,44.0,1.0,1.0,2.0,1.0,0.05,66.0,4.0,0.0,14.0,1.0,7.66666666666667,3.0,2.0,3.0,0.0,0.0,0.960975609756098,0.0,0.0,3.0,0.563074112499522,0.43692588750047806,1
1285,8,1.0,0.0,1.0,0.0,0.0,8.0,15.0,1.0,1.0,2.0,1.0,0.33,66.0,4.0,0.0,14.0,1.0,7.66666666666667,3.0,2.0,3.0,0.0,0.0,0.960975609756098,0.0,0.0,3.0,0.5529673930296956,0.44703260697030445,1
1285,9,1.0,0.0,1.0,0.0,0.0,0.0,15.0,1.0,1.0,2.0,1.0,0.05,66.0,0.0,0.0,14.0,1.0,7.66666666666667,3.0,2.0,3.0,0.0,0.0,0.960975609756098,0.0,0.0,3.0,0.9734238635240366,0.02657613647596333,4
1285,10,1.0,0.0,1.0,0.0,0.0,0.0,15.0,1.0,1.0,2.0,1.0,0.05,66.0,0.0,0.0,14.0,1.0,3.9,3.0,2.0,3.0,0.0,0.0,0.960975609756098,0.0,0.0,3.0,0.9760379767109482,0.02396202328905183,5
1285,11,1.0,0.0,1.0,0.0,0.0,8.0,44.0,1.0,93.0,2.0,1.0,0.33,66.0,4.0,0.0,14.0,1.0,7.66666666666667,3.0,2.0,3.0,0.0,0.0,0.960975609756098,0.0,0.0,0.0,0.8903018629561327,0.10969813704386737,2
1285,12,1.0,0.0,1.0,0.0,0.0,8.0,15.0,1.0,93.0,2.0,1.0,0.33,66.0,4.0,0.0,14.0,1.0,7.66666666666667,3.0,2.0,3.0,0.0,0.0,0.960975609756098,0.0,0.0,0.0,0.9371540970877699,0.06284590291223015,3
1285,13,1.0,0.0,1.0,0.0,0.0,8.0,15.0,1.0,93.0,2.0,1.0,0.33,66.0,4.0,0.0,14.0,1.0,7.66666666666667,3.0,2.0,3.0,5.0,0.0,0.960975609756098,0.0,0.0,0.0,0.963286139512883,0.03671386048711704,4
1285,14,0.0,0.0,1.0,0.0,0.0,8.0,15.0,1.0,93.0,2.0,1.0,0.33,66.0,4.0,0.0,14.0,1.0,7.66666666666667,3.0,2.0,3.0,5.0,0.0,0.960975609756098,0.0,0.0,0.0,0.9747662143079946,0.025233785692005375,5
1285,15,1.0,0.0,1.0,0.0,0.0,0.0,44.0,1.0,1.0,2.0,1.0,0.33,66.0,4.0,0.0,14.0,1.0,7.66666666666667,3.0,2.0,3.0,0.0,0.0,0.960975609756098,0.0,0.0,3.0,0.5882506755227073,0.4117493244772927,1
1285,16,1.0,0.0,1.0,0.0,0.0,0.0,44.0,1.0,1.0,2.0,1.0,0.33,66.0,4.0,0.0,14.0,1.0,7.66666666666667,3.0,25.0,3.0,0.0,0.0,0.960975609756098,0.0,0.0,3.0,0.7432707660920052,0.25672923390799485,2
1285,17,1.0,0.0,1.0,0.0,0.0,0.0,44.0,1.0,1.0,2.0,1.0,0.33,66.0,4.0,0.0,14.0,1.0,7.66666666666667,3.0,25.0,3.0,0.0,0.0,1.0,0.0,0.0,3.0,0.8299285297147275,0.1700714702852725,3
1285,18,1.0,0.0,1.0,0.0,0.0,0.0,44.0,1.0,1.0,2.0,1.0,29.08,66.0,4.0,0.0,14.0,1.0,7.66666666666667,3.0,25.0,3.0,0.0,0.0,1.0,0.0,0.0,3.0,0.8801922018560969,0.1198077981439031,4
1285,19,1.0,0.0,1.0,0.0,0.0,0.0,15.0,1.0,1.0,2.0,1.0,29.08,66.0,4.0,0.0,14.0,1.0,7.66666666666667,3.0,25.0,3.0,0.0,0.0,1.0,0.0,0.0,3.0,0.9051558128743108,0.09484418712568923,5
1287,0,8.0,3.0,1.0,0.0,0.0,4.0,93.111,1.0,0.0,10.0,15.0,0.32,90.0,3.0,0.0,30.0,3.0,4.65384615384615,0.0,1.0,1.82142857142857,0.0,0.0,0.786179921773142,0.0,0.0,2.0,0.5038086852932342,0.49619131470676575,2
1287,1,8.0,3.0,1.0,0.0,0.0,4.0,37.0,1.0,0.0,3.0,15.0,0.32,90.0,3.0,0.0,30.0,3.0,4.65384615384615,0.0,1.0,1.82142857142857,0.0,0.0,1.0,0.0,0.0,2.0,0.8201915692811215,0.17980843071887848,3
1287,2,8.0,3.0,1.0,0.0,0.0,4.0,37.0,1.0,0.0,3.0,15.0,0.32,90.0,0.0,0.0,30.0,3.0,4.65384615384615,0.0,1.0,1.82142857142857,0.0,0.0,1.0,0.0,0.0,2.0,0.921147101328075,0.07885289867192498,4
1287,3,8.0,3.0,1.0,0.0,0.0,4.0,37.0,1.0,0.0,3.0,7.0,0.32,90.0,0.0,0.0,30.0,3.0,4.65384615384615,0.0,1.0,1.82142857142857,0.0,0.0,1.0,0.0,0.0,2.0,0.9387655050207762,0.061234494979223814,5
1287,4,8.0,3.0,1.0,0.0,0.0,4.0,71.0,1.0,0.0,3.0,7.0,0.32,90.0,0.0,0.0,30.0,3.0,4.65384615384615,0.0,1.0,1.82142857142857,0.0,0.0,1.0,0.0,0.0,2.0,0.9447711631490882,0.055228836850911824,5
1287,5,8.0,3.0,1.0,0.0,0.0,4.0,37.0,1.0,0.0,3.0,3.0,0.32,90.0,3.0,0.0,30.0,3.0,4.65384615384615,0.0,1.0,1.82142857142857,0.0,0.0,0.786179921773142,0.0,0.0,2.0,0.7754348672554089,0.22456513274459108,3
1287,6,8.0,3.0,1.0,0.0,0.0,4.0,37.0,1.0,0.0,3.0,3.0,0.32,90.0,3.0,0.0,30.0,3.0,4.65384615384615,0.0,1.0,0.4,0.0,0.0,0.786179921773142,0.0,0.0,2.0,0.8197038184569327,0.1802961815430672,4
1287,7,8.0,3.0,1.0,0.0,0.0,9.0,37.0,1.0,0.0,3.0,3.0,0.32,90.0,3.0,0.0,30.0,3.0,4.65384615384615,0.0,1.0,0.4,0.0,0.0,0.786179921773142,0.0,0.0,2.0,0.843956264732418,0.156043735267582,5
1287,8,8.0,3.0,1.0,0.0,0.0,9.0,37.0,1.0,0.0,1.0,3.0,0.32,90.0,3.0,0.0,30.0,3.0,4.65384615384615,0.0,1.0,0.4,0.0,0.0,0.786179921773142,0.0,0.0,2.0,0.852461839198519,0.14753816080148102,5
1287,9,8.0,3.0,1.0,0.0,0.0,9.0,37.0,1.0,0.0,1.0,3.0,0.32,90.0,3.0,0.0,30.0,3.0,4.65384615384615,0.0,1.0,5.2,0.0,0.0,0.786179921773142,0.0,0.0,2.0,0.8596111966469744,0.14038880335302556,5
1287,10,8.0,3.0,1.0,0.0,0.0,4.0,52.0,1.0,0.0,23.0,13.0,0.32,90.0,3.0,0.0,30.0,3.0,4.65384615384615,0.0,1.0,1.82142857142857,0.0,0.0,0.786179921773142,0.0,0.0,2.0,0.519994264741132,0.4800057352588681,2
1287,11,8.0,3.0,1.0,0.0,0.0,4.0,37.0,1.0,0.0,23.0,3.0,0.32,90.0,3.0,0.0,30.0,3.0,8.1,0.0,1.0,1.82142857142857,0.0,0.0,0.786179921773142,0.0,0.0,2.0,0.7334083674746497,0.26659163252535034,3
1287,12,8.0,3.0,1.0,0.0,0.0,4.0,37.0,1.0,0.0,23.0,3.0,0.32,90.0,3.0,0.0,30.0,3.0,8.1,2.0,1.0,1.82142857142857,0.0,0.0,0.786179921773142,0.0,0.0,2.0,0.7889904387984932,0.21100956120150688,4
1287,13,8.0,3.0,1.0,0.0,0.0,4.0,37.0,1.0,0.0,3.0,3.0,0.32,90.0,0.0,0.0,30.0,3.0,4.65384615384615,0.0,1.0,1.82142857142857,0.0,0.0,0.786179921773142,0.0,0.0,2.0,0.8323160026710522,0.16768399732894776,4
1287,14,8.0,3.0,1.0,0.0,0.0,4.0,37.0,1.0,93.0,3.0,3.0,0.32,90.0,0.0,0.0,30.0,3.0,4.65384615384615,0.0,1.0,1.82142857142857,0.0,0.0,0.786179921773142,0.0,0.0,2.0,0.8500750892357897,0.14992491076421033,5
1287,15,8.0,3.0,1.0,0.0,0.0,4.0,37.0,1.0,93.0,1.0,3.0,0.32,90.0,0.0,0.0,30.0,3.0,4.65384615384615,0.0,1.0,1.82142857142857,0.0,0.0,0.786179921773142,0.0,0.0,2.0,0.8589455033187638,0.1410544966812361,5
1287,16,8.0,3.0,1.0,0.0,0.0,4.0,52.0,1.0,93.0,1.0,3.0,0.32,90.0,0.0,0.0,30.0,3.0,4.65384615384615,0.0,1.0,1.82142857142857,0.0,0.0,0.786179921773142,0.0,0.0,2.0,0.8624288411462945,0.1375711588537055,5
1287,17,8.0,3.0,1.0,0.0,0.0,4.0,52.0,1.0,93.0,1.0,0.0,0.32,90.0,0.0,0.0,30.0,3.0,4.65384615384615,0.0,1.0,1.82142857142857,0.0,0.0,0.786179921773142,0.0,0.0,2.0,0.8748339508436703,0.12516604915632965,5
1287,18,8.0,3.0,1.0,0.0,0.0,4.0,52.0,1.0,93.0,0.0,0.0,0.32,90.0,0.0,0.0,30.0,3.0,4.65384615384615,0.0,1.0,1.82142857142857,0.0,0.0,0.786179921773142,0.0,0.0,2.0,0.8924716146182392,0.10752838538176074,5
1287,19,8.0,3.0,1.0,0.0,0.0,4.0,156.0,1.0,0.0,23.0,15.0,0.32,90.0,2.0,0.0,30.0,3.0,4.65384615384615,0.0,1.0,1.82142857142857,0.0,0.0,0.9,0.0,0.0,2.0,0.5099007289596942,0.4900992710403058,2
1289,0,0.0,1.0,1.0,0.0,0.0,3.0,288.0,1.0,0.0,5.0,13.0,0.71,80.0,1.0,0.0,33.0,2.0,1.52,1.0,1.0,0.194805194805195,0.0,0.0,0.768028846153846,0.0,0.0,3.0,0.5074222590870838,0.4925777409129161,1
1289,1,0.0,1.0,1.0,0.0,0.0,3.0,288.0,1.0,0.0,5.0,2.0,0.71,80.0,1.0,0.0,33.0,2.0,1.52,1.0,1.0,0.194805194805195,0.0,0.0,0.768028846153846,0.0,0.0,0.0,0.8232020868075252,0.17679791319247481,2
1289,2,0.0,1.0,1.0,0.0,0.0,3.0,288.0,1.0,0.0,5.0,2.0,0.71,80.0,1.0,0.0,33.0,2.0,1.52,1.0,1.0,0.194805194805195,0.0,0.0,1.0,0.0,0.0,0.0,0.9099873795830024,0.09001262041699767,3
1289,3,0.0,1.0,1.0,0.0,0.0,3.0,288.0,1.0,0.0,5.0,2.0,0.71,80.0,1.0,0.0,33.0,2.0,1.52,2.0,1.0,0.194805194805195,0.0,0.0,1.0,0.0,0.0,0.0,0.9395510745690081,0.06044892543099193,4
1289,4,0.0,1.0,1.0,0.0,0.0,3.0,25.0,1.0,0.0,5.0,2.0,0.71,80.0,1.0,0.0,33.0,2.0,1.52,2.0,1.0,0.194805194805195,0.0,0.0,1.0,0.0,0.0,0.0,0.9571718307779873,0.0428281692220127,5
1289,5,0.0,1.0,1.0,0.0,0.0,3.0,25.0,1.0,0.0,5.0,13.0,0.71,80.0,1.0,0.0,33.0,2.0,1.52,2.0,1.0,0.194805194805195,0.0,0.0,1.0,0.0,0.0,0.0,0.9732878658145906,0.026712134185409384,5
1289,6,0.0,1.0,1.0,0.0,0.0,3.0,288.0,1.0,0.0,5.0,74.0,0.71,80.0,1.0,0.0,33.0,2.0,1.52,2.0,1.0,0.194805194805195,0.0,0.0,0.768028846153846,0.0,0.0,3.0,0.5004826924149575,0.4995173075850425,1
1289,7,0.0,1.0,1.0,0.0,0.0,3.0,288.0,1.0,0.0,5.0,2.0,0.71,80.0,1.0,0.0,0.0,2.0,1.52,337.0,1.0,0.194805194805195,0.0,0.0,0.768028846153846,0.0,0.0,0.0,0.910237891770653,0.08976210822934703,4
1289,8,0.0,1.0,1.0,0.0,0.0,3.0,288.0,1.0,0.0,5.0,2.0,0.71,80.0,1.0,0.0,33.0,2.0,337.0,1.0,1.0,0.194805194805195,0.0,0.0,0.768028846153846,0.0,0.0,0.0,0.8739937645050257,0.1260062354949743,3
1289,9,0.0,1.0,1.0,0.0,0.0,3.0,288.0,1.0,0.0,5.0,3.0,0.71,80.0,1.0,0.0,33.0,2.0,337.0,1.0,1.0,0.194805194805195,0.0,0.0,0.768028846153846,0.0,0.0,0.0,0.8854043087879411,0.11459569121205893,3
1289,10,0.0,1.0,1.0,0.0,0.0,3.0,37.0,1.0,0.0,5.0,74.0,0.71,80.0,1.0,0.0,33.0,2.0,4.8,1.0,1.0,0.194805194805195,0.0,0.0,0.768028846153846,0.0,0.0,3.0,0.5250745206401873,0.47492547935981266,2
1289,11,0.0,1.0,1.0,0.0,0.0,3.0,37.0,1.0,0.0,5.0,2.0,0.71,80.0,1.0,0.0,33.0,2.0,1.52,337.0,1.0,0.194805194805195,0.0,0.0,0.768028846153846,0.0,0.0,0.0,0.9131871516294957,0.08681284837050429,4
1289,12,0.0,1.0,1.0,2.0,0.0,3.0,37.0,1.0,0.0,5.0,2.0,0.71,80.0,1.0,0.0,33.0,2.0,1.52,337.0,1.0,0.194805194805195,0.0,0.0,0.768028846153846,0.0,0.0,0.0,0.9192121655560493,0.08078783444395066,5
1289,13,0.0,1.0,1.0,2.0,0.0,3.0,37.0,1.0,0.0,5.0,3.0,0.71,80.0,1.0,0.0,33.0,2.0,1.52,337.0,1.0,0.194805194805195,0.0,0.0,0.768028846153846,0.0,0.0,0.0,0.9217490799807142,0.0782509200192858,5
1289,14,0.0,1.0,1.0,0.0,0.0,3.0,288.0,1.0,0.0,5.0,74.0,0.71,80.0,1.0,0.0,33.0,2.0,1.52,1.0,1.0,0.194805194805195,0.0,0.0,0.9,0.0,0.0,3.0,0.5905418089048684,0.40945819109513154,1
1289,15,0.0,1.0,1.0,0.0,0.0,3.0,288.0,1.0,0.0,5.0,74.0,0.71,80.0,1.0,0.0,33.0,2.0,1.52,1.0,1.0,0.194805194805195,0.0,0.0,0.768028846153846,0.0,0.0,0.0,0.576263069476303,0.423736930523697,1
1289,16,0.0,1.0,1.0,0.0,0.0,3.0,288.0,1.0,0.0,5.0,74.0,0.71,80.0,1.0,0.0,0.0,2.0,1.52,1.0,1.0,0.194805194805195,0.0,0.0,1.0,0.0,0.0,0.0,0.9126956720920265,0.08730432790797346,3
1289,17,0.0,1.0,1.0,0.0,0.0,3.0,288.0,1.0,0.0,5.0,74.0,0.71,80.0,1.0,0.0,21.0,2.0,337.0,1.0,1.0,0.194805194805195,0.0,0.0,0.768028846153846,0.0,0.0,3.0,0.5465157346695184,0.4534842653304816,2
1289,18,0.0,1.0,1.0,0.0,0.0,3.0,71.0,1.0,0.0,5.0,74.0,0.71,80.0,1.0,0.0,33.0,2.0,1.52,1.0,1.0,0.194805194805195,0.0,0.0,1.0,0.0,0.0,3.0,0.8070584508706269,0.1929415491293731,2
1289,19,0.0,1.0,1.0,0.0,0.0,3.0,71.0,1.0,0.0,1.0,74.0,0.71,80.0,1.0,0.0,33.0,2.0,1.52,1.0,1.0,0.194805194805195,0.0,0.0,1.0,0.0,0.0,3.0,0.8356251117056288,0.16437488829437116,3
1295,0,1.0,11.0,1.0,0.0,0.0,5.0,127.0,1.0,1.0,33.0,51.0,0.75,95.0,1.0,1.0,41.0,2.0,3.125,0.0,1.0,0.409090909090909,0.0,0.0,0.874690849134378,0.0,0.0,0.0,0.5351585482388722,0.4648414517611278,2
1295,1,1.0,11.0,1.0,0.0,0.0,5.0,25.0,1.0,1.0,33.0,51.0,0.75,95.0,1.0,1.0,41.0,2.0,4.8,0.0,1.0,0.409090909090909,0.0,0.0,0.874690849134378,0.0,0.0,6.0,0.5031437032316394,0.49685629676836063,2
1295,2,1.0,11.0,1.0,0.0,0.0,5.0,15.0,1.0,1.0,3.0,51.0,0.75,95.0,1.0,1.0,41.0,2.0,337.0,0.0,1.0,0.409090909090909,0.0,0.0,0.874690849134378,0.0,0.0,0.0,0.9330893116931898,0.06691068830681028,4
1295,3,1.0,11.0,1.0,0.0,0.0,5.0,15.0,1.0,1.0,3.0,51.0,0.75,95.0,1.0,1.0,41.0,2.0,337.0,0.0,1.0,0.409090909090909,0.0,0.0,0.874690849134378,1.0,0.0,0.0,0.941562770637909,0.05843722936209094,5
1295,4,1.0,11.0,1.0,0.0,0.0,5.0,15.0,1.0,1.0,3.0,51.0,0.75,95.0,1.0,1.0,41.0,2.0,337.0,0.0,1.0,0.409090909090909,0.0,0.0,0.874690849134378,1.0,0.0,1.0,0.9434906554644787,0.056509344535521235,5
1295,5,1.0,11.0,1.0,0.0,0.0,5.0,25.0,1.0,1.0,33.0,13.0,0.75,95.0,1.0,1.0,41.0,2.0,3.125,0.0,1.0,0.409090909090909,0.0,0.0,0.874690849134378,0.0,0.0,6.0,0.5475532637138121,0.4524467362861879,2
1295,6,1.0,11.0,1.0,0.0,0.0,5.0,15.0,1.0,1.0,33.0,13.0,0.75,95.0,1.0,1.0,41.0,2.0,3.125,0.0,1.0,0.409090909090909,0.0,0.0,0.874690849134378,1.0,0.0,0.0,0.9199611415387101,0.08003885846128994,4
1295,7,1.0,11.0,1.0,0.0,0.0,5.0,15.0,1.0,1.0,33.0,13.0,0.75,95.0,1.0,1.0,41.0,2.0,3.125,0.0,1.0,5.2,0.0,0.0,0.874690849134378,1.0,0.0,0.0,0.9505648164474837,0.04943518355251627,5
1295,8,1.0,11.0,1.0,0.0,0.0,5.0,15.0,1.0,1.0,33.0,13.0,0.75,95.0,1.0,1.0,41.0,2.0,3.125,0.0,1.0,5.2,0.0,0.0,0.874690849134378,1.0,0.0,1.0,0.9517435167194601,0.048256483280539844,5
1295,9,1.0,11.0,1.0,0.0,0.0,5.0,93.111,1.0,1.0,33.0,51.0,0.75,95.0,1.0,1.0,41.0,2.0,3.125,0.0,1.0,0.409090909090909,0.0,0.0,0.874690849134378,0.8,0.0,6.0,0.647689041590958,0.35231095840904203,2
1295,10,1.0,11.0,1.0,0.0,0.0,5.0,15.0,1.0,1.0,10.0,51.0,0.75,95.0,1.0,1.0,41.0,2.0,3.125,0.0,1.0,0.409090909090909,0.0,0.0,0.874690849134378,0.0,0.0,6.0,0.502829971836078,0.4971700281639219,2
1295,11,1.0,11.0,1.0,0.0,0.0,5.0,15.0,1.0,1.0,3.0,51.0,0.75,95.0,1.0,1.0,41.0,1.0,3.125,0.0,1.0,0.409090909090909,0.0,0.0,0.874690849134378,1.0,0.0,6.0,0.8671662116598804,0.13283378834011958,4
1295,12,1.0,11.0,1.0,0.0,0.0,5.0,15.0,1.0,1.0,3.0,51.0,0.75,95.0,1.0,1.0,41.0,1.0,3.125,0.0,2.0,0.409090909090909,0.0,0.0,0.874690849134378,1.0,0.0,6.0,0.870973250433063,0.129026749566937,5
1295,13,1.0,11.0,1.0,0.0,0.0,5.0,15.0,1.0,1.0,5.0,51.0,0.75,95.0,1.0,1.0,41.0,1.0,3.125,0.0,2.0,0.409090909090909,0.0,0.0,0.874690849134378,1.0,0.0,6.0,0.8723840748609657,0.12761592513903425,5
1295,14,1.0,11.0,1.0,0.0,0.0,5.0,15.0,1.0,1.0,3.0,51.0,0.75,95.0,1.0,1.0,41.0,2.0,3.125,0.0,1.0,0.409090909090909,0.0,0.0,0.874690849134378,0.0,0.0,0.0,0.8589498788983022,0.14105012110169776,3
1295,15,1.0,11.0,1.0,0.0,0.0,5.0,15.0,1.0,1.0,3.0,51.0,0.75,95.0,1.0,1.0,41.0,2.0,3.125,0.0,1.0,0.409090909090909,0.0,0.0,0.874690849134378,1.0,0.0,0.0,0.9147179049728662,0.08528209502713378,4
1295,16,0.0,11.0,1.0,0.0,0.0,5.0,15.0,1.0,1.0,3.0,51.0,0.75,95.0,1.0,1.0,41.0,2.0,3.125,0.0,1.0,0.409090909090909,0.0,0.0,0.874690849134378,1.0,0.0,0.0,0.9332859920391836,0.06671400796081638,5
1295,17,1.0,11.0,1.0,0.0,0.0,5.0,52.0,1.0,1.0,5.0,51.0,0.75,95.0,1.0,1.0,41.0,2.0,3.125,0.0,1.0,0.409090909090909,0.0,0.0,0.874690849134378,0.0,0.0,6.0,0.5129929541260949,0.48700704587390503,2
1295,18,0.0,11.0,1.0,0.0,0.0,5.0,52.0,1.0,1.0,3.0,51.0,0.75,95.0,1.0,1.0,41.0,2.0,3.125,0.0,1.0,0.409090909090909,0.0,0.0,0.874690849134378,1.0,0.0,1.0,0.9446334800598978,0.05536651994010219,5
1295,19,1.0,11.0,1.0,0.0,0.0,5.0,440.0,1.0,1.0,10.0,51.0,0.75,95.0,1.0,1.0,41.0,2.0,3.125,0.0,1.0,0.409090909090909,0.0,0.0,0.874690849134378,0.0,0.0,2.0,0.555364359840494,0.444635640159506,2
1297,0,3.0,0.0,2.0,0.0,2.0,13.0,182.0,1.0,0.0,5.0,9.0,0.5,71.0,1.0,0.0,24.0,2.0,4.75,1.0,1.0,1.35714285714286,0.0,2.0,0.884126984126984,1.0,0.0,4.0,0.6902012011037404,0.30979879889625966,1
1297,1,3.0,0.0,2.0,0.0,2.0,13.0,52.0,1.0,0.0,5.0,9.0,0.5,71.0,1.0,0.0,24.0,2.0,4.75,1.0,1.0,1.35714285714286,0.0,2.0,0.884126984126984,1.0,0.0,5.0,0.5215630432052625,0.4784369567947375,1
1297,2,3.0,0.0,2.0,0.0,2.0,0.0,15.0,1.0,0.0,5.0,9.0,0.5,71.0,1.0,0.0,24.0,2.0,4.75,1.0,1.0,1.35714285714286,0.0,2.0,0.884126984126984,1.0,0.0,0.0,0.9230474160491091,0.07695258395089091,3
1297,3,3.0,0.0,2.0,0.0,2.0,0.0,15.0,1.0,0.0,5.0,9.0,0.5,71.0,1.0,0.0,24.0,6.0,4.75,1.0,1.0,1.35714285714286,0.0,2.0,0.884126984126984,1.0,0.0,0.0,0.9360295930199227,0.06397040698007732,4
1297,4,3.0,0.0,2.0,0.0,2.0,0.0,37.0,1.0,0.0,5.0,9.0,0.5,71.0,1.0,0.0,24.0,6.0,4.75,1.0,1.0,1.35714285714286,0.0,2.0,0.884126984126984,1.0,0.0,0.0,0.9488493504826264,0.05115064951737362,4
1297,5,3.0,0.0,2.0,0.0,2.0,0.0,37.0,1.0,0.0,5.0,9.0,0.5,71.0,1.0,0.0,24.0,6.0,4.75,1.0,1.0,1.35714285714286,0.0,2.0,0.884126984126984,1.0,0.0,1.0,0.9504969938905532,0.04950300610944684,4
1297,6,3.0,0.0,2.0,0.0,2.0,13.0,182.0,1.0,0.0,5.0,9.0,0.5,71.0,1.0,0.0,24.0,6.0,4.75,1.0,1.0,1.35714285714286,0.0,2.0,0.884126984126984,1.0,0.0,0.0,0.8453985154075931,0.15460148459240688,2
1297,7,3.0,0.0,2.0,0.0,2.0,13.0,182.0,1.0,0.0,5.0,9.0,29.08,71.0,1.0,0.0,24.0,6.0,4.75,1.0,1.0,1.35714285714286,0.0,2.0,0.884126984126984,1.0,0.0,0.0,0.8752859373189702,0.12471406268102976,3
1297,8,3.0,0.0,2.0,0.0,2.0,13.0,182.0,1.0,0.0,5.0,5.0,29.08,71.0,1.0,0.0,24.0,2.0,4.75,1.0,1.0,1.35714285714286,0.0,2.0,0.884126984126984,1.0,0.0,5.0,0.5056996597858632,0.49430034021413677,2
1297,9,3.0,0.0,2.0,0.0,2.0,13.0,182.0,1.0,0.0,5.0,2.0,29.08,71.0,1.0,0.0,24.0,6.0,4.75,1.0,1.0,0.0,0.0,2.0,0.884126984126984,1.0,0.0,0.0,0.9030788291646177,0.09692117083538229,5
1297,10,3.0,0.0,2.0,0.0,2.0,6.0,182.0,1.0,0.0,5.0,9.0,0.5,71.0,1.0,0.0,24.0,2.0,4.75,1.0,1.0,1.35714285714286,0.0,2.0,0.884126984126984,1.0,0.0,5.0,0.5374368868808136,0.4625631131191864,1
1297,11,3.0,0.0,2.0,0.0,2.0,13.0,182.0,1.0,0.0,5.0,9.0,0.5,50.0,1.0,0.0,24.0,2.0,4.75,1.0,1.0,1.35714285714286,0.0,2.0,0.884126984126984,1.0,0.0,5.0,0.5249513374312209,0.47504866256877915,1
1297,12,3.0,0.0,2.0,0.0,2.0,13.0,182.0,1.0,0.0,5.0,9.0,0.5,71.0,1.0,0.0,24.0,2.0,4.75,1.0,25.0,1.35714285714286,0.0,2.0,0.884126984126984,1.0,0.0,5.0,0.531733423747399,0.468266576252601,1
1297,13,3.0,0.0,2.0,0.0,2.0,0.0,182.0,1.0,0.0,5.0,9.0,0.5,50.0,1.0,0.0,24.0,2.0,4.75,1.0,25.0,5.2,0.0,2.0,0.884126984126984,1.0,0.0,0.0,0.9436059356408618,0.05639406435913819,5
1297,14,3.0,0.0,2.0,0.0,2.0,0.0,182.0,1.0,0.0,5.0,9.0,0.5,50.0,1.0,0.0,24.0,2.0,4.75,1.0,25.0,5.2,0.0,2.0,0.884126984126984,1.0,0.0,1.0,0.9553065032004905,0.04469349679950954,5
1297,15,3.0,0.0,2.0,0.0,2.0,0.0,182.0,1.0,0.0,5.0,9.0,0.5,0.0,1.0,0.0,24.0,2.0,4.75,1.0,25.0,5.2,0.0,2.0,0.884126984126984,1.0,0.0,1.0,0.9561843845258914,0.0438156154741086,5
1297,16,3.0,0.0,2.0,0.0,2.0,13.0,182.0,1.0,0.0,5.0,9.0,0.5,0.0,1.0,0.0,24.0,6.0,4.75,1.0,1.0,1.35714285714286,0.0,2.0,0.884126984126984,1.0,0.0,0.0,0.8846985328725099,0.1153014671274901,3
1297,17,3.0,0.0,2.0,0.0,2.0,13.0,182.0,1.0,0.0,5.0,9.0,0.5,0.0,1.0,0.0,24.0,6.0,4.75,1.0,1.0,5.2,0.0,2.0,0.884126984126984,1.0,0.0,0.0,0.9064237598113325,0.09357624018866753,4
1297,18,3.0,0.0,2.0,0.0,2.0,13.0,15.0,1.0,0.0,5.0,9.0,0.5,71.0,1.0,0.0,24.0,2.0,4.75,1.0,1.0,1.35714285714286,0.0,2.0,0.884126984126984,1.0,0.0,5.0,0.6877654603277839,0.31223453967221615,1
1297,19,3.0,0.0,2.0,0.0,2.0,6.0,15.0,1.0,0.0,5.0,9.0,0.5,71.0,1.0,0.0,24.0,2.0,4.75,1.0,1.0,1.35714285714286,0.0,2.0,0.884126984126984,1.0,0.0,5.0,0.7685789135357999,0.23142108646420007,2
1304,0,9.0,0.0,3.0,3.0,0.0,20.0,193.556,1.0,0.0,2.0,18.0,0.68,85.0,2.0,1.0,33.0,2.0,6.18518518518519,0.0,1.0,1.93103448275862,0.0,109.0,1.0,0.8,0.0,3.0,0.5831083630206593,0.4168916369793408,2
1304,1,9.0,0.0,3.0,3.0,0.0,20.0,15.0,1.0,0.0,2.0,18.0,29.08,85.0,2.0,1.0,33.0,2.0,6.18518518518519,0.0,1.0,1.93103448275862,0.0,109.0,1.0,0.8,0.0,3.0,0.8912567349792844,0.10874326502071559,3
1304,2,9.0,0.0,3.0,3.0,0.0,20.0,71.0,1.0,0.0,2.0,18.0,29.08,85.0,2.0,1.0,33.0,2.0,6.18518518518519,0.0,1.0,1.93103448275862,0.0,16.0,0.797491039426523,0.8,0.0,3.0,0.502079965341591,0.4979200346584089,3
1304,3,9.0,0.0,3.0,3.0,0.0,20.0,15.0,1.0,0.0,2.0,13.0,29.08,85.0,2.0,1.0,33.0,2.0,6.18518518518519,0.0,1.0,1.93103448275862,0.0,2.0,1.0,0.8,0.0,3.0,0.917466112142951,0.08253388785704899,5
1304,4,9.0,0.0,3.0,3.0,0.0,20.0,25.0,1.0,0.0,2.0,13.0,29.08,85.0,2.0,1.0,33.0,2.0,6.18518518518519,0.0,1.0,1.93103448275862,0.0,2.0,1.0,0.8,0.0,3.0,0.920682559576736,0.07931744042326404,5
1304,5,9.0,0.0,3.0,3.0,0.0,20.0,25.0,1.0,0.0,2.0,13.0,29.08,85.0,2.0,1.0,33.0,2.0,6.18518518518519,0.0,1.0,1.93103448275862,0.0,10080.0,1.0,0.8,0.0,3.0,0.9209759874751511,0.0790240125248489,5
1304,6,9.0,0.0,3.0,3.0,0.0,20.0,15.0,1.0,0.0,2.0,18.0,0.68,85.0,2.0,1.0,33.0,2.0,6.18518518518519,0.0,1.0,1.93103448275862,0.0,2.0,1.0,0.8,0.0,3.0,0.8750624639584597,0.12493753604154036,3
1304,7,9.0,0.0,3.0,3.0,0.0,20.0,71.0,1.0,0.0,2.0,18.0,0.68,85.0,2.0,1.0,33.0,2.0,6.18518518518519,0.0,1.0,5.2,0.0,16.0,0.797491039426523,0.8,0.0,3.0,0.5288702280717803,0.47112977192821964,3
1304,8,9.0,0.0,3.0,3.0,0.0,20.0,15.0,1.0,0.0,2.0,18.0,0.68,85.0,2.0,1.0,128.0,2.0,6.18518518518519,0.0,1.0,5.2,0.0,2.0,1.0,0.8,0.0,3.0,0.9242382600228896,0.07576173997711041,5
1304,9,9.0,0.0,3.0,3.0,0.0,20.0,601.0,1.0,0.0,2.0,18.0,3.24,85.0,2.0,1.0,33.0,2.0,6.18518518518519,0.0,1.0,1.93103448275862,0.0,109.0,1.0,0.8,0.0,3.0,0.5530860069501191,0.44691399304988083,2
1304,10,9.0,0.0,3.0,3.0,0.0,20.0,601.0,1.0,0.0,2.0,18.0,29.08,85.0,2.0,1.0,33.0,2.0,6.18518518518519,0.0,1.0,0.0,0.0,109.0,1.0,0.8,0.0,3.0,0.8470033446915581,0.1529966553084418,3
1304,11,9.0,0.0,3.0,3.0,0.0,0.0,601.0,1.0,0.0,2.0,18.0,29.08,85.0,2.0,1.0,33.0,2.0,6.18518518518519,0.0,1.0,0.0,0.0,109.0,1.0,0.8,0.0,3.0,0.8750343427391098,0.1249656572608901,4
1304,12,9.0,0.0,3.0,3.0,0.0,0.0,601.0,1.0,0.0,2.0,18.0,29.08,85.0,2.0,1.0,33.0,2.0,6.18518518518519,0.0,1.0,0.0,0.0,10080.0,1.0,0.8,0.0,3.0,0.8917685675960246,0.10823143240397537,5
1304,13,9.0,0.0,3.0,3.0,0.0,20.0,15.0,1.0,0.0,2.0,18.0,29.08,85.0,0.0,1.0,33.0,2.0,6.18518518518519,0.0,1.0,1.93103448275862,0.0,2.0,1.0,0.8,0.0,3.0,0.9161770761886305,0.0838229238113695,5
1304,14,9.0,0.0,3.0,3.0,0.0,20.0,93.111,1.0,0.0,2.0,18.0,0.31,85.0,2.0,1.0,33.0,2.0,6.18518518518519,0.0,1.0,1.93103448275862,0.0,2.0,0.797491039426523,0.8,0.0,3.0,0.5387699469075582,0.4612300530924418,3
1304,15,9.0,0.0,3.0,3.0,0.0,20.0,15.0,1.0,0.0,2.0,18.0,0.68,85.0,2.0,1.0,33.0,2.0,6.18518518518519,0.0,1.0,0.4,0.0,109.0,1.0,0.8,0.0,3.0,0.8601368117953999,0.13986318820460011,3
1304,16,9.0,0.0,3.0,3.0,0.0,20.0,15.0,1.0,0.0,2.0,18.0,0.68,94.0,2.0,1.0,33.0,2.0,6.18518518518519,0.0,1.0,0.4,0.0,109.0,1.0,0.8,0.0,3.0,0.8748530096899217,0.12514699031007823,4
1304,17,9.0,0.0,3.0,3.0,0.0,20.0,93.111,1.0,0.0,2.0,18.0,29.08,85.0,2.0,1.0,33.0,2.0,6.18518518518519,0.0,1.0,0.4,0.0,109.0,0.797491039426523,0.8,0.0,3.0,0.5097940786786062,0.49020592132139384,3
1304,18,9.0,0.0,3.0,3.0,0.0,20.0,15.0,1.0,0.0,2.0,18.0,29.08,85.0,2.0,1.0,33.0,2.0,4.8,0.0,1.0,0.4,0.0,109.0,1.0,0.8,0.0,3.0,0.9383613791672488,0.06163862083275122,5
1304,19,9.0,0.0,3.0,3.0,0.0,20.0,25.0,1.0,0.0,2.0,18.0,29.08,85.0,2.0,1.0,33.0,2.0,4.8,0.0,1.0,0.4,0.0,109.0,1.0,0.8,0.0,3.0,0.940816042103103,0.05918395789689706,5
1308,0,1.0,0.0,5.0,0.0,0.0,35.0,173.0,1.0,2.0,0.0,1.0,0.61,0.0,1.0,1.0,20.0,1.0,13.5,1.0,2.0,3.83333333333333,0.0,93.0,0.927272727272727,0.5,0.0,2.0,0.6137207671802719,0.3862792328197281,1
1308,1,1.0,0.0,5.0,0.0,0.0,35.0,173.0,1.0,2.0,0.0,1.0,0.61,0.0,0.0,1.0,20.0,1.0,13.5,1.0,2.0,3.83333333333333,0.0,0.0,0.927272727272727,0.5,0.0,2.0,0.8248059213587512,0.1751940786412488,2
1308,2,1.0,0.0,5.0,0.0,0.0,35.0,173.0,1.0,2.0,0.0,1.0,0.61,0.0,3.0,1.0,20.0,6.0,13.5,1.0,2.0,3.83333333333333,0.0,0.0,0.927272727272727,0.5,0.0,2.0,0.5917092993879026,0.4082907006120974,2
1308,3,1.0,0.0,5.0,0.0,0.0,35.0,173.0,1.0,2.0,0.0,1.0,0.61,0.0,3.0,1.0,20.0,1.0,13.5,1.0,25.0,3.83333333333333,0.0,0.0,0.927272727272727,0.5,0.0,2.0,0.6110395294004076,0.3889604705995923,2
1308,4,1.0,0.0,5.0,0.0,0.0,35.0,173.0,1.0,2.0,0.0,1.0,0.05,0.0,0.0,1.0,20.0,6.0,13.5,1.0,25.0,3.83333333333333,0.0,0.0,0.927272727272727,0.5,0.0,2.0,0.9561923803024741,0.04380761969752585,5
1308,5,1.0,0.0,5.0,0.0,0.0,35.0,173.0,1.0,2.0,0.0,1.0,0.61,0.0,0.0,1.0,20.0,1.0,13.5,1.0,25.0,3.83333333333333,0.0,0.0,0.927272727272727,0.5,0.0,2.0,0.8987172085827259,0.10128279141727416,3
1308,6,1.0,0.0,5.0,0.0,0.0,9.0,173.0,1.0,2.0,0.0,1.0,0.61,0.0,3.0,1.0,20.0,1.0,13.5,1.0,2.0,3.83333333333333,0.0,0.0,0.927272727272727,0.5,0.0,2.0,0.5086728065795919,0.4913271934204081,2
1308,7,1.0,0.0,5.0,0.0,0.0,35.0,173.0,1.0,2.0,0.0,1.0,29.08,0.0,0.0,1.0,20.0,1.0,13.5,1.0,2.0,3.83333333333333,0.0,93.0,0.927272727272727,0.5,0.0,2.0,0.8181390818361902,0.18186091816380984,2
1308,8,1.0,0.0,5.0,0.0,0.0,35.0,173.0,1.0,0.0,0.0,1.0,29.08,0.0,0.0,1.0,20.0,1.0,13.5,1.0,2.0,3.83333333333333,0.0,93.0,0.927272727272727,0.5,0.0,2.0,0.8766598017042561,0.12334019829574394,3
1308,9,1.0,0.0,5.0,0.0,0.0,35.0,173.0,1.0,0.0,0.0,1.0,29.08,0.0,0.0,1.0,6.0,1.0,13.5,1.0,2.0,3.83333333333333,0.0,93.0,0.927272727272727,0.5,0.0,2.0,0.8796739816404066,0.12032601835959343,4
1308,10,1.0,0.0,5.0,0.0,0.0,35.0,173.0,1.0,2.0,0.0,1.0,0.61,0.0,3.0,1.0,20.0,1.0,13.5,1.0,2.0,3.83333333333333,5.0,0.0,0.927272727272727,0.5,0.0,2.0,0.5763627526226864,0.4236372473773135,2
1308,11,1.0,0.0,5.0,0.0,0.0,35.0,173.0,1.0,2.0,0.0,1.0,0.44,0.0,3.0,1.0,20.0,1.0,13.5,1.0,2.0,3.83333333333333,0.0,0.0,0.927272727272727,0.5,0.0,2.0,0.5037551182421269,0.496244881757873,2
1308,12,1.0,0.0,5.0,0.0,0.0,35.0,173.0,1.0,2.0,0.0,1.0,0.61,0.0,3.0,1.0,20.0,1.0,13.5,1.0,25.0,3.83333333333333,5.0,0.0,0.927272727272727,0.5,0.0,2.0,0.7194344183028802,0.28056558169711976,3
1308,13,1.0,0.0,5.0,0.0,0.0,35.0,173.0,1.0,2.0,0.0,1.0,0.61,0.0,3.0,0.0,20.0,1.0,13.5,1.0,25.0,3.83333333333333,5.0,0.0,0.927272727272727,0.5,0.0,2.0,0.7760405620669988,0.22395943793300127,4
1308,14,1.0,0.0,5.0,0.0,0.0,35.0,173.0,1.0,2.0,0.0,1.0,0.61,0.0,0.0,1.0,20.0,1.0,13.5,1.0,25.0,3.83333333333333,0.0,93.0,0.927272727272727,0.5,0.0,2.0,0.7425780807801567,0.2574219192198433,2
1308,15,1.0,0.0,5.0,0.0,0.0,35.0,173.0,1.0,0.0,0.0,1.0,0.61,0.0,0.0,1.0,20.0,1.0,13.5,1.0,25.0,3.83333333333333,0.0,93.0,0.927272727272727,0.5,0.0,2.0,0.8200659051848466,0.17993409481515343,3
1308,16,1.0,0.0,5.0,0.0,0.0,35.0,127.0,1.0,0.0,0.0,1.0,0.61,0.0,0.0,1.0,20.0,1.0,13.5,1.0,25.0,3.83333333333333,0.0,93.0,0.927272727272727,0.5,0.0,2.0,0.8288057446441127,0.17119425535588725,4
1308,17,1.0,0.0,5.0,0.0,0.0,35.0,173.0,1.0,2.0,0.0,1.0,0.61,0.0,0.0,1.0,20.0,6.0,13.5,1.0,2.0,3.83333333333333,0.0,93.0,0.927272727272727,0.5,0.0,2.0,0.8020892067506238,0.1979107932493762,2
1308,18,1.0,0.0,5.0,0.0,0.0,35.0,173.0,1.0,2.0,0.0,1.0,0.61,0.0,3.0,1.0,20.0,6.0,13.5,1.0,25.0,3.83333333333333,0.0,93.0,0.927272727272727,0.5,0.0,2.0,0.5052198411658059,0.49478015883419413,2
1311,0,2.0,3.0,1.0,5.0,0.0,20.0,25.0,1.0,8.0,21.0,26.0,0.86,87.0,2.0,2.0,38.0,2.0,8.07692307692308,0.0,0.0,1.34146341463415,0.0,16.0,0.88031565103025,0.5,0.0,0.0,0.514520594182471,0.485479405817529,3
1311,1,2.0,3.0,1.0,5.0,0.0,20.0,15.0,1.0,8.0,21.0,26.0,0.05,87.0,2.0,2.0,38.0,2.0,8.07692307692308,0.0,0.0,1.34146341463415,0.0,0.0,0.88031565103025,0.5,0.0,0.0,0.8564301144135338,0.1435698855864662,4
1311,2,2.0,3.0,1.0,5.0,0.0,20.0,15.0,1.0,8.0,5.0,26.0,0.86,87.0,2.0,2.0,38.0,2.0,8.07692307692308,0.0,0.0,1.34146341463415,0.0,2.0,0.88031565103025,0.5,0.0,5.0,0.5039494200066115,0.4960505799933886,3
1311,3,2.0,3.0,1.0,5.0,0.0,20.0,15.0,1.0,8.0,1.0,26.0,29.08,87.0,2.0,2.0,38.0,2.0,8.07692307692308,0.0,0.0,1.34146341463415,0.0,0.0,0.88031565103025,0.5,0.0,0.0,0.8916825747565983,0.10831742524340171,5
1311,4,2.0,3.0,1.0,5.0,0.0,20.0,15.0,1.0,8.0,0.0,26.0,29.08,87.0,2.0,2.0,38.0,2.0,8.07692307692308,0.0,0.0,1.34146341463415,0.0,0.0,0.88031565103025,0.5,0.0,0.0,0.8995348794080008,0.10046512059199918,5
1311,5,2.0,3.0,1.0,5.0,0.0,20.0,25.0,1.0,8.0,10.0,26.0,0.86,87.0,2.0,2.0,38.0,2.0,8.07692307692308,0.0,0.0,1.34146341463415,0.0,0.0,0.88031565103025,0.5,0.0,5.0,0.5031909764321743,0.4968090235678258,3
1311,6,2.0,3.0,1.0,5.0,0.0,20.0,15.0,1.0,8.0,21.0,26.0,0.86,87.0,2.0,2.0,38.0,2.0,8.07692307692308,0.0,0.0,1.34146341463415,0.0,0.0,0.88031565103025,0.0,0.0,0.0,0.9087423582522963,0.0912576417477037,4
1311,7,2.0,3.0,1.0,7.0,0.0,20.0,15.0,1.0,8.0,21.0,26.0,0.86,87.0,2.0,2.0,38.0,2.0,8.07692307692308,0.0,0.0,1.34146341463415,0.0,145.0,0.88031565103025,0.5,0.0,0.0,0.5047269419415924,0.4952730580584076,3
1311,8,2.0,3.0,1.0,5.0,0.0,20.0,25.0,1.0,8.0,21.0,26.0,0.05,87.0,2.0,2.0,38.0,2.0,8.07692307692308,0.0,0.0,1.34146341463415,0.0,0.0,0.88031565103025,0.5,0.0,5.0,0.5023164183653236,0.4976835816346764,3
1311,9,2.0,3.0,1.0,5.0,0.0,20.0,15.0,1.0,8.0,21.0,7.0,0.05,87.0,2.0,2.0,38.0,2.0,8.07692307692308,0.0,0.0,1.34146341463415,0.0,0.0,0.88031565103025,0.5,0.0,5.0,0.6101033169457659,0.3898966830542341,4
1311,10,2.0,3.0,1.0,5.0,0.0,20.0,15.0,1.0,8.0,21.0,26.0,0.05,87.0,2.0,2.0,3.0,2.0,8.07692307692308,0.0,0.0,1.34146341463415,0.0,0.0,0.88031565103025,0.5,0.0,0.0,0.9001407894107799,0.09985921058922005,5
1311,11,2.0,3.0,1.0,5.0,0.0,20.0,52.0,1.0,8.0,21.0,26.0,0.86,87.0,2.0,2.0,38.0,2.0,8.07692307692308,0.0,0.0,1.34146341463415,0.0,145.0,1.0,0.8,0.0,5.0,0.5068584704185848,0.49314152958141527,3
1311,12,2.0,3.0,1.0,5.0,0.0,20.0,25.0,1.0,8.0,21.0,26.0,0.05,87.0,2.0,2.0,38.0,2.0,8.07692307692308,0.0,0.0,1.34146341463415,0.0,145.0,0.88031565103025,0.8,0.0,5.0,0.5343815743285161,0.465618425671484,3
1311,13,153.0,3.0,1.0,5.0,0.0,20.0,15.0,1.0,8.0,21.0,26.0,29.08,87.0,2.0,2.0,38.0,2.0,8.07692307692308,0.0,0.0,1.34146341463415,0.0,145.0,1.0,0.8,0.0,5.0,0.6815888374224497,0.3184111625775503,5
1311,14,153.0,3.0,1.0,5.0,0.0,20.0,25.0,1.0,8.0,21.0,26.0,29.08,87.0,2.0,2.0,38.0,2.0,8.07692307692308,0.0,0.0,1.34146341463415,0.0,145.0,1.0,0.8,0.0,5.0,0.6928560593981019,0.30714394060189815,5
1311,15,2.0,3.0,1.0,5.0,0.0,20.0,52.0,1.0,8.0,21.0,26.0,0.86,87.0,2.0,2.0,38.0,2.0,8.07692307692308,0.0,25.0,1.34146341463415,0.0,145.0,0.88031565103025,0.8,0.0,5.0,0.521935992402111,0.478064007597889,3
1311,16,2.0,0.0,1.0,5.0,0.0,20.0,15.0,1.0,8.0,21.0,26.0,0.86,87.0,2.0,2.0,38.0,2.0,8.07692307692308,0.0,25.0,1.34146341463415,0.0,145.0,0.88031565103025,0.8,0.0,5.0,0.6048097285461176,0.39519027145388236,4
1311,17,2.0,0.0,1.0,5.0,0.0,20.0,15.0,1.0,8.0,21.0,26.0,0.86,87.0,2.0,2.0,38.0,2.0,8.07692307692308,0.0,25.0,1.34146341463415,0.0,89.0,0.88031565103025,0.8,0.0,5.0,0.6447027984591596,0.3552972015408405,5
1311,18,2.0,3.0,1.0,5.0,0.0,20.0,15.0,1.0,8.0,3.0,26.0,0.86,87.0,2.0,2.0,6.0,2.0,8.07692307692308,0.0,0.0,1.34146341463415,0.0,145.0,0.88031565103025,0.5,0.0,5.0,0.5042579674124188,0.4957420325875812,3
1311,19,2.0,3.0,1.0,5.0,0.0,20.0,25.0,1.0,8.0,5.0,26.0,0.86,87.0,2.0,2.0,3.0,2.0,8.07692307692308,0.0,0.0,1.34146341463415,0.0,145.0,0.88031565103025,0.5,0.0,5.0,0.5061791993783985,0.4938208006216015,3
1389,0,18.0,11.0,1.0,15.0,0.0,7.0,93.111,4.0,1.0,41.0,50.0,0.38,96.0,1.0,1.0,70.0,6.0,5.825,0.0,0.0,1.17647058823529,0.0,0.0,1.0,0.0,0.0,9.0,0.6687469740519318,0.3312530259480682,2
1389,1,18.0,11.0,1.0,15.0,0.0,7.0,25.0,4.0,1.0,41.0,50.0,0.38,96.0,1.0,1.0,70.0,6.0,5.825,0.0,0.0,1.17647058823529,0.0,0.0,1.0,0.0,0.0,0.0,0.8930464538809334,0.10695354611906661,3
1389,2,18.0,11.0,1.0,15.0,0.0,7.0,52.0,4.0,1.0,10.0,50.0,0.38,96.0,1.0,1.0,70.0,6.0,5.825,0.0,0.0,1.17647058823529,0.0,0.0,0.688141592920354,0.0,0.0,0.0,0.5013645788347239,0.4986354211652761,3
1389,3,18.0,11.0,1.0,15.0,0.0,7.0,37.0,4.0,1.0,41.0,50.0,0.38,96.0,1.0,1.0,70.0,6.0,5.825,2.0,0.0,1.17647058823529,0.0,0.0,0.688141592920354,0.0,0.0,1.0,0.5006404835423073,0.4993595164576927,3
1389,4,18.0,11.0,1.0,15.0,0.0,7.0,37.0,4.0,1.0,41.0,50.0,0.38,0.0,1.0,1.0,70.0,6.0,5.825,0.0,0.0,1.17647058823529,0.0,0.0,0.688141592920354,0.0,0.0,9.0,0.5258169347259953,0.4741830652740046,2
1389,5,18.0,11.0,1.0,15.0,0.0,7.0,93.111,4.0,1.0,41.0,50.0,0.05,96.0,1.0,1.0,70.0,6.0,5.825,0.0,0.0,1.17647058823529,0.0,0.0,0.688141592920354,0.0,0.0,1.0,0.5155146283056531,0.48448537169434697,3
1389,6,18.0,11.0,1.0,15.0,0.0,7.0,25.0,4.0,1.0,41.0,50.0,0.05,0.0,1.0,1.0,70.0,6.0,5.825,0.0,0.0,1.17647058823529,0.0,0.0,1.0,0.0,0.0,0.0,0.9398171747477235,0.06018282525227644,5
1389,7,18.0,11.0,1.0,15.0,0.0,7.0,25.0,4.0,1.0,41.0,50.0,0.38,0.0,1.0,1.0,70.0,6.0,5.825,0.0,0.0,1.17647058823529,0.0,0.0,1.0,0.0,0.0,9.0,0.7810143172889283,0.21898568271107163,3
1389,8,18.0,11.0,1.0,15.0,0.0,7.0,25.0,4.0,1.0,10.0,50.0,0.38,0.0,1.0,1.0,70.0,6.0,5.825,0.0,0.0,1.17647058823529,0.0,0.0,1.0,0.0,0.0,9.0,0.8316649560141642,0.16833504398583582,4
1389,9,18.0,11.0,1.0,15.0,0.0,7.0,25.0,4.0,1.0,41.0,50.0,0.38,0.0,1.0,1.0,70.0,6.0,5.825,0.0,0.0,1.17647058823529,0.0,0.0,1.0,0.0,0.0,0.0,0.9086855521488166,0.09131444785118337,4
1389,10,18.0,11.0,0.0,15.0,0.0,7.0,25.0,4.0,1.0,41.0,50.0,0.38,0.0,1.0,1.0,70.0,6.0,5.825,0.0,0.0,1.17647058823529,0.0,0.0,1.0,0.0,0.0,0.0,0.9108553243052117,0.08914467569478832,5
1389,11,18.0,11.0,1.0,15.0,0.0,7.0,25.0,4.0,1.0,41.0,50.0,0.38,0.0,1.0,1.0,70.0,6.0,5.825,0.0,0.0,1.17647058823529,0.0,0.0,0.688141592920354,0.0,0.0,9.0,0.567353358693997,0.43264664130600305,2
1389,12,18.0,11.0,1.0,15.0,0.0,7.0,25.0,4.0,1.0,41.0,50.0,0.38,0.0,1.0,1.0,70.0,6.0,5.825,0.0,25.0,1.17647058823529,0.0,0.0,0.688141592920354,0.0,0.0,9.0,0.6674422398257089,0.3325577601742911,3
1389,13,18.0,11.0,1.0,15.0,0.0,7.0,25.0,4.0,1.0,10.0,50.0,0.38,0.0,1.0,1.0,70.0,6.0,5.825,0.0,0.0,1.17647058823529,5.0,0.0,1.0,0.0,0.0,9.0,0.8548977475285424,0.14510225247145764,5
1389,14,18.0,11.0,1.0,15.0,0.0,7.0,37.0,4.0,1.0,10.0,50.0,0.38,66.0,1.0,1.0,70.0,6.0,5.825,0.0,0.0,1.17647058823529,0.0,0.0,0.688141592920354,0.0,0.0,9.0,0.528762918198345,0.471237081801655,3
1389,15,18.0,11.0,1.0,15.0,0.0,7.0,25.0,4.0,1.0,5.0,50.0,0.38,96.0,1.0,1.0,70.0,6.0,5.825,0.0,0.0,1.17647058823529,0.0,0.0,1.0,0.0,0.0,9.0,0.7751461413934463,0.22485385860655369,3
1389,16,18.0,11.0,1.0,15.0,0.0,7.0,25.0,4.0,1.0,5.0,25.0,0.38,96.0,1.0,1.0,70.0,6.0,5.825,0.0,0.0,1.17647058823529,0.0,0.0,0.688141592920354,0.0,0.0,9.0,0.5286702272573716,0.4713297727426285,3
1389,17,18.0,11.0,1.0,15.0,0.0,7.0,25.0,4.0,1.0,41.0,50.0,0.05,0.0,1.0,1.0,70.0,6.0,5.825,0.0,0.0,1.17647058823529,0.0,0.0,0.688141592920354,0.0,0.0,9.0,0.7676715729565688,0.23232842704343115,3
1389,18,18.0,11.0,1.0,15.0,0.0,7.0,25.0,4.0,1.0,41.0,50.0,0.05,0.0,1.0,1.0,70.0,6.0,5.825,0.0,25.0,1.17647058823529,0.0,0.0,0.688141592920354,0.0,0.0,9.0,0.8335839837020977,0.1664160162979022,4
1389,19,18.0,11.0,1.0,15.0,0.0,7.0,25.0,4.0,1.0,41.0,50.0,0.05,0.0,1.0,1.0,70.0,6.0,5.825,0.0,25.0,1.17647058823529,0.0,0.0,0.688141592920354,0.0,0.0,0.0,0.8742274971202852,0.12577250287971473,5
1391,0,4.0,2.0,1.0,9.0,1.0,7.0,193.556,1.0,27.0,12.0,79.0,0.82,96.0,1.0,1.0,24.0,4.0,6.13392857142857,0.0,0.0,0.789473684210526,0.0,41.0,0.917268786127168,1.0,0.0,2.0,0.5593646950378577,0.44063530496214226,2
1391,1,4.0,2.0,1.0,9.0,1.0,7.0,25.0,1.0,27.0,12.0,79.0,0.82,96.0,1.0,1.0,24.0,4.0,6.13392857142857,0.0,0.0,0.789473684210526,0.0,41.0,1.0,1.0,0.0,0.0,0.8927981903895743,0.10720180961042568,3
1391,2,4.0,2.0,1.0,9.0,1.0,7.0,25.0,1.0,27.0,12.0,79.0,0.82,77.0,1.0,1.0,24.0,4.0,6.13392857142857,0.0,0.0,0.789473684210526,0.0,41.0,0.917268786127168,1.0,0.0,5.0,0.5274978430305146,0.4725021569694854,2
1391,3,4.0,2.0,1.0,9.0,1.0,7.0,25.0,1.0,27.0,12.0,79.0,0.82,0.0,1.0,1.0,24.0,4.0,337.0,0.0,0.0,0.789473684210526,0.0,41.0,1.0,1.0,0.0,0.0,0.9318379678838846,0.06816203211611539,5
1391,4,4.0,2.0,1.0,9.0,1.0,7.0,37.0,1.0,27.0,12.0,79.0,0.82,96.0,1.0,1.0,24.0,4.0,6.13392857142857,0.0,0.0,0.789473684210526,0.0,2.0,0.917268786127168,1.0,0.0,5.0,0.5318575846555376,0.4681424153444624,2
1391,5,4.0,2.0,1.0,9.0,1.0,7.0,25.0,1.0,27.0,12.0,79.0,0.82,96.0,1.0,1.0,24.0,4.0,2.3,0.0,0.0,0.789473684210526,0.0,0.0,0.917268786127168,1.0,0.0,0.0,0.9193401595202908,0.08065984047970914,4
1391,6,4.0,2.0,1.0,9.0,1.0,7.0,25.0,1.0,27.0,12.0,79.0,0.82,96.0,1.0,1.0,4.0,4.0,2.3,0.0,0.0,0.789473684210526,0.0,0.0,0.917268786127168,1.0,0.0,0.0,0.9350630534633699,0.06493694653663001,5
1391,7,4.0,2.0,1.0,9.0,1.0,7.0,193.556,1.0,27.0,12.0,79.0,0.82,96.0,1.0,1.0,24.0,4.0,6.13392857142857,0.0,0.0,0.789473684210526,0.0,41.0,1.0,1.0,0.0,5.0,0.5516548678810175,0.4483451321189825,2
1391,8,4.0,2.0,1.0,9.0,1.0,7.0,25.0,1.0,27.0,12.0,79.0,0.82,0.0,1.0,1.0,24.0,4.0,6.13392857142857,0.0,0.0,0.789473684210526,0.0,41.0,1.0,1.0,0.0,5.0,0.778867721751667,0.22113227824833306,3
1391,9,4.0,2.0,1.0,9.0,1.0,7.0,25.0,1.0,27.0,12.0,79.0,0.82,0.0,1.0,1.0,24.0,4.0,6.13392857142857,0.0,0.0,0.4,0.0,41.0,1.0,1.0,0.0,5.0,0.8416826723626856,0.15831732763731438,4
1391,10,4.0,2.0,1.0,9.0,1.0,7.0,37.0,1.0,27.0,12.0,79.0,0.82,96.0,1.0,1.0,24.0,4.0,6.13392857142857,0.0,0.0,0.789473684210526,5.0,41.0,0.917268786127168,1.0,0.0,5.0,0.5072907706539379,0.4927092293460621,2
1391,11,4.0,2.0,1.0,9.0,1.0,7.0,25.0,1.0,27.0,12.0,79.0,0.82,50.0,1.0,1.0,24.0,4.0,6.13392857142857,0.0,0.0,0.789473684210526,5.0,41.0,1.0,1.0,0.0,0.0,0.9449966626250552,0.05500333737494478,5
1391,12,4.0,2.0,1.0,9.0,1.0,7.0,1002.0,1.0,27.0,12.0,79.0,0.82,96.0,1.0,1.0,24.0,4.0,6.13392857142857,0.0,0.0,0.789473684210526,0.0,41.0,1.0,1.0,0.0,4.0,0.529670698271504,0.47032930172849596,2
1391,13,4.0,2.0,1.0,9.0,1.0,7.0,1002.0,1.0,27.0,12.0,79.0,0.82,96.0,1.0,1.0,24.0,4.0,6.13392857142857,0.0,0.0,0.789473684210526,0.0,0.0,0.917268786127168,1.0,0.0,2.0,0.5169944972610472,0.4830055027389529,2
1391,14,4.0,2.0,1.0,9.0,1.0,7.0,1002.0,1.0,27.0,12.0,79.0,0.82,96.0,1.0,1.0,24.0,4.0,6.13392857142857,0.0,0.0,0.0,0.0,0.0,1.0,1.0,0.0,0.0,0.8143380790175171,0.1856619209824829,4
1391,15,4.0,2.0,1.0,9.0,1.0,7.0,1002.0,1.0,27.0,12.0,79.0,0.82,96.0,1.0,1.0,24.0,0.0,6.13392857142857,0.0,0.0,0.0,0.0,0.0,1.0,1.0,0.0,0.0,0.836402265583777,0.16359773441622302,5
1391,16,4.0,2.0,1.0,9.0,1.0,7.0,25.0,1.0,27.0,12.0,79.0,0.31,96.0,1.0,1.0,24.0,4.0,6.13392857142857,0.0,0.0,0.789473684210526,0.0,41.0,0.917268786127168,1.0,0.0,0.0,0.8707186509858205,0.12928134901417956,3
1391,17,4.0,2.0,1.0,9.0,1.0,7.0,25.0,1.0,27.0,12.0,79.0,0.31,96.0,1.0,1.0,24.0,4.0,6.13392857142857,0.0,0.0,1.8,0.0,41.0,0.917268786127168,1.0,0.0,0.0,0.911226969007702,0.08877303099229811,4
1391,18,4.0,2.0,1.0,9.0,1.0,7.0,25.0,1.0,27.0,12.0,79.0,0.82,96.0,1.0,1.0,24.0,4.0,6.13392857142857,0.0,0.0,0.789473684210526,0.0,2.0,0.917268786127168,1.0,0.0,5.0,0.5774671719841176,0.42253282801588243,2
1391,19,4.0,2.0,1.0,9.0,1.0,7.0,25.0,1.0,27.0,12.0,79.0,0.82,96.0,1.0,1.0,24.0,4.0,6.13392857142857,0.0,0.0,0.789473684210526,5.0,2.0,0.917268786127168,1.0,0.0,5.0,0.6991944579310398,0.30080554206896015,3
1395,0,3.0,0.0,1.0,3.0,0.0,12.0,365.0,1.0,10.0,9.0,10.0,0.86,84.0,2.0,1.0,17.0,2.0,4.21739130434783,1.0,0.0,1.28,0.0,0.0,0.9,0.0,0.0,4.0,0.5931693824744106,0.40683061752558936,1
1395,1,3.0,0.0,1.0,3.0,0.0,12.0,15.0,1.0,10.0,9.0,10.0,0.86,84.0,2.0,1.0,17.0,2.0,4.21739130434783,1.0,0.0,1.28,0.0,0.0,0.514657980456026,0.0,0.0,4.0,0.5004697780510226,0.4995302219489774,1
1395,2,3.0,0.0,1.0,3.0,0.0,12.0,15.0,1.0,10.0,9.0,10.0,0.86,84.0,2.0,1.0,17.0,2.0,4.21739130434783,1.0,0.0,1.28,0.0,0.0,1.0,0.0,0.0,0.0,0.9719205932476085,0.028079406752391487,3
1395,3,3.0,0.0,1.0,3.0,0.0,12.0,15.0,1.0,10.0,9.0,10.0,29.08,84.0,2.0,1.0,17.0,2.0,4.21739130434783,1.0,0.0,1.28,0.0,0.0,1.0,0.0,0.0,0.0,0.9816563666622297,0.018343633337770383,4
1395,4,3.0,0.0,1.0,3.0,0.0,12.0,15.0,1.0,10.0,1.0,10.0,29.08,84.0,2.0,1.0,17.0,2.0,4.21739130434783,1.0,0.0,1.28,0.0,0.0,1.0,0.0,0.0,0.0,0.985339877123741,0.014660122876258942,5
1395,5,3.0,0.0,1.0,3.0,0.0,12.0,127.0,1.0,10.0,9.0,10.0,29.08,84.0,2.0,1.0,17.0,2.0,4.21739130434783,1.0,0.0,1.28,0.0,0.0,0.514657980456026,0.0,0.0,4.0,0.5012655257690486,0.4987344742309514,2
1395,6,3.0,0.0,1.0,3.0,0.0,12.0,365.0,1.0,10.0,9.0,10.0,0.86,84.0,2.0,1.0,17.0,2.0,4.21739130434783,1.0,0.0,1.28,0.0,0.0,0.514657980456026,0.0,0.0,2.0,0.5450446117818848,0.4549553882181152,1
1395,7,3.0,0.0,1.0,3.0,0.0,12.0,365.0,1.0,10.0,9.0,10.0,0.86,84.0,2.0,1.0,17.0,2.0,4.21739130434783,1.0,0.0,0.0,0.0,0.0,1.0,0.0,0.0,0.0,0.9283497091549924,0.07165029084500768,3
1395,8,3.0,0.0,1.0,3.0,0.0,12.0,365.0,1.0,10.0,1.0,10.0,0.86,84.0,2.0,1.0,17.0,2.0,4.21739130434783,1.0,0.0,0.0,0.0,0.0,1.0,0.0,0.0,0.0,0.9400036402967069,0.059996359703293124,4
1395,9,3.0,0.0,1.0,3.0,0.0,12.0,15.0,1.0,10.0,9.0,10.0,0.86,84.0,2.0,1.0,17.0,2.0,4.21739130434783,0.0,0.0,1.28,0.0,0.0,1.0,0.0,0.0,4.0,0.9095378336177157,0.09046216638228437,3
1395,10,3.0,1.0,1.0,3.0,0.0,12.0,15.0,1.0,10.0,9.0,10.0,0.86,84.0,2.0,1.0,17.0,2.0,4.21739130434783,0.0,0.0,1.28,0.0,0.0,1.0,0.0,0.0,4.0,0.9167595961074868,0.08324040389251318,4
1395,11,3.0,0.0,1.0,3.0,0.0,12.0,365.0,1.0,10.0,9.0,10.0,29.08,84.0,2.0,1.0,17.0,2.0,4.21739130434783,1.0,0.0,1.28,0.0,0.0,0.514657980456026,0.0,0.0,2.0,0.6779277162104751,0.32207228378952485,2
1395,12,3.0,0.0,1.0,3.0,0.0,12.0,37.0,1.0,10.0,9.0,10.0,29.08,84.0,2.0,1.0,17.0,2.0,4.21739130434783,1.0,0.0,1.28,0.0,0.0,0.514657980456026,0.0,0.0,2.0,0.7933941269988476,0.20660587300115246,3
1395,13,3.0,0.0,1.0,3.0,0.0,12.0,37.0,1.0,10.0,9.0,10.0,29.08,84.0,2.0,1.0,17.0,6.0,4.21739130434783,1.0,0.0,1.28,0.0,0.0,0.514657980456026,0.0,0.0,2.0,0.8584673153030419,0.1415326846969581,4
1395,14,3.0,0.0,1.0,3.0,0.0,12.0,37.0,1.0,10.0,9.0,10.0,29.08,84.0,2.0,1.0,17.0,6.0,4.21739130434783,1.0,0.0,1.28,0.0,0.0,0.514657980456026,0.0,0.0,0.0,0.8699513354703627,0.13004866452963726,4
1395,15,3.0,0.0,1.0,3.0,0.0,12.0,37.0,1.0,10.0,9.0,10.0,29.08,84.0,2.0,1.0,17.0,0.0,4.21739130434783,1.0,0.0,1.28,0.0,0.0,0.514657980456026,0.0,0.0,0.0,0.8748892774871022,0.12511072251289773,4
1395,16,3.0,0.0,1.0,3.0,0.0,12.0,37.0,1.0,10.0,9.0,10.0,0.05,84.0,2.0,1.0,17.0,0.0,4.21739130434783,1.0,0.0,1.28,0.0,0.0,0.514657980456026,0.0,0.0,0.0,0.8894776573037784,0.11052234269622169,4
1395,17,3.0,0.0,1.0,3.0,0.0,12.0,15.0,1.0,10.0,9.0,10.0,0.05,84.0,2.0,1.0,17.0,0.0,4.21739130434783,1.0,0.0,1.28,0.0,0.0,0.514657980456026,0.0,0.0,0.0,0.9090054417213459,0.09099455827865412,4
1395,18,3.0,0.0,1.0,3.0,0.0,12.0,15.0,1.0,10.0,3.0,10.0,0.05,84.0,2.0,1.0,17.0,0.0,4.21739130434783,1.0,0.0,1.28,0.0,0.0,0.514657980456026,0.0,0.0,0.0,0.9190523789311079,0.08094762106889206,5
1417,0,19.0,6.0,1.0,14.0,0.0,12.0,1215.0,1.0,45.0,28.0,12.0,0.69,93.0,2.0,2.0,39.0,3.0,5.79268292682927,0.0,0.0,1.10714285714286,0.0,0.0,1.0,0.0,0.0,4.0,0.6219125476284479,0.37808745237155206,2
1417,1,19.0,6.0,1.0,14.0,0.0,12.0,193.556,1.0,45.0,28.0,12.0,0.69,93.0,2.0,2.0,39.0,3.0,5.79268292682927,0.0,0.0,1.10714285714286,0.0,0.0,0.788707799767171,0.0,0.0,4.0,0.5272503080023621,0.47274969199763794,2
1417,2,19.0,6.0,1.0,14.0,0.0,12.0,93.111,1.0,45.0,1.0,12.0,0.69,93.0,2.0,2.0,39.0,3.0,5.79268292682927,0.0,0.0,1.10714285714286,0.0,0.0,1.0,0.0,0.0,2.0,0.9567785652500517,0.04322143474994835,4
1417,3,19.0,6.0,1.0,14.0,0.0,12.0,193.556,1.0,45.0,10.0,12.0,0.69,93.0,2.0,2.0,39.0,3.0,5.79268292682927,0.0,0.0,1.10714285714286,0.0,0.0,0.788707799767171,0.0,0.0,5.0,0.5485948262618918,0.4514051737381082,2
1417,4,19.0,6.0,1.0,14.0,0.0,12.0,93.111,1.0,45.0,1.0,12.0,29.08,93.0,2.0,2.0,39.0,3.0,5.79268292682927,0.0,0.0,1.10714285714286,0.0,0.0,1.0,0.0,0.0,0.0,0.975764641890237,0.024235358109763017,5
1417,5,19.0,6.0,1.0,14.0,0.0,12.0,25.0,1.0,45.0,1.0,12.0,29.08,93.0,2.0,2.0,39.0,3.0,5.79268292682927,0.0,0.0,1.10714285714286,0.0,0.0,1.0,0.0,0.0,0.0,0.9789197970913254,0.02108020290867461,5
1417,6,19.0,6.0,1.0,14.0,0.0,12.0,37.0,1.0,45.0,28.0,12.0,0.69,93.0,2.0,2.0,39.0,3.0,5.79268292682927,0.0,0.0,1.10714285714286,0.0,0.0,0.788707799767171,0.0,0.0,2.0,0.6529264674604823,0.34707353253951767,2
1417,7,19.0,6.0,1.0,14.0,0.0,12.0,37.0,1.0,45.0,28.0,12.0,0.05,93.0,2.0,2.0,39.0,3.0,5.79268292682927,0.0,0.0,1.10714285714286,0.0,0.0,0.788707799767171,0.0,0.0,2.0,0.8060473863642468,0.19395261363575325,3
1417,8,19.0,6.0,1.0,14.0,0.0,12.0,37.0,1.0,45.0,1.0,12.0,0.05,93.0,2.0,2.0,39.0,3.0,5.79268292682927,0.0,0.0,1.10714285714286,0.0,0.0,0.788707799767171,0.0,0.0,2.0,0.8983579247075313,0.10164207529246871,4
1417,9,19.0,6.0,1.0,14.0,0.0,12.0,37.0,1.0,45.0,1.0,12.0,0.05,93.0,2.0,2.0,39.0,1.0,5.79268292682927,0.0,0.0,1.10714285714286,0.0,0.0,0.788707799767171,0.0,0.0,2.0,0.9216137334285673,0.07838626657143268,5
1417,10,19.0,6.0,1.0,14.0,0.0,12.0,15.0,1.0,45.0,1.0,12.0,0.05,93.0,2.0,2.0,39.0,1.0,5.79268292682927,0.0,0.0,1.10714285714286,0.0,0.0,0.788707799767171,0.0,0.0,2.0,0.9347375784474818,0.0652624215525182,5
1417,11,19.0,6.0,1.0,14.0,0.0,12.0,15.0,1.0,45.0,1.0,12.0,0.05,93.0,2.0,2.0,39.0,1.0,5.79268292682927,0.0,0.0,1.10714285714286,0.0,0.0,0.788707799767171,0.0,0.0,0.0,0.9373778440988522,0.06262215590114781,5
1417,12,19.0,6.0,1.0,14.0,0.0,12.0,15.0,1.0,45.0,1.0,12.0,0.05,93.0,2.0,2.0,39.0,0.0,5.79268292682927,0.0,0.0,1.10714285714286,0.0,0.0,0.788707799767171,0.0,0.0,0.0,0.9436022081899019,0.056397791810098116,5
1417,13,19.0,6.0,1.0,14.0,0.0,12.0,1215.0,1.0,45.0,10.0,12.0,0.69,93.0,2.0,2.0,39.0,3.0,5.79268292682927,0.0,0.0,1.10714285714286,0.0,0.0,0.788707799767171,0.0,0.0,2.0,0.5865567105468114,0.41344328945318864,2
1417,14,19.0,6.0,1.0,14.0,0.0,12.0,1215.0,1.0,45.0,1.0,12.0,0.69,93.0,2.0,2.0,6.0,3.0,5.79268292682927,0.0,0.0,1.10714285714286,0.0,0.0,1.0,0.0,0.0,2.0,0.9030142017397133,0.09698579826028673,4
1417,15,19.0,6.0,1.0,14.0,0.0,12.0,1215.0,1.0,45.0,1.0,12.0,0.69,93.0,2.0,2.0,6.0,3.0,5.79268292682927,0.0,0.0,1.10714285714286,0.0,0.0,1.0,0.0,0.0,0.0,0.9210330975482317,0.07896690245176827,4
1417,16,5.0,6.0,1.0,14.0,0.0,12.0,1215.0,1.0,45.0,1.0,12.0,0.69,93.0,2.0,2.0,6.0,3.0,5.79268292682927,0.0,0.0,1.10714285714286,0.0,0.0,1.0,0.0,0.0,0.0,0.928826741111895,0.07117325888810495,5
1417,17,19.0,6.0,1.0,14.0,0.0,12.0,93.111,1.0,45.0,1.0,12.0,0.69,93.0,2.0,2.0,39.0,3.0,5.79268292682927,0.0,0.0,1.10714285714286,0.0,0.0,1.0,0.0,0.0,0.0,0.9651281786293325,0.03487182137066745,4
1417,18,19.0,6.0,1.0,14.0,0.0,12.0,25.0,1.0,45.0,1.0,12.0,0.69,93.0,2.0,2.0,39.0,3.0,5.79268292682927,0.0,0.0,1.10714285714286,0.0,0.0,1.0,0.0,0.0,0.0,0.9696249685178426,0.030375031482157377,4
1417,19,5.0,6.0,1.0,14.0,0.0,12.0,25.0,1.0,45.0,1.0,12.0,0.69,93.0,2.0,2.0,39.0,3.0,5.79268292682927,0.0,0.0,1.10714285714286,0.0,0.0,1.0,0.0,0.0,0.0,0.9722001307853045,0.027799869214695468,5
1436,0,6.0,7.0,2.0,7.0,0.0,13.0,429.0,1.0,10.0,13.0,5.0,0.46,90.0,3.0,2.0,19.0,2.0,7.10714285714286,1.0,2.0,0.0,0.0,0.0,0.598480050664978,0.0,0.0,4.0,0.607399652841361,0.39260034715863895,2
1436,1,6.0,7.0,2.0,7.0,0.0,13.0,193.556,1.0,10.0,13.0,5.0,0.46,90.0,3.0,2.0,19.0,2.0,7.10714285714286,1.0,2.0,2.2,0.0,0.0,0.598480050664978,0.0,0.0,2.0,0.5382988012465034,0.4617011987534966,2
1436,2,6.0,7.0,2.0,7.0,0.0,13.0,37.0,1.0,10.0,13.0,5.0,0.46,90.0,3.0,2.0,19.0,2.0,7.10714285714286,1.0,2.0,0.0,0.0,0.0,0.9,0.0,0.0,2.0,0.8957769733844617,0.10422302661553824,4
1436,3,6.0,7.0,2.0,7.0,0.0,13.0,37.0,1.0,10.0,13.0,5.0,0.46,90.0,3.0,2.0,19.0,2.0,7.10714285714286,1.0,2.0,0.0,0.0,0.0,0.9,0.0,0.0,0.0,0.9396338979806933,0.060366102019306686,4
1436,4,6.0,7.0,2.0,7.0,0.0,13.0,15.0,1.0,10.0,13.0,5.0,0.46,90.0,3.0,2.0,19.0,2.0,7.10714285714286,1.0,2.0,0.0,0.0,0.0,0.9,0.0,0.0,0.0,0.9637616300827029,0.03623836991729709,4
1436,5,6.0,7.0,2.0,7.0,0.0,13.0,15.0,1.0,10.0,13.0,5.0,0.46,90.0,3.0,2.0,19.0,2.0,337.0,1.0,2.0,0.0,0.0,0.0,0.9,0.0,0.0,0.0,0.9729709085090903,0.027029091490909752,5
1436,6,6.0,7.0,2.0,7.0,0.0,13.0,429.0,1.0,10.0,13.0,5.0,0.46,90.0,3.0,2.0,19.0,2.0,6.0,1.0,2.0,2.2,0.0,0.0,0.598480050664978,0.0,0.0,2.0,0.5173455387376484,0.4826544612623516,2
1436,7,6.0,7.0,2.0,7.0,0.0,13.0,193.556,1.0,10.0,13.0,5.0,0.46,90.0,3.0,2.0,19.0,2.0,2.3,1.0,2.0,2.2,0.0,0.0,0.598480050664978,0.0,0.0,2.0,0.7422199260575579,0.2577800739424421,3
1436,8,6.0,7.0,2.0,7.0,0.0,9.0,193.556,1.0,10.0,13.0,5.0,0.46,90.0,3.0,2.0,19.0,2.0,2.3,1.0,2.0,2.2,0.0,0.0,0.598480050664978,0.0,0.0,2.0,0.7734842015604635,0.2265157984395365,4
1436,9,6.0,7.0,2.0,7.0,0.0,13.0,429.0,1.0,10.0,13.0,5.0,0.46,90.0,2.0,2.0,19.0,2.0,7.10714285714286,1.0,2.0,0.0,0.0,0.0,0.598480050664978,0.0,0.0,2.0,0.8234515562080794,0.17654844379192058,3
1436,10,6.0,7.0,2.0,7.0,0.0,13.0,429.0,1.0,10.0,13.0,5.0,0.46,90.0,2.0,2.0,19.0,2.0,337.0,1.0,2.0,0.0,0.0,0.0,0.598480050664978,0.0,0.0,2.0,0.8878042173594674,0.11219578264053268,4
1436,11,6.0,7.0,2.0,7.0,0.0,13.0,429.0,1.0,10.0,13.0,5.0,0.46,90.0,2.0,2.0,19.0,2.0,337.0,0.0,2.0,0.0,0.0,0.0,0.598480050664978,0.0,0.0,2.0,0.9131168959778097,0.08688310402219034,5
1436,12,6.0,7.0,2.0,7.0,0.0,13.0,429.0,1.0,10.0,13.0,5.0,0.46,90.0,2.0,2.0,19.0,2.0,337.0,0.0,2.0,0.0,0.0,0.0,0.598480050664978,0.0,0.0,0.0,0.9193966801154801,0.0806033198845199,5
1436,13,6.0,7.0,2.0,7.0,0.0,13.0,37.0,1.0,10.0,13.0,5.0,0.46,90.0,3.0,2.0,19.0,2.0,337.0,1.0,2.0,0.0,0.0,0.0,0.598480050664978,0.0,0.0,2.0,0.8825629336976952,0.11743706630230476,4
1436,14,6.0,7.0,2.0,7.0,0.0,13.0,37.0,1.0,10.0,13.0,5.0,0.46,90.0,2.0,2.0,19.0,2.0,337.0,1.0,2.0,0.0,0.0,0.0,0.598480050664978,0.0,0.0,2.0,0.8894744518295397,0.11052554817046029,5
1436,15,6.0,7.0,2.0,7.0,0.0,13.0,37.0,1.0,10.0,13.0,5.0,0.46,90.0,2.0,2.0,19.0,2.0,337.0,1.0,2.0,0.0,0.0,0.0,0.598480050664978,0.0,0.0,0.0,0.9124073701782718,0.08759262982172819,5
1436,16,6.0,7.0,2.0,7.0,0.0,13.0,15.0,1.0,10.0,13.0,5.0,0.46,90.0,2.0,2.0,19.0,2.0,337.0,1.0,2.0,0.0,0.0,0.0,0.598480050664978,0.0,0.0,0.0,0.9177165936411674,0.08228340635883259,5
1436,17,6.0,7.0,2.0,7.0,0.0,13.0,127.0,1.0,10.0,13.0,5.0,0.46,90.0,3.0,2.0,19.0,2.0,7.10714285714286,1.0,2.0,0.0,0.0,0.0,0.598480050664978,0.0,0.0,6.0,0.5187352560191495,0.4812647439808505,2
1436,18,6.0,7.0,2.0,7.0,0.0,13.0,15.0,1.0,10.0,13.0,5.0,0.46,90.0,7.0,2.0,19.0,2.0,7.10714285714286,1.0,2.0,0.0,0.0,0.0,0.598480050664978,0.0,0.0,6.0,0.7885027431245061,0.21149725687549392,3
1436,19,6.0,7.0,2.0,7.0,0.0,13.0,15.0,1.0,10.0,13.0,5.0,0.46,90.0,7.0,2.0,19.0,2.0,7.10714285714286,1.0,2.0,0.0,0.0,0.0,0.9,0.0,0.0,6.0,0.8431323648914202,0.15686763510857984,4
1464,0,5.0,0.0,1.0,6.0,0.0,12.0,340.0,1.0,6.0,19.0,11.0,0.7,87.0,1.0,0.0,15.0,1.0,8.45454545454546,1.0,1.0,1.54166666666667,0.0,0.0,0.9,0.0,0.0,3.0,0.5258757977156232,0.47412420228437685,1
1464,1,5.0,0.0,1.0,6.0,0.0,12.0,340.0,1.0,6.0,1.0,11.0,0.7,87.0,1.0,0.0,15.0,1.0,8.45454545454546,1.0,1.0,1.54166666666667,0.0,0.0,0.477035490605428,0.0,0.0,3.0,0.5701486743274826,0.4298513256725174,1
1464,2,5.0,0.0,1.0,6.0,0.0,12.0,15.0,1.0,6.0,1.0,11.0,0.7,87.0,1.0,0.0,15.0,1.0,8.45454545454546,1.0,1.0,1.54166666666667,0.0,0.0,1.0,0.0,0.0,3.0,0.9503492195429054,0.049650780457094555,3
1464,3,5.0,0.0,1.0,6.0,0.0,12.0,15.0,1.0,6.0,1.0,11.0,0.7,87.0,1.0,0.0,15.0,1.0,8.45454545454546,1.0,1.0,1.54166666666667,0.0,0.0,1.0,0.0,0.0,0.0,0.9752661045846297,0.02473389541537026,4
1464,4,5.0,0.0,1.0,6.0,0.0,12.0,15.0,1.0,6.0,1.0,25.0,0.7,87.0,1.0,0.0,15.0,1.0,8.45454545454546,1.0,1.0,1.54166666666667,0.0,0.0,1.0,0.0,0.0,0.0,0.9798994793946914,0.020100520605308644,5
1464,5,5.0,0.0,1.0,6.0,0.0,12.0,15.0,1.0,6.0,19.0,11.0,0.7,87.0,1.0,0.0,15.0,1.0,8.45454545454546,1.0,1.0,1.54166666666667,0.0,0.0,1.0,0.0,0.0,3.0,0.8447302327802202,0.15526976721977986,2
1464,6,5.0,0.0,1.0,6.0,0.0,12.0,340.0,1.0,6.0,19.0,11.0,0.7,87.0,1.0,0.0,15.0,1.0,8.45454545454546,1.0,1.0,1.54166666666667,0.0,0.0,0.477035490605428,0.0,0.0,0.0,0.5289471659246004,0.47105283407539955,1
1464,7,5.0,0.0,1.0,6.0,0.0,12.0,15.0,1.0,6.0,19.0,11.0,0.7,87.0,2.0,0.0,15.0,1.0,8.45454545454546,1.0,1.0,1.54166666666667,0.0,0.0,1.0,0.0,0.0,0.0,0.9629279485951178,0.03707205140488226,4
1464,8,5.0,0.0,1.0,6.0,0.0,12.0,340.0,1.0,6.0,19.0,11.0,0.7,87.0,1.0,0.0,15.0,1.0,8.45454545454546,1.0,1.0,1.54166666666667,0.0,0.0,1.0,0.0,0.0,0.0,0.793456136127126,0.20654386387287405,2
1464,9,5.0,0.0,1.0,6.0,0.0,12.0,340.0,1.0,6.0,19.0,11.0,0.05,87.0,1.0,0.0,15.0,1.0,8.45454545454546,1.0,1.0,1.54166666666667,0.0,0.0,1.0,0.0,0.0,0.0,0.8777345808136722,0.12226541918632781,3
1464,10,5.0,0.0,1.0,6.0,0.0,12.0,340.0,1.0,6.0,19.0,2.0,0.05,87.0,1.0,0.0,15.0,1.0,8.45454545454546,1.0,1.0,1.54166666666667,0.0,0.0,1.0,0.0,0.0,0.0,0.9130214994988034,0.08697850050119663,4
1464,11,5.0,0.0,1.0,6.0,62.0,12.0,340.0,1.0,6.0,19.0,2.0,0.05,87.0,1.0,0.0,15.0,1.0,8.45454545454546,1.0,1.0,1.54166666666667,0.0,0.0,1.0,0.0,0.0,0.0,0.9238376404700376,0.07616235952996245,5
1464,12,5.0,0.0,1.0,6.0,0.0,12.0,93.111,1.0,6.0,19.0,11.0,0.05,87.0,1.0,0.0,15.0,1.0,8.45454545454546,1.0,1.0,1.54166666666667,0.0,0.0,0.477035490605428,0.0,0.0,3.0,0.5410260097924557,0.45897399020754426,2
1464,13,5.0,0.0,1.0,6.0,0.0,12.0,15.0,1.0,6.0,19.0,11.0,0.05,87.0,1.0,0.0,15.0,1.0,8.45454545454546,1.0,1.0,1.54166666666667,0.0,0.0,1.0,0.0,0.0,0.0,0.9840772650032528,0.015922734996747262,4
1464,14,5.0,0.0,1.0,6.0,0.0,12.0,15.0,1.0,6.0,19.0,25.0,0.05,87.0,1.0,0.0,15.0,1.0,8.45454545454546,1.0,1.0,1.54166666666667,0.0,0.0,1.0,0.0,0.0,0.0,0.986595755615288,0.013404244384712,5
1464,15,5.0,0.0,1.0,6.0,0.0,12.0,340.0,1.0,6.0,1.0,11.0,0.7,87.0,1.0,0.0,15.0,1.0,8.45454545454546,1.0,1.0,1.54166666666667,0.0,0.0,0.477035490605428,0.0,0.0,0.0,0.7314653934280224,0.26853460657197764,2
1464,16,5.0,0.0,1.0,6.0,0.0,12.0,340.0,1.0,6.0,1.0,11.0,0.7,87.0,1.0,0.0,15.0,0.0,8.45454545454546,1.0,1.0,1.54166666666667,0.0,0.0,0.477035490605428,0.0,0.0,0.0,0.7527582440571449,0.24724175594285516,3
1464,17,5.0,4.0,1.0,6.0,0.0,12.0,340.0,1.0,6.0,1.0,11.0,0.7,87.0,1.0,0.0,15.0,0.0,8.45454545454546,1.0,1.0,1.54166666666667,0.0,0.0,0.477035490605428,0.0,0.0,0.0,0.7709684462894982,0.22903155371050177,4
1464,18,5.0,0.0,2.0,6.0,0.0,12.0,340.0,1.0,6.0,1.0,11.0,0.7,87.0,1.0,0.0,15.0,1.0,8.45454545454546,1.0,1.0,1.54166666666667,0.0,0.0,1.0,0.0,0.0,3.0,0.9035673489580074,0.09643265104199258,3
1468,0,35.0,2.0,2.0,30.0,0.0,12.0,193.556,1.0,17.0,63.0,54.0,0.6,96.0,1.0,0.0,56.0,6.0,7.27777777777778,0.0,1.0,1.58181818181818,0.0,13.0,1.0,1.0,0.0,9.0,0.5684602901652347,0.43153970983476525,2
1468,1,35.0,2.0,2.0,30.0,0.0,12.0,71.0,1.0,17.0,63.0,54.0,0.6,96.0,1.0,0.0,56.0,6.0,7.27777777777778,0.0,1.0,1.58181818181818,0.0,13.0,1.0,1.0,0.0,0.0,0.825278120730642,0.17472187926935803,3
1468,2,35.0,2.0,2.0,30.0,0.0,12.0,193.556,1.0,17.0,63.0,54.0,0.6,96.0,1.0,0.0,56.0,6.0,7.27777777777778,0.0,25.0,1.58181818181818,0.0,13.0,0.751441048034935,1.0,0.0,0.0,0.5258355446072518,0.47416445539274815,3
1468,3,35.0,2.0,2.0,30.0,0.0,12.0,127.0,1.0,17.0,63.0,25.0,0.6,96.0,1.0,0.0,56.0,6.0,7.27777777777778,0.0,25.0,1.58181818181818,0.0,13.0,0.751441048034935,1.0,0.0,9.0,0.5186620765731585,0.48133792342684145,3
1468,4,35.0,2.0,2.0,30.0,0.0,12.0,71.0,1.0,17.0,63.0,13.0,0.6,96.0,1.0,0.0,56.0,6.0,7.27777777777778,0.0,1.0,1.58181818181818,0.0,13.0,1.0,1.0,0.0,9.0,0.7303927635888685,0.26960723641113155,3
1468,5,35.0,2.0,2.0,30.0,0.0,12.0,71.0,1.0,17.0,63.0,13.0,0.6,96.0,1.0,0.0,56.0,6.0,7.27777777777778,0.0,1.0,1.58181818181818,0.0,2.0,1.0,1.0,0.0,9.0,0.7924976145559661,0.20750238544403382,4
1468,6,35.0,2.0,2.0,1.0,0.0,12.0,71.0,1.0,17.0,63.0,13.0,0.6,96.0,1.0,0.0,56.0,6.0,7.27777777777778,0.0,1.0,1.58181818181818,0.0,2.0,1.0,1.0,0.0,9.0,0.863343959276376,0.13665604072362403,5
1468,7,35.0,2.0,2.0,30.0,0.0,12.0,1843.0,1.0,17.0,63.0,54.0,0.6,96.0,1.0,0.0,56.0,6.0,7.27777777777778,0.0,1.0,1.58181818181818,0.0,13.0,1.0,1.0,0.0,1.0,0.5149937917554618,0.4850062082445382,2
1468,8,35.0,2.0,2.0,30.0,0.0,12.0,1843.0,1.0,17.0,63.0,54.0,0.6,96.0,1.0,0.0,56.0,6.0,2.3,0.0,1.0,1.58181818181818,0.0,13.0,1.0,1.0,0.0,0.0,0.7708947133203964,0.2291052866796036,3
1468,9,35.0,2.0,2.0,30.0,0.0,12.0,1843.0,1.0,17.0,63.0,9.0,0.6,96.0,1.0,0.0,56.0,6.0,2.3,0.0,1.0,1.58181818181818,0.0,13.0,1.0,1.0,0.0,0.0,0.8319512323543508,0.16804876764564927,4
1468,10,5.0,2.0,2.0,30.0,0.0,12.0,1843.0,1.0,17.0,63.0,13.0,0.6,96.0,1.0,0.0,56.0,6.0,7.27777777777778,0.0,1.0,1.58181818181818,0.0,13.0,1.0,1.0,0.0,9.0,0.520331489408933,0.47966851059106697,3
1468,11,0.0,2.0,2.0,30.0,0.0,12.0,1843.0,1.0,17.0,63.0,9.0,0.6,96.0,1.0,0.0,56.0,6.0,3.0,0.0,1.0,1.58181818181818,0.0,13.0,1.0,1.0,0.0,0.0,0.874924062206702,0.12507593779329795,5
1468,12,35.0,2.0,2.0,30.0,0.0,12.0,93.111,1.0,17.0,63.0,13.0,0.6,96.0,1.0,0.0,56.0,6.0,7.27777777777778,0.0,1.0,1.58181818181818,0.0,13.0,0.751441048034935,1.0,0.0,2.0,0.5180492425298493,0.48195075747015076,3
1468,13,35.0,2.0,2.0,30.0,0.0,12.0,71.0,1.0,17.0,63.0,7.0,0.6,96.0,1.0,0.0,21.0,6.0,7.27777777777778,0.0,1.0,1.58181818181818,0.0,13.0,1.0,1.0,0.0,0.0,0.9047393513604688,0.09526064863953118,5
1468,14,0.0,2.0,2.0,30.0,0.0,12.0,71.0,1.0,17.0,63.0,54.0,0.6,96.0,1.0,0.0,56.0,6.0,7.27777777777778,0.0,1.0,1.58181818181818,0.0,13.0,1.0,1.0,0.0,0.0,0.8760646323051342,0.1239353676948658,4
1468,15,35.0,2.0,2.0,1.0,0.0,12.0,193.556,1.0,17.0,63.0,54.0,0.6,96.0,1.0,0.0,56.0,6.0,7.27777777777778,0.0,1.0,1.58181818181818,0.0,13.0,0.751441048034935,1.0,0.0,0.0,0.5150530009443484,0.48494699905565164,3
1468,16,35.0,2.0,2.0,1.0,0.0,12.0,193.556,1.0,17.0,63.0,7.0,0.6,96.0,1.0,0.0,56.0,6.0,7.27777777777778,0.0,1.0,1.58181818181818,0.0,13.0,0.751441048034935,1.0,0.0,9.0,0.5423022269247157,0.4576977730752842,3
1468,17,35.0,2.0,2.0,2.0,0.0,12.0,127.0,1.0,17.0,63.0,9.0,0.6,96.0,1.0,0.0,56.0,6.0,7.27777777777778,0.0,1.0,1.58181818181818,0.0,13.0,0.751441048034935,1.0,0.0,9.0,0.5039121370652884,0.4960878629347117,3
1468,18,35.0,2.0,2.0,30.0,0.0,12.0,1843.0,1.0,17.0,63.0,13.0,0.6,96.0,1.0,0.0,56.0,6.0,7.27777777777778,0.0,25.0,1.58181818181818,0.0,13.0,1.0,1.0,0.0,9.0,0.5672556555604056,0.4327443444395945,3
1468,19,35.0,2.0,2.0,30.0,0.0,12.0,1843.0,1.0,17.0,63.0,9.0,0.6,77.0,1.0,0.0,56.0,6.0,7.27777777777778,0.0,1.0,1.58181818181818,0.0,13.0,1.0,1.0,0.0,9.0,0.5271079614448597,0.4728920385551403,3
1469,0,0.0,0.0,1.0,0.0,0.0,2.0,185.0,1.0,0.0,1.0,39.0,0.85,97.0,1.0,0.0,19.0,3.0,0.692307692307692,0.0,0.0,0.341463414634146,0.0,0.0,0.9,0.0,0.0,4.0,0.6589475038862718,0.34105249611372823,1
1469,1,0.0,0.0,1.0,0.0,0.0,2.0,185.0,1.0,0.0,1.0,39.0,0.85,97.0,1.0,0.0,19.0,3.0,0.692307692307692,0.0,0.0,0.341463414634146,0.0,0.0,0.641975308641975,0.0,0.0,1.0,0.599178621665444,0.40082137833455594,1
1469,2,0.0,0.0,1.0,0.0,0.0,2.0,25.0,1.0,0.0,1.0,39.0,0.85,97.0,1.0,0.0,19.0,3.0,0.692307692307692,0.0,0.0,0.341463414634146,0.0,0.0,1.0,0.0,0.0,0.0,0.9560587670183769,0.04394123298162312,3
1469,3,0.0,0.0,1.0,0.0,0.0,2.0,25.0,1.0,0.0,1.0,13.0,0.85,97.0,1.0,0.0,19.0,3.0,0.692307692307692,0.0,0.0,0.341463414634146,0.0,0.0,1.0,0.0,0.0,0.0,0.9769495171518744,0.023050482848125577,4
1469,4,0.0,0.0,1.0,0.0,0.0,2.0,25.0,1.0,0.0,1.0,13.0,0.85,97.0,1.0,0.0,19.0,3.0,0.692307692307692,2.0,0.0,0.341463414634146,0.0,0.0,1.0,0.0,0.0,0.0,0.985673437753469,0.014326562246530998,5
1469,5,0.0,0.0,1.0,0.0,0.0,2.0,185.0,1.0,93.0,1.0,39.0,0.85,97.0,1.0,0.0,19.0,3.0,0.692307692307692,0.0,0.0,0.341463414634146,0.0,0.0,1.0,0.0,0.0,0.0,0.9617206012503593,0.03827939874964074,3
1469,6,0.0,0.0,1.0,0.0,0.0,2.0,185.0,1.0,93.0,1.0,39.0,0.85,66.0,1.0,0.0,19.0,3.0,0.692307692307692,0.0,0.0,0.341463414634146,0.0,0.0,1.0,0.0,0.0,0.0,0.9668032765621615,0.0331967234378385,4
1469,7,0.0,0.0,1.0,0.0,0.0,2.0,185.0,1.0,93.0,1.0,39.0,0.85,66.0,1.0,0.0,19.0,3.0,0.692307692307692,2.0,0.0,0.341463414634146,0.0,0.0,1.0,0.0,0.0,0.0,0.972431554861719,0.0275684451382811,5
1469,8,0.0,0.0,1.0,0.0,0.0,2.0,185.0,1.0,0.0,1.0,39.0,0.85,97.0,1.0,0.0,19.0,3.0,0.692307692307692,2.0,0.0,0.341463414634146,0.0,0.0,0.641975308641975,0.0,0.0,4.0,0.540365848263814,0.45963415173618605,1
1469,9,0.0,0.0,1.0,0.0,0.0,2.0,185.0,1.0,0.0,1.0,13.0,0.85,97.0,1.0,0.0,19.0,3.0,0.692307692307692,2.0,0.0,0.341463414634146,0.0,0.0,1.0,0.0,0.0,4.0,0.9157476007448285,0.08425239925517147,3
1469,10,0.0,0.0,1.0,0.0,0.0,2.0,185.0,1.0,0.0,1.0,13.0,0.85,97.0,1.0,0.0,19.0,2.0,0.692307692307692,0.0,0.0,0.341463414634146,0.0,0.0,0.641975308641975,0.0,0.0,4.0,0.5084622195892436,0.4915377804107564,2
1469,11,0.0,0.0,1.0,0.0,0.0,2.0,185.0,1.0,0.0,1.0,13.0,0.85,97.0,1.0,0.0,19.0,6.0,0.692307692307692,2.0,0.0,0.4,0.0,0.0,1.0,0.0,0.0,4.0,0.9335352564003736,0.06646474359962636,5
1469,12,0.0,0.0,1.0,0.0,0.0,2.0,185.0,1.0,0.0,1.0,39.0,0.85,97.0,1.0,0.0,19.0,3.0,0.692307692307692,0.0,0.0,0.341463414634146,0.0,0.0,0.641975308641975,0.0,0.0,0.0,0.6701578876213035,0.3298421123786965,1
1469,13,0.0,0.0,1.0,0.0,0.0,2.0,185.0,1.0,0.0,1.0,7.0,0.85,97.0,1.0,0.0,19.0,3.0,0.692307692307692,0.0,0.0,0.341463414634146,0.0,0.0,0.641975308641975,0.0,0.0,4.0,0.5699527041124726,0.4300472958875274,1
1469,14,0.0,0.0,1.0,0.0,0.0,2.0,185.0,1.0,0.0,1.0,0.0,0.85,97.0,1.0,0.0,19.0,3.0,0.692307692307692,337.0,0.0,0.341463414634146,0.0,0.0,0.641975308641975,0.0,0.0,0.0,0.8724923951340733,0.12750760486592677,3
1469,15,0.0,0.0,1.0,0.0,0.0,2.0,185.0,1.0,0.0,1.0,0.0,0.85,97.0,1.0,0.0,19.0,6.0,0.692307692307692,337.0,0.0,0.341463414634146,0.0,0.0,0.641975308641975,0.0,0.0,0.0,0.899177726700607,0.10082227329939293,4
1469,16,0.0,0.0,1.0,0.0,0.0,2.0,37.0,1.0,0.0,1.0,0.0,0.85,97.0,1.0,0.0,19.0,6.0,0.692307692307692,337.0,0.0,0.341463414634146,0.0,0.0,0.641975308641975,0.0,0.0,0.0,0.9081048645132481,0.09189513548675193,5
1469,17,0.0,0.0,1.0,0.0,0.0,2.0,37.0,1.0,0.0,1.0,13.0,0.85,97.0,1.0,0.0,19.0,6.0,0.692307692307692,337.0,0.0,0.341463414634146,0.0,0.0,0.641975308641975,0.0,0.0,0.0,0.9209041559254146,0.07909584407458534,5
1469,18,0.0,0.0,1.0,0.0,0.0,2.0,37.0,1.0,0.0,1.0,13.0,0.85,97.0,1.0,0.0,19.0,2.0,0.692307692307692,337.0,0.0,0.341463414634146,0.0,0.0,0.641975308641975,0.0,0.0,0.0,0.9228430118418034,0.0771569881581966,5
1469,19,0.0,0.0,1.0,0.0,0.0,2.0,185.0,1.0,0.0,1.0,39.0,29.08,97.0,1.0,0.0,19.0,3.0,0.692307692307692,0.0,0.0,0.341463414634146,0.0,0.0,0.641975308641975,0.0,0.0,4.0,0.5091185262321855,0.49088147376781455,1
1472,0,25.0,0.0,1.0,26.0,0.0,7.0,193.556,1.0,2.0,28.0,48.0,0.43,94.0,1.0,0.0,43.0,5.0,5.50666666666667,0.0,1.0,0.91025641025641,0.0,4.0,1.0,1.0,0.0,8.0,0.5976637728451385,0.4023362271548615,2
1472,1,25.0,0.0,1.0,26.0,0.0,7.0,93.111,1.0,2.0,28.0,48.0,0.43,94.0,1.0,0.0,43.0,5.0,5.50666666666667,0.0,1.0,0.91025641025641,0.0,4.0,1.0,1.0,0.0,0.0,0.9239557501868984,0.07604424981310162,3
1472,2,25.0,0.0,1.0,26.0,0.0,7.0,93.111,1.0,2.0,28.0,48.0,0.43,94.0,1.0,0.0,43.0,5.0,5.50666666666667,0.0,2.0,0.91025641025641,0.0,4.0,0.383961566888396,1.0,0.0,0.0,0.5256532040852864,0.47434679591471357,3
1472,3,25.0,0.0,1.0,26.0,0.0,7.0,93.111,1.0,2.0,28.0,25.0,0.43,94.0,1.0,0.0,43.0,5.0,5.50666666666667,0.0,25.0,0.91025641025641,0.0,4.0,0.383961566888396,1.0,0.0,8.0,0.5799557230476784,0.42004427695232166,3
1472,4,25.0,0.0,1.0,26.0,0.0,7.0,93.111,1.0,2.0,28.0,48.0,0.43,94.0,1.0,0.0,43.0,5.0,5.50666666666667,0.0,1.0,0.0,0.0,4.0,0.383961566888396,1.0,0.0,0.0,0.5450190282971005,0.45498097170289953,3
1472,5,25.0,0.0,1.0,26.0,0.0,7.0,93.111,1.0,2.0,28.0,25.0,0.43,94.0,1.0,0.0,43.0,5.0,5.50666666666667,0.0,1.0,0.0,0.0,4.0,1.0,1.0,0.0,0.0,0.9693742056448535,0.03062579435514641,5
1472,6,25.0,0.0,1.0,26.0,0.0,7.0,71.0,1.0,2.0,28.0,25.0,0.43,94.0,1.0,0.0,43.0,5.0,5.50666666666667,0.0,1.0,0.0,0.0,4.0,1.0,1.0,0.0,0.0,0.9707382203603179,0.029261779639682184,5
1472,7,5.0,0.0,1.0,26.0,0.0,7.0,93.111,1.0,2.0,28.0,48.0,0.43,94.0,1.0,0.0,43.0,5.0,5.50666666666667,0.0,1.0,0.91025641025641,0.0,4.0,0.383961566888396,1.0,0.0,0.0,0.5082293106063736,0.49177068939362645,3
1472,8,25.0,0.0,1.0,26.0,0.0,7.0,93.111,1.0,2.0,28.0,13.0,0.43,94.0,1.0,0.0,43.0,5.0,5.50666666666667,0.0,1.0,0.91025641025641,0.0,4.0,0.383961566888396,1.0,0.0,4.0,0.5359852820693688,0.4640147179306312,3
1472,9,25.0,0.0,1.0,26.0,0.0,7.0,93.111,1.0,2.0,28.0,48.0,0.43,94.0,1.0,0.0,43.0,5.0,5.50666666666667,0.0,25.0,0.91025641025641,0.0,4.0,1.0,1.0,0.0,8.0,0.9010216177472448,0.09897838225275521,3
1472,10,25.0,0.0,1.0,26.0,0.0,7.0,93.111,1.0,2.0,28.0,13.0,0.43,94.0,1.0,0.0,43.0,5.0,5.50666666666667,0.0,25.0,0.91025641025641,0.0,4.0,1.0,1.0,0.0,8.0,0.9356824349884483,0.06431756501155173,4
1472,11,5.0,0.0,1.0,26.0,0.0,7.0,93.111,1.0,2.0,28.0,13.0,0.43,94.0,1.0,0.0,43.0,5.0,5.50666666666667,0.0,25.0,0.91025641025641,0.0,4.0,1.0,1.0,0.0,8.0,0.9393491738467784,0.06065082615322159,5
1472,12,25.0,0.0,1.0,26.0,0.0,7.0,93.111,1.0,2.0,28.0,48.0,0.31,94.0,1.0,0.0,43.0,5.0,5.50666666666667,0.0,1.0,0.91025641025641,0.0,4.0,0.383961566888396,1.0,0.0,0.0,0.515897265312062,0.48410273468793796,3
1472,13,25.0,0.0,1.0,26.0,0.0,7.0,25.0,1.0,2.0,28.0,7.0,0.05,94.0,1.0,0.0,43.0,5.0,5.50666666666667,0.0,1.0,0.91025641025641,0.0,4.0,0.383961566888396,1.0,0.0,0.0,0.6404332730346411,0.35956672696535885,4
1472,14,25.0,0.0,1.0,1.0,0.0,7.0,71.0,1.0,2.0,28.0,7.0,0.43,94.0,1.0,0.0,43.0,5.0,5.50666666666667,0.0,1.0,0.91025641025641,0.0,4.0,0.383961566888396,1.0,0.0,8.0,0.5073861308982364,0.4926138691017636,3
1472,15,25.0,0.0,1.0,0.0,0.0,7.0,25.0,1.0,2.0,28.0,7.0,0.05,94.0,1.0,0.0,43.0,5.0,5.50666666666667,0.0,1.0,0.91025641025641,0.0,4.0,0.383961566888396,1.0,0.0,1.0,0.8405302329107296,0.15946976708927044,5
1472,16,25.0,0.0,1.0,0.0,0.0,7.0,37.0,1.0,2.0,28.0,7.0,0.05,94.0,1.0,0.0,43.0,5.0,5.50666666666667,0.0,1.0,0.91025641025641,0.0,4.0,0.383961566888396,1.0,0.0,1.0,0.8511611114966657,0.14883888850333427,5
1472,17,25.0,0.0,1.0,321.0,0.0,7.0,93.111,1.0,2.0,28.0,48.0,0.43,94.0,1.0,0.0,43.0,5.0,5.50666666666667,0.0,1.0,0.91025641025641,0.0,4.0,0.383961566888396,1.0,0.0,0.0,0.5033346586481238,0.49666534135187623,3
1472,18,25.0,0.0,1.0,321.0,0.0,7.0,93.111,1.0,2.0,28.0,13.0,0.43,94.0,1.0,0.0,43.0,5.0,5.50666666666667,0.0,1.0,0.91025641025641,0.0,4.0,1.0,1.0,0.0,0.0,0.9414681446007406,0.05853185539925938,5
1472,19,25.0,0.0,1.0,0.0,0.0,7.0,93.111,1.0,2.0,28.0,13.0,0.43,94.0,1.0,0.0,43.0,5.0,5.50666666666667,0.0,1.0,0.91025641025641,0.0,4.0,1.0,1.0,0.0,0.0,0.9494706238759638,0.05052937612403619,5
1491,0,12.0,3.0,1.0,14.0,0.0,7.0,93.111,2.0,14.0,31.0,71.0,0.64,94.0,3.0,1.0,48.0,3.0,5.18,0.0,1.0,1.14563106796116,0.0,1.0,1.0,1.0,0.0,6.0,0.5424002779465094,0.4575997220534906,2
1491,1,12.0,3.0,1.0,14.0,0.0,7.0,25.0,2.0,14.0,31.0,71.0,0.64,94.0,3.0,1.0,48.0,3.0,3.0,0.0,1.0,1.14563106796116,0.0,1.0,1.0,1.0,0.0,6.0,0.7793619129032876,0.2206380870967124,3
1491,2,12.0,3.0,1.0,14.0,0.0,7.0,37.0,2.0,14.0,31.0,71.0,0.64,94.0,3.0,1.0,48.0,3.0,5.18,0.0,1.0,1.14563106796116,0.0,1.0,0.928775948460988,1.0,0.0,1.0,0.5198646834068079,0.48013531659319214,2
1491,3,12.0,3.0,1.0,14.0,0.0,7.0,25.0,2.0,14.0,31.0,71.0,0.64,94.0,0.0,1.0,48.0,3.0,3.0,0.0,1.0,1.14563106796116,0.0,1.0,1.0,1.0,0.0,1.0,0.9517537605264264,0.0482462394735736,5
1491,4,12.0,3.0,1.0,14.0,0.0,7.0,193.556,2.0,14.0,31.0,71.0,0.64,94.0,1.0,1.0,48.0,3.0,5.18,0.0,1.0,1.14563106796116,0.0,1.0,0.928775948460988,1.0,0.0,2.0,0.586325793718179,0.413674206281821,3
1491,5,12.0,3.0,1.0,14.0,0.0,7.0,93.111,2.0,14.0,31.0,71.0,0.64,94.0,0.0,1.0,48.0,3.0,3.0,0.0,1.0,1.14563106796116,0.0,1.0,1.0,1.0,0.0,0.0,0.9765872043550552,0.023412795644944827,5
1491,6,12.0,3.0,1.0,14.0,0.0,7.0,93.111,2.0,14.0,31.0,71.0,0.64,94.0,0.0,1.0,48.0,3.0,2.3,0.0,1.0,1.14563106796116,0.0,1.0,1.0,1.0,0.0,0.0,0.976800165806711,0.023199834193288946,5
1491,7,12.0,3.0,1.0,14.0,0.0,3.0,127.0,2.0,14.0,31.0,71.0,0.64,94.0,3.0,1.0,48.0,3.0,3.0,0.0,1.0,1.14563106796116,0.0,1.0,0.928775948460988,1.0,0.0,6.0,0.5399724261605041,0.46002757383949583,3
1491,8,12.0,3.0,1.0,14.0,0.0,9.0,52.0,2.0,14.0,31.0,71.0,0.64,94.0,3.0,1.0,48.0,3.0,5.18,0.0,25.0,1.14563106796116,0.0,1.0,0.928775948460988,1.0,0.0,6.0,0.5089333695154781,0.49106663048452187,3
1491,9,12.0,3.0,1.0,14.0,0.0,0.0,52.0,2.0,14.0,31.0,71.0,0.64,94.0,3.0,1.0,48.0,3.0,3.0,0.0,25.0,1.14563106796116,0.0,1.0,1.0,1.0,0.0,6.0,0.8776501527994186,0.12234984720058137,5
1491,10,12.0,3.0,1.0,14.0,0.0,7.0,25.0,2.0,14.0,31.0,71.0,0.64,94.0,3.0,1.0,48.0,3.0,5.18,0.0,1.0,1.14563106796116,0.0,1.0,0.928775948460988,1.0,0.0,1.0,0.5657446667119475,0.4342553332880525,2
1491,11,12.0,3.0,1.0,14.0,0.0,7.0,25.0,2.0,14.0,31.0,71.0,0.64,94.0,0.0,1.0,48.0,3.0,5.18,0.0,1.0,1.14563106796116,0.0,1.0,0.928775948460988,1.0,0.0,1.0,0.8275719605282007,0.17242803947179927,3
1491,12,12.0,3.0,1.0,14.0,0.0,7.0,25.0,2.0,14.0,31.0,13.0,0.64,94.0,0.0,1.0,48.0,3.0,5.18,0.0,1.0,1.14563106796116,0.0,1.0,0.928775948460988,1.0,0.0,1.0,0.8694532559581322,0.13054674404186783,4
1491,13,12.0,3.0,1.0,14.0,0.0,7.0,25.0,2.0,14.0,31.0,13.0,0.64,94.0,0.0,1.0,48.0,3.0,5.18,0.0,1.0,1.14563106796116,0.0,1.0,0.928775948460988,1.0,0.0,0.0,0.8812323434906972,0.11876765650930281,4
1491,14,12.0,3.0,1.0,14.0,0.0,7.0,25.0,2.0,14.0,31.0,13.0,0.64,94.0,0.0,1.0,128.0,3.0,5.18,0.0,1.0,1.14563106796116,0.0,1.0,0.928775948460988,1.0,0.0,0.0,0.8857795619634878,0.11422043803651216,5
1491,15,12.0,3.0,1.0,14.0,0.0,7.0,127.0,2.0,14.0,31.0,71.0,0.64,94.0,1.0,1.0,48.0,3.0,3.9,0.0,1.0,1.14563106796116,0.0,1.0,0.928775948460988,1.0,0.0,6.0,0.5419969005675778,0.4580030994324222,3
1491,16,12.0,3.0,1.0,14.0,0.0,7.0,93.111,2.0,14.0,31.0,71.0,0.64,94.0,0.0,1.0,48.0,3.0,3.0,0.0,1.0,1.14563106796116,0.0,1.0,1.0,1.0,0.0,6.0,0.9371492353188614,0.06285076468113858,4
1491,17,12.0,3.0,1.0,14.0,0.0,7.0,93.111,2.0,14.0,31.0,25.0,0.64,94.0,0.0,1.0,48.0,3.0,3.0,0.0,1.0,1.14563106796116,0.0,1.0,1.0,1.0,0.0,6.0,0.9452500802687576,0.05474991973124249,5
1491,18,12.0,3.0,1.0,14.0,0.0,7.0,93.111,2.0,14.0,31.0,25.0,0.64,94.0,0.0,1.0,48.0,3.0,2.3,0.0,1.0,1.14563106796116,0.0,1.0,1.0,1.0,0.0,6.0,0.9457322430481969,0.05426775695180311,5
1491,19,12.0,3.0,1.0,14.0,0.0,7.0,25.0,2.0,14.0,31.0,71.0,0.64,94.0,3.0,1.0,48.0,3.0,3.0,0.0,1.0,1.14563106796116,0.0,1.0,0.928775948460988,1.0,0.0,1.0,0.6978915624552544,0.30210843754474564,3
1513,0,3.0,7.0,1.0,1.0,0.0,4.0,224.0,1.0,0.0,13.0,23.0,0.82,90.0,1.0,2.0,22.0,3.0,2.60606060606061,0.0,0.0,0.828571428571429,0.0,0.0,0.9,0.0,0.0,3.0,0.6358956385899623,0.3641043614100376,1
1513,1,3.0,7.0,1.0,1.0,0.0,4.0,93.111,1.0,0.0,13.0,23.0,0.82,90.0,1.0,2.0,22.0,3.0,2.60606060606061,0.0,0.0,0.828571428571429,0.0,0.0,0.601680672268908,0.0,0.0,3.0,0.5689099755468363,0.4310900244531637,1
1513,2,3.0,7.0,1.0,1.0,0.0,4.0,93.111,1.0,0.0,13.0,23.0,0.82,90.0,1.0,2.0,22.0,3.0,2.60606060606061,0.0,0.0,0.828571428571429,0.0,0.0,1.0,0.0,0.0,0.0,0.9416360071049819,0.0583639928950181,3
1513,3,3.0,7.0,1.0,1.0,0.0,4.0,93.111,1.0,0.0,13.0,13.0,0.82,90.0,1.0,2.0,22.0,3.0,2.60606060606061,0.0,0.0,0.828571428571429,0.0,0.0,1.0,0.0,0.0,0.0,0.9546845172712154,0.045315482728784565,4
1513,4,3.0,7.0,1.0,1.0,0.0,4.0,224.0,1.0,0.0,13.0,13.0,0.82,90.0,1.0,2.0,22.0,3.0,2.60606060606061,0.0,0.0,0.828571428571429,0.0,0.0,0.601680672268908,0.0,0.0,3.0,0.5410805125508682,0.45891948744913186,1
1513,5,3.0,7.0,1.0,7.0,0.0,4.0,224.0,1.0,0.0,13.0,23.0,0.82,90.0,1.0,2.0,22.0,3.0,2.60606060606061,0.0,0.0,0.828571428571429,0.0,0.0,0.601680672268908,0.0,0.0,3.0,0.5057309808182797,0.4942690191817203,1
1513,6,3.0,7.0,1.0,1.0,0.0,4.0,93.111,1.0,0.0,13.0,23.0,0.05,90.0,1.0,2.0,22.0,3.0,2.60606060606061,0.0,0.0,0.828571428571429,0.0,0.0,1.0,0.0,0.0,0.0,0.9489564188990977,0.05104358110090231,4
1513,7,3.0,7.0,1.0,1.0,0.0,4.0,224.0,1.0,0.0,13.0,23.0,0.82,90.0,1.0,2.0,22.0,3.0,2.60606060606061,0.0,0.0,0.828571428571429,0.0,0.0,0.601680672268908,0.0,0.0,0.0,0.5610615633666626,0.4389384366333374,1
1513,8,3.0,7.0,1.0,1.0,0.0,4.0,224.0,1.0,0.0,13.0,23.0,0.82,90.0,1.0,2.0,22.0,3.0,2.60606060606061,0.0,0.0,0.828571428571429,5.0,0.0,0.601680672268908,0.0,0.0,3.0,0.5077259218896085,0.4922740781103915,1
1513,9,3.0,7.0,1.0,1.0,0.0,4.0,224.0,1.0,0.0,13.0,23.0,0.82,90.0,1.0,2.0,22.0,3.0,2.60606060606061,2.0,0.0,0.828571428571429,5.0,0.0,1.0,0.0,0.0,0.0,0.9414971708071224,0.058502829192877664,4
1513,10,3.0,7.0,1.0,321.0,0.0,4.0,224.0,1.0,0.0,13.0,23.0,0.82,90.0,1.0,2.0,22.0,3.0,2.60606060606061,2.0,0.0,0.828571428571429,5.0,0.0,1.0,0.0,0.0,0.0,0.9458215666912854,0.05417843330871465,5
1513,11,5.0,7.0,1.0,1.0,0.0,4.0,93.111,1.0,0.0,13.0,23.0,0.82,90.0,1.0,2.0,22.0,3.0,2.60606060606061,0.0,0.0,0.828571428571429,0.0,0.0,1.0,0.0,0.0,0.0,0.9477299708416432,0.0522700291583568,4
1513,12,5.0,7.0,1.0,321.0,0.0,4.0,93.111,1.0,0.0,13.0,23.0,0.82,90.0,1.0,2.0,22.0,3.0,2.60606060606061,0.0,0.0,0.828571428571429,0.0,0.0,1.0,0.0,0.0,0.0,0.9505461894431414,0.04945381055685863,5
1513,13,3.0,7.0,1.0,1.0,0.0,4.0,224.0,1.0,0.0,13.0,2.0,0.82,90.0,1.0,2.0,22.0,3.0,2.60606060606061,0.0,0.0,0.828571428571429,0.0,0.0,0.601680672268908,0.0,0.0,3.0,0.6383473127391386,0.3616526872608614,1
1513,14,3.0,7.0,1.0,321.0,0.0,4.0,224.0,1.0,0.0,13.0,2.0,0.82,90.0,1.0,2.0,22.0,3.0,2.60606060606061,0.0,0.0,0.828571428571429,0.0,0.0,0.601680672268908,0.0,0.0,3.0,0.7730560500621124,0.2269439499378876,2
1513,15,3.0,7.0,1.0,321.0,0.0,4.0,224.0,1.0,0.0,13.0,2.0,0.82,90.0,1.0,2.0,22.0,3.0,2.60606060606061,0.0,0.0,0.828571428571429,5.0,0.0,0.601680672268908,0.0,0.0,3.0,0.8229590843532771,0.1770409156467229,3
1513,16,3.0,7.0,1.0,321.0,0.0,4.0,224.0,1.0,0.0,13.0,2.0,0.82,90.0,1.0,2.0,22.0,3.0,2.60606060606061,0.0,0.0,0.828571428571429,5.0,0.0,0.601680672268908,0.0,0.0,0.0,0.8360725578714047,0.16392744212859534,4
1513,17,3.0,7.0,1.0,321.0,0.0,4.0,224.0,1.0,1.0,13.0,2.0,0.82,90.0,1.0,2.0,22.0,3.0,2.60606060606061,0.0,0.0,0.828571428571429,5.0,0.0,0.601680672268908,0.0,0.0,0.0,0.8656440068663779,0.13435599313362215,5
1513,18,3.0,7.0,1.0,1.0,0.0,4.0,224.0,1.0,0.0,13.0,2.0,0.82,90.0,1.0,2.0,22.0,3.0,2.60606060606061,0.0,0.0,0.828571428571429,0.0,0.0,1.0,0.0,0.0,0.0,0.9286732161843616,0.07132678381563841,3
1513,19,3.0,7.0,1.0,1.0,0.0,4.0,224.0,1.0,0.0,13.0,2.0,0.82,90.0,1.0,2.0,22.0,3.0,2.60606060606061,0.0,0.0,5.2,0.0,0.0,1.0,0.0,0.0,0.0,0.9503144057006238,0.04968559429937629,4
1542,0,0.0,0.0,0.0,0.0,0.0,0.0,102.0,1.0,0.0,0.0,0.0,0.82,0.0,0.0,1.0,0.0,0.0,0.0,337.0,0.0,0.0,0.0,8.0,0.740740740740741,0.5,0.0,9.0,0.5216281123636726,0.47837188763632743,2
1542,1,0.0,0.0,0.0,0.0,0.0,0.0,102.0,1.0,0.0,121.0,0.0,0.82,0.0,0.0,1.0,0.0,0.0,337.0,337.0,0.0,0.0,0.0,8.0,0.740740740740741,0.5,0.0,9.0,0.5148411982565273,0.48515880174347276,2
1542,2,0.0,0.0,0.0,0.0,0.0,0.0,102.0,1.0,0.0,0.0,0.0,0.82,0.0,0.0,1.0,0.0,0.0,337.0,337.0,0.0,0.0,0.0,8.0,0.740740740740741,0.5,0.0,4.0,0.8795718941741721,0.1204281058258279,4
1542,3,0.0,0.0,0.0,0.0,0.0,0.0,102.0,1.0,0.0,0.0,0.0,0.82,0.0,0.0,1.0,0.0,0.0,0.0,0.0,0.0,0.0,0.0,8.0,0.740740740740741,0.5,0.0,0.0,0.5362061300240533,0.46379386997594674,2
1542,4,0.0,0.0,0.0,0.0,0.0,0.0,102.0,1.0,0.0,10.0,0.0,0.82,0.0,0.0,1.0,0.0,0.0,337.0,0.0,0.0,0.0,0.0,8.0,0.740740740740741,0.5,0.0,9.0,0.5072592302196322,0.4927407697803679,2
1542,5,0.0,0.0,0.0,0.0,0.0,0.0,102.0,1.0,0.0,0.0,0.0,0.82,0.0,0.0,1.0,0.0,0.0,337.0,0.0,25.0,0.0,0.0,8.0,0.740740740740741,0.5,0.0,0.0,0.8443900011089933,0.15560999889100666,4
1542,6,0.0,0.0,0.0,0.0,0.0,0.0,102.0,1.0,93.0,0.0,0.0,0.82,0.0,0.0,1.0,0.0,0.0,337.0,0.0,25.0,0.0,0.0,8.0,0.740740740740741,0.5,0.0,0.0,0.9115884301638695,0.08841156983613058,5
1542,7,0.0,0.0,0.0,0.0,0.0,0.0,102.0,1.0,93.0,5.0,0.0,0.82,0.0,0.0,1.0,0.0,0.0,337.0,0.0,25.0,0.0,0.0,8.0,0.740740740740741,0.5,0.0,0.0,0.9227741106427307,0.0772258893572692,5
1542,8,0.0,0.0,0.0,0.0,0.0,0.0,102.0,1.0,0.0,121.0,0.0,0.56,0.0,0.0,1.0,0.0,0.0,0.0,337.0,0.0,0.0,0.0,8.0,0.740740740740741,0.5,0.0,4.0,0.5536519480246551,0.44634805197534494,3
1542,9,0.0,0.0,0.0,0.0,0.0,0.0,102.0,1.0,0.0,121.0,0.0,29.08,0.0,0.0,1.0,0.0,0.0,0.0,337.0,0.0,0.0,0.0,8.0,0.740740740740741,0.8,0.0,4.0,0.7874536108721906,0.2125463891278094,4
1542,10,0.0,0.0,0.0,0.0,0.0,0.0,102.0,1.0,0.0,121.0,0.0,29.08,0.0,0.0,1.0,0.0,0.0,0.0,337.0,0.0,0.0,0.0,8.0,0.740740740740741,0.8,0.0,0.0,0.794659841755935,0.2053401582440651,4
1542,11,0.0,0.0,0.0,0.0,0.0,0.0,102.0,1.0,0.0,121.0,0.0,29.08,0.0,0.0,1.0,0.0,0.0,0.0,337.0,0.0,0.0,0.0,2.0,0.740740740740741,0.8,0.0,0.0,0.848302398490747,0.151697601509253,5
1542,12,0.0,0.0,0.0,0.0,0.0,0.0,102.0,1.0,0.0,121.0,0.0,0.82,0.0,0.0,1.0,0.0,0.0,337.0,337.0,0.0,0.0,0.0,8.0,0.740740740740741,0.5,0.0,4.0,0.709744035873007,0.29025596412699295,3
1542,13,0.0,0.0,0.0,0.0,0.0,0.0,102.0,1.0,0.0,121.0,0.0,0.82,0.0,0.0,1.0,0.0,0.0,337.0,337.0,0.0,0.0,0.0,8.0,0.740740740740741,0.8,0.0,4.0,0.8239214988914656,0.17607850110853437,4
1542,14,0.0,0.0,0.0,0.0,0.0,0.0,102.0,1.0,0.0,0.0,0.0,0.82,0.0,0.0,1.0,0.0,0.0,337.0,0.0,0.0,0.0,0.0,8.0,0.740740740740741,0.5,0.0,9.0,0.5329701226935576,0.4670298773064424,2
1542,15,0.0,0.0,0.0,0.0,0.0,0.0,102.0,1.0,0.0,0.0,0.0,0.82,0.0,0.0,1.0,0.0,0.0,337.0,0.0,0.0,0.0,0.0,8.0,0.740740740740741,0.8,0.0,9.0,0.6698569721427692,0.33014302785723076,3
1542,16,0.0,0.0,0.0,0.0,0.0,0.0,102.0,1.0,0.0,0.0,0.0,29.08,0.0,0.0,1.0,0.0,0.0,337.0,0.0,0.0,0.0,0.0,8.0,0.740740740740741,0.8,0.0,9.0,0.7808408168687269,0.21915918313127314,4
1542,17,0.0,0.0,0.0,0.0,0.0,9.0,102.0,1.0,0.0,0.0,0.0,29.08,0.0,0.0,1.0,0.0,0.0,337.0,0.0,0.0,0.0,0.0,8.0,0.740740740740741,0.8,0.0,9.0,0.8448046285401243,0.15519537145987566,5
1542,18,0.0,0.0,0.0,0.0,0.0,9.0,102.0,1.0,0.0,0.0,0.0,29.08,0.0,0.0,1.0,0.0,0.0,337.0,0.0,0.0,0.0,0.0,8.0,0.740740740740741,1.0,0.0,9.0,0.8614683437832371,0.1385316562167629,5
1543,0,0.0,0.0,0.0,0.0,0.0,0.0,454.0,1.0,0.0,1179.0,0.0,0.38,0.0,0.0,1.0,0.0,0.0,337.0,0.0,0.0,0.0,0.0,26.0,0.736118746564046,0.6,0.0,0.0,0.5056903211569319,0.49430967884306815,2
1543,1,0.0,0.0,0.0,0.0,0.0,0.0,454.0,1.0,0.0,1179.0,0.0,0.38,0.0,0.0,1.0,0.0,0.0,337.0,0.0,0.0,0.0,0.0,26.0,0.736118746564046,0.8,0.0,0.0,0.7916707498112806,0.20832925018871937,3
1543,2,0.0,0.0,0.0,0.0,0.0,0.0,454.0,1.0,0.0,0.0,0.0,0.38,0.0,0.0,1.0,0.0,0.0,337.0,0.0,0.0,0.0,0.0,26.0,0.736118746564046,0.8,0.0,0.0,0.8515722492378706,0.14842775076212944,4
1543,3,0.0,0.0,0.0,0.0,0.0,0.0,454.0,1.0,0.0,0.0,0.0,0.38,0.0,0.0,1.0,0.0,0.0,337.0,0.0,0.0,0.0,0.0,26.0,0.736118746564046,0.0,0.0,0.0,0.8537015370173908,0.14629846298260918,4
1543,4,0.0,0.0,0.0,0.0,0.0,0.0,454.0,1.0,0.0,10.0,0.0,0.38,0.0,0.0,1.0,0.0,0.0,337.0,337.0,0.0,0.0,0.0,26.0,0.736118746564046,0.6,0.0,14.0,0.5773982137710649,0.42260178622893513,3
1543,5,0.0,0.0,0.0,0.0,0.0,0.0,454.0,1.0,0.0,0.0,0.0,0.38,0.0,0.0,1.0,0.0,0.0,337.0,337.0,0.0,0.0,0.0,26.0,0.736118746564046,0.0,0.0,4.0,0.888028765027712,0.11197123497228804,5
1543,6,0.0,0.0,0.0,0.0,0.0,0.0,193.556,1.0,0.0,1179.0,0.0,0.38,0.0,0.0,1.0,0.0,0.0,0.0,0.0,0.0,0.0,0.0,26.0,0.736118746564046,0.8,0.0,4.0,0.5391853470129714,0.4608146529870286,3
1543,7,0.0,0.0,0.0,0.0,0.0,0.0,25.0,1.0,0.0,1179.0,0.0,0.38,0.0,0.0,1.0,0.0,0.0,0.0,1.0,0.0,0.0,0.0,26.0,0.736118746564046,0.6,0.0,0.0,0.5374460064437636,0.46255399355623644,3
1543,8,0.0,1.0,0.0,0.0,0.0,0.0,25.0,1.0,0.0,1179.0,0.0,0.38,0.0,0.0,1.0,0.0,0.0,0.0,337.0,0.0,0.0,0.0,26.0,0.736118746564046,0.8,0.0,0.0,0.8112588394556652,0.18874116054433474,5
1543,9,0.0,0.0,0.0,0.0,0.0,0.0,454.0,1.0,0.0,0.0,0.0,0.38,0.0,0.0,1.0,0.0,0.0,337.0,337.0,0.0,0.0,0.0,26.0,0.736118746564046,0.6,0.0,14.0,0.6141926373617946,0.38580736263820536,3
1543,10,0.0,0.0,0.0,0.0,0.0,0.0,454.0,1.0,0.0,0.0,0.0,0.38,0.0,0.0,1.0,0.0,0.0,337.0,337.0,0.0,0.0,0.0,0.0,0.736118746564046,0.6,0.0,14.0,0.7479374587372838,0.2520625412627162,4
1543,11,0.0,0.0,0.0,0.0,0.0,0.0,454.0,1.0,0.0,0.0,1.0,0.38,0.0,0.0,1.0,0.0,0.0,337.0,337.0,0.0,0.0,0.0,0.0,0.736118746564046,0.6,0.0,14.0,0.7495437301182417,0.25045626988175834,5
1543,12,0.0,0.0,0.0,0.0,0.0,0.0,454.0,1.0,0.0,10.0,0.0,0.38,0.0,0.0,1.0,0.0,0.0,337.0,0.0,0.0,0.0,0.0,26.0,0.736118746564046,0.8,0.0,14.0,0.5912045360047463,0.4087954639952537,3
1543,13,0.0,0.0,0.0,0.0,0.0,6.0,454.0,1.0,0.0,0.0,0.0,0.38,0.0,0.0,1.0,0.0,0.0,337.0,0.0,0.0,0.0,0.0,26.0,0.736118746564046,0.8,0.0,14.0,0.67582152221575,0.32417847778425,4
1543,14,0.0,0.0,0.0,0.0,0.0,6.0,454.0,1.0,0.0,0.0,0.0,0.38,0.0,0.0,1.0,0.0,0.0,337.0,0.0,0.0,0.0,0.0,26.0,0.736118746564046,1.0,0.0,14.0,0.7022904970632129,0.2977095029367871,4
1543,15,0.0,0.0,0.0,0.0,0.0,6.0,454.0,1.0,0.0,0.0,0.0,0.38,0.0,0.0,1.0,0.0,0.0,337.0,337.0,0.0,0.0,0.0,26.0,0.736118746564046,1.0,0.0,14.0,0.7126044074620268,0.2873955925379732,5
1543,16,0.0,0.0,0.0,0.0,0.0,6.0,454.0,1.0,0.0,10.0,0.0,0.38,0.0,0.0,1.0,0.0,0.0,337.0,337.0,0.0,0.0,0.0,26.0,0.736118746564046,1.0,0.0,14.0,0.7276758651585655,0.2723241348414345,5
1543,17,0.0,0.0,0.0,0.0,0.0,0.0,454.0,1.0,0.0,1179.0,0.0,0.38,0.0,0.0,1.0,0.0,0.0,0.0,0.0,0.0,0.0,0.0,0.0,0.736118746564046,0.6,0.0,0.0,0.6342179622349112,0.3657820377650888,2
1543,18,0.0,0.0,0.0,0.0,0.0,0.0,25.0,1.0,0.0,1179.0,0.0,0.38,0.0,0.0,1.0,0.0,0.0,0.0,0.0,0.0,0.0,0.0,0.0,0.736118746564046,0.6,0.0,0.0,0.811535143828428,0.18846485617157202,3
1543,19,0.0,0.0,0.0,0.0,0.0,0.0,25.0,1.0,0.0,1179.0,0.0,0.38,0.0,0.0,1.0,0.0,0.0,0.0,0.0,0.0,0.0,0.0,0.0,0.736118746564046,0.0,0.0,0.0,0.9164119807061828,0.0835880192938172,4
1596,0,2.0,0.0,2.0,0.0,2.0,6.0,44.0,1.0,0.0,0.0,1.0,0.77,0.0,3.0,0.0,12.0,1.0,2.33333333333333,1.0,2.0,1.2,0.0,1.0,0.9,1.0,0.0,3.0,0.5399135728342694,0.4600864271657306,1
1596,1,2.0,0.0,2.0,0.0,2.0,6.0,44.0,1.0,0.0,0.0,1.0,0.77,0.0,1.0,0.0,12.0,1.0,2.33333333333333,1.0,2.0,1.2,0.0,1.0,0.801652892561983,1.0,0.0,3.0,0.6138566055948711,0.38614339440512885,1
1596,2,2.0,0.0,2.0,0.0,2.0,6.0,44.0,1.0,0.0,0.0,1.0,29.08,0.0,0.0,0.0,12.0,1.0,2.33333333333333,1.0,2.0,1.2,0.0,1.0,1.0,1.0,0.0,3.0,0.9052460888928148,0.0947539111071852,3
1596,3,2.0,0.0,2.0,7.0,2.0,6.0,44.0,1.0,0.0,0.0,1.0,3.24,0.0,3.0,0.0,12.0,1.0,2.33333333333333,1.0,2.0,1.2,0.0,1.0,0.801652892561983,1.0,0.0,3.0,0.5296065781485042,0.47039342185149585,2
1596,4,2.0,0.0,2.0,7.0,2.0,6.0,44.0,1.0,0.0,0.0,1.0,29.08,0.0,2.0,0.0,12.0,1.0,2.33333333333333,1.0,2.0,1.2,0.0,1.0,1.0,1.0,0.0,3.0,0.9275291595567443,0.07247084044325568,4
1596,5,2.0,0.0,2.0,0.0,2.0,0.0,44.0,1.0,0.0,0.0,1.0,0.77,0.0,0.0,0.0,12.0,1.0,2.33333333333333,1.0,2.0,1.2,0.0,1.0,1.0,1.0,0.0,3.0,0.9154681161223741,0.08453188387762584,3
1596,6,2.0,0.0,2.0,0.0,2.0,0.0,44.0,1.0,0.0,0.0,3.0,0.77,0.0,0.0,0.0,12.0,1.0,2.33333333333333,1.0,2.0,1.2,0.0,1.0,1.0,1.0,0.0,3.0,0.9484739616926263,0.05152603830737364,4
1596,7,2.0,0.0,2.0,321.0,2.0,6.0,44.0,1.0,0.0,0.0,1.0,0.77,0.0,3.0,0.0,12.0,1.0,2.33333333333333,1.0,2.0,1.2,0.0,1.0,1.0,1.0,0.0,3.0,0.8072196006848211,0.1927803993151789,2
1596,8,2.0,0.0,2.0,321.0,2.0,6.0,44.0,1.0,0.0,0.0,1.0,0.77,0.0,3.0,0.0,12.0,1.0,2.33333333333333,1.0,2.0,1.2,0.0,16.0,1.0,1.0,0.0,3.0,0.8173024136106003,0.18269758638939967,3
1596,9,2.0,0.0,2.0,0.0,2.0,6.0,44.0,1.0,0.0,0.0,1.0,0.77,0.0,0.0,0.0,12.0,1.0,2.33333333333333,1.0,2.0,1.2,0.0,1.0,0.801652892561983,1.0,0.0,3.0,0.6138566055948711,0.38614339440512885,1
1596,10,2.0,0.0,2.0,0.0,2.0,6.0,44.0,1.0,0.0,0.0,1.0,29.08,0.0,0.0,0.0,12.0,1.0,2.33333333333333,1.0,2.0,1.2,0.0,1.0,0.801652892561983,1.0,0.0,3.0,0.7845687801145267,0.21543121988547326,2
1596,11,2.0,0.0,2.0,7.0,2.0,6.0,44.0,1.0,0.0,0.0,1.0,29.08,0.0,0.0,0.0,12.0,1.0,2.33333333333333,1.0,2.0,1.2,0.0,1.0,0.801652892561983,1.0,0.0,3.0,0.8392558933493317,0.16074410665066827,3
1596,12,2.0,2.0,2.0,7.0,2.0,6.0,44.0,1.0,0.0,0.0,1.0,29.08,0.0,0.0,0.0,12.0,1.0,2.33333333333333,1.0,2.0,1.2,0.0,1.0,0.801652892561983,1.0,0.0,3.0,0.8611563459821764,0.13884365401782361,4
1596,13,2.0,0.0,2.0,321.0,2.0,6.0,44.0,1.0,0.0,0.0,1.0,0.77,0.0,0.0,0.0,12.0,1.0,2.33333333333333,1.0,2.0,1.2,0.0,1.0,1.0,1.0,0.0,3.0,0.8981849745949538,0.10181502540504617,3
1596,14,2.0,0.0,2.0,321.0,2.0,6.0,44.0,1.0,93.0,0.0,1.0,0.77,0.0,3.0,0.0,12.0,1.0,2.33333333333333,1.0,2.0,1.2,0.0,1.0,0.801652892561983,1.0,0.0,3.0,0.53361852101354,0.46638147898645993,2
1596,15,2.0,0.0,2.0,0.0,2.0,6.0,44.0,1.0,0.0,0.0,1.0,0.77,0.0,0.0,0.0,12.0,1.0,2.33333333333333,1.0,2.0,5.2,0.0,1.0,0.801652892561983,1.0,0.0,3.0,0.7145200877742525,0.28547991222574753,2
1596,16,2.0,0.0,2.0,0.0,2.0,6.0,44.0,1.0,0.0,0.0,1.0,0.77,0.0,0.0,0.0,12.0,6.0,2.33333333333333,1.0,2.0,5.2,0.0,1.0,0.801652892561983,1.0,0.0,3.0,0.7628593764918572,0.23714062350814283,3
1596,17,2.0,0.0,2.0,0.0,2.0,6.0,44.0,1.0,0.0,0.0,1.0,0.77,0.0,0.0,0.0,12.0,6.0,3.0,1.0,2.0,5.2,0.0,1.0,0.801652892561983,1.0,0.0,3.0,0.8014416120423109,0.1985583879576891,4
1596,18,2.0,2.0,2.0,0.0,2.0,6.0,44.0,1.0,0.0,0.0,1.0,0.77,0.0,0.0,0.0,12.0,6.0,3.0,1.0,2.0,5.2,0.0,1.0,0.801652892561983,1.0,0.0,3.0,0.8274347072209013,0.1725652927790987,5
1596,19,2.0,0.0,2.0,0.0,2.0,0.0,44.0,1.0,0.0,0.0,1.0,0.77,0.0,3.0,0.0,12.0,1.0,2.33333333333333,1.0,2.0,1.2,0.0,1.0,1.0,1.0,0.0,3.0,0.7981421055447344,0.20185789445526559,2
1609,0,0.0,0.0,1.0,0.0,1.0,2.0,25.0,1.0,0.0,0.0,3.0,0.5,0.0,4.0,0.0,7.0,1.0,1.0,0.0,2.0,0.0,0.0,0.0,0.9,0.0,0.0,0.0,0.7741528154539028,0.2258471845460972,1
1609,1,0.0,0.0,1.0,0.0,1.0,2.0,25.0,1.0,0.0,0.0,3.0,0.05,0.0,4.0,0.0,7.0,1.0,1.0,0.0,2.0,0.0,0.0,0.0,0.731182795698925,0.0,0.0,0.0,0.5137644659127905,0.48623553408720954,1
1609,2,0.0,0.0,1.0,0.0,1.0,2.0,25.0,1.0,0.0,0.0,3.0,29.08,0.0,0.0,0.0,7.0,1.0,1.0,0.0,2.0,0.0,0.0,0.0,1.0,0.0,0.0,0.0,0.982487087780201,0.017512912219798962,3
1609,3,0.0,0.0,1.0,0.0,1.0,2.0,25.0,1.0,93.0,0.0,3.0,0.5,0.0,4.0,0.0,7.0,1.0,1.0,0.0,2.0,0.0,0.0,0.0,0.731182795698925,0.0,0.0,0.0,0.7038289488866118,0.29617105111338815,1
1609,4,0.0,0.0,1.0,0.0,1.0,2.0,25.0,1.0,93.0,0.0,3.0,29.08,0.0,0.0,0.0,7.0,1.0,2.3,0.0,2.0,0.0,0.0,0.0,1.0,0.0,0.0,0.0,0.989358056167435,0.010641943832564997,5
1609,5,0.0,0.0,1.0,0.0,1.0,2.0,25.0,1.0,0.0,0.0,3.0,0.5,0.0,3.0,0.0,7.0,1.0,1.0,0.0,2.0,0.0,0.0,0.0,0.731182795698925,0.0,0.0,0.0,0.6110202434580243,0.38897975654197575,1
1609,6,0.0,0.0,1.0,0.0,1.0,2.0,25.0,1.0,0.0,0.0,3.0,0.5,0.0,4.0,0.0,7.0,1.0,3.9,0.0,2.0,0.0,0.0,0.0,0.731182795698925,0.0,0.0,0.0,0.6223134099880049,0.3776865900119951,1
1609,7,0.0,0.0,1.0,0.0,1.0,2.0,25.0,1.0,93.0,0.0,3.0,0.5,0.0,0.0,0.0,7.0,1.0,337.0,0.0,2.0,0.0,0.0,0.0,0.731182795698925,0.0,0.0,0.0,0.9665325279350319,0.033467472064968085,3
1609,8,0.0,0.0,1.0,0.0,1.0,2.0,15.0,1.0,93.0,0.0,3.0,0.5,0.0,0.0,0.0,7.0,1.0,337.0,0.0,2.0,0.0,0.0,0.0,0.731182795698925,0.0,0.0,0.0,0.9736300323635786,0.026369967636421385,4
1609,9,0.0,0.0,1.0,0.0,1.0,2.0,25.0,1.0,93.0,0.0,3.0,29.08,0.0,4.0,0.0,7.0,1.0,1.0,0.0,2.0,0.0,0.0,0.0,1.0,0.0,0.0,0.0,0.9755175349332008,0.02448246506679923,3
1609,10,0.0,0.0,1.0,0.0,0.0,2.0,25.0,1.0,93.0,0.0,3.0,29.08,0.0,4.0,0.0,7.0,1.0,1.0,0.0,2.0,0.0,0.0,0.0,1.0,0.0,0.0,0.0,0.9862410267822139,0.013758973217786113,4
1609,11,0.0,0.0,1.0,0.0,0.0,2.0,25.0,1.0,93.0,5.0,3.0,29.08,0.0,4.0,0.0,7.0,1.0,1.0,0.0,2.0,0.0,0.0,0.0,1.0,0.0,0.0,0.0,0.9870361232882598,0.012963876711740176,5
1609,12,0.0,0.0,1.0,0.0,1.0,2.0,25.0,1.0,0.0,0.0,3.0,0.5,0.0,4.0,0.0,7.0,1.0,1.0,337.0,2.0,0.0,0.0,0.0,0.731182795698925,0.0,0.0,0.0,0.5729085437007191,0.4270914562992809,1
1609,13,0.0,0.0,1.0,0.0,1.0,2.0,25.0,1.0,93.0,0.0,3.0,29.08,0.0,4.0,0.0,7.0,1.0,1.0,337.0,2.0,0.0,0.0,0.0,1.0,0.0,0.0,0.0,0.9816130306240684,0.018386969375931695,4
1609,14,0.0,0.0,1.0,0.0,1.0,2.0,25.0,1.0,93.0,0.0,3.0,29.08,0.0,4.0,0.0,7.0,1.0,2.3,337.0,2.0,0.0,0.0,0.0,1.0,0.0,0.0,0.0,0.9831907124995701,0.01680928750042992,5
1609,15,0.0,0.0,1.0,0.0,1.0,2.0,25.0,1.0,0.0,0.0,3.0,29.08,0.0,0.0,0.0,7.0,1.0,1.0,0.0,2.0,0.0,0.0,0.0,0.731182795698925,0.0,0.0,0.0,0.9557002899272365,0.044299710072763426,2
1609,16,0.0,0.0,1.0,0.0,1.0,2.0,15.0,1.0,0.0,0.0,3.0,29.08,0.0,0.0,0.0,7.0,1.0,1.0,0.0,2.0,0.0,0.0,0.0,0.731182795698925,0.0,0.0,0.0,0.9611775242399335,0.03882247576006644,3
1609,17,0.0,0.0,1.0,0.0,1.0,2.0,15.0,1.0,0.0,0.0,3.0,29.08,0.0,0.0,0.0,7.0,1.0,337.0,0.0,2.0,0.0,0.0,0.0,0.731182795698925,0.0,0.0,0.0,0.9655670553359736,0.03443294466402639,4
1609,18,0.0,0.0,1.0,0.0,1.0,2.0,15.0,1.0,0.0,0.0,3.0,0.31,0.0,0.0,0.0,7.0,1.0,337.0,0.0,2.0,0.0,0.0,0.0,0.731182795698925,0.0,0.0,0.0,0.9680568506283975,0.031943149371602496,4
1609,19,0.0,0.0,1.0,0.0,1.0,2.0,25.0,1.0,0.0,1114.0,3.0,0.5,0.0,4.0,0.0,7.0,1.0,1.0,0.0,2.0,0.0,0.0,0.0,0.731182795698925,0.0,0.0,0.0,0.5803485611698764,0.4196514388301235,1
1620,0,12.0,0.0,1.0,8.0,5.0,2.0,124.0,3.0,0.0,8.0,8.0,0.42,88.0,3.0,0.0,10.0,2.0,3.0,0.0,1.0,0.541666666666667,0.0,0.0,0.861216730038023,0.0,0.0,2.0,0.6058060888825407,0.3941939111174592,1
1620,1,12.0,0.0,1.0,8.0,5.0,2.0,124.0,3.0,0.0,8.0,8.0,0.42,88.0,0.0,0.0,10.0,2.0,3.0,0.0,1.0,0.541666666666667,0.0,0.0,1.0,0.0,0.0,2.0,0.8818837956206097,0.11811620437939029,2
1620,2,12.0,0.0,1.0,8.0,5.0,2.0,124.0,3.0,0.0,8.0,8.0,0.42,88.0,0.0,0.0,10.0,2.0,4.8,0.0,1.0,0.541666666666667,0.0,0.0,1.0,0.0,0.0,2.0,0.9312535255745894,0.06874647442541058,3
1620,3,12.0,0.0,1.0,8.0,5.0,2.0,124.0,3.0,1.0,8.0,8.0,0.42,88.0,0.0,0.0,10.0,2.0,4.8,0.0,1.0,0.541666666666667,0.0,0.0,1.0,0.0,0.0,2.0,0.9324180538811595,0.06758194611884046,4
1620,4,12.0,0.0,1.0,8.0,5.0,2.0,124.0,3.0,1.0,8.0,8.0,0.42,88.0,0.0,0.0,10.0,2.0,4.8,0.0,1.0,0.5,0.0,0.0,1.0,0.0,0.0,2.0,0.9330470979808123,0.06695290201918773,5
1620,5,12.0,0.0,1.0,8.0,5.0,2.0,124.0,3.0,0.0,8.0,8.0,0.42,88.0,4.0,0.0,10.0,2.0,3.0,0.0,1.0,0.8,0.0,0.0,0.861216730038023,0.0,0.0,2.0,0.5080448800270534,0.49195511997294655,1
1620,6,12.0,0.0,1.0,8.0,5.0,2.0,124.0,3.0,0.0,8.0,8.0,0.42,0.0,4.0,0.0,10.0,2.0,3.0,0.0,1.0,0.541666666666667,0.0,0.0,0.861216730038023,0.0,0.0,2.0,0.6239680511492021,0.3760319488507979,1
1620,7,12.0,0.0,1.0,8.0,5.0,2.0,124.0,3.0,0.0,8.0,8.0,0.42,0.0,2.0,0.0,10.0,2.0,3.0,0.0,1.0,5.2,0.0,0.0,0.861216730038023,0.0,0.0,2.0,0.9283163049595393,0.07168369504046074,3
1620,8,12.0,0.0,1.0,8.0,5.0,2.0,124.0,3.0,0.0,8.0,8.0,0.42,0.0,2.0,0.0,10.0,2.0,3.0,0.0,1.0,5.2,5.0,0.0,0.861216730038023,0.0,0.0,2.0,0.9526328312896912,0.04736716871030883,4
1620,9,12.0,0.0,1.0,8.0,5.0,2.0,124.0,3.0,93.0,8.0,8.0,0.42,88.0,4.0,0.0,10.0,2.0,3.0,0.0,1.0,0.541666666666667,0.0,0.0,0.861216730038023,0.0,0.0,2.0,0.6356479340533876,0.3643520659466124,1
1620,10,12.0,0.0,1.0,8.0,5.0,2.0,124.0,3.0,93.0,8.0,8.0,0.42,88.0,0.0,0.0,10.0,2.0,3.0,0.0,1.0,0.541666666666667,0.0,0.0,1.0,0.0,0.0,2.0,0.9041791011882864,0.09582089881171363,3
1620,11,1.0,0.0,1.0,8.0,5.0,2.0,124.0,3.0,93.0,8.0,8.0,0.42,88.0,0.0,0.0,10.0,2.0,3.0,0.0,1.0,0.541666666666667,0.0,0.0,1.0,0.0,0.0,2.0,0.9308390073115862,0.06916099268841382,4
1620,12,1.0,0.0,1.0,8.0,5.0,2.0,15.0,3.0,93.0,8.0,8.0,0.42,88.0,0.0,0.0,10.0,2.0,3.0,0.0,1.0,0.541666666666667,0.0,0.0,1.0,0.0,0.0,2.0,0.9342190504788522,0.06578094952114774,5
1620,13,12.0,0.0,1.0,8.0,5.0,2.0,124.0,3.0,0.0,8.0,8.0,0.42,88.0,0.0,0.0,10.0,6.0,3.0,0.0,1.0,0.541666666666667,0.0,0.0,1.0,0.0,0.0,2.0,0.9171081267990158,0.0828918732009842,3
1620,14,12.0,0.0,1.0,8.0,5.0,2.0,124.0,3.0,0.0,8.0,8.0,0.42,88.0,0.0,0.0,10.0,6.0,3.0,0.0,1.0,5.2,0.0,0.0,1.0,0.0,0.0,2.0,0.9364098030314257,0.06359019696857425,4
1620,15,12.0,0.0,1.0,8.0,5.0,2.0,124.0,3.0,1.0,8.0,8.0,0.42,88.0,0.0,0.0,10.0,6.0,3.0,0.0,1.0,5.2,0.0,0.0,1.0,0.0,0.0,2.0,0.9375733012908455,0.06242669870915451,5
1620,16,12.0,0.0,1.0,8.0,5.0,2.0,124.0,3.0,1.0,8.0,8.0,0.42,88.0,0.0,0.0,10.0,6.0,3.0,0.0,1.0,1.8,0.0,0.0,1.0,0.0,0.0,2.0,0.9407182034846706,0.059281796515329395,5
1620,17,12.0,0.0,1.0,8.0,5.0,2.0,124.0,3.0,0.0,8.0,8.0,0.42,88.0,4.0,0.0,10.0,2.0,3.9,0.0,1.0,0.541666666666667,0.0,0.0,0.861216730038023,0.0,0.0,2.0,0.5089569389044117,0.4910430610955883,1
1620,18,12.0,0.0,1.0,8.0,5.0,2.0,124.0,3.0,0.0,8.0,8.0,0.42,88.0,4.0,0.0,10.0,2.0,337.0,0.0,1.0,0.541666666666667,0.0,0.0,1.0,0.0,0.0,2.0,0.870444196305006,0.12955580369499395,2
1620,19,12.0,0.0,1.0,8.0,5.0,2.0,124.0,3.0,0.0,8.0,8.0,0.42,50.0,4.0,0.0,10.0,2.0,337.0,0.0,1.0,0.541666666666667,0.0,0.0,1.0,0.0,0.0,2.0,0.9070506323364472,0.09294936766355279,3
1638,0,2.0,6.0,2.0,2.0,3.0,9.0,193.556,2.0,1.0,6.0,23.0,29.08,87.0,1.0,0.0,11.0,1.0,2.25,0.0,1.0,0.828571428571429,0.0,115.0,0.482291666666667,1.0,0.0,2.0,0.5907961373790708,0.4092038626209292,3
1638,1,2.0,6.0,2.0,2.0,3.0,9.0,15.0,2.0,1.0,6.0,23.0,29.08,87.0,0.0,0.0,11.0,1.0,2.25,0.0,1.0,0.828571428571429,0.0,115.0,0.9,1.0,0.0,2.0,0.8518771695656697,0.14812283043433022,4
1638,2,2.0,6.0,2.0,2.0,3.0,9.0,71.0,2.0,1.0,6.0,23.0,0.73,87.0,1.0,0.0,11.0,1.0,2.25,0.0,1.0,0.828571428571429,0.0,89.0,0.482291666666667,1.0,0.0,2.0,0.5118791568562546,0.48812084314374543,3
1638,3,2.0,6.0,2.0,2.0,3.0,9.0,362.0,2.0,1.0,6.0,23.0,29.08,87.0,3.0,0.0,11.0,1.0,2.25,0.0,1.0,0.828571428571429,0.0,115.0,1.0,1.0,0.0,2.0,0.6362348447954098,0.36376515520459024,3
1638,4,2.0,6.0,2.0,2.0,3.0,9.0,362.0,2.0,1.0,6.0,13.0,29.08,87.0,1.0,0.0,11.0,1.0,2.25,0.0,1.0,0.828571428571429,0.0,115.0,0.482291666666667,1.0,0.0,2.0,0.5447038087011875,0.45529619129881255,3
1638,5,2.0,6.0,2.0,2.0,3.0,9.0,15.0,2.0,0.0,6.0,23.0,29.08,87.0,0.0,0.0,11.0,1.0,2.25,0.0,1.0,0.828571428571429,0.0,115.0,0.482291666666667,1.0,0.0,2.0,0.7290904460300724,0.2709095539699276,4
1638,6,2.0,6.0,2.0,2.0,3.0,9.0,71.0,2.0,0.0,6.0,23.0,29.08,87.0,0.0,0.0,11.0,1.0,2.25,0.0,1.0,0.828571428571429,0.0,115.0,0.482291666666667,1.0,0.0,2.0,0.7544895166117083,0.24551048338829168,4
1638,7,2.0,6.0,2.0,2.0,3.0,2.0,93.111,2.0,1.0,6.0,23.0,29.08,87.0,4.0,0.0,11.0,1.0,2.25,0.0,1.0,0.828571428571429,0.0,115.0,0.482291666666667,1.0,0.0,2.0,0.5053796319016741,0.4946203680983259,3
1638,8,2.0,6.0,2.0,2.0,3.0,0.0,71.0,2.0,1.0,6.0,23.0,29.08,87.0,0.0,0.0,11.0,1.0,2.25,0.0,1.0,0.828571428571429,0.0,115.0,0.482291666666667,1.0,0.0,2.0,0.796964345827453,0.20303565417254701,4
1638,9,2.0,6.0,2.0,2.0,3.0,9.0,15.0,2.0,1.0,6.0,23.0,29.08,87.0,0.0,0.0,11.0,1.0,2.25,0.0,1.0,1.8,0.0,115.0,0.9,1.0,0.0,2.0,0.8672988118928615,0.13270118810713852,5
1638,10,2.0,6.0,2.0,2.0,3.0,9.0,127.0,2.0,1.0,6.0,13.0,0.73,87.0,1.0,0.0,11.0,1.0,2.25,0.0,1.0,0.828571428571429,0.0,115.0,0.482291666666667,1.0,0.0,2.0,0.504356686327686,0.4956433136723139,3
1638,11,2.0,6.0,2.0,2.0,3.0,9.0,15.0,2.0,1.0,6.0,9.0,0.73,87.0,0.0,0.0,11.0,1.0,2.25,0.0,1.0,0.828571428571429,0.0,115.0,0.9,1.0,0.0,2.0,0.7237551772223164,0.2762448227776836,4
1638,12,2.0,6.0,2.0,2.0,3.0,6.0,71.0,2.0,1.0,6.0,23.0,0.73,87.0,1.0,0.0,11.0,1.0,2.25,0.0,1.0,0.828571428571429,0.0,115.0,0.482291666666667,1.0,0.0,2.0,0.5207148150952624,0.4792851849047376,3
1638,13,2.0,6.0,2.0,2.0,3.0,395.0,15.0,2.0,1.0,6.0,13.0,0.73,87.0,0.0,0.0,11.0,1.0,2.25,0.0,1.0,0.828571428571429,0.0,115.0,0.9,1.0,0.0,2.0,0.7515260486909172,0.24847395130908273,5
1638,14,2.0,6.0,2.0,2.0,3.0,9.0,362.0,2.0,1.0,6.0,23.0,29.08,87.0,4.0,0.0,11.0,1.0,2.25,0.0,1.0,0.828571428571429,5.0,115.0,1.0,1.0,0.0,2.0,0.5936678441878118,0.4063321558121882,3
1638,15,2.0,6.0,2.0,2.0,3.0,9.0,362.0,2.0,1.0,6.0,13.0,29.08,87.0,4.0,0.0,11.0,1.0,2.25,0.0,1.0,0.828571428571429,0.0,115.0,1.0,1.0,0.0,2.0,0.5440861090590471,0.4559138909409529,3
1638,16,2.0,6.0,2.0,2.0,3.0,9.0,362.0,2.0,1.0,6.0,23.0,29.08,87.0,1.0,0.0,11.0,6.0,2.25,0.0,1.0,0.828571428571429,0.0,115.0,0.482291666666667,1.0,0.0,2.0,0.5689742716425816,0.4310257283574183,3
1638,17,2.0,6.0,11.0,2.0,3.0,9.0,362.0,2.0,1.0,6.0,23.0,29.08,87.0,0.0,0.0,11.0,6.0,2.25,0.0,1.0,0.828571428571429,0.0,115.0,0.482291666666667,1.0,0.0,2.0,0.5914063795232514,0.40859362047674863,4
1638,18,2.0,6.0,11.0,2.0,3.0,9.0,362.0,2.0,1.0,6.0,23.0,29.08,87.0,0.0,0.0,11.0,6.0,2.25,0.0,1.0,0.828571428571429,0.0,89.0,0.482291666666667,1.0,0.0,2.0,0.5916785322667811,0.40832146773321887,5
1638,19,2.0,6.0,2.0,2.0,3.0,9.0,15.0,2.0,1.0,6.0,23.0,29.08,87.0,0.0,0.0,11.0,1.0,2.25,0.0,1.0,0.828571428571429,0.0,0.0,0.482291666666667,1.0,0.0,2.0,0.8138198142638754,0.18618018573612463,4
1639,0,2.0,0.0,1.0,0.0,2.0,2.0,130.0,1.0,2.0,1.0,39.0,0.32,16.0,4.0,0.0,15.0,1.0,1.46511627906977,0.0,1.0,0.622222222222222,0.0,0.0,0.9,0.0,0.0,1.0,0.6643295288250441,0.3356704711749559,1
1639,1,2.0,0.0,1.0,0.0,2.0,2.0,130.0,1.0,2.0,1.0,39.0,0.32,16.0,1.0,0.0,15.0,1.0,1.46511627906977,0.0,1.0,0.622222222222222,0.0,0.0,0.766277128547579,0.0,0.0,1.0,0.5923595509985937,0.4076404490014063,1
1639,2,2.0,0.0,1.0,0.0,2.0,2.0,130.0,1.0,93.0,1.0,39.0,0.32,16.0,0.0,0.0,15.0,1.0,1.46511627906977,0.0,1.0,0.622222222222222,0.0,0.0,1.0,0.0,0.0,1.0,0.9348346082662453,0.06516539173375467,3
1639,3,2.0,0.0,1.0,0.0,2.0,2.0,130.0,1.0,93.0,1.0,25.0,0.32,16.0,4.0,0.0,15.0,1.0,1.46511627906977,0.0,1.0,0.622222222222222,0.0,0.0,0.766277128547579,0.0,0.0,1.0,0.5174449783097206,0.48255502169027936,2
1639,4,2.0,0.0,1.0,0.0,2.0,2.0,130.0,1.0,93.0,1.0,25.0,0.32,16.0,0.0,0.0,15.0,1.0,3.9,0.0,1.0,0.622222222222222,0.0,0.0,1.0,0.0,0.0,1.0,0.9468392087912706,0.05316079120872939,5
1639,5,2.0,0.0,1.0,0.0,2.0,2.0,130.0,1.0,2.0,1.0,39.0,0.32,94.0,0.0,0.0,15.0,1.0,1.46511627906977,0.0,1.0,0.622222222222222,0.0,0.0,1.0,0.0,0.0,1.0,0.9493934180240803,0.05060658197591973,3
1639,6,2.0,0.0,1.0,0.0,2.0,2.0,130.0,1.0,2.0,1.0,39.0,0.32,94.0,0.0,0.0,15.0,1.0,4.8,0.0,1.0,0.622222222222222,0.0,0.0,1.0,0.0,0.0,1.0,0.9628040905870627,0.03719590941293722,4
1639,7,2.0,0.0,1.0,0.0,2.0,2.0,130.0,1.0,2.0,1.0,39.0,0.32,94.0,0.0,0.0,15.0,1.0,4.8,0.0,1.0,0.622222222222222,0.0,0.0,1.0,0.0,0.0,0.0,0.9690276976078107,0.030972302392189236,5
1639,8,2.0,0.0,1.0,0.0,2.0,2.0,130.0,1.0,2.0,1.0,39.0,29.08,16.0,4.0,0.0,15.0,1.0,1.46511627906977,0.0,1.0,0.622222222222222,0.0,0.0,1.0,0.0,0.0,1.0,0.8917341696568768,0.10826583034312323,2
1639,9,2.0,0.0,1.0,0.0,2.0,2.0,130.0,1.0,93.0,1.0,39.0,0.31,16.0,4.0,0.0,15.0,1.0,1.46511627906977,0.0,1.0,0.622222222222222,0.0,0.0,0.766277128547579,0.0,0.0,1.0,0.521840996929847,0.4781590030701531,2
1639,10,2.0,0.0,1.0,0.0,2.0,2.0,130.0,1.0,2.0,1.0,39.0,0.32,16.0,0.0,0.0,15.0,1.0,1.46511627906977,0.0,1.0,5.2,0.0,0.0,1.0,0.0,0.0,1.0,0.9441398498884885,0.05586015011151146,3
1639,11,2.0,0.0,1.0,0.0,2.0,2.0,130.0,1.0,2.0,1.0,39.0,0.32,16.0,0.0,0.0,15.0,1.0,1.46511627906977,0.0,1.0,5.2,0.0,0.0,0.9,0.0,0.0,1.0,0.9482226397738686,0.05177736022613144,3
1639,12,2.0,0.0,1.0,0.0,2.0,2.0,130.0,1.0,2.0,1.0,39.0,0.32,16.0,0.0,0.0,15.0,1.0,3.9,0.0,1.0,5.2,0.0,0.0,0.9,0.0,0.0,1.0,0.9545457401999166,0.045454259800083434,4
1639,13,2.0,0.0,1.0,0.0,2.0,2.0,130.0,1.0,2.0,1.0,39.0,0.32,16.0,0.0,0.0,15.0,1.0,3.9,0.0,1.0,1.8,0.0,0.0,0.9,0.0,0.0,1.0,0.9569700353922647,0.04302996460773529,4
1639,14,2.0,0.0,1.0,0.0,2.0,2.0,130.0,1.0,2.0,1.0,39.0,0.32,16.0,0.0,0.0,15.0,1.0,1.46511627906977,0.0,1.0,0.622222222222222,0.0,0.0,0.766277128547579,0.0,0.0,1.0,0.5923595509985937,0.4076404490014063,1
1639,15,2.0,0.0,1.0,321.0,2.0,2.0,130.0,1.0,2.0,1.0,39.0,0.32,16.0,0.0,0.0,15.0,1.0,1.46511627906977,0.0,1.0,0.622222222222222,0.0,0.0,0.766277128547579,0.0,0.0,1.0,0.7198689099059568,0.2801310900940432,2
1639,16,2.0,0.0,1.0,321.0,2.0,2.0,130.0,1.0,2.0,1.0,39.0,0.32,16.0,0.0,0.0,15.0,1.0,6.0,0.0,1.0,0.622222222222222,0.0,0.0,0.766277128547579,0.0,0.0,1.0,0.7836914241206658,0.21630857587933422,3
1639,17,2.0,0.0,1.0,321.0,2.0,2.0,130.0,1.0,2.0,1.0,39.0,0.32,16.0,0.0,0.0,15.0,1.0,6.0,0.0,1.0,0.622222222222222,0.0,0.0,0.766277128547579,0.0,0.0,0.0,0.817853870923708,0.182146129076292,4
1639,18,2.0,0.0,1.0,321.0,2.0,2.0,130.0,1.0,2.0,1.0,39.0,0.32,16.0,0.0,1.0,15.0,1.0,6.0,0.0,1.0,0.622222222222222,0.0,0.0,0.766277128547579,0.0,0.0,0.0,0.8397778990527023,0.16022210094729772,5
1639,19,2.0,0.0,1.0,0.0,2.0,2.0,130.0,1.0,2.0,1.0,39.0,0.32,16.0,4.0,0.0,15.0,1.0,337.0,0.0,1.0,0.622222222222222,0.0,0.0,1.0,0.0,0.0,1.0,0.9031315756416771,0.09686842435832288,2
1641,0,4.0,6.0,1.0,2.0,2.0,8.0,399.0,2.0,1.0,6.0,29.0,0.72,92.0,1.0,0.0,12.0,1.0,1.875,0.0,1.0,0.558139534883721,0.0,361.0,1.0,1.0,0.0,3.0,0.5038428318183525,0.4961571681816474,2
1641,1,4.0,6.0,1.0,2.0,2.0,8.0,399.0,2.0,1.0,6.0,29.0,29.08,92.0,0.0,0.0,12.0,1.0,1.875,0.0,1.0,0.558139534883721,0.0,361.0,1.0,1.0,0.0,3.0,0.7216496606283448,0.2783503393716552,3
1641,2,4.0,6.0,1.0,2.0,2.0,8.0,93.111,2.0,1.0,6.0,29.0,29.08,92.0,1.0,0.0,12.0,1.0,1.875,0.0,1.0,0.558139534883721,0.0,361.0,0.35522664199815,1.0,0.0,3.0,0.5085133137598323,0.4914866862401676,3
1641,3,4.0,6.0,1.0,2.0,2.0,8.0,93.111,2.0,1.0,6.0,13.0,29.08,92.0,0.0,0.0,12.0,1.0,1.875,0.0,1.0,0.558139534883721,0.0,361.0,1.0,1.0,0.0,3.0,0.8558459953194271,0.1441540046805729,5
1641,4,4.0,6.0,1.0,2.0,2.0,8.0,193.556,2.0,1.0,6.0,29.0,29.08,92.0,4.0,0.0,12.0,1.0,1.875,0.0,1.0,0.558139534883721,0.0,361.0,1.0,1.0,0.0,3.0,0.5888396414893519,0.41116035851064814,3
1641,5,4.0,6.0,1.0,2.0,2.0,8.0,399.0,2.0,1.0,6.0,29.0,0.72,92.0,0.0,0.0,12.0,1.0,1.875,0.0,1.0,5.2,0.0,361.0,1.0,1.0,0.0,3.0,0.6685246130460109,0.33147538695398915,3
1641,6,4.0,6.0,1.0,2.0,2.0,8.0,399.0,2.0,1.0,6.0,29.0,0.72,92.0,0.0,0.0,12.0,1.0,1.875,0.0,1.0,5.2,0.0,10080.0,1.0,1.0,0.0,3.0,0.7966814517595758,0.2033185482404242,4
1641,7,4.0,6.0,1.0,2.0,2.0,8.0,93.111,2.0,1.0,6.0,29.0,29.08,92.0,0.0,0.0,12.0,1.0,1.875,0.0,1.0,5.2,0.0,361.0,1.0,1.0,0.0,3.0,0.9075716936350825,0.0924283063649175,5
1641,8,4.0,6.0,1.0,2.0,2.0,8.0,93.111,2.0,1.0,6.0,29.0,0.72,92.0,0.0,0.0,12.0,1.0,1.875,0.0,1.0,5.2,0.0,361.0,1.0,1.0,0.0,3.0,0.7985372755065903,0.2014627244934098,4
1641,9,4.0,6.0,1.0,2.0,2.0,8.0,93.111,2.0,0.0,6.0,29.0,0.72,92.0,0.0,0.0,12.0,1.0,1.875,0.0,1.0,5.2,0.0,361.0,1.0,1.0,0.0,3.0,0.8119881255238707,0.18801187447612935,5
1641,10,4.0,6.0,1.0,2.0,2.0,8.0,399.0,2.0,1.0,6.0,7.0,0.72,92.0,0.0,0.0,12.0,1.0,1.875,0.0,1.0,5.2,0.0,361.0,1.0,1.0,0.0,3.0,0.7157417411887057,0.28425825881129435,4
1641,11,4.0,6.0,1.0,2.0,1.0,8.0,399.0,2.0,1.0,6.0,7.0,0.72,92.0,1.0,0.0,12.0,1.0,1.875,0.0,1.0,5.2,0.0,361.0,0.35522664199815,1.0,0.0,3.0,0.507979425441067,0.49202057455893294,4
1641,12,4.0,6.0,1.0,2.0,2.0,8.0,93.111,2.0,1.0,6.0,29.0,0.72,92.0,0.0,0.0,12.0,1.0,1.875,0.0,1.0,0.558139534883721,0.0,361.0,1.0,1.0,0.0,3.0,0.6661958492896398,0.3338041507103602,3
1641,13,4.0,0.0,1.0,2.0,2.0,8.0,93.111,2.0,1.0,6.0,29.0,0.72,92.0,0.0,0.0,12.0,1.0,1.875,0.0,1.0,0.558139534883721,0.0,361.0,1.0,1.0,0.0,3.0,0.724950552611432,0.27504944738856796,4
1641,14,4.0,0.0,1.0,2.0,2.0,8.0,127.0,2.0,1.0,6.0,29.0,0.72,92.0,0.0,0.0,12.0,1.0,1.875,0.0,1.0,0.558139534883721,0.0,361.0,1.0,1.0,0.0,3.0,0.7479747147708549,0.2520252852291451,4
1641,15,4.0,0.0,1.0,2.0,2.0,8.0,127.0,2.0,1.0,6.0,9.0,0.72,92.0,0.0,0.0,12.0,1.0,1.875,0.0,1.0,0.558139534883721,0.0,361.0,1.0,1.0,0.0,3.0,0.7507394995311469,0.24926050046885312,5
1641,16,4.0,6.0,1.0,2.0,2.0,8.0,15.0,2.0,1.0,6.0,29.0,0.72,92.0,1.0,0.0,12.0,1.0,1.875,0.0,1.0,0.558139534883721,0.0,89.0,0.35522664199815,1.0,0.0,3.0,0.5415104741625314,0.45848952583746855,3
1641,17,4.0,6.0,1.0,2.0,2.0,8.0,15.0,2.0,1.0,6.0,3.0,0.72,92.0,0.0,0.0,12.0,1.0,1.875,0.0,1.0,0.558139534883721,0.0,16.0,0.35522664199815,1.0,0.0,3.0,0.7627993083147022,0.2372006916852978,4
1641,18,4.0,6.0,1.0,2.0,2.0,8.0,15.0,2.0,1.0,6.0,3.0,0.72,92.0,0.0,0.0,12.0,1.0,1.875,0.0,1.0,0.558139534883721,0.0,0.0,0.35522664199815,1.0,0.0,3.0,0.7758101107280101,0.22418988927198993,4
1641,19,4.0,6.0,1.0,2.0,2.0,395.0,15.0,2.0,1.0,6.0,3.0,0.72,92.0,0.0,0.0,12.0,1.0,1.875,0.0,1.0,0.558139534883721,0.0,0.0,0.35522664199815,1.0,0.0,3.0,0.7868307497416814,0.2131692502583186,5
1648,0,5.0,0.0,1.0,5.0,3.0,4.0,329.0,2.0,1.0,8.0,48.0,0.46,84.0,2.0,0.0,17.0,2.0,3.09259259259259,1.0,1.0,0.666666666666667,0.0,0.0,1.0,0.0,0.0,2.0,0.5343517965739762,0.46564820342602375,2
1648,1,5.0,0.0,1.0,5.0,3.0,4.0,329.0,2.0,1.0,8.0,48.0,0.46,84.0,4.0,0.0,17.0,2.0,3.9,1.0,1.0,0.666666666666667,0.0,0.0,1.0,0.0,0.0,2.0,0.5118976547266207,0.4881023452733793,2
1648,2,5.0,0.0,1.0,5.0,3.0,4.0,329.0,2.0,1.0,8.0,9.0,0.46,84.0,1.0,0.0,17.0,2.0,8.1,1.0,1.0,0.666666666666667,0.0,0.0,0.705245628642798,0.0,0.0,2.0,0.509722782287193,0.4902772177128069,3
1648,3,5.0,0.0,1.0,5.0,3.0,4.0,329.0,2.0,1.0,8.0,9.0,0.46,84.0,0.0,0.0,17.0,2.0,337.0,1.0,1.0,0.0,0.0,0.0,1.0,0.0,0.0,2.0,0.8882340482146596,0.11176595178534045,5
1648,4,5.0,0.0,1.0,5.0,3.0,4.0,329.0,2.0,1.0,8.0,48.0,0.46,84.0,1.0,0.0,17.0,2.0,8.1,2.0,1.0,0.666666666666667,0.0,0.0,0.705245628642798,0.0,0.0,2.0,0.5005735423923225,0.4994264576076774,3
1648,5,5.0,0.0,2.0,5.0,3.0,4.0,329.0,2.0,1.0,8.0,48.0,0.46,84.0,0.0,0.0,17.0,2.0,337.0,2.0,1.0,0.666666666666667,0.0,0.0,1.0,0.0,0.0,2.0,0.8852699731690988,0.11473002683090115,5
1648,6,5.0,0.0,2.0,5.0,3.0,4.0,329.0,2.0,1.0,8.0,48.0,0.46,84.0,2.0,0.0,17.0,2.0,337.0,1.0,1.0,0.666666666666667,0.0,0.0,0.705245628642798,0.0,0.0,2.0,0.5065980910304884,0.4934019089695117,3
1648,7,5.0,0.0,1.0,5.0,3.0,4.0,329.0,2.0,1.0,8.0,48.0,0.46,84.0,2.0,0.0,17.0,2.0,337.0,0.0,1.0,0.666666666666667,0.0,0.0,0.705245628642798,0.0,0.0,2.0,0.5338223580240511,0.46617764197594896,3
1648,8,5.0,0.0,1.0,5.0,3.0,4.0,329.0,2.0,1.0,8.0,48.0,0.46,84.0,4.0,0.0,17.0,2.0,337.0,1.0,1.0,0.666666666666667,0.0,0.0,1.0,0.0,0.0,2.0,0.6605990826109932,0.3394009173890068,2
1648,9,5.0,0.0,1.0,5.0,3.0,4.0,37.0,2.0,1.0,8.0,48.0,0.46,84.0,4.0,0.0,17.0,2.0,337.0,1.0,1.0,0.666666666666667,0.0,0.0,0.705245628642798,0.0,0.0,2.0,0.5464630532511765,0.45353694674882344,2
1648,10,5.0,0.0,1.0,5.0,3.0,4.0,15.0,2.0,1.0,8.0,48.0,0.46,84.0,4.0,0.0,17.0,1.0,337.0,1.0,1.0,0.666666666666667,0.0,0.0,1.0,0.0,0.0,2.0,0.9384868767119202,0.06151312328807982,4
1648,11,5.0,0.0,1.0,5.0,3.0,4.0,15.0,2.0,1.0,8.0,13.0,0.46,84.0,4.0,0.0,17.0,1.0,337.0,1.0,1.0,0.666666666666667,0.0,0.0,1.0,0.0,0.0,2.0,0.947087662630051,0.05291233736994904,5
1648,12,5.0,0.0,1.0,5.0,62.0,4.0,329.0,2.0,1.0,8.0,48.0,0.46,84.0,0.0,0.0,17.0,2.0,337.0,1.0,1.0,0.666666666666667,0.0,0.0,1.0,0.0,0.0,2.0,0.8848937895600681,0.11510621043993191,4
1648,13,5.0,0.0,1.0,5.0,62.0,4.0,329.0,2.0,1.0,8.0,48.0,0.46,84.0,0.0,0.0,17.0,2.0,337.0,1.0,1.0,0.4,0.0,0.0,1.0,0.0,0.0,2.0,0.898871487053053,0.10112851294694705,5
1648,14,5.0,0.0,1.0,5.0,62.0,4.0,329.0,2.0,1.0,8.0,48.0,0.46,84.0,2.0,0.0,17.0,2.0,337.0,1.0,1.0,0.4,0.0,0.0,1.0,0.0,0.0,2.0,0.9065821913483052,0.09341780865169481,5
1648,15,5.0,0.0,1.0,5.0,3.0,4.0,329.0,2.0,1.0,8.0,7.0,0.46,84.0,1.0,0.0,17.0,2.0,3.09259259259259,1.0,1.0,0.666666666666667,0.0,0.0,0.705245628642798,0.0,0.0,2.0,0.5513875926444674,0.4486124073555326,2
1648,16,5.0,0.0,1.0,5.0,3.0,4.0,329.0,2.0,0.0,8.0,2.0,0.46,84.0,0.0,0.0,17.0,2.0,3.09259259259259,1.0,1.0,0.666666666666667,0.0,0.0,1.0,0.0,0.0,2.0,0.8527366134126273,0.14726338658737267,4
1648,17,5.0,0.0,1.0,5.0,3.0,4.0,127.0,2.0,0.0,8.0,2.0,0.46,84.0,0.0,0.0,17.0,2.0,3.09259259259259,1.0,1.0,0.666666666666667,0.0,0.0,1.0,0.0,0.0,2.0,0.8748376941790079,0.12516230582099214,5
1648,18,5.0,0.0,1.0,5.0,3.0,4.0,329.0,2.0,1.0,8.0,48.0,0.46,84.0,4.0,0.0,17.0,1.0,337.0,1.0,1.0,0.666666666666667,0.0,0.0,1.0,0.0,0.0,2.0,0.7804700588741853,0.21952994112581464,3
1648,19,5.0,0.0,1.0,5.0,3.0,4.0,329.0,2.0,1.0,8.0,48.0,0.46,84.0,4.0,0.0,17.0,1.0,337.0,0.0,1.0,0.666666666666667,0.0,0.0,1.0,0.0,0.0,2.0,0.859059379815504,0.14094062018449607,4
1663,0,1.0,0.0,1.0,0.0,1.0,0.0,52.0,1.0,0.0,0.0,1.0,0.57,0.0,3.0,0.0,67.0,1.0,1.5,1.0,2.0,2.4,0.0,8.0,0.395209580838323,1.0,0.0,4.0,0.5043567545398301,0.4956432454601699,1
1663,1,1.0,0.0,1.0,0.0,1.0,0.0,52.0,1.0,0.0,0.0,1.0,0.57,0.0,0.0,0.0,67.0,1.0,1.5,1.0,2.0,2.4,0.0,8.0,0.395209580838323,1.0,0.0,4.0,0.7891597797468928,0.21084022025310717,2
1663,2,1.0,0.0,1.0,0.0,1.0,0.0,52.0,1.0,0.0,0.0,1.0,0.57,0.0,0.0,0.0,67.0,1.0,1.5,1.0,2.0,2.4,0.0,8.0,0.9,1.0,0.0,4.0,0.9140241535461415,0.08597584645385853,3
1663,3,1.0,0.0,1.0,321.0,1.0,0.0,52.0,1.0,0.0,0.0,1.0,0.57,0.0,0.0,0.0,67.0,1.0,1.5,1.0,2.0,2.4,0.0,8.0,0.9,1.0,0.0,4.0,0.9601508784805985,0.03984912151940148,4
1663,4,1.0,0.0,1.0,321.0,1.0,0.0,15.0,1.0,0.0,0.0,1.0,0.57,0.0,0.0,0.0,67.0,1.0,1.5,1.0,2.0,2.4,0.0,8.0,0.9,1.0,0.0,4.0,0.9713967631016,0.02860323689840002,5
1663,5,1.0,0.0,1.0,0.0,1.0,0.0,52.0,1.0,0.0,0.0,1.0,0.57,0.0,3.0,0.0,67.0,1.0,1.5,1.0,2.0,2.4,0.0,8.0,1.0,1.0,0.0,4.0,0.7614772318431255,0.2385227681568744,2
1663,6,1.0,0.0,1.0,321.0,1.0,0.0,52.0,1.0,0.0,0.0,1.0,0.57,0.0,3.0,0.0,67.0,1.0,1.5,1.0,2.0,2.4,0.0,8.0,1.0,1.0,0.0,4.0,0.8407110130736006,0.1592889869263993,3
1663,7,1.0,0.0,1.0,321.0,1.0,0.0,52.0,1.0,0.0,0.0,1.0,0.57,0.0,3.0,0.0,67.0,1.0,1.5,1.0,2.0,2.4,0.0,8.0,0.9,1.0,0.0,4.0,0.8540097705329733,0.1459902294670267,3
1663,8,1.0,0.0,1.0,321.0,1.0,0.0,52.0,1.0,93.0,0.0,1.0,0.57,0.0,3.0,0.0,67.0,1.0,1.5,1.0,2.0,2.4,0.0,8.0,0.9,1.0,0.0,4.0,0.8731007434371199,0.1268992565628801,4
1663,9,1.0,0.0,1.0,0.0,1.0,0.0,193.556,1.0,0.0,0.0,1.0,0.57,0.0,3.0,0.0,67.0,1.0,1.5,1.0,2.0,2.4,0.0,8.0,0.395209580838323,1.0,0.0,4.0,0.6488151922637972,0.3511848077362027,2
1663,10,0.0,0.0,1.0,0.0,1.0,0.0,193.556,1.0,0.0,0.0,1.0,0.57,0.0,3.0,0.0,67.0,1.0,1.5,1.0,2.0,2.4,0.0,8.0,0.395209580838323,1.0,0.0,4.0,0.7265687404130792,0.2734312595869208,3
1663,11,0.0,0.0,1.0,0.0,1.0,0.0,193.556,1.0,0.0,0.0,1.0,0.57,0.0,3.0,0.0,67.0,2.0,1.5,1.0,2.0,2.4,0.0,8.0,0.395209580838323,1.0,0.0,4.0,0.7778884116735509,0.22211158832644906,4
1663,12,1.0,0.0,1.0,0.0,1.0,15.0,15.0,1.0,0.0,0.0,1.0,0.57,0.0,1.0,0.0,67.0,1.0,1.5,1.0,2.0,2.4,0.0,8.0,0.395209580838323,1.0,0.0,4.0,0.5313788651528886,0.46862113484711143,2
1663,13,1.0,0.0,1.0,0.0,1.0,15.0,193.556,1.0,0.0,0.0,1.0,0.57,0.0,0.0,0.0,67.0,1.0,3.9,1.0,2.0,2.4,0.0,8.0,0.395209580838323,1.0,0.0,4.0,0.7712525222995176,0.22874747770048243,3
1663,14,0.0,0.0,1.0,0.0,1.0,15.0,193.556,1.0,0.0,0.0,1.0,0.57,0.0,0.0,0.0,67.0,1.0,3.9,1.0,2.0,2.4,0.0,8.0,0.395209580838323,1.0,0.0,4.0,0.8002898094078813,0.1997101905921187,4
1663,15,1.0,0.0,1.0,0.0,1.0,0.0,193.556,1.0,0.0,0.0,1.0,0.57,0.0,0.0,0.0,67.0,1.0,1.5,1.0,2.0,2.4,0.0,8.0,0.395209580838323,1.0,0.0,4.0,0.8766387754384223,0.12336122456157776,3
1663,16,1.0,0.0,1.0,0.0,1.0,0.0,193.556,1.0,0.0,0.0,0.0,0.57,0.0,0.0,0.0,67.0,1.0,1.5,1.0,2.0,2.4,0.0,8.0,0.395209580838323,1.0,0.0,4.0,0.9069389333158833,0.09306106668411677,4
1663,17,1.0,0.0,1.0,321.0,1.0,0.0,52.0,1.0,0.0,0.0,1.0,0.57,0.0,0.0,0.0,67.0,1.0,1.5,1.0,2.0,2.4,0.0,8.0,0.395209580838323,1.0,0.0,4.0,0.8231517934389048,0.17684820656109518,3
1663,18,1.0,0.0,2.0,321.0,1.0,0.0,52.0,1.0,0.0,0.0,1.0,0.57,0.0,0.0,0.0,67.0,1.0,1.5,1.0,2.0,2.4,0.0,8.0,0.395209580838323,1.0,0.0,4.0,0.8417212784443852,0.15827872155561487,4
1663,19,1.0,0.0,2.0,321.0,1.0,0.0,52.0,1.0,0.0,0.0,13.0,0.57,0.0,0.0,0.0,67.0,1.0,1.5,1.0,2.0,2.4,0.0,8.0,0.395209580838323,1.0,0.0,4.0,0.8624611696758806,0.13753883032411937,5
1667,0,5.0,0.0,2.0,0.0,2.0,6.0,146.0,1.0,0.0,0.0,12.0,0.69,0.0,3.0,0.0,11.0,1.0,1.0,0.0,1.0,0.842105263157895,0.0,0.0,0.997658079625293,0.0,0.0,1.0,0.5939968545402718,0.4060031454597282,1
1667,1,5.0,0.0,2.0,0.0,2.0,6.0,146.0,1.0,0.0,0.0,12.0,0.69,0.0,4.0,0.0,11.0,1.0,3.0,0.0,1.0,0.842105263157895,0.0,0.0,0.997658079625293,0.0,0.0,1.0,0.5149378269490122,0.48506217305098775,1
1667,2,5.0,0.0,2.0,0.0,62.0,6.0,146.0,1.0,0.0,0.0,12.0,0.69,0.0,0.0,0.0,11.0,1.0,337.0,0.0,1.0,0.842105263157895,0.0,0.0,0.997658079625293,0.0,0.0,1.0,0.9501384145971185,0.0498615854028815,3
1667,3,5.0,0.0,2.0,0.0,62.0,6.0,15.0,1.0,0.0,0.0,12.0,0.69,0.0,0.0,0.0,11.0,1.0,337.0,0.0,1.0,0.842105263157895,0.0,0.0,0.997658079625293,0.0,0.0,1.0,0.9688360211553029,0.03116397884469709,4
1667,4,5.0,0.0,2.0,0.0,62.0,6.0,15.0,1.0,0.0,10.0,12.0,0.69,0.0,0.0,0.0,11.0,1.0,337.0,0.0,1.0,0.842105263157895,0.0,0.0,0.997658079625293,0.0,0.0,1.0,0.977899729112386,0.022100270887613998,5
1667,5,5.0,0.0,2.0,0.0,2.0,6.0,146.0,1.0,0.0,0.0,12.0,0.83,0.0,4.0,0.0,11.0,1.0,1.0,0.0,1.0,0.842105263157895,0.0,0.0,0.997658079625293,0.0,0.0,1.0,0.5070867198641136,0.49291328013588637,1
1667,6,0.0,0.0,2.0,0.0,2.0,6.0,146.0,1.0,0.0,0.0,12.0,29.08,0.0,0.0,0.0,11.0,1.0,1.0,0.0,1.0,0.842105263157895,0.0,0.0,0.997658079625293,0.0,0.0,1.0,0.9630717161174154,0.03692828388258458,3
1667,7,5.0,0.0,2.0,0.0,1.0,6.0,146.0,1.0,0.0,0.0,12.0,0.69,0.0,4.0,0.0,11.0,1.0,1.0,0.0,1.0,0.842105263157895,0.0,0.0,0.997658079625293,0.0,0.0,1.0,0.5639237135243291,0.4360762864756709,1
1667,8,0.0,0.0,2.0,0.0,62.0,6.0,146.0,1.0,0.0,0.0,12.0,29.08,0.0,0.0,0.0,11.0,1.0,1.0,0.0,1.0,0.842105263157895,5.0,0.0,0.997658079625293,0.0,0.0,1.0,0.977536236792255,0.022463763207745062,5
1667,9,5.0,0.0,2.0,0.0,2.0,6.0,146.0,1.0,1.0,0.0,12.0,0.69,0.0,4.0,0.0,11.0,1.0,1.0,0.0,1.0,0.842105263157895,0.0,0.0,0.997658079625293,0.0,0.0,1.0,0.531315763213358,0.4686842367866419,1
1667,10,5.0,0.0,2.0,0.0,2.0,6.0,146.0,1.0,93.0,5.0,12.0,29.08,0.0,0.0,0.0,11.0,1.0,1.0,0.0,1.0,0.842105263157895,0.0,0.0,0.997658079625293,0.0,0.0,1.0,0.9555540200716777,0.044445979928322284,4
1667,11,5.0,0.0,2.0,0.0,0.0,6.0,146.0,1.0,0.0,0.0,12.0,0.69,0.0,0.0,0.0,11.0,1.0,1.0,0.0,1.0,0.842105263157895,0.0,0.0,0.997658079625293,0.0,0.0,1.0,0.9174890353517653,0.08251096464823475,2
1667,12,5.0,0.0,2.0,0.0,2.0,6.0,37.0,1.0,0.0,0.0,12.0,0.69,0.0,4.0,0.0,11.0,1.0,1.0,0.0,1.0,0.842105263157895,0.0,0.0,0.997658079625293,0.0,0.0,1.0,0.5321553386704183,0.46784466132958163,1
1667,13,5.0,0.0,2.0,0.0,0.0,6.0,15.0,1.0,0.0,0.0,12.0,0.69,0.0,0.0,0.0,11.0,1.0,1.0,0.0,1.0,0.842105263157895,0.0,0.0,0.997658079625293,0.0,0.0,0.0,0.9579008335003351,0.042099166499664956,4
1667,14,5.0,0.0,2.0,0.0,2.0,6.0,146.0,1.0,0.0,0.0,12.0,0.69,0.0,4.0,0.0,11.0,1.0,337.0,0.0,1.0,0.842105263157895,0.0,0.0,0.997658079625293,0.0,0.0,1.0,0.7456181320015809,0.25438186799841905,1
1667,15,5.0,0.0,2.0,0.0,0.0,6.0,146.0,1.0,0.0,0.0,12.0,0.69,0.0,4.0,0.0,11.0,1.0,337.0,0.0,1.0,0.842105263157895,0.0,0.0,0.997658079625293,0.0,0.0,1.0,0.8693424200315778,0.1306575799684222,2
1667,16,5.0,0.0,2.0,0.0,0.0,6.0,146.0,1.0,0.0,10.0,12.0,0.69,0.0,4.0,0.0,11.0,1.0,337.0,0.0,1.0,0.842105263157895,0.0,0.0,0.997658079625293,0.0,0.0,1.0,0.9249974122244925,0.07500258777550753,3
1667,17,5.0,0.0,2.0,0.0,0.0,6.0,146.0,1.0,0.0,10.0,12.0,0.69,50.0,4.0,0.0,11.0,1.0,337.0,0.0,1.0,0.842105263157895,0.0,0.0,0.997658079625293,0.0,0.0,1.0,0.9488582541610424,0.051141745838957565,4
1667,18,5.0,0.0,2.0,0.0,0.0,6.0,146.0,1.0,0.0,10.0,12.0,0.05,50.0,4.0,0.0,11.0,1.0,337.0,0.0,1.0,0.842105263157895,0.0,0.0,0.997658079625293,0.0,0.0,1.0,0.964973745401624,0.035026254598376036,5
1667,19,5.0,0.0,2.0,0.0,0.0,6.0,146.0,1.0,0.0,0.0,12.0,0.69,0.0,4.0,0.0,11.0,1.0,1.0,0.0,1.0,0.842105263157895,0.0,0.0,0.997658079625293,0.0,0.0,1.0,0.6767492168396477,0.3232507831603523,1
1668,0,2.0,0.0,1.0,0.0,5.0,3.0,301.0,2.0,4.0,0.0,33.0,29.08,0.0,4.0,0.0,14.0,2.0,1.58974358974359,0.0,1.0,0.714285714285714,0.0,33.0,0.883858267716535,1.0,0.0,3.0,0.581831724377258,0.41816827562274195,1
1668,1,2.0,0.0,1.0,0.0,5.0,3.0,301.0,2.0,4.0,0.0,33.0,29.08,0.0,2.0,0.0,14.0,2.0,1.58974358974359,0.0,1.0,0.714285714285714,0.0,33.0,0.883858267716535,1.0,0.0,3.0,0.7739152264176927,0.22608477358230727,2
1668,2,2.0,0.0,1.0,0.0,5.0,3.0,71.0,2.0,4.0,0.0,33.0,29.08,0.0,2.0,0.0,14.0,2.0,1.58974358974359,0.0,1.0,0.714285714285714,0.0,33.0,0.883858267716535,1.0,0.0,3.0,0.8613178133259917,0.1386821866740083,3
1668,3,2.0,0.0,1.0,0.0,5.0,3.0,193.556,2.0,4.0,0.0,33.0,0.31,0.0,4.0,0.0,14.0,2.0,1.58974358974359,0.0,1.0,0.714285714285714,0.0,2.0,0.883858267716535,1.0,0.0,3.0,0.602772310539482,0.39722768946051795,2
1668,4,2.0,0.0,1.0,0.0,5.0,3.0,71.0,2.0,4.0,0.0,33.0,29.08,0.0,2.0,0.0,14.0,2.0,1.58974358974359,0.0,1.0,0.714285714285714,0.0,2.0,0.883858267716535,1.0,0.0,0.0,0.9707870461474812,0.029212953852518733,5
1668,5,2.0,0.0,1.0,0.0,5.0,3.0,71.0,2.0,4.0,0.0,33.0,29.08,0.0,2.0,0.0,14.0,2.0,1.58974358974359,0.0,1.0,0.714285714285714,0.0,0.0,0.883858267716535,1.0,0.0,0.0,0.9739226104316246,0.026077389568375405,5
1668,6,2.0,0.0,1.0,0.0,5.0,3.0,52.0,2.0,4.0,0.0,33.0,29.08,0.0,2.0,0.0,14.0,2.0,1.58974358974359,0.0,1.0,0.714285714285714,0.0,0.0,0.883858267716535,1.0,0.0,0.0,0.9776546026979914,0.02234539730200857,5
1668,7,2.0,0.0,1.0,0.0,5.0,3.0,71.0,2.0,4.0,0.0,33.0,29.08,0.0,4.0,0.0,14.0,2.0,1.58974358974359,0.0,1.0,0.714285714285714,0.0,33.0,0.883858267716535,1.0,0.0,3.0,0.764845842055891,0.23515415794410896,2
1668,8,2.0,0.0,1.0,0.0,5.0,3.0,71.0,2.0,4.0,0.0,33.0,29.08,0.0,4.0,0.0,14.0,2.0,1.58974358974359,0.0,1.0,0.714285714285714,0.0,2.0,0.883858267716535,1.0,0.0,3.0,0.8577473485306485,0.1422526514693515,3
1668,9,2.0,0.0,1.0,0.0,5.0,3.0,71.0,2.0,4.0,3.0,33.0,29.08,0.0,4.0,0.0,14.0,2.0,1.58974358974359,0.0,1.0,0.714285714285714,0.0,2.0,0.883858267716535,1.0,0.0,3.0,0.8886327028051955,0.1113672971948046,4
1668,10,2.0,0.0,1.0,0.0,0.0,3.0,71.0,2.0,4.0,3.0,33.0,29.08,0.0,4.0,0.0,14.0,2.0,1.58974358974359,0.0,1.0,0.714285714285714,0.0,2.0,0.883858267716535,1.0,0.0,3.0,0.8981468925101836,0.10185310748981631,5
1668,11,2.0,0.0,1.0,0.0,0.0,3.0,93.111,2.0,4.0,3.0,33.0,29.08,0.0,4.0,0.0,14.0,2.0,1.58974358974359,0.0,1.0,0.714285714285714,0.0,2.0,0.883858267716535,1.0,0.0,3.0,0.9066338342919039,0.09336616570809611,5
1668,12,2.0,0.0,1.0,0.0,5.0,3.0,93.111,2.0,4.0,0.0,9.0,0.31,0.0,4.0,0.0,14.0,2.0,1.58974358974359,0.0,1.0,0.714285714285714,0.0,33.0,0.883858267716535,1.0,0.0,3.0,0.5493491732616396,0.4506508267383605,2
1668,13,2.0,0.0,1.0,0.0,5.0,3.0,71.0,2.0,4.0,0.0,3.0,29.08,0.0,4.0,0.0,14.0,2.0,1.58974358974359,0.0,1.0,0.714285714285714,0.0,33.0,0.883858267716535,1.0,0.0,1.0,0.8503476000052868,0.1496523999947133,4
1668,14,2.0,0.0,1.0,0.0,5.0,3.0,71.0,2.0,4.0,0.0,1.0,29.08,0.0,4.0,0.0,14.0,2.0,1.58974358974359,0.0,1.0,0.714285714285714,0.0,33.0,0.883858267716535,1.0,0.0,1.0,0.862031423000891,0.13796857699910897,4
1668,15,2.0,0.0,1.0,0.0,5.0,3.0,71.0,2.0,4.0,0.0,33.0,29.08,0.0,4.0,0.0,14.0,2.0,1.58974358974359,0.0,1.0,0.714285714285714,0.0,2.0,0.883858267716535,1.0,0.0,1.0,0.919721274742358,0.08027872525764206,4
1668,16,2.0,0.0,1.0,0.0,5.0,3.0,71.0,2.0,4.0,0.0,33.0,29.08,0.0,4.0,0.0,14.0,2.0,1.58974358974359,0.0,1.0,0.714285714285714,0.0,0.0,0.883858267716535,1.0,0.0,1.0,0.9238486072977702,0.0761513927022298,4
1668,17,2.0,0.0,1.0,0.0,5.0,3.0,52.0,2.0,4.0,0.0,33.0,29.08,0.0,4.0,0.0,14.0,2.0,1.58974358974359,0.0,1.0,0.714285714285714,0.0,0.0,0.883858267716535,1.0,0.0,1.0,0.9260168106811297,0.07398318931887031,4
1668,18,2.0,0.0,1.0,0.0,5.0,3.0,52.0,2.0,4.0,0.0,33.0,29.08,0.0,4.0,0.0,14.0,2.0,1.58974358974359,0.0,1.0,0.714285714285714,0.0,0.0,0.883858267716535,1.0,0.0,0.0,0.926160199510181,0.07383980048981899,4
1668,19,2.0,0.0,1.0,0.0,5.0,3.0,301.0,2.0,4.0,0.0,33.0,0.31,0.0,2.0,0.0,14.0,2.0,1.58974358974359,0.0,1.0,0.714285714285714,0.0,33.0,0.883858267716535,1.0,0.0,3.0,0.5187355737979702,0.4812644262020298,1
1669,0,19.0,0.0,1.0,10.0,5.0,6.0,93.111,1.0,1.0,0.0,57.0,0.2,96.0,2.0,1.0,20.0,1.0,3.18181818181818,0.0,2.0,1.74683544303797,0.0,1.0,0.867291844273941,1.0,0.0,7.0,0.501740876466535,0.49825912353346496,2
1669,1,19.0,0.0,1.0,10.0,5.0,6.0,71.0,1.0,1.0,0.0,57.0,0.2,96.0,4.0,1.0,20.0,1.0,3.18181818181818,0.0,2.0,1.74683544303797,0.0,1.0,0.867291844273941,1.0,0.0,1.0,0.5479521641870497,0.4520478358129503,2
1669,2,19.0,0.0,1.0,2.0,5.0,6.0,15.0,1.0,1.0,0.0,57.0,0.2,96.0,4.0,1.0,20.0,1.0,3.18181818181818,0.0,2.0,1.74683544303797,0.0,1.0,0.867291844273941,1.0,0.0,7.0,0.5419627233620206,0.4580372766379795,2
1669,3,19.0,0.0,1.0,1.0,4.0,6.0,15.0,1.0,1.0,0.0,57.0,0.2,96.0,0.0,1.0,20.0,1.0,3.18181818181818,0.0,2.0,1.74683544303797,0.0,1.0,0.867291844273941,1.0,0.0,0.0,0.9657258349954284,0.034274165004571575,5
1669,4,19.0,0.0,1.0,10.0,5.0,6.0,15.0,1.0,0.0,0.0,57.0,0.2,96.0,0.0,1.0,20.0,1.0,3.18181818181818,0.0,2.0,1.74683544303797,0.0,1.0,0.867291844273941,1.0,0.0,0.0,0.9497140282777307,0.050285971722269306,4
1669,5,19.0,0.0,0.0,10.0,5.0,6.0,15.0,1.0,0.0,0.0,57.0,0.2,96.0,0.0,1.0,20.0,1.0,3.18181818181818,0.0,2.0,1.74683544303797,0.0,1.0,0.867291844273941,1.0,0.0,0.0,0.9504658141913773,0.04953418580862272,5
1669,6,19.0,0.0,1.0,10.0,5.0,6.0,15.0,1.0,1.0,0.0,9.0,0.2,96.0,4.0,1.0,20.0,1.0,3.18181818181818,0.0,2.0,1.74683544303797,0.0,1.0,0.867291844273941,1.0,0.0,7.0,0.502751507422824,0.49724849257717596,2
1669,7,19.0,0.0,0.0,10.0,5.0,6.0,15.0,1.0,1.0,0.0,0.0,0.2,96.0,0.0,1.0,20.0,1.0,3.18181818181818,0.0,2.0,1.74683544303797,0.0,1.0,0.867291844273941,1.0,0.0,0.0,0.9570057191532189,0.042994280846781106,5
1669,8,19.0,0.0,0.0,10.0,5.0,6.0,15.0,1.0,1.0,0.0,57.0,0.2,96.0,0.0,1.0,20.0,1.0,3.18181818181818,0.0,2.0,1.74683544303797,0.0,1.0,0.867291844273941,1.0,0.0,0.0,0.9398055660656182,0.06019443393438189,4
1669,9,19.0,0.0,0.0,10.0,5.0,6.0,15.0,1.0,1.0,0.0,57.0,0.2,96.0,0.0,1.0,20.0,1.0,3.18181818181818,0.0,2.0,1.74683544303797,0.0,1.0,0.867291844273941,0.5,0.0,0.0,0.9401005475246412,0.05989945247535882,5
1669,10,19.0,0.0,1.0,10.0,5.0,6.0,15.0,1.0,0.0,0.0,57.0,0.2,96.0,0.0,1.0,20.0,1.0,3.18181818181818,0.0,2.0,1.74683544303797,0.0,1.0,0.9,1.0,0.0,0.0,0.9576989910589869,0.042301008941013046,5
1669,11,19.0,0.0,1.0,10.0,1.0,6.0,15.0,1.0,1.0,0.0,57.0,0.2,96.0,0.0,1.0,20.0,1.0,3.18181818181818,0.0,2.0,1.74683544303797,0.0,1.0,0.867291844273941,1.0,0.0,7.0,0.8377158781094558,0.16228412189054423,3
1669,12,19.0,0.0,1.0,10.0,1.0,6.0,15.0,1.0,1.0,0.0,57.0,0.2,96.0,0.0,1.0,20.0,1.0,3.18181818181818,0.0,2.0,1.74683544303797,0.0,2.0,0.867291844273941,1.0,0.0,7.0,0.8590188864436084,0.1409811135563917,4
1669,13,19.0,0.0,1.0,10.0,1.0,6.0,15.0,1.0,1.0,0.0,57.0,0.05,96.0,0.0,1.0,20.0,1.0,3.18181818181818,0.0,2.0,1.74683544303797,0.0,2.0,0.867291844273941,1.0,0.0,7.0,0.8760609079999166,0.12393909200008331,5
1669,14,19.0,0.0,1.0,10.0,1.0,6.0,15.0,1.0,1.0,0.0,57.0,0.05,96.0,0.0,1.0,20.0,1.0,3.18181818181818,0.0,2.0,1.74683544303797,0.0,0.0,0.867291844273941,1.0,0.0,7.0,0.8982564820123091,0.10174351798769089,5
1669,15,19.0,0.0,1.0,10.0,62.0,6.0,15.0,1.0,1.0,0.0,57.0,0.2,96.0,0.0,1.0,20.0,1.0,3.18181818181818,0.0,2.0,1.74683544303797,0.0,1.0,0.867291844273941,1.0,0.0,0.0,0.9503075937054563,0.049692406294543745,4
1669,16,19.0,0.0,1.0,10.0,62.0,6.0,15.0,1.0,1.0,0.0,57.0,0.2,96.0,0.0,1.0,20.0,0.0,3.18181818181818,0.0,2.0,1.74683544303797,0.0,1.0,0.867291844273941,1.0,0.0,0.0,0.957549353363446,0.04245064663655396,5
1669,17,19.0,0.0,1.0,10.0,5.0,6.0,527.0,1.0,1.0,0.0,57.0,0.2,96.0,1.0,1.0,20.0,1.0,3.18181818181818,0.0,2.0,1.74683544303797,0.0,1.0,0.867291844273941,1.0,0.0,2.0,0.6031780272205316,0.39682197277946846,2
1669,18,19.0,0.0,1.0,321.0,5.0,6.0,527.0,1.0,1.0,0.0,57.0,0.2,96.0,0.0,1.0,20.0,1.0,3.18181818181818,0.0,2.0,1.74683544303797,0.0,1.0,0.867291844273941,1.0,0.0,0.0,0.7713543657864208,0.22864563421357922,3
1669,19,19.0,0.0,1.0,321.0,4.0,6.0,527.0,1.0,1.0,0.0,57.0,0.2,96.0,4.0,1.0,20.0,1.0,3.18181818181818,0.0,2.0,1.74683544303797,0.0,1.0,0.867291844273941,1.0,0.0,0.0,0.500982088091353,0.49901791190864697,3
1671,0,0.0,0.0,1.0,0.0,1.0,9.0,137.0,1.0,2.0,2.0,10.0,0.69,83.0,3.0,0.0,8.0,1.0,1.5,0.0,2.0,0.428571428571429,0.0,0.0,0.929347826086957,0.0,0.0,3.0,0.5004163730067956,0.49958362699320435,1
1671,1,0.0,0.0,1.0,0.0,1.0,9.0,137.0,1.0,2.0,2.0,10.0,1.47,83.0,4.0,0.0,8.0,1.0,1.5,0.0,2.0,0.428571428571429,0.0,0.0,0.929347826086957,0.0,0.0,3.0,0.5101271560450683,0.4898728439549317,1
1671,2,0.0,0.0,1.0,0.0,1.0,9.0,15.0,1.0,2.0,2.0,10.0,0.69,83.0,4.0,0.0,8.0,1.0,1.5,0.0,2.0,0.428571428571429,0.0,0.0,0.929347826086957,0.0,0.0,3.0,0.5301988289085415,0.46980117109145847,1
1671,3,0.0,0.0,1.0,0.0,1.0,9.0,15.0,1.0,2.0,2.0,10.0,29.08,83.0,0.0,0.0,8.0,1.0,1.5,0.0,2.0,0.428571428571429,0.0,0.0,0.929347826086957,0.0,0.0,0.0,0.9895209455295141,0.010479054470485907,4
1671,4,0.0,0.0,1.0,2.0,1.0,9.0,15.0,1.0,2.0,2.0,10.0,29.08,83.0,0.0,0.0,8.0,1.0,1.5,0.0,2.0,0.428571428571429,0.0,0.0,0.929347826086957,0.0,0.0,0.0,0.991147577758508,0.008852422241491915,5
1671,5,0.0,0.0,1.0,0.0,1.0,9.0,15.0,1.0,2.0,2.0,10.0,0.69,83.0,0.0,0.0,8.0,1.0,1.5,0.0,2.0,0.428571428571429,0.0,0.0,0.929347826086957,0.0,0.0,3.0,0.9077998522667252,0.09220014773327474,2
1671,6,0.0,0.0,1.0,0.0,1.0,9.0,15.0,1.0,2.0,2.0,10.0,0.69,83.0,0.0,0.0,8.0,1.0,1.5,0.0,2.0,0.428571428571429,0.0,0.0,0.929347826086957,0.0,0.0,0.0,0.9664345231328778,0.03356547686712218,3
1671,7,0.0,0.0,1.0,0.0,1.0,9.0,15.0,1.0,2.0,2.0,10.0,0.69,83.0,0.0,0.0,8.0,1.0,4.8,0.0,2.0,0.428571428571429,0.0,0.0,0.929347826086957,0.0,0.0,0.0,0.9737129277899024,0.026287072210097625,4
1671,8,0.0,0.0,1.0,0.0,1.0,9.0,15.0,1.0,2.0,2.0,10.0,0.69,83.0,0.0,0.0,8.0,0.0,4.8,0.0,2.0,0.428571428571429,0.0,0.0,0.929347826086957,0.0,0.0,0.0,0.9764166084913987,0.02358339150860137,5
1671,9,0.0,0.0,1.0,0.0,1.0,9.0,137.0,1.0,2.0,2.0,10.0,0.69,83.0,0.0,0.0,8.0,1.0,1.5,0.0,2.0,0.428571428571429,0.0,0.0,1.0,0.0,0.0,3.0,0.8619935414951863,0.13800645850481372,2
1671,10,0.0,0.0,1.0,2.0,1.0,9.0,137.0,1.0,2.0,2.0,10.0,0.69,83.0,0.0,0.0,8.0,1.0,1.5,0.0,2.0,0.428571428571429,0.0,0.0,1.0,0.0,0.0,3.0,0.8810359551349661,0.1189640448650339,3
1671,11,0.0,0.0,1.0,2.0,62.0,9.0,137.0,1.0,2.0,2.0,10.0,0.69,83.0,0.0,0.0,8.0,1.0,1.5,0.0,2.0,0.428571428571429,0.0,0.0,1.0,0.0,0.0,3.0,0.8901230943286237,0.10987690567137627,4
1671,12,0.0,0.0,1.0,7.0,62.0,9.0,137.0,1.0,2.0,2.0,10.0,0.69,83.0,0.0,0.0,8.0,1.0,1.5,0.0,2.0,0.428571428571429,0.0,0.0,1.0,0.0,0.0,3.0,0.9025718347459657,0.09742816525403426,4
1671,13,0.0,0.0,1.0,0.0,1.0,9.0,15.0,1.0,0.0,2.0,10.0,0.69,83.0,0.0,0.0,8.0,1.0,1.5,0.0,2.0,0.428571428571429,0.0,0.0,0.929347826086957,0.0,0.0,0.0,0.9707425932631724,0.029257406736827665,4
1671,14,0.0,0.0,1.0,0.0,1.0,9.0,137.0,1.0,2.0,2.0,10.0,29.08,83.0,4.0,0.0,8.0,1.0,1.5,0.0,2.0,0.428571428571429,0.0,0.0,0.929347826086957,0.0,0.0,3.0,0.609491519136794,0.39050848086320605,1
1671,15,0.0,0.0,1.0,0.0,1.0,9.0,137.0,1.0,2.0,2.0,10.0,29.08,83.0,4.0,0.0,8.0,1.0,1.5,0.0,2.0,0.428571428571429,0.0,0.0,0.929347826086957,0.0,0.0,0.0,0.8301337132855506,0.1698662867144494,2
1671,16,0.0,0.0,1.0,0.0,0.0,9.0,137.0,1.0,2.0,2.0,10.0,29.08,83.0,4.0,0.0,8.0,1.0,1.5,0.0,2.0,0.428571428571429,0.0,0.0,0.929347826086957,0.0,0.0,0.0,0.8885433524419557,0.11145664755804428,3
1671,17,0.0,0.0,1.0,2.0,0.0,9.0,137.0,1.0,2.0,2.0,10.0,29.08,83.0,4.0,0.0,8.0,1.0,1.5,0.0,2.0,0.428571428571429,0.0,0.0,0.929347826086957,0.0,0.0,0.0,0.9039173482835294,0.09608265171647062,4
1671,18,0.0,0.0,1.0,2.0,0.0,9.0,137.0,1.0,2.0,2.0,10.0,29.08,83.0,4.0,0.0,8.0,1.0,2.3,0.0,2.0,0.428571428571429,0.0,0.0,0.929347826086957,0.0,0.0,0.0,0.9115610238283995,0.08843897617160046,5
1671,19,0.0,0.0,1.0,0.0,1.0,9.0,137.0,1.0,2.0,2.0,10.0,29.08,83.0,4.0,0.0,8.0,1.0,1.5,0.0,2.0,0.428571428571429,0.0,0.0,1.0,0.0,0.0,3.0,0.7746111907077582,0.22538880929224184,2
1675,0,19.0,2.0,1.0,6.0,1.0,2.0,105.0,3.0,2.0,5.0,17.0,0.16,90.0,4.0,0.0,9.0,1.0,2.925,0.0,0.0,0.659090909090909,0.0,2.0,0.928042328042328,1.0,0.0,0.0,0.6357206905942461,0.36427930940575387,1
1675,1,19.0,2.0,1.0,6.0,1.0,2.0,105.0,3.0,2.0,5.0,17.0,0.16,90.0,0.0,0.0,9.0,1.0,2.925,0.0,0.0,0.659090909090909,0.0,0.0,0.928042328042328,1.0,0.0,0.0,0.8736400599435171,0.1263599400564829,2
1675,2,19.0,2.0,1.0,6.0,1.0,2.0,37.0,3.0,2.0,5.0,17.0,0.16,90.0,4.0,0.0,9.0,1.0,2.925,0.0,0.0,0.659090909090909,0.0,68.0,0.928042328042328,1.0,0.0,0.0,0.5436972179709275,0.4563027820290725,1
1675,3,1.0,2.0,1.0,6.0,1.0,2.0,15.0,3.0,2.0,5.0,17.0,0.16,90.0,0.0,0.0,9.0,1.0,2.925,0.0,0.0,0.659090909090909,0.0,0.0,0.928042328042328,1.0,0.0,0.0,0.9651105111160635,0.03488948888393651,4
1675,4,19.0,2.0,1.0,6.0,1.0,2.0,105.0,3.0,2.0,5.0,17.0,0.16,90.0,1.0,0.0,9.0,1.0,2.925,0.0,0.0,0.659090909090909,0.0,68.0,0.928042328042328,1.0,0.0,0.0,0.6597806553511154,0.34021934464888465,1
1675,5,19.0,2.0,1.0,6.0,1.0,2.0,15.0,3.0,2.0,5.0,17.0,0.16,90.0,0.0,0.0,9.0,1.0,2.925,0.0,0.0,0.659090909090909,0.0,68.0,0.928042328042328,1.0,0.0,0.0,0.7975069704224012,0.2024930295775988,2
1675,6,19.0,2.0,1.0,6.0,1.0,2.0,15.0,3.0,2.0,5.0,17.0,0.16,90.0,0.0,0.0,128.0,1.0,2.925,0.0,0.0,0.659090909090909,0.0,68.0,0.928042328042328,1.0,0.0,0.0,0.8513705540600149,0.14862944593998503,3
1675,7,19.0,98.0,1.0,6.0,1.0,2.0,105.0,3.0,2.0,5.0,17.0,0.16,90.0,4.0,0.0,9.0,1.0,2.925,0.0,0.0,0.659090909090909,0.0,68.0,0.928042328042328,1.0,0.0,0.0,0.5169035605408719,0.48309643945912806,1
1675,8,1.0,2.0,1.0,6.0,1.0,2.0,105.0,3.0,2.0,5.0,17.0,0.16,90.0,4.0,0.0,9.0,1.0,2.925,0.0,0.0,0.659090909090909,0.0,0.0,0.928042328042328,1.0,0.0,0.0,0.8164759250417437,0.18352407495825634,2
1675,9,1.0,2.0,1.0,6.0,1.0,2.0,105.0,3.0,2.0,5.0,17.0,0.16,90.0,4.0,0.0,9.0,1.0,2.925,0.0,0.0,0.659090909090909,5.0,0.0,0.928042328042328,1.0,0.0,0.0,0.8757814279335221,0.1242185720664779,3
1675,10,1.0,98.0,1.0,6.0,1.0,2.0,105.0,3.0,2.0,5.0,17.0,0.16,90.0,4.0,0.0,9.0,1.0,2.925,0.0,0.0,0.659090909090909,5.0,0.0,0.928042328042328,1.0,0.0,0.0,0.9158824149875899,0.08411758501241008,4
1675,11,1.0,98.0,1.0,6.0,1.0,0.0,105.0,3.0,2.0,5.0,17.0,0.16,90.0,4.0,0.0,9.0,1.0,2.925,0.0,0.0,0.659090909090909,5.0,0.0,0.928042328042328,1.0,0.0,0.0,0.934250057515341,0.06574994248465901,5
1675,12,19.0,2.0,1.0,6.0,1.0,2.0,15.0,3.0,2.0,5.0,17.0,0.16,90.0,4.0,0.0,9.0,1.0,2.925,0.0,0.0,0.659090909090909,0.0,0.0,0.928042328042328,1.0,0.0,0.0,0.8353629487361528,0.16463705126384723,2
1675,13,0.0,2.0,1.0,6.0,1.0,2.0,15.0,3.0,2.0,5.0,17.0,0.16,90.0,4.0,0.0,9.0,1.0,2.925,0.0,0.0,0.659090909090909,0.0,0.0,0.928042328042328,1.0,0.0,0.0,0.9124559189714146,0.08754408102858534,3
1675,14,0.0,2.0,1.0,6.0,1.0,2.0,15.0,3.0,2.0,5.0,17.0,0.16,90.0,4.0,0.0,9.0,1.0,2.925,0.0,0.0,0.659090909090909,0.0,0.0,1.0,1.0,0.0,0.0,0.9291254116828718,0.07087458831712817,4
1675,15,0.0,2.0,1.0,6.0,1.0,2.0,15.0,3.0,2.0,5.0,17.0,0.16,90.0,4.0,0.0,9.0,1.0,2.925,0.0,0.0,5.2,0.0,0.0,1.0,1.0,0.0,0.0,0.9425389826610209,0.057461017338979126,5
1675,16,1.0,2.0,1.0,6.0,1.0,2.0,15.0,3.0,2.0,5.0,17.0,0.16,90.0,4.0,0.0,9.0,1.0,2.925,0.0,0.0,5.2,0.0,0.0,1.0,1.0,0.0,0.0,0.9521289714037258,0.04787102859627419,5
1675,17,1.0,2.0,1.0,6.0,1.0,2.0,15.0,3.0,2.0,5.0,17.0,0.16,90.0,4.0,0.0,9.0,1.0,2.925,0.0,0.0,5.2,0.0,2.0,1.0,1.0,0.0,0.0,0.9598376056857209,0.040162394314279176,5
1675,18,19.0,2.0,1.0,6.0,1.0,2.0,105.0,3.0,2.0,5.0,17.0,0.16,90.0,4.0,0.0,9.0,6.0,2.925,0.0,0.0,0.659090909090909,0.0,68.0,0.928042328042328,1.0,0.0,0.0,0.508765868066824,0.491234131933176,1
1675,19,2.0,2.0,1.0,6.0,1.0,2.0,105.0,3.0,2.0,5.0,17.0,0.16,90.0,4.0,0.0,9.0,1.0,2.925,0.0,0.0,0.659090909090909,0.0,68.0,0.928042328042328,1.0,0.0,0.0,0.5159326725722517,0.4840673274277483,1
1677,0,5.0,1.0,1.0,5.0,1.0,3.0,174.0,2.0,4.0,1.0,26.0,3.24,78.0,4.0,0.0,10.0,1.0,2.27777777777778,0.0,2.0,0.435897435897436,0.0,335.0,1.0,0.857142857142857,0.0,0.0,0.5163815539847478,0.4836184460152522,1
1677,1,5.0,1.0,1.0,5.0,1.0,3.0,174.0,2.0,4.0,1.0,26.0,29.08,78.0,0.0,0.0,10.0,1.0,2.27777777777778,0.0,2.0,0.435897435897436,0.0,335.0,1.0,0.857142857142857,0.0,0.0,0.8976102206532259,0.10238977934677411,2
1677,2,5.0,1.0,1.0,5.0,1.0,3.0,174.0,2.0,4.0,1.0,26.0,0.38,78.0,4.0,0.0,10.0,1.0,2.27777777777778,0.0,2.0,0.435897435897436,0.0,0.0,1.0,0.857142857142857,0.0,0.0,0.5546624056882897,0.44533759431171027,1
1677,3,5.0,1.0,1.0,5.0,1.0,3.0,15.0,2.0,4.0,1.0,26.0,29.08,78.0,0.0,0.0,10.0,1.0,2.27777777777778,0.0,2.0,0.435897435897436,0.0,0.0,1.0,0.857142857142857,0.0,0.0,0.981046321472703,0.01895367852729702,4
1677,4,5.0,0.0,1.0,5.0,1.0,3.0,15.0,2.0,4.0,1.0,26.0,29.08,78.0,0.0,0.0,10.0,1.0,2.27777777777778,0.0,2.0,0.435897435897436,0.0,0.0,1.0,0.857142857142857,0.0,0.0,0.9869786563655519,0.01302134363444803,5
1677,5,5.0,1.0,1.0,5.0,1.0,3.0,174.0,2.0,4.0,1.0,26.0,29.08,78.0,4.0,0.0,10.0,1.0,2.27777777777778,0.0,2.0,0.435897435897436,0.0,0.0,1.0,0.857142857142857,0.0,0.0,0.7706464451851618,0.22935355481483827,2
1677,6,5.0,1.0,1.0,5.0,1.0,3.0,174.0,2.0,4.0,1.0,26.0,29.08,78.0,4.0,0.0,10.0,1.0,2.27777777777778,0.0,25.0,0.435897435897436,0.0,0.0,1.0,0.857142857142857,0.0,0.0,0.8355753292858382,0.1644246707141618,3
1677,7,5.0,0.0,1.0,5.0,1.0,3.0,174.0,2.0,4.0,1.0,26.0,29.08,78.0,4.0,0.0,10.0,1.0,2.27777777777778,0.0,25.0,0.435897435897436,0.0,0.0,1.0,0.857142857142857,0.0,0.0,0.8751740874491643,0.12482591255083579,4
1677,8,5.0,1.0,1.0,5.0,1.0,3.0,15.0,2.0,4.0,1.0,26.0,29.08,78.0,4.0,0.0,10.0,1.0,2.27777777777778,0.0,2.0,0.435897435897436,0.0,335.0,1.0,0.857142857142857,0.0,0.0,0.7902302230842586,0.2097697769157414,2
1677,9,2.0,1.0,1.0,5.0,1.0,3.0,15.0,2.0,4.0,1.0,26.0,29.08,78.0,4.0,0.0,10.0,1.0,2.27777777777778,0.0,2.0,0.435897435897436,0.0,335.0,1.0,0.857142857142857,0.0,0.0,0.8627502506736348,0.13724974932636524,3
1677,10,2.0,1.0,1.0,5.0,1.0,3.0,15.0,2.0,4.0,1.0,26.0,29.08,50.0,4.0,0.0,10.0,1.0,2.27777777777778,0.0,2.0,0.435897435897436,0.0,335.0,1.0,0.857142857142857,0.0,0.0,0.902915490001952,0.09708450999804799,4
1677,11,2.0,1.0,1.0,5.0,1.0,3.0,15.0,2.0,4.0,1.0,26.0,29.08,50.0,4.0,0.0,10.0,0.0,2.27777777777778,0.0,2.0,0.435897435897436,0.0,335.0,1.0,0.857142857142857,0.0,0.0,0.9134179795286932,0.08658202047130681,5
1677,12,5.0,1.0,1.0,5.0,1.0,3.0,15.0,2.0,4.0,1.0,26.0,29.08,78.0,4.0,0.0,10.0,1.0,2.27777777777778,0.0,2.0,0.435897435897436,0.0,0.0,1.0,0.857142857142857,0.0,0.0,0.9094504729333712,0.09054952706662879,3
1677,13,2.0,1.0,1.0,5.0,1.0,3.0,15.0,2.0,4.0,1.0,26.0,29.08,78.0,4.0,0.0,10.0,1.0,2.27777777777778,0.0,2.0,0.435897435897436,0.0,0.0,1.0,0.857142857142857,0.0,0.0,0.9456579060531336,0.05434209394686644,4
1677,14,2.0,1.0,1.0,5.0,1.0,3.0,15.0,2.0,93.0,1.0,26.0,29.08,78.0,4.0,0.0,10.0,1.0,2.27777777777778,0.0,2.0,0.435897435897436,0.0,0.0,1.0,0.857142857142857,0.0,0.0,0.9616486654934879,0.03835133450651207,5
1677,15,5.0,1.0,1.0,5.0,1.0,3.0,174.0,2.0,4.0,1.0,26.0,0.38,78.0,1.0,0.0,10.0,1.0,2.27777777777778,0.0,2.0,0.435897435897436,0.0,335.0,1.0,0.857142857142857,0.0,0.0,0.555174187192587,0.4448258128074129,1
1677,16,5.0,1.0,1.0,5.0,1.0,3.0,174.0,2.0,4.0,1.0,26.0,0.38,78.0,0.0,0.0,10.0,1.0,2.27777777777778,0.0,2.0,0.435897435897436,0.0,0.0,1.0,0.857142857142857,0.0,0.0,0.8359776124182972,0.16402238758170282,2
1677,17,5.0,1.0,1.0,5.0,1.0,3.0,15.0,2.0,4.0,1.0,26.0,0.38,78.0,0.0,0.0,10.0,1.0,2.27777777777778,0.0,2.0,0.435897435897436,0.0,0.0,1.0,0.857142857142857,0.0,0.0,0.9034878789536916,0.09651212104630837,3
1677,18,5.0,1.0,1.0,5.0,1.0,3.0,15.0,2.0,4.0,1.0,26.0,0.38,66.0,0.0,0.0,10.0,1.0,2.27777777777778,0.0,2.0,0.435897435897436,0.0,0.0,1.0,0.857142857142857,0.0,0.0,0.9337981895421094,0.06620181045789061,4
1677,19,5.0,1.0,1.0,5.0,1.0,3.0,15.0,2.0,4.0,1.0,26.0,0.38,66.0,0.0,0.0,10.0,1.0,2.27777777777778,0.0,25.0,0.435897435897436,0.0,0.0,1.0,0.857142857142857,0.0,0.0,0.9443302250308124,0.05566977496918755,5
1683,0,48.0,0.0,2.0,6.0,17.0,8.0,37.0,1.0,1.0,1.0,55.0,0.32,98.0,4.0,0.0,16.0,1.0,4.70192307692308,0.0,0.0,0.830188679245283,0.0,0.0,0.557471264367816,0.0,0.0,5.0,0.5288113504479923,0.47118864955200773,1
1683,1,48.0,0.0,2.0,6.0,17.0,8.0,15.0,1.0,1.0,1.0,55.0,0.32,98.0,4.0,0.0,16.0,1.0,4.70192307692308,0.0,0.0,0.830188679245283,0.0,0.0,1.0,0.0,0.0,5.0,0.770915498965178,0.22908450103482203,2
1683,2,48.0,0.0,2.0,6.0,17.0,8.0,15.0,1.0,1.0,1.0,55.0,0.32,98.0,4.0,0.0,16.0,1.0,4.70192307692308,0.0,0.0,0.830188679245283,0.0,0.0,1.0,0.0,0.0,0.0,0.8993596774140574,0.1006403225859426,3
1683,3,48.0,0.0,2.0,6.0,17.0,8.0,15.0,1.0,1.0,1.0,13.0,0.32,98.0,4.0,0.0,16.0,1.0,4.70192307692308,0.0,0.0,0.830188679245283,0.0,0.0,1.0,0.0,0.0,0.0,0.9320872388045983,0.06791276119540167,4
1683,4,48.0,0.0,2.0,7.0,17.0,8.0,15.0,1.0,1.0,1.0,13.0,0.32,98.0,4.0,0.0,16.0,1.0,4.70192307692308,0.0,0.0,0.830188679245283,0.0,0.0,1.0,0.0,0.0,0.0,0.9349211441947636,0.06507885580523638,5
1683,5,48.0,0.0,2.0,6.0,17.0,8.0,15.0,1.0,1.0,1.0,55.0,0.32,98.0,4.0,0.0,16.0,1.0,4.70192307692308,0.0,0.0,0.0,0.0,0.0,1.0,0.0,0.0,0.0,0.9381167913693238,0.0618832086306762,4
1683,6,48.0,0.0,2.0,6.0,17.0,8.0,15.0,1.0,1.0,1.0,55.0,0.32,98.0,0.0,0.0,16.0,1.0,4.70192307692308,0.0,0.0,0.830188679245283,0.0,0.0,1.0,0.0,0.0,5.0,0.8602574069171464,0.13974259308285364,3
1683,7,48.0,0.0,2.0,6.0,17.0,8.0,15.0,1.0,1.0,1.0,55.0,0.32,98.0,0.0,0.0,16.0,1.0,4.70192307692308,0.0,0.0,0.830188679245283,5.0,0.0,1.0,0.0,0.0,5.0,0.9083138371163233,0.09168616288367672,4
1683,8,48.0,0.0,2.0,2.0,17.0,8.0,15.0,1.0,1.0,1.0,55.0,0.32,98.0,0.0,0.0,16.0,1.0,4.70192307692308,0.0,0.0,0.830188679245283,5.0,0.0,1.0,0.0,0.0,5.0,0.9182606295551667,0.0817393704448333,5
1683,9,48.0,0.0,2.0,6.0,17.0,8.0,15.0,1.0,1.0,1.0,55.0,0.32,98.0,0.0,0.0,16.0,1.0,4.70192307692308,0.0,0.0,0.830188679245283,0.0,0.0,1.0,0.0,0.0,0.0,0.9528064074253584,0.04719359257464162,4
1683,10,48.0,0.0,2.0,321.0,17.0,8.0,15.0,1.0,1.0,1.0,55.0,0.32,98.0,0.0,0.0,16.0,1.0,4.70192307692308,0.0,0.0,0.830188679245283,0.0,0.0,1.0,0.0,0.0,0.0,0.9608144549081398,0.03918554509186022,5
1683,11,48.0,0.0,2.0,6.0,17.0,8.0,15.0,1.0,1.0,1.0,55.0,0.32,98.0,4.0,0.0,16.0,1.0,4.70192307692308,0.0,0.0,5.2,0.0,0.0,1.0,0.0,0.0,5.0,0.8525846589442082,0.1474153410557918,3
1683,12,48.0,0.0,2.0,6.0,17.0,8.0,15.0,1.0,2.0,1.0,55.0,0.32,98.0,4.0,0.0,16.0,1.0,4.70192307692308,0.0,0.0,5.2,0.0,0.0,1.0,0.0,0.0,5.0,0.8855852326263098,0.11441476737369019,4
1683,13,48.0,0.0,2.0,321.0,17.0,8.0,15.0,1.0,1.0,1.0,55.0,0.32,98.0,4.0,0.0,16.0,1.0,4.70192307692308,0.0,0.0,0.830188679245283,0.0,0.0,0.557471264367816,0.0,0.0,5.0,0.7211109843066232,0.27888901569337676,2
1683,14,48.0,0.0,2.0,321.0,17.0,8.0,15.0,1.0,1.0,1.0,55.0,0.32,98.0,4.0,0.0,16.0,1.0,4.70192307692308,0.0,0.0,5.2,0.0,0.0,0.557471264367816,0.0,0.0,5.0,0.8070986713369296,0.19290132866307044,3
1683,15,48.0,0.0,2.0,321.0,17.0,395.0,15.0,1.0,1.0,1.0,55.0,0.32,98.0,4.0,0.0,16.0,1.0,4.70192307692308,0.0,0.0,5.2,0.0,0.0,0.557471264367816,0.0,0.0,5.0,0.851059215642328,0.14894078435767197,4
1683,16,48.0,0.0,2.0,321.0,17.0,395.0,15.0,1.0,0.0,1.0,55.0,0.32,98.0,4.0,0.0,16.0,1.0,4.70192307692308,0.0,0.0,5.2,0.0,0.0,0.557471264367816,0.0,0.0,5.0,0.8740244789019121,0.12597552109808785,5
1683,17,48.0,0.0,2.0,6.0,17.0,8.0,15.0,1.0,1.0,1.0,55.0,0.32,98.0,4.0,0.0,16.0,1.0,4.70192307692308,0.0,0.0,0.830188679245283,0.0,0.0,0.557471264367816,0.0,0.0,0.0,0.6955153231217768,0.3044846768782233,2
1683,18,48.0,0.0,2.0,6.0,17.0,8.0,15.0,1.0,1.0,1.0,55.0,0.32,98.0,0.0,0.0,16.0,1.0,4.70192307692308,0.0,0.0,0.830188679245283,0.0,0.0,0.557471264367816,0.0,0.0,0.0,0.8324884667696905,0.16751153323030957,3
1683,19,48.0,0.0,2.0,6.0,17.0,8.0,15.0,1.0,1.0,1.0,9.0,0.32,98.0,0.0,0.0,16.0,1.0,4.70192307692308,0.0,0.0,0.830188679245283,0.0,0.0,0.557471264367816,0.0,0.0,0.0,0.8884787694016131,0.11152123059838691,4
1687,0,14.0,0.0,1.0,7.0,8.0,10.0,277.0,1.0,0.0,3.0,8.0,0.67,79.0,2.0,0.0,9.0,1.0,4.59090909090909,0.0,1.0,1.08333333333333,0.0,0.0,0.690566037735849,0.0,0.0,2.0,0.6146011393573263,0.38539886064267376,1
1687,1,14.0,0.0,1.0,7.0,8.0,10.0,277.0,1.0,0.0,3.0,8.0,0.67,79.0,0.0,0.0,9.0,1.0,4.59090909090909,0.0,1.0,1.08333333333333,0.0,0.0,1.0,0.0,0.0,2.0,0.8689238258330476,0.13107617416695244,2
1687,2,14.0,0.0,1.0,7.0,8.0,10.0,52.0,1.0,0.0,3.0,8.0,0.67,79.0,4.0,0.0,9.0,1.0,4.59090909090909,0.0,1.0,1.08333333333333,0.0,0.0,0.690566037735849,0.0,0.0,2.0,0.5498263791586895,0.4501736208413106,1
1687,3,14.0,0.0,1.0,7.0,8.0,10.0,15.0,1.0,0.0,3.0,8.0,0.67,79.0,0.0,0.0,9.0,1.0,4.59090909090909,0.0,1.0,1.8,0.0,0.0,1.0,0.0,0.0,2.0,0.9546787155287896,0.04532128447121039,4
1687,4,14.0,0.0,1.0,7.0,8.0,10.0,15.0,1.0,0.0,3.0,8.0,0.67,79.0,0.0,0.0,9.0,1.0,4.59090909090909,0.0,1.0,1.8,0.0,0.0,0.9,0.0,0.0,2.0,0.9629380460603243,0.03706195393967575,4
1687,5,14.0,0.0,1.0,7.0,8.0,10.0,15.0,1.0,0.0,3.0,8.0,0.67,79.0,0.0,0.0,9.0,1.0,0.0,0.0,1.0,1.8,0.0,0.0,0.9,0.0,0.0,2.0,0.9678392934079868,0.03216070659201317,5
1687,6,14.0,0.0,1.0,7.0,8.0,10.0,15.0,1.0,0.0,3.0,8.0,0.67,79.0,0.0,0.0,9.0,1.0,4.59090909090909,0.0,1.0,1.08333333333333,0.0,0.0,0.9,0.0,0.0,2.0,0.9393416841980091,0.06065831580199093,3
1687,7,14.0,0.0,1.0,7.0,8.0,10.0,15.0,1.0,0.0,3.0,8.0,0.67,79.0,0.0,0.0,9.0,1.0,0.0,0.0,1.0,1.08333333333333,0.0,0.0,0.9,0.0,0.0,2.0,0.9395275549941224,0.060472445005877576,4
1687,8,14.0,0.0,1.0,7.0,8.0,10.0,15.0,1.0,0.0,3.0,8.0,0.67,79.0,0.0,0.0,9.0,1.0,4.59090909090909,0.0,1.0,1.08333333333333,0.0,0.0,0.690566037735849,0.0,0.0,2.0,0.8275598155527604,0.17244018444723966,2
1687,9,14.0,0.0,1.0,7.0,8.0,10.0,15.0,1.0,0.0,3.0,8.0,0.05,79.0,0.0,0.0,9.0,1.0,4.59090909090909,0.0,1.0,1.08333333333333,0.0,0.0,0.690566037735849,0.0,0.0,2.0,0.9152757077821884,0.0847242922178116,3
1687,10,14.0,0.0,1.0,7.0,8.0,10.0,15.0,1.0,0.0,3.0,8.0,0.05,79.0,0.0,0.0,9.0,1.0,2.3,0.0,1.0,1.08333333333333,0.0,0.0,0.690566037735849,0.0,0.0,2.0,0.9234178317442185,0.0765821682557815,4
1687,11,14.0,0.0,1.0,7.0,62.0,10.0,15.0,1.0,0.0,3.0,8.0,0.05,79.0,0.0,0.0,9.0,1.0,2.3,0.0,1.0,1.08333333333333,0.0,0.0,0.690566037735849,0.0,0.0,2.0,0.9291150033375897,0.07088499666241038,5
1687,12,14.0,0.0,1.0,7.0,62.0,10.0,15.0,1.0,0.0,3.0,8.0,0.05,79.0,0.0,0.0,9.0,1.0,0.0,0.0,1.0,1.08333333333333,0.0,0.0,0.690566037735849,0.0,0.0,2.0,0.9306221290986406,0.06937787090135936,5
1687,13,14.0,0.0,1.0,7.0,8.0,10.0,15.0,1.0,0.0,3.0,8.0,0.67,79.0,0.0,0.0,9.0,1.0,4.59090909090909,0.0,1.0,5.2,0.0,0.0,0.690566037735849,0.0,0.0,2.0,0.8941072991777372,0.10589270082226272,3
1687,14,14.0,0.0,1.0,7.0,8.0,10.0,15.0,1.0,0.0,3.0,8.0,0.67,79.0,0.0,0.0,9.0,1.0,4.59090909090909,0.0,1.0,5.2,5.0,0.0,0.690566037735849,0.0,0.0,2.0,0.9315800144652193,0.06841998553478067,4
1687,15,14.0,0.0,1.0,7.0,8.0,10.0,15.0,1.0,0.0,3.0,8.0,0.67,79.0,0.0,0.0,9.0,1.0,0.0,0.0,1.0,5.2,5.0,0.0,0.690566037735849,0.0,0.0,2.0,0.9429028659505403,0.057097134049459666,5
1687,16,14.0,0.0,1.0,7.0,8.0,10.0,15.0,1.0,0.0,3.0,8.0,0.67,79.0,0.0,0.0,9.0,1.0,0.0,0.0,1.0,1.8,5.0,0.0,0.690566037735849,0.0,0.0,2.0,0.9493319336887224,0.05066806631127767,5
1687,17,14.0,0.0,1.0,7.0,8.0,10.0,277.0,1.0,0.0,3.0,8.0,0.67,79.0,4.0,0.0,9.0,1.0,4.59090909090909,0.0,1.0,5.2,0.0,0.0,0.690566037735849,0.0,0.0,2.0,0.6567828821465835,0.3432171178534164,1
1687,18,14.0,0.0,1.0,7.0,8.0,10.0,15.0,1.0,0.0,3.0,8.0,0.67,79.0,4.0,0.0,9.0,1.0,4.59090909090909,0.0,1.0,5.2,0.0,0.0,0.690566037735849,0.0,0.0,2.0,0.8094483371491223,0.19055166285087768,2
1687,19,14.0,0.0,1.0,7.0,8.0,10.0,15.0,1.0,0.0,3.0,8.0,0.67,79.0,4.0,0.0,9.0,1.0,4.59090909090909,0.0,1.0,5.2,0.0,0.0,0.3,0.0,0.0,2.0,0.8661114821882976,0.13388851781170238,3
1690,0,7.0,2.0,1.0,2.0,7.0,6.0,156.0,3.0,0.0,0.0,11.0,0.44,96.0,3.0,0.0,11.0,2.0,1.9,0.0,1.0,1.20833333333333,0.0,0.0,0.967576791808874,0.0,0.0,3.0,0.5264047552952373,0.4735952447047626,1
1690,1,7.0,2.0,1.0,2.0,7.0,6.0,156.0,3.0,0.0,0.0,11.0,0.44,96.0,0.0,0.0,11.0,2.0,1.9,0.0,1.0,5.2,0.0,0.0,0.967576791808874,0.0,0.0,3.0,0.8783398104000955,0.12166018959990456,2
1690,2,0.0,2.0,1.0,2.0,7.0,6.0,156.0,3.0,0.0,0.0,11.0,0.44,96.0,4.0,0.0,11.0,2.0,1.9,0.0,1.0,1.20833333333333,0.0,0.0,0.967576791808874,0.0,0.0,3.0,0.5196697715644651,0.48033022843553486,1
1690,3,0.0,2.0,1.0,0.0,7.0,6.0,156.0,3.0,0.0,0.0,11.0,0.44,96.0,0.0,0.0,11.0,2.0,1.9,0.0,1.0,5.2,0.0,0.0,0.967576791808874,0.0,0.0,3.0,0.9260024499024054,0.07399755009759458,4
1690,4,7.0,2.0,1.0,2.0,7.0,6.0,52.0,3.0,0.0,0.0,11.0,0.44,96.0,0.0,0.0,11.0,2.0,1.9,0.0,1.0,1.20833333333333,0.0,0.0,0.967576791808874,0.0,0.0,3.0,0.895198627522441,0.10480137247755907,2
1690,5,7.0,2.0,1.0,2.0,62.0,6.0,52.0,3.0,0.0,0.0,11.0,0.44,96.0,0.0,0.0,11.0,2.0,1.9,0.0,1.0,1.20833333333333,0.0,0.0,0.967576791808874,0.0,0.0,3.0,0.9001698389124446,0.09983016108755532,3
1690,6,7.0,2.0,1.0,2.0,62.0,6.0,52.0,3.0,0.0,0.0,11.0,0.44,96.0,0.0,0.0,11.0,2.0,2.3,0.0,1.0,1.20833333333333,0.0,0.0,0.967576791808874,0.0,0.0,3.0,0.9047051001401193,0.09529489985988068,4
1690,7,7.0,2.0,1.0,2.0,7.0,6.0,156.0,3.0,0.0,0.0,11.0,29.08,96.0,0.0,0.0,11.0,2.0,1.9,0.0,1.0,1.20833333333333,0.0,0.0,0.967576791808874,0.0,0.0,3.0,0.8835374394759176,0.11646256052408246,2
1690,8,7.0,2.0,1.0,2.0,7.0,6.0,156.0,3.0,0.0,0.0,11.0,29.08,96.0,0.0,0.0,11.0,2.0,1.9,0.0,1.0,1.20833333333333,0.0,0.0,0.967576791808874,0.0,0.0,2.0,0.9014615924884627,0.09853840751153733,3
1690,9,7.0,2.0,1.0,2.0,1.0,6.0,156.0,3.0,0.0,0.0,11.0,29.08,96.0,0.0,0.0,11.0,2.0,1.9,0.0,1.0,1.20833333333333,0.0,0.0,0.967576791808874,0.0,0.0,2.0,0.9112648898840604,0.08873511011593961,4
1690,10,7.0,2.0,1.0,2.0,1.0,6.0,156.0,3.0,0.0,0.0,11.0,29.08,96.0,0.0,0.0,11.0,2.0,1.9,0.0,1.0,1.20833333333333,0.0,0.0,0.967576791808874,0.0,0.0,0.0,0.9273084205301314,0.07269157946986862,4
1690,11,7.0,2.0,1.0,1.0,1.0,6.0,156.0,3.0,0.0,0.0,11.0,29.08,96.0,0.0,0.0,11.0,2.0,1.9,0.0,1.0,1.20833333333333,0.0,0.0,0.967576791808874,0.0,0.0,0.0,0.9311105146393464,0.06888948536065359,5
1690,12,0.0,2.0,1.0,2.0,7.0,6.0,156.0,3.0,0.0,0.0,11.0,0.44,96.0,0.0,0.0,11.0,2.0,1.9,0.0,1.0,1.20833333333333,0.0,0.0,0.967576791808874,0.0,0.0,3.0,0.8623071287125647,0.13769287128743535,2
1690,13,0.0,2.0,1.0,2.0,7.0,6.0,156.0,3.0,0.0,0.0,11.0,0.44,96.0,0.0,0.0,11.0,2.0,1.9,0.0,1.0,1.20833333333333,0.0,0.0,1.0,0.0,0.0,3.0,0.8870716483180829,0.11292835168191712,3
1690,14,0.0,2.0,1.0,2.0,62.0,6.0,156.0,3.0,0.0,0.0,11.0,0.44,96.0,0.0,0.0,11.0,2.0,1.9,0.0,1.0,1.20833333333333,0.0,0.0,1.0,0.0,0.0,3.0,0.9268357049472372,0.07316429505276278,4
1690,15,0.0,2.0,1.0,2.0,62.0,6.0,156.0,3.0,0.0,0.0,11.0,0.44,96.0,0.0,0.0,11.0,2.0,2.3,0.0,1.0,1.20833333333333,0.0,0.0,1.0,0.0,0.0,3.0,0.9302534050976115,0.06974659490238855,5
1690,16,7.0,2.0,1.0,2.0,7.0,6.0,156.0,3.0,0.0,0.0,11.0,0.44,96.0,4.0,0.0,11.0,2.0,1.9,0.0,1.0,5.2,0.0,0.0,0.967576791808874,0.0,0.0,3.0,0.6119947667717127,0.3880052332282873,1
1690,17,7.0,2.0,1.0,321.0,7.0,6.0,156.0,3.0,0.0,0.0,11.0,0.44,96.0,4.0,0.0,11.0,2.0,1.9,0.0,1.0,1.20833333333333,0.0,0.0,0.967576791808874,0.0,0.0,3.0,0.522497428178881,0.47750257182111905,1
1690,18,7.0,2.0,1.0,321.0,0.0,6.0,156.0,3.0,0.0,0.0,11.0,0.44,96.0,4.0,0.0,11.0,2.0,1.9,0.0,1.0,5.2,0.0,0.0,0.967576791808874,0.0,0.0,3.0,0.7792893416209123,0.22071065837908768,3
1690,19,7.0,2.0,1.0,321.0,0.0,6.0,156.0,3.0,0.0,0.0,11.0,0.05,96.0,4.0,0.0,11.0,2.0,1.9,0.0,1.0,5.2,0.0,0.0,0.967576791808874,0.0,0.0,3.0,0.8369247299590152,0.1630752700409848,4
2400,0,56.0,1.0,1.0,4.0,33.0,7.0,52.0,11.0,2.0,4.0,52.0,0.33,97.0,4.0,0.0,29.0,3.0,3.53153153153153,0.0,0.0,0.67479674796748,0.0,0.0,0.892831105710814,0.5,0.0,2.0,0.5664557756793382,0.4335442243206617,2
2400,1,56.0,1.0,1.0,4.0,33.0,7.0,52.0,11.0,2.0,4.0,52.0,0.33,97.0,0.0,0.0,29.0,3.0,3.53153153153153,0.0,0.0,0.67479674796748,0.0,0.0,0.892831105710814,0.5,0.0,2.0,0.7796736197950758,0.22032638020492423,3
2400,2,56.0,1.0,1.0,4.0,33.0,7.0,52.0,11.0,2.0,4.0,52.0,0.05,97.0,0.0,0.0,29.0,3.0,3.53153153153153,0.0,0.0,0.67479674796748,0.0,0.0,0.892831105710814,0.5,0.0,2.0,0.8699264606153161,0.13007353938468394,4
2400,3,56.0,1.0,1.0,4.0,33.0,7.0,52.0,11.0,2.0,4.0,9.0,0.33,97.0,0.0,0.0,29.0,3.0,3.53153153153153,0.0,0.0,0.67479674796748,0.0,0.0,0.892831105710814,0.5,0.0,2.0,0.8045901515487746,0.1954098484512254,4
2400,4,56.0,1.0,1.0,4.0,33.0,7.0,929.0,11.0,2.0,4.0,52.0,0.33,97.0,1.0,0.0,29.0,3.0,3.53153153153153,0.0,0.0,0.67479674796748,0.0,0.0,0.892831105710814,0.5,0.0,2.0,0.5100868823285678,0.48991311767143214,2
2400,5,56.0,1.0,1.0,4.0,33.0,7.0,52.0,11.0,2.0,4.0,52.0,0.33,97.0,1.0,0.0,29.0,3.0,3.53153153153153,0.0,0.0,0.67479674796748,0.0,66.0,0.892831105710814,0.5,0.0,2.0,0.5463460003161141,0.45365399968388587,2
2400,6,56.0,1.0,1.0,4.0,33.0,7.0,52.0,11.0,2.0,4.0,52.0,29.08,97.0,4.0,0.0,29.0,3.0,3.53153153153153,0.0,0.0,0.67479674796748,0.0,66.0,0.892831105710814,0.5,0.0,2.0,0.5215613215454243,0.47843867845457566,2
2400,7,56.0,1.0,1.0,4.0,33.0,7.0,52.0,11.0,2.0,4.0,13.0,29.08,97.0,0.0,0.0,29.0,3.0,3.53153153153153,0.0,0.0,0.67479674796748,0.0,66.0,0.892831105710814,0.5,0.0,2.0,0.803069955848733,0.19693004415126703,4
2400,8,56.0,1.0,1.0,4.0,33.0,7.0,52.0,11.0,2.0,4.0,13.0,29.08,97.0,0.0,0.0,29.0,3.0,3.53153153153153,0.0,0.0,0.67479674796748,0.0,66.0,0.892831105710814,1.0,0.0,2.0,0.8057279656576428,0.19427203434235712,5
2400,9,56.0,1.0,1.0,321.0,33.0,7.0,52.0,11.0,2.0,4.0,52.0,0.05,97.0,0.0,0.0,29.0,3.0,3.53153153153153,0.0,0.0,0.67479674796748,0.0,0.0,0.892831105710814,0.5,0.0,2.0,0.9016563506784155,0.09834364932158443,5
2400,10,56.0,1.0,1.0,321.0,33.0,7.0,52.0,11.0,2.0,4.0,52.0,0.33,97.0,0.0,0.0,29.0,3.0,3.53153153153153,0.0,0.0,0.67479674796748,0.0,0.0,0.892831105710814,0.5,0.0,2.0,0.8200665508738608,0.1799334491261392,4
2400,11,56.0,1.0,1.0,321.0,33.0,7.0,52.0,11.0,2.0,4.0,13.0,0.33,97.0,0.0,0.0,29.0,3.0,3.53153153153153,0.0,0.0,0.67479674796748,0.0,0.0,0.892831105710814,0.5,0.0,2.0,0.8438615393406667,0.15613846065933337,5
2400,12,56.0,1.0,1.0,321.0,33.0,7.0,52.0,11.0,2.0,4.0,52.0,0.33,97.0,4.0,0.0,29.0,3.0,3.53153153153153,0.0,0.0,0.67479674796748,0.0,2.0,0.892831105710814,0.5,0.0,2.0,0.5556326420100061,0.44436735798999394,3
2400,13,56.0,1.0,1.0,321.0,33.0,7.0,52.0,11.0,2.0,4.0,3.0,0.33,97.0,0.0,0.0,29.0,3.0,3.53153153153153,0.0,0.0,0.67479674796748,0.0,2.0,0.892831105710814,0.5,0.0,2.0,0.8668041728244669,0.1331958271755332,5
2400,14,56.0,1.0,1.0,4.0,33.0,7.0,929.0,11.0,2.0,4.0,52.0,3.24,97.0,4.0,0.0,29.0,3.0,3.53153153153153,0.0,0.0,0.67479674796748,0.0,2.0,1.0,0.5,0.0,2.0,0.5007541960291622,0.49924580397083784,3
2400,15,56.0,1.0,1.0,4.0,33.0,7.0,929.0,11.0,2.0,4.0,52.0,29.08,97.0,4.0,0.0,29.0,3.0,3.53153153153153,0.0,0.0,0.67479674796748,5.0,0.0,1.0,0.5,0.0,2.0,0.6726607989786911,0.32733920102130887,4
2400,16,56.0,1.0,1.0,4.0,33.0,7.0,929.0,11.0,2.0,4.0,52.0,29.08,97.0,4.0,0.0,29.0,3.0,3.53153153153153,0.0,0.0,0.0,5.0,0.0,1.0,0.5,0.0,2.0,0.6741962292583993,0.3258037707416007,5
2400,17,56.0,1.0,1.0,4.0,33.0,7.0,52.0,11.0,2.0,4.0,52.0,29.08,97.0,0.0,0.0,29.0,1.0,3.53153153153153,0.0,0.0,0.67479674796748,0.0,66.0,0.892831105710814,0.5,0.0,2.0,0.7973506028541968,0.20264939714580324,4
2400,18,56.0,1.0,1.0,4.0,33.0,7.0,52.0,11.0,2.0,4.0,52.0,29.08,97.0,0.0,0.0,128.0,1.0,3.53153153153153,0.0,0.0,0.67479674796748,0.0,66.0,0.892831105710814,0.5,0.0,2.0,0.8169155284718337,0.18308447152816631,5
2400,19,56.0,1.0,1.0,4.0,33.0,7.0,15.0,11.0,2.0,4.0,52.0,29.08,97.0,4.0,0.0,3.0,3.0,3.53153153153153,0.0,0.0,0.67479674796748,0.0,66.0,0.892831105710814,0.5,0.0,2.0,0.5022006362576675,0.49779936374233247,3
1700,0,3.0,0.0,1.0,0.0,1.0,2.0,61.0,1.0,0.0,2.0,11.0,0.16,75.0,3.0,0.0,10.0,1.0,1.92857142857143,0.0,2.0,1.125,0.0,0.0,0.9,0.0,0.0,3.0,0.5108521995742721,0.489147800425728,1
1700,1,3.0,0.0,1.0,0.0,1.0,2.0,61.0,1.0,0.0,2.0,11.0,0.16,75.0,0.0,0.0,10.0,1.0,1.92857142857143,0.0,2.0,1.125,0.0,0.0,0.9,0.0,0.0,0.0,0.9504749959527172,0.04952500404728272,2
1700,2,3.0,0.0,1.0,0.0,1.0,2.0,61.0,1.0,0.0,2.0,11.0,0.16,75.0,4.0,0.0,10.0,1.0,4.8,0.0,2.0,1.125,0.0,0.0,0.9,0.0,0.0,3.0,0.5142045685681029,0.485795431431897,1
1700,3,3.0,0.0,1.0,0.0,1.0,2.0,61.0,1.0,0.0,2.0,11.0,0.16,75.0,0.0,0.0,10.0,1.0,6.0,0.0,2.0,1.125,0.0,0.0,1.0,0.0,0.0,0.0,0.9709711357220098,0.029028864277990216,4
1700,4,3.0,0.0,1.0,0.0,1.0,2.0,61.0,1.0,0.0,2.0,0.0,0.16,75.0,0.0,0.0,10.0,1.0,1.92857142857143,0.0,2.0,1.125,0.0,0.0,0.9,0.0,0.0,3.0,0.904027109765607,0.09597289023439308,2
1700,5,3.0,0.0,1.0,0.0,1.0,2.0,61.0,1.0,0.0,2.0,0.0,0.16,75.0,0.0,0.0,10.0,1.0,6.0,0.0,2.0,1.125,0.0,0.0,0.9,0.0,0.0,3.0,0.931252568847456,0.06874743115254395,3
1700,6,3.0,0.0,2.0,0.0,1.0,2.0,61.0,1.0,0.0,2.0,0.0,0.16,75.0,0.0,0.0,10.0,1.0,6.0,0.0,2.0,1.125,0.0,0.0,0.9,0.0,0.0,3.0,0.9358808398711081,0.06411916012889184,4
1700,7,3.0,0.0,1.0,0.0,1.0,2.0,61.0,1.0,0.0,2.0,11.0,0.16,75.0,0.0,0.0,10.0,1.0,1.92857142857143,0.0,2.0,5.2,0.0,0.0,0.9,0.0,0.0,3.0,0.9165608381139153,0.08343916188608466,2
1700,8,3.0,0.0,1.0,0.0,1.0,2.0,61.0,1.0,0.0,2.0,11.0,0.16,75.0,0.0,0.0,10.0,1.0,1.92857142857143,0.0,0.0,5.2,0.0,0.0,0.9,0.0,0.0,3.0,0.9423252257593882,0.05767477424061186,3
1700,9,3.0,0.0,1.0,0.0,1.0,2.0,61.0,1.0,0.0,2.0,11.0,0.16,75.0,0.0,0.0,10.0,1.0,6.0,0.0,2.0,1.125,0.0,0.0,0.9,0.0,0.0,3.0,0.896101263658685,0.10389873634131497,2
1700,10,3.0,0.0,1.0,0.0,1.0,2.0,61.0,1.0,0.0,2.0,11.0,0.16,75.0,0.0,0.0,10.0,1.0,6.0,0.0,2.0,1.125,0.0,0.0,1.0,0.0,0.0,3.0,0.9290131364814841,0.07098686351851591,3
1700,11,3.0,0.0,1.0,0.0,1.0,2.0,61.0,1.0,0.0,2.0,11.0,0.16,75.0,0.0,0.0,10.0,1.0,6.0,0.0,0.0,1.125,0.0,0.0,1.0,0.0,0.0,3.0,0.9431418783371603,0.0568581216628396,4
1700,12,3.0,0.0,1.0,321.0,1.0,2.0,61.0,1.0,0.0,2.0,11.0,0.16,75.0,4.0,0.0,10.0,1.0,1.92857142857143,0.0,2.0,1.125,0.0,0.0,0.9,0.0,0.0,3.0,0.5133342895687762,0.48666571043122375,1
1700,13,3.0,0.0,1.0,0.0,1.0,2.0,61.0,1.0,0.0,2.0,11.0,0.16,75.0,4.0,0.0,10.0,1.0,1.92857142857143,0.0,2.0,1.125,0.0,0.0,0.9,0.0,0.0,1.0,0.5060914062118034,0.49390859378819657,1
1700,14,3.0,0.0,1.0,321.0,1.0,2.0,61.0,1.0,0.0,2.0,11.0,0.16,75.0,4.0,0.0,10.0,1.0,1.92857142857143,0.0,2.0,1.125,0.0,0.0,0.9,0.0,0.0,0.0,0.7804638829888351,0.21953611701116488,2
1700,15,3.0,0.0,1.0,321.0,1.0,2.0,61.0,1.0,0.0,2.0,11.0,0.16,75.0,4.0,0.0,10.0,1.0,1.92857142857143,0.0,2.0,5.2,0.0,0.0,0.9,0.0,0.0,0.0,0.8772881445330791,0.12271185546692082,3
1700,16,3.0,0.0,1.0,7.0,1.0,2.0,61.0,1.0,0.0,2.0,11.0,0.16,75.0,4.0,0.0,10.0,1.0,1.92857142857143,0.0,2.0,5.2,0.0,0.0,0.9,0.0,0.0,3.0,0.5454480266775754,0.4545519733224246,2
1700,17,3.0,0.0,1.0,0.0,62.0,2.0,61.0,1.0,0.0,2.0,11.0,0.16,75.0,0.0,0.0,10.0,1.0,1.92857142857143,0.0,2.0,1.125,0.0,0.0,0.9,0.0,0.0,0.0,0.9598537439160684,0.040146256083931645,3
1700,18,3.0,0.0,1.0,0.0,62.0,2.0,61.0,1.0,0.0,2.0,11.0,0.16,75.0,0.0,0.0,10.0,1.0,1.92857142857143,0.0,2.0,1.125,0.0,0.0,1.0,0.0,0.0,0.0,0.9664756063049863,0.03352439369501369,4
1700,19,3.0,0.0,1.0,0.0,62.0,2.0,61.0,1.0,0.0,2.0,11.0,0.16,75.0,0.0,146.0,10.0,1.0,1.92857142857143,0.0,2.0,1.125,0.0,0.0,1.0,0.0,0.0,0.0,0.9745263297036458,0.025473670296354216,5
1717,0,3.0,0.0,2.0,3.0,3.0,3.0,79.0,4.0,1.0,0.0,11.0,0.22,83.0,4.0,0.0,9.0,2.0,1.46666666666667,0.0,1.0,1.15,0.0,2.0,0.859405940594059,0.5,0.0,0.0,0.5808067055783681,0.4191932944216319,1
1717,1,3.0,0.0,2.0,3.0,3.0,3.0,79.0,4.0,1.0,0.0,11.0,0.22,83.0,0.0,0.0,9.0,2.0,1.46666666666667,0.0,1.0,1.15,0.0,0.0,0.859405940594059,0.5,0.0,0.0,0.9160614114568965,0.08393858854310354,2
1717,2,3.0,0.0,2.0,3.0,3.0,3.0,79.0,4.0,1.0,0.0,11.0,29.08,83.0,0.0,0.0,9.0,2.0,1.46666666666667,0.0,1.0,1.15,0.0,0.0,0.859405940594059,0.5,0.0,0.0,0.9467381133392473,0.05326188666075271,3
1717,3,3.0,0.0,2.0,3.0,3.0,3.0,79.0,4.0,1.0,0.0,11.0,29.08,83.0,0.0,0.0,9.0,2.0,1.46666666666667,0.0,1.0,1.15,0.0,0.0,0.859405940594059,0.0,0.0,0.0,0.9709698426631859,0.029030157336814084,4
1717,4,3.0,2.0,2.0,3.0,3.0,3.0,79.0,4.0,1.0,0.0,11.0,29.08,83.0,0.0,0.0,9.0,2.0,1.46666666666667,0.0,1.0,1.15,0.0,0.0,0.859405940594059,0.0,0.0,0.0,0.9730065862386199,0.02699341376138012,5
1717,5,3.0,0.0,2.0,3.0,3.0,3.0,79.0,4.0,1.0,0.0,11.0,0.22,83.0,2.0,0.0,9.0,2.0,1.46666666666667,0.0,1.0,1.15,0.0,72.0,0.859405940594059,0.5,0.0,0.0,0.5224467190140432,0.4775532809859568,1
1717,6,3.0,0.0,2.0,3.0,3.0,3.0,79.0,4.0,1.0,0.0,11.0,29.08,83.0,4.0,0.0,9.0,2.0,1.46666666666667,0.0,1.0,1.15,0.0,72.0,0.859405940594059,0.5,0.0,0.0,0.6393582389878214,0.36064176101217854,1
1717,7,3.0,0.0,2.0,3.0,3.0,3.0,79.0,4.0,1.0,0.0,11.0,29.08,83.0,0.0,0.0,9.0,2.0,1.46666666666667,0.0,1.0,5.2,0.0,72.0,0.859405940594059,0.5,0.0,0.0,0.8683482967891638,0.1316517032108362,3
1717,8,3.0,0.0,2.0,3.0,3.0,3.0,79.0,4.0,1.0,0.0,11.0,29.08,83.0,0.0,0.0,9.0,2.0,1.46666666666667,0.0,1.0,5.2,5.0,72.0,0.859405940594059,0.5,0.0,0.0,0.8906163540739499,0.10938364592605007,4
1717,9,3.0,98.0,2.0,3.0,3.0,3.0,79.0,4.0,1.0,0.0,11.0,0.22,83.0,4.0,0.0,9.0,2.0,1.46666666666667,0.0,1.0,1.15,0.0,72.0,0.859405940594059,0.5,0.0,0.0,0.5870591716328493,0.4129408283671508,1
1717,10,3.0,0.0,2.0,3.0,3.0,3.0,79.0,4.0,1.0,0.0,11.0,0.22,83.0,4.0,0.0,9.0,2.0,1.46666666666667,0.0,1.0,5.2,0.0,0.0,0.859405940594059,0.5,0.0,0.0,0.8096644599765308,0.19033554002346914,2
1717,11,3.0,0.0,2.0,3.0,3.0,3.0,79.0,4.0,1.0,0.0,11.0,0.22,83.0,4.0,0.0,9.0,2.0,1.46666666666667,0.0,1.0,5.2,0.0,0.0,0.859405940594059,0.0,0.0,0.0,0.860171367021372,0.139828632978628,3
1717,12,5.0,0.0,2.0,3.0,3.0,3.0,79.0,4.0,1.0,0.0,11.0,0.22,83.0,4.0,0.0,9.0,2.0,1.46666666666667,0.0,1.0,5.2,0.0,0.0,0.859405940594059,0.0,0.0,0.0,0.8930064469722245,0.10699355302777551,4
1717,13,5.0,0.0,2.0,3.0,3.0,3.0,79.0,4.0,1.0,0.0,11.0,0.22,83.0,4.0,0.0,9.0,1.0,1.46666666666667,0.0,1.0,5.2,0.0,0.0,0.859405940594059,0.0,0.0,0.0,0.894142370382999,0.10585762961700092,5
1717,14,3.0,0.0,2.0,3.0,3.0,3.0,79.0,4.0,1.0,0.0,11.0,29.08,83.0,4.0,0.0,9.0,2.0,1.46666666666667,0.0,1.0,1.15,0.0,0.0,0.859405940594059,0.5,0.0,0.0,0.8441807389514292,0.15581926104857083,2
1717,15,3.0,0.0,2.0,3.0,3.0,3.0,79.0,4.0,1.0,0.0,11.0,29.08,83.0,4.0,0.0,9.0,2.0,1.46666666666667,0.0,1.0,0.8,0.0,0.0,0.859405940594059,0.5,0.0,0.0,0.8742181686047191,0.12578183139528087,3
1717,16,3.0,0.0,2.0,3.0,3.0,3.0,71.0,4.0,1.0,0.0,11.0,29.08,83.0,4.0,0.0,9.0,2.0,1.46666666666667,0.0,1.0,0.8,0.0,0.0,0.859405940594059,0.5,0.0,0.0,0.8783349734451781,0.12166502655482192,4
1717,17,3.0,98.0,2.0,3.0,3.0,3.0,71.0,4.0,1.0,0.0,11.0,29.08,83.0,4.0,0.0,9.0,2.0,1.46666666666667,0.0,1.0,0.8,0.0,0.0,0.859405940594059,0.5,0.0,0.0,0.8811000849160548,0.11889991508394511,5
1717,18,3.0,98.0,2.0,3.0,3.0,3.0,71.0,4.0,1.0,0.0,11.0,29.08,83.0,4.0,0.0,9.0,2.0,1.46666666666667,0.0,1.0,0.0,0.0,0.0,0.859405940594059,0.5,0.0,0.0,0.8995676390224739,0.10043236097752604,5
1717,19,3.0,98.0,2.0,3.0,3.0,3.0,37.0,4.0,1.0,0.0,11.0,29.08,83.0,4.0,0.0,9.0,2.0,1.46666666666667,0.0,1.0,0.0,0.0,0.0,0.859405940594059,0.5,0.0,0.0,0.9368369517955486,0.06316304820445136,5
2407,0,6.0,0.0,1.0,0.0,2.0,7.0,261.0,2.0,0.0,0.0,28.0,0.46,0.0,2.0,0.0,11.0,2.0,1.67647058823529,0.0,1.0,0.594594594594595,0.0,0.0,0.995402298850575,0.0,0.0,1.0,0.5702160232641924,0.42978397673580765,1
2407,1,6.0,0.0,1.0,0.0,2.0,7.0,261.0,2.0,93.0,0.0,28.0,0.46,0.0,4.0,0.0,11.0,2.0,1.67647058823529,0.0,1.0,0.594594594594595,0.0,0.0,0.995402298850575,0.0,0.0,1.0,0.5941414464117916,0.4058585535882084,1
2407,2,0.0,0.0,1.0,0.0,2.0,7.0,261.0,2.0,93.0,0.0,28.0,0.46,0.0,0.0,0.0,11.0,2.0,1.67647058823529,0.0,1.0,0.594594594594595,0.0,0.0,0.995402298850575,0.0,0.0,1.0,0.9299808908625593,0.07001910913744071,3
2407,3,0.0,0.0,1.0,0.0,62.0,7.0,261.0,2.0,93.0,0.0,28.0,0.46,0.0,0.0,0.0,11.0,2.0,1.67647058823529,0.0,1.0,0.594594594594595,0.0,0.0,0.995402298850575,0.0,0.0,1.0,0.9498664479771131,0.050133552022886954,4
2407,4,6.0,0.0,1.0,0.0,2.0,7.0,261.0,2.0,0.0,0.0,28.0,0.46,0.0,4.0,0.0,11.0,2.0,337.0,0.0,1.0,0.594594594594595,0.0,0.0,0.995402298850575,0.0,0.0,1.0,0.5586003512536044,0.44139964874639553,1
2407,5,0.0,0.0,1.0,0.0,2.0,7.0,261.0,2.0,93.0,0.0,28.0,0.46,0.0,4.0,0.0,11.0,2.0,1.67647058823529,0.0,1.0,0.594594594594595,0.0,0.0,0.995402298850575,0.0,0.0,1.0,0.7563895213440455,0.2436104786559546,2
2407,6,0.0,0.0,1.0,0.0,2.0,7.0,261.0,2.0,93.0,0.0,28.0,29.08,0.0,4.0,0.0,11.0,2.0,1.67647058823529,0.0,1.0,0.594594594594595,0.0,0.0,0.995402298850575,0.0,0.0,1.0,0.8766985907392186,0.1233014092607814,3
2407,7,0.0,0.0,1.0,0.0,2.0,7.0,261.0,2.0,93.0,0.0,28.0,29.08,0.0,4.0,0.0,11.0,2.0,1.67647058823529,0.0,1.0,0.0,0.0,0.0,0.995402298850575,0.0,0.0,1.0,0.9025480579105736,0.0974519420894264,4
2407,8,0.0,0.0,1.0,0.0,2.0,7.0,261.0,2.0,93.0,0.0,28.0,29.08,66.0,4.0,0.0,11.0,2.0,1.67647058823529,0.0,1.0,0.0,0.0,0.0,0.995402298850575,0.0,0.0,1.0,0.9116900150962789,0.08830998490372115,5
2407,9,6.0,0.0,1.0,0.0,2.0,7.0,261.0,2.0,0.0,0.0,28.0,0.31,0.0,4.0,0.0,11.0,2.0,1.67647058823529,0.0,1.0,0.594594594594595,0.0,0.0,0.995402298850575,0.0,0.0,1.0,0.5378327133004459,0.4621672866995541,1
2407,10,6.0,0.0,1.0,0.0,2.0,7.0,25.0,2.0,0.0,0.0,28.0,29.08,0.0,0.0,0.0,11.0,2.0,1.67647058823529,0.0,1.0,0.594594594594595,0.0,0.0,0.995402298850575,0.0,0.0,1.0,0.9295359269863223,0.07046407301367773,3
2407,11,6.0,0.0,1.0,0.0,2.0,7.0,193.556,2.0,0.0,0.0,28.0,0.46,0.0,4.0,0.0,11.0,2.0,1.67647058823529,2.0,1.0,0.594594594594595,0.0,0.0,0.995402298850575,0.0,0.0,1.0,0.5249239444763891,0.47507605552361093,2
2407,12,6.0,0.0,1.0,0.0,2.0,7.0,25.0,2.0,0.0,0.0,28.0,29.08,0.0,0.0,0.0,11.0,2.0,337.0,337.0,1.0,0.594594594594595,0.0,0.0,0.995402298850575,0.0,0.0,1.0,0.9732678042777574,0.026732195722242634,5
2407,13,6.0,0.0,1.0,0.0,2.0,7.0,25.0,2.0,0.0,0.0,28.0,0.05,0.0,0.0,0.0,11.0,2.0,337.0,337.0,1.0,0.594594594594595,0.0,0.0,0.995402298850575,0.0,0.0,1.0,0.9880959464523172,0.01190405354768277,5
2407,14,6.0,0.0,1.0,0.0,0.0,7.0,261.0,2.0,0.0,0.0,28.0,0.46,0.0,4.0,0.0,11.0,2.0,1.67647058823529,0.0,1.0,0.594594594594595,0.0,0.0,0.995402298850575,0.0,0.0,1.0,0.5876467955089671,0.41235320449103285,1
2407,15,6.0,0.0,1.0,0.0,2.0,7.0,261.0,2.0,0.0,0.0,28.0,0.46,0.0,4.0,0.0,11.0,2.0,1.67647058823529,0.0,1.0,5.2,0.0,0.0,0.995402298850575,0.0,0.0,1.0,0.55469130088088,0.44530869911911997,1
2407,16,6.0,0.0,1.0,0.0,0.0,7.0,261.0,2.0,0.0,0.0,28.0,0.46,0.0,4.0,0.0,11.0,2.0,1.67647058823529,0.0,1.0,5.2,0.0,0.0,0.995402298850575,0.0,0.0,0.0,0.8017699821999551,0.19823001780004493,3
2407,17,6.0,0.0,1.0,0.0,0.0,7.0,261.0,2.0,0.0,0.0,28.0,0.31,0.0,4.0,0.0,11.0,2.0,1.67647058823529,0.0,1.0,5.2,0.0,0.0,0.995402298850575,0.0,0.0,0.0,0.8321440989882699,0.16785590101173012,4
2407,18,6.0,0.0,1.0,0.0,2.0,7.0,15.0,2.0,93.0,0.0,28.0,0.46,0.0,0.0,0.0,11.0,2.0,1.67647058823529,0.0,1.0,0.594594594594595,0.0,0.0,0.995402298850575,0.0,0.0,1.0,0.9245426271742978,0.07545737282570221,3
1730,0,5.0,0.0,1.0,0.0,2.0,5.0,283.0,1.0,0.0,0.0,46.0,0.25,0.0,5.0,0.0,10.0,1.0,3.31372549019608,0.0,1.0,0.377358490566038,0.0,0.0,1.0,0.0,0.0,2.0,0.5406657645545665,0.45933423544543345,1
1730,1,5.0,0.0,1.0,0.0,2.0,5.0,15.0,1.0,0.0,0.0,46.0,0.25,0.0,5.0,0.0,10.0,1.0,3.31372549019608,0.0,1.0,0.377358490566038,0.0,0.0,1.0,0.0,0.0,2.0,0.772993532540069,0.22700646745993097,2
1730,2,5.0,0.0,1.0,0.0,2.0,5.0,15.0,1.0,0.0,0.0,46.0,0.25,0.0,5.0,0.0,10.0,1.0,3.9,0.0,1.0,0.377358490566038,0.0,0.0,0.506180469715698,0.0,0.0,2.0,0.5456866464584522,0.45431335354154784,2
1730,3,5.0,0.0,1.0,0.0,2.0,5.0,15.0,1.0,0.0,0.0,13.0,0.25,0.0,5.0,0.0,10.0,1.0,3.31372549019608,0.0,1.0,0.377358490566038,0.0,0.0,0.506180469715698,0.0,0.0,2.0,0.5452695959445706,0.45473040405542947,2
1730,4,5.0,0.0,1.0,0.0,2.0,5.0,15.0,1.0,0.0,0.0,9.0,0.05,0.0,5.0,0.0,10.0,1.0,8.1,0.0,1.0,0.377358490566038,0.0,0.0,1.0,0.0,0.0,2.0,0.9184101794186896,0.0815898205813104,5
1730,5,5.0,0.0,1.0,0.0,2.0,5.0,15.0,1.0,0.0,0.0,46.0,0.25,0.0,3.0,0.0,10.0,1.0,3.31372549019608,0.0,1.0,0.377358490566038,0.0,0.0,0.506180469715698,0.0,0.0,2.0,0.502913194447494,0.4970868055525059,2
1730,6,5.0,0.0,1.0,0.0,2.0,5.0,93.111,1.0,0.0,0.0,46.0,0.44,0.0,5.0,0.0,10.0,1.0,3.31372549019608,0.0,1.0,0.377358490566038,0.0,0.0,0.506180469715698,0.0,0.0,2.0,0.5305343382683192,0.46946566173168086,2
1730,7,5.0,0.0,1.0,0.0,2.0,5.0,15.0,1.0,0.0,0.0,46.0,29.08,0.0,0.0,0.0,10.0,1.0,3.31372549019608,0.0,1.0,0.377358490566038,0.0,0.0,0.9,0.0,0.0,2.0,0.9307171284362517,0.06928287156374836,4
1730,8,5.0,2.0,1.0,0.0,2.0,5.0,15.0,1.0,0.0,0.0,46.0,29.08,0.0,0.0,0.0,10.0,1.0,3.31372549019608,0.0,1.0,0.377358490566038,0.0,0.0,0.9,0.0,0.0,2.0,0.9330161363664529,0.06698386363354708,5
1730,9,5.0,0.0,1.0,321.0,2.0,5.0,283.0,1.0,0.0,0.0,46.0,0.25,0.0,5.0,0.0,10.0,1.0,3.31372549019608,0.0,1.0,0.377358490566038,0.0,0.0,1.0,0.0,0.0,2.0,0.7014008208736142,0.29859917912638584,2
1730,10,5.0,0.0,1.0,321.0,2.0,5.0,283.0,1.0,0.0,0.0,46.0,0.25,0.0,5.0,0.0,10.0,1.0,8.1,0.0,1.0,0.377358490566038,0.0,0.0,0.506180469715698,0.0,0.0,2.0,0.5516003562115479,0.44839964378845215,2
1730,11,5.0,0.0,1.0,321.0,2.0,5.0,283.0,1.0,0.0,10.0,46.0,0.25,0.0,5.0,0.0,10.0,1.0,8.1,0.0,1.0,0.377358490566038,0.0,0.0,1.0,0.0,0.0,2.0,0.8842081749632812,0.11579182503671882,4
1730,12,5.0,0.0,1.0,321.0,2.0,5.0,283.0,1.0,0.0,10.0,13.0,0.25,0.0,5.0,0.0,10.0,1.0,8.1,0.0,1.0,0.377358490566038,0.0,0.0,1.0,0.0,0.0,2.0,0.8999733328177102,0.10002666718228984,5
1730,13,5.0,0.0,1.0,0.0,2.0,5.0,71.0,1.0,93.0,0.0,46.0,0.25,0.0,5.0,0.0,10.0,1.0,3.31372549019608,0.0,1.0,0.377358490566038,0.0,0.0,0.506180469715698,0.0,0.0,2.0,0.53755705977736,0.46244294022263993,2
1730,14,5.0,0.0,1.0,0.0,2.0,5.0,15.0,1.0,93.0,0.0,46.0,3.24,0.0,5.0,0.0,10.0,1.0,3.31372549019608,0.0,1.0,0.377358490566038,0.0,0.0,1.0,0.0,0.0,2.0,0.9283462311563795,0.07165376884362055,4
1730,15,5.0,0.0,1.0,0.0,2.0,5.0,15.0,1.0,0.0,0.0,46.0,0.25,0.0,5.0,0.0,10.0,1.0,8.1,0.0,1.0,0.377358490566038,0.0,0.0,0.506180469715698,0.0,0.0,2.0,0.7504210940930769,0.24957890590692305,2
1730,16,5.0,0.0,1.0,7.0,2.0,5.0,15.0,1.0,0.0,0.0,46.0,0.25,0.0,5.0,0.0,10.0,1.0,3.31372549019608,0.0,1.0,0.377358490566038,0.0,0.0,0.506180469715698,0.0,0.0,2.0,0.556033459173097,0.443966540826903,2
1730,17,5.0,0.0,1.0,321.0,2.0,5.0,15.0,1.0,0.0,0.0,0.0,0.25,0.0,5.0,0.0,10.0,1.0,8.1,0.0,1.0,0.377358490566038,0.0,0.0,0.506180469715698,0.0,0.0,2.0,0.8619889645097716,0.13801103549022836,4
1730,18,5.0,0.0,1.0,321.0,2.0,5.0,15.0,2.0,0.0,0.0,0.0,0.25,0.0,5.0,0.0,10.0,1.0,8.1,0.0,1.0,0.377358490566038,0.0,0.0,0.506180469715698,0.0,0.0,2.0,0.864236643499296,0.13576335650070406,5
1730,19,5.0,0.0,1.0,0.0,2.0,5.0,15.0,1.0,0.0,0.0,46.0,0.25,0.0,5.0,0.0,10.0,1.0,3.31372549019608,0.0,1.0,0.377358490566038,0.0,0.0,0.506180469715698,0.0,0.0,1.0,0.5249788276588262,0.4750211723411738,2
1737,0,1.0,0.0,1.0,0.0,3.0,19.0,258.0,2.0,1.0,0.0,8.0,0.42,0.0,4.0,0.0,12.0,2.0,6.5,0.0,1.0,1.15384615384615,0.0,0.0,1.0,0.0,0.0,1.0,0.6670174357887579,0.33298256421124206,1
1737,1,1.0,0.0,1.0,0.0,3.0,4.0,258.0,2.0,1.0,0.0,8.0,0.42,0.0,4.0,0.0,12.0,2.0,6.5,0.0,1.0,1.15384615384615,0.0,0.0,1.0,0.0,0.0,1.0,0.8088418747894809,0.19115812521051914,2
1737,2,1.0,0.0,1.0,0.0,3.0,19.0,258.0,2.0,1.0,0.0,8.0,0.42,0.0,1.0,0.0,12.0,2.0,6.5,0.0,1.0,1.15384615384615,0.0,0.0,0.821984435797665,0.0,0.0,1.0,0.6389088585955195,0.3610911414044805,1
1737,3,1.0,0.0,1.0,0.0,3.0,7.0,52.0,2.0,1.0,0.0,8.0,0.42,0.0,4.0,0.0,12.0,2.0,6.5,0.0,1.0,1.15384615384615,0.0,0.0,0.821984435797665,0.0,0.0,1.0,0.5036645866188072,0.49633541338119275,2
1737,4,1.0,0.0,1.0,0.0,3.0,4.0,15.0,2.0,1.0,0.0,8.0,0.42,0.0,0.0,0.0,12.0,2.0,6.5,0.0,1.0,5.2,0.0,0.0,1.0,0.0,0.0,1.0,0.9603612026382711,0.03963879736172896,5
1737,5,1.0,0.0,1.0,0.0,3.0,0.0,15.0,2.0,1.0,0.0,8.0,0.42,0.0,0.0,0.0,12.0,2.0,6.5,0.0,1.0,5.2,0.0,0.0,1.0,0.0,0.0,1.0,0.9619507397668869,0.03804926023311305,5
1737,6,1.0,0.0,1.0,0.0,3.0,19.0,258.0,2.0,1.0,0.0,8.0,0.42,0.0,0.0,0.0,12.0,2.0,6.5,0.0,1.0,1.15384615384615,0.0,0.0,1.0,0.0,0.0,1.0,0.7982421451705154,0.20175785482948463,2
1737,7,1.0,0.0,1.0,0.0,3.0,19.0,15.0,2.0,1.0,0.0,8.0,0.42,0.0,0.0,0.0,12.0,2.0,6.5,0.0,1.0,1.15384615384615,0.0,0.0,1.0,0.0,0.0,1.0,0.9086771648498074,0.09132283515019261,3
1737,8,1.0,0.0,1.0,0.0,3.0,19.0,15.0,2.0,1.0,0.0,8.0,0.42,0.0,0.0,0.0,12.0,2.0,6.5,2.0,1.0,1.15384615384615,0.0,0.0,1.0,0.0,0.0,1.0,0.9499882107034,0.050011789296599975,4
1737,9,1.0,0.0,1.0,0.0,3.0,19.0,25.0,2.0,1.0,0.0,8.0,0.42,0.0,0.0,0.0,12.0,2.0,6.5,2.0,1.0,1.15384615384615,0.0,0.0,1.0,0.0,0.0,1.0,0.9577887654198816,0.042211234580118384,4
1737,10,1.0,0.0,1.0,0.0,3.0,4.0,258.0,2.0,1.0,0.0,8.0,0.42,0.0,4.0,0.0,12.0,6.0,6.5,0.0,1.0,1.15384615384615,0.0,0.0,0.821984435797665,0.0,0.0,1.0,0.5005153926601397,0.49948460733986033,2
1737,11,1.0,0.0,1.0,0.0,3.0,4.0,258.0,2.0,1.0,0.0,8.0,0.42,0.0,4.0,0.0,12.0,6.0,6.5,0.0,1.0,0.8,0.0,0.0,1.0,0.0,0.0,1.0,0.8611429242547685,0.13885707574523157,4
1737,12,1.0,0.0,1.0,0.0,3.0,6.0,258.0,2.0,93.0,0.0,8.0,0.42,0.0,4.0,0.0,12.0,2.0,6.5,0.0,1.0,1.15384615384615,0.0,0.0,0.821984435797665,0.0,0.0,1.0,0.5152263103553718,0.48477368964462814,2
1737,13,1.0,0.0,1.0,0.0,3.0,4.0,258.0,2.0,93.0,0.0,8.0,0.42,0.0,4.0,0.0,12.0,6.0,6.5,0.0,1.0,1.8,0.0,0.0,1.0,0.0,0.0,1.0,0.8669926700287839,0.13300732997121612,5
1737,14,1.0,0.0,1.0,0.0,3.0,19.0,258.0,2.0,1.0,0.0,8.0,0.42,0.0,0.0,0.0,12.0,2.0,6.5,0.0,1.0,1.15384615384615,0.0,0.0,0.821984435797665,0.0,0.0,1.0,0.6389088585955195,0.3610911414044805,1
1737,15,1.0,0.0,1.0,0.0,3.0,2.0,258.0,2.0,1.0,0.0,8.0,0.42,0.0,0.0,0.0,12.0,2.0,6.5,0.0,1.0,1.15384615384615,0.0,0.0,0.821984435797665,0.0,0.0,1.0,0.8158519812877582,0.18414801871224187,2
1737,16,1.0,0.0,1.0,0.0,3.0,2.0,258.0,2.0,1.0,0.0,8.0,0.42,0.0,0.0,0.0,12.0,2.0,6.5,0.0,1.0,0.0,0.0,0.0,0.821984435797665,0.0,0.0,1.0,0.8880747496384209,0.11192525036157905,3
1737,17,1.0,0.0,1.0,0.0,3.0,2.0,52.0,2.0,1.0,0.0,8.0,0.42,0.0,0.0,0.0,12.0,2.0,6.5,0.0,1.0,0.0,0.0,0.0,0.821984435797665,0.0,0.0,1.0,0.9242481879999435,0.07575181200005657,4
1737,18,1.0,0.0,1.0,0.0,3.0,4.0,258.0,2.0,1.0,0.0,8.0,0.42,0.0,0.0,0.0,12.0,6.0,6.5,0.0,1.0,1.15384615384615,0.0,0.0,1.0,0.0,0.0,1.0,0.9187788189911543,0.08122118100884568,4
1737,19,1.0,0.0,1.0,0.0,3.0,4.0,258.0,2.0,1.0,0.0,8.0,0.42,0.0,0.0,0.0,12.0,6.0,6.5,0.0,1.0,5.2,0.0,0.0,1.0,0.0,0.0,1.0,0.9357553395786349,0.06424466042136517,5
1738,0,1.0,1.0,1.0,0.0,3.0,13.0,115.0,1.0,0.0,0.0,5.0,0.58,0.0,2.0,0.0,13.0,1.0,3.71428571428571,1.0,2.0,2.0,0.0,21.0,0.785714285714286,1.0,0.0,0.0,0.5377758280817873,0.4622241719182127,1
1738,1,1.0,1.0,1.0,0.0,3.0,13.0,115.0,1.0,0.0,0.0,5.0,0.58,0.0,0.0,0.0,13.0,6.0,3.71428571428571,1.0,2.0,2.0,0.0,21.0,0.785714285714286,1.0,0.0,0.0,0.822158817188312,0.177841182811688,2
1738,2,1.0,1.0,1.0,0.0,3.0,9.0,115.0,1.0,0.0,0.0,5.0,0.58,0.0,4.0,0.0,13.0,6.0,3.71428571428571,1.0,2.0,2.0,0.0,21.0,0.785714285714286,1.0,0.0,0.0,0.5376507112312591,0.46234928876874093,2
1738,3,1.0,1.0,1.0,0.0,3.0,0.0,115.0,1.0,0.0,0.0,5.0,0.58,0.0,0.0,0.0,13.0,6.0,3.71428571428571,1.0,2.0,2.0,0.0,21.0,0.9,1.0,0.0,0.0,0.9040810333366976,0.09591896666330238,4
1738,4,1.0,1.0,1.0,0.0,3.0,2.0,93.111,1.0,0.0,0.0,5.0,0.58,0.0,4.0,0.0,13.0,1.0,3.71428571428571,1.0,2.0,2.0,0.0,21.0,0.785714285714286,1.0,0.0,0.0,0.5071326328671094,0.4928673671328906,2
1738,5,1.0,1.0,1.0,0.0,3.0,13.0,115.0,1.0,0.0,0.0,5.0,0.58,0.0,0.0,0.0,13.0,1.0,3.71428571428571,1.0,2.0,2.0,0.0,0.0,0.785714285714286,1.0,0.0,0.0,0.8009003219757136,0.19909967802428638,2
1738,6,1.0,1.0,1.0,0.0,3.0,13.0,115.0,1.0,0.0,0.0,5.0,0.58,0.0,0.0,0.0,13.0,1.0,3.71428571428571,1.0,2.0,2.0,0.0,0.0,0.9,1.0,0.0,0.0,0.9057851936769707,0.0942148063230293,3
1738,7,1.0,1.0,1.0,0.0,3.0,0.0,115.0,1.0,0.0,0.0,5.0,0.58,0.0,0.0,0.0,13.0,1.0,3.71428571428571,1.0,2.0,2.0,0.0,0.0,0.9,1.0,0.0,0.0,0.9300557073850724,0.06994429261492768,4
1738,8,1.0,1.0,1.0,0.0,3.0,0.0,115.0,1.0,0.0,10.0,5.0,0.58,0.0,0.0,0.0,13.0,1.0,3.71428571428571,1.0,2.0,2.0,0.0,0.0,0.9,1.0,0.0,0.0,0.9439850877436128,0.056014912256387224,5
1738,9,1.0,1.0,1.0,0.0,3.0,13.0,93.111,1.0,0.0,0.0,5.0,0.58,0.0,4.0,0.0,13.0,6.0,3.71428571428571,1.0,2.0,2.0,0.0,21.0,0.785714285714286,1.0,0.0,0.0,0.5301996098084021,0.46980039019159786,2
1738,10,1.0,1.0,1.0,0.0,3.0,13.0,25.0,1.0,0.0,0.0,5.0,0.58,0.0,0.0,0.0,13.0,6.0,3.71428571428571,1.0,25.0,2.0,0.0,21.0,0.785714285714286,1.0,0.0,0.0,0.8882887497864721,0.11171125021352793,4
1738,11,1.0,1.0,1.0,0.0,3.0,13.0,25.0,1.0,0.0,0.0,5.0,0.58,0.0,0.0,0.0,13.0,6.0,3.71428571428571,0.0,25.0,2.0,0.0,21.0,0.785714285714286,1.0,0.0,0.0,0.8944156647013193,0.10558433529868069,5
1738,12,1.0,1.0,1.0,0.0,3.0,13.0,115.0,1.0,0.0,0.0,5.0,0.58,0.0,4.0,0.0,13.0,6.0,3.71428571428571,1.0,1.0,2.0,0.0,21.0,0.785714285714286,1.0,0.0,0.0,0.5190223251005976,0.48097767489940235,2
1738,13,1.0,1.0,1.0,0.0,3.0,13.0,115.0,1.0,0.0,0.0,5.0,0.58,0.0,4.0,0.0,13.0,1.0,3.71428571428571,1.0,2.0,2.0,0.0,21.0,0.9,1.0,0.0,0.0,0.5364370940574428,0.4635629059425573,1
1738,14,1.0,1.0,1.0,0.0,3.0,13.0,15.0,1.0,0.0,0.0,5.0,0.58,0.0,4.0,0.0,13.0,1.0,3.71428571428571,1.0,2.0,2.0,0.0,21.0,0.9,1.0,0.0,0.0,0.6866403716454315,0.31335962835456854,2
1738,15,1.0,1.0,1.0,0.0,3.0,13.0,15.0,1.0,0.0,0.0,5.0,0.58,0.0,4.0,0.0,13.0,1.0,3.71428571428571,1.0,2.0,0.0,0.0,21.0,0.785714285714286,1.0,0.0,0.0,0.5344567314674764,0.46554326853252354,2
1738,16,1.0,1.0,1.0,0.0,3.0,13.0,15.0,1.0,0.0,0.0,5.0,0.58,0.0,4.0,0.0,13.0,1.0,3.71428571428571,1.0,2.0,0.0,0.0,21.0,1.0,1.0,0.0,0.0,0.8199875244250627,0.1800124755749373,3
1738,17,1.0,1.0,1.0,0.0,3.0,9.0,15.0,1.0,0.0,0.0,5.0,0.58,0.0,4.0,0.0,13.0,1.0,3.71428571428571,1.0,2.0,2.0,0.0,21.0,0.785714285714286,1.0,0.0,0.0,0.5133709244308959,0.48662907556910406,2
1738,18,1.0,1.0,1.0,0.0,3.0,6.0,15.0,1.0,0.0,0.0,5.0,0.58,0.0,4.0,0.0,13.0,0.0,3.71428571428571,1.0,2.0,0.0,0.0,21.0,1.0,1.0,0.0,0.0,0.8679857421768484,0.13201425782315163,5
1738,19,1.0,1.0,1.0,0.0,3.0,13.0,25.0,1.0,0.0,0.0,5.0,0.58,0.0,0.0,0.0,13.0,6.0,3.71428571428571,1.0,2.0,2.0,0.0,21.0,0.9,1.0,0.0,0.0,0.9208027375271473,0.07919726247285276,4
1739,0,15.0,0.0,1.0,37.0,7.0,10.0,193.556,2.0,2.0,0.0,5.0,0.45,84.0,3.0,0.0,1.0,2.0,9.27272727272727,0.0,1.0,1.84,0.0,0.0,0.917227456258412,0.0,0.0,0.0,0.5738560586361361,0.42614394136386385,1
1739,1,15.0,0.0,1.0,37.0,0.0,10.0,15.0,2.0,2.0,0.0,5.0,0.45,84.0,3.0,0.0,1.0,2.0,9.27272727272727,0.0,1.0,1.84,0.0,0.0,0.917227456258412,0.0,0.0,0.0,0.9175413455420772,0.08245865445792273,2
1739,2,15.0,0.0,1.0,37.0,0.0,10.0,15.0,2.0,2.0,0.0,5.0,0.45,84.0,2.0,0.0,1.0,2.0,9.27272727272727,0.0,1.0,1.84,0.0,0.0,0.917227456258412,0.0,0.0,0.0,0.9432827940306081,0.05671720596939194,3
1739,3,15.0,0.0,1.0,37.0,0.0,10.0,15.0,2.0,2.0,0.0,5.0,29.08,84.0,2.0,0.0,1.0,2.0,9.27272727272727,0.0,1.0,1.84,0.0,0.0,0.917227456258412,0.0,0.0,0.0,0.9599659343595232,0.04003406564047685,4
1739,4,15.0,0.0,1.0,37.0,0.0,10.0,15.0,2.0,93.0,0.0,5.0,29.08,84.0,2.0,0.0,1.0,2.0,9.27272727272727,0.0,1.0,1.84,0.0,0.0,0.917227456258412,0.0,0.0,0.0,0.9754794664640432,0.024520533535956797,5
1739,5,15.0,0.0,1.0,37.0,7.0,10.0,15.0,2.0,2.0,0.0,5.0,0.45,84.0,2.0,0.0,1.0,2.0,9.27272727272727,0.0,1.0,1.84,0.0,0.0,0.917227456258412,0.0,0.0,0.0,0.9003541950708792,0.09964580492912081,2
1739,6,15.0,0.0,1.0,37.0,7.0,10.0,15.0,2.0,0.0,0.0,5.0,0.45,84.0,2.0,0.0,1.0,2.0,9.27272727272727,0.0,1.0,1.84,0.0,0.0,0.917227456258412,0.0,0.0,0.0,0.9289091496890427,0.07109085031095724,3
1739,7,15.0,0.0,0.0,37.0,7.0,10.0,15.0,2.0,0.0,0.0,5.0,0.45,84.0,2.0,0.0,1.0,2.0,9.27272727272727,0.0,1.0,1.84,0.0,0.0,0.917227456258412,0.0,0.0,0.0,0.930635060511069,0.06936493948893098,4
1739,8,15.0,0.0,1.0,37.0,7.0,10.0,15.0,2.0,0.0,0.0,5.0,0.45,84.0,2.0,0.0,0.0,2.0,9.27272727272727,0.0,1.0,1.84,0.0,0.0,0.917227456258412,0.0,0.0,0.0,0.9438986524120208,0.056101347587979224,4
1739,9,15.0,0.0,1.0,37.0,7.0,10.0,15.0,2.0,2.0,0.0,5.0,0.31,84.0,3.0,0.0,1.0,2.0,9.27272727272727,0.0,1.0,1.84,0.0,0.0,0.917227456258412,0.0,0.0,0.0,0.9144803307350012,0.08551966926499881,2
1739,10,15.0,0.0,1.0,37.0,7.0,10.0,15.0,2.0,2.0,0.0,5.0,0.31,84.0,2.0,0.0,1.0,2.0,9.27272727272727,0.0,1.0,1.84,0.0,0.0,0.917227456258412,0.0,0.0,0.0,0.950802502076113,0.049197497923886946,3
1739,11,15.0,0.0,1.0,37.0,7.0,10.0,15.0,2.0,0.0,0.0,5.0,0.31,84.0,2.0,0.0,1.0,2.0,9.27272727272727,0.0,1.0,1.84,0.0,0.0,0.917227456258412,0.0,0.0,0.0,0.965455431579507,0.03454456842049308,4
1739,12,15.0,0.0,1.0,37.0,7.0,10.0,15.0,2.0,0.0,0.0,5.0,0.31,84.0,2.0,0.0,1.0,2.0,9.27272727272727,0.0,25.0,1.84,0.0,0.0,0.917227456258412,0.0,0.0,0.0,0.973782842828657,0.02621715717134296,5
1739,13,15.0,0.0,1.0,37.0,7.0,10.0,15.0,2.0,93.0,0.0,5.0,0.31,84.0,2.0,0.0,1.0,2.0,9.27272727272727,0.0,25.0,1.84,0.0,0.0,0.917227456258412,0.0,0.0,0.0,0.9747151809025535,0.02528481909744654,5
1739,14,15.0,0.0,1.0,37.0,1.0,10.0,426.0,2.0,2.0,0.0,5.0,0.45,84.0,3.0,0.0,1.0,2.0,9.27272727272727,0.0,1.0,1.84,0.0,0.0,0.917227456258412,0.0,0.0,0.0,0.5972632734738605,0.4027367265261395,1
1739,15,15.0,0.0,1.0,37.0,0.0,10.0,426.0,2.0,2.0,0.0,5.0,0.45,84.0,2.0,0.0,1.0,2.0,9.27272727272727,0.0,1.0,1.84,0.0,0.0,0.917227456258412,0.0,0.0,0.0,0.8410956203100679,0.15890437968993207,2
1739,16,15.0,0.0,1.0,7.0,7.0,10.0,426.0,2.0,2.0,0.0,5.0,0.45,84.0,3.0,0.0,1.0,2.0,9.27272727272727,0.0,1.0,1.84,0.0,0.0,0.917227456258412,0.0,0.0,0.0,0.5562390394326656,0.4437609605673344,1
1739,17,15.0,0.0,1.0,321.0,0.0,10.0,426.0,2.0,2.0,0.0,5.0,0.45,0.0,2.0,0.0,1.0,2.0,9.27272727272727,0.0,1.0,1.84,0.0,0.0,0.917227456258412,0.0,0.0,0.0,0.8951183336258707,0.10488166637412934,4
1739,18,15.0,0.0,1.0,37.0,0.0,10.0,15.0,2.0,2.0,10.0,5.0,0.45,84.0,3.0,0.0,1.0,2.0,9.27272727272727,0.0,1.0,1.84,0.0,0.0,0.917227456258412,0.0,0.0,0.0,0.9363093592094374,0.06369064079056268,3
1739,19,15.0,0.0,1.0,37.0,0.0,10.0,15.0,2.0,0.0,10.0,5.0,0.45,84.0,3.0,0.0,1.0,2.0,9.27272727272727,0.0,1.0,1.84,0.0,0.0,0.917227456258412,0.0,0.0,0.0,0.9553160241643979,0.044683975835602095,4
1740,0,1.0,5.0,1.0,16.0,10.0,3.0,93.111,3.0,0.0,2.0,15.0,0.79,93.0,3.0,2.0,9.0,2.0,3.95238095238095,1.0,1.0,0.68,0.0,0.0,0.857685009487666,0.0,0.0,2.0,0.5412494550003399,0.45875054499966006,1
1740,1,1.0,5.0,1.0,16.0,10.0,3.0,15.0,3.0,0.0,2.0,15.0,0.79,93.0,0.0,2.0,9.0,2.0,3.95238095238095,1.0,1.0,0.68,0.0,0.0,0.857685009487666,0.0,0.0,2.0,0.8623694912840928,0.13763050871590723,2
1740,2,1.0,5.0,1.0,16.0,10.0,3.0,15.0,3.0,0.0,2.0,15.0,0.79,93.0,0.0,2.0,9.0,2.0,3.95238095238095,1.0,1.0,5.2,0.0,0.0,0.857685009487666,0.0,0.0,2.0,0.9281322997086926,0.07186770029130739,3
1740,3,1.0,5.0,1.0,16.0,10.0,3.0,15.0,3.0,0.0,2.0,15.0,0.79,93.0,0.0,2.0,9.0,2.0,3.95238095238095,1.0,1.0,5.2,0.0,0.0,1.0,0.0,0.0,2.0,0.9674635794555148,0.032536420544485196,4
1740,4,1.0,5.0,1.0,16.0,10.0,3.0,15.0,3.0,0.0,2.0,15.0,0.79,93.0,0.0,2.0,9.0,2.0,4.8,1.0,1.0,5.2,0.0,0.0,1.0,0.0,0.0,2.0,0.9746607021044473,0.025339297895552646,5
1740,5,1.0,5.0,1.0,16.0,10.0,3.0,191.0,3.0,0.0,2.0,15.0,0.79,93.0,2.0,2.0,9.0,2.0,3.95238095238095,1.0,1.0,0.68,0.0,0.0,0.857685009487666,0.0,0.0,2.0,0.5392984407893131,0.4607015592106869,1
1740,6,1.0,5.0,1.0,16.0,10.0,3.0,191.0,3.0,0.0,2.0,15.0,0.79,93.0,0.0,2.0,9.0,2.0,3.95238095238095,1.0,1.0,0.68,0.0,0.0,1.0,0.0,0.0,2.0,0.835348288904483,0.164651711095517,2
1740,7,1.0,5.0,1.0,16.0,10.0,3.0,191.0,3.0,0.0,2.0,15.0,0.79,93.0,0.0,2.0,9.0,2.0,3.95238095238095,1.0,1.0,0.68,5.0,0.0,1.0,0.0,0.0,2.0,0.8908842521886838,0.10911574781131621,3
1740,8,1.0,5.0,1.0,16.0,10.0,3.0,191.0,3.0,0.0,2.0,15.0,0.79,93.0,3.0,2.0,9.0,2.0,337.0,1.0,1.0,0.68,0.0,0.0,0.857685009487666,0.0,0.0,2.0,0.5483814782837924,0.4516185217162076,1
1740,9,1.0,5.0,1.0,16.0,10.0,3.0,191.0,3.0,0.0,2.0,15.0,0.79,0.0,0.0,2.0,9.0,2.0,337.0,1.0,1.0,0.68,5.0,0.0,1.0,0.0,0.0,2.0,0.9160907433701183,0.0839092566298817,5
1740,10,1.0,5.0,1.0,16.0,10.0,3.0,191.0,3.0,0.0,2.0,15.0,0.79,0.0,2.0,2.0,9.0,2.0,337.0,1.0,1.0,0.68,5.0,0.0,1.0,0.0,0.0,2.0,0.9224686515207876,0.07753134847921239,5
1740,11,1.0,5.0,1.0,16.0,10.0,3.0,15.0,3.0,0.0,2.0,15.0,0.79,93.0,3.0,2.0,9.0,2.0,3.95238095238095,1.0,1.0,5.2,0.0,0.0,0.857685009487666,0.0,0.0,2.0,0.8110316169190737,0.1889683830809263,2
1740,12,1.0,5.0,1.0,16.0,10.0,3.0,15.0,3.0,0.0,2.0,15.0,0.79,93.0,3.0,2.0,9.0,2.0,3.95238095238095,2.0,1.0,5.2,0.0,0.0,0.857685009487666,0.0,0.0,2.0,0.829113409732901,0.170886590267099,3
1740,13,1.0,5.0,1.0,16.0,10.0,3.0,37.0,3.0,0.0,2.0,15.0,0.79,93.0,3.0,2.0,9.0,2.0,3.95238095238095,2.0,1.0,5.2,0.0,0.0,0.857685009487666,0.0,0.0,2.0,0.8589688340987038,0.14103116590129613,3
1740,14,1.0,0.0,1.0,16.0,10.0,3.0,37.0,3.0,0.0,2.0,15.0,0.79,93.0,3.0,2.0,9.0,2.0,3.95238095238095,2.0,1.0,5.2,0.0,0.0,0.857685009487666,0.0,0.0,2.0,0.8666938479953997,0.1333061520046003,4
1740,15,1.0,0.0,1.0,16.0,10.0,3.0,37.0,3.0,0.0,2.0,15.0,0.79,50.0,3.0,2.0,9.0,2.0,3.95238095238095,2.0,1.0,5.2,0.0,0.0,0.857685009487666,0.0,0.0,2.0,0.8710940048016463,0.12890599519835366,5
1740,16,1.0,5.0,1.0,16.0,10.0,3.0,15.0,3.0,0.0,2.0,15.0,0.79,93.0,3.0,2.0,9.0,2.0,337.0,1.0,1.0,0.68,0.0,0.0,0.857685009487666,0.0,0.0,2.0,0.8366664417217587,0.16333355827824128,2
1740,17,1.0,5.0,1.0,16.0,10.0,3.0,15.0,3.0,0.0,2.0,15.0,0.79,93.0,3.0,2.0,9.0,2.0,337.0,1.0,1.0,0.68,0.0,0.0,1.0,0.0,0.0,2.0,0.8884622841612168,0.11153771583878326,3
1740,18,1.0,5.0,1.0,321.0,10.0,3.0,15.0,3.0,0.0,2.0,15.0,0.79,93.0,3.0,2.0,9.0,2.0,337.0,1.0,1.0,0.68,0.0,0.0,1.0,0.0,0.0,2.0,0.9148945390585199,0.0851054609414801,4
1740,19,1.0,5.0,1.0,321.0,10.0,3.0,15.0,3.0,0.0,2.0,15.0,0.79,0.0,3.0,2.0,9.0,2.0,337.0,1.0,1.0,0.68,0.0,0.0,1.0,0.0,0.0,2.0,0.9262882374585644,0.07371176254143567,5
1744,0,1.0,0.0,1.0,0.0,1.0,11.0,50.0,1.0,0.0,0.0,1.0,0.41,0.0,1.0,0.0,101.0,1.0,1.5,1.0,2.0,1.8,0.0,8.0,0.9,0.25,0.0,4.0,0.605979296220988,0.394020703779012,3
1744,1,1.0,0.0,1.0,0.0,1.0,11.0,50.0,1.0,0.0,0.0,1.0,0.41,0.0,1.0,0.0,101.0,1.0,1.5,1.0,2.0,1.8,0.0,2.0,0.457894736842105,0.25,0.0,0.0,0.5306386439578565,0.4693613560421435,3
1744,2,1.0,0.0,1.0,0.0,1.0,11.0,15.0,1.0,0.0,0.0,1.0,0.41,0.0,1.0,0.0,101.0,1.0,1.5,1.0,2.0,1.8,0.0,8.0,0.457894736842105,0.25,0.0,1.0,0.517794246471395,0.48220575352860495,3
1744,3,0.0,0.0,1.0,0.0,1.0,11.0,50.0,1.0,0.0,0.0,1.0,0.41,0.0,1.0,0.0,101.0,1.0,1.5,1.0,2.0,1.8,5.0,0.0,0.457894736842105,0.25,0.0,11.0,0.500599478154934,0.499400521845066,4
1744,4,0.0,0.0,1.0,0.0,1.0,11.0,50.0,1.0,0.0,0.0,1.0,0.41,0.0,0.0,0.0,101.0,1.0,1.5,1.0,2.0,1.8,5.0,0.0,0.457894736842105,0.0,0.0,11.0,0.5700263660630791,0.42997363393692095,5
1744,5,1.0,0.0,1.0,0.0,1.0,0.0,50.0,1.0,0.0,0.0,1.0,29.08,0.0,1.0,1.0,101.0,1.0,1.5,1.0,2.0,1.8,0.0,8.0,0.457894736842105,0.25,0.0,11.0,0.5038616585951479,0.49613834140485213,4
1744,6,1.0,0.0,1.0,0.0,1.0,0.0,15.0,1.0,0.0,0.0,1.0,29.08,0.0,0.0,146.0,101.0,1.0,1.5,1.0,2.0,1.8,0.0,8.0,0.457894736842105,0.25,0.0,11.0,0.5507868665553153,0.44921313344468466,5
1744,7,1.0,0.0,1.0,0.0,1.0,11.0,50.0,1.0,0.0,0.0,1.0,0.41,0.0,0.0,0.0,101.0,1.0,1.5,1.0,2.0,1.8,0.0,0.0,0.457894736842105,0.25,0.0,0.0,0.6626895631024565,0.3373104368975434,3
1744,8,1.0,0.0,1.0,0.0,1.0,0.0,50.0,1.0,0.0,0.0,1.0,0.41,0.0,1.0,0.0,101.0,1.0,1.5,1.0,2.0,1.8,0.0,8.0,0.457894736842105,0.25,0.0,1.0,0.5836245214152035,0.4163754785847965,3
1744,9,1.0,0.0,1.0,0.0,1.0,0.0,50.0,1.0,0.0,0.0,1.0,0.41,94.0,0.0,0.0,101.0,1.0,1.5,1.0,2.0,1.8,0.0,0.0,0.457894736842105,0.25,0.0,0.0,0.8223009489250387,0.1776990510749613,5
1744,10,1.0,0.0,1.0,0.0,1.0,11.0,25.0,1.0,0.0,0.0,1.0,0.41,0.0,3.0,0.0,101.0,1.0,1.5,1.0,2.0,1.8,0.0,0.0,1.0,0.25,0.0,11.0,0.5348351985222158,0.46516480147778416,3
1744,11,1.0,0.0,1.0,0.0,1.0,11.0,15.0,1.0,0.0,0.0,1.0,0.41,0.0,3.0,1.0,101.0,1.0,1.5,1.0,2.0,1.8,0.0,0.0,1.0,0.25,0.0,11.0,0.6445497222489607,0.35545027775103927,4
1744,12,0.0,0.0,1.0,0.0,1.0,11.0,15.0,1.0,0.0,0.0,1.0,0.41,0.0,3.0,1.0,101.0,1.0,1.5,1.0,2.0,1.8,0.0,0.0,1.0,0.25,0.0,11.0,0.6881587648500223,0.3118412351499777,5
1744,13,1.0,98.0,1.0,0.0,1.0,0.0,50.0,1.0,0.0,0.0,1.0,0.41,0.0,3.0,146.0,101.0,2.0,1.5,1.0,2.0,1.8,0.0,0.0,0.457894736842105,0.25,0.0,11.0,0.5074815291442583,0.4925184708557417,5
1744,14,1.0,0.0,1.0,0.0,1.0,11.0,50.0,1.0,0.0,0.0,1.0,0.41,0.0,1.0,0.0,101.0,1.0,1.5,1.0,2.0,1.8,0.0,8.0,0.9,0.8,0.0,11.0,0.5371778087022698,0.46282219129773017,3
1744,15,1.0,0.0,11.0,0.0,1.0,11.0,50.0,1.0,0.0,0.0,1.0,0.41,0.0,0.0,0.0,101.0,1.0,1.5,1.0,2.0,1.8,0.0,8.0,0.9,0.8,0.0,11.0,0.6024068323607809,0.39759316763921915,4
1744,16,1.0,0.0,2.0,0.0,1.0,11.0,50.0,1.0,0.0,0.0,1.0,0.41,0.0,1.0,0.0,101.0,1.0,1.5,1.0,2.0,1.8,0.0,8.0,0.9,0.8,0.0,11.0,0.5428731515443934,0.4571268484556065,4
1744,17,1.0,0.0,1.0,0.0,1.0,11.0,50.0,1.0,0.0,0.0,1.0,0.41,0.0,1.0,0.0,4.0,1.0,1.5,1.0,2.0,1.8,0.0,8.0,0.457894736842105,0.25,0.0,0.0,0.501069678912851,0.4989303210871489,3
1744,18,1.0,0.0,2.0,0.0,1.0,11.0,50.0,1.0,0.0,0.0,1.0,0.41,0.0,0.0,0.0,0.0,1.0,1.5,1.0,2.0,1.8,0.0,8.0,0.457894736842105,0.25,0.0,0.0,0.573072140534092,0.426927859465908,4
1744,19,5.0,0.0,2.0,0.0,1.0,11.0,50.0,1.0,0.0,0.0,1.0,0.41,0.0,0.0,0.0,0.0,1.0,1.5,1.0,2.0,1.8,0.0,8.0,0.457894736842105,0.25,0.0,0.0,0.6384254621838914,0.36157453781610854,5
1752,0,21.0,0.0,1.0,37.0,22.0,1.0,217.0,1.0,2.0,0.0,5.0,0.52,96.0,2.0,0.0,8.0,1.0,4.07142857142857,1.0,1.0,1.23333333333333,0.0,0.0,0.960725075528701,0.0,0.0,3.0,0.6376363471512464,0.3623636528487536,1
1752,1,21.0,0.0,1.0,37.0,22.0,1.0,37.0,1.0,2.0,0.0,5.0,0.52,96.0,4.0,0.0,8.0,1.0,4.07142857142857,1.0,1.0,1.23333333333333,0.0,0.0,0.960725075528701,0.0,0.0,3.0,0.5362608785934663,0.4637391214065337,1
1752,2,21.0,0.0,1.0,37.0,22.0,1.0,15.0,1.0,2.0,0.0,5.0,0.52,96.0,0.0,0.0,8.0,1.0,4.07142857142857,1.0,1.0,5.2,0.0,0.0,0.960725075528701,0.0,0.0,3.0,0.922597197074329,0.077402802925671,3
1752,3,0.0,0.0,1.0,37.0,22.0,1.0,15.0,1.0,2.0,0.0,5.0,0.52,96.0,0.0,0.0,8.0,1.0,4.07142857142857,1.0,1.0,5.2,0.0,0.0,0.960725075528701,0.0,0.0,3.0,0.943104979695465,0.05689502030453498,4
1752,4,0.0,0.0,1.0,37.0,62.0,1.0,15.0,1.0,2.0,0.0,5.0,0.52,96.0,0.0,0.0,8.0,1.0,4.07142857142857,1.0,1.0,5.2,0.0,0.0,0.960725075528701,0.0,0.0,3.0,0.951202410740972,0.04879758925902795,5
1752,5,21.0,0.0,1.0,0.0,22.0,1.0,15.0,1.0,2.0,0.0,5.0,0.52,96.0,0.0,0.0,8.0,1.0,4.07142857142857,1.0,1.0,1.23333333333333,0.0,0.0,0.960725075528701,0.0,0.0,3.0,0.9312669437989363,0.06873305620106379,3
1752,6,21.0,0.0,1.0,0.0,22.0,1.0,15.0,1.0,2.0,0.0,5.0,0.52,96.0,0.0,0.0,8.0,1.0,4.07142857142857,1.0,1.0,5.2,0.0,0.0,0.960725075528701,0.0,0.0,3.0,0.9488497862531746,0.0511502137468254,4
1752,7,21.0,0.0,1.0,0.0,22.0,1.0,15.0,1.0,2.0,0.0,25.0,0.52,96.0,0.0,0.0,8.0,1.0,4.07142857142857,1.0,1.0,5.2,0.0,0.0,0.960725075528701,0.0,0.0,3.0,0.9601844546172055,0.03981554538279456,5
1752,8,21.0,0.0,1.0,2.0,22.0,1.0,15.0,1.0,2.0,0.0,25.0,0.52,96.0,0.0,0.0,8.0,1.0,4.07142857142857,1.0,1.0,5.2,0.0,0.0,0.960725075528701,0.0,0.0,3.0,0.9621042757718267,0.037895724228173285,5
1752,9,0.0,0.0,1.0,37.0,22.0,1.0,217.0,1.0,2.0,0.0,5.0,0.52,96.0,4.0,0.0,8.0,1.0,4.07142857142857,1.0,1.0,1.23333333333333,0.0,0.0,0.960725075528701,0.0,0.0,3.0,0.5691496193428478,0.43085038065715225,1
1752,10,0.0,0.0,1.0,37.0,22.0,1.0,217.0,1.0,2.0,0.0,5.0,29.08,96.0,0.0,0.0,8.0,1.0,4.07142857142857,1.0,1.0,1.23333333333333,0.0,0.0,0.960725075528701,0.0,0.0,3.0,0.8956430073788955,0.1043569926211046,3
1752,11,0.0,0.0,1.0,37.0,22.0,1.0,217.0,1.0,0.0,0.0,5.0,29.08,96.0,0.0,0.0,8.0,1.0,4.07142857142857,1.0,1.0,1.23333333333333,0.0,0.0,0.960725075528701,0.0,0.0,3.0,0.9261191945423429,0.07388080545765706,4
1752,12,0.0,0.0,1.0,37.0,22.0,1.0,217.0,1.0,0.0,0.0,5.0,29.08,96.0,0.0,0.0,8.0,1.0,4.07142857142857,1.0,1.0,5.2,0.0,0.0,0.960725075528701,0.0,0.0,3.0,0.9314373609883803,0.06856263901161973,5
1752,13,21.0,0.0,1.0,37.0,22.0,1.0,15.0,1.0,2.0,0.0,5.0,0.52,96.0,4.0,0.0,8.0,1.0,4.07142857142857,1.0,1.0,1.23333333333333,0.0,0.0,0.960725075528701,0.0,0.0,3.0,0.6582629951059955,0.34173700489400455,1
1752,14,21.0,0.0,1.0,37.0,22.0,1.0,15.0,1.0,2.0,0.0,5.0,0.52,96.0,4.0,0.0,8.0,1.0,4.07142857142857,1.0,1.0,5.2,0.0,0.0,0.960725075528701,0.0,0.0,3.0,0.8106220850347714,0.18937791496522857,2
1752,15,21.0,0.0,1.0,37.0,0.0,1.0,15.0,1.0,2.0,0.0,5.0,0.52,96.0,4.0,0.0,8.0,1.0,4.07142857142857,1.0,1.0,5.2,0.0,0.0,0.960725075528701,0.0,0.0,3.0,0.872968357108489,0.12703164289151098,3
1752,16,21.0,0.0,1.0,37.0,0.0,1.0,15.0,1.0,93.0,0.0,5.0,0.52,96.0,4.0,0.0,8.0,1.0,4.07142857142857,1.0,1.0,5.2,0.0,0.0,0.960725075528701,0.0,0.0,3.0,0.9044868692736625,0.09551313072633746,4
1752,17,5.0,0.0,1.0,37.0,0.0,1.0,15.0,1.0,93.0,0.0,5.0,0.52,96.0,4.0,0.0,8.0,1.0,4.07142857142857,1.0,1.0,5.2,0.0,0.0,0.960725075528701,0.0,0.0,3.0,0.9214064094672163,0.07859359053278371,5
1752,18,21.0,0.0,1.0,37.0,22.0,1.0,15.0,1.0,0.0,0.0,5.0,0.52,96.0,0.0,0.0,8.0,1.0,4.07142857142857,1.0,1.0,1.23333333333333,0.0,0.0,0.960725075528701,0.0,0.0,3.0,0.9208483383140084,0.07915166168599165,3
1752,19,0.0,0.0,1.0,37.0,22.0,1.0,15.0,1.0,0.0,0.0,5.0,0.52,96.0,0.0,0.0,8.0,1.0,4.07142857142857,1.0,1.0,1.23333333333333,0.0,0.0,0.960725075528701,0.0,0.0,3.0,0.9411566801580785,0.05884331984192144,4
1755,0,2.0,0.0,1.0,9.0,3.0,0.0,86.0,2.0,3.0,2.0,14.0,0.08,87.0,3.0,0.0,7.0,2.0,4.47368421052632,0.0,2.0,1.5,0.0,0.0,0.965964343598055,0.0,0.0,2.0,0.7175350935708362,0.2824649064291638,1
1755,1,2.0,0.0,1.0,9.0,3.0,0.0,86.0,2.0,3.0,2.0,14.0,0.31,87.0,4.0,0.0,7.0,2.0,4.47368421052632,0.0,2.0,1.5,0.0,0.0,0.965964343598055,0.0,0.0,2.0,0.5841659691345226,0.41583403086547743,1
1755,2,2.0,0.0,1.0,9.0,3.0,0.0,93.111,2.0,3.0,2.0,14.0,0.08,87.0,4.0,0.0,7.0,2.0,4.47368421052632,0.0,2.0,1.5,0.0,0.0,0.965964343598055,0.0,0.0,2.0,0.5008591874306259,0.49914081256937415,1
1755,3,2.0,0.0,1.0,9.0,3.0,0.0,25.0,2.0,3.0,2.0,14.0,29.08,87.0,0.0,0.0,7.0,2.0,4.47368421052632,0.0,2.0,1.5,0.0,0.0,0.965964343598055,0.0,0.0,1.0,0.9808735589839366,0.01912644101606337,4
1755,4,2.0,0.0,1.0,9.0,0.0,0.0,25.0,2.0,3.0,2.0,14.0,29.08,87.0,0.0,0.0,7.0,2.0,4.47368421052632,0.0,2.0,1.5,0.0,0.0,0.965964343598055,0.0,0.0,1.0,0.9838601556978211,0.016139844302178883,5
1755,5,2.0,0.0,1.0,9.0,0.0,0.0,25.0,2.0,3.0,2.0,14.0,29.08,87.0,2.0,0.0,7.0,2.0,4.47368421052632,0.0,2.0,1.5,0.0,0.0,0.965964343598055,0.0,0.0,1.0,0.9860171258909216,0.013982874109078417,5
1755,6,2.0,0.0,1.0,9.0,0.0,0.0,25.0,2.0,3.0,2.0,14.0,29.08,87.0,2.0,0.0,7.0,2.0,4.47368421052632,0.0,2.0,1.5,0.0,0.0,0.965964343598055,0.0,0.0,0.0,0.987109406983641,0.012890593016359024,5
1755,7,2.0,0.0,1.0,9.0,3.0,0.0,86.0,2.0,3.0,2.0,14.0,0.08,87.0,4.0,0.0,7.0,2.0,4.47368421052632,0.0,2.0,1.5,5.0,0.0,0.965964343598055,0.0,0.0,2.0,0.6403486181556373,0.3596513818443628,1
1755,8,2.0,0.0,1.0,9.0,1.0,0.0,86.0,2.0,3.0,2.0,14.0,0.08,87.0,4.0,0.0,7.0,2.0,4.47368421052632,0.0,2.0,1.5,0.0,0.0,0.965964343598055,0.0,0.0,2.0,0.5583539597310418,0.4416460402689582,1
1755,9,2.0,0.0,1.0,321.0,3.0,0.0,86.0,2.0,3.0,2.0,14.0,0.08,87.0,4.0,0.0,7.0,2.0,4.47368421052632,0.0,2.0,1.5,0.0,0.0,0.965964343598055,0.0,0.0,2.0,0.6360480530417044,0.3639519469582956,1
1755,10,2.0,0.0,1.0,9.0,3.0,0.0,86.0,2.0,3.0,2.0,14.0,0.08,87.0,0.0,0.0,7.0,2.0,3.0,0.0,2.0,1.5,0.0,0.0,0.965964343598055,0.0,0.0,2.0,0.9207995549481794,0.0792004450518206,2
1755,11,2.0,0.0,1.0,9.0,3.0,0.0,86.0,2.0,3.0,2.0,14.0,0.08,87.0,0.0,0.0,7.0,2.0,3.0,0.0,2.0,1.5,0.0,0.0,0.965964343598055,0.0,0.0,0.0,0.9452313532108154,0.0547686467891846,3
1755,12,2.0,0.0,1.0,9.0,3.0,0.0,86.0,2.0,3.0,2.0,14.0,0.08,87.0,4.0,0.0,9.0,2.0,4.47368421052632,0.0,2.0,1.5,0.0,0.0,0.965964343598055,0.0,0.0,2.0,0.5640824850547363,0.4359175149452637,1
1755,13,2.0,0.0,1.0,321.0,3.0,0.0,86.0,2.0,3.0,2.0,14.0,0.08,87.0,0.0,0.0,21.0,2.0,3.0,0.0,2.0,1.5,0.0,0.0,0.965964343598055,0.0,0.0,0.0,0.9651560148070796,0.03484398519292041,5
1755,14,2.0,0.0,1.0,9.0,3.0,0.0,15.0,2.0,3.0,2.0,14.0,0.08,87.0,0.0,0.0,7.0,2.0,4.47368421052632,0.0,2.0,1.5,0.0,0.0,0.965964343598055,0.0,0.0,2.0,0.9398244087853072,0.060175591214692896,2
1755,15,2.0,0.0,1.0,9.0,3.0,0.0,15.0,2.0,3.0,2.0,14.0,0.08,87.0,0.0,0.0,7.0,2.0,4.47368421052632,0.0,2.0,1.5,5.0,0.0,0.965964343598055,0.0,0.0,2.0,0.9677560916621989,0.03224390833780113,3
1755,16,2.0,0.0,1.0,9.0,62.0,0.0,15.0,2.0,3.0,2.0,14.0,0.08,87.0,0.0,0.0,7.0,2.0,4.47368421052632,0.0,2.0,1.5,5.0,0.0,0.965964343598055,0.0,0.0,2.0,0.9764307851971704,0.023569214802829617,4
1755,17,2.0,0.0,2.0,9.0,62.0,0.0,15.0,2.0,3.0,2.0,14.0,0.08,87.0,0.0,0.0,7.0,2.0,4.47368421052632,0.0,2.0,1.5,5.0,0.0,0.965964343598055,0.0,0.0,2.0,0.9772794997337207,0.022720500266279232,5
1755,18,2.0,0.0,1.0,9.0,3.0,0.0,86.0,2.0,3.0,2.0,14.0,29.08,87.0,4.0,0.0,7.0,2.0,4.47368421052632,0.0,2.0,1.5,0.0,0.0,0.965964343598055,0.0,0.0,2.0,0.7297013650606912,0.2702986349393089,1
1755,19,2.0,0.0,1.0,9.0,0.0,0.0,86.0,2.0,3.0,2.0,14.0,29.08,87.0,4.0,0.0,7.0,2.0,4.47368421052632,0.0,2.0,1.5,0.0,0.0,0.965964343598055,0.0,0.0,2.0,0.8560559127789086,0.1439440872210914,2
1757,0,25.0,0.0,1.0,21.0,4.0,9.0,93.111,1.0,3.0,0.0,7.0,0.37,97.0,4.0,0.0,11.0,1.0,3.88571428571429,0.0,0.0,0.864864864864865,0.0,0.0,0.878149100257069,0.0,0.0,4.0,0.5482195865252586,0.4517804134747414,1
1757,1,25.0,0.0,1.0,21.0,4.0,9.0,15.0,1.0,3.0,0.0,7.0,0.37,97.0,2.0,0.0,11.0,1.0,3.88571428571429,0.0,0.0,0.864864864864865,0.0,0.0,0.878149100257069,0.0,0.0,4.0,0.8783263623497303,0.12167363765026973,2
1757,2,25.0,0.0,1.0,21.0,4.0,9.0,15.0,1.0,3.0,0.0,7.0,0.37,97.0,2.0,0.0,11.0,1.0,3.88571428571429,0.0,0.0,0.864864864864865,0.0,0.0,0.878149100257069,0.0,0.0,0.0,0.9219957808260868,0.0780042191739132,3
1757,3,25.0,0.0,1.0,21.0,0.0,9.0,15.0,1.0,3.0,0.0,7.0,0.37,97.0,2.0,0.0,11.0,1.0,3.88571428571429,0.0,0.0,0.864864864864865,0.0,0.0,0.878149100257069,0.0,0.0,0.0,0.9564416147998656,0.043558385200134435,4
1757,4,25.0,0.0,1.0,7.0,0.0,9.0,15.0,1.0,3.0,0.0,7.0,0.37,97.0,2.0,0.0,11.0,1.0,3.88571428571429,0.0,0.0,0.864864864864865,0.0,0.0,0.878149100257069,0.0,0.0,0.0,0.9624506864977891,0.03754931350221087,5
1757,5,25.0,0.0,1.0,21.0,4.0,9.0,15.0,1.0,3.0,0.0,1.0,0.37,97.0,2.0,0.0,11.0,1.0,3.88571428571429,0.0,0.0,0.864864864864865,0.0,0.0,0.878149100257069,0.0,0.0,0.0,0.93897336781547,0.061026632184529986,4
1757,6,25.0,0.0,0.0,21.0,4.0,9.0,15.0,1.0,3.0,0.0,1.0,0.37,97.0,2.0,0.0,11.0,1.0,3.88571428571429,0.0,0.0,0.864864864864865,0.0,0.0,0.878149100257069,0.0,0.0,0.0,0.940470602438662,0.059529397561338036,5
1757,7,25.0,0.0,1.0,21.0,0.0,9.0,15.0,1.0,3.0,0.0,7.0,0.37,97.0,4.0,0.0,11.0,1.0,3.88571428571429,0.0,0.0,0.864864864864865,0.0,0.0,0.878149100257069,0.0,0.0,4.0,0.8121120266474997,0.18788797335250026,2
1757,8,25.0,0.0,1.0,21.0,0.0,9.0,15.0,1.0,3.0,0.0,7.0,0.37,97.0,4.0,0.0,11.0,1.0,3.88571428571429,0.0,0.0,0.864864864864865,0.0,0.0,0.878149100257069,0.0,0.0,0.0,0.8942943025580539,0.10570569744194618,3
1757,9,25.0,0.0,1.0,21.0,0.0,9.0,15.0,1.0,3.0,0.0,7.0,0.37,97.0,4.0,0.0,11.0,1.0,3.88571428571429,0.0,0.0,0.864864864864865,0.0,0.0,1.0,0.0,0.0,0.0,0.937610754228638,0.062389245771362005,4
1757,10,25.0,0.0,1.0,21.0,0.0,9.0,15.0,1.0,3.0,0.0,7.0,0.37,97.0,4.0,0.0,11.0,1.0,3.88571428571429,0.0,0.0,0.0,0.0,0.0,1.0,0.0,0.0,0.0,0.9667294667364242,0.033270533263575805,5
1757,11,25.0,0.0,1.0,21.0,4.0,9.0,15.0,1.0,3.0,0.0,7.0,0.37,97.0,2.0,0.0,11.0,1.0,3.88571428571429,0.0,0.0,0.0,0.0,0.0,0.878149100257069,0.0,0.0,0.0,0.9568406918803554,0.04315930811964461,4
1757,12,25.0,0.0,1.0,21.0,0.0,9.0,15.0,1.0,3.0,0.0,7.0,0.37,97.0,2.0,0.0,11.0,1.0,3.88571428571429,0.0,0.0,0.0,0.0,0.0,0.878149100257069,0.0,0.0,0.0,0.974452918814275,0.02554708118572499,5
1757,13,25.0,0.0,1.0,21.0,4.0,9.0,15.0,1.0,3.0,0.0,7.0,0.37,97.0,2.0,0.0,11.0,1.0,3.88571428571429,0.0,0.0,0.0,0.0,0.0,0.878149100257069,0.0,0.0,4.0,0.9162168719714182,0.08378312802858175,3
1757,14,25.0,0.0,1.0,21.0,0.0,9.0,15.0,1.0,3.0,0.0,7.0,0.37,97.0,2.0,0.0,11.0,1.0,3.88571428571429,0.0,0.0,0.0,0.0,0.0,0.878149100257069,0.0,0.0,4.0,0.9357142202345072,0.06428577976549282,4
1757,15,0.0,0.0,1.0,21.0,0.0,9.0,15.0,1.0,3.0,0.0,7.0,0.37,97.0,2.0,0.0,11.0,1.0,3.88571428571429,0.0,0.0,0.0,0.0,0.0,0.878149100257069,0.0,0.0,4.0,0.9474401014863534,0.05255989851364661,5
1757,16,25.0,0.0,1.0,21.0,4.0,9.0,459.0,1.0,3.0,0.0,7.0,0.37,97.0,2.0,0.0,11.0,1.0,3.88571428571429,0.0,0.0,0.864864864864865,0.0,0.0,0.878149100257069,0.0,0.0,4.0,0.509969932960475,0.49003006703952495,1
1757,17,0.0,0.0,1.0,21.0,4.0,9.0,459.0,1.0,3.0,0.0,7.0,0.37,97.0,0.0,0.0,11.0,1.0,3.88571428571429,0.0,0.0,0.864864864864865,0.0,0.0,0.878149100257069,0.0,0.0,4.0,0.6747000826188424,0.3252999173811576,2
1757,18,0.0,0.0,1.0,21.0,4.0,9.0,459.0,1.0,3.0,0.0,7.0,0.37,97.0,0.0,0.0,11.0,1.0,3.88571428571429,0.0,0.0,0.864864864864865,0.0,0.0,0.878149100257069,0.0,0.0,0.0,0.8199904516915842,0.18000954830841576,3
1757,19,0.0,0.0,1.0,21.0,4.0,9.0,459.0,1.0,3.0,0.0,1.0,0.37,97.0,0.0,0.0,11.0,1.0,3.88571428571429,0.0,0.0,0.864864864864865,0.0,0.0,0.878149100257069,0.0,0.0,0.0,0.8523269171688589,0.14767308283114114,4
1763,0,14.0,1.0,1.0,0.0,8.0,5.0,276.0,4.0,1.0,0.0,30.0,29.08,0.0,2.0,0.0,12.0,2.0,1.80434782608696,0.0,1.0,0.313725490196078,0.0,92.0,0.911620294599018,1.0,0.0,1.0,0.5883529980004798,0.4116470019995202,2
1763,1,2.0,1.0,1.0,0.0,8.0,5.0,276.0,4.0,1.0,0.0,30.0,29.08,0.0,4.0,0.0,12.0,2.0,1.80434782608696,0.0,1.0,0.313725490196078,0.0,92.0,0.911620294599018,1.0,0.0,1.0,0.5120916543141227,0.4879083456858772,2
1763,2,14.0,1.0,1.0,0.0,8.0,5.0,276.0,4.0,1.0,0.0,30.0,29.08,0.0,4.0,0.0,12.0,2.0,1.80434782608696,0.0,1.0,0.313725490196078,0.0,2.0,0.911620294599018,1.0,0.0,1.0,0.5433239202307486,0.4566760797692514,2
1763,3,0.0,1.0,1.0,0.0,8.0,5.0,276.0,4.0,1.0,0.0,30.0,29.08,0.0,0.0,0.0,12.0,2.0,1.80434782608696,0.0,1.0,0.313725490196078,0.0,0.0,0.911620294599018,1.0,0.0,1.0,0.909858082136382,0.09014191786361804,4
1763,4,0.0,1.0,1.0,0.0,1.0,5.0,276.0,4.0,1.0,0.0,30.0,29.08,0.0,0.0,0.0,12.0,2.0,1.80434782608696,0.0,1.0,0.313725490196078,0.0,0.0,0.911620294599018,1.0,0.0,1.0,0.9159472994593764,0.08405270054062365,5
1763,5,0.0,1.0,1.0,0.0,8.0,5.0,276.0,4.0,1.0,0.0,30.0,29.08,0.0,4.0,0.0,12.0,2.0,1.80434782608696,0.0,1.0,0.313725490196078,0.0,92.0,0.911620294599018,1.0,0.0,1.0,0.5750456503013868,0.4249543496986132,2
1763,6,0.0,1.0,1.0,0.0,0.0,5.0,276.0,4.0,1.0,0.0,30.0,29.08,0.0,4.0,0.0,12.0,2.0,1.80434782608696,0.0,1.0,0.313725490196078,0.0,92.0,0.911620294599018,1.0,0.0,1.0,0.6890811674610922,0.3109188325389079,3
1763,7,0.0,1.0,1.0,0.0,0.0,5.0,276.0,4.0,1.0,0.0,9.0,29.08,0.0,4.0,0.0,12.0,2.0,1.80434782608696,0.0,1.0,0.313725490196078,0.0,92.0,0.911620294599018,1.0,0.0,1.0,0.7586042870219316,0.24139571297806836,4
1763,8,0.0,1.0,1.0,0.0,0.0,5.0,276.0,1.0,1.0,0.0,9.0,29.08,0.0,4.0,0.0,12.0,2.0,1.80434782608696,0.0,1.0,0.313725490196078,0.0,92.0,0.911620294599018,1.0,0.0,1.0,0.7843278945951462,0.21567210540485376,5
1763,9,14.0,1.0,1.0,0.0,8.0,5.0,276.0,4.0,93.0,0.0,30.0,29.08,0.0,4.0,0.0,12.0,2.0,1.80434782608696,0.0,1.0,0.313725490196078,0.0,92.0,0.911620294599018,1.0,0.0,1.0,0.5588204227127858,0.4411795772872143,2
1763,10,14.0,1.0,1.0,0.0,0.0,5.0,276.0,4.0,93.0,0.0,30.0,29.08,0.0,2.0,0.0,12.0,2.0,1.80434782608696,0.0,1.0,0.313725490196078,0.0,92.0,0.911620294599018,1.0,0.0,1.0,0.9033930782995024,0.09660692170049752,4
1763,11,14.0,1.0,1.0,0.0,0.0,5.0,276.0,4.0,93.0,0.0,30.0,29.08,0.0,2.0,0.0,12.0,2.0,337.0,0.0,1.0,0.313725490196078,0.0,92.0,0.911620294599018,1.0,0.0,1.0,0.9300663515475858,0.06993364845241425,5
1763,12,0.0,1.0,1.0,0.0,0.0,5.0,276.0,4.0,1.0,0.0,30.0,29.08,0.0,2.0,0.0,12.0,2.0,1.80434782608696,0.0,1.0,0.313725490196078,0.0,92.0,0.911620294599018,1.0,0.0,1.0,0.8327403494946182,0.16725965050538186,4
1763,13,14.0,1.0,1.0,0.0,8.0,5.0,276.0,4.0,1.0,0.0,30.0,0.37,0.0,1.0,0.0,12.0,2.0,1.80434782608696,0.0,1.0,0.313725490196078,0.0,2.0,0.911620294599018,1.0,0.0,1.0,0.50015009851887,0.4998499014811299,2
1763,14,14.0,1.0,1.0,0.0,8.0,5.0,276.0,4.0,1.0,0.0,2.0,0.37,0.0,0.0,0.0,12.0,2.0,1.80434782608696,0.0,1.0,0.313725490196078,0.0,0.0,0.911620294599018,1.0,0.0,1.0,0.802310701401978,0.19768929859802198,3
1763,15,14.0,1.0,1.0,0.0,8.0,5.0,276.0,4.0,93.0,0.0,30.0,0.37,0.0,4.0,0.0,12.0,2.0,1.80434782608696,0.0,1.0,0.313725490196078,0.0,2.0,0.911620294599018,1.0,0.0,1.0,0.5270007316205094,0.4729992683794905,2
1763,16,14.0,1.0,1.0,0.0,8.0,5.0,276.0,4.0,93.0,0.0,2.0,0.37,0.0,0.0,1.0,12.0,2.0,1.80434782608696,0.0,1.0,0.313725490196078,0.0,0.0,0.911620294599018,1.0,0.0,1.0,0.8426806749834186,0.15731932501658147,5
1763,17,14.0,1.0,1.0,0.0,1.0,5.0,276.0,4.0,1.0,0.0,30.0,29.08,0.0,4.0,0.0,12.0,2.0,1.80434782608696,0.0,1.0,0.313725490196078,0.0,92.0,0.911620294599018,1.0,0.0,1.0,0.5127345104473198,0.4872654895526803,2
1763,18,14.0,1.0,1.0,0.0,0.0,5.0,276.0,4.0,93.0,0.0,30.0,29.08,0.0,4.0,0.0,12.0,2.0,1.80434782608696,0.0,1.0,0.313725490196078,0.0,92.0,0.911620294599018,1.0,0.0,1.0,0.7687388777221605,0.2312611222778395,3
1763,19,14.0,1.0,1.0,0.0,0.0,5.0,276.0,4.0,93.0,0.0,30.0,29.08,0.0,4.0,0.0,12.0,2.0,1.80434782608696,0.0,1.0,0.313725490196078,0.0,0.0,0.911620294599018,1.0,0.0,1.0,0.8768478831303876,0.12315211686961242,4
2420,0,0.0,0.0,1.0,28.0,1.0,3.0,52.0,1.0,13.0,0.0,2.0,0.41,100.0,4.0,3.0,7.0,1.0,9.66666666666667,3.0,1.0,0.823529411764706,0.0,369.0,1.0,1.0,0.0,0.0,0.5980237500385547,0.4019762499614453,1
2420,1,0.0,0.0,1.0,28.0,1.0,3.0,15.0,1.0,13.0,0.0,2.0,29.08,100.0,4.0,3.0,7.0,1.0,9.66666666666667,3.0,1.0,0.823529411764706,0.0,369.0,1.0,1.0,0.0,0.0,0.8989669317086578,0.10103306829134218,2
2420,2,0.0,0.0,1.0,28.0,1.0,3.0,15.0,1.0,13.0,0.0,2.0,29.08,100.0,2.0,3.0,7.0,1.0,9.66666666666667,3.0,1.0,0.823529411764706,0.0,369.0,1.0,1.0,0.0,0.0,0.9503198528268287,0.04968014717317129,3
2420,3,0.0,0.0,1.0,28.0,1.0,3.0,15.0,1.0,13.0,0.0,2.0,29.08,100.0,2.0,3.0,0.0,1.0,9.66666666666667,3.0,1.0,0.823529411764706,0.0,369.0,1.0,1.0,0.0,0.0,0.9688097490437121,0.031190250956287944,4
2420,4,0.0,0.0,1.0,28.0,1.0,3.0,15.0,1.0,13.0,0.0,2.0,29.08,100.0,2.0,3.0,0.0,1.0,9.66666666666667,2.0,1.0,0.823529411764706,0.0,369.0,1.0,1.0,0.0,0.0,0.9707733247113672,0.02922667528863281,5
2420,5,0.0,0.0,1.0,28.0,1.0,3.0,15.0,1.0,13.0,0.0,2.0,29.08,100.0,4.0,3.0,7.0,1.0,9.66666666666667,1.0,1.0,0.823529411764706,0.0,369.0,1.0,1.0,0.0,0.0,0.9269556556829966,0.07304434431700335,3
2420,6,0.0,0.0,1.0,28.0,1.0,0.0,15.0,1.0,13.0,0.0,2.0,29.08,100.0,4.0,3.0,7.0,1.0,9.66666666666667,1.0,1.0,0.823529411764706,0.0,369.0,1.0,1.0,0.0,0.0,0.9453123236960771,0.05468767630392291,4
2420,7,0.0,0.0,1.0,28.0,1.0,0.0,15.0,1.0,13.0,1.0,2.0,29.08,100.0,4.0,3.0,7.0,1.0,9.66666666666667,1.0,1.0,0.823529411764706,0.0,369.0,1.0,1.0,0.0,0.0,0.9575141362549595,0.04248586374504043,5
2420,8,0.0,0.0,1.0,0.0,1.0,3.0,15.0,1.0,13.0,0.0,2.0,0.41,100.0,4.0,3.0,7.0,1.0,9.66666666666667,3.0,1.0,0.823529411764706,0.0,369.0,1.0,1.0,0.0,0.0,0.8559167753329001,0.1440832246670999,2
2420,9,0.0,0.0,1.0,0.0,1.0,3.0,15.0,1.0,13.0,0.0,2.0,0.41,100.0,4.0,3.0,7.0,1.0,9.66666666666667,3.0,1.0,1.8,0.0,369.0,1.0,1.0,0.0,0.0,0.90647720056358,0.09352279943641995,3
2420,10,0.0,0.0,1.0,0.0,1.0,3.0,15.0,1.0,13.0,0.0,2.0,0.41,100.0,4.0,3.0,3.0,1.0,9.66666666666667,3.0,1.0,1.8,0.0,369.0,1.0,1.0,0.0,0.0,0.9218248222254246,0.07817517777457537,4
2420,11,0.0,0.0,1.0,28.0,1.0,3.0,15.0,1.0,13.0,0.0,2.0,29.08,100.0,4.0,3.0,0.0,1.0,9.66666666666667,3.0,1.0,0.823529411764706,0.0,369.0,1.0,1.0,0.0,0.0,0.9324325637773385,0.06756743622266154,3
2420,12,0.0,0.0,1.0,28.0,1.0,3.0,15.0,1.0,13.0,0.0,2.0,29.08,100.0,4.0,3.0,0.0,6.0,9.66666666666667,3.0,1.0,0.823529411764706,0.0,369.0,1.0,1.0,0.0,0.0,0.943300047513931,0.05669995248606896,4
2420,13,0.0,0.0,1.0,28.0,1.0,3.0,25.0,1.0,13.0,0.0,2.0,29.08,100.0,4.0,3.0,0.0,6.0,9.66666666666667,3.0,1.0,0.823529411764706,0.0,369.0,1.0,1.0,0.0,0.0,0.9539008287524617,0.04609917124753829,4
2420,14,0.0,0.0,1.0,28.0,1.0,3.0,25.0,1.0,13.0,0.0,2.0,29.08,100.0,4.0,3.0,0.0,6.0,9.66666666666667,2.0,1.0,0.823529411764706,0.0,369.0,1.0,1.0,0.0,0.0,0.95676110228187,0.04323889771813001,5
2420,15,0.0,0.0,1.0,28.0,1.0,3.0,88.0,1.0,13.0,0.0,2.0,0.41,100.0,2.0,3.0,7.0,1.0,9.66666666666667,3.0,1.0,0.823529411764706,0.0,369.0,1.0,1.0,0.0,0.0,0.5924787451987058,0.4075212548012942,1
2420,16,0.0,0.0,1.0,28.0,1.0,3.0,88.0,1.0,13.0,0.0,2.0,3.24,100.0,4.0,3.0,7.0,1.0,9.66666666666667,3.0,1.0,0.823529411764706,0.0,369.0,1.0,1.0,0.0,0.0,0.5360220407496519,0.4639779592503481,1
2420,17,0.0,0.0,1.0,28.0,1.0,3.0,88.0,1.0,13.0,0.0,2.0,29.08,100.0,0.0,3.0,0.0,1.0,9.66666666666667,3.0,1.0,0.823529411764706,0.0,369.0,1.0,1.0,0.0,0.0,0.933121245644941,0.06687875435505898,3
2420,18,0.0,0.0,1.0,28.0,1.0,3.0,88.0,1.0,13.0,0.0,2.0,29.08,100.0,0.0,3.0,0.0,6.0,9.66666666666667,3.0,1.0,0.823529411764706,0.0,369.0,1.0,1.0,0.0,0.0,0.9700278802081109,0.02997211979188904,4
2420,19,0.0,0.0,1.0,28.0,1.0,3.0,88.0,1.0,13.0,0.0,2.0,29.08,100.0,2.0,3.0,0.0,6.0,9.66666666666667,3.0,1.0,0.823529411764706,0.0,369.0,1.0,1.0,0.0,0.0,0.9709383571845361,0.029061642815463824,4
1777,0,0.0,0.0,1.0,1.0,1.0,275.0,1668.0,1.0,0.0,0.0,6.0,0.31,83.0,1.0,0.0,12.0,1.0,1.0,0.0,2.0,1.125,0.0,0.0,0.939313203078745,0.0,0.0,7.0,0.5835624263672021,0.41643757363279793,1
1777,1,0.0,0.0,1.0,1.0,1.0,275.0,15.0,1.0,0.0,0.0,6.0,0.31,83.0,4.0,0.0,12.0,1.0,1.0,0.0,2.0,1.125,0.0,0.0,0.939313203078745,0.0,0.0,7.0,0.5157295723640893,0.4842704276359107,1
1777,2,0.0,0.0,1.0,1.0,1.0,275.0,15.0,1.0,0.0,0.0,6.0,0.31,83.0,0.0,0.0,12.0,1.0,1.0,0.0,2.0,1.125,0.0,0.0,0.939313203078745,0.0,0.0,0.0,0.9735146127187682,0.026485387281231853,3
1777,3,0.0,0.0,1.0,1.0,1.0,275.0,15.0,1.0,0.0,0.0,6.0,0.31,83.0,0.0,0.0,12.0,1.0,1.0,0.0,0.0,1.125,0.0,0.0,0.939313203078745,0.0,0.0,0.0,0.981891726038487,0.018108273961513006,4
1777,4,0.0,0.0,1.0,1.0,0.0,275.0,15.0,1.0,0.0,0.0,6.0,0.31,83.0,0.0,0.0,12.0,1.0,1.0,0.0,0.0,1.125,0.0,0.0,0.939313203078745,0.0,0.0,0.0,0.9820493740521119,0.01795062594788815,5
1777,5,0.0,0.0,1.0,1.0,1.0,275.0,15.0,1.0,93.0,0.0,6.0,0.31,83.0,0.0,0.0,12.0,1.0,1.0,0.0,2.0,1.125,0.0,0.0,0.939313203078745,0.0,0.0,0.0,0.975929392431652,0.024070607568348022,4
1777,6,0.0,0.0,0.0,1.0,1.0,275.0,15.0,1.0,93.0,0.0,6.0,0.31,83.0,0.0,0.0,12.0,1.0,1.0,0.0,2.0,1.125,0.0,0.0,0.939313203078745,0.0,0.0,0.0,0.9762990339523087,0.023700966047691292,5
1777,7,0.0,0.0,1.0,1.0,1.0,275.0,1668.0,1.0,0.0,0.0,6.0,0.31,83.0,0.0,0.0,12.0,1.0,1.0,0.0,2.0,1.125,0.0,0.0,0.939313203078745,0.0,0.0,0.0,0.8261503409344025,0.1738496590655975,2
1777,8,0.0,0.0,1.0,1.0,1.0,275.0,1668.0,1.0,0.0,0.0,6.0,0.31,83.0,0.0,0.0,12.0,1.0,1.0,0.0,0.0,1.125,0.0,0.0,0.939313203078745,0.0,0.0,0.0,0.8751604881802633,0.12483951181973671,3
1777,9,0.0,0.0,1.0,1.0,1.0,275.0,1668.0,1.0,0.0,0.0,6.0,0.31,83.0,0.0,0.0,12.0,1.0,1.0,0.0,0.0,1.125,0.0,0.0,1.0,0.0,0.0,0.0,0.9100709866669495,0.08992901333305048,4
1777,10,0.0,0.0,1.0,1.0,1.0,275.0,1668.0,1.0,0.0,0.0,6.0,0.31,83.0,0.0,0.0,12.0,1.0,4.8,0.0,0.0,1.125,0.0,0.0,1.0,0.0,0.0,0.0,0.918579057753228,0.08142094224677196,5
1777,11,0.0,0.0,1.0,1.0,1.0,275.0,15.0,1.0,0.0,0.0,6.0,0.31,83.0,0.0,0.0,12.0,0.0,1.0,0.0,0.0,1.125,0.0,0.0,0.939313203078745,0.0,0.0,0.0,0.9820013255549267,0.017998674445073283,5
1777,12,0.0,0.0,1.0,1.0,1.0,275.0,15.0,1.0,0.0,0.0,6.0,0.31,83.0,0.0,0.0,12.0,1.0,2.3,0.0,2.0,1.125,0.0,0.0,0.939313203078745,0.0,0.0,0.0,0.975770021750693,0.024229978249306925,4
1777,13,0.0,0.0,1.0,1.0,1.0,275.0,15.0,1.0,0.0,0.0,6.0,0.31,83.0,0.0,0.0,12.0,0.0,2.3,0.0,2.0,1.125,0.0,0.0,0.939313203078745,0.0,0.0,0.0,0.9759157637976984,0.02408423620230162,5
1777,14,0.0,0.0,1.0,1.0,1.0,275.0,15.0,1.0,0.0,0.0,6.0,0.31,83.0,0.0,0.0,12.0,0.0,4.8,0.0,2.0,1.125,0.0,0.0,0.939313203078745,0.0,0.0,0.0,0.9773185451219606,0.022681454878039388,5
1777,15,0.0,0.0,1.0,1.0,1.0,275.0,15.0,1.0,0.0,0.0,6.0,0.31,83.0,4.0,0.0,12.0,1.0,337.0,0.0,2.0,1.125,0.0,0.0,0.939313203078745,0.0,0.0,7.0,0.6701414243556398,0.3298585756443601,2
1777,16,0.0,0.0,1.0,1.0,1.0,275.0,15.0,1.0,0.0,0.0,6.0,0.31,83.0,4.0,0.0,12.0,1.0,337.0,0.0,25.0,1.125,0.0,0.0,0.939313203078745,0.0,0.0,7.0,0.7674079834249741,0.23259201657502587,3
1777,17,0.0,0.0,1.0,1.0,1.0,275.0,15.0,1.0,0.0,1114.0,6.0,0.31,83.0,4.0,0.0,12.0,1.0,337.0,0.0,25.0,1.125,0.0,0.0,0.939313203078745,0.0,0.0,7.0,0.7809410413308074,0.21905895866919256,4
1777,18,0.0,0.0,1.0,1.0,1.0,275.0,15.0,1.0,0.0,1114.0,3.0,0.31,83.0,4.0,0.0,12.0,1.0,337.0,0.0,25.0,1.125,0.0,0.0,0.939313203078745,0.0,0.0,7.0,0.7812681855706372,0.21873181442936285,5
1778,0,0.0,12.0,1.0,1.0,9.0,7.0,127.0,2.0,1.0,0.0,53.0,0.55,46.0,4.0,0.0,11.0,2.0,4.33333333333333,0.0,0.0,0.768115942028985,0.0,4.0,0.943973941368078,1.0,0.0,0.0,0.5139479693879955,0.4860520306120045,2
1778,1,0.0,12.0,1.0,1.0,9.0,7.0,15.0,2.0,1.0,0.0,53.0,0.55,46.0,0.0,0.0,11.0,2.0,4.33333333333333,0.0,0.0,0.768115942028985,0.0,4.0,0.943973941368078,1.0,0.0,0.0,0.8264342655689352,0.1735657344310648,3
1778,2,0.0,12.0,1.0,1.0,9.0,7.0,15.0,2.0,1.0,0.0,53.0,0.55,46.0,0.0,0.0,11.0,2.0,4.33333333333333,0.0,0.0,0.768115942028985,0.0,4.0,1.0,1.0,0.0,0.0,0.8873409995032319,0.1126590004967681,4
1778,3,0.0,12.0,1.0,1.0,9.0,7.0,15.0,2.0,1.0,0.0,13.0,0.55,46.0,0.0,0.0,11.0,2.0,4.33333333333333,0.0,0.0,0.768115942028985,0.0,4.0,1.0,1.0,0.0,0.0,0.9010795913325711,0.09892040866742896,5
1778,4,0.0,12.0,1.0,1.0,9.0,7.0,37.0,2.0,1.0,0.0,53.0,0.55,46.0,1.0,0.0,11.0,2.0,4.33333333333333,0.0,0.0,0.768115942028985,0.0,4.0,0.943973941368078,1.0,0.0,5.0,0.5255155943520112,0.47448440564798877,2
1778,5,0.0,12.0,1.0,1.0,9.0,7.0,478.0,2.0,1.0,0.0,53.0,0.55,46.0,7.0,0.0,11.0,2.0,4.33333333333333,0.0,0.0,0.768115942028985,0.0,4.0,0.943973941368078,1.0,0.0,0.0,0.5092930116335674,0.4907069883664325,2
1778,6,0.0,12.0,1.0,1.0,9.0,7.0,478.0,2.0,1.0,0.0,9.0,0.55,46.0,7.0,0.0,11.0,2.0,4.33333333333333,0.0,0.0,0.768115942028985,0.0,4.0,0.943973941368078,1.0,0.0,0.0,0.6612186010942611,0.33878139890573883,3
1778,7,0.0,12.0,1.0,1.0,9.0,7.0,478.0,2.0,1.0,0.0,9.0,0.55,46.0,4.0,0.0,11.0,2.0,4.33333333333333,0.0,0.0,0.768115942028985,5.0,4.0,0.943973941368078,1.0,0.0,0.0,0.5463562325552587,0.45364376744474133,3
1778,8,0.0,12.0,1.0,1.0,9.0,7.0,478.0,2.0,1.0,0.0,9.0,0.31,46.0,7.0,0.0,11.0,2.0,4.33333333333333,0.0,0.0,0.768115942028985,5.0,4.0,0.943973941368078,1.0,0.0,0.0,0.7752843785600741,0.22471562143992585,5
1778,9,0.0,12.0,1.0,1.0,9.0,7.0,478.0,2.0,1.0,0.0,9.0,0.31,46.0,0.0,0.0,11.0,2.0,4.33333333333333,0.0,0.0,0.768115942028985,5.0,4.0,0.943973941368078,1.0,0.0,0.0,0.8152256601013971,0.1847743398986029,5
1778,10,0.0,12.0,1.0,1.0,9.0,7.0,478.0,2.0,1.0,0.0,13.0,0.31,46.0,4.0,0.0,11.0,2.0,4.33333333333333,0.0,0.0,0.768115942028985,0.0,4.0,0.943973941368078,1.0,0.0,0.0,0.5228286154916985,0.47717138450830154,3
1778,11,0.0,12.0,1.0,1.0,9.0,7.0,478.0,2.0,1.0,0.0,1.0,29.08,46.0,0.0,0.0,11.0,2.0,4.33333333333333,0.0,0.0,0.768115942028985,5.0,4.0,0.943973941368078,1.0,0.0,0.0,0.8508881814164364,0.14911181858356362,5
1778,12,0.0,12.0,1.0,1.0,9.0,7.0,15.0,2.0,1.0,0.0,53.0,0.55,46.0,4.0,0.0,11.0,2.0,4.33333333333333,0.0,0.0,0.768115942028985,0.0,4.0,1.0,1.0,0.0,0.0,0.7812536617729472,0.2187463382270528,3
1778,13,0.0,12.0,1.0,1.0,9.0,7.0,15.0,2.0,93.0,0.0,53.0,0.55,46.0,4.0,0.0,11.0,2.0,4.33333333333333,0.0,0.0,0.768115942028985,0.0,4.0,1.0,1.0,0.0,0.0,0.8620257950551068,0.13797420494489318,4
1778,14,0.0,12.0,1.0,1.0,0.0,7.0,15.0,2.0,93.0,0.0,53.0,0.55,46.0,4.0,0.0,11.0,2.0,4.33333333333333,0.0,0.0,0.768115942028985,0.0,4.0,1.0,1.0,0.0,0.0,0.8680668918439838,0.13193310815601628,5
1778,15,0.0,12.0,1.0,1.0,9.0,7.0,15.0,2.0,1.0,0.0,53.0,0.55,46.0,0.0,0.0,11.0,2.0,4.33333333333333,0.0,0.0,0.768115942028985,0.0,0.0,0.943973941368078,1.0,0.0,0.0,0.9057740647835737,0.09422593521642632,4
1778,16,0.0,12.0,1.0,1.0,9.0,7.0,15.0,2.0,1.0,0.0,7.0,0.55,46.0,0.0,0.0,11.0,2.0,4.33333333333333,0.0,0.0,0.768115942028985,0.0,0.0,0.943973941368078,1.0,0.0,0.0,0.9343172490739534,0.06568275092604654,5
1778,17,0.0,12.0,1.0,1.0,9.0,7.0,15.0,2.0,1.0,0.0,53.0,0.55,46.0,0.0,0.0,11.0,2.0,4.33333333333333,0.0,0.0,0.768115942028985,0.0,4.0,0.943973941368078,1.0,0.0,5.0,0.5824793255421639,0.4175206744578362,2
1778,18,0.0,12.0,1.0,1.0,9.0,7.0,15.0,2.0,1.0,0.0,53.0,0.55,46.0,0.0,0.0,11.0,2.0,4.33333333333333,0.0,0.0,0.768115942028985,0.0,4.0,1.0,1.0,0.0,5.0,0.7216201104810306,0.2783798895189694,3
1778,19,0.0,12.0,1.0,1.0,62.0,7.0,15.0,2.0,1.0,0.0,53.0,0.55,46.0,0.0,0.0,11.0,2.0,4.33333333333333,0.0,0.0,0.768115942028985,0.0,4.0,1.0,1.0,0.0,5.0,0.759416653627624,0.240583346372376,4
1780,0,11.0,0.0,1.0,1.0,11.0,6.0,322.0,2.0,1.0,2.0,33.0,0.21,77.0,1.0,0.0,9.0,2.0,1.71111111111111,0.0,1.0,0.458333333333333,0.0,65.0,1.0,0.666666666666667,0.0,4.0,0.5728622251151891,0.4271377748848108,3
1780,1,11.0,0.0,1.0,1.0,11.0,6.0,322.0,2.0,1.0,2.0,33.0,0.21,77.0,1.0,0.0,9.0,2.0,1.71111111111111,0.0,1.0,0.458333333333333,0.0,0.0,0.733748886910062,0.666666666666667,0.0,0.0,0.5215539183252891,0.47844608167471087,3
1780,2,11.0,0.0,1.0,1.0,11.0,6.0,71.0,2.0,1.0,2.0,33.0,0.21,77.0,0.0,0.0,9.0,2.0,1.71111111111111,0.0,1.0,0.458333333333333,0.0,0.0,1.0,0.666666666666667,0.0,0.0,0.9647871755899218,0.03521282441007827,5
1780,3,11.0,0.0,1.0,1.0,11.0,6.0,193.556,2.0,1.0,2.0,33.0,0.21,77.0,1.0,0.0,9.0,2.0,1.71111111111111,0.0,1.0,0.458333333333333,0.0,65.0,1.0,0.666666666666667,0.0,6.0,0.5572253847505044,0.4427746152494955,3
1780,4,11.0,0.0,1.0,1.0,11.0,13.0,71.0,2.0,1.0,2.0,33.0,0.21,77.0,0.0,0.0,9.0,2.0,1.71111111111111,0.0,1.0,0.458333333333333,0.0,65.0,1.0,0.666666666666667,0.0,6.0,0.7424688425814592,0.25753115741854077,4
1780,5,11.0,0.0,1.0,1.0,11.0,6.0,322.0,2.0,1.0,2.0,33.0,0.21,77.0,2.0,0.0,9.0,2.0,1.71111111111111,0.0,1.0,0.458333333333333,0.0,65.0,1.0,0.8,0.0,6.0,0.5254830684728553,0.47451693152714464,3
1780,6,11.0,0.0,1.0,1.0,11.0,6.0,322.0,2.0,1.0,2.0,33.0,0.21,77.0,1.0,0.0,9.0,2.0,1.71111111111111,0.0,1.0,0.458333333333333,0.0,16.0,1.0,0.666666666666667,0.0,6.0,0.5263871333489254,0.47361286665107455,3
1780,7,11.0,0.0,1.0,1.0,11.0,6.0,322.0,2.0,1.0,2.0,33.0,0.21,77.0,0.0,0.0,9.0,2.0,1.71111111111111,0.0,1.0,0.458333333333333,0.0,16.0,1.0,0.8,0.0,6.0,0.7528775676242039,0.24712243237579612,4
1780,8,11.0,0.0,1.0,1.0,11.0,6.0,322.0,2.0,1.0,2.0,33.0,29.08,77.0,2.0,0.0,9.0,2.0,1.71111111111111,0.0,1.0,0.458333333333333,0.0,65.0,1.0,0.666666666666667,0.0,6.0,0.6180271173167606,0.38197288268323937,3
1780,9,11.0,0.0,1.0,1.0,11.0,6.0,93.111,2.0,1.0,2.0,33.0,29.08,77.0,4.0,0.0,9.0,2.0,1.71111111111111,0.0,1.0,0.458333333333333,0.0,65.0,1.0,0.666666666666667,0.0,6.0,0.5527266799124955,0.4472733200875046,3
1780,10,11.0,0.0,1.0,1.0,11.0,6.0,93.111,2.0,1.0,2.0,33.0,0.21,77.0,4.0,0.0,9.0,2.0,1.71111111111111,0.0,1.0,0.458333333333333,0.0,2.0,1.0,0.666666666666667,0.0,6.0,0.5288804595057878,0.47111954049421223,3
1780,11,11.0,0.0,1.0,1.0,11.0,6.0,322.0,2.0,1.0,2.0,33.0,0.21,77.0,0.0,0.0,9.0,2.0,1.71111111111111,0.0,1.0,0.458333333333333,0.0,0.0,1.0,0.666666666666667,0.0,6.0,0.6222118534868778,0.3777881465131222,3
1780,12,11.0,0.0,1.0,1.0,11.0,6.0,322.0,2.0,1.0,2.0,33.0,0.21,77.0,0.0,0.0,9.0,2.0,1.71111111111111,2.0,1.0,0.458333333333333,0.0,0.0,1.0,0.666666666666667,0.0,6.0,0.661689799146499,0.33831020085350105,4
1780,13,11.0,0.0,1.0,1.0,11.0,6.0,93.111,2.0,1.0,2.0,33.0,0.21,77.0,4.0,0.0,9.0,2.0,1.71111111111111,0.0,1.0,0.458333333333333,0.0,65.0,1.0,0.666666666666667,0.0,1.0,0.5468579455866003,0.45314205441339966,3
1780,14,11.0,0.0,1.0,1.0,11.0,6.0,15.0,2.0,1.0,2.0,33.0,0.21,77.0,4.0,1.0,9.0,2.0,1.71111111111111,0.0,1.0,0.458333333333333,0.0,65.0,1.0,0.666666666666667,0.0,0.0,0.6868078880110666,0.3131921119889333,4
1780,15,11.0,0.0,1.0,1.0,11.0,6.0,322.0,2.0,1.0,2.0,33.0,0.21,77.0,4.0,0.0,9.0,2.0,1.71111111111111,0.0,1.0,0.458333333333333,0.0,2.0,1.0,0.666666666666667,0.0,1.0,0.5449948948850221,0.455005105114978,3
1780,16,11.0,0.0,1.0,1.0,11.0,6.0,15.0,2.0,1.0,2.0,33.0,0.21,77.0,4.0,0.0,9.0,2.0,1.71111111111111,0.0,1.0,0.458333333333333,0.0,0.0,1.0,0.666666666666667,0.0,0.0,0.8581022913818435,0.1418977086181566,4
1780,17,11.0,0.0,2.0,1.0,11.0,6.0,15.0,2.0,1.0,2.0,33.0,0.21,77.0,4.0,0.0,9.0,2.0,1.71111111111111,0.0,1.0,0.458333333333333,0.0,0.0,1.0,0.666666666666667,0.0,0.0,0.8862422398481042,0.1137577601518958,5
1780,18,2.0,0.0,1.0,1.0,11.0,6.0,322.0,2.0,1.0,2.0,33.0,0.21,77.0,4.0,0.0,9.0,2.0,1.71111111111111,0.0,1.0,0.458333333333333,0.0,65.0,1.0,0.666666666666667,0.0,0.0,0.5270873955852893,0.4729126044147108,3
1780,19,11.0,0.0,1.0,1.0,11.0,6.0,322.0,2.0,93.0,2.0,33.0,0.21,77.0,4.0,0.0,9.0,2.0,1.71111111111111,0.0,1.0,0.458333333333333,0.0,65.0,1.0,0.666666666666667,0.0,0.0,0.5191107052443951,0.480889294755605,3
2425,0,0.0,0.0,1.0,0.0,2.0,8.0,151.0,1.0,2.0,0.0,13.0,0.42,0.0,4.0,0.0,8.0,1.0,0.933333333333333,0.0,2.0,0.882352941176471,0.0,2.0,0.868761552680222,1.0,0.0,0.0,0.5221594929500504,0.4778405070499497,1
2425,1,0.0,0.0,1.0,0.0,2.0,8.0,151.0,1.0,2.0,0.0,13.0,0.42,0.0,0.0,0.0,8.0,1.0,0.933333333333333,0.0,2.0,0.882352941176471,0.0,0.0,0.868761552680222,1.0,0.0,0.0,0.8627834143234356,0.13721658567656442,2
2425,2,0.0,0.0,1.0,0.0,2.0,8.0,151.0,1.0,2.0,0.0,13.0,29.08,0.0,0.0,0.0,8.0,1.0,0.933333333333333,0.0,2.0,0.882352941176471,0.0,0.0,0.868761552680222,1.0,0.0,0.0,0.9493128297517721,0.050687170248227845,3
2425,3,0.0,0.0,1.0,0.0,2.0,8.0,15.0,1.0,2.0,0.0,13.0,0.42,0.0,4.0,0.0,8.0,1.0,0.933333333333333,0.0,2.0,0.882352941176471,0.0,76.0,0.868761552680222,1.0,0.0,0.0,0.546692789646734,0.4533072103532661,1
2425,4,0.0,2.0,1.0,0.0,2.0,8.0,15.0,1.0,2.0,0.0,13.0,29.08,0.0,0.0,0.0,8.0,1.0,0.933333333333333,0.0,2.0,0.882352941176471,0.0,0.0,0.868761552680222,1.0,0.0,0.0,0.9794126026472083,0.02058739735279164,5
2425,5,0.0,0.0,1.0,0.0,2.0,8.0,15.0,1.0,2.0,0.0,13.0,0.42,0.0,0.0,0.0,8.0,1.0,0.933333333333333,0.0,2.0,0.882352941176471,0.0,76.0,0.868761552680222,1.0,0.0,0.0,0.7769767003348044,0.22302329966519563,2
2425,6,0.0,0.0,1.0,0.0,2.0,8.0,15.0,1.0,2.0,0.0,13.0,0.42,0.0,0.0,0.0,8.0,1.0,0.933333333333333,0.0,2.0,0.882352941176471,5.0,76.0,0.868761552680222,1.0,0.0,0.0,0.827837825447209,0.1721621745527911,3
2425,7,0.0,0.0,1.0,0.0,2.0,0.0,15.0,1.0,2.0,0.0,13.0,0.42,0.0,0.0,0.0,8.0,1.0,0.933333333333333,0.0,2.0,0.882352941176471,5.0,76.0,0.868761552680222,1.0,0.0,0.0,0.8513016604709684,0.1486983395290315,4
2425,8,0.0,0.0,1.0,0.0,2.0,8.0,151.0,1.0,2.0,0.0,13.0,0.42,0.0,4.0,0.0,8.0,1.0,0.933333333333333,0.0,2.0,0.882352941176471,0.0,0.0,1.0,1.0,0.0,0.0,0.7695975623704084,0.23040243762959156,2
2425,9,0.0,0.0,1.0,0.0,2.0,8.0,151.0,1.0,2.0,0.0,13.0,29.08,0.0,4.0,0.0,8.0,1.0,0.933333333333333,0.0,2.0,0.882352941176471,0.0,0.0,1.0,1.0,0.0,0.0,0.867031629846987,0.13296837015301297,3
2425,10,0.0,0.0,1.0,0.0,2.0,8.0,151.0,1.0,2.0,0.0,13.0,29.08,0.0,4.0,0.0,4.0,1.0,0.933333333333333,0.0,2.0,0.882352941176471,0.0,0.0,1.0,1.0,0.0,0.0,0.8804807003478016,0.1195192996521984,4
2425,11,0.0,0.0,1.0,0.0,2.0,8.0,151.0,1.0,2.0,0.0,25.0,29.08,0.0,4.0,0.0,4.0,1.0,0.933333333333333,0.0,2.0,0.882352941176471,0.0,0.0,1.0,1.0,0.0,0.0,0.8902520967948186,0.1097479032051813,5
2425,12,0.0,0.0,1.0,0.0,2.0,8.0,151.0,1.0,2.0,0.0,13.0,0.42,0.0,0.0,0.0,8.0,1.0,0.933333333333333,0.0,2.0,0.882352941176471,0.0,0.0,0.9,1.0,0.0,0.0,0.8744653532763914,0.12553464672360862,3
2425,13,0.0,0.0,1.0,0.0,2.0,8.0,151.0,1.0,2.0,0.0,13.0,0.42,0.0,0.0,0.0,4.0,1.0,0.933333333333333,0.0,2.0,0.882352941176471,0.0,0.0,0.9,1.0,0.0,0.0,0.8850579107517387,0.11494208924826135,4
2425,14,0.0,0.0,1.0,0.0,2.0,8.0,15.0,1.0,2.0,0.0,13.0,29.08,0.0,0.0,0.0,8.0,1.0,0.933333333333333,0.0,2.0,0.882352941176471,0.0,76.0,0.868761552680222,1.0,0.0,0.0,0.9412539258282072,0.05874607417179282,3
2425,15,0.0,0.0,1.0,0.0,2.0,6.0,15.0,1.0,2.0,0.0,13.0,29.08,0.0,0.0,0.0,8.0,1.0,0.933333333333333,0.0,2.0,0.882352941176471,0.0,76.0,0.868761552680222,1.0,0.0,0.0,0.9483216993690474,0.05167830063095258,4
2425,16,0.0,0.0,1.0,0.0,2.0,6.0,15.0,1.0,2.0,0.0,1.0,29.08,0.0,0.0,0.0,8.0,1.0,0.933333333333333,0.0,2.0,0.882352941176471,0.0,76.0,0.868761552680222,1.0,0.0,0.0,0.954357707577425,0.04564229242257502,5
2425,17,0.0,0.0,1.0,0.0,2.0,0.0,15.0,1.0,2.0,0.0,1.0,29.08,0.0,0.0,0.0,8.0,1.0,0.933333333333333,0.0,2.0,0.882352941176471,0.0,76.0,0.868761552680222,1.0,0.0,0.0,0.9555982701412434,0.04440172985875658,5
2425,18,0.0,0.0,1.0,0.0,2.0,8.0,151.0,1.0,2.0,0.0,13.0,0.42,0.0,2.0,0.0,8.0,1.0,0.933333333333333,0.0,2.0,0.882352941176471,0.0,76.0,0.868761552680222,1.0,0.0,0.0,0.5094136411673003,0.4905863588326997,1
2426,0,2.0,0.0,1.0,0.0,3.0,7.0,132.0,2.0,1.0,0.0,12.0,0.44,0.0,4.0,0.0,9.0,2.0,1.6,0.0,1.0,0.388888888888889,0.0,666.0,1.0,1.0,0.0,0.0,0.5960404202005014,0.40395957979949854,1
2426,1,2.0,0.0,1.0,0.0,3.0,7.0,132.0,2.0,1.0,0.0,12.0,0.31,0.0,4.0,0.0,9.0,2.0,1.6,0.0,1.0,0.388888888888889,0.0,89.0,1.0,1.0,0.0,0.0,0.5507669316049809,0.4492330683950191,1
2426,2,2.0,0.0,1.0,0.0,3.0,7.0,37.0,2.0,1.0,0.0,12.0,29.08,0.0,4.0,0.0,9.0,2.0,1.6,0.0,1.0,0.388888888888889,0.0,0.0,1.0,1.0,0.0,0.0,0.9495023218337855,0.05049767816621449,3
2426,3,2.0,0.0,1.0,0.0,3.0,7.0,37.0,2.0,1.0,0.0,12.0,29.08,85.0,4.0,0.0,9.0,2.0,1.6,0.0,1.0,0.388888888888889,0.0,0.0,1.0,1.0,0.0,0.0,0.96511440134577,0.03488559865422997,4
2426,4,2.0,0.0,1.0,0.0,3.0,7.0,37.0,2.0,1.0,3.0,12.0,29.08,85.0,4.0,0.0,9.0,2.0,1.6,0.0,1.0,0.388888888888889,0.0,0.0,1.0,1.0,0.0,0.0,0.9663354198454072,0.03366458015459287,5
2426,5,2.0,0.0,1.0,0.0,3.0,7.0,132.0,2.0,1.0,0.0,12.0,29.08,85.0,4.0,0.0,9.0,2.0,1.6,0.0,1.0,0.388888888888889,0.0,0.0,1.0,1.0,0.0,0.0,0.9482618727417481,0.05173812725825193,3
2426,6,2.0,0.0,1.0,0.0,3.0,7.0,132.0,2.0,1.0,0.0,12.0,29.08,85.0,4.0,1.0,9.0,2.0,1.6,0.0,1.0,0.388888888888889,0.0,0.0,1.0,1.0,0.0,0.0,0.9518055620166088,0.04819443798339113,4
2426,7,2.0,0.0,1.0,0.0,3.0,7.0,132.0,2.0,2.0,0.0,12.0,29.08,85.0,4.0,1.0,9.0,2.0,1.6,0.0,1.0,0.388888888888889,0.0,0.0,1.0,1.0,0.0,0.0,0.9523759825535499,0.047624017446450055,5
2426,8,2.0,0.0,1.0,0.0,3.0,7.0,93.111,2.0,1.0,0.0,12.0,0.31,0.0,4.0,0.0,9.0,2.0,1.6,0.0,1.0,0.388888888888889,0.0,666.0,1.0,1.0,0.0,0.0,0.6112552268029747,0.3887447731970252,1
2426,9,2.0,0.0,1.0,0.0,3.0,0.0,37.0,2.0,1.0,0.0,12.0,29.08,0.0,4.0,0.0,9.0,2.0,1.6,0.0,1.0,0.388888888888889,0.0,666.0,1.0,1.0,0.0,0.0,0.9357403716991516,0.06425962830084844,3
2426,10,2.0,0.0,1.0,0.0,3.0,7.0,132.0,2.0,1.0,3.0,12.0,0.31,0.0,4.0,0.0,9.0,2.0,1.6,0.0,1.0,0.388888888888889,0.0,666.0,1.0,1.0,0.0,0.0,0.5638662065383571,0.43613379346164294,1
2426,11,2.0,0.0,1.0,0.0,3.0,0.0,37.0,2.0,1.0,1114.0,12.0,29.08,0.0,4.0,0.0,128.0,2.0,1.6,0.0,1.0,0.388888888888889,0.0,666.0,1.0,1.0,0.0,0.0,0.9617629188307172,0.038237081169282865,5
2426,12,2.0,0.0,1.0,0.0,3.0,0.0,37.0,2.0,1.0,3.0,12.0,29.08,0.0,4.0,0.0,128.0,2.0,1.6,0.0,1.0,0.388888888888889,0.0,666.0,1.0,1.0,0.0,0.0,0.9642547582756318,0.035745241724368194,5
2426,13,2.0,0.0,1.0,0.0,3.0,7.0,132.0,2.0,1.0,0.0,12.0,0.31,0.0,4.0,0.0,9.0,2.0,1.6,0.0,1.0,0.388888888888889,0.0,0.0,1.0,1.0,0.0,0.0,0.8339487255714043,0.16605127442859569,1
2426,14,2.0,0.0,1.0,0.0,3.0,7.0,132.0,2.0,1.0,0.0,12.0,0.31,94.0,4.0,0.0,9.0,2.0,1.6,0.0,1.0,0.388888888888889,0.0,0.0,1.0,1.0,0.0,0.0,0.9162897162996038,0.0837102837003962,2
2426,15,0.0,0.0,1.0,0.0,3.0,7.0,132.0,2.0,1.0,0.0,12.0,0.31,94.0,4.0,0.0,9.0,2.0,1.6,0.0,1.0,0.388888888888889,0.0,0.0,1.0,1.0,0.0,0.0,0.9330071906916787,0.06699280930832134,3
2426,16,0.0,0.0,1.0,0.0,3.0,7.0,132.0,2.0,1.0,3.0,12.0,0.31,94.0,4.0,0.0,9.0,2.0,1.6,0.0,1.0,0.388888888888889,0.0,0.0,1.0,1.0,0.0,0.0,0.9430193273019657,0.05698067269803434,4
2426,17,0.0,0.0,1.0,0.0,3.0,7.0,37.0,2.0,1.0,3.0,12.0,0.31,94.0,4.0,0.0,9.0,2.0,1.6,0.0,1.0,0.388888888888889,0.0,0.0,1.0,1.0,0.0,0.0,0.9488965323087603,0.05110346769123977,5
2426,18,2.0,0.0,1.0,0.0,3.0,7.0,37.0,2.0,1.0,3.0,12.0,29.08,0.0,4.0,0.0,9.0,2.0,1.6,0.0,1.0,0.388888888888889,0.0,0.0,1.0,1.0,0.0,0.0,0.9593895164820714,0.040610483517928654,4
2426,19,2.0,0.0,1.0,0.0,3.0,7.0,132.0,2.0,1.0,0.0,12.0,0.31,50.0,4.0,0.0,9.0,2.0,1.6,0.0,1.0,0.388888888888889,0.0,666.0,1.0,1.0,0.0,0.0,0.59416627947238,0.40583372052762,1
1799,0,19.0,0.0,1.0,77.0,10.0,6.0,460.0,2.0,3.0,1.0,36.0,0.31,92.0,4.0,0.0,9.0,2.0,8.55172413793103,0.0,1.0,0.868852459016393,0.0,0.0,0.958313817330211,0.0,0.0,1.0,0.6124104726009549,0.38758952739904506,1
1799,1,19.0,0.0,1.0,77.0,10.0,6.0,93.111,2.0,3.0,1.0,36.0,0.31,92.0,4.0,0.0,9.0,2.0,8.55172413793103,0.0,1.0,0.868852459016393,0.0,0.0,0.958313817330211,0.0,0.0,5.0,0.5355489517942703,0.4644510482057297,1
1799,2,19.0,0.0,1.0,77.0,10.0,6.0,15.0,2.0,3.0,1.0,36.0,0.31,92.0,2.0,0.0,9.0,2.0,8.55172413793103,0.0,1.0,0.868852459016393,0.0,0.0,0.958313817330211,0.0,0.0,0.0,0.9730017475510746,0.026998252448925404,3
1799,3,19.0,0.0,1.0,77.0,62.0,6.0,15.0,2.0,3.0,1.0,36.0,0.31,92.0,2.0,0.0,9.0,2.0,8.55172413793103,0.0,1.0,0.868852459016393,0.0,0.0,0.958313817330211,0.0,0.0,0.0,0.9810481553894188,0.018951844610581244,4
1799,4,19.0,0.0,1.0,77.0,10.0,6.0,15.0,2.0,3.0,1.0,36.0,0.31,92.0,2.0,0.0,9.0,2.0,337.0,0.0,1.0,0.868852459016393,0.0,0.0,0.958313817330211,0.0,0.0,0.0,0.9820421021173326,0.017957897882667457,4
1799,5,19.0,0.0,1.0,77.0,10.0,6.0,15.0,2.0,3.0,1.0,36.0,0.31,92.0,2.0,0.0,9.0,2.0,337.0,0.0,1.0,0.868852459016393,5.0,0.0,0.958313817330211,0.0,0.0,0.0,0.9879519943135341,0.012048005686465958,5
1799,6,19.0,0.0,1.0,77.0,10.0,6.0,15.0,2.0,3.0,1.0,36.0,0.31,92.0,2.0,0.0,9.0,2.0,8.55172413793103,0.0,1.0,0.868852459016393,5.0,0.0,0.958313817330211,0.0,0.0,0.0,0.9818317524805346,0.01816824751946544,4
1799,7,19.0,0.0,0.0,77.0,10.0,6.0,15.0,2.0,3.0,1.0,36.0,0.31,92.0,2.0,0.0,9.0,2.0,8.55172413793103,0.0,1.0,0.868852459016393,5.0,0.0,0.958313817330211,0.0,0.0,0.0,0.9822973184515982,0.017702681548401846,5
1799,8,19.0,0.0,1.0,77.0,62.0,6.0,15.0,2.0,3.0,1.0,36.0,0.31,92.0,2.0,0.0,9.0,2.0,8.55172413793103,0.0,1.0,0.868852459016393,5.0,0.0,0.958313817330211,0.0,0.0,0.0,0.9872809160203391,0.012719083979660963,5
1799,9,19.0,0.0,1.0,321.0,10.0,6.0,15.0,2.0,3.0,1.0,36.0,0.31,92.0,2.0,0.0,9.0,2.0,8.55172413793103,0.0,1.0,0.868852459016393,0.0,0.0,0.958313817330211,0.0,0.0,0.0,0.9768320746447454,0.023167925355254623,4
1799,10,19.0,0.0,1.0,321.0,10.0,6.0,15.0,2.0,3.0,1.0,36.0,0.31,92.0,2.0,0.0,9.0,2.0,337.0,0.0,1.0,0.868852459016393,0.0,0.0,0.958313817330211,0.0,0.0,0.0,0.9846101321316987,0.015389867868301316,5
1799,11,19.0,0.0,1.0,77.0,10.0,6.0,460.0,2.0,3.0,1.0,36.0,0.31,92.0,2.0,0.0,9.0,2.0,8.55172413793103,0.0,1.0,0.868852459016393,0.0,0.0,0.958313817330211,0.0,0.0,0.0,0.8834843328335423,0.11651566716645768,2
1799,12,19.0,0.0,1.0,77.0,10.0,6.0,460.0,2.0,3.0,1.0,36.0,0.31,92.0,2.0,0.0,9.0,2.0,8.55172413793103,0.0,1.0,0.868852459016393,5.0,0.0,0.958313817330211,0.0,0.0,0.0,0.9191592785429085,0.08084072145709152,3
1799,13,19.0,0.0,1.0,77.0,62.0,6.0,460.0,2.0,3.0,1.0,36.0,0.31,92.0,2.0,0.0,9.0,2.0,8.55172413793103,0.0,1.0,0.868852459016393,5.0,0.0,0.958313817330211,0.0,0.0,0.0,0.9423010127085539,0.0576989872914461,4
1799,14,19.0,0.0,1.0,77.0,10.0,6.0,15.0,2.0,3.0,1.0,36.0,0.31,92.0,2.0,0.0,9.0,0.0,8.55172413793103,0.0,1.0,0.868852459016393,0.0,0.0,0.958313817330211,0.0,0.0,0.0,0.9828497389166656,0.01715026108333444,4
1799,15,19.0,0.0,1.0,77.0,62.0,6.0,15.0,2.0,3.0,1.0,36.0,0.31,92.0,2.0,0.0,9.0,0.0,8.55172413793103,0.0,1.0,0.868852459016393,0.0,0.0,0.958313817330211,0.0,0.0,0.0,0.9879973124699498,0.012002687530050236,5
1799,16,19.0,0.0,2.0,77.0,10.0,6.0,15.0,2.0,3.0,1.0,36.0,0.31,92.0,4.0,0.0,9.0,2.0,8.55172413793103,0.0,1.0,0.868852459016393,0.0,0.0,0.958313817330211,0.0,0.0,0.0,0.9396499982904553,0.0603500017095447,3
1799,17,19.0,0.0,2.0,77.0,10.0,6.0,15.0,2.0,3.0,1.0,36.0,0.31,92.0,4.0,0.0,9.0,0.0,8.55172413793103,0.0,1.0,0.868852459016393,0.0,0.0,0.958313817330211,0.0,0.0,0.0,0.9573241575881726,0.04267584241182742,4
1799,18,19.0,0.0,2.0,77.0,0.0,6.0,15.0,2.0,3.0,1.0,36.0,0.31,92.0,4.0,0.0,9.0,0.0,8.55172413793103,0.0,1.0,0.868852459016393,0.0,0.0,0.958313817330211,0.0,0.0,0.0,0.9650749322697126,0.03492506773028732,5
1799,19,19.0,0.0,1.0,321.0,10.0,6.0,460.0,2.0,3.0,1.0,36.0,0.31,92.0,2.0,0.0,9.0,2.0,8.55172413793103,0.0,1.0,0.868852459016393,0.0,0.0,0.958313817330211,0.0,0.0,0.0,0.9219689934951315,0.07803100650486854,3
2433,0,38.0,0.0,1.0,41.0,8.0,13.0,700.0,2.0,1.0,0.0,13.0,0.44,96.0,1.0,0.0,11.0,2.0,6.11538461538461,0.0,0.0,1.52727272727273,0.0,18.0,0.993348115299335,1.0,0.0,1.0,0.5399218646044688,0.4600781353955312,1
2433,1,38.0,0.0,1.0,41.0,8.0,13.0,15.0,2.0,1.0,0.0,13.0,0.44,96.0,0.0,0.0,11.0,2.0,6.11538461538461,0.0,0.0,1.52727272727273,0.0,18.0,0.993348115299335,1.0,0.0,1.0,0.8267307035617507,0.17326929643824926,2
2433,2,2.0,0.0,1.0,41.0,8.0,13.0,37.0,2.0,1.0,0.0,13.0,0.44,96.0,4.0,0.0,11.0,2.0,6.11538461538461,0.0,0.0,1.52727272727273,0.0,18.0,0.993348115299335,1.0,0.0,1.0,0.5215375383145493,0.47846246168545076,2
2433,3,1.0,0.0,1.0,41.0,8.0,13.0,15.0,2.0,1.0,0.0,13.0,29.08,96.0,0.0,0.0,11.0,2.0,6.11538461538461,0.0,0.0,1.52727272727273,0.0,18.0,0.993348115299335,1.0,0.0,1.0,0.9657801819105043,0.03421981808949571,4
2433,4,1.0,0.0,1.0,41.0,8.0,13.0,15.0,2.0,1.0,0.0,13.0,29.08,96.0,0.0,0.0,11.0,2.0,6.11538461538461,0.0,0.0,1.52727272727273,0.0,0.0,0.993348115299335,1.0,0.0,1.0,0.9752437921305526,0.024756207869447457,5
2433,5,1.0,0.0,1.0,41.0,8.0,13.0,25.0,2.0,1.0,0.0,13.0,29.08,96.0,0.0,0.0,11.0,2.0,6.11538461538461,0.0,0.0,1.52727272727273,0.0,0.0,0.993348115299335,1.0,0.0,1.0,0.9764784093001787,0.02352159069982131,5
2433,6,0.0,0.0,1.0,41.0,8.0,13.0,700.0,2.0,1.0,0.0,13.0,0.44,96.0,0.0,0.0,11.0,2.0,6.11538461538461,0.0,0.0,1.52727272727273,0.0,18.0,0.993348115299335,1.0,0.0,1.0,0.7408802142961473,0.2591197857038528,2
2433,7,0.0,0.0,1.0,41.0,0.0,13.0,700.0,2.0,1.0,0.0,13.0,0.44,96.0,0.0,0.0,11.0,2.0,6.11538461538461,0.0,0.0,1.52727272727273,0.0,18.0,0.993348115299335,1.0,0.0,1.0,0.7935725154984877,0.2064274845015123,3
2433,8,0.0,0.0,1.0,41.0,0.0,13.0,700.0,2.0,1.0,0.0,13.0,0.05,96.0,0.0,0.0,11.0,2.0,6.11538461538461,0.0,0.0,1.52727272727273,0.0,18.0,0.993348115299335,1.0,0.0,1.0,0.8491745429425468,0.15082545705745323,4
2433,9,38.0,0.0,1.0,41.0,8.0,13.0,15.0,2.0,1.0,10.0,13.0,0.44,96.0,0.0,0.0,11.0,2.0,6.11538461538461,0.0,0.0,1.52727272727273,0.0,18.0,0.993348115299335,1.0,0.0,1.0,0.8862491132722954,0.11375088672770456,3
2433,10,38.0,0.0,1.0,41.0,8.0,13.0,15.0,2.0,1.0,5.0,13.0,0.44,96.0,4.0,0.0,11.0,2.0,6.11538461538461,0.0,0.0,1.52727272727273,5.0,18.0,0.993348115299335,1.0,0.0,1.0,0.5043027140885769,0.49569728591142315,3
2433,11,38.0,0.0,1.0,41.0,8.0,13.0,15.0,2.0,1.0,1.0,13.0,0.44,96.0,4.0,0.0,11.0,2.0,6.11538461538461,0.0,0.0,1.52727272727273,0.0,0.0,0.993348115299335,1.0,0.0,1.0,0.5069681251689162,0.4930318748310838,3
2433,12,0.0,0.0,1.0,41.0,8.0,13.0,700.0,2.0,1.0,0.0,13.0,0.44,96.0,0.0,0.0,11.0,2.0,6.11538461538461,0.0,0.0,1.52727272727273,0.0,0.0,0.993348115299335,1.0,0.0,1.0,0.8182530431163468,0.18174695688365322,3
2433,13,0.0,0.0,1.0,41.0,8.0,13.0,700.0,2.0,1.0,0.0,13.0,0.05,96.0,0.0,0.0,11.0,2.0,6.11538461538461,0.0,0.0,1.52727272727273,0.0,0.0,0.993348115299335,1.0,0.0,1.0,0.872231490370784,0.12776850962921601,4
2433,14,2.0,0.0,1.0,41.0,8.0,2.0,700.0,2.0,1.0,0.0,13.0,0.44,96.0,4.0,0.0,11.0,2.0,6.11538461538461,0.0,0.0,1.52727272727273,0.0,0.0,0.993348115299335,1.0,0.0,1.0,0.5283689387721249,0.4716310612278752,3
2433,15,1.0,0.0,1.0,41.0,8.0,13.0,15.0,2.0,1.0,10.0,13.0,0.44,96.0,0.0,0.0,11.0,2.0,6.11538461538461,0.0,0.0,1.52727272727273,0.0,18.0,0.993348115299335,1.0,0.0,1.0,0.9554944088190281,0.04450559118097186,4
2433,16,1.0,0.0,1.0,41.0,8.0,13.0,15.0,2.0,1.0,10.0,13.0,0.44,96.0,0.0,0.0,11.0,2.0,3.9,0.0,0.0,1.52727272727273,0.0,18.0,0.993348115299335,1.0,0.0,1.0,0.9635492818734454,0.03645071812655467,5
2433,17,2.0,0.0,1.0,41.0,8.0,13.0,700.0,2.0,1.0,0.0,13.0,0.44,96.0,4.0,0.0,11.0,2.0,1.7,0.0,0.0,1.52727272727273,0.0,16.0,0.993348115299335,1.0,0.0,1.0,0.5004787443616603,0.4995212556383397,3
2433,18,1.0,0.0,1.0,41.0,8.0,13.0,700.0,1.0,1.0,0.0,13.0,0.44,96.0,4.0,0.0,11.0,2.0,0.0,0.0,0.0,1.52727272727273,0.0,0.0,0.993348115299335,1.0,0.0,1.0,0.6719338599868571,0.32806614001314294,4
2433,19,38.0,0.0,1.0,41.0,8.0,13.0,700.0,2.0,1.0,0.0,13.0,0.44,96.0,0.0,0.0,11.0,2.0,6.11538461538461,0.0,0.0,1.52727272727273,0.0,0.0,0.993348115299335,1.0,0.0,1.0,0.6647573699229161,0.3352426300770838,2
2434,0,24.0,0.0,1.0,21.0,6.0,8.0,318.0,1.0,2.0,6.0,6.0,0.39,91.0,1.0,0.0,12.0,1.0,5.59375,0.0,1.0,1.08823529411765,0.0,49.0,0.994720965309201,1.0,0.0,2.0,0.5669787843041434,0.43302121569585655,1
2434,1,24.0,0.0,1.0,21.0,6.0,8.0,318.0,1.0,2.0,6.0,6.0,0.39,91.0,0.0,0.0,12.0,1.0,5.59375,0.0,1.0,1.08823529411765,0.0,0.0,0.994720965309201,1.0,0.0,2.0,0.82781307233256,0.17218692766744007,2
2434,2,24.0,0.0,1.0,21.0,6.0,8.0,15.0,1.0,2.0,6.0,6.0,0.39,91.0,4.0,0.0,12.0,1.0,5.59375,0.0,1.0,1.08823529411765,0.0,0.0,0.994720965309201,1.0,0.0,2.0,0.5320019504590636,0.46799804954093643,2
2434,3,24.0,0.0,1.0,21.0,6.0,8.0,15.0,1.0,2.0,6.0,6.0,0.39,91.0,0.0,0.0,12.0,1.0,5.59375,0.0,1.0,1.08823529411765,0.0,0.0,0.994720965309201,0.0,0.0,2.0,0.948330810833937,0.051669189166063015,4
2434,4,24.0,0.0,1.0,21.0,6.0,8.0,15.0,1.0,2.0,6.0,6.0,0.05,91.0,0.0,0.0,12.0,1.0,5.59375,0.0,1.0,1.08823529411765,0.0,0.0,0.994720965309201,0.0,0.0,2.0,0.9714994197451327,0.028500580254867396,5
2434,5,24.0,0.0,1.0,21.0,0.0,8.0,15.0,1.0,2.0,6.0,6.0,0.39,91.0,0.0,0.0,12.0,1.0,5.59375,0.0,1.0,1.08823529411765,0.0,0.0,0.994720965309201,1.0,0.0,2.0,0.9236888864642157,0.07631111353578435,4
2434,6,24.0,0.0,1.0,21.0,0.0,8.0,15.0,1.0,2.0,6.0,6.0,0.39,91.0,0.0,0.0,12.0,1.0,0.0,0.0,1.0,1.08823529411765,0.0,0.0,0.994720965309201,1.0,0.0,2.0,0.9301866963703413,0.06981330362965871,5
2434,7,24.0,0.0,1.0,21.0,6.0,8.0,15.0,1.0,2.0,6.0,6.0,0.39,91.0,0.0,0.0,12.0,1.0,5.59375,0.0,1.0,1.08823529411765,0.0,49.0,0.994720965309201,1.0,0.0,2.0,0.8060175140524993,0.19398248594750064,2
2434,8,24.0,0.0,1.0,21.0,6.0,8.0,25.0,1.0,2.0,6.0,6.0,29.08,91.0,4.0,0.0,12.0,1.0,5.59375,0.0,1.0,1.08823529411765,0.0,49.0,0.994720965309201,1.0,0.0,2.0,0.5022891397329217,0.4977108602670784,2
2434,9,24.0,0.0,1.0,21.0,6.0,8.0,15.0,1.0,2.0,6.0,6.0,29.08,91.0,0.0,0.0,12.0,1.0,5.59375,0.0,1.0,1.08823529411765,5.0,49.0,0.994720965309201,1.0,0.0,2.0,0.9405592426568131,0.059440757343186906,4
2434,10,24.0,0.0,1.0,21.0,6.0,8.0,15.0,1.0,2.0,6.0,6.0,0.05,91.0,0.0,0.0,12.0,1.0,5.59375,0.0,1.0,1.08823529411765,0.0,0.0,0.994720965309201,1.0,0.0,2.0,0.9458382041379121,0.0541617958620879,4
2434,11,24.0,0.0,1.0,1.0,6.0,8.0,15.0,1.0,2.0,6.0,6.0,0.05,91.0,0.0,0.0,12.0,1.0,5.59375,0.0,1.0,1.08823529411765,0.0,0.0,0.994720965309201,1.0,0.0,2.0,0.9583003043750654,0.04169969562493461,5
2434,12,24.0,0.0,1.0,21.0,6.0,8.0,318.0,1.0,2.0,6.0,6.0,29.08,91.0,0.0,0.0,12.0,1.0,5.59375,0.0,1.0,1.08823529411765,0.0,0.0,0.994720965309201,1.0,0.0,2.0,0.8828007000782327,0.11719929992176727,3
2434,13,24.0,0.0,1.0,21.0,6.0,8.0,318.0,1.0,2.0,6.0,6.0,29.08,91.0,0.0,0.0,12.0,1.0,4.8,0.0,1.0,1.08823529411765,0.0,0.0,0.994720965309201,1.0,0.0,2.0,0.8851995191010502,0.11480048089894976,4
2434,14,24.0,0.0,1.0,21.0,6.0,8.0,15.0,1.0,2.0,6.0,205.0,0.39,91.0,4.0,0.0,12.0,1.0,5.59375,0.0,1.0,1.08823529411765,0.0,0.0,0.994720965309201,1.0,0.0,2.0,0.6167995589272193,0.38320044107278073,3
2434,15,24.0,0.0,1.0,21.0,6.0,8.0,15.0,1.0,2.0,6.0,205.0,0.39,91.0,4.0,0.0,21.0,1.0,5.59375,0.0,1.0,1.08823529411765,0.0,0.0,0.994720965309201,1.0,0.0,2.0,0.6783564886878111,0.3216435113121889,4
2434,16,24.0,0.0,1.0,21.0,6.0,8.0,15.0,1.0,2.0,6.0,205.0,0.39,91.0,4.0,0.0,21.0,1.0,5.59375,0.0,25.0,1.08823529411765,0.0,0.0,0.994720965309201,1.0,0.0,2.0,0.6916035291412402,0.30839647085875976,5
2434,17,1.0,0.0,1.0,21.0,6.0,8.0,15.0,1.0,2.0,6.0,6.0,0.39,91.0,4.0,0.0,12.0,1.0,5.59375,0.0,1.0,1.08823529411765,0.0,49.0,0.994720965309201,1.0,0.0,2.0,0.5115007308903714,0.48849926910962854,2
2434,18,1.0,0.0,1.0,21.0,6.0,8.0,15.0,1.0,2.0,6.0,6.0,0.39,91.0,0.0,0.0,12.0,1.0,5.59375,0.0,1.0,1.8,0.0,49.0,0.994720965309201,1.0,0.0,2.0,0.890554576286539,0.10944542371346097,4
1801,0,0.0,0.0,1.0,0.0,5.0,7.0,107.0,1.0,0.0,0.0,10.0,0.24,0.0,4.0,0.0,8.0,1.0,0.9,0.0,1.0,0.416666666666667,0.0,0.0,0.9,0.0,0.0,0.0,0.6810704392624654,0.31892956073753465,1
1801,1,0.0,0.0,1.0,0.0,5.0,7.0,107.0,1.0,0.0,0.0,10.0,0.24,0.0,2.0,0.0,8.0,1.0,0.9,0.0,1.0,0.416666666666667,0.0,0.0,0.57593984962406,0.0,0.0,0.0,0.5113237044912243,0.48867629550877567,1
1801,2,0.0,0.0,1.0,0.0,5.0,7.0,107.0,1.0,0.0,0.0,10.0,29.08,0.0,0.0,0.0,8.0,1.0,0.9,0.0,1.0,0.416666666666667,0.0,0.0,1.0,0.0,0.0,0.0,0.9502218255409345,0.04977817445906557,3
1801,3,0.0,0.0,1.0,0.0,5.0,7.0,107.0,1.0,0.0,0.0,10.0,29.08,0.0,0.0,0.0,8.0,1.0,0.9,0.0,1.0,0.416666666666667,0.0,0.0,0.9,0.0,0.0,0.0,0.9603635006638642,0.03963649933613583,3
1801,4,0.0,0.0,1.0,0.0,5.0,4.0,107.0,1.0,0.0,0.0,10.0,29.08,0.0,4.0,0.0,8.0,1.0,0.9,0.0,1.0,0.416666666666667,0.0,0.0,0.57593984962406,0.0,0.0,0.0,0.5280796342270305,0.4719203657729695,2
1801,5,0.0,0.0,1.0,0.0,5.0,7.0,107.0,1.0,0.0,0.0,10.0,29.08,0.0,4.0,0.0,8.0,1.0,3.0,0.0,1.0,0.416666666666667,0.0,0.0,0.57593984962406,0.0,0.0,0.0,0.5059967960156452,0.4940032039843548,2
1801,6,0.0,0.0,1.0,0.0,5.0,7.0,15.0,1.0,0.0,0.0,10.0,0.24,0.0,4.0,0.0,8.0,1.0,0.9,0.0,1.0,0.416666666666667,0.0,0.0,1.0,0.0,0.0,0.0,0.9402079011019563,0.05979209889804367,2
1801,7,0.0,0.0,1.0,0.0,5.0,7.0,15.0,1.0,0.0,0.0,10.0,0.24,0.0,0.0,0.0,8.0,1.0,0.9,0.0,1.0,0.416666666666667,0.0,0.0,1.0,0.0,0.0,0.0,0.9830625357204658,0.016937464279534194,3
1801,8,0.0,0.0,1.0,0.0,5.0,7.0,37.0,1.0,0.0,0.0,10.0,0.24,0.0,4.0,0.0,8.0,1.0,3.9,0.0,1.0,0.416666666666667,0.0,0.0,0.57593984962406,0.0,0.0,0.0,0.5070670025742076,0.49293299742579244,2
1801,9,0.0,0.0,1.0,0.0,5.0,7.0,15.0,2.0,0.0,0.0,10.0,0.24,0.0,0.0,0.0,8.0,1.0,337.0,0.0,1.0,0.416666666666667,0.0,0.0,1.0,0.0,0.0,0.0,0.9903783836339528,0.00962161636604717,5
1801,10,0.0,0.0,1.0,0.0,5.0,7.0,107.0,1.0,0.0,0.0,10.0,29.08,0.0,4.0,0.0,8.0,1.0,0.9,0.0,1.0,0.416666666666667,0.0,0.0,1.0,0.0,0.0,0.0,0.8760669858162936,0.12393301418370643,2
1801,11,0.0,0.0,1.0,0.0,5.0,7.0,107.0,1.0,0.0,3.0,10.0,29.08,0.0,4.0,0.0,8.0,1.0,0.9,0.0,1.0,0.416666666666667,0.0,0.0,0.57593984962406,0.0,0.0,0.0,0.5712436297336503,0.4287563702663498,2
1801,12,0.0,0.0,1.0,0.0,5.0,0.0,107.0,1.0,0.0,5.0,10.0,29.08,0.0,4.0,0.0,8.0,1.0,0.9,0.0,1.0,0.416666666666667,0.0,0.0,1.0,0.0,0.0,0.0,0.9287430468443995,0.07125695315560053,4
1801,13,0.0,0.0,1.0,0.0,5.0,7.0,107.0,1.0,0.0,0.0,10.0,29.08,0.0,0.0,0.0,8.0,1.0,337.0,0.0,1.0,0.416666666666667,0.0,0.0,0.9,0.0,0.0,0.0,0.97379574119153,0.026204258808469973,4
1801,14,0.0,0.0,1.0,0.0,5.0,7.0,107.0,1.0,0.0,0.0,10.0,0.24,0.0,0.0,0.0,8.0,1.0,0.9,0.0,1.0,0.416666666666667,0.0,0.0,0.57593984962406,0.0,0.0,0.0,0.7017047383006692,0.2982952616993309,1
1801,15,0.0,0.0,1.0,0.0,5.0,7.0,107.0,1.0,0.0,0.0,10.0,29.08,0.0,0.0,0.0,8.0,1.0,0.9,0.0,1.0,0.416666666666667,0.0,0.0,0.57593984962406,0.0,0.0,0.0,0.8353118413037592,0.1646881586962407,2
1801,16,0.0,0.0,1.0,0.0,5.0,0.0,107.0,1.0,0.0,0.0,10.0,29.08,0.0,0.0,0.0,8.0,1.0,0.9,0.0,1.0,0.416666666666667,0.0,0.0,0.57593984962406,0.0,0.0,0.0,0.9098971870351492,0.09010281296485079,3
1801,17,0.0,0.0,1.0,0.0,5.0,7.0,107.0,1.0,0.0,0.0,0.0,29.08,0.0,4.0,0.0,8.0,1.0,0.9,0.0,1.0,0.416666666666667,0.0,0.0,0.57593984962406,0.0,0.0,0.0,0.5133025245936065,0.4866974754063936,2
1801,18,0.0,0.0,1.0,0.0,5.0,7.0,107.0,1.0,0.0,10.0,10.0,29.08,0.0,0.0,0.0,8.0,1.0,0.9,0.0,1.0,0.416666666666667,0.0,0.0,0.9,0.0,0.0,0.0,0.966454650497431,0.03354534950256902,4
1801,19,0.0,0.0,1.0,0.0,5.0,7.0,15.0,1.0,0.0,0.0,10.0,0.24,0.0,4.0,0.0,8.0,1.0,337.0,0.0,1.0,0.416666666666667,0.0,0.0,1.0,0.0,0.0,0.0,0.9620517501724006,0.03794824982759939,3
1815,0,1.0,0.0,1.0,1.0,1.0,8.0,127.0,1.0,0.0,0.0,11.0,0.26,75.0,2.0,0.0,10.0,1.0,1.16666666666667,0.0,2.0,0.0,0.0,0.0,0.91375,0.0,0.0,4.0,0.5768393918496966,0.4231606081503035,1
1815,1,1.0,0.0,1.0,1.0,1.0,8.0,127.0,1.0,0.0,0.0,11.0,0.26,75.0,0.0,0.0,10.0,1.0,1.16666666666667,0.0,2.0,0.0,0.0,0.0,0.91375,0.0,0.0,0.0,0.9009472210316981,0.09905277896830192,2
1815,2,1.0,0.0,1.0,1.0,1.0,8.0,127.0,1.0,0.0,0.0,11.0,29.08,75.0,0.0,0.0,10.0,1.0,1.16666666666667,0.0,2.0,0.0,0.0,0.0,0.91375,0.0,0.0,0.0,0.9484532692911414,0.05154673070885857,3
1815,3,1.0,0.0,1.0,1.0,1.0,8.0,127.0,1.0,0.0,0.0,11.0,29.08,75.0,0.0,0.0,10.0,1.0,1.16666666666667,0.0,2.0,0.0,0.0,0.0,1.0,0.0,0.0,0.0,0.9758370485958839,0.024162951404116027,4
1815,4,1.0,0.0,1.0,2.0,1.0,8.0,127.0,1.0,0.0,0.0,11.0,29.08,75.0,0.0,0.0,10.0,1.0,1.16666666666667,0.0,2.0,0.0,0.0,0.0,1.0,0.0,0.0,0.0,0.9778507937650237,0.02214920623497628,5
1815,5,1.0,0.0,1.0,1.0,1.0,8.0,127.0,1.0,0.0,0.0,11.0,0.26,75.0,0.0,0.0,10.0,1.0,1.16666666666667,0.0,2.0,5.2,0.0,0.0,0.91375,0.0,0.0,0.0,0.9336838741685212,0.06631612583147889,3
1815,6,1.0,0.0,1.0,1.0,1.0,8.0,127.0,1.0,0.0,5.0,11.0,0.26,75.0,0.0,0.0,10.0,1.0,1.16666666666667,0.0,2.0,5.2,0.0,0.0,0.91375,0.0,0.0,0.0,0.9476130848302183,0.052386915169781674,4
1815,7,1.0,0.0,1.0,321.0,1.0,8.0,127.0,1.0,0.0,0.0,11.0,0.26,75.0,4.0,0.0,10.0,1.0,1.16666666666667,0.0,2.0,1.8,0.0,0.0,0.91375,0.0,0.0,4.0,0.5250610589518923,0.4749389410481078,2
1815,8,1.0,0.0,1.0,321.0,1.0,8.0,127.0,1.0,0.0,3.0,11.0,0.26,75.0,0.0,0.0,10.0,1.0,1.16666666666667,0.0,2.0,5.2,0.0,0.0,0.91375,0.0,0.0,0.0,0.9529809064362088,0.04701909356379122,5
1815,9,1.0,0.0,1.0,1.0,1.0,8.0,127.0,1.0,0.0,0.0,11.0,29.08,75.0,0.0,0.0,10.0,1.0,1.16666666666667,0.0,2.0,0.0,0.0,0.0,0.91375,0.0,0.0,4.0,0.8885730612002893,0.1114269387997106,2
1815,10,1.0,0.0,1.0,1.0,1.0,8.0,127.0,1.0,0.0,0.0,11.0,29.08,75.0,0.0,0.0,10.0,1.0,1.16666666666667,0.0,2.0,0.0,0.0,0.0,0.91375,1.0,0.0,4.0,0.8971615826220957,0.1028384173779043,3
1815,11,1.0,0.0,1.0,1.0,0.0,8.0,127.0,1.0,0.0,0.0,11.0,29.08,75.0,0.0,0.0,10.0,1.0,1.16666666666667,0.0,2.0,0.0,0.0,0.0,0.91375,1.0,0.0,4.0,0.9053979467922398,0.09460205320776018,4
1815,12,1.0,0.0,1.0,2.0,0.0,8.0,127.0,1.0,0.0,0.0,11.0,29.08,75.0,0.0,0.0,10.0,1.0,1.16666666666667,0.0,2.0,0.0,0.0,0.0,0.91375,1.0,0.0,4.0,0.9085802695620782,0.09141973043792179,5
1815,13,1.0,0.0,1.0,1.0,1.0,8.0,127.0,1.0,0.0,0.0,11.0,0.26,75.0,4.0,0.0,10.0,1.0,1.16666666666667,0.0,2.0,0.0,0.0,0.0,0.91375,0.0,0.0,0.0,0.5746518081699478,0.42534819183005224,1
1815,14,1.0,0.0,1.0,1.0,1.0,8.0,127.0,1.0,0.0,0.0,11.0,0.26,75.0,4.0,0.0,10.0,1.0,1.16666666666667,0.0,2.0,0.0,0.0,0.0,1.0,0.0,0.0,0.0,0.8088885639914547,0.19111143600854535,2
1815,15,1.0,0.0,1.0,1.0,1.0,8.0,127.0,1.0,0.0,0.0,11.0,29.08,75.0,4.0,0.0,10.0,1.0,1.16666666666667,0.0,2.0,0.0,0.0,0.0,1.0,0.0,0.0,0.0,0.9263630333684726,0.07363696663152744,3
1815,16,1.0,0.0,1.0,1.0,1.0,8.0,93.111,1.0,0.0,0.0,11.0,3.24,75.0,4.0,0.0,10.0,1.0,1.16666666666667,0.0,2.0,0.0,0.0,0.0,0.91375,0.0,0.0,4.0,0.5029625237078952,0.4970374762921049,2
1815,17,1.0,0.0,1.0,2.0,1.0,8.0,15.0,1.0,0.0,0.0,11.0,29.08,75.0,4.0,0.0,10.0,1.0,1.16666666666667,0.0,2.0,0.0,0.0,0.0,1.0,0.0,0.0,0.0,0.9762370954574597,0.023762904542540316,5
1815,18,1.0,0.0,1.0,1.0,1.0,8.0,127.0,1.0,0.0,0.0,11.0,29.08,75.0,0.0,0.0,10.0,1.0,2.3,0.0,2.0,0.0,0.0,0.0,0.91375,0.0,0.0,0.0,0.9527392151774867,0.047260784822513315,4
1815,19,1.0,0.0,1.0,1.0,1.0,8.0,127.0,1.0,0.0,0.0,11.0,29.08,75.0,0.0,0.0,10.0,1.0,2.3,0.0,2.0,0.0,0.0,0.0,0.91375,1.0,0.0,0.0,0.9564057032840765,0.04359429671592352,5
2438,0,30.0,0.0,2.0,71.0,15.0,4.0,459.0,1.0,2.0,2.0,17.0,0.26,99.0,4.0,0.0,16.0,1.0,4.51020408163265,0.0,1.0,0.666666666666667,0.0,0.0,0.973226238286479,0.0,0.0,2.0,0.5504005262197365,0.4495994737802635,1
2438,1,30.0,0.0,2.0,71.0,15.0,4.0,93.111,1.0,2.0,2.0,17.0,0.26,99.0,4.0,0.0,16.0,1.0,4.51020408163265,0.0,1.0,0.666666666666667,0.0,0.0,0.973226238286479,0.0,0.0,5.0,0.5734855543797821,0.4265144456202179,1
2438,2,30.0,0.0,2.0,71.0,15.0,4.0,15.0,1.0,2.0,2.0,17.0,0.26,99.0,0.0,0.0,16.0,1.0,4.51020408163265,0.0,1.0,0.666666666666667,0.0,0.0,0.973226238286479,0.0,0.0,0.0,0.9860204356015154,0.013979564398484556,3
2438,3,1.0,0.0,2.0,71.0,15.0,4.0,15.0,1.0,2.0,2.0,17.0,0.26,99.0,0.0,0.0,16.0,1.0,4.51020408163265,0.0,1.0,0.666666666666667,0.0,0.0,0.973226238286479,0.0,0.0,0.0,0.9890562073234072,0.010943792676592876,4
2438,4,1.0,0.0,2.0,71.0,15.0,4.0,15.0,1.0,2.0,2.0,17.0,0.26,99.0,0.0,0.0,16.0,1.0,4.51020408163265,0.0,1.0,0.0,0.0,0.0,0.973226238286479,0.0,0.0,0.0,0.9912280493814821,0.00877195061851784,5
2438,5,30.0,0.0,2.0,71.0,15.0,9.0,15.0,1.0,2.0,2.0,17.0,0.26,99.0,0.0,0.0,16.0,1.0,4.51020408163265,0.0,1.0,0.666666666666667,0.0,0.0,0.973226238286479,0.0,0.0,0.0,0.9891593052303483,0.010840694769651634,4
2438,6,30.0,0.0,2.0,71.0,15.0,9.0,15.0,1.0,2.0,2.0,17.0,0.26,99.0,0.0,0.0,16.0,1.0,4.51020408163265,0.0,1.0,0.666666666666667,0.0,0.0,1.0,0.0,0.0,0.0,0.9906131662110992,0.009386833788900824,5
2438,7,1.0,0.0,2.0,71.0,15.0,4.0,15.0,1.0,2.0,2.0,17.0,0.26,99.0,4.0,0.0,16.0,1.0,4.51020408163265,0.0,1.0,0.666666666666667,0.0,0.0,0.973226238286479,0.0,0.0,0.0,0.9593309941502443,0.04066900584975579,3
2438,8,1.0,0.0,2.0,321.0,15.0,4.0,15.0,1.0,2.0,2.0,17.0,0.26,99.0,4.0,0.0,16.0,1.0,4.51020408163265,0.0,1.0,0.666666666666667,0.0,0.0,0.973226238286479,0.0,0.0,0.0,0.9650311296068488,0.03496887039315123,4
2438,9,1.0,0.0,2.0,321.0,0.0,4.0,15.0,1.0,2.0,2.0,17.0,0.26,99.0,4.0,0.0,16.0,1.0,4.51020408163265,0.0,1.0,0.666666666666667,0.0,0.0,0.973226238286479,0.0,0.0,0.0,0.9696033397718641,0.03039666022813596,5
2438,10,1.0,0.0,2.0,7.0,0.0,4.0,15.0,1.0,2.0,2.0,17.0,0.26,99.0,4.0,0.0,16.0,1.0,4.51020408163265,0.0,1.0,0.666666666666667,0.0,0.0,0.973226238286479,0.0,0.0,0.0,0.9706886988482197,0.02931130115178022,5
2438,11,1.0,0.0,2.0,321.0,15.0,4.0,15.0,1.0,2.0,2.0,17.0,0.26,99.0,0.0,0.0,16.0,1.0,4.51020408163265,0.0,1.0,0.666666666666667,0.0,0.0,0.973226238286479,0.0,0.0,0.0,0.9906307700541784,0.009369229945821539,5
2438,12,30.0,0.0,2.0,71.0,15.0,4.0,15.0,1.0,2.0,2.0,17.0,0.26,99.0,4.0,0.0,16.0,1.0,4.51020408163265,0.0,1.0,0.666666666666667,0.0,0.0,1.0,0.0,0.0,0.0,0.9644071038854803,0.035592896114519657,3
2438,13,30.0,0.0,2.0,71.0,0.0,4.0,15.0,1.0,2.0,2.0,17.0,0.26,99.0,4.0,0.0,16.0,1.0,4.51020408163265,0.0,1.0,0.666666666666667,0.0,0.0,1.0,0.0,0.0,0.0,0.9690686002157893,0.030931399784210698,4
2438,14,30.0,0.0,2.0,71.0,0.0,4.0,15.0,1.0,2.0,10.0,17.0,0.26,99.0,4.0,0.0,16.0,1.0,4.51020408163265,0.0,1.0,0.666666666666667,0.0,0.0,1.0,0.0,0.0,0.0,0.9723670094601715,0.027632990539828498,5
2438,15,1.0,0.0,2.0,71.0,15.0,4.0,15.0,1.0,2.0,2.0,17.0,0.26,99.0,4.0,0.0,16.0,1.0,4.51020408163265,0.0,1.0,0.666666666666667,0.0,0.0,1.0,0.0,0.0,0.0,0.9771984541751586,0.022801545824841427,4
2438,16,1.0,0.0,2.0,71.0,15.0,4.0,15.0,1.0,2.0,2.0,17.0,0.26,99.0,4.0,0.0,16.0,1.0,337.0,0.0,1.0,0.666666666666667,0.0,0.0,1.0,0.0,0.0,0.0,0.9783582159327261,0.021641784067273902,5
2438,17,30.0,0.0,2.0,71.0,15.0,4.0,459.0,1.0,2.0,2.0,17.0,0.26,99.0,0.0,0.0,16.0,1.0,4.51020408163265,0.0,1.0,0.666666666666667,0.0,0.0,0.973226238286479,0.0,0.0,0.0,0.9037635753246225,0.09623642467537748,2
2438,18,30.0,0.0,2.0,71.0,62.0,4.0,459.0,1.0,2.0,2.0,17.0,0.26,99.0,0.0,0.0,16.0,1.0,4.51020408163265,0.0,1.0,0.666666666666667,0.0,0.0,0.973226238286479,0.0,0.0,0.0,0.9148601097631572,0.08513989023684271,3
2438,19,30.0,0.0,2.0,71.0,62.0,4.0,459.0,1.0,2.0,2.0,17.0,0.26,99.0,0.0,0.0,16.0,1.0,4.51020408163265,0.0,1.0,0.0,0.0,0.0,0.973226238286479,0.0,0.0,0.0,0.9229431880218303,0.07705681197816967,4
1820,0,19.0,0.0,1.0,1.0,6.0,7.0,193.556,1.0,3.0,0.0,14.0,29.08,86.0,4.0,0.0,16.0,1.0,2.94444444444444,0.0,1.0,0.789473684210526,0.0,74.0,0.9,1.0,0.0,4.0,0.5266245453332774,0.47337545466672254,3
1820,1,19.0,0.0,1.0,1.0,6.0,7.0,71.0,1.0,3.0,0.0,14.0,29.08,86.0,4.0,0.0,16.0,1.0,2.94444444444444,0.0,1.0,0.789473684210526,0.0,16.0,0.639494026704146,1.0,0.0,4.0,0.5211564605759715,0.47884353942402846,3
1820,2,19.0,0.0,1.0,1.0,6.0,7.0,15.0,1.0,3.0,0.0,14.0,29.08,86.0,0.0,0.0,16.0,1.0,2.94444444444444,0.0,1.0,0.789473684210526,0.0,0.0,1.0,1.0,0.0,4.0,0.9430196039654233,0.056980396034576754,5
1820,3,19.0,0.0,1.0,1.0,6.0,7.0,127.0,1.0,3.0,0.0,14.0,0.32,86.0,2.0,0.0,16.0,1.0,2.94444444444444,0.0,1.0,0.789473684210526,0.0,74.0,1.0,1.0,0.0,4.0,0.5046631832081768,0.4953368167918232,3
1820,4,19.0,0.0,1.0,1.0,6.0,7.0,15.0,1.0,3.0,0.0,14.0,0.32,86.0,2.0,1.0,16.0,1.0,2.94444444444444,0.0,1.0,0.789473684210526,0.0,74.0,1.0,1.0,0.0,4.0,0.7074742388412367,0.2925257611587632,4
1820,5,19.0,0.0,1.0,1.0,6.0,7.0,15.0,1.0,3.0,0.0,13.0,0.32,86.0,2.0,1.0,16.0,1.0,2.94444444444444,0.0,1.0,0.789473684210526,0.0,74.0,1.0,1.0,0.0,4.0,0.7268462157779267,0.2731537842220732,5
1820,6,19.0,0.0,1.0,1.0,6.0,0.0,15.0,1.0,3.0,0.0,14.0,29.08,86.0,4.0,0.0,16.0,1.0,2.94444444444444,0.0,1.0,0.789473684210526,0.0,74.0,1.0,1.0,0.0,4.0,0.8744853031873526,0.1255146968126474,4
1820,7,2.0,0.0,1.0,1.0,6.0,7.0,71.0,1.0,3.0,0.0,14.0,29.08,86.0,4.0,0.0,16.0,1.0,2.94444444444444,0.0,1.0,0.789473684210526,0.0,74.0,0.639494026704146,1.0,0.0,4.0,0.5239781893605782,0.4760218106394218,3
1820,8,19.0,0.0,1.0,1.0,6.0,7.0,127.0,1.0,3.0,0.0,14.0,29.08,86.0,2.0,0.0,16.0,1.0,2.94444444444444,0.0,1.0,0.789473684210526,0.0,74.0,0.639494026704146,1.0,0.0,4.0,0.5547561415354189,0.44524385846458114,3
1820,9,19.0,0.0,1.0,1.0,6.0,6.0,71.0,1.0,3.0,0.0,14.0,29.08,86.0,4.0,0.0,16.0,1.0,2.94444444444444,0.0,1.0,0.789473684210526,0.0,74.0,0.639494026704146,1.0,0.0,4.0,0.5084578745624474,0.4915421254375526,3
1820,10,19.0,0.0,1.0,1.0,6.0,7.0,282.0,1.0,3.0,0.0,2.0,29.08,86.0,2.0,0.0,16.0,1.0,2.94444444444444,0.0,1.0,0.789473684210526,0.0,74.0,0.639494026704146,1.0,0.0,4.0,0.518859114123136,0.48114088587686404,3
1820,11,19.0,0.0,1.0,1.0,6.0,7.0,282.0,1.0,3.0,0.0,1.0,29.08,86.0,0.0,0.0,16.0,6.0,2.94444444444444,0.0,1.0,0.789473684210526,0.0,74.0,0.639494026704146,1.0,0.0,4.0,0.6452155537458186,0.3547844462541814,4
1820,12,19.0,0.0,1.0,1.0,6.0,7.0,282.0,1.0,3.0,0.0,1.0,29.08,86.0,0.0,0.0,16.0,6.0,2.94444444444444,0.0,1.0,0.789473684210526,0.0,2.0,0.639494026704146,1.0,0.0,4.0,0.6656599293100178,0.3343400706899822,5
1820,13,19.0,0.0,1.0,1.0,6.0,7.0,15.0,1.0,3.0,0.0,14.0,0.32,94.0,4.0,0.0,16.0,1.0,2.94444444444444,0.0,1.0,0.789473684210526,0.0,74.0,1.0,1.0,0.0,4.0,0.5360934313306549,0.4639065686693451,3
1820,14,19.0,0.0,1.0,1.0,6.0,7.0,15.0,1.0,3.0,0.0,13.0,0.32,94.0,2.0,0.0,16.0,1.0,2.94444444444444,0.0,1.0,0.789473684210526,0.0,74.0,1.0,1.0,0.0,4.0,0.7329716275736542,0.2670283724263458,5
1820,15,19.0,0.0,1.0,1.0,6.0,7.0,52.0,1.0,3.0,0.0,14.0,0.32,86.0,4.0,0.0,16.0,1.0,2.94444444444444,0.0,1.0,0.789473684210526,0.0,16.0,1.0,1.0,0.0,4.0,0.5231438005351194,0.47685619946488056,3
1820,16,19.0,0.0,1.0,1.0,6.0,0.0,15.0,1.0,3.0,0.0,14.0,0.32,86.0,4.0,0.0,16.0,1.0,2.94444444444444,0.0,1.0,0.789473684210526,0.0,0.0,1.0,1.0,0.0,4.0,0.810112092573074,0.18988790742692593,4
1820,17,19.0,0.0,1.0,1.0,6.0,0.0,15.0,1.0,3.0,0.0,14.0,0.32,86.0,4.0,0.0,16.0,1.0,2.94444444444444,1.0,1.0,0.789473684210526,0.0,0.0,1.0,1.0,0.0,4.0,0.830792197589196,0.169207802410804,5
1820,18,19.0,0.0,1.0,1.0,6.0,7.0,15.0,1.0,3.0,0.0,14.0,29.08,86.0,4.0,0.0,16.0,1.0,2.94444444444444,0.0,1.0,0.789473684210526,0.0,0.0,1.0,1.0,0.0,0.0,0.8840594287363072,0.11594057126369282,5
1820,19,19.0,0.0,1.0,1.0,6.0,7.0,93.111,1.0,3.0,0.0,14.0,0.32,86.0,2.0,0.0,16.0,1.0,2.94444444444444,0.0,1.0,0.789473684210526,0.0,16.0,0.639494026704146,1.0,0.0,4.0,0.509228727316579,0.4907712726834211,3
1822,0,16.0,0.0,2.0,7.0,2.0,9.0,1023.0,1.0,1.0,0.0,78.0,0.3,95.0,2.0,0.0,16.0,1.0,3.74736842105263,0.0,2.0,1.04123711340206,0.0,1.0,0.986211424819435,1.0,0.0,4.0,0.5329139859685026,0.46708601403149735,1
1822,1,16.0,0.0,2.0,7.0,2.0,9.0,25.0,1.0,1.0,0.0,78.0,0.3,95.0,4.0,0.0,16.0,1.0,3.74736842105263,0.0,2.0,1.04123711340206,0.0,1.0,0.986211424819435,1.0,0.0,4.0,0.5487263417419486,0.45127365825805144,1
1822,2,16.0,0.0,2.0,7.0,2.0,9.0,15.0,1.0,1.0,0.0,78.0,0.3,95.0,0.0,0.0,16.0,1.0,3.74736842105263,0.0,2.0,1.04123711340206,0.0,1.0,0.986211424819435,1.0,0.0,0.0,0.948245515334551,0.05175448466544899,3
1822,3,16.0,0.0,2.0,7.0,2.0,9.0,15.0,1.0,1.0,0.0,78.0,0.3,95.0,0.0,0.0,16.0,1.0,3.74736842105263,0.0,0.0,1.04123711340206,0.0,1.0,0.986211424819435,1.0,0.0,0.0,0.9537963840028847,0.04620361599711533,4
1822,4,16.0,0.0,2.0,7.0,0.0,9.0,15.0,1.0,1.0,0.0,78.0,0.3,95.0,0.0,0.0,16.0,1.0,3.74736842105263,0.0,2.0,1.04123711340206,0.0,1.0,0.986211424819435,1.0,0.0,4.0,0.9164333161207848,0.0835666838792152,3
1822,5,16.0,0.0,2.0,7.0,0.0,9.0,15.0,1.0,1.0,0.0,78.0,29.08,95.0,0.0,0.0,16.0,1.0,3.74736842105263,0.0,2.0,1.04123711340206,0.0,1.0,0.986211424819435,1.0,0.0,4.0,0.933899592657327,0.06610040734267292,4
1822,6,16.0,1.0,2.0,7.0,0.0,9.0,15.0,1.0,1.0,0.0,78.0,29.08,95.0,0.0,0.0,16.0,1.0,3.74736842105263,0.0,2.0,1.04123711340206,0.0,1.0,0.986211424819435,1.0,0.0,4.0,0.9339480824347218,0.06605191756527817,5
1822,7,16.0,0.0,2.0,7.0,2.0,9.0,1023.0,1.0,1.0,0.0,78.0,0.3,95.0,0.0,0.0,16.0,1.0,3.74736842105263,0.0,2.0,1.04123711340206,0.0,1.0,0.986211424819435,1.0,0.0,0.0,0.8011865033961537,0.1988134966038463,2
1822,8,16.0,0.0,2.0,7.0,2.0,9.0,1023.0,1.0,1.0,0.0,78.0,0.3,95.0,0.0,0.0,16.0,1.0,3.74736842105263,0.0,2.0,0.0,0.0,1.0,0.986211424819435,1.0,0.0,0.0,0.8816980942376608,0.11830190576233926,3
1822,9,16.0,0.0,2.0,7.0,2.0,9.0,1023.0,1.0,1.0,0.0,78.0,0.3,95.0,0.0,0.0,16.0,1.0,3.74736842105263,0.0,25.0,0.0,0.0,1.0,0.986211424819435,1.0,0.0,0.0,0.9119030467870158,0.08809695321298418,4
1822,10,16.0,0.0,2.0,7.0,2.0,9.0,1023.0,1.0,1.0,0.0,78.0,0.3,95.0,0.0,0.0,16.0,1.0,3.74736842105263,0.0,25.0,0.0,5.0,1.0,0.986211424819435,1.0,0.0,0.0,0.9240656587572605,0.0759343412427395,5
1822,11,16.0,0.0,2.0,7.0,2.0,9.0,1023.0,1.0,1.0,0.0,78.0,0.3,95.0,0.0,0.0,16.0,1.0,3.74736842105263,0.0,25.0,0.6,5.0,1.0,0.986211424819435,1.0,0.0,0.0,0.935006096953759,0.06499390304624093,5
1822,12,16.0,0.0,2.0,7.0,2.0,9.0,15.0,1.0,1.0,0.0,25.0,0.3,95.0,0.0,0.0,16.0,1.0,3.74736842105263,0.0,2.0,1.04123711340206,0.0,1.0,0.986211424819435,1.0,0.0,0.0,0.955422215466474,0.04457778453352597,4
1822,13,16.0,0.0,2.0,7.0,2.0,9.0,15.0,1.0,1.0,0.0,25.0,0.3,95.0,0.0,0.0,16.0,1.0,3.74736842105263,0.0,0.0,1.04123711340206,0.0,1.0,0.986211424819435,1.0,0.0,0.0,0.9602356336141641,0.03976436638583595,5
1822,14,16.0,0.0,2.0,7.0,2.0,9.0,15.0,1.0,1.0,0.0,78.0,0.3,95.0,4.0,0.0,16.0,1.0,3.74736842105263,0.0,2.0,1.04123711340206,0.0,1.0,0.986211424819435,1.0,0.0,4.0,0.5811379944631581,0.41886200553684194,1
1822,15,16.0,0.0,2.0,7.0,2.0,9.0,15.0,1.0,1.0,0.0,78.0,0.3,95.0,4.0,0.0,16.0,1.0,3.74736842105263,0.0,2.0,1.04123711340206,0.0,1.0,0.986211424819435,1.0,0.0,0.0,0.7070924935477785,0.29290750645222147,2
1822,16,16.0,0.0,2.0,7.0,2.0,9.0,15.0,1.0,1.0,10.0,78.0,0.3,95.0,4.0,0.0,16.0,1.0,3.74736842105263,0.0,2.0,1.04123711340206,0.0,1.0,0.986211424819435,1.0,0.0,0.0,0.7996845145867608,0.2003154854132392,3
1822,17,16.0,0.0,2.0,7.0,2.0,9.0,15.0,1.0,1.0,10.0,78.0,0.3,95.0,4.0,0.0,16.0,1.0,3.74736842105263,0.0,2.0,1.04123711340206,5.0,1.0,0.986211424819435,1.0,0.0,0.0,0.8559746772432935,0.14402532275670657,4
1822,18,16.0,0.0,2.0,7.0,2.0,9.0,15.0,1.0,1.0,0.0,78.0,0.3,95.0,0.0,0.0,16.0,1.0,3.74736842105263,0.0,2.0,1.04123711340206,5.0,1.0,0.986211424819435,1.0,0.0,4.0,0.91678264866346,0.08321735133653997,3
1822,19,16.0,0.0,2.0,7.0,2.0,9.0,15.0,1.0,1.0,0.0,78.0,0.3,95.0,0.0,0.0,16.0,1.0,3.74736842105263,0.0,2.0,1.04123711340206,5.0,0.0,0.986211424819435,1.0,0.0,4.0,0.9282904455746189,0.07170955442538103,4
2446,0,1.0,0.0,2.0,4.0,2.0,6.0,50.0,2.0,1.0,0.0,4.0,0.49,80.0,2.0,0.0,10.0,2.0,1.83333333333333,1.0,1.0,0.888888888888889,0.0,0.0,0.775862068965517,0.0,0.0,0.0,0.5126319321163313,0.48736806788366877,1
2446,1,1.0,0.0,2.0,4.0,2.0,6.0,50.0,2.0,1.0,0.0,4.0,0.49,80.0,0.0,0.0,10.0,2.0,1.83333333333333,1.0,1.0,0.888888888888889,0.0,0.0,0.9,0.0,0.0,0.0,0.8858288272839452,0.11417117271605481,2
2446,2,1.0,0.0,2.0,4.0,2.0,6.0,50.0,2.0,1.0,0.0,4.0,29.08,80.0,0.0,0.0,10.0,2.0,1.83333333333333,1.0,1.0,0.888888888888889,0.0,0.0,0.9,0.0,0.0,0.0,0.9350088966382684,0.06499110336173163,3
2446,3,1.0,0.0,2.0,4.0,2.0,6.0,50.0,2.0,0.0,0.0,4.0,29.08,80.0,0.0,0.0,10.0,2.0,1.83333333333333,1.0,1.0,0.888888888888889,0.0,0.0,0.9,0.0,0.0,0.0,0.9431870375315644,0.056812962468435604,4
2446,4,1.0,0.0,2.0,4.0,2.0,0.0,50.0,2.0,1.0,0.0,4.0,0.49,80.0,0.0,0.0,10.0,2.0,1.83333333333333,1.0,1.0,0.888888888888889,0.0,0.0,0.9,0.0,0.0,0.0,0.9376885434376746,0.06231145656232537,3
2446,5,1.0,0.0,2.0,4.0,2.0,9.0,50.0,2.0,1.0,0.0,4.0,29.08,80.0,4.0,0.0,10.0,2.0,1.83333333333333,1.0,1.0,0.888888888888889,0.0,0.0,0.775862068965517,0.0,0.0,0.0,0.5107141222098767,0.48928587779012334,2
2446,6,1.0,0.0,2.0,4.0,2.0,6.0,50.0,2.0,1.0,0.0,4.0,29.08,80.0,4.0,0.0,0.0,2.0,1.83333333333333,1.0,1.0,0.888888888888889,0.0,0.0,0.775862068965517,0.0,0.0,0.0,0.5133279529523151,0.48667204704768485,2
2446,7,1.0,0.0,2.0,4.0,2.0,6.0,50.0,2.0,1.0,0.0,4.0,29.08,80.0,0.0,0.0,10.0,2.0,1.83333333333333,1.0,1.0,0.888888888888889,0.0,0.0,0.775862068965517,0.0,0.0,0.0,0.8320844755970749,0.1679155244029251,2
2446,8,1.0,0.0,2.0,4.0,2.0,6.0,50.0,2.0,1.0,0.0,4.0,29.08,80.0,0.0,0.0,10.0,2.0,1.83333333333333,0.0,1.0,0.888888888888889,0.0,0.0,0.775862068965517,0.0,0.0,0.0,0.9062103463603295,0.09378965363967055,3
2446,9,1.0,0.0,2.0,4.0,62.0,6.0,50.0,2.0,1.0,0.0,4.0,29.08,80.0,0.0,0.0,10.0,2.0,1.83333333333333,0.0,1.0,0.888888888888889,0.0,0.0,0.775862068965517,0.0,0.0,0.0,0.9358138124353605,0.06418618756463947,4
2446,10,1.0,0.0,2.0,4.0,62.0,6.0,50.0,2.0,1.0,0.0,4.0,29.08,80.0,0.0,0.0,10.0,2.0,2.3,0.0,1.0,0.888888888888889,0.0,0.0,0.775862068965517,0.0,0.0,0.0,0.9388397960215312,0.061160203978468754,5
2446,11,1.0,0.0,2.0,0.0,2.0,6.0,50.0,2.0,1.0,0.0,4.0,29.08,80.0,0.0,0.0,10.0,2.0,1.83333333333333,1.0,1.0,0.888888888888889,0.0,0.0,0.9,0.0,0.0,0.0,0.9500892806229625,0.04991071937703754,4
2446,12,1.0,0.0,2.0,4.0,2.0,0.0,50.0,2.0,1.0,0.0,4.0,0.49,80.0,0.0,0.0,10.0,2.0,3.9,1.0,1.0,0.888888888888889,0.0,0.0,0.9,0.0,0.0,0.0,0.9432924813831484,0.05670751861685165,4
2446,13,1.0,0.0,2.0,4.0,0.0,0.0,50.0,2.0,1.0,0.0,4.0,0.49,80.0,0.0,0.0,10.0,2.0,3.9,1.0,1.0,0.888888888888889,0.0,0.0,0.9,0.0,0.0,0.0,0.946319800512137,0.053680199487862935,5
2446,14,1.0,0.0,2.0,4.0,2.0,6.0,50.0,2.0,1.0,0.0,4.0,0.49,80.0,4.0,0.0,10.0,2.0,1.83333333333333,1.0,1.0,0.888888888888889,0.0,0.0,1.0,0.0,0.0,0.0,0.611839298587855,0.388160701412145,1
2446,15,1.0,0.0,2.0,4.0,2.0,6.0,50.0,2.0,1.0,0.0,4.0,29.08,80.0,4.0,0.0,10.0,2.0,1.83333333333333,1.0,1.0,0.888888888888889,0.0,0.0,1.0,0.0,0.0,0.0,0.8172021462826852,0.18279785371731486,2
2446,16,1.0,0.0,2.0,4.0,2.0,9.0,50.0,2.0,1.0,0.0,4.0,29.08,80.0,4.0,0.0,10.0,2.0,1.83333333333333,1.0,1.0,0.888888888888889,0.0,0.0,1.0,0.0,0.0,0.0,0.8777988375471433,0.12220116245285667,3
2446,17,1.0,0.0,2.0,4.0,2.0,9.0,50.0,2.0,1.0,0.0,4.0,29.08,80.0,4.0,146.0,10.0,2.0,1.83333333333333,1.0,1.0,0.888888888888889,0.0,0.0,1.0,0.0,0.0,0.0,0.8842154768173545,0.11578452318264552,4
2446,18,1.0,0.0,2.0,4.0,2.0,6.0,50.0,2.0,1.0,0.0,0.0,29.08,80.0,0.0,0.0,10.0,2.0,1.83333333333333,0.0,1.0,0.888888888888889,0.0,0.0,0.775862068965517,0.0,0.0,0.0,0.9316655165799317,0.0683344834200683,4
2446,19,1.0,0.0,2.0,4.0,2.0,6.0,50.0,2.0,1.0,0.0,4.0,29.08,80.0,4.0,0.0,10.0,2.0,1.83333333333333,1.0,1.0,0.888888888888889,5.0,0.0,0.775862068965517,0.0,0.0,0.0,0.5018898870745112,0.49811011292548873,2
2447,0,0.0,0.0,1.0,0.0,2.0,8.0,52.0,1.0,0.0,0.0,7.0,0.58,0.0,4.0,0.0,12.0,1.0,1.57142857142857,1.0,2.0,1.11111111111111,0.0,236.0,1.0,1.0,0.0,0.0,0.5359632161060446,0.46403678389395536,1
2447,1,0.0,0.0,1.0,0.0,2.0,8.0,80.0,1.0,0.0,0.0,7.0,0.58,0.0,4.0,0.0,12.0,1.0,1.57142857142857,1.0,2.0,1.11111111111111,0.0,2.0,1.0,1.0,0.0,0.0,0.6260621076274141,0.3739378923725859,1
2447,2,0.0,0.0,1.0,0.0,2.0,8.0,15.0,1.0,0.0,0.0,7.0,0.05,0.0,4.0,0.0,12.0,1.0,1.57142857142857,1.0,2.0,1.11111111111111,0.0,0.0,1.0,1.0,0.0,0.0,0.9381355850959098,0.06186441490409022,3
2447,3,0.0,0.0,1.0,0.0,2.0,8.0,15.0,1.0,0.0,0.0,7.0,0.05,0.0,4.0,0.0,12.0,1.0,1.57142857142857,1.0,2.0,0.0,0.0,0.0,1.0,1.0,0.0,0.0,0.9582818131264961,0.04171818687350394,4
2447,4,0.0,0.0,1.0,0.0,2.0,8.0,15.0,1.0,0.0,0.0,7.0,29.08,0.0,4.0,0.0,12.0,1.0,1.57142857142857,1.0,2.0,0.0,0.0,0.0,1.0,1.0,0.0,0.0,0.9739733986337268,0.026026601366273168,4
2447,5,0.0,0.0,1.0,0.0,2.0,6.0,15.0,1.0,0.0,0.0,7.0,29.08,0.0,4.0,0.0,12.0,1.0,1.57142857142857,1.0,2.0,0.0,0.0,0.0,1.0,1.0,0.0,0.0,0.9774015073760824,0.022598492623917502,5
2447,6,0.0,0.0,1.0,0.0,2.0,8.0,15.0,1.0,0.0,0.0,7.0,0.58,0.0,4.0,0.0,12.0,1.0,1.57142857142857,1.0,2.0,0.0,0.0,236.0,1.0,1.0,0.0,0.0,0.8463030688796156,0.15369693112038435,2
2447,7,0.0,0.0,1.0,0.0,2.0,3.0,15.0,1.0,0.0,0.0,7.0,0.58,0.0,4.0,0.0,12.0,1.0,1.57142857142857,1.0,2.0,0.0,0.0,236.0,1.0,1.0,0.0,0.0,0.8887115053825031,0.11128849461749686,3
2447,8,0.0,0.0,1.0,0.0,2.0,3.0,15.0,1.0,0.0,0.0,2.0,0.58,0.0,4.0,0.0,12.0,1.0,1.57142857142857,1.0,2.0,0.0,0.0,236.0,1.0,1.0,0.0,0.0,0.9057750449383254,0.09422495506167464,4
2447,9,0.0,0.0,1.0,0.0,2.0,8.0,15.0,1.0,0.0,0.0,7.0,29.08,0.0,4.0,0.0,12.0,1.0,1.57142857142857,1.0,2.0,0.0,0.0,236.0,1.0,1.0,0.0,0.0,0.9444304965665661,0.05556950343343387,3
2447,10,0.0,0.0,1.0,0.0,2.0,8.0,15.0,1.0,0.0,5.0,7.0,29.08,0.0,4.0,0.0,12.0,1.0,1.57142857142857,1.0,2.0,0.0,0.0,236.0,1.0,1.0,0.0,0.0,0.9546549712152951,0.04534502878470493,4
2447,11,0.0,0.0,1.0,0.0,2.0,8.0,15.0,1.0,0.0,5.0,7.0,29.08,0.0,4.0,0.0,12.0,0.0,1.57142857142857,1.0,2.0,0.0,0.0,236.0,1.0,1.0,0.0,0.0,0.961288987933329,0.038711012066671095,5
2447,12,0.0,0.0,1.0,0.0,2.0,4.0,15.0,1.0,0.0,0.0,7.0,29.08,0.0,4.0,0.0,12.0,1.0,1.57142857142857,1.0,2.0,0.0,0.0,236.0,1.0,1.0,0.0,0.0,0.9593554397507474,0.04064456024925257,4
2447,13,0.0,0.0,1.0,0.0,2.0,8.0,80.0,1.0,0.0,0.0,7.0,0.58,0.0,4.0,0.0,1.0,1.0,1.57142857142857,1.0,2.0,1.11111111111111,0.0,236.0,1.0,1.0,0.0,0.0,0.509018682390337,0.490981317609663,1
2447,14,0.0,0.0,1.0,0.0,2.0,8.0,80.0,1.0,0.0,0.0,7.0,0.58,0.0,4.0,0.0,12.0,1.0,1.57142857142857,1.0,2.0,1.11111111111111,0.0,0.0,1.0,1.0,0.0,0.0,0.6717661410290667,0.32823385897093327,1
2447,15,0.0,0.0,1.0,0.0,2.0,8.0,80.0,1.0,0.0,0.0,7.0,0.05,0.0,4.0,0.0,12.0,1.0,1.57142857142857,1.0,2.0,1.11111111111111,0.0,0.0,1.0,1.0,0.0,0.0,0.8287632407547982,0.1712367592452018,2
2447,16,0.0,0.0,1.0,0.0,2.0,8.0,80.0,1.0,0.0,0.0,7.0,0.05,0.0,4.0,0.0,12.0,1.0,1.57142857142857,1.0,2.0,0.0,0.0,0.0,1.0,1.0,0.0,0.0,0.8918216936266432,0.10817830637335683,3
2447,17,0.0,0.0,1.0,0.0,2.0,8.0,80.0,1.0,0.0,0.0,7.0,29.08,0.0,4.0,0.0,12.0,1.0,1.57142857142857,1.0,2.0,0.0,0.0,0.0,1.0,1.0,0.0,0.0,0.928714925563773,0.07128507443622695,3
2447,18,0.0,0.0,1.0,0.0,2.0,8.0,80.0,1.0,0.0,0.0,7.0,29.08,0.0,4.0,0.0,128.0,1.0,1.57142857142857,1.0,2.0,0.0,0.0,0.0,1.0,1.0,0.0,0.0,0.9382795546369218,0.0617204453630782,4
2447,19,0.0,0.0,1.0,0.0,2.0,8.0,80.0,2.0,0.0,0.0,7.0,29.08,0.0,4.0,0.0,128.0,1.0,1.57142857142857,1.0,2.0,0.0,0.0,0.0,1.0,1.0,0.0,0.0,0.942210627566207,0.05778937243379304,5
2450,0,7.0,0.0,1.0,3.0,4.0,5.0,174.0,3.0,2.0,8.0,9.0,0.49,78.0,1.0,0.0,8.0,2.0,3.38888888888889,0.0,1.0,1.36363636363636,0.0,0.0,0.5,0.0,0.0,0.0,0.6326240237658951,0.36737597623410484,1
2450,1,7.0,0.0,1.0,3.0,4.0,5.0,174.0,3.0,2.0,8.0,9.0,0.49,78.0,0.0,0.0,8.0,2.0,3.38888888888889,0.0,1.0,1.36363636363636,0.0,0.0,1.0,0.0,0.0,0.0,0.8568154841627895,0.14318451583721048,2
2450,2,7.0,0.0,1.0,3.0,4.0,5.0,15.0,3.0,2.0,8.0,9.0,0.49,78.0,0.0,0.0,8.0,2.0,3.38888888888889,0.0,1.0,1.36363636363636,0.0,0.0,1.0,0.0,0.0,0.0,0.901330766170853,0.098669233829147,3
2450,3,7.0,0.0,1.0,3.0,4.0,5.0,15.0,3.0,2.0,8.0,9.0,0.49,78.0,0.0,0.0,8.0,2.0,6.0,0.0,1.0,1.36363636363636,0.0,0.0,1.0,0.0,0.0,0.0,0.9108815292891791,0.08911847071082087,4
2450,4,7.0,0.0,1.0,3.0,4.0,5.0,15.0,3.0,2.0,8.0,25.0,0.49,78.0,0.0,0.0,8.0,2.0,6.0,0.0,1.0,1.36363636363636,0.0,0.0,1.0,0.0,0.0,0.0,0.9308257332914159,0.06917426670858408,5
2450,5,7.0,0.0,1.0,3.0,4.0,5.0,174.0,3.0,2.0,8.0,9.0,0.05,78.0,0.0,0.0,8.0,2.0,3.38888888888889,0.0,1.0,1.36363636363636,0.0,0.0,1.0,0.0,0.0,0.0,0.9332454154963228,0.06675458450367727,3
2450,6,7.0,0.0,1.0,3.0,0.0,5.0,174.0,3.0,2.0,8.0,9.0,0.05,78.0,0.0,0.0,8.0,2.0,3.38888888888889,0.0,1.0,1.36363636363636,0.0,0.0,1.0,0.0,0.0,0.0,0.9502322793437805,0.04976772065621952,4
2450,7,7.0,0.0,1.0,3.0,0.0,5.0,174.0,3.0,2.0,8.0,2.0,0.05,78.0,0.0,0.0,8.0,2.0,3.38888888888889,0.0,1.0,1.36363636363636,0.0,0.0,1.0,0.0,0.0,0.0,0.9577379257659214,0.04226207423407862,5
2450,8,7.0,0.0,1.0,3.0,4.0,5.0,15.0,3.0,2.0,8.0,9.0,0.49,78.0,0.0,0.0,8.0,2.0,3.38888888888889,0.0,1.0,1.36363636363636,0.0,0.0,0.5,0.0,0.0,0.0,0.7727613756364329,0.22723862436356707,2
2450,9,7.0,0.0,1.0,3.0,4.0,5.0,15.0,3.0,2.0,8.0,9.0,0.49,78.0,0.0,0.0,8.0,0.0,3.38888888888889,0.0,1.0,1.36363636363636,0.0,0.0,0.5,0.0,0.0,0.0,0.8499486013594157,0.15005139864058425,3
2450,10,7.0,0.0,1.0,3.0,4.0,5.0,15.0,3.0,2.0,8.0,9.0,0.49,78.0,0.0,0.0,8.0,0.0,3.38888888888889,0.0,1.0,1.8,0.0,0.0,0.5,0.0,0.0,0.0,0.8922036258172682,0.10779637418273184,4
2450,11,7.0,0.0,1.0,3.0,4.0,5.0,15.0,3.0,2.0,8.0,2.0,0.49,78.0,0.0,0.0,8.0,0.0,3.38888888888889,0.0,1.0,1.8,0.0,0.0,0.5,0.0,0.0,0.0,0.896921204559753,0.10307879544024702,5
2450,12,0.0,0.0,1.0,3.0,4.0,5.0,174.0,3.0,2.0,8.0,9.0,0.49,78.0,0.0,0.0,8.0,2.0,3.38888888888889,0.0,1.0,1.36363636363636,0.0,0.0,1.0,0.0,0.0,0.0,0.9125887665792859,0.08741123342071414,3
2450,13,0.0,0.0,1.0,3.0,4.0,5.0,174.0,3.0,2.0,8.0,9.0,0.49,78.0,0.0,0.0,8.0,2.0,0.0,0.0,1.0,1.36363636363636,0.0,0.0,1.0,0.0,0.0,0.0,0.9287130608829547,0.07128693911704527,4
2450,14,7.0,0.0,1.0,3.0,4.0,5.0,174.0,3.0,2.0,8.0,9.0,0.49,78.0,0.0,0.0,8.0,2.0,3.38888888888889,0.0,1.0,0.0,0.0,0.0,1.0,0.0,0.0,0.0,0.912462156905504,0.08753784309449592,3
2450,15,7.0,0.0,1.0,3.0,4.0,5.0,15.0,3.0,2.0,8.0,9.0,0.49,78.0,0.0,0.0,8.0,2.0,3.38888888888889,0.0,1.0,0.0,0.0,0.0,1.0,0.0,0.0,0.0,0.9411979760401029,0.05880202395989712,4
2450,16,7.0,0.0,1.0,3.0,4.0,9.0,15.0,3.0,2.0,8.0,9.0,0.49,78.0,0.0,0.0,8.0,2.0,3.38888888888889,0.0,1.0,0.0,0.0,0.0,1.0,0.0,0.0,0.0,0.9496832484118105,0.050316751588189434,5
2450,17,7.0,0.0,1.0,3.0,4.0,5.0,174.0,3.0,2.0,8.0,9.0,0.31,78.0,4.0,0.0,8.0,2.0,3.38888888888889,0.0,1.0,1.36363636363636,0.0,0.0,0.9,0.0,0.0,0.0,0.5989822366846558,0.40101776331534417,2
2450,18,7.0,0.0,1.0,3.0,4.0,5.0,174.0,3.0,2.0,8.0,25.0,0.49,78.0,4.0,0.0,8.0,2.0,3.38888888888889,0.0,1.0,1.36363636363636,0.0,0.0,1.0,0.0,0.0,0.0,0.6033660322957253,0.3966339677042748,2
2450,19,7.0,0.0,1.0,3.0,4.0,5.0,174.0,3.0,2.0,8.0,9.0,0.49,78.0,0.0,0.0,8.0,6.0,3.38888888888889,0.0,1.0,1.36363636363636,0.0,0.0,0.5,0.0,0.0,0.0,0.7560121305991885,0.24398786940081155,2
2460,0,5.0,0.0,1.0,0.0,1.0,10.0,115.0,1.0,0.0,0.0,3.0,0.4,0.0,2.0,0.0,6.0,1.0,11.5,1.0,2.0,0.7,0.0,40.0,0.997695852534562,1.0,0.0,1.0,0.5658719990368355,0.43412800096316445,1
2460,1,5.0,0.0,1.0,0.0,1.0,10.0,115.0,1.0,0.0,0.0,3.0,0.4,0.0,4.0,0.0,6.0,1.0,11.5,1.0,2.0,0.7,0.0,0.0,0.997695852534562,1.0,0.0,1.0,0.5436996033139769,0.456300396686023,1
2460,2,5.0,0.0,1.0,0.0,1.0,10.0,15.0,1.0,0.0,0.0,3.0,0.4,0.0,0.0,0.0,6.0,1.0,11.5,1.0,2.0,0.7,0.0,0.0,0.997695852534562,1.0,0.0,1.0,0.8982107034857574,0.10178929651424266,3
2460,3,5.0,0.0,1.0,0.0,1.0,10.0,15.0,1.0,0.0,0.0,3.0,29.08,0.0,0.0,0.0,6.0,1.0,11.5,1.0,2.0,0.7,0.0,0.0,0.997695852534562,1.0,0.0,1.0,0.9525250055159411,0.04747499448405892,4
2460,4,0.0,0.0,1.0,0.0,1.0,10.0,15.0,1.0,0.0,0.0,3.0,29.08,0.0,0.0,0.0,6.0,1.0,11.5,1.0,2.0,0.7,0.0,0.0,0.997695852534562,1.0,0.0,1.0,0.9621727282685333,0.037827271731466675,5
2460,5,5.0,0.0,1.0,0.0,1.0,10.0,115.0,1.0,0.0,0.0,3.0,29.08,0.0,0.0,0.0,6.0,1.0,11.5,1.0,2.0,0.7,0.0,40.0,0.997695852534562,1.0,0.0,1.0,0.7498395510692248,0.2501604489307751,2
2460,6,5.0,0.0,1.0,0.0,1.0,10.0,93.111,1.0,0.0,0.0,3.0,29.08,0.0,4.0,0.0,6.0,1.0,11.5,1.0,2.0,0.7,0.0,40.0,0.997695852534562,1.0,0.0,1.0,0.5076283484425564,0.49237165155744356,2
2460,7,5.0,0.0,1.0,0.0,1.0,10.0,15.0,1.0,0.0,0.0,3.0,29.08,0.0,0.0,0.0,6.0,1.0,11.5,1.0,2.0,0.7,0.0,40.0,0.997695852534562,1.0,0.0,0.0,0.9159565640729885,0.08404343592701145,4
2460,8,5.0,0.0,1.0,0.0,1.0,10.0,115.0,1.0,0.0,0.0,3.0,0.4,0.0,0.0,0.0,6.0,1.0,11.5,1.0,2.0,5.2,0.0,40.0,0.997695852534562,1.0,0.0,1.0,0.7295339206980873,0.2704660793019127,2
2460,9,0.0,0.0,1.0,0.0,1.0,10.0,115.0,1.0,0.0,0.0,3.0,0.4,0.0,0.0,0.0,6.0,1.0,11.5,1.0,2.0,5.2,0.0,40.0,0.997695852534562,1.0,0.0,1.0,0.8173149905792242,0.18268500942077578,3
2460,10,0.0,0.0,1.0,0.0,1.0,2.0,115.0,1.0,0.0,0.0,3.0,0.4,0.0,4.0,0.0,6.0,1.0,11.5,1.0,2.0,0.7,0.0,40.0,0.997695852534562,1.0,0.0,1.0,0.5235405646757515,0.4764594353242485,2
2460,11,1.0,0.0,1.0,0.0,1.0,0.0,115.0,1.0,0.0,0.0,3.0,0.4,0.0,0.0,0.0,6.0,1.0,11.5,1.0,2.0,5.2,0.0,40.0,0.997695852534562,1.0,0.0,1.0,0.8657912484051244,0.13420875159487552,4
2460,12,1.0,0.0,1.0,0.0,1.0,0.0,115.0,1.0,0.0,10.0,3.0,0.4,0.0,0.0,0.0,6.0,1.0,11.5,1.0,2.0,5.2,0.0,40.0,0.997695852534562,1.0,0.0,1.0,0.8760903409861408,0.1239096590138592,5
2460,13,5.0,0.0,1.0,0.0,1.0,2.0,115.0,1.0,0.0,0.0,3.0,29.08,0.0,4.0,0.0,6.0,1.0,11.5,1.0,2.0,0.7,0.0,40.0,0.997695852534562,1.0,0.0,1.0,0.5093470834968863,0.49065291650311366,2
2460,14,2.0,0.0,1.0,0.0,1.0,0.0,115.0,1.0,0.0,0.0,3.0,29.08,0.0,0.0,0.0,6.0,1.0,11.5,1.0,2.0,0.7,0.0,40.0,0.997695852534562,1.0,0.0,1.0,0.8464196666937447,0.15358033330625537,4
2460,15,0.0,0.0,1.0,0.0,1.0,10.0,115.0,1.0,0.0,0.0,3.0,0.4,0.0,4.0,0.0,6.0,1.0,11.5,1.0,2.0,0.7,0.0,0.0,0.997695852534562,1.0,0.0,1.0,0.654542540920309,0.34545745907969105,2
2460,16,0.0,0.0,1.0,0.0,1.0,10.0,115.0,1.0,0.0,10.0,3.0,0.4,0.0,4.0,0.0,6.0,1.0,11.5,1.0,2.0,0.7,0.0,0.0,0.997695852534562,1.0,0.0,1.0,0.7418559494775623,0.2581440505224377,3
2460,17,0.0,0.0,1.0,0.0,1.0,0.0,115.0,1.0,0.0,10.0,3.0,0.4,0.0,4.0,0.0,6.0,1.0,11.5,1.0,2.0,0.7,0.0,0.0,0.997695852534562,1.0,0.0,1.0,0.7851814223184355,0.21481857768156454,4
2460,18,0.0,0.0,0.0,0.0,1.0,0.0,115.0,1.0,0.0,10.0,3.0,0.4,0.0,4.0,0.0,6.0,1.0,11.5,1.0,2.0,0.7,0.0,0.0,0.997695852534562,1.0,0.0,1.0,0.7966183377891167,0.20338166221088333,5
2463,0,35.0,45.0,1.0,53.0,0.0,6.0,93.111,7.0,5.0,35.0,5.0,0.26,92.0,1.0,13.0,14.0,2.0,11.7555555555556,2.0,1.0,0.948979591836735,0.0,3.0,0.920272673384707,1.0,0.0,2.0,0.6113439507077512,0.3886560492922488,2
2463,1,35.0,45.0,1.0,53.0,0.0,6.0,93.111,7.0,5.0,35.0,5.0,0.26,92.0,3.0,13.0,14.0,2.0,3.0,2.0,1.0,0.948979591836735,0.0,3.0,0.920272673384707,1.0,0.0,2.0,0.5229963536597593,0.47700364634024073,2
2463,2,35.0,45.0,1.0,53.0,0.0,6.0,15.0,7.0,5.0,35.0,5.0,0.26,92.0,0.0,13.0,14.0,2.0,3.0,2.0,25.0,0.948979591836735,0.0,3.0,0.920272673384707,1.0,0.0,2.0,0.8616475644384906,0.13835243556150942,4
2463,3,35.0,45.0,1.0,53.0,0.0,6.0,93.111,7.0,5.0,35.0,5.0,0.26,92.0,3.0,13.0,14.0,2.0,11.7555555555556,2.0,25.0,0.948979591836735,0.0,3.0,0.920272673384707,1.0,0.0,2.0,0.5010376290912697,0.49896237090873036,2
2463,4,35.0,45.0,1.0,53.0,0.0,6.0,37.0,7.0,5.0,35.0,5.0,0.26,92.0,0.0,13.0,14.0,2.0,0.0,2.0,25.0,0.948979591836735,0.0,3.0,0.920272673384707,1.0,0.0,2.0,0.8851309104145643,0.11486908958543571,4
2463,5,35.0,45.0,1.0,53.0,0.0,6.0,93.111,7.0,5.0,35.0,5.0,0.26,92.0,0.0,13.0,14.0,2.0,0.0,2.0,25.0,0.948979591836735,0.0,3.0,0.920272673384707,1.0,0.0,2.0,0.8942299731443061,0.10577002685569392,4
2463,6,35.0,45.0,1.0,53.0,0.0,6.0,93.111,7.0,5.0,35.0,5.0,0.26,92.0,0.0,13.0,14.0,2.0,0.0,2.0,25.0,0.948979591836735,0.0,3.0,1.0,1.0,0.0,2.0,0.9347665760788495,0.06523342392115047,5
2463,7,35.0,45.0,1.0,53.0,0.0,6.0,37.0,7.0,5.0,35.0,5.0,0.26,92.0,3.0,13.0,14.0,2.0,0.0,2.0,1.0,0.948979591836735,0.0,3.0,0.920272673384707,1.0,0.0,2.0,0.590935762654724,0.409064237345276,2
2463,8,35.0,45.0,1.0,53.0,0.0,6.0,37.0,7.0,5.0,35.0,5.0,0.26,92.0,3.0,13.0,14.0,2.0,0.0,2.0,1.0,5.2,0.0,3.0,0.920272673384707,1.0,0.0,2.0,0.7484422708436802,0.25155772915631974,3
2463,9,35.0,45.0,1.0,53.0,0.0,6.0,37.0,7.0,5.0,35.0,5.0,0.26,92.0,3.0,13.0,14.0,2.0,0.0,2.0,25.0,5.2,0.0,3.0,0.920272673384707,1.0,0.0,2.0,0.845522833525306,0.15447716647469406,4
2463,10,35.0,45.0,1.0,53.0,0.0,6.0,662.0,7.0,5.0,35.0,5.0,0.26,92.0,2.0,13.0,14.0,2.0,11.7555555555556,2.0,1.0,0.948979591836735,0.0,3.0,1.0,1.0,0.0,2.0,0.5152662731906702,0.4847337268093298,2
2463,11,35.0,45.0,1.0,53.0,0.0,6.0,662.0,7.0,5.0,1.0,5.0,0.26,92.0,1.0,13.0,14.0,2.0,11.7555555555556,2.0,1.0,0.948979591836735,0.0,3.0,0.920272673384707,1.0,0.0,2.0,0.523049315516741,0.4769506844832589,2
2463,12,35.0,4.0,1.0,53.0,0.0,6.0,662.0,7.0,5.0,1.0,5.0,0.26,92.0,0.0,13.0,14.0,2.0,11.7555555555556,2.0,1.0,0.948979591836735,0.0,3.0,1.0,1.0,0.0,2.0,0.8127516313028246,0.1872483686971754,4
2463,13,35.0,4.0,1.0,53.0,0.0,6.0,662.0,7.0,5.0,1.0,5.0,0.26,92.0,0.0,13.0,14.0,2.0,11.7555555555556,2.0,25.0,0.948979591836735,0.0,3.0,1.0,1.0,0.0,2.0,0.835859785116125,0.164140214883875,5
2463,14,35.0,45.0,1.0,53.0,0.0,6.0,15.0,7.0,5.0,35.0,5.0,0.26,92.0,0.0,13.0,14.0,2.0,11.7555555555556,2.0,25.0,0.948979591836735,0.0,3.0,0.920272673384707,1.0,0.0,2.0,0.7592043503662771,0.24079564963372296,3
2463,15,35.0,45.0,1.0,53.0,0.0,6.0,93.111,7.0,93.0,35.0,5.0,0.26,92.0,3.0,13.0,14.0,2.0,11.7555555555556,2.0,25.0,0.948979591836735,0.0,3.0,0.920272673384707,1.0,0.0,2.0,0.5196067503958345,0.4803932496041655,3
2463,16,35.0,45.0,1.0,53.0,0.0,6.0,37.0,7.0,93.0,35.0,5.0,0.26,92.0,0.0,13.0,14.0,2.0,11.7555555555556,2.0,25.0,0.948979591836735,0.0,3.0,0.920272673384707,1.0,0.0,2.0,0.8152968707051177,0.18470312929488233,4
2463,17,35.0,45.0,1.0,53.0,0.0,6.0,662.0,7.0,5.0,35.0,5.0,0.26,92.0,3.0,13.0,14.0,2.0,3.0,2.0,1.0,0.948979591836735,0.0,3.0,1.0,1.0,0.0,2.0,0.5889869784621156,0.4110130215378844,2
2463,18,35.0,45.0,1.0,53.0,0.0,6.0,93.111,7.0,5.0,35.0,5.0,0.26,92.0,3.0,13.0,14.0,2.0,0.0,2.0,1.0,0.948979591836735,0.0,3.0,1.0,1.0,0.0,2.0,0.7970965482285008,0.2029034517714991,3
2463,19,35.0,45.0,2.0,53.0,0.0,6.0,93.111,7.0,5.0,35.0,5.0,0.26,92.0,3.0,13.0,14.0,2.0,0.0,2.0,1.0,0.948979591836735,0.0,3.0,1.0,1.0,0.0,2.0,0.8058180231265734,0.19418197687342664,4
1840,0,1.0,0.0,1.0,0.0,1.0,3.0,34.0,1.0,0.0,0.0,1.0,1.13,0.0,1.0,0.0,15.0,1.0,1.5,1.0,2.0,1.4,0.0,14.0,0.9,0.666666666666667,0.0,2.0,0.679804693944785,0.32019530605521496,2
1840,1,1.0,0.0,1.0,0.0,1.0,3.0,34.0,1.0,0.0,0.0,1.0,1.13,0.0,1.0,0.0,15.0,1.0,1.5,1.0,2.0,1.4,0.0,14.0,0.714285714285714,0.666666666666667,0.0,1.0,0.6279775052776688,0.3720224947223311,2
1840,2,1.0,0.0,1.0,0.0,1.0,3.0,34.0,1.0,0.0,0.0,1.0,1.13,0.0,0.0,0.0,15.0,1.0,1.5,1.0,2.0,0.0,0.0,14.0,0.9,0.666666666666667,0.0,0.0,0.8924144342102368,0.10758556578976315,4
1840,3,1.0,0.0,1.0,321.0,1.0,3.0,34.0,1.0,0.0,0.0,1.0,1.13,0.0,0.0,0.0,15.0,1.0,1.5,1.0,2.0,0.0,0.0,14.0,0.9,0.666666666666667,0.0,0.0,0.9248764269206499,0.07512357307935014,5
1840,4,1.0,0.0,1.0,0.0,1.0,3.0,34.0,1.0,0.0,0.0,1.0,1.13,0.0,1.0,0.0,15.0,1.0,1.5,1.0,2.0,1.4,0.0,14.0,0.714285714285714,0.8,0.0,2.0,0.5806269786008285,0.4193730213991716,2
1840,5,1.0,0.0,1.0,0.0,1.0,3.0,34.0,1.0,0.0,0.0,1.0,1.13,0.0,1.0,0.0,15.0,1.0,1.5,1.0,2.0,1.4,5.0,14.0,0.714285714285714,0.666666666666667,0.0,2.0,0.5610018882173541,0.4389981117826459,2
1840,6,1.0,0.0,1.0,0.0,1.0,3.0,34.0,1.0,0.0,0.0,1.0,1.13,0.0,1.0,0.0,15.0,1.0,1.5,1.0,2.0,1.4,0.0,2.0,0.714285714285714,0.666666666666667,0.0,2.0,0.5453571014560976,0.45464289854390233,2
1840,7,1.0,0.0,1.0,0.0,1.0,3.0,34.0,1.0,0.0,0.0,1.0,1.13,0.0,1.0,0.0,15.0,1.0,3.9,1.0,2.0,1.4,0.0,14.0,0.714285714285714,0.666666666666667,0.0,2.0,0.5493030303382933,0.45069696966170664,2
1840,8,1.0,0.0,1.0,0.0,1.0,3.0,34.0,1.0,2.0,0.0,1.0,1.13,0.0,0.0,0.0,15.0,1.0,337.0,1.0,2.0,1.4,0.0,0.0,0.714285714285714,0.666666666666667,0.0,2.0,0.6992102997399945,0.3007897002600055,4
1840,9,1.0,0.0,1.0,0.0,1.0,3.0,34.0,1.0,0.0,0.0,1.0,1.13,0.0,3.0,0.0,15.0,1.0,1.5,1.0,2.0,1.4,0.0,14.0,1.0,0.666666666666667,0.0,1.0,0.5912276399103951,0.408772360089605,2
1840,10,1.0,0.0,1.0,0.0,1.0,3.0,34.0,1.0,0.0,0.0,1.0,1.13,0.0,3.0,0.0,15.0,1.0,1.5,1.0,2.0,0.0,0.0,14.0,1.0,0.666666666666667,0.0,0.0,0.8385340113104116,0.16146598868958836,3
1840,11,0.0,0.0,1.0,0.0,1.0,3.0,34.0,1.0,0.0,0.0,1.0,1.13,0.0,3.0,0.0,15.0,1.0,1.5,1.0,2.0,0.0,0.0,14.0,0.714285714285714,0.666666666666667,0.0,1.0,0.5117283078903704,0.4882716921096296,3
1840,12,1.0,0.0,1.0,0.0,1.0,3.0,34.0,1.0,0.0,0.0,1.0,1.13,0.0,0.0,0.0,15.0,1.0,1.5,1.0,2.0,1.4,0.0,0.0,0.9,0.666666666666667,0.0,2.0,0.8593009258962843,0.1406990741037157,3
1840,13,1.0,0.0,1.0,1.0,1.0,3.0,34.0,1.0,0.0,0.0,1.0,1.13,0.0,0.0,0.0,15.0,1.0,1.5,1.0,2.0,1.4,0.0,0.0,0.9,0.666666666666667,0.0,2.0,0.8618555428831373,0.1381444571168627,4
1840,14,1.0,0.0,1.0,0.0,1.0,3.0,34.0,1.0,93.0,0.0,1.0,1.13,0.0,3.0,0.0,15.0,1.0,1.5,1.0,2.0,0.0,0.0,14.0,0.714285714285714,0.666666666666667,0.0,2.0,0.5015172707606853,0.4984827292393147,2
1840,15,1.0,0.0,1.0,0.0,1.0,3.0,34.0,1.0,93.0,0.0,3.0,1.13,0.0,3.0,0.0,15.0,1.0,1.5,1.0,2.0,0.0,0.0,14.0,0.714285714285714,0.666666666666667,0.0,2.0,0.5583385186293355,0.4416614813706645,3
1840,16,1.0,0.0,1.0,0.0,4.0,3.0,34.0,1.0,93.0,0.0,3.0,1.13,0.0,3.0,0.0,15.0,1.0,1.5,1.0,2.0,0.0,0.0,14.0,0.714285714285714,0.666666666666667,0.0,2.0,0.5917202521114335,0.4082797478885664,4
1840,17,1.0,2.0,1.0,0.0,4.0,3.0,34.0,1.0,93.0,0.0,3.0,1.13,0.0,3.0,0.0,15.0,1.0,1.5,1.0,2.0,0.0,0.0,14.0,0.714285714285714,0.666666666666667,0.0,2.0,0.6145647861639219,0.3854352138360782,5
1840,18,1.0,0.0,1.0,0.0,1.0,3.0,34.0,1.0,0.0,0.0,3.0,1.13,0.0,0.0,0.0,15.0,1.0,1.5,1.0,2.0,1.4,0.0,0.0,0.9,0.666666666666667,0.0,2.0,0.873873652873617,0.12612634712638307,4
1840,19,1.0,0.0,1.0,0.0,1.0,3.0,34.0,1.0,0.0,0.0,3.0,1.13,0.0,0.0,0.0,15.0,1.0,1.5,1.0,2.0,1.4,0.0,0.0,1.0,0.666666666666667,0.0,2.0,0.8835560364104331,0.1164439635895669,4
1880,0,1.0,0.0,1.0,0.0,1.0,6.0,34.0,1.0,0.0,0.0,1.0,1.36,0.0,2.0,0.0,10.0,1.0,1.0,1.0,2.0,1.6,0.0,0.0,0.794520547945205,0.0,0.0,3.0,0.6104567915003312,0.3895432084996688,1
1880,1,1.0,0.0,1.0,0.0,1.0,6.0,34.0,1.0,0.0,0.0,1.0,1.36,0.0,0.0,0.0,10.0,1.0,1.0,1.0,2.0,1.6,0.0,0.0,0.9,0.0,0.0,3.0,0.8811273503242439,0.11887264967575603,2
1880,2,1.0,0.0,1.0,0.0,1.0,0.0,34.0,1.0,0.0,0.0,1.0,1.36,0.0,3.0,0.0,10.0,1.0,1.0,1.0,2.0,1.6,0.0,0.0,0.794520547945205,0.0,0.0,3.0,0.5843355704095596,0.4156644295904403,1
1880,3,1.0,0.0,1.0,0.0,1.0,0.0,34.0,1.0,0.0,0.0,1.0,1.36,0.0,0.0,0.0,10.0,1.0,3.9,1.0,2.0,1.6,0.0,0.0,0.9,0.0,0.0,3.0,0.9489791276835103,0.05102087231648971,4
1880,4,1.0,4.0,1.0,0.0,1.0,0.0,34.0,1.0,0.0,0.0,1.0,1.36,0.0,0.0,0.0,10.0,1.0,3.9,1.0,2.0,1.6,0.0,0.0,0.9,0.0,0.0,3.0,0.9586933642072606,0.04130663579273942,5
1880,5,1.0,0.0,1.0,0.0,1.0,6.0,34.0,1.0,0.0,0.0,1.0,1.36,0.0,3.0,0.0,10.0,1.0,1.0,1.0,2.0,1.6,0.0,0.0,0.9,0.0,0.0,3.0,0.6425057044901608,0.3574942955098393,1
1880,6,1.0,0.0,1.0,0.0,1.0,6.0,15.0,1.0,0.0,0.0,1.0,1.36,0.0,3.0,0.0,10.0,1.0,1.0,1.0,2.0,1.6,0.0,0.0,0.794520547945205,0.0,0.0,3.0,0.5570082205030009,0.44299177949699914,1
1880,7,1.0,0.0,1.0,0.0,1.0,6.0,15.0,1.0,0.0,0.0,1.0,1.36,0.0,3.0,0.0,10.0,1.0,8.1,1.0,2.0,1.6,0.0,0.0,1.0,0.0,0.0,3.0,0.9004489782438571,0.09955102175614294,3
1880,8,1.0,0.0,1.0,0.0,62.0,6.0,15.0,1.0,0.0,0.0,1.0,1.36,0.0,3.0,0.0,10.0,1.0,8.1,1.0,2.0,1.6,0.0,0.0,1.0,0.0,0.0,3.0,0.9345623804350636,0.06543761956493639,4
1880,9,1.0,0.0,1.0,0.0,62.0,6.0,15.0,1.0,0.0,0.0,9.0,1.36,0.0,3.0,0.0,10.0,1.0,8.1,1.0,2.0,1.6,0.0,0.0,1.0,0.0,0.0,3.0,0.9532108048761746,0.04678919512382536,5
1880,10,1.0,0.0,1.0,0.0,1.0,0.0,34.0,1.0,0.0,0.0,1.0,1.36,0.0,0.0,0.0,10.0,1.0,1.0,1.0,2.0,1.6,0.0,0.0,0.794520547945205,0.0,0.0,3.0,0.84016515704125,0.1598348429587499,2
1880,11,1.0,0.0,1.0,0.0,1.0,0.0,34.0,1.0,0.0,0.0,1.0,1.36,0.0,0.0,0.0,10.0,1.0,1.0,1.0,2.0,5.2,0.0,0.0,0.794520547945205,0.0,0.0,3.0,0.8557609365221238,0.1442390634778762,3
1880,12,1.0,0.0,1.0,0.0,1.0,0.0,34.0,1.0,0.0,0.0,1.0,1.36,0.0,0.0,1.0,10.0,1.0,1.0,1.0,2.0,5.2,0.0,0.0,0.794520547945205,0.0,0.0,3.0,0.8676315400361362,0.1323684599638638,4
1880,13,1.0,0.0,1.0,0.0,0.0,0.0,34.0,1.0,0.0,0.0,1.0,1.36,0.0,0.0,1.0,10.0,1.0,1.0,1.0,2.0,5.2,0.0,0.0,0.794520547945205,0.0,0.0,3.0,0.8709200327120203,0.12907996728797963,5
1880,14,1.0,4.0,1.0,0.0,1.0,6.0,34.0,1.0,0.0,0.0,1.0,1.36,0.0,3.0,0.0,10.0,1.0,1.0,1.0,2.0,1.6,0.0,0.0,0.794520547945205,0.0,0.0,3.0,0.5505625896744304,0.44943741032556966,1
1880,15,1.0,98.0,1.0,0.0,1.0,6.0,15.0,1.0,0.0,0.0,1.0,1.36,0.0,3.0,0.0,10.0,1.0,1.0,1.0,2.0,1.6,0.0,0.0,0.794520547945205,0.0,0.0,3.0,0.7272262486787104,0.2727737513212896,2
1880,16,1.0,98.0,1.0,0.0,1.0,6.0,15.0,1.0,0.0,0.0,1.0,1.36,0.0,3.0,0.0,10.0,1.0,8.1,1.0,2.0,1.6,0.0,0.0,0.794520547945205,0.0,0.0,3.0,0.7890991182023422,0.21090088179765776,3
1880,17,1.0,4.0,1.0,0.0,1.0,6.0,15.0,1.0,0.0,0.0,1.0,1.36,0.0,3.0,0.0,10.0,1.0,8.1,1.0,2.0,1.6,0.0,0.0,0.794520547945205,0.0,0.0,3.0,0.803120067682308,0.1968799323176919,3
1880,18,1.0,0.0,1.0,0.0,1.0,6.0,34.0,1.0,0.0,0.0,1.0,1.36,0.0,3.0,0.0,10.0,1.0,1.0,337.0,2.0,1.6,0.0,0.0,0.794520547945205,0.0,0.0,3.0,0.5102271801439797,0.4897728198560202,1
1880,19,1.0,4.0,1.0,0.0,1.0,6.0,15.0,1.0,0.0,0.0,1.0,1.36,0.0,3.0,0.0,10.0,1.0,3.9,337.0,2.0,1.6,0.0,0.0,0.794520547945205,0.0,0.0,3.0,0.8231379854840155,0.17686201451598452,4
1886,0,2.0,0.0,1.0,0.0,2.0,5.0,151.0,2.0,2.0,3.0,13.0,0.39,52.0,5.0,0.0,10.0,2.0,2.64705882352941,1.0,2.0,0.55,0.0,0.0,1.0,0.0,0.0,2.0,0.6873592129015401,0.3126407870984599,1
1886,1,2.0,0.0,1.0,0.0,2.0,5.0,151.0,2.0,2.0,3.0,13.0,0.39,52.0,5.0,0.0,10.0,2.0,337.0,1.0,2.0,0.55,0.0,0.0,1.0,0.0,0.0,2.0,0.8426908765529254,0.15730912344707457,2
1886,2,2.0,0.0,1.0,0.0,2.0,5.0,151.0,2.0,1.0,3.0,13.0,0.39,52.0,5.0,0.0,10.0,2.0,337.0,1.0,2.0,0.55,0.0,0.0,0.831460674157303,0.0,0.0,2.0,0.5055305702516951,0.4944694297483049,2
1886,3,2.0,0.0,1.0,0.0,2.0,5.0,151.0,2.0,2.0,3.0,13.0,0.39,52.0,2.0,0.0,10.0,2.0,3.9,1.0,2.0,0.55,0.0,0.0,0.831460674157303,0.0,0.0,2.0,0.548008879689261,0.451991120310739,2
1886,4,2.0,0.0,1.0,7.0,2.0,5.0,151.0,2.0,2.0,3.0,13.0,0.39,52.0,5.0,0.0,10.0,2.0,337.0,1.0,2.0,0.55,0.0,0.0,0.831460674157303,0.0,0.0,2.0,0.5266549176100215,0.4733450823899786,2
1886,5,2.0,0.0,1.0,0.0,2.0,5.0,151.0,2.0,0.0,3.0,13.0,0.39,52.0,5.0,0.0,10.0,2.0,2.64705882352941,1.0,2.0,0.55,0.0,0.0,1.0,0.0,0.0,2.0,0.7887038216517348,0.21129617834826514,2
1886,6,2.0,0.0,1.0,7.0,2.0,5.0,151.0,2.0,0.0,3.0,13.0,0.39,52.0,5.0,0.0,10.0,2.0,2.64705882352941,1.0,2.0,0.55,0.0,0.0,0.831460674157303,0.0,0.0,2.0,0.5068854371907494,0.49311456280925064,2
1886,7,2.0,0.0,1.0,321.0,2.0,5.0,151.0,2.0,0.0,3.0,13.0,0.39,52.0,5.0,0.0,10.0,2.0,2.64705882352941,1.0,2.0,0.0,0.0,0.0,1.0,0.0,0.0,2.0,0.9050045583539462,0.09499544164605381,4
1886,8,2.0,0.0,1.0,321.0,2.0,5.0,151.0,2.0,2.0,3.0,13.0,0.39,52.0,5.0,1.0,10.0,2.0,2.64705882352941,1.0,2.0,0.55,0.0,0.0,0.831460674157303,0.0,0.0,2.0,0.5339243841042505,0.46607561589574953,2
1886,9,2.0,0.0,1.0,0.0,2.0,5.0,151.0,2.0,2.0,3.0,13.0,0.39,52.0,5.0,0.0,10.0,2.0,8.1,2.0,2.0,0.55,0.0,0.0,0.831460674157303,0.0,0.0,2.0,0.5162282818810788,0.4837717181189211,2
1886,10,2.0,0.0,1.0,0.0,2.0,5.0,151.0,2.0,2.0,3.0,13.0,29.08,52.0,5.0,0.0,10.0,2.0,337.0,1.0,2.0,0.55,0.0,0.0,0.831460674157303,0.0,0.0,2.0,0.5288192906182144,0.4711807093817856,2
1886,11,2.0,0.0,1.0,0.0,2.0,5.0,151.0,2.0,2.0,3.0,9.0,0.39,52.0,5.0,0.0,10.0,2.0,337.0,1.0,2.0,0.55,0.0,0.0,0.831460674157303,0.0,0.0,2.0,0.5332079035181303,0.46679209648186976,2
1886,12,2.0,0.0,1.0,0.0,2.0,5.0,151.0,2.0,2.0,3.0,13.0,0.39,52.0,1.0,0.0,10.0,2.0,2.64705882352941,1.0,2.0,0.55,0.0,0.0,0.831460674157303,0.0,0.0,2.0,0.6233314913056236,0.37666850869437646,1
1886,13,2.0,0.0,1.0,0.0,2.0,5.0,151.0,2.0,2.0,3.0,13.0,0.39,52.0,0.0,0.0,10.0,2.0,2.64705882352941,1.0,2.0,5.2,0.0,0.0,0.831460674157303,0.0,0.0,2.0,0.7742023453863158,0.22579765461368412,2
1886,14,2.0,0.0,1.0,0.0,2.0,5.0,151.0,2.0,2.0,3.0,13.0,0.39,52.0,0.0,0.0,10.0,2.0,3.9,1.0,2.0,5.2,0.0,0.0,0.831460674157303,0.0,0.0,2.0,0.8445736469042682,0.15542635309573177,3
1886,15,2.0,0.0,1.0,0.0,2.0,5.0,151.0,2.0,2.0,3.0,13.0,0.39,52.0,0.0,0.0,10.0,2.0,3.9,1.0,2.0,5.2,0.0,0.0,0.831460674157303,0.0,0.0,0.0,0.8551593680031233,0.14484063199687666,4
1886,16,2.0,0.0,0.0,0.0,2.0,5.0,151.0,2.0,2.0,3.0,13.0,0.39,52.0,0.0,0.0,10.0,2.0,3.9,1.0,2.0,5.2,0.0,0.0,0.831460674157303,0.0,0.0,0.0,0.8571120830143242,0.1428879169856758,5
1886,17,2.0,0.0,1.0,7.0,2.0,5.0,151.0,2.0,2.0,3.0,13.0,0.39,52.0,0.0,0.0,10.0,2.0,2.64705882352941,1.0,2.0,0.55,0.0,0.0,0.831460674157303,0.0,0.0,2.0,0.7050495930450413,0.2949504069549587,2
1886,18,2.0,0.0,1.0,7.0,2.0,5.0,151.0,1.0,2.0,3.0,13.0,0.39,52.0,0.0,0.0,10.0,2.0,2.64705882352941,1.0,2.0,0.55,0.0,0.0,0.831460674157303,0.0,0.0,2.0,0.7399617132910863,0.26003828670891377,3
1886,19,2.0,0.0,1.0,7.0,2.0,5.0,151.0,1.0,2.0,3.0,13.0,0.39,66.0,0.0,0.0,10.0,2.0,2.64705882352941,1.0,2.0,0.55,0.0,0.0,0.831460674157303,0.0,0.0,2.0,0.7555159942313976,0.24448400576860235,4
1888,0,7.0,0.0,1.0,0.0,2.0,1.0,52.0,2.0,1.0,0.0,16.0,29.08,0.0,4.0,0.0,7.0,2.0,3.04166666666667,0.0,1.0,0.296296296296296,0.0,114.0,0.63716814159292,1.0,0.0,3.0,0.5210046614159537,0.4789953385840463,1
1888,1,7.0,0.0,1.0,0.0,2.0,1.0,52.0,2.0,1.0,0.0,16.0,29.08,0.0,0.0,0.0,7.0,2.0,3.04166666666667,0.0,1.0,0.296296296296296,0.0,114.0,0.63716814159292,1.0,0.0,3.0,0.7260269377715073,0.2739730622284927,2
1888,2,7.0,0.0,1.0,0.0,2.0,1.0,52.0,2.0,1.0,0.0,16.0,29.08,0.0,0.0,0.0,7.0,2.0,3.04166666666667,0.0,1.0,0.296296296296296,0.0,114.0,1.0,1.0,0.0,3.0,0.8389939657421227,0.16100603425787727,3
1888,3,7.0,0.0,1.0,0.0,2.0,1.0,52.0,2.0,1.0,0.0,16.0,29.08,0.0,0.0,0.0,7.0,2.0,3.04166666666667,0.0,1.0,0.296296296296296,0.0,114.0,1.0,1.0,0.0,0.0,0.8698220539329453,0.13017794606705466,4
1888,4,7.0,0.0,1.0,0.0,2.0,1.0,52.0,2.0,1.0,1.0,16.0,29.08,0.0,0.0,0.0,7.0,2.0,3.04166666666667,0.0,1.0,0.296296296296296,0.0,114.0,1.0,1.0,0.0,0.0,0.8803625015082093,0.11963749849179069,5
1888,5,7.0,0.0,1.0,0.0,2.0,1.0,52.0,2.0,1.0,1.0,16.0,29.08,0.0,0.0,0.0,7.0,2.0,3.04166666666667,0.0,1.0,0.296296296296296,0.0,114.0,0.9,1.0,0.0,0.0,0.8827775446090934,0.11722245539090656,5
1888,6,7.0,0.0,1.0,0.0,2.0,1.0,52.0,2.0,1.0,10.0,16.0,29.08,0.0,0.0,0.0,7.0,2.0,3.04166666666667,0.0,1.0,0.296296296296296,0.0,114.0,0.9,1.0,0.0,0.0,0.8855199068701556,0.11448009312984442,5
1888,7,7.0,0.0,1.0,0.0,2.0,1.0,52.0,2.0,1.0,10.0,16.0,29.08,0.0,2.0,0.0,7.0,2.0,3.04166666666667,0.0,1.0,0.296296296296296,0.0,114.0,0.9,1.0,0.0,0.0,0.9094017552896607,0.09059824471033928,5
1888,8,7.0,0.0,1.0,0.0,2.0,1.0,52.0,2.0,1.0,1114.0,16.0,29.08,0.0,4.0,0.0,7.0,2.0,3.04166666666667,0.0,1.0,0.296296296296296,0.0,114.0,0.63716814159292,1.0,0.0,3.0,0.690968441016139,0.30903155898386103,2
1888,9,7.0,0.0,1.0,0.0,2.0,1.0,52.0,2.0,1.0,1114.0,16.0,29.08,0.0,4.0,0.0,7.0,2.0,3.04166666666667,0.0,1.0,0.296296296296296,0.0,114.0,1.0,1.0,0.0,3.0,0.7933609878722416,0.20663901212775837,3
1888,10,7.0,0.0,1.0,0.0,2.0,1.0,52.0,2.0,1.0,1114.0,16.0,29.08,0.0,4.0,0.0,7.0,2.0,0.0,0.0,1.0,0.296296296296296,0.0,114.0,1.0,1.0,0.0,3.0,0.8477615391385721,0.1522384608614279,4
1888,11,7.0,0.0,1.0,0.0,2.0,1.0,52.0,2.0,1.0,0.0,3.0,29.08,0.0,4.0,0.0,7.0,2.0,3.04166666666667,0.0,1.0,0.296296296296296,0.0,114.0,0.63716814159292,1.0,0.0,3.0,0.6368285302070646,0.3631714697929353,2
1888,12,7.0,0.0,1.0,0.0,2.0,1.0,52.0,2.0,1.0,0.0,3.0,29.08,0.0,4.0,0.0,7.0,2.0,3.04166666666667,0.0,1.0,0.0,0.0,114.0,0.63716814159292,1.0,0.0,3.0,0.7030119222028455,0.29698807779715447,3
1888,13,7.0,0.0,1.0,0.0,2.0,1.0,52.0,2.0,1.0,0.0,3.0,29.08,0.0,4.0,0.0,7.0,2.0,3.04166666666667,0.0,1.0,0.0,0.0,89.0,0.63716814159292,1.0,0.0,3.0,0.7506728886576867,0.2493271113423133,4
1888,14,7.0,0.0,1.0,0.0,2.0,1.0,52.0,2.0,1.0,0.0,3.0,29.08,0.0,4.0,0.0,7.0,2.0,3.04166666666667,0.0,1.0,0.0,0.0,89.0,0.63716814159292,1.0,0.0,2.0,0.7564751018284638,0.24352489817153625,5
1888,15,7.0,0.0,1.0,0.0,2.0,1.0,52.0,2.0,93.0,0.0,16.0,29.08,0.0,4.0,0.0,7.0,2.0,3.04166666666667,0.0,1.0,0.296296296296296,0.0,114.0,0.63716814159292,1.0,0.0,3.0,0.7720818266623926,0.2279181733376074,2
1888,16,7.0,0.0,1.0,0.0,2.0,1.0,52.0,2.0,93.0,0.0,3.0,29.08,0.0,4.0,0.0,7.0,2.0,3.04166666666667,0.0,1.0,0.296296296296296,0.0,114.0,0.63716814159292,1.0,0.0,3.0,0.83726071868707,0.16273928131293008,3
1888,17,7.0,0.0,1.0,0.0,2.0,1.0,52.0,2.0,93.0,0.0,3.0,29.08,0.0,4.0,0.0,7.0,2.0,3.04166666666667,0.0,1.0,0.296296296296296,0.0,114.0,0.63716814159292,1.0,0.0,0.0,0.8640438059145402,0.13595619408545978,4
1888,18,7.0,0.0,1.0,0.0,2.0,1.0,52.0,2.0,93.0,0.0,3.0,29.08,0.0,4.0,0.0,7.0,2.0,3.04166666666667,0.0,1.0,0.296296296296296,0.0,114.0,0.3,1.0,0.0,0.0,0.8820141541494548,0.1179858458505452,5
1888,19,7.0,0.0,1.0,0.0,2.0,1.0,52.0,2.0,93.0,0.0,0.0,29.08,0.0,4.0,0.0,7.0,2.0,3.04166666666667,0.0,1.0,0.296296296296296,0.0,114.0,0.3,1.0,0.0,0.0,0.8871032566080359,0.11289674339196414,5
1907,0,1.0,0.0,1.0,24.0,27.0,6.0,366.0,1.0,22.0,0.0,23.0,0.64,96.0,2.0,1.0,14.0,1.0,5.71739130434783,0.0,1.0,0.645833333333333,0.0,0.0,0.9,0.0,0.0,1.0,0.628491649079238,0.371508350920762,1
1907,1,1.0,0.0,1.0,24.0,27.0,6.0,93.111,1.0,22.0,0.0,23.0,0.64,96.0,2.0,1.0,14.0,1.0,5.71739130434783,0.0,1.0,0.645833333333333,0.0,0.0,0.656474820143885,0.0,0.0,1.0,0.5029884961962947,0.49701150380370535,1
1907,2,1.0,0.0,1.0,321.0,27.0,6.0,15.0,1.0,22.0,0.0,23.0,0.64,96.0,2.0,1.0,14.0,1.0,5.71739130434783,0.0,1.0,0.645833333333333,0.0,0.0,1.0,0.0,0.0,1.0,0.9840941067785639,0.01590589322143606,3
1907,3,1.0,0.0,1.0,321.0,27.0,9.0,15.0,1.0,22.0,0.0,23.0,0.64,96.0,2.0,1.0,14.0,1.0,5.71739130434783,0.0,1.0,0.645833333333333,0.0,0.0,1.0,0.0,0.0,1.0,0.9866554873892979,0.013344512610702151,4
1907,4,1.0,0.0,1.0,24.0,27.0,6.0,15.0,1.0,22.0,0.0,23.0,0.64,96.0,2.0,1.0,14.0,1.0,5.71739130434783,0.0,1.0,0.0,0.0,0.0,1.0,0.0,0.0,1.0,0.9846840395755811,0.015315960424418872,3
1907,5,1.0,0.0,1.0,321.0,27.0,6.0,15.0,1.0,22.0,0.0,23.0,0.64,96.0,2.0,1.0,14.0,1.0,5.71739130434783,0.0,1.0,0.0,0.0,0.0,1.0,0.0,0.0,1.0,0.9876015886668236,0.0123984113331764,4
1907,6,0.0,0.0,1.0,321.0,27.0,6.0,15.0,1.0,22.0,0.0,23.0,0.64,96.0,2.0,1.0,14.0,1.0,5.71739130434783,0.0,1.0,0.0,0.0,0.0,1.0,0.0,0.0,1.0,0.987948052361162,0.012051947638837997,5
1907,7,1.0,0.0,1.0,24.0,27.0,6.0,366.0,1.0,22.0,0.0,23.0,0.64,96.0,2.0,1.0,14.0,1.0,5.71739130434783,0.0,1.0,0.645833333333333,5.0,0.0,1.0,0.0,0.0,1.0,0.9142255587958981,0.08577444120410188,2
1907,8,1.0,0.0,1.0,24.0,27.0,6.0,366.0,1.0,22.0,0.0,23.0,0.31,96.0,2.0,1.0,14.0,1.0,5.71739130434783,0.0,1.0,0.645833333333333,5.0,0.0,0.656474820143885,0.0,0.0,1.0,0.5905044387538796,0.40949556124612035,2
1907,9,1.0,0.0,1.0,24.0,27.0,4.0,366.0,1.0,22.0,0.0,23.0,0.64,96.0,2.0,1.0,14.0,1.0,5.71739130434783,0.0,1.0,0.645833333333333,5.0,0.0,0.656474820143885,0.0,0.0,1.0,0.5502751994884876,0.4497248005115125,2
1907,10,1.0,0.0,1.0,24.0,27.0,6.0,366.0,1.0,22.0,0.0,5.0,0.64,96.0,2.0,1.0,14.0,1.0,5.71739130434783,0.0,1.0,0.645833333333333,0.0,0.0,0.656474820143885,0.0,0.0,1.0,0.5212774851534114,0.47872251484658856,1
1907,11,1.0,0.0,1.0,24.0,27.0,6.0,15.0,1.0,22.0,0.0,23.0,0.64,96.0,2.0,1.0,14.0,1.0,5.71739130434783,0.0,1.0,0.645833333333333,5.0,0.0,1.0,0.0,0.0,1.0,0.9868211687759827,0.013178831224017296,3
1907,12,1.0,0.0,1.0,321.0,27.0,6.0,15.0,1.0,22.0,0.0,23.0,0.64,96.0,2.0,1.0,14.0,1.0,5.71739130434783,0.0,1.0,0.645833333333333,5.0,0.0,1.0,0.0,0.0,1.0,0.989336023347753,0.010663976652247107,4
1907,13,1.0,0.0,1.0,321.0,27.0,9.0,15.0,1.0,22.0,0.0,23.0,0.64,96.0,2.0,1.0,14.0,1.0,5.71739130434783,0.0,1.0,0.645833333333333,5.0,0.0,1.0,0.0,0.0,1.0,0.9910609477585971,0.008939052241402918,5
1907,14,1.0,0.0,1.0,24.0,27.0,6.0,15.0,1.0,22.0,0.0,23.0,0.05,96.0,2.0,1.0,14.0,1.0,5.71739130434783,0.0,1.0,0.645833333333333,0.0,0.0,1.0,0.0,0.0,1.0,0.9887375460211788,0.011262453978821202,3
1907,15,1.0,0.0,1.0,24.0,27.0,6.0,15.0,1.0,22.0,0.0,23.0,0.05,96.0,2.0,1.0,14.0,1.0,5.71739130434783,0.0,1.0,0.0,0.0,0.0,1.0,0.0,0.0,1.0,0.9907218292016774,0.009278170798322563,4
1907,16,1.0,0.0,1.0,24.0,27.0,6.0,15.0,1.0,22.0,0.0,23.0,29.08,96.0,2.0,1.0,14.0,1.0,5.71739130434783,0.0,1.0,0.0,0.0,0.0,1.0,0.0,0.0,1.0,0.991081527556734,0.008918472443266079,4
1907,17,1.0,0.0,1.0,24.0,27.0,6.0,15.0,1.0,22.0,0.0,23.0,0.64,96.0,2.0,1.0,14.0,1.0,5.71739130434783,0.0,1.0,0.645833333333333,0.0,0.0,0.656474820143885,0.0,0.0,1.0,0.7545236737215025,0.24547632627849747,1
1907,18,1.0,0.0,1.0,24.0,27.0,6.0,15.0,1.0,22.0,3.0,23.0,0.64,96.0,2.0,1.0,14.0,1.0,5.71739130434783,0.0,1.0,0.645833333333333,0.0,0.0,0.656474820143885,0.0,0.0,1.0,0.8002877145648668,0.19971228543513322,2
1907,19,5.0,0.0,1.0,24.0,27.0,6.0,15.0,1.0,22.0,3.0,23.0,0.64,96.0,2.0,1.0,14.0,1.0,5.71739130434783,0.0,1.0,0.645833333333333,0.0,0.0,0.656474820143885,0.0,0.0,1.0,0.8309018345123051,0.16909816548769488,3
2476,0,2.0,0.0,1.0,0.0,9.0,5.0,109.0,8.0,0.0,0.0,14.0,0.74,0.0,1.0,0.0,1.0,2.0,3.1875,1.0,1.0,0.6,0.0,0.0,0.8,0.0,0.0,0.0,0.5166703417935713,0.4833296582064287,1
2476,1,2.0,0.0,1.0,0.0,9.0,5.0,93.111,8.0,0.0,0.0,14.0,0.74,0.0,1.0,0.0,1.0,2.0,3.1875,1.0,1.0,0.6,0.0,0.0,0.695804195804196,0.0,0.0,0.0,0.5180719869078676,0.4819280130921324,1
2476,2,2.0,0.0,1.0,0.0,9.0,5.0,15.0,8.0,0.0,0.0,14.0,29.08,0.0,1.0,0.0,1.0,2.0,3.1875,1.0,1.0,0.6,0.0,0.0,1.0,0.0,0.0,0.0,0.9788186504185612,0.021181349581438833,3
2476,3,2.0,0.0,1.0,0.0,9.0,5.0,109.0,8.0,0.0,0.0,14.0,0.74,0.0,1.0,0.0,1.0,2.0,3.9,1.0,1.0,0.6,0.0,0.0,0.695804195804196,0.0,0.0,0.0,0.5321099334207373,0.46789006657926274,1
2476,4,2.0,0.0,1.0,0.0,9.0,5.0,109.0,8.0,0.0,0.0,14.0,0.74,0.0,1.0,0.0,1.0,2.0,3.1875,2.0,1.0,0.6,0.0,0.0,0.695804195804196,0.0,0.0,0.0,0.5244335698903645,0.4755664301096355,1
2476,5,2.0,0.0,1.0,0.0,9.0,5.0,25.0,8.0,0.0,0.0,14.0,29.08,0.0,1.0,0.0,1.0,2.0,337.0,337.0,1.0,0.6,0.0,0.0,1.0,0.0,0.0,0.0,0.9914082960365067,0.008591703963493322,5
2476,6,2.0,0.0,1.0,0.0,9.0,5.0,109.0,8.0,0.0,0.0,14.0,0.83,0.0,1.0,0.0,1.0,2.0,3.1875,1.0,1.0,0.6,0.0,0.0,0.695804195804196,0.0,0.0,0.0,0.5102576972980455,0.48974230270195457,1
2476,7,2.0,0.0,1.0,0.0,9.0,5.0,109.0,8.0,0.0,0.0,14.0,29.08,0.0,1.0,0.0,1.0,2.0,3.1875,337.0,1.0,0.6,0.0,0.0,1.0,0.0,0.0,0.0,0.9574242210610624,0.04257577893893766,3
2476,8,2.0,0.0,1.0,0.0,9.0,5.0,109.0,8.0,0.0,1.0,14.0,29.08,0.0,1.0,0.0,1.0,2.0,3.1875,337.0,1.0,0.6,0.0,0.0,1.0,0.0,0.0,0.0,0.9630163373211307,0.03698366267886935,4
2476,9,2.0,0.0,1.0,0.0,9.0,5.0,109.0,8.0,0.0,1.0,14.0,29.08,0.0,1.0,0.0,1.0,2.0,3.1875,337.0,2.0,0.6,0.0,0.0,1.0,0.0,0.0,0.0,0.9675559985531094,0.03244400144689063,5
2476,10,2.0,0.0,1.0,0.0,9.0,5.0,109.0,8.0,0.0,0.0,14.0,0.74,50.0,1.0,0.0,1.0,2.0,3.1875,1.0,1.0,0.6,0.0,0.0,0.695804195804196,0.0,0.0,0.0,0.54466944263186,0.45533055736814,1
2476,11,2.0,0.0,1.0,0.0,9.0,5.0,109.0,8.0,0.0,0.0,14.0,0.74,66.0,1.0,0.0,1.0,2.0,3.1875,1.0,1.0,5.2,0.0,0.0,1.0,0.0,0.0,0.0,0.9497659663274229,0.05023403367257701,3
2476,12,2.0,0.0,1.0,0.0,9.0,5.0,109.0,8.0,0.0,0.0,14.0,0.74,66.0,1.0,0.0,1.0,2.0,0.0,1.0,1.0,5.2,0.0,0.0,1.0,0.0,0.0,0.0,0.9537897672266912,0.04621023277330883,4
2476,13,2.0,0.0,1.0,0.0,9.0,5.0,109.0,8.0,0.0,0.0,14.0,29.08,0.0,1.0,0.0,1.0,2.0,0.0,1.0,1.0,0.6,0.0,0.0,1.0,0.0,0.0,0.0,0.9515993740128647,0.048400625987135314,3
2476,14,2.0,0.0,1.0,0.0,9.0,5.0,109.0,8.0,0.0,0.0,14.0,29.08,0.0,1.0,0.0,1.0,2.0,0.0,1.0,1.0,0.8,0.0,0.0,1.0,0.0,0.0,0.0,0.9633559617584858,0.036644038241514146,4
2476,15,2.0,0.0,1.0,1.0,9.0,5.0,109.0,8.0,0.0,0.0,14.0,29.08,0.0,1.0,0.0,1.0,2.0,0.0,1.0,1.0,0.8,0.0,0.0,1.0,0.0,0.0,0.0,0.9641002233174055,0.035899776682594475,5
2476,16,2.0,0.0,1.0,0.0,9.0,5.0,15.0,8.0,0.0,0.0,14.0,0.74,0.0,1.0,0.0,1.0,2.0,3.1875,1.0,1.0,0.6,0.0,0.0,0.695804195804196,0.0,0.0,0.0,0.7557283813072266,0.2442716186927734,1
2476,17,2.0,0.0,1.0,0.0,9.0,5.0,15.0,8.0,0.0,0.0,14.0,0.74,0.0,1.0,0.0,1.0,2.0,337.0,1.0,1.0,0.6,0.0,0.0,0.695804195804196,0.0,0.0,0.0,0.8796358412747481,0.12036415872525186,2
2476,18,2.0,0.0,1.0,0.0,9.0,5.0,15.0,8.0,0.0,0.0,14.0,0.74,0.0,1.0,0.0,1.0,2.0,337.0,1.0,1.0,0.0,0.0,0.0,0.695804195804196,0.0,0.0,0.0,0.9113513721026117,0.08864862789738821,3
2476,19,2.0,0.0,1.0,0.0,9.0,5.0,15.0,8.0,0.0,0.0,14.0,0.74,0.0,1.0,1.0,1.0,2.0,337.0,1.0,1.0,0.0,0.0,0.0,0.695804195804196,0.0,0.0,0.0,0.9249898076095171,0.07501019239048295,4
1948,0,3.0,0.0,1.0,0.0,23.0,9.0,25.0,2.0,4.0,2.0,54.0,0.98,96.0,3.0,254.0,18.0,2.0,78.4918032786885,0.0,0.0,0.753846153846154,0.0,16.0,1.0,1.0,0.0,9.0,0.5163481523633804,0.4836518476366196,3
1948,1,3.0,0.0,1.0,0.0,23.0,9.0,15.0,2.0,4.0,2.0,54.0,0.98,96.0,3.0,254.0,18.0,2.0,78.4918032786885,0.0,0.0,0.753846153846154,0.0,2.0,1.0,0.0,0.0,9.0,0.7607843489015197,0.23921565109848034,4
1948,2,3.0,0.0,1.0,0.0,23.0,9.0,15.0,2.0,4.0,2.0,54.0,29.08,96.0,3.0,254.0,18.0,2.0,78.4918032786885,0.0,0.0,0.753846153846154,0.0,2.0,1.0,0.0,0.0,9.0,0.8163238031835237,0.18367619681647632,5
1948,3,3.0,0.0,1.0,0.0,23.0,9.0,71.0,2.0,4.0,2.0,54.0,29.08,96.0,3.0,254.0,18.0,2.0,78.4918032786885,0.0,0.0,0.753846153846154,0.0,0.0,0.53230543318649,0.0,0.0,9.0,0.5018274127623729,0.49817258723762714,4
1948,4,3.0,0.0,1.0,0.0,23.0,9.0,25.0,2.0,4.0,2.0,54.0,29.08,96.0,3.0,254.0,18.0,2.0,78.4918032786885,0.0,0.0,0.753846153846154,0.0,0.0,1.0,0.0,0.0,9.0,0.8554561340844908,0.14454386591550922,5
1948,5,3.0,0.0,1.0,0.0,23.0,9.0,93.111,2.0,4.0,2.0,54.0,29.08,96.0,3.0,254.0,18.0,2.0,78.4918032786885,0.0,0.0,0.753846153846154,0.0,61.0,1.0,1.0,0.0,9.0,0.5451730630931422,0.4548269369068579,3
1948,6,3.0,0.0,1.0,7.0,23.0,9.0,15.0,2.0,4.0,2.0,54.0,29.08,96.0,3.0,254.0,18.0,2.0,78.4918032786885,0.0,0.0,0.753846153846154,0.0,61.0,1.0,1.0,0.0,9.0,0.7223780285508652,0.27762197144913486,4
1948,7,3.0,0.0,1.0,7.0,23.0,9.0,25.0,2.0,4.0,2.0,54.0,29.08,96.0,3.0,254.0,18.0,2.0,78.4918032786885,0.0,0.0,0.753846153846154,0.0,61.0,1.0,1.0,0.0,9.0,0.7327677942520179,0.26723220574798207,4
1948,8,3.0,0.0,1.0,0.0,23.0,9.0,193.556,2.0,4.0,2.0,54.0,0.98,96.0,3.0,254.0,18.0,2.0,78.4918032786885,0.0,0.0,0.753846153846154,0.0,61.0,1.0,1.0,0.0,0.0,0.5022709197621975,0.4977290802378025,3
1948,9,3.0,0.0,1.0,0.0,23.0,9.0,15.0,2.0,4.0,2.0,54.0,0.98,96.0,3.0,254.0,18.0,2.0,78.4918032786885,0.0,0.0,0.753846153846154,0.0,0.0,1.0,1.0,0.0,0.0,0.9314517403126716,0.06854825968732833,4
1948,10,3.0,0.0,1.0,0.0,23.0,9.0,52.0,2.0,4.0,2.0,54.0,0.98,96.0,3.0,2.0,18.0,2.0,78.4918032786885,0.0,0.0,0.753846153846154,0.0,61.0,1.0,1.0,0.0,9.0,0.5216115461345416,0.4783884538654583,3
1948,11,3.0,0.0,1.0,0.0,23.0,9.0,15.0,2.0,4.0,2.0,54.0,0.98,96.0,3.0,1.0,18.0,2.0,78.4918032786885,0.0,0.0,0.753846153846154,0.0,0.0,1.0,1.0,0.0,1.0,0.9475650037650872,0.05243499623491276,5
1948,12,3.0,0.0,1.0,0.0,23.0,9.0,15.0,2.0,4.0,2.0,54.0,29.08,96.0,3.0,254.0,18.0,2.0,78.4918032786885,0.0,0.0,0.753846153846154,0.0,2.0,1.0,1.0,0.0,9.0,0.756701084321957,0.2432989156780429,4
1948,13,3.0,0.0,1.0,0.0,23.0,9.0,25.0,2.0,4.0,2.0,54.0,29.08,96.0,3.0,254.0,18.0,2.0,78.4918032786885,0.0,0.0,0.753846153846154,0.0,2.0,1.0,1.0,0.0,9.0,0.7662220359286138,0.23377796407138618,4
1948,14,3.0,0.0,1.0,1.0,23.0,9.0,620.0,2.0,4.0,2.0,54.0,29.08,96.0,1.0,254.0,18.0,2.0,78.4918032786885,0.0,0.0,0.753846153846154,0.0,61.0,1.0,1.0,0.0,9.0,0.5095941290313586,0.49040587096864136,4
1948,15,2.0,0.0,1.0,0.0,23.0,9.0,52.0,2.0,4.0,2.0,54.0,0.98,96.0,3.0,254.0,18.0,2.0,78.4918032786885,0.0,0.0,0.753846153846154,0.0,61.0,1.0,1.0,0.0,9.0,0.5140729898858172,0.48592701011418277,3
1948,16,3.0,0.0,1.0,0.0,23.0,9.0,25.0,2.0,4.0,2.0,25.0,0.98,96.0,3.0,254.0,18.0,2.0,78.4918032786885,0.0,0.0,0.753846153846154,0.0,61.0,1.0,1.0,0.0,9.0,0.5237469866963007,0.47625301330369935,3
1948,17,0.0,0.0,1.0,0.0,23.0,9.0,15.0,2.0,4.0,2.0,13.0,0.98,96.0,3.0,254.0,18.0,2.0,78.4918032786885,0.0,0.0,0.753846153846154,0.0,61.0,1.0,0.8,0.0,9.0,0.7362602036381307,0.2637397963618693,5
1948,18,3.0,0.0,1.0,0.0,23.0,9.0,15.0,2.0,4.0,2.0,54.0,0.98,96.0,3.0,254.0,18.0,2.0,78.4918032786885,0.0,0.0,0.753846153846154,0.0,0.0,1.0,0.0,0.0,9.0,0.8048242340710068,0.1951757659289932,4
1948,19,3.0,0.0,1.0,0.0,62.0,9.0,15.0,2.0,4.0,2.0,54.0,0.98,96.0,3.0,254.0,18.0,2.0,78.4918032786885,0.0,0.0,0.753846153846154,0.0,0.0,1.0,0.0,0.0,9.0,0.83088832969619,0.16911167030381005,5
1950,0,1.0,0.0,1.0,1.0,18.0,5.0,202.0,8.0,5.0,0.0,27.0,0.62,80.0,2.0,44.0,4.0,2.0,39.8484848484849,0.0,1.0,0.547619047619048,0.0,11.0,1.0,0.5,0.0,2.0,0.6529123410069334,0.3470876589930666,1
1950,1,1.0,0.0,1.0,1.0,18.0,5.0,202.0,8.0,5.0,0.0,27.0,0.62,80.0,2.0,44.0,4.0,2.0,39.8484848484849,0.0,1.0,0.547619047619048,0.0,11.0,1.0,1.0,0.0,2.0,0.8399753492672868,0.16002465073271321,2
1950,2,1.0,0.0,1.0,1.0,18.0,5.0,202.0,8.0,5.0,0.0,27.0,0.62,50.0,2.0,44.0,4.0,2.0,39.8484848484849,0.0,1.0,0.547619047619048,0.0,11.0,1.0,1.0,0.0,2.0,0.8985993109679471,0.10140068903205292,3
1950,3,1.0,0.0,1.0,1.0,18.0,5.0,202.0,8.0,5.0,0.0,27.0,0.62,50.0,2.0,44.0,4.0,2.0,39.8484848484849,0.0,1.0,0.0,0.0,11.0,1.0,1.0,0.0,2.0,0.9208781595693176,0.0791218404306824,4
1950,4,1.0,0.0,1.0,1.0,18.0,5.0,202.0,8.0,5.0,0.0,27.0,0.62,80.0,2.0,44.0,4.0,2.0,39.8484848484849,0.0,1.0,0.547619047619048,0.0,0.0,1.0,0.5,0.0,2.0,0.8286820465453982,0.1713179534546018,2
1950,5,1.0,0.0,1.0,1.0,18.0,5.0,202.0,8.0,5.0,0.0,27.0,0.62,50.0,2.0,44.0,4.0,2.0,39.8484848484849,0.0,1.0,0.547619047619048,0.0,0.0,1.0,0.5,0.0,2.0,0.9107772255164359,0.08922277448356407,3
1950,6,1.0,0.0,1.0,1.0,18.0,5.0,202.0,8.0,5.0,0.0,27.0,0.62,50.0,2.0,44.0,4.0,2.0,39.8484848484849,0.0,1.0,0.547619047619048,5.0,0.0,1.0,0.5,0.0,2.0,0.9316617472463724,0.06833825275362765,4
1950,7,1.0,0.0,1.0,1.0,18.0,5.0,202.0,8.0,5.0,0.0,27.0,0.62,50.0,2.0,44.0,4.0,2.0,39.8484848484849,0.0,1.0,0.0,5.0,0.0,1.0,0.5,0.0,2.0,0.9406564737659052,0.059343526234094786,5
1950,8,1.0,0.0,1.0,1.0,18.0,5.0,202.0,8.0,5.0,0.0,27.0,0.62,80.0,2.0,44.0,4.0,2.0,39.8484848484849,337.0,1.0,0.547619047619048,0.0,11.0,1.0,0.5,0.0,2.0,0.7751359722903856,0.22486402770961447,2
1950,9,1.0,0.0,1.0,1.0,18.0,13.0,202.0,8.0,5.0,0.0,27.0,0.62,80.0,2.0,44.0,4.0,2.0,39.8484848484849,337.0,1.0,0.547619047619048,0.0,11.0,1.0,0.5,0.0,2.0,0.8252191259506623,0.17478087404933776,3
1950,10,1.0,0.0,1.0,1.0,18.0,13.0,202.0,8.0,5.0,0.0,27.0,0.62,80.0,2.0,44.0,4.0,2.0,39.8484848484849,337.0,1.0,0.0,0.0,11.0,1.0,0.5,0.0,2.0,0.853780243595266,0.14621975640473395,4
1950,11,1.0,0.0,1.0,1.0,18.0,5.0,202.0,8.0,5.0,0.0,27.0,29.08,50.0,2.0,44.0,4.0,2.0,39.8484848484849,0.0,1.0,0.547619047619048,0.0,11.0,1.0,1.0,0.0,2.0,0.9277849869238807,0.0722150130761193,4
1950,12,1.0,0.0,1.0,1.0,18.0,5.0,202.0,8.0,5.0,0.0,27.0,29.08,50.0,2.0,44.0,4.0,2.0,39.8484848484849,0.0,1.0,0.0,0.0,11.0,1.0,1.0,0.0,2.0,0.9487609615700723,0.05123903842992768,5
1950,13,1.0,0.0,1.0,1.0,18.0,5.0,202.0,8.0,5.0,0.0,27.0,0.62,50.0,2.0,44.0,4.0,2.0,39.8484848484849,337.0,1.0,0.547619047619048,0.0,11.0,1.0,0.5,0.0,2.0,0.845541598717909,0.15445840128209096,3
1950,14,1.0,0.0,1.0,1.0,62.0,5.0,202.0,8.0,5.0,0.0,27.0,0.62,50.0,2.0,44.0,4.0,2.0,39.8484848484849,337.0,1.0,0.547619047619048,0.0,11.0,1.0,0.5,0.0,2.0,0.8762353852053406,0.12376461479465939,4
1950,15,1.0,0.0,1.0,1.0,62.0,5.0,202.0,8.0,5.0,0.0,27.0,0.62,50.0,2.0,44.0,4.0,2.0,39.8484848484849,2.0,1.0,0.547619047619048,0.0,11.0,1.0,0.5,0.0,2.0,0.8835149456616743,0.11648505433832564,4
1950,16,1.0,0.0,1.0,1.0,18.0,5.0,202.0,8.0,5.0,0.0,27.0,0.62,0.0,2.0,44.0,4.0,2.0,39.8484848484849,0.0,1.0,0.0,0.0,11.0,0.227655986509275,0.5,0.0,2.0,0.5497153376640542,0.45028466233594583,2
1950,17,1.0,0.0,1.0,1.0,0.0,5.0,202.0,8.0,5.0,0.0,27.0,0.62,0.0,2.0,44.0,4.0,2.0,39.8484848484849,0.0,1.0,0.547619047619048,0.0,11.0,0.227655986509275,0.5,0.0,2.0,0.5131582507886027,0.48684174921139733,2
1950,18,1.0,0.0,1.0,1.0,0.0,5.0,202.0,8.0,5.0,0.0,27.0,0.62,0.0,2.0,44.0,4.0,2.0,39.8484848484849,0.0,25.0,0.0,0.0,11.0,0.227655986509275,0.5,0.0,2.0,0.7252903671369131,0.27470963286308686,4
1950,19,1.0,0.0,1.0,1.0,18.0,5.0,202.0,8.0,5.0,0.0,27.0,0.62,80.0,0.0,44.0,4.0,2.0,39.8484848484849,0.0,1.0,0.547619047619048,0.0,11.0,1.0,0.5,0.0,2.0,0.7820958515261645,0.21790414847383555,2
1960,0,2.0,0.0,1.0,0.0,6.0,10.0,148.0,2.0,3.0,3.0,7.0,0.83,72.0,1.0,3.0,9.0,2.0,8.0,0.0,0.0,1.06666666666667,0.0,0.0,0.802777777777778,0.0,0.0,1.0,0.5948914576454103,0.40510854235458965,1
1960,1,2.0,0.0,1.0,0.0,6.0,10.0,148.0,2.0,3.0,3.0,7.0,0.83,72.0,0.0,3.0,9.0,2.0,8.0,0.0,0.0,1.06666666666667,0.0,0.0,1.0,0.0,0.0,1.0,0.8732969380915977,0.1267030619084023,2
1960,2,2.0,0.0,1.0,0.0,6.0,10.0,25.0,2.0,3.0,3.0,7.0,0.83,72.0,4.0,3.0,9.0,2.0,8.0,0.0,0.0,1.06666666666667,0.0,0.0,0.802777777777778,0.0,0.0,1.0,0.5140797563413033,0.4859202436586966,1
1960,3,2.0,0.0,1.0,0.0,6.0,0.0,15.0,2.0,3.0,3.0,7.0,0.83,72.0,0.0,3.0,9.0,2.0,8.0,0.0,0.0,1.06666666666667,0.0,0.0,1.0,0.0,0.0,1.0,0.9535611214433874,0.046438878556612544,4
1960,4,2.0,0.0,1.0,0.0,6.0,0.0,15.0,2.0,3.0,3.0,7.0,0.83,72.0,0.0,3.0,9.0,2.0,8.0,0.0,0.0,0.6,0.0,0.0,1.0,0.0,0.0,1.0,0.9616077421989149,0.03839225780108516,5
1960,5,2.0,0.0,1.0,0.0,6.0,10.0,148.0,2.0,3.0,3.0,7.0,0.83,72.0,4.0,3.0,9.0,2.0,8.0,0.0,0.0,1.06666666666667,0.0,0.0,0.9,0.0,0.0,1.0,0.5286688444536056,0.4713311555463944,1
1960,6,2.0,0.0,1.0,0.0,6.0,10.0,148.0,2.0,3.0,3.0,7.0,0.83,72.0,4.0,3.0,9.0,2.0,8.0,0.0,0.0,0.0,0.0,0.0,0.802777777777778,0.0,0.0,1.0,0.5655731824227013,0.43442681757729873,1
1960,7,2.0,0.0,1.0,0.0,6.0,4.0,148.0,2.0,3.0,3.0,7.0,0.83,72.0,4.0,3.0,9.0,2.0,8.0,0.0,0.0,0.0,0.0,0.0,1.0,0.0,0.0,1.0,0.8471549485748394,0.1528450514251606,3
1960,8,2.0,0.0,1.0,0.0,6.0,4.0,148.0,2.0,3.0,3.0,7.0,0.83,72.0,4.0,3.0,9.0,2.0,8.0,0.0,0.0,0.0,0.0,0.0,1.0,0.0,0.0,0.0,0.8840158781773003,0.11598412182269964,4
1960,9,2.0,0.0,1.0,0.0,6.0,2.0,148.0,2.0,3.0,3.0,7.0,0.83,72.0,0.0,3.0,9.0,2.0,8.0,0.0,0.0,1.06666666666667,0.0,0.0,0.802777777777778,0.0,0.0,1.0,0.7496750921139899,0.2503249078860101,2
1960,10,2.0,0.0,1.0,0.0,6.0,2.0,148.0,2.0,3.0,3.0,7.0,0.83,72.0,0.0,3.0,9.0,6.0,8.0,0.0,0.0,1.06666666666667,0.0,0.0,0.802777777777778,0.0,0.0,1.0,0.8259489167242579,0.17405108327574217,3
1960,11,2.0,0.0,1.0,0.0,6.0,7.0,52.0,2.0,3.0,3.0,7.0,0.83,72.0,4.0,3.0,9.0,2.0,8.0,0.0,0.0,1.06666666666667,0.0,0.0,0.802777777777778,0.0,0.0,1.0,0.5124314664124174,0.4875685335875826,2
1960,12,2.0,0.0,1.0,0.0,6.0,0.0,52.0,2.0,3.0,3.0,7.0,0.83,72.0,0.0,3.0,9.0,6.0,8.0,0.0,0.0,1.06666666666667,0.0,0.0,0.802777777777778,0.0,0.0,1.0,0.8710842106658447,0.12891578933415526,4
1960,13,2.0,0.0,1.0,321.0,6.0,10.0,52.0,2.0,3.0,3.0,7.0,0.83,72.0,4.0,3.0,9.0,2.0,8.0,0.0,0.0,1.06666666666667,0.0,0.0,0.802777777777778,0.0,0.0,1.0,0.5273443670479954,0.4726556329520046,2
1960,14,2.0,0.0,1.0,321.0,6.0,0.0,52.0,2.0,3.0,3.0,7.0,0.83,72.0,2.0,3.0,9.0,6.0,8.0,0.0,0.0,1.06666666666667,0.0,0.0,0.802777777777778,0.0,0.0,1.0,0.8865010365826684,0.11349896341733154,5
1960,15,2.0,0.0,1.0,0.0,6.0,10.0,148.0,2.0,3.0,3.0,7.0,0.83,72.0,0.0,3.0,9.0,2.0,8.0,0.0,0.0,0.0,0.0,0.0,0.802777777777778,0.0,0.0,1.0,0.7801567484025665,0.21984325159743345,2
1960,16,2.0,0.0,1.0,0.0,6.0,2.0,148.0,2.0,3.0,3.0,7.0,0.83,72.0,0.0,3.0,9.0,2.0,8.0,0.0,0.0,0.0,0.0,0.0,0.802777777777778,0.0,0.0,1.0,0.875427107366773,0.12457289263322696,3
1960,17,2.0,0.0,1.0,0.0,6.0,2.0,52.0,2.0,3.0,3.0,7.0,0.83,72.0,0.0,3.0,9.0,2.0,8.0,0.0,0.0,0.0,0.0,0.0,0.802777777777778,0.0,0.0,1.0,0.8938492277427291,0.10615077225727089,4
1960,18,2.0,0.0,1.0,0.0,62.0,2.0,52.0,2.0,3.0,3.0,7.0,0.83,72.0,0.0,3.0,9.0,2.0,8.0,0.0,0.0,0.0,0.0,0.0,0.802777777777778,0.0,0.0,1.0,0.8974622092692736,0.10253779073072646,5
1960,19,2.0,0.0,1.0,0.0,62.0,2.0,52.0,2.0,3.0,3.0,7.0,0.83,72.0,2.0,3.0,9.0,2.0,8.0,0.0,0.0,0.0,0.0,0.0,0.802777777777778,0.0,0.0,1.0,0.9088569177107509,0.09114308228924907,5
1968,0,6.0,1.0,1.0,7.0,39.0,12.0,572.0,2.0,0.0,0.0,34.0,0.82,96.0,1.0,0.0,12.0,1.0,23.0,0.0,1.0,1.34090909090909,0.0,1.0,1.0,0.0,0.0,9.0,0.6393610701479954,0.36063892985200463,2
1968,1,6.0,1.0,1.0,7.0,39.0,12.0,572.0,2.0,0.0,0.0,34.0,0.82,96.0,1.0,0.0,12.0,1.0,23.0,0.0,1.0,1.34090909090909,0.0,1.0,0.617521367521368,0.0,0.0,2.0,0.5668791906233482,0.43312080937665176,2
1968,2,6.0,1.0,1.0,7.0,39.0,12.0,572.0,2.0,0.0,0.0,34.0,0.82,96.0,1.0,0.0,12.0,1.0,8.1,0.0,1.0,1.34090909090909,0.0,1.0,1.0,0.0,0.0,2.0,0.9197513833164757,0.08024861668352436,4
1968,3,6.0,1.0,1.0,7.0,39.0,12.0,3419.0,2.0,0.0,0.0,34.0,0.82,96.0,1.0,0.0,12.0,1.0,8.1,0.0,1.0,1.34090909090909,0.0,1.0,1.0,0.0,0.0,2.0,0.9212970813655319,0.07870291863446814,5
1968,4,6.0,1.0,1.0,7.0,39.0,12.0,572.0,2.0,0.0,0.0,34.0,0.82,96.0,1.0,0.0,12.0,1.0,8.1,0.0,1.0,1.34090909090909,0.0,1.0,0.617521367521368,0.0,0.0,2.0,0.6937463039413245,0.30625369605867553,3
1968,5,6.0,1.0,2.0,7.0,39.0,12.0,572.0,2.0,0.0,0.0,34.0,0.82,96.0,1.0,0.0,12.0,1.0,8.1,0.0,1.0,1.34090909090909,0.0,1.0,0.617521367521368,0.0,0.0,2.0,0.7300299765402172,0.26997002345978277,4
1968,6,6.0,1.0,2.0,7.0,39.0,395.0,572.0,2.0,0.0,0.0,34.0,0.82,96.0,1.0,0.0,12.0,1.0,8.1,0.0,1.0,1.34090909090909,0.0,1.0,0.617521367521368,0.0,0.0,2.0,0.757610399378915,0.2423896006210851,5
1968,7,6.0,1.0,1.0,7.0,39.0,12.0,37.0,2.0,0.0,0.0,34.0,0.82,96.0,1.0,0.0,12.0,1.0,23.0,0.0,1.0,5.2,0.0,1.0,0.617521367521368,0.0,0.0,9.0,0.5029789639028979,0.4970210360971021,3
1968,8,6.0,1.0,1.0,7.0,39.0,12.0,25.0,2.0,0.0,0.0,34.0,0.82,96.0,1.0,0.0,12.0,1.0,8.1,0.0,1.0,1.34090909090909,0.0,1.0,0.617521367521368,0.0,0.0,9.0,0.5303454880195734,0.4696545119804266,3
1968,9,6.0,1.0,1.0,7.0,39.0,12.0,572.0,2.0,0.0,0.0,3.0,0.82,96.0,1.0,0.0,12.0,1.0,23.0,0.0,1.0,1.34090909090909,0.0,1.0,0.617521367521368,0.0,0.0,2.0,0.7126082123504626,0.28739178764953743,3
1968,10,6.0,1.0,1.0,7.0,39.0,12.0,572.0,2.0,0.0,0.0,7.0,0.82,96.0,1.0,0.0,12.0,1.0,8.1,0.0,1.0,1.34090909090909,0.0,1.0,0.617521367521368,1.0,0.0,2.0,0.5409920498813863,0.4590079501186137,3
1968,11,6.0,1.0,1.0,7.0,39.0,12.0,193.556,2.0,0.0,0.0,3.0,0.82,96.0,1.0,0.0,12.0,1.0,8.1,0.0,1.0,1.34090909090909,0.0,1.0,0.617521367521368,0.0,0.0,2.0,0.8162863195848947,0.1837136804151053,5
1968,12,6.0,1.0,1.0,7.0,39.0,12.0,193.556,2.0,0.0,0.0,34.0,0.82,96.0,1.0,0.0,12.0,1.0,6.0,0.0,1.0,1.34090909090909,0.0,1.0,0.617521367521368,1.0,0.0,2.0,0.5087761397705128,0.49122386022948716,3
1968,13,6.0,1.0,1.0,7.0,39.0,12.0,25.0,2.0,0.0,0.0,34.0,0.82,96.0,1.0,0.0,12.0,1.0,3.9,0.0,1.0,1.34090909090909,0.0,1.0,0.617521367521368,1.0,0.0,9.0,0.5012652547867849,0.4987347452132152,2
1968,14,6.0,1.0,1.0,7.0,39.0,12.0,15.0,2.0,0.0,0.0,3.0,0.82,96.0,1.0,0.0,12.0,1.0,0.0,0.0,1.0,1.34090909090909,0.0,1.0,0.617521367521368,0.0,0.0,0.0,0.8619497150462225,0.13805028495377744,5
1968,15,6.0,1.0,1.0,7.0,39.0,12.0,15.0,2.0,0.0,0.0,1.0,0.82,96.0,1.0,0.0,12.0,1.0,0.0,0.0,1.0,1.34090909090909,0.0,1.0,0.617521367521368,0.0,0.0,0.0,0.8746156260836037,0.1253843739163963,5
1968,16,6.0,1.0,1.0,7.0,39.0,12.0,572.0,2.0,0.0,0.0,34.0,0.82,96.0,1.0,0.0,12.0,1.0,3.9,0.0,1.0,1.34090909090909,0.0,1.0,1.0,1.0,0.0,9.0,0.5442508469721932,0.4557491530278069,2
1968,17,6.0,1.0,1.0,7.0,39.0,12.0,15.0,2.0,0.0,0.0,34.0,0.82,96.0,1.0,0.0,12.0,1.0,3.9,0.0,1.0,1.34090909090909,0.0,1.0,1.0,1.0,0.0,9.0,0.7632399308126623,0.23676006918733775,3
1968,18,6.0,1.0,1.0,7.0,39.0,12.0,15.0,2.0,0.0,0.0,34.0,0.82,96.0,1.0,0.0,12.0,1.0,3.9,0.0,1.0,1.8,0.0,1.0,1.0,1.0,0.0,9.0,0.7931348845710638,0.20686511542893615,4
1973,0,5.0,0.0,2.0,4.0,11.0,6.0,187.0,4.0,2.0,9.0,16.0,0.51,85.0,3.0,0.0,4.0,2.0,3.73913043478261,0.0,1.0,1.0,0.0,0.0,1.0,0.0,0.0,3.0,0.6031458899500453,0.39685411004995474,1
1973,1,5.0,0.0,2.0,4.0,11.0,6.0,187.0,4.0,2.0,9.0,16.0,0.51,85.0,3.0,0.0,4.0,2.0,3.73913043478261,0.0,1.0,5.2,0.0,0.0,1.0,0.0,0.0,3.0,0.7533476226864789,0.24665237731352108,2
1973,2,5.0,0.0,2.0,4.0,11.0,6.0,37.0,4.0,2.0,9.0,16.0,0.51,85.0,3.0,0.0,4.0,2.0,3.73913043478261,0.0,1.0,1.0,0.0,0.0,0.465189873417722,0.0,0.0,3.0,0.5152575151198961,0.4847424848801038,1
1973,3,5.0,0.0,2.0,4.0,11.0,6.0,15.0,4.0,2.0,9.0,205.0,0.51,85.0,3.0,0.0,4.0,2.0,3.73913043478261,0.0,1.0,5.2,0.0,0.0,1.0,0.0,0.0,3.0,0.8980706457648375,0.10192935423516242,4
1973,4,5.0,0.0,2.0,7.0,11.0,6.0,15.0,4.0,2.0,9.0,205.0,0.51,85.0,3.0,0.0,4.0,2.0,3.73913043478261,0.0,1.0,5.2,0.0,0.0,1.0,0.0,0.0,3.0,0.9244900207840848,0.07550997921591517,5
1973,5,5.0,0.0,2.0,321.0,11.0,6.0,187.0,4.0,2.0,9.0,16.0,0.51,85.0,3.0,0.0,4.0,2.0,3.73913043478261,0.0,1.0,1.0,0.0,0.0,1.0,0.0,0.0,3.0,0.7422954328553406,0.2577045671446594,2
1973,6,5.0,0.0,2.0,321.0,11.0,6.0,187.0,4.0,2.0,9.0,205.0,0.51,85.0,3.0,0.0,4.0,2.0,3.73913043478261,0.0,1.0,1.0,0.0,0.0,1.0,0.0,0.0,3.0,0.8029147992503741,0.1970852007496259,3
1973,7,5.0,0.0,2.0,321.0,11.0,6.0,187.0,4.0,2.0,5.0,205.0,0.51,85.0,3.0,0.0,4.0,2.0,3.73913043478261,0.0,1.0,1.0,0.0,0.0,1.0,0.0,0.0,3.0,0.8130434763336658,0.18695652366633414,4
1973,8,5.0,0.0,2.0,321.0,11.0,6.0,187.0,4.0,2.0,5.0,16.0,0.51,85.0,3.0,0.0,4.0,1.0,3.73913043478261,0.0,1.0,1.0,0.0,0.0,0.465189873417722,0.0,0.0,3.0,0.5016882568238763,0.49831174317612376,3
1973,9,5.0,0.0,2.0,321.0,11.0,6.0,187.0,4.0,2.0,1.0,205.0,0.51,85.0,3.0,0.0,4.0,1.0,3.73913043478261,0.0,1.0,1.0,0.0,0.0,1.0,0.0,0.0,3.0,0.8371997620301908,0.1628002379698092,5
1973,10,5.0,0.0,2.0,321.0,11.0,6.0,187.0,4.0,2.0,9.0,16.0,0.51,85.0,3.0,0.0,4.0,2.0,3.73913043478261,0.0,1.0,1.3,0.0,0.0,0.465189873417722,0.0,0.0,3.0,0.5193958016771307,0.48060419832286927,2
1973,11,5.0,0.0,2.0,321.0,11.0,6.0,187.0,4.0,2.0,9.0,205.0,0.51,85.0,3.0,0.0,4.0,2.0,3.73913043478261,0.0,1.0,5.2,0.0,0.0,1.0,0.0,0.0,3.0,0.8911526125335155,0.10884738746648447,4
1973,12,5.0,0.0,2.0,4.0,11.0,6.0,15.0,4.0,2.0,9.0,16.0,0.51,85.0,3.0,0.0,4.0,2.0,3.73913043478261,0.0,1.0,1.0,0.0,0.0,0.465189873417722,0.0,0.0,3.0,0.5779448944568681,0.4220551055431319,1
1973,13,5.0,0.0,2.0,321.0,11.0,6.0,15.0,4.0,2.0,9.0,16.0,0.51,85.0,3.0,0.0,4.0,2.0,3.73913043478261,0.0,1.0,1.0,0.0,0.0,0.465189873417722,0.0,0.0,3.0,0.7425843807334129,0.257415619266587,2
1973,14,5.0,0.0,2.0,321.0,11.0,9.0,187.0,4.0,2.0,9.0,16.0,0.51,85.0,3.0,0.0,4.0,2.0,3.73913043478261,0.0,1.0,1.0,0.0,0.0,0.465189873417722,0.0,0.0,3.0,0.5386459598010626,0.46135404019893744,2
1973,15,5.0,0.0,2.0,321.0,11.0,395.0,15.0,4.0,2.0,9.0,3.0,0.51,85.0,3.0,0.0,4.0,2.0,3.73913043478261,0.0,1.0,1.0,0.0,0.0,0.465189873417722,0.0,0.0,3.0,0.8735960030731812,0.12640399692681883,4
1973,16,5.0,0.0,2.0,321.0,11.0,395.0,15.0,4.0,2.0,9.0,3.0,0.51,85.0,3.0,0.0,4.0,2.0,3.73913043478261,0.0,1.0,1.0,5.0,0.0,0.465189873417722,0.0,0.0,3.0,0.9008127433047766,0.09918725669522338,5
1973,17,5.0,0.0,2.0,321.0,11.0,13.0,15.0,4.0,2.0,9.0,3.0,0.51,85.0,3.0,0.0,4.0,2.0,3.73913043478261,0.0,1.0,1.0,5.0,0.0,0.465189873417722,0.0,0.0,3.0,0.902450794907427,0.09754920509257302,5
1973,18,5.0,0.0,2.0,7.0,11.0,6.0,15.0,4.0,2.0,9.0,16.0,0.51,85.0,3.0,0.0,4.0,2.0,3.73913043478261,0.0,1.0,5.2,0.0,0.0,1.0,0.0,0.0,3.0,0.8964416921271596,0.10355830787284037,4
1973,19,5.0,0.0,2.0,7.0,62.0,6.0,15.0,4.0,2.0,9.0,16.0,0.51,85.0,3.0,0.0,4.0,2.0,3.73913043478261,0.0,1.0,5.2,0.0,0.0,1.0,0.0,0.0,3.0,0.9022548157755124,0.09774518422448764,5
1975,0,5.0,3.0,1.0,4.0,12.0,6.0,25.0,4.0,2.0,1.0,8.0,0.8,86.0,2.0,0.0,3.0,2.0,3.94444444444444,0.0,1.0,0.565217391304348,0.0,0.0,0.734793187347932,0.0,0.0,6.0,0.5036022982418458,0.4963977017581542,1
1975,1,5.0,3.0,1.0,4.0,12.0,6.0,15.0,4.0,2.0,1.0,8.0,0.8,86.0,2.0,0.0,3.0,2.0,3.94444444444444,0.0,1.0,0.565217391304348,0.0,0.0,0.734793187347932,0.0,0.0,0.0,0.7462924254011523,0.2537075745988478,2
1975,2,5.0,3.0,1.0,4.0,12.0,6.0,15.0,4.0,2.0,1.0,8.0,0.8,86.0,2.0,0.0,3.0,2.0,3.94444444444444,0.0,1.0,0.565217391304348,0.0,0.0,0.9,0.0,0.0,0.0,0.892004747562696,0.10799525243730401,3
1975,3,5.0,3.0,1.0,4.0,12.0,6.0,15.0,4.0,2.0,1.0,8.0,0.8,86.0,2.0,0.0,3.0,2.0,337.0,0.0,1.0,0.565217391304348,0.0,0.0,0.9,0.0,0.0,0.0,0.9461573935970015,0.05384260640299855,4
1975,4,5.0,3.0,1.0,4.0,12.0,6.0,15.0,4.0,2.0,1.0,8.0,0.8,86.0,2.0,0.0,3.0,2.0,337.0,0.0,1.0,0.0,0.0,0.0,0.9,0.0,0.0,0.0,0.9667633174931438,0.0332366825068562,5
1975,5,5.0,3.0,1.0,4.0,12.0,6.0,15.0,4.0,2.0,1.0,8.0,0.8,86.0,2.0,0.0,3.0,2.0,337.0,0.0,1.0,0.565217391304348,0.0,0.0,0.734793187347932,0.0,0.0,0.0,0.8626046270603855,0.13739537293961449,3
1975,6,5.0,3.0,1.0,4.0,12.0,395.0,15.0,4.0,2.0,1.0,8.0,0.8,86.0,2.0,0.0,3.0,2.0,337.0,0.0,1.0,0.565217391304348,0.0,0.0,0.734793187347932,0.0,0.0,0.0,0.8804211137116866,0.1195788862883134,4
1975,7,5.0,4.0,1.0,4.0,12.0,395.0,15.0,4.0,2.0,1.0,8.0,0.8,86.0,2.0,0.0,3.0,2.0,337.0,0.0,1.0,0.565217391304348,0.0,0.0,0.734793187347932,0.0,0.0,0.0,0.8826909730075734,0.11730902699242668,5
1975,8,5.0,3.0,1.0,4.0,12.0,6.0,15.0,4.0,2.0,1.0,8.0,0.8,86.0,2.0,0.0,3.0,2.0,337.0,0.0,1.0,0.565217391304348,0.0,0.0,0.734793187347932,0.0,0.0,6.0,0.6995778794341925,0.3004221205658076,2
1975,9,5.0,3.0,1.0,4.0,12.0,6.0,15.0,4.0,2.0,1.0,8.0,0.8,86.0,2.0,0.0,3.0,2.0,337.0,0.0,1.0,0.565217391304348,5.0,0.0,0.734793187347932,0.0,0.0,6.0,0.7791242690804642,0.22087573091953583,3
1975,10,5.0,3.0,1.0,321.0,12.0,6.0,15.0,4.0,2.0,1.0,8.0,0.8,86.0,2.0,0.0,3.0,2.0,337.0,0.0,1.0,0.565217391304348,5.0,0.0,0.734793187347932,0.0,0.0,6.0,0.8326450663286222,0.1673549336713778,4
1975,11,5.0,3.0,1.0,321.0,12.0,6.0,15.0,4.0,2.0,1.0,8.0,0.8,86.0,2.0,0.0,3.0,2.0,337.0,0.0,1.0,0.565217391304348,5.0,0.0,0.9,0.0,0.0,6.0,0.8775716298309473,0.12242837016905267,5
1975,12,5.0,3.0,1.0,4.0,12.0,6.0,157.0,4.0,2.0,1.0,8.0,0.8,86.0,2.0,0.0,3.0,2.0,3.94444444444444,0.0,1.0,0.565217391304348,0.0,0.0,1.0,0.0,0.0,4.0,0.6427323209109412,0.3572676790890588,2
1975,13,5.0,3.0,1.0,4.0,12.0,6.0,157.0,4.0,2.0,1.0,8.0,0.8,86.0,2.0,0.0,3.0,2.0,3.94444444444444,0.0,1.0,5.2,0.0,0.0,0.734793187347932,0.0,0.0,4.0,0.53621738905109,0.46378261094891005,2
1975,14,5.0,3.0,2.0,4.0,12.0,6.0,157.0,4.0,2.0,1.0,8.0,0.8,86.0,2.0,0.0,3.0,2.0,3.94444444444444,0.0,1.0,5.2,0.0,0.0,1.0,0.0,0.0,2.0,0.9142163399081593,0.0857836600918407,4
1975,15,5.0,3.0,2.0,4.0,12.0,6.0,157.0,4.0,2.0,1.0,8.0,0.8,86.0,2.0,0.0,3.0,2.0,2.3,0.0,1.0,5.2,0.0,0.0,1.0,0.0,0.0,2.0,0.9316911840074944,0.0683088159925056,5
1975,16,1.0,3.0,1.0,4.0,12.0,6.0,15.0,4.0,2.0,1.0,8.0,0.8,86.0,2.0,0.0,3.0,2.0,3.94444444444444,0.0,1.0,0.565217391304348,0.0,0.0,0.9,0.0,0.0,0.0,0.9332521721160929,0.0667478278839071,4
1975,17,1.0,3.0,1.0,321.0,12.0,6.0,15.0,4.0,2.0,1.0,8.0,0.8,86.0,2.0,0.0,3.0,2.0,3.94444444444444,0.0,1.0,0.565217391304348,0.0,0.0,0.9,0.0,0.0,0.0,0.9522842880281132,0.0477157119718868,5
1975,18,5.0,3.0,1.0,321.0,12.0,6.0,15.0,4.0,2.0,1.0,8.0,0.8,86.0,2.0,0.0,3.0,2.0,337.0,0.0,1.0,0.565217391304348,0.0,0.0,0.734793187347932,0.0,0.0,0.0,0.9019125953103477,0.09808740468965228,4
1975,19,5.0,3.0,1.0,321.0,12.0,6.0,15.0,4.0,2.0,1.0,8.0,0.8,86.0,2.0,0.0,3.0,2.0,337.0,0.0,1.0,0.565217391304348,0.0,0.0,0.734793187347932,0.0,0.0,6.0,0.7665995296855612,0.23340047031443883,3
1978,0,3.0,0.0,1.0,3.0,11.0,2.0,91.0,4.0,2.0,4.0,15.0,0.57,85.0,2.0,0.0,2.0,2.0,6.65,1.0,1.0,0.48,0.0,0.0,0.9,0.0,0.0,2.0,0.5567060178973978,0.4432939821026022,1
1978,1,3.0,0.0,1.0,3.0,11.0,2.0,91.0,4.0,2.0,4.0,15.0,3.24,85.0,2.0,0.0,2.0,2.0,6.65,1.0,1.0,0.48,0.0,0.0,0.774305555555556,0.0,0.0,2.0,0.5308459333952278,0.4691540666047722,1
1978,2,3.0,0.0,1.0,3.0,11.0,2.0,37.0,4.0,2.0,4.0,15.0,0.57,85.0,2.0,0.0,2.0,2.0,6.65,1.0,1.0,0.48,0.0,0.0,0.774305555555556,0.0,0.0,2.0,0.5306413438157209,0.4693586561842791,1
1978,3,3.0,0.0,1.0,3.0,11.0,2.0,15.0,4.0,2.0,4.0,15.0,29.08,85.0,2.0,0.0,2.0,2.0,6.65,1.0,1.0,0.4,0.0,0.0,1.0,0.0,0.0,2.0,0.961545577693841,0.03845442230615898,4
1978,4,3.0,0.0,1.0,7.0,11.0,2.0,15.0,4.0,2.0,4.0,15.0,29.08,85.0,2.0,0.0,2.0,2.0,6.65,1.0,1.0,0.4,0.0,0.0,1.0,0.0,0.0,2.0,0.9667918502077845,0.03320814979221549,5
1978,5,3.0,0.0,1.0,321.0,11.0,2.0,91.0,4.0,2.0,4.0,15.0,0.57,85.0,2.0,0.0,2.0,2.0,6.65,1.0,1.0,0.48,0.0,0.0,0.774305555555556,0.0,0.0,2.0,0.5788587103573712,0.4211412896426288,1
1978,6,3.0,0.0,1.0,321.0,11.0,9.0,91.0,4.0,2.0,4.0,15.0,0.57,85.0,2.0,0.0,2.0,2.0,6.65,1.0,1.0,0.48,0.0,0.0,1.0,0.0,0.0,2.0,0.8878674315846334,0.11213256841536656,3
1978,7,3.0,0.0,1.0,321.0,11.0,9.0,91.0,4.0,2.0,4.0,15.0,0.57,85.0,2.0,0.0,2.0,2.0,6.65,1.0,1.0,0.4,0.0,0.0,1.0,0.0,0.0,2.0,0.9006305457582885,0.09936945424171152,4
1978,8,3.0,0.0,1.0,3.0,11.0,2.0,15.0,4.0,2.0,4.0,15.0,0.57,85.0,2.0,0.0,2.0,2.0,6.65,1.0,1.0,0.48,0.0,0.0,1.0,0.0,0.0,2.0,0.8704829165936192,0.12951708340638085,2
1978,9,3.0,0.0,1.0,3.0,11.0,2.0,15.0,4.0,0.0,4.0,15.0,0.57,85.0,2.0,0.0,2.0,2.0,6.65,1.0,1.0,0.48,0.0,0.0,1.0,0.0,0.0,2.0,0.8994881155495514,0.1005118844504486,3
1978,10,3.0,0.0,1.0,3.0,11.0,2.0,15.0,4.0,0.0,4.0,15.0,0.57,85.0,0.0,0.0,2.0,2.0,6.65,1.0,1.0,0.48,0.0,0.0,1.0,0.0,0.0,2.0,0.9222255491686994,0.07777445083130066,4
1978,11,3.0,0.0,2.0,3.0,11.0,2.0,15.0,4.0,0.0,4.0,15.0,0.57,85.0,0.0,0.0,2.0,2.0,6.65,1.0,1.0,0.48,0.0,0.0,1.0,0.0,0.0,2.0,0.9238520607421228,0.07614793925787719,5
1978,12,3.0,0.0,2.0,3.0,11.0,2.0,25.0,4.0,0.0,4.0,15.0,0.57,85.0,0.0,0.0,2.0,2.0,6.65,1.0,1.0,0.48,0.0,0.0,1.0,0.0,0.0,2.0,0.9346347237449857,0.06536527625501432,5
1978,13,3.0,0.0,1.0,321.0,11.0,2.0,15.0,4.0,2.0,4.0,15.0,0.57,85.0,2.0,0.0,2.0,2.0,6.65,1.0,1.0,0.48,0.0,0.0,1.0,0.0,0.0,2.0,0.9342871035098367,0.06571289649016336,3
1978,14,3.0,0.0,1.0,321.0,11.0,2.0,15.0,4.0,2.0,4.0,15.0,0.57,85.0,2.0,0.0,2.0,2.0,337.0,1.0,1.0,0.48,0.0,0.0,1.0,0.0,0.0,2.0,0.9517485579709064,0.04825144202909359,4
1978,15,3.0,0.0,1.0,3.0,11.0,2.0,91.0,4.0,2.0,4.0,15.0,29.08,85.0,2.0,0.0,2.0,2.0,6.65,1.0,1.0,0.48,0.0,0.0,0.774305555555556,0.0,0.0,2.0,0.6602952702184862,0.3397047297815138,1
1978,16,3.0,0.0,1.0,3.0,11.0,2.0,37.0,4.0,2.0,4.0,15.0,29.08,85.0,2.0,0.0,2.0,2.0,6.65,1.0,1.0,0.48,0.0,0.0,0.774305555555556,0.0,0.0,2.0,0.7870501906450047,0.21294980935499533,2
1978,17,3.0,98.0,1.0,3.0,11.0,2.0,37.0,4.0,2.0,4.0,15.0,29.08,85.0,2.0,0.0,2.0,2.0,6.65,1.0,1.0,0.48,0.0,0.0,0.774305555555556,0.0,0.0,2.0,0.8478646271989935,0.15213537280100656,3
1978,18,3.0,98.0,1.0,3.0,11.0,2.0,37.0,4.0,2.0,4.0,0.0,29.08,85.0,2.0,0.0,2.0,2.0,6.65,1.0,1.0,0.48,0.0,0.0,0.774305555555556,0.0,0.0,2.0,0.8844118316588514,0.11558816834114866,4
1978,19,3.0,98.0,1.0,3.0,11.0,2.0,37.0,4.0,0.0,4.0,0.0,29.08,85.0,2.0,0.0,2.0,2.0,6.65,1.0,1.0,0.48,0.0,0.0,0.774305555555556,0.0,0.0,2.0,0.9174782997188827,0.08252170028111726,5
1980,0,7.0,14.0,1.0,27.0,39.0,7.0,193.556,11.0,6.0,18.0,57.0,0.95,95.0,1.0,0.0,21.0,2.0,11.7380952380952,0.0,0.0,0.354166666666667,0.0,0.0,0.515445184736523,0.0,0.0,0.0,0.5213966503253271,0.4786033496746729,2
1980,1,7.0,14.0,1.0,27.0,39.0,7.0,15.0,11.0,6.0,18.0,57.0,0.95,95.0,1.0,0.0,21.0,2.0,11.7380952380952,0.0,0.0,0.354166666666667,0.0,0.0,1.0,0.0,0.0,0.0,0.9471332661921144,0.05286673380788559,3
1980,2,7.0,14.0,1.0,27.0,39.0,7.0,15.0,11.0,6.0,1.0,57.0,0.95,95.0,1.0,0.0,21.0,2.0,11.7380952380952,0.0,0.0,0.354166666666667,0.0,0.0,1.0,0.0,0.0,0.0,0.9691375915992657,0.030862408400734304,4
1980,3,7.0,14.0,1.0,27.0,39.0,7.0,15.0,11.0,6.0,1.0,57.0,0.95,95.0,1.0,0.0,21.0,2.0,11.7380952380952,2.0,0.0,0.354166666666667,0.0,0.0,1.0,0.0,0.0,0.0,0.9782950272546592,0.02170497274534076,5
1980,4,7.0,14.0,1.0,27.0,39.0,7.0,25.0,11.0,6.0,1.0,57.0,0.95,95.0,1.0,0.0,21.0,2.0,11.7380952380952,2.0,0.0,0.354166666666667,0.0,0.0,1.0,0.0,0.0,0.0,0.9817651931065972,0.01823480689340279,5
1980,5,7.0,14.0,1.0,27.0,39.0,7.0,15.0,11.0,6.0,3.0,57.0,0.95,95.0,1.0,0.0,21.0,2.0,11.7380952380952,0.0,0.0,0.354166666666667,0.0,0.0,0.515445184736523,0.0,0.0,0.0,0.8364651781985402,0.16353482180145984,3
1980,6,7.0,14.0,1.0,27.0,39.0,7.0,37.0,11.0,6.0,10.0,57.0,0.95,50.0,1.0,0.0,21.0,2.0,11.7380952380952,0.0,0.0,0.354166666666667,0.0,0.0,0.515445184736523,0.0,0.0,10.0,0.5138736462760121,0.486126353723988,3
1980,7,7.0,14.0,2.0,27.0,39.0,7.0,15.0,11.0,6.0,3.0,57.0,0.95,50.0,1.0,0.0,21.0,2.0,11.7380952380952,0.0,0.0,0.354166666666667,0.0,0.0,0.515445184736523,0.0,0.0,0.0,0.8876618005653039,0.11233819943469615,5
1980,8,7.0,14.0,1.0,27.0,39.0,7.0,724.0,11.0,6.0,18.0,57.0,0.95,95.0,1.0,0.0,21.0,2.0,11.7380952380952,0.0,0.0,0.354166666666667,0.0,0.0,1.0,0.0,0.0,2.0,0.5862252373549797,0.4137747626450204,2
1980,9,7.0,14.0,1.0,27.0,39.0,7.0,724.0,11.0,6.0,18.0,57.0,0.05,95.0,1.0,0.0,21.0,2.0,11.7380952380952,0.0,0.0,0.354166666666667,0.0,0.0,1.0,0.0,0.0,0.0,0.7354350651873296,0.26456493481267035,3
1980,10,7.0,14.0,1.0,27.0,39.0,7.0,724.0,11.0,6.0,18.0,57.0,0.05,95.0,1.0,0.0,21.0,2.0,337.0,0.0,0.0,0.354166666666667,0.0,0.0,1.0,0.0,0.0,0.0,0.8014329866617338,0.1985670133382662,4
1980,11,7.0,14.0,1.0,27.0,39.0,7.0,724.0,11.0,6.0,18.0,57.0,0.05,95.0,1.0,0.0,21.0,2.0,337.0,2.0,0.0,0.354166666666667,0.0,0.0,1.0,0.0,0.0,0.0,0.8018062361571677,0.1981937638428323,5
1980,12,7.0,14.0,1.0,27.0,39.0,7.0,52.0,11.0,6.0,10.0,57.0,0.95,95.0,1.0,0.0,21.0,2.0,11.7380952380952,2.0,0.0,0.354166666666667,0.0,0.0,0.515445184736523,0.0,0.0,10.0,0.5062442144234698,0.49375578557653027,3
1980,13,7.0,14.0,1.0,27.0,39.0,7.0,37.0,11.0,6.0,3.0,57.0,0.95,95.0,1.0,0.0,21.0,2.0,11.7380952380952,337.0,0.0,0.354166666666667,0.0,0.0,0.515445184736523,0.0,0.0,0.0,0.8918739649891437,0.1081260350108563,4
1980,14,7.0,14.0,1.0,27.0,39.0,7.0,52.0,11.0,6.0,18.0,57.0,0.95,95.0,1.0,0.0,21.0,2.0,11.7380952380952,2.0,25.0,0.354166666666667,0.0,0.0,0.515445184736523,0.0,0.0,10.0,0.54851562039024,0.45148437960975996,3
1980,15,7.0,14.0,1.0,27.0,39.0,7.0,25.0,11.0,6.0,3.0,57.0,0.95,95.0,1.0,0.0,21.0,2.0,11.7380952380952,337.0,25.0,0.354166666666667,0.0,0.0,0.515445184736523,0.0,0.0,0.0,0.9015508430367548,0.09844915696324519,5
1980,16,7.0,14.0,1.0,27.0,39.0,7.0,25.0,11.0,6.0,1.0,57.0,0.95,95.0,1.0,0.0,21.0,2.0,11.7380952380952,337.0,25.0,0.354166666666667,0.0,0.0,0.515445184736523,0.0,0.0,0.0,0.903412980556435,0.09658701944356496,5
1980,17,7.0,14.0,1.0,27.0,39.0,7.0,15.0,11.0,6.0,18.0,57.0,0.05,95.0,1.0,0.0,21.0,2.0,11.7380952380952,0.0,0.0,0.354166666666667,0.0,0.0,1.0,0.0,0.0,0.0,0.9586707540289374,0.04132924597106252,4
1980,18,7.0,14.0,1.0,27.0,39.0,7.0,15.0,11.0,6.0,18.0,25.0,0.05,95.0,1.0,0.0,21.0,2.0,11.7380952380952,0.0,0.0,0.354166666666667,0.0,0.0,1.0,0.0,0.0,0.0,0.9644559939558246,0.03554400604417541,5
1980,19,7.0,14.0,1.0,27.0,39.0,7.0,52.0,11.0,6.0,18.0,57.0,0.95,95.0,1.0,0.0,21.0,2.0,11.7380952380952,337.0,0.0,0.354166666666667,5.0,0.0,0.515445184736523,0.0,0.0,10.0,0.5101787064030061,0.48982129359699395,3
2069,0,1.0,0.0,1.0,0.0,1.0,1.0,25.0,1.0,0.0,0.0,1.0,0.96,0.0,2.0,0.0,13.0,1.0,1.5,1.0,2.0,1.0,0.0,6.0,0.859375,0.75,0.0,2.0,0.6343013007295313,0.3656986992704687,1
2069,1,1.0,0.0,1.0,0.0,1.0,1.0,25.0,1.0,0.0,0.0,1.0,0.96,0.0,3.0,0.0,13.0,1.0,1.5,1.0,2.0,1.0,0.0,2.0,0.859375,0.75,0.0,2.0,0.5764938731246947,0.42350612687530537,1
2069,2,1.0,0.0,1.0,0.0,1.0,1.0,25.0,1.0,0.0,0.0,1.0,1.47,0.0,3.0,0.0,13.0,1.0,1.5,1.0,2.0,1.0,0.0,6.0,0.859375,0.75,0.0,2.0,0.5399979315950075,0.46000206840499247,1
2069,3,1.0,0.0,1.0,0.0,1.0,1.0,25.0,1.0,0.0,0.0,1.0,29.08,0.0,0.0,0.0,13.0,1.0,1.5,1.0,2.0,1.0,0.0,0.0,0.9,0.75,0.0,2.0,0.9582500098414172,0.041749990158582787,4
2069,4,1.0,0.0,1.0,0.0,1.0,1.0,25.0,1.0,0.0,0.0,1.0,0.96,0.0,3.0,0.0,13.0,1.0,1.5,1.0,2.0,1.0,0.0,6.0,0.9,0.75,0.0,2.0,0.5018822987044358,0.49811770129556415,1
2069,5,1.0,0.0,1.0,0.0,1.0,1.0,25.0,1.0,0.0,0.0,1.0,0.96,0.0,3.0,0.0,13.0,1.0,1.5,1.0,2.0,1.0,0.0,0.0,1.0,0.75,0.0,2.0,0.8399970590491739,0.1600029409508261,2
2069,6,1.0,0.0,1.0,0.0,1.0,1.0,25.0,1.0,0.0,0.0,1.0,0.96,0.0,3.0,0.0,13.0,1.0,1.5,1.0,2.0,1.0,0.0,0.0,1.0,0.75,0.0,0.0,0.8966916968190166,0.10330830318098343,3
2069,7,1.0,0.0,1.0,0.0,1.0,1.0,25.0,1.0,0.0,0.0,1.0,0.96,0.0,3.0,0.0,13.0,1.0,1.5,1.0,2.0,5.2,0.0,0.0,1.0,0.75,0.0,0.0,0.9199574876960132,0.08004251230398689,4
2069,8,1.0,0.0,1.0,0.0,1.0,1.0,25.0,1.0,0.0,0.0,1.0,0.96,0.0,0.0,0.0,13.0,1.0,1.5,1.0,2.0,1.0,0.0,6.0,0.859375,0.75,0.0,1.0,0.869588540926767,0.13041145907323307,2
2069,9,1.0,0.0,1.0,2.0,1.0,1.0,25.0,1.0,0.0,0.0,1.0,0.96,0.0,3.0,0.0,13.0,1.0,1.5,1.0,2.0,1.0,0.0,6.0,0.859375,0.75,0.0,2.0,0.5008722009685833,0.49912779903141674,1
2069,10,5.0,0.0,1.0,321.0,1.0,1.0,25.0,1.0,0.0,0.0,1.0,0.96,0.0,0.0,0.0,13.0,1.0,1.5,1.0,2.0,1.0,0.0,6.0,0.859375,0.75,0.0,1.0,0.9147454721977379,0.08525452780226202,4
2069,11,5.0,0.0,1.0,321.0,1.0,1.0,25.0,1.0,93.0,0.0,1.0,0.96,0.0,0.0,0.0,13.0,1.0,1.5,1.0,2.0,1.0,0.0,6.0,0.859375,0.75,0.0,1.0,0.9211292458689264,0.07887075413107353,5
2069,12,1.0,0.0,1.0,0.0,1.0,1.0,25.0,1.0,0.0,0.0,1.0,29.08,0.0,0.0,0.0,13.0,1.0,1.5,1.0,2.0,1.0,0.0,0.0,0.859375,0.75,0.0,1.0,0.9762848922961718,0.023715107703828283,4
2069,13,1.0,0.0,1.0,2.0,1.0,1.0,25.0,1.0,0.0,0.0,1.0,29.08,0.0,0.0,0.0,13.0,1.0,1.5,1.0,2.0,1.0,0.0,0.0,0.859375,0.75,0.0,1.0,0.9773862128375136,0.02261378716248642,5
2069,14,1.0,0.0,1.0,0.0,1.0,1.0,25.0,1.0,0.0,0.0,1.0,0.96,0.0,3.0,0.0,13.0,1.0,1.5,1.0,2.0,5.2,0.0,0.0,1.0,0.75,0.0,2.0,0.8786443347834354,0.12135566521656456,3
2069,15,1.0,0.0,1.0,0.0,1.0,1.0,25.0,1.0,93.0,0.0,1.0,0.96,0.0,3.0,0.0,13.0,1.0,1.5,1.0,2.0,1.0,0.0,6.0,0.859375,0.75,0.0,2.0,0.6497019008752661,0.35029809912473386,1
2069,16,1.0,0.0,1.0,0.0,1.0,1.0,25.0,1.0,0.0,0.0,1.0,0.96,0.0,3.0,0.0,13.0,1.0,1.5,1.0,2.0,1.0,0.0,0.0,0.859375,0.75,0.0,2.0,0.6838518618287299,0.31614813817127,1
2069,17,1.0,0.0,1.0,0.0,1.0,1.0,25.0,1.0,0.0,0.0,1.0,0.96,0.0,3.0,0.0,13.0,1.0,1.5,1.0,2.0,1.0,0.0,0.0,0.859375,0.75,0.0,0.0,0.8038595035294149,0.19614049647058512,2
2069,18,1.0,1.0,1.0,0.0,1.0,1.0,25.0,1.0,0.0,0.0,1.0,0.96,0.0,3.0,0.0,13.0,1.0,1.5,1.0,2.0,1.0,0.0,6.0,0.859375,0.75,0.0,2.0,0.5088940593971814,0.4911059406028187,1
2069,19,1.0,98.0,2.0,0.0,1.0,1.0,25.0,1.0,0.0,0.0,1.0,0.96,0.0,3.0,0.0,13.0,1.0,1.5,1.0,2.0,1.0,0.0,0.0,0.859375,0.75,0.0,0.0,0.8971446984572815,0.1028553015427185,4
2487,0,0.0,0.0,1.0,2.0,1.0,5.0,49.0,1.0,0.0,0.0,4.0,0.88,75.0,3.0,0.0,3.0,1.0,2.25,2.0,2.0,0.833333333333333,0.0,0.0,0.9,0.0,0.0,0.0,0.7070363855348464,0.2929636144651536,1
2487,1,0.0,0.0,1.0,2.0,1.0,5.0,25.0,1.0,0.0,0.0,4.0,0.88,75.0,3.0,0.0,3.0,1.0,2.25,2.0,2.0,0.833333333333333,0.0,0.0,0.736842105263158,0.0,0.0,0.0,0.6009817951894931,0.39901820481050687,1
2487,2,0.0,0.0,1.0,2.0,1.0,5.0,15.0,1.0,0.0,0.0,4.0,29.08,75.0,3.0,0.0,3.0,1.0,2.25,2.0,2.0,0.833333333333333,0.0,0.0,1.0,0.0,0.0,0.0,0.9537368947388445,0.04626310526115551,3
2487,3,0.0,0.0,1.0,2.0,1.0,5.0,49.0,1.0,0.0,0.0,4.0,0.88,75.0,3.0,0.0,3.0,1.0,3.9,2.0,2.0,0.833333333333333,0.0,0.0,0.736842105263158,0.0,0.0,0.0,0.5025538991173129,0.4974461008826871,1
2487,4,0.0,0.0,1.0,2.0,1.0,5.0,15.0,1.0,0.0,0.0,4.0,29.08,0.0,3.0,0.0,3.0,1.0,2.25,2.0,2.0,0.833333333333333,0.0,0.0,1.0,0.0,0.0,0.0,0.9700283139320771,0.029971686067922932,4
2487,5,0.0,0.0,1.0,2.0,1.0,5.0,49.0,1.0,0.0,0.0,4.0,0.88,0.0,3.0,0.0,3.0,1.0,2.25,337.0,2.0,0.833333333333333,0.0,0.0,0.736842105263158,0.0,0.0,0.0,0.5034950577702284,0.49650494222977165,2
2487,6,0.0,0.0,1.0,2.0,1.0,5.0,15.0,1.0,0.0,0.0,4.0,29.08,75.0,3.0,0.0,3.0,1.0,2.25,2.0,2.0,0.833333333333333,5.0,0.0,1.0,0.0,0.0,0.0,0.9723775150593473,0.027622484940652652,4
2487,7,0.0,0.0,1.0,2.0,1.0,5.0,15.0,1.0,0.0,0.0,4.0,29.08,75.0,3.0,0.0,3.0,1.0,337.0,2.0,2.0,0.833333333333333,5.0,0.0,1.0,0.0,0.0,0.0,0.9830657617484168,0.016934238251583193,5
2487,8,0.0,0.0,1.0,2.0,1.0,5.0,49.0,1.0,0.0,0.0,4.0,0.88,75.0,2.0,0.0,3.0,1.0,2.25,2.0,2.0,0.833333333333333,0.0,0.0,0.736842105263158,0.0,0.0,0.0,0.5264116721002983,0.4735883278997018,1
2487,9,0.0,0.0,1.0,2.0,1.0,5.0,15.0,1.0,0.0,0.0,4.0,0.88,75.0,0.0,0.0,3.0,1.0,2.25,2.0,2.0,0.833333333333333,0.0,0.0,0.736842105263158,0.0,0.0,0.0,0.8962528412509121,0.10374715874908792,2
2487,10,0.0,0.0,1.0,2.0,1.0,5.0,15.0,1.0,0.0,0.0,4.0,29.08,75.0,0.0,0.0,3.0,1.0,2.25,2.0,2.0,0.833333333333333,0.0,0.0,0.736842105263158,0.0,0.0,0.0,0.9387218506354017,0.06127814936459827,3
2487,11,0.0,0.0,1.0,2.0,1.0,5.0,15.0,1.0,0.0,0.0,4.0,29.08,75.0,0.0,0.0,3.0,6.0,2.25,2.0,2.0,0.833333333333333,0.0,0.0,0.736842105263158,0.0,0.0,0.0,0.9566302294958122,0.04336977050418778,4
2487,12,0.0,0.0,1.0,2.0,1.0,9.0,15.0,1.0,0.0,0.0,4.0,29.08,75.0,0.0,0.0,3.0,6.0,2.25,2.0,2.0,0.833333333333333,0.0,0.0,0.736842105263158,0.0,0.0,0.0,0.9653395469887978,0.03466045301120229,5
2487,13,0.0,0.0,1.0,2.0,1.0,5.0,49.0,1.0,0.0,0.0,4.0,29.08,75.0,3.0,0.0,3.0,1.0,2.25,2.0,2.0,0.833333333333333,0.0,0.0,0.736842105263158,0.0,0.0,0.0,0.5517627725781209,0.44823722742187916,1
2487,14,0.0,0.0,1.0,2.0,1.0,5.0,15.0,1.0,0.0,0.0,4.0,0.88,75.0,0.0,0.0,3.0,1.0,2.25,2.0,2.0,0.833333333333333,0.0,0.0,1.0,0.0,0.0,0.0,0.9485791989748176,0.05142080102518246,3
2487,15,0.0,0.0,1.0,2.0,1.0,5.0,15.0,1.0,0.0,0.0,4.0,0.88,75.0,0.0,0.0,3.0,1.0,2.25,2.0,2.0,5.2,0.0,0.0,1.0,0.0,0.0,0.0,0.9686149832439691,0.031385016756030885,4
2487,16,0.0,0.0,1.0,2.0,1.0,5.0,15.0,1.0,0.0,0.0,4.0,0.88,75.0,0.0,0.0,3.0,1.0,2.25,2.0,2.0,5.2,0.0,0.0,0.9,0.0,0.0,0.0,0.9813538029500908,0.01864619704990922,4
2487,17,0.0,0.0,1.0,2.0,1.0,5.0,49.0,1.0,0.0,0.0,4.0,0.88,75.0,0.0,0.0,3.0,1.0,2.25,2.0,25.0,0.833333333333333,0.0,0.0,0.736842105263158,0.0,0.0,0.0,0.8221952435586889,0.17780475644131108,2
2487,18,0.0,0.0,1.0,2.0,1.0,5.0,49.0,1.0,0.0,0.0,13.0,0.88,75.0,3.0,0.0,3.0,1.0,2.25,2.0,25.0,0.833333333333333,0.0,0.0,0.736842105263158,0.0,0.0,0.0,0.5010024834162107,0.4989975165837893,2
2487,19,0.0,0.0,1.0,2.0,1.0,5.0,49.0,1.0,0.0,0.0,13.0,0.88,66.0,0.0,0.0,3.0,1.0,2.25,2.0,25.0,0.833333333333333,0.0,0.0,0.736842105263158,0.0,0.0,0.0,0.857979735993867,0.14202026400613296,4
2071,0,7.0,0.0,1.0,8.0,2.0,6.0,209.0,4.0,0.0,4.0,15.0,0.42,91.0,3.0,0.0,9.0,2.0,3.13636363636364,0.0,2.0,1.14814814814815,0.0,0.0,0.9,0.0,0.0,0.0,0.5282612011397798,0.47173879886022013,1
2071,1,7.0,0.0,1.0,8.0,2.0,6.0,209.0,4.0,0.0,4.0,15.0,0.42,91.0,1.0,0.0,9.0,2.0,3.13636363636364,0.0,2.0,1.14814814814815,0.0,0.0,0.578814627994956,0.0,0.0,0.0,0.5098119028706711,0.4901880971293289,1
2071,2,7.0,0.0,1.0,8.0,2.0,6.0,209.0,4.0,0.0,4.0,15.0,0.42,91.0,0.0,0.0,9.0,2.0,3.0,0.0,2.0,1.14814814814815,0.0,0.0,1.0,0.0,0.0,0.0,0.8888473699653452,0.11115263003465478,3
2071,3,7.0,0.0,1.0,321.0,2.0,6.0,209.0,4.0,0.0,4.0,15.0,0.42,91.0,0.0,0.0,9.0,2.0,3.0,0.0,2.0,1.14814814814815,0.0,0.0,1.0,0.0,0.0,0.0,0.9062290264327775,0.09377097356722258,4
2071,4,7.0,0.0,1.0,321.0,2.0,6.0,209.0,4.0,0.0,4.0,15.0,0.42,91.0,0.0,0.0,9.0,2.0,4.8,0.0,2.0,1.14814814814815,0.0,0.0,1.0,0.0,0.0,0.0,0.9122739756897607,0.08772602431023938,4
2071,5,7.0,0.0,1.0,8.0,0.0,6.0,209.0,4.0,0.0,4.0,15.0,0.42,91.0,3.0,0.0,9.0,2.0,3.13636363636364,0.0,2.0,1.14814814814815,0.0,0.0,1.0,0.0,0.0,0.0,0.8353564895152275,0.1646435104847726,2
2071,6,7.0,0.0,1.0,8.0,0.0,6.0,209.0,4.0,0.0,4.0,15.0,0.42,91.0,3.0,0.0,9.0,2.0,3.13636363636364,0.0,0.0,1.14814814814815,0.0,0.0,1.0,0.0,0.0,0.0,0.8697740324310442,0.1302259675689558,3
2071,7,7.0,0.0,1.0,8.0,0.0,6.0,209.0,4.0,0.0,4.0,15.0,0.42,91.0,3.0,1.0,9.0,2.0,3.13636363636364,0.0,0.0,1.14814814814815,0.0,0.0,1.0,0.0,0.0,0.0,0.8889905307492041,0.11100946925079593,4
2071,8,7.0,0.0,1.0,321.0,0.0,6.0,209.0,4.0,0.0,4.0,15.0,0.42,91.0,3.0,0.0,9.0,2.0,3.13636363636364,0.0,2.0,1.14814814814815,0.0,0.0,0.578814627994956,0.0,0.0,0.0,0.5606167920636049,0.439383207936395,2
2071,9,7.0,0.0,1.0,8.0,0.0,6.0,209.0,4.0,0.0,4.0,15.0,0.42,0.0,3.0,0.0,9.0,2.0,3.13636363636364,0.0,2.0,1.14814814814815,0.0,0.0,0.578814627994956,0.0,0.0,0.0,0.5082497133676132,0.4917502866323868,2
2071,10,7.0,0.0,1.0,8.0,0.0,6.0,209.0,4.0,93.0,4.0,15.0,0.42,0.0,3.0,0.0,9.0,2.0,3.13636363636364,0.0,2.0,1.14814814814815,0.0,0.0,1.0,0.0,0.0,0.0,0.9154169433757935,0.0845830566242065,4
2071,11,7.0,0.0,1.0,8.0,2.0,6.0,209.0,4.0,93.0,4.0,13.0,0.42,0.0,3.0,0.0,9.0,2.0,3.13636363636364,0.0,2.0,1.14814814814815,0.0,0.0,0.578814627994956,0.0,0.0,0.0,0.5226198707983103,0.47738012920168965,3
2071,12,7.0,0.0,1.0,8.0,2.0,6.0,209.0,4.0,0.0,4.0,15.0,0.42,91.0,3.0,0.0,9.0,2.0,337.0,0.0,2.0,1.14814814814815,0.0,0.0,1.0,0.0,0.0,0.0,0.8510587106477889,0.14894128935221101,2
2071,13,7.0,0.0,1.0,8.0,2.0,6.0,209.0,4.0,0.0,4.0,15.0,0.05,91.0,3.0,0.0,9.0,2.0,337.0,0.0,2.0,1.14814814814815,0.0,0.0,1.0,0.0,0.0,0.0,0.9138130293557993,0.08618697064420068,3
2071,14,7.0,0.0,1.0,8.0,0.0,6.0,209.0,4.0,0.0,4.0,15.0,0.42,91.0,3.0,0.0,9.0,2.0,337.0,0.0,2.0,1.14814814814815,0.0,0.0,0.578814627994956,0.0,0.0,0.0,0.5606737295812325,0.43932627041876743,2
2071,15,7.0,0.0,1.0,321.0,2.0,6.0,209.0,4.0,0.0,4.0,15.0,0.42,91.0,3.0,0.0,9.0,2.0,3.1,0.0,2.0,1.14814814814815,0.0,0.0,0.578814627994956,0.0,0.0,0.0,0.5182403981059107,0.48175960189408934,2
2071,16,7.0,0.0,1.0,8.0,2.0,6.0,209.0,4.0,0.0,4.0,15.0,0.42,91.0,0.0,0.0,9.0,2.0,3.13636363636364,0.0,2.0,1.14814814814815,0.0,0.0,0.578814627994956,0.0,0.0,0.0,0.5098119028706711,0.4901880971293289,1
2071,17,7.0,0.0,1.0,8.0,2.0,6.0,209.0,4.0,0.0,4.0,2.0,0.42,91.0,0.0,0.0,9.0,2.0,3.13636363636364,0.0,2.0,1.14814814814815,0.0,0.0,0.578814627994956,0.0,0.0,0.0,0.683673201442874,0.316326798557126,2
2071,18,7.0,0.0,1.0,8.0,2.0,6.0,209.0,4.0,0.0,4.0,2.0,0.42,91.0,0.0,0.0,9.0,2.0,3.13636363636364,2.0,2.0,1.14814814814815,0.0,0.0,0.578814627994956,0.0,0.0,0.0,0.8061630766414274,0.19383692335857267,3
2071,19,7.0,0.0,1.0,8.0,1.0,6.0,209.0,4.0,0.0,4.0,2.0,0.42,91.0,0.0,0.0,9.0,2.0,3.13636363636364,2.0,2.0,1.14814814814815,0.0,0.0,0.578814627994956,0.0,0.0,0.0,0.8297085077359481,0.17029149226405188,4
2121,0,4.0,0.0,1.0,5.0,12.0,0.0,47.0,1.0,0.0,19.0,43.0,0.11,93.0,1.0,0.0,9.0,2.0,7.08510638297872,1.0,1.0,0.714285714285714,0.0,0.0,0.903409090909091,0.0,0.0,2.0,0.6044790273439233,0.3955209726560766,1
2121,1,4.0,0.0,1.0,5.0,12.0,0.0,47.0,1.0,0.0,19.0,43.0,0.11,93.0,1.0,0.0,9.0,2.0,7.08510638297872,1.0,1.0,0.714285714285714,0.0,0.0,1.0,0.0,0.0,0.0,0.9206206519876374,0.07937934801236259,2
2121,2,4.0,0.0,1.0,5.0,12.0,0.0,47.0,1.0,0.0,5.0,43.0,0.11,93.0,1.0,0.0,9.0,2.0,7.08510638297872,1.0,1.0,0.714285714285714,0.0,0.0,0.903409090909091,0.0,0.0,5.0,0.5239069484888192,0.47609305151118075,1
2121,3,4.0,0.0,1.0,5.0,12.0,0.0,47.0,1.0,0.0,0.0,43.0,0.11,93.0,1.0,0.0,9.0,2.0,7.08510638297872,1.0,1.0,5.2,0.0,0.0,1.0,0.0,0.0,0.0,0.9779566435787844,0.022043356421215618,4
2121,4,4.0,0.0,1.0,5.0,12.0,0.0,47.0,1.0,0.0,0.0,43.0,0.11,93.0,1.0,0.0,9.0,2.0,7.08510638297872,2.0,1.0,5.2,0.0,0.0,1.0,0.0,0.0,0.0,0.9847193215415168,0.015280678458483195,5
2121,5,4.0,0.0,1.0,5.0,12.0,0.0,47.0,1.0,0.0,19.0,43.0,0.11,93.0,1.0,0.0,9.0,2.0,7.08510638297872,1.0,1.0,0.714285714285714,5.0,0.0,1.0,0.0,0.0,0.0,0.9491457546241708,0.050854245375829187,3
2121,6,4.0,0.0,1.0,5.0,12.0,0.0,47.0,1.0,0.0,19.0,43.0,0.11,93.0,1.0,0.0,9.0,2.0,7.08510638297872,2.0,1.0,0.714285714285714,5.0,0.0,1.0,0.0,0.0,0.0,0.9649062249151046,0.035093775084895425,4
2121,7,0.0,0.0,1.0,5.0,12.0,0.0,47.0,1.0,0.0,19.0,43.0,0.11,93.0,1.0,0.0,9.0,2.0,7.08510638297872,2.0,1.0,0.714285714285714,5.0,0.0,1.0,0.0,0.0,0.0,0.9740946608745431,0.025905339125456874,5
2121,8,4.0,0.0,1.0,5.0,12.0,0.0,47.0,1.0,0.0,0.0,43.0,0.11,93.0,1.0,0.0,9.0,2.0,7.08510638297872,1.0,1.0,0.714285714285714,0.0,0.0,0.903409090909091,0.0,0.0,0.0,0.9148325831968336,0.08516741680316638,2
2121,9,4.0,0.0,1.0,5.0,12.0,0.0,47.0,1.0,0.0,0.0,43.0,0.11,93.0,1.0,0.0,9.0,2.0,7.08510638297872,1.0,25.0,0.714285714285714,0.0,0.0,0.903409090909091,0.0,0.0,0.0,0.9409374330734083,0.059062566926591745,3
2121,10,4.0,2.0,1.0,5.0,12.0,0.0,47.0,1.0,0.0,19.0,43.0,0.11,93.0,1.0,0.0,9.0,2.0,7.08510638297872,1.0,25.0,0.714285714285714,0.0,0.0,0.903409090909091,0.0,0.0,5.0,0.5517170576452903,0.4482829423547096,2
2121,11,4.0,98.0,1.0,5.0,1.0,0.0,47.0,1.0,0.0,0.0,43.0,0.11,93.0,1.0,0.0,9.0,2.0,7.08510638297872,1.0,25.0,0.714285714285714,0.0,0.0,0.903409090909091,0.0,0.0,0.0,0.9708440021571083,0.029155997842891728,5
2121,12,4.0,0.0,1.0,5.0,12.0,0.0,47.0,1.0,0.0,0.0,43.0,0.11,93.0,1.0,0.0,9.0,2.0,7.08510638297872,1.0,25.0,0.714285714285714,0.0,0.0,1.0,0.0,0.0,0.0,0.9784275226745685,0.021572477325431584,4
2121,13,4.0,0.0,1.0,5.0,12.0,0.0,47.0,1.0,0.0,19.0,43.0,0.11,93.0,1.0,0.0,9.0,2.0,7.08510638297872,1.0,1.0,1.8,0.0,0.0,0.903409090909091,0.0,0.0,5.0,0.5060117569429008,0.49398824305709915,1
2121,14,4.0,0.0,1.0,5.0,12.0,0.0,47.0,1.0,0.0,3.0,43.0,0.11,93.0,1.0,0.0,9.0,2.0,7.08510638297872,1.0,1.0,5.2,0.0,0.0,0.903409090909091,0.0,0.0,5.0,0.821777493641967,0.17822250635803308,2
2121,15,4.0,0.0,1.0,5.0,12.0,0.0,47.0,1.0,0.0,3.0,43.0,0.11,93.0,1.0,0.0,9.0,2.0,7.08510638297872,1.0,1.0,5.2,0.0,0.0,1.0,0.0,0.0,5.0,0.9069582645806692,0.09304173541933085,3
2121,16,0.0,0.0,1.0,5.0,12.0,0.0,47.0,1.0,0.0,3.0,43.0,0.11,93.0,1.0,0.0,9.0,2.0,7.08510638297872,1.0,1.0,5.2,0.0,0.0,1.0,0.0,0.0,5.0,0.9457942631855614,0.054205736814438646,4
2121,17,0.0,0.0,1.0,5.0,12.0,0.0,47.0,1.0,0.0,0.0,43.0,0.11,93.0,1.0,0.0,9.0,2.0,7.08510638297872,1.0,1.0,5.2,0.0,0.0,1.0,0.0,0.0,5.0,0.9504756517106069,0.049524348289393075,4
2121,18,4.0,0.0,1.0,5.0,12.0,0.0,47.0,1.0,0.0,19.0,43.0,0.11,93.0,1.0,0.0,9.0,2.0,7.08510638297872,1.0,1.0,0.714285714285714,0.0,0.0,1.0,0.0,0.0,5.0,0.5936262801937828,0.4063737198062172,1
2121,19,4.0,0.0,1.0,5.0,12.0,0.0,47.0,1.0,0.0,19.0,43.0,0.11,93.0,1.0,0.0,9.0,2.0,7.08510638297872,1.0,25.0,0.714285714285714,0.0,0.0,1.0,0.0,0.0,5.0,0.7670970563446153,0.23290294365538472,2
