feature,value,importance,left,right,rec,rule,min,max
CountClassCoupled,67.0,0.418158541147206,0.0,35.464692589333026,-1,CountClassCoupled > 35.464692589333026,0.0,132.0
OWN_COMMIT,0.5,0.07968352294451873,0.0,0.48523577667359796,-1,0.48523577667359796 < OWN_COMMIT <= 0.9163585933794693,0.0,1.0
CountDeclClassMethod,547.0,0.019621950382264285,0.0,47.46896135242978,-1,CountDeclClassMethod > 47.46896135242978,0.0,247.0
CountDeclMethodProtected,133.0,0.013534828661388203,0.0,23.98489973706664,-1,CountDeclMethodProtected > 23.98489973706664,0.0,83.0
