feature,value,importance,left,right,rec,rule,min,max
OWN_COMMIT,0.25,0.06480559883958638,0.0,0.12394271196938178,-1,0.12394271196938178 < OWN_COMMIT <= 0.48523577667359796,0.0,1.0
CountDeclClassMethod,21.0,0.06118014942626782,0.0,1.5382515305679796,-1,1.5382515305679796 < CountDeclClassMethod <= 36.01015640726675,0.0,247.0
CountClassCoupled,9.0,0.004861342224593335,0.0,6.499979891786626,-1,6.499979891786626 < CountClassCoupled <= 14.528794990404752,0.0,132.0
CountDeclMethodProtected,0.0,0.0032191305981917155,0.0,0.0,-1,CountDeclMethodProtected <= 0.5126907197084872,0.0,83.0
