feature,value,importance,left,right,rec,rule,min,max
CountClassCoupled,18.0,0.09730678643583938,0.0,14.528794990404752,-1,14.528794990404752 < CountClassCoupled <= 19.508692962965362,0.0,132.0
OWN_COMMIT,0.2,0.07533060197729252,0.0,0.12394271196938178,-1,0.12394271196938178 < OWN_COMMIT <= 0.48523577667359796,0.0,1.0
CountDeclMethodProtected,1.0,-0.007818277291164102,1.4975386505067312,83.0,1,0.5126907197084872 < CountDeclMethodProtected <= 1.4975386505067312,0.0,83.0
CountDeclClassMethod,55.0,-0.0012975580406475098,247.0,247.0,1,CountDeclClassMethod > 47.46896135242978,0.0,247.0
