feature,value,importance,left,right,rec,rule,min,max
CountDeclMethodPublic,25.0,0.07371891114721744,0.0,19.46203008474309,-1,19.46203008474309 < CountDeclMethodPublic <= 97.97323714609264,0.0,130.0
AvgLineBlank,0.0,-0.03648394235392812,0.4964566109928017,7.0,1,AvgLineBlank <= 0.4964566109928017,0.0,7.0
CountDeclClass,1.0,-0.019548673548847203,1.5031601220480126,26.0,1,0.495988191844156 < CountDeclClass <= 1.5031601220480126,0.0,26.0
CountClassCoupled,9.0,-0.004055425023525074,9.496381019578344,64.0,1,4.517040945192387 < CountClassCoupled <= 9.496381019578344,0.0,64.0
CountDeclMethodPrivate,0.0,9.760364456975424e-05,0.0,0.0,-1,CountDeclMethodPrivate <= 0.49821395562185433,0.0,15.0
