feature,value,importance,left,right,rec,rule,min,max
CountClassCoupled,11.0,0.0852608418753889,0.0,10.492249034455536,-1,10.492249034455536 < CountClassCoupled <= 17.999561761991284,0.0,64.0
CountDeclMethodPublic,75.0,0.07728088036283523,0.0,19.46203008474309,-1,19.46203008474309 < CountDeclMethodPublic <= 97.97323714609264,0.0,130.0
CountDeclClass,4.0,-0.006798726883996477,4.494611078922155,26.0,1,3.502471565587012 < CountDeclClass <= 4.494611078922155,0.0,26.0
CountDeclMethodPrivate,2.0,0.0007788518675332206,0.0,1.4992350253535944,-1,1.4992350253535944 < CountDeclMethodPrivate <= 2.500256095085335,0.0,15.0
