feature,value,importance,left,right,rec,rule,min,max
CountClassCoupled,32.0,0.10693527179827603,0.0,17.999561761991284,-1,CountClassCoupled > 17.999561761991284,0.0,64.0
CountDeclMethodPrivate,12.0,-0.04292404413918525,15.0,15.0,1,CountDeclMethodPrivate > 12.002906813383825,0.0,15.0
AvgLineBlank,2.0,0.04126276967683053,0.0,1.4973317105590893,-1,1.4973317105590893 < AvgLineBlank <= 5.500832108824239,0.0,7.0
CountDeclMethodPublic,12.0,0.017282815748582727,0.0,8.467203369720071,-1,8.467203369720071 < CountDeclMethodPublic <= 13.516679342545459,0.0,130.0
CountDeclClass,2.0,-0.002040717344225109,2.495299635383155,26.0,1,1.5031601220480126 < CountDeclClass <= 2.495299635383155,0.0,26.0
