feature,value,importance,left,right,rec,rule,min,max
CountClassCoupled,19.0,0.07792494826955092,0.0,17.999561761991284,-1,CountClassCoupled > 17.999561761991284,0.0,64.0
CountDeclMethodPublic,25.0,0.07168121317586447,0.0,19.46203008474309,-1,19.46203008474309 < CountDeclMethodPublic <= 97.97323714609264,0.0,130.0
CountDeclClass,4.0,0.024142719306881708,0.0,3.502471565587012,-1,3.502471565587012 < CountDeclClass <= 4.494611078922155,0.0,26.0
CountDeclMethodPrivate,4.0,0.007398253649620309,0.0,2.500256095085335,-1,2.500256095085335 < CountDeclMethodPrivate <= 12.002906813383825,0.0,15.0
