feature,value,importance,left,right,rec,rule,min,max
CountClassCoupled,19.0,0.08189393733345922,0.0,17.999561761991284,-1,CountClassCoupled > 17.999561761991284,0.0,64.0
AvgLineBlank,2.0,0.041339549403046905,0.0,1.4973317105590893,-1,1.4973317105590893 < AvgLineBlank <= 5.500832108824239,0.0,7.0
CountDeclClass,1.0,-0.014688443895327762,1.5031601220480126,26.0,1,0.495988191844156 < CountDeclClass <= 1.5031601220480126,0.0,26.0
CountDeclMethodPrivate,1.0,-0.009922380040839283,1.4992350253535944,15.0,1,0.49821395562185433 < CountDeclMethodPrivate <= 1.4992350253535944,0.0,15.0
CountDeclMethodPublic,5.0,0.006958214039238449,0.0,1.4630915364461483,-1,1.4630915364461483 < CountDeclMethodPublic <= 8.467203369720071,0.0,130.0
