feature,value,importance,min,max,rule,importance_ratio
CountClassCoupled,38.0,0.2858935247988199,0.0,108.0,CountClassCoupled > 34.49944319326817,0.5343781943289618
CountDeclMethodPublic,76.0,0.06273413068345284,0.0,217.0,CountDeclMethodPublic > 71.96731990555539,0.11725956892871546
CountDeclInstanceVariable,38.0,0.05187097534537781,0.0,97.0,CountDeclInstanceVariable > 23.504434313555777,0.0969546902562779
CountDeclMethodDefault,0.0,-0.03607543221185715,0.0,114.0,CountDeclMethodDefault <= 0.505583502087303,0.06743043354540733
CountLineComment,37.0,0.028310282137822065,16.0,1595.0,35.440018134585465 < CountLineComment <= 66.34745759844142,0.05291619479804064
