feature,value,importance,min,max,rule,importance_ratio
CountDeclMethodDefault,0.0,-0.03720999607961971,0.0,114.0,CountDeclMethodDefault <= 0.505583502087303,0.19150738515734222
CountLineComment,37.0,0.02822335344514423,16.0,1595.0,35.440018134585465 < CountLineComment <= 66.34745759844142,0.14525614587773095
CountDeclMethodProtected,6.0,0.02437180181262201,0.0,33.0,5.506791325430756 < CountDeclMethodProtected <= 6.4917412616368875,0.12543349982411273
MINOR_LINE,4.0,0.01811899827795954,1.0,7.0,3.4971871352848427 < MINOR_LINE <= 4.502461526576207,0.09325241460541109
CountClassCoupled,9.0,0.017786204657418127,0.0,108.0,8.493109105017123 < CountClassCoupled <= 13.519892531020918,0.09153963732022782
