feature,value,importance,min,max,rule,importance_ratio
CountDeclMethodDefault,0.0,-0.03541634226017368,0.0,114.0,CountDeclMethodDefault <= 0.505583502087303,0.16480961355190896
CountClassCoupled,15.0,0.03389900090792074,0.0,108.0,13.519892531020918 < CountClassCoupled <= 18.505132292347,0.15774867992827077
CountDeclMethodPublic,47.0,0.03349684643277153,0.0,217.0,43.48930102784986 < CountDeclMethodPublic <= 71.96731990555539,0.1558772578838762
CountLineComment,42.0,0.029367799209200175,16.0,1595.0,35.440018134585465 < CountLineComment <= 66.34745759844142,0.13666277570343885
CountDeclInstanceVariable,17.0,0.01229465705264497,0.0,97.0,8.497937266160248 < CountDeclInstanceVariable <= 23.504434313555777,0.0572130702463381
