feature,value,importance,min,max,rule,importance_ratio
CountDeclMethodPublic,46.0,0.036083012869535684,0.0,217.0,43.48930102784986 < CountDeclMethodPublic <= 71.96731990555539,0.15282681519792454
CountDeclMethodDefault,0.0,-0.03586785948592709,0.0,114.0,CountDeclMethodDefault <= 0.505583502087303,0.15191554965269843
CountClassCoupled,14.0,0.0335558463069553,0.0,108.0,13.519892531020918 < CountClassCoupled <= 18.505132292347,0.14212319633354958
CountLineComment,48.0,0.02988733220247895,16.0,1595.0,35.440018134585465 < CountLineComment <= 66.34745759844142,0.12658548807390665
MINOR_LINE,4.0,0.02100052113040179,1.0,7.0,3.4971871352848427 < MINOR_LINE <= 4.502461526576207,0.08894608588978736
