feature,value,importance,min,max,rule,importance_ratio
AvgCyclomaticModified,5.0,0.08554275255019479,0.0,24.0,4.500475537693087 < AvgCyclomaticModified <= 6.5010971831177145,0.21577914134532483
CountLineComment,95.0,0.05427512325896276,16.0,1595.0,70.42316390136749 < CountLineComment <= 405.65000731703594,0.13690744270075494
CountDeclMethodProtected,7.0,0.051205183603698065,0.0,33.0,6.4917412616368875 < CountDeclMethodProtected <= 7.494599378501313,0.1291636079158469
CountOutput_Mean,10.8461538461538,0.04319027167019115,0.0,26.0,9.868387628018098 < CountOutput_Mean <= 11.579115129783318,0.10894622229973978
MAJOR_LINE,6.0,0.03916261420189052,0.0,11.0,4.495439044857874 < MAJOR_LINE <= 6.495923940139127,0.09878657178308106
