feature,value,importance,min,max,rule,importance_ratio
CountDeclMethodPublic,89.0,0.08707962343635374,0.0,217.0,CountDeclMethodPublic > 71.96731990555539,0.2696984115882595
CountLineComment,300.0,0.056043480652358764,16.0,1595.0,70.42316390136749 < CountLineComment <= 405.65000731703594,0.1735749089781711
MAJOR_LINE,5.0,0.037447005135522966,0.0,11.0,4.495439044857874 < MAJOR_LINE <= 6.495923940139127,0.11597888696854051
CountDeclMethodDefault,0.0,-0.0357834597309374,0.0,114.0,CountDeclMethodDefault <= 0.505583502087303,0.11082664198266735
CountClassCoupled,21.0,0.03483217461158734,0.0,108.0,18.505132292347 < CountClassCoupled <= 34.49944319326817,0.10788037194230851
