feature,value,importance,min,max,rule,importance_ratio
CountLineComment,97.0,0.05601031039691035,16.0,1595.0,70.42316390136749 < CountLineComment <= 405.65000731703594,0.25574802641562494
CountDeclMethodDefault,0.0,-0.035199157019302714,0.0,114.0,CountDeclMethodDefault <= 0.505583502087303,0.16072246119309022
CountDeclMethodPublic,47.0,0.03099913720516568,0.0,217.0,43.48930102784986 < CountDeclMethodPublic <= 71.96731990555539,0.14154479960256777
CountClassCoupled,13.0,0.01873220335615742,0.0,108.0,8.493109105017123 < CountClassCoupled <= 13.519892531020918,0.08553289572588536
MAJOR_LINE,3.0,0.012073693752320064,0.0,11.0,2.494954149576622 < MAJOR_LINE <= 4.495439044857874,0.05512955252025971
