feature,value,importance,min,max,rule,importance_ratio
OWN_COMMIT,0.888888888888889,0.26874761490257265,0.0,1.0,0.8656770168722359 < OWN_COMMIT <= 0.9369845751723456,0.4396739254494351
MAJOR_LINE,8.0,0.0660780375024379,0.0,11.0,MAJOR_LINE > 6.495923940139127,0.10810436455491589
CountLineComment,270.0,0.0546950961557515,16.0,1595.0,70.42316390136749 < CountLineComment <= 405.65000731703594,0.08948175275286271
CountDeclInstanceVariable,25.0,0.04535241929438387,0.0,97.0,CountDeclInstanceVariable > 23.504434313555777,0.07419703511422521
CountDeclMethodDefault,0.0,-0.03542937245554468,0.0,114.0,CountDeclMethodDefault <= 0.505583502087303,0.057962826086425306
