feature,value,importance,min,max,rule,importance_ratio
CountLineComment,495.0,0.14654836843283559,16.0,1595.0,CountLineComment > 405.65000731703594,0.28698325180152995
MAJOR_LINE,7.0,0.08117261180097086,0.0,11.0,MAJOR_LINE > 6.495923940139127,0.15895898631271524
CountDeclMethodPublic,78.0,0.06755644588667621,0.0,217.0,CountDeclMethodPublic > 71.96731990555539,0.1322946732743594
CountDeclClassMethod,70.0,0.06246072824442354,0.0,78.0,CountDeclClassMethod > 19.498633948597103,0.12231581349669958
CountDeclMethodDefault,0.0,-0.035917199821023614,0.0,114.0,CountDeclMethodDefault <= 0.505583502087303,0.07033605976286775
