feature,value,importance,min,max,rule,importance_ratio
CountDeclClassMethod,18.0,0.2474321644901891,0.0,78.0,14.00060124762396 < CountDeclClassMethod <= 19.498633948597103,0.5467543693253865
CountLineComment,106.0,0.05384886785288623,16.0,1595.0,70.42316390136749 < CountLineComment <= 405.65000731703594,0.11899060836513958
CountDeclMethodDefault,0.0,-0.03580255277778584,0.0,114.0,CountDeclMethodDefault <= 0.505583502087303,0.07911340954637017
MAJOR_LINE,5.0,0.03170755127797255,0.0,11.0,4.495439044857874 < MAJOR_LINE <= 6.495923940139127,0.0700646265515235
AvgCyclomaticModified,4.0,0.025043480973381674,0.0,24.0,2.49985389226846 < AvgCyclomaticModified <= 4.500475537693087,0.055338935718102805
