{
    "37": {
        "CountClassCoupled": [
            15.0,
            14.0,
            13.0,
            12.0,
            10.5,
            8.5,
            6.5,
            4.5,
            2.5,
            0.5
        ],
        "OWN_COMMIT": [
            0.5,
            0.470588235294118,
            0.428571428571429,
            0.421052631578947,
            0.4,
            0.380952380952381,
            0.333333333333333,
            0.0
        ],
        "CountDeclInstanceMethod": [
            68.0,
            53.0,
            47.0,
            37.0,
            30.0,
            25.0,
            20.0,
            14.5,
            8.5,
            2.5
        ],
        "CountDeclClass": [
            5,
            4,
            3,
            2,
            1,
            0
        ],
        "CountClassBase": [
            1,
            0
        ]
    },
    "56": {
        "CountClassCoupled": [
            52.0,
            37.0,
            30.0,
            26.0,
            20.0,
            17.0,
            13.5,
            9.5,
            5.5,
            1.5
        ],
        "CountDeclClass": [
            21.0,
            18.0,
            15.5,
            12.5,
            10.5,
            8.5,
            6.5,
            4.5,
            2.5,
            0.5
        ],
        "OWN_COMMIT": [
            0.5,
            0.470588235294118,
            0.428571428571429,
            0.421052631578947,
            0.4,
            0.380952380952381,
            0.333333333333333,
            0.0
        ],
        "CountClassBase": [
            2,
            1,
            0
        ]
    },
    "195": {
        "OWN_COMMIT": [
            0.5,
            0.470588235294118,
            0.428571428571429,
            0.421052631578947,
            0.4,
            0.380952380952381,
            0.333333333333333,
            0.0
        ],
        "CountClassCoupled": [
            4,
            3,
            2,
            1,
            0
        ],
        "CountDeclClass": [
            2,
            1,
            0
        ],
        "CountDeclInstanceMethod": [
            2,
            1,
            0
        ],
        "CountClassBase": [
            1,
            0
        ]
    },
    "223": {
        "CountClassCoupled": [
            52.0,
            37.0,
            30.0,
            26.0,
            20.0,
            17.0,
            13.5,
            9.5,
            5.5,
            1.5
        ],
        "OWN_COMMIT": [
            0.5,
            0.470588235294118,
            0.428571428571429,
            0.421052631578947,
            0.4,
            0.380952380952381,
            0.333333333333333,
            0.0
        ],
        "CountDeclClass": [
            1,
            0
        ],
        "CountClassBase": [
            2,
            1,
            0
        ]
    },
    "256": {
        "CountClassCoupled": [
            15.0,
            14.0,
            13.0,
            12.0,
            10.5,
            8.5,
            6.5,
            4.5,
            2.5,
            0.5
        ],
        "CountDeclClass": [
            1,
            0
        ],
        "CountClassBase": [
            1,
            0
        ],
        "CountDeclInstanceMethod": [
            70.0,
            56.0,
            49.0,
            40.0,
            33.0,
            26.5,
            20.5,
            14.5,
            8.5,
            2.5
        ]
    },
    "345": {
        "CountClassCoupled": [
            52.0,
            37.0,
            30.0,
            26.0,
            20.0,
            17.0,
            13.5,
            9.5,
            5.5,
            1.5
        ],
        "OWN_COMMIT": [
            0.4,
            0.380952380952381,
            0.333333333333333,
            0.0
        ],
        "CountDeclClass": [
            5,
            4,
            3,
            2,
            1,
            0
        ],
        "CountClassBase": [
            1,
            0
        ],
        "CountDeclInstanceMethod": [
            70.0,
            56.0,
            49.0,
            40.0,
            33.0,
            26.5,
            20.5,
            14.5,
            8.5,
            2.5
        ]
    },
    "356": {
        "CountClassCoupled": [
            15.0,
            14.0,
            13.0,
            12.0,
            10.5,
            8.5,
            6.5,
            4.5,
            2.5,
            0.5
        ],
        "OWN_COMMIT": [
            0.5,
            0.470588235294118,
            0.428571428571429,
            0.421052631578947,
            0.4,
            0.380952380952381,
            0.333333333333333,
            0.0
        ],
        "CountClassBase": [
            1,
            0
        ],
        "CountDeclInstanceMethod": [
            8,
            7,
            6,
            5,
            4,
            3,
            2,
            1,
            0
        ]
    },
    "363": {
        "CountClassCoupled": [
            15.0,
            14.0,
            13.0,
            12.0,
            10.5,
            8.5,
            6.5,
            4.5,
            2.5,
            0.5
        ],
        "OWN_COMMIT": [
            0.5,
            0.470588235294118,
            0.428571428571429,
            0.421052631578947,
            0.4,
            0.380952380952381,
            0.333333333333333,
            0.0
        ],
        "CountDeclClass": [
            1,
            0
        ],
        "CountDeclInstanceMethod": [
            14.0,
            13.0,
            12.0,
            11.0,
            10.0,
            8.5,
            6.5,
            4.5,
            2.5,
            0.5
        ],
        "CountClassBase": [
            0
        ]
    },
    "364": {
        "CountClassCoupled": [
            15.0,
            14.0,
            13.0,
            12.0,
            10.5,
            8.5,
            6.5,
            4.5,
            2.5,
            0.5
        ],
        "OWN_COMMIT": [
            0.0
        ],
        "CountClassBase": [
            2,
            1,
            0
        ],
        "CountDeclClass": [
            5,
            4,
            3,
            2,
            1,
            0
        ]
    },
    "397": {
        "OWN_COMMIT": [
            0.5,
            0.470588235294118,
            0.428571428571429,
            0.421052631578947,
            0.4,
            0.380952380952381,
            0.333333333333333,
            0.0
        ],
        "CountClassCoupled": [
            15.0,
            14.0,
            13.0,
            12.0,
            10.5,
            8.5,
            6.5,
            4.5,
            2.5,
            0.5
        ],
        "CountDeclClass": [
            0
        ]
    },
    "450": {
        "OWN_COMMIT": [
            0.5,
            0.470588235294118,
            0.428571428571429,
            0.421052631578947,
            0.4,
            0.380952380952381,
            0.333333333333333,
            0.0
        ],
        "CountClassCoupled": [
            4,
            3,
            2,
            1,
            0
        ],
        "CountDeclClass": [
            2,
            1,
            0
        ],
        "CountDeclInstanceMethod": [
            2,
            1,
            0
        ]
    },
    "451": {
        "OWN_COMMIT": [
            0.5,
            0.470588235294118,
            0.428571428571429,
            0.421052631578947,
            0.4,
            0.380952380952381,
            0.333333333333333,
            0.0
        ],
        "CountDeclClass": [
            2.5,
            4.5,
            6.5,
            8.5,
            10.5,
            12.5,
            15.5,
            19.5,
            25.5,
            37.0
        ],