"Rule ID","Antecedent","Consequent","Antecedent Coverage %","Antecedent Coverage","Support %","Support","Confidence","Leverage","Lift","p-value","Consequent Coverage %","Consequent Coverage"
"b'000000'","b'27.6 < CountLineComment <= 40.6'","b'target = 0'",0.19522,417,0.19522,417,1,0.00558,1.0294,1.42539e-06,0.97144,2075
"b'000001'","b'-5.7 < Del_lines <= 2.5'","b'target = 0'",0.5309,1134,0.52996,1132,0.99824,0.01423,1.02758,8.87229e-18,0.97144,2075
"b'000002'","b'-0.205 < CountClassDerived <= 0.225'","b'target = 0'",0.41901,895,0.41573,888,0.99218,0.00869,1.02135,1.57039e-07,0.97144,2075
"b'000003'","b'0.932 < AvgCyclomaticModified <= 1.032'","b'target = 0'",0.53137,1135,0.52481,1121,0.98767,0.00862,1.0167,1.04987e-06,0.97144,2075
"b'000004'","b'-0.1768 < MINOR_COMMIT <= 0.007'","b'target = 0'",0.98081,2095,0.95927,2049,0.97804,0.00647,1.0068,4.08894e-14,0.97144,2075
