"Rule ID","Antecedent","Consequent","Antecedent Coverage %","Antecedent Coverage","Support %","Support","Confidence","Leverage","Lift","p-value","Consequent Coverage %","Consequent Coverage"
"b'000000'","b'-0.05 < Del_lines <= 2.05'","b'target = 0'",0.69598,1559,0.69598,1559,1,0.00746,1.01083,2.9188e-13,0.98929,2216
"b'000001'","b'0.4981 < OWN_COMMIT <= 0.505'","b'target = 0'",0.67366,1509,0.67321,1508,0.99934,0.00677,1.01016,8.57589e-11,0.98929,2216
"b'000002'","b'0.9605 < AvgCyclomaticModified <= 1.012'","b'target = 0'",0.88036,1972,0.87634,1963,0.99544,0.00541,1.00622,4.91323e-09,0.98929,2216
"b'000003'","b'-0.051 < CountDeclMethodPrivate <= 0.025'","b'target = 0'",0.88929,1992,0.88482,1982,0.99498,0.00506,1.00576,2.08179e-08,0.98929,2216
"b'000004'","b'-0.043 < CountDeclClassMethod <= 0.026'","b'target = 0'",0.90893,2036,0.90402,2025,0.9946,0.00483,1.00537,2.08191e-08,0.98929,2216
