feature,value,importance,left,right,rec,rule,min,max
OWN_COMMIT,1.0,0.006993145392011274,0.0,0.9369845751723456,-1,OWN_COMMIT > 0.9369845751723456,0.0,1.0
MINOR_LINE,1.0,-0.0013035201200256388,1.5027227429627759,7.0,1,MINOR_LINE <= 1.5027227429627759,1.0,7.0
CountClassCoupled,1.0,-0.00020402088003549106,5.501965248221476,108.0,1,0.5167254868953952 < CountClassCoupled <= 5.501965248221476,0.0,108.0
CountDeclMethodPublic,1.0,-0.00013400210732455613,4.529144908513342,217.0,1,0.5403670201050792 < CountDeclMethodPublic <= 4.529144908513342,0.0,217.0
