feature,value,importance,left,right,rec,rule,min,max
MAJOR_LINE,5.0,0.03481180730767406,0.0,4.495439044857874,-1,4.495439044857874 < MAJOR_LINE <= 6.495923940139127,0.0,11.0
CountDeclMethodPublic,49.0,0.03340940253770014,0.0,43.48930102784986,-1,43.48930102784986 < CountDeclMethodPublic <= 71.96731990555539,0.0,217.0
CountClassCoupled,31.0,0.027291688418195167,0.0,18.505132292347,-1,18.505132292347 < CountClassCoupled <= 34.49944319326817,0.0,108.0
OWN_COMMIT,1.0,0.005550000327090391,0.0,0.9369845751723456,-1,OWN_COMMIT > 0.9369845751723456,0.0,1.0
