{
    "41": {
        "CountDeclMethodPublic": [
            5,
            4,
            3
        ]
    },
    "43": {
        "RatioCommentToCode": [
            1.05,
            1.1,
            1.1500000000000001,
            1.2000000000000002,
            1.2500000000000002,
            1.3000000000000003,
            1.3500000000000003,
            1.4000000000000004,
            1.4500000000000004,
            1.5000000000000004,
            1.5500000000000005,
            1.6000000000000005,
            1.6500000000000006,
            1.7000000000000006,
            1.7500000000000007,
            1.8000000000000007,
            1.8500000000000008,
            1.9000000000000008,
            1.9500000000000008,
            2.000000000000001,
            2.0500000000000007
        ]
    },
    "48": {
        "CountDeclMethodPublic": [
            3,
            2,
            1
        ]
    },
    "58": {
        "RatioCommentToCode": [
            1.88,
            1.93,
            1.98,
            2.0300000000000002,
            2.08,
            2.13,
            2.18,
            2.2300000000000004,
            2.2800000000000002,
            2.33,
            2.3800000000000003,
            2.4300000000000006,
            2.4800000000000004,
            2.5300000000000002,
            2.5800000000000005,
            2.630000000000001,
            2.6800000000000006,
            2.7300000000000004,
            2.7800000000000007,
            2.830000000000001,
            2.880000000000001,
            2.9300000000000006,
            2.980000000000001,
            3.030000000000001,
            3.080000000000001,
            3.130000000000001,
            3.180000000000001,
            3.2300000000000013,
            3.280000000000001,
            3.330000000000001,
            3.3800000000000012,
            3.4300000000000015,
            3.4800000000000013,
            3.530000000000001,
            3.5800000000000014,
            3.6300000000000017,
            3.6800000000000015,
            3.7300000000000013,
            3.7800000000000016,
            3.830000000000002,
            3.8800000000000017,
            3.9300000000000015,
            3.9800000000000018,
            4.030000000000002,
            4.080000000000002,
            4.130000000000002,
            4.1800000000000015,
            4.230000000000002,
            4.280000000000002,
            4.330000000000002,
            4.380000000000003,
            4.430000000000002,
            4.480000000000002,
            4.530000000000002,
            4.580000000000002,
            4.630000000000003,
            4.680000000000002,
            4.730000000000002,
            4.780000000000003,
            4.830000000000003,
            4.880000000000003,
            4.930000000000002,
            4.980000000000002,
            5.030000000000003,
            5.080000000000003,
            5.130000000000003,
            5.180000000000003,
            5.230000000000003,
            5.280000000000003,
            5.330000000000003,
            5.380000000000003,
            5.430000000000003,
            5.480000000000003,
            5.530000000000003,
            5.580000000000004,
            5.6300000000000034,
            5.680000000000003,
            5.730000000000003,
            5.780000000000003,
            5.830000000000004,
            5.8800000000000034,
            5.930000000000003,
            5.980000000000003,
            6.030000000000004,
            6.080000000000004,
            6.1300000000000034,
            6.180000000000004,
            6.230000000000004,
            6.280000000000004,
            6.330000000000004,
            6.3800000000000034,
            6.430000000000004,
            6.480000000000004,
            6.530000000000004,
            6.5800000000000045,
            6.630000000000004,
            6.680000000000004,
            6.730000000000004,
            6.780000000000004,
            6.8300000000000045,
            6.880000000000004,
            6.930000000000004,
            6.980000000000005,
            7.030000000000005,
            7.0800000000000045,
            7.130000000000004,
            7.180000000000004,
            7.230000000000005,
            7.280000000000005,
            7.3300000000000045,
            7.380000000000005,
            7.430000000000005,
            7.480000000000005,
            7.530000000000005
        ]
    },
    "67": {
        "CountInput_Mean": [
            1.1500000000000001,
            1.1,
            1.05,
            1.0,
            0.9500000000000001,
            0.9,
            0.8500000000000001,
            0.8,
            0.75,
            0.7000000000000001,
            0.65,
            0.6000000000000001,
            0.55,
            0.5,
            0.45,
            0.4,
            0.35000000000000003,
            0.30000000000000004,
            0.25,
            0.2,
            0.15000000000000002,
            0.1,
            0.05,
            0.0
        ]
    },
    "97": {
        "CountClassCoupled": [
            4,
            3
        ]
    },
    "110": {
        "CountClassCoupled": [
            6,
            5,
            4
        ]
    },
    "133": {
        "CountClassBase": [
            0
        ]
    },
    "153": {
        "CountDeclMethodPublic": [
            3,
            2,
            1
        ]
    },
    "156": {
        "CountDeclInstanceVariable": [
            0
        ]
    },
    "165": {
        "OWN_LINE": [
            0.798,
            0.8480000000000001,
            0.8980000000000001,
            0.9480000000000002,
            0.9980000000000002
        ]
    },
    "212": {
        "CountDeclMethodPublic": [
            6,
            5,
            4
        ]
    },
    "228": {
        "CountClassBase": [
            0
        ]
    },
    "229": {
        "CountClassCoupled": [
            0
        ]
    },
    "236": {
        "CountClassCoupled": [
            1
        ]
    },
    "243": {
        "CountClassCoupled": [
            0
        ]
    },
    "259": {
        "CountClassBase": [
            0
        ]
    },
    "409": {
        "RatioCommentToCode": [
            1.085,
            1.135,
            1.185,
            1.235,
            1.2850000000000001,
            1.3350000000000002,
            1.3850000000000002,
            1.4350000000000003,
            1.4850000000000003,
            1.5350000000000004,
            1.5850000000000004,
            1.6350000000000005,
            1.6850000000000005,
            1.7350000000000005
        ]
    },
    "445": {
        "CountDeclClassVariable": [
            0
        ]
    },
    "520": {
        "CountDeclMethodProtected": [
            1
        ]
    },
    "523": {
        "CountDeclMethodPublic": [
            3,
            2,
            1
        ]
    },