feature,value,importance,min,max,rule,importance_ratio
OWN_COMMIT,0.0,0.35101988113319493,0.333333333333333,1.0,OWN_COMMIT <= 0.5145864139598059,0.4839193263927838
AvgCyclomaticModified,2.0,0.05463332811931478,0.0,14.0,1.4992287643594169 < AvgCyclomaticModified <= 4.5018610240061365,0.07531802260528589
RatioCommentToCode,0.24,0.05451515232733226,0.03,13.17,0.16934579279518402 < RatioCommentToCode <= 0.28015981078771035,0.07515510434131892
MINOR_COMMIT,0.0,0.029615800699282838,0.0,1.0,MINOR_COMMIT <= 0.49994445525106007,0.040828622808238374
ADEV,0.0,-0.025515786094337602,1.0,23.0,ADEV <= 2.508258838423875,0.03517630391558621
