feature,value,importance,min,max,rule,importance_ratio
OWN_COMMIT,0.0,0.35344017070385797,0.333333333333333,1.0,OWN_COMMIT <= 0.5145864139598059,0.4476797412105073
AvgCyclomaticModified,2.0,0.05326553201968658,0.0,14.0,1.4992287643594169 < AvgCyclomaticModified <= 4.5018610240061365,0.06746799477412371
CountDeclMethodPublic,28.0,0.04558882408492386,0.0,129.0,17.486264821402255 < CountDeclMethodPublic <= 28.511725725366688,0.05774440672034024
CountClassBase,3.0,0.03617779872479895,0.0,8.0,2.4984106375451036 < CountClassBase <= 3.498430361850358,0.045824071266234896
CountDeclMethodPrivate,6.0,0.029739409551982777,0.0,21.0,2.499077003230803 < CountDeclMethodPrivate <= 16.49569590159254,0.037668981274741144
