feature,value,importance,min,max,rule,importance_ratio
OWN_COMMIT,0.0,0.35437244834977616,0.333333333333333,1.0,OWN_COMMIT <= 0.5145864139598059,0.4077231412360747
RatioCommentToCode,0.18,0.055654801557267736,0.03,13.17,0.16934579279518402 < RatioCommentToCode <= 0.28015981078771035,0.06403361949121437
AvgCyclomaticModified,1.0,-0.05551271414153845,0.0,14.0,0.49835134447717677 < AvgCyclomaticModified <= 1.4992287643594169,0.0638701408468078
CountDeclMethodPublic,18.0,0.050594868064472893,0.0,129.0,17.486264821402255 < CountDeclMethodPublic <= 28.511725725366688,0.05821191414212458
CountClassBase,3.0,0.03565240030005062,0.0,8.0,2.4984106375451036 < CountClassBase <= 3.498430361850358,0.04101986119585358
