feature,value,importance,min,max,rule,importance_ratio
OWN_COMMIT,0.5,0.35056973622279813,0.333333333333333,1.0,OWN_COMMIT <= 0.5145864139598059,0.4728977996237895
AvgCyclomaticModified,3.0,0.054037596491561556,0.0,14.0,1.4992287643594169 < AvgCyclomaticModified <= 4.5018610240061365,0.07289351543333772
RatioCommentToCode,0.27,0.05349809011279873,0.03,13.17,0.16934579279518402 < RatioCommentToCode <= 0.28015981078771035,0.07216575329919332
CountClassCoupled,11.0,0.044426659835820344,0.0,72.0,10.530567416416119 < CountClassCoupled <= 13.472409202599035,0.05992893142276826
CountDeclMethodPublic,7.0,-0.033726692829470536,0.0,129.0,6.460803917437825 < CountDeclMethodPublic <= 7.5312370149101,0.04549531000447736
