feature,value,importance,min,max,rule,importance_ratio
OWN_COMMIT,0.5,0.3485657071407051,0.333333333333333,1.0,OWN_COMMIT <= 0.5145864139598059,0.4304366812394233
RatioCommentToCode,0.15,0.12782874502494987,0.03,13.17,0.12009511813183904 < RatioCommentToCode <= 0.16934579279518402,0.15785310960991675
AvgCyclomaticModified,2.0,0.05487603836847393,0.0,14.0,1.4992287643594169 < AvgCyclomaticModified <= 4.5018610240061365,0.06776530034653767
CountClassCoupled,2.0,-0.026619805662024633,0.0,72.0,1.5211769462309297 < CountClassCoupled <= 2.5017908749585693,0.03287225498570058
PercentLackOfCohesion,19.0,0.024598647761764687,0.0,100.0,PercentLackOfCohesion <= 27.5090474635302,0.030376368324946695
