feature,value,importance,min,max,rule,importance_ratio
CountClassCoupled,43.0,0.11477749174655777,0.0,72.0,CountClassCoupled > 26.52683212878574,0.14364257391004878
CountDeclMethodPublic,66.0,0.10248067814604843,0.0,129.0,55.48663978166802 < CountDeclMethodPublic <= 80.53477426251925,0.12825326778747245
OWN_COMMIT,0.8,0.09568713959912951,0.333333333333333,1.0,0.788684349671894 < OWN_COMMIT <= 0.9368453960027526,0.1197512405346785
ADEV,10.0,0.09505685524669052,1.0,23.0,7.50418577217262 < ADEV <= 13.001711795655172,0.11896244766856955
RatioCommentToCode,0.06,0.07043605281638265,0.03,13.17,RatioCommentToCode <= 0.12009511813183904,0.08814982596892981
