feature,value,importance,min,max,rule,importance_ratio
CountClassCoupled,21.0,0.15029785792694844,0.0,72.0,17.51744165860055 < CountClassCoupled <= 26.52683212878574,0.20421925119998238
RatioCommentToCode,0.16,0.1214687963190191,0.03,13.17,0.12009511813183904 < RatioCommentToCode <= 0.16934579279518402,0.165047373066955
OWN_COMMIT,0.875,0.09112666880556233,0.333333333333333,1.0,0.788684349671894 < OWN_COMMIT <= 0.9368453960027526,0.1238195961306777
ADEV,8.0,0.0882928514404016,1.0,23.0,7.50418577217262 < ADEV <= 13.001711795655172,0.1199691083836606
AvgCyclomaticModified,2.0,0.05088442843138969,0.0,14.0,1.4992287643594169 < AvgCyclomaticModified <= 4.5018610240061365,0.06913990668481965
