feature,value,importance,min,max,rule,importance_ratio
OWN_COMMIT,1.0,-0.32976794999220255,0.333333333333333,1.0,OWN_COMMIT > 0.9368453960027526,0.33731848775859274
RatioCommentToCode,0.15,0.11448047674751158,0.03,13.17,0.12009511813183904 < RatioCommentToCode <= 0.16934579279518402,0.11710168103136294
CountClassCoupled,21.0,0.11394285929494838,0.0,72.0,17.51744165860055 < CountClassCoupled <= 26.52683212878574,0.1165517540111794
CountDeclMethodPublic,48.0,0.09745172952512142,0.0,129.0,28.511725725366688 < CountDeclMethodPublic <= 55.48663978166802,0.09968303479355903
AvgCyclomaticModified,2.0,0.05121377821733735,0.0,14.0,1.4992287643594169 < AvgCyclomaticModified <= 4.5018610240061365,0.05238639540648105
