feature,value,importance,min,max,rule,importance_ratio
OWN_COMMIT,0.0,0.3516015530593531,0.333333333333333,1.0,OWN_COMMIT <= 0.5145864139598059,0.4682350688543341
AvgCyclomaticModified,1.0,-0.056051276028638866,0.0,14.0,0.49835134447717677 < AvgCyclomaticModified <= 1.4992287643594169,0.07464464494618604
RatioCommentToCode,0.26,0.054354268346258186,0.03,13.17,0.16934579279518402 < RatioCommentToCode <= 0.28015981078771035,0.07238470467546797
CountDeclMethodPublic,23.0,0.046165099461519164,0.0,129.0,17.486264821402255 < CountDeclMethodPublic <= 28.511725725366688,0.061479018897799456
MINOR_COMMIT,0.0,0.02547089593118762,0.0,1.0,MINOR_COMMIT <= 0.49994445525106007,0.03392011953971076
