feature,value,importance,min,max,rule,importance_ratio
OWN_COMMIT,0.5,0.34980148874350003,0.333333333333333,1.0,OWN_COMMIT <= 0.5145864139598059,0.5044142524390793
AvgCyclomaticModified,3.0,0.05456742613681637,0.0,14.0,1.4992287643594169 < AvgCyclomaticModified <= 4.5018610240061365,0.07868630737163598
CountClassCoupled,1.0,-0.03533957943185152,0.0,72.0,CountClassCoupled <= 1.5211769462309297,0.0509597246274158
CountInput_Mean,5.0,-0.030609257156401004,0.0,51.5,CountInput_Mean > 4.969854797552847,0.0441385930680904
ADEV,2.0,-0.02581291478557663,1.0,23.0,ADEV <= 2.508258838423875,0.037222260435797634
