Antecedent,Antecedent Coverage %,Confidence,Lift
0.83 < OWN_LINE <= 0.964,0.19696,0.98792,1.05788
0.37 < CountDeclMethodProtected <= 1.01,0.18316,0.98701,1.0569
OWN_LINE > 0.964,0.19886,0.98565,1.05544
CountClassCoupled <= 0.32,0.21456,0.98226,1.05182
0.981 < AvgCyclomaticModified <= 1.071,0.39914,0.96544,1.0338
-0.024 < CountDeclMethodPrivate <= 0.148,0.74786,0.95738,1.02517
