Antecedent,Antecedent Coverage %,Confidence,Lift
0.935 < RatioCommentToCode <= 2,0.2045,0.99297,1.08324
-0.042 < MAJOR_LINE <= 0.084 & 0.969 < AvgEssential <= 1.029,0.34435,0.98609,1.07574
-0.025 < CountDeclMethodDefault <= 0.235 & -0.02 < CountDeclClassMethod <= 0.138,0.5,0.97989,1.06897
0.83 < OWN_LINE <= 0.972,0.19923,0.97596,1.06469
-0.048 < Del_lines <= 0.112,0.80747,0.96856,1.05662
-0.02 < CountDeclClassMethod <= 0.138 & 0.969 < AvgEssential <= 1.029,0.57423,0.96831,1.05633
-0.04 < CountDeclInstanceVariable <= 1.14,0.35297,0.96608,1.0539
-0.042 < MAJOR_LINE <= 0.084,0.42241,0.96485,1.05257
