Antecedent,Antecedent Coverage %,Confidence,Lift
Del_lines <= -0.61,0.05672,1.0,1.16145
-0.01 < Del_lines <= 0.66,0.73315,0.97781,1.13567
CountOutput_Min > 1.825,0.20874,0.97105,1.12782
CountClassCoupled <= 0.66,0.1934,0.96635,1.12236
26.6 < CountLineComment <= 35.9 & 0.9665 < AvgEssential <= 1.0115,0.1669,0.96379,1.11939
0.66 < CountClassCoupled <= 2.36,0.21664,0.96137,1.11658
OWN_LINE > 0.974,0.19805,0.95305,1.10692
PercentLackOfCohesion <= 7.2,0.20177,0.947,1.0999
-0.24 < CountDeclInstanceVariable <= 1.32,0.28917,0.94534,1.09796
