Antecedent,Antecedent Coverage %,Confidence,Lift
0.58 < CountClassCoupled <= 1.82,0.1929,0.99057,1.10802
-0.32 < Del_lines <= 0.41,0.78935,0.9781,1.09408
CountClassCoupled <= 0.58,0.20519,0.97561,1.09129
CountClassBase <= 0.912,0.1465,0.96894,1.08384
RatioCommentToCode > 2.065,0.19609,0.9652,1.07965
24.7 < CountLineComment <= 31.4,0.19791,0.96322,1.07743
0.55 < CountDeclMethodProtected <= 1.36,0.23066,0.96252,1.07666
1.82 < CountClassCoupled <= 3.44,0.21065,0.96112,1.07509
