Antecedent,Antecedent Coverage %,Confidence,Lift
-0.14 < Del_lines <= 0.53,0.79527,0.97826,1.09204
0.26 < CountClassCoupled <= 1.92,0.18335,0.97767,1.09137
CountClassCoupled <= 0.26,0.21747,0.97071,1.08361
RatioCommentToCode > 1.895,0.19791,0.96782,1.08038
CountClassBase <= 0.878,0.16333,0.96657,1.07899
1.92 < CountClassCoupled <= 4.3,0.21474,0.9661,1.07846
1.005 < RatioCommentToCode <= 1.895,0.20382,0.95313,1.06398
PercentLackOfCohesion <= 2.5,0.23931,0.95247,1.06325
