Antecedent,Antecedent Coverage %,Confidence,Lift
CountClassCoupled <= 0.74,0.19602,0.98349,1.07711
CountClassBase <= 0.948,0.12436,0.98141,1.07483
-0.19 < Del_lines <= 0.37,0.83588,0.9729,1.06551
0.965 < RatioCommentToCode <= 1.675,0.20203,0.96568,1.0576
0.74 < CountClassCoupled <= 2.08,0.21221,0.96514,1.05701
18 < CountLineComment <= 26.8,0.26306,0.96485,1.05669
-0.108 < MAJOR_LINE <= 0.048,0.46325,0.9511,1.04163
