Antecedent,Antecedent Coverage %,Confidence,Lift
MaxInheritanceTree > 4.15,0.19238,1.0,1.06587
1.29 < RatioCommentToCode <= 2.095,0.2026,0.99541,1.06098
CountClassCoupled <= 0.84,0.18541,0.98747,1.05252
0.842 < OWN_LINE <= 0.962,0.19703,0.98585,1.05079
OWN_LINE > 0.962,0.19377,0.98561,1.05054
-0.41 < Del_lines <= 0.5,0.86292,0.97523,1.03947
-0.05 < CountDeclMethodPrivate <= 0.155,0.83132,0.96702,1.03072
-0.042 < MAJOR_LINE <= 0.025,0.53439,0.96609,1.02973
