Antecedent,Antecedent Coverage %,Confidence,Lift
1.94 < CountClassCoupled <= 3.84,0.21526,0.9913,1.05499
0.44 < CountDeclMethodProtected <= 1.18,0.20168,0.9884,1.0519
0.96 < RatioCommentToCode <= 1.695,0.19981,0.98595,1.04929
0.804 < OWN_LINE <= 0.966,0.19233,0.9854,1.04871
-0.92 < CountDeclInstanceVariable <= 1.02,0.37763,0.9777,1.04051
-0.09 < MAJOR_LINE <= 0.044,0.47169,0.97619,1.0389
-0.29 < Del_lines <= 0.6,0.89518,0.97543,1.0381
