{
    "59": {
        "MAJOR_LINE": [
            1,
            3,
            0
        ],
        "CountClassCoupled": [
            3,
            2,
            1,
            0
        ],
        "CountDeclMethodPublic": [
            0
        ],
        "OWN_COMMIT": [
            0.5,
            0.45,
            0.55,
            0.4,
            0.6000000000000001,
            0.35000000000000003,
            0.6500000000000001,
            0.30000000000000004,
            0.7000000000000002,
            0.25000000000000006,
            0.7500000000000002,
            0.20000000000000007,
            0.8000000000000003,
            0.15000000000000008,
            0.8500000000000003,
            0.10000000000000009,
            0.9000000000000004,
            0.0500000000000001,
            0.9500000000000004,
            1.1102230246251565e-16,
            1.0000000000000004,
            -0.04999999999999982,
            1.0500000000000005,
            -0.09999999999999987,
            1.1000000000000005,
            -0.1499999999999999,
            1.1500000000000006,
            -0.19999999999999984,
            1.2000000000000006,
            -0.24999999999999978,
            1.2500000000000007,
            -0.2999999999999998,
            1.3000000000000007,
            -0.34999999999999987,
            1.3500000000000008,
            1.4000000000000008,
            1.4500000000000008,
            1.5000000000000009,
            1.550000000000001,
            1.600000000000001,
            1.650000000000001
        ],
        "MINOR_LINE": [
            2,
            3,
            4,
            5,
            6
        ]
    },
    "204": {
        "MAJOR_LINE": [
            2,
            1,
            0
        ],
        "OWN_COMMIT": [
            0.013780821706795732,
            -0.03621917829320431,
            -0.08621917829320436,
            -0.1362191782932044,
            -0.18621917829320445,
            -0.2362191782932045,
            -0.28621917829320453,
            -0.3362191782932046,
            -0.3862191782932046,
            -0.43621917829320467,
            -0.4862191782932047,
            -0.5362191782932048,
            -0.5862191782932048,
            -0.6362191782932048,
            -0.6862191782932049
        ],
        "CountClassCoupled": [
            1,
            0
        ],
        "CountDeclMethodPublic": [
            1,
            0
        ],
        "MINOR_LINE": [
            3,
            4,
            5,
            6
        ]
    }
}