Antecedent,Antecedent Coverage %,Confidence,Lift
CountOutput_Mean <= 1.54,0.20082,1.0,1.05387
CountClassBase <= 0.922,0.17024,1.0,1.05387
0.49 < CountDeclClass <= 1.04,0.59425,0.99923,1.05306
-0.006 < OWN_COMMIT <= 0.14,0.32131,0.99858,1.05238
CountClassCoupled <= 2.15,0.20949,0.99782,1.05158
7.4 < CountLineComment <= 23.8,0.15974,0.99429,1.04785
CountLineComment <= 7.4,0.21953,0.99376,1.0473
-0.175 < MAJOR_LINE <= 0.31,0.35326,0.99354,1.04706
2.15 < CountClassCoupled <= 5.4,0.19306,0.99291,1.0464
