Antecedent,Antecedent Coverage %,Confidence,Lift
CountClassCoupled <= 1,0.20357,0.99781,1.19523
Del_lines <= -23.5,0.0625,0.98571,1.18075
0.874 < OWN_COMMIT <= 1.002,0.30714,0.97965,1.17349
1 < CountClassCoupled <= 3.7,0.20893,0.9765,1.16971
CountOutput_Mean <= 1.74,0.2058,0.96963,1.16148
-23.5 < Del_lines <= 5.5,0.45357,0.96654,1.15778
-0.015 < MAJOR_LINE <= 0.48,0.30491,0.9634,1.15402
PercentLackOfCohesion <= 16.6,0.20179,0.96239,1.15281
RatioCommentToCode > 2.19,0.16607,0.96237,1.15278
