Antecedent,Antecedent Coverage %,Confidence,Lift
CountClassCoupled <= 0.55,0.18571,0.99279,1.17788
0.55 < CountClassCoupled <= 3.25,0.22277,0.97595,1.15791
-16.5 < Del_lines <= 5,0.4683,0.96854,1.14912
-0.06 < MAJOR_LINE <= 0.5,0.30045,0.96582,1.14589
PercentLackOfCohesion <= 23.8,0.20134,0.96231,1.14172
MAJOR_LINE <= -0.06,0.10357,0.96121,1.14041
0.85 < OWN_COMMIT <= 1,0.30089,0.95994,1.13891
CountOutput_Mean <= 1.58,0.18839,0.95972,1.13865
3.25 < CountClassCoupled <= 7.1,0.2058,0.95011,1.12725
