feature,value,importance,min,max,rule,importance_ratio
OWN_COMMIT,0.666666666666667,0.26305897824151186,0.0,1.0,0.36450244784925023 < OWN_COMMIT <= 0.9806106315167405,0.29177873636451807
MaxInheritanceTree,2.0,-0.07587259336228319,0.0,5.0,1.4975445324042342 < MaxInheritanceTree <= 2.4990705242078834,0.08415606858938386
CountClassCoupled,16.0,0.07435230353367601,0.0,42.0,12.518831333769295 < CountClassCoupled <= 20.47194193978083,0.08246979941862939
AvgLineBlank,3.0,0.06832722411577953,0.0,21.0,1.5072801485159428 < AvgLineBlank <= 17.999846823274996,0.07578692521756066
CountClassDerived,0.0,-0.06208275570072052,0.0,118.0,CountClassDerived <= 8.500764909068277,0.06886070998022593
