feature,value,importance,min,max,rule,importance_ratio
OWN_COMMIT,0.75,0.2596802853920386,0.0,1.0,0.36450244784925023 < OWN_COMMIT <= 0.9806106315167405,0.2939179827939877
AvgLineBlank,6.0,0.08345542782886983,0.0,21.0,1.5072801485159428 < AvgLineBlank <= 17.999846823274996,0.09445865697366747
MaxInheritanceTree,4.0,-0.0749311526631091,0.0,5.0,MaxInheritanceTree > 3.5005965160115324,0.08481049381904512
MINOR_COMMIT,0.0,-0.0648566747556942,0.0,1.0,MINOR_COMMIT <= 0.4997656113766242,0.07340774054580508
RatioCommentToCode,0.17,0.060590025601764394,0.0,12.57,RatioCommentToCode <= 0.31833570473338724,0.06857855256675038
