feature,value,importance,min,max,rule,importance_ratio
OWN_COMMIT,0.5,0.264201175971381,0.0,1.0,0.36450244784925023 < OWN_COMMIT <= 0.9806106315167405,0.2690157821909201
MaxInheritanceTree,3.0,0.190276272895652,0.0,5.0,2.4990705242078834 < MaxInheritanceTree <= 3.5005965160115324,0.19374372652656754
CountClassCoupled,13.0,0.050599613164933784,0.0,42.0,12.518831333769295 < CountClassCoupled <= 20.47194193978083,0.05152170297530068
AvgLineBlank,1.0,0.04885007490307674,0.0,21.0,0.49558335018002864 < AvgLineBlank <= 1.5072801485159428,0.04974028242614537
CountClassDerived,0.0,-0.045587303621842816,0.0,118.0,CountClassDerived <= 8.500764909068277,0.04641805282173857
