feature,value,importance,min,max,rule,importance_ratio
OWN_COMMIT,1.0,0.24373860344317072,0.0,1.0,OWN_COMMIT > 0.9806106315167405,0.26088103185150047
MaxInheritanceTree,3.0,0.20663146554184728,0.0,5.0,2.4990705242078834 < MaxInheritanceTree <= 3.5005965160115324,0.2211641044218647
CountClassDerived,1.0,-0.08326416302083348,0.0,118.0,CountClassDerived <= 8.500764909068277,0.08912023150321867
AvgLineBlank,0.0,-0.08036650695362703,0.0,21.0,AvgLineBlank <= 0.49558335018002864,0.08601877980830966
RatioCommentToCode,0.3,0.05374736144645813,0.0,12.57,RatioCommentToCode <= 0.31833570473338724,0.057527477860997905
