feature,value,importance,min,max,rule,importance_ratio
OWN_COMMIT,0.75,0.24384123426630974,0.0,1.0,0.36450244784925023 < OWN_COMMIT <= 0.9806106315167405,0.2712700077995496
MaxInheritanceTree,3.0,0.19577214096677098,0.0,5.0,2.4990705242078834 < MaxInheritanceTree <= 3.5005965160115324,0.21779380491894113
CountClassDerived,71.0,0.08719989626371198,0.0,118.0,17.498646953591496 < CountClassDerived <= 81.0100131976823,0.09700868112299131
AvgLineBlank,0.0,-0.07494738305492712,0.0,21.0,AvgLineBlank <= 0.49558335018002864,0.08337792927861232
RatioCommentToCode,1.83,-0.03863417669181576,0.0,12.57,0.6054567464627787 < RatioCommentToCode <= 1.8413255782545073,0.04297998836846457
