feature,value,importance,min,max,rule,importance_ratio
OWN_COMMIT,0.375,0.2772276920235885,0.0,1.0,0.36450244784925023 < OWN_COMMIT <= 0.9806106315167405,0.19209081328584396
MaxInheritanceTree,3.0,0.2212985974684366,0.0,5.0,2.4990705242078834 < MaxInheritanceTree <= 3.5005965160115324,0.15333759501598274
AvgLineBlank,0.0,-0.12068352397593198,0.0,21.0,AvgLineBlank <= 0.49558335018002864,0.0836215029657496
MINOR_COMMIT,0.0,0.10784562063572592,0.0,1.0,MINOR_COMMIT <= 0.4997656113766242,0.0747261315275478
CountClassDerived,12.0,0.10193076153042858,0.0,118.0,9.50052958068197 < CountClassDerived <= 17.498646953591496,0.07062773108380328
