feature,value,importance,min,max,rule,importance_ratio
OWN_COMMIT,0.545454545454545,0.23827616228714046,0.0,1.0,0.36450244784925023 < OWN_COMMIT <= 0.9806106315167405,0.31356015611227794
AvgLineBlank,0.0,-0.07739996247319002,0.0,21.0,AvgLineBlank <= 0.49558335018002864,0.10185468862357837
MaxInheritanceTree,2.0,-0.06515134127853654,0.0,5.0,1.4975445324042342 < MaxInheritanceTree <= 2.4990705242078834,0.08573608264516162
MINOR_COMMIT,0.0,0.05715036265390209,0.0,1.0,MINOR_COMMIT <= 0.4997656113766242,0.07520717332200363
CountDeclMethodPublic,34.0,0.05385365059038945,0.0,82.0,26.502145012810463 < CountDeclMethodPublic <= 52.98285999938886,0.07086885622234115
