feature,value,importance,min,max,rule,importance_ratio
MaxInheritanceTree,3.0,0.1918232069083477,0.0,5.0,2.4990705242078834 < MaxInheritanceTree <= 3.5005965160115324,0.22915442602851926
OWN_COMMIT,0.333333333333333,0.14430856744758386,0.0,1.0,0.12361804521233677 < OWN_COMMIT <= 0.36450244784925023,0.1723928375373744
CountClassDerived,0.0,-0.09011723964305797,0.0,118.0,CountClassDerived <= 8.500764909068277,0.10765519281275658
AvgLineBlank,1.0,0.04763859466551551,0.0,21.0,0.49558335018002864 < AvgLineBlank <= 1.5072801485159428,0.05690966694450786
CountClassCoupled,2.0,-0.04091287874092181,0.0,42.0,0.4889161313989083 < CountClassCoupled <= 8.508859599645833,0.04887504174367106
