feature,value,importance,min,max,rule,importance_ratio
OWN_COMMIT,0.5,0.23712882873365335,0.0,1.0,0.36450244784925023 < OWN_COMMIT <= 0.9806106315167405,0.25791316009803683
MaxInheritanceTree,3.0,0.2027709106423806,0.0,5.0,2.4990705242078834 < MaxInheritanceTree <= 3.5005965160115324,0.22054377200367364
AvgLineBlank,0.0,-0.07060832167575176,0.0,21.0,AvgLineBlank <= 0.49558335018002864,0.07679713795181989
CountClassDerived,0.0,-0.059504329212798954,0.0,118.0,CountClassDerived <= 8.500764909068277,0.06471988103995921
RatioCommentToCode,1.02,-0.041463975304035165,0.0,12.57,0.6054567464627787 < RatioCommentToCode <= 1.8413255782545073,0.04509829090794542
