feature,value,importance,min,max,rule,importance_ratio
OWN_COMMIT,1.0,0.24544998468438345,0.0,1.0,OWN_COMMIT > 0.9806106315167405,0.2563743801704886
MaxInheritanceTree,3.0,0.19653480306665536,0.0,5.0,2.4990705242078834 < MaxInheritanceTree <= 3.5005965160115324,0.20528210006993172
CountClassCoupled,22.0,0.07352991536998649,0.0,42.0,20.47194193978083 < CountClassCoupled <= 22.47692780684256,0.07680255715317696
AvgLineBlank,3.0,0.07140297005607327,0.0,21.0,1.5072801485159428 < AvgLineBlank <= 17.999846823274996,0.07458094655820298
CountClassDerived,0.0,-0.060458365178204805,0.0,118.0,CountClassDerived <= 8.500764909068277,0.06314922332797962
