feature,value,importance,min,max,rule,importance_ratio
OWN_COMMIT,1.0,0.2456841556218252,0.0,1.0,OWN_COMMIT > 0.9806106315167405,0.23904167951892524
MaxInheritanceTree,3.0,0.1970053831878301,0.0,5.0,2.4990705242078834 < MaxInheritanceTree <= 3.5005965160115324,0.19167901793380815
AvgLineBlank,4.0,0.07251779050322636,0.0,21.0,1.5072801485159428 < AvgLineBlank <= 17.999846823274996,0.07055715250752977
CountClassDerived,0.0,-0.07169187956188658,0.0,118.0,CountClassDerived <= 8.500764909068277,0.06975357142981951
CountClassCoupled,27.0,0.06938224892564782,0.0,42.0,CountClassCoupled > 22.47692780684256,0.06750638546474366
