feature,value,importance,min,max,rule,importance_ratio
OWN_COMMIT,1.0,0.24458655618088673,0.0,1.0,OWN_COMMIT > 0.9806106315167405,0.26912689317703786
MaxInheritanceTree,3.0,0.1981577662368909,0.0,5.0,2.4990705242078834 < MaxInheritanceTree <= 3.5005965160115324,0.21803971902198782
CountClassCoupled,13.0,0.07549203298372548,0.0,42.0,12.518831333769295 < CountClassCoupled <= 20.47194193978083,0.08306644737048789
AvgLineBlank,4.0,0.07105982477099138,0.0,21.0,1.5072801485159428 < AvgLineBlank <= 17.999846823274996,0.07818953816978468
RatioCommentToCode,0.22,0.0485645799141301,0.0,12.57,RatioCommentToCode <= 0.31833570473338724,0.05343725638408237
