feature,value,importance,min,max,rule,importance_ratio
OWN_COMMIT,0.5,0.2580193716847146,0.0,1.0,0.36450244784925023 < OWN_COMMIT <= 0.9806106315167405,0.2620758882775459
MaxInheritanceTree,3.0,0.1863101397534335,0.0,5.0,2.4990705242078834 < MaxInheritanceTree <= 3.5005965160115324,0.18923926158016993
AvgLineBlank,3.0,0.07823824835731781,0.0,21.0,1.5072801485159428 < AvgLineBlank <= 17.999846823274996,0.07946829070097303
MINOR_COMMIT,0.0,0.058769638489923774,0.0,1.0,MINOR_COMMIT <= 0.4997656113766242,0.05969360017594936
RatioCommentToCode,0.18,0.04948860024170672,0.0,12.57,RatioCommentToCode <= 0.31833570473338724,0.050266647745371616
