"Rule ID","Antecedent","Consequent","Antecedent Coverage %","Antecedent Coverage","Support %","Support","Confidence","Leverage","Lift","p-value","Consequent Coverage %","Consequent Coverage"
"b'000000'","b'0.48 < CountClassCoupled <= 1.96'","b'target = 0'",0.1999,416,0.19894,414,0.99519,0.01191,1.06369,2.36122e-11,0.93561,1947
"b'000001'","b'-0.12 < Del_lines <= 0.275 & -0.016 < CountDeclClassMethod <= 0.0245'","b'target = 0'",0.77751,1618,0.77367,1610,0.99506,0.04622,1.06354,9.34855e-92,0.93561,1947
"b'000002'","b'-0.12 < Del_lines <= 0.275'","b'target = 0'",0.87554,1822,0.86497,1800,0.98793,0.04581,1.05592,6.61021e-89,0.93561,1947
"b'000003'","b'MaxInheritanceTree > 3.28'","b'target = 0'",0.19798,412,0.19558,407,0.98786,0.01035,1.05585,2.49284e-08,0.93561,1947
"b'000004'","b'1.96 < CountClassCoupled <= 3.76'","b'target = 0'",0.21864,455,0.21576,449,0.98681,0.0112,1.05473,8.05584e-09,0.93561,1947
"b'000005'","b'1.01 < RatioCommentToCode <= 1.73'","b'target = 0'",0.19894,414,0.19558,407,0.98309,0.00945,1.05075,6.4593e-07,0.93561,1947
"b'000006'","b'-0.255 < CountClassDerived <= 0.105'","b'target = 0'",0.49159,1023,0.47765,994,0.97165,0.01772,1.03852,1.16244e-11,0.93561,1947
