"Rule ID","Antecedent","Consequent","Antecedent Coverage %","Antecedent Coverage","Support %","Support","Confidence","Leverage","Lift","p-value","Consequent Coverage %","Consequent Coverage"
"b'000000'","b'-0.06 < Del_lines <= 0.235'","b'target = 0'",0.76905,1615,0.75143,1578,0.97709,0.06112,1.08854,5.64817e-88,0.89762,1885
"b'000001'","b'OWN_LINE > 0.956'","b'target = 0'",0.20143,423,0.19286,405,0.95745,0.01205,1.06665,6.61086e-07,0.89762,1885
"b'000002'","b'CountClassCoupled <= 0.42'","b'target = 0'",0.20714,435,0.1981,416,0.95632,0.01216,1.0654,7.31104e-07,0.89762,1885
"b'000003'","b'0.805 < AvgCyclomaticModified <= 1.19'","b'target = 0'",0.35857,753,0.33952,713,0.94688,0.01766,1.05488,4.68495e-09,0.89762,1885
"b'000004'","b'0.984 < AvgEssential <= 1.027'","b'target = 0'",0.86238,1811,0.78857,1656,0.91441,0.01448,1.01871,5.27246e-09,0.89762,1885
