"Rule ID","Antecedent","Consequent","Antecedent Coverage %","Antecedent Coverage","Support %","Support","Confidence","Leverage","Lift","p-value","Consequent Coverage %","Consequent Coverage"
"b'000000'","b'CountClassCoupled <= 0.62 & 0.9905 < AvgEssential <= 1.026'","b'target = 0'",0.16542,355,0.16496,354,0.99718,0.01194,1.07806,1.11405e-08,0.92498,1985
"b'000001'","b'1.96 < CountClassCoupled <= 3.98'","b'target = 0'",0.20317,436,0.20037,430,0.98624,0.01245,1.06623,3.14003e-10,0.92498,1985
"b'000002'","b'0.62 < CountClassCoupled <= 1.96'","b'target = 0'",0.18593,399,0.18313,393,0.98496,0.01115,1.06485,6.04915e-09,0.92498,1985
"b'000003'","b'-0.08 < Del_lines <= 0.295'","b'target = 0'",0.8439,1811,0.82526,1771,0.97791,0.04467,1.05723,1.64851e-71,0.92498,1985
"b'000004'","b'0.89 < CountClassBase <= 1.036'","b'target = 0'",0.33038,709,0.31873,684,0.96474,0.01314,1.04299,1.64318e-07,0.92498,1985
"b'000005'","b'-1.6 < CountDeclInstanceVariable <= 1'","b'target = 0'",0.38816,833,0.37232,799,0.95918,0.01328,1.03698,5.16451e-07,0.92498,1985
"b'000006'","b'0.9905 < AvgEssential <= 1.026'","b'target = 0'",0.83644,1795,0.79217,1700,0.94708,0.01848,1.02389,5.23339e-15,0.92498,1985
