"Rule ID","Antecedent","Consequent","Antecedent Coverage %","Antecedent Coverage","Support %","Support","Confidence","Leverage","Lift","p-value","Consequent Coverage %","Consequent Coverage"
"b'000000'","b'2.1 < CountClassCoupled <= 4.16'","b'target = 0'",0.21255,454,0.20787,444,0.97797,0.01472,1.07622,5.74698e-11,0.90871,1941
"b'000001'","b'CountClassCoupled <= 0.56'","b'target = 0'",0.21208,453,0.2074,443,0.97792,0.01468,1.07617,6.31837e-11,0.90871,1941
"b'000002'","b'-0.17 < Del_lines <= 0.61'","b'target = 0'",0.85534,1827,0.83333,1780,0.97427,0.05608,1.07215,2.03442e-97,0.90871,1941
"b'000003'","b'1.16 < RatioCommentToCode <= 1.895'","b'target = 0'",0.20084,429,0.19522,417,0.97203,0.01272,1.06968,1.21542e-08,0.90871,1941
"b'000004'","b'23.85 < CountLineComment <= 31.7'","b'target = 0'",0.20506,438,0.19757,422,0.96347,0.01123,1.06026,9.52145e-07,0.90871,1941
"b'000005'","b'-0.26 < CountClassDerived <= 0.08 & -0.15 < CountDeclMethodDefault <= 0.285'","b'target = 0'",0.48876,1044,0.46957,1003,0.96073,0.02543,1.05725,1.67554e-12,0.90871,1941
"b'000006'","b'-0.26 < CountClassDerived <= 0.08'","b'target = 0'",0.51592,1102,0.48876,1044,0.94737,0.01995,1.04254,8.02741e-11,0.90871,1941
"b'000007'","b'0.984 < CountDeclClass <= 1.083'","b'target = 0'",0.75562,1614,0.70412,1504,0.93185,0.01748,1.02546,5.4046e-10,0.90871,1941
