Antecedent,Antecedent Coverage %,Confidence,Lift
0.15 < CountClassCoupled <= 2.55 & 0.925 < AvgEssential <= 1.22,0.15857,0.95833,1.20374
0.88 < RatioCommentToCode <= 1.82,0.19773,0.95465,1.19912
17 < CountLineComment <= 28.4,0.26994,0.94755,1.1902
0.075 < MaxNesting_Mean <= 0.44,0.19349,0.92195,1.15804
-0.14 < MAJOR_LINE <= 0.37,0.3379,0.91899,1.15433
MINOR_LINE <= 1.02,0.26144,0.90794,1.14044
0.51 < CountClassDerived <= 1.435,0.17886,0.90765,1.14008
