feature,value,importance,left,right,rec,rule,min,max
CountClassCoupled,24.0,0.3168202725751347,0.0,19.508692962965362,-1,19.508692962965362 < CountClassCoupled <= 35.464692589333026,0.0,132.0
OWN_COMMIT,0.666666666666667,0.08413620308329779,0.0,0.48523577667359796,-1,0.48523577667359796 < OWN_COMMIT <= 0.9163585933794693,0.0,1.0
CountDeclClassMethod,0.0,-0.05294857175872196,0.48786107726136896,247.0,1,CountDeclClassMethod <= 0.48786107726136896,0.0,247.0
CountDeclMethodProtected,0.0,-0.0008535865878198434,0.5126907197084872,83.0,1,CountDeclMethodProtected <= 0.5126907197084872,0.0,83.0
