feature,value,importance,left,right,rec,rule,min,max
CountClassCoupled,19.0,0.13537650106304028,0.0,14.528794990404752,-1,14.528794990404752 < CountClassCoupled <= 19.508692962965362,0.0,132.0
OWN_COMMIT,0.6,0.08610819355704982,0.0,0.48523577667359796,-1,0.48523577667359796 < OWN_COMMIT <= 0.9163585933794693,0.0,1.0
CountDeclClassMethod,2.0,0.08197411069102473,0.0,1.5382515305679796,-1,1.5382515305679796 < CountDeclClassMethod <= 36.01015640726675,0.0,247.0
