feature,value,importance,left,right,rec,rule,min,max
CountClassCoupled,19.0,0.14493100965362032,0.0,14.528794990404752,-1,14.528794990404752 < CountClassCoupled <= 19.508692962965362,0.0,132.0
CountDeclClassMethod,2.0,0.08123570594743491,0.0,1.5382515305679796,-1,1.5382515305679796 < CountDeclClassMethod <= 36.01015640726675,0.0,247.0
OWN_COMMIT,0.357142857142857,0.05055250804088663,0.0,0.12394271196938178,-1,0.12394271196938178 < OWN_COMMIT <= 0.48523577667359796,0.0,1.0
CountDeclMethodProtected,0.0,0.010022183436636353,0.0,0.0,-1,CountDeclMethodProtected <= 0.5126907197084872,0.0,83.0
