feature,value,importance,left,right,rec,rule,min,max
CountClassCoupled,26.0,0.26770591615618344,0.0,19.508692962965362,-1,19.508692962965362 < CountClassCoupled <= 35.464692589333026,0.0,132.0
CountDeclClassMethod,12.0,0.07220462851179939,0.0,1.5382515305679796,-1,1.5382515305679796 < CountDeclClassMethod <= 36.01015640726675,0.0,247.0
OWN_COMMIT,0.333333333333333,0.052959448747900796,0.0,0.12394271196938178,-1,0.12394271196938178 < OWN_COMMIT <= 0.48523577667359796,0.0,1.0
CountDeclMethodProtected,3.0,0.005028696460734923,0.0,2.5152148456649166,-1,2.5152148456649166 < CountDeclMethodProtected <= 23.98489973706664,0.0,83.0
