feature,value,importance,left,right,rec,rule,min,max
CountClassCoupled,37.0,0.3435116821291763,0.0,35.464692589333026,-1,CountClassCoupled > 35.464692589333026,0.0,132.0
CountDeclClassMethod,4.0,0.0771819288368031,0.0,1.5382515305679796,-1,1.5382515305679796 < CountDeclClassMethod <= 36.01015640726675,0.0,247.0
OWN_COMMIT,0.25,0.0493872523495822,0.0,0.12394271196938178,-1,0.12394271196938178 < OWN_COMMIT <= 0.48523577667359796,0.0,1.0
CountDeclMethodProtected,0.0,0.005690971319272776,0.0,0.0,-1,CountDeclMethodProtected <= 0.5126907197084872,0.0,83.0
