feature,value,importance,left,right,rec,rule,min,max
OWN_COMMIT,0.5,0.08626453917576862,0.0,0.48523577667359796,-1,0.48523577667359796 < OWN_COMMIT <= 0.9163585933794693,0.0,1.0
CountDeclClassMethod,9.0,0.08040751506037089,0.0,1.5382515305679796,-1,1.5382515305679796 < CountDeclClassMethod <= 36.01015640726675,0.0,247.0
CountClassCoupled,13.0,0.009646899400028823,0.0,6.499979891786626,-1,6.499979891786626 < CountClassCoupled <= 14.528794990404752,0.0,132.0
CountDeclMethodProtected,0.0,0.0005516102057143069,0.0,0.0,-1,CountDeclMethodProtected <= 0.5126907197084872,0.0,83.0
