feature,value,importance,left,right,rec,rule,min,max
CountClassCoupled,21.0,0.28600974636811227,0.0,19.508692962965362,-1,19.508692962965362 < CountClassCoupled <= 35.464692589333026,0.0,132.0
CountDeclClassMethod,3.0,0.07819838459915558,0.0,1.5382515305679796,-1,1.5382515305679796 < CountDeclClassMethod <= 36.01015640726675,0.0,247.0
OWN_COMMIT,0.285714285714286,0.05493178549509253,0.0,0.12394271196938178,-1,0.12394271196938178 < OWN_COMMIT <= 0.48523577667359796,0.0,1.0
CountDeclMethodProtected,0.0,0.013713510090420822,0.0,0.0,-1,CountDeclMethodProtected <= 0.5126907197084872,0.0,83.0
