feature,value,importance,left,right,rec,rule,min,max
CountClassCoupled,32.0,0.285710563745893,0.0,19.508692962965362,-1,19.508692962965362 < CountClassCoupled <= 35.464692589333026,0.0,132.0
CountDeclClassMethod,7.0,0.08429944483896563,0.0,1.5382515305679796,-1,1.5382515305679796 < CountDeclClassMethod <= 36.01015640726675,0.0,247.0
OWN_COMMIT,0.357142857142857,0.05462604050675319,0.0,0.12394271196938178,-1,0.12394271196938178 < OWN_COMMIT <= 0.48523577667359796,0.0,1.0
