feature,value,importance,min,max,rule,importance_ratio
Added_lines,47.0,0.39808858638453165,6.0,17843.0,24.088365210503166 < Added_lines <= 251.74735011885954,0.26742365320766365
MAJOR_LINE,3.0,0.20342023545374824,0.0,10.0,2.503347321568387 < MAJOR_LINE <= 5.505000175998428,0.13665144985809177
CountClassCoupled,38.0,0.12673939694078443,0.0,126.0,20.500994623023644 < CountClassCoupled <= 42.45816087256249,0.08513962392908668
CountDeclClass,1.0,-0.11407105043014122,1.0,13.0,CountDeclClass <= 1.5005966587345618,0.07662941886456791
CountLineComment,283.0,0.07680504613884871,15.0,3202.0,146.26265667216038 < CountLineComment <= 442.57727842975316,0.051595264787104626
