feature,value,importance,min,max,rule,importance_ratio
Added_lines,71.0,0.4321126030054584,6.0,17843.0,24.088365210503166 < Added_lines <= 251.74735011885954,0.3610524116748839
MaxInheritanceTree,4.0,0.12369775967054865,0.0,7.0,3.4981638542906017 < MaxInheritanceTree <= 4.503613651938005,0.10335587098640496
AvgLineBlank,1.0,0.062397511719922104,0.0,38.0,0.48706941610438936 < AvgLineBlank <= 1.4893549233110666,0.05213634578648271
CountDeclMethodPublic,6.0,-0.05671892503636952,0.0,201.0,2.440780901967532 < CountDeclMethodPublic <= 7.525657790382115,0.04739159313927598
CountClassBase,1.0,0.05343602166221836,0.0,6.0,0.5020098330613456 < CountClassBase <= 1.5001457572159462,0.044648557707564866
