feature,value,importance,min,max,rule,importance_ratio
Added_lines,0.0,-0.40205799907206846,6.0,17843.0,Added_lines <= 6.5761356021680655,0.38506654190382944
MaxInheritanceTree,5.0,0.1076937324428957,0.0,7.0,MaxInheritanceTree > 4.503613651938005,0.10314246509760096
CountDeclClass,1.0,-0.09230327571663993,1.0,13.0,CountDeclClass <= 1.5005966587345618,0.08840242768116455
MINOR_COMMIT,0.0,-0.06905061161864638,0.0,5.0,MINOR_COMMIT <= 0.5004848706369127,0.06613244928269786
AvgLineComment,7.0,0.05017863345232484,0.0,72.0,5.5024963826059325 < AvgLineComment <= 11.482862578537805,0.04805802373175287
