feature,value,importance,min,max,rule,importance_ratio
Added_lines,45.0,0.3519852295568173,6.0,17843.0,24.088365210503166 < Added_lines <= 251.74735011885954,0.3157004218473592
CountDeclMethodDefault,4.0,0.0741739494864396,0.0,98.0,0.5251436229312023 < CountDeclMethodDefault <= 6.516059405237756,0.0665276414366523
CountDeclMethodPrivate,1.0,-0.053442310242574,0.0,151.0,0.5062550292354409 < CountDeclMethodPrivate <= 1.5198980898857455,0.047933147391784586
CountDeclInstanceVariable,8.0,-0.05113548579944999,0.0,1095.0,6.4964298070611495 < CountDeclInstanceVariable <= 12.5006472789494,0.045864124635520045
MaxInheritanceTree,2.0,0.0439623187040193,0.0,7.0,1.5001546410169164 < MaxInheritanceTree <= 2.505604438664319,0.03943041183211528
