feature,value,importance,min,max,rule,importance_ratio
Added_lines,4.0,-0.40951615517079093,6.0,17843.0,Added_lines <= 6.5761356021680655,0.3107191517302304
CountClassCoupled,23.0,0.180454900443674,0.0,126.0,20.500994623023644 < CountClassCoupled <= 42.45816087256249,0.13691961326418717
CountDeclClass,1.0,-0.14605499560806942,1.0,13.0,CountDeclClass <= 1.5005966587345618,0.1108187888762899
CountLineComment,134.0,0.060870252268244426,15.0,3202.0,71.11039753074189 < CountLineComment <= 137.67382705599826,0.04618512093254548
MAJOR_LINE,2.0,0.059292263025847544,0.0,10.0,1.498903175727984 < MAJOR_LINE <= 2.503347321568387,0.044987826338312685
