feature,value,importance,min,max,rule,importance_ratio
Added_lines,101.0,0.3889036559429027,6.0,17843.0,24.088365210503166 < Added_lines <= 251.74735011885954,0.269610606809167
MAJOR_LINE,3.0,0.2013243369905479,0.0,10.0,2.503347321568387 < MAJOR_LINE <= 5.505000175998428,0.13956972590004116
CountDeclMethodPublic,42.0,0.09739633180820857,0.0,201.0,26.478380738109195 < CountDeclMethodPublic <= 61.45617024326406,0.06752079523688855
CountLineComment,261.0,0.08939680280372217,15.0,3202.0,146.26265667216038 < CountLineComment <= 442.57727842975316,0.061975057015791035
CountDeclClass,1.0,-0.08449302182789702,1.0,13.0,CountDeclClass <= 1.5005966587345618,0.05857547116889024
