feature,value,importance,min,max,rule,importance_ratio
Added_lines,0.0,-0.4134296003997327,6.0,17843.0,Added_lines <= 6.5761356021680655,0.37840549552671543
MAJOR_LINE,3.0,0.19535525498651476,0.0,10.0,2.503347321568387 < MAJOR_LINE <= 5.505000175998428,0.17880553786048592
CountDeclClass,1.0,-0.08147326422540074,1.0,13.0,CountDeclClass <= 1.5005966587345618,0.07457117461251746
MaxInheritanceTree,1.0,-0.05616308435225644,0.0,7.0,0.49470484336951337 < MaxInheritanceTree <= 1.5001546410169164,0.051405172111711375
MINOR_COMMIT,0.0,-0.04845980196756264,0.0,5.0,MINOR_COMMIT <= 0.5004848706369127,0.04435448105053945
