feature,value,importance,min,max,rule,importance_ratio
Added_lines,1.0,-0.4100239894479044,6.0,17843.0,Added_lines <= 6.5761356021680655,0.32798441383326515
MAJOR_LINE,3.0,0.22177307907372604,0.0,10.0,2.503347321568387 < MAJOR_LINE <= 5.505000175998428,0.17739965274211383
CountDeclClass,1.0,-0.13096498427504247,1.0,13.0,CountDeclClass <= 1.5005966587345618,0.10476087913287856
MaxInheritanceTree,4.0,0.08307482401291211,0.0,7.0,3.4981638542906017 < MaxInheritanceTree <= 4.503613651938005,0.06645281290703245
AvgLineComment,9.0,0.046322335663299234,0.0,72.0,5.5024963826059325 < AvgLineComment <= 11.482862578537805,0.03705393952771463
