feature,value,importance,min,max,rule,importance_ratio
Added_lines,2.0,-0.39695163916051285,6.0,17843.0,Added_lines <= 6.5761356021680655,0.34849646355285885
CountDeclClass,1.0,-0.12276259397127547,1.0,13.0,CountDeclClass <= 1.5005966587345618,0.10777718400670311
CountLineComment,205.0,0.11376844334615746,15.0,3202.0,146.26265667216038 < CountLineComment <= 442.57727842975316,0.0998809332388661
MaxInheritanceTree,4.0,0.07368434646908598,0.0,7.0,3.4981638542906017 < MaxInheritanceTree <= 4.503613651938005,0.06468983027248942
OWN_LINE,0.98207171314741,-0.06298921110812543,0.281553398058252,1.0,OWN_LINE > 0.9680591083803126,0.05530023092886075
