feature,value,importance,min,max,rule,importance_ratio
Added_lines,76.0,0.3761508990282326,6.0,17843.0,24.088365210503166 < Added_lines <= 251.74735011885954,0.27985445170653594
MAJOR_LINE,5.0,0.19483947422342332,0.0,10.0,2.503347321568387 < MAJOR_LINE <= 5.505000175998428,0.1449596275602502
CountDeclClass,1.0,-0.11727684120529927,1.0,13.0,CountDeclClass <= 1.5005966587345618,0.08725340329685112
CountDeclMethodPublic,77.0,0.0978099147204218,0.0,201.0,CountDeclMethodPublic > 61.45617024326406,0.07277010403607248
CountLineComment,981.0,0.0684434228451035,15.0,3202.0,442.57727842975316 < CountLineComment <= 1279.9881660055592,0.050921575949224
