feature,value,importance,min,max,rule,importance_ratio
Added_lines,8.0,0.23092573708174122,6.0,17843.0,6.5761356021680655 < Added_lines <= 24.088365210503166,0.19413793086239906
MAJOR_LINE,3.0,0.19540515770793843,0.0,10.0,2.503347321568387 < MAJOR_LINE <= 5.505000175998428,0.16427598533043467
CountLineComment,363.0,0.107511540361516,15.0,3202.0,146.26265667216038 < CountLineComment <= 442.57727842975316,0.0903843298429135
CountDeclClass,1.0,-0.09214906764986906,1.0,13.0,CountDeclClass <= 1.5005966587345618,0.07746918793253603
OWN_LINE,0.570184983677911,0.06015415832603184,0.281553398058252,1.0,0.441750463982939 < OWN_LINE <= 0.571420709704031,0.050571252809517804
