feature,value,importance,min,max,rule,importance_ratio
Added_lines,29.0,0.38515020066125144,6.0,17843.0,24.088365210503166 < Added_lines <= 251.74735011885954,0.27686484466585326
MAJOR_LINE,5.0,0.19557291279887062,0.0,10.0,2.503347321568387 < MAJOR_LINE <= 5.505000175998428,0.14058739689073033
CountDeclMethodPrivate,19.0,0.11637838456101617,0.0,151.0,15.520842865118082 < CountDeclMethodPrivate <= 29.521787640350414,0.08365848780197799
MINOR_COMMIT,0.0,0.09168882690597811,0.0,5.0,MINOR_COMMIT <= 0.5004848706369127,0.06591042345384884
CountDeclClass,1.0,-0.09014901283359483,1.0,13.0,CountDeclClass <= 1.5005966587345618,0.06480352961546383
