feature,value,importance,min,max,rule,importance_ratio
Added_lines,0.0,-0.41351701581693384,6.0,17843.0,Added_lines <= 6.5761356021680655,0.33448438163355687
MAJOR_LINE,4.0,0.19497515212733618,0.0,10.0,2.503347321568387 < MAJOR_LINE <= 5.505000175998428,0.15771090595723453
CountDeclClass,1.0,-0.10804551215097227,1.0,13.0,CountDeclClass <= 1.5005966587345618,0.08739552409639674
CountLineComment,674.0,0.09249859101960912,15.0,3202.0,442.57727842975316 < CountLineComment <= 1279.9881660055592,0.07481997798336366
CountDeclMethodDefault,23.0,0.07189998951643105,0.0,98.0,19.504767571919192 < CountDeclMethodDefault <= 37.47751491883885,0.05815824406971796
