feature,value,importance,min,max,rule,importance_ratio
Added_lines,1.0,-0.3862562251288233,6.0,17843.0,Added_lines <= 6.5761356021680655,0.26956508821097924
MAJOR_LINE,3.0,0.19541324793870676,0.0,10.0,2.503347321568387 < MAJOR_LINE <= 5.505000175998428,0.13637732155804833
CountLineComment,289.0,0.134521013325722,15.0,3202.0,146.26265667216038 < CountLineComment <= 442.57727842975316,0.09388112466351704
CountDeclInstanceVariable,18.0,0.10982855883331741,0.0,1095.0,16.41644128235478 < CountDeclInstanceVariable <= 21.376447020001596,0.07664846085034312
CountDeclClass,1.0,-0.0977934507226241,1.0,13.0,CountDeclClass <= 1.5005966587345618,0.06824925646624368
