feature,value,importance,min,max,rule,importance_ratio
Added_lines,108.0,0.3800755192867517,6.0,17843.0,24.088365210503166 < Added_lines <= 251.74735011885954,0.2483869989515981
MAJOR_LINE,7.0,0.18792913804543024,0.0,10.0,MAJOR_LINE > 5.505000175998428,0.12281547283619566
CountDeclClass,1.0,-0.11714657281051152,1.0,13.0,CountDeclClass <= 1.5005966587345618,0.07655764231401287
CountDeclMethodPrivate,35.0,0.1027251840092472,0.0,151.0,CountDeclMethodPrivate > 29.521787640350414,0.06713297457486893
CountDeclInstanceVariable,55.0,0.09819745358737367,0.0,1095.0,CountDeclInstanceVariable > 21.376447020001596,0.0641740116464975
