feature,value,importance,min,max,rule,importance_ratio
Added_lines,36.0,0.36633063332805305,6.0,17843.0,24.088365210503166 < Added_lines <= 251.74735011885954,0.2337118199397613
OWN_LINE,0.405932864949258,0.22256193600083057,0.281553398058252,1.0,OWN_LINE <= 0.41251109484975157,0.14199018695084253
MAJOR_LINE,6.0,0.15064023534322954,0.0,10.0,MAJOR_LINE > 5.505000175998428,0.09610554061061122
CountLineComment,656.0,0.10908691343629168,15.0,3202.0,442.57727842975316 < CountLineComment <= 1279.9881660055592,0.06959532933183879
CountDeclClass,1.0,-0.10081796868136123,1.0,13.0,CountDeclClass <= 1.5005966587345618,0.06431990338643193
