feature,value,importance,min,max,rule,importance_ratio
Added_lines,45.0,0.34169459661631607,6.0,17843.0,24.088365210503166 < Added_lines <= 251.74735011885954,0.21176780872662615
MAJOR_LINE,4.0,0.17600497253938682,0.0,10.0,2.503347321568387 < MAJOR_LINE <= 5.505000175998428,0.10908041194900239
CountDeclClass,1.0,-0.1529805752037949,1.0,13.0,CountDeclClass <= 1.5005966587345618,0.09481086768551945
CountClassBase,4.0,-0.10948886675525948,0.0,6.0,2.4982816813705466 < CountClassBase <= 5.500426941618492,0.06785655267109277
AvgLineComment,6.0,0.10828866453842159,0.0,72.0,5.5024963826059325 < AvgLineComment <= 11.482862578537805,0.06711271827626915
