feature,value,importance,min,max,rule,importance_ratio
Added_lines,1.0,-0.3853830939517476,6.0,17843.0,Added_lines <= 6.5761356021680655,0.3121340731380828
CountLineComment,268.0,0.13555219086466352,15.0,3202.0,146.26265667216038 < CountLineComment <= 442.57727842975316,0.10978804758538728
MINOR_COMMIT,0.0,0.09642858153239066,0.0,5.0,MINOR_COMMIT <= 0.5004848706369127,0.07810058716379849
CountDeclClass,1.0,-0.07593630786924704,1.0,13.0,CountDeclClass <= 1.5005966587345618,0.06150324040229748
CountInput_Mean,4.06666666666667,0.07433910356653854,0.0,337.0,4.058734353009095 < CountInput_Mean <= 4.058734353009095,0.06020961363853369
