feature,value,importance,min,max,rule,importance_ratio
Added_lines,0.0,-0.4158923708104504,6.0,17843.0,Added_lines <= 6.5761356021680655,0.30783903484705316
MAJOR_LINE,4.0,0.19758102959654075,0.0,10.0,2.503347321568387 < MAJOR_LINE <= 5.505000175998428,0.14624734119685806
CountClassDerived,13.0,0.0877265562215636,0.0,49.0,8.495840489379086 < CountClassDerived <= 34.511990049447526,0.06493424812067577
CountDeclInstanceVariable,21.0,0.06987850717885319,0.0,1095.0,16.41644128235478 < CountDeclInstanceVariable <= 21.376447020001596,0.05172331525238576
CountDeclClass,1.0,-0.061028394463212204,1.0,13.0,CountDeclClass <= 1.5005966587345618,0.045172557537447415
