feature,value,importance,min,max,rule,importance_ratio
Added_lines,0.0,-0.4226449756068276,6.0,17843.0,Added_lines <= 6.5761356021680655,0.3907275266719488
CountDeclClass,2.0,0.09111205205688504,1.0,13.0,1.5005966587345618 < CountDeclClass <= 2.498717478387095,0.08423142070736458
CountLineComment,166.0,0.06517453264892568,15.0,3202.0,146.26265667216038 < CountLineComment <= 442.57727842975316,0.060252659829569566
MINOR_COMMIT,0.0,-0.050326138097627114,0.0,5.0,MINOR_COMMIT <= 0.5004848706369127,0.046525591455579864
MaxInheritanceTree,3.0,0.05020754502539644,0.0,7.0,2.505604438664319 < MaxInheritanceTree <= 3.4981638542906017,0.04641595433585168
