feature,value,importance,min,max,rule,importance_ratio
Added_lines,283.0,0.29649722994501443,6.0,17843.0,251.74735011885954 < Added_lines <= 987.2609936689339,0.2563677802169141
MaxInheritanceTree,4.0,0.1325897664619988,0.0,7.0,3.4981638542906017 < MaxInheritanceTree <= 4.503613651938005,0.1146443901470697
CountLineComment,355.0,0.09157994191077957,15.0,3202.0,146.26265667216038 < CountLineComment <= 442.57727842975316,0.0791850447453237
CountDeclClass,2.0,0.0687370090704413,1.0,13.0,1.5005966587345618 < CountDeclClass <= 2.498717478387095,0.05943379112650369
CountDeclClassVariable,2.0,0.05913825216814142,0.0,321.0,1.435282637894548 < CountDeclClassVariable <= 2.4883595385761863,0.05113417901767974
