feature,value,importance,min,max,rule,importance_ratio
Added_lines,848.0,0.35340208236167886,6.0,17843.0,251.74735011885954 < Added_lines <= 987.2609936689339,0.32251844372496363
CountDeclClass,2.0,0.14073008240841633,1.0,13.0,1.5005966587345618 < CountDeclClass <= 2.498717478387095,0.1284317479408547
MaxInheritanceTree,4.0,0.07947141987464668,0.0,7.0,3.4981638542906017 < MaxInheritanceTree <= 4.503613651938005,0.07252645057239053
CountLineComment,258.0,0.07600833863828006,15.0,3202.0,146.26265667216038 < CountLineComment <= 442.57727842975316,0.06936600634585365
MAJOR_LINE,1.0,-0.06440989446270794,0.0,10.0,0.49445902988758095 < MAJOR_LINE <= 1.498903175727984,0.058781144649119016
