feature,value,importance,min,max,rule,importance_ratio
Added_lines,0.0,-0.4265892680522556,6.0,17843.0,Added_lines <= 6.5761356021680655,0.3389533444538405
CountDeclMethodPublic,15.0,0.11316369528558078,0.0,201.0,13.53505774941753 < CountDeclMethodPublic <= 18.465847459395306,0.08991602897779484
CountLineComment,191.0,0.09962424252026764,15.0,3202.0,146.26265667216038 < CountLineComment <= 442.57727842975316,0.07915803964104594
MaxNesting_Min,0.0,0.06402506631960314,0.0,5.0,MaxNesting_Min <= 0.500511766194675,0.050872143260880326
MaxInheritanceTree,3.0,0.06214891592376507,0.0,7.0,2.505604438664319 < MaxInheritanceTree <= 3.4981638542906017,0.04938141787467625
