feature,value,importance,min,max,rule,importance_ratio
Added_lines,447.0,0.3539044639071697,6.0,17843.0,251.74735011885954 < Added_lines <= 987.2609936689339,0.2917771101888524
MAJOR_LINE,5.0,0.17595061104291615,0.0,10.0,2.503347321568387 < MAJOR_LINE <= 5.505000175998428,0.14506276710748434
CountDeclClass,1.0,-0.10870079243566903,1.0,13.0,CountDeclClass <= 1.5005966587345618,0.08961854490887997
CountLineComment,444.0,0.09233078816674094,15.0,3202.0,442.57727842975316 < CountLineComment <= 1279.9881660055592,0.07612226829616145
MaxInheritanceTree,1.0,-0.05306591259329412,0.0,7.0,0.49470484336951337 < MaxInheritanceTree <= 1.5001546410169164,0.0437502778435339
