feature,value,importance,min,max,rule,importance_ratio
Added_lines,36.0,0.35450931269252856,6.0,17843.0,24.088365210503166 < Added_lines <= 251.74735011885954,0.31151256831955026
MAJOR_LINE,4.0,0.1896889260596199,0.0,10.0,2.503347321568387 < MAJOR_LINE <= 5.505000175998428,0.166682460581394
CountLineComment,304.0,0.1017841018361086,15.0,3202.0,146.26265667216038 < CountLineComment <= 442.57727842975316,0.08943919339169756
CountDeclClass,1.0,-0.0894752800822481,1.0,13.0,CountDeclClass <= 1.5005966587345618,0.0786232499446541
CountDeclMethodDefault,17.0,0.05437540104279137,0.0,98.0,6.516059405237756 < CountDeclMethodDefault <= 19.504767571919192,0.047780467891224684
