feature,value,importance,min,max,rule,importance_ratio
Added_lines,8.0,0.198852803860843,6.0,17843.0,6.5761356021680655 < Added_lines <= 24.088365210503166,0.15990235802779612
CountLineComment,42.0,-0.10981968071840403,15.0,3202.0,32.460664258012386 < CountLineComment <= 71.11039753074189,0.08830866632899614
CountDeclClass,1.0,-0.09722196723777658,1.0,13.0,CountDeclClass <= 1.5005966587345618,0.07817853966143071
MaxInheritanceTree,0.0,-0.08727593401411002,0.0,7.0,MaxInheritanceTree <= 0.49470484336951337,0.0701806933418986
MAJOR_LINE,0.0,-0.07526759083678558,0.0,10.0,MAJOR_LINE <= 0.49445902988758095,0.06052449361637245
