feature,value,importance,min,max,rule,importance_ratio
Added_lines,273.0,0.39711976963563606,6.0,17843.0,251.74735011885954 < Added_lines <= 987.2609936689339,0.3510248382785807
CountDeclClass,1.0,-0.16557255106918065,1.0,13.0,CountDeclClass <= 1.5005966587345618,0.1463540281959705
MINOR_COMMIT,0.0,0.08520727372067866,0.0,5.0,MINOR_COMMIT <= 0.5004848706369127,0.07531699946694365
MAJOR_LINE,1.0,-0.056222816530936054,0.0,10.0,0.49445902988758095 < MAJOR_LINE <= 1.498903175727984,0.04969685870448073
AvgLineComment,10.0,0.045665269530553707,0.0,72.0,5.5024963826059325 < AvgLineComment <= 11.482862578537805,0.04036475914210435
