feature,value,importance,min,max,rule,importance_ratio
Added_lines,367.0,0.22010296601012116,6.0,17843.0,251.74735011885954 < Added_lines <= 987.2609936689339,0.18995657570008892
CountDeclClass,1.0,-0.12767398062658042,1.0,13.0,CountDeclClass <= 1.5005966587345618,0.11018712108000166
CountInput_Min,1.0,0.09680342037013684,0.0,337.0,0.46564016140462705 < CountInput_Min <= 1.5237727286483977,0.08354474536577512
MaxNesting_Min,0.0,0.08202333383760255,0.0,5.0,MaxNesting_Min <= 0.500511766194675,0.07078901255051577
MAJOR_LINE,1.0,-0.06941050921241672,0.0,10.0,0.49445902988758095 < MAJOR_LINE <= 1.498903175727984,0.059903702737853434
