feature,value,importance,min,max,rule,importance_ratio
Added_lines,209.0,0.38292736003650585,6.0,17843.0,24.088365210503166 < Added_lines <= 251.74735011885954,0.4246629408366977
CountDeclClass,1.0,-0.08828334417037159,1.0,13.0,CountDeclClass <= 1.5005966587345618,0.0979054214321855
MaxInheritanceTree,5.0,0.08115955109172204,0.0,7.0,MaxInheritanceTree > 4.503613651938005,0.09000520004710863
MAJOR_LINE,1.0,-0.05202707606823248,0.0,10.0,0.49445902988758095 < MAJOR_LINE <= 1.498903175727984,0.05769755163006342
MINOR_COMMIT,0.0,0.04218874964280491,0.0,5.0,MINOR_COMMIT <= 0.5004848706369127,0.0467869375847908
