feature,value,importance,min,max,rule,importance_ratio
Added_lines,206.0,0.3352516757467796,6.0,17843.0,24.088365210503166 < Added_lines <= 251.74735011885954,0.36612558367201886
CountDeclClass,1.0,-0.1622613118929024,1.0,13.0,CountDeclClass <= 1.5005966587345618,0.17720423735942223
MAJOR_LINE,1.0,-0.08399764190996446,0.0,10.0,0.49445902988758095 < MAJOR_LINE <= 1.498903175727984,0.09173313035007072
AvgLineBlank,0.0,-0.049661251606398046,0.0,38.0,AvgLineBlank <= 0.48706941610438936,0.05423464234675083
CountDeclClassMethod,0.0,-0.04869351883843372,0.0,87.0,CountDeclClassMethod <= 0.5030580109254676,0.053177789390773084
