feature,value,importance,min,max,rule,importance_ratio
Added_lines,106.0,0.39012020165892825,6.0,17843.0,24.088365210503166 < Added_lines <= 251.74735011885954,0.36197055692880614
CountDeclClass,1.0,-0.11270224710839423,1.0,13.0,CountDeclClass <= 1.5005966587345618,0.10457006578864451
MaxInheritanceTree,4.0,0.0861932358672577,0.0,7.0,3.4981638542906017 < MaxInheritanceTree <= 4.503613651938005,0.07997384769539323
MAJOR_LINE,0.0,-0.06498554940452318,0.0,10.0,MAJOR_LINE <= 0.49445902988758095,0.060296430203440506
MINOR_COMMIT,0.0,-0.06224981564125796,0.0,5.0,MINOR_COMMIT <= 0.5004848706369127,0.05775809696746058
