feature,value,importance,min,max,rule,importance_ratio
Added_lines,1576.0,0.3047775806213573,6.0,17843.0,Added_lines > 987.2609936689339,0.2578378708203206
CountDeclClass,2.0,0.11860210941268844,1.0,13.0,1.5005966587345618 < CountDeclClass <= 2.498717478387095,0.1003358426279974
MaxInheritanceTree,3.0,0.08773135432849696,0.0,7.0,2.505604438664319 < MaxInheritanceTree <= 3.4981638542906017,0.07421958517462438
MAJOR_LINE,0.0,-0.07029296122450862,0.0,10.0,MAJOR_LINE <= 0.49445902988758095,0.05946693132359818
CountDeclMethodProtected,2.0,0.06914946235120277,0.0,91.0,1.4901518593036855 < CountDeclMethodProtected <= 2.4824224777223796,0.058499546143305305
