feature,value,importance,min,max,rule,importance_ratio
Added_lines,742.0,0.289885556284443,6.0,17843.0,251.74735011885954 < Added_lines <= 987.2609936689339,0.24301676570714484
MAJOR_LINE,3.0,0.17741241874755295,0.0,10.0,2.503347321568387 < MAJOR_LINE <= 5.505000175998428,0.1487283214552684
CountDeclClass,1.0,-0.08134369267757602,1.0,13.0,CountDeclClass <= 1.5005966587345618,0.06819201811415447
CountDeclMethodPrivate,21.0,0.08065942557694206,0.0,151.0,15.520842865118082 < CountDeclMethodPrivate <= 29.521787640350414,0.06761838353985128
CountLineComment,218.0,0.07484579589042202,15.0,3202.0,146.26265667216038 < CountLineComment <= 442.57727842975316,0.0627447033829453
