feature,value,importance,min,max,rule,importance_ratio
Added_lines,1606.0,0.2746422210325439,6.0,17843.0,Added_lines > 987.2609936689339,0.20647855956537153
MAJOR_LINE,3.0,0.18448779917468378,0.0,10.0,2.503347321568387 < MAJOR_LINE <= 5.505000175998428,0.13869963215328215
MINOR_COMMIT,0.0,0.12577052261699645,0.0,5.0,MINOR_COMMIT <= 0.5004848706369127,0.09455544106841536
CountDeclClass,2.0,0.09025149123280232,1.0,13.0,1.5005966587345618 < CountDeclClass <= 2.498717478387095,0.06785190506512696
CountLineComment,474.0,0.08250529354629202,15.0,3202.0,442.57727842975316 < CountLineComment <= 1279.9881660055592,0.06202824206675011
