feature,value,importance,min,max,rule,importance_ratio
Added_lines,761.0,0.34567046403495,6.0,17843.0,251.74735011885954 < Added_lines <= 987.2609936689339,0.31558325733956005
CountDeclClass,2.0,0.10866862795169219,1.0,13.0,1.5005966587345618 < CountDeclClass <= 2.498717478387095,0.09921009501161311
MaxInheritanceTree,4.0,0.07766945659184053,0.0,7.0,3.4981638542906017 < MaxInheritanceTree <= 4.503613651938005,0.0709090959665224
MINOR_COMMIT,0.0,-0.06464359722151759,0.0,5.0,MINOR_COMMIT <= 0.5004848706369127,0.05901700926131314
OWN_LINE,0.97997138769671,-0.05549197701183362,0.281553398058252,1.0,OWN_LINE > 0.9680591083803126,0.05066194738534503
