feature,value,importance,min,max,rule,importance_ratio
Added_lines,15.0,0.21866642120195684,6.0,17843.0,6.5761356021680655 < Added_lines <= 24.088365210503166,0.31639457399359466
CountDeclClass,1.0,-0.13461070974545952,1.0,13.0,CountDeclClass <= 1.5005966587345618,0.19477200902993033
MAJOR_LINE,2.0,0.059435395013140845,0.0,10.0,1.498903175727984 < MAJOR_LINE <= 2.503347321568387,0.08599873900142942
CountDeclMethodDefault,0.0,-0.04430886144055003,0.0,98.0,CountDeclMethodDefault <= 0.5251436229312023,0.0641117335828908
CountInput_Mean,6.52941176470588,0.026699651233040612,0.0,337.0,4.058734353009095 < CountInput_Mean <= 51.33476658246089,0.03863247375258109
