feature,value,importance,min,max,rule,importance_ratio
Added_lines,111.0,0.3654295004515076,6.0,17843.0,24.088365210503166 < Added_lines <= 251.74735011885954,0.25264184852109783
MaxNesting_Min,0.0,0.11526937343884694,0.0,5.0,MaxNesting_Min <= 0.500511766194675,0.07969216373466677
CountDeclClassVariable,2.0,-0.11402532751887931,0.0,321.0,1.435282637894548 < CountDeclClassVariable <= 2.4883595385761863,0.07883208522300468
MAJOR_LINE,2.0,0.11176925068740629,0.0,10.0,1.498903175727984 < MAJOR_LINE <= 2.503347321568387,0.07727233314933596
AvgLineBlank,4.0,0.09545191949373717,0.0,38.0,1.4893549233110666 < AvgLineBlank <= 14.489587531491791,0.06599124962814776
