feature,value,importance,min,max,rule,importance_ratio
Added_lines,61.0,0.36888348602714865,6.0,17843.0,24.088365210503166 < Added_lines <= 251.74735011885954,0.35872804223207083
MINOR_COMMIT,0.0,-0.13765251946423337,0.0,5.0,MINOR_COMMIT <= 0.5004848706369127,0.13386291521893248
CountLineComment,16.0,-0.09641402731308964,15.0,3202.0,CountLineComment <= 21.724627237809756,0.09375972785940491
CountDeclClass,1.0,-0.09455116847121657,1.0,13.0,CountDeclClass <= 1.5005966587345618,0.09194815393264298
MAJOR_LINE,0.0,-0.049140319429757974,0.0,10.0,MAJOR_LINE <= 0.49445902988758095,0.04778747558896769
