feature,value,importance,min,max,rule,importance_ratio
Added_lines,123.0,0.39073187700740974,6.0,17843.0,24.088365210503166 < Added_lines <= 251.74735011885954,0.38578075613496815
CountDeclClass,1.0,-0.1331433061851211,1.0,13.0,CountDeclClass <= 1.5005966587345618,0.1314561937659147
MAJOR_LINE,0.0,-0.06522141728014585,0.0,10.0,MAJOR_LINE <= 0.49445902988758095,0.06439497045195469
CountDeclMethodDefault,0.0,-0.05439804374054773,0.0,98.0,CountDeclMethodDefault <= 0.5251436229312023,0.053708744234588275
MINOR_COMMIT,0.0,-0.03781672810729998,0.0,5.0,MINOR_COMMIT <= 0.5004848706369127,0.037337537125254894
