feature,value,importance,min,max,rule,importance_ratio
Added_lines,308.0,0.23729001975654385,6.0,17843.0,251.74735011885954 < Added_lines <= 987.2609936689339,0.1449528388292206
CountDeclClass,1.0,-0.21548045590672132,1.0,13.0,CountDeclClass <= 1.5005966587345618,0.1316300779440286
OWN_LINE,0.337057728119181,0.1644553104296071,0.281553398058252,1.0,OWN_LINE <= 0.41251109484975157,0.10046045818433491
PercentLackOfCohesion,87.0,0.10343125521507412,0.0,100.0,66.42629775224196 < PercentLackOfCohesion <= 91.52823503836835,0.0631828261571088
CountDeclMethodDefault,1.0,0.09489654500664671,0.0,98.0,0.5251436229312023 < CountDeclMethodDefault <= 6.516059405237756,0.05796924627471189
