feature,value,importance,min,max,rule,importance_ratio
Added_lines,27.0,0.35835164878526266,6.0,17843.0,24.088365210503166 < Added_lines <= 251.74735011885954,0.272104659631795
CountLineComment,179.0,0.10119949940332941,15.0,3202.0,146.26265667216038 < CountLineComment <= 442.57727842975316,0.07684311048489713
CountDeclClass,1.0,-0.0981654699215075,1.0,13.0,CountDeclClass <= 1.5005966587345618,0.07453930202674575
CountDeclInstanceVariable,30.0,0.09073940205587332,0.0,1095.0,CountDeclInstanceVariable > 21.376447020001596,0.06890051767670678
MaxInheritanceTree,0.0,-0.07081958254240873,0.0,7.0,MaxInheritanceTree <= 0.49470484336951337,0.05377493997387864
