feature,value,importance,min,max,rule,importance_ratio
Added_lines,71.0,0.345926540124784,6.0,17843.0,24.088365210503166 < Added_lines <= 251.74735011885954,0.24143846352313433
CountDeclMethodPublic,21.0,0.16955185405894552,0.0,201.0,18.465847459395306 < CountDeclMethodPublic <= 25.553857667488366,0.11833824348002843
CountClassBase,3.0,-0.0976302932305361,0.0,6.0,2.4982816813705466 < CountClassBase <= 5.500426941618492,0.06814079076555045
AvgEssential,1.0,-0.08902413824407243,0.0,19.0,0.495958096006642 < AvgEssential <= 1.496290593979419,0.062134148904465676
CountLineComment,156.0,0.08400613214349105,15.0,3202.0,146.26265667216038 < CountLineComment <= 442.57727842975316,0.058631845547119775
