feature,value,importance,min,max,rule,importance_ratio
Added_lines,55.0,0.3756224994167236,6.0,17843.0,24.088365210503166 < Added_lines <= 251.74735011885954,0.35195630805069145
CountDeclClass,1.0,-0.1036422168288886,1.0,13.0,CountDeclClass <= 1.5005966587345618,0.09711221252701353
CountLineComment,166.0,0.07863655626977657,15.0,3202.0,146.26265667216038 < CountLineComment <= 442.57727842975316,0.07368203998830744
OWN_LINE,0.981958762886598,-0.06100796182131893,0.281553398058252,1.0,OWN_LINE > 0.9680591083803126,0.05716413962867358
MAJOR_LINE,1.0,-0.05148456758263056,0.0,10.0,0.49445902988758095 < MAJOR_LINE <= 1.498903175727984,0.04824076927262522
