feature,value,importance,min,max,rule,importance_ratio
Added_lines,186.0,0.3403774521498008,6.0,17843.0,24.088365210503166 < Added_lines <= 251.74735011885954,0.2500022690841906
MAJOR_LINE,3.0,0.22898458990801737,0.0,10.0,2.503347321568387 < MAJOR_LINE <= 5.505000175998428,0.1681858381063468
CountDeclClass,1.0,-0.1346153365772451,1.0,13.0,CountDeclClass <= 1.5005966587345618,0.09887299932849858
OWN_LINE,0.462765957446808,0.10670767234803351,0.281553398058252,1.0,0.441750463982939 < OWN_LINE <= 0.571420709704031,0.07837522740478134
CountLineComment,139.0,0.09166392683873618,15.0,3202.0,137.67382705599826 < CountLineComment <= 146.26265667216038,0.06732581596728629
