feature,value,importance,min,max,rule,importance_ratio
Added_lines,24.0,0.3766075948057293,6.0,17843.0,24.088365210503166 < Added_lines <= 251.74735011885954,0.274031140415288
MAJOR_LINE,5.0,0.18686586651260473,0.0,10.0,2.503347321568387 < MAJOR_LINE <= 5.505000175998428,0.13596928795754876
CountDeclClass,1.0,-0.15415123038392325,1.0,13.0,CountDeclClass <= 1.5005966587345618,0.1121651237020769
CountLineComment,466.0,0.10923588896411483,15.0,3202.0,442.57727842975316 < CountLineComment <= 1279.9881660055592,0.0794833551950949
CountDeclClassVariable,131.0,0.06466487517946376,0.0,321.0,10.46165607230859 < CountDeclClassVariable <= 159.54725729738055,0.04705212994810037
