feature,value,importance,min,max,rule,importance_ratio
Added_lines,68.0,0.39748178160115016,6.0,17843.0,24.088365210503166 < Added_lines <= 251.74735011885954,0.3183638648172699
MAJOR_LINE,4.0,0.18853205114615193,0.0,10.0,2.503347321568387 < MAJOR_LINE <= 5.505000175998428,0.15100514092252035
CountDeclClass,1.0,-0.11682756883899208,1.0,13.0,CountDeclClass <= 1.5005966587345618,0.09357328575655037
OWN_LINE,0.472306143001007,0.07568604823510525,0.281553398058252,1.0,0.441750463982939 < OWN_LINE <= 0.571420709704031,0.06062089872851847
MINOR_COMMIT,0.0,0.0664188645577968,0.0,5.0,MINOR_COMMIT <= 0.5004848706369127,0.05319832856795718
