feature,value,importance,min,max,rule,importance_ratio
Added_lines,1050.0,0.2964797648842852,6.0,17843.0,Added_lines > 987.2609936689339,0.29906698438908647
MAJOR_LINE,4.0,0.19098052076977298,0.0,10.0,2.503347321568387 < MAJOR_LINE <= 5.505000175998428,0.19264710509321076
CountDeclClass,1.0,-0.10675225707603125,1.0,13.0,CountDeclClass <= 1.5005966587345618,0.10768382662782332
CountLineComment,349.0,0.09473077680717801,15.0,3202.0,146.26265667216038 < CountLineComment <= 442.57727842975316,0.09555744136405313
OWN_LINE,0.684879288437103,0.04129148382052905,0.281553398058252,1.0,0.571420709704031 < OWN_LINE <= 0.8116920473637016,0.0416518123993255
