feature,value,importance,min,max,rule,importance_ratio
Added_lines,0.0,-0.4086578433319147,6.0,17843.0,Added_lines <= 6.5761356021680655,0.33484310247444665
MAJOR_LINE,6.0,0.1328606210759227,0.0,10.0,MAJOR_LINE > 5.505000175998428,0.10886237296958176
CountDeclClass,1.0,-0.12241733883645259,1.0,13.0,CountDeclClass <= 1.5005966587345618,0.10030543204176436
CountLineComment,870.0,0.08317253492491715,15.0,3202.0,442.57727842975316 < CountLineComment <= 1279.9881660055592,0.06814930898635357
AvgLineComment,9.0,0.04755017732470258,0.0,72.0,5.5024963826059325 < AvgLineComment <= 11.482862578537805,0.03896131974073397
