feature,value,importance,min,max,rule,importance_ratio
Added_lines,450.0,0.3137458963975649,6.0,17843.0,251.74735011885954 < Added_lines <= 987.2609936689339,0.2605809700281508
CountDeclClass,1.0,-0.07047129344104337,1.0,13.0,CountDeclClass <= 1.5005966587345618,0.05852977908191079
MaxNesting_Mean,2.33333333333333,0.06633846877739809,0.0,5.0,0.7556304811597957 < MaxNesting_Mean <= 2.486347451800019,0.05509727057048691
OWN_LINE,0.883928571428571,0.05873096668998147,0.281553398058252,1.0,0.8116920473637016 < OWN_LINE <= 0.8930537701690927,0.04877887630241262
MINOR_COMMIT,0.0,-0.05860473297480512,0.0,5.0,MINOR_COMMIT <= 0.5004848706369127,0.048674033165566524
