feature,value,importance,min,max,rule,importance_ratio
Added_lines,163.0,0.41606588959346597,6.0,17843.0,24.088365210503166 < Added_lines <= 251.74735011885954,0.30043457387266503
MAJOR_LINE,3.0,0.16965023590733205,0.0,10.0,2.503347321568387 < MAJOR_LINE <= 5.505000175998428,0.12250174216881256
CountDeclClass,1.0,-0.16251866814786442,1.0,13.0,CountDeclClass <= 1.5005966587345618,0.11735215030259834
MaxNesting_Min,0.0,-0.08184850650377407,0.0,5.0,MaxNesting_Min <= 0.500511766194675,0.059101507209836854
MINOR_COMMIT,0.0,0.08130430330059803,0.0,5.0,MINOR_COMMIT <= 0.5004848706369127,0.05870854671599275
