feature,value,importance,min,max,rule,importance_ratio
Added_lines,0.0,-0.4024400558577479,6.0,17843.0,Added_lines <= 6.5761356021680655,0.2858163950809528
CountDeclMethodPrivate,19.0,0.1485670784523818,0.0,151.0,15.520842865118082 < CountDeclMethodPrivate <= 29.521787640350414,0.10551361916612594
CountDeclClassVariable,14.0,0.09608063443204903,0.0,321.0,10.46165607230859 < CountDeclClassVariable <= 159.54725729738055,0.06823729440134563
AvgLineComment,16.0,-0.07774408237097373,0.0,72.0,11.482862578537805 < AvgLineComment <= 45.48359623181341,0.05521451714041792
PercentLackOfCohesion,92.0,0.06853234975956592,0.0,100.0,91.52823503836835 < PercentLackOfCohesion <= 98.37421793458464,0.04867226527179955
