feature,value,importance,min,max,rule,importance_ratio
Added_lines,0.0,-0.4007994183622506,6.0,17843.0,Added_lines <= 6.5761356021680655,0.30831367160525636
OWN_LINE,0.407643312101911,0.3134809837573818,0.281553398058252,1.0,OWN_LINE <= 0.41251109484975157,0.24114424485843808
MINOR_COMMIT,0.0,-0.10582987566125754,0.0,5.0,MINOR_COMMIT <= 0.5004848706369127,0.0814092936161886
CountDeclClass,1.0,-0.08627994865954454,1.0,13.0,CountDeclClass <= 1.5005966587345618,0.06637057475241746
MAJOR_LINE,2.0,0.051601994610286764,0.0,10.0,1.498903175727984 < MAJOR_LINE <= 2.503347321568387,0.03969466943206176
