feature,value,importance,min,max,rule,importance_ratio
Added_lines,12.0,0.22554913302286217,6.0,17843.0,6.5761356021680655 < Added_lines <= 24.088365210503166,0.24822699829455777
CountDeclClass,1.0,-0.14693526986058245,1.0,13.0,CountDeclClass <= 1.5005966587345618,0.16170889460876875
MAJOR_LINE,1.0,-0.05120211853911183,0.0,10.0,0.49445902988758095 < MAJOR_LINE <= 1.498903175727984,0.05635024183399352
CountDeclMethodDefault,0.0,-0.049210831486177734,0.0,98.0,CountDeclMethodDefault <= 0.5251436229312023,0.05415874057984086
CountDeclClassVariable,18.0,0.04913718432775887,0.0,321.0,10.46165607230859 < CountDeclClassVariable <= 159.54725729738055,0.054077688558836705
