feature,value,importance,min,max,rule,importance_ratio
Added_lines,4.0,-0.3728563469421167,6.0,17843.0,Added_lines <= 6.5761356021680655,0.2918684495157923
MAJOR_LINE,2.0,0.09366205287599746,0.0,10.0,1.498903175727984 < MAJOR_LINE <= 2.503347321568387,0.07331777607000857
CountDeclClass,1.0,-0.0911463702397255,1.0,13.0,CountDeclClass <= 1.5005966587345618,0.07134852330940988
CountClassCoupled,18.0,0.08800564392610391,0.0,126.0,12.516570532282248 < CountClassCoupled <= 20.500994623023644,0.06888999222356923
CountInput_Mean,8.5,0.06730668070682153,0.0,337.0,4.058734353009095 < CountInput_Mean <= 51.33476658246089,0.05268703805383844
