feature,value,importance,min,max,rule,importance_ratio
Added_lines,0.0,-0.4152383664027445,6.0,17843.0,Added_lines <= 6.5761356021680655,0.3159225103437485
MAJOR_LINE,3.0,0.19832309383810426,0.0,10.0,2.503347321568387 < MAJOR_LINE <= 5.505000175998428,0.1508885852895952
CountDeclClass,1.0,-0.10485360953346047,1.0,13.0,CountDeclClass <= 1.5005966587345618,0.07977493946280753
CountLineComment,441.0,0.08001734284580964,15.0,3202.0,146.26265667216038 < CountLineComment <= 442.57727842975316,0.060878959817421835
MaxInheritanceTree,1.0,-0.06116780211058242,0.0,7.0,0.49470484336951337 < MaxInheritanceTree <= 1.5001546410169164,0.04653781335860952
