feature,value,importance,min,max,rule,importance_ratio
Added_lines,27.0,0.3461684708485037,6.0,17843.0,24.088365210503166 < Added_lines <= 251.74735011885954,0.26464927647091646
CountLineComment,223.0,0.11362031234573548,15.0,3202.0,146.26265667216038 < CountLineComment <= 442.57727842975316,0.08686387116941677
CountInput_Mean,4.1875,0.0821763404069299,0.0,337.0,4.058734353009095 < CountInput_Mean <= 51.33476658246089,0.0628246384727494
CountDeclClassVariable,0.0,-0.07885497270706895,0.0,321.0,CountDeclClassVariable <= 0.5326452944531437,0.06028541947193301
MINOR_COMMIT,0.0,0.06736864127238736,0.0,5.0,MINOR_COMMIT <= 0.5004848706369127,0.05150400360224805
