feature,value,importance,min,max,rule,importance_ratio
Added_lines,0.0,-0.42893797119529053,6.0,17843.0,Added_lines <= 6.5761356021680655,0.36859519412820396
CountDeclClass,1.0,-0.10667629568154209,1.0,13.0,CountDeclClass <= 1.5005966587345618,0.0916691283032007
CountLineComment,279.0,0.09610687540306255,15.0,3202.0,146.26265667216038 < CountLineComment <= 442.57727842975316,0.08258660872930405
CountDeclInstanceVariable,35.0,0.0830229594191681,0.0,1095.0,CountDeclInstanceVariable > 21.376447020001596,0.07134333143538273
CountClassCoupled,36.0,0.06657884550823605,0.0,126.0,20.500994623023644 < CountClassCoupled <= 42.45816087256249,0.05721256716106137
