feature,value,importance,min,max,rule,importance_ratio
Added_lines,0.0,-0.4242385883161002,6.0,17843.0,Added_lines <= 6.5761356021680655,0.40912057617301456
CountDeclClass,1.0,-0.10691101322927879,1.0,13.0,CountDeclClass <= 1.5005966587345618,0.10310117121880724
CountLineComment,140.0,0.05183598369279996,15.0,3202.0,137.67382705599826 < CountLineComment <= 146.26265667216038,0.04998877541778884
MAJOR_LINE,2.0,0.05158121283965181,0.0,10.0,1.498903175727984 < MAJOR_LINE <= 2.503347321568387,0.04974308348616663
CountClassCoupled,24.0,0.0506162567465869,0.0,126.0,20.500994623023644 < CountClassCoupled <= 42.45816087256249,0.048812514217719455
