feature,value,importance,min,max,rule,importance_ratio
Added_lines,2.0,-0.41641952746368044,6.0,17843.0,Added_lines <= 6.5761356021680655,0.3791834817762183
CountDeclClass,1.0,-0.0911528657687552,1.0,13.0,CountDeclClass <= 1.5005966587345618,0.08300201776462429
MaxInheritanceTree,4.0,0.054436615035236634,0.0,7.0,3.4981638542906017 < MaxInheritanceTree <= 4.503613651938005,0.04956891755508027
CountDeclClassVariable,0.0,-0.04835783509108598,0.0,321.0,CountDeclClassVariable <= 0.5326452944531437,0.044033699362471555
AvgLineComment,9.0,0.04515285141924281,0.0,72.0,5.5024963826059325 < AvgLineComment <= 11.482862578537805,0.041115303880090104
