feature,value,importance,min,max,rule,importance_ratio
MAJOR_LINE,5.0,0.23128454286509345,0.0,10.0,2.503347321568387 < MAJOR_LINE <= 5.505000175998428,0.17729945008237671
Added_lines,9.0,0.20343763732245773,6.0,17843.0,6.5761356021680655 < Added_lines <= 24.088365210503166,0.15595240726644127
MaxNesting_Mean,1.83333333333333,0.09399370963987796,0.0,5.0,0.7556304811597957 < MaxNesting_Mean <= 2.486347451800019,0.07205424462833014
CountDeclInstanceVariable,8.0,0.07562174860733906,0.0,1095.0,6.4964298070611495 < CountDeclInstanceVariable <= 12.5006472789494,0.05797055988375997
AvgLineBlank,3.0,0.0736470376914371,0.0,38.0,1.4893549233110666 < AvgLineBlank <= 14.489587531491791,0.05645677450440022
