feature,value,importance,min,max,rule,importance_ratio
Added_lines,42.0,0.3771365935904331,6.0,17843.0,24.088365210503166 < Added_lines <= 251.74735011885954,0.4260522487652528
CountDeclClass,1.0,-0.09073008890704978,1.0,13.0,CountDeclClass <= 1.5005966587345618,0.1024980313936326
MINOR_COMMIT,0.0,-0.05847541372624187,0.0,5.0,MINOR_COMMIT <= 0.5004848706369127,0.06605983598239687
MAJOR_LINE,2.0,0.05587472040973554,0.0,10.0,1.498903175727984 < MAJOR_LINE <= 2.503347321568387,0.06312182557800318
CountDeclMethodDefault,0.0,-0.038325279476108594,0.0,98.0,CountDeclMethodDefault <= 0.5251436229312023,0.04329617380774652
