feature,value,importance,min,max,rule,importance_ratio
Added_lines,291.0,0.32218875010238734,6.0,17843.0,251.74735011885954 < Added_lines <= 987.2609936689339,0.2734903126354641
CountDeclClass,3.0,0.24556708179238965,1.0,13.0,2.498717478387095 < CountDeclClass <= 3.5026413260608633,0.20844991624020576
CountLineComment,1310.0,0.08530914912303092,15.0,3202.0,CountLineComment > 1279.9881660055592,0.07241477505626374
CountDeclMethodProtected,2.0,-0.055065899600250365,0.0,91.0,1.4901518593036855 < CountDeclMethodProtected <= 2.4824224777223796,0.04674275589212746
CountDeclMethodPublic,33.0,0.05443533069527872,0.0,201.0,26.478380738109195 < CountDeclMethodPublic <= 61.45617024326406,0.04620749670972555
