feature,value,importance,min,max,rule,importance_ratio
MAJOR_COMMIT,8.0,0.34373466050658924,0.0,10.0,MAJOR_COMMIT > 7.505691480300078,0.3233634232764584
CountClassCoupled,69.0,0.14626075741708125,0.0,230.0,CountClassCoupled > 42.555205635341274,0.13759269763396006
CountClassBase,5.0,0.1323260453365631,0.0,7.0,CountClassBase > 4.498148460334946,0.12448381826145989
MAJOR_LINE,10.0,0.06994748090381707,0.0,21.0,7.493770580251528 < MAJOR_LINE <= 11.993562776583781,0.06580208362254875
CountLineComment,214.0,0.05126576716330568,0.0,4740.0,97.54858712745128 < CountLineComment <= 235.90883570083076,0.04822753091698354
