feature,value,importance,min,max,rule,importance_ratio
MAJOR_COMMIT,3.0,0.1523965310243325,0.0,10.0,2.504428889822858 < MAJOR_COMMIT <= 4.498890104152141,0.22379421187529971
CountClassCoupled,21.0,0.12767811370120438,0.0,230.0,16.502179241780798 < CountClassCoupled <= 23.495360010578608,0.187495231272185
CountOutput_Mean,5.77777777777778,0.06675059803710848,0.0,28.0,CountOutput_Mean > 4.581772384689348,0.09802321207386583
MaxInheritanceTree,1.0,-0.03844429796722868,0.0,5.0,0.49691441763957456 < MaxInheritanceTree <= 1.5027366760509226,0.05645542786863979
CountClassDerived,0.0,0.0372105277992758,0.0,48.0,CountClassDerived <= 5.5085274972528095,0.05464363713747028
