feature,value,importance,min,max,rule,importance_ratio
MAJOR_COMMIT,6.0,0.22335515519227686,0.0,10.0,5.496120711316784 < MAJOR_COMMIT <= 7.505691480300078,0.2501414067300393
CountClassCoupled,24.0,0.15178471143074126,0.0,230.0,23.495360010578608 < CountClassCoupled <= 42.555205635341274,0.16998775427732568
MAJOR_LINE,13.0,0.09201386289700655,0.0,21.0,MAJOR_LINE > 11.993562776583781,0.10304878382551007
CountOutput_Mean,4.79220779220779,0.061150291199041425,0.0,28.0,CountOutput_Mean > 4.581772384689348,0.06848384515375035
CountInput_Mean,9.2987012987013,-0.057433198659798367,0.0,57.3076923076923,CountInput_Mean > 4.730969183554715,0.06432097389200772
