feature,value,importance,min,max,rule,importance_ratio
CountClassCoupled,71.0,0.28066126267998215,0.0,230.0,CountClassCoupled > 42.555205635341274,0.25916149604033967
MAJOR_COMMIT,6.0,0.2480676909184517,0.0,10.0,5.496120711316784 < MAJOR_COMMIT <= 7.505691480300078,0.22906472123658667
MAJOR_LINE,10.0,0.11180021843552146,0.0,21.0,7.493770580251528 < MAJOR_LINE <= 11.993562776583781,0.1032358779787285
CountOutput_Mean,11.1694915254237,0.05830123476215057,0.0,28.0,CountOutput_Mean > 4.581772384689348,0.05383512878721066
CountInput_Mean,5.27966101694915,-0.056662641937828113,0.0,57.3076923076923,CountInput_Mean > 4.730969183554715,0.05232205867665328
