feature,value,importance,min,max,rule,importance_ratio
MAJOR_LINE,5.0,0.13530328307823652,0.0,21.0,3.496382367004915 < MAJOR_LINE <= 5.505998299347475,0.1558714873796042
MAJOR_COMMIT,3.0,0.10624603944912787,0.0,10.0,2.504428889822858 < MAJOR_COMMIT <= 4.498890104152141,0.12239709059795499
CountOutput_Mean,5.85714285714286,0.07699422354806823,0.0,28.0,CountOutput_Mean > 4.581772384689348,0.08869854353153926
CountInput_Mean,3.85714285714286,0.06240669352386546,0.0,57.3076923076923,3.650492018237092 < CountInput_Mean <= 4.130704091711592,0.07189348196660776
MaxNesting_Mean,0.8,-0.06007628344475659,0.0,6.4,0.5567061541803668 < MaxNesting_Mean <= 1.0140054051166967,0.06920881329507905
