feature,value,importance,min,max,rule,importance_ratio
MAJOR_COMMIT,5.0,0.21639294503738393,0.0,10.0,4.498890104152141 < MAJOR_COMMIT <= 5.496120711316784,0.2731465884190573
CountClassCoupled,34.0,0.17010387136813926,0.0,230.0,23.495360010578608 < CountClassCoupled <= 42.555205635341274,0.21471722256497053
CountOutput_Mean,9.55555555555556,0.06759211041647012,0.0,28.0,CountOutput_Mean > 4.581772384689348,0.08531957620482249
MAJOR_LINE,6.0,0.04489278503900431,0.0,21.0,5.505998299347475 < MAJOR_LINE <= 7.493770580251528,0.056666870890433575
RatioCommentToCode,0.09,0.03521650861901382,0.0,267.0,0.06654115773676095 < RatioCommentToCode <= 0.06654115773676095,0.044452785573264104
