feature,value,importance,min,max,rule,importance_ratio
MAJOR_COMMIT,3.0,0.1982972304318145,0.0,10.0,2.504428889822858 < MAJOR_COMMIT <= 4.498890104152141,0.2410551726935792
CountPath_Min,1.0,0.0705373525217187,0.0,576.0,0.4591410233064621 < CountPath_Min <= 1.4178638734662286,0.08574700542435199
CountInput_Mean,2.25,0.05845463482436685,0.0,57.3076923076923,1.2494316508645946 < CountInput_Mean <= 3.650492018237092,0.07105894551146064
OWN_COMMIT,0.428571428571429,0.05844881585377026,0.0,1.0,0.30578000733389993 < OWN_COMMIT <= 0.48027660302735486,0.07105187182233746
MINOR_COMMIT,0.0,-0.05133340133896401,0.0,11.0,MINOR_COMMIT <= 1.0001719310427806,0.062402192394551394
