feature,value,importance,min,max,rule,importance_ratio
MAJOR_COMMIT,9.0,0.2544698837116035,0.0,10.0,MAJOR_COMMIT > 7.505691480300078,0.28498765921545244
CountClassCoupled,62.0,0.17063271509444256,0.0,230.0,CountClassCoupled > 42.555205635341274,0.19109616175819785
MAJOR_LINE,16.0,0.07951116854446648,0.0,21.0,MAJOR_LINE > 11.993562776583781,0.08904669375592425
CountInput_Mean,17.1077844311377,-0.06002192380906036,0.0,57.3076923076923,CountInput_Mean > 4.730969183554715,0.06722016498949795
CountOutput_Mean,5.03592814371257,0.05657930058891781,0.0,28.0,CountOutput_Mean > 4.581772384689348,0.06336467875765334
