feature,value,importance,min,max,rule,importance_ratio
CountOutput_Mean,5.96428571428571,0.050881043768396146,0.0,28.0,CountOutput_Mean > 4.581772384689348,0.11021407283348533
MaxInheritanceTree,3.0,0.04210489374221677,0.0,5.0,2.499812653954346 < MaxInheritanceTree <= 3.49688863185777,0.09120394319491605
CountInput_Mean,3.39285714285714,0.04009635434550712,0.0,57.3076923076923,1.2494316508645946 < CountInput_Mean <= 3.650492018237092,0.08685322058856532
CountClassCoupled,15.0,0.03972348479933059,0.0,230.0,9.508998472982986 < CountClassCoupled <= 16.502179241780798,0.08604554314572925
CountDeclMethodProtected,0.0,0.03256054412151836,0.0,209.0,CountDeclMethodProtected <= 0.4943506817260066,0.07052980669268327
