feature,value,importance,min,max,rule,importance_ratio
MAJOR_COMMIT,3.0,0.1408212935684986,0.0,10.0,2.504428889822858 < MAJOR_COMMIT <= 4.498890104152141,0.2216001820481237
CountClassCoupled,21.0,0.08965279915480141,0.0,230.0,16.502179241780798 < CountClassCoupled <= 23.495360010578608,0.14108006048221733
CountOutput_Mean,11.0,0.053867141390660074,0.0,28.0,CountOutput_Mean > 4.581772384689348,0.08476678516502822
MINOR_COMMIT,0.0,-0.048457267504237025,0.0,11.0,MINOR_COMMIT <= 1.0001719310427806,0.07625366184603527
CountInput_Mean,3.0,0.04308103299246867,0.0,57.3076923076923,1.2494316508645946 < CountInput_Mean <= 3.650492018237092,0.06779347435342598
