feature,value,importance,min,max,rule,importance_ratio
MAJOR_COMMIT,5.0,0.24108431738680966,0.0,10.0,4.498890104152141 < MAJOR_COMMIT <= 5.496120711316784,0.39390666740040664
CountOutput_Mean,6.72727272727273,0.047761030594748975,0.0,28.0,CountOutput_Mean > 4.581772384689348,0.07803655002163055
CountClassCoupled,16.0,0.04399639667260394,0.0,230.0,9.508998472982986 < CountClassCoupled <= 16.502179241780798,0.07188553025257856
MaxInheritanceTree,3.0,0.0317579837969882,0.0,5.0,2.499812653954346 < MaxInheritanceTree <= 3.49688863185777,0.051889238157106984
CountPath_Min,1.0,0.026735392905868932,0.0,576.0,0.4591410233064621 < CountPath_Min <= 1.4178638734662286,0.04368284770798408
