feature,value,importance,min,max,rule,importance_ratio
MAJOR_COMMIT,5.0,0.20019338572035902,0.0,10.0,4.498890104152141 < MAJOR_COMMIT <= 5.496120711316784,0.2533184275090657
CountClassCoupled,27.0,0.1256779760043308,0.0,230.0,23.495360010578608 < CountClassCoupled <= 42.555205635341274,0.15902896661336346
CountOutput_Mean,6.47619047619048,0.06324618614070605,0.0,28.0,CountOutput_Mean > 4.581772384689348,0.08002973905186316
MaxInheritanceTree,1.0,-0.04886569464975057,0.0,5.0,0.49691441763957456 < MaxInheritanceTree <= 1.5027366760509226,0.06183311643025035
CountInput_Mean,2.42857142857143,0.04706656998240165,0.0,57.3076923076923,1.2494316508645946 < CountInput_Mean <= 3.650492018237092,0.05955656053912707
