feature,value,importance,min,max,rule,importance_ratio
MAJOR_COMMIT,5.0,0.24378244549344094,0.0,10.0,4.498890104152141 < MAJOR_COMMIT <= 5.496120711316784,0.2634810187337959
CountClassCoupled,34.0,0.14031789322374616,0.0,230.0,23.495360010578608 < CountClassCoupled <= 42.555205635341274,0.151656126749977
MAJOR_LINE,8.0,0.08873223528085707,0.0,21.0,7.493770580251528 < MAJOR_LINE <= 11.993562776583781,0.09590214627228405
CountLineComment,170.0,0.05745729205636854,0.0,4740.0,97.54858712745128 < CountLineComment <= 235.90883570083076,0.0621000655484217
CountPath_Min,0.0,-0.03830858157580764,0.0,576.0,CountPath_Min <= 0.4591410233064621,0.041404064510921046
