feature,value,importance,min,max,rule,importance_ratio
CountClassCoupled,27.0,0.17871249908831524,0.0,230.0,23.495360010578608 < CountClassCoupled <= 42.555205635341274,0.24053935147307812
MAJOR_COMMIT,4.0,0.14059151260167374,0.0,10.0,2.504428889822858 < MAJOR_COMMIT <= 4.498890104152141,0.18923014023274212
CountOutput_Mean,20.4285714285714,0.05612301276087663,0.0,28.0,CountOutput_Mean > 4.581772384689348,0.07553916576112168
MaxInheritanceTree,1.0,-0.04458036563656619,0.0,5.0,0.49691441763957456 < MaxInheritanceTree <= 1.5027366760509226,0.06000325826876343
CountInput_Mean,1.57142857142857,0.042557793681379234,0.0,57.3076923076923,1.2494316508645946 < CountInput_Mean <= 3.650492018237092,0.05728096324804478
