feature,value,importance,min,max,rule,importance_ratio
CountClassCoupled,29.0,0.1941188953044223,0.0,230.0,23.495360010578608 < CountClassCoupled <= 42.555205635341274,0.26616396757566313
MINOR_COMMIT,0.0,-0.0808020214482087,0.0,11.0,MINOR_COMMIT <= 1.0001719310427806,0.11079079438949961
CountInput_Mean,5.37037037037037,-0.0574787345145823,0.0,57.3076923076923,CountInput_Mean > 4.730969183554715,0.07881132851924334
CountOutput_Mean,6.77777777777778,0.05233654664554892,0.0,28.0,CountOutput_Mean > 4.581772384689348,0.07176067472742678
MaxNesting_Mean,1.25641025641026,0.03569242615944135,0.0,6.4,MaxNesting_Mean > 1.0140054051166967,0.0489392737584875
