feature,value,importance,min,max,rule,importance_ratio
MAJOR_COMMIT,4.0,0.16879300410710438,0.0,10.0,2.504428889822858 < MAJOR_COMMIT <= 4.498890104152141,0.18362543770420234
MaxInheritanceTree,4.0,0.11110482939582891,0.0,5.0,3.49688863185777 < MaxInheritanceTree <= 4.5027108902691175,0.12086800064245742
CountClassCoupled,18.0,0.09351553641808201,0.0,230.0,16.502179241780798 < CountClassCoupled <= 23.495360010578608,0.10173307476663858
OWN_COMMIT,0.5,0.07502951953500654,0.0,1.0,0.48027660302735486 < OWN_COMMIT <= 0.8170956133193726,0.08162262670915814
CountClassDerived,0.0,0.06503278531590537,0.0,48.0,CountClassDerived <= 5.5085274972528095,0.0707474443738153
