feature,value,importance,min,max,rule,importance_ratio
MAJOR_COMMIT,5.0,0.19825353871778156,0.0,10.0,4.498890104152141 < MAJOR_COMMIT <= 5.496120711316784,0.2852290518314502
CountClassCoupled,26.0,0.15883853849054003,0.0,230.0,23.495360010578608 < CountClassCoupled <= 42.555205635341274,0.22852235587301803
CountOutput_Mean,10.4375,0.05535352560802226,0.0,28.0,CountOutput_Mean > 4.581772384689348,0.07963758794328146
MaxInheritanceTree,1.0,-0.03988234172150403,0.0,5.0,0.49691441763957456 < MaxInheritanceTree <= 1.5027366760509226,0.05737906413986341
CountClassBase,1.0,-0.03423527725406478,0.0,7.0,0.4965281148435172 < CountClassBase <= 1.500795769117428,0.04925458447561061
