feature,value,importance,min,max,rule,importance_ratio
MAJOR_COMMIT,5.0,0.24419341957437007,0.0,10.0,4.498890104152141 < MAJOR_COMMIT <= 5.496120711316784,0.32646849309644255
CountInput_Mean,8.0,-0.055282501177180234,0.0,57.3076923076923,CountInput_Mean > 4.730969183554715,0.07390860443894867
CountOutput_Mean,5.5,0.05392171753476324,0.0,28.0,CountOutput_Mean > 4.581772384689348,0.07208933762191282
MaxInheritanceTree,3.0,0.03897072728759827,0.0,5.0,2.499812653954346 < MaxInheritanceTree <= 3.49688863185777,0.05210097239569499
OWN_COMMIT,0.333333333333333,0.03832532730170012,0.0,1.0,0.30578000733389993 < OWN_COMMIT <= 0.48027660302735486,0.05123812047606551
