feature,value,importance,min,max,rule,importance_ratio
MAJOR_COMMIT,3.0,0.1344646867755865,0.0,10.0,2.504428889822858 < MAJOR_COMMIT <= 4.498890104152141,0.2396600276536603
CountOutput_Mean,5.35294117647059,0.059937202838702366,0.0,28.0,CountOutput_Mean > 4.581772384689348,0.10682768862415179
CountClassCoupled,14.0,0.04864250779542109,0.0,230.0,9.508998472982986 < CountClassCoupled <= 16.502179241780798,0.08669684987888268
CountInput_Mean,2.76470588235294,0.041432938240275996,0.0,57.3076923076923,1.2494316508645946 < CountInput_Mean <= 3.650492018237092,0.07384704016013674
MaxInheritanceTree,2.0,0.0364145787215842,0.0,5.0,1.5027366760509226 < MaxInheritanceTree <= 2.499812653954346,0.06490268302172374
