feature,value,importance,min,max,rule,importance_ratio
MAJOR_COMMIT,3.0,0.21970021769430179,0.0,10.0,2.504428889822858 < MAJOR_COMMIT <= 4.498890104152141,0.20257638417091783
CountInput_Mean,9.03571428571429,-0.09109222355193287,0.0,57.3076923076923,CountInput_Mean > 4.730969183554715,0.08399233039866982
MaxNesting_Mean,2.53333333333333,0.09056875281397946,0.0,6.4,MaxNesting_Mean > 1.0140054051166967,0.0835096599196563
OWN_COMMIT,0.571428571428571,0.08389535355454054,0.0,1.0,0.48027660302735486 < OWN_COMMIT <= 0.8170956133193726,0.0773563975046547
AvgEssential,3.0,0.07746277438005354,0.0,8.0,1.5007214670753672 < AvgEssential <= 5.497231624692184,0.0714251852203142
