feature,value,importance,min,max,rule,importance_ratio
MAJOR_COMMIT,5.0,0.2361431111676266,0.0,10.0,4.498890104152141 < MAJOR_COMMIT <= 5.496120711316784,0.3345603363255629
CountOutput_Mean,6.01851851851852,0.05518854716287628,0.0,28.0,CountOutput_Mean > 4.581772384689348,0.07818944541229682
MINOR_COMMIT,0.0,-0.05457863558470538,0.0,11.0,MINOR_COMMIT <= 1.0001719310427806,0.07732534134543347
CountPath_Min,0.0,-0.04759741428509302,0.0,576.0,CountPath_Min <= 0.4591410233064621,0.06743456056248893
CountLineComment,149.0,0.046064218000048784,0.0,4740.0,97.54858712745128 < CountLineComment <= 235.90883570083076,0.06526237496604616
