feature,value,importance,min,max,rule,importance_ratio
CountClassDerived,1.0,-0.1531471819243569,0.0,48.0,CountClassDerived <= 5.5085274972528095,0.1663101140762083
CountClassBase,3.0,0.15059993671736027,0.0,7.0,2.4973382875892316 < CountClassBase <= 3.5016059418631427,0.16354393427692915
AvgEssential,2.0,0.09219294548120718,0.0,8.0,1.5007214670753672 < AvgEssential <= 5.497231624692184,0.10011688812905725
CountInput_Mean,3.2,0.06328903573429782,0.0,57.3076923076923,1.2494316508645946 < CountInput_Mean <= 3.650492018237092,0.0687287001986308
CountPath_Min,1.0,0.050904743460452595,0.0,576.0,0.4591410233064621 < CountPath_Min <= 1.4178638734662286,0.05527998351356892
