feature,value,importance,min,max,rule,importance_ratio
MAJOR_COMMIT,3.0,0.1583957271549244,0.0,10.0,2.504428889822858 < MAJOR_COMMIT <= 4.498890104152141,0.17901867602139587
CountDeclMethodDefault,63.0,0.07899935650340552,0.0,263.0,CountDeclMethodDefault > 43.47662776594204,0.08928498553467597
AvgEssential,1.0,-0.0776811407201867,0.0,8.0,0.4985570658492656 < AvgEssential <= 1.5007214670753672,0.08779513951129475
MINOR_LINE,4.0,0.05698069425692967,1.0,7.0,3.5048260426015228 < MINOR_LINE <= 5.498260151999511,0.06439951776400162
CountDeclMethodProtected,0.0,0.055986101420612985,0.0,209.0,CountDeclMethodProtected <= 0.4943506817260066,0.0632754300380516
