feature,value,importance,min,max,rule,importance_ratio
MAJOR_COMMIT,3.0,0.14453367735868827,0.0,10.0,2.504428889822858 < MAJOR_COMMIT <= 4.498890104152141,0.2394903230133928
CountClassBase,3.0,0.05992442667182712,0.0,7.0,2.4973382875892316 < CountClassBase <= 3.5016059418631427,0.09929395392336604
CountClassCoupled,14.0,0.056264449489577775,0.0,230.0,9.508998472982986 < CountClassCoupled <= 16.502179241780798,0.09322942188061406
CountInput_Mean,1.75,0.04355098311731501,0.0,57.3076923076923,1.2494316508645946 < CountInput_Mean <= 3.650492018237092,0.07216338229900862
MaxNesting_Min,0.0,-0.037746448104102256,0.0,6.0,MaxNesting_Min <= 0.5019345345682905,0.06254534731462921
