feature,value,importance,min,max,rule,importance_ratio
AvgEssential,6.0,0.2613811434961672,0.0,8.0,5.497231624692184 < AvgEssential <= 6.99744136470944,0.2632248237176123
AvgLineComment,20.0,0.12869628502505726,0.0,41.0,10.487645881505212 < AvgLineComment <= 37.51398548531001,0.1296040582182587
CountClassDerived,2.0,0.06941058839267128,0.0,48.0,CountClassDerived <= 5.5085274972528095,0.0699001834999033
CountClassBase,1.0,-0.05991504611339398,0.0,7.0,0.4965281148435172 < CountClassBase <= 1.500795769117428,0.0603376633841301
CountOutput_Mean,8.66666666666667,0.05899012996936545,0.0,28.0,CountOutput_Mean > 4.581772384689348,0.05940622324384679
