feature,value,importance,min,max,rule,importance_ratio
MAJOR_COMMIT,5.0,0.18086005217417653,0.0,10.0,4.498890104152141 < MAJOR_COMMIT <= 5.496120711316784,0.22881968281685516
MINOR_COMMIT,0.0,-0.0909795142515689,0.0,11.0,MINOR_COMMIT <= 1.0001719310427806,0.11510504029837917
CountClassCoupled,23.0,0.08357947290594668,0.0,230.0,16.502179241780798 < CountClassCoupled <= 23.495360010578608,0.10574269027590882
CountInput_Mean,4.8125,-0.0522455053073353,0.0,57.3076923076923,CountInput_Mean > 4.730969183554715,0.06609972633159347
CountOutput_Mean,8.5,0.049147141832044695,0.0,28.0,CountOutput_Mean > 4.581772384689348,0.06217975318581246
