feature,value,importance,min,max,rule,importance_ratio
MAJOR_COMMIT,7.0,0.22382732890092155,0.0,10.0,5.496120711316784 < MAJOR_COMMIT <= 7.505691480300078,0.31457823280088215
CountClassCoupled,23.0,0.0854042399001658,0.0,230.0,16.502179241780798 < CountClassCoupled <= 23.495360010578608,0.12003143223582528
CountOutput_Mean,9.5,0.053900819439605084,0.0,28.0,CountOutput_Mean > 4.581772384689348,0.07575493398903081
CountInput_Mean,7.875,-0.051638668435390736,0.0,57.3076923076923,CountInput_Mean > 4.730969183554715,0.07257559271408984
MINOR_COMMIT,0.0,-0.048753273953440465,0.0,11.0,MINOR_COMMIT <= 1.0001719310427806,0.06852031357761261
