feature,value,importance,min,max,rule,importance_ratio
MAJOR_COMMIT,5.0,0.18944561967032816,0.0,10.0,4.498890104152141 < MAJOR_COMMIT <= 5.496120711316784,0.3242986263990636
CountOutput_Mean,8.0,0.056468123000298555,0.0,28.0,CountOutput_Mean > 4.581772384689348,0.09666380651185034
CountClassCoupled,11.0,0.03771203124624592,0.0,230.0,9.508998472982986 < CountClassCoupled <= 16.502179241780798,0.06455657276826247
MaxNesting_Mean,2.125,0.03607171924972228,0.0,6.4,MaxNesting_Mean > 1.0140054051166967,0.061748638078274826
CountClassBase,1.0,-0.03532864850269839,0.0,7.0,0.4965281148435172 < CountClassBase <= 1.500795769117428,0.060476627550945024
