feature,value,importance,min,max,rule,importance_ratio
MAJOR_COMMIT,5.0,0.21097739392049739,0.0,10.0,4.498890104152141 < MAJOR_COMMIT <= 5.496120711316784,0.2782100490745976
CountClassCoupled,18.0,0.0930029102123834,0.0,230.0,16.502179241780798 < CountClassCoupled <= 23.495360010578608,0.12264036318515627
CountInput_Mean,6.27272727272727,-0.06654252421632553,0.0,57.3076923076923,CountInput_Mean > 4.730969183554715,0.08774778465008296
PercentLackOfCohesion,67.0,0.05470171634355429,0.0,100.0,66.34431027230274 < PercentLackOfCohesion <= 67.44600992648928,0.0721336390861846
CountOutput_Mean,5.81818181818182,0.05072681838233397,0.0,28.0,CountOutput_Mean > 4.581772384689348,0.06689205117807753
