feature,value,importance,min,max,rule,importance_ratio
MAJOR_COMMIT,6.0,0.21571703052015548,0.0,10.0,5.496120711316784 < MAJOR_COMMIT <= 7.505691480300078,0.2315589705831042
CountClassCoupled,46.0,0.17396494426703046,0.0,230.0,CountClassCoupled > 42.555205635341274,0.18674067279197423
CountInput_Mean,6.07142857142857,-0.06847286160621238,0.0,57.3076923076923,CountInput_Mean > 4.730969183554715,0.07350140741406341
MINOR_COMMIT,0.0,-0.06444268656849604,0.0,11.0,MINOR_COMMIT <= 1.0001719310427806,0.06917526227497517
CountOutput_Mean,9.60714285714286,0.04667881814798459,0.0,28.0,CountOutput_Mean > 4.581772384689348,0.050106841598551055
