feature,value,importance,min,max,rule,importance_ratio
MAJOR_COMMIT,6.0,0.2484197227900108,0.0,10.0,5.496120711316784 < MAJOR_COMMIT <= 7.505691480300078,0.24131810317612837
CountDeclMethodDefault,43.0,0.1699928514247032,0.0,263.0,35.491676583161556 < CountDeclMethodDefault <= 43.47662776594204,0.1651332349887009
CountClassCoupled,97.0,0.13685854955101184,0.0,230.0,CountClassCoupled > 42.555205635341274,0.13294614940458496
CountLineComment,1645.0,0.06153219649775755,0.0,4740.0,CountLineComment > 423.10211318246184,0.05977316445059952
MAJOR_LINE,23.0,0.05959776069562207,0.0,21.0,MAJOR_LINE > 11.993562776583781,0.057894028715141335
