feature,value,importance,min,max,rule,importance_ratio
CountClassCoupled,31.0,0.16471640481711217,0.0,230.0,23.495360010578608 < CountClassCoupled <= 42.555205635341274,0.2513786652437148
MAJOR_COMMIT,4.0,0.12946743613525105,0.0,10.0,2.504428889822858 < MAJOR_COMMIT <= 4.498890104152141,0.1975841527402267
MAJOR_LINE,7.0,0.04446165782920324,0.0,21.0,5.505998299347475 < MAJOR_LINE <= 7.493770580251528,0.0678542748188172
RatioCommentToCode,0.08,0.042118573932594335,0.0,267.0,0.06654115773676095 < RatioCommentToCode <= 0.06654115773676095,0.06427842393051274
CountInput_Mean,2.87037037037037,0.03546445763331015,0.0,57.3076923076923,1.2494316508645946 < CountInput_Mean <= 3.650492018237092,0.05412337668098261
