feature,value,importance,min,max,rule,importance_ratio
CountDeclMethodPrivate,15.0,0.28429045417153087,0.0,20.0,CountDeclMethodPrivate > 13.996467635704034,0.4946702602661416
AvgCyclomaticModified,5.0,0.07164299784199116,0.0,24.0,4.500475537693087 < AvgCyclomaticModified <= 6.5010971831177145,0.12466004351789223
MAJOR_LINE,7.0,0.056028702430081484,0.0,11.0,MAJOR_LINE > 6.495923940139127,0.09749090202212667
CountDeclMethodProtected,5.0,0.03271168390740297,0.0,33.0,4.50393320856633 < CountDeclMethodProtected <= 5.506791325430756,0.05691889036293648
AvgEssential,3.0,0.028513631630888346,0.0,8.0,2.5014022786982215 < AvgEssential <= 3.5012210105440067,0.049614207487508735
