feature,value,importance,min,max,rule,importance_ratio
MAJOR_LINE,7.0,0.06882039236061996,0.0,11.0,MAJOR_LINE > 6.495923940139127,0.2914401833925196
CountClassCoupled,19.0,0.029134102713979895,0.0,108.0,18.505132292347 < CountClassCoupled <= 34.49944319326817,0.12337692283773423
AvgCyclomaticModified,3.0,0.023157859320518327,0.0,24.0,2.49985389226846 < AvgCyclomaticModified <= 4.500475537693087,0.09806876328144827
CountDeclMethodProtected,9.0,0.021392691523109724,0.0,33.0,CountDeclMethodProtected > 7.494599378501313,0.09059364131614975
CountLineComment,132.0,0.015279331713835574,16.0,1595.0,70.42316390136749 < CountLineComment <= 405.65000731703594,0.06470482198737737
