feature,value,importance,min,max,rule,importance_ratio
CountDeclMethodDefault,4.0,0.06565029991156497,0.0,114.0,3.498751192318728 < CountDeclMethodDefault <= 20.492219369116494,0.2762115697942967
CountDeclMethodProtected,5.0,0.0334163294661422,0.0,33.0,4.50393320856633 < CountDeclMethodProtected <= 5.506791325430756,0.14059306402316366
MAJOR_LINE,5.0,0.02874229244355245,0.0,11.0,4.495439044857874 < MAJOR_LINE <= 6.495923940139127,0.12092791237838423
CountClassCoupled,19.0,0.02367379742651385,0.0,108.0,18.505132292347 < CountClassCoupled <= 34.49944319326817,0.09960315122669627
CountLineComment,50.0,0.01955784493894733,16.0,1595.0,35.440018134585465 < CountLineComment <= 66.34745759844142,0.08228603768234191
