feature,value,importance,min,max,rule,importance_ratio
AvgCyclomaticModified,5.0,0.07604664292270016,0.0,24.0,4.500475537693087 < AvgCyclomaticModified <= 6.5010971831177145,0.28155192263601425
CountOutput_Mean,10.4666666666667,0.07251938835390176,0.0,26.0,9.868387628018098 < CountOutput_Mean <= 11.579115129783318,0.2684927622667482
CountClassCoupled,11.0,0.014447379641345343,0.0,108.0,8.493109105017123 < CountClassCoupled <= 13.519892531020918,0.05348937650289062
CountDeclMethodDefault,0.0,-0.013144033306273565,0.0,114.0,CountDeclMethodDefault <= 0.505583502087303,0.04866392132963506
CountLineComment,111.0,0.012744337090280104,16.0,1595.0,70.42316390136749 < CountLineComment <= 405.65000731703594,0.04718410271097903
