feature,value,importance,min,max,rule,importance_ratio
CountClassCoupled,38.0,0.27708488150934163,0.0,108.0,CountClassCoupled > 34.49944319326817,0.5181508417840669
CountDeclMethodPublic,76.0,0.11025171843869425,0.0,217.0,CountDeclMethodPublic > 71.96731990555539,0.20617155438422352
CountDeclInstanceVariable,38.0,0.03462310765768427,0.0,97.0,CountDeclInstanceVariable > 23.504434313555777,0.06474547539471094
CountLineComment,37.0,0.018657201157272863,16.0,1595.0,35.440018134585465 < CountLineComment <= 66.34745759844142,0.03488910846494409
CountDeclMethodProtected,8.0,0.01723396675935739,0.0,33.0,CountDeclMethodProtected > 7.494599378501313,0.03222764928565256
