feature,value,importance,min,max,rule,importance_ratio
MAJOR_LINE,5.0,0.028157565135750975,0.0,11.0,4.495439044857874 < MAJOR_LINE <= 6.495923940139127,0.18342597729052634
CountClassCoupled,22.0,0.02494257066891339,0.0,108.0,18.505132292347 < CountClassCoupled <= 34.49944319326817,0.16248263580413574
CountLineComment,45.0,0.019405034458636276,16.0,1595.0,35.440018134585465 < CountLineComment <= 66.34745759844142,0.1264096306897087
CountDeclMethodDefault,0.0,-0.014585060791490103,0.0,114.0,CountDeclMethodDefault <= 0.505583502087303,0.09501102160726507
CountPath_Min,1.0,0.008376011174290562,0.0,84.0,0.49440886313589416 < CountPath_Min <= 1.492724323591267,0.05456359695994856
