feature,value,importance,min,max,rule,importance_ratio
CountDeclMethodPublic,46.0,0.043263414404239,0.0,217.0,43.48930102784986 < CountDeclMethodPublic <= 71.96731990555539,0.2178408438750988
CountClassCoupled,14.0,0.026216507047131063,0.0,108.0,13.519892531020918 < CountClassCoupled <= 18.505132292347,0.13200590145850652
CountLineComment,48.0,0.0201122372274484,16.0,1595.0,35.440018134585465 < CountLineComment <= 66.34745759844142,0.10126955512356081
CountDeclMethodDefault,0.0,-0.013927756488151312,0.0,114.0,CountDeclMethodDefault <= 0.505583502087303,0.07012932909817876
MINOR_LINE,4.0,0.013155219613581806,1.0,7.0,3.4971871352848427 < MINOR_LINE <= 4.502461526576207,0.06623943536236758
