feature,value,importance,min,max,rule,importance_ratio
AvgCyclomaticModified,5.0,0.08637046891441477,0.0,24.0,4.500475537693087 < AvgCyclomaticModified <= 6.5010971831177145,0.23914503462958184
CountOutput_Mean,10.8461538461538,0.07735055588467957,0.0,26.0,9.868387628018098 < CountOutput_Mean <= 11.579115129783318,0.2141704404081553
CountDeclMethodProtected,7.0,0.04843439471548143,0.0,33.0,6.4917412616368875 < CountDeclMethodProtected <= 7.494599378501313,0.1341065429779498
MAJOR_LINE,6.0,0.034675361076998625,0.0,11.0,4.495439044857874 < MAJOR_LINE <= 6.495923940139127,0.09601013552177352
CountClassCoupled,19.0,0.032768420050822346,0.0,108.0,18.505132292347 < CountClassCoupled <= 34.49944319326817,0.09073014244690224
