feature,value,importance,min,max,rule,importance_ratio
MAJOR_LINE,5.0,0.03742261800566515,0.0,11.0,4.495439044857874 < MAJOR_LINE <= 6.495923940139127,0.18878749533937497
CountClassCoupled,19.0,0.03577699562933582,0.0,108.0,18.505132292347 < CountClassCoupled <= 34.49944319326817,0.1804857531508778
AvgCyclomaticModified,3.0,0.023857842822403393,0.0,24.0,2.49985389226846 < AvgCyclomaticModified <= 4.500475537693087,0.12035668883347987
CountLineComment,47.0,0.02075709482388975,16.0,1595.0,35.440018134585465 < CountLineComment <= 66.34745759844142,0.10471421164951177
CountDeclMethodProtected,4.0,0.018099972337391936,0.0,33.0,3.501075091701906 < CountDeclMethodProtected <= 4.50393320856633,0.09130971122252626
