feature,value,importance,min,max,rule,importance_ratio
CountDeclClassMethod,18.0,0.32651573581752147,0.0,78.0,14.00060124762396 < CountDeclClassMethod <= 19.498633948597103,0.7017533997240811
MAJOR_LINE,5.0,0.030280057254512924,0.0,11.0,4.495439044857874 < MAJOR_LINE <= 6.495923940139127,0.06507843509897387
AvgCyclomaticModified,4.0,0.02269078510657618,0.0,24.0,2.49985389226846 < AvgCyclomaticModified <= 4.500475537693087,0.04876743704581329
CountDeclMethodDefault,0.0,-0.014233694648518888,0.0,114.0,CountDeclMethodDefault <= 0.505583502087303,0.030591308517562064
CountLineComment,106.0,0.014185507122372487,16.0,1595.0,70.42316390136749 < CountLineComment <= 405.65000731703594,0.030487743033304888
