Antecedent,Antecedent Coverage %,Confidence,Lift
RatioCommentToCode > 1.73,0.19777,0.99549,1.05933
AvgLineComment > 3.35,0.1942,0.98621,1.04946
CountDeclMethodPublic <= 0.65,0.19063,0.98595,1.04918
OWN_LINE > 0.988,0.22411,0.98207,1.04505
-0.1 < CountDeclInstanceVariable <= 0.76,0.30446,0.97507,1.03761
-0.076 < OWN_COMMIT <= 0.005,0.60402,0.97413,1.03661
-0.005 < CountDeclMethodPrivate <= 0.245,0.73036,0.96699,1.02901
