"Rule ID","Antecedent","Consequent","Antecedent Coverage %","Antecedent Coverage","Support %","Support","Confidence","Leverage","Lift","p-value","Consequent Coverage %","Consequent Coverage"
"b'000000'","b'RatioCommentToCode > 1.67'","b'target = 0'",0.19688,441,0.19598,439,0.99546,0.01001,1.0538,3.65804e-10,0.94464,2116
"b'000001'","b'CountClassBase <= 0.876'","b'target = 0'",0.14643,328,0.14554,326,0.9939,0.00721,1.05215,4.52217e-07,0.94464,2116
"b'000002'","b'CountDeclMethodPublic <= 0.6'","b'target = 0'",0.18482,414,0.18348,411,0.99275,0.00889,1.05093,2.16555e-08,0.94464,2116
"b'000003'","b'1 < RatioCommentToCode <= 1.67'","b'target = 0'",0.20268,454,0.2,448,0.98678,0.00854,1.04461,5.56269e-07,0.94464,2116
"b'000004'","b'0.6 < CountDeclMethodPublic <= 3.2'","b'target = 0'",0.24821,556,0.24375,546,0.98201,0.00928,1.03956,8.45216e-07,0.94464,2116
"b'000005'","b'-0.52 < CountDeclInstanceVariable <= 0.76'","b'target = 0'",0.29777,667,0.29241,655,0.98201,0.01113,1.03956,3.25882e-08,0.94464,2116
"b'000006'","b'-0.051 < OWN_COMMIT <= 0.0025'","b'target = 0'",0.65714,1472,0.63884,1431,0.97215,0.01807,1.02912,2.37068e-14,0.94464,2116
"b'000007'","b'-0.024 < CountDeclMethodPrivate <= 0.152'","b'target = 0'",0.76027,1703,0.73571,1648,0.9677,0.01753,1.02441,5.54184e-15,0.94464,2116
"b'000008'","b'0.98 < CountDeclClass <= 1.225'","b'target = 0'",0.74821,1676,0.71875,1610,0.96062,0.01195,1.01691,6.68521e-08,0.94464,2116
