"Rule ID","Antecedent","Consequent","Antecedent Coverage %","Antecedent Coverage","Support %","Support","Confidence","Leverage","Lift","p-value","Consequent Coverage %","Consequent Coverage"
"b'000000'","b'0.26 < CountClassCoupled <= 1.8'","b'target = 0'",0.22545,505,0.22545,505,1,0.00624,1.02847,1.02845e-07,0.97232,2178
"b'000001'","b'RatioCommentToCode > 1.785'","b'target = 0'",0.19821,444,0.19821,444,1,0.00549,1.02847,9.1006e-07,0.97232,2178
"b'000002'","b'-0.017 < OWN_COMMIT <= 0.075'","b'target = 0'",0.31518,706,0.31473,705,0.99858,0.00828,1.02701,1.31986e-09,0.97232,2178
"b'000003'","b'-1.02 < CountDeclMethodPrivate <= 0.01'","b'target = 0'",0.59018,1322,0.58348,1307,0.98865,0.00964,1.0168,1.73558e-08,0.97232,2178
"b'000004'","b'-0.655 < CountDeclClassVariable <= 0.02'","b'target = 0'",0.60357,1352,0.59598,1335,0.98743,0.00912,1.01553,1.01116e-07,0.97232,2178
"b'000005'","b'0.735 < CountDeclClass <= 1.035'","b'target = 0'",0.60313,1351,0.59554,1334,0.98742,0.0091,1.01553,1.05226e-07,0.97232,2178
