feature,value,importance,min,max,rule,importance_ratio
RatioCommentToCode,0.1,0.318917781657545,0.0,43.0,RatioCommentToCode <= 0.11008147307571425,0.47520118727972405
MAJOR_LINE,4.0,0.052301809780819004,0.0,13.0,2.4998111840441277 < MAJOR_LINE <= 6.502231749332315,0.07793194213112789
MaxNesting_Mean,0.487179487179487,0.030289974353840537,0.0,4.0,0.42312557744197726 < MaxNesting_Mean <= 0.7138744290344692,0.045133362275401635
CountInput_Mean,1.82352941176471,-0.029606576748566222,0.0,37.75,1.0785390936212744 < CountInput_Mean <= 3.103945232896912,0.04411507050213452
OWN_COMMIT,1.0,0.02635087556152478,0.0,1.0,OWN_COMMIT > 0.8757602249511109,0.039263935951188114
