feature,value,importance,min,max,rule,importance_ratio
CountClassCoupled,50.0,0.05954059956805657,0.0,207.0,17.521480766172985 < CountClassCoupled <= 59.045190785127026,0.12053861283482191
MAJOR_LINE,3.0,0.04953126242574075,0.0,13.0,2.4998111840441277 < MAJOR_LINE <= 6.502231749332315,0.10027493354231272
CountInput_Mean,9.88888888888889,0.04667196845780954,0.0,37.75,4.40326237884732 < CountInput_Mean <= 13.536697610675194,0.09448635682186081
MINOR_COMMIT,0.0,-0.04652850546922747,0.0,1.0,MINOR_COMMIT <= 0.5001844411582251,0.0941959192084966
OWN_COMMIT,0.0,-0.036579001600912806,0.0,1.0,OWN_COMMIT <= 0.1422783512174683,0.0740533710416695
