feature,value,importance,min,max,rule,importance_ratio
RatioCommentToCode,1.84,-0.12518058280169744,0.0,43.0,0.8789796442870281 < RatioCommentToCode <= 4.061363741800522,0.20532683067032168
CountLineComment,190.0,0.0778177166108345,0.0,3673.0,CountLineComment > 115.54619362143157,0.12764012408390252
PercentLackOfCohesion,100.0,-0.055715041593814976,0.0,100.0,PercentLackOfCohesion > 99.5594681206226,0.09138632090605711
MAJOR_LINE,4.0,0.05057875794186827,0.0,13.0,2.4998111840441277 < MAJOR_LINE <= 6.502231749332315,0.0829615570962524
MINOR_LINE,4.0,0.04376601334395068,1.0,7.0,3.4962585775144284 < MINOR_LINE <= 4.494567851334727,0.07178698652668795
