feature,value,importance,min,max,rule,importance_ratio
CountClassCoupled,0.0,-0.04569006778858349,0.0,207.0,CountClassCoupled <= 0.5345084856917879,0.10645484073195537
MINOR_COMMIT,0.0,-0.04192981303386297,0.0,1.0,MINOR_COMMIT <= 0.5001844411582251,0.09769369546778983
RatioCommentToCode,0.26,0.04066760818182919,0.0,43.0,0.23823116827760005 < RatioCommentToCode <= 0.3663808634794856,0.09475284151423252
OWN_COMMIT,0.75,0.0396852084116293,0.0,1.0,0.47314245730383975 < OWN_COMMIT <= 0.8757602249511109,0.09246391492397978
CountLineComment,105.0,0.0330568988675907,0.0,3673.0,86.3668363350647 < CountLineComment <= 112.89352477721641,0.07702039139720926
