feature,value,importance,min,max,rule,importance_ratio
RatioCommentToCode,0.09,0.315801987236754,0.0,43.0,RatioCommentToCode <= 0.11008147307571425,0.46290109305344507
CountClassCoupled,30.0,0.05836895646987054,0.0,207.0,17.521480766172985 < CountClassCoupled <= 59.045190785127026,0.08555694657499441
CountInput_Mean,4.44444444444444,0.04228801889778487,0.0,37.75,4.40326237884732 < CountInput_Mean <= 13.536697610675194,0.06198558261818037
MINOR_LINE,1.0,-0.035389101631081145,1.0,7.0,MINOR_LINE <= 1.4996400298738282,0.05187318157984147
CountDeclMethodPrivate,12.0,0.032367912533643114,0.0,257.0,2.457998312089133 < CountDeclMethodPrivate <= 29.498482588710576,0.047444736566679586
