feature,value,importance,min,max,rule,importance_ratio
RatioCommentToCode,0.16,0.26793182454770326,0.0,43.0,0.11008147307571425 < RatioCommentToCode <= 0.1741563206766571,0.35805393672112334
CountLineComment,169.0,0.075051235115483,0.0,3673.0,CountLineComment > 115.54619362143157,0.10029562644991759
CountClassCoupled,19.0,0.06240318776654559,0.0,207.0,17.521480766172985 < CountClassCoupled <= 59.045190785127026,0.08339325528603253
PercentLackOfCohesion,100.0,-0.05555854489316537,0.0,100.0,PercentLackOfCohesion > 99.5594681206226,0.0742463339361664
CountInput_Mean,7.5,0.04864861480531289,0.0,37.75,4.40326237884732 < CountInput_Mean <= 13.536697610675194,0.06501216522701847
