feature,value,importance,min,max,rule,importance_ratio
RatioCommentToCode,0.05,0.32336131746648505,0.0,43.0,RatioCommentToCode <= 0.11008147307571425,0.3772980497449958
CountClassBase,4.0,0.14150881067730225,0.0,5.0,3.49747774359187 < CountClassBase <= 4.50391945648793,0.16511250853563744
CountLineComment,145.0,0.08639612875693217,0.0,3673.0,CountLineComment > 115.54619362143157,0.10080702027349514
OWN_COMMIT,0.666666666666667,0.042390530813804714,0.0,1.0,0.47314245730383975 < OWN_COMMIT <= 0.8757602249511109,0.04946127981236148
MINOR_LINE,1.0,-0.0345894657372051,1.0,7.0,MINOR_LINE <= 1.4996400298738282,0.040358995524322316
