feature,value,importance,min,max,rule,importance_ratio
RatioCommentToCode,0.08,0.3189986986417168,0.0,43.0,RatioCommentToCode <= 0.11008147307571425,0.39469404655798856
MAJOR_LINE,9.0,0.09376226323089461,0.0,13.0,MAJOR_LINE > 8.50344203197641,0.11601115379659258
CountLineComment,274.0,0.08603180069153536,0.0,3673.0,CountLineComment > 115.54619362143157,0.1064463262458333
MINOR_LINE,6.0,0.046043355381792016,1.0,7.0,5.505201931004661 < MINOR_LINE <= 6.50351120482496,0.05696900435684243
CountInput_Mean,5.8622754491018,0.043689201016578354,0.0,37.75,4.40326237884732 < CountInput_Mean <= 13.536697610675194,0.054056231619572015
