feature,value,importance,min,max,rule,importance_ratio
CountLineComment,354.0,0.07915956162073788,0.0,3673.0,CountLineComment > 115.54619362143157,0.13691034553913284
MAJOR_LINE,8.0,0.06151058752494117,0.0,13.0,6.502231749332315 < MAJOR_LINE <= 8.50344203197641,0.10638557894879193
CountClassCoupled,38.0,0.061020026747867356,0.0,207.0,17.521480766172985 < CountClassCoupled <= 59.045190785127026,0.10553713001701404
OWN_COMMIT,0.333333333333333,0.05707765099146521,0.0,1.0,0.1422783512174683 < OWN_COMMIT <= 0.47314245730383975,0.0987185977259924
CountInput_Mean,5.61386138613861,0.04871934870945121,0.0,37.75,4.40326237884732 < CountInput_Mean <= 13.536697610675194,0.08426250385531499
