feature,value,importance,min,max,rule,importance_ratio
MAJOR_LINE,12.0,0.09090106899891634,0.0,13.0,MAJOR_LINE > 8.50344203197641,0.13911068282643627
RatioCommentToCode,0.18,0.08562905226671687,0.0,43.0,0.1741563206766571 < RatioCommentToCode <= 0.23823116827760005,0.1310426385716717
CountLineComment,546.0,0.07767585230488994,0.0,3673.0,CountLineComment > 115.54619362143157,0.11887143872188641
OWN_COMMIT,0.454545454545455,0.06013228175614713,0.0,1.0,0.1422783512174683 < OWN_COMMIT <= 0.47314245730383975,0.09202359077987307
CountClassCoupled,121.0,0.05178788712732992,0.0,207.0,CountClassCoupled > 59.045190785127026,0.07925372517354179
