feature,value,importance,min,max,rule,importance_ratio
RatioCommentToCode,0.11,0.31922136831070896,0.0,43.0,RatioCommentToCode <= 0.11008147307571425,0.46479744247198834
CountClassCoupled,20.0,0.05774130619780102,0.0,207.0,17.521480766172985 < CountClassCoupled <= 59.045190785127026,0.08407335507567758
MAJOR_LINE,6.0,0.04994181199724127,0.0,13.0,2.4998111840441277 < MAJOR_LINE <= 6.502231749332315,0.07271701957664932
MINOR_LINE,1.0,-0.03605314911955114,1.0,7.0,MINOR_LINE <= 1.4996400298738282,0.052494642174198164
CountDeclMethodPrivate,2.0,0.03575238193636233,0.0,257.0,1.5226356484324164 < CountDeclMethodPrivate <= 2.457998312089133,0.05205671466870112
