feature,value,importance,min,max,rule,importance_ratio
MAJOR_LINE,10.0,0.0907434149381771,0.0,13.0,MAJOR_LINE > 8.50344203197641,0.13824731472171575
RatioCommentToCode,0.22,0.08637808954021906,0.0,43.0,0.1741563206766571 < RatioCommentToCode <= 0.23823116827760005,0.13159675484841407
CountLineComment,148.0,0.07701618982358244,0.0,3673.0,CountLineComment > 115.54619362143157,0.11733392930453551
CountClassCoupled,27.0,0.0612682700006976,0.0,207.0,17.521480766172985 < CountClassCoupled <= 59.045190785127026,0.09334202168842964
CountInput_Mean,7.83870967741935,0.04890840163489066,0.0,37.75,4.40326237884732 < CountInput_Mean <= 13.536697610675194,0.07451180008997173
