feature,value,importance,min,max,rule,importance_ratio
RatioCommentToCode,0.16,0.2645519812397324,0.0,43.0,0.11008147307571425 < RatioCommentToCode <= 0.1741563206766571,0.34507074197170834
MAJOR_LINE,10.0,0.07750373311063295,0.0,13.0,MAJOR_LINE > 8.50344203197641,0.10109268720927923
CountLineComment,373.0,0.07515460351819575,0.0,3673.0,CountLineComment > 115.54619362143157,0.09802857902286033
CountInput_Mean,8.55681818181818,0.04944239977009596,0.0,37.75,4.40326237884732 < CountInput_Mean <= 13.536697610675194,0.06449063618264246
MINOR_COMMIT,0.0,-0.04517625985362936,0.0,1.0,MINOR_COMMIT <= 0.5001844411582251,0.05892605844093868
