feature,value,importance,min,max,rule,importance_ratio
RatioCommentToCode,0.17,0.08765482588108223,0.0,43.0,0.1741563206766571 < RatioCommentToCode <= 0.23823116827760005,0.15729972745519222
CountLineComment,165.0,0.07521100388182779,0.0,3673.0,CountLineComment > 115.54619362143157,0.13496884276848728
CountClassCoupled,34.0,0.059654571094857695,0.0,207.0,17.521480766172985 < CountClassCoupled <= 59.045190785127026,0.10705226643662404
CountInput_Mean,4.43396226415094,0.04632065733426772,0.0,37.75,4.40326237884732 < CountInput_Mean <= 13.536697610675194,0.08312408017455415
MAJOR_LINE,6.0,0.04550278280355433,0.0,13.0,2.4998111840441277 < MAJOR_LINE <= 6.502231749332315,0.08165637500851691
