feature,value,importance,min,max,rule,importance_ratio
MAJOR_LINE,15.0,0.17598051197993342,0.0,14.0,MAJOR_LINE > 12.505866390406352,0.33057368681816807
CountDeclClassMethod,55.0,0.06480787044018421,0.0,387.0,CountDeclClassMethod > 30.5619429749201,0.12173948368037912
CountClassCoupled,40.0,0.06453186258283286,0.0,179.0,CountClassCoupled > 35.479593397145734,0.12122101186796717
CountDeclClass,4.0,0.04721994864024535,0.0,143.0,3.495502616680918 < CountDeclClass <= 4.5102450435820245,0.08870114274443283
CountDeclMethodPrivate,24.0,0.04105124043766966,0.0,153.0,18.017461345159308 < CountDeclMethodPrivate <= 30.980095175026985,0.07711342436307339
