feature,value,importance,left,right,rec,rule,min,max
CountClassCoupled,49.0,0.21886709001264776,0.0,45.50484901245065,-1,CountClassCoupled > 45.50484901245065,0.0,126.0
MAJOR_LINE,4.0,0.17826335904510512,0.0,2.503347321568387,-1,2.503347321568387 < MAJOR_LINE <= 5.505000175998428,0.0,10.0
OWN_LINE,0.986888111888112,-0.0672468351091607,1.0,1.0,1,OWN_LINE > 0.9680591083803126,0.281553398058252,1.0
