feature,value,importance,left,right,rec,rule,min,max
OWN_LINE,0.551515151515152,0.0861502501253585,0.281553398058252,0.441750463982939,-1,0.441750463982939 < OWN_LINE <= 0.571420709704031,0.281553398058252,1.0
MAJOR_LINE,1.0,-0.027106855282310324,1.498903175727984,10.0,1,0.49445902988758095 < MAJOR_LINE <= 1.498903175727984,0.0,10.0
CountClassCoupled,17.0,0.026429568386668916,0.0,12.516570532282248,-1,12.516570532282248 < CountClassCoupled <= 20.500994623023644,0.0,126.0
