feature,value,importance,left,right,rec,rule,min,max
MAJOR_LINE,6.0,0.0910645375212848,0.0,5.505000175998428,-1,MAJOR_LINE > 5.505000175998428,0.0,10.0
OWN_LINE,0.954420432220039,-0.01714845057167593,0.9680591083803126,1.0,1,0.8930537701690927 < OWN_LINE <= 0.9680591083803126,0.281553398058252,1.0
CountClassCoupled,39.0,0.008580067849469339,0.0,20.500994623023644,-1,20.500994623023644 < CountClassCoupled <= 42.45816087256249,0.0,126.0
