feature,value,importance,left,right,rec,rule,min,max
MAJOR_LINE,12.0,0.16348537686792816,0.0,5.505000175998428,-1,MAJOR_LINE > 5.505000175998428,0.0,10.0
OWN_LINE,0.768699654775604,0.06782393746783168,0.281553398058252,0.571420709704031,-1,0.571420709704031 < OWN_LINE <= 0.8116920473637016,0.281553398058252,1.0
CountClassCoupled,0.0,0.006563741826730425,0.0,0.0,-1,CountClassCoupled <= 0.5399343961701559,0.0,126.0
