feature,value,importance,left,right,rec,rule,min,max
MAJOR_LINE,8.0,0.12870314886190237,0.0,5.505000175998428,-1,MAJOR_LINE > 5.505000175998428,0.0,10.0
CountClassCoupled,13.0,0.013326605215195282,0.0,12.516570532282248,-1,12.516570532282248 < CountClassCoupled <= 20.500994623023644,0.0,126.0
OWN_LINE,0.946419629444166,-0.0012330070470437456,0.9680591083803126,1.0,1,0.8930537701690927 < OWN_LINE <= 0.9680591083803126,0.281553398058252,1.0
