feature,value,importance,left,right,rec,rule,min,max
MAJOR_LINE,1.0,-0.025854745876063092,1.498903175727984,10.0,1,0.49445902988758095 < MAJOR_LINE <= 1.498903175727984,0.0,10.0
OWN_LINE,0.954314720812183,-0.00803826049968376,0.9680591083803126,1.0,1,0.8930537701690927 < OWN_LINE <= 0.9680591083803126,0.281553398058252,1.0
CountClassCoupled,10.0,0.00448337657152531,0.0,6.5282524642262025,-1,6.5282524642262025 < CountClassCoupled <= 12.516570532282248,0.0,126.0
