feature,value,importance,left,right,rec,rule,min,max
MAJOR_LINE,0.0,-0.06948268688490454,0.49445902988758095,10.0,1,MAJOR_LINE <= 0.49445902988758095,0.0,10.0
CountDeclClass,1.0,-0.05747345997465719,1.5005966587345618,13.0,1,CountDeclClass <= 1.5005966587345618,1.0,13.0
MaxInheritanceTree,1.0,-0.05335768902773202,1.5001546410169164,7.0,1,0.49470484336951337 < MaxInheritanceTree <= 1.5001546410169164,0.0,7.0
CountClassCoupled,1.0,-0.023705337373543214,6.5282524642262025,126.0,1,0.5399343961701559 < CountClassCoupled <= 6.5282524642262025,0.0,126.0
