feature,value,importance,left,right,rec,rule,min,max
OWN_LINE,0.672727272727273,0.07898403983782921,0.281553398058252,0.571420709704031,-1,0.571420709704031 < OWN_LINE <= 0.8116920473637016,0.281553398058252,1.0
MAJOR_LINE,0.0,-0.07079983023389755,0.49445902988758095,10.0,1,MAJOR_LINE <= 0.49445902988758095,0.0,10.0
CountClassCoupled,7.0,0.0030407400502865745,0.0,6.5282524642262025,-1,6.5282524642262025 < CountClassCoupled <= 12.516570532282248,0.0,126.0
