feature,value,importance,left,right,rec,rule,min,max
MAJOR_LINE,1.0,-0.02123588749212843,1.498903175727984,10.0,1,0.49445902988758095 < MAJOR_LINE <= 1.498903175727984,0.0,10.0
OWN_LINE,0.951219512195122,-0.020008694353776592,0.9680591083803126,1.0,1,0.8930537701690927 < OWN_LINE <= 0.9680591083803126,0.281553398058252,1.0
CountClassCoupled,0.0,0.017335090720238255,0.0,0.0,-1,CountClassCoupled <= 0.5399343961701559,0.0,126.0
