feature,value,importance,left,right,rec,rule,min,max
OWN_LINE,0.43010752688172,0.25846265102872684,0.281553398058252,0.41251109484975157,-1,0.41251109484975157 < OWN_LINE <= 0.441750463982939,0.281553398058252,1.0
CountClassCoupled,4.0,-0.028656329137155323,6.5282524642262025,126.0,1,0.5399343961701559 < CountClassCoupled <= 6.5282524642262025,0.0,126.0
MAJOR_LINE,2.0,0.02730783162249428,0.0,1.498903175727984,-1,1.498903175727984 < MAJOR_LINE <= 2.503347321568387,0.0,10.0
