feature,value,importance,left,right,rec,rule,min,max
OWN_LINE,0.435897435897436,0.2810387492058483,0.281553398058252,0.41251109484975157,-1,0.41251109484975157 < OWN_LINE <= 0.441750463982939,0.281553398058252,1.0
MAJOR_LINE,0.0,-0.07059025373662019,0.49445902988758095,10.0,1,MAJOR_LINE <= 0.49445902988758095,0.0,10.0
CountClassCoupled,11.0,0.0030946175029537308,0.0,6.5282524642262025,-1,6.5282524642262025 < CountClassCoupled <= 12.516570532282248,0.0,126.0
