feature,value,importance,left,right,rec,rule,min,max
OWN_LINE,0.351164254247955,0.3491006057598108,0.281553398058252,0.281553398058252,-1,OWN_LINE <= 0.41251109484975157,0.281553398058252,1.0
MAJOR_LINE,8.0,0.22916369961088628,0.0,5.505000175998428,-1,MAJOR_LINE > 5.505000175998428,0.0,10.0
CountClassCoupled,23.0,0.01588771339327183,0.0,20.500994623023644,-1,20.500994623023644 < CountClassCoupled <= 42.45816087256249,0.0,126.0
