feature,value,importance,left,right,rec,rule,min,max
OWN_LINE,0.662650602409639,0.07038698283989635,0.281553398058252,0.571420709704031,-1,0.571420709704031 < OWN_LINE <= 0.8116920473637016,0.281553398058252,1.0
MAJOR_LINE,2.0,0.03574618850740103,0.0,1.498903175727984,-1,1.498903175727984 < MAJOR_LINE <= 2.503347321568387,0.0,10.0
CountClassCoupled,19.0,0.007261114313423036,0.0,12.516570532282248,-1,12.516570532282248 < CountClassCoupled <= 20.500994623023644,0.0,126.0
