Antecedent,Antecedent Coverage %,Confidence,Lift
OWN_COMMIT > 1.02,0.07166,0.99359,1.15857
CountClassCoupled <= 0.64,0.20028,0.97706,1.1393
1.35 < ADEV <= 2.19,0.21727,0.97674,1.13892
2.19 < ADEV <= 3.06,0.18833,0.97561,1.1376
1 < RatioCommentToCode <= 1.705,0.18741,0.96814,1.12889
