Antecedent,Antecedent Coverage %,Confidence,Lift
0.991 < OWN_COMMIT <= 1.0078,0.43435,0.99781,1.22583
0.918 < CountClassBase <= 1.064 & -0.44 < CountDeclMethodProtected <= 0.31 & -0.28 < CountDeclClassMethod <= 0,0.12702,0.99625,1.22392
OWN_COMMIT > 1.0078,0.08135,0.99415,1.22134
MAJOR_LINE <= -0.054,0.08421,0.98305,1.2077
RatioCommentToCode > 1.735,0.20029,0.97625,1.19934
0.9106 < OWN_COMMIT <= 0.991,0.07802,0.97561,1.19856
1.59 < ADEV <= 2.4,0.22074,0.96983,1.19145
-0.08 < CountDeclInstanceVariable <= 0.98 & -0.215 < CountDeclClassVariable <= 0.16,0.17412,0.96721,1.18824
