Antecedent,Antecedent Coverage %,Confidence,Lift
0.9915 < OWN_COMMIT <= 1.0175,0.49103,0.99904,1.19614
3.7 < CountDeclMethodPublic <= 7.5 & -0.15 < CountDeclMethodProtected <= 0.36,0.09348,0.99495,1.19124
RatioCommentToCode > 1.745 & 0.978 < CountDeclClass <= 1.146,0.1525,0.98762,1.18246
0.75 < CountDeclMethodPublic <= 3.7 & 0.978 < CountDeclClass <= 1.146,0.18461,0.98721,1.18198
2.12 < ADEV <= 2.94,0.15486,0.98476,1.17904
OWN_COMMIT > 1.0175,0.09112,0.98446,1.17868
MINOR_LINE <= 1.248 & 0.978 < CountDeclClass <= 1.146,0.13739,0.98282,1.17671
1.39 < ADEV <= 2.12,0.23466,0.98189,1.17561
-0.108 < MAJOR_LINE <= 0.046 & -0.005 < CountDeclMethodPrivate <= 0.089,0.35222,0.96783,1.15877
