Antecedent,Antecedent Coverage %,Confidence,Lift
OWN_COMMIT > 1.0216,0.06571,1.0,1.10434
0.9996 < OWN_COMMIT <= 1.0216,0.64556,0.99406,1.09778
1.21 < ADEV <= 1.97,0.1482,0.99353,1.0972
2.64 < ADEV <= 3.55 & 0.9935 < AvgEssential <= 1.016,0.17026,0.99155,1.09501
-0.16 < CountDeclInstanceVariable <= 0.52,0.30216,0.99048,1.09383
CountClassCoupled <= 0.32,0.20576,0.98601,1.0889
0.32 < CountClassCoupled <= 1.54,0.2024,0.98341,1.08602
1.4 < RatioCommentToCode <= 2.18,0.2024,0.98341,1.08602
RatioCommentToCode > 2.18,0.19616,0.98044,1.08274
