Antecedent,Antecedent Coverage %,Confidence,Lift
0.9375 < OWN_COMMIT <= 0.9915,0.04933,1.0,1.18502
0.9915 < OWN_COMMIT <= 1.015,0.46791,0.99488,1.17895
OWN_COMMIT > 1.015,0.08621,0.99444,1.17843
PercentLackOfCohesion <= 1,0.26437,0.9837,1.1657
-0.08 < CountDeclInstanceVariable <= 0.92,0.28544,0.98322,1.16513
CountDeclInstanceVariable <= -0.08,0.12692,0.98113,1.16266
CountClassDerived > 1.16 & 0.962 < AvgEssential <= 1.031 & -0.046 < CountDeclClassMethod <= 0.04,0.13793,0.97917,1.16033
ADEV <= 1.45,0.20642,0.9768,1.15752
RatioCommentToCode > 1.635,0.19684,0.96837,1.14753
