{
    "194": {
        "CountInput_Mean": [
            0.909090909090909,
            0.9,
            0.875,
            0.857142857142857,
            0.833333333333333,
            0.8,
            0.75,
            0.724137931034483,
            0.714285714285714,
            0.7,
            0.6875,
            0.666666666666667,
            0.6,
            0.571428571428571,
            0.5,
            0.473684210526316,
            0.4,
            0.375,
            0.333333333333333,
            0.3,
            0.285714285714286,
            0.25,
            0.230769230769231,
            0.2,
            0.166666666666667,
            0.0
        ]
    },
    "251": {
        "RatioCommentToCode": [
            2.5,
            2.53,
            2.54,
            2.56,
            2.58,
            2.59,
            2.6,
            2.61,
            2.62,
            2.64,
            2.67,
            2.68,
            2.69,
            2.7,
            2.71,
            2.73,
            2.75,
            2.78,
            2.8,
            2.88,
            2.89,
            2.93,
            3.0,
            3.07,
            3.08,
            3.09,
            3.1,
            3.11,
            3.12,
            3.14,
            3.16,
            3.17,
            3.19,
            3.21,
            3.23,
            3.25,
            3.28,
            3.29,
            3.31,
            3.33,
            3.36,
            3.38,
            3.43,
            3.5,
            3.55,
            3.57,
            3.6,
            3.62,
            3.65,
            3.71,
            3.74,
            3.78,
            3.79,
            3.8,
            3.83,
            3.88,
            3.91,
            4.0,
            4.06,
            4.1,
            4.11,
            4.12,
            4.14,
            4.17,
            4.2,
            4.22,
            4.25,
            4.33,
            4.4,
            4.43,
            4.5,
            4.55,
            4.57,
            4.6,
            4.67,
            4.71,
            4.75,
            4.78,
            4.8,
            4.83,
            4.86,
            4.89,
            4.9,
            5.0,
            5.11,
            5.12,
            5.15,
            5.17,
            5.18,
            5.2,
            5.22,
            5.23,
            5.25,
            5.29,
            5.33,
            5.4,
            5.43,
            5.44,
            5.48,
            5.5,
            5.53,
            5.55,
            5.57,
            5.6,
            5.67,
            5.73,
            5.75,
            5.77,
            5.79,
            5.82,
            5.83,
            5.86,
            6.0,
            6.08,
            6.17,
            6.2,
            6.29,
            6.31,
            6.33,
            6.36,
            6.4,
            6.43,
            6.5,
            6.55,
            6.62,
            6.68,
            6.7,
            6.75,
            6.78,
            6.8,
            6.83,
            6.86,
            7.0,
            7.09,
            7.13,
            7.17,
            7.2,
            7.29,
            7.4,
            7.43,
            7.44,
            7.45,
            7.5,
            7.7,
            7.8,
            7.82,
            7.83,
            7.87,
            8.0,
            8.4,
            8.56,
            8.62,
            8.83,
            8.91,
            9.0,
            9.18,
            9.57,
            9.67,
            9.83,
            10.29,
            11.0,
            11.67,
            15.6
        ]
    },
    "295": {
        "CountLineComment": [
            25,
            24,
            23,
            22,
            21,
            20,
            19,
            18,
            17,
            16
        ]
    },
    "302": {
        "CountInput_Mean": [
            1.2,
            1.16666666666667,
            1.15384615384615,
            1.14285714285714,
            1.125,
            1.09090909090909,
            1.08,
            1.04761904761905,
            1.04166666666667,
            1.0,
            0.909090909090909,
            0.9,
            0.875,
            0.857142857142857,
            0.833333333333333,
            0.8,
            0.75,
            0.724137931034483,
            0.714285714285714,
            0.7,
            0.6875,
            0.666666666666667,
            0.6,
            0.571428571428571,
            0.5,
            0.473684210526316
        ]
    },
    "401": {
        "RatioCommentToCode": [
            2.88,
            2.89,
            2.93,
            3.0,
            3.07,
            3.08,
            3.09,
            3.1,
            3.11,
            3.12,
            3.14,
            3.16,
            3.17,
            3.19,
            3.21,
            3.23,
            3.25,
            3.28,
            3.29,
            3.31,
            3.33,
            3.36,
            3.38,
            3.43,
            3.5,
            3.55,
            3.57,
            3.6,
            3.62,
            3.65,
            3.71,
            3.74,
            3.78,
            3.79,
            3.8,
            3.83,
            3.88,
            3.91,
            4.0,
            4.06,
            4.1,
            4.11,
            4.12,
            4.14,
            4.17,
            4.2,
            4.22,
            4.25,
            4.33,
            4.4,
            4.43,
            4.5,
            4.55,
            4.57,
            4.6,
            4.67,
            4.71,
            4.75,
            4.78,
            4.8,
            4.83,
            4.86,
            4.89,
            4.9,
            5.0,
            5.11,
            5.12,
            5.15,
            5.17,
            5.18,
            5.2,
            5.22,
            5.23,
            5.25,
            5.29,
            5.33,
            5.4,
            5.43,
            5.44,
            5.48,
            5.5,
            5.53,
            5.55,
            5.57,
            5.6,
            5.67,
            5.73,
            5.75,
            5.77,
            5.79,
            5.82,
            5.83,
            5.86,
            6.0,
            6.08,
            6.17,
            6.2,
            6.29,
            6.31,
            6.33,
            6.36,
            6.4,
            6.43,
            6.5,
            6.55,
            6.62,
            6.68,
            6.7,
            6.75,
            6.78,
            6.8,
            6.83,
            6.86,
            7.0,
            7.09,
            7.13,
            7.17,
            7.2,
            7.29,
            7.4,
            7.43,
            7.44,
            7.45,
            7.5,
            7.7,
            7.8,
            7.82,
            7.83,
            7.87,
            8.0,
            8.4,
            8.56,
            8.62,
            8.83,
            8.91,
            9.0,
            9.18,
            9.57,
            9.67,
            9.83,
            10.29,
            11.0,
            11.67,
            15.6
        ]
    },