Antecedent,Antecedent Coverage %,Confidence,Lift
0.9945 < OWN_COMMIT <= 1.019,0.5375,0.96927,1.13673
OWN_COMMIT > 1.019,0.075,0.96429,1.13089
1.44 < ADEV <= 2.16,0.2192,0.94908,1.11306
RatioCommentToCode > 2.1,0.19911,0.94843,1.1123
2.16 < ADEV <= 2.94,0.15313,0.94752,1.11123
0.44 < CountClassCoupled <= 2.02,0.22902,0.93957,1.10191
0.956 < AvgCyclomaticModified <= 1.15,0.36652,0.93301,1.09421
1.185 < RatioCommentToCode <= 2.1,0.20402,0.92998,1.09065
