Antecedent,Antecedent Coverage %,Confidence,Lift
OWN_COMMIT > 1.018,0.08611,0.96133,1.1817
0.996 < OWN_COMMIT <= 1.018,0.5138,0.95926,1.17916
0.85 < RatioCommentToCode <= 1.415,0.19648,0.95642,1.17567
1.55 < ADEV <= 2.28,0.21028,0.93891,1.15415
1.2 < CountDeclMethodPublic <= 3.7,0.17507,0.90489,1.11233
0.38 < CountDeclMethodProtected <= 1.13,0.19553,0.90268,1.10961
2.92 < CountDeclInstanceVariable <= 5.58,0.19505,0.90244,1.10931
0.68 < CountClassCoupled <= 2.14,0.18506,0.89974,1.106
-0.076 < MAJOR_LINE <= 0.096,0.41104,0.89699,1.10262
