Antecedent,Antecedent Coverage %,Confidence,Lift
0.996 < OWN_COMMIT <= 1.0205,0.56786,0.96148,1.15791
OWN_COMMIT > 1.0205,0.0683,0.96078,1.15707
1.04 < RatioCommentToCode <= 1.705,0.19732,0.9457,1.13891
1.58 < ADEV <= 2.41,0.22188,0.94567,1.13888
CountClassCoupled <= 0.26,0.16161,0.93646,1.12778
0.62 < RatioCommentToCode <= 1.04,0.19866,0.9236,1.11229
