Antecedent,Antecedent Coverage %,Confidence,Lift
0.9994 < OWN_COMMIT <= 1.0132,0.64643,0.98343,1.11425
0.55 < CountDeclMethodPublic <= 3.05,0.23616,0.97543,1.10519
PercentLackOfCohesion <= 2.5,0.23616,0.97353,1.10304
ADEV <= 1.38,0.20402,0.97155,1.1008
CountClassCoupled <= 0.64,0.18438,0.9661,1.09462
-0.28 < CountDeclInstanceVariable <= 1.06,0.33125,0.96496,1.09333
2.06 < ADEV <= 2.78,0.13616,0.96066,1.08845
1.005 < RatioCommentToCode <= 1.81,0.20491,0.95861,1.08613
1.92 < CountClassCoupled <= 3.56,0.22188,0.95775,1.08516
