min,max,mean
2.7968058924302857,3.531702209242695,3.0024173146826607
0.5277845064798992,1.5277845064798994,0.9238162525116451
1.092425601311844,1.8264753693141664,1.2983321951942772
0.004409934197357905,1.0044099341973578,0.05668344699666839
2.9170991360064007,3.641524769224444,3.1157521256275404
0.07827919407894748,1.0782791940789476,0.9764691262969588
0.0024168673884929956,0.6483008359607898,0.5747122957972007
0.0016112594630232327,0.7114628114198386,0.628013209752272
0.003068764512383979,0.795692845394737,0.7013875887529133
0.008159655703312436,0.6425580476459704,0.5698874723664636
0.0007031268805484212,0.7337574589732264,0.6470276043068869
0.5942700359856801,1.2091961444286536,0.9491583371860747
0.0016112594630232327,0.7114628114198386,0.628013209752272
0.003695762844611313,0.725500274122807,0.6399635932264132
0.4743949716622487,1.075939330101053,0.7581635657846563
0.0037520559210524195,0.9962479440789477,0.8944426743224334
0.11414473684210545,1.1141447368421056,1.0123346690601167
0.21674547697368451,1.2167454769736845,1.1149354091916959
0.12960815429687503,0.8703918457031249,0.31945364815848215
0.14738637522647274,1.1473863752264728,1.0455763074444842
0.0012996358082708688,0.9009560032894739,0.8000607715505982
0.19455295138888892,1.1945529513888888,0.5905846974206349
0.009803921568627444,0.5784313725490196,0.11351909184726519
0.08521792763157915,1.0852179276315792,0.9834078598495903
0.027771002716488326,0.7500067750612895,0.15714885791142783
1.7499999999999998,2.75,2.1460317460317455
0.004529257466022114,0.7263337687442178,0.64067664680918
0.0037520559210524195,0.9962479440789477,0.8944426743224334
0.009589586759868629,0.6640946237664473,0.5880113428485495
0.10685057195274333,0.8811444120337001,0.4919436715341809
0.03895970394736854,1.0389597039473686,0.9371496361653797
0.0037520559210524195,0.9962479440789477,0.8944426743224334
0.21674547697368451,1.2167454769736845,1.1149354091916959
0.6946207682291667,1.694620768229167,1.090652514260913
0.11405222039473696,1.114052220394737,1.0122421526127483
0.003716362847222215,0.6110984519675925,0.14714108049068983
0.07827919407894748,1.0782791940789476,0.9764691262969588
0.0004988631965942576,0.7982627467105265,0.7037011572008876
0.557991619814923,1.2760653795553476,0.7527378923204583
0.07142857142857144,0.5,0.2647058823529411
0.003068764512383979,0.795692845394737,0.7013875887529133
0.0012996358082708688,0.9009560032894739,0.8000607715505982
0.08824724893943933,0.5392276410963021,0.2220613394851408
0.002501370614034808,0.7694284539473687,0.6781023616868687
0.17865953947368446,1.1786595394736845,1.0768494716916959
0.3056640624999999,1.3056640625,0.7016958085317458
0.00010967117458880873,0.5869911441320136,0.04969291032345726
0.11405222039473696,1.114052220394737,1.0122421526127483
0.21674547697368451,1.2167454769736845,1.1149354091916959
0.02775744597117115,0.8055758873621622,0.20795567792559413
0.12042236328124997,1.12042236328125,0.49542236328125
0.08521792763157915,1.0852179276315792,0.9834078598495903
0.08333333333333331,1.0833333333333333,0.7499999999999999
0.14738637522647274,1.1473863752264728,1.0455763074444842
0.17865953947368446,1.1786595394736845,1.0768494716916959
0.11405222039473696,1.114052220394737,1.0122421526127483
0.002797550540432346,0.9972024494595677,0.0495065365817244
0.2592140734195709,0.7407859265804291,0.6203929632902145
0.11405222039473696,1.114052220394737,1.0122421526127483
0.21674547697368451,1.2167454769736845,1.1149354091916959
0.08521792763157915,1.0852179276315792,0.9834078598495903
0.07827919407894748,1.0782791940789476,0.9764691262969588
0.14738637522647274,1.1473863752264728,1.0455763074444842
0.08521792763157915,1.0852179276315792,0.9834078598495903
0.08822812753565168,0.5784385391310148,0.25852059555250545
0.009803921568627444,0.5784313725490196,0.11351909184726519
0.0685891544117647,0.8529794730392155,0.5203327904626762
0.0012026212996153654,0.9667750792659884,0.02068029905681203
0.000380345394736902,0.546988075657895,0.48991244217271057
0.12500000000000003,0.8749999999999999,0.32142857142857145
0.11405222039473696,1.114052220394737,1.0122421526127483
0.17865953947368446,1.1786595394736845,1.0768494716916959
0.21674547697368451,1.2167454769736845,1.1149354091916959
0.017326026859944856,0.755698285262037,0.10610553877246078
0.002501370614034808,0.7694284539473687,0.6781023616868687
0.0026495519437288216,0.8315969203647816,0.73397304339452
3.6608754057393504,4.278999567377258,3.8715619246727537
1.1708286031712019,1.8401062758476732,1.3908633314280083
0.6048739621265353,1.275565722871846,0.8409157684165274
0.3093582956414473,1.3093582956414473,1.04442630273784
0.059231395784177236,0.598663341057928,0.14985777482628326
2.991074263277694,3.5772531271420713,3.209442487673281
0.2832356770833334,0.7167643229166667,0.5441245918843283
0.21668294270833333,0.5500162760416667,0.3823540986473881
0.10273626051991273,1.1027362605199127,0.584498868772587
0.402653154860922,0.8577948337277076,0.574428282835839
0.03847035077901985,1.03847035077902,0.34761403728119694
0.032910798725328934,0.6249839381167762,0.12412865185864501
0.09870507764188867,0.5591896592002166,0.18844440765348433
0.016662627458572384,0.7833292941252391,0.07388258647562852
1.346181919941535,2.346181919941535,1.6553256064437125
0.14999646316864249,0.658852820243791,0.3143202780889772
1.3132240393371133,2.0616181466336925,1.501727954111388
0.3057368801543839,0.8171885354358148,0.4692579502571001
0.06960509076023753,1.0696050907602375,0.5513676990129119
6.680147481114048,7.579143610666412,6.997367295912357
0.016658528645833327,0.6833251953125001,0.15647531386038563
0.010954483944300195,0.8826585133856013,0.23052839172500544
0.014312744140624997,0.7643127441406249,0.33359841525010536
0.04966819246873169,0.7781463770676922,0.26525790953721173
0.2680890662624213,0.7778530009333613,0.43111016362442783
0.2980801443414236,0.7232280377908415,0.46906793528953844
0.07840231181538881,1.0784023118153885,0.42298105146420695
2.515547739562978,3.5068307944510173,2.861630868721518
0.07515655110971588,1.0751565511097159,0.41973529075853394
1.2692495492788458,2.2692495492788463,1.5783932357810233
0.28325812816619883,0.7167418718338013,0.544102810983041
0.3120755803525189,1.3120755803525188,0.656654320001337
0.3166015625000001,0.6833984375,0.5117547030472637
0.04606548108552631,0.6118292557565789,0.13698772337928738
0.01666666666666668,0.65,0.18830845771144283
2.0384615384615383,3.038461538461538,2.3476052249637154
0.8092052230918644,1.8508891091579405,1.1434321337385531
0.009913585833366356,0.8179009837030576,0.30317768817402174
0.36466549215574945,0.8668081232980445,0.7589416435793523
0.08334147135416665,0.5833251953125,0.252992969721704
0.11541262039771445,1.1154126203977146,0.4245563068998916
0.00993515900428734,0.8377497285407113,0.3222631856961574
0.016695133845011405,0.6499715328216553,0.18833607512326983
0.05625665108889141,0.7715579184475325,0.25897353362259784
0.010808314180886328,0.8231572538426167,0.1759287812992267
0.10932908066061223,1.1093290806606122,0.5910916889132866
0.0016496057420884488,0.7689510121408392,0.12905867245742794
0.2500203053156535,1.2500203053156536,0.7152980830934313
0.00024119697490279342,0.7057315604182925,0.0803312841464245
0.0017194740979536718,0.768881143784974,0.12900056412185687
0.3223684210526315,0.6644736842105263,0.40708160851567116
0.03637456499188128,0.9636254350081188,0.4459476519529758
0.029889390958066052,1.029889390958066,0.5116519992107404
0.003304035853076387,0.5728549045442748,0.07239520037228882
0.0010986329434992178,0.7813189494740832,0.030837607846926227
1.481605185872353,2.110959618352752,1.6188182597344782
0.0010989010989010982,0.7813186813186813,0.030837583469162412
1.0351004196316733,1.6173428269568686,1.1922146004189391
0.35424804687500006,1.354248046875,0.5522817547401686
5.420532226562501,6.420532226562501,5.812727993758268
0.02081811924775442,0.9375152140855789,0.1378887202520942
0.3523525719520244,0.9812011162234767,0.4920356833390065
0.6099748883928572,1.609974888392857,0.8415012567613308
0.671215982840203,1.442672470037031,0.8504070503286396
0.025368158996875646,0.7717742681936062,0.13101208191666983
0.001095145089285715,0.807696063701923,0.04717151423822888
0.06547081659309487,0.6936306794746695,0.21129782302209044
0.0010967548076923081,0.7945076407967033,0.037642754038724434
0.3601422991071428,1.3601422991071428,0.7523380663029099
0.0010989010989010982,0.7813186813186813,0.030837583469162412
0.08215410742986042,0.6819395623940079,0.18829032886670347
0.02082831660906474,0.8958383500576019,0.1018298448025064
0.001088169642857139,0.8648458962912088,0.09789654219136128
1.2417067290958028,1.8223614706354399,1.4040864273364784
0.433044607923849,1.062394499129452,0.5746574070467835
0.3856096248809472,1.0139754454000665,0.5304567255452955
0.60418701171875,1.60418701171875,0.8022207195839185
0.38023784923501275,1.0095922975471365,0.5221898726117966
1.8326942459303188,2.4163970532089794,2.0215269868717796
0.0010946085164835115,0.8120922046703297,0.05063174900757138
0.0010989010989010982,0.7835164835164834,0.03137388926862611
0.001097291380494503,0.7901114998282966,0.0348345348114057
0.9011185872673624,1.494948202644384,1.0727402460094755
0.2216280203790211,0.8500676543992134,0.3624509699602685
0.01868829412774724,0.9000069754464286,0.1324902148632617
0.0010989010989010982,0.7879120879120879,0.033571691466428306
0.02083059648672739,0.8958360701799393,0.10182802602369685
1.2614917359174371,1.7394677691472136,1.424032637813138
0.0010989010989010982,0.7879120879120879,0.033571691466428306
0.0010946085164835284,0.8670372596153846,0.09999361247305326
1.8961617516956424,2.5358701589210515,2.120711615158726
0.0010989010989010982,0.7835164835164834,0.03137388926862611
0.9106060155416743,1.6412595342701757,1.0946714360815384
0.5358338471361507,1.164964134485121,0.6746463711406339
0.3125813802083333,1.3125813802083333,0.510615088073502
0.001098901098901096,0.7967032967032966,0.039155581260844424
0.012395693250924097,0.6983461064740647,0.1351837495423264
0.2808534573223925,0.8489649310696213,0.43195664713890314
0.7025979326768258,1.281498645666459,0.8575791042560262
0.04546556147662076,0.5454655614766208,0.2029556480931564
0.03168369875663257,0.5321557931377712,0.09376768901137797
0.001098901098901096,0.7857142857142857,0.03238340606761659
0.0010978279532967063,0.7923087654532966,0.03619081884398496
0.0472570398351648,0.9285757211538462,0.16078557544429253
0.05621811178531037,0.7939016877287539,0.2254141921739045
0.0010987669557005495,0.7813188154618819,0.030837595663998827
0.005498798076923064,0.8538504464285714,0.08771099377596088
0.001097291380494503,0.7901114998282966,0.0348345348114057
0.1875705321629841,1.1875705321629841,0.38560424002815274
0.001098633336496879,0.787912355674492,0.03357184136212828
0.05120458517945418,0.6782489253582237,0.14774811602515328
0.0010989010989010982,0.7835164835164834,0.03137388926862611
0.0010946085164835158,0.8011031936813187,0.042292390997160735
0.0007977408854688604,0.5270272490821901,0.1463624692328555
1.9007208555033933e-05,0.832589688443618,0.04562055607776074
0.1434456816728622,0.7720771645485577,0.28680133488802195
0.001098633336496879,0.787912355674492,0.03357184136212828
0.0010962182348901132,0.7989037817651099,0.04071383232310453
0.009028156858975742,0.5909718431410241,0.08427134166848037
0.02050458622760459,0.5794954137723953,0.09541512091048228
0.0024627297628120664,0.5237667784339092,0.14955222797599604
0.005515431833791207,0.8868341131524725,0.11944340866781245
0.001095145089285715,0.807696063701923,0.04717151423822888
0.0010989010989010982,0.7835164835164834,0.03137388926862611
0.009877768715659357,0.8384738796359891,0.07370062862712945
0.15056018200549456,1.1505601820054945,0.38208655037396816
0.0031444525625817957,0.6249365441617021,0.07690379401846277
0.0010987669557005495,0.7813188154618819,0.030837595663998827
0.08686040521978025,1.0868604052197803,0.31838677358825385
0.001097827953296702,0.8032977764423077,0.043888476860310735
0.0010994376717032995,0.8296708662431318,0.06574000886038305
0.0010986329434992178,0.7813189494740832,0.030837607846926227
0.001098901098901096,0.7857142857142857,0.03238340606761659
0.0010989010989010982,0.7879120879120879,0.033571691466428306
0.0010989010989010982,0.7835164835164834,0.03137388926862611
0.042858216002747244,0.9241768973214286,0.1564288456198407
0.018668440934065913,0.9813315590659341,0.2130365728021978
0.02524896978021976,0.9747510302197802,0.20651901552394972
0.001097827953296702,0.8032977764423077,0.043888476860310735
0.0010980970256931181,0.7901106941830981,0.03483406067571465
0.0010986329434992178,0.7813189494740832,0.030837607846926227
0.0010980975496899987,0.79890190245031,0.04071249252451514
0.008096018145161298,1.0080960181451613,0.20789218971552642
0.9427455606749774,1.3525516044200108,1.113721750819464
1.589115265877016,2.5891152658770156,1.7889114374473807
0.5175988282488483,0.9201562030111133,0.687113930063653
1.7379465807142214,2.61395896110825,2.1227931000990967
0.26616053427419356,1.2661605342741935,0.46595670584455867
0.23923658288043484,1.2392365828804348,0.651374264039855
0.3594617458750729,0.7684177504427826,0.5317631514283875
3.2989856350806446,4.298985635080645,3.4987818066510092
0.8045601222826088,1.8045601222826086,1.216697803442029
0.8790322580645162,1.879032258064516,1.0788284296348811
0.9760190902217741,1.9760190902217742,1.1758152617921391
0.015834862498913648,0.6536566629248151,0.17939882280238392
0.3594617458750729,0.7684177504427826,0.5317631514283875
1.2177655619959677,2.2177655619959675,1.4175617335663329
0.008064235410382727,0.8790325387831656,0.08277230571660953
0.1543037770462713,0.5583585002823656,0.34325980324162814
1.6061722093752066e-05,0.5663250351975154,0.03137745644264258
0.6693548387096774,1.669354838709677,0.8691510102800424
0.6439368206521741,1.643936820652174,1.0560745018115942
0.000299057653973752,0.7915225036843162,0.12168303616014868
0.27729187305920344,0.6796321929528665,0.4559904121508348
0.8196071292508709,1.2238710216416346,0.9893239188174672
0.005284533965385497,0.5815798728142755,0.10921931053542122
0.6227258695597412,1.0240006949236702,0.7938944526557861
0.536375769819978,0.9364628796943383,0.7058194564093232
0.001086037416579609,0.6387979018233592,0.16482308572190804
1.1292240836033713,1.53513983578834,1.2991689868861833
0.7985446068548385,1.7985446068548385,0.9983407784252037
0.8629189768145162,1.862918976814516,1.0627151483848811
0.8840519758519539,1.2885241310886697,1.0537693213227617
0.0010557873774382882,0.5116560770293412,0.04302841990745162
0.3770340805132883,0.7790408222538691,0.5527915144943071
0.5242171748991935,1.5242171748991933,0.7240133464695584
0.001057880712767759,0.5031794074228254,0.03568523648608139
0.0031874927423768892,0.6303061368101734,0.15651657886007386
0.9276634954637096,1.9276634954637095,1.1274596670340746
0.005292815475140483,0.6218258285926561,0.1482415245250891
0.0010816567024942666,0.5879460634821553,0.11534984731565164
0.6371715914818548,1.6371715914818548,0.8369677630522199
0.4466471721049395,0.8493072560082598,0.6230887914915718
2.0728799143145156,3.072879914314516,2.2726760858848807
0.02170733783556068,0.8478578795557437,0.26361742442932684
0.003209130617521919,0.7913447238378607,0.3156854911929088
0.20209509476898477,0.6063647187285305,0.3915161303893247
0.8548902892376719,1.258000222390171,1.0241768449863935
0.00316535125849589,0.6345465131482836,0.16066272461289274
0.4435562626008064,1.4435562626008063,0.6433524341711715
0.21776949974798387,1.217769499747984,0.417565671318349
0.0010576211800009709,0.5328406839047448,0.06257222513117265
0.1694060294858871,1.169406029485887,0.3692022010562522
0.0010261094923746305,0.6006688057618627,0.12766869301505077
0.08783600370762679,0.9121639962923731,0.43612121040153384
0.02170211076736451,0.8913413674935051,0.3055915468988787
0.018061854475635963,0.8061974476959749,0.3304910635467113
0.005303294981940557,0.64301515938872,0.16896001457173832
0.015834862498913648,0.6536566629248151,0.17939882280238392
0.0010217604495710451,0.6260968836182254,0.15240410831191392
0.0010327871068048441,0.6133739925542121,0.140007616980024
0.19355747511355234,0.5968894399747326,0.3878867465045709
0.00318527719226953,0.640897141599049,0.166882339978061
0.003177138506355841,0.5836872682733052,0.11124642426267832
0.011639393588243821,0.5752250131914172,0.10310654080295753
0.05646931740545459,1.0564693174054545,0.2562654889758197
0.0010783567266950086,0.6027732719809322,0.1297097741374093
0.0031546899827859442,0.6239639540850105,0.15032534841763778
0.011660003258010322,0.6493718676647899,0.17519564269016866
0.005284464081465129,0.596410451172772,0.12354552428593142
0.7016759072580644,1.7016759072580643,0.9014720788284297
0.003181761806294128,0.6175885414673111,0.14411185104102267
0.003158551201981946,0.6239600928658146,0.15032158526115152
0.06528108016304347,1.0652810801630435,0.47741876132246386
0.28225806451612906,1.282258064516129,0.48205423608649417
0.021739130434782636,1.0217391304347827,0.4338768115942029
0.13713809463285628,1.1371380946328562,0.33693426620322137
0.36294260332661293,1.3629426033266128,0.562738774896978
0.0010588540869243984,0.5052961422225177,0.028914784353716517
0.0031546899827859442,0.6239639540850105,0.15032534841763778
0.0074484959497292625,0.6451603603565087,0.171064354568712
0.1010007023811339,1.101000702381134,1.0409415849504748
0.003152827893273094,0.6345590365135063,0.16067496968111053
0.0031546899827859442,0.6239639540850105,0.15032534841763778
0.1010007023811339,1.101000702381134,1.0409415849504748
0.1010007023811339,1.101000702381134,1.0409415849504748
0.0010589098526259568,0.5031775539204226,0.030491976600710596
0.7174762228260871,1.7174762228260871,1.1296139039855073
0.013623046875000065,0.8863769531249999,0.827648184014499
0.0029918212376668783,0.8053870308185054,0.04048144472759123
0.05555555555555555,0.6111111111111112,0.1409090909090909
0.05555555555555555,0.5,0.1446969696969697
0.01351023847992356,0.5540573290876439,0.06472963608151289
0.05555555555555555,0.5,0.1446969696969697
0.0555419988102383,0.5000135567453172,0.1446906842968681
0.008355034722222224,0.7694227430555556,0.24555072206439396
0.0555419988102383,0.5000135567453172,0.1446906842968681
0.05555555555555555,0.6111111111111112,0.1409090909090909
0.008355034722222224,0.7694227430555556,0.24555072206439396
0.008355034722222224,0.7694227430555556,0.24555072206439396
0.006795247395833331,0.6734619140625,0.21934645738058947
0.008409288194444444,0.6582573784722223,0.1595532966382576
0.008407248391045475,0.6582594182756213,0.15955410328778355
0.008409288194444448,0.5471462673611113,0.12283824573863636
0.05555555555555555,0.6111111111111112,0.1409090909090909
0.02620449240572778,0.5526368372886311,0.11459260343758382
0.05555555555555553,0.7222222222222223,0.20757575757575752
0.05555555555555555,0.5,0.1446969696969697
0.005829820085620029,0.8246012886184979,0.08519495079745762
0.0555419988102383,0.5000135567453172,0.1446906842968681
0.05555555555555555,0.5,0.1446969696969697
0.0555419988102383,0.5000135567453172,0.1446906842968681
0.008409288194444448,0.5471462673611113,0.12283824573863636
0.002992550056137724,0.847306851141467,0.05595236512206752
0.0029932910096859507,0.8353300622837273,0.04651841884582059
0.05555555555555553,0.7222222222222223,0.20757575757575752
0.0555419988102383,0.5000135567453172,0.1446906842968681
0.008407248391045475,0.6582594182756213,0.15955410328778355
0.0555419988102383,0.5000135567453172,0.1446906842968681
0.0555419988102383,0.5000135567453172,0.1446906842968681
0.05555555555555555,0.6111111111111112,0.1409090909090909
0.008409288194444444,0.6582573784722223,0.1595532966382576
0.006015272025602412,0.8132441876882529,0.04258597990295534
0.008409288194444448,0.5471462673611113,0.12283824573863636
0.006006671721676747,0.8855595933385642,0.05700101386634444
0.009090909090909085,0.8454545454545453,0.051688311688311665
0.008409288194444448,0.5471462673611113,0.12283824573863636
0.05555555555555553,0.7222222222222223,0.20757575757575752
0.008382161458333296,0.8805067274305556,0.34986522944286624
0.008355034722222224,0.7694227430555556,0.24555072206439396
0.05092159431137724,1.0509215943113774,0.25369413142892305
0.008382161458333332,0.7693956163194445,0.24552889737215908
0.000841013022831404,0.5438018441200255,0.3001615747250168
1.8076171874999998,2.8076171875,2.0143975389229105
1.5666666666666669,2.566666666666667,2.1536398467432956
0.033164342244466155,0.5001689910888674,0.12128662508870758
0.16666666666666666,1.1666666666666667,0.33986928104575165
0.8130744485294119,1.813074448529412,1.0198547999523229
0.7668619791666669,1.766861979166667,1.3538351592432956
0.09985040028889974,0.8334829330444337,0.4224972431382609
0.029460409108330206,1.0294604091083304,0.23624076053124124
0.033252096176147404,0.900081237157186,0.48807488358645
0.003273552539301845,0.9052343368530275,0.11303294224784896
0.5933469959874232,1.4673726441843142,0.9306789337487823
1.819600423177083,2.819600423177083,2.2040750140470227
5.0088424451001865,5.918562173157402,5.523487066721448
0.32946537990196073,1.329465379901961,0.5362457313248716
0.25820025275735287,1.258200252757353,0.4649806041802638
1.1000243107477827,2.1000243107477825,1.6869974908244108
1.1000243107477827,2.1000243107477825,1.6869974908244108
0.08329264322916666,0.7500406901041665,0.38469441731770837
0.0032648074081520605,0.846408395206227,0.05870587910223062
0.47397748161764697,1.473977481617647,0.680757833040558
2.6652853495220783,3.605841458172431,2.8648785000999877
0.28438074448529405,1.2843807444852942,0.49116109590820506
0.0032631976931702866,0.8594819003460454,0.07018698227465364
0.03331705729166667,0.633349609375,0.2279846269356642
0.06689702669779461,0.800230360031128,0.38975428810217067
0.03332530657450358,0.5000080267588299,0.1212046011197613
0.03331712086995465,0.7000162124633788,0.29158659675568893
0.003966886233660128,0.9241376889297387,0.1316149908898286
0.033252096176147404,0.900081237157186,0.48807488358645
0.0039659263261782604,0.9633543351117302,0.17036478053585624
0.16679687500000007,1.1667968750000004,0.7537700550766285
0.1618556072911465,0.6725372175239029,0.411161492625941
0.033300852775573715,0.7000324805577597,0.29160236621116165
2.125325520833333,3.125325520833333,2.5098001117032727
0.029411764705882356,0.7941176470588234,0.17564208782104387
0.003266387515597919,0.8594787105236178,0.07018415390519232
0.03332530657450382,0.5000080267588295,0.12120460111976114
3.788762019230769,4.78876201923077,4.121425624282434
0.47262705034679836,1.4726270503467986,1.100092177811926
0.027777777777777783,0.5833333333333335,0.21753246753246755
3.1733586237980766,4.173358623798077,3.5060222288497416
0.13894314236111113,1.1389431423611112,0.7664082698262387
0.22387695312499994,1.223876953125,0.8432317918346776
0.0006340392912275729,0.7013861627289742,0.06556597115104999
6.596501277043269,7.596501277043269,6.929164882094934
0.019188534754973164,0.9423499267834884,0.2755869542827015
0.08338077863057455,0.6944918897416857,0.32580419949122846
0.01932275524506204,1.019322755245062,0.35198636029672675
0.1829871078490249,1.1239226366483561,0.4992444542034912
0.0020709946902116366,0.5677275603467772,0.0824469721905939
0.019179275402655963,0.980820724597344,0.31362745856992413
0.00010787299812362726,0.6840905569808086,0.05094304229766965
0.2499999999999999,1.25,0.8693548387096772
0.038461538461538464,0.8846153846153847,0.3497737556561087
0.03845221721209015,0.6538554750956022,0.1470646356025972
0.038452276816734916,0.6538554154909574,0.14706459843734812
0.08338758680555554,0.6944986979166667,0.3258108897757336
0.0015987247228622574,0.6015987247228622,0.36469614979123366
0.038438063401442325,0.576946551983173,0.1380270012902998
0.05555555555555553,0.5,0.15168539325842698
0.0006914006339181509,0.5270863771438599,0.35125642777541216
2.688250284590696e-05,0.9127331299156577,0.005574554236826201
0.00020216585097900444,0.6595328359892875,0.13858726752392
0.014511814729050831,0.5384315152297707,0.12097041721642922
0.11219947766844543,0.5060624962829859,0.23311378141298267
0.0684042161786031,0.7825131635035764,0.1586879705030832
0.15209235568817037,0.8478537747623259,0.36290080990759416
1.4879584358533646,2.6066676883662225,1.9408600561704439
0.2812978176035137,1.0717813172266217,0.5511843465553663
0.8933444465763254,1.7248551301886081,1.3687063789249019
0.017692293119134887,0.8836035492806681,0.06181785063256848
0.0016079006978773414,0.5834856043182648,0.08610436016707033
0.012266471588993697,0.8642904466781828,0.1830878682754508
1.5344742210651439,2.2537129559727096,1.8159940720318888
2.7844277682531913,3.5643985531069875,3.1710774035495457
0.011230468750000019,0.9887695312500001,0.3626977744222689
0.14903156337945828,0.7715408232500706,0.35003755084384947
0.6184434181069983,1.1567632059230408,0.7644002766031494
0.027380347830363888,0.9241388920019552,0.4222252073498321
0.027032662792440154,0.8068862627964158,0.30548653129599956
0.13985312696492228,1.1398531269649224,0.6377522411236269
9.115625918753677e-05,0.5326927124640872,0.040165523475189945
0.44376239238747295,1.443762392387473,0.8074471078888913
0.0022165077812786975,0.6393890638280484,0.1399207785960204
0.37315485534336984,1.37315485534337,0.7368395708447881
0.0772228529206229,0.7904744444240601,0.23219087235988872
0.0011212158826739095,0.6030051609558009,0.10471469220649307
0.312545731663704,1.312545731663704,0.6862852274620233
0.20345548515247314,0.8365877523562671,0.2972580937523972
0.1173775084152432,0.8477294765803183,0.3791934031795437
0.030298957079972197,0.8352108043083142,0.19946860224779359
1.0012741916350325,2.0012741916350327,1.364958907136451
0.8184408320501793,1.6370621506282026,1.162929316232944
0.017909918112759052,0.8452778059126799,0.12704238065836465
0.02494502678895607,0.6930036911597618,0.05525174058140235
0.00441343920322831,0.8566992274956041,0.09763334624063014
0.00029072543154471596,0.5921761868246587,0.0943490553441081
0.48622241979856984,1.0630153852950737,0.6474643487384145
0.19526565623040196,0.9241857857294542,0.3028282105701591
0.33782456824301654,0.7004616775315464,0.42369015137774574
0.0005835889633174016,0.5658516542313842,0.06519687046941186
1.0337030572125814,2.0337030572125814,1.3973877727139998
0.02972740470821297,0.8448891778371949,0.19011144762120077
0.0032326125271149716,0.7559864764099783,0.121279381201897
0.1755450573874355,0.8016254613725898,0.2727251489387904
0.0014305316357214421,0.6238025904309108,0.12477447660409868
2.5833984172875857e-05,0.9167183725332777,0.0028359771590981487
0.006942750679122076,0.6458316395680108,0.029294085387211965
0.14145483116208474,0.7947448414560714,0.2310995849085123
0.00918019499409994,0.830525715221482,0.09383577608238225
0.0010845986984815595,0.6540130151843819,0.02976649841481729
0.0010845986984815595,0.6930585683297179,0.060927853328883695
0.0008645869281821966,0.8461187963316186,0.030992285512288636
0.001080361984815615,0.6778784232646421,0.04747567637504172
0.11191607292970482,0.7385734601229824,0.3594866880572888
0.003616642939806874,0.8300531495195022,0.10046256714849819
2.5853192375694098e-05,0.9168736230361095,0.0029326876052796296
2.5732922132101797e-05,0.9158903712332156,0.003234609863234128
0.00023756588072974726,0.6760987818853613,0.08069410143497778
0.020833333333333315,0.8541666666666667,0.16645622895622897
0.00249599482787735,0.6568122718169438,0.06173148020313045
0.03741118822511944,0.8172647882290952,0.3158086005613206
0.001079639488600876,0.6670331587760412,0.038392589826447
2.584661692797259e-05,0.9166666414011565,0.0028111001851644853
0.00438331869601645,0.7637628280755246,0.23314568278352235
0.008226804741523219,0.8334218789399465,0.11093610791817478
0.0010359166084305796,0.6738945337394935,0.04007432945409036
0.00023677500956781203,0.5362322116730296,0.04299233276092935
0.08853283927371776,0.9081757182213505,0.19592260590667773
2.628876335635935e-05,0.9136133676580449,0.004883124291241681
2.587188243816607e-05,0.916873641726172,0.002932700336486494
0.02494515516819097,0.693003562780527,0.055251687042080166
0.0042617728946079585,0.686677327462542,0.09113017501785287
2.6402458152230152e-05,0.9139237165525069,0.00464577241810578
1.8533995674484318,2.826804356160811,2.210112086221529
0.12388929789683253,0.9149792492619335,0.23131427987408773
4.320140205064299e-05,0.5634994009519942,0.06735024129398885
0.017691430322129234,0.8901225121087439,0.0610688373717462
0.017775454477160852,0.8958509638031426,0.1253644791414942
0.0007004126524313885,0.7186491306011493,0.06626729196524556
2.558132907094071e-05,0.9146483692831225,0.004104158040433149
0.281280517578125,1.281280517578125,0.7372015702097039
2.5865652417342082e-05,0.9169253792610276,0.002968702588319809
0.016299410005970745,0.8948243557760358,0.2587618973453002
2.5732922132101797e-05,0.9158903712332156,0.003234609863234128
0.032282592607837286,0.8954743717843142,0.13995950544496594
0.12829388830895821,0.6599626787207287,0.29329426680429665
0.00319630303787085,0.8949618848878452,0.104571482965201
0.062499999999999986,0.9375,0.31228991596638656
0.017712997000332867,0.8965433555894309,0.12530884518654306
0.1740056446523374,0.9229505614438638,0.2815227309764558
2.5770820397392174e-05,0.9160973841909863,0.003104097598734592
0.06256103515625001,1.0625610351562502,0.43630053095456933
0.03125,0.65625,0.1411184210526316
0.008098966326368008,0.8273459935466075,0.08393973748130337
0.13015379693370874,0.8825747506664057,0.410024661964947
0.1802759415064102,1.1802759415064101,0.5169437579948545
2.539183774448941e-05,0.9135098169645167,0.004962674660807375
0.28853700423505174,0.9474112054461518,0.4720489236491102
0.3247001780184745,0.9749376627766198,0.5655470913865002
0.14205504163038515,0.745984961813793,0.31532189016256734
0.001080383706247981,0.6713708093523203,0.041982178477299716
0.10971421039102505,0.8257773574790493,0.3440969540580241
0.21544027892021034,0.8470096409322354,0.3643694762401608
0.19681064972746037,0.9115246436866854,0.304378256437702
0.05321733155336689,0.8941028363270599,0.1611801201492789
0.13787633433487734,0.7541044243322551,0.2647457986087073
0.27170466951055566,0.6434220125558561,0.35587838635094166
0.6086629957866464,1.3082106482836897,0.9302245847499807
0.011258244514465377,0.8637417554855348,0.24310147561946838
0.059433310286262094,0.8900674407905345,0.312587831396779
2.564449284642448e-05,0.9154763326849193,0.003511863990998486
0.022420853365850674,0.5068440188684098,0.08561209368863491
0.006687897371819785,0.8510603531613619,0.15143691430717374
1.2651441412738065e-05,0.7071710028513911,0.07407758929284193
0.0002368583613879376,0.6104382841611821,0.018374272279452614
0.5529737564481543,1.5257756782198162,0.9226052861807159
0.018441869538940767,0.7959120588611031,0.15111712237076713
0.02082874119130535,0.833503994149623,0.12327451700316032
0.003258032809110639,0.7538003321583514,0.11914053334032934
0.1521739130434783,1.1521739130434785,0.3515376458112408
0.9315956326351494,1.5139422029552658,1.148924909792617
0.08849594466348518,0.906856784367877,0.19598395695715895
1.981442605253442e-05,0.6023495470243273,0.012407227094758147
0.6857531727740858,1.4963245160759373,1.1105347575431281
0.017691429441500744,0.8908249185046456,0.061042361955323206
2.587188243816607e-05,0.916873641726172,0.002932700336486494
0.001088835412147535,0.7993534774945772,0.16389069922396443
0.02371858311059882,0.6375362241792718,0.23743553652455024
0.0031876794536531347,0.8923800439301964,0.0710430638724646
2.587188243816607e-05,0.916563179136914,0.0028377147746297226
0.06256103515625001,1.0625610351562502,0.43630053095456933
0.00318850664665073,0.8915289232826872,0.07106478353272654
0.015112123588121638,0.609813264781477,0.08651090301157899
7.73882577227566e-05,0.9064729175964374,0.010996406121881045
0.0031884214734567706,0.8924801606763086,0.0710426994623516
0.01769877953112392,0.8920867051005202,0.09046134959096618
0.018018298982320876,0.8940657778639742,0.12548456876631045
0.05309096989483151,0.8970535919988766,0.16089476130791414
0.017691429752102746,0.8893203353659601,0.061112161443610674
2.544236876487636e-05,0.9142342802038057,0.004410985310417053
0.026348407451923073,0.7955791766826923,0.1370508677112079
0.02189715762561265,0.7740626314384301,0.13940886294659682
1.7867707673283166,2.2553984094895796,1.9716651412499875
0.8478260869565218,1.8478260869565217,1.0471898197242844
0.015754062605233418,0.8335643666537775,0.08255857732656563
0.1216083068368737,0.8025428928740247,0.2884753083006401
0.003179783854471134,0.8946630551860786,0.10458395888362572
0.003943190106297588,0.8587219238772581,0.15096420591460227
0.03475643383615341,0.622576023034744,0.2817911880623221
0.10980334376521893,0.8662092326967503,0.2945342800093751
0.011258244514465377,0.8637417554855348,0.24310147561946838
0.05674286895717288,0.7501505412635745,0.15712929343727616
0.2467714306949828,0.9293686742811472,0.4081723828238
0.011432821372017975,0.7421556953743943,0.21292945907299637
0.18994114776772122,0.7415060521038078,0.39293739349017254
0.0017387433157221197,0.6207181468884436,0.017573344929113822
0.0032018223132475204,0.8950116495574305,0.10456952423942105
0.6546967827632243,1.3581349540112668,0.9206542680784053
0.3648130817230728,1.0428904006812074,0.5100001372678095
0.01769660051619388,0.8854496409428035,0.09123900062897228
0.011258244514465377,0.8637417554855348,0.24310147561946838
0.0005159791409046505,0.638286876973722,0.012355000723965674
0.011258244514465377,0.8637417554855348,0.24310147561946838
0.018126131258548457,0.8679898106443359,0.2144069915418789
0.08853157964585458,0.9081269433708323,0.19592518243557716
0.062499999999999986,0.9375,0.31228991596638656
0.01771953351026747,0.8968428243543753,0.1253110126186949
0.011258244514465377,0.8637417554855348,0.24310147561946838
0.06250000000000001,0.8263888888888887,0.17320394498733258
0.017716075608388393,0.8969916549532869,0.1253038084439692
0.7283861001582914,1.396512091211828,1.1221523783252256
0.01783582803723815,0.892726910563783,0.12559468925204198
0.017695747557205595,0.8916873300277464,0.09048788290844399
0.00034611816136744845,0.706357941979446,0.012673864972208895
0.09819068421303805,0.7863296122672738,0.20195928197679053
0.03224622540366149,0.8985402204058867,0.13976178818124738
0.4903130189974242,1.4903130189974245,0.8539977344988424
0.027283524105316315,0.5664769256360754,0.1508879977793608
0.2095583207679518,1.2095583207679519,0.6724674192187974
0.041829149834441616,0.794150664814095,0.20342913115344768
0.11552829471178527,0.6854443102573758,0.2075528911500306
0.07576033910902094,0.6233334324989618,0.17514386331761722
1.1954151479274033,1.674837553921534,1.3724492680450988
0.12918736586529264,0.7092280299303261,0.25217156343312014
0.011230468750000019,0.9887695312500001,0.3626977744222689
0.11309945984059798,0.5675966949566613,0.19683424218141346
0.08874537242275161,0.8996944307732796,0.19657458615941734
0.0011634744607693394,0.8568644290914212,0.03717194762374148
0.011230468750000019,0.9887695312500001,0.3626977744222689
0.01783048142684243,0.8953050804482601,0.12539794872854595
0.0003881640810239198,0.624218289720289,0.030427520017335934
0.06991586183720318,0.6874497950423554,0.17973917834956657
2.564449284642448e-05,0.9139757635035057,0.004606156290569097
0.005484462009918431,0.6676620101994309,0.16758637596798354
0.017713484423740867,0.8905436448783803,0.1258108831855167
0.0003625627311436302,0.8464323050300993,0.03765156370293586
0.0050247812258221005,0.6236456960019459,0.061722878894521084
0.012820512820512824,0.7564102564102564,0.09986202138668505
0.07953952293581786,0.804011656666393,0.1818293833186423
0.005962659685086525,0.8190939728163986,0.28587827975242175
0.1875,1.1875,0.5612394957983193
1.1106300650681544,2.083657877860249,1.4727448878526241
0.04732284224168273,0.6230772257843817,0.3101522912060403
0.0002199100244701317,0.6231427673536695,0.017131840519616526
0.002806031858766974,0.8361393651921004,0.3022443035288747
0.8249598679385759,1.2310206058597015,1.0028714299945842
0.04177170970019085,0.866195797793574,0.337372122902402
0.1968876817021989,1.0487956066187007,0.42273019921718286
0.14114846940520606,0.6502543222814372,0.22403439003824405
0.00021594512067988218,0.6109515324278295,0.01879758848176883
0.16061134774659405,0.8211059175769088,0.3897219062482054
0.011230468750000019,0.9887695312500001,0.3626977744222689
0.03883512687582061,0.6145726652182594,0.1197798915841002
0.00012575517576222136,0.538227359453837,0.05152770682689137
0.6249308234801312,1.5534127094671464,1.1896763011976252
0.06248474866151809,0.812515251338482,0.20788863495367915
0.06248474866151809,0.812515251338482,0.20788863495367915
0.05316362572395452,0.901482627246982,0.16058757479857838
0.011230468750000019,0.9887695312500001,0.3626977744222689
0.015579083220552166,0.6140031214578346,0.11594828002039617
0.011258244514465377,0.8637417554855348,0.24310147561946838
2.56761888484095e-05,0.9158385707350556,0.003268290280636899
0.1249694973230362,0.8750305026769638,0.25235215982176223
2.587188243816607e-05,0.916873641726172,0.002932700336486494
0.04860612915621867,0.8541716486215589,0.20044371918776824
0.015228448543925426,0.8421181663923015,0.17477837498363283
0.038517878605769204,1.0385178786057692,0.3751856950942135
0.02322042237571588,0.7764944940694876,0.15006771998730176
0.10663783985288298,0.6302425059257007,0.1895731552830833
0.04815330954449765,0.6190474172095688,0.1393565501870852
0.12924489411847734,1.0098438861702113,0.5473093202986096
0.14178320342445355,0.6592849480594655,0.22721128993110112
0.011230468750000019,0.9887695312500001,0.3626977744222689
2.553079805055364e-05,0.9147518062818548,0.004028660860785928
0.01772815900424402,0.8965948558624741,0.1253234901818322
0.0031876514274859673,0.8920795968320284,0.07104691898779539
0.00011072771070179609,0.6264704598739992,0.032522735912009694
0.03125,0.7187500000000001,0.18848684210526315
0.00031122870603551286,0.6460543744491811,0.12713666151392705
0.00028955670724866594,0.6138309385363604,0.021210773043654776
0.062499999999999986,0.9375,0.31228991596638656
0.017775454477160852,0.8958509638031426,0.1253644791414942
0.0015434552131165884,0.6358905934428578,0.04144110242002803
0.002659105980287115,0.7016287009202017,0.20098790756125534
0.010139016544118182,0.873775380180482,0.3386227262526139
0.020812988281250003,0.8125203450520834,0.1294366598932029
0.06256103515625001,1.0625610351562502,0.43630053095456933
0.011258244514465377,0.8637417554855348,0.24310147561946838
0.09185260979698825,0.628446692487767,0.18098557204776333
0.0008877840909090883,0.7584635416666669,0.2281298339571284
0.19567340353260876,1.1956734035326089,0.39503713630037124
0.17095714254793723,0.9854616544914345,0.4288302976246382
0.08041634662314527,0.6272019210194306,0.16949558183636876
0.3215584288557974,0.9209791768438951,0.44913738593347297
0.03895773364963412,0.6793668380253334,0.28163065424148975
0.6006027041741276,1.2897750825543184,0.7431756647537001
0.06256103515625001,1.0625610351562502,0.43630053095456933
0.6343313950832006,1.459689147814961,0.9271363980990958
0.08787367814533623,1.0878736781453364,0.45155839364675465
0.029320176925162686,0.8340924111984815,0.19835827447288767
0.0885145626815074,0.9072981316631709,0.19597104375843047
0.06256103515625001,1.0625610351562502,0.43630053095456933
0.0176957494182426,0.8935341858769711,0.09038772880203015
0.06248474866151809,0.812515251338482,0.20788863495367915
0.06248474866151809,0.812515251338482,0.20788863495367915
0.1149153619531869,0.6348681092543794,0.2084060858422806
0.08592765759166314,0.7915364979458775,0.18279187017130868
0.01769142945868368,0.8916773897458529,0.061024608722761234
0.01769142945868368,0.8916773897458529,0.061024608722761234
0.011252121160285716,0.8515806172284944,0.12552860518608822
7.720545866976008e-05,0.5195867931184343,0.05800026232845952
0.10067297617710005,0.6968767071759022,0.21679205608402116
0.0007004126524313885,0.7186491306011493,0.06626729196524556
0.06248474866151809,0.812515251338482,0.20788863495367915
2.566975835661803e-05,0.9153728704206767,0.003583607620330717
0.24085018563602204,0.7672815452894725,0.43217486385243414
0.08851257411251047,0.9048608432343452,0.1961286448580868
0.047893915569061835,0.7113972302908638,0.37973869290221024
0.08110575581076668,0.6269954138152575,0.17643405333565412
0.2484535950907869,1.0323795981708748,0.6097581154423372
0.092673930468413,0.7021480788092442,0.22989856527620417
0.07071403360813706,0.8148057794445575,0.1905999971978376
0.1998043212612623,0.7305943070093922,0.30969409751903204
0.4156673761874771,0.8665170675299669,0.5839653527818649
0.2245115047898127,0.8819414831831988,0.41771453418162785
0.13964473617923456,0.692423236875893,0.32049848140137654
2.587188243816607e-05,0.9168218979612957,0.002898185725094555
0.06248474866151809,0.812515251338482,0.20788863495367915
0.0005158730335648519,0.634158803890118,0.01439937613722975
0.003251148149403475,0.7342759668180586,0.10012457618605171
0.011127627904736405,0.8748258108533492,0.20860635681465234
2.584661692797259e-05,0.9121649338569157,0.006036220924853358
0.018418053484273316,0.847091707904013,0.21126382625025422
0.010321320043000124,0.9618405598753194,0.45980886612853844
0.1875152289867401,1.18751522898674,0.5612547247850594
0.0007134553713676198,0.898149352807265,0.23618415802309428
2.580871866268254e-05,0.9165113722082622,0.002864436199538498
0.006304255872990305,0.8576075324083601,0.11687285501141521
2.578345315248875e-05,0.9163043718832466,0.002979456334998741
0.003993437117881025,0.614385149727621,0.0180421701213871
0.12957189725506232,0.630138174661062,0.2943477142314939
2.580871866268254e-05,0.9165113722082622,0.002864436199538498
2.5568696315843736e-05,0.9122163997011797,0.00599393905230591
0.0034564644980323313,0.8405418050375326,0.049827493664405025
7.73882577227566e-05,0.9064729175964374,0.010996406121881045
0.04877092936550977,0.9512290706344902,0.31503102394688337
0.017691575713991055,0.888267492433478,0.06119013894444615
0.00025486811096762924,0.5488873825483754,0.054043534532249374
0.0021509141231442867,0.8495288478159324,0.07501641700320992
0.062499999999999986,0.9375,0.31228991596638656
0.012875760358298557,0.8389262794830307,0.08011378815414685
0.0018038479626972601,0.6910079367266752,0.19050404320816625
8.238099576601814e-05,0.5967875569982616,0.09875300161313144
0.00026274155324639947,0.5427598682316869,0.05289631585025597
0.06248474866151809,0.812515251338482,0.20788863495367915
0.0003322540917999067,0.8991214499936938,0.017957614172772036
0.017314584408650687,0.7348388776293696,0.23391268534540968
0.014639717679878608,0.8061475499802121,0.04959808651494832
0.00017160740236329971,0.5935346213405135,0.09564292046224075
2.5846616927972717e-05,0.9153730472792482,0.0035834844544050722
0.017991606877027163,0.8938652162863205,0.12548261145099462
2.558132907094071e-05,0.9155797570508964,0.003441240525518354
2.587188243816607e-05,0.9169253854910484,0.0029687070150919504
0.014179054880246301,0.7656745451237295,0.2645247033928476
0.18449590589062106,0.8087014828003939,0.2626820707969266
0.07410930049298801,0.8879587262762654,0.24462416483775415
2.569502386681159e-05,0.9160455646295794,0.003136379250383954
0.0023813766354439966,0.8469458806970815,0.0622933784422831
0.04037788959480927,0.600012144806495,0.12199854898310734
0.010689264275890575,0.9408299755564284,0.43885576113620217
0.006809661906337491,0.8516618149354667,0.1569671790010634
0.0019623348047515653,0.8478754780689152,0.0739857960637175
0.2696719231794644,0.6707578233186071,0.3391877774041537
2.5865652417342082e-05,0.9169253792610276,0.002968702588319809
2.555606356074718e-05,0.915217525431252,0.0036930341120453235
0.16542950137928916,0.8924436463067683,0.3268410933911067
8.236843525148281e-05,0.5350624390100146,0.042031500809809004
0.06248474866151809,0.812515251338482,0.20788863495367915
0.002657686885605905,0.8475673799951092,0.048139013762757525
0.09739594843742116,0.7310453442886913,0.3445566650950045
0.051033864052331866,1.051033864052332,0.41471857955375024
0.06728826515133766,0.8550231899221229,0.22832618780580308
0.26791243631447803,0.8702138264215734,0.42405934806144396
0.012820512820512824,0.8846153846153847,0.22300793377026565
2.5480267030166577e-05,0.9128372364504101,0.005491204583347902
0.0016932565949045308,0.8584433469443692,0.05784106521331718
0.0028172771809464735,0.5565047567173586,0.08300407375237773
0.00015538649018106572,0.584938118525961,0.08747786181587106
1.7657791200088974e-07,0.9129668109000969,0.005387826442220368
2.5101284377264144e-05,0.9119572134648595,0.006207694024870628
2.334533141881383e-05,0.9050217930184725,0.01234367730131239
2.3875907132878075e-05,0.9061089426565897,0.011330822256792905
0.0001324291716793442,0.8982945603760802,0.01875009505220342
7.73882577227566e-05,0.9064729175964374,0.010996406121881045
2.5265510193521727e-05,0.9066277699084134,0.01085447116626561
2.3875907132878075e-05,0.9061089426565897,0.011330822256792905
0.0005876200643692706,0.6468647407043443,0.051992572017633285
7.812095751836863e-05,0.9112330660444479,0.006812951109278779
2.703409590706748e-05,0.9090591710163769,0.008677017852608843
7.906841415062586e-05,0.9107146809390524,0.007250823226421053
0.00022972036072341822,0.5900695572450557,0.05255226814371377
0.02051333553024199,0.8010142016114443,0.09092486513991326
0.00044004939104056725,0.8959689333265419,0.020985778356295764
2.5846616927972757e-05,0.9164079225767748,0.002920608961614685
0.017712997000332867,0.8965433555894309,0.12530884518654306
2.534130672410279e-05,0.9108708344248034,0.007118397463798579
2.4785465499845075e-05,0.9113359724674662,0.006726335221917411
0.0007070300372555178,0.8457692195746663,0.07043083430233245
2.569502386681159e-05,0.9160455646295794,0.003136379250383954
0.0013658029500413919,0.8890300894035237,0.027714147932900644
0.0021395086686976064,0.8431826629686046,0.0730033182391556
0.0017403009748848722,0.8391993657952694,0.07696884349041551
2.6478254682810407e-05,0.9118021463960468,0.0063364978020301575
0.08980509620920449,0.8912152914777316,0.19762000823784467
2.9067969477648586e-05,0.8983979215782818,0.018650895291222033
0.00044004939104056725,0.8959689333265419,0.020985778356295764
0.0002870161957984063,0.8929655968643279,0.02388449201783454
0.00039171647004035865,0.8942062344768705,0.02268479123994952
0.38274446990687966,0.9723948133537583,0.5431807169582754
0.00023433760704491503,0.8970025453485589,0.019991052483766873
0.06628376280658181,0.747490427403498,0.16845796373702365
0.024572020963185174,0.8084833926566445,0.0767537763684267
0.0001772122884973594,0.8989664081903912,0.018106076400091126
2.5770820397392133e-05,0.915424715247594,0.003547586535710743
0.0,0.681206664596916,0.23459747461149105
0.0002290065843940817,0.8718527259262134,0.044573695925161624
0.0001816463855363244,0.8962273363320461,0.02073693541845979
0.00013491782443340912,0.8753695838831108,0.041104977920150075
0.00012597383382489868,0.8985529633815844,0.018502232726827012
0.005206286827007656,0.8357333799431467,0.08042351491647041
2.3648517541135522e-05,0.9048668649099658,0.012489001326827807
0.0017261396564214042,0.8788864418400083,0.03764949211439661
0.001537115741908562,0.8547187054316401,0.06153900882088055
0.008982659471857866,0.8319570072982965,0.08418755990306756
0.03787643588947532,0.7827279312842804,0.13329714648057378
2.553079805055364e-05,0.9147518062818548,0.004028660860785928
0.00033643553373693437,0.8993841481359309,0.017706064265080326
0.019537553881499477,0.8423970502452258,0.08139805691188819
0.0010690595328184827,0.88100690031402,0.0355682586611229
0.00019210630675643557,0.8560637148667921,0.060202780731333325
0.00038449053412501215,0.8941545412430145,0.02273468449177784
0.2855220945876022,0.6043154299906861,0.5198088813921428
0.053141095481295864,0.8155881225010305,0.1371277426937741
2.5012855091586985e-05,0.9101460932649023,0.007736289598918397
0.00053815536712201,0.8957570314925489,0.02118984051416721
0.00027223587233519823,0.8615989460037645,0.054711389735807116
0.021421918658801616,0.7991824485149541,0.11687843886302454
0.0007434881684647626,0.8779037903520516,0.03861396615371859
0.012625478629825094,0.8079788885439304,0.10810114233791955
0.0017778581557875435,0.8789381603393744,0.037598730322853366
0.00033138243169822927,0.8955502585571251,0.02138896352597357
0.00033949266047035245,0.9031066420802933,0.014151062948199046
8.067277404791468e-05,0.9013991989014152,0.01577835364658799
0.00028057349069905756,0.8990697693925929,0.0180071015818784
2.564449284642448e-05,0.9154763326849193,0.003511863990998486
2.5518165295456784e-05,0.912319836699912,0.00590929711884214
0.000129081491578696,0.8645604175155879,0.051779061123981486
0.8024017123712962,1.2864195451209448,0.9635004663865722
2.951011590603438e-05,0.8987596857859877,0.018304058147632904
2.5846616927972917e-05,0.9168218726957855,0.0028981692296580846
0.0001829222938010974,0.9046602940986236,0.012683183625502616
2.5770820397392174e-05,0.916356103015368,0.0029497334142160447
0.0004908962303050266,0.8825668560771434,0.034037693696914964
0.03082889974160458,0.7897754674321511,0.12626494773454824
8.10517567008168e-05,0.901657538743144,0.015531451520568514
2.612453754010145e-05,0.915631538714038,0.003406362560899568
2.52907757037152e-05,0.9129922782537127,0.005367596277590012
0.013548840259521345,0.8493999630982544,0.16385299795561026
2.583398417287602e-05,0.9158387285303801,0.003268186915255692
0.1554827008928571,0.844517299107143,0.3036802455357143
2.5682391111714788e-05,0.9150106766992976,0.0038408862144079688
2.587188243816623e-05,0.9162009727827797,0.003040495154610257
2.544236876487636e-05,0.9142342802038057,0.004410985310417053
2.587188243816607e-05,0.916563179136914,0.0028377147746297226
0.0026290761791302993,0.8447121585474915,0.05247641199769818
0.0032612103443600896,0.7451267201057484,0.11066758976781509
0.00047874434988875536,0.585823274922265,0.0883161915177362
0.0010654921128279175,0.7104312540910765,0.07717326054206261
0.0007001578184828723,0.8838595027424196,0.0327703654646911
0.28218188932974597,0.849701461301855,0.48382853061258546
0.3167211582596517,0.9083941140750201,0.5357930477510168
0.5894148875701646,1.1305672446005932,0.7587264792637307
0.04548780484633015,1.04548780484633,0.5166657497084856
0.00712139123179847,0.7709503139669114,0.17261088751987766
0.09190663597617511,1.0919066359761753,0.4907522075614721
0.6419352319815061,1.2082862389351088,0.8066052061436968
0.34158149193869114,1.0750610708586241,0.7051665908245294
0.000750805986614768,0.9541472541376147,0.35312929293183987
0.26146708888811754,0.7529825512071088,0.4118178972655312
0.1420169013354842,1.142016901335484,0.5408624729207812
0.5075539250157511,1.5075539250157513,0.9063994966010481
0.4816244900717905,1.1142444897134203,0.6979077788827203
0.14160465629479602,0.5989494031998192,0.27590215735913565
0.1612399040946204,0.6683426727809447,0.3189180239848013
0.16485047637407224,0.672689739929389,0.3226664276613347
0.045443480665033495,0.6818292466076937,0.16234678593603188
0.4428029243760826,0.7894249649602674,0.5327580540185526
0.0667613636363637,1.066761363636364,0.5379393084985191
0.015947497991636816,0.9224618337530173,0.3217240874433566
0.4828316718369926,1.2001998057690344,0.8383525984644551
1.165565792766803,1.729075267652765,1.467022574490907
0.12989201570680625,0.7979548429319372,0.28283883914405833
0.01354736115168102,0.7993189536606891,0.20033966031292272
0.002613199443717284,0.5785386330170157,0.06560007077482943
0.6872645703761957,1.2365118033112361,0.9744220697963412
0.010201619595897443,0.5408138644938565,0.05744767513966107
0.0005245827879581172,0.5670167293848167,0.05487362091340432
0.2750538346538819,0.7635416699306393,0.3766738898510322
0.043012522270624805,1.0430125222706246,0.44185809385592173
0.006646336701262667,0.8355496869531187,0.23589416590138088
0.07386565082702252,1.0738656508270223,0.4727112224123195
0.0004455456827872472,0.5462330898647892,0.027605312346507586
0.13631924715909088,0.863680752840909,0.3355420022001026
0.045443480665033495,0.6818292466076937,0.16234678593603188
0.017863384933252027,0.9821366150667479,0.38103449524628574
0.19727629331505622,1.0265101478281682,0.6420169082931317
0.04544345357201314,0.6818292737007141,0.16234680827589076
0.7693778632198951,1.769377863219895,1.2534965368673645
0.14085574764372094,0.7760138210335538,0.25851160780261767
0.13636363636363638,0.8636363636363636,0.3354978354978355
0.0005243161585942605,0.5816761486193273,0.0685494199624501
0.23220341440462977,1.23220341440463,0.6310489859899266
0.0681375281370543,0.5737799901223234,0.17468126556968566
0.3200628573042795,1.0583958469329176,0.6387802841684508
0.26130913637956854,1.0618212099006612,0.6494010257646996
0.0849986895012689,0.48967510281289794,0.23733519529840344
0.005525998315265487,0.7752719214397592,0.17681860197001487
0.0004753272570864643,0.5503100130570496,0.040180514461366626
0.0005252713308284426,0.5492163708072683,0.03929814400983844
0.008864198588176305,1.0088641985881763,0.4077097701734732
0.26328613689606145,1.2632861368960615,0.6621317084813584
0.010201624461582728,0.5816301958901542,0.05285530588349231
0.234624194279881,0.7874248884820606,0.4253134055297234
0.19677130618671304,0.5575151440094764,0.30555511428446963
1.066838055705159,1.8551746681182657,1.4856656705954188
0.8626974238757328,1.671888524402264,1.2580638576414116
0.21250246260199462,0.9248258555026486,0.5240057881937746
1.6732445630819974,2.3376788621661393,2.0555557268323907
0.40325806046583457,1.1183242371243034,0.7538329946443761
0.001567612892670152,0.5795842195680628,0.06658228844399493
0.0002971212652410943,0.6930704520938301,0.09832496371363511
0.0022265292583718947,0.5058524653556317,0.03682901569427318
0.19933210147909694,0.6637424385574392,0.3359893149866764
2.5888703777904123,3.2190533548148084,2.9757877094225935
0.0015468916343768847,0.6246311188368273,0.11034201779181893
0.13367031382691677,0.7729843805514275,0.3566789636198284
0.10454719195303903,0.725673368164958,0.18203467881279725
0.22613953530480074,0.9902114263604598,0.30739412572143743
0.16666666666666669,1.1666666666666665,0.5666666666666667
0.000902931249998436,0.8517376198828672,0.2518282684648043
8.306451218939895,9.010708674993193,8.670035622828621
0.6864184865194104,1.3138367504087445,1.0756138776985906
0.17644592604712045,1.1764459260471203,0.6605645996945899
0.04662242310209421,1.0466224231020942,0.5307410967495637
0.6780598958333331,1.6780598958333333,1.0113932291666665
0.5860685826828064,1.3828374299870685,0.9713317554021701
0.38613913118730775,1.386139131187308,0.7849847027726047
0.003560965401785713,0.7892752511160713,0.07565397669057376
0.1366957419829843,1.1366957419829842,0.6208144156304538
0.1043908910098745,0.6045402824697701,0.2540667376624894
0.39566800797730295,0.8264370961574805,0.5412303926291371
0.8004273267208274,1.4272462323503674,1.1275259266506932
0.2236700676843358,0.7660494589766149,0.4426628775263875
0.34467333043080195,0.9507234850043877,0.6586972582418529
0.3095959223331356,0.8167579187221539,0.4627685070873308
0.04547674005681819,0.7727494673295454,0.24506651260608905
0.4931743924118325,1.1020454015418963,0.8000498160442997
0.01130906740824374,1.0113090674082437,0.344642400741577
0.0005188331554073294,0.557596350090666,0.04636303080314117
0.12746539864321632,0.5698666688713466,0.20385690043582963
0.6136332153750922,0.9972725631556252,0.6932649345887371
0.24208922080128192,0.7507860367795147,0.3987496352215488
0.2475205891057261,0.7551403733897281,0.40406510249912153
0.045443480665033495,0.6818292466076937,0.16234678593603188
0.045454545454545456,0.7727272727272727,0.2450444292549555
0.003673278848538226,0.6717361060736692,0.1570982035617686
0.045454545454545456,0.7727272727272727,0.2450444292549555
0.009469300400581781,0.7899788863486583,0.15278985703146689
0.2953581260902815,0.8117581131722177,0.4745107213279089
0.002238424290874465,0.520203227414691,0.050318817184415714
0.011309067408243738,1.0113090674082437,0.4113090674082437
0.2190820042423636,0.8089366922563817,0.35663767523851014
0.03720242964659687,0.7052652568717278,0.1905003500007437
0.11568725241139217,1.1156872524113923,0.514532823996689
0.005608381180281048,0.7696725176961235,0.05512586261340634
0.37243469734107587,1.0193506798868082,0.6635931989263771
0.15860387461347733,0.8413961253865226,0.32611557128631585
0.3101063408544231,1.108177263139693,0.3962886354471857
0.16666666666666669,0.8333333333333333,0.4
0.005617977528089891,0.7921348314606742,0.07682963862739144
1.5917585296848477e-05,0.5005844290351545,0.02668353184324277
0.38420688878627846,0.8912027786557524,0.5368050574195257
0.045443480665033495,0.6818292466076937,0.16234678593603188
0.15485693053360736,0.7130594697945453,0.3105491661408467
0.011309067408243738,1.0113090674082437,0.4113090674082437
0.39716629028017897,0.9220510302741914,0.6096260271655496
0.15061877201455362,1.0042041589195734,0.6179621930244815
0.3294330538168697,1.3294330538168697,0.7282786254021667
0.7706967354841603,1.625134243713724,1.2389153777690767
0.16666666666666669,0.8333333333333334,0.3888888888888889
0.1666259964307149,0.833374003569285,0.3999999999999999
0.084253204002809,0.915746795997191,0.19877117121071208
0.8843538543060094,1.5466964221036361,1.2572687146657375
0.0014218024953309896,0.936987529249323,0.3360796430216969
0.3768032299783932,0.8198287222012943,0.5057526753090766
0.41378730246838946,1.1891228387828874,0.8149963094790591
0.10667373374892132,1.1066737337489214,0.5055193053342182
0.12296407229553562,0.8325155037053342,0.3681476063187698
0.4181982182439948,1.0007930747683065,0.66295738002582
0.004040523962229784,0.5453331631004703,0.07458181029343966
0.0013621608915619897,0.5426548000298026,0.07196408940550396
0.16666666666666669,0.8333333333333333,0.4
1.3498263576902374,2.237571002529135,1.6169405498385372
0.0125367679586478,0.9674348280828773,0.3663757588831584
0.21834909839844463,0.5696376186406711,0.3725629077817137
0.9386589071816417,1.825195720681329,1.1871547870926742
0.011309067408243738,1.0113090674082437,0.4113090674082437
0.11524687000132094,0.7332174090698527,0.41403294594222106
0.16666666666666669,1.1666666666666665,0.5666666666666667
0.004950195711433772,0.5462428348496744,0.07547088570115222
0.3580593387263419,0.8887033390674093,0.5933775629208646
0.16666666666666669,0.8333333333333333,0.4
0.0031431461793087778,0.5444357853175493,0.0737047504980565
0.16666666666666669,0.8333333333333333,0.4
0.16666666666666669,1.1666666666666665,0.5666666666666667
0.31810965421823517,1.3181096542182351,0.7169552258035321
0.16666666666666669,0.8333333333333333,0.4
0.16666666666666669,1.1666666666666665,0.5666666666666667
0.016239540115076844,0.642417550586281,0.12798784440819205
0.007996250428775565,0.8341997732256059,0.2345679695453616
0.01130906740824374,1.0113090674082437,0.344642400741577
0.16666666666666669,0.8333333333333333,0.4
0.1666259964307149,0.833374003569285,0.3999999999999999
0.07671594669925519,0.612896819397028,0.2132421437933767
0.1203974971064815,0.750027126736111,0.2423841329548795
0.6634986460413627,1.2857957972808116,0.9954404413647474
0.1548794117227154,0.6447462636988984,0.2693774998409113
0.4188341080440375,0.9788725544361646,0.6170731124530373
0.16664642592271173,0.8333535740772883,0.4
0.3212398386814206,0.8735449305063048,0.5222031228632124
0.1666259964307149,0.833374003569285,0.3999999999999999
0.00046307822318222337,0.5354720548838645,0.06498451397019284
0.19778306213067268,1.1977830621306729,0.5966286337159696
0.4864866246727749,1.4864866246727748,0.9706052983202444
0.055954597434543014,0.8789528602632286,0.20500003163605823
0.5,1.5,0.9
0.16666666666666669,0.8333333333333333,0.4
0.20111875861253908,1.201118758612539,0.599964330197836
0.0006725350805621128,0.8428685587349436,0.24308641778390733
0.2556492928239205,0.9240638824922788,0.5320108972412132
0.3126154222230187,0.9773013477728704,0.46767588244631725
0.0020129617987982356,0.8401830618555832,0.24044613450980493
0.5348758037955381,1.151089808856573,0.7379355400808563
0.4251435482259911,1.4251435482259913,0.823989119811288
0.0601738597890948,1.0601738597890948,0.4590194313743918
0.00014112133389882782,0.6901471369301564,0.09571877887804923
0.5815198293260432,1.2300897686094667,0.8765549447029636
0.1666259964307149,0.833374003569285,0.3999999999999999
0.028198557116322277,1.0281985571163221,0.42704412870161923
0.024169921874999993,0.9758300781250001,0.4471291754777569
0.16666666666666669,0.8333333333333333,0.4
0.7782031687112497,0.7864632094251868,0.7822562565215714
0.16666666666666669,0.8333333333333333,0.4
0.1666259964307149,0.833374003569285,0.3999999999999999
0.0004087954939340945,0.5568663344887356,0.03986445518482784
0.0004482860518100827,0.513015611006927,0.02017252054149382
0.07925736548578809,0.8447280003225881,0.5258566720938279
0.09617766273631347,0.6523782652058819,0.26556772071046936
0.005756094568062846,0.9942439054319372,0.478384382467922
0.02918274580255232,0.5704753849407929,0.09915477428077375
0.0005216463698142524,0.5879600290228559,0.07450800712725557
0.3506104001427957,1.3506104001427957,0.7494559717280926
0.0004479564070915487,0.5336633541853683,0.016900498929787282
0.16504309078362936,0.7866524974414294,0.28250460089299306
0.0004454825468079876,0.5121151414337024,0.020904825963018098
0.16666666666666669,1.1666666666666665,0.5666666666666667
0.008449672065168745,0.8592843606980376,0.2592866140727691
0.012827200523033447,0.8000391142893367,0.2010450592302949
0.21529419902807126,0.8715385488778195,0.41491960680386525
1.4001994251102694,2.193338062355172,1.6337040095644626
1.720019749233346e-05,0.785731485911778,0.11176280382042109
0.36539386785947353,1.3653938678594735,0.6046604152655558
0.062454268336296144,0.9375457316637039,0.38604824244976044
0.16664632161458334,0.8333536783854167,0.291656494140625
0.011896161806015744,0.7023895524796986,0.1006552143530412
0.01785284280776978,0.7321471571922304,0.10195727694419122
0.017926897321428572,1.0179268973214286,0.31400984663018444
0.062454268336296144,0.9375457316637039,0.38604824244976044
0.6609148297991071,1.6609148297991074,0.956997779107863
0.017839704241071425,0.8035888671875001,0.1238597395233295
0.11853669819078948,1.1185366981907894,0.7895893297697367
1.381874486019737,2.3818744860197367,2.0529271175986836
0.0010455937237456193,0.6049747502958878,0.08282750975999396
0.039505807976973686,0.5131900185032895,0.20986422805574792
0.02632220795280055,0.8157958921633269,0.25232688967288464
0.013154688634370514,0.5394704781080547,0.1606676885625992
0.013154688634370514,0.5394704781080547,0.1606676885625992
1.750295538651316,2.750295538651316,2.4213481702302637
0.1446340460526316,0.8553659539473684,0.5340309037396122
1.8556036698190792,2.855603669819079,2.5266563013980265
0.01313365446893789,0.5394494439426221,0.16068650860535474
0.22376130756578946,0.6974455180921052,0.3844220697714682
0.1184884513679304,1.1184884513679303,0.789541082946878
0.0658151726973684,0.5394993832236842,0.2347888893698061
0.06578947368421051,0.5394736842105262,0.23476454293628807
0.013157894736842096,0.5921052631578948,0.11426592797783935
0.14477539062499997,0.6184596011513157,0.3095933063538781
0.08325195312499997,0.916748046875,0.5157843469051864
0.09214381167763157,0.5658280222039473,0.2597318105090028
1.329358552631579,2.3293585526315788,2.0004111842105265
0.013157894736842096,0.5131578947368421,0.18490304709141273
0.013157894736842096,0.5131578947368421,0.18490304709141273
0.013157894736842096,0.5131578947368421,0.18490304709141273
0.09210526315789473,0.5657894736842105,0.2596952908587258
0.14463731175974795,0.8553626882402521,0.5340278099118179
0.008869961168639055,0.991130038831361,0.20826159767716257
0.008878628883136093,0.9023697531434912,0.11992398001637784
9.567163514916005e-05,0.9718566293489935,0.007702402263105593
0.008386230468750035,0.80838623046875,0.42736540472137374
0.00011123992778624022,0.6876112399277862,0.04541503627320807
0.1924001479289941,1.1924001479289943,0.4094894688644688
0.0004826834542410705,0.7323041120256697,0.008397730146135604
0.05031897189349112,1.0503189718934913,0.2674082928289659
0.016434910985051707,0.737881642468845,0.1327927386146155
0.01162790697674418,0.5,0.07383720930232558
5.353232153824387e-05,0.7270178962498903,0.003614148733731626
0.002957866036680301,0.8136101813005978,0.03274228021305158
0.000454745449862212,0.7852595402644231,0.40625895091313785
0.030271753322246492,0.9697282466777534,0.5095738611711087
0.002955707572621001,0.8136123397646572,0.03274428450110664
0.006231818627524561,0.7211692412189075,0.07792491315525685
0.0266185512204142,0.9733814487795857,0.1905975247208721
0.0879579967206324,0.7459260770194419,0.23369666821299756
0.023259961381488566,0.7056367767531172,0.15325400459837657
0.002956428824091806,0.8076944587498728,0.027530673923006056
0.002957858277495798,0.8076930292964687,0.02752948271183606
0.1315532483552632,0.868446751644737,0.5627670083909455
0.961669921875,1.9616699218749998,1.1787592428104747
0.0029701368343195292,0.8550411427514794,0.07300383910960834
0.01682667918019442,0.731112393465909,0.3612634097518249
0.014792899408284028,0.878698224852071,0.09643561566638488
1.783540844917266e-05,0.7250893074486938,0.0023867175274395517
0.18493657696197022,0.820856829758886,0.3269039146197681
0.6491541720776799,1.2876122148505518,0.7910033252522555
0.0029571352625739674,0.8136109120747042,0.032742958789007466
0.002955690643491125,0.8136123566937871,0.03274430022101296
0.013501211860385673,0.7256292974697378,0.08849289260812819
0.013949707636060557,0.6649516532218954,0.062072082602699016
0.06267811920959677,0.7111452547445835,0.315509609718253
0.002957867447441168,0.8017758603632097,0.024176037906088865
0.04440614598742602,0.937897270247781,0.15528231846779023
0.002957862862468472,0.8017758649481824,0.024176039281580675
0.008888009737229193,0.9023791339975842,0.11993331619973717
0.058094113372093095,0.9419058866279069,0.4822152071220929
0.7327795694040697,1.7327795694040695,1.2721206546753872
0.12132055519600587,1.1213205551960062,0.3384098761314807
0.9884061591569764,1.9884061591569762,1.527747244428294
0.002962898220536267,0.8550339041376961,0.07299666943500398
0.0116165515988372,0.5465229832848837,0.10485366703003875
0.014803011741863905,1.0148030117418638,0.2318923326773387
0.11545684633875739,1.1154568463387575,0.3325461672742322
0.020698502218934912,0.8727926220414202,0.09058625669202591
0.032547267936390525,0.9260383921967457,0.14347991126461676
0.008878628883136093,0.8609496348002958,0.07885605980557904
0.002954257310494869,0.8372824290800377,0.05556916752544112
0.008887296597633135,0.9023784208579881,0.11993260645604396
2.543131510273403e-06,0.5833358764648438,0.2765980444798753
0.03968637998638388,0.7376794758681736,0.18219435588405902
0.0029607446941398315,0.8254459517947316,0.04401451112788038
0.0029585798816568034,0.819526627218935,0.03830656522964215
0.06318982593618462,0.7520909289369637,0.2041932245913099
0.014793615016711533,0.9082847392770665,0.1258107995493172
0.002952001856628938,0.8076988857173356,0.027534363062558444
0.0004486694335937502,0.7359129551478795,0.011887564304896766
0.00294702292899409,0.8491239829881657,0.0671711001338405
0.005952380952381396,0.7916666666666669,0.4120665630330059
0.0029592993696766017,0.8431959857602092,0.061356017138797445
0.0029506394143640636,0.8491203665027957,0.06716755253390616
0.16864483173076927,1.1686448317307692,0.385734152666244
0.0029582338043923906,0.8017754940062586,0.0241759279990035
0.0024916704963234932,0.7083740234375,0.34534957870982014
0.01162790697674418,0.5232558139534884,0.08779069767441859
0.014792188384829189,0.985207811615171,0.2023675715429543
0.014797233265532539,0.8668682391826923,0.08471829652719075
0.04516822262074136,0.7864876833867769,0.23432062067724485
0.002957863215158688,0.8905332610451964,0.1081579372290995
0.08156055508291464,0.7698832262324026,0.24100728148640085
0.05028430103550295,0.949715698964497,0.16704446895252179
0.008878628883136093,0.8609496348002958,0.07885605980557904
0.0053710937499999,0.8590944980053189,0.3919983539018921
0.06125904759128854,0.4712185721691571,0.19978419461721997
0.12394423431792694,0.7686631567139742,0.19479536510267545
0.31129313891714616,0.9496830885373122,0.4531426737570128
0.440828402366864,1.440828402366864,0.6579177233023387
0.009102753893689738,0.7307585851331662,0.04361713867003682
0.032563158746301765,1.032563158746302,0.24965247968177653
0.032511152459319514,0.9674888475406808,0.1847329834878663
0.0025067067146301203,0.59250670671463,0.14415514344864702
0.0029528014053254465,0.8372838849852071,0.05557058876620175
0.020715837647928982,1.020715837647929,0.23780515858340376
0.002957880849668945,0.801775846960982,0.02417603388542054
0.0024916704963234932,0.7083740234375,0.34534957870982014
0.03847887389053257,1.0384788738905326,0.25556819482600734
0.002963618061246256,0.825448825161838,0.044017316081484265
0.010922870938739976,0.6458435058593749,0.30658849749510764
0.040604073257435466,0.6940598722791221,0.15177696408393168
2.4135933577910543e-05,0.9761778335586021,0.00561230414914188
0.00025236522052322354,0.5170963368517287,0.04893254213583275
3.038727196635141e-17,0.625,0.2958523537673257
0.026290090460526314,0.5526058799342104,0.15301090799695213
0.014792899408284028,0.878698224852071,0.09643561566638488
0.0029556906434911314,0.8491153152736686,0.06716259751866722
0.0035816758447543505,0.7948015753713351,0.1091081116999448
0.0024916704963234932,0.7083740234375,0.34534957870982014
0.0024916704963234932,0.7083740234375,0.34534957870982014
0.020727394600591722,0.9142185188609467,0.13171632303994082
0.008875739644970421,0.8846153846153847,0.10229642152719075
0.0023646763392854353,0.6583496093750001,0.31313335833495143
0.05477325768170755,0.6989542393030682,0.363161690935431
0.008300781249999889,0.7416992187500001,0.28192933320504265
0.046142578124999986,0.9538574218750001,0.5258655223594046
0.07141114984239848,0.9285888501576014,0.3372070932045805
0.04615575075149536,0.9538442492485046,0.5258523995348998
0.046142578125000056,0.753857421875,0.3298493066221645
0.049999999999999996,0.65,0.239413988657845
0.006151512777987424,1.0061515127779874,0.430555898721584
0.049987816810607925,0.8500121831893922,0.42297986283870187
0.0005580357142855883,0.7148437500000002,0.26475837814146963
0.03906067886023441,0.6248141538543899,0.29644025872154733
2.957991315145352,3.851243174369529,3.2232428585698956
2.145623368424832,3.032731221328096,2.405220471032412
0.42567582563920475,1.4256758256392048,0.6644935238983922
0.07276526162790713,0.9272347383720928,0.4234946246753819
0.38414377084610674,1.179380478468535,0.7192510612879371
1.0714285714285712,2.071428571428571,1.4756584197924978
0.004464285714285487,0.71875,0.2672429657265036
0.04001948941024246,0.6443362146101836,0.24791233288003622
0.003062991276840491,0.5674801691909509,0.06359201255751533
0.04998779892921446,0.5500122010707856,0.1766598073093112
0.8803599964488638,1.8803599964488638,1.1191776947080514
0.04998782873153686,0.5500121712684631,0.17665979328137493
0.0008750968138098513,0.8362527490706035,0.03441641784072371
0.049987816810607925,0.8500121831893922,0.42297986283870187
0.03672086367624635,0.6186315420617708,0.29155778085446005
0.04615573883056641,0.7538442611694337,0.3298367927565692
0.04998782873153686,0.5500121712684631,0.17665979328137493
0.049999999999999996,0.55,0.1766540642722117
0.02062455457300886,0.49018474728318745,0.13862120483939402
0.049999999999999996,0.55,0.1766540642722117
0.003066737958989991,0.5797538545234072,0.05582864647994013
0.000993097385207476,0.6583475619554521,0.23349927956685573
0.3572648593357632,1.357264859335763,0.7614947076996897
0.049987816810607925,0.8500121831893922,0.42297986283870187
0.16394389216618538,0.9831187820791512,0.52717198486746
0.04611816406250004,0.8538818359375,0.42679099531840736
0.334822319156461,1.0960120979847077,0.48606763102131867
0.2506595996260928,0.8771069406417187,0.630327834945738
0.049987816810607925,0.8500121831893922,0.42297986283870187
0.05000000000000003,0.7500000000000001,0.3261814744801512
0.04997558593750002,0.7500244140625001,0.32620468860763235
0.05000000000000003,0.7500000000000001,0.3261814744801512
0.05000000000000003,0.7500000000000001,0.3261814744801512
0.049999999999999996,0.65,0.239413988657845
0.05000000000000003,0.7500000000000001,0.3261814744801512
0.04996341466903686,0.9500365853309631,0.5220591313221505
0.01701049668628721,0.5739131491317224,0.15002575312288222
0.04998779892921446,0.5500122010707856,0.1766598073093112
0.3004037418177724,1.0897552937677877,0.6553796362414054
0.04615575075149536,0.9538442492485046,0.5258523995348998
0.18493295437363028,0.9651212525428187,0.5384343883198034
0.049987816810607925,0.8500121831893922,0.42297986283870187
0.049987816810607925,0.8500121831893922,0.42297986283870187
0.3610836029482326,1.291862439415457,0.5283033829305096
0.1983102709054948,1.1983102709054951,0.4371279691646825
0.17882097927921,0.9071950599128048,0.33939108805179613
0.005943080357142969,0.6940569196428571,0.25226090891568403
0.04611816406250004,0.8538818359375,0.42679099531840736
0.049987816810607925,0.8500121831893922,0.42297986283870187
0.04996341466903686,0.9500365853309631,0.5220591313221505
0.04618015289306642,0.8538198471069337,0.4267299439370745
0.0017630992791592603,0.6043272018432618,0.21334276435225852
0.09581319464284786,0.9537311394801163,0.25196340017647356
0.9273683854511805,1.9273683854511805,1.331598233815107
0.19327059659090925,1.1932705965909094,0.432088294850097
0.44814340511384604,1.4001095454473191,0.6280178537482476
0.0714285714285714,0.7857142857142856,0.2302474062250599
0.12283857907149916,0.9246856543092884,0.486271741556991
0.04618015289306642,0.8538198471069337,0.4267299439370745
0.15385742187499998,1.153857421875,0.7256910702681947
0.049987816810607925,0.8500121831893922,0.42297986283870187
0.05000000000000003,0.7500000000000001,0.3261814744801512
0.2538818359375002,1.2538818359375001,0.8257154843306949
0.049987816810607925,0.8500121831893922,0.42297986283870187
0.4963447272132808,1.2675341977220087,0.8145852958841358
0.05000000000000003,0.7500000000000001,0.3261814744801512
0.0012159706385390277,0.6899274871721782,0.0529165215386494
0.049999999999999996,0.65,0.239413988657845
0.049999999999999996,0.65,0.239413988657845
0.049999999999999996,0.65,0.239413988657845
0.04998779892921446,0.5500122010707856,0.1766598073093112
0.04998779892921446,0.5500122010707856,0.1766598073093112
0.15385742187499998,1.153857421875,0.7256910702681947
0.03611735171124923,0.542596730658325,0.2316476835743358
0.002852331410868322,0.6424476490464318,0.14250447509400568
0.05000000000000003,0.7500000000000001,0.3261814744801512
0.049987816810607925,0.8500121831893922,0.42297986283870187
0.05000000000000003,0.7500000000000001,0.3261814744801512
0.049999999999999996,0.65,0.239413988657845
0.4917524179972202,1.2992724414314232,0.8362866202056665
0.15385742187499998,1.153857421875,0.7256910702681947
0.04618014097213741,0.6538198590278627,0.24241066445475046
0.023411745459519632,0.5514499416947146,0.14695699419579256
0.33846769771281016,1.1758200118993853,0.4796798842000222
0.03409645774147729,1.0340964577414773,0.2729141560006649
0.05000000000000003,0.7500000000000001,0.3261814744801512
0.07339268173958949,0.649896422554343,0.32045671212482363
1.009332672945454,1.8608531889042719,1.155647722589444
0.0012786605141376795,0.6464486122131349,0.22824691662678703
0.0004972784642679343,0.5791825374284114,0.01818166785981075
0.04998779892921446,0.5500122010707856,0.1766598073093112
0.049999999999999996,0.55,0.1766540642722117
0.05000000000000003,0.7500000000000001,0.3261814744801512
7.489196419775938e-05,0.5689076334022043,0.0290977800948846
0.049999999999999996,0.65,0.239413988657845
0.001765324519230868,0.6043294270833334,0.2133434152728237
0.020316151891006908,0.5208366773365283,0.17204118094177204
0.04615573883056641,0.7538442611694337,0.3298367927565692
0.001765324519230868,0.6043294270833334,0.2133434152728237
0.25390625000000006,1.2539062500000002,0.8257398983931948
0.0012415064705740275,0.5209807157516481,0.20128678503044234
0.0461557328701019,0.6538442671298982,0.24242981258772728
0.003053266943598091,0.5184191256944387,0.13329443582727865
0.049999999999999996,0.65,0.239413988657845
0.05000000000000003,0.7500000000000001,0.3261814744801512
0.04615575075149536,0.9538442492485046,0.5258523995348998
0.049987816810607925,0.8500121831893922,0.42297986283870187
0.053857421875,1.053857421875,0.6256910702681947
0.23408837956136608,1.0479534081172386,0.6033210427079118
0.09904258225509377,0.8106594893363149,0.27819982183971936
0.08817884661637772,0.7871434037366598,0.4457960112291367
0.24380215731534102,1.2438021573153413,0.48261985557452874
0.12784183714425223,0.6052113678886012,0.31552922057121807
0.0344376396816459,0.7239798843060128,0.22108246810958548
0.05000000000000003,0.7500000000000001,0.3261814744801512
0.049999999999999996,0.65,0.239413988657845
0.0796064897017046,1.0796064897017048,0.3184241879608923
0.0012415064705740275,0.5209807157516481,0.20128678503044234
0.001765324519230868,0.6043294270833334,0.2133434152728237
0.004513391768113662,0.6384608396690513,0.13874467265626242
1.4787930236601716,2.2414386060772977,1.7907195949695738
0.049999999999999996,0.65,0.239413988657845
0.0461557328701019,0.6538442671298982,0.24242981258772728
0.05000000000000003,0.7500000000000001,0.3261814744801512
0.036730294944368705,0.6186212104830707,0.29154887468326085
0.15366733513777267,0.9343301022247774,0.5898569452155953
0.05000000000000003,0.7500000000000001,0.3261814744801512
0.04615575075149536,0.9538442492485046,0.5258523995348998
0.006323920355902989,0.771453857421875,0.30575577662420717
0.04997558593750002,0.7500244140625001,0.32620468860763235
0.046142578124999986,0.9538574218750001,0.5258655223594046
0.0012695312500000159,0.5737304687500001,0.20592420462796732
0.05000000000000003,1.05,0.6218336483931948
0.0030697269673727757,0.549077512296431,0.07727173249414361
0.07149832589285714,1.0714983258928572,0.47572817425678365
0.009187476035276075,0.5367948379984663,0.08709787193251534
0.0340743064880372,0.965925693511963,0.20492463808225705
0.04998782873153686,0.5500121712684631,0.17665979328137493
0.006671285957308603,0.5369499137556674,0.11940439880310669
0.2687210464137016,1.031471500363703,0.47621409293188727
0.05000000000000003,0.7500000000000001,0.3261814744801512
1.3687349270053288e-05,0.5930954997225169,0.029906584198633842
0.05000000000000003,0.7500000000000001,0.3261814744801512
0.3068348277698865,1.3068348277698867,0.5456525260290741
0.011358304457231,0.8522780591791327,0.09315054282920736
0.001981886369841426,0.5019863675984124,0.0651946642907028
0.10964603747351695,1.1096460374735169,0.181543425207223
0.0019793550646494133,0.5099158630011573,0.05520930521540981
0.001977841768945963,0.501977841768946,0.061813391066319445
0.5291923910884535,1.5291923910884533,0.6010897788221596
0.0019836766379219264,0.5059519306061759,0.058473764013509476
0.0019783268845270877,0.5019899270837268,0.06519771527811509
0.021766299293154507,0.7242654467385915,0.2736498815020802
0.005937185788911436,0.5337453538936282,0.09305075007358264
0.005980875047426524,0.5813777004442519,0.1367481731805577
0.0020354443362783792,0.7480671903680243,0.2966686710963748
0.009971348539231525,0.6687015072693901,0.21995363747722185
0.009006689791962246,1.0090066897919623,0.08090407752566835
0.005991906400710925,0.6250395254483299,0.17804239986259907
0.002255796841834611,0.5456347922756248,0.06275532171503664
0.00593061934387856,0.5694662060529467,0.12563702920460465
0.0020102338185385726,0.6210578528661576,0.1742280244477449
0.0059418233614118,0.5535819861623976,0.11100406815755434
0.01787549919552272,0.6369231182431416,0.18942668203578017
0.002004298898908991,0.6210519179465279,0.17422233889448635
0.017858984333182285,0.6369066033808013,0.1894108610752188
0.005929177242611896,0.6131184418050071,0.16667202710548829
0.005946138311946091,0.5535776712118634,0.1110001158079053
0.01390773530990374,0.5893045607067291,0.14420874754524218
0.005936092800564189,0.5337464468819754,0.09305172365984153
0.0059418233614118,0.5535819861623976,0.11100406815755434
0.0019836057982747257,0.5337296375443065,0.037131821474576436
0.2956678024123593,1.2956678024123591,0.840585769599234
0.005963449203779019,0.5813602746006044,0.13673177238653655
0.0019888565653846803,0.5138841593076312,0.05197464352021685
0.005963003824627568,0.5813598292214529,0.1367313532061587
0.0019855745255000857,0.5496046221445477,0.10736093641011198
0.005938577983114228,0.6131090410645047,0.16666310035190202
0.009949477537283953,0.5853463029341093,0.14048332846512948
0.002004298898908991,0.6210519179465279,0.17422233889448635
0.2325431040928273,0.6171662692584153,0.40739912408162143
0.0019769018131587284,0.6170707172344603,0.1704250281435404
0.011116549246392009,0.988883450753608,0.06089544208779235
0.3172749664823888,1.3172749664823888,0.38917235421609486
0.0019792829241071456,0.517852298797123,0.04875674228024542
0.0059601025921959495,0.5654839121160055,0.12195591716205384
0.0019754388975716615,0.5734213864992537,0.12929307835665305
0.005938577983114228,0.6131090410645047,0.16666310035190202
0.0019831685792832164,0.529760946357061,0.0396498534239593
0.005966052176460501,0.5297755759859842,0.08951464538274014
0.005931067088293438,0.5694657583085319,0.12563661532321277
0.005931067088293438,0.5694657583085319,0.12563661532321277
0.001981938878695132,0.5019863150895587,0.0651946192831139
0.00197906638421708,0.5575447431395923,0.1146338203467495
0.005986061361101081,0.6647162200912597,0.21610230953196966
0.3173021219544492,1.3173021219544492,0.3891995096881553
0.0019600798213291,0.6170875392262899,0.1704410019677148
0.0020134001970292846,0.6210610192446482,0.17423105778512257
0.002016934965338331,0.6607470936954968,0.2122665991495099
0.0019798269347539336,0.5218210967760237,0.04557166010344105
0.08529042389433264,1.0852904238943328,0.15718781162803877
0.06728051628096632,1.0672805162809662,0.13917790401467242
0.0019696823188235717,0.5218398414907002,0.08246239181819151
0.0020000208464881104,0.6091428779893452,0.1628969118855741
0.0019582306581830446,0.5456608169608645,0.103764999146555
0.013916500031002199,0.6329641190786212,0.18563402737397058
0.002011405806693052,0.6607415645368518,0.2122612558449367
0.0019897819748001555,0.5615135914986096,0.11828587289387286
0.029707195503370927,0.7163245505283751,0.2659759061728794
0.009971348539231525,0.6687015072693901,0.21995363747722185
0.0019676658132719233,0.5377148738692676,0.0965866250098666
0.005960991458287461,0.565484800982097,0.12195673880297876
0.002005339851455164,0.5496243874705028,0.10737904078430609
0.001999953436473181,0.5615237629602826,0.11829527508533531
0.00201282945890285,0.6091556866017599,0.16290907468559815
0.0059456627756828365,0.5694511626211425,0.12562312351134022
0.03655397367932029,1.0365539736793203,0.1084513614130264
0.005960991458287461,0.565484800982097,0.12195673880297876
0.009920150514632802,0.5972227066282243,0.15166112017723768
0.001977705766284256,0.5019777057662843,0.06181350649714996
0.0005247350466453436,0.9518057734279309,0.024581933758922453
0.0019831685792832164,0.529760946357061,0.0396498534239593
0.007443963913690388,0.6830322265625001,0.4853689999251979
0.001981505325862235,0.5178545211988781,0.04875494941832535
0.013900901117022111,0.5892977265138474,0.14420231536370656
0.0019817243492792403,0.5218229941905491,0.04557014536075279
0.0019834741713508387,0.5337295059173827,0.03713189779607012
0.0019763446752986743,0.5019919092929552,0.06519941431459658
0.001981985829179242,0.5099184937656871,0.05520716081070902
0.0019583181729391397,0.605184538969918,0.1591546094400082
0.02187019255426214,0.6806003512844206,0.23145252034889002
0.005955541181185985,0.5654793507049954,0.1219517007317085
0.2580197867169556,1.1837542787119362,0.39672955294177525
0.28911081005277706,1.2113829292428395,0.4262505372037404
0.371352227442994,1.2864645092679121,0.505587285068492
0.09421433471867245,0.9952063882118312,0.35869717985760624
0.8084230885922332,1.808423088592233,0.9387731501264872
0.34085043413515714,1.2702075409555746,0.6033499080650675
0.006429036458333027,0.8397623697916666,0.5300864619428429
0.28903794988732995,1.2113569056886597,0.5479739742998032
0.2920790337162428,1.2370513089164656,0.6494019311545238
0.8831313357601035,1.8175049152959726,1.018476697627671
0.010424288610617097,0.5937576219439508,0.33259562556187494
0.17330850867297065,1.0978215898313588,0.31340744134474596
0.013888888888888893,0.875,0.15819783197831977
0.033838021826925815,0.6622516031181462,0.12495374486992564
0.27205251533294394,1.2720525153329438,0.40773285748406063
0.09630640332943927,1.0963064033294392,0.23198674548055598
0.006429036458333519,0.9230957031250002,0.5886044057213818
0.002798728408100452,0.9224349164517126,0.06010292275439497
0.0009341409273236722,0.8943929618764146,0.034793625590957215
0.0019042968749999375,0.7980957031250001,0.5024491189063133
0.0035697187696186396,0.6392874240875244,0.415563749686287
0.43768310546874994,1.4376831054687502,1.0556466816276904
0.006429036458333519,0.9230957031250002,0.5886044057213818
0.0019042968750000605,0.6230957031250001,0.4077849155654191
0.00476358618055091,0.5404778718948364,0.37508406274953343
0.006429036458333437,0.7564290364583335,0.4761685612968281
0.006429036458333519,0.6730957031250001,0.4322650505132337
0.00476358618055091,0.5404778718948364,0.37508406274953343
0.0011907276653107541,0.5726192990938823,0.386658903971718
0.0011907276653107541,0.5726192990938823,0.386658903971718
0.00476358618055091,0.5404778718948364,0.37508406274953343
0.00476358618055091,0.5404778718948364,0.37508406274953343
0.00476358618055091,0.5404778718948364,0.37508406274953343
0.0026970133998178436,0.6354242861270905,0.32311393394182797
0.0011907276653107541,0.5726192990938823,0.386658903971718
0.00476358618055091,0.5404778718948364,0.37508406274953343
0.00476358618055091,0.5404778718948364,0.37508406274953343
0.00476358618055091,0.5404778718948364,0.37508406274953343
0.0026970133998178436,0.6354242861270905,0.32311393394182797
0.01018880208333355,0.8231445312500001,0.5188675424936421
0.01018880208333355,0.8231445312500001,0.5188675424936421
0.002981360753377459,0.607148027420044,0.4007021874389081
0.006429036458333437,0.7564290364583335,0.4761685612968281
0.006429036458333519,0.9230957031250002,0.5886044057213818
0.006429036458333519,0.6730957031250001,0.4322650505132337
0.006561222254672898,0.9878696334696261,0.12365277533710199
0.0009322977511682236,0.9149555527161215,0.05307515091626406
7.816297667109253e-06,0.6142935305833818,0.4038540823482032
0.0009710721073785177,0.6135103368945786,0.04002822177008085
0.0026970133998178436,0.6354242861270905,0.32311393394182797
0.481332140771028,1.481332140771028,0.6170124829221447
0.00880998883928546,0.723095703125,0.4580563145787915
7.6293945311818825e-06,0.7500076293945312,0.30982996070264135
0.00357835974012124,0.5392926454544068,0.37466517450072406
0.006429036458333519,0.6730957031250001,0.4322650505132337
2.4071932267438517e-05,0.5771947566699609,0.02577205242165464
0.07739784470041296,0.8721672010810515,0.37207249629709666
0.0019042968749999375,0.7980957031250001,0.5024491189063133
0.01648351648351614,0.7307692307692306,0.46207177698988205
0.00476358618055091,0.5404778718948364,0.37508406274953343
0.006429036458333519,0.6730957031250001,0.4322650505132337
0.0007215409265088176,0.6813573790767978,0.058990627653779305
2.8525390625000004,3.8525390625,3.144846754807692
0.021126760563380267,0.6830985915492958,0.19212147887323944
0.0007223749608662558,0.6828032998163576,0.057928471781687196
5.3883625384418214e-05,0.5955381204750769,0.025326194382246512
0.07317915646166186,0.7948523205705004,0.3953616025431612
0.4080765318440414,0.9010214035842571,0.5631462663460659
0.00559782122640123,0.5839990148982359,0.06923328460753436
5.146822887833347e-05,0.6040489930730182,0.02247056017009815
0.0958767887693006,0.7895761561140593,0.333778322831697
0.000722524015545153,0.6856936222814412,0.05600158178783124
0.03239302524035955,0.4457735179173208,0.10446402232263995
0.02141566097195204,0.8385362835400454,0.1605932073704969
0.006531287152155089,0.5823423069945539,0.0705137825306702
0.04544348066503351,0.5909201556986029,0.1551912440554734
0.0010144511838255023,0.5712861067450762,0.041269968807150545
0.008267093391685333,0.6549781865813883,0.10161589182470389
0.006539323655041674,0.5025515854358673,0.2704852036375529
0.1505659703570242,0.6338684418422029,0.34190396364298664
0.0006518434421179968,0.53759765625,0.2747782935010163
0.06564251142535922,0.5773430105696059,0.23212631027205718
0.0003557870963608412,0.5909247261019991,0.027719402848229914
0.022688451138409754,0.9545842761343174,0.2489874815190588
0.5522357224198202,1.079416701296106,0.8108732102481961
0.39227849356894723,1.2829947702749014,0.8128169762305157
0.004475074515606696,0.6671238712866512,0.11732449138586944
0.008631607348268629,0.7413683926517314,0.3712419749218201
0.00405273437500006,0.7459472656249999,0.374464144791898
0.004077148437500024,0.6959228515625001,0.34009289086498007
0.004758522727272666,0.7297585227272726,0.2860113823609588
0.12238700655157798,0.6849544554597664,0.18988088750198714
0.260709240371406,1.2526480652018002,0.7374564121273399
0.00405273437500006,0.7459472656249999,0.374464144791898
0.0010840646757937428,0.5987424441092832,0.06786432683456776
0.045387961647727286,0.9546120383522728,0.4864496575578195
0.0007181060796528089,0.6538972968310979,0.08165574844955573
0.045454545454545414,0.7727272727272726,0.30696836203444133
0.002051990806010762,0.5459116399288177,0.27635742536321417
0.000577799479166473,0.6160888671875,0.26978381332098034
0.14789653133157182,0.8012267761333346,0.30896081348070575
0.004077148437500024,0.6959228515625001,0.34009289086498007
0.03520268789479432,0.7816987205559098,0.28345874770426416
0.03409643606706101,0.8750055269761519,0.17430588615524184
0.09148740096830982,0.9085125990316901,0.4052096084809639
0.04544348066503351,0.5909201556986029,0.1551912440554734
0.00012245783730143717,0.5570203993055556,0.27886440669461177
0.07149832589285715,1.071498325892857,0.48879155897556376
3.7931882492304925,4.6613758523016875,4.178759426164309
0.7660352857971514,1.441681483987707,0.9513563545260411
0.04333200418711448,0.4908478264716047,0.16288269988658255
0.016672770182291664,0.8833394368489583,0.2178803227373943
0.2142857142857142,1.2142857142857142,0.6315789473684208
0.08149457782757585,0.7915646096503952,0.3239912858345565
0.004054167380995024,0.7947986341818001,0.09809894031157095
0.016695048411687233,0.8833617150783538,0.21790195522101027
0.11671549479166665,1.1167154947916667,0.4488410986564009
0.9287458147321427,1.9287458147321426,1.3460390478148492
2.3466411267862965,2.9934767402908666,2.6102492282634557
0.23392882377405327,0.7806704800007902,0.3902604369496526
0.016666666666666656,0.8166666666666668,0.15410628019323672
0.07142857142857147,0.7857142857142858,0.23308270676691734
4.347936722842904,5.205277183287367,4.725550142893781
0.01562500000000001,0.796875,0.0834441489361702
0.2142857142857142,1.2142857142857142,0.6315789473684208
4.459223716196288,4.972510082149055,4.671258207999138
2.9762021178082434,3.73841821817563,3.5011042312506535
1.0061616855850681,1.3896797203356916,1.1540720217172895
0.9201568238402674,1.3880267434465507,1.1103192657657979
0.19038623460993934,0.8068181696499412,0.38715406080227144
0.9281367667998015,1.4316234720619736,1.1426963645987194
0.218433145253878,0.8287970473649543,0.4023417980582112
0.025590422427908557,0.6245634647899112,0.26917078903776515
7.089922040792273e-05,0.6674606657848975,0.01057009236471351
0.642501749785407,1.41715809677838,0.8637380424549846
0.974982051215445,1.3478737552483384,1.1426286174470675
0.7501854801603834,1.6377609342130468,0.934798383233132
0.7835530598958332,1.7835530598958331,1.1156786637605676
0.4700825694864728,1.174063449852314,0.7575194693922089
2.6133615074347296,3.3777177124399267,3.139601328723467
0.6105627738875387,1.2091474457221922,0.8020564229212683
3.1966359423704107,3.8721689063621754,3.5255248508209527
0.9287458147321427,1.9287458147321426,1.3460390478148492
1.410343111384522,2.1140212433731267,1.6878412100771054
0.21430311884198866,1.2143031188419886,0.6315963519246952
0.2132168295755623,0.839330484207218,0.40312293851102904
1.644292240574524,2.348665281106813,1.9240873163260916
5.674688238529258,6.365774697285994,6.008389542360087
1.0866048061997928,1.7803690553470906,1.371079477054474
1.0683160442394417,1.5424302041305522,1.2612954802143552
0.5000697544642856,1.5000697544642856,0.9173629875469922
0.03558765650518384,0.5553488981358061,0.21111717893848775
1.5714035739628325,2.2497943456922784,1.7287600812676847
0.2500528534253437,1.2500528534253437,0.5821784572900779
0.07141114132744926,0.7857317158154079,0.23309402104308424
0.0010601793736786456,0.8002083195692389,0.04156404580319951
0.004995055683800044,0.6057863488661505,0.3541436371826555
0.005195522308349664,0.7301955223083496,0.3619051517446978
0.02520812882317402,0.802985906600952,0.375648338657711
0.009887695312499984,0.8536376953125,0.38749613237690034
0.5986542106133644,1.041508680732501,0.8336179946407417
0.0036690872884079977,0.7350992668645614,0.3625201976720871
0.4615948967973775,1.196454881935758,0.7228967044358066
0.052310048211036825,0.6197121907506808,0.24387490161248607
0.02552137409640537,0.7330871591423221,0.12367999449961936
0.004089626736110937,0.5874229600694444,0.35420041249946665
0.04493168969849247,1.0449316896984926,0.0988806799326823
0.09799751467787463,0.5592874983759364,0.2680162867733734
0.011369564541815907,0.7456780523255404,0.18641171633425282
0.04408876036301348,0.6640763881354782,0.2153956288769953
0.004166666666666557,0.8375,0.3832168851576207
0.009369563616940961,0.7436973467410942,0.1916492327996507
0.30333693289467284,0.6774643160636564,0.45592469738615465
0.009887695312499984,0.8536376953125,0.38749613237690034
0.01828582189626057,0.7723161819704598,0.23977645025398048
0.0372692411414749,0.7207502846604777,0.21655068142588116
0.00415678159274513,0.5754036009311676,0.3545360103868918
0.01568335756525296,0.632064390182495,0.3543770067168298
3.814697265633646e-06,0.6250038146972656,0.3478079286696022
0.0041870117187500205,0.60418701171875,0.34090345028731084
0.0018939393939390009,0.6875,0.3734287381387304
0.0018939393939390009,0.6875,0.3734287381387304
0.004187011718749911,0.6041870117187499,0.34090345028731084
0.00416666666666652,0.5625,0.3279944342879677
0.00416666666666652,0.5625,0.3279944342879677
0.001148570667613537,0.6375122070312501,0.35246141395413816
0.02083333333333347,0.7708333333333335,0.41910621112293667
0.048611111111110966,0.9375,0.5526612125083619
0.012463378906250027,0.7875366210937501,0.431227549622391
0.0038524761795997744,0.5538524761795998,0.32551447109757864
0.43506543730655167,1.1991619456888263,0.5484515522960887
0.0018939393939390009,0.6875,0.3734287381387304
0.0018939393939390009,0.6875,0.3734287381387304
0.0018939393939390009,0.6875,0.3734287381387304
0.048611111111110966,0.9375,0.5526612125083619
0.0018939393939390009,0.6875,0.3734287381387304
0.048611111111110966,0.9375,0.5526612125083619
0.0018939393939390009,0.6875,0.3734287381387304
0.048611111111110966,0.9375,0.5526612125083619
0.0018939393939390009,0.6875,0.3734287381387304
3.814697265633646e-06,0.6250038146972656,0.3478079286696022
0.00416666666666652,0.7041666666666665,0.3813048811146239
0.005287388392857231,0.7947126116071429,0.4364350639351025
0.006944444444444466,0.8819444444444446,0.5060070146696255
0.005287388392857231,0.7947126116071429,0.4364350639351025
6.103515624999332e-05,0.8125610351562499,0.44970156721512794
0.048611111111110966,0.9375,0.5526612125083619
0.0013804316520691499,0.7986195683479309,0.43927028690659714
0.5120061427246523,0.9938963662132413,0.6668944156551404
0.004166666666666592,0.8375,0.46906464836316936
0.004166666666666592,0.8375,0.46906464836316936
0.0041910807291664015,0.7375244140625,0.3977344086954117
0.027441922774383783,0.6039938733019761,0.10961290410704444
0.0236202395624583,0.9125091284513474,0.5316589089874243
0.048611111111110966,0.9375,0.5526612125083619
3.814697265633646e-06,0.6250038146972656,0.3478079286696022
0.0011363636363634876,0.6375000000000001,0.3524568172914979
0.010271661931818037,0.710271661931818,0.3843040932523667
0.0018205915178572988,0.6518205915178573,0.3579628682448437
0.0018939393939390009,0.6875,0.3734287381387304
0.005287388392857231,0.7947126116071429,0.4364350639351025
0.0011363636363634876,0.6375000000000001,0.3524568172914979
0.004187011718749911,0.6041870117187499,0.34090345028731084
0.048611111111110966,0.9375,0.5526612125083619
0.0018939393939390009,0.6875,0.3734287381387304
0.0018939393939390009,0.6875,0.3734287381387304
0.048611111111110966,0.9375,0.5526612125083619
0.0018939393939390009,0.6875,0.3734287381387304
0.048611111111110966,0.9375,0.5526612125083619
0.048611111111110966,0.9375,0.5526612125083619
0.048611111111110966,0.9375,0.5526612125083619
0.048611111111110966,0.9375,0.5526612125083619
0.048611111111110966,0.9375,0.5526612125083619
0.0041910807291664015,0.7375244140625,0.3977344086954117
0.048611111111110966,0.9375,0.5526612125083619
0.012940421937004107,0.9018293108258931,0.5226836009081772
0.001385860972934385,0.8875030279159546,0.5106507190660241
0.004115804036458675,0.7292175292968749,0.3936116640027812
0.048611111111110966,0.9375,0.5526612125083619
0.048611111111110966,0.9375,0.5526612125083619
6.103515624999332e-05,0.8125610351562499,0.44970156721512794
0.048611111111110966,0.9375,0.5526612125083619
0.048611111111110966,0.9375,0.5526612125083619
0.0018939393939390009,0.6875,0.3734287381387304
0.0018939393939390009,0.6875,0.3734287381387304
0.002969657381375694,0.5803636759519578,0.33325706349992884
0.048611111111110966,0.9375,0.5526612125083619
0.02083333333333347,0.7708333333333335,0.41910621112293667
0.048611111111110966,0.9375,0.5526612125083619
0.048611111111110966,0.9375,0.5526612125083619
0.048611111111110966,0.9375,0.5526612125083619
0.048611111111110966,0.9375,0.5526612125083619
0.048611111111110966,0.9375,0.5526612125083619
0.048611111111110966,0.9375,0.5526612125083619
0.048611111111110966,0.9375,0.5526612125083619
0.0041910807291664015,0.7375244140625,0.3977344086954117
0.048611111111110966,0.9375,0.5526612125083619
6.103515624999332e-05,0.8125610351562499,0.44970156721512794
0.0018939393939390009,0.6875,0.3734287381387304
0.0018939393939390009,0.6875,0.3734287381387304
0.02083333333333347,0.7708333333333335,0.41910621112293667
6.103515624999332e-05,0.8125610351562499,0.44970156721512794
0.02083333333333347,0.7708333333333335,0.41910621112293667
0.001148570667613537,0.6375122070312501,0.35246141395413816
0.00416666666666652,0.5625,0.3279944342879677
0.0018939393939390009,0.6875,0.3734287381387304
0.0018939393939390009,0.6875,0.3734287381387304
0.004172754287719752,0.5541727542877197,0.32560632142783746
0.004166666666666592,0.6041666666666665,0.34089670242714354
0.004166666666666592,0.6041666666666665,0.34089670242714354
0.001148570667613537,0.6375122070312501,0.35246141395413816
0.0018939393939390009,0.6875,0.3734287381387304
0.00416666666666652,0.5625,0.3279944342879677
0.0017857142857145,0.5375,0.32090798374765184
0.048611111111110966,0.9375,0.5526612125083619
0.048611111111110966,0.9375,0.5526612125083619
0.02083333333333347,0.7708333333333335,0.41910621112293667
0.0018939393939390009,0.6875,0.3734287381387304
0.048611111111110966,0.9375,0.5526612125083619
0.0018939393939390009,0.6875,0.3734287381387304
0.02083333333333347,0.7708333333333335,0.41910621112293667
0.005287388392857231,0.7947126116071429,0.4364350639351025
0.0018939393939390009,0.6875,0.3734287381387304
0.005483427457511414,0.5851709274575113,0.10679703090782991
0.0018939393939390009,0.6875,0.3734287381387304
0.02083333333333347,0.7708333333333335,0.41910621112293667
0.0008433948863635703,0.6372070312500001,0.3523464973881313
0.0018939393939390009,0.6875,0.3734287381387304
0.02083333333333347,0.7708333333333335,0.41910621112293667
0.0018939393939390009,0.6875,0.3734287381387304
0.003857421874999991,0.603857421875,0.3407941349526008
0.003857421874999991,0.603857421875,0.3407941349526008
1.5258789062462077e-05,0.7500152587890625,0.40399883034392703
0.005287388392857231,0.7947126116071429,0.4364350639351025
0.048611111111110966,0.9375,0.5526612125083619
6.103515624999332e-05,0.8125610351562499,0.44970156721512794
0.02083333333333347,0.7708333333333335,0.41910621112293667
0.10000000000000003,0.6999999999999998,0.32388059701492533
0.048611111111110966,0.9375,0.5526612125083619
0.048611111111110966,0.9375,0.5526612125083619
0.004187011718749911,0.6041870117187499,0.34090345028731084
0.02083333333333347,0.7708333333333335,0.41910621112293667
0.02083333333333347,0.7708333333333335,0.41910621112293667
0.048611111111110966,0.9375,0.5526612125083619
6.103515624999332e-05,0.8125610351562499,0.44970156721512794
6.103515624999332e-05,0.8125610351562499,0.44970156721512794
6.103515624999332e-05,0.8125610351562499,0.44970156721512794
0.048611111111110966,0.9375,0.5526612125083619
0.02083333333333347,0.7708333333333335,0.41910621112293667
0.0018939393939390009,0.6875,0.3734287381387304
0.0018939393939390009,0.6875,0.3734287381387304
0.048611111111110966,0.9375,0.5526612125083619
0.02174441969912982,0.7608748544817385,0.3088507752815286
0.025868330992373078,0.7119419220496623,0.12451744703274772
0.0044824834640821995,0.8978834986925084,0.1177988838032824
0.007661262444690273,0.7389619327113414,0.1511222974793946
0.12496949732303618,0.6250305026769638,0.3125
0.005365761198831108,0.6501470509696149,0.08388211207904465
0.00441530724603236,0.6576058224543628,0.08019042736439784
0.001368716792505493,0.6523754282019014,0.08500711811666464
0.027092980551840288,1.02709298055184,0.2445278198612528
0.02174441969912982,0.7608748544817385,0.3088507752815286
0.019350674633209115,0.7054242656904984,0.11809993392109976
0.23916227921195654,1.2391622792119565,0.514006999708851
0.0007200272182114493,0.6867936182755007,0.09975554485306747
0.007200613319457383,0.7394225818365743,0.15157586876915657
0.02173913043478259,0.6304347826086956,0.183095952023988
0.003955337081123503,0.605213139681208,0.1292135503029576
0.006280633117300878,0.7403425620387308,0.1524817135520738
0.0002180502226382078,0.6893792652136034,0.05341376119286416
0.01904296875000001,0.5896526834239131,0.14592398624906291
0.00116032897787534,0.6178429313854222,0.03359407086469622
0.05749928461232176,1.0574992846123217,0.2749341239217342
0.017818642953527187,0.9230639898232396,0.14192523322539075
0.00023158172923684617,0.6061959916289373,0.023079233028472968
0.00023288309268747084,0.6075919888216116,0.024312577416482635
0.021739130434782615,0.5869565217391305,0.14355322338830584
0.00630785689333954,0.6923814479506288,0.10525751799029345
0.0007010099218232575,0.6360060867732438,0.05049731758747221
0.006287677958781194,0.6797859130985081,0.09287161409098067
0.056798634795367696,1.0567986347953675,0.27423347410478016
0.009304470486111025,0.6759711371527777,0.33333646509688086
0.12496949732303618,0.6250305026769638,0.3125
0.3332032357064829,1.0989265716175578,0.6438856733508402
0.10167285171795983,0.9213159169645587,0.28654549962643744
0.00022732239853353236,0.6318173911552625,0.04653860053541371
0.1251220703125,1.1251220703125002,0.6459554036458334
0.02173913043478259,0.6304347826086956,0.183095952023988
0.0019214467980983286,0.5853268753495525,0.14818950952197874
0.00036703020134228303,0.9996329697986576,0.7256901932449131
0.009200484664352028,0.9630217375578701,0.40835017870864637
6.9282751465121e-05,0.8263524186792711,0.058508288872163056
0.10397167974763534,0.926726062267195,0.282277617052175
0.004292048791183433,0.5915403709388344,0.1422459942599069
0.015343038467579874,0.5228480769047437,0.20882964602969642
0.37505642397544764,0.9691113357549516,0.5542539667594705
0.005670944316275166,0.6164091993498322,0.11861882103734979
0.24748040804897112,1.1352313647359693,0.7715315757325903
0.3261931046195651,1.326193104619565,0.871545428457646
0.003288747804086138,0.5414798631764096,0.19063749757097248
0.000844522532347794,0.7083468967013887,0.2275612324489612
0.23913043478260862,1.2391304347826084,0.7844827586206895
0.11734293877945132,0.6992118710639492,0.42762934330971963
0.1844900291578693,0.7372824361306042,0.5190061057188186
0.00023146585136665825,0.6020042118384331,0.01944441403155893
0.021781589673913006,1.0217815896739129,0.5671339135119939
0.30728320932716263,0.7818340583232989,0.6126076158969629
0.18531494124740852,0.8405525254664042,0.458047968450043
0.16194290825955854,1.0885722189074525,0.6920480655432626
0.11128485333552492,0.9342964890327965,0.28714479179830277
0.6613292120394337,1.2479970727849605,0.8304617182285557
0.0007109924419680533,0.8467346811052504,0.07386570333364743
0.19875132129882145,1.1987513212988212,0.41618616060823393
0.021733838578929087,0.7173965962036796,0.2663095028235994
0.10871688179347824,1.108716881793478,0.6540692056315591
0.1755671394129411,0.4830035222678466,0.2903331307177113
0.12778048386718124,0.8550059074271656,0.3510375717068455
0.06512185801630431,0.9348781419836955,0.48079186114950323
0.02173913043478259,0.6304347826086956,0.183095952023988
0.12804050038207815,0.6060715559648364,0.2822375892998195
0.005671490492170129,0.6164097455257271,0.11861830571885001
0.12496949732303618,0.6250305026769638,0.3125
0.007349353064508947,0.6985329998766676,0.03930308658236993
0.5138539339320071,1.1721037009796569,0.8302281113559358
0.021728515625000003,0.6304453974184782,0.1831059262849044
0.511989947939027,1.1013471981256542,0.865460603395708
5.581748801538533e-06,0.7266428283708117,0.033081615111498645
0.021739130434782615,0.8043478260869563,0.35157421289355323
0.0008303876342267386,0.7752890153508478,0.04046051082158267
0.0008274492735095903,0.763679853916959,0.05138095600079853
7.15595456083373e-05,0.7153529224779781,0.03685568850956581
0.07664985748804645,0.9233501425119536,0.4660952412600644
0.002482147596368757,0.7703096766179277,0.04513382145103534
0.054011672483079184,1.054011672483079,0.27144651179249163
0.014100072553897199,0.6094488495024876,0.20167543287851994
0.23913043478260862,1.2391304347826084,0.7844827586206895
0.021733825621397595,0.500005304813385,0.08189833523898289
0.07672687009065442,0.84074728600997,0.3135449069610231
0.003586313468498009,0.5404990651463503,0.2707654759071414
0.28054037797909276,0.6438612712367918,0.39914720750770194
0.19581139605978254,1.1958113960597825,0.7411637198978634
0.2827042289402174,1.2827042289402173,0.8280565527782983
0.12496949732303618,0.6250305026769638,0.3125
0.0002652935622609979,0.7168946746211724,0.036147733996206084
0.20998821278481294,0.5249650235629312,0.33562355455363846
0.00023112310383782686,0.6318135904499581,0.04653503342019214
0.00026787401731525977,0.6833371116010934,0.05812478653902398
0.025948036513263086,0.5122430788590604,0.2191949831025958
0.00671977180605353,0.5676349581913556,0.11271738358997678
0.02002505114681255,0.7965297586965879,0.523847593793967
0.3261931046195651,1.326193104619565,0.871545428457646
0.02172325486722199,0.5434941364371259,0.10683445388945502
0.02946072776845637,0.5074520239093959,0.23844499880283848
0.03032379527683176,0.5806593657466302,0.31041641432366995
0.016431403882575978,0.6830980705492427,0.3373664044938023
0.037329546926824116,0.5862193751295607,0.22459620991758736
0.09580248393014748,1.0958024839301472,0.31323732323955994
0.05032319048284866,0.6006587609526473,0.33018982766295213
0.021845278532608665,1.0218452785326086,0.5671976023706895
0.021675441576087005,0.9783245584239129,0.5238637395169602
0.02173913043478266,0.9782608695652173,0.5238005997001498
0.0011558870298672532,0.6429987473436772,0.05714738867229315
0.0036800082478007047,0.6268185254765394,0.09195294368797469
0.05555555555555555,0.5,0.15356220007382798
0.0036554522178738973,0.6605469478190469,0.062322269385272765
0.0007302649209925798,0.6884135493784704,0.03926958072086196
0.03283046214323468,0.6289031530787526,0.28843726601039466
0.003212023487050749,0.7663440018829281,0.1871288364463782
0.009502386693974645,0.9799040780258984,0.12568294487126247
0.013751878798890064,0.85516989709963,0.14029507957219622
116.71627323891566,116.9781073830292,116.84490474513207
0.34881115570816146,1.3488111557081617,0.44689565347370325
0.11440686677631577,0.6145405016447367,0.351756955866228
27.217431096199093,27.479118563940848,27.345128954220986
0.16190084896934467,1.1619008489693448,1.0193457296700392
0.049653970665961944,0.8192099960359407,0.15913121822460483
0.07140265123405924,1.0714026512340593,0.16948714899960102
0.22087087490089846,0.7791291250991015,0.6576093272189294
0.1447666160147991,0.8552333839852009,0.7264655614492097
0.12582997489429174,0.5359036403276956,0.37257968230897004
0.0010694701374207188,0.9608755615750527,0.11310487296134099
0.03488243268861831,1.0348824326886183,0.1774375519879237
0.009453868261099363,0.7790098936310782,0.18018841472239
0.14909766037922828,0.512635954842759,0.3936313977477222
0.0010570824524312765,0.9693446088794927,0.11723547770059398
0.024948601973684117,0.9750513980263159,0.7066140693530703
1.0204692511202398,2.02046925112024,1.1185537488857815
1.5003192608173077,2.500319260817308,1.9297442048053588
0.026424225490642658,1.0264242254906426,0.16897934478994797
0.017964724002378432,0.914370643664112,0.11824357472408889
0.12363307016820617,1.1236330701682062,0.22171756793374794
0.0465085370344037,1.0465085370344036,0.18906365633370908
0.0010570824524312888,0.9672304439746301,0.11582603443068558
0.0327659429505814,1.0327659429505813,0.17532106224988675
0.0008424709456336548,0.9586663579563351,0.05998161524798006
0.5156877009409413,1.5156877009409413,0.613772198706483
0.005276121498414368,1.0052761214984143,0.1478312407977197
0.005289277869097521,0.9883682274163148,0.13253487533017086
0.5405040820369772,1.5405040820369773,0.6385885798025188
0.0750353049022199,0.9249646950977801,0.7895557953129719
0.041271121002906974,0.8276506548956131,0.15470992072668127
0.06448179080168744,1.0644817908016873,0.20703691010099276
0.90849686675462,1.90849686675462,1.0065813645201618
0.02012792349365751,0.6416056917283297,0.27694449294649154
0.001360485263773023,0.6175584336551457,0.07494903014513873
0.05813927731100652,1.0581392773110065,0.20069439661031185
0.013741300927660193,1.0137413009276601,0.15629642022696552
0.4504271626472496,1.4504271626472494,1.1951890674091543
0.009308040142059326,0.7016157324497517,0.17128402689128241
1.807917668269231,2.807917668269231,2.2373426122572817
0.026656415965983088,0.6162855552888343,0.19244286758336776
0.0007150696985649099,0.6226615536780583,0.0773325698164224
2.0273064373353096,3.0273064373353096,2.36170803260647
0.12718049081963323,0.989573018242259,0.37211378234896714
0.000678302428153838,0.7846045211369812,0.12009691443041054
0.027479702135821668,0.6130764779222073,0.19947345942049868
0.001863171651667558,0.5926519487824246,0.07521957320662438
0.0026342257052385234,0.7812919930035889,0.11683305525811134
0.6043053065602867,1.6300342921363584,0.9536238619781064
0.00460401291275528,0.7595593599462698,0.09546775850200187
0.0002636563658020096,0.5381164389227103,0.0271738494366442
0.0006484683794466394,0.7174015974967062,0.05452470133176654
0.7941176470588236,1.7941176470588236,1.0411764705882351
0.14708754595588236,1.1470875459558825,0.3941463694852942
