feature,value,importance,min,max,rule,importance_ratio
Del_lines,4.0,0.44206893635651323,0.0,199.0,2.5289990112893617 < Del_lines <= 26.52313278361831,0.5599981894238543
RatioCommentToCode,0.21,0.052812622793136796,0.0,8.67,0.04589779381846659 < RatioCommentToCode <= 0.2189207198053974,0.06690126971289924
CountClassCoupled,8.0,0.04700100275436725,0.0,71.0,5.496626413283925 < CountClassCoupled <= 11.47998037051897,0.05953930321474725
MAJOR_LINE,3.0,0.043172252020867205,0.0,4.0,MAJOR_LINE > 2.4984912888350683,0.05468916944107232
OWN_LINE,0.420886075949367,0.02823009808990935,0.303571428571429,1.0,OWN_LINE <= 0.47395269908992665,0.03576094703215652
