feature,value,importance,min,max,rule,importance_ratio
Del_lines,27.0,0.19055457319770772,0.0,199.0,Del_lines > 26.52313278361831,0.28045065127008956
CountLineComment,125.0,0.16991561531282498,0.0,1043.0,115.41967126776413 < CountLineComment <= 699.3640439784572,0.25007505291409615
CountClassCoupled,6.0,0.05028911944811923,0.0,71.0,5.496626413283925 < CountClassCoupled <= 11.47998037051897,0.07401352832603665
CountClassBase,5.0,0.03939281579539839,0.0,9.0,3.4992238937748814 < CountClassBase <= 7.500128201020353,0.05797678145315196
OWN_LINE,0.681818181818182,0.03923092861532245,0.303571428571429,1.0,0.5955472712676014 < OWN_LINE <= 0.7450487944368737,0.05773852233229911
