feature,value,importance,min,max,rule,importance_ratio
Del_lines,169.0,0.1912618139404577,0.0,199.0,Del_lines > 26.52313278361831,0.31704537249059794
RatioCommentToCode,0.14,0.05569833695865018,0.0,8.67,0.04589779381846659 < RatioCommentToCode <= 0.2189207198053974,0.09232841425241074
CountLineComment,21.0,-0.05467671955631451,0.0,1043.0,CountLineComment <= 28.48796808168277,0.09063492895498892
CountClassCoupled,10.0,0.05152783930498005,0.0,71.0,5.496626413283925 < CountClassCoupled <= 11.47998037051897,0.08541518387548541
CountDeclMethodDefault,0.0,-0.03929229611186522,0.0,45.0,CountDeclMethodDefault <= 9.512909076575847,0.06513292120441432
