feature,value,importance,min,max,rule,importance_ratio
Del_lines,17.0,0.4330694403034891,0.0,199.0,2.5289990112893617 < Del_lines <= 26.52313278361831,0.5252839394408216
CountLineComment,182.0,0.16167085808101042,0.0,1043.0,115.41967126776413 < CountLineComment <= 699.3640439784572,0.19609581587206476
CountClassCoupled,9.0,0.046437056612449776,0.0,71.0,5.496626413283925 < CountClassCoupled <= 11.47998037051897,0.05632500879380924
RatioCommentToCode,1.3,-0.028153867492988368,0.0,8.67,1.0346002280294992 < RatioCommentToCode <= 4.4703411869128375,0.03414873701743547
CountDeclMethodDefault,0.0,-0.02294248560369919,0.0,45.0,CountDeclMethodDefault <= 9.512909076575847,0.027827683269523815
