feature,value,importance,min,max,rule,importance_ratio
Del_lines,92.0,0.18990831765684418,0.0,199.0,Del_lines > 26.52313278361831,0.31340062523064516
RatioCommentToCode,0.09,0.05727873130110401,0.0,8.67,0.04589779381846659 < RatioCommentToCode <= 0.2189207198053974,0.0945255606688124
CountLineComment,22.0,-0.054936677152856196,0.0,1043.0,CountLineComment <= 28.48796808168277,0.09066053125124261
CountClassCoupled,11.0,0.05134030348468315,0.0,71.0,5.496626413283925 < CountClassCoupled <= 11.47998037051897,0.08472553182586151
CountDeclClass,8.0,-0.040423097807464795,1.0,30.0,3.5064764491415046 < CountDeclClass <= 16.00256951536461,0.0667091588347943
