feature,value,importance,min,max,rule,importance_ratio
Del_lines,0.0,-0.31419666778919236,0.0,199.0,Del_lines <= 0.46980096366411606,0.38216154954543463
CountLineComment,189.0,0.15317388245826252,0.0,1043.0,115.41967126776413 < CountLineComment <= 699.3640439784572,0.18630741274893117
CountDeclMethodDefault,32.0,0.09681036735475859,0.0,45.0,30.50477261693071 < CountDeclMethodDefault <= 33.498264743897536,0.11775172620602159
CountClassCoupled,6.0,0.042843995022721626,0.0,71.0,5.496626413283925 < CountClassCoupled <= 11.47998037051897,0.05211171602108057
OWN_LINE,0.715277777777778,0.04238519194997091,0.303571428571429,1.0,0.5955472712676014 < OWN_LINE <= 0.7450487944368737,0.05155366779462305
