feature,value,importance,min,max,rule,importance_ratio
Del_lines,18.0,0.4393337605299903,0.0,199.0,2.5289990112893617 < Del_lines <= 26.52313278361831,0.42832919957723026
CountClassCoupled,42.0,0.17096532691790614,0.0,71.0,CountClassCoupled > 29.979533932174256,0.1666829372408483
CountDeclInstanceVariable,19.0,0.10230823122905067,0.0,146.0,15.513666320810996 < CountDeclInstanceVariable <= 21.48866785028532,0.09974558463168702
RatioCommentToCode,0.06,0.049871957633347175,0.0,8.67,0.04589779381846659 < RatioCommentToCode <= 0.2189207198053974,0.04862275020401698
MAJOR_LINE,3.0,0.04075830394206618,0.0,4.0,MAJOR_LINE > 2.4984912888350683,0.03973737798472453
