feature,value,importance,min,max,rule,importance_ratio
Del_lines,0.0,-0.31779261755381,0.0,199.0,Del_lines <= 0.46980096366411606,0.4042663435892941
CountDeclMethodPrivate,3.0,0.15385072552329854,0.0,45.0,2.5013623156651215 < CountDeclMethodPrivate <= 3.506738395921374,0.19571464795066418
CountClassCoupled,26.0,0.09057323696193012,0.0,71.0,13.494783233669544 < CountClassCoupled <= 29.979533932174256,0.11521888587435881
RatioCommentToCode,0.14,0.05280768512207473,0.0,8.67,0.04589779381846659 < RatioCommentToCode <= 0.2189207198053974,0.06717704754139268
AvgEssential,2.0,0.02348717153160892,0.0,4.0,1.4996372156384044 < AvgEssential <= 2.500984731951929,0.029878204942033786
