feature,value,importance,min,max,rule,importance_ratio
Del_lines,17.0,0.4353240384874306,0.0,199.0,2.5289990112893617 < Del_lines <= 26.52313278361831,0.43577513435725884
CountDeclMethodPrivate,3.0,0.1337795494598479,0.0,45.0,2.5013623156651215 < CountDeclMethodPrivate <= 3.506738395921374,0.13391817585511542
CountClassCoupled,26.0,0.1049531329516185,0.0,71.0,13.494783233669544 < CountClassCoupled <= 29.979533932174256,0.10506188854656452
CountLineComment,96.0,0.08902151647547332,0.0,1043.0,62.623453625955555 < CountLineComment <= 100.40005762828412,0.08911376324996219
PercentLackOfCohesion,90.0,-0.02971761858740743,0.0,100.0,87.34091357357666 < PercentLackOfCohesion <= 98.81412948487389,0.02974841287814425
