feature,value,importance,min,max,rule,importance_ratio
Del_lines,0.0,-0.31666270630580984,0.0,199.0,Del_lines <= 0.46980096366411606,0.45780698851869445
CountClassCoupled,23.0,0.08935364607640031,0.0,71.0,13.494783233669544 < CountClassCoupled <= 29.979533932174256,0.1291807428181876
RatioCommentToCode,0.13,0.05240248810646029,0.0,8.67,0.04589779381846659 < RatioCommentToCode <= 0.2189207198053974,0.07575955359813438
CountInput_Mean,2.83333333333333,0.02503376111824915,0.0,53.0,0.4907821800349863 < CountInput_Mean <= 3.058906243303005,0.036191918279679526
AvgEssential,1.0,-0.023181211822206987,0.0,4.0,0.5014991464925511 < AvgEssential <= 1.4996372156384044,0.03351364263365367
