feature,value,importance,min,max,rule,importance_ratio
Del_lines,19.0,0.43275547770093825,0.0,199.0,2.5289990112893617 < Del_lines <= 26.52313278361831,0.32508428189311733
CountDeclInstanceVariable,44.0,0.20049308745780994,0.0,146.0,CountDeclInstanceVariable > 21.48866785028532,0.15060965075940114
CountClassCoupled,42.0,0.1670946314546189,0.0,71.0,CountClassCoupled > 29.979533932174256,0.12552085663525295
CountLineComment,127.0,0.15408951119750688,0.0,1043.0,115.41967126776413 < CountLineComment <= 699.3640439784572,0.11575145937152025
RatioCommentToCode,0.15,0.04981031427171243,0.0,8.67,0.04589779381846659 < RatioCommentToCode <= 0.2189207198053974,0.03741732012709546
