feature,value,importance,min,max,rule,importance_ratio
Del_lines,1.0,0.19389635653876078,0.0,199.0,0.46980096366411606 < Del_lines <= 1.5441651624251138,0.2518573812702511
CountDeclMethodPrivate,3.0,0.1506501424759652,0.0,45.0,2.5013623156651215 < CountDeclMethodPrivate <= 3.506738395921374,0.1956836685809615
CountClassCoupled,25.0,0.0969618290676061,0.0,71.0,13.494783233669544 < CountClassCoupled <= 29.979533932174256,0.12594642203737955
RatioCommentToCode,0.15,0.05397743916427379,0.0,8.67,0.04589779381846659 < RatioCommentToCode <= 0.2189207198053974,0.07011280004568142
OWN_LINE,0.658469945355191,0.04236272489730329,0.303571428571429,1.0,0.5955472712676014 < OWN_LINE <= 0.7450487944368737,0.055026123989978214
