feature,value,importance,min,max,rule,importance_ratio
Del_lines,0.0,-0.31636391398767255,0.0,199.0,Del_lines <= 0.46980096366411606,0.414976784614936
CountLineComment,116.0,0.15465990951593153,0.0,1043.0,115.41967126776413 < CountLineComment <= 699.3640439784572,0.2028684977081775
CountClassCoupled,13.0,0.0802744990166848,0.0,71.0,11.47998037051897 < CountClassCoupled <= 13.494783233669544,0.10529662839427616
MAJOR_LINE,3.0,0.04901583716328702,0.0,4.0,MAJOR_LINE > 2.4984912888350683,0.06429442045031318
AvgEssential,1.0,-0.022780440795061387,0.0,4.0,0.5014991464925511 < AvgEssential <= 1.4996372156384044,0.029881265388611453
