feature,value,importance,min,max,rule,importance_ratio
Del_lines,6.0,0.4373012080867754,0.0,199.0,2.5289990112893617 < Del_lines <= 26.52313278361831,0.40875809773335137
CountClassCoupled,49.0,0.17638184342933133,0.0,71.0,CountClassCoupled > 29.979533932174256,0.16486921476916822
CountDeclInstanceVariable,20.0,0.10329023395457139,0.0,146.0,15.513666320810996 < CountDeclInstanceVariable <= 21.48866785028532,0.09654837161420646
RatioCommentToCode,0.11,0.04881936629882524,0.0,8.67,0.04589779381846659 < RatioCommentToCode <= 0.2189207198053974,0.045632874851092735
MAJOR_LINE,3.0,0.04241933760368914,0.0,4.0,MAJOR_LINE > 2.4984912888350683,0.03965058276846127
