feature,value,importance,min,max,rule,importance_ratio
Del_lines,1.0,0.19687173666439498,0.0,199.0,0.46980096366411606 < Del_lines <= 1.5441651624251138,0.34214790503782044
CountClassCoupled,12.0,0.08895288459372616,0.0,71.0,11.47998037051897 < CountClassCoupled <= 13.494783233669544,0.15459325765331514
MAJOR_LINE,3.0,0.04116891995708643,0.0,4.0,MAJOR_LINE > 2.4984912888350683,0.07154840991725919
CountDeclMethodDefault,0.0,-0.029097276474405222,0.0,45.0,CountDeclMethodDefault <= 9.512909076575847,0.05056882392923245
CountInput_Mean,3.22222222222222,-0.027458816771780043,0.0,53.0,3.058906243303005 < CountInput_Mean <= 3.2586492260016287,0.04772130724532298
