feature,value,importance,min,max,rule,importance_ratio
Del_lines,34.0,0.18361159393250773,0.0,199.0,Del_lines > 26.52313278361831,0.23491348387323344
CountLineComment,108.0,0.13238147996403793,0.0,1043.0,100.40005762828412 < CountLineComment <= 115.41967126776413,0.16936944989474864
CountClassCoupled,15.0,0.1042787520073067,0.0,71.0,13.494783233669544 < CountClassCoupled <= 29.979533932174256,0.13341469568089373
CountDeclInstanceVariable,21.0,0.10383613551949442,0.0,146.0,15.513666320810996 < CountDeclInstanceVariable <= 21.48866785028532,0.13284841019235352
CountDeclMethodDefault,0.0,-0.030053461583304755,0.0,45.0,CountDeclMethodDefault <= 9.512909076575847,0.03845053142765928
