{
    "30": {
        "CountDeclInstanceVariable": [
            15,
            14,
            13,
            12,
            11,
            10,
            9,
            8,
            7,
            6,
            5,
            4,
            3,
            2,
            1,
            0
        ],
        "CountDeclClass": [
            7,
            6,
            5,
            4,
            3,
            2,
            1,
            0
        ],
        "CountClassCoupled": [
            11,
            10,
            9,
            8,
            7,
            6,
            5,
            4,
            3,
            2,
            1,
            0
        ],
        "CountInput_Mean": [
            8.83333333333333,
            9.0,
            9.18181818181818,
            9.24,
            9.25,
            9.66666666666667,
            10.0,
            10.6666666666667,
            10.9117647058824,
            10.9333333333333,
            13.0,
            15.28,
            18.8181818181818,
            19.5,
            22.6153846153846,
            22.8,
            24.0,
            27.5555555555556,
            27.75,
            29.0,
            45.25
        ]
    },
    "49": {
        "CountClassCoupled": [
            33,
            31,
            30,
            26,
            25,
            24,
            21,
            20,
            19,
            18,
            17,
            16,
            15,
            14,
            13,
            12,
            11,
            10,
            9,
            8,
            7,
            6,
            5,
            4,
            3,
            2,
            1,
            0
        ],
        "CountDeclClass": [
            9,
            8,
            7,
            6,
            5,
            4,
            3,
            2,
            1,
            0
        ],
        "CountDeclInstanceVariable": [
            17,
            15,
            14,
            13,
            12,
            11,
            10,
            9,
            8,
            7,
            6,
            5,
            4,
            3,
            2,
            1,
            0
        ],
        "CountInput_Mean": [
            8.83333333333333,
            9.0,
            9.18181818181818,
            9.24,
            9.25,
            9.66666666666667,
            10.0,
            10.6666666666667,
            10.9117647058824,
            10.9333333333333,
            13.0,
            15.28,
            18.8181818181818,
            19.5,
            22.6153846153846,
            22.8,
            24.0,
            27.5555555555556,
            27.75,
            29.0,
            45.25
        ]
    },
    "340": {
        "CountClassCoupled": [
            91,
            61,
            56,
            54,
            52,
            51,
            46,
            43,
            33,
            31,
            30,
            26,
            25,
            24,
            21,
            20,
            19,
            18,
            17,
            16,
            15,
            14,
            13,
            12,
            11,
            10,
            9,
            8,
            7,
            6,
            5,
            4,
            3,
            2,
            1,
            0
        ],
        "CountDeclInstanceVariable": [
            17,
            15,
            14,
            13,
            12,
            11,
            10,
            9,
            8,
            7,
            6,
            5,
            4,
            3,
            2,
            1,
            0
        ],
        "CountDeclClass": [
            9,
            8,
            7,
            6,
            5,
            4,
            3,
            2,
            1,
            0
        ],
        "CountInput_Mean": [
            8.83333333333333,
            9.0,
            9.18181818181818,
            9.24,
            9.25,
            9.66666666666667,
            10.0,
            10.6666666666667,
            10.9117647058824,
            10.9333333333333,
            13.0,
            15.28,
            18.8181818181818,
            19.5,
            22.6153846153846,
            22.8,
            24.0,
            27.5555555555556,
            27.75,
            29.0,
            45.25
        ]
    },
    "358": {
        "CountDeclInstanceVariable": [
            8,
            7,
            6,
            5,
            4,
            3,
            2,
            1,
            0
        ],
        "CountClassCoupled": [
            11,
            10,
            9,
            8,
            7,
            6,
            5,
            4,
            3,
            2,
            1,
            0
        ],
        "CountDeclClass": [
            1,
            0
        ],
        "CountInput_Mean": [
            8.83333333333333,
            9.0,
            9.18181818181818,
            9.24,
            9.25,
            9.66666666666667,
            10.0,
            10.6666666666667,
            10.9117647058824,
            10.9333333333333,
            13.0,
            15.28,
            18.8181818181818,
            19.5,
            22.6153846153846,
            22.8,
            24.0,
            27.5555555555556,
            27.75,
            29.0,
            45.25
        ]
    },
    "359": {
        "CountDeclClass": [
            9,
            8,
            7,
            6,
            5,
            4,
            3,
            2,
            1,
            0
        ],
        "CountClassCoupled": [
            11,
            10,
            9,
            8,
            7,
            6,
            5,
            4,
            3,
            2,
            1,
            0
        ],
        "CountDeclInstanceVariable": [
            1,
            0
        ],
        "CountInput_Mean": [
            8.83333333333333,
            9.0,
            9.18181818181818,
            9.24,
            9.25,
            9.66666666666667,
            10.0,
            10.6666666666667,
            10.9117647058824,
            10.9333333333333,
            13.0,
            15.28,
            18.8181818181818,
            19.5,
            22.6153846153846,
            22.8,
            24.0,
            27.5555555555556,
            27.75,
            29.0,
            45.25
        ]
    },
    "390": {
        "CountClassCoupled": [
            11,
            10,
            9,
            8,
            7,
            6,
            5,
            4,
            3,
            2,
            1,
            0
        ],
        "CountDeclInstanceVariable": [
            8,
            7,
            6,
            5,
            4,
            3,
            2,
            1,
            0
        ],
        "CountInput_Mean": [
            8.83333333333333,
            9.0,
            9.18181818181818,
            9.24,
            9.25,
            9.66666666666667,
            10.0,
            10.6666666666667,
            10.9117647058824,
            10.9333333333333,
            13.0,
            15.28,
            18.8181818181818,
            19.5,
            22.6153846153846,
            22.8,
            24.0,
            27.5555555555556,
            27.75,
            29.0,
            45.25
        ],
        "CountDeclClass": [
            0
        ]
    },
    "439": {
        "CountDeclInstanceVariable": [
            15,
            14,
            13,
            12,
            11,
            10,
            9,
            8,
            7,
            6,
            5,
            4,
            3,
            2,
            1,
            0
        ],