feature,value,importance,min,max,rule,importance_ratio
MAJOR_COMMIT,8.0,0.30164598425636185,0.0,10.0,MAJOR_COMMIT > 7.505691480300078,0.29021425428420916
CountClassBase,5.0,0.18217479167473513,0.0,7.0,CountClassBase > 4.498148460334946,0.17527076133833652
CountClassCoupled,69.0,0.14160768829110854,0.0,230.0,CountClassCoupled > 42.555205635341274,0.13624106337642403
MAJOR_LINE,10.0,0.0645249065554422,0.0,21.0,7.493770580251528 < MAJOR_LINE <= 11.993562776583781,0.0620795522437027
CountLineComment,214.0,0.0437616863347692,0.0,4740.0,97.54858712745128 < CountLineComment <= 235.90883570083076,0.042103213133017715
