feature,value,importance,min,max,rule,importance_ratio
CountClassCoupled,26.0,0.178434933862501,0.0,230.0,23.495360010578608 < CountClassCoupled <= 42.555205635341274,0.24476596248049406
MAJOR_COMMIT,3.0,0.1377306455593177,0.0,10.0,2.504428889822858 < MAJOR_COMMIT <= 4.498890104152141,0.18893034729042416
CountClassBase,3.0,0.06671169183091057,0.0,7.0,2.4973382875892316 < CountClassBase <= 3.5016059418631427,0.09151095643792265
CountOutput_Mean,7.5,0.058198349857794256,0.0,28.0,CountOutput_Mean > 4.581772384689348,0.07983288254920125
MINOR_COMMIT,0.0,-0.03869232402746845,0.0,11.0,MINOR_COMMIT <= 1.0001719310427806,0.053075727528155
