feature,value,importance,min,max,rule,importance_ratio
CountClassCoupled,46.0,0.14319907937578322,0.0,230.0,CountClassCoupled > 42.555205635341274,0.20086332418838723
MAJOR_COMMIT,4.0,0.14269440195691196,0.0,10.0,2.504428889822858 < MAJOR_COMMIT <= 4.498890104152141,0.20015542030772557
CountOutput_Mean,13.1851851851852,0.05913408557514309,0.0,28.0,CountOutput_Mean > 4.581772384689348,0.08294654583842595
CountLineComment,161.0,0.04798647557037751,0.0,4740.0,97.54858712745128 < CountLineComment <= 235.90883570083076,0.0673099508821346
CountInput_Mean,3.33333333333333,0.03713126252887762,0.0,57.3076923076923,1.2494316508645946 < CountInput_Mean <= 3.650492018237092,0.05208349701250493
