feature,value,importance,min,max,rule,importance_ratio
CountClassCoupled,26.0,0.17678449176809247,0.0,230.0,23.495360010578608 < CountClassCoupled <= 42.555205635341274,0.30645293024139864
CountOutput_Mean,8.5,0.0579176432173755,0.0,28.0,CountOutput_Mean > 4.581772384689348,0.10039925617414412
RatioCommentToCode,0.1,0.056454833534415674,0.0,267.0,0.06654115773676095 < RatioCommentToCode <= 0.06654115773676095,0.09786350029847268
MaxInheritanceTree,1.0,-0.038678044440024234,0.0,5.0,0.49691441763957456 < MaxInheritanceTree <= 1.5027366760509226,0.06704773668835917
MINOR_COMMIT,0.0,-0.03665907737122284,0.0,11.0,MINOR_COMMIT <= 1.0001719310427806,0.06354789137892607
