feature,value,importance,min,max,rule,importance_ratio
MAJOR_COMMIT,3.0,0.14227720609074115,0.0,10.0,2.504428889822858 < MAJOR_COMMIT <= 4.498890104152141,0.2692389147454164
CountOutput_Mean,5.85714285714286,0.061240972703340356,0.0,28.0,CountOutput_Mean > 4.581772384689348,0.1158896318085208
CountClassCoupled,14.0,0.044914099979915266,0.0,230.0,9.508998472982986 < CountClassCoupled <= 16.502179241780798,0.08499340033179394
CountClassBase,1.0,-0.0380889145005819,0.0,7.0,0.4965281148435172 < CountClassBase <= 1.500795769117428,0.07207772970624125
CountPath_Min,1.0,0.02741497636535349,0.0,576.0,0.4591410233064621 < CountPath_Min <= 1.4178638734662286,0.05187885457682847
