feature,value,importance,min,max,rule,importance_ratio
MAJOR_COMMIT,3.0,0.141590466201669,0.0,10.0,2.504428889822858 < MAJOR_COMMIT <= 4.498890104152141,0.24937844186587324
CountOutput_Mean,6.0,0.06066050878433684,0.0,28.0,CountOutput_Mean > 4.581772384689348,0.10683927787823558
CountClassCoupled,10.0,0.04458236096617547,0.0,230.0,9.508998472982986 < CountClassCoupled <= 16.502179241780798,0.0785213864372156
CountClassBase,1.0,-0.03856440256337057,0.0,7.0,0.4965281148435172 < CountClassBase <= 1.500795769117428,0.06792216228064286
CountInput_Mean,2.25,0.0375029454592179,0.0,57.3076923076923,1.2494316508645946 < CountInput_Mean <= 3.650492018237092,0.06605265421387775
