feature,value,importance,min,max,rule,importance_ratio
MAJOR_COMMIT,4.0,0.13918647842440152,0.0,10.0,2.504428889822858 < MAJOR_COMMIT <= 4.498890104152141,0.2400117156178187
CountClassCoupled,23.0,0.07635917682462638,0.0,230.0,16.502179241780798 < CountClassCoupled <= 23.495360010578608,0.1316729702504632
CountOutput_Mean,6.3,0.060250588274495843,0.0,28.0,CountOutput_Mean > 4.581772384689348,0.10389548771146559
MaxInheritanceTree,1.0,-0.03829566693408743,0.0,5.0,0.49691441763957456 < MaxInheritanceTree <= 1.5027366760509226,0.06603664972076412
MINOR_COMMIT,0.0,-0.028809973623753905,0.0,11.0,MINOR_COMMIT <= 1.0001719310427806,0.04967961884384469
