feature,value,importance,min,max,rule,importance_ratio
MAJOR_COMMIT,5.0,0.17958797936681778,0.0,10.0,4.498890104152141 < MAJOR_COMMIT <= 5.496120711316784,0.2131002065950877
CountClassCoupled,46.0,0.14817401827366217,0.0,230.0,CountClassCoupled > 42.555205635341274,0.17582420614937852
RatioCommentToCode,0.11,0.06460743686513522,0.0,267.0,0.06654115773676095 < RatioCommentToCode <= 0.06654115773676095,0.07666358401091998
CountOutput_Mean,10.5087719298246,0.05759512124174786,0.0,28.0,CountOutput_Mean > 4.581772384689348,0.0683427269395145
CountInput_Mean,5.12280701754386,-0.051636545481460114,0.0,57.3076923076923,CountInput_Mean > 4.730969183554715,0.061272244104267376
