feature,value,importance,min,max,rule,importance_ratio
MAJOR_COMMIT,3.0,0.1418410894445767,0.0,10.0,2.504428889822858 < MAJOR_COMMIT <= 4.498890104152141,0.23515307782294553
CountOutput_Mean,6.57142857142857,0.06126070385564588,0.0,28.0,CountOutput_Mean > 4.581772384689348,0.10156184725924576
CountClassCoupled,15.0,0.04568966596923211,0.0,230.0,9.508998472982986 < CountClassCoupled <= 16.502179241780798,0.07574720145931609
MaxInheritanceTree,1.0,-0.038313580203045434,0.0,5.0,0.49691441763957456 < MaxInheritanceTree <= 1.5027366760509226,0.06351866262760779
CountInput_Mean,1.78571428571429,0.037975031989756214,0.0,57.3076923076923,1.2494316508645946 < CountInput_Mean <= 3.650492018237092,0.06295739610985783
