feature,value,importance,min,max,rule,importance_ratio
CountOutput_Mean,6.14285714285714,0.06098956071433506,0.0,28.0,CountOutput_Mean > 4.581772384689348,0.13773958647779322
CountClassCoupled,14.0,0.04446889531906262,0.0,230.0,9.508998472982986 < CountClassCoupled <= 16.502179241780798,0.10042910918904686
CountClassBase,1.0,-0.03869092189390316,0.0,7.0,0.4965281148435172 < CountClassBase <= 1.500795769117428,0.08738006176290132
MaxInheritanceTree,1.0,-0.037822776420338294,0.0,5.0,0.49691441763957456 < MaxInheritanceTree <= 1.5027366760509226,0.08541943117086481
CountInput_Mean,3.42857142857143,0.03743037213080441,0.0,57.3076923076923,1.2494316508645946 < CountInput_Mean <= 3.650492018237092,0.08453322041709879
