feature,value,importance,min,max,rule,importance_ratio
MAJOR_COMMIT,8.0,0.29800431072057415,0.0,10.0,MAJOR_COMMIT > 7.505691480300078,0.3177790219154652
CountClassCoupled,49.0,0.14318387413405456,0.0,230.0,CountClassCoupled > 42.555205635341274,0.15268514527983157
MAJOR_LINE,8.0,0.07203494423766484,0.0,21.0,7.493770580251528 < MAJOR_LINE <= 11.993562776583781,0.07681497649557256
RatioCommentToCode,0.07,0.061918259715434285,0.0,267.0,0.06654115773676095 < RatioCommentToCode <= 0.06654115773676095,0.06602697780948578
CountOutput_Mean,6.192,0.057630691283455264,0.0,28.0,CountOutput_Mean > 4.581772384689348,0.06145489863581412
