feature,value,importance,min,max,rule,importance_ratio
CountClassBase,4.0,0.1457108485007789,0.0,7.0,3.5016059418631427 < CountClassBase <= 4.498148460334946,0.20316789152927756
MAJOR_COMMIT,3.0,0.13653094759061288,0.0,10.0,2.504428889822858 < MAJOR_COMMIT <= 4.498890104152141,0.1903681505933365
CountClassCoupled,21.0,0.07412041329254755,0.0,230.0,16.502179241780798 < CountClassCoupled <= 23.495360010578608,0.10334774824844306
RatioCommentToCode,0.11,0.0658561759458572,0.0,267.0,0.06654115773676095 < RatioCommentToCode <= 0.06654115773676095,0.09182473747676662
CountInput_Mean,1.96969696969697,0.03738636829200807,0.0,57.3076923076923,1.2494316508645946 < CountInput_Mean <= 3.650492018237092,0.05212864859395637
