feature,value,importance,min,max,rule,importance_ratio
MAJOR_COMMIT,5.0,0.1687212784342454,0.0,10.0,4.498890104152141 < MAJOR_COMMIT <= 5.496120711316784,0.29060421463556385
CountOutput_Mean,5.5,0.05603790071531944,0.0,28.0,CountOutput_Mean > 4.581772384689348,0.09651924332441382
CountInput_Mean,8.0,-0.05162900126080335,0.0,57.3076923076923,CountInput_Mean > 4.730969183554715,0.0889253892754348
CountClassBase,1.0,-0.03724210693455028,0.0,7.0,0.4965281148435172 < CountClassBase <= 1.500795769117428,0.06414551464714353
MaxInheritanceTree,3.0,0.031226234800825755,0.0,5.0,2.499812653954346 < MaxInheritanceTree <= 3.49688863185777,0.0537838233833453
