feature,value,importance,min,max,rule,importance_ratio
CountInput_Mean,9.83333333333333,-0.05084279952597218,0.0,57.3076923076923,CountInput_Mean > 4.730969183554715,0.11048903568156303
CountLineComment,116.0,0.04699662099904676,0.0,4740.0,97.54858712745128 < CountLineComment <= 235.90883570083076,0.1021307123700774
CountClassCoupled,1.0,-0.03945136761691186,0.0,230.0,0.4589998310093497 < CountClassCoupled <= 3.475666045000562,0.08573374410834209
CountClassBase,1.0,-0.03902039372338663,0.0,7.0,0.4965281148435172 < CountClassBase <= 1.500795769117428,0.0847971731416862
MaxInheritanceTree,1.0,-0.0368311002816078,0.0,5.0,0.49691441763957456 < MaxInheritanceTree <= 1.5027366760509226,0.08003950984498778
