feature,value,importance,min,max,rule,importance_ratio
MaxInheritanceTree,4.0,0.15286284044833115,0.0,5.0,3.49688863185777 < MaxInheritanceTree <= 4.5027108902691175,0.21305094637469194
MAJOR_COMMIT,4.0,0.14213012558146668,0.0,10.0,2.504428889822858 < MAJOR_COMMIT <= 4.498890104152141,0.19809234000018788
CountOutput_Mean,4.85714285714286,0.05788413592290795,0.0,28.0,CountOutput_Mean > 4.581772384689348,0.08067539437503286
CountInput_Mean,4.85714285714286,-0.04986261777155574,0.0,57.3076923076923,CountInput_Mean > 4.730969183554715,0.06949548937984203
CountLineComment,100.0,0.04677896475988982,0.0,4740.0,97.54858712745128 < CountLineComment <= 235.90883570083076,0.06519768102759793
