feature,value,importance,min,max,rule,importance_ratio
MAJOR_COMMIT,6.0,0.2513491030086618,0.0,10.0,5.496120711316784 < MAJOR_COMMIT <= 7.505691480300078,0.3338317610796555
CountClassCoupled,19.0,0.08476168655883133,0.0,230.0,16.502179241780798 < CountClassCoupled <= 23.495360010578608,0.1125770601816761
CountOutput_Mean,4.7037037037037,0.05838583511985331,0.0,28.0,CountOutput_Mean > 4.581772384689348,0.07754571600558027
CountInput_Mean,6.11111111111111,-0.05191341330552646,0.0,57.3076923076923,CountInput_Mean > 4.730969183554715,0.06894930588569752
CountLineComment,209.0,0.04722694715269411,0.0,4740.0,97.54858712745128 < CountLineComment <= 235.90883570083076,0.0627249301854735
