feature,value,importance,min,max,rule,importance_ratio
MAJOR_COMMIT,3.0,0.14194549061193296,0.0,10.0,2.504428889822858 < MAJOR_COMMIT <= 4.498890104152141,0.21731929973264824
CountOutput_Mean,0.0158730158730159,-0.05226858770521615,0.0,28.0,CountOutput_Mean <= 3.873264548197767,0.08002348527694027
CountLineComment,453.0,0.049960223041717364,0.0,4740.0,CountLineComment > 423.10211318246184,0.07648936672173642
CountDeclMethodDefault,63.0,0.04704671560293966,0.0,263.0,CountDeclMethodDefault > 43.47662776594204,0.07202877136480436
MINOR_COMMIT,0.0,-0.04042906807261972,0.0,11.0,MINOR_COMMIT <= 1.0001719310427806,0.061897117861993346
