feature,value,importance,min,max,rule,importance_ratio
MAJOR_COMMIT,7.0,0.24664819933558935,0.0,10.0,5.496120711316784 < MAJOR_COMMIT <= 7.505691480300078,0.34824655383434294
CountClassCoupled,23.0,0.08482908962338083,0.0,230.0,16.502179241780798 < CountClassCoupled <= 23.495360010578608,0.11977155400211512
CountOutput_Mean,9.5,0.05748731906117605,0.0,28.0,CountOutput_Mean > 4.581772384689348,0.08116726903402617
CountInput_Mean,7.875,-0.051674587930640226,0.0,57.3076923076923,CountInput_Mean > 4.730969183554715,0.07296018059783413
CountClassBase,1.0,-0.038497280305866174,0.0,7.0,0.4965281148435172 < CountClassBase <= 1.500795769117428,0.0543549283336615
