feature,value,importance,min,max,rule,importance_ratio
MAJOR_COMMIT,5.0,0.17370097925955033,0.0,10.0,4.498890104152141 < MAJOR_COMMIT <= 5.496120711316784,0.2504775178221843
CountClassCoupled,18.0,0.08689477308575147,0.0,230.0,16.502179241780798 < CountClassCoupled <= 23.495360010578608,0.12530261583452929
CountOutput_Mean,5.81818181818182,0.05649591954791644,0.0,28.0,CountOutput_Mean > 4.581772384689348,0.08146734552543342
CountInput_Mean,6.27272727272727,-0.051313066818149934,0.0,57.3076923076923,CountInput_Mean > 4.730969183554715,0.07399365083169167
CountClassBase,1.0,-0.03754319959311663,0.0,7.0,0.4965281148435172 < CountClassBase <= 1.500795769117428,0.05413744634758392
