feature,value,importance,min,max,rule,importance_ratio
MAJOR_COMMIT,5.0,0.1793201403507822,0.0,10.0,4.498890104152141 < MAJOR_COMMIT <= 5.496120711316784,0.2813557662834206
CountOutput_Mean,6.6,0.05799509438905829,0.0,28.0,CountOutput_Mean > 4.581772384689348,0.09099510066517537
CountClassCoupled,14.0,0.043533743580709716,0.0,230.0,9.508998472982986 < CountClassCoupled <= 16.502179241780798,0.06830504236934196
CountInput_Mean,2.8,0.03851018455928938,0.0,57.3076923076923,1.2494316508645946 < CountInput_Mean <= 3.650492018237092,0.06042300917899964
CountClassBase,1.0,-0.03771702549595046,0.0,7.0,0.4965281148435172 < CountClassBase <= 1.500795769117428,0.05917853170082111
