feature,value,importance,min,max,rule,importance_ratio
MAJOR_COMMIT,7.0,0.24884131739279283,0.0,10.0,5.496120711316784 < MAJOR_COMMIT <= 7.505691480300078,0.2631680407205876
CountClassCoupled,31.0,0.18322468542020195,0.0,230.0,23.495360010578608 < CountClassCoupled <= 42.555205635341274,0.1937736143615076
MAJOR_LINE,9.0,0.07027468774712398,0.0,21.0,7.493770580251528 < MAJOR_LINE <= 11.993562776583781,0.07432066378859856
CountOutput_Mean,5.61764705882353,0.057136216981153454,0.0,28.0,CountOutput_Mean > 4.581772384689348,0.06042576222734633
CountInput_Mean,7.17647058823529,-0.05250403784832292,0.0,57.3076923076923,CountInput_Mean > 4.730969183554715,0.055526891254365746
