feature,value,importance,min,max,rule,importance_ratio
MAJOR_COMMIT,7.0,0.24886331743652185,0.0,10.0,5.496120711316784 < MAJOR_COMMIT <= 7.505691480300078,0.25996347230663785
CountClassCoupled,26.0,0.17895430516817154,0.0,230.0,23.495360010578608 < CountClassCoupled <= 42.555205635341274,0.1869362790585075
MAJOR_LINE,10.0,0.07789548402125493,0.0,21.0,7.493770580251528 < MAJOR_LINE <= 11.993562776583781,0.0813698889485264
CountOutput_Mean,4.84090909090909,0.05731777714774287,0.0,28.0,CountOutput_Mean > 4.581772384689348,0.059874345989243696
CountLineComment,323.0,0.05344130896700131,0.0,4740.0,274.975258827432 < CountLineComment <= 423.10211318246184,0.05582497407323676
