feature,value,importance,min,max,rule,importance_ratio
CountClassCoupled,24.0,0.17728539741260055,0.0,230.0,23.495360010578608 < CountClassCoupled <= 42.555205635341274,0.23443208049750752
MAJOR_COMMIT,5.0,0.17468862820988595,0.0,10.0,4.498890104152141 < MAJOR_COMMIT <= 5.496120711316784,0.23099826126789866
CountOutput_Mean,5.84615384615385,0.056362469199133014,0.0,28.0,CountOutput_Mean > 4.581772384689348,0.07453050905020739
MINOR_COMMIT,0.0,-0.0412897197053899,0.0,11.0,MINOR_COMMIT <= 1.0001719310427806,0.05459916628759808
MaxInheritanceTree,1.0,-0.03936549805194446,0.0,5.0,0.49691441763957456 < MaxInheritanceTree <= 1.5027366760509226,0.0520546855117465
