feature,value,importance,min,max,rule,importance_ratio
MAJOR_COMMIT,6.0,0.2462634276848539,0.0,10.0,5.496120711316784 < MAJOR_COMMIT <= 7.505691480300078,0.24075933044149891
CountClassCoupled,97.0,0.1354165358900143,0.0,230.0,CountClassCoupled > 42.555205635341274,0.1323899160264642
MAJOR_LINE,23.0,0.12496003679208291,0.0,21.0,MAJOR_LINE > 11.993562776583781,0.12216712433852518
CountDeclMethodDefault,43.0,0.06787342748525138,0.0,263.0,35.491676583161556 < CountDeclMethodDefault <= 43.47662776594204,0.0663564261642241
CountOutput_Mean,6.60091743119266,0.058173993226447625,0.0,28.0,CountOutput_Mean > 4.581772384689348,0.05687377857921872
