feature,value,importance,min,max,rule,importance_ratio
MAJOR_COMMIT,9.0,0.2980051712697188,0.0,10.0,MAJOR_COMMIT > 7.505691480300078,0.2898242994360355
CountClassCoupled,25.0,0.17869793960100372,0.0,230.0,23.495360010578608 < CountClassCoupled <= 42.555205635341274,0.17379230345183788
MAJOR_LINE,8.0,0.08176066583397859,0.0,21.0,7.493770580251528 < MAJOR_LINE <= 11.993562776583781,0.07951616274238961
CountClassBase,3.0,0.06946154877418033,0.0,7.0,2.4973382875892316 < CountClassBase <= 3.5016059418631427,0.06755468244206425
CountOutput_Mean,5.14754098360656,0.055222615770064265,0.0,28.0,CountOutput_Mean > 4.581772384689348,0.053706638245208674
