feature,value,importance,min,max,rule,importance_ratio
MAJOR_COMMIT,6.0,0.24797241208982068,0.0,10.0,5.496120711316784 < MAJOR_COMMIT <= 7.505691480300078,0.37171404633672167
CountOutput_Mean,5.81818181818182,0.05938011196895886,0.0,28.0,CountOutput_Mean > 4.581772384689348,0.08901160216126869
CountInput_Mean,7.63636363636364,-0.051311305471454925,0.0,57.3076923076923,CountInput_Mean > 4.730969183554715,0.07691635056848742
CountClassCoupled,10.0,0.04142282231802762,0.0,230.0,9.508998472982986 < CountClassCoupled <= 16.502179241780798,0.062093378714015324
MaxInheritanceTree,1.0,-0.038894863927931095,0.0,5.0,0.49691441763957456 < MaxInheritanceTree <= 1.5027366760509226,0.05830393441965054
