feature,value,importance,min,max,rule,importance_ratio
Del_lines,2.0,0.22282886188979897,0.0,199.0,1.5441651624251138 < Del_lines <= 2.5289990112893617,0.34289925109918296
CountClassCoupled,29.0,0.1456135753212914,0.0,71.0,13.494783233669544 < CountClassCoupled <= 29.979533932174256,0.22407683414116608
AvgEssential,1.0,-0.060263405649886845,0.0,4.0,0.5014991464925511 < AvgEssential <= 1.4996372156384044,0.09273608674738051
CountDeclMethodDefault,0.0,-0.048100026665271446,0.0,45.0,CountDeclMethodDefault <= 9.512909076575847,0.07401852247277206
RatioCommentToCode,0.1,0.029131629578415384,0.0,8.67,0.04589779381846659 < RatioCommentToCode <= 0.2189207198053974,0.04482908489061732
