feature,value,importance,min,max,rule,importance_ratio
Del_lines,10.0,0.4124062295886594,0.0,199.0,2.5289990112893617 < Del_lines <= 26.52313278361831,0.42296166494067616
CountLineComment,272.0,0.19655446506028815,0.0,1043.0,115.41967126776413 < CountLineComment <= 699.3640439784572,0.2015852279349505
CountClassCoupled,12.0,0.11095088903830379,0.0,71.0,11.47998037051897 < CountClassCoupled <= 13.494783233669544,0.11379064957650106
AvgEssential,1.0,-0.04670913821554916,0.0,4.0,0.5014991464925511 < AvgEssential <= 1.4996372156384044,0.04790464704497301
MAJOR_LINE,3.0,0.04443271791733984,0.0,4.0,MAJOR_LINE > 2.4984912888350683,0.04556996233277622
