feature,value,importance,min,max,rule,importance_ratio
Del_lines,1.0,0.19138768987975105,0.0,199.0,0.46980096366411606 < Del_lines <= 1.5441651624251138,0.31819508638237104
AvgEssential,1.0,-0.06137519418645683,0.0,4.0,0.5014991464925511 < AvgEssential <= 1.4996372156384044,0.10204044590414714
CountLineComment,23.0,-0.05515932339036622,0.0,1043.0,CountLineComment <= 28.48796808168277,0.09170613680544598
CountDeclMethodDefault,0.0,-0.04590946212648718,0.0,45.0,CountDeclMethodDefault <= 9.512909076575847,0.07632761164672656
CountClassCoupled,4.0,-0.03470218881411729,0.0,71.0,1.5280753191994587 < CountClassCoupled <= 4.51975229781698,0.057694755468876466
