feature,value,importance,min,max,rule,importance_ratio
CountLineComment,155.0,0.19444159376735196,0.0,1043.0,115.41967126776413 < CountLineComment <= 699.3640439784572,0.2427732662200694
Del_lines,1.0,0.17745723661649232,0.0,199.0,0.46980096366411606 < Del_lines <= 1.5441651624251138,0.22156716633026938
CountClassCoupled,28.0,0.13673828106806024,0.0,71.0,13.494783233669544 < CountClassCoupled <= 29.979533932174256,0.17072684125357526
AvgEssential,1.0,-0.06197855405438806,0.0,4.0,0.5014991464925511 < AvgEssential <= 1.4996372156384044,0.07738434823458726
CountDeclMethodDefault,0.0,-0.04382762807746798,0.0,45.0,CountDeclMethodDefault <= 9.512909076575847,0.05472170955241305
