feature,value,importance,min,max,rule,importance_ratio
Del_lines,2.0,0.21343729351385213,0.0,199.0,1.5441651624251138 < Del_lines <= 2.5289990112893617,0.3242016386791077
CountLineComment,115.0,0.10567245796357258,0.0,1043.0,100.40005762828412 < CountLineComment <= 115.41967126776413,0.1605117056678566
CountDeclInstanceVariable,17.0,0.06992103760784678,0.0,146.0,15.513666320810996 < CountDeclInstanceVariable <= 21.48866785028532,0.10620690788105523
AvgEssential,1.0,-0.058091246408754134,0.0,4.0,0.5014991464925511 < AvgEssential <= 1.4996372156384044,0.08823798769453398
CountDeclMethodDefault,0.0,-0.04583377751874165,0.0,45.0,CountDeclMethodDefault <= 9.512909076575847,0.06961944435200268
