feature,value,importance,min,max,rule,importance_ratio
Del_lines,11.0,0.40876721053763215,0.0,199.0,2.5289990112893617 < Del_lines <= 26.52313278361831,0.5417760883145213
CountLineComment,18.0,-0.05425615631513162,0.0,1043.0,CountLineComment <= 28.48796808168277,0.07191058230118746
AvgEssential,1.0,-0.05060195104142105,0.0,4.0,0.5014991464925511 < AvgEssential <= 1.4996372156384044,0.06706733414416106
CountDeclMethodDefault,0.0,-0.04430971451172431,0.0,45.0,CountDeclMethodDefault <= 9.512909076575847,0.05872766499769219
CountClassCoupled,4.0,-0.03364702953158578,0.0,71.0,1.5280753191994587 < CountClassCoupled <= 4.51975229781698,0.04459544594844037
