feature,value,importance,min,max,rule,importance_ratio
Del_lines,92.0,0.21049715960925444,0.0,199.0,Del_lines > 26.52313278361831,0.32430062119792874
AvgEssential,1.0,-0.06228525060113737,0.0,4.0,0.5014991464925511 < AvgEssential <= 1.4996372156384044,0.09595923051367133
CountClassCoupled,11.0,0.06068125577457705,0.0,71.0,5.496626413283925 < CountClassCoupled <= 11.47998037051897,0.09348804981167337
CountLineComment,22.0,-0.054543652545911425,0.0,1043.0,CountLineComment <= 28.48796808168277,0.08403220469044938
CountDeclMethodDefault,0.0,-0.051227362550047686,0.0,45.0,CountDeclMethodDefault <= 9.512909076575847,0.07892299130378189
