feature,value,importance,min,max,rule,importance_ratio
Del_lines,11.0,0.409398151443275,0.0,199.0,2.5289990112893617 < Del_lines <= 26.52313278361831,0.5163515094413234
CountClassCoupled,8.0,0.0558163527098717,0.0,71.0,5.496626413283925 < CountClassCoupled <= 11.47998037051897,0.07039811457782043
CountLineComment,17.0,-0.05387904293011891,0.0,1043.0,CountLineComment <= 28.48796808168277,0.06795469165198585
AvgEssential,1.0,-0.050378357312416376,0.0,4.0,0.5014991464925511 < AvgEssential <= 1.4996372156384044,0.06353946824072262
CountDeclMethodDefault,0.0,-0.0401409681272004,0.0,45.0,CountDeclMethodDefault <= 9.512909076575847,0.05062760886888818
