feature,value,importance,min,max,rule,importance_ratio
CountLineComment,200.0,0.20356832155308607,0.0,1043.0,115.41967126776413 < CountLineComment <= 699.3640439784572,0.18633129349297367
CountClassCoupled,49.0,0.20091162901489698,0.0,71.0,CountClassCoupled > 29.979533932174256,0.18389955483502726
Del_lines,186.0,0.1995814296688843,0.0,199.0,Del_lines > 26.52313278361831,0.18268198933733557
CountDeclInstanceVariable,29.0,0.15550452829987718,0.0,146.0,CountDeclInstanceVariable > 21.48866785028532,0.14233727370284732
AvgEssential,1.0,-0.0586525510466523,0.0,4.0,0.5014991464925511 < AvgEssential <= 1.4996372156384044,0.05368618073679701
