feature,value,importance,min,max,rule,importance_ratio
Del_lines,17.0,0.41313671479795955,0.0,199.0,2.5289990112893617 < Del_lines <= 26.52313278361831,0.4374630341899947
CountClassCoupled,26.0,0.14627817900634776,0.0,71.0,13.494783233669544 < CountClassCoupled <= 29.979533932174256,0.15489133192918572
CountLineComment,96.0,0.06678624610089125,0.0,1043.0,62.623453625955555 < CountLineComment <= 100.40005762828412,0.07071875438556371
AvgEssential,1.0,-0.0474360695289556,0.0,4.0,0.5014991464925511 < AvgEssential <= 1.4996372156384044,0.05022920055975369
CountDeclMethodPrivate,3.0,0.0460348694034979,0.0,45.0,2.5013623156651215 < CountDeclMethodPrivate <= 3.506738395921374,0.04874549495714247
