feature,value,importance,min,max,rule,importance_ratio
Del_lines,5.0,0.4114214355813091,0.0,199.0,2.5289990112893617 < Del_lines <= 26.52313278361831,0.566785334611126
CountClassCoupled,7.0,0.055304596178138044,0.0,71.0,5.496626413283925 < CountClassCoupled <= 11.47998037051897,0.07618911252416817
AvgEssential,2.0,0.05160320392869394,0.0,4.0,1.4996372156384044 < AvgEssential <= 2.500984731951929,0.07108997411475587
CountDeclMethodDefault,0.0,-0.038540051251885796,0.0,45.0,CountDeclMethodDefault <= 9.512909076575847,0.05309382048571707
CountInput_Mean,4.4,-0.019960965947466356,0.0,53.0,3.2586492260016287 < CountInput_Mean <= 6.882557626390944,0.027498768380190802
