feature,value,importance,min,max,rule,importance_ratio
Del_lines,1.0,0.19374467085936953,0.0,199.0,0.46980096366411606 < Del_lines <= 1.5441651624251138,0.26409700654083235
CountDeclInstanceVariable,40.0,0.17700752468226785,0.0,146.0,CountDeclInstanceVariable > 21.48866785028532,0.24128228764403578
CountLineComment,95.0,0.06897248083204299,0.0,1043.0,62.623453625955555 < CountLineComment <= 100.40005762828412,0.09401768647695731
AvgEssential,1.0,-0.060497501463170705,0.0,4.0,0.5014991464925511 < AvgEssential <= 1.4996372156384044,0.08246528262560646
CountDeclMethodDefault,0.0,-0.04469109036697104,0.0,45.0,CountDeclMethodDefault <= 9.512909076575847,0.06091926623122442
