feature,value,importance,min,max,rule,importance_ratio
Del_lines,1.0,0.18972612430466707,0.0,199.0,0.46980096366411606 < Del_lines <= 1.5441651624251138,0.3041193259340033
CountClassCoupled,12.0,0.13116674656869443,0.0,71.0,11.47998037051897 < CountClassCoupled <= 13.494783233669544,0.2102522396302718
AvgEssential,1.0,-0.055142464036986596,0.0,4.0,0.5014991464925511 < AvgEssential <= 1.4996372156384044,0.08838998348134107
CountDeclMethodDefault,0.0,-0.041392626645799964,0.0,45.0,CountDeclMethodDefault <= 9.512909076575847,0.06634983853854486
MAJOR_LINE,3.0,0.03719202546344071,0.0,4.0,MAJOR_LINE > 2.4984912888350683,0.05961653280756784
