feature,value,importance,min,max,rule,importance_ratio
Del_lines,0.0,-0.31198865778605256,0.0,199.0,Del_lines <= 0.46980096366411606,0.2889493272113173
CountClassCoupled,53.0,0.1805327817578213,0.0,71.0,CountClassCoupled > 29.979533932174256,0.16720103287947816
CountDeclInstanceVariable,23.0,0.1633272046757177,0.0,146.0,CountDeclInstanceVariable > 21.48866785028532,0.15126603076294115
CountLineComment,1049.0,0.0809887044532856,0.0,1043.0,CountLineComment > 699.3640439784572,0.07500795647366401
AvgEssential,1.0,-0.057232743061321985,0.0,4.0,0.5014991464925511 < AvgEssential <= 1.4996372156384044,0.05300629426524773
