feature,value,importance,min,max,rule,importance_ratio
OWN_LINE,0.994230769230769,0.10936547551959899,0.282051282051282,1.0,0.9943254111761526 < OWN_LINE <= 1.0005405602006578,0.1731364540563258
CountClassCoupled,15.0,0.10156882214820623,0.0,71.0,14.476416159221149 < CountClassCoupled <= 58.969614743832466,0.16079357425979135
OWN_COMMIT,1.0,0.09465591666505646,0.0,1.0,OWN_COMMIT > 0.9158840980681497,0.14984975550078458
RatioCommentToCode,0.06,0.041917933584086076,0.03,8.5,0.04753367113528073 < RatioCommentToCode <= 0.16254030530342767,0.06636026906696565
CountDeclInstanceVariable,27.0,0.04165261860595293,0.0,74.0,21.509667398160907 < CountDeclInstanceVariable <= 37.492663687704365,0.06594024899844071
