feature,value,importance,min,max,rule,importance_ratio
CountClassCoupled,28.0,0.13567982551579147,0.0,71.0,14.476416159221149 < CountClassCoupled <= 58.969614743832466,0.22985399006205887
CountDeclMethodPublic,64.0,0.11000756667200637,0.0,165.0,CountDeclMethodPublic > 59.45821356470026,0.18636284385282975
OWN_COMMIT,1.0,0.09116415570998916,0.0,1.0,OWN_COMMIT > 0.9158840980681497,0.15444038832538884
CountOutput_Mean,0.40625,0.08445454742738205,0.0,40.0,0.28420396014499616 < CountOutput_Mean <= 0.7479445981314785,0.14307370039188183
CountDeclMethodPrivate,0.0,-0.03354611954714177,0.0,21.0,CountDeclMethodPrivate <= 0.5047804236063558,0.05683018385155523
