feature,value,importance,min,max,rule,importance_ratio
OWN_LINE,0.407228915662651,0.14678760840856803,0.282051282051282,1.0,OWN_LINE <= 0.4929700565327333,0.20668486099418296
MAJOR_LINE,4.0,0.07425006759718324,0.0,5.0,2.4961209246704383 < MAJOR_LINE <= 4.499384532543117,0.10454809548649023
OWN_COMMIT,0.666666666666667,0.06762619142459886,0.0,1.0,0.524282117653962 < OWN_COMMIT <= 0.9158840980681497,0.09522132096637774
RatioCommentToCode,0.28,0.06507856268271753,0.03,8.5,0.16254030530342767 < RatioCommentToCode <= 0.415554900473351,0.09163412244131618
AvgEssential,2.0,0.05258587187077448,0.0,4.0,1.5009683714804118 < AvgEssential <= 2.500927719062559,0.0740437407197005
