feature,value,importance,min,max,rule,importance_ratio
MAJOR_LINE,3.0,0.12386917917070871,0.0,5.0,2.4961209246704383 < MAJOR_LINE <= 4.499384532543117,0.17177410872597712
CountDeclMethodPrivate,1.0,0.09289578960284152,0.0,21.0,0.5047804236063558 < CountDeclMethodPrivate <= 1.5022263967624856,0.12882212968758705
OWN_COMMIT,1.0,0.06668930256789429,0.0,1.0,OWN_COMMIT > 0.9158840980681497,0.09248059595494547
RatioCommentToCode,0.13,0.06203727816468495,0.03,8.5,0.04753367113528073 < RatioCommentToCode <= 0.16254030530342767,0.08602945652718261
CountDeclMethodDefault,0.0,0.056977781352619376,0.0,50.0,CountDeclMethodDefault <= 0.5017356182855951,0.07901325959011596
