feature,value,importance,min,max,rule,importance_ratio
CountClassCoupled,20.0,0.1309437763794468,0.0,71.0,14.476416159221149 < CountClassCoupled <= 58.969614743832466,0.21923429199680186
CountDeclMethodPrivate,2.0,0.09694155387669141,0.0,21.0,1.5022263967624856 < CountDeclMethodPrivate <= 2.499672369918615,0.16230563618113406
RatioCommentToCode,0.17,0.04394057836987078,0.03,8.5,0.16254030530342767 < RatioCommentToCode <= 0.415554900473351,0.07356807520911446
OWN_COMMIT,0.5,0.039955850912936505,0.0,1.0,0.1650142457143403 < OWN_COMMIT <= 0.524282117653962,0.06689659431116227
CountDeclClass,2.0,0.03418132866904535,1.0,30.0,1.5073484207191286 < CountDeclClass <= 2.5043893674426867,0.05722852660483048
