feature,value,importance,min,max,rule,importance_ratio
CountClassCoupled,18.0,0.09652628885031195,0.0,71.0,14.476416159221149 < CountClassCoupled <= 58.969614743832466,0.1783023075499263
CountOutput_Mean,5.66666666666667,-0.054941269927139234,0.0,40.0,2.0678217985545446 < CountOutput_Mean <= 14.196423099739473,0.10148691433609008
CountDeclMethodPrivate,4.0,0.05186887099199788,0.0,21.0,2.499672369918615 < CountDeclMethodPrivate <= 13.001353544433867,0.09581161254655204
OWN_COMMIT,0.5,0.041577468643385664,0.0,1.0,0.1650142457143403 < OWN_COMMIT <= 0.524282117653962,0.07680144641939592
AvgLineBlank,0.0,0.029467420581977558,0.0,15.0,AvgLineBlank <= 0.49647626036085735,0.05443189777510865
