feature,value,importance,min,max,rule,importance_ratio
CountClassCoupled,23.0,0.16374659609463774,0.0,71.0,14.476416159221149 < CountClassCoupled <= 58.969614743832466,0.2194212206398485
OWN_COMMIT,1.0,0.07007238027633925,0.0,1.0,OWN_COMMIT > 0.9158840980681497,0.09389732415865165
CountDeclClass,7.0,0.0555737289055438,1.0,30.0,5.495512207613363 < CountDeclClass <= 7.5051728658530354,0.07446906209222737
CountDeclMethodPublic,35.0,0.04939235564154013,0.0,165.0,21.504418823536874 < CountDeclMethodPublic <= 38.50213057878183,0.06618599240304544
CountDeclMethodPrivate,0.0,-0.04855827242901226,0.0,21.0,CountDeclMethodPrivate <= 0.5047804236063558,0.06506831691559715
