feature,value,importance,min,max,rule,importance_ratio
CountClassCoupled,10.0,0.07430272854251736,0.0,71.0,7.4740046828129625 < CountClassCoupled <= 14.476416159221149,0.1148283162853536
OWN_COMMIT,0.666666666666667,0.05921359728358924,0.0,1.0,0.524282117653962 < OWN_COMMIT <= 0.9158840980681497,0.09150939421266074
CountDeclMethodProtected,2.0,0.05683187927518909,0.0,40.0,1.5170293282876064 < CountDeclMethodProtected <= 2.5125066820135986,0.08782865900769986
AvgEssential,1.0,-0.053147727028888404,0.0,4.0,0.5010090238982645 < AvgEssential <= 1.5009683714804118,0.08213512651327017
CountDeclMethodPublic,7.0,0.043049822517987966,0.0,165.0,2.527521452955182 < CountDeclMethodPublic <= 7.533696832924585,0.06652970534312468
