feature,value,importance,min,max,rule,importance_ratio
CountClassCoupled,72.0,0.16201743660273218,0.0,71.0,CountClassCoupled > 58.969614743832466,0.21908805786700844
OWN_COMMIT,0.333333333333333,0.07381988156594703,0.0,1.0,0.1650142457143403 < OWN_COMMIT <= 0.524282117653962,0.0998229253800154
CountDeclMethodPublic,81.0,0.07354747691751806,0.0,165.0,CountDeclMethodPublic > 59.45821356470026,0.09945456622911374
RatioCommentToCode,0.12,0.06297751665894323,0.03,8.5,0.04753367113528073 < RatioCommentToCode <= 0.16254030530342767,0.08516133882507289
OWN_LINE,0.460674157303371,0.05085817740241483,0.282051282051282,1.0,OWN_LINE <= 0.4929700565327333,0.06877296386976005
