feature,value,importance,min,max,rule,importance_ratio
CountDeclMethodPublic,60.0,0.16956725220680682,0.0,165.0,CountDeclMethodPublic > 59.45821356470026,0.2403108909848197
CountClassCoupled,25.0,0.12410901631468138,0.0,71.0,14.476416159221149 < CountClassCoupled <= 58.969614743832466,0.17588743051315053
OWN_COMMIT,1.0,0.10231634941996427,0.0,1.0,OWN_COMMIT > 0.9158840980681497,0.1450028397077413
RatioCommentToCode,0.1,0.05399415300104877,0.03,8.5,0.04753367113528073 < RatioCommentToCode <= 0.16254030530342767,0.07652057131779036
MAJOR_LINE,3.0,0.05308191083028775,0.0,5.0,2.4961209246704383 < MAJOR_LINE <= 4.499384532543117,0.07522774073879307
