feature,value,importance,min,max,rule,importance_ratio
CountClassBase,9.0,0.15946319258813108,0.0,9.0,CountClassBase > 7.501707799835719,0.173989652757107
CountDeclMethodPublic,170.0,0.15924839034630742,0.0,165.0,CountDeclMethodPublic > 59.45821356470026,0.17375528288867675
MAJOR_LINE,6.0,0.12969396552684087,0.0,5.0,MAJOR_LINE > 4.499384532543117,0.1415085679677205
CountDeclMethodProtected,25.0,0.07486435113722842,0.0,40.0,14.492561732026399 < CountDeclMethodProtected <= 37.49152128362691,0.08168419462098493
OWN_COMMIT,0.5,0.05801296227929654,0.0,1.0,0.1650142457143403 < OWN_COMMIT <= 0.524282117653962,0.06329771151927399
