feature,value,importance,min,max,rule,importance_ratio
CountDeclInstanceVariable,63.0,0.22537210135130878,0.0,74.0,CountDeclInstanceVariable > 37.492663687704365,0.2484185358392901
CountDeclMethodPublic,127.0,0.15809677782533046,0.0,165.0,CountDeclMethodPublic > 59.45821356470026,0.17426367253441802
OWN_COMMIT,1.0,0.13478719007381673,0.0,1.0,OWN_COMMIT > 0.9158840980681497,0.14857045839864422
RatioCommentToCode,0.14,0.08179142734350552,0.03,8.5,0.04753367113528073 < RatioCommentToCode <= 0.16254030530342767,0.09015537638887673
OWN_LINE,0.480868665977249,0.04474203222497514,0.282051282051282,1.0,OWN_LINE <= 0.4929700565327333,0.04931732929302127
