Antecedent,Antecedent Coverage %,Confidence,Lift
OWN_COMMIT <= -0.013,0.08125,0.98901,1.27909
-0.013 < OWN_COMMIT <= 0.041,0.36786,0.9818,1.26976
RatioCommentToCode > 1.59,0.19643,0.925,1.1963
CountClassCoupled <= 0.74,0.19107,0.89953,1.16337
1 < MaxInheritanceTree <= 1.6,0.14107,0.88608,1.14596
CountClassBase <= 0.913,0.12455,0.88172,1.14033
CountInput_Min > 2.075,0.18259,0.8802,1.13836
2.64 < CountClassCoupled <= 5.1,0.21205,0.88,1.13811
