Antecedent,Antecedent Coverage %,Confidence,Lift
OWN_COMMIT <= -0.017,0.07634,1.0,1.30841
-0.017 < OWN_COMMIT <= 0.049,0.36429,0.99265,1.29879
CountClassCoupled <= 0.9,0.1817,0.94103,1.23126
RatioCommentToCode > 1.36,0.19911,0.92601,1.2116
CountInput_Min > 2.02,0.17054,0.89791,1.17483
MaxInheritanceTree <= 1.09,0.22188,0.89336,1.16888
1.09 < MaxInheritanceTree <= 1.835,0.17321,0.89175,1.16678
1.2 < CountInput_Min <= 2.02,0.19554,0.87215,1.14113
0.9 < CountClassCoupled <= 3.1,0.22188,0.86922,1.13729
