Antecedent,Antecedent Coverage %,Confidence,Lift
OWN_COMMIT <= -0.009,0.08024,1.0,1.29994
-0.009 < OWN_COMMIT <= 0.063,0.36129,0.98745,1.28363
RatioCommentToCode > 1.32,0.1922,0.95519,1.24169
CountClassCoupled <= 0.85,0.18268,0.91067,1.18382
CountInput_Min > 2.255,0.19764,0.90367,1.17472
-0.225 < AvgLineBlank <= 0.12 & 0.75 < CountDeclClass <= 1.06,0.29873,0.90288,1.17369
AvgLineBlank <= -0.225,0.08794,0.90206,1.17263
0.85 < RatioCommentToCode <= 1.32,0.18314,0.87624,1.13906
1.685 < MaxInheritanceTree <= 2.16,0.2117,0.87366,1.13571
