feature,value,importance,left,right,rec,rule,min,max
MINOR_LINE,4.0,0.03506381418996612,1.0,3.4962585775144284,-1,3.4962585775144284 < MINOR_LINE <= 4.494567851334727,1.0,7.0
OWN_COMMIT,1.0,0.02897623352359697,0.0,0.8757602249511109,-1,OWN_COMMIT > 0.8757602249511109,0.0,1.0
CountClassBase,1.0,-0.017179364231903346,1.5010933622734564,5.0,1,0.5029011716142495 < CountClassBase <= 1.5010933622734564,0.0,5.0
MAJOR_LINE,1.0,-0.005276942282299037,1.499206042722081,13.0,1,0.4986009014000341 < MAJOR_LINE <= 1.499206042722081,0.0,13.0
