feature,value,importance,left,right,rec,rule,min,max
MAJOR_LINE,5.0,0.056496715157995564,0.0,2.4998111840441277,-1,2.4998111840441277 < MAJOR_LINE <= 6.502231749332315,0.0,13.0
OWN_COMMIT,0.5,0.054919440480268734,0.0,0.47314245730383975,-1,0.47314245730383975 < OWN_COMMIT <= 0.8757602249511109,0.0,1.0
PercentLackOfCohesion,96.0,-0.0015364163825310946,99.5594681206226,100.0,1,85.4235986405478 < PercentLackOfCohesion <= 99.5594681206226,0.0,100.0
