feature,value,importance,left,right,rec,rule,min,max
OWN_COMMIT,0.75,0.026061258710359435,0.0,0.47314245730383975,-1,0.47314245730383975 < OWN_COMMIT <= 0.8757602249511109,0.0,1.0
PercentLackOfCohesion,0.0,0.025587530107263036,0.0,0.0,-1,PercentLackOfCohesion <= 4.428887024983929,0.0,100.0
MAJOR_LINE,0.0,-0.020510625900256724,0.4986009014000341,13.0,1,MAJOR_LINE <= 0.4986009014000341,0.0,13.0
