feature,value,importance,left,right,rec,rule,min,max
MINOR_LINE,1.0,-0.034488715581736176,1.4996400298738282,7.0,1,MINOR_LINE <= 1.4996400298738282,1.0,7.0
OWN_COMMIT,1.0,0.030194726315821596,0.0,0.8757602249511109,-1,OWN_COMMIT > 0.8757602249511109,0.0,1.0
MAJOR_LINE,0.0,-0.017894180557808566,0.4986009014000341,13.0,1,MAJOR_LINE <= 0.4986009014000341,0.0,13.0
PercentLackOfCohesion,91.0,-0.0006321781397384384,99.5594681206226,100.0,1,85.4235986405478 < PercentLackOfCohesion <= 99.5594681206226,0.0,100.0
