feature,value,importance,left,right,rec,rule,min,max
MAJOR_LINE,6.0,0.04666884290399911,0.0,2.4998111840441277,-1,2.4998111840441277 < MAJOR_LINE <= 6.502231749332315,0.0,13.0
OWN_COMMIT,0.333333333333333,0.021698640857208268,0.0,0.1422783512174683,-1,0.1422783512174683 < OWN_COMMIT <= 0.47314245730383975,0.0,1.0
PercentLackOfCohesion,93.0,-0.0003369628529827164,99.5594681206226,100.0,1,85.4235986405478 < PercentLackOfCohesion <= 99.5594681206226,0.0,100.0
