feature,value,importance,left,right,rec,rule,min,max
OWN_COMMIT,1.0,0.027582754227956127,0.0,0.8757602249511109,-1,OWN_COMMIT > 0.8757602249511109,0.0,1.0
PercentLackOfCohesion,80.0,-0.006419096406364415,85.4235986405478,100.0,1,72.43388073993849 < PercentLackOfCohesion <= 85.4235986405478,0.0,100.0
MAJOR_LINE,2.0,0.0010151641000880527,0.0,1.499206042722081,-1,1.499206042722081 < MAJOR_LINE <= 2.4998111840441277,0.0,13.0
