feature,value,importance,left,right,rec,rule,min,max
MAJOR_LINE,13.0,0.06442370598048892,0.0,8.50344203197641,-1,MAJOR_LINE > 8.50344203197641,0.0,13.0
OWN_COMMIT,0.444444444444444,0.050834079227553945,0.0,0.1422783512174683,-1,0.1422783512174683 < OWN_COMMIT <= 0.47314245730383975,0.0,1.0
PercentLackOfCohesion,92.0,-0.0035961869719067317,99.5594681206226,100.0,1,85.4235986405478 < PercentLackOfCohesion <= 99.5594681206226,0.0,100.0
