feature,value,importance,left,right,rec,rule,min,max
Added_lines,346.0,0.1395006847290695,0.0,134.0061958090498,-1,134.0061958090498 < Added_lines <= 623.7822426910362,0.0,1401.0
CountClassCoupled,12.0,0.11555680167077978,0.0,9.501928024922897,-1,9.501928024922897 < CountClassCoupled <= 21.526921993333502,0.0,71.0
RatioCommentToCode,1.03,-0.010847652341821248,2.4494807886813446,17.89,1,0.9515288232774337 < RatioCommentToCode <= 2.4494807886813446,0.0,17.89
MAJOR_LINE,3.0,-0.0005086815140294007,6.501702411360784,13.0,1,2.495214472445795 < MAJOR_LINE <= 6.501702411360784,0.0,13.0
