feature,value,importance,left,right,rec,rule,min,max
Added_lines,229.0,0.13054375445982472,0.0,134.0061958090498,-1,134.0061958090498 < Added_lines <= 623.7822426910362,0.0,1401.0
CountClassCoupled,8.0,0.05361314621381855,0.0,5.519127474876073,-1,5.519127474876073 < CountClassCoupled <= 9.501928024922897,0.0,71.0
RatioCommentToCode,0.25,0.027451282064401082,0.0,0.24340607599558495,-1,0.24340607599558495 < RatioCommentToCode <= 0.9515288232774337,0.0,17.89
MAJOR_LINE,2.0,-0.003450732111207712,2.495214472445795,13.0,1,1.493592487717048 < MAJOR_LINE <= 2.495214472445795,0.0,13.0
