feature,value,importance,left,right,rec,rule,min,max
Added_lines,202.0,0.13040417460083975,0.0,134.0061958090498,-1,134.0061958090498 < Added_lines <= 623.7822426910362,0.0,1401.0
CountClassCoupled,8.0,0.06512709517893095,0.0,5.519127474876073,-1,5.519127474876073 < CountClassCoupled <= 9.501928024922897,0.0,71.0
MAJOR_LINE,2.0,-0.014710014365921485,2.495214472445795,13.0,1,1.493592487717048 < MAJOR_LINE <= 2.495214472445795,0.0,13.0
RatioCommentToCode,1.1,-0.01179615649921785,2.4494807886813446,17.89,1,0.9515288232774337 < RatioCommentToCode <= 2.4494807886813446,0.0,17.89
