feature,value,importance,min,max,rule,importance_ratio
Added_lines,0.0,-0.20290152841865913,0.0,10080.0,Added_lines <= 2.0010783245919797,0.20703408878676577
OWN_LINE,0.424628450106157,0.14840986314433485,0.252747252747253,1.0,OWN_LINE <= 0.6736697687357529,0.15143257432569632
MaxInheritanceTree,3.0,0.10311424378164999,0.0,7.0,2.493358591394463 < MaxInheritanceTree <= 3.505949893117027,0.10521440458655079
RatioCommentToCode,0.84,0.08513139717999772,0.05,29.08,0.3158916615634513 < RatioCommentToCode <= 0.8902967105398505,0.08686529559273758
MAJOR_LINE,1.0,-0.056902574620501294,0.0,12.0,0.5034576428756157 < MAJOR_LINE <= 1.505625548552707,0.058061527569513625
