feature,value,importance,min,max,rule,importance_ratio
MAJOR_LINE,6.0,0.21673576343544443,0.0,12.0,4.497171535648503 < MAJOR_LINE <= 7.503675252679776,0.14421654436196032
CountLineComment,922.0,0.19628050783392484,15.0,3419.0,CountLineComment > 430.39806709852445,0.13060556373683402
MaxInheritanceTree,3.0,0.13864689256416668,0.0,7.0,2.493358591394463 < MaxInheritanceTree <= 3.505949893117027,0.09225600526275733
CountDeclInstanceVariable,22.0,0.13454695412994336,0.0,1114.0,CountDeclInstanceVariable > 21.485480801487,0.08952789549578485
MaxNesting_Min,0.0,0.09384374159981732,0.0,5.0,MaxNesting_Min <= 0.5009210230821951,0.06244387132515624
