feature,value,importance,min,max,rule,importance_ratio
Added_lines,0.0,-0.1997214168740879,0.0,10080.0,Added_lines <= 2.0010783245919797,0.14714016683474856
CountDeclInstanceVariable,25.0,0.14867112208304173,0.0,1114.0,CountDeclInstanceVariable > 21.485480801487,0.10953003463118424
MaxInheritanceTree,3.0,0.11334766752674502,0.0,7.0,2.493358591394463 < MaxInheritanceTree <= 3.505949893117027,0.08350629076865267
RatioCommentToCode,0.39,0.10237846200720459,0.05,29.08,0.3158916615634513 < RatioCommentToCode <= 0.8902967105398505,0.07542498053437088
MAJOR_LINE,4.0,0.09651450153785013,0.0,12.0,2.492835724294319 < MAJOR_LINE <= 4.497171535648503,0.07110484233748865
