feature,value,importance,min,max,rule,importance_ratio
Added_lines,0.0,-0.20983725586191726,0.0,10080.0,Added_lines <= 2.0010783245919797,0.2248913750266496
MaxInheritanceTree,3.0,0.1290656864470588,0.0,7.0,2.493358591394463 < MaxInheritanceTree <= 3.505949893117027,0.13832510139637821
RatioCommentToCode,0.55,0.09273733633291936,0.05,29.08,0.3158916615634513 < RatioCommentToCode <= 0.8902967105398505,0.09939048715897818
OWN_LINE,0.866888519134775,-0.06803680000016644,0.252747252747253,1.0,0.818125123478282 < OWN_LINE <= 0.9786310731922031,0.07291788792033807
MAJOR_LINE,3.0,0.06607719959392425,0.0,12.0,2.492835724294319 < MAJOR_LINE <= 4.497171535648503,0.07081770209750883
