feature,value,importance,min,max,rule,importance_ratio
Added_lines,0.0,-0.20134731789232088,0.0,10080.0,Added_lines <= 2.0010783245919797,0.1681298075498915
OWN_LINE,0.768028846153846,0.15389256766396595,0.252747252747253,1.0,0.767298239402207 < OWN_LINE <= 0.818125123478282,0.12850396049744472
MaxInheritanceTree,1.0,-0.15206296198406094,0.0,7.0,0.4959182153937882 < MaxInheritanceTree <= 1.4946384033941256,0.12697619616427827
CountLineComment,288.0,0.09974867869181804,15.0,3419.0,254.46825531408285 < CountLineComment <= 430.39806709852445,0.08329252322486956
RatioCommentToCode,0.71,0.08961646830139536,0.05,29.08,0.3158916615634513 < RatioCommentToCode <= 0.8902967105398505,0.07483188614845313
