feature,value,importance,min,max,rule,importance_ratio
MAJOR_LINE,6.0,0.3668594409337086,0.0,12.0,4.497171535648503 < MAJOR_LINE <= 7.503675252679776,0.2183348732870559
Added_lines,0.0,-0.20818911704172552,0.0,10080.0,Added_lines <= 2.0010783245919797,0.12390288872860952
OWN_LINE,0.598480050664978,0.16118366284452731,0.252747252747253,1.0,OWN_LINE <= 0.6736697687357529,0.0959277878021479
CountLineComment,429.0,0.1206935339213726,15.0,3419.0,254.46825531408285 < CountLineComment <= 430.39806709852445,0.07183025566473454
RatioCommentToCode,0.46,0.10082222808291448,0.05,29.08,0.3158916615634513 < RatioCommentToCode <= 0.8902967105398505,0.06000393048895129
