feature,value,importance,min,max,rule,importance_ratio
Added_lines,0.0,-0.22389820464895765,0.0,10080.0,Added_lines <= 2.0010783245919797,0.18417495260654704
OWN_LINE,0.641975308641975,0.2055333144107609,0.252747252747253,1.0,OWN_LINE <= 0.6736697687357529,0.16906829824749398
MaxInheritanceTree,1.0,-0.1272461348557422,0.0,7.0,0.4959182153937882 < MaxInheritanceTree <= 1.4946384033941256,0.10467056175446522
RatioCommentToCode,0.85,0.11898908225632938,0.05,29.08,0.3158916615634513 < RatioCommentToCode <= 0.8902967105398505,0.09787844712562778
MAJOR_LINE,4.0,0.08501321561171374,0.0,12.0,2.492835724294319 < MAJOR_LINE <= 4.497171535648503,0.06993046228649352
