feature,value,importance,min,max,rule,importance_ratio
MAJOR_LINE,5.0,0.316713163967232,0.0,12.0,4.497171535648503 < MAJOR_LINE <= 7.503675252679776,0.20177077834589838
Added_lines,60.0,0.18734923560851408,0.0,10080.0,14.469711558006416 < Added_lines <= 1320.5590427581683,0.11935595166846315
OWN_LINE,0.605780346820809,0.1599211531706119,0.252747252747253,1.0,OWN_LINE <= 0.6736697687357529,0.10188214201461633
MaxInheritanceTree,1.0,-0.14875403637461368,0.0,7.0,0.4959182153937882 < MaxInheritanceTree <= 1.4946384033941256,0.09476782501059929
CountLineComment,368.0,0.13800590095322982,15.0,3419.0,254.46825531408285 < CountLineComment <= 430.39806709852445,0.0879204315439857
