feature,value,importance,min,max,rule,importance_ratio
MaxInheritanceTree,4.0,0.21135699419909254,0.0,7.0,3.505949893117027 < MaxInheritanceTree <= 4.504670081117364,0.1820461625183012
Added_lines,0.0,-0.1968555848811443,0.0,10080.0,Added_lines <= 2.0010783245919797,0.1695557979224039
OWN_LINE,0.731182795698925,0.1543157371338815,0.252747252747253,1.0,0.6816950662214489 < OWN_LINE <= 0.767298239402207,0.13291534480729597
RatioCommentToCode,0.5,0.08238137994512253,0.05,29.08,0.3158916615634513 < RatioCommentToCode <= 0.8902967105398505,0.070956791086103
CountLineComment,25.0,-0.0699886474644991,15.0,3419.0,22.755820280915856 < CountLineComment <= 33.483247828747665,0.060282673582859825
