feature,value,importance,min,max,rule,importance_ratio
Added_lines,0.0,-0.21312418845312653,0.0,10080.0,Added_lines <= 2.0010783245919797,0.20472627460693302
MaxInheritanceTree,4.0,0.20755046186752582,0.0,7.0,3.505949893117027 < MaxInheritanceTree <= 4.504670081117364,0.19937217431531537
RatioCommentToCode,0.69,0.08782245963064385,0.05,29.08,0.3158916615634513 < RatioCommentToCode <= 0.8902967105398505,0.08436191648398378
MAJOR_LINE,3.0,0.07343912586062976,0.0,12.0,2.492835724294319 < MAJOR_LINE <= 4.497171535648503,0.07054534146011825
OWN_LINE,0.929347826086957,-0.06453316381745926,0.252747252747253,1.0,0.818125123478282 < OWN_LINE <= 0.9786310731922031,0.06199030862164694
