feature,value,importance,min,max,rule,importance_ratio
CountLineComment,442.0,0.31953122404557077,15.0,3419.0,CountLineComment > 430.39806709852445,0.22089741220311682
Added_lines,0.0,-0.21681196842608963,0.0,10080.0,Added_lines <= 2.0010783245919797,0.1498858301032786
MaxInheritanceTree,4.0,0.20034613773102322,0.0,7.0,3.505949893117027 < MaxInheritanceTree <= 4.504670081117364,0.13850271910628859
MINOR_COMMIT,0.0,-0.1352498802232437,0.0,6.0,MINOR_COMMIT <= 0.49897740704811133,0.09350056048930963
CountDeclClassMethod,43.0,0.07024049306158338,0.0,62.0,CountDeclClassMethod > 16.51515533769871,0.04855845683163003
