feature,value,importance,min,max,rule,importance_ratio
Added_lines,72.0,0.17447412090583722,0.0,10080.0,14.469711558006416 < Added_lines <= 1320.5590427581683,0.16254254093438708
MaxInheritanceTree,4.0,0.17403674141609643,0.0,7.0,3.505949893117027 < MaxInheritanceTree <= 4.504670081117364,0.16213507206022998
OWN_LINE,0.859405940594059,-0.08011267172039545,0.252747252747253,1.0,0.818125123478282 < OWN_LINE <= 0.9786310731922031,0.07463408988604818
CountDeclClassMethod,3.0,0.07798617718214011,0.0,62.0,0.5091623020545092 < CountDeclClassMethod <= 13.493374941588892,0.07265301771479098
MAJOR_LINE,0.0,-0.06484593533020258,0.0,12.0,MAJOR_LINE <= 0.5034576428756157,0.06041138389530316
