feature,value,importance,min,max,rule,importance_ratio
MINOR_COMMIT,0.0,-0.21638437614819028,0.0,6.0,MINOR_COMMIT <= 0.49897740704811133,0.15365907372166676
MaxInheritanceTree,4.0,0.1957123559092149,0.0,7.0,3.505949893117027 < MaxInheritanceTree <= 4.504670081117364,0.1389794395520485
Added_lines,92.0,0.16791488106012778,0.0,10080.0,14.469711558006416 < Added_lines <= 1320.5590427581683,0.11923987095127835
CountLineComment,276.0,0.10528762530891536,15.0,3419.0,254.46825531408285 < CountLineComment <= 430.39806709852445,0.0747669460582594
RatioCommentToCode,0.37,0.08143532023939083,0.05,29.08,0.3158916615634513 < RatioCommentToCode <= 0.8902967105398505,0.05782892507748532
