feature,value,importance,min,max,rule,importance_ratio
Added_lines,0.0,-0.22082214407087902,0.0,10080.0,Added_lines <= 2.0010783245919797,0.17853471734881388
OWN_LINE,0.81294964028777,0.18260791373698831,0.252747252747253,1.0,0.767298239402207 < OWN_LINE <= 0.818125123478282,0.14763850972403075
PercentLackOfCohesion,19.0,-0.07902770489078847,0.0,100.0,PercentLackOfCohesion <= 54.6487004037945,0.06389390436709852
MaxNesting_Min,0.0,0.07382738530187334,0.0,5.0,MaxNesting_Min <= 0.5009210230821951,0.05968944565288345
MINOR_COMMIT,0.0,-0.06590331809845537,0.0,6.0,MINOR_COMMIT <= 0.49897740704811133,0.05328283682129299
