feature,value,importance,min,max,rule,importance_ratio
MAJOR_LINE,10.0,0.2989557540173337,0.0,12.0,MAJOR_LINE > 7.503675252679776,0.14786351543377618
CountLineComment,724.0,0.25568441500832734,15.0,3419.0,CountLineComment > 430.39806709852445,0.12646151123275517
Added_lines,0.0,-0.2031699844486984,0.0,10080.0,Added_lines <= 2.0010783245919797,0.10048787396635409
CountDeclInstanceVariable,18.0,0.20304463780597698,0.0,1114.0,17.474832958593538 < CountDeclInstanceVariable <= 21.485480801487,0.10042587751707505
MaxInheritanceTree,1.0,-0.16817322139789098,0.0,7.0,0.4959182153937882 < MaxInheritanceTree <= 1.4946384033941256,0.08317847502033067
