feature,value,importance,min,max,rule,importance_ratio
MAJOR_LINE,6.0,0.35220837292909984,0.0,12.0,4.497171535648503 < MAJOR_LINE <= 7.503675252679776,0.2807951780521005
Added_lines,2.0,0.12142513973235775,0.0,10080.0,2.0010783245919797 < Added_lines <= 5.118236632945589,0.09680517657089338
RatioCommentToCode,0.35,0.10539395034556821,0.05,29.08,0.3158916615634513 < RatioCommentToCode <= 0.8902967105398505,0.08402444498062915
OWN_LINE,0.414765100671141,0.07217154007518842,0.252747252747253,1.0,OWN_LINE <= 0.6736697687357529,0.05753815639637364
PercentLackOfCohesion,70.0,0.06142315221153212,0.0,100.0,58.44865951908631 < PercentLackOfCohesion <= 71.36852051107847,0.04896909411415483
