feature,value,importance,min,max,rule,importance_ratio
CountLineComment,2751.0,0.3188809422035669,15.0,3419.0,CountLineComment > 430.39806709852445,0.1877257514314724
Added_lines,25.0,0.20047847440033412,0.0,10080.0,14.469711558006416 < Added_lines <= 1320.5590427581683,0.1180220178495727
CountClassCoupled,73.0,-0.14163814853798656,0.0,128.0,CountClassCoupled > 42.45780664986833,0.0833826182333659
RatioCommentToCode,0.52,0.126641235185942,0.05,29.08,0.3158916615634513 < RatioCommentToCode <= 0.8902967105398505,0.07455390991134891
CountDeclInstanceVariable,37.0,0.11653053738189789,0.0,1114.0,CountDeclInstanceVariable > 21.485480801487,0.06860172496845242
