feature,value,importance,min,max,rule,importance_ratio
Added_lines,49.0,0.18464292481582664,0.0,10080.0,14.469711558006416 < Added_lines <= 1320.5590427581683,0.21574837761893856
MaxInheritanceTree,1.0,-0.1449898835493236,0.0,7.0,0.4959182153937882 < MaxInheritanceTree <= 1.4946384033941256,0.1694152764213802
RatioCommentToCode,0.73,0.08394013069005342,0.05,29.08,0.3158916615634513 < RatioCommentToCode <= 0.8902967105398505,0.09808091499614507
OWN_LINE,0.84394250513347,-0.04946566540740111,0.252747252747253,1.0,0.818125123478282 < OWN_LINE <= 0.9786310731922031,0.057798786875441
CountDeclClassMethod,3.0,0.03490857222900517,0.0,62.0,0.5091623020545092 < CountDeclClassMethod <= 13.493374941588892,0.04078936591214482
