feature,value,importance,min,max,rule,importance_ratio
MaxInheritanceTree,4.0,0.20449430772422575,0.0,7.0,3.505949893117027 < MaxInheritanceTree <= 4.504670081117364,0.1888623240027334
Added_lines,0.0,-0.16666916303429483,0.0,10080.0,Added_lines <= 2.0010783245919797,0.15392861454460108
RatioCommentToCode,0.41,0.1055171001087452,0.05,29.08,0.3158916615634513 < RatioCommentToCode <= 0.8902967105398505,0.09745114653969346
MINOR_COMMIT,0.0,0.10447686502268588,0.0,6.0,MINOR_COMMIT <= 0.49897740704811133,0.09649042925592785
CountInput_Min,0.0,-0.05965158620379926,0.0,337.0,CountInput_Min <= 0.5167997802233375,0.05509169094374885
