feature,value,importance,min,max,rule,importance_ratio
MAJOR_LINE,7.0,0.36638671592046007,0.0,12.0,4.497171535648503 < MAJOR_LINE <= 7.503675252679776,0.2562440013699972
Added_lines,0.0,-0.19515270422269368,0.0,10080.0,Added_lines <= 2.0010783245919797,0.13648614328870667
MaxInheritanceTree,1.0,-0.1657000847771071,0.0,7.0,0.4959182153937882 < MaxInheritanceTree <= 1.4946384033941256,0.11588753332381016
OWN_LINE,0.774774774774775,0.13725358835571397,0.252747252747253,1.0,0.767298239402207 < OWN_LINE <= 0.818125123478282,0.09599258694273688
RatioCommentToCode,0.34,0.09277006285864142,0.05,29.08,0.3158916615634513 < RatioCommentToCode <= 0.8902967105398505,0.06488164303261781
