feature,value,importance,min,max,rule,importance_ratio
Added_lines,0.0,-0.19393200521835863,0.0,10080.0,Added_lines <= 2.0010783245919797,0.18562006894714989
OWN_LINE,0.682012847965739,0.1569391512458404,0.252747252747253,1.0,0.6816950662214489 < OWN_LINE <= 0.767298239402207,0.15021273070404154
MaxInheritanceTree,1.0,-0.13990171880267777,0.0,7.0,0.4959182153937882 < MaxInheritanceTree <= 1.4946384033941256,0.13390552354026555
CountLineComment,397.0,0.07944296123178603,15.0,3419.0,254.46825531408285 < CountLineComment <= 430.39806709852445,0.07603803160085061
MAJOR_LINE,2.0,0.049049403574998145,0.0,12.0,1.505625548552707 < MAJOR_LINE <= 2.492835724294319,0.04694714347513925
