feature,value,importance,min,max,rule,importance_ratio
MAJOR_LINE,8.0,0.3703970445010544,0.0,12.0,MAJOR_LINE > 7.503675252679776,0.2285523800129034
CountLineComment,463.0,0.2875234397626179,15.0,3419.0,CountLineComment > 430.39806709852445,0.17741547197214724
OWN_LINE,0.403259506895111,0.17618370232746497,0.252747252747253,1.0,OWN_LINE <= 0.6736697687357529,0.10871362254164099
MaxInheritanceTree,1.0,-0.15419353041383307,0.0,7.0,0.4959182153937882 < MaxInheritanceTree <= 1.4946384033941256,0.09514465323594999
CountDeclInstanceVariable,36.0,0.0997179879911618,0.0,1114.0,CountDeclInstanceVariable > 21.485480801487,0.061530683961527326
