feature,value,importance,min,max,rule,importance_ratio
CountLineComment,1395.0,0.3034413951595319,15.0,3419.0,CountLineComment > 430.39806709852445,0.19282470740772695
MAJOR_LINE,10.0,0.20940314787225678,0.0,12.0,MAJOR_LINE > 7.503675252679776,0.13306721285504383
OWN_LINE,0.762361251261352,0.20019648948578034,0.252747252747253,1.0,0.6816950662214489 < OWN_LINE <= 0.767298239402207,0.12721675461864573
Added_lines,13.0,0.13403754991439357,0.0,10080.0,5.118236632945589 < Added_lines <= 14.469711558006416,0.08517543010340874
MaxInheritanceTree,0.0,-0.12422960341270599,0.0,7.0,MaxInheritanceTree <= 0.4959182153937882,0.0789428776414605
