feature,value,importance,min,max,rule,importance_ratio
Added_lines,0.0,-0.20797243642638816,0.0,10080.0,Added_lines <= 2.0010783245919797,0.16513547551456087
OWN_LINE,0.427118644067797,0.17271302961340118,0.252747252747253,1.0,OWN_LINE <= 0.6736697687357529,0.13713859760865216
MaxInheritanceTree,1.0,-0.1302622782378429,0.0,7.0,0.4959182153937882 < MaxInheritanceTree <= 1.4946384033941256,0.10343160674578147
CountDeclMethodPublic,41.0,0.07963596735927929,0.0,205.0,23.55408671781892 < CountDeclMethodPublic <= 46.44782433188537,0.06323301089272632
MAJOR_LINE,4.0,0.0790236875978562,0.0,12.0,2.492835724294319 < MAJOR_LINE <= 4.497171535648503,0.06274684497916627
