feature,value,importance,min,max,rule,importance_ratio
Added_lines,0.0,-0.19986033785433685,0.0,10080.0,Added_lines <= 2.0010783245919797,0.1782968874441619
OWN_LINE,0.685931558935361,0.13718545240697896,0.252747252747253,1.0,0.6816950662214489 < OWN_LINE <= 0.767298239402207,0.12238415800442816
CountLineComment,344.0,0.12199305227267959,15.0,3419.0,254.46825531408285 < CountLineComment <= 430.39806709852445,0.10883090533892904
MAJOR_LINE,4.0,0.08889479226551707,0.0,12.0,2.492835724294319 < MAJOR_LINE <= 4.497171535648503,0.07930370248092283
RatioCommentToCode,0.41,0.08883772562704227,0.05,29.08,0.3158916615634513 < RatioCommentToCode <= 0.8902967105398505,0.0792527929101386
