feature,value,importance,min,max,rule,importance_ratio
MaxInheritanceTree,6.0,0.23052096214097703,0.0,7.0,MaxInheritanceTree > 4.504670081117364,0.16969223987814258
Added_lines,58.0,0.17479174256043456,0.0,10080.0,14.469711558006416 < Added_lines <= 1320.5590427581683,0.12866856893103062
OWN_LINE,0.524390243902439,0.16519917092061123,0.252747252747253,1.0,OWN_LINE <= 0.6736697687357529,0.12160723727322816
MaxNesting_Min,0.0,0.10124527628934038,0.0,5.0,MaxNesting_Min <= 0.5009210230821951,0.0745291775249171
MINOR_COMMIT,0.0,-0.08397662822570444,0.0,6.0,MINOR_COMMIT <= 0.49897740704811133,0.06181729422211512
