feature,value,importance,min,max,rule,importance_ratio
CountClassDerived,6.0,0.1912983844488596,0.0,146.0,4.481220827909102 < CountClassDerived <= 7.510151647074075,0.1265226956366925
Added_lines,0.0,-0.17721629089587695,0.0,10080.0,Added_lines <= 2.0010783245919797,0.11720895029762632
CountDeclInstanceVariable,3.0,-0.15691421116553936,0.0,1114.0,2.4349035477430396 < CountDeclInstanceVariable <= 6.445551390636505,0.10378137294555485
MaxInheritanceTree,1.0,-0.1474012549115927,0.0,7.0,0.4959182153937882 < MaxInheritanceTree <= 1.4946384033941256,0.09748960591265016
CountDeclMethodProtected,0.0,0.0993457854940327,0.0,93.0,CountDeclMethodProtected <= 0.5063924045321226,0.06570623488046173
