feature,value,importance,min,max,rule,importance_ratio
Added_lines,0.0,-0.19778566468438427,0.0,10080.0,Added_lines <= 2.0010783245919797,0.16155476570876628
OWN_LINE,0.630111524163569,0.13046447612493978,0.252747252747253,1.0,OWN_LINE <= 0.6736697687357529,0.10656564977707243
MaxInheritanceTree,3.0,0.10819540740787512,0.0,7.0,2.493358591394463 < MaxInheritanceTree <= 3.505949893117027,0.08837588771884253
MAJOR_LINE,3.0,0.10666970453458759,0.0,12.0,2.492835724294319 < MAJOR_LINE <= 4.497171535648503,0.08712966711620944
MINOR_COMMIT,0.0,0.10233528191528535,0.0,6.0,MINOR_COMMIT <= 0.49897740704811133,0.08358923544811273
