feature,value,importance,min,max,rule,importance_ratio
CountLineComment,596.0,0.2900492705716767,15.0,3419.0,CountLineComment > 430.39806709852445,0.16914710616324558
MAJOR_LINE,8.0,0.23693790398339465,0.0,12.0,MAJOR_LINE > 7.503675252679776,0.13817432024629853
Added_lines,0.0,-0.19911539692204913,0.0,10080.0,Added_lines <= 2.0010783245919797,0.1161174896786638
OWN_LINE,0.530458590006845,0.1737348173715186,0.252747252747253,1.0,OWN_LINE <= 0.6736697687357529,0.10131637821488787
CountDeclInstanceVariable,43.0,0.15197084646394465,0.0,1114.0,CountDeclInstanceVariable > 21.485480801487,0.0886243528552603
