feature,value,importance,min,max,rule,importance_ratio
CountLineComment,3778.0,0.2808765438237901,15.0,3419.0,CountLineComment > 430.39806709852445,0.16506414409534448
Added_lines,286.0,0.2022234256642081,0.0,10080.0,14.469711558006416 < Added_lines <= 1320.5590427581683,0.11884166694329627
OWN_LINE,0.745413582233666,0.18223225367954524,0.252747252747253,1.0,0.6816950662214489 < OWN_LINE <= 0.767298239402207,0.1070933534380526
MaxInheritanceTree,1.0,-0.17363972961430518,0.0,7.0,0.4959182153937882 < MaxInheritanceTree <= 1.4946384033941256,0.10204374120935296
CountDeclInstanceVariable,42.0,0.14139539430498474,0.0,1114.0,CountDeclInstanceVariable > 21.485480801487,0.08309454902228551
