feature,value,importance,min,max,rule,importance_ratio
CountDeclMethodPublic,57.0,0.16252981170065084,0.0,205.0,CountDeclMethodPublic > 46.44782433188537,0.12033246635434738
Added_lines,34.0,0.15304431074015443,0.0,10080.0,14.469711558006416 < Added_lines <= 1320.5590427581683,0.11330967027011064
CountDeclMethodProtected,0.0,0.12486309108992483,0.0,93.0,CountDeclMethodProtected <= 0.5063924045321226,0.09244509392007143
CountDeclInstanceVariable,36.0,0.11357018185172517,0.0,1114.0,CountDeclInstanceVariable > 21.485480801487,0.0840841439704634
MAJOR_LINE,2.0,0.10687787693959261,0.0,12.0,1.505625548552707 < MAJOR_LINE <= 2.492835724294319,0.0791293510789572
