feature,value,importance,min,max,rule,importance_ratio
MaxInheritanceTree,4.0,0.20641079148147268,0.0,7.0,3.505949893117027 < MaxInheritanceTree <= 4.504670081117364,0.17845626866486078
OWN_LINE,0.635701275045537,0.15373875958673625,0.252747252747253,1.0,OWN_LINE <= 0.6736697687357529,0.13291768898369663
Added_lines,12.0,0.12240309336085928,0.0,10080.0,5.118236632945589 < Added_lines <= 14.469711558006416,0.10582585899427749
MINOR_COMMIT,0.0,0.11077604715074142,0.0,6.0,MINOR_COMMIT <= 0.49897740704811133,0.09577348107663462
MAJOR_LINE,4.0,0.09933570461376452,0.0,12.0,2.492835724294319 < MAJOR_LINE <= 4.497171535648503,0.08588252127388595
