feature,value,importance,min,max,rule,importance_ratio
CountLineComment,508.0,0.2666706099250934,15.0,3419.0,CountLineComment > 430.39806709852445,0.18833756078897257
CountDeclInstanceVariable,21.0,0.2313584450217958,0.0,1114.0,17.474832958593538 < CountDeclInstanceVariable <= 21.485480801487,0.16339815330821134
Added_lines,0.0,-0.1996663312416506,0.0,10080.0,Added_lines <= 2.0010783245919797,0.14101542651549973
MaxInheritanceTree,3.0,0.12694510593184644,0.0,7.0,2.493358591394463 < MaxInheritanceTree <= 3.505949893117027,0.08965566776187857
RatioCommentToCode,0.62,0.09607812166977125,0.05,29.08,0.3158916615634513 < RatioCommentToCode <= 0.8902967105398505,0.0678556931547638
