test_idx,candidate_id,CountDeclMethodPrivate,CountDeclMethodDefault,AvgEssential,CountDeclClassVariable,CountDeclClassMethod,AvgLineComment,AvgCyclomaticModified,CountLineComment,CountDeclClass,CountDeclMethodProtected,CountDeclInstanceVariable,CountDeclMethodPublic,AvgLineBlank,MaxInheritanceTree,CountClassDerived,CountClassCoupled,CountClassBase,CountInput_Min,CountOutput_Mean,CountOutput_Min,CountPath_Min,MaxNesting_Min,OWN_COMMIT,MINOR_COMMIT,MINOR_LINE,MAJOR_LINE,proba0,proba1,num_features_changed
57,0,17.0,7.0,1.0,1.0,0.0,2.0,1.0,40.0,26.0,2.0,32.0,151.0,0.0,3.0,19.0,14.0,2.0,0.0,2.08474576271186,0.0,0.0,0.0,1.0,0.0,1.0,1.0,0.633795975207309,0.36620402479269093,1
57,1,17.0,7.0,1.0,1.0,0.0,2.0,1.0,20.0,26.0,2.0,32.0,151.0,0.0,3.0,19.0,0.0,2.0,0.0,2.08474576271186,0.0,0.0,0.0,1.0,0.0,1.0,1.0,0.9933710576430715,0.006628942356928477,2
57,2,17.0,0.0,1.0,1.0,0.0,2.0,1.0,20.0,26.0,2.0,32.0,151.0,0.0,3.0,19.0,0.0,2.0,0.0,2.08474576271186,0.0,0.0,0.0,1.0,0.0,1.0,1.0,0.9986614565622092,0.0013385434377908006,3
57,3,17.0,0.0,1.0,1.0,0.0,2.0,1.0,20.0,26.0,2.0,32.0,151.0,0.0,3.0,19.0,0.0,2.0,0.0,5.0,0.0,0.0,0.0,1.0,0.0,1.0,1.0,0.9993312680241385,0.000668731975861465,4
57,4,17.0,0.0,1.0,1.0,0.0,2.0,1.0,19.0,26.0,2.0,32.0,151.0,0.0,3.0,19.0,0.0,2.0,0.0,5.0,0.0,0.0,0.0,1.0,0.0,1.0,1.0,0.9994059813326298,0.0005940186673702315,4
57,5,17.0,0.0,1.0,1.0,0.0,2.0,1.0,19.0,26.0,2.0,32.0,151.0,0.0,3.0,19.0,0.0,2.0,0.0,5.0,1.0,0.0,0.0,1.0,0.0,1.0,1.0,0.9994095297570221,0.0005904702429778974,5
57,6,1.0,7.0,1.0,1.0,0.0,2.0,1.0,20.0,26.0,2.0,32.0,151.0,0.0,3.0,19.0,14.0,2.0,0.0,2.08474576271186,0.0,0.0,0.0,1.0,0.0,1.0,1.0,0.9850918392452542,0.0149081607547458,2
57,7,1.0,7.0,1.0,1.0,0.0,2.0,1.0,20.0,26.0,2.0,32.0,2.0,0.0,3.0,19.0,14.0,2.0,0.0,2.08474576271186,0.0,0.0,0.0,1.0,0.0,1.0,1.0,0.9949065982495113,0.005093401750488618,3
57,8,1.0,7.0,1.0,1.0,0.0,2.0,1.0,20.0,26.0,2.0,32.0,2.0,0.0,3.0,19.0,14.0,2.0,0.0,3.0,0.0,0.0,0.0,1.0,0.0,1.0,1.0,0.997680025519323,0.002319974480677006,4
57,9,1.0,7.0,1.0,1.0,0.0,2.0,1.0,16.0,26.0,2.0,32.0,2.0,0.0,3.0,19.0,14.0,2.0,0.0,3.0,0.0,0.0,0.0,1.0,0.0,1.0,1.0,0.9983414321778505,0.0016585678221495048,4
57,10,1.0,7.0,1.0,1.0,0.0,2.0,1.0,16.0,26.0,2.0,32.0,2.0,0.0,3.0,19.0,14.0,2.0,0.0,4.3,0.0,0.0,0.0,1.0,0.0,1.0,1.0,0.9988196093925266,0.0011803906074734686,4
57,11,1.0,7.0,1.0,1.0,0.0,24.0,1.0,16.0,26.0,2.0,32.0,2.0,0.0,3.0,19.0,14.0,2.0,0.0,4.3,0.0,0.0,0.0,1.0,0.0,1.0,1.0,0.9990477775483665,0.0009522224516335384,5
57,12,1.0,7.0,1.0,1.0,0.0,24.0,1.0,16.0,26.0,2.0,32.0,2.0,0.0,3.0,19.0,14.0,2.0,0.0,6.4,0.0,0.0,0.0,1.0,0.0,1.0,1.0,0.9990628808019114,0.000937119198088576,5
57,13,1.0,7.0,1.0,1.0,0.0,24.0,1.0,16.0,26.0,2.0,32.0,3.0,0.0,3.0,19.0,14.0,2.0,0.0,6.4,0.0,0.0,0.0,1.0,0.0,1.0,1.0,0.9990941893410142,0.0009058106589857521,5
57,14,17.0,0.0,1.0,1.0,0.0,2.0,1.0,20.0,26.0,2.0,32.0,151.0,0.0,3.0,19.0,14.0,2.0,0.0,2.08474576271186,0.0,0.0,0.0,1.0,0.0,1.0,1.0,0.990355103666261,0.009644896333738986,2
57,15,17.0,0.0,1.0,1.0,0.0,2.0,1.0,20.0,26.0,2.0,32.0,2.0,0.0,3.0,19.0,14.0,2.0,0.0,2.08474576271186,0.0,0.0,0.0,1.0,0.0,1.0,1.0,0.9967224886205183,0.003277511379481712,3
57,16,17.0,0.0,1.0,1.0,0.0,2.0,1.0,22.0,26.0,2.0,32.0,2.0,0.0,3.0,19.0,14.0,2.0,0.0,2.08474576271186,0.0,0.0,0.0,1.0,0.0,1.0,1.0,0.9978103183441648,0.002189681655835248,3
57,17,17.0,0.0,1.0,1.0,0.0,2.0,1.0,22.0,26.0,2.0,32.0,2.0,0.0,3.0,19.0,14.0,2.0,0.0,2.08474576271186,0.0,84.0,0.0,1.0,0.0,1.0,1.0,0.9978410286779728,0.0021589713220272724,4
57,18,17.0,7.0,1.0,1.0,0.0,2.0,1.0,20.0,26.0,2.0,32.0,151.0,0.0,3.0,19.0,14.0,2.0,0.0,2.08474576271186,26.0,0.0,0.0,1.0,0.0,1.0,1.0,0.9843699365952985,0.015630063404701536,2
57,19,17.0,7.0,1.0,1.0,0.0,2.0,1.0,20.0,26.0,2.0,32.0,2.0,0.0,3.0,19.0,14.0,2.0,0.0,2.08474576271186,26.0,0.0,0.0,1.0,0.0,1.0,1.0,0.9948817155372233,0.005118284462776707,3
104,0,15.0,0.0,3.0,3.0,4.0,5.0,5.0,197.0,2.0,5.0,10.0,13.0,2.0,1.0,0.0,9.0,2.0,2.0,8.06060606060606,1.0,1.0,0.0,0.5,0.0,2.0,7.0,0.5096543833605813,0.4903456166394186,1
104,1,0.0,0.0,3.0,3.0,4.0,5.0,5.0,197.0,2.0,5.0,10.0,13.0,2.0,1.0,0.0,0.0,2.0,2.0,8.06060606060606,1.0,1.0,0.0,0.5,0.0,2.0,7.0,0.9304857001303709,0.06951429986962909,2
104,2,0.0,0.0,3.0,3.0,4.0,5.0,2.0,197.0,2.0,5.0,10.0,13.0,2.0,1.0,0.0,0.0,2.0,2.0,8.06060606060606,1.0,1.0,0.0,0.5,0.0,2.0,7.0,0.9813635987576023,0.018636401242397772,3
104,3,0.0,0.0,3.0,3.0,4.0,5.0,2.0,40.0,2.0,5.0,10.0,13.0,2.0,1.0,0.0,0.0,2.0,2.0,8.06060606060606,1.0,1.0,0.0,0.5,0.0,2.0,7.0,0.9927029902632464,0.007297009736753658,4
104,4,0.0,0.0,8.0,3.0,4.0,5.0,2.0,40.0,2.0,5.0,10.0,13.0,2.0,1.0,0.0,0.0,2.0,2.0,8.06060606060606,1.0,1.0,0.0,0.5,0.0,2.0,7.0,0.9964202667326787,0.003579733267321259,5
104,5,15.0,0.0,3.0,3.0,4.0,5.0,5.0,197.0,2.0,5.0,10.0,13.0,2.0,1.0,0.0,0.0,2.0,2.0,8.06060606060606,1.0,1.0,0.0,0.0,0.0,2.0,7.0,0.8764432214861922,0.1235567785138078,2
104,6,15.0,0.0,3.0,3.0,4.0,5.0,5.0,197.0,2.0,5.0,10.0,3.0,2.0,1.0,0.0,0.0,2.0,2.0,8.06060606060606,1.0,1.0,0.0,0.0,0.0,2.0,7.0,0.9636219537659937,0.03637804623400626,3
104,7,15.0,0.0,3.0,3.0,4.0,5.0,2.0,197.0,2.0,5.0,10.0,3.0,2.0,1.0,0.0,0.0,2.0,2.0,8.06060606060606,1.0,1.0,0.0,0.0,0.0,2.0,7.0,0.9901573863378207,0.009842613662179311,4
104,8,15.0,0.0,8.0,3.0,4.0,5.0,2.0,197.0,2.0,5.0,10.0,3.0,2.0,1.0,0.0,0.0,2.0,2.0,8.06060606060606,1.0,1.0,0.0,0.0,0.0,2.0,7.0,0.9951989496047492,0.004801050395250844,5
104,9,15.0,0.0,3.0,3.0,4.0,5.0,5.0,40.0,2.0,5.0,10.0,13.0,2.0,1.0,0.0,0.0,2.0,2.0,8.06060606060606,1.0,1.0,0.0,0.5,0.0,2.0,7.0,0.8156065718749519,0.18439342812504816,2
104,10,15.0,0.0,3.0,3.0,4.0,5.0,5.0,40.0,2.0,5.0,10.0,13.0,2.0,1.0,0.0,0.0,2.0,2.0,8.06060606060606,1.0,1.0,0.0,0.5,0.0,7.0,7.0,0.9224769788361107,0.07752302116388934,3
104,11,15.0,0.0,3.0,3.0,4.0,5.0,24.0,40.0,2.0,5.0,10.0,13.0,2.0,1.0,0.0,0.0,2.0,2.0,8.06060606060606,1.0,1.0,0.0,0.5,0.0,7.0,7.0,0.948763344931386,0.05123665506861393,4
104,12,15.0,0.0,3.0,3.0,4.0,5.0,24.0,40.0,2.0,5.0,10.0,13.0,2.0,0.0,0.0,0.0,2.0,2.0,8.06060606060606,1.0,1.0,0.0,0.5,0.0,7.0,7.0,0.9532591072392552,0.04674089276074483,5
104,13,0.0,0.0,3.0,3.0,4.0,5.0,2.0,40.0,2.0,5.0,10.0,13.0,2.0,1.0,0.0,0.0,2.0,2.0,8.06060606060606,1.0,1.0,0.0,0.5,0.0,7.0,7.0,0.9944435913117582,0.00555640868824178,5
104,14,15.0,0.0,3.0,3.0,4.0,5.0,5.0,197.0,2.0,5.0,10.0,13.0,2.0,9.0,0.0,0.0,2.0,2.0,8.06060606060606,1.0,1.0,0.0,0.0,0.0,2.0,7.0,0.962089765570492,0.03791023442950799,3
104,15,15.0,0.0,3.0,3.0,4.0,5.0,2.0,197.0,2.0,5.0,10.0,13.0,2.0,9.0,0.0,0.0,2.0,2.0,8.06060606060606,1.0,1.0,0.0,0.0,0.0,2.0,7.0,0.9829842359733835,0.01701576402661657,4
104,16,15.0,0.0,8.0,3.0,4.0,5.0,5.0,197.0,2.0,5.0,10.0,13.0,2.0,1.0,0.0,0.0,2.0,2.0,8.06060606060606,1.0,1.0,0.0,0.5,0.0,2.0,7.0,0.7189070613664716,0.2810929386335284,2
104,17,15.0,0.0,8.0,3.0,4.0,5.0,5.0,197.0,2.0,5.0,10.0,13.0,2.0,9.0,0.0,0.0,2.0,2.0,8.06060606060606,1.0,1.0,0.0,0.5,0.0,2.0,7.0,0.8512268797196935,0.14877312028030656,3
104,18,15.0,0.0,8.0,3.0,4.0,5.0,2.0,197.0,2.0,5.0,10.0,13.0,2.0,9.0,0.0,0.0,2.0,2.0,8.06060606060606,1.0,1.0,0.0,0.5,0.0,2.0,7.0,0.9074860491129735,0.09251395088702655,4
104,19,15.0,114.0,8.0,3.0,4.0,5.0,2.0,197.0,2.0,5.0,10.0,13.0,2.0,9.0,0.0,0.0,2.0,2.0,8.06060606060606,1.0,1.0,0.0,0.5,0.0,2.0,7.0,0.9258339697944912,0.07416603020550883,5
115,0,4.0,0.0,2.0,1.0,0.0,4.0,3.0,132.0,4.0,9.0,13.0,25.0,1.0,3.0,0.0,6.0,2.0,0.0,5.02631578947368,1.0,1.0,0.0,0.333333333333333,0.0,3.0,7.0,0.9157066172160262,0.08429338278397376,1
115,1,4.0,0.0,2.0,1.0,0.0,4.0,3.0,132.0,4.0,9.0,13.0,25.0,1.0,3.0,0.0,0.0,2.0,0.0,5.02631578947368,1.0,0.0,0.0,0.333333333333333,0.0,3.0,7.0,0.9920328658809869,0.007967134119013057,2
115,2,4.0,0.0,2.0,1.0,0.0,4.0,2.0,132.0,4.0,9.0,13.0,25.0,1.0,3.0,0.0,0.0,2.0,0.0,5.02631578947368,1.0,0.0,0.0,0.333333333333333,0.0,3.0,7.0,0.996281063122006,0.003718936877993913,3
115,3,4.0,0.0,2.0,1.0,0.0,4.0,2.0,40.0,4.0,9.0,13.0,25.0,1.0,3.0,0.0,0.0,2.0,0.0,5.02631578947368,1.0,0.0,0.0,0.333333333333333,0.0,3.0,7.0,0.9979034832605775,0.0020965167394225064,4
115,4,4.0,0.0,2.0,1.0,0.0,4.0,2.0,40.0,0.0,9.0,13.0,25.0,1.0,3.0,0.0,0.0,2.0,0.0,5.02631578947368,1.0,0.0,0.0,0.333333333333333,0.0,3.0,7.0,0.9983778145787352,0.0016221854212647826,5
115,5,4.0,0.0,2.0,1.0,0.0,4.0,3.0,22.0,4.0,9.0,13.0,25.0,1.0,3.0,0.0,19.0,2.0,0.0,5.02631578947368,1.0,1.0,0.0,0.333333333333333,0.0,3.0,7.0,0.6177712020159435,0.3822287979840565,1
115,6,4.0,0.0,2.0,1.0,0.0,4.0,0.0,16.0,4.0,9.0,13.0,25.0,1.0,3.0,0.0,19.0,2.0,0.0,5.02631578947368,1.0,1.0,0.0,0.333333333333333,0.0,3.0,7.0,0.9724617881085069,0.027538211891493032,2
115,7,4.0,0.0,2.0,1.0,0.0,24.0,0.0,16.0,4.0,9.0,13.0,25.0,1.0,3.0,0.0,19.0,2.0,0.0,5.02631578947368,1.0,1.0,0.0,0.333333333333333,0.0,3.0,7.0,0.9861424317984931,0.01385756820150684,3
115,8,4.0,0.0,2.0,1.0,0.0,24.0,0.0,16.0,4.0,9.0,13.0,25.0,1.0,3.0,3136.0,19.0,2.0,0.0,5.02631578947368,1.0,1.0,0.0,0.333333333333333,0.0,3.0,7.0,0.990606142685136,0.009393857314863934,4
115,9,4.0,0.0,2.0,1.0,0.0,24.0,0.0,16.0,4.0,9.0,13.0,25.0,1.0,3.0,3136.0,19.0,2.0,0.0,4.3,1.0,1.0,0.0,0.333333333333333,0.0,3.0,7.0,0.991807848776028,0.008192151223971949,5
115,10,4.0,0.0,2.0,1.0,0.0,24.0,3.0,132.0,4.0,9.0,13.0,25.0,1.0,3.0,0.0,19.0,2.0,0.0,5.02631578947368,1.0,1.0,0.0,0.333333333333333,0.0,3.0,7.0,0.5694956642203173,0.4305043357796827,1
115,11,4.0,0.0,2.0,1.0,0.0,24.0,3.0,132.0,4.0,9.0,13.0,25.0,1.0,3.0,0.0,0.0,2.0,0.0,5.02631578947368,1.0,0.0,0.0,0.333333333333333,0.0,3.0,7.0,0.9967485565673087,0.003251443432691315,3
115,12,4.0,0.0,2.0,1.0,0.0,24.0,3.0,132.0,4.0,9.0,13.0,3.0,1.0,3.0,0.0,0.0,2.0,0.0,5.02631578947368,1.0,0.0,0.0,0.333333333333333,0.0,3.0,7.0,0.9980065357777168,0.0019934642222832035,4
115,13,4.0,0.0,2.0,1.0,0.0,4.0,2.0,132.0,4.0,9.0,13.0,25.0,1.0,3.0,0.0,0.0,2.0,0.0,5.02631578947368,1.0,1.0,0.0,0.333333333333333,0.0,3.0,7.0,0.9872864078065252,0.012713592193474807,2
115,14,4.0,0.0,2.0,1.0,0.0,4.0,2.0,132.0,4.0,9.0,13.0,25.0,1.0,3.0,0.0,0.0,2.0,0.0,3.0,1.0,1.0,0.0,0.333333333333333,0.0,3.0,7.0,0.9959783355796601,0.004021664420339891,3
115,15,4.0,0.0,2.0,43.0,0.0,4.0,2.0,132.0,4.0,9.0,13.0,25.0,1.0,3.0,0.0,0.0,2.0,0.0,3.0,1.0,1.0,0.0,0.333333333333333,0.0,3.0,7.0,0.9980748259666687,0.001925174033331223,4
115,16,4.0,0.0,2.0,1.0,0.0,4.0,3.0,132.0,72.0,9.0,13.0,25.0,1.0,3.0,0.0,19.0,2.0,0.0,5.02631578947368,1.0,1.0,0.0,0.333333333333333,0.0,3.0,7.0,0.6011695297635218,0.3988304702364783,1
115,17,4.0,0.0,2.0,1.0,0.0,4.0,3.0,16.0,4.0,9.0,13.0,1.0,1.0,3.0,0.0,19.0,2.0,0.0,5.02631578947368,1.0,1.0,0.0,0.333333333333333,0.0,3.0,7.0,0.979802161521729,0.02019783847827094,2
115,18,4.0,0.0,2.0,1.0,0.0,4.0,0.0,16.0,4.0,9.0,13.0,1.0,1.0,3.0,0.0,19.0,2.0,0.0,5.02631578947368,1.0,1.0,0.0,0.333333333333333,0.0,3.0,7.0,0.995495343533806,0.004504656466193992,3
115,19,4.0,0.0,2.0,1.0,0.0,4.0,0.0,16.0,4.0,9.0,13.0,1.0,1.0,3.0,0.0,19.0,2.0,0.0,5.02631578947368,1.0,0.0,0.0,0.333333333333333,0.0,3.0,7.0,0.9981849396506272,0.0018150603493728569,4
141,0,0.0,0.0,3.0,0.0,1.0,6.0,2.0,44.0,1.0,1.0,1.0,3.0,3.0,6.0,1.0,10.0,1.0,1.0,14.25,2.0,1.0,0.0,1.0,0.0,3.0,3.0,0.9188887114155282,0.08111128858447186,1
141,1,0.0,0.0,3.0,0.0,1.0,6.0,5.0,44.0,1.0,1.0,1.0,3.0,3.0,6.0,1.0,6.0,1.0,1.0,14.25,2.0,1.0,0.0,1.0,0.0,3.0,3.0,0.7440944656515402,0.2559055343484598,1
141,2,0.0,0.0,3.0,0.0,1.0,24.0,5.0,44.0,1.0,1.0,1.0,3.0,3.0,6.0,1.0,10.0,1.0,1.0,14.25,2.0,1.0,0.0,1.0,0.0,3.0,3.0,0.524612149049675,0.475387850950325,1
141,3,0.0,0.0,3.0,0.0,1.0,24.0,0.0,44.0,1.0,1.0,1.0,3.0,3.0,6.0,1.0,0.0,1.0,1.0,2.0,2.0,1.0,0.0,1.0,0.0,3.0,3.0,0.9997705491722746,0.00022945082772543663,4
141,4,0.0,0.0,3.0,0.0,1.0,6.0,5.0,22.0,1.0,1.0,1.0,3.0,3.0,6.0,1.0,10.0,1.0,1.0,14.25,2.0,1.0,0.0,1.0,0.0,3.0,3.0,0.5937525081328917,0.4062474918671083,1
141,5,0.0,0.0,3.0,0.0,1.0,24.0,0.0,16.0,1.0,1.0,1.0,3.0,3.0,6.0,1.0,0.0,1.0,1.0,2.5,2.0,1.0,0.0,1.0,0.0,3.0,3.0,0.9999351700494005,6.482995059952226e-05,5
141,6,0.0,0.0,3.0,0.0,1.0,6.0,5.0,16.0,1.0,1.0,1.0,3.0,3.0,6.0,1.0,10.0,1.0,1.0,14.25,2.0,1.0,0.0,1.0,0.0,3.0,3.0,0.8749443877690819,0.1250556122309181,1
141,7,0.0,0.0,3.0,0.0,1.0,6.0,5.0,16.0,1.0,1.0,1.0,3.0,3.0,6.0,1.0,5.0,1.0,1.0,14.25,2.0,1.0,0.0,1.0,0.0,3.0,3.0,0.990594838145859,0.009405161854140974,2
141,8,0.0,0.0,3.0,0.0,1.0,24.0,5.0,16.0,1.0,1.0,1.0,3.0,3.0,6.0,1.0,5.0,1.0,1.0,14.25,2.0,1.0,0.0,1.0,0.0,3.0,3.0,0.997174311680817,0.002825688319183,3
141,9,0.0,0.0,3.0,0.0,1.0,24.0,5.0,16.0,1.0,1.0,1.0,3.0,1.0,6.0,1.0,5.0,1.0,1.0,14.25,2.0,1.0,0.0,1.0,0.0,3.0,3.0,0.9976857052624278,0.0023142947375721593,4
141,10,0.0,0.0,3.0,0.0,1.0,6.0,5.0,44.0,1.0,1.0,1.0,3.0,3.0,6.0,1.0,10.0,1.0,1.0,3.0,2.0,1.0,0.0,1.0,0.0,3.0,3.0,0.6821815722674422,0.31781842773255775,1
141,11,0.0,0.0,8.0,0.0,1.0,6.0,0.0,44.0,1.0,1.0,1.0,3.0,3.0,6.0,1.0,10.0,1.0,1.0,2.5,2.0,1.0,0.0,1.0,0.0,3.0,3.0,0.9955128816676013,0.00448711833239865,3
141,12,0.0,0.0,8.0,0.0,1.0,6.0,0.0,44.0,2.0,1.0,1.0,3.0,3.0,6.0,1.0,10.0,1.0,1.0,2.5,2.0,1.0,0.0,1.0,0.0,3.0,3.0,0.9961425276689773,0.003857472331022724,4
141,13,0.0,114.0,8.0,0.0,1.0,6.0,0.0,44.0,2.0,1.0,1.0,3.0,3.0,6.0,1.0,10.0,1.0,1.0,2.5,2.0,1.0,0.0,1.0,0.0,3.0,3.0,0.9970568153676961,0.0029431846323038835,5
141,14,0.0,114.0,8.0,0.0,1.0,6.0,0.0,44.0,2.0,1.0,1.0,3.0,3.0,6.0,1.0,10.0,1.0,1.0,3.0,2.0,1.0,0.0,1.0,0.0,3.0,3.0,0.9975225793051002,0.0024774206948997434,5
141,15,0.0,0.0,3.0,0.0,1.0,6.0,0.0,44.0,72.0,1.0,1.0,3.0,3.0,6.0,1.0,0.0,1.0,1.0,14.25,2.0,1.0,0.0,1.0,0.0,3.0,3.0,0.9988640487966115,0.0011359512033884479,3
141,16,0.0,0.0,3.0,0.0,1.0,6.0,0.0,44.0,72.0,1.0,1.0,3.0,3.0,6.0,1.0,0.0,1.0,1.0,3.0,2.0,1.0,0.0,1.0,0.0,3.0,3.0,0.9991630938645897,0.0008369061354103094,4
141,17,0.0,0.0,8.0,0.0,1.0,6.0,0.0,44.0,72.0,1.0,1.0,3.0,3.0,6.0,1.0,0.0,1.0,1.0,3.0,2.0,1.0,0.0,1.0,0.0,3.0,3.0,0.9995375220995453,0.00046247790045477925,5
141,18,0.0,0.0,8.0,0.0,1.0,6.0,2.0,44.0,72.0,1.0,1.0,3.0,3.0,6.0,1.0,0.0,1.0,1.0,3.0,2.0,1.0,0.0,1.0,0.0,3.0,3.0,0.9995864109729257,0.0004135890270743323,5
141,19,0.0,0.0,3.0,0.0,1.0,6.0,5.0,16.0,1.0,1.0,1.0,3.0,3.0,6.0,1.0,5.0,1.0,1.0,14.25,2.0,84.0,0.0,1.0,0.0,3.0,3.0,0.9974680706538769,0.0025319293461231462,3
148,0,2.0,0.0,2.0,0.0,0.0,6.0,3.0,24.0,2.0,12.0,9.0,9.0,2.0,5.0,2.0,20.0,2.0,1.0,5.78260869565217,0.0,1.0,0.0,0.75,0.0,1.0,5.0,0.5424107939233745,0.45758920607662545,1
148,1,2.0,0.0,2.0,0.0,0.0,6.0,3.0,16.0,2.0,12.0,9.0,9.0,2.0,5.0,2.0,20.0,2.0,1.0,5.78260869565217,0.0,1.0,0.0,0.75,0.0,1.0,0.0,0.9740376136717743,0.02596238632822572,2
148,2,2.0,0.0,2.0,0.0,0.0,6.0,3.0,16.0,2.0,12.0,9.0,9.0,2.0,5.0,2.0,0.0,2.0,1.0,5.78260869565217,0.0,1.0,0.0,0.75,0.0,1.0,0.0,0.9957668962568159,0.004233103743184089,3
148,3,2.0,0.0,2.0,0.0,0.0,6.0,3.0,16.0,2.0,12.0,9.0,9.0,2.0,5.0,2.0,0.0,2.0,1.0,5.78260869565217,0.0,0.0,0.0,0.75,0.0,1.0,0.0,0.9990184600562433,0.000981539943756714,4
148,4,2.0,0.0,2.0,0.0,0.0,6.0,0.0,16.0,2.0,12.0,9.0,9.0,2.0,5.0,2.0,0.0,2.0,1.0,5.78260869565217,0.0,0.0,0.0,0.75,0.0,1.0,0.0,0.9997185788566428,0.00028142114335720904,5
148,5,2.0,0.0,8.0,0.0,0.0,6.0,3.0,16.0,2.0,12.0,9.0,9.0,2.0,5.0,2.0,0.0,2.0,1.0,5.78260869565217,0.0,1.0,0.0,0.75,0.0,1.0,0.0,0.9977318823995686,0.002268117600431446,4
148,6,2.0,0.0,8.0,0.0,0.0,6.0,3.0,16.0,2.0,12.0,9.0,9.0,2.0,5.0,2.0,0.0,2.0,1.0,5.78260869565217,0.0,1.0,0.0,0.0,0.0,1.0,0.0,0.9986751443579566,0.0013248556420434657,5
148,7,2.0,0.0,2.0,0.0,0.0,24.0,3.0,16.0,2.0,12.0,9.0,9.0,2.0,5.0,2.0,0.0,2.0,1.0,5.78260869565217,0.0,1.0,0.0,0.75,0.0,1.0,0.0,0.9988503449493146,0.0011496550506853748,4
148,8,2.0,114.0,2.0,0.0,0.0,24.0,3.0,16.0,2.0,12.0,9.0,9.0,2.0,5.0,2.0,0.0,2.0,1.0,5.78260869565217,0.0,1.0,0.0,0.75,0.0,1.0,0.0,0.9988737360715174,0.0011262639284826106,5
148,9,2.0,0.0,2.0,0.0,0.0,6.0,0.0,16.0,2.0,12.0,9.0,9.0,2.0,5.0,2.0,0.0,2.0,1.0,5.78260869565217,0.0,1.0,0.0,0.75,0.0,1.0,0.0,0.9989727613975934,0.0010272386024066619,4
148,10,2.0,0.0,2.0,0.0,0.0,6.0,0.0,16.0,2.0,12.0,9.0,3.0,2.0,5.0,2.0,0.0,2.0,1.0,5.78260869565217,0.0,1.0,0.0,0.75,0.0,1.0,0.0,0.9993976309814017,0.000602369018598377,5
148,11,2.0,114.0,2.0,0.0,0.0,6.0,3.0,16.0,2.0,12.0,9.0,9.0,2.0,5.0,2.0,20.0,2.0,1.0,5.78260869565217,0.0,1.0,0.0,0.75,0.0,1.0,5.0,0.9367073811383783,0.06329261886162177,2
148,12,2.0,114.0,2.0,0.0,0.0,6.0,3.0,16.0,2.0,12.0,9.0,9.0,2.0,5.0,2.0,0.0,2.0,1.0,5.78260869565217,0.0,1.0,0.0,0.75,0.0,1.0,5.0,0.9755495046203115,0.024450495379688412,3
148,13,2.0,114.0,2.0,0.0,0.0,6.0,3.0,16.0,72.0,12.0,9.0,9.0,2.0,5.0,2.0,0.0,2.0,1.0,5.78260869565217,0.0,1.0,0.0,0.75,0.0,1.0,5.0,0.9817345520758808,0.018265447924119254,4
148,14,2.0,114.0,2.0,0.0,0.0,6.0,3.0,16.0,72.0,12.0,9.0,9.0,2.0,5.0,2.0,0.0,2.0,1.0,5.78260869565217,0.0,1.0,0.0,1.0,0.0,1.0,5.0,0.9864674906770045,0.013532509322995585,5
148,15,2.0,114.0,2.0,0.0,0.0,6.0,3.0,16.0,72.0,12.0,9.0,9.0,2.0,5.0,2.0,9.0,2.0,1.0,5.78260869565217,0.0,1.0,0.0,1.0,0.0,1.0,5.0,0.9895526396080099,0.01044736039199015,5
148,16,2.0,114.0,2.0,0.0,0.0,6.0,3.0,16.0,2.0,12.0,9.0,9.0,2.0,5.0,2.0,0.0,2.0,1.0,5.78260869565217,0.0,1.0,0.0,0.75,0.0,1.0,0.0,0.9983110185293503,0.0016889814706497113,4
148,17,2.0,114.0,8.0,0.0,0.0,6.0,3.0,16.0,2.0,12.0,9.0,9.0,2.0,5.0,2.0,0.0,2.0,1.0,5.78260869565217,0.0,1.0,0.0,0.75,0.0,1.0,0.0,0.9989923483807612,0.0010076516192388167,5
148,18,2.0,0.0,2.0,0.0,0.0,6.0,3.0,16.0,2.0,1.0,9.0,9.0,2.0,5.0,2.0,20.0,2.0,1.0,5.78260869565217,0.0,1.0,0.0,0.75,0.0,1.0,0.0,0.9853749179374607,0.014625082062539369,3
148,19,0.0,0.0,2.0,0.0,0.0,6.0,3.0,16.0,2.0,1.0,9.0,9.0,2.0,5.0,2.0,20.0,2.0,1.0,5.78260869565217,0.0,1.0,0.0,0.75,0.0,1.0,0.0,0.9933297543097016,0.006670245690298345,4
152,0,1.0,1.0,1.0,2.0,0.0,0.0,1.0,115.0,2.0,7.0,40.0,101.0,0.0,4.0,2.0,6.0,2.0,0.0,1.88181818181818,1.0,1.0,0.0,1.0,0.0,1.0,5.0,0.6458250098408729,0.3541749901591271,1
152,1,1.0,1.0,1.0,2.0,0.0,0.0,1.0,115.0,2.0,7.0,40.0,12.0,0.0,4.0,2.0,28.0,2.0,0.0,1.88181818181818,1.0,1.0,0.0,1.0,0.0,1.0,5.0,0.6329898461838069,0.36701015381619306,1
152,2,1.0,1.0,1.0,2.0,0.0,0.0,1.0,115.0,2.0,7.0,40.0,3.0,0.0,4.0,2.0,0.0,2.0,0.0,1.88181818181818,1.0,0.0,0.0,1.0,0.0,1.0,5.0,0.996539263320406,0.0034607366795939717,3
152,3,1.0,1.0,1.0,2.0,0.0,0.0,1.0,115.0,72.0,7.0,40.0,3.0,0.0,4.0,2.0,0.0,2.0,0.0,1.88181818181818,1.0,0.0,0.0,1.0,0.0,1.0,5.0,0.9977073431047513,0.002292656895248664,4
152,4,1.0,1.0,1.0,2.0,0.0,0.0,1.0,115.0,72.0,7.0,40.0,3.0,0.0,4.0,2.0,0.0,2.0,0.0,1.88181818181818,1.0,84.0,0.0,1.0,0.0,1.0,5.0,0.998068947146489,0.001931052853511031,4
152,5,1.0,1.0,1.0,2.0,0.0,0.0,1.0,115.0,2.0,7.0,40.0,0.0,0.0,4.0,2.0,28.0,2.0,0.0,1.88181818181818,1.0,1.0,0.0,1.0,0.0,1.0,5.0,0.8449549347783091,0.15504506522169093,1
152,6,1.0,1.0,1.0,2.0,0.0,0.0,1.0,115.0,2.0,7.0,40.0,0.0,0.0,4.0,2.0,28.0,2.0,0.0,1.88181818181818,1.0,1.0,0.0,0.0,0.0,1.0,5.0,0.9642496633362574,0.03575033666374262,2
152,7,1.0,1.0,1.0,2.0,0.0,0.0,1.0,115.0,2.0,7.0,40.0,0.0,0.0,4.0,2.0,28.0,2.0,0.0,2.5,1.0,1.0,0.0,0.0,0.0,1.0,5.0,0.9854291159391498,0.01457088406085011,3
152,8,1.0,1.0,1.0,2.0,0.0,0.0,1.0,115.0,0.0,7.0,40.0,0.0,0.0,4.0,2.0,28.0,2.0,0.0,2.5,1.0,1.0,0.0,0.0,0.0,1.0,5.0,0.9881146110777577,0.011885388922242363,4
152,9,1.0,1.0,1.0,2.0,0.0,0.0,1.0,115.0,0.0,7.0,40.0,0.0,0.0,4.0,2.0,28.0,2.0,1.0,2.5,1.0,1.0,0.0,0.0,0.0,1.0,5.0,0.9892987679673473,0.01070123203265273,5
152,10,1.0,1.0,1.0,2.0,0.0,0.0,1.0,115.0,2.0,7.0,40.0,101.0,0.0,4.0,2.0,0.0,2.0,0.0,1.88181818181818,1.0,1.0,0.0,0.0,0.0,1.0,5.0,0.9708033276922847,0.029196672307715308,2
152,11,1.0,1.0,1.0,2.0,0.0,0.0,1.0,115.0,2.0,7.0,40.0,101.0,0.0,4.0,2.0,0.0,2.0,0.0,1.88181818181818,1.0,0.0,0.0,0.0,0.0,1.0,5.0,0.9943453410683277,0.005654658931672299,3
152,12,1.0,1.0,8.0,2.0,0.0,0.0,1.0,115.0,2.0,7.0,40.0,101.0,0.0,4.0,2.0,0.0,2.0,0.0,1.88181818181818,1.0,0.0,0.0,0.0,0.0,1.0,5.0,0.9971103983213377,0.002889601678662312,4
152,13,1.0,1.0,8.0,2.0,0.0,0.0,1.0,115.0,2.0,7.0,1.0,101.0,0.0,4.0,2.0,0.0,2.0,0.0,1.88181818181818,1.0,0.0,0.0,0.0,0.0,1.0,5.0,0.9976270044152145,0.0023729955847855235,5
152,14,1.0,1.0,1.0,2.0,0.0,0.0,1.0,115.0,72.0,7.0,40.0,101.0,0.0,4.0,2.0,28.0,2.0,0.0,1.88181818181818,1.0,1.0,0.0,1.0,0.0,1.0,5.0,0.7152686739112109,0.2847313260887892,1
152,15,1.0,1.0,1.0,2.0,0.0,0.0,1.0,115.0,72.0,7.0,40.0,101.0,0.0,4.0,2.0,0.0,2.0,0.0,1.88181818181818,1.0,1.0,0.0,0.0,0.0,1.0,5.0,0.9964218076300692,0.003578192369930854,3
152,16,1.0,1.0,1.0,2.0,0.0,24.0,1.0,115.0,72.0,7.0,40.0,101.0,0.0,4.0,2.0,0.0,2.0,0.0,1.88181818181818,1.0,1.0,0.0,0.0,0.0,1.0,5.0,0.9992991803771222,0.0007008196228777743,4
152,17,1.0,1.0,1.0,2.0,0.0,0.0,1.0,115.0,2.0,7.0,40.0,0.0,0.0,4.0,2.0,28.0,2.0,0.0,1.88181818181818,1.0,0.0,0.0,1.0,0.0,1.0,5.0,0.9608822566885584,0.03911774331144163,2
152,18,1.0,1.0,1.0,2.0,0.0,0.0,1.0,22.0,2.0,7.0,40.0,0.0,0.0,4.0,2.0,28.0,2.0,0.0,1.88181818181818,1.0,0.0,0.0,1.0,0.0,1.0,5.0,0.9878467115406955,0.012153288459304483,3
152,19,1.0,1.0,1.0,2.0,0.0,0.0,1.0,22.0,2.0,7.0,0.0,0.0,0.0,4.0,2.0,28.0,2.0,0.0,1.88181818181818,1.0,0.0,0.0,1.0,0.0,1.0,5.0,0.9968499654261593,0.003150034573840715,4
196,0,0.0,4.0,1.0,0.0,0.0,0.0,1.0,50.0,1.0,5.0,13.0,35.0,0.0,3.0,0.0,6.0,3.0,0.0,2.75,1.0,1.0,0.0,1.0,0.0,2.0,5.0,0.7873064744030572,0.2126935255969428,1
196,1,0.0,4.0,1.0,43.0,0.0,0.0,1.0,50.0,1.0,5.0,13.0,35.0,0.0,3.0,0.0,19.0,3.0,0.0,2.75,1.0,1.0,0.0,1.0,0.0,2.0,5.0,0.7206842204127422,0.2793157795872578,1
196,2,0.0,0.0,1.0,43.0,0.0,0.0,1.0,50.0,1.0,5.0,13.0,35.0,0.0,3.0,0.0,0.0,3.0,0.0,2.75,1.0,1.0,0.0,1.0,0.0,2.0,5.0,0.9981478788546694,0.001852121145330653,3
196,3,0.0,0.0,1.0,43.0,0.0,0.0,1.0,50.0,1.0,5.0,13.0,35.0,0.0,3.0,0.0,0.0,3.0,0.0,2.75,1.0,1.0,0.0,1.0,0.0,2.0,1.0,0.9994531520284581,0.0005468479715419083,4
196,4,0.0,4.0,1.0,0.0,0.0,0.0,1.0,50.0,1.0,5.0,13.0,35.0,0.0,3.0,0.0,19.0,3.0,0.0,2.75,1.0,0.0,0.0,1.0,0.0,2.0,5.0,0.7230982345350019,0.27690176546499806,1
196,5,0.0,4.0,1.0,0.0,0.0,0.0,1.0,50.0,1.0,5.0,13.0,35.0,0.0,3.0,0.0,19.0,3.0,0.0,2.75,1.0,1.0,0.0,1.0,0.0,2.0,2.0,0.8038789802377097,0.19612101976229032,1
196,6,0.0,4.0,1.0,0.0,0.0,0.0,1.0,50.0,1.0,5.0,13.0,35.0,0.0,3.0,0.0,19.0,3.0,0.0,2.75,1.0,0.0,0.0,1.0,0.0,2.0,1.0,0.9801436924847012,0.019856307515298776,2
196,7,0.0,4.0,8.0,0.0,0.0,0.0,1.0,50.0,1.0,5.0,13.0,35.0,0.0,3.0,0.0,19.0,3.0,0.0,2.75,1.0,1.0,0.0,1.0,0.0,2.0,5.0,0.6738200122869922,0.3261799877130079,1
196,8,0.0,4.0,1.0,0.0,0.0,0.0,1.0,50.0,1.0,5.0,13.0,35.0,0.0,3.0,0.0,0.0,3.0,0.0,2.75,1.0,1.0,0.0,0.0,0.0,2.0,5.0,0.984216101677101,0.015783898322898966,2
196,9,0.0,4.0,8.0,0.0,0.0,0.0,1.0,50.0,1.0,5.0,13.0,35.0,0.0,3.0,0.0,0.0,3.0,0.0,2.75,1.0,1.0,0.0,0.0,0.0,2.0,5.0,0.994720595538493,0.005279404461507015,3
196,10,0.0,4.0,8.0,0.0,0.0,0.0,1.0,50.0,1.0,5.0,13.0,35.0,0.0,3.0,0.0,0.0,3.0,0.0,2.75,1.0,1.0,0.0,0.0,0.0,7.0,5.0,0.9973133210222017,0.0026866789777982504,4
196,11,0.0,4.0,1.0,0.0,0.0,0.0,1.0,50.0,1.0,33.0,13.0,35.0,0.0,3.0,0.0,19.0,3.0,0.0,2.75,1.0,1.0,0.0,1.0,0.0,2.0,5.0,0.5979466920062488,0.4020533079937511,1
196,12,0.0,4.0,1.0,0.0,0.0,0.0,1.0,50.0,1.0,5.0,13.0,35.0,0.0,3.0,3136.0,19.0,3.0,0.0,2.75,1.0,1.0,0.0,1.0,0.0,2.0,5.0,0.5923903256020755,0.4076096743979245,1
196,13,0.0,0.0,1.0,0.0,0.0,0.0,1.0,50.0,1.0,5.0,13.0,35.0,0.0,3.0,0.0,19.0,3.0,0.0,2.75,1.0,1.0,0.0,1.0,0.0,2.0,5.0,0.6890178027121074,0.31098219728789256,1
196,14,0.0,114.0,1.0,0.0,0.0,0.0,1.0,50.0,1.0,5.0,13.0,35.0,0.0,3.0,0.0,19.0,3.0,0.0,2.75,1.0,1.0,0.0,0.0,0.0,2.0,5.0,0.9687569328494843,0.031243067150515672,2
196,15,0.0,114.0,8.0,0.0,0.0,0.0,1.0,50.0,1.0,5.0,13.0,35.0,0.0,3.0,0.0,19.0,3.0,0.0,2.75,1.0,1.0,0.0,0.0,0.0,2.0,5.0,0.9871521727095809,0.012847827290419155,3
196,16,0.0,114.0,8.0,0.0,0.0,0.0,1.0,50.0,1.0,5.0,13.0,35.0,0.0,3.0,0.0,19.0,3.0,0.0,2.75,1.0,0.0,0.0,0.0,0.0,2.0,5.0,0.9930308574155001,0.006969142584499855,4
196,17,0.0,0.0,8.0,0.0,0.0,0.0,1.0,50.0,1.0,5.0,13.0,35.0,0.0,3.0,0.0,19.0,3.0,0.0,2.75,1.0,0.0,0.0,0.0,0.0,2.0,5.0,0.9962107147474438,0.003789285252556171,4
196,18,0.0,0.0,8.0,0.0,0.0,0.0,1.0,50.0,1.0,33.0,13.0,35.0,0.0,3.0,0.0,19.0,3.0,0.0,2.75,1.0,0.0,0.0,0.0,0.0,2.0,5.0,0.9968295310178101,0.003170468982189885,5
216,0,1.0,0.0,1.0,1.0,51.0,1.0,1.0,40.0,5.0,1.0,2.0,56.0,0.0,2.0,0.0,5.0,2.0,0.0,2.48275862068966,1.0,1.0,0.0,1.0,0.0,3.0,3.0,0.8390798496969517,0.16092015030304832,1
216,1,1.0,0.0,1.0,1.0,51.0,1.0,1.0,16.0,5.0,1.0,2.0,56.0,0.0,2.0,0.0,5.0,2.0,0.0,2.48275862068966,1.0,0.0,0.0,1.0,0.0,3.0,3.0,0.9982947837789221,0.0017052162210778711,2
216,2,1.0,0.0,1.0,1.0,51.0,1.0,1.0,16.0,5.0,1.0,2.0,2.0,0.0,2.0,0.0,5.0,2.0,0.0,2.48275862068966,1.0,0.0,0.0,1.0,0.0,3.0,3.0,0.9995234285312631,0.00047657146873687805,3
216,3,1.0,0.0,1.0,1.0,51.0,1.0,1.0,16.0,5.0,1.0,2.0,2.0,0.0,2.0,0.0,5.0,2.0,0.0,3.0,1.0,0.0,0.0,1.0,0.0,3.0,3.0,0.9997437111004064,0.00025628889959358194,4
216,4,1.0,0.0,1.0,1.0,0.0,1.0,1.0,102.0,5.0,1.0,2.0,56.0,0.0,2.0,0.0,5.0,2.0,0.0,2.48275862068966,1.0,1.0,0.0,1.0,0.0,3.0,3.0,0.910642624578412,0.08935737542158795,1
216,5,1.0,0.0,1.0,1.0,0.0,1.0,1.0,102.0,5.0,1.0,2.0,56.0,0.0,2.0,0.0,5.0,2.0,0.0,2.48275862068966,1.0,1.0,0.0,0.0,0.0,3.0,3.0,0.9877943050295949,0.012205694970405162,2
216,6,1.0,0.0,1.0,1.0,0.0,1.0,1.0,102.0,5.0,1.0,2.0,56.0,0.0,2.0,0.0,5.0,2.0,0.0,2.48275862068966,1.0,0.0,0.0,0.0,0.0,3.0,3.0,0.9968999426976581,0.0031000573023418705,3
216,7,1.0,0.0,1.0,1.0,0.0,1.0,1.0,102.0,5.0,1.0,2.0,56.0,0.0,2.0,0.0,0.0,2.0,0.0,2.48275862068966,1.0,0.0,0.0,0.0,0.0,3.0,3.0,0.9990646083357458,0.0009353916642541714,4
216,8,0.0,0.0,1.0,1.0,0.0,1.0,1.0,102.0,5.0,1.0,2.0,56.0,0.0,2.0,0.0,0.0,2.0,0.0,2.48275862068966,1.0,0.0,0.0,0.0,0.0,3.0,3.0,0.9991123994523687,0.0008876005476312315,5
216,9,1.0,0.0,1.0,1.0,51.0,1.0,1.0,16.0,72.0,1.0,2.0,56.0,0.0,2.0,0.0,5.0,2.0,0.0,2.48275862068966,1.0,1.0,0.0,1.0,0.0,3.0,3.0,0.9983961919428014,0.0016038080571985898,2
216,10,1.0,0.0,1.0,1.0,51.0,1.0,1.0,16.0,72.0,1.0,2.0,56.0,23.0,2.0,0.0,5.0,2.0,0.0,2.48275862068966,1.0,1.0,0.0,1.0,0.0,3.0,3.0,0.9992766634192909,0.0007233365807090833,3
216,11,1.0,0.0,1.0,1.0,51.0,1.0,1.0,16.0,72.0,1.0,2.0,56.0,23.0,2.0,0.0,5.0,2.0,0.0,2.48275862068966,26.0,1.0,0.0,1.0,0.0,3.0,3.0,0.9993825921977554,0.0006174078022446417,4
216,12,1.0,0.0,1.0,1.0,51.0,1.0,1.0,102.0,5.0,1.0,2.0,12.0,0.0,2.0,0.0,5.0,2.0,0.0,2.48275862068966,1.0,1.0,0.0,1.0,0.0,3.0,3.0,0.6847271101988861,0.3152728898011139,1
216,13,1.0,114.0,1.0,1.0,51.0,1.0,1.0,102.0,5.0,1.0,2.0,56.0,0.0,2.0,0.0,5.0,2.0,0.0,2.48275862068966,1.0,1.0,0.0,1.0,0.0,3.0,3.0,0.7711982633607541,0.2288017366392458,1
216,14,1.0,114.0,1.0,1.0,51.0,1.0,1.0,102.0,5.0,1.0,2.0,0.0,0.0,2.0,0.0,5.0,2.0,0.0,26.0,1.0,1.0,0.0,1.0,0.0,3.0,3.0,0.9866484241585392,0.013351575841460846,3
216,15,1.0,114.0,1.0,1.0,51.0,1.0,1.0,102.0,5.0,1.0,2.0,0.0,23.0,2.0,0.0,5.0,2.0,0.0,26.0,1.0,1.0,0.0,1.0,0.0,3.0,3.0,0.9938442843717394,0.006155715628260589,4
216,16,1.0,114.0,1.0,1.0,51.0,1.0,1.0,102.0,72.0,1.0,2.0,0.0,23.0,2.0,0.0,5.0,2.0,0.0,26.0,1.0,1.0,0.0,1.0,0.0,3.0,3.0,0.9967658389041351,0.003234161095864891,5
216,17,1.0,114.0,1.0,1.0,51.0,1.0,1.0,102.0,72.0,1.0,2.0,7.0,23.0,2.0,0.0,5.0,2.0,0.0,26.0,1.0,1.0,0.0,1.0,0.0,3.0,3.0,0.9978389065160977,0.0021610934839022024,5
216,18,1.0,0.0,1.0,1.0,51.0,1.0,1.0,102.0,5.0,1.0,2.0,56.0,0.0,2.0,0.0,5.0,2.0,0.0,3.0,1.0,1.0,0.0,1.0,0.0,3.0,3.0,0.6624491543171362,0.3375508456828637,1
216,19,1.0,0.0,1.0,1.0,51.0,1.0,1.0,102.0,5.0,1.0,2.0,56.0,0.0,9.0,0.0,5.0,2.0,0.0,26.0,1.0,1.0,0.0,1.0,0.0,3.0,3.0,0.9614475280202691,0.03855247197973089,2
310,0,0.0,0.0,1.0,0.0,0.0,0.0,2.0,45.0,1.0,0.0,18.0,36.0,0.0,1.0,0.0,9.0,2.0,1.0,2.83333333333333,1.0,1.0,0.0,1.0,0.0,3.0,5.0,0.5838582468024955,0.4161417531975045,1
310,1,0.0,0.0,1.0,0.0,0.0,0.0,2.0,45.0,72.0,0.0,18.0,36.0,0.0,1.0,0.0,22.0,2.0,1.0,2.83333333333333,1.0,1.0,0.0,1.0,0.0,3.0,5.0,0.9343072917421467,0.06569270825785328,1
310,2,0.0,0.0,1.0,0.0,0.0,0.0,2.0,45.0,72.0,0.0,18.0,36.0,0.0,1.0,0.0,0.0,2.0,1.0,2.83333333333333,1.0,1.0,0.0,0.0,0.0,3.0,5.0,0.999570045185947,0.0004299548140529938,3
310,3,0.0,0.0,1.0,0.0,0.0,0.0,2.0,45.0,72.0,0.0,18.0,36.0,0.0,1.0,0.0,0.0,2.0,1.0,2.83333333333333,1.0,1.0,0.0,0.0,0.0,3.0,0.0,0.9998067946294865,0.00019320537051344962,4
310,4,0.0,0.0,1.0,0.0,0.0,0.0,2.0,45.0,1.0,0.0,18.0,36.0,0.0,1.0,0.0,22.0,2.0,1.0,2.83333333333333,1.0,0.0,0.0,1.0,0.0,3.0,5.0,0.8166974396980757,0.18330256030192424,1
310,5,0.0,0.0,1.0,0.0,0.0,0.0,2.0,45.0,72.0,0.0,18.0,36.0,0.0,1.0,0.0,22.0,2.0,1.0,2.83333333333333,1.0,1.0,0.0,0.0,0.0,3.0,5.0,0.9912500062732896,0.008749993726710403,2
310,6,0.0,0.0,1.0,0.0,0.0,0.0,2.0,45.0,72.0,0.0,18.0,36.0,0.0,1.0,0.0,22.0,2.0,2.0,2.83333333333333,1.0,1.0,0.0,0.0,0.0,3.0,5.0,0.9927748060973259,0.007225193902674049,3
310,7,0.0,0.0,1.0,0.0,0.0,0.0,2.0,45.0,72.0,33.0,18.0,36.0,0.0,1.0,0.0,22.0,2.0,2.0,2.83333333333333,1.0,1.0,0.0,0.0,0.0,3.0,5.0,0.9938177634150456,0.006182236584954379,4
310,8,0.0,0.0,1.0,0.0,0.0,24.0,2.0,45.0,1.0,0.0,18.0,36.0,0.0,1.0,0.0,22.0,2.0,1.0,2.83333333333333,1.0,1.0,0.0,1.0,0.0,3.0,5.0,0.8131517433698933,0.1868482566301067,1
310,9,0.0,0.0,1.0,0.0,0.0,0.0,2.0,45.0,1.0,33.0,18.0,36.0,0.0,1.0,0.0,22.0,2.0,1.0,2.83333333333333,1.0,1.0,0.0,1.0,0.0,3.0,5.0,0.7433976060356104,0.2566023939643896,1
310,10,0.0,0.0,1.0,0.0,0.0,24.0,2.0,45.0,1.0,33.0,18.0,36.0,0.0,1.0,0.0,0.0,2.0,1.0,2.83333333333333,1.0,1.0,0.0,1.0,0.0,7.0,5.0,0.9992191454592744,0.0007808545407256584,4
310,11,0.0,0.0,1.0,0.0,0.0,0.0,2.0,45.0,1.0,0.0,2.0,36.0,0.0,1.0,0.0,22.0,2.0,1.0,2.83333333333333,1.0,1.0,0.0,1.0,0.0,3.0,5.0,0.6993502624809761,0.3006497375190239,1
310,12,0.0,0.0,1.0,0.0,0.0,0.0,2.0,45.0,1.0,0.0,18.0,36.0,0.0,1.0,0.0,22.0,2.0,1.0,2.83333333333333,1.0,1.0,0.0,0.0,0.0,3.0,5.0,0.860378254442238,0.13962174555776202,1
310,13,0.0,0.0,1.0,0.0,0.0,0.0,2.0,45.0,1.0,0.0,18.0,36.0,0.0,1.0,0.0,22.0,2.0,1.0,2.83333333333333,1.0,0.0,0.0,0.0,0.0,3.0,5.0,0.9774324188225302,0.02256758117746987,2
310,14,0.0,0.0,1.0,0.0,0.0,0.0,2.0,45.0,1.0,33.0,18.0,36.0,0.0,1.0,0.0,22.0,2.0,1.0,2.83333333333333,1.0,0.0,0.0,0.0,0.0,3.0,5.0,0.9910377328699509,0.00896226713004906,3
310,15,0.0,0.0,1.0,0.0,0.0,0.0,2.0,45.0,1.0,33.0,18.0,36.0,0.0,1.0,0.0,22.0,2.0,1.0,2.83333333333333,1.0,0.0,0.0,0.0,0.0,7.0,5.0,0.9952986032774717,0.004701396722528309,4
310,16,0.0,0.0,1.0,43.0,0.0,0.0,2.0,45.0,1.0,0.0,18.0,36.0,0.0,1.0,0.0,22.0,2.0,1.0,2.83333333333333,1.0,1.0,0.0,1.0,0.0,3.0,5.0,0.7483504116211894,0.25164958837881063,1
310,17,0.0,0.0,1.0,0.0,0.0,24.0,2.0,45.0,72.0,0.0,18.0,36.0,0.0,1.0,0.0,22.0,2.0,1.0,2.83333333333333,1.0,1.0,0.0,0.0,0.0,3.0,5.0,0.9975505429987329,0.0024494570012671005,3
310,18,0.0,0.0,1.0,0.0,0.0,24.0,2.0,45.0,72.0,0.0,18.0,36.0,0.0,1.0,0.0,22.0,2.0,1.0,2.83333333333333,1.0,1.0,0.0,0.0,0.0,3.0,0.0,0.9982114852535235,0.0017885147464764416,4
331,0,0.0,0.0,1.0,1.0,0.0,1.0,1.0,24.0,2.0,0.0,4.0,28.0,0.0,1.0,0.0,9.0,2.0,1.0,2.25,1.0,1.0,0.0,0.666666666666667,0.0,1.0,2.0,0.5155392174901978,0.4844607825098021,1
331,1,0.0,0.0,1.0,1.0,0.0,1.0,1.0,16.0,2.0,0.0,4.0,28.0,0.0,1.0,0.0,0.0,2.0,1.0,2.25,1.0,1.0,0.0,0.666666666666667,0.0,1.0,2.0,0.9845876954088811,0.015412304591118852,2
331,2,0.0,0.0,1.0,1.0,0.0,1.0,1.0,38.0,2.0,0.0,4.0,12.0,0.0,1.0,0.0,9.0,2.0,1.0,2.25,1.0,1.0,0.0,0.666666666666667,0.0,1.0,2.0,0.5677612033014886,0.4322387966985114,1
331,3,0.0,0.0,1.0,1.0,0.0,1.0,1.0,38.0,72.0,0.0,4.0,28.0,0.0,1.0,0.0,9.0,2.0,1.0,2.25,1.0,1.0,0.0,0.666666666666667,0.0,1.0,2.0,0.8149374732581185,0.18506252674188148,1
331,4,0.0,0.0,1.0,1.0,0.0,1.0,1.0,38.0,2.0,0.0,4.0,28.0,0.0,1.0,0.0,9.0,2.0,1.0,2.25,1.0,0.0,0.0,0.666666666666667,0.0,1.0,2.0,0.7403728900228982,0.2596271099771018,1
331,5,0.0,0.0,1.0,1.0,0.0,1.0,1.0,20.0,72.0,0.0,4.0,4.0,0.0,1.0,0.0,0.0,2.0,1.0,2.25,1.0,84.0,0.0,0.666666666666667,0.0,1.0,2.0,0.9997272208333613,0.0002727791666386543,5
331,6,0.0,0.0,1.0,1.0,0.0,1.0,1.0,20.0,72.0,0.0,4.0,4.0,0.0,1.0,0.0,0.0,2.0,1.0,2.25,1.0,0.0,0.0,0.666666666666667,0.0,1.0,2.0,0.9997327510339299,0.00026724896607007494,5
331,7,0.0,0.0,1.0,1.0,0.0,1.0,1.0,38.0,72.0,0.0,4.0,28.0,0.0,1.0,0.0,9.0,2.0,1.0,2.25,26.0,1.0,0.0,0.666666666666667,0.0,1.0,2.0,0.9551684266954568,0.044831573304543196,2
331,8,0.0,0.0,1.0,1.0,0.0,1.0,1.0,38.0,72.0,0.0,4.0,28.0,0.0,1.0,0.0,9.0,2.0,1.0,2.25,26.0,0.0,0.0,0.666666666666667,0.0,1.0,2.0,0.9836696595657278,0.016330340434272127,3
331,9,0.0,0.0,1.0,1.0,0.0,1.0,1.0,38.0,72.0,0.0,4.0,28.0,0.0,1.0,0.0,9.0,2.0,1.0,2.25,26.0,0.0,0.0,0.0,0.0,1.0,2.0,0.9908532469537301,0.009146753046269837,4
331,10,0.0,0.0,8.0,1.0,0.0,1.0,1.0,38.0,72.0,0.0,4.0,28.0,0.0,1.0,0.0,9.0,2.0,1.0,2.25,26.0,0.0,0.0,0.0,0.0,1.0,2.0,0.991976273235927,0.008023726764073058,5
331,11,0.0,0.0,8.0,1.0,0.0,1.0,1.0,16.0,2.0,0.0,4.0,28.0,0.0,1.0,0.0,9.0,2.0,1.0,2.25,1.0,1.0,0.0,0.666666666666667,0.0,1.0,2.0,0.9560334226127587,0.043966577387241246,2
331,12,0.0,0.0,8.0,1.0,0.0,1.0,1.0,16.0,2.0,0.0,4.0,28.0,0.0,1.0,0.0,9.0,6.0,1.0,2.25,1.0,1.0,0.0,0.666666666666667,0.0,1.0,2.0,0.9825879998249203,0.017412000175079705,3
331,13,0.0,114.0,1.0,1.0,0.0,1.0,1.0,38.0,2.0,0.0,4.0,28.0,0.0,1.0,0.0,9.0,2.0,1.0,2.25,1.0,1.0,0.0,0.666666666666667,0.0,1.0,2.0,0.6670735363698121,0.33292646363018785,1
331,14,0.0,114.0,8.0,1.0,0.0,1.0,1.0,16.0,2.0,33.0,4.0,28.0,0.0,1.0,0.0,9.0,6.0,1.0,2.25,1.0,1.0,0.0,0.666666666666667,0.0,1.0,2.0,0.9931020854150966,0.006897914584903447,5
331,15,0.0,114.0,8.0,1.0,0.0,1.0,1.0,20.0,2.0,33.0,4.0,28.0,0.0,1.0,0.0,9.0,6.0,1.0,2.25,1.0,1.0,0.0,0.666666666666667,0.0,1.0,2.0,0.9950582198121559,0.004941780187844127,5
331,16,0.0,0.0,8.0,1.0,0.0,1.0,1.0,38.0,72.0,0.0,4.0,28.0,0.0,1.0,0.0,9.0,2.0,1.0,2.25,1.0,1.0,0.0,0.666666666666667,0.0,1.0,2.0,0.9391176880437588,0.060882311956241206,2
331,17,0.0,0.0,8.0,1.0,0.0,1.0,1.0,38.0,72.0,0.0,4.0,28.0,0.0,1.0,0.0,9.0,2.0,1.0,2.25,1.0,0.0,0.0,0.666666666666667,0.0,1.0,2.0,0.9804711264242473,0.01952887357575275,3
331,18,0.0,0.0,8.0,1.0,0.0,1.0,1.0,38.0,72.0,2.0,4.0,28.0,0.0,1.0,0.0,9.0,2.0,1.0,2.25,1.0,0.0,0.0,0.666666666666667,0.0,1.0,2.0,0.9836399067355217,0.01636009326447832,4
491,0,2.0,0.0,1.0,0.0,0.0,1.0,1.0,40.0,1.0,4.0,25.0,91.0,0.0,3.0,0.0,6.0,2.0,0.0,2.03092783505155,1.0,1.0,0.0,0.5,0.0,3.0,7.0,0.6101203585437169,0.38987964145628307,2
491,1,2.0,0.0,1.0,0.0,0.0,1.0,1.0,22.0,1.0,4.0,25.0,12.0,0.0,3.0,0.0,17.0,2.0,0.0,2.03092783505155,1.0,1.0,0.0,0.5,0.0,3.0,7.0,0.7123780381224349,0.2876219618775651,2
491,2,2.0,0.0,1.0,0.0,0.0,1.0,1.0,16.0,72.0,4.0,25.0,3.0,0.0,3.0,0.0,0.0,2.0,0.0,2.03092783505155,1.0,1.0,0.0,0.5,0.0,3.0,7.0,0.9991031311140931,0.0008968688859069282,4
491,3,2.0,0.0,1.0,0.0,0.0,1.0,1.0,16.0,72.0,4.0,25.0,3.0,0.0,3.0,0.0,0.0,2.0,0.0,2.03092783505155,1.0,84.0,0.0,0.5,0.0,3.0,7.0,0.9995760999656437,0.00042390003435632465,5
491,4,2.0,0.0,1.0,0.0,0.0,1.0,1.0,40.0,72.0,4.0,25.0,91.0,0.0,3.0,0.0,17.0,2.0,0.0,2.03092783505155,1.0,1.0,0.0,0.5,0.0,3.0,7.0,0.6827473870549026,0.3172526129450974,2
491,5,2.0,0.0,1.0,0.0,0.0,1.0,1.0,16.0,72.0,4.0,25.0,2.0,0.0,3.0,0.0,17.0,2.0,0.0,2.03092783505155,1.0,1.0,0.0,0.5,0.0,3.0,7.0,0.9883105998796828,0.01168940012031717,3
491,6,2.0,0.0,1.0,0.0,0.0,1.0,1.0,16.0,72.0,4.0,25.0,2.0,0.0,3.0,0.0,17.0,2.0,0.0,2.03092783505155,1.0,1.0,0.0,0.0,0.0,3.0,7.0,0.9948980111283231,0.005101988871676899,4
491,7,2.0,0.0,1.0,0.0,0.0,1.0,1.0,16.0,72.0,4.0,25.0,5.0,0.0,3.0,0.0,17.0,2.0,0.0,2.03092783505155,1.0,1.0,0.0,0.0,0.0,3.0,7.0,0.9959397215448467,0.004060278455153326,4
491,8,2.0,0.0,1.0,0.0,0.0,1.0,1.0,16.0,72.0,0.0,25.0,5.0,0.0,3.0,0.0,17.0,2.0,0.0,2.03092783505155,1.0,1.0,0.0,0.0,0.0,3.0,7.0,0.9960265681663849,0.00397343183361508,5
491,9,2.0,0.0,8.0,0.0,0.0,1.0,1.0,16.0,1.0,4.0,25.0,3.0,0.0,3.0,0.0,0.0,2.0,0.0,2.03092783505155,1.0,1.0,0.0,0.5,0.0,3.0,7.0,0.9981312478332859,0.0018687521667141377,4
491,10,2.0,0.0,1.0,0.0,0.0,24.0,1.0,16.0,72.0,4.0,25.0,3.0,0.0,3.0,0.0,0.0,2.0,0.0,2.03092783505155,1.0,1.0,0.0,0.5,0.0,3.0,7.0,0.9994192011649434,0.0005807988350565496,5
491,11,2.0,0.0,1.0,0.0,0.0,1.0,1.0,16.0,72.0,4.0,25.0,91.0,0.0,3.0,0.0,0.0,2.0,0.0,2.03092783505155,1.0,1.0,0.0,0.5,0.0,3.0,7.0,0.9975097020504984,0.0024902979495016356,3
491,12,2.0,0.0,1.0,0.0,0.0,1.0,1.0,16.0,72.0,4.0,25.0,91.0,0.0,3.0,0.0,0.0,2.0,0.0,2.03092783505155,1.0,1.0,0.0,0.0,0.0,3.0,7.0,0.9994524528093268,0.0005475471906731571,4
491,13,2.0,0.0,1.0,0.0,0.0,1.0,1.0,164.0,72.0,4.0,2.0,91.0,0.0,9.0,0.0,17.0,2.0,0.0,2.03092783505155,1.0,1.0,0.0,0.5,0.0,3.0,7.0,0.651603120496673,0.34839687950332693,3
491,14,2.0,114.0,1.0,0.0,0.0,1.0,1.0,164.0,72.0,4.0,2.0,91.0,0.0,3.0,0.0,17.0,2.0,0.0,2.03092783505155,1.0,1.0,0.0,0.5,0.0,3.0,7.0,0.6001997695239929,0.3998002304760071,3
491,15,2.0,114.0,1.0,0.0,0.0,1.0,1.0,164.0,72.0,4.0,25.0,12.0,0.0,3.0,0.0,17.0,2.0,0.0,2.03092783505155,1.0,1.0,0.0,0.5,0.0,3.0,7.0,0.5784720776734331,0.42152792232656694,3
491,16,2.0,0.0,1.0,0.0,0.0,1.0,1.0,16.0,1.0,4.0,25.0,2.0,0.0,3.0,0.0,17.0,2.0,0.0,2.03092783505155,1.0,1.0,0.0,0.5,0.0,3.0,7.0,0.9425159761475361,0.05748402385246386,2
491,17,2.0,0.0,1.0,0.0,0.0,1.0,1.0,16.0,1.0,4.0,25.0,2.0,0.0,9.0,0.0,17.0,2.0,0.0,2.03092783505155,1.0,1.0,0.0,0.5,0.0,3.0,7.0,0.9810861083552093,0.01891389164479073,3
491,18,2.0,0.0,1.0,0.0,0.0,1.0,1.0,16.0,1.0,4.0,25.0,2.0,0.0,9.0,0.0,17.0,2.0,0.0,0.0,1.0,1.0,0.0,0.5,0.0,3.0,7.0,0.9915878260233871,0.008412173976612872,4
491,19,2.0,0.0,1.0,0.0,0.0,1.0,1.0,16.0,1.0,4.0,25.0,2.0,0.0,9.0,0.0,17.0,2.0,0.0,0.0,26.0,1.0,0.0,0.5,0.0,3.0,7.0,0.9941666625568919,0.0058333374431080755,5
589,0,4.0,0.0,1.0,0.0,0.0,2.0,1.0,300.0,1.0,4.0,17.0,7.0,0.0,3.0,0.0,21.0,1.0,0.0,2.52577319587629,1.0,1.0,0.0,0.666666666666667,0.0,3.0,5.0,0.6305978528255631,0.36940214717443687,1
589,1,4.0,0.0,1.0,0.0,0.0,2.0,1.0,16.0,1.0,4.0,17.0,2.0,0.0,3.0,0.0,21.0,1.0,0.0,2.52577319587629,1.0,1.0,0.0,0.666666666666667,0.0,3.0,5.0,0.940335327387573,0.05966467261242706,2
589,2,4.0,0.0,1.0,0.0,0.0,2.0,1.0,16.0,72.0,4.0,17.0,2.0,0.0,3.0,0.0,21.0,1.0,0.0,2.52577319587629,1.0,1.0,0.0,0.666666666666667,0.0,3.0,5.0,0.9900888796626065,0.009911120337393473,3
589,3,4.0,0.0,1.0,0.0,0.0,2.0,1.0,16.0,72.0,4.0,17.0,2.0,0.0,3.0,0.0,21.0,1.0,0.0,2.52577319587629,1.0,1.0,0.0,0.666666666666667,0.0,3.0,2.0,0.9985180599744702,0.001481940025529848,4
589,4,4.0,0.0,1.0,0.0,0.0,2.0,1.0,16.0,72.0,4.0,17.0,2.0,0.0,3.0,0.0,21.0,1.0,0.0,2.52577319587629,1.0,84.0,0.0,0.666666666666667,0.0,3.0,2.0,0.999299353010248,0.0007006469897519838,5
589,5,4.0,0.0,1.0,0.0,0.0,2.0,1.0,300.0,1.0,4.0,17.0,2.0,0.0,3.0,0.0,21.0,1.0,0.0,2.52577319587629,1.0,0.0,0.0,0.666666666666667,0.0,3.0,5.0,0.858895605633717,0.141104394366283,2
589,6,4.0,0.0,1.0,0.0,0.0,2.0,1.0,300.0,72.0,4.0,17.0,2.0,0.0,3.0,0.0,21.0,1.0,0.0,2.52577319587629,1.0,0.0,0.0,0.666666666666667,0.0,3.0,5.0,0.9307301361753242,0.06926986382467583,3
589,7,4.0,0.0,1.0,0.0,0.0,2.0,1.0,300.0,72.0,4.0,17.0,2.0,0.0,3.0,0.0,21.0,1.0,0.0,3.0,1.0,0.0,0.0,0.666666666666667,0.0,3.0,5.0,0.9571540453750659,0.042845954624934166,4
589,8,4.0,0.0,1.0,0.0,0.0,2.0,1.0,300.0,1.0,4.0,17.0,2.0,0.0,3.0,0.0,21.0,1.0,0.0,2.52577319587629,1.0,1.0,0.0,0.666666666666667,0.0,3.0,2.0,0.939437642856341,0.06056235714365898,2
589,9,4.0,0.0,1.0,0.0,0.0,2.0,1.0,300.0,1.0,4.0,17.0,2.0,0.0,3.0,0.0,21.0,1.0,0.0,2.52577319587629,1.0,0.0,0.0,0.666666666666667,0.0,3.0,2.0,0.9736687424782707,0.02633125752172924,3
589,10,1.0,0.0,1.0,0.0,0.0,2.0,1.0,300.0,1.0,4.0,17.0,2.0,0.0,3.0,0.0,21.0,1.0,0.0,2.52577319587629,1.0,0.0,0.0,0.666666666666667,0.0,3.0,2.0,0.9833642964991198,0.01663570350088018,4
589,11,1.0,0.0,1.0,0.0,0.0,24.0,1.0,300.0,1.0,4.0,17.0,2.0,0.0,3.0,0.0,21.0,1.0,0.0,2.52577319587629,1.0,0.0,0.0,0.666666666666667,0.0,3.0,2.0,0.985907874424224,0.014092125575776014,5
589,12,1.0,0.0,1.0,0.0,0.0,24.0,1.0,300.0,1.0,4.0,17.0,2.0,0.0,3.0,0.0,21.0,1.0,0.0,2.52577319587629,1.0,0.0,0.0,0.666666666666667,0.0,3.0,1.0,0.9877163324911343,0.012283667508865677,5
589,13,0.0,0.0,1.0,0.0,0.0,24.0,1.0,300.0,1.0,4.0,17.0,2.0,0.0,3.0,0.0,21.0,1.0,0.0,2.52577319587629,1.0,0.0,0.0,0.666666666666667,0.0,3.0,1.0,0.990847312999704,0.009152687000296022,5
589,14,0.0,0.0,1.0,0.0,0.0,24.0,1.0,300.0,1.0,4.0,17.0,0.0,0.0,3.0,0.0,21.0,1.0,0.0,2.52577319587629,1.0,0.0,0.0,0.666666666666667,0.0,3.0,1.0,0.9916714080993679,0.008328591900632084,5
589,15,4.0,0.0,1.0,0.0,0.0,2.0,1.0,300.0,72.0,4.0,17.0,89.0,0.0,3.0,0.0,21.0,1.0,0.0,2.52577319587629,1.0,1.0,0.0,0.666666666666667,0.0,3.0,5.0,0.6637067502563985,0.33629324974360153,1
589,16,4.0,0.0,1.0,0.0,0.0,2.0,1.0,300.0,72.0,4.0,17.0,89.0,0.0,3.0,0.0,21.0,1.0,0.0,2.52577319587629,1.0,1.0,0.0,0.666666666666667,0.0,3.0,1.0,0.961656952108778,0.03834304789122198,2
589,17,4.0,0.0,1.0,0.0,0.0,2.0,1.0,16.0,72.0,4.0,17.0,89.0,0.0,3.0,0.0,21.0,1.0,0.0,2.52577319587629,1.0,1.0,0.0,0.666666666666667,0.0,3.0,1.0,0.9972243247481717,0.0027756752518282783,3
589,18,4.0,0.0,1.0,0.0,0.0,2.0,1.0,17.0,1.0,4.0,17.0,89.0,0.0,3.0,0.0,21.0,1.0,0.0,2.52577319587629,1.0,0.0,0.0,0.666666666666667,0.0,3.0,5.0,0.7651713634532356,0.23482863654676442,2
589,19,4.0,0.0,1.0,0.0,0.0,2.0,1.0,16.0,72.0,4.0,17.0,89.0,0.0,3.0,0.0,21.0,1.0,0.0,2.52577319587629,26.0,84.0,0.0,0.666666666666667,0.0,3.0,1.0,0.9990151086472246,0.0009848913527754032,5
599,0,1.0,2.0,1.0,0.0,0.0,8.0,1.0,1598.0,1.0,11.0,7.0,0.0,0.0,3.0,27.0,9.0,2.0,0.0,3.57435897435897,0.0,1.0,0.0,0.545454545454545,0.0,4.0,9.0,0.5068213121390219,0.4931786878609781,2
599,1,1.0,2.0,1.0,0.0,0.0,8.0,1.0,17.0,1.0,11.0,7.0,12.0,0.0,3.0,27.0,94.0,2.0,0.0,3.57435897435897,0.0,1.0,0.0,0.545454545454545,0.0,4.0,9.0,0.534828308058334,0.465171691941666,2
599,2,1.0,2.0,1.0,0.0,0.0,8.0,1.0,16.0,72.0,11.0,7.0,0.0,0.0,3.0,27.0,0.0,2.0,0.0,3.57435897435897,0.0,1.0,0.0,0.545454545454545,0.0,4.0,9.0,0.9958589917650307,0.004141008234969288,4
599,3,1.0,2.0,1.0,0.0,0.0,8.0,1.0,16.0,72.0,11.0,7.0,0.0,0.0,3.0,27.0,0.0,2.0,0.0,3.57435897435897,0.0,1.0,0.0,0.545454545454545,0.0,4.0,0.0,0.9989785862638146,0.0010214137361853524,5
599,4,1.0,2.0,1.0,0.0,0.0,8.0,1.0,16.0,72.0,11.0,7.0,3.0,0.0,3.0,27.0,0.0,2.0,0.0,3.57435897435897,0.0,1.0,0.0,0.545454545454545,0.0,4.0,0.0,0.9991599397161429,0.000840060283857056,5
599,5,1.0,2.0,1.0,0.0,0.0,8.0,1.0,17.0,1.0,11.0,7.0,181.0,0.0,3.0,27.0,9.0,2.0,0.0,3.57435897435897,0.0,1.0,0.0,0.545454545454545,0.0,4.0,9.0,0.5008064069470499,0.4991935930529501,2
599,6,1.0,2.0,1.0,0.0,0.0,8.0,1.0,16.0,1.0,11.0,7.0,181.0,0.0,3.0,27.0,0.0,2.0,0.0,3.57435897435897,0.0,0.0,0.0,0.545454545454545,0.0,4.0,9.0,0.9762124306210992,0.02378756937890077,3
599,7,1.0,2.0,1.0,0.0,0.0,8.0,1.0,16.0,1.0,11.0,7.0,181.0,0.0,3.0,27.0,0.0,2.0,0.0,3.57435897435897,0.0,0.0,0.0,0.545454545454545,0.0,4.0,0.0,0.9935991438408541,0.006400856159145891,4
599,8,1.0,2.0,1.0,0.0,0.0,8.0,1.0,16.0,1.0,11.0,7.0,181.0,0.0,9.0,27.0,0.0,2.0,0.0,3.57435897435897,0.0,0.0,0.0,0.545454545454545,0.0,4.0,0.0,0.9959673253865239,0.004032674613476136,5
599,9,1.0,2.0,1.0,0.0,0.0,8.0,1.0,1598.0,1.0,11.0,7.0,181.0,0.0,3.0,27.0,6.0,2.0,0.0,3.57435897435897,0.0,1.0,0.0,0.0,0.0,4.0,9.0,0.8348456064438888,0.1651543935561112,2
599,10,1.0,2.0,1.0,0.0,0.0,24.0,1.0,1598.0,1.0,11.0,7.0,181.0,0.0,3.0,27.0,6.0,2.0,0.0,3.57435897435897,0.0,1.0,0.0,0.545454545454545,0.0,4.0,9.0,0.5374053864421056,0.46259461355789444,2
599,11,1.0,2.0,1.0,0.0,0.0,24.0,1.0,1598.0,1.0,11.0,7.0,181.0,0.0,3.0,27.0,0.0,2.0,0.0,3.57435897435897,0.0,1.0,0.0,0.0,0.0,4.0,0.0,0.9910409107664355,0.00895908923356449,4
599,12,1.0,2.0,1.0,0.0,0.0,8.0,1.0,16.0,1.0,11.0,7.0,0.0,0.0,3.0,27.0,0.0,2.0,0.0,3.57435897435897,0.0,1.0,0.0,0.545454545454545,0.0,4.0,0.0,0.995018853442394,0.004981146557605903,4
599,13,1.0,2.0,1.0,0.0,0.0,8.0,1.0,16.0,1.0,11.0,7.0,3.0,0.0,3.0,27.0,0.0,2.0,0.0,3.57435897435897,0.0,1.0,0.0,0.545454545454545,0.0,4.0,0.0,0.9959003778414858,0.004099622158514276,4
599,14,1.0,2.0,1.0,0.0,0.0,8.0,1.0,16.0,1.0,11.0,7.0,3.0,0.0,3.0,27.0,0.0,2.0,0.0,4.3,0.0,1.0,0.0,0.545454545454545,0.0,4.0,0.0,0.9965901166907534,0.0034098833092466134,5
599,15,1.0,2.0,1.0,0.0,0.0,3.0,1.0,16.0,1.0,11.0,7.0,181.0,0.0,3.0,27.0,0.0,2.0,0.0,3.57435897435897,0.0,0.0,0.0,0.545454545454545,0.0,4.0,0.0,0.9953458475800244,0.004654152419975562,5
599,16,1.0,2.0,1.0,0.0,0.0,24.0,1.0,1598.0,1.0,11.0,7.0,181.0,0.0,3.0,27.0,0.0,2.0,0.0,3.57435897435897,0.0,1.0,0.0,0.545454545454545,0.0,4.0,9.0,0.694081480977423,0.30591851902257705,2
599,17,1.0,2.0,1.0,0.0,0.0,24.0,1.0,1598.0,1.0,11.0,1.0,181.0,0.0,3.0,27.0,0.0,2.0,0.0,3.57435897435897,0.0,1.0,0.0,0.545454545454545,0.0,4.0,9.0,0.8196338277613486,0.18036617223865134,3
599,18,1.0,2.0,1.0,43.0,0.0,24.0,1.0,1598.0,1.0,11.0,1.0,181.0,0.0,3.0,27.0,0.0,2.0,0.0,3.57435897435897,0.0,1.0,0.0,0.545454545454545,0.0,4.0,9.0,0.8401533083298021,0.159846691670198,4
599,19,1.0,2.0,1.0,43.0,0.0,24.0,1.0,1598.0,1.0,11.0,1.0,181.0,0.0,3.0,27.0,0.0,2.0,0.0,3.57435897435897,0.0,1.0,0.0,0.545454545454545,0.0,4.0,0.0,0.8600300811042523,0.13996991889574772,5
601,0,1.0,0.0,1.0,0.0,0.0,1.0,1.0,24.0,2.0,0.0,13.0,52.0,0.0,5.0,0.0,10.0,2.0,0.0,1.88679245283019,1.0,1.0,0.0,0.8,0.0,3.0,5.0,0.684962867116161,0.31503713288383905,1
601,1,1.0,0.0,1.0,0.0,0.0,1.0,1.0,16.0,2.0,0.0,13.0,52.0,0.0,5.0,0.0,0.0,2.0,0.0,1.88679245283019,1.0,1.0,0.0,0.8,0.0,3.0,5.0,0.9981631338113235,0.001836866188676541,2
601,2,1.0,0.0,1.0,0.0,0.0,1.0,1.0,16.0,2.0,0.0,13.0,4.0,0.0,5.0,0.0,0.0,2.0,0.0,1.88679245283019,1.0,1.0,0.0,0.8,0.0,3.0,5.0,0.9997385259358561,0.00026147406414388165,3
601,3,1.0,0.0,1.0,0.0,0.0,1.0,1.0,16.0,72.0,0.0,13.0,4.0,0.0,5.0,0.0,0.0,2.0,0.0,1.88679245283019,1.0,1.0,0.0,0.8,0.0,3.0,5.0,0.9998329863250514,0.00016701367494863546,4
601,4,1.0,0.0,1.0,0.0,0.0,1.0,1.0,16.0,72.0,0.0,13.0,4.0,0.0,5.0,0.0,0.0,2.0,0.0,6.4,1.0,1.0,0.0,0.8,0.0,3.0,5.0,0.9998499923551986,0.00015000764480144207,5
601,5,1.0,0.0,1.0,0.0,0.0,1.0,1.0,104.0,2.0,0.0,13.0,52.0,0.0,5.0,0.0,6.0,2.0,0.0,1.88679245283019,1.0,1.0,0.0,0.8,0.0,3.0,5.0,0.5039798331076067,0.49602016689239325,1
601,6,1.0,0.0,1.0,0.0,0.0,24.0,1.0,104.0,2.0,0.0,13.0,52.0,0.0,5.0,0.0,10.0,2.0,0.0,1.88679245283019,1.0,1.0,0.0,0.8,0.0,3.0,5.0,0.6050078614200941,0.3949921385799059,1
601,7,1.0,0.0,1.0,0.0,0.0,24.0,1.0,104.0,2.0,0.0,13.0,52.0,0.0,5.0,0.0,0.0,2.0,0.0,1.88679245283019,1.0,1.0,0.0,0.8,0.0,3.0,1.0,0.9906423172643857,0.009357682735614362,3
601,8,1.0,0.0,1.0,0.0,0.0,24.0,1.0,104.0,2.0,0.0,13.0,52.0,0.0,5.0,0.0,0.0,2.0,0.0,1.88679245283019,1.0,0.0,0.0,0.8,0.0,3.0,1.0,0.9962805882345296,0.0037194117654703826,4
601,9,1.0,0.0,1.0,0.0,0.0,24.0,1.0,104.0,2.0,0.0,13.0,52.0,0.0,5.0,0.0,0.0,2.0,0.0,6.4,1.0,0.0,0.0,0.8,0.0,3.0,1.0,0.9979876132197817,0.0020123867802182838,5
601,10,1.0,0.0,1.0,0.0,0.0,1.0,1.0,16.0,72.0,0.0,13.0,52.0,0.0,5.0,0.0,10.0,2.0,0.0,1.88679245283019,1.0,1.0,0.0,0.8,0.0,3.0,5.0,0.9934077890386205,0.006592210961379485,2
601,11,1.0,0.0,1.0,0.0,0.0,24.0,1.0,16.0,72.0,0.0,13.0,52.0,0.0,5.0,0.0,10.0,2.0,0.0,1.88679245283019,1.0,1.0,0.0,0.8,0.0,3.0,5.0,0.9978438400770693,0.00215615992293072,3
601,12,1.0,0.0,1.0,0.0,0.0,24.0,1.0,16.0,2.0,0.0,13.0,52.0,0.0,5.0,0.0,10.0,2.0,0.0,1.88679245283019,1.0,1.0,0.0,0.8,0.0,3.0,5.0,0.9889698509877518,0.011030149012248176,2
601,13,1.0,0.0,1.0,0.0,0.0,24.0,1.0,16.0,2.0,0.0,13.0,52.0,0.0,5.0,0.0,10.0,2.0,0.0,6.4,1.0,1.0,0.0,0.8,0.0,3.0,5.0,0.9962022786006065,0.003797721399393546,3
601,14,1.0,0.0,1.0,0.0,0.0,24.0,1.0,16.0,2.0,0.0,13.0,52.0,0.0,5.0,0.0,10.0,2.0,0.0,6.4,1.0,0.0,0.0,0.8,0.0,3.0,5.0,0.9982321688185848,0.0017678311814152163,4
601,15,1.0,0.0,1.0,0.0,0.0,1.0,1.0,104.0,2.0,0.0,13.0,12.0,0.0,5.0,0.0,10.0,2.0,0.0,1.88679245283019,1.0,1.0,0.0,0.8,0.0,3.0,5.0,0.677307662940299,0.3226923370597011,1
601,16,1.0,0.0,1.0,0.0,0.0,1.0,1.0,104.0,2.0,0.0,13.0,2.0,0.0,5.0,0.0,10.0,2.0,0.0,1.88679245283019,1.0,1.0,0.0,0.0,0.0,3.0,5.0,0.9554428004601753,0.04455719953982475,2
601,17,1.0,0.0,1.0,0.0,0.0,1.0,1.0,104.0,2.0,0.0,13.0,2.0,0.0,5.0,0.0,10.0,2.0,0.0,3.0,1.0,1.0,0.0,0.0,0.0,3.0,5.0,0.9951416130573986,0.004858386942601396,3
601,18,1.0,0.0,1.0,0.0,0.0,1.0,1.0,104.0,72.0,0.0,13.0,52.0,0.0,5.0,0.0,10.0,2.0,0.0,1.88679245283019,1.0,1.0,0.0,0.8,0.0,3.0,5.0,0.7371137291677596,0.26288627083224037,1
601,19,1.0,0.0,1.0,0.0,0.0,1.0,1.0,104.0,2.0,0.0,13.0,52.0,0.0,5.0,0.0,10.0,2.0,0.0,2.5,1.0,1.0,0.0,0.8,0.0,3.0,5.0,0.5618692263284455,0.43813077367155445,1
637,0,0.0,0.0,1.0,0.0,0.0,1.0,1.0,28.0,1.0,1.0,12.0,47.0,0.0,4.0,0.0,13.0,2.0,0.0,1.95833333333333,1.0,1.0,0.0,0.666666666666667,0.0,1.0,3.0,0.5400224878743849,0.4599775121256151,1
637,1,0.0,0.0,1.0,0.0,0.0,1.0,1.0,16.0,1.0,1.0,12.0,47.0,0.0,4.0,0.0,0.0,2.0,0.0,1.95833333333333,1.0,1.0,0.0,0.666666666666667,0.0,1.0,3.0,0.9981653817006836,0.0018346182993164387,2
637,2,0.0,0.0,1.0,0.0,0.0,1.0,1.0,16.0,1.0,1.0,12.0,4.0,0.0,4.0,0.0,0.0,2.0,0.0,1.95833333333333,1.0,1.0,0.0,0.666666666666667,0.0,1.0,3.0,0.9996386180954253,0.00036138190457467187,3
637,3,0.0,0.0,1.0,0.0,0.0,1.0,1.0,16.0,72.0,1.0,12.0,4.0,0.0,4.0,0.0,0.0,2.0,0.0,1.95833333333333,1.0,1.0,0.0,0.666666666666667,0.0,1.0,3.0,0.9998659321731315,0.00013406782686849593,4
637,4,0.0,0.0,1.0,0.0,0.0,1.0,1.0,16.0,72.0,1.0,12.0,4.0,0.0,4.0,0.0,0.0,2.0,0.0,6.4,1.0,1.0,0.0,0.666666666666667,0.0,1.0,3.0,0.9999084025409076,9.159745909237028e-05,5
637,5,0.0,0.0,1.0,0.0,0.0,1.0,1.0,97.0,1.0,1.0,12.0,47.0,0.0,4.0,0.0,13.0,2.0,0.0,2.5,1.0,1.0,0.0,0.666666666666667,0.0,1.0,3.0,0.6831410380439554,0.31685896195604457,1
637,6,0.0,0.0,8.0,0.0,0.0,1.0,1.0,97.0,1.0,1.0,12.0,47.0,0.0,4.0,0.0,13.0,2.0,0.0,26.0,1.0,1.0,0.0,0.666666666666667,0.0,1.0,3.0,0.9539675835488882,0.0460324164511118,2
637,7,0.0,0.0,1.0,0.0,0.0,1.0,1.0,97.0,1.0,1.0,12.0,12.0,0.0,4.0,0.0,13.0,2.0,0.0,1.95833333333333,1.0,1.0,0.0,0.666666666666667,0.0,1.0,3.0,0.5446558777004014,0.45534412229959864,1
637,8,0.0,0.0,8.0,0.0,0.0,1.0,1.0,97.0,1.0,1.0,12.0,12.0,0.0,4.0,0.0,13.0,2.0,0.0,26.0,1.0,0.0,0.0,0.666666666666667,0.0,1.0,3.0,0.9915463698386313,0.008453630161368663,4
637,9,0.0,0.0,8.0,0.0,0.0,1.0,1.0,97.0,1.0,1.0,12.0,12.0,0.0,4.0,0.0,13.0,2.0,0.0,6.4,1.0,0.0,0.0,0.666666666666667,0.0,1.0,3.0,0.9949104750406967,0.005089524959303214,4
637,10,0.0,0.0,8.0,0.0,0.0,1.0,1.0,97.0,1.0,1.0,12.0,0.0,0.0,4.0,0.0,13.0,2.0,0.0,6.4,1.0,0.0,0.0,0.666666666666667,0.0,1.0,3.0,0.9972718214452243,0.002728178554775721,4
637,11,0.0,0.0,8.0,0.0,0.0,1.0,1.0,97.0,1.0,1.0,12.0,0.0,0.0,4.0,0.0,13.0,6.0,0.0,6.4,1.0,0.0,0.0,0.666666666666667,0.0,1.0,3.0,0.9978422302120397,0.0021577697879603306,5
637,12,0.0,0.0,1.0,0.0,0.0,24.0,1.0,16.0,1.0,1.0,12.0,47.0,0.0,4.0,0.0,0.0,2.0,0.0,1.95833333333333,1.0,1.0,0.0,0.666666666666667,0.0,1.0,3.0,0.9996751542909442,0.00032484570905580543,3
637,13,0.0,0.0,8.0,0.0,0.0,24.0,1.0,16.0,1.0,1.0,12.0,47.0,0.0,4.0,0.0,0.0,2.0,0.0,1.95833333333333,1.0,1.0,0.0,0.666666666666667,0.0,1.0,3.0,0.9997667091856948,0.00023329081430521891,4
637,14,0.0,0.0,8.0,0.0,0.0,24.0,1.0,16.0,1.0,1.0,2.0,47.0,0.0,4.0,0.0,0.0,2.0,0.0,1.95833333333333,1.0,1.0,0.0,0.666666666666667,0.0,1.0,3.0,0.9998091992459516,0.00019080075404838285,5
637,15,0.0,0.0,1.0,0.0,0.0,1.0,1.0,97.0,1.0,1.0,12.0,0.0,0.0,4.0,0.0,13.0,2.0,0.0,1.95833333333333,1.0,1.0,0.0,0.666666666666667,0.0,1.0,3.0,0.8009476306517321,0.19905236934826784,1
637,16,0.0,0.0,1.0,0.0,0.0,1.0,1.0,97.0,1.0,1.0,12.0,0.0,0.0,4.0,0.0,0.0,2.0,0.0,1.95833333333333,1.0,1.0,0.0,0.666666666666667,0.0,1.0,3.0,0.9645313132217177,0.03546868677828234,2
637,17,0.0,0.0,1.0,0.0,0.0,24.0,1.0,97.0,1.0,1.0,12.0,0.0,0.0,4.0,0.0,0.0,2.0,0.0,1.95833333333333,1.0,1.0,0.0,0.666666666666667,0.0,1.0,3.0,0.9955545422476346,0.0044454577523653305,3
637,18,0.0,0.0,8.0,0.0,0.0,24.0,1.0,97.0,1.0,1.0,12.0,0.0,0.0,4.0,0.0,0.0,2.0,0.0,1.95833333333333,1.0,1.0,0.0,0.666666666666667,0.0,1.0,3.0,0.9977027395332728,0.0022972604667272013,4
637,19,0.0,0.0,1.0,0.0,0.0,1.0,1.0,97.0,72.0,1.0,12.0,47.0,0.0,4.0,0.0,13.0,2.0,0.0,1.95833333333333,1.0,1.0,0.0,0.666666666666667,0.0,1.0,3.0,0.7407445524156981,0.25925544758430186,1
655,0,7.0,0.0,1.0,2.0,0.0,2.0,2.0,175.0,7.0,7.0,35.0,49.0,1.0,3.0,0.0,6.0,5.0,0.0,4.33333333333333,1.0,1.0,0.0,1.0,0.0,1.0,5.0,0.50515019801413,0.49484980198587003,1
655,1,7.0,0.0,1.0,2.0,0.0,2.0,2.0,175.0,7.0,7.0,35.0,49.0,1.0,3.0,0.0,0.0,5.0,0.0,4.33333333333333,1.0,1.0,0.0,1.0,0.0,1.0,1.0,0.9871340240764475,0.012865975923552564,2
655,2,7.0,0.0,1.0,2.0,0.0,2.0,2.0,175.0,7.0,7.0,35.0,49.0,1.0,3.0,0.0,0.0,5.0,0.0,4.33333333333333,1.0,1.0,0.0,0.0,0.0,1.0,1.0,0.9989713749079382,0.0010286250920618462,3
655,3,7.0,0.0,1.0,2.0,0.0,2.0,2.0,175.0,7.0,7.0,35.0,7.0,1.0,3.0,0.0,31.0,5.0,0.0,4.33333333333333,1.0,1.0,0.0,1.0,0.0,1.0,5.0,0.5280487858412467,0.4719512141587533,1
655,4,7.0,0.0,1.0,2.0,0.0,2.0,2.0,40.0,7.0,7.0,35.0,3.0,1.0,3.0,0.0,0.0,5.0,0.0,4.33333333333333,1.0,1.0,0.0,0.0,0.0,1.0,1.0,0.9997163995686985,0.00028360043130148753,5
655,5,7.0,0.0,1.0,2.0,0.0,2.0,2.0,40.0,7.0,7.0,35.0,3.0,1.0,3.0,0.0,0.0,5.0,0.0,4.33333333333333,1.0,1.0,0.0,0.0,0.0,1.0,0.0,0.9997428548490745,0.0002571451509254911,5
655,6,7.0,0.0,1.0,2.0,0.0,2.0,2.0,40.0,7.0,7.0,35.0,12.0,1.0,3.0,0.0,31.0,5.0,0.0,4.33333333333333,1.0,1.0,0.0,1.0,0.0,1.0,5.0,0.5475139643680383,0.45248603563196166,2
655,7,7.0,0.0,1.0,2.0,0.0,2.0,2.0,175.0,7.0,7.0,35.0,49.0,1.0,3.0,0.0,31.0,5.0,0.0,4.33333333333333,1.0,1.0,0.0,1.0,0.0,1.0,2.0,0.5020596952924345,0.4979403047075654,1
655,8,7.0,0.0,1.0,2.0,0.0,2.0,2.0,24.0,7.0,7.0,35.0,49.0,1.0,3.0,0.0,31.0,5.0,0.0,4.33333333333333,1.0,1.0,0.0,1.0,0.0,1.0,5.0,0.5527579440924097,0.4472420559075903,1
655,9,7.0,0.0,1.0,2.0,0.0,2.0,2.0,20.0,72.0,7.0,35.0,49.0,1.0,3.0,0.0,31.0,5.0,0.0,4.33333333333333,1.0,1.0,0.0,1.0,0.0,1.0,1.0,0.9967446824338257,0.003255317566174209,3
655,10,7.0,0.0,1.0,2.0,0.0,2.0,2.0,20.0,72.0,7.0,35.0,49.0,1.0,9.0,0.0,31.0,5.0,0.0,4.33333333333333,1.0,1.0,0.0,1.0,0.0,1.0,1.0,0.9979823674959271,0.0020176325040729077,4
655,11,7.0,0.0,1.0,2.0,0.0,2.0,2.0,20.0,72.0,7.0,35.0,49.0,1.0,9.0,0.0,31.0,5.0,0.0,6.4,1.0,1.0,0.0,1.0,0.0,1.0,1.0,0.9983314231483049,0.0016685768516950359,5
655,12,7.0,0.0,1.0,2.0,0.0,2.0,2.0,175.0,7.0,7.0,35.0,3.0,1.0,3.0,0.0,0.0,5.0,0.0,4.33333333333333,1.0,1.0,0.0,1.0,0.0,1.0,5.0,0.9496624475894171,0.05033755241058296,2
655,13,7.0,0.0,1.0,2.0,0.0,2.0,2.0,175.0,7.0,7.0,35.0,3.0,1.0,3.0,0.0,0.0,5.0,0.0,4.33333333333333,1.0,1.0,0.0,1.0,0.0,7.0,5.0,0.9721813008454024,0.027818699154597604,3
655,14,7.0,0.0,1.0,2.0,0.0,2.0,2.0,175.0,72.0,7.0,35.0,49.0,1.0,3.0,0.0,31.0,5.0,0.0,4.33333333333333,1.0,1.0,0.0,1.0,0.0,1.0,5.0,0.5258911999542473,0.4741088000457527,1
655,15,7.0,0.0,1.0,2.0,0.0,2.0,2.0,175.0,7.0,7.0,35.0,49.0,1.0,3.0,0.0,0.0,5.0,0.0,3.0,1.0,1.0,0.0,1.0,0.0,1.0,5.0,0.9443215325676113,0.05567846743238872,2
655,16,7.0,0.0,1.0,2.0,0.0,2.0,2.0,175.0,72.0,7.0,35.0,49.0,1.0,3.0,0.0,0.0,5.0,0.0,3.0,1.0,1.0,0.0,1.0,0.0,1.0,5.0,0.9778680548561697,0.02213194514383029,3
655,17,7.0,0.0,1.0,2.0,0.0,2.0,2.0,40.0,72.0,7.0,35.0,49.0,1.0,3.0,0.0,0.0,5.0,0.0,3.0,1.0,1.0,0.0,1.0,0.0,1.0,5.0,0.9904209887031036,0.00957901129689647,4
655,18,7.0,0.0,1.0,2.0,0.0,2.0,2.0,40.0,72.0,7.0,35.0,49.0,1.0,3.0,0.0,0.0,5.0,0.0,2.5,1.0,1.0,0.0,1.0,0.0,1.0,5.0,0.9915231631492681,0.008476836850731877,4
655,19,7.0,0.0,1.0,2.0,0.0,2.0,2.0,175.0,7.0,7.0,35.0,0.0,1.0,3.0,0.0,31.0,5.0,0.0,4.33333333333333,1.0,1.0,0.0,1.0,0.0,1.0,1.0,0.9403668751892584,0.05963312481074152,2
731,0,5.0,0.0,1.0,1.0,1.0,5.0,3.0,270.0,6.0,19.0,25.0,27.0,1.0,2.0,3.0,6.0,4.0,0.0,5.19607843137255,0.0,1.0,0.0,0.888888888888889,0.0,1.0,8.0,0.5442845343372404,0.4557154656627595,1
731,1,5.0,0.0,1.0,1.0,1.0,5.0,3.0,270.0,6.0,19.0,25.0,27.0,1.0,2.0,3.0,0.0,4.0,0.0,5.19607843137255,0.0,1.0,0.0,0.888888888888889,0.0,1.0,1.0,0.9733853438938572,0.026614656106142814,2
731,2,5.0,0.0,1.0,1.0,1.0,5.0,3.0,20.0,6.0,19.0,25.0,27.0,1.0,2.0,3.0,0.0,4.0,0.0,5.19607843137255,0.0,1.0,0.0,0.888888888888889,0.0,1.0,1.0,0.9973201163643466,0.002679883635653439,3
731,3,5.0,0.0,1.0,1.0,1.0,5.0,0.0,20.0,6.0,19.0,25.0,27.0,1.0,2.0,3.0,0.0,4.0,0.0,5.19607843137255,0.0,1.0,0.0,0.888888888888889,0.0,1.0,1.0,0.9993571440394525,0.0006428559605474764,4
731,4,5.0,0.0,1.0,1.0,1.0,5.0,0.0,19.0,6.0,19.0,25.0,27.0,1.0,2.0,3.0,0.0,4.0,0.0,5.19607843137255,0.0,1.0,0.0,0.888888888888889,0.0,1.0,1.0,0.9994289680319256,0.0005710319680743735,4
731,5,5.0,0.0,1.0,1.0,1.0,5.0,3.0,20.0,6.0,19.0,25.0,27.0,1.0,2.0,3.0,0.0,4.0,0.0,5.19607843137255,0.0,1.0,0.0,0.888888888888889,0.0,1.0,0.0,0.9988467114767564,0.0011532885232435394,3
731,6,5.0,0.0,1.0,1.0,1.0,5.0,3.0,20.0,3.0,19.0,25.0,27.0,1.0,2.0,3.0,0.0,4.0,0.0,5.19607843137255,0.0,1.0,0.0,0.888888888888889,0.0,1.0,0.0,0.9991726472938965,0.0008273527061034515,4
731,7,5.0,0.0,1.0,1.0,1.0,5.0,3.0,22.0,3.0,19.0,25.0,27.0,1.0,2.0,3.0,0.0,4.0,0.0,5.19607843137255,0.0,1.0,0.0,0.888888888888889,0.0,1.0,0.0,0.9992574332766783,0.0007425667233217728,4
731,8,5.0,0.0,1.0,1.0,1.0,5.0,3.0,22.0,3.0,19.0,25.0,27.0,1.0,2.0,3.0,0.0,4.0,0.0,5.19607843137255,0.0,1.0,0.0,0.888888888888889,0.0,3.0,0.0,0.9994226009615667,0.0005773990384333729,5
731,9,0.0,0.0,1.0,1.0,1.0,5.0,3.0,270.0,6.0,19.0,25.0,27.0,1.0,2.0,3.0,0.0,4.0,0.0,5.19607843137255,0.0,1.0,0.0,0.888888888888889,0.0,1.0,8.0,0.9302816095490972,0.06971839045090276,2
731,10,0.0,114.0,1.0,1.0,1.0,5.0,3.0,270.0,6.0,19.0,25.0,27.0,1.0,2.0,3.0,0.0,4.0,0.0,5.19607843137255,0.0,1.0,0.0,0.888888888888889,0.0,1.0,8.0,0.9812685372152381,0.018731462784761885,3
731,11,0.0,114.0,1.0,1.0,1.0,5.0,3.0,270.0,6.0,19.0,25.0,27.0,1.0,2.0,3.0,0.0,4.0,0.0,26.0,0.0,1.0,0.0,0.888888888888889,0.0,1.0,8.0,0.9879362605158575,0.012063739484142558,4
731,12,0.0,114.0,1.0,1.0,1.0,5.0,2.0,270.0,6.0,19.0,25.0,27.0,1.0,2.0,3.0,0.0,4.0,0.0,26.0,0.0,1.0,0.0,0.888888888888889,0.0,1.0,8.0,0.9899300334243191,0.010069966575680989,5
731,13,0.0,114.0,1.0,1.0,1.0,5.0,2.0,270.0,6.0,19.0,25.0,27.0,1.0,2.0,3.0,0.0,4.0,0.0,1.2,0.0,1.0,0.0,0.888888888888889,0.0,1.0,8.0,0.991980048061925,0.008019951938075068,5
731,14,5.0,0.0,1.0,1.0,1.0,5.0,3.0,270.0,6.0,19.0,25.0,27.0,1.0,2.0,3.0,0.0,4.0,0.0,5.19607843137255,0.0,1.0,0.0,0.0,0.0,1.0,8.0,0.9809343981225056,0.019065601877494367,2
731,15,5.0,0.0,1.0,1.0,1.0,5.0,3.0,270.0,6.0,19.0,25.0,27.0,1.0,2.0,3.0,0.0,4.0,0.0,5.19607843137255,0.0,1.0,0.0,0.0,0.0,1.0,0.0,0.9992524905661877,0.0007475094338123098,3
731,16,5.0,0.0,1.0,1.0,1.0,5.0,3.0,20.0,6.0,19.0,25.0,27.0,1.0,2.0,3.0,0.0,4.0,0.0,5.19607843137255,0.0,1.0,0.0,0.0,0.0,1.0,0.0,0.9996452144899391,0.00035478551006082657,4
731,17,5.0,0.0,1.0,1.0,1.0,5.0,0.0,20.0,6.0,19.0,25.0,27.0,1.0,2.0,3.0,0.0,4.0,0.0,5.19607843137255,0.0,1.0,0.0,0.0,0.0,1.0,0.0,0.9998011130048211,0.00019888699517887893,5
731,18,5.0,0.0,1.0,1.0,1.0,5.0,0.0,19.0,6.0,19.0,25.0,27.0,1.0,2.0,3.0,0.0,4.0,0.0,5.19607843137255,0.0,1.0,0.0,0.0,0.0,1.0,0.0,0.99982334270436,0.0001766572956400215,5
731,19,5.0,0.0,1.0,1.0,1.0,5.0,3.0,17.0,6.0,19.0,25.0,27.0,1.0,2.0,3.0,31.0,4.0,0.0,5.19607843137255,0.0,1.0,0.0,0.888888888888889,0.0,1.0,8.0,0.6214172135615348,0.3785827864384652,1
770,0,3.0,0.0,1.0,1.0,0.0,1.0,2.0,62.0,7.0,9.0,6.0,18.0,1.0,3.0,1.0,10.0,4.0,0.0,3.73333333333333,1.0,1.0,0.0,0.5,0.0,2.0,2.0,0.713033477382447,0.28696652261755295,1
770,1,3.0,0.0,1.0,1.0,0.0,1.0,2.0,17.0,7.0,9.0,6.0,18.0,1.0,3.0,1.0,10.0,4.0,0.0,3.73333333333333,1.0,1.0,0.0,0.5,0.0,2.0,5.0,0.7154713825862822,0.2845286174137179,1
770,2,3.0,0.0,1.0,1.0,0.0,1.0,2.0,16.0,7.0,9.0,6.0,18.0,1.0,3.0,1.0,10.0,4.0,0.0,3.73333333333333,1.0,1.0,0.0,0.0,0.0,2.0,0.0,0.9960365286873353,0.003963471312664721,3
770,3,3.0,0.0,1.0,1.0,0.0,1.0,2.0,16.0,72.0,9.0,6.0,18.0,1.0,3.0,1.0,10.0,4.0,0.0,3.73333333333333,1.0,1.0,0.0,0.0,0.0,2.0,0.0,0.998439058535854,0.0015609414641459883,4
770,4,3.0,0.0,1.0,1.0,0.0,1.0,2.0,16.0,72.0,9.0,6.0,18.0,1.0,3.0,1.0,10.0,4.0,0.0,3.73333333333333,1.0,0.0,0.0,0.0,0.0,2.0,0.0,0.9992327708637394,0.0007672291362605621,5
770,5,3.0,0.0,1.0,43.0,0.0,1.0,2.0,62.0,7.0,9.0,6.0,18.0,1.0,3.0,1.0,10.0,4.0,0.0,3.73333333333333,1.0,1.0,0.0,0.5,0.0,2.0,0.0,0.9809193923407046,0.019080607659295385,2
770,6,3.0,0.0,1.0,43.0,0.0,1.0,2.0,62.0,7.0,9.0,6.0,18.0,1.0,3.0,1.0,10.0,4.0,0.0,3.73333333333333,1.0,1.0,0.0,0.0,0.0,2.0,0.0,0.9942019274174775,0.005798072582522572,3
770,7,3.0,0.0,1.0,43.0,0.0,24.0,2.0,62.0,7.0,9.0,6.0,18.0,1.0,3.0,1.0,10.0,4.0,0.0,3.73333333333333,1.0,1.0,0.0,0.5,0.0,2.0,5.0,0.6152550380506543,0.38474496194934565,2
770,8,3.0,0.0,1.0,43.0,0.0,24.0,0.0,62.0,7.0,9.0,6.0,18.0,1.0,3.0,1.0,10.0,4.0,0.0,3.73333333333333,1.0,1.0,0.0,0.0,0.0,2.0,0.0,0.9982410236813976,0.0017589763186024296,5
770,9,3.0,0.0,1.0,1.0,0.0,1.0,2.0,62.0,72.0,9.0,6.0,18.0,1.0,3.0,1.0,10.0,4.0,0.0,3.73333333333333,1.0,1.0,0.0,0.5,0.0,2.0,0.0,0.9780341457912226,0.021965854208777388,2
770,10,3.0,0.0,1.0,1.0,0.0,1.0,2.0,62.0,72.0,9.0,6.0,18.0,1.0,3.0,1.0,10.0,4.0,0.0,3.73333333333333,1.0,0.0,0.0,0.5,0.0,2.0,5.0,0.6889502239151244,0.3110497760848756,2
770,11,0.0,0.0,1.0,1.0,0.0,1.0,2.0,62.0,72.0,9.0,6.0,18.0,1.0,3.0,1.0,10.0,4.0,0.0,3.73333333333333,1.0,84.0,0.0,0.5,0.0,2.0,0.0,0.9935429990564235,0.006457000943576475,4
770,12,3.0,0.0,1.0,1.0,0.0,1.0,2.0,62.0,7.0,9.0,6.0,18.0,1.0,3.0,1.0,10.0,4.0,0.0,3.73333333333333,1.0,1.0,0.0,0.0,0.0,2.0,5.0,0.5823626115244572,0.41763738847554277,1
770,13,3.0,0.0,1.0,1.0,0.0,1.0,2.0,62.0,7.0,9.0,6.0,18.0,1.0,3.0,1.0,0.0,4.0,0.0,3.73333333333333,1.0,1.0,0.0,0.0,0.0,2.0,5.0,0.9546398611449861,0.04536013885501392,2
770,14,1.0,0.0,1.0,1.0,0.0,1.0,2.0,62.0,7.0,9.0,6.0,18.0,1.0,3.0,1.0,2.0,4.0,0.0,3.73333333333333,1.0,1.0,0.0,0.5,0.0,2.0,5.0,0.5042754263574265,0.4957245736425735,2
770,15,1.0,0.0,1.0,1.0,0.0,1.0,2.0,62.0,7.0,9.0,6.0,18.0,1.0,3.0,1.0,0.0,4.0,0.0,3.73333333333333,1.0,0.0,0.0,0.0,0.0,2.0,5.0,0.9986914041358526,0.0013085958641474245,4
770,16,3.0,0.0,1.0,1.0,0.0,1.0,2.0,62.0,7.0,9.0,6.0,18.0,1.0,3.0,1.0,0.0,4.0,0.0,3.0,1.0,1.0,0.0,0.5,0.0,2.0,5.0,0.6004304499339094,0.39956955006609063,2
770,17,3.0,0.0,1.0,1.0,0.0,1.0,2.0,16.0,7.0,9.0,6.0,18.0,1.0,3.0,1.0,10.0,4.0,0.0,0.0,1.0,1.0,0.0,0.5,0.0,2.0,0.0,0.9957380530588704,0.004261946941129621,3
770,18,3.0,0.0,1.0,1.0,0.0,1.0,2.0,16.0,72.0,9.0,6.0,18.0,1.0,3.0,1.0,10.0,4.0,0.0,0.0,1.0,1.0,0.0,0.5,0.0,2.0,0.0,0.9973941581301962,0.0026058418698038555,4
770,19,3.0,0.0,1.0,1.0,0.0,1.0,2.0,16.0,72.0,9.0,6.0,18.0,1.0,3.0,1.0,10.0,4.0,0.0,6.4,1.0,1.0,0.0,0.5,0.0,2.0,0.0,0.9976789749377984,0.002321025062201567,4
779,0,0.0,0.0,1.0,0.0,0.0,0.0,1.0,28.0,1.0,3.0,10.0,22.0,0.0,1.0,0.0,6.0,2.0,1.0,2.2,1.0,1.0,0.0,0.666666666666667,0.0,3.0,3.0,0.8115361400132179,0.18846385998678206,1
779,1,0.0,0.0,1.0,0.0,0.0,24.0,1.0,39.0,1.0,3.0,10.0,22.0,0.0,1.0,0.0,6.0,2.0,1.0,2.2,1.0,1.0,0.0,0.666666666666667,0.0,3.0,3.0,0.839984885885816,0.160015114114184,1
779,2,0.0,0.0,1.0,0.0,0.0,24.0,1.0,16.0,1.0,3.0,10.0,0.0,0.0,1.0,0.0,6.0,2.0,1.0,2.2,1.0,1.0,0.0,0.666666666666667,0.0,3.0,3.0,0.9997322125231182,0.00026778747688178045,3
779,3,0.0,0.0,1.0,0.0,0.0,0.0,1.0,39.0,72.0,3.0,10.0,22.0,0.0,1.0,0.0,6.0,2.0,1.0,2.2,1.0,1.0,0.0,0.666666666666667,0.0,3.0,3.0,0.8209384389814961,0.1790615610185039,1
779,4,0.0,0.0,1.0,0.0,0.0,24.0,1.0,16.0,72.0,3.0,10.0,2.0,0.0,1.0,0.0,6.0,2.0,1.0,2.2,1.0,1.0,0.0,0.666666666666667,0.0,3.0,3.0,0.9999086090294298,9.139097057025835e-05,4
779,5,0.0,0.0,1.0,0.0,0.0,24.0,1.0,16.0,72.0,3.0,10.0,2.0,0.0,1.0,0.0,6.0,2.0,1.0,2.2,1.0,1.0,0.0,0.0,0.0,3.0,3.0,0.9999213413273775,7.865867262242194e-05,5
779,6,0.0,0.0,1.0,0.0,0.0,24.0,1.0,16.0,72.0,3.0,10.0,4.0,0.0,1.0,0.0,6.0,2.0,1.0,2.2,1.0,1.0,0.0,0.0,0.0,3.0,3.0,0.9999371481468137,6.285185318633567e-05,5
779,7,0.0,0.0,1.0,0.0,0.0,0.0,1.0,39.0,1.0,3.0,10.0,12.0,0.0,1.0,0.0,6.0,2.0,1.0,2.2,1.0,1.0,0.0,0.666666666666667,0.0,3.0,3.0,0.5786791539598919,0.42132084604010805,1
779,8,0.0,0.0,1.0,0.0,0.0,0.0,1.0,39.0,72.0,3.0,10.0,0.0,0.0,1.0,0.0,6.0,2.0,1.0,2.2,1.0,1.0,0.0,0.666666666666667,0.0,3.0,3.0,0.9818204414572974,0.01817955854270254,2
779,9,0.0,0.0,1.0,0.0,0.0,0.0,1.0,39.0,72.0,3.0,10.0,0.0,0.0,1.0,0.0,0.0,2.0,1.0,2.2,1.0,1.0,0.0,0.666666666666667,0.0,3.0,3.0,0.9931826223342042,0.006817377665795874,3
779,10,0.0,0.0,1.0,0.0,0.0,0.0,1.0,39.0,72.0,3.0,10.0,0.0,0.0,9.0,0.0,0.0,2.0,1.0,2.2,1.0,1.0,0.0,0.666666666666667,0.0,3.0,3.0,0.9964905103346317,0.0035094896653682993,4
779,11,0.0,0.0,1.0,0.0,0.0,0.0,1.0,39.0,72.0,3.0,10.0,0.0,0.0,9.0,0.0,0.0,2.0,1.0,2.2,1.0,1.0,0.0,0.666666666666667,0.0,3.0,0.0,0.9970458040383063,0.002954195961693618,5
779,12,0.0,0.0,1.0,0.0,0.0,0.0,1.0,39.0,72.0,3.0,10.0,5.0,0.0,9.0,0.0,0.0,2.0,1.0,2.2,1.0,1.0,0.0,0.666666666666667,0.0,3.0,0.0,0.9973931370707577,0.0026068629292422857,5
779,13,0.0,0.0,1.0,0.0,0.0,0.0,1.0,16.0,1.0,3.0,10.0,22.0,0.0,1.0,0.0,6.0,2.0,1.0,6.4,1.0,1.0,0.0,0.666666666666667,0.0,3.0,3.0,0.9959661621811045,0.004033837818895564,2
779,14,0.0,0.0,8.0,0.0,0.0,0.0,1.0,16.0,1.0,3.0,10.0,22.0,0.0,1.0,0.0,6.0,2.0,1.0,6.4,1.0,1.0,0.0,0.666666666666667,0.0,3.0,3.0,0.998066617666506,0.0019333823334940225,3
779,15,0.0,0.0,1.0,0.0,0.0,0.0,1.0,39.0,72.0,3.0,10.0,0.0,0.0,1.0,0.0,0.0,2.0,1.0,6.4,1.0,1.0,0.0,0.666666666666667,0.0,3.0,3.0,0.9953602282011923,0.0046397717988077335,4
779,16,0.0,0.0,1.0,0.0,0.0,0.0,1.0,39.0,72.0,3.0,10.0,4.0,0.0,1.0,0.0,0.0,2.0,1.0,6.4,1.0,1.0,0.0,0.666666666666667,0.0,3.0,3.0,0.9958938855772578,0.004106114422742241,4
779,17,0.0,0.0,1.0,0.0,0.0,0.0,1.0,39.0,1.0,3.0,10.0,22.0,0.0,1.0,3136.0,6.0,2.0,1.0,2.2,1.0,1.0,0.0,0.666666666666667,0.0,3.0,3.0,0.6141330303393638,0.38586696966063616,1
779,18,0.0,0.0,1.0,0.0,0.0,0.0,1.0,39.0,72.0,3.0,10.0,4.0,0.0,1.0,3136.0,0.0,2.0,1.0,1.2,1.0,1.0,0.0,0.666666666666667,0.0,3.0,3.0,0.9970564253027145,0.0029435746972854408,5
779,19,0.0,0.0,1.0,0.0,0.0,0.0,1.0,39.0,1.0,3.0,10.0,22.0,0.0,1.0,0.0,6.0,2.0,1.0,2.2,1.0,1.0,0.0,0.0,0.0,3.0,3.0,0.8798673360348601,0.12013266396513986,1
897,0,1.0,0.0,2.0,0.0,17.0,6.0,3.0,28.0,1.0,0.0,0.0,17.0,0.0,1.0,0.0,9.0,2.0,0.0,3.61111111111111,1.0,1.0,0.0,1.0,0.0,2.0,3.0,0.6855789704402263,0.3144210295597737,1
897,1,1.0,0.0,2.0,0.0,17.0,6.0,3.0,16.0,1.0,0.0,0.0,2.0,0.0,1.0,0.0,9.0,2.0,0.0,3.61111111111111,1.0,1.0,0.0,1.0,0.0,2.0,3.0,0.9917544765698351,0.008245523430164955,2
897,2,1.0,0.0,2.0,0.0,17.0,6.0,3.0,16.0,1.0,0.0,0.0,2.0,0.0,1.0,0.0,9.0,2.0,0.0,3.61111111111111,1.0,0.0,0.0,1.0,0.0,2.0,3.0,0.9982960293786337,0.0017039706213662653,3
897,3,1.0,0.0,2.0,0.0,17.0,6.0,3.0,16.0,1.0,0.0,0.0,2.0,0.0,1.0,0.0,9.0,2.0,0.0,6.4,1.0,0.0,0.0,1.0,0.0,2.0,3.0,0.9991027678119532,0.0008972321880468035,4
897,4,1.0,0.0,2.0,0.0,17.0,6.0,3.0,16.0,1.0,0.0,0.0,3.0,0.0,1.0,0.0,9.0,2.0,0.0,6.4,1.0,0.0,0.0,1.0,0.0,2.0,3.0,0.9991453614678087,0.0008546385321912092,4
897,5,1.0,0.0,2.0,0.0,17.0,6.0,3.0,16.0,1.0,0.0,0.0,3.0,0.0,9.0,0.0,9.0,2.0,0.0,6.4,1.0,0.0,0.0,1.0,0.0,2.0,3.0,0.9991637390668903,0.0008362609331096911,5
897,6,1.0,0.0,2.0,0.0,17.0,6.0,3.0,16.0,1.0,0.0,0.0,17.0,0.0,1.0,0.0,9.0,2.0,0.0,6.4,1.0,1.0,0.0,1.0,0.0,2.0,3.0,0.9728891910452543,0.027110808954745744,2
897,7,1.0,0.0,2.0,0.0,17.0,6.0,3.0,16.0,1.0,0.0,0.0,17.0,0.0,1.0,0.0,9.0,2.0,0.0,6.4,26.0,1.0,0.0,1.0,0.0,2.0,3.0,0.9890226189960509,0.010977381003949025,3
897,8,1.0,114.0,2.0,0.0,17.0,6.0,3.0,16.0,1.0,0.0,0.0,17.0,0.0,1.0,0.0,9.0,2.0,0.0,6.4,26.0,1.0,0.0,1.0,0.0,2.0,3.0,0.9946546494671495,0.005345350532850458,4
897,9,1.0,114.0,2.0,0.0,17.0,6.0,3.0,16.0,1.0,0.0,97.0,17.0,0.0,1.0,0.0,9.0,2.0,0.0,6.4,26.0,1.0,0.0,1.0,0.0,2.0,3.0,0.9956944823360082,0.004305517663991796,5
897,10,1.0,114.0,2.0,0.0,17.0,6.0,3.0,16.0,1.0,0.0,97.0,17.0,0.0,1.0,0.0,9.0,2.0,0.0,26.0,26.0,1.0,0.0,1.0,0.0,2.0,3.0,0.9957910193840775,0.004208980615922439,5
897,11,1.0,114.0,2.0,0.0,17.0,6.0,3.0,16.0,1.0,0.0,1.0,17.0,0.0,1.0,0.0,9.0,2.0,0.0,26.0,26.0,1.0,0.0,1.0,0.0,2.0,3.0,0.9959102680132559,0.00408973198674407,5
897,12,1.0,0.0,8.0,0.0,17.0,6.0,3.0,16.0,1.0,0.0,0.0,2.0,0.0,1.0,0.0,9.0,2.0,0.0,3.61111111111111,1.0,1.0,0.0,1.0,0.0,2.0,3.0,0.9972732339708683,0.00272676602913167,3
897,13,1.0,114.0,8.0,0.0,17.0,6.0,3.0,16.0,1.0,0.0,0.0,2.0,0.0,1.0,0.0,9.0,2.0,0.0,3.61111111111111,1.0,1.0,0.0,1.0,0.0,2.0,3.0,0.997615053498567,0.0023849465014329553,4
897,14,1.0,114.0,8.0,0.0,17.0,6.0,3.0,22.0,1.0,0.0,0.0,2.0,0.0,1.0,0.0,9.0,2.0,0.0,3.61111111111111,1.0,1.0,0.0,1.0,0.0,2.0,3.0,0.9976693350402128,0.002330664959787165,4
897,15,1.0,0.0,2.0,0.0,17.0,6.0,0.0,16.0,1.0,0.0,0.0,17.0,0.0,1.0,0.0,9.0,2.0,0.0,3.61111111111111,1.0,1.0,0.0,1.0,0.0,2.0,3.0,0.9834253001865,0.016574699813499988,2
897,16,1.0,114.0,2.0,0.0,17.0,6.0,0.0,16.0,1.0,0.0,0.0,17.0,0.0,1.0,0.0,9.0,2.0,0.0,3.61111111111111,1.0,1.0,0.0,1.0,0.0,2.0,3.0,0.9918401379187156,0.008159862081284415,3
897,17,1.0,114.0,2.0,0.0,17.0,6.0,0.0,16.0,1.0,33.0,0.0,17.0,0.0,1.0,0.0,9.0,2.0,0.0,3.61111111111111,1.0,1.0,0.0,1.0,0.0,2.0,3.0,0.9956017648394802,0.004398235160519831,4
897,18,1.0,114.0,2.0,0.0,17.0,6.0,0.0,16.0,1.0,33.0,0.0,17.0,0.0,1.0,0.0,9.0,2.0,0.0,6.4,1.0,1.0,0.0,1.0,0.0,2.0,3.0,0.9970803315697269,0.0029196684302731164,5
897,19,1.0,0.0,2.0,0.0,17.0,6.0,3.0,133.0,1.0,0.0,0.0,17.0,0.0,9.0,0.0,9.0,2.0,0.0,3.61111111111111,1.0,1.0,0.0,1.0,0.0,2.0,3.0,0.5111967270993448,0.4888032729006552,1
939,0,3.0,0.0,2.0,2.0,70.0,5.0,3.0,40.0,72.0,0.0,4.0,78.0,0.0,2.0,0.0,11.0,2.0,0.0,3.39506172839506,0.0,1.0,0.0,0.75,0.0,4.0,7.0,0.6954418822001569,0.30455811779984304,2
939,1,1.0,0.0,2.0,2.0,70.0,5.0,3.0,16.0,72.0,0.0,4.0,78.0,0.0,2.0,0.0,11.0,2.0,0.0,3.39506172839506,0.0,1.0,0.0,0.75,0.0,4.0,7.0,0.9495513386817932,0.050448661318206835,3
939,2,1.0,0.0,2.0,2.0,70.0,5.0,2.0,16.0,72.0,0.0,4.0,78.0,0.0,2.0,0.0,11.0,2.0,0.0,3.39506172839506,0.0,1.0,0.0,0.75,0.0,4.0,7.0,0.9852119384901946,0.014788061509805385,4
939,3,1.0,0.0,2.0,2.0,70.0,5.0,2.0,16.0,72.0,0.0,4.0,78.0,0.0,2.0,0.0,11.0,2.0,0.0,3.39506172839506,0.0,0.0,0.0,0.75,0.0,4.0,7.0,0.9925780095056459,0.00742199049435407,5
939,4,1.0,0.0,2.0,2.0,70.0,5.0,2.0,40.0,72.0,0.0,4.0,78.0,0.0,2.0,0.0,11.0,2.0,0.0,3.39506172839506,0.0,0.0,0.0,0.75,0.0,4.0,7.0,0.9948328113098177,0.005167188690182265,5
939,5,1.0,0.0,2.0,2.0,70.0,5.0,3.0,495.0,72.0,0.0,4.0,78.0,0.0,2.0,0.0,11.0,2.0,0.0,3.39506172839506,0.0,1.0,0.0,0.75,0.0,4.0,7.0,0.6682112299698004,0.3317887700301995,2
939,6,1.0,0.0,2.0,2.0,70.0,5.0,3.0,495.0,72.0,0.0,4.0,78.0,0.0,9.0,0.0,11.0,2.0,0.0,3.39506172839506,0.0,1.0,0.0,0.75,0.0,4.0,7.0,0.8167793747531379,0.18322062524686208,3
939,7,1.0,0.0,2.0,2.0,70.0,5.0,3.0,495.0,72.0,0.0,4.0,0.0,0.0,9.0,0.0,11.0,2.0,0.0,3.39506172839506,0.0,1.0,0.0,0.75,0.0,4.0,7.0,0.856918715999528,0.1430812840004721,4
939,8,3.0,0.0,2.0,2.0,70.0,5.0,3.0,495.0,72.0,0.0,4.0,78.0,0.0,2.0,0.0,11.0,2.0,0.0,3.39506172839506,0.0,1.0,0.0,0.75,0.0,4.0,1.0,0.5936344437158649,0.4063655562841351,2
939,9,3.0,0.0,2.0,2.0,70.0,5.0,2.0,495.0,72.0,0.0,4.0,78.0,0.0,2.0,0.0,11.0,2.0,0.0,3.39506172839506,0.0,1.0,0.0,0.75,0.0,4.0,7.0,0.640389760638543,0.359610239361457,2
939,10,3.0,0.0,2.0,2.0,70.0,5.0,2.0,495.0,72.0,0.0,4.0,78.0,0.0,2.0,0.0,11.0,2.0,0.0,3.39506172839506,0.0,1.0,0.0,0.75,0.0,4.0,0.0,0.962692896398987,0.03730710360101302,3
939,11,3.0,0.0,8.0,2.0,70.0,5.0,2.0,495.0,72.0,0.0,4.0,78.0,0.0,2.0,0.0,11.0,2.0,0.0,3.39506172839506,0.0,1.0,0.0,0.75,0.0,4.0,0.0,0.9771759416596829,0.022824058340317123,4
939,12,3.0,114.0,8.0,2.0,70.0,5.0,2.0,495.0,72.0,0.0,4.0,78.0,0.0,2.0,0.0,11.0,2.0,0.0,3.39506172839506,0.0,1.0,0.0,0.75,0.0,4.0,0.0,0.9801671987174395,0.019832801282560476,5
939,13,3.0,114.0,8.0,2.0,70.0,5.0,0.0,495.0,72.0,0.0,4.0,78.0,0.0,2.0,0.0,11.0,2.0,0.0,3.39506172839506,0.0,1.0,0.0,0.75,0.0,4.0,0.0,0.9804608672078357,0.019539132792164297,5
939,14,3.0,0.0,2.0,2.0,70.0,5.0,3.0,495.0,72.0,0.0,4.0,78.0,0.0,2.0,0.0,11.0,2.0,0.0,3.39506172839506,0.0,84.0,0.0,0.75,0.0,4.0,7.0,0.5812260355506825,0.41877396444931747,2
939,15,1.0,0.0,2.0,2.0,70.0,5.0,3.0,495.0,72.0,0.0,4.0,78.0,0.0,2.0,0.0,11.0,2.0,0.0,3.39506172839506,26.0,84.0,0.0,0.75,0.0,4.0,7.0,0.9672887109964257,0.03271128900357435,4
939,16,3.0,0.0,2.0,2.0,70.0,5.0,3.0,28.0,4.0,0.0,4.0,7.0,0.0,2.0,0.0,11.0,2.0,0.0,3.39506172839506,0.0,1.0,0.0,0.75,0.0,4.0,7.0,0.6226070908161125,0.37739290918388746,2
939,17,3.0,0.0,2.0,2.0,70.0,5.0,0.0,16.0,4.0,0.0,4.0,2.0,0.0,2.0,0.0,11.0,2.0,0.0,3.39506172839506,0.0,1.0,0.0,0.75,0.0,4.0,7.0,0.9221338986948124,0.07786610130518758,3
939,18,3.0,0.0,8.0,2.0,70.0,5.0,0.0,16.0,4.0,0.0,4.0,2.0,0.0,2.0,0.0,11.0,2.0,0.0,3.39506172839506,0.0,1.0,0.0,0.75,0.0,4.0,7.0,0.9650369947880343,0.0349630052119657,4
939,19,3.0,0.0,8.0,43.0,70.0,5.0,0.0,16.0,4.0,0.0,4.0,2.0,0.0,2.0,0.0,11.0,2.0,0.0,3.39506172839506,0.0,1.0,0.0,0.75,0.0,4.0,7.0,0.980141936602082,0.019858063397917996,5
946,0,2.0,0.0,1.0,1.0,18.0,4.0,4.0,28.0,1.0,0.0,0.0,17.0,0.0,1.0,0.0,5.0,1.0,0.0,2.63157894736842,1.0,1.0,0.0,1.0,0.0,2.0,5.0,0.6282394741261066,0.37176052587389335,1
946,1,2.0,0.0,1.0,1.0,18.0,4.0,4.0,16.0,1.0,0.0,0.0,17.0,0.0,1.0,0.0,5.0,1.0,0.0,2.63157894736842,1.0,1.0,0.0,1.0,0.0,2.0,0.0,0.9968509848808637,0.003149015119136308,2
946,2,2.0,0.0,1.0,1.0,18.0,4.0,4.0,16.0,1.0,0.0,0.0,17.0,0.0,1.0,0.0,5.0,1.0,0.0,2.63157894736842,1.0,0.0,0.0,1.0,0.0,2.0,0.0,0.9991815129733939,0.0008184870266060975,3
946,3,2.0,0.0,1.0,1.0,18.0,4.0,4.0,16.0,1.0,0.0,0.0,17.0,0.0,1.0,0.0,5.0,1.0,0.0,1.2,1.0,0.0,0.0,1.0,0.0,2.0,0.0,0.9994723580130117,0.0005276419869882404,4
946,4,2.0,0.0,1.0,1.0,18.0,4.0,4.0,16.0,1.0,0.0,0.0,2.0,0.0,1.0,0.0,5.0,1.0,0.0,2.63157894736842,1.0,1.0,0.0,1.0,0.0,2.0,5.0,0.9775247656900513,0.0224752343099487,2
946,5,2.0,0.0,1.0,1.0,18.0,4.0,4.0,16.0,1.0,0.0,0.0,2.0,0.0,1.0,0.0,5.0,1.0,0.0,2.63157894736842,1.0,1.0,0.0,0.0,0.0,2.0,5.0,0.9936018120666524,0.006398187933347599,3
946,6,2.0,0.0,1.0,1.0,18.0,4.0,4.0,16.0,1.0,0.0,0.0,2.0,0.0,1.0,0.0,5.0,1.0,0.0,2.63157894736842,1.0,1.0,0.0,0.0,0.0,3.0,5.0,0.994213751084864,0.005786248915136011,4
946,7,2.0,0.0,1.0,1.0,18.0,4.0,4.0,16.0,1.0,0.0,0.0,1.0,0.0,1.0,0.0,5.0,1.0,0.0,2.63157894736842,1.0,1.0,0.0,0.0,0.0,3.0,5.0,0.9946375995367406,0.005362400463259472,4
946,8,2.0,0.0,1.0,1.0,18.0,4.0,0.0,16.0,1.0,0.0,0.0,17.0,0.0,1.0,0.0,5.0,1.0,0.0,2.63157894736842,1.0,1.0,0.0,1.0,0.0,2.0,5.0,0.9686969545751487,0.031303045424851336,2
946,9,2.0,0.0,1.0,1.0,0.0,4.0,0.0,16.0,1.0,0.0,0.0,17.0,0.0,1.0,0.0,5.0,1.0,0.0,2.63157894736842,1.0,1.0,0.0,1.0,0.0,2.0,5.0,0.992843516932067,0.007156483067933082,3
946,10,2.0,0.0,1.0,1.0,0.0,4.0,0.0,16.0,1.0,0.0,0.0,17.0,0.0,1.0,0.0,5.0,1.0,0.0,1.2,1.0,1.0,0.0,1.0,0.0,2.0,5.0,0.9956175708473263,0.004382429152673766,4
946,11,2.0,0.0,8.0,1.0,0.0,4.0,0.0,16.0,1.0,0.0,0.0,17.0,0.0,1.0,0.0,5.0,1.0,0.0,1.2,1.0,1.0,0.0,1.0,0.0,2.0,5.0,0.9963831882283565,0.0036168117716434893,5
946,12,2.0,0.0,1.0,1.0,0.0,4.0,4.0,16.0,1.0,0.0,0.0,17.0,0.0,1.0,0.0,5.0,1.0,0.0,2.63157894736842,1.0,1.0,0.0,1.0,0.0,2.0,5.0,0.9680498332858216,0.03195016671417839,2
946,13,2.0,0.0,1.0,1.0,0.0,4.0,4.0,16.0,1.0,0.0,0.0,17.0,0.0,1.0,0.0,5.0,1.0,0.0,1.2,1.0,1.0,0.0,1.0,0.0,2.0,5.0,0.9802433713907971,0.019756628609202895,3
946,14,2.0,0.0,1.0,1.0,0.0,4.0,4.0,16.0,1.0,0.0,1.0,17.0,0.0,1.0,0.0,5.0,1.0,0.0,1.2,1.0,1.0,0.0,1.0,0.0,2.0,5.0,0.98207876809739,0.017921231902609976,4
946,15,2.0,0.0,1.0,1.0,18.0,4.0,2.0,106.0,1.0,0.0,0.0,17.0,0.0,1.0,0.0,5.0,1.0,0.0,2.63157894736842,1.0,1.0,0.0,1.0,0.0,2.0,2.0,0.8040379171558527,0.1959620828441473,2
946,16,2.0,0.0,1.0,1.0,18.0,4.0,4.0,106.0,1.0,0.0,1.0,17.0,0.0,1.0,0.0,5.0,1.0,0.0,2.63157894736842,1.0,1.0,0.0,1.0,0.0,2.0,1.0,0.6008382152427683,0.3991617847572317,2
946,17,2.0,0.0,1.0,1.0,18.0,4.0,0.0,106.0,1.0,0.0,97.0,17.0,0.0,1.0,0.0,5.0,1.0,0.0,2.63157894736842,1.0,0.0,0.0,1.0,0.0,2.0,0.0,0.9987557323388192,0.0012442676611808291,4
946,18,2.0,0.0,1.0,1.0,0.0,4.0,4.0,106.0,1.0,0.0,1.0,17.0,0.0,1.0,0.0,5.0,1.0,0.0,2.63157894736842,1.0,1.0,0.0,1.0,0.0,2.0,5.0,0.5302173966095332,0.4697826033904669,2
946,19,2.0,0.0,1.0,1.0,0.0,4.0,4.0,106.0,1.0,0.0,0.0,17.0,0.0,1.0,0.0,5.0,1.0,0.0,2.63157894736842,1.0,1.0,0.0,1.0,0.0,2.0,2.0,0.6895417555323942,0.31045824446760584,2
1669,0,0.0,0.0,1.0,0.0,0.0,0.0,1.0,40.0,2.0,2.0,0.0,35.0,0.0,6.0,0.0,5.0,1.0,0.0,1.86486486486486,1.0,1.0,0.0,1.0,0.0,1.0,2.0,0.5037577516056564,0.49624224839434367,1
1669,1,0.0,0.0,1.0,0.0,0.0,24.0,1.0,16.0,2.0,2.0,0.0,35.0,0.0,6.0,0.0,5.0,1.0,0.0,1.86486486486486,1.0,1.0,0.0,1.0,0.0,1.0,2.0,0.9991001966853466,0.0008998033146534804,2
1669,2,0.0,0.0,1.0,0.0,0.0,0.0,1.0,42.0,2.0,2.0,0.0,12.0,0.0,6.0,0.0,5.0,1.0,0.0,1.86486486486486,1.0,1.0,0.0,1.0,0.0,1.0,2.0,0.9491672163203342,0.05083278367966586,1
1669,3,0.0,0.0,1.0,0.0,0.0,0.0,1.0,42.0,2.0,2.0,0.0,35.0,0.0,6.0,0.0,5.0,1.0,0.0,1.86486486486486,1.0,0.0,0.0,1.0,0.0,1.0,2.0,0.8911421996534588,0.10885780034654123,1
1669,4,0.0,0.0,1.0,0.0,0.0,24.0,1.0,17.0,2.0,2.0,0.0,3.0,0.0,6.0,0.0,5.0,1.0,0.0,1.86486486486486,1.0,84.0,0.0,1.0,0.0,1.0,2.0,0.9999032613529966,9.673864700340714e-05,4
1669,5,0.0,0.0,1.0,0.0,0.0,24.0,1.0,42.0,2.0,2.0,0.0,35.0,0.0,6.0,0.0,5.0,1.0,0.0,1.86486486486486,1.0,1.0,0.0,1.0,0.0,1.0,2.0,0.9138569874754447,0.08614301252455522,1
1669,6,0.0,0.0,1.0,0.0,0.0,24.0,1.0,42.0,2.0,2.0,0.0,35.0,0.0,6.0,0.0,5.0,1.0,0.0,1.86486486486486,1.0,0.0,0.0,1.0,0.0,1.0,2.0,0.9847407204361218,0.015259279563878164,2
1669,7,0.0,0.0,1.0,0.0,0.0,24.0,1.0,42.0,2.0,2.0,0.0,35.0,23.0,6.0,0.0,5.0,1.0,0.0,1.86486486486486,1.0,0.0,0.0,1.0,0.0,1.0,2.0,0.9933926502667654,0.00660734973323468,3
1669,8,0.0,0.0,1.0,0.0,0.0,0.0,1.0,42.0,2.0,1.0,0.0,35.0,0.0,6.0,0.0,5.0,1.0,0.0,1.86486486486486,1.0,1.0,0.0,1.0,0.0,1.0,2.0,0.5009202255621703,0.4990797744378297,1
1669,9,0.0,0.0,1.0,0.0,0.0,24.0,1.0,42.0,2.0,33.0,0.0,35.0,23.0,6.0,1.0,5.0,1.0,0.0,1.86486486486486,1.0,0.0,0.0,1.0,0.0,1.0,2.0,0.997168611402987,0.002831388597013025,5
1669,10,0.0,0.0,1.0,43.0,0.0,0.0,1.0,42.0,2.0,2.0,0.0,35.0,0.0,6.0,0.0,5.0,1.0,0.0,1.86486486486486,1.0,1.0,0.0,1.0,0.0,1.0,2.0,0.8146728750982732,0.18532712490172681,1
1669,11,0.0,0.0,1.0,43.0,0.0,0.0,1.0,16.0,2.0,2.0,0.0,35.0,0.0,6.0,0.0,5.0,1.0,0.0,1.86486486486486,1.0,1.0,0.0,1.0,0.0,1.0,1.0,0.9986921734668351,0.0013078265331648417,3
1669,12,0.0,0.0,1.0,43.0,0.0,0.0,1.0,16.0,2.0,2.0,0.0,35.0,0.0,6.0,0.0,5.0,1.0,0.0,1.86486486486486,1.0,1.0,0.0,0.0,0.0,1.0,1.0,0.9993277421415812,0.0006722578584187949,4
1669,13,0.0,0.0,1.0,43.0,0.0,0.0,1.0,16.0,2.0,2.0,0.0,35.0,0.0,6.0,0.0,5.0,1.0,0.0,1.86486486486486,1.0,1.0,0.0,0.0,0.0,3.0,1.0,0.99944642241469,0.0005535775853100342,5
1669,14,0.0,0.0,1.0,0.0,0.0,0.0,1.0,42.0,2.0,2.0,0.0,35.0,0.0,6.0,0.0,5.0,1.0,0.0,1.86486486486486,26.0,1.0,0.0,1.0,0.0,1.0,2.0,0.8546083966427847,0.14539160335721532,1
1669,15,0.0,0.0,1.0,0.0,0.0,0.0,1.0,42.0,2.0,2.0,0.0,35.0,0.0,6.0,0.0,5.0,1.0,0.0,1.86486486486486,26.0,0.0,0.0,1.0,0.0,7.0,2.0,0.9886501676002355,0.011349832399764549,3
1669,16,0.0,0.0,1.0,0.0,0.0,0.0,1.0,42.0,2.0,2.0,0.0,35.0,0.0,6.0,1.0,5.0,1.0,0.0,1.86486486486486,1.0,1.0,0.0,1.0,0.0,1.0,2.0,0.5224211416162643,0.47757885838373565,1
1669,17,0.0,0.0,1.0,0.0,0.0,0.0,1.0,42.0,2.0,2.0,0.0,35.0,0.0,6.0,3136.0,5.0,1.0,0.0,1.86486486486486,26.0,0.0,0.0,1.0,0.0,2.0,2.0,0.9940726737355381,0.0059273262644619525,4
1669,18,0.0,0.0,1.0,0.0,0.0,0.0,1.0,42.0,2.0,2.0,0.0,0.0,0.0,6.0,0.0,5.0,1.0,0.0,1.86486486486486,1.0,1.0,0.0,1.0,0.0,1.0,2.0,0.9826229616348712,0.017377038365128772,1
2825,0,4.0,0.0,1.0,1.0,0.0,5.0,5.0,111.0,1.0,0.0,12.0,11.0,7.0,2.0,0.0,6.0,2.0,2.0,10.4666666666667,1.0,1.0,0.0,0.571428571428571,0.0,4.0,3.0,0.6273313114618676,0.3726686885381324,1
2825,1,4.0,0.0,1.0,1.0,0.0,5.0,5.0,111.0,1.0,0.0,12.0,11.0,7.0,2.0,0.0,0.0,2.0,2.0,10.4666666666667,1.0,0.0,0.0,0.571428571428571,0.0,4.0,3.0,0.9345869802094324,0.06541301979056754,2
2825,2,4.0,0.0,1.0,1.0,0.0,5.0,5.0,40.0,1.0,0.0,12.0,11.0,7.0,2.0,0.0,0.0,2.0,2.0,10.4666666666667,1.0,0.0,0.0,0.571428571428571,0.0,4.0,3.0,0.9713462921001599,0.028653707899840123,3
2825,3,4.0,0.0,1.0,1.0,0.0,5.0,5.0,40.0,1.0,0.0,12.0,11.0,7.0,2.0,0.0,0.0,2.0,2.0,0.0,1.0,0.0,0.0,0.571428571428571,0.0,4.0,3.0,0.9854995331688062,0.014500466831193744,4
2825,4,4.0,0.0,1.0,1.0,0.0,5.0,5.0,24.0,1.0,0.0,12.0,11.0,7.0,2.0,0.0,11.0,2.0,2.0,10.4666666666667,1.0,1.0,0.0,0.571428571428571,0.0,4.0,3.0,0.5042980059842896,0.4957019940157104,1
2825,5,4.0,0.0,1.0,1.0,0.0,5.0,5.0,19.0,1.0,0.0,12.0,11.0,7.0,2.0,0.0,5.0,2.0,2.0,0.0,1.0,0.0,0.0,0.571428571428571,0.0,4.0,3.0,0.9928019711337224,0.0071980288662776195,4
2825,6,4.0,0.0,1.0,1.0,0.0,5.0,5.0,19.0,1.0,0.0,12.0,11.0,7.0,2.0,0.0,5.0,2.0,2.0,0.0,1.0,84.0,0.0,0.571428571428571,0.0,4.0,3.0,0.9931385413202283,0.006861458679771701,4
2825,7,4.0,0.0,1.0,1.0,0.0,5.0,5.0,16.0,1.0,0.0,12.0,11.0,7.0,2.0,0.0,5.0,2.0,2.0,0.0,1.0,84.0,0.0,0.571428571428571,0.0,4.0,3.0,0.9945096606670322,0.0054903393329678125,4
2825,8,4.0,0.0,1.0,1.0,0.0,5.0,5.0,16.0,1.0,0.0,12.0,11.0,7.0,2.0,0.0,11.0,2.0,2.0,10.4666666666667,1.0,1.0,0.0,0.571428571428571,0.0,4.0,3.0,0.7688487674705259,0.23115123252947414,1
2825,9,4.0,0.0,1.0,1.0,0.0,5.0,5.0,16.0,72.0,0.0,12.0,11.0,7.0,2.0,0.0,11.0,2.0,2.0,10.4666666666667,1.0,1.0,0.0,0.571428571428571,0.0,4.0,3.0,0.9586827815167999,0.041317218483200094,2
2825,10,4.0,0.0,1.0,1.0,0.0,24.0,5.0,16.0,72.0,0.0,12.0,11.0,7.0,2.0,0.0,11.0,2.0,2.0,10.4666666666667,1.0,1.0,0.0,0.571428571428571,0.0,4.0,3.0,0.9819642356397772,0.018035764360222837,3
2825,11,1.0,0.0,1.0,1.0,0.0,24.0,5.0,16.0,72.0,0.0,12.0,11.0,7.0,2.0,0.0,11.0,2.0,2.0,10.4666666666667,1.0,1.0,0.0,0.571428571428571,0.0,4.0,3.0,0.9886804941708547,0.01131950582914533,4
2825,12,4.0,0.0,8.0,1.0,0.0,5.0,5.0,111.0,1.0,0.0,12.0,11.0,7.0,2.0,0.0,0.0,2.0,2.0,10.4666666666667,1.0,0.0,0.0,0.571428571428571,0.0,4.0,3.0,0.9729589330871281,0.02704106691287189,3
2825,13,4.0,0.0,8.0,43.0,0.0,5.0,5.0,111.0,1.0,0.0,12.0,11.0,7.0,2.0,0.0,0.0,2.0,2.0,10.4666666666667,1.0,0.0,0.0,0.571428571428571,0.0,4.0,3.0,0.9746473701624326,0.025352629837567312,4
2825,14,4.0,0.0,8.0,43.0,0.0,5.0,5.0,111.0,2.0,0.0,12.0,11.0,7.0,2.0,0.0,0.0,2.0,2.0,10.4666666666667,1.0,0.0,0.0,0.571428571428571,0.0,4.0,3.0,0.9756845359553789,0.0243154640446212,5
2825,15,1.0,0.0,1.0,1.0,0.0,5.0,5.0,111.0,1.0,0.0,12.0,11.0,7.0,2.0,0.0,0.0,2.0,2.0,10.4666666666667,1.0,0.0,0.0,0.571428571428571,0.0,4.0,3.0,0.9545777748292277,0.04542222517077231,3
2825,16,1.0,0.0,1.0,1.0,0.0,5.0,5.0,111.0,1.0,0.0,12.0,11.0,7.0,9.0,0.0,0.0,2.0,2.0,10.4666666666667,1.0,0.0,0.0,0.571428571428571,0.0,4.0,3.0,0.9636604513179063,0.036339548682093686,4
2825,17,0.0,0.0,1.0,1.0,0.0,5.0,5.0,111.0,1.0,0.0,12.0,11.0,7.0,9.0,0.0,0.0,2.0,2.0,10.4666666666667,1.0,0.0,0.0,0.571428571428571,0.0,4.0,3.0,0.9664022631133852,0.03359773688661482,4
2825,18,0.0,0.0,1.0,1.0,0.0,5.0,5.0,111.0,2.0,0.0,12.0,11.0,7.0,9.0,0.0,0.0,2.0,2.0,10.4666666666667,1.0,0.0,0.0,0.571428571428571,0.0,4.0,3.0,0.9677655772644884,0.03223442273551162,5
2825,19,4.0,0.0,1.0,1.0,0.0,5.0,5.0,16.0,1.0,0.0,12.0,11.0,7.0,2.0,0.0,11.0,2.0,2.0,0.0,1.0,1.0,0.0,0.571428571428571,0.0,4.0,3.0,0.9609759069084101,0.03902409309158995,2
2936,0,0.0,0.0,1.0,1.0,0.0,0.0,1.0,37.0,1.0,8.0,38.0,76.0,0.0,3.0,0.0,9.0,1.0,0.0,1.63095238095238,0.0,1.0,0.0,0.714285714285714,0.0,3.0,1.0,0.5173304173525421,0.4826695826474579,1
2936,1,0.0,0.0,1.0,1.0,0.0,0.0,1.0,16.0,1.0,8.0,38.0,76.0,0.0,3.0,0.0,0.0,1.0,0.0,1.63095238095238,0.0,1.0,0.0,0.714285714285714,0.0,3.0,1.0,0.9972359220762511,0.0027640779237489313,2
2936,2,0.0,0.0,1.0,1.0,0.0,0.0,1.0,37.0,72.0,8.0,38.0,76.0,0.0,3.0,0.0,38.0,1.0,0.0,1.63095238095238,0.0,1.0,0.0,0.714285714285714,0.0,3.0,1.0,0.5650956848598319,0.4349043151401681,1
2936,3,0.0,0.0,1.0,1.0,0.0,0.0,1.0,16.0,72.0,8.0,38.0,76.0,0.0,3.0,0.0,0.0,1.0,0.0,5.0,0.0,1.0,0.0,0.714285714285714,0.0,3.0,1.0,0.9998638835091433,0.00013611649085667818,4
2936,4,0.0,0.0,1.0,1.0,0.0,0.0,1.0,16.0,72.0,8.0,38.0,76.0,0.0,3.0,0.0,0.0,1.0,0.0,5.0,0.0,84.0,0.0,0.714285714285714,0.0,3.0,1.0,0.9999229993738004,7.700062619964029e-05,5
2936,5,0.0,0.0,1.0,1.0,0.0,0.0,1.0,19.0,72.0,8.0,38.0,76.0,0.0,3.0,0.0,0.0,1.0,0.0,5.0,0.0,84.0,0.0,0.714285714285714,0.0,3.0,1.0,0.9999381734672853,6.1826532714712e-05,5
2936,6,0.0,0.0,1.0,1.0,0.0,0.0,1.0,19.0,72.0,8.0,38.0,76.0,0.0,3.0,0.0,0.0,1.0,0.0,3.0,0.0,84.0,0.0,0.714285714285714,0.0,3.0,1.0,0.9999383836765557,6.161632344420304e-05,5
2936,7,0.0,0.0,1.0,1.0,0.0,0.0,1.0,37.0,1.0,8.0,38.0,76.0,0.0,3.0,0.0,0.0,1.0,0.0,1.63095238095238,0.0,1.0,0.0,0.0,0.0,3.0,1.0,0.9978889065669928,0.002111093433007232,2
2936,8,0.0,0.0,1.0,1.0,0.0,0.0,1.0,37.0,1.0,8.0,38.0,76.0,0.0,3.0,0.0,0.0,1.0,0.0,1.63095238095238,0.0,0.0,0.0,0.0,0.0,3.0,1.0,0.9995602956009292,0.00043970439907084117,3
2936,9,0.0,0.0,1.0,1.0,0.0,0.0,1.0,19.0,1.0,8.0,38.0,76.0,0.0,3.0,0.0,0.0,1.0,0.0,1.63095238095238,0.0,0.0,0.0,0.0,0.0,3.0,1.0,0.9997368990867016,0.0002631009132984342,4
2936,10,0.0,0.0,1.0,1.0,0.0,0.0,1.0,19.0,1.0,8.0,38.0,4.0,0.0,3.0,0.0,0.0,1.0,0.0,1.63095238095238,0.0,0.0,0.0,0.0,0.0,3.0,1.0,0.9998003367845165,0.00019966321548343992,5
2936,11,0.0,0.0,1.0,1.0,0.0,0.0,1.0,24.0,1.0,8.0,38.0,4.0,0.0,3.0,0.0,0.0,1.0,0.0,1.63095238095238,0.0,0.0,0.0,0.0,0.0,3.0,1.0,0.9998342426441177,0.0001657573558823393,5
2936,12,0.0,0.0,1.0,1.0,0.0,0.0,1.0,37.0,1.0,8.0,38.0,76.0,0.0,3.0,0.0,0.0,1.0,0.0,26.0,0.0,1.0,0.0,0.714285714285714,0.0,3.0,1.0,0.9945550437516125,0.005444956248387443,2
2936,13,0.0,0.0,1.0,1.0,0.0,0.0,1.0,37.0,1.0,8.0,38.0,76.0,0.0,9.0,0.0,0.0,1.0,0.0,26.0,0.0,1.0,0.0,0.714285714285714,0.0,3.0,1.0,0.997652718418615,0.0023472815813849563,3
2936,14,0.0,0.0,8.0,1.0,0.0,0.0,1.0,37.0,1.0,8.0,38.0,76.0,0.0,9.0,0.0,0.0,1.0,0.0,26.0,0.0,1.0,0.0,0.714285714285714,0.0,3.0,1.0,0.9988229714559522,0.0011770285440478123,4
2936,15,0.0,0.0,1.0,1.0,0.0,0.0,1.0,16.0,1.0,8.0,38.0,76.0,0.0,3.0,0.0,0.0,1.0,0.0,1.63095238095238,0.0,84.0,0.0,0.714285714285714,0.0,3.0,1.0,0.9991097097789108,0.0008902902210892581,3
2936,16,0.0,0.0,1.0,1.0,0.0,0.0,1.0,16.0,1.0,8.0,38.0,76.0,0.0,4.0,0.0,0.0,1.0,0.0,1.63095238095238,0.0,84.0,0.0,0.714285714285714,0.0,3.0,1.0,0.9994633658688118,0.0005366341311881804,4
2936,17,0.0,0.0,1.0,1.0,0.0,0.0,1.0,37.0,72.0,8.0,38.0,76.0,0.0,3.0,0.0,38.0,1.0,0.0,3.0,0.0,1.0,0.0,0.714285714285714,0.0,3.0,1.0,0.9014973654629155,0.09850263453708454,2
2936,18,0.0,0.0,1.0,1.0,0.0,0.0,1.0,37.0,72.0,8.0,1.0,76.0,0.0,3.0,0.0,38.0,1.0,0.0,3.0,0.0,1.0,0.0,0.714285714285714,0.0,3.0,1.0,0.9772011479061696,0.022798852093830337,3
2994,0,1.0,0.0,1.0,1.0,0.0,0.0,2.0,37.0,3.0,6.0,11.0,20.0,0.0,3.0,0.0,6.0,1.0,0.0,4.0,0.0,1.0,0.0,0.5,0.0,4.0,3.0,0.9103343199335167,0.08966568006648333,1
2994,1,1.0,0.0,1.0,1.0,0.0,0.0,2.0,40.0,3.0,6.0,11.0,20.0,0.0,3.0,0.0,9.0,1.0,0.0,4.0,0.0,1.0,0.0,0.5,0.0,4.0,3.0,0.56694689960194,0.43305310039806005,1
2994,2,1.0,0.0,1.0,1.0,0.0,0.0,2.0,19.0,3.0,6.0,11.0,20.0,0.0,3.0,0.0,0.0,1.0,0.0,3.0,0.0,1.0,0.0,0.5,0.0,4.0,3.0,0.9986594158009382,0.0013405841990618114,3
2994,3,1.0,0.0,1.0,1.0,0.0,0.0,2.0,37.0,72.0,6.0,11.0,20.0,0.0,3.0,0.0,9.0,1.0,0.0,4.0,0.0,1.0,0.0,0.5,0.0,4.0,3.0,0.8460907705830902,0.15390922941690982,1
2994,4,1.0,0.0,1.0,1.0,0.0,0.0,2.0,37.0,3.0,6.0,11.0,20.0,0.0,3.0,0.0,9.0,1.0,0.0,4.0,0.0,0.0,0.0,0.5,0.0,4.0,3.0,0.8338783319912675,0.1661216680087325,1
2994,5,1.0,0.0,1.0,1.0,0.0,0.0,2.0,16.0,3.0,6.0,11.0,20.0,0.0,3.0,0.0,9.0,1.0,0.0,4.0,0.0,1.0,0.0,0.5,0.0,4.0,3.0,0.960351261429376,0.03964873857062405,1
2994,6,1.0,0.0,1.0,1.0,0.0,0.0,2.0,16.0,3.0,6.0,11.0,20.0,0.0,3.0,0.0,9.0,1.0,0.0,4.0,0.0,0.0,0.0,0.5,0.0,4.0,3.0,0.9852148128026341,0.014785187197365934,2
2994,7,1.0,0.0,8.0,1.0,0.0,0.0,2.0,16.0,3.0,6.0,11.0,20.0,0.0,3.0,0.0,9.0,1.0,0.0,4.0,0.0,0.0,0.0,0.5,0.0,4.0,3.0,0.9940294863192033,0.005970513680796656,3
2994,8,1.0,0.0,8.0,1.0,0.0,0.0,2.0,16.0,3.0,0.0,11.0,20.0,0.0,3.0,0.0,9.0,1.0,0.0,4.0,0.0,0.0,0.0,0.5,0.0,4.0,3.0,0.995422424463732,0.004577575536268052,4
2994,9,1.0,0.0,1.0,0.0,0.0,0.0,2.0,37.0,3.0,6.0,11.0,20.0,0.0,3.0,0.0,9.0,1.0,0.0,4.0,0.0,1.0,0.0,0.5,0.0,4.0,3.0,0.5774152961788689,0.4225847038211311,1
2994,10,1.0,0.0,1.0,43.0,0.0,24.0,2.0,37.0,3.0,6.0,11.0,20.0,0.0,3.0,0.0,0.0,1.0,0.0,4.0,0.0,1.0,0.0,0.5,0.0,4.0,3.0,0.9950164080686028,0.004983591931397195,3
2994,11,1.0,0.0,1.0,43.0,0.0,24.0,2.0,37.0,3.0,6.0,11.0,20.0,0.0,3.0,0.0,0.0,6.0,0.0,4.0,0.0,1.0,0.0,0.5,0.0,4.0,3.0,0.996770506308516,0.0032294936914839868,4
2994,12,1.0,0.0,8.0,43.0,0.0,24.0,2.0,37.0,3.0,6.0,11.0,20.0,0.0,3.0,0.0,0.0,6.0,0.0,4.0,0.0,1.0,0.0,0.5,0.0,4.0,3.0,0.9978214801278414,0.0021785198721585406,5
2994,13,1.0,0.0,8.0,43.0,0.0,24.0,2.0,37.0,3.0,6.0,11.0,20.0,0.0,3.0,0.0,1.0,6.0,0.0,4.0,0.0,1.0,0.0,0.5,0.0,4.0,3.0,0.9978958363984872,0.0021041636015128123,5
2994,14,1.0,0.0,1.0,1.0,0.0,0.0,2.0,16.0,3.0,6.0,11.0,20.0,0.0,9.0,0.0,9.0,1.0,0.0,4.0,0.0,1.0,0.0,0.5,0.0,4.0,3.0,0.9918741534390861,0.00812584656091384,2
2994,15,1.0,0.0,8.0,1.0,0.0,0.0,2.0,16.0,3.0,6.0,11.0,20.0,0.0,9.0,0.0,9.0,1.0,0.0,4.0,0.0,1.0,0.0,0.5,0.0,4.0,3.0,0.9960328433630923,0.00396715663690771,3
2994,16,1.0,0.0,8.0,1.0,0.0,0.0,2.0,16.0,3.0,6.0,11.0,20.0,0.0,9.0,0.0,9.0,1.0,0.0,4.0,0.0,0.0,0.0,0.5,0.0,4.0,3.0,0.9980315159789966,0.001968484021003312,4
2994,17,1.0,0.0,8.0,43.0,0.0,0.0,2.0,16.0,3.0,6.0,11.0,20.0,0.0,9.0,0.0,9.0,1.0,0.0,4.0,0.0,0.0,0.0,0.5,0.0,4.0,3.0,0.998152589128419,0.0018474108715810034,5
2994,18,1.0,0.0,1.0,1.0,0.0,0.0,2.0,37.0,3.0,6.0,11.0,20.0,0.0,3.0,0.0,9.0,1.0,0.0,3.0,0.0,1.0,0.0,0.5,0.0,4.0,3.0,0.8997573327742541,0.1002426672257459,1
2994,19,1.0,0.0,1.0,1.0,0.0,0.0,2.0,37.0,72.0,6.0,11.0,20.0,0.0,3.0,0.0,9.0,1.0,0.0,3.0,0.0,1.0,0.0,0.5,0.0,4.0,3.0,0.9816362392388284,0.018363760761171584,2
3867,0,1.0,0.0,1.0,1.0,0.0,1.0,3.0,56.0,1.0,5.0,3.0,13.0,0.0,1.0,4.0,9.0,2.0,0.0,8.1578947368421,1.0,1.0,0.0,0.6,0.0,2.0,3.0,0.6775781201995424,0.32242187980045756,1
3867,1,1.0,0.0,1.0,1.0,0.0,1.0,3.0,56.0,1.0,5.0,3.0,13.0,0.0,1.0,4.0,0.0,2.0,0.0,8.1578947368421,1.0,0.0,0.0,0.6,0.0,2.0,3.0,0.9889877545117692,0.011012245488230729,2
3867,2,1.0,0.0,1.0,1.0,0.0,24.0,3.0,56.0,1.0,5.0,3.0,13.0,0.0,1.0,4.0,22.0,2.0,0.0,8.1578947368421,1.0,1.0,0.0,0.6,0.0,2.0,3.0,0.588657910976881,0.411342089023119,1
3867,3,1.0,0.0,1.0,1.0,0.0,1.0,3.0,22.0,1.0,5.0,3.0,13.0,0.0,1.0,4.0,22.0,2.0,0.0,8.1578947368421,1.0,1.0,0.0,0.6,0.0,2.0,3.0,0.639684714227153,0.360315285772847,1
3867,4,1.0,0.0,1.0,1.0,0.0,24.0,0.0,22.0,1.0,5.0,3.0,13.0,0.0,1.0,4.0,0.0,2.0,0.0,8.1578947368421,1.0,0.0,0.0,0.6,0.0,2.0,3.0,0.999501164524914,0.0004988354750859599,5
3867,5,1.0,0.0,1.0,1.0,0.0,1.0,3.0,16.0,1.0,5.0,3.0,13.0,0.0,1.0,4.0,22.0,2.0,0.0,8.1578947368421,1.0,1.0,0.0,0.6,0.0,2.0,3.0,0.8324542211060896,0.16754577889391045,1
3867,6,1.0,0.0,1.0,1.0,0.0,1.0,0.0,16.0,1.0,5.0,3.0,13.0,0.0,1.0,4.0,22.0,2.0,0.0,8.1578947368421,1.0,1.0,0.0,0.6,0.0,2.0,3.0,0.9631318913526503,0.036868108647349636,2
3867,7,1.0,0.0,1.0,1.0,0.0,1.0,0.0,16.0,1.0,5.0,3.0,13.0,0.0,9.0,4.0,22.0,2.0,0.0,8.1578947368421,1.0,1.0,0.0,0.6,0.0,2.0,3.0,0.985603112722101,0.014396887277898953,3
3867,8,1.0,114.0,1.0,1.0,0.0,1.0,3.0,56.0,1.0,5.0,3.0,13.0,0.0,1.0,4.0,22.0,2.0,0.0,8.1578947368421,1.0,1.0,0.0,0.6,0.0,2.0,3.0,0.5203685536915668,0.47963144630843324,1
3867,9,1.0,114.0,1.0,1.0,0.0,1.0,0.0,16.0,1.0,5.0,3.0,13.0,0.0,9.0,4.0,22.0,6.0,0.0,8.1578947368421,1.0,1.0,0.0,0.6,0.0,2.0,3.0,0.9944231806300924,0.00557681936990762,5
3867,10,1.0,0.0,1.0,1.0,0.0,1.0,3.0,56.0,1.0,5.0,3.0,13.0,0.0,9.0,4.0,0.0,2.0,0.0,8.1578947368421,1.0,0.0,0.0,0.6,0.0,2.0,3.0,0.9946930038123587,0.005306996187641256,3
3867,11,1.0,0.0,8.0,1.0,0.0,1.0,3.0,56.0,1.0,5.0,3.0,13.0,0.0,9.0,4.0,0.0,2.0,0.0,8.1578947368421,1.0,0.0,0.0,0.6,0.0,2.0,3.0,0.9966460326455745,0.0033539673544255083,4
3867,12,1.0,0.0,8.0,1.0,0.0,1.0,3.0,56.0,1.0,5.0,3.0,13.0,0.0,9.0,4.0,0.0,2.0,0.0,0.0,1.0,0.0,0.0,0.6,0.0,2.0,3.0,0.997193375056763,0.002806624943237071,5
3867,13,1.0,0.0,1.0,1.0,0.0,24.0,3.0,56.0,1.0,5.0,3.0,13.0,0.0,1.0,4.0,0.0,2.0,0.0,8.1578947368421,1.0,1.0,0.0,0.6,0.0,2.0,3.0,0.9850265253350049,0.014973474664995066,2
3867,14,1.0,0.0,1.0,1.0,0.0,24.0,3.0,56.0,72.0,5.0,3.0,13.0,0.0,1.0,4.0,0.0,2.0,0.0,8.1578947368421,1.0,1.0,0.0,0.6,0.0,2.0,3.0,0.9914660234519238,0.00853397654807614,3
3867,15,1.0,0.0,1.0,1.0,0.0,24.0,3.0,56.0,72.0,5.0,3.0,13.0,0.0,9.0,4.0,0.0,2.0,0.0,8.1578947368421,1.0,1.0,0.0,0.6,0.0,2.0,3.0,0.9931825664510581,0.006817433548941938,4
3867,16,1.0,0.0,1.0,1.0,0.0,24.0,2.0,56.0,72.0,5.0,3.0,13.0,0.0,9.0,4.0,0.0,2.0,0.0,8.1578947368421,1.0,1.0,0.0,0.6,0.0,2.0,3.0,0.993494830014654,0.006505169985345974,5
3867,17,1.0,0.0,1.0,1.0,0.0,1.0,0.0,16.0,1.0,5.0,3.0,13.0,0.0,1.0,4.0,22.0,2.0,0.0,8.1578947368421,1.0,0.0,0.0,0.6,0.0,2.0,3.0,0.9909292108739884,0.009070789126011565,3
3867,18,1.0,0.0,8.0,1.0,0.0,1.0,0.0,16.0,1.0,5.0,3.0,13.0,0.0,1.0,4.0,22.0,2.0,0.0,8.1578947368421,1.0,0.0,0.0,0.6,0.0,2.0,3.0,0.9960036890818775,0.003996310918122459,4
3867,19,1.0,0.0,8.0,1.0,0.0,1.0,0.0,16.0,1.0,5.0,3.0,13.0,0.0,1.0,4.0,22.0,2.0,0.0,8.1578947368421,1.0,0.0,0.0,0.6,0.0,7.0,3.0,0.9969700596550825,0.0030299403449175325,5
3877,0,0.0,0.0,1.0,1.0,0.0,0.0,1.0,24.0,1.0,0.0,17.0,47.0,0.0,5.0,2.0,15.0,2.0,0.0,1.85106382978723,1.0,1.0,0.0,0.5,0.0,1.0,4.0,0.6675900157326895,0.33240998426731055,1
3877,1,0.0,0.0,1.0,1.0,0.0,0.0,1.0,16.0,1.0,0.0,17.0,47.0,0.0,5.0,2.0,0.0,2.0,0.0,1.85106382978723,1.0,1.0,0.0,0.5,0.0,1.0,4.0,0.9982859705955011,0.0017140294044988855,2
3877,2,0.0,0.0,1.0,1.0,0.0,0.0,1.0,42.0,1.0,0.0,17.0,7.0,0.0,5.0,2.0,15.0,2.0,0.0,1.85106382978723,1.0,1.0,0.0,0.5,0.0,1.0,4.0,0.6748731039883382,0.3251268960116617,1
3877,3,0.0,0.0,1.0,1.0,0.0,0.0,1.0,42.0,72.0,0.0,17.0,47.0,0.0,5.0,2.0,15.0,2.0,0.0,1.85106382978723,1.0,1.0,0.0,0.5,0.0,1.0,4.0,0.6397626657468631,0.3602373342531369,1
3877,4,0.0,0.0,1.0,1.0,0.0,0.0,1.0,16.0,72.0,0.0,97.0,4.0,0.0,5.0,2.0,0.0,2.0,0.0,1.85106382978723,1.0,1.0,0.0,0.5,0.0,1.0,4.0,0.9998298724240742,0.00017012757592577648,5
3877,5,0.0,0.0,1.0,1.0,0.0,0.0,1.0,42.0,1.0,0.0,17.0,47.0,0.0,5.0,2.0,6.0,2.0,0.0,1.85106382978723,1.0,1.0,0.0,0.5,0.0,1.0,4.0,0.6613217574417901,0.3386782425582099,1
3877,6,0.0,0.0,1.0,1.0,0.0,0.0,1.0,42.0,1.0,0.0,17.0,4.0,0.0,5.0,2.0,0.0,2.0,0.0,1.85106382978723,1.0,1.0,0.0,0.5,0.0,1.0,4.0,0.9935531119285657,0.006446888071434318,2
3877,7,0.0,0.0,1.0,1.0,0.0,0.0,1.0,42.0,1.0,0.0,17.0,4.0,0.0,5.0,2.0,0.0,2.0,0.0,1.85106382978723,1.0,1.0,0.0,0.0,0.0,1.0,4.0,0.9985492993421877,0.00145070065781224,3
3877,8,0.0,0.0,1.0,1.0,0.0,0.0,1.0,42.0,1.0,0.0,17.0,4.0,0.0,5.0,2.0,0.0,2.0,358.0,1.85106382978723,1.0,1.0,0.0,0.0,0.0,1.0,4.0,0.9988668101101981,0.0011331898898018777,4
3877,9,0.0,0.0,1.0,1.0,0.0,0.0,1.0,42.0,1.0,0.0,17.0,7.0,0.0,5.0,2.0,0.0,2.0,358.0,1.85106382978723,1.0,1.0,0.0,0.0,0.0,1.0,4.0,0.9988985215488522,0.001101478451147864,4
3877,10,0.0,0.0,1.0,1.0,0.0,24.0,1.0,16.0,1.0,0.0,17.0,47.0,0.0,5.0,2.0,15.0,2.0,0.0,1.85106382978723,1.0,1.0,0.0,0.5,0.0,1.0,4.0,0.9828824896502336,0.017117510349766343,2
3877,11,0.0,0.0,1.0,1.0,0.0,24.0,1.0,16.0,1.0,0.0,17.0,47.0,0.0,5.0,2.0,15.0,2.0,0.0,1.2,1.0,1.0,0.0,0.5,0.0,1.0,4.0,0.992099616726643,0.00790038327335693,3
3877,12,0.0,0.0,1.0,1.0,0.0,24.0,1.0,16.0,1.0,0.0,1.0,47.0,0.0,5.0,2.0,15.0,2.0,0.0,1.2,1.0,1.0,0.0,0.5,0.0,1.0,4.0,0.9944836098120059,0.005516390187994125,4
3877,13,0.0,0.0,1.0,1.0,0.0,24.0,1.0,16.0,1.0,33.0,1.0,47.0,0.0,5.0,2.0,15.0,2.0,0.0,1.2,1.0,1.0,0.0,0.5,0.0,1.0,4.0,0.9957838455886918,0.004216154411308127,5
3877,14,0.0,0.0,1.0,1.0,0.0,0.0,1.0,16.0,1.0,0.0,17.0,7.0,0.0,5.0,2.0,15.0,2.0,0.0,1.85106382978723,1.0,1.0,0.0,0.5,0.0,1.0,4.0,0.991076582497011,0.008923417502989023,2
3877,15,0.0,0.0,1.0,1.0,0.0,0.0,1.0,16.0,72.0,0.0,17.0,7.0,0.0,5.0,2.0,15.0,2.0,0.0,1.85106382978723,1.0,1.0,0.0,0.5,0.0,1.0,4.0,0.9956471251429259,0.0043528748570741274,3
3877,16,0.0,0.0,1.0,1.0,0.0,0.0,1.0,16.0,72.0,0.0,17.0,7.0,0.0,5.0,2.0,15.0,2.0,0.0,1.2,1.0,1.0,0.0,0.5,0.0,1.0,4.0,0.9967139735793572,0.0032860264206428236,4
3877,17,0.0,0.0,1.0,1.0,0.0,0.0,1.0,16.0,72.0,0.0,17.0,7.0,0.0,5.0,2.0,15.0,2.0,0.0,1.2,26.0,1.0,0.0,0.5,0.0,1.0,4.0,0.9974939843338373,0.0025060156661627347,5
3877,18,0.0,0.0,1.0,1.0,0.0,0.0,1.0,42.0,1.0,33.0,17.0,4.0,0.0,5.0,2.0,0.0,2.0,0.0,1.85106382978723,1.0,1.0,0.0,0.0,0.0,1.0,4.0,0.9991895878535707,0.0008104121464292597,4
3877,19,0.0,0.0,1.0,1.0,0.0,0.0,1.0,42.0,1.0,33.0,17.0,7.0,0.0,5.0,2.0,0.0,2.0,0.0,1.85106382978723,1.0,1.0,0.0,0.0,0.0,1.0,4.0,0.9992122737312079,0.0007877262687921276,4
3912,0,1.0,0.0,1.0,1.0,0.0,1.0,3.0,55.0,1.0,5.0,3.0,13.0,0.0,1.0,3.0,6.0,2.0,0.0,8.0,1.0,1.0,0.0,0.5,0.0,2.0,5.0,0.7262576416670956,0.27374235833290445,1
3912,1,1.0,0.0,1.0,1.0,0.0,1.0,3.0,55.0,1.0,5.0,3.0,13.0,0.0,1.0,3.0,0.0,2.0,0.0,8.0,1.0,0.0,0.0,0.5,0.0,2.0,5.0,0.966808339034382,0.03319166096561795,2
3912,2,1.0,0.0,1.0,1.0,0.0,1.0,3.0,40.0,1.0,5.0,3.0,13.0,0.0,1.0,3.0,0.0,2.0,0.0,8.0,1.0,0.0,0.0,0.5,0.0,2.0,5.0,0.9898710243441017,0.01012897565589832,3
3912,3,1.0,0.0,1.0,1.0,0.0,1.0,3.0,40.0,72.0,5.0,3.0,13.0,0.0,1.0,3.0,0.0,2.0,0.0,8.0,1.0,0.0,0.0,0.5,0.0,2.0,5.0,0.9944216891504912,0.005578310849508744,4
3912,4,1.0,0.0,1.0,1.0,0.0,1.0,3.0,24.0,72.0,5.0,3.0,13.0,0.0,1.0,3.0,22.0,2.0,0.0,8.0,1.0,1.0,0.0,0.5,0.0,2.0,5.0,0.6438627721951258,0.3561372278048742,2
3912,5,1.0,0.0,1.0,1.0,0.0,1.0,0.0,20.0,72.0,5.0,3.0,13.0,0.0,1.0,3.0,0.0,2.0,0.0,8.0,1.0,0.0,0.0,0.5,0.0,2.0,5.0,0.9979894734659728,0.002010526534027197,5
3912,6,1.0,0.0,1.0,1.0,0.0,1.0,3.0,55.0,1.0,5.0,3.0,13.0,0.0,1.0,3.0,0.0,2.0,0.0,8.0,1.0,1.0,0.0,0.0,0.0,2.0,5.0,0.9709062058716597,0.029093794128340306,2
3912,7,1.0,0.0,1.0,1.0,0.0,1.0,3.0,55.0,1.0,5.0,3.0,13.0,0.0,1.0,3.0,0.0,2.0,0.0,8.0,1.0,0.0,0.0,0.0,0.0,2.0,5.0,0.9953155599803024,0.004684440019697643,3
3912,8,1.0,0.0,1.0,1.0,0.0,1.0,3.0,40.0,1.0,5.0,3.0,13.0,0.0,1.0,3.0,0.0,2.0,0.0,8.0,1.0,0.0,0.0,0.0,0.0,2.0,5.0,0.9974721831527876,0.0025278168472123346,4
3912,9,1.0,0.0,1.0,1.0,0.0,24.0,3.0,55.0,1.0,5.0,3.0,13.0,0.0,1.0,3.0,0.0,2.0,0.0,8.0,1.0,1.0,0.0,0.5,0.0,2.0,5.0,0.96039705883381,0.03960294116618998,2
3912,10,1.0,0.0,1.0,1.0,0.0,24.0,3.0,55.0,72.0,5.0,3.0,13.0,0.0,1.0,3.0,0.0,2.0,0.0,8.0,1.0,1.0,0.0,0.5,0.0,2.0,5.0,0.9849405597499191,0.015059440250080857,3
3912,11,1.0,114.0,1.0,1.0,0.0,24.0,3.0,55.0,72.0,5.0,3.0,13.0,0.0,1.0,3.0,22.0,2.0,0.0,8.0,1.0,1.0,0.0,0.5,0.0,2.0,5.0,0.5784110448127069,0.42158895518729317,3
3912,12,1.0,0.0,8.0,1.0,0.0,1.0,3.0,40.0,1.0,5.0,3.0,13.0,0.0,1.0,3.0,0.0,2.0,0.0,8.0,1.0,0.0,0.0,0.5,0.0,2.0,5.0,0.995025165348795,0.00497483465120501,4
3912,13,1.0,0.0,8.0,1.0,0.0,1.0,0.0,40.0,1.0,5.0,3.0,13.0,0.0,1.0,3.0,0.0,2.0,0.0,8.0,1.0,0.0,0.0,0.5,0.0,2.0,5.0,0.9964608296204515,0.0035391703795485774,5
3912,14,1.0,0.0,8.0,1.0,0.0,1.0,0.0,22.0,1.0,5.0,3.0,13.0,0.0,1.0,3.0,0.0,2.0,0.0,8.0,1.0,0.0,0.0,0.5,0.0,2.0,5.0,0.9987306693493744,0.0012693306506256184,5
3912,15,1.0,114.0,1.0,1.0,0.0,1.0,3.0,55.0,1.0,5.0,3.0,13.0,0.0,1.0,3.0,0.0,2.0,0.0,8.0,1.0,1.0,0.0,0.0,0.0,2.0,5.0,0.991296651143441,0.008703348856558992,3
3912,16,1.0,114.0,1.0,1.0,0.0,1.0,24.0,55.0,1.0,5.0,3.0,13.0,0.0,1.0,3.0,0.0,2.0,0.0,8.0,1.0,1.0,0.0,0.0,0.0,2.0,5.0,0.9915178680584167,0.008482131941583365,4
3912,17,1.0,0.0,1.0,1.0,0.0,1.0,3.0,17.0,1.0,5.0,3.0,13.0,0.0,1.0,3.0,22.0,2.0,0.0,8.0,1.0,1.0,0.0,0.5,0.0,2.0,5.0,0.6683178773690073,0.33168212263099267,1
3912,18,1.0,0.0,1.0,1.0,0.0,1.0,3.0,16.0,1.0,5.0,3.0,13.0,0.0,1.0,3.0,22.0,2.0,0.0,8.0,1.0,0.0,0.0,0.5,0.0,2.0,5.0,0.8985394336313478,0.10146056636865221,2
3912,19,1.0,0.0,1.0,1.0,0.0,1.0,3.0,16.0,1.0,5.0,1.0,13.0,0.0,1.0,3.0,22.0,2.0,0.0,8.0,1.0,0.0,0.0,0.5,0.0,2.0,5.0,0.9525971370648807,0.04740286293511932,3
3919,0,0.0,0.0,1.0,1.0,0.0,0.0,1.0,24.0,1.0,1.0,16.0,46.0,0.0,5.0,0.0,14.0,2.0,0.0,1.72340425531915,1.0,1.0,0.0,0.5,0.0,4.0,3.0,0.587861862934415,0.41213813706558494,1
3919,1,0.0,0.0,1.0,1.0,0.0,0.0,1.0,16.0,1.0,1.0,16.0,46.0,0.0,5.0,0.0,0.0,2.0,0.0,1.72340425531915,1.0,1.0,0.0,0.5,0.0,4.0,3.0,0.9958183862318516,0.0041816137681483624,2
3919,2,0.0,0.0,1.0,1.0,0.0,0.0,1.0,16.0,72.0,1.0,16.0,46.0,0.0,5.0,0.0,0.0,2.0,0.0,1.72340425531915,1.0,1.0,0.0,0.5,0.0,4.0,3.0,0.998996208159952,0.0010037918400479398,3
3919,3,0.0,0.0,1.0,1.0,0.0,0.0,1.0,16.0,72.0,1.0,16.0,46.0,0.0,5.0,0.0,0.0,2.0,0.0,3.0,1.0,1.0,0.0,0.5,0.0,4.0,3.0,0.9995959221270877,0.00040407787291232947,4
3919,4,0.0,0.0,1.0,1.0,0.0,0.0,1.0,48.0,72.0,1.0,16.0,46.0,0.0,5.0,0.0,14.0,2.0,0.0,1.72340425531915,1.0,0.0,0.0,0.5,0.0,4.0,3.0,0.7477801113575164,0.25221988864248357,2
3919,5,0.0,0.0,1.0,0.0,0.0,0.0,1.0,16.0,72.0,1.0,16.0,46.0,0.0,5.0,0.0,0.0,2.0,0.0,1.72340425531915,1.0,1.0,0.0,0.5,0.0,4.0,3.0,0.9993569031481376,0.0006430968518623866,4
3919,6,0.0,0.0,1.0,1.0,0.0,0.0,1.0,48.0,72.0,1.0,4.0,46.0,0.0,5.0,0.0,14.0,2.0,0.0,1.72340425531915,1.0,1.0,0.0,0.5,0.0,4.0,3.0,0.7844141991760238,0.2155858008239761,2
3919,7,0.0,0.0,1.0,1.0,0.0,0.0,1.0,16.0,1.0,1.0,16.0,46.0,0.0,5.0,0.0,14.0,2.0,0.0,1.72340425531915,26.0,1.0,0.0,0.5,0.0,4.0,3.0,0.9806624400094851,0.019337559990514883,2
3919,8,0.0,0.0,1.0,1.0,0.0,0.0,1.0,16.0,1.0,1.0,16.0,46.0,0.0,5.0,0.0,14.0,2.0,0.0,26.0,26.0,1.0,0.0,0.5,0.0,4.0,3.0,0.9936562042435868,0.006343795756413223,3
3919,9,0.0,0.0,1.0,1.0,0.0,0.0,1.0,16.0,1.0,1.0,16.0,46.0,0.0,5.0,0.0,14.0,2.0,0.0,26.0,26.0,0.0,0.0,0.5,0.0,4.0,3.0,0.9976408547989603,0.0023591452010397287,4
3919,10,0.0,0.0,1.0,1.0,0.0,0.0,1.0,16.0,1.0,1.0,16.0,46.0,0.0,5.0,0.0,14.0,2.0,0.0,0.0,26.0,0.0,0.0,0.5,0.0,4.0,3.0,0.9976904817831006,0.0023095182168993865,4
3919,11,0.0,0.0,1.0,1.0,0.0,0.0,1.0,16.0,1.0,33.0,16.0,46.0,0.0,5.0,0.0,14.0,2.0,0.0,0.0,26.0,0.0,0.0,0.5,0.0,4.0,3.0,0.9985632325840569,0.0014367674159431318,5
3919,12,0.0,0.0,1.0,1.0,0.0,0.0,1.0,48.0,1.0,1.0,16.0,46.0,0.0,5.0,0.0,2.0,2.0,0.0,1.72340425531915,1.0,1.0,0.0,0.5,0.0,4.0,3.0,0.5224049952648322,0.4775950047351678,1
3919,13,0.0,0.0,1.0,1.0,0.0,0.0,1.0,48.0,72.0,1.0,16.0,46.0,0.0,5.0,0.0,0.0,2.0,0.0,1.72340425531915,1.0,1.0,0.0,0.5,0.0,4.0,3.0,0.9668146204285806,0.03318537957141948,2
3919,14,0.0,0.0,1.0,1.0,0.0,0.0,1.0,48.0,72.0,1.0,16.0,46.0,0.0,5.0,0.0,0.0,2.0,0.0,1.72340425531915,1.0,84.0,0.0,0.5,0.0,4.0,3.0,0.9872605010539087,0.012739498946091268,3
3919,15,0.0,0.0,1.0,1.0,0.0,0.0,1.0,48.0,72.0,1.0,16.0,46.0,0.0,5.0,0.0,0.0,2.0,0.0,3.0,1.0,84.0,0.0,0.5,0.0,4.0,3.0,0.9936749331373393,0.006325066862660621,4
3919,16,0.0,0.0,1.0,1.0,0.0,0.0,1.0,16.0,1.0,1.0,16.0,46.0,0.0,5.0,0.0,0.0,2.0,0.0,1.72340425531915,1.0,84.0,0.0,0.5,0.0,4.0,3.0,0.9984047600726849,0.00159523992731516,3
3919,17,0.0,0.0,1.0,1.0,0.0,0.0,1.0,16.0,1.0,1.0,16.0,46.0,0.0,5.0,0.0,0.0,2.0,0.0,3.0,1.0,84.0,0.0,0.5,0.0,4.0,3.0,0.999271714587802,0.0007282854121979978,4
3919,18,0.0,0.0,1.0,1.0,0.0,0.0,1.0,16.0,1.0,33.0,16.0,46.0,0.0,5.0,0.0,0.0,2.0,0.0,3.0,1.0,84.0,0.0,0.5,0.0,4.0,3.0,0.9995837305534093,0.00041626944659062845,5
3919,19,0.0,0.0,1.0,1.0,0.0,0.0,1.0,48.0,72.0,1.0,16.0,46.0,0.0,5.0,0.0,14.0,2.0,0.0,1.72340425531915,1.0,1.0,0.0,0.7,0.0,4.0,3.0,0.6919980658837763,0.30800193411622373,2
3926,0,1.0,0.0,2.0,1.0,3.0,5.0,5.0,95.0,1.0,7.0,4.0,5.0,2.0,3.0,0.0,6.0,1.0,1.0,10.8461538461538,1.0,1.0,0.0,0.666666666666667,0.0,3.0,6.0,0.7388116607204374,0.26118833927956264,1
3926,1,1.0,0.0,2.0,1.0,3.0,5.0,5.0,95.0,1.0,7.0,4.0,5.0,2.0,3.0,0.0,0.0,1.0,1.0,10.8461538461538,1.0,0.0,0.0,0.666666666666667,0.0,3.0,6.0,0.9597834813329564,0.04021651866704354,2
3926,2,1.0,0.0,2.0,1.0,3.0,5.0,5.0,95.0,1.0,7.0,4.0,5.0,2.0,3.0,0.0,0.0,1.0,1.0,6.4,1.0,0.0,0.0,0.666666666666667,0.0,3.0,6.0,0.9902888608836113,0.009711139116388653,3
3926,3,1.0,0.0,2.0,1.0,3.0,5.0,2.0,95.0,1.0,7.0,4.0,5.0,2.0,3.0,0.0,0.0,1.0,1.0,6.4,1.0,0.0,0.0,0.666666666666667,0.0,3.0,6.0,0.9985744647031305,0.0014255352968694987,4
3926,4,1.0,0.0,2.0,1.0,3.0,5.0,2.0,40.0,1.0,7.0,4.0,5.0,2.0,3.0,0.0,0.0,1.0,1.0,6.4,1.0,0.0,0.0,0.666666666666667,0.0,3.0,6.0,0.9992472580200318,0.0007527419799682404,5
3926,5,1.0,0.0,2.0,1.0,3.0,5.0,2.0,40.0,1.0,7.0,4.0,5.0,2.0,3.0,0.0,0.0,1.0,1.0,3.0,1.0,0.0,0.0,0.666666666666667,0.0,3.0,6.0,0.9994526476080494,0.0005473523919505542,5
3926,6,1.0,0.0,2.0,1.0,3.0,5.0,5.0,95.0,1.0,7.0,4.0,5.0,2.0,3.0,0.0,0.0,1.0,1.0,6.4,1.0,1.0,0.0,0.666666666666667,0.0,3.0,6.0,0.9574332517709467,0.04256674822905326,2
3926,7,1.0,0.0,8.0,1.0,3.0,5.0,5.0,95.0,1.0,7.0,4.0,5.0,2.0,3.0,0.0,0.0,1.0,1.0,6.4,1.0,1.0,0.0,0.666666666666667,0.0,3.0,6.0,0.9819726266716359,0.018027373328364172,3
3926,8,1.0,0.0,8.0,1.0,3.0,5.0,5.0,40.0,1.0,7.0,4.0,5.0,2.0,3.0,0.0,0.0,1.0,1.0,6.4,1.0,1.0,0.0,0.666666666666667,0.0,3.0,6.0,0.9924331907215983,0.0075668092784016835,4
3926,9,1.0,0.0,8.0,1.0,3.0,5.0,5.0,40.0,1.0,7.0,4.0,5.0,2.0,3.0,3136.0,0.0,1.0,1.0,6.4,1.0,1.0,0.0,0.666666666666667,0.0,3.0,6.0,0.9946085337192266,0.005391466280773362,5
3926,10,1.0,0.0,8.0,1.0,3.0,5.0,5.0,40.0,1.0,7.0,4.0,5.0,2.0,3.0,3136.0,0.0,1.0,1.0,1.2,1.0,1.0,0.0,0.666666666666667,0.0,3.0,6.0,0.9966427459601592,0.0033572540398407254,5
3926,11,1.0,0.0,2.0,1.0,3.0,5.0,0.0,95.0,1.0,7.0,4.0,5.0,2.0,3.0,0.0,0.0,1.0,1.0,10.8461538461538,1.0,1.0,0.0,0.666666666666667,0.0,3.0,6.0,0.9545979414654628,0.045402058534537125,2
3926,12,1.0,0.0,2.0,1.0,3.0,5.0,0.0,28.0,1.0,7.0,4.0,5.0,2.0,3.0,0.0,0.0,1.0,1.0,10.8461538461538,1.0,1.0,0.0,0.666666666666667,0.0,3.0,6.0,0.9868837664325775,0.013116233567422498,3
3926,13,1.0,0.0,2.0,1.0,3.0,5.0,0.0,28.0,72.0,7.0,4.0,5.0,2.0,3.0,0.0,0.0,1.0,1.0,10.8461538461538,1.0,1.0,0.0,0.666666666666667,0.0,3.0,6.0,0.9941144748127524,0.005885525187247661,4
3926,14,1.0,0.0,2.0,1.0,3.0,5.0,0.0,28.0,72.0,7.0,4.0,5.0,2.0,9.0,0.0,0.0,1.0,1.0,10.8461538461538,1.0,1.0,0.0,0.666666666666667,0.0,3.0,6.0,0.9957601759630146,0.004239824036985408,5
3926,15,1.0,0.0,2.0,1.0,3.0,24.0,5.0,95.0,1.0,7.0,4.0,5.0,2.0,3.0,0.0,0.0,1.0,1.0,10.8461538461538,1.0,1.0,0.0,0.666666666666667,0.0,3.0,6.0,0.9678866634081833,0.032113336591816734,2
3926,16,1.0,0.0,2.0,1.0,3.0,24.0,5.0,95.0,1.0,7.0,4.0,5.0,2.0,3.0,0.0,0.0,1.0,1.0,6.4,1.0,1.0,0.0,0.666666666666667,0.0,3.0,6.0,0.9914777626244298,0.008522237375570266,3
3926,17,1.0,0.0,2.0,1.0,3.0,24.0,2.0,95.0,1.0,7.0,4.0,5.0,2.0,3.0,0.0,0.0,1.0,1.0,6.4,1.0,1.0,0.0,0.666666666666667,0.0,3.0,6.0,0.9981926441495221,0.0018073558504778711,4
3926,18,1.0,0.0,2.0,1.0,3.0,24.0,2.0,40.0,1.0,7.0,4.0,5.0,2.0,3.0,0.0,0.0,1.0,1.0,6.4,1.0,1.0,0.0,0.666666666666667,0.0,3.0,6.0,0.998641664212425,0.0013583357875750397,5
3926,19,1.0,0.0,2.0,1.0,3.0,24.0,2.0,40.0,1.0,7.0,4.0,5.0,2.0,3.0,0.0,0.0,1.0,1.0,3.0,1.0,1.0,0.0,0.666666666666667,0.0,3.0,6.0,0.9990962061471251,0.000903793852874902,5
4145,0,10.0,0.0,1.0,6.0,0.0,1.0,3.0,99.0,72.0,10.0,25.0,51.0,0.0,5.0,0.0,9.0,2.0,0.0,4.12676056338028,0.0,1.0,0.0,0.428571428571429,0.0,4.0,7.0,0.7673085053215646,0.23269149467843545,2
4145,1,10.0,0.0,1.0,6.0,0.0,1.0,3.0,99.0,72.0,10.0,25.0,51.0,0.0,5.0,0.0,22.0,2.0,0.0,4.12676056338028,0.0,0.0,0.0,0.428571428571429,0.0,4.0,7.0,0.59400767604571,0.40599232395429,2
4145,2,10.0,0.0,1.0,6.0,0.0,1.0,3.0,99.0,72.0,10.0,25.0,7.0,0.0,5.0,0.0,6.0,2.0,0.0,4.12676056338028,0.0,84.0,0.0,0.428571428571429,0.0,4.0,7.0,0.9669650994309268,0.03303490056907324,4
4145,3,10.0,0.0,1.0,6.0,0.0,1.0,3.0,99.0,72.0,10.0,25.0,7.0,0.0,5.0,0.0,9.0,2.0,0.0,4.12676056338028,0.0,84.0,0.0,0.428571428571429,0.0,4.0,7.0,0.9784656800414506,0.021534319958549375,4
4145,4,10.0,114.0,1.0,6.0,0.0,1.0,3.0,99.0,72.0,10.0,25.0,51.0,0.0,5.0,0.0,22.0,2.0,0.0,4.12676056338028,0.0,1.0,0.0,0.428571428571429,0.0,4.0,7.0,0.5646778817752575,0.43532211822474254,2
4145,5,10.0,0.0,1.0,6.0,0.0,1.0,3.0,99.0,72.0,10.0,25.0,7.0,0.0,5.0,0.0,22.0,2.0,0.0,4.12676056338028,0.0,1.0,0.0,0.428571428571429,0.0,4.0,7.0,0.6027471707628542,0.3972528292371458,2
4145,6,10.0,114.0,1.0,6.0,0.0,1.0,3.0,99.0,72.0,10.0,25.0,3.0,0.0,5.0,0.0,22.0,2.0,0.0,4.12676056338028,0.0,1.0,0.0,0.428571428571429,0.0,4.0,7.0,0.7836838551889038,0.21631614481109623,3
4145,7,10.0,114.0,1.0,6.0,0.0,1.0,3.0,99.0,72.0,10.0,25.0,3.0,0.0,5.0,0.0,22.0,2.0,0.0,3.0,0.0,1.0,0.0,0.428571428571429,0.0,4.0,7.0,0.8225975912532544,0.17740240874674562,4
4145,8,10.0,114.0,1.0,6.0,0.0,1.0,3.0,99.0,72.0,10.0,1.0,3.0,0.0,5.0,0.0,22.0,2.0,0.0,3.0,0.0,1.0,0.0,0.428571428571429,0.0,4.0,7.0,0.8497424663619435,0.1502575336380565,5
4145,9,10.0,0.0,1.0,6.0,0.0,1.0,3.0,99.0,3.0,10.0,25.0,51.0,0.0,5.0,0.0,9.0,2.0,0.0,4.12676056338028,0.0,0.0,0.0,0.428571428571429,0.0,4.0,7.0,0.6943413149129756,0.30565868508702443,2
4145,10,10.0,0.0,1.0,6.0,0.0,1.0,3.0,99.0,3.0,10.0,25.0,51.0,0.0,5.0,0.0,6.0,2.0,0.0,4.12676056338028,0.0,0.0,0.0,0.0,0.0,4.0,7.0,0.937403010493461,0.06259698950653908,3
4145,11,10.0,114.0,1.0,6.0,0.0,1.0,3.0,99.0,3.0,10.0,25.0,51.0,0.0,5.0,0.0,9.0,2.0,0.0,4.12676056338028,0.0,1.0,0.0,0.428571428571429,0.0,4.0,7.0,0.6052331767545441,0.39476682324545587,2
4145,12,10.0,114.0,1.0,6.0,0.0,1.0,3.0,99.0,3.0,10.0,25.0,51.0,0.0,5.0,0.0,0.0,2.0,0.0,4.12676056338028,0.0,0.0,0.0,0.0,0.0,4.0,7.0,0.9806088511341878,0.019391148865812172,4
4145,13,10.0,114.0,1.0,6.0,0.0,1.0,3.0,99.0,3.0,2.0,25.0,51.0,0.0,5.0,0.0,0.0,2.0,0.0,4.12676056338028,0.0,0.0,0.0,0.0,0.0,4.0,7.0,0.9872328336958704,0.012767166304129515,5
4145,14,10.0,114.0,1.0,6.0,0.0,1.0,3.0,99.0,3.0,2.0,25.0,51.0,0.0,5.0,0.0,0.0,2.0,0.0,4.12676056338028,0.0,84.0,0.0,0.0,0.0,4.0,7.0,0.9899855146982981,0.010014485301701882,5
4145,15,10.0,114.0,1.0,6.0,0.0,1.0,3.0,99.0,3.0,10.0,25.0,12.0,0.0,5.0,0.0,22.0,2.0,0.0,4.12676056338028,0.0,1.0,0.0,0.428571428571429,0.0,4.0,7.0,0.5918644335012462,0.4081355664987539,2
4145,16,10.0,114.0,1.0,6.0,0.0,1.0,3.0,99.0,3.0,10.0,25.0,3.0,0.0,5.0,0.0,0.0,2.0,0.0,4.12676056338028,0.0,84.0,0.0,0.0,0.0,4.0,7.0,0.99160300419796,0.008396995802039972,5
4145,17,10.0,0.0,1.0,6.0,0.0,1.0,2.0,99.0,72.0,10.0,25.0,51.0,0.0,5.0,0.0,22.0,2.0,0.0,4.12676056338028,0.0,1.0,0.0,0.428571428571429,0.0,4.0,7.0,0.7042981386278355,0.29570186137216453,2
4145,18,10.0,0.0,1.0,6.0,0.0,1.0,2.0,99.0,72.0,10.0,25.0,3.0,0.0,5.0,0.0,22.0,2.0,0.0,4.12676056338028,0.0,1.0,0.0,0.428571428571429,0.0,4.0,7.0,0.8743474011329664,0.12565259886703362,3
4145,19,10.0,0.0,1.0,6.0,0.0,1.0,2.0,99.0,72.0,10.0,25.0,3.0,0.0,5.0,0.0,22.0,2.0,0.0,4.12676056338028,0.0,0.0,0.0,0.428571428571429,0.0,4.0,7.0,0.9501262446841131,0.04987375531588686,4
4147,0,1.0,0.0,1.0,1.0,1.0,2.0,3.0,47.0,1.0,4.0,2.0,6.0,1.0,3.0,0.0,9.0,2.0,1.0,7.81818181818182,1.0,1.0,0.0,0.75,0.0,1.0,5.0,0.6930996883239109,0.30690031167608905,1
4147,1,1.0,0.0,1.0,1.0,1.0,2.0,3.0,47.0,1.0,4.0,2.0,6.0,1.0,3.0,0.0,0.0,2.0,1.0,7.81818181818182,1.0,0.0,0.0,0.75,0.0,1.0,5.0,0.9976096960491639,0.002390303950836085,2
4147,2,1.0,0.0,1.0,1.0,1.0,2.0,3.0,40.0,1.0,4.0,2.0,6.0,1.0,3.0,0.0,0.0,2.0,1.0,7.81818181818182,1.0,0.0,0.0,0.75,0.0,1.0,5.0,0.9988195886701314,0.0011804113298685864,3
4147,3,1.0,0.0,1.0,1.0,1.0,2.0,2.0,40.0,1.0,4.0,2.0,6.0,1.0,3.0,0.0,0.0,2.0,1.0,7.81818181818182,1.0,0.0,0.0,0.75,0.0,1.0,5.0,0.9992155926139931,0.0007844073860069689,4
4147,4,1.0,0.0,1.0,1.0,1.0,2.0,2.0,40.0,72.0,4.0,2.0,6.0,1.0,3.0,0.0,0.0,2.0,1.0,7.81818181818182,1.0,0.0,0.0,0.75,0.0,1.0,5.0,0.9993692094411334,0.0006307905588666159,5
4147,5,1.0,0.0,1.0,1.0,1.0,2.0,3.0,24.0,1.0,4.0,2.0,6.0,1.0,3.0,0.0,19.0,2.0,1.0,7.81818181818182,1.0,1.0,0.0,0.75,0.0,1.0,5.0,0.5684447129091379,0.43155528709086205,1
4147,6,1.0,0.0,1.0,1.0,1.0,2.0,0.0,20.0,72.0,4.0,2.0,6.0,1.0,3.0,0.0,0.0,2.0,1.0,7.81818181818182,1.0,0.0,0.0,0.75,0.0,1.0,5.0,0.9997494462426045,0.0002505537573955078,5
4147,7,1.0,0.0,1.0,1.0,1.0,24.0,3.0,47.0,1.0,4.0,2.0,6.0,1.0,3.0,0.0,0.0,2.0,1.0,7.81818181818182,1.0,1.0,0.0,0.75,0.0,1.0,5.0,0.9964513444399276,0.003548655560072421,2
4147,8,1.0,0.0,1.0,1.0,1.0,24.0,3.0,47.0,72.0,4.0,2.0,6.0,1.0,3.0,0.0,19.0,2.0,1.0,7.81818181818182,1.0,1.0,0.0,0.75,0.0,1.0,5.0,0.6207359982854682,0.3792640017145318,2
4147,9,1.0,0.0,1.0,1.0,1.0,24.0,3.0,20.0,72.0,4.0,2.0,6.0,1.0,3.0,0.0,0.0,2.0,1.0,7.81818181818182,1.0,1.0,0.0,0.75,0.0,1.0,5.0,0.9989497818957086,0.0010502181042914287,4
4147,10,1.0,0.0,1.0,1.0,1.0,24.0,3.0,20.0,72.0,4.0,2.0,6.0,1.0,3.0,0.0,5.0,2.0,1.0,7.81818181818182,1.0,1.0,0.0,0.75,0.0,1.0,5.0,0.99947439639103,0.0005256036089699861,4
4147,11,1.0,0.0,1.0,1.0,1.0,2.0,3.0,47.0,1.0,4.0,2.0,6.0,1.0,3.0,0.0,0.0,2.0,1.0,7.81818181818182,1.0,0.0,0.0,0.0,0.0,1.0,5.0,0.999138961946345,0.0008610380536550547,3
4147,12,1.0,0.0,8.0,1.0,1.0,2.0,3.0,47.0,1.0,4.0,2.0,6.0,1.0,3.0,0.0,0.0,2.0,1.0,7.81818181818182,1.0,0.0,0.0,0.0,0.0,1.0,5.0,0.9995738403032469,0.000426159696753037,4
4147,13,1.0,0.0,1.0,1.0,1.0,2.0,3.0,47.0,1.0,4.0,2.0,6.0,1.0,3.0,0.0,0.0,2.0,1.0,7.81818181818182,1.0,1.0,0.0,0.0,0.0,1.0,5.0,0.9960722735172197,0.003927726482780242,2
4147,14,1.0,0.0,1.0,1.0,1.0,2.0,0.0,47.0,1.0,4.0,2.0,6.0,1.0,3.0,0.0,0.0,2.0,1.0,7.81818181818182,1.0,1.0,0.0,0.0,0.0,1.0,5.0,0.9983985106214941,0.0016014893785058603,3
4147,15,1.0,0.0,1.0,1.0,1.0,2.0,0.0,40.0,1.0,4.0,2.0,6.0,1.0,3.0,0.0,0.0,2.0,1.0,7.81818181818182,1.0,1.0,0.0,0.0,0.0,1.0,5.0,0.999058380121506,0.0009416198784940033,4
4147,16,1.0,0.0,1.0,1.0,1.0,2.0,3.0,16.0,1.0,4.0,2.0,6.0,1.0,3.0,0.0,19.0,2.0,1.0,7.81818181818182,1.0,1.0,0.0,0.75,0.0,1.0,5.0,0.8789083035909983,0.12109169640900175,1
4147,17,1.0,0.0,1.0,1.0,1.0,2.0,3.0,16.0,1.0,4.0,2.0,6.0,1.0,3.0,0.0,19.0,2.0,1.0,7.81818181818182,1.0,0.0,0.0,0.75,0.0,1.0,5.0,0.9699194006938405,0.030080599306159455,2
4147,18,1.0,0.0,1.0,1.0,1.0,2.0,3.0,16.0,1.0,4.0,2.0,6.0,1.0,3.0,0.0,19.0,2.0,1.0,7.81818181818182,1.0,0.0,0.0,0.0,0.0,1.0,5.0,0.9911781010534564,0.0088218989465436,3
4147,19,1.0,0.0,1.0,1.0,1.0,2.0,3.0,16.0,1.0,4.0,2.0,6.0,1.0,9.0,0.0,19.0,2.0,1.0,7.81818181818182,1.0,0.0,0.0,0.0,0.0,1.0,5.0,0.9960709438903931,0.003929056109606942,4
4304,0,2.0,0.0,1.0,0.0,2.0,0.0,1.0,97.0,1.0,7.0,10.0,12.0,0.0,3.0,2.0,32.0,4.0,0.0,2.59659090909091,1.0,1.0,0.0,0.625,0.0,2.0,8.0,0.8703602409919834,0.12963975900801658,1
4304,1,2.0,0.0,1.0,0.0,2.0,0.0,1.0,97.0,1.0,7.0,10.0,0.0,0.0,3.0,2.0,32.0,4.0,0.0,2.59659090909091,1.0,1.0,0.0,0.625,0.0,2.0,2.0,0.9956706169735035,0.00432938302649657,2
4304,2,0.0,0.0,1.0,0.0,2.0,0.0,1.0,97.0,1.0,7.0,10.0,0.0,0.0,3.0,2.0,32.0,4.0,0.0,2.59659090909091,1.0,1.0,0.0,0.625,0.0,2.0,2.0,0.9977932627196866,0.002206737280313354,3
4304,3,0.0,0.0,1.0,0.0,2.0,0.0,1.0,97.0,1.0,7.0,10.0,0.0,0.0,3.0,2.0,32.0,4.0,0.0,2.59659090909091,1.0,1.0,0.0,1.0,0.0,2.0,2.0,0.9988679832169006,0.0011320167830993438,4
4304,4,0.0,0.0,1.0,0.0,2.0,0.0,1.0,97.0,1.0,7.0,10.0,0.0,0.0,3.0,2.0,32.0,4.0,0.0,2.59659090909091,1.0,1.0,0.0,1.0,0.0,2.0,1.0,0.9989076074836675,0.0010923925163324867,4
4304,5,0.0,0.0,1.0,0.0,2.0,0.0,1.0,97.0,3.0,7.0,10.0,0.0,0.0,3.0,2.0,32.0,4.0,0.0,2.59659090909091,1.0,1.0,0.0,1.0,0.0,2.0,1.0,0.9990909445519671,0.0009090554480328427,5
4304,6,2.0,0.0,1.0,0.0,2.0,0.0,1.0,97.0,72.0,7.0,10.0,167.0,0.0,3.0,2.0,32.0,4.0,0.0,2.59659090909091,1.0,1.0,0.0,0.625,0.0,2.0,8.0,0.889343180059141,0.11065681994085895,1
4304,7,2.0,0.0,1.0,0.0,2.0,0.0,1.0,97.0,72.0,7.0,10.0,167.0,0.0,3.0,2.0,32.0,4.0,0.0,2.59659090909091,1.0,1.0,0.0,0.625,0.0,2.0,1.0,0.9852948331991231,0.014705166800876903,2
4304,8,2.0,0.0,1.0,0.0,2.0,0.0,1.0,97.0,72.0,7.0,4.0,167.0,0.0,3.0,2.0,32.0,4.0,0.0,2.59659090909091,1.0,1.0,0.0,0.625,0.0,2.0,1.0,0.992877246089489,0.00712275391051095,3
4304,9,2.0,114.0,1.0,0.0,2.0,0.0,1.0,97.0,1.0,7.0,10.0,167.0,0.0,3.0,2.0,32.0,4.0,0.0,2.59659090909091,1.0,1.0,0.0,0.625,0.0,2.0,8.0,0.6993103874812152,0.30068961251878473,1
4304,10,2.0,114.0,1.0,0.0,2.0,0.0,1.0,97.0,72.0,7.0,4.0,167.0,0.0,3.0,2.0,32.0,4.0,0.0,2.59659090909091,1.0,84.0,0.0,0.625,0.0,2.0,1.0,0.9976511126559612,0.0023488873440388495,5
4304,11,2.0,0.0,1.0,0.0,2.0,0.0,1.0,97.0,1.0,7.0,10.0,0.0,0.0,3.0,2.0,32.0,4.0,0.0,2.59659090909091,1.0,1.0,0.0,0.0,0.0,2.0,8.0,0.9950962419585168,0.004903758041483234,2
4304,12,2.0,0.0,1.0,0.0,2.0,0.0,1.0,97.0,1.0,7.0,10.0,0.0,0.0,3.0,2.0,32.0,4.0,0.0,2.59659090909091,1.0,0.0,0.0,0.0,0.0,2.0,8.0,0.9985026140044856,0.0014973859955144091,3
4304,13,2.0,0.0,1.0,0.0,2.0,0.0,1.0,97.0,1.0,7.0,10.0,0.0,0.0,9.0,2.0,32.0,4.0,0.0,2.59659090909091,1.0,0.0,0.0,0.0,0.0,2.0,8.0,0.9992596566575963,0.0007403433424036528,4
4304,14,2.0,0.0,1.0,0.0,2.0,0.0,1.0,97.0,1.0,7.0,10.0,0.0,0.0,9.0,2.0,32.0,4.0,0.0,2.59659090909091,1.0,0.0,0.0,0.0,0.0,1.0,8.0,0.9993132617593521,0.0006867382406479001,5
4304,15,2.0,0.0,1.0,0.0,2.0,0.0,1.0,97.0,1.0,7.0,10.0,167.0,0.0,3.0,2.0,32.0,4.0,0.0,2.59659090909091,1.0,1.0,0.0,0.625,0.0,2.0,2.0,0.8157705799004349,0.18422942009956506,1
4304,16,2.0,0.0,1.0,0.0,2.0,0.0,1.0,97.0,1.0,7.0,10.0,167.0,0.0,3.0,2.0,32.0,4.0,0.0,2.59659090909091,1.0,0.0,0.0,0.625,0.0,2.0,1.0,0.9525890852143601,0.0474109147856398,2
4304,17,2.0,0.0,1.0,0.0,2.0,0.0,1.0,97.0,1.0,7.0,10.0,167.0,0.0,3.0,2.0,32.0,4.0,0.0,2.59659090909091,1.0,0.0,0.0,0.625,0.0,7.0,1.0,0.9805606476985497,0.019439352301450278,3
4304,18,2.0,0.0,1.0,0.0,2.0,0.0,1.0,97.0,1.0,7.0,10.0,167.0,0.0,3.0,2.0,32.0,4.0,0.0,2.59659090909091,1.0,0.0,0.0,1.0,0.0,7.0,1.0,0.9903382509978023,0.009661749002197777,4
4304,19,0.0,0.0,1.0,0.0,2.0,0.0,1.0,97.0,1.0,7.0,10.0,167.0,0.0,3.0,2.0,32.0,4.0,0.0,2.59659090909091,1.0,0.0,0.0,1.0,0.0,7.0,1.0,0.9939051311370517,0.006094868862948268,5
4555,0,4.0,0.0,1.0,0.0,0.0,0.0,5.0,20.0,1.0,0.0,2.0,1.0,1.0,1.0,0.0,1.0,1.0,2.0,17.4,3.0,1.0,0.0,1.0,0.0,1.0,1.0,0.6459262116735434,0.3540737883264566,1
4555,1,4.0,0.0,1.0,0.0,0.0,0.0,2.0,20.0,1.0,0.0,4.0,1.0,1.0,1.0,0.0,1.0,1.0,2.0,17.4,3.0,1.0,0.0,1.0,0.0,1.0,1.0,0.7206744553668072,0.2793255446331928,1
4555,2,4.0,0.0,1.0,0.0,0.0,0.0,0.0,24.0,1.0,0.0,0.0,1.0,1.0,1.0,0.0,1.0,1.0,2.0,17.4,3.0,1.0,0.0,1.0,0.0,1.0,1.0,0.992895854122081,0.007104145877918954,3
4555,3,4.0,0.0,1.0,0.0,0.0,0.0,0.0,24.0,1.0,0.0,0.0,3.0,1.0,1.0,0.0,1.0,1.0,2.0,17.4,3.0,1.0,0.0,1.0,0.0,1.0,1.0,0.9963211099123497,0.003678890087650268,4
4555,4,4.0,0.0,1.0,0.0,0.0,0.0,0.0,24.0,1.0,0.0,97.0,3.0,1.0,1.0,0.0,1.0,1.0,2.0,17.4,3.0,1.0,0.0,1.0,0.0,1.0,1.0,0.9982933974510793,0.0017066025489207064,4
4555,5,4.0,0.0,1.0,0.0,0.0,0.0,0.0,24.0,1.0,0.0,97.0,3.0,1.0,1.0,0.0,5.0,1.0,2.0,17.4,3.0,1.0,0.0,1.0,0.0,1.0,1.0,0.9989116921717321,0.001088307828267859,5
4555,6,4.0,0.0,1.0,0.0,0.0,0.0,0.0,24.0,1.0,0.0,97.0,5.0,1.0,1.0,0.0,5.0,1.0,2.0,17.4,3.0,1.0,0.0,1.0,0.0,1.0,1.0,0.9990420900917764,0.0009579099082235969,5
4555,7,4.0,0.0,1.0,0.0,0.0,0.0,5.0,40.0,1.0,0.0,4.0,1.0,1.0,1.0,0.0,1.0,1.0,2.0,17.4,3.0,1.0,0.0,1.0,0.0,1.0,1.0,0.7763567107857188,0.22364328921428128,1
4555,8,4.0,0.0,1.0,0.0,0.0,0.0,0.0,40.0,1.0,0.0,97.0,5.0,1.0,1.0,0.0,0.0,1.0,2.0,17.4,3.0,1.0,0.0,1.0,0.0,1.0,1.0,0.9991899806933233,0.0008100193066767166,5
4555,9,4.0,0.0,1.0,0.0,0.0,0.0,0.0,40.0,1.0,0.0,97.0,7.0,1.0,1.0,0.0,0.0,1.0,2.0,17.4,3.0,1.0,0.0,1.0,0.0,1.0,1.0,0.9994155307396572,0.000584469260342889,5
4555,10,4.0,0.0,1.0,0.0,0.0,0.0,0.0,20.0,1.0,0.0,4.0,1.0,1.0,1.0,0.0,1.0,1.0,2.0,17.4,3.0,1.0,0.0,1.0,0.0,1.0,1.0,0.8054948179552142,0.19450518204478584,1
4555,11,4.0,0.0,1.0,0.0,0.0,0.0,0.0,40.0,1.0,0.0,4.0,1.0,1.0,1.0,0.0,1.0,1.0,2.0,17.4,3.0,1.0,0.0,1.0,0.0,1.0,1.0,0.991672731033518,0.008327268966481997,2
4555,12,4.0,0.0,1.0,0.0,0.0,24.0,5.0,20.0,1.0,0.0,4.0,1.0,1.0,1.0,0.0,1.0,1.0,2.0,17.4,3.0,1.0,0.0,1.0,0.0,1.0,1.0,0.6441919969980068,0.35580800300199317,1
4555,13,4.0,0.0,1.0,0.0,0.0,24.0,0.0,40.0,1.0,0.0,4.0,1.0,23.0,1.0,0.0,1.0,1.0,2.0,17.4,3.0,1.0,0.0,1.0,0.0,1.0,1.0,0.9991047143150051,0.0008952856849949036,4
4555,14,4.0,0.0,1.0,0.0,0.0,24.0,0.0,1595.0,1.0,0.0,4.0,1.0,23.0,1.0,0.0,1.0,1.0,2.0,17.4,3.0,1.0,0.0,1.0,0.0,1.0,1.0,0.9993223941258241,0.0006776058741758286,4
4555,15,4.0,0.0,1.0,0.0,0.0,0.0,5.0,20.0,1.0,0.0,4.0,1.0,1.0,1.0,0.0,1.0,1.0,2.0,6.4,3.0,1.0,0.0,1.0,0.0,1.0,1.0,0.581927477594052,0.418072522405948,1
4555,16,4.0,0.0,1.0,0.0,0.0,0.0,5.0,20.0,1.0,0.0,0.0,1.0,1.0,1.0,0.0,1.0,1.0,2.0,2.0,3.0,0.0,0.0,1.0,0.0,1.0,1.0,0.9968141949332192,0.0031858050667807405,3
4555,17,4.0,0.0,8.0,0.0,0.0,0.0,5.0,20.0,1.0,0.0,0.0,1.0,1.0,1.0,0.0,1.0,1.0,2.0,2.0,3.0,0.0,0.0,1.0,0.0,1.0,1.0,0.998732392781546,0.0012676072184539925,4
4555,18,4.0,0.0,1.0,0.0,0.0,0.0,5.0,20.0,1.0,0.0,4.0,1.0,1.0,1.0,0.0,1.0,1.0,2.0,17.4,26.0,1.0,0.0,1.0,0.0,1.0,1.0,0.6055993908578347,0.39440060914216535,1
4555,19,4.0,0.0,8.0,0.0,0.0,0.0,5.0,20.0,1.0,0.0,0.0,1.0,1.0,1.0,0.0,1.0,1.0,2.0,3.0,26.0,0.0,0.0,1.0,0.0,1.0,1.0,0.9994936618476697,0.0005063381523303048,5
6733,0,4.0,0.0,1.0,1.0,1.0,1.0,3.0,40.0,2.0,9.0,4.0,6.0,1.0,3.0,0.0,17.0,1.0,1.0,7.52631578947368,1.0,1.0,0.0,0.4,0.0,1.0,2.0,0.6015348578775739,0.3984651421224261,1
6733,1,4.0,0.0,1.0,1.0,1.0,1.0,3.0,51.0,72.0,9.0,4.0,6.0,1.0,3.0,0.0,17.0,1.0,1.0,7.52631578947368,1.0,1.0,0.0,0.4,0.0,1.0,2.0,0.7949189342648968,0.20508106573510324,1
6733,2,4.0,0.0,1.0,1.0,1.0,1.0,3.0,16.0,72.0,9.0,4.0,6.0,1.0,3.0,0.0,17.0,1.0,1.0,7.52631578947368,1.0,0.0,0.0,0.4,0.0,1.0,2.0,0.998926058320739,0.0010739416792610367,3
6733,3,4.0,0.0,1.0,1.0,1.0,1.0,3.0,16.0,72.0,9.0,4.0,6.0,1.0,3.0,0.0,3.0,1.0,1.0,7.52631578947368,1.0,0.0,0.0,0.4,0.0,1.0,2.0,0.9993394227121001,0.0006605772878999258,4
6733,4,1.0,0.0,1.0,1.0,1.0,1.0,3.0,16.0,72.0,9.0,4.0,6.0,1.0,3.0,0.0,3.0,1.0,1.0,7.52631578947368,1.0,0.0,0.0,0.4,0.0,1.0,2.0,0.9994117341615321,0.0005882658384678858,5
6733,5,4.0,0.0,1.0,1.0,1.0,1.0,3.0,51.0,2.0,9.0,4.0,6.0,1.0,3.0,0.0,6.0,1.0,1.0,7.52631578947368,1.0,1.0,0.0,0.4,0.0,1.0,2.0,0.9279919057386785,0.07200809426132154,1
6733,6,4.0,0.0,1.0,43.0,1.0,1.0,3.0,51.0,2.0,9.0,4.0,6.0,1.0,3.0,0.0,17.0,1.0,1.0,7.52631578947368,1.0,1.0,0.0,0.4,0.0,1.0,2.0,0.7688254521963731,0.2311745478036269,1
6733,7,4.0,0.0,1.0,43.0,1.0,1.0,3.0,51.0,2.0,9.0,4.0,6.0,1.0,3.0,0.0,0.0,1.0,1.0,7.52631578947368,1.0,1.0,0.0,0.4,0.0,7.0,2.0,0.9962881920734316,0.0037118079265684987,3
6733,8,0.0,0.0,1.0,43.0,1.0,1.0,3.0,51.0,2.0,9.0,4.0,6.0,1.0,3.0,0.0,0.0,1.0,1.0,7.52631578947368,1.0,1.0,0.0,0.4,0.0,7.0,2.0,0.9967740245691383,0.003225975430861694,4
6733,9,4.0,114.0,1.0,1.0,1.0,1.0,3.0,51.0,2.0,9.0,4.0,6.0,1.0,3.0,0.0,17.0,1.0,1.0,7.52631578947368,1.0,1.0,0.0,0.4,0.0,1.0,2.0,0.7822819411668211,0.2177180588331788,1
6733,10,4.0,114.0,1.0,1.0,1.0,1.0,3.0,16.0,2.0,33.0,4.0,6.0,1.0,3.0,0.0,17.0,1.0,1.0,7.52631578947368,1.0,1.0,0.0,0.4,0.0,1.0,2.0,0.9976022750008956,0.0023977249991044415,3
6733,11,4.0,114.0,1.0,1.0,1.0,24.0,3.0,16.0,2.0,33.0,4.0,6.0,1.0,3.0,0.0,17.0,1.0,1.0,7.52631578947368,1.0,1.0,0.0,0.4,0.0,1.0,2.0,0.9983722059063374,0.0016277940936626786,4
6733,12,4.0,114.0,1.0,1.0,1.0,24.0,3.0,16.0,2.0,33.0,4.0,6.0,1.0,3.0,0.0,17.0,1.0,1.0,0.0,1.0,1.0,0.0,0.4,0.0,1.0,2.0,0.998627439484246,0.001372560515754008,5
6733,13,4.0,114.0,1.0,1.0,1.0,24.0,3.0,20.0,2.0,33.0,4.0,6.0,1.0,3.0,0.0,17.0,1.0,1.0,0.0,1.0,1.0,0.0,0.4,0.0,1.0,2.0,0.9992096771770731,0.0007903228229268698,5
6733,14,20.0,0.0,1.0,1.0,1.0,1.0,3.0,51.0,2.0,9.0,4.0,6.0,1.0,3.0,0.0,17.0,1.0,1.0,7.52631578947368,1.0,1.0,0.0,0.4,0.0,1.0,2.0,0.8005533547767739,0.1994466452232261,1
6733,15,20.0,0.0,8.0,1.0,1.0,1.0,3.0,51.0,2.0,9.0,4.0,6.0,1.0,3.0,0.0,17.0,1.0,1.0,7.52631578947368,1.0,1.0,0.0,0.4,0.0,1.0,2.0,0.9204834364853096,0.07951656351469043,2
6733,16,4.0,0.0,1.0,1.0,1.0,1.0,3.0,51.0,2.0,9.0,4.0,6.0,1.0,3.0,0.0,17.0,1.0,1.0,3.0,1.0,1.0,0.0,0.4,0.0,1.0,2.0,0.7287699563417058,0.27123004365829423,1
6733,17,20.0,0.0,8.0,1.0,1.0,1.0,3.0,51.0,72.0,9.0,4.0,6.0,1.0,3.0,0.0,17.0,1.0,1.0,26.0,1.0,1.0,0.0,0.4,0.0,1.0,2.0,0.9709513368345549,0.02904866316544506,4
6733,18,20.0,0.0,8.0,0.0,1.0,1.0,3.0,51.0,72.0,9.0,4.0,6.0,1.0,3.0,0.0,17.0,1.0,1.0,26.0,1.0,1.0,0.0,0.4,0.0,1.0,2.0,0.9757830178599756,0.0242169821400244,5
6733,19,4.0,0.0,1.0,1.0,1.0,1.0,3.0,51.0,2.0,9.0,4.0,6.0,1.0,3.0,0.0,0.0,1.0,1.0,7.52631578947368,1.0,0.0,0.0,0.4,0.0,1.0,2.0,0.9953409794475642,0.004659020552435802,2
6734,0,6.0,0.0,1.0,1.0,1.0,1.0,3.0,58.0,2.0,10.0,14.0,12.0,0.0,3.0,0.0,9.0,2.0,0.0,6.96428571428571,1.0,1.0,0.0,0.4,0.0,1.0,2.0,0.663604738288601,0.33639526171139905,1
6734,1,6.0,0.0,1.0,1.0,1.0,1.0,3.0,58.0,2.0,10.0,14.0,12.0,0.0,3.0,0.0,0.0,2.0,0.0,6.96428571428571,1.0,0.0,0.0,0.4,0.0,1.0,2.0,0.9956761898013935,0.0043238101986064715,2
6734,2,6.0,0.0,1.0,1.0,1.0,1.0,3.0,58.0,2.0,33.0,14.0,12.0,0.0,3.0,0.0,0.0,2.0,0.0,6.96428571428571,1.0,0.0,0.0,0.4,0.0,1.0,2.0,0.9977559251121709,0.0022440748878290863,3
6734,3,6.0,0.0,1.0,1.0,1.0,1.0,3.0,40.0,2.0,33.0,14.0,12.0,0.0,3.0,0.0,0.0,2.0,0.0,6.96428571428571,1.0,0.0,0.0,0.4,0.0,1.0,2.0,0.9985422175904656,0.001457782409534415,4
6734,4,6.0,0.0,1.0,1.0,1.0,1.0,3.0,40.0,72.0,33.0,14.0,12.0,0.0,3.0,0.0,0.0,2.0,0.0,6.96428571428571,1.0,0.0,0.0,0.4,0.0,1.0,2.0,0.9988375040139864,0.0011624959860135377,5
6734,5,6.0,0.0,1.0,1.0,1.0,1.0,3.0,58.0,72.0,10.0,14.0,12.0,0.0,3.0,0.0,19.0,2.0,0.0,6.96428571428571,1.0,0.0,0.0,0.4,0.0,1.0,2.0,0.726243979055631,0.27375602094436896,2
6734,6,6.0,0.0,1.0,1.0,1.0,1.0,3.0,40.0,72.0,0.0,14.0,12.0,0.0,3.0,0.0,0.0,2.0,0.0,6.96428571428571,1.0,84.0,0.0,0.4,0.0,1.0,2.0,0.9991958586293919,0.000804141370608151,5
6734,7,6.0,0.0,1.0,1.0,1.0,1.0,3.0,58.0,2.0,10.0,14.0,12.0,0.0,3.0,0.0,0.0,2.0,0.0,6.96428571428571,1.0,0.0,0.0,1.0,0.0,1.0,2.0,0.9990205427669586,0.0009794572330413518,3
6734,8,6.0,0.0,1.0,1.0,1.0,1.0,3.0,58.0,2.0,33.0,14.0,12.0,0.0,3.0,0.0,0.0,2.0,0.0,6.96428571428571,1.0,0.0,0.0,1.0,0.0,1.0,2.0,0.9994924777116816,0.0005075222883183803,4
6734,9,6.0,0.0,1.0,1.0,1.0,1.0,3.0,58.0,2.0,33.0,14.0,12.0,0.0,3.0,0.0,0.0,2.0,0.0,6.96428571428571,26.0,0.0,0.0,1.0,0.0,1.0,2.0,0.9996863224419617,0.0003136775580382987,5
6734,10,6.0,0.0,1.0,1.0,1.0,1.0,3.0,58.0,72.0,10.0,14.0,12.0,0.0,3.0,0.0,0.0,2.0,0.0,6.96428571428571,1.0,1.0,0.0,0.4,0.0,1.0,2.0,0.9953743773353669,0.004625622664633112,2
6734,11,6.0,0.0,1.0,1.0,1.0,1.0,3.0,58.0,72.0,10.0,14.0,12.0,0.0,3.0,0.0,0.0,2.0,0.0,6.96428571428571,1.0,1.0,0.0,0.4,0.0,7.0,2.0,0.9982737485882477,0.0017262514117523007,3
6734,12,6.0,0.0,1.0,1.0,1.0,1.0,3.0,58.0,72.0,10.0,1.0,12.0,0.0,3.0,0.0,0.0,2.0,0.0,6.96428571428571,1.0,1.0,0.0,0.4,0.0,7.0,2.0,0.9985621521507976,0.0014378478492024752,4
6734,13,6.0,114.0,1.0,1.0,1.0,1.0,3.0,58.0,72.0,10.0,14.0,12.0,0.0,3.0,0.0,19.0,2.0,0.0,6.96428571428571,1.0,1.0,0.0,0.4,0.0,1.0,2.0,0.6491378364134839,0.3508621635865161,2
6734,14,6.0,0.0,1.0,1.0,1.0,1.0,3.0,24.0,2.0,10.0,14.0,12.0,0.0,3.0,0.0,19.0,2.0,0.0,6.96428571428571,1.0,1.0,0.0,0.4,0.0,1.0,2.0,0.512570631124065,0.4874293688759351,1
6734,15,6.0,0.0,1.0,1.0,1.0,1.0,3.0,22.0,72.0,10.0,14.0,12.0,0.0,3.0,0.0,19.0,2.0,0.0,6.96428571428571,1.0,1.0,0.0,0.4,0.0,1.0,2.0,0.9514134747033389,0.04858652529666107,2
6734,16,6.0,0.0,1.0,1.0,1.0,1.0,3.0,22.0,72.0,10.0,14.0,12.0,0.0,3.0,0.0,19.0,2.0,0.0,6.96428571428571,1.0,0.0,0.0,0.4,0.0,1.0,2.0,0.9816807601180023,0.0183192398819977,3
6734,17,6.0,0.0,1.0,1.0,1.0,1.0,3.0,22.0,72.0,10.0,14.0,12.0,0.0,9.0,0.0,19.0,2.0,0.0,6.96428571428571,1.0,0.0,0.0,0.4,0.0,1.0,2.0,0.9935487599378436,0.0064512400621563925,4
6734,18,6.0,114.0,1.0,1.0,1.0,1.0,3.0,22.0,72.0,10.0,14.0,12.0,0.0,9.0,0.0,19.0,2.0,0.0,6.96428571428571,1.0,0.0,0.0,0.4,0.0,1.0,2.0,0.9947589054812662,0.005241094518733813,5
6734,19,6.0,0.0,1.0,1.0,1.0,1.0,3.0,40.0,72.0,10.0,14.0,12.0,0.0,3.0,0.0,0.0,2.0,0.0,6.96428571428571,1.0,1.0,0.0,0.4,0.0,7.0,2.0,0.9991679865235128,0.0008320134764871805,4
