feature,value,importance,min,max,rule,importance_ratio
Added_lines,64.0,0.3675153465066326,6.0,17843.0,24.088365210503166 < Added_lines <= 251.74735011885954,0.2998772797751192
CountDeclClass,1.0,-0.11460451631872248,1.0,13.0,CountDeclClass <= 1.5005966587345618,0.09351253200791583
MINOR_COMMIT,0.0,-0.09888465743622904,0.0,5.0,MINOR_COMMIT <= 0.5004848706369127,0.08068577915272368
CountLineComment,383.0,0.07465726538072627,15.0,3202.0,146.26265667216038 < CountLineComment <= 442.57727842975316,0.06091723208466707
MaxInheritanceTree,4.0,0.07372145247962994,0.0,7.0,3.4981638542906017 < MaxInheritanceTree <= 4.503613651938005,0.06015364757091353
