feature,value,importance,min,max,rule,importance_ratio
Added_lines,51.0,0.3696569759192414,6.0,17843.0,24.088365210503166 < Added_lines <= 251.74735011885954,0.29037931680580265
MAJOR_LINE,5.0,0.1950677462648605,0.0,10.0,2.503347321568387 < MAJOR_LINE <= 5.505000175998428,0.15323297700626307
MINOR_COMMIT,0.0,-0.11171096246906663,0.0,5.0,MINOR_COMMIT <= 0.5004848706369127,0.08775311998595435
CountDeclClass,1.0,-0.11134444573474576,1.0,13.0,CountDeclClass <= 1.5005966587345618,0.08746520744583434
CountLineComment,418.0,0.07608882362209306,15.0,3202.0,146.26265667216038 < CountLineComment <= 442.57727842975316,0.05977060371983238
