feature,value,importance,min,max,rule,importance_ratio
Added_lines,29.0,0.3673753468598686,6.0,17843.0,24.088365210503166 < Added_lines <= 251.74735011885954,0.2712183330949104
MAJOR_LINE,3.0,0.18996172808377937,0.0,10.0,2.503347321568387 < MAJOR_LINE <= 5.505000175998428,0.14024104688321246
MINOR_COMMIT,0.0,-0.12130608682865367,0.0,5.0,MINOR_COMMIT <= 0.5004848706369127,0.08955536876698325
CountDeclClass,1.0,-0.11505942538845423,1.0,13.0,CountDeclClass <= 1.5005966587345618,0.08494371173092911
CountLineComment,233.0,0.0767891154578719,15.0,3202.0,146.26265667216038 < CountLineComment <= 442.57727842975316,0.056690292564080855
