feature,value,importance,min,max,rule,importance_ratio
Added_lines,19.0,0.22993978846222077,6.0,17843.0,6.5761356021680655 < Added_lines <= 24.088365210503166,0.18338980861118556
MAJOR_LINE,4.0,0.1879302279673648,0.0,10.0,2.503347321568387 < MAJOR_LINE <= 5.505000175998428,0.14988484059101428
CountDeclClass,1.0,-0.09678444630289787,1.0,13.0,CountDeclClass <= 1.5005966587345618,0.07719099509802421
CountDeclInstanceVariable,25.0,0.07814993834421816,0.0,1095.0,CountDeclInstanceVariable > 21.376447020001596,0.062328935465107024
CountLineComment,154.0,0.07172326127598429,15.0,3202.0,146.26265667216038 < CountLineComment <= 442.57727842975316,0.05720330198761539
