feature,value,importance,min,max,rule,importance_ratio
Added_lines,45.0,0.3654580271764958,6.0,17843.0,24.088365210503166 < Added_lines <= 251.74735011885954,0.3489743335365868
CountDeclClass,1.0,-0.11534037974346256,1.0,13.0,CountDeclClass <= 1.5005966587345618,0.11013804365389622
MINOR_COMMIT,0.0,-0.10738127892601088,0.0,5.0,MINOR_COMMIT <= 0.5004848706369127,0.10253793174835224
MAJOR_LINE,1.0,-0.052756457860383854,0.0,10.0,0.49445902988758095 < MAJOR_LINE <= 1.498903175727984,0.05037691978971683
MaxNesting_Mean,1.6,0.04812311902314685,0.0,5.0,0.7556304811597957 < MaxNesting_Mean <= 2.486347451800019,0.045952564015495224
