feature,value,importance,min,max,rule,importance_ratio
Added_lines,41.0,0.3691305705436806,6.0,17843.0,24.088365210503166 < Added_lines <= 251.74735011885954,0.26679428200494487
MAJOR_LINE,5.0,0.19300053504118997,0.0,10.0,2.503347321568387 < MAJOR_LINE <= 5.505000175998428,0.13949383573688948
MINOR_COMMIT,0.0,-0.11773725926550693,0.0,5.0,MINOR_COMMIT <= 0.5004848706369127,0.08509625064297921
CountDeclClass,1.0,-0.11147793305718427,1.0,13.0,CountDeclClass <= 1.5005966587345618,0.08057223509172168
CountDeclInstanceVariable,37.0,0.08878904981956368,0.0,1095.0,CountDeclInstanceVariable > 21.376447020001596,0.06417352743670585
