feature,value,importance,min,max,rule,importance_ratio
Added_lines,5.0,-0.3982390628976171,6.0,17843.0,Added_lines <= 6.5761356021680655,0.3549003803604887
CountDeclClass,1.0,-0.11348752557094903,1.0,13.0,CountDeclClass <= 1.5005966587345618,0.10113715540169199
CountLineComment,194.0,0.08078054541061176,15.0,3202.0,146.26265667216038 < CountLineComment <= 442.57727842975316,0.07198953835255568
CountClassCoupled,21.0,0.05469298213164303,0.0,126.0,20.500994623023644 < CountClassCoupled <= 42.45816087256249,0.048740974881612165
MINOR_COMMIT,0.0,-0.051568619217921816,0.0,5.0,MINOR_COMMIT <= 0.5004848706369127,0.045956623245195886
