feature,value,importance,min,max,rule,importance_ratio
Added_lines,2.0,-0.39774771345472565,6.0,17843.0,Added_lines <= 6.5761356021680655,0.35143721549515217
CountDeclClass,1.0,-0.11404550761172662,1.0,13.0,CountDeclClass <= 1.5005966587345618,0.10076697936657918
CountLineComment,205.0,0.08230564783705828,15.0,3202.0,146.26265667216038 < CountLineComment <= 442.57727842975316,0.07272264985295214
MaxInheritanceTree,4.0,0.07691063501925757,0.0,7.0,3.4981638542906017 < MaxInheritanceTree <= 4.503613651938005,0.0679557883019948
MINOR_COMMIT,0.0,-0.05499478146325095,0.0,5.0,MINOR_COMMIT <= 0.5004848706369127,0.048591637891110796
