feature,value,importance,min,max,rule,importance_ratio
Added_lines,12.0,0.23300174823609834,6.0,17843.0,6.5761356021680655 < Added_lines <= 24.088365210503166,0.20979209565812718
MAJOR_LINE,3.0,0.1866560829403044,0.0,10.0,2.503347321568387 < MAJOR_LINE <= 5.505000175998428,0.1680629913888211
CountDeclClass,1.0,-0.09174135950000673,1.0,13.0,CountDeclClass <= 1.5005966587345618,0.08260286548807198
MINOR_COMMIT,0.0,-0.07809681721329233,0.0,5.0,MINOR_COMMIT <= 0.5004848706369127,0.07031747646289957
OWN_LINE,0.476973684210526,0.07323016570298775,0.281553398058252,1.0,0.441750463982939 < OWN_LINE <= 0.571420709704031,0.06593559938723903
