feature,value,importance,min,max,rule,importance_ratio
Added_lines,123.0,0.36671530318988615,6.0,17843.0,24.088365210503166 < Added_lines <= 251.74735011885954,0.25573802370425897
MAJOR_LINE,4.0,0.1898271069671663,0.0,10.0,2.503347321568387 < MAJOR_LINE <= 5.505000175998428,0.1323806472187031
MINOR_COMMIT,0.0,-0.12789403192784798,0.0,5.0,MINOR_COMMIT <= 0.5004848706369127,0.08919007929118594
CountDeclClass,1.0,-0.10919010376500256,1.0,13.0,CountDeclClass <= 1.5005966587345618,0.07614643049260905
CountDeclInstanceVariable,47.0,0.09239840843862089,0.0,1095.0,CountDeclInstanceVariable > 21.376447020001596,0.0644363247510188
