feature,value,importance,min,max,rule,importance_ratio
Added_lines,0.0,-0.39577491581817603,6.0,17843.0,Added_lines <= 6.5761356021680655,0.3927856559958344
CountDeclClass,1.0,-0.1156918329481355,1.0,13.0,CountDeclClass <= 1.5005966587345618,0.1148180207529134
MINOR_COMMIT,0.0,-0.060215519191277676,0.0,5.0,MINOR_COMMIT <= 0.5004848706369127,0.05976071565268601
MaxInheritanceTree,1.0,-0.05404333401067812,0.0,7.0,0.49470484336951337 < MaxInheritanceTree <= 1.5001546410169164,0.053635148548268154
OWN_LINE,0.976539589442815,-0.05087185225793252,0.281553398058252,1.0,OWN_LINE > 0.9680591083803126,0.0504876207718911
