feature,value,importance,min,max,rule,importance_ratio
Added_lines,26.0,0.3704595261897165,6.0,17843.0,24.088365210503166 < Added_lines <= 251.74735011885954,0.27928021596789326
MAJOR_LINE,5.0,0.19565819387472294,0.0,10.0,2.503347321568387 < MAJOR_LINE <= 5.505000175998428,0.14750184238274122
CountDeclClass,1.0,-0.11371459640678275,1.0,13.0,CountDeclClass <= 1.5005966587345618,0.08572660384747227
MINOR_COMMIT,0.0,-0.11078356515606667,0.0,5.0,MINOR_COMMIT <= 0.5004848706369127,0.08351697234162885
CountDeclInstanceVariable,33.0,0.0872684064362539,0.0,1095.0,CountDeclInstanceVariable > 21.376447020001596,0.06578947948070724
