feature,value,importance,min,max,rule,importance_ratio
Added_lines,1.0,-0.399737124300973,6.0,17843.0,Added_lines <= 6.5761356021680655,0.31850843815934904
MAJOR_LINE,3.0,0.19330570486389648,0.0,10.0,2.503347321568387 < MAJOR_LINE <= 5.505000175998428,0.15402496891215534
CountDeclClass,1.0,-0.10950029343687684,1.0,13.0,CountDeclClass <= 1.5005966587345618,0.0872492578755592
CountLineComment,176.0,0.08187835298233824,15.0,3202.0,146.26265667216038 < CountLineComment <= 442.57727842975316,0.06524024100355733
MINOR_COMMIT,0.0,-0.07344866472549925,0.0,5.0,MINOR_COMMIT <= 0.5004848706369127,0.058523509737850726
