feature,value,importance,min,max,rule,importance_ratio
Added_lines,59.0,0.37016620553691393,6.0,17843.0,24.088365210503166 < Added_lines <= 251.74735011885954,0.2775431918444565
MAJOR_LINE,4.0,0.1902069741421497,0.0,10.0,2.503347321568387 < MAJOR_LINE <= 5.505000175998428,0.14261337184445871
CountDeclClass,1.0,-0.11350564103655866,1.0,13.0,CountDeclClass <= 1.5005966587345618,0.08510425164270186
MINOR_COMMIT,0.0,-0.10132483934339426,0.0,5.0,MINOR_COMMIT <= 0.5004848706369127,0.07597133099630839
CountLineComment,296.0,0.07543518410300144,15.0,3202.0,146.26265667216038 < CountLineComment <= 442.57727842975316,0.056559787090648884
