feature,value,importance,min,max,rule,importance_ratio
Added_lines,13.0,0.23471794316576272,6.0,17843.0,6.5761356021680655 < Added_lines <= 24.088365210503166,0.2243274144973565
MAJOR_LINE,5.0,0.19108333942540104,0.0,10.0,2.503347321568387 < MAJOR_LINE <= 5.505000175998428,0.18262443385740082
CountDeclClass,1.0,-0.09302743201942024,1.0,13.0,CountDeclClass <= 1.5005966587345618,0.08890927988197005
CountLineComment,195.0,0.07114708597310855,15.0,3202.0,146.26265667216038 < CountLineComment <= 442.57727842975316,0.0679975362347868
MINOR_COMMIT,0.0,-0.06219832502445954,0.0,5.0,MINOR_COMMIT <= 0.5004848706369127,0.059444920361071345
