feature,value,importance,min,max,rule,importance_ratio
Added_lines,32.0,0.3668106806196887,6.0,17843.0,24.088365210503166 < Added_lines <= 251.74735011885954,0.227939529874475
MAJOR_LINE,4.0,0.18555181080740382,0.0,10.0,2.503347321568387 < MAJOR_LINE <= 5.505000175998428,0.11530360144187955
CountLineComment,2812.0,0.13981351872318468,15.0,3202.0,CountLineComment > 1279.9881660055592,0.08688140616303593
MINOR_COMMIT,0.0,-0.13167063704297022,0.0,5.0,MINOR_COMMIT <= 0.5004848706369127,0.08182134461064083
CountDeclClass,1.0,-0.1124979283758227,1.0,13.0,CountDeclClass <= 1.5005966587345618,0.06990724714590278
