feature,value,importance,min,max,rule,importance_ratio
Added_lines,1.0,-0.39860571372703557,6.0,17843.0,Added_lines <= 6.5761356021680655,0.3063169749936375
MAJOR_LINE,3.0,0.19362512611118352,0.0,10.0,2.503347321568387 < MAJOR_LINE <= 5.505000175998428,0.14879531544737248
CountDeclClass,1.0,-0.11141677027311334,1.0,13.0,CountDeclClass <= 1.5005966587345618,0.0856205690443075
CountLineComment,289.0,0.08323800709216762,15.0,3202.0,146.26265667216038 < CountLineComment <= 442.57727842975316,0.06396600364447404
MINOR_COMMIT,0.0,-0.06956084995219233,0.0,5.0,MINOR_COMMIT <= 0.5004848706369127,0.05345550352530401
