feature,value,importance,min,max,rule,importance_ratio
Added_lines,108.0,0.36580403214911983,6.0,17843.0,24.088365210503166 < Added_lines <= 251.74735011885954,0.2314913470510995
MAJOR_LINE,7.0,0.1531524693002349,0.0,10.0,MAJOR_LINE > 5.505000175998428,0.09691930188473415
CountLineComment,1596.0,0.1490190304133961,15.0,3202.0,CountLineComment > 1279.9881660055592,0.09430354248414434
CountDeclClass,1.0,-0.11130818006959761,1.0,13.0,CountDeclClass <= 1.5005966587345618,0.07043902821610681
MINOR_COMMIT,0.0,-0.09977077462591866,0.0,5.0,MINOR_COMMIT <= 0.5004848706369127,0.06313782513220212
