feature,value,importance,min,max,rule,importance_ratio
Added_lines,89.0,0.3668847133406691,6.0,17843.0,24.088365210503166 < Added_lines <= 251.74735011885954,0.24870001506480732
MAJOR_LINE,5.0,0.18820078457035672,0.0,10.0,2.503347321568387 < MAJOR_LINE <= 5.505000175998428,0.12757560142440497
MINOR_COMMIT,0.0,-0.12735564497625773,0.0,5.0,MINOR_COMMIT <= 0.5004848706369127,0.086330527472191
CountDeclClass,2.0,0.09142808702527795,1.0,13.0,1.5005966587345618 < CountDeclClass <= 2.498717478387095,0.06197632606027857
CountDeclMethodPublic,71.0,0.0887128580810925,0.0,201.0,CountDeclMethodPublic > 61.45617024326406,0.06013575474517911
