feature,value,importance,min,max,rule,importance_ratio
Added_lines,10.0,0.23127925625675713,6.0,17843.0,6.5761356021680655 < Added_lines <= 24.088365210503166,0.31725930694198107
CountDeclClass,1.0,-0.09426624828495836,1.0,13.0,CountDeclClass <= 1.5005966587345618,0.12931053602881357
MINOR_COMMIT,0.0,-0.06499087085401438,0.0,5.0,MINOR_COMMIT <= 0.5004848706369127,0.08915178550129045
MaxInheritanceTree,1.0,-0.050105827347902386,0.0,7.0,0.49470484336951337 < MaxInheritanceTree <= 1.5001546410169164,0.06873309917817429
CountDeclMethodDefault,3.0,0.041833741443571236,0.0,98.0,0.5251436229312023 < CountDeclMethodDefault <= 6.516059405237756,0.057385794264416125
