feature,value,importance,min,max,rule,importance_ratio
Added_lines,1.0,-0.39891192243250806,6.0,17843.0,Added_lines <= 6.5761356021680655,0.3914868143142408
CountDeclClass,1.0,-0.1138694259916309,1.0,13.0,CountDeclClass <= 1.5005966587345618,0.111749928549195
CountLineComment,268.0,0.08206907995464643,15.0,3202.0,146.26265667216038 < CountLineComment <= 442.57727842975316,0.08054149514817059
MINOR_COMMIT,0.0,-0.0555903187505612,0.0,5.0,MINOR_COMMIT <= 0.5004848706369127,0.05455559378036007
MaxNesting_Mean,1.0,0.0489924813504007,0.0,5.0,0.7556304811597957 < MaxNesting_Mean <= 2.486347451800019,0.04808056458243179
