feature,value,importance,min,max,rule,importance_ratio
Added_lines,33.0,0.36883189699073726,6.0,17843.0,24.088365210503166 < Added_lines <= 251.74735011885954,0.3192781720709775
CountDeclClass,1.0,-0.11444211706112788,1.0,13.0,CountDeclClass <= 1.5005966587345618,0.09906645884297625
MINOR_COMMIT,0.0,-0.09413497417375372,0.0,5.0,MINOR_COMMIT <= 0.5004848706369127,0.0814876444455116
CountDeclClassVariable,12.0,0.0772635804943164,0.0,321.0,10.46165607230859 < CountDeclClassVariable <= 159.54725729738055,0.0668829755483531
MaxInheritanceTree,1.0,-0.05408462657412201,0.0,7.0,0.49470484336951337 < MaxInheritanceTree <= 1.5001546410169164,0.04681818695892441
