feature,value,importance,min,max,rule,importance_ratio
Added_lines,264.0,0.3367982628073767,6.0,17843.0,251.74735011885954 < Added_lines <= 987.2609936689339,0.3238590734934611
CountDeclClass,2.0,0.08885466932505319,1.0,13.0,1.5005966587345618 < CountDeclClass <= 2.498717478387095,0.08544103120756748
MaxInheritanceTree,4.0,0.07259271385631057,0.0,7.0,3.4981638542906017 < MaxInheritanceTree <= 4.503613651938005,0.0698038311003003
CountLineComment,250.0,0.06889181272190577,15.0,3202.0,146.26265667216038 < CountLineComment <= 442.57727842975316,0.06624511199501582
MAJOR_LINE,2.0,0.04962031697434531,0.0,10.0,1.498903175727984 < MAJOR_LINE <= 2.503347321568387,0.04771399278550959
