feature,value,importance,min,max,rule,importance_ratio
Added_lines,0.0,-0.399549974396017,6.0,17843.0,Added_lines <= 6.5761356021680655,0.3720913489069428
CountDeclClass,2.0,0.09445312317041901,1.0,13.0,1.5005966587345618 < CountDeclClass <= 2.498717478387095,0.08796193783288896
CountLineComment,166.0,0.08200834127653986,15.0,3202.0,146.26265667216038 < CountLineComment <= 442.57727842975316,0.07637240966749219
MINOR_COMMIT,0.0,-0.06755982119425248,0.0,5.0,MINOR_COMMIT <= 0.5004848706369127,0.0629168479814871
MaxInheritanceTree,3.0,0.06477964862350893,0.0,7.0,2.505604438664319 < MaxInheritanceTree <= 3.4981638542906017,0.060327739663795864
