feature,value,importance,min,max,rule,importance_ratio
Added_lines,103.0,0.3641913399812644,6.0,17843.0,24.088365210503166 < Added_lines <= 251.74735011885954,0.3694211288392555
CountDeclClass,2.0,0.1056518295155668,1.0,13.0,1.5005966587345618 < CountDeclClass <= 2.498717478387095,0.10716899014013109
MINOR_COMMIT,0.0,-0.09184657008511803,0.0,5.0,MINOR_COMMIT <= 0.5004848706369127,0.09316548713817194
MaxNesting_Mean,1.0,0.04839163860924575,0.0,5.0,0.7556304811597957 < MaxNesting_Mean <= 2.486347451800019,0.04908654270123098
MAJOR_LINE,2.0,0.04273377363200938,0.0,10.0,1.498903175727984 < MAJOR_LINE <= 2.503347321568387,0.04334743076403259
