feature,value,importance,min,max,rule,importance_ratio
Added_lines,848.0,0.33343813919353005,6.0,17843.0,251.74735011885954 < Added_lines <= 987.2609936689339,0.32105618003961134
CountDeclClass,2.0,0.09198689574432238,1.0,13.0,1.5005966587345618 < CountDeclClass <= 2.498717478387095,0.08857103579333786
MaxInheritanceTree,4.0,0.07170595552552607,0.0,7.0,3.4981638542906017 < MaxInheritanceTree <= 4.503613651938005,0.06904321210164181
CountLineComment,258.0,0.06417393995112702,15.0,3202.0,146.26265667216038 < CountLineComment <= 442.57727842975316,0.06179089191366273
MINOR_COMMIT,0.0,-0.0634395794873224,0.0,5.0,MINOR_COMMIT <= 0.5004848706369127,0.06108380133952662
