feature,value,importance,min,max,rule,importance_ratio
Added_lines,37.0,0.3670098353981684,6.0,17843.0,24.088365210503166 < Added_lines <= 251.74735011885954,0.2870601197692795
CountDeclClass,5.0,0.12337867663433277,1.0,13.0,CountDeclClass > 4.500762145713396,0.09650176718888968
MINOR_COMMIT,0.0,-0.09849744330277155,0.0,5.0,MINOR_COMMIT <= 0.5004848706369127,0.07704068159586583
MaxInheritanceTree,4.0,0.07875705143143528,0.0,7.0,3.4981638542906017 < MaxInheritanceTree <= 4.503613651938005,0.061600552454011824
CountDeclMethodPrivate,36.0,0.07675355167028979,0.0,151.0,CountDeclMethodPrivate > 29.521787640350414,0.060033496680783845
