feature,value,importance,min,max,rule,importance_ratio
Added_lines,3.0,-0.3976594068985682,6.0,17843.0,Added_lines <= 6.5761356021680655,0.33065545347254255
MAJOR_LINE,3.0,0.1860858074624412,0.0,10.0,2.503347321568387 < MAJOR_LINE <= 5.505000175998428,0.15473112413254791
CountDeclClass,2.0,0.09379341845982468,1.0,13.0,1.5005966587345618 < CountDeclClass <= 2.498717478387095,0.07798961818972863
MINOR_COMMIT,0.0,-0.08994824278374901,0.0,5.0,MINOR_COMMIT <= 0.5004848706369127,0.0747923385961927
MaxInheritanceTree,3.0,0.06415242945771266,0.0,7.0,2.505604438664319 < MaxInheritanceTree <= 3.4981638542906017,0.05334301235105939
