feature,value,importance,min,max,rule,importance_ratio
Added_lines,0.0,-0.39910707385294053,6.0,17843.0,Added_lines <= 6.5761356021680655,0.3633991528975957
CountDeclClass,1.0,-0.11332937357675696,1.0,13.0,CountDeclClass <= 1.5005966587345618,0.10318984817438663
CountLineComment,366.0,0.08062783459467505,15.0,3202.0,146.26265667216038 < CountLineComment <= 442.57727842975316,0.07341410040371425
CountDeclClassVariable,24.0,0.0632190646040395,0.0,321.0,10.46165607230859 < CountDeclClassVariable <= 159.54725729738055,0.057562884822611536
MINOR_COMMIT,0.0,-0.05498264807310572,0.0,5.0,MINOR_COMMIT <= 0.5004848706369127,0.050063376579477854
