feature,value,importance,min,max,rule,importance_ratio
Added_lines,124.0,0.3658253761269587,6.0,17843.0,24.088365210503166 < Added_lines <= 251.74735011885954,0.30430143461042175
CountDeclClass,1.0,-0.11944922523313019,1.0,13.0,CountDeclClass <= 1.5005966587345618,0.0993604407282294
CountDeclMethodPrivate,23.0,0.11077675341377688,0.0,151.0,15.520842865118082 < CountDeclMethodPrivate <= 29.521787640350414,0.09214649170099792
MINOR_COMMIT,0.0,-0.0832849146708992,0.0,5.0,MINOR_COMMIT <= 0.5004848706369127,0.06927818754422799
CountLineComment,218.0,0.07476961475229547,15.0,3202.0,146.26265667216038 < CountLineComment <= 442.57727842975316,0.0621949774924741
