feature,value,importance,min,max,rule,importance_ratio
Added_lines,0.0,-0.3962367657024015,6.0,17843.0,Added_lines <= 6.5761356021680655,0.3245040833938996
MAJOR_LINE,4.0,0.18958634281693645,0.0,10.0,2.503347321568387 < MAJOR_LINE <= 5.505000175998428,0.15526459865669834
CountDeclClass,1.0,-0.1119025778345166,1.0,13.0,CountDeclClass <= 1.5005966587345618,0.09164430611387919
MINOR_COMMIT,0.0,-0.07483824643747636,0.0,5.0,MINOR_COMMIT <= 0.5004848706369127,0.06128991215630864
CountDeclClassVariable,156.0,0.0631133133820579,0.0,321.0,10.46165607230859 < CountDeclClassVariable <= 159.54725729738055,0.05168760115606937
