feature,value,importance,min,max,rule,importance_ratio
Added_lines,58.0,0.3618426672849585,6.0,17843.0,24.088365210503166 < Added_lines <= 251.74735011885954,0.2800362667586936
OWN_LINE,0.313157894736842,0.28197359837066355,0.281553398058252,1.0,OWN_LINE <= 0.41251109484975157,0.21822421994819924
CountDeclClass,7.0,0.11476617656184415,1.0,13.0,CountDeclClass > 4.500762145713396,0.08881951892433414
MINOR_COMMIT,0.0,-0.11224976725046863,0.0,5.0,MINOR_COMMIT <= 0.5004848706369127,0.08687202645617957
MAJOR_LINE,0.0,-0.056849296353487386,0.0,10.0,MAJOR_LINE <= 0.49445902988758095,0.043996648704095476
