feature,value,importance,min,max,rule,importance_ratio
Added_lines,24.0,0.3631793766961338,6.0,17843.0,24.088365210503166 < Added_lines <= 251.74735011885954,0.3246198245736891
CountDeclClass,1.0,-0.11283840297730234,1.0,13.0,CountDeclClass <= 1.5005966587345618,0.10085810189138159
MINOR_COMMIT,0.0,-0.10246956028298793,0.0,5.0,MINOR_COMMIT <= 0.5004848706369127,0.09159014200037505
MaxInheritanceTree,4.0,0.07563773700911194,0.0,7.0,3.4981638542906017 < MaxInheritanceTree <= 4.503613651938005,0.06760711233774781
MAJOR_LINE,0.0,-0.05784085477358344,0.0,10.0,MAJOR_LINE <= 0.49445902988758095,0.05169976417879777
