feature,value,importance,min,max,rule,importance_ratio
Added_lines,73.0,0.36606735259895806,6.0,17843.0,24.088365210503166 < Added_lines <= 251.74735011885954,0.33981899059104737
MAJOR_LINE,3.0,0.19012027699511616,0.0,10.0,2.503347321568387 < MAJOR_LINE <= 5.505000175998428,0.176487960919448
MINOR_COMMIT,0.0,-0.12020411778550369,0.0,5.0,MINOR_COMMIT <= 0.5004848706369127,0.1115850448851895
CountDeclClass,1.0,-0.11205561926201259,1.0,13.0,CountDeclClass <= 1.5005966587345618,0.10402082337396679
CountDeclMethodDefault,0.0,-0.05141943686906971,0.0,98.0,CountDeclMethodDefault <= 0.5251436229312023,0.047732476030852386
