feature,value,importance,min,max,rule,importance_ratio
Added_lines,0.0,-0.39776442747399965,6.0,17843.0,Added_lines <= 6.5761356021680655,0.30996141115183323
MAJOR_LINE,3.0,0.18993711442575525,0.0,10.0,2.503347321568387 < MAJOR_LINE <= 5.505000175998428,0.14801015865442776
CountDeclClass,1.0,-0.11073002391766425,1.0,13.0,CountDeclClass <= 1.5005966587345618,0.08628734019368525
AvgEssential,10.0,0.09027914520130638,0.0,19.0,AvgEssential > 9.498950577761637,0.07035081397772133
MINOR_COMMIT,0.0,-0.0805502662391426,0.0,5.0,MINOR_COMMIT <= 0.5004848706369127,0.06276949990399164
