feature,value,importance,min,max,rule,importance_ratio
Added_lines,0.0,-0.3967159107471742,6.0,17843.0,Added_lines <= 6.5761356021680655,0.38648096137078314
CountDeclClass,1.0,-0.1106798120776274,1.0,13.0,CountDeclClass <= 1.5005966587345618,0.1078243625155731
MINOR_COMMIT,0.0,-0.07374467238246125,0.0,5.0,MINOR_COMMIT <= 0.5004848706369127,0.07184211952746863
MaxInheritanceTree,1.0,-0.05269833504143247,0.0,7.0,0.49470484336951337 < MaxInheritanceTree <= 1.5001546410169164,0.05133876065392349
MaxNesting_Mean,1.0625,0.04862965802471015,0.0,5.0,0.7556304811597957 < MaxNesting_Mean <= 2.486347451800019,0.04737505221085028
