feature,value,importance,min,max,rule,importance_ratio
Added_lines,1604.0,0.32145473724066115,6.0,17843.0,Added_lines > 987.2609936689339,0.3191570051595439
CountDeclMethodPrivate,50.0,0.09731658293616477,0.0,151.0,CountDeclMethodPrivate > 29.521787640350414,0.09662097198777261
CountDeclClass,3.0,0.07550074147890719,1.0,13.0,2.498717478387095 < CountDeclClass <= 3.5026413260608633,0.07496106837490081
CountLineComment,460.0,0.07171177790123395,15.0,3202.0,442.57727842975316 < CountLineComment <= 1279.9881660055592,0.07119918799793365
MINOR_COMMIT,0.0,-0.06667934505795016,0.0,5.0,MINOR_COMMIT <= 0.5004848706369127,0.06620272657161928
