feature,value,importance,min,max,rule,importance_ratio
Added_lines,164.0,0.35961431343893363,6.0,17843.0,24.088365210503166 < Added_lines <= 251.74735011885954,0.32928552929761584
CountDeclClass,1.0,-0.11468882225651222,1.0,13.0,CountDeclClass <= 1.5005966587345618,0.10501631367258907
MINOR_COMMIT,0.0,-0.09818046842674051,0.0,5.0,MINOR_COMMIT <= 0.5004848706369127,0.08990022450281861
MaxInheritanceTree,3.0,0.07194638960556023,0.0,7.0,2.505604438664319 < MaxInheritanceTree <= 3.4981638542906017,0.06587864858816961
MAJOR_LINE,0.0,-0.057194809008436036,0.0,10.0,MAJOR_LINE <= 0.49445902988758095,0.05237117170703781
