feature,value,importance,min,max,rule,importance_ratio
Added_lines,412.0,0.330148156318381,6.0,17843.0,251.74735011885954 < Added_lines <= 987.2609936689339,0.3475864272861556
CountDeclClass,1.0,-0.10047107262676341,1.0,13.0,CountDeclClass <= 1.5005966587345618,0.10577790761995617
CountLineComment,199.0,0.066672148910265,15.0,3202.0,146.26265667216038 < CountLineComment <= 442.57727842975316,0.07019374058494274
MINOR_COMMIT,0.0,-0.059680635502365915,0.0,5.0,MINOR_COMMIT <= 0.5004848706369127,0.06283293871382353
MaxInheritanceTree,5.0,0.058545697422821875,0.0,7.0,MaxInheritanceTree > 4.503613651938005,0.06163805373654898
