feature,value,importance,min,max,rule,importance_ratio
Added_lines,546.0,0.3320299805162602,6.0,17843.0,251.74735011885954 < Added_lines <= 987.2609936689339,0.36020953592936733
CountDeclClass,2.0,0.09361038729455085,1.0,13.0,1.5005966587345618 < CountDeclClass <= 2.498717478387095,0.10155514906548385
MaxInheritanceTree,4.0,0.07556000776989792,0.0,7.0,3.4981638542906017 < MaxInheritanceTree <= 4.503613651938005,0.08197282453619102
MINOR_COMMIT,0.0,-0.0583813372765199,0.0,5.0,MINOR_COMMIT <= 0.5004848706369127,0.06333619143251207
CountDeclMethodDefault,0.0,-0.05263038107823133,0.0,98.0,CountDeclMethodDefault <= 0.5251436229312023,0.05709714862043023
