feature,value,importance,min,max,rule,importance_ratio
Added_lines,407.0,0.3371434765116553,6.0,17843.0,251.74735011885954 < Added_lines <= 987.2609936689339,0.3469272428635143
CountDeclClass,1.0,-0.09791120146223199,1.0,13.0,CountDeclClass <= 1.5005966587345618,0.1007525446442145
MaxInheritanceTree,4.0,0.0747646310760219,0.0,7.0,3.4981638542906017 < MaxInheritanceTree <= 4.503613651938005,0.07693427021422852
MAJOR_LINE,0.0,-0.06038542347204416,0.0,10.0,MAJOR_LINE <= 0.49445902988758095,0.06213778386300108
MINOR_COMMIT,0.0,-0.05578678422966394,0.0,5.0,MINOR_COMMIT <= 0.5004848706369127,0.057405693983077884
