feature,value,importance,min,max,rule,importance_ratio
Added_lines,1576.0,0.3207389865400293,6.0,17843.0,Added_lines > 987.2609936689339,0.28949191781591255
CountDeclClass,2.0,0.08927212482966068,1.0,13.0,1.5005966587345618 < CountDeclClass <= 2.498717478387095,0.08057504609348341
MaxInheritanceTree,3.0,0.06934558572364571,0.0,7.0,2.505604438664319 < MaxInheritanceTree <= 3.4981638542906017,0.06258979246572052
CountLineComment,412.0,0.06778120382752942,15.0,3202.0,146.26265667216038 < CountLineComment <= 442.57727842975316,0.06117781595426304
MAJOR_LINE,0.0,-0.06318611388286782,0.0,10.0,MAJOR_LINE <= 0.49445902988758095,0.057030389366162
