feature,value,importance,min,max,rule,importance_ratio
Added_lines,742.0,0.3192092281006017,6.0,17843.0,251.74735011885954 < Added_lines <= 987.2609936689339,0.24481078215622132
MAJOR_LINE,3.0,0.17516387239786635,0.0,10.0,2.503347321568387 < MAJOR_LINE <= 5.505000175998428,0.13433823596640992
CountDeclClass,1.0,-0.09899477030525793,1.0,13.0,CountDeclClass <= 1.5005966587345618,0.07592195028950663
CountDeclMethodPrivate,21.0,0.09382193327467207,0.0,151.0,15.520842865118082 < CountDeclMethodPrivate <= 29.521787640350414,0.07195475207609758
MINOR_COMMIT,0.0,-0.08600967516267281,0.0,5.0,MINOR_COMMIT <= 0.5004848706369127,0.06596330555625551
