feature,value,importance,min,max,rule,importance_ratio
Added_lines,741.0,0.3399839548684932,6.0,17843.0,251.74735011885954 < Added_lines <= 987.2609936689339,0.3257715254571901
CountDeclClass,2.0,0.09900518707348512,1.0,13.0,1.5005966587345618 < CountDeclClass <= 2.498717478387095,0.09486644989931749
MaxInheritanceTree,4.0,0.07366138103533953,0.0,7.0,3.4981638542906017 < MaxInheritanceTree <= 4.503613651938005,0.07058209695939305
OWN_LINE,1.0,-0.06367791953921757,0.281553398058252,1.0,OWN_LINE > 0.9680591083803126,0.06101597645763942
MINOR_COMMIT,0.0,-0.06181438486374504,0.0,5.0,MINOR_COMMIT <= 0.5004848706369127,0.059230343561505014
