feature,value,importance,min,max,rule,importance_ratio
Added_lines,35.0,0.36388394737607016,6.0,17843.0,24.088365210503166 < Added_lines <= 251.74735011885954,0.359216092703891
MINOR_COMMIT,0.0,-0.11066996815521835,0.0,5.0,MINOR_COMMIT <= 0.5004848706369127,0.10925030858614874
MaxInheritanceTree,4.0,0.0776585265026186,0.0,7.0,3.4981638542906017 < MaxInheritanceTree <= 4.503613651938005,0.07666233329765934
CountDeclClass,4.0,0.0647338583883126,1.0,13.0,3.5026413260608633 < CountDeclClass <= 4.500762145713396,0.06390346109954793
MAJOR_LINE,0.0,-0.05848490261705825,0.0,10.0,MAJOR_LINE <= 0.49445902988758095,0.05773466609824079
