feature,value,importance,min,max,rule,importance_ratio
Added_lines,98.0,0.3665204094753434,6.0,17843.0,24.088365210503166 < Added_lines <= 251.74735011885954,0.30516557904907354
CountDeclClass,1.0,-0.115908603462334,1.0,13.0,CountDeclClass <= 1.5005966587345618,0.09650572022165142
MINOR_COMMIT,0.0,-0.11202766418093428,0.0,5.0,MINOR_COMMIT <= 0.5004848706369127,0.09327444291090642
AvgLineBlank,16.0,-0.08726516378571296,0.0,38.0,AvgLineBlank > 14.489587531491791,0.07265713872687031
MaxInheritanceTree,4.0,0.07665159312784144,0.0,7.0,3.4981638542906017 < MaxInheritanceTree <= 4.503613651938005,0.06382025992870476
