feature,value,importance,min,max,rule,importance_ratio
Added_lines,1019.0,0.32072227544829757,6.0,17843.0,Added_lines > 987.2609936689339,0.30798761546799247
CountDeclClass,1.0,-0.10193119006191013,1.0,13.0,CountDeclClass <= 1.5005966587345618,0.09788389074348305
MaxInheritanceTree,4.0,0.07095851383260562,0.0,7.0,3.4981638542906017 < MaxInheritanceTree <= 4.503613651938005,0.06814102151747743
CountLineComment,184.0,0.06902040948873411,15.0,3202.0,146.26265667216038 < CountLineComment <= 442.57727842975316,0.06627987191518431
OWN_LINE,0.993471164309032,-0.06134771673158099,0.281553398058252,1.0,OWN_LINE > 0.9680591083803126,0.05891183256340852
