feature,value,importance,min,max,rule,importance_ratio
Added_lines,40.0,0.36778236549724874,6.0,17843.0,24.088365210503166 < Added_lines <= 251.74735011885954,0.2437149682095274
MAJOR_LINE,3.0,0.1900449022209737,0.0,10.0,2.503347321568387 < MAJOR_LINE <= 5.505000175998428,0.12593531296843494
MINOR_COMMIT,0.0,-0.1251180346700004,0.0,5.0,MINOR_COMMIT <= 0.5004848706369127,0.08291082091663203
CountDeclClass,1.0,-0.11436587837543226,1.0,13.0,CountDeclClass <= 1.5005966587345618,0.07578578808377276
CountDeclMethodPrivate,16.0,0.10746304913248644,0.0,151.0,15.520842865118082 < CountDeclMethodPrivate <= 29.521787640350414,0.07121155351647424
