feature,value,importance,min,max,rule,importance_ratio
Added_lines,18.0,0.23074248777730139,6.0,17843.0,6.5761356021680655 < Added_lines <= 24.088365210503166,0.2664634425001625
CountDeclClass,1.0,-0.08994111376839163,1.0,13.0,CountDeclClass <= 1.5005966587345618,0.10386478462585937
MINOR_COMMIT,0.0,-0.06404240789920412,0.0,5.0,MINOR_COMMIT <= 0.5004848706369127,0.07395673262954325
MaxInheritanceTree,3.0,0.06051523247521275,0.0,7.0,2.505604438664319 < MaxInheritanceTree <= 3.4981638542906017,0.06988351960825603
MAJOR_LINE,0.0,-0.060321449871594116,0.0,10.0,MAJOR_LINE <= 0.49445902988758095,0.06965973776315994
