feature,value,importance,min,max,rule,importance_ratio
Added_lines,671.0,0.3367918260804444,6.0,17843.0,251.74735011885954 < Added_lines <= 987.2609936689339,0.35838769693103273
CountDeclClass,2.0,0.0905377568599773,1.0,13.0,1.5005966587345618 < CountDeclClass <= 2.498717478387095,0.09634324723367484
CountLineComment,151.0,0.06720869528679602,15.0,3202.0,146.26265667216038 < CountLineComment <= 442.57727842975316,0.07151827227487739
MaxInheritanceTree,5.0,0.056604132229904305,0.0,7.0,MaxInheritanceTree > 4.503613651938005,0.06023372010759424
MINOR_COMMIT,0.0,-0.05222561520317404,0.0,5.0,MINOR_COMMIT <= 0.5004848706369127,0.05557444244208356
