feature,value,importance,min,max,rule,importance_ratio
Added_lines,83.0,0.36435375535946113,6.0,17843.0,24.088365210503166 < Added_lines <= 251.74735011885954,0.3700283742261756
CountDeclClass,1.0,-0.11333092854600084,1.0,13.0,CountDeclClass <= 1.5005966587345618,0.11509599838774005
MINOR_COMMIT,0.0,-0.10143885276149765,0.0,5.0,MINOR_COMMIT <= 0.5004848706369127,0.10301870975276256
MaxInheritanceTree,5.0,0.06134302746200747,0.0,7.0,MaxInheritanceTree > 4.503613651938005,0.06229841297912358
MAJOR_LINE,0.0,-0.055887594972163154,0.0,10.0,MAJOR_LINE <= 0.49445902988758095,0.05675801498617249
