feature,value,importance,min,max,rule,importance_ratio
Added_lines,59.0,0.3631340861860646,6.0,17843.0,24.088365210503166 < Added_lines <= 251.74735011885954,0.36038809991325615
MINOR_COMMIT,0.0,-0.11183198171582327,0.0,5.0,MINOR_COMMIT <= 0.5004848706369127,0.11098631864442748
CountDeclClass,2.0,0.10240356103385409,1.0,13.0,1.5005966587345618 < CountDeclClass <= 2.498717478387095,0.1016291948050072
MaxInheritanceTree,3.0,0.0694199486764793,0.0,7.0,2.505604438664319 < MaxInheritanceTree <= 3.4981638542906017,0.06889500146448169
MAJOR_LINE,0.0,-0.057131117327102916,0.0,10.0,MAJOR_LINE <= 0.49445902988758095,0.056699097117768875
