feature,value,importance,min,max,rule,importance_ratio
Added_lines,224.0,0.3665705296632982,6.0,17843.0,24.088365210503166 < Added_lines <= 251.74735011885954,0.268538406416262
MAJOR_LINE,3.0,0.19589675955414063,0.0,10.0,2.503347321568387 < MAJOR_LINE <= 5.505000175998428,0.1435080001687478
CountDeclClass,1.0,-0.11511669071263331,1.0,13.0,CountDeclClass <= 1.5005966587345618,0.08433098182845918
MINOR_COMMIT,0.0,-0.09751384526548064,0.0,5.0,MINOR_COMMIT <= 0.5004848706369127,0.0714356733345876
CountLineComment,267.0,0.07695320737619091,15.0,3202.0,146.26265667216038 < CountLineComment <= 442.57727842975316,0.05637357617483197
