feature,value,importance,min,max,rule,importance_ratio
Added_lines,308.0,0.3107941143879963,6.0,17843.0,251.74735011885954 < Added_lines <= 987.2609936689339,0.23347082561055935
OWN_LINE,0.337057728119181,0.24739361753625264,0.281553398058252,1.0,OWN_LINE <= 0.41251109484975157,0.18584390586259658
MAJOR_LINE,4.0,0.17784952682629646,0.0,10.0,2.503347321568387 < MAJOR_LINE <= 5.505000175998428,0.13360187320261066
CountDeclClass,1.0,-0.10034083504658953,1.0,13.0,CountDeclClass <= 1.5005966587345618,0.07537677361397616
MINOR_COMMIT,0.0,-0.07446764496028282,0.0,5.0,MINOR_COMMIT <= 0.5004848706369127,0.05594064284128134
