feature,value,importance,min,max,rule,importance_ratio
Added_lines,10.0,0.23320707595524037,6.0,17843.0,6.5761356021680655 < Added_lines <= 24.088365210503166,0.1895504879889556
MAJOR_LINE,5.0,0.18834681496097305,0.0,10.0,2.503347321568387 < MAJOR_LINE <= 5.505000175998428,0.15308811081645796
CountDeclClass,1.0,-0.0910643213158103,1.0,13.0,CountDeclClass <= 1.5005966587345618,0.07401699315121925
MINOR_COMMIT,0.0,-0.08129581063494859,0.0,5.0,MINOR_COMMIT <= 0.5004848706369127,0.06607715702532894
CountDeclInstanceVariable,38.0,0.08026980318575443,0.0,1095.0,CountDeclInstanceVariable > 21.376447020001596,0.06524321915325346
