feature,value,importance,min,max,rule,importance_ratio
Added_lines,1.0,-0.39799387468233316,6.0,17843.0,Added_lines <= 6.5761356021680655,0.31656823501325493
OWN_LINE,0.43010752688172,0.21306957768332052,0.281553398058252,1.0,0.41251109484975157 < OWN_LINE <= 0.441750463982939,0.16947763378535866
CountDeclClass,1.0,-0.11154360725151156,1.0,13.0,CountDeclClass <= 1.5005966587345618,0.08872288022725736
CountLineComment,31.0,-0.06326166728935645,15.0,3202.0,21.724627237809756 < CountLineComment <= 32.460664258012386,0.050318951199367065
MaxInheritanceTree,1.0,-0.052886354659901776,0.0,7.0,0.49470484336951337 < MaxInheritanceTree <= 1.5001546410169164,0.042066325679844224
