feature,value,importance,min,max,rule,importance_ratio
Added_lines,55.0,0.36479861152685583,6.0,17843.0,24.088365210503166 < Added_lines <= 251.74735011885954,0.3243125600768853
CountDeclClass,1.0,-0.11971234552548067,1.0,13.0,CountDeclClass <= 1.5005966587345618,0.10642643920074002
MINOR_COMMIT,0.0,-0.09540805636736177,0.0,5.0,MINOR_COMMIT <= 0.5004848706369127,0.08481948679286838
CountLineComment,166.0,0.07655497906539142,15.0,3202.0,146.26265667216038 < CountLineComment <= 442.57727842975316,0.06805876026614667
OWN_LINE,0.981958762886598,-0.05624837123562401,0.281553398058252,1.0,OWN_LINE > 0.9680591083803126,0.05000581882488144
