feature,value,importance,min,max,rule,importance_ratio
Added_lines,51.0,0.3672701867372339,6.0,17843.0,24.088365210503166 < Added_lines <= 251.74735011885954,0.3145441339803335
MAJOR_LINE,3.0,0.19348516407325622,0.0,10.0,2.503347321568387 < MAJOR_LINE <= 5.505000175998428,0.16570804157051705
MINOR_COMMIT,0.0,-0.1170414791480425,0.0,5.0,MINOR_COMMIT <= 0.5004848706369127,0.10023876706534211
CountDeclClass,1.0,-0.11464283592830671,1.0,13.0,CountDeclClass <= 1.5005966587345618,0.09818447793018999
CountLineComment,346.0,0.07769353641016931,15.0,3202.0,146.26265667216038 < CountLineComment <= 442.57727842975316,0.06653969477650684
