feature,value,importance,min,max,rule,importance_ratio
Added_lines,0.0,-0.39860561691438806,6.0,17843.0,Added_lines <= 6.5761356021680655,0.3208297320059527
MAJOR_LINE,3.0,0.189824269906028,0.0,10.0,2.503347321568387 < MAJOR_LINE <= 5.505000175998428,0.15278577886988703
CountDeclClass,3.0,0.1048865477007602,1.0,13.0,2.498717478387095 < CountDeclClass <= 3.5026413260608633,0.08442109584494872
CountLineComment,440.0,0.08109104472260854,15.0,3202.0,146.26265667216038 < CountLineComment <= 442.57727842975316,0.06526856883711449
MINOR_COMMIT,0.0,-0.07405315823803914,0.0,5.0,MINOR_COMMIT <= 0.5004848706369127,0.05960391400306663
