feature,value,importance,min,max,rule,importance_ratio
Added_lines,13.0,0.2317494779131338,6.0,17843.0,6.5761356021680655 < Added_lines <= 24.088365210503166,0.1755829108820672
MAJOR_LINE,7.0,0.14109318151775885,0.0,10.0,MAJOR_LINE > 5.505000175998428,0.10689798199150984
CountDeclMethodPublic,83.0,0.1082278318976493,0.0,201.0,CountDeclMethodPublic > 61.45617024326406,0.08199784497537098
CountDeclClass,1.0,-0.08905840627228764,1.0,13.0,CountDeclClass <= 1.5005966587345618,0.06747430178749854
CountDeclInstanceVariable,42.0,0.08488187719562484,0.0,1095.0,CountDeclInstanceVariable > 21.376447020001596,0.06430999203686807
