feature,value,importance,min,max,rule,importance_ratio
Added_lines,0.0,-0.39676214650153335,6.0,17843.0,Added_lines <= 6.5761356021680655,0.3175937500355034
CountDeclClass,1.0,-0.11511511177219574,1.0,13.0,CountDeclClass <= 1.5005966587345618,0.09214548402829169
CountDeclMethodPrivate,19.0,0.08209718589905673,0.0,151.0,15.520842865118082 < CountDeclMethodPrivate <= 29.521787640350414,0.06571582840487156
CountLineComment,1108.0,0.07383229098593726,15.0,3202.0,442.57727842975316 < CountLineComment <= 1279.9881660055592,0.05910007891301114
CountDeclClassVariable,14.0,0.06873986011707381,0.0,321.0,10.46165607230859 < CountDeclClassVariable <= 159.54725729738055,0.0550237721617252
