feature,value,importance,min,max,rule,importance_ratio
Added_lines,21.0,0.23132452197448786,6.0,17843.0,6.5761356021680655 < Added_lines <= 24.088365210503166,0.2653684249851382
CountDeclClass,1.0,-0.09487482824964726,1.0,13.0,CountDeclClass <= 1.5005966587345618,0.10883750468150136
AvgEssential,4.0,0.0594516161615164,0.0,19.0,3.4969555899249736 < AvgEssential <= 6.497953083843305,0.06820107790103873
MINOR_COMMIT,0.0,-0.057482873554781606,0.0,5.0,MINOR_COMMIT <= 0.5004848706369127,0.06594259652478426
MaxInheritanceTree,1.0,-0.05019773404205495,0.0,7.0,0.49470484336951337 < MaxInheritanceTree <= 1.5001546410169164,0.0575853070260839
