feature,value,importance,min,max,rule,importance_ratio
Added_lines,0.0,-0.3972457190650357,6.0,17843.0,Added_lines <= 6.5761356021680655,0.3228939827208632
AvgEssential,8.0,0.1399921086499987,0.0,19.0,6.497953083843305 < AvgEssential <= 9.498950577761637,0.11379004817944802
CountDeclClass,1.0,-0.11284306969340645,1.0,13.0,CountDeclClass <= 1.5005966587345618,0.09172244393598289
CountDeclClassVariable,18.0,0.07103173505314823,0.0,321.0,10.46165607230859 < CountDeclClassVariable <= 159.54725729738055,0.057736858398036564
MINOR_COMMIT,0.0,-0.06582205477153266,0.0,5.0,MINOR_COMMIT <= 0.5004848706369127,0.05350226420582627
