feature,value,importance,min,max,rule,importance_ratio
Added_lines,0.0,-0.3976215984293813,6.0,17843.0,Added_lines <= 6.5761356021680655,0.32380317353660365
OWN_LINE,0.407643312101911,0.27187708464918303,0.281553398058252,1.0,OWN_LINE <= 0.41251109484975157,0.22140312087931133
CountDeclClass,1.0,-0.11222705443727234,1.0,13.0,CountDeclClass <= 1.5005966587345618,0.09139210879639365
MINOR_COMMIT,0.0,-0.05712196953900122,0.0,5.0,MINOR_COMMIT <= 0.5004848706369127,0.046517279464824625
MaxInheritanceTree,1.0,-0.05284217817783965,0.0,7.0,0.49470484336951337 < MaxInheritanceTree <= 1.5001546410169164,0.043032031102329595
