feature,value,importance,min,max,rule,importance_ratio
Added_lines,6.0,-0.39700934558913364,6.0,17843.0,Added_lines <= 6.5761356021680655,0.3508089858382724
CountDeclClass,1.0,-0.1142936959398792,1.0,13.0,CountDeclClass <= 1.5005966587345618,0.10099322851173285
CountLineComment,230.0,0.0807353649612476,15.0,3202.0,146.26265667216038 < CountLineComment <= 442.57727842975316,0.0713401128160074
CountDeclClassVariable,19.0,0.06824021828704391,0.0,321.0,10.46165607230859 < CountDeclClassVariable <= 159.54725729738055,0.060299038389476735
CountClassCoupled,27.0,0.056046827750424785,0.0,126.0,20.500994623023644 < CountClassCoupled <= 42.45816087256249,0.04952460444829643
