feature,value,importance,min,max,rule,importance_ratio
Added_lines,109.0,0.36829103104997973,6.0,17843.0,24.088365210503166 < Added_lines <= 251.74735011885954,0.28868682278339775
MAJOR_LINE,4.0,0.19330288518694955,0.0,10.0,2.503347321568387 < MAJOR_LINE <= 5.505000175998428,0.1515214627963921
MINOR_COMMIT,0.0,-0.11590154398720158,0.0,5.0,MINOR_COMMIT <= 0.5004848706369127,0.0908500225866613
CountDeclClass,1.0,-0.11082996146351186,1.0,13.0,CountDeclClass <= 1.5005966587345618,0.08687463648759254
CountLineComment,357.0,0.0760104682774168,15.0,3202.0,146.26265667216038 < CountLineComment <= 442.57727842975316,0.059581197301293624
