feature,value,importance,min,max,rule,importance_ratio
Added_lines,59.0,0.3639705733359044,6.0,17843.0,24.088365210503166 < Added_lines <= 251.74735011885954,0.38208460183127363
CountDeclClass,1.0,-0.11817133956866828,1.0,13.0,CountDeclClass <= 1.5005966587345618,0.12405247164114303
MINOR_COMMIT,0.0,-0.10419507391804789,0.0,5.0,MINOR_COMMIT <= 0.5004848706369127,0.10938063746712846
MaxNesting_Mean,0.833333333333333,0.04747662680956318,0.0,5.0,0.7556304811597957 < MaxNesting_Mean <= 2.486347451800019,0.049839435876819174
MAJOR_LINE,2.0,0.04365036304488349,0.0,10.0,1.498903175727984 < MAJOR_LINE <= 2.503347321568387,0.04582274723732346
