feature,value,importance,min,max,rule,importance_ratio
Added_lines,36.0,0.36537592775289107,6.0,17843.0,24.088365210503166 < Added_lines <= 251.74735011885954,0.31385478072270473
CountDeclClass,1.0,-0.11462965328065822,1.0,13.0,CountDeclClass <= 1.5005966587345618,0.09846588667180191
MINOR_COMMIT,0.0,-0.09329961425064347,0.0,5.0,MINOR_COMMIT <= 0.5004848706369127,0.08014356652404543
CountLineComment,285.0,0.07496621534921442,15.0,3202.0,146.26265667216038 < CountLineComment <= 442.57727842975316,0.0643953344839713
CountDeclMethodDefault,7.0,0.06612244394176585,0.0,98.0,6.516059405237756 < CountDeclMethodDefault <= 19.504767571919192,0.05679861087681644
