feature,value,importance,min,max,rule,importance_ratio
Added_lines,291.0,0.3329896192413283,6.0,17843.0,251.74735011885954 < Added_lines <= 987.2609936689339,0.2987223700392171
CountLineComment,1310.0,0.1483648150232479,15.0,3202.0,CountLineComment > 1279.9881660055592,0.13309690937258498
MaxInheritanceTree,3.0,0.06970871892795817,0.0,7.0,2.505604438664319 < MaxInheritanceTree <= 3.4981638542906017,0.06253514382220365
CountDeclClass,3.0,0.06968332764238647,1.0,13.0,2.498717478387095 < CountDeclClass <= 3.5026413260608633,0.06251236549949916
MINOR_COMMIT,0.0,-0.05868133494869519,0.0,5.0,MINOR_COMMIT <= 0.5004848706369127,0.0526425643324191
