feature,value,importance,min,max,rule,importance_ratio
Added_lines,57.0,0.36572437381048634,6.0,17843.0,24.088365210503166 < Added_lines <= 251.74735011885954,0.28551653715235453
MAJOR_LINE,5.0,0.19289056582545724,0.0,10.0,2.503347321568387 < MAJOR_LINE <= 5.505000175998428,0.15058730111431184
CountDeclClass,1.0,-0.11541435067878747,1.0,13.0,CountDeclClass <= 1.5005966587345618,0.0901025693206069
MINOR_COMMIT,0.0,-0.10948772287555376,0.0,5.0,MINOR_COMMIT <= 0.5004848706369127,0.08547572361781816
CountLineComment,912.0,0.06827512676067554,15.0,3202.0,442.57727842975316 < CountLineComment <= 1279.9881660055592,0.05330155483825507
