feature,value,importance,min,max,rule,importance_ratio
CountLineComment,244.0,0.10874485332891053,16.0,1556.0,187.1390928888634 < CountLineComment <= 322.38930839430543,0.16995258627513424
Del_lines,30.0,0.09857051921458165,0.0,2007.0,6.090561726614824 < Del_lines <= 241.53603756884223,0.1540515634365866
CountDeclMethodProtected,5.0,0.07019588035054822,0.0,39.0,4.491754108209623 < CountDeclMethodProtected <= 5.508559335514258,0.1097060784601186
OWN_COMMIT,0.4,0.042950820721680424,0.153846153846154,1.0,0.38587346777833764 < OWN_COMMIT <= 0.4931629198696953,0.06712596358202608
CountDeclMethodPrivate,3.0,0.042040615955031405,0.0,35.0,2.4953503831008073 < CountDeclMethodPrivate <= 4.502601140234902,0.06570344426826992
