feature,value,importance,min,max,rule,importance_ratio
CountLineComment,71.0,0.13889033595161226,16.0,1556.0,68.36166004113547 < CountLineComment <= 71.82961428486475,0.20722705136720201
CountInput_Min,4.0,0.08011880357864022,0.0,28.0,3.506553024183681 < CountInput_Min <= 4.502574096064791,0.11953879520065282
Del_lines,62.0,0.0776095883516997,0.0,2007.0,6.090561726614824 < Del_lines <= 241.53603756884223,0.11579499784310504
MINOR_LINE,6.0,0.06838473267140321,1.0,6.0,MINOR_LINE > 5.501138614359887,0.10203133582286328
CountInput_Mean,6.0,0.058275268875376304,0.0,51.25,5.280496786150023 < CountInput_Mean <= 17.761528446668198,0.08694782148761107
