feature,value,importance,min,max,rule,importance_ratio
OWN_COMMIT,0.461538461538462,0.11139369865077696,0.153846153846154,1.0,0.38587346777833764 < OWN_COMMIT <= 0.4931629198696953,0.18493643821502131
Del_lines,49.0,0.07940808265133133,0.0,2007.0,6.090561726614824 < Del_lines <= 241.53603756884223,0.13183374058761277
CountClassCoupled,10.0,0.04793576984819842,0.0,53.0,7.509972254287172 < CountClassCoupled <= 11.49383801896868,0.07958323178237511
CountLineComment,107.0,0.04631661950107405,16.0,1556.0,71.82961428486475 < CountLineComment <= 180.20318440140485,0.07689510936828281
RatioCommentToCode,1.57,0.041541535489605944,0.17,15.6,1.526311737311849 < RatioCommentToCode <= 1.6768977883829932,0.06896748832728555
