feature,value,importance,min,max,rule,importance_ratio
MAJOR_LINE,8.0,0.2240891277348243,0.0,6.0,MAJOR_LINE > 5.501529053517293,0.2667595671890431
Del_lines,242.0,0.17698427121277074,0.0,2007.0,241.53603756884223 < Del_lines <= 266.42051875541904,0.21068513258642121
CountInput_Mean,8.31481481481481,0.058588969494993,0.0,51.25,5.280496786150023 < CountInput_Mean <= 17.761528446668198,0.06974532099134745
MINOR_COMMIT,3.0,0.058150698167623666,0.0,5.0,2.4994820872250076 < MINOR_COMMIT <= 4.499426426243896,0.06922359523525114
CountClassCoupled,37.0,0.05610822962036042,0.0,53.0,CountClassCoupled > 27.984016563916185,0.06679220540758435
