feature,value,importance,min,max,rule,importance_ratio
MAJOR_LINE,7.0,0.13280843759795063,0.0,6.0,MAJOR_LINE > 5.501529053517293,0.19627219437082988
CountClassCoupled,30.0,0.10127731856455897,0.0,53.0,CountClassCoupled > 27.984016563916185,0.1496736345535196
Del_lines,470.0,0.08752329043086807,0.0,2007.0,Del_lines > 266.42051875541904,0.12934711515412792
CountInput_Mean,5.75,0.06786206709927142,0.0,51.25,5.280496786150023 < CountInput_Mean <= 17.761528446668198,0.10029059196100377
MINOR_COMMIT,4.0,0.05064680569363622,0.0,5.0,2.4994820872250076 < MINOR_COMMIT <= 4.499426426243896,0.07484885652714293
