feature,value,importance,left,right,rec,rule,min,max
CountDeclInstanceVariable,0.0,-0.008144179087681109,0.5126089951205914,68.0,1,CountDeclInstanceVariable <= 0.5126089951205914,0.0,68.0
CountClassCoupled,6.0,0.005708105624104786,0.0,5.493397659474962,-1,5.493397659474962 < CountClassCoupled <= 9.4837322829943,0.0,70.0
PercentLackOfCohesion,75.0,0.004966189995184338,0.0,66.63065265359873,-1,66.63065265359873 < PercentLackOfCohesion <= 89.61016607129046,0.0,100.0
CountDeclMethodPublic,1.0,-0.0004542891032249319,1.460172708443988,143.0,1,0.47643797067592963 < CountDeclMethodPublic <= 1.460172708443988,0.0,143.0
