feature,value,importance,left,right,rec,rule,min,max
CountDeclMethodPublic,25.0,0.019104548331742518,0.0,19.495309567525048,-1,19.495309567525048 < CountDeclMethodPublic <= 71.96116224848815,0.0,143.0
CountClassCoupled,25.0,0.018385310881238237,0.0,9.4837322829943,-1,9.4837322829943 < CountClassCoupled <= 27.470932970550695,0.0,70.0
MAJOR_LINE,0.0,0.01041317924344005,0.0,0.0,-1,MAJOR_LINE <= 0.49715873773201025,0.0,4.0
CountDeclInstanceVariable,12.0,0.009590028052339874,0.0,10.490012821429584,-1,10.490012821429584 < CountDeclInstanceVariable <= 21.475771289759166,0.0,68.0
