feature,value,importance,left,right,rec,rule,min,max
CountDeclInstanceVariable,33.0,0.1514122497197898,0.0,21.475771289759166,-1,CountDeclInstanceVariable > 21.475771289759166,0.0,68.0
CountClassCoupled,16.0,0.020039352326675648,0.0,9.4837322829943,-1,9.4837322829943 < CountClassCoupled <= 27.470932970550695,0.0,70.0
CountDeclMethodPublic,50.0,0.01972218015186977,0.0,19.495309567525048,-1,19.495309567525048 < CountDeclMethodPublic <= 71.96116224848815,0.0,143.0
MAJOR_LINE,2.0,0.004895707567034803,0.0,1.49744594202223,-1,1.49744594202223 < MAJOR_LINE <= 2.4977331463124495,0.0,4.0
