feature,value,importance,min,max,rule,importance_ratio
Del_lines,0.0,-0.2667996095434133,0.0,199.0,Del_lines <= 0.46980096366411606,0.2908591040520785
CountClassBase,4.0,0.18491071946583948,0.0,9.0,3.4992238937748814 < CountClassBase <= 7.500128201020353,0.20158562557681628
MaxNesting_Min,0.0,0.04397985294712564,0.0,3.0,MaxNesting_Min <= 0.501000195972367,0.04794587460766744
CountClassCoupled,3.0,-0.039227528024993054,0.0,71.0,1.5280753191994587 < CountClassCoupled <= 4.51975229781698,0.04276499382833883
CountInput_Mean,1.3,0.038172459464584786,0.0,53.0,0.4907821800349863 < CountInput_Mean <= 3.058906243303005,0.041614781139800654
