feature,value,importance,min,max,rule,importance_ratio
Del_lines,6.0,0.43034579464332634,0.0,199.0,2.5289990112893617 < Del_lines <= 26.52313278361831,0.5549116349615566
RatioCommentToCode,0.13,0.05039916481881304,0.0,8.67,0.04589779381846659 < RatioCommentToCode <= 0.2189207198053974,0.06498746658715192
MAJOR_LINE,3.0,0.04435959473012703,0.0,4.0,MAJOR_LINE > 2.4984912888350683,0.057199711358463426
OWN_LINE,0.741992882562278,0.03892822164939078,0.303571428571429,1.0,0.5955472712676014 < OWN_LINE <= 0.7450487944368737,0.05019619894162778
MaxNesting_Min,0.0,-0.031742484593346,0.0,3.0,MaxNesting_Min <= 0.501000195972367,0.0409305127241559
