feature,value,importance,min,max,rule,importance_ratio
CountDeclInstanceVariable,74.0,0.17560125056417972,0.0,146.0,CountDeclInstanceVariable > 21.48866785028532,0.20226878469856416
CountLineComment,419.0,0.14390759816097132,0.0,1043.0,115.41967126776413 < CountLineComment <= 699.3640439784572,0.16576200280686745
Del_lines,378.0,0.1195299498656143,0.0,199.0,Del_lines > 26.52313278361831,0.13768226374653122
CountClassCoupled,65.0,0.10257569437933946,0.0,71.0,CountClassCoupled > 29.979533932174256,0.11815326471229934
MAJOR_LINE,5.0,0.047998738325883604,0.0,4.0,MAJOR_LINE > 2.4984912888350683,0.05528802578027484
