feature,value,importance,min,max,rule,importance_ratio
Del_lines,13.0,0.4155441594344885,0.0,199.0,2.5289990112893617 < Del_lines <= 26.52313278361831,0.43661780606411094
CountLineComment,140.0,0.17674052486973413,0.0,1043.0,115.41967126776413 < CountLineComment <= 699.3640439784572,0.1857036333184427
CountDeclMethodPrivate,3.0,0.0634870123090186,0.0,45.0,2.5013623156651215 < CountDeclMethodPrivate <= 3.506738395921374,0.0667066529479136
CountClassCoupled,10.0,0.05662695362814153,0.0,71.0,5.496626413283925 < CountClassCoupled <= 11.47998037051897,0.059498697541220405
MaxNesting_Min,0.0,0.031043219869125574,0.0,3.0,MaxNesting_Min <= 0.501000195972367,0.032617526307839366
