feature,value,importance,min,max,rule,importance_ratio
Del_lines,3.0,0.44224671560537115,0.0,199.0,2.5289990112893617 < Del_lines <= 26.52313278361831,0.6410138274989503
RatioCommentToCode,0.51,0.0339765917531838,0.0,8.67,0.4908138892134313 < RatioCommentToCode <= 0.5526077913516209,0.04924731910165735
OWN_LINE,0.734375,0.02976726700698807,0.303571428571429,1.0,0.5955472712676014 < OWN_LINE <= 0.7450487944368737,0.043146119767589974
AvgEssential,1.0,-0.02870427253100176,0.0,4.0,0.5014991464925511 < AvgEssential <= 1.4996372156384044,0.04160536404545986
MaxNesting_Min,0.0,-0.020841965180851182,0.0,3.0,MaxNesting_Min <= 0.501000195972367,0.030209354646963057
