feature,value,importance,min,max,rule,importance_ratio
CountClassCoupled,40.0,0.1974075771887704,0.0,71.0,CountClassCoupled > 29.979533932174256,0.265128478787923
Del_lines,37.0,0.13587133530832873,0.0,199.0,Del_lines > 26.52313278361831,0.18248215673471227
CountDeclInstanceVariable,16.0,0.08372343974752218,0.0,146.0,15.513666320810996 < CountDeclInstanceVariable <= 21.48866785028532,0.11244486425121678
RatioCommentToCode,0.05,0.058497690377986626,0.0,8.67,0.04589779381846659 < RatioCommentToCode <= 0.2189207198053974,0.07856539188306685
CountLineComment,24.0,-0.049046884078864546,0.0,1043.0,CountLineComment <= 28.48796808168277,0.06587247536441919
