feature,value,importance,min,max,rule,importance_ratio
Del_lines,13.0,0.39263199547941174,0.0,199.0,2.5289990112893617 < Del_lines <= 26.52313278361831,0.4734575917274328
CountLineComment,83.0,0.13216933910836298,0.0,1043.0,62.623453625955555 < CountLineComment <= 100.40005762828412,0.15937717179172994
CountClassCoupled,28.0,0.0756821708649172,0.0,71.0,13.494783233669544 < CountClassCoupled <= 29.979533932174256,0.09126178907212033
MaxNesting_Min,0.0,-0.03643472004166735,0.0,3.0,MaxNesting_Min <= 0.501000195972367,0.043935020591299716
AvgEssential,1.0,-0.02862524574384655,0.0,4.0,0.5014991464925511 < AvgEssential <= 1.4996372156384044,0.03451792026255842
