feature,value,importance,min,max,rule,importance_ratio
Del_lines,17.0,0.3937713834666279,0.0,199.0,2.5289990112893617 < Del_lines <= 26.52313278361831,0.4643687570407715
CountLineComment,182.0,0.1730938249767001,0.0,1043.0,115.41967126776413 < CountLineComment <= 699.3640439784572,0.20412698263705906
MaxNesting_Min,0.0,-0.030895345670013206,0.0,3.0,MaxNesting_Min <= 0.501000195972367,0.036434423296138045
AvgEssential,1.0,-0.02976026417684906,0.0,4.0,0.5014991464925511 < AvgEssential <= 1.4996372156384044,0.035095838512550576
CountClassCoupled,9.0,0.027897184327253955,0.0,71.0,5.496626413283925 < CountClassCoupled <= 11.47998037051897,0.032898736055770574
