feature,value,importance,min,max,rule,importance_ratio
Del_lines,11.0,0.4250445767805,0.0,199.0,2.5289990112893617 < Del_lines <= 26.52313278361831,0.6221551873126622
CountLineComment,19.0,-0.05792247268447738,0.0,1043.0,CountLineComment <= 28.48796808168277,0.08478349992272355
RatioCommentToCode,0.18,0.05398207669354693,0.0,8.67,0.04589779381846659 < RatioCommentToCode <= 0.2189207198053974,0.07901578062986121
AvgEssential,1.0,-0.020197987639102577,0.0,4.0,0.5014991464925511 < AvgEssential <= 1.4996372156384044,0.029564623264053864
CountClassCoupled,3.0,-0.017980396174562284,0.0,71.0,1.5280753191994587 < CountClassCoupled <= 4.51975229781698,0.02631864364597602
