feature,value,importance,min,max,rule,importance_ratio
Del_lines,92.0,0.18138437945436814,0.0,199.0,Del_lines > 26.52313278361831,0.30079360576468667
CountDeclMethodProtected,3.0,0.06524330516497157,0.0,40.0,2.491676964726261 < CountDeclMethodProtected <= 4.5160429031569755,0.10819437192779167
CountDeclClassMethod,2.0,0.04473002030903122,0.0,173.0,1.4973524029233347 < CountDeclClassMethod <= 3.513483336520013,0.07417675179722952
CountClassCoupled,11.0,0.04259983535320843,0.0,71.0,5.496626413283925 < CountClassCoupled <= 11.47998037051897,0.07064422040872138
CountDeclMethodDefault,0.0,0.040108264203127526,0.0,45.0,CountDeclMethodDefault <= 9.512909076575847,0.0665123945452895
