feature,value,importance,min,max,rule,importance_ratio
Del_lines,91.0,0.10217426461108667,0.0,199.0,Del_lines > 26.52313278361831,0.15742806464229128
RatioCommentToCode,0.11,0.092015893839988,0.0,8.67,0.04589779381846659 < RatioCommentToCode <= 0.2189207198053974,0.14177625000481792
CountLineComment,22.0,-0.05435412600580384,0.0,1043.0,CountLineComment <= 28.48796808168277,0.0837477509134766
CountDeclMethodProtected,4.0,0.05240746387058628,0.0,40.0,2.491676964726261 < CountDeclMethodProtected <= 4.5160429031569755,0.08074837280563085
CountOutput_Min,1.0,0.03219526447696076,0.0,40.0,0.49992962447148903 < CountOutput_Min <= 30.005961073552605,0.04960581998360357
