feature,value,importance,min,max,rule,importance_ratio
Del_lines,11.0,0.39420849717732664,0.0,199.0,2.5289990112893617 < Del_lines <= 26.52313278361831,0.6367225989895628
AvgCyclomaticModified,4.0,0.02784443698319293,0.0,14.0,3.4967344902456263 < AvgCyclomaticModified <= 6.501350435942459,0.04497412514008949
CountLineComment,29.0,0.023225345046837403,0.0,1043.0,28.48796808168277 < CountLineComment <= 59.43747497515676,0.0375134025941596
AvgEssential,2.0,0.022387297912794094,0.0,4.0,1.4996372156384044 < AvgEssential <= 2.500984731951929,0.0361597951679255
CountClassCoupled,2.0,-0.017334735512523746,0.0,71.0,1.5280753191994587 < CountClassCoupled <= 4.51975229781698,0.027998934389701483
