feature,value,importance,min,max,rule,importance_ratio
Del_lines,1.0,0.33529962492723525,0.0,199.0,0.46980096366411606 < Del_lines <= 1.5441651624251138,0.3742414083628453
RatioCommentToCode,0.17,0.07395867012350735,0.0,8.67,0.04589779381846659 < RatioCommentToCode <= 0.2189207198053974,0.0825482488197566
CountDeclInstanceVariable,10.0,0.07306467047130707,0.0,146.0,8.510707538953993 < CountDeclInstanceVariable <= 10.502374715445432,0.08155041982132592
OWN_LINE,0.44578313253012,0.045266692902213614,0.303571428571429,1.0,OWN_LINE <= 0.47395269908992665,0.05052397809072766
CountDeclMethodDefault,0.0,0.04239439648328922,0.0,45.0,CountDeclMethodDefault <= 9.512909076575847,0.04731809243759847
