feature,value,importance,min,max,rule,importance_ratio
Del_lines,0.0,-0.284577184804176,0.0,199.0,Del_lines <= 0.46980096366411606,0.2193707087493078
CountDeclMethodPrivate,3.0,0.15906648323545025,0.0,45.0,2.5013623156651215 < CountDeclMethodPrivate <= 3.506738395921374,0.12261885010083408
CountClassCoupled,26.0,0.13282285984798514,0.0,71.0,13.494783233669544 < CountClassCoupled <= 29.979533932174256,0.10238854855146809
CountDeclMethodDefault,0.0,-0.1089603258144548,0.0,45.0,CountDeclMethodDefault <= 9.512909076575847,0.0839937464274251
OWN_LINE,0.586538461538462,0.10093455779645462,0.303571428571429,1.0,0.5796004421295458 < OWN_LINE <= 0.5955472712676014,0.077806959459321
