feature,value,importance,min,max,rule,importance_ratio
CountDeclInstanceVariable,38.0,0.2657228476801736,0.0,146.0,CountDeclInstanceVariable > 21.48866785028532,0.24892555199186012
CountLineComment,173.0,0.15550758023319738,0.0,1043.0,115.41967126776413 < CountLineComment <= 699.3640439784572,0.14567738749758774
Del_lines,162.0,0.14534612472065664,0.0,199.0,Del_lines > 26.52313278361831,0.13615827408832457
CountClassCoupled,71.0,0.1432618634743548,0.0,71.0,CountClassCoupled > 29.979533932174256,0.13420576648214613
RatioCommentToCode,0.16,0.04882955655406543,0.0,8.67,0.04589779381846659 < RatioCommentToCode <= 0.2189207198053974,0.045742864886681715
