feature,value,importance,min,max,rule,importance_ratio
Del_lines,55.0,0.17643650506110314,0.0,199.0,Del_lines > 26.52313278361831,0.2768751596602412
CountClassCoupled,15.0,0.13748259513671685,0.0,71.0,13.494783233669544 < CountClassCoupled <= 29.979533932174256,0.21574625651193896
CountDeclInstanceVariable,10.0,0.047573958710825356,0.0,146.0,8.510707538953993 < CountDeclInstanceVariable <= 10.502374715445432,0.07465602092473876
MaxNesting_Min,0.0,0.029390527816103438,0.0,3.0,MaxNesting_Min <= 0.501000195972367,0.046121447932581945
AvgLineComment,0.0,0.026122808785545234,0.0,17.0,AvgLineComment <= 0.4988434855577488,0.04099353957825765
