feature,value,importance,min,max,rule,importance_ratio
Del_lines,4.0,0.40185563497739923,0.0,199.0,2.5289990112893617 < Del_lines <= 26.52313278361831,0.6356112787111002
CountClassCoupled,12.0,0.04830113485410839,0.0,71.0,11.47998037051897 < CountClassCoupled <= 13.494783233669544,0.07639745076498371
CountDeclMethodProtected,0.0,0.01744914784732217,0.0,40.0,CountDeclMethodProtected <= 0.5010504586027253,0.027599153054751236
MAJOR_LINE,2.0,0.01615952390975863,0.0,4.0,1.500645087288425 < MAJOR_LINE <= 2.4984912888350683,0.025559367000594486
CountInput_Mean,2.1875,0.015947369273094966,0.0,53.0,0.4907821800349863 < CountInput_Mean <= 3.058906243303005,0.0252238040069292
