feature,value,importance,min,max,rule,importance_ratio
Del_lines,0.0,-0.3062271484360193,0.0,199.0,Del_lines <= 0.46980096366411606,0.2897818750761666
CountClassCoupled,31.0,0.20569461279764042,0.0,71.0,CountClassCoupled > 29.979533932174256,0.1946482240193019
CountLineComment,108.0,0.09803980961480897,0.0,1043.0,100.40005762828412 < CountLineComment <= 115.41967126776413,0.09277479154734554
CountDeclInstanceVariable,19.0,0.09206983669726174,0.0,146.0,15.513666320810996 < CountDeclInstanceVariable <= 21.48866785028532,0.08712542324333894
MAJOR_LINE,5.0,0.08486934389764438,0.0,4.0,MAJOR_LINE > 2.4984912888350683,0.08031161749292715
