feature,value,importance,min,max,rule,importance_ratio
Del_lines,8.0,0.4605624274514606,0.0,199.0,2.5289990112893617 < Del_lines <= 26.52313278361831,0.49194422549235206
CountLineComment,151.0,0.14112970042699483,0.0,1043.0,115.41967126776413 < CountLineComment <= 699.3640439784572,0.1507459945326147
CountClassCoupled,16.0,0.09336083259856506,0.0,71.0,13.494783233669544 < CountClassCoupled <= 29.979533932174256,0.09972225206942806
AvgEssential,1.0,-0.03308223528874136,0.0,4.0,0.5014991464925511 < AvgEssential <= 1.4996372156384044,0.03533639230349687
OWN_LINE,0.606104651162791,0.0316959976498939,0.303571428571429,1.0,0.5955472712676014 < OWN_LINE <= 0.7450487944368737,0.03385569921838186
