feature,value,importance,min,max,rule,importance_ratio
Del_lines,24.0,0.44737571621240996,0.0,199.0,2.5289990112893617 < Del_lines <= 26.52313278361831,0.3650737155118492
CountDeclInstanceVariable,29.0,0.2822862972989993,0.0,146.0,CountDeclInstanceVariable > 21.48866785028532,0.23035516604593356
CountLineComment,79.0,0.14016695283439545,0.0,1043.0,62.623453625955555 < CountLineComment <= 100.40005762828412,0.11438097422107553
CountDeclMethodPrivate,10.0,-0.04956557841043082,0.0,45.0,CountDeclMethodPrivate > 3.506738395921374,0.040447188383373245
MaxNesting_Min,0.0,-0.03820022502440536,0.0,3.0,MaxNesting_Min <= 0.501000195972367,0.03117267562289187
