feature,value,importance,min,max,rule,importance_ratio
Del_lines,5.0,0.4083061201835986,0.0,199.0,2.5289990112893617 < Del_lines <= 26.52313278361831,0.5385206280411939
CountInput_Min,2.0,0.05838860253714349,0.0,45.0,1.497166283602981 < CountInput_Min <= 2.492673960103618,0.0770095410144999
CountDeclMethodDefault,0.0,0.054941577723963124,0.0,45.0,CountDeclMethodDefault <= 9.512909076575847,0.07246321198462209
CountLineComment,21.0,-0.04636050930982213,0.0,1043.0,CountLineComment <= 28.48796808168277,0.061145521351991486
CountOutput_Min,1.0,0.02326675493517942,0.0,40.0,0.49992962447148903 < CountOutput_Min <= 30.005961073552605,0.0306868471002573
