feature,value,importance,min,max,rule,importance_ratio
CountDeclInstanceVariable,25.0,0.21861892206907094,0.0,146.0,CountDeclInstanceVariable > 21.48866785028532,0.24942890619279445
CountLineComment,136.0,0.17987206864926397,0.0,1043.0,115.41967126776413 < CountLineComment <= 699.3640439784572,0.20522145527570715
Del_lines,45.0,0.14708214434168565,0.0,199.0,Del_lines > 26.52313278361831,0.16781044402024148
CountClassCoupled,6.0,0.045946026707124214,0.0,71.0,5.496626413283925 < CountClassCoupled <= 11.47998037051897,0.052421204335835726
CountDeclMethodProtected,9.0,-0.03484612023085951,0.0,40.0,5.494486440065154 < CountDeclMethodProtected <= 37.51320769957762,0.03975698705302299
