feature,value,importance,min,max,rule,importance_ratio
Del_lines,6.0,0.4064572724113449,0.0,199.0,2.5289990112893617 < Del_lines <= 26.52313278361831,0.4957250584703646
RatioCommentToCode,0.18,0.0688133972791584,0.0,8.67,0.04589779381846659 < RatioCommentToCode <= 0.2189207198053974,0.08392647322406008
OWN_LINE,0.681159420289855,0.0437752585458052,0.303571428571429,1.0,0.5955472712676014 < OWN_LINE <= 0.7450487944368737,0.05338935744324232
CountDeclInstanceVariable,15.0,0.043138885935837555,0.0,146.0,10.502374715445432 < CountDeclInstanceVariable <= 15.513666320810996,0.052613222113165395
CountClassCoupled,8.0,0.03982379743385828,0.0,71.0,5.496626413283925 < CountClassCoupled <= 11.47998037051897,0.048570060499329194
