feature,value,importance,min,max,rule,importance_ratio
Del_lines,10.0,0.3799033043415137,0.0,199.0,2.5289990112893617 < Del_lines <= 26.52313278361831,0.4654229617418848
CountDeclClassMethod,15.0,0.07796090811240985,0.0,173.0,12.99358836470865 < CountDeclClassMethod <= 16.511093397792216,0.09551061109262304
CountLineComment,21.0,-0.05421682841121183,0.0,1043.0,CountLineComment <= 28.48796808168277,0.06642152507500676
RatioCommentToCode,0.08,0.05153818989811423,0.0,8.67,0.04589779381846659 < RatioCommentToCode <= 0.2189207198053974,0.06313990089339383
AvgCyclomaticModified,4.0,0.03117382035691519,0.0,14.0,3.4967344902456263 < AvgCyclomaticModified <= 6.501350435942459,0.038191328249890834
