feature,value,importance,min,max,rule,importance_ratio
MAJOR_COMMIT,3.0,0.27767494533213544,0.0,6.0,2.5049342359599582 < MAJOR_COMMIT <= 3.499655327458867,0.31055780643927144
MaxNesting_Min,0.0,-0.08551643220274298,0.0,3.0,MaxNesting_Min <= 0.4999572116815032,0.0956434710651692
AvgCyclomaticModified,1.0,-0.05663975966661141,0.0,12.0,0.49744303402233137 < AvgCyclomaticModified <= 1.5009263430561142,0.06334716118615068
CountDeclClassVariable,0.0,-0.04775661925288597,0.0,19.0,CountDeclClassVariable <= 0.5039837002958555,0.05341206027930142
CountDeclMethodDefault,0.0,-0.04699907583530057,0.0,29.0,CountDeclMethodDefault <= 0.49432737005456684,0.05256480694945408
