feature,value,importance,min,max,rule,importance_ratio
MAJOR_COMMIT,3.0,0.2707595156308066,0.0,6.0,2.5049342359599582 < MAJOR_COMMIT <= 3.499655327458867,0.2941551817092541
CountDeclMethodPublic,27.0,0.09926561034927779,0.0,130.0,19.46203008474309 < CountDeclMethodPublic <= 97.97323714609264,0.10784290842648248
CountClassCoupled,31.0,0.0709026351818422,0.0,64.0,CountClassCoupled > 17.999561761991284,0.07702915809621408
CountLineComment,264.0,0.062731499164362,16.0,692.0,CountLineComment > 233.07074018180373,0.06815197424399329
CountDeclMethodPrivate,5.0,-0.0451152062448068,0.0,15.0,2.500256095085335 < CountDeclMethodPrivate <= 12.002906813383825,0.04901350063311194
