feature,value,importance,min,max,rule,importance_ratio
MAJOR_COMMIT,4.0,0.4729223862184599,0.0,6.0,3.499655327458867 < MAJOR_COMMIT <= 5.500531086221038,0.45656518368575705
MAJOR_LINE,9.0,0.10650641930751775,0.0,5.0,MAJOR_LINE > 4.503660837248878,0.10282262864246498
CountLineComment,768.0,0.05837056717402221,16.0,692.0,CountLineComment > 233.07074018180373,0.05635167524368087
AvgCyclomaticModified,1.0,-0.043887032380738975,0.0,12.0,0.49744303402233137 < AvgCyclomaticModified <= 1.5009263430561142,0.04236908969472828
AvgLineBlank,0.0,-0.036477464076484056,0.0,7.0,AvgLineBlank <= 0.4964566109928017,0.03521579982635313
