feature,value,importance,min,max,rule,importance_ratio
MAJOR_COMMIT,3.0,0.295992823108422,0.0,6.0,2.5049342359599582 < MAJOR_COMMIT <= 3.499655327458867,0.26360579046862215
MAJOR_LINE,7.0,-0.092632904364454,0.0,5.0,MAJOR_LINE > 4.503660837248878,0.08249716909335895
CountClassCoupled,11.0,0.08647639276006443,0.0,64.0,10.492249034455536 < CountClassCoupled <= 17.999561761991284,0.0770142925460114
CountDeclClassVariable,2.0,0.08599208690495092,0.0,19.0,0.5039837002958555 < CountDeclClassVariable <= 6.5024335433933,0.07658297861608204
CountDeclMethodPrivate,2.0,-0.07096158983564614,0.0,15.0,1.4992350253535944 < CountDeclMethodPrivate <= 2.500256095085335,0.06319709304128529
