feature,value,importance,min,max,rule,importance_ratio
MAJOR_COMMIT,4.0,0.48466198076466593,0.0,6.0,3.499655327458867 < MAJOR_COMMIT <= 5.500531086221038,0.4904356365818804
AvgCyclomaticModified,1.0,-0.07428032689010064,0.0,12.0,0.49744303402233137 < AvgCyclomaticModified <= 1.5009263430561142,0.07516520967124428
AvgEssential,1.0,-0.05126551819678906,0.0,8.0,0.49983655878228617 < AvgEssential <= 1.4993301057392507,0.05187623137237674
CountDeclClassMethod,0.0,-0.04261183205784233,0.0,36.0,CountDeclClassMethod <= 0.49896544495778417,0.043119456055199755
CountDeclClassVariable,1.0,0.04059372463971507,0.0,19.0,0.5039837002958555 < CountDeclClassVariable <= 6.5024335433933,0.041077307432899536
