feature,value,importance,min,max,rule,importance_ratio
MAJOR_COMMIT,3.0,0.28852939124325155,0.0,6.0,2.5049342359599582 < MAJOR_COMMIT <= 3.499655327458867,0.24011308066166123
CountDeclMethodPrivate,5.0,0.1345112115810022,0.0,15.0,2.500256095085335 < CountDeclMethodPrivate <= 12.002906813383825,0.11193972737778195
CountDeclMethodPublic,51.0,0.07019247589178063,0.0,130.0,19.46203008474309 < CountDeclMethodPublic <= 97.97323714609264,0.05841391600703707
CountLineComment,105.0,0.05828397050079047,16.0,692.0,44.36451351633542 < CountLineComment <= 166.4525477710837,0.04850370234323749
CountClassCoupled,23.0,0.05707588614229179,0.0,64.0,CountClassCoupled > 17.999561761991284,0.04749833905678558
