feature,value,importance,min,max,rule,importance_ratio
MAJOR_LINE,9.0,0.18996954340104696,0.0,14.0,MAJOR_LINE > 8.495319420437175,0.29854642053340547
MINOR_COMMIT,0.0,-0.06962113409191062,0.0,1.0,MINOR_COMMIT <= 0.5000824993237257,0.10941301434165371
CountLineComment,92.0,0.04956703948559367,0.0,4565.0,40.8582338807355 < CountLineComment <= 118.84002223414448,0.07789702470159438
AvgLineBlank,0.0,-0.04224606879972188,0.0,35.0,AvgLineBlank <= 0.4919048657853053,0.06639176152115464
OWN_COMMIT,0.428571428571429,0.04037082223936082,0.0,1.0,0.15491461162252382 < OWN_COMMIT <= 0.5211086302390999,0.06344471991548277
