feature,value,importance,min,max,rule,importance_ratio
OWN_COMMIT,1.0,0.1004480912476975,0.0,1.0,OWN_COMMIT > 0.9396160800866156,0.1868081236107862
MINOR_COMMIT,0.0,-0.0829477810955007,0.0,1.0,MINOR_COMMIT <= 0.5000824993237257,0.1542619591040155
CountLineComment,78.0,0.05100625434278892,0.0,4565.0,40.8582338807355 < CountLineComment <= 118.84002223414448,0.09485877280330426
AvgLineBlank,0.0,-0.046127888621213524,0.0,35.0,AvgLineBlank <= 0.4919048657853053,0.08578624254996739
CountDeclMethodPrivate,2.0,0.04396268390384955,0.0,301.0,0.47984389130990057 < CountDeclMethodPrivate <= 2.4681446528566404,0.08175950769159587
