feature,value,importance,min,max,rule,importance_ratio
OWN_COMMIT,0.666666666666667,0.20711016294360407,0.0,1.0,0.5211086302390999 < OWN_COMMIT <= 0.9396160800866156,0.3428418778729542
CountLineComment,65.0,0.04969233634066798,0.0,4565.0,40.8582338807355 < CountLineComment <= 118.84002223414448,0.08225870553521852
CountDeclMethodPrivate,1.0,0.04453262429079534,0.0,301.0,0.47984389130990057 < CountDeclMethodPrivate <= 2.4681446528566404,0.07371752463264866
AvgLineBlank,0.0,-0.04261165992418168,0.0,35.0,AvgLineBlank <= 0.4919048657853053,0.0705376370722483
MINOR_COMMIT,0.0,-0.038269204687755486,0.0,1.0,MINOR_COMMIT <= 0.5000824993237257,0.06334931040263435
