feature,value,importance,min,max,rule,importance_ratio
OWN_COMMIT,0.666666666666667,0.20985039037765868,0.0,1.0,0.5211086302390999 < OWN_COMMIT <= 0.9396160800866156,0.3507885392609303
RatioCommentToCode,0.36,0.04311233000041064,0.0,43.0,0.3453902620365129 < RatioCommentToCode <= 0.4691813612981043,0.07206711046742616
CountDeclMethodPrivate,0.0,-0.041339049385255816,0.0,301.0,CountDeclMethodPrivate <= 0.47984389130990057,0.06910287239490975
MINOR_COMMIT,0.0,-0.038747976544297874,0.0,1.0,MINOR_COMMIT <= 0.5000824993237257,0.06477160260140323
AvgLineBlank,2.0,0.03874767967561061,0.0,35.0,0.4919048657853053 < AvgLineBlank <= 3.50292340409879,0.06477110635198968
