feature,value,importance,min,max,rule,importance_ratio
OWN_COMMIT,0.666666666666667,0.2107083213945944,0.0,1.0,0.5211086302390999 < OWN_COMMIT <= 0.9396160800866156,0.36587658028803915
RatioCommentToCode,0.45,0.04311214054260893,0.0,43.0,0.3453902620365129 < RatioCommentToCode <= 0.4691813612981043,0.07486046325188822
MINOR_COMMIT,0.0,-0.04232731136578217,0.0,1.0,MINOR_COMMIT <= 0.5000824993237257,0.07349767599494877
CountDeclMethodPrivate,1.0,0.041464002468746,0.0,301.0,0.47984389130990057 < CountDeclMethodPrivate <= 2.4681446528566404,0.07199861556444821
AvgLineBlank,1.0,0.03775871530348185,0.0,35.0,0.4919048657853053 < AvgLineBlank <= 3.50292340409879,0.06556470831275868
