feature,value,importance,min,max,rule,importance_ratio
OWN_COMMIT,0.8,0.20569160570207887,0.0,1.0,0.5211086302390999 < OWN_COMMIT <= 0.9396160800866156,0.3419437437699904
CountLineComment,56.0,0.049382733645667344,0.0,4565.0,40.8582338807355 < CountLineComment <= 118.84002223414448,0.08209434100511324
MINOR_COMMIT,0.0,-0.04288088012076141,0.0,1.0,MINOR_COMMIT <= 0.5000824993237257,0.07128559590264856
CountDeclMethodPrivate,1.0,0.04264677668908534,0.0,301.0,0.47984389130990057 < CountDeclMethodPrivate <= 2.4681446528566404,0.07089642006057428
AvgLineBlank,6.0,0.04223475922237998,0.0,35.0,4.506596250203285 < AvgLineBlank <= 20.491015651126723,0.07021147818079763
