feature,value,importance,min,max,rule,importance_ratio
OWN_COMMIT,0.8,0.2057130694897826,0.0,1.0,0.5211086302390999 < OWN_COMMIT <= 0.9396160800866156,0.34981290385523117
CountLineComment,41.0,0.04925852678066788,0.0,4565.0,40.8582338807355 < CountLineComment <= 118.84002223414448,0.08376360498394075
CountDeclMethodPrivate,1.0,0.04144633257118012,0.0,301.0,0.47984389130990057 < CountDeclMethodPrivate <= 2.4681446528566404,0.07047905116983479
MINOR_COMMIT,0.0,-0.040003642153421046,0.0,1.0,MINOR_COMMIT <= 0.5000824993237257,0.0680257713386013
AvgLineBlank,3.0,0.03763648683511094,0.0,35.0,0.4919048657853053 < AvgLineBlank <= 3.50292340409879,0.06400044869950888
