feature,value,importance,min,max,rule,importance_ratio
OWN_COMMIT,0.916666666666667,0.20569990589011145,0.0,1.0,0.5211086302390999 < OWN_COMMIT <= 0.9396160800866156,0.22171729570759327
MAJOR_LINE,11.0,0.1772247107727476,0.0,14.0,MAJOR_LINE > 8.495319420437175,0.19102480108126743
CountLineComment,318.0,0.13986146924196582,0.0,4565.0,132.33687021838836 < CountLineComment <= 1780.4519740721664,0.15075216782347647
CountDeclMethodPrivate,87.0,0.07223322456562518,0.0,301.0,CountDeclMethodPrivate > 12.504329449235424,0.07785786357863186
AvgLineBlank,1.0,0.039518766930320554,0.0,35.0,0.4919048657853053 < AvgLineBlank <= 3.50292340409879,0.04259600458043065
