feature,value,importance,min,max,rule,importance_ratio
OWN_COMMIT,0.666666666666667,0.20766223520032753,0.0,1.0,0.5211086302390999 < OWN_COMMIT <= 0.9396160800866156,0.34476274087247427
AvgLineBlank,0.0,-0.04397512718100426,0.0,35.0,AvgLineBlank <= 0.4919048657853053,0.07300790807010807
CountInput_Mean,1.73333333333333,0.042986297615286266,0.0,45.75,1.6725425959894997 < CountInput_Mean <= 1.7932450539099787,0.071366244187391
CountDeclMethodPrivate,0.0,-0.041011116653884266,0.0,301.0,CountDeclMethodPrivate <= 0.47984389130990057,0.06808703070249729
CountLineComment,23.0,-0.036587322714196416,0.0,4565.0,16.863837464301966 < CountLineComment <= 24.362086344437447,0.06074260757120173
