feature,value,importance,min,max,rule,importance_ratio
OWN_COMMIT,0.833333333333333,0.20807198649044617,0.0,1.0,0.5211086302390999 < OWN_COMMIT <= 0.9396160800866156,0.3237848522193582
CountLineComment,72.0,0.04968125115495266,0.0,4565.0,40.8582338807355 < CountLineComment <= 118.84002223414448,0.07730995812844692
MAJOR_LINE,5.0,0.04802158465642176,0.0,14.0,3.496459832780991 < MAJOR_LINE <= 8.495319420437175,0.07472731891293234
RatioCommentToCode,0.4,0.044382372559234134,0.0,43.0,0.3453902620365129 < RatioCommentToCode <= 0.4691813612981043,0.0690642704124707
AvgLineBlank,0.0,-0.04176319813055175,0.0,35.0,AvgLineBlank <= 0.4919048657853053,0.06498852230417555
