feature,value,importance,min,max,rule,importance_ratio
CountDeclMethodPrivate,16.0,0.08362363512424678,0.0,301.0,CountDeclMethodPrivate > 12.504329449235424,0.18376684129288046
MINOR_COMMIT,0.0,-0.06887512594261365,0.0,1.0,MINOR_COMMIT <= 0.5000824993237257,0.15135630398412964
AvgLineBlank,0.0,-0.04104739857790334,0.0,35.0,AvgLineBlank <= 0.4919048657853053,0.09020357424959662
OWN_COMMIT,0.5,0.03766706943763359,0.0,1.0,0.15491461162252382 < OWN_COMMIT <= 0.5211086302390999,0.08277514318803499
RatioCommentToCode,0.08,0.03418109172755639,0.0,43.0,0.03591251388253447 < RatioCommentToCode <= 0.3453902620365129,0.07511454446320712
