feature,value,importance,min,max,rule,importance_ratio
OWN_COMMIT,1.0,0.10024921969392929,0.0,1.0,OWN_COMMIT > 0.9396160800866156,0.18855149845920455
MINOR_COMMIT,0.0,-0.06980082140339156,0.0,1.0,MINOR_COMMIT <= 0.5000824993237257,0.13128331082750339
CountLineComment,47.0,0.05222927766285827,0.0,4565.0,40.8582338807355 < CountLineComment <= 118.84002223414448,0.09823426652935972
CountDeclMethodPrivate,1.0,0.042742056405346444,0.0,301.0,0.47984389130990057 < CountDeclMethodPrivate <= 2.4681446528566404,0.08039043901848884
AvgLineBlank,2.0,0.041406919388785754,0.0,35.0,0.4919048657853053 < AvgLineBlank <= 3.50292340409879,0.07787927647887544
