feature,value,importance,min,max,rule,importance_ratio
OWN_COMMIT,1.0,0.09981611282274643,0.0,1.0,OWN_COMMIT > 0.9396160800866156,0.20629712328433986
MINOR_COMMIT,0.0,-0.07831352704709782,0.0,1.0,MINOR_COMMIT <= 0.5000824993237257,0.16185618621270306
CountDeclMethodPrivate,0.0,-0.041691264257131815,0.0,301.0,CountDeclMethodPrivate <= 0.47984389130990057,0.08616632765099562
RatioCommentToCode,0.42,0.04133898860427715,0.0,43.0,0.3453902620365129 < RatioCommentToCode <= 0.4691813612981043,0.08543825427955425
AvgLineBlank,1.0,0.03983705387110054,0.0,35.0,0.4919048657853053 < AvgLineBlank <= 3.50292340409879,0.08233409798601685
