feature,value,importance,min,max,rule,importance_ratio
AvgLineBlank,4.0,0.12345799471288073,0.0,11.0,3.5034911753979254 < AvgLineBlank <= 7.499658151321651,0.20102589468712923
CountDeclClassMethod,8.0,0.12133166970413017,0.0,387.0,4.501907984742028 < CountDeclClassMethod <= 25.50551827533331,0.19756361273225231
MAJOR_LINE,10.0,0.11813419618777712,0.0,14.0,5.504393127137301 < MAJOR_LINE <= 12.505866390406352,0.19235718623992074
CountOutput_Mean,8.0,0.038777534569691956,0.0,23.0,CountOutput_Mean > 5.854835329245367,0.06314122142322552
CountDeclMethodProtected,0.0,-0.023159559773326236,0.0,29.0,CountDeclMethodProtected <= 0.4937779313684697,0.0377105689657473
