feature,value,importance,min,max,rule,importance_ratio
CountDeclClassMethod,28.0,0.15908723056987778,0.0,387.0,25.50551827533331 < CountDeclClassMethod <= 30.5619429749201,0.26817946139439236
CountDeclMethodPrivate,21.0,0.08839431910123784,0.0,153.0,18.017461345159308 < CountDeclMethodPrivate <= 30.980095175026985,0.14900970242537187
CountClassCoupled,20.0,0.0727331600499073,0.0,179.0,11.526431435925135 < CountClassCoupled <= 21.451774790022068,0.12260908444897861
CountDeclClass,11.0,0.047023406233130616,0.0,143.0,4.5102450435820245 < CountDeclClass <= 29.998187178098068,0.07926916391313713
AvgEssential,2.0,0.03817572874622428,0.0,6.0,1.500941823841952 < AvgEssential <= 2.500809840319369,0.06435429378477939
