feature,value,importance,min,max,rule,importance_ratio
CountDeclInstanceVariable,36.0,0.16845439746491667,0.0,187.0,29.95448936083198 < CountDeclInstanceVariable <= 48.49999243183292,0.23273974860842933
MAJOR_LINE,15.0,0.15014675183849213,0.0,14.0,MAJOR_LINE > 12.505866390406352,0.20744556273480938
CountDeclMethodPrivate,32.0,0.08934968710758584,0.0,153.0,CountDeclMethodPrivate > 30.980095175026985,0.12344720012424898
CountDeclClassMethod,9.0,0.06890583834884977,0.0,387.0,4.501907984742028 < CountDeclClassMethod <= 25.50551827533331,0.09520159601831917
CountLineComment,654.0,0.04657511976128825,0.0,1095.0,CountLineComment > 164.39128230701323,0.06434905723911005
