feature,value,importance,min,max,rule,importance_ratio
CountDeclClassMethod,29.0,0.23648375760214274,0.0,387.0,25.50551827533331 < CountDeclClassMethod <= 30.5619429749201,0.3218275165841156
MAJOR_LINE,10.0,0.07242097439237472,0.0,14.0,5.504393127137301 < MAJOR_LINE <= 12.505866390406352,0.09855671515720454
CountDeclClass,8.0,0.060020480996472066,0.0,143.0,4.5102450435820245 < CountDeclClass <= 29.998187178098068,0.0816810530208849
MaxNesting_Min,0.0,-0.05078440584125044,0.0,4.0,MaxNesting_Min <= 0.4993928870432052,0.06911180445883357
MINOR_LINE,5.0,0.044954978412039846,1.0,7.0,4.50194506564297 < MINOR_LINE <= 5.500612782865867,0.06117861627004283
