feature,value,importance,min,max,rule,importance_ratio
OWN_COMMIT,0.75,0.20759208200108986,0.0,1.0,0.5211086302390999 < OWN_COMMIT <= 0.9396160800866156,0.33869054878217575
CountLineComment,60.0,0.06303490428750053,0.0,4565.0,40.8582338807355 < CountLineComment <= 118.84002223414448,0.10284268128036497
AvgLineBlank,6.0,0.06122207705600535,0.0,35.0,4.506596250203285 < AvgLineBlank <= 20.491015651126723,0.09988501813655033
CountDeclMethodPrivate,2.0,0.0432922932323032,0.0,301.0,0.47984389130990057 < CountDeclMethodPrivate <= 2.4681446528566404,0.07063222456052377
CountDeclMethodProtected,2.0,0.03817451942292332,0.0,76.0,1.5012221840068514 < CountDeclMethodProtected <= 11.009574717702664,0.06228247632671195
