feature,value,importance,min,max,rule,importance_ratio
MAJOR_LINE,9.0,0.18338794356493326,0.0,14.0,MAJOR_LINE > 8.495319420437175,0.25276445480113974
OWN_COMMIT,0.428571428571429,0.08631675613525237,0.0,1.0,0.15491461162252382 < OWN_COMMIT <= 0.5211086302390999,0.11897078608662645
PercentLackOfCohesion,97.0,0.07639367941115235,0.0,100.0,93.32599303102478 < PercentLackOfCohesion <= 99.46744332878954,0.10529376332624565
CountLineComment,92.0,0.06918655428712235,0.0,4565.0,40.8582338807355 < CountLineComment <= 118.84002223414448,0.09536014927699918
CountDeclMethodProtected,1.0,0.04692287296226428,0.0,76.0,0.5038425476051929 < CountDeclMethodProtected <= 1.5012221840068514,0.06467401384982746
