feature,value,importance,min,max,rule,importance_ratio
OWN_COMMIT,0.666666666666667,0.21897523680141606,0.0,1.0,0.5211086302390999 < OWN_COMMIT <= 0.9396160800866156,0.28519605952831134
MINOR_COMMIT,0.0,0.08422674805547371,0.0,1.0,MINOR_COMMIT <= 0.5000824993237257,0.10969795947333176
CountClassCoupled,5.0,0.0642938945164422,0.0,242.0,2.533746829526269 < CountClassCoupled <= 6.440816326530612,0.08373716423673548
RatioCommentToCode,0.42,0.047729352521451454,0.0,43.0,0.3453902620365129 < RatioCommentToCode <= 0.4691813612981043,0.06216329965794379
AvgLineBlank,2.0,0.04713615731891146,0.0,35.0,0.4919048657853053 < AvgLineBlank <= 3.50292340409879,0.06139071488184452
