feature,value,importance,min,max,rule,importance_ratio
OWN_COMMIT,0.666666666666667,0.18718727730802293,0.0,1.0,0.5211086302390999 < OWN_COMMIT <= 0.9396160800866156,0.20799334055590815
AvgLineBlank,1.0,0.08261751751042194,0.0,35.0,0.4919048657853053 < AvgLineBlank <= 3.50292340409879,0.09180054169574903
CountDeclMethodPrivate,1.0,0.07051542793751756,0.0,301.0,0.47984389130990057 < CountDeclMethodPrivate <= 2.4681446528566404,0.0783532921060606
CountLineComment,45.0,0.0613314436412153,0.0,4565.0,40.8582338807355 < CountLineComment <= 118.84002223414448,0.06814849827139417
MaxNesting_Mean,1.0,0.05686677981434493,0.0,5.5,MaxNesting_Mean > 0.8028683790090252,0.06318758235251033
