feature,value,importance,min,max,rule,importance_ratio
OWN_COMMIT,0.666666666666667,0.30539376843028626,0.0,1.0,0.5211086302390999 < OWN_COMMIT <= 0.9396160800866156,0.39322186167756146
AvgLineComment,0.0,-0.05298400281427051,0.0,26.0,AvgLineComment <= 0.4864034448715615,0.06822165472741985
AvgLineBlank,2.0,0.044901390010390695,0.0,35.0,0.4919048657853053 < AvgLineBlank <= 3.50292340409879,0.05781456597018468
MaxNesting_Mean,0.5,0.04172649545204859,0.0,5.5,0.13902314975074181 < MaxNesting_Mean <= 0.8028683790090252,0.053726604531815554
MINOR_LINE,3.0,0.03960574038074599,0.0,7.0,2.5050310251779777 < MINOR_LINE <= 3.501513051184938,0.050995942208264894
