feature,value,importance,min,max,rule,importance_ratio
OWN_COMMIT,0.6,0.18518430821920528,0.0,1.0,0.5211086302390999 < OWN_COMMIT <= 0.9396160800866156,0.348182204110049
MaxNesting_Mean,1.73333333333333,0.046986381643951115,0.0,5.5,MaxNesting_Mean > 0.8028683790090252,0.088343456750026
PercentLackOfCohesion,80.0,0.03757107235719715,0.0,100.0,79.50772986105409 < PercentLackOfCohesion <= 93.32599303102478,0.07064085996218529
CountLineComment,105.0,0.030503031858809235,0.0,4565.0,40.8582338807355 < CountLineComment <= 118.84002223414448,0.05735158106413355
AvgLineComment,3.0,0.025052269614948632,0.0,26.0,2.4898867522054444 < AvgLineComment <= 13.509044942541799,0.04710309710565096
