feature,value,importance,min,max,rule,importance_ratio
OWN_COMMIT,0.8,0.2573440437114195,0.0,1.0,0.5211086302390999 < OWN_COMMIT <= 0.9396160800866156,0.34411255175223343
MAJOR_LINE,10.0,0.11967085499344564,0.0,14.0,MAJOR_LINE > 8.495319420437175,0.1600201919899292
CountLineComment,77.0,0.05931000635935318,0.0,4565.0,40.8582338807355 < CountLineComment <= 118.84002223414448,0.07930751898670255
CountDeclMethodProtected,0.0,-0.03935651378159405,0.0,76.0,CountDeclMethodProtected <= 0.5038425476051929,0.05262632151938671
RatioCommentToCode,0.23,0.03916681344184071,0.0,43.0,0.03591251388253447 < RatioCommentToCode <= 0.3453902620365129,0.05237266005110735
