feature,value,importance,min,max,rule,importance_ratio
MAJOR_LINE,9.0,0.23723291212278796,0.0,14.0,MAJOR_LINE > 8.495319420437175,0.30044522265817136
CountLineComment,168.0,0.1426134119690569,0.0,4565.0,132.33687021838836 < CountLineComment <= 1780.4519740721664,0.1806137180953528
OWN_COMMIT,0.333333333333333,0.05391022188366912,0.0,1.0,0.15491461162252382 < OWN_COMMIT <= 0.5211086302390999,0.0682749643481468
RatioCommentToCode,0.42,0.03980237058356229,0.0,43.0,0.3453902620365129 < RatioCommentToCode <= 0.4691813612981043,0.050407980854325685
CountDeclInstanceVariable,26.0,0.039658552870926345,0.0,1496.0,14.589027509766481 < CountDeclInstanceVariable <= 46.334552020657924,0.050225841941522846
