feature,value,importance,min,max,rule,importance_ratio
OWN_COMMIT,0.6,0.23057870402723232,0.0,1.0,0.5211086302390999 < OWN_COMMIT <= 0.9396160800866156,0.2822143182064939
CountDeclMethodPrivate,13.0,0.1485813125646122,0.0,301.0,CountDeclMethodPrivate > 12.504329449235424,0.18185449519525307
MINOR_COMMIT,0.0,-0.07477709541303063,0.0,1.0,MINOR_COMMIT <= 0.5000824993237257,0.0915226195258605
CountLineComment,79.0,0.06157727861447309,0.0,4565.0,40.8582338807355 < CountLineComment <= 118.84002223414448,0.07536684610362987
AvgLineBlank,0.0,-0.04551835968336675,0.0,35.0,AvgLineBlank <= 0.4919048657853053,0.05571170545915701
