Antecedent,Antecedent Coverage %,Confidence,Lift
CountClassCoupled <= 1.25,0.19911,0.99327,1.19427
Del_lines <= -9.8,0.09063,0.97537,1.17275
CountOutput_Mean <= 2.08,0.20625,0.97403,1.17113
0.844 < OWN_COMMIT <= 1.002,0.29777,0.96552,1.1609
OWN_COMMIT > 1.002,0.1,0.96429,1.15942
-9.8 < Del_lines <= 6.8,0.39152,0.95439,1.14752
RatioCommentToCode > 1.61,0.19554,0.95434,1.14746
MAJOR_LINE <= -0.11,0.10714,0.95417,1.14725
