{
    "30": {
        "CountDeclInstanceVariable": [
            15.0,
            14.0,
            13.0,
            12.0,
            10.5,
            8.5,
            6.5,
            4.5,
            2.5,
            0.5
        ],
        "CountDeclClass": [
            7,
            6,
            5,
            4,
            3,
            2,
            1,
            0
        ],
        "CountClassCoupled": [
            11.0,
            10.0,
            9.0,
            8.0,
            7.0,
            6.0,
            5.0,
            4.0,
            2.5,
            0.5
        ],
        "CountInput_Mean": [
            9.0,
            9.245000000000001,
            9.833333333333336,
            10.789215686274549,
            11.96666666666665,
            17.0490909090909,
            21.0576923076923,
            23.4,
            27.6527777777778,
            37.125
        ]
    },
    "49": {
        "CountClassCoupled": [
            32.0,
            28.0,
            24.0,
            19.0,
            16.0,
            13.0,
            10.0,
            7.0,
            4.0,
            1.0
        ],
        "CountDeclInstanceVariable": [
            17.0,
            15.0,
            14.0,
            12.5,
            10.5,
            8.5,
            6.5,
            4.5,
            2.5,
            0.5
        ],
        "CountDeclClass": [
            9,
            8,
            7,
            6,
            5,
            4,
            3,
            2,
            1,
            0
        ],
        "CountInput_Mean": [
            9.0,
            9.245000000000001,
            9.833333333333336,
            10.789215686274549,
            11.96666666666665,
            17.0490909090909,
            21.0576923076923,
            23.4,
            27.6527777777778,
            37.125
        ]
    },
    "189": {
        "OWN_COMMIT": [
            0.3666666666666665,
            0.417989417989418,
            0.4494949494949495,
            0.5092592592592591,
            0.619047619047619,
            0.732142857142857,
            0.8117647058823529,
            0.875,
            0.944444444444444,
            1.0
        ],
        "CountDeclInstanceVariable": [
            1,
            0
        ],
        "CountDeclClass": [
            1,
            0
        ],
        "CountClassCoupled": [
            4,
            3,
            2,
            1,
            0
        ],
        "CountInput_Mean": [
            9.0,
            9.245000000000001,
            9.833333333333336,
            10.789215686274549,
            11.96666666666665,
            17.0490909090909,
            21.0576923076923,
            23.4,
            27.6527777777778,
            37.125
        ]
    },
    "252": {
        "CountDeclInstanceVariable": [
            17.0,
            15.0,
            14.0,
            12.5,
            10.5,
            8.5,
            6.5,
            4.5,
            2.5,
            0.5
        ],
        "CountClassCoupled": [
            11.0,
            10.0,
            9.0,
            8.0,
            7.0,
            6.0,
            5.0,
            4.0,
            2.5,
            0.5
        ],
        "OWN_COMMIT": [
            0.454545454545455,
            0.444444444444444,
            0.428571428571429,
            0.407407407407407,
            0.4,
            0.333333333333333,
            0.0
        ],
        "CountInput_Mean": [
            7.187134502923975,
            5.48076923076923,
            4.39903846153846,
            3.783625730994155,
            3.3,
            2.875,
            2.42857142857143,
            1.95652173913043,
            1.41666666666667,
            0.6
        ],
        "CountDeclClass": [
            1,
            0
        ]
    },
    "339": {
        "CountClassCoupled": [
            11.0,
            10.0,
            9.0,
            8.0,
            7.0,
            6.0,
            5.0,
            4.0,
            2.5,
            0.5
        ],
        "CountDeclInstanceVariable": [
            1,
            0
        ],
        "CountDeclClass": [
            0
        ],
        "CountInput_Mean": [
            9.0,
            9.245000000000001,
            9.833333333333336,
            10.789215686274549,
            11.96666666666665,
            17.0490909090909,
            21.0576923076923,
            23.4,
            27.6527777777778,
            37.125
        ]
    },
    "340": {
        "CountClassCoupled": [
            61.0,
            52.0,
            43.0,
            30.0,
            22.5,
            17.5,
            13.5,
            9.5,
            5.5,
            1.5
        ],
        "CountDeclInstanceVariable": [
            17.0,
            15.0,
            14.0,
            12.5,
            10.5,
            8.5,
            6.5,
            4.5,
            2.5,
            0.5
        ],
        "CountDeclClass": [
            9,
            8,
            7,
            6,
            5,
            4,
            3,
            2,
            1,
            0
        ],
        "CountInput_Mean": [
            9.0,
            9.245000000000001,
            9.833333333333336,
            10.789215686274549,
            11.96666666666665,
            17.0490909090909,
            21.0576923076923,
            23.4,
            27.6527777777778,
            37.125
        ]
    },
    "351": {
        "CountClassCoupled": [
            11.0,
            10.0,
            9.0,
            8.0,
            7.0,
            6.0,
            5.0,
            4.0,
            2.5,
            0.5
        ],
        "OWN_COMMIT": [
            0.875,
            0.823529411764706,
            0.8,
            0.75,
            0.6904761904761905,
            0.5449735449735444,
            0.4772727272727275,
            0.4365079365079365,
            0.4037037037037035,
            0.1666666666666665
        ],
        "CountDeclInstanceVariable": [
            1,
            0
        ]
    },
    "358": {
        "CountClassCoupled": [
            11.0,
            10.0,
            9.0,
            8.0,
            7.0,
            6.0,
            5.0,
            4.0,
            2.5,
            0.5
        ],
        "CountDeclInstanceVariable": [
            8,
            7,
            6,
            5,
            4,
            3,
            2,
            1,
            0
        ],
        "CountDeclClass": [
            1,
            0
        ],
        "CountInput_Mean": [
            9.0,
            9.245000000000001,
            9.833333333333336,
            10.789215686274549,
            11.96666666666665,
            17.0490909090909,
            21.0576923076923,
            23.4,
            27.6527777777778,
            37.125
        ]
    },
    "359": {
        "CountDeclClass": [
            9,
            8,
            7,
            6,
            5,
            4,
            3,
            2,
            1,
            0
        ],
        "CountClassCoupled": [
            11.0,
            10.0,
            9.0,
            8.0,
            7.0,
            6.0,
            5.0,
            4.0,
            2.5,
            0.5
        ],
        "CountDeclInstanceVariable": [
            1,
            0
        ],
        "CountInput_Mean": [
            9.0,
            9.245000000000001,
            9.833333333333336,
            10.789215686274549,
            11.96666666666665,
            17.0490909090909,
            21.0576923076923,
            23.4,
            27.6527777777778,
            37.125
        ]
    },
    "390": {
        "OWN_COMMIT": [
            0.0
        ],
        "CountClassCoupled": [
            11.0,
            10.0,
            9.0,
            8.0,
            7.0,
            6.0,
            5.0,
            4.0,
            2.5,
            0.5
        ],