feature,value,importance,left,right,rec,rule,min,max
RatioCommentToCode,0.58,0.034834681598289535,0.17,0.23092925542923726,-1,0.23092925542923726 < RatioCommentToCode <= 0.8494220958511125,0.17,15.6
Del_lines,52.0,0.019880779310473433,0.0,37.528194029304075,-1,37.528194029304075 < Del_lines <= 438.7388325804579,0.0,1022.0
OWN_COMMIT,0.714285714285714,0.0039373509584474334,0.153846153846154,0.49248737259274333,-1,0.49248737259274333 < OWN_COMMIT <= 0.87583807011181,0.153846153846154,1.0
AvgLineComment,6.0,0.002228169731918309,0.0,5.485295060788456,-1,5.485295060788456 < AvgLineComment <= 7.495838178840102,0.0,23.0
MAJOR_LINE,1.0,0.0006592890822641658,0.0,0.49561955689797754,-1,0.49561955689797754 < MAJOR_LINE <= 1.498222405325849,0.0,8.0
