feature,value,importance,left,right,rec,rule,min,max
MAJOR_LINE,8.0,0.052639898909891375,0.0,6.499009783459988,-1,MAJOR_LINE > 6.499009783459988,0.0,8.0
RatioCommentToCode,0.68,0.03807516220982297,0.17,0.23092925542923726,-1,0.23092925542923726 < RatioCommentToCode <= 0.8494220958511125,0.17,15.6
Del_lines,126.0,0.025937653427230596,0.0,37.528194029304075,-1,37.528194029304075 < Del_lines <= 438.7388325804579,0.0,1022.0
AvgLineComment,6.0,0.008724242145911151,0.0,5.485295060788456,-1,5.485295060788456 < AvgLineComment <= 7.495838178840102,0.0,23.0
OWN_COMMIT,0.454545454545455,0.0008259590026273853,0.153846153846154,0.339857002284226,-1,0.339857002284226 < OWN_COMMIT <= 0.49248737259274333,0.153846153846154,1.0
