feature,value,importance,min,max,rule,importance_ratio
CountClassCoupled,16.0,0.12720027304901652,0.0,71.0,14.476416159221149 < CountClassCoupled <= 58.969614743832466,0.20719991464495535
OWN_COMMIT,1.0,0.12029123856826571,0.0,1.0,OWN_COMMIT > 0.9158840980681497,0.19594560425413587
OWN_LINE,0.339544513457557,0.062180243403912414,0.282051282051282,1.0,OWN_LINE <= 0.4929700565327333,0.10128705557831988
CountDeclMethodPrivate,1.0,0.04614268410218638,0.0,21.0,0.5047804236063558 < CountDeclMethodPrivate <= 1.5022263967624856,0.07516304783227883
CountOutput_Mean,2.38636363636364,-0.042209649450337915,0.0,40.0,2.0678217985545446 < CountOutput_Mean <= 14.196423099739473,0.06875642287287624
