feature,value,importance,min,max,rule,importance_ratio
OWN_COMMIT,1.0,0.13166675389081275,0.0,1.0,OWN_COMMIT > 0.9158840980681497,0.1574587622244217
CountDeclMethodPublic,21.0,0.11882816379454302,0.0,165.0,20.456614674240953 < CountDeclMethodPublic <= 21.504418823536874,0.14210523944416267
CountClassCoupled,26.0,0.11670819688585005,0.0,71.0,14.476416159221149 < CountClassCoupled <= 58.969614743832466,0.13956999531050426
MAJOR_LINE,3.0,0.06352674107858812,0.0,5.0,2.4961209246704383 < MAJOR_LINE <= 4.499384532543117,0.0759709017105477
CountDeclMethodProtected,17.0,0.05262712149956169,0.0,40.0,14.492561732026399 < CountDeclMethodProtected <= 37.49152128362691,0.06293617155342845
