feature,value,importance,min,max,rule,importance_ratio
MaxNesting_Min,0.0,-0.20528344505092702,0.0,3.0,MaxNesting_Min <= 0.5001092819407431,0.20428072209967288
CountDeclMethodPrivate,1.0,0.14674848277334118,0.0,21.0,0.5047804236063558 < CountDeclMethodPrivate <= 1.5022263967624856,0.14603167839731346
CountClassCoupled,19.0,0.12878190137456574,0.0,71.0,14.476416159221149 < CountClassCoupled <= 58.969614743832466,0.12815285616255467
OWN_COMMIT,1.0,0.08545682986324317,0.0,1.0,OWN_COMMIT > 0.9158840980681497,0.0850394093322109
RatioCommentToCode,0.24,0.04523708342524835,0.03,8.5,0.16254030530342767 < RatioCommentToCode <= 0.415554900473351,0.04501611937338804
