feature,value,importance,min,max,rule,importance_ratio
CountDeclClass,7.0,0.10742792555376626,1.0,30.0,5.495512207613363 < CountDeclClass <= 7.5051728658530354,0.14450342624759094
OWN_COMMIT,1.0,0.10514893532303307,0.0,1.0,OWN_COMMIT > 0.9158840980681497,0.1414379114382138
OWN_LINE,0.48590021691974,0.08941730001639073,0.282051282051282,1.0,OWN_LINE <= 0.4929700565327333,0.12027697781160622
CountClassCoupled,14.0,0.08013977363057583,0.0,71.0,7.4740046828129625 < CountClassCoupled <= 14.476416159221149,0.10779759367622409
CountOutput_Mean,6.4,-0.054510228282370905,0.0,40.0,2.0678217985545446 < CountOutput_Mean <= 14.196423099739473,0.07332278559543288
