feature,value,importance,min,max,rule,importance_ratio
MAJOR_LINE,6.0,0.16160913425752219,0.0,5.0,MAJOR_LINE > 4.499384532543117,0.1689062323441173
CountDeclMethodPublic,215.0,0.16111929059465138,0.0,165.0,CountDeclMethodPublic > 59.45821356470026,0.1683942708890098
CountClassCoupled,80.0,0.1490328423729548,0.0,71.0,CountClassCoupled > 58.969614743832466,0.1557620861989046
CountDeclInstanceVariable,100.0,0.07793751683557958,0.0,74.0,CountDeclInstanceVariable > 37.492663687704365,0.08145661065158034
OWN_COMMIT,0.25,0.0542985436912297,0.0,1.0,0.1650142457143403 < OWN_COMMIT <= 0.524282117653962,0.05675027267978303
