feature,value,importance,min,max,rule,importance_ratio
CountClassCoupled,17.0,0.13886211126454406,0.0,71.0,14.476416159221149 < CountClassCoupled <= 58.969614743832466,0.18597904821577727
OWN_COMMIT,1.0,0.12619452082052085,0.0,1.0,OWN_COMMIT > 0.9158840980681497,0.16901325104826545
MAJOR_LINE,3.0,0.06692753977230706,0.0,5.0,2.4961209246704383 < MAJOR_LINE <= 4.499384532543117,0.08963654688041167
CountClassDerived,49.0,0.06584423749157087,0.0,84.0,CountClassDerived > 21.017232506698324,0.08818567215823869
OWN_LINE,0.431192660550459,0.06251297124606223,0.282051282051282,1.0,OWN_LINE <= 0.4929700565327333,0.08372408274373846
