feature,value,importance,min,max,rule,importance_ratio
OWN_COMMIT,1.0,0.13595622020170503,0.0,1.0,OWN_COMMIT > 0.9158840980681497,0.16921318613025224
CountDeclMethodPrivate,1.0,0.11642917099183328,0.0,21.0,0.5047804236063558 < CountDeclMethodPrivate <= 1.5022263967624856,0.14490952273314947
MaxNesting_Min,0.0,-0.07288627374123216,0.0,3.0,MaxNesting_Min <= 0.5001092819407431,0.0907153684224075
CountClassCoupled,13.0,0.06423171962299157,0.0,71.0,7.4740046828129625 < CountClassCoupled <= 14.476416159221149,0.07994377831265377
OWN_LINE,0.6,0.05117797930160286,0.282051282051282,1.0,0.4971134892157368 < OWN_LINE <= 0.8679507143445468,0.06369689393015146
