feature,value,importance,min,max,rule,importance_ratio
OWN_LINE,0.495016611295681,0.0978820065287922,0.282051282051282,1.0,0.4929700565327333 < OWN_LINE <= 0.4971134892157368,0.15023217816121467
OWN_COMMIT,0.5,0.09254053754971354,0.0,1.0,0.1650142457143403 < OWN_COMMIT <= 0.524282117653962,0.14203393470702577
CountClassBase,5.0,0.04655377405725294,0.0,9.0,3.500170032951263 < CountClassBase <= 7.501707799835719,0.07145209958674983
CountOutput_Mean,2.7,-0.046327044003641064,0.0,40.0,2.0678217985545446 < CountOutput_Mean <= 14.196423099739473,0.07110410764199233
CountClassCoupled,7.0,0.03832108724417187,0.0,71.0,5.491020901883211 < CountClassCoupled <= 7.4740046828129625,0.05881633009336019
