feature,value,importance,min,max,rule,importance_ratio
CountClassCoupled,28.0,0.15513803774374102,0.0,71.0,14.476416159221149 < CountClassCoupled <= 58.969614743832466,0.20938736469839433
CountDeclMethodPublic,67.0,0.13846952840376395,0.0,165.0,CountDeclMethodPublic > 59.45821356470026,0.18689014032384418
OWN_COMMIT,1.0,0.11087121379650253,0.0,1.0,OWN_COMMIT > 0.9158840980681497,0.14964113002453214
OWN_LINE,0.351351351351351,0.06552678191645993,0.282051282051282,1.0,OWN_LINE <= 0.4929700565327333,0.08844046490595434
CountDeclMethodPrivate,0.0,-0.05322122248453173,0.0,21.0,CountDeclMethodPrivate <= 0.5047804236063558,0.07183184526589531
