feature,value,importance,min,max,rule,importance_ratio
OWN_COMMIT,1.0,0.10303007307011434,0.0,1.0,OWN_COMMIT > 0.9158840980681497,0.19582166365603754
MAJOR_LINE,3.0,0.05309898883807167,0.0,5.0,2.4961209246704383 < MAJOR_LINE <= 4.499384532543117,0.10092133318830637
OWN_LINE,0.676113360323887,0.048739158040123354,0.282051282051282,1.0,0.4971134892157368 < OWN_LINE <= 0.8679507143445468,0.09263492423339792
CountOutput_Mean,3.15789473684211,-0.04623304210922427,0.0,40.0,2.0678217985545446 < CountOutput_Mean <= 14.196423099739473,0.08787173445511261
CountDeclInstanceVariable,13.0,0.04403244556874743,0.0,74.0,8.484378607038305 < CountDeclInstanceVariable <= 15.48049442061071,0.08368922285678886
