feature,value,importance,min,max,rule,importance_ratio
CountClassCoupled,20.0,0.10178193091174252,0.0,71.0,14.476416159221149 < CountClassCoupled <= 58.969614743832466,0.15912833111945263
OWN_COMMIT,0.5,0.09253232785947345,0.0,1.0,0.1650142457143403 < OWN_COMMIT <= 0.524282117653962,0.14466727812075025
CountDeclMethodPrivate,2.0,0.07945741377663487,0.0,21.0,1.5022263967624856 < CountDeclMethodPrivate <= 2.499672369918615,0.12422564138921233
CountOutput_Mean,6.08333333333333,-0.05391466337045905,0.0,40.0,2.0678217985545446 < CountOutput_Mean <= 14.196423099739473,0.08429148796997755
OWN_LINE,0.75992438563327,0.04350302066771373,0.282051282051282,1.0,0.4971134892157368 < OWN_LINE <= 0.8679507143445468,0.0680136740922223
