feature,value,importance,min,max,rule,importance_ratio
CountOutput_Mean,0.511627906976744,0.12616117724695172,0.0,40.0,0.28420396014499616 < CountOutput_Mean <= 0.7479445981314785,0.2298128049738499
OWN_COMMIT,1.0,0.10636148869851576,0.0,1.0,OWN_COMMIT > 0.9158840980681497,0.19374606826277802
CountDeclMethodPrivate,0.0,-0.049767405183645134,0.0,21.0,CountDeclMethodPrivate <= 0.5047804236063558,0.0906553603184608
OWN_LINE,0.6996699669967,0.040598985747249815,0.282051282051282,1.0,0.4971134892157368 < OWN_LINE <= 0.8679507143445468,0.07395434155949324
CountClassCoupled,6.0,0.03868084095168249,0.0,71.0,5.491020901883211 < CountClassCoupled <= 7.4740046828129625,0.07046028542087258
