feature,value,importance,min,max,rule,importance_ratio
OWN_COMMIT,0.666666666666667,0.1657221384756351,0.0,1.0,0.524282117653962 < OWN_COMMIT <= 0.9158840980681497,0.2433777761783972
CountClassCoupled,23.0,0.11850664348702075,0.0,71.0,14.476416159221149 < CountClassCoupled <= 58.969614743832466,0.17403760064608179
CountDeclMethodPrivate,13.0,0.06693181735099724,0.0,21.0,2.499672369918615 < CountDeclMethodPrivate <= 13.001353544433867,0.09829535759254834
OWN_LINE,0.839400428265525,0.04745292928102327,0.282051282051282,1.0,0.4971134892157368 < OWN_LINE <= 0.8679507143445468,0.06968886901772725
CountOutput_Mean,3.44444444444444,-0.042647269167577835,0.0,40.0,2.0678217985545446 < CountOutput_Mean <= 14.196423099739473,0.06263132750735427
