feature,value,importance,min,max,rule,importance_ratio
CountDeclMethodPrivate,2.0,0.10056646830049229,0.0,21.0,1.5022263967624856 < CountDeclMethodPrivate <= 2.499672369918615,0.1617061369169252
OWN_COMMIT,1.0,0.09770362432056859,0.0,1.0,OWN_COMMIT > 0.9158840980681497,0.1571028188486594
OWN_LINE,1.0,-0.0567221745862361,0.282051282051282,1.0,OWN_LINE > 1.0005405602006578,0.09120658092974644
CountClassCoupled,7.0,0.05486893096850519,0.0,71.0,5.491020901883211 < CountClassCoupled <= 7.4740046828129625,0.08822665261712273
MaxNesting_Min,0.0,-0.050113685418588544,0.0,3.0,MaxNesting_Min <= 0.5001092819407431,0.08058044209622829
