feature,value,importance,min,max,rule,importance_ratio
OWN_COMMIT,0.666666666666667,0.12075360730896495,0.0,1.0,0.524282117653962 < OWN_COMMIT <= 0.9158840980681497,0.24011292650864408
CountClassCoupled,10.0,0.07079013627181388,0.0,71.0,7.4740046828129625 < CountClassCoupled <= 14.476416159221149,0.14076289037626963
OWN_LINE,0.505050505050505,0.045090206160334684,0.282051282051282,1.0,0.4971134892157368 < OWN_LINE <= 0.8679507143445468,0.08965977579729212
CountDeclMethodPrivate,1.0,0.04216101679854313,0.0,21.0,0.5047804236063558 < CountDeclMethodPrivate <= 1.5022263967624856,0.08383521911835023
CountOutput_Mean,2.2,-0.040833913735727694,0.0,40.0,2.0678217985545446 < CountOutput_Mean <= 14.196423099739473,0.08119633646057689
