feature,value,importance,min,max,rule,importance_ratio
CountClassCoupled,43.0,0.12977577779185492,0.0,71.0,14.476416159221149 < CountClassCoupled <= 58.969614743832466,0.19672596045447016
OWN_LINE,0.329113924050633,0.07817703879815445,0.282051282051282,1.0,OWN_LINE <= 0.4929700565327333,0.11850788571439075
OWN_COMMIT,0.5,0.06734353304228849,0.0,1.0,0.1650142457143403 < OWN_COMMIT <= 0.524282117653962,0.10208546959656939
MAJOR_LINE,3.0,0.048631983201290495,0.0,5.0,2.4961209246704383 < MAJOR_LINE <= 4.499384532543117,0.07372079572063249
CountOutput_Mean,6.04255319148936,-0.04475627273734222,0.0,40.0,2.0678217985545446 < CountOutput_Mean <= 14.196423099739473,0.06784564030691154
