feature,value,importance,min,max,rule,importance_ratio
CountClassCoupled,72.0,0.17177280574315998,0.0,71.0,CountClassCoupled > 58.969614743832466,0.208707437572355
CountDeclMethodPublic,81.0,0.1422403035241522,0.0,165.0,CountDeclMethodPublic > 59.45821356470026,0.17282484930954764
CountDeclInstanceVariable,40.0,0.08842134291628516,0.0,74.0,CountDeclInstanceVariable > 37.492663687704365,0.10743372227590936
OWN_COMMIT,0.333333333333333,0.07632269210755577,0.0,1.0,0.1650142457143403 < OWN_COMMIT <= 0.524282117653962,0.09273361653188264
OWN_LINE,0.460674157303371,0.05671128145179177,0.282051282051282,1.0,OWN_LINE <= 0.4929700565327333,0.068905355431789
