feature,value,importance,min,max,rule,importance_ratio
CountDeclMethodPublic,71.0,0.13707531686836602,0.0,165.0,CountDeclMethodPublic > 59.45821356470026,0.22601774134018415
OWN_COMMIT,0.666666666666667,0.09488811469173299,0.0,1.0,0.524282117653962 < OWN_COMMIT <= 0.9158840980681497,0.15645703291168678
CountDeclMethodPrivate,1.0,0.0480049271843491,0.0,21.0,0.5047804236063558 < CountDeclMethodPrivate <= 1.5022263967624856,0.07915331121084225
OWN_LINE,0.536423841059603,0.0456576804418645,0.282051282051282,1.0,0.4971134892157368 < OWN_LINE <= 0.8679507143445468,0.07528303449564097
MAJOR_LINE,3.0,0.04498452334100329,0.0,5.0,2.4961209246704383 < MAJOR_LINE <= 4.499384532543117,0.07417309398279237
