feature,value,importance,min,max,rule,importance_ratio
CountClassCoupled,63.0,0.19760861215441966,0.0,71.0,CountClassCoupled > 58.969614743832466,0.24431631913850502
CountDeclInstanceVariable,50.0,0.09600705094160826,0.0,74.0,CountDeclInstanceVariable > 37.492663687704365,0.11869973196849892
CountDeclMethodPublic,52.0,0.08182778053551841,0.0,165.0,38.50213057878183 < CountDeclMethodPublic <= 59.45821356470026,0.1011689820891449
CountDeclMethodPrivate,15.0,0.07267226199047543,0.0,21.0,CountDeclMethodPrivate > 13.001353544433867,0.0898494218415315
OWN_LINE,0.328331332533013,0.06590213392430067,0.282051282051282,1.0,OWN_LINE <= 0.4929700565327333,0.08147907425803876
