feature,value,importance,min,max,rule,importance_ratio
CountDeclMethodPublic,48.0,0.1751237026596777,0.0,165.0,38.50213057878183 < CountDeclMethodPublic <= 59.45821356470026,0.22411025261972065
OWN_LINE,0.418136020151133,0.09733729361938524,0.282051282051282,1.0,OWN_LINE <= 0.4929700565327333,0.124565008225943
OWN_COMMIT,0.5,0.09485247296816501,0.0,1.0,0.1650142457143403 < OWN_COMMIT <= 0.524282117653962,0.12138512009314209
CountDeclInstanceVariable,24.0,0.06999805209326321,0.0,74.0,21.509667398160907 < CountDeclInstanceVariable <= 37.492663687704365,0.0895782860872641
CountDeclMethodPrivate,0.0,-0.05125407917019258,0.0,21.0,CountDeclMethodPrivate <= 0.5047804236063558,0.0655911476069299
