feature,value,importance,min,max,rule,importance_ratio
CountClassCoupled,66.0,0.15646154652280025,0.0,71.0,CountClassCoupled > 58.969614743832466,0.18399507301370802
CountClassBase,9.0,0.11902748262839519,0.0,9.0,CountClassBase > 7.501707799835719,0.13997350047705173
CountDeclMethodPublic,170.0,0.11596696632228445,0.0,165.0,CountDeclMethodPublic > 59.45821356470026,0.1363744057875433
CountDeclInstanceVariable,75.0,0.09278979724593012,0.0,74.0,CountDeclInstanceVariable > 37.492663687704365,0.10911860389098316
OWN_LINE,0.416447615471273,0.058436326651744114,0.282051282051282,1.0,OWN_LINE <= 0.4929700565327333,0.06871973611339527
