feature,value,importance,min,max,rule,importance_ratio
CountClassCoupled,38.0,0.1439792771291951,0.0,71.0,14.476416159221149 < CountClassCoupled <= 58.969614743832466,0.17055393892700607
OWN_COMMIT,0.666666666666667,0.1333353059348397,0.0,1.0,0.524282117653962 < OWN_COMMIT <= 0.9158840980681497,0.15794537990921118
CountDeclMethodPublic,48.0,0.09550713204572962,0.0,165.0,38.50213057878183 < CountDeclMethodPublic <= 59.45821356470026,0.11313515313321353
MAJOR_LINE,6.0,0.07676572733700124,0.0,5.0,MAJOR_LINE > 4.499384532543117,0.0909345944289872
CountDeclMethodPrivate,16.0,0.06730501574712841,0.0,21.0,CountDeclMethodPrivate > 13.001353544433867,0.07972769258256862
