feature,value,importance,min,max,rule,importance_ratio
CountDeclMethodPublic,127.0,0.249733794232235,0.0,165.0,CountDeclMethodPublic > 59.45821356470026,0.3036226364129091
OWN_COMMIT,1.0,0.12038594957971728,0.0,1.0,OWN_COMMIT > 0.9158840980681497,0.14636344877087237
CountDeclInstanceVariable,63.0,0.086778773179208,0.0,74.0,CountDeclInstanceVariable > 37.492663687704365,0.10550434304797042
OWN_LINE,0.480868665977249,0.06055065333057532,0.282051282051282,1.0,OWN_LINE <= 0.4929700565327333,0.07361658464075162
CountDeclMethodPrivate,0.0,-0.0515078273569675,0.0,21.0,CountDeclMethodPrivate <= 0.5047804236063558,0.06262245118287961
