feature,value,importance,min,max,rule,importance_ratio
OWN_COMMIT,1.0,0.11162953544402278,0.0,1.0,OWN_COMMIT > 0.9158840980681497,0.13428808596088918
CountDeclMethodPublic,25.0,0.11111509642521901,0.0,165.0,21.504418823536874 < CountDeclMethodPublic <= 38.50213057878183,0.13366922616805776
OWN_LINE,0.272151898734177,0.07927982307022201,0.282051282051282,1.0,OWN_LINE <= 0.4929700565327333,0.09537203261727017
CountInput_Mean,2.96,0.05574974231977829,0.0,57.0,2.586598893284177 < CountInput_Mean <= 4.925382864055369,0.06706581872939861
RatioCommentToCode,0.17,0.050786577758310664,0.03,8.5,0.16254030530342767 < RatioCommentToCode <= 0.415554900473351,0.061095231584900274
