feature,value,importance,min,max,rule,importance_ratio
CountClassCoupled,19.0,0.15013519685909624,0.0,71.0,14.476416159221149 < CountClassCoupled <= 58.969614743832466,0.17931832038931872
CountDeclMethodPublic,75.0,0.12357506948338168,0.0,165.0,CountDeclMethodPublic > 59.45821356470026,0.1475954630582069
OWN_COMMIT,1.0,0.115763574383975,0.0,1.0,OWN_COMMIT > 0.9158840980681497,0.13826557765985079
CountDeclInstanceVariable,48.0,0.11544691512802552,0.0,74.0,CountDeclInstanceVariable > 37.492663687704365,0.13788736650683325
CountDeclMethodPrivate,10.0,0.050787034039788126,0.0,21.0,2.499672369918615 < CountDeclMethodPrivate <= 13.001353544433867,0.0606589649335661
