test_idx,candidate_id,CountDeclMethodPrivate,CountDeclMethodDefault,AvgEssential,CountDeclClassVariable,CountDeclClassMethod,AvgLineComment,AvgCyclomaticModified,CountLineComment,CountDeclClass,CountDeclMethodProtected,CountDeclInstanceVariable,CountDeclMethodPublic,AvgLineBlank,MaxInheritanceTree,CountClassDerived,CountClassCoupled,CountClassBase,CountInput_Min,CountOutput_Mean,CountOutput_Min,CountPath_Min,MaxNesting_Min,OWN_COMMIT,MINOR_COMMIT,MINOR_LINE,MAJOR_LINE,proba0,proba1
57,0,17.0,7.0,1.0,24.0,0.0,2.0,1.0,418.0,26.0,2.0,32.0,151.0,0.0,3.0,19.0,14.0,2.0,0.0,2.08474576271186,0.0,0.0,0.0,1.0,2.0,1.0,1.0,0.8788322897371875,0.12116771026281253
57,1,17.0,7.0,1.0,1.0,0.0,2.0,1.0,418.0,26.0,2.0,32.0,151.0,16.0,3.0,1689.0,14.0,2.0,0.0,2.08474576271186,0.0,0.0,0.0,1.0,0.0,1.0,1.0,0.8788322897371875,0.12116771026281253
57,2,17.0,7.0,1.0,1.0,0.0,2.0,1.0,418.0,26.0,2.0,32.0,151.0,0.0,3.0,19.0,14.0,2.0,0.0,2.08474576271186,18.0,0.0,0.0,1.0,0.0,1.0,1.0,0.8668445429150734,0.13315545708492638
57,3,17.0,7.0,1.0,1.0,0.0,2.0,1.0,418.0,26.0,2.0,32.0,151.0,0.0,3.0,19.0,14.0,2.0,0.0,1.9,0.0,0.0,0.0,1.0,0.0,1.0,10.0,0.8329389903543724,0.1670610096456279
57,4,17.0,7.0,1.0,1.0,0.0,2.0,1.0,418.0,26.0,2.0,32.0,151.0,0.0,3.0,19.0,83.0,2.0,0.0,2.08474576271186,0.0,0.0,0.0,1.0,0.0,1.0,1.0,0.8788132798554108,0.12118672014458921
57,5,17.0,7.0,1.0,1.0,0.0,2.0,1.0,418.0,67.0,2.0,32.0,151.0,0.0,3.0,2866.0,14.0,2.0,0.0,2.08474576271186,0.0,0.0,0.0,1.0,0.0,1.0,1.0,0.8788322897371875,0.12116771026281253
57,6,17.0,7.0,1.0,1.0,0.0,2.0,1.0,418.0,26.0,2.0,32.0,151.0,0.0,3.0,19.0,69.0,2.0,0.0,2.08474576271186,0.0,0.0,0.0,1.0,0.0,1.0,1.0,0.877919192753126,0.12208080724687405
57,7,17.0,7.0,1.0,1.0,0.0,2.0,1.0,418.0,26.0,2.0,32.0,151.0,0.0,3.0,19.0,14.0,2.0,0.0,2.08474576271186,0.0,0.0,0.0,0.8,2.0,1.0,1.0,0.8788322897371282,0.12116771026287172
57,8,17.0,7.0,1.0,1.0,0.0,2.0,1.0,418.0,26.0,2.0,32.0,151.0,10.0,3.0,19.0,14.0,2.0,0.0,2.08474576271186,0.0,76.0,0.0,1.0,0.0,1.0,1.0,0.8788322897371875,0.12116771026281253
57,9,17.0,7.0,1.0,1.0,0.0,2.0,1.0,30.0,26.0,2.0,32.0,151.0,0.0,3.0,19.0,14.0,2.0,0.0,2.08474576271186,0.0,0.0,0.0,1.0,0.0,1.0,1.0,0.873647632504611,0.12635236749538886
57,10,17.0,7.0,1.0,1.0,0.0,2.0,1.0,418.0,26.0,2.0,32.0,151.0,0.0,3.0,19.0,14.0,2.0,0.0,7.5,0.0,0.0,0.0,1.0,5.0,1.0,1.0,0.8788322897371875,0.12116771026281253
57,11,17.0,43.0,1.0,1.0,0.0,2.0,1.0,418.0,26.0,2.0,32.0,151.0,20.0,3.0,19.0,14.0,2.0,0.0,2.08474576271186,0.0,0.0,0.0,1.0,0.0,1.0,1.0,0.8788322892247401,0.12116771077525999
57,12,17.0,7.0,1.0,1.0,73.0,2.0,1.0,418.0,26.0,2.0,32.0,151.0,0.0,3.0,19.0,14.0,2.0,0.0,2.08474576271186,0.0,0.0,0.0,1.0,0.0,1.0,1.0,0.8788322900995597,0.12116770990044
57,13,12.0,7.0,1.0,1.0,0.0,2.0,1.0,418.0,4.0,2.0,32.0,151.0,0.0,3.0,19.0,14.0,2.0,0.0,2.08474576271186,0.0,0.0,0.0,1.0,0.0,1.0,1.0,0.8768780032696724,0.1231219967303276
57,14,17.0,7.0,1.0,1.0,0.0,2.0,4.0,418.0,26.0,2.0,32.0,151.0,0.0,3.0,19.0,14.0,5.0,0.0,2.08474576271186,0.0,0.0,0.0,1.0,0.0,1.0,1.0,0.5398795823049329,0.4601204176950672
57,15,17.0,7.0,1.0,1.0,54.0,23.0,1.0,418.0,26.0,2.0,32.0,151.0,0.0,3.0,19.0,14.0,2.0,0.0,2.08474576271186,0.0,0.0,0.0,1.0,0.0,1.0,1.0,0.8788322897461727,0.12116771025382736
57,16,17.0,7.0,1.0,1.0,0.0,2.0,18.0,418.0,26.0,2.0,32.0,151.0,0.0,3.0,19.0,49.0,2.0,0.0,2.08474576271186,0.0,0.0,0.0,1.0,0.0,1.0,1.0,0.8788322875342925,0.12116771246570743
57,17,17.0,7.0,1.0,1.0,0.0,2.0,1.0,418.0,70.0,2.0,32.0,151.0,0.0,3.0,1388.0,14.0,2.0,0.0,2.08474576271186,0.0,0.0,0.0,1.0,0.0,1.0,1.0,0.8788322897371875,0.12116771026281253
57,18,17.0,7.0,1.0,38.0,0.0,2.0,1.0,418.0,26.0,2.0,32.0,151.0,5.0,3.0,19.0,14.0,2.0,0.0,2.08474576271186,0.0,0.0,0.0,1.0,0.0,1.0,1.0,0.8788322897371842,0.12116771026281599
57,19,19.0,7.0,1.0,1.0,0.0,2.0,1.0,418.0,26.0,2.0,32.0,151.0,0.0,3.0,19.0,78.0,2.0,0.0,2.08474576271186,0.0,0.0,0.0,1.0,0.0,1.0,1.0,0.8787605775229805,0.12123942247701944
57,20,17.0,7.0,1.0,23.0,0.0,2.0,1.0,418.0,26.0,2.0,32.0,151.0,0.0,3.0,19.0,14.0,2.0,0.0,20.8,0.0,0.0,0.0,1.0,0.0,1.0,1.0,0.8788314832391675,0.12116851676083262
57,21,17.0,7.0,6.0,1.0,0.0,2.0,1.0,418.0,26.0,2.0,32.0,151.0,0.0,3.0,19.0,14.0,2.0,0.0,2.08474576271186,0.0,0.0,0.0,1.0,0.0,2.0,1.0,0.8787197818982267,0.12128021810177314
57,22,5.0,7.0,1.0,1.0,0.0,2.0,1.0,849.0,26.0,2.0,32.0,151.0,0.0,3.0,19.0,14.0,2.0,0.0,2.08474576271186,0.0,0.0,0.0,1.0,0.0,1.0,1.0,0.8788262548893458,0.12117374511065433
57,23,17.0,7.0,4.0,1.0,0.0,2.0,1.0,418.0,26.0,2.0,32.0,151.0,0.0,9.0,19.0,14.0,2.0,0.0,2.08474576271186,0.0,0.0,0.0,1.0,0.0,1.0,1.0,0.8572490194439513,0.14275098055604876
57,24,17.0,7.0,6.0,1.0,0.0,2.0,1.0,1294.0,26.0,2.0,32.0,151.0,0.0,3.0,19.0,14.0,2.0,0.0,2.08474576271186,0.0,0.0,0.0,1.0,0.0,1.0,1.0,0.8788322897371866,0.12116771026281344
57,25,17.0,7.0,1.0,1.0,0.0,2.0,1.0,418.0,26.0,2.0,32.0,151.0,0.0,3.0,19.0,59.0,2.0,0.0,2.08474576271186,0.0,33.0,0.0,1.0,0.0,1.0,1.0,0.8788322642801555,0.1211677357198446
57,26,17.0,7.0,1.0,1.0,0.0,2.0,1.0,418.0,26.0,2.0,32.0,151.0,0.0,3.0,19.0,94.0,2.0,0.0,3.3,0.0,0.0,0.0,1.0,0.0,1.0,1.0,0.8788318016405313,0.12116819835946856
57,27,11.0,7.0,1.0,1.0,0.0,2.0,1.0,418.0,15.0,2.0,32.0,151.0,0.0,3.0,19.0,14.0,2.0,0.0,2.08474576271186,0.0,0.0,0.0,1.0,0.0,1.0,1.0,0.8229641234857753,0.1770358765142248
57,28,17.0,7.0,1.0,1.0,74.0,2.0,0.0,418.0,26.0,2.0,32.0,151.0,0.0,3.0,19.0,14.0,2.0,0.0,2.08474576271186,0.0,0.0,0.0,1.0,0.0,1.0,1.0,0.8788322899912592,0.12116771000874091
57,29,17.0,7.0,1.0,1.0,0.0,2.0,1.0,534.0,26.0,2.0,32.0,151.0,0.0,3.0,19.0,14.0,2.0,0.0,2.08474576271186,19.0,0.0,0.0,1.0,0.0,1.0,1.0,0.8742117311203403,0.1257882688796597
57,30,17.0,7.0,1.0,1.0,0.0,2.0,1.0,418.0,26.0,2.0,32.0,62.0,0.0,3.0,19.0,14.0,2.0,0.0,2.08474576271186,0.0,21.0,0.0,1.0,0.0,1.0,1.0,0.878702443523035,0.12129755647696519
57,31,17.0,7.0,1.0,1.0,0.0,2.0,1.0,418.0,26.0,11.0,32.0,151.0,0.0,3.0,380.0,14.0,2.0,0.0,2.08474576271186,0.0,0.0,0.0,1.0,0.0,1.0,1.0,0.8442683951931771,0.15573160480682297
57,32,17.0,7.0,1.0,1.0,0.0,2.0,1.0,418.0,26.0,2.0,32.0,151.0,0.0,3.0,1930.0,14.0,2.0,0.0,2.08474576271186,0.0,0.0,0.0,1.0,0.0,1.0,1.0,0.8788322897371875,0.12116771026281253
57,33,17.0,7.0,1.0,1.0,0.0,2.0,1.0,418.0,26.0,24.0,32.0,151.0,0.0,3.0,19.0,14.0,2.0,0.0,2.08474576271186,12.0,0.0,0.0,1.0,0.0,1.0,1.0,0.8784733550888681,0.12152664491113192
57,34,17.0,7.0,1.0,1.0,0.0,18.0,1.0,418.0,26.0,2.0,32.0,151.0,0.0,0.0,19.0,14.0,2.0,0.0,2.08474576271186,0.0,0.0,0.0,1.0,0.0,1.0,1.0,0.8494723385971154,0.15052766140288487
57,35,17.0,7.0,1.0,1.0,0.0,15.0,1.0,418.0,26.0,2.0,32.0,151.0,0.0,3.0,19.0,14.0,2.0,0.0,2.08474576271186,0.0,0.0,0.0,0.1,0.0,1.0,1.0,0.7660764893206643,0.23392351067933556
57,36,17.0,7.0,1.0,1.0,0.0,18.0,1.0,418.0,26.0,2.0,32.0,151.0,0.0,2.0,19.0,14.0,2.0,0.0,2.08474576271186,0.0,0.0,0.0,1.0,0.0,1.0,1.0,0.845759606316203,0.15424039368379716
57,37,17.0,7.0,1.0,1.0,0.0,2.0,22.0,418.0,26.0,2.0,32.0,151.0,0.0,3.0,2791.0,14.0,2.0,0.0,2.08474576271186,0.0,0.0,0.0,1.0,0.0,1.0,1.0,0.8788322897371875,0.12116771026281253
57,38,17.0,7.0,1.0,1.0,0.0,0.0,1.0,418.0,26.0,2.0,32.0,151.0,0.0,3.0,19.0,14.0,2.0,0.0,2.08474576271186,0.0,0.0,0.0,1.0,0.0,7.0,1.0,0.7636359766967086,0.2363640233032914
57,39,17.0,7.0,1.0,1.0,0.0,2.0,1.0,418.0,26.0,2.0,32.0,151.0,0.0,3.0,2839.0,14.0,2.0,0.0,2.08474576271186,5.0,0.0,0.0,1.0,0.0,1.0,1.0,0.8788322897371875,0.12116771026281228
57,40,17.0,7.0,1.0,12.0,0.0,2.0,1.0,418.0,26.0,2.0,32.0,151.0,0.0,3.0,19.0,14.0,2.0,0.0,2.08474576271186,0.0,0.0,4.0,1.0,0.0,1.0,1.0,0.8788322880959801,0.12116771190401994
57,41,17.0,7.0,1.0,1.0,38.0,2.0,1.0,418.0,26.0,2.0,32.0,151.0,0.0,3.0,19.0,14.0,2.0,0.0,2.08474576271186,0.0,0.0,4.0,1.0,0.0,1.0,1.0,0.8788322897361698,0.12116771026383044
57,42,17.0,7.0,1.0,1.0,0.0,2.0,1.0,418.0,26.0,2.0,32.0,151.0,22.0,3.0,19.0,14.0,2.0,0.0,2.08474576271186,2.0,0.0,0.0,1.0,0.0,1.0,1.0,0.8788321096625361,0.12116789033746374
57,43,17.0,7.0,1.0,1.0,0.0,2.0,1.0,418.0,26.0,2.0,32.0,151.0,0.0,3.0,19.0,14.0,2.0,0.0,24.7,0.0,0.0,0.0,1.0,0.0,1.0,1.0,0.8529003855335234,0.14709961446647646
57,44,17.0,7.0,1.0,1.0,0.0,2.0,1.0,418.0,26.0,2.0,32.0,151.0,0.0,3.0,19.0,14.0,2.0,220.0,2.08474576271186,0.0,0.0,0.0,1.0,0.0,1.0,1.0,0.8788322897371875,0.12116771026281253
57,45,17.0,7.0,1.0,18.0,0.0,2.0,1.0,418.0,26.0,2.0,32.0,43.0,0.0,3.0,19.0,14.0,2.0,0.0,2.08474576271186,0.0,0.0,0.0,1.0,0.0,1.0,1.0,0.8788276445361536,0.12117235546384635
57,46,17.0,7.0,1.0,1.0,0.0,2.0,1.0,418.0,26.0,18.0,32.0,151.0,0.0,3.0,19.0,14.0,2.0,0.0,2.08474576271186,0.0,0.0,0.0,1.0,0.0,1.0,1.0,0.8382900636817548,0.1617099363182451
57,47,17.0,7.0,1.0,1.0,0.0,2.0,1.0,418.0,26.0,2.0,32.0,21.0,0.0,3.0,19.0,14.0,2.0,128.0,2.08474576271186,0.0,0.0,0.0,1.0,0.0,1.0,1.0,0.8788322897356896,0.12116771026431035
57,48,17.0,7.0,1.0,1.0,0.0,2.0,1.0,418.0,26.0,2.0,32.0,151.0,0.0,3.0,19.0,14.0,2.0,0.0,2.08474576271186,0.0,50.0,0.0,1.0,0.0,1.0,1.0,0.8788322897370248,0.12116771026297544
57,49,20.0,7.0,1.0,1.0,0.0,2.0,1.0,418.0,26.0,2.0,32.0,151.0,0.0,3.0,19.0,14.0,2.0,0.0,2.08474576271186,0.0,0.0,3.0,1.0,0.0,1.0,1.0,0.8787964956302958,0.12120350436970397
57,50,17.0,98.0,1.0,1.0,0.0,2.0,1.0,418.0,26.0,2.0,32.0,151.0,0.0,3.0,19.0,14.0,2.0,0.0,2.08474576271186,0.0,0.0,0.0,1.0,0.0,1.0,1.0,0.8788322897371875,0.12116771026281253
57,51,17.0,7.0,1.0,1.0,0.0,2.0,1.0,418.0,26.0,2.0,32.0,44.0,0.0,3.0,19.0,14.0,2.0,176.0,2.08474576271186,0.0,0.0,0.0,1.0,0.0,1.0,1.0,0.878832289737202,0.12116771026279811
57,52,17.0,7.0,2.0,1.0,0.0,2.0,1.0,418.0,26.0,2.0,32.0,151.0,0.0,3.0,19.0,14.0,2.0,0.0,2.08474576271186,0.0,0.0,4.0,1.0,0.0,1.0,1.0,0.878832269806971,0.12116773019302898
57,53,17.0,7.0,1.0,1.0,0.0,2.0,1.0,418.0,26.0,2.0,32.0,151.0,0.0,3.0,19.0,14.0,2.0,0.0,21.2,0.0,0.0,0.0,1.0,0.0,1.0,1.0,0.7984518708404963,0.20154812915950368
57,54,17.0,7.0,1.0,8.0,0.0,2.0,1.0,418.0,26.0,2.0,32.0,151.0,0.0,3.0,19.0,102.0,2.0,0.0,2.08474576271186,0.0,0.0,0.0,1.0,0.0,1.0,1.0,0.878832281955387,0.12116771804461295
57,55,17.0,7.0,1.0,1.0,0.0,2.0,1.0,418.0,26.0,2.0,32.0,151.0,8.0,3.0,19.0,14.0,2.0,0.0,2.08474576271186,0.0,10.0,0.0,1.0,0.0,1.0,1.0,0.8429537827997382,0.15704621720026188
57,56,17.0,7.0,1.0,1.0,0.0,2.0,1.0,418.0,26.0,2.0,32.0,151.0,0.0,3.0,1300.0,14.0,2.0,0.0,2.08474576271186,0.0,0.0,0.0,1.0,0.0,1.0,1.0,0.8788322897367635,0.12116771026323632
57,57,17.0,7.0,1.0,1.0,0.0,2.0,1.0,418.0,26.0,2.0,32.0,151.0,0.0,3.0,19.0,14.0,0.0,143.0,2.08474576271186,0.0,0.0,0.0,1.0,0.0,1.0,1.0,0.8788322897191908,0.12116771028080921
57,58,17.0,7.0,1.0,1.0,0.0,2.0,1.0,418.0,26.0,2.0,32.0,151.0,0.0,3.0,19.0,29.0,2.0,0.0,20.6,0.0,0.0,0.0,1.0,0.0,1.0,1.0,0.8255360206078981,0.1744639793921019
57,59,17.0,7.0,1.0,1.0,0.0,2.0,1.0,418.0,26.0,2.0,89.0,151.0,0.0,3.0,19.0,56.0,2.0,0.0,2.08474576271186,0.0,0.0,0.0,1.0,0.0,1.0,1.0,0.878832021239475,0.12116797876052486
57,60,17.0,7.0,1.0,1.0,0.0,2.0,1.0,418.0,26.0,2.0,32.0,151.0,0.0,3.0,1568.0,14.0,2.0,0.0,2.08474576271186,0.0,0.0,0.0,1.0,0.0,1.0,1.0,0.8788322897371875,0.12116771026281253
57,61,17.0,7.0,1.0,1.0,78.0,23.0,1.0,418.0,26.0,2.0,32.0,151.0,0.0,3.0,19.0,14.0,2.0,0.0,2.08474576271186,0.0,0.0,0.0,1.0,0.0,1.0,1.0,0.8788322897364919,0.12116771026350834
57,62,17.0,7.0,1.0,1.0,0.0,2.0,1.0,145.0,26.0,2.0,32.0,151.0,0.0,3.0,19.0,14.0,2.0,0.0,2.08474576271186,0.0,0.0,0.0,0.8,0.0,1.0,1.0,0.7975974077728947,0.2024025922271055
57,63,17.0,7.0,1.0,1.0,0.0,23.0,1.0,418.0,26.0,2.0,32.0,151.0,13.0,3.0,19.0,14.0,2.0,0.0,2.08474576271186,0.0,0.0,0.0,1.0,0.0,1.0,1.0,0.8788179834883557,0.12118201651164415
57,64,17.0,7.0,1.0,1.0,0.0,2.0,1.0,418.0,26.0,22.0,32.0,151.0,0.0,3.0,19.0,14.0,2.0,0.0,2.08474576271186,0.0,0.0,0.0,1.0,0.0,1.0,1.0,0.8723273960647386,0.12767260393526134
57,65,17.0,7.0,1.0,11.0,0.0,2.0,1.0,418.0,26.0,2.0,32.0,151.0,0.0,3.0,19.0,14.0,2.0,0.0,2.08474576271186,15.0,0.0,0.0,1.0,0.0,1.0,1.0,0.874824583918503,0.12517541608149715
57,66,17.0,7.0,1.0,1.0,0.0,2.0,1.0,418.0,26.0,2.0,32.0,151.0,0.0,3.0,1483.0,14.0,2.0,0.0,2.08474576271186,0.0,0.0,0.0,1.0,0.0,1.0,1.0,0.8788322897371875,0.12116771026281253
57,67,17.0,7.0,1.0,1.0,0.0,2.0,1.0,418.0,26.0,30.0,32.0,151.0,0.0,3.0,2950.0,14.0,2.0,0.0,2.08474576271186,0.0,0.0,0.0,1.0,0.0,1.0,1.0,0.8788322897371875,0.12116771026281253
57,68,17.0,7.0,1.0,1.0,0.0,2.0,1.0,418.0,26.0,2.0,32.0,151.0,0.0,3.0,19.0,14.0,6.0,341.0,2.08474576271186,0.0,0.0,0.0,1.0,0.0,1.0,1.0,0.8788322897371875,0.12116771026281253
57,69,17.0,7.0,1.0,1.0,0.0,2.0,1.0,418.0,26.0,2.0,32.0,151.0,0.0,3.0,19.0,14.0,2.0,0.0,2.08474576271186,0.0,65.0,0.0,1.0,0.0,1.0,1.0,0.8788322897371875,0.12116771026281253
57,70,17.0,7.0,1.0,1.0,0.0,2.0,24.0,1309.0,26.0,2.0,32.0,151.0,0.0,3.0,19.0,14.0,2.0,0.0,2.08474576271186,0.0,0.0,0.0,1.0,0.0,1.0,1.0,0.8788322897371875,0.12116771026281253
57,71,17.0,102.0,1.0,1.0,0.0,2.0,1.0,418.0,26.0,2.0,32.0,151.0,0.0,3.0,19.0,14.0,2.0,0.0,2.08474576271186,0.0,0.0,0.0,1.0,0.0,1.0,1.0,0.8788322897371875,0.12116771026281253
57,72,17.0,7.0,7.0,29.0,0.0,2.0,1.0,418.0,26.0,2.0,32.0,151.0,0.0,3.0,19.0,14.0,2.0,0.0,2.08474576271186,0.0,0.0,0.0,1.0,0.0,1.0,1.0,0.8788322897371632,0.12116771026283685
57,73,17.0,7.0,1.0,1.0,0.0,2.0,1.0,418.0,26.0,2.0,32.0,151.0,0.0,3.0,19.0,71.0,0.0,0.0,2.08474576271186,0.0,0.0,0.0,1.0,0.0,1.0,1.0,0.8784534274053906,0.12154657259460944
57,74,17.0,7.0,1.0,1.0,0.0,2.0,1.0,771.0,26.0,2.0,32.0,151.0,0.0,3.0,19.0,14.0,2.0,0.0,2.08474576271186,0.0,0.0,0.0,1.0,0.0,1.0,1.0,0.8662115342796683,0.13378846572033146
57,75,17.0,7.0,1.0,1.0,0.0,2.0,1.0,418.0,44.0,2.0,42.0,151.0,0.0,3.0,19.0,14.0,2.0,0.0,2.08474576271186,0.0,0.0,0.0,1.0,0.0,1.0,1.0,0.8653718931642457,0.13462810683575427
57,76,17.0,7.0,1.0,1.0,0.0,14.0,1.0,418.0,26.0,2.0,32.0,151.0,0.0,3.0,19.0,14.0,1.0,0.0,2.08474576271186,0.0,0.0,0.0,1.0,0.0,1.0,1.0,0.7144838804321144,0.2855161195678857
57,77,17.0,7.0,1.0,1.0,0.0,2.0,1.0,418.0,26.0,2.0,32.0,151.0,0.0,3.0,19.0,75.0,2.0,0.0,2.08474576271186,0.0,58.0,0.0,1.0,0.0,1.0,1.0,0.8788322897371875,0.12116771026281253
57,78,17.0,7.0,1.0,1.0,0.0,2.0,1.0,418.0,26.0,2.0,32.0,151.0,0.0,3.0,2483.0,14.0,2.0,0.0,2.08474576271186,0.0,0.0,3.0,1.0,0.0,1.0,1.0,0.8788322897371875,0.12116771026281253
57,79,17.0,7.0,1.0,1.0,0.0,2.0,1.0,749.0,26.0,2.0,32.0,151.0,0.0,3.0,19.0,88.0,2.0,0.0,2.08474576271186,0.0,0.0,0.0,1.0,0.0,1.0,1.0,0.8788321896203243,0.12116781037967567
57,80,17.0,7.0,1.0,1.0,0.0,2.0,20.0,418.0,26.0,2.0,32.0,151.0,0.0,3.0,19.0,14.0,2.0,0.0,2.08474576271186,0.0,0.0,0.0,1.0,0.0,1.0,2.0,0.8788322892590755,0.12116771074092454
57,81,17.0,7.0,1.0,1.0,0.0,2.0,1.0,418.0,26.0,2.0,32.0,48.0,0.0,3.0,19.0,14.0,6.0,0.0,2.08474576271186,0.0,0.0,0.0,1.0,0.0,1.0,1.0,0.8773470838731376,0.12265291612686223
57,82,17.0,42.0,1.0,1.0,0.0,2.0,1.0,418.0,26.0,2.0,32.0,151.0,0.0,3.0,19.0,14.0,2.0,0.0,2.08474576271186,19.0,0.0,0.0,1.0,0.0,1.0,1.0,0.8788300982586484,0.12116990174135182
57,83,17.0,100.0,1.0,1.0,0.0,2.0,1.0,418.0,26.0,2.0,32.0,151.0,0.0,3.0,19.0,14.0,2.0,0.0,2.08474576271186,0.0,0.0,0.0,1.0,0.0,1.0,1.0,0.8788322897371875,0.12116771026281253
57,84,17.0,7.0,1.0,1.0,0.0,2.0,1.0,418.0,52.0,2.0,32.0,151.0,0.0,3.0,19.0,14.0,2.0,0.0,2.08474576271186,0.0,0.0,0.0,1.0,0.0,1.0,2.0,0.878538672081513,0.12146132791848697
57,85,17.0,7.0,1.0,1.0,0.0,2.0,1.0,418.0,26.0,2.0,32.0,151.0,0.0,3.0,2396.0,14.0,2.0,0.0,2.08474576271186,0.0,0.0,0.0,1.0,0.0,1.0,1.0,0.8788322897371875,0.12116771026281253
57,86,17.0,7.0,1.0,1.0,0.0,2.0,1.0,418.0,18.0,2.0,50.0,151.0,0.0,3.0,19.0,14.0,2.0,0.0,2.08474576271186,0.0,0.0,0.0,1.0,0.0,1.0,1.0,0.695069227730569,0.30493077226943094
57,87,17.0,7.0,1.0,1.0,0.0,2.0,1.0,418.0,26.0,2.0,32.0,151.0,0.0,3.0,19.0,14.0,2.0,0.0,17.0,0.0,0.0,0.0,1.0,5.0,1.0,1.0,0.8788322897371875,0.12116771026281253
57,88,17.0,7.0,1.0,1.0,0.0,24.0,1.0,418.0,26.0,2.0,32.0,151.0,0.0,3.0,19.0,14.0,2.0,0.0,2.08474576271186,0.0,0.0,0.0,1.0,0.0,1.0,1.0,0.8771363556134202,0.12286364438657978
57,89,17.0,7.0,1.0,1.0,0.0,2.0,1.0,644.0,26.0,2.0,32.0,151.0,0.0,8.0,19.0,14.0,2.0,0.0,2.08474576271186,0.0,0.0,0.0,1.0,0.0,1.0,1.0,0.7392792778962874,0.2607207221037125
57,90,17.0,7.0,1.0,1.0,0.0,2.0,1.0,418.0,26.0,2.0,32.0,151.0,0.0,3.0,19.0,14.0,2.0,0.0,2.08474576271186,0.0,0.0,0.0,1.0,5.0,3.0,1.0,0.8788322897371875,0.12116771026281253
57,91,17.0,7.0,1.0,1.0,46.0,2.0,1.0,418.0,26.0,2.0,32.0,151.0,0.0,3.0,19.0,14.0,2.0,0.0,2.08474576271186,0.0,0.0,4.0,1.0,0.0,1.0,1.0,0.878832289737179,0.12116771026282097
57,92,17.0,7.0,1.0,1.0,0.0,2.0,22.0,418.0,26.0,2.0,32.0,151.0,0.0,3.0,19.0,14.0,2.0,0.0,2.08474576271186,0.0,0.0,0.0,0.1,0.0,1.0,1.0,0.878832289732939,0.12116771026706105
57,93,19.0,7.0,1.0,1.0,0.0,2.0,1.0,418.0,26.0,32.0,32.0,151.0,0.0,3.0,19.0,14.0,2.0,0.0,2.08474576271186,0.0,0.0,0.0,1.0,0.0,1.0,1.0,0.8788187329898632,0.12118126701013672
57,94,18.0,7.0,6.0,1.0,0.0,2.0,1.0,418.0,26.0,2.0,32.0,151.0,0.0,3.0,19.0,14.0,2.0,0.0,2.08474576271186,0.0,0.0,0.0,1.0,0.0,1.0,1.0,0.8787174100056314,0.12128258999436876
57,95,17.0,59.0,1.0,1.0,0.0,2.0,1.0,418.0,26.0,2.0,32.0,151.0,0.0,3.0,19.0,14.0,2.0,0.0,2.08474576271186,0.0,0.0,0.0,1.0,0.0,1.0,10.0,0.8788322890300397,0.12116771096996022
57,96,17.0,7.0,1.0,1.0,0.0,2.0,1.0,418.0,26.0,2.0,81.0,151.0,0.0,3.0,19.0,14.0,2.0,0.0,2.08474576271186,0.0,0.0,0.0,1.0,0.0,1.0,6.0,0.8787368890111265,0.12126311098887378
57,97,17.0,7.0,1.0,1.0,0.0,2.0,1.0,418.0,52.0,2.0,32.0,151.0,0.0,3.0,19.0,14.0,2.0,0.0,2.08474576271186,0.0,0.0,0.0,1.0,0.0,5.0,1.0,0.8787147563221152,0.12128524367788489
57,98,17.0,7.0,1.0,1.0,0.0,2.0,19.0,418.0,26.0,2.0,32.0,151.0,0.0,3.0,19.0,14.0,2.0,0.0,2.08474576271186,0.0,0.0,3.0,1.0,0.0,1.0,1.0,0.8788322897369023,0.12116771026309779
57,99,17.0,7.0,1.0,1.0,0.0,0.0,1.0,418.0,26.0,2.0,32.0,151.0,0.0,3.0,19.0,14.0,2.0,0.0,2.08474576271186,0.0,0.0,0.0,1.0,4.0,1.0,1.0,0.8788322897371882,0.12116771026281199
115,0,4.0,0.0,2.0,1.0,0.0,4.0,3.0,132.0,4.0,9.0,13.0,25.0,1.0,3.0,0.0,19.0,6.0,0.0,5.02631578947368,22.0,1.0,0.0,0.333333333333333,0.0,3.0,7.0,0.8779051201816594,0.12209487981834065
115,1,4.0,0.0,2.0,32.0,0.0,4.0,3.0,132.0,4.0,9.0,13.0,25.0,1.0,3.0,0.0,16.0,2.0,0.0,5.02631578947368,1.0,1.0,0.0,0.333333333333333,0.0,3.0,7.0,0.8800203706575465,0.11997962934245363
115,2,4.0,0.0,7.0,1.0,0.0,4.0,3.0,132.0,4.0,9.0,13.0,25.0,1.0,3.0,0.0,19.0,2.0,0.0,5.02631578947368,1.0,1.0,0.0,0.333333333333333,0.0,1.0,7.0,0.8797508974421685,0.12024910255783165
115,3,4.0,0.0,2.0,1.0,77.0,4.0,3.0,132.0,4.0,9.0,13.0,25.0,20.0,3.0,0.0,19.0,2.0,0.0,5.02631578947368,1.0,1.0,0.0,0.333333333333333,0.0,3.0,7.0,0.8788322875297372,0.12116771247026278
115,4,4.0,0.0,2.0,1.0,0.0,8.0,3.0,132.0,4.0,9.0,13.0,25.0,1.0,3.0,723.0,19.0,2.0,0.0,5.02631578947368,1.0,1.0,0.0,0.333333333333333,0.0,3.0,7.0,0.8786803895196554,0.12131961048034481
115,5,4.0,0.0,2.0,1.0,0.0,4.0,3.0,553.0,4.0,9.0,13.0,25.0,1.0,3.0,0.0,37.0,2.0,0.0,5.02631578947368,1.0,1.0,0.0,0.333333333333333,0.0,3.0,7.0,0.866052054345913,0.13394794565408683
115,6,4.0,0.0,2.0,10.0,0.0,4.0,3.0,132.0,4.0,9.0,13.0,25.0,3.0,3.0,0.0,19.0,2.0,0.0,5.02631578947368,1.0,1.0,0.0,0.333333333333333,0.0,3.0,7.0,0.6056113228333329,0.3943886771666671
115,7,4.0,0.0,2.0,1.0,0.0,4.0,3.0,132.0,4.0,9.0,13.0,25.0,6.0,3.0,0.0,19.0,2.0,0.0,5.02631578947368,1.0,1.0,0.0,0.333333333333333,0.0,7.0,7.0,0.5522712031980277,0.44772879680197225
115,8,4.0,0.0,2.0,1.0,0.0,4.0,3.0,132.0,4.0,9.0,13.0,25.0,1.0,3.0,0.0,86.0,2.0,0.0,5.02631578947368,1.0,1.0,0.0,0.333333333333333,0.0,3.0,7.0,0.8569153217216895,0.1430846782783106
115,9,4.0,0.0,2.0,1.0,0.0,4.0,3.0,132.0,4.0,9.0,13.0,25.0,1.0,3.0,0.0,19.0,2.0,200.0,5.02631578947368,1.0,1.0,0.0,0.333333333333333,0.0,3.0,7.0,0.8788663587195513,0.12113364128044883
115,10,4.0,0.0,2.0,1.0,0.0,4.0,3.0,132.0,4.0,9.0,13.0,25.0,1.0,3.0,2759.0,19.0,2.0,0.0,5.02631578947368,1.0,1.0,0.0,0.333333333333333,0.0,3.0,7.0,0.8810657896088082,0.11893421039119169
115,11,4.0,0.0,2.0,1.0,73.0,4.0,3.0,132.0,4.0,10.0,13.0,25.0,1.0,3.0,0.0,19.0,2.0,0.0,5.02631578947368,1.0,1.0,0.0,0.333333333333333,0.0,3.0,7.0,0.8779300762707997,0.12206992372920025
115,12,4.0,0.0,2.0,1.0,0.0,4.0,3.0,132.0,4.0,9.0,13.0,25.0,1.0,3.0,1601.0,19.0,2.0,0.0,5.02631578947368,1.0,1.0,0.0,0.333333333333333,4.0,3.0,7.0,0.8788322897371875,0.12116771026281253
115,13,4.0,0.0,2.0,1.0,0.0,4.0,3.0,132.0,4.0,9.0,13.0,25.0,1.0,3.0,0.0,19.0,2.0,0.0,5.02631578947368,23.0,1.0,0.0,0.333333333333333,0.0,3.0,7.0,0.8770263311864025,0.12297366881359753
115,14,4.0,0.0,2.0,1.0,0.0,4.0,8.0,1108.0,4.0,9.0,13.0,25.0,1.0,3.0,0.0,19.0,2.0,0.0,5.02631578947368,1.0,1.0,0.0,0.333333333333333,0.0,3.0,7.0,0.878832289740789,0.12116771025921096
115,15,4.0,0.0,2.0,1.0,0.0,4.0,3.0,132.0,4.0,8.0,84.0,25.0,1.0,3.0,0.0,19.0,2.0,0.0,5.02631578947368,1.0,1.0,0.0,0.333333333333333,0.0,3.0,7.0,0.8787278539026716,0.12127214609732823
115,16,4.0,0.0,2.0,1.0,0.0,4.0,3.0,132.0,4.0,9.0,13.0,25.0,1.0,3.0,0.0,19.0,0.0,0.0,5.02631578947368,1.0,56.0,0.0,0.333333333333333,0.0,3.0,7.0,0.8788322897373895,0.12116771026261038
115,17,14.0,0.0,2.0,1.0,0.0,4.0,3.0,132.0,4.0,9.0,13.0,25.0,0.0,3.0,0.0,19.0,2.0,0.0,5.02631578947368,1.0,1.0,0.0,0.333333333333333,0.0,3.0,7.0,0.6804971352395044,0.31950286476049544
115,18,4.0,0.0,2.0,1.0,0.0,4.0,3.0,132.0,4.0,9.0,13.0,25.0,1.0,3.0,2486.0,70.0,2.0,0.0,5.02631578947368,1.0,1.0,0.0,0.333333333333333,0.0,3.0,7.0,0.8788323009434629,0.12116769905653718
115,19,4.0,0.0,2.0,30.0,0.0,4.0,3.0,132.0,4.0,9.0,13.0,25.0,1.0,3.0,0.0,19.0,2.0,0.0,5.02631578947368,1.0,1.0,0.0,0.6,0.0,3.0,7.0,0.8800029892755749,0.11999701072442517
115,20,4.0,19.0,2.0,1.0,0.0,4.0,3.0,132.0,4.0,18.0,13.0,25.0,1.0,3.0,0.0,19.0,2.0,0.0,5.02631578947368,1.0,1.0,0.0,0.333333333333333,0.0,3.0,7.0,0.8201397506903113,0.1798602493096886
115,21,4.0,0.0,2.0,1.0,0.0,4.0,3.0,132.0,30.0,9.0,13.0,25.0,1.0,3.0,433.0,19.0,2.0,0.0,5.02631578947368,1.0,1.0,0.0,0.333333333333333,0.0,3.0,7.0,0.878906132602304,0.12109386739769615
115,22,4.0,0.0,2.0,1.0,0.0,4.0,3.0,132.0,4.0,9.0,13.0,25.0,1.0,3.0,1562.0,19.0,2.0,0.0,5.02631578947368,1.0,1.0,0.0,0.333333333333333,0.0,7.0,7.0,0.8788677490634008,0.12113225093659918
115,23,4.0,0.0,2.0,1.0,0.0,4.0,3.0,132.0,4.0,9.0,13.0,25.0,1.0,3.0,802.0,19.0,3.0,0.0,5.02631578947368,1.0,1.0,0.0,0.333333333333333,0.0,3.0,7.0,0.8788184167140964,0.12118158328590349
115,24,4.0,0.0,2.0,1.0,0.0,4.0,3.0,132.0,4.0,9.0,13.0,25.0,22.0,5.0,0.0,19.0,2.0,0.0,5.02631578947368,1.0,1.0,0.0,0.333333333333333,0.0,3.0,7.0,0.8790912275565252,0.12090877244347496
115,25,13.0,0.0,2.0,1.0,0.0,4.0,3.0,132.0,4.0,9.0,13.0,25.0,1.0,7.0,0.0,19.0,2.0,0.0,5.02631578947368,1.0,1.0,0.0,0.333333333333333,0.0,3.0,7.0,0.7089776199654666,0.2910223800345335
115,26,4.0,0.0,2.0,1.0,0.0,4.0,3.0,132.0,4.0,9.0,78.0,25.0,1.0,3.0,0.0,19.0,2.0,238.0,5.02631578947368,1.0,1.0,0.0,0.333333333333333,0.0,3.0,7.0,0.8788322897371875,0.12116771026281228
115,27,4.0,0.0,2.0,1.0,0.0,4.0,3.0,132.0,4.0,9.0,52.0,25.0,1.0,3.0,0.0,19.0,2.0,0.0,5.02631578947368,1.0,1.0,0.0,0.333333333333333,2.0,3.0,7.0,0.8788328150698909,0.12116718493010911
115,28,4.0,0.0,2.0,1.0,15.0,4.0,3.0,132.0,4.0,9.0,13.0,25.0,1.0,3.0,0.0,19.0,2.0,0.0,5.02631578947368,1.0,1.0,0.0,0.6,0.0,3.0,7.0,0.5681304973396173,0.4318695026603828
115,29,4.0,0.0,2.0,1.0,0.0,4.0,14.0,132.0,43.0,9.0,13.0,25.0,1.0,3.0,0.0,19.0,2.0,0.0,5.02631578947368,1.0,1.0,0.0,0.333333333333333,0.0,3.0,7.0,0.8788322906979468,0.12116770930205305
115,30,7.0,0.0,2.0,1.0,0.0,4.0,3.0,132.0,4.0,9.0,13.0,25.0,1.0,3.0,0.0,19.0,2.0,0.0,5.02631578947368,1.0,1.0,2.0,0.333333333333333,0.0,3.0,7.0,0.8716334130196451,0.1283665869803548
115,31,4.0,0.0,2.0,1.0,0.0,0.0,3.0,132.0,4.0,9.0,69.0,25.0,1.0,3.0,0.0,19.0,2.0,0.0,5.02631578947368,1.0,1.0,0.0,0.333333333333333,0.0,3.0,7.0,0.8761139388961138,0.12388606110388636
115,32,4.0,0.0,2.0,1.0,0.0,4.0,3.0,132.0,4.0,9.0,13.0,25.0,1.0,3.0,0.0,19.0,2.0,29.0,5.02631578947368,1.0,1.0,1.0,0.333333333333333,0.0,3.0,7.0,0.7174520686310608,0.2825479313689393
115,33,4.0,0.0,2.0,1.0,0.0,4.0,3.0,132.0,4.0,9.0,0.0,25.0,1.0,3.0,0.0,19.0,2.0,0.0,5.02631578947368,1.0,1.0,3.0,0.333333333333333,0.0,3.0,7.0,0.8794398272306335,0.1205601727693662
115,34,4.0,0.0,2.0,1.0,0.0,4.0,3.0,132.0,4.0,9.0,13.0,25.0,1.0,3.0,0.0,19.0,2.0,52.0,5.02631578947368,26.0,1.0,0.0,0.333333333333333,0.0,3.0,7.0,0.8788207864065241,0.12117921359347582
115,35,4.0,0.0,2.0,1.0,0.0,4.0,3.0,132.0,4.0,9.0,13.0,25.0,1.0,3.0,1829.0,19.0,2.0,0.0,5.02631578947368,1.0,1.0,0.0,0.333333333333333,0.0,3.0,7.0,0.8788344481952161,0.12116555180478422
115,36,4.0,0.0,2.0,1.0,0.0,4.0,3.0,132.0,4.0,13.0,13.0,25.0,1.0,3.0,0.0,19.0,2.0,0.0,5.02631578947368,1.0,1.0,0.0,0.333333333333333,2.0,3.0,7.0,0.8788325500687113,0.12116744993128885
115,37,4.0,0.0,2.0,1.0,0.0,4.0,3.0,132.0,4.0,9.0,74.0,25.0,1.0,3.0,0.0,19.0,2.0,0.0,5.02631578947368,1.0,1.0,0.0,0.333333333333333,0.0,4.0,7.0,0.87809860500504,0.1219013949949601
115,38,4.0,0.0,2.0,1.0,0.0,4.0,3.0,132.0,60.0,9.0,13.0,25.0,1.0,3.0,0.0,19.0,2.0,0.0,5.02631578947368,1.0,19.0,0.0,0.333333333333333,0.0,3.0,7.0,0.8788322897382544,0.12116771026174551
115,39,4.0,0.0,2.0,1.0,0.0,4.0,3.0,132.0,32.0,9.0,13.0,25.0,1.0,3.0,0.0,19.0,2.0,0.0,5.02631578947368,1.0,1.0,0.0,0.333333333333333,0.0,3.0,7.0,0.8799921106206675,0.1200078893793324
115,40,4.0,0.0,2.0,1.0,0.0,4.0,3.0,132.0,4.0,9.0,25.0,25.0,1.0,3.0,2201.0,19.0,2.0,0.0,5.02631578947368,1.0,1.0,0.0,0.333333333333333,0.0,3.0,7.0,0.8788322919658202,0.12116770803417957
115,41,4.0,0.0,2.0,1.0,0.0,4.0,3.0,132.0,31.0,9.0,13.0,25.0,1.0,3.0,0.0,25.0,2.0,0.0,5.02631578947368,1.0,1.0,0.0,0.333333333333333,0.0,3.0,7.0,0.8801239516211924,0.11987604837880747
115,42,8.0,0.0,2.0,1.0,0.0,4.0,3.0,132.0,72.0,9.0,13.0,25.0,1.0,3.0,0.0,19.0,2.0,0.0,5.02631578947368,1.0,1.0,0.0,0.333333333333333,0.0,3.0,7.0,0.8788322897371875,0.12116771026281253
115,43,4.0,0.0,2.0,1.0,0.0,4.0,20.0,132.0,4.0,9.0,13.0,25.0,1.0,3.0,0.0,66.0,2.0,0.0,5.02631578947368,1.0,1.0,0.0,0.333333333333333,0.0,3.0,7.0,0.8788322893606372,0.12116771063936288
115,44,4.0,0.0,2.0,1.0,0.0,18.0,3.0,132.0,4.0,9.0,13.0,25.0,1.0,3.0,2696.0,19.0,2.0,0.0,5.02631578947368,1.0,1.0,0.0,0.333333333333333,0.0,3.0,7.0,0.8789100249268598,0.12108997507314033
115,45,4.0,0.0,2.0,1.0,0.0,4.0,3.0,1488.0,4.0,9.0,13.0,25.0,1.0,3.0,0.0,19.0,2.0,0.0,5.02631578947368,1.0,1.0,0.0,0.333333333333333,0.0,3.0,7.0,0.878832289730114,0.12116771026988604
115,46,4.0,0.0,2.0,1.0,29.0,4.0,3.0,132.0,4.0,9.0,13.0,25.0,1.0,3.0,0.0,19.0,2.0,0.0,5.02631578947368,1.0,62.0,0.0,0.333333333333333,0.0,3.0,7.0,0.8788322897371875,0.12116771026281253
115,47,7.0,0.0,2.0,1.0,0.0,4.0,3.0,132.0,4.0,9.0,13.0,25.0,1.0,3.0,0.0,19.0,2.0,0.0,21.8,1.0,1.0,0.0,0.333333333333333,0.0,3.0,7.0,0.6934581152828508,0.30654188471714927
115,48,4.0,52.0,2.0,1.0,0.0,4.0,3.0,527.0,4.0,9.0,13.0,25.0,1.0,3.0,0.0,19.0,2.0,0.0,5.02631578947368,1.0,1.0,0.0,0.333333333333333,0.0,3.0,7.0,0.8788355349350104,0.12116446506498958
115,49,4.0,0.0,2.0,1.0,0.0,4.0,3.0,132.0,4.0,9.0,13.0,25.0,1.0,3.0,1679.0,19.0,2.0,0.0,5.02631578947368,1.0,1.0,0.0,0.333333333333333,0.0,3.0,7.0,0.8788506656685681,0.12114933433143195
115,50,4.0,0.0,2.0,1.0,0.0,21.0,3.0,132.0,4.0,9.0,13.0,25.0,1.0,3.0,0.0,19.0,2.0,0.0,5.02631578947368,1.0,1.0,1.0,0.333333333333333,0.0,3.0,7.0,0.8648012198484546,0.13519878015154538
115,51,4.0,0.0,2.0,1.0,0.0,20.0,3.0,132.0,4.0,9.0,13.0,25.0,17.0,3.0,0.0,19.0,2.0,0.0,5.02631578947368,1.0,1.0,0.0,0.333333333333333,0.0,3.0,7.0,0.8800012728194273,0.11999872718057283
115,52,4.0,0.0,2.0,1.0,0.0,4.0,3.0,167.0,4.0,9.0,13.0,25.0,1.0,3.0,0.0,62.0,2.0,0.0,5.02631578947368,1.0,1.0,0.0,0.333333333333333,0.0,3.0,7.0,0.5271600844760962,0.4728399155239038
115,53,4.0,0.0,2.0,1.0,0.0,4.0,3.0,132.0,21.0,10.0,13.0,25.0,1.0,3.0,0.0,19.0,2.0,0.0,5.02631578947368,1.0,1.0,0.0,0.333333333333333,0.0,3.0,7.0,0.841696796252309,0.15830320374769138
115,54,4.0,0.0,2.0,1.0,0.0,4.0,9.0,132.0,4.0,9.0,13.0,25.0,1.0,3.0,0.0,19.0,2.0,0.0,5.02631578947368,1.0,1.0,0.0,0.7,0.0,3.0,7.0,0.604123030834363,0.3958769691656372
115,55,4.0,0.0,2.0,21.0,0.0,4.0,3.0,132.0,4.0,9.0,13.0,25.0,1.0,3.0,0.0,19.0,2.0,0.0,5.02631578947368,9.0,1.0,0.0,0.333333333333333,0.0,3.0,7.0,0.8804751393879023,0.11952486061209744
115,56,4.0,0.0,7.0,29.0,0.0,4.0,3.0,132.0,4.0,9.0,13.0,25.0,1.0,3.0,0.0,19.0,2.0,0.0,5.02631578947368,1.0,1.0,0.0,0.333333333333333,0.0,3.0,7.0,0.8788322966783195,0.12116770332168034
115,57,4.0,0.0,2.0,1.0,0.0,4.0,3.0,132.0,4.0,6.0,13.0,25.0,1.0,3.0,1617.0,19.0,2.0,0.0,5.02631578947368,1.0,1.0,0.0,0.333333333333333,0.0,3.0,7.0,0.8788393266646164,0.12116067333538338
115,58,4.0,0.0,2.0,1.0,0.0,4.0,3.0,132.0,4.0,9.0,53.0,25.0,1.0,3.0,0.0,19.0,2.0,0.0,5.02631578947368,1.0,1.0,0.0,0.333333333333333,0.0,3.0,7.0,0.8121427753839181,0.1878572246160818
115,59,4.0,0.0,2.0,1.0,19.0,4.0,3.0,132.0,4.0,9.0,13.0,24.0,1.0,3.0,0.0,19.0,2.0,0.0,5.02631578947368,1.0,1.0,0.0,0.333333333333333,0.0,3.0,7.0,0.755707585197974,0.2442924148020261
115,60,4.0,0.0,2.0,1.0,0.0,4.0,9.0,132.0,4.0,9.0,13.0,25.0,1.0,3.0,0.0,19.0,2.0,0.0,13.9,1.0,1.0,0.0,0.333333333333333,0.0,3.0,7.0,0.6497569574926904,0.35024304250730953
115,61,4.0,0.0,2.0,1.0,0.0,4.0,3.0,132.0,4.0,9.0,13.0,25.0,1.0,3.0,1133.0,19.0,2.0,0.0,5.02631578947368,11.0,1.0,0.0,0.333333333333333,0.0,3.0,7.0,0.8788459701319877,0.1211540298680124
115,62,4.0,0.0,2.0,1.0,0.0,4.0,3.0,132.0,4.0,9.0,13.0,175.0,1.0,3.0,0.0,19.0,2.0,0.0,5.02631578947368,1.0,1.0,0.0,0.333333333333333,0.0,3.0,7.0,0.7637123131951906,0.23628768680480958
115,63,18.0,0.0,2.0,1.0,0.0,4.0,3.0,132.0,4.0,9.0,9.0,25.0,1.0,3.0,0.0,19.0,2.0,0.0,5.02631578947368,1.0,1.0,0.0,0.333333333333333,0.0,3.0,7.0,0.8258846445749323,0.17411535542506787
115,64,4.0,0.0,2.0,1.0,0.0,4.0,3.0,132.0,4.0,9.0,13.0,25.0,1.0,3.0,0.0,19.0,2.0,0.0,5.02631578947368,1.0,72.0,0.0,0.333333333333333,0.0,7.0,7.0,0.8788322897371885,0.12116771026281169
115,65,4.0,0.0,2.0,1.0,0.0,4.0,3.0,132.0,4.0,9.0,13.0,25.0,0.0,3.0,0.0,19.0,2.0,125.0,5.02631578947368,1.0,1.0,0.0,0.333333333333333,0.0,3.0,7.0,0.8792012933986111,0.12079870660138874
115,66,4.0,0.0,2.0,1.0,0.0,4.0,3.0,1220.0,4.0,9.0,13.0,25.0,1.0,3.0,0.0,19.0,2.0,0.0,5.02631578947368,1.0,1.0,0.0,0.333333333333333,0.0,6.0,7.0,0.8788322897372368,0.12116771026276339
115,67,4.0,0.0,2.0,21.0,0.0,4.0,3.0,132.0,47.0,9.0,13.0,25.0,1.0,3.0,0.0,19.0,2.0,0.0,5.02631578947368,1.0,1.0,0.0,0.333333333333333,0.0,3.0,7.0,0.8788325295114394,0.12116747048856051
115,68,4.0,0.0,2.0,1.0,0.0,4.0,3.0,682.0,4.0,9.0,13.0,25.0,1.0,3.0,0.0,19.0,2.0,136.0,5.02631578947368,1.0,1.0,0.0,0.333333333333333,0.0,3.0,7.0,0.8788322903304285,0.12116770966957162
115,69,4.0,0.0,2.0,1.0,0.0,4.0,3.0,132.0,18.0,9.0,13.0,25.0,1.0,3.0,0.0,19.0,0.0,0.0,5.02631578947368,1.0,1.0,0.0,0.333333333333333,0.0,3.0,7.0,0.805417477590687,0.19458252240931295
115,70,18.0,0.0,2.0,1.0,0.0,24.0,3.0,132.0,4.0,9.0,13.0,25.0,1.0,3.0,0.0,19.0,2.0,0.0,5.02631578947368,1.0,1.0,0.0,0.333333333333333,0.0,3.0,7.0,0.8785123423761108,0.12148765762388931
115,71,8.0,0.0,6.0,1.0,0.0,4.0,3.0,132.0,4.0,9.0,13.0,25.0,1.0,3.0,0.0,19.0,2.0,0.0,5.02631578947368,1.0,1.0,0.0,0.333333333333333,0.0,3.0,7.0,0.8742136768150749,0.12578632318492527
115,72,4.0,0.0,2.0,1.0,0.0,4.0,1.0,132.0,4.0,9.0,13.0,25.0,1.0,3.0,0.0,19.0,2.0,0.0,5.02631578947368,1.0,1.0,0.0,0.333333333333333,4.0,3.0,7.0,0.8788324508719522,0.12116754912804756
115,73,4.0,0.0,2.0,1.0,0.0,4.0,3.0,132.0,4.0,4.0,53.0,25.0,1.0,3.0,0.0,19.0,2.0,0.0,5.02631578947368,1.0,1.0,0.0,0.333333333333333,0.0,3.0,7.0,0.8343288584489554,0.16567114155104457
115,74,4.0,0.0,2.0,1.0,0.0,4.0,3.0,132.0,4.0,9.0,13.0,25.0,1.0,6.0,378.0,19.0,2.0,0.0,5.02631578947368,1.0,1.0,0.0,0.333333333333333,0.0,3.0,7.0,0.7755136672464463,0.22448633275355387
115,75,4.0,0.0,2.0,1.0,0.0,4.0,3.0,132.0,4.0,9.0,13.0,25.0,1.0,3.0,0.0,38.0,2.0,306.0,5.02631578947368,1.0,1.0,0.0,0.333333333333333,0.0,3.0,7.0,0.8788329457637435,0.12116705423625629
115,76,4.0,108.0,2.0,9.0,0.0,4.0,3.0,132.0,4.0,9.0,13.0,25.0,1.0,3.0,0.0,19.0,2.0,0.0,5.02631578947368,1.0,1.0,0.0,0.333333333333333,0.0,3.0,7.0,0.8788322883240807,0.12116771167591925
115,77,4.0,0.0,2.0,1.0,0.0,4.0,3.0,132.0,4.0,9.0,13.0,25.0,1.0,3.0,0.0,19.0,2.0,0.0,5.02631578947368,1.0,58.0,0.0,0.333333333333333,0.0,3.0,7.0,0.8788322897372303,0.12116771026276969
115,78,4.0,0.0,2.0,1.0,0.0,17.0,3.0,132.0,4.0,18.0,13.0,25.0,1.0,3.0,0.0,19.0,2.0,0.0,5.02631578947368,1.0,1.0,0.0,0.333333333333333,0.0,3.0,7.0,0.743520672964533,0.2564793270354669
115,79,4.0,0.0,2.0,9.0,0.0,4.0,3.0,132.0,4.0,21.0,13.0,25.0,1.0,3.0,0.0,19.0,2.0,0.0,5.02631578947368,1.0,1.0,0.0,0.333333333333333,0.0,3.0,7.0,0.7740539594059048,0.22594604059409487
115,80,4.0,0.0,2.0,1.0,0.0,4.0,21.0,132.0,4.0,9.0,13.0,25.0,1.0,3.0,0.0,19.0,2.0,0.0,5.02631578947368,1.0,1.0,0.0,0.333333333333333,0.0,3.0,2.0,0.8789028182734054,0.12109718172659449
115,81,4.0,0.0,2.0,1.0,0.0,4.0,3.0,128.0,4.0,9.0,13.0,25.0,1.0,3.0,1930.0,19.0,2.0,0.0,5.02631578947368,1.0,1.0,0.0,0.333333333333333,0.0,3.0,7.0,0.8788326199628271,0.12116738003717296
115,82,4.0,0.0,2.0,1.0,0.0,4.0,7.0,132.0,4.0,9.0,13.0,25.0,21.0,3.0,0.0,19.0,2.0,0.0,5.02631578947368,1.0,1.0,0.0,0.333333333333333,0.0,3.0,7.0,0.8796386742275649,0.12036132577243529
115,83,4.0,75.0,2.0,1.0,0.0,4.0,3.0,132.0,4.0,9.0,13.0,25.0,1.0,3.0,0.0,19.0,2.0,0.0,5.02631578947368,1.0,1.0,0.0,0.333333333333333,0.0,3.0,7.0,0.8788421063869856,0.12115789361301438
115,84,4.0,0.0,2.0,1.0,66.0,4.0,3.0,132.0,4.0,9.0,13.0,25.0,1.0,3.0,173.0,19.0,2.0,0.0,5.02631578947368,1.0,1.0,0.0,0.333333333333333,0.0,3.0,7.0,0.8772493581199795,0.1227506418800206
115,85,4.0,0.0,2.0,1.0,0.0,4.0,3.0,524.0,4.0,9.0,13.0,25.0,1.0,3.0,0.0,19.0,2.0,0.0,5.02631578947368,1.0,1.0,0.0,0.333333333333333,0.0,3.0,7.0,0.8524510608298992,0.14754893917010067
115,86,4.0,0.0,2.0,1.0,0.0,4.0,3.0,132.0,4.0,9.0,13.0,25.0,1.0,3.0,1348.0,19.0,2.0,0.0,5.02631578947368,1.0,1.0,0.0,0.333333333333333,0.0,3.0,1.0,0.878918755752089,0.12108124424791125
115,87,4.0,101.0,2.0,1.0,0.0,4.0,3.0,132.0,4.0,9.0,13.0,25.0,1.0,3.0,0.0,19.0,2.0,0.0,5.02631578947368,1.0,1.0,0.0,0.333333333333333,0.0,3.0,7.0,0.8788322859947582,0.12116771400524178
115,88,4.0,0.0,2.0,1.0,0.0,4.0,3.0,132.0,20.0,9.0,13.0,25.0,1.0,3.0,0.0,19.0,2.0,0.0,5.02631578947368,1.0,1.0,0.0,0.333333333333333,5.0,3.0,7.0,0.8788322897371875,0.12116771026281253
115,89,4.0,68.0,2.0,1.0,0.0,4.0,3.0,132.0,4.0,18.0,13.0,25.0,1.0,3.0,0.0,19.0,2.0,0.0,5.02631578947368,1.0,1.0,0.0,0.333333333333333,0.0,3.0,7.0,0.8788347554716092,0.12116524452839075
115,90,4.0,0.0,2.0,22.0,0.0,4.0,3.0,132.0,4.0,9.0,13.0,188.0,1.0,3.0,0.0,19.0,2.0,0.0,5.02631578947368,1.0,1.0,0.0,0.333333333333333,0.0,3.0,7.0,0.8788313535273912,0.12116864647260878
115,91,4.0,0.0,2.0,1.0,0.0,4.0,10.0,132.0,4.0,9.0,13.0,25.0,1.0,3.0,0.0,19.0,2.0,99.0,5.02631578947368,1.0,1.0,0.0,0.333333333333333,0.0,3.0,7.0,0.8788335152898147,0.12116648471018558
115,92,4.0,0.0,2.0,1.0,0.0,4.0,22.0,132.0,4.0,9.0,13.0,25.0,1.0,3.0,0.0,19.0,2.0,0.0,5.02631578947368,1.0,1.0,0.0,0.8,0.0,3.0,7.0,0.8788479177038497,0.12115208229615032
115,93,4.0,43.0,2.0,1.0,0.0,4.0,3.0,132.0,4.0,9.0,13.0,25.0,1.0,3.0,0.0,77.0,2.0,0.0,5.02631578947368,1.0,1.0,0.0,0.333333333333333,0.0,3.0,7.0,0.8788319793334056,0.12116802066659428
115,94,4.0,0.0,2.0,1.0,0.0,4.0,19.0,132.0,4.0,9.0,13.0,25.0,0.0,3.0,0.0,19.0,2.0,0.0,5.02631578947368,1.0,1.0,0.0,0.333333333333333,0.0,3.0,7.0,0.8788508768828944,0.12114912311710559
115,95,4.0,0.0,2.0,1.0,0.0,4.0,3.0,132.0,4.0,30.0,13.0,25.0,1.0,3.0,0.0,19.0,2.0,0.0,8.1,1.0,1.0,0.0,0.333333333333333,0.0,3.0,7.0,0.8684279012778774,0.13157209872212258
115,96,4.0,0.0,2.0,1.0,0.0,4.0,3.0,132.0,4.0,9.0,13.0,25.0,1.0,3.0,0.0,19.0,0.0,337.0,5.02631578947368,1.0,1.0,0.0,0.333333333333333,0.0,3.0,7.0,0.8789863274878869,0.1210136725121132
115,97,4.0,0.0,2.0,1.0,0.0,4.0,3.0,132.0,4.0,9.0,86.0,25.0,1.0,3.0,0.0,19.0,2.0,0.0,5.02631578947368,1.0,1.0,0.0,0.6,0.0,3.0,7.0,0.8787608066590782,0.12123919334092158
115,98,4.0,0.0,2.0,1.0,0.0,4.0,3.0,132.0,4.0,24.0,13.0,25.0,1.0,3.0,0.0,19.0,2.0,0.0,5.02631578947368,12.0,1.0,0.0,0.333333333333333,0.0,3.0,7.0,0.8560776655226707,0.14392233447732927
115,99,4.0,0.0,2.0,1.0,0.0,4.0,3.0,132.0,4.0,9.0,13.0,25.0,1.0,3.0,0.0,19.0,2.0,0.0,5.02631578947368,20.0,1.0,0.0,0.333333333333333,2.0,3.0,7.0,0.8788322906466052,0.12116770935339478
141,0,0.0,0.0,3.0,0.0,1.0,8.0,5.0,1260.0,1.0,1.0,1.0,3.0,3.0,6.0,1.0,10.0,1.0,1.0,14.25,2.0,1.0,0.0,1.0,0.0,3.0,3.0,0.8788322897371996,0.12116771026280033
141,1,0.0,0.0,3.0,0.0,1.0,6.0,5.0,44.0,1.0,1.0,1.0,3.0,3.0,6.0,1.0,10.0,1.0,1.0,14.25,2.0,1.0,4.0,0.9,0.0,3.0,3.0,0.8802410137400697,0.11975898625993024
141,2,0.0,28.0,3.0,0.0,1.0,6.0,5.0,44.0,1.0,1.0,1.0,3.0,3.0,6.0,1.0,10.0,1.0,1.0,14.25,2.0,1.0,0.0,1.0,0.0,3.0,3.0,0.8736125172689003,0.12638748273109948
141,3,0.0,0.0,3.0,0.0,1.0,6.0,5.0,44.0,1.0,1.0,1.0,3.0,3.0,6.0,2411.0,10.0,1.0,1.0,14.25,2.0,1.0,0.0,1.0,0.0,3.0,3.0,0.8788325338916892,0.12116746610831065
141,4,0.0,0.0,3.0,29.0,1.0,6.0,5.0,44.0,1.0,1.0,1.0,3.0,3.0,6.0,1.0,10.0,1.0,1.0,14.25,2.0,82.0,0.0,1.0,0.0,3.0,3.0,0.8788322897371875,0.12116771026281253
141,5,0.0,0.0,3.0,0.0,1.0,6.0,5.0,44.0,32.0,1.0,1.0,3.0,3.0,6.0,1.0,10.0,1.0,1.0,14.25,2.0,30.0,0.0,1.0,0.0,3.0,3.0,0.878832310150925,0.12116768984907475
141,6,0.0,0.0,3.0,0.0,1.0,6.0,5.0,44.0,1.0,8.0,84.0,3.0,3.0,6.0,1.0,10.0,1.0,1.0,14.25,2.0,1.0,0.0,1.0,0.0,3.0,3.0,0.8788321478367199,0.12116785216327991
141,7,0.0,0.0,3.0,0.0,1.0,6.0,5.0,44.0,1.0,1.0,1.0,3.0,3.0,6.0,1.0,0.0,1.0,1.0,14.25,2.0,1.0,0.0,1.0,5.0,3.0,3.0,0.8788322897371875,0.12116771026281253
141,8,1.0,0.0,3.0,0.0,1.0,6.0,5.0,44.0,1.0,1.0,1.0,3.0,18.0,6.0,1.0,10.0,1.0,1.0,14.25,2.0,1.0,0.0,1.0,0.0,3.0,3.0,0.8864223133887357,0.1135776866112643
141,9,0.0,0.0,3.0,0.0,1.0,6.0,5.0,44.0,1.0,1.0,1.0,179.0,3.0,6.0,1.0,10.0,1.0,1.0,14.25,2.0,1.0,0.0,0.1,0.0,3.0,3.0,0.8784907337798574,0.12150926622014233
141,10,0.0,0.0,3.0,0.0,1.0,6.0,5.0,44.0,1.0,1.0,1.0,3.0,14.0,6.0,1.0,10.0,1.0,183.0,14.25,2.0,1.0,0.0,1.0,0.0,3.0,3.0,0.8788335443954217,0.12116645560457799
141,11,7.0,0.0,3.0,0.0,1.0,6.0,5.0,44.0,1.0,1.0,1.0,3.0,3.0,6.0,1.0,100.0,1.0,1.0,14.25,2.0,1.0,0.0,1.0,0.0,3.0,3.0,0.8786737234296813,0.1213262765703187
141,12,0.0,0.0,3.0,0.0,1.0,6.0,5.0,44.0,1.0,1.0,1.0,3.0,3.0,6.0,1.0,10.0,1.0,351.0,2.9,2.0,1.0,0.0,1.0,0.0,3.0,3.0,0.8813832272732575,0.11861677272674258
141,13,7.0,0.0,3.0,0.0,1.0,6.0,5.0,44.0,1.0,1.0,1.0,3.0,3.0,3.0,1.0,10.0,1.0,1.0,14.25,2.0,1.0,0.0,1.0,0.0,3.0,3.0,0.7743239719241234,0.22567602807587656
141,14,0.0,0.0,3.0,0.0,1.0,6.0,5.0,44.0,1.0,1.0,1.0,3.0,3.0,6.0,1.0,70.0,1.0,1.0,14.25,2.0,1.0,0.0,1.0,0.0,3.0,3.0,0.8691288052026126,0.13087119479738724
141,15,0.0,0.0,3.0,0.0,1.0,6.0,5.0,44.0,1.0,1.0,1.0,3.0,3.0,6.0,1.0,105.0,1.0,1.0,14.25,2.0,38.0,0.0,1.0,0.0,3.0,3.0,0.8788322897357042,0.12116771026429607
141,16,1.0,0.0,3.0,0.0,1.0,6.0,5.0,44.0,1.0,1.0,1.0,3.0,3.0,6.0,2258.0,10.0,1.0,1.0,14.25,2.0,1.0,0.0,1.0,0.0,3.0,3.0,0.8788322931932866,0.12116770680671339
141,17,0.0,107.0,3.0,0.0,1.0,6.0,5.0,342.0,1.0,1.0,1.0,3.0,3.0,6.0,1.0,10.0,1.0,1.0,14.25,2.0,1.0,0.0,1.0,0.0,3.0,3.0,0.8788316760497584,0.12116832395024167
141,18,0.0,0.0,5.0,0.0,1.0,6.0,5.0,44.0,1.0,1.0,1.0,3.0,3.0,6.0,1705.0,10.0,1.0,1.0,14.25,2.0,1.0,0.0,1.0,0.0,3.0,3.0,0.8788322898189582,0.12116771018104193
141,19,0.0,0.0,3.0,0.0,1.0,6.0,5.0,1356.0,1.0,1.0,1.0,3.0,3.0,6.0,1.0,10.0,1.0,1.0,14.25,2.0,1.0,0.0,1.0,0.0,3.0,3.0,0.8788322897371875,0.12116771026281253
141,20,0.0,0.0,3.0,0.0,1.0,6.0,5.0,44.0,1.0,1.0,1.0,3.0,3.0,6.0,1.0,10.0,1.0,1.0,14.25,2.0,23.0,0.0,1.0,0.0,3.0,3.0,0.8764604108536396,0.12353958914636036
141,21,0.0,0.0,3.0,0.0,1.0,6.0,5.0,44.0,1.0,12.0,1.0,179.0,3.0,6.0,1.0,10.0,1.0,1.0,14.25,2.0,1.0,0.0,1.0,0.0,3.0,3.0,0.8785798401924927,0.12142015980750731
141,22,4.0,0.0,3.0,0.0,1.0,6.0,5.0,44.0,1.0,1.0,1.0,3.0,3.0,6.0,1.0,10.0,1.0,47.0,14.25,2.0,1.0,0.0,1.0,0.0,3.0,3.0,0.8154502784777328,0.18454972152226745
141,23,0.0,0.0,3.0,0.0,1.0,6.0,5.0,44.0,1.0,1.0,1.0,3.0,3.0,6.0,1.0,10.0,1.0,290.0,14.25,2.0,1.0,0.0,1.0,0.0,3.0,3.0,0.8788354010296986,0.1211645989703014
141,24,0.0,0.0,3.0,0.0,1.0,6.0,5.0,44.0,3.0,1.0,1.0,3.0,10.0,6.0,1.0,10.0,1.0,1.0,14.25,2.0,1.0,0.0,1.0,0.0,3.0,3.0,0.6057825233754737,0.3942174766245264
141,25,0.0,0.0,3.0,0.0,1.0,6.0,5.0,44.0,1.0,1.0,1.0,90.0,3.0,6.0,1.0,10.0,1.0,1.0,14.25,2.0,1.0,0.0,1.0,0.0,3.0,3.0,0.8395726597378603,0.16042734026213934
141,26,19.0,0.0,3.0,0.0,1.0,21.0,5.0,44.0,1.0,1.0,1.0,3.0,3.0,6.0,1.0,10.0,1.0,1.0,14.25,2.0,1.0,0.0,1.0,0.0,3.0,3.0,0.8787557113704079,0.1212442886295921
141,27,0.0,0.0,3.0,0.0,1.0,6.0,5.0,44.0,1.0,1.0,2.0,3.0,3.0,6.0,1.0,10.0,1.0,332.0,14.25,2.0,1.0,0.0,1.0,0.0,3.0,3.0,0.87915507712618,0.12084492287382002
141,28,0.0,0.0,3.0,0.0,1.0,6.0,5.0,44.0,1.0,1.0,1.0,3.0,3.0,6.0,2715.0,10.0,1.0,1.0,14.25,2.0,1.0,0.0,1.0,0.0,3.0,3.0,0.8789300734453709,0.12106992655462924
141,29,0.0,0.0,3.0,0.0,1.0,6.0,5.0,44.0,1.0,1.0,1.0,3.0,3.0,6.0,1.0,10.0,1.0,331.0,14.25,2.0,1.0,0.0,1.0,0.0,3.0,3.0,0.8791386269241244,0.12086137307587559
141,30,0.0,0.0,3.0,0.0,1.0,6.0,5.0,44.0,1.0,1.0,1.0,3.0,3.0,6.0,2072.0,10.0,1.0,1.0,14.25,2.0,1.0,4.0,1.0,0.0,3.0,3.0,0.8788322897371875,0.12116771026281253
141,31,0.0,0.0,3.0,0.0,1.0,6.0,5.0,44.0,1.0,1.0,1.0,3.0,3.0,6.0,606.0,10.0,1.0,1.0,14.25,2.0,1.0,0.0,1.0,0.0,3.0,3.0,0.8773766518954231,0.12262334810457669
141,32,0.0,35.0,3.0,0.0,1.0,6.0,5.0,44.0,1.0,1.0,1.0,3.0,3.0,6.0,1.0,10.0,1.0,1.0,14.25,2.0,1.0,0.0,1.0,0.0,3.0,3.0,0.8794287573473824,0.12057124265261757
141,33,0.0,0.0,3.0,0.0,1.0,6.0,5.0,44.0,1.0,1.0,1.0,3.0,3.0,6.0,1.0,10.0,5.0,1.0,12.9,2.0,1.0,0.0,1.0,0.0,3.0,3.0,0.7565812143150812,0.24341878568491873
141,34,0.0,0.0,3.0,0.0,1.0,6.0,5.0,44.0,1.0,1.0,1.0,121.0,3.0,6.0,1.0,10.0,5.0,1.0,14.25,2.0,1.0,0.0,1.0,0.0,3.0,3.0,0.8769540280442392,0.12304597195576089
141,35,0.0,0.0,8.0,0.0,1.0,6.0,5.0,44.0,1.0,1.0,1.0,3.0,3.0,6.0,1.0,10.0,1.0,1.0,13.4,2.0,1.0,0.0,1.0,0.0,3.0,3.0,0.8935816607724251,0.10641833922757483
141,36,0.0,0.0,7.0,0.0,1.0,6.0,5.0,44.0,1.0,1.0,1.0,3.0,18.0,6.0,1.0,10.0,1.0,1.0,14.25,2.0,1.0,0.0,1.0,0.0,3.0,3.0,0.8788750097845665,0.12112499021543348
141,37,0.0,0.0,3.0,0.0,1.0,22.0,5.0,44.0,1.0,1.0,1.0,3.0,3.0,6.0,1.0,10.0,1.0,1.0,14.25,5.0,1.0,0.0,1.0,0.0,3.0,3.0,0.8643245624007513,0.1356754375992489
141,38,0.0,0.0,3.0,0.0,1.0,6.0,5.0,44.0,1.0,19.0,1.0,3.0,3.0,6.0,1.0,10.0,1.0,1.0,14.25,2.0,1.0,0.0,1.0,0.0,3.0,3.0,0.7705301090058578,0.22946989099414208
141,39,0.0,0.0,3.0,0.0,1.0,6.0,5.0,44.0,1.0,1.0,1.0,3.0,3.0,6.0,2254.0,10.0,3.0,1.0,14.25,2.0,1.0,0.0,1.0,0.0,3.0,3.0,0.878832292919634,0.12116770708036603
141,40,0.0,0.0,3.0,0.0,1.0,6.0,5.0,44.0,1.0,1.0,1.0,3.0,16.0,6.0,1.0,10.0,1.0,1.0,14.25,2.0,1.0,0.0,0.1,0.0,3.0,3.0,0.8892793742134287,0.11072062578657124
141,41,0.0,0.0,3.0,0.0,1.0,6.0,5.0,44.0,1.0,1.0,1.0,61.0,15.0,6.0,1.0,10.0,1.0,1.0,14.25,2.0,1.0,0.0,1.0,0.0,3.0,3.0,0.8824949161287805,0.11750508387121936
141,42,0.0,0.0,3.0,0.0,1.0,6.0,5.0,44.0,1.0,1.0,1.0,3.0,3.0,6.0,1569.0,10.0,1.0,1.0,14.25,9.0,1.0,0.0,1.0,0.0,3.0,3.0,0.8788322979226475,0.12116770207735236
141,43,0.0,0.0,3.0,0.0,1.0,6.0,5.0,44.0,1.0,1.0,1.0,213.0,3.0,6.0,1.0,10.0,1.0,1.0,14.25,2.0,1.0,0.0,1.0,0.0,3.0,3.0,0.8787737788223803,0.12122622117761968
141,44,0.0,0.0,3.0,0.0,1.0,6.0,5.0,311.0,1.0,1.0,77.0,3.0,3.0,6.0,1.0,10.0,1.0,1.0,14.25,2.0,1.0,0.0,1.0,0.0,3.0,3.0,0.8788320295124463,0.12116797048755366
141,45,0.0,0.0,3.0,9.0,1.0,6.0,5.0,44.0,1.0,1.0,1.0,3.0,3.0,6.0,1.0,10.0,1.0,1.0,14.25,2.0,65.0,0.0,1.0,0.0,3.0,3.0,0.8788322897373511,0.1211677102626489
141,46,0.0,0.0,3.0,0.0,1.0,6.0,5.0,44.0,1.0,1.0,1.0,3.0,9.0,6.0,1.0,10.0,1.0,1.0,14.25,2.0,1.0,2.0,1.0,0.0,3.0,3.0,0.8847347627696242,0.1152652372303759
141,47,0.0,0.0,3.0,0.0,1.0,6.0,5.0,948.0,1.0,1.0,1.0,3.0,3.0,6.0,1.0,10.0,1.0,1.0,14.25,2.0,1.0,0.0,1.0,0.0,3.0,3.0,0.8788323268807099,0.12116767311929
141,48,0.0,0.0,3.0,0.0,1.0,6.0,5.0,44.0,1.0,1.0,1.0,3.0,13.0,6.0,1.0,10.0,1.0,1.0,14.25,19.0,1.0,0.0,1.0,0.0,3.0,3.0,0.8812622888359116,0.1187377111640884
141,49,0.0,0.0,3.0,0.0,1.0,6.0,5.0,44.0,1.0,1.0,1.0,3.0,3.0,6.0,1.0,10.0,1.0,1.0,14.25,20.0,1.0,0.0,1.0,0.0,3.0,10.0,0.8735709037660017,0.12642909623399834
141,50,0.0,0.0,3.0,29.0,1.0,6.0,5.0,44.0,1.0,1.0,1.0,3.0,3.0,6.0,1.0,10.0,1.0,1.0,14.25,2.0,1.0,0.0,0.8,0.0,3.0,3.0,0.8801990673484154,0.11980093265158455
141,51,0.0,0.0,3.0,0.0,1.0,6.0,5.0,44.0,1.0,1.0,1.0,3.0,3.0,3.0,1.0,10.0,1.0,1.0,14.25,2.0,1.0,0.0,1.0,3.0,3.0,3.0,0.8788323109959925,0.12116768900400747
141,52,0.0,0.0,3.0,0.0,1.0,6.0,21.0,44.0,68.0,1.0,1.0,3.0,3.0,6.0,1.0,10.0,1.0,1.0,14.25,2.0,1.0,0.0,1.0,0.0,3.0,3.0,0.8788322897371875,0.12116771026281253
141,53,0.0,0.0,5.0,0.0,1.0,6.0,5.0,44.0,1.0,1.0,1.0,3.0,3.0,6.0,1.0,10.0,1.0,1.0,14.25,2.0,5.0,0.0,1.0,0.0,3.0,3.0,0.77669862465875,0.22330137534125002
141,54,0.0,0.0,3.0,0.0,1.0,6.0,5.0,44.0,1.0,1.0,1.0,175.0,3.0,6.0,1.0,10.0,1.0,1.0,14.25,2.0,1.0,0.0,1.0,0.0,3.0,3.0,0.8784056955506427,0.12159430444935734
141,55,0.0,0.0,3.0,0.0,1.0,6.0,5.0,44.0,1.0,1.0,69.0,3.0,3.0,6.0,1.0,10.0,1.0,1.0,14.25,2.0,1.0,0.0,1.0,0.0,3.0,4.0,0.8788325102994842,0.12116748970051588
141,56,0.0,0.0,3.0,0.0,1.0,6.0,5.0,44.0,1.0,1.0,1.0,64.0,3.0,6.0,1.0,78.0,1.0,1.0,14.25,2.0,1.0,0.0,1.0,0.0,3.0,3.0,0.8777655411944614,0.12223445880553846
141,57,0.0,0.0,3.0,0.0,1.0,6.0,5.0,44.0,1.0,18.0,1.0,3.0,3.0,6.0,1.0,94.0,1.0,1.0,14.25,2.0,1.0,0.0,1.0,0.0,3.0,3.0,0.8788507625869941,0.12114923741300604
141,58,13.0,0.0,3.0,0.0,1.0,6.0,5.0,44.0,1.0,1.0,1.0,3.0,3.0,6.0,1.0,10.0,1.0,1.0,14.25,2.0,1.0,0.0,1.0,0.0,3.0,3.0,0.877799887833726,0.12220011216627376
141,59,0.0,0.0,3.0,0.0,1.0,6.0,5.0,44.0,1.0,1.0,1.0,3.0,3.0,6.0,1.0,10.0,1.0,1.0,14.25,15.0,1.0,0.0,1.0,0.0,1.0,3.0,0.7914196148670474,0.20858038513295274
141,60,0.0,0.0,3.0,0.0,1.0,6.0,5.0,44.0,1.0,1.0,1.0,3.0,3.0,6.0,1.0,10.0,1.0,1.0,14.25,2.0,20.0,0.0,1.0,2.0,3.0,3.0,0.878832289737333,0.12116771026266712
141,61,0.0,0.0,3.0,0.0,1.0,6.0,5.0,44.0,1.0,1.0,1.0,120.0,3.0,6.0,1.0,10.0,1.0,1.0,14.25,2.0,82.0,0.0,1.0,0.0,3.0,3.0,0.8788322897372842,0.12116771026271599
141,62,0.0,0.0,3.0,36.0,1.0,6.0,5.0,44.0,1.0,1.0,1.0,68.0,3.0,6.0,1.0,10.0,1.0,1.0,14.25,2.0,1.0,0.0,1.0,0.0,3.0,3.0,0.87889692957114,0.12110307042886015
141,63,0.0,0.0,3.0,0.0,1.0,6.0,5.0,44.0,1.0,1.0,1.0,114.0,3.0,6.0,1.0,10.0,1.0,1.0,14.25,2.0,1.0,0.0,1.0,4.0,3.0,3.0,0.8788322898390497,0.12116771016095014
141,64,0.0,0.0,3.0,0.0,1.0,6.0,5.0,44.0,1.0,1.0,1.0,3.0,4.0,6.0,1.0,10.0,1.0,1.0,14.25,2.0,1.0,0.0,1.0,3.0,3.0,3.0,0.8788323048369703,0.12116769516302962
141,65,0.0,0.0,3.0,14.0,1.0,6.0,5.0,44.0,1.0,1.0,1.0,3.0,3.0,6.0,1.0,10.0,1.0,259.0,14.25,2.0,1.0,0.0,1.0,0.0,3.0,3.0,0.8788322898196346,0.12116771018036547
141,66,0.0,0.0,3.0,0.0,1.0,6.0,5.0,44.0,1.0,1.0,1.0,3.0,3.0,6.0,1.0,10.0,1.0,347.0,14.25,2.0,1.0,0.0,0.5,0.0,3.0,3.0,0.879556459366332,0.12044354063366809
141,67,0.0,0.0,3.0,0.0,1.0,6.0,5.0,44.0,1.0,1.0,1.0,3.0,3.0,6.0,2827.0,10.0,1.0,1.0,14.25,2.0,1.0,0.0,1.0,0.0,3.0,3.0,0.8792309692963738,0.12076903070362602
141,68,0.0,81.0,3.0,0.0,1.0,6.0,5.0,44.0,1.0,1.0,1.0,3.0,3.0,6.0,1.0,10.0,1.0,1.0,14.25,2.0,1.0,2.0,1.0,0.0,3.0,3.0,0.8788323779836925,0.12116762201630751
141,69,10.0,0.0,3.0,0.0,1.0,6.0,5.0,44.0,1.0,1.0,1.0,3.0,19.0,6.0,1.0,10.0,1.0,1.0,14.25,2.0,1.0,0.0,1.0,0.0,3.0,3.0,0.8796585808889696,0.12034141911103037
141,70,0.0,69.0,3.0,0.0,35.0,6.0,5.0,44.0,1.0,1.0,1.0,3.0,3.0,6.0,1.0,10.0,1.0,1.0,14.25,2.0,1.0,0.0,1.0,0.0,3.0,3.0,0.8788323157459198,0.12116768425408014
141,71,0.0,0.0,3.0,0.0,1.0,6.0,5.0,44.0,1.0,1.0,1.0,115.0,3.0,6.0,1.0,10.0,1.0,1.0,14.25,2.0,1.0,0.0,1.0,0.0,3.0,3.0,0.8699644967734321,0.1300355032265679
141,72,0.0,102.0,3.0,0.0,1.0,6.0,5.0,44.0,1.0,1.0,1.0,3.0,3.0,6.0,1.0,10.0,1.0,1.0,14.25,2.0,1.0,0.0,1.0,0.0,3.0,3.0,0.8788322899903892,0.12116771000961088
141,73,0.0,0.0,3.0,0.0,1.0,6.0,12.0,44.0,1.0,1.0,1.0,3.0,3.0,6.0,1.0,10.0,1.0,1.0,14.25,2.0,1.0,0.0,1.0,0.0,3.0,3.0,0.8647063965475824,0.13529360345241748
141,74,0.0,0.0,3.0,0.0,1.0,6.0,5.0,1177.0,1.0,1.0,1.0,3.0,3.0,6.0,1.0,10.0,1.0,1.0,14.25,2.0,1.0,0.0,1.0,0.0,3.0,10.0,0.8788322897373181,0.121167710262682
141,75,0.0,0.0,3.0,0.0,1.0,6.0,5.0,44.0,1.0,1.0,1.0,3.0,3.0,6.0,1.0,10.0,1.0,41.0,14.25,2.0,1.0,0.0,1.0,2.0,3.0,3.0,0.8788322897385429,0.12116771026145717
141,76,0.0,0.0,3.0,0.0,1.0,6.0,5.0,44.0,1.0,1.0,1.0,3.0,1.0,6.0,1.0,10.0,1.0,1.0,14.25,2.0,45.0,0.0,1.0,0.0,3.0,3.0,0.8788323385389332,0.12116766146106658
141,77,0.0,0.0,3.0,0.0,76.0,6.0,5.0,44.0,1.0,17.0,1.0,3.0,3.0,6.0,1.0,10.0,1.0,1.0,14.25,2.0,1.0,0.0,1.0,0.0,3.0,3.0,0.8788317001411042,0.12116829985889573
141,78,0.0,0.0,3.0,0.0,1.0,6.0,5.0,1197.0,1.0,1.0,1.0,3.0,3.0,6.0,1.0,10.0,1.0,1.0,14.25,2.0,1.0,0.0,1.0,0.0,3.0,8.0,0.8788322897373134,0.12116771026268666
141,79,0.0,0.0,3.0,0.0,1.0,6.0,5.0,44.0,22.0,1.0,1.0,3.0,3.0,6.0,1.0,10.0,1.0,1.0,14.25,2.0,1.0,0.0,1.0,0.0,3.0,3.0,0.8752575566839018,0.1247424433160982
141,80,0.0,0.0,3.0,0.0,1.0,6.0,5.0,44.0,1.0,1.0,1.0,3.0,3.0,6.0,1.0,10.0,1.0,206.0,14.25,2.0,1.0,0.0,1.0,1.0,3.0,3.0,0.8788323108588825,0.12116768914111742
141,81,0.0,0.0,3.0,0.0,1.0,6.0,5.0,44.0,1.0,1.0,53.0,3.0,3.0,6.0,1.0,10.0,1.0,1.0,14.25,2.0,1.0,0.0,1.0,0.0,7.0,3.0,0.878732804246387,0.121267195753613
141,82,0.0,0.0,3.0,29.0,1.0,6.0,5.0,44.0,1.0,1.0,1.0,3.0,3.0,6.0,2850.0,10.0,1.0,1.0,14.25,2.0,1.0,0.0,1.0,0.0,3.0,3.0,0.8788322897384687,0.12116771026153147
141,83,0.0,0.0,3.0,0.0,1.0,6.0,5.0,44.0,1.0,1.0,1.0,3.0,3.0,8.0,1.0,10.0,1.0,1.0,14.25,13.0,1.0,0.0,1.0,0.0,3.0,3.0,0.5614478439470449,0.438552156052955
141,84,0.0,0.0,3.0,0.0,1.0,6.0,5.0,44.0,12.0,1.0,1.0,3.0,3.0,6.0,1481.0,10.0,1.0,1.0,14.25,2.0,1.0,0.0,1.0,0.0,3.0,3.0,0.8788323103718476,0.12116768962815241
141,85,20.0,0.0,3.0,0.0,1.0,6.0,5.0,44.0,1.0,1.0,1.0,3.0,3.0,6.0,1175.0,10.0,1.0,1.0,14.25,2.0,1.0,0.0,1.0,0.0,3.0,3.0,0.8788322897371467,0.12116771026285353
141,86,0.0,23.0,3.0,0.0,1.0,6.0,5.0,44.0,1.0,1.0,94.0,3.0,3.0,6.0,1.0,10.0,1.0,1.0,14.25,2.0,1.0,0.0,1.0,0.0,3.0,3.0,0.8789004154266931,0.12109958457330673
141,87,0.0,0.0,3.0,0.0,1.0,6.0,5.0,44.0,1.0,1.0,1.0,3.0,3.0,6.0,1.0,83.0,1.0,1.0,14.25,2.0,58.0,0.0,1.0,0.0,3.0,3.0,0.8788322897371875,0.12116771026281253
141,88,0.0,0.0,6.0,0.0,1.0,6.0,5.0,44.0,1.0,1.0,1.0,3.0,3.0,6.0,1405.0,10.0,1.0,1.0,14.25,2.0,1.0,0.0,1.0,0.0,3.0,3.0,0.8788322897694902,0.12116771023050969
141,89,0.0,0.0,3.0,0.0,1.0,6.0,5.0,44.0,1.0,1.0,1.0,3.0,3.0,6.0,3018.0,10.0,1.0,1.0,14.25,2.0,1.0,0.0,1.0,3.0,3.0,3.0,0.8788322897371875,0.12116771026281253
141,90,0.0,0.0,3.0,0.0,1.0,6.0,5.0,44.0,1.0,1.0,1.0,3.0,0.0,6.0,2023.0,10.0,1.0,1.0,14.25,2.0,1.0,0.0,1.0,0.0,3.0,3.0,0.8788322897621383,0.12116771023786159
141,91,0.0,0.0,3.0,0.0,1.0,6.0,5.0,44.0,1.0,1.0,31.0,3.0,3.0,6.0,1.0,10.0,1.0,339.0,14.25,2.0,1.0,0.0,1.0,0.0,3.0,3.0,0.8788509648515612,0.12114903514843857
141,92,0.0,0.0,3.0,0.0,1.0,6.0,5.0,44.0,1.0,1.0,1.0,3.0,3.0,6.0,749.0,10.0,1.0,1.0,14.25,2.0,1.0,0.0,1.0,0.0,3.0,10.0,0.8788118300815677,0.1211881699184322
141,93,0.0,0.0,3.0,0.0,1.0,6.0,0.0,44.0,1.0,1.0,1.0,3.0,3.0,6.0,1.0,43.0,1.0,1.0,14.25,2.0,1.0,0.0,1.0,0.0,3.0,3.0,0.7583044536390762,0.24169554636092397
141,94,20.0,0.0,3.0,0.0,1.0,6.0,5.0,44.0,1.0,1.0,1.0,3.0,3.0,6.0,1.0,85.0,1.0,1.0,14.25,2.0,1.0,0.0,1.0,0.0,3.0,3.0,0.8788219112981477,0.12117808870185227
141,95,0.0,0.0,3.0,0.0,1.0,6.0,5.0,275.0,1.0,1.0,1.0,3.0,3.0,6.0,1.0,10.0,1.0,1.0,14.25,2.0,1.0,0.0,1.0,0.0,3.0,3.0,0.5231885909614525,0.47681140903854746
141,96,0.0,0.0,3.0,0.0,1.0,6.0,5.0,44.0,1.0,1.0,1.0,3.0,3.0,6.0,966.0,10.0,1.0,1.0,14.25,2.0,1.0,0.0,1.0,0.0,3.0,3.0,0.8788322403234398,0.12116775967656031
141,97,0.0,0.0,3.0,0.0,1.0,6.0,12.0,1370.0,1.0,1.0,1.0,3.0,3.0,6.0,1.0,10.0,1.0,1.0,14.25,2.0,1.0,0.0,1.0,0.0,3.0,3.0,0.8788322897371875,0.12116771026281253
141,98,0.0,0.0,3.0,0.0,1.0,6.0,5.0,44.0,1.0,1.0,83.0,3.0,3.0,6.0,1.0,10.0,1.0,1.0,21.6,2.0,1.0,0.0,1.0,0.0,3.0,3.0,0.8788322861524628,0.12116771384753738
141,99,0.0,0.0,3.0,0.0,34.0,6.0,5.0,44.0,1.0,1.0,1.0,3.0,3.0,6.0,1.0,10.0,1.0,1.0,14.25,2.0,14.0,0.0,1.0,0.0,3.0,3.0,0.8792827671798497,0.12071723282015047
148,0,2.0,34.0,2.0,0.0,0.0,6.0,3.0,178.0,2.0,12.0,9.0,9.0,2.0,5.0,2.0,20.0,4.0,1.0,5.78260869565217,0.0,1.0,0.0,0.75,0.0,1.0,5.0,0.878229640469342,0.1217703595306578
148,1,2.0,0.0,2.0,0.0,0.0,6.0,3.0,178.0,2.0,27.0,9.0,9.0,2.0,5.0,2.0,20.0,2.0,69.0,5.78260869565217,0.0,1.0,0.0,0.75,0.0,1.0,5.0,0.8786705516801326,0.12132944831986764
148,2,2.0,0.0,2.0,0.0,0.0,6.0,3.0,178.0,59.0,12.0,9.0,9.0,2.0,5.0,2.0,20.0,2.0,1.0,5.78260869565217,0.0,1.0,0.0,0.75,1.0,1.0,5.0,0.8788322897372296,0.12116771026277061
148,3,2.0,0.0,2.0,0.0,0.0,6.0,3.0,178.0,2.0,12.0,9.0,9.0,2.0,5.0,2.0,20.0,2.0,87.0,7.4,0.0,1.0,0.0,0.75,0.0,1.0,5.0,0.8790131398622257,0.12098686013777415
148,4,2.0,0.0,2.0,0.0,0.0,7.0,3.0,178.0,2.0,12.0,9.0,9.0,2.0,5.0,1267.0,20.0,2.0,1.0,5.78260869565217,0.0,1.0,0.0,0.75,0.0,1.0,5.0,0.8792673041933092,0.1207326958066909
148,5,2.0,0.0,2.0,0.0,0.0,6.0,3.0,178.0,2.0,12.0,9.0,9.0,2.0,5.0,2.0,76.0,2.0,1.0,5.78260869565217,0.0,1.0,0.0,0.75,0.0,1.0,5.0,0.8457224419662109,0.15427755803378895
148,6,2.0,0.0,2.0,0.0,0.0,6.0,3.0,178.0,2.0,12.0,9.0,64.0,2.0,5.0,2.0,78.0,2.0,1.0,5.78260869565217,0.0,1.0,0.0,0.75,0.0,1.0,5.0,0.8674398899830795,0.1325601100169203
148,7,2.0,0.0,2.0,0.0,0.0,6.0,20.0,178.0,2.0,12.0,9.0,86.0,2.0,5.0,2.0,20.0,2.0,1.0,5.78260869565217,0.0,1.0,0.0,0.75,0.0,1.0,5.0,0.8788330041234929,0.12116699587650716
148,8,2.0,0.0,2.0,0.0,0.0,6.0,3.0,178.0,2.0,12.0,9.0,9.0,2.0,5.0,2.0,88.0,2.0,1.0,5.78260869565217,0.0,70.0,0.0,0.75,0.0,1.0,5.0,0.8788322897371875,0.12116771026281253
148,9,2.0,0.0,2.0,0.0,0.0,8.0,3.0,178.0,2.0,28.0,9.0,9.0,2.0,5.0,2.0,20.0,2.0,1.0,5.78260869565217,0.0,1.0,0.0,0.75,0.0,1.0,5.0,0.8520967738055959,0.1479032261944043
148,10,2.0,0.0,2.0,0.0,0.0,6.0,3.0,178.0,2.0,12.0,44.0,9.0,2.0,5.0,2.0,20.0,2.0,1.0,5.78260869565217,0.0,1.0,0.0,0.75,0.0,1.0,5.0,0.7570898415195715,0.24291015848042857
148,11,2.0,0.0,2.0,0.0,0.0,6.0,3.0,178.0,2.0,18.0,9.0,9.0,2.0,5.0,2.0,20.0,2.0,1.0,5.78260869565217,0.0,17.0,0.0,0.75,0.0,1.0,5.0,0.8453410346864458,0.15465896531355416
148,12,2.0,0.0,2.0,0.0,0.0,6.0,3.0,178.0,2.0,12.0,9.0,9.0,2.0,5.0,2.0,20.0,2.0,1.0,5.78260869565217,0.0,60.0,3.0,0.75,0.0,1.0,5.0,0.878832289737848,0.1211677102621517
148,13,2.0,0.0,2.0,0.0,0.0,6.0,3.0,178.0,2.0,12.0,9.0,9.0,2.0,5.0,2.0,20.0,2.0,257.0,5.78260869565217,0.0,1.0,0.0,0.75,0.0,1.0,5.0,0.8788322917663707,0.12116770823362923
148,14,2.0,0.0,2.0,0.0,0.0,6.0,3.0,178.0,2.0,12.0,9.0,9.0,2.0,5.0,2083.0,20.0,2.0,1.0,5.78260869565217,0.0,1.0,0.0,0.75,0.0,1.0,5.0,0.8788323289103234,0.12116767108967672
148,15,2.0,0.0,2.0,0.0,0.0,6.0,3.0,178.0,15.0,12.0,9.0,136.0,2.0,5.0,2.0,20.0,2.0,1.0,5.78260869565217,0.0,1.0,0.0,0.75,0.0,1.0,5.0,0.8822645880580952,0.11773541194190495
148,16,2.0,0.0,2.0,0.0,0.0,6.0,3.0,178.0,2.0,12.0,9.0,9.0,2.0,5.0,2.0,20.0,2.0,299.0,5.78260869565217,0.0,1.0,0.0,0.75,0.0,1.0,5.0,0.8788355212175609,0.12116447878243918
148,17,2.0,0.0,2.0,0.0,0.0,6.0,3.0,178.0,2.0,12.0,4.0,156.0,2.0,5.0,2.0,20.0,2.0,1.0,5.78260869565217,0.0,1.0,0.0,0.75,0.0,1.0,5.0,0.8305906841040727,0.1694093158959272
148,18,2.0,0.0,2.0,0.0,0.0,6.0,3.0,1294.0,2.0,12.0,9.0,9.0,2.0,5.0,2.0,20.0,2.0,1.0,5.78260869565217,0.0,1.0,0.0,0.75,0.0,1.0,5.0,0.8788322897371367,0.12116771026286327
148,19,2.0,0.0,2.0,0.0,0.0,6.0,3.0,178.0,2.0,12.0,9.0,9.0,2.0,5.0,2.0,20.0,2.0,1.0,5.78260869565217,0.0,1.0,0.0,0.5,3.0,1.0,5.0,0.8788590163063495,0.12114098369365056
148,20,2.0,0.0,2.0,0.0,0.0,6.0,3.0,178.0,2.0,12.0,9.0,213.0,2.0,5.0,2.0,20.0,2.0,1.0,5.78260869565217,0.0,1.0,0.0,0.75,0.0,1.0,5.0,0.868106879825779,0.1318931201742211
148,21,2.0,0.0,2.0,0.0,0.0,6.0,3.0,178.0,52.0,7.0,9.0,9.0,2.0,5.0,2.0,20.0,2.0,1.0,5.78260869565217,0.0,1.0,0.0,0.75,0.0,1.0,5.0,0.8788323396708316,0.1211676603291685
148,22,2.0,0.0,2.0,0.0,0.0,6.0,3.0,178.0,2.0,12.0,9.0,9.0,2.0,5.0,2.0,20.0,2.0,347.0,5.78260869565217,0.0,1.0,0.0,0.5,0.0,1.0,5.0,0.879012295645032,0.12098770435496795
148,23,2.0,0.0,2.0,0.0,0.0,20.0,3.0,178.0,2.0,12.0,9.0,9.0,2.0,5.0,2.0,20.0,2.0,1.0,5.78260869565217,21.0,1.0,0.0,0.75,0.0,1.0,5.0,0.8786099992190124,0.12139000078098756
148,24,2.0,0.0,2.0,0.0,0.0,6.0,3.0,178.0,2.0,12.0,9.0,9.0,2.0,5.0,2.0,20.0,2.0,37.0,5.78260869565217,11.0,1.0,0.0,0.75,0.0,1.0,5.0,0.8037739417183789,0.19622605828162115
148,25,2.0,0.0,2.0,0.0,0.0,12.0,12.0,178.0,2.0,12.0,9.0,9.0,2.0,5.0,2.0,20.0,2.0,1.0,5.78260869565217,0.0,1.0,0.0,0.75,0.0,1.0,5.0,0.8653281168943954,0.1346718831056046
148,26,2.0,0.0,2.0,11.0,0.0,6.0,3.0,178.0,2.0,12.0,9.0,9.0,2.0,6.0,2.0,20.0,2.0,1.0,5.78260869565217,0.0,1.0,0.0,0.75,0.0,1.0,5.0,0.8170407775855097,0.18295922241449025
148,27,2.0,0.0,2.0,0.0,0.0,6.0,3.0,178.0,68.0,12.0,9.0,9.0,2.0,5.0,2.0,20.0,2.0,1.0,5.78260869565217,0.0,1.0,3.0,0.75,0.0,1.0,5.0,0.8788322897371875,0.12116771026281253
148,28,13.0,0.0,2.0,0.0,0.0,6.0,3.0,178.0,2.0,12.0,9.0,203.0,2.0,5.0,2.0,20.0,2.0,1.0,5.78260869565217,0.0,1.0,0.0,0.75,0.0,1.0,5.0,0.878673965614799,0.12132603438520094
148,29,2.0,0.0,2.0,39.0,0.0,6.0,3.0,178.0,2.0,12.0,9.0,170.0,2.0,5.0,2.0,20.0,2.0,1.0,5.78260869565217,0.0,1.0,0.0,0.75,0.0,1.0,5.0,0.8788322903894603,0.12116770961053992
148,30,20.0,62.0,2.0,0.0,0.0,6.0,3.0,178.0,2.0,12.0,9.0,9.0,2.0,5.0,2.0,20.0,2.0,1.0,5.78260869565217,0.0,1.0,0.0,0.75,0.0,1.0,5.0,0.8788322897640685,0.1211677102359316
148,31,2.0,41.0,0.0,0.0,0.0,6.0,3.0,178.0,2.0,12.0,9.0,9.0,2.0,5.0,2.0,20.0,2.0,1.0,5.78260869565217,0.0,1.0,0.0,0.75,0.0,1.0,5.0,0.8794038058766899,0.1205961941233102
148,32,2.0,0.0,2.0,0.0,0.0,6.0,3.0,178.0,2.0,12.0,9.0,9.0,2.0,5.0,1530.0,20.0,2.0,1.0,5.78260869565217,0.0,1.0,0.0,0.75,0.0,1.0,5.0,0.879116900909069,0.12088309909093109
148,33,2.0,0.0,2.0,0.0,0.0,6.0,3.0,178.0,61.0,12.0,9.0,9.0,2.0,5.0,2.0,20.0,2.0,1.0,5.78260869565217,0.0,1.0,0.0,0.75,1.0,1.0,5.0,0.8788322897371945,0.12116771026280555
148,34,2.0,0.0,2.0,0.0,0.0,6.0,3.0,581.0,2.0,12.0,9.0,9.0,2.0,5.0,2.0,20.0,2.0,1.0,5.78260869565217,0.0,1.0,0.0,0.5,0.0,1.0,5.0,0.8732376151880761,0.12676238481192384
148,35,2.0,0.0,2.0,0.0,0.0,6.0,3.0,1408.0,2.0,12.0,9.0,9.0,2.0,5.0,2.0,20.0,2.0,1.0,5.78260869565217,0.0,1.0,2.0,0.75,0.0,1.0,5.0,0.8788322897371827,0.12116771026281731
148,36,2.0,0.0,2.0,0.0,0.0,6.0,3.0,178.0,2.0,12.0,9.0,9.0,2.0,5.0,2.0,20.0,2.0,1.0,5.78260869565217,2.0,30.0,0.0,0.75,0.0,1.0,5.0,0.8787833702326567,0.12121662976734328
148,37,2.0,0.0,2.0,0.0,0.0,6.0,3.0,1336.0,2.0,12.0,9.0,188.0,2.0,5.0,2.0,20.0,2.0,1.0,5.78260869565217,0.0,1.0,0.0,0.75,0.0,1.0,5.0,0.8788322247794115,0.1211677752205887
148,38,2.0,0.0,2.0,0.0,0.0,6.0,3.0,178.0,2.0,12.0,56.0,9.0,2.0,5.0,2.0,20.0,2.0,189.0,5.78260869565217,0.0,1.0,0.0,0.75,0.0,1.0,5.0,0.8788322932597806,0.12116770674021941
148,39,2.0,0.0,2.0,0.0,0.0,6.0,3.0,178.0,2.0,12.0,9.0,9.0,22.0,2.0,2.0,20.0,2.0,1.0,5.78260869565217,0.0,1.0,0.0,0.75,0.0,1.0,5.0,0.8791019193951958,0.120898080604804
148,40,2.0,0.0,2.0,0.0,0.0,6.0,3.0,1186.0,2.0,12.0,34.0,9.0,2.0,5.0,2.0,20.0,2.0,1.0,5.78260869565217,0.0,1.0,0.0,0.75,0.0,1.0,5.0,0.8788322897370414,0.12116771026295853
148,41,2.0,0.0,2.0,0.0,0.0,6.0,9.0,178.0,2.0,12.0,9.0,9.0,2.0,5.0,2.0,20.0,2.0,1.0,5.78260869565217,0.0,1.0,4.0,0.75,0.0,1.0,5.0,0.8788528515182573,0.12114714848174273
148,42,2.0,33.0,2.0,0.0,0.0,6.0,3.0,178.0,2.0,19.0,9.0,9.0,2.0,5.0,2.0,20.0,2.0,1.0,5.78260869565217,0.0,1.0,0.0,0.75,0.0,1.0,5.0,0.8784059610353188,0.12159403896468118
148,43,2.0,0.0,2.0,0.0,0.0,6.0,3.0,178.0,2.0,12.0,9.0,9.0,2.0,5.0,3084.0,20.0,2.0,1.0,5.78260869565217,0.0,1.0,0.0,0.75,1.0,1.0,5.0,0.8788425292485766,0.12115747075142333
148,44,2.0,0.0,2.0,0.0,0.0,6.0,3.0,178.0,2.0,12.0,9.0,9.0,2.0,5.0,1689.0,20.0,2.0,1.0,5.78260869565217,0.0,1.0,4.0,0.75,0.0,1.0,5.0,0.8788322897395706,0.12116771026042943
148,45,2.0,30.0,2.0,0.0,0.0,6.0,3.0,178.0,2.0,12.0,9.0,9.0,2.0,5.0,2.0,20.0,2.0,1.0,5.78260869565217,0.0,1.0,0.0,0.75,0.0,1.0,5.0,0.8740228885065322,0.12597711149346802
148,46,2.0,0.0,2.0,0.0,0.0,6.0,3.0,178.0,2.0,12.0,9.0,99.0,2.0,5.0,2.0,20.0,2.0,1.0,5.78260869565217,0.0,1.0,3.0,0.75,0.0,1.0,5.0,0.8788301591760936,0.12116984082390626
148,47,2.0,0.0,2.0,0.0,0.0,6.0,3.0,178.0,2.0,28.0,72.0,9.0,2.0,5.0,2.0,20.0,2.0,1.0,5.78260869565217,0.0,1.0,0.0,0.75,0.0,1.0,5.0,0.8787713781864019,0.1212286218135978
148,48,2.0,0.0,2.0,0.0,0.0,6.0,3.0,178.0,2.0,12.0,9.0,9.0,2.0,5.0,2.0,20.0,2.0,1.0,5.78260869565217,3.0,1.0,0.0,0.75,1.0,1.0,5.0,0.8783061984582231,0.12169380154177702
148,49,2.0,0.0,2.0,0.0,0.0,6.0,3.0,178.0,2.0,12.0,9.0,9.0,2.0,5.0,1798.0,20.0,2.0,1.0,5.78260869565217,0.0,1.0,0.0,0.6,0.0,1.0,5.0,0.8788466660855186,0.12115333391448112
148,50,2.0,0.0,2.0,0.0,0.0,6.0,3.0,178.0,47.0,12.0,9.0,9.0,2.0,5.0,2.0,20.0,2.0,1.0,6.1,0.0,1.0,0.0,0.75,0.0,1.0,5.0,0.8788330299178149,0.12116697008218524
148,51,2.0,56.0,2.0,0.0,0.0,6.0,3.0,178.0,2.0,12.0,9.0,9.0,18.0,5.0,2.0,20.0,2.0,1.0,5.78260869565217,0.0,1.0,0.0,0.75,0.0,1.0,5.0,0.878832297908452,0.12116770209154794
148,52,2.0,93.0,2.0,0.0,0.0,6.0,3.0,178.0,2.0,12.0,9.0,9.0,2.0,5.0,2.0,20.0,2.0,1.0,5.78260869565217,0.0,1.0,0.0,0.5,0.0,1.0,5.0,0.8788322983533079,0.1211677016466922
148,53,2.0,0.0,2.0,0.0,0.0,6.0,3.0,178.0,2.0,12.0,9.0,9.0,2.0,5.0,998.0,20.0,2.0,1.0,5.78260869565217,0.0,1.0,0.0,0.75,0.0,1.0,5.0,0.878911789133093,0.12108821086690719
148,54,2.0,0.0,2.0,0.0,0.0,6.0,3.0,178.0,2.0,12.0,78.0,9.0,2.0,5.0,2.0,20.0,2.0,238.0,5.78260869565217,0.0,1.0,0.0,0.75,0.0,1.0,5.0,0.8788322897371875,0.12116771026281228
148,55,2.0,0.0,2.0,0.0,0.0,6.0,3.0,178.0,2.0,12.0,9.0,9.0,2.0,5.0,2.0,20.0,2.0,1.0,5.78260869565217,0.0,23.0,0.0,0.75,0.0,1.0,5.0,0.8751471179913022,0.12485288200869768
148,56,2.0,0.0,8.0,0.0,0.0,6.0,14.0,178.0,2.0,12.0,9.0,9.0,2.0,5.0,2.0,20.0,2.0,1.0,5.78260869565217,0.0,1.0,0.0,0.75,0.0,1.0,5.0,0.8798024489016725,0.12019755109832755
148,57,2.0,0.0,2.0,0.0,0.0,6.0,3.0,178.0,2.0,12.0,9.0,209.0,2.0,5.0,2.0,20.0,2.0,1.0,5.78260869565217,0.0,1.0,0.0,0.75,0.0,3.0,5.0,0.8656991578425287,0.1343008421574712
148,58,2.0,0.0,2.0,0.0,0.0,6.0,3.0,178.0,2.0,12.0,9.0,9.0,2.0,5.0,2.0,20.0,4.0,298.0,5.78260869565217,0.0,1.0,0.0,0.75,0.0,1.0,5.0,0.8788331917979559,0.12116680820204374
148,59,2.0,9.0,2.0,0.0,0.0,6.0,3.0,178.0,28.0,12.0,9.0,9.0,2.0,5.0,2.0,20.0,2.0,1.0,5.78260869565217,0.0,1.0,0.0,0.75,0.0,1.0,5.0,0.8800868247813208,0.11991317521867932
148,60,2.0,0.0,2.0,0.0,0.0,6.0,3.0,178.0,2.0,30.0,9.0,9.0,2.0,5.0,2.0,20.0,2.0,1.0,21.1,0.0,1.0,0.0,0.75,0.0,1.0,5.0,0.8765806344296287,0.1234193655703712
148,61,2.0,0.0,2.0,0.0,0.0,6.0,3.0,178.0,2.0,12.0,9.0,9.0,2.0,5.0,1442.0,20.0,0.0,1.0,5.78260869565217,0.0,1.0,0.0,0.75,0.0,1.0,5.0,0.8791364433608311,0.12086355663916902
148,62,2.0,64.0,2.0,0.0,0.0,6.0,3.0,178.0,2.0,12.0,9.0,9.0,2.0,5.0,2.0,20.0,2.0,1.0,5.78260869565217,0.0,1.0,0.0,0.75,0.0,1.0,5.0,0.8789258085865939,0.12107419141340646
148,63,2.0,15.0,2.0,0.0,0.0,6.0,3.0,178.0,2.0,12.0,9.0,9.0,2.0,9.0,2.0,20.0,2.0,1.0,5.78260869565217,0.0,1.0,0.0,0.75,0.0,1.0,5.0,0.571447785454366,0.42855221454563414
148,64,2.0,0.0,2.0,0.0,0.0,6.0,3.0,178.0,52.0,12.0,9.0,9.0,2.0,5.0,2.0,20.0,2.0,1.0,5.78260869565217,0.0,1.0,0.0,0.75,0.0,5.0,5.0,0.878832305594393,0.1211676944056071
148,65,2.0,0.0,2.0,27.0,0.0,6.0,3.0,178.0,2.0,12.0,9.0,9.0,2.0,5.0,2.0,20.0,2.0,1.0,5.78260869565217,0.0,1.0,0.0,0.75,0.0,1.0,5.0,0.8798797615967096,0.12012023840329042
148,66,0.0,0.0,2.0,0.0,0.0,6.0,3.0,178.0,2.0,12.0,9.0,9.0,2.0,5.0,2.0,20.0,2.0,1.0,5.78260869565217,0.0,1.0,0.0,0.75,4.0,1.0,5.0,0.8788323037806877,0.1211676962193121
148,67,2.0,0.0,2.0,0.0,0.0,6.0,3.0,526.0,2.0,12.0,9.0,9.0,2.0,5.0,2.0,20.0,2.0,1.0,5.78260869565217,0.0,37.0,0.0,0.75,0.0,1.0,5.0,0.8788322843422255,0.12116771565777464
148,68,2.0,0.0,2.0,0.0,41.0,6.0,11.0,178.0,2.0,12.0,9.0,9.0,2.0,5.0,2.0,20.0,2.0,1.0,5.78260869565217,0.0,1.0,0.0,0.75,0.0,1.0,5.0,0.8787912930915158,0.12120870690848413
148,69,2.0,0.0,2.0,0.0,77.0,6.0,3.0,178.0,2.0,12.0,9.0,9.0,2.0,5.0,2.0,20.0,2.0,1.0,5.78260869565217,0.0,14.0,0.0,0.75,0.0,1.0,5.0,0.8788083352479112,0.12119166475208877
148,70,2.0,0.0,2.0,33.0,0.0,6.0,3.0,178.0,2.0,12.0,9.0,9.0,2.0,5.0,2.0,20.0,2.0,1.0,5.78260869565217,0.0,40.0,0.0,0.75,0.0,1.0,5.0,0.8788322897461105,0.1211677102538893
148,71,2.0,0.0,2.0,0.0,0.0,6.0,3.0,178.0,2.0,12.0,87.0,9.0,2.0,5.0,2.0,20.0,2.0,1.0,5.78260869565217,21.0,1.0,0.0,0.75,0.0,1.0,5.0,0.878832258661354,0.12116774133864604
148,72,2.0,0.0,2.0,0.0,0.0,6.0,3.0,178.0,47.0,12.0,9.0,9.0,2.0,5.0,2.0,20.0,2.0,1.0,5.78260869565217,0.0,1.0,0.0,0.75,0.0,1.0,8.0,0.8788325854932607,0.12116741450673925
148,73,2.0,0.0,2.0,19.0,0.0,6.0,3.0,178.0,2.0,12.0,9.0,9.0,2.0,5.0,2.0,20.0,2.0,1.0,22.9,0.0,1.0,0.0,0.75,0.0,1.0,5.0,0.8793369303753303,0.12066306962466967
148,74,2.0,0.0,2.0,0.0,0.0,6.0,19.0,178.0,2.0,12.0,45.0,9.0,2.0,5.0,2.0,20.0,2.0,1.0,5.78260869565217,0.0,1.0,0.0,0.75,0.0,1.0,5.0,0.87883250499203,0.1211674950079699
148,75,2.0,0.0,2.0,0.0,0.0,6.0,3.0,178.0,2.0,12.0,9.0,9.0,2.0,5.0,2.0,20.0,2.0,134.0,5.78260869565217,0.0,53.0,0.0,0.75,0.0,1.0,5.0,0.8788322897371875,0.12116771026281253
148,76,2.0,0.0,2.0,0.0,0.0,6.0,3.0,178.0,2.0,12.0,79.0,9.0,2.0,5.0,2.0,20.0,2.0,293.0,5.78260869565217,0.0,1.0,0.0,0.75,0.0,1.0,5.0,0.8788322897371889,0.12116771026281124
148,77,2.0,0.0,2.0,0.0,0.0,6.0,3.0,178.0,2.0,12.0,9.0,9.0,2.0,5.0,2254.0,20.0,3.0,1.0,5.78260869565217,0.0,1.0,0.0,0.75,0.0,1.0,5.0,0.8788323186380137,0.12116768136198619
148,78,2.0,0.0,2.0,0.0,58.0,6.0,3.0,178.0,2.0,12.0,96.0,9.0,2.0,5.0,2.0,20.0,2.0,1.0,5.78260869565217,0.0,1.0,0.0,0.75,0.0,1.0,5.0,0.8788322897371875,0.12116771026281253
148,79,2.0,0.0,2.0,0.0,0.0,6.0,3.0,178.0,2.0,12.0,9.0,9.0,2.0,5.0,2.0,20.0,2.0,1.0,5.78260869565217,0.0,47.0,0.0,0.75,0.0,1.0,5.0,0.8788322904184068,0.12116770958159313
148,80,2.0,0.0,2.0,0.0,0.0,6.0,3.0,178.0,2.0,29.0,9.0,9.0,2.0,5.0,2.0,20.0,2.0,1.0,6.9,0.0,1.0,0.0,0.75,0.0,1.0,5.0,0.8705138795580136,0.12948612044198632
148,81,2.0,0.0,2.0,0.0,0.0,6.0,3.0,178.0,2.0,12.0,9.0,120.0,2.0,5.0,2.0,20.0,2.0,1.0,5.78260869565217,0.0,1.0,0.0,0.75,0.0,1.0,5.0,0.7577058580002773,0.2422941419997228
148,82,2.0,0.0,2.0,0.0,0.0,6.0,3.0,178.0,2.0,12.0,9.0,212.0,2.0,5.0,2.0,20.0,4.0,1.0,5.78260869565217,0.0,1.0,0.0,0.75,0.0,1.0,5.0,0.8621792518420752,0.13782074815792492
148,83,7.0,0.0,2.0,0.0,0.0,6.0,3.0,178.0,2.0,12.0,9.0,9.0,2.0,5.0,2.0,20.0,2.0,1.0,5.78260869565217,21.0,1.0,0.0,0.75,0.0,1.0,5.0,0.8755868174910767,0.12441318250892318
148,84,2.0,0.0,2.0,0.0,0.0,6.0,3.0,178.0,43.0,12.0,9.0,9.0,2.0,5.0,2.0,20.0,2.0,1.0,5.78260869565217,0.0,1.0,0.0,0.75,0.0,1.0,5.0,0.8788405015623418,0.12115949843765818
148,85,2.0,0.0,2.0,0.0,0.0,18.0,3.0,178.0,2.0,12.0,9.0,9.0,2.0,5.0,2.0,20.0,2.0,1.0,5.78260869565217,0.0,44.0,0.0,0.75,0.0,1.0,5.0,0.8788322898148007,0.12116771018519941
148,86,2.0,0.0,2.0,4.0,76.0,6.0,3.0,178.0,2.0,12.0,9.0,9.0,2.0,5.0,2.0,20.0,2.0,1.0,5.78260869565217,0.0,1.0,0.0,0.75,0.0,1.0,5.0,0.8786323936960517,0.12136760630394836
148,87,2.0,0.0,2.0,0.0,0.0,6.0,3.0,178.0,2.0,12.0,9.0,9.0,2.0,5.0,2.0,20.0,2.0,1.0,5.78260869565217,0.0,46.0,0.0,0.75,0.0,1.0,5.0,0.8788322911092805,0.12116770889071965
148,88,2.0,0.0,2.0,0.0,0.0,6.0,3.0,978.0,2.0,12.0,9.0,9.0,2.0,5.0,2.0,20.0,2.0,1.0,5.78260869565217,0.0,1.0,0.0,0.75,0.0,1.0,5.0,0.8788323132491271,0.12116768675087292
148,89,2.0,0.0,2.0,0.0,26.0,6.0,3.0,178.0,66.0,12.0,9.0,9.0,2.0,5.0,2.0,20.0,2.0,1.0,5.78260869565217,0.0,1.0,0.0,0.75,0.0,1.0,5.0,0.8788322897371653,0.12116771026283464
148,90,2.0,0.0,2.0,0.0,0.0,6.0,3.0,178.0,2.0,12.0,9.0,9.0,2.0,5.0,2.0,83.0,2.0,1.0,5.78260869565217,0.0,76.0,0.0,0.75,0.0,1.0,5.0,0.8788322897371875,0.12116771026281253
148,91,2.0,0.0,2.0,0.0,0.0,6.0,11.0,178.0,2.0,12.0,9.0,9.0,2.0,1.0,2.0,20.0,2.0,1.0,5.78260869565217,0.0,1.0,0.0,0.75,0.0,1.0,5.0,0.8283538053294409,0.17164619467055905
148,92,11.0,0.0,2.0,0.0,0.0,6.0,3.0,178.0,2.0,12.0,9.0,9.0,2.0,5.0,2.0,20.0,2.0,1.0,5.78260869565217,0.0,1.0,0.0,0.75,0.0,1.0,5.0,0.5403091868129258,0.45969081318707405
148,93,2.0,34.0,2.0,29.0,0.0,6.0,3.0,178.0,2.0,12.0,9.0,9.0,2.0,5.0,2.0,20.0,2.0,1.0,5.78260869565217,0.0,1.0,0.0,0.75,0.0,1.0,5.0,0.8788326850405475,0.12116731495945268
148,94,2.0,0.0,2.0,0.0,0.0,11.0,3.0,178.0,2.0,29.0,9.0,9.0,2.0,5.0,2.0,20.0,2.0,1.0,5.78260869565217,0.0,1.0,0.0,0.75,0.0,1.0,5.0,0.8671426786174664,0.1328573213825336
148,95,2.0,0.0,2.0,0.0,0.0,6.0,3.0,178.0,2.0,32.0,9.0,9.0,2.0,5.0,2.0,20.0,2.0,1.0,5.78260869565217,0.0,1.0,0.0,0.75,0.0,1.0,5.0,0.8944956926555883,0.10550430734441166
148,96,14.0,0.0,2.0,0.0,0.0,6.0,3.0,178.0,2.0,12.0,9.0,9.0,0.0,5.0,2.0,20.0,2.0,1.0,5.78260869565217,0.0,1.0,0.0,0.75,0.0,1.0,5.0,0.7208156388617277,0.27918436113827233
148,97,2.0,0.0,2.0,0.0,0.0,6.0,18.0,178.0,2.0,12.0,9.0,9.0,2.0,5.0,356.0,20.0,2.0,1.0,5.78260869565217,0.0,1.0,0.0,0.75,0.0,1.0,5.0,0.8788373925739131,0.12116260742608712
148,98,2.0,0.0,2.0,0.0,0.0,6.0,3.0,178.0,2.0,12.0,9.0,9.0,2.0,5.0,2.0,76.0,2.0,1.0,5.78260869565217,0.0,1.0,0.0,0.75,0.0,2.0,5.0,0.8501776180938108,0.14982238190618918
148,99,2.0,0.0,2.0,26.0,0.0,6.0,3.0,178.0,2.0,12.0,9.0,9.0,2.0,5.0,2.0,20.0,2.0,300.0,5.78260869565217,0.0,1.0,0.0,0.75,0.0,1.0,5.0,0.8788322897376448,0.1211677102623555
152,0,1.0,1.0,1.0,2.0,0.0,0.0,1.0,115.0,62.0,7.0,40.0,101.0,0.0,4.0,2.0,28.0,2.0,0.0,1.88181818181818,1.0,1.0,0.0,1.0,0.0,1.0,5.0,0.8788322897380286,0.12116771026197157
152,1,1.0,1.0,1.0,2.0,0.0,0.0,1.0,115.0,2.0,7.0,40.0,101.0,7.0,4.0,2.0,28.0,2.0,0.0,1.88181818181818,1.0,1.0,0.0,1.0,0.0,5.0,5.0,0.7259111279361505,0.274088872063849
152,2,1.0,1.0,1.0,2.0,15.0,0.0,1.0,115.0,2.0,7.0,40.0,101.0,0.0,4.0,2.0,28.0,2.0,0.0,1.88181818181818,1.0,1.0,0.0,0.6,0.0,1.0,5.0,0.5330580960319905,0.4669419039680094
152,3,1.0,1.0,1.0,2.0,0.0,0.0,1.0,422.0,2.0,7.0,40.0,101.0,0.0,4.0,2.0,28.0,2.0,0.0,1.88181818181818,1.0,1.0,0.0,1.0,0.0,1.0,5.0,0.7864748098677092,0.2135251901322907
152,4,1.0,1.0,1.0,21.0,0.0,0.0,1.0,115.0,2.0,7.0,40.0,67.0,0.0,4.0,2.0,28.0,2.0,0.0,1.88181818181818,1.0,1.0,0.0,1.0,0.0,1.0,5.0,0.8785602518511166,0.12143974814888338
152,5,1.0,1.0,1.0,2.0,0.0,0.0,1.0,115.0,2.0,7.0,40.0,101.0,0.0,4.0,2.0,28.0,2.0,283.0,20.8,1.0,1.0,0.0,1.0,0.0,1.0,5.0,0.8788322897410299,0.12116771025897005
152,6,1.0,1.0,1.0,2.0,66.0,0.0,1.0,1194.0,2.0,7.0,40.0,101.0,0.0,4.0,2.0,28.0,2.0,0.0,1.88181818181818,1.0,1.0,0.0,1.0,0.0,1.0,5.0,0.8788322897326954,0.1211677102673044
152,7,1.0,1.0,1.0,2.0,0.0,0.0,1.0,115.0,2.0,7.0,40.0,191.0,0.0,4.0,2.0,28.0,2.0,0.0,1.88181818181818,1.0,1.0,0.0,1.0,0.0,1.0,5.0,0.8316948785986593,0.1683051214013407
152,8,1.0,1.0,1.0,2.0,0.0,0.0,1.0,115.0,2.0,7.0,40.0,101.0,4.0,4.0,2.0,28.0,2.0,0.0,1.88181818181818,1.0,1.0,0.0,1.0,3.0,1.0,5.0,0.8824930115367303,0.11750698846326964
152,9,1.0,1.0,1.0,2.0,0.0,0.0,1.0,115.0,2.0,7.0,40.0,7.0,0.0,5.0,2.0,28.0,2.0,0.0,1.88181818181818,1.0,1.0,0.0,1.0,0.0,1.0,5.0,0.7791272725184584,0.22087272748154158
152,10,1.0,1.0,1.0,2.0,0.0,0.0,1.0,115.0,34.0,7.0,40.0,101.0,0.0,4.0,1420.0,28.0,2.0,0.0,1.88181818181818,1.0,1.0,0.0,1.0,0.0,1.0,5.0,0.8788322897383657,0.12116771026163439
152,11,1.0,1.0,1.0,2.0,0.0,1.0,1.0,561.0,2.0,7.0,40.0,101.0,0.0,4.0,2.0,28.0,2.0,0.0,1.88181818181818,1.0,1.0,0.0,1.0,0.0,1.0,5.0,0.8722036971492928,0.12779630285070714
152,12,1.0,1.0,1.0,2.0,0.0,0.0,1.0,115.0,2.0,7.0,2.0,101.0,9.0,4.0,2.0,28.0,2.0,0.0,1.88181818181818,1.0,1.0,0.0,1.0,0.0,1.0,5.0,0.8370527413625533,0.16294725863744683
152,13,1.0,1.0,7.0,2.0,0.0,0.0,1.0,115.0,2.0,7.0,40.0,101.0,0.0,4.0,2.0,28.0,2.0,0.0,1.88181818181818,1.0,1.0,0.0,0.4,0.0,1.0,5.0,0.8788388850562533,0.12116111494374661
152,14,1.0,1.0,1.0,2.0,0.0,21.0,1.0,115.0,2.0,7.0,40.0,101.0,0.0,4.0,1644.0,28.0,2.0,0.0,1.88181818181818,1.0,1.0,0.0,1.0,0.0,1.0,5.0,0.878832289831476,0.12116771016852398
152,15,1.0,1.0,1.0,2.0,0.0,0.0,1.0,115.0,2.0,7.0,40.0,101.0,0.0,4.0,2.0,91.0,2.0,0.0,1.88181818181818,1.0,1.0,0.0,1.0,0.0,1.0,5.0,0.8785189093671879,0.12148109063281198
152,16,1.0,1.0,1.0,2.0,0.0,0.0,1.0,115.0,11.0,7.0,40.0,101.0,0.0,4.0,2.0,28.0,2.0,0.0,1.88181818181818,1.0,1.0,0.0,1.0,5.0,1.0,5.0,0.8788322897371882,0.12116771026281199
152,17,1.0,1.0,1.0,2.0,0.0,0.0,1.0,1164.0,2.0,7.0,40.0,114.0,0.0,4.0,2.0,28.0,2.0,0.0,1.88181818181818,1.0,1.0,0.0,1.0,0.0,1.0,5.0,0.8788322896950479,0.12116771030495191
152,18,1.0,1.0,1.0,2.0,0.0,0.0,1.0,115.0,2.0,7.0,40.0,101.0,0.0,4.0,2.0,28.0,2.0,333.0,1.88181818181818,6.0,1.0,0.0,1.0,0.0,1.0,5.0,0.8788323061934298,0.12116769380657016
152,19,1.0,1.0,1.0,2.0,0.0,21.0,1.0,115.0,2.0,7.0,40.0,101.0,0.0,4.0,2.0,28.0,2.0,0.0,1.88181818181818,1.0,1.0,1.0,1.0,0.0,1.0,5.0,0.877462403462089,0.12253759653791113
152,20,1.0,81.0,1.0,2.0,0.0,0.0,1.0,115.0,2.0,7.0,40.0,101.0,0.0,4.0,2.0,28.0,2.0,0.0,1.88181818181818,1.0,1.0,0.0,1.0,0.0,1.0,5.0,0.878832290910068,0.12116770908993194
152,21,1.0,1.0,1.0,2.0,0.0,0.0,1.0,115.0,2.0,7.0,40.0,101.0,0.0,4.0,2.0,28.0,2.0,0.0,1.88181818181818,1.0,23.0,0.0,0.9,0.0,1.0,5.0,0.8754981846210227,0.12450181537897732
152,22,1.0,55.0,1.0,2.0,0.0,0.0,1.0,115.0,2.0,7.0,40.0,128.0,0.0,4.0,2.0,28.0,2.0,0.0,1.88181818181818,1.0,1.0,0.0,1.0,0.0,1.0,5.0,0.8788322949599577,0.12116770504004211
152,23,1.0,1.0,1.0,2.0,0.0,0.0,3.0,115.0,2.0,7.0,40.0,101.0,0.0,4.0,2.0,28.0,2.0,265.0,1.88181818181818,1.0,1.0,0.0,1.0,0.0,1.0,5.0,0.8788322897388054,0.1211677102611946
152,24,1.0,1.0,1.0,31.0,0.0,0.0,1.0,115.0,2.0,7.0,40.0,101.0,0.0,4.0,2.0,28.0,2.0,0.0,1.88181818181818,0.0,1.0,0.0,1.0,0.0,1.0,5.0,0.8788326703255386,0.1211673296744616
152,25,1.0,1.0,1.0,2.0,32.0,0.0,1.0,115.0,2.0,7.0,12.0,101.0,0.0,4.0,2.0,28.0,2.0,0.0,1.88181818181818,1.0,1.0,0.0,1.0,0.0,1.0,5.0,0.8839282866053401,0.11607171339465985
152,26,1.0,1.0,1.0,2.0,0.0,0.0,1.0,115.0,2.0,7.0,40.0,101.0,0.0,4.0,2665.0,28.0,2.0,0.0,1.88181818181818,1.0,1.0,0.0,1.0,0.0,1.0,5.0,0.8788328844271779,0.12116711557282185
152,27,1.0,1.0,1.0,2.0,0.0,0.0,1.0,636.0,2.0,7.0,40.0,101.0,0.0,4.0,2.0,28.0,2.0,0.0,15.6,1.0,1.0,0.0,1.0,0.0,1.0,5.0,0.8784379964830408,0.12156200351695938
152,28,1.0,1.0,1.0,2.0,31.0,0.0,1.0,311.0,2.0,7.0,40.0,101.0,0.0,4.0,2.0,28.0,2.0,0.0,1.88181818181818,1.0,1.0,0.0,1.0,0.0,1.0,5.0,0.8785584747726939,0.12144152522730625
152,29,1.0,1.0,1.0,2.0,0.0,0.0,1.0,115.0,2.0,7.0,40.0,101.0,3.0,4.0,2.0,28.0,2.0,0.0,1.88181818181818,1.0,56.0,0.0,1.0,0.0,1.0,5.0,0.8788322897371872,0.12116771026281274
152,30,1.0,1.0,1.0,2.0,0.0,0.0,8.0,115.0,2.0,7.0,40.0,101.0,0.0,4.0,2.0,28.0,2.0,0.0,1.88181818181818,1.0,1.0,0.0,1.0,0.0,1.0,9.0,0.8425921996153727,0.15740780038462718
152,31,19.0,1.0,1.0,2.0,0.0,0.0,1.0,115.0,2.0,7.0,40.0,101.0,0.0,7.0,2.0,28.0,2.0,0.0,1.88181818181818,1.0,1.0,0.0,1.0,0.0,1.0,5.0,0.878899110137963,0.12110088986203707
152,32,1.0,1.0,1.0,2.0,0.0,0.0,1.0,115.0,2.0,7.0,40.0,152.0,0.0,4.0,1557.0,28.0,2.0,0.0,1.88181818181818,1.0,1.0,0.0,1.0,0.0,1.0,5.0,0.8788322898185277,0.12116771018147213
152,33,1.0,1.0,1.0,2.0,30.0,0.0,1.0,115.0,2.0,7.0,40.0,101.0,0.0,4.0,2.0,28.0,2.0,80.0,1.88181818181818,1.0,1.0,0.0,1.0,0.0,1.0,5.0,0.8788314952856813,0.12116850471431875
152,34,1.0,1.0,1.0,2.0,0.0,0.0,1.0,1392.0,2.0,7.0,40.0,101.0,0.0,4.0,2.0,28.0,2.0,0.0,1.88181818181818,1.0,1.0,0.0,1.0,0.0,1.0,5.0,0.8788322875504018,0.12116771244959824
152,35,1.0,1.0,1.0,2.0,0.0,0.0,1.0,115.0,2.0,7.0,40.0,26.0,0.0,4.0,2.0,28.0,2.0,0.0,1.88181818181818,1.0,1.0,0.0,1.0,0.0,1.0,5.0,0.5312153424339675,0.4687846575660325
152,36,1.0,1.0,1.0,7.0,0.0,0.0,1.0,115.0,2.0,7.0,40.0,101.0,0.0,4.0,287.0,28.0,2.0,0.0,1.88181818181818,1.0,1.0,0.0,1.0,0.0,1.0,5.0,0.6946268406424672,0.30537315935753284
152,37,1.0,1.0,1.0,2.0,0.0,0.0,1.0,115.0,2.0,26.0,40.0,101.0,0.0,4.0,2.0,28.0,2.0,0.0,1.88181818181818,1.0,1.0,0.0,1.0,0.0,1.0,5.0,0.865231515717648,0.134768484282352
152,38,1.0,1.0,1.0,2.0,0.0,0.0,1.0,115.0,2.0,7.0,40.0,101.0,0.0,5.0,2.0,28.0,2.0,0.0,1.88181818181818,1.0,1.0,2.0,1.0,0.0,1.0,5.0,0.8657219930669574,0.13427800693304248
152,39,1.0,1.0,1.0,2.0,0.0,0.0,1.0,115.0,2.0,7.0,40.0,101.0,8.0,4.0,2.0,28.0,2.0,243.0,1.88181818181818,1.0,1.0,0.0,1.0,0.0,1.0,5.0,0.8788322897377974,0.12116771026220258
152,40,1.0,1.0,1.0,41.0,0.0,0.0,1.0,115.0,2.0,7.0,40.0,101.0,0.0,4.0,2.0,28.0,2.0,0.0,1.88181818181818,1.0,1.0,0.0,1.0,0.0,2.0,5.0,0.8788324540850277,0.12116754591497206
152,41,1.0,1.0,1.0,2.0,0.0,0.0,1.0,115.0,2.0,7.0,40.0,101.0,0.0,4.0,2.0,28.0,2.0,133.0,1.88181818181818,1.0,1.0,0.0,1.0,0.0,1.0,5.0,0.8788323861310445,0.12116761386895536
152,42,1.0,1.0,1.0,2.0,0.0,0.0,1.0,115.0,2.0,7.0,40.0,101.0,0.0,4.0,1192.0,28.0,2.0,0.0,1.88181818181818,1.0,1.0,0.0,1.0,0.0,1.0,7.0,0.8788323152694772,0.1211676847305227
152,43,1.0,1.0,1.0,2.0,0.0,0.0,7.0,115.0,2.0,7.0,40.0,101.0,0.0,4.0,2.0,28.0,2.0,0.0,1.88181818181818,1.0,1.0,0.0,1.0,5.0,1.0,5.0,0.8788322897371875,0.12116771026281228
152,44,1.0,1.0,1.0,2.0,0.0,0.0,1.0,115.0,2.0,7.0,40.0,101.0,0.0,4.0,1894.0,28.0,2.0,0.0,15.4,1.0,1.0,0.0,1.0,0.0,1.0,5.0,0.8788322898081271,0.12116771019187302
152,45,1.0,1.0,1.0,2.0,42.0,0.0,1.0,115.0,2.0,7.0,40.0,101.0,0.0,4.0,2.0,28.0,2.0,0.0,1.88181818181818,1.0,1.0,0.0,1.0,0.0,1.0,5.0,0.8789170511648958,0.12108294883510409
152,46,1.0,1.0,1.0,2.0,0.0,0.0,1.0,115.0,2.0,7.0,97.0,101.0,0.0,4.0,2.0,28.0,2.0,0.0,1.88181818181818,1.0,1.0,0.0,1.0,0.0,1.0,10.0,0.8780843283540215,0.12191567164597834
152,47,1.0,1.0,1.0,2.0,46.0,0.0,1.0,115.0,2.0,7.0,40.0,101.0,0.0,4.0,2.0,28.0,2.0,0.0,1.88181818181818,1.0,1.0,0.0,1.0,0.0,1.0,5.0,0.8788785410328229,0.12112145896717717
152,48,1.0,1.0,1.0,2.0,0.0,18.0,1.0,115.0,2.0,7.0,40.0,101.0,22.0,4.0,2.0,28.0,2.0,0.0,1.88181818181818,1.0,1.0,0.0,1.0,0.0,1.0,5.0,0.8788323170736089,0.12116768292639127
152,49,1.0,1.0,1.0,2.0,0.0,0.0,1.0,115.0,2.0,7.0,40.0,101.0,0.0,9.0,2.0,28.0,2.0,0.0,1.88181818181818,1.0,1.0,0.0,1.0,4.0,1.0,5.0,0.8788342963252488,0.12116570367475131
152,50,1.0,1.0,1.0,2.0,0.0,0.0,1.0,115.0,2.0,7.0,40.0,101.0,0.0,4.0,2.0,57.0,2.0,0.0,1.88181818181818,1.0,1.0,0.0,1.0,0.0,1.0,5.0,0.6278200721534781,0.37217992784652204
152,51,1.0,1.0,1.0,2.0,0.0,7.0,1.0,115.0,2.0,7.0,40.0,101.0,14.0,4.0,2.0,28.0,2.0,0.0,1.88181818181818,1.0,1.0,0.0,1.0,0.0,1.0,5.0,0.8776862023533099,0.12231379764669027
152,52,1.0,1.0,1.0,2.0,0.0,0.0,1.0,115.0,2.0,7.0,40.0,101.0,0.0,4.0,379.0,28.0,2.0,0.0,1.88181818181818,1.0,1.0,0.0,1.0,0.0,1.0,5.0,0.7750022688373328,0.22499773116266708
152,53,1.0,1.0,1.0,2.0,0.0,0.0,1.0,115.0,2.0,18.0,40.0,101.0,0.0,4.0,2.0,28.0,2.0,0.0,1.88181818181818,1.0,1.0,0.0,1.0,0.0,1.0,6.0,0.5107495008955464,0.48925049910445345
152,54,1.0,1.0,1.0,2.0,0.0,0.0,1.0,115.0,2.0,7.0,40.0,101.0,0.0,4.0,1981.0,28.0,2.0,0.0,1.88181818181818,19.0,1.0,0.0,1.0,0.0,1.0,5.0,0.8788322897375216,0.12116771026247852
152,55,1.0,1.0,1.0,2.0,0.0,0.0,1.0,115.0,2.0,7.0,40.0,101.0,21.0,4.0,2.0,28.0,2.0,0.0,1.88181818181818,1.0,1.0,0.0,1.0,0.0,1.0,4.0,0.8788314547229104,0.12116854527708991
152,56,1.0,1.0,1.0,2.0,0.0,10.0,1.0,115.0,2.0,7.0,40.0,101.0,0.0,4.0,1801.0,28.0,2.0,0.0,1.88181818181818,1.0,1.0,0.0,1.0,0.0,1.0,5.0,0.8788322902466272,0.12116770975337282
152,57,1.0,1.0,1.0,2.0,0.0,0.0,1.0,115.0,2.0,7.0,40.0,101.0,0.0,4.0,1867.0,28.0,2.0,0.0,1.88181818181818,1.0,1.0,0.0,1.0,0.0,1.0,5.0,0.8788322900909362,0.12116770990906349
152,58,1.0,1.0,1.0,2.0,0.0,23.0,23.0,115.0,2.0,7.0,40.0,101.0,0.0,4.0,2.0,28.0,2.0,0.0,1.88181818181818,1.0,1.0,0.0,1.0,0.0,1.0,5.0,0.8788322897554487,0.12116771024455128
152,59,1.0,1.0,1.0,2.0,0.0,11.0,1.0,115.0,2.0,7.0,40.0,101.0,0.0,4.0,2.0,28.0,2.0,0.0,1.88181818181818,1.0,1.0,0.0,1.0,0.0,3.0,5.0,0.5351604785432692,0.46483952145673074
152,60,1.0,1.0,1.0,2.0,0.0,0.0,12.0,115.0,2.0,7.0,40.0,101.0,0.0,3.0,2.0,28.0,2.0,0.0,1.88181818181818,1.0,1.0,0.0,1.0,0.0,1.0,5.0,0.877901377322324,0.12209862267767604
152,61,1.0,1.0,1.0,2.0,0.0,0.0,1.0,115.0,35.0,7.0,40.0,101.0,0.0,4.0,2.0,28.0,2.0,0.0,1.88181818181818,1.0,1.0,0.0,1.0,4.0,1.0,5.0,0.87883228984248,0.12116771015752006
152,62,1.0,1.0,1.0,2.0,0.0,0.0,1.0,115.0,23.0,7.0,40.0,101.0,0.0,4.0,2.0,28.0,2.0,0.0,1.88181818181818,1.0,1.0,0.0,1.0,0.0,1.0,5.0,0.874515748720638,0.1254842512793622
152,63,1.0,1.0,1.0,2.0,0.0,0.0,1.0,115.0,2.0,7.0,40.0,101.0,0.0,4.0,2.0,28.0,2.0,0.0,23.5,1.0,1.0,0.0,1.0,0.0,1.0,5.0,0.8325807241654603,0.1674192758345396
152,64,1.0,1.0,1.0,2.0,0.0,0.0,1.0,115.0,2.0,7.0,40.0,101.0,0.0,4.0,2.0,28.0,2.0,177.0,1.88181818181818,1.0,1.0,0.0,1.0,0.0,1.0,5.0,0.8788323413168093,0.12116765868319081
152,65,1.0,1.0,1.0,2.0,0.0,0.0,1.0,115.0,41.0,7.0,40.0,101.0,0.0,4.0,2.0,28.0,2.0,0.0,1.88181818181818,1.0,1.0,0.0,1.0,0.0,1.0,0.0,0.8788363834354309,0.12116361656456937
152,66,1.0,1.0,1.0,2.0,0.0,0.0,1.0,641.0,2.0,7.0,40.0,101.0,0.0,4.0,2.0,28.0,2.0,0.0,1.88181818181818,1.0,1.0,0.0,1.0,0.0,1.0,5.0,0.8777120728259266,0.1222879271740732
152,67,1.0,97.0,1.0,2.0,0.0,0.0,1.0,115.0,2.0,7.0,40.0,101.0,0.0,4.0,2.0,28.0,2.0,0.0,7.7,1.0,1.0,0.0,1.0,0.0,1.0,5.0,0.8788322897376006,0.12116771026239956
152,68,1.0,1.0,1.0,2.0,0.0,0.0,1.0,115.0,2.0,7.0,40.0,101.0,0.0,0.0,2.0,28.0,2.0,139.0,1.88181818181818,1.0,1.0,0.0,1.0,0.0,1.0,5.0,0.8788324151215502,0.1211675848784498
152,69,1.0,1.0,1.0,2.0,0.0,13.0,1.0,115.0,2.0,7.0,40.0,101.0,0.0,4.0,2.0,28.0,2.0,0.0,1.88181818181818,1.0,1.0,0.0,1.0,0.0,1.0,5.0,0.7078691504823132,0.29213084951768703
152,70,1.0,1.0,1.0,2.0,0.0,0.0,1.0,115.0,2.0,7.0,40.0,101.0,0.0,4.0,2.0,36.0,2.0,0.0,1.88181818181818,1.0,1.0,4.0,1.0,0.0,1.0,5.0,0.8788322648218163,0.1211677351781835
152,71,1.0,1.0,1.0,2.0,0.0,0.0,1.0,115.0,2.0,7.0,40.0,101.0,0.0,4.0,23.0,28.0,2.0,0.0,16.8,1.0,1.0,0.0,1.0,0.0,1.0,5.0,0.5089934159563191,0.49100658404368086
152,72,1.0,28.0,1.0,2.0,0.0,0.0,1.0,115.0,2.0,7.0,40.0,101.0,0.0,4.0,2.0,28.0,2.0,0.0,1.88181818181818,1.0,1.0,0.0,1.0,0.0,1.0,5.0,0.87166630183723,0.12833369816276988
152,73,1.0,1.0,1.0,2.0,0.0,0.0,1.0,115.0,2.0,7.0,40.0,216.0,0.0,4.0,2.0,28.0,2.0,0.0,1.88181818181818,1.0,1.0,0.0,1.0,0.0,1.0,5.0,0.8687937845744806,0.13120621542551908
152,74,13.0,74.0,1.0,2.0,0.0,0.0,1.0,115.0,2.0,7.0,40.0,101.0,0.0,4.0,2.0,28.0,2.0,0.0,1.88181818181818,1.0,1.0,0.0,1.0,0.0,1.0,5.0,0.8788322897514993,0.12116771024850047
152,75,1.0,1.0,1.0,2.0,0.0,0.0,1.0,1190.0,2.0,7.0,40.0,101.0,0.0,4.0,2.0,28.0,2.0,0.0,1.88181818181818,1.0,58.0,0.0,1.0,0.0,1.0,5.0,0.8788322897371875,0.12116771026281253
152,76,1.0,1.0,1.0,2.0,0.0,0.0,1.0,115.0,2.0,7.0,40.0,101.0,0.0,4.0,2.0,28.0,2.0,316.0,1.88181818181818,1.0,1.0,0.0,1.0,0.0,1.0,5.0,0.8788322965064719,0.1211677034935281
152,77,1.0,1.0,1.0,2.0,0.0,0.0,1.0,1349.0,2.0,7.0,40.0,101.0,0.0,4.0,2.0,28.0,2.0,0.0,1.88181818181818,1.0,1.0,0.0,1.0,0.0,1.0,5.0,0.8788322885883956,0.12116771141160469
152,78,1.0,1.0,1.0,2.0,0.0,0.0,1.0,115.0,2.0,7.0,40.0,101.0,0.0,4.0,1594.0,28.0,2.0,0.0,1.88181818181818,1.0,1.0,0.0,1.0,2.0,1.0,5.0,0.8788322897371875,0.12116771026281253
152,79,1.0,1.0,1.0,2.0,0.0,0.0,1.0,115.0,2.0,7.0,40.0,101.0,0.0,4.0,649.0,28.0,2.0,0.0,1.88181818181818,1.0,1.0,0.0,1.0,0.0,1.0,5.0,0.8781516307133875,0.12184836928661223
152,80,1.0,1.0,1.0,2.0,0.0,12.0,1.0,115.0,2.0,7.0,40.0,101.0,0.0,4.0,2.0,28.0,0.0,0.0,1.88181818181818,1.0,1.0,0.0,1.0,0.0,1.0,5.0,0.7156918199832786,0.28430818001672137
152,81,1.0,1.0,1.0,2.0,0.0,0.0,9.0,115.0,2.0,7.0,40.0,101.0,0.0,4.0,2.0,28.0,2.0,0.0,17.1,1.0,1.0,0.0,1.0,0.0,1.0,5.0,0.8732574327768075,0.12674256722319277
152,82,1.0,1.0,1.0,2.0,0.0,0.0,1.0,115.0,2.0,7.0,40.0,101.0,0.0,4.0,2.0,79.0,2.0,0.0,11.1,1.0,1.0,0.0,1.0,0.0,1.0,5.0,0.8762435383313169,0.123756461668683
152,83,1.0,1.0,1.0,2.0,0.0,0.0,1.0,402.0,2.0,7.0,40.0,101.0,0.0,4.0,2.0,28.0,2.0,0.0,1.88181818181818,4.0,1.0,0.0,1.0,0.0,1.0,5.0,0.7629630233358694,0.2370369766641305
152,84,1.0,1.0,1.0,28.0,0.0,0.0,1.0,115.0,2.0,7.0,40.0,101.0,0.0,4.0,2.0,52.0,2.0,0.0,1.88181818181818,1.0,1.0,0.0,1.0,0.0,1.0,5.0,0.878832301759845,0.1211676982401549
152,85,1.0,1.0,1.0,42.0,0.0,0.0,1.0,115.0,42.0,7.0,40.0,101.0,0.0,4.0,2.0,28.0,2.0,0.0,1.88181818181818,1.0,1.0,0.0,1.0,0.0,1.0,5.0,0.8788322897372,0.1211677102628
152,86,3.0,1.0,1.0,2.0,0.0,0.0,1.0,115.0,2.0,7.0,40.0,101.0,0.0,4.0,2.0,28.0,2.0,253.0,1.88181818181818,1.0,1.0,0.0,1.0,0.0,1.0,5.0,0.8788322897376096,0.12116771026239033
152,87,1.0,1.0,1.0,2.0,57.0,0.0,1.0,115.0,2.0,7.0,40.0,101.0,19.0,4.0,2.0,28.0,2.0,0.0,1.88181818181818,1.0,1.0,0.0,1.0,0.0,1.0,5.0,0.8788322893834701,0.12116771061653003
152,88,1.0,1.0,1.0,2.0,0.0,0.0,1.0,115.0,2.0,7.0,40.0,101.0,0.0,4.0,2493.0,28.0,2.0,0.0,1.88181818181818,1.0,1.0,0.0,1.0,0.0,1.0,5.0,0.8788323117563874,0.12116768824361263
152,89,1.0,1.0,1.0,2.0,0.0,0.0,1.0,115.0,2.0,7.0,40.0,209.0,0.0,4.0,1994.0,28.0,2.0,0.0,1.88181818181818,1.0,1.0,0.0,1.0,0.0,1.0,5.0,0.8788322897371875,0.12116771026281253
152,90,1.0,1.0,1.0,2.0,0.0,17.0,1.0,115.0,2.0,7.0,40.0,101.0,0.0,4.0,2.0,28.0,2.0,0.0,1.88181818181818,1.0,1.0,0.0,1.0,0.0,5.0,5.0,0.8625338314916176,0.13746616850838225
152,91,1.0,1.0,8.0,2.0,0.0,0.0,1.0,115.0,2.0,7.0,40.0,101.0,0.0,4.0,2.0,28.0,2.0,0.0,13.4,1.0,1.0,0.0,1.0,0.0,1.0,5.0,0.8788336090543922,0.12116639094560783
152,92,1.0,1.0,1.0,2.0,0.0,0.0,1.0,115.0,2.0,7.0,40.0,141.0,0.0,4.0,2.0,28.0,2.0,0.0,1.88181818181818,1.0,1.0,3.0,1.0,0.0,1.0,5.0,0.8788062622552852,0.1211937377447147
152,93,1.0,1.0,1.0,2.0,0.0,0.0,1.0,115.0,50.0,7.0,40.0,101.0,0.0,4.0,2.0,28.0,2.0,0.0,1.88181818181818,1.0,1.0,0.0,1.0,0.0,1.0,4.0,0.8788323179602455,0.1211676820397546
152,94,1.0,1.0,1.0,29.0,0.0,0.0,1.0,115.0,2.0,7.0,40.0,101.0,0.0,4.0,2850.0,28.0,2.0,0.0,1.88181818181818,1.0,1.0,0.0,1.0,0.0,1.0,5.0,0.878832289737206,0.12116771026279398
152,95,1.0,1.0,1.0,2.0,0.0,0.0,1.0,115.0,2.0,7.0,40.0,101.0,0.0,4.0,2.0,28.0,2.0,0.0,17.4,1.0,1.0,0.0,1.0,0.0,1.0,5.0,0.561344678377489,0.4386553216225109
152,96,1.0,1.0,1.0,2.0,0.0,0.0,1.0,115.0,2.0,18.0,40.0,101.0,0.0,4.0,2.0,28.0,2.0,0.0,1.88181818181818,1.0,1.0,0.0,1.0,0.0,1.0,8.0,0.631118459151763,0.36888154084823693
152,97,1.0,1.0,1.0,2.0,0.0,0.0,1.0,115.0,2.0,7.0,40.0,207.0,0.0,4.0,2.0,28.0,2.0,0.0,1.88181818181818,1.0,1.0,0.0,1.0,0.0,3.0,5.0,0.8602439606879346,0.13975603931206537
152,98,1.0,1.0,1.0,2.0,0.0,0.0,1.0,115.0,24.0,7.0,40.0,101.0,14.0,4.0,2.0,28.0,2.0,0.0,1.88181818181818,1.0,1.0,0.0,1.0,0.0,1.0,5.0,0.8788252181177476,0.12117478188225236
491,0,2.0,0.0,1.0,0.0,0.0,1.0,1.0,1349.0,1.0,4.0,25.0,91.0,0.0,3.0,0.0,17.0,2.0,0.0,2.03092783505155,1.0,1.0,0.0,0.5,0.0,3.0,7.0,0.8788322893215578,0.12116771067844259
491,1,2.0,0.0,1.0,0.0,0.0,1.0,1.0,164.0,1.0,4.0,25.0,91.0,0.0,4.0,0.0,17.0,2.0,0.0,2.03092783505155,13.0,1.0,0.0,0.5,0.0,3.0,7.0,0.6042856851744876,0.39571431482551245
491,2,2.0,0.0,1.0,0.0,0.0,20.0,1.0,164.0,1.0,4.0,25.0,91.0,17.0,3.0,0.0,17.0,2.0,0.0,2.03092783505155,1.0,1.0,0.0,0.5,0.0,3.0,7.0,0.8788562335779962,0.1211437664220037
491,3,2.0,106.0,1.0,0.0,0.0,1.0,1.0,164.0,1.0,4.0,25.0,91.0,0.0,3.0,0.0,17.0,2.0,0.0,2.03092783505155,1.0,1.0,0.0,0.6,0.0,3.0,7.0,0.8788322886913368,0.12116771130866309
491,4,2.0,28.0,1.0,0.0,0.0,1.0,1.0,164.0,1.0,4.0,25.0,91.0,0.0,3.0,0.0,17.0,2.0,91.0,2.03092783505155,1.0,1.0,0.0,0.5,0.0,3.0,7.0,0.8788319793216548,0.12116802067834515
491,5,2.0,0.0,1.0,0.0,0.0,1.0,1.0,164.0,1.0,4.0,25.0,91.0,0.0,3.0,0.0,15.0,2.0,0.0,2.03092783505155,1.0,1.0,4.0,0.5,0.0,3.0,7.0,0.8788333597916378,0.12116664020836221
491,6,2.0,0.0,1.0,0.0,0.0,1.0,1.0,164.0,1.0,4.0,25.0,216.0,0.0,3.0,0.0,17.0,2.0,0.0,2.03092783505155,1.0,1.0,0.0,0.5,0.0,3.0,2.0,0.8677521816898284,0.13224781831017168
491,7,2.0,0.0,1.0,0.0,0.0,1.0,1.0,164.0,1.0,4.0,61.0,91.0,21.0,3.0,0.0,17.0,2.0,0.0,2.03092783505155,1.0,1.0,0.0,0.5,0.0,3.0,7.0,0.8788321774463873,0.1211678225536126
491,8,2.0,52.0,1.0,0.0,0.0,1.0,1.0,164.0,1.0,4.0,25.0,91.0,0.0,3.0,0.0,51.0,2.0,0.0,2.03092783505155,1.0,1.0,0.0,0.5,0.0,3.0,7.0,0.878832375490585,0.1211676245094152
491,9,2.0,0.0,0.0,0.0,0.0,1.0,1.0,164.0,1.0,4.0,25.0,91.0,0.0,3.0,0.0,17.0,2.0,0.0,2.03092783505155,1.0,1.0,4.0,0.5,0.0,3.0,7.0,0.8788329345517685,0.12116706544823164
491,10,2.0,0.0,1.0,0.0,50.0,1.0,19.0,164.0,1.0,4.0,25.0,91.0,0.0,3.0,0.0,17.0,2.0,0.0,2.03092783505155,1.0,1.0,0.0,0.5,0.0,3.0,7.0,0.8788322894504977,0.12116771054950214
491,11,2.0,0.0,4.0,0.0,0.0,1.0,1.0,164.0,1.0,4.0,25.0,91.0,0.0,3.0,0.0,17.0,2.0,72.0,2.03092783505155,1.0,1.0,0.0,0.5,0.0,3.0,7.0,0.8787268874310673,0.12127311256893286
491,12,2.0,0.0,1.0,0.0,0.0,1.0,11.0,164.0,1.0,4.0,25.0,91.0,0.0,3.0,0.0,17.0,2.0,0.0,2.03092783505155,1.0,1.0,0.0,0.5,2.0,3.0,7.0,0.8788323035892073,0.12116769641079267
491,13,2.0,0.0,1.0,0.0,0.0,1.0,1.0,164.0,1.0,4.0,25.0,91.0,0.0,3.0,0.0,17.0,2.0,0.0,18.6,1.0,1.0,0.0,0.5,0.0,6.0,7.0,0.7219994808100422,0.27800051918995766
491,14,2.0,0.0,1.0,0.0,0.0,1.0,1.0,164.0,1.0,4.0,25.0,91.0,0.0,3.0,0.0,17.0,2.0,0.0,25.3,1.0,1.0,0.0,0.5,3.0,3.0,7.0,0.8789322198295699,0.12106778017042981
491,15,2.0,0.0,1.0,0.0,0.0,1.0,1.0,164.0,1.0,4.0,25.0,91.0,0.0,6.0,0.0,17.0,2.0,293.0,2.03092783505155,1.0,1.0,0.0,0.5,0.0,3.0,7.0,0.8788323266792627,0.12116767332073729
491,16,2.0,0.0,1.0,0.0,0.0,1.0,1.0,526.0,1.0,4.0,25.0,91.0,0.0,3.0,0.0,17.0,2.0,0.0,2.03092783505155,1.0,37.0,0.0,0.5,0.0,3.0,7.0,0.8788322696466332,0.12116773035336686
491,17,2.0,0.0,1.0,0.0,0.0,1.0,1.0,164.0,1.0,4.0,25.0,91.0,20.0,3.0,0.0,17.0,2.0,0.0,2.03092783505155,1.0,1.0,0.0,0.5,0.0,6.0,7.0,0.8788385595905199,0.12116144040948033
491,18,2.0,0.0,1.0,0.0,77.0,1.0,1.0,164.0,1.0,4.0,25.0,91.0,0.0,3.0,0.0,17.0,2.0,0.0,2.03092783505155,1.0,14.0,0.0,0.5,0.0,3.0,7.0,0.8786873691892857,0.1213126308107143
491,19,2.0,0.0,1.0,0.0,0.0,7.0,1.0,164.0,1.0,4.0,25.0,91.0,14.0,3.0,0.0,17.0,2.0,0.0,2.03092783505155,1.0,1.0,0.0,0.5,0.0,3.0,7.0,0.8774285926399112,0.12257140736008874
491,20,2.0,0.0,1.0,0.0,0.0,1.0,1.0,164.0,1.0,4.0,25.0,169.0,0.0,3.0,0.0,17.0,2.0,0.0,2.03092783505155,1.0,1.0,1.0,0.5,0.0,3.0,7.0,0.8005588210095226,0.19944117899047722
491,21,0.0,0.0,1.0,0.0,0.0,1.0,9.0,164.0,1.0,4.0,25.0,91.0,0.0,3.0,0.0,17.0,2.0,0.0,2.03092783505155,1.0,1.0,0.0,0.5,0.0,3.0,7.0,0.8589318467667477,0.1410681532332522
491,22,2.0,0.0,1.0,0.0,0.0,10.0,1.0,164.0,1.0,4.0,25.0,91.0,0.0,3.0,456.0,17.0,2.0,0.0,2.03092783505155,1.0,1.0,0.0,0.5,0.0,3.0,7.0,0.8680281966440552,0.13197180335594477
491,23,2.0,0.0,1.0,0.0,0.0,1.0,1.0,164.0,1.0,4.0,25.0,91.0,0.0,3.0,0.0,17.0,3.0,261.0,2.03092783505155,1.0,1.0,0.0,0.5,0.0,3.0,7.0,0.8788322898195163,0.12116771018048357
491,24,2.0,0.0,1.0,0.0,0.0,1.0,1.0,542.0,1.0,4.0,67.0,91.0,0.0,3.0,0.0,17.0,2.0,0.0,2.03092783505155,1.0,1.0,0.0,0.5,0.0,3.0,7.0,0.8781360015217511,0.1218639984782491
491,25,2.0,0.0,1.0,15.0,0.0,1.0,1.0,164.0,1.0,4.0,25.0,91.0,0.0,3.0,0.0,17.0,2.0,0.0,2.03092783505155,1.0,1.0,0.0,0.5,0.0,3.0,5.0,0.8613668969089483,0.13863310309105167
491,26,2.0,0.0,1.0,0.0,0.0,1.0,5.0,164.0,1.0,4.0,25.0,91.0,16.0,3.0,0.0,17.0,2.0,0.0,2.03092783505155,1.0,1.0,0.0,0.5,0.0,3.0,7.0,0.8787925233943991,0.12120747660560095
491,27,2.0,0.0,1.0,0.0,0.0,1.0,1.0,164.0,1.0,4.0,25.0,91.0,0.0,3.0,3018.0,17.0,2.0,0.0,2.03092783505155,1.0,1.0,0.0,0.5,0.0,3.0,7.0,0.8809933954412441,0.11900660455875599
491,28,2.0,0.0,1.0,0.0,0.0,1.0,1.0,164.0,1.0,29.0,25.0,91.0,0.0,9.0,0.0,17.0,2.0,0.0,2.03092783505155,1.0,1.0,0.0,0.5,0.0,3.0,7.0,0.877097386592629,0.12290261340737117
491,29,2.0,0.0,1.0,0.0,0.0,19.0,1.0,907.0,1.0,4.0,25.0,91.0,0.0,3.0,0.0,17.0,2.0,0.0,2.03092783505155,1.0,1.0,0.0,0.5,0.0,3.0,7.0,0.8788322865301909,0.12116771346980919
491,30,2.0,0.0,1.0,0.0,0.0,1.0,1.0,164.0,1.0,29.0,25.0,91.0,0.0,3.0,0.0,17.0,3.0,0.0,2.03092783505155,1.0,1.0,0.0,0.5,0.0,3.0,7.0,0.8759996187682988,0.12400038123170135
491,31,2.0,0.0,1.0,0.0,0.0,1.0,1.0,164.0,1.0,4.0,25.0,91.0,0.0,3.0,2571.0,17.0,2.0,0.0,2.03092783505155,1.0,1.0,0.0,0.5,0.0,3.0,7.0,0.8788436959889045,0.1211563040110953
491,32,2.0,0.0,1.0,0.0,0.0,1.0,1.0,164.0,1.0,4.0,25.0,54.0,0.0,3.0,0.0,17.0,2.0,87.0,2.03092783505155,1.0,1.0,0.0,0.5,0.0,3.0,7.0,0.8788703343512758,0.12112966564872435
491,33,2.0,0.0,1.0,0.0,0.0,1.0,1.0,1018.0,1.0,4.0,25.0,91.0,0.0,3.0,0.0,17.0,2.0,0.0,2.03092783505155,1.0,1.0,0.0,0.5,0.0,3.0,7.0,0.8788322787398974,0.1211677212601024
491,34,2.0,0.0,1.0,0.0,0.0,1.0,1.0,658.0,1.0,4.0,25.0,91.0,0.0,3.0,0.0,17.0,2.0,0.0,2.03092783505155,1.0,1.0,0.0,0.5,0.0,3.0,7.0,0.8729376355762254,0.12706236442377453
491,35,2.0,0.0,1.0,6.0,0.0,1.0,1.0,164.0,1.0,4.0,25.0,91.0,0.0,3.0,0.0,17.0,2.0,0.0,2.03092783505155,1.0,1.0,1.0,0.5,0.0,3.0,7.0,0.5406485645731198,0.45935143542688006
491,36,2.0,0.0,1.0,0.0,0.0,1.0,1.0,164.0,1.0,4.0,25.0,91.0,11.0,3.0,0.0,17.0,2.0,0.0,2.03092783505155,1.0,1.0,0.0,0.5,0.0,3.0,3.0,0.8582802193418868,0.14171978065811316
491,37,2.0,0.0,1.0,10.0,0.0,1.0,1.0,164.0,1.0,4.0,25.0,91.0,0.0,3.0,0.0,17.0,2.0,0.0,2.03092783505155,25.0,1.0,0.0,0.5,0.0,3.0,7.0,0.8787520782296806,0.12124792177031915
491,38,14.0,0.0,1.0,0.0,0.0,9.0,1.0,164.0,1.0,4.0,25.0,91.0,0.0,3.0,0.0,17.0,2.0,0.0,2.03092783505155,1.0,1.0,0.0,0.5,0.0,3.0,7.0,0.8712858115314259,0.12871418846857424
491,39,2.0,0.0,1.0,0.0,0.0,1.0,1.0,164.0,1.0,20.0,25.0,91.0,0.0,3.0,0.0,17.0,2.0,0.0,7.9,1.0,1.0,0.0,0.5,0.0,3.0,7.0,0.7803970830145162,0.2196029169854839
491,40,2.0,0.0,1.0,0.0,0.0,1.0,1.0,164.0,1.0,4.0,25.0,91.0,0.0,3.0,0.0,55.0,2.0,0.0,2.03092783505155,1.0,1.0,0.0,0.5,0.0,3.0,7.0,0.7226605447040189,0.27733945529598136
491,41,2.0,0.0,1.0,0.0,0.0,4.0,1.0,164.0,1.0,4.0,25.0,91.0,23.0,3.0,0.0,17.0,2.0,0.0,2.03092783505155,1.0,1.0,0.0,0.5,0.0,3.0,7.0,0.8788353684323384,0.1211646315676615
491,42,14.0,0.0,1.0,0.0,11.0,1.0,1.0,164.0,1.0,4.0,25.0,91.0,0.0,3.0,0.0,17.0,2.0,0.0,2.03092783505155,1.0,1.0,0.0,0.5,0.0,3.0,7.0,0.8727580498175473,0.12724195018245274
491,43,2.0,0.0,1.0,0.0,0.0,1.0,1.0,164.0,44.0,4.0,25.0,91.0,0.0,3.0,0.0,17.0,2.0,0.0,2.03092783505155,1.0,1.0,0.0,0.5,0.0,5.0,7.0,0.8788454676445809,0.121154532355419
491,44,2.0,64.0,1.0,0.0,0.0,1.0,1.0,164.0,1.0,4.0,25.0,91.0,0.0,3.0,0.0,23.0,2.0,0.0,2.03092783505155,1.0,1.0,0.0,0.5,0.0,3.0,7.0,0.8788353682944833,0.12116463170551674
491,45,2.0,0.0,1.0,0.0,0.0,1.0,1.0,164.0,1.0,4.0,25.0,91.0,0.0,3.0,0.0,17.0,2.0,0.0,2.03092783505155,11.0,29.0,0.0,0.5,0.0,3.0,7.0,0.8788017752973807,0.12119822470261933
491,46,2.0,0.0,1.0,0.0,0.0,1.0,1.0,1286.0,1.0,4.0,25.0,91.0,0.0,3.0,0.0,17.0,2.0,0.0,2.03092783505155,1.0,1.0,0.0,0.5,1.0,3.0,7.0,0.8788322897371197,0.12116771026288051
491,47,2.0,0.0,7.0,0.0,0.0,1.0,5.0,164.0,1.0,4.0,25.0,91.0,0.0,3.0,0.0,17.0,2.0,0.0,2.03092783505155,1.0,1.0,0.0,0.5,0.0,3.0,7.0,0.8791227985658073,0.12087720143419269
491,48,2.0,0.0,7.0,0.0,45.0,1.0,1.0,164.0,1.0,4.0,25.0,91.0,0.0,3.0,0.0,17.0,2.0,0.0,2.03092783505155,1.0,1.0,0.0,0.5,0.0,3.0,7.0,0.8788328945285208,0.1211671054714794
491,49,2.0,0.0,1.0,0.0,0.0,1.0,1.0,164.0,1.0,22.0,25.0,91.0,0.0,3.0,0.0,17.0,2.0,135.0,2.03092783505155,1.0,1.0,0.0,0.5,0.0,3.0,7.0,0.8788323576336919,0.12116764236630811
491,50,9.0,0.0,1.0,0.0,0.0,1.0,17.0,164.0,1.0,4.0,25.0,91.0,0.0,3.0,0.0,17.0,2.0,0.0,2.03092783505155,1.0,1.0,0.0,0.5,0.0,3.0,7.0,0.8788318439667545,0.12116815603324543
491,51,2.0,0.0,1.0,0.0,0.0,1.0,1.0,1488.0,1.0,4.0,25.0,91.0,0.0,3.0,0.0,17.0,2.0,0.0,2.03092783505155,1.0,1.0,0.0,0.5,0.0,3.0,7.0,0.8788322876031802,0.12116771239681966
491,52,2.0,0.0,1.0,0.0,0.0,1.0,1.0,164.0,1.0,4.0,25.0,91.0,0.0,3.0,0.0,17.0,2.0,0.0,20.2,1.0,1.0,0.0,0.5,0.0,3.0,7.0,0.6947298801403796,0.3052701198596206
491,53,2.0,0.0,1.0,0.0,0.0,1.0,5.0,164.0,1.0,4.0,25.0,91.0,19.0,3.0,0.0,17.0,2.0,0.0,2.03092783505155,1.0,1.0,0.0,0.5,0.0,3.0,7.0,0.8788891899254774,0.12111081007452275
491,54,10.0,0.0,1.0,0.0,0.0,1.0,1.0,164.0,1.0,4.0,25.0,91.0,0.0,2.0,0.0,17.0,2.0,0.0,2.03092783505155,1.0,1.0,0.0,0.5,0.0,3.0,7.0,0.5241816771038195,0.4758183228961804
491,55,2.0,0.0,1.0,0.0,0.0,1.0,21.0,164.0,24.0,4.0,25.0,91.0,0.0,3.0,0.0,17.0,2.0,0.0,2.03092783505155,1.0,1.0,0.0,0.5,0.0,3.0,7.0,0.8788322914299488,0.1211677085700513
491,56,2.0,0.0,1.0,0.0,0.0,1.0,1.0,164.0,1.0,4.0,25.0,91.0,0.0,3.0,2949.0,17.0,2.0,0.0,2.03092783505155,1.0,1.0,0.0,0.2,0.0,3.0,7.0,0.8803146207176702,0.1196853792823298
491,57,2.0,54.0,0.0,0.0,0.0,1.0,1.0,164.0,1.0,4.0,25.0,91.0,0.0,3.0,0.0,17.0,2.0,0.0,2.03092783505155,1.0,1.0,0.0,0.5,0.0,3.0,7.0,0.8788403972173445,0.1211596027826554
491,58,2.0,0.0,1.0,0.0,0.0,1.0,1.0,164.0,1.0,4.0,69.0,91.0,0.0,3.0,0.0,17.0,2.0,0.0,2.03092783505155,1.0,1.0,0.0,0.5,0.0,3.0,4.0,0.8073807161855573,0.19261928381444268
491,59,2.0,0.0,1.0,0.0,0.0,22.0,1.0,164.0,1.0,4.0,25.0,91.0,0.0,3.0,0.0,17.0,2.0,0.0,2.03092783505155,1.0,1.0,0.0,0.5,0.0,3.0,7.0,0.8752864927461815,0.12471350725381847
491,60,2.0,0.0,1.0,0.0,0.0,1.0,1.0,164.0,1.0,4.0,25.0,91.0,0.0,3.0,0.0,17.0,5.0,0.0,2.03092783505155,1.0,43.0,0.0,0.5,0.0,3.0,7.0,0.8788322892923481,0.1211677107076519
491,61,2.0,0.0,1.0,0.0,0.0,1.0,1.0,164.0,1.0,4.0,25.0,91.0,0.0,3.0,1670.0,17.0,2.0,0.0,9.6,1.0,1.0,0.0,0.5,0.0,3.0,7.0,0.8788323319713744,0.12116766802862537
491,62,2.0,0.0,1.0,0.0,0.0,1.0,1.0,164.0,1.0,4.0,37.0,91.0,0.0,3.0,1780.0,17.0,2.0,0.0,2.03092783505155,1.0,1.0,0.0,0.5,0.0,3.0,7.0,0.8788322915390976,0.1211677084609021
491,63,2.0,0.0,1.0,0.0,0.0,1.0,10.0,164.0,1.0,4.0,25.0,91.0,0.0,3.0,0.0,17.0,2.0,20.0,2.03092783505155,1.0,1.0,0.0,0.5,0.0,3.0,7.0,0.871989272217361,0.12801072778263886
491,64,2.0,0.0,1.0,0.0,0.0,13.0,1.0,164.0,1.0,4.0,25.0,91.0,0.0,3.0,0.0,76.0,2.0,0.0,2.03092783505155,1.0,1.0,0.0,0.5,0.0,3.0,7.0,0.8779521603730441,0.12204783962695584
491,65,2.0,0.0,1.0,0.0,0.0,1.0,1.0,164.0,1.0,4.0,25.0,91.0,0.0,3.0,1867.0,17.0,2.0,0.0,2.03092783505155,1.0,1.0,0.0,0.5,0.0,3.0,7.0,0.8788322929232544,0.12116770707674555
491,66,2.0,0.0,1.0,0.0,0.0,1.0,1.0,164.0,1.0,4.0,25.0,91.0,0.0,3.0,0.0,17.0,2.0,348.0,2.03092783505155,1.0,1.0,0.0,0.5,0.0,4.0,7.0,0.8788387775892891,0.12116122241071117
491,67,2.0,0.0,1.0,0.0,0.0,1.0,1.0,164.0,1.0,4.0,92.0,91.0,0.0,3.0,0.0,17.0,2.0,0.0,2.03092783505155,1.0,1.0,2.0,0.5,0.0,3.0,7.0,0.8787912982608395,0.12120870173916044
491,68,2.0,0.0,1.0,0.0,0.0,1.0,1.0,164.0,32.0,4.0,25.0,91.0,0.0,3.0,0.0,98.0,2.0,0.0,2.03092783505155,1.0,1.0,0.0,0.5,0.0,3.0,7.0,0.8788322932245819,0.12116770677541806
491,69,2.0,0.0,1.0,0.0,0.0,20.0,1.0,164.0,1.0,4.0,25.0,91.0,0.0,6.0,0.0,17.0,2.0,0.0,2.03092783505155,1.0,1.0,0.0,0.5,0.0,3.0,7.0,0.8686631485531489,0.13133685144685106
491,70,2.0,0.0,1.0,0.0,0.0,1.0,1.0,164.0,1.0,4.0,25.0,91.0,0.0,3.0,0.0,17.0,5.0,0.0,2.03092783505155,9.0,1.0,0.0,0.5,0.0,3.0,7.0,0.5579777540993134,0.4420222459006867
491,71,2.0,0.0,1.0,0.0,0.0,1.0,23.0,164.0,1.0,4.0,25.0,33.0,0.0,3.0,0.0,17.0,2.0,0.0,2.03092783505155,1.0,1.0,0.0,0.5,0.0,3.0,7.0,0.878854909531394,0.12114509046860601
491,72,2.0,0.0,1.0,0.0,0.0,1.0,1.0,164.0,1.0,4.0,25.0,91.0,0.0,3.0,0.0,17.0,2.0,0.0,2.03092783505155,1.0,72.0,0.0,0.5,0.0,7.0,7.0,0.8788322897371875,0.12116771026281253
491,73,2.0,0.0,1.0,0.0,0.0,1.0,1.0,164.0,1.0,4.0,25.0,91.0,10.0,3.0,2664.0,17.0,2.0,0.0,2.03092783505155,1.0,1.0,0.0,0.5,0.0,3.0,7.0,0.878834873199076,0.12116512680092403
491,74,2.0,0.0,1.0,0.0,0.0,1.0,1.0,1511.0,1.0,4.0,25.0,91.0,0.0,3.0,0.0,17.0,2.0,0.0,2.03092783505155,1.0,1.0,0.0,0.2,0.0,3.0,7.0,0.8788322873092493,0.12116771269075087
491,75,2.0,0.0,1.0,0.0,0.0,1.0,1.0,164.0,1.0,28.0,25.0,91.0,0.0,3.0,0.0,17.0,2.0,0.0,2.03092783505155,1.0,1.0,2.0,0.5,0.0,3.0,7.0,0.8787747768013116,0.12122522319868838
491,76,2.0,0.0,1.0,0.0,0.0,1.0,1.0,164.0,1.0,4.0,25.0,91.0,0.0,3.0,0.0,17.0,2.0,205.0,2.03092783505155,1.0,1.0,0.0,0.5,0.0,3.0,7.0,0.8788329472823648,0.12116705271763532
491,77,2.0,0.0,1.0,0.0,0.0,1.0,1.0,164.0,1.0,4.0,91.0,91.0,0.0,3.0,0.0,17.0,2.0,0.0,2.03092783505155,2.0,1.0,0.0,0.5,0.0,3.0,7.0,0.8752194424782241,0.12478055752177591
491,78,2.0,0.0,1.0,0.0,0.0,1.0,1.0,164.0,55.0,4.0,25.0,91.0,0.0,3.0,0.0,17.0,2.0,0.0,2.03092783505155,1.0,1.0,0.0,0.5,0.0,3.0,7.0,0.8788322957176635,0.12116770428233659
491,79,2.0,0.0,1.0,41.0,0.0,1.0,1.0,164.0,1.0,4.0,25.0,70.0,0.0,3.0,0.0,17.0,2.0,0.0,2.03092783505155,1.0,1.0,0.0,0.5,0.0,3.0,7.0,0.8789053990913965,0.12109460090860338
491,80,2.0,0.0,4.0,0.0,0.0,1.0,1.0,164.0,1.0,4.0,25.0,91.0,0.0,3.0,0.0,17.0,2.0,0.0,2.03092783505155,18.0,1.0,0.0,0.5,0.0,3.0,7.0,0.8776865675291745,0.12231343247082545
491,81,2.0,0.0,1.0,0.0,0.0,1.0,1.0,164.0,1.0,4.0,61.0,91.0,0.0,3.0,0.0,17.0,2.0,0.0,2.03092783505155,1.0,54.0,0.0,0.5,0.0,3.0,7.0,0.8788322897371869,0.12116771026281309
491,82,2.0,0.0,1.0,0.0,0.0,1.0,1.0,1106.0,1.0,4.0,25.0,91.0,0.0,3.0,1130.0,17.0,2.0,0.0,2.03092783505155,1.0,1.0,0.0,0.5,0.0,3.0,7.0,0.8788322897371875,0.12116771026281253
491,83,2.0,0.0,1.0,0.0,0.0,1.0,1.0,164.0,1.0,4.0,25.0,91.0,0.0,3.0,2676.0,17.0,2.0,0.0,2.03092783505155,1.0,1.0,0.0,0.5,0.0,3.0,7.0,0.8789049182559389,0.12109508174406117
491,84,2.0,55.0,1.0,0.0,0.0,1.0,1.0,164.0,1.0,4.0,25.0,91.0,0.0,3.0,0.0,17.0,2.0,0.0,2.03092783505155,1.0,1.0,0.0,0.5,0.0,3.0,11.0,0.8788332055863799,0.12116679441362034
491,85,2.0,0.0,1.0,0.0,0.0,1.0,17.0,164.0,1.0,19.0,25.0,91.0,0.0,3.0,0.0,17.0,2.0,0.0,2.03092783505155,1.0,1.0,0.0,0.5,0.0,3.0,7.0,0.8788317567680938,0.12116824323190616
491,86,2.0,0.0,1.0,30.0,0.0,1.0,1.0,164.0,54.0,4.0,25.0,91.0,0.0,3.0,0.0,17.0,2.0,0.0,2.03092783505155,1.0,1.0,0.0,0.5,0.0,3.0,7.0,0.8788322897440494,0.12116771025595077
491,87,2.0,0.0,1.0,25.0,57.0,1.0,1.0,164.0,1.0,4.0,25.0,91.0,0.0,3.0,0.0,17.0,2.0,0.0,2.03092783505155,1.0,1.0,0.0,0.5,0.0,3.0,7.0,0.8788322843965201,0.12116771560348005
491,88,2.0,0.0,1.0,0.0,32.0,1.0,1.0,164.0,1.0,4.0,25.0,91.0,0.0,3.0,0.0,17.0,2.0,0.0,2.03092783505155,1.0,1.0,0.0,0.5,0.0,3.0,7.0,0.8796959209633625,0.1203040790366374
491,89,2.0,0.0,1.0,31.0,0.0,1.0,1.0,164.0,1.0,4.0,25.0,91.0,0.0,3.0,0.0,86.0,2.0,0.0,2.03092783505155,1.0,1.0,0.0,0.5,0.0,3.0,7.0,0.8788322898970559,0.12116771010294404
491,90,2.0,0.0,1.0,0.0,26.0,1.0,1.0,164.0,66.0,4.0,25.0,91.0,0.0,3.0,0.0,17.0,2.0,0.0,2.03092783505155,1.0,1.0,0.0,0.5,0.0,3.0,7.0,0.8788322897372192,0.12116771026278067
491,91,2.0,0.0,1.0,0.0,0.0,6.0,1.0,164.0,1.0,4.0,25.0,91.0,0.0,3.0,0.0,17.0,2.0,0.0,2.03092783505155,1.0,16.0,0.0,0.5,0.0,3.0,7.0,0.8115900687049282,0.18840993129507175
491,92,2.0,0.0,1.0,0.0,0.0,1.0,1.0,164.0,1.0,4.0,25.0,91.0,0.0,3.0,640.0,17.0,2.0,0.0,2.03092783505155,1.0,1.0,0.0,0.5,0.0,3.0,7.0,0.877893176294924,0.12210682370507597
491,93,2.0,0.0,3.0,0.0,0.0,1.0,1.0,164.0,1.0,4.0,25.0,197.0,0.0,3.0,0.0,17.0,2.0,0.0,2.03092783505155,1.0,1.0,0.0,0.5,0.0,3.0,7.0,0.8619714521126716,0.13802854788732855
491,94,2.0,0.0,1.0,0.0,0.0,1.0,1.0,164.0,11.0,4.0,25.0,91.0,0.0,3.0,0.0,17.0,2.0,0.0,2.03092783505155,1.0,1.0,0.0,0.5,5.0,3.0,7.0,0.8788322897371875,0.12116771026281228
491,95,2.0,0.0,1.0,0.0,0.0,1.0,1.0,164.0,1.0,4.0,76.0,91.0,0.0,3.0,0.0,17.0,2.0,0.0,2.03092783505155,1.0,1.0,0.0,0.5,0.0,3.0,7.0,0.841051460382521,0.15894853961747935
491,96,2.0,0.0,1.0,0.0,0.0,1.0,1.0,164.0,1.0,4.0,25.0,216.0,0.0,3.0,0.0,17.0,2.0,0.0,2.03092783505155,1.0,1.0,0.0,0.5,0.0,3.0,7.0,0.8502520266054961,0.14974797339450396
491,97,2.0,0.0,1.0,0.0,0.0,1.0,1.0,164.0,1.0,4.0,25.0,22.0,0.0,3.0,0.0,17.0,2.0,0.0,2.03092783505155,1.0,1.0,0.0,0.5,0.0,1.0,7.0,0.8907259074290994,0.10927409257090043
491,98,2.0,0.0,1.0,0.0,0.0,1.0,9.0,164.0,1.0,4.0,25.0,91.0,0.0,3.0,0.0,17.0,2.0,0.0,2.03092783505155,6.0,1.0,0.0,0.5,0.0,3.0,7.0,0.8578086110630961,0.14219138893690375
491,99,2.0,0.0,1.0,0.0,0.0,13.0,1.0,164.0,1.0,4.0,25.0,91.0,0.0,3.0,0.0,17.0,2.0,0.0,2.03092783505155,25.0,1.0,0.0,0.5,0.0,3.0,7.0,0.8787451746483204,0.12125482535167958
584,0,0.0,0.0,1.0,0.0,0.0,1.0,1.0,956.0,1.0,1.0,11.0,42.0,0.0,4.0,0.0,8.0,2.0,0.0,3.2,1.0,1.0,0.0,1.0,0.0,3.0,4.0,0.8788342452127349,0.1211657547872651
584,1,0.0,0.0,1.0,0.0,0.0,1.0,1.0,87.0,1.0,1.0,11.0,42.0,0.0,4.0,0.0,8.0,2.0,0.0,1.65116279069767,1.0,1.0,4.0,1.0,5.0,3.0,4.0,0.8788322897371875,0.12116771026281253
584,2,0.0,0.0,1.0,0.0,0.0,1.0,1.0,87.0,1.0,1.0,11.0,42.0,0.0,4.0,0.0,47.0,2.0,0.0,1.65116279069767,1.0,1.0,0.0,0.6,0.0,3.0,4.0,0.811047001545089,0.18895299845491093
584,3,0.0,0.0,1.0,36.0,0.0,1.0,1.0,87.0,1.0,1.0,11.0,42.0,0.0,4.0,0.0,8.0,2.0,179.0,1.65116279069767,1.0,1.0,0.0,1.0,0.0,3.0,4.0,0.8788322897371882,0.12116771026281199
584,4,0.0,0.0,1.0,0.0,0.0,1.0,1.0,87.0,1.0,1.0,11.0,42.0,0.0,4.0,0.0,60.0,4.0,0.0,1.65116279069767,1.0,1.0,0.0,1.0,0.0,3.0,4.0,0.8326323758824864,0.16736762411751363
584,5,0.0,0.0,1.0,0.0,0.0,1.0,1.0,87.0,1.0,1.0,11.0,42.0,0.0,4.0,0.0,8.0,2.0,0.0,1.65116279069767,6.0,1.0,0.0,1.0,0.0,3.0,0.0,0.7598282242717068,0.24017177572829335
584,6,0.0,0.0,2.0,0.0,0.0,1.0,1.0,87.0,1.0,1.0,11.0,42.0,0.0,4.0,0.0,8.0,2.0,0.0,20.9,1.0,1.0,0.0,1.0,0.0,3.0,4.0,0.8479938520660226,0.15200614793397757
584,7,0.0,0.0,1.0,0.0,0.0,1.0,1.0,87.0,1.0,1.0,8.0,42.0,6.0,4.0,0.0,8.0,2.0,0.0,1.65116279069767,1.0,1.0,0.0,1.0,0.0,3.0,4.0,0.6797920035925347,0.3202079964074653
584,8,0.0,0.0,1.0,0.0,0.0,1.0,20.0,87.0,1.0,1.0,11.0,42.0,0.0,4.0,0.0,8.0,2.0,228.0,1.65116279069767,1.0,1.0,0.0,1.0,0.0,3.0,4.0,0.8788322897371946,0.12116771026280532
584,9,0.0,0.0,1.0,0.0,0.0,1.0,1.0,87.0,1.0,1.0,11.0,42.0,0.0,4.0,311.0,8.0,2.0,0.0,1.65116279069767,1.0,1.0,0.0,1.0,0.0,3.0,4.0,0.660737783263332,0.33926221673666795
584,10,0.0,0.0,1.0,0.0,0.0,1.0,1.0,87.0,1.0,1.0,11.0,42.0,0.0,4.0,0.0,8.0,2.0,0.0,1.65116279069767,1.0,1.0,0.0,1.0,4.0,3.0,5.0,0.8788323283845949,0.12116767161540505
584,11,0.0,0.0,1.0,0.0,0.0,1.0,1.0,87.0,1.0,1.0,11.0,42.0,0.0,9.0,0.0,8.0,2.0,0.0,1.65116279069767,1.0,1.0,0.0,1.0,4.0,3.0,4.0,0.8788323129213963,0.12116768707860374
584,12,0.0,0.0,1.0,0.0,0.0,1.0,1.0,87.0,1.0,32.0,11.0,42.0,0.0,4.0,0.0,91.0,2.0,0.0,1.65116279069767,1.0,1.0,0.0,1.0,0.0,3.0,4.0,0.8788995019488816,0.12110049805111861
584,13,0.0,0.0,1.0,0.0,0.0,1.0,1.0,87.0,1.0,1.0,11.0,42.0,0.0,4.0,0.0,8.0,2.0,0.0,1.65116279069767,1.0,1.0,0.0,0.2,0.0,3.0,0.0,0.5562510481990877,0.4437489518009123
584,14,0.0,0.0,1.0,0.0,0.0,1.0,1.0,87.0,1.0,1.0,11.0,42.0,0.0,4.0,0.0,46.0,2.0,0.0,1.65116279069767,1.0,1.0,3.0,1.0,0.0,3.0,4.0,0.8788978280354125,0.12110217196458763
584,15,0.0,0.0,1.0,0.0,0.0,1.0,1.0,87.0,1.0,1.0,11.0,42.0,0.0,4.0,2673.0,8.0,2.0,0.0,1.65116279069767,1.0,1.0,0.0,1.0,0.0,3.0,4.0,0.8801188575583274,0.11988114244167251
584,16,0.0,31.0,1.0,0.0,0.0,1.0,1.0,87.0,1.0,1.0,11.0,42.0,0.0,4.0,0.0,8.0,5.0,0.0,1.65116279069767,1.0,1.0,0.0,1.0,0.0,3.0,4.0,0.8768646212075978,0.12313537879240226
584,17,0.0,0.0,1.0,0.0,0.0,16.0,1.0,87.0,1.0,1.0,11.0,174.0,0.0,4.0,0.0,8.0,2.0,0.0,1.65116279069767,1.0,1.0,0.0,1.0,0.0,3.0,4.0,0.876733164155992,0.12326683584400795
584,18,0.0,111.0,1.0,0.0,0.0,1.0,1.0,87.0,1.0,1.0,11.0,42.0,0.0,4.0,0.0,8.0,0.0,0.0,1.65116279069767,1.0,1.0,0.0,1.0,0.0,3.0,4.0,0.878832289007749,0.12116771099225115
584,19,0.0,0.0,1.0,0.0,0.0,6.0,1.0,87.0,19.0,1.0,11.0,42.0,0.0,4.0,0.0,8.0,2.0,0.0,1.65116279069767,1.0,1.0,0.0,1.0,0.0,3.0,4.0,0.9170287245914488,0.08297127540855118
584,20,0.0,0.0,1.0,14.0,0.0,1.0,1.0,87.0,1.0,1.0,11.0,42.0,23.0,4.0,0.0,8.0,2.0,0.0,1.65116279069767,1.0,1.0,0.0,1.0,0.0,3.0,4.0,0.8788355164528444,0.12116448354715563
584,21,0.0,0.0,1.0,0.0,0.0,1.0,1.0,87.0,41.0,1.0,11.0,42.0,0.0,4.0,0.0,8.0,2.0,0.0,1.65116279069767,1.0,1.0,0.0,1.0,0.0,3.0,6.0,0.879247469076215,0.12075253092378524
584,22,0.0,0.0,6.0,33.0,0.0,1.0,1.0,87.0,1.0,1.0,11.0,42.0,0.0,4.0,0.0,8.0,2.0,0.0,1.65116279069767,1.0,1.0,0.0,1.0,0.0,3.0,4.0,0.8788346745856682,0.12116532541433171
584,23,0.0,0.0,1.0,0.0,0.0,1.0,1.0,87.0,1.0,1.0,11.0,42.0,0.0,4.0,0.0,8.0,2.0,0.0,1.65116279069767,21.0,1.0,0.0,1.0,0.0,3.0,4.0,0.8804452143208981,0.11955478567910215
584,24,0.0,0.0,1.0,0.0,0.0,1.0,1.0,1220.0,1.0,1.0,11.0,42.0,0.0,4.0,0.0,8.0,2.0,0.0,1.65116279069767,1.0,1.0,0.0,1.0,0.0,6.0,4.0,0.8788322897423841,0.12116771025761565
584,25,8.0,0.0,1.0,0.0,0.0,1.0,15.0,87.0,1.0,1.0,11.0,42.0,0.0,4.0,0.0,8.0,2.0,0.0,1.65116279069767,1.0,1.0,0.0,1.0,0.0,3.0,4.0,0.8790297763564788,0.12097022364352107
584,26,0.0,0.0,5.0,0.0,0.0,1.0,1.0,87.0,1.0,1.0,11.0,42.0,0.0,4.0,0.0,8.0,2.0,0.0,1.65116279069767,1.0,1.0,0.0,1.0,2.0,3.0,4.0,0.8788322898729778,0.12116771012702211
584,27,0.0,0.0,1.0,0.0,0.0,1.0,1.0,87.0,1.0,1.0,11.0,42.0,0.0,4.0,0.0,8.0,2.0,0.0,13.8,1.0,5.0,0.0,1.0,0.0,3.0,4.0,0.636341762973577,0.3636582370264229
584,28,0.0,0.0,1.0,25.0,0.0,1.0,1.0,87.0,1.0,1.0,11.0,42.0,0.0,4.0,154.0,8.0,2.0,0.0,1.65116279069767,1.0,1.0,0.0,1.0,0.0,3.0,4.0,0.8978880151236149,0.10211198487638531
584,29,0.0,0.0,1.0,0.0,0.0,20.0,1.0,87.0,1.0,26.0,11.0,42.0,0.0,4.0,0.0,8.0,2.0,0.0,1.65116279069767,1.0,1.0,0.0,1.0,0.0,3.0,4.0,0.8784741634698533,0.12152583653014691
584,30,0.0,0.0,1.0,0.0,0.0,10.0,1.0,87.0,1.0,6.0,11.0,42.0,0.0,4.0,0.0,8.0,2.0,0.0,1.65116279069767,1.0,1.0,0.0,1.0,0.0,3.0,4.0,0.7904811102145946,0.20951888978540553
584,31,0.0,0.0,1.0,0.0,0.0,5.0,1.0,87.0,1.0,1.0,11.0,42.0,0.0,4.0,0.0,102.0,2.0,0.0,1.65116279069767,1.0,1.0,0.0,1.0,0.0,3.0,4.0,0.8787473589380774,0.1212526410619225
584,32,0.0,0.0,1.0,0.0,0.0,1.0,1.0,385.0,1.0,1.0,11.0,42.0,0.0,4.0,0.0,8.0,2.0,0.0,1.65116279069767,1.0,1.0,0.0,1.0,0.0,3.0,4.0,0.9527607868953636,0.04723921310463634
584,33,0.0,65.0,1.0,0.0,0.0,1.0,1.0,87.0,1.0,1.0,69.0,42.0,0.0,4.0,0.0,8.0,2.0,0.0,1.65116279069767,1.0,1.0,0.0,1.0,0.0,3.0,4.0,0.8788349244234571,0.12116507557654277
584,34,0.0,0.0,1.0,0.0,39.0,1.0,1.0,87.0,1.0,1.0,11.0,42.0,0.0,4.0,0.0,8.0,6.0,0.0,1.65116279069767,1.0,1.0,0.0,1.0,0.0,3.0,4.0,0.8917359656458299,0.10826403435417016
584,35,0.0,0.0,1.0,0.0,0.0,1.0,1.0,87.0,1.0,1.0,11.0,9.0,0.0,4.0,0.0,8.0,2.0,308.0,1.65116279069767,1.0,1.0,0.0,1.0,0.0,3.0,4.0,0.8796916234622214,0.12030837653777872
584,36,0.0,0.0,1.0,0.0,0.0,1.0,1.0,87.0,1.0,1.0,11.0,42.0,0.0,4.0,2601.0,8.0,2.0,0.0,1.65116279069767,10.0,1.0,0.0,1.0,0.0,3.0,4.0,0.8789361761062722,0.12106382389372804
584,37,0.0,0.0,1.0,0.0,0.0,1.0,1.0,87.0,1.0,1.0,11.0,42.0,0.0,4.0,0.0,8.0,2.0,143.0,1.65116279069767,1.0,1.0,0.0,0.2,0.0,3.0,4.0,0.894754568577012,0.10524543142298819
584,38,0.0,0.0,1.0,0.0,0.0,1.0,1.0,87.0,1.0,1.0,11.0,152.0,0.0,4.0,0.0,8.0,2.0,0.0,1.65116279069767,1.0,1.0,0.0,1.0,0.0,3.0,10.0,0.7626074223938261,0.23739257760617388
584,39,0.0,0.0,1.0,0.0,0.0,1.0,1.0,1341.0,1.0,1.0,61.0,42.0,0.0,4.0,0.0,8.0,2.0,0.0,1.65116279069767,1.0,1.0,0.0,1.0,0.0,3.0,4.0,0.8788322897371875,0.12116771026281253
584,40,0.0,0.0,1.0,0.0,0.0,1.0,1.0,87.0,1.0,1.0,11.0,42.0,0.0,4.0,0.0,8.0,2.0,130.0,1.65116279069767,1.0,1.0,0.0,1.0,0.0,3.0,4.0,0.8888573927725454,0.11114260722745468
584,41,0.0,0.0,1.0,38.0,0.0,1.0,1.0,87.0,1.0,1.0,11.0,42.0,5.0,4.0,0.0,8.0,2.0,0.0,1.65116279069767,1.0,1.0,0.0,1.0,0.0,3.0,4.0,0.8834964744250539,0.11650352557494624
584,42,0.0,0.0,3.0,39.0,0.0,1.0,1.0,87.0,1.0,1.0,11.0,42.0,0.0,4.0,0.0,8.0,2.0,0.0,1.65116279069767,1.0,1.0,0.0,1.0,0.0,3.0,4.0,0.8815449281901269,0.11845507180987327
584,43,0.0,0.0,1.0,0.0,0.0,1.0,1.0,493.0,1.0,1.0,11.0,42.0,0.0,4.0,1072.0,8.0,2.0,0.0,1.65116279069767,1.0,1.0,0.0,1.0,0.0,3.0,4.0,0.8788322973767431,0.1211677026232571
584,44,0.0,0.0,1.0,38.0,0.0,1.0,1.0,87.0,1.0,1.0,11.0,129.0,0.0,4.0,0.0,8.0,2.0,0.0,1.65116279069767,1.0,1.0,0.0,1.0,0.0,3.0,4.0,0.8788457674684875,0.12115423253151267
584,45,0.0,0.0,1.0,0.0,0.0,1.0,1.0,87.0,1.0,1.0,11.0,42.0,0.0,4.0,0.0,8.0,2.0,66.0,1.65116279069767,17.0,1.0,0.0,1.0,0.0,3.0,4.0,0.8790392363865909,0.12096076361340909
584,46,0.0,0.0,1.0,0.0,0.0,1.0,1.0,87.0,1.0,1.0,11.0,42.0,0.0,4.0,0.0,82.0,2.0,0.0,1.65116279069767,1.0,1.0,0.0,1.0,0.0,3.0,4.0,0.8745422927269585,0.12545770727304167
584,47,0.0,0.0,1.0,0.0,0.0,22.0,1.0,87.0,1.0,1.0,87.0,42.0,0.0,4.0,0.0,8.0,2.0,0.0,1.65116279069767,1.0,1.0,0.0,1.0,0.0,3.0,4.0,0.8788322004098605,0.12116779959013928
584,48,0.0,0.0,1.0,0.0,35.0,1.0,1.0,87.0,1.0,1.0,11.0,42.0,1.0,4.0,0.0,8.0,2.0,0.0,1.65116279069767,1.0,1.0,0.0,1.0,0.0,3.0,4.0,0.9038168462896096,0.09618315371039053
584,49,0.0,0.0,1.0,0.0,0.0,1.0,1.0,87.0,1.0,1.0,11.0,163.0,0.0,4.0,0.0,8.0,2.0,0.0,1.65116279069767,1.0,1.0,0.0,1.0,0.0,3.0,4.0,0.792042304736754,0.20795769526324584
584,50,0.0,0.0,1.0,0.0,0.0,1.0,1.0,87.0,1.0,1.0,11.0,42.0,0.0,4.0,0.0,8.0,6.0,0.0,1.65116279069767,1.0,56.0,0.0,1.0,0.0,3.0,4.0,0.8788322897380503,0.1211677102619498
584,51,0.0,0.0,1.0,0.0,0.0,1.0,1.0,527.0,1.0,1.0,11.0,42.0,0.0,4.0,0.0,8.0,2.0,0.0,8.3,1.0,1.0,0.0,1.0,0.0,3.0,4.0,0.9103398417778789,0.08966015822212106
584,52,0.0,0.0,2.0,0.0,0.0,1.0,1.0,87.0,1.0,1.0,11.0,42.0,0.0,4.0,0.0,8.0,2.0,0.0,23.8,1.0,1.0,0.0,1.0,0.0,3.0,4.0,0.8681002825025459,0.13189971749745422
584,53,12.0,0.0,1.0,0.0,0.0,1.0,23.0,87.0,1.0,1.0,11.0,42.0,0.0,4.0,0.0,8.0,2.0,0.0,1.65116279069767,1.0,1.0,0.0,1.0,0.0,3.0,4.0,0.8788358570248632,0.12116414297513692
584,54,0.0,0.0,1.0,0.0,0.0,1.0,13.0,87.0,1.0,1.0,11.0,42.0,0.0,4.0,0.0,8.0,2.0,0.0,1.65116279069767,6.0,1.0,0.0,1.0,0.0,3.0,4.0,0.8818039036179316,0.11819609638206828
584,55,0.0,0.0,1.0,0.0,0.0,1.0,1.0,87.0,1.0,1.0,11.0,42.0,0.0,4.0,0.0,41.0,2.0,0.0,1.65116279069767,1.0,1.0,0.0,1.0,0.0,3.0,4.0,0.7337453473629064,0.2662546526370936
584,56,0.0,0.0,1.0,41.0,0.0,1.0,1.0,87.0,1.0,1.0,11.0,42.0,0.0,4.0,0.0,8.0,5.0,0.0,1.65116279069767,1.0,1.0,0.0,1.0,0.0,3.0,4.0,0.8819432167319539,0.11805678326804617
584,57,0.0,0.0,1.0,0.0,0.0,1.0,1.0,87.0,1.0,1.0,11.0,42.0,0.0,4.0,0.0,8.0,2.0,345.0,1.65116279069767,1.0,1.0,0.0,1.0,0.0,3.0,4.0,0.8850288125540774,0.11497118744592284
584,58,0.0,0.0,1.0,0.0,0.0,1.0,1.0,87.0,1.0,18.0,11.0,42.0,0.0,4.0,0.0,8.0,2.0,0.0,1.65116279069767,1.0,1.0,0.0,1.0,0.0,3.0,4.0,0.9554588560946221,0.04454114390537787
584,59,19.0,0.0,1.0,0.0,0.0,1.0,20.0,87.0,1.0,1.0,11.0,42.0,0.0,4.0,0.0,8.0,2.0,0.0,1.65116279069767,1.0,1.0,0.0,1.0,0.0,3.0,4.0,0.8788322891896719,0.12116771081032798
584,60,0.0,0.0,1.0,0.0,0.0,12.0,1.0,87.0,1.0,1.0,11.0,42.0,0.0,4.0,0.0,8.0,2.0,0.0,1.65116279069767,1.0,1.0,0.0,1.0,0.0,3.0,4.0,0.7351314708033138,0.2648685291966864
584,61,0.0,0.0,1.0,0.0,73.0,1.0,1.0,87.0,6.0,1.0,11.0,42.0,0.0,4.0,0.0,8.0,2.0,0.0,1.65116279069767,1.0,1.0,0.0,1.0,0.0,3.0,4.0,0.8743509821643918,0.12564901783560825
584,62,0.0,0.0,4.0,0.0,0.0,1.0,1.0,87.0,37.0,1.0,11.0,42.0,0.0,4.0,0.0,8.0,2.0,0.0,1.65116279069767,1.0,1.0,0.0,1.0,0.0,3.0,4.0,0.878987793005625,0.12101220699437516
584,63,0.0,27.0,1.0,0.0,0.0,1.0,1.0,87.0,1.0,1.0,11.0,42.0,0.0,4.0,0.0,8.0,2.0,0.0,1.65116279069767,1.0,1.0,0.0,1.0,0.0,3.0,4.0,0.8639588975288065,0.1360411024711935
584,64,0.0,0.0,1.0,0.0,0.0,1.0,1.0,87.0,1.0,1.0,11.0,42.0,0.0,4.0,0.0,8.0,2.0,348.0,1.65116279069767,1.0,1.0,0.0,1.0,0.0,4.0,4.0,0.8851625796094241,0.11483742039057604
584,65,0.0,0.0,1.0,0.0,0.0,1.0,1.0,87.0,1.0,1.0,77.0,42.0,0.0,4.0,0.0,8.0,2.0,0.0,1.65116279069767,1.0,60.0,0.0,1.0,0.0,3.0,4.0,0.8788322897371875,0.12116771026281253
584,66,0.0,71.0,1.0,0.0,0.0,1.0,1.0,87.0,1.0,1.0,11.0,42.0,0.0,4.0,0.0,8.0,2.0,0.0,1.65116279069767,1.0,1.0,0.0,1.0,0.0,3.0,4.0,0.8806139285285438,0.11938607147145604
584,67,0.0,0.0,1.0,0.0,0.0,1.0,1.0,87.0,1.0,1.0,61.0,42.0,0.0,4.0,0.0,8.0,2.0,0.0,18.0,1.0,1.0,0.0,1.0,0.0,3.0,4.0,0.8794900539486928,0.12050994605130719
584,68,0.0,0.0,1.0,0.0,0.0,1.0,1.0,87.0,1.0,1.0,11.0,42.0,0.0,4.0,0.0,8.0,2.0,220.0,1.65116279069767,1.0,1.0,0.0,1.0,0.0,3.0,4.0,0.8788774369754906,0.12112256302450941
584,69,0.0,21.0,1.0,0.0,0.0,1.0,1.0,87.0,1.0,1.0,11.0,42.0,0.0,4.0,0.0,8.0,2.0,0.0,1.65116279069767,1.0,1.0,0.0,1.0,2.0,3.0,4.0,0.878832294395379,0.12116770560462113
584,70,0.0,101.0,1.0,0.0,0.0,1.0,0.0,87.0,1.0,1.0,11.0,42.0,0.0,4.0,0.0,8.0,2.0,0.0,1.65116279069767,1.0,1.0,0.0,1.0,0.0,3.0,4.0,0.8788322972283006,0.1211677027716993
584,71,0.0,0.0,1.0,0.0,0.0,1.0,1.0,87.0,1.0,1.0,66.0,42.0,0.0,4.0,0.0,8.0,2.0,0.0,1.65116279069767,1.0,1.0,0.0,1.0,0.0,7.0,4.0,0.8792540417961379,0.12074595820386212
584,72,0.0,0.0,1.0,35.0,0.0,1.0,1.0,87.0,1.0,1.0,11.0,42.0,0.0,4.0,0.0,8.0,2.0,0.0,1.65116279069767,1.0,1.0,0.0,1.0,0.0,3.0,4.0,0.889869586805898,0.11013041319410202
584,73,0.0,0.0,1.0,0.0,0.0,1.0,1.0,87.0,1.0,1.0,11.0,42.0,21.0,4.0,0.0,8.0,2.0,0.0,1.65116279069767,1.0,41.0,0.0,1.0,0.0,3.0,4.0,0.8788322899106108,0.12116771008938917
584,74,0.0,0.0,1.0,0.0,0.0,1.0,1.0,87.0,1.0,1.0,11.0,42.0,0.0,4.0,0.0,8.0,2.0,0.0,1.65116279069767,16.0,1.0,0.0,1.0,0.0,6.0,4.0,0.865199486098679,0.13480051390132095
584,75,0.0,0.0,1.0,0.0,0.0,1.0,1.0,87.0,58.0,1.0,11.0,42.0,0.0,4.0,0.0,8.0,2.0,0.0,1.65116279069767,1.0,1.0,0.0,1.0,0.0,3.0,4.0,0.8788323018109997,0.12116769818900018
584,76,0.0,0.0,6.0,0.0,0.0,1.0,1.0,87.0,1.0,1.0,11.0,42.0,0.0,4.0,0.0,8.0,2.0,0.0,1.65116279069767,1.0,1.0,0.0,1.0,0.0,2.0,4.0,0.8925019969921363,0.10749800300786357
584,77,0.0,0.0,1.0,0.0,0.0,1.0,1.0,87.0,1.0,1.0,11.0,42.0,22.0,4.0,0.0,8.0,2.0,100.0,1.65116279069767,1.0,1.0,0.0,1.0,0.0,3.0,4.0,0.8788322948775591,0.12116770512244081
584,78,0.0,0.0,1.0,0.0,0.0,1.0,1.0,501.0,1.0,1.0,11.0,42.0,0.0,4.0,0.0,108.0,2.0,0.0,1.65116279069767,1.0,1.0,0.0,1.0,0.0,3.0,4.0,0.8788316522431601,0.12116834775683988
584,79,0.0,0.0,1.0,0.0,0.0,24.0,1.0,87.0,1.0,1.0,11.0,42.0,0.0,4.0,0.0,8.0,2.0,0.0,1.65116279069767,1.0,1.0,0.0,1.0,0.0,3.0,4.0,0.9019379792155505,0.09806202078444935
584,80,0.0,0.0,1.0,0.0,0.0,1.0,1.0,87.0,50.0,1.0,11.0,42.0,0.0,4.0,0.0,8.0,2.0,0.0,1.65116279069767,1.0,1.0,0.0,1.0,5.0,3.0,4.0,0.8788322897371875,0.12116771026281253
584,81,0.0,0.0,1.0,0.0,0.0,1.0,1.0,483.0,1.0,1.0,11.0,42.0,0.0,4.0,0.0,8.0,2.0,109.0,1.65116279069767,1.0,1.0,0.0,1.0,0.0,3.0,4.0,0.8788405988911873,0.12115940110881289
584,82,0.0,0.0,1.0,0.0,0.0,1.0,1.0,87.0,1.0,1.0,11.0,42.0,0.0,4.0,0.0,8.0,2.0,0.0,1.65116279069767,1.0,50.0,0.0,1.0,0.0,6.0,4.0,0.878832289938859,0.12116771006114108
584,83,0.0,0.0,1.0,0.0,0.0,1.0,1.0,87.0,1.0,1.0,11.0,96.0,0.0,4.0,3112.0,8.0,2.0,0.0,1.65116279069767,1.0,1.0,0.0,1.0,0.0,3.0,4.0,0.8845369726726783,0.11546302732732175
584,84,0.0,0.0,1.0,0.0,0.0,1.0,1.0,87.0,1.0,1.0,11.0,42.0,0.0,4.0,0.0,8.0,2.0,0.0,3.8,1.0,29.0,0.0,1.0,0.0,3.0,4.0,0.8788293394840732,0.12117066051592683
584,85,0.0,0.0,1.0,0.0,19.0,1.0,1.0,285.0,1.0,1.0,11.0,42.0,0.0,4.0,0.0,8.0,2.0,0.0,1.65116279069767,1.0,1.0,0.0,1.0,0.0,3.0,4.0,0.8162630991811066,0.1837369008188935
584,86,0.0,0.0,1.0,0.0,0.0,1.0,1.0,87.0,1.0,1.0,11.0,42.0,10.0,4.0,0.0,8.0,2.0,0.0,1.65116279069767,1.0,1.0,0.0,0.9,0.0,3.0,4.0,0.8918458601169833,0.10815413988301649
584,87,15.0,0.0,1.0,0.0,0.0,1.0,1.0,87.0,1.0,1.0,11.0,42.0,0.0,0.0,0.0,8.0,2.0,0.0,1.65116279069767,1.0,1.0,0.0,1.0,0.0,3.0,4.0,0.923300002595812,0.07669999740418809
584,88,0.0,43.0,1.0,0.0,0.0,1.0,1.0,87.0,1.0,1.0,11.0,42.0,0.0,4.0,0.0,8.0,2.0,0.0,1.65116279069767,1.0,1.0,0.0,1.0,0.0,3.0,4.0,0.8923550396525781,0.10764496034742181
584,89,0.0,0.0,1.0,0.0,0.0,1.0,20.0,87.0,1.0,1.0,11.0,42.0,0.0,4.0,0.0,8.0,2.0,0.0,1.65116279069767,1.0,1.0,0.0,0.3,0.0,3.0,4.0,0.8793238618841115,0.12067613811588868
584,90,0.0,0.0,1.0,0.0,0.0,1.0,1.0,87.0,1.0,1.0,11.0,42.0,0.0,4.0,0.0,8.0,2.0,0.0,1.65116279069767,1.0,1.0,1.0,1.0,0.0,3.0,3.0,0.5611239387739188,0.438876061226081
584,91,0.0,0.0,1.0,4.0,76.0,1.0,1.0,87.0,1.0,1.0,11.0,42.0,0.0,4.0,0.0,8.0,2.0,0.0,1.65116279069767,1.0,1.0,0.0,1.0,0.0,3.0,4.0,0.8773424898615496,0.1226575101384504
584,92,0.0,0.0,1.0,13.0,0.0,1.0,1.0,87.0,1.0,1.0,2.0,42.0,0.0,4.0,0.0,8.0,2.0,0.0,1.65116279069767,1.0,1.0,0.0,1.0,0.0,3.0,4.0,0.9374393095651344,0.06256069043486565
584,93,0.0,76.0,1.0,0.0,0.0,1.0,1.0,645.0,1.0,1.0,11.0,42.0,0.0,4.0,0.0,8.0,2.0,0.0,1.65116279069767,1.0,1.0,0.0,1.0,0.0,3.0,4.0,0.8791841766857164,0.12081582331428381
584,94,0.0,0.0,1.0,0.0,0.0,12.0,1.0,87.0,1.0,1.0,11.0,42.0,17.0,4.0,0.0,8.0,2.0,0.0,1.65116279069767,1.0,1.0,0.0,1.0,0.0,3.0,4.0,0.887004898992783,0.11299510100721716
584,95,0.0,0.0,1.0,0.0,0.0,1.0,1.0,87.0,1.0,1.0,11.0,42.0,0.0,4.0,1601.0,8.0,2.0,0.0,1.65116279069767,1.0,1.0,0.0,1.0,4.0,3.0,4.0,0.8788322897371875,0.12116771026281253
584,96,0.0,0.0,1.0,0.0,0.0,1.0,1.0,87.0,1.0,1.0,11.0,42.0,0.0,4.0,0.0,8.0,2.0,41.0,1.65116279069767,1.0,1.0,0.0,1.0,2.0,3.0,4.0,0.8788322948752286,0.12116770512477117
584,97,0.0,0.0,1.0,0.0,0.0,1.0,1.0,87.0,1.0,1.0,11.0,42.0,0.0,4.0,1382.0,32.0,2.0,0.0,1.65116279069767,1.0,1.0,0.0,1.0,0.0,3.0,4.0,0.8788341051345906,0.12116589486540938
584,98,15.0,0.0,1.0,0.0,0.0,1.0,22.0,87.0,1.0,1.0,11.0,42.0,0.0,4.0,0.0,8.0,2.0,0.0,1.65116279069767,1.0,1.0,0.0,1.0,0.0,3.0,4.0,0.8788324212248384,0.12116757877516156
584,99,0.0,0.0,1.0,0.0,0.0,1.0,20.0,87.0,1.0,1.0,11.0,42.0,0.0,4.0,0.0,8.0,2.0,0.0,1.65116279069767,1.0,1.0,0.0,1.0,0.0,3.0,2.0,0.8794765073265928,0.12052349267340742
589,0,4.0,0.0,1.0,0.0,0.0,2.0,1.0,300.0,1.0,4.0,17.0,89.0,0.0,3.0,1936.0,21.0,1.0,0.0,2.52577319587629,1.0,1.0,0.0,0.666666666666667,0.0,4.0,5.0,0.878832290334779,0.12116770966522082
589,1,4.0,81.0,1.0,0.0,0.0,3.0,1.0,300.0,1.0,4.0,17.0,89.0,0.0,3.0,0.0,21.0,1.0,0.0,2.52577319587629,1.0,1.0,0.0,0.666666666666667,0.0,3.0,5.0,0.8788323547615482,0.12116764523845168
589,2,4.0,0.0,1.0,0.0,0.0,2.0,1.0,300.0,1.0,4.0,17.0,89.0,0.0,3.0,2638.0,21.0,1.0,0.0,2.52577319587629,1.0,78.0,0.0,0.666666666666667,0.0,3.0,5.0,0.8788322897371875,0.12116771026281253
589,3,4.0,0.0,1.0,32.0,0.0,2.0,1.0,300.0,1.0,4.0,17.0,89.0,0.0,3.0,0.0,21.0,1.0,0.0,2.52577319587629,1.0,1.0,0.0,0.666666666666667,0.0,3.0,5.0,0.8788512001246658,0.12114879987533439
589,4,4.0,0.0,3.0,0.0,0.0,2.0,1.0,300.0,1.0,4.0,17.0,89.0,0.0,3.0,0.0,21.0,1.0,0.0,2.52577319587629,1.0,1.0,0.0,0.666666666666667,0.0,3.0,0.0,0.7668010455112573,0.23319895448874275
589,5,4.0,0.0,1.0,0.0,0.0,2.0,1.0,300.0,1.0,4.0,17.0,89.0,0.0,3.0,0.0,21.0,1.0,0.0,2.52577319587629,11.0,55.0,0.0,0.666666666666667,0.0,3.0,5.0,0.8788322897371985,0.12116771026280158
589,6,4.0,0.0,1.0,0.0,0.0,2.0,1.0,300.0,1.0,4.0,17.0,89.0,0.0,3.0,691.0,21.0,1.0,0.0,2.52577319587629,1.0,1.0,0.0,0.666666666666667,0.0,3.0,5.0,0.8785676646379875,0.12143233536201256
589,7,4.0,0.0,1.0,0.0,0.0,2.0,21.0,300.0,1.0,4.0,17.0,89.0,0.0,3.0,0.0,21.0,1.0,331.0,2.52577319587629,1.0,1.0,0.0,0.666666666666667,0.0,3.0,5.0,0.8788322897371875,0.12116771026281228
589,8,4.0,0.0,1.0,0.0,0.0,2.0,1.0,300.0,1.0,4.0,17.0,89.0,0.0,3.0,0.0,21.0,1.0,0.0,2.52577319587629,1.0,1.0,3.0,0.666666666666667,0.0,3.0,3.0,0.8787862101905539,0.12121378980944586
589,9,4.0,0.0,1.0,0.0,0.0,2.0,1.0,300.0,1.0,4.0,17.0,89.0,0.0,3.0,0.0,21.0,1.0,0.0,22.0,1.0,1.0,4.0,0.666666666666667,0.0,3.0,5.0,0.8788324564492593,0.12116754355074066
589,10,4.0,0.0,1.0,0.0,0.0,2.0,1.0,1294.0,1.0,4.0,17.0,89.0,0.0,3.0,0.0,21.0,1.0,0.0,2.52577319587629,1.0,1.0,0.0,0.666666666666667,0.0,3.0,5.0,0.8788322891186641,0.1211677108813357
589,11,4.0,28.0,1.0,0.0,0.0,2.0,1.0,300.0,1.0,4.0,17.0,89.0,0.0,3.0,0.0,21.0,1.0,0.0,2.52577319587629,1.0,1.0,0.0,0.666666666666667,0.0,3.0,5.0,0.87320898045156,0.12679101954844002
589,12,4.0,0.0,1.0,0.0,0.0,2.0,1.0,300.0,1.0,4.0,17.0,89.0,0.0,3.0,0.0,21.0,0.0,0.0,2.52577319587629,1.0,1.0,3.0,0.666666666666667,0.0,3.0,5.0,0.8787809540914227,0.12121904590857728
589,13,4.0,0.0,1.0,0.0,0.0,6.0,1.0,300.0,19.0,4.0,17.0,89.0,0.0,3.0,0.0,21.0,1.0,0.0,2.52577319587629,1.0,1.0,0.0,0.666666666666667,0.0,3.0,5.0,0.9022977527315943,0.09770224726840579
589,14,7.0,0.0,1.0,0.0,0.0,2.0,1.0,300.0,1.0,4.0,17.0,89.0,0.0,3.0,0.0,100.0,1.0,0.0,2.52577319587629,1.0,1.0,0.0,0.666666666666667,0.0,3.0,5.0,0.8787052949754576,0.12129470502454252
589,15,4.0,0.0,1.0,0.0,0.0,13.0,1.0,300.0,1.0,4.0,17.0,89.0,0.0,3.0,0.0,21.0,1.0,0.0,2.52577319587629,1.0,1.0,0.0,0.666666666666667,0.0,3.0,5.0,0.5680665356185846,0.4319334643814155
589,16,4.0,0.0,1.0,0.0,0.0,18.0,1.0,300.0,1.0,4.0,17.0,89.0,0.0,3.0,0.0,21.0,1.0,0.0,2.52577319587629,1.0,1.0,0.0,0.666666666666667,4.0,3.0,5.0,0.8788322914338863,0.12116770856611353
589,17,4.0,0.0,1.0,0.0,0.0,2.0,1.0,300.0,1.0,4.0,17.0,89.0,0.0,3.0,1911.0,21.0,1.0,0.0,2.52577319587629,1.0,6.0,0.0,0.666666666666667,0.0,3.0,5.0,0.87883229043245,0.12116770956754984
589,18,4.0,0.0,1.0,0.0,0.0,2.0,1.0,300.0,1.0,29.0,17.0,89.0,0.0,3.0,0.0,21.0,3.0,0.0,2.52577319587629,1.0,1.0,0.0,0.666666666666667,0.0,3.0,5.0,0.8756697964659234,0.12433020353407671
589,19,4.0,0.0,1.0,0.0,0.0,2.0,14.0,300.0,1.0,4.0,17.0,105.0,0.0,3.0,0.0,21.0,1.0,0.0,2.52577319587629,1.0,1.0,0.0,0.666666666666667,0.0,3.0,5.0,0.8787740214173566,0.12122597858264351
589,20,4.0,0.0,1.0,0.0,0.0,2.0,1.0,300.0,1.0,4.0,17.0,89.0,0.0,3.0,0.0,85.0,1.0,0.0,2.52577319587629,1.0,1.0,0.0,0.666666666666667,1.0,3.0,5.0,0.8788316691630103,0.12116833083698965
589,21,4.0,0.0,1.0,0.0,0.0,2.0,1.0,300.0,1.0,4.0,17.0,89.0,0.0,3.0,0.0,81.0,1.0,0.0,2.52577319587629,1.0,1.0,0.0,0.666666666666667,0.0,3.0,5.0,0.8766790733514104,0.12332092664858971
589,22,4.0,0.0,1.0,0.0,0.0,2.0,1.0,300.0,1.0,4.0,17.0,89.0,0.0,3.0,0.0,21.0,1.0,38.0,2.52577319587629,1.0,1.0,0.0,0.666666666666667,0.0,3.0,5.0,0.5842350819180333,0.41576491808196675
589,23,15.0,0.0,1.0,28.0,0.0,2.0,1.0,300.0,1.0,4.0,17.0,89.0,0.0,3.0,0.0,21.0,1.0,0.0,2.52577319587629,1.0,1.0,0.0,0.666666666666667,0.0,3.0,5.0,0.8788322202740754,0.12116777972592473
589,24,4.0,0.0,1.0,0.0,0.0,2.0,1.0,300.0,1.0,4.0,17.0,89.0,0.0,3.0,0.0,21.0,1.0,340.0,2.52577319587629,1.0,1.0,0.0,0.666666666666667,0.0,3.0,5.0,0.8788369044525219,0.12116309554747806
589,25,4.0,0.0,7.0,0.0,0.0,2.0,1.0,300.0,1.0,4.0,17.0,89.0,0.0,3.0,0.0,21.0,1.0,0.0,2.52577319587629,1.0,1.0,0.0,0.666666666666667,0.0,2.0,5.0,0.8788436264255132,0.12115637357448697
589,26,4.0,0.0,1.0,0.0,0.0,2.0,1.0,300.0,1.0,4.0,17.0,89.0,13.0,3.0,0.0,21.0,1.0,0.0,2.52577319587629,1.0,1.0,0.0,0.666666666666667,0.0,3.0,2.0,0.8758422632879397,0.12415773671206044
589,27,4.0,0.0,1.0,0.0,0.0,2.0,1.0,300.0,1.0,4.0,17.0,89.0,0.0,3.0,0.0,21.0,1.0,0.0,2.52577319587629,1.0,1.0,0.0,0.8,2.0,3.0,5.0,0.8788323865032912,0.12116761349670883
589,28,4.0,0.0,0.0,0.0,0.0,2.0,1.0,300.0,1.0,4.0,17.0,89.0,10.0,3.0,0.0,21.0,1.0,0.0,2.52577319587629,1.0,1.0,0.0,0.666666666666667,0.0,3.0,5.0,0.8456640153710628,0.15433598462893713
589,29,4.0,0.0,1.0,0.0,0.0,2.0,1.0,539.0,1.0,4.0,17.0,89.0,0.0,3.0,0.0,21.0,1.0,0.0,2.52577319587629,25.0,1.0,0.0,0.666666666666667,0.0,3.0,5.0,0.8787621121857696,0.12123788781423034
589,30,4.0,112.0,1.0,0.0,0.0,2.0,1.0,300.0,1.0,4.0,17.0,89.0,0.0,3.0,0.0,21.0,1.0,0.0,12.7,1.0,1.0,0.0,0.666666666666667,0.0,3.0,5.0,0.8788321262726297,0.12116787372737045
589,31,4.0,57.0,1.0,0.0,0.0,2.0,1.0,300.0,29.0,4.0,17.0,89.0,0.0,3.0,0.0,21.0,1.0,0.0,2.52577319587629,1.0,1.0,0.0,0.666666666666667,0.0,3.0,5.0,0.8788322906755657,0.12116770932443441
589,32,4.0,111.0,1.0,0.0,0.0,2.0,1.0,300.0,1.0,4.0,17.0,89.0,0.0,3.0,0.0,20.0,1.0,0.0,2.52577319587629,1.0,1.0,0.0,0.666666666666667,0.0,3.0,5.0,0.8788319066909798,0.12116809330902012
589,33,4.0,0.0,1.0,0.0,0.0,2.0,8.0,300.0,71.0,4.0,17.0,89.0,0.0,3.0,0.0,21.0,1.0,0.0,2.52577319587629,1.0,1.0,0.0,0.666666666666667,0.0,3.0,5.0,0.8788322897371875,0.12116771026281253
589,34,4.0,0.0,1.0,0.0,0.0,2.0,1.0,300.0,11.0,4.0,17.0,89.0,0.0,3.0,0.0,21.0,1.0,0.0,2.52577319587629,1.0,1.0,0.0,0.666666666666667,3.0,3.0,5.0,0.8789790539109691,0.12102094608903094
589,35,4.0,60.0,1.0,0.0,0.0,2.0,1.0,300.0,1.0,4.0,17.0,89.0,0.0,3.0,0.0,21.0,1.0,0.0,2.52577319587629,1.0,1.0,0.0,0.666666666666667,0.0,3.0,5.0,0.8788382674270869,0.12116173257291299
589,36,4.0,0.0,1.0,0.0,0.0,2.0,1.0,300.0,1.0,4.0,89.0,89.0,0.0,3.0,0.0,21.0,1.0,0.0,2.52577319587629,1.0,20.0,0.0,0.666666666666667,0.0,3.0,5.0,0.8787980041465943,0.12120199585340569
589,37,16.0,0.0,1.0,0.0,0.0,2.0,1.0,300.0,1.0,4.0,17.0,89.0,0.0,3.0,0.0,21.0,1.0,0.0,2.52577319587629,1.0,1.0,0.0,0.666666666666667,0.0,3.0,5.0,0.8758704900221933,0.12412950997780679
589,38,4.0,0.0,1.0,0.0,0.0,2.0,1.0,300.0,1.0,4.0,17.0,185.0,0.0,3.0,0.0,21.0,1.0,0.0,2.52577319587629,1.0,1.0,0.0,0.9,0.0,3.0,5.0,0.8318949975459343,0.16810500245406568
589,39,4.0,0.0,1.0,0.0,0.0,2.0,1.0,300.0,1.0,4.0,17.0,89.0,0.0,3.0,0.0,21.0,1.0,199.0,2.52577319587629,1.0,1.0,0.0,0.666666666666667,3.0,3.0,5.0,0.8788322897371875,0.12116771026281253
589,40,4.0,0.0,1.0,0.0,0.0,2.0,1.0,300.0,47.0,4.0,17.0,89.0,0.0,3.0,0.0,21.0,1.0,0.0,3.2,1.0,1.0,0.0,0.666666666666667,0.0,3.0,5.0,0.8788355139288833,0.12116448607111652
589,41,4.0,0.0,1.0,0.0,0.0,2.0,1.0,300.0,1.0,4.0,17.0,89.0,0.0,3.0,1567.0,21.0,1.0,0.0,2.52577319587629,6.0,1.0,0.0,0.666666666666667,0.0,3.0,5.0,0.8788323569822889,0.12116764301771088
589,42,4.0,0.0,1.0,8.0,0.0,2.0,1.0,300.0,1.0,4.0,17.0,89.0,18.0,3.0,0.0,21.0,1.0,0.0,2.52577319587629,1.0,1.0,0.0,0.666666666666667,0.0,3.0,5.0,0.8788433733973035,0.1211566266026967
589,43,4.0,0.0,1.0,0.0,0.0,2.0,1.0,300.0,1.0,4.0,17.0,89.0,0.0,3.0,1568.0,21.0,1.0,0.0,2.52577319587629,1.0,1.0,0.0,0.666666666666667,0.0,3.0,5.0,0.8788323948066945,0.12116760519330534
589,44,4.0,0.0,1.0,0.0,0.0,2.0,1.0,300.0,33.0,4.0,17.0,89.0,0.0,3.0,0.0,21.0,1.0,0.0,21.3,1.0,1.0,0.0,0.666666666666667,0.0,3.0,5.0,0.879270999426736,0.12072900057326383
589,45,4.0,0.0,1.0,5.0,0.0,2.0,1.0,300.0,1.0,4.0,17.0,89.0,0.0,3.0,0.0,21.0,1.0,78.0,2.52577319587629,1.0,1.0,0.0,0.666666666666667,0.0,3.0,5.0,0.8783829600484524,0.1216170399515476
589,46,4.0,0.0,1.0,0.0,0.0,2.0,0.0,300.0,1.0,4.0,17.0,89.0,0.0,3.0,0.0,21.0,1.0,0.0,2.52577319587629,1.0,1.0,0.0,0.666666666666667,4.0,3.0,5.0,0.8788323713773101,0.1211676286226899
589,47,4.0,42.0,1.0,0.0,0.0,2.0,1.0,300.0,1.0,4.0,17.0,89.0,0.0,3.0,0.0,21.0,1.0,0.0,2.52577319587629,1.0,69.0,0.0,0.666666666666667,0.0,3.0,5.0,0.8788322897371875,0.12116771026281253
589,48,4.0,0.0,1.0,0.0,0.0,2.0,1.0,300.0,1.0,4.0,17.0,198.0,0.0,3.0,0.0,21.0,1.0,0.0,2.52577319587629,1.0,1.0,0.0,0.666666666666667,0.0,3.0,5.0,0.8562024684292237,0.1437975315707763
589,49,13.0,0.0,1.0,0.0,0.0,2.0,1.0,300.0,1.0,4.0,17.0,89.0,0.0,3.0,0.0,21.0,6.0,0.0,2.52577319587629,1.0,1.0,0.0,0.666666666666667,0.0,3.0,5.0,0.8712023700341713,0.12879762996582877
589,50,4.0,0.0,1.0,0.0,0.0,2.0,1.0,300.0,1.0,4.0,17.0,89.0,13.0,3.0,0.0,21.0,1.0,0.0,2.52577319587629,19.0,1.0,0.0,0.666666666666667,0.0,3.0,5.0,0.8787616188830216,0.12123838111697856
589,51,4.0,0.0,1.0,0.0,0.0,2.0,1.0,300.0,1.0,4.0,17.0,89.0,0.0,3.0,0.0,21.0,1.0,0.0,2.52577319587629,1.0,42.0,3.0,0.666666666666667,0.0,3.0,5.0,0.8788322901612836,0.12116770983871614
589,52,4.0,0.0,1.0,0.0,15.0,2.0,1.0,300.0,1.0,4.0,17.0,89.0,0.0,3.0,0.0,21.0,1.0,0.0,2.52577319587629,1.0,1.0,0.0,0.6,0.0,3.0,5.0,0.5548068489465602,0.4451931510534398
589,53,19.0,0.0,1.0,0.0,0.0,2.0,1.0,300.0,1.0,4.0,17.0,89.0,0.0,3.0,0.0,78.0,1.0,0.0,2.52577319587629,1.0,1.0,0.0,0.666666666666667,0.0,3.0,5.0,0.8788139703152611,0.12118602968473882
589,54,4.0,29.0,1.0,0.0,0.0,2.0,1.0,300.0,1.0,4.0,17.0,89.0,0.0,3.0,0.0,21.0,1.0,0.0,2.52577319587629,1.0,1.0,0.0,0.666666666666667,0.0,3.0,5.0,0.8750219513608878,0.12497804863911205
589,55,4.0,0.0,1.0,0.0,62.0,2.0,1.0,300.0,1.0,4.0,17.0,89.0,0.0,3.0,0.0,21.0,1.0,229.0,2.52577319587629,1.0,1.0,0.0,0.666666666666667,0.0,3.0,5.0,0.8788322897371875,0.12116771026281253
589,56,4.0,0.0,1.0,21.0,0.0,2.0,1.0,300.0,47.0,4.0,17.0,89.0,0.0,3.0,0.0,21.0,1.0,0.0,2.52577319587629,1.0,1.0,0.0,0.666666666666667,0.0,3.0,5.0,0.8788323224361353,0.12116767756386482
589,57,4.0,0.0,1.0,33.0,0.0,2.0,3.0,300.0,1.0,4.0,17.0,89.0,0.0,3.0,0.0,21.0,1.0,0.0,2.52577319587629,1.0,1.0,0.0,0.666666666666667,0.0,3.0,5.0,0.8788450647186347,0.12115493528136524
589,58,4.0,0.0,1.0,0.0,0.0,2.0,1.0,300.0,1.0,4.0,17.0,89.0,0.0,3.0,1654.0,21.0,1.0,0.0,2.52577319587629,1.0,1.0,0.0,0.4,0.0,3.0,5.0,0.8788323368838972,0.12116766311610273
589,59,4.0,0.0,1.0,0.0,0.0,2.0,1.0,300.0,1.0,4.0,17.0,89.0,0.0,3.0,0.0,21.0,1.0,312.0,2.52577319587629,1.0,1.0,0.0,0.666666666666667,0.0,3.0,5.0,0.8788328480566496,0.12116715194335022
589,60,8.0,0.0,1.0,0.0,0.0,2.0,1.0,300.0,1.0,4.0,17.0,89.0,0.0,3.0,0.0,73.0,1.0,0.0,2.52577319587629,1.0,1.0,0.0,0.666666666666667,0.0,3.0,5.0,0.870762734029969,0.12923726597003113
589,61,4.0,0.0,1.0,0.0,0.0,2.0,1.0,300.0,8.0,4.0,17.0,89.0,0.0,3.0,0.0,21.0,1.0,100.0,2.52577319587629,1.0,1.0,0.0,0.666666666666667,0.0,3.0,5.0,0.8788317834296734,0.12116821657032653
589,62,4.0,0.0,1.0,0.0,0.0,2.0,1.0,300.0,1.0,4.0,17.0,89.0,0.0,3.0,1434.0,21.0,1.0,0.0,2.52577319587629,1.0,1.0,0.0,0.666666666666667,0.0,3.0,5.0,0.8788325114770824,0.12116748852291757
589,63,4.0,0.0,1.0,0.0,0.0,2.0,1.0,1349.0,1.0,4.0,17.0,89.0,0.0,3.0,0.0,21.0,1.0,0.0,2.52577319587629,1.0,1.0,0.0,0.666666666666667,0.0,3.0,5.0,0.8788322880506474,0.12116771194935277
589,64,4.0,0.0,1.0,0.0,0.0,2.0,1.0,300.0,32.0,4.0,17.0,89.0,14.0,3.0,0.0,21.0,1.0,0.0,2.52577319587629,1.0,1.0,0.0,0.666666666666667,0.0,3.0,5.0,0.878844877496917,0.12115512250308301
589,65,4.0,0.0,1.0,36.0,0.0,2.0,1.0,300.0,1.0,4.0,17.0,89.0,0.0,3.0,0.0,58.0,1.0,0.0,2.52577319587629,1.0,1.0,0.0,0.666666666666667,0.0,3.0,5.0,0.8788323059504436,0.1211676940495562
589,66,4.0,0.0,1.0,0.0,65.0,2.0,1.0,300.0,3.0,4.0,17.0,89.0,0.0,3.0,0.0,21.0,1.0,0.0,2.52577319587629,1.0,1.0,0.0,0.666666666666667,0.0,3.0,5.0,0.8396123960340119,0.16038760396598817
589,67,4.0,0.0,1.0,0.0,0.0,2.0,1.0,300.0,1.0,4.0,17.0,89.0,0.0,3.0,0.0,21.0,1.0,0.0,2.52577319587629,1.0,56.0,0.0,0.666666666666667,0.0,3.0,5.0,0.8788322897371895,0.12116771026281044
589,68,4.0,0.0,1.0,0.0,0.0,2.0,1.0,300.0,1.0,4.0,17.0,89.0,0.0,3.0,0.0,21.0,1.0,0.0,2.52577319587629,1.0,27.0,0.0,0.666666666666667,0.0,3.0,8.0,0.8785635166764556,0.1214364833235446
589,69,4.0,0.0,1.0,0.0,0.0,6.0,1.0,300.0,1.0,4.0,17.0,89.0,0.0,3.0,0.0,21.0,1.0,0.0,2.52577319587629,1.0,1.0,3.0,0.666666666666667,0.0,3.0,5.0,0.878786619489974,0.12121338051002599
589,70,4.0,0.0,1.0,0.0,0.0,2.0,1.0,339.0,20.0,4.0,17.0,89.0,0.0,3.0,0.0,21.0,1.0,0.0,2.52577319587629,1.0,1.0,0.0,0.666666666666667,0.0,3.0,5.0,0.9102153402238179,0.08978465977618223
589,71,4.0,0.0,1.0,0.0,56.0,3.0,1.0,300.0,1.0,4.0,17.0,89.0,0.0,3.0,0.0,21.0,1.0,0.0,2.52577319587629,1.0,1.0,0.0,0.666666666666667,0.0,3.0,5.0,0.8481324251420268,0.15186757485797314
589,72,4.0,0.0,1.0,8.0,0.0,2.0,1.0,300.0,1.0,30.0,17.0,89.0,0.0,3.0,0.0,21.0,1.0,0.0,2.52577319587629,1.0,1.0,0.0,0.666666666666667,0.0,3.0,5.0,0.8809677150992774,0.1190322849007225
589,73,4.0,0.0,1.0,0.0,0.0,2.0,1.0,300.0,1.0,4.0,17.0,89.0,11.0,3.0,0.0,21.0,1.0,0.0,2.52577319587629,1.0,1.0,0.0,0.666666666666667,0.0,3.0,3.0,0.8595759764939489,0.14042402350605115
589,74,4.0,0.0,1.0,0.0,0.0,2.0,1.0,300.0,1.0,10.0,17.0,89.0,0.0,3.0,2046.0,21.0,1.0,0.0,2.52577319587629,1.0,1.0,0.0,0.666666666666667,0.0,3.0,5.0,0.8788322910468581,0.12116770895314198
589,75,4.0,0.0,1.0,0.0,0.0,2.0,1.0,300.0,1.0,4.0,56.0,89.0,0.0,3.0,0.0,21.0,1.0,0.0,2.52577319587629,1.0,1.0,0.0,0.666666666666667,0.0,3.0,1.0,0.8375841689934089,0.16241583100659093
589,76,4.0,0.0,1.0,0.0,67.0,2.0,1.0,300.0,1.0,4.0,17.0,89.0,0.0,3.0,0.0,21.0,1.0,0.0,2.52577319587629,1.0,1.0,0.0,0.666666666666667,0.0,3.0,5.0,0.8443053159162589,0.15569468408374113
589,77,4.0,0.0,1.0,0.0,0.0,2.0,1.0,300.0,56.0,4.0,17.0,89.0,0.0,3.0,0.0,21.0,2.0,0.0,2.52577319587629,1.0,1.0,0.0,0.666666666666667,0.0,3.0,5.0,0.8788322927472776,0.12116770725272272
589,78,20.0,0.0,1.0,0.0,0.0,2.0,1.0,300.0,1.0,4.0,17.0,89.0,0.0,3.0,0.0,21.0,1.0,0.0,12.6,1.0,1.0,0.0,0.666666666666667,0.0,3.0,5.0,0.8790637211825988,0.12093627881740128
589,79,20.0,62.0,1.0,0.0,0.0,2.0,1.0,300.0,1.0,4.0,17.0,89.0,0.0,3.0,0.0,21.0,1.0,0.0,2.52577319587629,1.0,1.0,0.0,0.666666666666667,0.0,3.0,5.0,0.8788322897389252,0.12116771026107485
589,80,4.0,0.0,1.0,0.0,0.0,2.0,1.0,300.0,1.0,4.0,17.0,157.0,0.0,3.0,0.0,21.0,1.0,0.0,2.52577319587629,1.0,1.0,0.0,0.666666666666667,0.0,3.0,5.0,0.5806931904003317,0.41930680959966826
589,81,4.0,0.0,1.0,4.0,0.0,2.0,1.0,300.0,1.0,4.0,17.0,89.0,0.0,3.0,0.0,21.0,1.0,0.0,2.52577319587629,1.0,1.0,0.0,0.666666666666667,2.0,3.0,5.0,0.8788323703711183,0.12116762962888153
589,82,4.0,105.0,1.0,0.0,0.0,2.0,1.0,300.0,1.0,4.0,17.0,89.0,0.0,3.0,0.0,21.0,1.0,0.0,2.52577319587629,1.0,1.0,0.0,0.6,0.0,3.0,5.0,0.8788320282304304,0.1211679717695697
589,83,4.0,0.0,1.0,25.0,0.0,2.0,1.0,300.0,1.0,4.0,17.0,89.0,0.0,3.0,154.0,21.0,1.0,0.0,2.52577319587629,1.0,1.0,0.0,0.666666666666667,0.0,3.0,5.0,0.8788679022089475,0.12113209779105248
589,84,4.0,0.0,1.0,0.0,0.0,2.0,1.0,300.0,1.0,33.0,17.0,89.0,0.0,3.0,0.0,21.0,1.0,0.0,2.52577319587629,1.0,1.0,0.0,0.666666666666667,0.0,3.0,3.0,0.8824669973827528,0.11753300261724715
589,85,4.0,0.0,1.0,0.0,0.0,2.0,1.0,300.0,1.0,4.0,17.0,89.0,0.0,3.0,1444.0,21.0,1.0,0.0,2.52577319587629,1.0,1.0,0.0,0.666666666666667,0.0,3.0,5.0,0.8788325039769311,0.12116749602306894
589,86,4.0,0.0,1.0,0.0,0.0,22.0,1.0,300.0,1.0,4.0,17.0,89.0,0.0,3.0,0.0,21.0,1.0,0.0,2.52577319587629,1.0,1.0,0.0,0.666666666666667,0.0,3.0,5.0,0.874102231022875,0.12589776897712504
589,87,4.0,0.0,1.0,0.0,0.0,2.0,1.0,300.0,1.0,4.0,17.0,10.0,0.0,3.0,0.0,21.0,1.0,0.0,2.52577319587629,6.0,1.0,0.0,0.666666666666667,0.0,3.0,5.0,0.8673219522219574,0.13267804777804254
589,88,4.0,0.0,1.0,0.0,0.0,2.0,1.0,1336.0,1.0,4.0,17.0,188.0,0.0,3.0,0.0,21.0,1.0,0.0,2.52577319587629,1.0,1.0,0.0,0.666666666666667,0.0,3.0,5.0,0.8788322314668185,0.12116776853318144
589,89,4.0,0.0,1.0,0.0,77.0,0.0,1.0,300.0,1.0,4.0,17.0,89.0,0.0,3.0,0.0,21.0,1.0,0.0,2.52577319587629,1.0,1.0,0.0,0.666666666666667,0.0,3.0,5.0,0.8679966778611916,0.13200332213880847
589,90,4.0,0.0,1.0,0.0,0.0,2.0,1.0,300.0,1.0,4.0,17.0,89.0,0.0,3.0,1133.0,21.0,1.0,0.0,2.52577319587629,1.0,1.0,0.0,0.666666666666667,0.0,3.0,5.0,0.8788324162914251,0.12116758370857506
589,91,4.0,0.0,1.0,0.0,0.0,2.0,1.0,300.0,1.0,4.0,17.0,89.0,0.0,3.0,2759.0,21.0,1.0,0.0,2.52577319587629,1.0,1.0,0.0,0.666666666666667,0.0,3.0,5.0,0.8790179682505657,0.1209820317494344
589,92,4.0,0.0,1.0,0.0,0.0,2.0,1.0,300.0,1.0,4.0,17.0,151.0,0.0,3.0,0.0,21.0,1.0,0.0,2.52577319587629,1.0,1.0,3.0,0.666666666666667,0.0,3.0,5.0,0.8788169046105262,0.12118309538947378
589,93,4.0,0.0,1.0,0.0,0.0,2.0,1.0,300.0,1.0,4.0,17.0,89.0,0.0,3.0,0.0,21.0,1.0,45.0,2.52577319587629,1.0,1.0,0.0,1.0,0.0,3.0,5.0,0.7657038576652576,0.23429614233474244
589,94,4.0,0.0,1.0,0.0,0.0,2.0,18.0,300.0,1.0,4.0,17.0,89.0,5.0,3.0,0.0,21.0,1.0,0.0,2.52577319587629,1.0,1.0,0.0,0.666666666666667,0.0,3.0,5.0,0.8788326433777088,0.12116735662229122
589,95,4.0,0.0,1.0,0.0,17.0,2.0,1.0,300.0,1.0,4.0,17.0,89.0,0.0,3.0,0.0,21.0,0.0,0.0,2.52577319587629,1.0,1.0,0.0,0.666666666666667,0.0,3.0,5.0,0.7362624513070197,0.2637375486929804
589,96,4.0,0.0,1.0,0.0,0.0,2.0,1.0,300.0,1.0,1.0,17.0,89.0,0.0,3.0,0.0,21.0,1.0,0.0,18.6,1.0,1.0,0.0,0.666666666666667,0.0,3.0,5.0,0.6477437387286433,0.3522562612713567
589,97,4.0,0.0,1.0,0.0,0.0,2.0,1.0,1149.0,1.0,20.0,17.0,89.0,0.0,3.0,0.0,21.0,1.0,0.0,2.52577319587629,1.0,1.0,0.0,0.666666666666667,0.0,3.0,5.0,0.8788322897253967,0.12116771027460327
589,98,4.0,0.0,1.0,0.0,0.0,2.0,1.0,1106.0,1.0,4.0,17.0,89.0,0.0,3.0,0.0,21.0,1.0,0.0,2.52577319587629,1.0,1.0,0.0,0.666666666666667,0.0,3.0,5.0,0.8788322898484192,0.1211677101515807
589,99,4.0,0.0,1.0,0.0,0.0,2.0,1.0,300.0,1.0,4.0,17.0,89.0,0.0,3.0,0.0,21.0,6.0,341.0,2.52577319587629,1.0,1.0,0.0,0.666666666666667,0.0,3.0,5.0,0.8788324648835046,0.12116753511649554
599,0,1.0,2.0,1.0,0.0,0.0,8.0,1.0,1598.0,1.0,11.0,7.0,181.0,0.0,3.0,27.0,94.0,2.0,0.0,3.57435897435897,0.0,1.0,1.0,0.545454545454545,0.0,4.0,1.0,0.8267155410534159,0.173284458946584
599,1,1.0,2.0,1.0,0.0,0.0,8.0,1.0,1598.0,1.0,11.0,7.0,181.0,18.0,3.0,27.0,94.0,1.0,0.0,3.57435897435897,0.0,1.0,0.0,0.545454545454545,0.0,4.0,9.0,0.8788065416844212,0.12119345831557894
599,2,1.0,2.0,1.0,0.0,0.0,8.0,1.0,1598.0,1.0,11.0,94.0,181.0,0.0,3.0,27.0,94.0,2.0,0.0,3.57435897435897,0.0,1.0,0.0,0.545454545454545,0.0,4.0,9.0,0.8788322897307577,0.12116771026924245
599,3,1.0,2.0,1.0,0.0,0.0,8.0,1.0,1598.0,44.0,11.0,42.0,181.0,0.0,3.0,27.0,94.0,2.0,0.0,3.57435897435897,0.0,1.0,0.0,0.545454545454545,0.0,4.0,9.0,0.8788322897312298,0.12116771026877002
599,4,1.0,2.0,1.0,0.0,0.0,8.0,1.0,539.0,1.0,11.0,7.0,181.0,0.0,3.0,27.0,94.0,2.0,0.0,3.57435897435897,0.0,1.0,0.0,0.545454545454545,0.0,4.0,9.0,0.8788322313335231,0.12116776866647697
599,5,6.0,2.0,1.0,0.0,0.0,8.0,1.0,1598.0,1.0,11.0,7.0,181.0,0.0,3.0,27.0,94.0,2.0,0.0,3.57435897435897,0.0,1.0,0.0,0.545454545454545,0.0,7.0,9.0,0.5999366889392354,0.40006331106076465
599,6,1.0,2.0,1.0,0.0,0.0,8.0,1.0,1598.0,1.0,11.0,7.0,181.0,0.0,3.0,1894.0,94.0,2.0,0.0,3.57435897435897,0.0,1.0,0.0,0.545454545454545,0.0,4.0,9.0,0.8788322897371875,0.12116771026281253
599,7,1.0,2.0,1.0,27.0,0.0,8.0,1.0,1598.0,1.0,11.0,7.0,181.0,0.0,3.0,27.0,94.0,2.0,0.0,3.57435897435897,0.0,56.0,0.0,0.545454545454545,0.0,4.0,9.0,0.8788322897371875,0.12116771026281253
599,8,1.0,2.0,1.0,0.0,30.0,8.0,1.0,1598.0,1.0,11.0,7.0,181.0,0.0,3.0,27.0,94.0,2.0,80.0,3.57435897435897,0.0,1.0,0.0,0.545454545454545,0.0,4.0,9.0,0.8788316135837309,0.12116838641626904
599,9,1.0,2.0,1.0,0.0,0.0,8.0,1.0,1598.0,1.0,11.0,7.0,181.0,0.0,3.0,1449.0,94.0,2.0,0.0,3.57435897435897,0.0,1.0,0.0,0.545454545454545,0.0,4.0,9.0,0.8788322897371869,0.12116771026281309
599,10,1.0,2.0,1.0,0.0,0.0,8.0,1.0,1598.0,1.0,33.0,7.0,206.0,0.0,3.0,27.0,94.0,2.0,0.0,3.57435897435897,0.0,1.0,0.0,0.545454545454545,0.0,4.0,9.0,0.8771091191784339,0.12289088082156623
599,11,1.0,0.0,1.0,0.0,0.0,8.0,1.0,1598.0,1.0,11.0,7.0,181.0,0.0,3.0,27.0,94.0,2.0,75.0,3.57435897435897,0.0,1.0,0.0,0.545454545454545,0.0,4.0,9.0,0.8778625391626701,0.12213746083732974
599,12,1.0,2.0,1.0,0.0,0.0,8.0,1.0,1598.0,1.0,11.0,58.0,181.0,0.0,3.0,27.0,94.0,2.0,0.0,3.57435897435897,0.0,1.0,0.0,0.545454545454545,0.0,4.0,9.0,0.8787140414486893,0.12128595855131068
599,13,1.0,2.0,1.0,0.0,0.0,8.0,1.0,1598.0,58.0,11.0,7.0,181.0,0.0,3.0,27.0,94.0,1.0,0.0,3.57435897435897,0.0,1.0,0.0,0.545454545454545,0.0,4.0,9.0,0.8788322897371875,0.12116771026281253
599,14,1.0,33.0,1.0,0.0,0.0,8.0,1.0,1598.0,1.0,11.0,7.0,181.0,19.0,3.0,27.0,94.0,2.0,0.0,3.57435897435897,0.0,1.0,0.0,0.545454545454545,0.0,4.0,9.0,0.878832274190865,0.12116772580913487
599,15,1.0,2.0,1.0,0.0,0.0,8.0,1.0,1598.0,30.0,11.0,7.0,181.0,0.0,3.0,433.0,94.0,2.0,0.0,3.57435897435897,0.0,1.0,0.0,0.545454545454545,0.0,4.0,9.0,0.8788297190717982,0.1211702809282018
599,16,1.0,2.0,6.0,0.0,0.0,8.0,1.0,1598.0,1.0,11.0,7.0,181.0,0.0,3.0,27.0,94.0,2.0,0.0,3.57435897435897,0.0,1.0,0.0,0.545454545454545,0.0,4.0,10.0,0.878727946151398,0.12127205384860199
599,17,1.0,2.0,1.0,0.0,0.0,8.0,1.0,1598.0,1.0,11.0,7.0,181.0,0.0,3.0,27.0,94.0,3.0,308.0,3.57435897435897,0.0,1.0,0.0,0.545454545454545,0.0,4.0,9.0,0.8788322897371875,0.12116771026281253
599,18,1.0,2.0,1.0,0.0,0.0,8.0,1.0,1598.0,1.0,11.0,7.0,181.0,0.0,3.0,1382.0,32.0,2.0,0.0,3.57435897435897,0.0,1.0,0.0,0.545454545454545,0.0,4.0,9.0,0.8788322897371875,0.12116771026281253
599,19,1.0,2.0,1.0,0.0,36.0,8.0,1.0,1598.0,1.0,11.0,7.0,180.0,0.0,3.0,27.0,94.0,2.0,0.0,3.57435897435897,0.0,1.0,0.0,0.545454545454545,0.0,4.0,9.0,0.8787551682558643,0.12124483174413583
599,20,1.0,2.0,1.0,0.0,0.0,8.0,1.0,1598.0,1.0,11.0,7.0,181.0,0.0,3.0,1894.0,94.0,2.0,0.0,15.4,0.0,1.0,0.0,0.545454545454545,0.0,4.0,9.0,0.8788322897371875,0.12116771026281253
599,21,1.0,2.0,1.0,0.0,0.0,8.0,1.0,1598.0,1.0,11.0,7.0,181.0,0.0,3.0,27.0,57.0,2.0,0.0,15.7,0.0,1.0,0.0,0.545454545454545,0.0,4.0,9.0,0.8651312607821815,0.13486873921781858
599,22,11.0,2.0,1.0,0.0,0.0,8.0,1.0,1598.0,1.0,11.0,7.0,181.0,0.0,3.0,27.0,94.0,2.0,0.0,3.57435897435897,15.0,1.0,0.0,0.545454545454545,0.0,4.0,9.0,0.8779764942769311,0.12202350572306878
599,23,12.0,2.0,1.0,0.0,0.0,8.0,18.0,1598.0,1.0,11.0,7.0,181.0,0.0,3.0,27.0,94.0,2.0,0.0,3.57435897435897,0.0,1.0,0.0,0.545454545454545,0.0,4.0,9.0,0.8788322894291631,0.12116771057083671
599,24,1.0,2.0,1.0,0.0,0.0,8.0,1.0,1598.0,61.0,7.0,7.0,181.0,0.0,3.0,27.0,94.0,2.0,0.0,3.57435897435897,0.0,1.0,0.0,0.545454545454545,0.0,4.0,9.0,0.8788322897371875,0.12116771026281253
599,25,1.0,2.0,1.0,19.0,0.0,8.0,1.0,1598.0,1.0,11.0,7.0,181.0,0.0,3.0,949.0,94.0,2.0,0.0,3.57435897435897,0.0,1.0,0.0,0.545454545454545,0.0,4.0,9.0,0.8788322896687685,0.1211677103312314
599,26,1.0,35.0,1.0,0.0,0.0,8.0,1.0,1598.0,1.0,11.0,7.0,181.0,0.0,3.0,27.0,94.0,2.0,0.0,20.5,0.0,1.0,0.0,0.545454545454545,0.0,4.0,9.0,0.8787514709431465,0.12124852905685315
599,27,1.0,2.0,1.0,0.0,0.0,8.0,5.0,1598.0,1.0,11.0,37.0,181.0,0.0,3.0,27.0,94.0,2.0,0.0,3.57435897435897,0.0,1.0,0.0,0.545454545454545,0.0,4.0,9.0,0.863892267844235,0.13610773215576513
599,28,1.0,2.0,1.0,0.0,0.0,8.0,1.0,1598.0,1.0,11.0,7.0,181.0,0.0,3.0,27.0,94.0,2.0,0.0,3.57435897435897,25.0,1.0,0.0,0.545454545454545,0.0,4.0,5.0,0.8786635506282999,0.12133644937169988
599,29,1.0,97.0,1.0,0.0,0.0,8.0,1.0,1598.0,1.0,11.0,7.0,181.0,0.0,3.0,27.0,94.0,2.0,0.0,7.7,0.0,1.0,0.0,0.545454545454545,0.0,4.0,9.0,0.8788322897371875,0.12116771026281253
599,30,1.0,2.0,1.0,0.0,0.0,8.0,1.0,1598.0,1.0,11.0,7.0,181.0,0.0,3.0,27.0,94.0,2.0,0.0,3.57435897435897,0.0,40.0,0.0,1.1,0.0,4.0,9.0,0.8788322761085688,0.12116772389143089
599,31,1.0,2.0,1.0,0.0,0.0,8.0,5.0,1598.0,1.0,11.0,7.0,181.0,10.0,3.0,27.0,94.0,2.0,0.0,3.57435897435897,0.0,1.0,0.0,0.545454545454545,0.0,4.0,9.0,0.8655715474094045,0.13442845259059524
599,32,1.0,2.0,1.0,0.0,45.0,8.0,1.0,1598.0,1.0,11.0,7.0,181.0,0.0,3.0,27.0,94.0,2.0,0.0,3.57435897435897,0.0,1.0,0.0,0.545454545454545,0.0,4.0,9.0,0.8788318495488889,0.12116815045111104
599,33,1.0,2.0,1.0,0.0,0.0,8.0,19.0,1598.0,1.0,11.0,7.0,181.0,0.0,3.0,27.0,94.0,2.0,0.0,3.57435897435897,0.0,1.0,0.0,0.7,0.0,4.0,9.0,0.8788322855362084,0.12116771446379156
599,34,1.0,2.0,1.0,0.0,26.0,8.0,1.0,1598.0,1.0,11.0,7.0,181.0,0.0,3.0,27.0,94.0,2.0,0.0,3.57435897435897,13.0,1.0,0.0,0.545454545454545,0.0,4.0,9.0,0.8781338423113967,0.12186615768860352
599,35,1.0,107.0,1.0,0.0,0.0,12.0,1.0,1598.0,1.0,11.0,7.0,181.0,0.0,3.0,27.0,94.0,2.0,0.0,3.57435897435897,0.0,1.0,0.0,0.545454545454545,0.0,4.0,9.0,0.8788322897371875,0.12116771026281253
599,36,1.0,2.0,1.0,0.0,0.0,8.0,1.0,636.0,1.0,11.0,7.0,181.0,0.0,3.0,27.0,94.0,2.0,0.0,15.6,0.0,1.0,0.0,0.545454545454545,0.0,4.0,9.0,0.8788322888521336,0.1211677111478666
599,37,1.0,2.0,1.0,0.0,0.0,8.0,1.0,1598.0,1.0,11.0,7.0,48.0,0.0,3.0,27.0,94.0,6.0,0.0,3.57435897435897,0.0,1.0,0.0,0.545454545454545,0.0,4.0,9.0,0.8787714004300297,0.12122859956997037
599,38,1.0,2.0,1.0,0.0,0.0,8.0,1.0,1598.0,1.0,11.0,7.0,181.0,0.0,3.0,27.0,94.0,2.0,0.0,18.9,0.0,1.0,0.0,0.8,0.0,4.0,9.0,0.6387351995281277,0.3612648004718723
599,39,1.0,2.0,1.0,0.0,0.0,8.0,1.0,143.0,1.0,11.0,7.0,181.0,7.0,3.0,27.0,94.0,2.0,0.0,3.57435897435897,0.0,1.0,0.0,0.545454545454545,0.0,4.0,9.0,0.8788252635626694,0.12117473643733041
599,40,1.0,2.0,1.0,0.0,0.0,8.0,1.0,1598.0,19.0,11.0,7.0,181.0,0.0,3.0,27.0,94.0,2.0,27.0,3.57435897435897,0.0,1.0,0.0,0.545454545454545,0.0,4.0,9.0,0.8711958598592586,0.12880414014074137
599,41,1.0,2.0,1.0,0.0,0.0,8.0,1.0,1598.0,1.0,11.0,28.0,181.0,0.0,3.0,27.0,94.0,2.0,0.0,7.3,0.0,1.0,0.0,0.545454545454545,0.0,4.0,9.0,0.6272137101115355,0.3727862898884644
599,42,1.0,2.0,1.0,0.0,0.0,8.0,1.0,687.0,1.0,11.0,7.0,181.0,0.0,3.0,430.0,94.0,2.0,0.0,3.57435897435897,0.0,1.0,0.0,0.545454545454545,0.0,4.0,9.0,0.8788322897174494,0.12116771028255084
599,43,1.0,2.0,1.0,0.0,0.0,8.0,1.0,1322.0,1.0,11.0,7.0,181.0,0.0,3.0,27.0,94.0,2.0,0.0,3.57435897435897,0.0,1.0,0.0,0.545454545454545,0.0,4.0,9.0,0.801099495468268,0.19890050453173208
599,44,1.0,2.0,1.0,0.0,0.0,8.0,1.0,1598.0,1.0,11.0,7.0,181.0,0.0,3.0,2224.0,94.0,2.0,0.0,3.57435897435897,0.0,1.0,0.0,0.545454545454545,0.0,4.0,9.0,0.8788322897371875,0.12116771026281253
599,45,1.0,32.0,1.0,0.0,0.0,8.0,1.0,1598.0,1.0,11.0,7.0,181.0,0.0,3.0,27.0,94.0,2.0,0.0,3.57435897435897,0.0,1.0,0.0,0.3,0.0,4.0,9.0,0.8768569380000779,0.12314306199992227
599,46,1.0,2.0,1.0,11.0,0.0,8.0,1.0,1598.0,1.0,11.0,7.0,181.0,0.0,3.0,27.0,94.0,2.0,0.0,3.57435897435897,0.0,1.0,0.0,0.545454545454545,0.0,4.0,9.0,0.8281106427451052,0.1718893572548949
599,47,1.0,2.0,1.0,0.0,0.0,8.0,20.0,1598.0,1.0,11.0,7.0,181.0,0.0,3.0,27.0,94.0,2.0,0.0,3.57435897435897,0.0,1.0,0.0,0.545454545454545,0.0,7.0,9.0,0.8788322894540168,0.12116771054598303
599,48,1.0,2.0,1.0,0.0,0.0,8.0,1.0,1598.0,1.0,29.0,7.0,181.0,0.0,3.0,27.0,94.0,2.0,0.0,3.57435897435897,0.0,1.0,0.0,0.545454545454545,0.0,4.0,9.0,0.8625365333373347,0.1374634666626652
599,49,1.0,2.0,1.0,0.0,23.0,8.0,1.0,1598.0,1.0,11.0,7.0,181.0,0.0,3.0,27.0,94.0,2.0,0.0,3.57435897435897,0.0,1.0,2.0,0.545454545454545,0.0,4.0,9.0,0.8785871198649149,0.12141288013508539
599,50,1.0,2.0,1.0,0.0,0.0,8.0,1.0,1598.0,28.0,11.0,7.0,181.0,0.0,3.0,27.0,94.0,2.0,0.0,3.57435897435897,0.0,1.0,0.0,0.545454545454545,0.0,4.0,9.0,0.8786717140538679,0.12132828594613186
599,51,1.0,2.0,1.0,0.0,0.0,8.0,1.0,1598.0,1.0,11.0,7.0,181.0,0.0,3.0,27.0,27.0,2.0,0.0,3.57435897435897,0.0,1.0,0.0,1.1,0.0,4.0,9.0,0.8788005771891881,0.12119942281081182
599,52,1.0,2.0,1.0,0.0,0.0,8.0,1.0,1598.0,64.0,11.0,7.0,181.0,0.0,3.0,27.0,94.0,2.0,0.0,3.57435897435897,0.0,1.0,0.0,0.545454545454545,0.0,4.0,1.0,0.8788322897371875,0.12116771026281253
599,53,1.0,2.0,1.0,0.0,0.0,8.0,1.0,1598.0,1.0,11.0,46.0,181.0,0.0,3.0,27.0,94.0,2.0,0.0,3.57435897435897,0.0,1.0,0.0,0.545454545454545,0.0,4.0,9.0,0.8742745333236371,0.12572546667636308
599,54,1.0,4.0,1.0,0.0,0.0,8.0,1.0,1598.0,1.0,11.0,7.0,181.0,0.0,3.0,27.0,94.0,2.0,0.0,18.1,0.0,1.0,0.0,0.545454545454545,0.0,4.0,9.0,0.5852244594509151,0.4147755405490849
599,55,1.0,2.0,1.0,0.0,0.0,8.0,1.0,1598.0,1.0,11.0,7.0,181.0,0.0,3.0,27.0,94.0,5.0,0.0,12.9,0.0,1.0,0.0,0.545454545454545,0.0,4.0,9.0,0.5777554450168116,0.42224455498318825
599,56,1.0,2.0,1.0,0.0,0.0,8.0,12.0,1598.0,1.0,11.0,7.0,181.0,0.0,3.0,27.0,94.0,2.0,0.0,3.57435897435897,0.0,1.0,0.0,0.545454545454545,0.0,4.0,9.0,0.8782069999855703,0.12179300001442962
599,57,1.0,2.0,1.0,0.0,0.0,8.0,10.0,1598.0,1.0,11.0,7.0,181.0,0.0,3.0,27.0,94.0,2.0,0.0,3.57435897435897,0.0,1.0,0.0,0.545454545454545,4.0,4.0,9.0,0.8788322897371875,0.12116771026281253
599,58,1.0,39.0,1.0,0.0,0.0,8.0,1.0,811.0,1.0,11.0,7.0,181.0,0.0,3.0,27.0,94.0,2.0,0.0,3.57435897435897,0.0,1.0,0.0,0.545454545454545,0.0,4.0,9.0,0.8788322897370748,0.12116771026292524
599,59,1.0,2.0,1.0,0.0,0.0,8.0,1.0,1598.0,1.0,11.0,7.0,181.0,20.0,3.0,27.0,94.0,2.0,0.0,3.57435897435897,0.0,1.0,0.0,0.2,0.0,4.0,9.0,0.878829738975535,0.1211702610244651
599,60,1.0,2.0,1.0,27.0,0.0,8.0,1.0,1598.0,1.0,11.0,7.0,181.0,0.0,3.0,27.0,94.0,2.0,0.0,3.57435897435897,0.0,1.0,0.0,0.545454545454545,0.0,4.0,9.0,0.8788322631454579,0.12116773685454216
599,61,1.0,2.0,1.0,0.0,0.0,15.0,1.0,1598.0,1.0,11.0,7.0,181.0,0.0,3.0,27.0,94.0,2.0,0.0,3.57435897435897,0.0,1.0,0.0,0.545454545454545,0.0,4.0,2.0,0.7160726587791755,0.2839273412208246
599,62,1.0,2.0,1.0,0.0,0.0,8.0,1.0,1598.0,1.0,11.0,15.0,181.0,0.0,3.0,27.0,94.0,2.0,0.0,18.9,0.0,1.0,0.0,0.545454545454545,0.0,4.0,9.0,0.6964855698347663,0.30351443016523383
599,63,1.0,2.0,1.0,0.0,0.0,8.0,1.0,1598.0,58.0,9.0,7.0,181.0,0.0,3.0,27.0,94.0,2.0,0.0,3.57435897435897,0.0,1.0,0.0,0.545454545454545,0.0,4.0,9.0,0.8788322897371875,0.12116771026281253
599,64,1.0,2.0,1.0,0.0,0.0,8.0,1.0,987.0,1.0,11.0,7.0,181.0,0.0,3.0,27.0,94.0,2.0,0.0,3.57435897435897,0.0,1.0,0.0,0.545454545454545,0.0,4.0,9.0,0.8788289531202291,0.12117104687977107
599,65,1.0,2.0,1.0,0.0,0.0,8.0,1.0,1598.0,35.0,1.0,7.0,181.0,0.0,3.0,27.0,94.0,2.0,0.0,3.57435897435897,0.0,1.0,0.0,0.545454545454545,0.0,4.0,9.0,0.8788319472271082,0.12116805277289194
599,66,1.0,2.0,1.0,0.0,0.0,8.0,1.0,1598.0,1.0,11.0,7.0,181.0,0.0,3.0,1434.0,94.0,2.0,0.0,3.57435897435897,0.0,1.0,0.0,0.545454545454545,0.0,4.0,9.0,0.8788322897371863,0.12116771026281378
599,67,1.0,2.0,1.0,0.0,0.0,8.0,1.0,1598.0,1.0,11.0,7.0,181.0,3.0,3.0,27.0,94.0,2.0,0.0,3.57435897435897,0.0,56.0,0.0,0.545454545454545,0.0,4.0,9.0,0.8788322897371872,0.12116771026281274
599,68,1.0,2.0,1.0,0.0,0.0,0.0,1.0,1598.0,1.0,11.0,7.0,181.0,0.0,3.0,27.0,94.0,2.0,0.0,3.57435897435897,0.0,1.0,0.0,0.545454545454545,5.0,4.0,9.0,0.8788322897371875,0.12116771026281253
599,69,1.0,2.0,1.0,0.0,0.0,8.0,1.0,1598.0,1.0,11.0,7.0,181.0,0.0,3.0,2042.0,94.0,2.0,0.0,3.57435897435897,0.0,1.0,0.0,0.545454545454545,0.0,4.0,9.0,0.8788322897371875,0.12116771026281253
599,70,1.0,2.0,1.0,0.0,0.0,8.0,1.0,1598.0,1.0,11.0,7.0,181.0,22.0,5.0,27.0,94.0,2.0,0.0,3.57435897435897,0.0,1.0,0.0,0.545454545454545,0.0,4.0,9.0,0.8788321145401844,0.12116788545981562
599,71,1.0,2.0,1.0,0.0,0.0,8.0,1.0,1598.0,1.0,11.0,7.0,181.0,0.0,3.0,27.0,94.0,2.0,116.0,3.57435897435897,0.0,1.0,0.0,0.545454545454545,0.0,4.0,9.0,0.8788321924194453,0.1211678075805544
599,72,1.0,2.0,1.0,0.0,0.0,8.0,1.0,1598.0,1.0,11.0,7.0,181.0,14.0,3.0,27.0,94.0,2.0,0.0,3.57435897435897,0.0,1.0,1.0,0.545454545454545,0.0,4.0,9.0,0.8782880954646132,0.12171190453538679
599,73,19.0,2.0,1.0,0.0,0.0,8.0,14.0,1598.0,1.0,11.0,7.0,181.0,0.0,3.0,27.0,94.0,2.0,0.0,3.57435897435897,0.0,1.0,0.0,0.545454545454545,0.0,4.0,9.0,0.878832289599236,0.1211677104007639
599,74,1.0,2.0,1.0,0.0,0.0,8.0,1.0,658.0,1.0,11.0,7.0,181.0,0.0,3.0,27.0,94.0,2.0,0.0,3.57435897435897,0.0,1.0,0.0,0.545454545454545,0.0,4.0,9.0,0.8788322884530764,0.12116771154692356
599,75,1.0,2.0,1.0,0.0,0.0,8.0,1.0,1598.0,1.0,11.0,89.0,181.0,0.0,3.0,27.0,56.0,2.0,0.0,3.57435897435897,0.0,1.0,0.0,0.545454545454545,0.0,4.0,9.0,0.8788322897327591,0.12116771026724092
599,76,1.0,2.0,1.0,0.0,0.0,8.0,1.0,1101.0,1.0,11.0,7.0,181.0,0.0,3.0,27.0,94.0,2.0,0.0,3.57435897435897,0.0,1.0,4.0,0.545454545454545,0.0,4.0,9.0,0.8788322897291061,0.12116771027089401
599,77,1.0,2.0,1.0,0.0,0.0,18.0,1.0,1598.0,1.0,11.0,7.0,181.0,0.0,3.0,27.0,94.0,2.0,0.0,3.57435897435897,0.0,1.0,0.0,0.545454545454545,4.0,4.0,9.0,0.8788322897371875,0.12116771026281253
599,78,1.0,2.0,1.0,0.0,0.0,8.0,1.0,1598.0,29.0,12.0,7.0,181.0,0.0,3.0,27.0,94.0,2.0,0.0,3.57435897435897,0.0,1.0,0.0,0.545454545454545,0.0,4.0,9.0,0.8787484534956383,0.12125154650436172
599,79,1.0,93.0,1.0,0.0,0.0,8.0,1.0,1598.0,1.0,11.0,7.0,181.0,0.0,3.0,27.0,94.0,2.0,0.0,3.57435897435897,0.0,1.0,0.0,0.5,0.0,4.0,9.0,0.8788322897371875,0.12116771026281253
599,80,1.0,2.0,1.0,0.0,0.0,8.0,1.0,1598.0,1.0,11.0,7.0,127.0,0.0,3.0,27.0,94.0,2.0,0.0,8.8,0.0,1.0,0.0,0.545454545454545,0.0,4.0,9.0,0.5955245146673674,0.40447548533263256
599,81,1.0,2.0,1.0,0.0,0.0,8.0,1.0,1598.0,1.0,11.0,7.0,21.0,0.0,3.0,27.0,94.0,2.0,128.0,3.57435897435897,0.0,1.0,0.0,0.545454545454545,0.0,4.0,9.0,0.8788322897371543,0.12116771026284562
599,82,19.0,2.0,1.0,0.0,0.0,8.0,2.0,1598.0,1.0,11.0,7.0,181.0,0.0,3.0,27.0,94.0,2.0,0.0,3.57435897435897,0.0,1.0,0.0,0.545454545454545,0.0,4.0,9.0,0.8788296765338522,0.12117032346614785
599,83,1.0,2.0,1.0,0.0,0.0,8.0,1.0,1223.0,1.0,11.0,7.0,181.0,0.0,3.0,27.0,94.0,2.0,0.0,3.57435897435897,0.0,1.0,0.0,0.545454545454545,0.0,4.0,9.0,0.8711813528811599,0.12881864711884014
599,84,1.0,2.0,1.0,0.0,0.0,8.0,1.0,1598.0,37.0,11.0,7.0,181.0,0.0,3.0,27.0,94.0,2.0,0.0,3.57435897435897,0.0,56.0,0.0,0.545454545454545,0.0,4.0,9.0,0.8788322897371875,0.12116771026281253
599,85,1.0,2.0,2.0,0.0,0.0,8.0,1.0,1598.0,1.0,11.0,7.0,181.0,0.0,3.0,27.0,94.0,2.0,94.0,3.57435897435897,0.0,1.0,0.0,0.545454545454545,0.0,4.0,9.0,0.8788164170680348,0.12118358293196527
599,86,1.0,2.0,1.0,0.0,0.0,8.0,1.0,1598.0,1.0,11.0,7.0,181.0,18.0,3.0,27.0,94.0,2.0,0.0,3.57435897435897,0.0,1.0,0.0,0.545454545454545,3.0,4.0,9.0,0.8788322897371875,0.12116771026281253
599,87,1.0,2.0,1.0,0.0,0.0,8.0,1.0,1598.0,1.0,11.0,7.0,181.0,4.0,3.0,27.0,94.0,2.0,120.0,3.57435897435897,0.0,1.0,0.0,0.545454545454545,0.0,4.0,9.0,0.8788322703945967,0.12116772960540331
599,88,1.0,2.0,1.0,0.0,0.0,8.0,1.0,1186.0,1.0,11.0,7.0,181.0,0.0,3.0,27.0,94.0,2.0,0.0,3.57435897435897,0.0,1.0,0.0,0.545454545454545,0.0,4.0,9.0,0.8759602513830713,0.12403974861692876
599,89,1.0,2.0,1.0,0.0,0.0,8.0,1.0,1598.0,1.0,11.0,7.0,181.0,0.0,3.0,27.0,94.0,2.0,0.0,3.57435897435897,0.0,1.0,3.0,0.545454545454545,0.0,3.0,9.0,0.8787857301906448,0.12121426980935508
599,90,1.0,2.0,1.0,0.0,0.0,8.0,1.0,1598.0,1.0,11.0,7.0,181.0,0.0,3.0,27.0,94.0,2.0,0.0,3.57435897435897,16.0,1.0,0.0,0.545454545454545,5.0,4.0,9.0,0.8788322897371875,0.12116771026281253
599,91,1.0,2.0,1.0,0.0,0.0,8.0,1.0,313.0,1.0,11.0,7.0,181.0,0.0,3.0,27.0,94.0,2.0,0.0,3.57435897435897,0.0,1.0,0.0,0.545454545454545,0.0,7.0,9.0,0.8788300843945734,0.12116991560542666
599,92,1.0,2.0,1.0,0.0,0.0,8.0,1.0,1598.0,1.0,11.0,7.0,181.0,0.0,3.0,27.0,94.0,2.0,354.0,3.57435897435897,0.0,1.0,0.0,0.9,0.0,4.0,9.0,0.8788322897371875,0.12116771026281253
599,93,1.0,2.0,1.0,0.0,0.0,8.0,1.0,1598.0,19.0,11.0,7.0,181.0,0.0,3.0,27.0,94.0,2.0,0.0,3.57435897435897,0.0,62.0,0.0,0.545454545454545,0.0,4.0,9.0,0.8788322897371875,0.12116771026281253
599,94,1.0,2.0,1.0,0.0,0.0,8.0,1.0,1598.0,1.0,11.0,7.0,217.0,19.0,3.0,27.0,94.0,2.0,0.0,3.57435897435897,0.0,1.0,0.0,0.545454545454545,0.0,4.0,9.0,0.8788273350176428,0.12117266498235735
599,95,1.0,2.0,1.0,0.0,0.0,8.0,1.0,1598.0,54.0,11.0,7.0,181.0,0.0,3.0,27.0,94.0,2.0,0.0,3.57435897435897,0.0,1.0,0.0,0.545454545454545,3.0,4.0,9.0,0.8788322897371875,0.12116771026281253
599,96,1.0,2.0,1.0,0.0,0.0,24.0,1.0,1598.0,1.0,11.0,7.0,181.0,0.0,3.0,27.0,94.0,2.0,0.0,3.57435897435897,0.0,1.0,0.0,0.5,0.0,4.0,9.0,0.8461648683420115,0.15383513165798837
599,97,1.0,2.0,1.0,0.0,0.0,2.0,1.0,1598.0,1.0,11.0,7.0,181.0,0.0,3.0,1908.0,94.0,2.0,0.0,3.57435897435897,0.0,1.0,0.0,0.545454545454545,0.0,4.0,9.0,0.8788322897371875,0.12116771026281253
599,98,1.0,2.0,1.0,0.0,0.0,8.0,1.0,1598.0,1.0,11.0,7.0,181.0,0.0,3.0,27.0,94.0,2.0,0.0,22.0,0.0,1.0,4.0,0.545454545454545,0.0,4.0,9.0,0.8788322869981996,0.12116771300180051
599,99,1.0,2.0,1.0,0.0,0.0,8.0,1.0,1598.0,1.0,11.0,12.0,181.0,0.0,3.0,27.0,94.0,2.0,344.0,3.57435897435897,0.0,1.0,0.0,0.545454545454545,0.0,4.0,9.0,0.8788322897371875,0.12116771026281253
601,0,1.0,0.0,1.0,0.0,0.0,1.0,1.0,104.0,2.0,0.0,13.0,52.0,0.0,5.0,2484.0,10.0,2.0,0.0,1.88679245283019,1.0,1.0,0.0,0.8,0.0,3.0,5.0,0.8788574627848635,0.12114253721513621
601,1,1.0,0.0,1.0,0.0,0.0,1.0,1.0,104.0,2.0,0.0,13.0,52.0,0.0,5.0,0.0,10.0,2.0,0.0,24.7,1.0,1.0,0.0,0.8,0.0,3.0,6.0,0.8546035511741891,0.14539644882581101
601,2,1.0,0.0,1.0,0.0,0.0,1.0,1.0,104.0,2.0,16.0,13.0,52.0,0.0,5.0,36.0,10.0,2.0,0.0,1.88679245283019,1.0,1.0,0.0,0.8,0.0,3.0,5.0,0.9034877203995874,0.09651227960041277
601,3,11.0,0.0,3.0,0.0,0.0,1.0,1.0,104.0,2.0,0.0,13.0,52.0,0.0,5.0,0.0,10.0,2.0,0.0,1.88679245283019,1.0,1.0,0.0,0.8,0.0,3.0,5.0,0.8890141568680604,0.11098584313193956
601,4,8.0,0.0,1.0,0.0,0.0,1.0,1.0,104.0,2.0,0.0,13.0,52.0,0.0,5.0,0.0,10.0,2.0,0.0,17.9,1.0,1.0,0.0,0.8,0.0,3.0,5.0,0.8723299445053688,0.12767005549463123
601,5,1.0,0.0,5.0,0.0,0.0,1.0,1.0,104.0,2.0,0.0,13.0,52.0,0.0,5.0,1705.0,10.0,2.0,0.0,1.88679245283019,1.0,1.0,0.0,0.8,0.0,3.0,5.0,0.8788322900242059,0.12116770997579386
601,6,1.0,0.0,1.0,0.0,0.0,1.0,1.0,87.0,2.0,0.0,13.0,149.0,0.0,5.0,0.0,10.0,2.0,0.0,1.88679245283019,1.0,1.0,0.0,0.8,0.0,3.0,5.0,0.6124781765762638,0.3875218234237363
601,7,1.0,0.0,1.0,0.0,0.0,1.0,1.0,104.0,2.0,0.0,13.0,52.0,0.0,5.0,0.0,10.0,2.0,106.0,1.88679245283019,1.0,1.0,0.0,0.8,0.0,3.0,5.0,0.8807794846749524,0.1192205153250476
601,8,1.0,0.0,1.0,0.0,0.0,17.0,1.0,104.0,2.0,0.0,13.0,52.0,0.0,5.0,0.0,10.0,2.0,0.0,1.88679245283019,8.0,1.0,0.0,0.8,0.0,3.0,5.0,0.8677214534367517,0.13227854656324822
601,9,1.0,0.0,1.0,0.0,65.0,1.0,1.0,104.0,3.0,0.0,13.0,52.0,0.0,5.0,0.0,10.0,2.0,0.0,1.88679245283019,1.0,1.0,0.0,0.8,0.0,3.0,5.0,0.8376625123369528,0.16233748766304726
601,10,1.0,0.0,1.0,0.0,0.0,1.0,1.0,104.0,2.0,17.0,13.0,52.0,0.0,5.0,0.0,10.0,2.0,133.0,1.88679245283019,1.0,1.0,0.0,0.8,0.0,3.0,5.0,0.8789641451001171,0.1210358548998829
601,11,1.0,0.0,1.0,0.0,0.0,1.0,1.0,1224.0,2.0,0.0,13.0,52.0,0.0,5.0,0.0,10.0,2.0,0.0,1.88679245283019,1.0,1.0,0.0,0.8,0.0,3.0,5.0,0.87883228974234,0.12116771025765995
601,12,1.0,0.0,1.0,0.0,0.0,1.0,1.0,104.0,2.0,0.0,13.0,52.0,0.0,5.0,0.0,27.0,2.0,0.0,1.88679245283019,12.0,1.0,0.0,0.8,0.0,3.0,5.0,0.594573348107256,0.40542665189274396
601,13,1.0,0.0,1.0,0.0,23.0,1.0,1.0,104.0,2.0,0.0,13.0,52.0,0.0,5.0,0.0,10.0,2.0,0.0,1.88679245283019,1.0,1.0,0.0,0.7,0.0,3.0,5.0,0.8214136041875026,0.17858639581249738
601,14,1.0,0.0,1.0,0.0,0.0,1.0,1.0,310.0,2.0,0.0,13.0,52.0,0.0,5.0,0.0,10.0,2.0,0.0,1.88679245283019,1.0,1.0,0.0,0.8,0.0,3.0,5.0,0.6456847863394986,0.3543152136605014
601,15,1.0,0.0,1.0,0.0,71.0,1.0,1.0,104.0,25.0,0.0,13.0,52.0,0.0,5.0,0.0,10.0,2.0,0.0,1.88679245283019,1.0,1.0,0.0,0.8,0.0,3.0,5.0,0.8787977897764527,0.12120221022354725
601,16,1.0,0.0,1.0,0.0,0.0,1.0,1.0,663.0,2.0,0.0,13.0,52.0,0.0,5.0,0.0,10.0,2.0,0.0,1.88679245283019,1.0,1.0,0.0,0.8,3.0,3.0,5.0,0.8788322914262101,0.12116770857378988
601,17,1.0,0.0,1.0,0.0,0.0,1.0,7.0,104.0,2.0,0.0,13.0,52.0,0.0,5.0,0.0,10.0,2.0,0.0,1.88679245283019,1.0,1.0,0.0,0.8,0.0,2.0,5.0,0.8140055110600568,0.1859944889399433
601,18,1.0,0.0,7.0,0.0,0.0,1.0,1.0,104.0,2.0,0.0,13.0,52.0,0.0,5.0,0.0,10.0,2.0,0.0,15.1,1.0,1.0,0.0,0.8,0.0,3.0,5.0,0.8797317502993083,0.12026824970069178
601,19,1.0,0.0,1.0,0.0,0.0,1.0,1.0,104.0,2.0,0.0,13.0,216.0,0.0,5.0,0.0,10.0,2.0,0.0,1.88679245283019,1.0,1.0,0.0,0.8,0.0,3.0,5.0,0.8665169606310852,0.13348303936891476
601,20,1.0,0.0,4.0,0.0,0.0,1.0,1.0,104.0,2.0,0.0,13.0,52.0,0.0,5.0,0.0,10.0,2.0,0.0,1.88679245283019,1.0,1.0,0.0,0.4,0.0,3.0,5.0,0.8297222610879745,0.17027773891202536
601,21,1.0,0.0,1.0,0.0,0.0,1.0,1.0,563.0,2.0,0.0,13.0,52.0,0.0,5.0,0.0,10.0,2.0,0.0,1.88679245283019,1.0,1.0,0.0,0.8,0.0,3.0,5.0,0.8920675981761819,0.10793240182381819
601,22,1.0,0.0,1.0,0.0,0.0,1.0,1.0,104.0,2.0,0.0,13.0,5.0,0.0,5.0,0.0,10.0,2.0,0.0,1.88679245283019,1.0,1.0,0.0,0.8,0.0,3.0,5.0,0.6055919255683638,0.39440807443163606
601,23,2.0,0.0,1.0,0.0,0.0,1.0,1.0,104.0,2.0,0.0,13.0,52.0,0.0,5.0,0.0,10.0,2.0,0.0,1.88679245283019,19.0,1.0,0.0,0.8,0.0,3.0,5.0,0.862885645243618,0.13711435475638203
601,24,1.0,0.0,1.0,0.0,0.0,10.0,1.0,104.0,2.0,0.0,13.0,52.0,0.0,5.0,3124.0,10.0,2.0,0.0,1.88679245283019,1.0,1.0,0.0,0.8,0.0,3.0,5.0,0.9031467254537984,0.0968532745462018
601,25,1.0,0.0,1.0,0.0,0.0,1.0,16.0,104.0,2.0,0.0,13.0,52.0,0.0,5.0,0.0,10.0,2.0,71.0,1.88679245283019,1.0,1.0,0.0,0.8,0.0,3.0,5.0,0.8788340937432281,0.12116590625677215
601,26,1.0,0.0,1.0,0.0,0.0,1.0,1.0,104.0,2.0,0.0,13.0,52.0,0.0,5.0,0.0,10.0,2.0,302.0,1.88679245283019,12.0,1.0,0.0,0.8,0.0,3.0,5.0,0.8788416984786719,0.12115830152132828
601,27,1.0,0.0,1.0,0.0,0.0,1.0,1.0,104.0,2.0,18.0,13.0,52.0,0.0,5.0,0.0,10.0,2.0,0.0,1.88679245283019,1.0,17.0,0.0,0.8,0.0,3.0,5.0,0.880171871792506,0.11982812820749371
601,28,1.0,0.0,1.0,0.0,0.0,1.0,1.0,104.0,13.0,0.0,13.0,52.0,21.0,5.0,0.0,10.0,2.0,0.0,1.88679245283019,1.0,1.0,0.0,0.8,0.0,3.0,5.0,0.8789256440068122,0.12107435599318761
601,29,1.0,0.0,1.0,0.0,54.0,1.0,1.0,104.0,2.0,0.0,13.0,52.0,0.0,5.0,0.0,31.0,2.0,0.0,1.88679245283019,1.0,1.0,0.0,0.8,0.0,3.0,5.0,0.8514237781608484,0.14857622183915178
601,30,1.0,0.0,8.0,0.0,0.0,1.0,1.0,104.0,68.0,0.0,13.0,52.0,0.0,5.0,0.0,10.0,2.0,0.0,1.88679245283019,1.0,1.0,0.0,0.8,0.0,3.0,5.0,0.8788322897371875,0.12116771026281253
601,31,1.0,0.0,1.0,0.0,0.0,1.0,1.0,104.0,2.0,0.0,13.0,52.0,0.0,5.0,0.0,22.0,2.0,118.0,1.88679245283019,1.0,1.0,0.0,0.8,0.0,3.0,5.0,0.8799196607285742,0.12008033927142578
601,32,1.0,0.0,1.0,0.0,0.0,1.0,1.0,104.0,2.0,0.0,13.0,52.0,0.0,5.0,0.0,10.0,6.0,341.0,1.88679245283019,1.0,1.0,0.0,0.8,0.0,3.0,5.0,0.8789156927491145,0.12108430725088556
601,33,1.0,0.0,8.0,0.0,0.0,1.0,6.0,104.0,2.0,0.0,13.0,52.0,0.0,5.0,0.0,10.0,2.0,0.0,1.88679245283019,1.0,1.0,0.0,0.8,0.0,3.0,5.0,0.8837841082060505,0.11621589179394942
601,34,1.0,0.0,1.0,0.0,0.0,1.0,1.0,1322.0,2.0,0.0,13.0,52.0,0.0,5.0,0.0,10.0,2.0,0.0,1.88679245283019,1.0,1.0,0.0,0.8,0.0,3.0,5.0,0.8788322897368365,0.1211677102631636
601,35,18.0,0.0,1.0,0.0,0.0,1.0,1.0,104.0,2.0,0.0,13.0,52.0,23.0,5.0,0.0,10.0,2.0,0.0,1.88679245283019,1.0,1.0,0.0,0.8,0.0,3.0,5.0,0.8788323093280265,0.12116769067197335
601,36,1.0,0.0,1.0,0.0,0.0,1.0,18.0,104.0,2.0,0.0,13.0,52.0,0.0,5.0,0.0,10.0,2.0,108.0,1.88679245283019,1.0,1.0,0.0,0.8,0.0,3.0,5.0,0.8788322915251918,0.12116770847480815
601,37,1.0,0.0,1.0,0.0,50.0,1.0,1.0,104.0,2.0,0.0,13.0,21.0,0.0,5.0,0.0,10.0,2.0,0.0,1.88679245283019,1.0,1.0,0.0,0.8,0.0,3.0,5.0,0.6678363797437794,0.33216362025622065
601,38,13.0,0.0,1.0,0.0,0.0,1.0,1.0,104.0,2.0,0.0,13.0,52.0,0.0,5.0,0.0,10.0,2.0,0.0,1.88679245283019,1.0,1.0,0.0,0.8,0.0,3.0,5.0,0.9127580912070191,0.08724190879298079
601,39,1.0,0.0,1.0,0.0,0.0,1.0,1.0,104.0,2.0,0.0,86.0,52.0,0.0,5.0,0.0,10.0,2.0,0.0,1.88679245283019,1.0,1.0,0.0,0.6,0.0,3.0,5.0,0.8785430856276819,0.12145691437231816
601,40,1.0,0.0,1.0,0.0,36.0,1.0,1.0,1378.0,2.0,0.0,13.0,52.0,0.0,5.0,0.0,10.0,2.0,0.0,1.88679245283019,1.0,1.0,0.0,0.8,0.0,3.0,5.0,0.8788322897371872,0.12116771026281274
601,41,1.0,0.0,1.0,0.0,0.0,1.0,1.0,104.0,2.0,0.0,13.0,52.0,0.0,5.0,1444.0,10.0,1.0,0.0,1.88679245283019,1.0,1.0,0.0,0.8,0.0,3.0,5.0,0.8788328834808364,0.12116711651916375
601,42,1.0,0.0,1.0,0.0,0.0,1.0,1.0,104.0,2.0,0.0,13.0,52.0,0.0,5.0,0.0,10.0,2.0,114.0,1.88679245283019,1.0,1.0,0.0,0.8,0.0,3.0,5.0,0.8810163759129778,0.11898362408702211
601,43,1.0,0.0,1.0,0.0,0.0,1.0,1.0,104.0,2.0,0.0,92.0,52.0,0.0,5.0,0.0,10.0,2.0,0.0,1.88679245283019,1.0,1.0,2.0,0.8,0.0,3.0,5.0,0.8788309596102525,0.12116904038974752
601,44,1.0,0.0,1.0,0.0,0.0,1.0,7.0,104.0,2.0,0.0,13.0,52.0,0.0,5.0,0.0,10.0,2.0,0.0,1.88679245283019,1.0,1.0,0.0,0.8,5.0,3.0,5.0,0.8788322897371875,0.12116771026281253
601,45,4.0,0.0,1.0,0.0,0.0,1.0,1.0,104.0,2.0,14.0,13.0,52.0,0.0,5.0,0.0,10.0,2.0,0.0,1.88679245283019,1.0,1.0,0.0,0.8,0.0,3.0,5.0,0.6350257108227658,0.3649742891772343
601,46,1.0,0.0,1.0,0.0,0.0,1.0,1.0,104.0,2.0,0.0,13.0,162.0,0.0,5.0,0.0,10.0,2.0,0.0,1.88679245283019,1.0,77.0,0.0,0.8,0.0,3.0,5.0,0.8788322897371875,0.12116771026281253
601,47,1.0,21.0,6.0,0.0,0.0,1.0,1.0,104.0,2.0,0.0,13.0,52.0,0.0,5.0,0.0,10.0,2.0,0.0,1.88679245283019,1.0,1.0,0.0,0.8,0.0,3.0,5.0,0.879106839638833,0.1208931603611668
601,48,1.0,0.0,3.0,0.0,0.0,1.0,1.0,104.0,2.0,0.0,13.0,52.0,0.0,5.0,0.0,10.0,2.0,0.0,1.88679245283019,1.0,22.0,0.0,0.8,0.0,3.0,5.0,0.8770951266027768,0.12290487339722306
601,49,1.0,0.0,1.0,25.0,0.0,1.0,1.0,104.0,2.0,0.0,13.0,52.0,0.0,5.0,0.0,10.0,2.0,0.0,1.88679245283019,1.0,1.0,3.0,0.8,0.0,3.0,5.0,0.8788331734080858,0.12116682659191425
601,50,1.0,0.0,1.0,0.0,0.0,1.0,1.0,104.0,2.0,0.0,13.0,52.0,0.0,5.0,0.0,10.0,2.0,343.0,1.88679245283019,1.0,1.0,0.0,0.8,0.0,3.0,5.0,0.8806796325385277,0.11932036746147234
601,51,1.0,0.0,1.0,0.0,0.0,1.0,1.0,104.0,2.0,0.0,13.0,52.0,0.0,5.0,0.0,10.0,2.0,0.0,1.88679245283019,16.0,1.0,0.0,0.8,5.0,3.0,5.0,0.8788322897371875,0.12116771026281253
601,52,1.0,0.0,1.0,0.0,0.0,1.0,1.0,472.0,2.0,0.0,80.0,52.0,0.0,5.0,0.0,10.0,2.0,0.0,1.88679245283019,1.0,1.0,0.0,0.8,0.0,3.0,5.0,0.8787882531532583,0.12121174684674167
601,53,1.0,0.0,1.0,0.0,0.0,1.0,12.0,104.0,2.0,0.0,13.0,52.0,0.0,5.0,0.0,10.0,2.0,0.0,1.88679245283019,1.0,1.0,0.0,0.8,0.0,3.0,5.0,0.8803523676603509,0.11964763233964919
601,54,1.0,0.0,1.0,0.0,0.0,1.0,1.0,104.0,2.0,0.0,13.0,52.0,0.0,5.0,0.0,10.0,2.0,0.0,16.0,1.0,1.0,1.0,0.8,0.0,3.0,5.0,0.7734727305320606,0.2265272694679395
601,55,1.0,0.0,1.0,0.0,0.0,1.0,7.0,104.0,2.0,0.0,13.0,52.0,21.0,5.0,0.0,10.0,2.0,0.0,1.88679245283019,1.0,1.0,0.0,0.8,0.0,3.0,5.0,0.8801080470276728,0.11989195297232728
601,56,1.0,0.0,1.0,0.0,0.0,1.0,18.0,104.0,24.0,0.0,13.0,52.0,0.0,5.0,0.0,10.0,2.0,0.0,1.88679245283019,1.0,1.0,0.0,0.8,0.0,3.0,5.0,0.8788326369907876,0.12116736300921228
601,57,1.0,0.0,1.0,0.0,0.0,1.0,1.0,104.0,2.0,0.0,61.0,52.0,0.0,5.0,0.0,10.0,2.0,0.0,1.88679245283019,1.0,1.0,0.0,0.8,0.0,3.0,5.0,0.8788722894551996,0.12112771054480047
601,58,1.0,0.0,1.0,0.0,0.0,1.0,1.0,104.0,2.0,0.0,13.0,52.0,0.0,5.0,2766.0,10.0,2.0,0.0,1.88679245283019,1.0,24.0,0.0,0.8,0.0,3.0,5.0,0.8788397392807609,0.12116026071923917
601,59,1.0,0.0,1.0,0.0,0.0,1.0,1.0,104.0,2.0,0.0,13.0,52.0,0.0,5.0,0.0,36.0,2.0,0.0,1.88679245283019,1.0,1.0,0.0,0.8,0.0,3.0,9.0,0.6787718754396886,0.32122812456031147
601,60,1.0,26.0,1.0,6.0,0.0,1.0,1.0,104.0,2.0,0.0,13.0,52.0,0.0,5.0,0.0,10.0,2.0,0.0,1.88679245283019,1.0,1.0,0.0,0.8,0.0,3.0,5.0,0.8660640715061535,0.13393592849384625
601,61,1.0,0.0,1.0,0.0,0.0,1.0,1.0,1311.0,2.0,0.0,13.0,52.0,0.0,5.0,0.0,10.0,2.0,0.0,1.88679245283019,1.0,1.0,0.0,0.8,0.0,3.0,5.0,0.8788322897369203,0.12116771026307979
601,62,1.0,0.0,1.0,0.0,0.0,1.0,1.0,104.0,2.0,0.0,13.0,52.0,0.0,5.0,0.0,10.0,2.0,308.0,1.88679245283019,1.0,1.0,0.0,0.8,0.0,3.0,5.0,0.8789595592829179,0.1210404407170821
601,63,1.0,0.0,8.0,0.0,0.0,1.0,1.0,104.0,2.0,0.0,13.0,52.0,0.0,5.0,0.0,23.0,2.0,0.0,1.88679245283019,1.0,1.0,0.0,0.8,0.0,3.0,5.0,0.8792302093146982,0.12076979068530197
601,64,1.0,0.0,1.0,0.0,0.0,1.0,1.0,104.0,11.0,0.0,13.0,52.0,0.0,5.0,0.0,10.0,2.0,0.0,1.88679245283019,1.0,1.0,0.0,0.8,3.0,3.0,5.0,0.8789227023889536,0.12107729761104631
601,65,1.0,0.0,1.0,0.0,0.0,1.0,1.0,878.0,2.0,0.0,13.0,52.0,0.0,5.0,0.0,10.0,2.0,0.0,1.88679245283019,1.0,1.0,0.0,0.8,0.0,3.0,5.0,0.8788516403275854,0.12114835967241465
601,66,1.0,0.0,1.0,0.0,0.0,1.0,1.0,104.0,2.0,0.0,13.0,52.0,0.0,5.0,1829.0,10.0,2.0,0.0,1.88679245283019,1.0,1.0,3.0,0.8,0.0,3.0,5.0,0.8788322897380215,0.12116771026197855
601,67,12.0,0.0,1.0,0.0,54.0,1.0,1.0,104.0,2.0,0.0,13.0,52.0,0.0,5.0,0.0,10.0,2.0,0.0,1.88679245283019,1.0,1.0,0.0,0.8,0.0,3.0,5.0,0.8764311557981433,0.12356884420185685
601,68,1.0,0.0,5.0,0.0,0.0,1.0,1.0,104.0,2.0,0.0,13.0,52.0,0.0,5.0,0.0,10.0,2.0,0.0,1.88679245283019,1.0,32.0,0.0,0.8,0.0,3.0,5.0,0.878832440505464,0.12116755949453617
601,69,1.0,0.0,1.0,0.0,0.0,1.0,11.0,104.0,2.0,0.0,13.0,52.0,0.0,5.0,0.0,10.0,2.0,0.0,1.88679245283019,1.0,37.0,0.0,0.8,0.0,3.0,5.0,0.8788326072216822,0.12116739277831766
601,70,1.0,0.0,1.0,8.0,0.0,1.0,1.0,104.0,2.0,30.0,13.0,52.0,0.0,5.0,0.0,10.0,2.0,0.0,1.88679245283019,1.0,1.0,0.0,0.8,0.0,3.0,5.0,0.8922104014963528,0.107789598503647
601,71,1.0,0.0,1.0,0.0,0.0,1.0,11.0,104.0,2.0,0.0,13.0,52.0,0.0,5.0,0.0,10.0,1.0,0.0,1.88679245283019,1.0,1.0,0.0,0.8,0.0,3.0,5.0,0.879287006274219,0.120712993725781
601,72,1.0,0.0,1.0,0.0,0.0,1.0,1.0,104.0,2.0,0.0,13.0,52.0,0.0,5.0,470.0,10.0,2.0,0.0,1.88679245283019,1.0,1.0,0.0,0.8,0.0,3.0,4.0,0.8515026826880548,0.14849731731194502
601,73,1.0,0.0,1.0,0.0,0.0,1.0,1.0,104.0,2.0,0.0,13.0,52.0,0.0,5.0,0.0,10.0,2.0,0.0,18.5,1.0,1.0,0.0,0.8,0.0,3.0,5.0,0.6712585947955655,0.3287414052044345
601,74,1.0,32.0,1.0,0.0,0.0,1.0,1.0,104.0,2.0,0.0,13.0,52.0,0.0,5.0,0.0,10.0,2.0,0.0,1.88679245283019,14.0,1.0,0.0,0.8,0.0,3.0,5.0,0.8787030121548555,0.12129698784514444
601,75,1.0,0.0,1.0,0.0,0.0,1.0,1.0,104.0,2.0,0.0,13.0,0.0,0.0,2.0,0.0,10.0,2.0,0.0,1.88679245283019,1.0,1.0,0.0,0.8,0.0,3.0,5.0,0.8497018867189274,0.1502981132810727
601,76,1.0,0.0,1.0,0.0,0.0,1.0,1.0,104.0,41.0,0.0,36.0,52.0,0.0,5.0,0.0,10.0,2.0,0.0,1.88679245283019,1.0,1.0,0.0,0.8,0.0,3.0,5.0,0.8788584222579222,0.12114157774207786
601,77,1.0,0.0,1.0,32.0,0.0,1.0,1.0,104.0,2.0,0.0,13.0,52.0,0.0,5.0,0.0,10.0,2.0,0.0,1.88679245283019,1.0,1.0,0.0,0.8,0.0,4.0,5.0,0.8853698255434677,0.1146301744565324
601,78,1.0,0.0,8.0,0.0,0.0,1.0,1.0,275.0,2.0,0.0,13.0,52.0,0.0,5.0,0.0,10.0,2.0,0.0,1.88679245283019,1.0,1.0,0.0,0.8,0.0,3.0,5.0,0.8789903448657803,0.12100965513421978
601,79,1.0,0.0,1.0,0.0,0.0,1.0,1.0,104.0,2.0,0.0,13.0,52.0,0.0,5.0,0.0,10.0,2.0,137.0,1.88679245283019,1.0,1.0,0.0,0.8,0.0,3.0,5.0,0.883481201952355,0.11651879804764488
601,80,1.0,0.0,1.0,21.0,0.0,1.0,1.0,104.0,47.0,0.0,13.0,52.0,0.0,5.0,0.0,10.0,2.0,0.0,1.88679245283019,1.0,1.0,0.0,0.8,0.0,3.0,5.0,0.878834366771288,0.12116563322871196
601,81,1.0,0.0,1.0,0.0,0.0,1.0,1.0,104.0,2.0,0.0,13.0,52.0,0.0,5.0,0.0,10.0,2.0,0.0,20.9,1.0,1.0,0.0,0.8,0.0,3.0,5.0,0.7938800438171881,0.20611995618281193
601,82,1.0,0.0,1.0,0.0,0.0,1.0,1.0,816.0,2.0,0.0,13.0,52.0,0.0,5.0,0.0,10.0,2.0,0.0,1.88679245283019,1.0,1.0,0.0,0.8,0.0,3.0,5.0,0.8789545021634312,0.12104549783656891
601,83,1.0,0.0,1.0,0.0,0.0,1.0,1.0,104.0,2.0,0.0,13.0,195.0,0.0,5.0,0.0,10.0,2.0,340.0,1.88679245283019,1.0,1.0,0.0,0.8,0.0,3.0,5.0,0.8788322899674738,0.12116771003252617
601,84,1.0,0.0,1.0,0.0,0.0,1.0,1.0,104.0,2.0,0.0,13.0,52.0,0.0,5.0,0.0,10.0,2.0,0.0,17.0,1.0,1.0,0.0,0.8,5.0,3.0,5.0,0.8788322897371875,0.12116771026281253
601,85,1.0,0.0,1.0,0.0,0.0,14.0,1.0,104.0,2.0,0.0,13.0,138.0,0.0,5.0,0.0,10.0,2.0,0.0,1.88679245283019,1.0,1.0,0.0,0.8,0.0,3.0,5.0,0.8491713315011212,0.15082866849887874
601,86,1.0,0.0,1.0,38.0,0.0,1.0,1.0,104.0,2.0,0.0,13.0,52.0,0.0,5.0,0.0,10.0,2.0,0.0,1.88679245283019,1.0,1.0,0.0,0.8,0.0,3.0,5.0,0.8827456755485731,0.1172543244514266
601,87,1.0,0.0,1.0,0.0,0.0,1.0,1.0,313.0,2.0,0.0,13.0,52.0,0.0,5.0,0.0,10.0,2.0,0.0,1.88679245283019,1.0,1.0,0.0,0.8,0.0,7.0,5.0,0.6975423188775618,0.30245768112243826
601,88,5.0,0.0,6.0,0.0,0.0,1.0,1.0,104.0,2.0,0.0,13.0,52.0,0.0,5.0,0.0,10.0,2.0,0.0,1.88679245283019,1.0,1.0,0.0,0.8,0.0,3.0,5.0,0.8811705713655612,0.11882942863443884
601,89,1.0,0.0,1.0,0.0,0.0,1.0,1.0,104.0,2.0,12.0,76.0,52.0,0.0,5.0,0.0,10.0,2.0,0.0,1.88679245283019,1.0,1.0,0.0,0.8,0.0,3.0,5.0,0.8756086888873194,0.12439131111268055
601,90,1.0,0.0,1.0,0.0,0.0,1.0,1.0,104.0,2.0,0.0,13.0,52.0,0.0,5.0,0.0,10.0,2.0,190.0,1.88679245283019,1.0,1.0,0.0,0.8,0.0,3.0,5.0,0.879664542257522,0.12033545774247813
601,91,1.0,0.0,1.0,0.0,0.0,1.0,1.0,104.0,2.0,0.0,13.0,52.0,0.0,5.0,0.0,10.0,2.0,0.0,1.88679245283019,17.0,1.0,0.0,0.2,0.0,3.0,5.0,0.8291267236477821,0.170873276352218
601,92,1.0,0.0,1.0,0.0,0.0,1.0,1.0,104.0,2.0,0.0,13.0,52.0,22.0,5.0,0.0,10.0,2.0,0.0,1.88679245283019,1.0,1.0,4.0,0.8,0.0,3.0,5.0,0.8788322957567243,0.12116770424327576
601,93,1.0,0.0,1.0,0.0,0.0,1.0,1.0,104.0,2.0,0.0,94.0,52.0,0.0,5.0,0.0,10.0,2.0,0.0,1.88679245283019,1.0,1.0,0.0,0.8,0.0,3.0,5.0,0.878769430289558,0.12123056971044215
601,94,1.0,0.0,1.0,0.0,0.0,1.0,1.0,104.0,2.0,0.0,13.0,52.0,0.0,5.0,0.0,10.0,2.0,0.0,1.88679245283019,1.0,1.0,4.0,0.8,0.0,5.0,5.0,0.8790030891478043,0.12099691085219579
601,95,1.0,0.0,1.0,0.0,0.0,1.0,1.0,104.0,2.0,0.0,13.0,155.0,0.0,5.0,0.0,91.0,2.0,0.0,1.88679245283019,1.0,1.0,0.0,0.8,0.0,3.0,5.0,0.878639796481196,0.12136020351880401
601,96,1.0,80.0,1.0,0.0,0.0,1.0,1.0,104.0,2.0,0.0,13.0,52.0,0.0,5.0,0.0,10.0,2.0,0.0,1.88679245283019,1.0,1.0,4.0,0.8,0.0,3.0,5.0,0.8788322897389106,0.12116771026108937
601,97,1.0,0.0,1.0,0.0,0.0,1.0,1.0,366.0,2.0,0.0,13.0,52.0,0.0,5.0,0.0,10.0,2.0,0.0,1.88679245283019,1.0,1.0,0.0,0.8,0.0,3.0,5.0,0.8598833810999992,0.14011661890000085
601,98,1.0,0.0,1.0,0.0,0.0,23.0,1.0,104.0,2.0,0.0,13.0,52.0,0.0,5.0,0.0,56.0,2.0,0.0,1.88679245283019,1.0,1.0,0.0,0.8,0.0,3.0,5.0,0.8788942083301313,0.12110579166986878
601,99,1.0,0.0,1.0,0.0,0.0,1.0,1.0,104.0,2.0,0.0,13.0,52.0,0.0,9.0,0.0,10.0,2.0,0.0,1.88679245283019,1.0,1.0,0.0,0.8,4.0,3.0,5.0,0.878832331873666,0.12116766812633392
637,0,0.0,0.0,1.0,0.0,0.0,1.0,1.0,97.0,1.0,1.0,12.0,47.0,0.0,1.0,0.0,13.0,2.0,0.0,1.95833333333333,1.0,1.0,0.0,0.666666666666667,1.0,1.0,3.0,0.8787205873783139,0.12127941262168589
637,1,0.0,0.0,1.0,0.0,0.0,1.0,1.0,97.0,20.0,1.0,12.0,47.0,0.0,4.0,0.0,13.0,2.0,0.0,1.95833333333333,1.0,1.0,0.0,0.666666666666667,5.0,1.0,3.0,0.8788322897371875,0.12116771026281253
637,2,0.0,0.0,1.0,10.0,0.0,1.0,1.0,97.0,1.0,1.0,12.0,47.0,0.0,4.0,0.0,13.0,2.0,0.0,1.95833333333333,25.0,1.0,0.0,0.666666666666667,0.0,1.0,3.0,0.8790619433974284,0.12093805660257173
637,3,0.0,0.0,1.0,0.0,0.0,1.0,1.0,97.0,1.0,1.0,12.0,47.0,0.0,4.0,0.0,67.0,2.0,0.0,1.95833333333333,1.0,1.0,0.0,0.666666666666667,0.0,1.0,3.0,0.8412688587434614,0.15873114125653875
637,4,0.0,0.0,1.0,0.0,0.0,1.0,1.0,97.0,1.0,1.0,12.0,47.0,0.0,4.0,0.0,13.0,2.0,0.0,1.95833333333333,1.0,38.0,0.0,0.666666666666667,0.0,1.0,3.0,0.8788342788639413,0.12116572113605867
637,5,0.0,0.0,1.0,0.0,0.0,1.0,1.0,97.0,1.0,10.0,12.0,47.0,0.0,4.0,0.0,13.0,2.0,0.0,1.95833333333333,1.0,1.0,2.0,0.666666666666667,0.0,1.0,3.0,0.8852852833283447,0.11471471667165514
637,6,0.0,0.0,1.0,0.0,0.0,1.0,1.0,97.0,1.0,1.0,12.0,47.0,0.0,4.0,0.0,104.0,2.0,0.0,1.95833333333333,1.0,1.0,0.0,0.666666666666667,0.0,3.0,3.0,0.8787851891580409,0.12121481084195905
637,7,0.0,0.0,1.0,0.0,0.0,1.0,1.0,97.0,1.0,1.0,58.0,47.0,0.0,4.0,0.0,13.0,2.0,0.0,1.95833333333333,1.0,1.0,0.0,0.666666666666667,0.0,1.0,3.0,0.8740251626732303,0.12597483732676967
637,8,0.0,0.0,1.0,0.0,14.0,1.0,1.0,97.0,1.0,1.0,12.0,47.0,15.0,4.0,0.0,13.0,2.0,0.0,1.95833333333333,1.0,1.0,0.0,0.666666666666667,0.0,1.0,3.0,0.882501682763861,0.11749831723613914
637,9,12.0,0.0,1.0,0.0,0.0,1.0,1.0,97.0,1.0,1.0,12.0,47.0,0.0,4.0,0.0,13.0,2.0,0.0,1.95833333333333,1.0,15.0,0.0,0.666666666666667,0.0,1.0,3.0,0.8869412152510593,0.11305878474894054
637,10,0.0,0.0,1.0,35.0,0.0,1.0,1.0,97.0,1.0,1.0,12.0,47.0,0.0,4.0,0.0,13.0,2.0,0.0,1.95833333333333,1.0,1.0,0.0,0.666666666666667,0.0,1.0,3.0,0.8864055482534753,0.1135944517465247
637,11,0.0,0.0,1.0,0.0,0.0,1.0,1.0,97.0,1.0,1.0,12.0,47.0,0.0,4.0,1065.0,13.0,2.0,0.0,1.95833333333333,1.0,1.0,0.0,0.3,0.0,1.0,3.0,0.8788326304035685,0.12116736959643135
637,12,0.0,0.0,1.0,0.0,0.0,1.0,1.0,97.0,1.0,1.0,12.0,47.0,2.0,4.0,1780.0,13.0,2.0,0.0,1.95833333333333,1.0,1.0,0.0,0.666666666666667,0.0,1.0,3.0,0.8788323278603569,0.12116767213964325
637,13,0.0,0.0,1.0,0.0,0.0,1.0,1.0,97.0,1.0,1.0,12.0,114.0,0.0,4.0,0.0,53.0,2.0,0.0,1.95833333333333,1.0,1.0,0.0,0.666666666666667,0.0,1.0,3.0,0.802001455052859,0.1979985449471408
637,14,0.0,0.0,1.0,0.0,0.0,1.0,1.0,97.0,1.0,1.0,12.0,47.0,0.0,4.0,0.0,13.0,2.0,0.0,1.95833333333333,2.0,1.0,3.0,0.666666666666667,0.0,1.0,3.0,0.8836940490722954,0.11630595092770453
637,15,0.0,0.0,0.0,6.0,0.0,1.0,1.0,97.0,1.0,1.0,12.0,47.0,0.0,4.0,0.0,13.0,2.0,0.0,1.95833333333333,1.0,1.0,0.0,0.666666666666667,0.0,1.0,3.0,0.6425756232056885,0.35742437679431166
637,16,0.0,0.0,1.0,0.0,62.0,1.0,1.0,97.0,1.0,1.0,12.0,47.0,0.0,4.0,0.0,13.0,2.0,0.0,1.95833333333333,1.0,1.0,0.0,0.666666666666667,0.0,1.0,8.0,0.8528088124894169,0.147191187510583
637,17,0.0,0.0,1.0,0.0,0.0,1.0,15.0,97.0,1.0,10.0,12.0,47.0,0.0,4.0,0.0,13.0,2.0,0.0,1.95833333333333,1.0,1.0,0.0,0.666666666666667,0.0,1.0,3.0,0.8794367024977584,0.12056329750224175
637,18,0.0,0.0,1.0,0.0,0.0,1.0,1.0,97.0,1.0,1.0,87.0,47.0,20.0,4.0,0.0,13.0,2.0,0.0,1.95833333333333,1.0,1.0,0.0,0.666666666666667,0.0,1.0,3.0,0.8788322893799012,0.12116771062009887
637,19,0.0,33.0,1.0,0.0,0.0,1.0,1.0,97.0,1.0,1.0,12.0,47.0,0.0,4.0,0.0,13.0,2.0,0.0,1.95833333333333,1.0,1.0,0.0,0.666666666666667,0.0,3.0,3.0,0.8898554922987293,0.11014450770127075
637,20,0.0,0.0,1.0,0.0,0.0,1.0,1.0,97.0,1.0,1.0,12.0,47.0,0.0,4.0,0.0,13.0,4.0,60.0,1.95833333333333,1.0,1.0,0.0,0.666666666666667,0.0,1.0,3.0,0.8720106572543809,0.12798934274561932
637,21,0.0,48.0,1.0,0.0,0.0,1.0,1.0,97.0,1.0,1.0,12.0,47.0,0.0,4.0,0.0,13.0,2.0,0.0,1.95833333333333,1.0,1.0,0.0,0.666666666666667,0.0,1.0,3.0,0.8883962723113609,0.11160372768863888
637,22,0.0,0.0,1.0,0.0,0.0,1.0,1.0,1328.0,1.0,1.0,12.0,47.0,0.0,4.0,0.0,13.0,2.0,0.0,17.5,1.0,1.0,0.0,0.666666666666667,0.0,1.0,3.0,0.8788322897371017,0.12116771026289813
637,23,0.0,0.0,1.0,0.0,0.0,16.0,1.0,97.0,1.0,1.0,12.0,47.0,0.0,4.0,0.0,13.0,2.0,43.0,1.95833333333333,1.0,1.0,0.0,0.666666666666667,0.0,1.0,3.0,0.8874438417562547,0.1125561582437454
637,24,0.0,0.0,1.0,0.0,0.0,1.0,1.0,97.0,1.0,1.0,12.0,47.0,0.0,4.0,0.0,13.0,2.0,0.0,12.9,1.0,1.0,0.0,0.666666666666667,0.0,1.0,3.0,0.5449230635575474,0.4550769364424526
637,25,0.0,0.0,1.0,0.0,0.0,1.0,1.0,1135.0,1.0,1.0,12.0,47.0,0.0,4.0,0.0,13.0,2.0,0.0,1.95833333333333,1.0,1.0,0.0,0.666666666666667,0.0,1.0,3.0,0.8788322904505149,0.12116770954948512
637,26,0.0,0.0,1.0,0.0,0.0,1.0,1.0,97.0,1.0,29.0,12.0,47.0,0.0,4.0,0.0,13.0,2.0,0.0,6.9,1.0,1.0,0.0,0.666666666666667,0.0,1.0,3.0,0.9150341549622405,0.08496584503775957
637,27,0.0,72.0,1.0,0.0,0.0,1.0,1.0,97.0,1.0,1.0,12.0,47.0,0.0,4.0,0.0,13.0,2.0,0.0,1.95833333333333,1.0,1.0,0.0,0.666666666666667,0.0,1.0,9.0,0.8789136059773233,0.1210863940226768
637,28,0.0,0.0,1.0,0.0,0.0,7.0,1.0,97.0,1.0,1.0,53.0,47.0,0.0,4.0,0.0,13.0,2.0,0.0,1.95833333333333,1.0,1.0,0.0,0.666666666666667,0.0,1.0,3.0,0.8752913067727158,0.12470869322728419
637,29,0.0,0.0,1.0,0.0,0.0,1.0,1.0,97.0,23.0,1.0,12.0,47.0,0.0,4.0,0.0,13.0,2.0,0.0,1.95833333333333,1.0,19.0,0.0,0.666666666666667,0.0,1.0,3.0,0.8809332973659962,0.1190667026340039
637,30,0.0,0.0,1.0,0.0,16.0,1.0,1.0,97.0,1.0,1.0,12.0,47.0,0.0,4.0,0.0,13.0,2.0,0.0,1.95833333333333,1.0,1.0,0.0,0.666666666666667,0.0,1.0,3.0,0.5926772017294116,0.40732279827058826
637,31,0.0,28.0,1.0,0.0,0.0,1.0,1.0,97.0,1.0,1.0,12.0,36.0,0.0,4.0,0.0,13.0,2.0,0.0,1.95833333333333,1.0,1.0,0.0,0.666666666666667,0.0,1.0,3.0,0.8682837812448259,0.1317162187551743
637,32,0.0,0.0,1.0,0.0,0.0,1.0,1.0,97.0,1.0,1.0,48.0,47.0,0.0,8.0,0.0,13.0,2.0,0.0,1.95833333333333,1.0,1.0,0.0,0.666666666666667,0.0,1.0,3.0,0.8447918232051719,0.15520817679482823
637,33,0.0,0.0,1.0,0.0,0.0,1.0,1.0,97.0,1.0,1.0,12.0,47.0,18.0,4.0,715.0,13.0,2.0,0.0,1.95833333333333,1.0,1.0,0.0,0.666666666666667,0.0,1.0,3.0,0.8788329157183663,0.12116708428163359
637,34,0.0,0.0,1.0,0.0,0.0,1.0,1.0,97.0,6.0,1.0,12.0,47.0,0.0,4.0,0.0,13.0,2.0,0.0,1.95833333333333,26.0,1.0,0.0,0.666666666666667,0.0,1.0,3.0,0.8797167884628405,0.12028321153715933
637,35,0.0,0.0,1.0,0.0,0.0,1.0,1.0,97.0,13.0,1.0,12.0,47.0,0.0,4.0,0.0,13.0,2.0,0.0,1.95833333333333,1.0,1.0,1.0,0.666666666666667,0.0,1.0,3.0,0.8849364460842136,0.11506355391578636
637,36,0.0,0.0,1.0,0.0,0.0,1.0,1.0,541.0,1.0,1.0,12.0,47.0,0.0,4.0,0.0,13.0,2.0,0.0,1.95833333333333,1.0,1.0,0.0,0.4,0.0,1.0,3.0,0.9111719945068519,0.08882800549314813
637,37,0.0,0.0,1.0,0.0,0.0,1.0,1.0,97.0,1.0,1.0,12.0,47.0,0.0,4.0,0.0,13.0,2.0,0.0,1.95833333333333,1.0,49.0,0.0,0.666666666666667,0.0,1.0,3.0,0.8788322915171954,0.12116770848280456
637,38,0.0,0.0,1.0,0.0,0.0,1.0,1.0,97.0,1.0,1.0,12.0,47.0,0.0,4.0,2254.0,13.0,3.0,0.0,1.95833333333333,1.0,1.0,0.0,0.666666666666667,0.0,1.0,3.0,0.8788323363117093,0.12116766368829081
637,39,20.0,0.0,1.0,0.0,0.0,1.0,1.0,97.0,1.0,1.0,12.0,47.0,0.0,4.0,0.0,13.0,2.0,0.0,1.95833333333333,1.0,1.0,0.0,0.666666666666667,0.0,1.0,3.0,0.8923299142039045,0.1076700857960957
637,40,0.0,0.0,1.0,0.0,0.0,1.0,1.0,97.0,40.0,1.0,12.0,47.0,0.0,4.0,0.0,13.0,2.0,0.0,1.95833333333333,1.0,1.0,0.0,0.666666666666667,0.0,1.0,3.0,0.8800210286381813,0.11997897136181883
637,41,0.0,0.0,1.0,27.0,0.0,1.0,2.0,97.0,1.0,1.0,12.0,47.0,0.0,4.0,0.0,13.0,2.0,0.0,1.95833333333333,1.0,1.0,0.0,0.666666666666667,0.0,1.0,3.0,0.8962025626480159,0.1037974373519842
637,42,0.0,0.0,8.0,0.0,0.0,1.0,1.0,97.0,68.0,1.0,12.0,47.0,0.0,4.0,0.0,13.0,2.0,0.0,1.95833333333333,1.0,1.0,0.0,0.666666666666667,0.0,1.0,3.0,0.8788322897371875,0.12116771026281253
637,43,0.0,0.0,1.0,0.0,0.0,1.0,1.0,97.0,1.0,1.0,12.0,47.0,0.0,4.0,0.0,13.0,2.0,146.0,1.95833333333333,1.0,1.0,0.0,1.0,0.0,1.0,3.0,0.8863003938028468,0.1136996061971532
637,44,11.0,0.0,1.0,0.0,0.0,21.0,1.0,97.0,1.0,1.0,12.0,47.0,0.0,4.0,0.0,13.0,2.0,0.0,1.95833333333333,1.0,1.0,0.0,0.666666666666667,0.0,1.0,3.0,0.879920940276917,0.12007905972308298
637,45,0.0,90.0,1.0,0.0,0.0,1.0,1.0,97.0,8.0,1.0,12.0,47.0,0.0,4.0,0.0,13.0,2.0,0.0,1.95833333333333,1.0,1.0,0.0,0.666666666666667,0.0,1.0,3.0,0.8788336117492161,0.1211663882507837
637,46,0.0,0.0,1.0,0.0,0.0,1.0,1.0,97.0,1.0,1.0,12.0,93.0,0.0,4.0,0.0,13.0,2.0,96.0,1.95833333333333,1.0,1.0,0.0,0.666666666666667,0.0,1.0,3.0,0.879103873236214,0.12089612676378601
637,47,0.0,0.0,1.0,0.0,0.0,1.0,1.0,1035.0,1.0,1.0,12.0,47.0,0.0,4.0,0.0,13.0,2.0,0.0,1.95833333333333,1.0,1.0,0.0,0.666666666666667,0.0,1.0,3.0,0.8788323629638893,0.12116763703611086
637,48,0.0,34.0,1.0,0.0,0.0,1.0,1.0,97.0,1.0,1.0,12.0,47.0,0.0,7.0,0.0,13.0,2.0,0.0,1.95833333333333,1.0,1.0,0.0,0.666666666666667,0.0,1.0,3.0,0.8845034797932714,0.11549652020672878
637,49,0.0,0.0,1.0,0.0,0.0,1.0,1.0,97.0,1.0,1.0,34.0,0.0,0.0,4.0,0.0,13.0,2.0,0.0,1.95833333333333,1.0,1.0,0.0,0.666666666666667,0.0,1.0,3.0,0.8920687323972564,0.10793126760274367
637,50,0.0,0.0,1.0,0.0,0.0,18.0,1.0,97.0,1.0,1.0,12.0,47.0,0.0,4.0,0.0,13.0,2.0,0.0,1.95833333333333,1.0,1.0,0.0,0.666666666666667,0.0,1.0,9.0,0.8824084864168603,0.11759151358313943
637,51,0.0,0.0,1.0,0.0,28.0,1.0,1.0,97.0,7.0,1.0,12.0,47.0,0.0,4.0,0.0,13.0,2.0,0.0,1.95833333333333,1.0,1.0,0.0,0.666666666666667,0.0,1.0,3.0,0.8908136404495222,0.10918635955047773
637,52,0.0,0.0,1.0,12.0,0.0,1.0,1.0,97.0,1.0,1.0,12.0,47.0,0.0,4.0,0.0,13.0,2.0,0.0,1.95833333333333,1.0,1.0,0.0,0.666666666666667,0.0,1.0,3.0,0.9280309567756864,0.0719690432243136
637,53,0.0,0.0,1.0,0.0,0.0,1.0,1.0,97.0,1.0,1.0,12.0,47.0,0.0,4.0,0.0,13.0,2.0,229.0,1.95833333333333,1.0,1.0,0.0,0.666666666666667,0.0,1.0,3.0,0.8788376452187375,0.12116235478126265
637,54,0.0,0.0,1.0,0.0,0.0,1.0,1.0,851.0,1.0,11.0,12.0,47.0,0.0,4.0,0.0,13.0,2.0,0.0,1.95833333333333,1.0,1.0,0.0,0.666666666666667,0.0,1.0,3.0,0.8788559540442338,0.1211440459557661
637,55,0.0,0.0,1.0,0.0,0.0,1.0,1.0,97.0,1.0,26.0,12.0,47.0,0.0,4.0,0.0,13.0,2.0,0.0,1.95833333333333,1.0,1.0,0.0,0.666666666666667,0.0,1.0,3.0,0.9236246472972456,0.07637535270275433
637,56,0.0,0.0,1.0,0.0,0.0,1.0,1.0,97.0,68.0,1.0,12.0,47.0,0.0,4.0,0.0,13.0,2.0,0.0,1.95833333333333,1.0,1.0,0.0,0.666666666666667,0.0,1.0,3.0,0.8788322897382579,0.12116771026174204
637,57,0.0,0.0,1.0,0.0,0.0,1.0,1.0,535.0,1.0,1.0,12.0,47.0,0.0,4.0,0.0,13.0,2.0,0.0,1.95833333333333,1.0,1.0,0.0,0.666666666666667,0.0,1.0,3.0,0.9143081223055699,0.0856918776944301
637,58,0.0,0.0,1.0,0.0,0.0,1.0,1.0,97.0,1.0,1.0,12.0,47.0,3.0,4.0,0.0,13.0,2.0,0.0,1.95833333333333,1.0,56.0,0.0,0.666666666666667,0.0,1.0,3.0,0.8788322897423441,0.12116771025765563
637,59,0.0,0.0,1.0,0.0,0.0,10.0,1.0,97.0,1.0,1.0,12.0,47.0,0.0,4.0,0.0,13.0,2.0,0.0,12.1,1.0,1.0,0.0,0.666666666666667,0.0,1.0,3.0,0.8899510323574844,0.1100489676425155
637,60,0.0,0.0,1.0,0.0,38.0,1.0,1.0,97.0,1.0,1.0,12.0,47.0,0.0,4.0,0.0,13.0,2.0,0.0,1.95833333333333,1.0,1.0,0.0,0.666666666666667,0.0,1.0,3.0,0.9025081628126448,0.09749183718735524
637,61,20.0,0.0,1.0,0.0,0.0,1.0,1.0,97.0,1.0,1.0,12.0,47.0,0.0,4.0,1175.0,13.0,2.0,0.0,1.95833333333333,1.0,1.0,0.0,0.666666666666667,0.0,1.0,3.0,0.8788322897380426,0.12116771026195744
637,62,7.0,0.0,1.0,0.0,0.0,1.0,1.0,97.0,1.0,1.0,12.0,47.0,0.0,4.0,0.0,13.0,2.0,0.0,1.95833333333333,1.0,1.0,2.0,0.666666666666667,0.0,1.0,3.0,0.8804403207455893,0.11955967925441044
637,63,0.0,0.0,1.0,0.0,0.0,1.0,1.0,97.0,1.0,1.0,12.0,47.0,0.0,4.0,1567.0,13.0,2.0,0.0,1.95833333333333,1.0,1.0,0.0,0.666666666666667,0.0,1.0,3.0,0.8788327913768027,0.12116720862319734
637,64,0.0,0.0,1.0,12.0,0.0,1.0,1.0,97.0,1.0,1.0,12.0,47.0,0.0,4.0,0.0,13.0,2.0,0.0,1.95833333333333,1.0,1.0,0.0,0.666666666666667,5.0,1.0,3.0,0.8788322897371875,0.12116771026281253
637,65,0.0,0.0,1.0,0.0,0.0,18.0,1.0,97.0,1.0,1.0,12.0,47.0,0.0,4.0,0.0,13.0,2.0,0.0,1.95833333333333,1.0,44.0,0.0,0.666666666666667,0.0,1.0,3.0,0.8788322908093841,0.12116770919061606
637,66,0.0,0.0,1.0,0.0,0.0,1.0,1.0,97.0,1.0,1.0,2.0,47.0,0.0,4.0,0.0,13.0,2.0,0.0,1.95833333333333,1.0,21.0,0.0,0.666666666666667,0.0,1.0,3.0,0.876230554655739,0.12376944534426118
637,67,0.0,0.0,1.0,0.0,45.0,1.0,1.0,97.0,1.0,1.0,12.0,47.0,0.0,4.0,0.0,13.0,2.0,0.0,1.95833333333333,1.0,1.0,0.0,0.666666666666667,0.0,1.0,3.0,0.7597182953852748,0.24028170461472512
637,68,0.0,0.0,1.0,0.0,0.0,1.0,1.0,524.0,1.0,1.0,12.0,47.0,0.0,4.0,2556.0,13.0,2.0,0.0,1.95833333333333,1.0,1.0,0.0,0.666666666666667,0.0,1.0,3.0,0.8788333748638134,0.12116662513618656
637,69,0.0,0.0,1.0,0.0,0.0,1.0,1.0,97.0,1.0,1.0,12.0,47.0,14.0,4.0,0.0,13.0,2.0,0.0,1.95833333333333,1.0,1.0,0.0,0.666666666666667,0.0,1.0,3.0,0.8980635708381687,0.1019364291618314
637,70,0.0,0.0,1.0,0.0,0.0,1.0,1.0,97.0,1.0,1.0,12.0,204.0,0.0,4.0,0.0,53.0,2.0,0.0,1.95833333333333,1.0,1.0,0.0,0.666666666666667,0.0,1.0,3.0,0.8487591406913002,0.1512408593086999
637,71,0.0,0.0,1.0,0.0,0.0,1.0,1.0,97.0,1.0,1.0,12.0,47.0,0.0,4.0,883.0,13.0,2.0,0.0,1.95833333333333,1.0,1.0,0.0,0.666666666666667,0.0,1.0,3.0,0.8788314512436916,0.12116854875630864
637,72,0.0,0.0,1.0,0.0,0.0,1.0,1.0,324.0,1.0,1.0,12.0,47.0,18.0,4.0,0.0,13.0,2.0,0.0,1.95833333333333,1.0,1.0,0.0,0.666666666666667,0.0,1.0,3.0,0.8796171307105727,0.12038286928942737
637,73,20.0,0.0,1.0,0.0,0.0,1.0,1.0,97.0,1.0,1.0,12.0,47.0,0.0,4.0,0.0,13.0,2.0,0.0,12.6,1.0,1.0,0.0,0.666666666666667,0.0,1.0,3.0,0.8867704564772574,0.11322954352274274
637,74,0.0,0.0,1.0,0.0,0.0,1.0,1.0,97.0,1.0,1.0,12.0,47.0,20.0,9.0,0.0,13.0,2.0,0.0,1.95833333333333,1.0,1.0,0.0,0.666666666666667,0.0,1.0,3.0,0.8796207559270854,0.12037924407291443
637,75,0.0,0.0,1.0,0.0,0.0,1.0,1.0,97.0,1.0,1.0,12.0,47.0,0.0,4.0,1957.0,13.0,2.0,0.0,1.95833333333333,1.0,1.0,0.0,1.0,0.0,1.0,3.0,0.8788322913856955,0.12116770861430451
637,76,0.0,74.0,1.0,0.0,0.0,1.0,1.0,97.0,1.0,1.0,12.0,47.0,6.0,4.0,0.0,13.0,2.0,0.0,1.95833333333333,1.0,1.0,0.0,0.666666666666667,0.0,1.0,3.0,0.8790580312935394,0.12094196870646072
637,77,12.0,0.0,1.0,0.0,0.0,1.0,1.0,97.0,1.0,1.0,12.0,47.0,0.0,4.0,0.0,13.0,2.0,0.0,1.95833333333333,10.0,1.0,0.0,0.666666666666667,0.0,1.0,3.0,0.9059121598787256,0.09408784012127458
637,78,0.0,0.0,1.0,13.0,0.0,1.0,4.0,97.0,1.0,1.0,12.0,47.0,0.0,4.0,0.0,13.0,2.0,0.0,1.95833333333333,1.0,1.0,0.0,0.666666666666667,0.0,1.0,3.0,0.9231559611038368,0.0768440388961632
637,79,0.0,0.0,6.0,0.0,0.0,1.0,1.0,97.0,1.0,1.0,12.0,47.0,0.0,4.0,0.0,10.0,2.0,0.0,1.95833333333333,1.0,1.0,0.0,0.666666666666667,0.0,1.0,3.0,0.8925910967845787,0.10740890321542125
637,80,0.0,0.0,3.0,0.0,0.0,1.0,1.0,97.0,1.0,1.0,12.0,47.0,0.0,4.0,0.0,13.0,2.0,0.0,1.95833333333333,1.0,1.0,0.0,0.2,0.0,1.0,3.0,0.7107689010922729,0.289231098907727
637,81,0.0,0.0,1.0,0.0,0.0,1.0,1.0,1126.0,1.0,1.0,12.0,47.0,0.0,4.0,0.0,13.0,2.0,0.0,1.95833333333333,1.0,1.0,0.0,0.666666666666667,0.0,1.0,3.0,0.8788322908494567,0.12116770915054315
637,82,0.0,0.0,1.0,0.0,0.0,1.0,1.0,97.0,1.0,1.0,12.0,47.0,5.0,4.0,0.0,108.0,2.0,0.0,1.95833333333333,1.0,1.0,0.0,0.666666666666667,0.0,1.0,3.0,0.8788132800845049,0.12118671991549487
637,83,0.0,0.0,1.0,0.0,0.0,1.0,1.0,97.0,1.0,1.0,12.0,47.0,0.0,4.0,0.0,13.0,2.0,0.0,1.95833333333333,20.0,1.0,0.0,0.666666666666667,0.0,1.0,10.0,0.8753851287369806,0.12461487126301937
637,84,0.0,0.0,1.0,0.0,0.0,16.0,1.0,97.0,1.0,1.0,12.0,47.0,0.0,4.0,0.0,13.0,2.0,0.0,10.6,1.0,1.0,0.0,0.666666666666667,0.0,1.0,3.0,0.9191773489180318,0.08082265108196805
637,85,0.0,0.0,1.0,0.0,0.0,1.0,1.0,97.0,1.0,1.0,12.0,47.0,0.0,4.0,1359.0,13.0,2.0,0.0,1.95833333333333,1.0,1.0,0.0,0.666666666666667,0.0,1.0,3.0,0.8788335081058157,0.12116649189418406
637,86,0.0,0.0,1.0,0.0,0.0,1.0,1.0,97.0,1.0,1.0,12.0,47.0,0.0,4.0,0.0,76.0,2.0,0.0,1.95833333333333,1.0,1.0,0.0,0.666666666666667,0.0,1.0,3.0,0.865237854427096,0.13476214557290392
637,87,0.0,0.0,1.0,0.0,0.0,1.0,1.0,97.0,1.0,1.0,12.0,47.0,0.0,4.0,0.0,13.0,2.0,130.0,1.95833333333333,1.0,1.0,0.0,0.666666666666667,0.0,1.0,3.0,0.8851208403670857,0.1148791596329142
637,88,0.0,0.0,1.0,0.0,0.0,1.0,1.0,97.0,1.0,1.0,12.0,47.0,0.0,4.0,0.0,13.0,2.0,0.0,1.95833333333333,9.0,1.0,0.0,0.666666666666667,5.0,1.0,3.0,0.8788322897371875,0.12116771026281253
637,89,0.0,0.0,1.0,0.0,0.0,1.0,1.0,97.0,1.0,1.0,12.0,47.0,0.0,4.0,1464.0,13.0,2.0,0.0,1.95833333333333,1.0,1.0,0.0,0.666666666666667,0.0,1.0,3.0,0.8788332273583261,0.12116677264167404
637,90,0.0,0.0,1.0,0.0,0.0,1.0,1.0,97.0,1.0,1.0,12.0,47.0,0.0,4.0,0.0,13.0,2.0,0.0,25.6,1.0,1.0,0.0,1.1,0.0,1.0,3.0,0.8884205269450134,0.1115794730549868
637,91,0.0,0.0,1.0,0.0,0.0,1.0,1.0,97.0,1.0,23.0,12.0,47.0,0.0,4.0,0.0,13.0,2.0,0.0,1.95833333333333,1.0,1.0,0.0,0.666666666666667,0.0,3.0,3.0,0.9265536078905736,0.07344639210942656
637,92,0.0,61.0,1.0,0.0,0.0,1.0,1.0,97.0,1.0,1.0,12.0,47.0,0.0,4.0,0.0,13.0,2.0,0.0,1.95833333333333,1.0,1.0,0.0,1.0,0.0,1.0,3.0,0.8846240135925791,0.115375986407421
637,93,0.0,0.0,1.0,30.0,0.0,1.0,1.0,97.0,1.0,1.0,12.0,47.0,0.0,4.0,0.0,13.0,2.0,0.0,1.95833333333333,1.0,1.0,0.0,0.6,0.0,1.0,3.0,0.8931510834207482,0.10684891657925197
637,94,14.0,0.0,1.0,0.0,6.0,1.0,1.0,97.0,1.0,1.0,12.0,47.0,0.0,4.0,0.0,13.0,2.0,0.0,1.95833333333333,1.0,1.0,0.0,0.666666666666667,0.0,1.0,3.0,0.9261983704281846,0.07380162957181524
637,95,0.0,0.0,1.0,0.0,0.0,22.0,1.0,97.0,1.0,1.0,12.0,47.0,0.0,0.0,0.0,13.0,2.0,0.0,1.95833333333333,1.0,1.0,0.0,0.666666666666667,0.0,1.0,3.0,0.9097054429622007,0.0902945570377993
637,96,0.0,0.0,1.0,0.0,0.0,1.0,1.0,97.0,1.0,18.0,12.0,47.0,0.0,4.0,0.0,94.0,2.0,0.0,1.95833333333333,1.0,1.0,0.0,0.666666666666667,0.0,1.0,3.0,0.8799506819394749,0.12004931806052536
637,97,0.0,0.0,1.0,0.0,0.0,1.0,11.0,97.0,1.0,1.0,12.0,47.0,0.0,4.0,0.0,13.0,2.0,0.0,1.95833333333333,1.0,1.0,0.0,0.666666666666667,0.0,1.0,7.0,0.8832343515632809,0.11676564843671915
637,98,0.0,0.0,1.0,0.0,0.0,1.0,1.0,97.0,1.0,19.0,12.0,47.0,0.0,4.0,0.0,13.0,2.0,0.0,1.95833333333333,1.0,1.0,0.0,0.666666666666667,4.0,1.0,3.0,0.8788326401214409,0.12116735987855902
637,99,0.0,0.0,1.0,0.0,0.0,1.0,1.0,97.0,1.0,1.0,12.0,9.0,0.0,4.0,0.0,13.0,2.0,308.0,1.95833333333333,1.0,1.0,0.0,0.666666666666667,0.0,1.0,3.0,0.8795126728072488,0.12048732719275142
655,0,7.0,0.0,3.0,2.0,0.0,2.0,2.0,175.0,7.0,7.0,35.0,49.0,1.0,3.0,0.0,31.0,5.0,22.0,4.33333333333333,1.0,1.0,0.0,1.0,0.0,1.0,5.0,0.7250672698422417,0.2749327301577581
655,1,7.0,0.0,1.0,2.0,0.0,2.0,2.0,175.0,33.0,7.0,35.0,49.0,1.0,3.0,0.0,31.0,5.0,0.0,4.33333333333333,3.0,1.0,0.0,1.0,0.0,1.0,5.0,0.8786962691185605,0.12130373088143959
655,2,7.0,92.0,1.0,2.0,0.0,2.0,2.0,175.0,7.0,7.0,35.0,49.0,1.0,3.0,0.0,31.0,5.0,0.0,4.33333333333333,1.0,1.0,0.0,1.0,0.0,1.0,5.0,0.8788322897374321,0.12116771026256785
655,3,7.0,0.0,1.0,18.0,0.0,2.0,2.0,175.0,7.0,7.0,16.0,49.0,1.0,3.0,0.0,31.0,5.0,0.0,4.33333333333333,1.0,1.0,0.0,1.0,0.0,1.0,5.0,0.8762926749307126,0.12370732506928728
655,4,16.0,0.0,1.0,2.0,0.0,2.0,2.0,175.0,7.0,7.0,35.0,49.0,1.0,3.0,0.0,31.0,5.0,0.0,4.33333333333333,1.0,58.0,0.0,1.0,0.0,1.0,5.0,0.8788322897371875,0.12116771026281253
655,5,7.0,0.0,1.0,2.0,0.0,2.0,2.0,175.0,7.0,7.0,35.0,209.0,1.0,3.0,0.0,31.0,5.0,0.0,4.33333333333333,1.0,1.0,0.0,1.0,0.0,1.0,5.0,0.8721635493888339,0.12783645061116616
655,6,7.0,0.0,1.0,2.0,0.0,2.0,12.0,175.0,7.0,7.0,35.0,49.0,1.0,3.0,0.0,31.0,5.0,0.0,4.33333333333333,1.0,1.0,0.0,0.8,0.0,1.0,5.0,0.8762165449424317,0.12378345505756837
655,7,7.0,0.0,1.0,2.0,0.0,2.0,2.0,175.0,7.0,7.0,35.0,49.0,1.0,3.0,0.0,31.0,5.0,14.0,4.33333333333333,1.0,1.0,2.0,1.0,0.0,1.0,5.0,0.8713614684882481,0.12863853151175195
655,8,7.0,0.0,1.0,2.0,0.0,2.0,2.0,175.0,7.0,7.0,35.0,49.0,1.0,3.0,0.0,31.0,5.0,315.0,4.33333333333333,1.0,1.0,0.0,1.0,0.0,1.0,5.0,0.878832294424688,0.12116770557531176
655,9,7.0,0.0,1.0,20.0,0.0,2.0,2.0,175.0,7.0,7.0,35.0,49.0,1.0,3.0,0.0,31.0,3.0,0.0,4.33333333333333,1.0,1.0,0.0,1.0,0.0,1.0,5.0,0.8774855658626237,0.12251443413737617
655,10,7.0,0.0,1.0,2.0,39.0,2.0,2.0,175.0,7.0,7.0,35.0,49.0,1.0,3.0,0.0,31.0,5.0,0.0,4.33333333333333,1.0,1.0,0.0,1.0,0.0,1.0,5.0,0.8789346591257813,0.1210653408742187
655,11,7.0,0.0,1.0,2.0,0.0,2.0,15.0,175.0,7.0,7.0,35.0,49.0,1.0,3.0,24.0,31.0,5.0,0.0,4.33333333333333,1.0,1.0,0.0,1.0,0.0,1.0,5.0,0.8787817315778926,0.12121826842210753
655,12,7.0,0.0,3.0,2.0,0.0,2.0,2.0,175.0,31.0,7.0,35.0,49.0,1.0,3.0,0.0,31.0,5.0,0.0,4.33333333333333,1.0,1.0,0.0,1.0,0.0,1.0,5.0,0.8786768888309258,0.12132311116907432
655,13,7.0,0.0,1.0,2.0,0.0,2.0,2.0,175.0,7.0,7.0,35.0,49.0,1.0,3.0,0.0,31.0,5.0,0.0,4.33333333333333,1.0,1.0,3.0,1.0,0.0,1.0,11.0,0.8788218567303293,0.12117814326967064
655,14,7.0,2.0,1.0,2.0,0.0,16.0,2.0,175.0,7.0,7.0,35.0,49.0,1.0,3.0,0.0,31.0,5.0,0.0,4.33333333333333,1.0,1.0,0.0,1.0,0.0,1.0,5.0,0.8003483004277794,0.19965169957222062
655,15,7.0,0.0,1.0,2.0,0.0,2.0,2.0,175.0,27.0,7.0,35.0,49.0,1.0,3.0,0.0,31.0,5.0,0.0,25.4,1.0,1.0,0.0,1.0,0.0,1.0,5.0,0.878563782764065,0.12143621723593515
655,16,7.0,0.0,1.0,2.0,0.0,2.0,2.0,717.0,7.0,7.0,35.0,49.0,1.0,3.0,0.0,31.0,5.0,0.0,4.33333333333333,1.0,1.0,0.0,1.0,0.0,1.0,5.0,0.8787076485465222,0.12129235145347755
655,17,7.0,0.0,1.0,2.0,0.0,2.0,2.0,175.0,7.0,7.0,35.0,49.0,1.0,3.0,0.0,31.0,6.0,0.0,4.33333333333333,1.0,1.0,3.0,1.0,0.0,1.0,5.0,0.8788010537301255,0.12119894626987442
655,18,7.0,0.0,1.0,2.0,0.0,2.0,2.0,175.0,7.0,7.0,35.0,49.0,1.0,3.0,0.0,31.0,5.0,0.0,22.0,1.0,1.0,0.0,0.9,0.0,1.0,5.0,0.7700643042157199,0.22993569578428016
655,19,7.0,52.0,1.0,2.0,0.0,2.0,2.0,175.0,7.0,7.0,35.0,49.0,1.0,3.0,0.0,51.0,5.0,0.0,4.33333333333333,1.0,1.0,0.0,1.0,0.0,1.0,5.0,0.8788322878658198,0.12116771213418029
655,20,7.0,49.0,1.0,2.0,0.0,2.0,2.0,175.0,7.0,7.0,35.0,49.0,1.0,3.0,0.0,31.0,5.0,0.0,4.33333333333333,1.0,1.0,0.0,1.0,0.0,1.0,3.0,0.8788323962504742,0.1211676037495258
655,21,7.0,0.0,1.0,2.0,0.0,2.0,2.0,175.0,7.0,7.0,35.0,49.0,1.0,3.0,0.0,31.0,5.0,0.0,21.1,1.0,1.0,0.0,1.0,0.0,1.0,5.0,0.7400944097487637,0.2599055902512363
655,22,7.0,0.0,4.0,2.0,0.0,2.0,2.0,175.0,7.0,7.0,35.0,49.0,1.0,3.0,0.0,31.0,5.0,0.0,4.33333333333333,1.0,1.0,1.0,1.0,0.0,1.0,5.0,0.8644049901568743,0.13559500984312567
655,23,7.0,0.0,1.0,2.0,0.0,2.0,2.0,175.0,7.0,7.0,35.0,49.0,1.0,3.0,0.0,31.0,5.0,328.0,4.33333333333333,1.0,1.0,0.0,1.0,0.0,1.0,5.0,0.8788323040823199,0.12116769591767984
655,24,7.0,0.0,1.0,2.0,0.0,2.0,2.0,175.0,7.0,7.0,35.0,49.0,1.0,3.0,0.0,98.0,5.0,0.0,4.33333333333333,1.0,1.0,0.0,1.0,0.0,1.0,2.0,0.8784000167502459,0.12159998324975399
655,25,7.0,0.0,1.0,2.0,0.0,2.0,2.0,175.0,7.0,7.0,35.0,49.0,22.0,3.0,0.0,31.0,5.0,0.0,4.33333333333333,1.0,1.0,1.0,1.0,0.0,1.0,5.0,0.8788323205306977,0.12116767946930233
655,26,7.0,0.0,1.0,2.0,0.0,2.0,2.0,175.0,7.0,7.0,35.0,49.0,1.0,3.0,1581.0,31.0,5.0,0.0,4.33333333333333,1.0,1.0,0.0,1.0,0.0,1.0,5.0,0.8788323422213661,0.12116765777863418
655,27,7.0,0.0,1.0,2.0,63.0,2.0,2.0,175.0,7.0,7.0,35.0,64.0,1.0,3.0,0.0,31.0,5.0,0.0,4.33333333333333,1.0,1.0,0.0,1.0,0.0,1.0,5.0,0.8788115678157233,0.12118843218427666
655,28,7.0,0.0,1.0,2.0,0.0,2.0,2.0,175.0,7.0,7.0,35.0,49.0,1.0,3.0,0.0,31.0,5.0,308.0,4.33333333333333,1.0,1.0,0.0,1.0,0.0,4.0,5.0,0.8788322923385073,0.12116770766149276
655,29,7.0,0.0,1.0,2.0,0.0,2.0,2.0,175.0,7.0,7.0,35.0,49.0,1.0,3.0,1644.0,31.0,5.0,0.0,4.33333333333333,1.0,1.0,0.0,1.0,0.0,1.0,5.0,0.8788323187487859,0.12116768125121426
655,30,7.0,0.0,1.0,2.0,0.0,2.0,2.0,175.0,7.0,7.0,35.0,49.0,1.0,3.0,0.0,31.0,5.0,0.0,4.33333333333333,24.0,1.0,0.0,1.0,0.0,1.0,8.0,0.8784231372469222,0.12157686275307795
655,31,15.0,0.0,1.0,2.0,0.0,2.0,2.0,175.0,7.0,7.0,35.0,167.0,1.0,3.0,0.0,31.0,5.0,0.0,4.33333333333333,1.0,1.0,0.0,1.0,0.0,1.0,5.0,0.8786139140288893,0.12138608597111078
655,32,7.0,0.0,1.0,2.0,38.0,2.0,2.0,175.0,7.0,7.0,35.0,49.0,1.0,3.0,0.0,31.0,5.0,0.0,4.33333333333333,1.0,1.0,4.0,1.0,0.0,1.0,5.0,0.8788322897419549,0.121167710258045
655,33,20.0,0.0,1.0,2.0,0.0,2.0,2.0,175.0,53.0,7.0,35.0,49.0,1.0,3.0,0.0,31.0,5.0,0.0,4.33333333333333,1.0,1.0,0.0,1.0,0.0,1.0,5.0,0.8788322813032589,0.12116771869674106
655,34,7.0,0.0,1.0,2.0,0.0,2.0,2.0,175.0,7.0,7.0,35.0,49.0,1.0,3.0,0.0,31.0,5.0,0.0,22.0,1.0,1.0,4.0,1.0,0.0,1.0,5.0,0.8788323066233643,0.12116769337663552
655,35,7.0,0.0,1.0,2.0,0.0,2.0,2.0,175.0,30.0,7.0,35.0,49.0,1.0,3.0,433.0,31.0,5.0,0.0,4.33333333333333,1.0,1.0,0.0,1.0,0.0,1.0,5.0,0.8787908713133644,0.12120912868663555
655,36,7.0,0.0,1.0,2.0,0.0,2.0,2.0,175.0,63.0,7.0,35.0,49.0,1.0,3.0,0.0,31.0,5.0,0.0,4.33333333333333,1.0,1.0,2.0,1.0,0.0,1.0,5.0,0.8788322897371869,0.12116771026281309
655,37,7.0,0.0,1.0,2.0,0.0,2.0,2.0,175.0,7.0,7.0,35.0,49.0,1.0,3.0,0.0,31.0,5.0,0.0,19.5,1.0,1.0,0.0,1.0,0.0,3.0,5.0,0.6553901610925702,0.34460983890742974
655,38,7.0,0.0,1.0,2.0,0.0,2.0,2.0,175.0,55.0,12.0,35.0,49.0,1.0,3.0,0.0,31.0,5.0,0.0,4.33333333333333,1.0,1.0,0.0,1.0,0.0,1.0,5.0,0.8788322898475555,0.12116771015244447
655,39,19.0,0.0,1.0,2.0,0.0,2.0,20.0,175.0,7.0,7.0,35.0,49.0,1.0,3.0,0.0,31.0,5.0,0.0,4.33333333333333,1.0,1.0,0.0,1.0,0.0,1.0,5.0,0.8788322892133263,0.12116771078667381
655,40,7.0,80.0,1.0,2.0,0.0,2.0,2.0,175.0,7.0,7.0,35.0,49.0,1.0,3.0,0.0,31.0,5.0,0.0,4.33333333333333,1.0,1.0,4.0,1.0,0.0,1.0,5.0,0.8788322897371875,0.12116771026281253
655,41,7.0,0.0,1.0,2.0,0.0,2.0,2.0,175.0,7.0,7.0,35.0,49.0,1.0,3.0,0.0,15.0,5.0,0.0,4.33333333333333,1.0,1.0,4.0,1.0,0.0,1.0,5.0,0.8788324369904307,0.12116756300956928
655,42,7.0,0.0,5.0,2.0,0.0,8.0,2.0,175.0,7.0,7.0,35.0,49.0,1.0,3.0,0.0,31.0,5.0,0.0,4.33333333333333,1.0,1.0,0.0,1.0,0.0,1.0,5.0,0.8748111655492898,0.12518883445071033
655,43,7.0,0.0,1.0,2.0,0.0,2.0,2.0,175.0,7.0,7.0,35.0,216.0,1.0,3.0,0.0,31.0,5.0,0.0,4.33333333333333,1.0,1.0,0.0,1.0,0.0,1.0,5.0,0.8742081079044025,0.12579189209559732
655,44,7.0,0.0,1.0,2.0,0.0,2.0,2.0,175.0,7.0,7.0,35.0,186.0,1.0,3.0,0.0,31.0,5.0,0.0,4.33333333333333,1.0,1.0,0.0,1.0,0.0,1.0,5.0,0.8614366668535505,0.13856333314644945
655,45,7.0,0.0,1.0,2.0,0.0,2.0,2.0,175.0,7.0,7.0,35.0,49.0,1.0,3.0,0.0,61.0,5.0,0.0,4.33333333333333,1.0,1.0,0.0,1.0,0.0,1.0,5.0,0.7439889586266581,0.25601104137334196
655,46,7.0,0.0,6.0,2.0,0.0,2.0,2.0,175.0,7.0,7.0,35.0,49.0,1.0,3.0,2431.0,31.0,5.0,0.0,4.33333333333333,1.0,1.0,0.0,1.0,0.0,1.0,5.0,0.8788322897385071,0.12116771026149292
655,47,7.0,0.0,1.0,2.0,0.0,13.0,2.0,175.0,7.0,7.0,35.0,49.0,4.0,3.0,0.0,31.0,5.0,0.0,4.33333333333333,1.0,1.0,0.0,1.0,0.0,1.0,5.0,0.6988756875295129,0.3011243124704871
655,48,7.0,0.0,1.0,13.0,0.0,2.0,2.0,175.0,7.0,7.0,15.0,49.0,1.0,3.0,0.0,31.0,5.0,0.0,4.33333333333333,1.0,1.0,0.0,1.0,0.0,1.0,5.0,0.8440248614659815,0.1559751385340185
655,49,7.0,0.0,8.0,2.0,0.0,2.0,14.0,175.0,7.0,7.0,35.0,49.0,1.0,3.0,0.0,31.0,5.0,0.0,4.33333333333333,1.0,1.0,0.0,1.0,0.0,1.0,5.0,0.8788329468873187,0.12116705311268139
655,50,7.0,0.0,1.0,2.0,0.0,2.0,2.0,175.0,7.0,7.0,35.0,33.0,1.0,3.0,1274.0,31.0,5.0,0.0,4.33333333333333,1.0,1.0,0.0,1.0,0.0,1.0,5.0,0.8788325075746228,0.12116749242537724
655,51,6.0,0.0,8.0,2.0,0.0,2.0,2.0,175.0,7.0,7.0,35.0,49.0,1.0,3.0,0.0,31.0,5.0,0.0,4.33333333333333,1.0,1.0,0.0,1.0,0.0,1.0,5.0,0.8788355862145214,0.12116441378547864
655,52,7.0,0.0,1.0,2.0,0.0,2.0,2.0,175.0,7.0,7.0,82.0,49.0,1.0,3.0,0.0,31.0,5.0,0.0,4.33333333333333,1.0,1.0,0.0,1.0,2.0,1.0,5.0,0.8788322903933138,0.12116770960668616
655,53,7.0,0.0,1.0,2.0,0.0,2.0,2.0,1254.0,7.0,7.0,86.0,49.0,1.0,3.0,0.0,31.0,5.0,0.0,4.33333333333333,1.0,1.0,0.0,1.0,0.0,1.0,5.0,0.8788322897371875,0.12116771026281253
655,54,7.0,0.0,1.0,2.0,0.0,2.0,23.0,175.0,7.0,7.0,35.0,49.0,1.0,3.0,0.0,31.0,5.0,0.0,4.33333333333333,1.0,1.0,0.0,1.0,0.0,6.0,5.0,0.8788322956974994,0.1211677043025004
655,55,0.0,0.0,1.0,2.0,0.0,2.0,2.0,175.0,37.0,7.0,35.0,49.0,1.0,3.0,0.0,31.0,5.0,0.0,4.33333333333333,1.0,1.0,0.0,1.0,0.0,1.0,5.0,0.8788741443046957,0.12112585569530446
655,56,7.0,0.0,1.0,14.0,0.0,2.0,2.0,175.0,7.0,7.0,35.0,49.0,1.0,3.0,0.0,31.0,5.0,0.0,4.33333333333333,1.0,1.0,3.0,1.0,0.0,1.0,5.0,0.8788302558060723,0.12116974419392748
655,57,7.0,0.0,1.0,2.0,0.0,2.0,2.0,175.0,41.0,7.0,36.0,49.0,1.0,3.0,0.0,31.0,5.0,0.0,4.33333333333333,1.0,1.0,0.0,1.0,0.0,1.0,5.0,0.8788335910113353,0.12116640898866488
655,58,7.0,0.0,1.0,2.0,0.0,2.0,2.0,175.0,7.0,7.0,35.0,49.0,1.0,3.0,0.0,31.0,1.0,0.0,4.33333333333333,1.0,47.0,0.0,1.0,0.0,1.0,5.0,0.8788322897299098,0.12116771027008996
655,59,7.0,0.0,1.0,2.0,0.0,2.0,2.0,175.0,7.0,7.0,35.0,140.0,1.0,3.0,0.0,31.0,5.0,0.0,4.33333333333333,1.0,1.0,0.0,1.0,0.0,1.0,1.0,0.84801799603831,0.15198200396169
655,60,7.0,0.0,1.0,2.0,0.0,17.0,2.0,175.0,7.0,7.0,35.0,49.0,1.0,3.0,0.0,9.0,5.0,0.0,4.33333333333333,1.0,1.0,0.0,1.0,0.0,1.0,5.0,0.8594313430512106,0.14056865694878917
655,61,7.0,0.0,1.0,2.0,0.0,2.0,2.0,175.0,7.0,7.0,35.0,49.0,1.0,3.0,0.0,31.0,5.0,0.0,4.33333333333333,9.0,1.0,0.0,1.0,5.0,1.0,5.0,0.8788322897371875,0.12116771026281253
655,62,7.0,0.0,1.0,13.0,0.0,2.0,2.0,175.0,7.0,7.0,35.0,49.0,1.0,3.0,0.0,31.0,5.0,0.0,4.33333333333333,1.0,1.0,0.0,1.0,0.0,1.0,5.0,0.8192598753981876,0.1807401246018126
655,63,7.0,0.0,1.0,2.0,0.0,2.0,2.0,175.0,7.0,7.0,35.0,49.0,1.0,3.0,470.0,31.0,5.0,0.0,4.33333333333333,1.0,1.0,0.0,1.0,0.0,1.0,4.0,0.8629890963011774,0.13701090369882266
655,64,7.0,0.0,1.0,2.0,0.0,2.0,1.0,175.0,7.0,7.0,55.0,49.0,1.0,3.0,0.0,31.0,5.0,0.0,4.33333333333333,1.0,1.0,0.0,1.0,0.0,1.0,5.0,0.7092212381050487,0.29077876189495105
655,65,7.0,0.0,1.0,2.0,0.0,2.0,2.0,175.0,7.0,7.0,35.0,49.0,1.0,3.0,0.0,31.0,5.0,150.0,9.9,1.0,1.0,0.0,1.0,0.0,1.0,5.0,0.8788324100038427,0.12116758999615711
655,66,7.0,0.0,1.0,2.0,0.0,2.0,2.0,175.0,7.0,7.0,35.0,49.0,1.0,3.0,0.0,31.0,5.0,0.0,4.33333333333333,1.0,32.0,0.0,1.0,0.0,1.0,5.0,0.8788233850116287,0.1211766149883711
655,67,7.0,0.0,1.0,2.0,0.0,2.0,12.0,175.0,7.0,7.0,35.0,49.0,1.0,3.0,0.0,31.0,5.0,0.0,4.33333333333333,1.0,1.0,0.0,1.0,0.0,1.0,5.0,0.8762992140746618,0.12370078592533822
655,68,7.0,14.0,1.0,2.0,0.0,2.0,2.0,175.0,7.0,7.0,35.0,49.0,1.0,9.0,0.0,31.0,5.0,0.0,4.33333333333333,1.0,1.0,0.0,1.0,0.0,1.0,5.0,0.71058744737255,0.28941255262745
655,69,7.0,20.0,6.0,2.0,0.0,2.0,2.0,175.0,7.0,7.0,35.0,49.0,1.0,3.0,0.0,31.0,5.0,0.0,4.33333333333333,1.0,1.0,0.0,1.0,0.0,1.0,5.0,0.8788078140112398,0.12119218598876037
655,70,7.0,0.0,1.0,2.0,0.0,2.0,2.0,175.0,7.0,7.0,35.0,49.0,1.0,3.0,1770.0,31.0,5.0,0.0,4.33333333333333,1.0,1.0,0.0,1.0,0.0,1.0,9.0,0.8788322930166905,0.12116770698330934
655,71,7.0,0.0,1.0,2.0,0.0,2.0,2.0,175.0,7.0,7.0,35.0,49.0,1.0,3.0,0.0,31.0,0.0,0.0,4.33333333333333,1.0,1.0,0.0,1.0,0.0,1.0,9.0,0.6062983285550327,0.39370167144496715
655,72,7.0,0.0,1.0,2.0,0.0,2.0,2.0,175.0,7.0,7.0,35.0,157.0,1.0,3.0,0.0,31.0,5.0,0.0,4.33333333333333,1.0,1.0,0.0,1.0,0.0,1.0,5.0,0.8375080665234472,0.16249193347655252
655,73,7.0,0.0,1.0,2.0,0.0,20.0,2.0,175.0,7.0,7.0,35.0,49.0,1.0,3.0,0.0,31.0,5.0,0.0,4.33333333333333,1.0,1.0,0.0,1.0,0.0,3.0,5.0,0.8647570793582483,0.13524292064175167
655,74,7.0,0.0,1.0,2.0,0.0,2.0,2.0,175.0,67.0,7.0,35.0,49.0,1.0,3.0,0.0,91.0,5.0,0.0,4.33333333333333,1.0,1.0,0.0,1.0,0.0,1.0,5.0,0.8788322897371875,0.12116771026281253
655,75,7.0,0.0,1.0,2.0,0.0,2.0,2.0,175.0,7.0,7.0,35.0,49.0,1.0,7.0,0.0,31.0,5.0,277.0,4.33333333333333,1.0,1.0,0.0,1.0,0.0,1.0,5.0,0.8788322897477446,0.12116771025225526
655,76,7.0,0.0,1.0,2.0,0.0,2.0,2.0,175.0,7.0,7.0,35.0,49.0,1.0,3.0,0.0,31.0,5.0,320.0,4.33333333333333,1.0,1.0,0.0,1.0,0.0,1.0,5.0,0.8788322972924246,0.12116770270757558
655,77,7.0,0.0,1.0,2.0,0.0,2.0,2.0,175.0,7.0,7.0,84.0,49.0,1.0,3.0,0.0,31.0,5.0,0.0,5.8,1.0,1.0,0.0,1.0,0.0,1.0,5.0,0.8785373150689518,0.12146268493104813
655,78,7.0,0.0,1.0,2.0,0.0,2.0,2.0,175.0,7.0,7.0,86.0,49.0,1.0,3.0,0.0,31.0,5.0,0.0,4.33333333333333,1.0,1.0,0.0,0.6,0.0,1.0,5.0,0.87862131789177,0.12137868210822991
655,79,7.0,112.0,1.0,2.0,0.0,2.0,2.0,175.0,7.0,7.0,35.0,49.0,1.0,3.0,0.0,31.0,5.0,0.0,4.33333333333333,1.0,71.0,0.0,1.0,0.0,1.0,5.0,0.8788322897371875,0.12116771026281253
655,80,7.0,0.0,1.0,2.0,0.0,2.0,2.0,175.0,7.0,7.0,35.0,49.0,1.0,3.0,0.0,31.0,5.0,0.0,4.33333333333333,1.0,1.0,0.0,0.2,5.0,1.0,5.0,0.8788322897371872,0.12116771026281274
655,81,7.0,0.0,1.0,2.0,0.0,2.0,2.0,175.0,7.0,7.0,35.0,49.0,1.0,3.0,0.0,31.0,5.0,0.0,4.33333333333333,20.0,1.0,0.0,1.0,0.0,1.0,10.0,0.8768935265096844,0.12310647349031557
655,82,7.0,0.0,1.0,2.0,0.0,2.0,2.0,1341.0,7.0,7.0,61.0,49.0,1.0,3.0,0.0,31.0,5.0,0.0,4.33333333333333,1.0,1.0,0.0,1.0,0.0,1.0,5.0,0.8788322897371843,0.12116771026281575
655,83,7.0,0.0,1.0,2.0,30.0,2.0,2.0,175.0,7.0,7.0,35.0,49.0,1.0,3.0,0.0,31.0,5.0,0.0,4.33333333333333,1.0,1.0,0.0,1.0,0.0,1.0,5.0,0.8778266186077078,0.12217338139229221
655,84,7.0,0.0,1.0,2.0,60.0,2.0,2.0,175.0,6.0,7.0,35.0,49.0,1.0,3.0,0.0,31.0,5.0,0.0,4.33333333333333,1.0,1.0,0.0,1.0,0.0,1.0,5.0,0.8788191676053428,0.12118083239465703
655,85,7.0,0.0,1.0,2.0,0.0,2.0,2.0,175.0,7.0,7.0,35.0,49.0,1.0,3.0,0.0,31.0,5.0,84.0,4.33333333333333,1.0,1.0,4.0,1.0,0.0,1.0,5.0,0.8788322897439905,0.12116771025600927
655,86,7.0,0.0,1.0,2.0,0.0,2.0,2.0,175.0,7.0,7.0,35.0,49.0,1.0,3.0,1867.0,31.0,5.0,0.0,4.33333333333333,1.0,1.0,0.0,1.0,0.0,1.0,5.0,0.8788322909250847,0.1211677090749152
655,87,7.0,0.0,1.0,2.0,0.0,2.0,2.0,175.0,7.0,7.0,35.0,49.0,1.0,3.0,0.0,31.0,5.0,0.0,25.4,1.0,1.0,0.0,1.0,5.0,1.0,5.0,0.8788322897371875,0.12116771026281253
655,88,7.0,0.0,1.0,2.0,0.0,2.0,2.0,175.0,7.0,7.0,35.0,49.0,1.0,3.0,0.0,31.0,5.0,0.0,4.33333333333333,1.0,66.0,0.0,1.0,0.0,1.0,5.0,0.8788322897371875,0.12116771026281253
655,89,7.0,0.0,1.0,2.0,0.0,2.0,2.0,175.0,7.0,7.0,35.0,49.0,1.0,3.0,0.0,31.0,6.0,0.0,4.33333333333333,22.0,1.0,0.0,1.0,0.0,1.0,5.0,0.877330379377484,0.12266962062251589
655,90,7.0,0.0,1.0,2.0,0.0,2.0,2.0,339.0,20.0,7.0,35.0,49.0,1.0,3.0,0.0,31.0,5.0,0.0,4.33333333333333,1.0,1.0,0.0,1.0,0.0,1.0,5.0,0.8422753753295021,0.15772462467049775
655,91,7.0,0.0,1.0,2.0,0.0,18.0,2.0,175.0,7.0,7.0,35.0,49.0,1.0,3.0,0.0,31.0,5.0,81.0,4.33333333333333,1.0,1.0,0.0,1.0,0.0,1.0,5.0,0.8788185600640107,0.1211814399359896
655,92,7.0,0.0,1.0,2.0,0.0,2.0,2.0,175.0,7.0,7.0,35.0,49.0,1.0,3.0,0.0,103.0,5.0,0.0,4.33333333333333,1.0,1.0,0.0,1.0,0.0,1.0,5.0,0.8786633066446797,0.1213366933553202
655,93,7.0,0.0,1.0,2.0,0.0,2.0,2.0,175.0,7.0,31.0,35.0,49.0,1.0,3.0,0.0,31.0,5.0,1.0,4.33333333333333,1.0,1.0,0.0,1.0,0.0,1.0,5.0,0.8546069822367501,0.1453930177632497
655,94,7.0,0.0,1.0,2.0,0.0,2.0,2.0,175.0,70.0,7.0,35.0,49.0,1.0,3.0,0.0,31.0,5.0,0.0,4.33333333333333,1.0,1.0,0.0,1.0,0.0,1.0,5.0,0.8788322897371872,0.12116771026281274
655,95,7.0,0.0,1.0,2.0,0.0,2.0,2.0,175.0,7.0,7.0,35.0,49.0,1.0,3.0,1483.0,31.0,5.0,0.0,4.33333333333333,1.0,1.0,0.0,1.0,0.0,1.0,5.0,0.8788323903490616,0.12116760965093831
655,96,7.0,0.0,1.0,2.0,0.0,2.0,2.0,175.0,7.0,7.0,35.0,49.0,1.0,1.0,0.0,31.0,5.0,0.0,4.33333333333333,1.0,1.0,0.0,1.0,1.0,1.0,5.0,0.878503942218521,0.1214960577814788
655,97,7.0,0.0,1.0,2.0,0.0,2.0,2.0,175.0,7.0,7.0,35.0,210.0,1.0,3.0,0.0,11.0,5.0,0.0,4.33333333333333,1.0,1.0,0.0,1.0,0.0,1.0,5.0,0.8762571871386242,0.12374281286137569
655,98,7.0,0.0,1.0,2.0,0.0,2.0,2.0,175.0,7.0,7.0,35.0,49.0,1.0,3.0,0.0,31.0,5.0,266.0,4.33333333333333,1.0,1.0,0.0,1.0,0.0,1.0,5.0,0.8788322897391394,0.12116771026086054
655,99,7.0,0.0,1.0,2.0,0.0,24.0,2.0,175.0,7.0,7.0,35.0,49.0,19.0,3.0,0.0,31.0,5.0,0.0,4.33333333333333,1.0,1.0,0.0,1.0,0.0,1.0,5.0,0.8788327272558946,0.12116727274410558
731,0,5.0,0.0,1.0,1.0,1.0,5.0,3.0,270.0,71.0,19.0,25.0,27.0,1.0,2.0,3.0,31.0,4.0,0.0,5.19607843137255,0.0,1.0,0.0,0.888888888888889,0.0,5.0,8.0,0.8788322897371875,0.12116771026281253
731,1,5.0,0.0,1.0,1.0,1.0,5.0,3.0,270.0,6.0,19.0,25.0,27.0,1.0,2.0,3.0,31.0,5.0,0.0,5.19607843137255,0.0,1.0,0.0,0.888888888888889,0.0,6.0,8.0,0.5059959072169892,0.4940040927830108
731,2,5.0,0.0,1.0,1.0,28.0,5.0,3.0,270.0,6.0,19.0,25.0,27.0,1.0,2.0,3.0,31.0,0.0,0.0,5.19607843137255,0.0,1.0,0.0,0.888888888888889,0.0,1.0,8.0,0.8769201383872663,0.12307986161273367
731,3,5.0,0.0,1.0,1.0,1.0,5.0,3.0,270.0,6.0,19.0,25.0,27.0,1.0,2.0,2955.0,31.0,4.0,0.0,5.19607843137255,0.0,1.0,0.0,0.888888888888889,0.0,1.0,8.0,0.8788904664487401,0.12110953355126014
731,4,5.0,31.0,1.0,1.0,1.0,5.0,3.0,270.0,6.0,19.0,25.0,27.0,1.0,2.0,3.0,31.0,5.0,0.0,5.19607843137255,0.0,1.0,0.0,0.888888888888889,0.0,1.0,8.0,0.8773024316496103,0.12269756835038964
731,5,5.0,0.0,1.0,1.0,1.0,5.0,3.0,270.0,6.0,19.0,25.0,27.0,1.0,2.0,3.0,31.0,4.0,281.0,17.0,0.0,1.0,0.0,0.888888888888889,0.0,1.0,8.0,0.8788322897384375,0.12116771026156255
731,6,5.0,0.0,1.0,1.0,1.0,5.0,3.0,270.0,6.0,19.0,25.0,27.0,2.0,2.0,1780.0,31.0,4.0,0.0,5.19607843137255,0.0,1.0,0.0,0.888888888888889,0.0,1.0,8.0,0.878839908703706,0.12116009129629392
731,7,5.0,0.0,1.0,1.0,29.0,5.0,3.0,270.0,6.0,19.0,25.0,27.0,1.0,2.0,3.0,31.0,4.0,0.0,5.19607843137255,0.0,62.0,0.0,0.888888888888889,0.0,1.0,8.0,0.8788322897371875,0.12116771026281253
731,8,5.0,0.0,1.0,1.0,1.0,8.0,3.0,270.0,6.0,19.0,25.0,27.0,1.0,2.0,723.0,31.0,4.0,0.0,5.19607843137255,0.0,1.0,0.0,0.888888888888889,0.0,1.0,8.0,0.8787604716643861,0.12123952833561392
731,9,5.0,0.0,2.0,1.0,1.0,5.0,3.0,270.0,6.0,19.0,25.0,27.0,1.0,2.0,3.0,31.0,4.0,0.0,5.19607843137255,0.0,82.0,0.0,0.888888888888889,0.0,1.0,8.0,0.8788322897371875,0.12116771026281253
731,10,5.0,0.0,7.0,1.0,1.0,5.0,3.0,270.0,6.0,19.0,25.0,27.0,1.0,2.0,3.0,31.0,4.0,0.0,5.19607843137255,0.0,1.0,0.0,0.888888888888889,0.0,2.0,8.0,0.8787708433537056,0.12122915664629436
731,11,5.0,0.0,1.0,1.0,1.0,11.0,3.0,270.0,6.0,19.0,25.0,27.0,1.0,2.0,3.0,31.0,4.0,0.0,5.19607843137255,0.0,1.0,0.0,0.888888888888889,1.0,1.0,8.0,0.8784796606217753,0.12152033937822464
731,12,5.0,0.0,1.0,37.0,68.0,5.0,3.0,270.0,6.0,19.0,25.0,27.0,1.0,2.0,3.0,31.0,4.0,0.0,5.19607843137255,0.0,1.0,0.0,0.888888888888889,0.0,1.0,8.0,0.8788322897371882,0.12116771026281199
731,13,5.0,0.0,1.0,39.0,1.0,5.0,3.0,270.0,6.0,19.0,25.0,27.0,1.0,2.0,3.0,31.0,4.0,0.0,5.19607843137255,0.0,1.0,0.0,0.888888888888889,0.0,3.0,8.0,0.8788323163767325,0.12116768362326755
731,14,5.0,0.0,1.0,1.0,1.0,5.0,3.0,270.0,6.0,19.0,25.0,27.0,1.0,2.0,3.0,31.0,4.0,116.0,11.8,0.0,1.0,0.0,0.888888888888889,0.0,1.0,8.0,0.8788321984075478,0.12116780159245219
731,15,12.0,0.0,1.0,1.0,1.0,5.0,3.0,270.0,6.0,19.0,25.0,27.0,1.0,2.0,474.0,31.0,4.0,0.0,5.19607843137255,0.0,1.0,0.0,0.888888888888889,0.0,1.0,8.0,0.8738376606509888,0.12616233934901133
731,16,5.0,0.0,1.0,1.0,1.0,5.0,3.0,270.0,6.0,19.0,25.0,27.0,1.0,2.0,3.0,31.0,6.0,0.0,5.19607843137255,0.0,84.0,0.0,0.888888888888889,0.0,1.0,8.0,0.8788322897371875,0.12116771026281253
731,17,5.0,95.0,1.0,1.0,1.0,5.0,3.0,270.0,6.0,19.0,25.0,27.0,1.0,0.0,3.0,31.0,4.0,0.0,5.19607843137255,0.0,1.0,0.0,0.888888888888889,0.0,1.0,8.0,0.8788322882207754,0.1211677117792248
731,18,5.0,0.0,1.0,1.0,1.0,5.0,3.0,1154.0,6.0,19.0,25.0,27.0,1.0,2.0,3.0,31.0,4.0,0.0,5.19607843137255,0.0,1.0,0.0,0.888888888888889,0.0,1.0,2.0,0.8788322897359309,0.1211677102640691
731,19,5.0,0.0,1.0,1.0,52.0,5.0,3.0,270.0,6.0,19.0,25.0,27.0,1.0,2.0,3.0,31.0,4.0,0.0,5.19607843137255,5.0,1.0,0.0,0.888888888888889,0.0,1.0,8.0,0.8788309393828276,0.12116906061717216
731,20,5.0,0.0,1.0,1.0,1.0,5.0,3.0,270.0,38.0,19.0,25.0,27.0,1.0,2.0,3.0,31.0,4.0,0.0,5.19607843137255,0.0,1.0,0.0,0.888888888888889,0.0,1.0,8.0,0.8788338007543154,0.12116619924568477
731,21,5.0,0.0,1.0,1.0,1.0,5.0,3.0,270.0,6.0,19.0,25.0,27.0,1.0,2.0,3.0,104.0,4.0,0.0,5.19607843137255,0.0,1.0,0.0,0.888888888888889,0.0,3.0,8.0,0.8788047335926259,0.12119526640737413
731,22,5.0,0.0,1.0,1.0,1.0,5.0,3.0,270.0,6.0,19.0,25.0,27.0,1.0,2.0,2848.0,31.0,4.0,0.0,5.19607843137255,0.0,1.0,0.0,0.888888888888889,0.0,1.0,8.0,0.8788568304666056,0.1211431695333943
731,23,5.0,89.0,1.0,1.0,1.0,5.0,11.0,270.0,6.0,19.0,25.0,27.0,1.0,2.0,3.0,31.0,4.0,0.0,5.19607843137255,0.0,1.0,0.0,0.888888888888889,0.0,1.0,8.0,0.8788322897361923,0.12116771026380754
731,24,5.0,108.0,1.0,1.0,1.0,5.0,3.0,270.0,6.0,19.0,25.0,27.0,1.0,2.0,3.0,31.0,4.0,0.0,5.19607843137255,0.0,1.0,0.0,0.888888888888889,0.0,1.0,8.0,0.878832276055816,0.12116772394418407
731,25,5.0,0.0,1.0,1.0,1.0,14.0,3.0,270.0,6.0,19.0,25.0,27.0,1.0,2.0,3.0,67.0,4.0,0.0,5.19607843137255,0.0,1.0,0.0,0.888888888888889,0.0,1.0,8.0,0.857670234111342,0.14232976588865784
731,26,5.0,0.0,1.0,1.0,1.0,5.0,19.0,270.0,6.0,19.0,25.0,27.0,1.0,2.0,3.0,31.0,4.0,0.0,5.19607843137255,0.0,1.0,0.0,0.888888888888889,0.0,1.0,5.0,0.8788320486482618,0.12116795135173804
731,27,5.0,0.0,1.0,1.0,1.0,5.0,3.0,270.0,6.0,19.0,25.0,27.0,1.0,2.0,3.0,88.0,4.0,0.0,5.19607843137255,0.0,70.0,0.0,0.888888888888889,0.0,1.0,8.0,0.8788322897371875,0.12116771026281253
731,28,7.0,0.0,1.0,1.0,1.0,5.0,3.0,270.0,6.0,19.0,25.0,27.0,1.0,2.0,3.0,104.0,4.0,0.0,5.19607843137255,0.0,1.0,0.0,0.888888888888889,0.0,1.0,8.0,0.878786847276396,0.12121315272360407
731,29,5.0,0.0,1.0,1.0,1.0,5.0,3.0,270.0,6.0,19.0,25.0,27.0,1.0,2.0,3.0,31.0,1.0,44.0,5.19607843137255,0.0,1.0,0.0,0.888888888888889,0.0,1.0,8.0,0.7946278596046394,0.2053721403953605
731,30,5.0,0.0,1.0,1.0,1.0,5.0,3.0,270.0,6.0,19.0,25.0,27.0,1.0,2.0,3.0,31.0,4.0,0.0,5.19607843137255,0.0,1.0,0.0,0.0,2.0,1.0,8.0,0.878832475527159,0.12116752447284074
731,31,5.0,0.0,1.0,1.0,1.0,5.0,3.0,270.0,6.0,19.0,25.0,27.0,12.0,2.0,3.0,31.0,4.0,0.0,22.0,0.0,1.0,0.0,0.888888888888889,0.0,1.0,8.0,0.8740135002518916,0.12598649974810852
731,32,5.0,0.0,1.0,1.0,1.0,5.0,3.0,270.0,6.0,19.0,25.0,27.0,9.0,2.0,114.0,31.0,4.0,0.0,5.19607843137255,0.0,1.0,0.0,0.888888888888889,0.0,1.0,8.0,0.6877888796466488,0.31221112035335113
731,33,5.0,81.0,6.0,1.0,1.0,5.0,3.0,270.0,6.0,19.0,25.0,27.0,1.0,2.0,3.0,31.0,4.0,0.0,5.19607843137255,0.0,1.0,0.0,0.888888888888889,0.0,1.0,8.0,0.8788322897371985,0.12116771026280182
731,34,5.0,0.0,1.0,1.0,1.0,5.0,3.0,270.0,6.0,19.0,25.0,27.0,1.0,2.0,3.0,31.0,4.0,0.0,5.19607843137255,4.0,58.0,0.0,0.888888888888889,0.0,1.0,8.0,0.8788322897371875,0.12116771026281253
731,35,5.0,0.0,1.0,1.0,1.0,5.0,3.0,270.0,6.0,19.0,25.0,27.0,1.0,2.0,3.0,31.0,4.0,303.0,5.19607843137255,0.0,1.0,0.0,1.1,0.0,1.0,8.0,0.8788322899477096,0.12116771005229036
731,36,5.0,0.0,1.0,1.0,55.0,5.0,3.0,270.0,6.0,19.0,25.0,27.0,1.0,2.0,3.0,31.0,4.0,39.0,5.19607843137255,0.0,1.0,0.0,0.888888888888889,0.0,1.0,8.0,0.8788310782646396,0.12116892173536041
731,37,5.0,0.0,1.0,1.0,1.0,5.0,3.0,270.0,6.0,19.0,25.0,27.0,23.0,2.0,3.0,31.0,4.0,0.0,5.19607843137255,0.0,1.0,1.0,0.888888888888889,0.0,1.0,8.0,0.8788321934282044,0.12116780657179545
731,38,5.0,0.0,1.0,1.0,1.0,5.0,3.0,270.0,6.0,19.0,25.0,27.0,1.0,2.0,3.0,67.0,4.0,0.0,5.19607843137255,0.0,1.0,0.0,0.888888888888889,0.0,1.0,8.0,0.8110453061781322,0.1889546938218678
731,39,10.0,0.0,1.0,1.0,1.0,5.0,3.0,270.0,6.0,5.0,25.0,27.0,1.0,2.0,3.0,31.0,4.0,0.0,5.19607843137255,0.0,1.0,0.0,0.888888888888889,0.0,1.0,8.0,0.5544368157231241,0.44556318427687597
731,40,5.0,0.0,1.0,1.0,1.0,5.0,3.0,270.0,6.0,19.0,25.0,124.0,0.0,2.0,3.0,31.0,4.0,0.0,5.19607843137255,0.0,1.0,0.0,0.888888888888889,0.0,1.0,8.0,0.8516351461542541,0.14836485384574588
731,41,5.0,0.0,1.0,1.0,1.0,5.0,3.0,270.0,47.0,19.0,25.0,27.0,1.0,2.0,3.0,31.0,4.0,0.0,5.19607843137255,0.0,1.0,0.0,0.888888888888889,0.0,1.0,8.0,0.8788323415023512,0.12116765849764871
731,42,5.0,0.0,1.0,1.0,1.0,5.0,21.0,270.0,6.0,19.0,25.0,27.0,1.0,2.0,3.0,31.0,4.0,0.0,5.19607843137255,0.0,1.0,0.0,0.888888888888889,2.0,1.0,8.0,0.8788322897371875,0.12116771026281228
731,43,5.0,0.0,1.0,1.0,1.0,5.0,3.0,270.0,6.0,19.0,25.0,27.0,22.0,2.0,3.0,31.0,4.0,0.0,5.19607843137255,0.0,1.0,4.0,0.888888888888889,0.0,1.0,8.0,0.8788322897373309,0.12116771026266898
731,44,5.0,0.0,1.0,1.0,1.0,5.0,3.0,136.0,70.0,19.0,25.0,27.0,1.0,2.0,3.0,31.0,4.0,0.0,5.19607843137255,0.0,1.0,0.0,0.888888888888889,0.0,1.0,8.0,0.8788322897371875,0.12116771026281253
731,45,5.0,0.0,1.0,1.0,1.0,5.0,3.0,1018.0,6.0,19.0,25.0,27.0,1.0,2.0,3.0,31.0,4.0,0.0,5.19607843137255,0.0,1.0,0.0,0.888888888888889,0.0,1.0,8.0,0.8788322817472776,0.12116771825272252
731,46,5.0,0.0,1.0,1.0,1.0,5.0,3.0,270.0,6.0,19.0,25.0,27.0,1.0,2.0,3.0,59.0,4.0,110.0,5.19607843137255,0.0,1.0,0.0,0.888888888888889,0.0,1.0,8.0,0.8788321823462448,0.12116781765375517
731,47,5.0,0.0,1.0,1.0,1.0,5.0,3.0,270.0,6.0,19.0,83.0,27.0,1.0,2.0,3.0,31.0,4.0,0.0,21.6,0.0,1.0,0.0,0.888888888888889,0.0,1.0,8.0,0.878826712883533,0.12117328711646683
731,48,5.0,0.0,1.0,1.0,1.0,5.0,3.0,270.0,6.0,19.0,96.0,146.0,1.0,2.0,3.0,31.0,4.0,0.0,5.19607843137255,0.0,1.0,0.0,0.888888888888889,0.0,1.0,8.0,0.878562227357601,0.12143777264239891
731,49,5.0,0.0,1.0,1.0,1.0,5.0,3.0,270.0,6.0,19.0,25.0,100.0,1.0,2.0,3.0,31.0,4.0,0.0,5.19607843137255,0.0,1.0,0.0,0.888888888888889,0.0,1.0,8.0,0.7429461473682875,0.2570538526317126
731,50,5.0,0.0,1.0,1.0,1.0,5.0,3.0,270.0,6.0,19.0,25.0,27.0,1.0,2.0,3.0,31.0,4.0,0.0,5.19607843137255,0.0,40.0,0.0,1.1,0.0,1.0,8.0,0.878832270340279,0.12116772965972114
731,51,14.0,0.0,1.0,1.0,1.0,5.0,3.0,270.0,6.0,19.0,25.0,33.0,1.0,2.0,3.0,31.0,4.0,0.0,5.19607843137255,0.0,1.0,0.0,0.888888888888889,0.0,1.0,8.0,0.7830316365611415,0.21696836343885847
731,52,5.0,0.0,1.0,1.0,1.0,5.0,3.0,270.0,6.0,23.0,25.0,27.0,1.0,2.0,3.0,31.0,4.0,89.0,5.19607843137255,0.0,1.0,0.0,0.888888888888889,0.0,1.0,8.0,0.8787678249186518,0.12123217508134812
731,53,5.0,0.0,1.0,1.0,1.0,5.0,3.0,270.0,6.0,19.0,25.0,213.0,1.0,2.0,3.0,21.0,4.0,0.0,5.19607843137255,0.0,1.0,0.0,0.888888888888889,0.0,1.0,8.0,0.877357867950903,0.1226421320490972
731,54,5.0,0.0,8.0,1.0,1.0,5.0,3.0,270.0,6.0,19.0,25.0,27.0,1.0,2.0,3.0,31.0,4.0,0.0,5.19607843137255,0.0,83.0,0.0,0.888888888888889,0.0,1.0,8.0,0.8788322897371875,0.12116771026281253
731,55,5.0,42.0,1.0,1.0,1.0,5.0,3.0,270.0,6.0,19.0,25.0,27.0,1.0,2.0,3.0,31.0,4.0,0.0,5.19607843137255,0.0,1.0,0.0,0.888888888888889,3.0,1.0,8.0,0.8788323071086172,0.12116769289138266
731,56,5.0,0.0,1.0,1.0,1.0,5.0,3.0,270.0,6.0,19.0,25.0,27.0,1.0,2.0,1219.0,31.0,4.0,0.0,5.19607843137255,0.0,1.0,3.0,0.888888888888889,0.0,1.0,8.0,0.8788323019793496,0.12116769802065021
731,57,5.0,0.0,1.0,1.0,1.0,5.0,3.0,270.0,6.0,19.0,25.0,27.0,1.0,2.0,3.0,92.0,6.0,0.0,5.19607843137255,0.0,1.0,0.0,0.888888888888889,0.0,1.0,8.0,0.878522587095794,0.12147741290420591
731,58,5.0,0.0,1.0,1.0,36.0,5.0,3.0,270.0,6.0,19.0,25.0,27.0,1.0,2.0,3.0,31.0,4.0,0.0,5.19607843137255,0.0,44.0,0.0,0.888888888888889,0.0,1.0,8.0,0.8788322897371224,0.12116771026287772
731,59,5.0,0.0,8.0,1.0,1.0,5.0,3.0,270.0,6.0,19.0,25.0,27.0,1.0,2.0,1495.0,31.0,4.0,0.0,5.19607843137255,0.0,1.0,0.0,0.888888888888889,0.0,1.0,8.0,0.8788322897425143,0.12116771025748567
731,60,5.0,0.0,1.0,1.0,1.0,5.0,3.0,270.0,6.0,29.0,25.0,27.0,1.0,9.0,3.0,31.0,4.0,0.0,5.19607843137255,0.0,1.0,0.0,0.888888888888889,0.0,1.0,8.0,0.6962646333982964,0.30373536660170386
731,61,5.0,0.0,1.0,1.0,1.0,5.0,3.0,270.0,6.0,19.0,25.0,27.0,1.0,2.0,666.0,31.0,4.0,0.0,5.19607843137255,0.0,19.0,0.0,0.888888888888889,0.0,1.0,8.0,0.8788216391968661,0.12117836080313384
731,62,5.0,0.0,1.0,1.0,1.0,5.0,11.0,270.0,6.0,19.0,25.0,27.0,1.0,2.0,3.0,31.0,4.0,0.0,8.2,0.0,1.0,0.0,0.888888888888889,0.0,1.0,8.0,0.853777300559376,0.14622269944062388
731,63,5.0,0.0,1.0,1.0,1.0,5.0,3.0,270.0,6.0,19.0,4.0,156.0,1.0,2.0,3.0,31.0,4.0,0.0,5.19607843137255,0.0,1.0,0.0,0.888888888888889,0.0,1.0,8.0,0.8678053258452381,0.13219467415476202
731,64,5.0,0.0,1.0,1.0,1.0,5.0,3.0,1507.0,6.0,19.0,25.0,27.0,1.0,2.0,3.0,31.0,4.0,0.0,5.19607843137255,0.0,1.0,0.0,0.888888888888889,0.0,1.0,8.0,0.8788322897043472,0.12116771029565289
731,65,5.0,0.0,1.0,1.0,1.0,5.0,3.0,270.0,6.0,19.0,25.0,27.0,1.0,2.0,3018.0,31.0,4.0,0.0,5.19607843137255,0.0,1.0,0.0,0.888888888888889,3.0,1.0,8.0,0.8788322897371875,0.12116771026281253
731,66,5.0,0.0,1.0,1.0,1.0,5.0,3.0,270.0,6.0,19.0,25.0,27.0,1.0,2.0,3.0,31.0,4.0,0.0,5.19607843137255,23.0,1.0,0.0,0.888888888888889,0.0,1.0,8.0,0.8777268650719796,0.12227313492802046
731,67,5.0,0.0,1.0,1.0,1.0,5.0,3.0,270.0,6.0,19.0,25.0,27.0,1.0,2.0,1442.0,31.0,4.0,0.0,5.19607843137255,0.0,1.0,0.0,0.888888888888889,0.0,1.0,8.0,0.8790301115518068,0.12096988844819334
731,68,5.0,0.0,1.0,9.0,1.0,5.0,3.0,270.0,6.0,19.0,85.0,27.0,1.0,2.0,3.0,31.0,4.0,0.0,5.19607843137255,0.0,1.0,0.0,0.888888888888889,0.0,1.0,8.0,0.8788223373410043,0.12117766265899534
731,69,5.0,0.0,1.0,1.0,1.0,5.0,3.0,270.0,6.0,19.0,25.0,213.0,1.0,2.0,3.0,31.0,4.0,0.0,5.19607843137255,0.0,1.0,0.0,0.888888888888889,0.0,1.0,8.0,0.8766557337558278,0.12334426624417218
731,70,5.0,0.0,1.0,1.0,1.0,5.0,3.0,971.0,6.0,19.0,25.0,27.0,1.0,2.0,3.0,31.0,4.0,0.0,5.19607843137255,0.0,1.0,0.0,0.888888888888889,0.0,1.0,8.0,0.8788322129878797,0.12116778701212014
731,71,5.0,0.0,1.0,1.0,1.0,5.0,3.0,270.0,6.0,19.0,25.0,27.0,1.0,2.0,3.0,31.0,4.0,0.0,5.19607843137255,0.0,3.0,2.0,0.888888888888889,0.0,1.0,8.0,0.8645692131810322,0.1354307868189679
731,72,5.0,21.0,1.0,1.0,1.0,5.0,3.0,270.0,6.0,19.0,25.0,27.0,1.0,2.0,3.0,31.0,4.0,0.0,5.19607843137255,0.0,1.0,0.0,0.888888888888889,0.0,1.0,8.0,0.8108461848581473,0.18915381514185275
731,73,5.0,0.0,1.0,1.0,1.0,5.0,3.0,1589.0,35.0,19.0,25.0,27.0,1.0,2.0,3.0,31.0,4.0,0.0,5.19607843137255,0.0,1.0,0.0,0.888888888888889,0.0,1.0,8.0,0.8788322897371875,0.12116771026281253
731,74,5.0,0.0,1.0,1.0,1.0,5.0,3.0,270.0,32.0,19.0,25.0,27.0,1.0,2.0,3.0,98.0,4.0,0.0,5.19607843137255,0.0,1.0,0.0,0.888888888888889,0.0,1.0,8.0,0.878832269932552,0.12116773006744785
731,75,5.0,0.0,1.0,1.0,1.0,5.0,3.0,270.0,6.0,19.0,25.0,16.0,1.0,2.0,2295.0,31.0,4.0,0.0,5.19607843137255,0.0,1.0,0.0,0.888888888888889,0.0,1.0,8.0,0.8788322902965524,0.12116770970344765
731,76,5.0,0.0,1.0,1.0,1.0,5.0,3.0,270.0,6.0,19.0,25.0,139.0,1.0,2.0,3.0,31.0,4.0,0.0,5.19607843137255,0.0,1.0,0.0,0.888888888888889,0.0,1.0,8.0,0.8637919842224948,0.13620801577750516
731,77,5.0,0.0,1.0,1.0,1.0,5.0,3.0,270.0,6.0,19.0,25.0,27.0,1.0,2.0,3.0,31.0,4.0,0.0,5.19607843137255,0.0,1.0,0.0,0.2,0.0,1.0,0.0,0.643231894529072,0.3567681054709281
731,78,5.0,0.0,1.0,1.0,1.0,5.0,3.0,270.0,6.0,19.0,25.0,27.0,1.0,2.0,3.0,31.0,0.0,337.0,5.19607843137255,0.0,1.0,0.0,0.888888888888889,0.0,1.0,8.0,0.8788323115620722,0.1211676884379277
731,79,5.0,0.0,1.0,1.0,1.0,5.0,6.0,270.0,6.0,19.0,25.0,27.0,1.0,2.0,3.0,31.0,4.0,0.0,5.19607843137255,0.0,1.0,2.0,0.888888888888889,0.0,1.0,8.0,0.8701912288987783,0.1298087711012218
731,80,5.0,0.0,1.0,1.0,1.0,5.0,3.0,270.0,6.0,19.0,25.0,27.0,1.0,2.0,2055.0,31.0,4.0,0.0,5.19607843137255,0.0,1.0,0.0,0.888888888888889,0.0,1.0,8.0,0.8788323248779097,0.12116767512209017
731,81,5.0,0.0,1.0,1.0,37.0,14.0,3.0,270.0,6.0,19.0,25.0,27.0,1.0,2.0,3.0,31.0,4.0,0.0,5.19607843137255,0.0,1.0,0.0,0.888888888888889,0.0,1.0,8.0,0.8787964030146768,0.12120359698532307
731,82,5.0,0.0,1.0,1.0,1.0,5.0,3.0,270.0,6.0,19.0,25.0,27.0,1.0,2.0,673.0,31.0,4.0,0.0,12.4,0.0,1.0,0.0,0.888888888888889,0.0,1.0,8.0,0.8785391332009747,0.12146086679902517
731,83,5.0,20.0,6.0,1.0,1.0,5.0,3.0,270.0,6.0,19.0,25.0,27.0,1.0,2.0,3.0,31.0,4.0,0.0,5.19607843137255,0.0,1.0,0.0,0.888888888888889,0.0,1.0,8.0,0.8787265026042054,0.12127349739579465
731,84,5.0,0.0,1.0,1.0,1.0,5.0,3.0,270.0,6.0,19.0,25.0,27.0,1.0,2.0,3.0,31.0,4.0,0.0,5.19607843137255,24.0,1.0,0.0,0.888888888888889,5.0,1.0,8.0,0.8788322897371875,0.12116771026281253
731,85,19.0,0.0,1.0,1.0,1.0,5.0,3.0,270.0,6.0,19.0,25.0,27.0,1.0,2.0,3.0,31.0,4.0,343.0,5.19607843137255,0.0,1.0,0.0,0.888888888888889,0.0,1.0,8.0,0.878832289737202,0.12116771026279811
731,86,5.0,0.0,1.0,1.0,55.0,5.0,3.0,270.0,6.0,19.0,25.0,27.0,1.0,2.0,564.0,31.0,4.0,0.0,5.19607843137255,0.0,1.0,0.0,0.888888888888889,0.0,1.0,8.0,0.8788322811602367,0.12116771883976328
731,87,5.0,0.0,1.0,1.0,1.0,5.0,3.0,894.0,6.0,19.0,25.0,27.0,1.0,2.0,3.0,31.0,4.0,0.0,5.19607843137255,16.0,1.0,0.0,0.888888888888889,0.0,1.0,8.0,0.878832207740869,0.12116779225913106
731,88,5.0,0.0,1.0,1.0,1.0,5.0,3.0,270.0,6.0,12.0,76.0,27.0,1.0,2.0,3.0,31.0,4.0,0.0,5.19607843137255,0.0,1.0,0.0,0.888888888888889,0.0,1.0,8.0,0.8783383747891916,0.12166162521080845
731,89,5.0,0.0,1.0,1.0,1.0,5.0,18.0,270.0,6.0,19.0,25.0,27.0,1.0,2.0,3.0,31.0,4.0,0.0,5.19607843137255,0.0,1.0,0.0,0.888888888888889,0.0,1.0,8.0,0.878830339285015,0.12116966071498486
731,90,5.0,0.0,1.0,24.0,1.0,5.0,3.0,270.0,6.0,19.0,25.0,27.0,1.0,2.0,916.0,31.0,4.0,0.0,5.19607843137255,0.0,1.0,0.0,0.888888888888889,0.0,1.0,8.0,0.8788323181829834,0.12116768181701691
731,91,5.0,0.0,1.0,1.0,1.0,5.0,3.0,270.0,6.0,19.0,25.0,27.0,1.0,2.0,1568.0,31.0,4.0,0.0,5.19607843137255,0.0,1.0,0.0,0.888888888888889,0.0,1.0,8.0,0.8789286492158385,0.12107135078416142
731,92,5.0,53.0,1.0,1.0,1.0,5.0,3.0,270.0,6.0,19.0,25.0,27.0,1.0,2.0,3.0,31.0,4.0,0.0,5.19607843137255,0.0,1.0,0.0,0.888888888888889,0.0,1.0,8.0,0.8788323054548475,0.12116769454515262
731,93,5.0,0.0,1.0,1.0,1.0,5.0,3.0,270.0,6.0,19.0,77.0,27.0,11.0,2.0,3.0,31.0,4.0,0.0,5.19607843137255,0.0,1.0,0.0,0.888888888888889,0.0,1.0,8.0,0.8788194216651444,0.12118057833485557
731,94,5.0,0.0,1.0,1.0,44.0,5.0,3.0,270.0,6.0,19.0,25.0,27.0,21.0,2.0,3.0,31.0,4.0,0.0,5.19607843137255,0.0,1.0,0.0,0.888888888888889,0.0,1.0,8.0,0.8788322897385955,0.12116771026140455
731,95,5.0,0.0,1.0,14.0,1.0,5.0,3.0,270.0,6.0,19.0,25.0,27.0,1.0,2.0,3.0,31.0,4.0,312.0,5.19607843137255,0.0,1.0,0.0,0.888888888888889,0.0,1.0,8.0,0.8788322897439605,0.12116771025603923
731,96,5.0,0.0,1.0,1.0,1.0,5.0,3.0,561.0,6.0,19.0,25.0,27.0,1.0,2.0,3.0,31.0,0.0,0.0,5.19607843137255,0.0,1.0,0.0,0.888888888888889,0.0,1.0,8.0,0.850173277433121,0.14982672256687884
731,97,5.0,0.0,1.0,1.0,1.0,5.0,3.0,270.0,6.0,19.0,25.0,27.0,1.0,2.0,3.0,74.0,0.0,0.0,5.19607843137255,0.0,1.0,0.0,0.888888888888889,0.0,1.0,8.0,0.8728924727121647,0.1271075272878353
731,98,5.0,0.0,1.0,1.0,1.0,5.0,3.0,270.0,6.0,3.0,25.0,27.0,1.0,2.0,3.0,31.0,4.0,0.0,5.19607843137255,0.0,1.0,1.0,0.888888888888889,0.0,1.0,8.0,0.7846528579677613,0.2153471420322388
731,99,5.0,0.0,1.0,1.0,1.0,5.0,3.0,270.0,6.0,19.0,25.0,27.0,1.0,2.0,3.0,31.0,5.0,0.0,5.19607843137255,0.0,18.0,0.0,0.888888888888889,0.0,1.0,8.0,0.8459370602450008,0.1540629397549991
897,0,1.0,0.0,2.0,0.0,17.0,6.0,3.0,133.0,1.0,0.0,0.0,17.0,0.0,1.0,0.0,9.0,2.0,37.0,3.61111111111111,11.0,1.0,0.0,1.0,0.0,2.0,3.0,0.8318409652848846,0.16815903471511537
897,1,1.0,0.0,2.0,0.0,17.0,6.0,3.0,133.0,1.0,0.0,0.0,17.0,0.0,1.0,0.0,9.0,4.0,0.0,22.4,1.0,1.0,0.0,1.0,0.0,2.0,3.0,0.8390071434878873,0.16099285651211262
897,2,1.0,0.0,2.0,0.0,17.0,6.0,3.0,641.0,1.0,0.0,15.0,17.0,0.0,1.0,0.0,9.0,2.0,0.0,3.61111111111111,1.0,1.0,0.0,1.0,0.0,2.0,3.0,0.8790787574128139,0.12092124258718595
897,3,1.0,0.0,2.0,0.0,17.0,6.0,3.0,133.0,1.0,0.0,0.0,17.0,16.0,1.0,0.0,9.0,2.0,0.0,3.61111111111111,1.0,1.0,4.0,1.0,0.0,2.0,3.0,0.8788331387980894,0.12116686120191046
897,4,1.0,0.0,2.0,0.0,17.0,6.0,3.0,133.0,1.0,0.0,0.0,17.0,0.0,1.0,0.0,9.0,2.0,339.0,3.61111111111111,1.0,1.0,0.0,1.0,0.0,2.0,3.0,0.8801309091315962,0.11986909086840393
897,5,2.0,0.0,2.0,0.0,17.0,6.0,3.0,133.0,1.0,0.0,0.0,17.0,0.0,1.0,0.0,9.0,2.0,0.0,22.0,1.0,1.0,0.0,1.0,0.0,2.0,3.0,0.7979768424724342,0.20202315752756586
897,6,1.0,0.0,2.0,0.0,17.0,22.0,3.0,133.0,1.0,0.0,0.0,17.0,0.0,1.0,0.0,9.0,2.0,0.0,3.61111111111111,1.0,1.0,0.0,1.0,0.0,2.0,3.0,0.844741756608971,0.15525824339102895
897,7,1.0,43.0,2.0,0.0,17.0,6.0,3.0,133.0,1.0,0.0,0.0,17.0,0.0,1.0,0.0,77.0,2.0,0.0,3.61111111111111,1.0,1.0,0.0,1.0,0.0,2.0,3.0,0.8788322895343669,0.12116771046563321
897,8,1.0,0.0,2.0,0.0,63.0,6.0,14.0,133.0,1.0,0.0,0.0,17.0,0.0,1.0,0.0,9.0,2.0,0.0,3.61111111111111,1.0,1.0,0.0,1.0,0.0,2.0,3.0,0.8788286959066581,0.12117130409334194
897,9,1.0,0.0,2.0,0.0,17.0,6.0,0.0,133.0,1.0,0.0,0.0,17.0,0.0,1.0,0.0,9.0,2.0,232.0,3.61111111111111,1.0,1.0,0.0,1.0,0.0,2.0,3.0,0.8788340138417601,0.12116598615823976
897,10,1.0,0.0,2.0,0.0,17.0,6.0,3.0,133.0,1.0,17.0,0.0,17.0,0.0,1.0,0.0,9.0,2.0,333.0,3.61111111111111,1.0,1.0,0.0,1.0,0.0,2.0,3.0,0.8788621489610332,0.12113785103896665
897,11,1.0,0.0,2.0,0.0,17.0,6.0,3.0,133.0,1.0,0.0,0.0,157.0,0.0,1.0,0.0,82.0,2.0,0.0,3.61111111111111,1.0,1.0,0.0,1.0,0.0,2.0,3.0,0.8787917253723568,0.12120827462764305
897,12,1.0,0.0,2.0,0.0,17.0,6.0,3.0,133.0,1.0,0.0,0.0,94.0,0.0,1.0,0.0,9.0,2.0,163.0,3.61111111111111,1.0,1.0,0.0,1.0,0.0,2.0,3.0,0.8789045228275771,0.1210954771724228
897,13,1.0,0.0,2.0,0.0,17.0,6.0,3.0,133.0,1.0,0.0,0.0,17.0,0.0,1.0,0.0,9.0,2.0,0.0,3.61111111111111,1.0,60.0,3.0,1.0,0.0,2.0,3.0,0.8788322897397467,0.12116771026025311
897,14,11.0,0.0,2.0,0.0,17.0,6.0,3.0,133.0,41.0,0.0,0.0,17.0,0.0,1.0,0.0,9.0,2.0,0.0,3.61111111111111,1.0,1.0,0.0,1.0,0.0,2.0,3.0,0.8788364993798908,0.12116350062010933
897,15,1.0,0.0,2.0,0.0,17.0,6.0,3.0,133.0,1.0,28.0,0.0,17.0,0.0,1.0,0.0,9.0,2.0,0.0,3.61111111111111,1.0,56.0,0.0,1.0,0.0,2.0,3.0,0.8788322897371875,0.12116771026281228
897,16,1.0,22.0,2.0,0.0,17.0,6.0,3.0,133.0,1.0,0.0,0.0,17.0,0.0,1.0,0.0,9.0,2.0,0.0,3.61111111111111,1.0,1.0,0.0,1.0,0.0,2.0,3.0,0.8431148592235256,0.15688514077647445
897,17,1.0,0.0,2.0,0.0,17.0,6.0,3.0,133.0,1.0,0.0,0.0,17.0,0.0,1.0,0.0,9.0,2.0,278.0,3.61111111111111,1.0,1.0,0.0,1.0,0.0,2.0,3.0,0.8788333473565435,0.12116665264345661
897,18,1.0,56.0,2.0,0.0,17.0,6.0,3.0,133.0,1.0,0.0,0.0,17.0,18.0,1.0,0.0,9.0,2.0,0.0,3.61111111111111,1.0,1.0,0.0,1.0,0.0,2.0,3.0,0.8788323514101267,0.12116764858987322
897,19,1.0,0.0,2.0,0.0,17.0,6.0,3.0,133.0,1.0,0.0,0.0,17.0,0.0,1.0,0.0,9.0,2.0,0.0,3.61111111111111,1.0,36.0,2.0,1.0,0.0,2.0,3.0,0.8788365955436874,0.12116340445631267
897,20,1.0,0.0,2.0,0.0,17.0,6.0,3.0,133.0,63.0,0.0,0.0,17.0,0.0,1.0,0.0,9.0,2.0,0.0,3.61111111111111,24.0,1.0,0.0,1.0,0.0,2.0,3.0,0.8788322897371934,0.12116771026280668
897,21,1.0,0.0,2.0,0.0,17.0,6.0,3.0,133.0,1.0,0.0,0.0,17.0,0.0,1.0,309.0,9.0,2.0,0.0,3.61111111111111,1.0,1.0,0.0,1.0,0.0,2.0,3.0,0.6350851874278097,0.36491481257219016
897,22,1.0,0.0,2.0,0.0,17.0,6.0,3.0,663.0,1.0,0.0,0.0,17.0,0.0,1.0,0.0,9.0,2.0,0.0,3.61111111111111,1.0,1.0,0.0,1.0,3.0,2.0,3.0,0.8788322897379303,0.12116771026206956
897,23,1.0,0.0,4.0,0.0,17.0,6.0,3.0,133.0,1.0,0.0,0.0,17.0,0.0,1.0,0.0,9.0,2.0,0.0,3.61111111111111,9.0,1.0,0.0,1.0,0.0,2.0,3.0,0.6833765965184472,0.3166234034815528
897,24,1.0,0.0,2.0,0.0,17.0,6.0,3.0,133.0,18.0,0.0,96.0,17.0,0.0,1.0,0.0,9.0,2.0,0.0,3.61111111111111,1.0,1.0,0.0,1.0,0.0,2.0,3.0,0.8788322831030845,0.12116771689691541
897,25,1.0,0.0,2.0,0.0,17.0,6.0,3.0,133.0,1.0,0.0,20.0,86.0,0.0,1.0,0.0,9.0,2.0,0.0,3.61111111111111,1.0,1.0,0.0,1.0,0.0,2.0,3.0,0.8366565369449287,0.16334346305507133
897,26,1.0,0.0,2.0,0.0,17.0,6.0,3.0,133.0,1.0,0.0,46.0,17.0,0.0,6.0,0.0,9.0,2.0,0.0,3.61111111111111,1.0,1.0,0.0,1.0,0.0,2.0,3.0,0.8787065499554034,0.1212934500445964
897,27,1.0,0.0,0.0,0.0,17.0,6.0,3.0,133.0,1.0,0.0,0.0,17.0,0.0,1.0,0.0,9.0,2.0,0.0,3.61111111111111,1.0,53.0,0.0,1.0,0.0,2.0,3.0,0.8788322897635686,0.12116771023643144
897,28,1.0,0.0,2.0,0.0,17.0,6.0,3.0,133.0,1.0,0.0,0.0,17.0,0.0,1.0,0.0,36.0,2.0,0.0,3.61111111111111,1.0,1.0,4.0,1.0,0.0,2.0,3.0,0.8788699367505115,0.12113006324948859
897,29,1.0,0.0,2.0,0.0,17.0,0.0,3.0,133.0,1.0,0.0,0.0,17.0,0.0,1.0,0.0,9.0,2.0,0.0,3.61111111111111,1.0,1.0,0.0,1.0,0.0,7.0,3.0,0.9081168052557105,0.09188319474428973
897,30,1.0,0.0,2.0,0.0,17.0,6.0,3.0,133.0,1.0,0.0,0.0,17.0,0.0,1.0,1581.0,9.0,2.0,0.0,3.61111111111111,1.0,1.0,0.0,1.0,0.0,2.0,3.0,0.8788323169166059,0.12116768308339401
897,31,1.0,98.0,2.0,0.0,17.0,6.0,3.0,133.0,1.0,0.0,0.0,17.0,0.0,1.0,0.0,9.0,2.0,0.0,3.61111111111111,1.0,1.0,3.0,1.0,0.0,2.0,3.0,0.8788322897376453,0.12116771026235482
897,32,1.0,0.0,2.0,0.0,17.0,6.0,3.0,133.0,1.0,0.0,0.0,17.0,0.0,1.0,1890.0,18.0,2.0,0.0,3.61111111111111,1.0,1.0,0.0,1.0,0.0,2.0,3.0,0.8788322902376984,0.12116770976230161
897,33,1.0,0.0,2.0,0.0,17.0,6.0,12.0,133.0,1.0,0.0,0.0,17.0,0.0,1.0,0.0,9.0,2.0,0.0,3.61111111111111,1.0,1.0,0.0,1.0,0.0,2.0,3.0,0.8736098974953916,0.12639010250460828
897,34,1.0,0.0,2.0,0.0,17.0,6.0,3.0,133.0,1.0,0.0,86.0,17.0,0.0,1.0,0.0,9.0,2.0,0.0,3.61111111111111,1.0,1.0,0.0,0.6,0.0,2.0,3.0,0.8788323383420558,0.12116766165794432
897,35,1.0,0.0,2.0,0.0,17.0,6.0,18.0,133.0,39.0,0.0,0.0,17.0,0.0,1.0,0.0,9.0,2.0,0.0,3.61111111111111,1.0,1.0,0.0,1.0,0.0,2.0,3.0,0.8788322897464635,0.12116771025353634
897,36,1.0,0.0,2.0,0.0,17.0,7.0,3.0,133.0,1.0,0.0,53.0,17.0,0.0,1.0,0.0,9.0,2.0,0.0,3.61111111111111,1.0,1.0,0.0,1.0,0.0,2.0,3.0,0.8792532643964922,0.12074673560350772
897,37,1.0,0.0,2.0,0.0,17.0,6.0,3.0,133.0,1.0,0.0,0.0,17.0,0.0,1.0,0.0,9.0,2.0,0.0,3.61111111111111,17.0,1.0,0.0,1.0,0.0,2.0,3.0,0.8515861847385373,0.14841381526146266
897,38,1.0,75.0,2.0,0.0,17.0,6.0,3.0,133.0,1.0,0.0,0.0,17.0,0.0,1.0,0.0,9.0,2.0,0.0,3.61111111111111,1.0,1.0,0.0,1.0,0.0,2.0,3.0,0.8789361555163985,0.1210638444836016
897,39,1.0,0.0,2.0,0.0,17.0,6.0,3.0,133.0,1.0,0.0,0.0,17.0,0.0,1.0,0.0,9.0,2.0,166.0,3.61111111111111,1.0,1.0,0.0,0.8,0.0,2.0,3.0,0.8819795081128469,0.11802049188715319
897,40,17.0,0.0,2.0,0.0,17.0,6.0,3.0,133.0,1.0,0.0,0.0,17.0,0.0,1.0,0.0,9.0,2.0,0.0,3.61111111111111,1.0,1.0,0.0,0.9,0.0,2.0,3.0,0.886774636822628,0.1132253631773717
897,41,1.0,0.0,2.0,0.0,17.0,6.0,16.0,133.0,1.0,0.0,0.0,17.0,0.0,1.0,0.0,9.0,2.0,71.0,3.61111111111111,1.0,1.0,0.0,1.0,0.0,2.0,3.0,0.8788333915434806,0.1211666084565195
897,42,1.0,0.0,2.0,0.0,17.0,6.0,3.0,133.0,1.0,0.0,21.0,17.0,0.0,1.0,0.0,9.0,2.0,0.0,3.61111111111111,1.0,1.0,4.0,1.0,0.0,2.0,3.0,0.8789402741144512,0.12105972588554863
897,43,1.0,0.0,2.0,0.0,17.0,6.0,3.0,1056.0,1.0,0.0,0.0,17.0,0.0,1.0,0.0,9.0,2.0,0.0,3.61111111111111,1.0,1.0,0.0,1.0,0.0,2.0,3.0,0.878832292003175,0.1211677079968251
897,44,15.0,0.0,2.0,31.0,17.0,6.0,3.0,133.0,1.0,0.0,0.0,17.0,0.0,1.0,0.0,9.0,2.0,0.0,3.61111111111111,1.0,1.0,0.0,1.0,0.0,2.0,3.0,0.878833715628623,0.12116628437137712
897,45,1.0,0.0,2.0,0.0,17.0,6.0,3.0,226.0,1.0,0.0,0.0,17.0,0.0,1.0,0.0,62.0,2.0,0.0,3.61111111111111,1.0,1.0,0.0,1.0,0.0,2.0,3.0,0.8667953429871631,0.13320465701283699
897,46,1.0,48.0,6.0,0.0,17.0,6.0,3.0,133.0,1.0,0.0,0.0,17.0,0.0,1.0,0.0,9.0,2.0,0.0,3.61111111111111,1.0,1.0,0.0,1.0,0.0,2.0,3.0,0.8788327940768081,0.12116720592319154
897,47,1.0,0.0,2.0,0.0,62.0,6.0,3.0,133.0,1.0,0.0,0.0,17.0,0.0,1.0,0.0,9.0,2.0,0.0,3.61111111111111,1.0,72.0,0.0,1.0,0.0,2.0,3.0,0.8788322897371875,0.12116771026281253
897,48,1.0,0.0,2.0,19.0,17.0,6.0,3.0,133.0,1.0,0.0,0.0,17.0,0.0,9.0,0.0,9.0,2.0,0.0,3.61111111111111,1.0,1.0,0.0,1.0,0.0,2.0,3.0,0.8839182028983449,0.11608179710165517
897,49,1.0,0.0,2.0,0.0,17.0,22.0,3.0,133.0,1.0,0.0,0.0,17.0,0.0,1.0,0.0,9.0,2.0,0.0,3.61111111111111,1.0,1.0,0.0,1.0,4.0,2.0,3.0,0.8788322897372797,0.12116771026272029
897,50,1.0,0.0,2.0,0.0,17.0,6.0,3.0,133.0,53.0,0.0,0.0,17.0,0.0,1.0,0.0,9.0,2.0,0.0,3.61111111111111,1.0,1.0,0.0,1.0,0.0,2.0,3.0,0.8788323134950706,0.12116768650492946
897,51,19.0,0.0,2.0,0.0,17.0,6.0,3.0,133.0,1.0,0.0,0.0,17.0,0.0,1.0,0.0,9.0,2.0,0.0,3.61111111111111,8.0,1.0,0.0,1.0,0.0,2.0,3.0,0.8798291704706893,0.12017082952931064
897,52,17.0,0.0,2.0,0.0,17.0,6.0,3.0,133.0,1.0,0.0,0.0,17.0,0.0,1.0,0.0,9.0,2.0,0.0,3.61111111111111,1.0,44.0,0.0,1.0,0.0,2.0,3.0,0.8788322897407639,0.12116771025923619
897,53,1.0,0.0,2.0,0.0,17.0,6.0,3.0,133.0,1.0,0.0,0.0,17.0,0.0,1.0,0.0,9.0,2.0,0.0,3.61111111111111,1.0,65.0,0.0,1.0,0.0,2.0,3.0,0.8788322897371892,0.12116771026281102
897,54,14.0,0.0,2.0,0.0,17.0,8.0,3.0,133.0,1.0,0.0,0.0,17.0,0.0,1.0,0.0,9.0,2.0,0.0,3.61111111111111,1.0,1.0,0.0,1.0,0.0,2.0,3.0,0.908529036006974,0.09147096399302608
897,55,1.0,0.0,2.0,0.0,17.0,6.0,3.0,133.0,1.0,0.0,0.0,217.0,0.0,1.0,0.0,9.0,1.0,0.0,3.61111111111111,1.0,1.0,0.0,1.0,0.0,2.0,3.0,0.8786601916014093,0.12133980839859083
897,56,1.0,0.0,2.0,0.0,17.0,6.0,3.0,133.0,1.0,0.0,0.0,105.0,0.0,1.0,0.0,9.0,2.0,0.0,3.61111111111111,1.0,1.0,0.0,1.0,0.0,2.0,3.0,0.8179151421431622,0.18208485785683762
897,57,1.0,0.0,1.0,0.0,17.0,6.0,3.0,133.0,1.0,0.0,0.0,147.0,0.0,1.0,0.0,9.0,2.0,0.0,3.61111111111111,1.0,1.0,0.0,1.0,0.0,2.0,3.0,0.8690106339482127,0.13098936605178746
897,58,1.0,0.0,2.0,0.0,17.0,6.0,3.0,133.0,1.0,0.0,0.0,17.0,0.0,1.0,0.0,9.0,2.0,141.0,3.61111111111111,1.0,1.0,0.0,1.0,0.0,2.0,3.0,0.8826962173752059,0.11730378262479438
897,59,1.0,0.0,2.0,0.0,17.0,6.0,19.0,133.0,1.0,0.0,0.0,17.0,0.0,1.0,0.0,9.0,2.0,0.0,3.61111111111111,1.0,1.0,0.0,0.7,0.0,2.0,3.0,0.8788917580416123,0.12110824195838765
897,60,1.0,0.0,2.0,0.0,17.0,6.0,3.0,133.0,1.0,22.0,0.0,17.0,0.0,1.0,0.0,9.0,2.0,0.0,3.61111111111111,1.0,1.0,0.0,1.0,0.0,2.0,3.0,0.8684946948323681,0.1315053051676321
897,61,1.0,0.0,2.0,0.0,17.0,6.0,3.0,133.0,1.0,0.0,0.0,17.0,0.0,1.0,0.0,63.0,2.0,0.0,3.61111111111111,1.0,1.0,0.0,1.0,0.0,3.0,3.0,0.8628832306738372,0.1371167693261628
897,62,1.0,0.0,2.0,0.0,17.0,6.0,3.0,133.0,47.0,0.0,0.0,17.0,0.0,1.0,0.0,9.0,2.0,0.0,3.61111111111111,1.0,64.0,0.0,1.0,0.0,2.0,3.0,0.8788322897371875,0.12116771026281253
897,63,1.0,21.0,2.0,0.0,17.0,6.0,3.0,133.0,1.0,0.0,0.0,17.0,0.0,1.0,0.0,9.0,2.0,0.0,3.61111111111111,1.0,1.0,0.0,1.0,2.0,2.0,3.0,0.8788322897405219,0.12116771025947794
897,64,1.0,0.0,2.0,0.0,17.0,6.0,3.0,133.0,1.0,0.0,0.0,17.0,0.0,1.0,1222.0,103.0,2.0,0.0,3.61111111111111,1.0,1.0,0.0,1.0,0.0,2.0,3.0,0.8788322897371985,0.12116771026280158
897,65,1.0,0.0,2.0,0.0,17.0,6.0,3.0,133.0,1.0,0.0,0.0,17.0,0.0,1.0,2923.0,9.0,2.0,0.0,3.61111111111111,1.0,1.0,0.0,1.0,0.0,2.0,3.0,0.8814785516532321,0.11852144834676794
897,66,1.0,0.0,2.0,0.0,17.0,6.0,3.0,133.0,1.0,16.0,0.0,17.0,0.0,1.0,0.0,9.0,2.0,0.0,0.2,1.0,1.0,0.0,1.0,0.0,2.0,3.0,0.8359821977707564,0.16401780222924353
897,67,1.0,49.0,2.0,0.0,17.0,6.0,3.0,1506.0,1.0,0.0,0.0,17.0,0.0,1.0,0.0,9.0,2.0,0.0,3.61111111111111,1.0,1.0,0.0,1.0,0.0,2.0,3.0,0.8788322900650432,0.12116770993495705
897,68,1.0,0.0,2.0,0.0,17.0,6.0,3.0,133.0,1.0,0.0,75.0,17.0,0.0,1.0,0.0,9.0,2.0,0.0,3.61111111111111,1.0,64.0,0.0,1.0,0.0,2.0,3.0,0.8788322897371875,0.12116771026281253
897,69,20.0,0.0,2.0,1.0,17.0,6.0,3.0,133.0,1.0,0.0,0.0,17.0,0.0,1.0,0.0,9.0,2.0,0.0,3.61111111111111,1.0,1.0,0.0,1.0,0.0,2.0,3.0,0.8797658661354312,0.12023413386456878
897,70,1.0,0.0,2.0,0.0,17.0,6.0,3.0,133.0,1.0,11.0,0.0,17.0,0.0,1.0,0.0,9.0,2.0,0.0,3.61111111111111,1.0,1.0,3.0,1.0,0.0,2.0,3.0,0.8795035311088626,0.12049646889113737
897,71,1.0,0.0,2.0,0.0,5.0,6.0,3.0,133.0,1.0,0.0,0.0,17.0,0.0,1.0,0.0,9.0,2.0,0.0,3.61111111111111,1.0,1.0,2.0,1.0,0.0,2.0,3.0,0.915112796416265,0.08488720358373503
897,72,1.0,0.0,2.0,0.0,17.0,6.0,3.0,133.0,1.0,0.0,0.0,191.0,0.0,1.0,0.0,9.0,2.0,0.0,3.61111111111111,1.0,1.0,0.0,1.0,0.0,7.0,3.0,0.8785506321347648,0.12144936786523505
897,73,1.0,0.0,2.0,0.0,35.0,6.0,3.0,133.0,1.0,0.0,0.0,17.0,0.0,1.0,0.0,9.0,2.0,0.0,6.8,1.0,1.0,0.0,1.0,0.0,2.0,3.0,0.8451644545962785,0.15483554540372146
897,74,1.0,0.0,2.0,0.0,17.0,6.0,3.0,133.0,1.0,0.0,0.0,17.0,0.0,1.0,0.0,9.0,2.0,0.0,3.61111111111111,1.0,1.0,4.0,1.0,1.0,2.0,3.0,0.8788325403994676,0.12116745960053252
897,75,1.0,0.0,2.0,0.0,17.0,6.0,3.0,133.0,11.0,0.0,0.0,17.0,0.0,1.0,0.0,9.0,2.0,0.0,3.61111111111111,1.0,1.0,0.0,1.0,3.0,2.0,3.0,0.8788323300143934,0.12116766998560648
897,76,1.0,0.0,2.0,0.0,17.0,6.0,3.0,133.0,23.0,0.0,0.0,17.0,0.0,1.0,0.0,9.0,2.0,0.0,11.6,1.0,1.0,0.0,1.0,0.0,2.0,3.0,0.8834690897219818,0.11653091027801804
897,77,1.0,0.0,2.0,0.0,17.0,6.0,3.0,133.0,1.0,0.0,85.0,17.0,0.0,1.0,0.0,9.0,2.0,0.0,3.61111111111111,1.0,1.0,0.0,1.0,0.0,2.0,3.0,0.8788322877295545,0.12116771227044552
897,78,1.0,0.0,2.0,2.0,17.0,6.0,23.0,133.0,1.0,0.0,0.0,17.0,0.0,1.0,0.0,9.0,2.0,0.0,3.61111111111111,1.0,1.0,0.0,1.0,0.0,2.0,3.0,0.8789656619735312,0.12103433802646901
897,79,1.0,0.0,2.0,0.0,17.0,6.0,3.0,133.0,1.0,0.0,0.0,21.0,0.0,1.0,0.0,9.0,2.0,128.0,3.61111111111111,1.0,1.0,0.0,1.0,0.0,2.0,3.0,0.8816877982109519,0.11831220178904801
897,80,1.0,0.0,2.0,0.0,17.0,6.0,3.0,133.0,1.0,0.0,0.0,17.0,0.0,1.0,296.0,9.0,2.0,0.0,3.61111111111111,1.0,1.0,0.0,1.0,0.0,2.0,3.0,0.5877648852153354,0.41223511478466435
897,81,1.0,0.0,2.0,0.0,17.0,6.0,3.0,133.0,1.0,0.0,48.0,17.0,0.0,1.0,0.0,9.0,2.0,0.0,3.61111111111111,1.0,1.0,0.0,1.0,4.0,2.0,3.0,0.8788322915210974,0.12116770847890244
897,82,1.0,0.0,2.0,0.0,17.0,6.0,3.0,1457.0,1.0,0.0,0.0,17.0,0.0,1.0,0.0,9.0,2.0,0.0,3.61111111111111,1.0,1.0,0.0,1.0,0.0,2.0,3.0,0.8788322897371866,0.12116771026281344
897,83,1.0,0.0,4.0,0.0,17.0,6.0,12.0,133.0,1.0,0.0,0.0,17.0,0.0,1.0,0.0,9.0,2.0,0.0,3.61111111111111,1.0,1.0,0.0,1.0,0.0,2.0,3.0,0.8787336870376975,0.12126631296230274
897,84,1.0,0.0,2.0,0.0,17.0,6.0,3.0,133.0,1.0,0.0,0.0,17.0,0.0,1.0,0.0,9.0,2.0,83.0,3.61111111111111,1.0,1.0,0.0,1.0,0.0,2.0,9.0,0.8791321762730423,0.12086782372695759
897,85,1.0,0.0,2.0,0.0,17.0,6.0,3.0,133.0,1.0,0.0,0.0,17.0,0.0,1.0,2581.0,9.0,2.0,0.0,3.61111111111111,1.0,1.0,0.0,1.0,0.0,2.0,3.0,0.8788614260017257,0.12113857399827442
897,86,1.0,0.0,2.0,0.0,17.0,6.0,3.0,133.0,1.0,0.0,93.0,17.0,0.0,1.0,0.0,9.0,2.0,0.0,3.61111111111111,1.0,1.0,0.0,1.0,0.0,2.0,3.0,0.8788326511601825,0.12116734883981745
897,87,1.0,0.0,2.0,0.0,17.0,6.0,3.0,133.0,1.0,0.0,34.0,17.0,0.0,1.0,0.0,9.0,2.0,0.0,3.61111111111111,12.0,1.0,0.0,1.0,0.0,2.0,3.0,0.8770068733046676,0.12299312669533254
897,88,1.0,0.0,2.0,0.0,17.0,6.0,3.0,133.0,1.0,0.0,0.0,149.0,0.0,1.0,0.0,9.0,2.0,0.0,3.61111111111111,1.0,1.0,0.0,1.0,5.0,2.0,3.0,0.8788322897371875,0.12116771026281253
897,89,1.0,0.0,2.0,0.0,17.0,6.0,3.0,133.0,1.0,0.0,0.0,17.0,0.0,1.0,1887.0,9.0,2.0,0.0,3.61111111111111,18.0,1.0,0.0,1.0,0.0,2.0,3.0,0.8788322897436156,0.1211677102563843
897,90,1.0,0.0,2.0,0.0,17.0,10.0,3.0,133.0,1.0,0.0,0.0,17.0,0.0,1.0,456.0,9.0,2.0,0.0,3.61111111111111,1.0,1.0,0.0,1.0,0.0,2.0,3.0,0.8592954051319336,0.1407045948680665
897,91,1.0,0.0,2.0,0.0,17.0,6.0,3.0,133.0,1.0,0.0,87.0,17.0,20.0,1.0,0.0,9.0,2.0,0.0,3.61111111111111,1.0,1.0,0.0,1.0,0.0,2.0,3.0,0.8788322897364081,0.12116771026359183
897,92,1.0,0.0,2.0,0.0,71.0,6.0,3.0,133.0,1.0,0.0,0.0,17.0,0.0,1.0,0.0,9.0,2.0,0.0,3.61111111111111,1.0,1.0,0.0,1.0,0.0,2.0,7.0,0.8744742567148095,0.1255257432851902
897,93,1.0,0.0,2.0,0.0,17.0,6.0,3.0,133.0,1.0,0.0,0.0,17.0,19.0,1.0,0.0,9.0,2.0,0.0,3.61111111111111,1.0,1.0,0.0,1.0,1.0,2.0,3.0,0.878833272405758,0.12116672759424214
897,94,1.0,0.0,2.0,0.0,17.0,6.0,3.0,133.0,1.0,0.0,53.0,17.0,0.0,1.0,0.0,89.0,2.0,0.0,3.61111111111111,1.0,1.0,0.0,1.0,0.0,2.0,3.0,0.8788272570797488,0.1211727429202514
897,95,1.0,0.0,7.0,0.0,17.0,6.0,23.0,133.0,1.0,0.0,0.0,17.0,0.0,1.0,0.0,9.0,2.0,0.0,3.61111111111111,1.0,1.0,0.0,1.0,0.0,2.0,3.0,0.878832500608851,0.121167499391149
897,96,1.0,0.0,2.0,0.0,17.0,6.0,3.0,978.0,1.0,0.0,0.0,8.0,0.0,1.0,0.0,9.0,2.0,0.0,3.61111111111111,1.0,1.0,0.0,1.0,0.0,2.0,3.0,0.8788323300099357,0.12116766999006427
897,97,1.0,0.0,2.0,0.0,17.0,6.0,3.0,133.0,1.0,14.0,0.0,17.0,0.0,1.0,0.0,9.0,2.0,0.0,3.61111111111111,1.0,1.0,0.0,1.0,0.0,4.0,3.0,0.7948954059505356,0.20510459404946446
897,98,1.0,0.0,2.0,0.0,73.0,6.0,3.0,133.0,1.0,10.0,0.0,17.0,0.0,1.0,0.0,9.0,2.0,0.0,3.61111111111111,1.0,1.0,0.0,1.0,0.0,2.0,3.0,0.8780061757183004,0.12199382428169954
897,99,1.0,0.0,2.0,0.0,17.0,6.0,3.0,133.0,1.0,0.0,0.0,17.0,0.0,1.0,0.0,82.0,2.0,0.0,3.61111111111111,1.0,1.0,0.0,1.0,0.0,2.0,4.0,0.8771374427416603,0.1228625572583398
939,0,3.0,0.0,2.0,2.0,70.0,5.0,3.0,495.0,4.0,0.0,4.0,78.0,0.0,2.0,3109.0,11.0,2.0,0.0,3.39506172839506,0.0,1.0,0.0,0.75,0.0,1.0,7.0,0.8788322897371875,0.12116771026281253
939,1,3.0,0.0,2.0,2.0,70.0,5.0,3.0,495.0,4.0,0.0,4.0,78.0,0.0,2.0,0.0,11.0,2.0,0.0,3.39506172839506,12.0,1.0,0.0,0.75,2.0,4.0,7.0,0.8788322897371803,0.12116771026281987
939,2,3.0,0.0,2.0,2.0,70.0,5.0,3.0,495.0,4.0,0.0,4.0,3.0,0.0,2.0,0.0,11.0,3.0,0.0,3.39506172839506,0.0,1.0,0.0,0.75,0.0,4.0,7.0,0.8094522439226337,0.19054775607736635
939,3,3.0,0.0,2.0,2.0,70.0,5.0,3.0,495.0,4.0,0.0,4.0,78.0,0.0,2.0,0.0,11.0,2.0,353.0,3.39506172839506,0.0,1.0,0.0,0.75,0.0,4.0,7.0,0.8788322897371875,0.12116771026281253
939,4,3.0,0.0,2.0,2.0,15.0,5.0,3.0,495.0,4.0,0.0,4.0,78.0,0.0,2.0,0.0,11.0,2.0,0.0,3.39506172839506,0.0,1.0,0.0,0.75,0.0,4.0,7.0,0.8737413761820559,0.12625862381794417
939,5,3.0,0.0,2.0,2.0,70.0,5.0,3.0,495.0,13.0,0.0,4.0,78.0,0.0,2.0,0.0,11.0,2.0,0.0,3.39506172839506,0.0,1.0,1.0,0.75,0.0,4.0,7.0,0.7658413228711194,0.23415867712888047
939,6,3.0,0.0,2.0,2.0,70.0,5.0,3.0,495.0,4.0,0.0,4.0,78.0,0.0,2.0,631.0,11.0,2.0,0.0,3.39506172839506,0.0,1.0,0.0,0.75,0.0,4.0,7.0,0.878160271884455,0.12183972811554519
939,7,3.0,0.0,2.0,2.0,70.0,5.0,3.0,495.0,4.0,0.0,4.0,78.0,0.0,2.0,0.0,11.0,3.0,0.0,3.39506172839506,0.0,84.0,0.0,0.75,0.0,4.0,7.0,0.8788322897371875,0.12116771026281253
939,8,3.0,0.0,2.0,2.0,70.0,5.0,3.0,495.0,57.0,0.0,70.0,78.0,0.0,2.0,0.0,11.0,2.0,0.0,3.39506172839506,0.0,1.0,0.0,0.75,0.0,4.0,7.0,0.8788322897372559,0.12116771026274419
939,9,3.0,0.0,2.0,2.0,70.0,5.0,3.0,495.0,4.0,0.0,35.0,78.0,0.0,2.0,0.0,106.0,2.0,0.0,3.39506172839506,0.0,1.0,0.0,0.75,0.0,4.0,7.0,0.878832289691291,0.12116771030870918
939,10,3.0,0.0,2.0,2.0,70.0,5.0,3.0,495.0,4.0,0.0,4.0,78.0,0.0,2.0,1441.0,11.0,2.0,0.0,3.39506172839506,0.0,1.0,0.0,0.75,0.0,4.0,7.0,0.8788322897371872,0.12116771026281274
939,11,3.0,0.0,2.0,2.0,70.0,5.0,3.0,495.0,4.0,0.0,4.0,78.0,0.0,4.0,2493.0,11.0,2.0,0.0,3.39506172839506,0.0,1.0,0.0,0.75,0.0,4.0,7.0,0.8788322897371875,0.12116771026281253
939,12,3.0,0.0,2.0,2.0,70.0,5.0,3.0,1404.0,4.0,0.0,4.0,78.0,6.0,2.0,0.0,11.0,2.0,0.0,3.39506172839506,0.0,1.0,0.0,0.75,0.0,4.0,7.0,0.8788322897371679,0.12116771026283209
939,13,3.0,0.0,2.0,2.0,70.0,5.0,3.0,495.0,63.0,23.0,4.0,78.0,0.0,2.0,0.0,11.0,2.0,0.0,3.39506172839506,0.0,1.0,0.0,0.75,0.0,4.0,7.0,0.8788322920656689,0.12116770793433089
939,14,3.0,0.0,2.0,2.0,70.0,5.0,3.0,495.0,29.0,0.0,4.0,78.0,0.0,2.0,0.0,103.0,2.0,0.0,3.39506172839506,0.0,1.0,0.0,0.75,0.0,4.0,7.0,0.8788322897342862,0.12116771026571393
939,15,3.0,0.0,2.0,2.0,70.0,5.0,3.0,495.0,9.0,0.0,4.0,78.0,0.0,2.0,2787.0,11.0,2.0,0.0,3.39506172839506,0.0,1.0,0.0,0.75,0.0,4.0,7.0,0.8788322897371875,0.12116771026281253
939,16,3.0,0.0,2.0,2.0,70.0,5.0,3.0,495.0,4.0,0.0,4.0,78.0,0.0,2.0,0.0,11.0,2.0,0.0,3.39506172839506,19.0,1.0,0.0,0.75,0.0,4.0,7.0,0.8728655810388992,0.12713441896110053
939,17,3.0,0.0,2.0,2.0,70.0,5.0,3.0,495.0,4.0,0.0,87.0,78.0,0.0,2.0,0.0,11.0,2.0,0.0,3.39506172839506,0.0,1.0,0.0,0.9,0.0,4.0,7.0,0.8788322896841698,0.12116771031583001
939,18,3.0,0.0,2.0,2.0,70.0,5.0,3.0,495.0,4.0,0.0,4.0,78.0,0.0,2.0,0.0,11.0,2.0,340.0,3.39506172839506,0.0,1.0,0.0,0.75,0.0,4.0,7.0,0.8788322897371875,0.12116771026281253
939,19,3.0,0.0,2.0,2.0,70.0,5.0,3.0,495.0,4.0,0.0,4.0,78.0,0.0,2.0,0.0,11.0,2.0,345.0,3.39506172839506,0.0,1.0,0.0,0.75,0.0,4.0,7.0,0.8788322897371875,0.12116771026281253
939,20,3.0,0.0,2.0,2.0,23.0,5.0,3.0,495.0,4.0,0.0,4.0,78.0,0.0,2.0,0.0,11.0,2.0,0.0,22.8,0.0,1.0,0.0,0.75,0.0,4.0,7.0,0.8786363150510349,0.12136368494896518
939,21,3.0,0.0,2.0,2.0,70.0,23.0,3.0,495.0,4.0,0.0,4.0,78.0,0.0,2.0,0.0,11.0,2.0,0.0,3.39506172839506,0.0,1.0,2.0,0.75,0.0,4.0,7.0,0.8786871430273342,0.12131285697266588
939,22,3.0,108.0,2.0,9.0,70.0,5.0,3.0,495.0,4.0,0.0,4.0,78.0,0.0,2.0,0.0,11.0,2.0,0.0,3.39506172839506,0.0,1.0,0.0,0.75,0.0,4.0,7.0,0.8788322897371875,0.12116771026281253
939,23,3.0,0.0,2.0,2.0,70.0,5.0,3.0,495.0,4.0,0.0,4.0,36.0,0.0,2.0,0.0,11.0,2.0,53.0,3.39506172839506,0.0,1.0,0.0,0.75,0.0,4.0,7.0,0.8665910845657127,0.1334089154342874
939,24,3.0,0.0,8.0,2.0,70.0,5.0,3.0,495.0,4.0,0.0,4.0,78.0,0.0,2.0,0.0,11.0,2.0,0.0,3.39506172839506,8.0,1.0,0.0,0.75,0.0,4.0,7.0,0.8788313904124874,0.1211686095875128
939,25,3.0,0.0,2.0,2.0,70.0,5.0,3.0,495.0,4.0,0.0,4.0,78.0,0.0,2.0,0.0,11.0,2.0,0.0,8.4,0.0,1.0,0.0,0.75,5.0,4.0,7.0,0.8788322897371875,0.12116771026281253
939,26,3.0,0.0,2.0,2.0,70.0,5.0,3.0,495.0,4.0,0.0,4.0,78.0,0.0,2.0,1581.0,11.0,2.0,0.0,3.39506172839506,0.0,1.0,0.0,0.75,0.0,4.0,7.0,0.8788322897371875,0.12116771026281253
939,27,3.0,0.0,2.0,2.0,11.0,5.0,3.0,495.0,4.0,0.0,4.0,78.0,0.0,2.0,0.0,11.0,2.0,0.0,3.39506172839506,0.0,1.0,0.0,0.75,0.0,4.0,7.0,0.8694869276981502,0.13051307230184994
939,28,3.0,0.0,2.0,2.0,70.0,15.0,3.0,495.0,4.0,0.0,4.0,78.0,0.0,2.0,0.0,11.0,2.0,114.0,3.39506172839506,0.0,1.0,0.0,0.75,0.0,4.0,7.0,0.8788322500049082,0.12116774999509188
939,29,3.0,0.0,2.0,2.0,70.0,5.0,3.0,495.0,4.0,0.0,4.0,78.0,0.0,2.0,0.0,57.0,2.0,0.0,15.7,0.0,1.0,0.0,0.75,0.0,4.0,7.0,0.8768086646978203,0.1231913353021799
939,30,3.0,0.0,2.0,2.0,70.0,5.0,3.0,495.0,4.0,0.0,4.0,78.0,0.0,2.0,1292.0,11.0,2.0,0.0,13.5,0.0,1.0,0.0,0.75,0.0,4.0,7.0,0.8788322897370815,0.12116771026291857
939,31,3.0,0.0,2.0,2.0,70.0,5.0,3.0,495.0,4.0,0.0,4.0,78.0,0.0,2.0,0.0,82.0,2.0,0.0,3.39506172839506,0.0,1.0,0.0,0.75,0.0,4.0,7.0,0.8788239186189771,0.12117608138102294
939,32,3.0,0.0,2.0,2.0,70.0,5.0,3.0,495.0,4.0,0.0,4.0,78.0,22.0,2.0,0.0,11.0,2.0,0.0,3.39506172839506,2.0,1.0,0.0,0.75,0.0,4.0,7.0,0.8788321419546599,0.1211678580453402
939,33,3.0,20.0,6.0,2.0,70.0,5.0,3.0,495.0,4.0,0.0,4.0,78.0,0.0,2.0,0.0,11.0,2.0,0.0,3.39506172839506,0.0,1.0,0.0,0.75,0.0,4.0,7.0,0.8786678162485133,0.12133218375148656
939,34,3.0,0.0,2.0,2.0,38.0,5.0,3.0,495.0,4.0,0.0,4.0,78.0,0.0,2.0,0.0,11.0,2.0,0.0,3.39506172839506,0.0,1.0,4.0,0.75,0.0,4.0,7.0,0.8788322893438776,0.12116771065612243
939,35,3.0,25.0,2.0,2.0,70.0,5.0,3.0,495.0,4.0,0.0,4.0,78.0,0.0,2.0,0.0,11.0,2.0,0.0,8.5,0.0,1.0,0.0,0.75,0.0,4.0,7.0,0.8700349939790305,0.1299650060209694
939,36,3.0,0.0,2.0,2.0,70.0,5.0,3.0,495.0,47.0,0.0,4.0,78.0,0.0,2.0,0.0,11.0,2.0,0.0,3.2,0.0,1.0,0.0,0.75,0.0,4.0,7.0,0.8788322918525323,0.12116770814746779
939,37,3.0,0.0,2.0,2.0,70.0,5.0,3.0,495.0,4.0,0.0,4.0,78.0,0.0,6.0,0.0,11.0,2.0,0.0,3.39506172839506,0.0,1.0,0.0,0.75,0.0,4.0,0.0,0.7654777090069683,0.23452229099303173
939,38,3.0,0.0,8.0,2.0,70.0,5.0,3.0,495.0,4.0,0.0,4.0,78.0,0.0,2.0,0.0,11.0,2.0,0.0,22.8,0.0,1.0,0.0,0.75,0.0,4.0,7.0,0.8788321324044811,0.1211678675955189
939,39,3.0,95.0,2.0,2.0,70.0,5.0,3.0,495.0,4.0,0.0,4.0,78.0,0.0,2.0,0.0,11.0,3.0,0.0,3.39506172839506,0.0,1.0,0.0,0.75,0.0,4.0,7.0,0.8788322897371875,0.12116771026281253
939,40,3.0,0.0,2.0,2.0,70.0,5.0,3.0,495.0,4.0,0.0,4.0,78.0,19.0,2.0,0.0,11.0,2.0,0.0,3.39506172839506,0.0,1.0,0.0,0.75,1.0,4.0,7.0,0.8788322858250336,0.12116771417496656
939,41,3.0,0.0,2.0,2.0,70.0,5.0,3.0,495.0,4.0,0.0,4.0,78.0,0.0,0.0,0.0,11.0,2.0,139.0,3.39506172839506,0.0,1.0,0.0,0.75,0.0,4.0,7.0,0.8788322896599869,0.12116771034001314
939,42,3.0,0.0,2.0,2.0,70.0,5.0,3.0,495.0,4.0,0.0,4.0,78.0,0.0,2.0,0.0,54.0,2.0,0.0,3.39506172839506,0.0,1.0,0.0,0.75,0.0,2.0,7.0,0.870500284801627,0.12949971519837308
939,43,3.0,0.0,2.0,2.0,70.0,5.0,3.0,495.0,4.0,0.0,4.0,149.0,0.0,2.0,0.0,11.0,2.0,0.0,3.39506172839506,0.0,1.0,0.0,0.75,0.0,4.0,7.0,0.8124063029672159,0.18759369703278403
939,44,3.0,0.0,2.0,2.0,70.0,5.0,3.0,495.0,4.0,12.0,4.0,78.0,0.0,2.0,0.0,11.0,2.0,211.0,3.39506172839506,0.0,1.0,0.0,0.75,0.0,4.0,7.0,0.8788322897371875,0.12116771026281253
939,45,3.0,0.0,2.0,2.0,70.0,5.0,3.0,495.0,15.0,0.0,4.0,136.0,0.0,2.0,0.0,11.0,2.0,0.0,3.39506172839506,0.0,1.0,0.0,0.75,0.0,4.0,7.0,0.8459972551747474,0.15400274482525275
939,46,3.0,0.0,2.0,2.0,70.0,5.0,3.0,495.0,4.0,18.0,4.0,78.0,0.0,2.0,0.0,11.0,2.0,0.0,3.39506172839506,0.0,1.0,0.0,0.75,0.0,4.0,7.0,0.8652360886154796,0.13476391138452018
939,47,19.0,0.0,2.0,2.0,70.0,5.0,3.0,495.0,50.0,0.0,4.0,78.0,0.0,2.0,0.0,11.0,2.0,0.0,3.39506172839506,0.0,1.0,0.0,0.75,0.0,4.0,7.0,0.8788322897372407,0.12116771026275938
939,48,3.0,0.0,2.0,2.0,70.0,5.0,3.0,495.0,4.0,0.0,4.0,78.0,0.0,2.0,1133.0,11.0,2.0,0.0,3.39506172839506,11.0,1.0,0.0,0.75,0.0,4.0,7.0,0.8788322897033979,0.12116771029660224
939,49,3.0,0.0,2.0,2.0,70.0,5.0,3.0,495.0,4.0,0.0,4.0,78.0,0.0,2.0,0.0,78.0,2.0,0.0,3.39506172839506,16.0,1.0,0.0,0.75,0.0,4.0,7.0,0.8788312555004939,0.1211687444995062
939,50,3.0,0.0,2.0,2.0,70.0,24.0,3.0,495.0,4.0,0.0,4.0,78.0,0.0,2.0,1441.0,11.0,2.0,0.0,3.39506172839506,0.0,1.0,0.0,0.75,0.0,4.0,7.0,0.8788322897371875,0.12116771026281253
939,51,3.0,0.0,2.0,2.0,10.0,5.0,3.0,495.0,4.0,0.0,4.0,78.0,0.0,2.0,2526.0,11.0,2.0,0.0,3.39506172839506,0.0,1.0,0.0,0.75,0.0,4.0,7.0,0.8788324761658811,0.12116752383411902
939,52,3.0,0.0,2.0,2.0,70.0,5.0,3.0,1417.0,4.0,0.0,4.0,78.0,0.0,2.0,0.0,11.0,2.0,0.0,3.39506172839506,0.0,1.0,0.0,0.75,0.0,4.0,7.0,0.8788322897371611,0.12116771026283896
939,53,3.0,0.0,2.0,2.0,70.0,5.0,3.0,495.0,4.0,0.0,4.0,78.0,0.0,2.0,0.0,11.0,2.0,0.0,3.39506172839506,0.0,57.0,0.0,0.75,0.0,4.0,7.0,0.8788322897371875,0.12116771026281253
939,54,3.0,0.0,2.0,2.0,70.0,19.0,3.0,495.0,4.0,0.0,4.0,78.0,0.0,2.0,0.0,11.0,2.0,0.0,3.39506172839506,0.0,1.0,0.0,0.75,4.0,4.0,7.0,0.8788322897371875,0.12116771026281253
939,55,3.0,0.0,2.0,2.0,70.0,11.0,3.0,495.0,4.0,0.0,4.0,78.0,0.0,2.0,0.0,11.0,2.0,0.0,23.6,0.0,1.0,0.0,0.75,0.0,4.0,7.0,0.8519664538965417,0.1480335461034582
939,56,3.0,0.0,2.0,2.0,70.0,1.0,3.0,495.0,4.0,0.0,4.0,78.0,0.0,2.0,0.0,11.0,2.0,0.0,3.39506172839506,0.0,1.0,3.0,0.75,0.0,4.0,7.0,0.878798329496735,0.1212016705032648
939,57,3.0,0.0,2.0,2.0,70.0,5.0,3.0,495.0,4.0,0.0,4.0,78.0,0.0,2.0,0.0,11.0,2.0,220.0,3.39506172839506,0.0,1.0,0.0,0.75,0.0,4.0,7.0,0.8788322897371875,0.12116771026281253
939,58,3.0,0.0,2.0,2.0,70.0,5.0,3.0,495.0,4.0,0.0,4.0,78.0,0.0,2.0,519.0,11.0,2.0,0.0,3.39506172839506,0.0,1.0,0.0,0.75,0.0,4.0,7.0,0.8725505571146841,0.12744944288531576
939,59,3.0,91.0,2.0,2.0,70.0,5.0,3.0,1059.0,4.0,0.0,4.0,78.0,0.0,2.0,0.0,11.0,2.0,0.0,3.39506172839506,0.0,1.0,0.0,0.75,0.0,4.0,7.0,0.8788322897371875,0.12116771026281253
939,60,3.0,0.0,4.0,2.0,70.0,5.0,3.0,495.0,4.0,0.0,4.0,78.0,0.0,2.0,0.0,11.0,2.0,0.0,3.39506172839506,0.0,79.0,0.0,0.75,0.0,4.0,7.0,0.8788322897371875,0.12116771026281253
939,61,3.0,0.0,2.0,2.0,70.0,5.0,3.0,495.0,4.0,0.0,4.0,78.0,0.0,2.0,0.0,11.0,2.0,0.0,3.39506172839506,13.0,1.0,0.0,0.75,0.0,4.0,7.0,0.7889563195598275,0.2110436804401725
939,62,3.0,60.0,2.0,2.0,70.0,5.0,3.0,495.0,4.0,0.0,4.0,78.0,0.0,9.0,0.0,11.0,2.0,0.0,3.39506172839506,0.0,1.0,0.0,0.75,0.0,4.0,7.0,0.8788322897216232,0.12116771027837708
939,63,3.0,0.0,2.0,2.0,70.0,5.0,3.0,495.0,4.0,0.0,4.0,78.0,0.0,2.0,0.0,11.0,2.0,351.0,3.39506172839506,0.0,1.0,0.0,0.75,0.0,4.0,7.0,0.8788322897371875,0.12116771026281253
939,64,3.0,0.0,2.0,34.0,70.0,5.0,3.0,495.0,4.0,0.0,10.0,78.0,0.0,2.0,0.0,11.0,2.0,0.0,3.39506172839506,0.0,1.0,0.0,0.75,0.0,4.0,7.0,0.8788322897180494,0.12116771028195068
939,65,3.0,0.0,2.0,2.0,78.0,5.0,3.0,495.0,4.0,0.0,4.0,78.0,0.0,2.0,0.0,11.0,2.0,0.0,3.39506172839506,0.0,50.0,0.0,0.75,0.0,4.0,7.0,0.8788322897370161,0.12116771026298384
939,66,3.0,0.0,2.0,2.0,70.0,5.0,3.0,495.0,4.0,10.0,33.0,78.0,0.0,2.0,0.0,11.0,2.0,0.0,3.39506172839506,0.0,1.0,0.0,0.75,0.0,4.0,7.0,0.8671466768633681,0.13285332313663162
939,67,3.0,0.0,2.0,2.0,70.0,5.0,3.0,1205.0,4.0,0.0,4.0,78.0,0.0,2.0,0.0,11.0,2.0,0.0,3.39506172839506,0.0,1.0,0.0,0.75,0.0,4.0,7.0,0.8788322849606337,0.12116771503936624
939,68,3.0,0.0,2.0,8.0,70.0,5.0,3.0,495.0,4.0,0.0,4.0,78.0,22.0,2.0,0.0,11.0,2.0,0.0,3.39506172839506,0.0,1.0,0.0,0.75,0.0,4.0,7.0,0.87883222302859,0.12116777697141
939,69,3.0,109.0,2.0,2.0,70.0,5.0,3.0,495.0,4.0,0.0,4.0,78.0,0.0,2.0,0.0,102.0,2.0,0.0,3.39506172839506,0.0,1.0,0.0,0.75,0.0,4.0,7.0,0.8788322897371875,0.12116771026281253
939,70,3.0,0.0,2.0,2.0,70.0,5.0,3.0,495.0,41.0,0.0,4.0,78.0,0.0,2.0,0.0,56.0,2.0,0.0,3.39506172839506,0.0,1.0,0.0,0.75,0.0,4.0,7.0,0.8788322888500255,0.12116771114997459
939,71,3.0,0.0,2.0,2.0,70.0,5.0,3.0,495.0,4.0,0.0,4.0,207.0,0.0,2.0,0.0,96.0,2.0,0.0,3.39506172839506,0.0,1.0,0.0,0.75,0.0,4.0,7.0,0.8788322897104103,0.12116771028958945
939,72,3.0,0.0,2.0,2.0,70.0,5.0,8.0,495.0,4.0,0.0,4.0,78.0,9.0,2.0,0.0,11.0,2.0,0.0,3.39506172839506,0.0,1.0,0.0,0.75,0.0,4.0,7.0,0.8669193245951039,0.1330806754048962
939,73,3.0,0.0,2.0,2.0,70.0,5.0,3.0,495.0,39.0,0.0,4.0,78.0,0.0,2.0,0.0,11.0,2.0,0.0,3.39506172839506,0.0,1.0,0.0,0.75,0.0,4.0,7.0,0.8788318600621708,0.12116813993782938
939,74,3.0,0.0,2.0,2.0,70.0,5.0,3.0,495.0,4.0,0.0,4.0,78.0,0.0,2.0,0.0,11.0,2.0,0.0,3.39506172839506,0.0,1.0,2.0,0.75,0.0,4.0,7.0,0.8698011182959886,0.13019888170401148
939,75,3.0,0.0,2.0,2.0,70.0,5.0,3.0,495.0,61.0,0.0,4.0,78.0,0.0,2.0,0.0,11.0,0.0,0.0,3.39506172839506,0.0,1.0,0.0,0.75,0.0,4.0,7.0,0.8788328605883072,0.12116713941169277
939,76,3.0,0.0,2.0,2.0,70.0,5.0,12.0,495.0,4.0,0.0,4.0,78.0,22.0,2.0,0.0,11.0,2.0,0.0,3.39506172839506,0.0,1.0,0.0,0.75,0.0,4.0,7.0,0.8788322883888809,0.12116771161111883
939,77,3.0,0.0,2.0,2.0,70.0,5.0,3.0,495.0,4.0,0.0,4.0,78.0,0.0,2.0,0.0,11.0,2.0,83.0,3.39506172839506,0.0,1.0,0.0,0.75,0.0,4.0,9.0,0.8786695628535252,0.12133043714647487
939,78,3.0,0.0,2.0,2.0,70.0,5.0,3.0,495.0,4.0,0.0,4.0,78.0,0.0,2.0,0.0,11.0,2.0,0.0,3.39506172839506,0.0,1.0,0.0,0.75,1.0,4.0,0.0,0.8787767460627671,0.12122325393723284
939,79,3.0,0.0,2.0,2.0,70.0,5.0,3.0,495.0,42.0,0.0,4.0,78.0,0.0,2.0,0.0,11.0,2.0,41.0,3.39506172839506,0.0,1.0,0.0,0.75,0.0,4.0,7.0,0.8788322850730539,0.12116771492694614
939,80,3.0,0.0,2.0,2.0,70.0,5.0,3.0,495.0,4.0,0.0,4.0,78.0,6.0,2.0,0.0,11.0,2.0,0.0,3.39506172839506,0.0,1.0,0.0,0.75,5.0,4.0,7.0,0.8788322897371875,0.12116771026281253
939,81,3.0,0.0,2.0,2.0,70.0,5.0,3.0,495.0,4.0,0.0,4.0,78.0,0.0,2.0,903.0,11.0,2.0,230.0,3.39506172839506,0.0,1.0,0.0,0.75,0.0,4.0,7.0,0.8788322897371875,0.12116771026281253
939,82,3.0,0.0,0.0,2.0,70.0,5.0,3.0,1181.0,4.0,0.0,4.0,78.0,0.0,2.0,0.0,11.0,2.0,0.0,3.39506172839506,0.0,1.0,0.0,0.75,0.0,4.0,7.0,0.8788322859137245,0.12116771408627582
939,83,3.0,0.0,2.0,2.0,70.0,23.0,3.0,495.0,4.0,0.0,4.0,78.0,0.0,2.0,0.0,56.0,2.0,0.0,3.39506172839506,0.0,1.0,0.0,0.75,0.0,4.0,7.0,0.8787172541465856,0.12128274585341436
939,84,3.0,0.0,2.0,2.0,70.0,5.0,3.0,495.0,4.0,0.0,4.0,78.0,0.0,2.0,1654.0,11.0,2.0,0.0,3.39506172839506,0.0,1.0,0.0,0.4,0.0,4.0,7.0,0.8788322897371875,0.12116771026281253
939,85,3.0,0.0,2.0,2.0,70.0,5.0,3.0,495.0,4.0,0.0,4.0,78.0,0.0,2.0,2950.0,11.0,2.0,0.0,3.39506172839506,0.0,1.0,0.0,0.75,0.0,4.0,7.0,0.8788322897371875,0.12116771026281253
939,86,3.0,0.0,2.0,2.0,70.0,5.0,3.0,495.0,4.0,0.0,4.0,78.0,0.0,2.0,0.0,11.0,2.0,49.0,3.39506172839506,0.0,1.0,0.0,0.75,0.0,4.0,7.0,0.8362952027609263,0.16370479723907344
939,87,3.0,0.0,2.0,2.0,70.0,5.0,3.0,495.0,4.0,0.0,4.0,78.0,0.0,2.0,0.0,11.0,2.0,0.0,3.39506172839506,0.0,25.0,0.0,0.8,0.0,4.0,7.0,0.878071526535001,0.1219284734649991
939,88,3.0,0.0,2.0,2.0,70.0,5.0,3.0,495.0,4.0,0.0,4.0,78.0,0.0,2.0,2895.0,11.0,2.0,0.0,3.39506172839506,0.0,1.0,0.0,0.75,0.0,4.0,7.0,0.8788322897371875,0.12116771026281253
939,89,3.0,0.0,2.0,2.0,70.0,5.0,3.0,495.0,4.0,0.0,4.0,151.0,0.0,2.0,0.0,11.0,2.0,0.0,3.39506172839506,0.0,1.0,0.0,0.75,0.0,4.0,7.0,0.8220703248525325,0.17792967514746744
939,90,3.0,0.0,2.0,2.0,70.0,5.0,3.0,495.0,4.0,0.0,4.0,78.0,0.0,2.0,0.0,11.0,3.0,0.0,3.39506172839506,0.0,1.0,0.0,0.75,2.0,4.0,7.0,0.8788322897371437,0.1211677102628563
939,91,3.0,0.0,2.0,2.0,70.0,5.0,3.0,495.0,4.0,0.0,96.0,192.0,0.0,2.0,0.0,11.0,2.0,0.0,3.39506172839506,0.0,1.0,0.0,0.75,0.0,4.0,7.0,0.8788322897371869,0.12116771026281309
939,92,3.0,0.0,2.0,2.0,70.0,5.0,3.0,495.0,4.0,0.0,4.0,78.0,0.0,2.0,0.0,11.0,2.0,0.0,9.1,0.0,1.0,0.0,0.75,0.0,4.0,0.0,0.7664801701818276,0.23351982981817232
939,93,3.0,0.0,2.0,2.0,30.0,5.0,3.0,495.0,4.0,0.0,4.0,78.0,0.0,2.0,0.0,11.0,2.0,0.0,3.39506172839506,19.0,1.0,0.0,0.75,0.0,4.0,7.0,0.8787841908592262,0.12121580914077394
939,94,3.0,0.0,2.0,2.0,70.0,5.0,3.0,495.0,4.0,0.0,66.0,78.0,0.0,2.0,0.0,11.0,2.0,0.0,3.39506172839506,0.0,1.0,0.0,0.75,0.0,4.0,7.0,0.8788307758412683,0.12116922415873195
939,95,3.0,0.0,7.0,29.0,70.0,5.0,3.0,495.0,4.0,0.0,4.0,78.0,0.0,2.0,0.0,11.0,2.0,0.0,3.39506172839506,0.0,1.0,0.0,0.75,0.0,4.0,7.0,0.8788322897337216,0.12116771026627836
939,96,3.0,0.0,2.0,2.0,70.0,5.0,3.0,495.0,4.0,0.0,4.0,78.0,0.0,2.0,0.0,11.0,2.0,0.0,3.39506172839506,0.0,50.0,0.0,0.75,0.0,4.0,7.0,0.8788322897367628,0.12116771026323722
939,97,3.0,0.0,2.0,2.0,70.0,5.0,3.0,495.0,4.0,0.0,4.0,78.0,0.0,2.0,0.0,11.0,2.0,276.0,3.3,0.0,1.0,0.0,0.75,0.0,4.0,7.0,0.8788322897371875,0.12116771026281253
939,98,3.0,0.0,2.0,2.0,70.0,5.0,3.0,103.0,4.0,0.0,4.0,78.0,0.0,2.0,0.0,11.0,2.0,0.0,3.39506172839506,0.0,1.0,1.0,0.75,0.0,4.0,7.0,0.8741427679929334,0.12585723200706658
939,99,3.0,0.0,2.0,2.0,70.0,5.0,7.0,495.0,4.0,0.0,66.0,78.0,0.0,2.0,0.0,11.0,2.0,0.0,3.39506172839506,0.0,1.0,0.0,0.75,0.0,4.0,7.0,0.8788316971997299,0.12116830280027024
946,0,2.0,0.0,1.0,1.0,18.0,4.0,4.0,106.0,1.0,0.0,0.0,170.0,0.0,1.0,0.0,5.0,0.0,0.0,2.63157894736842,1.0,1.0,0.0,1.0,0.0,2.0,5.0,0.8774367350426227,0.1225632649573772
946,1,2.0,0.0,1.0,1.0,18.0,4.0,4.0,106.0,72.0,25.0,0.0,17.0,0.0,1.0,0.0,5.0,1.0,0.0,2.63157894736842,1.0,1.0,0.0,1.0,0.0,2.0,5.0,0.8788322897371871,0.12116771026281288
946,2,2.0,0.0,0.0,1.0,18.0,14.0,4.0,106.0,1.0,0.0,0.0,17.0,0.0,1.0,0.0,5.0,1.0,0.0,2.63157894736842,1.0,1.0,0.0,1.0,0.0,2.0,5.0,0.7184489113702053,0.2815510886297947
946,3,2.0,0.0,1.0,19.0,18.0,4.0,4.0,106.0,1.0,0.0,0.0,17.0,0.0,1.0,0.0,5.0,1.0,86.0,2.63157894736842,1.0,1.0,0.0,1.0,0.0,2.0,5.0,0.8788344322291617,0.12116556777083831
946,4,2.0,0.0,1.0,1.0,18.0,4.0,4.0,106.0,1.0,0.0,20.0,17.0,0.0,1.0,0.0,5.0,1.0,0.0,2.63157894736842,1.0,1.0,0.0,1.0,0.0,2.0,5.0,0.6315508958395586,0.3684491041604412
946,5,2.0,0.0,2.0,1.0,75.0,4.0,4.0,106.0,1.0,0.0,0.0,17.0,0.0,1.0,0.0,5.0,1.0,0.0,2.63157894736842,1.0,1.0,0.0,1.0,0.0,2.0,5.0,0.8773994813843138,0.12260051861568622
946,6,2.0,0.0,1.0,1.0,18.0,4.0,4.0,106.0,1.0,9.0,0.0,17.0,0.0,1.0,0.0,5.0,1.0,0.0,2.63157894736842,1.0,1.0,0.0,1.0,0.0,2.0,2.0,0.6085511611914081,0.3914488388085921
946,7,2.0,0.0,1.0,1.0,18.0,4.0,4.0,106.0,1.0,0.0,0.0,17.0,12.0,1.0,0.0,5.0,1.0,0.0,2.63157894736842,1.0,63.0,0.0,1.0,0.0,2.0,5.0,0.8788322897371885,0.12116771026281169
946,8,2.0,0.0,1.0,12.0,18.0,4.0,24.0,106.0,1.0,0.0,0.0,17.0,0.0,1.0,0.0,5.0,1.0,0.0,2.63157894736842,1.0,1.0,0.0,1.0,0.0,2.0,5.0,0.8788378704038406,0.12116212959615937
946,9,2.0,0.0,1.0,1.0,18.0,14.0,4.0,106.0,1.0,0.0,0.0,17.0,0.0,1.0,0.0,5.0,1.0,0.0,2.63157894736842,1.0,1.0,0.0,1.0,0.0,2.0,3.0,0.5267526479065361,0.4732473520934638
946,10,2.0,0.0,1.0,1.0,18.0,4.0,4.0,106.0,1.0,13.0,0.0,17.0,0.0,1.0,0.0,43.0,1.0,0.0,2.63157894736842,1.0,1.0,0.0,1.0,0.0,2.0,5.0,0.8752625649620036,0.12473743503799635
946,11,2.0,0.0,1.0,1.0,18.0,4.0,4.0,106.0,1.0,0.0,0.0,17.0,0.0,1.0,1368.0,5.0,1.0,0.0,2.63157894736842,15.0,1.0,0.0,1.0,0.0,2.0,5.0,0.8788322925709159,0.12116770742908418
946,12,2.0,0.0,1.0,1.0,18.0,4.0,4.0,930.0,1.0,0.0,0.0,17.0,0.0,1.0,0.0,5.0,1.0,0.0,2.63157894736842,1.0,1.0,0.0,1.0,0.0,2.0,5.0,0.8788325055705059,0.12116749442949408
946,13,2.0,0.0,1.0,1.0,4.0,4.0,4.0,106.0,1.0,0.0,0.0,17.0,0.0,1.0,0.0,5.0,1.0,0.0,11.5,1.0,1.0,0.0,1.0,0.0,2.0,5.0,0.8899011892111481,0.11009881078885221
946,14,8.0,0.0,1.0,1.0,18.0,4.0,15.0,106.0,1.0,0.0,0.0,17.0,0.0,1.0,0.0,5.0,1.0,0.0,2.63157894736842,1.0,1.0,0.0,1.0,0.0,2.0,5.0,0.8787878387880022,0.12121216121199774
946,15,2.0,0.0,1.0,1.0,18.0,4.0,4.0,106.0,1.0,0.0,0.0,205.0,0.0,1.0,0.0,5.0,1.0,0.0,2.63157894736842,1.0,1.0,0.0,1.0,0.0,2.0,5.0,0.8784773052822695,0.12152269471773043
946,16,2.0,0.0,1.0,1.0,18.0,4.0,4.0,106.0,1.0,0.0,0.0,17.0,0.0,1.0,0.0,5.0,1.0,351.0,2.63157894736842,1.0,1.0,0.0,1.0,0.0,2.0,5.0,0.8802151139359204,0.11978488606407936
946,17,19.0,0.0,1.0,1.0,18.0,4.0,4.0,106.0,1.0,0.0,0.0,17.0,0.0,1.0,0.0,5.0,1.0,343.0,2.63157894736842,1.0,1.0,0.0,1.0,0.0,2.0,5.0,0.8788322909017781,0.121167709098222
946,18,2.0,0.0,1.0,1.0,23.0,4.0,4.0,106.0,1.0,0.0,0.0,111.0,0.0,1.0,0.0,5.0,1.0,0.0,2.63157894736842,1.0,1.0,0.0,1.0,0.0,2.0,5.0,0.8629871133738605,0.13701288662613953
946,19,2.0,0.0,1.0,1.0,18.0,4.0,4.0,106.0,13.0,0.0,0.0,17.0,0.0,1.0,0.0,5.0,1.0,177.0,2.63157894736842,1.0,1.0,0.0,1.0,0.0,2.0,5.0,0.8790599332592417,0.12094006674075834
946,20,2.0,0.0,1.0,1.0,18.0,15.0,4.0,106.0,1.0,0.0,0.0,17.0,0.0,1.0,0.0,41.0,1.0,0.0,2.63157894736842,1.0,1.0,0.0,1.0,0.0,2.0,5.0,0.8444970151249404,0.1555029848750596
946,21,2.0,0.0,1.0,1.0,18.0,4.0,4.0,106.0,1.0,0.0,0.0,17.0,0.0,6.0,378.0,5.0,1.0,0.0,2.63157894736842,1.0,1.0,0.0,1.0,0.0,2.0,5.0,0.8300179483438618,0.16998205165613808
946,22,2.0,0.0,1.0,1.0,18.0,4.0,4.0,106.0,1.0,0.0,35.0,17.0,0.0,1.0,0.0,106.0,1.0,0.0,2.63157894736842,1.0,1.0,0.0,1.0,0.0,2.0,5.0,0.8788294988718072,0.1211705011281925
946,23,2.0,0.0,1.0,1.0,18.0,4.0,4.0,106.0,1.0,0.0,42.0,17.0,0.0,1.0,0.0,5.0,1.0,0.0,2.63157894736842,1.0,1.0,0.0,1.0,0.0,5.0,5.0,0.8806623505080529,0.11933764949194706
946,24,2.0,0.0,5.0,1.0,18.0,4.0,4.0,106.0,1.0,0.0,0.0,17.0,0.0,1.0,0.0,5.0,1.0,0.0,2.63157894736842,1.0,1.0,0.0,1.0,5.0,2.0,5.0,0.8788322897371875,0.12116771026281253
946,25,2.0,0.0,1.0,1.0,18.0,4.0,4.0,106.0,1.0,0.0,0.0,17.0,0.0,1.0,0.0,5.0,1.0,0.0,9.1,1.0,1.0,0.0,1.0,0.0,2.0,0.0,0.685257614453902,0.31474238554609785
946,26,2.0,0.0,3.0,1.0,18.0,4.0,4.0,106.0,1.0,0.0,0.0,17.0,0.0,1.0,0.0,5.0,6.0,0.0,2.63157894736842,1.0,1.0,0.0,1.0,0.0,2.0,5.0,0.708252692795762,0.2917473072042381
946,27,2.0,0.0,1.0,1.0,18.0,4.0,4.0,281.0,1.0,0.0,0.0,60.0,0.0,1.0,0.0,5.0,1.0,0.0,2.63157894736842,1.0,1.0,0.0,1.0,0.0,2.0,5.0,0.6312414871506141,0.36875851284938593
946,28,2.0,0.0,1.0,1.0,18.0,4.0,4.0,106.0,1.0,18.0,0.0,17.0,0.0,1.0,0.0,5.0,1.0,0.0,2.63157894736842,1.0,1.0,0.0,1.0,0.0,2.0,6.0,0.8620428842419737,0.13795711575802616
946,29,2.0,0.0,1.0,1.0,70.0,4.0,4.0,106.0,14.0,0.0,0.0,17.0,0.0,1.0,0.0,5.0,1.0,0.0,2.63157894736842,1.0,1.0,0.0,1.0,0.0,2.0,5.0,0.8770672620366907,0.12293273796330914
946,30,20.0,0.0,1.0,1.0,18.0,4.0,4.0,106.0,1.0,0.0,0.0,17.0,0.0,1.0,0.0,5.0,1.0,135.0,2.63157894736842,1.0,1.0,0.0,1.0,0.0,2.0,5.0,0.8788322903050285,0.12116770969497151
946,31,2.0,0.0,1.0,1.0,18.0,4.0,4.0,106.0,1.0,0.0,0.0,17.0,0.0,1.0,2317.0,5.0,1.0,0.0,2.63157894736842,1.0,1.0,0.0,1.0,0.0,2.0,5.0,0.8788323396355414,0.12116766036445852
946,32,2.0,0.0,5.0,1.0,18.0,4.0,4.0,106.0,1.0,0.0,0.0,17.0,22.0,1.0,0.0,5.0,1.0,0.0,2.63157894736842,1.0,1.0,0.0,1.0,0.0,2.0,5.0,0.8788338588391925,0.12116614116080762
946,33,2.0,38.0,1.0,1.0,18.0,4.0,4.0,106.0,1.0,0.0,0.0,17.0,0.0,1.0,0.0,5.0,1.0,0.0,2.63157894736842,1.0,1.0,0.0,1.0,0.0,2.0,6.0,0.88019654474323,0.11980345525677007
946,34,2.0,0.0,1.0,1.0,18.0,4.0,4.0,106.0,34.0,21.0,0.0,17.0,0.0,1.0,0.0,5.0,1.0,0.0,2.63157894736842,1.0,1.0,0.0,1.0,0.0,2.0,5.0,0.8648890130524153,0.13511098694758444
946,35,2.0,0.0,4.0,1.0,18.0,4.0,2.0,106.0,1.0,0.0,0.0,17.0,0.0,1.0,0.0,5.0,1.0,0.0,2.63157894736842,1.0,1.0,0.0,1.0,0.0,2.0,5.0,0.6677298070121049,0.332270192987895
946,36,2.0,0.0,1.0,1.0,71.0,4.0,4.0,106.0,1.0,0.0,0.0,17.0,0.0,1.0,0.0,5.0,1.0,0.0,2.63157894736842,5.0,1.0,0.0,1.0,0.0,2.0,5.0,0.8748416375137371,0.12515836248626303
946,37,2.0,0.0,1.0,1.0,18.0,4.0,4.0,106.0,1.0,0.0,0.0,86.0,0.0,1.0,0.0,5.0,1.0,234.0,2.63157894736842,1.0,1.0,0.0,1.0,0.0,2.0,5.0,0.8788323188477136,0.12116768115228649
946,38,2.0,90.0,1.0,1.0,18.0,4.0,4.0,106.0,8.0,0.0,0.0,17.0,0.0,1.0,0.0,5.0,1.0,0.0,2.63157894736842,1.0,1.0,0.0,1.0,0.0,2.0,5.0,0.8788325312690762,0.12116746873092388
946,39,2.0,0.0,1.0,1.0,18.0,4.0,4.0,106.0,1.0,0.0,0.0,17.0,18.0,1.0,0.0,5.0,1.0,0.0,2.63157894736842,1.0,1.0,0.0,1.0,1.0,2.0,5.0,0.8788334696623892,0.12116653033761085
946,40,2.0,0.0,1.0,1.0,36.0,4.0,4.0,106.0,1.0,0.0,0.0,17.0,0.0,1.0,0.0,5.0,1.0,0.0,2.63157894736842,1.0,1.0,0.0,1.0,0.0,2.0,5.0,0.827233234687053,0.17276676531294702
946,41,2.0,0.0,1.0,1.0,18.0,4.0,15.0,106.0,1.0,0.0,0.0,17.0,0.0,1.0,0.0,5.0,3.0,0.0,2.63157894736842,1.0,1.0,0.0,1.0,0.0,2.0,5.0,0.8788110339602374,0.12118896603976277
946,42,2.0,0.0,1.0,1.0,65.0,4.0,4.0,106.0,1.0,0.0,0.0,17.0,0.0,1.0,0.0,77.0,1.0,0.0,2.63157894736842,1.0,1.0,0.0,1.0,0.0,2.0,5.0,0.8788316578375256,0.12116834216247444
946,43,2.0,0.0,1.0,1.0,18.0,4.0,4.0,106.0,1.0,0.0,0.0,96.0,0.0,1.0,3112.0,5.0,1.0,0.0,2.63157894736842,1.0,1.0,0.0,1.0,0.0,2.0,5.0,0.8793420911418256,0.12065790885817447
946,44,2.0,0.0,1.0,1.0,18.0,4.0,4.0,106.0,1.0,0.0,0.0,17.0,0.0,1.0,0.0,5.0,1.0,0.0,2.63157894736842,1.0,75.0,0.0,1.0,0.0,2.0,5.0,0.8788322897372612,0.12116771026273858
946,45,2.0,0.0,1.0,30.0,18.0,4.0,4.0,106.0,1.0,0.0,0.0,17.0,0.0,1.0,0.0,5.0,6.0,0.0,2.63157894736842,1.0,1.0,0.0,1.0,0.0,2.0,5.0,0.8792393591792711,0.12076064082072904
946,46,2.0,37.0,1.0,1.0,18.0,4.0,4.0,106.0,70.0,0.0,0.0,17.0,0.0,1.0,0.0,5.0,1.0,0.0,2.63157894736842,1.0,1.0,0.0,1.0,0.0,2.0,5.0,0.8788322897371875,0.12116771026281253
946,47,2.0,0.0,1.0,1.0,18.0,16.0,4.0,106.0,1.0,0.0,0.0,174.0,0.0,1.0,0.0,5.0,1.0,0.0,2.63157894736842,1.0,1.0,0.0,1.0,0.0,2.0,5.0,0.878736670029933,0.12126332997006684
946,48,2.0,0.0,1.0,1.0,18.0,4.0,0.0,106.0,61.0,0.0,0.0,17.0,0.0,1.0,0.0,5.0,1.0,0.0,2.63157894736842,1.0,1.0,0.0,1.0,0.0,2.0,5.0,0.8788322897818783,0.12116771021812152
946,49,2.0,0.0,1.0,1.0,18.0,4.0,4.0,106.0,1.0,0.0,0.0,17.0,0.0,1.0,0.0,5.0,1.0,0.0,17.1,1.0,1.0,0.0,1.0,0.0,2.0,5.0,0.6329396566940078,0.36706034330599213
946,50,2.0,0.0,1.0,1.0,18.0,4.0,4.0,106.0,1.0,0.0,0.0,17.0,0.0,1.0,0.0,5.0,1.0,0.0,2.63157894736842,1.0,54.0,0.0,1.0,0.0,2.0,5.0,0.8788322897471679,0.12116771025283216
946,51,2.0,0.0,1.0,1.0,18.0,4.0,4.0,106.0,1.0,0.0,0.0,17.0,0.0,1.0,3106.0,5.0,1.0,0.0,2.63157894736842,1.0,1.0,0.0,1.0,3.0,2.0,5.0,0.8788322897371875,0.12116771026281253
946,52,2.0,0.0,1.0,1.0,18.0,4.0,4.0,106.0,1.0,0.0,0.0,17.0,20.0,1.0,0.0,5.0,1.0,0.0,2.63157894736842,1.0,1.0,0.0,0.2,0.0,2.0,5.0,0.8796828525939103,0.12031714740608955
946,53,2.0,0.0,1.0,1.0,18.0,13.0,4.0,106.0,1.0,0.0,0.0,17.0,0.0,1.0,0.0,5.0,1.0,0.0,2.63157894736842,22.0,1.0,0.0,1.0,0.0,2.0,5.0,0.8780476069900658,0.12195239300993428
946,54,2.0,0.0,1.0,1.0,18.0,22.0,4.0,106.0,1.0,0.0,0.0,17.0,0.0,1.0,0.0,5.0,1.0,0.0,2.63157894736842,1.0,1.0,0.0,1.0,0.0,2.0,5.0,0.8586996934630601,0.1413003065369398
946,55,2.0,0.0,1.0,1.0,18.0,4.0,4.0,106.0,1.0,0.0,0.0,17.0,8.0,1.0,0.0,5.0,1.0,0.0,2.63157894736842,1.0,1.0,0.0,1.0,0.0,3.0,5.0,0.6966780690333186,0.30332193096668125
946,56,2.0,92.0,1.0,1.0,18.0,4.0,4.0,106.0,1.0,0.0,0.0,17.0,0.0,1.0,0.0,5.0,1.0,0.0,2.63157894736842,1.0,1.0,0.0,1.0,0.0,2.0,5.0,0.8788324544891989,0.12116754551080106
946,57,2.0,0.0,1.0,1.0,18.0,4.0,4.0,743.0,1.0,0.0,0.0,17.0,0.0,2.0,0.0,5.0,1.0,0.0,2.63157894736842,1.0,1.0,0.0,1.0,0.0,2.0,5.0,0.8788847114956276,0.12111528850437218
946,58,2.0,0.0,1.0,1.0,18.0,4.0,4.0,1417.0,1.0,0.0,0.0,17.0,0.0,1.0,0.0,5.0,1.0,0.0,2.63157894736842,1.0,1.0,0.0,1.0,0.0,2.0,5.0,0.8788322897371872,0.12116771026281274
946,59,2.0,0.0,1.0,1.0,18.0,4.0,4.0,106.0,1.0,28.0,72.0,17.0,0.0,1.0,0.0,5.0,1.0,0.0,2.63157894736842,1.0,1.0,0.0,1.0,0.0,2.0,5.0,0.8788316004325525,0.12116839956744742
946,60,2.0,0.0,0.0,1.0,18.0,4.0,4.0,106.0,1.0,0.0,0.0,17.0,0.0,1.0,0.0,5.0,1.0,0.0,2.63157894736842,1.0,1.0,0.0,1.0,0.0,2.0,10.0,0.6929222158528618,0.30707778414713816
946,61,2.0,0.0,1.0,1.0,18.0,4.0,4.0,106.0,1.0,0.0,32.0,17.0,0.0,1.0,0.0,5.0,1.0,0.0,2.63157894736842,25.0,1.0,0.0,1.0,0.0,2.0,5.0,0.8788352303744663,0.12116476962553376
946,62,2.0,0.0,1.0,1.0,18.0,4.0,4.0,106.0,1.0,0.0,0.0,17.0,0.0,1.0,0.0,5.0,6.0,146.0,2.63157894736842,1.0,1.0,0.0,1.0,0.0,2.0,5.0,0.8790984915131307,0.12090150848686947
946,63,2.0,0.0,1.0,1.0,18.0,7.0,4.0,106.0,1.0,0.0,0.0,17.0,0.0,1.0,1267.0,5.0,1.0,0.0,2.63157894736842,1.0,1.0,0.0,1.0,0.0,2.0,5.0,0.8788323266202015,0.12116767337979854
946,64,2.0,0.0,1.0,1.0,18.0,4.0,4.0,106.0,1.0,26.0,0.0,17.0,0.0,1.0,0.0,5.0,1.0,0.0,2.63157894736842,10.0,1.0,0.0,1.0,0.0,2.0,5.0,0.8771231796645124,0.12287682033548754
946,65,2.0,0.0,1.0,1.0,18.0,4.0,4.0,106.0,1.0,0.0,0.0,17.0,0.0,1.0,2985.0,5.0,1.0,0.0,2.63157894736842,1.0,1.0,0.0,1.0,0.0,2.0,5.0,0.8822489421865503,0.11775105781344983
946,66,2.0,0.0,1.0,1.0,18.0,4.0,4.0,106.0,1.0,0.0,0.0,17.0,0.0,1.0,0.0,5.0,1.0,103.0,2.63157894736842,1.0,1.0,0.0,1.0,0.0,3.0,5.0,0.8804179570032692,0.11958204299673078
946,67,2.0,0.0,1.0,1.0,18.0,4.0,4.0,106.0,1.0,0.0,0.0,17.0,0.0,1.0,1442.0,5.0,0.0,0.0,2.63157894736842,1.0,1.0,0.0,1.0,0.0,2.0,5.0,0.8788323227237224,0.12116767727627747
946,68,1.0,0.0,1.0,1.0,18.0,4.0,4.0,106.0,1.0,0.0,68.0,17.0,0.0,1.0,0.0,5.0,1.0,0.0,2.63157894736842,1.0,1.0,0.0,1.0,0.0,2.0,5.0,0.878884245518376,0.12111575448162394
946,69,2.0,0.0,1.0,1.0,18.0,4.0,4.0,379.0,1.0,0.0,0.0,17.0,0.0,1.0,0.0,5.0,1.0,0.0,2.63157894736842,1.0,1.0,0.0,1.0,0.0,2.0,5.0,0.7399020321741172,0.2600979678258827
946,70,2.0,0.0,1.0,1.0,18.0,4.0,4.0,106.0,1.0,0.0,0.0,216.0,0.0,1.0,0.0,5.0,1.0,0.0,2.63157894736842,1.0,1.0,0.0,1.0,0.0,2.0,5.0,0.878634469017008,0.12136553098299209
946,71,4.0,0.0,1.0,1.0,18.0,4.0,4.0,106.0,1.0,0.0,0.0,17.0,0.0,1.0,0.0,5.0,1.0,0.0,2.63157894736842,1.0,1.0,1.0,1.0,0.0,2.0,5.0,0.5430824047451488,0.45691759525485115
946,72,2.0,0.0,1.0,1.0,18.0,4.0,4.0,106.0,23.0,0.0,0.0,17.0,0.0,1.0,0.0,5.0,1.0,0.0,2.63157894736842,1.0,19.0,0.0,1.0,0.0,2.0,5.0,0.8790849094026647,0.12091509059733525
946,73,2.0,0.0,1.0,1.0,18.0,4.0,4.0,106.0,1.0,0.0,0.0,17.0,0.0,1.0,0.0,5.0,1.0,0.0,2.63157894736842,1.0,41.0,4.0,1.0,0.0,2.0,5.0,0.8788325722698597,0.12116742773014029
946,74,2.0,0.0,1.0,25.0,18.0,4.0,4.0,106.0,1.0,0.0,0.0,17.0,0.0,1.0,0.0,5.0,1.0,0.0,2.63157894736842,1.0,1.0,0.0,1.0,2.0,2.0,5.0,0.8788322897371882,0.12116771026281199
946,75,2.0,0.0,1.0,1.0,18.0,4.0,4.0,106.0,1.0,0.0,0.0,17.0,0.0,1.0,1530.0,5.0,3.0,0.0,2.63157894736842,1.0,1.0,0.0,1.0,0.0,2.0,5.0,0.8788323178149147,0.12116768218508545
946,76,2.0,0.0,1.0,13.0,18.0,4.0,4.0,106.0,14.0,0.0,0.0,17.0,0.0,1.0,0.0,5.0,1.0,0.0,2.63157894736842,1.0,1.0,0.0,1.0,0.0,2.0,5.0,0.8752040487423087,0.12479595125769113
946,77,2.0,0.0,1.0,1.0,18.0,4.0,4.0,106.0,1.0,0.0,0.0,69.0,0.0,1.0,0.0,5.0,1.0,0.0,2.63157894736842,1.0,1.0,0.0,0.5,0.0,2.0,5.0,0.5098471432658646,0.49015285673413567
946,78,2.0,0.0,1.0,1.0,18.0,4.0,4.0,106.0,1.0,0.0,0.0,17.0,0.0,1.0,0.0,100.0,1.0,0.0,2.63157894736842,1.0,1.0,0.0,1.0,0.0,2.0,5.0,0.8788025141154533,0.12119748588454661
946,79,2.0,0.0,1.0,1.0,18.0,4.0,4.0,106.0,1.0,0.0,0.0,17.0,0.0,1.0,0.0,5.0,1.0,0.0,8.9,1.0,1.0,1.0,1.0,0.0,2.0,5.0,0.5839863393324577,0.4160136606675423
946,80,2.0,0.0,1.0,1.0,18.0,4.0,4.0,106.0,1.0,0.0,0.0,17.0,0.0,1.0,0.0,5.0,1.0,0.0,20.2,1.0,84.0,0.0,1.0,0.0,2.0,5.0,0.8788322897395695,0.12116771026043029
946,81,2.0,0.0,1.0,1.0,18.0,4.0,12.0,106.0,1.0,0.0,0.0,17.0,0.0,1.0,0.0,5.0,1.0,0.0,2.63157894736842,1.0,1.0,0.0,1.0,0.0,2.0,5.0,0.8641663476665958,0.13583365233340414
946,82,2.0,0.0,1.0,1.0,18.0,4.0,4.0,106.0,1.0,0.0,0.0,17.0,0.0,1.0,0.0,84.0,1.0,0.0,2.63157894736842,1.0,11.0,0.0,1.0,0.0,2.0,5.0,0.8786492028104258,0.12135079718957427
946,83,2.0,0.0,1.0,1.0,18.0,4.0,4.0,106.0,1.0,0.0,0.0,17.0,0.0,1.0,0.0,5.0,4.0,108.0,2.63157894736842,1.0,1.0,0.0,1.0,0.0,2.0,5.0,0.8793065375410798,0.12069346245892003
946,84,2.0,0.0,1.0,1.0,18.0,4.0,4.0,577.0,1.0,0.0,0.0,17.0,0.0,1.0,0.0,5.0,1.0,0.0,2.63157894736842,1.0,1.0,0.0,1.0,0.0,2.0,7.0,0.8784044364012146,0.12159556359878555
946,85,2.0,0.0,1.0,1.0,18.0,4.0,4.0,106.0,1.0,0.0,0.0,17.0,0.0,1.0,2154.0,5.0,1.0,154.0,2.63157894736842,1.0,1.0,0.0,1.0,0.0,2.0,5.0,0.8788324995859886,0.12116750041401127
946,86,2.0,0.0,1.0,1.0,18.0,4.0,11.0,106.0,1.0,0.0,0.0,17.0,0.0,1.0,0.0,5.0,1.0,0.0,3.9,1.0,1.0,0.0,1.0,0.0,2.0,5.0,0.8393287094940588,0.16067129050594134
946,87,2.0,0.0,1.0,1.0,18.0,4.0,4.0,106.0,72.0,0.0,0.0,17.0,0.0,1.0,0.0,5.0,1.0,0.0,2.63157894736842,1.0,1.0,0.0,1.0,0.0,2.0,5.0,0.8788322897371882,0.12116771026281199
946,88,2.0,0.0,1.0,1.0,18.0,4.0,4.0,106.0,1.0,0.0,40.0,17.0,0.0,1.0,0.0,5.0,1.0,0.0,2.63157894736842,1.0,38.0,0.0,1.0,0.0,2.0,5.0,0.8788322944646392,0.12116770553536102
946,89,2.0,0.0,1.0,1.0,18.0,4.0,4.0,106.0,1.0,0.0,0.0,17.0,0.0,1.0,0.0,83.0,1.0,0.0,2.63157894736842,1.0,58.0,0.0,1.0,0.0,2.0,5.0,0.8788322897371875,0.12116771026281253
946,90,8.0,0.0,1.0,1.0,18.0,4.0,4.0,107.0,1.0,0.0,0.0,17.0,0.0,1.0,0.0,5.0,1.0,0.0,2.63157894736842,1.0,1.0,0.0,1.0,0.0,2.0,5.0,0.7099507641678378,0.2900492358321621
946,91,2.0,0.0,1.0,1.0,52.0,4.0,4.0,106.0,64.0,0.0,0.0,17.0,0.0,1.0,0.0,5.0,1.0,0.0,2.63157894736842,1.0,1.0,0.0,1.0,0.0,2.0,5.0,0.8788322897376122,0.12116771026238779
946,92,2.0,0.0,1.0,1.0,18.0,4.0,4.0,106.0,1.0,0.0,0.0,17.0,0.0,1.0,519.0,5.0,1.0,0.0,2.63157894736842,1.0,1.0,0.0,1.0,0.0,2.0,5.0,0.8720195477044379,0.12798045229556207
946,93,2.0,0.0,1.0,1.0,18.0,4.0,1.0,106.0,1.0,0.0,0.0,17.0,0.0,1.0,0.0,5.0,1.0,0.0,2.63157894736842,1.0,1.0,1.0,1.0,0.0,2.0,5.0,0.7030660339625662,0.29693396603743366
946,94,2.0,0.0,1.0,1.0,18.0,3.0,4.0,106.0,1.0,0.0,0.0,17.0,0.0,1.0,0.0,5.0,1.0,0.0,2.63157894736842,1.0,1.0,0.0,1.0,0.0,2.0,10.0,0.5743325548133648,0.4256674451866352
946,95,18.0,0.0,1.0,1.0,18.0,4.0,4.0,106.0,1.0,0.0,0.0,17.0,0.0,1.0,0.0,5.0,1.0,0.0,2.63157894736842,1.0,1.0,0.0,1.0,0.0,1.0,5.0,0.8816668507889789,0.11833314921102114
946,96,2.0,0.0,1.0,1.0,18.0,4.0,4.0,106.0,1.0,25.0,0.0,17.0,0.0,1.0,0.0,5.0,1.0,0.0,2.63157894736842,1.0,1.0,0.0,1.0,0.0,2.0,5.0,0.8733570294299006,0.12664297057009927
946,97,2.0,0.0,1.0,1.0,18.0,4.0,4.0,106.0,1.0,0.0,0.0,17.0,0.0,1.0,0.0,5.0,1.0,203.0,2.63157894736842,1.0,1.0,0.0,1.0,0.0,2.0,5.0,0.8789363787768808,0.12106362122311932
946,98,2.0,0.0,1.0,1.0,18.0,4.0,4.0,1516.0,1.0,0.0,0.0,17.0,0.0,1.0,0.0,5.0,1.0,0.0,2.63157894736842,1.0,1.0,0.0,1.0,0.0,2.0,5.0,0.8788322897371872,0.12116771026281274
946,99,2.0,0.0,1.0,1.0,18.0,4.0,4.0,106.0,1.0,28.0,0.0,17.0,0.0,1.0,0.0,5.0,1.0,138.0,2.63157894736842,1.0,1.0,0.0,1.0,0.0,2.0,5.0,0.8788325070152556,0.12116749298474443
2936,0,0.0,0.0,1.0,1.0,0.0,0.0,12.0,37.0,1.0,8.0,38.0,76.0,0.0,3.0,0.0,38.0,1.0,0.0,1.63095238095238,0.0,1.0,0.0,0.714285714285714,0.0,3.0,1.0,0.8780120735053224,0.12198792649467746
2936,1,0.0,0.0,1.0,1.0,0.0,0.0,1.0,524.0,1.0,8.0,38.0,76.0,0.0,3.0,0.0,38.0,1.0,314.0,1.63095238095238,0.0,1.0,0.0,0.714285714285714,0.0,3.0,1.0,0.878832289764502,0.12116771023549805
2936,2,0.0,0.0,1.0,1.0,0.0,0.0,1.0,37.0,1.0,8.0,38.0,76.0,0.0,3.0,0.0,38.0,1.0,227.0,1.63095238095238,0.0,1.0,0.0,0.714285714285714,5.0,3.0,1.0,0.8788322897371875,0.12116771026281253
2936,3,0.0,108.0,1.0,9.0,0.0,0.0,1.0,37.0,1.0,8.0,38.0,76.0,0.0,3.0,0.0,38.0,1.0,0.0,1.63095238095238,0.0,1.0,0.0,0.714285714285714,0.0,3.0,1.0,0.8788322897371657,0.12116771026283454
2936,4,0.0,0.0,1.0,1.0,0.0,0.0,1.0,37.0,1.0,8.0,38.0,76.0,0.0,3.0,0.0,38.0,1.0,0.0,1.63095238095238,14.0,1.0,0.0,0.714285714285714,0.0,3.0,1.0,0.7821139839710609,0.21788601602893873
2936,5,0.0,0.0,8.0,1.0,0.0,0.0,1.0,37.0,1.0,8.0,38.0,76.0,0.0,3.0,0.0,38.0,1.0,0.0,1.63095238095238,0.0,1.0,0.0,0.714285714285714,0.0,3.0,1.0,0.878843650486138,0.12115634951386212
2936,6,0.0,0.0,1.0,1.0,0.0,0.0,1.0,37.0,1.0,8.0,38.0,76.0,0.0,3.0,0.0,38.0,1.0,310.0,1.63095238095238,0.0,1.0,0.0,0.714285714285714,3.0,3.0,1.0,0.8788322897371875,0.12116771026281253
2936,7,0.0,0.0,1.0,1.0,64.0,0.0,7.0,37.0,1.0,8.0,38.0,76.0,0.0,3.0,0.0,38.0,1.0,0.0,1.63095238095238,0.0,1.0,0.0,0.714285714285714,0.0,3.0,1.0,0.8788308600220255,0.1211691399779745
2936,8,0.0,42.0,1.0,1.0,0.0,0.0,1.0,37.0,1.0,8.0,38.0,76.0,0.0,3.0,0.0,38.0,1.0,0.0,1.63095238095238,19.0,1.0,0.0,0.714285714285714,0.0,3.0,1.0,0.8788322100007205,0.12116778999927949
2936,9,0.0,0.0,1.0,1.0,0.0,0.0,1.0,37.0,1.0,8.0,38.0,76.0,0.0,3.0,3107.0,38.0,0.0,0.0,1.63095238095238,0.0,1.0,0.0,0.714285714285714,0.0,3.0,1.0,0.878852683745501,0.121147316254499
2936,10,0.0,0.0,1.0,1.0,0.0,0.0,1.0,37.0,1.0,8.0,81.0,76.0,0.0,3.0,0.0,38.0,1.0,187.0,1.63095238095238,0.0,1.0,0.0,0.714285714285714,0.0,3.0,1.0,0.8788322897371935,0.12116771026280657
2936,11,0.0,0.0,1.0,1.0,0.0,0.0,1.0,37.0,56.0,8.0,38.0,76.0,0.0,3.0,0.0,38.0,2.0,0.0,1.63095238095238,0.0,1.0,0.0,0.714285714285714,0.0,3.0,1.0,0.8788322898660256,0.12116771013397451
2936,12,0.0,0.0,1.0,1.0,0.0,0.0,1.0,37.0,1.0,8.0,38.0,41.0,0.0,3.0,0.0,38.0,1.0,0.0,1.63095238095238,0.0,1.0,0.0,0.714285714285714,3.0,3.0,1.0,0.8813165644408049,0.11868343555919504
2936,13,0.0,0.0,1.0,1.0,0.0,0.0,1.0,379.0,1.0,8.0,38.0,76.0,0.0,3.0,0.0,38.0,1.0,0.0,1.63095238095238,0.0,1.0,0.0,0.714285714285714,0.0,3.0,1.0,0.8139016542176586,0.18609834578234138
2936,14,0.0,0.0,1.0,1.0,0.0,0.0,1.0,37.0,1.0,8.0,38.0,76.0,0.0,6.0,0.0,38.0,1.0,0.0,1.63095238095238,0.0,1.0,0.0,0.714285714285714,1.0,3.0,1.0,0.8784095193506604,0.12159048064933947
2936,15,12.0,0.0,1.0,1.0,0.0,0.0,1.0,37.0,1.0,8.0,38.0,76.0,0.0,3.0,1096.0,38.0,1.0,0.0,1.63095238095238,0.0,1.0,0.0,0.714285714285714,0.0,3.0,1.0,0.8788322904076388,0.12116770959236148
2936,16,0.0,46.0,1.0,1.0,0.0,0.0,1.0,37.0,1.0,8.0,38.0,76.0,0.0,3.0,0.0,38.0,1.0,0.0,1.63095238095238,26.0,1.0,0.0,0.714285714285714,0.0,3.0,1.0,0.8788322898090788,0.12116771019092142
2936,17,0.0,0.0,1.0,1.0,45.0,0.0,1.0,37.0,1.0,8.0,38.0,189.0,0.0,3.0,0.0,38.0,1.0,0.0,1.63095238095238,0.0,1.0,0.0,0.714285714285714,0.0,3.0,1.0,0.8788322872199511,0.12116771278004916
2936,18,0.0,0.0,1.0,1.0,0.0,0.0,1.0,37.0,1.0,8.0,38.0,76.0,0.0,3.0,2120.0,38.0,1.0,0.0,12.8,0.0,1.0,0.0,0.714285714285714,0.0,3.0,1.0,0.8788322897412535,0.12116771025874656
2936,19,0.0,0.0,1.0,1.0,0.0,0.0,22.0,37.0,1.0,8.0,38.0,76.0,0.0,3.0,0.0,38.0,1.0,0.0,1.63095238095238,0.0,1.0,0.0,0.714285714285714,0.0,3.0,1.0,0.8788324121102286,0.12116758788977135
2936,20,0.0,0.0,1.0,1.0,0.0,0.0,1.0,37.0,1.0,25.0,38.0,76.0,0.0,3.0,0.0,38.0,1.0,0.0,1.63095238095238,0.0,1.0,0.0,0.4,0.0,3.0,1.0,0.8528845996085135,0.1471154003914864
2936,21,0.0,0.0,1.0,1.0,55.0,0.0,1.0,37.0,1.0,8.0,38.0,76.0,0.0,3.0,0.0,38.0,1.0,0.0,1.63095238095238,0.0,1.0,0.0,0.714285714285714,0.0,3.0,1.0,0.8788536797769019,0.12114632022309793
2936,22,0.0,0.0,1.0,1.0,0.0,0.0,1.0,37.0,1.0,22.0,38.0,76.0,0.0,3.0,0.0,38.0,6.0,0.0,1.63095238095238,0.0,1.0,0.0,0.714285714285714,0.0,3.0,1.0,0.8856750174827019,0.11432498251729815
2936,23,0.0,0.0,1.0,1.0,0.0,0.0,1.0,37.0,1.0,8.0,38.0,76.0,0.0,3.0,0.0,68.0,1.0,0.0,1.63095238095238,0.0,1.0,0.0,0.714285714285714,0.0,3.0,1.0,0.7332506019695743,0.26674939803042597
2936,24,11.0,0.0,1.0,1.0,0.0,0.0,1.0,37.0,1.0,8.0,38.0,64.0,0.0,3.0,0.0,38.0,1.0,0.0,1.63095238095238,0.0,1.0,0.0,0.714285714285714,0.0,3.0,1.0,0.8453882993583871,0.15461170064161298
2936,25,0.0,0.0,1.0,1.0,0.0,0.0,1.0,37.0,1.0,8.0,38.0,76.0,0.0,5.0,0.0,38.0,1.0,264.0,1.63095238095238,0.0,1.0,0.0,0.714285714285714,0.0,3.0,1.0,0.8788322897586957,0.1211677102413042
2936,26,0.0,0.0,1.0,1.0,0.0,0.0,1.0,37.0,1.0,8.0,38.0,76.0,18.0,3.0,0.0,38.0,1.0,0.0,1.63095238095238,2.0,1.0,0.0,0.714285714285714,0.0,3.0,1.0,0.8788003839811426,0.12119961601885756
2936,27,0.0,0.0,1.0,1.0,0.0,0.0,1.0,37.0,1.0,8.0,38.0,76.0,0.0,3.0,0.0,6.0,1.0,0.0,1.63095238095238,0.0,1.0,0.0,0.714285714285714,0.0,3.0,1.0,0.8428004872075578,0.15719951279244213
2936,28,0.0,0.0,1.0,1.0,0.0,0.0,1.0,37.0,1.0,8.0,38.0,76.0,0.0,3.0,0.0,38.0,1.0,0.0,1.63095238095238,0.0,1.0,3.0,0.714285714285714,0.0,6.0,1.0,0.8788009010667888,0.12119909893321128
2936,29,0.0,0.0,1.0,1.0,0.0,0.0,1.0,37.0,1.0,8.0,38.0,76.0,0.0,3.0,0.0,38.0,1.0,220.0,1.63095238095238,0.0,1.0,0.0,0.714285714285714,0.0,3.0,1.0,0.8788322925542162,0.12116770744578365
2936,30,0.0,93.0,1.0,1.0,0.0,14.0,1.0,37.0,1.0,8.0,38.0,76.0,0.0,3.0,0.0,38.0,1.0,0.0,1.63095238095238,0.0,1.0,0.0,0.714285714285714,0.0,3.0,1.0,0.8788322897458467,0.12116771025415331
2936,31,0.0,0.0,1.0,1.0,0.0,0.0,1.0,37.0,1.0,8.0,69.0,76.0,0.0,3.0,0.0,38.0,1.0,0.0,1.63095238095238,0.0,1.0,0.0,0.714285714285714,0.0,3.0,1.0,0.8452031341235675,0.15479686587643257
2936,32,0.0,0.0,1.0,1.0,0.0,0.0,1.0,37.0,1.0,8.0,38.0,76.0,0.0,3.0,0.0,38.0,5.0,0.0,1.63095238095238,9.0,1.0,0.0,0.714285714285714,0.0,3.0,1.0,0.8473253023804213,0.1526746976195786
2936,33,0.0,0.0,1.0,1.0,0.0,0.0,10.0,37.0,1.0,8.0,38.0,76.0,0.0,3.0,0.0,38.0,1.0,0.0,1.63095238095238,0.0,1.0,0.0,0.714285714285714,4.0,3.0,1.0,0.8788323581442292,0.12116764185577067
2936,34,0.0,0.0,1.0,1.0,0.0,0.0,1.0,37.0,1.0,8.0,38.0,76.0,0.0,3.0,0.0,38.0,1.0,140.0,1.63095238095238,0.0,1.0,0.0,0.714285714285714,0.0,3.0,1.0,0.8788331480122326,0.12116685198776765
2936,35,0.0,0.0,1.0,1.0,0.0,0.0,1.0,1206.0,1.0,8.0,38.0,76.0,0.0,3.0,0.0,38.0,1.0,0.0,1.63095238095238,0.0,1.0,0.0,0.714285714285714,0.0,3.0,6.0,0.8788322893964693,0.12116771060353057
2936,36,0.0,57.0,1.0,1.0,9.0,0.0,1.0,37.0,1.0,8.0,38.0,76.0,0.0,3.0,0.0,38.0,1.0,0.0,1.63095238095238,0.0,1.0,0.0,0.714285714285714,0.0,3.0,1.0,0.8788331168610463,0.12116688313895377
2936,37,0.0,0.0,1.0,1.0,0.0,0.0,1.0,938.0,1.0,8.0,38.0,76.0,0.0,3.0,0.0,38.0,1.0,0.0,1.63095238095238,0.0,1.0,0.0,0.714285714285714,0.0,3.0,1.0,0.878832270224997,0.12116772977500319
2936,38,0.0,0.0,1.0,1.0,0.0,0.0,1.0,37.0,1.0,8.0,38.0,122.0,0.0,3.0,0.0,38.0,1.0,0.0,1.63095238095238,0.0,1.0,2.0,0.714285714285714,0.0,3.0,1.0,0.8732122748468929,0.12678772515310724
2936,39,0.0,0.0,1.0,1.0,0.0,0.0,11.0,887.0,1.0,8.0,38.0,76.0,0.0,3.0,0.0,38.0,1.0,0.0,1.63095238095238,0.0,1.0,0.0,0.714285714285714,0.0,3.0,1.0,0.8788322892037252,0.12116771079627485
2936,40,0.0,0.0,1.0,1.0,34.0,0.0,1.0,37.0,1.0,8.0,38.0,76.0,0.0,3.0,0.0,38.0,4.0,0.0,1.63095238095238,0.0,1.0,0.0,0.714285714285714,0.0,3.0,1.0,0.8789221468038105,0.12107785319618944
2936,41,13.0,0.0,1.0,1.0,0.0,0.0,1.0,37.0,1.0,8.0,38.0,76.0,0.0,3.0,0.0,55.0,1.0,0.0,1.63095238095238,0.0,1.0,0.0,0.714285714285714,0.0,3.0,1.0,0.8757747634044514,0.1242252365955486
2936,42,0.0,11.0,1.0,1.0,0.0,0.0,1.0,37.0,1.0,20.0,38.0,76.0,0.0,3.0,0.0,38.0,1.0,0.0,1.63095238095238,0.0,1.0,0.0,0.714285714285714,0.0,3.0,1.0,0.7922062358575999,0.2077937641424001
2936,43,0.0,0.0,1.0,1.0,0.0,0.0,1.0,37.0,1.0,21.0,38.0,76.0,21.0,3.0,0.0,38.0,1.0,0.0,1.63095238095238,0.0,1.0,0.0,0.714285714285714,0.0,3.0,1.0,0.8788321852020173,0.12116781479798283
2936,44,0.0,0.0,1.0,1.0,0.0,0.0,24.0,37.0,1.0,8.0,38.0,76.0,0.0,3.0,0.0,38.0,4.0,0.0,1.63095238095238,0.0,1.0,0.0,0.714285714285714,0.0,3.0,1.0,0.8788323477114255,0.1211676522885745
2936,45,0.0,0.0,1.0,1.0,0.0,0.0,1.0,37.0,1.0,8.0,38.0,76.0,0.0,3.0,0.0,38.0,1.0,0.0,1.63095238095238,12.0,1.0,1.0,0.714285714285714,0.0,3.0,1.0,0.8194925344999016,0.18050746550009855
2936,46,0.0,0.0,1.0,1.0,0.0,0.0,1.0,687.0,1.0,8.0,38.0,76.0,0.0,3.0,430.0,38.0,1.0,0.0,1.63095238095238,0.0,1.0,0.0,0.714285714285714,0.0,3.0,1.0,0.878826072752414,0.12117392724758619
2936,47,0.0,35.0,1.0,1.0,0.0,17.0,1.0,37.0,1.0,8.0,38.0,76.0,0.0,3.0,0.0,38.0,1.0,0.0,1.63095238095238,0.0,1.0,0.0,0.714285714285714,0.0,3.0,1.0,0.8788246814329067,0.12117531856709311
2936,48,0.0,0.0,1.0,1.0,0.0,0.0,1.0,37.0,1.0,8.0,38.0,76.0,0.0,3.0,0.0,38.0,1.0,315.0,1.63095238095238,0.0,1.0,0.0,0.714285714285714,0.0,3.0,1.0,0.8788323896785623,0.12116761032143782
2936,49,0.0,0.0,1.0,1.0,0.0,0.0,1.0,37.0,1.0,8.0,38.0,76.0,0.0,3.0,0.0,38.0,1.0,0.0,1.63095238095238,0.0,64.0,0.0,0.714285714285714,0.0,3.0,1.0,0.8788322897371875,0.12116771026281253
2936,50,0.0,0.0,1.0,1.0,0.0,0.0,1.0,37.0,1.0,8.0,38.0,76.0,0.0,3.0,0.0,38.0,1.0,0.0,1.63095238095238,0.0,63.0,0.0,0.714285714285714,0.0,3.0,6.0,0.8788322897371875,0.12116771026281253
2936,51,0.0,0.0,1.0,1.0,0.0,0.0,1.0,37.0,1.0,8.0,38.0,76.0,0.0,3.0,1594.0,38.0,1.0,0.0,1.63095238095238,0.0,1.0,0.0,0.714285714285714,0.0,3.0,1.0,0.8788323772274359,0.12116762277256438
2936,52,0.0,0.0,1.0,1.0,24.0,0.0,1.0,37.0,1.0,8.0,38.0,76.0,12.0,3.0,0.0,38.0,1.0,0.0,1.63095238095238,0.0,1.0,0.0,0.714285714285714,0.0,3.0,1.0,0.878667661993962,0.12133233800603804
2936,53,0.0,54.0,1.0,39.0,0.0,0.0,1.0,37.0,1.0,8.0,38.0,76.0,0.0,3.0,0.0,38.0,1.0,0.0,1.63095238095238,0.0,1.0,0.0,0.714285714285714,0.0,3.0,1.0,0.8788322897371922,0.12116771026280787
2936,54,0.0,0.0,1.0,1.0,0.0,0.0,1.0,37.0,1.0,8.0,25.0,76.0,0.0,3.0,0.0,38.0,1.0,0.0,1.63095238095238,0.0,1.0,3.0,0.714285714285714,0.0,3.0,1.0,0.8788010386788747,0.12119896132112516
2936,55,0.0,0.0,1.0,1.0,0.0,13.0,1.0,37.0,1.0,8.0,38.0,76.0,0.0,3.0,0.0,76.0,1.0,0.0,1.63095238095238,0.0,1.0,0.0,0.714285714285714,0.0,3.0,1.0,0.8751808868426442,0.12481911315735614
2936,56,0.0,0.0,1.0,1.0,0.0,0.0,1.0,37.0,1.0,8.0,38.0,76.0,0.0,3.0,1229.0,38.0,1.0,0.0,1.63095238095238,0.0,1.0,4.0,0.714285714285714,0.0,3.0,1.0,0.8788322897371956,0.12116771026280446
2936,57,7.0,0.0,1.0,1.0,0.0,0.0,1.0,37.0,1.0,8.0,38.0,76.0,0.0,3.0,0.0,38.0,1.0,0.0,1.63095238095238,0.0,1.0,0.0,0.714285714285714,0.0,3.0,1.0,0.5223126269835661,0.47768737301643394
2936,58,0.0,0.0,1.0,1.0,0.0,0.0,1.0,37.0,1.0,8.0,38.0,76.0,0.0,1.0,1148.0,38.0,1.0,0.0,1.63095238095238,0.0,1.0,0.0,0.714285714285714,0.0,3.0,1.0,0.878832427292017,0.1211675727079829
2936,59,0.0,0.0,1.0,1.0,0.0,0.0,1.0,37.0,1.0,8.0,38.0,76.0,0.0,3.0,0.0,38.0,1.0,0.0,1.63095238095238,0.0,1.0,0.0,1.1,1.0,3.0,1.0,0.878364556202933,0.12163544379706734
2936,60,16.0,0.0,1.0,1.0,0.0,0.0,1.0,37.0,1.0,8.0,91.0,76.0,0.0,3.0,0.0,38.0,1.0,0.0,1.63095238095238,0.0,1.0,0.0,0.714285714285714,0.0,3.0,1.0,0.8788326863193644,0.12116731368063555
2936,61,0.0,0.0,1.0,5.0,0.0,0.0,1.0,37.0,1.0,8.0,38.0,76.0,0.0,3.0,0.0,68.0,1.0,0.0,1.63095238095238,0.0,1.0,0.0,0.714285714285714,0.0,3.0,1.0,0.7872479337820467,0.21275206621795306
2936,62,0.0,0.0,1.0,1.0,0.0,0.0,1.0,37.0,1.0,8.0,0.0,76.0,0.0,3.0,0.0,38.0,2.0,0.0,1.63095238095238,0.0,1.0,0.0,0.714285714285714,0.0,3.0,1.0,0.8995863016645137,0.10041369833548643
2936,63,0.0,0.0,1.0,1.0,0.0,0.0,1.0,1494.0,1.0,8.0,38.0,76.0,0.0,3.0,0.0,38.0,1.0,0.0,1.63095238095238,0.0,1.0,0.0,1.0,0.0,3.0,1.0,0.8788322827483882,0.12116771725161192
2936,64,0.0,0.0,1.0,1.0,0.0,0.0,1.0,37.0,32.0,8.0,38.0,76.0,0.0,3.0,0.0,38.0,1.0,0.0,1.63095238095238,0.0,1.0,0.0,0.8,0.0,3.0,1.0,0.8789553112304426,0.12104468876955742
2936,65,0.0,0.0,1.0,1.0,0.0,0.0,1.0,37.0,1.0,8.0,84.0,76.0,0.0,3.0,0.0,38.0,1.0,0.0,1.63095238095238,0.0,1.0,0.0,0.714285714285714,0.0,3.0,1.0,0.8778726546037188,0.12212734539628127
2936,66,0.0,0.0,1.0,1.0,0.0,0.0,1.0,37.0,1.0,8.0,38.0,76.0,0.0,3.0,0.0,38.0,1.0,0.0,25.1,0.0,1.0,0.0,0.714285714285714,0.0,3.0,1.0,0.8555951903153737,0.14440480968462638
2936,67,0.0,0.0,1.0,1.0,0.0,0.0,1.0,37.0,1.0,8.0,38.0,76.0,0.0,1.0,0.0,38.0,1.0,0.0,1.63095238095238,0.0,48.0,0.0,0.714285714285714,0.0,3.0,1.0,0.8788322897323918,0.12116771026760831
2936,68,0.0,0.0,1.0,1.0,0.0,5.0,1.0,37.0,1.0,8.0,38.0,76.0,0.0,3.0,0.0,38.0,1.0,0.0,1.63095238095238,0.0,1.0,0.0,0.714285714285714,3.0,3.0,1.0,0.882591616075343,0.11740838392465702
2936,69,0.0,0.0,1.0,1.0,0.0,0.0,1.0,37.0,1.0,8.0,38.0,76.0,0.0,3.0,0.0,88.0,1.0,0.0,1.63095238095238,0.0,1.0,0.0,0.714285714285714,0.0,3.0,1.0,0.8759559896167691,0.12404401038323085
2936,70,0.0,0.0,1.0,1.0,0.0,0.0,1.0,37.0,63.0,8.0,38.0,76.0,0.0,3.0,0.0,38.0,1.0,141.0,1.63095238095238,0.0,1.0,0.0,0.714285714285714,0.0,3.0,1.0,0.8788322897371875,0.12116771026281253
2936,71,0.0,0.0,1.0,10.0,0.0,0.0,1.0,37.0,22.0,8.0,38.0,76.0,0.0,3.0,0.0,38.0,1.0,0.0,1.63095238095238,0.0,1.0,0.0,0.714285714285714,0.0,3.0,1.0,0.8779063540617672,0.12209364593823278
2936,72,0.0,0.0,1.0,1.0,0.0,0.0,1.0,1368.0,1.0,8.0,38.0,76.0,0.0,3.0,0.0,38.0,1.0,0.0,1.63095238095238,0.0,1.0,0.0,0.714285714285714,0.0,3.0,1.0,0.8788322879042951,0.12116771209570476
2936,73,0.0,0.0,1.0,1.0,0.0,0.0,1.0,37.0,1.0,8.0,38.0,76.0,0.0,3.0,0.0,38.0,1.0,0.0,16.9,0.0,1.0,0.0,0.714285714285714,0.0,3.0,1.0,0.5603811113232385,0.43961888867676147
2936,74,0.0,0.0,1.0,1.0,0.0,0.0,1.0,37.0,1.0,8.0,38.0,76.0,0.0,3.0,310.0,38.0,1.0,0.0,1.63095238095238,0.0,1.0,0.0,0.714285714285714,0.0,3.0,11.0,0.8572916920541975,0.14270830794580247
2936,75,0.0,0.0,1.0,1.0,0.0,0.0,1.0,37.0,1.0,8.0,38.0,76.0,0.0,3.0,845.0,38.0,1.0,0.0,1.63095238095238,0.0,1.0,0.0,0.714285714285714,0.0,2.0,1.0,0.8788282540282464,0.12117174597175362
2936,76,0.0,0.0,1.0,1.0,0.0,0.0,1.0,37.0,1.0,8.0,38.0,76.0,10.0,3.0,0.0,38.0,1.0,0.0,1.63095238095238,0.0,1.0,0.0,0.714285714285714,0.0,3.0,10.0,0.8716115115213241,0.128388488478676
2936,77,0.0,0.0,1.0,1.0,0.0,0.0,1.0,37.0,1.0,8.0,38.0,76.0,0.0,3.0,0.0,38.0,1.0,354.0,1.63095238095238,0.0,1.0,0.0,0.9,0.0,3.0,1.0,0.878833107801297,0.12116689219870323
2936,78,12.0,0.0,1.0,1.0,0.0,0.0,1.0,37.0,1.0,8.0,38.0,76.0,0.0,3.0,1294.0,38.0,1.0,0.0,1.63095238095238,0.0,1.0,0.0,0.714285714285714,0.0,3.0,1.0,0.8788322907433754,0.12116770925662468
2936,79,0.0,0.0,1.0,1.0,39.0,0.0,1.0,37.0,1.0,8.0,38.0,76.0,0.0,3.0,0.0,38.0,1.0,0.0,1.63095238095238,0.0,31.0,0.0,0.714285714285714,0.0,3.0,1.0,0.8788322974441101,0.1211677025558899
2936,80,0.0,111.0,1.0,1.0,0.0,0.0,1.0,37.0,1.0,8.0,38.0,76.0,0.0,3.0,0.0,38.0,0.0,0.0,1.63095238095238,0.0,1.0,0.0,0.714285714285714,0.0,3.0,1.0,0.8788322897370473,0.12116771026295267
2936,81,0.0,0.0,1.0,1.0,0.0,0.0,1.0,37.0,1.0,8.0,38.0,76.0,0.0,3.0,0.0,38.0,1.0,106.0,1.63095238095238,0.0,1.0,0.0,0.714285714285714,0.0,3.0,1.0,0.8788312187968917,0.12116878120310826
2936,82,0.0,0.0,3.0,1.0,0.0,0.0,1.0,37.0,1.0,8.0,38.0,76.0,0.0,3.0,0.0,43.0,1.0,0.0,1.63095238095238,0.0,1.0,0.0,0.714285714285714,0.0,3.0,1.0,0.5286373160433882,0.47136268395661174
2936,83,0.0,0.0,1.0,20.0,7.0,0.0,1.0,37.0,1.0,8.0,38.0,76.0,0.0,3.0,0.0,38.0,1.0,0.0,1.63095238095238,0.0,1.0,0.0,0.714285714285714,0.0,3.0,1.0,0.8786868997554438,0.12131310024455612
2936,84,0.0,44.0,1.0,1.0,0.0,0.0,1.0,37.0,1.0,8.0,38.0,76.0,0.0,3.0,0.0,38.0,1.0,0.0,1.63095238095238,0.0,1.0,0.0,0.714285714285714,0.0,3.0,3.0,0.8788307768275894,0.12116922317241054
2936,85,0.0,0.0,1.0,1.0,0.0,0.0,1.0,37.0,1.0,8.0,38.0,76.0,0.0,3.0,2491.0,38.0,1.0,0.0,1.63095238095238,0.0,1.0,0.0,0.714285714285714,0.0,3.0,1.0,0.8788323111679519,0.1211676888320483
2936,86,0.0,0.0,1.0,1.0,0.0,0.0,1.0,37.0,1.0,8.0,38.0,199.0,0.0,3.0,0.0,38.0,1.0,0.0,1.63095238095238,0.0,1.0,0.0,0.714285714285714,0.0,3.0,1.0,0.8728297638668125,0.12717023613318734
2936,87,0.0,0.0,1.0,1.0,0.0,0.0,1.0,37.0,1.0,8.0,38.0,76.0,0.0,3.0,0.0,38.0,1.0,0.0,1.63095238095238,16.0,1.0,0.0,0.714285714285714,0.0,3.0,3.0,0.8417550300774451,0.1582449699225551
2936,88,0.0,0.0,1.0,1.0,38.0,0.0,1.0,37.0,27.0,8.0,38.0,76.0,0.0,3.0,0.0,38.0,1.0,0.0,1.63095238095238,0.0,1.0,0.0,0.714285714285714,0.0,3.0,1.0,0.8788328568359325,0.1211671431640677
2936,89,0.0,0.0,1.0,1.0,0.0,0.0,1.0,37.0,1.0,8.0,38.0,54.0,0.0,3.0,0.0,38.0,1.0,87.0,1.63095238095238,0.0,1.0,0.0,0.714285714285714,0.0,3.0,1.0,0.8787404165530098,0.12125958344699
2936,90,20.0,0.0,1.0,1.0,0.0,0.0,1.0,37.0,53.0,8.0,38.0,76.0,0.0,3.0,0.0,38.0,1.0,0.0,1.63095238095238,0.0,1.0,0.0,0.714285714285714,0.0,3.0,1.0,0.8788322839323319,0.12116771606766823
2936,91,0.0,0.0,1.0,1.0,0.0,0.0,1.0,37.0,1.0,8.0,38.0,76.0,0.0,3.0,1908.0,38.0,1.0,0.0,1.63095238095238,0.0,1.0,0.0,0.714285714285714,0.0,3.0,1.0,0.8788322907580349,0.12116770924196496
2936,92,0.0,0.0,1.0,1.0,0.0,0.0,1.0,37.0,1.0,8.0,38.0,76.0,0.0,3.0,1480.0,38.0,1.0,0.0,1.63095238095238,0.0,1.0,0.0,0.714285714285714,0.0,3.0,1.0,0.8788324799465865,0.12116752005341351
2936,93,0.0,0.0,1.0,1.0,0.0,0.0,1.0,606.0,1.0,8.0,38.0,76.0,0.0,3.0,0.0,38.0,1.0,0.0,1.63095238095238,0.0,1.0,0.0,0.714285714285714,0.0,3.0,1.0,0.877786976972464,0.1222130230275359
2936,94,0.0,0.0,1.0,1.0,0.0,0.0,1.0,749.0,1.0,8.0,38.0,76.0,0.0,3.0,0.0,38.0,1.0,0.0,1.63095238095238,0.0,1.0,0.0,0.714285714285714,0.0,3.0,1.0,0.8788067566780577,0.1211932433219422
2936,95,12.0,0.0,1.0,1.0,0.0,0.0,23.0,37.0,1.0,8.0,38.0,76.0,0.0,3.0,0.0,38.0,1.0,0.0,1.63095238095238,0.0,1.0,0.0,0.714285714285714,0.0,3.0,1.0,0.8788322902415725,0.12116770975842747
2936,96,0.0,0.0,1.0,1.0,65.0,0.0,1.0,37.0,1.0,8.0,38.0,76.0,0.0,3.0,0.0,77.0,1.0,0.0,1.63095238095238,0.0,1.0,0.0,0.714285714285714,0.0,3.0,1.0,0.8788322970571498,0.12116770294285018
2936,97,0.0,0.0,1.0,1.0,0.0,0.0,1.0,37.0,1.0,8.0,38.0,168.0,0.0,3.0,0.0,57.0,1.0,0.0,1.63095238095238,0.0,1.0,0.0,0.714285714285714,0.0,3.0,1.0,0.8666469557358577,0.1333530442641422
2936,98,0.0,110.0,1.0,1.0,0.0,0.0,1.0,37.0,1.0,8.0,38.0,76.0,0.0,3.0,1168.0,38.0,1.0,0.0,1.63095238095238,0.0,1.0,0.0,0.714285714285714,0.0,3.0,1.0,0.8788322897371875,0.12116771026281253
3877,0,19.0,0.0,1.0,1.0,0.0,0.0,1.0,42.0,1.0,0.0,17.0,47.0,0.0,5.0,2.0,68.0,2.0,0.0,1.85106382978723,1.0,1.0,0.0,0.5,0.0,1.0,4.0,0.8785658561078997,0.12143414389210028
3877,1,0.0,0.0,1.0,1.0,0.0,0.0,1.0,42.0,1.0,0.0,17.0,47.0,0.0,5.0,1567.0,15.0,2.0,0.0,1.85106382978723,6.0,1.0,0.0,0.5,0.0,1.0,4.0,0.8788323907673681,0.12116760923263187
3877,2,0.0,0.0,1.0,1.0,0.0,0.0,1.0,42.0,1.0,0.0,17.0,47.0,0.0,5.0,2.0,15.0,2.0,249.0,19.1,1.0,1.0,0.0,0.5,0.0,1.0,4.0,0.878832293749003,0.12116770625099715
3877,3,0.0,0.0,1.0,1.0,30.0,0.0,1.0,42.0,1.0,0.0,17.0,47.0,0.0,5.0,2.0,15.0,2.0,0.0,1.85106382978723,1.0,1.0,0.0,0.5,0.0,1.0,4.0,0.8926904997818396,0.10730950021816034
3877,4,0.0,0.0,1.0,1.0,0.0,0.0,1.0,42.0,1.0,0.0,17.0,47.0,0.0,7.0,2.0,15.0,2.0,0.0,1.85106382978723,19.0,1.0,0.0,0.5,0.0,1.0,4.0,0.865318185456427,0.13468181454357342
3877,5,0.0,0.0,1.0,1.0,0.0,0.0,1.0,42.0,1.0,0.0,17.0,161.0,0.0,5.0,2.0,15.0,2.0,0.0,1.85106382978723,1.0,15.0,0.0,0.5,0.0,1.0,4.0,0.8692703233713062,0.13072967662869364
3877,6,0.0,0.0,1.0,1.0,0.0,0.0,1.0,42.0,1.0,0.0,17.0,47.0,0.0,5.0,2.0,15.0,2.0,0.0,24.7,1.0,1.0,0.0,0.5,0.0,1.0,4.0,0.8677419784280663,0.13225802157193345
3877,7,0.0,0.0,1.0,1.0,0.0,0.0,1.0,42.0,6.0,0.0,17.0,47.0,0.0,5.0,2.0,15.0,2.0,0.0,1.85106382978723,26.0,1.0,0.0,0.5,0.0,1.0,4.0,0.8791680181345837,0.12083198186541616
3877,8,0.0,0.0,1.0,1.0,0.0,0.0,1.0,42.0,60.0,0.0,17.0,47.0,0.0,5.0,2.0,15.0,2.0,0.0,1.85106382978723,1.0,1.0,0.0,0.5,0.0,1.0,4.0,0.8788322916855708,0.12116770831442943
3877,9,0.0,0.0,1.0,1.0,0.0,0.0,1.0,42.0,1.0,0.0,17.0,47.0,0.0,5.0,2.0,15.0,2.0,141.0,1.85106382978723,1.0,1.0,0.0,0.5,0.0,1.0,4.0,0.8823354808728154,0.11766451912718451
3877,10,0.0,0.0,1.0,1.0,0.0,20.0,1.0,42.0,1.0,0.0,17.0,47.0,0.0,6.0,2.0,15.0,2.0,0.0,1.85106382978723,1.0,1.0,0.0,0.5,0.0,1.0,4.0,0.8873365819702269,0.11266341802977298
3877,11,0.0,0.0,1.0,1.0,0.0,0.0,1.0,42.0,1.0,0.0,17.0,47.0,0.0,5.0,2.0,15.0,1.0,0.0,1.85106382978723,1.0,28.0,0.0,0.5,0.0,1.0,4.0,0.8787440145231242,0.12125598547687584
3877,12,0.0,0.0,1.0,1.0,0.0,0.0,6.0,1041.0,1.0,0.0,17.0,47.0,0.0,5.0,2.0,15.0,2.0,0.0,1.85106382978723,1.0,1.0,0.0,0.5,0.0,1.0,4.0,0.878832295360957,0.12116770463904292
3877,13,0.0,0.0,1.0,1.0,0.0,0.0,1.0,42.0,1.0,0.0,17.0,47.0,0.0,5.0,2.0,15.0,2.0,0.0,1.85106382978723,1.0,82.0,0.0,0.5,0.0,1.0,4.0,0.8788322897371956,0.12116771026280446
3877,14,0.0,0.0,1.0,1.0,0.0,0.0,1.0,42.0,1.0,0.0,17.0,47.0,0.0,5.0,353.0,15.0,2.0,0.0,1.85106382978723,1.0,1.0,0.0,0.5,0.0,4.0,4.0,0.7106960513710595,0.28930394862894043
3877,15,0.0,0.0,1.0,1.0,34.0,8.0,1.0,42.0,1.0,0.0,17.0,47.0,0.0,5.0,2.0,15.0,2.0,0.0,1.85106382978723,1.0,1.0,0.0,0.5,0.0,1.0,4.0,0.8910584401643024,0.10894155983569782
3877,16,0.0,0.0,1.0,1.0,0.0,0.0,1.0,42.0,1.0,0.0,34.0,47.0,0.0,5.0,2.0,15.0,2.0,0.0,1.85106382978723,1.0,30.0,0.0,0.5,0.0,1.0,4.0,0.87882351432078,0.12117648567922
3877,17,0.0,0.0,1.0,1.0,0.0,0.0,1.0,42.0,1.0,0.0,17.0,47.0,0.0,5.0,2.0,15.0,2.0,0.0,1.85106382978723,1.0,77.0,0.0,0.5,0.0,1.0,4.0,0.8788322897371925,0.12116771026280754
3877,18,0.0,0.0,1.0,1.0,0.0,0.0,1.0,42.0,1.0,0.0,17.0,81.0,0.0,5.0,2.0,15.0,2.0,0.0,20.0,1.0,1.0,0.0,0.5,0.0,1.0,4.0,0.7527586691751497,0.24724133082485017
3877,19,0.0,0.0,1.0,1.0,0.0,0.0,1.0,42.0,1.0,23.0,17.0,47.0,0.0,5.0,2.0,15.0,2.0,0.0,1.85106382978723,1.0,1.0,0.0,0.5,0.0,3.0,4.0,0.9101545427845361,0.08984545721546373
3877,20,0.0,0.0,1.0,1.0,0.0,0.0,1.0,42.0,1.0,0.0,17.0,47.0,0.0,5.0,2.0,15.0,2.0,37.0,1.85106382978723,11.0,1.0,0.0,0.5,0.0,1.0,4.0,0.814889226679104,0.18511077332089593
3877,21,0.0,0.0,1.0,1.0,0.0,0.0,1.0,42.0,1.0,0.0,17.0,47.0,0.0,5.0,2.0,56.0,2.0,0.0,1.85106382978723,1.0,1.0,0.0,0.5,0.0,1.0,4.0,0.7948470741032538,0.20515292589674583
3877,22,0.0,0.0,1.0,1.0,52.0,0.0,1.0,42.0,1.0,0.0,17.0,47.0,0.0,5.0,2.0,15.0,2.0,0.0,1.85106382978723,5.0,1.0,0.0,0.5,0.0,1.0,4.0,0.801346636426013,0.19865336357398714
3877,23,0.0,0.0,1.0,1.0,0.0,0.0,1.0,42.0,1.0,25.0,17.0,47.0,0.0,5.0,2.0,15.0,2.0,0.0,1.85106382978723,1.0,1.0,0.0,0.5,0.0,1.0,9.0,0.881931239552867,0.11806876044713291
3877,24,0.0,0.0,1.0,1.0,0.0,0.0,1.0,310.0,1.0,0.0,17.0,47.0,0.0,5.0,2.0,15.0,2.0,0.0,1.85106382978723,1.0,1.0,0.0,0.5,0.0,1.0,4.0,0.8705948745196698,0.12940512548033056
3877,25,0.0,0.0,1.0,1.0,0.0,0.0,1.0,865.0,1.0,0.0,17.0,47.0,0.0,5.0,2.0,15.0,2.0,0.0,1.85106382978723,1.0,1.0,0.0,0.5,0.0,1.0,4.0,0.8788495756523008,0.12115042434769921
3877,26,0.0,0.0,1.0,1.0,0.0,0.0,1.0,42.0,1.0,0.0,17.0,47.0,22.0,5.0,2.0,15.0,2.0,0.0,1.85106382978723,1.0,1.0,0.0,0.5,0.0,1.0,4.0,0.8789666121642632,0.121033387835737
3877,27,0.0,0.0,1.0,4.0,0.0,0.0,1.0,42.0,1.0,0.0,17.0,47.0,0.0,5.0,2.0,15.0,2.0,0.0,1.85106382978723,1.0,1.0,0.0,0.5,1.0,1.0,4.0,0.8785415018436816,0.12145849815631837
3877,28,0.0,0.0,1.0,1.0,0.0,0.0,1.0,42.0,1.0,0.0,17.0,210.0,0.0,5.0,2.0,15.0,2.0,0.0,1.85106382978723,1.0,71.0,0.0,0.5,0.0,1.0,4.0,0.8788322897371875,0.12116771026281253
3877,29,0.0,0.0,1.0,1.0,0.0,0.0,1.0,42.0,47.0,0.0,17.0,47.0,0.0,5.0,2.0,15.0,3.0,0.0,1.85106382978723,1.0,1.0,0.0,0.5,0.0,1.0,4.0,0.878856344404616,0.12114365559538412
3877,30,0.0,105.0,1.0,1.0,0.0,0.0,22.0,42.0,1.0,0.0,17.0,47.0,0.0,5.0,2.0,15.0,2.0,0.0,1.85106382978723,1.0,1.0,0.0,0.5,0.0,1.0,4.0,0.8788322897371875,0.12116771026281253
3877,31,0.0,0.0,1.0,1.0,0.0,0.0,1.0,42.0,1.0,0.0,17.0,47.0,14.0,5.0,2.0,15.0,2.0,0.0,1.85106382978723,1.0,1.0,0.0,0.7,0.0,1.0,4.0,0.8870981508028345,0.11290184919716569
3877,32,0.0,0.0,1.0,1.0,0.0,0.0,1.0,42.0,1.0,0.0,17.0,47.0,0.0,5.0,2.0,15.0,2.0,0.0,1.85106382978723,1.0,44.0,0.0,0.5,0.0,1.0,4.0,0.8788323208628772,0.12116767913712281
3877,33,0.0,0.0,1.0,1.0,0.0,0.0,1.0,1254.0,1.0,0.0,86.0,47.0,0.0,5.0,2.0,15.0,2.0,0.0,1.85106382978723,1.0,1.0,0.0,0.5,0.0,1.0,4.0,0.8788322897371875,0.12116771026281253
3877,34,0.0,0.0,1.0,1.0,0.0,0.0,1.0,42.0,1.0,0.0,17.0,47.0,0.0,5.0,2.0,15.0,2.0,0.0,1.85106382978723,1.0,47.0,0.0,0.5,0.0,1.0,4.0,0.8788322937121469,0.12116770628785302
3877,35,0.0,0.0,1.0,1.0,0.0,0.0,1.0,42.0,1.0,0.0,17.0,47.0,0.0,5.0,2.0,15.0,2.0,0.0,1.85106382978723,1.0,1.0,4.0,0.5,4.0,1.0,4.0,0.8788322897371892,0.12116771026281088
3877,36,0.0,0.0,1.0,1.0,0.0,0.0,9.0,42.0,1.0,0.0,17.0,47.0,0.0,5.0,2.0,15.0,2.0,0.0,1.85106382978723,6.0,1.0,0.0,0.5,0.0,1.0,4.0,0.8870352955270016,0.11296470447299842
3877,37,0.0,0.0,1.0,1.0,0.0,0.0,12.0,42.0,1.0,0.0,17.0,47.0,0.0,9.0,2.0,15.0,2.0,0.0,1.85106382978723,1.0,1.0,0.0,0.5,0.0,1.0,4.0,0.8810602835645052,0.11893971643549496
3877,38,0.0,0.0,1.0,1.0,0.0,0.0,24.0,42.0,1.0,0.0,17.0,47.0,0.0,5.0,2.0,48.0,2.0,0.0,1.85106382978723,1.0,1.0,0.0,0.5,0.0,1.0,4.0,0.8788363204982412,0.12116367950175883
3877,39,0.0,69.0,1.0,1.0,0.0,0.0,1.0,42.0,1.0,0.0,17.0,47.0,0.0,5.0,2.0,15.0,2.0,0.0,1.85106382978723,1.0,1.0,0.0,0.5,0.0,1.0,10.0,0.8788770377911546,0.12112296220884528
3877,40,0.0,0.0,5.0,1.0,0.0,0.0,1.0,1457.0,1.0,0.0,17.0,47.0,0.0,5.0,2.0,15.0,2.0,0.0,1.85106382978723,1.0,1.0,0.0,0.5,0.0,1.0,4.0,0.8788322897371786,0.12116771026282143
3877,41,0.0,0.0,1.0,1.0,0.0,0.0,1.0,42.0,1.0,0.0,17.0,47.0,0.0,5.0,2638.0,15.0,2.0,0.0,1.85106382978723,1.0,1.0,0.0,0.5,0.0,1.0,4.0,0.8790398631567781,0.12096013684322186
3877,42,0.0,0.0,1.0,41.0,0.0,0.0,12.0,42.0,1.0,0.0,17.0,47.0,0.0,5.0,2.0,15.0,2.0,0.0,1.85106382978723,1.0,1.0,0.0,0.5,0.0,1.0,4.0,0.8788364198082911,0.12116358019170907
3877,43,0.0,0.0,1.0,1.0,0.0,0.0,1.0,418.0,1.0,0.0,17.0,47.0,0.0,5.0,2.0,15.0,2.0,0.0,1.85106382978723,1.0,1.0,0.0,0.5,0.0,1.0,4.0,0.9238572652555375,0.07614273474446234
3877,44,8.0,0.0,1.0,1.0,0.0,0.0,1.0,42.0,1.0,0.0,17.0,47.0,0.0,5.0,2.0,15.0,2.0,0.0,1.85106382978723,1.0,1.0,0.0,0.5,0.0,1.0,4.0,0.9162948746425467,0.08370512535745338
3877,45,10.0,0.0,1.0,1.0,0.0,0.0,1.0,42.0,1.0,0.0,17.0,47.0,0.0,5.0,2.0,15.0,2.0,0.0,1.85106382978723,1.0,1.0,0.0,0.5,0.0,1.0,7.0,0.9038745418607022,0.09612545813929786
3877,46,0.0,0.0,1.0,1.0,0.0,0.0,1.0,42.0,1.0,0.0,17.0,180.0,0.0,5.0,2.0,15.0,2.0,0.0,1.85106382978723,1.0,1.0,0.0,0.5,0.0,1.0,4.0,0.8163197554641213,0.18368024453587886
3877,47,0.0,0.0,1.0,1.0,0.0,0.0,1.0,42.0,1.0,30.0,17.0,47.0,0.0,5.0,2.0,15.0,2.0,0.0,1.85106382978723,1.0,1.0,0.0,0.5,0.0,1.0,4.0,0.9029759507330929,0.09702404926690696
3877,48,0.0,0.0,1.0,1.0,11.0,0.0,18.0,42.0,1.0,0.0,17.0,47.0,0.0,5.0,2.0,15.0,2.0,0.0,1.85106382978723,1.0,1.0,0.0,0.5,0.0,1.0,4.0,0.8789124893552542,0.12108751064474585
3877,49,0.0,0.0,1.0,1.0,0.0,0.0,1.0,42.0,1.0,0.0,17.0,47.0,4.0,5.0,2.0,86.0,2.0,0.0,1.85106382978723,1.0,1.0,0.0,0.5,0.0,1.0,4.0,0.8774471121412261,0.12255288785877379
3877,50,0.0,0.0,1.0,1.0,0.0,0.0,1.0,42.0,1.0,0.0,17.0,47.0,0.0,5.0,2.0,0.0,2.0,0.0,1.85106382978723,1.0,1.0,0.0,0.5,5.0,1.0,4.0,0.8788322897371875,0.12116771026281253
3877,51,0.0,0.0,1.0,1.0,0.0,0.0,1.0,790.0,1.0,0.0,17.0,47.0,0.0,5.0,2.0,15.0,2.0,0.0,1.85106382978723,1.0,1.0,0.0,0.5,0.0,1.0,4.0,0.8789821078724221,0.12101789212757783
3877,52,0.0,0.0,1.0,1.0,0.0,0.0,1.0,42.0,1.0,0.0,17.0,47.0,0.0,5.0,2.0,15.0,2.0,0.0,1.85106382978723,1.0,40.0,0.0,1.1,0.0,1.0,4.0,0.8788325687170139,0.12116743128298606
3877,53,0.0,0.0,1.0,1.0,0.0,17.0,1.0,42.0,1.0,0.0,17.0,47.0,0.0,3.0,2.0,15.0,2.0,0.0,1.85106382978723,1.0,1.0,0.0,0.5,0.0,1.0,4.0,0.8886874493748864,0.1113125506251134
3877,54,0.0,0.0,1.0,1.0,0.0,0.0,1.0,505.0,1.0,0.0,20.0,47.0,0.0,5.0,2.0,15.0,2.0,0.0,1.85106382978723,1.0,1.0,0.0,0.5,0.0,1.0,4.0,0.8970642069185913,0.10293579308140852
3877,55,0.0,0.0,1.0,1.0,0.0,0.0,1.0,42.0,1.0,0.0,17.0,47.0,0.0,5.0,2.0,15.0,2.0,343.0,1.85106382978723,1.0,1.0,0.0,0.5,0.0,1.0,4.0,0.8803394066582704,0.11966059334172979
3877,56,0.0,0.0,1.0,1.0,0.0,0.0,1.0,42.0,1.0,0.0,17.0,47.0,0.0,5.0,2.0,15.0,2.0,0.0,17.7,10.0,1.0,0.0,0.5,0.0,1.0,4.0,0.8182845108517397,0.18171548914826033
3877,57,0.0,0.0,1.0,1.0,0.0,0.0,1.0,42.0,1.0,0.0,17.0,47.0,0.0,5.0,2.0,15.0,2.0,0.0,1.85106382978723,1.0,1.0,0.0,0.5,1.0,3.0,4.0,0.8782837819985934,0.12171621800140675
3877,58,0.0,0.0,1.0,28.0,42.0,0.0,1.0,42.0,1.0,0.0,17.0,47.0,0.0,5.0,2.0,15.0,2.0,0.0,1.85106382978723,1.0,1.0,0.0,0.5,0.0,1.0,4.0,0.8788323359954698,0.12116766400453025
3877,59,0.0,54.0,1.0,1.0,0.0,0.0,1.0,42.0,1.0,0.0,17.0,47.0,0.0,5.0,2.0,15.0,2.0,0.0,1.85106382978723,1.0,1.0,0.0,0.5,0.0,1.0,4.0,0.8828559800034667,0.11714401999653319
3877,60,0.0,0.0,1.0,1.0,0.0,0.0,1.0,42.0,61.0,0.0,17.0,47.0,0.0,5.0,2.0,15.0,0.0,0.0,1.85106382978723,1.0,1.0,0.0,0.5,0.0,1.0,4.0,0.8788322902848992,0.12116770971510082
3877,61,0.0,0.0,1.0,1.0,0.0,0.0,1.0,1198.0,1.0,13.0,17.0,47.0,0.0,5.0,2.0,15.0,2.0,0.0,1.85106382978723,1.0,1.0,0.0,0.5,0.0,1.0,4.0,0.8788322897399852,0.12116771026001512
3877,62,0.0,0.0,1.0,23.0,0.0,0.0,1.0,42.0,1.0,0.0,17.0,47.0,0.0,5.0,2.0,15.0,2.0,0.0,1.85106382978723,1.0,1.0,0.0,0.5,0.0,1.0,4.0,0.8933695699060509,0.10663043009394926
3877,63,0.0,0.0,1.0,1.0,0.0,0.0,1.0,42.0,9.0,0.0,17.0,47.0,0.0,5.0,1873.0,15.0,2.0,0.0,1.85106382978723,1.0,1.0,0.0,0.5,0.0,1.0,4.0,0.8788322921311236,0.12116770786887666
3877,64,0.0,0.0,2.0,1.0,0.0,0.0,1.0,739.0,1.0,0.0,17.0,47.0,0.0,5.0,2.0,15.0,2.0,0.0,1.85106382978723,1.0,1.0,0.0,0.5,0.0,1.0,4.0,0.8792016091875787,0.1207983908124215
3877,65,0.0,0.0,2.0,1.0,0.0,0.0,1.0,42.0,1.0,0.0,17.0,47.0,0.0,5.0,2.0,15.0,2.0,285.0,1.85106382978723,1.0,1.0,0.0,0.5,0.0,1.0,4.0,0.8788348929470621,0.12116510705293798
3877,66,0.0,0.0,1.0,1.0,0.0,0.0,1.0,1425.0,1.0,0.0,17.0,47.0,0.0,5.0,2.0,15.0,2.0,0.0,1.85106382978723,22.0,1.0,0.0,0.5,0.0,1.0,4.0,0.8788322897371843,0.12116771026281575
3877,67,0.0,0.0,1.0,1.0,0.0,0.0,1.0,759.0,1.0,0.0,90.0,47.0,0.0,5.0,2.0,15.0,2.0,0.0,1.85106382978723,1.0,1.0,0.0,0.5,0.0,1.0,4.0,0.8788322906162352,0.12116770938376499
3877,68,0.0,0.0,1.0,1.0,0.0,0.0,1.0,42.0,26.0,0.0,17.0,47.0,0.0,5.0,2.0,15.0,2.0,0.0,1.85106382978723,1.0,1.0,0.0,0.5,0.0,1.0,2.0,0.9299237685247382,0.07007623147526199
3877,69,0.0,0.0,1.0,26.0,0.0,0.0,1.0,42.0,1.0,0.0,17.0,47.0,0.0,5.0,1449.0,15.0,2.0,0.0,1.85106382978723,1.0,1.0,0.0,0.5,0.0,1.0,4.0,0.8788322897372273,0.12116771026277257
3877,70,0.0,0.0,1.0,1.0,0.0,0.0,1.0,42.0,1.0,0.0,22.0,47.0,0.0,5.0,2.0,15.0,2.0,0.0,1.85106382978723,1.0,1.0,0.0,0.5,2.0,1.0,4.0,0.8788323713690867,0.12116762863091311
3877,71,0.0,0.0,1.0,1.0,0.0,0.0,1.0,1362.0,1.0,0.0,17.0,47.0,0.0,5.0,2.0,15.0,2.0,0.0,1.85106382978723,1.0,1.0,3.0,0.5,0.0,1.0,4.0,0.8788322897371875,0.12116771026281253
3877,72,0.0,0.0,1.0,1.0,0.0,0.0,1.0,644.0,1.0,0.0,17.0,47.0,0.0,5.0,2.0,15.0,2.0,0.0,1.85106382978723,1.0,1.0,0.0,0.5,0.0,1.0,4.0,0.8823335319593246,0.11766646804067539
3877,73,0.0,0.0,1.0,1.0,0.0,0.0,1.0,42.0,1.0,0.0,17.0,47.0,0.0,5.0,2.0,15.0,2.0,0.0,1.85106382978723,1.0,53.0,0.0,0.5,0.0,1.0,4.0,0.8788322897712643,0.12116771022873576
3877,74,0.0,0.0,1.0,1.0,0.0,0.0,18.0,42.0,1.0,0.0,17.0,47.0,2.0,5.0,2.0,15.0,2.0,0.0,1.85106382978723,1.0,1.0,0.0,0.5,0.0,1.0,4.0,0.8790039836729457,0.12099601632705424
3877,75,0.0,0.0,0.0,1.0,0.0,0.0,1.0,42.0,1.0,0.0,17.0,47.0,0.0,5.0,2871.0,15.0,2.0,0.0,1.85106382978723,1.0,1.0,0.0,0.5,0.0,1.0,4.0,0.8819115990415954,0.11808840095840481
3877,76,0.0,0.0,1.0,1.0,0.0,0.0,19.0,42.0,1.0,0.0,17.0,47.0,0.0,5.0,2.0,15.0,2.0,0.0,1.85106382978723,1.0,1.0,0.0,0.7,0.0,1.0,4.0,0.8789718678236482,0.12102813217635178
3877,77,0.0,0.0,1.0,1.0,0.0,0.0,1.0,42.0,1.0,0.0,17.0,47.0,0.0,5.0,2.0,15.0,2.0,0.0,18.6,1.0,1.0,0.0,0.5,0.0,1.0,4.0,0.7542294248337332,0.24577057516626677
3877,78,0.0,0.0,1.0,1.0,0.0,0.0,1.0,42.0,1.0,0.0,17.0,47.0,0.0,9.0,2.0,15.0,2.0,0.0,1.85106382978723,1.0,1.0,0.0,0.5,2.0,1.0,4.0,0.8788323190847893,0.12116768091521063
3877,79,0.0,0.0,1.0,1.0,0.0,0.0,1.0,42.0,1.0,0.0,17.0,47.0,12.0,5.0,2.0,15.0,2.0,0.0,22.0,1.0,1.0,0.0,0.5,0.0,1.0,4.0,0.8939793583914061,0.10602064160859405
3877,80,0.0,0.0,1.0,1.0,0.0,0.0,18.0,42.0,1.0,0.0,17.0,47.0,0.0,5.0,356.0,15.0,2.0,0.0,1.85106382978723,1.0,1.0,0.0,0.5,0.0,1.0,4.0,0.8788509986999341,0.12114900130006591
3877,81,0.0,0.0,1.0,1.0,0.0,0.0,1.0,42.0,29.0,0.0,17.0,47.0,0.0,5.0,2.0,15.0,2.0,0.0,1.85106382978723,1.0,1.0,0.0,0.5,0.0,1.0,4.0,0.9067003031068541,0.09329969689314586
3877,82,0.0,0.0,1.0,1.0,14.0,0.0,1.0,42.0,1.0,0.0,17.0,47.0,0.0,5.0,2.0,15.0,2.0,0.0,1.85106382978723,1.0,7.0,0.0,0.5,0.0,1.0,4.0,0.6245172667545416,0.37548273324545833
3877,83,0.0,0.0,1.0,1.0,0.0,0.0,1.0,759.0,1.0,0.0,17.0,47.0,0.0,5.0,2.0,15.0,2.0,0.0,1.85106382978723,1.0,1.0,0.0,0.5,0.0,1.0,4.0,0.8791599831307615,0.12084001686923854
3877,84,0.0,0.0,1.0,1.0,0.0,0.0,1.0,42.0,1.0,30.0,17.0,47.0,0.0,5.0,2.0,15.0,2.0,0.0,21.1,1.0,1.0,0.0,0.5,0.0,1.0,4.0,0.8814857386931038,0.11851426130689649
3877,85,0.0,0.0,1.0,1.0,0.0,0.0,16.0,42.0,1.0,0.0,17.0,47.0,0.0,5.0,2.0,15.0,2.0,0.0,1.85106382978723,1.0,1.0,0.0,0.5,0.0,1.0,4.0,0.8793528375195637,0.1206471624804362
3877,86,0.0,0.0,1.0,22.0,0.0,0.0,1.0,42.0,1.0,0.0,17.0,47.0,0.0,5.0,2.0,15.0,2.0,0.0,1.85106382978723,1.0,1.0,0.0,0.5,4.0,1.0,4.0,0.8788322897385953,0.12116771026140478
3877,87,0.0,0.0,1.0,1.0,0.0,0.0,1.0,42.0,1.0,0.0,17.0,47.0,0.0,2.0,2.0,15.0,2.0,0.0,18.8,1.0,1.0,0.0,0.5,0.0,1.0,4.0,0.8405358117626053,0.1594641882373948
3877,88,1.0,0.0,8.0,1.0,0.0,0.0,1.0,42.0,1.0,0.0,17.0,47.0,0.0,5.0,2.0,15.0,2.0,0.0,1.85106382978723,1.0,1.0,0.0,0.5,0.0,1.0,4.0,0.8804786301802211,0.11952136981977918
3877,89,0.0,0.0,1.0,1.0,0.0,0.0,1.0,1487.0,1.0,0.0,17.0,47.0,0.0,5.0,2.0,15.0,2.0,0.0,1.85106382978723,1.0,1.0,0.0,0.5,0.0,1.0,0.0,0.8788322897366383,0.12116771026336154
3877,90,0.0,0.0,1.0,1.0,0.0,0.0,1.0,42.0,1.0,0.0,17.0,47.0,0.0,5.0,2.0,15.0,2.0,200.0,1.85106382978723,1.0,1.0,0.0,0.5,0.0,1.0,4.0,0.8790281804140979,0.12097181958590238
3877,91,0.0,0.0,7.0,21.0,0.0,0.0,1.0,42.0,1.0,0.0,17.0,47.0,0.0,5.0,2.0,15.0,2.0,0.0,1.85106382978723,1.0,1.0,0.0,0.5,0.0,1.0,4.0,0.8788326903290206,0.12116730967097958
3877,92,0.0,0.0,0.0,1.0,0.0,0.0,1.0,42.0,1.0,0.0,17.0,47.0,18.0,5.0,2.0,15.0,2.0,0.0,1.85106382978723,1.0,1.0,0.0,0.5,0.0,1.0,4.0,0.880072329977322,0.11992767002267794
3877,93,0.0,0.0,1.0,35.0,0.0,0.0,10.0,42.0,1.0,0.0,17.0,47.0,0.0,5.0,2.0,15.0,2.0,0.0,1.85106382978723,1.0,1.0,0.0,0.5,0.0,1.0,4.0,0.8788707858962261,0.12112921410377364
3877,94,2.0,0.0,1.0,1.0,0.0,0.0,1.0,42.0,1.0,0.0,17.0,47.0,0.0,5.0,2.0,15.0,2.0,0.0,1.85106382978723,19.0,1.0,0.0,0.5,0.0,1.0,4.0,0.8687080750617892,0.13129192493821099
3877,95,0.0,0.0,1.0,1.0,0.0,0.0,1.0,42.0,1.0,0.0,17.0,47.0,0.0,5.0,2556.0,15.0,2.0,0.0,1.85106382978723,1.0,1.0,0.0,0.5,0.0,1.0,4.0,0.878877686220521,0.121122313779479
3877,96,0.0,0.0,1.0,1.0,0.0,0.0,1.0,42.0,1.0,0.0,17.0,47.0,0.0,5.0,2.0,15.0,2.0,0.0,1.85106382978723,25.0,1.0,0.0,0.5,0.0,1.0,5.0,0.8790036260514749,0.12099637394852515
3877,97,0.0,0.0,1.0,1.0,0.0,11.0,1.0,42.0,1.0,0.0,17.0,47.0,0.0,5.0,2.0,15.0,2.0,0.0,1.85106382978723,1.0,1.0,0.0,0.4,0.0,1.0,4.0,0.5829063843940502,0.41709361560594976
3877,98,0.0,0.0,1.0,1.0,0.0,0.0,1.0,42.0,1.0,0.0,17.0,47.0,0.0,5.0,2.0,15.0,2.0,75.0,1.85106382978723,1.0,1.0,0.0,0.5,0.0,1.0,4.0,0.8801363082153493,0.1198636917846508
3877,99,0.0,0.0,1.0,1.0,0.0,0.0,1.0,42.0,1.0,0.0,17.0,47.0,0.0,5.0,2.0,15.0,2.0,96.0,1.85106382978723,1.0,1.0,0.0,0.5,0.0,1.0,4.0,0.8806285678548544,0.11937143214514548
3919,0,0.0,37.0,1.0,1.0,0.0,0.0,1.0,48.0,70.0,1.0,16.0,46.0,0.0,5.0,0.0,14.0,2.0,0.0,1.72340425531915,1.0,1.0,0.0,0.5,0.0,4.0,3.0,0.8788322897371875,0.12116771026281253
3919,1,0.0,0.0,1.0,1.0,0.0,0.0,1.0,48.0,1.0,1.0,16.0,46.0,18.0,5.0,0.0,14.0,1.0,0.0,1.72340425531915,1.0,1.0,0.0,0.5,0.0,4.0,3.0,0.8808549138020101,0.11914508619798994
3919,2,0.0,0.0,1.0,1.0,35.0,0.0,1.0,48.0,1.0,1.0,16.0,46.0,0.0,5.0,0.0,14.0,2.0,0.0,1.72340425531915,1.0,1.0,0.0,0.5,0.0,4.0,3.0,0.9125241288641442,0.08747587113585573
3919,3,0.0,0.0,1.0,1.0,0.0,0.0,1.0,48.0,1.0,1.0,55.0,46.0,0.0,5.0,0.0,14.0,2.0,0.0,1.72340425531915,1.0,1.0,0.0,0.5,0.0,6.0,3.0,0.8757724820902375,0.12422751790976269
3919,4,0.0,0.0,1.0,1.0,49.0,0.0,1.0,48.0,1.0,1.0,16.0,46.0,0.0,5.0,0.0,14.0,2.0,0.0,1.72340425531915,1.0,1.0,0.0,0.5,0.0,4.0,3.0,0.7324145126592287,0.26758548734077114
3919,5,0.0,0.0,1.0,1.0,0.0,0.0,1.0,48.0,1.0,1.0,16.0,46.0,0.0,5.0,0.0,64.0,2.0,0.0,1.6,1.0,1.0,0.0,0.5,0.0,4.0,3.0,0.8530394573304207,0.14696054266957945
3919,6,0.0,0.0,1.0,1.0,0.0,0.0,1.0,48.0,1.0,1.0,16.0,46.0,0.0,5.0,0.0,14.0,2.0,0.0,1.72340425531915,1.0,17.0,0.0,0.5,0.0,4.0,3.0,0.8228714512803171,0.1771285487196828
3919,7,0.0,0.0,0.0,1.0,0.0,0.0,1.0,48.0,1.0,1.0,16.0,46.0,0.0,5.0,0.0,14.0,0.0,0.0,1.72340425531915,1.0,1.0,0.0,0.5,0.0,4.0,3.0,0.6505360564647341,0.34946394353526594
3919,8,0.0,0.0,1.0,1.0,0.0,0.0,1.0,48.0,38.0,1.0,16.0,46.0,18.0,5.0,0.0,14.0,2.0,0.0,1.72340425531915,1.0,1.0,0.0,0.5,0.0,4.0,3.0,0.8788324872079789,0.12116751279202097
3919,9,0.0,0.0,1.0,1.0,0.0,0.0,1.0,48.0,1.0,1.0,16.0,46.0,0.0,5.0,2250.0,14.0,2.0,0.0,1.72340425531915,1.0,1.0,0.0,0.5,0.0,4.0,3.0,0.878832316040409,0.1211676839595911
3919,10,0.0,0.0,1.0,1.0,0.0,0.0,1.0,48.0,1.0,1.0,16.0,46.0,0.0,5.0,0.0,14.0,4.0,60.0,1.72340425531915,1.0,1.0,0.0,0.5,0.0,4.0,3.0,0.8674862320562183,0.13251376794378195
3919,11,0.0,0.0,1.0,1.0,0.0,0.0,1.0,48.0,1.0,1.0,16.0,46.0,0.0,5.0,0.0,14.0,2.0,0.0,1.72340425531915,3.0,1.0,0.0,0.5,1.0,4.0,3.0,0.8783948003980562,0.121605199601944
3919,12,0.0,41.0,1.0,1.0,0.0,0.0,1.0,48.0,1.0,1.0,16.0,46.0,0.0,5.0,0.0,14.0,2.0,0.0,1.72340425531915,1.0,1.0,0.0,0.5,0.0,4.0,3.0,0.8846669701673906,0.11533302983260936
3919,13,0.0,0.0,1.0,1.0,0.0,0.0,1.0,48.0,1.0,1.0,16.0,46.0,0.0,5.0,0.0,83.0,2.0,0.0,1.72340425531915,1.0,1.0,0.0,0.6,0.0,4.0,3.0,0.8769165784643459,0.12308342153565424
3919,14,11.0,0.0,1.0,1.0,0.0,0.0,1.0,771.0,1.0,1.0,16.0,46.0,0.0,5.0,0.0,14.0,2.0,0.0,1.72340425531915,1.0,1.0,0.0,0.5,0.0,4.0,3.0,0.878819729812547,0.12118027018745293
3919,15,0.0,0.0,1.0,1.0,0.0,0.0,1.0,48.0,1.0,1.0,16.0,46.0,0.0,5.0,0.0,14.0,2.0,0.0,7.5,1.0,1.0,0.0,0.5,5.0,4.0,3.0,0.8788322897371875,0.12116771026281253
3919,16,0.0,19.0,1.0,1.0,0.0,0.0,1.0,48.0,1.0,1.0,16.0,103.0,0.0,5.0,0.0,14.0,2.0,0.0,1.72340425531915,1.0,1.0,0.0,0.5,0.0,4.0,3.0,0.8124262510661884,0.18757374893381157
3919,17,15.0,0.0,1.0,1.0,0.0,0.0,1.0,48.0,1.0,1.0,16.0,46.0,0.0,0.0,0.0,14.0,2.0,0.0,1.72340425531915,1.0,1.0,0.0,0.5,0.0,4.0,3.0,0.9287045291018681,0.07129547089813204
3919,18,0.0,0.0,1.0,1.0,0.0,0.0,1.0,48.0,1.0,1.0,16.0,46.0,0.0,5.0,3106.0,14.0,2.0,0.0,1.72340425531915,1.0,1.0,0.0,0.5,3.0,4.0,3.0,0.8788322897371875,0.12116771026281253
3919,19,0.0,0.0,1.0,1.0,0.0,0.0,1.0,48.0,1.0,1.0,16.0,46.0,0.0,5.0,2396.0,14.0,2.0,0.0,1.72340425531915,0.0,1.0,0.0,0.5,0.0,4.0,3.0,0.8788338717007501,0.12116612829925003
3919,20,0.0,0.0,1.0,1.0,0.0,0.0,1.0,48.0,1.0,1.0,16.0,46.0,6.0,5.0,0.0,14.0,2.0,105.0,1.72340425531915,1.0,1.0,0.0,0.5,0.0,4.0,3.0,0.8794759323363535,0.12052406766364636
3919,21,0.0,0.0,1.0,1.0,0.0,0.0,1.0,48.0,11.0,1.0,16.0,46.0,0.0,5.0,0.0,14.0,2.0,0.0,1.72340425531915,1.0,1.0,0.0,0.5,0.0,4.0,5.0,0.6215090337762218,0.3784909662237782
3919,22,0.0,0.0,1.0,1.0,0.0,8.0,1.0,48.0,1.0,1.0,16.0,46.0,0.0,5.0,0.0,14.0,2.0,0.0,1.72340425531915,1.0,76.0,0.0,0.5,0.0,4.0,3.0,0.8788322897371902,0.12116771026280979
3919,23,0.0,74.0,1.0,1.0,0.0,0.0,1.0,48.0,1.0,1.0,16.0,188.0,0.0,5.0,0.0,14.0,2.0,0.0,1.72340425531915,1.0,1.0,0.0,0.5,0.0,4.0,3.0,0.8788322898866012,0.12116771011339875
3919,24,0.0,0.0,0.0,1.0,0.0,21.0,1.0,48.0,1.0,1.0,16.0,46.0,0.0,5.0,0.0,14.0,2.0,0.0,1.72340425531915,1.0,1.0,0.0,0.5,0.0,4.0,3.0,0.8827564624030316,0.1172435375969682
3919,25,0.0,0.0,1.0,1.0,0.0,0.0,1.0,48.0,1.0,1.0,16.0,46.0,0.0,5.0,0.0,14.0,2.0,0.0,1.72340425531915,18.0,1.0,0.0,0.5,0.0,1.0,3.0,0.8643267771751324,0.13567322282486766
3919,26,0.0,0.0,1.0,1.0,0.0,0.0,1.0,48.0,1.0,1.0,16.0,46.0,0.0,5.0,2536.0,14.0,5.0,0.0,1.72340425531915,1.0,1.0,0.0,0.5,0.0,4.0,3.0,0.878849083251308,0.12115091674869197
3919,27,0.0,0.0,1.0,1.0,0.0,0.0,1.0,373.0,1.0,1.0,16.0,46.0,0.0,5.0,0.0,14.0,2.0,252.0,1.72340425531915,1.0,1.0,0.0,0.5,0.0,4.0,3.0,0.8788322904824721,0.12116770951752799
3919,28,0.0,0.0,1.0,29.0,0.0,0.0,1.0,48.0,1.0,1.0,16.0,46.0,0.0,5.0,0.0,14.0,2.0,0.0,1.72340425531915,1.0,1.0,0.0,0.8,0.0,4.0,3.0,0.8877802041673759,0.1122197958326242
3919,29,0.0,0.0,1.0,38.0,0.0,0.0,1.0,48.0,57.0,1.0,16.0,46.0,0.0,5.0,0.0,14.0,2.0,0.0,1.72340425531915,1.0,1.0,0.0,0.5,0.0,4.0,3.0,0.8788322897372289,0.12116771026277089
3919,30,0.0,0.0,1.0,1.0,0.0,0.0,1.0,48.0,1.0,1.0,16.0,46.0,0.0,5.0,0.0,14.0,2.0,0.0,1.72340425531915,2.0,30.0,0.0,0.5,0.0,4.0,3.0,0.878811451308239,0.12118854869176109
3919,31,0.0,0.0,1.0,1.0,0.0,0.0,1.0,48.0,1.0,1.0,16.0,46.0,0.0,5.0,0.0,14.0,2.0,0.0,1.72340425531915,1.0,77.0,0.0,0.5,0.0,3.0,3.0,0.8788322897371948,0.12116771026280525
3919,32,0.0,0.0,1.0,1.0,0.0,0.0,1.0,48.0,1.0,1.0,16.0,46.0,0.0,5.0,0.0,14.0,2.0,257.0,1.72340425531915,1.0,1.0,0.0,0.5,0.0,4.0,3.0,0.878832320444605,0.12116767955539506
3919,33,0.0,0.0,1.0,1.0,0.0,0.0,1.0,48.0,1.0,1.0,16.0,46.0,0.0,5.0,2467.0,14.0,2.0,0.0,1.72340425531915,1.0,1.0,0.0,0.5,0.0,1.0,3.0,0.8788395920098038,0.1211604079901961
3919,34,12.0,0.0,1.0,1.0,0.0,0.0,1.0,48.0,1.0,15.0,16.0,46.0,0.0,5.0,0.0,14.0,2.0,0.0,1.72340425531915,1.0,1.0,0.0,0.5,0.0,4.0,3.0,0.8538327972016738,0.14616720279832626
3919,35,0.0,68.0,1.0,1.0,0.0,0.0,1.0,48.0,1.0,1.0,16.0,46.0,0.0,5.0,0.0,14.0,2.0,0.0,1.72340425531915,1.0,1.0,0.0,0.5,0.0,6.0,3.0,0.8795652950314822,0.12043470496851774
3919,36,0.0,0.0,1.0,1.0,0.0,0.0,1.0,48.0,1.0,26.0,16.0,46.0,0.0,5.0,0.0,14.0,2.0,0.0,1.72340425531915,1.0,1.0,0.0,0.5,0.0,2.0,3.0,0.918070803282716,0.08192919671728406
3919,37,1.0,0.0,1.0,1.0,0.0,0.0,1.0,48.0,1.0,1.0,92.0,46.0,0.0,5.0,0.0,14.0,2.0,0.0,1.72340425531915,1.0,1.0,0.0,0.5,0.0,4.0,3.0,0.8787912282757506,0.12120877172424942
3919,38,0.0,0.0,1.0,1.0,0.0,0.0,1.0,48.0,3.0,1.0,16.0,46.0,0.0,5.0,0.0,14.0,2.0,0.0,20.0,1.0,1.0,0.0,0.5,0.0,4.0,3.0,0.8410469452203552,0.15895305477964458
3919,39,0.0,0.0,1.0,1.0,0.0,0.0,11.0,48.0,1.0,1.0,16.0,46.0,0.0,5.0,0.0,14.0,2.0,0.0,1.72340425531915,1.0,1.0,0.0,0.5,2.0,4.0,3.0,0.8788322912679014,0.12116770873209871
3919,40,0.0,0.0,1.0,1.0,0.0,13.0,1.0,48.0,1.0,1.0,16.0,46.0,0.0,5.0,0.0,14.0,2.0,0.0,1.72340425531915,1.0,1.0,0.0,0.5,0.0,4.0,4.0,0.6399457169893126,0.3600542830106874
3919,41,0.0,0.0,1.0,1.0,0.0,0.0,1.0,48.0,53.0,1.0,16.0,46.0,0.0,5.0,0.0,14.0,2.0,0.0,1.72340425531915,1.0,1.0,0.0,0.9,0.0,4.0,3.0,0.878832716696614,0.12116728330338598
3919,42,0.0,0.0,1.0,1.0,0.0,0.0,1.0,439.0,1.0,1.0,16.0,46.0,0.0,5.0,0.0,14.0,2.0,0.0,19.0,1.0,1.0,0.0,0.5,0.0,4.0,3.0,0.8826592416466769,0.11734075835332312
3919,43,0.0,0.0,1.0,1.0,0.0,0.0,1.0,1322.0,1.0,1.0,16.0,46.0,0.0,5.0,0.0,14.0,2.0,0.0,1.72340425531915,1.0,1.0,0.0,0.5,0.0,4.0,3.0,0.8788322897367923,0.12116771026320766
3919,44,0.0,0.0,1.0,1.0,0.0,0.0,1.0,48.0,1.0,1.0,16.0,46.0,0.0,5.0,0.0,14.0,2.0,0.0,15.3,1.0,1.0,0.0,0.5,0.0,4.0,3.0,0.5407810793930241,0.4592189206069758
3919,45,10.0,0.0,1.0,1.0,0.0,0.0,1.0,48.0,1.0,1.0,16.0,46.0,0.0,5.0,2676.0,14.0,2.0,0.0,1.72340425531915,1.0,1.0,0.0,0.5,0.0,4.0,3.0,0.8788429274016896,0.12115707259831057
3919,46,0.0,0.0,1.0,1.0,36.0,0.0,1.0,48.0,1.0,1.0,16.0,46.0,0.0,5.0,0.0,14.0,2.0,0.0,1.72340425531915,1.0,1.0,0.0,0.5,0.0,4.0,3.0,0.9077852323145684,0.09221476768543149
3919,47,0.0,0.0,1.0,1.0,0.0,0.0,1.0,48.0,1.0,1.0,16.0,46.0,0.0,7.0,0.0,14.0,2.0,0.0,1.72340425531915,1.0,1.0,0.0,0.5,4.0,4.0,3.0,0.8788324313567701,0.12116756864322985
3919,48,0.0,0.0,1.0,13.0,0.0,0.0,1.0,48.0,1.0,1.0,16.0,46.0,0.0,5.0,0.0,14.0,2.0,0.0,1.72340425531915,1.0,1.0,0.0,0.5,0.0,4.0,3.0,0.9166031817003754,0.08339681829962443
3919,49,0.0,0.0,1.0,1.0,0.0,0.0,11.0,48.0,1.0,1.0,16.0,46.0,0.0,1.0,0.0,14.0,2.0,0.0,1.72340425531915,1.0,1.0,0.0,0.5,0.0,4.0,3.0,0.879289014963202,0.1207109850367981
3919,50,0.0,25.0,1.0,1.0,0.0,0.0,1.0,48.0,1.0,1.0,16.0,46.0,0.0,5.0,0.0,14.0,2.0,0.0,1.72340425531915,1.0,1.0,0.0,0.5,0.0,4.0,3.0,0.8531910171110759,0.146808982888924
3919,51,0.0,0.0,1.0,1.0,0.0,0.0,1.0,48.0,1.0,1.0,16.0,179.0,0.0,5.0,0.0,14.0,2.0,0.0,1.72340425531915,1.0,1.0,0.0,0.1,0.0,4.0,3.0,0.8346499963185705,0.16535000368142946
3919,52,0.0,0.0,1.0,1.0,0.0,0.0,1.0,48.0,1.0,1.0,35.0,46.0,0.0,1.0,0.0,14.0,2.0,0.0,1.72340425531915,1.0,1.0,0.0,0.5,0.0,4.0,3.0,0.7606165529163169,0.23938344708368303
3919,53,0.0,0.0,1.0,1.0,0.0,0.0,1.0,48.0,1.0,1.0,16.0,46.0,0.0,5.0,1468.0,14.0,2.0,0.0,1.72340425531915,1.0,1.0,0.0,0.5,0.0,4.0,3.0,0.8788333101505559,0.12116668984944436
3919,54,0.0,0.0,1.0,1.0,0.0,0.0,1.0,48.0,1.0,13.0,16.0,46.0,0.0,5.0,0.0,43.0,2.0,0.0,1.72340425531915,1.0,1.0,0.0,0.5,0.0,4.0,3.0,0.8832458025822189,0.11675419741778101
3919,55,0.0,0.0,1.0,1.0,0.0,0.0,1.0,48.0,1.0,1.0,16.0,46.0,0.0,5.0,0.0,14.0,2.0,0.0,1.72340425531915,12.0,1.0,0.0,0.5,2.0,4.0,3.0,0.8788323157953988,0.12116768420460142
3919,56,0.0,0.0,1.0,1.0,0.0,0.0,12.0,48.0,1.0,1.0,16.0,46.0,0.0,5.0,0.0,14.0,2.0,0.0,1.72340425531915,1.0,1.0,0.0,0.5,0.0,4.0,3.0,0.8801398620382088,0.11986013796179108
3919,57,0.0,0.0,1.0,1.0,54.0,0.0,1.0,48.0,1.0,1.0,16.0,46.0,0.0,5.0,0.0,14.0,2.0,0.0,1.72340425531915,8.0,1.0,0.0,0.5,0.0,4.0,3.0,0.8153265926478055,0.18467340735219445
3919,58,0.0,0.0,1.0,1.0,0.0,0.0,1.0,48.0,1.0,7.0,16.0,46.0,6.0,5.0,0.0,14.0,2.0,0.0,1.72340425531915,1.0,1.0,0.0,0.5,0.0,4.0,3.0,0.7483457954593418,0.2516542045406581
3919,59,0.0,0.0,1.0,1.0,0.0,0.0,1.0,48.0,1.0,1.0,16.0,46.0,0.0,5.0,0.0,14.0,2.0,0.0,1.72340425531915,1.0,1.0,0.0,0.8,4.0,4.0,3.0,0.8788324557759771,0.12116754422402293
3919,60,0.0,0.0,1.0,1.0,0.0,0.0,1.0,1219.0,1.0,1.0,16.0,46.0,0.0,5.0,0.0,14.0,2.0,0.0,1.72340425531915,1.0,1.0,0.0,0.5,0.0,4.0,3.0,0.8788322897421619,0.1211677102578383
3919,61,0.0,0.0,1.0,1.0,0.0,0.0,1.0,48.0,1.0,1.0,16.0,46.0,0.0,5.0,0.0,14.0,2.0,0.0,5.8,1.0,36.0,0.0,0.5,0.0,4.0,3.0,0.8788349202853152,0.1211650797146848
3919,62,0.0,0.0,1.0,1.0,0.0,0.0,1.0,48.0,1.0,1.0,16.0,46.0,0.0,5.0,0.0,14.0,2.0,0.0,1.72340425531915,1.0,1.0,4.0,0.5,0.0,5.0,3.0,0.8791297275167024,0.12087027248329757
3919,63,0.0,0.0,6.0,1.0,0.0,0.0,1.0,48.0,1.0,21.0,16.0,46.0,0.0,5.0,0.0,14.0,2.0,0.0,1.72340425531915,1.0,1.0,0.0,0.5,0.0,4.0,3.0,0.8789047376751742,0.1210952623248257
3919,64,0.0,0.0,1.0,16.0,0.0,0.0,1.0,48.0,1.0,1.0,16.0,46.0,0.0,5.0,0.0,14.0,2.0,0.0,1.72340425531915,1.0,1.0,0.0,0.5,0.0,4.0,3.0,0.9151682914029275,0.0848317085970725
3919,65,0.0,0.0,1.0,1.0,0.0,0.0,1.0,48.0,1.0,8.0,37.0,46.0,0.0,5.0,0.0,14.0,2.0,0.0,1.72340425531915,1.0,1.0,0.0,0.5,0.0,4.0,3.0,0.6457295203132414,0.3542704796867586
3919,66,0.0,0.0,1.0,1.0,0.0,0.0,1.0,48.0,1.0,1.0,16.0,46.0,0.0,5.0,1287.0,14.0,2.0,0.0,1.72340425531915,1.0,1.0,0.0,0.5,0.0,4.0,3.0,0.8788335866945199,0.12116641330547995
3919,67,0.0,0.0,1.0,1.0,0.0,0.0,1.0,48.0,1.0,30.0,16.0,46.0,0.0,5.0,2950.0,14.0,2.0,0.0,1.72340425531915,1.0,1.0,0.0,0.5,0.0,4.0,3.0,0.8788394384384185,0.12116056156158139
3919,68,0.0,0.0,1.0,1.0,0.0,0.0,1.0,48.0,1.0,1.0,16.0,156.0,14.0,5.0,0.0,14.0,2.0,0.0,1.72340425531915,1.0,1.0,0.0,0.5,0.0,4.0,3.0,0.8786294411937268,0.12137055880627307
3919,69,0.0,0.0,1.0,1.0,0.0,0.0,1.0,48.0,65.0,1.0,16.0,46.0,0.0,5.0,0.0,14.0,2.0,0.0,1.72340425531915,1.0,1.0,0.0,0.5,0.0,4.0,3.0,0.8788322897530995,0.12116771024690064
3919,70,0.0,0.0,1.0,1.0,0.0,0.0,1.0,48.0,1.0,1.0,16.0,173.0,0.0,5.0,0.0,14.0,2.0,0.0,1.72340425531915,4.0,1.0,0.0,0.5,0.0,4.0,3.0,0.8289850126337863,0.17101498736621354
3919,71,0.0,0.0,1.0,1.0,0.0,0.0,1.0,48.0,1.0,1.0,16.0,46.0,0.0,5.0,0.0,14.0,2.0,116.0,1.72340425531915,1.0,1.0,0.0,0.5,0.0,4.0,3.0,0.8812521095943643,0.11874789040563569
3919,72,0.0,0.0,1.0,1.0,0.0,0.0,1.0,48.0,1.0,1.0,68.0,46.0,0.0,5.0,0.0,14.0,2.0,0.0,1.72340425531915,1.0,32.0,0.0,0.5,0.0,4.0,3.0,0.8788322736101061,0.121167726389894
3919,73,0.0,0.0,3.0,1.0,0.0,0.0,1.0,48.0,1.0,1.0,16.0,46.0,0.0,5.0,0.0,78.0,2.0,0.0,1.72340425531915,1.0,1.0,0.0,0.5,0.0,4.0,3.0,0.8740384977848794,0.12596150221512062
3919,74,0.0,0.0,1.0,1.0,0.0,0.0,1.0,48.0,1.0,1.0,16.0,46.0,0.0,5.0,0.0,14.0,2.0,0.0,22.2,1.0,1.0,0.0,0.5,0.0,4.0,3.0,0.8578617464091068,0.1421382535908932
3919,75,0.0,0.0,1.0,1.0,0.0,0.0,1.0,48.0,33.0,1.0,16.0,46.0,0.0,5.0,0.0,14.0,2.0,0.0,1.72340425531915,3.0,1.0,0.0,0.5,0.0,4.0,3.0,0.888778748983734,0.111221251016266
3919,76,0.0,0.0,8.0,1.0,0.0,0.0,1.0,48.0,1.0,15.0,16.0,46.0,0.0,5.0,0.0,14.0,2.0,0.0,1.72340425531915,1.0,1.0,0.0,0.5,0.0,4.0,3.0,0.8789204377820741,0.12107956221792568
3919,77,0.0,0.0,1.0,1.0,0.0,0.0,1.0,48.0,1.0,20.0,16.0,46.0,0.0,5.0,0.0,14.0,2.0,0.0,1.72340425531915,1.0,1.0,0.0,1.0,0.0,4.0,3.0,0.9196480205711708,0.08035197942882906
3919,78,0.0,0.0,1.0,1.0,0.0,0.0,18.0,48.0,1.0,1.0,16.0,46.0,0.0,5.0,0.0,14.0,2.0,335.0,1.72340425531915,1.0,1.0,0.0,0.5,0.0,4.0,3.0,0.8788322898247175,0.12116771017528262
3919,79,0.0,0.0,1.0,21.0,0.0,0.0,1.0,48.0,1.0,1.0,16.0,46.0,0.0,5.0,0.0,14.0,2.0,0.0,1.72340425531915,9.0,1.0,0.0,0.5,0.0,4.0,3.0,0.8890015043732586,0.11099849562674147
3919,80,0.0,0.0,1.0,1.0,0.0,0.0,1.0,48.0,1.0,1.0,16.0,46.0,0.0,3.0,0.0,14.0,2.0,0.0,1.72340425531915,1.0,1.0,0.0,0.5,4.0,4.0,3.0,0.8788324656594105,0.12116753434058954
3919,81,0.0,78.0,1.0,1.0,0.0,0.0,1.0,48.0,1.0,1.0,13.0,46.0,0.0,5.0,0.0,14.0,2.0,0.0,1.72340425531915,1.0,1.0,0.0,0.5,0.0,4.0,3.0,0.879018323235313,0.12098167676468677
3919,82,0.0,0.0,1.0,1.0,0.0,0.0,1.0,48.0,1.0,1.0,16.0,46.0,0.0,5.0,0.0,14.0,2.0,106.0,1.72340425531915,1.0,1.0,0.0,0.5,3.0,4.0,3.0,0.878832290299109,0.12116770970089104
3919,83,0.0,0.0,1.0,1.0,0.0,0.0,1.0,48.0,1.0,1.0,16.0,46.0,0.0,5.0,1867.0,14.0,2.0,0.0,1.72340425531915,1.0,1.0,0.0,0.5,0.0,4.0,3.0,0.878832300965793,0.12116769903420703
3919,84,0.0,0.0,1.0,1.0,0.0,0.0,1.0,48.0,1.0,1.0,16.0,46.0,9.0,5.0,0.0,14.0,2.0,0.0,1.72340425531915,1.0,1.0,4.0,0.5,0.0,4.0,3.0,0.8788734102470123,0.1211265897529877
3919,85,0.0,0.0,1.0,1.0,0.0,0.0,1.0,48.0,1.0,1.0,16.0,86.0,0.0,5.0,0.0,14.0,2.0,234.0,1.72340425531915,1.0,1.0,0.0,0.5,0.0,4.0,3.0,0.8788324293603635,0.12116757063963653
3919,86,0.0,0.0,1.0,1.0,44.0,0.0,1.0,48.0,1.0,1.0,16.0,46.0,21.0,5.0,0.0,14.0,2.0,0.0,1.72340425531915,1.0,1.0,0.0,0.5,0.0,4.0,3.0,0.8788322383298436,0.12116776167015647
3919,87,0.0,0.0,1.0,1.0,43.0,0.0,1.0,48.0,1.0,1.0,16.0,46.0,0.0,5.0,0.0,14.0,2.0,0.0,1.72340425531915,1.0,1.0,1.0,0.5,0.0,4.0,3.0,0.8627976557419899,0.13720234425801
3919,88,0.0,0.0,1.0,1.0,0.0,0.0,1.0,48.0,61.0,1.0,16.0,46.0,0.0,5.0,0.0,14.0,2.0,0.0,1.72340425531915,1.0,1.0,0.0,0.5,0.0,4.0,3.0,0.8788322904352192,0.12116770956478072
3919,89,0.0,0.0,1.0,1.0,40.0,0.0,1.0,48.0,1.0,1.0,16.0,46.0,0.0,5.0,0.0,14.0,2.0,0.0,1.72340425531915,1.0,1.0,0.0,0.5,0.0,3.0,3.0,0.8705520038920381,0.12944799610796168
3919,90,0.0,0.0,1.0,34.0,0.0,0.0,1.0,48.0,1.0,1.0,10.0,46.0,0.0,5.0,0.0,14.0,2.0,0.0,1.72340425531915,1.0,1.0,0.0,0.5,0.0,4.0,3.0,0.8874531648574441,0.11254683514255619
3919,91,0.0,0.0,1.0,1.0,0.0,0.0,1.0,48.0,1.0,30.0,16.0,46.0,0.0,5.0,0.0,14.0,2.0,0.0,1.72340425531915,1.0,66.0,0.0,0.5,0.0,4.0,3.0,0.8788322897371875,0.12116771026281253
3919,92,0.0,0.0,1.0,1.0,0.0,0.0,1.0,48.0,1.0,1.0,16.0,121.0,0.0,5.0,0.0,14.0,2.0,0.0,1.72340425531915,1.0,1.0,4.0,0.5,0.0,4.0,3.0,0.8788339889243862,0.12116601107561357
3919,93,0.0,0.0,1.0,35.0,0.0,0.0,14.0,48.0,1.0,1.0,16.0,46.0,0.0,5.0,0.0,14.0,2.0,0.0,1.72340425531915,1.0,1.0,0.0,0.5,0.0,4.0,3.0,0.8788325288020484,0.12116747119795138
3919,94,0.0,0.0,1.0,1.0,0.0,9.0,1.0,48.0,1.0,1.0,16.0,46.0,0.0,5.0,0.0,0.0,2.0,0.0,1.72340425531915,1.0,1.0,0.0,0.5,0.0,4.0,3.0,0.5962706394538559,0.40372936054614417
3919,95,0.0,0.0,1.0,1.0,0.0,0.0,1.0,48.0,51.0,1.0,16.0,46.0,0.0,5.0,0.0,14.0,2.0,80.0,1.72340425531915,1.0,1.0,0.0,0.5,0.0,4.0,3.0,0.8788322907098439,0.12116770929015587
3919,96,0.0,0.0,1.0,1.0,0.0,0.0,1.0,48.0,1.0,1.0,16.0,46.0,0.0,0.0,0.0,14.0,2.0,0.0,1.72340425531915,1.0,45.0,0.0,0.5,0.0,4.0,3.0,0.8788323072678123,0.12116769273218787
3919,97,6.0,0.0,1.0,1.0,0.0,0.0,22.0,48.0,1.0,1.0,16.0,46.0,0.0,5.0,0.0,14.0,2.0,0.0,1.72340425531915,1.0,1.0,0.0,0.5,0.0,4.0,3.0,0.8789386708490377,0.12106132915096243
3919,98,0.0,0.0,1.0,1.0,0.0,0.0,1.0,48.0,1.0,1.0,16.0,46.0,0.0,5.0,0.0,14.0,2.0,0.0,25.4,1.0,1.0,0.0,0.5,5.0,4.0,3.0,0.8788322897371875,0.12116771026281253
3919,99,0.0,0.0,1.0,1.0,0.0,0.0,1.0,48.0,36.0,1.0,75.0,46.0,0.0,5.0,0.0,14.0,2.0,0.0,1.72340425531915,1.0,1.0,0.0,0.5,0.0,4.0,3.0,0.8788322548636023,0.12116774513639762
3926,0,1.0,0.0,2.0,41.0,3.0,5.0,5.0,95.0,1.0,7.0,4.0,70.0,2.0,3.0,0.0,19.0,1.0,1.0,10.8461538461538,1.0,1.0,0.0,0.666666666666667,0.0,3.0,6.0,0.8789090955349322,0.12109090446506783
3926,1,1.0,0.0,2.0,1.0,3.0,20.0,5.0,95.0,1.0,7.0,4.0,5.0,2.0,3.0,0.0,19.0,1.0,1.0,10.8461538461538,1.0,1.0,0.0,0.666666666666667,0.0,3.0,8.0,0.7841861106696896,0.21581388933031032
3926,2,1.0,0.0,2.0,1.0,3.0,5.0,5.0,95.0,1.0,22.0,4.0,5.0,2.0,3.0,0.0,64.0,1.0,1.0,10.8461538461538,1.0,1.0,0.0,0.666666666666667,0.0,3.0,6.0,0.8836069078618612,0.11639309213813873
3926,3,1.0,0.0,2.0,1.0,3.0,0.0,5.0,95.0,1.0,7.0,69.0,5.0,2.0,3.0,0.0,19.0,1.0,1.0,10.8461538461538,1.0,1.0,0.0,0.666666666666667,0.0,3.0,6.0,0.8786546923124663,0.12134530768753365
3926,4,1.0,0.0,2.0,1.0,3.0,5.0,5.0,95.0,1.0,7.0,4.0,5.0,2.0,3.0,873.0,19.0,1.0,1.0,10.8461538461538,21.0,1.0,0.0,0.666666666666667,0.0,3.0,6.0,0.8788322747933953,0.1211677252066048
3926,5,1.0,0.0,2.0,1.0,3.0,5.0,5.0,95.0,1.0,7.0,4.0,5.0,2.0,3.0,0.0,19.0,1.0,41.0,10.8461538461538,1.0,1.0,0.0,0.666666666666667,2.0,3.0,6.0,0.8788322899756408,0.12116771002435936
3926,6,1.0,0.0,2.0,1.0,3.0,5.0,5.0,1560.0,1.0,7.0,4.0,5.0,2.0,3.0,0.0,19.0,1.0,1.0,10.8461538461538,1.0,1.0,0.0,0.666666666666667,0.0,3.0,6.0,0.8788322897369847,0.12116771026301526
3926,7,1.0,0.0,2.0,1.0,3.0,5.0,5.0,95.0,1.0,7.0,4.0,5.0,2.0,3.0,0.0,19.0,1.0,309.0,10.8461538461538,1.0,1.0,0.0,0.666666666666667,0.0,3.0,7.0,0.8788554920626835,0.12114450793731668
3926,8,1.0,0.0,0.0,1.0,3.0,5.0,5.0,95.0,1.0,7.0,4.0,5.0,2.0,3.0,0.0,19.0,1.0,1.0,10.8461538461538,1.0,1.0,4.0,0.666666666666667,0.0,3.0,6.0,0.8793427719695355,0.12065722803046426
3926,9,1.0,0.0,2.0,1.0,3.0,5.0,5.0,95.0,32.0,7.0,4.0,5.0,14.0,3.0,0.0,19.0,1.0,1.0,10.8461538461538,1.0,1.0,0.0,0.666666666666667,0.0,3.0,6.0,0.8788364213404519,0.1211635786595482
3926,10,1.0,0.0,2.0,1.0,3.0,5.0,5.0,95.0,1.0,7.0,4.0,190.0,2.0,3.0,0.0,19.0,1.0,1.0,9.9,1.0,1.0,0.0,0.666666666666667,0.0,3.0,6.0,0.8683400616008831,0.13165993839911688
3926,11,1.0,0.0,2.0,1.0,3.0,5.0,5.0,95.0,1.0,7.0,74.0,5.0,2.0,3.0,0.0,19.0,1.0,1.0,10.8461538461538,1.0,1.0,0.0,0.666666666666667,0.0,3.0,6.0,0.8787866604209742,0.12121333957902596
3926,12,1.0,0.0,2.0,1.0,3.0,5.0,5.0,95.0,1.0,7.0,4.0,5.0,2.0,3.0,0.0,19.0,3.0,333.0,10.8461538461538,1.0,1.0,0.0,0.666666666666667,0.0,3.0,6.0,0.8789741674304433,0.12102583256955662
3926,13,1.0,0.0,2.0,1.0,3.0,5.0,5.0,95.0,52.0,7.0,4.0,5.0,2.0,3.0,0.0,18.0,1.0,1.0,10.8461538461538,1.0,1.0,0.0,0.666666666666667,0.0,3.0,6.0,0.8788323204855836,0.12116767951441644
3926,14,1.0,0.0,2.0,1.0,3.0,5.0,5.0,1200.0,1.0,7.0,4.0,5.0,2.0,3.0,0.0,19.0,1.0,1.0,8.4,1.0,1.0,0.0,0.666666666666667,0.0,3.0,6.0,0.8788322897381348,0.12116771026186515
3926,15,1.0,0.0,2.0,1.0,3.0,5.0,5.0,95.0,17.0,7.0,4.0,5.0,2.0,3.0,0.0,19.0,1.0,1.0,10.8461538461538,1.0,1.0,4.0,0.666666666666667,0.0,3.0,6.0,0.8788599880711772,0.12114001192882287
3926,16,1.0,0.0,2.0,1.0,3.0,5.0,5.0,95.0,1.0,7.0,4.0,5.0,2.0,3.0,0.0,13.0,1.0,300.0,10.8461538461538,1.0,1.0,0.0,0.666666666666667,0.0,3.0,6.0,0.8788506872625717,0.12114931273742832
3926,17,1.0,0.0,2.0,1.0,3.0,5.0,5.0,95.0,1.0,7.0,4.0,5.0,2.0,3.0,0.0,19.0,1.0,283.0,20.8,1.0,1.0,0.0,0.666666666666667,0.0,3.0,6.0,0.8788323873726587,0.12116761262734131
3926,18,1.0,0.0,2.0,1.0,37.0,14.0,5.0,95.0,1.0,7.0,4.0,5.0,2.0,3.0,0.0,19.0,1.0,1.0,10.8461538461538,1.0,1.0,0.0,0.666666666666667,0.0,3.0,6.0,0.8754709353924567,0.12452906460754336
3926,19,1.0,0.0,2.0,1.0,3.0,5.0,5.0,95.0,1.0,7.0,39.0,5.0,2.0,3.0,2055.0,19.0,1.0,1.0,10.8461538461538,1.0,1.0,0.0,0.666666666666667,0.0,3.0,6.0,0.8788322898366112,0.12116771016338888
3926,20,1.0,0.0,2.0,1.0,3.0,5.0,5.0,95.0,1.0,7.0,4.0,5.0,11.0,3.0,0.0,19.0,1.0,1.0,10.8461538461538,1.0,1.0,0.0,0.666666666666667,0.0,5.0,6.0,0.7420512217902413,0.25794877820975864
3926,21,1.0,0.0,2.0,1.0,3.0,5.0,5.0,95.0,1.0,7.0,4.0,5.0,2.0,3.0,966.0,19.0,1.0,1.0,10.8461538461538,1.0,1.0,0.0,0.2,0.0,3.0,6.0,0.8788345846592166,0.12116541534078333
3926,22,1.0,0.0,2.0,1.0,5.0,5.0,5.0,95.0,1.0,7.0,4.0,5.0,2.0,3.0,0.0,19.0,1.0,1.0,10.8461538461538,1.0,1.0,2.0,0.666666666666667,0.0,3.0,6.0,0.8679584891234318,0.1320415108765683
3926,23,1.0,0.0,2.0,4.0,3.0,5.0,5.0,95.0,1.0,7.0,4.0,5.0,2.0,3.0,2941.0,19.0,1.0,1.0,10.8461538461538,1.0,1.0,0.0,0.666666666666667,0.0,3.0,6.0,0.8875274300596652,0.11247256994033496
3926,24,1.0,0.0,2.0,1.0,3.0,5.0,5.0,95.0,1.0,28.0,4.0,5.0,2.0,3.0,0.0,19.0,1.0,138.0,10.8461538461538,1.0,1.0,0.0,0.666666666666667,0.0,3.0,6.0,0.8788325354843677,0.12116746451563246
3926,25,1.0,77.0,2.0,1.0,3.0,18.0,5.0,95.0,1.0,7.0,4.0,5.0,2.0,3.0,0.0,19.0,1.0,1.0,10.8461538461538,1.0,1.0,0.0,0.666666666666667,0.0,3.0,6.0,0.8788327528192335,0.1211672471807665
3926,26,1.0,0.0,2.0,1.0,3.0,5.0,5.0,95.0,1.0,7.0,4.0,5.0,2.0,3.0,0.0,19.0,1.0,1.0,10.8461538461538,1.0,1.0,0.0,0.666666666666667,2.0,1.0,6.0,0.8788322904041423,0.12116770959585756
3926,27,1.0,0.0,2.0,8.0,3.0,5.0,5.0,95.0,1.0,7.0,4.0,5.0,18.0,3.0,0.0,19.0,1.0,1.0,10.8461538461538,1.0,1.0,0.0,0.666666666666667,0.0,3.0,6.0,0.881901517924252,0.11809848207574812
3926,28,1.0,93.0,2.0,1.0,3.0,5.0,5.0,95.0,1.0,7.0,4.0,5.0,2.0,3.0,0.0,19.0,1.0,1.0,10.8461538461538,1.0,1.0,0.0,0.5,0.0,3.0,6.0,0.8788323257746881,0.12116767422531213
3926,29,1.0,0.0,2.0,1.0,3.0,10.0,5.0,95.0,1.0,7.0,4.0,5.0,2.0,3.0,0.0,19.0,1.0,1.0,10.8461538461538,26.0,1.0,0.0,0.666666666666667,0.0,3.0,6.0,0.878734682070805,0.12126531792919502
3926,30,1.0,0.0,2.0,1.0,3.0,5.0,16.0,95.0,1.0,7.0,4.0,5.0,2.0,3.0,0.0,19.0,1.0,1.0,10.8461538461538,1.0,1.0,0.0,0.666666666666667,0.0,3.0,10.0,0.878766517364147,0.12123348263585318
3926,31,1.0,0.0,2.0,1.0,3.0,5.0,5.0,95.0,1.0,7.0,4.0,5.0,2.0,3.0,0.0,19.0,1.0,331.0,10.8461538461538,1.0,1.0,0.0,0.666666666666667,0.0,3.0,6.0,0.8790997894845997,0.12090021051540052
3926,32,1.0,0.0,2.0,1.0,3.0,5.0,5.0,931.0,1.0,7.0,4.0,5.0,2.0,3.0,0.0,19.0,1.0,1.0,10.8461538461538,1.0,1.0,0.0,0.666666666666667,0.0,3.0,6.0,0.8788324241598224,0.12116757584017773
3926,33,1.0,0.0,2.0,1.0,32.0,5.0,5.0,95.0,1.0,7.0,4.0,5.0,2.0,3.0,0.0,19.0,1.0,1.0,10.8461538461538,1.0,1.0,0.0,0.666666666666667,0.0,3.0,6.0,0.8719104247747709,0.12808957522522926
3926,34,15.0,0.0,2.0,1.0,3.0,5.0,5.0,95.0,1.0,7.0,4.0,5.0,2.0,3.0,0.0,53.0,1.0,1.0,10.8461538461538,1.0,1.0,0.0,0.666666666666667,0.0,3.0,6.0,0.7809391260765095,0.2190608739234903
3926,35,1.0,0.0,2.0,1.0,3.0,5.0,5.0,95.0,1.0,7.0,4.0,5.0,2.0,3.0,2420.0,19.0,1.0,1.0,10.8461538461538,1.0,1.0,2.0,0.666666666666667,0.0,3.0,6.0,0.8788323400681943,0.12116765993180584
3926,36,1.0,0.0,2.0,1.0,3.0,5.0,5.0,95.0,1.0,22.0,4.0,5.0,2.0,3.0,0.0,19.0,1.0,135.0,10.8461538461538,1.0,1.0,0.0,0.666666666666667,0.0,3.0,6.0,0.8788406070269044,0.1211593929730957
3926,37,1.0,0.0,2.0,1.0,3.0,5.0,5.0,95.0,23.0,7.0,4.0,5.0,2.0,3.0,0.0,19.0,1.0,1.0,11.6,1.0,1.0,0.0,0.666666666666667,0.0,3.0,6.0,0.8740060206792752,0.1259939793207248
3926,38,1.0,0.0,2.0,1.0,3.0,5.0,5.0,95.0,1.0,7.0,4.0,5.0,2.0,3.0,0.0,1.0,1.0,1.0,10.8461538461538,1.0,1.0,2.0,0.666666666666667,0.0,3.0,6.0,0.8860648761114122,0.11393512388858773
3926,39,1.0,0.0,2.0,0.0,3.0,5.0,5.0,95.0,1.0,7.0,4.0,5.0,2.0,3.0,0.0,85.0,1.0,1.0,10.8461538461538,1.0,1.0,0.0,0.666666666666667,0.0,3.0,6.0,0.8760487337526197,0.1239512662473803
3926,40,1.0,0.0,2.0,1.0,3.0,5.0,5.0,95.0,1.0,7.0,4.0,5.0,2.0,3.0,0.0,19.0,2.0,270.0,10.8461538461538,1.0,1.0,0.0,0.666666666666667,0.0,3.0,6.0,0.8788323415304623,0.12116765846953789
3926,41,1.0,101.0,2.0,1.0,3.0,5.0,5.0,95.0,1.0,7.0,4.0,5.0,2.0,3.0,0.0,19.0,1.0,1.0,10.8461538461538,1.0,1.0,0.0,0.666666666666667,0.0,3.0,6.0,0.8788322892704568,0.12116771072954337
3926,42,1.0,0.0,2.0,1.0,3.0,5.0,5.0,95.0,1.0,7.0,4.0,85.0,2.0,3.0,0.0,19.0,1.0,1.0,10.8461538461538,1.0,1.0,0.0,0.666666666666667,0.0,3.0,6.0,0.6127142298557984,0.3872857701442014
3926,43,1.0,0.0,2.0,1.0,3.0,5.0,5.0,606.0,1.0,7.0,4.0,5.0,2.0,3.0,0.0,19.0,1.0,1.0,10.8461538461538,1.0,1.0,3.0,0.666666666666667,0.0,3.0,6.0,0.8788323018138623,0.12116769818613791
3926,44,1.0,112.0,2.0,1.0,3.0,5.0,5.0,95.0,1.0,7.0,4.0,5.0,2.0,3.0,0.0,19.0,1.0,1.0,10.8461538461538,1.0,1.0,0.0,0.666666666666667,0.0,3.0,6.0,0.8788322870834248,0.12116771291657542
3926,45,1.0,0.0,2.0,1.0,3.0,5.0,5.0,95.0,1.0,7.0,4.0,5.0,2.0,3.0,2955.0,19.0,0.0,1.0,10.8461538461538,1.0,1.0,0.0,0.666666666666667,0.0,3.0,6.0,0.8889759086949295,0.11102409130507054
3926,46,1.0,0.0,2.0,1.0,3.0,5.0,5.0,95.0,1.0,7.0,4.0,5.0,2.0,6.0,0.0,19.0,1.0,1.0,10.8461538461538,1.0,1.0,4.0,0.666666666666667,0.0,3.0,6.0,0.8792668441607178,0.12073315583928232
3926,47,1.0,0.0,2.0,1.0,3.0,9.0,5.0,95.0,1.0,7.0,4.0,5.0,2.0,3.0,0.0,19.0,1.0,1.0,10.8461538461538,1.0,15.0,0.0,0.666666666666667,0.0,3.0,6.0,0.6981545592553948,0.30184544074460523
3926,48,20.0,0.0,2.0,1.0,3.0,5.0,5.0,95.0,1.0,7.0,4.0,5.0,2.0,3.0,0.0,19.0,1.0,1.0,10.8461538461538,1.0,1.0,0.0,0.666666666666667,0.0,3.0,6.0,0.8610262375514485,0.13897376244855142
3926,49,1.0,0.0,2.0,1.0,3.0,5.0,5.0,1387.0,1.0,7.0,4.0,5.0,2.0,3.0,0.0,19.0,1.0,1.0,10.8461538461538,1.0,1.0,0.0,0.666666666666667,0.0,3.0,6.0,0.8788322897371376,0.1211677102628624
3926,50,1.0,0.0,2.0,1.0,3.0,5.0,5.0,95.0,1.0,7.0,4.0,5.0,2.0,3.0,1464.0,19.0,1.0,1.0,10.8461538461538,1.0,1.0,0.0,0.666666666666667,0.0,3.0,6.0,0.8788520008905862,0.12114799910941369
3926,51,1.0,0.0,2.0,1.0,57.0,5.0,5.0,95.0,1.0,7.0,4.0,5.0,19.0,3.0,0.0,19.0,1.0,1.0,10.8461538461538,1.0,1.0,0.0,0.666666666666667,0.0,3.0,6.0,0.8788322264784139,0.12116777352158643
3926,52,1.0,0.0,2.0,32.0,3.0,5.0,5.0,95.0,1.0,7.0,4.0,5.0,2.0,3.0,0.0,19.0,4.0,1.0,10.8461538461538,1.0,1.0,0.0,0.666666666666667,0.0,3.0,6.0,0.8795578129914563,0.12044218700854366
3926,53,1.0,0.0,2.0,1.0,3.0,5.0,5.0,95.0,1.0,7.0,4.0,5.0,2.0,2.0,0.0,19.0,1.0,1.0,10.8461538461538,1.0,59.0,0.0,0.666666666666667,0.0,3.0,6.0,0.8788322897373929,0.12116771026260705
3926,54,1.0,28.0,2.0,1.0,3.0,5.0,5.0,95.0,1.0,7.0,4.0,5.0,2.0,3.0,0.0,19.0,1.0,91.0,10.8461538461538,1.0,1.0,0.0,0.666666666666667,0.0,3.0,6.0,0.878839303313874,0.12116069668612585
3926,55,1.0,0.0,2.0,1.0,3.0,5.0,5.0,95.0,1.0,7.0,4.0,5.0,2.0,3.0,0.0,19.0,1.0,153.0,10.8461538461538,1.0,1.0,0.0,0.666666666666667,0.0,3.0,6.0,0.880687099237939,0.11931290076206098
3926,56,1.0,0.0,2.0,1.0,51.0,5.0,5.0,95.0,1.0,7.0,4.0,213.0,2.0,3.0,0.0,19.0,1.0,1.0,10.8461538461538,1.0,1.0,0.0,0.666666666666667,0.0,3.0,6.0,0.8788320903538123,0.12116790964618783
3926,57,1.0,0.0,2.0,1.0,26.0,5.0,5.0,95.0,66.0,7.0,4.0,5.0,2.0,3.0,0.0,19.0,1.0,1.0,10.8461538461538,1.0,1.0,0.0,0.666666666666667,0.0,3.0,6.0,0.8788322897371852,0.12116771026281477
3926,58,1.0,0.0,2.0,1.0,3.0,5.0,5.0,95.0,1.0,7.0,12.0,5.0,2.0,3.0,0.0,19.0,1.0,1.0,10.8461538461538,1.0,74.0,0.0,0.666666666666667,0.0,3.0,6.0,0.8788322897385081,0.1211677102614918
3926,59,1.0,0.0,2.0,34.0,3.0,5.0,5.0,95.0,63.0,7.0,4.0,5.0,2.0,3.0,0.0,19.0,1.0,1.0,10.8461538461538,1.0,1.0,0.0,0.666666666666667,0.0,3.0,6.0,0.8788322897371882,0.12116771026281199
3926,60,11.0,0.0,2.0,1.0,3.0,5.0,5.0,95.0,1.0,7.0,4.0,5.0,2.0,3.0,0.0,19.0,1.0,1.0,10.8461538461538,1.0,1.0,0.0,0.666666666666667,0.0,3.0,6.0,0.7026586787749061,0.2973413212250942
3926,61,1.0,0.0,2.0,1.0,3.0,5.0,16.0,95.0,1.0,7.0,4.0,5.0,2.0,3.0,0.0,19.0,1.0,1.0,4.8,1.0,1.0,0.0,0.666666666666667,0.0,3.0,6.0,0.8796320924681912,0.1203679075318087
3926,62,1.0,0.0,2.0,1.0,3.0,5.0,5.0,95.0,1.0,7.0,63.0,5.0,2.0,2.0,0.0,19.0,1.0,1.0,10.8461538461538,1.0,1.0,0.0,0.666666666666667,0.0,3.0,6.0,0.8782329612049408,0.12176703879505948
3926,63,1.0,0.0,2.0,1.0,3.0,5.0,5.0,95.0,1.0,7.0,4.0,5.0,2.0,3.0,0.0,55.0,1.0,1.0,16.3,1.0,1.0,0.0,0.666666666666667,0.0,3.0,6.0,0.7670131367987254,0.23298686320127487
3926,64,1.0,0.0,2.0,1.0,3.0,5.0,5.0,95.0,1.0,7.0,4.0,5.0,2.0,3.0,0.0,19.0,1.0,1.0,10.8461538461538,1.0,60.0,3.0,0.666666666666667,0.0,3.0,6.0,0.878832289897337,0.12116771010266306
3926,65,1.0,0.0,2.0,1.0,3.0,5.0,5.0,95.0,1.0,7.0,4.0,5.0,2.0,3.0,0.0,46.0,1.0,1.0,10.8461538461538,1.0,1.0,3.0,0.666666666666667,0.0,3.0,6.0,0.8788918543194388,0.12110814568056102
3926,66,1.0,0.0,2.0,1.0,3.0,5.0,0.0,95.0,1.0,7.0,4.0,5.0,2.0,3.0,0.0,19.0,1.0,268.0,10.8461538461538,1.0,1.0,0.0,0.666666666666667,0.0,3.0,6.0,0.8788323988836407,0.12116760111635931
3926,67,1.0,0.0,2.0,14.0,3.0,5.0,5.0,95.0,1.0,7.0,4.0,5.0,6.0,3.0,0.0,19.0,1.0,1.0,10.8461538461538,1.0,1.0,0.0,0.666666666666667,0.0,3.0,6.0,0.8782789107687008,0.12172108923129912
3926,68,1.0,0.0,2.0,1.0,3.0,5.0,5.0,95.0,1.0,7.0,4.0,5.0,2.0,3.0,0.0,19.0,1.0,221.0,15.8,1.0,1.0,0.0,0.666666666666667,0.0,3.0,6.0,0.8788344315867502,0.12116556841324984
3926,69,1.0,0.0,2.0,1.0,3.0,5.0,5.0,95.0,1.0,7.0,4.0,5.0,2.0,3.0,0.0,19.0,1.0,1.0,10.8461538461538,1.0,1.0,4.0,0.0,0.0,3.0,6.0,0.8794004273612597,0.12059957263874
3926,70,1.0,0.0,2.0,1.0,3.0,5.0,5.0,95.0,1.0,7.0,4.0,5.0,12.0,3.0,0.0,19.0,1.0,1.0,22.0,1.0,1.0,0.0,0.666666666666667,0.0,3.0,6.0,0.8583625055963435,0.14163749440365647
3926,71,1.0,0.0,2.0,1.0,3.0,5.0,5.0,95.0,1.0,7.0,4.0,5.0,2.0,3.0,0.0,19.0,1.0,1.0,10.8461538461538,1.0,1.0,0.0,0.666666666666667,5.0,3.0,11.0,0.8788322897371875,0.12116771026281253
3926,72,1.0,0.0,2.0,1.0,3.0,5.0,5.0,95.0,1.0,7.0,96.0,146.0,2.0,3.0,0.0,19.0,1.0,1.0,10.8461538461538,1.0,1.0,0.0,0.666666666666667,0.0,3.0,6.0,0.8784234960448519,0.12157650395514769
3926,73,1.0,0.0,2.0,1.0,3.0,5.0,5.0,95.0,1.0,7.0,4.0,5.0,2.0,3.0,0.0,19.0,6.0,1.0,10.8461538461538,1.0,29.0,0.0,0.666666666666667,0.0,3.0,6.0,0.87883397417607,0.12116602582393024
3926,74,1.0,97.0,2.0,1.0,3.0,5.0,5.0,95.0,1.0,7.0,4.0,5.0,2.0,3.0,0.0,19.0,1.0,1.0,7.7,1.0,1.0,0.0,0.666666666666667,0.0,3.0,6.0,0.8788322954897123,0.12116770451028758
3926,75,1.0,0.0,8.0,1.0,3.0,5.0,5.0,95.0,1.0,7.0,4.0,5.0,2.0,3.0,0.0,19.0,1.0,1.0,10.8461538461538,1.0,42.0,0.0,0.666666666666667,0.0,3.0,6.0,0.8788322897566831,0.12116771024331668
3926,76,1.0,0.0,2.0,1.0,3.0,5.0,5.0,95.0,1.0,7.0,4.0,5.0,2.0,3.0,0.0,19.0,1.0,285.0,10.8461538461538,1.0,1.0,0.0,0.666666666666667,0.0,3.0,6.0,0.8788334731610563,0.12116652683894355
3926,77,14.0,0.0,2.0,1.0,3.0,18.0,5.0,95.0,1.0,7.0,4.0,5.0,2.0,3.0,0.0,19.0,1.0,1.0,10.8461538461538,1.0,1.0,0.0,0.666666666666667,0.0,3.0,6.0,0.8614865199853594,0.13851348001464062
3926,78,1.0,0.0,2.0,1.0,3.0,5.0,5.0,95.0,1.0,7.0,4.0,5.0,2.0,3.0,0.0,19.0,1.0,80.0,10.8461538461538,1.0,1.0,0.0,0.666666666666667,0.0,3.0,6.0,0.879114527515905,0.12088547248409509
3926,79,1.0,0.0,2.0,1.0,3.0,5.0,5.0,95.0,1.0,23.0,4.0,5.0,2.0,3.0,0.0,30.0,1.0,1.0,10.8461538461538,1.0,1.0,0.0,0.666666666666667,0.0,3.0,6.0,0.7798218457313316,0.22017815426866832
3926,80,1.0,0.0,2.0,1.0,3.0,5.0,5.0,1019.0,1.0,7.0,4.0,5.0,2.0,3.0,0.0,19.0,1.0,1.0,10.8461538461538,1.0,1.0,0.0,0.666666666666667,0.0,3.0,6.0,0.8788322941312461,0.12116770586875361
3926,81,1.0,0.0,2.0,1.0,3.0,5.0,5.0,1592.0,1.0,28.0,4.0,5.0,2.0,3.0,0.0,19.0,1.0,1.0,10.8461538461538,1.0,1.0,0.0,0.666666666666667,0.0,3.0,6.0,0.8788322897371794,0.1211677102628204
3926,82,1.0,0.0,2.0,1.0,3.0,5.0,5.0,95.0,1.0,7.0,4.0,5.0,2.0,3.0,0.0,19.0,1.0,1.0,10.8461538461538,2.0,1.0,3.0,0.666666666666667,0.0,3.0,6.0,0.8823134722857012,0.11768652771429872
3926,83,1.0,0.0,2.0,1.0,3.0,5.0,5.0,95.0,1.0,7.0,4.0,5.0,2.0,3.0,0.0,19.0,1.0,1.0,10.8461538461538,3.0,1.0,0.0,0.666666666666667,5.0,3.0,6.0,0.8788322897371875,0.12116771026281253
3926,84,1.0,0.0,2.0,8.0,3.0,5.0,5.0,95.0,1.0,30.0,4.0,5.0,2.0,3.0,0.0,19.0,1.0,1.0,10.8461538461538,1.0,1.0,0.0,0.666666666666667,0.0,3.0,6.0,0.8811602696399243,0.11883973036007549
3926,85,1.0,0.0,2.0,1.0,3.0,5.0,5.0,95.0,1.0,7.0,4.0,5.0,2.0,3.0,1569.0,19.0,1.0,1.0,10.8461538461538,1.0,1.0,0.0,0.666666666666667,0.0,3.0,6.0,0.8788426709264926,0.12115732907350749
3926,86,1.0,0.0,2.0,1.0,3.0,5.0,5.0,95.0,1.0,7.0,4.0,3.0,2.0,3.0,412.0,19.0,1.0,1.0,10.8461538461538,1.0,1.0,0.0,0.666666666666667,0.0,3.0,6.0,0.7763735199588203,0.22362648004117974
3926,87,1.0,0.0,2.0,1.0,71.0,5.0,5.0,95.0,1.0,7.0,4.0,5.0,2.0,3.0,0.0,19.0,1.0,1.0,10.8461538461538,1.0,1.0,0.0,0.666666666666667,0.0,3.0,6.0,0.8784686545743836,0.12153134542561633
3926,88,1.0,0.0,2.0,1.0,3.0,5.0,5.0,95.0,1.0,7.0,4.0,5.0,2.0,3.0,0.0,19.0,3.0,1.0,10.8461538461538,1.0,75.0,0.0,0.666666666666667,0.0,3.0,6.0,0.8788322897389084,0.12116771026109184
3926,89,1.0,0.0,2.0,1.0,3.0,5.0,5.0,95.0,1.0,7.0,4.0,5.0,2.0,3.0,0.0,19.0,1.0,1.0,10.8461538461538,1.0,19.0,0.0,0.666666666666667,0.0,3.0,6.0,0.8444353692981643,0.15556463070183535
3926,90,1.0,0.0,2.0,39.0,3.0,5.0,5.0,95.0,1.0,7.0,4.0,5.0,2.0,3.0,0.0,19.0,1.0,1.0,10.8461538461538,1.0,1.0,0.0,0.666666666666667,0.0,6.0,6.0,0.8790953253414062,0.12090467465859385
3926,91,1.0,0.0,2.0,1.0,3.0,5.0,5.0,95.0,72.0,25.0,4.0,5.0,2.0,3.0,0.0,19.0,1.0,1.0,10.8461538461538,1.0,1.0,0.0,0.666666666666667,0.0,3.0,6.0,0.8788322897371875,0.12116771026281253
3926,92,1.0,0.0,2.0,1.0,3.0,5.0,5.0,95.0,1.0,7.0,4.0,5.0,2.0,3.0,0.0,87.0,1.0,1.0,10.8461538461538,1.0,1.0,0.0,0.666666666666667,0.0,3.0,6.0,0.8767988820063458,0.12320111799365421
3926,93,1.0,0.0,2.0,1.0,3.0,5.0,5.0,95.0,1.0,7.0,4.0,5.0,2.0,3.0,0.0,60.0,1.0,1.0,10.8461538461538,1.0,1.0,0.0,0.666666666666667,0.0,3.0,6.0,0.7984128367449903,0.2015871632550099
3926,94,1.0,0.0,2.0,1.0,3.0,5.0,5.0,95.0,1.0,7.0,4.0,167.0,2.0,3.0,0.0,19.0,1.0,1.0,10.8461538461538,1.0,1.0,0.0,0.666666666666667,0.0,3.0,6.0,0.860213040897471,0.1397869591025291
3926,95,1.0,47.0,2.0,1.0,3.0,5.0,5.0,95.0,1.0,7.0,4.0,5.0,2.0,3.0,0.0,19.0,1.0,1.0,10.8461538461538,1.0,1.0,0.0,0.666666666666667,0.0,3.0,6.0,0.8796517086671666,0.12034829133283341
3926,96,1.0,0.0,2.0,1.0,3.0,5.0,5.0,95.0,1.0,7.0,4.0,156.0,2.0,3.0,0.0,19.0,3.0,1.0,10.8461538461538,1.0,1.0,0.0,0.666666666666667,0.0,3.0,6.0,0.8375056407492255,0.16249435925077454
3926,97,1.0,0.0,2.0,1.0,3.0,5.0,5.0,95.0,1.0,7.0,4.0,5.0,2.0,3.0,0.0,19.0,1.0,1.0,10.8461538461538,1.0,1.0,4.0,0.666666666666667,1.0,3.0,6.0,0.8788325729989244,0.12116742700107563
3926,98,1.0,0.0,6.0,1.0,3.0,5.0,5.0,95.0,1.0,7.0,4.0,5.0,2.0,3.0,1405.0,19.0,1.0,1.0,10.8461538461538,1.0,1.0,0.0,0.666666666666667,0.0,3.0,6.0,0.878832295001674,0.12116770499832599
3926,99,1.0,0.0,2.0,1.0,3.0,5.0,5.0,95.0,1.0,13.0,4.0,5.0,2.0,3.0,0.0,19.0,1.0,1.0,10.8461538461538,1.0,67.0,0.0,0.666666666666667,0.0,3.0,6.0,0.8788322897372458,0.12116771026275426
4304,0,2.0,0.0,1.0,0.0,2.0,0.0,1.0,97.0,72.0,7.0,10.0,167.0,0.0,3.0,2.0,32.0,4.0,0.0,2.59659090909091,1.0,1.0,0.0,0.625,0.0,2.0,8.0,0.8788322897371875,0.12116771026281253
4304,1,2.0,0.0,1.0,0.0,2.0,0.0,1.0,97.0,1.0,7.0,10.0,167.0,0.0,3.0,1682.0,32.0,4.0,0.0,2.59659090909091,1.0,1.0,0.0,0.625,0.0,2.0,8.0,0.8788322898120574,0.12116771018794278
4304,2,2.0,0.0,1.0,0.0,2.0,0.0,1.0,97.0,1.0,7.0,10.0,167.0,0.0,3.0,2.0,32.0,3.0,261.0,2.59659090909091,1.0,1.0,0.0,0.625,0.0,2.0,8.0,0.8788322897371946,0.12116771026280532
4304,3,2.0,0.0,1.0,0.0,2.0,0.0,1.0,97.0,1.0,7.0,10.0,167.0,10.0,3.0,2.0,32.0,4.0,0.0,2.59659090909091,1.0,1.0,0.0,0.9,0.0,2.0,8.0,0.8463174315141417,0.15368256848585815
4304,4,2.0,0.0,1.0,0.0,2.0,0.0,1.0,97.0,50.0,7.0,10.0,167.0,0.0,3.0,2.0,32.0,4.0,0.0,2.59659090909091,1.0,1.0,0.0,0.3,0.0,2.0,8.0,0.8788323186972828,0.12116768130271714
4304,5,2.0,0.0,1.0,0.0,65.0,0.0,1.0,97.0,3.0,7.0,10.0,167.0,0.0,3.0,2.0,32.0,4.0,0.0,2.59659090909091,1.0,1.0,0.0,0.625,0.0,2.0,8.0,0.8788217036681766,0.12117829633182338
4304,6,2.0,0.0,1.0,0.0,48.0,0.0,1.0,97.0,1.0,7.0,10.0,167.0,0.0,3.0,2.0,32.0,4.0,0.0,2.59659090909091,11.0,1.0,0.0,0.625,0.0,2.0,8.0,0.8788301990759942,0.12116980092400559
4304,7,2.0,0.0,1.0,0.0,2.0,0.0,1.0,97.0,1.0,7.0,10.0,167.0,0.0,3.0,2.0,32.0,4.0,330.0,2.59659090909091,1.0,1.0,0.0,0.625,0.0,2.0,8.0,0.8788322898206906,0.12116771017930955
4304,8,2.0,0.0,1.0,0.0,2.0,5.0,1.0,97.0,1.0,7.0,10.0,167.0,0.0,3.0,2.0,32.0,4.0,0.0,2.59659090909091,1.0,43.0,0.0,0.625,0.0,2.0,8.0,0.8788322891583895,0.12116771084161068
4304,9,2.0,0.0,1.0,0.0,2.0,0.0,1.0,97.0,1.0,7.0,10.0,167.0,0.0,3.0,2.0,8.0,4.0,0.0,2.59659090909091,16.0,1.0,0.0,0.625,0.0,2.0,8.0,0.8702099145311195,0.12979008546888052
4304,10,2.0,0.0,1.0,0.0,2.0,0.0,1.0,97.0,15.0,7.0,10.0,136.0,0.0,3.0,2.0,32.0,4.0,0.0,2.59659090909091,1.0,1.0,0.0,0.625,0.0,2.0,8.0,0.7783575573064268,0.2216424426935732
4304,11,2.0,74.0,1.0,0.0,2.0,0.0,1.0,97.0,1.0,7.0,10.0,188.0,0.0,3.0,2.0,32.0,4.0,0.0,2.59659090909091,1.0,1.0,0.0,0.625,0.0,2.0,8.0,0.8788322897383317,0.1211677102616681
4304,12,2.0,0.0,1.0,0.0,2.0,0.0,1.0,97.0,1.0,7.0,10.0,167.0,5.0,3.0,2.0,32.0,4.0,0.0,2.59659090909091,1.0,1.0,0.0,0.625,0.0,5.0,8.0,0.5561330040624446,0.4438669959375554
4304,13,2.0,69.0,1.0,0.0,2.0,0.0,1.0,97.0,1.0,7.0,10.0,167.0,22.0,3.0,2.0,32.0,4.0,0.0,2.59659090909091,1.0,1.0,0.0,0.625,0.0,2.0,8.0,0.8788322897371875,0.12116771026281253
4304,14,2.0,0.0,1.0,0.0,2.0,0.0,1.0,97.0,1.0,7.0,10.0,41.0,0.0,3.0,2.0,32.0,4.0,0.0,2.59659090909091,1.0,1.0,0.0,0.625,3.0,2.0,8.0,0.8792852298368316,0.12071477016316857
4304,15,2.0,0.0,1.0,0.0,2.0,0.0,1.0,97.0,1.0,7.0,10.0,195.0,0.0,3.0,2.0,32.0,4.0,340.0,2.59659090909091,1.0,1.0,0.0,0.625,0.0,2.0,8.0,0.878832289738735,0.12116771026126512
4304,16,2.0,0.0,1.0,0.0,2.0,0.0,1.0,97.0,1.0,7.0,10.0,167.0,0.0,4.0,1861.0,32.0,4.0,0.0,2.59659090909091,1.0,1.0,0.0,0.625,0.0,2.0,8.0,0.8788322897423356,0.1211677102576642
4304,17,2.0,0.0,1.0,0.0,2.0,0.0,1.0,97.0,64.0,7.0,10.0,87.0,0.0,3.0,2.0,32.0,4.0,0.0,2.59659090909091,1.0,1.0,0.0,0.625,0.0,2.0,8.0,0.8788322897382009,0.12116771026179902
4304,18,2.0,0.0,1.0,0.0,2.0,0.0,1.0,97.0,31.0,7.0,10.0,167.0,0.0,3.0,2.0,32.0,4.0,0.0,2.59659090909091,1.0,1.0,0.0,0.4,0.0,2.0,8.0,0.8793869946276719,0.12061300537232812
4304,19,2.0,0.0,1.0,0.0,2.0,0.0,1.0,97.0,1.0,7.0,10.0,167.0,0.0,3.0,2.0,32.0,4.0,0.0,7.5,1.0,1.0,0.0,0.625,5.0,2.0,8.0,0.8788322897371875,0.12116771026281253
4304,20,2.0,0.0,1.0,0.0,2.0,0.0,1.0,97.0,1.0,7.0,10.0,167.0,0.0,3.0,2.0,32.0,4.0,0.0,24.7,1.0,1.0,0.0,0.625,0.0,2.0,8.0,0.8504784419381958,0.1495215580618042
4304,21,2.0,47.0,1.0,0.0,2.0,0.0,1.0,97.0,1.0,7.0,10.0,167.0,0.0,3.0,2.0,32.0,6.0,0.0,2.59659090909091,1.0,1.0,0.0,0.625,0.0,2.0,8.0,0.8788320710820302,0.12116792891796971
4304,22,20.0,0.0,1.0,1.0,2.0,0.0,1.0,97.0,1.0,7.0,10.0,167.0,0.0,3.0,2.0,32.0,4.0,0.0,2.59659090909091,1.0,1.0,0.0,0.625,0.0,2.0,8.0,0.878829675897173,0.12117032410282712
4304,23,2.0,0.0,1.0,0.0,2.0,0.0,1.0,97.0,1.0,7.0,10.0,167.0,0.0,3.0,2.0,32.0,4.0,199.0,2.59659090909091,1.0,64.0,0.0,0.625,0.0,2.0,8.0,0.8788322897371875,0.12116771026281253
4304,24,2.0,0.0,1.0,0.0,2.0,0.0,1.0,97.0,1.0,7.0,10.0,167.0,0.0,3.0,2.0,32.0,4.0,0.0,1.6,1.0,1.0,0.0,0.625,3.0,2.0,8.0,0.8788698481698485,0.12113015183015151
4304,25,2.0,0.0,1.0,0.0,2.0,0.0,12.0,97.0,1.0,7.0,10.0,167.0,0.0,3.0,2.0,32.0,4.0,0.0,2.59659090909091,1.0,1.0,0.0,0.625,0.0,2.0,8.0,0.878253955071392,0.12174604492860804
4304,26,2.0,0.0,1.0,0.0,2.0,0.0,1.0,97.0,1.0,7.0,18.0,167.0,0.0,3.0,2.0,32.0,4.0,340.0,2.59659090909091,1.0,1.0,0.0,0.625,0.0,2.0,8.0,0.8788322898047369,0.1211677101952633
4304,27,2.0,96.0,1.0,0.0,2.0,0.0,1.0,97.0,1.0,7.0,10.0,167.0,0.0,3.0,2.0,32.0,4.0,0.0,2.59659090909091,11.0,1.0,0.0,0.625,0.0,2.0,8.0,0.8788322897371863,0.12116771026281378
4304,28,2.0,0.0,1.0,0.0,2.0,0.0,1.0,97.0,61.0,7.0,10.0,167.0,0.0,3.0,216.0,32.0,4.0,0.0,2.59659090909091,1.0,1.0,0.0,0.625,0.0,2.0,8.0,0.8788322897381184,0.1211677102618815
4304,29,2.0,0.0,1.0,0.0,2.0,0.0,1.0,97.0,1.0,7.0,10.0,167.0,0.0,3.0,2021.0,32.0,4.0,0.0,2.59659090909091,1.0,1.0,0.0,0.625,0.0,2.0,8.0,0.8788322897373785,0.12116771026262171
4304,30,2.0,0.0,1.0,0.0,2.0,21.0,1.0,97.0,1.0,7.0,10.0,167.0,0.0,3.0,2.0,87.0,4.0,0.0,2.59659090909091,1.0,1.0,0.0,0.625,0.0,2.0,8.0,0.8788259717135363,0.1211740282864639
4304,31,2.0,95.0,1.0,0.0,2.0,0.0,1.0,97.0,1.0,7.0,10.0,167.0,0.0,3.0,2.0,32.0,4.0,0.0,2.59659090909091,1.0,1.0,0.0,0.625,0.0,2.0,8.0,0.8788322897371875,0.12116771026281228
4304,32,10.0,0.0,1.0,10.0,2.0,0.0,1.0,97.0,1.0,7.0,10.0,167.0,0.0,3.0,2.0,32.0,4.0,0.0,2.59659090909091,1.0,1.0,0.0,0.625,0.0,2.0,8.0,0.8729930855099916,0.12700691449000848
4304,33,2.0,0.0,1.0,0.0,2.0,0.0,1.0,771.0,1.0,7.0,10.0,167.0,0.0,3.0,2.0,32.0,4.0,0.0,2.59659090909091,1.0,1.0,0.0,0.625,0.0,2.0,8.0,0.8788263237145432,0.12117367628545689
4304,34,19.0,0.0,1.0,0.0,2.0,0.0,20.0,97.0,1.0,7.0,10.0,167.0,0.0,3.0,2.0,32.0,4.0,0.0,2.59659090909091,1.0,1.0,0.0,0.625,0.0,2.0,8.0,0.8788322897369767,0.12116771026302325
4304,35,15.0,0.0,1.0,0.0,2.0,0.0,1.0,97.0,1.0,7.0,10.0,167.0,0.0,0.0,2.0,32.0,4.0,0.0,2.59659090909091,1.0,1.0,0.0,0.625,0.0,2.0,8.0,0.8778988749738399,0.1221011250261599
4304,36,2.0,0.0,1.0,0.0,2.0,0.0,1.0,97.0,1.0,7.0,10.0,90.0,0.0,3.0,2.0,32.0,4.0,0.0,2.59659090909091,1.0,1.0,0.0,0.625,5.0,2.0,8.0,0.8788322897371875,0.12116771026281228
4304,37,2.0,0.0,1.0,0.0,2.0,0.0,1.0,97.0,1.0,7.0,10.0,23.0,0.0,3.0,1679.0,32.0,4.0,0.0,2.59659090909091,1.0,1.0,0.0,0.625,0.0,2.0,8.0,0.8788387367319258,0.12116126326807417
4304,38,2.0,85.0,4.0,0.0,2.0,0.0,1.0,97.0,1.0,7.0,10.0,167.0,0.0,3.0,2.0,32.0,4.0,0.0,2.59659090909091,1.0,1.0,0.0,0.625,0.0,2.0,8.0,0.8788322897372263,0.1211677102627738
4304,39,2.0,0.0,1.0,0.0,2.0,0.0,1.0,97.0,1.0,7.0,33.0,167.0,0.0,3.0,2.0,32.0,4.0,0.0,2.59659090909091,1.0,1.0,0.0,0.625,1.0,2.0,8.0,0.8787139318376432,0.12128606816235676
4304,40,2.0,49.0,1.0,0.0,2.0,0.0,1.0,162.0,1.0,7.0,10.0,167.0,0.0,3.0,2.0,32.0,4.0,0.0,2.59659090909091,1.0,1.0,0.0,0.625,0.0,2.0,8.0,0.8788322093513232,0.12116779064867676
4304,41,2.0,0.0,1.0,0.0,2.0,0.0,1.0,97.0,1.0,7.0,10.0,167.0,0.0,3.0,1594.0,32.0,4.0,0.0,2.59659090909091,1.0,1.0,0.0,0.625,0.0,2.0,8.0,0.8788322899223088,0.12116771007769125
4304,42,2.0,0.0,1.0,0.0,2.0,0.0,1.0,97.0,55.0,7.0,10.0,167.0,0.0,3.0,2.0,32.0,4.0,0.0,2.59659090909091,1.0,1.0,0.0,0.625,0.0,2.0,1.0,0.8788322904282345,0.12116770957176563
4304,43,2.0,0.0,1.0,0.0,2.0,0.0,1.0,97.0,62.0,7.0,10.0,167.0,0.0,3.0,2.0,32.0,2.0,0.0,2.59659090909091,1.0,1.0,0.0,0.625,0.0,2.0,8.0,0.8788322897382921,0.12116771026170774
4304,44,2.0,0.0,1.0,36.0,2.0,0.0,1.0,97.0,1.0,7.0,10.0,68.0,0.0,3.0,2.0,32.0,4.0,0.0,2.59659090909091,1.0,1.0,0.0,0.625,0.0,2.0,8.0,0.8788770755093754,0.12112292449062449
4304,45,2.0,7.0,1.0,0.0,56.0,0.0,1.0,97.0,1.0,7.0,10.0,167.0,0.0,3.0,2.0,32.0,4.0,0.0,2.59659090909091,1.0,1.0,0.0,0.625,0.0,2.0,8.0,0.8788234664458202,0.12117653355417979
4304,46,2.0,0.0,1.0,0.0,2.0,18.0,1.0,97.0,1.0,7.0,10.0,167.0,0.0,3.0,2.0,32.0,4.0,0.0,2.59659090909091,1.0,1.0,0.0,0.625,0.0,7.0,8.0,0.8761222394038661,0.1238777605961338
4304,47,2.0,0.0,1.0,0.0,2.0,0.0,1.0,97.0,64.0,7.0,10.0,167.0,0.0,3.0,2.0,32.0,4.0,0.0,2.59659090909091,1.0,1.0,0.0,0.625,0.0,2.0,1.0,0.8788322897373064,0.12116771026269327
4304,48,2.0,0.0,1.0,36.0,2.0,0.0,1.0,97.0,1.0,7.0,10.0,167.0,0.0,3.0,2.0,32.0,4.0,0.0,2.59659090909091,1.0,76.0,0.0,0.625,0.0,2.0,8.0,0.8788322897371875,0.12116771026281253
4304,49,2.0,0.0,7.0,0.0,2.0,0.0,1.0,97.0,1.0,7.0,10.0,167.0,0.0,3.0,2.0,32.0,4.0,0.0,2.59659090909091,1.0,1.0,3.0,0.625,0.0,2.0,8.0,0.8788322895911854,0.12116771040881441
4304,50,2.0,0.0,1.0,0.0,2.0,0.0,1.0,97.0,1.0,7.0,10.0,167.0,0.0,3.0,2.0,32.0,4.0,328.0,2.59659090909091,1.0,1.0,0.0,0.625,0.0,2.0,8.0,0.87883228981002,0.12116771018998006
4304,51,2.0,0.0,1.0,0.0,2.0,0.0,1.0,1190.0,1.0,7.0,10.0,167.0,0.0,3.0,2.0,32.0,4.0,0.0,2.59659090909091,1.0,58.0,0.0,0.625,0.0,2.0,8.0,0.8788322897371875,0.12116771026281253
4304,52,2.0,0.0,8.0,0.0,2.0,0.0,1.0,97.0,1.0,7.0,10.0,167.0,0.0,3.0,2.0,32.0,4.0,0.0,2.59659090909091,8.0,1.0,0.0,0.625,0.0,2.0,8.0,0.8788322776490214,0.1211677223509787
4304,53,2.0,0.0,1.0,0.0,2.0,0.0,1.0,97.0,1.0,28.0,72.0,167.0,0.0,3.0,2.0,32.0,4.0,0.0,2.59659090909091,1.0,1.0,0.0,0.625,0.0,2.0,8.0,0.8783812680042193,0.12161873199578087
4304,54,2.0,0.0,1.0,0.0,2.0,0.0,1.0,97.0,1.0,7.0,10.0,167.0,0.0,3.0,2.0,32.0,0.0,0.0,2.59659090909091,1.0,1.0,0.0,0.625,0.0,2.0,8.0,0.5908575597356517,0.40914244026434815
4304,55,2.0,0.0,1.0,0.0,2.0,0.0,1.0,97.0,1.0,7.0,10.0,167.0,0.0,3.0,2250.0,32.0,4.0,0.0,2.59659090909091,1.0,1.0,0.0,0.7,0.0,2.0,8.0,0.8788322897397745,0.12116771026022546
4304,56,2.0,0.0,1.0,0.0,2.0,0.0,1.0,97.0,1.0,7.0,10.0,167.0,0.0,3.0,131.0,32.0,4.0,0.0,2.59659090909091,18.0,1.0,0.0,0.625,0.0,2.0,8.0,0.865998286552206,0.1340017134477941
4304,57,2.0,0.0,1.0,0.0,2.0,0.0,1.0,97.0,1.0,7.0,69.0,14.0,0.0,3.0,2.0,32.0,4.0,0.0,2.59659090909091,1.0,1.0,0.0,0.625,0.0,2.0,8.0,0.8779201911673704,0.1220798088326299
4304,58,2.0,0.0,4.0,0.0,2.0,0.0,1.0,97.0,1.0,7.0,10.0,167.0,0.0,3.0,2.0,32.0,4.0,0.0,2.59659090909091,1.0,1.0,0.0,0.625,4.0,2.0,8.0,0.8788322905877286,0.1211677094122714
4304,59,2.0,0.0,1.0,0.0,2.0,0.0,1.0,97.0,63.0,23.0,10.0,167.0,0.0,3.0,2.0,32.0,4.0,0.0,2.59659090909091,1.0,1.0,0.0,0.625,0.0,2.0,8.0,0.8788322897372142,0.12116771026278579
4304,60,2.0,0.0,1.0,0.0,2.0,0.0,1.0,97.0,1.0,7.0,10.0,167.0,0.0,3.0,2.0,32.0,4.0,331.0,2.59659090909091,1.0,1.0,0.0,0.625,0.0,2.0,8.0,0.8788322898262826,0.12116771017371716
4304,61,2.0,0.0,1.0,0.0,2.0,0.0,1.0,97.0,23.0,7.0,10.0,167.0,0.0,3.0,2.0,32.0,4.0,0.0,5.9,1.0,1.0,0.0,0.625,0.0,2.0,8.0,0.877922371880606,0.12207762811939395
4304,62,2.0,0.0,1.0,0.0,2.0,0.0,1.0,1299.0,1.0,7.0,10.0,167.0,0.0,3.0,2.0,0.0,4.0,0.0,2.59659090909091,1.0,1.0,0.0,0.625,0.0,2.0,8.0,0.8788322897188833,0.1211677102811165
4304,63,20.0,0.0,1.0,0.0,2.0,0.0,11.0,97.0,1.0,7.0,10.0,167.0,0.0,3.0,2.0,32.0,4.0,0.0,2.59659090909091,1.0,1.0,0.0,0.625,0.0,2.0,8.0,0.8788322721741881,0.12116772782581192
4304,64,2.0,0.0,1.0,0.0,2.0,0.0,1.0,97.0,1.0,7.0,10.0,167.0,0.0,3.0,2.0,88.0,4.0,0.0,2.59659090909091,1.0,1.0,0.0,0.625,0.0,2.0,8.0,0.8775008731997678,0.1224991268002321
4304,65,2.0,98.0,1.0,0.0,2.0,0.0,1.0,97.0,1.0,7.0,10.0,167.0,0.0,3.0,2.0,32.0,4.0,0.0,2.59659090909091,6.0,1.0,0.0,0.625,0.0,2.0,8.0,0.8788322897371775,0.12116771026282265
4304,66,2.0,0.0,1.0,0.0,2.0,0.0,1.0,97.0,1.0,7.0,10.0,167.0,0.0,3.0,2.0,10.0,4.0,0.0,2.59659090909091,1.0,1.0,0.0,0.625,0.0,2.0,8.0,0.5435633839246437,0.4564366160753564
4304,67,2.0,30.0,1.0,0.0,2.0,0.0,1.0,97.0,1.0,7.0,10.0,167.0,0.0,3.0,2.0,32.0,4.0,0.0,2.59659090909091,1.0,1.0,3.0,0.625,0.0,2.0,8.0,0.8788321692702125,0.12116783072978737
4304,68,2.0,0.0,1.0,0.0,2.0,0.0,1.0,97.0,1.0,7.0,10.0,167.0,0.0,3.0,2.0,81.0,4.0,0.0,2.59659090909091,1.0,1.0,0.0,0.625,0.0,2.0,8.0,0.8724820333328618,0.12751796666713822
4304,69,2.0,0.0,1.0,0.0,2.0,0.0,1.0,1392.0,1.0,7.0,10.0,167.0,0.0,3.0,2.0,32.0,4.0,0.0,2.59659090909091,1.0,1.0,2.0,0.625,0.0,2.0,8.0,0.8788322089717998,0.12116779102820019
4304,70,2.0,0.0,1.0,0.0,2.0,0.0,1.0,97.0,1.0,7.0,10.0,144.0,0.0,3.0,915.0,32.0,4.0,0.0,2.59659090909091,1.0,1.0,0.0,0.625,0.0,2.0,8.0,0.8788318723410566,0.12116812765894337
4304,71,2.0,0.0,7.0,23.0,2.0,0.0,1.0,97.0,1.0,7.0,10.0,167.0,0.0,3.0,2.0,32.0,4.0,0.0,2.59659090909091,1.0,1.0,0.0,0.625,0.0,2.0,8.0,0.8788322897280704,0.12116771027192963
4304,72,2.0,0.0,1.0,0.0,2.0,0.0,8.0,97.0,1.0,7.0,10.0,167.0,0.0,3.0,2.0,32.0,4.0,0.0,2.59659090909091,1.0,1.0,0.0,0.625,0.0,2.0,9.0,0.8390275955220361,0.16097240447796396
4304,73,2.0,0.0,1.0,0.0,2.0,0.0,1.0,97.0,1.0,7.0,10.0,167.0,0.0,3.0,2.0,32.0,4.0,0.0,2.59659090909091,1.0,33.0,0.0,0.625,0.0,2.0,8.0,0.8788278140761038,0.12117218592389616
4304,74,2.0,0.0,1.0,0.0,2.0,16.0,1.0,97.0,1.0,7.0,10.0,167.0,0.0,3.0,2.0,32.0,4.0,0.0,2.59659090909091,1.0,83.0,0.0,0.625,0.0,2.0,8.0,0.8788322897371875,0.12116771026281253
4304,75,2.0,0.0,1.0,0.0,73.0,0.0,1.0,97.0,1.0,10.0,10.0,167.0,0.0,3.0,2.0,32.0,4.0,0.0,2.59659090909091,1.0,1.0,0.0,0.625,0.0,2.0,8.0,0.8788292453657315,0.12117075463426848
4304,76,10.0,0.0,1.0,23.0,2.0,0.0,1.0,97.0,1.0,7.0,10.0,167.0,0.0,3.0,2.0,32.0,4.0,0.0,2.59659090909091,1.0,1.0,0.0,0.625,0.0,2.0,8.0,0.8788319547793639,0.12116804522063601
4304,77,2.0,0.0,1.0,0.0,2.0,0.0,1.0,1198.0,1.0,13.0,10.0,167.0,0.0,3.0,2.0,32.0,4.0,0.0,2.59659090909091,1.0,1.0,0.0,0.625,0.0,2.0,8.0,0.8788321507472542,0.12116784925274561
4304,78,2.0,0.0,1.0,0.0,2.0,0.0,1.0,97.0,1.0,7.0,10.0,167.0,0.0,3.0,2.0,32.0,4.0,0.0,16.0,1.0,1.0,1.0,0.625,0.0,2.0,8.0,0.7871209570512189,0.21287904294878093
4304,79,2.0,0.0,1.0,0.0,2.0,0.0,1.0,97.0,1.0,7.0,36.0,167.0,0.0,3.0,2.0,32.0,4.0,0.0,2.59659090909091,1.0,1.0,0.0,0.625,0.0,2.0,8.0,0.6119676128898919,0.3880323871101083
4304,80,2.0,0.0,1.0,23.0,2.0,0.0,1.0,97.0,1.0,7.0,10.0,167.0,0.0,3.0,2.0,37.0,4.0,0.0,2.59659090909091,1.0,1.0,0.0,0.625,0.0,2.0,8.0,0.8788294947047377,0.1211705052952622
4304,81,2.0,0.0,1.0,13.0,2.0,0.0,1.0,93.0,1.0,7.0,10.0,167.0,0.0,3.0,2.0,32.0,4.0,0.0,2.59659090909091,1.0,1.0,0.0,0.625,0.0,2.0,8.0,0.8649949286204724,0.13500507137952739
4304,82,2.0,0.0,1.0,0.0,2.0,0.0,1.0,97.0,1.0,7.0,10.0,83.0,0.0,3.0,2.0,32.0,4.0,0.0,25.0,1.0,1.0,0.0,0.625,0.0,2.0,8.0,0.8668873079012184,0.13311269209878177
4304,83,2.0,0.0,1.0,0.0,2.0,0.0,1.0,97.0,1.0,7.0,10.0,167.0,0.0,3.0,2.0,72.0,4.0,0.0,2.59659090909091,1.0,1.0,0.0,0.625,0.0,2.0,8.0,0.8419653968772997,0.15803460312270048
4304,84,2.0,0.0,1.0,0.0,2.0,0.0,1.0,97.0,1.0,7.0,10.0,5.0,0.0,3.0,2.0,32.0,4.0,0.0,2.59659090909091,1.0,1.0,1.0,0.625,0.0,2.0,8.0,0.8656056698301369,0.134394330169863
4304,85,2.0,0.0,1.0,0.0,2.0,0.0,1.0,97.0,1.0,7.0,10.0,167.0,0.0,3.0,2.0,32.0,4.0,38.0,2.59659090909091,1.0,1.0,0.0,0.625,0.0,4.0,8.0,0.7387369030494011,0.26126309695059863
4304,86,2.0,0.0,1.0,3.0,2.0,0.0,1.0,1106.0,1.0,7.0,10.0,167.0,0.0,3.0,2.0,32.0,4.0,0.0,2.59659090909091,1.0,1.0,0.0,0.625,0.0,2.0,8.0,0.8788322833043544,0.12116771669564577
4304,87,2.0,0.0,1.0,0.0,2.0,0.0,1.0,97.0,1.0,7.0,10.0,167.0,1.0,3.0,2.0,64.0,4.0,0.0,2.59659090909091,1.0,1.0,0.0,0.625,0.0,2.0,8.0,0.7331489247038574,0.2668510752961429
4304,88,2.0,0.0,1.0,0.0,2.0,0.0,1.0,97.0,1.0,7.0,10.0,167.0,0.0,3.0,2.0,93.0,4.0,0.0,2.59659090909091,1.0,1.0,0.0,0.625,0.0,6.0,8.0,0.8786838823362308,0.12131611766376914
4304,89,19.0,0.0,1.0,0.0,2.0,0.0,14.0,97.0,1.0,7.0,10.0,167.0,0.0,3.0,2.0,32.0,4.0,0.0,2.59659090909091,1.0,1.0,0.0,0.625,0.0,2.0,8.0,0.8788322880820975,0.12116771191790243
4304,90,2.0,0.0,1.0,0.0,2.0,0.0,1.0,97.0,1.0,7.0,10.0,167.0,0.0,3.0,2.0,32.0,4.0,0.0,2.59659090909091,1.0,36.0,2.0,0.625,0.0,2.0,8.0,0.8788322838079604,0.12116771619203984
4304,91,2.0,0.0,1.0,28.0,2.0,0.0,1.0,97.0,1.0,7.0,10.0,167.0,0.0,3.0,2.0,32.0,6.0,0.0,2.59659090909091,1.0,1.0,0.0,0.625,0.0,2.0,8.0,0.8788322930186845,0.1211677069813155
4304,92,3.0,0.0,1.0,0.0,2.0,0.0,1.0,739.0,1.0,7.0,10.0,167.0,0.0,3.0,2.0,32.0,4.0,0.0,2.59659090909091,1.0,1.0,0.0,0.625,0.0,2.0,8.0,0.8788143949813305,0.12118560501866936
4304,93,2.0,93.0,1.0,0.0,2.0,0.0,1.0,97.0,1.0,7.0,10.0,167.0,0.0,3.0,2.0,32.0,4.0,0.0,2.59659090909091,1.0,1.0,0.0,0.5,0.0,2.0,8.0,0.8788322897372076,0.12116771026279245
4304,94,2.0,0.0,1.0,0.0,2.0,0.0,1.0,97.0,1.0,28.0,10.0,167.0,0.0,3.0,1491.0,32.0,4.0,0.0,2.59659090909091,1.0,1.0,0.0,0.625,0.0,2.0,8.0,0.8788324963148092,0.12116750368519077
4304,95,2.0,0.0,1.0,0.0,2.0,0.0,1.0,1354.0,1.0,7.0,10.0,167.0,0.0,3.0,2.0,32.0,4.0,0.0,2.59659090909091,1.0,1.0,0.0,0.625,0.0,2.0,8.0,0.878828965825576,0.12117103417442433
4304,96,6.0,0.0,1.0,0.0,2.0,0.0,1.0,97.0,1.0,7.0,10.0,167.0,0.0,3.0,2.0,32.0,4.0,0.0,2.59659090909091,1.0,26.0,0.0,0.625,0.0,2.0,8.0,0.8785768808659205,0.12142311913407956
4304,97,2.0,0.0,1.0,0.0,76.0,0.0,1.0,97.0,1.0,7.0,10.0,167.0,0.0,3.0,2.0,32.0,4.0,0.0,2.59659090909091,1.0,1.0,0.0,0.625,0.0,2.0,10.0,0.8788294509754115,0.12117054902458849
4304,98,2.0,0.0,1.0,0.0,2.0,6.0,1.0,97.0,1.0,7.0,10.0,167.0,0.0,3.0,2.0,32.0,4.0,0.0,2.59659090909091,1.0,16.0,0.0,0.625,0.0,2.0,8.0,0.8430529795466657,0.15694702045333436
