Antecedent,Antecedent Coverage %,Confidence,Lift
RatioCommentToCode > 1.97,0.19509,0.97712,1.18438
0.315 < CountClassDerived <= 0.99,0.07589,0.95294,1.15508
0.905 < RatioCommentToCode <= 1.97,0.20402,0.93873,1.13786
27.4 < CountLineComment <= 37.5,0.19107,0.92991,1.12716
18.1 < CountLineComment <= 27.4,0.27813,0.92937,1.12651
1.03 < MINOR_LINE <= 1.69,0.13616,0.92459,1.12072
1.04 < CountInput_Mean <= 2.16,0.18795,0.91924,1.11423
2.16 < CountInput_Mean <= 3.16,0.19063,0.90632,1.09857
0.65 < CountDeclClass <= 1.015,0.48929,0.8969,1.08715
