Antecedent,Antecedent Coverage %,Confidence,Lift
RatioCommentToCode > 1.695,0.19821,0.94144,1.16897
0.52 < RatioCommentToCode <= 0.86,0.19688,0.92744,1.15159
0.86 < RatioCommentToCode <= 1.695,0.20402,0.9256,1.14931
0.98 < AvgEssential <= 1.094 & -0.27 < CountDeclClassMethod <= 0.03,0.37723,0.91834,1.14029
0.05 < MaxNesting_Mean <= 0.455,0.17411,0.91282,1.13344
2.22 < CountInput_Mean <= 3.22,0.19152,0.90676,1.12591
1.01 < MINOR_LINE <= 1.57,0.12902,0.90657,1.12568
