feature,value,importance,min,max,rule,importance_ratio
CountDeclMethodPrivate,15.0,0.25500659760352695,0.0,20.0,CountDeclMethodPrivate > 13.996467635704034,0.338286217458225
MAJOR_LINE,7.0,0.13980722302893622,0.0,11.0,MAJOR_LINE > 6.495923940139127,0.1854652275519916
AvgCyclomaticModified,5.0,0.1034957517009304,0.0,24.0,4.500475537693087 < AvgCyclomaticModified <= 6.5010971831177145,0.1372952178293726
CountClassCoupled,32.0,0.05189819137827412,0.0,108.0,18.505132292347 < CountClassCoupled <= 34.49944319326817,0.06884701423127648
CountLineComment,197.0,0.04769050842837811,16.0,1595.0,70.42316390136749 < CountLineComment <= 405.65000731703594,0.06326519335777568
