feature,value,importance,min,max,rule,importance_ratio
CountClassCoupled,20.0,0.10497745459266422,0.0,108.0,18.505132292347 < CountClassCoupled <= 34.49944319326817,0.1996664137006949
CountDeclMethodProtected,12.0,0.07983325456644935,0.0,33.0,CountDeclMethodProtected > 7.494599378501313,0.1518423140967589
CountLineComment,178.0,0.0715376825232847,16.0,1595.0,70.42316390136749 < CountLineComment <= 405.65000731703594,0.1360641917762909
MAJOR_LINE,5.0,0.06383172987386382,0.0,11.0,4.495439044857874 < MAJOR_LINE <= 6.495923940139127,0.12140752158336783
AvgCyclomaticModified,3.0,0.030861361236077425,0.0,24.0,2.49985389226846 < AvgCyclomaticModified <= 4.500475537693087,0.05869810183376098
