feature,value,importance,min,max,rule,importance_ratio
CountClassCoupled,18.0,0.11339087783322753,0.0,108.0,13.519892531020918 < CountClassCoupled <= 18.505132292347,0.19509264741409202
CountDeclMethodProtected,8.0,0.10359208082118501,0.0,33.0,CountDeclMethodProtected > 7.494599378501313,0.1782335024186338
CountLineComment,76.0,0.07062756242343254,16.0,1595.0,70.42316390136749 < CountLineComment <= 405.65000731703594,0.12151698969874092
CountDeclMethodDefault,0.0,-0.06545437930235418,0.0,114.0,CountDeclMethodDefault <= 0.505583502087303,0.11261636197687555
CountDeclInstanceVariable,8.0,0.06129414300824986,0.0,97.0,7.4839847629578475 < CountDeclInstanceVariable <= 8.497937266160248,0.10545854180655524
