feature,value,importance,min,max,rule,importance_ratio
MAJOR_LINE,5.0,0.20349848450172764,0.0,11.0,4.495439044857874 < MAJOR_LINE <= 6.495923940139127,0.32418037430718183
CountClassCoupled,22.0,0.10412843755132213,0.0,108.0,18.505132292347 < CountClassCoupled <= 34.49944319326817,0.16588033048041217
CountDeclMethodProtected,5.0,0.06849781308362424,0.0,33.0,4.50393320856633 < CountDeclMethodProtected <= 5.506791325430756,0.10911946955793748
CountLineComment,55.0,0.046179630083674615,16.0,1595.0,35.440018134585465 < CountLineComment <= 66.34745759844142,0.07356580469161055
AvgCyclomaticModified,3.0,0.042407888383566635,0.0,24.0,2.49985389226846 < AvgCyclomaticModified <= 4.500475537693087,0.06755728507474514
