feature,value,importance,min,max,rule,importance_ratio
CountDeclMethodPublic,52.0,0.15653848095362366,0.0,217.0,43.48930102784986 < CountDeclMethodPublic <= 71.96731990555539,0.24867007158437537
MAJOR_LINE,5.0,0.1063826817120859,0.0,11.0,4.495439044857874 < MAJOR_LINE <= 6.495923940139127,0.16899479869438352
CountLineComment,104.0,0.09464477798016196,16.0,1595.0,70.42316390136749 < CountLineComment <= 405.65000731703594,0.1503484866598827
CountDeclInstanceVariable,13.0,0.053557912015317406,0.0,97.0,8.497937266160248 < CountDeclInstanceVariable <= 23.504434313555777,0.0850797179940972
CountDeclMethodDefault,0.0,-0.03257039536412129,0.0,114.0,CountDeclMethodDefault <= 0.505583502087303,0.051739882087695456
