feature,value,importance,min,max,rule,importance_ratio
CountLineComment,97.0,0.15452728469883312,16.0,1595.0,70.42316390136749 < CountLineComment <= 405.65000731703594,0.2417754205380724
CountDeclInstanceVariable,12.0,0.13133741758042453,0.0,97.0,8.497937266160248 < CountDeclInstanceVariable <= 23.504434313555777,0.20549224966826424
CountDeclMethodPublic,47.0,0.09017420859063147,0.0,217.0,43.48930102784986 < CountDeclMethodPublic <= 71.96731990555539,0.14108775188911618
MaxNesting_Min,0.0,0.06735786464415064,0.0,4.0,MaxNesting_Min <= 0.5007609117484778,0.10538900028319113
CountClassCoupled,13.0,0.049491058350166386,0.0,108.0,8.493109105017123 < CountClassCoupled <= 13.519892531020918,0.07743436033841158
