feature,value,importance,min,max,rule,importance_ratio
OWN_COMMIT,0.888888888888889,0.23410223258429583,0.0,1.0,0.8656770168722359 < OWN_COMMIT <= 0.9369845751723456,0.32064234227400457
MAJOR_LINE,8.0,0.15047880040836487,0.0,11.0,MAJOR_LINE > 6.495923940139127,0.20610600118111505
CountDeclInstanceVariable,25.0,0.0671497459444895,0.0,97.0,CountDeclInstanceVariable > 23.504434313555777,0.09197285982735139
CountLineComment,270.0,0.0558096893315708,16.0,1595.0,70.42316390136749 < CountLineComment <= 405.65000731703594,0.07644074689640454
CountDeclMethodProtected,19.0,0.03968021057174046,0.0,33.0,CountDeclMethodProtected > 7.494599378501313,0.05434871559828977
