Antecedent,Antecedent Coverage %,Confidence,Lift
0.52 < CountClassCoupled <= 1.76,0.17411,0.99744,1.07159
1.76 < CountClassCoupled <= 3.66,0.20357,0.99561,1.06963
CountClassCoupled <= 0.52,0.21339,0.99372,1.0676
1.07 < RatioCommentToCode <= 1.745,0.1817,0.98771,1.06114
-1.04 < Del_lines <= 0.92,0.84554,0.98522,1.05846
CountLineComment <= 19.5,0.17768,0.98492,1.05814
-0.3 < CountDeclInstanceVariable <= 0.94,0.30446,0.98387,1.05701
-0.042 < MAJOR_LINE <= 0.022,0.49777,0.97848,1.05122
19.5 < CountLineComment <= 26.3,0.25223,0.97522,1.04772
