Antecedent,Antecedent Coverage %,Confidence,Lift
0.72 < CountClassCoupled <= 2.14,0.23973,0.99069,1.0705
CountClassCoupled <= 0.72,0.18839,0.99052,1.07032
-0.33 < Del_lines <= 0.47,0.82723,0.98867,1.06831
RatioCommentToCode > 1.82,0.20223,0.97792,1.05671
2.14 < CountClassCoupled <= 3.84,0.17545,0.9771,1.05581
-0.108 < MAJOR_LINE <= 0.024,0.525,0.97024,1.0484
-0.21 < CountDeclClassVariable <= 0.13,0.4625,0.95656,1.03362
