Antecedent,Antecedent Coverage %,Confidence,Lift
CountClassCoupled <= 0.4,0.2,0.99777,1.06989
0.4 < CountClassCoupled <= 1.86,0.1817,0.98771,1.05911
1.07 < RatioCommentToCode <= 1.91,0.20714,0.9806,1.05148
-0.58 < Del_lines <= 1.26,0.85759,0.97762,1.04828
-0.15 < CountDeclInstanceVariable <= 0.76,0.28616,0.9766,1.04719
0.88 < CountClassBase <= 1.018,0.425,0.97059,1.04075
-0.051 < MAJOR_LINE <= 0.042,0.49688,0.96226,1.03182
