Antecedent,Antecedent Coverage %,Confidence,Lift
0.48 < CountClassCoupled <= 2,0.20714,0.98491,1.05712
-0.18 < Del_lines <= 0.67,0.83348,0.98232,1.05434
18.9 < CountLineComment <= 25.6,0.24955,0.98211,1.05411
OWN_LINE > 0.984,0.22277,0.98196,1.05395
0.51 < CountDeclMethodProtected <= 1.4,0.17054,0.98168,1.05364
RatioCommentToCode > 1.975,0.19955,0.97763,1.0493
CountClassCoupled <= 0.48,0.21429,0.97708,1.04871
-0.22 < CountDeclClassVariable <= 0.09,0.43795,0.9735,1.04486
-0.06 < MAJOR_LINE <= 0.018,0.56027,0.97052,1.04167
