feature,value,importance,min,max,rule,importance_ratio
CountDeclMethodPrivate,3.0,0.11609347804935861,0.0,60.0,2.490093036499803 < CountDeclMethodPrivate <= 3.509679886560929,0.2072467601938432
AvgEssential,2.0,0.09545394605012884,0.0,8.0,1.4990910932934494 < AvgEssential <= 2.499728994757475,0.1704016573454394
CountDeclMethodProtected,7.0,0.07081654672663858,0.0,95.0,5.501685179477754 < CountDeclMethodProtected <= 15.018545858011501,0.12641967596984094
CountClassCoupled,19.0,0.0609588953081186,0.0,94.0,11.463287562285867 < CountClassCoupled <= 37.99731547049169,0.10882207829307983
OWN_COMMIT,0.5,0.03583033081818041,0.0,1.0,0.4783975739775412 < OWN_COMMIT <= 0.90907465545437,0.06396328289505089
