feature,value,importance,min,max,rule,importance_ratio
MAJOR_LINE,21.0,0.2060897512072096,0.0,21.0,MAJOR_LINE > 15.006529441583616,0.29430794878702604
CountDeclMethodPrivate,27.0,0.1903280503623342,0.0,60.0,CountDeclMethodPrivate > 23.48602965257334,0.27179933873787315
MINOR_COMMIT,4.0,0.1205262122446647,0.0,6.0,MINOR_COMMIT > 3.500266519494424,0.17211832268715022
CountDeclInstanceVariable,17.0,0.06620188290364852,0.0,36.0,15.993878291498838 < CountDeclInstanceVariable <= 17.985179845060202,0.09454007416226182
CountDeclMethodProtected,12.0,0.028665199301679593,0.0,95.0,5.501685179477754 < CountDeclMethodProtected <= 15.018545858011501,0.04093554365819179
