feature,value,importance,left,right,rec,rule,min,max
MAJOR_LINE,8.0,0.2025062931210165,0.0,6.499009783459988,-1,MAJOR_LINE > 6.499009783459988,0.0,8.0
Del_lines,126.0,0.07960733077333675,0.0,37.528194029304075,-1,37.528194029304075 < Del_lines <= 438.7388325804579,0.0,1022.0
RatioCommentToCode,0.68,0.028594504350183438,0.17,0.23092925542923726,-1,0.23092925542923726 < RatioCommentToCode <= 0.8494220958511125,0.17,15.6
OWN_COMMIT,0.454545454545455,0.0038918198801540832,0.153846153846154,0.339857002284226,-1,0.339857002284226 < OWN_COMMIT <= 0.49248737259274333,0.153846153846154,1.0
AvgLineComment,6.0,-0.0030978373873606323,7.495838178840102,23.0,1,5.485295060788456 < AvgLineComment <= 7.495838178840102,0.0,23.0
