feature,value,importance,left,right,rec,rule,min,max
RatioCommentToCode,0.59,0.03449169802714508,0.17,0.23092925542923726,-1,0.23092925542923726 < RatioCommentToCode <= 0.8494220958511125,0.17,15.6
OWN_COMMIT,0.0,0.031047146265603547,0.153846153846154,0.153846153846154,-1,OWN_COMMIT <= 0.24401932790445935,0.153846153846154,1.0
AvgLineComment,2.0,0.012404384137369261,0.0,0.48850407621892256,-1,0.48850407621892256 < AvgLineComment <= 2.499047194270569,0.0,23.0
MAJOR_LINE,2.0,0.007411891337841809,0.0,1.498222405325849,-1,1.498222405325849 < MAJOR_LINE <= 2.50082525375372,0.0,8.0
