feature,value,importance,left,right,rec,rule,min,max
OWN_COMMIT,1.0,0.01368385148227316,0.0,0.5101466808561519,-1,OWN_COMMIT > 0.5101466808561519,0.0,1.0
CountDeclClass,6.0,0.005210758401314809,0.0,5.49468950177029,-1,5.49468950177029 < CountDeclClass <= 22.987773755316287,0.0,37.0
CountClassCoupled,13.0,0.001944307034874954,0.0,4.462718232611871,-1,4.462718232611871 < CountClassCoupled <= 15.470436606030667,0.0,96.0
CountClassBase,1.0,2.2037754047185768e-05,0.0,0.4991563010561978,-1,0.4991563010561978 < CountClassBase <= 1.5025443130714027,0.0,6.0
