feature,value,importance,left,right,rec,rule,min,max
OWN_COMMIT,1.0,0.015609368320837407,0.0,0.5101466808561519,-1,OWN_COMMIT > 0.5101466808561519,0.0,1.0
CountDeclInstanceMethod,6.0,0.0017614565474906854,0.0,2.5263932863919916,-1,2.5263932863919916 < CountDeclInstanceMethod <= 8.490484102336648,0.0,222.0
CountDeclClass,1.0,0.000547466288434517,0.0,0.4928029686852682,-1,0.4928029686852682 < CountDeclClass <= 1.4931802753022725,0.0,37.0
