{
    "59": {
        "CountDeclClass": [
            22.5,
            20.5,
            18.5,
            16.0,
            13.5,
            11.5,
            9.5,
            7.0,
            4.0,
            1.0
        ],
        "CountDeclMethodPrivate": [
            5,
            4,
            3,
            2,
            1,
            0
        ],
        "CountDeclInstanceVariable": [
            23.5,
            21.5,
            19.5,
            17.5,
            15.5,
            13.0,
            10.0,
            7.0,
            4.0,
            1.0
        ],
        "CountDeclMethodPublic": [
            46.5,
            42.0,
            37.0,
            32.0,
            27.0,
            22.0,
            17.0,
            12.0,
            7.0,
            2.0
        ],
        "CountDeclMethodDefault": [
            6,
            5,
            4,
            3,
            2,
            1,
            0
        ]
    },
    "106": {
        "CountClassCoupled": [
            29.0,
            26.0,
            23.0,
            20.0,
            17.0,
            14.0,
            11.0,
            8.0,
            5.0,
            1.5
        ],
        "AvgCyclomaticModified": [
            2,
            1,
            0
        ],
        "OWN_COMMIT": [
            0.7638888888888891,
            0.734006734006734,
            0.7182539682539679,
            0.6458333333333335,
            0.5857142857142854,
            0.5505050505050505,
            0.472222222222222,
            0.4142857142857145,
            0.333333333333333,
            0.25
        ],
        "CountDeclMethodProtected": [
            4,
            3,
            2,
            1,
            0
        ],
        "MAJOR_LINE": [
            4,
            3,
            2,
            1,
            0
        ]
    },
    "117": {
        "MAJOR_LINE": [
            4,
            3,
            2,
            1,
            0
        ],
        "OWN_COMMIT": [
            0.7638888888888891,
            0.734006734006734,
            0.7182539682539679,
            0.6458333333333335,
            0.5857142857142854,
            0.5505050505050505,
            0.472222222222222,
            0.4142857142857145,
            0.333333333333333,
            0.25
        ],
        "CountDeclMethodPrivate": [
            5,
            4,
            3,
            2,
            1,
            0
        ],
        "CountDeclMethodDefault": [
            2.0,
            5.0,
            8.0,
            11.0,
            14.0,
            19.0,
            22.0,
            26.0,
            38.0,
            99.0
        ],
        "CountLineComment": [
            110.0,
            99.0,
            90.0,
            80.0,
            69.0,
            60.0,
            50.5,
            40.5,
            30.5,
            20.5
        ]
    },
    "160": {
        "CountDeclMethodPublic": [
            46.5,
            42.0,
            37.0,
            32.0,
            27.0,
            22.0,
            17.0,
            12.0,
            7.0,
            2.0
        ],
        "MAJOR_LINE": [
            4,
            3,
            2,
            1,
            0
        ],
        "CountDeclInstanceVariable": [
            23.5,
            21.5,
            19.5,
            17.5,
            15.5,
            13.0,
            10.0,
            7.0,
            4.0,
            1.0
        ],
        "CountDeclMethodProtected": [
            4,
            3,
            2,
            1,
            0
        ],
        "CountClassCoupled": [
            16.0,
            15.0,
            14.0,
            12.5,
            10.5,
            8.5,
            6.5,
            4.5,
            2.5,
            0.5
        ]
    },
    "204": {
        "CountClassBase": [
            4,
            3,
            2,
            1,
            0
        ],
        "CountDeclMethodProtected": [
            4,
            3,
            2,
            1,
            0
        ],
        "MAJOR_LINE": [
            4,
            3,
            2,
            1,
            0
        ],
        "CountClassCoupled": [
            16.0,
            15.0,
            14.0,
            12.5,
            10.5,
            8.5,
            6.5,
            4.5,
            2.5,
            0.5
        ],
        "CountDeclInstanceVariable": [
            6,
            5,
            4,
            3,
            2,
            1,
            0
        ]
    },
    "205": {
        "CountClassCoupled": [
            16.0,
            15.0,
            14.0,
            12.5,
            10.5,
            8.5,
            6.5,
            4.5,
            2.5,
            0.5
        ],
        "MAJOR_LINE": [
            4,
            3,
            2,
            1,
            0
        ],
        "CountDeclMethodProtected": [
            4,
            3,
            2,
            1,
            0
        ],
        "CountClassBase": [
            2,
            1,
            0
        ],
        "CountDeclInstanceVariable": [
            8,
            7,
            6,
            5,
            4,
            3,
            2,
            1,
            0
        ]
    },
    "212": {
        "CountDeclMethodPublic": [
            20.5,
            18.5,
            16.5,
            14.5,
            12.5,
            10.5,
            8.5,
            6.5,
            4.0,
            1.0
        ],
        "CountDeclInstanceVariable": [
            6,
            5,
            4,
            3,
            2,
            1,
            0
        ],
        "CountClassCoupled": [
            8,
            7,
            6,
            5,
            4,
            3,
            2,
            1,
            0
        ],
        "MINOR_LINE": [
            2,
            1
        ],
        "CountClassDerived": [
            3.5,
            9.5,
            15.5,
            21.0,
            31.0,
            42.0,
            57.0,
            92.0,
            119.0,
            1421.0
        ]
    },
    "624": {
        "MAJOR_LINE": [
            9,
            8,
            7,
            6,
            5,
            4,
            3,
            2,
            1,
            0
        ],
        "CountDeclMethodPublic": [
            46.5,
            42.0,
            37.0,
            32.0,
            27.0,
            22.0,
            17.0,
            12.0,
            7.0,
            2.0
        ],
        "OWN_COMMIT": [
            0.7638888888888891,
            0.734006734006734,
            0.7182539682539679,
            0.6458333333333335,
            0.5857142857142854,
            0.5505050505050505,
            0.472222222222222,
            0.4142857142857145,
            0.333333333333333,
            0.25
        ],
        "CountLineComment": [
            110.0,
            99.0,
            90.0,
            80.0,
            69.0,
            60.0,
            50.5,
            40.5,
            30.5,
            20.5
        ],
        "CountDeclInstanceVariable": [
            6,
            5,
            4,
            3,
            2,
            1,
            0
        ]
    },
    "807": {
        "CountDeclMethodProtected": [
            4,
            3,
            2,
            1,
            0
        ],
        "CountDeclMethodPublic": [
            20.5,
            18.5,
            16.5,
            14.5,
            12.5,
            10.5,
            8.5,
            6.5,
            4.0,
            1.0
        ],
        "CountDeclInstanceVariable": [
            8,
            7,
            6,
            5,
            4,
            3,
            2,
            1,
            0
        ],
        "CountDeclMethodPrivate": [
            1,
            0
        ],