feature,value,importance,min,max,rule,importance_ratio
MAJOR_COMMIT,4.0,0.14585505652226669,0.0,10.0,2.504428889822858 < MAJOR_COMMIT <= 4.498890104152141,0.24277030861736135
CountOutput_Mean,16.0,0.07602974636613867,0.0,28.0,CountOutput_Mean > 4.581772384689348,0.12654868078974946
OWN_COMMIT,0.25,-0.05297848503749792,0.0,1.0,0.06229638543605576 < OWN_COMMIT <= 0.30578000733389993,0.08818071494607482
CountClassBase,1.0,-0.040456896821294004,0.0,7.0,0.4965281148435172 < CountClassBase <= 1.500795769117428,0.06733899777761133
CountPath_Min,1.0,0.04028164337615925,0.0,576.0,0.4591410233064621 < CountPath_Min <= 1.4178638734662286,0.06704729494621087
