feature,value,importance,min,max,rule,importance_ratio
MAJOR_COMMIT,3.0,0.14929535917941844,0.0,10.0,2.504428889822858 < MAJOR_COMMIT <= 4.498890104152141,0.1892085512363197
RatioCommentToCode,0.11,0.14736016000841134,0.0,267.0,0.06654115773676095 < RatioCommentToCode <= 0.06654115773676095,0.18675598852095796
CountOutput_Mean,13.8888888888889,0.07607456153108637,0.0,28.0,CountOutput_Mean > 4.581772384689348,0.09641262563250146
CountInput_Mean,5.55555555555556,-0.04473768619558417,0.0,57.3076923076923,CountInput_Mean > 4.730969183554715,0.05669803024860878
CountClassBase,1.0,-0.04023753655835956,0.0,7.0,0.4965281148435172 < CountClassBase <= 1.500795769117428,0.05099479340396813
