feature,value,importance,min,max,rule,importance_ratio
MAJOR_COMMIT,3.0,0.14536853651726775,0.0,10.0,2.504428889822858 < MAJOR_COMMIT <= 4.498890104152141,0.21237853792198585
CountLineComment,131.0,0.06822738638737395,0.0,4740.0,97.54858712745128 < CountLineComment <= 235.90883570083076,0.09967791459101377
OWN_COMMIT,0.5,0.04571668451661369,0.0,1.0,0.48027660302735486 < OWN_COMMIT <= 0.8170956133193726,0.06679053699578094
CountInput_Mean,5.51162790697674,-0.04466164640591791,0.0,57.3076923076923,CountInput_Mean > 4.730969183554715,0.06524916183462337
CountClassBase,1.0,-0.04160231498365152,0.0,7.0,0.4965281148435172 < CountClassBase <= 1.500795769117428,0.06077958162114612
