feature,value,importance,min,max,rule,importance_ratio
MAJOR_COMMIT,4.0,0.14878361614065105,0.0,10.0,2.504428889822858 < MAJOR_COMMIT <= 4.498890104152141,0.21028672741888532
CountOutput_Mean,4.83783783783784,0.0756264582887181,0.0,28.0,CountOutput_Mean > 4.581772384689348,0.10688838483923793
CountLineComment,236.0,0.07056364414859129,0.0,4740.0,97.54858712745128 < CountLineComment <= 235.90883570083076,0.09973274065828944
MAJOR_LINE,6.0,0.04373996620973698,0.0,21.0,5.505998299347475 < MAJOR_LINE <= 7.493770580251528,0.06182088182991226
CountInput_Mean,6.43243243243243,-0.04279887104776777,0.0,57.3076923076923,CountInput_Mean > 4.730969183554715,0.06049076345442413
