feature,value,importance,min,max,rule,importance_ratio
MAJOR_COMMIT,3.0,0.14828095521242268,0.0,10.0,2.504428889822858 < MAJOR_COMMIT <= 4.498890104152141,0.22622736191236667
CountOutput_Mean,5.71428571428571,0.07562557383546878,0.0,28.0,CountOutput_Mean > 4.581772384689348,0.11537944328317681
CountInput_Mean,6.0,-0.04389006051944004,0.0,57.3076923076923,CountInput_Mean > 4.730969183554715,0.06696161750012246
OWN_COMMIT,0.6,0.04363044133445143,0.0,1.0,0.48027660302735486 < OWN_COMMIT <= 0.8170956133193726,0.06656552507383837
CountClassBase,1.0,-0.04148147101528928,0.0,7.0,0.4965281148435172 < CountClassBase <= 1.500795769117428,0.06328691194759045
