feature,value,importance,min,max,rule,importance_ratio
MAJOR_COMMIT,3.0,0.14457364121974134,0.0,10.0,2.504428889822858 < MAJOR_COMMIT <= 4.498890104152141,0.22251534649171906
CountOutput_Mean,5.92857142857143,0.07627462381102333,0.0,28.0,CountOutput_Mean > 4.581772384689348,0.11739535784423365
OWN_COMMIT,0.666666666666667,0.044878025620206444,0.0,1.0,0.48027660302735486 < OWN_COMMIT <= 0.8170956133193726,0.06907240722785987
CountClassCoupled,12.0,0.04038880238148794,0.0,230.0,9.508998472982986 < CountClassCoupled <= 16.502179241780798,0.06216297992137156
MAJOR_LINE,6.0,0.038887090306861445,0.0,21.0,5.505998299347475 < MAJOR_LINE <= 7.493770580251528,0.05985167351864755
