feature,value,importance,min,max,rule,importance_ratio
CountClassCoupled,30.0,0.2313061227319725,0.0,230.0,23.495360010578608 < CountClassCoupled <= 42.555205635341274,0.26254801017589036
MAJOR_COMMIT,4.0,0.14423388633362977,0.0,10.0,2.504428889822858 < MAJOR_COMMIT <= 4.498890104152141,0.16371516417103324
CountOutput_Mean,4.95833333333333,0.07279163296258533,0.0,28.0,CountOutput_Mean > 4.581772384689348,0.08262340039275946
CountLineComment,112.0,0.07248145287857483,0.0,4740.0,97.54858712745128 < CountLineComment <= 235.90883570083076,0.08227132513037001
OWN_COMMIT,0.5,0.04434811754393973,0.0,1.0,0.48027660302735486 < OWN_COMMIT <= 0.8170956133193726,0.05033809688513894
