feature,value,importance,min,max,rule,importance_ratio
CountClassCoupled,26.0,0.22737846265740946,0.0,230.0,23.495360010578608 < CountClassCoupled <= 42.555205635341274,0.2950963041246248
RatioCommentToCode,0.1,0.13799626312353833,0.0,267.0,0.06654115773676095 < RatioCommentToCode <= 0.06654115773676095,0.17909430275338534
CountOutput_Mean,8.5,0.07237197771471927,0.0,28.0,CountOutput_Mean > 4.581772384689348,0.09392579620868251
OWN_COMMIT,0.75,0.04444860377969052,0.0,1.0,0.48027660302735486 < OWN_COMMIT <= 0.8170956133193726,0.057686284556551316
CountPath_Min,1.0,0.03986984801406811,0.0,576.0,0.4591410233064621 < CountPath_Min <= 1.4178638734662286,0.05174388399612401
