feature,value,importance,min,max,rule,importance_ratio
MAJOR_COMMIT,3.0,0.147078145386247,0.0,10.0,2.504428889822858 < MAJOR_COMMIT <= 4.498890104152141,0.23755339786729687
CountOutput_Mean,6.0,0.07601390513795032,0.0,28.0,CountOutput_Mean > 4.581772384689348,0.12277392676703541
CountClassBase,1.0,-0.04259099797676691,0.0,7.0,0.4965281148435172 < CountClassBase <= 1.500795769117428,0.06879088841764949
CountInput_Mean,2.25,0.04206765820752847,0.0,57.3076923076923,1.2494316508645946 < CountInput_Mean <= 3.650492018237092,0.06794561572200056
CountPath_Min,1.0,0.040298511040689405,0.0,576.0,0.4591410233064621 < CountPath_Min <= 1.4178638734662286,0.06508817609556086
