feature,value,importance,min,max,rule,importance_ratio
MAJOR_COMMIT,3.0,0.14874201420454491,0.0,10.0,2.504428889822858 < MAJOR_COMMIT <= 4.498890104152141,0.15290682614642329
AvgLineComment,15.0,0.13974597484458695,0.0,41.0,10.487645881505212 < AvgLineComment <= 37.51398548531001,0.143658895534647
CountLineComment,406.0,0.12069318947162645,0.0,4740.0,274.975258827432 < CountLineComment <= 423.10211318246184,0.12407262761829276
CountOutput_Mean,4.63636363636364,0.07637237490837626,0.0,28.0,CountOutput_Mean > 4.581772384689348,0.07851081965614343
RatioCommentToCode,3.69,-0.055309675144996656,0.0,267.0,2.83024509297002 < RatioCommentToCode <= 7.877008800787275,0.05685835926613892
