feature,value,importance,min,max,rule,importance_ratio
CountClassCoupled,29.0,0.23110367212989805,0.0,230.0,23.495360010578608 < CountClassCoupled <= 42.555205635341274,0.30623166125986984
CountPath_Min,0.0,-0.07297473800885909,0.0,576.0,CountPath_Min <= 0.4591410233064621,0.09669762078854313
CountOutput_Mean,6.77777777777778,0.07029814698242434,0.0,28.0,CountOutput_Mean > 4.581772384689348,0.09315091420017849
OWN_COMMIT,0.5,0.04572177028453276,0.0,1.0,0.48027660302735486 < OWN_COMMIT <= 0.8170956133193726,0.06058516310422244
CountInput_Mean,5.37037037037037,-0.04338626348797373,0.0,57.3076923076923,CountInput_Mean > 4.730969183554715,0.057490421598808426
