feature,value,importance,min,max,rule,importance_ratio
CountClassCoupled,26.0,0.22978558854787512,0.0,230.0,23.495360010578608 < CountClassCoupled <= 42.555205635341274,0.2777597402419856
MAJOR_COMMIT,5.0,0.18339463054507202,0.0,10.0,4.498890104152141 < MAJOR_COMMIT <= 5.496120711316784,0.2216833756367667
CountOutput_Mean,10.4375,0.07016719341453327,0.0,28.0,CountOutput_Mean > 4.581772384689348,0.08481655241955838
CountPath_Min,1.0,0.044133264204135436,0.0,576.0,0.4591410233064621 < CountPath_Min <= 1.4178638734662286,0.05334731424559104
CountClassBase,1.0,-0.03971153583459767,0.0,7.0,0.4965281148435172 < CountClassBase <= 1.500795769117428,0.04800242673064777
