feature,value,importance,min,max,rule,importance_ratio
RatioCommentToCode,0.1,0.14362959329492517,0.0,267.0,0.06654115773676095 < RatioCommentToCode <= 0.06654115773676095,0.19326173765805776
CountClassCoupled,18.0,0.08147680243334064,0.0,230.0,16.502179241780798 < CountClassCoupled <= 23.495360010578608,0.10963164384067113
CountOutput_Mean,12.0,0.07358213761757541,0.0,28.0,CountOutput_Mean > 4.581772384689348,0.09900892601823873
CountInput_Mean,7.75,-0.045208647151424454,0.0,57.3076923076923,CountInput_Mean > 4.730969183554715,0.06083079054407515
OWN_COMMIT,0.666666666666667,0.04412185810432181,0.0,1.0,0.48027660302735486 < OWN_COMMIT <= 0.8170956133193726,0.05936845444123928
