feature,value,importance,min,max,rule,importance_ratio
MAJOR_COMMIT,4.0,0.14568439067918182,0.0,10.0,2.504428889822858 < MAJOR_COMMIT <= 4.498890104152141,0.22864765602360002
CountOutput_Mean,9.88888888888889,0.07559947627086404,0.0,28.0,CountOutput_Mean > 4.581772384689348,0.1186513048196792
CountClassCoupled,20.0,0.074917818245448,0.0,230.0,16.502179241780798 < CountClassCoupled <= 23.495360010578608,0.1175814612421042
CountInput_Mean,2.44444444444444,0.042744994148273624,0.0,57.3076923076923,1.2494316508645946 < CountInput_Mean <= 3.650492018237092,0.06708709610673406
CountPath_Min,1.0,0.04040172642986507,0.0,576.0,0.4591410233064621 < CountPath_Min <= 1.4178638734662286,0.06340940168283553
