feature,value,importance,min,max,rule,importance_ratio
MAJOR_COMMIT,5.0,0.2007064440152093,0.0,10.0,4.498890104152141 < MAJOR_COMMIT <= 5.496120711316784,0.3279448695899351
CountClassCoupled,19.0,0.08461145405518065,0.0,230.0,16.502179241780798 < CountClassCoupled <= 23.495360010578608,0.13825112792012947
CountPath_Min,1.0,0.04469594907250144,0.0,576.0,0.4591410233064621 < CountPath_Min <= 1.4178638734662286,0.07303107412270786
CountClassBase,1.0,-0.03961318830338123,0.0,7.0,0.4965281148435172 < CountClassBase <= 1.500795769117428,0.0647260825925921
MaxNesting_Mean,0.5,-0.034943491915462886,0.0,6.4,0.41380013826276385 < MaxNesting_Mean <= 0.5495608533844867,0.05709601879232655
