feature,value,importance,min,max,rule,importance_ratio
CountClassBase,3.0,0.07012666382402835,0.0,7.0,2.4973382875892316 < CountClassBase <= 3.5016059418631427,0.12103440306854495
CountLineComment,186.0,0.06908926869353821,0.0,4740.0,97.54858712745128 < CountLineComment <= 235.90883570083076,0.11924392148111104
CountOutput_Mean,2.66666666666667,-0.060247988440582954,0.0,28.0,CountOutput_Mean <= 3.873264548197767,0.10398440363974623
OWN_COMMIT,0.666666666666667,0.04915354871585483,0.0,1.0,0.48027660302735486 < OWN_COMMIT <= 0.8170956133193726,0.08483606809605082
CountInput_Mean,20.5555555555556,-0.040973216846146236,0.0,57.3076923076923,CountInput_Mean > 4.730969183554715,0.07071730740272487
