feature,value,importance,min,max,rule,importance_ratio
MAJOR_COMMIT,3.0,0.14528203500883977,0.0,10.0,2.504428889822858 < MAJOR_COMMIT <= 4.498890104152141,0.20517231063484548
CountOutput_Mean,6.5,0.07602546490065613,0.0,28.0,CountOutput_Mean > 4.581772384689348,0.10736578889335405
CountLineComment,131.0,0.07080915648472261,0.0,4740.0,97.54858712745128 < CountLineComment <= 235.90883570083076,0.09999913787820305
CountClassCoupled,3.0,-0.053134300076956825,0.0,230.0,0.4589998310093497 < CountClassCoupled <= 3.475666045000562,0.0750380948345827
OWN_COMMIT,0.571428571428571,0.04558540328451538,0.0,1.0,0.48027660302735486 < OWN_COMMIT <= 0.8170956133193726,0.06437728190230964
