feature,value,importance,min,max,rule,importance_ratio
MAJOR_LINE,16.0,0.23332998750906409,0.0,21.0,MAJOR_LINE > 11.993562776583781,0.22669384279373753
MAJOR_COMMIT,3.0,0.14590545612152564,0.0,10.0,2.504428889822858 < MAJOR_COMMIT <= 4.498890104152141,0.1417557549540297
CountLineComment,402.0,0.11410720172869744,0.0,4740.0,274.975258827432 < CountLineComment <= 423.10211318246184,0.11086187560573958
CountPath_Min,0.0,-0.07334689189079652,0.0,576.0,CountPath_Min <= 0.4591410233064621,0.07126083088250958
CountOutput_Mean,1.0,-0.06241303147478006,0.0,28.0,CountOutput_Mean <= 3.873264548197767,0.06063794069707716
