feature,value,importance,min,max,rule,importance_ratio
CountLineComment,329.0,0.11799327160820201,0.0,4740.0,274.975258827432 < CountLineComment <= 423.10211318246184,0.2056509091644183
CountOutput_Mean,3.72727272727273,-0.06078420406425133,0.0,28.0,CountOutput_Mean <= 3.873264548197767,0.10594101390930402
OWN_COMMIT,0.666666666666667,0.047575797177617306,0.0,1.0,0.48027660302735486 < OWN_COMMIT <= 0.8170956133193726,0.08292003273107697
CountInput_Mean,18.3333333333333,-0.04249733832704208,0.0,57.3076923076923,CountInput_Mean > 4.730969183554715,0.07406876803148638
CountPath_Min,1.0,0.03963169430571394,0.0,576.0,0.4591410233064621 < CountPath_Min <= 1.4178638734662286,0.06907422647589191
