feature,value,importance,min,max,rule,importance_ratio
MAJOR_COMMIT,5.0,0.18724032173687338,0.0,10.0,4.498890104152141 < MAJOR_COMMIT <= 5.496120711316784,0.24440336570908439
CountClassCoupled,17.0,0.08601377078911088,0.0,230.0,16.502179241780798 < CountClassCoupled <= 23.495360010578608,0.11227311982368025
CountLineComment,159.0,0.07020389532764058,0.0,4740.0,97.54858712745128 < CountLineComment <= 235.90883570083076,0.09163660981140405
CountOutput_Mean,2.83076923076923,-0.05810752869312136,0.0,28.0,CountOutput_Mean <= 3.873264548197767,0.07584731458426727
MaxNesting_Mean,0.363636363636364,-0.05473445324073782,0.0,6.4,0.3209112279163219 < MaxNesting_Mean <= 0.41380013826276385,0.07144446488978888
