feature,value,importance,min,max,rule,importance_ratio
CountClassCoupled,24.0,0.2291462407491462,0.0,230.0,23.495360010578608 < CountClassCoupled <= 42.555205635341274,0.2626163960043389
MAJOR_COMMIT,5.0,0.18804667331597302,0.0,10.0,4.498890104152141 < MAJOR_COMMIT <= 5.496120711316784,0.2155136364681127
CountOutput_Mean,5.84615384615385,0.07025546728201466,0.0,28.0,CountOutput_Mean > 4.581772384689348,0.08051730439427768
OWN_COMMIT,0.545454545454545,0.04571596461829612,0.0,1.0,0.48027660302735486 < OWN_COMMIT <= 0.8170956133193726,0.05239344895499244
CountPath_Min,1.0,0.04248723093314964,0.0,576.0,0.4591410233064621 < CountPath_Min <= 1.4178638734662286,0.048693111557883584
