feature,value,importance,min,max,rule,importance_ratio
CountClassCoupled,59.0,0.20728218997005932,0.0,230.0,CountClassCoupled > 42.555205635341274,0.2130201161195261
MAJOR_COMMIT,5.0,0.19141170898464407,0.0,10.0,4.498890104152141 < MAJOR_COMMIT <= 5.496120711316784,0.1967103130299591
MAJOR_LINE,8.0,0.17754475703312977,0.0,21.0,7.493770580251528 < MAJOR_LINE <= 11.993562776583781,0.18245950009054474
CountOutput_Mean,6.49019607843137,0.07281488712817824,0.0,28.0,CountOutput_Mean > 4.581772384689348,0.0748305279557071
CountPath_Min,1.0,0.04246296249582811,0.0,576.0,0.4591410233064621 < CountPath_Min <= 1.4178638734662286,0.04363841004838355
