feature,value,importance,min,max,rule,importance_ratio
MAJOR_COMMIT,5.0,0.18626285143498078,0.0,10.0,4.498890104152141 < MAJOR_COMMIT <= 5.496120711316784,0.220749912215498
MAJOR_LINE,8.0,0.17673804064599502,0.0,21.0,7.493770580251528 < MAJOR_LINE <= 11.993562776583781,0.2094615574558706
CountOutput_Mean,0.928571428571429,-0.0606332462369135,0.0,28.0,CountOutput_Mean <= 3.873264548197767,0.07185965253415863
OWN_COMMIT,0.5,0.04767135771427175,0.0,1.0,0.48027660302735486 < OWN_COMMIT <= 0.8170956133193726,0.05649783598578989
CountInput_Mean,2.5,0.04327067254798683,0.0,57.3076923076923,1.2494316508645946 < CountInput_Mean <= 3.650492018237092,0.05128235229346304
