feature,value,importance,min,max,rule,importance_ratio
MAJOR_COMMIT,6.0,0.2902013493736857,0.0,10.0,5.496120711316784 < MAJOR_COMMIT <= 7.505691480300078,0.27756698632348037
MAJOR_LINE,8.0,0.16664168438107146,0.0,21.0,7.493770580251528 < MAJOR_LINE <= 11.993562776583781,0.15938668179644497
CountClassCoupled,23.0,0.08456087549658547,0.0,230.0,16.502179241780798 < CountClassCoupled <= 23.495360010578608,0.0808793874429536
CountOutput_Mean,6.65217391304348,0.07241582990785472,0.0,28.0,CountOutput_Mean > 4.581772384689348,0.06926309513383538
CountLineComment,128.0,0.0652894527387853,0.0,4740.0,97.54858712745128 < CountLineComment <= 235.90883570083076,0.06244697577914565
