feature,value,importance,min,max,rule,importance_ratio
OWN_COMMIT,1.0,0.09941795612057064,0.0,1.0,OWN_COMMIT > 0.9158840980681497,0.26571075923920157
CountDeclMethodPrivate,0.0,-0.03610619070013906,0.0,21.0,CountDeclMethodPrivate <= 0.5047804236063558,0.0964997040628588
MAJOR_LINE,3.0,0.035641355766905906,0.0,5.0,2.4961209246704383 < MAJOR_LINE <= 4.499384532543117,0.09525735662533459
RatioCommentToCode,0.29,0.03097617550701648,0.03,8.5,0.16254030530342767 < RatioCommentToCode <= 0.415554900473351,0.08278889884151508
OWN_LINE,0.928571428571429,-0.01937849406988815,0.282051282051282,1.0,0.8720941470275504 < OWN_LINE <= 0.9860385458101457,0.05179219703508818
