feature,value,importance,min,max,rule,importance_ratio
CountClassCoupled,19.0,0.1345591985972904,0.0,71.0,14.476416159221149 < CountClassCoupled <= 58.969614743832466,0.2964310336265365
OWN_COMMIT,1.0,0.10089407080734358,0.0,1.0,OWN_COMMIT > 0.9158840980681497,0.2222674778683772
OWN_LINE,1.0,-0.03980328625005239,0.282051282051282,1.0,OWN_LINE > 1.0005405602006578,0.08768578742912883
RatioCommentToCode,0.24,0.034156313760806196,0.03,8.5,0.16254030530342767 < RatioCommentToCode <= 0.415554900473351,0.07524562793577724
CountDeclMethodPrivate,1.0,0.02809950515066125,0.0,21.0,0.5047804236063558 < CountDeclMethodPrivate <= 1.5022263967624856,0.06190260824258827
