feature,value,importance,min,max,rule,importance_ratio
OWN_COMMIT,1.0,0.09939648626606896,0.0,1.0,OWN_COMMIT > 0.9158840980681497,0.2476463311588655
CountDeclMethodPrivate,0.0,-0.0368389894674313,0.0,21.0,CountDeclMethodPrivate <= 0.5047804236063558,0.09178433693107105
MAJOR_LINE,3.0,0.034073503587554586,0.0,5.0,2.4961209246704383 < MAJOR_LINE <= 4.499384532543117,0.0848941292612562
RatioCommentToCode,0.17,0.03215088888953868,0.03,8.5,0.16254030530342767 < RatioCommentToCode <= 0.415554900473351,0.08010393501916573
OWN_LINE,0.563192904656319,0.027244320635019238,0.282051282051282,1.0,0.4971134892157368 < OWN_LINE <= 0.8679507143445468,0.06787922092253576
