feature,value,importance,min,max,rule,importance_ratio
CountClassDerived,20.0,0.23780979943678926,0.0,84.0,19.498359963809065 < CountClassDerived <= 21.017232506698324,0.3128620769127913
CountClassCoupled,28.0,0.13036551985071654,0.0,71.0,14.476416159221149 < CountClassCoupled <= 58.969614743832466,0.17150860643634697
OWN_COMMIT,1.0,0.09946568009033596,0.0,1.0,OWN_COMMIT > 0.9158840980681497,0.13085684159486177
CountDeclMethodPublic,65.0,0.07651896383970702,0.0,165.0,CountDeclMethodPublic > 59.45821356470026,0.10066818948084948
OWN_LINE,0.341614906832298,0.04025475589386808,0.282051282051282,1.0,OWN_LINE <= 0.4929700565327333,0.05295907302558646
