feature,value,importance,min,max,rule,importance_ratio
OWN_COMMIT,1.0,0.09978693566253442,0.0,1.0,OWN_COMMIT > 0.9158840980681497,0.287520197095791
RatioCommentToCode,0.13,0.03804247705495752,0.03,8.5,0.04753367113528073 < RatioCommentToCode <= 0.16254030530342767,0.10961335197068509
MAJOR_LINE,3.0,0.03284621031264465,0.0,5.0,2.4961209246704383 < MAJOR_LINE <= 4.499384532543117,0.09464113513696339
CountDeclMethodPrivate,1.0,0.031097924145529074,0.0,21.0,0.5047804236063558 < CountDeclMethodPrivate <= 1.5022263967624856,0.08960372638188481
OWN_LINE,0.676113360323887,0.026199904867741656,0.282051282051282,1.0,0.4971134892157368 < OWN_LINE <= 0.8679507143445468,0.07549086222007681
