feature,value,importance,min,max,rule,importance_ratio
CountClassCoupled,26.0,0.124445847261212,0.0,71.0,14.476416159221149 < CountClassCoupled <= 58.969614743832466,0.29175770730509215
OWN_COMMIT,0.5,0.04775050737667595,0.0,1.0,0.1650142457143403 < OWN_COMMIT <= 0.524282117653962,0.1119489228566339
OWN_LINE,0.252747252747253,0.04476133984106675,0.282051282051282,1.0,OWN_LINE <= 0.4929700565327333,0.10494095363842777
RatioCommentToCode,0.11,0.03489931972371683,0.03,8.5,0.04753367113528073 < RatioCommentToCode <= 0.16254030530342767,0.0818198898009563
CountDeclMethodPrivate,0.0,-0.031875706988775315,0.0,21.0,CountDeclMethodPrivate <= 0.5047804236063558,0.07473116535783883
