feature,value,importance,min,max,rule,importance_ratio
OWN_COMMIT,1.0,0.0995735204858883,0.0,1.0,OWN_COMMIT > 0.9158840980681497,0.2425162911786052
CountDeclMethodPrivate,19.0,0.09059083050865491,0.0,21.0,CountDeclMethodPrivate > 13.001353544433867,0.22063850030151552
RatioCommentToCode,0.15,0.03914800716558823,0.03,8.5,0.04753367113528073 < RatioCommentToCode <= 0.16254030530342767,0.09534693017284074
AvgCyclomaticModified,3.0,0.02238157731930665,0.0,14.0,2.500687648041132 < AvgCyclomaticModified <= 6.500516532337661,0.054511451395099435
CountInput_Mean,4.88888888888889,0.018406169749613482,0.0,57.0,2.586598893284177 < CountInput_Mean <= 4.925382864055369,0.04482914735461938
