feature,value,importance,min,max,rule,importance_ratio
OWN_COMMIT,1.0,0.09909605104405181,0.0,1.0,OWN_COMMIT > 0.9158840980681497,0.3064339851467467
OWN_LINE,1.0,-0.03900897563851182,0.282051282051282,1.0,OWN_LINE > 1.0005405602006578,0.12062716662733303
RatioCommentToCode,0.06,0.03838680282203056,0.03,8.5,0.04753367113528073 < RatioCommentToCode <= 0.16254030530342767,0.11870322623217464
CountDeclMethodPrivate,1.0,0.02995915422152807,0.0,21.0,0.5047804236063558 < CountDeclMethodPrivate <= 1.5022263967624856,0.09264247084525859
CountOutput_Mean,5.76923076923077,-0.0180241312884865,0.0,40.0,2.0678217985545446 < CountOutput_Mean <= 14.196423099739473,0.05573588777098513
