feature,value,importance,min,max,rule,importance_ratio
CountClassBase,9.0,0.11089354711360941,0.0,9.0,CountClassBase > 7.501707799835719,0.15645952165279128
CountDeclInstanceVariable,75.0,0.0921144401709157,0.0,74.0,CountDeclInstanceVariable > 37.492663687704365,0.1299641108214438
MAJOR_LINE,6.0,0.08873674566715732,0.0,5.0,MAJOR_LINE > 4.499384532543117,0.12519852724960726
CountDeclMethodPublic,170.0,0.08356136275987158,0.0,165.0,CountDeclMethodPublic > 59.45821356470026,0.11789658809155697
CountClassCoupled,66.0,0.07725242127108432,0.0,71.0,CountClassCoupled > 58.969614743832466,0.10899531301141335
