feature,value,importance,min,max,rule,importance_ratio
OWN_COMMIT,0.666666666666667,0.06468347121298122,0.0,1.0,0.524282117653962 < OWN_COMMIT <= 0.9158840980681497,0.20017798296362832
OWN_LINE,0.194690265486726,0.04608611718115107,0.282051282051282,1.0,OWN_LINE <= 0.4929700565327333,0.1426241635915297
CountDeclMethodPrivate,0.0,-0.03472619468359941,0.0,21.0,CountDeclMethodPrivate <= 0.5047804236063558,0.10746825235888288
RatioCommentToCode,0.17,0.03245622999675607,0.03,8.5,0.16254030530342767 < RatioCommentToCode <= 0.415554900473351,0.10044332089045897
AvgCyclomaticModified,3.0,0.023447477403048877,0.0,14.0,2.500687648041132 < AvgCyclomaticModified <= 6.500516532337661,0.07256364947813149
