feature,value,importance,min,max,rule,importance_ratio
CountClassCoupled,32.0,0.12712892997789643,0.0,71.0,14.476416159221149 < CountClassCoupled <= 58.969614743832466,0.223919494759103
CountDeclMethodPublic,75.0,0.0877332611205063,0.0,165.0,CountDeclMethodPublic > 59.45821356470026,0.1545296378022523
OWN_COMMIT,0.5,0.04790671566114783,0.0,1.0,0.1650142457143403 < OWN_COMMIT <= 0.524282117653962,0.08438085310933828
OWN_LINE,0.312883435582822,0.04540674358668981,0.282051282051282,1.0,OWN_LINE <= 0.4929700565327333,0.07997750853684925
MAJOR_LINE,4.0,0.04398800116083293,0.0,5.0,2.4961209246704383 < MAJOR_LINE <= 4.499384532543117,0.07747859591919085
