feature,value,importance,min,max,rule,importance_ratio
OWN_COMMIT,1.0,0.09992404865285347,0.0,1.0,OWN_COMMIT > 0.9158840980681497,0.2611773702216167
RatioCommentToCode,0.15,0.03951620177614573,0.03,8.5,0.04753367113528073 < RatioCommentToCode <= 0.16254030530342767,0.10328582358482928
CountInput_Mean,8.73333333333333,-0.03388138004599604,0.0,57.0,CountInput_Mean > 8.481616025091018,0.08855775820928678
MAJOR_LINE,4.0,0.03300104148950598,0.0,5.0,2.4961209246704383 < MAJOR_LINE <= 4.499384532543117,0.08625676548342605
CountDeclMethodPrivate,1.0,0.03222022886046394,0.0,21.0,0.5047804236063558 < CountDeclMethodPrivate <= 1.5022263967624856,0.08421590953494959
