feature,value,importance,min,max,rule,importance_ratio
CountClassCoupled,34.0,0.13534504472184425,0.0,71.0,14.476416159221149 < CountClassCoupled <= 58.969614743832466,0.2123970308874162
OWN_COMMIT,1.0,0.10110917344785031,0.0,1.0,OWN_COMMIT > 0.9158840980681497,0.158670664891643
MAJOR_LINE,5.0,0.07417082007637014,0.0,5.0,MAJOR_LINE > 4.499384532543117,0.11639629655509058
CountDeclInstanceVariable,22.0,0.0653654532330402,0.0,74.0,21.509667398160907 < CountDeclInstanceVariable <= 37.492663687704365,0.10257803097143799
CountDeclMethodPublic,50.0,0.038399345913261974,0.0,165.0,38.50213057878183 < CountDeclMethodPublic <= 59.45821356470026,0.060260108353116126
