feature,value,importance,min,max,rule,importance_ratio
OWN_COMMIT,1.0,0.09743975033262921,0.0,1.0,OWN_COMMIT > 0.9158840980681497,0.2683771653974798
OWN_LINE,0.280193236714976,0.0397644171939272,0.282051282051282,1.0,OWN_LINE <= 0.4929700565327333,0.10952266948302465
RatioCommentToCode,0.13,0.037138609815620525,0.03,8.5,0.04753367113528073 < RatioCommentToCode <= 0.16254030530342767,0.10229043891322041
CountDeclMethodPrivate,0.0,-0.0344151824206392,0.0,21.0,CountDeclMethodPrivate <= 0.5047804236063558,0.09478933467253996
MAJOR_LINE,3.0,0.031267627303676764,0.0,5.0,2.4961209246704383 < MAJOR_LINE <= 4.499384532543117,0.08612006040470718
