feature,value,importance,min,max,rule,importance_ratio
Added_lines,228.0,0.13664025021720505,0.0,1401.0,134.0061958090498 < Added_lines <= 623.7822426910362,0.18303005371543468
MaxInheritanceTree,4.0,0.08461016897761282,0.0,6.0,3.5043507807030476 < MaxInheritanceTree <= 4.500181337601978,0.11333559290346305
CountClassCoupled,4.0,-0.06767248713215146,0.0,71.0,3.5277271998526603 < CountClassCoupled <= 5.519127474876073,0.09064751370965471
OWN_COMMIT,0.428571428571429,0.064266168501859,0.0,1.0,0.10191642891537722 < OWN_COMMIT <= 0.6839985370312259,0.08608473897173335
MINOR_COMMIT,0.0,0.06188597032410617,0.0,1.0,MINOR_COMMIT <= 0.5000340062489587,0.082896455873342
