feature,value,importance,min,max,rule,importance_ratio
Added_lines,240.0,0.13355948117721447,0.0,1401.0,134.0061958090498 < Added_lines <= 623.7822426910362,0.1898471471998545
CountClassDerived,56.0,0.1282529239812274,0.0,174.0,CountClassDerived > 26.503034450819438,0.1823041803042712
CountClassCoupled,7.0,0.08436139741964632,0.0,71.0,5.519127474876073 < CountClassCoupled <= 9.501928024922897,0.11991489104889802
CountOutput_Mean,2.04545454545455,-0.05396673160541106,0.0,22.0,1.393392431176645 < CountOutput_Mean <= 2.9958261261451193,0.07671061573976377
MINOR_COMMIT,0.0,0.04945194802366645,0.0,1.0,MINOR_COMMIT <= 0.5000340062489587,0.07029310965435394
