feature,value,importance,min,max,rule,importance_ratio
CountClassCoupled,22.0,0.13501662850488727,0.0,71.0,21.526921993333502 < CountClassCoupled <= 36.46242405600909,0.14739197529660328
CountDeclMethodDefault,10.0,0.10934884153791234,0.0,78.0,7.499389713882506 < CountDeclMethodDefault <= 10.493131967016648,0.11937153170792413
CountDeclInstanceVariable,19.0,0.09649623992899109,0.0,60.0,16.490535965231608 < CountDeclInstanceVariable <= 39.47160948739142,0.10534088703980732
MaxInheritanceTree,4.0,0.08136944479271428,0.0,6.0,3.5043507807030476 < MaxInheritanceTree <= 4.500181337601978,0.08882760093770187
Added_lines,22.0,-0.07985927954434602,0.0,1401.0,0.4309102957807909 < Added_lines <= 53.861024501088394,0.08717901704513913
