feature,value,importance,min,max,rule,importance_ratio
CountOutput_Mean,8.0,0.13500092891711454,0.0,22.0,CountOutput_Mean > 7.862476607160486,0.19018300135773755
CountClassCoupled,20.0,0.12064659450811066,0.0,71.0,9.501928024922897 < CountClassCoupled <= 21.526921993333502,0.16996128568292845
Added_lines,8.0,-0.07532630505281208,0.0,1401.0,0.4309102957807909 < Added_lines <= 53.861024501088394,0.10611617928146111
OWN_COMMIT,0.6,0.0632359046660933,0.0,1.0,0.10191642891537722 < OWN_COMMIT <= 0.6839985370312259,0.08908378808528893
CountClassDerived,0.0,-0.0319085859607932,0.0,174.0,CountClassDerived <= 4.520645138566945,0.044951325118887366
