feature,value,importance,min,max,rule,importance_ratio
CountOutput_Mean,12.6,0.14430626549505202,0.0,22.0,CountOutput_Mean > 7.862476607160486,0.19552240063430532
CountClassCoupled,22.0,0.1417244603074675,0.0,71.0,21.526921993333502 < CountClassCoupled <= 36.46242405600909,0.19202427983882303
OWN_COMMIT,0.5,0.06663471866999493,0.0,1.0,0.10191642891537722 < OWN_COMMIT <= 0.6839985370312259,0.09028423066215165
Added_lines,110.0,0.06526915554654525,0.0,1401.0,53.861024501088394 < Added_lines <= 134.0061958090498,0.08843401176002286
MINOR_LINE,6.0,0.04239122715268495,1.0,8.0,3.5043945735014814 < MINOR_LINE <= 6.500273313638594,0.05743641463032181
