feature,value,importance,min,max,rule,importance_ratio
CountOutput_Mean,18.0,0.14143151761997472,0.0,22.0,CountOutput_Mean > 7.862476607160486,0.1826981852797647
CountClassCoupled,8.0,0.08380140775019448,0.0,71.0,5.519127474876073 < CountClassCoupled <= 9.501928024922897,0.10825285182181925
MaxNesting_Mean,6.0,-0.07968233707747388,0.0,6.0,MaxNesting_Mean > 2.39067631093744,0.10293192513158007
Added_lines,29.0,-0.07879940818578518,0.0,1401.0,0.4309102957807909 < Added_lines <= 53.861024501088394,0.10179137662473285
CountOutput_Min,18.0,0.0681597754997388,0.0,22.0,11.489165163436986 < CountOutput_Min <= 19.488997684175256,0.08804732850522509
