feature,value,importance,min,max,rule,importance_ratio
CountClassCoupled,30.0,0.13921641752120326,0.0,71.0,21.526921993333502 < CountClassCoupled <= 36.46242405600909,0.1890906756761707
Added_lines,406.0,0.13695876860258524,0.0,1401.0,134.0061958090498 < Added_lines <= 623.7822426910362,0.1860242244122884
MINOR_COMMIT,2.0,0.12712930911642795,0.0,1.0,MINOR_COMMIT > 0.5000340062489587,0.17267336271894002
OWN_COMMIT,0.608695652173913,0.06347801059423124,0.0,1.0,0.10191642891537722 < OWN_COMMIT <= 0.6839985370312259,0.08621899720996758
CountClassDerived,0.0,-0.03334283599920251,0.0,174.0,CountClassDerived <= 4.520645138566945,0.04528790138626214
