feature,value,importance,min,max,rule,importance_ratio
CountClassCoupled,7.0,0.0836649931156917,0.0,71.0,5.519127474876073 < CountClassCoupled <= 9.501928024922897,0.1662432059115331
Added_lines,125.0,0.06325083783490172,0.0,1401.0,53.861024501088394 < Added_lines <= 134.0061958090498,0.12568006840954873
OWN_COMMIT,0.25,0.06276872621978859,0.0,1.0,0.10191642891537722 < OWN_COMMIT <= 0.6839985370312259,0.12472210764819701
CountClassDerived,0.0,-0.036937410009131234,0.0,174.0,CountClassDerived <= 4.520645138566945,0.07339501539784428
MINOR_COMMIT,0.0,0.0295886587286183,0.0,1.0,MINOR_COMMIT <= 0.5000340062489587,0.05879297066176669
