feature,value,importance,min,max,rule,importance_ratio
Added_lines,333.0,0.1376110502460995,0.0,1401.0,134.0061958090498 < Added_lines <= 623.7822426910362,0.17916940678037435
PercentLackOfCohesion,100.0,0.10614255675128924,0.0,100.0,PercentLackOfCohesion > 99.41790724863138,0.1381974695583704
MaxInheritanceTree,4.0,0.08224678548684604,0.0,6.0,3.5043507807030476 < MaxInheritanceTree <= 4.500181337601978,0.10708520673970072
CountClassCoupled,5.0,-0.07235265656845728,0.0,71.0,3.5277271998526603 < CountClassCoupled <= 5.519127474876073,0.09420306387583934
OWN_COMMIT,0.4,0.06283544827486513,0.0,1.0,0.10191642891537722 < OWN_COMMIT <= 0.6839985370312259,0.08181167117068486
