feature,value,importance,min,max,rule,importance_ratio
Added_lines,361.0,0.13386152301991458,0.0,1401.0,134.0061958090498 < Added_lines <= 623.7822426910362,0.2207622688653812
CountClassCoupled,9.0,0.08453310709601404,0.0,71.0,5.519127474876073 < CountClassCoupled <= 9.501928024922897,0.13941063941114737
OWN_COMMIT,0.333333333333333,0.06109444077705358,0.0,1.0,0.10191642891537722 < OWN_COMMIT <= 0.6839985370312259,0.10075596823291409
MINOR_COMMIT,0.0,0.03129570687146122,0.0,1.0,MINOR_COMMIT <= 0.5000340062489587,0.051612375974997994
CountClassDerived,1.0,-0.028317452284408726,0.0,174.0,CountClassDerived <= 4.520645138566945,0.04670068645389024
