feature,value,importance,min,max,rule,importance_ratio
Added_lines,204.0,0.13151619252216176,0.0,1401.0,134.0061958090498 < Added_lines <= 623.7822426910362,0.20412133066324387
CountClassCoupled,9.0,0.08273133348214377,0.0,71.0,5.519127474876073 < CountClassCoupled <= 9.501928024922897,0.12840418775866025
OWN_COMMIT,0.545454545454545,0.06218375623407835,0.0,1.0,0.10191642891537722 < OWN_COMMIT <= 0.6839985370312259,0.0965130667541182
CountInput_Mean,20.25,0.03836901510667707,0.0,50.9230769230769,14.152723065288109 < CountInput_Mean <= 22.22896619002171,0.05955110370529676
MINOR_LINE,5.0,0.03644609283488648,1.0,8.0,3.5043945735014814 < MINOR_LINE <= 6.500273313638594,0.056566608447697654
