feature,value,importance,min,max,rule,importance_ratio
Added_lines,223.0,0.13352137625357766,0.0,1401.0,134.0061958090498 < Added_lines <= 623.7822426910362,0.19309429527069102
MINOR_LINE,7.0,0.10808752152217066,1.0,8.0,6.500273313638594 < MINOR_LINE <= 7.498899560350965,0.1563126772767964
CountClassCoupled,8.0,0.08511061838618328,0.0,71.0,5.519127474876073 < CountClassCoupled <= 9.501928024922897,0.12308422320424087
OWN_COMMIT,0.5,0.06160883767631447,0.0,1.0,0.10191642891537722 < OWN_COMMIT <= 0.6839985370312259,0.08909670816275445
MINOR_COMMIT,0.0,0.030969047772838845,0.0,1.0,MINOR_COMMIT <= 0.5000340062489587,0.04478643512139839
