feature,value,importance,min,max,rule,importance_ratio
Added_lines,537.0,0.13825320195244806,0.0,1401.0,134.0061958090498 < Added_lines <= 623.7822426910362,0.14522607141014252
CountClassCoupled,35.0,0.13788867728142104,0.0,71.0,21.526921993333502 < CountClassCoupled <= 36.46242405600909,0.144843161754831
CountDeclMethodPublic,40.0,0.13073910852608164,0.0,148.0,25.49405915268499 < CountDeclMethodPublic <= 47.97160621632762,0.1373330009198453
CountDeclMethodDefault,31.0,0.11635304792220158,0.0,78.0,CountDeclMethodDefault > 24.514843132206153,0.1222213721469485
OWN_COMMIT,0.521739130434783,0.06407361948586983,0.0,1.0,0.10191642891537722 < OWN_COMMIT <= 0.6839985370312259,0.0673052045634482
