feature,value,importance,min,max,rule,importance_ratio
Added_lines,218.0,0.136454888147483,0.0,1401.0,134.0061958090498 < Added_lines <= 623.7822426910362,0.12066211843463828
CountClassCoupled,36.0,0.13602436971645007,0.0,71.0,21.526921993333502 < CountClassCoupled <= 36.46242405600909,0.12028142656922527
CountDeclMethodPublic,44.0,0.13140879461447497,0.0,148.0,25.49405915268499 < CountDeclMethodPublic <= 47.97160621632762,0.11620004057302298
CountDeclMethodProtected,21.0,0.10776967963059551,0.0,25.0,CountDeclMethodProtected > 10.508161227829827,0.09529682683990975
PercentLackOfCohesion,100.0,0.09546208180248801,0.0,100.0,PercentLackOfCohesion > 99.41790724863138,0.0844136635693062
