feature,value,importance,min,max,rule,importance_ratio
Added_lines,261.0,0.13674053390176835,0.0,1401.0,134.0061958090498 < Added_lines <= 623.7822426910362,0.17918320812316257
MaxInheritanceTree,4.0,0.08285482354451187,0.0,6.0,3.5043507807030476 < MaxInheritanceTree <= 4.500181337601978,0.1085719988620886
CountClassCoupled,2.0,-0.0741182532921895,0.0,71.0,1.5363269248292477 < CountClassCoupled <= 3.5277271998526603,0.0971236986314555
OWN_COMMIT,0.333333333333333,0.06333749673511355,0.0,1.0,0.10191642891537722 < OWN_COMMIT <= 0.6839985370312259,0.08299672039924083
CountOutput_Mean,2.33333333333333,-0.05464592386956492,0.0,22.0,1.393392431176645 < CountOutput_Mean <= 2.9958261261451193,0.07160738422183476
