feature,value,importance,min,max,rule,importance_ratio
MaxInheritanceTree,4.0,0.13623010676658387,0.0,6.0,3.4950185078979024 < MaxInheritanceTree <= 4.495743107154368,0.24937375385920865
CountClassCoupled,20.0,0.10426586624892513,0.0,72.0,15.504729903335885 < CountClassCoupled <= 21.490339312577355,0.19086214554927222
CountDeclClassVariable,2.0,0.05011043797639704,0.0,56.0,1.5145272309053321 < CountDeclClassVariable <= 2.49934545303308,0.09172882795367815
CountOutput_Mean,8.5,0.02829206852269203,0.0,21.0,3.8518354250631828 < CountOutput_Mean <= 18.50155678051764,0.05178957500219969
Added_lines,15.0,-0.02660949533989722,0.0,1453.0,3.240925032887475 < Added_lines <= 94.0366152759507,0.04870956867543889
