feature,value,importance,left,right,rec,rule,min,max
MAJOR_LINE,3.0,0.19883968903825977,0.0,2.503347321568387,-1,2.503347321568387 < MAJOR_LINE <= 5.505000175998428,0.0,10.0
CountClassCoupled,16.0,0.02941727326221764,0.0,12.516570532282248,-1,12.516570532282248 < CountClassCoupled <= 20.500994623023644,0.0,126.0
OWN_LINE,0.943181818181818,0.007886584205664111,0.281553398058252,0.8930537701690927,-1,0.8930537701690927 < OWN_LINE <= 0.9680591083803126,0.281553398058252,1.0
