feature,value,importance,left,right,rec,rule,min,max
MAJOR_LINE,2.0,0.05708993765818047,0.0,1.498903175727984,-1,1.498903175727984 < MAJOR_LINE <= 2.503347321568387,0.0,10.0
OWN_LINE,0.971502590673575,-0.053090302215361644,1.0,1.0,1,OWN_LINE > 0.9680591083803126,0.281553398058252,1.0
CountClassCoupled,23.0,0.04118130302916635,0.0,20.500994623023644,-1,20.500994623023644 < CountClassCoupled <= 42.45816087256249,0.0,126.0
