feature,value,importance,left,right,rec,rule,min,max
MAJOR_LINE,1.0,-0.04828865919114706,1.498903175727984,10.0,1,0.49445902988758095 < MAJOR_LINE <= 1.498903175727984,0.0,10.0
CountClassCoupled,16.0,0.030308356349329456,0.0,12.516570532282248,-1,12.516570532282248 < CountClassCoupled <= 20.500994623023644,0.0,126.0
OWN_LINE,0.962765957446808,-0.009512675411931484,0.9680591083803126,1.0,1,0.8930537701690927 < OWN_LINE <= 0.9680591083803126,0.281553398058252,1.0
