feature,value,importance,left,right,rec,rule,min,max
MAJOR_LINE,7.0,0.20130905569450727,0.0,5.505000175998428,-1,MAJOR_LINE > 5.505000175998428,0.0,10.0
CountClassCoupled,30.0,0.05186600666431818,0.0,20.500994623023644,-1,20.500994623023644 < CountClassCoupled <= 42.45816087256249,0.0,126.0
OWN_LINE,0.908003300330033,-0.0022343650078512313,0.9680591083803126,1.0,1,0.8930537701690927 < OWN_LINE <= 0.9680591083803126,0.281553398058252,1.0
