feature,value,importance,left,right,rec,rule,min,max
MAJOR_LINE,7.0,0.16904477657798145,0.0,5.505000175998428,-1,MAJOR_LINE > 5.505000175998428,0.0,10.0
OWN_LINE,0.822892938496583,0.021932507876391383,0.281553398058252,0.8116920473637016,-1,0.8116920473637016 < OWN_LINE <= 0.8930537701690927,0.281553398058252,1.0
CountClassCoupled,53.0,0.016092455013417665,0.0,45.50484901245065,-1,CountClassCoupled > 45.50484901245065,0.0,126.0
