feature,value,importance,left,right,rec,rule,min,max
MAJOR_LINE,2.0,0.055857786936230544,0.0,1.498903175727984,-1,1.498903175727984 < MAJOR_LINE <= 2.503347321568387,0.0,10.0
CountClassCoupled,2.0,-0.02239000003295725,6.5282524642262025,126.0,1,0.5399343961701559 < CountClassCoupled <= 6.5282524642262025,0.0,126.0
OWN_LINE,0.944444444444444,0.0030112111027486973,0.281553398058252,0.8930537701690927,-1,0.8930537701690927 < OWN_LINE <= 0.9680591083803126,0.281553398058252,1.0
