feature,value,importance,left,right,rec,rule,min,max
MAJOR_LINE,1.0,-0.04012047316953933,1.498903175727984,10.0,1,0.49445902988758095 < MAJOR_LINE <= 1.498903175727984,0.0,10.0
OWN_LINE,0.873804971319312,0.03202384525919058,0.281553398058252,0.8116920473637016,-1,0.8116920473637016 < OWN_LINE <= 0.8930537701690927,0.281553398058252,1.0
CountClassCoupled,2.0,-0.02018352031524109,6.5282524642262025,126.0,1,0.5399343961701559 < CountClassCoupled <= 6.5282524642262025,0.0,126.0
