feature,value,importance,left,right,rec,rule,min,max
MAJOR_LINE,0.0,-0.06421332910096371,0.49445902988758095,10.0,1,MAJOR_LINE <= 0.49445902988758095,0.0,10.0
OWN_LINE,0.945205479452055,-0.00887993628256152,0.9680591083803126,1.0,1,0.8930537701690927 < OWN_LINE <= 0.9680591083803126,0.281553398058252,1.0
CountClassCoupled,5.0,0.004182275445384541,0.0,0.5399343961701559,-1,0.5399343961701559 < CountClassCoupled <= 6.5282524642262025,0.0,126.0
