feature,value,importance,left,right,rec,rule,min,max
CountClassCoupled,33.0,0.06594644882540379,0.0,20.500994623023644,-1,20.500994623023644 < CountClassCoupled <= 42.45816087256249,0.0,126.0
MAJOR_LINE,2.0,0.048233660095998165,0.0,1.498903175727984,-1,1.498903175727984 < MAJOR_LINE <= 2.503347321568387,0.0,10.0
OWN_LINE,0.978319783197832,-0.04114926553067127,1.0,1.0,1,OWN_LINE > 0.9680591083803126,0.281553398058252,1.0
