feature,value,importance,left,right,rec,rule,min,max
MAJOR_LINE,0.0,-0.058691204740963024,0.49445902988758095,10.0,1,MAJOR_LINE <= 0.49445902988758095,0.0,10.0
OWN_LINE,1.0,-0.049456444300538,1.0,1.0,1,OWN_LINE > 0.9680591083803126,0.281553398058252,1.0
CountClassCoupled,8.0,-0.006113854683953805,12.516570532282248,126.0,1,6.5282524642262025 < CountClassCoupled <= 12.516570532282248,0.0,126.0
