feature,value,importance,left,right,rec,rule,min,max
OWN_LINE,1.0,-0.059930716035745846,1.0,1.0,1,OWN_LINE > 0.9680591083803126,0.281553398058252,1.0
MAJOR_LINE,0.0,-0.0563710344154899,0.49445902988758095,10.0,1,MAJOR_LINE <= 0.49445902988758095,0.0,10.0
CountClassCoupled,3.0,-0.015129299816993041,6.5282524642262025,126.0,1,0.5399343961701559 < CountClassCoupled <= 6.5282524642262025,0.0,126.0
