feature,value,importance,left,right,rec,rule,min,max
CountDeclClass,1.0,-0.10415400038167115,1.5005966587345618,13.0,1,CountDeclClass <= 1.5005966587345618,1.0,13.0
MAJOR_LINE,0.0,-0.06840967116405439,0.49445902988758095,10.0,1,MAJOR_LINE <= 0.49445902988758095,0.0,10.0
OWN_LINE,1.0,-0.059265045180860794,1.0,1.0,1,OWN_LINE > 0.9680591083803126,0.281553398058252,1.0
CountClassCoupled,3.0,-0.021360246712382704,6.5282524642262025,126.0,1,0.5399343961701559 < CountClassCoupled <= 6.5282524642262025,0.0,126.0
