feature,value,importance,left,right,rec,rule,min,max
CountDeclClass,1.0,-0.08878684791331835,1.5005966587345618,13.0,1,CountDeclClass <= 1.5005966587345618,1.0,13.0
MAJOR_LINE,0.0,-0.053175291873891924,0.49445902988758095,10.0,1,MAJOR_LINE <= 0.49445902988758095,0.0,10.0
CountClassCoupled,0.0,-0.01190494725006941,0.5399343961701559,126.0,1,CountClassCoupled <= 0.5399343961701559,0.0,126.0
OWN_LINE,0.948051948051948,-0.011030632571818171,0.9680591083803126,1.0,1,0.8930537701690927 < OWN_LINE <= 0.9680591083803126,0.281553398058252,1.0
