feature,value,importance,left,right,rec,rule,min,max
OWN_LINE,0.351164254247955,0.22273989119103182,0.281553398058252,0.281553398058252,-1,OWN_LINE <= 0.41251109484975157,0.281553398058252,1.0
MAJOR_LINE,8.0,0.1613067025040661,0.0,5.505000175998428,-1,MAJOR_LINE > 5.505000175998428,0.0,10.0
CountClassCoupled,23.0,0.07526763906074244,0.0,20.500994623023644,-1,20.500994623023644 < CountClassCoupled <= 42.45816087256249,0.0,126.0
