feature,value,importance,left,right,rec,rule,min,max
CountDeclClass,1.0,-0.1132663878599,1.5005966587345618,13.0,1,CountDeclClass <= 1.5005966587345618,1.0,13.0
OWN_LINE,0.486187845303867,0.0737644919548044,0.281553398058252,0.441750463982939,-1,0.441750463982939 < OWN_LINE <= 0.571420709704031,0.281553398058252,1.0
MAJOR_LINE,1.0,-0.05269779471668841,1.498903175727984,10.0,1,0.49445902988758095 < MAJOR_LINE <= 1.498903175727984,0.0,10.0
CountClassCoupled,6.0,-0.023853966397913724,6.5282524642262025,126.0,1,0.5399343961701559 < CountClassCoupled <= 6.5282524642262025,0.0,126.0
