feature,value,importance,left,right,rec,rule,min,max
MAJOR_LINE,12.0,0.16870629965103612,0.0,5.505000175998428,-1,MAJOR_LINE > 5.505000175998428,0.0,10.0
CountClassCoupled,128.0,0.07760043120040247,0.0,45.50484901245065,-1,CountClassCoupled > 45.50484901245065,0.0,126.0
OWN_LINE,0.832226648959717,0.009007767838569315,0.281553398058252,0.8116920473637016,-1,0.8116920473637016 < OWN_LINE <= 0.8930537701690927,0.281553398058252,1.0
