feature,value,importance,left,right,rec,rule,min,max
MAJOR_LINE,3.0,0.19974253930061286,0.0,2.503347321568387,-1,2.503347321568387 < MAJOR_LINE <= 5.505000175998428,0.0,10.0
CountClassCoupled,27.0,0.0639276536238329,0.0,20.500994623023644,-1,20.500994623023644 < CountClassCoupled <= 42.45816087256249,0.0,126.0
OWN_LINE,0.876923076923077,0.011393678119430584,0.281553398058252,0.8116920473637016,-1,0.8116920473637016 < OWN_LINE <= 0.8930537701690927,0.281553398058252,1.0
