feature,value,importance,left,right,rec,rule,min,max
MAJOR_LINE,3.0,0.19590794435012926,0.0,2.503347321568387,-1,2.503347321568387 < MAJOR_LINE <= 5.505000175998428,0.0,10.0
CountClassCoupled,12.0,0.0042521805472554635,0.0,6.5282524642262025,-1,6.5282524642262025 < CountClassCoupled <= 12.516570532282248,0.0,126.0
OWN_LINE,0.932515337423313,0.0018219489065770306,0.281553398058252,0.8930537701690927,-1,0.8930537701690927 < OWN_LINE <= 0.9680591083803126,0.281553398058252,1.0
