feature,value,importance,left,right,rec,rule,min,max
MAJOR_LINE,4.0,0.19571508354894804,0.0,2.503347321568387,-1,2.503347321568387 < MAJOR_LINE <= 5.505000175998428,0.0,10.0
CountClassCoupled,30.0,0.030497359579567007,0.0,20.500994623023644,-1,20.500994623023644 < CountClassCoupled <= 42.45816087256249,0.0,126.0
OWN_LINE,0.944356120826709,0.0032140866419800786,0.281553398058252,0.8930537701690927,-1,0.8930537701690927 < OWN_LINE <= 0.9680591083803126,0.281553398058252,1.0
