feature,value,importance,left,right,rec,rule,min,max
MAJOR_LINE,1.0,-0.0560252697456777,1.498903175727984,10.0,1,0.49445902988758095 < MAJOR_LINE <= 1.498903175727984,0.0,10.0
CountClassCoupled,17.0,0.03790763595913452,0.0,12.516570532282248,-1,12.516570532282248 < CountClassCoupled <= 20.500994623023644,0.0,126.0
OWN_LINE,0.87037037037037,0.015602445084696496,0.281553398058252,0.8116920473637016,-1,0.8116920473637016 < OWN_LINE <= 0.8930537701690927,0.281553398058252,1.0
