feature,value,importance,left,right,rec,rule,min,max
MAJOR_LINE,8.0,0.2460808849535568,0.0,7.503675252679776,-1,MAJOR_LINE > 7.503675252679776,0.0,12.0
CountLineComment,1444.0,0.15162948477742655,15.0,430.39806709852445,-1,CountLineComment > 430.39806709852445,15.0,3419.0
OWN_COMMIT,1.0,-0.03258274132303311,1.0,1.0,1,OWN_COMMIT > 0.9396574894715668,0.0,1.0
CountDeclMethodPublic,77.0,0.027198409977172176,0.0,46.44782433188537,-1,CountDeclMethodPublic > 46.44782433188537,0.0,205.0
