feature,value,importance,left,right,rec,rule,min,max
MAJOR_LINE,11.0,0.2560619484162046,0.0,7.503675252679776,-1,MAJOR_LINE > 7.503675252679776,0.0,12.0
CountLineComment,1278.0,0.1637995598215578,15.0,430.39806709852445,-1,CountLineComment > 430.39806709852445,15.0,3419.0
OWN_COMMIT,0.5,0.05454162666068232,0.0,0.4850342113498225,-1,0.4850342113498225 < OWN_COMMIT <= 0.9396574894715668,0.0,1.0
CountDeclMethodPublic,129.0,0.04934696690519526,0.0,46.44782433188537,-1,CountDeclMethodPublic > 46.44782433188537,0.0,205.0
CountClassCoupled,66.0,0.024478700197748227,0.0,42.45780664986833,-1,CountClassCoupled > 42.45780664986833,0.0,128.0
