feature,value,importance,left,right,rec,rule,min,max
MAJOR_LINE,6.0,0.21761432845860113,0.0,4.497171535648503,-1,4.497171535648503 < MAJOR_LINE <= 7.503675252679776,0.0,12.0
CountLineComment,617.0,0.13961854422935221,15.0,430.39806709852445,-1,CountLineComment > 430.39806709852445,15.0,3419.0
OWN_COMMIT,1.0,-0.03712829347250682,1.0,1.0,1,OWN_COMMIT > 0.9396574894715668,0.0,1.0
CountClassCoupled,79.0,0.01993128004786808,0.0,42.45780664986833,-1,CountClassCoupled > 42.45780664986833,0.0,128.0
