feature,value,importance,left,right,rec,rule,min,max
MAJOR_LINE,14.0,0.2186379284117972,0.0,7.503675252679776,-1,MAJOR_LINE > 7.503675252679776,0.0,12.0
CountLineComment,454.0,0.1388350447246252,15.0,430.39806709852445,-1,CountLineComment > 430.39806709852445,15.0,3419.0
OWN_COMMIT,0.6,0.04036549817170847,0.0,0.4850342113498225,-1,0.4850342113498225 < OWN_COMMIT <= 0.9396574894715668,0.0,1.0
CountDeclMethodPublic,0.0,0.01685836697032974,0.0,0.0,-1,CountDeclMethodPublic <= 2.4918481128777863,0.0,205.0
CountClassCoupled,0.0,-0.0015292875906844031,0.5078850476590215,128.0,1,CountClassCoupled <= 0.5078850476590215,0.0,128.0
