feature,value,importance,left,right,rec,rule,min,max
MAJOR_LINE,2.0,0.052331357828565836,0.0,1.505625548552707,-1,1.505625548552707 < MAJOR_LINE <= 2.492835724294319,0.0,12.0
CountLineComment,191.0,0.043938007124274994,15.0,78.53844352964126,-1,78.53844352964126 < CountLineComment <= 252.3227698045165,15.0,3419.0
CountDeclMethodPublic,15.0,0.023259229013110134,0.0,13.480842167629682,-1,13.480842167629682 < CountDeclMethodPublic <= 21.569962791266494,0.0,205.0
OWN_COMMIT,0.0,-0.015590665049732092,0.0823678792991347,1.0,1,OWN_COMMIT <= 0.0823678792991347,0.0,1.0
