feature,value,importance,left,right,rec,rule,min,max
MAJOR_LINE,3.0,0.07275088359933862,0.0,2.492835724294319,-1,2.492835724294319 < MAJOR_LINE <= 4.497171535648503,0.0,12.0
CountDeclMethodPublic,5.0,-0.017898844539019153,6.460095965982637,205.0,1,2.4918481128777863 < CountDeclMethodPublic <= 6.460095965982637,0.0,205.0
OWN_COMMIT,0.0,-0.004520337128400384,0.0823678792991347,1.0,1,OWN_COMMIT <= 0.0823678792991347,0.0,1.0
CountClassCoupled,8.0,-0.001031343220093218,9.533785050090364,128.0,1,0.5078850476590215 < CountClassCoupled <= 9.533785050090364,0.0,128.0
