feature,value,importance,left,right,rec,rule,min,max
MAJOR_LINE,7.0,0.22515620653048737,0.0,4.497171535648503,-1,4.497171535648503 < MAJOR_LINE <= 7.503675252679776,0.0,12.0
CountLineComment,1668.0,0.14243943031241615,15.0,430.39806709852445,-1,CountLineComment > 430.39806709852445,15.0,3419.0
OWN_COMMIT,0.0,-0.010197848524656626,0.0823678792991347,1.0,1,OWN_COMMIT <= 0.0823678792991347,0.0,1.0
CountClassCoupled,12.0,0.0019642428459127653,0.0,11.482558914251676,-1,11.482558914251676 < CountClassCoupled <= 16.508344142878215,0.0,128.0
