feature,value,importance,left,right,rec,rule,min,max
MAJOR_LINE,5.0,0.22779879318948223,0.0,4.497171535648503,-1,4.497171535648503 < MAJOR_LINE <= 7.503675252679776,0.0,12.0
CountLineComment,478.0,0.153486614208245,15.0,430.39806709852445,-1,CountLineComment > 430.39806709852445,15.0,3419.0
CountDeclMethodPublic,53.0,0.072608304855243,0.0,46.44782433188537,-1,CountDeclMethodPublic > 46.44782433188537,0.0,205.0
OWN_COMMIT,1.0,-0.026507357610773736,1.0,1.0,1,OWN_COMMIT > 0.9396574894715668,0.0,1.0
CountClassCoupled,11.0,0.004167826890954312,0.0,9.533785050090364,-1,9.533785050090364 < CountClassCoupled <= 11.482558914251676,0.0,128.0
