feature,value,importance,left,right,rec,rule,min,max
MAJOR_LINE,3.0,0.06511446801937804,0.0,2.492835724294319,-1,2.492835724294319 < MAJOR_LINE <= 4.497171535648503,0.0,12.0
OWN_COMMIT,1.0,-0.03305902714616094,1.0,1.0,1,OWN_COMMIT > 0.9396574894715668,0.0,1.0
CountLineComment,52.0,-0.019279998038364183,78.53844352964126,3419.0,1,48.501646395712186 < CountLineComment <= 78.53844352964126,15.0,3419.0
CountDeclMethodPublic,16.0,0.008427904526142838,0.0,13.480842167629682,-1,13.480842167629682 < CountDeclMethodPublic <= 21.569962791266494,0.0,205.0
CountClassCoupled,7.0,-0.0058607523994200356,9.533785050090364,128.0,1,0.5078850476590215 < CountClassCoupled <= 9.533785050090364,0.0,128.0
