feature,value,importance,left,right,rec,rule,min,max
MAJOR_LINE,10.0,0.2261927514202867,0.0,7.503675252679776,-1,MAJOR_LINE > 7.503675252679776,0.0,12.0
CountLineComment,724.0,0.16554710700060013,15.0,430.39806709852445,-1,CountLineComment > 430.39806709852445,15.0,3419.0
CountDeclMethodPublic,57.0,0.051387641360704346,0.0,46.44782433188537,-1,CountDeclMethodPublic > 46.44782433188537,0.0,205.0
CountClassCoupled,21.0,0.02128144783450373,0.0,16.508344142878215,-1,16.508344142878215 < CountClassCoupled <= 24.508573690487815,0.0,128.0
OWN_COMMIT,0.0,-0.01276064853654445,0.0823678792991347,1.0,1,OWN_COMMIT <= 0.0823678792991347,0.0,1.0
