feature,value,importance,left,right,rec,rule,min,max
MAJOR_LINE,15.0,0.21574343976769705,0.0,7.503675252679776,-1,MAJOR_LINE > 7.503675252679776,0.0,12.0
CountLineComment,2751.0,0.13368842763045813,15.0,430.39806709852445,-1,CountLineComment > 430.39806709852445,15.0,3419.0
OWN_COMMIT,1.0,-0.028086607673541583,1.0,1.0,1,OWN_COMMIT > 0.9396574894715668,0.0,1.0
CountClassCoupled,73.0,0.020912070066257508,0.0,42.45780664986833,-1,CountClassCoupled > 42.45780664986833,0.0,128.0
