feature,value,importance,left,right,rec,rule,min,max
MAJOR_LINE,2.0,0.05014398734998402,0.0,1.505625548552707,-1,1.505625548552707 < MAJOR_LINE <= 2.492835724294319,0.0,12.0
CountLineComment,194.0,0.03584776354223616,15.0,78.53844352964126,-1,78.53844352964126 < CountLineComment <= 252.3227698045165,15.0,3419.0
OWN_COMMIT,1.0,-0.03452159719428156,1.0,1.0,1,OWN_COMMIT > 0.9396574894715668,0.0,1.0
CountDeclMethodPublic,2.0,0.011092957900073532,0.0,0.0,-1,CountDeclMethodPublic <= 2.4918481128777863,0.0,205.0
