feature,value,importance,left,right,rec,rule,min,max
MAJOR_LINE,0.0,-0.08572423293872229,0.5034576428756157,12.0,1,MAJOR_LINE <= 0.5034576428756157,0.0,12.0
OWN_COMMIT,1.0,-0.034245454467246784,1.0,1.0,1,OWN_COMMIT > 0.9396574894715668,0.0,1.0
CountDeclMethodPublic,13.0,-0.008658693038030674,13.480842167629682,205.0,1,10.42834381908749 < CountDeclMethodPublic <= 13.480842167629682,0.0,205.0
CountClassCoupled,8.0,-0.00488948476733565,9.533785050090364,128.0,1,0.5078850476590215 < CountClassCoupled <= 9.533785050090364,0.0,128.0
