feature,value,importance,left,right,rec,rule,min,max
MAJOR_LINE,0.0,-0.07703400247131285,0.5034576428756157,12.0,1,MAJOR_LINE <= 0.5034576428756157,0.0,12.0
OWN_COMMIT,1.0,-0.03161998838433852,1.0,1.0,1,OWN_COMMIT > 0.9396574894715668,0.0,1.0
CountLineComment,41.0,-0.024891533529176436,48.501646395712186,3419.0,1,33.483247828747665 < CountLineComment <= 48.501646395712186,15.0,3419.0
CountDeclMethodPublic,4.0,-0.023479855169824954,6.460095965982637,205.0,1,2.4918481128777863 < CountDeclMethodPublic <= 6.460095965982637,0.0,205.0
CountClassCoupled,4.0,-0.020325240114508425,9.533785050090364,128.0,1,0.5078850476590215 < CountClassCoupled <= 9.533785050090364,0.0,128.0
