feature,value,importance,left,right,rec,rule,min,max
CountLineComment,311.0,0.10541938591691186,15.0,254.46825531408285,-1,254.46825531408285 < CountLineComment <= 430.39806709852445,15.0,3419.0
MAJOR_LINE,2.0,0.045139449180160385,0.0,1.505625548552707,-1,1.505625548552707 < MAJOR_LINE <= 2.492835724294319,0.0,12.0
OWN_COMMIT,1.0,-0.03757010154043508,1.0,1.0,1,OWN_COMMIT > 0.9396574894715668,0.0,1.0
CountClassCoupled,34.0,0.018935863232608843,0.0,24.508573690487815,-1,24.508573690487815 < CountClassCoupled <= 42.45780664986833,0.0,128.0
CountDeclMethodPublic,15.0,0.017497558752378427,0.0,13.480842167629682,-1,13.480842167629682 < CountDeclMethodPublic <= 21.569962791266494,0.0,205.0
