feature,value,importance,min,max,rule,importance_ratio
CountLineComment,119.0,0.16854081573160373,0.0,3673.0,CountLineComment > 115.54619362143157,0.27333052335920754
MINOR_COMMIT,0.0,-0.08263815888929783,0.0,1.0,MINOR_COMMIT <= 0.5001844411582251,0.13401816717573684
MINOR_LINE,3.0,0.04524590882870317,1.0,7.0,2.4979493036941283 < MINOR_LINE <= 3.4962585775144284,0.07337740645391587
CountInput_Mean,9.09090909090909,0.04376113184674222,0.0,37.75,4.40326237884732 < CountInput_Mean <= 13.536697610675194,0.07096947418071879
CountClassCoupled,23.0,0.042037261567603686,0.0,207.0,17.521480766172985 < CountClassCoupled <= 59.045190785127026,0.06817379312533177
