feature,value,importance,min,max,rule,importance_ratio
CountLineComment,158.0,0.17099602236762548,0.0,3673.0,CountLineComment > 115.54619362143157,0.26352295359377204
MINOR_COMMIT,0.0,-0.06871699571142466,0.0,1.0,MINOR_COMMIT <= 0.5001844411582251,0.10590015733251149
OWN_COMMIT,0.5,0.0650317668966741,0.0,1.0,0.47314245730383975 < OWN_COMMIT <= 0.8757602249511109,0.1002208300096567
MINOR_LINE,5.0,0.05913371465299436,1.0,7.0,4.494567851334727 < MINOR_LINE <= 5.505201931004661,0.09113130777291532
PercentLackOfCohesion,100.0,-0.04362381699219951,0.0,100.0,PercentLackOfCohesion > 99.5594681206226,0.06722891527911412
