feature,value,importance,min,max,rule,importance_ratio
CountLineComment,22.0,-0.07350529341649169,0.0,3673.0,13.418443119147476 < CountLineComment <= 24.029118496008167,0.158241486720023
MINOR_COMMIT,0.0,-0.05761302210503608,0.0,1.0,MINOR_COMMIT <= 0.5001844411582251,0.12402875831917998
MINOR_LINE,1.0,-0.04904541608264916,1.0,7.0,MINOR_LINE <= 1.4996400298738282,0.10558449870739872
CountInput_Mean,1.83333333333333,-0.03912863685046479,0.0,37.75,1.0785390936212744 < CountInput_Mean <= 3.103945232896912,0.08423575202212903
RatioCommentToCode,0.34,0.03199536848832532,0.0,43.0,0.23823116827760005 < RatioCommentToCode <= 0.3663808634794856,0.06887932069136721
