feature,value,importance,min,max,rule,importance_ratio
RatioCommentToCode,0.09,0.3553416128875209,0.0,43.0,RatioCommentToCode <= 0.11008147307571425,0.4862646963744119
MINOR_COMMIT,0.0,-0.05998361872265522,0.0,1.0,MINOR_COMMIT <= 0.5001844411582251,0.0820841553247612
MINOR_LINE,1.0,-0.04933595111136939,1.0,7.0,MINOR_LINE <= 1.4996400298738282,0.06751343050583472
CountClassCoupled,18.0,0.046411143825086175,0.0,207.0,17.521480766172985 < CountClassCoupled <= 59.045190785127026,0.06351099883040816
MAJOR_LINE,0.0,-0.026560829758614,0.0,13.0,MAJOR_LINE <= 0.4986009014000341,0.036346978089822415
