feature,value,importance,min,max,rule,importance_ratio
RatioCommentToCode,0.05,0.3628050001950645,0.0,43.0,RatioCommentToCode <= 0.11008147307571425,0.32183475136232476
CountLineComment,145.0,0.1735085387550325,0.0,3673.0,CountLineComment > 115.54619362143157,0.15391485067582544
CountClassBase,4.0,0.14147399796498783,0.0,5.0,3.49747774359187 < CountClassBase <= 4.50391945648793,0.12549785403954114
OWN_COMMIT,0.666666666666667,0.07227962097071983,0.0,1.0,0.47314245730383975 < OWN_COMMIT <= 0.8757602249511109,0.0641173463187323
MINOR_COMMIT,0.0,-0.05709704615621783,0.0,1.0,MINOR_COMMIT <= 0.5001844411582251,0.050649284445720616
