feature,value,importance,min,max,rule,importance_ratio
RatioCommentToCode,0.11,0.3584411031288762,0.0,43.0,RatioCommentToCode <= 0.11008147307571425,0.38594465265722633
CountClassBase,4.0,0.1429752046308846,0.0,5.0,3.49747774359187 < CountClassBase <= 4.50391945648793,0.15394583714921403
MINOR_COMMIT,0.0,-0.06222197627691861,0.0,1.0,MINOR_COMMIT <= 0.5001844411582251,0.06699633164896074
CountPath_Min,0.0,0.04887998344738721,0.0,24.0,CountPath_Min <= 0.4943844163258917,0.052630594172426694
MINOR_LINE,1.0,-0.048354606061676506,1.0,7.0,MINOR_LINE <= 1.4996400298738282,0.052064904046846494
