feature,value,importance,min,max,rule,importance_ratio
CountLineComment,228.0,0.16645394101427957,0.0,3673.0,CountLineComment > 115.54619362143157,0.23964919100045196
MINOR_COMMIT,0.0,-0.07956084001683703,0.0,1.0,MINOR_COMMIT <= 0.5001844411582251,0.11454634735092097
OWN_COMMIT,0.833333333333333,0.06631024861008519,0.0,1.0,0.47314245730383975 < OWN_COMMIT <= 0.8757602249511109,0.0954690368856001
MAJOR_LINE,9.0,0.061336604638140294,0.0,13.0,MAJOR_LINE > 8.50344203197641,0.08830831874977287
CountInput_Mean,5.18604651162791,0.04416933155020358,0.0,37.75,4.40326237884732 < CountInput_Mean <= 13.536697610675194,0.06359203337894512
