feature,value,importance,min,max,rule,importance_ratio
CountLineComment,326.0,0.16785108245009808,0.0,3673.0,CountLineComment > 115.54619362143157,0.19508677429480942
CountClassBase,4.0,0.12711758661626127,0.0,5.0,3.49747774359187 < CountClassBase <= 4.50391945648793,0.14774381890852656
OWN_COMMIT,0.4,0.07407206028056092,0.0,1.0,0.1422783512174683 < OWN_COMMIT <= 0.47314245730383975,0.08609107009960103
MINOR_COMMIT,0.0,-0.07264621699955123,0.0,1.0,MINOR_COMMIT <= 0.5001844411582251,0.08443386799949062
CountPath_Min,0.0,0.05135580756970586,0.0,24.0,CountPath_Min <= 0.4943844163258917,0.0596888545121981
