feature,value,importance,min,max,rule,importance_ratio
MINOR_COMMIT,0.0,-0.08549775144355198,0.0,1.0,MINOR_COMMIT <= 0.5001844411582251,0.18401488476413463
CountClassCoupled,29.0,0.04322241182803637,0.0,207.0,17.521480766172985 < CountClassCoupled <= 59.045190785127026,0.09302662347810692
PercentLackOfCohesion,0.0,0.042613257572122774,0.0,100.0,PercentLackOfCohesion <= 4.428887024983929,0.0917155544930994
CountInput_Mean,1.875,-0.03781804763300681,0.0,37.75,1.0785390936212744 < CountInput_Mean <= 3.103945232896912,0.08139493214376385
RatioCommentToCode,0.31,0.03215689075864612,0.0,43.0,0.23823116827760005 < RatioCommentToCode <= 0.3663808634794856,0.06921055170944385
