feature,value,importance,min,max,rule,importance_ratio
RatioCommentToCode,0.16,0.2529479096742821,0.0,43.0,0.11008147307571425 < RatioCommentToCode <= 0.1741563206766571,0.28557189054125537
CountLineComment,373.0,0.16196004863985036,0.0,3673.0,CountLineComment > 115.54619362143157,0.18284886141890988
MINOR_COMMIT,0.0,-0.08729749267047608,0.0,1.0,MINOR_COMMIT <= 0.5001844411582251,0.09855669514534007
OWN_COMMIT,0.5,0.06476576277608842,0.0,1.0,0.47314245730383975 < OWN_COMMIT <= 0.8757602249511109,0.0731189332306805
MINOR_LINE,6.0,0.05865574459967603,1.0,7.0,5.505201931004661 < MINOR_LINE <= 6.50351120482496,0.06622087487500426
