feature,value,importance,min,max,rule,importance_ratio
RatioCommentToCode,0.21,0.10165134575832478,0.0,43.0,0.1741563206766571 < RatioCommentToCode <= 0.23823116827760005,0.18953626051463623
OWN_COMMIT,0.666666666666667,0.06761145295870885,0.0,1.0,0.47314245730383975 < OWN_COMMIT <= 0.8757602249511109,0.1260664270222457
MINOR_COMMIT,0.0,-0.06313137392920926,0.0,1.0,MINOR_COMMIT <= 0.5001844411582251,0.11771299677765047
MINOR_LINE,3.0,0.04473208883408439,1.0,7.0,2.4979493036941283 < MINOR_LINE <= 3.4962585775144284,0.08340620362054116
CountDeclInstanceVariable,8.0,-0.02871864011759661,0.0,1245.0,4.297534098331588 < CountDeclInstanceVariable <= 8.40266935989791,0.05354797434650883
