feature,value,importance,min,max,rule,importance_ratio
OWN_COMMIT,0.0,0.347073378873076,0.333333333333333,1.0,OWN_COMMIT <= 0.5145864139598059,0.37930023436525767
CountDeclMethodPrivate,2.0,0.09245502724414535,0.0,21.0,1.5037162751215007 < CountDeclMethodPrivate <= 2.499077003230803,0.10103976748609977
CountClassBase,5.0,0.05699942847180948,0.0,8.0,3.498430361850358 < CountClassBase <= 6.998499396918749,0.06229200478654235
RatioCommentToCode,1.0,-0.04791595533190771,0.03,13.17,0.7111032140919792 < RatioCommentToCode <= 2.742693543954961,0.05236510257928541
ADEV,0.0,-0.04677393287741689,1.0,23.0,ADEV <= 2.508258838423875,0.05111703974587183
