feature,value,importance,min,max,rule,importance_ratio
OWN_COMMIT,0.0,0.3213685084434302,0.333333333333333,1.0,OWN_COMMIT <= 0.5145864139598059,0.39300249802575155
CountDeclMethodProtected,15.0,0.10823907406507069,0.0,40.0,10.501345059289019 < CountDeclMethodProtected <= 18.515834976095164,0.13236588332068958
RatioCommentToCode,0.22,0.04808069397487568,0.03,13.17,0.16934579279518402 < RatioCommentToCode <= 0.28015981078771035,0.058798022651507055
ADEV,0.0,-0.04649728430046954,1.0,23.0,ADEV <= 2.508258838423875,0.05686166628462522
CountDeclMethodPrivate,0.0,-0.03644800357981906,0.0,21.0,CountDeclMethodPrivate <= 0.4980940962069478,0.04457237121428118
