feature,value,importance,min,max,rule,importance_ratio
OWN_COMMIT,0.764705882352941,0.2755995358991929,0.333333333333333,1.0,0.6568210184374299 < OWN_COMMIT <= 0.788684349671894,0.3096418573395363
ADEV,17.0,0.1474626513491085,1.0,23.0,ADEV > 13.001711795655172,0.16567738077995856
CountDeclMethodProtected,8.0,0.06766157537540043,0.0,40.0,5.513073326837062 < CountDeclMethodProtected <= 10.501345059289019,0.0760191986586701
MINOR_COMMIT,0.0,0.05997730097822966,0.0,1.0,MINOR_COMMIT <= 0.49994445525106007,0.06738575524998121
CountClassCoupled,25.0,0.05548029453106403,0.0,72.0,17.51744165860055 < CountClassCoupled <= 26.52683212878574,0.062333274213592374
