feature,value,importance,min,max,rule,importance_ratio
OWN_COMMIT,0.0,0.3193380284773722,0.333333333333333,1.0,OWN_COMMIT <= 0.5145864139598059,0.3608614533842546
MINOR_COMMIT,0.0,-0.12186028624437399,0.0,1.0,MINOR_COMMIT <= 0.49994445525106007,0.13770574151046364
RatioCommentToCode,0.19,0.04701758344598637,0.03,13.17,0.16934579279518402 < RatioCommentToCode <= 0.28015981078771035,0.053131265254668394
CountDeclMethodPublic,41.0,0.04141207153278196,0.0,129.0,28.511725725366688 < CountDeclMethodPublic <= 55.48663978166802,0.046796870364067295
ADEV,0.0,-0.04054088799167936,1.0,23.0,ADEV <= 2.508258838423875,0.04581240709702172
