feature,value,importance,min,max,rule,importance_ratio
OWN_COMMIT,1.0,-0.29084983655181995,0.333333333333333,1.0,OWN_COMMIT > 0.9368453960027526,0.34560604231787034
ADEV,9.0,0.1698826076036371,1.0,23.0,7.50418577217262 < ADEV <= 13.001711795655172,0.20186518365834505
CountClassCoupled,18.0,0.07879819741906859,0.0,72.0,17.51744165860055 < CountClassCoupled <= 26.52683212878574,0.09363296701366537
RatioCommentToCode,0.1,0.04253885558237224,0.03,13.17,RatioCommentToCode <= 0.12009511813183904,0.050547339812363125
AvgCyclomaticModified,3.0,0.03500977741405823,0.0,14.0,1.4992287643594169 < AvgCyclomaticModified <= 4.5018610240061365,0.041600816276706
