feature,value,importance,left,right,rec,rule,min,max
OWN_COMMIT,0.888888888888889,0.015309464381753192,0.0,0.1235272457668039,-1,0.1235272457668039 < OWN_COMMIT <= 0.9231694651958171,0.0,1.0
MaxNesting_Mean,0.73469387755102,0.0057388575112870465,0.0,0.11681451905522194,-1,0.11681451905522194 < MaxNesting_Mean <= 1.4436052574965041,0.0,4.0
CountClassCoupled,15.0,0.004975922049452745,0.0,11.526431435925135,-1,11.526431435925135 < CountClassCoupled <= 21.451774790022068,0.0,179.0
PercentLackOfCohesion,94.0,-0.0017256655533284206,100.0,100.0,1,PercentLackOfCohesion > 91.4949723320631,0.0,100.0
CountOutput_Mean,6.52380952380952,0.0014174756361212324,0.0,5.854835329245367,-1,CountOutput_Mean > 5.854835329245367,0.0,23.0
