feature,value,importance,left,right,rec,rule,min,max
CountClassCoupled,159.0,0.02730386648269741,0.0,35.479593397145734,-1,CountClassCoupled > 35.479593397145734,0.0,179.0
OWN_COMMIT,0.821696252465483,0.006684652226234501,0.0,0.1235272457668039,-1,0.1235272457668039 < OWN_COMMIT <= 0.9231694651958171,0.0,1.0
PercentLackOfCohesion,100.0,-0.006301820660830315,100.0,100.0,1,PercentLackOfCohesion > 91.4949723320631,0.0,100.0
MaxNesting_Mean,0.254545454545455,0.0010604605831641954,0.0,0.11681451905522194,-1,0.11681451905522194 < MaxNesting_Mean <= 1.4436052574965041,0.0,4.0
CountOutput_Mean,2.90520446096654,0.000934720126046654,0.0,2.760764501646995,-1,2.760764501646995 < CountOutput_Mean <= 4.904687594786025,0.0,23.0
