feature,value,importance,left,right,rec,rule,min,max
CountClassCoupled,64.0,0.030514112022175376,0.0,35.479593397145734,-1,CountClassCoupled > 35.479593397145734,0.0,179.0
OWN_COMMIT,0.87823275862069,0.013881832023850384,0.0,0.1235272457668039,-1,0.1235272457668039 < OWN_COMMIT <= 0.9231694651958171,0.0,1.0
PercentLackOfCohesion,97.0,-0.0040677805054020345,100.0,100.0,1,PercentLackOfCohesion > 91.4949723320631,0.0,100.0
MaxNesting_Mean,1.12252964426877,0.004066860825970921,0.0,0.11681451905522194,-1,0.11681451905522194 < MaxNesting_Mean <= 1.4436052574965041,0.0,4.0
CountOutput_Mean,7.72357723577236,0.002479686395148055,0.0,5.854835329245367,-1,CountOutput_Mean > 5.854835329245367,0.0,23.0
