feature,value,importance,min,max,rule,importance_ratio
CountClassCoupled,16.0,0.05101086520547438,0.0,57.0,9.520684688706993 < CountClassCoupled <= 27.481650794907907,0.1725805857692552
Del_lines,17.0,0.02903294321945866,0.0,1022.0,5.790636054362064 < Del_lines <= 31.539975543465964,0.09822461013427355
RatioCommentToCode,0.25,0.02860771678856498,0.17,15.6,0.23092925542923726 < RatioCommentToCode <= 0.8494220958511125,0.09678597884988738
CountDeclMethodProtected,3.0,0.026078183192259744,0.0,41.0,1.5079935839861407 < CountDeclMethodProtected <= 4.496676234497587,0.08822802971464083
MAJOR_LINE,5.0,0.02252213241479317,0.0,8.0,4.506030950609463 < MAJOR_LINE <= 6.499009783459988,0.07619715504258105
