feature,value,importance,min,max,rule,importance_ratio
MAJOR_LINE,8.0,0.08828710364552583,0.0,8.0,MAJOR_LINE > 6.499009783459988,0.20107290659239138
Del_lines,54.0,0.07846537884040711,0.0,1022.0,37.528194029304075 < Del_lines <= 438.7388325804579,0.178704036476944
CountLineComment,239.0,0.03893426108693474,16.0,1660.0,162.71438374811135 < CountLineComment <= 299.70030732394997,0.08867235099487539
CountClassCoupled,57.0,0.038113635842090585,0.0,57.0,CountClassCoupled > 27.481650794907907,0.08680338603407649
RatioCommentToCode,0.37,0.028096702807889312,0.17,15.6,0.23092925542923726 < RatioCommentToCode <= 0.8494220958511125,0.0639899313259577
