feature,value,importance,min,max,rule,importance_ratio
CountClassCoupled,21.0,0.04804263047485726,0.0,57.0,9.520684688706993 < CountClassCoupled <= 27.481650794907907,0.1279756263149898
CountLineComment,182.0,0.03830211797046941,16.0,1660.0,162.71438374811135 < CountLineComment <= 299.70030732394997,0.10202891656872816
CountDeclMethodPrivate,7.0,0.03678802389940307,0.0,35.0,5.504332701312125 < CountDeclMethodPrivate <= 9.50662890126653,0.09799568326885849
CountDeclMethodProtected,0.0,-0.032450684641291326,0.0,41.0,CountDeclMethodProtected <= 0.49643945612072815,0.0864419089935732
Del_lines,27.0,0.029806075095059816,0.0,1022.0,5.790636054362064 < Del_lines <= 31.539975543465964,0.07939721640092463
