feature,value,importance,min,max,rule,importance_ratio
MAJOR_LINE,9.0,0.09445662468928874,0.0,8.0,MAJOR_LINE > 6.499009783459988,0.14753589580049736
MINOR_COMMIT,1.0,0.0806490423641577,0.0,5.0,0.49889039260044454 < MINOR_COMMIT <= 2.501065170347495,0.12596923455383172
Del_lines,100.0,0.07980763758520854,0.0,1022.0,37.528194029304075 < Del_lines <= 438.7388325804579,0.12465500796356949
CountDeclMethodPrivate,11.0,0.05895768413957459,0.0,35.0,9.50662890126653 < CountDeclMethodPrivate <= 27.50246072787311,0.0920885620512893
CountDeclInstanceVariable,29.0,0.0504479645268715,0.0,53.0,CountDeclInstanceVariable > 20.497957387751576,0.07879686218162858
