feature,value,importance,min,max,rule,importance_ratio
CountDeclMethodPublic,32.0,0.030430805206182892,0.0,226.0,21.504048751561132 < CountDeclMethodPublic <= 45.488863890347744,0.16351926183398707
AvgCyclomaticModified,1.0,-0.024910443547529037,0.0,24.0,0.4963447606902517 < AvgCyclomaticModified <= 1.502257595307328,0.13385571999328952
OWN_COMMIT,0.666666666666667,0.024617079700276146,0.0,1.0,0.29250297311856827 < OWN_COMMIT <= 0.7899429007103611,0.1322793358185512
CountClassCoupled,12.0,0.018314125472170286,0.0,110.0,8.490710567615114 < CountClassCoupled <= 16.51791080861062,0.09841055003486543
CountDeclInstanceVariable,14.0,0.013605323217271106,0.0,99.0,8.484315563782589 < CountDeclInstanceVariable <= 24.490887253273584,0.07310790478356975
