feature,value,importance,min,max,rule,importance_ratio
CountDeclMethodProtected,7.0,0.04752796324222036,0.0,35.0,4.498814918141747 < CountDeclMethodProtected <= 20.496113288448125,0.1861129337683576
CountDeclMethodPrivate,5.0,0.04401368975369497,0.0,20.0,3.5025096562010516 < CountDeclMethodPrivate <= 5.498850463021016,0.17235152460212577
MAJOR_LINE,5.0,0.04204005258919981,0.0,12.0,4.495303181903716 < MAJOR_LINE <= 9.496391564715786,0.16462303430250028
CountDeclMethodPublic,23.0,0.030505710813905827,0.0,226.0,21.504048751561132 < CountDeclMethodPublic <= 45.488863890347744,0.11945614642332589
OWN_COMMIT,0.0,-0.014288079179344383,0.0,1.0,OWN_COMMIT <= 0.12380595419613416,0.05595014287547116
