feature,value,importance,min,max,rule,importance_ratio
CountDeclMethodProtected,10.0,0.05221677538012376,0.0,35.0,4.498814918141747 < CountDeclMethodProtected <= 20.496113288448125,0.17931283744400148
CountLineComment,98.0,0.036539983177008815,16.0,1598.0,94.3676611525578 < CountLineComment <= 115.43672342414604,0.12547860368489114
CountDeclMethodPrivate,9.0,0.03364406287502056,0.0,20.0,CountDeclMethodPrivate > 5.498850463021016,0.11553398947650657
CountDeclMethodPublic,34.0,0.03185368362800288,0.0,226.0,21.504048751561132 < CountDeclMethodPublic <= 45.488863890347744,0.10938581237161017
CountClassCoupled,17.0,0.03122462000860752,0.0,110.0,16.51791080861062 < CountClassCoupled <= 30.5140548185515,0.10722560271282852
