test_idx,candidate_id,CountDeclMethodPrivate,CountDeclMethodDefault,AvgEssential,CountDeclClassVariable,CountDeclClassMethod,AvgLineComment,AvgCyclomaticModified,CountDeclClass,CountDeclMethodProtected,CountDeclInstanceVariable,CountDeclMethodPublic,RatioCommentToCode,AvgLineBlank,PercentLackOfCohesion,MaxInheritanceTree,CountClassDerived,CountClassCoupled,CountClassBase,CountInput_Mean,CountInput_Min,CountOutput_Min,MaxNesting_Min,OWN_LINE,OWN_COMMIT,MAJOR_LINE,proba0,proba1
41,0,6.0,30.0,1.0,5.0,3.0,4.0,2.0,7.0,21.0,62.0,139.0,0.76,0.0,97.0,1.0,41.0,59.0,9.0,4.73053892215569,0.0,0.0,0.0,0.533424283765348,0.5,1.0,0.8402426950633889,0.15975730493661103
41,1,6.0,1.0,1.0,5.0,23.0,4.0,2.0,7.0,21.0,3.0,139.0,0.76,0.0,97.0,1.0,2.0,59.0,9.0,4.73053892215569,0.0,0.0,0.0,0.533424283765348,0.5,1.0,0.8402520095225335,0.15974799047746635
41,2,6.0,1.0,1.0,5.0,3.0,4.0,2.0,7.0,21.0,22.0,139.0,0.76,0.0,97.0,1.0,2.0,59.0,9.0,4.73053892215569,0.0,0.0,0.0,0.6,0.5,1.0,0.7306885085448861,0.269311491455114
41,3,6.0,1.0,1.0,5.0,3.0,4.0,2.0,7.0,21.0,62.0,139.0,0.89,0.0,97.0,1.0,2.0,59.0,9.0,4.73053892215569,0.0,0.0,0.0,0.533424283765348,0.5,4.0,0.5806499697835297,0.41935003021647044
41,4,6.0,1.0,1.0,5.0,3.0,4.0,2.0,7.0,21.0,18.0,139.0,0.76,0.0,97.0,1.0,2.0,59.0,9.0,4.73053892215569,0.0,0.0,0.0,0.533424283765348,0.5,1.0,0.768488981185054,0.23151101881494568
41,5,6.0,1.0,1.0,5.0,3.0,4.0,11.0,7.0,21.0,62.0,139.0,0.76,0.0,97.0,1.0,2.0,45.0,9.0,4.73053892215569,0.0,0.0,0.0,0.533424283765348,0.5,1.0,0.8271419576399339,0.17285804236006605
41,6,6.0,1.0,1.0,92.0,3.0,4.0,2.0,7.0,21.0,62.0,139.0,0.76,0.0,97.0,1.0,2.0,59.0,9.0,4.73053892215569,0.0,0.0,0.0,0.533424283765348,0.2,1.0,0.8402674134906039,0.15973258650939615
41,7,6.0,1.0,2.0,5.0,3.0,4.0,2.0,7.0,2.0,62.0,139.0,0.76,0.0,97.0,1.0,2.0,59.0,9.0,4.73053892215569,0.0,0.0,0.0,0.533424283765348,0.5,1.0,0.7256189725632495,0.2743810274367505
41,8,6.0,1.0,1.0,5.0,3.0,4.0,5.0,7.0,21.0,62.0,139.0,0.76,9.0,97.0,1.0,2.0,59.0,9.0,4.73053892215569,0.0,0.0,0.0,0.533424283765348,0.5,1.0,0.783231186510343,0.2167688134896572
41,9,6.0,1.0,1.0,5.0,3.0,4.0,2.0,7.0,21.0,62.0,63.0,0.76,0.0,97.0,1.0,18.0,59.0,9.0,4.73053892215569,0.0,0.0,0.0,0.533424283765348,0.5,1.0,0.8028789762924448,0.1971210237075553
41,10,6.0,1.0,1.0,5.0,3.0,4.0,2.0,7.0,21.0,62.0,139.0,0.76,9.0,97.0,1.0,39.0,59.0,9.0,4.73053892215569,0.0,0.0,0.0,0.533424283765348,0.5,1.0,0.8401601885220634,0.15983981147793674
41,11,6.0,1.0,1.0,5.0,3.0,4.0,2.0,7.0,21.0,62.0,136.0,0.76,15.0,97.0,1.0,2.0,59.0,9.0,4.73053892215569,0.0,0.0,0.0,0.533424283765348,0.5,1.0,0.8376698623937968,0.16233013760620343
41,12,6.0,1.0,1.0,5.0,3.0,4.0,2.0,7.0,15.0,62.0,139.0,0.76,0.0,97.0,1.0,2.0,59.0,9.0,4.73053892215569,0.0,0.0,0.0,0.533424283765348,0.5,4.0,0.6185340682596464,0.38146593174035354
41,13,6.0,1.0,1.0,5.0,3.0,7.0,2.0,7.0,21.0,62.0,139.0,0.76,0.0,97.0,1.0,2.0,59.0,9.0,4.73053892215569,0.0,26.0,0.0,0.533424283765348,0.5,1.0,0.8304966790373538,0.16950332096264606
41,14,6.0,1.0,1.0,5.0,3.0,4.0,2.0,7.0,21.0,15.0,139.0,0.76,0.0,97.0,6.0,2.0,59.0,9.0,4.73053892215569,0.0,0.0,0.0,0.533424283765348,0.5,1.0,0.807604365555565,0.19239563444443514
41,15,6.0,1.0,1.0,5.0,3.0,4.0,2.0,7.0,21.0,62.0,139.0,0.76,0.0,97.0,1.0,2.0,59.0,9.0,41.4,0.0,0.0,0.0,0.533424283765348,0.9,1.0,0.8395479508032745,0.16045204919672532
41,16,6.0,1.0,1.0,5.0,3.0,4.0,2.0,7.0,21.0,62.0,10.0,0.76,0.0,97.0,7.0,2.0,59.0,9.0,4.73053892215569,0.0,0.0,0.0,0.533424283765348,0.5,1.0,0.8342842503423297,0.16571574965767014
41,17,6.0,1.0,1.0,5.0,3.0,12.0,2.0,7.0,21.0,62.0,139.0,0.76,0.0,97.0,1.0,2.0,59.0,9.0,23.9,0.0,0.0,0.0,0.533424283765348,0.5,1.0,0.779055512074925,0.22094448792507518
41,18,6.0,1.0,1.0,5.0,3.0,4.0,2.0,7.0,21.0,62.0,139.0,0.76,0.0,97.0,1.0,2.0,31.0,9.0,4.73053892215569,0.0,0.0,0.0,0.533424283765348,0.5,1.0,0.5147761644229019,0.48522383557709803
41,19,6.0,1.0,1.0,5.0,3.0,4.0,4.0,7.0,21.0,62.0,139.0,0.76,0.0,97.0,1.0,2.0,59.0,9.0,4.73053892215569,0.0,0.0,3.0,0.533424283765348,0.5,1.0,0.8399243512191471,0.16007564878085287
41,20,6.0,1.0,1.0,5.0,3.0,4.0,2.0,7.0,25.0,62.0,139.0,0.76,0.0,97.0,1.0,2.0,59.0,9.0,4.73053892215569,0.0,17.0,0.0,0.533424283765348,0.5,1.0,0.7315639135509565,0.26843608644904354
41,21,6.0,1.0,1.0,5.0,3.0,4.0,2.0,7.0,21.0,62.0,139.0,0.76,0.0,97.0,7.0,2.0,59.0,9.0,4.73053892215569,0.0,23.0,0.0,0.533424283765348,0.5,1.0,0.8272054406048684,0.17279455939513186
41,22,6.0,1.0,1.0,5.0,3.0,16.0,2.0,7.0,21.0,62.0,139.0,0.76,0.0,97.0,6.0,2.0,59.0,9.0,4.73053892215569,0.0,0.0,0.0,0.533424283765348,0.5,1.0,0.6860513330958506,0.3139486669041496
41,23,6.0,1.0,1.0,5.0,3.0,15.0,2.0,7.0,21.0,62.0,139.0,0.76,11.0,97.0,1.0,2.0,59.0,9.0,4.73053892215569,0.0,0.0,0.0,0.533424283765348,0.5,1.0,0.8272619239052443,0.17273807609475586
41,24,6.0,1.0,1.0,59.0,3.0,4.0,2.0,7.0,21.0,62.0,139.0,0.76,0.0,97.0,1.0,2.0,59.0,9.0,4.73053892215569,0.0,0.0,0.0,0.533424283765348,0.6,1.0,0.840267301377046,0.1597326986229541
41,25,6.0,1.0,1.0,5.0,3.0,4.0,2.0,7.0,21.0,39.0,139.0,0.76,0.0,97.0,1.0,11.0,59.0,9.0,4.73053892215569,0.0,0.0,0.0,0.533424283765348,0.5,1.0,0.5419481360656748,0.4580518639343252
41,26,6.0,1.0,1.0,5.0,3.0,4.0,1.0,7.0,21.0,62.0,139.0,0.76,15.0,97.0,1.0,2.0,59.0,9.0,4.73053892215569,0.0,0.0,0.0,0.533424283765348,0.5,1.0,0.8378048274851702,0.16219517251482982
41,27,6.0,1.0,1.0,5.0,41.0,4.0,2.0,7.0,21.0,62.0,139.0,0.76,0.0,97.0,1.0,2.0,59.0,9.0,4.73053892215569,0.0,0.0,0.0,0.533424283765348,0.5,1.0,0.8402674134888389,0.15973258651116093
41,28,6.0,1.0,1.0,23.0,3.0,4.0,2.0,7.0,20.0,62.0,139.0,0.76,0.0,97.0,1.0,2.0,59.0,9.0,4.73053892215569,0.0,0.0,0.0,0.533424283765348,0.5,1.0,0.730110678003741,0.2698893219962593
41,29,6.0,1.0,1.0,5.0,3.0,4.0,2.0,7.0,6.0,62.0,139.0,0.76,0.0,61.0,1.0,2.0,59.0,9.0,4.73053892215569,0.0,0.0,0.0,0.533424283765348,0.5,1.0,0.5201285050045289,0.4798714949954711
41,30,6.0,1.0,1.0,5.0,3.0,4.0,2.0,7.0,21.0,62.0,139.0,0.76,0.0,97.0,1.0,2.0,59.0,9.0,33.9,0.0,0.0,0.0,0.533424283765348,0.5,1.0,0.8319666692499743,0.16803333075002572
41,31,6.0,1.0,1.0,93.0,3.0,4.0,2.0,7.0,21.0,62.0,139.0,0.76,0.0,97.0,1.0,2.0,59.0,9.0,4.73053892215569,0.0,0.0,0.0,0.533424283765348,0.5,1.0,0.840267413490708,0.15973258650929176
41,32,6.0,1.0,1.0,5.0,3.0,4.0,2.0,7.0,38.0,62.0,139.0,0.76,0.0,97.0,1.0,2.0,59.0,9.0,4.73053892215569,0.0,0.0,2.0,0.533424283765348,0.5,1.0,0.8327362072096606,0.16726379279033926
41,33,6.0,1.0,0.0,5.0,40.0,4.0,2.0,7.0,21.0,62.0,139.0,0.76,0.0,97.0,1.0,2.0,59.0,9.0,4.73053892215569,0.0,0.0,0.0,0.533424283765348,0.5,1.0,0.8402674133467447,0.15973258665325557
41,34,6.0,1.0,1.0,5.0,3.0,4.0,2.0,7.0,21.0,62.0,139.0,0.76,0.0,97.0,8.0,26.0,59.0,9.0,4.73053892215569,0.0,0.0,0.0,0.533424283765348,0.5,1.0,0.8264110749607189,0.17358892503928108
41,35,6.0,1.0,1.0,5.0,3.0,4.0,2.0,7.0,21.0,62.0,139.0,0.76,0.0,97.0,1.0,2.0,59.0,9.0,4.73053892215569,17.0,0.0,0.0,0.533424283765348,0.5,3.0,0.8196591326474783,0.18034086735252186
41,36,7.0,1.0,1.0,5.0,3.0,4.0,2.0,7.0,21.0,62.0,139.0,0.76,0.0,97.0,1.0,2.0,59.0,9.0,4.73053892215569,0.0,0.0,1.0,0.533424283765348,0.5,1.0,0.5148164605645915,0.4851835394354085
41,37,6.0,1.0,1.0,5.0,45.0,4.0,2.0,7.0,21.0,62.0,139.0,0.76,0.0,97.0,1.0,17.0,59.0,9.0,4.73053892215569,0.0,0.0,0.0,0.533424283765348,0.5,1.0,0.8402674135194305,0.15973258648056937
41,38,6.0,1.0,1.0,5.0,3.0,4.0,2.0,7.0,21.0,62.0,139.0,0.76,0.0,97.0,1.0,2.0,59.0,9.0,4.73053892215569,16.0,0.0,0.0,0.533424283765348,0.5,1.0,0.793546809487597,0.20645319051240302
41,39,6.0,1.0,1.0,5.0,3.0,4.0,2.0,7.0,21.0,62.0,4.0,0.76,1.0,97.0,1.0,2.0,59.0,9.0,4.73053892215569,0.0,0.0,0.0,0.533424283765348,0.5,1.0,0.8322311973695793,0.16776880263042065
41,40,6.0,1.0,1.0,5.0,3.0,15.0,2.0,7.0,21.0,62.0,139.0,0.76,0.0,82.0,1.0,2.0,59.0,9.0,4.73053892215569,0.0,0.0,0.0,0.533424283765348,0.5,1.0,0.5205226133541767,0.4794773866458233
41,41,6.0,1.0,1.0,5.0,3.0,4.0,2.0,7.0,36.0,62.0,139.0,0.76,0.0,97.0,1.0,2.0,59.0,6.0,4.73053892215569,0.0,0.0,0.0,0.533424283765348,0.5,1.0,0.6162398719277361,0.383760128072264
41,42,6.0,1.0,1.0,5.0,3.0,4.0,11.0,2.0,21.0,62.0,139.0,0.76,0.0,97.0,1.0,2.0,59.0,9.0,4.73053892215569,0.0,0.0,0.0,0.533424283765348,0.5,1.0,0.8299272631259718,0.17007273687402802
41,43,18.0,1.0,1.0,5.0,3.0,4.0,2.0,7.0,15.0,62.0,139.0,0.76,0.0,97.0,1.0,2.0,59.0,9.0,4.73053892215569,0.0,0.0,0.0,0.533424283765348,0.5,1.0,0.8374654607776447,0.1625345392223553
41,44,6.0,1.0,1.0,5.0,3.0,4.0,1.0,7.0,21.0,62.0,139.0,0.76,0.0,97.0,1.0,49.0,59.0,9.0,4.73053892215569,0.0,0.0,0.0,0.533424283765348,0.5,1.0,0.8402550302084834,0.15974496979151678
41,45,20.0,1.0,1.0,5.0,3.0,4.0,2.0,7.0,21.0,62.0,139.0,0.76,0.0,97.0,1.0,2.0,59.0,9.0,2.1,0.0,0.0,0.0,0.533424283765348,0.5,1.0,0.8397695635037695,0.16023043649623023
41,46,6.0,1.0,1.0,42.0,3.0,4.0,2.0,7.0,21.0,62.0,139.0,0.76,0.0,97.0,1.0,2.0,59.0,9.0,4.73053892215569,0.0,0.0,0.0,0.6,0.5,1.0,0.8398929865322677,0.16010701346773235
41,47,6.0,1.0,1.0,5.0,3.0,4.0,2.0,7.0,21.0,62.0,139.0,0.76,6.0,97.0,1.0,2.0,59.0,9.0,4.73053892215569,0.0,0.0,2.0,0.533424283765348,0.5,1.0,0.8310269021757031,0.1689730978242968
41,48,6.0,1.0,1.0,5.0,3.0,17.0,2.0,7.0,21.0,62.0,139.0,0.76,0.0,97.0,1.0,2.0,59.0,9.0,4.73053892215569,0.0,0.0,0.0,0.4,0.5,1.0,0.6325344955829338,0.36746550441706594
41,49,6.0,1.0,1.0,5.0,3.0,4.0,2.0,7.0,21.0,62.0,139.0,0.76,0.0,97.0,1.0,2.0,59.0,9.0,4.73053892215569,12.0,0.0,1.0,0.533424283765348,0.5,1.0,0.7760097950512781,0.22399020494872193
41,50,6.0,1.0,1.0,5.0,3.0,4.0,2.0,7.0,21.0,62.0,139.0,0.76,0.0,97.0,1.0,2.0,59.0,9.0,39.9,0.0,0.0,0.0,0.533424283765348,0.5,1.0,0.8389983547853188,0.16100164521468122
41,51,6.0,1.0,3.0,5.0,3.0,4.0,2.0,7.0,21.0,62.0,24.0,0.76,0.0,97.0,1.0,2.0,59.0,9.0,4.73053892215569,0.0,0.0,0.0,0.533424283765348,0.5,1.0,0.8354472780135755,0.16455272198642465
41,52,6.0,1.0,1.0,5.0,3.0,4.0,2.0,7.0,21.0,62.0,139.0,0.76,15.0,97.0,1.0,2.0,59.0,9.0,4.73053892215569,0.0,0.0,0.0,0.533424283765348,0.1,1.0,0.8377759658901656,0.16222403410983435
41,53,6.0,1.0,1.0,5.0,3.0,16.0,2.0,7.0,21.0,62.0,139.0,0.76,0.0,97.0,1.0,2.0,59.0,9.0,4.73053892215569,0.0,27.0,0.0,0.533424283765348,0.5,1.0,0.8374728161913402,0.16252718380865963
41,54,6.0,31.0,1.0,5.0,3.0,4.0,2.0,7.0,21.0,62.0,49.0,0.76,0.0,97.0,1.0,2.0,59.0,9.0,4.73053892215569,0.0,0.0,0.0,0.533424283765348,0.5,1.0,0.8361790810971759,0.16382091890282388
41,55,6.0,1.0,1.0,5.0,3.0,15.0,2.0,7.0,21.0,62.0,139.0,0.76,0.0,97.0,1.0,2.0,59.0,9.0,4.73053892215569,0.0,0.0,0.0,0.5,0.5,1.0,0.5195112901669046,0.4804887098330955
41,56,6.0,1.0,1.0,5.0,3.0,4.0,14.0,7.0,21.0,62.0,139.0,0.76,0.0,97.0,1.0,2.0,59.0,9.0,51.2,0.0,0.0,0.0,0.533424283765348,0.5,1.0,0.8402673811381114,0.15973261886188864
41,57,6.0,1.0,1.0,5.0,3.0,9.0,2.0,7.0,21.0,62.0,139.0,0.76,0.0,97.0,1.0,2.0,5.0,9.0,4.73053892215569,0.0,0.0,0.0,0.533424283765348,0.5,1.0,0.8195263214463375,0.18047367855366234
41,58,6.0,1.0,1.0,5.0,3.0,4.0,2.0,7.0,21.0,62.0,139.0,0.76,0.0,97.0,5.0,2.0,59.0,9.0,22.8,0.0,0.0,0.0,0.533424283765348,0.5,1.0,0.7475273830295287,0.25247261697047124
41,59,6.0,1.0,1.0,5.0,3.0,4.0,2.0,7.0,21.0,62.0,139.0,0.76,8.0,97.0,2.0,2.0,59.0,9.0,4.73053892215569,0.0,0.0,0.0,0.533424283765348,0.5,1.0,0.7015458998323354,0.29845410016766427
41,60,6.0,1.0,1.0,5.0,3.0,4.0,2.0,7.0,21.0,62.0,139.0,0.76,0.0,97.0,1.0,2.0,59.0,9.0,4.73053892215569,0.0,0.0,3.0,0.533424283765348,0.5,3.0,0.8400074220748502,0.15999257792514973
41,61,6.0,1.0,1.0,70.0,3.0,4.0,2.0,7.0,21.0,62.0,139.0,0.76,0.0,97.0,1.0,2.0,59.0,9.0,44.3,0.0,0.0,0.0,0.533424283765348,0.5,1.0,0.8402674134898004,0.15973258651019934
41,62,6.0,1.0,1.0,59.0,3.0,4.0,2.0,7.0,21.0,62.0,139.0,0.76,0.0,97.0,1.0,2.0,59.0,9.0,4.73053892215569,0.0,0.0,0.0,0.533424283765348,1.0,1.0,0.8402673086000714,0.15973269139992854
41,63,6.0,1.0,1.0,5.0,3.0,4.0,12.0,7.0,21.0,62.0,139.0,0.76,0.0,97.0,1.0,2.0,59.0,7.0,4.73053892215569,0.0,0.0,0.0,0.533424283765348,0.5,1.0,0.834567570231952,0.16543242976804778
41,64,11.0,1.0,1.0,5.0,3.0,4.0,2.0,7.0,21.0,62.0,139.0,0.76,0.0,97.0,1.0,2.0,59.0,9.0,4.73053892215569,0.0,0.0,0.0,0.533424283765348,0.5,4.0,0.7523795820808182,0.24762041791918174
41,65,6.0,1.0,1.0,5.0,3.0,9.0,2.0,7.0,21.0,62.0,139.0,0.76,0.0,97.0,1.0,2.0,59.0,9.0,47.7,0.0,0.0,0.0,0.533424283765348,0.5,1.0,0.8402110914260791,0.159788908573921
41,66,6.0,1.0,1.0,5.0,3.0,4.0,2.0,13.0,21.0,62.0,139.0,0.76,13.0,97.0,1.0,2.0,59.0,9.0,4.73053892215569,0.0,0.0,0.0,0.533424283765348,0.5,1.0,0.8380370550261522,0.1619629449738477
41,67,6.0,1.0,1.0,5.0,3.0,4.0,2.0,7.0,21.0,62.0,139.0,0.76,0.0,97.0,1.0,2.0,59.0,9.0,44.1,0.0,0.0,2.0,0.533424283765348,0.5,1.0,0.8402554766817479,0.15974452331825204
41,68,11.0,13.0,1.0,5.0,3.0,4.0,2.0,7.0,21.0,62.0,139.0,0.76,0.0,97.0,1.0,2.0,59.0,9.0,4.73053892215569,0.0,0.0,0.0,0.533424283765348,0.5,1.0,0.6642142069012285,0.3357857930987715
41,69,6.0,1.0,1.0,5.0,18.0,4.0,2.0,7.0,21.0,62.0,139.0,0.76,0.0,97.0,1.0,2.0,59.0,4.0,4.73053892215569,0.0,0.0,0.0,0.533424283765348,0.5,1.0,0.8370060116864518,0.16299398831354817
41,70,11.0,1.0,1.0,5.0,3.0,4.0,2.0,7.0,21.0,62.0,139.0,0.76,0.0,53.0,1.0,2.0,59.0,9.0,4.73053892215569,0.0,0.0,0.0,0.533424283765348,0.5,1.0,0.5558155780362449,0.4441844219637552
41,71,6.0,1.0,1.0,5.0,3.0,4.0,2.0,7.0,21.0,62.0,70.0,0.76,0.0,97.0,1.0,2.0,59.0,9.0,4.73053892215569,0.0,0.0,0.0,0.533424283765348,0.5,1.0,0.6215987811145428,0.3784012188854572
41,72,6.0,1.0,1.0,60.0,3.0,4.0,2.0,7.0,21.0,62.0,139.0,0.76,0.0,97.0,1.0,2.0,59.0,9.0,4.73053892215569,0.0,0.0,0.0,1.0,0.5,1.0,0.8402673609624747,0.15973263903752527
41,73,6.0,1.0,1.0,5.0,7.0,4.0,2.0,7.0,21.0,62.0,139.0,0.76,8.0,97.0,1.0,2.0,59.0,9.0,4.73053892215569,0.0,0.0,0.0,0.533424283765348,0.5,1.0,0.7358020447613407,0.2641979552386593
41,74,6.0,1.0,1.0,5.0,3.0,4.0,2.0,7.0,21.0,62.0,139.0,0.76,0.0,97.0,1.0,51.0,59.0,9.0,4.73053892215569,0.0,0.0,0.0,0.6,0.5,1.0,0.8402622447371251,0.15973775526287493
41,75,6.0,1.0,1.0,52.0,3.0,4.0,2.0,7.0,21.0,62.0,139.0,0.76,0.0,97.0,1.0,2.0,59.0,9.0,4.73053892215569,0.0,0.0,0.0,0.533424283765348,0.5,1.0,0.8402628339552183,0.1597371660447817
41,76,6.0,1.0,1.0,5.0,3.0,4.0,2.0,7.0,21.0,62.0,139.0,0.76,11.0,97.0,1.0,2.0,59.0,7.0,4.73053892215569,0.0,0.0,0.0,0.533424283765348,0.5,1.0,0.8154779487346208,0.18452205126537938
41,77,6.0,1.0,1.0,5.0,3.0,4.0,2.0,7.0,21.0,62.0,139.0,0.76,0.0,97.0,1.0,2.0,59.0,9.0,46.2,0.0,0.0,0.0,0.533424283765348,0.5,1.0,0.8401439652956022,0.15985603470439794
41,78,6.0,42.0,1.0,5.0,3.0,4.0,2.0,7.0,21.0,62.0,139.0,0.76,0.0,97.0,1.0,2.0,59.0,9.0,4.73053892215569,0.0,0.0,0.0,0.533424283765348,0.5,1.0,0.8377148700171119,0.1622851299828882
41,79,6.0,1.0,1.0,5.0,3.0,4.0,2.0,7.0,21.0,62.0,139.0,0.76,0.0,97.0,1.0,47.0,59.0,9.0,4.73053892215569,0.0,0.0,0.0,0.533424283765348,0.9,1.0,0.8402377483280509,0.15976225167194907
41,80,6.0,13.0,1.0,5.0,3.0,4.0,2.0,7.0,21.0,62.0,139.0,0.76,0.0,97.0,1.0,2.0,59.0,9.0,4.73053892215569,30.0,0.0,0.0,0.533424283765348,0.5,1.0,0.8402118065493527,0.15978819345064738
41,81,6.0,1.0,1.0,5.0,19.0,4.0,2.0,7.0,21.0,50.0,139.0,0.76,0.0,97.0,1.0,2.0,59.0,9.0,4.73053892215569,0.0,0.0,0.0,0.533424283765348,0.5,1.0,0.8318351291968773,0.1681648708031229
41,82,6.0,1.0,1.0,5.0,3.0,4.0,2.0,7.0,21.0,62.0,139.0,0.76,0.0,97.0,1.0,2.0,59.0,9.0,25.2,0.0,0.0,0.0,0.533424283765348,0.5,1.0,0.7639521758189515,0.23604782418104855
41,83,6.0,1.0,0.0,5.0,3.0,4.0,2.0,1.0,21.0,62.0,139.0,0.76,0.0,97.0,1.0,2.0,59.0,9.0,4.73053892215569,0.0,0.0,0.0,0.533424283765348,0.5,1.0,0.604274346234792,0.39572565376520785
41,84,6.0,1.0,4.0,5.0,3.0,4.0,2.0,7.0,26.0,62.0,139.0,0.76,0.0,97.0,1.0,2.0,59.0,9.0,4.73053892215569,0.0,0.0,0.0,0.533424283765348,0.5,1.0,0.8250877322089117,0.17491226779108815
41,85,6.0,1.0,1.0,5.0,0.0,4.0,2.0,7.0,21.0,62.0,139.0,0.76,0.0,97.0,1.0,2.0,59.0,9.0,4.73053892215569,0.0,0.0,3.0,0.533424283765348,0.5,1.0,0.8399117277644023,0.1600882722355975
41,86,6.0,1.0,1.0,5.0,3.0,4.0,2.0,7.0,21.0,62.0,139.0,6.8,0.0,97.0,1.0,34.0,59.0,9.0,4.73053892215569,0.0,0.0,0.0,0.533424283765348,0.5,1.0,0.8389083346374272,0.16109166536257288
41,87,6.0,1.0,1.0,5.0,36.0,4.0,2.0,7.0,21.0,62.0,139.0,0.76,0.0,97.0,1.0,2.0,59.0,9.0,4.73053892215569,0.0,0.0,0.0,0.533424283765348,0.5,1.0,0.8402673913930219,0.15973260860697805
41,88,6.0,1.0,1.0,5.0,3.0,4.0,2.0,7.0,21.0,62.0,15.0,0.76,0.0,97.0,1.0,2.0,59.0,9.0,4.73053892215569,0.0,0.0,0.0,0.533424283765348,0.5,1.0,0.8257328800156704,0.17426711998432962
41,89,6.0,1.0,1.0,5.0,3.0,4.0,2.0,7.0,21.0,62.0,139.0,0.76,0.0,28.0,1.0,2.0,59.0,9.0,4.73053892215569,0.0,0.0,3.0,0.533424283765348,0.5,1.0,0.8399101738549498,0.16008982614505005
41,90,6.0,1.0,1.0,5.0,38.0,4.0,2.0,7.0,21.0,62.0,139.0,0.76,0.0,97.0,1.0,2.0,31.0,9.0,4.73053892215569,0.0,0.0,0.0,0.533424283765348,0.5,1.0,0.8402674128869518,0.15973258711304805
41,91,16.0,1.0,1.0,5.0,15.0,4.0,2.0,7.0,21.0,62.0,139.0,0.76,0.0,97.0,1.0,2.0,59.0,9.0,4.73053892215569,0.0,0.0,0.0,0.533424283765348,0.5,1.0,0.8386897477825699,0.16131025221742995
41,92,6.0,1.0,1.0,5.0,3.0,4.0,2.0,7.0,21.0,62.0,139.0,0.76,0.0,97.0,1.0,2.0,59.0,9.0,4.73053892215569,0.0,31.0,0.0,0.533424283765348,0.5,2.0,0.8384866407479893,0.16151335925201088
41,93,6.0,1.0,1.0,5.0,3.0,4.0,2.0,7.0,21.0,62.0,139.0,0.76,0.0,97.0,3.0,2.0,31.0,9.0,4.73053892215569,0.0,0.0,0.0,0.533424283765348,0.5,1.0,0.541373780977388,0.4586262190226121
41,94,6.0,1.0,1.0,5.0,3.0,4.0,2.0,7.0,21.0,62.0,139.0,0.76,0.0,97.0,1.0,2.0,20.0,7.0,4.73053892215569,0.0,0.0,0.0,0.533424283765348,0.5,1.0,0.7401020250995575,0.25989797490044253
41,95,6.0,1.0,1.0,5.0,3.0,4.0,2.0,7.0,21.0,62.0,139.0,0.76,0.0,97.0,1.0,2.0,59.0,9.0,4.73053892215569,0.0,0.0,3.0,0.533424283765348,0.0,1.0,0.839880810889761,0.16011918911023923
41,96,6.0,1.0,1.0,5.0,3.0,4.0,2.0,7.0,21.0,62.0,139.0,0.76,0.0,97.0,1.0,18.0,59.0,9.0,4.73053892215569,0.0,0.0,0.0,0.533424283765348,0.5,1.0,0.6400375894435454,0.3599624105564546
41,97,6.0,1.0,1.0,54.0,3.0,4.0,2.0,7.0,21.0,62.0,139.0,7.35,0.0,97.0,1.0,2.0,59.0,9.0,4.73053892215569,0.0,0.0,0.0,0.533424283765348,0.5,1.0,0.8402669064402518,0.15973309355974835
41,98,6.0,1.0,1.0,42.0,3.0,4.0,2.0,3.0,21.0,62.0,139.0,0.76,0.0,97.0,1.0,2.0,59.0,9.0,4.73053892215569,0.0,0.0,0.0,0.533424283765348,0.5,1.0,0.8399713556937243,0.1600286443062758
41,99,6.0,1.0,1.0,5.0,3.0,0.0,2.0,7.0,21.0,62.0,139.0,0.76,0.0,97.0,1.0,2.0,13.0,9.0,4.73053892215569,0.0,0.0,0.0,0.533424283765348,0.5,1.0,0.7858309156746959,0.2141690843253042
43,0,1.0,0.0,1.0,6.0,1.0,2.0,1.0,2.0,7.0,31.0,77.0,0.55,0.0,97.0,2.0,3.0,64.0,6.0,6.65882352941177,0.0,16.0,0.0,0.568445475638051,0.5,2.0,0.7281434783165447,0.2718565216834551
43,1,1.0,0.0,4.0,6.0,1.0,12.0,1.0,2.0,7.0,31.0,77.0,0.55,0.0,97.0,2.0,3.0,18.0,6.0,6.65882352941177,0.0,1.0,0.0,0.568445475638051,0.5,2.0,0.822778999650467,0.17722100034953295
43,2,7.0,0.0,1.0,6.0,1.0,2.0,1.0,2.0,7.0,31.0,77.0,0.55,14.0,97.0,2.0,3.0,18.0,6.0,6.65882352941177,0.0,1.0,0.0,0.568445475638051,0.5,2.0,0.8360715194086823,0.16392848059131757
43,3,1.0,0.0,1.0,6.0,1.0,2.0,1.0,2.0,7.0,31.0,32.0,0.55,0.0,97.0,2.0,3.0,18.0,6.0,6.65882352941177,0.0,32.0,0.0,0.568445475638051,0.5,2.0,0.8392698499435579,0.16073015005644223
43,4,1.0,0.0,1.0,6.0,1.0,2.0,2.0,2.0,7.0,66.0,77.0,0.55,0.0,97.0,2.0,3.0,18.0,6.0,6.65882352941177,0.0,1.0,0.0,0.568445475638051,0.5,2.0,0.5972543609392262,0.4027456390607739
43,5,1.0,0.0,1.0,6.0,1.0,2.0,1.0,2.0,7.0,37.0,77.0,0.55,0.0,97.0,2.0,3.0,18.0,6.0,6.65882352941177,24.0,1.0,0.0,0.568445475638051,0.5,2.0,0.8370017220776326,0.16299827792236724
43,6,1.0,0.0,1.0,6.0,1.0,2.0,1.0,2.0,7.0,31.0,77.0,0.55,0.0,97.0,2.0,30.0,18.0,6.0,6.65882352941177,0.0,1.0,0.0,0.568445475638051,0.5,2.0,0.8168081480220737,0.18319185197792623
43,7,1.0,24.0,1.0,6.0,1.0,2.0,1.0,2.0,7.0,31.0,77.0,0.55,0.0,97.0,2.0,3.0,64.0,6.0,6.65882352941177,0.0,1.0,0.0,0.568445475638051,0.5,2.0,0.7567332115527716,0.24326678844722832
43,8,19.0,0.0,1.0,6.0,1.0,2.0,1.0,2.0,7.0,31.0,77.0,0.55,0.0,97.0,2.0,3.0,70.0,6.0,6.65882352941177,0.0,1.0,0.0,0.568445475638051,0.5,2.0,0.8399552498413813,0.1600447501586187
43,9,1.0,0.0,1.0,6.0,1.0,2.0,0.0,2.0,7.0,31.0,77.0,0.55,0.0,97.0,2.0,20.0,18.0,6.0,6.65882352941177,0.0,1.0,0.0,0.568445475638051,0.5,2.0,0.578000254996437,0.42199974500356313
43,10,1.0,0.0,1.0,6.0,1.0,2.0,13.0,2.0,7.0,31.0,113.0,0.55,0.0,97.0,2.0,3.0,18.0,6.0,6.65882352941177,0.0,1.0,0.0,0.568445475638051,0.5,2.0,0.838234790398402,0.1617652096015979
43,11,1.0,0.0,1.0,6.0,1.0,2.0,1.0,2.0,7.0,31.0,77.0,0.55,0.0,73.0,2.0,3.0,18.0,6.0,6.65882352941177,0.0,1.0,2.0,0.568445475638051,0.5,2.0,0.8019338967194016,0.19806610328059854
43,12,1.0,0.0,1.0,6.0,1.0,2.0,1.0,2.0,7.0,31.0,77.0,0.55,0.0,97.0,2.0,3.0,28.0,6.0,30.0,0.0,1.0,0.0,0.568445475638051,0.5,2.0,0.7619609031524125,0.23803909684758748
43,13,1.0,40.0,1.0,6.0,1.0,2.0,1.0,2.0,7.0,31.0,77.0,0.55,0.0,97.0,8.0,3.0,18.0,6.0,6.65882352941177,0.0,1.0,0.0,0.568445475638051,0.5,2.0,0.8365837853278307,0.16341621467216935
43,14,1.0,0.0,1.0,51.0,1.0,2.0,1.0,2.0,7.0,31.0,77.0,0.55,0.0,97.0,2.0,3.0,18.0,6.0,6.65882352941177,0.0,1.0,0.0,0.568445475638051,0.5,2.0,0.8402650330806372,0.1597349669193628
43,15,8.0,0.0,1.0,6.0,1.0,2.0,1.0,8.0,7.0,31.0,77.0,0.55,0.0,97.0,2.0,3.0,18.0,6.0,6.65882352941177,0.0,1.0,0.0,0.568445475638051,0.5,2.0,0.6922375935613421,0.3077624064386579
43,16,12.0,0.0,1.0,6.0,1.0,2.0,1.0,2.0,7.0,31.0,77.0,0.55,0.0,97.0,2.0,3.0,18.0,6.0,6.65882352941177,0.0,1.0,0.0,0.568445475638051,0.5,3.0,0.8110824675919419,0.18891753240805803
43,17,1.0,0.0,3.0,6.0,1.0,0.0,1.0,2.0,7.0,31.0,77.0,0.55,0.0,97.0,2.0,3.0,18.0,6.0,6.65882352941177,0.0,1.0,0.0,0.568445475638051,0.5,2.0,0.5523206587249183,0.44767934127508163
43,18,1.0,0.0,1.0,6.0,1.0,2.0,1.0,2.0,7.0,31.0,77.0,0.55,0.0,97.0,2.0,3.0,18.0,6.0,33.4,0.0,1.0,0.0,0.8,0.5,2.0,0.8059301355068356,0.19406986449316427
43,19,10.0,0.0,1.0,6.0,1.0,2.0,1.0,2.0,7.0,31.0,77.0,0.55,0.0,97.0,2.0,3.0,18.0,6.0,6.65882352941177,0.0,28.0,0.0,0.568445475638051,0.5,2.0,0.838827049910852,0.16117295008914798
43,20,1.0,0.0,1.0,6.0,1.0,2.0,1.0,2.0,38.0,31.0,2.0,0.55,0.0,97.0,2.0,3.0,18.0,6.0,6.65882352941177,0.0,1.0,0.0,0.568445475638051,0.5,2.0,0.8338072113931293,0.16619278860687073
43,21,1.0,0.0,1.0,6.0,11.0,2.0,1.0,2.0,7.0,31.0,77.0,2.17,0.0,97.0,2.0,3.0,18.0,6.0,6.65882352941177,0.0,1.0,0.0,0.568445475638051,0.5,2.0,0.6081734370309414,0.3918265629690586
43,22,1.0,0.0,4.0,6.0,1.0,2.0,1.0,2.0,7.0,31.0,77.0,0.55,0.0,97.0,2.0,3.0,18.0,6.0,41.6,0.0,1.0,0.0,0.568445475638051,0.5,2.0,0.8402164802822697,0.1597835197177302
43,23,1.0,0.0,1.0,6.0,1.0,2.0,1.0,2.0,7.0,31.0,77.0,0.55,0.0,97.0,2.0,3.0,18.0,6.0,6.65882352941177,42.0,1.0,2.0,0.568445475638051,0.5,2.0,0.8402674267183354,0.15973257328166449
43,24,1.0,29.0,1.0,6.0,1.0,2.0,1.0,2.0,7.0,31.0,77.0,0.55,0.0,97.0,7.0,3.0,18.0,6.0,6.65882352941177,0.0,1.0,0.0,0.568445475638051,0.5,2.0,0.7877408785364802,0.21225912146351977
43,25,1.0,0.0,1.0,6.0,21.0,2.0,1.0,2.0,7.0,31.0,77.0,0.55,0.0,97.0,2.0,3.0,18.0,9.0,6.65882352941177,0.0,1.0,0.0,0.568445475638051,0.5,2.0,0.8392649157545019,0.16073508424549793
43,26,9.0,0.0,1.0,6.0,1.0,13.0,1.0,2.0,7.0,31.0,77.0,0.55,0.0,97.0,2.0,3.0,18.0,6.0,6.65882352941177,0.0,1.0,0.0,0.568445475638051,0.5,2.0,0.7508223701226655,0.2491776298773344
43,27,1.0,0.0,3.0,6.0,1.0,2.0,1.0,2.0,7.0,31.0,24.0,0.55,0.0,97.0,2.0,3.0,18.0,6.0,6.65882352941177,0.0,1.0,0.0,0.568445475638051,0.5,2.0,0.6836262219574917,0.3163737780425085
43,28,1.0,0.0,1.0,6.0,1.0,2.0,1.0,2.0,7.0,31.0,142.0,0.55,0.0,97.0,2.0,3.0,18.0,6.0,6.65882352941177,0.0,1.0,2.0,0.568445475638051,0.5,2.0,0.8312834005808949,0.1687165994191051
43,29,1.0,0.0,1.0,45.0,1.0,2.0,1.0,2.0,7.0,31.0,77.0,0.55,0.0,97.0,2.0,3.0,18.0,3.0,6.65882352941177,0.0,1.0,0.0,0.568445475638051,0.5,2.0,0.8401542890081773,0.15984571099182268
43,30,1.0,0.0,1.0,88.0,1.0,2.0,1.0,2.0,7.0,27.0,77.0,0.55,0.0,97.0,2.0,3.0,18.0,6.0,6.65882352941177,0.0,1.0,0.0,0.568445475638051,0.5,2.0,0.8403403584914229,0.1596596415085773
43,31,1.0,0.0,1.0,6.0,1.0,2.0,13.0,2.0,7.0,31.0,77.0,0.55,0.0,97.0,2.0,49.0,18.0,6.0,6.65882352941177,0.0,1.0,0.0,0.568445475638051,0.5,2.0,0.8402678373543015,0.15973216264569834
43,32,1.0,32.0,1.0,6.0,1.0,2.0,1.0,2.0,7.0,31.0,77.0,0.55,0.0,97.0,2.0,3.0,18.0,6.0,6.65882352941177,0.0,1.0,0.0,0.568445475638051,0.5,2.0,0.7936148771839859,0.20638512281601396
43,33,1.0,0.0,1.0,6.0,1.0,2.0,1.0,2.0,7.0,31.0,77.0,4.4,0.0,97.0,2.0,3.0,18.0,6.0,6.65882352941177,0.0,38.0,0.0,0.568445475638051,0.5,2.0,0.8401733539285877,0.15982664607141245
43,34,1.0,0.0,1.0,6.0,1.0,2.0,1.0,2.0,7.0,31.0,77.0,3.05,0.0,97.0,2.0,3.0,18.0,6.0,6.65882352941177,0.0,33.0,0.0,0.568445475638051,0.5,2.0,0.8386969060483692,0.16130309395163103
43,35,1.0,0.0,1.0,6.0,1.0,2.0,1.0,2.0,7.0,31.0,77.0,0.55,0.0,97.0,2.0,3.0,18.0,1.0,21.2,0.0,1.0,0.0,0.568445475638051,0.5,2.0,0.5543754771344469,0.4456245228655531
43,36,1.0,0.0,1.0,6.0,1.0,2.0,1.0,2.0,7.0,31.0,77.0,0.55,0.0,97.0,2.0,39.0,18.0,6.0,6.65882352941177,0.0,1.0,0.0,0.568445475638051,0.9,2.0,0.8391206525862119,0.16087934741378787
43,37,1.0,0.0,1.0,6.0,1.0,2.0,1.0,2.0,7.0,31.0,77.0,0.55,0.0,97.0,2.0,15.0,18.0,6.0,6.65882352941177,0.0,37.0,0.0,0.568445475638051,0.5,2.0,0.8401178571597326,0.1598821428402673
43,38,1.0,0.0,1.0,6.0,1.0,2.0,1.0,9.0,7.0,31.0,77.0,0.55,0.0,97.0,2.0,45.0,18.0,6.0,6.65882352941177,0.0,1.0,0.0,0.568445475638051,0.5,2.0,0.8402961438663058,0.159703856133694
43,39,1.0,0.0,1.0,6.0,1.0,2.0,1.0,2.0,7.0,31.0,77.0,0.55,0.0,97.0,2.0,3.0,18.0,6.0,46.5,0.0,1.0,0.0,0.568445475638051,0.5,2.0,0.8396752017207244,0.16032479827927554
43,40,13.0,0.0,1.0,6.0,1.0,2.0,1.0,2.0,7.0,31.0,77.0,0.55,0.0,97.0,2.0,3.0,18.0,0.0,6.65882352941177,0.0,1.0,0.0,0.568445475638051,0.5,2.0,0.84099672915027,0.15900327084972982
43,41,20.0,0.0,1.0,6.0,1.0,2.0,1.0,2.0,7.0,31.0,77.0,4.98,0.0,97.0,2.0,3.0,18.0,6.0,6.65882352941177,0.0,1.0,0.0,0.568445475638051,0.5,2.0,0.8404046764970682,0.15959532350293187
43,42,1.0,0.0,1.0,6.0,1.0,2.0,1.0,2.0,7.0,31.0,77.0,0.55,0.0,97.0,2.0,31.0,18.0,6.0,6.65882352941177,0.0,1.0,0.0,0.568445475638051,0.0,2.0,0.8257393641350453,0.17426063586495463
43,43,1.0,0.0,1.0,36.0,1.0,2.0,1.0,2.0,7.0,31.0,54.0,0.55,0.0,97.0,2.0,3.0,18.0,6.0,6.65882352941177,0.0,1.0,0.0,0.568445475638051,0.5,2.0,0.8360935613858163,0.16390643861418375
43,44,1.0,23.0,1.0,6.0,1.0,2.0,7.0,2.0,7.0,31.0,77.0,0.55,0.0,97.0,2.0,3.0,18.0,6.0,6.65882352941177,0.0,1.0,0.0,0.568445475638051,0.5,2.0,0.7700118589458878,0.22998814105411208
43,45,19.0,0.0,1.0,6.0,1.0,2.0,14.0,2.0,7.0,31.0,77.0,0.55,0.0,97.0,2.0,3.0,18.0,6.0,6.65882352941177,0.0,1.0,0.0,0.568445475638051,0.5,2.0,0.8402671749924465,0.1597328250075534
43,46,1.0,0.0,1.0,6.0,1.0,2.0,1.0,15.0,7.0,31.0,77.0,0.55,0.0,97.0,2.0,3.0,18.0,6.0,6.65882352941177,0.0,1.0,0.0,0.568445475638051,0.3,2.0,0.8284585636309711,0.17154143636902888
43,47,1.0,0.0,1.0,6.0,1.0,2.0,1.0,2.0,7.0,31.0,27.0,0.55,0.0,97.0,2.0,3.0,18.0,6.0,6.65882352941177,0.0,1.0,3.0,0.568445475638051,0.5,2.0,0.8403236131258739,0.15967638687412608
43,48,8.0,0.0,1.0,6.0,1.0,2.0,1.0,2.0,7.0,31.0,127.0,0.55,0.0,97.0,2.0,3.0,18.0,6.0,6.65882352941177,0.0,1.0,0.0,0.568445475638051,0.5,2.0,0.7372017077839388,0.2627982922160612
43,49,1.0,0.0,1.0,6.0,1.0,2.0,1.0,2.0,7.0,31.0,77.0,0.55,0.0,97.0,2.0,3.0,18.0,6.0,31.9,0.0,1.0,0.0,0.568445475638051,0.5,2.0,0.7878483554924487,0.21215164450755147
43,50,1.0,0.0,1.0,6.0,1.0,2.0,1.0,2.0,34.0,31.0,77.0,0.55,0.0,97.0,2.0,3.0,18.0,6.0,6.65882352941177,0.0,1.0,0.0,0.568445475638051,0.5,4.0,0.7811069901266565,0.21889300987334348
43,51,1.0,0.0,1.0,6.0,1.0,2.0,1.0,17.0,7.0,31.0,77.0,0.55,0.0,97.0,2.0,3.0,18.0,6.0,6.65882352941177,0.0,1.0,0.0,0.568445475638051,1.0,2.0,0.8386318354714186,0.16136816452858133
43,52,1.0,0.0,1.0,6.0,1.0,2.0,1.0,2.0,7.0,31.0,77.0,0.55,0.0,97.0,2.0,3.0,24.0,6.0,6.65882352941177,13.0,1.0,0.0,0.568445475638051,0.5,2.0,0.6011620962431821,0.3988379037568178
43,53,1.0,0.0,0.0,6.0,1.0,2.0,1.0,2.0,7.0,31.0,77.0,0.55,0.0,97.0,2.0,3.0,18.0,6.0,44.2,0.0,1.0,0.0,0.568445475638051,0.5,2.0,0.8392999364069389,0.16070006359306102
43,54,1.0,0.0,1.0,6.0,1.0,2.0,1.0,2.0,27.0,31.0,77.0,0.55,0.0,97.0,2.0,3.0,18.0,6.0,23.3,0.0,1.0,0.0,0.568445475638051,0.5,2.0,0.7741927743216205,0.22580722567837966
43,55,1.0,0.0,1.0,6.0,1.0,2.0,1.0,2.0,7.0,31.0,77.0,0.55,0.0,97.0,2.0,3.0,18.0,6.0,45.4,0.0,1.0,0.0,0.568445475638051,0.5,2.0,0.8393766766055486,0.16062332339445148
43,56,9.0,0.0,1.0,6.0,1.0,2.0,1.0,2.0,7.0,31.0,77.0,0.55,0.0,97.0,2.0,3.0,18.0,6.0,6.65882352941177,0.0,1.0,0.0,0.568445475638051,0.5,2.0,0.6263340198475499,0.3736659801524501
43,57,1.0,0.0,1.0,6.0,1.0,2.0,1.0,2.0,7.0,31.0,77.0,0.55,0.0,73.0,2.0,22.0,18.0,6.0,6.65882352941177,0.0,1.0,0.0,0.568445475638051,0.5,2.0,0.6546699226843427,0.3453300773156573
43,58,1.0,0.0,1.0,6.0,1.0,12.0,1.0,2.0,7.0,31.0,77.0,0.55,0.0,97.0,2.0,39.0,18.0,6.0,6.65882352941177,0.0,1.0,0.0,0.568445475638051,0.5,2.0,0.8396857172756028,0.16031428272439743
43,59,1.0,0.0,1.0,6.0,1.0,2.0,1.0,2.0,7.0,31.0,77.0,0.55,0.0,97.0,2.0,3.0,18.0,6.0,47.3,0.0,1.0,0.0,0.568445475638051,0.5,2.0,0.8398313601889483,0.1601686398110517
43,60,1.0,17.0,1.0,6.0,1.0,2.0,1.0,2.0,7.0,31.0,77.0,0.55,0.0,97.0,2.0,3.0,18.0,6.0,6.65882352941177,35.0,1.0,0.0,0.568445475638051,0.5,2.0,0.8402653391318068,0.1597346608681932
43,61,1.0,0.0,1.0,6.0,1.0,2.0,1.0,18.0,7.0,31.0,77.0,0.55,0.0,97.0,2.0,3.0,18.0,6.0,6.65882352941177,0.0,1.0,1.0,0.568445475638051,0.5,2.0,0.8400954408646372,0.15990455913536294
43,62,1.0,0.0,1.0,6.0,1.0,2.0,1.0,2.0,14.0,31.0,77.0,0.55,0.0,97.0,2.0,3.0,18.0,6.0,6.65882352941177,36.0,1.0,0.0,0.568445475638051,0.5,2.0,0.8402653945851883,0.159734605414812
43,63,1.0,0.0,1.0,80.0,1.0,2.0,1.0,2.0,7.0,31.0,77.0,0.55,2.0,97.0,2.0,3.0,18.0,6.0,6.65882352941177,0.0,1.0,0.0,0.568445475638051,0.5,2.0,0.8402848873732655,0.15971511262673432
43,64,1.0,0.0,1.0,6.0,1.0,2.0,5.0,17.0,7.0,31.0,77.0,0.55,0.0,97.0,2.0,3.0,18.0,6.0,6.65882352941177,0.0,1.0,0.0,0.568445475638051,0.5,2.0,0.8382935384302262,0.16170646156977384
43,65,1.0,0.0,1.0,6.0,1.0,2.0,10.0,2.0,7.0,8.0,77.0,0.55,0.0,97.0,2.0,3.0,18.0,6.0,6.65882352941177,0.0,1.0,0.0,0.568445475638051,0.5,2.0,0.8017575367746976,0.19824246322530217
43,66,1.0,0.0,1.0,6.0,1.0,0.0,1.0,2.0,30.0,31.0,77.0,0.55,0.0,97.0,2.0,3.0,18.0,6.0,6.65882352941177,0.0,1.0,0.0,0.568445475638051,0.5,2.0,0.6492104824304489,0.35078951756955096
43,67,1.0,0.0,1.0,82.0,1.0,2.0,1.0,2.0,1.0,31.0,77.0,0.55,0.0,97.0,2.0,3.0,18.0,6.0,6.65882352941177,0.0,1.0,0.0,0.568445475638051,0.5,2.0,0.8402987030026117,0.15970129699738833
43,68,1.0,28.0,1.0,6.0,1.0,2.0,8.0,2.0,7.0,31.0,77.0,0.55,0.0,97.0,2.0,3.0,18.0,6.0,6.65882352941177,0.0,1.0,0.0,0.568445475638051,0.5,2.0,0.821518553632026,0.17848144636797397
43,69,9.0,0.0,1.0,6.0,1.0,2.0,1.0,2.0,7.0,31.0,77.0,0.55,0.0,97.0,2.0,3.0,66.0,6.0,6.65882352941177,0.0,1.0,0.0,0.568445475638051,0.5,2.0,0.5907654951387709,0.40923450486122925
43,70,1.0,0.0,1.0,77.0,1.0,2.0,1.0,2.0,7.0,31.0,77.0,0.55,4.0,97.0,2.0,3.0,18.0,6.0,6.65882352941177,0.0,1.0,0.0,0.568445475638051,0.5,2.0,0.8402750276846046,0.15972497231539526
43,71,1.0,0.0,1.0,6.0,38.0,2.0,1.0,2.0,7.0,31.0,77.0,0.55,0.0,97.0,2.0,3.0,18.0,9.0,6.65882352941177,0.0,1.0,0.0,0.568445475638051,0.5,2.0,0.8402855284773453,0.15971447152265456
43,72,1.0,0.0,1.0,6.0,1.0,2.0,1.0,2.0,7.0,31.0,77.0,0.55,14.0,97.0,2.0,3.0,18.0,6.0,6.65882352941177,0.0,1.0,0.0,0.568445475638051,0.5,2.0,0.8304031511789345,0.1695968488210655
43,73,1.0,0.0,1.0,6.0,1.0,2.0,1.0,2.0,7.0,31.0,77.0,0.55,0.0,97.0,2.0,3.0,18.0,6.0,29.0,0.0,1.0,0.0,0.568445475638051,0.5,2.0,0.7331153999571122,0.266884600042888
43,74,1.0,0.0,1.0,6.0,1.0,2.0,1.0,2.0,7.0,31.0,77.0,6.93,0.0,97.0,2.0,3.0,18.0,6.0,48.5,0.0,1.0,0.0,0.568445475638051,0.5,2.0,0.8401828551729662,0.15981714482703366
43,75,12.0,0.0,2.0,6.0,1.0,2.0,1.0,2.0,7.0,31.0,77.0,0.55,0.0,97.0,2.0,3.0,18.0,6.0,6.65882352941177,0.0,1.0,0.0,0.568445475638051,0.5,2.0,0.8173795298633756,0.1826204701366243
43,76,1.0,0.0,1.0,61.0,1.0,2.0,1.0,2.0,7.0,34.0,77.0,0.55,0.0,97.0,2.0,3.0,18.0,6.0,6.65882352941177,0.0,1.0,0.0,0.568445475638051,0.5,2.0,0.8402676373469586,0.1597323626530413
43,77,1.0,0.0,1.0,6.0,42.0,2.0,4.0,2.0,7.0,31.0,77.0,0.55,0.0,97.0,2.0,3.0,18.0,6.0,6.65882352941177,0.0,1.0,0.0,0.568445475638051,0.5,2.0,0.8406145884780216,0.15938541152197844
43,78,1.0,0.0,1.0,6.0,1.0,2.0,1.0,2.0,7.0,31.0,77.0,0.55,0.0,97.0,2.0,3.0,18.0,6.0,6.65882352941177,31.0,13.0,0.0,0.568445475638051,0.5,2.0,0.8402356266149492,0.15976437338505073
43,79,1.0,0.0,1.0,6.0,1.0,2.0,1.0,2.0,7.0,31.0,77.0,0.55,0.0,97.0,2.0,31.0,18.0,6.0,6.65882352941177,0.0,1.0,0.0,0.568445475638051,0.5,2.0,0.8227111585429441,0.17728884145705595
43,80,1.0,0.0,1.0,6.0,31.0,2.0,1.0,2.0,7.0,31.0,77.0,0.55,0.0,97.0,2.0,3.0,18.0,6.0,6.65882352941177,0.0,5.0,0.0,0.568445475638051,0.5,2.0,0.8402459944555234,0.15975400554447663
43,81,1.0,0.0,3.0,51.0,1.0,2.0,1.0,2.0,7.0,31.0,77.0,0.55,0.0,97.0,2.0,3.0,18.0,6.0,6.65882352941177,0.0,1.0,0.0,0.568445475638051,0.5,2.0,0.8402707875161793,0.15972921248382038
43,82,1.0,0.0,1.0,6.0,1.0,17.0,1.0,2.0,7.0,31.0,77.0,0.55,0.0,97.0,2.0,5.0,18.0,6.0,6.65882352941177,0.0,1.0,0.0,0.568445475638051,0.5,2.0,0.5662725500910417,0.4337274499089584
43,83,1.0,0.0,3.0,6.0,1.0,2.0,1.0,14.0,7.0,31.0,77.0,0.55,0.0,97.0,2.0,3.0,18.0,6.0,6.65882352941177,0.0,1.0,0.0,0.568445475638051,0.5,2.0,0.8343133662128084,0.1656866337871916
43,84,1.0,0.0,1.0,56.0,1.0,2.0,1.0,2.0,7.0,31.0,77.0,0.55,0.0,39.0,2.0,3.0,18.0,6.0,6.65882352941177,0.0,1.0,0.0,0.568445475638051,0.5,2.0,0.8402682013246802,0.15973179867531972
43,85,1.0,0.0,1.0,6.0,1.0,2.0,14.0,2.0,7.0,31.0,77.0,0.55,0.0,97.0,2.0,3.0,18.0,6.0,19.8,0.0,1.0,0.0,0.568445475638051,0.5,2.0,0.8396859478060926,0.16031405219390726
43,86,1.0,32.0,1.0,6.0,1.0,2.0,1.0,2.0,7.0,31.0,77.0,0.55,0.0,97.0,2.0,3.0,18.0,6.0,6.65882352941177,22.0,1.0,0.0,0.568445475638051,0.5,2.0,0.8398562272164924,0.16014377278350775
43,87,1.0,0.0,1.0,6.0,17.0,2.0,1.0,2.0,7.0,31.0,77.0,0.55,0.0,97.0,2.0,3.0,18.0,6.0,6.65882352941177,0.0,1.0,0.0,0.568445475638051,0.9,2.0,0.8192926915585265,0.18070730844147365
43,88,21.0,0.0,1.0,6.0,1.0,2.0,1.0,2.0,7.0,31.0,77.0,0.55,3.0,97.0,2.0,3.0,18.0,6.0,6.65882352941177,0.0,1.0,0.0,0.568445475638051,0.5,2.0,0.8403996350658436,0.15960036493415633
43,89,1.0,0.0,1.0,6.0,1.0,2.0,1.0,12.0,7.0,31.0,77.0,0.55,0.0,97.0,2.0,3.0,18.0,6.0,6.65882352941177,0.0,1.0,0.0,0.568445475638051,0.5,1.0,0.7578761293791162,0.24212387062088367
43,90,1.0,0.0,1.0,6.0,1.0,2.0,1.0,2.0,7.0,43.0,77.0,0.55,0.0,97.0,2.0,3.0,18.0,6.0,6.65882352941177,0.0,1.0,2.0,0.568445475638051,0.5,2.0,0.8077214543148711,0.19227854568512873
43,91,1.0,0.0,1.0,6.0,1.0,2.0,1.0,3.0,7.0,31.0,77.0,0.55,0.0,97.0,2.0,3.0,18.0,6.0,6.65882352941177,40.0,1.0,0.0,0.568445475638051,0.5,2.0,0.8402678002964441,0.15973219970355595
43,92,1.0,0.0,1.0,6.0,1.0,2.0,5.0,2.0,7.0,31.0,77.0,0.55,10.0,97.0,2.0,3.0,18.0,6.0,6.65882352941177,0.0,1.0,0.0,0.568445475638051,0.5,2.0,0.7777737456294406,0.22222625437055932
43,93,1.0,0.0,1.0,6.0,1.0,2.0,1.0,2.0,7.0,31.0,77.0,0.55,0.0,97.0,2.0,50.0,18.0,6.0,6.65882352941177,0.0,27.0,0.0,0.568445475638051,0.5,2.0,0.8402712060568776,0.1597287939431224
43,94,1.0,0.0,1.0,6.0,1.0,2.0,1.0,2.0,7.0,31.0,77.0,0.55,0.0,97.0,2.0,52.0,18.0,6.0,6.65882352941177,0.0,7.0,0.0,0.568445475638051,0.5,2.0,0.8404512013344604,0.1595487986655398
43,95,1.0,0.0,3.0,38.0,1.0,2.0,1.0,2.0,7.0,31.0,77.0,0.55,0.0,97.0,2.0,3.0,18.0,6.0,6.65882352941177,0.0,1.0,0.0,0.568445475638051,0.5,2.0,0.840078216041499,0.15992178395850076
43,96,1.0,0.0,1.0,6.0,1.0,2.0,1.0,2.0,7.0,31.0,77.0,0.55,0.0,97.0,2.0,25.0,18.0,6.0,6.65882352941177,0.0,13.0,0.0,0.568445475638051,0.5,2.0,0.8063907086845492,0.1936092913154509
43,97,1.0,0.0,1.0,6.0,41.0,2.0,1.0,2.0,7.0,31.0,77.0,0.55,0.0,97.0,2.0,14.0,18.0,6.0,6.65882352941177,0.0,1.0,0.0,0.568445475638051,0.5,2.0,0.8404543446984164,0.15954565530158368
43,98,1.0,39.0,1.0,6.0,1.0,2.0,1.0,2.0,7.0,5.0,77.0,0.55,0.0,97.0,2.0,3.0,18.0,6.0,6.65882352941177,0.0,1.0,0.0,0.568445475638051,0.5,2.0,0.8371252025106225,0.16287479748937742
43,99,1.0,0.0,2.0,6.0,1.0,2.0,1.0,2.0,35.0,31.0,77.0,0.55,0.0,97.0,2.0,3.0,18.0,6.0,6.65882352941177,0.0,1.0,0.0,0.568445475638051,0.5,2.0,0.786804620369894,0.21319537963010607
48,0,6.0,3.0,1.0,1.0,0.0,4.0,3.0,6.0,28.0,22.0,38.0,0.39,0.0,89.0,1.0,8.0,27.0,4.0,4.87272727272727,0.0,1.0,0.0,0.496396396396396,0.666666666666667,3.0,0.5575796547043668,0.44242034529563345
48,1,6.0,41.0,1.0,1.0,0.0,4.0,3.0,6.0,8.0,22.0,38.0,0.39,0.0,89.0,1.0,12.0,27.0,4.0,4.87272727272727,0.0,1.0,0.0,0.496396396396396,0.666666666666667,3.0,0.8392490875489302,0.16075091245106982
48,2,6.0,3.0,1.0,1.0,0.0,6.0,3.0,6.0,8.0,22.0,38.0,0.39,0.0,89.0,1.0,3.0,27.0,4.0,32.4,0.0,1.0,0.0,0.496396396396396,0.666666666666667,3.0,0.8275277428005398,0.17247225719946016
48,3,6.0,3.0,1.0,1.0,0.0,4.0,3.0,6.0,8.0,22.0,38.0,0.39,0.0,89.0,1.0,3.0,27.0,4.0,4.87272727272727,41.0,1.0,3.0,0.496396396396396,0.666666666666667,3.0,0.8402674145166087,0.15973258548339128
48,4,6.0,3.0,1.0,1.0,24.0,4.0,3.0,6.0,8.0,22.0,38.0,0.39,0.0,89.0,1.0,3.0,27.0,4.0,4.87272727272727,0.0,31.0,0.0,0.496396396396396,0.666666666666667,3.0,0.8402083706568158,0.1597916293431845
48,5,6.0,3.0,1.0,1.0,26.0,4.0,8.0,6.0,8.0,22.0,38.0,0.39,0.0,89.0,1.0,3.0,27.0,4.0,4.87272727272727,0.0,1.0,0.0,0.496396396396396,0.666666666666667,3.0,0.8380762843364992,0.16192371566350064
48,6,6.0,3.0,1.0,19.0,0.0,4.0,3.0,6.0,8.0,22.0,38.0,0.39,0.0,89.0,1.0,3.0,27.0,4.0,4.87272727272727,0.0,1.0,0.0,0.5,0.666666666666667,3.0,0.6348520073273552,0.3651479926726447
48,7,6.0,3.0,1.0,1.0,0.0,4.0,3.0,6.0,8.0,22.0,38.0,0.39,0.0,89.0,1.0,3.0,27.0,9.0,4.87272727272727,0.0,1.0,0.0,0.7,0.666666666666667,3.0,0.7186726069227093,0.28132739307729066
48,8,6.0,3.0,1.0,1.0,0.0,4.0,3.0,6.0,8.0,22.0,38.0,0.39,0.0,89.0,1.0,41.0,27.0,4.0,4.87272727272727,0.0,1.0,0.0,0.496396396396396,0.666666666666667,1.0,0.8405739712494648,0.1594260287505353
48,9,6.0,3.0,1.0,1.0,0.0,4.0,3.0,6.0,8.0,22.0,38.0,3.05,0.0,89.0,1.0,3.0,27.0,4.0,4.87272727272727,0.0,33.0,0.0,0.496396396396396,0.666666666666667,3.0,0.8392657771927992,0.1607342228072009
48,10,6.0,3.0,1.0,1.0,0.0,4.0,3.0,15.0,8.0,22.0,38.0,0.39,0.0,89.0,1.0,3.0,27.0,4.0,4.87272727272727,0.0,1.0,0.0,0.496396396396396,0.0,3.0,0.7561978835529145,0.24380211644708558
48,11,6.0,3.0,1.0,1.0,0.0,4.0,3.0,6.0,8.0,22.0,38.0,0.39,0.0,89.0,2.0,3.0,27.0,4.0,4.87272727272727,0.0,19.0,0.0,0.496396396396396,0.666666666666667,3.0,0.7335116751948941,0.2664883248051059
48,12,6.0,39.0,1.0,1.0,0.0,4.0,3.0,6.0,8.0,22.0,38.0,0.39,0.0,89.0,1.0,3.0,70.0,4.0,4.87272727272727,0.0,1.0,0.0,0.496396396396396,0.666666666666667,3.0,0.8369892232845949,0.1630107767154052
48,13,6.0,3.0,1.0,61.0,0.0,4.0,3.0,6.0,8.0,22.0,38.0,0.39,0.0,89.0,1.0,10.0,27.0,4.0,4.87272727272727,0.0,1.0,0.0,0.496396396396396,0.666666666666667,3.0,0.8402670961334242,0.15973290386657585
48,14,6.0,3.0,1.0,1.0,0.0,4.0,3.0,6.0,8.0,0.0,38.0,0.39,0.0,89.0,1.0,3.0,70.0,4.0,4.87272727272727,0.0,1.0,0.0,0.496396396396396,0.666666666666667,3.0,0.7006983453844293,0.29930165461557084
48,15,6.0,3.0,1.0,1.0,0.0,4.0,3.0,6.0,8.0,22.0,38.0,0.39,4.0,89.0,1.0,39.0,27.0,4.0,4.87272727272727,0.0,1.0,0.0,0.496396396396396,0.666666666666667,3.0,0.8398045179547506,0.1601954820452493
48,16,10.0,3.0,1.0,1.0,0.0,4.0,3.0,6.0,8.0,22.0,38.0,0.39,0.0,89.0,1.0,5.0,27.0,4.0,4.87272727272727,0.0,1.0,0.0,0.496396396396396,0.666666666666667,3.0,0.5065892284054859,0.4934107715945138
48,17,6.0,3.0,1.0,1.0,0.0,4.0,3.0,6.0,8.0,22.0,38.0,0.39,0.0,89.0,1.0,3.0,20.0,4.0,4.87272727272727,0.0,1.0,3.0,0.496396396396396,0.666666666666667,3.0,0.8398843916092469,0.16011560839075306
48,18,6.0,3.0,1.0,1.0,0.0,15.0,3.0,6.0,18.0,22.0,38.0,0.39,0.0,89.0,1.0,3.0,27.0,4.0,4.87272727272727,0.0,1.0,0.0,0.496396396396396,0.666666666666667,3.0,0.5326791336286343,0.46732086637136555
48,19,6.0,3.0,1.0,1.0,0.0,4.0,3.0,6.0,8.0,22.0,38.0,0.39,0.0,89.0,1.0,3.0,27.0,4.0,12.9,0.0,1.0,3.0,0.496396396396396,0.666666666666667,3.0,0.8399539657448197,0.16004603425518016
48,20,6.0,35.0,1.0,1.0,0.0,4.0,3.0,6.0,8.0,22.0,38.0,0.39,0.0,89.0,1.0,3.0,27.0,4.0,4.87272727272727,43.0,1.0,0.0,0.496396396396396,0.666666666666667,3.0,0.840267417913787,0.1597325820862131
48,21,6.0,3.0,1.0,1.0,0.0,4.0,3.0,6.0,8.0,22.0,123.0,0.39,0.0,89.0,1.0,3.0,27.0,3.0,4.87272727272727,0.0,1.0,0.0,0.496396396396396,0.666666666666667,3.0,0.6628361386320952,0.33716386136790466
48,22,6.0,3.0,1.0,1.0,0.0,4.0,3.0,6.0,8.0,22.0,38.0,0.39,15.0,89.0,1.0,3.0,12.0,4.0,4.87272727272727,0.0,1.0,0.0,0.496396396396396,0.666666666666667,3.0,0.8361382104725671,0.16386178952743294
48,23,6.0,7.0,1.0,1.0,0.0,4.0,3.0,13.0,8.0,22.0,38.0,0.39,0.0,89.0,1.0,3.0,27.0,4.0,4.87272727272727,0.0,1.0,0.0,0.496396396396396,0.666666666666667,3.0,0.6796464398195812,0.32035356018041894
48,24,6.0,3.0,1.0,1.0,0.0,4.0,3.0,6.0,38.0,22.0,38.0,0.39,0.0,89.0,1.0,3.0,27.0,4.0,4.87272727272727,0.0,1.0,0.0,0.496396396396396,0.666666666666667,3.0,0.7765156280512201,0.22348437194878007
48,25,6.0,3.0,1.0,1.0,10.0,4.0,3.0,6.0,8.0,22.0,38.0,0.39,0.0,89.0,1.0,3.0,27.0,4.0,4.87272727272727,0.0,1.0,0.0,1.1,0.666666666666667,3.0,0.6580162973984616,0.3419837026015384
48,26,6.0,3.0,1.0,1.0,0.0,4.0,14.0,6.0,8.0,22.0,38.0,0.39,0.0,89.0,1.0,3.0,27.0,4.0,19.8,0.0,1.0,0.0,0.496396396396396,0.666666666666667,3.0,0.839127877500843,0.1608721224991571
48,27,6.0,3.0,1.0,1.0,0.0,4.0,3.0,6.0,8.0,22.0,100.0,0.39,0.0,89.0,1.0,3.0,8.0,4.0,4.87272727272727,0.0,1.0,0.0,0.496396396396396,0.666666666666667,3.0,0.5682822952114397,0.4317177047885603
48,28,6.0,3.0,1.0,1.0,27.0,4.0,3.0,6.0,8.0,22.0,38.0,0.39,0.0,89.0,1.0,3.0,27.0,4.0,4.87272727272727,0.0,1.0,0.0,0.496396396396396,0.666666666666667,3.0,0.8324143545540638,0.16758564544593627
48,29,6.0,3.0,1.0,1.0,14.0,4.0,3.0,6.0,8.0,22.0,38.0,0.39,0.0,89.0,1.0,3.0,27.0,4.0,26.2,0.0,1.0,0.0,0.496396396396396,0.666666666666667,3.0,0.8347950257966787,0.16520497420332114
48,30,15.0,3.0,1.0,1.0,0.0,4.0,3.0,6.0,8.0,22.0,38.0,0.39,0.0,89.0,1.0,3.0,27.0,4.0,4.87272727272727,0.0,1.0,0.0,0.496396396396396,0.666666666666667,3.0,0.8295701566614833,0.1704298433385168
48,31,6.0,33.0,1.0,1.0,0.0,4.0,3.0,6.0,8.0,22.0,38.0,0.39,0.0,89.0,1.0,3.0,27.0,4.0,4.87272727272727,0.0,1.0,0.0,0.496396396396396,0.5,3.0,0.8072718773557933,0.19272812264420672
48,32,6.0,3.0,1.0,1.0,0.0,4.0,3.0,6.0,8.0,22.0,38.0,0.39,10.0,89.0,1.0,3.0,27.0,8.0,4.87272727272727,0.0,1.0,0.0,0.496396396396396,0.666666666666667,3.0,0.8213089970602322,0.17869100293976775
48,33,6.0,3.0,1.0,1.0,0.0,4.0,3.0,6.0,8.0,22.0,93.0,0.39,0.0,89.0,1.0,3.0,27.0,4.0,4.87272727272727,0.0,34.0,0.0,0.496396396396396,0.666666666666667,3.0,0.839696748341251,0.1603032516587491
48,34,6.0,3.0,1.0,1.0,0.0,4.0,3.0,18.0,8.0,60.0,38.0,0.39,0.0,89.0,1.0,3.0,27.0,4.0,4.87272727272727,0.0,1.0,0.0,0.496396396396396,0.666666666666667,3.0,0.8376446722854992,0.16235532771450079
48,35,6.0,3.0,1.0,1.0,0.0,4.0,3.0,6.0,8.0,22.0,130.0,0.39,0.0,89.0,1.0,3.0,27.0,4.0,4.87272727272727,0.0,1.0,0.0,0.496396396396396,0.666666666666667,3.0,0.7103389615253246,0.2896610384746752
48,36,6.0,31.0,1.0,1.0,0.0,4.0,3.0,6.0,8.0,22.0,38.0,0.39,0.0,89.0,1.0,3.0,27.0,4.0,4.87272727272727,8.0,1.0,0.0,0.496396396396396,0.666666666666667,3.0,0.8146897804824498,0.18531021951755028
48,37,6.0,3.0,1.0,51.0,0.0,4.0,3.0,6.0,8.0,22.0,38.0,0.39,0.0,89.0,1.0,3.0,27.0,4.0,4.87272727272727,0.0,1.0,0.0,0.496396396396396,0.666666666666667,3.0,0.840222609062261,0.15977739093773885
48,38,6.0,3.0,1.0,1.0,43.0,4.0,3.0,3.0,8.0,22.0,38.0,0.39,0.0,89.0,1.0,3.0,27.0,4.0,4.87272727272727,0.0,1.0,0.0,0.496396396396396,0.666666666666667,3.0,0.8410780385949346,0.1589219614050655
48,39,6.0,3.0,1.0,1.0,0.0,4.0,3.0,6.0,8.0,22.0,139.0,0.39,0.0,89.0,1.0,3.0,27.0,4.0,4.87272727272727,0.0,1.0,0.0,0.496396396396396,0.666666666666667,3.0,0.7581186168502952,0.24188138314970453
48,40,19.0,3.0,1.0,1.0,0.0,4.0,14.0,6.0,8.0,22.0,38.0,0.39,0.0,89.0,1.0,3.0,27.0,4.0,4.87272727272727,0.0,1.0,0.0,0.496396396396396,0.666666666666667,3.0,0.8402707821744378,0.15972921782556246
48,41,6.0,3.0,1.0,1.0,0.0,4.0,3.0,6.0,8.0,22.0,38.0,0.39,0.0,89.0,1.0,3.0,47.0,4.0,4.87272727272727,26.0,1.0,0.0,0.496396396396396,0.666666666666667,3.0,0.8393927467830995,0.1606072532169003
48,42,6.0,3.0,1.0,1.0,0.0,4.0,3.0,6.0,8.0,25.0,38.0,0.39,0.0,89.0,1.0,32.0,27.0,4.0,4.87272727272727,0.0,1.0,0.0,0.496396396396396,0.666666666666667,3.0,0.8311569724593539,0.1688430275406459
48,43,6.0,3.0,1.0,82.0,0.0,4.0,3.0,6.0,8.0,22.0,38.0,0.39,0.0,89.0,1.0,3.0,27.0,4.0,4.87272727272727,0.0,1.0,0.0,0.496396396396396,0.666666666666667,3.0,0.8402933422093226,0.15970665779067733
48,44,6.0,3.0,1.0,1.0,0.0,4.0,3.0,6.0,8.0,22.0,66.0,0.39,0.0,89.0,1.0,3.0,27.0,4.0,4.87272727272727,0.0,15.0,0.0,0.496396396396396,0.666666666666667,3.0,0.6039668983524852,0.3960331016475148
48,45,12.0,3.0,1.0,1.0,0.0,4.0,3.0,6.0,8.0,22.0,38.0,0.39,0.0,89.0,1.0,3.0,27.0,4.0,4.87272727272727,0.0,1.0,0.0,0.496396396396396,0.666666666666667,3.0,0.7210991824072865,0.27890081759271323
48,46,6.0,3.0,1.0,1.0,0.0,4.0,3.0,6.0,8.0,22.0,38.0,0.39,0.0,89.0,1.0,22.0,27.0,4.0,4.87272727272727,12.0,1.0,0.0,0.496396396396396,0.666666666666667,3.0,0.8140731908557486,0.18592680914425136
48,47,6.0,3.0,1.0,1.0,0.0,4.0,3.0,6.0,8.0,8.0,38.0,0.39,0.0,89.0,1.0,3.0,27.0,4.0,21.3,0.0,1.0,0.0,0.496396396396396,0.666666666666667,3.0,0.7019462934794096,0.2980537065205902
48,48,6.0,3.0,1.0,1.0,0.0,4.0,3.0,6.0,29.0,22.0,38.0,0.39,0.0,89.0,1.0,3.0,27.0,4.0,4.87272727272727,0.0,1.0,0.0,0.496396396396396,0.8,3.0,0.5516627163571284,0.4483372836428716
48,49,6.0,3.0,1.0,1.0,0.0,4.0,13.0,6.0,8.0,22.0,38.0,0.39,0.0,23.0,1.0,3.0,27.0,4.0,4.87272727272727,0.0,1.0,0.0,0.496396396396396,0.666666666666667,3.0,0.8322664229202364,0.16773357707976352
48,50,6.0,3.0,1.0,1.0,0.0,4.0,3.0,6.0,8.0,22.0,38.0,4.23,0.0,89.0,1.0,3.0,27.0,4.0,4.87272727272727,35.0,1.0,0.0,0.496396396396396,0.666666666666667,3.0,0.8402663830274743,0.1597336169725259
48,51,6.0,3.0,1.0,1.0,0.0,4.0,3.0,6.0,4.0,58.0,38.0,0.39,0.0,89.0,1.0,3.0,27.0,4.0,4.87272727272727,0.0,1.0,0.0,0.496396396396396,0.666666666666667,3.0,0.6212382936403734,0.3787617063596267
48,52,6.0,34.0,1.0,1.0,0.0,4.0,3.0,6.0,8.0,22.0,3.0,0.39,0.0,89.0,1.0,3.0,27.0,4.0,4.87272727272727,0.0,1.0,0.0,0.496396396396396,0.666666666666667,3.0,0.825550280662112,0.17444971933788808
48,53,6.0,3.0,1.0,1.0,0.0,4.0,3.0,6.0,8.0,22.0,32.0,0.39,0.0,89.0,1.0,3.0,27.0,4.0,4.87272727272727,0.0,32.0,0.0,0.496396396396396,0.666666666666667,3.0,0.8384878865968398,0.1615121134031599
48,54,6.0,3.0,1.0,75.0,0.0,4.0,3.0,6.0,8.0,22.0,38.0,0.39,0.0,88.0,1.0,3.0,27.0,4.0,4.87272727272727,0.0,1.0,0.0,0.496396396396396,0.666666666666667,3.0,0.8402746293978055,0.1597253706021945
48,55,6.0,3.0,1.0,1.0,0.0,4.0,3.0,6.0,8.0,22.0,38.0,0.39,0.0,89.0,1.0,3.0,27.0,4.0,4.87272727272727,0.0,32.0,0.0,0.496396396396396,1.1,3.0,0.8384408154174274,0.16155918458257246
48,56,6.0,3.0,1.0,1.0,0.0,12.0,3.0,6.0,8.0,3.0,38.0,0.39,0.0,89.0,1.0,3.0,27.0,4.0,4.87272727272727,0.0,1.0,0.0,0.496396396396396,0.666666666666667,3.0,0.5109245916642333,0.4890754083357666
48,57,6.0,3.0,1.0,1.0,0.0,4.0,3.0,12.0,8.0,22.0,38.0,0.39,0.0,89.0,1.0,3.0,27.0,4.0,4.87272727272727,0.0,1.0,0.0,0.496396396396396,0.666666666666667,1.0,0.509317536427594,0.4906824635724061
48,58,6.0,3.0,1.0,1.0,0.0,4.0,3.0,6.0,8.0,22.0,38.0,0.39,0.0,89.0,1.0,3.0,27.0,4.0,4.87272727272727,29.0,1.0,0.0,0.496396396396396,0.666666666666667,1.0,0.8401293098371041,0.15987069016289604
48,59,6.0,3.0,1.0,1.0,13.0,4.0,3.0,6.0,8.0,22.0,38.0,0.39,0.0,56.0,1.0,3.0,27.0,4.0,4.87272727272727,0.0,1.0,0.0,0.496396396396396,0.666666666666667,3.0,0.739898048687373,0.26010195131262703
48,60,6.0,3.0,1.0,1.0,0.0,4.0,3.0,6.0,32.0,22.0,38.0,0.39,0.0,89.0,1.0,3.0,27.0,4.0,4.87272727272727,0.0,1.0,0.0,0.3,0.666666666666667,3.0,0.6688376780476853,0.33116232195231476
48,61,6.0,3.0,1.0,1.0,0.0,4.0,3.0,6.0,8.0,22.0,38.0,6.6,0.0,89.0,1.0,3.0,27.0,4.0,4.87272727272727,0.0,1.0,0.0,0.496396396396396,0.666666666666667,3.0,0.5460697869235692,0.45393021307643094
48,62,6.0,3.0,1.0,1.0,16.0,4.0,3.0,6.0,8.0,22.0,38.0,0.39,0.0,89.0,1.0,3.0,27.0,4.0,4.87272727272727,0.0,1.0,3.0,0.496396396396396,0.666666666666667,3.0,0.84023185834934,0.15976814165065978
48,63,6.0,3.0,1.0,49.0,0.0,4.0,3.0,6.0,8.0,22.0,38.0,0.39,0.0,89.0,1.0,3.0,27.0,4.0,4.87272727272727,0.0,1.0,0.0,0.496396396396396,0.666666666666667,3.0,0.8401726278656988,0.15982737213430134
48,64,6.0,3.0,1.0,1.0,0.0,4.0,3.0,6.0,8.0,22.0,38.0,0.39,0.0,66.0,1.0,3.0,27.0,4.0,4.87272727272727,0.0,15.0,0.0,0.496396396396396,0.666666666666667,3.0,0.5786025569240975,0.4213974430759025
48,65,6.0,3.0,1.0,1.0,0.0,4.0,3.0,17.0,8.0,22.0,38.0,0.39,0.0,33.0,1.0,3.0,27.0,4.0,4.87272727272727,0.0,1.0,0.0,0.496396396396396,0.666666666666667,3.0,0.7983269333487879,0.20167306665121204
48,66,6.0,3.0,1.0,1.0,0.0,4.0,3.0,6.0,8.0,22.0,38.0,0.39,7.0,89.0,1.0,3.0,27.0,0.0,4.87272727272727,0.0,1.0,0.0,0.496396396396396,0.666666666666667,3.0,0.6427668777679022,0.3572331222320979
48,67,6.0,3.0,1.0,1.0,0.0,4.0,3.0,6.0,8.0,22.0,38.0,0.39,0.0,89.0,3.0,48.0,27.0,4.0,4.87272727272727,0.0,1.0,0.0,0.496396396396396,0.666666666666667,3.0,0.8405387182783,0.15946128172170013
48,68,6.0,41.0,1.0,1.0,0.0,4.0,0.0,6.0,8.0,22.0,38.0,0.39,0.0,89.0,1.0,3.0,27.0,4.0,4.87272727272727,0.0,1.0,0.0,0.496396396396396,0.666666666666667,3.0,0.8391561154603743,0.1608438845396256
48,69,6.0,3.0,1.0,40.0,0.0,12.0,3.0,6.0,8.0,22.0,38.0,0.39,0.0,89.0,1.0,3.0,27.0,4.0,4.87272727272727,0.0,1.0,0.0,0.496396396396396,0.666666666666667,3.0,0.8395256832793644,0.16047431672063558
48,70,6.0,3.0,1.0,1.0,0.0,4.0,2.0,6.0,8.0,66.0,38.0,0.39,0.0,89.0,1.0,3.0,27.0,4.0,4.87272727272727,0.0,1.0,0.0,0.496396396396396,0.666666666666667,3.0,0.7364445914812616,0.26355540851873843
48,71,6.0,3.0,1.0,1.0,19.0,4.0,3.0,6.0,8.0,22.0,38.0,4.54,0.0,89.0,1.0,3.0,27.0,4.0,4.87272727272727,0.0,1.0,0.0,0.496396396396396,0.666666666666667,3.0,0.8212053145043963,0.17879468549560365
48,72,6.0,3.0,1.0,1.0,0.0,4.0,3.0,6.0,8.0,22.0,112.0,0.39,0.0,89.0,1.0,3.0,27.0,4.0,28.7,0.0,1.0,0.0,0.496396396396396,0.666666666666667,3.0,0.82213445596583,0.17786554403417013
48,73,6.0,3.0,1.0,1.0,3.0,4.0,3.0,12.0,8.0,22.0,38.0,0.39,0.0,89.0,1.0,3.0,27.0,4.0,4.87272727272727,0.0,1.0,0.0,0.496396396396396,0.666666666666667,3.0,0.6434126118875552,0.35658738811244495
48,74,6.0,3.0,1.0,1.0,0.0,4.0,3.0,6.0,8.0,22.0,38.0,0.39,0.0,89.0,1.0,17.0,27.0,1.0,4.87272727272727,0.0,1.0,0.0,0.496396396396396,0.666666666666667,3.0,0.6144826677417173,0.3855173322582827
48,75,6.0,3.0,1.0,1.0,0.0,4.0,3.0,6.0,8.0,22.0,38.0,0.39,9.0,89.0,1.0,3.0,27.0,4.0,4.87272727272727,0.0,1.0,0.0,0.496396396396396,0.666666666666667,3.0,0.7011661440613357,0.298833855938664
48,76,6.0,3.0,3.0,1.0,0.0,4.0,3.0,6.0,8.0,22.0,38.0,3.73,0.0,89.0,1.0,3.0,27.0,4.0,4.87272727272727,0.0,1.0,0.0,0.496396396396396,0.666666666666667,3.0,0.693949718017651,0.3060502819823492
48,77,6.0,3.0,1.0,1.0,0.0,4.0,3.0,6.0,8.0,22.0,38.0,0.39,0.0,89.0,1.0,31.0,6.0,4.0,4.87272727272727,0.0,1.0,0.0,0.496396396396396,0.666666666666667,3.0,0.8337166087882288,0.16628339121177121
48,78,6.0,3.0,1.0,1.0,0.0,4.0,3.0,6.0,8.0,22.0,38.0,0.39,0.0,89.0,1.0,15.0,3.0,4.0,4.87272727272727,0.0,1.0,0.0,0.496396396396396,0.666666666666667,3.0,0.5934823041511088,0.40651769584889114
48,79,6.0,3.0,1.0,1.0,0.0,4.0,3.0,6.0,8.0,22.0,38.0,0.39,0.0,89.0,1.0,3.0,27.0,4.0,4.87272727272727,0.0,33.0,0.0,0.496396396396396,0.666666666666667,3.0,0.8390465332657775,0.16095346673422242
48,80,6.0,3.0,1.0,1.0,0.0,4.0,3.0,6.0,8.0,22.0,63.0,0.39,0.0,89.0,1.0,3.0,27.0,4.0,4.87272727272727,0.0,24.0,0.0,0.496396396396396,0.666666666666667,3.0,0.8138833052823693,0.18611669471763087
48,81,6.0,3.0,0.0,1.0,0.0,4.0,3.0,6.0,8.0,22.0,38.0,0.39,0.0,89.0,1.0,3.0,27.0,9.0,4.87272727272727,0.0,1.0,0.0,0.496396396396396,0.666666666666667,3.0,0.7620777527142141,0.2379222472857861
48,82,21.0,3.0,1.0,1.0,0.0,4.0,3.0,6.0,0.0,22.0,38.0,0.39,0.0,89.0,1.0,3.0,27.0,4.0,4.87272727272727,0.0,1.0,0.0,0.496396396396396,0.666666666666667,3.0,0.8414956944907516,0.15850430550924832
48,83,6.0,0.0,1.0,1.0,0.0,4.0,3.0,6.0,8.0,22.0,38.0,0.39,0.0,89.0,1.0,3.0,27.0,4.0,4.87272727272727,33.0,1.0,0.0,0.496396396396396,0.666666666666667,3.0,0.8402537010966437,0.15974629890335645
48,84,13.0,3.0,1.0,1.0,0.0,4.0,3.0,6.0,8.0,22.0,38.0,0.39,0.0,89.0,1.0,3.0,27.0,4.0,4.87272727272727,0.0,1.0,0.0,0.496396396396396,0.666666666666667,4.0,0.7990683964283164,0.20093160357168366
48,85,6.0,3.0,1.0,1.0,0.0,4.0,3.0,12.0,8.0,22.0,38.0,5.88,0.0,89.0,1.0,3.0,27.0,4.0,4.87272727272727,0.0,1.0,0.0,0.496396396396396,0.666666666666667,3.0,0.7602373263134615,0.23976267368653836
48,86,15.0,3.0,1.0,1.0,0.0,17.0,3.0,6.0,8.0,22.0,38.0,0.39,0.0,89.0,1.0,3.0,27.0,4.0,4.87272727272727,0.0,1.0,0.0,0.496396396396396,0.666666666666667,3.0,0.8359630428061331,0.1640369571938668
48,87,6.0,3.0,1.0,1.0,0.0,4.0,3.0,6.0,8.0,22.0,38.0,0.39,0.0,89.0,1.0,3.0,44.0,4.0,4.87272727272727,0.0,1.0,2.0,0.496396396396396,0.666666666666667,3.0,0.8167163475060393,0.18328365249396092
48,88,6.0,3.0,1.0,1.0,0.0,4.0,3.0,11.0,8.0,22.0,38.0,0.39,15.0,89.0,1.0,3.0,27.0,4.0,4.87272727272727,0.0,1.0,0.0,0.496396396396396,0.666666666666667,3.0,0.838947996580065,0.16105200341993497
48,89,18.0,3.0,1.0,1.0,0.0,4.0,3.0,6.0,8.0,22.0,38.0,0.39,0.0,89.0,1.0,3.0,27.0,4.0,4.87272727272727,0.0,1.0,0.0,0.496396396396396,0.9,3.0,0.842217330382814,0.15778266961718612
48,90,6.0,3.0,1.0,1.0,0.0,4.0,3.0,2.0,8.0,22.0,38.0,0.39,0.0,89.0,1.0,3.0,27.0,4.0,25.9,0.0,1.0,0.0,0.496396396396396,0.666666666666667,3.0,0.7539925305132179,0.24600746948678193
48,91,6.0,39.0,0.0,1.0,0.0,4.0,3.0,6.0,8.0,22.0,38.0,0.39,0.0,89.0,1.0,3.0,27.0,4.0,4.87272727272727,0.0,1.0,0.0,0.496396396396396,0.666666666666667,3.0,0.8361391347528034,0.1638608652471964
48,92,6.0,3.0,1.0,1.0,0.0,4.0,3.0,6.0,8.0,22.0,38.0,0.39,0.0,89.0,1.0,3.0,27.0,8.0,4.87272727272727,0.0,1.0,0.0,1.1,0.666666666666667,3.0,0.6602794281387103,0.33972057186128957
48,93,6.0,3.0,1.0,61.0,0.0,4.0,3.0,6.0,8.0,22.0,38.0,0.39,0.0,89.0,1.0,3.0,27.0,4.0,4.87272727272727,0.0,1.0,0.0,0.9,0.666666666666667,3.0,0.8402669496339494,0.15973305036605068
48,94,6.0,22.0,1.0,1.0,0.0,4.0,3.0,6.0,8.0,22.0,38.0,0.39,0.0,89.0,1.0,3.0,27.0,4.0,4.87272727272727,0.0,1.0,0.0,0.496396396396396,0.666666666666667,2.0,0.5389871308943107,0.46101286910568934
48,95,6.0,3.0,1.0,1.0,0.0,4.0,9.0,6.0,8.0,22.0,38.0,3.61,0.0,89.0,1.0,3.0,27.0,4.0,4.87272727272727,0.0,1.0,0.0,0.496396396396396,0.666666666666667,3.0,0.7093695147969111,0.290630485203089
48,96,6.0,3.0,1.0,1.0,0.0,4.0,3.0,6.0,8.0,22.0,38.0,0.39,13.0,89.0,1.0,3.0,27.0,6.0,4.87272727272727,0.0,1.0,0.0,0.496396396396396,0.666666666666667,3.0,0.8306935168134574,0.1693064831865426
48,97,6.0,3.0,1.0,1.0,0.0,4.0,3.0,13.0,8.0,22.0,38.0,0.39,0.0,89.0,1.0,3.0,27.0,4.0,4.87272727272727,0.0,1.0,0.0,0.496396396396396,0.666666666666667,3.0,0.6700089836185876,0.3299910163814124
48,98,6.0,3.0,1.0,1.0,16.0,4.0,3.0,6.0,8.0,22.0,38.0,0.39,0.0,89.0,1.0,3.0,27.0,5.0,4.87272727272727,0.0,1.0,0.0,0.496396396396396,0.666666666666667,3.0,0.8024083224102248,0.19759167758977528
48,99,6.0,41.0,1.0,81.0,0.0,4.0,3.0,6.0,8.0,22.0,38.0,0.39,0.0,89.0,1.0,3.0,27.0,4.0,4.87272727272727,0.0,1.0,0.0,0.496396396396396,0.666666666666667,3.0,0.8402675319590464,0.15973246804095373
58,0,0.0,4.0,4.0,2.0,0.0,8.0,2.0,5.0,22.0,21.0,78.0,1.43,0.0,94.0,1.0,1.0,50.0,6.0,4.24038461538461,0.0,0.0,0.0,0.66008316008316,0.625,4.0,0.8261881443071067,0.1738118556928932
58,1,0.0,4.0,1.0,2.0,0.0,8.0,2.0,5.0,22.0,21.0,78.0,1.43,0.0,94.0,4.0,1.0,50.0,6.0,4.24038461538461,0.0,0.0,3.0,0.66008316008316,0.625,1.0,0.839862454632865,0.1601375453671349
58,2,0.0,4.0,4.0,2.0,0.0,12.0,2.0,5.0,22.0,21.0,78.0,1.43,0.0,94.0,1.0,1.0,50.0,6.0,4.24038461538461,0.0,0.0,0.0,0.66008316008316,0.625,1.0,0.8215262614808937,0.1784737385191065
58,3,0.0,4.0,1.0,2.0,0.0,8.0,2.0,5.0,22.0,21.0,78.0,1.43,0.0,94.0,1.0,1.0,50.0,6.0,4.24038461538461,15.0,0.0,3.0,0.66008316008316,0.625,1.0,0.8402123042701205,0.15978769572987964
58,4,0.0,4.0,1.0,2.0,0.0,8.0,2.0,5.0,22.0,21.0,78.0,1.43,0.0,94.0,1.0,1.0,50.0,9.0,4.24038461538461,0.0,24.0,0.0,0.66008316008316,0.625,1.0,0.8299613948500936,0.17003860514990662
58,5,16.0,4.0,1.0,2.0,15.0,8.0,2.0,5.0,22.0,21.0,78.0,1.43,0.0,94.0,1.0,1.0,50.0,6.0,4.24038461538461,0.0,0.0,0.0,0.66008316008316,0.625,1.0,0.8401364579881307,0.1598635420118692
58,6,0.0,4.0,1.0,2.0,0.0,8.0,2.0,5.0,22.0,21.0,78.0,1.73,0.0,94.0,1.0,1.0,50.0,6.0,4.24038461538461,22.0,0.0,0.0,0.66008316008316,0.625,1.0,0.8344255905430037,0.16557440945699656
58,7,0.0,4.0,1.0,2.0,0.0,8.0,2.0,5.0,1.0,21.0,78.0,1.43,14.0,94.0,1.0,1.0,50.0,6.0,4.24038461538461,0.0,0.0,0.0,0.66008316008316,0.625,1.0,0.8366083437172204,0.16339165628277966
58,8,0.0,4.0,1.0,2.0,0.0,8.0,2.0,5.0,22.0,21.0,78.0,1.43,0.0,94.0,1.0,1.0,50.0,6.0,4.24038461538461,0.0,37.0,0.0,1.0,0.625,1.0,0.840067611457724,0.1599323885422759
58,9,0.0,4.0,1.0,2.0,0.0,8.0,2.0,5.0,22.0,21.0,78.0,1.43,0.0,94.0,1.0,1.0,50.0,6.0,12.5,0.0,0.0,2.0,0.66008316008316,0.625,1.0,0.8218011631055506,0.17819883689444954
58,10,0.0,4.0,1.0,2.0,0.0,17.0,2.0,5.0,22.0,21.0,78.0,1.43,0.0,94.0,1.0,1.0,50.0,6.0,23.1,0.0,0.0,0.0,0.66008316008316,0.625,1.0,0.7745764533245817,0.22542354667541822
58,11,0.0,4.0,1.0,2.0,0.0,8.0,2.0,5.0,22.0,21.0,135.0,3.42,0.0,94.0,1.0,1.0,50.0,6.0,4.24038461538461,0.0,0.0,0.0,0.66008316008316,0.625,1.0,0.6196735201834368,0.3803264798165631
58,12,0.0,4.0,1.0,2.0,0.0,8.0,10.0,5.0,22.0,21.0,78.0,1.43,0.0,94.0,3.0,1.0,50.0,6.0,4.24038461538461,0.0,0.0,0.0,0.66008316008316,0.625,1.0,0.7980054721691238,0.20199452783087649
58,13,0.0,4.0,2.0,2.0,0.0,8.0,2.0,5.0,22.0,21.0,78.0,1.43,0.0,94.0,1.0,1.0,50.0,6.0,4.24038461538461,0.0,25.0,0.0,0.66008316008316,0.625,1.0,0.8283865001721061,0.1716134998278936
58,14,0.0,4.0,1.0,2.0,12.0,8.0,2.0,9.0,22.0,21.0,78.0,1.43,0.0,94.0,1.0,1.0,50.0,6.0,4.24038461538461,0.0,0.0,0.0,0.66008316008316,0.625,1.0,0.796139538060122,0.20386046193987786
58,15,0.0,4.0,1.0,79.0,0.0,8.0,2.0,5.0,32.0,21.0,78.0,1.43,0.0,94.0,1.0,1.0,50.0,6.0,4.24038461538461,0.0,0.0,0.0,0.66008316008316,0.625,1.0,0.8402674782662816,0.15973252173371863
58,16,0.0,4.0,1.0,14.0,0.0,8.0,2.0,5.0,37.0,21.0,78.0,1.43,0.0,94.0,1.0,1.0,50.0,6.0,4.24038461538461,0.0,0.0,0.0,0.66008316008316,0.625,1.0,0.7507363578557283,0.24926364214427146
58,17,0.0,32.0,1.0,2.0,0.0,8.0,2.0,5.0,40.0,21.0,78.0,1.43,0.0,94.0,1.0,1.0,50.0,6.0,4.24038461538461,0.0,0.0,0.0,0.66008316008316,0.625,1.0,0.8307218152233645,0.1692781847766354
58,18,0.0,4.0,1.0,2.0,0.0,8.0,2.0,5.0,22.0,21.0,78.0,1.43,0.0,94.0,1.0,51.0,50.0,6.0,4.24038461538461,0.0,0.0,0.0,0.66008316008316,0.625,1.0,0.8404829450929038,0.15951705490709614
58,19,0.0,4.0,1.0,39.0,0.0,8.0,2.0,5.0,22.0,21.0,78.0,1.43,0.0,94.0,1.0,1.0,50.0,6.0,4.24038461538461,0.0,0.0,0.0,0.66008316008316,0.6,1.0,0.8397583253711303,0.16024167462886957
58,20,0.0,4.0,1.0,2.0,11.0,8.0,2.0,5.0,22.0,21.0,58.0,1.43,0.0,94.0,1.0,1.0,50.0,6.0,4.24038461538461,0.0,0.0,0.0,0.66008316008316,0.625,1.0,0.7341407146303924,0.26585928536960757
58,21,0.0,4.0,1.0,2.0,13.0,8.0,2.0,5.0,22.0,21.0,78.0,1.43,0.0,94.0,1.0,1.0,50.0,6.0,4.24038461538461,0.0,0.0,0.0,0.66008316008316,0.625,1.0,0.7911314968216605,0.20886850317833944
58,22,0.0,4.0,1.0,2.0,0.0,8.0,12.0,13.0,22.0,21.0,78.0,1.43,0.0,94.0,1.0,1.0,50.0,6.0,4.24038461538461,0.0,0.0,0.0,0.66008316008316,0.625,1.0,0.8384327788836153,0.16156722111638475
58,23,0.0,4.0,1.0,2.0,0.0,8.0,2.0,5.0,22.0,21.0,78.0,1.43,7.0,94.0,1.0,1.0,60.0,6.0,4.24038461538461,0.0,0.0,0.0,0.66008316008316,0.625,1.0,0.6060905913956673,0.3939094086043327
58,24,0.0,4.0,1.0,2.0,0.0,8.0,2.0,5.0,22.0,21.0,78.0,1.43,0.0,94.0,1.0,24.0,50.0,6.0,4.24038461538461,0.0,0.0,0.0,0.66008316008316,0.625,1.0,0.7858776060330483,0.21412239396695162
58,25,14.0,4.0,1.0,2.0,0.0,8.0,2.0,5.0,23.0,21.0,78.0,1.43,0.0,94.0,1.0,1.0,50.0,6.0,4.24038461538461,0.0,0.0,0.0,0.66008316008316,0.625,1.0,0.8277540230678774,0.17224597693212268
58,26,0.0,4.0,1.0,2.0,45.0,8.0,2.0,5.0,22.0,21.0,78.0,4.26,0.0,94.0,1.0,1.0,50.0,6.0,4.24038461538461,0.0,0.0,0.0,0.66008316008316,0.625,1.0,0.8402783722603002,0.15972162773969975
58,27,0.0,4.0,1.0,46.0,0.0,8.0,2.0,5.0,22.0,21.0,78.0,1.43,0.0,94.0,1.0,1.0,50.0,6.0,4.24038461538461,0.0,0.0,0.0,0.66008316008316,0.0,1.0,0.840240254877029,0.15975974512297095
58,28,0.0,4.0,1.0,2.0,0.0,8.0,2.0,5.0,22.0,21.0,78.0,1.43,0.0,94.0,1.0,1.0,50.0,6.0,4.24038461538461,36.0,0.0,0.0,0.66008316008316,0.625,3.0,0.8402649066169913,0.15973509338300867
58,29,9.0,4.0,1.0,2.0,0.0,7.0,2.0,5.0,22.0,21.0,78.0,1.43,0.0,94.0,1.0,1.0,50.0,6.0,4.24038461538461,0.0,0.0,0.0,0.66008316008316,0.625,1.0,0.6305142082752077,0.3694857917247922
58,30,0.0,4.0,1.0,2.0,0.0,8.0,2.0,5.0,22.0,21.0,142.0,1.43,0.0,94.0,1.0,1.0,50.0,6.0,4.24038461538461,0.0,0.0,2.0,0.66008316008316,0.625,1.0,0.8343859718763,0.16561402812369996
58,31,0.0,4.0,1.0,2.0,0.0,8.0,13.0,5.0,22.0,21.0,78.0,1.43,0.0,23.0,1.0,1.0,50.0,6.0,4.24038461538461,0.0,0.0,0.0,0.66008316008316,0.625,1.0,0.8369042466243742,0.16309575337562557
58,32,0.0,4.0,1.0,2.0,0.0,8.0,2.0,5.0,22.0,21.0,78.0,1.43,0.0,94.0,7.0,1.0,50.0,6.0,4.24038461538461,0.0,12.0,0.0,0.66008316008316,0.625,1.0,0.6490204371294022,0.3509795628705978
58,33,0.0,38.0,1.0,2.0,0.0,8.0,2.0,5.0,22.0,21.0,78.0,1.43,0.0,94.0,2.0,1.0,50.0,6.0,4.24038461538461,0.0,0.0,0.0,0.66008316008316,0.625,1.0,0.8266586140593118,0.17334138594068804
58,34,0.0,4.0,1.0,2.0,3.0,8.0,2.0,12.0,22.0,21.0,78.0,1.43,0.0,94.0,1.0,1.0,50.0,6.0,4.24038461538461,0.0,0.0,0.0,0.66008316008316,0.625,1.0,0.670008294914895,0.329991705085105
58,35,0.0,4.0,1.0,2.0,0.0,8.0,12.0,5.0,22.0,21.0,78.0,1.43,0.0,94.0,1.0,1.0,50.0,6.0,37.5,0.0,0.0,0.0,0.66008316008316,0.625,1.0,0.8402220510001704,0.1597779489998297
58,36,0.0,4.0,1.0,2.0,0.0,8.0,2.0,5.0,22.0,21.0,78.0,1.43,0.0,94.0,1.0,1.0,50.0,6.0,51.1,0.0,0.0,0.0,0.66008316008316,0.625,4.0,0.8402584483542768,0.15974155164572307
58,37,0.0,4.0,1.0,16.0,0.0,8.0,2.0,5.0,22.0,21.0,78.0,1.43,4.0,94.0,1.0,1.0,50.0,6.0,4.24038461538461,0.0,0.0,0.0,0.66008316008316,0.625,1.0,0.6516796476739376,0.34832035232606234
58,38,0.0,4.0,1.0,2.0,27.0,8.0,2.0,5.0,22.0,21.0,78.0,1.43,0.0,94.0,1.0,1.0,50.0,6.0,4.24038461538461,0.0,0.0,0.0,0.66008316008316,0.625,1.0,0.8401002295757285,0.15989977042427148
58,39,0.0,4.0,1.0,2.0,0.0,8.0,2.0,5.0,22.0,21.0,78.0,1.43,0.0,94.0,1.0,42.0,50.0,6.0,4.24038461538461,0.0,0.0,0.0,0.66008316008316,0.625,2.0,0.8401499390224447,0.15985006097755516
58,40,0.0,4.0,1.0,2.0,0.0,8.0,2.0,5.0,22.0,21.0,78.0,1.43,0.0,94.0,1.0,1.0,50.0,6.0,4.24038461538461,0.0,15.0,0.0,0.66008316008316,0.2,1.0,0.6409729322394313,0.3590270677605687
58,41,20.0,4.0,1.0,2.0,0.0,8.0,2.0,5.0,22.0,21.0,78.0,1.43,0.0,94.0,1.0,1.0,50.0,6.0,4.24038461538461,0.0,0.0,1.0,0.66008316008316,0.625,1.0,0.8402296656006248,0.1597703343993751
58,42,0.0,4.0,1.0,2.0,0.0,8.0,3.0,5.0,22.0,21.0,78.0,1.43,0.0,94.0,1.0,32.0,50.0,6.0,4.24038461538461,0.0,0.0,0.0,0.66008316008316,0.625,1.0,0.8341752058708669,0.16582479412913326
58,43,0.0,4.0,1.0,2.0,0.0,8.0,2.0,5.0,22.0,21.0,78.0,1.43,0.0,94.0,1.0,1.0,50.0,6.0,4.24038461538461,26.0,0.0,0.0,0.66008316008316,0.625,1.0,0.8393279150038623,0.1606720849961376
58,44,0.0,4.0,1.0,2.0,7.0,8.0,2.0,5.0,22.0,21.0,78.0,1.43,0.0,94.0,1.0,1.0,50.0,6.0,4.24038461538461,0.0,0.0,3.0,0.66008316008316,0.625,1.0,0.8400425257375982,0.15995747426240164
58,45,0.0,4.0,1.0,2.0,0.0,8.0,2.0,5.0,22.0,21.0,78.0,1.43,0.0,94.0,1.0,1.0,50.0,6.0,4.24038461538461,24.0,0.0,0.0,0.66008316008316,0.625,1.0,0.8378301706391541,0.16216982936084595
58,46,0.0,4.0,1.0,2.0,0.0,8.0,2.0,5.0,22.0,21.0,78.0,1.43,14.0,94.0,1.0,1.0,50.0,6.0,4.24038461538461,0.0,0.0,0.0,0.3,0.625,1.0,0.8346138465491978,0.1653861534508023
58,47,0.0,4.0,1.0,2.0,0.0,15.0,2.0,5.0,22.0,21.0,128.0,1.43,0.0,94.0,1.0,1.0,50.0,6.0,4.24038461538461,0.0,0.0,0.0,0.66008316008316,0.625,1.0,0.6128891898059783,0.3871108101940218
58,48,0.0,4.0,1.0,91.0,0.0,8.0,2.0,5.0,22.0,21.0,33.0,1.43,0.0,94.0,1.0,1.0,50.0,6.0,4.24038461538461,0.0,0.0,0.0,0.66008316008316,0.625,1.0,0.8402772319635894,0.1597227680364107
58,49,0.0,4.0,1.0,93.0,0.0,8.0,2.0,5.0,22.0,21.0,78.0,1.43,0.0,94.0,1.0,1.0,50.0,6.0,4.24038461538461,0.0,0.0,0.0,0.66008316008316,0.625,4.0,0.8402677825962525,0.15973221740374746
58,50,0.0,4.0,1.0,2.0,0.0,8.0,2.0,5.0,22.0,21.0,78.0,1.43,0.0,94.0,1.0,32.0,50.0,6.0,4.24038461538461,0.0,0.0,0.0,0.66008316008316,0.2,1.0,0.8346588350901097,0.16534116490989031
58,51,0.0,4.0,1.0,2.0,0.0,8.0,2.0,5.0,22.0,21.0,78.0,1.43,12.0,94.0,1.0,1.0,50.0,6.0,4.24038461538461,0.0,0.0,0.0,0.66008316008316,0.4,1.0,0.819333710008348,0.1806662899916518
58,52,0.0,4.0,1.0,2.0,0.0,2.0,2.0,5.0,22.0,59.0,78.0,1.43,0.0,94.0,1.0,1.0,50.0,6.0,4.24038461538461,0.0,0.0,0.0,0.66008316008316,0.625,1.0,0.6050065476385422,0.3949934523614579
58,53,0.0,4.0,1.0,2.0,0.0,8.0,2.0,5.0,22.0,21.0,78.0,1.43,0.0,94.0,1.0,1.0,50.0,6.0,47.9,0.0,0.0,0.0,0.66008316008316,0.625,1.0,0.8402049180938301,0.15979508190616984
58,54,0.0,27.0,1.0,2.0,22.0,8.0,2.0,5.0,22.0,21.0,78.0,1.43,0.0,94.0,1.0,1.0,50.0,6.0,4.24038461538461,0.0,0.0,0.0,0.66008316008316,0.625,1.0,0.8401612417758696,0.15983875822413052
58,55,0.0,4.0,1.0,2.0,0.0,8.0,2.0,5.0,22.0,21.0,78.0,1.43,0.0,21.0,1.0,1.0,50.0,6.0,4.24038461538461,34.0,0.0,0.0,0.66008316008316,0.625,1.0,0.8402589195304877,0.15974108046951244
58,56,0.0,4.0,1.0,2.0,0.0,8.0,10.0,5.0,22.0,21.0,78.0,1.43,15.0,94.0,1.0,1.0,50.0,6.0,4.24038461538461,0.0,0.0,0.0,0.66008316008316,0.625,1.0,0.8400261737626156,0.15997382623738443
58,57,0.0,4.0,1.0,2.0,0.0,8.0,2.0,5.0,22.0,21.0,78.0,6.13,0.0,94.0,1.0,1.0,50.0,6.0,42.9,0.0,0.0,0.0,0.66008316008316,0.625,1.0,0.84003750819188,0.1599624918081199
58,58,0.0,4.0,1.0,2.0,0.0,8.0,2.0,5.0,22.0,21.0,78.0,1.43,0.0,94.0,1.0,52.0,50.0,6.0,4.24038461538461,0.0,0.0,3.0,0.66008316008316,0.625,1.0,0.8402675937726327,0.15973240622736737
58,59,11.0,4.0,1.0,2.0,36.0,8.0,2.0,5.0,22.0,21.0,78.0,1.43,0.0,94.0,1.0,1.0,50.0,6.0,4.24038461538461,0.0,0.0,0.0,0.66008316008316,0.625,1.0,0.8402674968587579,0.15973250314124215
58,60,7.0,4.0,1.0,2.0,0.0,8.0,2.0,5.0,22.0,21.0,78.0,1.43,0.0,94.0,1.0,50.0,50.0,6.0,4.24038461538461,0.0,0.0,0.0,0.66008316008316,0.625,1.0,0.8403032333552858,0.159696766644714
58,61,0.0,4.0,1.0,2.0,0.0,8.0,2.0,5.0,22.0,21.0,122.0,1.43,0.0,94.0,5.0,1.0,50.0,6.0,4.24038461538461,0.0,0.0,0.0,0.66008316008316,0.625,1.0,0.5197370259586515,0.48026297404134854
58,62,0.0,4.0,1.0,52.0,0.0,8.0,2.0,5.0,22.0,21.0,78.0,1.43,0.0,94.0,1.0,1.0,50.0,6.0,4.24038461538461,0.0,0.0,0.0,0.66008316008316,0.625,1.0,0.8402651424999962,0.15973485750000396
58,63,0.0,4.0,1.0,2.0,0.0,8.0,2.0,5.0,22.0,21.0,78.0,1.43,0.0,94.0,1.0,20.0,50.0,6.0,4.24038461538461,0.0,29.0,0.0,0.66008316008316,0.625,1.0,0.8393572512413524,0.16064274875864754
58,64,0.0,4.0,1.0,2.0,0.0,8.0,2.0,5.0,10.0,21.0,78.0,7.32,0.0,94.0,1.0,1.0,50.0,6.0,4.24038461538461,0.0,0.0,0.0,0.66008316008316,0.625,1.0,0.5713433610469932,0.42865663895300676
58,65,0.0,4.0,1.0,2.0,0.0,8.0,3.0,5.0,22.0,21.0,78.0,1.43,0.0,94.0,1.0,1.0,50.0,6.0,4.24038461538461,0.0,21.0,0.0,0.66008316008316,0.625,1.0,0.7892157871904708,0.21078421280952928
58,66,0.0,4.0,1.0,2.0,0.0,8.0,2.0,5.0,22.0,21.0,78.0,1.43,0.0,94.0,1.0,37.0,50.0,6.0,4.24038461538461,0.0,0.0,2.0,0.66008316008316,0.625,1.0,0.8402169409030646,0.15978305909693538
58,67,0.0,4.0,1.0,2.0,0.0,8.0,2.0,5.0,22.0,21.0,78.0,1.43,0.0,94.0,1.0,1.0,6.0,6.0,4.24038461538461,0.0,0.0,0.0,0.66008316008316,0.625,1.0,0.5735921826329571,0.4264078173670431
58,68,0.0,4.0,1.0,2.0,0.0,8.0,2.0,5.0,22.0,21.0,78.0,1.43,8.0,94.0,1.0,1.0,0.0,6.0,4.24038461538461,0.0,0.0,0.0,0.66008316008316,0.625,1.0,0.8047926121607053,0.19520738783929442
58,69,0.0,4.0,1.0,2.0,21.0,8.0,2.0,5.0,22.0,21.0,78.0,1.43,0.0,94.0,1.0,1.0,50.0,6.0,25.1,0.0,0.0,0.0,0.66008316008316,0.625,1.0,0.8401377386252654,0.15986226137473464
58,70,0.0,4.0,1.0,2.0,0.0,8.0,2.0,5.0,22.0,21.0,1.0,1.43,0.0,94.0,3.0,1.0,50.0,6.0,4.24038461538461,0.0,0.0,0.0,0.66008316008316,0.625,1.0,0.6892045948234167,0.31079540517658333
58,71,0.0,4.0,1.0,53.0,0.0,8.0,2.0,5.0,22.0,21.0,78.0,1.43,0.0,94.0,1.0,1.0,50.0,6.0,4.24038461538461,0.0,0.0,0.0,0.8,0.625,1.0,0.8402660080366214,0.1597339919633786
58,72,0.0,4.0,1.0,2.0,0.0,8.0,2.0,5.0,22.0,21.0,78.0,1.43,0.0,94.0,1.0,29.0,50.0,6.0,4.24038461538461,0.0,0.0,0.0,0.66008316008316,0.625,1.0,0.8252855001382555,0.1747144998617444
58,73,0.0,43.0,1.0,2.0,0.0,8.0,2.0,5.0,22.0,21.0,78.0,1.43,0.0,94.0,1.0,1.0,50.0,6.0,4.24038461538461,14.0,0.0,0.0,0.66008316008316,0.625,1.0,0.8396289659033477,0.1603710340966522
58,74,0.0,4.0,1.0,2.0,0.0,8.0,2.0,2.0,22.0,21.0,78.0,1.43,0.0,94.0,1.0,1.0,50.0,6.0,4.24038461538461,0.0,31.0,0.0,0.66008316008316,0.625,1.0,0.8383048164329213,0.16169518356707868
58,75,0.0,4.0,1.0,78.0,0.0,8.0,2.0,10.0,22.0,21.0,78.0,1.43,0.0,94.0,1.0,1.0,50.0,6.0,4.24038461538461,0.0,0.0,0.0,0.66008316008316,0.625,1.0,0.8402674680295023,0.15973253197049794
58,76,0.0,4.0,1.0,2.0,0.0,8.0,2.0,5.0,22.0,21.0,142.0,1.43,0.0,94.0,1.0,1.0,50.0,6.0,4.24038461538461,0.0,0.0,0.0,0.66008316008316,0.625,1.0,0.6539932130244023,0.3460067869755977
58,77,0.0,4.0,1.0,74.0,0.0,8.0,2.0,5.0,22.0,21.0,78.0,1.43,0.0,94.0,1.0,1.0,50.0,6.0,4.24038461538461,0.0,26.0,0.0,0.66008316008316,0.625,1.0,0.840267416921833,0.159732583078167
58,78,0.0,4.0,1.0,61.0,0.0,8.0,2.0,5.0,22.0,21.0,78.0,1.43,0.0,94.0,1.0,10.0,50.0,6.0,4.24038461538461,0.0,0.0,0.0,0.66008316008316,0.625,1.0,0.8402673977009519,0.1597326022990481
58,79,6.0,4.0,1.0,2.0,0.0,8.0,2.0,5.0,22.0,21.0,78.0,1.43,0.0,94.0,1.0,1.0,50.0,6.0,4.24038461538461,23.0,0.0,0.0,0.66008316008316,0.625,1.0,0.8381618921285766,0.16183810787142341
58,80,0.0,4.0,1.0,2.0,0.0,8.0,13.0,5.0,22.0,21.0,78.0,1.43,0.0,94.0,1.0,12.0,50.0,6.0,4.24038461538461,0.0,0.0,0.0,0.66008316008316,0.625,1.0,0.8380517752848489,0.16194822471515113
58,81,0.0,4.0,1.0,2.0,12.0,8.0,2.0,5.0,36.0,21.0,78.0,1.43,0.0,94.0,1.0,1.0,50.0,6.0,4.24038461538461,0.0,0.0,0.0,0.66008316008316,0.625,1.0,0.8171182661502504,0.1828817338497496
58,82,0.0,16.0,1.0,2.0,0.0,8.0,2.0,5.0,22.0,21.0,78.0,1.43,0.0,94.0,1.0,1.0,50.0,0.0,4.24038461538461,0.0,0.0,0.0,0.66008316008316,0.625,1.0,0.7130758542003706,0.28692414579962927
58,83,0.0,4.0,1.0,2.0,44.0,8.0,2.0,5.0,22.0,21.0,78.0,1.43,0.0,94.0,1.0,0.0,50.0,6.0,4.24038461538461,0.0,0.0,0.0,0.66008316008316,0.625,1.0,0.8402840666470767,0.1597159333529234
58,84,0.0,4.0,1.0,2.0,24.0,8.0,2.0,5.0,22.0,21.0,78.0,1.43,0.0,94.0,1.0,1.0,50.0,6.0,4.24038461538461,35.0,0.0,0.0,0.66008316008316,0.625,1.0,0.8402674101200311,0.15973258987996886
58,85,0.0,4.0,1.0,2.0,0.0,8.0,2.0,5.0,22.0,21.0,78.0,1.43,9.0,94.0,1.0,1.0,50.0,6.0,4.24038461538461,15.0,0.0,0.0,0.66008316008316,0.625,1.0,0.8289165656365888,0.1710834343634114
58,86,0.0,4.0,1.0,2.0,0.0,8.0,2.0,15.0,22.0,21.0,78.0,1.43,0.0,94.0,1.0,1.0,50.0,6.0,4.24038461538461,0.0,0.0,0.0,0.66008316008316,0.625,4.0,0.8188028533180125,0.18119714668198747
58,87,0.0,4.0,1.0,2.0,0.0,8.0,2.0,5.0,22.0,21.0,31.0,1.43,0.0,94.0,1.0,1.0,50.0,6.0,4.24038461538461,0.0,19.0,0.0,0.66008316008316,0.625,1.0,0.7912171376717386,0.20878286232826168
58,88,0.0,4.0,1.0,2.0,0.0,8.0,2.0,5.0,22.0,21.0,78.0,6.83,0.0,94.0,1.0,1.0,50.0,6.0,4.24038461538461,5.0,0.0,0.0,0.66008316008316,0.625,1.0,0.5638233791458035,0.43617662085419656
58,89,0.0,4.0,1.0,69.0,0.0,8.0,2.0,5.0,22.0,21.0,78.0,3.23,0.0,94.0,1.0,1.0,50.0,6.0,4.24038461538461,0.0,0.0,0.0,0.66008316008316,0.625,1.0,0.8402674537472667,0.15973254625273345
58,90,0.0,4.0,1.0,2.0,0.0,8.0,2.0,5.0,22.0,21.0,78.0,1.43,0.0,94.0,1.0,31.0,50.0,6.0,4.24038461538461,0.0,0.0,0.0,0.66008316008316,0.0,1.0,0.833343154522061,0.16665684547793885
58,91,0.0,4.0,1.0,2.0,0.0,8.0,2.0,5.0,22.0,21.0,78.0,1.43,0.0,94.0,1.0,1.0,50.0,6.0,39.5,0.0,0.0,0.0,0.66008316008316,0.625,1.0,0.838735026243978,0.161264973756022
58,92,0.0,4.0,1.0,2.0,31.0,8.0,2.0,5.0,22.0,21.0,78.0,1.43,0.0,94.0,1.0,1.0,50.0,6.0,4.24038461538461,0.0,5.0,0.0,0.66008316008316,0.625,1.0,0.8402337577671065,0.15976624223289343
58,93,0.0,4.0,1.0,23.0,0.0,8.0,2.0,5.0,7.0,21.0,78.0,1.43,0.0,94.0,1.0,1.0,50.0,6.0,4.24038461538461,0.0,0.0,0.0,0.66008316008316,0.625,1.0,0.7740803383025681,0.2259196616974318
58,94,12.0,4.0,1.0,2.0,0.0,8.0,2.0,5.0,22.0,21.0,78.0,1.43,0.0,94.0,1.0,1.0,31.0,6.0,4.24038461538461,0.0,0.0,0.0,0.66008316008316,0.625,1.0,0.8037623310760722,0.19623766892392797
58,95,0.0,4.0,1.0,2.0,0.0,8.0,2.0,5.0,1.0,62.0,78.0,1.43,0.0,94.0,1.0,1.0,50.0,6.0,4.24038461538461,0.0,0.0,0.0,0.66008316008316,0.625,1.0,0.7435893099373592,0.25641069006264083
58,96,0.0,4.0,1.0,2.0,0.0,8.0,2.0,5.0,22.0,21.0,78.0,1.43,0.0,94.0,1.0,1.0,44.0,6.0,4.24038461538461,0.0,0.0,2.0,0.66008316008316,0.625,1.0,0.8144596983658791,0.18554030163412083
58,97,0.0,36.0,1.0,2.0,0.0,8.0,2.0,5.0,22.0,21.0,78.0,1.43,8.0,94.0,1.0,1.0,50.0,6.0,4.24038461538461,0.0,0.0,0.0,0.66008316008316,0.625,1.0,0.8355680932335436,0.16443190676645644
58,98,0.0,4.0,1.0,2.0,0.0,8.0,2.0,5.0,22.0,21.0,78.0,1.43,0.0,94.0,6.0,1.0,50.0,6.0,17.6,0.0,0.0,0.0,0.66008316008316,0.625,1.0,0.6116519500010551,0.38834804999894484
153,0,0.0,8.0,1.0,1.0,0.0,2.0,2.0,1.0,7.0,12.0,20.0,0.24,0.0,83.0,1.0,51.0,27.0,2.0,4.40740740740741,0.0,0.0,0.0,0.383474576271186,0.75,1.0,0.8530739743783581,0.1469260256216419
153,1,0.0,0.0,1.0,1.0,0.0,2.0,2.0,14.0,7.0,12.0,20.0,0.24,0.0,83.0,1.0,18.0,27.0,2.0,4.40740740740741,0.0,0.0,0.0,0.383474576271186,0.75,1.0,0.8641888206219435,0.13581117937805653
153,2,0.0,0.0,1.0,1.0,0.0,2.0,10.0,1.0,7.0,12.0,20.0,0.24,0.0,83.0,1.0,3.0,27.0,2.0,4.40740740740741,0.0,20.0,0.0,0.383474576271186,0.75,1.0,0.8323189314954864,0.16768106850451367
153,3,0.0,0.0,1.0,1.0,0.0,2.0,2.0,1.0,7.0,12.0,20.0,0.24,0.0,83.0,1.0,3.0,27.0,2.0,45.8,0.0,0.0,0.0,0.383474576271186,0.75,1.0,0.8448078998019253,0.15519210019807478
153,4,0.0,0.0,1.0,1.0,0.0,2.0,2.0,10.0,7.0,12.0,20.0,0.24,0.0,83.0,1.0,41.0,27.0,2.0,4.40740740740741,0.0,0.0,0.0,0.383474576271186,0.75,1.0,0.8424481052444237,0.1575518947555762
153,5,0.0,0.0,1.0,1.0,0.0,2.0,2.0,1.0,7.0,12.0,20.0,5.4,0.0,83.0,1.0,25.0,27.0,2.0,4.40740740740741,0.0,0.0,0.0,0.383474576271186,0.75,1.0,0.8369633891273397,0.16303661087266033
153,6,0.0,0.0,3.0,1.0,0.0,2.0,2.0,1.0,7.0,12.0,20.0,0.24,0.0,83.0,1.0,3.0,27.0,2.0,39.9,0.0,0.0,0.0,0.383474576271186,0.75,1.0,0.8432819019847148,0.1567180980152851
153,7,0.0,0.0,1.0,1.0,0.0,2.0,2.0,1.0,7.0,12.0,20.0,7.12,0.0,83.0,1.0,3.0,27.0,2.0,4.40740740740741,0.0,0.0,0.0,0.383474576271186,0.75,2.0,0.7008891479062153,0.29911085209378496
153,8,0.0,0.0,1.0,1.0,0.0,2.0,2.0,1.0,15.0,12.0,20.0,0.24,0.0,83.0,1.0,3.0,27.0,2.0,21.3,0.0,0.0,0.0,0.383474576271186,0.75,1.0,0.7297861275860994,0.2702138724139006
153,9,0.0,0.0,1.0,1.0,21.0,2.0,2.0,1.0,7.0,12.0,20.0,0.24,0.0,38.0,1.0,3.0,27.0,2.0,4.40740740740741,0.0,0.0,0.0,0.383474576271186,0.75,1.0,0.8323058043098216,0.16769419569017857
153,10,0.0,0.0,1.0,1.0,0.0,2.0,2.0,1.0,7.0,12.0,20.0,0.24,0.0,83.0,1.0,3.0,27.0,5.0,4.40740740740741,19.0,0.0,0.0,0.383474576271186,0.75,1.0,0.8289601185193096,0.17103988148069058
153,11,0.0,0.0,1.0,1.0,22.0,2.0,2.0,1.0,7.0,12.0,20.0,0.24,5.0,83.0,1.0,3.0,27.0,2.0,4.40740740740741,0.0,0.0,0.0,0.383474576271186,0.75,1.0,0.8355500734039853,0.16444992659601462
153,12,0.0,0.0,1.0,1.0,0.0,2.0,2.0,1.0,7.0,12.0,20.0,0.24,0.0,83.0,1.0,3.0,27.0,2.0,12.5,0.0,0.0,2.0,0.383474576271186,0.75,1.0,0.8241942161009124,0.1758057838990877
153,13,0.0,0.0,1.0,1.0,0.0,2.0,2.0,1.0,7.0,12.0,20.0,0.24,0.0,83.0,1.0,50.0,27.0,2.0,51.6,0.0,0.0,0.0,0.383474576271186,0.75,1.0,0.8402717625691054,0.15972823743089457
153,14,0.0,0.0,1.0,1.0,0.0,2.0,2.0,1.0,7.0,12.0,20.0,0.24,7.0,83.0,1.0,3.0,27.0,2.0,41.1,0.0,0.0,0.0,0.383474576271186,0.75,1.0,0.8434753800757511,0.1565246199242488
153,15,0.0,0.0,1.0,1.0,0.0,2.0,2.0,1.0,7.0,12.0,20.0,0.24,10.0,83.0,1.0,3.0,27.0,2.0,4.40740740740741,0.0,0.0,0.0,0.383474576271186,0.3,1.0,0.7710754999913696,0.22892450000863027
153,16,0.0,0.0,1.0,1.0,0.0,2.0,2.0,1.0,7.0,12.0,20.0,0.24,0.0,83.0,1.0,3.0,6.0,2.0,4.40740740740741,0.0,0.0,0.0,0.383474576271186,0.75,1.0,0.6992655536308627,0.30073444636913743
153,17,0.0,0.0,1.0,1.0,0.0,2.0,2.0,3.0,7.0,12.0,20.0,0.24,0.0,83.0,1.0,3.0,27.0,2.0,4.40740740740741,0.0,31.0,0.0,0.383474576271186,0.75,1.0,0.854518954423362,0.14548104557663802
153,18,0.0,0.0,1.0,1.0,0.0,2.0,2.0,1.0,7.0,17.0,20.0,0.24,0.0,83.0,1.0,3.0,27.0,2.0,4.40740740740741,35.0,0.0,0.0,0.383474576271186,0.75,1.0,0.840393256231,0.1596067437689998
153,19,0.0,0.0,1.0,1.0,0.0,2.0,2.0,1.0,7.0,12.0,20.0,0.24,0.0,83.0,6.0,3.0,27.0,2.0,4.40740740740741,37.0,0.0,0.0,0.383474576271186,0.75,1.0,0.8403512211859695,0.15964877881403058
153,20,0.0,24.0,1.0,1.0,0.0,2.0,2.0,1.0,7.0,12.0,20.0,0.24,0.0,83.0,1.0,3.0,27.0,2.0,4.40740740740741,0.0,20.0,0.0,0.383474576271186,0.75,1.0,0.8275982743724022,0.17240172562759776
153,21,0.0,0.0,1.0,1.0,0.0,2.0,2.0,1.0,7.0,12.0,20.0,0.24,0.0,83.0,1.0,3.0,27.0,2.0,4.40740740740741,38.0,0.0,0.0,0.3,0.75,1.0,0.8403369286890299,0.15966307131097016
153,22,0.0,0.0,1.0,1.0,0.0,2.0,2.0,1.0,7.0,12.0,20.0,0.24,0.0,83.0,2.0,3.0,27.0,2.0,4.40740740740741,16.0,0.0,0.0,0.383474576271186,0.75,1.0,0.7848453769691351,0.21515462303086477
153,23,0.0,0.0,1.0,1.0,0.0,2.0,2.0,1.0,36.0,12.0,20.0,0.24,0.0,83.0,1.0,40.0,27.0,2.0,4.40740740740741,0.0,0.0,0.0,0.383474576271186,0.75,1.0,0.8575741194754,0.14242588052460003
153,24,0.0,0.0,1.0,1.0,0.0,2.0,2.0,4.0,7.0,12.0,20.0,0.24,0.0,83.0,1.0,51.0,27.0,2.0,4.40740740740741,0.0,0.0,0.0,0.383474576271186,0.75,1.0,0.8522361627894713,0.1477638372105286
153,25,0.0,0.0,1.0,1.0,0.0,2.0,2.0,18.0,7.0,12.0,20.0,0.24,0.0,83.0,1.0,3.0,27.0,2.0,4.40740740740741,0.0,0.0,1.0,0.383474576271186,0.75,1.0,0.8431079502409139,0.15689204975908608
153,26,0.0,0.0,1.0,1.0,28.0,2.0,2.0,1.0,7.0,12.0,9.0,0.24,0.0,83.0,1.0,3.0,27.0,2.0,4.40740740740741,0.0,0.0,0.0,0.383474576271186,0.75,1.0,0.8418066945515247,0.15819330544847535
153,27,0.0,9.0,1.0,1.0,0.0,2.0,2.0,1.0,7.0,12.0,20.0,0.24,0.0,83.0,1.0,3.0,27.0,2.0,21.5,0.0,0.0,0.0,0.383474576271186,0.75,1.0,0.7394397611313485,0.2605602388686515
153,28,0.0,0.0,1.0,1.0,0.0,2.0,2.0,15.0,7.0,12.0,20.0,0.24,0.0,83.0,1.0,3.0,27.0,2.0,4.40740740740741,0.0,0.0,0.0,0.383474576271186,0.0,1.0,0.7932382403022576,0.20676175969774252
153,29,0.0,0.0,1.0,1.0,0.0,2.0,2.0,1.0,7.0,12.0,20.0,0.24,10.0,83.0,1.0,3.0,27.0,2.0,4.40740740740741,0.0,0.0,0.0,0.383474576271186,0.75,1.0,0.7325918721211212,0.2674081278788785
153,30,0.0,0.0,1.0,1.0,0.0,2.0,2.0,1.0,7.0,12.0,20.0,0.24,0.0,83.0,1.0,2.0,27.0,2.0,47.4,0.0,0.0,0.0,0.383474576271186,0.75,1.0,0.8436172423495559,0.15638275765044404
153,31,0.0,3.0,1.0,48.0,0.0,2.0,2.0,1.0,7.0,12.0,20.0,0.24,0.0,83.0,1.0,3.0,27.0,2.0,4.40740740740741,0.0,0.0,0.0,0.383474576271186,0.75,1.0,0.8401567110927209,0.15984328890727917
153,32,0.0,0.0,1.0,1.0,13.0,2.0,2.0,1.0,7.0,12.0,20.0,0.24,0.0,83.0,1.0,3.0,27.0,2.0,4.40740740740741,0.0,0.0,0.0,0.383474576271186,0.75,1.0,0.6579436946673568,0.34205630533264325
153,33,0.0,0.0,1.0,1.0,33.0,2.0,2.0,1.0,7.0,12.0,20.0,0.24,0.0,83.0,1.0,3.0,27.0,2.0,4.40740740740741,0.0,0.0,0.0,0.383474576271186,0.75,1.0,0.8424718862812224,0.15752811371877745
153,34,0.0,0.0,1.0,1.0,30.0,2.0,2.0,15.0,7.0,12.0,20.0,0.24,0.0,83.0,1.0,3.0,27.0,2.0,4.40740740740741,0.0,0.0,0.0,0.383474576271186,0.75,1.0,0.8385544330355467,0.1614455669644533
153,35,0.0,0.0,1.0,1.0,0.0,2.0,2.0,1.0,7.0,4.0,20.0,0.24,0.0,83.0,1.0,3.0,27.0,2.0,4.40740740740741,33.0,0.0,0.0,0.383474576271186,0.75,1.0,0.840590701411116,0.1594092985888838
153,36,6.0,0.0,3.0,1.0,0.0,2.0,2.0,1.0,7.0,12.0,20.0,0.24,0.0,83.0,1.0,3.0,27.0,2.0,4.40740740740741,0.0,0.0,0.0,0.383474576271186,0.75,1.0,0.8693095113458649,0.13069048865413507
153,37,0.0,0.0,1.0,1.0,0.0,2.0,2.0,4.0,7.0,12.0,20.0,0.24,0.0,83.0,1.0,3.0,27.0,2.0,4.40740740740741,0.0,13.0,0.0,0.383474576271186,0.75,1.0,0.6418897297743223,0.3581102702256777
153,38,0.0,0.0,1.0,1.0,0.0,2.0,8.0,1.0,7.0,12.0,20.0,0.24,0.0,83.0,1.0,33.0,27.0,2.0,4.40740740740741,0.0,0.0,0.0,0.383474576271186,0.75,1.0,0.8393763986873355,0.16062360131266437
153,39,0.0,0.0,1.0,1.0,0.0,2.0,2.0,9.0,7.0,12.0,20.0,0.24,0.0,83.0,1.0,3.0,27.0,2.0,4.40740740740741,27.0,0.0,0.0,0.383474576271186,0.75,1.0,0.8401705943710818,0.15982940562891834
153,40,0.0,0.0,1.0,1.0,0.0,2.0,4.0,1.0,7.0,12.0,20.0,0.24,0.0,83.0,1.0,3.0,27.0,2.0,4.40740740740741,0.0,32.0,0.0,0.383474576271186,0.75,1.0,0.8543716027309837,0.14562839726901614
153,41,0.0,0.0,4.0,1.0,0.0,2.0,2.0,1.0,7.0,12.0,20.0,0.24,0.0,83.0,1.0,3.0,27.0,2.0,8.2,0.0,0.0,0.0,0.383474576271186,0.75,1.0,0.7938239038049674,0.20617609619503252
153,42,0.0,0.0,1.0,1.0,0.0,2.0,2.0,1.0,7.0,12.0,20.0,1.27,0.0,83.0,1.0,3.0,27.0,2.0,4.40740740740741,0.0,19.0,0.0,0.383474576271186,0.75,1.0,0.8201567658187922,0.17984323418120796
153,43,0.0,0.0,1.0,1.0,0.0,2.0,2.0,1.0,7.0,12.0,20.0,0.24,0.0,83.0,1.0,3.0,27.0,2.0,4.40740740740741,0.0,0.0,3.0,0.5,0.75,1.0,0.8478551745065848,0.1521448254934152
153,44,0.0,0.0,1.0,1.0,0.0,2.0,2.0,1.0,7.0,61.0,20.0,0.24,0.0,83.0,1.0,3.0,27.0,2.0,4.40740740740741,0.0,0.0,0.0,0.383474576271186,0.8,1.0,0.6451081156044709,0.3548918843955291
153,45,0.0,0.0,1.0,28.0,0.0,2.0,2.0,1.0,7.0,12.0,20.0,0.24,0.0,83.0,1.0,3.0,27.0,2.0,4.40740740740741,0.0,0.0,0.0,0.383474576271186,0.75,1.0,0.7935731020287335,0.2064268979712662
153,46,0.0,0.0,1.0,1.0,0.0,2.0,2.0,17.0,7.0,12.0,20.0,0.24,0.0,83.0,1.0,3.0,49.0,2.0,4.40740740740741,0.0,0.0,0.0,0.383474576271186,0.75,1.0,0.810077819172107,0.189922180827893
153,47,0.0,0.0,1.0,1.0,0.0,2.0,2.0,1.0,7.0,12.0,20.0,0.24,0.0,83.0,1.0,3.0,27.0,2.0,4.40740740740741,0.0,0.0,3.0,0.6,0.75,1.0,0.8484049939975351,0.1515950060024649
153,48,0.0,0.0,1.0,1.0,0.0,2.0,2.0,1.0,7.0,12.0,20.0,0.24,0.0,83.0,1.0,3.0,27.0,5.0,4.40740740740741,31.0,0.0,0.0,0.383474576271186,0.75,1.0,0.8403483496994618,0.15965165030053813
153,49,0.0,11.0,1.0,1.0,20.0,2.0,2.0,1.0,7.0,12.0,20.0,0.24,0.0,83.0,1.0,3.0,27.0,2.0,4.40740740740741,0.0,0.0,0.0,0.383474576271186,0.75,1.0,0.8280828535241268,0.1719171464758731
153,50,0.0,0.0,1.0,1.0,0.0,2.0,2.0,1.0,7.0,12.0,20.0,7.33,0.0,83.0,1.0,3.0,27.0,2.0,4.40740740740741,0.0,6.0,0.0,0.383474576271186,0.75,1.0,0.749557602093275,0.2504423979067249
153,51,0.0,0.0,1.0,1.0,45.0,2.0,2.0,1.0,7.0,12.0,20.0,6.37,0.0,83.0,1.0,3.0,27.0,2.0,4.40740740740741,0.0,0.0,0.0,0.383474576271186,0.75,1.0,0.8437144725391138,0.15628552746088606
153,52,0.0,0.0,1.0,1.0,0.0,16.0,2.0,1.0,7.0,12.0,20.0,3.35,0.0,83.0,1.0,3.0,27.0,2.0,4.40740740740741,0.0,0.0,0.0,0.383474576271186,0.75,1.0,0.6614611121060878,0.3385388878939122
153,53,0.0,0.0,1.0,1.0,0.0,2.0,2.0,1.0,7.0,12.0,142.0,0.24,0.0,83.0,1.0,3.0,27.0,2.0,4.40740740740741,43.0,0.0,0.0,0.383474576271186,0.75,1.0,0.8402674378402776,0.15973256215972262
153,54,0.0,0.0,1.0,82.0,0.0,2.0,2.0,1.0,1.0,12.0,20.0,0.24,0.0,83.0,1.0,3.0,27.0,2.0,4.40740740740741,0.0,0.0,0.0,0.383474576271186,0.75,1.0,0.8433526201889044,0.15664737981109553
153,55,0.0,0.0,1.0,1.0,0.0,2.0,2.0,1.0,7.0,12.0,20.0,0.24,0.0,83.0,1.0,3.0,27.0,2.0,17.7,0.0,0.0,0.0,0.383474576271186,0.75,1.0,0.5450876485895324,0.45491235141046765
153,56,0.0,0.0,1.0,1.0,0.0,13.0,2.0,1.0,7.0,12.0,20.0,0.24,0.0,83.0,1.0,3.0,27.0,2.0,4.40740740740741,0.0,0.0,2.0,0.383474576271186,0.75,1.0,0.8217054993539863,0.17829450064601357
153,57,0.0,0.0,1.0,1.0,0.0,2.0,2.0,1.0,7.0,12.0,20.0,0.24,0.0,83.0,1.0,3.0,27.0,2.0,4.40740740740741,0.0,0.0,3.0,0.383474576271186,0.2,1.0,0.8477410703607837,0.15225892963921622
153,58,0.0,0.0,1.0,1.0,0.0,2.0,2.0,1.0,7.0,12.0,20.0,0.24,9.0,83.0,1.0,32.0,27.0,2.0,4.40740740740741,0.0,0.0,0.0,0.383474576271186,0.75,1.0,0.8427079548151698,0.1572920451848303
153,59,0.0,0.0,1.0,1.0,0.0,2.0,2.0,1.0,7.0,12.0,20.0,0.24,0.0,83.0,7.0,3.0,27.0,2.0,4.40740740740741,0.0,19.0,0.0,0.383474576271186,0.75,1.0,0.8349351073043652,0.1650648926956351
153,60,0.0,0.0,1.0,1.0,0.0,2.0,2.0,1.0,7.0,12.0,20.0,0.24,15.0,83.0,1.0,3.0,27.0,2.0,4.40740740740741,0.0,0.0,0.0,0.383474576271186,0.1,1.0,0.8458681476577501,0.15413185234224994
153,61,0.0,0.0,1.0,1.0,0.0,2.0,12.0,1.0,7.0,12.0,20.0,0.24,0.0,83.0,1.0,3.0,27.0,7.0,4.40740740740741,0.0,0.0,0.0,0.383474576271186,0.75,1.0,0.8348162784667987,0.16518372153320135
153,62,0.0,0.0,1.0,70.0,0.0,2.0,2.0,1.0,7.0,12.0,20.0,0.24,0.0,83.0,1.0,3.0,27.0,2.0,44.3,0.0,0.0,0.0,0.383474576271186,0.75,1.0,0.8402674317414571,0.15973256825854323
153,63,0.0,0.0,1.0,1.0,0.0,2.0,12.0,1.0,7.0,12.0,20.0,0.24,0.0,83.0,1.0,3.0,27.0,2.0,37.5,0.0,0.0,0.0,0.383474576271186,0.75,1.0,0.8407211348147543,0.1592788651852457
153,64,0.0,0.0,1.0,36.0,0.0,2.0,2.0,1.0,7.0,12.0,20.0,0.24,0.0,83.0,1.0,3.0,27.0,2.0,4.40740740740741,0.0,0.0,0.0,0.383474576271186,0.75,1.0,0.834025644690275,0.16597435530972487
153,65,0.0,0.0,1.0,1.0,0.0,2.0,2.0,1.0,7.0,12.0,20.0,6.92,0.0,83.0,1.0,3.0,27.0,2.0,4.40740740740741,0.0,0.0,0.0,0.383474576271186,0.75,1.0,0.6514659646275679,0.34853403537243205
153,66,0.0,0.0,1.0,1.0,36.0,2.0,2.0,1.0,7.0,12.0,20.0,0.24,0.0,83.0,3.0,3.0,27.0,2.0,4.40740740740741,0.0,0.0,0.0,0.383474576271186,0.75,1.0,0.8434101396141823,0.1565898603858175
153,67,0.0,0.0,1.0,1.0,0.0,2.0,2.0,1.0,7.0,12.0,120.0,0.24,0.0,83.0,3.0,3.0,27.0,2.0,4.40740740740741,0.0,0.0,0.0,0.383474576271186,0.75,1.0,0.6169899143629721,0.3830100856370279
153,68,0.0,0.0,1.0,1.0,0.0,2.0,2.0,1.0,7.0,12.0,20.0,0.24,0.0,83.0,1.0,3.0,58.0,2.0,4.40740740740741,0.0,21.0,0.0,0.383474576271186,0.75,1.0,0.8040241360268,0.19597586397319983
153,69,0.0,0.0,1.0,1.0,0.0,16.0,2.0,1.0,7.0,12.0,20.0,0.24,0.0,83.0,1.0,3.0,18.0,2.0,4.40740740740741,0.0,0.0,0.0,0.383474576271186,0.75,1.0,0.6888530862928601,0.3111469137071398
153,70,0.0,0.0,1.0,1.0,0.0,2.0,2.0,12.0,7.0,12.0,20.0,0.24,0.0,83.0,1.0,3.0,27.0,9.0,4.40740740740741,0.0,0.0,0.0,0.383474576271186,0.75,1.0,0.8307751894253699,0.1692248105746301
153,71,0.0,0.0,1.0,1.0,0.0,2.0,2.0,1.0,7.0,12.0,20.0,0.24,0.0,83.0,2.0,3.0,27.0,2.0,4.40740740740741,0.0,0.0,2.0,0.383474576271186,0.75,1.0,0.8232336712015025,0.1767663287984975
153,72,4.0,0.0,1.0,1.0,0.0,2.0,2.0,1.0,7.0,12.0,20.0,0.24,0.0,83.0,1.0,3.0,27.0,2.0,4.40740740740741,0.0,0.0,2.0,0.383474576271186,0.75,1.0,0.7914723487003046,0.20852765129969525
153,73,0.0,0.0,1.0,1.0,0.0,2.0,2.0,1.0,7.0,12.0,20.0,0.24,0.0,83.0,1.0,52.0,27.0,2.0,4.40740740740741,0.0,0.0,3.0,0.383474576271186,0.75,1.0,0.8402806596348448,0.1597193403651554
153,74,0.0,31.0,1.0,1.0,0.0,2.0,2.0,1.0,7.0,12.0,20.0,0.24,0.0,83.0,1.0,3.0,27.0,2.0,4.40740740740741,0.0,0.0,0.0,0.383474576271186,0.75,1.0,0.7813469615603488,0.21865303843965114
153,75,0.0,0.0,1.0,1.0,0.0,2.0,2.0,1.0,7.0,32.0,20.0,0.24,0.0,83.0,1.0,21.0,27.0,2.0,4.40740740740741,0.0,0.0,0.0,0.383474576271186,0.75,1.0,0.6414963501343257,0.35850364986567423
153,76,0.0,0.0,1.0,1.0,0.0,2.0,2.0,17.0,7.0,12.0,20.0,0.24,0.0,83.0,1.0,3.0,27.0,2.0,4.40740740740741,0.0,0.0,0.0,0.383474576271186,0.75,1.0,0.8359949546744482,0.16400504532555188
153,77,0.0,38.0,1.0,1.0,0.0,2.0,2.0,1.0,7.0,12.0,20.0,0.24,0.0,83.0,1.0,3.0,27.0,2.0,4.40740740740741,0.0,0.0,0.0,0.383474576271186,0.75,2.0,0.8339125018314576,0.16608749816854254
153,78,0.0,0.0,1.0,1.0,0.0,2.0,7.0,1.0,7.0,12.0,20.0,0.24,0.0,83.0,1.0,3.0,27.0,2.0,4.40740740740741,0.0,16.0,0.0,0.383474576271186,0.75,1.0,0.7440090644824234,0.2559909355175767
153,79,0.0,0.0,1.0,1.0,0.0,2.0,2.0,1.0,7.0,12.0,20.0,0.24,0.0,83.0,1.0,3.0,36.0,2.0,4.40740740740741,0.0,0.0,2.0,0.383474576271186,0.75,1.0,0.8121613584164968,0.1878386415835033
153,80,0.0,0.0,3.0,1.0,39.0,2.0,2.0,1.0,7.0,12.0,20.0,0.24,0.0,83.0,1.0,3.0,27.0,2.0,4.40740740740741,0.0,0.0,0.0,0.383474576271186,0.75,1.0,0.8415504468762341,0.1584495531237658
153,81,0.0,0.0,1.0,1.0,0.0,2.0,2.0,1.0,7.0,12.0,20.0,0.24,0.0,83.0,1.0,3.0,27.0,2.0,29.0,0.0,10.0,0.0,0.383474576271186,0.75,1.0,0.8549457430467491,0.1450542569532509
153,82,14.0,0.0,1.0,1.0,0.0,13.0,2.0,1.0,7.0,12.0,20.0,0.24,0.0,83.0,1.0,3.0,27.0,2.0,4.40740740740741,0.0,0.0,0.0,0.383474576271186,0.75,1.0,0.8127022926175721,0.1872977073824279
153,83,0.0,0.0,1.0,1.0,0.0,17.0,2.0,1.0,7.0,12.0,20.0,0.24,0.0,83.0,1.0,47.0,27.0,2.0,4.40740740740741,0.0,0.0,0.0,0.383474576271186,0.75,1.0,0.8428121129876064,0.15718788701239375
153,84,11.0,0.0,1.0,1.0,36.0,2.0,2.0,1.0,7.0,12.0,20.0,0.24,0.0,83.0,1.0,3.0,27.0,2.0,4.40740740740741,0.0,0.0,0.0,0.383474576271186,0.75,1.0,0.8404768015457281,0.15952319845427168
153,85,0.0,0.0,1.0,19.0,0.0,3.0,2.0,1.0,7.0,12.0,20.0,0.24,0.0,83.0,1.0,3.0,27.0,2.0,4.40740740740741,0.0,0.0,0.0,0.383474576271186,0.75,1.0,0.5417591203531925,0.45824087964680754
153,86,21.0,0.0,1.0,1.0,0.0,2.0,2.0,1.0,7.0,12.0,20.0,0.24,0.0,83.0,1.0,33.0,27.0,2.0,4.40740740740741,0.0,0.0,0.0,0.383474576271186,0.75,1.0,0.8402919748169568,0.15970802518304325
153,87,0.0,0.0,1.0,1.0,0.0,2.0,2.0,1.0,7.0,61.0,20.0,0.24,0.0,83.0,1.0,3.0,27.0,2.0,4.40740740740741,0.0,0.0,0.0,1.0,0.75,1.0,0.710552191408418,0.2894478085915821
153,88,0.0,0.0,1.0,1.0,0.0,2.0,2.0,1.0,7.0,12.0,20.0,4.09,0.0,83.0,1.0,3.0,4.0,2.0,4.40740740740741,0.0,0.0,0.0,0.383474576271186,0.75,1.0,0.8667346512281298,0.13326534877187046
153,89,0.0,0.0,1.0,1.0,0.0,2.0,2.0,1.0,7.0,12.0,20.0,3.24,0.0,83.0,1.0,3.0,27.0,2.0,4.40740740740741,0.0,25.0,0.0,0.383474576271186,0.75,1.0,0.8531345546603077,0.1468654453396923
153,90,0.0,0.0,1.0,1.0,0.0,2.0,2.0,1.0,7.0,12.0,20.0,0.24,13.0,83.0,1.0,3.0,27.0,2.0,4.40740740740741,0.0,5.0,0.0,0.383474576271186,0.75,1.0,0.8344095954045535,0.16559040459544638
153,91,0.0,0.0,1.0,1.0,0.0,2.0,6.0,1.0,39.0,12.0,20.0,0.24,0.0,83.0,1.0,3.0,27.0,2.0,4.40740740740741,0.0,0.0,0.0,0.383474576271186,0.75,1.0,0.8447080856509591,0.15529191434904085
153,92,0.0,0.0,1.0,1.0,0.0,2.0,2.0,1.0,7.0,12.0,20.0,4.82,0.0,83.0,1.0,3.0,27.0,2.0,4.40740740740741,0.0,0.0,0.0,0.8,0.75,1.0,0.5437417117980985,0.4562582882019015
153,93,0.0,0.0,1.0,1.0,0.0,10.0,2.0,1.0,7.0,12.0,20.0,0.24,0.0,83.0,1.0,3.0,27.0,7.0,4.40740740740741,0.0,0.0,0.0,0.383474576271186,0.75,1.0,0.6054121504314403,0.3945878495685597
153,94,0.0,0.0,1.0,1.0,30.0,2.0,2.0,1.0,7.0,12.0,20.0,4.57,0.0,83.0,1.0,3.0,27.0,2.0,4.40740740740741,0.0,0.0,0.0,0.383474576271186,0.75,1.0,0.8413085266969338,0.1586914733030662
153,95,0.0,25.0,1.0,1.0,0.0,2.0,2.0,1.0,7.0,12.0,20.0,0.24,0.0,83.0,1.0,3.0,27.0,2.0,8.5,0.0,0.0,0.0,0.383474576271186,0.75,1.0,0.676776289790025,0.3232237102099749
153,96,0.0,0.0,1.0,1.0,0.0,2.0,2.0,1.0,24.0,12.0,20.0,0.24,0.0,83.0,1.0,3.0,27.0,2.0,4.40740740740741,0.0,0.0,0.0,0.383474576271186,0.75,2.0,0.7195531692428221,0.28044683075717775
153,97,0.0,0.0,1.0,1.0,0.0,2.0,2.0,1.0,7.0,12.0,20.0,0.24,15.0,83.0,1.0,3.0,27.0,2.0,4.40740740740741,0.0,8.0,0.0,0.383474576271186,0.75,1.0,0.8501469560332622,0.1498530439667378
212,0,0.0,0.0,1.0,1.0,31.0,1.0,1.0,1.0,0.0,30.0,65.0,0.41,0.0,96.0,2.0,0.0,25.0,1.0,2.4,1.0,5.0,0.0,0.61100569259962,1.0,1.0,0.8409533259669584,0.1590466740330415
212,1,7.0,0.0,1.0,1.0,0.0,1.0,6.0,1.0,0.0,30.0,65.0,0.41,0.0,96.0,2.0,0.0,25.0,1.0,2.4,1.0,1.0,0.0,0.61100569259962,1.0,1.0,0.6601810740879395,0.3398189259120606
212,2,0.0,0.0,1.0,1.0,0.0,1.0,9.0,1.0,0.0,30.0,65.0,0.41,0.0,96.0,8.0,0.0,25.0,1.0,2.4,1.0,1.0,0.0,0.61100569259962,1.0,1.0,0.7620366112925937,0.23796338870740658
212,3,12.0,0.0,2.0,1.0,0.0,1.0,1.0,1.0,0.0,30.0,65.0,0.41,0.0,96.0,2.0,0.0,25.0,1.0,2.4,1.0,1.0,0.0,0.61100569259962,1.0,1.0,0.8418360511649243,0.15816394883507565
212,4,0.0,0.0,1.0,1.0,0.0,16.0,1.0,1.0,0.0,30.0,38.0,0.41,0.0,96.0,2.0,0.0,25.0,1.0,2.4,1.0,1.0,0.0,0.61100569259962,1.0,1.0,0.660352386193808,0.3396476138061921
212,5,13.0,0.0,1.0,1.0,0.0,1.0,1.0,1.0,0.0,30.0,65.0,3.36,0.0,96.0,2.0,0.0,25.0,1.0,2.4,1.0,1.0,0.0,0.61100569259962,1.0,1.0,0.835706406621725,0.16429359337827512
212,6,0.0,17.0,1.0,1.0,0.0,1.0,1.0,1.0,0.0,30.0,65.0,0.41,0.0,96.0,2.0,0.0,25.0,1.0,2.4,35.0,1.0,0.0,0.61100569259962,1.0,1.0,0.8402696164375136,0.15973038356248628
212,7,0.0,0.0,1.0,80.0,0.0,1.0,1.0,1.0,0.0,30.0,65.0,0.41,2.0,96.0,2.0,0.0,25.0,1.0,2.4,1.0,1.0,0.0,0.61100569259962,1.0,1.0,0.8406257689894598,0.15937423101054016
212,8,0.0,0.0,1.0,1.0,0.0,1.0,1.0,1.0,0.0,30.0,65.0,0.41,0.0,96.0,2.0,0.0,25.0,1.0,34.1,1.0,1.0,0.0,0.61100569259962,1.0,1.0,0.8347568673917748,0.16524313260822523
212,9,0.0,0.0,1.0,1.0,0.0,1.0,5.0,1.0,0.0,30.0,65.0,0.41,10.0,96.0,2.0,0.0,25.0,1.0,2.4,1.0,1.0,0.0,0.61100569259962,1.0,1.0,0.7619736107572106,0.23802638924278938
212,10,0.0,0.0,1.0,1.0,0.0,1.0,1.0,1.0,29.0,30.0,65.0,0.41,0.0,96.0,2.0,0.0,25.0,1.0,2.4,1.0,22.0,0.0,0.61100569259962,1.0,1.0,0.8359497423603117,0.16405025763968828
212,11,0.0,0.0,1.0,1.0,0.0,1.0,2.0,1.0,0.0,66.0,65.0,0.41,0.0,96.0,2.0,0.0,25.0,1.0,2.4,1.0,1.0,0.0,0.61100569259962,1.0,1.0,0.5939017089891817,0.4060982910108183
212,12,0.0,0.0,1.0,1.0,0.0,1.0,1.0,1.0,0.0,30.0,32.0,0.41,0.0,96.0,2.0,0.0,25.0,1.0,2.4,1.0,32.0,0.0,0.61100569259962,1.0,1.0,0.8462042501006285,0.1537957498993717
212,13,0.0,0.0,1.0,1.0,0.0,1.0,13.0,1.0,0.0,30.0,65.0,4.29,0.0,96.0,2.0,0.0,25.0,1.0,2.4,1.0,1.0,0.0,0.61100569259962,1.0,1.0,0.8358037176062799,0.16419628239372003
212,14,0.0,0.0,1.0,1.0,0.0,1.0,9.0,1.0,0.0,30.0,65.0,0.41,0.0,96.0,2.0,0.0,25.0,1.0,2.4,1.0,23.0,0.0,0.61100569259962,1.0,1.0,0.8340695916721993,0.16593040832780087
212,15,0.0,0.0,1.0,1.0,0.0,1.0,1.0,1.0,0.0,30.0,65.0,4.08,0.0,96.0,2.0,0.0,25.0,1.0,28.5,1.0,1.0,0.0,0.61100569259962,1.0,1.0,0.8200476792939723,0.17995232070602765
212,16,0.0,0.0,1.0,1.0,0.0,1.0,1.0,1.0,0.0,30.0,65.0,0.41,0.0,96.0,2.0,0.0,25.0,1.0,2.4,1.0,1.0,3.0,0.61100569259962,0.0,1.0,0.8411146136831797,0.15888538631682028
212,17,0.0,0.0,1.0,1.0,0.0,1.0,1.0,1.0,22.0,30.0,65.0,7.12,0.0,96.0,2.0,0.0,25.0,1.0,2.4,1.0,1.0,0.0,0.61100569259962,1.0,1.0,0.7630037198016899,0.23699628019831018
212,18,0.0,0.0,1.0,1.0,0.0,1.0,1.0,1.0,0.0,34.0,65.0,0.41,0.0,96.0,2.0,0.0,25.0,1.0,2.4,1.0,1.0,3.0,0.61100569259962,1.0,1.0,0.8404080129745091,0.15959198702549096
212,19,0.0,0.0,1.0,1.0,22.0,1.0,1.0,1.0,0.0,30.0,65.0,0.41,0.0,96.0,2.0,0.0,25.0,1.0,2.4,1.0,1.0,0.0,0.61100569259962,0.4,1.0,0.8420246367864177,0.15797536321358227
212,20,0.0,0.0,1.0,1.0,0.0,1.0,1.0,1.0,20.0,30.0,129.0,0.41,0.0,96.0,2.0,0.0,25.0,1.0,2.4,1.0,1.0,0.0,0.61100569259962,1.0,1.0,0.6949785476527895,0.30502145234721045
212,21,0.0,0.0,1.0,1.0,40.0,1.0,1.0,5.0,0.0,30.0,65.0,0.41,0.0,96.0,2.0,0.0,25.0,1.0,2.4,1.0,1.0,0.0,0.61100569259962,1.0,1.0,0.8427781910033623,0.15722180899663793
212,22,0.0,0.0,1.0,1.0,0.0,1.0,1.0,1.0,0.0,30.0,65.0,0.41,0.0,96.0,2.0,0.0,25.0,1.0,2.4,7.0,11.0,0.0,0.61100569259962,1.0,1.0,0.5547319673696215,0.4452680326303784
212,23,0.0,0.0,1.0,1.0,0.0,1.0,1.0,1.0,0.0,30.0,65.0,0.41,0.0,96.0,2.0,0.0,25.0,1.0,2.4,18.0,23.0,0.0,0.61100569259962,1.0,1.0,0.8391222403476449,0.16087775965235515
212,24,0.0,30.0,1.0,1.0,0.0,1.0,1.0,1.0,0.0,30.0,65.0,0.41,0.0,96.0,2.0,0.0,25.0,1.0,2.4,1.0,1.0,0.0,0.61100569259962,1.0,0.0,0.7980588644093186,0.20194113559068122
212,25,0.0,0.0,1.0,1.0,23.0,1.0,1.0,1.0,0.0,30.0,65.0,0.41,0.0,96.0,2.0,0.0,25.0,1.0,2.4,1.0,1.0,0.0,0.61100569259962,1.0,1.0,0.841434119840793,0.15856588015920708
212,26,0.0,0.0,1.0,1.0,17.0,1.0,1.0,1.0,0.0,30.0,65.0,0.41,0.0,96.0,2.0,14.0,25.0,1.0,2.4,1.0,1.0,0.0,0.61100569259962,1.0,1.0,0.8272606682764422,0.17273933172355793
212,27,0.0,40.0,1.0,1.0,11.0,1.0,1.0,1.0,0.0,30.0,65.0,0.41,0.0,96.0,2.0,0.0,25.0,1.0,2.4,1.0,1.0,0.0,0.61100569259962,1.0,1.0,0.8393972728019725,0.16060272719802743
212,28,0.0,0.0,1.0,1.0,0.0,1.0,1.0,1.0,0.0,61.0,65.0,0.41,0.0,96.0,2.0,0.0,36.0,1.0,2.4,1.0,1.0,0.0,0.61100569259962,1.0,1.0,0.5408443182447819,0.45915568175521804
212,29,0.0,0.0,1.0,1.0,0.0,1.0,1.0,1.0,0.0,30.0,65.0,0.41,0.0,96.0,2.0,0.0,25.0,1.0,2.4,1.0,28.0,0.0,0.61100569259962,1.0,1.0,0.8367191667078968,0.16328083329210338
212,30,0.0,0.0,1.0,1.0,0.0,15.0,1.0,1.0,0.0,30.0,65.0,0.41,0.0,96.0,2.0,0.0,25.0,1.0,2.4,1.0,33.0,0.0,0.61100569259962,1.0,1.0,0.8408355315975636,0.15916446840243625
212,31,0.0,0.0,1.0,1.0,0.0,1.0,1.0,1.0,0.0,30.0,65.0,0.41,0.0,96.0,2.0,0.0,25.0,1.0,2.4,20.0,1.0,0.0,0.61100569259962,1.0,1.0,0.8256383670291996,0.17436163297080054
212,32,8.0,0.0,1.0,1.0,0.0,1.0,1.0,1.0,0.0,30.0,127.0,0.41,0.0,96.0,2.0,0.0,25.0,1.0,2.4,1.0,1.0,0.0,0.61100569259962,1.0,1.0,0.8013638909632183,0.19863610903678183
212,33,0.0,0.0,1.0,1.0,0.0,5.0,1.0,1.0,0.0,30.0,65.0,0.41,0.0,96.0,2.0,0.0,25.0,1.0,2.4,1.0,15.0,0.0,0.61100569259962,1.0,1.0,0.6358441250340763,0.36415587496592366
212,34,0.0,0.0,1.0,1.0,0.0,1.0,1.0,1.0,0.0,30.0,65.0,0.41,0.0,96.0,2.0,0.0,25.0,1.0,2.4,1.0,18.0,0.0,0.61100569259962,1.0,1.0,0.72917700788501,0.27082299211499017
212,35,0.0,0.0,1.0,1.0,0.0,1.0,1.0,1.0,28.0,30.0,65.0,0.41,0.0,96.0,2.0,0.0,25.0,1.0,2.4,1.0,32.0,0.0,0.61100569259962,1.0,1.0,0.8401816933264847,0.15981830667351538
212,36,0.0,0.0,3.0,51.0,0.0,1.0,1.0,1.0,0.0,30.0,65.0,0.41,0.0,96.0,2.0,0.0,25.0,1.0,2.4,1.0,1.0,0.0,0.61100569259962,1.0,1.0,0.8402547114273067,0.15974528857269332
212,37,0.0,0.0,1.0,1.0,18.0,1.0,1.0,1.0,0.0,30.0,65.0,0.41,0.0,96.0,8.0,0.0,25.0,1.0,2.4,1.0,1.0,0.0,0.61100569259962,1.0,1.0,0.8385396701739748,0.16146032982602504
212,38,0.0,0.0,1.0,1.0,0.0,1.0,1.0,1.0,0.0,30.0,65.0,0.41,0.0,96.0,2.0,50.0,25.0,1.0,2.4,1.0,27.0,0.0,0.61100569259962,1.0,1.0,0.8402849319531257,0.15971506804687435
212,39,0.0,0.0,1.0,44.0,0.0,1.0,1.0,1.0,0.0,30.0,65.0,0.41,0.0,96.0,2.0,0.0,25.0,1.0,2.4,0.0,1.0,0.0,0.61100569259962,1.0,1.0,0.8399655444702199,0.16003445552977996
212,40,0.0,0.0,1.0,1.0,0.0,5.0,1.0,1.0,0.0,30.0,65.0,0.41,13.0,96.0,2.0,0.0,25.0,1.0,2.4,1.0,1.0,0.0,0.61100569259962,1.0,1.0,0.8192981717613163,0.18070182823868347
212,41,4.0,0.0,1.0,1.0,0.0,1.0,1.0,12.0,0.0,30.0,65.0,0.41,0.0,96.0,2.0,0.0,25.0,1.0,2.4,1.0,1.0,0.0,0.61100569259962,1.0,1.0,0.6484865091227257,0.35151349087727446
212,42,0.0,0.0,1.0,41.0,0.0,1.0,1.0,1.0,0.0,30.0,65.0,0.41,0.0,96.0,2.0,0.0,25.0,1.0,2.4,1.0,1.0,0.0,0.61100569259962,1.0,1.0,0.8393885035449284,0.16061149645507156
212,43,9.0,0.0,1.0,1.0,0.0,1.0,1.0,1.0,0.0,30.0,65.0,0.41,0.0,96.0,8.0,0.0,25.0,1.0,2.4,1.0,1.0,0.0,0.61100569259962,1.0,1.0,0.8318640184904431,0.1681359815095568
212,44,0.0,0.0,1.0,1.0,26.0,1.0,8.0,1.0,0.0,30.0,65.0,0.41,0.0,96.0,2.0,0.0,25.0,1.0,2.4,1.0,1.0,0.0,0.61100569259962,1.0,1.0,0.8407925289417185,0.1592074710582816
212,45,0.0,0.0,1.0,1.0,0.0,12.0,1.0,1.0,0.0,30.0,65.0,0.41,0.0,96.0,2.0,0.0,25.0,1.0,2.4,1.0,1.0,0.0,0.61100569259962,0.0,1.0,0.518954909879337,0.4810450901206628
212,46,0.0,0.0,1.0,1.0,0.0,12.0,1.0,1.0,0.0,30.0,65.0,0.41,0.0,96.0,2.0,0.0,25.0,1.0,2.4,1.0,1.0,1.0,0.61100569259962,1.0,1.0,0.6657334654401372,0.33426653455986294
212,47,0.0,0.0,1.0,1.0,0.0,1.0,1.0,18.0,24.0,30.0,65.0,0.41,0.0,96.0,2.0,0.0,25.0,1.0,2.4,1.0,1.0,0.0,0.61100569259962,1.0,1.0,0.818270769704092,0.18172923029590787
212,48,7.0,0.0,1.0,1.0,0.0,1.0,1.0,1.0,0.0,30.0,134.0,0.41,0.0,96.0,2.0,0.0,25.0,1.0,2.4,1.0,1.0,0.0,0.61100569259962,1.0,1.0,0.7837654147861386,0.2162345852138616
212,49,0.0,0.0,1.0,1.0,0.0,1.0,1.0,1.0,0.0,30.0,65.0,3.95,15.0,96.0,2.0,0.0,25.0,1.0,2.4,1.0,1.0,0.0,0.61100569259962,1.0,1.0,0.8357972242400026,0.1642027757599974
212,50,0.0,0.0,1.0,1.0,0.0,1.0,1.0,1.0,0.0,30.0,65.0,0.41,0.0,96.0,2.0,0.0,25.0,1.0,2.4,1.0,1.0,3.0,0.7,1.0,1.0,0.8408189840461207,0.15918101595387932
212,51,0.0,0.0,4.0,1.0,0.0,1.0,1.0,1.0,0.0,30.0,65.0,5.96,0.0,96.0,2.0,0.0,25.0,1.0,2.4,1.0,1.0,0.0,0.61100569259962,1.0,1.0,0.8165859807073894,0.18341401929261059
212,52,0.0,0.0,1.0,1.0,0.0,1.0,12.0,1.0,0.0,30.0,65.0,0.41,0.0,96.0,6.0,0.0,25.0,1.0,2.4,1.0,1.0,0.0,0.61100569259962,1.0,1.0,0.8275095889834848,0.17249041101651533
212,53,0.0,0.0,4.0,1.0,0.0,1.0,1.0,1.0,0.0,30.0,131.0,0.41,0.0,96.0,2.0,0.0,25.0,1.0,2.4,1.0,1.0,0.0,0.61100569259962,1.0,1.0,0.8305064414110155,0.16949355858898435
212,54,0.0,0.0,1.0,1.0,0.0,1.0,1.0,1.0,0.0,30.0,116.0,0.41,0.0,96.0,2.0,29.0,25.0,1.0,2.4,1.0,1.0,0.0,0.61100569259962,1.0,1.0,0.8327610320477841,0.16723896795221602
212,55,0.0,0.0,1.0,1.0,0.0,1.0,1.0,1.0,25.0,30.0,65.0,0.41,0.0,96.0,2.0,0.0,25.0,1.0,2.4,1.0,1.0,0.0,1.0,1.0,1.0,0.7140331845949993,0.28596681540500063
212,56,0.0,0.0,1.0,1.0,0.0,16.0,1.0,1.0,0.0,30.0,65.0,0.41,15.0,96.0,2.0,0.0,25.0,1.0,2.4,1.0,1.0,0.0,0.61100569259962,1.0,1.0,0.8386164134650407,0.16138358653495927
212,57,0.0,0.0,1.0,48.0,0.0,1.0,1.0,1.0,0.0,30.0,65.0,0.41,0.0,96.0,2.0,0.0,25.0,1.0,2.4,1.0,1.0,0.0,0.61100569259962,1.0,1.0,0.8402132329926295,0.15978676700737052
212,58,0.0,0.0,1.0,1.0,22.0,13.0,1.0,1.0,0.0,30.0,65.0,0.41,0.0,96.0,2.0,0.0,25.0,1.0,2.4,1.0,1.0,0.0,0.61100569259962,1.0,1.0,0.8400398632147086,0.15996013678529153
212,59,0.0,32.0,1.0,1.0,0.0,1.0,1.0,1.0,0.0,30.0,65.0,0.41,0.0,96.0,2.0,0.0,25.0,1.0,2.4,29.0,1.0,0.0,0.61100569259962,1.0,1.0,0.8402597036957558,0.1597402963042442
212,60,0.0,10.0,1.0,1.0,0.0,1.0,1.0,1.0,0.0,30.0,65.0,0.41,0.0,96.0,2.0,40.0,25.0,1.0,2.4,1.0,1.0,0.0,0.61100569259962,1.0,1.0,0.8417025308982461,0.15829746910175377
212,61,18.0,0.0,1.0,1.0,0.0,1.0,1.0,1.0,0.0,30.0,65.0,0.41,1.0,96.0,2.0,0.0,25.0,1.0,2.4,1.0,1.0,0.0,0.61100569259962,1.0,1.0,0.8412396942170715,0.15876030578292866
212,62,0.0,0.0,1.0,1.0,0.0,1.0,1.0,1.0,35.0,30.0,65.0,0.41,0.0,96.0,2.0,0.0,39.0,1.0,2.4,1.0,1.0,0.0,0.61100569259962,1.0,1.0,0.8206910655989537,0.17930893440104637
212,63,0.0,0.0,1.0,1.0,0.0,1.0,1.0,17.0,0.0,30.0,65.0,0.41,0.0,96.0,2.0,0.0,25.0,1.0,2.4,1.0,1.0,0.0,0.5,1.0,1.0,0.829689392849593,0.17031060715040694
212,64,0.0,0.0,1.0,1.0,0.0,1.0,1.0,1.0,23.0,30.0,65.0,0.41,0.0,96.0,2.0,0.0,25.0,1.0,2.4,1.0,1.0,0.0,0.61100569259962,1.0,1.0,0.5154115710946948,0.48458842890530524
212,65,0.0,0.0,1.0,1.0,0.0,1.0,1.0,1.0,0.0,30.0,65.0,0.41,0.0,96.0,7.0,0.0,25.0,1.0,2.4,35.0,1.0,0.0,0.61100569259962,1.0,1.0,0.8402698142030351,0.15973018579696474
212,66,0.0,0.0,1.0,1.0,0.0,1.0,7.0,1.0,0.0,30.0,65.0,0.41,0.0,96.0,2.0,0.0,25.0,1.0,2.4,1.0,36.0,0.0,0.61100569259962,1.0,1.0,0.8412187547342258,0.15878124526577428
212,67,0.0,0.0,1.0,21.0,0.0,1.0,1.0,1.0,0.0,30.0,65.0,0.41,0.0,96.0,2.0,0.0,25.0,9.0,2.4,1.0,1.0,0.0,0.61100569259962,1.0,1.0,0.7811346644594781,0.2188653355405221
212,68,0.0,0.0,1.0,1.0,0.0,1.0,1.0,1.0,0.0,30.0,65.0,2.79,0.0,96.0,2.0,0.0,25.0,1.0,2.4,16.0,1.0,0.0,0.61100569259962,1.0,1.0,0.7890596666968772,0.210940333303123
212,69,0.0,0.0,1.0,1.0,0.0,1.0,1.0,2.0,0.0,30.0,65.0,0.41,0.0,96.0,2.0,0.0,25.0,1.0,25.9,1.0,1.0,0.0,0.61100569259962,1.0,1.0,0.7699525184514376,0.2300474815485626
212,70,19.0,0.0,1.0,1.0,0.0,14.0,1.0,1.0,0.0,30.0,65.0,0.41,0.0,96.0,2.0,0.0,25.0,1.0,2.4,1.0,1.0,0.0,0.61100569259962,1.0,1.0,0.8403747771030344,0.1596252228969654
212,71,14.0,0.0,1.0,28.0,0.0,1.0,1.0,1.0,0.0,30.0,65.0,0.41,0.0,96.0,2.0,0.0,25.0,1.0,2.4,1.0,1.0,0.0,0.61100569259962,1.0,1.0,0.8406983031882732,0.15930169681172676
212,72,0.0,39.0,1.0,1.0,0.0,1.0,6.0,1.0,0.0,30.0,65.0,0.41,0.0,96.0,2.0,0.0,25.0,1.0,2.4,1.0,1.0,0.0,0.61100569259962,1.0,1.0,0.8375285713721216,0.16247142862787875
212,73,0.0,0.0,1.0,1.0,0.0,1.0,1.0,1.0,0.0,30.0,65.0,0.41,0.0,96.0,2.0,0.0,25.0,1.0,2.4,1.0,38.0,0.0,0.61100569259962,1.0,1.0,0.8421369500920628,0.15786304990793726
212,74,0.0,0.0,1.0,1.0,4.0,13.0,1.0,1.0,0.0,30.0,65.0,0.41,0.0,96.0,2.0,0.0,25.0,1.0,2.4,1.0,1.0,0.0,0.61100569259962,1.0,1.0,0.5690754574753409,0.4309245425246593
212,75,0.0,32.0,1.0,1.0,0.0,1.0,1.0,10.0,0.0,30.0,65.0,0.41,0.0,96.0,2.0,0.0,25.0,1.0,2.4,1.0,1.0,0.0,0.61100569259962,1.0,1.0,0.8217288140723393,0.17827118592766072
212,76,0.0,0.0,1.0,1.0,0.0,17.0,1.0,1.0,0.0,30.0,65.0,0.41,0.0,96.0,2.0,0.0,25.0,1.0,2.4,1.0,1.0,0.0,0.8,1.0,1.0,0.7211088521872093,0.2788911478127908
212,77,0.0,0.0,1.0,1.0,0.0,1.0,1.0,1.0,0.0,30.0,65.0,0.41,0.0,96.0,2.0,30.0,25.0,1.0,2.4,1.0,1.0,0.0,0.61100569259962,1.0,1.0,0.8343213142506869,0.16567868574931302
212,78,0.0,0.0,1.0,1.0,0.0,1.0,1.0,1.0,0.0,2.0,63.0,0.41,0.0,96.0,2.0,0.0,25.0,1.0,2.4,1.0,1.0,0.0,0.61100569259962,1.0,1.0,0.9542377852523741,0.04576221474762593
212,79,0.0,39.0,1.0,1.0,0.0,1.0,1.0,1.0,0.0,5.0,65.0,0.41,0.0,96.0,2.0,0.0,25.0,1.0,2.4,1.0,1.0,0.0,0.61100569259962,1.0,1.0,0.8501055554542396,0.14989444454576054
212,80,0.0,0.0,1.0,1.0,9.0,1.0,1.0,1.0,0.0,30.0,65.0,0.41,0.0,96.0,2.0,0.0,62.0,1.0,2.4,1.0,1.0,0.0,0.61100569259962,1.0,1.0,0.7132187256477492,0.28678127435225076
212,81,0.0,0.0,1.0,1.0,22.0,1.0,1.0,1.0,0.0,30.0,65.0,0.41,0.0,96.0,2.0,0.0,25.0,1.0,2.4,1.0,1.0,0.0,0.6,1.0,1.0,0.8413882916021259,0.1586117083978742
212,82,0.0,0.0,1.0,1.0,0.0,13.0,1.0,1.0,0.0,30.0,65.0,0.41,0.0,96.0,2.0,0.0,25.0,1.0,2.4,1.0,35.0,0.0,0.61100569259962,1.0,1.0,0.8412307994402404,0.1587692005597596
212,83,0.0,0.0,1.0,1.0,0.0,1.0,1.0,1.0,0.0,30.0,65.0,0.41,0.0,96.0,6.0,0.0,25.0,1.0,2.4,37.0,1.0,0.0,0.61100569259962,1.0,1.0,0.8402707507709082,0.15972924922909185
212,84,0.0,0.0,1.0,1.0,0.0,1.0,9.0,1.0,0.0,30.0,65.0,0.41,0.0,96.0,2.0,0.0,25.0,1.0,40.9,1.0,1.0,0.0,0.61100569259962,1.0,1.0,0.8405261110490574,0.15947388895094247
212,85,0.0,0.0,1.0,1.0,0.0,1.0,1.0,1.0,39.0,30.0,65.0,0.41,3.0,96.0,2.0,0.0,25.0,1.0,2.4,1.0,1.0,0.0,0.61100569259962,1.0,1.0,0.832708829769236,0.167291170230764
212,86,0.0,0.0,1.0,1.0,0.0,1.0,1.0,1.0,0.0,30.0,113.0,0.41,0.0,96.0,2.0,0.0,25.0,1.0,2.4,1.0,23.0,0.0,0.61100569259962,1.0,1.0,0.8214580755251709,0.1785419244748293
212,87,0.0,0.0,1.0,1.0,0.0,1.0,1.0,1.0,0.0,30.0,65.0,0.41,0.0,96.0,2.0,0.0,25.0,1.0,2.4,26.0,1.0,0.0,0.61100569259962,1.0,1.0,0.8392880178140621,0.1607119821859378
212,88,0.0,0.0,1.0,32.0,0.0,1.0,1.0,1.0,0.0,30.0,65.0,0.41,0.0,96.0,2.0,0.0,25.0,1.0,38.7,1.0,1.0,0.0,0.61100569259962,1.0,1.0,0.8402997807102491,0.15970021928975098
212,89,0.0,0.0,1.0,1.0,0.0,1.0,1.0,12.0,0.0,30.0,65.0,0.41,0.0,96.0,2.0,0.0,25.0,4.0,2.4,1.0,1.0,0.0,0.61100569259962,1.0,1.0,0.7269021173373695,0.2730978826626306
212,90,0.0,41.0,1.0,1.0,0.0,1.0,1.0,1.0,37.0,30.0,65.0,0.41,0.0,96.0,2.0,0.0,25.0,1.0,2.4,1.0,1.0,0.0,0.61100569259962,1.0,1.0,0.8401373193903313,0.1598626806096686
212,91,0.0,0.0,1.0,1.0,0.0,1.0,1.0,1.0,0.0,30.0,65.0,0.41,0.0,96.0,2.0,0.0,25.0,1.0,36.5,1.0,2.0,0.0,0.61100569259962,1.0,1.0,0.8387957431228066,0.1612042568771933
212,92,0.0,0.0,1.0,22.0,0.0,1.0,1.0,1.0,0.0,30.0,65.0,0.41,0.0,96.0,2.0,0.0,25.0,1.0,2.4,1.0,1.0,0.0,0.61100569259962,1.0,1.0,0.7239837242823655,0.27601627571763443
212,93,0.0,0.0,1.0,1.0,0.0,1.0,1.0,1.0,0.0,30.0,17.0,0.41,0.0,96.0,2.0,0.0,25.0,1.0,2.4,10.0,1.0,0.0,0.61100569259962,1.0,1.0,0.6078831302919974,0.39211686970800264
212,94,0.0,38.0,1.0,1.0,0.0,1.0,1.0,1.0,0.0,30.0,65.0,0.41,0.0,96.0,2.0,0.0,25.0,1.0,2.4,1.0,1.0,0.0,0.61100569259962,1.0,2.0,0.8295872240241033,0.1704127759758968
212,95,0.0,0.0,1.0,1.0,0.0,1.0,1.0,1.0,29.0,30.0,65.0,0.41,0.0,96.0,2.0,21.0,25.0,1.0,2.4,1.0,1.0,0.0,0.61100569259962,1.0,1.0,0.8167362360965866,0.18326376390341337
212,96,18.0,0.0,1.0,1.0,0.0,1.0,1.0,1.0,15.0,30.0,65.0,0.41,0.0,96.0,2.0,0.0,25.0,1.0,2.4,1.0,1.0,0.0,0.61100569259962,1.0,1.0,0.8405627738098383,0.15943722619016185
212,97,0.0,0.0,1.0,1.0,0.0,1.0,1.0,1.0,0.0,30.0,65.0,0.41,0.0,96.0,6.0,0.0,25.0,1.0,2.4,42.0,1.0,0.0,0.61100569259962,1.0,1.0,0.8402683788394878,0.1597316211605122
212,98,9.0,0.0,1.0,1.0,0.0,1.0,1.0,1.0,0.0,14.0,65.0,0.41,0.0,96.0,2.0,0.0,25.0,1.0,2.4,1.0,1.0,0.0,0.61100569259962,1.0,1.0,0.8812397074115033,0.11876029258849648
212,99,0.0,0.0,1.0,1.0,0.0,1.0,1.0,1.0,0.0,5.0,65.0,0.41,0.0,96.0,2.0,0.0,25.0,1.0,2.4,1.0,1.0,0.0,0.61100569259962,0.2,1.0,0.9528115308574413,0.04718846914255863
228,0,0.0,1.0,2.0,1.0,0.0,3.0,3.0,4.0,9.0,13.0,30.0,0.26,0.0,89.0,2.0,2.0,25.0,2.0,3.775,0.0,37.0,0.0,0.584239130434783,0.6,1.0,0.8479837829812538,0.15201621701874643
228,1,0.0,1.0,2.0,1.0,0.0,3.0,3.0,4.0,9.0,13.0,120.0,0.26,0.0,89.0,2.0,2.0,25.0,2.0,3.775,0.0,0.0,0.0,0.4,0.857142857142857,1.0,0.6282747039086908,0.3717252960913092
228,2,0.0,1.0,2.0,1.0,0.0,3.0,3.0,4.0,9.0,13.0,30.0,0.26,0.0,89.0,2.0,2.0,25.0,2.0,3.775,0.0,0.0,3.0,0.584239130434783,0.4,1.0,0.8473931697722016,0.1526068302277984
228,3,0.0,1.0,2.0,1.0,11.0,3.0,3.0,4.0,9.0,13.0,30.0,0.26,0.0,89.0,2.0,2.0,44.0,2.0,3.775,0.0,0.0,0.0,0.584239130434783,0.857142857142857,1.0,0.6204086587518999,0.3795913412481001
228,4,0.0,1.0,2.0,1.0,0.0,3.0,3.0,4.0,9.0,13.0,30.0,0.26,0.0,89.0,2.0,2.0,25.0,2.0,3.775,15.0,0.0,1.0,0.584239130434783,0.857142857142857,1.0,0.7940406084613999,0.2059593915386
228,5,15.0,1.0,2.0,1.0,0.0,3.0,3.0,4.0,9.0,13.0,105.0,0.26,0.0,89.0,2.0,2.0,25.0,2.0,3.775,0.0,0.0,0.0,0.584239130434783,0.857142857142857,1.0,0.8395447087154959,0.1604552912845041
228,6,14.0,1.0,2.0,16.0,0.0,3.0,3.0,4.0,9.0,13.0,30.0,0.26,0.0,89.0,2.0,2.0,25.0,2.0,3.775,0.0,0.0,0.0,0.584239130434783,0.857142857142857,1.0,0.8411952631143109,0.15880473688568914
228,7,0.0,1.0,4.0,1.0,0.0,3.0,3.0,4.0,9.0,13.0,30.0,0.26,0.0,89.0,2.0,2.0,25.0,2.0,41.6,0.0,0.0,0.0,0.584239130434783,0.857142857142857,1.0,0.8405069070806735,0.15949309291932662
228,8,0.0,1.0,2.0,1.0,0.0,3.0,3.0,4.0,9.0,13.0,30.0,0.26,15.0,89.0,2.0,2.0,12.0,2.0,3.775,0.0,0.0,0.0,0.584239130434783,0.857142857142857,1.0,0.8425047604762924,0.1574952395237078
228,9,18.0,1.0,2.0,1.0,0.0,3.0,3.0,4.0,9.0,13.0,30.0,0.26,2.0,89.0,2.0,2.0,25.0,2.0,3.775,0.0,0.0,0.0,0.584239130434783,0.857142857142857,1.0,0.8483761926627382,0.15162380733726175
228,10,0.0,1.0,2.0,1.0,0.0,3.0,3.0,4.0,9.0,13.0,30.0,0.26,9.0,89.0,2.0,32.0,25.0,2.0,3.775,0.0,0.0,0.0,0.584239130434783,0.857142857142857,1.0,0.840767706754374,0.15923229324562618
228,11,0.0,1.0,2.0,1.0,0.0,3.0,9.0,4.0,9.0,13.0,30.0,0.26,0.0,89.0,2.0,2.0,25.0,2.0,3.775,0.0,0.0,0.0,0.584239130434783,0.6,1.0,0.5688059115823045,0.43119408841769535
228,12,0.0,1.0,2.0,6.0,0.0,3.0,3.0,12.0,9.0,13.0,30.0,0.26,0.0,89.0,2.0,2.0,25.0,2.0,3.775,0.0,0.0,0.0,0.584239130434783,0.857142857142857,1.0,0.6514250878345946,0.34857491216540526
228,13,0.0,1.0,2.0,1.0,0.0,3.0,3.0,4.0,9.0,13.0,30.0,5.36,0.0,89.0,2.0,2.0,25.0,2.0,37.5,0.0,0.0,0.0,0.584239130434783,0.857142857142857,1.0,0.8436982606035702,0.15630173939642975
228,14,0.0,1.0,2.0,1.0,0.0,3.0,3.0,4.0,9.0,13.0,30.0,0.26,0.0,89.0,2.0,32.0,25.0,2.0,3.775,0.0,0.0,0.0,0.584239130434783,0.857142857142857,3.0,0.8410685881750019,0.15893141182499812
228,15,0.0,1.0,2.0,71.0,26.0,3.0,3.0,4.0,9.0,13.0,30.0,0.26,0.0,89.0,2.0,2.0,25.0,2.0,3.775,0.0,0.0,0.0,0.584239130434783,0.857142857142857,1.0,0.8402674245512574,0.15973257544874261
228,16,0.0,24.0,4.0,1.0,0.0,3.0,3.0,4.0,9.0,13.0,30.0,0.26,0.0,89.0,2.0,2.0,25.0,2.0,3.775,0.0,0.0,0.0,0.584239130434783,0.857142857142857,1.0,0.8152760310450452,0.1847239689549548
228,17,0.0,1.0,2.0,1.0,0.0,3.0,3.0,4.0,9.0,13.0,30.0,0.26,0.0,89.0,2.0,38.0,25.0,7.0,3.775,0.0,0.0,0.0,0.584239130434783,0.857142857142857,1.0,0.840918599775934,0.1590814002240664
228,18,21.0,1.0,2.0,1.0,0.0,3.0,0.0,4.0,9.0,13.0,30.0,0.26,0.0,89.0,2.0,2.0,25.0,2.0,3.775,0.0,0.0,0.0,0.584239130434783,0.857142857142857,1.0,0.8430018414094436,0.1569981585905563
228,19,0.0,1.0,2.0,1.0,0.0,3.0,3.0,4.0,25.0,13.0,30.0,0.26,0.0,89.0,2.0,2.0,25.0,2.0,3.775,0.0,17.0,0.0,0.584239130434783,0.857142857142857,1.0,0.7811256791578959,0.2188743208421041
228,20,0.0,1.0,2.0,1.0,0.0,3.0,3.0,4.0,9.0,14.0,30.0,0.26,0.0,89.0,2.0,2.0,25.0,2.0,51.8,0.0,0.0,0.0,0.584239130434783,0.857142857142857,1.0,0.840779571766834,0.15922042823316604
228,21,0.0,1.0,2.0,1.0,0.0,3.0,3.0,4.0,9.0,47.0,30.0,0.26,11.0,89.0,2.0,2.0,25.0,2.0,3.775,0.0,0.0,0.0,0.584239130434783,0.857142857142857,1.0,0.8077677883850162,0.1922322116149836
228,22,0.0,1.0,2.0,1.0,0.0,3.0,3.0,4.0,9.0,13.0,30.0,0.26,0.0,89.0,2.0,15.0,25.0,2.0,3.775,0.0,37.0,0.0,0.584239130434783,0.857142857142857,1.0,0.8429179068192565,0.15708209318074354
228,23,0.0,11.0,2.0,1.0,20.0,3.0,3.0,4.0,9.0,13.0,30.0,0.26,0.0,89.0,2.0,2.0,25.0,2.0,3.775,0.0,0.0,0.0,0.584239130434783,0.857142857142857,1.0,0.7590593191104696,0.2409406808895302
228,24,18.0,1.0,2.0,1.0,0.0,3.0,13.0,4.0,9.0,13.0,30.0,0.26,0.0,89.0,2.0,2.0,25.0,2.0,3.775,0.0,0.0,0.0,0.584239130434783,0.857142857142857,1.0,0.8402965395426306,0.15970346045736947
228,25,0.0,1.0,0.0,1.0,0.0,3.0,3.0,4.0,29.0,13.0,30.0,0.26,0.0,89.0,2.0,2.0,25.0,2.0,3.775,0.0,0.0,0.0,0.584239130434783,0.857142857142857,1.0,0.7939666403790621,0.20603335962093777
228,26,0.0,1.0,2.0,1.0,0.0,3.0,3.0,4.0,9.0,13.0,30.0,0.26,0.0,89.0,6.0,2.0,25.0,2.0,47.9,0.0,0.0,0.0,0.584239130434783,0.857142857142857,1.0,0.8411714562852666,0.1588285437147333
228,27,9.0,1.0,2.0,1.0,0.0,3.0,3.0,4.0,9.0,13.0,30.0,0.26,0.0,89.0,8.0,2.0,25.0,2.0,3.775,0.0,0.0,0.0,0.584239130434783,0.857142857142857,1.0,0.781771182941219,0.21822881705878092
228,28,0.0,1.0,2.0,1.0,0.0,3.0,10.0,4.0,9.0,13.0,30.0,0.26,0.0,89.0,2.0,2.0,25.0,2.0,13.3,0.0,0.0,0.0,0.584239130434783,0.857142857142857,1.0,0.7730830210217936,0.22691697897820629
228,29,0.0,1.0,1.0,1.0,0.0,3.0,3.0,4.0,9.0,13.0,30.0,0.26,0.0,89.0,2.0,47.0,25.0,2.0,3.775,0.0,0.0,0.0,0.584239130434783,0.857142857142857,1.0,0.8524897182908374,0.1475102817091625
228,30,16.0,1.0,2.0,1.0,0.0,3.0,12.0,4.0,9.0,13.0,30.0,0.26,0.0,89.0,2.0,2.0,25.0,2.0,3.775,0.0,0.0,0.0,0.584239130434783,0.857142857142857,1.0,0.8401851242677608,0.15981487573223896
228,31,0.0,1.0,2.0,48.0,0.0,3.0,3.0,4.0,9.0,13.0,30.0,0.26,0.0,89.0,2.0,2.0,25.0,1.0,3.775,0.0,0.0,0.0,0.584239130434783,0.857142857142857,1.0,0.8400017828589007,0.15999821714109919
228,32,0.0,1.0,2.0,1.0,0.0,3.0,3.0,4.0,9.0,13.0,30.0,0.26,0.0,89.0,2.0,2.0,25.0,2.0,3.775,35.0,0.0,0.0,0.584239130434783,0.857142857142857,2.0,0.840291550463212,0.15970844953678792
228,33,0.0,0.0,2.0,1.0,0.0,3.0,3.0,4.0,9.0,13.0,30.0,0.26,0.0,89.0,2.0,2.0,25.0,2.0,3.775,0.0,0.0,3.0,0.584239130434783,0.857142857142857,1.0,0.846820220437954,0.15317977956204584
228,34,0.0,1.0,2.0,1.0,0.0,3.0,3.0,4.0,9.0,13.0,111.0,0.17,0.0,89.0,2.0,2.0,25.0,2.0,3.775,0.0,0.0,0.0,0.584239130434783,0.857142857142857,1.0,0.524831276609541,0.475168723390459
228,35,1.0,1.0,2.0,1.0,0.0,3.0,3.0,16.0,9.0,13.0,30.0,0.26,0.0,89.0,2.0,2.0,25.0,2.0,3.775,0.0,0.0,0.0,0.584239130434783,0.857142857142857,1.0,0.8169285701514173,0.18307142984858257
228,36,0.0,1.0,2.0,1.0,0.0,3.0,3.0,4.0,9.0,13.0,30.0,0.26,0.0,89.0,2.0,2.0,25.0,2.0,3.775,0.0,29.0,0.0,0.7,0.857142857142857,1.0,0.8444867547018188,0.15551324529818142
228,37,10.0,1.0,2.0,1.0,0.0,3.0,3.0,4.0,9.0,13.0,30.0,0.26,0.0,89.0,2.0,2.0,25.0,2.0,3.775,7.0,0.0,0.0,0.584239130434783,0.857142857142857,1.0,0.75193130132101,0.2480686986789901
228,38,0.0,1.0,2.0,23.0,0.0,3.0,3.0,4.0,7.0,13.0,30.0,0.26,0.0,89.0,2.0,2.0,25.0,2.0,3.775,0.0,0.0,0.0,0.584239130434783,0.857142857142857,1.0,0.6569045428520957,0.3430954571479043
228,39,0.0,1.0,3.0,1.0,0.0,3.0,3.0,4.0,9.0,13.0,30.0,0.26,0.0,89.0,2.0,2.0,25.0,2.0,3.775,0.0,33.0,0.0,0.584239130434783,0.857142857142857,1.0,0.8420111966877907,0.15798880331220944
228,40,0.0,1.0,2.0,22.0,0.0,3.0,3.0,4.0,9.0,13.0,30.0,0.26,0.0,89.0,2.0,2.0,67.0,2.0,3.775,0.0,0.0,0.0,0.584239130434783,0.857142857142857,1.0,0.787341677968697,0.21265832203130283
228,41,0.0,1.0,2.0,1.0,0.0,3.0,3.0,4.0,9.0,60.0,30.0,0.26,0.0,89.0,2.0,2.0,25.0,2.0,3.775,0.0,37.0,0.0,0.584239130434783,0.857142857142857,1.0,0.8402398513258855,0.15976014867411462
228,42,0.0,1.0,2.0,1.0,0.0,3.0,3.0,4.0,9.0,13.0,30.0,0.26,13.0,89.0,2.0,2.0,25.0,2.0,39.7,0.0,0.0,0.0,0.584239130434783,0.857142857142857,1.0,0.8403809930973787,0.1596190069026212
228,43,0.0,1.0,2.0,1.0,20.0,3.0,3.0,4.0,9.0,13.0,30.0,0.26,0.0,89.0,2.0,2.0,25.0,2.0,3.775,0.0,0.0,2.0,0.584239130434783,0.857142857142857,1.0,0.8359983618902579,0.1640016381097423
228,44,0.0,1.0,2.0,1.0,0.0,3.0,3.0,4.0,29.0,13.0,30.0,0.26,0.0,89.0,2.0,2.0,25.0,2.0,3.775,0.0,0.0,0.0,0.584239130434783,0.857142857142857,2.0,0.6045824421391596,0.39541755786084043
228,45,0.0,1.0,2.0,1.0,0.0,3.0,3.0,4.0,9.0,64.0,30.0,0.26,0.0,89.0,2.0,2.0,25.0,2.0,3.775,0.0,0.0,0.0,0.7,0.857142857142857,1.0,0.6922589389982317,0.30774106100176846
228,46,0.0,1.0,2.0,1.0,0.0,3.0,3.0,4.0,9.0,13.0,30.0,0.26,0.0,89.0,2.0,2.0,25.0,2.0,30.8,0.0,0.0,0.0,0.584239130434783,0.857142857142857,1.0,0.840570382088349,0.15942961791165097
228,47,0.0,1.0,2.0,1.0,0.0,3.0,3.0,4.0,9.0,13.0,30.0,0.26,0.0,89.0,2.0,2.0,25.0,2.0,36.5,0.0,0.0,0.0,0.584239130434783,0.857142857142857,1.0,0.8469123679227886,0.1530876320772113
228,48,0.0,1.0,2.0,1.0,0.0,3.0,3.0,13.0,9.0,13.0,30.0,0.26,0.0,64.0,2.0,2.0,25.0,2.0,3.775,0.0,0.0,0.0,0.584239130434783,0.857142857142857,1.0,0.7169863977596844,0.28301360224031535
228,49,0.0,1.0,2.0,1.0,0.0,3.0,3.0,4.0,9.0,13.0,142.0,0.26,0.0,89.0,2.0,2.0,25.0,2.0,3.775,43.0,0.0,0.0,0.584239130434783,0.857142857142857,1.0,0.8402674212311744,0.15973257876882568
228,50,0.0,1.0,2.0,1.0,0.0,3.0,3.0,4.0,9.0,13.0,30.0,4.35,0.0,89.0,2.0,24.0,25.0,2.0,3.775,0.0,0.0,0.0,0.584239130434783,0.857142857142857,1.0,0.7986945233270742,0.20130547667292595
228,51,0.0,21.0,2.0,1.0,0.0,3.0,3.0,4.0,9.0,13.0,30.0,0.26,0.0,89.0,7.0,2.0,25.0,2.0,3.775,0.0,0.0,0.0,0.584239130434783,0.857142857142857,1.0,0.5772598513805176,0.42274014861948234
228,52,0.0,1.0,4.0,1.0,1.0,3.0,3.0,4.0,9.0,13.0,30.0,0.26,0.0,89.0,2.0,2.0,25.0,2.0,3.775,0.0,0.0,0.0,0.584239130434783,0.857142857142857,1.0,0.6948236908904426,0.3051763091095577
228,53,0.0,1.0,2.0,1.0,0.0,3.0,3.0,4.0,14.0,13.0,30.0,0.26,0.0,89.0,2.0,2.0,25.0,2.0,30.6,0.0,0.0,0.0,0.584239130434783,0.857142857142857,1.0,0.8324881008482324,0.1675118991517677
228,54,0.0,1.0,2.0,1.0,15.0,3.0,3.0,4.0,9.0,13.0,30.0,0.26,0.0,5.0,2.0,2.0,25.0,2.0,3.775,0.0,0.0,0.0,0.584239130434783,0.857142857142857,1.0,0.730738266826947,0.26926173317305274
228,55,0.0,1.0,2.0,1.0,21.0,3.0,3.0,4.0,9.0,13.0,30.0,0.26,0.0,89.0,2.0,2.0,25.0,9.0,3.775,0.0,0.0,0.0,0.584239130434783,0.857142857142857,1.0,0.8367619223822421,0.16323807761775758
228,56,6.0,1.0,2.0,1.0,20.0,3.0,3.0,4.0,9.0,13.0,30.0,0.26,0.0,89.0,2.0,2.0,25.0,2.0,3.775,0.0,0.0,0.0,0.584239130434783,0.857142857142857,1.0,0.7724300383268664,0.2275699616731334
228,57,0.0,1.0,2.0,1.0,22.0,3.0,3.0,4.0,9.0,32.0,30.0,0.26,0.0,89.0,2.0,2.0,25.0,2.0,3.775,0.0,0.0,0.0,0.584239130434783,0.857142857142857,1.0,0.8131820122552325,0.18681798774476738
228,58,0.0,1.0,2.0,1.0,0.0,15.0,3.0,4.0,18.0,13.0,30.0,0.26,0.0,89.0,2.0,2.0,25.0,2.0,3.775,0.0,0.0,0.0,0.584239130434783,0.857142857142857,1.0,0.5623501317979681,0.43764986820203206
228,59,0.0,1.0,2.0,1.0,0.0,3.0,3.0,4.0,9.0,13.0,30.0,0.26,0.0,94.0,2.0,2.0,25.0,8.0,3.775,0.0,0.0,0.0,0.584239130434783,0.857142857142857,1.0,0.5920392262954288,0.4079607737045712
228,60,0.0,1.0,2.0,83.0,0.0,3.0,3.0,4.0,9.0,13.0,30.0,0.26,0.0,89.0,2.0,2.0,25.0,2.0,3.775,0.0,0.0,0.0,0.3,0.857142857142857,1.0,0.840686808476157,0.15931319152384296
228,61,0.0,1.0,2.0,1.0,0.0,3.0,3.0,11.0,9.0,13.0,30.0,0.26,0.0,89.0,2.0,2.0,25.0,2.0,3.775,0.0,0.0,3.0,0.584239130434783,0.857142857142857,1.0,0.840660972392956,0.15933902760704408
228,62,0.0,1.0,2.0,1.0,0.0,3.0,3.0,4.0,9.0,13.0,30.0,0.26,0.0,89.0,2.0,2.0,25.0,5.0,34.5,0.0,0.0,0.0,0.584239130434783,0.857142857142857,1.0,0.8405552661293885,0.15944473387061156
228,63,21.0,1.0,2.0,1.0,0.0,3.0,3.0,4.0,9.0,13.0,30.0,0.26,0.0,89.0,2.0,2.0,25.0,2.0,3.775,0.0,0.0,0.0,0.584239130434783,1.0,1.0,0.8431317064904329,0.15686829350956702
228,64,7.0,1.0,2.0,1.0,0.0,3.0,6.0,4.0,9.0,13.0,30.0,0.26,0.0,89.0,2.0,2.0,25.0,2.0,3.775,0.0,0.0,0.0,0.584239130434783,0.857142857142857,1.0,0.5063980924198596,0.49360190758014033
228,65,0.0,1.0,2.0,1.0,0.0,3.0,3.0,4.0,9.0,13.0,30.0,0.26,0.0,89.0,2.0,22.0,63.0,2.0,3.775,0.0,0.0,0.0,0.584239130434783,0.857142857142857,1.0,0.7698586178038465,0.23014138219615354
228,66,0.0,1.0,2.0,1.0,0.0,3.0,3.0,4.0,37.0,13.0,30.0,0.26,0.0,89.0,2.0,2.0,25.0,2.0,3.775,0.0,0.0,0.0,0.584239130434783,0.857142857142857,0.0,0.8106540152307165,0.18934598476928385
228,67,0.0,1.0,4.0,1.0,0.0,3.0,3.0,4.0,9.0,13.0,30.0,6.07,0.0,89.0,2.0,2.0,25.0,2.0,3.775,0.0,0.0,0.0,0.584239130434783,0.857142857142857,1.0,0.7937150083135679,0.2062849916864322
228,68,0.0,1.0,2.0,1.0,0.0,3.0,3.0,4.0,9.0,13.0,30.0,0.26,0.0,89.0,2.0,34.0,25.0,2.0,3.775,27.0,0.0,0.0,0.584239130434783,0.857142857142857,1.0,0.8407095080412388,0.15929049195876147
228,69,0.0,32.0,2.0,1.0,0.0,3.0,3.0,4.0,9.0,13.0,30.0,0.26,0.0,89.0,2.0,2.0,25.0,2.0,3.775,22.0,0.0,0.0,0.584239130434783,0.857142857142857,1.0,0.8400349833298453,0.1599650166701547
228,70,0.0,1.0,2.0,1.0,0.0,3.0,3.0,4.0,9.0,13.0,30.0,0.26,0.0,89.0,2.0,2.0,31.0,2.0,3.775,24.0,0.0,0.0,0.584239130434783,0.857142857142857,1.0,0.836194802595298,0.163805197404702
228,71,13.0,1.0,2.0,1.0,0.0,3.0,3.0,4.0,9.0,13.0,30.0,0.26,0.0,89.0,2.0,2.0,25.0,2.0,3.775,0.0,19.0,0.0,0.584239130434783,0.857142857142857,1.0,0.8365996627982396,0.16340033720176034
228,72,0.0,1.0,2.0,1.0,0.0,3.0,3.0,4.0,9.0,13.0,30.0,0.26,0.0,89.0,2.0,29.0,25.0,2.0,22.0,0.0,0.0,0.0,0.584239130434783,0.857142857142857,1.0,0.8444044666436279,0.15559553335637213
228,73,0.0,1.0,2.0,1.0,0.0,3.0,11.0,4.0,9.0,13.0,30.0,0.26,0.0,89.0,2.0,2.0,45.0,2.0,3.775,0.0,0.0,0.0,0.584239130434783,0.857142857142857,1.0,0.7852456679409182,0.21475433205908145
228,74,0.0,1.0,2.0,1.0,0.0,3.0,3.0,4.0,9.0,13.0,30.0,0.26,0.0,89.0,2.0,7.0,25.0,2.0,35.2,0.0,0.0,0.0,0.584239130434783,0.857142857142857,1.0,0.8458165991622597,0.1541834008377401
228,75,12.0,1.0,2.0,1.0,0.0,3.0,3.0,4.0,9.0,13.0,30.0,0.26,0.0,35.0,2.0,2.0,25.0,2.0,3.775,0.0,0.0,0.0,0.584239130434783,0.857142857142857,1.0,0.7948468086458437,0.205153191354156
228,76,0.0,1.0,2.0,1.0,0.0,3.0,3.0,4.0,9.0,13.0,30.0,0.26,0.0,89.0,2.0,13.0,25.0,2.0,3.775,0.0,21.0,0.0,0.584239130434783,0.857142857142857,1.0,0.8070923904591081,0.19290760954089187
228,77,0.0,1.0,2.0,78.0,0.0,3.0,3.0,4.0,9.0,13.0,30.0,0.26,0.0,89.0,2.0,2.0,25.0,2.0,3.775,0.0,0.0,3.0,0.584239130434783,0.857142857142857,1.0,0.8402676273321303,0.15973237266786972
228,78,0.0,1.0,2.0,1.0,0.0,3.0,3.0,4.0,9.0,13.0,30.0,0.26,0.0,89.0,2.0,2.0,25.0,2.0,3.775,40.0,0.0,0.0,0.584239130434783,0.857142857142857,1.0,0.8402790471756972,0.15972095282430254
228,79,0.0,1.0,2.0,46.0,0.0,3.0,3.0,4.0,9.0,13.0,30.0,0.26,0.0,89.0,2.0,2.0,25.0,2.0,3.775,0.0,0.0,0.0,0.584239130434783,0.857142857142857,1.0,0.8396917484887835,0.16030825151121655
228,80,18.0,1.0,2.0,1.0,0.0,3.0,3.0,17.0,9.0,13.0,30.0,0.26,0.0,89.0,2.0,2.0,25.0,2.0,3.775,0.0,0.0,0.0,0.584239130434783,0.857142857142857,1.0,0.840926154865788,0.15907384513421183
228,81,0.0,1.0,2.0,1.0,0.0,3.0,3.0,4.0,9.0,40.0,30.0,0.26,0.0,89.0,2.0,2.0,25.0,2.0,3.775,0.0,0.0,3.0,0.584239130434783,0.857142857142857,1.0,0.8407562056462623,0.15924379435373787
228,82,0.0,1.0,2.0,1.0,0.0,3.0,3.0,4.0,9.0,13.0,30.0,0.26,0.0,89.0,6.0,45.0,25.0,2.0,3.775,0.0,0.0,0.0,0.584239130434783,0.857142857142857,1.0,0.8473483166912092,0.15265168330879067
228,83,0.0,1.0,2.0,1.0,0.0,3.0,3.0,4.0,9.0,13.0,30.0,0.26,0.0,89.0,2.0,2.0,25.0,2.0,3.775,0.0,37.0,0.0,0.584239130434783,0.857142857142857,1.0,0.8472771282934345,0.15272287170656543
228,84,0.0,1.0,2.0,1.0,0.0,3.0,3.0,4.0,9.0,13.0,30.0,0.26,0.0,89.0,2.0,2.0,25.0,2.0,20.2,0.0,0.0,0.0,0.584239130434783,0.857142857142857,1.0,0.6048408550443511,0.39515914495564886
228,85,0.0,1.0,4.0,1.0,16.0,3.0,3.0,4.0,9.0,13.0,30.0,0.26,0.0,89.0,2.0,2.0,25.0,2.0,3.775,0.0,0.0,0.0,0.584239130434783,0.857142857142857,1.0,0.815080683634345,0.18491931636565498
228,86,0.0,1.0,2.0,68.0,0.0,3.0,3.0,4.0,9.0,13.0,30.0,0.26,0.0,89.0,2.0,2.0,25.0,2.0,3.775,0.0,0.0,0.0,0.584239130434783,0.857142857142857,1.0,0.8402906066306495,0.1597093933693504
228,87,0.0,1.0,2.0,1.0,0.0,3.0,13.0,4.0,9.0,13.0,113.0,0.26,0.0,89.0,2.0,2.0,25.0,2.0,3.775,0.0,0.0,0.0,0.584239130434783,0.857142857142857,1.0,0.8379180042801256,0.1620819957198741
228,88,0.0,1.0,2.0,1.0,0.0,3.0,3.0,4.0,9.0,13.0,30.0,0.26,0.0,89.0,2.0,2.0,25.0,9.0,3.775,0.0,24.0,0.0,0.584239130434783,0.857142857142857,1.0,0.8367366347327979,0.16326336526720217
228,89,0.0,1.0,2.0,1.0,0.0,3.0,3.0,4.0,9.0,13.0,30.0,0.26,0.0,89.0,2.0,2.0,25.0,2.0,3.775,0.0,0.0,3.0,0.584239130434783,0.857142857142857,0.0,0.8471993434612332,0.15280065653876682
228,90,0.0,8.0,2.0,1.0,0.0,3.0,3.0,4.0,9.0,13.0,30.0,0.26,0.0,89.0,2.0,51.0,25.0,2.0,3.775,0.0,0.0,0.0,0.584239130434783,0.857142857142857,1.0,0.8471806317491802,0.15281936825081963
228,91,0.0,1.0,2.0,1.0,0.0,3.0,3.0,4.0,9.0,13.0,136.0,0.26,0.0,89.0,2.0,2.0,25.0,2.0,21.0,0.0,0.0,0.0,0.584239130434783,0.857142857142857,1.0,0.8043125525048715,0.1956874474951284
228,92,0.0,1.0,2.0,81.0,0.0,3.0,3.0,4.0,9.0,13.0,30.0,0.26,0.0,89.0,2.0,2.0,25.0,2.0,3.775,0.0,0.0,0.0,0.584239130434783,0.857142857142857,1.0,0.8407009891956854,0.15929901080431458
228,93,0.0,27.0,2.0,1.0,0.0,3.0,3.0,4.0,19.0,13.0,30.0,0.26,0.0,89.0,2.0,2.0,25.0,2.0,3.775,0.0,0.0,0.0,0.584239130434783,0.857142857142857,1.0,0.7497533626951548,0.250246637304845
228,94,0.0,1.0,2.0,1.0,45.0,3.0,3.0,4.0,9.0,13.0,30.0,0.26,0.0,89.0,2.0,44.0,25.0,2.0,3.775,0.0,0.0,0.0,0.584239130434783,0.857142857142857,1.0,0.8402679836638505,0.15973201633614945
228,95,0.0,43.0,2.0,1.0,0.0,3.0,3.0,4.0,9.0,13.0,30.0,0.26,0.0,89.0,2.0,2.0,25.0,2.0,3.775,0.0,0.0,0.0,0.584239130434783,0.857142857142857,3.0,0.8435661077842316,0.15643389221576823
228,96,0.0,1.0,2.0,1.0,0.0,3.0,3.0,4.0,9.0,13.0,30.0,0.26,0.0,89.0,2.0,2.0,25.0,2.0,24.9,0.0,0.0,0.0,0.584239130434783,0.857142857142857,1.0,0.7818411672558329,0.21815883274416722
228,97,0.0,1.0,1.0,61.0,0.0,3.0,3.0,4.0,9.0,13.0,30.0,0.26,0.0,89.0,2.0,2.0,25.0,2.0,3.775,0.0,0.0,0.0,0.584239130434783,0.857142857142857,1.0,0.8402744924257337,0.1597255075742661
228,98,0.0,1.0,2.0,1.0,40.0,3.0,3.0,4.0,9.0,13.0,30.0,0.26,0.0,89.0,2.0,2.0,25.0,2.0,3.775,0.0,0.0,0.0,0.584239130434783,0.857142857142857,1.0,0.8441206912539816,0.15587930874601855
228,99,0.0,1.0,2.0,1.0,0.0,3.0,3.0,4.0,9.0,37.0,30.0,0.26,0.0,89.0,2.0,2.0,25.0,2.0,3.775,0.0,0.0,2.0,0.584239130434783,0.857142857142857,1.0,0.8104256694275126,0.18957433057248735
236,0,0.0,0.0,1.0,2.0,0.0,0.0,2.0,13.0,7.0,14.0,63.0,0.06,0.0,92.0,2.0,1.0,42.0,1.0,4.08571428571429,0.0,0.0,0.0,0.351648351648352,0.5,1.0,0.6268981729330662,0.3731018270669339
236,1,0.0,0.0,1.0,2.0,0.0,0.0,2.0,1.0,7.0,19.0,63.0,0.06,0.0,92.0,2.0,1.0,39.0,1.0,4.08571428571429,0.0,25.0,0.0,0.351648351648352,0.5,1.0,0.8228187663054656,0.17718123369453437
236,2,0.0,0.0,1.0,2.0,0.0,0.0,2.0,12.0,7.0,19.0,63.0,5.88,0.0,92.0,2.0,1.0,42.0,1.0,4.08571428571429,0.0,0.0,0.0,0.351648351648352,0.5,1.0,0.7292870714469191,0.2707129285530811
236,3,0.0,0.0,1.0,2.0,0.0,9.0,2.0,1.0,7.0,19.0,63.0,0.06,0.0,92.0,2.0,1.0,42.0,1.0,47.7,0.0,0.0,0.0,0.351648351648352,0.5,1.0,0.8404500442773664,0.15954995572263364
236,4,0.0,0.0,3.0,2.0,0.0,0.0,2.0,1.0,7.0,7.0,63.0,0.06,0.0,92.0,2.0,1.0,42.0,1.0,4.08571428571429,0.0,0.0,0.0,0.351648351648352,0.5,1.0,0.5495045905298416,0.4504954094701584
236,5,0.0,0.0,1.0,2.0,0.0,0.0,2.0,1.0,7.0,19.0,63.0,0.06,0.0,92.0,2.0,41.0,42.0,1.0,4.08571428571429,0.0,12.0,0.0,0.351648351648352,0.5,1.0,0.8415798696884196,0.1584201303115801
236,6,0.0,21.0,1.0,2.0,0.0,0.0,2.0,1.0,7.0,19.0,63.0,0.06,0.0,92.0,7.0,1.0,42.0,1.0,4.08571428571429,0.0,0.0,0.0,0.351648351648352,0.5,1.0,0.6346543774479164,0.36534562255208364
236,7,0.0,0.0,1.0,2.0,0.0,0.0,12.0,1.0,7.0,19.0,63.0,2.2,0.0,92.0,2.0,1.0,42.0,1.0,4.08571428571429,0.0,0.0,0.0,0.351648351648352,0.5,1.0,0.8203272480318948,0.17967275196810525
236,8,0.0,0.0,1.0,2.0,0.0,0.0,2.0,1.0,7.0,19.0,63.0,0.06,0.0,92.0,2.0,1.0,61.0,1.0,4.08571428571429,0.0,31.0,0.0,0.351648351648352,0.5,1.0,0.8385023154856501,0.16149768451434965
236,9,0.0,0.0,1.0,40.0,0.0,0.0,2.0,1.0,7.0,19.0,63.0,0.06,0.0,92.0,2.0,1.0,69.0,1.0,4.08571428571429,0.0,0.0,0.0,0.351648351648352,0.5,1.0,0.8399392643380085,0.16006073566199144
236,10,0.0,34.0,1.0,2.0,0.0,0.0,2.0,8.0,7.0,19.0,63.0,0.06,0.0,92.0,2.0,1.0,42.0,1.0,4.08571428571429,0.0,0.0,0.0,0.351648351648352,0.5,1.0,0.8156423218297268,0.18435767817027307
236,11,0.0,0.0,1.0,2.0,0.0,0.0,2.0,1.0,7.0,19.0,63.0,0.06,9.0,92.0,2.0,1.0,42.0,1.0,4.08571428571429,12.0,0.0,0.0,0.351648351648352,0.5,1.0,0.7852735223268141,0.2147264776731857
236,12,0.0,0.0,1.0,8.0,0.0,0.0,2.0,1.0,7.0,19.0,63.0,0.06,0.0,92.0,2.0,1.0,42.0,1.0,4.08571428571429,22.0,0.0,0.0,0.351648351648352,0.5,1.0,0.8328440492667141,0.16715595073328562
236,13,0.0,0.0,1.0,2.0,0.0,0.0,2.0,1.0,7.0,19.0,35.0,0.06,0.0,92.0,2.0,1.0,42.0,1.0,4.08571428571429,0.0,0.0,2.0,0.351648351648352,0.5,1.0,0.8031484329505666,0.19685156704943352
236,14,0.0,0.0,4.0,2.0,1.0,0.0,2.0,1.0,7.0,19.0,63.0,0.06,0.0,92.0,2.0,1.0,42.0,1.0,4.08571428571429,0.0,0.0,0.0,0.351648351648352,0.5,1.0,0.7715735111407795,0.2284264888592205
236,15,0.0,0.0,1.0,2.0,0.0,0.0,2.0,1.0,7.0,19.0,63.0,0.06,0.0,92.0,2.0,1.0,42.0,1.0,4.08571428571429,0.0,0.0,3.0,0.351648351648352,0.5,3.0,0.8400819491326889,0.15991805086731126
236,16,0.0,0.0,1.0,2.0,0.0,0.0,5.0,17.0,7.0,19.0,63.0,0.06,0.0,92.0,2.0,1.0,42.0,1.0,4.08571428571429,0.0,0.0,0.0,0.351648351648352,0.5,1.0,0.8086544260608686,0.19134557393913146
236,17,0.0,0.0,1.0,2.0,0.0,0.0,2.0,4.0,7.0,19.0,63.0,0.06,0.0,92.0,2.0,51.0,42.0,1.0,4.08571428571429,0.0,0.0,0.0,0.351648351648352,0.5,1.0,0.8430658284194525,0.15693417158054748
236,18,18.0,0.0,1.0,2.0,0.0,0.0,2.0,1.0,7.0,19.0,31.0,0.06,0.0,92.0,2.0,1.0,42.0,1.0,4.08571428571429,0.0,0.0,0.0,0.351648351648352,0.5,1.0,0.8418780804729769,0.15812191952702306
236,19,0.0,0.0,1.0,2.0,0.0,0.0,2.0,1.0,29.0,19.0,63.0,0.06,0.0,92.0,2.0,1.0,42.0,1.0,4.08571428571429,0.0,22.0,0.0,0.351648351648352,0.5,1.0,0.8366370523318892,0.1633629476681107
236,20,0.0,0.0,1.0,2.0,30.0,0.0,2.0,15.0,7.0,19.0,63.0,0.06,0.0,92.0,2.0,1.0,42.0,1.0,4.08571428571429,0.0,0.0,0.0,0.351648351648352,0.5,1.0,0.8399207229252602,0.16007927707474
236,21,8.0,0.0,1.0,2.0,0.0,7.0,2.0,1.0,7.0,19.0,63.0,0.06,0.0,92.0,2.0,1.0,42.0,1.0,4.08571428571429,0.0,0.0,0.0,0.351648351648352,0.5,1.0,0.6221630033874227,0.37783699661257736
236,22,0.0,0.0,1.0,2.0,0.0,0.0,2.0,1.0,2.0,19.0,63.0,0.06,0.0,92.0,2.0,22.0,42.0,1.0,4.08571428571429,0.0,0.0,0.0,0.351648351648352,0.5,1.0,0.7316779335055088,0.268322066494491
236,23,0.0,0.0,1.0,2.0,0.0,0.0,12.0,1.0,7.0,19.0,59.0,0.06,0.0,92.0,2.0,1.0,42.0,1.0,4.08571428571429,0.0,0.0,0.0,0.351648351648352,0.5,1.0,0.8166372953469949,0.18336270465300503
236,24,0.0,0.0,1.0,2.0,0.0,0.0,2.0,1.0,7.0,19.0,63.0,0.06,15.0,92.0,2.0,1.0,44.0,1.0,4.08571428571429,0.0,0.0,0.0,0.351648351648352,0.5,1.0,0.8325866392266292,0.16741336077337088
236,25,0.0,0.0,1.0,2.0,0.0,0.0,2.0,1.0,7.0,19.0,63.0,0.06,0.0,92.0,2.0,1.0,42.0,5.0,34.5,0.0,0.0,0.0,0.351648351648352,0.5,1.0,0.8305663686523027,0.1694336313476972
236,26,0.0,0.0,1.0,2.0,20.0,0.0,2.0,1.0,31.0,19.0,63.0,0.06,0.0,92.0,2.0,1.0,42.0,1.0,4.08571428571429,0.0,0.0,0.0,0.351648351648352,0.5,1.0,0.8392689407650624,0.16073105923493744
236,27,0.0,0.0,1.0,50.0,0.0,0.0,2.0,1.0,7.0,19.0,63.0,0.06,0.0,71.0,2.0,1.0,42.0,1.0,4.08571428571429,0.0,0.0,0.0,0.351648351648352,0.5,1.0,0.8402338461032757,0.15976615389672436
236,28,0.0,39.0,1.0,2.0,0.0,0.0,2.0,1.0,7.0,19.0,63.0,0.06,0.0,92.0,2.0,1.0,42.0,9.0,4.08571428571429,0.0,0.0,0.0,0.351648351648352,0.5,1.0,0.8386385681740669,0.16136143182593302
236,29,0.0,0.0,1.0,2.0,0.0,0.0,11.0,1.0,7.0,19.0,63.0,0.06,0.0,92.0,3.0,1.0,42.0,1.0,4.08571428571429,0.0,0.0,0.0,0.351648351648352,0.5,1.0,0.7909138399829078,0.20908616001709224
236,30,0.0,0.0,1.0,2.0,0.0,0.0,2.0,1.0,7.0,19.0,63.0,0.06,0.0,92.0,2.0,1.0,42.0,1.0,4.08571428571429,0.0,36.0,0.0,0.351648351648352,0.5,0.0,0.8414869069926961,0.15851309300730365
236,31,0.0,26.0,1.0,2.0,0.0,0.0,2.0,1.0,7.0,19.0,63.0,0.06,0.0,92.0,2.0,1.0,42.0,1.0,4.08571428571429,0.0,0.0,0.0,0.4,0.5,1.0,0.6853695733952762,0.31463042660472385
236,32,0.0,0.0,1.0,2.0,0.0,0.0,2.0,1.0,7.0,19.0,63.0,0.06,0.0,92.0,2.0,1.0,42.0,1.0,27.3,0.0,0.0,0.0,0.351648351648352,0.5,1.0,0.7786167834831302,0.2213832165168699
236,33,0.0,0.0,1.0,2.0,0.0,0.0,10.0,11.0,7.0,19.0,63.0,0.06,0.0,92.0,2.0,1.0,42.0,1.0,4.08571428571429,0.0,0.0,0.0,0.351648351648352,0.5,1.0,0.8101251031207515,0.18987489687924858
236,34,0.0,0.0,1.0,2.0,0.0,0.0,2.0,1.0,7.0,19.0,63.0,0.06,8.0,92.0,2.0,25.0,42.0,1.0,4.08571428571429,0.0,0.0,0.0,0.351648351648352,0.5,1.0,0.8253789077792552,0.17462109222074484
236,35,0.0,0.0,1.0,2.0,0.0,0.0,2.0,1.0,7.0,19.0,63.0,0.06,0.0,92.0,2.0,1.0,42.0,1.0,4.08571428571429,15.0,14.0,0.0,0.351648351648352,0.5,1.0,0.8072638280906895,0.19273617190931058
236,36,0.0,0.0,1.0,2.0,0.0,0.0,2.0,1.0,7.0,19.0,63.0,0.06,0.0,92.0,2.0,1.0,42.0,1.0,4.08571428571429,0.0,18.0,2.0,0.351648351648352,0.5,1.0,0.8374756287528734,0.16252437124712685
236,37,0.0,39.0,1.0,2.0,0.0,0.0,2.0,1.0,7.0,5.0,63.0,0.06,0.0,92.0,2.0,1.0,42.0,1.0,4.08571428571429,0.0,0.0,0.0,0.351648351648352,0.5,1.0,0.8426162816379342,0.15738371836206586
236,38,0.0,0.0,1.0,54.0,0.0,0.0,2.0,1.0,7.0,19.0,63.0,0.06,0.0,92.0,2.0,1.0,42.0,1.0,4.08571428571429,0.0,0.0,0.0,0.351648351648352,0.5,1.0,0.8402620747195703,0.15973792528042982
236,39,0.0,0.0,1.0,2.0,11.0,0.0,2.0,1.0,7.0,19.0,63.0,0.06,0.0,92.0,2.0,1.0,42.0,1.0,4.08571428571429,0.0,0.0,0.0,0.5,0.5,1.0,0.6553373039962064,0.3446626960037936
236,40,0.0,0.0,1.0,2.0,0.0,0.0,2.0,1.0,7.0,19.0,63.0,0.06,0.0,84.0,2.0,1.0,42.0,1.0,4.08571428571429,0.0,0.0,3.0,0.351648351648352,0.5,1.0,0.8402888258623542,0.15971117413764574
236,41,0.0,0.0,1.0,2.0,0.0,0.0,2.0,1.0,7.0,19.0,63.0,0.06,0.0,92.0,2.0,1.0,42.0,5.0,4.08571428571429,31.0,0.0,0.0,0.351648351648352,0.5,1.0,0.8402054243820364,0.1597945756179637
236,42,0.0,0.0,1.0,2.0,2.0,0.0,2.0,1.0,7.0,19.0,63.0,0.06,0.0,92.0,2.0,1.0,42.0,1.0,4.08571428571429,0.0,17.0,0.0,0.351648351648352,0.5,1.0,0.6594484624545658,0.3405515375454343
236,43,0.0,0.0,1.0,90.0,0.0,0.0,2.0,1.0,7.0,19.0,63.0,0.06,0.0,92.0,2.0,1.0,42.0,1.0,4.08571428571429,0.0,0.0,0.0,0.351648351648352,0.5,1.0,0.8407115040920857,0.1592884959079144
236,44,0.0,0.0,1.0,28.0,0.0,0.0,2.0,1.0,7.0,19.0,63.0,0.06,0.0,92.0,2.0,1.0,42.0,1.0,4.08571428571429,0.0,21.0,0.0,0.351648351648352,0.5,1.0,0.8372067006661159,0.16279329933388403
236,45,0.0,0.0,1.0,61.0,0.0,0.0,2.0,1.0,7.0,19.0,63.0,0.06,0.0,92.0,2.0,1.0,42.0,0.0,4.08571428571429,0.0,0.0,0.0,0.351648351648352,0.5,1.0,0.84026816192307,0.15973183807693012
236,46,0.0,0.0,1.0,2.0,0.0,0.0,2.0,1.0,7.0,40.0,63.0,0.06,0.0,92.0,2.0,1.0,42.0,1.0,48.1,0.0,0.0,0.0,0.351648351648352,0.5,1.0,0.8402164354333351,0.15978356456666484
236,47,0.0,0.0,1.0,2.0,29.0,0.0,2.0,1.0,7.0,19.0,63.0,0.06,0.0,92.0,2.0,1.0,42.0,1.0,4.08571428571429,0.0,0.0,0.0,0.351648351648352,0.5,3.0,0.8405229460895708,0.15947705391042946
236,48,0.0,0.0,0.0,2.0,0.0,0.0,2.0,1.0,7.0,19.0,63.0,0.06,0.0,92.0,2.0,1.0,42.0,1.0,4.08571428571429,0.0,27.0,0.0,0.351648351648352,0.5,1.0,0.8350868223688088,0.16491317763119118
236,49,14.0,0.0,1.0,2.0,0.0,0.0,2.0,1.0,7.0,19.0,63.0,0.06,0.0,92.0,2.0,1.0,42.0,1.0,4.08571428571429,0.0,0.0,2.0,0.351648351648352,0.5,1.0,0.8396433471241516,0.16035665287584835
236,50,0.0,0.0,1.0,2.0,0.0,0.0,2.0,1.0,7.0,19.0,63.0,0.06,0.0,92.0,2.0,28.0,25.0,1.0,4.08571428571429,0.0,0.0,0.0,0.351648351648352,0.5,1.0,0.829144773428494,0.17085522657150584
236,51,0.0,0.0,1.0,22.0,0.0,0.0,2.0,1.0,7.0,19.0,63.0,0.06,0.0,92.0,2.0,1.0,67.0,1.0,4.08571428571429,0.0,0.0,0.0,0.351648351648352,0.5,1.0,0.7774287003516881,0.22257129964831204
236,52,0.0,0.0,1.0,2.0,0.0,0.0,9.0,1.0,7.0,19.0,63.0,0.06,0.0,92.0,2.0,14.0,42.0,1.0,4.08571428571429,0.0,0.0,0.0,0.351648351648352,0.5,1.0,0.7477853677366374,0.2522146322633625
236,53,0.0,0.0,1.0,2.0,30.0,0.0,2.0,1.0,7.0,19.0,63.0,4.57,0.0,92.0,2.0,1.0,42.0,1.0,4.08571428571429,0.0,0.0,0.0,0.351648351648352,0.5,1.0,0.8404978358694868,0.15950216413051346
236,54,16.0,0.0,1.0,2.0,0.0,0.0,4.0,1.0,7.0,19.0,63.0,0.06,0.0,92.0,2.0,1.0,42.0,1.0,4.08571428571429,0.0,0.0,0.0,0.351648351648352,0.5,1.0,0.8363606216736317,0.16363937832636824
236,55,0.0,39.0,1.0,2.0,0.0,0.0,2.0,1.0,7.0,19.0,63.0,0.06,0.0,92.0,2.0,1.0,42.0,1.0,42.2,0.0,0.0,0.0,0.351648351648352,0.5,1.0,0.8402752463659466,0.15972475363405345
236,56,0.0,0.0,1.0,47.0,0.0,0.0,2.0,1.0,7.0,19.0,63.0,0.06,0.0,92.0,2.0,1.0,42.0,1.0,27.8,0.0,0.0,0.0,0.351648351648352,0.5,1.0,0.8402610911467289,0.1597389088532709
236,57,14.0,0.0,1.0,21.0,0.0,0.0,2.0,1.0,7.0,19.0,63.0,0.06,0.0,92.0,2.0,1.0,42.0,1.0,4.08571428571429,0.0,0.0,0.0,0.351648351648352,0.5,1.0,0.8382178170037391,0.16178218299626104
236,58,0.0,0.0,1.0,2.0,0.0,0.0,2.0,1.0,7.0,19.0,63.0,0.06,14.0,92.0,2.0,1.0,42.0,1.0,4.08571428571429,0.0,0.0,0.0,0.3,0.5,1.0,0.8252664736637545,0.1747335263362456
236,59,0.0,0.0,1.0,2.0,0.0,0.0,2.0,1.0,7.0,19.0,73.0,0.06,0.0,92.0,2.0,1.0,42.0,1.0,4.08571428571429,0.0,17.0,0.0,0.351648351648352,0.5,1.0,0.6673348409427199,0.33266515905728006
236,60,0.0,0.0,1.0,2.0,38.0,0.0,2.0,1.0,7.0,19.0,63.0,0.06,0.0,92.0,2.0,1.0,42.0,9.0,4.08571428571429,0.0,0.0,0.0,0.351648351648352,0.5,1.0,0.8402839858274607,0.15971601417253933
236,61,0.0,0.0,1.0,2.0,0.0,0.0,2.0,1.0,7.0,19.0,63.0,0.06,0.0,92.0,2.0,32.0,42.0,1.0,4.08571428571429,0.0,0.0,0.0,0.351648351648352,0.2,1.0,0.836493575760158,0.16350642423984185
236,62,0.0,0.0,1.0,2.0,23.0,0.0,2.0,1.0,7.0,19.0,63.0,0.06,0.0,23.0,2.0,1.0,42.0,1.0,4.08571428571429,0.0,0.0,0.0,0.351648351648352,0.5,1.0,0.8395215221335052,0.16047847786649494
236,63,0.0,0.0,1.0,2.0,2.0,0.0,10.0,1.0,7.0,19.0,63.0,0.06,0.0,92.0,2.0,1.0,42.0,1.0,4.08571428571429,0.0,0.0,0.0,0.351648351648352,0.5,1.0,0.7355319240850641,0.26446807591493593
236,64,0.0,0.0,1.0,2.0,0.0,0.0,2.0,16.0,7.0,19.0,63.0,0.06,0.0,92.0,5.0,1.0,42.0,1.0,4.08571428571429,0.0,0.0,0.0,0.351648351648352,0.5,1.0,0.7822363033283045,0.21776369667169565
236,65,0.0,0.0,1.0,2.0,0.0,0.0,2.0,1.0,25.0,19.0,63.0,0.06,0.0,92.0,2.0,1.0,42.0,1.0,4.08571428571429,33.0,0.0,0.0,0.351648351648352,0.5,1.0,0.8402542169761158,0.15974578302388423
236,66,0.0,0.0,4.0,2.0,0.0,0.0,2.0,1.0,7.0,19.0,63.0,0.06,0.0,92.0,2.0,1.0,42.0,2.0,4.08571428571429,0.0,0.0,0.0,0.351648351648352,0.5,1.0,0.7612553451977478,0.23874465480225204
236,67,19.0,0.0,1.0,2.0,0.0,0.0,2.0,1.0,7.0,19.0,63.0,0.06,0.0,92.0,2.0,1.0,42.0,1.0,4.08571428571429,0.0,0.0,0.0,0.351648351648352,0.5,1.0,0.8407368996264536,0.15926310037354627
236,68,5.0,0.0,1.0,2.0,0.0,0.0,2.0,1.0,7.0,19.0,63.0,5.28,0.0,92.0,2.0,1.0,42.0,1.0,4.08571428571429,0.0,0.0,0.0,0.351648351648352,0.5,1.0,0.5129291563175649,0.48707084368243525
236,69,0.0,0.0,1.0,2.0,28.0,0.0,2.0,1.0,7.0,19.0,63.0,0.06,0.0,92.0,2.0,1.0,42.0,1.0,4.08571428571429,0.0,0.0,0.0,0.351648351648352,0.5,1.0,0.8404924503166202,0.15950754968337968
236,70,0.0,0.0,1.0,2.0,0.0,0.0,2.0,8.0,7.0,19.0,63.0,0.06,0.0,92.0,2.0,30.0,42.0,1.0,4.08571428571429,0.0,0.0,0.0,0.351648351648352,0.5,1.0,0.8334295650190774,0.16657043498092267
236,71,0.0,37.0,1.0,2.0,0.0,0.0,2.0,1.0,7.0,19.0,63.0,0.06,0.0,92.0,2.0,1.0,42.0,1.0,4.08571428571429,0.0,0.0,0.0,0.351648351648352,0.2,1.0,0.8302268745863126,0.16977312541368747
236,72,0.0,0.0,1.0,2.0,3.0,15.0,2.0,1.0,7.0,19.0,63.0,0.06,0.0,92.0,2.0,1.0,42.0,1.0,4.08571428571429,0.0,0.0,0.0,0.351648351648352,0.5,1.0,0.5113454439737645,0.48865455602623553
236,73,0.0,0.0,1.0,2.0,0.0,0.0,2.0,1.0,7.0,19.0,63.0,0.06,3.0,92.0,2.0,1.0,42.0,1.0,4.08571428571429,40.0,0.0,0.0,0.351648351648352,0.5,1.0,0.8402695225926708,0.15973047740732915
236,74,0.0,0.0,1.0,2.0,0.0,0.0,2.0,1.0,7.0,19.0,63.0,0.06,0.0,92.0,2.0,1.0,42.0,1.0,4.08571428571429,0.0,0.0,2.0,0.351648351648352,0.5,1.0,0.8039265167357461,0.19607348326425386
236,75,0.0,0.0,1.0,2.0,0.0,0.0,2.0,1.0,7.0,68.0,63.0,0.06,0.0,49.0,2.0,1.0,42.0,1.0,4.08571428571429,0.0,0.0,0.0,0.351648351648352,0.5,1.0,0.7325127671354729,0.26748723286452725
236,76,0.0,0.0,1.0,2.0,0.0,0.0,2.0,1.0,7.0,19.0,63.0,0.06,0.0,92.0,2.0,35.0,42.0,1.0,4.08571428571429,0.0,0.0,0.0,0.351648351648352,0.5,1.0,0.8405778782672849,0.15942212173271517
236,77,0.0,13.0,1.0,2.0,0.0,0.0,2.0,1.0,7.0,19.0,63.0,0.06,0.0,92.0,2.0,1.0,42.0,1.0,4.08571428571429,30.0,0.0,0.0,0.351648351648352,0.5,1.0,0.8401819122615357,0.15981808773846445
236,78,0.0,0.0,1.0,2.0,0.0,0.0,2.0,1.0,7.0,19.0,63.0,0.06,0.0,92.0,2.0,1.0,42.0,2.0,4.08571428571429,0.0,0.0,3.0,0.351648351648352,0.5,1.0,0.8401769668475049,0.159823033152495
236,79,0.0,0.0,1.0,2.0,0.0,0.0,2.0,1.0,7.0,19.0,63.0,0.06,0.0,92.0,2.0,31.0,6.0,1.0,4.08571428571429,0.0,0.0,0.0,0.351648351648352,0.5,1.0,0.8537463055991601,0.14625369440083982
236,80,0.0,0.0,1.0,2.0,0.0,12.0,2.0,1.0,7.0,19.0,63.0,0.06,0.0,92.0,2.0,49.0,42.0,1.0,4.08571428571429,0.0,0.0,0.0,0.351648351648352,0.5,1.0,0.8416422332267806,0.1583577667732194
236,81,0.0,0.0,1.0,2.0,30.0,0.0,2.0,1.0,7.0,19.0,63.0,0.06,0.0,92.0,2.0,1.0,42.0,1.0,4.08571428571429,0.0,0.0,2.0,0.351648351648352,0.5,1.0,0.8402848697515064,0.1597151302484937
236,82,0.0,0.0,1.0,2.0,0.0,0.0,2.0,1.0,7.0,19.0,27.0,0.06,0.0,92.0,2.0,1.0,42.0,8.0,4.08571428571429,0.0,0.0,0.0,0.351648351648352,0.5,1.0,0.6334083785308812,0.3665916214691189
236,83,0.0,0.0,3.0,2.0,0.0,0.0,2.0,1.0,7.0,19.0,63.0,0.06,0.0,92.0,2.0,39.0,42.0,1.0,4.08571428571429,0.0,0.0,0.0,0.351648351648352,0.5,1.0,0.8406778618442822,0.15932213815571797
236,84,15.0,0.0,1.0,2.0,0.0,0.0,2.0,1.0,7.0,19.0,63.0,0.06,0.0,92.0,2.0,1.0,38.0,1.0,4.08571428571429,0.0,0.0,0.0,0.351648351648352,0.5,1.0,0.8334934324017974,0.16650656759820265
236,85,0.0,0.0,1.0,2.0,0.0,0.0,2.0,1.0,7.0,60.0,63.0,0.06,0.0,92.0,2.0,1.0,42.0,1.0,4.08571428571429,0.0,0.0,0.0,0.351648351648352,0.5,1.0,0.5505190680558689,0.4494809319441311
236,86,0.0,42.0,1.0,2.0,0.0,4.0,2.0,1.0,7.0,19.0,63.0,0.06,0.0,92.0,2.0,1.0,42.0,1.0,4.08571428571429,0.0,0.0,0.0,0.351648351648352,0.5,1.0,0.8402569671411481,0.15974303285885205
236,87,0.0,0.0,1.0,2.0,0.0,0.0,2.0,1.0,7.0,19.0,63.0,7.01,0.0,92.0,2.0,43.0,42.0,1.0,4.08571428571429,0.0,0.0,0.0,0.351648351648352,0.5,1.0,0.8411470302944676,0.15885296970553256
236,88,0.0,0.0,1.0,2.0,0.0,0.0,11.0,1.0,7.0,19.0,63.0,0.06,0.0,92.0,2.0,1.0,42.0,1.0,4.08571428571429,0.0,28.0,0.0,0.351648351648352,0.5,1.0,0.8398380371542521,0.16016196284574774
236,89,0.0,0.0,1.0,87.0,0.0,0.0,2.0,1.0,7.0,19.0,63.0,0.06,0.0,92.0,2.0,1.0,42.0,1.0,4.08571428571429,0.0,0.0,0.0,0.351648351648352,0.5,1.0,0.8406182936779328,0.15938170632206697
236,90,0.0,0.0,1.0,2.0,0.0,0.0,2.0,1.0,7.0,19.0,133.0,0.06,0.0,81.0,2.0,1.0,42.0,1.0,4.08571428571429,0.0,0.0,0.0,0.351648351648352,0.5,1.0,0.6503944256971552,0.3496055743028447
236,91,0.0,0.0,1.0,2.0,0.0,5.0,2.0,1.0,7.0,68.0,63.0,0.06,0.0,92.0,2.0,1.0,42.0,1.0,4.08571428571429,0.0,0.0,0.0,0.351648351648352,0.5,1.0,0.7398864226032477,0.2601135773967523
236,92,0.0,0.0,1.0,2.0,0.0,0.0,2.0,1.0,7.0,14.0,63.0,0.06,0.0,92.0,2.0,1.0,42.0,1.0,43.1,0.0,0.0,0.0,0.351648351648352,0.5,1.0,0.8410251252322469,0.15897487476775307
236,93,0.0,0.0,1.0,2.0,0.0,0.0,2.0,1.0,7.0,19.0,63.0,0.06,0.0,92.0,2.0,1.0,42.0,9.0,4.08571428571429,0.0,24.0,0.0,0.351648351648352,0.5,1.0,0.834454221945974,0.1655457780540259
236,94,0.0,0.0,1.0,2.0,0.0,0.0,12.0,1.0,7.0,19.0,18.0,0.06,0.0,92.0,2.0,1.0,42.0,1.0,4.08571428571429,0.0,0.0,0.0,0.351648351648352,0.5,1.0,0.8194963940676308,0.18050360593236914
236,95,0.0,0.0,1.0,2.0,0.0,0.0,2.0,1.0,7.0,19.0,63.0,0.06,4.0,92.0,2.0,1.0,42.0,1.0,4.08571428571429,34.0,0.0,0.0,0.351648351648352,0.5,1.0,0.8402637920661836,0.1597362079338164
236,96,0.0,0.0,1.0,2.0,0.0,0.0,2.0,1.0,7.0,19.0,134.0,0.06,0.0,92.0,2.0,1.0,42.0,1.0,4.08571428571429,17.0,0.0,0.0,0.351648351648352,0.5,1.0,0.8315638522251767,0.16843614777482313
236,97,9.0,0.0,1.0,2.0,0.0,0.0,2.0,1.0,7.0,19.0,63.0,0.06,0.0,92.0,2.0,1.0,42.0,1.0,4.08571428571429,0.0,8.0,0.0,0.351648351648352,0.5,1.0,0.7411608404587388,0.25883915954126113
236,98,20.0,0.0,1.0,2.0,0.0,0.0,2.0,1.0,7.0,19.0,63.0,0.06,0.0,92.0,2.0,1.0,42.0,1.0,4.08571428571429,0.0,0.0,0.0,0.351648351648352,0.5,1.0,0.8407801568670352,0.1592198431329647
236,99,0.0,0.0,1.0,2.0,0.0,6.0,2.0,1.0,33.0,19.0,63.0,0.06,0.0,92.0,2.0,1.0,42.0,1.0,4.08571428571429,0.0,0.0,0.0,0.351648351648352,0.5,1.0,0.8052945944965925,0.1947054055034076
243,0,1.0,1.0,1.0,1.0,0.0,1.0,2.0,6.0,3.0,10.0,36.0,0.16,1.0,87.0,2.0,1.0,43.0,2.0,3.24390243902439,12.0,0.0,1.0,0.419354838709677,0.5,2.0,0.7501923705404435,0.2498076294595564
243,1,1.0,1.0,1.0,1.0,0.0,1.0,11.0,6.0,3.0,10.0,36.0,1.79,1.0,87.0,2.0,1.0,43.0,2.0,3.24390243902439,0.0,0.0,0.0,0.419354838709677,0.5,2.0,0.7925645527128461,0.2074354472871538
243,2,1.0,1.0,1.0,1.0,27.0,1.0,2.0,6.0,3.0,10.0,36.0,0.16,1.0,87.0,2.0,1.0,43.0,2.0,3.24390243902439,0.0,0.0,0.0,0.419354838709677,0.5,2.0,0.827710386312886,0.1722896136871139
243,3,1.0,1.0,1.0,1.0,0.0,1.0,2.0,6.0,26.0,10.0,36.0,6.06,1.0,87.0,2.0,1.0,43.0,2.0,3.24390243902439,0.0,0.0,0.0,0.419354838709677,0.5,2.0,0.7189750927752475,0.2810249072247523
243,4,1.0,1.0,1.0,93.0,0.0,1.0,2.0,6.0,3.0,10.0,36.0,0.16,1.0,87.0,2.0,1.0,43.0,2.0,3.24390243902439,0.0,0.0,0.0,0.419354838709677,0.6,2.0,0.8409302295807538,0.15906977041924628
243,5,1.0,43.0,1.0,1.0,0.0,1.0,2.0,6.0,3.0,10.0,36.0,0.16,3.0,87.0,2.0,1.0,43.0,2.0,3.24390243902439,0.0,0.0,0.0,0.419354838709677,0.5,2.0,0.8447658504468492,0.1552341495531507
243,6,1.0,1.0,1.0,1.0,0.0,1.0,2.0,6.0,3.0,25.0,133.0,0.16,1.0,87.0,2.0,1.0,43.0,2.0,3.24390243902439,0.0,0.0,0.0,0.419354838709677,0.5,2.0,0.6492882593930486,0.3507117406069515
243,7,1.0,1.0,1.0,1.0,0.0,1.0,2.0,6.0,3.0,10.0,36.0,0.16,1.0,87.0,2.0,1.0,43.0,2.0,3.24390243902439,0.0,28.0,0.0,0.419354838709677,0.5,2.0,0.8372525804933261,0.1627474195066739
243,8,1.0,1.0,1.0,1.0,0.0,13.0,2.0,14.0,3.0,10.0,36.0,0.16,1.0,87.0,2.0,1.0,43.0,2.0,3.24390243902439,0.0,0.0,0.0,0.419354838709677,0.5,2.0,0.7801080074781426,0.21989199252185732
243,9,1.0,1.0,1.0,1.0,0.0,1.0,2.0,6.0,3.0,10.0,128.0,0.16,1.0,87.0,2.0,1.0,43.0,2.0,3.24390243902439,0.0,0.0,0.0,0.419354838709677,0.5,2.0,0.711082880791275,0.28891711920872526
243,10,1.0,1.0,1.0,1.0,0.0,1.0,2.0,6.0,3.0,10.0,36.0,0.16,1.0,84.0,2.0,1.0,43.0,2.0,3.24390243902439,0.0,0.0,3.0,0.419354838709677,0.5,2.0,0.8407385475581288,0.15926145244187118
243,11,1.0,1.0,1.0,49.0,0.0,1.0,2.0,6.0,3.0,10.0,36.0,0.16,1.0,87.0,2.0,1.0,43.0,2.0,3.24390243902439,0.0,0.0,0.0,0.419354838709677,0.5,2.0,0.8402123967059492,0.15978760329405095
243,12,1.0,1.0,1.0,1.0,40.0,1.0,2.0,6.0,3.0,10.0,36.0,0.16,1.0,87.0,2.0,1.0,57.0,2.0,3.24390243902439,0.0,0.0,0.0,0.419354838709677,0.5,2.0,0.8405815214241128,0.15941847857588703
243,13,1.0,1.0,1.0,1.0,0.0,1.0,2.0,3.0,3.0,10.0,36.0,0.16,1.0,87.0,2.0,1.0,43.0,2.0,3.24390243902439,40.0,0.0,0.0,0.419354838709677,0.5,2.0,0.8402720495347372,0.15972795046526309
243,14,1.0,1.0,1.0,1.0,0.0,1.0,2.0,6.0,3.0,10.0,36.0,0.16,1.0,87.0,5.0,1.0,43.0,2.0,22.8,0.0,0.0,0.0,0.419354838709677,0.5,2.0,0.7177501471152637,0.2822498528847364
243,15,1.0,1.0,1.0,1.0,0.0,1.0,10.0,6.0,3.0,10.0,36.0,0.16,1.0,1.0,2.0,1.0,43.0,2.0,3.24390243902439,0.0,0.0,0.0,0.419354838709677,0.5,2.0,0.7586586574085272,0.241341342591473
243,16,1.0,40.0,1.0,1.0,0.0,1.0,2.0,6.0,3.0,10.0,36.0,0.16,1.0,87.0,2.0,1.0,63.0,2.0,3.24390243902439,0.0,0.0,0.0,0.419354838709677,0.5,2.0,0.8378016076884047,0.16219839231159533
243,17,9.0,1.0,1.0,1.0,0.0,7.0,2.0,6.0,3.0,10.0,36.0,0.16,1.0,87.0,2.0,1.0,43.0,2.0,3.24390243902439,0.0,0.0,0.0,0.419354838709677,0.5,2.0,0.5871005435693541,0.4128994564306461
243,18,1.0,1.0,1.0,82.0,0.0,1.0,2.0,6.0,3.0,10.0,36.0,0.16,1.0,87.0,2.0,1.0,43.0,2.0,3.24390243902439,0.0,0.0,0.0,0.419354838709677,0.5,2.0,0.840511052277726,0.15948894772227384
243,19,1.0,1.0,1.0,1.0,0.0,1.0,2.0,6.0,3.0,10.0,36.0,0.16,1.0,87.0,2.0,1.0,43.0,5.0,3.24390243902439,19.0,0.0,0.0,0.419354838709677,0.5,2.0,0.8268277395319307,0.1731722604680694
243,20,1.0,1.0,1.0,1.0,0.0,1.0,2.0,6.0,3.0,10.0,36.0,0.16,1.0,87.0,2.0,1.0,43.0,2.0,3.24390243902439,0.0,33.0,0.0,0.419354838709677,0.5,2.0,0.8422094956606636,0.1577905043393363
243,21,7.0,1.0,1.0,1.0,0.0,1.0,2.0,6.0,3.0,10.0,36.0,0.16,1.0,87.0,2.0,1.0,43.0,2.0,3.24390243902439,0.0,24.0,0.0,0.419354838709677,0.5,2.0,0.8295950296785477,0.1704049703214523
243,22,1.0,1.0,1.0,1.0,0.0,9.0,2.0,6.0,3.0,10.0,36.0,0.16,1.0,87.0,2.0,1.0,43.0,2.0,29.3,0.0,0.0,0.0,0.419354838709677,0.5,2.0,0.8220271676775965,0.1779728323224033
243,23,1.0,1.0,1.0,1.0,0.0,1.0,2.0,7.0,3.0,10.0,36.0,0.16,8.0,87.0,2.0,1.0,43.0,2.0,3.24390243902439,0.0,0.0,0.0,0.419354838709677,0.5,2.0,0.5710203827579512,0.42897961724204886
243,24,1.0,1.0,1.0,38.0,0.0,1.0,2.0,6.0,3.0,44.0,36.0,0.16,1.0,87.0,2.0,1.0,43.0,2.0,3.24390243902439,0.0,0.0,0.0,0.419354838709677,0.5,2.0,0.8386937369785754,0.16130626302142476
243,25,1.0,1.0,1.0,1.0,0.0,1.0,2.0,6.0,28.0,10.0,36.0,0.16,1.0,87.0,2.0,1.0,43.0,2.0,3.24390243902439,0.0,16.0,0.0,0.419354838709677,0.5,2.0,0.7999398231809948,0.20006017681900534
243,26,1.0,1.0,1.0,1.0,11.0,1.0,2.0,6.0,3.0,10.0,36.0,0.16,1.0,87.0,2.0,1.0,43.0,2.0,3.24390243902439,14.0,0.0,0.0,0.419354838709677,0.5,2.0,0.8138034627483804,0.18619653725161964
243,27,1.0,1.0,1.0,1.0,0.0,1.0,2.0,6.0,3.0,22.0,36.0,0.16,1.0,87.0,2.0,1.0,43.0,2.0,3.24390243902439,0.0,0.0,2.0,0.419354838709677,0.5,2.0,0.8032304538352714,0.1967695461647287
243,28,18.0,1.0,1.0,1.0,0.0,1.0,2.0,6.0,3.0,10.0,36.0,0.16,1.0,87.0,2.0,1.0,43.0,2.0,3.24390243902439,0.0,0.0,0.0,0.419354838709677,0.8,2.0,0.842144590150577,0.15785540984942312
243,29,1.0,1.0,1.0,1.0,0.0,1.0,2.0,6.0,3.0,10.0,36.0,0.16,1.0,87.0,2.0,1.0,31.0,2.0,3.24390243902439,24.0,0.0,0.0,0.419354838709677,0.5,2.0,0.8391952836961973,0.1608047163038028
243,30,1.0,1.0,1.0,49.0,0.0,1.0,2.0,6.0,3.0,10.0,36.0,0.16,1.0,87.0,2.0,18.0,43.0,2.0,3.24390243902439,0.0,0.0,0.0,0.419354838709677,0.5,2.0,0.8402521192917347,0.15974788070826515
243,31,1.0,1.0,1.0,1.0,26.0,1.0,2.0,6.0,3.0,10.0,36.0,0.16,1.0,87.0,2.0,1.0,43.0,3.0,3.24390243902439,0.0,0.0,0.0,0.419354838709677,0.5,2.0,0.8242597257045642,0.17574027429543587
243,32,1.0,1.0,1.0,1.0,0.0,1.0,2.0,9.0,3.0,57.0,36.0,0.16,1.0,87.0,2.0,1.0,43.0,2.0,3.24390243902439,0.0,0.0,0.0,0.419354838709677,0.5,2.0,0.6794686177033615,0.3205313822966387
243,33,1.0,1.0,1.0,1.0,0.0,1.0,6.0,6.0,39.0,10.0,36.0,0.16,1.0,87.0,2.0,1.0,43.0,2.0,3.24390243902439,0.0,0.0,0.0,0.419354838709677,0.5,2.0,0.8105856477833869,0.18941435221661307
243,34,1.0,1.0,1.0,61.0,0.0,1.0,2.0,6.0,3.0,10.0,36.0,4.32,1.0,87.0,2.0,1.0,43.0,2.0,3.24390243902439,0.0,0.0,0.0,0.419354838709677,0.5,2.0,0.8402681435093047,0.15973185649069513
243,35,1.0,1.0,1.0,1.0,0.0,7.0,2.0,6.0,3.0,10.0,36.0,0.16,12.0,87.0,2.0,1.0,43.0,2.0,3.24390243902439,0.0,0.0,0.0,0.419354838709677,0.5,2.0,0.8097256694433227,0.19027433055667703
243,36,1.0,1.0,1.0,1.0,0.0,1.0,2.0,6.0,3.0,10.0,36.0,0.16,1.0,87.0,2.0,1.0,44.0,2.0,3.24390243902439,0.0,0.0,2.0,0.419354838709677,0.5,2.0,0.8110057480370514,0.18899425196294886
243,37,1.0,1.0,1.0,1.0,0.0,1.0,7.0,6.0,3.0,10.0,36.0,0.16,1.0,87.0,2.0,1.0,43.0,2.0,3.24390243902439,0.0,16.0,0.0,0.419354838709677,0.5,2.0,0.7397724167068751,0.26022758329312534
243,38,2.0,1.0,1.0,1.0,0.0,1.0,2.0,6.0,3.0,10.0,36.0,0.16,1.0,87.0,2.0,1.0,43.0,2.0,3.24390243902439,0.0,38.0,0.0,0.419354838709677,0.5,2.0,0.842499227418476,0.15750077258152376
243,39,1.0,1.0,1.0,1.0,0.0,1.0,2.0,6.0,3.0,10.0,36.0,0.16,1.0,87.0,7.0,1.0,43.0,9.0,3.24390243902439,0.0,0.0,0.0,0.419354838709677,0.5,2.0,0.7924560732762477,0.2075439267237523
243,40,1.0,1.0,1.0,54.0,0.0,1.0,2.0,6.0,3.0,10.0,36.0,7.35,1.0,87.0,2.0,1.0,43.0,2.0,3.24390243902439,0.0,0.0,0.0,0.419354838709677,0.5,2.0,0.8402659264555643,0.15973407354443553
243,41,1.0,1.0,1.0,1.0,0.0,1.0,2.0,6.0,3.0,10.0,36.0,0.16,1.0,87.0,6.0,28.0,43.0,2.0,3.24390243902439,0.0,0.0,0.0,0.419354838709677,0.5,2.0,0.8261232457889407,0.1738767542110592
243,42,12.0,1.0,1.0,1.0,0.0,1.0,2.0,6.0,3.0,10.0,119.0,0.16,1.0,87.0,2.0,1.0,43.0,2.0,3.24390243902439,0.0,0.0,0.0,0.419354838709677,0.5,2.0,0.8221574494600826,0.17784255053991738
243,43,1.0,1.0,1.0,49.0,0.0,1.0,2.0,6.0,9.0,10.0,36.0,0.16,1.0,87.0,2.0,1.0,43.0,2.0,3.24390243902439,0.0,0.0,0.0,0.419354838709677,0.5,2.0,0.8402130411804773,0.15978695881952262
243,44,1.0,1.0,1.0,1.0,0.0,1.0,2.0,6.0,3.0,10.0,36.0,4.04,1.0,87.0,2.0,1.0,43.0,2.0,28.2,0.0,0.0,0.0,0.419354838709677,0.5,2.0,0.8185582932468899,0.18144170675311003
243,45,1.0,1.0,1.0,1.0,0.0,1.0,2.0,6.0,3.0,10.0,36.0,0.16,1.0,87.0,2.0,1.0,33.0,2.0,3.24390243902439,0.0,34.0,0.0,0.419354838709677,0.5,2.0,0.8454265754730931,0.1545734245269071
243,46,1.0,1.0,1.0,31.0,0.0,1.0,2.0,6.0,3.0,10.0,36.0,0.16,1.0,87.0,2.0,1.0,43.0,2.0,28.8,0.0,0.0,0.0,0.419354838709677,0.5,2.0,0.8399276685153755,0.16007233148462482
243,47,1.0,1.0,1.0,1.0,0.0,1.0,2.0,6.0,3.0,10.0,143.0,0.16,1.0,87.0,2.0,1.0,43.0,2.0,3.24390243902439,0.0,0.0,0.0,0.419354838709677,0.5,2.0,0.7841157634166336,0.2158842365833665
243,48,1.0,1.0,1.0,1.0,0.0,1.0,2.0,6.0,3.0,10.0,113.0,0.16,1.0,87.0,2.0,1.0,43.0,2.0,3.24390243902439,0.0,23.0,0.0,0.419354838709677,0.5,2.0,0.8310273551177488,0.16897264488225106
243,49,1.0,1.0,1.0,1.0,0.0,1.0,2.0,6.0,25.0,10.0,36.0,0.16,1.0,87.0,7.0,1.0,43.0,2.0,3.24390243902439,0.0,0.0,0.0,0.419354838709677,0.5,2.0,0.606301422807831,0.39369857719216883
243,50,1.0,1.0,1.0,1.0,0.0,1.0,2.0,6.0,3.0,10.0,36.0,0.16,14.0,87.0,2.0,1.0,43.0,2.0,3.24390243902439,0.0,35.0,0.0,0.419354838709677,0.5,2.0,0.841100402026804,0.1588995979731963
243,51,1.0,1.0,1.0,1.0,0.0,1.0,2.0,6.0,3.0,10.0,36.0,0.16,1.0,87.0,2.0,1.0,43.0,7.0,3.24390243902439,0.0,0.0,0.0,0.419354838709677,0.5,0.0,0.6345468422362256,0.36545315776377457
243,52,1.0,1.0,1.0,60.0,0.0,1.0,2.0,6.0,3.0,10.0,36.0,0.16,1.0,31.0,2.0,1.0,43.0,2.0,3.24390243902439,0.0,0.0,0.0,0.419354838709677,0.5,2.0,0.8402680527142647,0.15973194728573514
243,53,1.0,1.0,1.0,1.0,0.0,1.0,2.0,6.0,3.0,10.0,36.0,0.16,1.0,87.0,2.0,1.0,43.0,2.0,3.24390243902439,31.0,0.0,0.0,0.419354838709677,0.6,2.0,0.8402179339338084,0.15978206606619172
243,54,1.0,24.0,1.0,1.0,0.0,1.0,2.0,6.0,3.0,10.0,36.0,0.16,1.0,87.0,2.0,1.0,43.0,2.0,3.24390243902439,0.0,20.0,0.0,0.419354838709677,0.5,2.0,0.8234044839841629,0.176595516015837
243,55,1.0,1.0,1.0,19.0,0.0,1.0,2.0,6.0,3.0,3.0,36.0,0.16,1.0,87.0,2.0,1.0,43.0,2.0,3.24390243902439,0.0,0.0,0.0,0.419354838709677,0.5,2.0,0.6931988929504218,0.306801107049578
243,56,1.0,1.0,3.0,1.0,0.0,1.0,2.0,6.0,3.0,10.0,36.0,0.16,1.0,87.0,2.0,1.0,43.0,2.0,9.4,0.0,0.0,0.0,0.419354838709677,0.5,2.0,0.530530723607776,0.469469276392224
243,57,1.0,1.0,1.0,1.0,0.0,1.0,2.0,6.0,3.0,10.0,36.0,0.16,13.0,87.0,2.0,1.0,43.0,6.0,3.24390243902439,0.0,0.0,0.0,0.419354838709677,0.5,2.0,0.8329921361454565,0.16700786385454341
243,58,1.0,1.0,1.0,1.0,0.0,1.0,2.0,6.0,3.0,10.0,36.0,0.16,1.0,87.0,2.0,1.0,43.0,2.0,3.24390243902439,26.0,0.0,0.0,0.419354838709677,0.5,2.0,0.8392678014131244,0.16073219858687562
243,59,1.0,1.0,1.0,1.0,0.0,1.0,2.0,6.0,3.0,56.0,36.0,0.16,1.0,87.0,2.0,36.0,43.0,2.0,3.24390243902439,0.0,0.0,0.0,0.419354838709677,0.5,2.0,0.8395986422441941,0.160401357755806
243,60,19.0,1.0,1.0,1.0,0.0,14.0,2.0,6.0,3.0,10.0,36.0,0.16,1.0,87.0,2.0,1.0,43.0,2.0,3.24390243902439,0.0,0.0,0.0,0.419354838709677,0.5,2.0,0.8406703748660629,0.15932962513393703
243,61,1.0,1.0,1.0,1.0,0.0,1.0,2.0,6.0,3.0,10.0,36.0,0.16,1.0,87.0,2.0,1.0,43.0,2.0,25.1,0.0,0.0,0.0,0.419354838709677,0.5,2.0,0.7577247072662865,0.24227529273371362
243,62,1.0,1.0,1.0,1.0,13.0,1.0,2.0,6.0,3.0,10.0,36.0,0.16,1.0,87.0,2.0,1.0,43.0,2.0,3.24390243902439,11.0,0.0,0.0,0.419354838709677,0.5,2.0,0.8047790830051504,0.19522091699484947
243,63,1.0,1.0,0.0,14.0,0.0,1.0,2.0,6.0,3.0,10.0,36.0,0.16,1.0,87.0,2.0,1.0,43.0,2.0,3.24390243902439,0.0,0.0,0.0,0.419354838709677,0.5,2.0,0.5553394547664737,0.44466054523352627
243,64,1.0,1.0,1.0,1.0,42.0,1.0,2.0,6.0,3.0,10.0,36.0,0.16,1.0,87.0,2.0,1.0,43.0,2.0,3.24390243902439,0.0,0.0,0.0,0.419354838709677,0.1,2.0,0.8421031568000057,0.15789684319999434
243,65,1.0,1.0,1.0,1.0,0.0,1.0,2.0,6.0,3.0,10.0,36.0,0.16,1.0,87.0,8.0,26.0,43.0,2.0,3.24390243902439,0.0,0.0,0.0,0.419354838709677,0.5,2.0,0.8221862724710998,0.1778137275289002
243,66,1.0,1.0,1.0,1.0,0.0,1.0,2.0,10.0,3.0,10.0,36.0,0.16,1.0,87.0,2.0,1.0,43.0,2.0,3.24390243902439,0.0,0.0,3.0,0.419354838709677,0.5,2.0,0.8401603766524018,0.15983962334759788
243,67,1.0,1.0,1.0,1.0,0.0,1.0,2.0,17.0,3.0,10.0,36.0,0.16,1.0,87.0,2.0,1.0,49.0,2.0,3.24390243902439,0.0,0.0,0.0,0.419354838709677,0.5,2.0,0.7905118675515472,0.2094881324484529
243,68,1.0,1.0,1.0,1.0,0.0,1.0,9.0,6.0,3.0,10.0,36.0,0.16,1.0,87.0,2.0,1.0,43.0,2.0,3.24390243902439,0.0,7.0,0.0,0.419354838709677,0.5,2.0,0.6843393861872967,0.31566061381270344
243,69,1.0,1.0,1.0,1.0,0.0,1.0,11.0,6.0,3.0,10.0,36.0,0.16,1.0,87.0,2.0,1.0,43.0,2.0,51.5,0.0,0.0,0.0,0.419354838709677,0.5,2.0,0.84028052400417,0.15971947599582995
243,70,1.0,1.0,1.0,1.0,0.0,1.0,2.0,16.0,3.0,10.0,36.0,0.16,1.0,87.0,7.0,1.0,43.0,2.0,3.24390243902439,0.0,0.0,0.0,0.419354838709677,0.5,2.0,0.7922029098947779,0.20779709010522202
243,71,1.0,22.0,1.0,1.0,0.0,1.0,2.0,6.0,3.0,10.0,36.0,0.16,10.0,87.0,2.0,1.0,43.0,2.0,3.24390243902439,0.0,0.0,0.0,0.419354838709677,0.5,2.0,0.8102430316686637,0.1897569683313362
243,72,1.0,1.0,1.0,1.0,0.0,1.0,2.0,6.0,3.0,10.0,36.0,0.16,1.0,87.0,2.0,1.0,43.0,3.0,41.9,0.0,0.0,0.0,0.419354838709677,0.5,2.0,0.8409648422892306,0.1590351577107693
243,73,1.0,1.0,1.0,1.0,0.0,7.0,2.0,6.0,3.0,10.0,36.0,0.16,1.0,87.0,2.0,1.0,43.0,2.0,3.24390243902439,0.0,26.0,0.0,0.419354838709677,0.5,2.0,0.8324873611138464,0.16751263888615361
243,74,1.0,1.0,3.0,1.0,18.0,1.0,2.0,6.0,3.0,10.0,36.0,0.16,1.0,87.0,2.0,1.0,43.0,2.0,3.24390243902439,0.0,0.0,0.0,0.419354838709677,0.5,2.0,0.7820219929106847,0.2179780070893152
243,75,1.0,1.0,1.0,1.0,0.0,1.0,12.0,6.0,3.0,10.0,36.0,0.16,1.0,87.0,2.0,1.0,43.0,7.0,3.24390243902439,0.0,0.0,0.0,0.419354838709677,0.5,2.0,0.8346197869297599,0.16538021307024023
243,76,1.0,1.0,1.0,1.0,0.0,1.0,2.0,6.0,3.0,10.0,36.0,0.16,1.0,87.0,2.0,1.0,6.0,2.0,3.24390243902439,0.0,0.0,0.0,0.419354838709677,0.5,2.0,0.7053909996380484,0.29460900036195176
243,77,1.0,1.0,1.0,1.0,0.0,1.0,2.0,6.0,3.0,10.0,36.0,0.16,1.0,87.0,2.0,49.0,43.0,2.0,3.24390243902439,0.0,0.0,0.0,0.419354838709677,0.5,2.0,0.841954182690946,0.15804581730905393
243,78,1.0,28.0,1.0,1.0,0.0,1.0,2.0,6.0,3.0,10.0,36.0,6.64,1.0,87.0,2.0,1.0,43.0,2.0,3.24390243902439,0.0,0.0,0.0,0.419354838709677,0.5,2.0,0.8077528200579819,0.19224717994201812
243,79,1.0,1.0,1.0,52.0,0.0,1.0,2.0,6.0,3.0,10.0,36.0,0.16,1.0,87.0,2.0,1.0,43.0,2.0,3.24390243902439,0.0,0.0,0.0,0.419354838709677,0.2,2.0,0.8402526637687557,0.15974733623124443
243,80,1.0,1.0,1.0,1.0,0.0,1.0,2.0,6.0,36.0,10.0,36.0,0.16,1.0,87.0,2.0,1.0,43.0,2.0,3.24390243902439,0.0,0.0,0.0,0.419354838709677,0.5,4.0,0.8084966983773222,0.19150330162267795
243,81,1.0,25.0,1.0,1.0,0.0,8.0,2.0,6.0,3.0,10.0,36.0,0.16,1.0,87.0,2.0,1.0,43.0,2.0,3.24390243902439,0.0,0.0,0.0,0.419354838709677,0.5,2.0,0.6925565876301581,0.30744341236984174
243,82,1.0,1.0,1.0,1.0,0.0,1.0,2.0,6.0,29.0,10.0,36.0,0.16,1.0,87.0,2.0,1.0,43.0,2.0,3.24390243902439,0.0,0.0,0.0,0.419354838709677,0.3,2.0,0.6580844082417973,0.3419155917582028
243,83,1.0,1.0,1.0,65.0,0.0,1.0,2.0,6.0,3.0,10.0,36.0,0.16,1.0,87.0,2.0,1.0,55.0,2.0,3.24390243902439,0.0,0.0,0.0,0.419354838709677,0.5,2.0,0.8402686722009116,0.15973132779908814
243,84,1.0,1.0,1.0,1.0,0.0,1.0,2.0,6.0,3.0,10.0,36.0,0.16,12.0,87.0,2.0,1.0,43.0,2.0,3.24390243902439,0.0,0.0,0.0,0.419354838709677,0.5,3.0,0.8057547319002338,0.19424526809976617
243,85,9.0,1.0,1.0,1.0,37.0,1.0,2.0,6.0,3.0,10.0,36.0,0.16,1.0,87.0,2.0,1.0,43.0,2.0,3.24390243902439,0.0,0.0,0.0,0.419354838709677,0.5,2.0,0.8403820157597172,0.1596179842402829
243,86,1.0,1.0,3.0,1.0,0.0,1.0,2.0,6.0,3.0,10.0,36.0,0.16,1.0,87.0,2.0,16.0,43.0,2.0,3.24390243902439,0.0,0.0,0.0,0.419354838709677,0.5,2.0,0.7231992656920038,0.2768007343079961
243,87,1.0,1.0,1.0,1.0,0.0,1.0,2.0,6.0,3.0,10.0,36.0,5.96,1.0,87.0,2.0,1.0,43.0,2.0,3.24390243902439,0.0,37.0,0.0,0.419354838709677,0.5,2.0,0.8413367012315064,0.15866329876849355
243,88,1.0,1.0,1.0,58.0,0.0,1.0,2.0,6.0,3.0,10.0,36.0,0.16,1.0,87.0,2.0,1.0,43.0,2.0,3.24390243902439,0.0,0.0,0.0,0.5,0.5,2.0,0.8402667751579224,0.15973322484207783
243,89,1.0,34.0,1.0,1.0,0.0,1.0,2.0,8.0,3.0,10.0,36.0,0.16,1.0,87.0,2.0,1.0,43.0,2.0,3.24390243902439,0.0,0.0,0.0,0.419354838709677,0.5,2.0,0.813901799234639,0.18609820076536115
243,90,1.0,1.0,1.0,1.0,0.0,1.0,2.0,6.0,3.0,10.0,36.0,0.16,1.0,87.0,0.0,1.0,0.0,2.0,3.24390243902439,0.0,0.0,0.0,0.419354838709677,0.5,2.0,0.8172050975639432,0.1827949024360569
243,91,1.0,24.0,1.0,1.0,0.0,1.0,2.0,6.0,3.0,10.0,36.0,0.16,1.0,36.0,2.0,1.0,43.0,2.0,3.24390243902439,0.0,0.0,0.0,0.419354838709677,0.5,2.0,0.6225750643337914,0.37742493566620866
243,92,13.0,1.0,1.0,1.0,0.0,1.0,2.0,6.0,3.0,10.0,36.0,0.16,1.0,17.0,2.0,1.0,43.0,2.0,3.24390243902439,0.0,0.0,0.0,0.419354838709677,0.5,2.0,0.8003828861304094,0.19961711386959044
243,93,21.0,1.0,1.0,1.0,0.0,1.0,2.0,6.0,3.0,10.0,36.0,0.16,1.0,87.0,2.0,1.0,43.0,2.0,3.24390243902439,0.0,0.0,0.0,0.419354838709677,1.0,2.0,0.8411784689403335,0.1588215310596663
243,94,1.0,1.0,1.0,1.0,0.0,1.0,2.0,6.0,3.0,10.0,36.0,0.16,1.0,87.0,2.0,19.0,43.0,1.0,3.24390243902439,0.0,0.0,0.0,0.419354838709677,0.5,2.0,0.6423376409357693,0.3576623590642309
243,95,1.0,1.0,1.0,1.0,0.0,1.0,2.0,6.0,2.0,10.0,36.0,0.16,1.0,87.0,2.0,1.0,3.0,2.0,3.24390243902439,0.0,0.0,0.0,0.419354838709677,0.5,2.0,0.75213868220815,0.2478613177918502
243,96,1.0,1.0,1.0,91.0,0.0,1.0,2.0,6.0,3.0,10.0,33.0,0.16,1.0,87.0,2.0,1.0,43.0,2.0,3.24390243902439,0.0,0.0,0.0,0.419354838709677,0.5,2.0,0.840906541054902,0.1590934589450981
243,97,1.0,1.0,1.0,1.0,0.0,15.0,2.0,6.0,3.0,10.0,36.0,0.16,1.0,87.0,2.0,1.0,43.0,2.0,3.24390243902439,26.0,0.0,0.0,0.419354838709677,0.5,2.0,0.839892006503527,0.16010799349647276
243,98,1.0,38.0,1.0,1.0,0.0,1.0,2.0,6.0,3.0,10.0,36.0,0.16,1.0,87.0,2.0,1.0,43.0,2.0,3.24390243902439,0.0,0.0,0.0,0.419354838709677,0.5,3.0,0.8320533346898042,0.16794666531019578
259,0,5.0,0.0,1.0,3.0,0.0,1.0,2.0,4.0,13.0,38.0,76.0,0.15,0.0,95.0,1.0,1.0,71.0,4.0,3.12765957446809,0.0,1.0,3.0,0.9,0.5,1.0,0.8397003964618036,0.16029960353819642
259,1,5.0,0.0,1.0,3.0,0.0,1.0,2.0,4.0,13.0,5.0,76.0,0.15,0.0,95.0,1.0,1.0,71.0,4.0,3.12765957446809,13.0,1.0,0.0,0.69479090242113,0.5,1.0,0.7870030615641254,0.21299693843587472
259,2,5.0,0.0,1.0,66.0,0.0,1.0,2.0,4.0,13.0,38.0,83.0,0.15,0.0,95.0,1.0,1.0,71.0,4.0,3.12765957446809,0.0,1.0,0.0,0.69479090242113,0.5,1.0,0.8402674125415108,0.15973258745848926
259,3,5.0,0.0,1.0,3.0,0.0,1.0,2.0,4.0,13.0,38.0,76.0,0.15,0.0,95.0,1.0,1.0,71.0,4.0,3.12765957446809,0.0,19.0,2.0,0.69479090242113,0.5,1.0,0.8355342040028112,0.16446579599718883
259,4,5.0,0.0,1.0,3.0,0.0,1.0,2.0,4.0,13.0,38.0,76.0,0.15,0.0,95.0,1.0,1.0,71.0,4.0,3.12765957446809,21.0,10.0,0.0,0.69479090242113,0.5,1.0,0.8334982394469151,0.1665017605530848
259,5,5.0,21.0,1.0,3.0,0.0,6.0,2.0,4.0,13.0,38.0,76.0,0.15,0.0,95.0,1.0,1.0,71.0,4.0,3.12765957446809,0.0,1.0,0.0,0.69479090242113,0.5,1.0,0.5943157938027471,0.40568420619725293
259,6,5.0,0.0,1.0,3.0,26.0,1.0,2.0,4.0,13.0,38.0,76.0,0.15,0.0,95.0,1.0,1.0,71.0,4.0,3.12765957446809,39.0,1.0,0.0,0.69479090242113,0.5,1.0,0.8402674134676146,0.15973258653238534
259,7,5.0,0.0,1.0,3.0,0.0,1.0,9.0,4.0,13.0,38.0,76.0,0.15,0.0,15.0,1.0,1.0,71.0,4.0,3.12765957446809,0.0,1.0,0.0,0.69479090242113,0.5,1.0,0.7453513356837381,0.254648664316262
259,8,5.0,0.0,1.0,3.0,0.0,1.0,2.0,4.0,13.0,38.0,76.0,0.15,0.0,95.0,1.0,1.0,71.0,4.0,3.12765957446809,17.0,5.0,0.0,0.69479090242113,0.5,1.0,0.7942713752429169,0.20572862475708328
259,9,5.0,0.0,1.0,3.0,0.0,1.0,10.0,4.0,13.0,38.0,76.0,0.15,0.0,49.0,1.0,1.0,71.0,4.0,3.12765957446809,0.0,1.0,0.0,0.69479090242113,0.5,1.0,0.7874242876781695,0.2125757123218304
259,10,5.0,27.0,1.0,3.0,0.0,1.0,2.0,4.0,19.0,38.0,76.0,0.15,0.0,95.0,1.0,1.0,71.0,4.0,3.12765957446809,0.0,1.0,0.0,0.69479090242113,0.5,1.0,0.7565739460301907,0.2434260539698094
259,11,5.0,0.0,1.0,3.0,0.0,1.0,2.0,4.0,13.0,38.0,124.0,5.21,0.0,95.0,1.0,1.0,71.0,4.0,3.12765957446809,0.0,1.0,0.0,0.69479090242113,0.5,1.0,0.596496439009889,0.40350356099011114
259,12,5.0,0.0,1.0,3.0,44.0,1.0,2.0,4.0,13.0,38.0,76.0,0.15,0.0,95.0,1.0,1.0,71.0,4.0,3.12765957446809,0.0,1.0,0.0,0.69479090242113,0.5,1.0,0.8402725276201791,0.15972747237982068
259,13,5.0,20.0,1.0,3.0,0.0,1.0,2.0,4.0,13.0,38.0,76.0,4.51,0.0,95.0,1.0,1.0,71.0,4.0,3.12765957446809,0.0,1.0,0.0,0.69479090242113,0.5,1.0,0.6580672499179627,0.34193275008203733
259,14,5.0,0.0,1.0,3.0,0.0,1.0,2.0,4.0,13.0,38.0,76.0,0.15,0.0,95.0,1.0,16.0,71.0,2.0,3.12765957446809,0.0,1.0,0.0,0.69479090242113,0.5,1.0,0.5551827816937461,0.4448172183062537
259,15,18.0,0.0,1.0,3.0,0.0,1.0,2.0,4.0,13.0,38.0,76.0,0.15,2.0,95.0,1.0,1.0,71.0,4.0,3.12765957446809,0.0,1.0,0.0,0.69479090242113,0.5,1.0,0.8384967934171874,0.1615032065828125
259,16,5.0,0.0,1.0,78.0,0.0,1.0,2.0,4.0,13.0,38.0,76.0,0.15,0.0,95.0,0.0,1.0,71.0,4.0,3.12765957446809,0.0,1.0,0.0,0.69479090242113,0.5,1.0,0.8402674687094748,0.15973253129052514
259,17,5.0,25.0,1.0,3.0,0.0,1.0,2.0,4.0,13.0,38.0,76.0,0.15,0.0,95.0,1.0,1.0,71.0,4.0,3.12765957446809,0.0,1.0,0.0,0.69479090242113,0.5,1.0,0.6974704860183728,0.30252951398162686
259,18,5.0,0.0,1.0,3.0,0.0,1.0,2.0,4.0,13.0,22.0,76.0,0.15,0.0,95.0,1.0,1.0,71.0,4.0,3.12765957446809,0.0,1.0,2.0,0.69479090242113,0.5,1.0,0.8143647855507039,0.1856352144492962
259,19,5.0,0.0,1.0,3.0,19.0,1.0,2.0,4.0,13.0,38.0,76.0,0.15,0.0,95.0,1.0,1.0,71.0,4.0,9.9,0.0,1.0,0.0,0.69479090242113,0.5,1.0,0.8378876796670692,0.16211232033293074
259,20,5.0,0.0,1.0,3.0,12.0,1.0,2.0,4.0,13.0,38.0,76.0,0.15,0.0,95.0,1.0,45.0,71.0,4.0,3.12765957446809,0.0,1.0,0.0,0.69479090242113,0.5,1.0,0.840261464163755,0.15973853583624495
259,21,5.0,0.0,1.0,3.0,0.0,1.0,2.0,11.0,13.0,38.0,76.0,0.15,0.0,95.0,1.0,1.0,71.0,8.0,3.12765957446809,0.0,1.0,0.0,0.69479090242113,0.5,1.0,0.7318456534869082,0.2681543465130918
259,22,5.0,0.0,1.0,3.0,27.0,1.0,2.0,4.0,13.0,38.0,76.0,0.15,1.0,95.0,1.0,1.0,71.0,4.0,3.12765957446809,0.0,1.0,0.0,0.69479090242113,0.5,1.0,0.8402402117575355,0.1597597882424646
259,23,5.0,0.0,1.0,59.0,0.0,1.0,2.0,4.0,13.0,38.0,76.0,0.15,0.0,95.0,1.0,1.0,71.0,4.0,3.12765957446809,0.0,19.0,0.0,0.69479090242113,0.5,1.0,0.8402673912106184,0.15973260878938142
259,24,5.0,0.0,1.0,3.0,0.0,1.0,2.0,4.0,13.0,38.0,76.0,0.15,0.0,95.0,1.0,38.0,71.0,4.0,47.6,0.0,1.0,0.0,0.69479090242113,0.5,1.0,0.8402673386860505,0.15973266131394942
259,25,5.0,0.0,1.0,3.0,0.0,1.0,2.0,4.0,13.0,38.0,76.0,0.15,0.0,95.0,1.0,32.0,71.0,0.0,3.12765957446809,0.0,1.0,0.0,0.69479090242113,0.5,1.0,0.8375077812878365,0.16249221871216352
259,26,5.0,0.0,1.0,3.0,43.0,1.0,2.0,4.0,13.0,38.0,76.0,0.15,0.0,95.0,1.0,1.0,71.0,4.0,3.12765957446809,0.0,1.0,0.0,0.69479090242113,0.5,1.0,0.840272294128981,0.15972770587101912
259,27,19.0,0.0,1.0,3.0,0.0,1.0,2.0,4.0,13.0,38.0,76.0,0.15,0.0,95.0,1.0,1.0,71.0,4.0,3.12765957446809,0.0,1.0,2.0,0.69479090242113,0.5,1.0,0.8402350100522786,0.15976498994772123
259,28,5.0,24.0,1.0,3.0,0.0,1.0,2.0,4.0,13.0,38.0,76.0,0.15,0.0,95.0,1.0,1.0,71.0,4.0,3.12765957446809,0.0,20.0,0.0,0.69479090242113,0.5,1.0,0.8239385195527967,0.17606148044720346
259,29,5.0,0.0,1.0,3.0,0.0,1.0,12.0,4.0,13.0,38.0,76.0,0.15,0.0,95.0,1.0,1.0,71.0,7.0,3.12765957446809,0.0,1.0,0.0,0.69479090242113,0.5,1.0,0.8340823869609425,0.16591761303905736
259,30,5.0,0.0,1.0,3.0,8.0,1.0,2.0,4.0,13.0,38.0,76.0,5.79,0.0,95.0,1.0,1.0,71.0,4.0,3.12765957446809,0.0,1.0,0.0,0.69479090242113,0.5,1.0,0.6895258205762826,0.31047417942371724
259,31,5.0,0.0,1.0,3.0,0.0,1.0,2.0,4.0,31.0,38.0,76.0,0.15,0.0,95.0,1.0,20.0,71.0,4.0,3.12765957446809,0.0,1.0,0.0,0.69479090242113,0.5,1.0,0.7910826495661063,0.20891735043389395
259,32,5.0,9.0,1.0,3.0,0.0,1.0,2.0,4.0,13.0,38.0,76.0,0.15,0.0,95.0,1.0,1.0,71.0,4.0,3.12765957446809,0.0,19.0,0.0,0.69479090242113,0.5,1.0,0.7330862715953862,0.26691372840461364
259,33,5.0,0.0,1.0,3.0,0.0,1.0,2.0,4.0,13.0,41.0,76.0,0.15,0.0,95.0,1.0,1.0,71.0,4.0,3.12765957446809,26.0,1.0,0.0,0.69479090242113,0.5,1.0,0.8391625925933522,0.1608374074066479
259,34,5.0,0.0,1.0,3.0,41.0,1.0,2.0,4.0,12.0,38.0,76.0,0.15,0.0,95.0,1.0,1.0,71.0,4.0,3.12765957446809,0.0,1.0,0.0,0.69479090242113,0.5,1.0,0.8402718433515308,0.15972815664846904
259,35,5.0,0.0,1.0,3.0,0.0,1.0,2.0,16.0,13.0,38.0,76.0,0.15,0.0,95.0,1.0,1.0,71.0,4.0,3.12765957446809,0.0,1.0,0.0,0.69479090242113,0.7,1.0,0.7493079596827699,0.25069204031723014
259,36,13.0,0.0,1.0,3.0,0.0,1.0,2.0,4.0,13.0,38.0,76.0,0.15,0.0,95.0,4.0,1.0,71.0,4.0,3.12765957446809,0.0,1.0,0.0,0.69479090242113,0.5,1.0,0.7672993875166813,0.23270061248331878
259,37,5.0,0.0,1.0,3.0,0.0,13.0,5.0,4.0,13.0,38.0,76.0,0.15,0.0,95.0,1.0,1.0,71.0,4.0,3.12765957446809,0.0,1.0,0.0,0.69479090242113,0.5,1.0,0.5287075344414718,0.4712924655585281
259,38,5.0,0.0,1.0,3.0,0.0,1.0,2.0,4.0,13.0,38.0,76.0,0.15,0.0,95.0,1.0,1.0,71.0,3.0,3.12765957446809,29.0,1.0,0.0,0.69479090242113,0.5,1.0,0.8400417107785654,0.15995828922143457
259,39,5.0,0.0,1.0,3.0,0.0,1.0,2.0,4.0,13.0,38.0,130.0,0.15,0.0,95.0,1.0,1.0,25.0,4.0,3.12765957446809,0.0,1.0,0.0,0.69479090242113,0.5,1.0,0.5095173701332595,0.49048262986674057
259,40,5.0,0.0,1.0,63.0,0.0,1.0,2.0,4.0,13.0,38.0,76.0,0.15,0.0,95.0,1.0,1.0,71.0,4.0,3.12765957446809,0.0,1.0,0.0,0.69479090242113,0.5,1.0,0.8402673973589085,0.15973260264109115
259,41,5.0,0.0,1.0,3.0,0.0,1.0,2.0,4.0,13.0,38.0,76.0,0.15,0.0,95.0,1.0,30.0,71.0,4.0,3.12765957446809,0.0,1.0,0.0,0.69479090242113,0.5,1.0,0.8268247965358797,0.17317520346412044
259,42,5.0,0.0,1.0,3.0,0.0,1.0,2.0,4.0,13.0,38.0,76.0,0.15,5.0,95.0,1.0,1.0,71.0,4.0,28.7,0.0,1.0,0.0,0.69479090242113,0.5,1.0,0.8205500397146065,0.1794499602853933
259,43,5.0,0.0,1.0,3.0,12.0,1.0,2.0,4.0,36.0,38.0,76.0,0.15,0.0,95.0,1.0,1.0,71.0,4.0,3.12765957446809,0.0,1.0,0.0,0.69479090242113,0.5,1.0,0.8245587059438777,0.1754412940561223
259,44,5.0,0.0,1.0,3.0,0.0,1.0,2.0,4.0,13.0,38.0,76.0,0.15,8.0,95.0,1.0,1.0,71.0,4.0,3.12765957446809,0.0,2.0,0.0,0.69479090242113,0.5,1.0,0.6079530670546284,0.39204693294537163
259,45,5.0,0.0,1.0,3.0,0.0,1.0,2.0,4.0,13.0,38.0,17.0,0.15,0.0,95.0,1.0,1.0,71.0,4.0,3.12765957446809,10.0,1.0,0.0,0.69479090242113,0.5,1.0,0.6812032946814542,0.3187967053185457
259,46,5.0,0.0,1.0,3.0,0.0,1.0,2.0,4.0,13.0,38.0,76.0,0.15,0.0,95.0,1.0,1.0,71.0,4.0,43.2,0.0,1.0,0.0,1.0,0.5,1.0,0.8399360559257386,0.1600639440742614
259,47,5.0,0.0,1.0,3.0,0.0,1.0,2.0,4.0,13.0,38.0,76.0,0.15,0.0,95.0,1.0,17.0,71.0,4.0,3.12765957446809,0.0,1.0,0.0,0.69479090242113,0.9,1.0,0.5268616202668843,0.47313837973311557
259,48,15.0,0.0,1.0,3.0,12.0,1.0,2.0,4.0,13.0,38.0,76.0,0.15,0.0,95.0,1.0,1.0,71.0,4.0,3.12765957446809,0.0,1.0,0.0,0.69479090242113,0.5,1.0,0.8378908571258001,0.1621091428742001
259,49,5.0,0.0,1.0,3.0,0.0,1.0,2.0,7.0,13.0,38.0,76.0,0.15,0.0,95.0,1.0,24.0,71.0,4.0,3.12765957446809,0.0,1.0,0.0,0.69479090242113,0.5,1.0,0.7864547243078956,0.21354527569210452
259,50,5.0,0.0,1.0,3.0,0.0,1.0,2.0,4.0,13.0,38.0,130.0,0.15,0.0,95.0,1.0,1.0,71.0,4.0,3.12765957446809,0.0,27.0,0.0,0.69479090242113,0.5,1.0,0.8347461582053161,0.165253841794684
259,51,5.0,0.0,1.0,65.0,0.0,1.0,2.0,4.0,13.0,38.0,76.0,0.15,0.0,95.0,1.0,1.0,55.0,4.0,3.12765957446809,0.0,1.0,0.0,0.69479090242113,0.5,1.0,0.8402674065099256,0.15973259349007443
259,52,5.0,0.0,1.0,3.0,9.0,1.0,2.0,4.0,13.0,38.0,76.0,0.15,0.0,95.0,7.0,1.0,71.0,4.0,3.12765957446809,0.0,1.0,0.0,0.69479090242113,0.5,1.0,0.6935419472419166,0.30645805275808347
259,53,5.0,0.0,1.0,3.0,0.0,1.0,2.0,4.0,13.0,38.0,76.0,0.15,0.0,95.0,4.0,1.0,71.0,4.0,3.12765957446809,0.0,1.0,3.0,0.69479090242113,0.5,1.0,0.8397544821217917,0.16024551787820832
259,54,5.0,0.0,1.0,3.0,0.0,1.0,2.0,4.0,13.0,38.0,76.0,0.15,0.0,95.0,1.0,1.0,71.0,5.0,3.12765957446809,40.0,1.0,0.0,0.69479090242113,0.5,1.0,0.8402672588686697,0.15973274113133004
259,55,5.0,0.0,1.0,3.0,0.0,1.0,2.0,4.0,13.0,38.0,76.0,0.15,0.0,95.0,1.0,30.0,71.0,4.0,3.12765957446809,0.0,14.0,0.0,0.69479090242113,0.5,1.0,0.835367152333787,0.16463284766621292
259,56,4.0,0.0,1.0,3.0,12.0,1.0,2.0,4.0,13.0,38.0,76.0,0.15,0.0,95.0,1.0,1.0,71.0,4.0,3.12765957446809,0.0,1.0,0.0,0.69479090242113,0.5,1.0,0.7438843095398696,0.25611569046013033
259,57,5.0,0.0,1.0,3.0,0.0,1.0,2.0,4.0,13.0,38.0,76.0,2.79,0.0,95.0,1.0,1.0,71.0,4.0,3.12765957446809,16.0,1.0,0.0,0.69479090242113,0.5,1.0,0.7809312796883499,0.21906872031165023
259,58,5.0,0.0,1.0,3.0,0.0,1.0,2.0,4.0,13.0,38.0,76.0,0.15,0.0,95.0,1.0,51.0,71.0,4.0,3.12765957446809,0.0,30.0,0.0,0.69479090242113,0.5,1.0,0.840267510204894,0.15973248979510601
259,59,5.0,0.0,1.0,3.0,0.0,1.0,2.0,18.0,24.0,38.0,76.0,0.15,0.0,95.0,1.0,1.0,71.0,4.0,3.12765957446809,0.0,1.0,0.0,0.69479090242113,0.5,1.0,0.8185583756430724,0.18144162435692757
259,60,5.0,0.0,1.0,3.0,0.0,11.0,2.0,4.0,13.0,38.0,76.0,0.15,6.0,95.0,1.0,1.0,71.0,4.0,3.12765957446809,0.0,1.0,0.0,0.69479090242113,0.5,1.0,0.5933024706288998,0.40669752937110015
259,61,5.0,36.0,1.0,3.0,0.0,1.0,2.0,4.0,13.0,38.0,76.0,0.15,0.0,95.0,1.0,1.0,71.0,4.0,3.12765957446809,0.0,1.0,3.0,0.69479090242113,0.5,1.0,0.8402556761190759,0.15974432388092422
259,62,5.0,0.0,1.0,58.0,0.0,1.0,2.0,4.0,13.0,38.0,76.0,0.15,0.0,95.0,1.0,1.0,71.0,4.0,3.12765957446809,0.0,1.0,0.0,0.9,0.5,1.0,0.8402671797820198,0.15973282021798016
259,63,5.0,0.0,0.0,3.0,0.0,1.0,2.0,4.0,13.0,38.0,76.0,0.15,0.0,95.0,1.0,1.0,71.0,4.0,3.12765957446809,33.0,1.0,0.0,0.69479090242113,0.5,1.0,0.8402523203008317,0.15974767969916825
259,64,5.0,0.0,1.0,3.0,0.0,1.0,2.0,4.0,13.0,38.0,76.0,0.15,0.0,95.0,1.0,1.0,50.0,4.0,3.12765957446809,0.0,30.0,0.0,0.69479090242113,0.5,1.0,0.8336049156440885,0.16639508435591144
259,65,5.0,0.0,1.0,3.0,0.0,1.0,2.0,4.0,13.0,38.0,33.0,0.15,0.0,95.0,1.0,1.0,71.0,4.0,3.12765957446809,0.0,27.0,0.0,0.69479090242113,0.5,1.0,0.831103369301164,0.16889663069883595
259,66,5.0,0.0,1.0,61.0,0.0,1.0,2.0,4.0,13.0,38.0,76.0,0.15,0.0,95.0,1.0,1.0,71.0,4.0,3.12765957446809,0.0,1.0,0.0,0.9,0.5,1.0,0.8402673649536985,0.1597326350463015
259,67,5.0,0.0,1.0,44.0,0.0,1.0,2.0,4.0,13.0,38.0,76.0,0.15,0.0,95.0,1.0,1.0,34.0,4.0,3.12765957446809,0.0,1.0,0.0,0.69479090242113,0.5,1.0,0.8395582429734239,0.16044175702657618
259,68,5.0,0.0,1.0,3.0,20.0,1.0,2.0,4.0,13.0,38.0,76.0,0.15,0.0,95.0,1.0,1.0,71.0,4.0,3.12765957446809,20.0,1.0,0.0,0.69479090242113,0.5,1.0,0.840231754464261,0.15976824553573896
259,69,5.0,0.0,1.0,3.0,0.0,1.0,2.0,4.0,13.0,38.0,76.0,0.15,0.0,95.0,1.0,1.0,71.0,4.0,3.12765957446809,0.0,1.0,2.0,0.69479090242113,0.5,1.0,0.8070925736861467,0.19290742631385344
259,70,5.0,0.0,1.0,3.0,0.0,1.0,2.0,4.0,13.0,38.0,76.0,0.15,0.0,95.0,2.0,1.0,71.0,4.0,3.12765957446809,13.0,1.0,0.0,0.69479090242113,0.5,1.0,0.6446071779617208,0.3553928220382791
259,71,5.0,0.0,1.0,3.0,0.0,1.0,2.0,17.0,13.0,38.0,76.0,0.15,0.0,95.0,1.0,1.0,71.0,4.0,3.12765957446809,0.0,1.0,0.0,0.69479090242113,0.5,1.0,0.7788069551306057,0.22119304486939406
259,72,5.0,0.0,1.0,3.0,0.0,1.0,13.0,4.0,13.0,38.0,76.0,0.15,0.0,95.0,1.0,1.0,71.0,4.0,3.12765957446809,0.0,1.0,0.0,0.69479090242113,0.7,1.0,0.8356595901229141,0.16434040987708598
259,73,5.0,0.0,3.0,3.0,0.0,1.0,2.0,4.0,13.0,38.0,76.0,1.26,0.0,95.0,1.0,1.0,71.0,4.0,3.12765957446809,0.0,1.0,0.0,0.69479090242113,0.5,1.0,0.622717156865646,0.37728284313435384
259,74,5.0,0.0,1.0,3.0,0.0,1.0,2.0,17.0,13.0,38.0,76.0,0.15,0.0,95.0,1.0,1.0,71.0,4.0,3.12765957446809,0.0,1.0,0.0,0.5,0.5,1.0,0.7736779736927822,0.22632202630721773
259,75,5.0,0.0,1.0,3.0,0.0,1.0,2.0,4.0,13.0,3.0,76.0,0.15,0.0,95.0,1.0,1.0,71.0,4.0,3.12765957446809,0.0,1.0,0.0,1.0,0.5,1.0,0.5948903906985947,0.4051096093014053
259,76,5.0,0.0,1.0,20.0,0.0,1.0,2.0,4.0,13.0,38.0,76.0,0.15,0.0,95.0,1.0,1.0,15.0,4.0,3.12765957446809,0.0,1.0,0.0,0.69479090242113,0.5,1.0,0.596345937094225,0.4036540629057751
259,77,5.0,0.0,1.0,3.0,0.0,1.0,2.0,4.0,13.0,38.0,76.0,7.05,11.0,95.0,1.0,1.0,71.0,4.0,3.12765957446809,0.0,1.0,0.0,0.69479090242113,0.5,1.0,0.827718142371788,0.17228185762821208
259,78,5.0,0.0,1.0,3.0,0.0,1.0,2.0,4.0,13.0,38.0,76.0,0.15,0.0,95.0,1.0,1.0,70.0,4.0,3.12765957446809,0.0,1.0,3.0,0.69479090242113,0.5,1.0,0.8396591283868997,0.1603408716131006
259,79,5.0,0.0,1.0,3.0,22.0,1.0,2.0,4.0,13.0,38.0,76.0,0.15,0.0,95.0,1.0,1.0,71.0,4.0,3.12765957446809,0.0,1.0,0.0,0.7,0.5,1.0,0.8397880563398724,0.16021194366012764
259,80,5.0,0.0,1.0,31.0,0.0,1.0,2.0,4.0,13.0,38.0,76.0,0.15,0.0,95.0,1.0,1.0,71.0,4.0,3.12765957446809,0.0,1.0,0.0,0.69479090242113,0.5,1.0,0.8264108565423086,0.17358914345769155
259,81,5.0,17.0,1.0,3.0,0.0,1.0,2.0,4.0,13.0,38.0,76.0,0.15,0.0,95.0,1.0,1.0,71.0,4.0,3.12765957446809,35.0,1.0,0.0,0.69479090242113,0.5,1.0,0.8402648413232069,0.15973515867679317
259,82,5.0,0.0,3.0,3.0,0.0,1.0,2.0,4.0,13.0,38.0,76.0,0.15,0.0,95.0,1.0,1.0,71.0,4.0,26.2,0.0,1.0,0.0,0.69479090242113,0.5,1.0,0.8268201325229069,0.1731798674770931
259,83,5.0,0.0,1.0,3.0,0.0,1.0,2.0,4.0,13.0,38.0,76.0,0.15,0.0,95.0,1.0,1.0,71.0,4.0,25.8,0.0,1.0,1.0,0.69479090242113,0.5,1.0,0.8089066680895638,0.1910933319104363
259,84,5.0,0.0,1.0,3.0,0.0,1.0,2.0,4.0,13.0,3.0,76.0,0.15,0.0,25.0,1.0,1.0,71.0,4.0,3.12765957446809,0.0,1.0,0.0,0.69479090242113,0.5,1.0,0.5890666801958914,0.4109333198041086
259,85,13.0,0.0,1.0,3.0,0.0,1.0,2.0,4.0,13.0,38.0,76.0,3.36,0.0,95.0,1.0,1.0,71.0,4.0,3.12765957446809,0.0,1.0,0.0,0.69479090242113,0.5,1.0,0.7773362766417784,0.22266372335822163
259,86,5.0,0.0,1.0,30.0,0.0,1.0,2.0,4.0,13.0,38.0,93.0,0.15,0.0,95.0,1.0,1.0,71.0,4.0,3.12765957446809,0.0,1.0,0.0,0.69479090242113,0.5,1.0,0.8239310906633901,0.17606890933661
259,87,11.0,0.0,1.0,3.0,0.0,1.0,2.0,4.0,13.0,8.0,76.0,0.15,0.0,95.0,1.0,1.0,71.0,4.0,3.12765957446809,0.0,1.0,0.0,0.69479090242113,0.5,1.0,0.7646004944628175,0.23539950553718242
259,88,5.0,0.0,1.0,3.0,0.0,1.0,2.0,17.0,13.0,38.0,76.0,0.15,0.0,95.0,1.0,1.0,71.0,4.0,3.12765957446809,0.0,1.0,0.0,0.69479090242113,1.0,1.0,0.7794690567178786,0.2205309432821212
259,89,5.0,0.0,1.0,44.0,0.0,1.0,2.0,4.0,13.0,38.0,76.0,0.15,0.0,95.0,1.0,1.0,71.0,4.0,3.12765957446809,0.0,1.0,0.0,0.69479090242113,0.5,1.0,0.8401175773353879,0.15988242266461222
259,90,5.0,0.0,1.0,3.0,0.0,1.0,10.0,4.0,13.0,38.0,76.0,0.15,0.0,95.0,1.0,1.0,71.0,4.0,3.12765957446809,3.0,1.0,0.0,0.69479090242113,0.5,1.0,0.788942160877612,0.21105783912238812
259,91,5.0,0.0,1.0,3.0,0.0,1.0,2.0,4.0,13.0,38.0,76.0,0.15,0.0,58.0,1.0,1.0,71.0,4.0,3.12765957446809,0.0,1.0,2.0,0.69479090242113,0.5,1.0,0.8083759266920446,0.19162407330795553
259,92,5.0,0.0,4.0,3.0,0.0,1.0,2.0,4.0,13.0,38.0,76.0,0.15,0.0,95.0,1.0,1.0,71.0,4.0,41.6,0.0,1.0,0.0,0.69479090242113,0.5,1.0,0.8402450995555268,0.1597549004444731
259,93,5.0,0.0,4.0,3.0,0.0,1.0,2.0,4.0,13.0,38.0,76.0,0.15,0.0,95.0,1.0,1.0,71.0,4.0,13.4,0.0,1.0,0.0,0.69479090242113,0.5,1.0,0.8247850398467822,0.17521496015321786
259,94,5.0,0.0,2.0,3.0,38.0,1.0,2.0,4.0,13.0,38.0,76.0,0.15,0.0,95.0,1.0,1.0,71.0,4.0,3.12765957446809,0.0,1.0,0.0,0.69479090242113,0.5,1.0,0.8402688979271663,0.15973110207283378
259,95,5.0,0.0,1.0,3.0,0.0,1.0,3.0,4.0,13.0,38.0,76.0,0.15,0.0,95.0,1.0,1.0,71.0,4.0,3.12765957446809,38.0,1.0,0.0,0.69479090242113,0.5,1.0,0.8402666875945586,0.15973331240544159
259,96,5.0,28.0,1.0,3.0,0.0,1.0,8.0,4.0,13.0,38.0,76.0,0.15,0.0,95.0,1.0,1.0,71.0,4.0,3.12765957446809,0.0,1.0,0.0,0.69479090242113,0.5,1.0,0.8243561574228624,0.17564384257713736
259,97,5.0,0.0,1.0,23.0,0.0,1.0,2.0,4.0,7.0,38.0,76.0,0.15,0.0,95.0,1.0,1.0,71.0,4.0,3.12765957446809,0.0,1.0,0.0,0.69479090242113,0.5,1.0,0.7352227142331009,0.2647772857668991
259,98,5.0,0.0,1.0,3.0,28.0,1.0,2.0,4.0,13.0,38.0,9.0,0.15,0.0,95.0,1.0,1.0,71.0,4.0,3.12765957446809,0.0,1.0,0.0,0.69479090242113,0.5,1.0,0.8402438816186634,0.1597561183813366
259,99,5.0,0.0,1.0,3.0,0.0,1.0,2.0,4.0,13.0,48.0,76.0,7.41,0.0,95.0,1.0,1.0,71.0,4.0,3.12765957446809,0.0,1.0,0.0,0.69479090242113,0.5,1.0,0.6403872874173557,0.35961271258264427
262,0,1.0,0.0,3.0,1.0,0.0,0.0,2.0,9.0,3.0,16.0,39.0,0.21,0.0,92.0,1.0,2.0,18.0,3.0,4.83720930232558,1.0,1.0,0.0,0.463840399002494,0.5,1.0,0.6844818581818358,0.31551814181816407
262,1,1.0,0.0,1.0,16.0,0.0,0.0,1.0,3.0,3.0,16.0,39.0,0.21,0.0,92.0,1.0,2.0,18.0,3.0,4.83720930232558,1.0,1.0,0.0,0.463840399002494,0.5,1.0,0.5563427401998339,0.44365725980016607
262,2,13.0,0.0,1.0,64.0,0.0,0.0,2.0,3.0,3.0,16.0,39.0,0.21,0.0,92.0,1.0,2.0,18.0,3.0,4.83720930232558,1.0,1.0,0.0,0.463840399002494,0.5,1.0,0.8402674342206317,0.15973256577936834
262,3,1.0,0.0,1.0,1.0,0.0,0.0,2.0,3.0,3.0,67.0,39.0,0.21,0.0,92.0,1.0,2.0,18.0,3.0,4.83720930232558,1.0,1.0,3.0,0.463840399002494,0.5,1.0,0.8401609085425358,0.15983909145746408
262,4,1.0,0.0,1.0,1.0,0.0,0.0,2.0,3.0,3.0,16.0,92.0,0.21,0.0,92.0,1.0,2.0,18.0,3.0,22.0,1.0,1.0,0.0,0.463840399002494,0.5,1.0,0.7006718539277778,0.2993281460722221
262,5,1.0,0.0,1.0,1.0,0.0,0.0,2.0,3.0,3.0,16.0,39.0,0.21,0.0,92.0,1.0,2.0,18.0,3.0,4.83720930232558,1.0,3.0,2.0,0.463840399002494,0.5,1.0,0.8340978132717368,0.16590218672826304
262,6,1.0,0.0,1.0,68.0,0.0,0.0,2.0,3.0,3.0,16.0,39.0,0.21,0.0,92.0,1.0,2.0,18.0,3.0,4.83720930232558,1.0,1.0,0.0,0.463840399002494,0.5,1.0,0.8403560731112728,0.1596439268887272
262,7,1.0,0.0,1.0,1.0,0.0,0.0,2.0,3.0,3.0,16.0,39.0,0.21,0.0,92.0,1.0,23.0,18.0,3.0,4.83720930232558,1.0,1.0,0.0,0.463840399002494,1.1,1.0,0.7912393440903785,0.20876065590962137
262,8,1.0,0.0,1.0,1.0,0.0,0.0,7.0,3.0,3.0,16.0,39.0,0.21,0.0,92.0,1.0,2.0,18.0,3.0,46.5,1.0,1.0,0.0,0.463840399002494,0.5,1.0,0.8421397000122245,0.15786029998777557
262,9,1.0,0.0,1.0,1.0,0.0,0.0,2.0,13.0,3.0,16.0,39.0,0.21,0.0,92.0,1.0,2.0,18.0,3.0,4.83720930232558,1.0,1.0,0.0,0.7,0.5,1.0,0.7209291529630579,0.27907084703694224
262,10,1.0,0.0,1.0,1.0,0.0,0.0,2.0,3.0,3.0,16.0,122.0,0.21,0.0,92.0,5.0,2.0,18.0,3.0,4.83720930232558,1.0,1.0,0.0,0.463840399002494,0.5,1.0,0.6049259786055635,0.3950740213944365
262,11,11.0,0.0,1.0,1.0,36.0,0.0,2.0,3.0,3.0,16.0,39.0,0.21,0.0,92.0,1.0,2.0,18.0,3.0,4.83720930232558,1.0,1.0,0.0,0.463840399002494,0.5,1.0,0.840563947125632,0.1594360528743678
262,12,1.0,0.0,1.0,1.0,0.0,0.0,2.0,3.0,3.0,57.0,39.0,4.78,0.0,92.0,1.0,2.0,18.0,3.0,4.83720930232558,1.0,1.0,0.0,0.463840399002494,0.5,1.0,0.55999307980108,0.44000692019892
262,13,1.0,15.0,1.0,1.0,0.0,0.0,2.0,3.0,3.0,16.0,39.0,0.21,0.0,92.0,1.0,2.0,18.0,3.0,15.8,1.0,1.0,0.0,0.463840399002494,0.5,1.0,0.6514086751592796,0.3485913248407205
262,14,1.0,0.0,1.0,1.0,0.0,0.0,2.0,3.0,3.0,16.0,39.0,0.21,0.0,92.0,1.0,2.0,18.0,3.0,4.83720930232558,7.0,1.0,1.0,0.463840399002494,0.5,1.0,0.7138754893891203,0.28612451061087973
262,15,1.0,0.0,1.0,1.0,0.0,15.0,2.0,3.0,3.0,16.0,39.0,0.21,0.0,92.0,1.0,2.0,18.0,3.0,4.83720930232558,26.0,1.0,0.0,0.463840399002494,0.5,1.0,0.8401172788769455,0.15988272112305438
262,16,1.0,0.0,1.0,1.0,26.0,0.0,14.0,3.0,3.0,16.0,39.0,0.21,0.0,92.0,1.0,2.0,18.0,3.0,4.83720930232558,1.0,1.0,0.0,0.463840399002494,0.5,1.0,0.8402795254900178,0.15972047450998206
262,17,1.0,0.0,1.0,1.0,0.0,0.0,2.0,3.0,3.0,16.0,39.0,0.21,0.0,17.0,1.0,2.0,18.0,3.0,4.83720930232558,33.0,1.0,0.0,0.463840399002494,0.5,1.0,0.8404720284032825,0.15952797159671767
262,18,6.0,0.0,1.0,1.0,14.0,0.0,2.0,3.0,3.0,16.0,39.0,0.21,0.0,92.0,1.0,2.0,18.0,3.0,4.83720930232558,1.0,1.0,0.0,0.463840399002494,0.5,1.0,0.7427580060628299,0.2572419939371702
262,19,1.0,0.0,1.0,1.0,4.0,0.0,2.0,3.0,3.0,16.0,39.0,0.21,13.0,92.0,1.0,2.0,18.0,3.0,4.83720930232558,1.0,1.0,0.0,0.463840399002494,0.5,1.0,0.8281258020055038,0.17187419799449624
262,20,1.0,0.0,1.0,1.0,0.0,0.0,2.0,3.0,3.0,16.0,39.0,0.21,0.0,92.0,1.0,2.0,18.0,0.0,4.83720930232558,1.0,1.0,0.0,0.9,0.5,1.0,0.8127216770577438,0.18727832294225613
262,21,1.0,0.0,1.0,1.0,0.0,5.0,2.0,3.0,3.0,16.0,39.0,0.21,0.0,92.0,1.0,2.0,18.0,3.0,4.83720930232558,1.0,15.0,0.0,0.463840399002494,0.5,1.0,0.7777055188003353,0.22229448119966475
262,22,17.0,0.0,1.0,1.0,0.0,0.0,2.0,3.0,3.0,16.0,39.0,0.21,0.0,92.0,1.0,2.0,18.0,3.0,33.9,1.0,1.0,0.0,0.463840399002494,0.5,1.0,0.8401845998489811,0.1598154001510188
262,23,1.0,30.0,1.0,1.0,0.0,0.0,2.0,3.0,3.0,16.0,39.0,0.21,0.0,92.0,1.0,2.0,18.0,3.0,15.1,1.0,1.0,0.0,0.463840399002494,0.5,1.0,0.8113704751734102,0.18862952482658948
262,24,1.0,0.0,1.0,21.0,0.0,0.0,2.0,3.0,3.0,16.0,39.0,0.21,0.0,92.0,1.0,2.0,18.0,3.0,24.6,1.0,1.0,0.0,0.463840399002494,0.5,1.0,0.841127276033312,0.1588727239666879
262,25,1.0,0.0,1.0,1.0,0.0,0.0,2.0,3.0,16.0,16.0,39.0,0.21,0.0,92.0,1.0,2.0,18.0,3.0,4.83720930232558,1.0,29.0,0.0,0.463840399002494,0.5,1.0,0.8443951465356195,0.15560485346438038
262,26,5.0,0.0,1.0,1.0,0.0,0.0,14.0,3.0,3.0,16.0,39.0,0.21,0.0,92.0,1.0,2.0,18.0,3.0,4.83720930232558,1.0,1.0,0.0,0.463840399002494,0.5,1.0,0.8381278862610935,0.16187211373890628
262,27,1.0,0.0,1.0,83.0,0.0,0.0,2.0,3.0,3.0,16.0,39.0,0.21,0.0,92.0,1.0,2.0,18.0,3.0,4.83720930232558,1.0,1.0,0.0,0.3,0.5,1.0,0.8420650277126372,0.15793497228736275
262,28,1.0,0.0,1.0,1.0,0.0,0.0,2.0,3.0,3.0,16.0,39.0,0.21,15.0,92.0,1.0,2.0,12.0,3.0,4.83720930232558,1.0,1.0,0.0,0.463840399002494,0.5,1.0,0.843752457537208,0.15624754246279168
262,29,1.0,0.0,1.0,1.0,0.0,0.0,2.0,3.0,3.0,16.0,39.0,0.21,0.0,92.0,1.0,2.0,23.0,3.0,45.2,1.0,1.0,0.0,0.463840399002494,0.5,1.0,0.844250167160865,0.15574983283913504
262,30,1.0,0.0,1.0,1.0,0.0,0.0,2.0,3.0,3.0,16.0,39.0,0.21,0.0,92.0,1.0,2.0,18.0,3.0,4.83720930232558,41.0,1.0,0.0,0.463840399002494,0.5,1.0,0.8402873953442294,0.15971260465577078
262,31,1.0,0.0,1.0,1.0,0.0,0.0,2.0,3.0,3.0,16.0,39.0,0.21,0.0,92.0,1.0,2.0,21.0,3.0,49.6,1.0,1.0,0.0,0.463840399002494,0.5,1.0,0.8419918676753081,0.1580081323246918
262,32,1.0,0.0,1.0,1.0,0.0,15.0,2.0,3.0,3.0,16.0,39.0,0.21,0.0,92.0,1.0,2.0,18.0,3.0,4.83720930232558,1.0,1.0,0.0,0.463840399002494,0.5,1.0,0.5847827879980804,0.41521721200191963
262,33,1.0,0.0,1.0,96.0,0.0,0.0,2.0,3.0,3.0,16.0,39.0,0.21,0.0,92.0,1.0,2.0,18.0,3.0,4.83720930232558,1.0,1.0,0.0,0.463840399002494,0.5,1.0,0.8455882816579954,0.15441171834200454
262,34,1.0,0.0,1.0,1.0,0.0,0.0,10.0,3.0,3.0,16.0,39.0,0.21,0.0,92.0,7.0,2.0,18.0,3.0,4.83720930232558,1.0,1.0,0.0,0.463840399002494,0.5,1.0,0.7701217096740962,0.2298782903259038
262,35,1.0,0.0,1.0,1.0,0.0,0.0,2.0,4.0,3.0,16.0,113.0,0.21,0.0,92.0,1.0,2.0,18.0,3.0,4.83720930232558,1.0,1.0,0.0,0.463840399002494,0.5,1.0,0.5155508758587979,0.484449124141202
262,36,1.0,38.0,1.0,1.0,0.0,0.0,2.0,3.0,3.0,16.0,39.0,0.21,0.0,92.0,1.0,2.0,18.0,3.0,4.83720930232558,1.0,1.0,0.0,0.6,0.5,1.0,0.844410844412511,0.15558915558748884
262,37,1.0,0.0,1.0,1.0,0.0,0.0,2.0,16.0,3.0,16.0,39.0,0.21,0.0,92.0,5.0,2.0,18.0,3.0,4.83720930232558,1.0,1.0,0.0,0.463840399002494,0.5,1.0,0.8189975553083236,0.18100244469167634
262,38,1.0,0.0,1.0,1.0,0.0,0.0,2.0,3.0,3.0,16.0,39.0,0.21,0.0,92.0,5.0,2.0,18.0,3.0,4.83720930232558,1.0,1.0,1.0,0.463840399002494,0.5,1.0,0.5786667624366495,0.42133323756335045
262,39,1.0,0.0,1.0,1.0,0.0,0.0,9.0,10.0,3.0,16.0,39.0,0.21,0.0,92.0,1.0,2.0,18.0,3.0,4.83720930232558,1.0,1.0,0.0,0.463840399002494,0.5,1.0,0.7805377384189455,0.21946226158105428
262,40,1.0,0.0,1.0,1.0,3.0,0.0,2.0,12.0,3.0,16.0,39.0,0.21,0.0,92.0,1.0,2.0,18.0,3.0,4.83720930232558,1.0,1.0,0.0,0.463840399002494,0.5,1.0,0.6609268961382133,0.3390731038617866
262,41,15.0,0.0,1.0,1.0,0.0,0.0,2.0,3.0,5.0,16.0,39.0,0.21,0.0,92.0,1.0,2.0,18.0,3.0,4.83720930232558,1.0,1.0,0.0,0.463840399002494,0.5,1.0,0.8445526651863882,0.1554473348136119
262,42,1.0,0.0,1.0,1.0,0.0,0.0,2.0,3.0,3.0,16.0,39.0,0.21,14.0,92.0,1.0,2.0,18.0,3.0,4.83720930232558,29.0,1.0,0.0,0.463840399002494,0.5,1.0,0.8402687877610195,0.15973121223898062
262,43,17.0,0.0,1.0,84.0,0.0,0.0,2.0,3.0,3.0,16.0,39.0,0.21,0.0,92.0,1.0,2.0,18.0,3.0,4.83720930232558,1.0,1.0,0.0,0.463840399002494,0.5,1.0,0.8402675217164328,0.15973247828356738
262,44,1.0,0.0,1.0,1.0,0.0,0.0,2.0,3.0,3.0,16.0,39.0,0.21,0.0,92.0,1.0,2.0,18.0,3.0,4.83720930232558,33.0,1.0,3.0,0.463840399002494,0.5,1.0,0.840270789167187,0.1597292108328129
262,45,1.0,0.0,1.0,1.0,0.0,0.0,2.0,3.0,3.0,16.0,39.0,6.58,14.0,92.0,1.0,2.0,18.0,3.0,4.83720930232558,1.0,1.0,0.0,0.463840399002494,0.5,1.0,0.8410873011632377,0.15891269883676223
262,46,1.0,0.0,1.0,1.0,0.0,0.0,2.0,3.0,20.0,16.0,39.0,0.21,0.0,92.0,1.0,2.0,18.0,3.0,22.6,1.0,1.0,0.0,0.463840399002494,0.5,1.0,0.7667577062550603,0.23324229374493954
262,47,1.0,0.0,1.0,45.0,0.0,0.0,2.0,3.0,3.0,16.0,39.0,0.21,0.0,92.0,1.0,2.0,18.0,3.0,4.83720930232558,1.0,1.0,0.0,0.463840399002494,0.5,1.0,0.8393379151331809,0.16066208486681907
262,48,5.0,17.0,1.0,1.0,0.0,0.0,2.0,3.0,3.0,16.0,39.0,0.21,0.0,92.0,1.0,2.0,18.0,3.0,4.83720930232558,1.0,1.0,0.0,0.463840399002494,0.5,1.0,0.5422950299735994,0.45770497002640076
262,49,1.0,0.0,1.0,24.0,0.0,0.0,2.0,3.0,3.0,16.0,39.0,0.21,0.0,92.0,1.0,2.0,18.0,3.0,4.83720930232558,1.0,1.0,0.0,0.463840399002494,0.5,1.0,0.6943932361374469,0.30560676386255325
262,50,1.0,0.0,1.0,1.0,0.0,0.0,2.0,3.0,3.0,16.0,39.0,0.21,0.0,92.0,1.0,2.0,18.0,3.0,4.83720930232558,15.0,14.0,0.0,0.463840399002494,0.5,1.0,0.8396636508445492,0.16033634915545078
262,51,1.0,0.0,1.0,1.0,0.0,0.0,2.0,3.0,3.0,16.0,39.0,0.21,4.0,92.0,1.0,39.0,18.0,3.0,4.83720930232558,1.0,1.0,0.0,0.463840399002494,0.5,1.0,0.8484841329443206,0.15151586705567927
262,52,1.0,0.0,1.0,1.0,0.0,0.0,2.0,18.0,3.0,16.0,39.0,0.21,0.0,92.0,1.0,2.0,18.0,3.0,4.83720930232558,1.0,1.0,0.0,0.463840399002494,0.8,1.0,0.8515297932912181,0.14847020670878203
262,53,1.0,0.0,0.0,1.0,0.0,0.0,2.0,3.0,3.0,16.0,39.0,0.21,0.0,92.0,1.0,2.0,18.0,3.0,4.83720930232558,1.0,1.0,2.0,0.463840399002494,0.5,1.0,0.8331889059085281,0.16681109409147168
262,54,1.0,0.0,1.0,1.0,0.0,0.0,2.0,3.0,3.0,16.0,39.0,0.21,7.0,92.0,1.0,2.0,18.0,3.0,4.83720930232558,1.0,1.0,0.0,0.463840399002494,0.5,1.0,0.5731471262042491,0.4268528737957509
262,55,1.0,0.0,1.0,1.0,0.0,0.0,2.0,3.0,22.0,16.0,39.0,5.65,0.0,92.0,1.0,2.0,18.0,3.0,4.83720930232558,1.0,1.0,0.0,0.463840399002494,0.5,1.0,0.7143215504019638,0.28567844959803645
262,56,1.0,0.0,1.0,1.0,11.0,0.0,2.0,3.0,3.0,16.0,39.0,0.21,0.0,92.0,1.0,2.0,18.0,3.0,4.83720930232558,14.0,1.0,0.0,0.463840399002494,0.5,1.0,0.8039638062443922,0.1960361937556077
262,57,1.0,0.0,1.0,1.0,0.0,0.0,2.0,3.0,3.0,16.0,39.0,0.21,0.0,87.0,1.0,2.0,18.0,3.0,15.5,1.0,1.0,0.0,0.463840399002494,0.5,1.0,0.6618718358072369,0.3381281641927632
262,58,1.0,25.0,1.0,1.0,11.0,0.0,2.0,3.0,3.0,16.0,39.0,0.21,0.0,92.0,1.0,2.0,18.0,3.0,4.83720930232558,1.0,1.0,0.0,0.463840399002494,0.5,1.0,0.7974868714848596,0.20251312851514036
262,59,1.0,0.0,1.0,1.0,0.0,0.0,2.0,3.0,3.0,16.0,39.0,0.21,0.0,92.0,1.0,2.0,13.0,3.0,4.83720930232558,17.0,1.0,0.0,0.463840399002494,0.5,1.0,0.8326849967875507,0.16731500321244946
262,60,1.0,39.0,1.0,1.0,0.0,0.0,2.0,3.0,3.0,3.0,39.0,0.21,0.0,92.0,1.0,2.0,18.0,3.0,4.83720930232558,1.0,1.0,0.0,0.463840399002494,0.5,1.0,0.8627173582527331,0.1372826417472668
262,61,10.0,0.0,1.0,1.0,0.0,0.0,2.0,3.0,3.0,16.0,39.0,0.21,0.0,92.0,1.0,2.0,18.0,3.0,4.83720930232558,1.0,1.0,0.0,0.463840399002494,0.8,1.0,0.6031275154268658,0.39687248457313423
262,62,1.0,0.0,1.0,1.0,18.0,0.0,2.0,3.0,3.0,16.0,39.0,0.21,0.0,56.0,1.0,2.0,18.0,3.0,4.83720930232558,1.0,1.0,0.0,0.463840399002494,0.5,1.0,0.7956991617122867,0.20430083828771317
262,63,1.0,0.0,1.0,1.0,0.0,0.0,2.0,3.0,3.0,16.0,39.0,0.21,0.0,92.0,2.0,2.0,18.0,3.0,4.83720930232558,1.0,27.0,0.0,0.463840399002494,0.5,1.0,0.856638395098672,0.143361604901328
262,64,1.0,0.0,1.0,1.0,0.0,0.0,2.0,3.0,3.0,16.0,108.0,0.21,10.0,92.0,1.0,2.0,18.0,3.0,4.83720930232558,1.0,1.0,0.0,0.463840399002494,0.5,1.0,0.8069507548685528,0.19304924513144703
262,65,1.0,0.0,1.0,1.0,0.0,0.0,2.0,3.0,3.0,37.0,39.0,0.21,0.0,92.0,1.0,2.0,18.0,3.0,4.83720930232558,1.0,1.0,2.0,0.463840399002494,0.5,1.0,0.8081150227002457,0.19188497729975418
262,66,1.0,0.0,1.0,1.0,0.0,0.0,2.0,10.0,3.0,16.0,39.0,0.21,0.0,92.0,1.0,2.0,18.0,3.0,40.2,1.0,1.0,0.0,0.463840399002494,0.5,1.0,0.8412840440017619,0.15871595599823804
262,67,1.0,0.0,1.0,1.0,0.0,0.0,2.0,18.0,3.0,16.0,39.0,0.21,0.0,92.0,1.0,2.0,18.0,3.0,13.5,1.0,1.0,0.0,0.463840399002494,0.5,1.0,0.8464128460537896,0.15358715394621048
262,68,1.0,0.0,0.0,1.0,0.0,0.0,2.0,3.0,3.0,16.0,105.0,0.21,0.0,92.0,1.0,2.0,18.0,3.0,4.83720930232558,1.0,1.0,0.0,0.463840399002494,0.5,1.0,0.629277136283932,0.3707228637160679
262,69,1.0,0.0,1.0,1.0,0.0,0.0,2.0,3.0,3.0,16.0,39.0,0.21,0.0,12.0,1.0,2.0,18.0,3.0,4.83720930232558,1.0,1.0,1.0,0.463840399002494,0.5,1.0,0.647747795442889,0.35225220455711104
262,70,1.0,0.0,1.0,1.0,0.0,0.0,2.0,3.0,3.0,16.0,39.0,0.21,0.0,92.0,1.0,2.0,18.0,3.0,4.83720930232558,1.0,18.0,0.0,0.463840399002494,0.5,1.0,0.8417527175961683,0.15824728240383162
262,71,1.0,0.0,1.0,1.0,0.0,0.0,2.0,3.0,3.0,16.0,39.0,0.21,0.0,92.0,1.0,2.0,58.0,3.0,4.83720930232558,1.0,1.0,2.0,0.463840399002494,0.5,1.0,0.8119123918053011,0.18808760819469894
262,72,1.0,0.0,1.0,1.0,0.0,0.0,2.0,16.0,3.0,16.0,39.0,0.21,0.0,92.0,1.0,2.0,18.0,3.0,4.83720930232558,1.0,1.0,0.0,0.463840399002494,0.5,1.0,0.8218795249379875,0.17812047506201248
262,73,1.0,0.0,3.0,1.0,0.0,0.0,2.0,3.0,3.0,16.0,39.0,0.21,0.0,92.0,1.0,2.0,18.0,3.0,4.83720930232558,1.0,1.0,2.0,0.463840399002494,0.5,1.0,0.8475745258673779,0.15242547413262197
262,74,1.0,0.0,1.0,1.0,0.0,0.0,2.0,3.0,3.0,16.0,39.0,0.21,0.0,92.0,1.0,4.0,18.0,3.0,4.83720930232558,1.0,22.0,0.0,0.463840399002494,0.5,1.0,0.8523949233623311,0.14760507663766897
262,75,1.0,0.0,1.0,1.0,0.0,0.0,2.0,3.0,3.0,16.0,39.0,7.01,0.0,92.0,1.0,2.0,18.0,3.0,4.83720930232558,1.0,5.0,0.0,0.463840399002494,0.5,1.0,0.7636788944876122,0.2363211055123878
262,76,13.0,0.0,1.0,1.0,0.0,0.0,2.0,3.0,3.0,5.0,39.0,0.21,0.0,92.0,1.0,2.0,18.0,3.0,4.83720930232558,1.0,1.0,0.0,0.463840399002494,0.5,1.0,0.8008957079396724,0.19910429206032768
262,77,1.0,13.0,1.0,1.0,0.0,0.0,2.0,3.0,28.0,16.0,39.0,0.21,0.0,92.0,1.0,2.0,18.0,3.0,4.83720930232558,1.0,1.0,0.0,0.463840399002494,0.5,1.0,0.7321663278898772,0.26783367211012254
262,78,1.0,0.0,1.0,1.0,0.0,0.0,2.0,3.0,3.0,16.0,39.0,0.21,0.0,92.0,1.0,2.0,18.0,3.0,36.5,1.0,2.0,0.0,0.463840399002494,0.5,1.0,0.8591445034275349,0.14085549657246513
262,79,1.0,0.0,2.0,1.0,0.0,0.0,2.0,3.0,3.0,16.0,39.0,0.21,0.0,92.0,1.0,2.0,18.0,3.0,4.83720930232558,36.0,1.0,0.0,0.463840399002494,0.5,1.0,0.8403227062006193,0.15967729379938098
262,80,1.0,0.0,1.0,32.0,0.0,0.0,2.0,3.0,3.0,16.0,39.0,0.21,0.0,92.0,1.0,2.0,18.0,3.0,38.7,1.0,1.0,0.0,0.463840399002494,0.5,1.0,0.8405196475077126,0.15948035249228748
262,81,1.0,0.0,1.0,1.0,0.0,0.0,2.0,3.0,3.0,16.0,39.0,0.21,0.0,92.0,1.0,2.0,18.0,3.0,4.83720930232558,30.0,16.0,0.0,0.463840399002494,0.5,1.0,0.8403257451201632,0.15967425487983708
262,82,1.0,0.0,1.0,1.0,0.0,0.0,2.0,3.0,3.0,16.0,39.0,0.21,0.0,92.0,1.0,2.0,18.0,3.0,4.83720930232558,1.0,32.0,0.0,0.463840399002494,0.4,1.0,0.8535004248669289,0.14649957513307102
262,83,1.0,0.0,1.0,61.0,0.0,0.0,2.0,3.0,3.0,16.0,22.0,0.21,0.0,92.0,1.0,2.0,18.0,3.0,4.83720930232558,1.0,1.0,0.0,0.463840399002494,0.5,1.0,0.8402801541496923,0.15971984585030752
262,84,1.0,0.0,1.0,1.0,0.0,0.0,2.0,3.0,3.0,16.0,39.0,6.47,0.0,92.0,1.0,2.0,18.0,6.0,4.83720930232558,1.0,1.0,0.0,0.463840399002494,0.5,1.0,0.5995474249191135,0.40045257508088644
262,85,1.0,0.0,1.0,1.0,0.0,0.0,2.0,3.0,3.0,16.0,39.0,0.21,0.0,92.0,1.0,2.0,18.0,9.0,4.83720930232558,1.0,34.0,0.0,0.463840399002494,0.5,1.0,0.8402241112921444,0.1597758887078558
262,86,1.0,0.0,1.0,1.0,0.0,0.0,2.0,3.0,3.0,16.0,39.0,0.21,9.0,92.0,1.0,2.0,18.0,3.0,4.83720930232558,15.0,1.0,0.0,0.463840399002494,0.5,1.0,0.8263380348301401,0.17366196516986004
262,87,1.0,0.0,1.0,4.0,16.0,0.0,2.0,3.0,3.0,16.0,39.0,0.21,0.0,92.0,1.0,2.0,18.0,3.0,4.83720930232558,1.0,1.0,0.0,0.463840399002494,0.5,1.0,0.7648067741010907,0.2351932258989093
262,88,1.0,0.0,3.0,1.0,0.0,0.0,2.0,1.0,3.0,16.0,39.0,0.21,0.0,92.0,1.0,2.0,18.0,3.0,4.83720930232558,1.0,1.0,0.0,0.463840399002494,0.5,1.0,0.5427071359951176,0.4572928640048824
262,89,1.0,36.0,1.0,1.0,0.0,0.0,2.0,3.0,3.0,16.0,39.0,0.21,0.0,92.0,1.0,2.0,18.0,3.0,4.83720930232558,1.0,35.0,0.0,0.463840399002494,0.5,1.0,0.8404322965465336,0.15956770345346621
262,90,1.0,0.0,1.0,1.0,0.0,0.0,2.0,3.0,3.0,16.0,131.0,0.21,0.0,92.0,1.0,2.0,18.0,3.0,22.3,1.0,1.0,0.0,0.463840399002494,0.5,1.0,0.7524235264186502,0.24757647358135013
262,91,1.0,0.0,1.0,1.0,0.0,0.0,2.0,3.0,3.0,16.0,39.0,3.5,0.0,92.0,1.0,2.0,18.0,3.0,4.83720930232558,9.0,1.0,0.0,0.463840399002494,0.5,1.0,0.719704981648491,0.28029501835150916
262,92,1.0,0.0,1.0,1.0,0.0,0.0,2.0,3.0,3.0,16.0,39.0,0.19,0.0,92.0,1.0,46.0,18.0,3.0,4.83720930232558,1.0,1.0,0.0,0.463840399002494,0.5,1.0,0.8470797731481581,0.15292022685184184
262,93,1.0,0.0,1.0,1.0,0.0,0.0,2.0,3.0,3.0,16.0,39.0,0.21,0.0,92.0,1.0,2.0,18.0,3.0,27.4,1.0,1.0,0.0,0.463840399002494,0.5,1.0,0.8691548667400257,0.13084513325997424
262,94,1.0,0.0,1.0,18.0,0.0,0.0,2.0,3.0,3.0,16.0,39.0,0.21,0.0,92.0,1.0,2.0,18.0,3.0,4.83720930232558,1.0,1.0,0.0,0.463840399002494,0.5,1.0,0.5167254605593032,0.48327453944069665
262,95,1.0,0.0,1.0,1.0,0.0,0.0,2.0,3.0,3.0,16.0,39.0,0.21,0.0,92.0,6.0,2.0,18.0,3.0,4.83720930232558,1.0,12.0,0.0,0.463840399002494,0.5,1.0,0.7177556503224011,0.2822443496775988
262,96,1.0,0.0,1.0,1.0,0.0,0.0,2.0,9.0,3.0,16.0,39.0,0.21,0.0,92.0,1.0,2.0,18.0,3.0,37.5,1.0,1.0,0.0,0.463840399002494,0.5,1.0,0.842722782967064,0.15727721703293587
262,97,1.0,0.0,1.0,1.0,18.0,0.0,2.0,3.0,3.0,16.0,39.0,0.21,0.0,92.0,8.0,2.0,18.0,3.0,4.83720930232558,1.0,1.0,0.0,0.463840399002494,0.5,1.0,0.8101660734254805,0.18983392657451967
262,98,1.0,0.0,1.0,1.0,0.0,0.0,2.0,3.0,3.0,16.0,39.0,0.21,0.0,92.0,1.0,27.0,18.0,3.0,4.83720930232558,1.0,1.0,0.0,0.463840399002494,1.0,1.0,0.8410023275530186,0.1589976724469812
523,0,2.0,0.0,1.0,2.0,44.0,1.0,3.0,10.0,29.0,37.0,39.0,0.14,0.0,93.0,1.0,2.0,42.0,2.0,4.25714285714286,0.0,0.0,3.0,0.417142857142857,0.666666666666667,1.0,0.8402674166562519,0.15973258334374804
523,1,2.0,0.0,1.0,2.0,1.0,1.0,3.0,10.0,29.0,37.0,39.0,3.13,0.0,93.0,1.0,2.0,42.0,2.0,4.25714285714286,0.0,28.0,0.0,0.417142857142857,0.666666666666667,1.0,0.8361967921962088,0.16380320780379143
523,2,2.0,0.0,1.0,52.0,1.0,1.0,10.0,10.0,29.0,37.0,39.0,0.14,0.0,93.0,1.0,2.0,42.0,2.0,4.25714285714286,0.0,0.0,0.0,0.417142857142857,0.666666666666667,1.0,0.8402672176805672,0.15973278231943278
523,3,2.0,0.0,1.0,2.0,1.0,1.0,6.0,10.0,29.0,37.0,39.0,0.14,0.0,93.0,1.0,2.0,42.0,2.0,4.25714285714286,0.0,0.0,1.0,0.417142857142857,0.666666666666667,1.0,0.636988325761529,0.3630116742384711
523,4,2.0,44.0,1.0,2.0,5.0,1.0,3.0,10.0,29.0,37.0,39.0,0.14,0.0,93.0,1.0,2.0,42.0,2.0,4.25714285714286,0.0,0.0,0.0,0.417142857142857,0.666666666666667,1.0,0.839345761567223,0.16065423843277696
523,5,2.0,0.0,1.0,2.0,1.0,17.0,3.0,10.0,29.0,37.0,39.0,0.14,0.0,93.0,1.0,5.0,42.0,2.0,4.25714285714286,0.0,0.0,0.0,0.417142857142857,0.666666666666667,1.0,0.7332257985244214,0.2667742014755786
523,6,2.0,0.0,1.0,2.0,1.0,1.0,3.0,10.0,29.0,37.0,39.0,0.14,0.0,93.0,1.0,2.0,42.0,2.0,46.2,0.0,0.0,3.0,0.417142857142857,0.666666666666667,1.0,0.8402673505213024,0.15973264947869747
523,7,2.0,10.0,1.0,2.0,1.0,1.0,3.0,10.0,29.0,37.0,89.0,0.14,0.0,93.0,1.0,2.0,42.0,2.0,4.25714285714286,0.0,0.0,0.0,0.417142857142857,0.666666666666667,1.0,0.5396990036093989,0.46030099639060096
523,8,2.0,0.0,1.0,2.0,1.0,1.0,3.0,10.0,29.0,37.0,39.0,0.14,0.0,93.0,4.0,2.0,42.0,2.0,4.25714285714286,0.0,0.0,3.0,0.417142857142857,0.666666666666667,1.0,0.8399351807305676,0.16006481926943236
523,9,2.0,0.0,1.0,2.0,1.0,1.0,3.0,10.0,29.0,37.0,39.0,0.14,0.0,93.0,1.0,2.0,42.0,2.0,4.25714285714286,0.0,0.0,1.0,0.9,0.666666666666667,1.0,0.5985361503730703,0.4014638496269297
523,10,2.0,0.0,1.0,2.0,1.0,1.0,3.0,10.0,29.0,37.0,39.0,0.14,0.0,93.0,1.0,2.0,60.0,2.0,4.25714285714286,0.0,0.0,2.0,0.417142857142857,0.666666666666667,1.0,0.8252759581645106,0.1747240418354896
523,11,2.0,0.0,1.0,2.0,4.0,1.0,3.0,10.0,29.0,37.0,39.0,0.14,0.0,93.0,1.0,2.0,42.0,2.0,4.25714285714286,16.0,0.0,0.0,0.417142857142857,0.666666666666667,1.0,0.801740155322688,0.19825984467731186
523,12,2.0,0.0,1.0,2.0,1.0,1.0,3.0,10.0,29.0,37.0,39.0,0.14,0.0,15.0,1.0,2.0,42.0,2.0,4.25714285714286,0.0,0.0,1.0,0.417142857142857,0.666666666666667,1.0,0.5791671738331898,0.4208328261668101
523,13,2.0,0.0,1.0,2.0,1.0,1.0,3.0,10.0,29.0,37.0,39.0,0.14,0.0,93.0,1.0,18.0,42.0,2.0,4.25714285714286,0.0,21.0,0.0,0.417142857142857,0.666666666666667,1.0,0.8286504638185882,0.1713495361814119
523,14,2.0,0.0,1.0,2.0,1.0,1.0,3.0,10.0,29.0,37.0,0.0,0.14,0.0,93.0,1.0,2.0,42.0,2.0,4.25714285714286,0.0,5.0,0.0,0.417142857142857,0.666666666666667,1.0,0.5439768370580812,0.45602316294191875
523,15,2.0,0.0,1.0,2.0,1.0,13.0,3.0,10.0,29.0,37.0,39.0,0.14,0.0,93.0,1.0,2.0,42.0,2.0,4.25714285714286,6.0,0.0,0.0,0.417142857142857,0.666666666666667,1.0,0.6591016080568569,0.3408983919431431
523,16,2.0,0.0,1.0,2.0,1.0,1.0,3.0,10.0,18.0,37.0,39.0,0.14,0.0,93.0,1.0,2.0,42.0,2.0,4.25714285714286,0.0,38.0,0.0,0.417142857142857,0.666666666666667,1.0,0.8401487200286805,0.15985127997131954
523,17,13.0,0.0,1.0,23.0,1.0,1.0,3.0,10.0,29.0,37.0,39.0,0.14,0.0,93.0,1.0,2.0,42.0,2.0,4.25714285714286,0.0,0.0,0.0,0.417142857142857,0.666666666666667,1.0,0.8381975904718378,0.16180240952816216
523,18,2.0,0.0,1.0,2.0,1.0,1.0,3.0,10.0,29.0,37.0,39.0,0.14,0.0,93.0,1.0,2.0,42.0,2.0,4.25714285714286,0.0,25.0,0.0,0.417142857142857,0.666666666666667,0.0,0.8264572848312443,0.17354271516875588
523,19,2.0,0.0,1.0,2.0,1.0,14.0,3.0,10.0,29.0,37.0,39.0,0.14,0.0,93.0,1.0,2.0,70.0,2.0,4.25714285714286,0.0,0.0,0.0,0.417142857142857,0.666666666666667,1.0,0.7503382305853692,0.24966176941463109
523,20,2.0,0.0,1.0,2.0,1.0,1.0,1.0,10.0,29.0,37.0,39.0,0.14,0.0,93.0,1.0,2.0,10.0,2.0,4.25714285714286,0.0,0.0,0.0,0.417142857142857,0.666666666666667,1.0,0.6551223625957463,0.3448776374042537
523,21,2.0,0.0,4.0,2.0,1.0,1.0,3.0,10.0,29.0,37.0,39.0,0.14,0.0,93.0,1.0,2.0,42.0,2.0,41.6,0.0,0.0,0.0,0.417142857142857,0.666666666666667,1.0,0.8402493712945501,0.15975062870544982
523,22,2.0,0.0,1.0,83.0,1.0,1.0,3.0,10.0,29.0,37.0,39.0,0.14,0.0,93.0,1.0,2.0,42.0,2.0,4.25714285714286,0.0,0.0,0.0,0.3,0.666666666666667,1.0,0.8402677753167184,0.15973222468328163
523,23,2.0,0.0,1.0,57.0,24.0,1.0,3.0,10.0,29.0,37.0,39.0,0.14,0.0,93.0,1.0,2.0,42.0,2.0,4.25714285714286,0.0,0.0,0.0,0.417142857142857,0.666666666666667,1.0,0.840267416031224,0.15973258396877615
523,24,2.0,35.0,1.0,2.0,1.0,1.0,3.0,10.0,29.0,37.0,39.0,0.14,0.0,93.0,1.0,2.0,42.0,2.0,4.25714285714286,0.0,0.0,0.0,0.417142857142857,0.666666666666667,1.0,0.8286941013106565,0.17130589868934362
523,25,2.0,0.0,0.0,2.0,1.0,1.0,3.0,10.0,29.0,37.0,39.0,0.14,0.0,93.0,1.0,2.0,1.0,2.0,4.25714285714286,0.0,0.0,0.0,0.417142857142857,0.666666666666667,1.0,0.7728530964783328,0.22714690352166725
523,26,2.0,0.0,1.0,2.0,1.0,1.0,3.0,10.0,29.0,37.0,39.0,0.14,0.0,93.0,1.0,2.0,29.0,2.0,24.2,0.0,0.0,0.0,0.417142857142857,0.666666666666667,1.0,0.7728517949566107,0.22714820504338923
523,27,2.0,0.0,1.0,2.0,1.0,1.0,3.0,10.0,29.0,37.0,39.0,0.14,0.0,93.0,1.0,2.0,8.0,2.0,4.25714285714286,0.0,0.0,0.0,0.417142857142857,0.666666666666667,1.0,0.6343065744057269,0.3656934255942731
523,28,2.0,0.0,1.0,2.0,1.0,1.0,3.0,10.0,29.0,40.0,39.0,0.14,0.0,93.0,1.0,2.0,14.0,2.0,4.25714285714286,0.0,0.0,0.0,0.417142857142857,0.666666666666667,1.0,0.5214503546587712,0.4785496453412289
523,29,2.0,0.0,1.0,2.0,1.0,1.0,3.0,10.0,29.0,23.0,39.0,0.14,0.0,93.0,1.0,2.0,42.0,2.0,4.25714285714286,0.0,17.0,0.0,0.417142857142857,0.666666666666667,1.0,0.7603106459629686,0.23968935403703148
523,30,2.0,0.0,1.0,2.0,11.0,1.0,1.0,10.0,29.0,37.0,39.0,0.14,0.0,93.0,1.0,2.0,42.0,2.0,4.25714285714286,0.0,0.0,0.0,0.417142857142857,0.666666666666667,1.0,0.7405801306148916,0.2594198693851085
523,31,2.0,22.0,1.0,2.0,1.0,1.0,3.0,10.0,29.0,37.0,39.0,0.14,0.0,93.0,1.0,2.0,42.0,2.0,4.25714285714286,0.0,0.0,0.0,0.417142857142857,0.666666666666667,2.0,0.735351609592348,0.2646483904076521
523,32,2.0,0.0,1.0,2.0,1.0,1.0,3.0,10.0,29.0,37.0,39.0,0.14,0.0,82.0,1.0,2.0,42.0,6.0,4.25714285714286,0.0,0.0,0.0,0.417142857142857,0.666666666666667,1.0,0.5428731910675559,0.4571268089324441
523,33,2.0,0.0,1.0,2.0,1.0,1.0,3.0,10.0,29.0,10.0,39.0,0.14,0.0,93.0,1.0,2.0,42.0,2.0,4.25714285714286,0.0,0.0,0.0,0.417142857142857,1.1,1.0,0.5488258166626582,0.4511741833373418
523,34,2.0,22.0,1.0,2.0,1.0,5.0,3.0,10.0,29.0,37.0,39.0,0.14,0.0,93.0,1.0,2.0,42.0,2.0,4.25714285714286,0.0,0.0,0.0,0.417142857142857,0.666666666666667,1.0,0.7134837784002709,0.286516221599729
523,35,2.0,26.0,1.0,2.0,1.0,1.0,3.0,10.0,29.0,37.0,39.0,0.14,0.0,93.0,1.0,2.0,42.0,2.0,4.25714285714286,0.0,0.0,0.0,0.417142857142857,0.5,1.0,0.7729268982183561,0.2270731017816439
523,36,2.0,0.0,1.0,2.0,1.0,1.0,3.0,10.0,29.0,37.0,39.0,0.14,0.0,93.0,1.0,43.0,42.0,2.0,4.25714285714286,9.0,0.0,0.0,0.417142857142857,0.666666666666667,1.0,0.8403120178381006,0.15968798216189953
523,37,2.0,0.0,1.0,2.0,1.0,1.0,3.0,10.0,29.0,37.0,100.0,0.14,0.0,93.0,1.0,2.0,8.0,2.0,4.25714285714286,0.0,0.0,0.0,0.417142857142857,0.666666666666667,1.0,0.7706794866964637,0.2293205133035365
523,38,2.0,0.0,1.0,2.0,1.0,1.0,3.0,10.0,29.0,67.0,39.0,0.14,0.0,93.0,1.0,2.0,42.0,2.0,4.25714285714286,16.0,0.0,0.0,0.417142857142857,0.666666666666667,1.0,0.8294477059247904,0.17055229407520967
523,39,2.0,0.0,1.0,2.0,1.0,1.0,3.0,10.0,0.0,37.0,39.0,0.14,0.0,93.0,1.0,2.0,42.0,2.0,15.0,0.0,0.0,0.0,0.417142857142857,0.666666666666667,1.0,0.6174066476661154,0.3825933523338846
523,40,2.0,0.0,1.0,2.0,1.0,9.0,3.0,10.0,29.0,37.0,39.0,0.14,0.0,93.0,1.0,2.0,42.0,2.0,47.7,0.0,0.0,0.0,0.417142857142857,0.666666666666667,1.0,0.840240349835121,0.15975965016487895
523,41,2.0,24.0,1.0,2.0,1.0,1.0,3.0,13.0,29.0,37.0,39.0,0.14,0.0,93.0,1.0,2.0,42.0,2.0,4.25714285714286,0.0,0.0,0.0,0.417142857142857,0.666666666666667,1.0,0.7724214313550797,0.22757856864492038
523,42,14.0,0.0,1.0,2.0,1.0,1.0,3.0,10.0,29.0,37.0,39.0,0.14,0.0,93.0,1.0,2.0,42.0,2.0,12.2,0.0,0.0,0.0,0.417142857142857,0.666666666666667,1.0,0.8319481032137681,0.168051896786232
523,43,2.0,0.0,3.0,2.0,1.0,1.0,3.0,10.0,29.0,37.0,39.0,0.14,0.0,64.0,1.0,2.0,42.0,2.0,4.25714285714286,0.0,0.0,0.0,0.417142857142857,0.666666666666667,1.0,0.706371459613193,0.293628540386807
523,44,2.0,0.0,1.0,2.0,1.0,1.0,3.0,10.0,29.0,37.0,39.0,0.14,15.0,93.0,1.0,2.0,44.0,2.0,4.25714285714286,0.0,0.0,0.0,0.417142857142857,0.666666666666667,1.0,0.8377349888619589,0.16226501113804115
523,45,2.0,37.0,1.0,2.0,1.0,1.0,3.0,10.0,29.0,37.0,39.0,0.14,0.0,93.0,1.0,2.0,42.0,2.0,4.25714285714286,0.0,0.0,0.0,0.417142857142857,0.666666666666667,1.0,0.8329302807948428,0.167069719205157
523,46,17.0,0.0,1.0,2.0,1.0,2.0,3.0,10.0,29.0,37.0,39.0,0.14,0.0,93.0,1.0,2.0,42.0,2.0,4.25714285714286,0.0,0.0,0.0,0.417142857142857,0.666666666666667,1.0,0.8390923123855477,0.1609076876144521
523,47,2.0,0.0,1.0,2.0,1.0,1.0,3.0,10.0,29.0,37.0,39.0,0.14,0.0,93.0,1.0,2.0,42.0,5.0,34.5,0.0,0.0,0.0,0.417142857142857,0.666666666666667,1.0,0.8366813840741231,0.1633186159258769
523,48,2.0,0.0,1.0,2.0,1.0,1.0,3.0,4.0,29.0,37.0,39.0,0.14,0.0,93.0,1.0,2.0,42.0,2.0,38.4,0.0,0.0,0.0,0.417142857142857,0.666666666666667,1.0,0.8400921558664665,0.1599078441335334
523,49,2.0,0.0,1.0,2.0,1.0,1.0,3.0,10.0,29.0,37.0,39.0,0.14,0.0,93.0,1.0,21.0,42.0,2.0,4.25714285714286,0.0,0.0,0.0,0.8,0.666666666666667,1.0,0.7497592096894306,0.25024079031056934
523,50,2.0,0.0,1.0,2.0,1.0,8.0,3.0,10.0,29.0,37.0,39.0,0.14,0.0,93.0,1.0,36.0,42.0,2.0,4.25714285714286,0.0,0.0,0.0,0.417142857142857,0.666666666666667,1.0,0.8389072838190015,0.16109271618099846
523,51,2.0,0.0,1.0,2.0,1.0,1.0,3.0,10.0,26.0,7.0,39.0,0.14,0.0,93.0,1.0,2.0,42.0,2.0,4.25714285714286,0.0,0.0,0.0,0.417142857142857,0.666666666666667,1.0,0.5836802140140005,0.4163197859859995
523,52,2.0,0.0,1.0,2.0,1.0,1.0,3.0,14.0,29.0,37.0,39.0,0.14,0.0,93.0,5.0,2.0,42.0,2.0,4.25714285714286,0.0,0.0,0.0,0.417142857142857,0.666666666666667,1.0,0.5275287663973536,0.4724712336026463
523,53,2.0,0.0,1.0,2.0,1.0,1.0,3.0,10.0,29.0,37.0,39.0,0.14,0.0,93.0,1.0,43.0,42.0,2.0,4.25714285714286,0.0,0.0,0.0,0.417142857142857,0.666666666666667,4.0,0.8402789474468089,0.15972105255319116
523,54,2.0,0.0,0.0,2.0,1.0,1.0,3.0,10.0,29.0,37.0,39.0,0.14,0.0,93.0,1.0,2.0,42.0,2.0,4.25714285714286,0.0,0.0,2.0,0.417142857142857,0.666666666666667,1.0,0.8262856445772595,0.1737143554227406
523,55,2.0,0.0,1.0,2.0,1.0,1.0,3.0,10.0,29.0,37.0,39.0,0.14,0.0,93.0,1.0,23.0,42.0,2.0,4.25714285714286,0.0,0.0,0.0,0.417142857142857,0.666666666666667,1.0,0.7721835636672822,0.22781643633271756
523,56,2.0,0.0,1.0,2.0,1.0,1.0,3.0,10.0,29.0,37.0,125.0,0.14,0.0,93.0,1.0,28.0,42.0,2.0,4.25714285714286,0.0,0.0,0.0,0.417142857142857,0.666666666666667,1.0,0.8366278223325009,0.1633721776674991
523,57,2.0,0.0,1.0,2.0,1.0,1.0,3.0,10.0,29.0,37.0,39.0,0.14,0.0,93.0,1.0,2.0,42.0,2.0,13.7,0.0,14.0,0.0,0.417142857142857,0.666666666666667,1.0,0.716754222534262,0.28324577746573804
523,58,2.0,0.0,1.0,2.0,1.0,1.0,3.0,10.0,29.0,37.0,39.0,0.14,0.0,93.0,1.0,2.0,42.0,2.0,30.0,0.0,0.0,0.0,0.417142857142857,0.666666666666667,1.0,0.820307029118111,0.17969297088188893
523,59,2.0,0.0,1.0,2.0,1.0,1.0,3.0,10.0,29.0,37.0,39.0,0.14,0.0,93.0,1.0,39.0,42.0,2.0,4.25714285714286,0.0,0.0,0.0,0.417142857142857,0.666666666666667,1.0,0.8397367007160643,0.16026329928393573
523,60,2.0,0.0,4.0,2.0,1.0,1.0,3.0,10.0,29.0,37.0,39.0,0.14,0.0,93.0,7.0,2.0,42.0,2.0,4.25714285714286,0.0,0.0,0.0,0.417142857142857,0.666666666666667,1.0,0.830380617026245,0.16961938297375503
523,61,2.0,0.0,1.0,2.0,1.0,1.0,3.0,6.0,29.0,37.0,39.0,0.14,11.0,93.0,1.0,2.0,42.0,2.0,4.25714285714286,0.0,0.0,0.0,0.417142857142857,0.666666666666667,1.0,0.810330937412432,0.1896690625875679
523,62,2.0,0.0,1.0,2.0,1.0,1.0,3.0,10.0,29.0,37.0,47.0,0.14,0.0,93.0,1.0,2.0,42.0,2.0,4.25714285714286,20.0,0.0,0.0,0.417142857142857,0.666666666666667,1.0,0.8295042736416162,0.17049572635838378
523,63,2.0,0.0,1.0,2.0,37.0,1.0,3.0,10.0,26.0,37.0,39.0,0.14,0.0,93.0,1.0,2.0,42.0,2.0,4.25714285714286,0.0,0.0,0.0,0.417142857142857,0.666666666666667,1.0,0.8402632461744725,0.15973675382552774
523,64,8.0,0.0,1.0,2.0,1.0,1.0,3.0,8.0,29.0,37.0,39.0,0.14,0.0,93.0,1.0,2.0,42.0,2.0,4.25714285714286,0.0,0.0,0.0,0.417142857142857,0.666666666666667,1.0,0.5533874457645258,0.4466125542354742
523,65,2.0,0.0,4.0,2.0,45.0,1.0,3.0,10.0,29.0,37.0,39.0,0.14,0.0,93.0,1.0,2.0,42.0,2.0,4.25714285714286,0.0,0.0,0.0,0.417142857142857,0.666666666666667,1.0,0.8402675365962993,0.15973246340370068
523,66,2.0,0.0,1.0,2.0,1.0,1.0,13.0,10.0,29.0,37.0,39.0,0.14,0.0,93.0,1.0,12.0,42.0,2.0,4.25714285714286,0.0,0.0,0.0,0.417142857142857,0.666666666666667,1.0,0.8359799327134168,0.16402006728658322
523,67,11.0,0.0,1.0,2.0,18.0,1.0,3.0,10.0,29.0,37.0,39.0,0.14,0.0,93.0,1.0,2.0,42.0,2.0,4.25714285714286,0.0,0.0,0.0,0.417142857142857,0.666666666666667,1.0,0.8396805319319085,0.16031946806809136
523,68,2.0,1.0,1.0,2.0,1.0,1.0,3.0,10.0,29.0,37.0,39.0,0.14,6.0,93.0,1.0,2.0,42.0,2.0,4.25714285714286,0.0,0.0,0.0,0.417142857142857,0.666666666666667,1.0,0.5406399068008648,0.4593600931991353
523,69,2.0,0.0,1.0,13.0,1.0,1.0,3.0,10.0,29.0,37.0,39.0,0.14,0.0,93.0,1.0,2.0,42.0,2.0,4.25714285714286,0.0,0.0,0.0,0.417142857142857,0.2,1.0,0.5231771688923018,0.476822831107698
523,70,2.0,0.0,1.0,2.0,1.0,1.0,3.0,10.0,29.0,37.0,39.0,0.14,0.0,93.0,1.0,2.0,42.0,2.0,38.0,0.0,9.0,0.0,0.417142857142857,0.666666666666667,1.0,0.8391088588264243,0.16089114117357597
523,71,2.0,0.0,1.0,2.0,1.0,1.0,3.0,16.0,29.0,37.0,39.0,0.14,0.0,93.0,8.0,2.0,42.0,2.0,4.25714285714286,0.0,0.0,0.0,0.417142857142857,0.666666666666667,1.0,0.7634842030951212,0.23651579690487853
523,72,2.0,0.0,1.0,2.0,1.0,1.0,3.0,10.0,29.0,37.0,39.0,0.14,0.0,93.0,1.0,2.0,42.0,2.0,10.4,27.0,0.0,0.0,0.417142857142857,0.666666666666667,1.0,0.8398722888689352,0.1601277111310647
523,73,2.0,0.0,1.0,2.0,1.0,1.0,3.0,10.0,29.0,37.0,39.0,0.14,0.0,93.0,1.0,38.0,42.0,2.0,4.25714285714286,0.0,0.0,0.0,0.417142857142857,1.0,1.0,0.8393709357286121,0.1606290642713879
523,74,2.0,0.0,1.0,89.0,1.0,1.0,3.0,10.0,29.0,37.0,39.0,0.14,0.0,93.0,1.0,1.0,42.0,2.0,4.25714285714286,0.0,0.0,0.0,0.417142857142857,0.666666666666667,1.0,0.8402682171426435,0.15973178285735662
523,75,2.0,0.0,1.0,2.0,1.0,1.0,3.0,10.0,29.0,37.0,81.0,0.14,0.0,93.0,1.0,2.0,42.0,2.0,4.25714285714286,0.0,28.0,0.0,0.417142857142857,0.666666666666667,1.0,0.8365981369243383,0.16340186307566174
523,76,2.0,0.0,1.0,2.0,1.0,1.0,3.0,10.0,29.0,37.0,39.0,0.14,0.0,93.0,1.0,2.0,42.0,2.0,4.25714285714286,27.0,0.0,0.0,0.417142857142857,0.666666666666667,1.0,0.8398049237611113,0.16019507623888876
523,77,2.0,0.0,1.0,2.0,1.0,1.0,11.0,10.0,29.0,37.0,39.0,0.14,0.0,93.0,1.0,2.0,42.0,2.0,4.25714285714286,0.0,0.0,0.0,0.417142857142857,0.4,1.0,0.8086508797749299,0.19134912022507003
523,78,2.0,0.0,1.0,2.0,1.0,8.0,3.0,10.0,29.0,37.0,39.0,0.14,0.0,93.0,1.0,2.0,16.0,2.0,4.25714285714286,0.0,0.0,0.0,0.417142857142857,0.666666666666667,1.0,0.5877741222628663,0.41222587773713365
523,79,2.0,0.0,1.0,2.0,1.0,1.0,3.0,10.0,29.0,37.0,28.0,0.14,0.0,93.0,1.0,2.0,42.0,2.0,4.25714285714286,0.0,0.0,0.0,0.417142857142857,0.666666666666667,3.0,0.5253598330660072,0.4746401669339928
523,80,2.0,0.0,1.0,2.0,1.0,1.0,3.0,10.0,29.0,37.0,39.0,0.14,0.0,93.0,1.0,2.0,42.0,2.0,4.25714285714286,0.0,0.0,0.0,0.8,0.666666666666667,4.0,0.6989586815541488,0.3010413184458512
523,81,2.0,0.0,1.0,2.0,1.0,1.0,3.0,10.0,29.0,37.0,39.0,0.14,0.0,93.0,1.0,2.0,42.0,9.0,4.25714285714286,0.0,0.0,0.0,0.4,0.666666666666667,1.0,0.7977547538746468,0.2022452461253532
523,82,2.0,0.0,1.0,2.0,18.0,1.0,3.0,10.0,29.0,37.0,39.0,0.14,0.0,56.0,1.0,2.0,42.0,2.0,4.25714285714286,0.0,0.0,0.0,0.417142857142857,0.666666666666667,1.0,0.8340834682018788,0.16591653179812116
523,83,2.0,0.0,1.0,2.0,1.0,1.0,3.0,10.0,29.0,3.0,39.0,0.14,0.0,93.0,1.0,2.0,20.0,2.0,4.25714285714286,0.0,0.0,0.0,0.417142857142857,0.666666666666667,1.0,0.7960599967058386,0.2039400032941613
523,84,2.0,0.0,1.0,2.0,1.0,1.0,3.0,10.0,29.0,37.0,39.0,0.14,0.0,93.0,1.0,2.0,42.0,6.0,4.25714285714286,0.0,7.0,0.0,0.417142857142857,0.666666666666667,1.0,0.6266322418859854,0.3733677581140144
523,85,2.0,0.0,1.0,2.0,39.0,6.0,3.0,10.0,29.0,37.0,39.0,0.14,0.0,93.0,1.0,2.0,42.0,2.0,4.25714285714286,0.0,0.0,0.0,0.417142857142857,0.666666666666667,1.0,0.8402681188426805,0.15973188115731943
523,86,2.0,0.0,1.0,2.0,1.0,1.0,6.0,10.0,29.0,37.0,3.0,0.14,0.0,93.0,1.0,2.0,42.0,2.0,4.25714285714286,0.0,0.0,0.0,0.417142857142857,0.666666666666667,1.0,0.5680807556214218,0.4319192443785782
523,87,2.0,0.0,1.0,2.0,1.0,16.0,3.0,10.0,29.0,37.0,39.0,0.14,15.0,93.0,1.0,2.0,42.0,2.0,4.25714285714286,0.0,0.0,0.0,0.417142857142857,0.666666666666667,1.0,0.8396766597015821,0.16032334029841785
523,88,2.0,0.0,1.0,2.0,1.0,1.0,3.0,10.0,29.0,37.0,39.0,0.14,0.0,93.0,1.0,2.0,42.0,2.0,4.25714285714286,15.0,0.0,1.0,0.417142857142857,0.666666666666667,1.0,0.8137266431195561,0.18627335688044377
523,89,2.0,0.0,3.0,2.0,1.0,1.0,3.0,10.0,29.0,37.0,39.0,0.14,3.0,93.0,1.0,2.0,42.0,2.0,4.25714285714286,0.0,0.0,0.0,0.417142857142857,0.666666666666667,1.0,0.7335870913367669,0.2664129086632332
523,90,2.0,29.0,1.0,2.0,1.0,1.0,3.0,10.0,29.0,37.0,39.0,0.14,0.0,93.0,1.0,2.0,42.0,2.0,4.25714285714286,0.0,0.0,0.0,0.417142857142857,0.666666666666667,1.0,0.8001229532864936,0.19987704671350648
523,91,2.0,0.0,1.0,2.0,1.0,1.0,5.0,10.0,29.0,37.0,39.0,0.14,0.0,93.0,1.0,2.0,42.0,2.0,24.9,0.0,0.0,0.0,0.417142857142857,0.666666666666667,1.0,0.7826366508955037,0.2173633491044964
523,92,2.0,0.0,1.0,2.0,1.0,1.0,11.0,10.0,29.0,37.0,39.0,1.79,0.0,93.0,1.0,2.0,42.0,2.0,4.25714285714286,0.0,0.0,0.0,0.417142857142857,0.666666666666667,1.0,0.8088772622503142,0.19112273774968577
523,93,2.0,0.0,1.0,2.0,1.0,1.0,3.0,10.0,17.0,60.0,39.0,0.14,0.0,93.0,1.0,2.0,42.0,2.0,4.25714285714286,0.0,0.0,0.0,0.417142857142857,0.666666666666667,1.0,0.5708545423699398,0.4291454576300603
523,94,2.0,0.0,1.0,2.0,1.0,1.0,3.0,10.0,29.0,37.0,108.0,0.14,0.0,93.0,1.0,2.0,42.0,2.0,4.25714285714286,0.0,0.0,0.0,0.417142857142857,0.666666666666667,1.0,0.6178160553245409,0.38218394467545924
523,95,12.0,0.0,2.0,2.0,1.0,1.0,3.0,10.0,29.0,37.0,39.0,0.14,0.0,93.0,1.0,2.0,42.0,2.0,4.25714285714286,0.0,0.0,0.0,0.417142857142857,0.666666666666667,1.0,0.8137615097084286,0.18623849029157144
523,96,2.0,0.0,4.0,2.0,1.0,1.0,3.0,10.0,29.0,37.0,131.0,0.14,0.0,93.0,1.0,2.0,42.0,2.0,4.25714285714286,0.0,0.0,0.0,0.417142857142857,0.666666666666667,1.0,0.8374511520176737,0.1625488479823262
523,97,2.0,0.0,1.0,2.0,1.0,1.0,3.0,10.0,29.0,37.0,39.0,0.14,0.0,93.0,1.0,2.0,14.0,2.0,4.25714285714286,0.0,0.0,0.0,0.417142857142857,0.666666666666667,1.0,0.517012016071237,0.48298798392876285
523,98,2.0,41.0,1.0,2.0,34.0,1.0,3.0,10.0,29.0,37.0,39.0,0.14,0.0,93.0,1.0,2.0,42.0,2.0,4.25714285714286,0.0,0.0,0.0,0.417142857142857,0.666666666666667,1.0,0.8402672993862812,0.15973270061371872
739,0,1.0,0.0,1.0,48.0,0.0,0.0,3.0,3.0,5.0,11.0,37.0,0.13,0.0,85.0,2.0,0.0,24.0,2.0,2.83720930232558,38.0,1.0,0.0,0.460820895522388,1.0,1.0,0.840267413460626,0.15973258653937422
739,1,1.0,0.0,1.0,1.0,0.0,0.0,3.0,6.0,5.0,11.0,37.0,0.13,0.0,85.0,2.0,0.0,7.0,2.0,2.83720930232558,1.0,1.0,0.0,0.460820895522388,1.0,1.0,0.6574113006589967,0.3425886993410033
739,2,1.0,0.0,1.0,1.0,0.0,0.0,3.0,3.0,5.0,11.0,37.0,0.13,0.0,85.0,8.0,0.0,24.0,2.0,2.83720930232558,39.0,1.0,0.0,0.460820895522388,1.0,1.0,0.8402772957296673,0.1597227042703327
739,3,1.0,0.0,1.0,1.0,0.0,0.0,6.0,3.0,39.0,11.0,37.0,0.13,0.0,85.0,2.0,0.0,24.0,2.0,2.83720930232558,1.0,1.0,0.0,0.460820895522388,1.0,1.0,0.82112132958514,0.17887867041486014
739,4,1.0,0.0,0.0,1.0,0.0,0.0,10.0,3.0,5.0,11.0,37.0,0.13,0.0,85.0,2.0,0.0,24.0,2.0,2.83720930232558,1.0,1.0,0.0,0.460820895522388,1.0,1.0,0.7468160200164595,0.2531839799835404
739,5,1.0,0.0,4.0,3.0,0.0,0.0,3.0,3.0,5.0,11.0,37.0,0.13,0.0,85.0,2.0,0.0,24.0,2.0,2.83720930232558,1.0,1.0,0.0,0.460820895522388,1.0,1.0,0.7460987354859807,0.2539012645140193
739,6,1.0,0.0,1.0,1.0,0.0,0.0,3.0,11.0,5.0,11.0,37.0,0.13,0.0,85.0,2.0,0.0,24.0,8.0,2.83720930232558,1.0,1.0,0.0,0.460820895522388,1.0,1.0,0.808333117458516,0.19166688254148415
739,7,1.0,0.0,1.0,19.0,0.0,0.0,3.0,3.0,5.0,11.0,37.0,0.13,0.0,85.0,2.0,0.0,62.0,2.0,2.83720930232558,1.0,1.0,0.0,0.460820895522388,1.0,1.0,0.6451782052370922,0.3548217947629078
739,8,1.0,0.0,1.0,1.0,0.0,0.0,3.0,3.0,28.0,11.0,37.0,0.13,0.0,85.0,2.0,0.0,24.0,2.0,2.83720930232558,1.0,1.0,0.0,0.460820895522388,0.5,1.0,0.7428476203398782,0.2571523796601221
739,9,1.0,0.0,1.0,1.0,41.0,0.0,3.0,3.0,12.0,11.0,37.0,0.13,0.0,85.0,2.0,0.0,24.0,2.0,2.83720930232558,1.0,1.0,0.0,0.460820895522388,1.0,1.0,0.847384057916139,0.15261594208386103
739,10,1.0,0.0,1.0,1.0,25.0,0.0,3.0,3.0,5.0,11.0,37.0,0.13,5.0,85.0,2.0,0.0,24.0,2.0,2.83720930232558,1.0,1.0,0.0,0.460820895522388,1.0,1.0,0.8323422495812082,0.16765775041879183
739,11,2.0,0.0,1.0,76.0,0.0,0.0,3.0,3.0,5.0,11.0,37.0,0.13,0.0,85.0,2.0,0.0,24.0,2.0,2.83720930232558,1.0,1.0,0.0,0.460820895522388,1.0,1.0,0.8409115081521303,0.15908849184786977
739,12,1.0,0.0,1.0,1.0,0.0,0.0,3.0,3.0,5.0,11.0,37.0,0.13,0.0,85.0,6.0,0.0,24.0,2.0,2.83720930232558,42.0,1.0,0.0,0.460820895522388,1.0,1.0,0.8402724623580328,0.15972753764196712
739,13,1.0,28.0,1.0,1.0,0.0,0.0,3.0,3.0,5.0,11.0,37.0,0.13,0.0,85.0,2.0,0.0,24.0,2.0,2.83720930232558,1.0,1.0,0.0,0.7,1.0,1.0,0.7539242683799932,0.24607573162000695
739,14,18.0,0.0,1.0,1.0,0.0,0.0,3.0,3.0,15.0,11.0,37.0,0.13,0.0,85.0,2.0,0.0,24.0,2.0,2.83720930232558,1.0,1.0,0.0,0.460820895522388,1.0,1.0,0.8464448650311166,0.15355513496888323
739,15,1.0,0.0,0.0,1.0,0.0,0.0,3.0,3.0,5.0,11.0,37.0,0.13,0.0,85.0,2.0,46.0,24.0,2.0,2.83720930232558,1.0,1.0,0.0,0.460820895522388,1.0,1.0,0.8456353810733869,0.15436461892661332
739,16,1.0,0.0,1.0,1.0,0.0,0.0,3.0,3.0,5.0,11.0,37.0,0.13,11.0,85.0,2.0,0.0,24.0,2.0,2.83720930232558,1.0,1.0,3.0,0.460820895522388,1.0,1.0,0.8422643317373522,0.15773566826264787
739,17,21.0,0.0,1.0,1.0,0.0,0.0,3.0,3.0,5.0,11.0,37.0,0.13,0.0,85.0,2.0,0.0,24.0,2.0,2.83720930232558,1.0,1.0,0.0,0.6,1.0,1.0,0.8450362747835308,0.15496372521646917
739,18,1.0,0.0,1.0,1.0,0.0,0.0,3.0,3.0,5.0,21.0,37.0,0.13,0.0,85.0,2.0,0.0,24.0,2.0,2.83720930232558,1.0,32.0,0.0,0.460820895522388,1.0,1.0,0.8478302534721021,0.15216974652789794
739,19,1.0,0.0,1.0,1.0,0.0,0.0,3.0,3.0,5.0,11.0,37.0,0.13,0.0,85.0,2.0,0.0,24.0,2.0,43.3,1.0,1.0,0.0,0.460820895522388,1.0,1.0,0.8466776282534049,0.15332237174659524
739,20,1.0,0.0,1.0,1.0,0.0,8.0,3.0,3.0,5.0,11.0,37.0,0.13,0.0,85.0,2.0,36.0,24.0,2.0,2.83720930232558,1.0,1.0,0.0,0.460820895522388,1.0,1.0,0.8493053454799794,0.15069465452002082
739,21,1.0,0.0,1.0,1.0,0.0,0.0,3.0,3.0,5.0,11.0,37.0,0.13,0.0,85.0,2.0,46.0,24.0,2.0,2.83720930232558,1.0,1.0,0.0,0.5,1.0,1.0,0.8482417088341596,0.15175829116584047
739,22,1.0,0.0,1.0,1.0,0.0,17.0,3.0,3.0,5.0,11.0,37.0,0.13,0.0,85.0,2.0,0.0,24.0,2.0,2.83720930232558,5.0,1.0,0.0,0.460820895522388,1.0,1.0,0.6708193831778715,0.3291806168221286
739,23,1.0,0.0,1.0,1.0,34.0,0.0,3.0,3.0,5.0,11.0,37.0,0.13,0.0,85.0,2.0,0.0,24.0,2.0,23.0,1.0,1.0,0.0,0.460820895522388,1.0,1.0,0.8408206255642419,0.15917937443575814
739,24,1.0,0.0,1.0,1.0,0.0,7.0,3.0,3.0,5.0,11.0,37.0,0.13,0.0,85.0,2.0,0.0,24.0,2.0,2.83720930232558,1.0,1.0,2.0,0.460820895522388,1.0,1.0,0.8075205299406145,0.19247947005938548
739,25,1.0,0.0,1.0,1.0,0.0,0.0,3.0,3.0,5.0,11.0,37.0,0.13,0.0,85.0,2.0,50.0,24.0,2.0,2.83720930232558,1.0,1.0,0.0,0.5,1.0,1.0,0.8476048001644967,0.15239519983550323
739,26,1.0,0.0,1.0,36.0,0.0,0.0,3.0,3.0,5.0,11.0,37.0,0.13,0.0,85.0,2.0,0.0,24.0,2.0,2.83720930232558,1.0,1.0,0.0,0.460820895522388,1.0,2.0,0.8336211225052207,0.16637887749477948
739,27,1.0,0.0,1.0,1.0,36.0,0.0,3.0,3.0,5.0,11.0,37.0,0.13,0.0,85.0,2.0,0.0,24.0,2.0,2.83720930232558,1.0,1.0,0.0,0.7,1.0,1.0,0.845469068989075,0.15453093101092513
739,28,1.0,0.0,1.0,1.0,0.0,0.0,3.0,11.0,5.0,11.0,37.0,0.13,0.0,85.0,2.0,0.0,24.0,2.0,2.83720930232558,1.0,13.0,0.0,0.460820895522388,1.0,1.0,0.7193555042443334,0.28064449575566663
739,29,1.0,0.0,1.0,1.0,0.0,0.0,3.0,3.0,5.0,11.0,37.0,0.13,0.0,85.0,3.0,48.0,24.0,2.0,2.83720930232558,1.0,1.0,0.0,0.460820895522388,1.0,1.0,0.8477620442963404,0.15223795570365953
739,30,1.0,0.0,1.0,1.0,0.0,0.0,7.0,3.0,5.0,11.0,37.0,0.13,0.0,85.0,2.0,0.0,24.0,2.0,2.83720930232558,1.0,36.0,0.0,0.460820895522388,1.0,1.0,0.8459259156564461,0.15407408434355413
739,31,1.0,0.0,1.0,1.0,0.0,0.0,3.0,3.0,5.0,58.0,37.0,0.13,0.0,85.0,2.0,0.0,24.0,9.0,2.83720930232558,1.0,1.0,0.0,0.460820895522388,1.0,1.0,0.7773211812752076,0.22267881872479256
739,32,1.0,0.0,1.0,1.0,0.0,0.0,14.0,3.0,5.0,11.0,37.0,0.13,0.0,85.0,2.0,0.0,24.0,2.0,2.83720930232558,1.0,1.0,0.0,0.7,1.0,1.0,0.8449801339275563,0.15501986607244359
739,33,14.0,0.0,1.0,1.0,0.0,0.0,3.0,3.0,5.0,11.0,37.0,0.13,0.0,85.0,2.0,0.0,24.0,2.0,2.83720930232558,1.0,1.0,0.0,0.460820895522388,1.0,3.0,0.8277207858183021,0.17227921418169787
739,34,1.0,0.0,1.0,1.0,0.0,0.0,3.0,3.0,5.0,11.0,37.0,0.13,0.0,85.0,2.0,0.0,9.0,2.0,2.83720930232558,1.0,1.0,0.0,0.460820895522388,1.0,1.0,0.601805593822819,0.398194406177181
739,35,16.0,0.0,1.0,1.0,0.0,0.0,3.0,14.0,5.0,11.0,37.0,0.13,0.0,85.0,2.0,0.0,24.0,2.0,2.83720930232558,1.0,1.0,0.0,0.460820895522388,1.0,1.0,0.8393634893670207,0.1606365106329792
739,36,1.0,0.0,1.0,1.0,0.0,11.0,3.0,3.0,22.0,11.0,37.0,0.13,0.0,85.0,2.0,0.0,24.0,2.0,2.83720930232558,1.0,1.0,0.0,0.460820895522388,1.0,1.0,0.5339034268271097,0.46609657317289044
739,37,1.0,0.0,1.0,1.0,0.0,0.0,3.0,3.0,5.0,11.0,37.0,0.13,0.0,85.0,2.0,0.0,24.0,2.0,34.1,1.0,1.0,0.0,0.460820895522388,1.0,1.0,0.8594311022630333,0.1405688977369667
739,38,1.0,0.0,1.0,1.0,21.0,10.0,3.0,3.0,5.0,11.0,37.0,0.13,0.0,85.0,2.0,0.0,24.0,2.0,2.83720930232558,1.0,1.0,0.0,0.460820895522388,1.0,1.0,0.8173155049413399,0.1826844950586604
739,39,1.0,0.0,1.0,1.0,0.0,0.0,3.0,3.0,5.0,11.0,37.0,0.13,0.0,85.0,2.0,0.0,24.0,2.0,2.83720930232558,1.0,21.0,0.0,0.460820895522388,1.0,2.0,0.8302606638150151,0.16973933618498507
739,40,1.0,0.0,1.0,1.0,0.0,0.0,9.0,3.0,5.0,11.0,37.0,0.13,0.0,85.0,2.0,0.0,24.0,2.0,2.83720930232558,1.0,23.0,0.0,0.460820895522388,1.0,1.0,0.8336972730650876,0.16630272693491235
739,41,7.0,0.0,1.0,1.0,0.0,0.0,3.0,3.0,5.0,11.0,37.0,0.13,0.0,85.0,2.0,43.0,24.0,2.0,2.83720930232558,1.0,1.0,0.0,0.460820895522388,1.0,1.0,0.841873615570848,0.1581263844291519
739,42,1.0,0.0,1.0,1.0,13.0,0.0,3.0,3.0,5.0,11.0,37.0,0.13,0.0,85.0,2.0,0.0,24.0,2.0,2.83720930232558,1.0,1.0,0.0,0.460820895522388,1.0,1.0,0.6952921559031511,0.30470784409684926
739,43,8.0,0.0,1.0,1.0,0.0,0.0,3.0,3.0,5.0,11.0,108.0,0.13,0.0,85.0,2.0,0.0,24.0,2.0,2.83720930232558,1.0,1.0,0.0,0.460820895522388,1.0,1.0,0.8140690640553149,0.185930935944685
739,44,1.0,33.0,1.0,1.0,0.0,0.0,3.0,3.0,5.0,11.0,15.0,0.13,0.0,85.0,2.0,0.0,24.0,2.0,2.83720930232558,1.0,1.0,0.0,0.460820895522388,1.0,1.0,0.8003347570930764,0.19966524290692358
739,45,1.0,0.0,1.0,1.0,0.0,0.0,3.0,3.0,5.0,11.0,37.0,0.13,0.0,85.0,2.0,37.0,24.0,1.0,2.83720930232558,1.0,1.0,0.0,0.460820895522388,1.0,1.0,0.852695663825758,0.14730433617424196
739,46,1.0,2.0,1.0,1.0,0.0,0.0,3.0,3.0,5.0,11.0,37.0,7.13,0.0,85.0,2.0,0.0,24.0,2.0,2.83720930232558,1.0,1.0,0.0,0.460820895522388,1.0,1.0,0.6497558229783513,0.35024417702164873
739,47,1.0,0.0,1.0,1.0,0.0,0.0,3.0,3.0,5.0,11.0,104.0,2.02,0.0,85.0,2.0,0.0,24.0,2.0,2.83720930232558,1.0,1.0,0.0,0.460820895522388,1.0,1.0,0.5482281883486659,0.4517718116513342
739,48,1.0,0.0,1.0,1.0,38.0,0.0,3.0,9.0,5.0,11.0,37.0,0.13,0.0,85.0,2.0,0.0,24.0,2.0,2.83720930232558,1.0,1.0,0.0,0.460820895522388,1.0,1.0,0.8412130826687367,0.15878691733126327
739,49,1.0,0.0,1.0,1.0,0.0,0.0,3.0,3.0,5.0,11.0,37.0,0.13,0.0,85.0,2.0,0.0,24.0,2.0,2.83720930232558,38.0,1.0,0.0,0.3,1.0,1.0,0.8402866909359723,0.1597133090640278
739,50,1.0,0.0,1.0,1.0,18.0,0.0,3.0,3.0,5.0,11.0,37.0,0.13,0.0,85.0,2.0,0.0,24.0,2.0,2.83720930232558,1.0,1.0,0.0,0.460820895522388,1.0,1.0,0.7949736609575995,0.2050263390424005
739,51,1.0,0.0,1.0,1.0,0.0,0.0,3.0,3.0,5.0,11.0,37.0,0.13,0.0,85.0,2.0,0.0,24.0,6.0,2.83720930232558,1.0,13.0,0.0,0.460820895522388,1.0,1.0,0.666945837468264,0.33305416253173603
739,52,1.0,0.0,1.0,1.0,0.0,12.0,11.0,3.0,5.0,11.0,37.0,0.13,0.0,85.0,2.0,0.0,24.0,2.0,2.83720930232558,1.0,1.0,0.0,0.460820895522388,1.0,1.0,0.8107699814353436,0.18923001856465635
739,53,1.0,0.0,1.0,92.0,0.0,0.0,3.0,3.0,5.0,11.0,37.0,0.13,0.0,85.0,2.0,0.0,24.0,2.0,2.83720930232558,1.0,1.0,0.0,0.9,1.0,1.0,0.8472952767509419,0.15270472324905832
739,54,1.0,0.0,1.0,1.0,0.0,0.0,13.0,3.0,5.0,11.0,37.0,0.13,0.0,85.0,2.0,0.0,24.0,2.0,2.83720930232558,24.0,1.0,0.0,0.460820895522388,1.0,1.0,0.8401693347499699,0.15983066525002998
739,55,1.0,0.0,1.0,36.0,0.0,0.0,3.0,3.0,5.0,11.0,37.0,0.13,0.0,85.0,2.0,0.0,24.0,2.0,2.83720930232558,1.0,1.0,0.0,0.460820895522388,1.0,1.0,0.8275133416274926,0.17248665837250765
739,56,1.0,0.0,1.0,1.0,0.0,0.0,10.0,3.0,40.0,11.0,37.0,0.13,0.0,85.0,2.0,0.0,24.0,2.0,2.83720930232558,1.0,1.0,0.0,0.460820895522388,1.0,1.0,0.8361335892576282,0.16386641074237185
739,57,1.0,0.0,1.0,1.0,32.0,0.0,3.0,3.0,23.0,11.0,37.0,0.13,0.0,85.0,2.0,0.0,24.0,2.0,2.83720930232558,1.0,1.0,0.0,0.460820895522388,1.0,1.0,0.8396186806892855,0.16038131931071453
739,58,1.0,0.0,1.0,1.0,0.0,0.0,3.0,12.0,5.0,11.0,37.0,0.13,0.0,85.0,2.0,0.0,11.0,2.0,2.83720930232558,1.0,1.0,0.0,0.460820895522388,1.0,1.0,0.6622977605649948,0.33770223943500527
739,59,1.0,0.0,1.0,16.0,0.0,0.0,3.0,3.0,5.0,11.0,37.0,0.13,0.0,85.0,2.0,0.0,24.0,2.0,2.83720930232558,23.0,1.0,0.0,0.460820895522388,1.0,1.0,0.8389681398410431,0.16103186015895685
739,60,1.0,0.0,1.0,1.0,0.0,0.0,3.0,3.0,5.0,11.0,37.0,0.13,0.0,99.0,2.0,0.0,24.0,2.0,2.83720930232558,1.0,25.0,0.0,0.460820895522388,1.0,1.0,0.8501707903624518,0.14982920963754828
739,61,1.0,0.0,1.0,1.0,0.0,0.0,3.0,3.0,5.0,11.0,37.0,0.13,0.0,85.0,2.0,0.0,24.0,2.0,2.83720930232558,1.0,0.0,2.0,0.460820895522388,1.0,1.0,0.8167426918145024,0.18325730818549762
739,62,1.0,0.0,1.0,1.0,0.0,0.0,3.0,16.0,5.0,11.0,37.0,5.2,0.0,85.0,2.0,0.0,24.0,2.0,2.83720930232558,1.0,1.0,0.0,0.460820895522388,1.0,1.0,0.8225971212625962,0.17740287873740393
739,63,1.0,0.0,1.0,1.0,9.0,0.0,3.0,3.0,5.0,11.0,37.0,0.13,0.0,85.0,2.0,0.0,24.0,2.0,2.83720930232558,1.0,1.0,0.0,1.0,1.0,1.0,0.6217293078463141,0.3782706921536858
739,64,1.0,27.0,1.0,1.0,0.0,0.0,3.0,3.0,5.0,11.0,37.0,0.13,0.0,85.0,2.0,0.0,24.0,2.0,2.83720930232558,1.0,1.0,0.0,0.460820895522388,1.0,4.0,0.731499507950978,0.268500492049022
739,65,1.0,0.0,1.0,1.0,0.0,0.0,3.0,3.0,5.0,11.0,37.0,0.13,0.0,85.0,2.0,0.0,24.0,2.0,2.83720930232558,36.0,31.0,0.0,0.460820895522388,1.0,1.0,0.8402681457757096,0.1597318542242903
739,66,1.0,0.0,1.0,1.0,44.0,0.0,3.0,3.0,5.0,11.0,37.0,0.13,0.0,85.0,2.0,0.0,24.0,2.0,2.83720930232558,1.0,1.0,0.0,0.460820895522388,1.0,3.0,0.8458940344933978,0.1541059655066021
739,67,1.0,0.0,1.0,1.0,0.0,0.0,3.0,3.0,5.0,11.0,37.0,0.13,0.0,85.0,2.0,0.0,24.0,2.0,39.3,1.0,1.0,0.0,0.460820895522388,1.0,1.0,0.8519710663276604,0.14802893367233966
739,68,1.0,0.0,1.0,1.0,0.0,0.0,3.0,3.0,5.0,11.0,37.0,0.13,0.0,85.0,2.0,0.0,7.0,2.0,2.83720930232558,1.0,13.0,0.0,0.460820895522388,1.0,1.0,0.8674639769221267,0.13253602307787338
739,69,1.0,0.0,1.0,1.0,0.0,0.0,3.0,18.0,5.0,11.0,37.0,0.13,0.0,85.0,2.0,0.0,24.0,2.0,2.83720930232558,1.0,1.0,0.0,0.460820895522388,1.0,1.0,0.8381268145210483,0.1618731854789517
739,70,6.0,0.0,1.0,1.0,0.0,0.0,3.0,3.0,30.0,11.0,37.0,0.13,0.0,85.0,2.0,0.0,24.0,2.0,2.83720930232558,1.0,1.0,0.0,0.460820895522388,1.0,1.0,0.7197917345040857,0.28020826549591415
739,71,1.0,0.0,1.0,1.0,0.0,13.0,3.0,3.0,5.0,11.0,37.0,0.13,0.0,85.0,2.0,0.0,3.0,2.0,2.83720930232558,1.0,1.0,0.0,0.460820895522388,1.0,1.0,0.8148156604645357,0.18518433953546426
739,72,1.0,0.0,1.0,1.0,0.0,0.0,3.0,3.0,5.0,11.0,125.0,0.13,0.0,85.0,2.0,0.0,24.0,2.0,2.83720930232558,1.0,1.0,0.0,0.460820895522388,1.0,1.0,0.6929576121881592,0.3070423878118409
739,73,1.0,0.0,1.0,91.0,0.0,0.0,3.0,3.0,25.0,11.0,37.0,0.13,0.0,85.0,2.0,0.0,24.0,2.0,2.83720930232558,1.0,1.0,0.0,0.460820895522388,1.0,1.0,0.8408424069705563,0.15915759302944346
739,74,0.0,0.0,1.0,1.0,42.0,0.0,3.0,3.0,5.0,11.0,37.0,0.13,0.0,85.0,2.0,0.0,24.0,2.0,2.83720930232558,1.0,1.0,0.0,0.460820895522388,1.0,1.0,0.8511602115950431,0.14883978840495712
739,75,1.0,0.0,1.0,1.0,0.0,0.0,3.0,3.0,5.0,11.0,37.0,0.13,0.0,85.0,2.0,0.0,24.0,2.0,12.9,1.0,1.0,3.0,0.460820895522388,1.0,1.0,0.8450734537821547,0.15492654621784535
739,76,1.0,0.0,4.0,1.0,0.0,0.0,3.0,3.0,5.0,11.0,37.0,0.13,0.0,85.0,2.0,0.0,53.0,2.0,2.83720930232558,1.0,1.0,0.0,0.460820895522388,1.0,1.0,0.7842660173155338,0.21573398268446634
739,77,1.0,0.0,1.0,1.0,42.0,0.0,3.0,3.0,5.0,11.0,37.0,0.13,0.0,85.0,2.0,11.0,24.0,2.0,2.83720930232558,1.0,1.0,0.0,0.460820895522388,1.0,1.0,0.8471267448114755,0.1528732551885247
739,78,1.0,0.0,1.0,1.0,0.0,0.0,3.0,3.0,5.0,11.0,37.0,0.13,3.0,85.0,2.0,0.0,24.0,2.0,2.83720930232558,40.0,1.0,0.0,0.460820895522388,1.0,1.0,0.8402786305528809,0.15972136944711915
739,79,1.0,0.0,1.0,1.0,0.0,0.0,3.0,3.0,5.0,11.0,37.0,0.13,0.0,85.0,2.0,0.0,44.0,2.0,2.83720930232558,1.0,1.0,2.0,0.460820895522388,1.0,1.0,0.801784218271176,0.19821578172882412
739,80,1.0,0.0,1.0,1.0,0.0,15.0,3.0,3.0,5.0,53.0,37.0,0.13,0.0,85.0,2.0,0.0,24.0,2.0,2.83720930232558,1.0,1.0,0.0,0.460820895522388,1.0,1.0,0.6926304076173923,0.30736959238260775
739,81,1.0,0.0,1.0,1.0,0.0,0.0,3.0,3.0,5.0,11.0,37.0,0.13,0.0,85.0,2.0,18.0,24.0,5.0,2.83720930232558,1.0,1.0,0.0,0.460820895522388,1.0,1.0,0.5974448793813799,0.4025551206186201
739,82,1.0,0.0,1.0,1.0,0.0,0.0,3.0,6.0,5.0,11.0,37.0,0.13,0.0,85.0,2.0,0.0,24.0,2.0,34.6,1.0,1.0,0.0,0.460820895522388,1.0,1.0,0.8491668717672255,0.1508331282327746
739,83,1.0,0.0,1.0,1.0,0.0,0.0,7.0,3.0,5.0,11.0,37.0,6.98,0.0,85.0,2.0,0.0,24.0,2.0,2.83720930232558,1.0,1.0,0.0,0.460820895522388,1.0,1.0,0.680539545000534,0.319460454999466
739,84,1.0,0.0,1.0,1.0,0.0,0.0,3.0,3.0,5.0,11.0,37.0,0.13,13.0,85.0,2.0,0.0,24.0,2.0,2.83720930232558,22.0,1.0,0.0,0.460820895522388,1.0,1.0,0.8397343078969065,0.16026569210309324
739,85,1.0,0.0,1.0,1.0,2.0,0.0,9.0,3.0,5.0,11.0,37.0,0.13,0.0,85.0,2.0,0.0,24.0,2.0,2.83720930232558,1.0,1.0,0.0,0.460820895522388,1.0,1.0,0.51324885230767,0.48675114769233013
739,86,11.0,0.0,1.0,1.0,0.0,0.0,3.0,3.0,5.0,11.0,6.0,0.13,0.0,85.0,2.0,0.0,24.0,2.0,2.83720930232558,1.0,1.0,0.0,0.460820895522388,1.0,1.0,0.6656069164749147,0.33439308352508534
739,87,1.0,0.0,1.0,1.0,0.0,0.0,3.0,3.0,5.0,11.0,37.0,3.95,0.0,85.0,2.0,0.0,24.0,2.0,2.83720930232558,1.0,1.0,2.0,0.460820895522388,1.0,1.0,0.829769972803622,0.17023002719637806
739,88,1.0,0.0,1.0,93.0,0.0,0.0,3.0,3.0,5.0,11.0,37.0,0.13,0.0,85.0,2.0,0.0,24.0,2.0,2.83720930232558,1.0,1.0,0.0,0.460820895522388,0.6,1.0,0.8455425787266454,0.15445742127335466
739,89,1.0,0.0,1.0,1.0,0.0,0.0,3.0,3.0,5.0,11.0,37.0,0.13,0.0,85.0,2.0,0.0,24.0,3.0,2.83720930232558,29.0,1.0,0.0,0.460820895522388,1.0,1.0,0.8402643744928825,0.15973562550711742
739,90,1.0,0.0,1.0,1.0,0.0,7.0,3.0,3.0,5.0,11.0,37.0,0.13,12.0,85.0,2.0,0.0,24.0,2.0,2.83720930232558,1.0,1.0,0.0,0.460820895522388,1.0,1.0,0.7966223815328134,0.2033776184671865
739,91,1.0,22.0,1.0,1.0,0.0,0.0,3.0,1.0,5.0,11.0,37.0,0.13,0.0,85.0,2.0,0.0,24.0,2.0,2.83720930232558,1.0,1.0,0.0,0.460820895522388,1.0,1.0,0.5522718475585368,0.4477281524414632
739,92,1.0,29.0,1.0,1.0,0.0,0.0,3.0,3.0,5.0,11.0,37.0,0.13,4.0,85.0,2.0,0.0,24.0,2.0,2.83720930232558,1.0,1.0,0.0,0.460820895522388,1.0,1.0,0.7647008672933288,0.23529913270667122
739,93,1.0,0.0,1.0,1.0,0.0,0.0,3.0,3.0,5.0,11.0,37.0,0.13,0.0,85.0,2.0,0.0,6.0,2.0,2.83720930232558,1.0,1.0,0.0,0.460820895522388,1.0,1.0,0.7215472389702566,0.2784527610297432
739,94,1.0,0.0,1.0,1.0,0.0,0.0,3.0,3.0,5.0,50.0,37.0,0.13,0.0,85.0,2.0,0.0,24.0,2.0,2.83720930232558,1.0,19.0,0.0,0.460820895522388,1.0,1.0,0.7498779111437242,0.2501220888562758
739,95,12.0,0.0,1.0,1.0,0.0,0.0,3.0,3.0,5.0,11.0,37.0,0.13,0.0,85.0,2.0,0.0,24.0,2.0,2.83720930232558,1.0,1.0,0.0,1.0,1.0,1.0,0.782983163101722,0.217016836898278
739,96,14.0,0.0,1.0,1.0,0.0,13.0,3.0,3.0,5.0,11.0,37.0,0.13,0.0,85.0,2.0,0.0,24.0,2.0,2.83720930232558,1.0,1.0,0.0,0.460820895522388,1.0,1.0,0.8187190820561404,0.18128091794385956
739,97,1.0,0.0,1.0,1.0,0.0,0.0,3.0,3.0,5.0,47.0,37.0,0.13,11.0,85.0,2.0,0.0,24.0,2.0,2.83720930232558,1.0,1.0,0.0,0.460820895522388,1.0,1.0,0.7856542768609844,0.21434572313901534
739,98,1.0,0.0,1.0,1.0,0.0,0.0,3.0,3.0,5.0,11.0,37.0,0.13,0.0,85.0,2.0,38.0,24.0,2.0,47.6,1.0,1.0,0.0,0.460820895522388,1.0,1.0,0.8402951457346921,0.1597048542653079
739,99,1.0,0.0,1.0,1.0,0.0,0.0,3.0,1.0,5.0,11.0,37.0,0.13,0.0,85.0,2.0,0.0,24.0,2.0,2.83720930232558,1.0,1.0,3.0,0.460820895522388,1.0,1.0,0.8491846165701817,0.1508153834298183
746,0,5.0,1.0,4.0,5.0,16.0,1.0,2.0,4.0,10.0,44.0,78.0,0.15,0.0,96.0,1.0,0.0,41.0,4.0,2.95744680851064,0.0,1.0,0.0,0.659197012138189,0.666666666666667,2.0,0.8393728703918546,0.16062712960814543
746,1,5.0,22.0,1.0,5.0,0.0,1.0,2.0,4.0,10.0,44.0,78.0,0.15,0.0,96.0,4.0,0.0,41.0,4.0,2.95744680851064,0.0,1.0,0.0,0.659197012138189,0.666666666666667,2.0,0.6024670377111764,0.3975329622888237
746,2,5.0,1.0,1.0,37.0,0.0,1.0,2.0,4.0,10.0,44.0,78.0,1.63,0.0,96.0,1.0,0.0,41.0,4.0,2.95744680851064,0.0,1.0,0.0,0.659197012138189,0.666666666666667,2.0,0.8368159287334577,0.1631840712665423
746,3,5.0,1.0,1.0,54.0,0.0,1.0,2.0,4.0,10.0,44.0,23.0,0.15,0.0,96.0,1.0,0.0,41.0,4.0,2.95744680851064,0.0,1.0,0.0,0.659197012138189,0.666666666666667,2.0,0.8402589117776855,0.15974108822231445
746,4,5.0,1.0,1.0,5.0,0.0,1.0,2.0,4.0,10.0,44.0,87.0,0.15,0.0,96.0,1.0,0.0,41.0,4.0,46.5,0.0,1.0,0.0,0.659197012138189,0.666666666666667,2.0,0.8399883010241764,0.16001169897582357
746,5,5.0,1.0,1.0,5.0,0.0,17.0,2.0,18.0,10.0,44.0,78.0,0.15,0.0,96.0,1.0,0.0,41.0,4.0,2.95744680851064,0.0,1.0,0.0,0.659197012138189,0.666666666666667,2.0,0.8341879590055085,0.1658120409944914
746,6,5.0,1.0,1.0,5.0,0.0,1.0,2.0,12.0,10.0,44.0,78.0,0.15,0.0,96.0,1.0,0.0,41.0,4.0,38.3,0.0,1.0,0.0,0.659197012138189,0.666666666666667,2.0,0.8395540306042618,0.16044596939573835
746,7,20.0,1.0,1.0,5.0,0.0,1.0,2.0,4.0,10.0,44.0,78.0,0.15,0.0,96.0,1.0,0.0,41.0,4.0,2.95744680851064,0.0,22.0,0.0,0.659197012138189,0.666666666666667,2.0,0.8402648040514425,0.1597351959485574
746,8,5.0,1.0,1.0,5.0,0.0,1.0,2.0,4.0,10.0,44.0,78.0,0.15,0.0,96.0,1.0,0.0,41.0,4.0,2.95744680851064,23.0,1.0,0.0,0.659197012138189,0.666666666666667,2.0,0.8356080813149027,0.1643919186850973
746,9,5.0,1.0,1.0,5.0,0.0,1.0,8.0,9.0,10.0,44.0,78.0,0.15,0.0,96.0,1.0,0.0,41.0,4.0,2.95744680851064,0.0,1.0,0.0,0.659197012138189,0.666666666666667,2.0,0.714816527168827,0.2851834728311729
746,10,5.0,1.0,4.0,5.0,0.0,1.0,2.0,4.0,10.0,44.0,78.0,0.15,0.0,96.0,2.0,0.0,41.0,4.0,2.95744680851064,0.0,1.0,0.0,0.659197012138189,0.666666666666667,2.0,0.8069168092530847,0.19308319074691552
746,11,5.0,1.0,1.0,5.0,0.0,1.0,2.0,4.0,10.0,44.0,78.0,0.15,0.0,96.0,1.0,0.0,41.0,4.0,2.95744680851064,0.0,1.0,3.0,0.6,0.666666666666667,2.0,0.8396629106236737,0.16033708937632637
746,12,5.0,1.0,1.0,5.0,0.0,1.0,2.0,4.0,10.0,44.0,78.0,0.15,0.0,96.0,1.0,0.0,41.0,4.0,2.95744680851064,0.0,1.0,2.0,0.659197012138189,0.666666666666667,2.0,0.8064845748263252,0.1935154251736749
746,13,5.0,1.0,1.0,5.0,0.0,8.0,2.0,4.0,10.0,44.0,78.0,0.15,0.0,96.0,1.0,0.0,41.0,4.0,2.95744680851064,0.0,17.0,0.0,0.659197012138189,0.666666666666667,2.0,0.6712771476808056,0.32872285231919435
746,14,5.0,1.0,1.0,29.0,0.0,1.0,2.0,4.0,10.0,44.0,78.0,0.15,0.0,96.0,1.0,0.0,41.0,4.0,2.95744680851064,0.0,1.0,0.0,0.659197012138189,0.666666666666667,2.0,0.8059057032078981,0.19409429679210163
746,15,5.0,1.0,1.0,5.0,0.0,1.0,2.0,4.0,10.0,44.0,78.0,0.15,10.0,96.0,1.0,0.0,59.0,4.0,2.95744680851064,0.0,1.0,0.0,0.659197012138189,0.666666666666667,2.0,0.7593173779489882,0.2406826220510116
746,16,5.0,1.0,1.0,5.0,0.0,1.0,2.0,4.0,10.0,44.0,124.0,5.21,0.0,96.0,1.0,0.0,41.0,4.0,2.95744680851064,0.0,1.0,0.0,0.659197012138189,0.666666666666667,2.0,0.6204213809055767,0.37957861909442336
746,17,5.0,1.0,1.0,5.0,0.0,1.0,2.0,4.0,10.0,44.0,78.0,0.15,0.0,96.0,1.0,0.0,41.0,4.0,2.95744680851064,0.0,1.0,3.0,0.659197012138189,0.666666666666667,0.0,0.8397369273854774,0.16026307261452252
746,18,5.0,1.0,1.0,5.0,10.0,1.0,2.0,4.0,10.0,44.0,78.0,4.32,0.0,96.0,1.0,0.0,41.0,4.0,2.95744680851064,0.0,1.0,0.0,0.659197012138189,0.666666666666667,2.0,0.7033411092898373,0.29665889071016305
746,19,5.0,1.0,1.0,5.0,0.0,1.0,2.0,4.0,10.0,44.0,78.0,4.02,0.0,96.0,1.0,0.0,41.0,4.0,2.95744680851064,18.0,1.0,0.0,0.659197012138189,0.666666666666667,2.0,0.8167515779603146,0.18324842203968517
746,20,5.0,1.0,1.0,5.0,0.0,1.0,2.0,4.0,33.0,44.0,78.0,0.15,0.0,96.0,1.0,0.0,41.0,4.0,2.95744680851064,0.0,1.0,0.0,0.659197012138189,0.666666666666667,2.0,0.6031246825678982,0.3968753174321018
746,21,5.0,1.0,1.0,37.0,0.0,1.0,2.0,4.0,10.0,44.0,78.0,0.15,0.0,96.0,1.0,27.0,41.0,4.0,2.95744680851064,0.0,1.0,0.0,0.659197012138189,0.666666666666667,2.0,0.8401165383394024,0.1598834616605977
746,22,5.0,37.0,1.0,5.0,0.0,1.0,2.0,4.0,10.0,44.0,78.0,0.15,0.0,96.0,1.0,0.0,41.0,4.0,2.95744680851064,0.0,1.0,0.0,0.659197012138189,0.2,2.0,0.8273896018884701,0.17261039811152984
746,23,5.0,1.0,1.0,5.0,0.0,16.0,2.0,4.0,10.0,44.0,78.0,0.15,0.0,96.0,1.0,0.0,41.0,4.0,2.95744680851064,0.0,27.0,0.0,0.659197012138189,0.666666666666667,2.0,0.8365237081312147,0.1634762918687854
746,24,16.0,1.0,1.0,5.0,0.0,1.0,4.0,4.0,10.0,44.0,78.0,0.15,0.0,96.0,1.0,0.0,41.0,4.0,2.95744680851064,0.0,1.0,0.0,0.659197012138189,0.666666666666667,2.0,0.8345142427832517,0.1654857572167483
746,25,5.0,1.0,1.0,5.0,0.0,11.0,2.0,4.0,10.0,44.0,78.0,0.15,6.0,96.0,1.0,0.0,41.0,4.0,2.95744680851064,0.0,1.0,0.0,0.659197012138189,0.666666666666667,2.0,0.5746927530890152,0.4253072469109848
746,26,5.0,1.0,1.0,5.0,0.0,1.0,2.0,4.0,10.0,44.0,78.0,0.15,12.0,96.0,6.0,0.0,41.0,4.0,2.95744680851064,0.0,1.0,0.0,0.659197012138189,0.666666666666667,2.0,0.820215293737083,0.17978470626291707
746,27,5.0,1.0,1.0,5.0,0.0,1.0,2.0,4.0,10.0,44.0,78.0,7.33,0.0,96.0,1.0,0.0,41.0,4.0,2.95744680851064,0.0,6.0,0.0,0.659197012138189,0.666666666666667,2.0,0.6151560923676926,0.38484390763230736
746,28,5.0,1.0,1.0,5.0,0.0,1.0,2.0,4.0,7.0,44.0,78.0,0.15,0.0,96.0,1.0,34.0,41.0,4.0,2.95744680851064,0.0,1.0,0.0,0.659197012138189,0.666666666666667,2.0,0.8359076755879717,0.16409232441202812
746,29,5.0,1.0,1.0,5.0,0.0,1.0,2.0,1.0,10.0,44.0,78.0,0.15,10.0,96.0,1.0,0.0,41.0,4.0,2.95744680851064,0.0,1.0,0.0,0.659197012138189,0.666666666666667,2.0,0.7678902839401338,0.23210971605986613
746,30,5.0,1.0,4.0,5.0,0.0,1.0,2.0,4.0,10.0,44.0,78.0,0.15,0.0,96.0,1.0,0.0,41.0,4.0,15.1,0.0,1.0,0.0,0.659197012138189,0.666666666666667,2.0,0.8223523974090395,0.17764760259096052
746,31,13.0,1.0,1.0,5.0,0.0,1.0,2.0,4.0,10.0,44.0,78.0,0.15,0.0,96.0,1.0,0.0,41.0,4.0,34.3,0.0,1.0,0.0,0.659197012138189,0.666666666666667,2.0,0.8396355783902094,0.16036442160979078
746,32,5.0,28.0,1.0,5.0,0.0,1.0,2.0,1.0,10.0,44.0,78.0,0.15,0.0,96.0,1.0,0.0,41.0,4.0,2.95744680851064,0.0,1.0,0.0,0.659197012138189,0.666666666666667,2.0,0.7674541394706851,0.23254586052931506
746,33,5.0,1.0,0.0,5.0,0.0,1.0,2.0,4.0,10.0,44.0,78.0,0.15,0.0,96.0,1.0,46.0,41.0,4.0,2.95744680851064,0.0,1.0,0.0,0.659197012138189,0.666666666666667,2.0,0.8402637857255957,0.15973621427440438
746,34,5.0,1.0,1.0,34.0,0.0,1.0,2.0,4.0,10.0,44.0,78.0,0.15,0.0,96.0,1.0,0.0,41.0,4.0,2.95744680851064,0.0,1.0,0.0,0.9,0.666666666666667,2.0,0.8318397324476361,0.16816026755236405
746,35,5.0,1.0,1.0,5.0,31.0,1.0,2.0,4.0,10.0,44.0,78.0,4.09,0.0,96.0,1.0,0.0,41.0,4.0,2.95744680851064,0.0,1.0,0.0,0.659197012138189,0.666666666666667,2.0,0.8402398101837556,0.15976018981624426
746,36,5.0,1.0,1.0,5.0,0.0,1.0,2.0,4.0,10.0,44.0,78.0,0.15,0.0,96.0,1.0,0.0,41.0,4.0,2.95744680851064,0.0,1.0,3.0,0.659197012138189,0.666666666666667,4.0,0.8399700043013909,0.16002999569860926
746,37,5.0,24.0,1.0,5.0,0.0,1.0,2.0,4.0,10.0,44.0,78.0,0.15,0.0,96.0,1.0,0.0,41.0,4.0,16.5,0.0,1.0,0.0,0.659197012138189,0.666666666666667,2.0,0.7555534001873757,0.24444659981262443
746,38,5.0,1.0,1.0,68.0,0.0,1.0,9.0,4.0,10.0,44.0,78.0,0.15,0.0,96.0,1.0,0.0,41.0,4.0,2.95744680851064,0.0,1.0,0.0,0.659197012138189,0.666666666666667,2.0,0.8402674154546033,0.1597325845453968
746,39,5.0,1.0,1.0,5.0,0.0,1.0,2.0,13.0,10.0,44.0,78.0,0.15,0.0,96.0,1.0,0.0,41.0,4.0,2.95744680851064,0.0,1.0,0.0,1.0,0.666666666666667,2.0,0.678072092421886,0.3219279075781139
746,40,5.0,1.0,1.0,5.0,0.0,1.0,2.0,4.0,10.0,44.0,78.0,0.15,0.0,96.0,1.0,0.0,41.0,4.0,43.1,0.0,1.0,0.0,0.659197012138189,0.9,2.0,0.8393400524360812,0.16065994756391885
746,41,5.0,1.0,1.0,5.0,11.0,6.0,2.0,4.0,10.0,44.0,78.0,0.15,0.0,96.0,1.0,0.0,41.0,4.0,2.95744680851064,0.0,1.0,0.0,0.659197012138189,0.666666666666667,2.0,0.701500906984589,0.29849909301541117
746,42,5.0,1.0,1.0,5.0,0.0,1.0,2.0,4.0,10.0,44.0,78.0,0.15,0.0,96.0,1.0,0.0,41.0,4.0,2.95744680851064,7.0,1.0,1.0,0.659197012138189,0.666666666666667,2.0,0.5280475137913052,0.4719524862086949
746,43,5.0,1.0,1.0,5.0,0.0,1.0,10.0,4.0,10.0,8.0,78.0,0.15,0.0,96.0,1.0,0.0,41.0,4.0,2.95744680851064,0.0,1.0,0.0,0.659197012138189,0.666666666666667,2.0,0.7858771258400813,0.21412287415991865
746,44,5.0,1.0,1.0,5.0,0.0,1.0,10.0,4.0,10.0,44.0,78.0,0.15,0.0,49.0,1.0,0.0,41.0,4.0,2.95744680851064,0.0,1.0,0.0,0.659197012138189,0.666666666666667,2.0,0.7784282706120109,0.22157172938798902
746,45,5.0,1.0,1.0,5.0,21.0,1.0,2.0,4.0,10.0,44.0,78.0,0.15,0.0,96.0,1.0,38.0,41.0,4.0,2.95744680851064,0.0,1.0,0.0,0.659197012138189,0.666666666666667,2.0,0.8402603777192222,0.15973962228077757
746,46,5.0,1.0,1.0,5.0,0.0,1.0,2.0,4.0,10.0,49.0,78.0,0.15,0.0,96.0,1.0,0.0,41.0,4.0,2.95744680851064,33.0,1.0,0.0,0.659197012138189,0.666666666666667,2.0,0.8402491170412121,0.15975088295878784
746,47,5.0,1.0,4.0,5.0,0.0,1.0,2.0,3.0,10.0,44.0,78.0,0.15,0.0,96.0,1.0,0.0,41.0,4.0,2.95744680851064,0.0,1.0,0.0,0.659197012138189,0.666666666666667,2.0,0.8074880019426304,0.19251199805736943
746,48,5.0,27.0,1.0,5.0,0.0,1.0,2.0,4.0,10.0,44.0,78.0,0.15,0.0,48.0,1.0,0.0,41.0,4.0,2.95744680851064,0.0,1.0,0.0,0.659197012138189,0.666666666666667,2.0,0.7339494403596373,0.2660505596403627
746,49,5.0,1.0,1.0,5.0,0.0,1.0,2.0,16.0,10.0,44.0,25.0,0.15,0.0,96.0,1.0,0.0,41.0,4.0,2.95744680851064,0.0,1.0,0.0,0.659197012138189,0.666666666666667,2.0,0.7716766163083622,0.22832338369163796
746,50,1.0,1.0,1.0,5.0,0.0,1.0,2.0,16.0,10.0,44.0,78.0,0.15,0.0,96.0,1.0,0.0,41.0,4.0,2.95744680851064,0.0,1.0,0.0,0.659197012138189,0.666666666666667,2.0,0.8015368672275324,0.19846313277246758
746,51,5.0,1.0,1.0,5.0,0.0,1.0,2.0,4.0,38.0,44.0,78.0,0.15,0.0,96.0,1.0,0.0,41.0,4.0,2.95744680851064,0.0,6.0,0.0,0.659197012138189,0.666666666666667,2.0,0.7530251693198459,0.2469748306801541
746,52,5.0,1.0,3.0,5.0,0.0,1.0,2.0,4.0,10.0,44.0,78.0,0.15,0.0,96.0,1.0,0.0,41.0,4.0,2.95744680851064,0.0,33.0,0.0,0.659197012138189,0.666666666666667,2.0,0.8397954766449117,0.1602045233550882
746,53,5.0,1.0,1.0,5.0,0.0,1.0,2.0,4.0,10.0,44.0,78.0,2.62,0.0,96.0,1.0,51.0,41.0,4.0,2.95744680851064,0.0,1.0,0.0,0.659197012138189,0.666666666666667,2.0,0.8403067250665285,0.15969327493347177
746,54,5.0,1.0,1.0,5.0,0.0,1.0,2.0,4.0,10.0,44.0,78.0,7.33,0.0,96.0,1.0,15.0,41.0,4.0,2.95744680851064,0.0,1.0,0.0,0.659197012138189,0.666666666666667,2.0,0.7489108614055421,0.251089138594458
746,55,5.0,1.0,1.0,5.0,10.0,1.0,2.0,4.0,10.0,44.0,78.0,0.15,0.0,96.0,1.0,0.0,41.0,4.0,2.95744680851064,0.0,1.0,0.0,1.1,0.666666666666667,2.0,0.6587225919520996,0.3412774080479004
746,56,5.0,1.0,1.0,5.0,0.0,1.0,2.0,4.0,10.0,44.0,78.0,0.15,0.0,96.0,1.0,0.0,41.0,0.0,2.95744680851064,41.0,1.0,0.0,0.659197012138189,0.666666666666667,2.0,0.8402673869817557,0.15973261301824435
746,57,5.0,1.0,3.0,5.0,0.0,1.0,2.0,4.0,10.0,44.0,78.0,0.15,0.0,96.0,1.0,43.0,41.0,4.0,2.95744680851064,0.0,1.0,0.0,0.659197012138189,0.666666666666667,2.0,0.8402326001577484,0.15976739984225163
746,58,5.0,1.0,1.0,5.0,0.0,1.0,2.0,4.0,10.0,44.0,78.0,0.15,15.0,96.0,1.0,0.0,41.0,4.0,2.95744680851064,33.0,1.0,0.0,0.659197012138189,0.666666666666667,2.0,0.8402672493608977,0.15973275063910228
746,59,5.0,1.0,1.0,5.0,0.0,1.0,2.0,4.0,10.0,58.0,78.0,0.15,0.0,96.0,1.0,0.0,41.0,4.0,16.5,0.0,1.0,0.0,0.659197012138189,0.666666666666667,2.0,0.5535323157920506,0.44646768420794947
746,60,5.0,24.0,1.0,5.0,0.0,1.0,2.0,4.0,10.0,44.0,78.0,0.15,0.0,96.0,1.0,0.0,64.0,4.0,2.95744680851064,0.0,1.0,0.0,0.659197012138189,0.666666666666667,2.0,0.6864353233112183,0.3135646766887816
746,61,5.0,1.0,1.0,5.0,0.0,1.0,2.0,2.0,10.0,44.0,78.0,0.15,0.0,96.0,1.0,38.0,41.0,4.0,2.95744680851064,0.0,1.0,0.0,0.659197012138189,0.666666666666667,2.0,0.8391855650635821,0.1608144349364178
746,62,5.0,1.0,1.0,5.0,0.0,1.0,2.0,13.0,10.0,44.0,78.0,0.15,0.0,96.0,1.0,0.0,41.0,4.0,2.95744680851064,0.0,1.0,0.0,0.7,0.666666666666667,2.0,0.620433694991608,0.37956630500839195
746,63,5.0,44.0,1.0,5.0,0.0,1.0,2.0,4.0,10.0,44.0,78.0,0.15,0.0,96.0,1.0,33.0,41.0,4.0,2.95744680851064,0.0,1.0,0.0,0.659197012138189,0.666666666666667,2.0,0.8402516478632207,0.15974835213677926
746,64,5.0,1.0,1.0,83.0,0.0,1.0,2.0,4.0,10.0,44.0,78.0,0.15,0.0,96.0,1.0,0.0,41.0,4.0,2.95744680851064,0.0,1.0,0.0,0.659197012138189,0.666666666666667,2.0,0.840269275695108,0.15973072430489182
746,65,5.0,37.0,1.0,21.0,0.0,1.0,2.0,4.0,10.0,44.0,78.0,0.15,0.0,96.0,1.0,0.0,41.0,4.0,2.95744680851064,0.0,1.0,0.0,0.659197012138189,0.666666666666667,2.0,0.8368171189601068,0.16318288103989323
746,66,5.0,1.0,1.0,5.0,0.0,1.0,2.0,4.0,10.0,44.0,108.0,0.15,13.0,96.0,1.0,0.0,41.0,4.0,2.95744680851064,0.0,1.0,0.0,0.659197012138189,0.666666666666667,2.0,0.8306631999431996,0.1693368000568005
746,67,5.0,28.0,1.0,5.0,0.0,1.0,2.0,4.0,10.0,44.0,78.0,0.15,0.0,96.0,1.0,0.0,41.0,4.0,4.4,0.0,1.0,0.0,0.659197012138189,0.666666666666667,2.0,0.7458548890932211,0.25414511090677877
746,68,5.0,1.0,1.0,5.0,10.0,1.0,2.0,4.0,10.0,44.0,78.0,0.15,0.0,96.0,1.0,0.0,41.0,4.0,2.95744680851064,0.0,1.0,0.0,0.659197012138189,0.666666666666667,2.0,0.6008920528630026,0.3991079471369973
746,69,5.0,1.0,1.0,5.0,27.0,1.0,2.0,4.0,10.0,44.0,78.0,0.15,0.0,96.0,1.0,0.0,41.0,4.0,2.95744680851064,0.0,1.0,0.0,0.659197012138189,0.8,2.0,0.8400721814204043,0.15992781857959582
746,70,5.0,1.0,1.0,5.0,0.0,1.0,2.0,4.0,10.0,44.0,78.0,0.15,0.0,96.0,1.0,45.0,41.0,4.0,2.95744680851064,0.0,1.0,0.0,1.0,0.666666666666667,2.0,0.8402417152873934,0.15975828471260647
746,71,5.0,1.0,1.0,5.0,0.0,1.0,9.0,4.0,10.0,44.0,94.0,0.15,0.0,96.0,1.0,0.0,41.0,4.0,2.95744680851064,0.0,1.0,0.0,0.659197012138189,0.666666666666667,2.0,0.7400963842818769,0.2599036157181232
746,72,6.0,1.0,1.0,5.0,0.0,1.0,2.0,4.0,10.0,44.0,78.0,0.15,0.0,96.0,1.0,48.0,41.0,4.0,2.95744680851064,0.0,1.0,0.0,0.659197012138189,0.666666666666667,2.0,0.8402822107828989,0.15971778921710092
746,73,9.0,1.0,1.0,5.0,35.0,1.0,2.0,4.0,10.0,44.0,78.0,0.15,0.0,96.0,1.0,0.0,41.0,4.0,2.95744680851064,0.0,1.0,0.0,0.659197012138189,0.666666666666667,2.0,0.8402692695736523,0.15973073042634767
746,74,5.0,1.0,1.0,86.0,0.0,1.0,2.0,4.0,10.0,44.0,78.0,0.15,0.0,96.0,1.0,0.0,41.0,4.0,2.95744680851064,0.0,1.0,0.0,0.659197012138189,0.666666666666667,2.0,0.8402700868902717,0.15972991310972823
746,75,17.0,1.0,1.0,5.0,0.0,1.0,14.0,4.0,10.0,44.0,78.0,0.15,0.0,96.0,1.0,0.0,41.0,4.0,2.95744680851064,0.0,1.0,0.0,0.659197012138189,0.666666666666667,2.0,0.840264343574046,0.15973565642595397
746,76,5.0,1.0,1.0,61.0,0.0,1.0,2.0,4.0,10.0,44.0,78.0,4.32,0.0,96.0,1.0,0.0,41.0,4.0,2.95744680851064,0.0,1.0,0.0,0.659197012138189,0.666666666666667,2.0,0.840267252413418,0.1597327475865819
746,77,5.0,1.0,1.0,5.0,0.0,1.0,2.0,4.0,34.0,44.0,78.0,0.15,0.0,96.0,1.0,0.0,41.0,4.0,2.95744680851064,0.0,1.0,0.0,0.659197012138189,0.666666666666667,3.0,0.6964538285628443,0.30354617143715557
746,78,5.0,1.0,1.0,5.0,0.0,1.0,9.0,4.0,10.0,44.0,78.0,0.15,0.0,96.0,1.0,0.0,43.0,4.0,2.95744680851064,0.0,1.0,0.0,0.659197012138189,0.666666666666667,2.0,0.7075589445674082,0.29244105543259175
746,79,5.0,1.0,1.0,5.0,0.0,16.0,2.0,17.0,10.0,44.0,78.0,0.15,0.0,96.0,1.0,0.0,41.0,4.0,2.95744680851064,0.0,1.0,0.0,0.659197012138189,0.666666666666667,2.0,0.82897227434759,0.17102772565240998
746,80,5.0,1.0,1.0,5.0,0.0,1.0,2.0,4.0,10.0,44.0,78.0,0.15,0.0,96.0,1.0,0.0,41.0,4.0,46.2,0.0,1.0,3.0,0.659197012138189,0.666666666666667,2.0,0.8402671619577208,0.15973283804227909
746,81,13.0,1.0,1.0,5.0,0.0,1.0,2.0,4.0,10.0,44.0,78.0,0.15,0.0,96.0,4.0,0.0,41.0,4.0,2.95744680851064,0.0,1.0,0.0,0.659197012138189,0.666666666666667,2.0,0.787254671240819,0.21274532875918087
746,82,5.0,1.0,1.0,5.0,0.0,16.0,2.0,4.0,10.0,44.0,78.0,0.13,0.0,96.0,1.0,0.0,41.0,4.0,2.95744680851064,0.0,1.0,0.0,0.659197012138189,0.666666666666667,2.0,0.5565526543166207,0.4434473456833793
746,83,5.0,1.0,1.0,5.0,0.0,1.0,2.0,4.0,10.0,60.0,78.0,0.15,0.0,96.0,1.0,0.0,41.0,4.0,2.95744680851064,0.0,37.0,0.0,0.659197012138189,0.666666666666667,2.0,0.840078376912024,0.15992162308797597
746,84,5.0,1.0,1.0,5.0,0.0,1.0,2.0,4.0,10.0,44.0,36.0,0.15,0.0,96.0,1.0,51.0,41.0,4.0,2.95744680851064,0.0,1.0,0.0,0.659197012138189,0.666666666666667,2.0,0.840489378465156,0.15951062153484408
746,85,21.0,18.0,1.0,5.0,0.0,1.0,2.0,4.0,10.0,44.0,78.0,0.15,0.0,96.0,1.0,0.0,41.0,4.0,2.95744680851064,0.0,1.0,0.0,0.659197012138189,0.666666666666667,2.0,0.8403713199408538,0.15962868005914632
746,86,5.0,1.0,1.0,5.0,0.0,1.0,2.0,4.0,10.0,44.0,78.0,0.15,0.0,96.0,1.0,0.0,41.0,1.0,2.95744680851064,0.0,1.0,3.0,0.659197012138189,0.666666666666667,2.0,0.8398795618822845,0.16012043811771523
746,87,5.0,1.0,1.0,49.0,0.0,1.0,2.0,4.0,10.0,44.0,78.0,0.15,0.0,96.0,1.0,0.0,41.0,4.0,2.95744680851064,0.0,1.0,0.0,0.659197012138189,0.666666666666667,2.0,0.840211067871046,0.15978893212895404
746,88,10.0,1.0,1.0,5.0,0.0,1.0,2.0,4.0,16.0,44.0,78.0,0.15,0.0,96.0,1.0,0.0,41.0,4.0,2.95744680851064,0.0,1.0,0.0,0.659197012138189,0.666666666666667,2.0,0.5116386597973361,0.48836134020266375
746,89,5.0,1.0,1.0,5.0,0.0,1.0,2.0,4.0,10.0,44.0,78.0,0.15,0.0,96.0,1.0,0.0,41.0,4.0,2.95744680851064,17.0,1.0,0.0,0.659197012138189,0.666666666666667,3.0,0.8010649324098094,0.19893506759019042
746,90,5.0,28.0,1.0,5.0,41.0,1.0,2.0,4.0,10.0,44.0,78.0,0.15,0.0,96.0,1.0,0.0,41.0,4.0,2.95744680851064,0.0,1.0,0.0,0.659197012138189,0.666666666666667,2.0,0.8402717226846332,0.15972827731536657
746,91,5.0,43.0,1.0,5.0,0.0,1.0,2.0,4.0,10.0,44.0,78.0,0.15,0.0,96.0,1.0,0.0,41.0,4.0,26.5,0.0,1.0,0.0,0.659197012138189,0.666666666666667,2.0,0.8399649038789716,0.1600350961210285
746,92,5.0,1.0,1.0,5.0,0.0,14.0,2.0,4.0,10.0,44.0,78.0,0.15,0.0,96.0,1.0,0.0,41.0,4.0,2.95744680851064,0.0,1.0,0.0,0.659197012138189,0.666666666666667,4.0,0.648506610711245,0.3514933892887549
746,93,5.0,1.0,1.0,5.0,0.0,1.0,2.0,18.0,10.0,44.0,78.0,0.15,0.0,42.0,1.0,0.0,41.0,4.0,2.95744680851064,0.0,1.0,0.0,0.659197012138189,0.666666666666667,2.0,0.804593890085973,0.19540610991402696
746,94,3.0,1.0,1.0,5.0,19.0,1.0,2.0,4.0,10.0,44.0,78.0,0.15,0.0,96.0,1.0,0.0,41.0,4.0,2.95744680851064,0.0,1.0,0.0,0.659197012138189,0.666666666666667,2.0,0.8356498522887787,0.16435014771122125
746,95,5.0,1.0,1.0,5.0,24.0,1.0,2.0,4.0,10.0,44.0,78.0,0.15,0.0,96.0,1.0,0.0,41.0,4.0,35.6,0.0,1.0,0.0,0.659197012138189,0.666666666666667,2.0,0.8402647423836272,0.15973525761637283
746,96,5.0,1.0,1.0,5.0,0.0,1.0,2.0,4.0,10.0,44.0,78.0,0.15,0.0,96.0,1.0,0.0,41.0,4.0,2.95744680851064,0.0,1.0,3.0,0.659197012138189,0.2,2.0,0.8397118475352886,0.16028815246471123
746,97,5.0,1.0,1.0,5.0,28.0,8.0,2.0,4.0,10.0,44.0,78.0,0.15,0.0,96.0,1.0,0.0,41.0,4.0,2.95744680851064,0.0,1.0,0.0,0.659197012138189,0.666666666666667,2.0,0.84016062445265,0.15983937554734987
746,98,5.0,1.0,1.0,5.0,0.0,1.0,2.0,4.0,10.0,44.0,78.0,0.15,0.0,96.0,1.0,51.0,37.0,4.0,2.95744680851064,0.0,1.0,0.0,0.659197012138189,0.666666666666667,2.0,0.8403228033749015,0.15967719662509874
776,0,0.0,0.0,1.0,0.0,0.0,0.0,1.0,1.0,0.0,40.0,84.0,0.21,0.0,97.0,1.0,0.0,0.0,1.0,37.5,1.0,1.0,0.0,0.816037735849057,1.0,0.0,0.8363396917415992,0.16366030825840094
776,1,0.0,0.0,1.0,0.0,0.0,0.0,1.0,1.0,0.0,40.0,84.0,0.21,0.0,97.0,1.0,0.0,0.0,1.0,2.51190476190476,1.0,1.0,2.0,1.0,1.0,0.0,0.8226626360540055,0.17733736394599453
776,2,0.0,0.0,1.0,96.0,0.0,0.0,1.0,1.0,0.0,40.0,84.0,0.21,0.0,97.0,3.0,0.0,0.0,1.0,2.51190476190476,1.0,1.0,0.0,0.816037735849057,1.0,0.0,0.8407653963080916,0.15923460369190853
776,3,0.0,0.0,1.0,0.0,0.0,0.0,1.0,1.0,0.0,40.0,84.0,0.21,5.0,97.0,1.0,0.0,0.0,1.0,2.51190476190476,1.0,1.0,0.0,0.816037735849057,1.0,4.0,0.7014625724397956,0.29853742756020435
776,4,0.0,0.0,1.0,0.0,0.0,0.0,1.0,1.0,28.0,40.0,84.0,0.21,0.0,97.0,1.0,0.0,0.0,1.0,2.51190476190476,1.0,13.0,0.0,0.816037735849057,1.0,0.0,0.825100464746991,0.17489953525300905
776,5,0.0,0.0,1.0,0.0,0.0,0.0,1.0,1.0,0.0,40.0,27.0,3.63,0.0,97.0,1.0,0.0,0.0,1.0,2.51190476190476,1.0,1.0,0.0,0.816037735849057,1.0,0.0,0.7712213162873963,0.22877868371260365
776,6,0.0,0.0,1.0,0.0,0.0,0.0,1.0,1.0,0.0,40.0,84.0,0.21,0.0,98.0,1.0,0.0,0.0,1.0,51.3,1.0,1.0,0.0,0.816037735849057,1.0,0.0,0.8402748640753805,0.1597251359246195
776,7,0.0,0.0,1.0,0.0,0.0,0.0,1.0,1.0,0.0,40.0,43.0,0.21,0.0,97.0,1.0,0.0,0.0,1.0,2.51190476190476,1.0,1.0,0.0,0.816037735849057,1.0,0.0,0.5372341402356194,0.4627658597643804
776,8,0.0,0.0,1.0,0.0,0.0,0.0,1.0,1.0,0.0,40.0,84.0,0.21,0.0,97.0,1.0,0.0,0.0,7.0,26.9,1.0,1.0,0.0,0.816037735849057,1.0,0.0,0.8004921939427163,0.1995078060572838
776,9,0.0,0.0,1.0,0.0,0.0,0.0,1.0,1.0,31.0,40.0,84.0,0.21,0.0,97.0,1.0,0.0,0.0,1.0,2.51190476190476,1.0,1.0,0.0,0.816037735849057,1.0,0.0,0.8194066488747573,0.18059335112524263
776,10,9.0,0.0,1.0,0.0,37.0,0.0,1.0,1.0,0.0,40.0,84.0,0.21,0.0,97.0,1.0,0.0,0.0,1.0,2.51190476190476,1.0,1.0,0.0,0.816037735849057,1.0,0.0,0.840546186587254,0.15945381341274611
776,11,0.0,0.0,1.0,0.0,0.0,7.0,1.0,1.0,0.0,40.0,84.0,0.21,0.0,97.0,1.0,0.0,0.0,1.0,2.51190476190476,1.0,1.0,2.0,0.816037735849057,1.0,0.0,0.825700119242074,0.17429988075792613
776,12,0.0,0.0,1.0,0.0,0.0,0.0,1.0,1.0,0.0,40.0,84.0,0.21,0.0,97.0,1.0,0.0,0.0,1.0,46.3,1.0,22.0,0.0,0.816037735849057,1.0,0.0,0.840265355386732,0.15973464461326792
776,13,0.0,0.0,1.0,43.0,0.0,0.0,1.0,1.0,0.0,40.0,84.0,0.21,0.0,97.0,1.0,0.0,0.0,1.0,2.51190476190476,1.0,1.0,0.0,0.816037735849057,1.0,0.0,0.8400407832225173,0.15995921677748276
776,14,0.0,0.0,1.0,0.0,38.0,0.0,1.0,1.0,0.0,40.0,84.0,0.21,0.0,97.0,1.0,0.0,0.0,1.0,2.51190476190476,1.0,1.0,0.0,0.816037735849057,1.0,0.0,0.8419567899543274,0.1580432100456728
776,15,0.0,0.0,1.0,0.0,0.0,0.0,1.0,1.0,35.0,40.0,84.0,0.21,0.0,97.0,1.0,0.0,39.0,1.0,2.51190476190476,1.0,1.0,0.0,0.816037735849057,1.0,0.0,0.8072698721856023,0.1927301278143976
776,16,0.0,0.0,1.0,0.0,0.0,0.0,9.0,1.0,0.0,60.0,84.0,0.21,0.0,97.0,1.0,0.0,0.0,1.0,2.51190476190476,1.0,1.0,0.0,0.816037735849057,1.0,0.0,0.8149752467859493,0.18502475321405074
776,17,0.0,0.0,1.0,0.0,0.0,0.0,1.0,1.0,0.0,40.0,84.0,0.21,0.0,33.0,1.0,0.0,0.0,1.0,2.51190476190476,1.0,35.0,0.0,0.816037735849057,1.0,0.0,0.8403606185545751,0.1596393814454248
776,18,0.0,0.0,1.0,0.0,0.0,0.0,1.0,16.0,0.0,40.0,84.0,0.21,0.0,97.0,1.0,0.0,0.0,1.0,2.51190476190476,1.0,1.0,0.0,0.816037735849057,1.0,0.0,0.8453296292434083,0.15467037075659157
776,19,0.0,0.0,1.0,0.0,0.0,0.0,1.0,1.0,0.0,40.0,84.0,0.21,10.0,97.0,1.0,0.0,0.0,1.0,2.51190476190476,1.0,1.0,0.0,0.9,1.0,0.0,0.7872836399487951,0.21271636005120495
776,20,8.0,0.0,1.0,0.0,0.0,0.0,1.0,1.0,0.0,40.0,84.0,0.21,0.0,97.0,1.0,0.0,0.0,1.0,34.8,1.0,1.0,0.0,0.816037735849057,1.0,0.0,0.8388498777378276,0.16115012226217235
776,21,0.0,0.0,1.0,0.0,7.0,0.0,1.0,1.0,0.0,40.0,134.0,0.21,0.0,97.0,1.0,0.0,0.0,1.0,2.51190476190476,1.0,1.0,0.0,0.816037735849057,1.0,0.0,0.709446257568723,0.2905537424312771
776,22,6.0,0.0,1.0,0.0,14.0,0.0,1.0,1.0,0.0,40.0,84.0,0.21,0.0,97.0,1.0,0.0,0.0,1.0,2.51190476190476,1.0,1.0,0.0,0.816037735849057,1.0,0.0,0.8313792997371413,0.16862070026285852
776,23,0.0,0.0,1.0,0.0,0.0,0.0,1.0,1.0,0.0,40.0,130.0,0.21,0.0,97.0,1.0,0.0,0.0,1.0,2.51190476190476,1.0,27.0,0.0,0.816037735849057,1.0,0.0,0.8354351173698737,0.16456488263012617
776,24,0.0,0.0,1.0,0.0,0.0,0.0,1.0,1.0,0.0,23.0,84.0,0.21,0.0,97.0,1.0,0.0,0.0,1.0,2.51190476190476,1.0,0.0,0.0,0.816037735849057,1.0,0.0,0.743585008951024,0.2564149910489761
776,25,0.0,0.0,1.0,0.0,0.0,0.0,1.0,1.0,0.0,40.0,84.0,0.21,0.0,97.0,1.0,0.0,0.0,9.0,2.51190476190476,1.0,24.0,0.0,0.816037735849057,1.0,0.0,0.8371525577021032,0.16284744229789702
776,26,0.0,0.0,1.0,0.0,0.0,0.0,1.0,2.0,0.0,40.0,84.0,0.21,0.0,97.0,1.0,0.0,0.0,1.0,25.9,1.0,1.0,0.0,0.816037735849057,1.0,0.0,0.773513742997805,0.22648625700219496
776,27,0.0,0.0,1.0,0.0,0.0,0.0,1.0,1.0,0.0,22.0,84.0,0.21,0.0,97.0,1.0,0.0,0.0,1.0,2.51190476190476,1.0,1.0,0.0,0.6,1.0,0.0,0.7484346312752379,0.251565368724762
776,28,0.0,0.0,1.0,0.0,2.0,0.0,10.0,1.0,0.0,40.0,84.0,0.21,0.0,97.0,1.0,0.0,0.0,1.0,2.51190476190476,1.0,1.0,0.0,0.816037735849057,1.0,0.0,0.8172291233686949,0.18277087663130517
776,29,0.0,0.0,4.0,0.0,0.0,0.0,1.0,1.0,0.0,40.0,84.0,0.21,0.0,97.0,1.0,0.0,0.0,5.0,2.51190476190476,1.0,1.0,0.0,0.816037735849057,1.0,0.0,0.8263032476709318,0.17369675232906798
776,30,0.0,0.0,1.0,25.0,0.0,0.0,1.0,1.0,0.0,40.0,84.0,0.21,0.0,97.0,1.0,0.0,0.0,1.0,2.51190476190476,15.0,1.0,0.0,0.816037735849057,1.0,0.0,0.8373888931842234,0.16261110681577645
776,31,0.0,39.0,1.0,0.0,0.0,0.0,1.0,1.0,0.0,40.0,133.0,0.21,0.0,97.0,1.0,0.0,0.0,1.0,2.51190476190476,1.0,1.0,0.0,0.816037735849057,1.0,0.0,0.8382107400066601,0.16178925999334
776,32,0.0,0.0,1.0,0.0,0.0,0.0,1.0,1.0,0.0,19.0,84.0,0.21,0.0,97.0,1.0,0.0,0.0,1.0,2.51190476190476,1.0,1.0,0.0,0.816037735849057,1.0,0.0,0.8652191054532707,0.1347808945467294
776,33,0.0,0.0,1.0,0.0,0.0,0.0,1.0,1.0,0.0,40.0,84.0,5.24,0.0,97.0,1.0,0.0,0.0,1.0,2.51190476190476,1.0,1.0,0.0,0.816037735849057,1.0,0.0,0.5116850103989418,0.48831498960105824
776,34,0.0,0.0,1.0,0.0,0.0,0.0,1.0,1.0,0.0,40.0,84.0,0.21,0.0,99.0,1.0,0.0,0.0,1.0,2.51190476190476,1.0,25.0,0.0,0.816037735849057,1.0,0.0,0.8257121004855482,0.17428789951445173
776,35,0.0,0.0,1.0,0.0,0.0,0.0,1.0,1.0,0.0,40.0,84.0,0.21,0.0,97.0,1.0,0.0,0.0,1.0,2.51190476190476,1.0,12.0,0.0,0.816037735849057,1.0,0.0,0.5248007742392238,0.47519922576077633
776,36,0.0,0.0,1.0,0.0,0.0,6.0,1.0,1.0,0.0,40.0,84.0,0.21,0.0,97.0,1.0,0.0,0.0,1.0,2.51190476190476,14.0,1.0,0.0,0.816037735849057,1.0,0.0,0.7665691351990355,0.23343086480096453
776,37,0.0,0.0,1.0,0.0,0.0,0.0,1.0,1.0,0.0,40.0,84.0,0.21,0.0,97.0,3.0,0.0,64.0,1.0,2.51190476190476,1.0,1.0,0.0,0.816037735849057,1.0,0.0,0.6300785457631088,0.3699214542368913
776,38,0.0,0.0,1.0,0.0,0.0,7.0,1.0,1.0,22.0,40.0,84.0,0.21,0.0,97.0,1.0,0.0,0.0,1.0,2.51190476190476,1.0,1.0,0.0,0.816037735849057,1.0,0.0,0.7603852264295131,0.23961477357048686
776,39,16.0,0.0,1.0,0.0,0.0,0.0,12.0,1.0,0.0,40.0,84.0,0.21,0.0,97.0,1.0,0.0,0.0,1.0,2.51190476190476,1.0,1.0,0.0,0.816037735849057,1.0,0.0,0.8402646406493998,0.15973535935060026
776,40,0.0,0.0,1.0,58.0,0.0,0.0,1.0,1.0,0.0,40.0,84.0,0.21,0.0,97.0,1.0,0.0,7.0,1.0,2.51190476190476,1.0,1.0,0.0,0.816037735849057,1.0,0.0,0.840267306564295,0.1597326934357049
776,41,0.0,0.0,1.0,0.0,0.0,0.0,1.0,1.0,0.0,6.0,84.0,0.21,0.0,97.0,1.0,50.0,0.0,1.0,2.51190476190476,1.0,1.0,0.0,0.816037735849057,1.0,0.0,0.8412877621709186,0.15871223782908164
776,42,0.0,0.0,1.0,0.0,0.0,0.0,1.0,1.0,0.0,40.0,84.0,0.21,0.0,97.0,1.0,0.0,0.0,1.0,44.9,2.0,1.0,0.0,0.816037735849057,1.0,0.0,0.8400225218919133,0.15997747810808652
776,43,0.0,0.0,1.0,0.0,0.0,0.0,1.0,1.0,0.0,40.0,84.0,0.21,8.0,97.0,1.0,0.0,0.0,1.0,2.51190476190476,1.0,2.0,0.0,0.816037735849057,1.0,0.0,0.7034837899920747,0.29651621000792516
776,44,0.0,0.0,1.0,0.0,0.0,5.0,1.0,1.0,0.0,40.0,84.0,0.21,0.0,97.0,1.0,0.0,0.0,1.0,2.51190476190476,1.0,15.0,0.0,0.816037735849057,1.0,0.0,0.6935561095116036,0.3064438904883963
776,45,0.0,0.0,1.0,70.0,0.0,0.0,1.0,1.0,0.0,63.0,84.0,0.21,0.0,97.0,1.0,0.0,0.0,1.0,2.51190476190476,1.0,1.0,0.0,0.816037735849057,1.0,0.0,0.840267948493171,0.15973205150682884
776,46,0.0,0.0,1.0,0.0,0.0,0.0,1.0,1.0,0.0,40.0,84.0,0.21,0.0,97.0,1.0,0.0,0.0,1.0,2.51190476190476,17.0,5.0,0.0,0.816037735849057,1.0,0.0,0.8061308223058512,0.1938691776941487
776,47,6.0,9.0,1.0,0.0,0.0,0.0,1.0,1.0,0.0,40.0,84.0,0.21,0.0,97.0,1.0,0.0,0.0,1.0,2.51190476190476,1.0,1.0,0.0,0.816037735849057,1.0,0.0,0.7496428293300332,0.25035717066996654
776,48,0.0,0.0,1.0,0.0,0.0,0.0,1.0,1.0,0.0,40.0,84.0,3.95,15.0,97.0,1.0,0.0,0.0,1.0,2.51190476190476,1.0,1.0,0.0,0.816037735849057,1.0,0.0,0.8382582854271752,0.16174171457282494
776,49,0.0,0.0,1.0,0.0,0.0,0.0,1.0,1.0,0.0,40.0,84.0,0.21,0.0,97.0,1.0,0.0,0.0,1.0,2.51190476190476,15.0,14.0,0.0,0.816037735849057,1.0,0.0,0.8159373630172349,0.18406263698276504
776,50,0.0,0.0,1.0,0.0,0.0,0.0,9.0,1.0,0.0,40.0,94.0,0.21,0.0,97.0,1.0,0.0,0.0,1.0,2.51190476190476,1.0,1.0,0.0,0.816037735849057,1.0,0.0,0.796012482964653,0.20398751703534712
776,51,0.0,0.0,1.0,0.0,0.0,0.0,1.0,1.0,0.0,40.0,84.0,0.21,0.0,97.0,3.0,0.0,0.0,1.0,2.51190476190476,1.0,35.0,0.0,0.816037735849057,1.0,0.0,0.8402777463501987,0.15972225364980142
776,52,0.0,0.0,1.0,0.0,0.0,0.0,1.0,1.0,36.0,40.0,84.0,0.21,0.0,97.0,1.0,0.0,0.0,1.0,2.51190476190476,1.0,1.0,1.0,0.816037735849057,1.0,0.0,0.8367283357047882,0.16327166429521192
776,53,0.0,0.0,1.0,0.0,0.0,0.0,1.0,1.0,0.0,40.0,84.0,0.21,4.0,97.0,1.0,0.0,0.0,1.0,36.2,1.0,1.0,0.0,0.816037735849057,1.0,0.0,0.8363080290147853,0.16369197098521465
776,54,0.0,0.0,1.0,0.0,0.0,0.0,1.0,1.0,0.0,40.0,84.0,0.21,0.0,97.0,1.0,17.0,0.0,1.0,2.51190476190476,1.0,1.0,0.0,0.816037735849057,0.9,0.0,0.6695564085212482,0.3304435914787517
776,55,0.0,0.0,1.0,0.0,0.0,0.0,5.0,11.0,0.0,40.0,84.0,0.21,0.0,97.0,1.0,0.0,0.0,1.0,2.51190476190476,1.0,1.0,0.0,0.816037735849057,1.0,0.0,0.8118499919431271,0.18815000805687299
776,56,0.0,22.0,1.0,0.0,0.0,0.0,1.0,1.0,0.0,40.0,84.0,0.21,0.0,97.0,1.0,0.0,0.0,1.0,2.51190476190476,1.0,1.0,0.0,0.8,1.0,0.0,0.7166426754779748,0.2833573245220251
776,57,0.0,0.0,1.0,0.0,18.0,0.0,1.0,1.0,0.0,40.0,84.0,0.21,0.0,97.0,8.0,0.0,0.0,1.0,2.51190476190476,1.0,1.0,0.0,0.816037735849057,1.0,0.0,0.8398555307283074,0.16014446927169268
776,58,0.0,0.0,1.0,0.0,0.0,0.0,1.0,1.0,0.0,40.0,84.0,0.21,0.0,97.0,1.0,0.0,32.0,1.0,2.51190476190476,21.0,1.0,0.0,0.816037735849057,1.0,0.0,0.8327742539546363,0.16722574604536353
776,59,0.0,43.0,1.0,0.0,0.0,0.0,1.0,1.0,0.0,40.0,84.0,0.21,0.0,97.0,1.0,0.0,0.0,1.0,26.5,1.0,1.0,0.0,0.816037735849057,1.0,0.0,0.8400874120319989,0.15991258796800129
776,60,0.0,0.0,1.0,84.0,0.0,0.0,1.0,1.0,0.0,40.0,84.0,0.21,0.0,97.0,1.0,0.0,0.0,1.0,2.51190476190476,1.0,1.0,0.0,0.816037735849057,1.0,0.0,0.8405185465451298,0.15948145345486997
776,61,0.0,0.0,1.0,0.0,28.0,0.0,1.0,1.0,0.0,40.0,84.0,0.21,0.0,97.0,1.0,0.0,0.0,1.0,2.51190476190476,1.0,1.0,0.0,0.816037735849057,1.0,0.0,0.8404957465417195,0.15950425345828062
776,62,0.0,0.0,1.0,0.0,0.0,0.0,1.0,1.0,0.0,64.0,84.0,0.21,0.0,97.0,1.0,0.0,0.0,1.0,2.51190476190476,1.0,1.0,2.0,0.816037735849057,1.0,0.0,0.8306038569308606,0.16939614306913925
776,63,0.0,0.0,1.0,0.0,0.0,0.0,9.0,1.0,0.0,40.0,84.0,0.21,0.0,97.0,1.0,0.0,0.0,1.0,2.51190476190476,23.0,1.0,0.0,0.816037735849057,1.0,0.0,0.839897459533545,0.16010254046645492
776,64,0.0,0.0,1.0,0.0,0.0,0.0,1.0,1.0,0.0,40.0,84.0,0.21,0.0,97.0,1.0,0.0,0.0,1.0,2.51190476190476,1.0,31.0,0.0,0.816037735849057,1.0,2.0,0.8388595007286678,0.16114049927133198
776,65,0.0,0.0,1.0,0.0,0.0,0.0,7.0,1.0,0.0,40.0,84.0,0.21,0.0,97.0,1.0,0.0,0.0,1.0,2.51190476190476,1.0,1.0,0.0,0.816037735849057,0.8,0.0,0.6648422045188216,0.3351577954811784
776,66,0.0,0.0,1.0,0.0,0.0,0.0,1.0,1.0,0.0,40.0,1.0,0.21,0.0,97.0,3.0,0.0,0.0,1.0,2.51190476190476,1.0,1.0,0.0,0.816037735849057,1.0,0.0,0.8452817290602265,0.15471827093977364
776,67,8.0,0.0,1.0,0.0,0.0,0.0,1.0,1.0,34.0,40.0,84.0,0.21,0.0,97.0,1.0,0.0,0.0,1.0,2.51190476190476,1.0,1.0,0.0,0.816037735849057,1.0,0.0,0.8365089649631674,0.1634910350368326
776,68,0.0,0.0,1.0,0.0,0.0,0.0,1.0,1.0,38.0,40.0,84.0,0.21,0.0,97.0,1.0,0.0,0.0,1.0,2.51190476190476,1.0,1.0,0.0,0.816037735849057,1.0,0.0,0.8348063007822237,0.16519369921777619
776,69,0.0,29.0,1.0,0.0,0.0,0.0,1.0,5.0,0.0,40.0,84.0,0.21,0.0,97.0,1.0,0.0,0.0,1.0,2.51190476190476,1.0,1.0,0.0,0.816037735849057,1.0,0.0,0.8114930000871396,0.18850699991286016
776,70,0.0,42.0,1.0,0.0,0.0,0.0,1.0,1.0,0.0,40.0,31.0,0.21,0.0,97.0,1.0,0.0,0.0,1.0,2.51190476190476,1.0,1.0,0.0,0.816037735849057,1.0,0.0,0.8305263587297208,0.16947364127027914
776,71,0.0,0.0,1.0,0.0,0.0,0.0,1.0,1.0,0.0,40.0,84.0,0.21,0.0,97.0,1.0,42.0,0.0,1.0,2.51190476190476,1.0,1.0,0.0,0.816037735849057,1.0,0.0,0.8406826582774812,0.15931734172251902
776,72,0.0,0.0,1.0,0.0,0.0,0.0,1.0,1.0,0.0,40.0,84.0,0.21,11.0,97.0,1.0,0.0,0.0,7.0,2.51190476190476,1.0,1.0,0.0,0.816037735849057,1.0,0.0,0.8298902727438042,0.17010972725619575
776,73,0.0,0.0,1.0,0.0,0.0,0.0,9.0,1.0,31.0,40.0,84.0,0.21,0.0,97.0,1.0,0.0,0.0,1.0,2.51190476190476,1.0,1.0,0.0,0.816037735849057,1.0,0.0,0.8367668873754434,0.16323311262455656
776,74,0.0,0.0,1.0,21.0,0.0,0.0,1.0,1.0,0.0,40.0,84.0,0.21,0.0,97.0,1.0,0.0,0.0,1.0,24.6,1.0,1.0,0.0,0.816037735849057,1.0,0.0,0.8316865518252634,0.16831344817473662
776,75,0.0,0.0,1.0,0.0,0.0,0.0,9.0,1.0,0.0,40.0,84.0,0.21,0.0,55.0,1.0,0.0,0.0,1.0,2.51190476190476,1.0,1.0,0.0,0.816037735849057,1.0,0.0,0.7941679810044148,0.20583201899558548
776,76,0.0,0.0,2.0,0.0,0.0,0.0,1.0,1.0,0.0,40.0,84.0,0.21,0.0,97.0,1.0,0.0,0.0,6.0,2.51190476190476,1.0,1.0,0.0,0.816037735849057,1.0,0.0,0.606901031341253,0.3930989686587469
776,77,0.0,0.0,1.0,65.0,0.0,0.0,1.0,1.0,0.0,40.0,84.0,0.21,0.0,97.0,1.0,0.0,0.0,1.0,2.51190476190476,1.0,1.0,0.0,0.816037735849057,1.0,0.0,0.8402709088500736,0.1597290911499261
776,78,7.0,0.0,1.0,0.0,0.0,0.0,1.0,1.0,0.0,40.0,134.0,0.21,0.0,97.0,1.0,0.0,0.0,1.0,2.51190476190476,1.0,1.0,0.0,0.816037735849057,1.0,0.0,0.7928934433903728,0.20710655660962715
776,79,0.0,0.0,1.0,0.0,0.0,0.0,1.0,1.0,0.0,40.0,84.0,0.21,0.0,97.0,1.0,0.0,0.0,1.0,2.51190476190476,1.0,22.0,0.0,0.816037735849057,0.5,0.0,0.8011720925253866,0.19882790747461368
776,80,0.0,0.0,1.0,0.0,0.0,0.0,7.0,1.0,0.0,40.0,84.0,0.21,0.0,87.0,1.0,0.0,0.0,1.0,2.51190476190476,1.0,1.0,0.0,0.816037735849057,1.0,0.0,0.6773794927446042,0.3226205072553959
776,81,0.0,0.0,1.0,0.0,0.0,0.0,1.0,1.0,0.0,40.0,84.0,6.49,0.0,97.0,1.0,0.0,0.0,1.0,2.51190476190476,1.0,1.0,0.0,0.816037735849057,1.0,0.0,0.6367722751643412,0.36322772483565857
776,82,0.0,0.0,1.0,70.0,0.0,0.0,1.0,1.0,0.0,40.0,84.0,0.21,0.0,97.0,1.0,0.0,0.0,1.0,2.51190476190476,1.0,1.0,0.0,0.816037735849057,1.0,0.0,0.8402828822019011,0.15971711779809922
776,83,0.0,0.0,1.0,0.0,0.0,0.0,1.0,1.0,0.0,40.0,84.0,0.21,0.0,97.0,1.0,30.0,0.0,1.0,2.51190476190476,1.0,1.0,0.0,0.816037735849057,1.1,0.0,0.8350833914389181,0.16491660856108165
776,84,0.0,24.0,1.0,0.0,0.0,0.0,1.0,1.0,0.0,40.0,84.0,0.21,0.0,97.0,1.0,0.0,0.0,1.0,2.51190476190476,1.0,1.0,0.0,0.816037735849057,0.0,0.0,0.7349755408609193,0.26502445913908057
776,85,0.0,0.0,1.0,0.0,0.0,0.0,1.0,1.0,0.0,40.0,84.0,5.28,0.0,97.0,1.0,0.0,0.0,1.0,2.51190476190476,1.0,1.0,0.0,0.816037735849057,1.0,0.0,0.5161625786890177,0.48383742131098223
776,86,0.0,0.0,1.0,0.0,0.0,0.0,1.0,1.0,35.0,40.0,84.0,0.21,0.0,97.0,2.0,0.0,0.0,1.0,2.51190476190476,1.0,1.0,0.0,0.816037735849057,1.0,0.0,0.8302708993962697,0.16972910060373048
776,87,0.0,0.0,1.0,0.0,0.0,0.0,1.0,1.0,0.0,43.0,84.0,0.21,0.0,97.0,1.0,0.0,0.0,1.0,2.51190476190476,1.0,1.0,2.0,0.816037735849057,1.0,0.0,0.8199941179380326,0.18000588206196758
776,88,0.0,0.0,1.0,0.0,0.0,0.0,1.0,1.0,0.0,40.0,84.0,0.21,0.0,97.0,6.0,0.0,0.0,1.0,47.9,1.0,1.0,0.0,0.816037735849057,1.0,0.0,0.8402142369024306,0.1597857630975695
776,89,0.0,0.0,1.0,36.0,0.0,0.0,1.0,1.0,0.0,40.0,84.0,0.21,0.0,97.0,1.0,0.0,0.0,1.0,2.51190476190476,1.0,1.0,0.0,0.816037735849057,1.0,2.0,0.8418330670975349,0.15816693290246508
776,90,0.0,0.0,1.0,0.0,0.0,10.0,1.0,1.0,0.0,40.0,84.0,0.21,0.0,97.0,3.0,0.0,0.0,1.0,2.51190476190476,1.0,1.0,0.0,0.816037735849057,1.0,0.0,0.523426359755698,0.47657364024430193
776,91,0.0,0.0,1.0,48.0,0.0,0.0,1.0,1.0,0.0,40.0,84.0,0.21,0.0,97.0,1.0,0.0,0.0,1.0,2.51190476190476,38.0,1.0,0.0,0.816037735849057,1.0,0.0,0.8402674134773901,0.15973258652261005
776,92,0.0,0.0,1.0,0.0,0.0,0.0,1.0,1.0,0.0,40.0,84.0,0.21,0.0,97.0,3.0,0.0,0.0,1.0,2.51190476190476,43.0,1.0,0.0,0.816037735849057,1.0,0.0,0.8402676350566579,0.15973236494334206
776,93,5.0,0.0,1.0,0.0,0.0,0.0,1.0,1.0,0.0,40.0,84.0,0.21,0.0,97.0,1.0,0.0,0.0,5.0,2.51190476190476,1.0,1.0,0.0,0.816037735849057,1.0,0.0,0.6319492351262698,0.36805076487373006
776,94,0.0,0.0,1.0,0.0,0.0,0.0,1.0,1.0,0.0,40.0,84.0,0.21,0.0,97.0,1.0,0.0,70.0,1.0,2.51190476190476,1.0,1.0,0.0,0.816037735849057,1.0,0.0,0.6849988541275635,0.3150011458724365
776,95,0.0,0.0,1.0,0.0,0.0,0.0,1.0,4.0,0.0,40.0,84.0,0.21,0.0,97.0,1.0,51.0,0.0,1.0,2.51190476190476,1.0,1.0,0.0,0.816037735849057,1.0,0.0,0.8403880587044359,0.1596119412955641
776,96,0.0,0.0,1.0,0.0,0.0,2.0,1.0,1.0,0.0,40.0,84.0,7.26,0.0,97.0,1.0,0.0,0.0,1.0,2.51190476190476,1.0,1.0,0.0,0.816037735849057,1.0,0.0,0.7027397812589123,0.29726021874108793
776,97,0.0,0.0,1.0,0.0,0.0,0.0,1.0,1.0,0.0,40.0,84.0,0.21,0.0,97.0,1.0,0.0,0.0,1.0,2.51190476190476,1.0,1.0,3.0,0.816037735849057,0.2,0.0,0.840178551097427,0.1598214489025729
776,98,0.0,0.0,1.0,0.0,0.0,0.0,1.0,1.0,0.0,40.0,84.0,0.21,0.0,97.0,1.0,41.0,61.0,1.0,2.51190476190476,1.0,1.0,0.0,0.816037735849057,1.0,0.0,0.8402238433139976,0.15977615668600262
776,99,0.0,0.0,1.0,0.0,0.0,0.0,1.0,1.0,0.0,16.0,84.0,0.21,0.0,97.0,2.0,0.0,0.0,1.0,2.51190476190476,1.0,1.0,0.0,0.816037735849057,1.0,0.0,0.9119376993741751,0.08806230062582467
779,0,4.0,1.0,1.0,1.0,0.0,1.0,2.0,6.0,3.0,18.0,42.0,0.19,0.0,91.0,1.0,0.0,31.0,5.0,27.2,0.0,0.0,0.0,0.589158345221113,1.0,2.0,0.8012770724944471,0.19872292750555293
779,1,20.0,1.0,1.0,1.0,0.0,3.0,2.0,6.0,3.0,18.0,42.0,0.19,0.0,91.0,1.0,0.0,31.0,5.0,3.4,0.0,0.0,0.0,0.589158345221113,1.0,2.0,0.8416085425657907,0.1583914574342094
779,2,4.0,1.0,1.0,1.0,9.0,1.0,2.0,6.0,3.0,18.0,42.0,0.19,0.0,91.0,1.0,0.0,31.0,5.0,3.4,0.0,0.0,0.0,0.589158345221113,1.0,2.0,0.5337458195208116,0.46625418047918854
779,3,4.0,1.0,1.0,1.0,0.0,1.0,2.0,6.0,3.0,18.0,2.0,0.19,0.0,91.0,1.0,0.0,31.0,5.0,3.4,0.0,0.0,0.0,0.4,1.0,2.0,0.527763619259057,0.47223638074094293
779,4,4.0,27.0,1.0,1.0,22.0,1.0,2.0,6.0,3.0,18.0,42.0,0.19,0.0,91.0,1.0,0.0,31.0,5.0,3.4,0.0,0.0,0.0,0.589158345221113,1.0,2.0,0.8379681994292969,0.16203180057070296
779,5,4.0,1.0,3.0,35.0,0.0,1.0,2.0,6.0,3.0,18.0,42.0,0.19,0.0,91.0,1.0,0.0,31.0,5.0,3.4,0.0,0.0,0.0,0.589158345221113,1.0,2.0,0.8381958992642256,0.16180410073577445
779,6,4.0,1.0,1.0,1.0,0.0,1.0,2.0,6.0,3.0,18.0,42.0,0.19,0.0,91.0,1.0,0.0,31.0,5.0,3.4,17.0,0.0,0.0,0.589158345221113,1.0,3.0,0.8165062184268631,0.18349378157313692
779,7,4.0,1.0,1.0,1.0,0.0,1.0,2.0,6.0,31.0,18.0,42.0,0.19,0.0,91.0,1.0,0.0,31.0,5.0,3.4,0.0,0.0,0.0,0.589158345221113,1.1,2.0,0.5705051546785547,0.42949484532144533
779,8,4.0,1.0,1.0,1.0,0.0,1.0,2.0,6.0,3.0,18.0,42.0,0.19,0.0,91.0,1.0,0.0,70.0,5.0,3.4,0.0,0.0,3.0,0.589158345221113,1.0,2.0,0.8400502969494101,0.15994970305058978
779,9,4.0,1.0,1.0,1.0,0.0,14.0,2.0,15.0,3.0,18.0,42.0,0.19,0.0,91.0,1.0,0.0,31.0,5.0,3.4,0.0,0.0,0.0,0.589158345221113,1.0,2.0,0.8163205252483003,0.18367947475169955
779,10,4.0,24.0,1.0,1.0,0.0,1.0,2.0,6.0,3.0,18.0,42.0,0.19,0.0,91.0,1.0,0.0,64.0,5.0,3.4,0.0,0.0,0.0,0.589158345221113,1.0,2.0,0.7589356863555553,0.2410643136444448
779,11,4.0,1.0,1.0,1.0,0.0,1.0,2.0,16.0,3.0,18.0,42.0,0.19,0.0,91.0,5.0,0.0,31.0,5.0,3.4,0.0,0.0,0.0,0.589158345221113,1.0,2.0,0.7938000872408137,0.20619991275918625
779,12,4.0,1.0,1.0,1.0,28.0,1.0,2.0,6.0,3.0,18.0,42.0,0.19,0.0,91.0,1.0,0.0,31.0,5.0,3.4,0.0,0.0,0.0,0.589158345221113,1.0,2.0,0.8343422032216483,0.16565779677835138
779,13,4.0,1.0,1.0,1.0,0.0,1.0,2.0,6.0,3.0,18.0,42.0,0.19,0.0,91.0,1.0,41.0,31.0,5.0,3.4,0.0,12.0,0.0,0.589158345221113,1.0,2.0,0.8404030552973382,0.15959694470266195
779,14,4.0,1.0,1.0,1.0,0.0,1.0,2.0,6.0,3.0,18.0,42.0,0.19,0.0,91.0,1.0,0.0,64.0,5.0,3.4,0.0,16.0,0.0,0.589158345221113,1.0,2.0,0.7408687989959636,0.25913120100403664
779,15,4.0,1.0,1.0,1.0,0.0,1.0,2.0,11.0,3.0,18.0,42.0,0.19,0.0,91.0,1.0,0.0,31.0,5.0,3.4,0.0,0.0,3.0,0.589158345221113,1.0,2.0,0.840195509539542,0.15980449046045797
779,16,4.0,1.0,1.0,1.0,0.0,1.0,2.0,8.0,3.0,18.0,42.0,6.35,0.0,91.0,1.0,0.0,31.0,5.0,3.4,0.0,0.0,0.0,0.589158345221113,1.0,2.0,0.703343573383675,0.2966564266163249
779,17,4.0,1.0,1.0,1.0,0.0,1.0,2.0,6.0,3.0,18.0,42.0,0.19,7.0,91.0,1.0,0.0,26.0,5.0,3.4,0.0,0.0,0.0,0.589158345221113,1.0,2.0,0.6114778683197016,0.3885221316802985
779,18,4.0,1.0,1.0,65.0,0.0,1.0,2.0,6.0,3.0,18.0,42.0,0.19,0.0,91.0,1.0,0.0,31.0,1.0,3.4,0.0,0.0,0.0,0.589158345221113,1.0,2.0,0.8402730393919046,0.15972696060809535
779,19,4.0,1.0,1.0,1.0,0.0,1.0,13.0,6.0,3.0,18.0,113.0,0.19,0.0,91.0,1.0,0.0,31.0,5.0,3.4,0.0,0.0,0.0,0.589158345221113,1.0,2.0,0.8382700864324037,0.16172991356759608
779,20,4.0,1.0,1.0,1.0,0.0,1.0,2.0,6.0,3.0,63.0,42.0,0.19,0.0,91.0,1.0,0.0,31.0,5.0,19.5,0.0,0.0,0.0,0.589158345221113,1.0,2.0,0.7787349815256933,0.2212650184743067
779,21,4.0,1.0,1.0,1.0,24.0,1.0,2.0,6.0,3.0,18.0,42.0,0.19,0.0,91.0,1.0,0.0,31.0,5.0,3.4,0.0,0.0,0.0,0.589158345221113,1.0,2.0,0.8235911619534956,0.1764088380465043
779,22,4.0,1.0,1.0,1.0,0.0,1.0,2.0,6.0,3.0,18.0,42.0,0.19,0.0,91.0,1.0,35.0,31.0,5.0,3.4,0.0,0.0,0.0,0.589158345221113,0.7,2.0,0.8384103863424665,0.1615896136575336
779,23,4.0,1.0,1.0,1.0,0.0,1.0,2.0,6.0,3.0,18.0,42.0,0.19,0.0,91.0,6.0,0.0,31.0,5.0,3.4,42.0,0.0,0.0,0.589158345221113,1.0,2.0,0.8402676461526312,0.15973235384736875
779,24,4.0,1.0,1.0,1.0,0.0,1.0,2.0,6.0,3.0,40.0,42.0,0.19,0.0,91.0,1.0,0.0,31.0,5.0,3.4,0.0,0.0,3.0,0.589158345221113,1.0,2.0,0.839886289746562,0.16011371025343793
779,25,4.0,1.0,1.0,1.0,0.0,1.0,2.0,6.0,3.0,18.0,42.0,0.19,0.0,91.0,1.0,0.0,31.0,5.0,3.4,0.0,30.0,0.0,0.589158345221113,1.0,2.0,0.8379717082986096,0.16202829170139044
779,26,4.0,1.0,1.0,1.0,0.0,1.0,4.0,6.0,3.0,59.0,42.0,0.19,0.0,91.0,1.0,0.0,31.0,5.0,3.4,0.0,0.0,0.0,0.589158345221113,1.0,2.0,0.5618776431596831,0.43812235684031686
779,27,4.0,1.0,1.0,1.0,0.0,1.0,2.0,6.0,3.0,18.0,42.0,0.19,0.0,91.0,1.0,0.0,58.0,5.0,3.4,0.0,0.0,2.0,0.589158345221113,1.0,2.0,0.8238806826513712,0.17611931734862857
779,28,4.0,1.0,1.0,1.0,0.0,1.0,2.0,6.0,3.0,18.0,42.0,0.19,0.0,91.0,1.0,0.0,50.0,5.0,3.4,0.0,0.0,2.0,0.589158345221113,1.0,2.0,0.8217089952617629,0.1782910047382371
779,29,1.0,1.0,1.0,1.0,0.0,1.0,2.0,11.0,3.0,18.0,42.0,0.19,0.0,91.0,1.0,0.0,31.0,5.0,3.4,0.0,0.0,0.0,0.589158345221113,1.0,2.0,0.6380675811801301,0.36193241881987
779,30,4.0,1.0,1.0,1.0,0.0,1.0,2.0,6.0,3.0,18.0,120.0,0.19,0.0,91.0,3.0,0.0,31.0,5.0,3.4,0.0,0.0,0.0,0.589158345221113,1.0,2.0,0.5769498342205962,0.4230501657794037
779,31,4.0,1.0,1.0,1.0,0.0,1.0,9.0,6.0,3.0,18.0,42.0,0.19,0.0,91.0,1.0,4.0,31.0,5.0,3.4,0.0,0.0,0.0,0.589158345221113,1.0,2.0,0.6713835659933293,0.3286164340066706
779,32,4.0,1.0,1.0,1.0,0.0,1.0,2.0,6.0,3.0,18.0,42.0,0.19,0.0,91.0,1.0,0.0,31.0,5.0,46.8,0.0,0.0,0.0,0.589158345221113,1.0,2.0,0.8403764910362925,0.15962350896370753
779,33,4.0,1.0,1.0,1.0,0.0,1.0,2.0,9.0,3.0,18.0,42.0,0.19,0.0,1.0,1.0,0.0,31.0,5.0,3.4,0.0,0.0,0.0,0.589158345221113,1.0,2.0,0.6060804131830323,0.39391958681696754
779,34,4.0,1.0,1.0,1.0,0.0,1.0,2.0,6.0,3.0,18.0,81.0,0.19,0.0,91.0,1.0,0.0,31.0,5.0,3.4,0.0,28.0,0.0,0.589158345221113,1.0,2.0,0.834627946043072,0.16537205395692772
779,35,4.0,1.0,0.0,1.0,0.0,1.0,10.0,6.0,3.0,18.0,42.0,0.19,0.0,91.0,1.0,0.0,31.0,5.0,3.4,0.0,0.0,0.0,0.589158345221113,1.0,2.0,0.7887243752552057,0.21127562474479433
779,36,4.0,1.0,1.0,1.0,0.0,0.0,2.0,6.0,3.0,18.0,42.0,0.19,0.0,91.0,1.0,28.0,31.0,5.0,3.4,0.0,0.0,0.0,0.589158345221113,1.0,2.0,0.8204447884067236,0.17955521159327653
779,37,4.0,1.0,1.0,1.0,0.0,1.0,2.0,6.0,3.0,18.0,42.0,0.19,0.0,91.0,1.0,0.0,31.0,1.0,3.4,0.0,26.0,0.0,0.589158345221113,1.0,2.0,0.8335332319177244,0.16646676808227567
779,38,4.0,1.0,1.0,1.0,0.0,1.0,2.0,6.0,3.0,18.0,42.0,0.19,0.0,91.0,1.0,0.0,31.0,5.0,3.4,0.0,24.0,0.0,0.589158345221113,1.0,4.0,0.8267766391412347,0.17322336085876536
779,39,4.0,1.0,0.0,1.0,0.0,1.0,2.0,6.0,3.0,18.0,42.0,0.19,0.0,91.0,1.0,0.0,31.0,5.0,3.4,0.0,0.0,2.0,0.589158345221113,1.0,2.0,0.8275563850053026,0.1724436149946975
779,40,4.0,1.0,4.0,1.0,1.0,1.0,2.0,6.0,3.0,18.0,42.0,0.19,0.0,91.0,1.0,0.0,31.0,5.0,3.4,0.0,0.0,0.0,0.589158345221113,1.0,2.0,0.803801345565634,0.19619865443436624
779,41,4.0,1.0,1.0,1.0,0.0,1.0,2.0,6.0,3.0,18.0,42.0,6.07,0.0,91.0,1.0,0.0,31.0,5.0,3.4,0.0,0.0,0.0,0.589158345221113,1.0,2.0,0.574808775725754,0.42519122427424616
779,42,4.0,1.0,4.0,1.0,0.0,1.0,2.0,6.0,3.0,18.0,42.0,0.19,0.0,91.0,1.0,0.0,31.0,5.0,3.4,0.0,0.0,0.0,0.589158345221113,1.0,2.0,0.8034271226301101,0.1965728773698899
779,43,4.0,1.0,1.0,1.0,0.0,1.0,2.0,6.0,3.0,18.0,42.0,0.19,10.0,91.0,1.0,0.0,31.0,5.0,3.4,0.0,0.0,0.0,0.589158345221113,1.0,2.0,0.7778968921144861,0.22210310788551368
779,44,4.0,1.0,1.0,1.0,0.0,5.0,2.0,6.0,3.0,18.0,42.0,0.19,0.0,91.0,1.0,0.0,31.0,5.0,39.9,0.0,0.0,0.0,0.589158345221113,1.0,2.0,0.8396628040045439,0.16033719599545615
779,45,4.0,1.0,1.0,1.0,0.0,1.0,2.0,6.0,3.0,18.0,42.0,0.19,12.0,91.0,1.0,0.0,31.0,5.0,3.4,0.0,0.0,0.0,0.589158345221113,1.0,2.0,0.8187823381383863,0.1812176618616136
779,46,4.0,1.0,1.0,1.0,0.0,1.0,2.0,6.0,3.0,18.0,42.0,0.19,0.0,76.0,1.0,0.0,31.0,5.0,3.4,0.0,0.0,1.0,0.589158345221113,1.0,2.0,0.5456841315719507,0.4543158684280493
779,47,4.0,1.0,1.0,1.0,0.0,1.0,2.0,6.0,3.0,18.0,42.0,6.56,0.0,91.0,1.0,0.0,31.0,5.0,3.4,0.0,0.0,0.0,0.589158345221113,1.0,0.0,0.6961817482516766,0.30381825174832355
779,48,4.0,1.0,1.0,1.0,0.0,1.0,2.0,6.0,7.0,18.0,42.0,0.19,7.0,91.0,1.0,0.0,31.0,5.0,3.4,0.0,0.0,0.0,0.589158345221113,1.0,2.0,0.523074835128215,0.4769251648717851
779,49,4.0,1.0,1.0,1.0,0.0,1.0,2.0,6.0,3.0,18.0,73.0,0.19,0.0,91.0,1.0,0.0,31.0,5.0,3.4,0.0,0.0,1.0,0.589158345221113,1.0,2.0,0.5392353048272112,0.46076469517278906
779,50,15.0,1.0,1.0,1.0,0.0,1.0,2.0,6.0,3.0,18.0,42.0,4.97,0.0,91.0,1.0,0.0,31.0,5.0,3.4,0.0,0.0,0.0,0.589158345221113,1.0,2.0,0.8366903448008102,0.1633096551991898
779,51,4.0,1.0,1.0,1.0,0.0,1.0,2.0,6.0,3.0,18.0,42.0,0.19,0.0,91.0,1.0,0.0,31.0,5.0,29.0,0.0,0.0,0.0,0.589158345221113,1.0,2.0,0.8155741535658155,0.18442584643418447
779,52,4.0,1.0,1.0,1.0,0.0,1.0,2.0,6.0,3.0,18.0,42.0,0.19,0.0,91.0,1.0,0.0,31.0,5.0,50.7,0.0,0.0,0.0,0.589158345221113,1.0,2.0,0.8403330471903129,0.15966695280968712
779,53,4.0,1.0,1.0,1.0,0.0,1.0,2.0,6.0,3.0,18.0,42.0,0.19,0.0,91.0,1.0,0.0,28.0,5.0,30.0,0.0,0.0,0.0,0.589158345221113,1.0,2.0,0.8223357354178197,0.1776642645821802
779,54,4.0,1.0,1.0,1.0,0.0,1.0,2.0,13.0,3.0,14.0,42.0,0.19,0.0,91.0,1.0,0.0,31.0,5.0,3.4,0.0,0.0,0.0,0.589158345221113,1.0,2.0,0.748455622420908,0.2515443775790921
779,55,4.0,1.0,1.0,1.0,0.0,1.0,2.0,6.0,3.0,18.0,42.0,0.19,0.0,91.0,1.0,0.0,31.0,5.0,3.4,0.0,12.0,0.0,0.589158345221113,1.0,2.0,0.5350027709546143,0.4649972290453858
779,56,4.0,1.0,1.0,33.0,0.0,1.0,2.0,6.0,3.0,18.0,42.0,0.19,0.0,91.0,1.0,0.0,31.0,5.0,3.4,0.0,0.0,0.0,0.589158345221113,1.0,2.0,0.825962908007468,0.1740370919925322
779,57,7.0,1.0,1.0,1.0,0.0,17.0,2.0,6.0,3.0,18.0,42.0,0.19,0.0,91.0,1.0,0.0,31.0,5.0,3.4,0.0,0.0,0.0,0.589158345221113,1.0,2.0,0.7224401850428028,0.27755981495719706
779,58,4.0,1.0,1.0,48.0,0.0,1.0,2.0,6.0,3.0,18.0,42.0,0.19,0.0,91.0,0.0,0.0,31.0,5.0,3.4,0.0,0.0,0.0,0.589158345221113,1.0,2.0,0.8400766347857989,0.15992336521420134
779,59,4.0,1.0,1.0,1.0,0.0,1.0,2.0,6.0,3.0,18.0,42.0,0.19,0.0,91.0,7.0,0.0,31.0,5.0,3.4,0.0,0.0,0.0,0.589158345221113,1.0,0.0,0.5338755708658177,0.4661244291341824
779,60,4.0,1.0,1.0,1.0,12.0,1.0,2.0,6.0,3.0,18.0,42.0,0.19,0.0,91.0,1.0,0.0,31.0,2.0,3.4,0.0,0.0,0.0,0.589158345221113,1.0,2.0,0.6559659304433347,0.3440340695566652
779,61,4.0,1.0,1.0,1.0,0.0,1.0,2.0,6.0,3.0,18.0,42.0,0.19,0.0,91.0,1.0,34.0,31.0,5.0,3.4,27.0,0.0,0.0,0.589158345221113,1.0,2.0,0.8402939624617577,0.15970603753824225
779,62,4.0,1.0,1.0,1.0,0.0,10.0,2.0,6.0,3.0,18.0,42.0,0.19,0.0,91.0,1.0,0.0,31.0,5.0,3.4,0.0,25.0,0.0,0.589158345221113,1.0,2.0,0.828822555446551,0.171177444553449
779,63,18.0,1.0,1.0,1.0,0.0,1.0,2.0,6.0,15.0,18.0,42.0,0.19,0.0,91.0,1.0,0.0,31.0,5.0,3.4,0.0,0.0,0.0,0.589158345221113,1.0,2.0,0.8406578374545346,0.15934216254546535
779,64,4.0,1.0,1.0,1.0,0.0,1.0,4.0,6.0,3.0,18.0,42.0,0.19,0.0,91.0,1.0,0.0,31.0,5.0,29.9,0.0,0.0,0.0,0.589158345221113,1.0,2.0,0.8207886857414254,0.17921131425857478
779,65,4.0,1.0,1.0,1.0,0.0,1.0,2.0,6.0,3.0,18.0,42.0,0.19,0.0,91.0,1.0,0.0,42.0,5.0,34.1,0.0,0.0,0.0,0.589158345221113,1.0,2.0,0.833897061096079,0.16610293890392097
779,66,4.0,1.0,1.0,1.0,0.0,1.0,2.0,6.0,3.0,18.0,42.0,0.19,0.0,91.0,1.0,43.0,31.0,5.0,37.1,0.0,0.0,0.0,0.589158345221113,1.0,2.0,0.8402853322237747,0.15971466777622548
779,67,4.0,1.0,1.0,1.0,0.0,1.0,2.0,6.0,3.0,18.0,42.0,0.19,0.0,91.0,1.0,0.0,31.0,5.0,3.4,0.0,0.0,1.0,0.4,1.0,2.0,0.5483629203186485,0.45163707968135164
779,68,4.0,1.0,1.0,1.0,0.0,1.0,2.0,6.0,37.0,18.0,42.0,0.19,0.0,91.0,1.0,0.0,31.0,5.0,3.4,0.0,0.0,0.0,0.589158345221113,1.0,0.0,0.752743365095882,0.24725663490411787
779,69,4.0,1.0,1.0,1.0,0.0,1.0,2.0,6.0,3.0,18.0,42.0,5.87,0.0,91.0,1.0,0.0,31.0,5.0,3.4,0.0,0.0,0.0,0.589158345221113,1.0,0.0,0.6487354633111887,0.35126453668881125
779,70,4.0,1.0,1.0,1.0,31.0,1.0,2.0,6.0,3.0,18.0,42.0,0.19,0.0,91.0,0.0,0.0,31.0,5.0,3.4,0.0,0.0,0.0,0.589158345221113,1.0,2.0,0.8384858223061848,0.16151417769381524
779,71,4.0,22.0,1.0,1.0,0.0,1.0,2.0,1.0,3.0,18.0,42.0,0.19,0.0,91.0,1.0,0.0,31.0,5.0,3.4,0.0,0.0,0.0,0.589158345221113,1.0,2.0,0.6249604649812062,0.37503953501879367
779,72,4.0,1.0,1.0,1.0,0.0,1.0,2.0,4.0,3.0,18.0,42.0,0.19,0.0,91.0,1.0,0.0,31.0,5.0,38.4,0.0,0.0,0.0,0.589158345221113,1.0,2.0,0.8391404116796978,0.16085958832030225
779,73,4.0,1.0,1.0,1.0,0.0,1.0,2.0,6.0,3.0,51.0,42.0,0.19,0.0,91.0,1.0,0.0,31.0,5.0,44.5,0.0,0.0,0.0,0.589158345221113,1.0,2.0,0.8400101545150485,0.15998984548495143
779,74,4.0,1.0,1.0,1.0,0.0,1.0,2.0,6.0,3.0,18.0,42.0,0.19,0.0,91.0,1.0,0.0,31.0,5.0,3.4,0.0,21.0,0.0,0.589158345221113,1.0,2.0,0.7980463789231717,0.20195362107682846
779,75,4.0,1.0,1.0,25.0,0.0,1.0,2.0,6.0,3.0,18.0,42.0,0.19,0.0,91.0,1.0,0.0,31.0,5.0,0.0,0.0,0.0,0.0,0.589158345221113,1.0,2.0,0.7728850842299853,0.22711491577001486
779,76,4.0,1.0,1.0,1.0,0.0,1.0,2.0,10.0,3.0,18.0,42.0,0.19,0.0,91.0,1.0,0.0,31.0,8.0,3.4,0.0,0.0,0.0,0.589158345221113,1.0,2.0,0.8032025662231813,0.19679743377681855
779,77,4.0,1.0,1.0,1.0,0.0,1.0,2.0,6.0,3.0,18.0,42.0,6.98,0.0,91.0,1.0,0.0,31.0,5.0,3.4,0.0,0.0,0.0,0.589158345221113,1.0,2.0,0.6562188959556888,0.3437811040443112
779,78,4.0,1.0,0.0,1.0,0.0,1.0,2.0,6.0,3.0,18.0,42.0,0.19,0.0,91.0,1.0,0.0,31.0,5.0,3.4,33.0,0.0,0.0,0.589158345221113,1.0,2.0,0.8402640395215955,0.15973596047840447
779,79,4.0,1.0,1.0,1.0,0.0,12.0,2.0,6.0,3.0,3.0,42.0,0.19,0.0,91.0,1.0,0.0,31.0,5.0,3.4,0.0,0.0,0.0,0.589158345221113,1.0,2.0,0.612621164102184,0.3873788358978159
779,80,4.0,3.0,1.0,1.0,0.0,1.0,2.0,6.0,3.0,18.0,42.0,0.19,0.0,91.0,1.0,0.0,31.0,5.0,3.4,23.0,0.0,0.0,0.589158345221113,1.0,2.0,0.8379920547145115,0.16200794528548848
779,81,4.0,32.0,1.0,1.0,0.0,1.0,2.0,6.0,3.0,18.0,42.0,0.19,0.0,91.0,1.0,0.0,31.0,5.0,3.4,29.0,0.0,0.0,0.589158345221113,1.0,2.0,0.8402613311072776,0.15973866889272248
779,82,4.0,1.0,1.0,1.0,0.0,1.0,2.0,6.0,3.0,18.0,42.0,0.19,8.0,91.0,1.0,0.0,31.0,5.0,3.4,0.0,0.0,0.0,0.589158345221113,1.0,1.0,0.7054557168599372,0.29454428314006276
779,83,4.0,20.0,1.0,1.0,0.0,1.0,2.0,6.0,3.0,18.0,42.0,0.19,12.0,91.0,1.0,0.0,31.0,5.0,3.4,0.0,0.0,0.0,0.589158345221113,1.0,2.0,0.8321615081691514,0.16783849183084865
779,84,4.0,1.0,1.0,1.0,0.0,1.0,2.0,6.0,3.0,18.0,51.0,0.19,0.0,91.0,1.0,0.0,31.0,9.0,3.4,0.0,0.0,0.0,0.589158345221113,1.0,2.0,0.7096999581219161,0.2903000418780839
779,85,4.0,1.0,1.0,1.0,0.0,1.0,2.0,6.0,3.0,18.0,42.0,0.19,0.0,91.0,1.0,0.0,31.0,3.0,3.4,0.0,0.0,3.0,0.589158345221113,1.0,2.0,0.8402095622566719,0.15979043774332805
779,86,4.0,1.0,1.0,64.0,0.0,1.0,2.0,6.0,3.0,18.0,42.0,0.19,0.0,91.0,1.0,0.0,31.0,5.0,3.4,0.0,36.0,0.0,0.589158345221113,1.0,2.0,0.8402674141829488,0.15973258581705133
779,87,4.0,1.0,1.0,1.0,0.0,1.0,2.0,6.0,3.0,18.0,42.0,0.19,9.0,91.0,1.0,39.0,31.0,5.0,3.4,0.0,0.0,0.0,0.589158345221113,1.0,2.0,0.8402513441965163,0.15974865580348377
779,88,10.0,1.0,1.0,1.0,0.0,1.0,2.0,6.0,3.0,18.0,42.0,0.19,0.0,91.0,1.0,0.0,31.0,8.0,3.4,0.0,0.0,0.0,0.589158345221113,1.0,2.0,0.799838921780519,0.200161078219481
779,89,4.0,1.0,1.0,1.0,0.0,1.0,2.0,6.0,3.0,18.0,42.0,0.19,0.0,28.0,1.0,0.0,31.0,5.0,3.4,0.0,0.0,3.0,0.589158345221113,1.0,2.0,0.8402512899536488,0.1597487100463512
779,90,4.0,1.0,1.0,1.0,0.0,1.0,2.0,6.0,3.0,18.0,42.0,0.19,0.0,91.0,1.0,0.0,31.0,5.0,35.2,0.0,0.0,0.0,0.589158345221113,1.0,2.0,0.8364660474895227,0.1635339525104773
779,91,4.0,33.0,1.0,1.0,0.0,1.0,2.0,6.0,3.0,18.0,42.0,0.19,0.0,91.0,1.0,0.0,31.0,5.0,33.9,0.0,0.0,0.0,0.589158345221113,1.0,2.0,0.8399682696625437,0.1600317303374566
779,92,4.0,1.0,1.0,1.0,0.0,1.0,2.0,6.0,3.0,18.0,42.0,0.19,12.0,91.0,1.0,18.0,31.0,5.0,3.4,0.0,0.0,0.0,0.589158345221113,1.0,2.0,0.833254378276735,0.16674562172326507
779,93,4.0,1.0,1.0,1.0,0.0,1.0,2.0,6.0,3.0,18.0,42.0,6.65,0.0,91.0,1.0,0.0,31.0,5.0,3.4,0.0,0.0,0.0,0.589158345221113,1.0,2.0,0.6293751141149758,0.3706248858850242
779,94,4.0,1.0,1.0,1.0,0.0,1.0,2.0,6.0,3.0,18.0,128.0,0.19,0.0,91.0,1.0,0.0,31.0,5.0,3.4,0.0,0.0,0.0,0.589158345221113,1.0,2.0,0.6477683630516691,0.3522316369483309
779,95,4.0,1.0,1.0,1.0,0.0,1.0,2.0,13.0,3.0,18.0,42.0,0.19,0.0,91.0,1.0,0.0,70.0,5.0,3.4,0.0,0.0,0.0,0.589158345221113,1.0,2.0,0.6959382862009021,0.3040617137990982
779,96,4.0,1.0,3.0,1.0,0.0,1.0,2.0,6.0,3.0,18.0,42.0,0.19,0.0,91.0,1.0,0.0,31.0,5.0,3.4,0.0,0.0,0.0,0.589158345221113,0.6,2.0,0.638467383873854,0.36153261612614596
779,97,4.0,1.0,1.0,1.0,25.0,1.0,2.0,6.0,3.0,18.0,42.0,0.19,0.0,91.0,1.0,0.0,31.0,9.0,3.4,0.0,0.0,0.0,0.589158345221113,1.0,2.0,0.8393990003699302,0.16060099963006977
779,98,4.0,1.0,1.0,1.0,0.0,1.0,2.0,6.0,3.0,18.0,42.0,0.19,0.0,91.0,1.0,0.0,31.0,9.0,3.4,0.0,0.0,0.0,0.4,1.0,2.0,0.7296233221642627,0.2703766778357372
789,0,3.0,0.0,1.0,3.0,0.0,0.0,2.0,18.0,7.0,12.0,25.0,0.12,0.0,92.0,1.0,1.0,25.0,2.0,2.6,0.0,0.0,0.0,0.706744868035191,0.8,0.0,0.8285323756299771,0.1714676243700231
789,1,3.0,0.0,1.0,83.0,0.0,0.0,2.0,1.0,7.0,12.0,25.0,0.12,0.0,92.0,1.0,1.0,25.0,2.0,2.6,0.0,0.0,0.0,0.3,1.0,0.0,0.8427483499706361,0.15725165002936373
789,2,3.0,0.0,1.0,3.0,0.0,0.0,2.0,1.0,7.0,12.0,25.0,0.12,0.0,92.0,1.0,1.0,25.0,2.0,45.8,0.0,0.0,0.0,0.706744868035191,1.0,0.0,0.842721466656374,0.1572785333436257
789,3,3.0,42.0,1.0,3.0,0.0,0.0,2.0,1.0,7.0,12.0,25.0,0.12,0.0,92.0,1.0,1.0,25.0,2.0,2.6,0.0,0.0,0.0,0.706744868035191,1.0,0.0,0.8708622448330243,0.12913775516697565
789,4,20.0,0.0,1.0,3.0,0.0,0.0,2.0,1.0,7.0,12.0,25.0,0.12,0.0,92.0,1.0,1.0,25.0,2.0,2.6,0.0,22.0,0.0,0.706744868035191,1.0,0.0,0.8407069751919299,0.15929302480807003
789,5,3.0,0.0,1.0,3.0,0.0,0.0,2.0,1.0,36.0,6.0,25.0,0.12,0.0,92.0,1.0,1.0,25.0,2.0,2.6,0.0,0.0,0.0,0.706744868035191,1.0,0.0,0.8669685457553381,0.1330314542446621
789,6,3.0,0.0,1.0,3.0,9.0,0.0,2.0,1.0,7.0,12.0,25.0,0.12,0.0,92.0,1.0,1.0,25.0,2.0,2.6,0.0,0.0,0.0,1.0,1.0,0.0,0.6260295526054838,0.37397044739451607
789,7,3.0,0.0,1.0,3.0,0.0,0.0,2.0,1.0,7.0,12.0,25.0,0.12,0.0,92.0,1.0,1.0,25.0,2.0,2.6,0.0,0.0,1.0,1.0,1.0,0.0,0.5797572071111544,0.4202427928888456
789,8,3.0,0.0,1.0,3.0,0.0,0.0,2.0,1.0,7.0,12.0,25.0,0.12,0.0,92.0,1.0,32.0,25.0,2.0,2.6,0.0,0.0,0.0,0.706744868035191,0.2,0.0,0.8579508961424105,0.1420491038575894
789,9,3.0,0.0,1.0,3.0,0.0,0.0,2.0,1.0,7.0,12.0,25.0,0.12,0.0,92.0,1.0,1.0,25.0,2.0,27.3,0.0,0.0,0.0,0.706744868035191,1.0,0.0,0.8464295044853162,0.1535704955146837
789,10,15.0,0.0,1.0,3.0,12.0,0.0,2.0,1.0,7.0,12.0,25.0,0.12,0.0,92.0,1.0,1.0,25.0,2.0,2.6,0.0,0.0,0.0,0.706744868035191,1.0,0.0,0.8337870508901563,0.1662129491098436
789,11,3.0,0.0,1.0,3.0,0.0,0.0,2.0,1.0,7.0,12.0,25.0,0.12,3.0,92.0,1.0,1.0,25.0,2.0,2.6,0.0,0.0,3.0,0.706744868035191,1.0,0.0,0.8458122614426375,0.15418773855736245
789,12,3.0,0.0,1.0,3.0,0.0,0.0,2.0,1.0,7.0,12.0,25.0,0.12,0.0,92.0,1.0,41.0,61.0,2.0,2.6,0.0,0.0,0.0,0.706744868035191,1.0,0.0,0.8418505004750647,0.1581494995249353
789,13,3.0,0.0,1.0,91.0,0.0,0.0,2.0,1.0,7.0,12.0,33.0,0.12,0.0,92.0,1.0,1.0,25.0,2.0,2.6,0.0,0.0,0.0,0.706744868035191,1.0,0.0,0.8470405105460042,0.1529594894539958
789,14,3.0,0.0,1.0,69.0,0.0,0.0,2.0,1.0,7.0,12.0,25.0,0.12,0.0,92.0,1.0,1.0,25.0,2.0,2.6,0.0,0.0,3.0,0.706744868035191,1.0,0.0,0.8402675820008944,0.15973241799910567
789,15,3.0,0.0,1.0,3.0,0.0,0.0,2.0,1.0,7.0,12.0,25.0,0.12,0.0,92.0,1.0,1.0,25.0,2.0,46.5,10.0,0.0,0.0,0.706744868035191,1.0,0.0,0.841454450536541,0.15854554946345886
789,16,3.0,0.0,1.0,3.0,0.0,0.0,2.0,1.0,7.0,12.0,25.0,0.12,0.0,92.0,7.0,1.0,3.0,2.0,2.6,0.0,0.0,0.0,0.706744868035191,1.0,0.0,0.8541841703809099,0.14581582961909045
789,17,3.0,0.0,1.0,3.0,17.0,0.0,13.0,1.0,7.0,12.0,25.0,0.12,0.0,92.0,1.0,1.0,25.0,2.0,2.6,0.0,0.0,0.0,0.706744868035191,1.0,0.0,0.8406080221060002,0.15939197789399978
789,18,3.0,0.0,1.0,61.0,0.0,0.0,2.0,1.0,7.0,12.0,25.0,4.32,0.0,92.0,1.0,1.0,25.0,2.0,2.6,0.0,0.0,0.0,0.706744868035191,1.0,0.0,0.8402774111329278,0.15972258886707225
789,19,3.0,0.0,1.0,3.0,0.0,0.0,14.0,1.0,7.0,12.0,25.0,0.12,0.0,92.0,1.0,1.0,25.0,2.0,2.6,0.0,32.0,0.0,0.706744868035191,1.0,0.0,0.8403421308767216,0.15965786912327826
789,20,3.0,0.0,1.0,3.0,0.0,0.0,2.0,1.0,7.0,12.0,25.0,0.12,0.0,92.0,1.0,1.0,25.0,2.0,34.8,0.0,0.0,0.0,0.706744868035191,1.0,0.0,0.8527750882335751,0.14722491176642477
789,21,3.0,38.0,1.0,3.0,0.0,0.0,2.0,1.0,7.0,12.0,25.0,0.12,0.0,92.0,1.0,1.0,25.0,2.0,2.6,0.0,0.0,0.0,0.706744868035191,1.0,2.0,0.8476241448666448,0.15237585513335547
789,22,3.0,0.0,1.0,3.0,26.0,0.0,2.0,1.0,7.0,12.0,25.0,0.12,0.0,92.0,1.0,1.0,25.0,2.0,2.6,39.0,0.0,0.0,0.706744868035191,1.0,0.0,0.8402674145265171,0.15973258547348299
789,23,3.0,0.0,1.0,3.0,0.0,0.0,2.0,1.0,25.0,12.0,25.0,0.12,0.0,92.0,1.0,1.0,25.0,2.0,2.6,0.0,0.0,0.0,0.706744868035191,0.9,0.0,0.7606249895095338,0.2393750104904664
789,24,3.0,0.0,1.0,3.0,0.0,0.0,2.0,1.0,7.0,12.0,25.0,0.12,0.0,92.0,1.0,1.0,25.0,2.0,2.6,0.0,15.0,0.0,0.706744868035191,1.0,0.0,0.7723824292405922,0.22761757075940794
789,25,3.0,0.0,1.0,3.0,0.0,0.0,2.0,16.0,7.0,12.0,25.0,0.12,0.0,92.0,1.0,1.0,25.0,2.0,2.6,0.0,0.0,0.0,0.706744868035191,1.0,2.0,0.8050348408658701,0.1949651591341299
789,26,3.0,0.0,1.0,3.0,0.0,0.0,2.0,1.0,7.0,12.0,25.0,6.23,0.0,92.0,2.0,1.0,25.0,2.0,2.6,0.0,0.0,0.0,0.706744868035191,1.0,0.0,0.6511912944298628,0.34880870557013716
789,27,3.0,0.0,1.0,3.0,0.0,0.0,2.0,1.0,7.0,12.0,25.0,6.93,0.0,92.0,1.0,1.0,25.0,2.0,48.5,0.0,0.0,0.0,0.706744868035191,1.0,0.0,0.8406817432854128,0.15931825671458735
789,28,3.0,34.0,1.0,3.0,0.0,0.0,2.0,1.0,7.0,12.0,25.0,0.12,0.0,92.0,1.0,42.0,25.0,2.0,2.6,0.0,0.0,0.0,0.706744868035191,1.0,0.0,0.8407201166856654,0.15927988331433465
789,29,3.0,39.0,1.0,3.0,0.0,0.0,2.0,1.0,7.0,12.0,25.0,0.12,0.0,41.0,1.0,1.0,25.0,2.0,2.6,0.0,0.0,0.0,0.706744868035191,1.0,0.0,0.8784019441107108,0.12159805588928892
789,30,3.0,0.0,1.0,59.0,0.0,0.0,2.0,1.0,7.0,12.0,25.0,0.12,0.0,92.0,1.0,1.0,25.0,2.0,2.6,0.0,0.0,0.0,0.706744868035191,1.0,0.0,0.840268316534404,0.15973168346559602
789,31,3.0,0.0,1.0,3.0,0.0,0.0,2.0,1.0,7.0,58.0,25.0,0.12,0.0,92.0,1.0,1.0,25.0,3.0,2.6,0.0,0.0,0.0,0.706744868035191,1.0,0.0,0.5889457031960721,0.41105429680392785
789,32,3.0,10.0,1.0,3.0,0.0,0.0,2.0,1.0,7.0,12.0,131.0,0.12,0.0,92.0,1.0,1.0,25.0,2.0,2.6,0.0,0.0,0.0,0.706744868035191,1.0,0.0,0.7900278972483478,0.20997210275165235
789,33,3.0,0.0,4.0,3.0,0.0,0.0,2.0,1.0,7.0,12.0,25.0,0.12,0.0,92.0,3.0,1.0,25.0,2.0,2.6,0.0,0.0,0.0,0.706744868035191,1.0,0.0,0.8286680320869151,0.17133196791308472
789,34,3.0,0.0,1.0,3.0,0.0,4.0,2.0,1.0,7.0,12.0,25.0,0.12,0.0,92.0,1.0,1.0,25.0,2.0,2.6,29.0,0.0,0.0,0.706744868035191,1.0,0.0,0.8404573732881779,0.1595426267118221
789,35,3.0,0.0,1.0,3.0,0.0,0.0,2.0,1.0,7.0,12.0,25.0,0.12,0.0,92.0,1.0,1.0,25.0,2.0,2.6,16.0,0.0,0.0,0.706744868035191,1.0,0.0,0.8142081036167277,0.18579189638327237
789,36,3.0,0.0,1.0,3.0,39.0,0.0,2.0,1.0,7.0,12.0,25.0,0.12,0.0,0.0,1.0,1.0,25.0,2.0,2.6,0.0,0.0,0.0,0.706744868035191,1.0,0.0,0.8530968230624882,0.14690317693751165
789,37,3.0,0.0,2.0,3.0,0.0,0.0,2.0,1.0,35.0,12.0,25.0,0.12,0.0,92.0,1.0,1.0,25.0,2.0,2.6,0.0,0.0,0.0,0.706744868035191,1.0,0.0,0.8433846368252301,0.15661536317476976
789,38,3.0,0.0,1.0,3.0,0.0,16.0,2.0,1.0,7.0,12.0,25.0,0.12,0.0,92.0,1.0,1.0,25.0,2.0,2.6,0.0,0.0,0.0,0.706744868035191,1.0,0.0,0.6420177250704531,0.3579822749295469
789,39,3.0,43.0,1.0,3.0,0.0,0.0,2.0,1.0,7.0,12.0,25.0,0.12,0.0,92.0,1.0,1.0,25.0,2.0,2.6,0.0,0.0,0.0,0.706744868035191,1.0,0.0,0.8720346619966126,0.12796533800338725
789,40,3.0,0.0,4.0,3.0,0.0,0.0,2.0,1.0,7.0,12.0,25.0,0.12,0.0,92.0,1.0,1.0,25.0,2.0,2.6,0.0,0.0,0.0,0.706744868035191,0.5,0.0,0.8377335412670598,0.16226645873294013
789,41,3.0,0.0,1.0,3.0,0.0,0.0,2.0,1.0,7.0,12.0,25.0,0.12,0.0,92.0,1.0,1.0,25.0,2.0,2.6,0.0,0.0,3.0,0.5,1.0,0.0,0.8441489243720925,0.15585107562790754
789,42,3.0,0.0,1.0,78.0,0.0,0.0,2.0,10.0,7.0,12.0,25.0,0.12,0.0,92.0,1.0,1.0,25.0,2.0,2.6,0.0,0.0,0.0,0.706744868035191,1.0,0.0,0.8404145706980084,0.1595854293019918
789,43,3.0,0.0,1.0,3.0,0.0,0.0,2.0,1.0,7.0,12.0,25.0,0.12,0.0,92.0,1.0,1.0,25.0,2.0,2.6,21.0,10.0,0.0,0.706744868035191,1.0,0.0,0.8393328687564667,0.16066713124353332
789,44,3.0,0.0,1.0,3.0,0.0,0.0,13.0,1.0,7.0,12.0,25.0,0.12,0.0,92.0,1.0,1.0,25.0,5.0,2.6,0.0,0.0,0.0,0.706744868035191,1.0,0.0,0.8373710311847001,0.16262896881529978
789,45,3.0,0.0,1.0,95.0,0.0,0.0,2.0,1.0,7.0,12.0,25.0,0.12,8.0,92.0,1.0,1.0,25.0,2.0,2.6,0.0,0.0,0.0,0.706744868035191,1.0,0.0,0.8423025387790846,0.1576974612209154
789,46,3.0,19.0,1.0,3.0,0.0,0.0,2.0,1.0,7.0,12.0,25.0,0.12,0.0,92.0,1.0,1.0,25.0,2.0,2.6,0.0,9.0,0.0,0.706744868035191,1.0,0.0,0.7598493843669318,0.2401506156330683
789,47,3.0,0.0,1.0,91.0,0.0,0.0,2.0,1.0,7.0,12.0,25.0,0.12,0.0,92.0,1.0,1.0,25.0,2.0,2.6,0.0,0.0,0.0,0.706744868035191,1.0,0.0,0.848155446762154,0.15184455323784588
789,48,3.0,0.0,1.0,3.0,0.0,0.0,2.0,1.0,7.0,12.0,49.0,0.12,0.0,92.0,1.0,1.0,25.0,2.0,2.6,9.0,0.0,0.0,0.706744868035191,1.0,0.0,0.6278602643739166,0.3721397356260833
789,49,3.0,0.0,1.0,3.0,0.0,0.0,2.0,1.0,7.0,12.0,25.0,0.12,0.0,92.0,0.0,1.0,25.0,2.0,2.6,22.0,0.0,0.0,0.706744868035191,1.0,0.0,0.8391047220124528,0.16089527798754705
789,50,15.0,8.0,1.0,3.0,0.0,0.0,2.0,1.0,7.0,12.0,25.0,0.12,0.0,92.0,1.0,1.0,25.0,2.0,2.6,0.0,0.0,0.0,0.706744868035191,1.0,0.0,0.822565033247617,0.17743496675238304
789,51,3.0,0.0,4.0,3.0,0.0,0.0,2.0,1.0,7.0,12.0,131.0,0.12,0.0,92.0,1.0,1.0,25.0,2.0,2.6,0.0,0.0,0.0,0.706744868035191,1.0,0.0,0.8362417830363115,0.16375821696368864
789,52,3.0,0.0,1.0,70.0,0.0,0.0,2.0,1.0,7.0,12.0,25.0,0.12,0.0,92.0,1.0,37.0,25.0,2.0,2.6,0.0,0.0,0.0,0.706744868035191,1.0,0.0,0.8402678018716252,0.1597321981283747
789,53,3.0,0.0,1.0,3.0,0.0,0.0,14.0,1.0,7.0,12.0,25.0,0.12,0.0,92.0,1.0,1.0,25.0,2.0,2.6,0.0,0.0,0.0,0.4,1.0,0.0,0.8423368526053171,0.15766314739468293
789,54,3.0,0.0,1.0,3.0,12.0,0.0,2.0,1.0,7.0,12.0,25.0,0.12,0.0,92.0,1.0,1.0,25.0,5.0,2.6,0.0,0.0,0.0,0.706744868035191,1.0,0.0,0.73958738478539,0.26041261521461007
789,55,3.0,0.0,1.0,3.0,0.0,0.0,2.0,1.0,7.0,12.0,81.0,0.12,0.0,92.0,1.0,1.0,25.0,2.0,2.6,0.0,0.0,0.0,0.706744868035191,1.0,0.0,0.593289975867541,0.4067100241324591
789,56,3.0,0.0,1.0,3.0,0.0,0.0,8.0,1.0,7.0,12.0,25.0,0.12,0.0,92.0,1.0,1.0,25.0,2.0,41.6,0.0,0.0,0.0,0.706744868035191,1.0,0.0,0.8418373823990127,0.1581626176009873
789,57,3.0,25.0,1.0,3.0,11.0,0.0,2.0,1.0,7.0,12.0,25.0,0.12,0.0,92.0,1.0,1.0,25.0,2.0,2.6,0.0,0.0,0.0,0.706744868035191,1.0,0.0,0.8208038401240025,0.1791961598759975
789,58,3.0,0.0,1.0,3.0,0.0,5.0,2.0,1.0,7.0,12.0,25.0,0.12,13.0,92.0,1.0,1.0,25.0,2.0,2.6,0.0,0.0,0.0,0.706744868035191,1.0,0.0,0.8245246043212224,0.17547539567877746
789,59,3.0,0.0,1.0,3.0,0.0,0.0,2.0,1.0,7.0,12.0,25.0,0.12,0.0,92.0,1.0,24.0,25.0,2.0,2.6,0.0,0.0,0.0,0.706744868035191,1.0,0.0,0.7876819991893669,0.21231800081063315
789,60,3.0,0.0,1.0,3.0,26.0,0.0,8.0,1.0,7.0,12.0,25.0,0.12,0.0,92.0,1.0,1.0,25.0,2.0,2.6,0.0,0.0,0.0,0.706744868035191,1.0,0.0,0.8419433029037602,0.1580566970962399
789,61,3.0,0.0,1.0,3.0,0.0,0.0,2.0,1.0,7.0,12.0,25.0,0.12,0.0,92.0,1.0,1.0,25.0,2.0,2.6,0.0,37.0,0.0,1.0,1.0,0.0,0.8505334945537315,0.14946650544626844
789,62,3.0,0.0,1.0,25.0,0.0,0.0,2.0,1.0,7.0,12.0,25.0,0.12,0.0,73.0,1.0,1.0,25.0,2.0,2.6,0.0,0.0,0.0,0.706744868035191,1.0,0.0,0.637828909662689,0.362171090337311
789,63,3.0,0.0,1.0,3.0,0.0,0.0,2.0,13.0,7.0,12.0,25.0,0.12,0.0,92.0,1.0,1.0,25.0,2.0,2.6,0.0,0.0,0.0,0.5,1.0,0.0,0.6897754703818518,0.31022452961814817
789,64,3.0,0.0,1.0,3.0,0.0,0.0,2.0,1.0,7.0,12.0,25.0,0.12,0.0,92.0,7.0,1.0,25.0,2.0,30.8,0.0,0.0,0.0,0.706744868035191,1.0,0.0,0.850350816384617,0.14964918361538293
789,65,18.0,0.0,1.0,3.0,0.0,0.0,2.0,1.0,7.0,12.0,25.0,0.12,0.0,92.0,1.0,38.0,25.0,2.0,2.6,0.0,0.0,0.0,0.706744868035191,1.0,0.0,0.8402755782319742,0.15972442176802593
789,66,6.0,0.0,1.0,3.0,0.0,0.0,2.0,1.0,30.0,12.0,25.0,0.12,0.0,92.0,1.0,1.0,25.0,2.0,2.6,0.0,0.0,0.0,0.706744868035191,1.0,0.0,0.7933198041897526,0.20668019581024744
789,67,3.0,34.0,1.0,3.0,0.0,0.0,2.0,1.0,7.0,12.0,25.0,0.12,0.0,92.0,1.0,1.0,25.0,2.0,2.6,0.0,0.0,1.0,0.706744868035191,1.0,0.0,0.8447602806107434,0.1552397193892566
789,68,3.0,0.0,1.0,3.0,0.0,0.0,2.0,1.0,7.0,12.0,25.0,0.12,0.0,92.0,1.0,1.0,25.0,2.0,37.5,0.0,0.0,0.0,0.706744868035191,1.0,0.0,0.8498757416015102,0.1501242583984895
789,69,3.0,0.0,1.0,3.0,0.0,0.0,2.0,1.0,7.0,12.0,25.0,0.12,0.0,92.0,1.0,1.0,25.0,2.0,2.6,0.0,0.0,3.0,0.3,1.0,0.0,0.8432377812424731,0.15676221875752688
789,70,3.0,0.0,4.0,3.0,0.0,0.0,2.0,1.0,7.0,12.0,25.0,0.12,0.0,92.0,1.0,1.0,25.0,2.0,2.6,0.0,0.0,0.0,0.706744868035191,1.0,0.0,0.8300539915920729,0.16994600840792706
789,71,3.0,0.0,1.0,85.0,0.0,0.0,2.0,1.0,7.0,12.0,25.0,0.68,0.0,92.0,1.0,1.0,25.0,2.0,2.6,0.0,0.0,0.0,0.706744868035191,1.0,0.0,0.8451676112407459,0.15483238875925395
789,72,3.0,0.0,1.0,3.0,0.0,0.0,2.0,1.0,7.0,12.0,25.0,7.22,0.0,92.0,1.0,1.0,25.0,2.0,2.6,0.0,0.0,0.0,0.706744868035191,1.0,0.0,0.7288993557634005,0.27110064423659935
789,73,3.0,0.0,1.0,83.0,0.0,0.0,2.0,1.0,25.0,12.0,25.0,0.12,0.0,92.0,1.0,1.0,25.0,2.0,2.6,0.0,0.0,0.0,0.706744868035191,1.0,0.0,0.8407321612205099,0.15926783877949016
789,74,10.0,0.0,1.0,3.0,0.0,0.0,2.0,1.0,7.0,12.0,25.0,3.72,0.0,92.0,1.0,1.0,25.0,2.0,2.6,0.0,0.0,0.0,0.706744868035191,1.0,0.0,0.7211477693028037,0.27885223069719656
789,75,3.0,0.0,1.0,3.0,0.0,0.0,2.0,1.0,7.0,12.0,25.0,0.12,0.0,92.0,1.0,1.0,25.0,2.0,2.6,0.0,0.0,2.0,0.706744868035191,0.2,0.0,0.823650044799142,0.17634995520085817
789,76,3.0,44.0,1.0,3.0,0.0,0.0,2.0,1.0,7.0,12.0,25.0,0.12,0.0,92.0,1.0,1.0,25.0,2.0,2.6,0.0,0.0,0.0,0.706744868035191,1.0,0.0,0.8729496568139806,0.1270503431860193
789,77,3.0,38.0,1.0,3.0,0.0,0.0,2.0,1.0,7.0,12.0,25.0,0.12,0.0,92.0,1.0,1.0,25.0,2.0,2.6,0.0,0.0,0.0,0.6,1.0,0.0,0.8591147507424202,0.1408852492575799
789,78,3.0,0.0,1.0,3.0,0.0,0.0,2.0,1.0,7.0,12.0,25.0,0.12,0.0,56.0,1.0,29.0,25.0,2.0,2.6,0.0,0.0,0.0,0.706744868035191,1.0,0.0,0.8464282162907112,0.1535717837092888
789,79,3.0,0.0,1.0,3.0,37.0,0.0,3.0,1.0,7.0,12.0,25.0,0.12,0.0,92.0,1.0,1.0,25.0,2.0,2.6,0.0,0.0,0.0,0.706744868035191,1.0,0.0,0.8464215910921066,0.15357840890789343
789,80,3.0,34.0,1.0,3.0,0.0,0.0,2.0,1.0,7.0,12.0,25.0,0.12,0.0,92.0,1.0,1.0,25.0,2.0,33.6,0.0,0.0,0.0,0.706744868035191,1.0,0.0,0.8415225940303107,0.1584774059696894
789,81,3.0,0.0,3.0,3.0,0.0,0.0,2.0,1.0,7.0,12.0,25.0,0.12,0.0,92.0,1.0,1.0,25.0,2.0,9.4,0.0,0.0,0.0,0.706744868035191,1.0,0.0,0.7280503576561862,0.27194964234381397
789,82,3.0,0.0,1.0,3.0,0.0,0.0,5.0,1.0,7.0,12.0,25.0,0.12,0.0,92.0,1.0,1.0,25.0,7.0,2.6,0.0,0.0,0.0,0.706744868035191,1.0,0.0,0.6164773667522021,0.3835226332477979
789,83,3.0,27.0,1.0,3.0,0.0,0.0,2.0,1.0,7.0,12.0,25.0,0.12,0.0,48.0,1.0,1.0,25.0,2.0,2.6,0.0,0.0,0.0,0.706744868035191,1.0,0.0,0.8280370555761467,0.17196294442385318
789,84,3.0,27.0,1.0,3.0,0.0,0.0,2.0,1.0,7.0,12.0,25.0,0.12,0.0,92.0,1.0,1.0,25.0,2.0,2.6,0.0,0.0,0.0,0.706744868035191,0.1,0.0,0.8144574803453454,0.1855425196546548
789,85,3.0,0.0,1.0,3.0,0.0,0.0,2.0,1.0,7.0,12.0,25.0,0.12,0.0,92.0,1.0,1.0,25.0,2.0,23.9,0.0,0.0,0.0,0.706744868035191,1.0,0.0,0.820545706319635,0.17945429368036525
789,86,3.0,33.0,1.0,3.0,0.0,0.0,2.0,1.0,7.0,12.0,25.0,0.12,0.0,92.0,1.0,1.0,25.0,2.0,2.6,0.0,0.0,0.0,0.706744868035191,1.0,0.0,0.8478795344105142,0.152120465589486
789,87,3.0,0.0,1.0,3.0,0.0,0.0,11.0,1.0,7.0,12.0,25.0,0.12,0.0,92.0,3.0,1.0,25.0,2.0,2.6,0.0,0.0,0.0,0.706744868035191,1.0,0.0,0.7996622571614977,0.20033774283850247
789,88,3.0,0.0,1.0,3.0,0.0,0.0,2.0,1.0,7.0,36.0,25.0,0.12,0.0,92.0,1.0,1.0,25.0,8.0,2.6,0.0,0.0,0.0,0.706744868035191,1.0,0.0,0.6301739466790781,0.3698260533209219
789,89,3.0,0.0,1.0,3.0,0.0,0.0,2.0,1.0,7.0,12.0,25.0,0.12,0.0,92.0,1.0,1.0,22.0,2.0,2.6,43.0,0.0,0.0,0.706744868035191,1.0,0.0,0.8402734725550838,0.15972652744491622
789,90,3.0,0.0,1.0,3.0,0.0,0.0,2.0,1.0,32.0,12.0,25.0,0.12,0.0,92.0,1.0,1.0,25.0,2.0,2.6,0.0,0.0,0.0,0.9,1.0,0.0,0.8649996314716256,0.1350003685283742
789,91,3.0,0.0,1.0,3.0,0.0,0.0,2.0,1.0,7.0,12.0,25.0,0.12,0.0,92.0,1.0,1.0,25.0,1.0,2.6,0.0,26.0,0.0,0.706744868035191,1.0,0.0,0.8538313727976857,0.14616862720231427
789,92,3.0,0.0,1.0,3.0,0.0,0.0,2.0,1.0,7.0,12.0,25.0,0.12,12.0,92.0,1.0,1.0,25.0,2.0,2.6,0.0,0.0,0.0,0.706744868035191,0.4,0.0,0.8139021024113392,0.1860978975886609
789,93,3.0,0.0,1.0,3.0,0.0,0.0,2.0,14.0,7.0,12.0,25.0,0.12,0.0,92.0,6.0,1.0,25.0,2.0,2.6,0.0,0.0,0.0,0.706744868035191,1.0,0.0,0.7671799002564347,0.2328200997435652
789,94,3.0,0.0,1.0,3.0,0.0,0.0,2.0,1.0,7.0,12.0,25.0,0.12,0.0,2.0,1.0,49.0,25.0,2.0,2.6,0.0,0.0,0.0,0.706744868035191,1.0,0.0,0.8505665894675846,0.14943341053241552
789,95,3.0,0.0,1.0,3.0,0.0,0.0,2.0,1.0,7.0,12.0,121.0,0.12,0.0,92.0,1.0,39.0,25.0,2.0,2.6,0.0,0.0,0.0,0.706744868035191,1.0,0.0,0.8405109646316975,0.15948903536830247
789,96,3.0,0.0,1.0,3.0,0.0,0.0,13.0,1.0,7.0,12.0,25.0,0.12,0.0,92.0,1.0,1.0,38.0,2.0,2.6,0.0,0.0,0.0,0.706744868035191,1.0,0.0,0.833948309324655,0.16605169067534511
789,97,3.0,0.0,1.0,3.0,0.0,0.0,2.0,1.0,7.0,12.0,25.0,0.12,0.0,92.0,1.0,1.0,12.0,2.0,7.6,0.0,0.0,0.0,0.706744868035191,1.0,0.0,0.6905542693190307,0.30944573068096926
789,98,3.0,0.0,1.0,3.0,0.0,5.0,2.0,1.0,7.0,12.0,25.0,0.12,0.0,92.0,1.0,1.0,25.0,2.0,2.6,0.0,15.0,0.0,0.706744868035191,1.0,0.0,0.7502200698890741,0.249779930110926
855,0,2.0,3.0,1.0,1.0,0.0,0.0,3.0,4.0,1.0,33.0,50.0,0.1,0.0,93.0,1.0,0.0,33.0,2.0,2.76785714285714,0.0,34.0,0.0,0.463030303030303,0.8,2.0,0.8398966479149926,0.16010335208500737
855,1,2.0,3.0,1.0,1.0,0.0,0.0,5.0,4.0,1.0,33.0,50.0,0.1,0.0,93.0,1.0,0.0,16.0,2.0,2.76785714285714,0.0,1.0,3.0,0.463030303030303,0.8,2.0,0.840868455096527,0.15913154490347325
855,2,2.0,3.0,3.0,1.0,30.0,0.0,3.0,4.0,1.0,33.0,50.0,0.1,0.0,93.0,1.0,0.0,16.0,2.0,2.76785714285714,0.0,1.0,0.0,0.463030303030303,0.8,2.0,0.8376805541560016,0.16231944584399813
855,3,2.0,3.0,1.0,1.0,0.0,0.0,3.0,12.0,1.0,33.0,50.0,0.1,0.0,93.0,1.0,0.0,16.0,4.0,2.76785714285714,0.0,1.0,0.0,0.463030303030303,0.8,2.0,0.7111387499087287,0.28886125009127156
855,4,2.0,3.0,1.0,32.0,0.0,0.0,3.0,4.0,1.0,33.0,50.0,0.1,0.0,93.0,1.0,0.0,16.0,2.0,38.7,0.0,1.0,0.0,0.463030303030303,0.8,2.0,0.840241893160899,0.15975810683910094
855,5,2.0,3.0,1.0,1.0,0.0,0.0,3.0,4.0,1.0,33.0,50.0,0.1,0.0,93.0,1.0,30.0,16.0,3.0,2.76785714285714,0.0,1.0,0.0,0.463030303030303,0.8,2.0,0.8243436916425523,0.17565630835744786
855,6,2.0,3.0,1.0,1.0,0.0,0.0,3.0,4.0,1.0,33.0,50.0,0.1,0.0,93.0,1.0,5.0,16.0,2.0,2.76785714285714,0.0,38.0,0.0,0.463030303030303,0.8,2.0,0.84161282791356,0.15838717208644004
855,7,2.0,3.0,1.0,1.0,0.0,0.0,3.0,4.0,1.0,33.0,50.0,0.1,0.0,93.0,1.0,0.0,16.0,2.0,21.0,0.0,1.0,0.0,0.6,0.8,2.0,0.5959487827355524,0.40405121726444754
855,8,2.0,3.0,1.0,1.0,0.0,0.0,3.0,4.0,1.0,38.0,50.0,0.1,0.0,93.0,1.0,0.0,16.0,2.0,2.76785714285714,0.0,38.0,0.0,0.463030303030303,0.8,2.0,0.8410627555270042,0.15893724447299576
855,9,2.0,3.0,1.0,53.0,0.0,0.0,3.0,4.0,1.0,33.0,128.0,0.1,0.0,93.0,1.0,0.0,16.0,2.0,2.76785714285714,0.0,1.0,0.0,0.463030303030303,0.8,2.0,0.8402632969898015,0.1597367030101984
855,10,12.0,3.0,1.0,1.0,0.0,0.0,3.0,4.0,1.0,33.0,50.0,0.1,0.0,60.0,1.0,0.0,16.0,2.0,2.76785714285714,0.0,1.0,0.0,0.463030303030303,0.8,2.0,0.8123225324626889,0.18767746753731104
855,11,2.0,3.0,1.0,28.0,0.0,0.0,1.0,4.0,1.0,33.0,50.0,0.1,0.0,93.0,1.0,0.0,16.0,2.0,2.76785714285714,0.0,1.0,0.0,0.463030303030303,0.8,2.0,0.7830769463899863,0.21692305361001366
855,12,2.0,40.0,1.0,1.0,0.0,0.0,3.0,4.0,1.0,33.0,50.0,0.1,0.0,93.0,1.0,0.0,63.0,2.0,2.76785714285714,0.0,1.0,0.0,0.463030303030303,0.8,2.0,0.8363599681761944,0.16364003182380576
855,13,2.0,22.0,1.0,1.0,0.0,0.0,3.0,4.0,1.0,33.0,50.0,0.1,12.0,93.0,1.0,0.0,16.0,2.0,2.76785714285714,0.0,1.0,0.0,0.463030303030303,0.8,2.0,0.8282795409888332,0.1717204590111669
855,14,2.0,3.0,1.0,23.0,0.0,0.0,3.0,4.0,1.0,33.0,50.0,0.1,0.0,93.0,1.0,0.0,16.0,2.0,2.76785714285714,0.0,1.0,0.0,0.463030303030303,0.8,2.0,0.6546933544721949,0.34530664552780505
855,15,2.0,3.0,1.0,1.0,0.0,0.0,3.0,4.0,1.0,25.0,50.0,0.1,0.0,93.0,1.0,32.0,16.0,2.0,2.76785714285714,0.0,1.0,0.0,0.463030303030303,0.8,2.0,0.8377980903764313,0.1622019096235685
855,16,2.0,3.0,1.0,1.0,0.0,0.0,3.0,4.0,1.0,33.0,50.0,7.31,0.0,93.0,1.0,0.0,16.0,2.0,2.76785714285714,0.0,1.0,0.0,0.463030303030303,0.8,2.0,0.5513504532170868,0.4486495467829131
855,17,2.0,3.0,1.0,1.0,0.0,0.0,3.0,11.0,1.0,33.0,50.0,0.1,15.0,93.0,1.0,0.0,16.0,2.0,2.76785714285714,0.0,1.0,0.0,0.463030303030303,0.8,2.0,0.8387705574853224,0.16122944251467766
855,18,2.0,3.0,1.0,1.0,0.0,0.0,3.0,4.0,20.0,33.0,50.0,0.1,0.0,93.0,1.0,0.0,16.0,2.0,22.6,0.0,1.0,0.0,0.463030303030303,0.8,2.0,0.699280586058765,0.3007194139412349
855,19,2.0,3.0,1.0,1.0,0.0,0.0,7.0,12.0,1.0,33.0,50.0,0.1,0.0,93.0,1.0,0.0,16.0,2.0,2.76785714285714,0.0,1.0,0.0,0.463030303030303,0.8,2.0,0.7656697826508829,0.23433021734911702
855,20,2.0,3.0,1.0,1.0,0.0,0.0,3.0,4.0,19.0,33.0,50.0,0.1,0.0,93.0,1.0,0.0,16.0,2.0,33.6,0.0,1.0,0.0,0.463030303030303,0.8,2.0,0.8316605617037695,0.16833943829623074
855,21,2.0,3.0,1.0,1.0,0.0,0.0,3.0,4.0,26.0,33.0,50.0,6.06,0.0,93.0,1.0,0.0,16.0,2.0,2.76785714285714,0.0,1.0,0.0,0.463030303030303,0.8,2.0,0.6965603683427453,0.30343963165725496
855,22,2.0,3.0,1.0,1.0,0.0,0.0,3.0,4.0,32.0,33.0,50.0,0.1,0.0,93.0,1.0,0.0,16.0,2.0,2.76785714285714,0.0,1.0,0.0,0.3,0.8,2.0,0.6577396827777329,0.342260317222267
855,23,2.0,3.0,1.0,30.0,0.0,0.0,3.0,4.0,1.0,33.0,50.0,0.1,0.0,93.0,1.0,0.0,16.0,2.0,2.76785714285714,0.0,3.0,0.0,0.463030303030303,0.8,2.0,0.7945191518065572,0.20548084819344278
855,24,2.0,29.0,1.0,1.0,0.0,0.0,3.0,4.0,1.0,33.0,50.0,0.1,0.0,34.0,1.0,0.0,16.0,2.0,2.76785714285714,0.0,1.0,0.0,0.463030303030303,0.8,2.0,0.7384086482224439,0.261591351777556
855,25,13.0,20.0,1.0,1.0,0.0,0.0,3.0,4.0,1.0,33.0,50.0,0.1,0.0,93.0,1.0,0.0,16.0,2.0,2.76785714285714,0.0,1.0,0.0,0.463030303030303,0.8,2.0,0.8112249575314675,0.1887750424685324
855,26,2.0,3.0,1.0,1.0,0.0,0.0,3.0,4.0,1.0,33.0,51.0,0.1,0.0,93.0,1.0,0.0,16.0,9.0,2.76785714285714,0.0,1.0,0.0,0.463030303030303,0.8,2.0,0.5780706095284633,0.4219293904715365
855,27,2.0,3.0,1.0,1.0,0.0,0.0,3.0,4.0,1.0,33.0,35.0,0.1,0.0,93.0,1.0,0.0,16.0,2.0,2.76785714285714,0.0,1.0,2.0,0.463030303030303,0.8,2.0,0.8063741947163012,0.19362580528369902
855,28,2.0,3.0,1.0,71.0,0.0,0.0,3.0,4.0,1.0,33.0,50.0,0.1,0.0,93.0,1.0,51.0,16.0,2.0,2.76785714285714,0.0,1.0,0.0,0.463030303030303,0.8,2.0,0.8402674136154058,0.1597325863845939
855,29,2.0,3.0,1.0,1.0,5.0,0.0,3.0,4.0,1.0,33.0,50.0,0.1,0.0,93.0,1.0,0.0,16.0,2.0,2.76785714285714,37.0,1.0,0.0,0.463030303030303,0.8,2.0,0.8402689482017516,0.15973105179824845
855,30,2.0,18.0,1.0,1.0,20.0,0.0,3.0,4.0,1.0,33.0,50.0,0.1,0.0,93.0,1.0,0.0,16.0,2.0,2.76785714285714,0.0,1.0,0.0,0.463030303030303,0.8,2.0,0.835081902974741,0.16491809702525884
855,31,2.0,3.0,1.0,1.0,0.0,0.0,3.0,4.0,1.0,33.0,50.0,0.1,0.0,93.0,1.0,0.0,16.0,2.0,29.7,0.0,1.0,0.0,0.463030303030303,0.8,2.0,0.8147323568822212,0.18526764311777885
855,32,19.0,3.0,1.0,1.0,0.0,0.0,3.0,4.0,1.0,33.0,50.0,0.1,0.0,93.0,1.0,0.0,16.0,2.0,2.76785714285714,0.0,1.0,0.0,0.463030303030303,0.8,4.0,0.8427199601196986,0.1572800398803016
855,33,2.0,41.0,1.0,1.0,0.0,0.0,0.0,4.0,1.0,33.0,50.0,0.1,0.0,93.0,1.0,0.0,16.0,2.0,2.76785714285714,0.0,1.0,0.0,0.463030303030303,0.8,2.0,0.8356400137190468,0.16435998628095308
855,34,2.0,3.0,1.0,1.0,0.0,0.0,3.0,2.0,1.0,33.0,50.0,0.1,0.0,93.0,1.0,38.0,16.0,2.0,2.76785714285714,0.0,1.0,0.0,0.463030303030303,0.8,2.0,0.8413751605835175,0.1586248394164825
855,35,14.0,3.0,1.0,1.0,0.0,0.0,3.0,4.0,1.0,4.0,50.0,0.1,0.0,93.0,1.0,0.0,16.0,2.0,2.76785714285714,0.0,1.0,0.0,0.463030303030303,0.8,2.0,0.8463039517654743,0.15369604823452582
855,36,2.0,3.0,1.0,8.0,0.0,0.0,3.0,4.0,1.0,33.0,50.0,0.1,0.0,93.0,1.0,0.0,16.0,2.0,2.76785714285714,0.0,33.0,0.0,0.463030303030303,0.8,2.0,0.8404116478559375,0.15958835214406258
855,37,2.0,3.0,1.0,1.0,0.0,0.0,3.0,4.0,1.0,33.0,50.0,0.1,10.0,93.0,1.0,0.0,16.0,2.0,52.6,0.0,1.0,0.0,0.463030303030303,0.8,2.0,0.8402923114732852,0.15970768852671471
855,38,2.0,3.0,1.0,1.0,0.0,0.0,3.0,4.0,1.0,33.0,50.0,0.1,0.0,93.0,1.0,0.0,16.0,2.0,26.8,0.0,1.0,0.0,0.463030303030303,0.8,2.0,0.7800174299889165,0.21998257001108362
855,39,2.0,3.0,1.0,1.0,7.0,0.0,3.0,4.0,1.0,33.0,50.0,0.1,0.0,93.0,1.0,20.0,16.0,2.0,2.76785714285714,0.0,1.0,0.0,0.463030303030303,0.8,2.0,0.7163249686722335,0.2836750313277666
855,40,2.0,3.0,1.0,1.0,0.0,0.0,3.0,4.0,1.0,33.0,50.0,0.1,0.0,3.0,1.0,0.0,16.0,2.0,2.76785714285714,13.0,1.0,0.0,0.463030303030303,0.8,2.0,0.6928863891955724,0.3071136108044276
855,41,2.0,3.0,2.0,32.0,0.0,0.0,3.0,4.0,1.0,33.0,50.0,0.1,0.0,93.0,1.0,0.0,16.0,2.0,2.76785714285714,0.0,1.0,0.0,0.463030303030303,0.8,2.0,0.8135038256909772,0.18649617430902274
855,42,2.0,3.0,2.0,1.0,0.0,0.0,11.0,4.0,1.0,33.0,50.0,0.1,0.0,93.0,1.0,0.0,16.0,2.0,2.76785714285714,0.0,1.0,0.0,0.463030303030303,0.8,2.0,0.7831120211641294,0.21688797883587066
855,43,2.0,3.0,1.0,1.0,0.0,0.0,9.0,2.0,1.0,33.0,50.0,0.1,0.0,93.0,1.0,0.0,16.0,2.0,2.76785714285714,0.0,1.0,0.0,0.463030303030303,0.8,2.0,0.558730659309073,0.441269340690927
855,44,2.0,3.0,1.0,1.0,0.0,0.0,3.0,4.0,1.0,33.0,50.0,0.1,0.0,93.0,1.0,27.0,16.0,2.0,2.76785714285714,39.0,1.0,0.0,0.463030303030303,0.8,2.0,0.8402879317038453,0.15971206829615492
855,45,16.0,3.0,1.0,1.0,0.0,0.0,3.0,4.0,1.0,33.0,50.0,0.1,0.0,93.0,1.0,0.0,16.0,2.0,2.76785714285714,0.0,1.0,0.0,0.463030303030303,0.8,2.0,0.848758152575642,0.15124184742435817
855,46,21.0,3.0,1.0,1.0,0.0,0.0,3.0,4.0,0.0,33.0,50.0,0.1,0.0,93.0,1.0,0.0,16.0,2.0,2.76785714285714,0.0,1.0,0.0,0.463030303030303,0.8,2.0,0.8422744775220277,0.15772552247797214
855,47,2.0,3.0,1.0,1.0,0.0,0.0,3.0,4.0,1.0,33.0,50.0,0.1,0.0,93.0,1.0,0.0,16.0,2.0,2.76785714285714,0.0,32.0,0.0,0.463030303030303,0.8,1.0,0.8408845198298294,0.15911548017017055
855,48,2.0,3.0,1.0,1.0,24.0,0.0,3.0,4.0,1.0,33.0,50.0,0.1,6.0,93.0,1.0,0.0,16.0,2.0,2.76785714285714,0.0,1.0,0.0,0.463030303030303,0.8,2.0,0.8370407467642085,0.16295925323579147
855,49,2.0,3.0,0.0,94.0,0.0,0.0,3.0,4.0,1.0,33.0,50.0,0.1,0.0,93.0,1.0,0.0,16.0,2.0,2.76785714285714,0.0,1.0,0.0,0.463030303030303,0.8,2.0,0.8414316193670002,0.1585683806329997
855,50,2.0,3.0,1.0,1.0,20.0,0.0,3.0,4.0,0.0,33.0,50.0,0.1,0.0,93.0,1.0,0.0,16.0,2.0,2.76785714285714,0.0,1.0,0.0,0.463030303030303,0.8,2.0,0.828058129078109,0.17194187092189087
855,51,2.0,3.0,1.0,1.0,0.0,0.0,3.0,4.0,1.0,33.0,50.0,0.1,0.0,93.0,1.0,0.0,16.0,2.0,47.9,0.0,1.0,0.0,0.463030303030303,0.8,2.0,0.840970064741309,0.15902993525869097
855,52,2.0,3.0,1.0,1.0,0.0,0.0,7.0,4.0,1.0,33.0,50.0,0.1,0.0,93.0,1.0,0.0,16.0,2.0,2.76785714285714,0.0,36.0,0.0,0.463030303030303,0.8,2.0,0.8408131070663507,0.15918689293364932
855,53,2.0,3.0,1.0,1.0,0.0,0.0,3.0,4.0,1.0,33.0,50.0,0.1,0.0,93.0,1.0,50.0,16.0,2.0,2.76785714285714,0.0,27.0,0.0,0.463030303030303,0.8,2.0,0.8402779472214488,0.15972205277855123
855,54,2.0,3.0,1.0,1.0,0.0,0.0,7.0,4.0,1.0,33.0,50.0,0.1,0.0,93.0,1.0,0.0,16.0,2.0,2.76785714285714,26.0,1.0,0.0,0.463030303030303,0.8,2.0,0.839602825332758,0.1603971746672419
855,55,2.0,3.0,1.0,1.0,0.0,0.0,3.0,4.0,1.0,33.0,50.0,0.1,0.0,93.0,1.0,0.0,16.0,2.0,2.76785714285714,0.0,1.0,3.0,0.463030303030303,0.8,0.0,0.841178562908385,0.15882143709161503
855,56,2.0,3.0,3.0,1.0,0.0,0.0,3.0,4.0,1.0,33.0,50.0,0.1,0.0,93.0,1.0,0.0,16.0,2.0,40.4,0.0,1.0,0.0,0.463030303030303,0.8,2.0,0.8406471896952217,0.15935281030477824
855,57,2.0,3.0,1.0,1.0,0.0,0.0,3.0,4.0,1.0,6.0,50.0,0.1,0.0,93.0,1.0,50.0,16.0,2.0,2.76785714285714,0.0,1.0,0.0,0.463030303030303,0.8,2.0,0.842192157453211,0.1578078425467892
855,58,2.0,3.0,1.0,1.0,0.0,0.0,3.0,4.0,1.0,33.0,50.0,0.1,0.0,93.0,3.0,0.0,16.0,2.0,2.76785714285714,13.0,1.0,0.0,0.463030303030303,0.8,2.0,0.6294919503996043,0.37050804960039563
855,59,2.0,24.0,1.0,1.0,0.0,0.0,3.0,4.0,1.0,33.0,50.0,0.1,0.0,93.0,1.0,0.0,16.0,2.0,2.76785714285714,0.0,1.0,0.0,0.463030303030303,0.8,2.0,0.5465491387908644,0.4534508612091354
855,60,2.0,3.0,3.0,1.0,0.0,0.0,3.0,4.0,1.0,33.0,50.0,5.55,0.0,93.0,1.0,0.0,16.0,2.0,2.76785714285714,0.0,1.0,0.0,0.463030303030303,0.8,2.0,0.6207291719141794,0.3792708280858205
855,61,11.0,3.0,1.0,1.0,0.0,0.0,3.0,4.0,1.0,33.0,50.0,0.1,0.0,93.0,3.0,0.0,16.0,2.0,2.76785714285714,0.0,1.0,0.0,0.463030303030303,0.8,2.0,0.7844663766349131,0.21553362336508672
855,62,2.0,3.0,1.0,1.0,34.0,0.0,3.0,4.0,1.0,33.0,50.0,0.1,0.0,93.0,1.0,0.0,16.0,2.0,2.76785714285714,0.0,1.0,0.0,0.463030303030303,0.8,2.0,0.8408496167460685,0.1591503832539316
855,63,2.0,3.0,1.0,1.0,0.0,0.0,3.0,4.0,1.0,33.0,50.0,0.1,14.0,93.0,1.0,0.0,7.0,2.0,2.76785714285714,0.0,1.0,0.0,0.463030303030303,0.8,2.0,0.8296262562365325,0.17037374376346734
855,64,2.0,3.0,1.0,1.0,0.0,12.0,7.0,4.0,1.0,33.0,50.0,0.1,0.0,93.0,1.0,0.0,16.0,2.0,2.76785714285714,0.0,1.0,0.0,0.463030303030303,0.8,2.0,0.5435034914777362,0.45649650852226364
855,65,2.0,3.0,1.0,1.0,0.0,0.0,13.0,4.0,1.0,33.0,50.0,0.1,6.0,93.0,1.0,0.0,16.0,2.0,2.76785714285714,0.0,1.0,0.0,0.463030303030303,0.8,2.0,0.8359365336110466,0.16406346638895355
855,66,2.0,3.0,1.0,1.0,31.0,0.0,3.0,10.0,1.0,33.0,50.0,0.1,0.0,93.0,1.0,0.0,16.0,2.0,2.76785714285714,0.0,1.0,0.0,0.463030303030303,0.8,2.0,0.8383804472583726,0.16161955274162737
855,67,2.0,3.0,1.0,59.0,0.0,0.0,3.0,4.0,1.0,33.0,50.0,0.1,0.0,93.0,1.0,0.0,16.0,2.0,2.76785714285714,0.0,1.0,0.0,0.463030303030303,1.0,2.0,0.840265431036739,0.15973456896326113
855,68,2.0,3.0,4.0,1.0,0.0,0.0,3.0,4.0,1.0,0.0,50.0,0.1,0.0,93.0,1.0,0.0,16.0,2.0,2.76785714285714,0.0,1.0,0.0,0.463030303030303,0.8,2.0,0.836991410320694,0.16300858967930595
855,69,2.0,3.0,0.0,1.0,0.0,0.0,3.0,4.0,1.0,33.0,50.0,0.1,0.0,93.0,1.0,0.0,16.0,2.0,37.4,0.0,1.0,0.0,0.463030303030303,0.8,2.0,0.8405209342201843,0.15947906577981588
855,70,2.0,3.0,1.0,58.0,0.0,0.0,3.0,4.0,1.0,33.0,50.0,0.1,0.0,93.0,1.0,0.0,16.0,2.0,2.76785714285714,0.0,1.0,0.0,0.5,0.8,2.0,0.8402635117539501,0.15973648824604988
855,71,2.0,3.0,1.0,1.0,34.0,8.0,3.0,4.0,1.0,33.0,50.0,0.1,0.0,93.0,1.0,0.0,16.0,2.0,2.76785714285714,0.0,1.0,0.0,0.463030303030303,0.8,2.0,0.8406058395957166,0.15939416040428334
855,72,2.0,3.0,1.0,69.0,0.0,0.0,3.0,4.0,1.0,33.0,50.0,3.23,0.0,93.0,1.0,0.0,16.0,2.0,2.76785714285714,0.0,1.0,0.0,0.463030303030303,0.8,2.0,0.8402833995157373,0.1597166004842627
855,73,2.0,3.0,1.0,1.0,0.0,0.0,3.0,4.0,1.0,33.0,50.0,0.1,0.0,93.0,1.0,0.0,16.0,2.0,2.76785714285714,0.0,0.0,2.0,0.463030303030303,0.8,2.0,0.8002899922407956,0.19971000775920422
855,74,2.0,3.0,1.0,1.0,43.0,0.0,3.0,4.0,1.0,33.0,50.0,0.1,0.0,93.0,1.0,0.0,16.0,2.0,2.76785714285714,0.0,1.0,3.0,0.463030303030303,0.8,2.0,0.8402702545388091,0.15972974546119084
855,75,2.0,42.0,1.0,1.0,0.0,4.0,3.0,4.0,1.0,33.0,50.0,0.1,0.0,93.0,1.0,0.0,16.0,2.0,2.76785714285714,0.0,1.0,0.0,0.463030303030303,0.8,2.0,0.83873521829968,0.16126478170032008
855,76,2.0,3.0,1.0,1.0,0.0,0.0,11.0,2.0,1.0,33.0,50.0,0.1,0.0,93.0,1.0,0.0,16.0,2.0,2.76785714285714,0.0,1.0,0.0,0.463030303030303,0.8,2.0,0.7739775693149128,0.22602243068508718
855,77,2.0,3.0,1.0,1.0,0.0,0.0,3.0,8.0,1.0,33.0,50.0,0.1,0.0,93.0,1.0,0.0,16.0,2.0,2.76785714285714,0.0,1.0,2.0,0.463030303030303,0.8,2.0,0.81975841443168,0.18024158556832
855,78,2.0,3.0,1.0,1.0,0.0,0.0,3.0,4.0,31.0,33.0,50.0,0.1,0.0,93.0,8.0,0.0,16.0,2.0,2.76785714285714,0.0,1.0,0.0,0.463030303030303,0.8,2.0,0.7184008878792659,0.2815991121207341
855,79,2.0,34.0,1.0,1.0,0.0,0.0,3.0,8.0,1.0,33.0,50.0,0.1,0.0,93.0,1.0,0.0,16.0,2.0,2.76785714285714,0.0,1.0,0.0,0.463030303030303,0.8,2.0,0.8149220255721592,0.1850779744278408
855,80,2.0,3.0,1.0,24.0,0.0,0.0,3.0,4.0,1.0,33.0,50.0,0.1,0.0,93.0,1.0,0.0,16.0,2.0,2.76785714285714,0.0,1.0,0.0,0.463030303030303,0.8,2.0,0.6879358401825385,0.31206415981746155
855,81,2.0,3.0,1.0,1.0,0.0,0.0,3.0,4.0,1.0,33.0,50.0,0.1,14.0,14.0,1.0,0.0,16.0,2.0,2.76785714285714,0.0,1.0,0.0,0.463030303030303,0.8,2.0,0.8286893535090774,0.17131064649092262
855,82,2.0,3.0,1.0,30.0,0.0,0.0,3.0,4.0,1.0,33.0,50.0,0.1,0.0,93.0,1.0,0.0,16.0,2.0,2.76785714285714,0.0,1.0,0.0,0.463030303030303,0.8,2.0,0.7931729857758147,0.2068270142241854
855,83,2.0,3.0,1.0,1.0,10.0,0.0,3.0,4.0,1.0,33.0,50.0,4.32,0.0,93.0,1.0,0.0,16.0,2.0,2.76785714285714,0.0,1.0,0.0,0.463030303030303,0.8,2.0,0.6313992141167628,0.36860078588323714
855,84,2.0,3.0,1.0,1.0,0.0,13.0,3.0,4.0,1.0,33.0,50.0,0.1,0.0,93.0,1.0,0.0,16.0,8.0,2.76785714285714,0.0,1.0,0.0,0.463030303030303,0.8,2.0,0.6357973426175814,0.36420265738241864
855,85,20.0,3.0,1.0,1.0,0.0,0.0,3.0,4.0,1.0,33.0,50.0,0.1,0.0,93.0,1.0,0.0,5.0,2.0,2.76785714285714,0.0,1.0,0.0,0.463030303030303,0.8,2.0,0.8440549078557144,0.1559450921442855
855,86,2.0,35.0,1.0,1.0,0.0,0.0,3.0,4.0,1.0,33.0,50.0,0.1,0.0,93.0,1.0,0.0,16.0,2.0,2.76785714285714,43.0,1.0,0.0,0.463030303030303,0.8,2.0,0.8402674269530934,0.15973257304690672
855,87,2.0,3.0,1.0,1.0,0.0,0.0,3.0,4.0,1.0,33.0,50.0,0.1,0.0,93.0,1.0,21.0,21.0,2.0,2.76785714285714,0.0,1.0,0.0,0.463030303030303,0.8,2.0,0.6346500232305902,0.36534997676940967
855,88,13.0,3.0,1.0,1.0,0.0,0.0,3.0,4.0,1.0,33.0,50.0,0.1,0.0,93.0,1.0,0.0,16.0,2.0,2.76785714285714,0.0,1.0,0.0,0.463030303030303,0.8,2.0,0.8320725560869107,0.1679274439130892
855,89,2.0,3.0,1.0,1.0,0.0,0.0,3.0,4.0,1.0,33.0,50.0,0.1,15.0,93.0,1.0,0.0,12.0,2.0,2.76785714285714,0.0,1.0,0.0,0.463030303030303,0.8,2.0,0.8340976304053537,0.1659023695946461
855,90,2.0,3.0,1.0,1.0,28.0,0.0,3.0,4.0,1.0,33.0,50.0,0.1,0.0,93.0,1.0,0.0,16.0,2.0,2.76785714285714,0.0,1.0,0.0,1.0,0.8,2.0,0.8382576222362477,0.16174237776375228
855,91,2.0,27.0,1.0,1.0,0.0,0.0,3.0,4.0,19.0,33.0,50.0,0.1,0.0,93.0,1.0,0.0,16.0,2.0,2.76785714285714,0.0,1.0,0.0,0.463030303030303,0.8,2.0,0.7432441114935152,0.25675588850648495
855,92,2.0,3.0,1.0,1.0,0.0,0.0,10.0,4.0,35.0,33.0,50.0,0.1,0.0,93.0,1.0,0.0,16.0,2.0,2.76785714285714,0.0,1.0,0.0,0.463030303030303,0.8,2.0,0.8273474667053813,0.1726525332946186
855,93,2.0,3.0,1.0,1.0,0.0,0.0,3.0,4.0,1.0,33.0,50.0,0.1,0.0,93.0,1.0,0.0,16.0,2.0,2.76785714285714,23.0,1.0,0.0,0.463030303030303,0.8,1.0,0.8366643646724008,0.16333563532759907
855,94,10.0,11.0,1.0,1.0,0.0,0.0,3.0,4.0,1.0,33.0,50.0,0.1,0.0,93.0,1.0,0.0,16.0,2.0,2.76785714285714,0.0,1.0,0.0,0.463030303030303,0.8,2.0,0.7025501311620771,0.29744986883792285
855,95,2.0,3.0,1.0,1.0,0.0,0.0,3.0,4.0,1.0,3.0,50.0,0.1,0.0,93.0,1.0,0.0,16.0,2.0,2.76785714285714,0.0,1.0,0.0,0.463030303030303,0.8,2.0,0.6566266611336191,0.34337333886638094
855,96,2.0,3.0,1.0,1.0,0.0,0.0,3.0,4.0,1.0,33.0,50.0,0.1,0.0,93.0,3.0,0.0,16.0,2.0,2.76785714285714,0.0,1.0,2.0,0.463030303030303,0.8,2.0,0.8008873072350621,0.19911269276493795
855,97,2.0,3.0,1.0,57.0,0.0,0.0,3.0,4.0,1.0,33.0,50.0,0.1,0.0,93.0,1.0,0.0,16.0,2.0,2.76785714285714,0.0,1.0,0.0,0.5,0.8,2.0,0.840260620205028,0.15973937979497196
855,98,17.0,3.0,1.0,1.0,0.0,2.0,3.0,4.0,1.0,33.0,50.0,0.1,0.0,93.0,1.0,0.0,16.0,2.0,2.76785714285714,0.0,1.0,0.0,0.463030303030303,0.8,2.0,0.8474169548313102,0.15258304516868976
857,0,2.0,1.0,2.0,1.0,0.0,0.0,3.0,4.0,2.0,26.0,114.0,0.1,11.0,90.0,2.0,0.0,18.0,2.0,2.875,0.0,1.0,0.0,0.584040747028862,1.0,4.0,0.8268463699975255,0.17315363000247433
857,1,2.0,1.0,2.0,1.0,0.0,0.0,3.0,4.0,2.0,26.0,35.0,0.1,1.0,90.0,2.0,0.0,18.0,2.0,2.875,0.0,0.0,2.0,0.584040747028862,1.0,4.0,0.819263778674124,0.180736221325876
857,2,2.0,1.0,0.0,14.0,0.0,0.0,3.0,4.0,2.0,26.0,35.0,0.1,1.0,90.0,2.0,0.0,18.0,2.0,2.875,0.0,1.0,0.0,0.584040747028862,1.0,4.0,0.6521155634814985,0.3478844365185015
857,3,2.0,1.0,1.0,96.0,0.0,0.0,3.0,4.0,2.0,26.0,35.0,0.1,1.0,90.0,2.0,0.0,18.0,2.0,2.875,0.0,1.0,0.0,0.584040747028862,1.0,4.0,0.8408712032144112,0.1591287967855887
857,4,2.0,1.0,2.0,1.0,0.0,0.0,3.0,4.0,2.0,26.0,35.0,3.5,1.0,90.0,2.0,0.0,18.0,2.0,2.875,9.0,1.0,0.0,0.584040747028862,1.0,4.0,0.6156359103946817,0.38436408960531826
857,5,2.0,1.0,2.0,1.0,0.0,0.0,3.0,4.0,29.0,26.0,35.0,0.1,1.0,90.0,2.0,0.0,18.0,2.0,2.875,0.0,22.0,0.0,0.584040747028862,1.0,4.0,0.8320741485596681,0.1679258514403318
857,6,2.0,1.0,2.0,1.0,0.0,0.0,3.0,4.0,2.0,26.0,35.0,4.98,1.0,90.0,2.0,0.0,18.0,2.0,2.875,20.0,1.0,0.0,0.584040747028862,1.0,4.0,0.8356306875418432,0.16436931245815695
857,7,12.0,1.0,2.0,1.0,0.0,0.0,3.0,4.0,2.0,26.0,119.0,0.1,1.0,90.0,2.0,0.0,18.0,2.0,2.875,0.0,1.0,0.0,0.584040747028862,1.0,4.0,0.835984653577141,0.1640153464228589
857,8,2.0,1.0,2.0,1.0,0.0,0.0,3.0,5.0,2.0,26.0,35.0,0.1,1.0,90.0,2.0,0.0,18.0,2.0,2.875,0.0,17.0,0.0,0.584040747028862,1.0,4.0,0.7099111363923533,0.29008886360764696
857,9,2.0,1.0,3.0,1.0,0.0,0.0,3.0,4.0,2.0,26.0,35.0,0.1,1.0,90.0,2.0,0.0,18.0,2.0,25.6,0.0,1.0,0.0,0.584040747028862,1.0,4.0,0.8322188163142688,0.16778118368573125
857,10,2.0,1.0,2.0,1.0,38.0,0.0,3.0,4.0,34.0,26.0,35.0,0.1,1.0,90.0,2.0,0.0,18.0,2.0,2.875,0.0,1.0,0.0,0.584040747028862,1.0,4.0,0.8402684915569113,0.15973150844308853
857,11,2.0,1.0,2.0,35.0,0.0,0.0,3.0,4.0,2.0,26.0,35.0,0.1,1.0,90.0,2.0,0.0,18.0,2.0,2.875,0.0,1.0,0.0,0.7,1.0,4.0,0.8364755837552755,0.16352441624472458
857,12,12.0,1.0,2.0,1.0,0.0,0.0,3.0,4.0,15.0,26.0,35.0,0.1,1.0,90.0,2.0,0.0,18.0,2.0,2.875,0.0,1.0,0.0,0.584040747028862,1.0,4.0,0.8089438762873764,0.19105612371262354
857,13,2.0,1.0,2.0,1.0,0.0,0.0,3.0,4.0,2.0,26.0,35.0,0.1,1.0,90.0,2.0,23.0,18.0,2.0,2.875,0.0,1.0,0.0,1.1,1.0,4.0,0.8056647816843766,0.19433521831562328
857,14,2.0,1.0,2.0,1.0,0.0,0.0,3.0,4.0,20.0,26.0,104.0,0.1,1.0,90.0,2.0,0.0,18.0,2.0,2.875,0.0,1.0,0.0,0.584040747028862,1.0,4.0,0.657500660443089,0.342499339556911
857,15,2.0,1.0,4.0,1.0,0.0,0.0,3.0,4.0,2.0,26.0,35.0,0.1,1.0,90.0,2.0,0.0,18.0,2.0,41.6,0.0,1.0,0.0,0.584040747028862,1.0,4.0,0.8404184563558253,0.15958154364417487
857,16,2.0,1.0,2.0,1.0,42.0,0.0,4.0,4.0,2.0,26.0,35.0,0.1,1.0,90.0,2.0,0.0,18.0,2.0,2.875,0.0,1.0,0.0,0.584040747028862,1.0,4.0,0.8410334936793373,0.15896650632066284
857,17,2.0,1.0,2.0,1.0,0.0,0.0,3.0,4.0,2.0,26.0,35.0,0.1,1.0,90.0,2.0,0.0,18.0,2.0,31.9,0.0,1.0,0.0,0.584040747028862,1.0,4.0,0.8417101947189269,0.15828980528107317
857,18,2.0,1.0,0.0,1.0,0.0,0.0,3.0,4.0,29.0,26.0,35.0,0.1,1.0,90.0,2.0,0.0,18.0,2.0,2.875,0.0,1.0,0.0,0.584040747028862,1.0,4.0,0.7493480795941253,0.2506519204058747
857,19,2.0,1.0,2.0,1.0,0.0,0.0,3.0,4.0,2.0,26.0,35.0,0.1,15.0,90.0,2.0,0.0,18.0,2.0,2.875,0.0,1.0,0.0,0.584040747028862,0.1,4.0,0.8380320511854153,0.16196794881458484
857,20,2.0,1.0,2.0,1.0,0.0,0.0,3.0,13.0,2.0,26.0,35.0,0.1,1.0,90.0,2.0,0.0,18.0,2.0,2.875,0.0,1.0,0.0,0.7,1.0,4.0,0.7928232499952372,0.2071767500047627
857,21,2.0,1.0,2.0,81.0,0.0,0.0,3.0,4.0,2.0,26.0,35.0,0.1,1.0,90.0,2.0,0.0,18.0,2.0,2.875,0.0,1.0,0.0,0.584040747028862,1.0,4.0,0.8403268448595885,0.1596731551404115
857,22,9.0,1.0,2.0,1.0,0.0,0.0,3.0,4.0,2.0,26.0,35.0,0.1,1.0,90.0,2.0,0.0,18.0,2.0,2.875,0.0,8.0,0.0,0.584040747028862,1.0,4.0,0.6982594661667342,0.301740533833266
857,23,2.0,1.0,2.0,1.0,9.0,0.0,3.0,4.0,2.0,26.0,35.0,0.1,1.0,90.0,2.0,0.0,18.0,2.0,2.875,0.0,1.0,0.0,0.584040747028862,0.1,4.0,0.5794765115822769,0.42052348841772325
857,24,2.0,1.0,2.0,1.0,0.0,0.0,3.0,4.0,15.0,26.0,35.0,0.1,1.0,90.0,2.0,0.0,18.0,2.0,21.3,0.0,1.0,0.0,0.584040747028862,1.0,4.0,0.7360049058198317,0.26399509418016837
857,25,2.0,1.0,2.0,1.0,0.0,0.0,3.0,4.0,2.0,26.0,35.0,3.05,1.0,90.0,2.0,0.0,18.0,2.0,2.875,0.0,33.0,0.0,0.584040747028862,1.0,4.0,0.8407232269472584,0.15927677305274138
857,26,2.0,1.0,2.0,53.0,0.0,0.0,3.0,4.0,2.0,26.0,35.0,0.1,1.0,90.0,2.0,0.0,18.0,2.0,2.875,0.0,1.0,0.0,0.8,1.0,4.0,0.8402635002984888,0.15973649970151124
857,27,2.0,1.0,2.0,1.0,17.0,0.0,13.0,4.0,2.0,26.0,35.0,0.1,1.0,90.0,2.0,0.0,18.0,2.0,2.875,0.0,1.0,0.0,0.584040747028862,1.0,4.0,0.8400643603241269,0.15993563967587293
857,28,2.0,1.0,2.0,1.0,0.0,0.0,5.0,4.0,2.0,26.0,35.0,0.1,1.0,90.0,2.0,0.0,18.0,2.0,24.9,0.0,1.0,0.0,0.584040747028862,1.0,4.0,0.8141065918618856,0.18589340813811436
857,29,21.0,22.0,2.0,1.0,0.0,0.0,3.0,4.0,2.0,26.0,35.0,0.1,1.0,90.0,2.0,0.0,18.0,2.0,2.875,0.0,1.0,0.0,0.584040747028862,1.0,4.0,0.8429183525448036,0.15708164745519618
857,30,2.0,1.0,2.0,1.0,23.0,0.0,3.0,4.0,2.0,26.0,35.0,0.1,1.0,90.0,2.0,0.0,18.0,2.0,2.875,0.0,1.0,0.0,0.584040747028862,1.0,4.0,0.8126700719784619,0.18732992802153794
857,31,2.0,1.0,4.0,1.0,0.0,0.0,3.0,4.0,2.0,26.0,35.0,0.1,1.0,90.0,2.0,0.0,18.0,2.0,2.875,0.0,1.0,0.0,0.584040747028862,1.0,4.0,0.7584693859878477,0.2415306140121523
857,32,2.0,1.0,2.0,1.0,0.0,0.0,3.0,4.0,2.0,26.0,35.0,0.1,1.0,90.0,2.0,0.0,18.0,2.0,25.9,10.0,1.0,0.0,0.584040747028862,1.0,4.0,0.835743596214242,0.1642564037857579
857,33,2.0,1.0,2.0,1.0,0.0,0.0,3.0,13.0,2.0,26.0,35.0,0.1,1.0,90.0,2.0,0.0,18.0,2.0,2.875,18.0,1.0,0.0,0.584040747028862,1.0,4.0,0.8385254354134446,0.1614745645865553
857,34,2.0,1.0,2.0,30.0,0.0,0.0,3.0,4.0,2.0,26.0,35.0,0.1,1.0,90.0,2.0,0.0,18.0,2.0,2.875,0.0,1.0,0.0,0.584040747028862,0.5,4.0,0.827458089549489,0.17254191045051095
857,35,2.0,1.0,2.0,1.0,0.0,0.0,3.0,18.0,2.0,26.0,35.0,0.1,1.0,90.0,2.0,0.0,18.0,2.0,2.875,0.0,1.0,0.0,0.584040747028862,1.0,0.0,0.8360317247395224,0.16396827526047783
857,36,2.0,1.0,2.0,1.0,12.0,0.0,3.0,4.0,2.0,26.0,35.0,0.1,1.0,90.0,2.0,0.0,18.0,5.0,2.875,0.0,1.0,0.0,0.584040747028862,1.0,4.0,0.7355465311000638,0.26445346889993615
857,37,2.0,1.0,2.0,1.0,0.0,0.0,3.0,4.0,2.0,26.0,2.0,0.1,1.0,90.0,2.0,0.0,18.0,2.0,2.875,0.0,1.0,0.0,0.584040747028862,1.0,4.0,0.5595897880679471,0.4404102119320528
857,38,2.0,1.0,2.0,1.0,14.0,0.0,3.0,4.0,2.0,26.0,35.0,0.1,1.0,90.0,2.0,0.0,18.0,2.0,2.875,0.0,1.0,0.0,0.584040747028862,1.0,0.0,0.794899406741401,0.20510059325859878
857,39,2.0,1.0,2.0,1.0,31.0,0.0,3.0,4.0,2.0,26.0,35.0,0.1,1.0,90.0,2.0,0.0,18.0,2.0,2.875,0.0,5.0,0.0,0.584040747028862,1.0,4.0,0.8382330496169623,0.1617669503830376
857,40,2.0,1.0,1.0,1.0,0.0,0.0,3.0,12.0,2.0,26.0,35.0,0.1,1.0,90.0,2.0,0.0,18.0,2.0,2.875,0.0,1.0,0.0,0.584040747028862,1.0,4.0,0.7476125444295927,0.2523874555704072
857,41,2.0,1.0,2.0,1.0,0.0,0.0,10.0,4.0,35.0,26.0,35.0,0.1,1.0,90.0,2.0,0.0,18.0,2.0,2.875,0.0,1.0,0.0,0.584040747028862,1.0,4.0,0.8341701410722012,0.16582985892779872
857,42,2.0,1.0,0.0,1.0,0.0,0.0,3.0,4.0,2.0,26.0,105.0,0.1,1.0,90.0,2.0,0.0,18.0,2.0,2.875,0.0,1.0,0.0,0.584040747028862,1.0,4.0,0.562406296525191,0.43759370347480886
857,43,2.0,1.0,2.0,1.0,0.0,0.0,3.0,4.0,2.0,26.0,63.0,0.1,9.0,90.0,2.0,0.0,18.0,2.0,2.875,0.0,1.0,0.0,0.584040747028862,1.0,4.0,0.7022245754259132,0.29777542457408684
857,44,2.0,1.0,2.0,1.0,0.0,0.0,7.0,4.0,2.0,26.0,35.0,0.1,1.0,90.0,2.0,0.0,18.0,7.0,2.875,0.0,1.0,0.0,0.584040747028862,1.0,4.0,0.7280148691539582,0.2719851308460419
857,45,2.0,1.0,2.0,60.0,0.0,0.0,3.0,4.0,2.0,26.0,35.0,0.1,1.0,90.0,2.0,0.0,18.0,2.0,2.875,0.0,1.0,0.0,0.5,1.0,4.0,0.8402678548205764,0.15973214517942355
857,46,2.0,1.0,2.0,1.0,0.0,0.0,3.0,4.0,26.0,26.0,35.0,0.1,11.0,90.0,2.0,0.0,18.0,2.0,2.875,0.0,1.0,0.0,0.584040747028862,1.0,4.0,0.8237504549382108,0.17624954506178928
857,47,2.0,1.0,2.0,1.0,0.0,0.0,3.0,4.0,2.0,26.0,35.0,0.1,13.0,90.0,2.0,0.0,22.0,2.0,2.875,0.0,1.0,0.0,0.584040747028862,1.0,4.0,0.8237196711635109,0.17628032883648906
857,48,2.0,1.0,2.0,1.0,0.0,0.0,3.0,12.0,2.0,26.0,35.0,5.88,1.0,90.0,2.0,0.0,18.0,2.0,2.875,0.0,1.0,0.0,0.584040747028862,1.0,4.0,0.8080569219775378,0.19194307802246233
857,49,2.0,1.0,2.0,1.0,0.0,0.0,3.0,4.0,22.0,26.0,35.0,0.1,1.0,90.0,2.0,0.0,18.0,2.0,2.875,28.0,1.0,0.0,0.584040747028862,1.0,4.0,0.8400499324535863,0.1599500675464136
857,50,2.0,1.0,2.0,1.0,0.0,0.0,3.0,4.0,2.0,26.0,33.0,0.1,1.0,90.0,2.0,0.0,18.0,2.0,2.875,0.0,27.0,0.0,0.584040747028862,1.0,4.0,0.8334843958078689,0.16651560419213102
857,51,2.0,1.0,2.0,1.0,14.0,9.0,3.0,4.0,2.0,26.0,35.0,0.1,1.0,90.0,2.0,0.0,18.0,2.0,2.875,0.0,1.0,0.0,0.584040747028862,1.0,4.0,0.787346789932289,0.2126532100677107
857,52,2.0,24.0,2.0,1.0,0.0,0.0,3.0,4.0,2.0,26.0,35.0,0.1,1.0,90.0,2.0,0.0,18.0,2.0,2.875,0.0,5.0,0.0,0.584040747028862,1.0,4.0,0.6929105232551279,0.30708947674487225
857,53,2.0,1.0,2.0,1.0,0.0,0.0,8.0,4.0,2.0,26.0,35.0,0.1,1.0,90.0,2.0,0.0,18.0,2.0,41.6,0.0,1.0,0.0,0.584040747028862,1.0,4.0,0.8409638856927123,0.15903611430728765
857,54,2.0,1.0,2.0,1.0,0.0,11.0,3.0,4.0,2.0,26.0,35.0,0.1,1.0,90.0,2.0,0.0,18.0,2.0,2.875,39.0,1.0,0.0,0.584040747028862,1.0,4.0,0.8402680251555202,0.15973197484447949
857,55,2.0,1.0,2.0,51.0,0.0,0.0,3.0,1.0,2.0,26.0,35.0,0.1,1.0,90.0,2.0,0.0,18.0,2.0,2.875,0.0,1.0,0.0,0.584040747028862,1.0,4.0,0.8402721818112432,0.15972781818875678
857,56,2.0,1.0,1.0,1.0,44.0,0.0,3.0,4.0,2.0,26.0,35.0,0.1,1.0,90.0,2.0,0.0,18.0,2.0,2.875,0.0,1.0,0.0,0.584040747028862,1.0,4.0,0.8418297799481712,0.1581702200518287
857,57,2.0,1.0,2.0,4.0,16.0,0.0,3.0,4.0,2.0,26.0,35.0,0.1,1.0,90.0,2.0,0.0,18.0,2.0,2.875,0.0,1.0,0.0,0.584040747028862,1.0,4.0,0.7850872265083844,0.2149127734916159
857,58,2.0,1.0,2.0,1.0,0.0,0.0,3.0,4.0,18.0,26.0,35.0,0.1,1.0,90.0,2.0,30.0,18.0,2.0,2.875,0.0,1.0,0.0,0.584040747028862,1.0,4.0,0.8345381688670035,0.16546183113299642
857,59,14.0,1.0,2.0,1.0,0.0,0.0,3.0,4.0,2.0,26.0,35.0,0.1,1.0,90.0,2.0,0.0,18.0,2.0,2.875,3.0,1.0,0.0,0.584040747028862,1.0,4.0,0.8384541160332066,0.16154588396679306
857,60,2.0,12.0,2.0,1.0,13.0,0.0,3.0,4.0,2.0,26.0,35.0,0.1,1.0,90.0,2.0,0.0,18.0,2.0,2.875,0.0,1.0,0.0,0.584040747028862,1.0,4.0,0.7744787844661144,0.22552121553388557
857,61,2.0,1.0,2.0,1.0,0.0,0.0,3.0,4.0,2.0,26.0,35.0,0.1,1.0,90.0,2.0,0.0,18.0,2.0,2.875,0.0,19.0,0.0,0.584040747028862,1.0,4.0,0.7592580263218166,0.24074197367818342
857,62,2.0,1.0,2.0,1.0,0.0,17.0,3.0,4.0,2.0,26.0,35.0,0.1,1.0,90.0,2.0,0.0,18.0,2.0,2.875,0.0,1.0,0.0,0.584040747028862,1.0,4.0,0.739523503480508,0.2604764965194921
857,63,2.0,1.0,2.0,1.0,0.0,0.0,3.0,4.0,2.0,26.0,35.0,0.1,2.0,90.0,2.0,0.0,66.0,2.0,2.875,0.0,1.0,0.0,0.584040747028862,1.0,4.0,0.5509178287649305,0.4490821712350696
857,64,2.0,1.0,2.0,62.0,0.0,0.0,3.0,4.0,2.0,26.0,35.0,0.1,1.0,90.0,2.0,0.0,18.0,2.0,2.875,0.0,1.0,0.0,0.584040747028862,1.0,4.0,0.8402679871301223,0.1597320128698778
857,65,2.0,1.0,2.0,1.0,0.0,0.0,3.0,4.0,27.0,26.0,35.0,0.1,1.0,90.0,2.0,0.0,18.0,2.0,2.875,0.0,1.0,0.0,0.584040747028862,1.0,4.0,0.6491079815920217,0.35089201840797835
857,66,2.0,42.0,2.0,1.0,0.0,0.0,3.0,4.0,2.0,26.0,35.0,0.1,1.0,90.0,4.0,0.0,18.0,2.0,2.875,0.0,1.0,0.0,0.584040747028862,1.0,4.0,0.8388591318820166,0.16114086811798342
857,67,2.0,1.0,2.0,7.0,0.0,0.0,3.0,4.0,2.0,26.0,35.0,0.1,1.0,90.0,2.0,0.0,18.0,8.0,2.875,0.0,1.0,0.0,0.584040747028862,1.0,4.0,0.6679712531134733,0.3320287468865267
857,68,2.0,1.0,2.0,81.0,0.0,0.0,3.0,4.0,2.0,26.0,35.0,0.1,1.0,90.0,7.0,0.0,18.0,2.0,2.875,0.0,1.0,0.0,0.584040747028862,1.0,4.0,0.8402997921350539,0.15970020786494635
857,69,2.0,1.0,2.0,1.0,0.0,0.0,3.0,4.0,2.0,26.0,35.0,0.1,1.0,90.0,7.0,0.0,18.0,2.0,2.875,0.0,19.0,0.0,0.584040747028862,1.0,4.0,0.7912748804127651,0.2087251195872352
857,70,2.0,1.0,2.0,46.0,0.0,16.0,3.0,4.0,2.0,26.0,35.0,0.1,1.0,90.0,2.0,0.0,18.0,2.0,2.875,0.0,1.0,0.0,0.584040747028862,1.0,4.0,0.8402558019936347,0.1597441980063653
857,71,2.0,1.0,2.0,15.0,0.0,0.0,3.0,4.0,2.0,26.0,35.0,0.1,1.0,90.0,2.0,0.0,68.0,2.0,2.875,0.0,1.0,0.0,0.584040747028862,1.0,4.0,0.7543998993362698,0.24560010066373014
857,72,2.0,1.0,2.0,1.0,0.0,0.0,3.0,4.0,2.0,64.0,35.0,0.1,1.0,90.0,2.0,0.0,18.0,2.0,2.875,0.0,1.0,2.0,0.584040747028862,1.0,4.0,0.8353591753539273,0.16464082464607274
857,73,2.0,1.0,2.0,1.0,0.0,4.0,3.0,4.0,2.0,26.0,35.0,0.1,1.0,90.0,2.0,0.0,18.0,2.0,2.875,25.0,1.0,0.0,0.584040747028862,1.0,4.0,0.8393250518170123,0.1606749481829879
857,74,2.0,1.0,2.0,1.0,0.0,12.0,3.0,4.0,2.0,26.0,35.0,0.1,1.0,90.0,2.0,0.0,18.0,2.0,2.875,0.0,1.0,1.0,0.584040747028862,1.0,4.0,0.7155276428599652,0.284472357140035
857,75,2.0,1.0,2.0,1.0,0.0,0.0,3.0,4.0,32.0,26.0,35.0,0.1,1.0,90.0,2.0,0.0,18.0,2.0,2.875,0.0,1.0,0.0,0.3,1.0,4.0,0.7627989720159101,0.23720102798409012
857,76,2.0,1.0,2.0,1.0,43.0,0.0,3.0,4.0,2.0,26.0,35.0,0.1,1.0,90.0,2.0,0.0,18.0,2.0,42.5,0.0,1.0,0.0,0.584040747028862,1.0,4.0,0.8402680692156084,0.15973193078439196
857,77,2.0,1.0,2.0,1.0,0.0,16.0,3.0,4.0,2.0,26.0,35.0,0.1,1.0,90.0,2.0,0.0,18.0,2.0,2.875,0.0,27.0,0.0,0.584040747028862,1.0,4.0,0.8389249385252591,0.16107506147474088
857,78,2.0,1.0,2.0,1.0,0.0,0.0,3.0,4.0,2.0,26.0,35.0,0.1,1.0,90.0,2.0,0.0,18.0,2.0,2.875,26.0,1.0,0.0,0.584040747028862,1.0,4.0,0.8396682306995207,0.16033176930047915
857,79,2.0,1.0,2.0,1.0,0.0,0.0,9.0,4.0,2.0,26.0,35.0,0.1,1.0,90.0,2.0,0.0,43.0,2.0,2.875,0.0,1.0,0.0,0.584040747028862,1.0,4.0,0.7244541621470832,0.2755458378529167
857,80,2.0,1.0,2.0,1.0,12.0,0.0,3.0,4.0,36.0,26.0,35.0,0.1,1.0,90.0,2.0,0.0,18.0,2.0,2.875,0.0,1.0,0.0,0.584040747028862,1.0,4.0,0.8329266357652445,0.1670733642347557
857,81,2.0,1.0,2.0,1.0,0.0,0.0,3.0,4.0,2.0,26.0,135.0,0.1,1.0,90.0,2.0,0.0,18.0,2.0,2.875,0.0,1.0,0.0,0.584040747028862,1.0,4.0,0.7321876344235585,0.2678123655764418
857,82,20.0,1.0,2.0,1.0,0.0,0.0,3.0,4.0,2.0,26.0,35.0,0.1,1.0,90.0,2.0,0.0,18.0,2.0,2.875,0.0,22.0,0.0,0.584040747028862,1.0,4.0,0.8404488577636627,0.15955114223633718
857,83,2.0,1.0,2.0,1.0,0.0,16.0,3.0,4.0,2.0,26.0,35.0,3.35,1.0,90.0,2.0,0.0,18.0,2.0,2.875,0.0,1.0,0.0,0.584040747028862,1.0,4.0,0.7503136889031035,0.24968631109689648
857,84,6.0,1.0,2.0,1.0,0.0,0.0,3.0,4.0,2.0,26.0,35.0,0.1,1.0,90.0,2.0,48.0,18.0,2.0,2.875,0.0,1.0,0.0,0.584040747028862,1.0,4.0,0.8403762485635866,0.1596237514364135
857,85,2.0,1.0,2.0,1.0,0.0,0.0,3.0,4.0,2.0,26.0,35.0,0.1,1.0,90.0,5.0,0.0,18.0,2.0,2.875,0.0,1.0,3.0,0.584040747028862,1.0,4.0,0.8412366947452274,0.15876330525477272
857,86,2.0,1.0,2.0,1.0,0.0,0.0,1.0,4.0,2.0,26.0,35.0,6.6,1.0,90.0,2.0,0.0,18.0,2.0,2.875,0.0,1.0,0.0,0.584040747028862,1.0,4.0,0.679299462896921,0.32070053710307905
857,87,2.0,12.0,2.0,1.0,45.0,0.0,3.0,4.0,2.0,26.0,35.0,0.1,1.0,90.0,2.0,0.0,18.0,2.0,2.875,0.0,1.0,0.0,0.584040747028862,1.0,4.0,0.8409613514670068,0.15903864853299346
857,88,2.0,1.0,2.0,1.0,0.0,0.0,3.0,4.0,2.0,26.0,35.0,3.33,8.0,90.0,2.0,0.0,18.0,2.0,2.875,0.0,1.0,0.0,0.584040747028862,1.0,4.0,0.701974486965277,0.2980255130347229
857,89,2.0,1.0,2.0,1.0,21.0,0.0,3.0,4.0,2.0,26.0,35.0,0.1,1.0,38.0,2.0,0.0,18.0,2.0,2.875,0.0,1.0,0.0,0.584040747028862,1.0,4.0,0.8092109691087273,0.19078903089127286
857,90,2.0,1.0,2.0,1.0,0.0,0.0,3.0,13.0,2.0,26.0,35.0,0.1,1.0,90.0,2.0,0.0,18.0,2.0,2.875,0.0,1.0,0.0,0.584040747028862,1.0,4.0,0.7884172169003405,0.21158278309965978
857,91,2.0,1.0,2.0,1.0,0.0,0.0,3.0,4.0,2.0,26.0,35.0,0.1,1.0,90.0,2.0,17.0,18.0,1.0,2.875,0.0,1.0,0.0,0.584040747028862,1.0,4.0,0.6518850157201233,0.34811498427987697
857,92,2.0,1.0,2.0,1.0,0.0,0.0,3.0,4.0,2.0,26.0,35.0,0.1,1.0,90.0,2.0,51.0,18.0,2.0,2.875,0.0,1.0,0.0,0.584040747028862,0.1,4.0,0.8406347080233114,0.15936529197668886
857,93,2.0,44.0,2.0,1.0,0.0,0.0,3.0,4.0,2.0,26.0,35.0,0.1,1.0,90.0,2.0,0.0,18.0,2.0,2.875,0.0,1.0,0.0,0.584040747028862,0.2,4.0,0.8404052742702134,0.15959472572978659
857,94,2.0,1.0,2.0,1.0,0.0,0.0,3.0,4.0,2.0,26.0,67.0,0.1,1.0,90.0,2.0,29.0,18.0,2.0,2.875,0.0,1.0,0.0,0.584040747028862,1.0,4.0,0.82853144864228,0.17146855135772007
857,95,2.0,1.0,2.0,1.0,0.0,17.0,3.0,4.0,2.0,26.0,35.0,0.1,1.0,88.0,2.0,0.0,18.0,2.0,2.875,0.0,1.0,0.0,0.584040747028862,1.0,4.0,0.7397978151865232,0.2602021848134768
857,96,2.0,1.0,3.0,1.0,0.0,0.0,3.0,14.0,2.0,26.0,35.0,0.1,1.0,90.0,2.0,0.0,18.0,2.0,2.875,0.0,1.0,0.0,0.584040747028862,1.0,4.0,0.8266719250563175,0.1733280749436824
857,97,2.0,1.0,2.0,1.0,0.0,0.0,4.0,4.0,2.0,26.0,35.0,0.1,10.0,90.0,2.0,0.0,18.0,2.0,2.875,0.0,1.0,0.0,0.584040747028862,1.0,4.0,0.7656337728140987,0.23436622718590122
857,98,2.0,1.0,2.0,96.0,0.0,0.0,3.0,4.0,2.0,26.0,35.0,0.1,1.0,90.0,3.0,0.0,18.0,2.0,2.875,0.0,1.0,0.0,0.584040747028862,1.0,4.0,0.8404507913292005,0.15954920867079952
857,99,2.0,39.0,2.0,1.0,0.0,0.0,6.0,4.0,2.0,26.0,35.0,0.1,1.0,90.0,2.0,0.0,18.0,2.0,2.875,0.0,1.0,0.0,0.584040747028862,1.0,4.0,0.8356191347957497,0.16438086520425021
893,0,0.0,0.0,1.0,1.0,0.0,1.0,3.0,4.0,16.0,19.0,12.0,0.12,2.0,2.0,1.0,49.0,49.0,2.0,6.85714285714286,3.0,1.0,0.0,0.86970684039088,1.0,2.0,0.8452831239666423,0.1547168760333576
893,1,19.0,0.0,0.0,1.0,0.0,1.0,3.0,4.0,16.0,19.0,12.0,0.12,2.0,91.0,1.0,0.0,49.0,2.0,6.85714285714286,3.0,1.0,0.0,0.86970684039088,1.0,2.0,0.8404929645375848,0.159507035462415
893,2,0.0,0.0,1.0,52.0,0.0,1.0,10.0,4.0,16.0,19.0,12.0,0.12,2.0,91.0,1.0,0.0,49.0,2.0,6.85714285714286,3.0,1.0,0.0,0.86970684039088,1.0,2.0,0.8402690883269203,0.15973091167307987
893,3,0.0,0.0,1.0,1.0,23.0,1.0,3.0,4.0,16.0,19.0,12.0,0.12,2.0,91.0,1.0,0.0,49.0,2.0,6.85714285714286,3.0,1.0,0.0,0.86970684039088,0.6,2.0,0.836159546557542,0.16384045344245823
893,4,0.0,0.0,1.0,1.0,0.0,1.0,3.0,4.0,16.0,19.0,12.0,4.16,2.0,91.0,1.0,0.0,49.0,2.0,29.0,3.0,1.0,0.0,0.86970684039088,1.0,2.0,0.8107654046053931,0.18923459539460669
893,5,0.0,0.0,1.0,1.0,0.0,1.0,6.0,4.0,39.0,19.0,12.0,0.12,2.0,91.0,1.0,0.0,49.0,2.0,6.85714285714286,3.0,1.0,0.0,0.86970684039088,1.0,2.0,0.8205463116031552,0.17945368839684508
893,6,0.0,0.0,1.0,25.0,0.0,1.0,3.0,4.0,16.0,19.0,12.0,0.12,2.0,91.0,1.0,0.0,49.0,2.0,6.85714285714286,15.0,1.0,0.0,0.86970684039088,1.0,2.0,0.8322120039889258,0.16778799601107441
893,7,0.0,0.0,1.0,1.0,45.0,1.0,3.0,4.0,16.0,19.0,12.0,4.26,2.0,91.0,1.0,0.0,49.0,2.0,6.85714285714286,3.0,1.0,0.0,0.86970684039088,1.0,2.0,0.8404382270597142,0.15956177294028595
893,8,0.0,0.0,1.0,1.0,0.0,1.0,3.0,4.0,16.0,19.0,12.0,7.31,2.0,91.0,1.0,0.0,49.0,2.0,6.85714285714286,3.0,1.0,0.0,0.86970684039088,1.0,2.0,0.6302445642291761,0.36975543577082387
893,9,0.0,0.0,1.0,1.0,0.0,1.0,3.0,4.0,36.0,19.0,12.0,0.12,2.0,91.0,1.0,0.0,49.0,2.0,6.85714285714286,3.0,1.0,0.0,0.86970684039088,1.0,4.0,0.7980929080007012,0.20190709199929882
893,10,0.0,0.0,1.0,1.0,0.0,1.0,3.0,4.0,16.0,19.0,12.0,0.12,2.0,91.0,8.0,0.0,49.0,2.0,6.85714285714286,3.0,1.0,2.0,0.86970684039088,1.0,2.0,0.8298507619268493,0.17014923807315066
893,11,12.0,0.0,1.0,1.0,0.0,1.0,3.0,4.0,16.0,19.0,12.0,0.12,2.0,91.0,1.0,0.0,49.0,2.0,6.85714285714286,3.0,1.0,0.0,0.86970684039088,1.0,2.0,0.7934741694544319,0.20652583054556825
893,12,20.0,0.0,1.0,1.0,0.0,1.0,3.0,4.0,16.0,19.0,12.0,0.12,2.0,91.0,1.0,0.0,49.0,2.0,6.85714285714286,3.0,1.0,0.0,0.8,1.0,2.0,0.840616204939713,0.15938379506028688
893,13,0.0,0.0,2.0,1.0,0.0,1.0,3.0,4.0,16.0,19.0,12.0,0.12,2.0,91.0,1.0,0.0,49.0,2.0,6.85714285714286,3.0,1.0,3.0,0.86970684039088,1.0,2.0,0.8405493115763156,0.15945068842368437
893,14,0.0,0.0,1.0,1.0,0.0,1.0,3.0,4.0,16.0,19.0,115.0,0.12,2.0,91.0,1.0,0.0,49.0,2.0,6.85714285714286,3.0,1.0,0.0,0.86970684039088,1.0,2.0,0.5426205627819646,0.4573794372180352
893,15,0.0,0.0,1.0,1.0,0.0,1.0,3.0,13.0,16.0,19.0,12.0,0.12,2.0,91.0,1.0,0.0,49.0,2.0,6.85714285714286,3.0,1.0,0.0,0.86970684039088,1.0,2.0,0.7270804726849988,0.2729195273150013
893,16,0.0,0.0,1.0,64.0,0.0,1.0,3.0,4.0,16.0,19.0,12.0,0.12,2.0,69.0,1.0,0.0,49.0,2.0,6.85714285714286,3.0,1.0,0.0,0.86970684039088,1.0,2.0,0.8402685602497798,0.15973143975022025
893,17,0.0,0.0,1.0,1.0,0.0,1.0,3.0,4.0,16.0,19.0,12.0,0.12,2.0,91.0,0.0,35.0,49.0,2.0,6.85714285714286,3.0,1.0,0.0,0.86970684039088,1.0,2.0,0.8409621855486837,0.15903781445131615
893,18,0.0,0.0,1.0,1.0,0.0,1.0,3.0,4.0,29.0,19.0,12.0,0.12,2.0,91.0,1.0,0.0,49.0,2.0,6.85714285714286,3.0,22.0,0.0,0.86970684039088,1.0,2.0,0.8293401638270249,0.170659836172975
893,19,0.0,0.0,3.0,1.0,0.0,1.0,3.0,4.0,16.0,19.0,12.0,0.12,2.0,91.0,1.0,0.0,49.0,2.0,6.85714285714286,3.0,1.0,0.0,0.86970684039088,1.0,3.0,0.6297490554760824,0.3702509445239176
893,20,0.0,0.0,1.0,1.0,0.0,12.0,3.0,4.0,16.0,19.0,12.0,0.12,2.0,91.0,1.0,0.0,49.0,2.0,6.85714285714286,3.0,1.0,0.0,0.86970684039088,1.0,4.0,0.5504076904819282,0.4495923095180719
893,21,0.0,0.0,1.0,1.0,0.0,1.0,3.0,4.0,16.0,19.0,12.0,0.12,2.0,91.0,1.0,0.0,49.0,2.0,30.0,3.0,1.0,0.0,0.86970684039088,1.0,2.0,0.8039651115167761,0.1960348884832238
893,22,0.0,0.0,1.0,1.0,21.0,1.0,3.0,4.0,16.0,19.0,12.0,0.12,2.0,91.0,1.0,0.0,49.0,2.0,25.1,3.0,1.0,0.0,0.86970684039088,1.0,2.0,0.8397558881038493,0.1602441118961508
893,23,0.0,0.0,1.0,69.0,0.0,1.0,3.0,4.0,16.0,19.0,12.0,0.12,2.0,91.0,1.0,0.0,49.0,2.0,6.85714285714286,3.0,1.0,3.0,0.86970684039088,1.0,2.0,0.8402674178254581,0.15973258217454195
893,24,0.0,0.0,1.0,3.0,17.0,1.0,3.0,4.0,16.0,19.0,12.0,0.12,2.0,91.0,1.0,0.0,49.0,2.0,6.85714285714286,3.0,1.0,0.0,0.86970684039088,1.0,2.0,0.8258745824730822,0.1741254175269181
893,25,0.0,0.0,1.0,1.0,0.0,1.0,3.0,14.0,13.0,19.0,12.0,0.12,2.0,91.0,1.0,0.0,49.0,2.0,6.85714285714286,3.0,1.0,0.0,0.86970684039088,1.0,2.0,0.7639779945708542,0.23602200542914556
893,26,0.0,0.0,1.0,1.0,0.0,1.0,3.0,4.0,16.0,19.0,12.0,0.12,2.0,73.0,1.0,0.0,49.0,2.0,6.85714285714286,3.0,1.0,2.0,0.86970684039088,1.0,2.0,0.8144717095741871,0.1855282904258128
893,27,0.0,0.0,1.0,82.0,0.0,1.0,3.0,4.0,16.0,19.0,12.0,0.12,2.0,91.0,1.0,0.0,49.0,2.0,6.85714285714286,3.0,1.0,0.0,0.86970684039088,0.3,2.0,0.8403386947054358,0.1596613052945642
893,28,0.0,0.0,1.0,1.0,0.0,1.0,3.0,4.0,16.0,19.0,12.0,0.12,2.0,91.0,1.0,0.0,49.0,2.0,6.85714285714286,3.0,1.0,2.0,0.8,1.0,2.0,0.813298128929328,0.18670187107067204
893,29,0.0,0.0,1.0,1.0,0.0,1.0,3.0,4.0,22.0,19.0,12.0,0.12,2.0,91.0,1.0,0.0,49.0,2.0,6.85714285714286,28.0,1.0,0.0,0.86970684039088,1.0,2.0,0.8392104016829786,0.16078959831702147
893,30,14.0,0.0,1.0,1.0,0.0,1.0,3.0,4.0,16.0,19.0,12.0,0.12,2.0,91.0,1.0,0.0,49.0,6.0,6.85714285714286,3.0,1.0,0.0,0.86970684039088,1.0,2.0,0.8298877288583087,0.17011227114169128
893,31,0.0,0.0,1.0,1.0,0.0,1.0,3.0,4.0,16.0,19.0,12.0,0.12,2.0,91.0,1.0,0.0,49.0,2.0,6.85714285714286,12.0,1.0,2.0,0.86970684039088,1.0,2.0,0.8297856494906477,0.17021435050935244
893,32,7.0,0.0,1.0,1.0,14.0,1.0,3.0,4.0,16.0,19.0,12.0,0.12,2.0,91.0,1.0,0.0,49.0,2.0,6.85714285714286,3.0,1.0,0.0,0.86970684039088,1.0,2.0,0.8227514815333805,0.17724851846661954
893,33,0.0,0.0,1.0,1.0,0.0,1.0,3.0,4.0,16.0,37.0,12.0,0.12,2.0,91.0,1.0,0.0,49.0,2.0,6.85714285714286,3.0,1.0,2.0,0.86970684039088,1.0,2.0,0.8207173045234095,0.1792826954765905
893,34,0.0,0.0,1.0,1.0,0.0,1.0,3.0,4.0,16.0,19.0,12.0,0.12,2.0,91.0,1.0,0.0,49.0,2.0,6.85714285714286,3.0,19.0,2.0,0.86970684039088,1.0,2.0,0.8383251196145763,0.16167488038542355
893,35,0.0,0.0,1.0,1.0,0.0,1.0,3.0,4.0,16.0,56.0,12.0,0.12,6.0,91.0,1.0,0.0,49.0,2.0,6.85714285714286,3.0,1.0,0.0,0.86970684039088,1.0,2.0,0.7453415154792076,0.2546584845207923
893,36,0.0,0.0,1.0,1.0,0.0,1.0,3.0,4.0,16.0,19.0,12.0,0.12,2.0,91.0,1.0,0.0,49.0,2.0,35.9,3.0,1.0,0.0,0.86970684039088,1.0,2.0,0.8348267875731747,0.16517321242682523
893,37,0.0,0.0,1.0,1.0,0.0,1.0,3.0,4.0,16.0,19.0,12.0,0.12,2.0,91.0,1.0,0.0,49.0,2.0,6.85714285714286,20.0,1.0,0.0,0.86970684039088,1.0,2.0,0.804628851512599,0.19537114848740095
893,38,0.0,0.0,1.0,1.0,9.0,1.0,3.0,4.0,16.0,19.0,12.0,0.12,2.0,91.0,7.0,0.0,49.0,2.0,6.85714285714286,3.0,1.0,0.0,0.86970684039088,1.0,2.0,0.7180967261188206,0.28190327388117953
893,39,16.0,42.0,1.0,1.0,0.0,1.0,3.0,4.0,16.0,19.0,12.0,0.12,2.0,91.0,1.0,0.0,49.0,2.0,6.85714285714286,3.0,1.0,0.0,0.86970684039088,1.0,2.0,0.8407506432400513,0.1592493567599486
893,40,0.0,0.0,1.0,1.0,0.0,1.0,3.0,4.0,16.0,19.0,12.0,0.12,2.0,91.0,1.0,0.0,49.0,2.0,6.85714285714286,3.0,22.0,0.0,0.86970684039088,1.0,2.0,0.7967510508933766,0.20324894910662347
893,41,0.0,0.0,3.0,1.0,0.0,1.0,0.0,4.0,16.0,19.0,12.0,0.12,2.0,91.0,1.0,0.0,49.0,2.0,6.85714285714286,3.0,1.0,0.0,0.86970684039088,1.0,2.0,0.6821521550924998,0.31784784490750045
893,42,0.0,0.0,1.0,77.0,0.0,1.0,3.0,4.0,16.0,19.0,12.0,0.12,2.0,91.0,1.0,0.0,49.0,2.0,6.85714285714286,3.0,1.0,1.0,0.86970684039088,1.0,2.0,0.8402827900815868,0.1597172099184132
893,43,0.0,0.0,1.0,1.0,0.0,1.0,3.0,4.0,16.0,0.0,12.0,0.12,2.0,91.0,1.0,43.0,49.0,2.0,6.85714285714286,3.0,1.0,0.0,0.86970684039088,1.0,2.0,0.8465071959489758,0.15349280405102433
893,44,0.0,25.0,2.0,1.0,0.0,1.0,3.0,4.0,16.0,19.0,12.0,0.12,2.0,91.0,1.0,0.0,49.0,2.0,6.85714285714286,3.0,1.0,0.0,0.86970684039088,1.0,2.0,0.7465179078322913,0.25348209216770834
893,45,0.0,0.0,1.0,1.0,0.0,1.0,7.0,4.0,16.0,19.0,12.0,0.12,2.0,91.0,1.0,0.0,49.0,2.0,46.5,3.0,1.0,0.0,0.86970684039088,1.0,2.0,0.8403301278601754,0.15966987213982453
893,46,0.0,0.0,1.0,1.0,0.0,1.0,3.0,4.0,16.0,19.0,12.0,0.12,2.0,91.0,1.0,0.0,49.0,8.0,25.2,3.0,1.0,0.0,0.86970684039088,1.0,2.0,0.8233423872037633,0.17665761279623657
893,47,0.0,0.0,1.0,1.0,4.0,1.0,3.0,4.0,16.0,19.0,12.0,0.12,13.0,91.0,1.0,0.0,49.0,2.0,6.85714285714286,3.0,1.0,0.0,0.86970684039088,1.0,2.0,0.8137039043242696,0.18629609567573027
893,48,0.0,0.0,1.0,1.0,0.0,1.0,3.0,4.0,16.0,19.0,12.0,0.12,2.0,91.0,1.0,17.0,49.0,2.0,6.85714285714286,3.0,1.0,0.0,0.86970684039088,1.0,2.0,0.5545120606280582,0.4454879393719416
893,49,13.0,20.0,1.0,1.0,0.0,1.0,3.0,4.0,16.0,19.0,12.0,0.12,2.0,91.0,1.0,0.0,49.0,2.0,6.85714285714286,3.0,1.0,0.0,0.86970684039088,1.0,2.0,0.8292560663709312,0.1707439336290686
893,50,0.0,0.0,1.0,1.0,6.0,1.0,3.0,4.0,16.0,19.0,12.0,0.12,2.0,91.0,1.0,0.0,49.0,8.0,6.85714285714286,3.0,1.0,0.0,0.86970684039088,1.0,2.0,0.7645096133835059,0.23549038661649413
893,51,0.0,0.0,1.0,1.0,0.0,1.0,3.0,4.0,16.0,19.0,51.0,0.12,2.0,91.0,1.0,0.0,49.0,9.0,6.85714285714286,3.0,1.0,0.0,0.86970684039088,1.0,2.0,0.6430316203633505,0.35696837963664935
893,52,0.0,0.0,1.0,48.0,0.0,1.0,3.0,4.0,16.0,19.0,12.0,0.12,2.0,91.0,1.0,0.0,49.0,2.0,6.85714285714286,38.0,1.0,0.0,0.86970684039088,1.0,2.0,0.8402674134392316,0.1597325865607683
893,53,0.0,0.0,1.0,1.0,0.0,1.0,3.0,10.0,16.0,19.0,12.0,0.12,2.0,91.0,1.0,0.0,49.0,2.0,6.85714285714286,3.0,15.0,0.0,0.86970684039088,1.0,2.0,0.7497562754948389,0.2502437245051612
893,54,0.0,0.0,1.0,1.0,0.0,1.0,12.0,4.0,38.0,19.0,12.0,0.12,2.0,91.0,1.0,0.0,49.0,2.0,6.85714285714286,3.0,1.0,0.0,0.86970684039088,1.0,2.0,0.8380570184597393,0.1619429815402608
893,55,0.0,0.0,1.0,1.0,0.0,1.0,3.0,4.0,16.0,19.0,12.0,0.12,2.0,58.0,1.0,0.0,49.0,2.0,6.85714285714286,3.0,1.0,2.0,0.86970684039088,1.0,2.0,0.8152531474567045,0.18474685254329543
893,56,0.0,0.0,1.0,1.0,0.0,1.0,3.0,4.0,33.0,19.0,12.0,0.12,2.0,91.0,1.0,0.0,49.0,2.0,6.85714285714286,18.0,1.0,0.0,0.86970684039088,1.0,2.0,0.8250361505057157,0.17496384949428437
893,57,0.0,0.0,1.0,1.0,0.0,1.0,3.0,4.0,16.0,19.0,12.0,0.12,2.0,91.0,1.0,0.0,49.0,2.0,6.85714285714286,33.0,4.0,0.0,0.86970684039088,1.0,2.0,0.8401890979234015,0.1598109020765984
893,58,0.0,0.0,1.0,1.0,32.0,1.0,3.0,4.0,23.0,19.0,12.0,0.12,2.0,91.0,1.0,0.0,49.0,2.0,6.85714285714286,3.0,1.0,0.0,0.86970684039088,1.0,2.0,0.8401631603940098,0.15983683960599024
893,59,0.0,0.0,1.0,1.0,0.0,1.0,3.0,4.0,16.0,19.0,12.0,4.75,2.0,91.0,8.0,0.0,49.0,2.0,6.85714285714286,3.0,1.0,0.0,0.86970684039088,1.0,2.0,0.632826792017617,0.367173207982383
893,60,0.0,0.0,1.0,1.0,0.0,1.0,3.0,4.0,16.0,19.0,140.0,0.12,2.0,91.0,1.0,0.0,49.0,2.0,6.85714285714286,20.0,1.0,0.0,0.86970684039088,1.0,2.0,0.8383911416501896,0.16160885834981045
893,61,0.0,0.0,1.0,1.0,0.0,1.0,3.0,4.0,16.0,19.0,12.0,0.12,2.0,91.0,1.0,0.0,6.0,9.0,6.85714285714286,3.0,1.0,0.0,0.86970684039088,1.0,2.0,0.7757300280434825,0.22426997195651766
893,62,0.0,0.0,1.0,1.0,0.0,1.0,3.0,4.0,16.0,48.0,12.0,0.12,2.0,91.0,1.0,0.0,57.0,2.0,6.85714285714286,3.0,1.0,0.0,0.86970684039088,1.0,2.0,0.5166733740021596,0.4833266259978405
893,63,19.0,0.0,1.0,1.0,0.0,1.0,3.0,4.0,16.0,19.0,12.0,0.12,2.0,91.0,1.0,0.0,70.0,2.0,6.85714285714286,3.0,1.0,0.0,0.86970684039088,1.0,2.0,0.8401781471951189,0.15982185280488112
893,64,0.0,0.0,1.0,1.0,0.0,1.0,3.0,4.0,16.0,19.0,12.0,0.12,2.0,91.0,1.0,0.0,49.0,2.0,6.85714285714286,3.0,1.0,3.0,0.7,1.0,2.0,0.8403366079012595,0.15966339209874056
893,65,0.0,0.0,1.0,1.0,0.0,1.0,3.0,4.0,16.0,19.0,12.0,0.12,2.0,91.0,1.0,45.0,49.0,2.0,6.85714285714286,3.0,1.0,0.0,0.86970684039088,0.1,2.0,0.8470390585698702,0.15296094143012992
893,66,0.0,0.0,2.0,1.0,0.0,1.0,3.0,4.0,16.0,19.0,12.0,0.12,2.0,91.0,8.0,0.0,49.0,2.0,6.85714285714286,3.0,1.0,0.0,0.86970684039088,1.0,2.0,0.5315991075248112,0.4684008924751886
893,67,0.0,0.0,1.0,1.0,0.0,1.0,3.0,4.0,16.0,19.0,12.0,0.12,2.0,91.0,1.0,0.0,2.0,2.0,6.85714285714286,3.0,1.0,0.0,0.86970684039088,1.0,2.0,0.7908890324599334,0.20911096754006692
893,68,20.0,0.0,1.0,1.0,0.0,1.0,3.0,4.0,16.0,19.0,12.0,4.98,2.0,91.0,1.0,0.0,49.0,2.0,6.85714285714286,3.0,1.0,0.0,0.86970684039088,1.0,2.0,0.8404471801029523,0.15955281989704767
893,69,0.0,0.0,1.0,1.0,0.0,1.0,3.0,4.0,16.0,19.0,15.0,0.12,9.0,91.0,1.0,0.0,49.0,2.0,6.85714285714286,3.0,1.0,0.0,0.86970684039088,1.0,2.0,0.5722521569037208,0.4277478430962794
893,70,0.0,0.0,1.0,1.0,23.0,1.0,3.0,4.0,16.0,19.0,12.0,0.12,2.0,63.0,1.0,0.0,49.0,2.0,6.85714285714286,3.0,1.0,0.0,0.86970684039088,1.0,2.0,0.8368745891888735,0.1631254108111265
893,71,0.0,42.0,1.0,1.0,0.0,1.0,3.0,4.0,16.0,19.0,12.0,0.12,2.0,91.0,1.0,0.0,6.0,2.0,6.85714285714286,3.0,1.0,0.0,0.86970684039088,1.0,2.0,0.8443309123470113,0.15566908765298879
893,72,0.0,0.0,1.0,1.0,0.0,1.0,14.0,4.0,16.0,19.0,12.0,0.12,2.0,91.0,1.0,0.0,49.0,2.0,6.85714285714286,3.0,1.0,0.0,0.4,1.0,2.0,0.8371370336838362,0.1628629663161637
893,73,0.0,0.0,1.0,1.0,0.0,1.0,10.0,4.0,16.0,19.0,12.0,0.12,2.0,1.0,1.0,0.0,49.0,2.0,6.85714285714286,3.0,1.0,0.0,0.86970684039088,1.0,2.0,0.7648876209125607,0.23511237908743948
893,74,0.0,0.0,3.0,1.0,0.0,1.0,3.0,4.0,16.0,19.0,12.0,0.12,2.0,91.0,1.0,16.0,49.0,2.0,6.85714285714286,3.0,1.0,0.0,0.86970684039088,1.0,2.0,0.7594181816854407,0.2405818183145592
893,75,0.0,0.0,1.0,1.0,0.0,1.0,3.0,4.0,16.0,19.0,12.0,0.12,2.0,91.0,1.0,0.0,49.0,9.0,23.9,3.0,1.0,0.0,0.86970684039088,1.0,2.0,0.828630299827532,0.17136970017246803
893,76,0.0,0.0,1.0,1.0,0.0,1.0,9.0,4.0,16.0,19.0,12.0,0.12,2.0,91.0,1.0,4.0,49.0,2.0,6.85714285714286,3.0,1.0,0.0,0.86970684039088,1.0,2.0,0.6500934258033884,0.34990657419661164
893,77,0.0,0.0,1.0,57.0,0.0,1.0,3.0,4.0,16.0,19.0,12.0,0.12,2.0,91.0,1.0,0.0,49.0,2.0,6.85714285714286,0.0,1.0,0.0,0.86970684039088,1.0,2.0,0.8402666793639428,0.15973332063605708
893,78,0.0,0.0,1.0,1.0,16.0,1.0,3.0,4.0,16.0,19.0,12.0,0.12,2.0,91.0,1.0,0.0,49.0,2.0,37.7,3.0,1.0,0.0,0.86970684039088,1.0,2.0,0.8402193101601098,0.15978068983989022
893,79,0.0,0.0,1.0,76.0,0.0,1.0,3.0,4.0,16.0,19.0,12.0,0.12,2.0,91.0,1.0,0.0,49.0,2.0,6.85714285714286,3.0,1.0,0.0,1.0,1.0,2.0,0.8402954770596267,0.15970452294037332
893,80,0.0,0.0,1.0,1.0,0.0,1.0,3.0,4.0,37.0,19.0,12.0,0.12,9.0,91.0,1.0,0.0,49.0,2.0,6.85714285714286,3.0,1.0,0.0,0.86970684039088,1.0,2.0,0.8217059708869557,0.17829402911304412
893,81,0.0,14.0,1.0,1.0,0.0,1.0,13.0,4.0,16.0,19.0,12.0,0.12,2.0,91.0,1.0,0.0,49.0,2.0,6.85714285714286,3.0,1.0,0.0,0.86970684039088,1.0,2.0,0.8352206641042232,0.16477933589577665
893,82,0.0,22.0,1.0,1.0,10.0,1.0,3.0,4.0,16.0,19.0,12.0,0.12,2.0,91.0,1.0,0.0,49.0,2.0,6.85714285714286,3.0,1.0,0.0,0.86970684039088,1.0,2.0,0.8022434090476248,0.19775659095237502
893,83,0.0,0.0,1.0,17.0,0.0,1.0,3.0,4.0,16.0,19.0,12.0,0.12,2.0,91.0,1.0,0.0,49.0,2.0,6.85714285714286,3.0,1.0,0.0,0.86970684039088,1.0,2.0,0.5725386219173267,0.42746137808267326
893,84,0.0,0.0,4.0,89.0,0.0,1.0,3.0,4.0,16.0,19.0,12.0,0.12,2.0,91.0,1.0,0.0,49.0,2.0,6.85714285714286,3.0,1.0,0.0,0.86970684039088,1.0,2.0,0.8402679921922378,0.1597320078077624
893,85,0.0,0.0,1.0,1.0,0.0,1.0,3.0,4.0,16.0,19.0,12.0,0.12,2.0,91.0,1.0,0.0,49.0,2.0,6.85714285714286,3.0,32.0,0.0,0.86970684039088,0.4,2.0,0.8403809347258338,0.1596190652741662
893,86,0.0,0.0,1.0,1.0,0.0,1.0,3.0,4.0,16.0,19.0,112.0,0.12,2.0,91.0,1.0,0.0,49.0,2.0,28.7,3.0,1.0,0.0,0.86970684039088,1.0,2.0,0.823475253188962,0.17652474681103805
893,87,0.0,0.0,1.0,1.0,0.0,1.0,3.0,4.0,16.0,19.0,12.0,7.05,11.0,91.0,1.0,0.0,49.0,2.0,6.85714285714286,3.0,1.0,0.0,0.86970684039088,1.0,2.0,0.8168186664298934,0.1831813335701066
893,88,0.0,38.0,1.0,1.0,0.0,1.0,3.0,4.0,16.0,19.0,12.0,0.12,2.0,91.0,2.0,0.0,49.0,2.0,6.85714285714286,3.0,1.0,0.0,0.86970684039088,1.0,2.0,0.8347811612210231,0.16521883877897692
893,89,0.0,0.0,1.0,1.0,0.0,15.0,3.0,16.0,16.0,19.0,12.0,0.12,2.0,91.0,1.0,0.0,49.0,2.0,6.85714285714286,3.0,1.0,0.0,0.86970684039088,1.0,2.0,0.8327975476428348,0.16720245235716533
893,90,0.0,0.0,1.0,58.0,0.0,1.0,3.0,4.0,16.0,19.0,12.0,0.12,2.0,91.0,1.0,0.0,49.0,2.0,6.85714285714286,3.0,1.0,0.0,0.5,1.0,2.0,0.8402671988091156,0.15973280119088476
893,91,0.0,0.0,1.0,1.0,0.0,1.0,3.0,4.0,16.0,19.0,12.0,0.12,2.0,91.0,1.0,0.0,49.0,2.0,6.85714285714286,3.0,25.0,0.0,0.86970684039088,1.0,2.0,0.822506937161755,0.17749306283824504
893,92,0.0,38.0,1.0,1.0,0.0,1.0,3.0,4.0,16.0,19.0,12.0,0.12,2.0,91.0,1.0,0.0,49.0,2.0,6.85714285714286,3.0,1.0,0.0,0.86970684039088,0.2,2.0,0.8360691092125457,0.16393089078745438
893,93,0.0,0.0,1.0,1.0,0.0,1.0,3.0,4.0,16.0,19.0,12.0,5.66,2.0,91.0,1.0,0.0,49.0,2.0,39.6,3.0,1.0,0.0,0.86970684039088,1.0,2.0,0.8398668274664217,0.16013317253357834
893,94,0.0,0.0,1.0,66.0,0.0,1.0,3.0,4.0,16.0,19.0,83.0,0.12,2.0,91.0,1.0,0.0,49.0,2.0,6.85714285714286,3.0,1.0,0.0,0.86970684039088,1.0,2.0,0.8402676207209796,0.15973237927902045
893,95,0.0,0.0,1.0,1.0,0.0,1.0,3.0,4.0,16.0,19.0,12.0,0.12,2.0,91.0,1.0,0.0,13.0,2.0,6.85714285714286,17.0,1.0,0.0,0.86970684039088,1.0,2.0,0.8166226806584318,0.18337731934156834
893,96,0.0,0.0,1.0,1.0,0.0,1.0,6.0,4.0,16.0,19.0,12.0,0.12,2.0,91.0,1.0,0.0,49.0,2.0,6.85714285714286,3.0,1.0,1.0,0.86970684039088,1.0,2.0,0.545155347289065,0.45484465271093494
893,97,0.0,0.0,1.0,1.0,0.0,1.0,3.0,4.0,16.0,19.0,12.0,0.12,2.0,91.0,1.0,0.0,49.0,2.0,34.1,3.0,1.0,0.0,0.86970684039088,1.0,2.0,0.8298714942212408,0.170128505778759
893,98,0.0,0.0,1.0,1.0,0.0,15.0,10.0,4.0,16.0,19.0,12.0,0.12,2.0,91.0,1.0,0.0,49.0,2.0,6.85714285714286,3.0,1.0,0.0,0.86970684039088,1.0,2.0,0.8144074976554527,0.18559250234454724
911,0,19.0,0.0,1.0,2.0,0.0,1.0,2.0,3.0,9.0,25.0,39.0,0.39,0.0,93.0,4.0,0.0,6.0,4.0,2.4375,1.0,1.0,0.0,0.492779783393502,1.0,2.0,0.8460120424745339,0.15398795752546604
911,1,0.0,0.0,1.0,2.0,0.0,1.0,2.0,3.0,9.0,25.0,39.0,0.39,0.0,93.0,4.0,3.0,6.0,4.0,25.6,1.0,1.0,0.0,0.492779783393502,1.0,2.0,0.7860403967571716,0.2139596032428283
911,2,0.0,0.0,1.0,2.0,19.0,1.0,2.0,3.0,9.0,25.0,39.0,0.39,0.0,93.0,4.0,3.0,6.0,4.0,2.4375,1.0,1.0,0.0,0.492779783393502,1.0,2.0,0.8003081055702043,0.1996918944297956
911,3,0.0,0.0,1.0,2.0,0.0,1.0,2.0,3.0,9.0,25.0,39.0,0.39,0.0,93.0,4.0,18.0,6.0,4.0,2.4375,22.0,1.0,0.0,0.492779783393502,1.0,2.0,0.8379774998720838,0.1620225001279162
911,4,0.0,0.0,1.0,2.0,0.0,1.0,9.0,3.0,9.0,25.0,39.0,0.39,0.0,93.0,4.0,3.0,6.0,4.0,2.4375,1.0,14.0,0.0,0.492779783393502,1.0,2.0,0.7893890117173328,0.21061098828266758
911,5,0.0,0.0,1.0,2.0,0.0,1.0,2.0,3.0,9.0,25.0,39.0,0.39,0.0,93.0,4.0,21.0,6.0,4.0,2.4375,1.0,1.0,0.0,0.492779783393502,1.0,1.0,0.7017170316263828,0.2982829683736173
911,6,0.0,0.0,1.0,30.0,0.0,1.0,2.0,3.0,9.0,25.0,39.0,0.39,0.0,93.0,4.0,3.0,6.0,4.0,2.4375,1.0,1.0,0.0,0.7,1.0,2.0,0.8230464255812977,0.17695357441870235
911,7,0.0,0.0,1.0,2.0,0.0,1.0,2.0,3.0,9.0,25.0,39.0,0.39,0.0,93.0,4.0,3.0,6.0,4.0,42.5,1.0,1.0,0.0,0.492779783393502,1.0,3.0,0.8423921096232398,0.15760789037676012
911,8,0.0,0.0,1.0,2.0,0.0,1.0,5.0,3.0,9.0,25.0,39.0,0.39,0.0,93.0,4.0,3.0,6.0,4.0,2.4375,12.0,1.0,0.0,0.492779783393502,1.0,2.0,0.6362217985051749,0.363778201494825
911,9,0.0,0.0,1.0,2.0,0.0,1.0,2.0,3.0,9.0,25.0,39.0,0.39,14.0,68.0,4.0,3.0,6.0,4.0,2.4375,1.0,1.0,0.0,0.492779783393502,1.0,2.0,0.8266705008795981,0.1733294991204018
911,10,0.0,0.0,1.0,2.0,0.0,1.0,2.0,3.0,9.0,25.0,39.0,0.39,0.0,93.0,0.0,3.0,6.0,4.0,2.4375,39.0,1.0,0.0,0.492779783393502,1.0,2.0,0.8402737371052905,0.1597262628947093
911,11,0.0,0.0,1.0,2.0,0.0,1.0,2.0,3.0,20.0,25.0,129.0,0.39,0.0,93.0,4.0,3.0,6.0,4.0,2.4375,1.0,1.0,0.0,0.492779783393502,1.0,2.0,0.6859414839079895,0.3140585160920104
911,12,0.0,0.0,1.0,2.0,0.0,1.0,2.0,3.0,9.0,25.0,39.0,0.39,0.0,93.0,4.0,3.0,6.0,4.0,44.3,1.0,35.0,0.0,0.492779783393502,1.0,2.0,0.8402714518372715,0.15972854816272852
911,13,2.0,0.0,1.0,2.0,0.0,1.0,2.0,3.0,9.0,25.0,39.0,0.39,0.0,93.0,4.0,3.0,6.0,4.0,2.4375,1.0,38.0,0.0,0.492779783393502,1.0,2.0,0.8429461247189455,0.15705387528105472
911,14,0.0,0.0,1.0,2.0,0.0,10.0,2.0,3.0,9.0,25.0,39.0,0.39,0.0,93.0,4.0,3.0,6.0,4.0,2.4375,1.0,11.0,0.0,0.492779783393502,1.0,2.0,0.5842854847509008,0.41571451524909925
911,15,0.0,0.0,1.0,2.0,0.0,1.0,2.0,3.0,39.0,25.0,39.0,0.39,0.0,93.0,4.0,3.0,6.0,9.0,2.4375,1.0,1.0,0.0,0.492779783393502,1.0,2.0,0.8338793949467036,0.1661206050532965
911,16,0.0,0.0,1.0,2.0,0.0,1.0,2.0,3.0,9.0,25.0,39.0,0.39,14.0,93.0,4.0,3.0,6.0,4.0,2.4375,6.0,1.0,0.0,0.492779783393502,1.0,2.0,0.8296414669831974,0.17035853301680276
911,17,0.0,20.0,1.0,2.0,0.0,1.0,2.0,3.0,9.0,25.0,39.0,0.39,0.0,93.0,4.0,3.0,6.0,4.0,27.4,1.0,1.0,0.0,0.492779783393502,1.0,2.0,0.827097937801369,0.172902062198631
911,18,0.0,0.0,1.0,39.0,0.0,1.0,2.0,3.0,9.0,25.0,39.0,0.39,0.0,93.0,4.0,3.0,6.0,4.0,2.4375,1.0,1.0,0.0,0.492779783393502,1.0,2.0,0.839701311165499,0.160298688834501
911,19,0.0,0.0,1.0,2.0,0.0,1.0,2.0,9.0,9.0,57.0,39.0,0.39,0.0,93.0,4.0,3.0,6.0,4.0,2.4375,1.0,1.0,0.0,0.492779783393502,1.0,2.0,0.7364088738772547,0.26359112612274505
911,20,0.0,0.0,1.0,2.0,0.0,1.0,2.0,3.0,32.0,25.0,39.0,0.39,0.0,93.0,4.0,3.0,6.0,4.0,2.4375,1.0,1.0,0.0,0.492779783393502,1.0,2.0,0.6939333958378892,0.306066604162111
911,21,0.0,0.0,1.0,2.0,0.0,1.0,2.0,3.0,9.0,25.0,39.0,4.98,0.0,93.0,4.0,3.0,6.0,4.0,2.4375,20.0,1.0,0.0,0.492779783393502,1.0,2.0,0.8325877214483351,0.16741227855166504
911,22,0.0,0.0,1.0,58.0,0.0,1.0,2.0,3.0,9.0,25.0,39.0,0.39,0.0,93.0,4.0,3.0,6.0,4.0,2.4375,1.0,1.0,0.0,0.5,1.0,2.0,0.8402714097204597,0.1597285902795403
911,23,0.0,0.0,1.0,2.0,0.0,1.0,11.0,3.0,9.0,25.0,39.0,0.39,0.0,93.0,3.0,3.0,6.0,4.0,2.4375,1.0,1.0,0.0,0.492779783393502,1.0,2.0,0.7940435149404151,0.20595648505958483
911,24,0.0,0.0,1.0,2.0,0.0,1.0,2.0,3.0,9.0,25.0,39.0,0.39,0.0,93.0,4.0,3.0,6.0,4.0,2.4375,19.0,1.0,2.0,0.492779783393502,1.0,2.0,0.8399242676826645,0.1600757323173353
911,25,0.0,0.0,1.0,2.0,0.0,1.0,13.0,3.0,9.0,25.0,39.0,4.29,0.0,93.0,4.0,3.0,6.0,4.0,2.4375,1.0,1.0,0.0,0.492779783393502,1.0,2.0,0.8366022126164405,0.16339778738355937
911,26,0.0,0.0,1.0,2.0,0.0,1.0,2.0,3.0,9.0,25.0,39.0,6.57,0.0,93.0,4.0,3.0,6.0,4.0,2.4375,1.0,1.0,0.0,0.492779783393502,1.0,2.0,0.555888578928265,0.4441114210717349
911,27,18.0,0.0,1.0,2.0,0.0,1.0,2.0,17.0,9.0,25.0,39.0,0.39,0.0,93.0,4.0,3.0,6.0,4.0,2.4375,1.0,1.0,0.0,0.492779783393502,1.0,2.0,0.8410133956055694,0.15898660439443058
911,28,0.0,0.0,1.0,61.0,0.0,1.0,2.0,3.0,9.0,25.0,39.0,0.39,0.0,93.0,4.0,10.0,6.0,4.0,2.4375,1.0,1.0,0.0,0.492779783393502,1.0,2.0,0.840269827848069,0.1597301721519308
911,29,0.0,0.0,4.0,2.0,0.0,1.0,14.0,3.0,9.0,25.0,39.0,0.39,0.0,93.0,4.0,3.0,6.0,4.0,2.4375,1.0,1.0,0.0,0.492779783393502,1.0,2.0,0.8406003609099766,0.15939963909002333
911,30,13.0,0.0,1.0,2.0,0.0,1.0,2.0,3.0,9.0,25.0,39.0,0.39,3.0,93.0,4.0,3.0,6.0,4.0,2.4375,1.0,1.0,0.0,0.492779783393502,1.0,2.0,0.8196264032475133,0.18037359675248646
911,31,0.0,0.0,1.0,2.0,29.0,1.0,2.0,3.0,9.0,25.0,39.0,0.39,0.0,93.0,4.0,3.0,6.0,4.0,2.4375,1.0,1.0,0.0,0.492779783393502,1.0,2.0,0.8366660344705487,0.1633339655294513
911,32,0.0,0.0,1.0,83.0,0.0,1.0,2.0,3.0,9.0,25.0,39.0,0.39,0.0,93.0,4.0,3.0,6.0,8.0,2.4375,1.0,1.0,0.0,0.492779783393502,1.0,2.0,0.8403106667016143,0.15968933329838583
911,33,0.0,0.0,3.0,2.0,0.0,1.0,2.0,3.0,9.0,25.0,39.0,0.39,0.0,93.0,4.0,16.0,6.0,4.0,2.4375,1.0,1.0,0.0,0.492779783393502,1.0,2.0,0.7193347652955389,0.2806652347044611
911,34,0.0,0.0,1.0,2.0,0.0,1.0,7.0,3.0,9.0,25.0,39.0,0.39,0.0,93.0,4.0,3.0,6.0,4.0,2.4375,1.0,1.0,2.0,0.492779783393502,1.0,2.0,0.8289000644720891,0.17109993552791086
911,35,0.0,0.0,1.0,2.0,6.0,1.0,2.0,3.0,9.0,25.0,39.0,0.39,0.0,93.0,4.0,3.0,6.0,0.0,2.4375,1.0,1.0,0.0,0.492779783393502,1.0,2.0,0.5807435324826438,0.41925646751735623
911,36,0.0,0.0,1.0,2.0,0.0,1.0,2.0,3.0,9.0,25.0,39.0,0.39,0.0,93.0,4.0,3.0,6.0,4.0,2.4375,1.0,12.0,0.0,0.7,1.0,2.0,0.5175706162751679,0.48242938372483196
911,37,0.0,0.0,1.0,2.0,0.0,1.0,2.0,18.0,9.0,25.0,39.0,0.39,0.0,93.0,4.0,3.0,6.0,4.0,13.5,1.0,1.0,0.0,0.492779783393502,1.0,2.0,0.8460445399151089,0.1539554600848908
911,38,0.0,0.0,1.0,2.0,38.0,1.0,2.0,3.0,9.0,25.0,39.0,0.39,0.0,93.0,4.0,3.0,6.0,4.0,2.4375,1.0,1.0,0.0,0.492779783393502,1.0,2.0,0.8418321741973682,0.15816782580263183
911,39,0.0,0.0,1.0,2.0,0.0,1.0,2.0,3.0,9.0,25.0,39.0,0.39,0.0,93.0,4.0,3.0,6.0,4.0,2.4375,1.0,31.0,0.0,0.492779783393502,0.7,2.0,0.8429480683788325,0.15705193162116754
911,40,0.0,14.0,1.0,2.0,39.0,1.0,2.0,3.0,9.0,25.0,39.0,0.39,0.0,93.0,4.0,3.0,6.0,4.0,2.4375,1.0,1.0,0.0,0.492779783393502,1.0,2.0,0.8412988549315135,0.15870114506848643
911,41,0.0,0.0,1.0,2.0,0.0,1.0,2.0,3.0,9.0,25.0,39.0,0.39,0.0,93.0,4.0,3.0,6.0,1.0,34.9,1.0,1.0,0.0,0.492779783393502,1.0,2.0,0.8545742869992161,0.1454257130007838
911,42,0.0,0.0,1.0,57.0,0.0,1.0,2.0,3.0,9.0,25.0,39.0,0.39,0.0,93.0,4.0,3.0,6.0,4.0,2.4375,1.0,1.0,0.0,0.492779783393502,1.0,2.0,0.8402724540323666,0.15972754596763344
911,43,0.0,0.0,1.0,2.0,0.0,1.0,2.0,3.0,9.0,25.0,39.0,0.39,0.0,93.0,4.0,3.0,6.0,4.0,18.1,1.0,1.0,0.0,0.492779783393502,1.0,2.0,0.5199818373487284,0.4800181626512715
911,44,7.0,0.0,1.0,2.0,0.0,1.0,2.0,3.0,9.0,25.0,134.0,0.39,0.0,93.0,4.0,3.0,6.0,4.0,2.4375,1.0,1.0,0.0,0.492779783393502,1.0,2.0,0.76894516301177,0.23105483698823015
911,45,0.0,0.0,1.0,2.0,0.0,1.0,2.0,3.0,9.0,25.0,39.0,0.39,0.0,93.0,4.0,3.0,40.0,4.0,2.4375,1.0,17.0,0.0,0.492779783393502,1.0,2.0,0.5915966689709807,0.4084033310290193
911,46,0.0,0.0,1.0,2.0,0.0,1.0,2.0,3.0,9.0,25.0,39.0,0.39,0.0,27.0,4.0,20.0,6.0,4.0,2.4375,1.0,1.0,0.0,0.492779783393502,1.0,2.0,0.6831817468657777,0.31681825313422235
911,47,0.0,0.0,1.0,2.0,0.0,1.0,2.0,3.0,40.0,25.0,39.0,0.39,0.0,93.0,4.0,3.0,6.0,4.0,2.4375,1.0,1.0,0.0,0.492779783393502,0.5,2.0,0.7991407022903956,0.20085929770960448
911,48,0.0,0.0,1.0,2.0,0.0,1.0,2.0,3.0,9.0,25.0,39.0,0.39,0.0,93.0,4.0,3.0,44.0,4.0,2.4375,1.0,1.0,2.0,0.492779783393502,1.0,2.0,0.8007730687928437,0.19922693120715632
911,49,0.0,0.0,1.0,2.0,0.0,1.0,2.0,3.0,9.0,48.0,39.0,7.41,0.0,93.0,4.0,3.0,6.0,4.0,2.4375,1.0,1.0,0.0,0.492779783393502,1.0,2.0,0.7035449439482993,0.29645505605170086
911,50,0.0,0.0,1.0,2.0,0.0,13.0,2.0,3.0,9.0,25.0,39.0,0.39,0.0,93.0,4.0,3.0,6.0,4.0,2.4375,1.0,35.0,0.0,0.492779783393502,1.0,2.0,0.8417713463212576,0.1582286536787424
911,51,0.0,0.0,3.0,2.0,0.0,1.0,2.0,3.0,9.0,25.0,39.0,4.27,0.0,93.0,4.0,3.0,6.0,4.0,2.4375,1.0,1.0,0.0,0.492779783393502,1.0,2.0,0.6275311041107797,0.3724688958892202
911,52,0.0,0.0,1.0,2.0,0.0,1.0,2.0,3.0,9.0,64.0,39.0,0.39,0.0,93.0,4.0,3.0,6.0,4.0,2.4375,1.0,1.0,0.0,0.492779783393502,1.0,1.0,0.6545344584882672,0.34546554151173287
911,53,13.0,0.0,1.0,2.0,0.0,1.0,2.0,3.0,9.0,25.0,39.0,0.39,0.0,93.0,4.0,3.0,6.0,4.0,2.4375,1.0,19.0,0.0,0.492779783393502,1.0,2.0,0.8375582860545089,0.1624417139454912
911,54,0.0,0.0,1.0,2.0,0.0,1.0,2.0,3.0,9.0,25.0,39.0,0.39,0.0,93.0,4.0,3.0,6.0,4.0,2.4375,40.0,1.0,0.0,0.492779783393502,1.0,2.0,0.84027276139756,0.15972723860244006
911,55,0.0,0.0,1.0,2.0,0.0,1.0,2.0,9.0,9.0,25.0,39.0,2.9,0.0,93.0,4.0,3.0,6.0,4.0,2.4375,1.0,1.0,0.0,0.492779783393502,1.0,2.0,0.5077634519063219,0.4922365480936782
911,56,0.0,0.0,1.0,2.0,0.0,1.0,2.0,3.0,9.0,25.0,39.0,2.62,0.0,93.0,4.0,51.0,6.0,4.0,2.4375,1.0,1.0,0.0,0.492779783393502,1.0,2.0,0.8424506280208729,0.15754937197912708
911,57,0.0,0.0,1.0,2.0,0.0,1.0,2.0,3.0,9.0,25.0,39.0,0.39,0.0,93.0,4.0,3.0,6.0,4.0,2.4375,42.0,1.0,0.0,0.492779783393502,1.0,2.0,0.8402702984646263,0.1597297015353736
911,58,0.0,0.0,1.0,32.0,0.0,1.0,2.0,3.0,9.0,25.0,39.0,0.39,0.0,93.0,4.0,5.0,6.0,4.0,2.4375,1.0,1.0,0.0,0.492779783393502,1.0,2.0,0.8312895805463916,0.16871041945360826
911,59,0.0,0.0,1.0,2.0,0.0,1.0,3.0,3.0,9.0,25.0,39.0,0.39,0.0,93.0,4.0,3.0,6.0,4.0,2.4375,1.0,21.0,0.0,0.492779783393502,1.0,2.0,0.7932912326563967,0.20670876734360347
911,60,0.0,0.0,1.0,2.0,0.0,1.0,2.0,3.0,9.0,30.0,39.0,0.39,0.0,93.0,4.0,3.0,6.0,4.0,2.4375,38.0,1.0,0.0,0.492779783393502,1.0,2.0,0.8402730957829094,0.1597269042170906
911,61,0.0,0.0,1.0,2.0,0.0,1.0,9.0,3.0,9.0,25.0,39.0,0.39,0.0,93.0,4.0,3.0,6.0,7.0,2.4375,1.0,1.0,0.0,0.492779783393502,1.0,2.0,0.7652111392271516,0.23478886077284855
911,62,0.0,0.0,1.0,2.0,0.0,1.0,10.0,3.0,9.0,25.0,39.0,0.39,0.0,49.0,4.0,3.0,6.0,4.0,2.4375,1.0,1.0,0.0,0.492779783393502,1.0,2.0,0.7546730540743061,0.24532694592569382
911,63,0.0,0.0,1.0,2.0,30.0,1.0,2.0,3.0,9.0,25.0,39.0,0.39,0.0,93.0,4.0,3.0,6.0,4.0,2.4375,1.0,1.0,0.0,0.492779783393502,0.9,2.0,0.8379089966295761,0.16209100337042387
911,64,11.0,0.0,1.0,2.0,0.0,1.0,2.0,3.0,9.0,25.0,39.0,0.39,0.0,53.0,4.0,3.0,6.0,4.0,2.4375,1.0,1.0,0.0,0.492779783393502,1.0,2.0,0.7492882456590575,0.25071175434094234
911,65,0.0,0.0,1.0,2.0,0.0,1.0,2.0,7.0,9.0,25.0,39.0,0.39,0.0,93.0,4.0,3.0,6.0,8.0,2.4375,1.0,1.0,0.0,0.492779783393502,1.0,2.0,0.5576053239291042,0.4423946760708958
911,66,0.0,29.0,1.0,2.0,0.0,1.0,2.0,3.0,9.0,25.0,39.0,0.39,4.0,93.0,4.0,3.0,6.0,4.0,2.4375,1.0,1.0,0.0,0.492779783393502,1.0,2.0,0.7716263591012641,0.22837364089873585
911,67,0.0,0.0,1.0,2.0,0.0,1.0,2.0,3.0,9.0,25.0,39.0,0.39,0.0,93.0,4.0,3.0,6.0,4.0,2.4375,26.0,1.0,0.0,0.492779783393502,1.0,4.0,0.8396393604107908,0.16036063958920932
911,68,0.0,0.0,1.0,2.0,0.0,1.0,2.0,3.0,9.0,25.0,39.0,0.39,0.0,93.0,4.0,51.0,6.0,4.0,2.4375,1.0,1.0,0.0,0.492779783393502,0.1,2.0,0.8434338524442737,0.1565661475557263
911,69,0.0,0.0,1.0,2.0,0.0,3.0,2.0,3.0,9.0,25.0,39.0,0.39,0.0,93.0,4.0,3.0,6.0,4.0,23.6,1.0,1.0,0.0,0.492779783393502,1.0,2.0,0.7484837166009664,0.25151628339903354
911,70,0.0,0.0,1.0,2.0,0.0,1.0,14.0,3.0,9.0,25.0,39.0,0.39,0.0,93.0,4.0,3.0,6.0,4.0,26.2,1.0,1.0,0.0,0.492779783393502,1.0,2.0,0.8403227670934663,0.15967723290653346
911,71,0.0,0.0,1.0,2.0,0.0,1.0,2.0,10.0,9.0,25.0,39.0,0.39,0.0,93.0,4.0,3.0,6.0,4.0,2.4375,1.0,1.0,0.0,0.492779783393502,1.0,1.0,0.5594007797103739,0.44059922028962584
911,72,0.0,0.0,1.0,2.0,0.0,1.0,2.0,13.0,9.0,25.0,39.0,0.39,0.0,93.0,4.0,3.0,6.0,4.0,2.4375,1.0,1.0,0.0,0.492779783393502,1.0,2.0,0.7808740584312879,0.21912594156871235
911,73,0.0,0.0,1.0,2.0,0.0,1.0,2.0,3.0,9.0,25.0,39.0,0.39,0.0,61.0,4.0,3.0,6.0,4.0,26.3,1.0,1.0,0.0,0.492779783393502,1.0,2.0,0.7992410906965564,0.20075890930344367
911,74,0.0,44.0,1.0,2.0,0.0,1.0,2.0,3.0,9.0,25.0,39.0,0.39,0.0,93.0,4.0,3.0,6.0,4.0,2.4375,20.0,1.0,0.0,0.492779783393502,1.0,2.0,0.8403536991717708,0.15964630082822917
911,75,8.0,0.0,1.0,2.0,0.0,1.0,2.0,3.0,9.0,25.0,39.0,0.39,0.0,93.0,4.0,3.0,6.0,4.0,2.4375,1.0,1.0,1.0,0.492779783393502,1.0,2.0,0.6854319417967588,0.3145680582032413
911,76,0.0,0.0,1.0,2.0,0.0,1.0,2.0,3.0,9.0,25.0,39.0,0.39,0.0,93.0,4.0,43.0,6.0,4.0,2.4375,9.0,1.0,0.0,0.492779783393502,1.0,2.0,0.842111516526015,0.1578884834739851
911,77,0.0,0.0,1.0,2.0,0.0,1.0,2.0,3.0,9.0,25.0,39.0,0.39,0.0,93.0,4.0,3.0,6.0,4.0,23.6,1.0,1.0,0.0,0.492779783393502,1.0,2.0,0.7462025426854763,0.25379745731452386
911,78,0.0,0.0,1.0,2.0,0.0,1.0,2.0,3.0,9.0,25.0,39.0,0.39,0.0,93.0,4.0,3.0,6.0,4.0,2.4375,17.0,1.0,0.0,0.3,1.0,2.0,0.7913314379118853,0.20866856208811466
911,79,0.0,0.0,1.0,2.0,0.0,1.0,5.0,3.0,9.0,25.0,39.0,0.39,0.0,93.0,4.0,3.0,6.0,4.0,24.9,1.0,1.0,0.0,0.492779783393502,1.0,2.0,0.7879732804317269,0.2120267195682733
911,80,0.0,0.0,1.0,2.0,0.0,1.0,2.0,3.0,9.0,25.0,39.0,0.39,0.0,93.0,4.0,3.0,6.0,4.0,2.4375,1.0,28.0,0.0,0.492779783393502,1.0,1.0,0.8409168636375787,0.15908313636242125
911,81,0.0,0.0,1.0,2.0,0.0,1.0,2.0,3.0,9.0,25.0,39.0,0.39,0.0,93.0,4.0,3.0,6.0,4.0,2.4375,1.0,1.0,2.0,1.0,1.0,2.0,0.8306897342528733,0.16931026574712685
911,82,0.0,0.0,1.0,2.0,0.0,1.0,2.0,3.0,9.0,49.0,39.0,0.39,0.0,93.0,4.0,3.0,6.0,4.0,2.4375,33.0,1.0,0.0,0.492779783393502,1.0,2.0,0.8402535397897266,0.1597464602102732
911,83,0.0,0.0,1.0,84.0,0.0,1.0,2.0,3.0,9.0,25.0,39.0,0.39,0.0,93.0,4.0,35.0,6.0,4.0,2.4375,1.0,1.0,0.0,0.492779783393502,1.0,2.0,0.8402698575929697,0.1597301424070303
911,84,0.0,0.0,1.0,2.0,0.0,1.0,2.0,3.0,9.0,60.0,39.0,0.39,0.0,93.0,4.0,3.0,6.0,4.0,2.4375,1.0,1.0,0.0,0.492779783393502,0.9,2.0,0.5416984714172548,0.45830152858274514
911,85,19.0,0.0,1.0,2.0,0.0,1.0,2.0,3.0,9.0,25.0,39.0,0.39,0.0,93.0,6.0,3.0,6.0,4.0,2.4375,1.0,1.0,0.0,0.492779783393502,1.0,2.0,0.8447468321188221,0.15525316788117804
911,86,0.0,0.0,1.0,2.0,0.0,1.0,2.0,3.0,9.0,25.0,39.0,0.39,0.0,93.0,4.0,3.0,6.0,4.0,2.4375,1.0,33.0,0.0,0.492779783393502,1.0,2.0,0.8431418209111116,0.15685817908888863
911,87,0.0,0.0,1.0,2.0,0.0,1.0,2.0,3.0,9.0,25.0,39.0,0.39,5.0,93.0,4.0,3.0,6.0,4.0,2.4375,1.0,1.0,1.0,0.492779783393502,1.0,2.0,0.5854220988065673,0.4145779011934326
911,88,0.0,0.0,1.0,2.0,0.0,1.0,2.0,3.0,9.0,25.0,39.0,0.39,0.0,93.0,4.0,3.0,6.0,4.0,2.4375,1.0,15.0,0.0,0.492779783393502,0.2,2.0,0.6809264657481494,0.31907353425185075
911,89,0.0,0.0,1.0,71.0,0.0,1.0,2.0,3.0,9.0,25.0,39.0,0.39,0.0,93.0,4.0,51.0,6.0,4.0,2.4375,1.0,1.0,0.0,0.492779783393502,1.0,2.0,0.840267413766794,0.15973258623320602
911,90,0.0,0.0,1.0,2.0,0.0,1.0,2.0,17.0,9.0,25.0,39.0,0.39,0.0,93.0,4.0,3.0,6.0,4.0,2.4375,22.0,1.0,0.0,0.492779783393502,1.0,2.0,0.8403261262895748,0.15967387371042513
911,91,0.0,0.0,3.0,2.0,18.0,1.0,2.0,3.0,9.0,25.0,39.0,0.39,0.0,93.0,4.0,3.0,6.0,4.0,2.4375,1.0,1.0,0.0,0.492779783393502,1.0,2.0,0.7959470422617128,0.2040529577382874
911,92,0.0,0.0,1.0,2.0,0.0,1.0,2.0,3.0,9.0,25.0,39.0,0.39,0.0,93.0,4.0,3.0,6.0,4.0,2.4375,34.0,1.0,0.0,0.492779783393502,0.9,2.0,0.840280656132202,0.15971934386779804
911,93,0.0,0.0,1.0,2.0,10.0,1.0,2.0,3.0,9.0,25.0,39.0,0.39,2.0,93.0,4.0,3.0,6.0,4.0,2.4375,1.0,1.0,0.0,0.492779783393502,1.0,2.0,0.5267552062969804,0.4732447937030196
911,94,19.0,0.0,1.0,2.0,0.0,1.0,2.0,3.0,2.0,25.0,39.0,0.39,0.0,93.0,4.0,3.0,6.0,4.0,2.4375,1.0,1.0,0.0,0.492779783393502,1.0,2.0,0.8472012312132428,0.15279876878675713
911,95,0.0,0.0,1.0,59.0,0.0,1.0,2.0,3.0,9.0,25.0,39.0,0.39,0.0,93.0,4.0,3.0,6.0,4.0,2.4375,1.0,1.0,0.0,0.492779783393502,1.0,2.0,0.8402708532685071,0.15972914673149277
911,96,0.0,0.0,1.0,2.0,42.0,1.0,2.0,3.0,36.0,25.0,39.0,0.39,0.0,93.0,4.0,3.0,6.0,4.0,2.4375,1.0,1.0,0.0,0.492779783393502,1.0,2.0,0.8403017349342677,0.15969826506573234
911,97,0.0,0.0,1.0,2.0,0.0,1.0,2.0,3.0,9.0,25.0,39.0,0.39,0.0,56.0,4.0,29.0,6.0,4.0,2.4375,1.0,1.0,0.0,0.492779783393502,1.0,2.0,0.8324318948226018,0.1675681051773983
911,98,0.0,0.0,1.0,2.0,45.0,1.0,2.0,3.0,9.0,3.0,39.0,0.39,0.0,93.0,4.0,3.0,6.0,4.0,2.4375,1.0,1.0,0.0,0.492779783393502,1.0,2.0,0.8480169202089419,0.15198307979105805
913,0,1.0,0.0,1.0,1.0,0.0,1.0,2.0,2.0,5.0,20.0,36.0,0.36,0.0,93.0,4.0,3.0,14.0,2.0,31.5,0.0,0.0,0.0,0.470212765957447,0.5,3.0,0.8629163507323107,0.13708364926768934
913,1,1.0,0.0,1.0,1.0,0.0,1.0,2.0,2.0,19.0,56.0,36.0,0.36,0.0,93.0,4.0,3.0,14.0,2.0,2.07142857142857,0.0,0.0,0.0,0.470212765957447,0.5,3.0,0.6638247628574173,0.33617523714258263
913,2,1.0,0.0,2.0,1.0,0.0,1.0,2.0,2.0,5.0,20.0,36.0,4.7,0.0,93.0,4.0,3.0,14.0,2.0,2.07142857142857,0.0,0.0,0.0,0.470212765957447,0.5,3.0,0.5264175057995719,0.47358249420042814
913,3,1.0,0.0,1.0,1.0,0.0,16.0,2.0,2.0,5.0,20.0,36.0,0.36,0.0,93.0,4.0,3.0,14.0,2.0,2.07142857142857,0.0,0.0,0.0,0.470212765957447,0.5,3.0,0.6599774506728985,0.3400225493271016
913,4,1.0,0.0,1.0,1.0,0.0,3.0,2.0,2.0,5.0,20.0,36.0,0.36,15.0,93.0,4.0,3.0,14.0,2.0,2.07142857142857,0.0,0.0,0.0,0.470212765957447,0.5,3.0,0.8306956157935634,0.16930438420643645
913,5,1.0,0.0,1.0,53.0,0.0,1.0,2.0,2.0,5.0,20.0,36.0,0.36,0.0,93.0,4.0,3.0,14.0,2.0,2.07142857142857,0.0,0.0,0.0,0.8,0.5,3.0,0.8403157845977892,0.15968421540221095
913,6,16.0,0.0,1.0,1.0,0.0,1.0,2.0,2.0,5.0,24.0,36.0,0.36,0.0,93.0,4.0,3.0,14.0,2.0,2.07142857142857,0.0,0.0,0.0,0.470212765957447,0.5,3.0,0.8572489128496111,0.1427510871503888
913,7,1.0,0.0,1.0,1.0,0.0,17.0,2.0,2.0,5.0,20.0,135.0,0.36,0.0,93.0,4.0,3.0,14.0,2.0,2.07142857142857,0.0,0.0,0.0,0.470212765957447,0.5,3.0,0.8160910900695779,0.18390890993042192
913,8,1.0,25.0,1.0,1.0,0.0,8.0,2.0,2.0,5.0,20.0,36.0,0.36,0.0,93.0,4.0,3.0,14.0,2.0,2.07142857142857,0.0,0.0,0.0,0.470212765957447,0.5,3.0,0.7034852891208405,0.2965147108791594
913,9,1.0,36.0,1.0,1.0,0.0,1.0,2.0,2.0,5.0,20.0,36.0,0.36,0.0,93.0,4.0,3.0,14.0,2.0,2.07142857142857,0.0,0.0,3.0,0.470212765957447,0.5,3.0,0.8403040504334027,0.1596959495665974
913,10,1.0,0.0,1.0,1.0,0.0,1.0,2.0,2.0,29.0,20.0,36.0,0.36,0.0,93.0,4.0,3.0,14.0,2.0,2.07142857142857,24.0,0.0,0.0,0.470212765957447,0.5,3.0,0.8393232779185489,0.16067672208145117
913,11,1.0,43.0,1.0,1.0,0.0,1.0,2.0,2.0,5.0,20.0,36.0,0.36,0.0,93.0,4.0,3.0,14.0,2.0,26.5,0.0,0.0,0.0,0.470212765957447,0.5,3.0,0.8409762948140158,0.15902370518598416
913,12,1.0,0.0,1.0,1.0,0.0,1.0,2.0,2.0,26.0,20.0,36.0,0.36,11.0,93.0,4.0,3.0,14.0,2.0,2.07142857142857,0.0,0.0,0.0,0.470212765957447,0.5,3.0,0.8058039084443896,0.19419609155561027
913,13,1.0,0.0,1.0,1.0,24.0,16.0,2.0,2.0,5.0,20.0,36.0,0.36,0.0,93.0,4.0,3.0,14.0,2.0,2.07142857142857,0.0,0.0,0.0,0.470212765957447,0.5,3.0,0.8357417565522108,0.16425824344778892
913,14,1.0,0.0,1.0,1.0,0.0,1.0,2.0,2.0,5.0,20.0,36.0,0.36,0.0,93.0,4.0,3.0,14.0,2.0,28.2,0.0,0.0,0.0,0.470212765957447,0.5,3.0,0.8593963412314021,0.14060365876859796
913,15,13.0,0.0,1.0,1.0,0.0,1.0,2.0,2.0,5.0,20.0,36.0,0.36,0.0,93.0,4.0,3.0,14.0,2.0,2.07142857142857,0.0,19.0,0.0,0.470212765957447,0.5,3.0,0.8371851641406902,0.16281483585930961
913,16,1.0,28.0,1.0,1.0,0.0,1.0,2.0,2.0,5.0,20.0,36.0,6.64,0.0,93.0,4.0,3.0,14.0,2.0,2.07142857142857,0.0,0.0,0.0,0.470212765957447,0.5,3.0,0.8071850632862616,0.19281493671373828
913,17,1.0,0.0,1.0,1.0,0.0,1.0,2.0,2.0,5.0,20.0,36.0,0.36,0.0,93.0,4.0,3.0,14.0,2.0,2.07142857142857,39.0,0.0,0.0,0.470212765957447,0.5,3.0,0.8402810748082297,0.1597189251917702
913,18,7.0,0.0,1.0,1.0,0.0,1.0,2.0,2.0,5.0,20.0,36.0,0.36,0.0,93.0,4.0,50.0,14.0,2.0,2.07142857142857,0.0,0.0,0.0,0.470212765957447,0.5,3.0,0.8408700608598134,0.15912993914018644
913,19,1.0,0.0,1.0,1.0,0.0,5.0,2.0,2.0,5.0,68.0,36.0,0.36,0.0,93.0,4.0,3.0,14.0,2.0,2.07142857142857,0.0,0.0,0.0,0.470212765957447,0.5,3.0,0.7424088438044014,0.2575911561955987
913,20,1.0,0.0,1.0,1.0,0.0,1.0,2.0,2.0,35.0,20.0,36.0,0.36,0.0,93.0,4.0,3.0,39.0,2.0,2.07142857142857,0.0,0.0,0.0,0.470212765957447,0.5,3.0,0.8285368491017153,0.17146315089828482
913,21,1.0,0.0,1.0,1.0,0.0,1.0,2.0,7.0,5.0,20.0,36.0,0.36,0.0,93.0,4.0,3.0,14.0,8.0,2.07142857142857,0.0,0.0,0.0,0.470212765957447,0.5,3.0,0.6064546510055149,0.3935453489944852
913,22,1.0,0.0,1.0,1.0,0.0,1.0,2.0,2.0,5.0,20.0,36.0,0.36,14.0,93.0,4.0,3.0,14.0,2.0,2.07142857142857,0.0,14.0,0.0,0.470212765957447,0.5,3.0,0.8429942521702455,0.15700574782975452
913,23,1.0,0.0,4.0,1.0,0.0,1.0,2.0,2.0,5.0,20.0,36.0,0.36,0.0,93.0,4.0,47.0,14.0,2.0,2.07142857142857,0.0,0.0,0.0,0.470212765957447,0.5,3.0,0.8403824000307274,0.1596175999692727
913,24,1.0,0.0,1.0,1.0,0.0,16.0,2.0,2.0,5.0,20.0,36.0,0.36,0.0,93.0,4.0,3.0,18.0,2.0,2.07142857142857,0.0,0.0,0.0,0.470212765957447,0.5,3.0,0.6288160321515047,0.3711839678484953
913,25,1.0,0.0,1.0,8.0,0.0,1.0,2.0,2.0,5.0,20.0,36.0,0.36,0.0,93.0,4.0,3.0,14.0,2.0,2.07142857142857,22.0,0.0,0.0,0.470212765957447,0.5,3.0,0.8376233793795869,0.16237662062041322
913,26,7.0,0.0,1.0,1.0,0.0,1.0,2.0,2.0,5.0,20.0,36.0,0.36,0.0,93.0,4.0,3.0,14.0,2.0,2.07142857142857,0.0,0.0,1.0,0.470212765957447,0.5,3.0,0.5849148251969928,0.4150851748030073
913,27,1.0,0.0,1.0,1.0,0.0,1.0,2.0,2.0,5.0,20.0,36.0,0.36,0.0,93.0,4.0,38.0,14.0,2.0,2.07142857142857,0.0,0.0,0.0,0.470212765957447,0.5,3.0,0.8471374964604204,0.15286250353957953
913,28,1.0,0.0,1.0,1.0,0.0,1.0,2.0,2.0,5.0,20.0,36.0,0.36,7.0,93.0,4.0,3.0,14.0,2.0,41.1,0.0,0.0,0.0,0.470212765957447,0.5,3.0,0.8433530625066242,0.15664693749337577
913,29,1.0,0.0,1.0,1.0,0.0,1.0,2.0,2.0,30.0,20.0,36.0,0.36,0.0,93.0,4.0,3.0,14.0,2.0,2.07142857142857,0.0,0.0,0.0,0.470212765957447,0.5,3.0,0.7105288974250713,0.2894711025749288
913,30,1.0,0.0,1.0,1.0,0.0,1.0,2.0,2.0,5.0,20.0,36.0,0.36,0.0,93.0,4.0,3.0,14.0,2.0,28.8,0.0,0.0,0.0,0.470212765957447,0.5,3.0,0.8607858852943729,0.13921411470562714
913,31,1.0,0.0,1.0,1.0,0.0,1.0,2.0,7.0,5.0,20.0,36.0,0.36,0.0,93.0,4.0,3.0,14.0,2.0,15.7,0.0,0.0,0.0,0.470212765957447,0.5,3.0,0.6357069837369251,0.36429301626307486
913,32,19.0,41.0,1.0,1.0,0.0,1.0,2.0,2.0,5.0,20.0,36.0,0.36,0.0,93.0,4.0,3.0,14.0,2.0,2.07142857142857,0.0,0.0,0.0,0.470212765957447,0.5,3.0,0.8519193461278229,0.14808065387217706
913,33,1.0,0.0,1.0,1.0,0.0,1.0,2.0,2.0,5.0,20.0,36.0,0.36,0.0,93.0,4.0,3.0,14.0,5.0,2.07142857142857,31.0,0.0,0.0,0.470212765957447,0.5,3.0,0.8402491553096032,0.15975084469039696
913,34,1.0,0.0,1.0,1.0,21.0,1.0,2.0,2.0,5.0,20.0,36.0,0.36,0.0,38.0,4.0,3.0,14.0,2.0,2.07142857142857,0.0,0.0,0.0,0.470212765957447,0.5,3.0,0.8183820242435763,0.1816179757564238
913,35,1.0,0.0,1.0,1.0,0.0,1.0,2.0,2.0,5.0,20.0,36.0,0.36,0.0,93.0,4.0,3.0,14.0,2.0,2.07142857142857,0.0,26.0,0.0,0.470212765957447,0.5,3.0,0.8467100211247333,0.1532899788752669
913,36,1.0,0.0,1.0,1.0,0.0,1.0,2.0,2.0,7.0,20.0,36.0,0.36,0.0,93.0,4.0,3.0,14.0,2.0,2.07142857142857,0.0,28.0,0.0,0.470212765957447,0.5,3.0,0.8469261421910829,0.1530738578089172
913,37,1.0,0.0,1.0,1.0,0.0,1.0,2.0,7.0,5.0,20.0,36.0,0.36,15.0,93.0,4.0,3.0,14.0,2.0,2.07142857142857,0.0,0.0,0.0,0.470212765957447,0.5,3.0,0.836258939654295,0.16374106034570507
913,38,1.0,0.0,1.0,1.0,0.0,1.0,2.0,2.0,5.0,20.0,36.0,0.36,0.0,93.0,4.0,30.0,14.0,2.0,2.07142857142857,0.0,0.0,0.0,0.470212765957447,0.5,3.0,0.8462570111316219,0.15374298886837837
913,39,1.0,7.0,1.0,1.0,0.0,1.0,2.0,2.0,5.0,20.0,36.0,6.68,0.0,93.0,4.0,3.0,14.0,2.0,2.07142857142857,0.0,0.0,0.0,0.470212765957447,0.5,3.0,0.65324203632988,0.34675796367011996
913,40,1.0,0.0,1.0,1.0,0.0,1.0,2.0,18.0,5.0,20.0,24.0,0.36,0.0,93.0,4.0,3.0,14.0,2.0,2.07142857142857,0.0,0.0,0.0,0.470212765957447,0.5,3.0,0.8495413415771531,0.15045865842284695
913,41,1.0,27.0,1.0,1.0,0.0,1.0,2.0,2.0,5.0,20.0,36.0,0.36,0.0,93.0,4.0,3.0,14.0,2.0,2.07142857142857,0.0,0.0,0.0,0.470212765957447,0.5,4.0,0.7312600336258249,0.26873996637417535
913,42,1.0,0.0,1.0,1.0,0.0,1.0,2.0,2.0,27.0,20.0,36.0,0.36,0.0,93.0,4.0,3.0,14.0,2.0,2.07142857142857,0.0,0.0,0.0,0.470212765957447,0.5,3.0,0.6449726662396085,0.35502733376039153
913,43,1.0,0.0,1.0,1.0,0.0,1.0,2.0,2.0,5.0,20.0,93.0,0.36,0.0,93.0,4.0,3.0,14.0,2.0,2.07142857142857,0.0,34.0,0.0,0.470212765957447,0.5,3.0,0.8407350532349058,0.15926494676509417
913,44,1.0,0.0,1.0,70.0,0.0,1.0,4.0,2.0,5.0,20.0,36.0,0.36,0.0,93.0,4.0,3.0,14.0,2.0,2.07142857142857,0.0,0.0,0.0,0.470212765957447,0.5,3.0,0.8403127848313697,0.15968721516863016
913,45,1.0,0.0,1.0,1.0,0.0,1.0,2.0,11.0,5.0,20.0,36.0,0.36,15.0,93.0,4.0,3.0,14.0,2.0,2.07142857142857,0.0,0.0,0.0,0.470212765957447,0.5,3.0,0.8379941549832673,0.16200584501673265
913,46,1.0,0.0,1.0,1.0,0.0,1.0,2.0,2.0,23.0,20.0,36.0,0.36,0.0,93.0,4.0,3.0,14.0,2.0,2.07142857142857,14.0,0.0,0.0,0.470212765957447,0.5,3.0,0.7905031861288405,0.20949681387115943
913,47,1.0,0.0,1.0,1.0,0.0,1.0,2.0,2.0,5.0,20.0,10.0,0.36,0.0,93.0,4.0,3.0,14.0,2.0,2.07142857142857,0.0,0.0,2.0,0.470212765957447,0.5,3.0,0.8364324551643589,0.16356754483564095
913,48,1.0,0.0,1.0,1.0,0.0,1.0,2.0,2.0,5.0,20.0,36.0,0.36,0.0,93.0,4.0,3.0,14.0,2.0,2.07142857142857,0.0,0.0,0.0,1.0,0.5,3.0,0.5615472794230935,0.4384527205769067
913,49,1.0,0.0,1.0,1.0,36.0,1.0,2.0,2.0,5.0,20.0,36.0,0.36,0.0,93.0,4.0,3.0,14.0,2.0,2.07142857142857,0.0,0.0,0.0,1.0,0.5,3.0,0.8430670747397868,0.15693292526021313
913,50,1.0,0.0,1.0,1.0,0.0,1.0,2.0,2.0,5.0,20.0,127.0,0.36,0.0,93.0,4.0,3.0,14.0,2.0,2.07142857142857,0.0,0.0,0.0,0.470212765957447,0.5,3.0,0.6107089061519007,0.3892910938480992
913,51,1.0,0.0,1.0,1.0,0.0,1.0,2.0,2.0,5.0,20.0,36.0,0.36,15.0,93.0,4.0,3.0,14.0,2.0,2.07142857142857,0.0,14.0,0.0,0.470212765957447,0.5,3.0,0.844799188905479,0.1552008110945211
913,52,1.0,0.0,1.0,1.0,0.0,1.0,2.0,2.0,5.0,20.0,36.0,0.36,0.0,93.0,4.0,3.0,14.0,2.0,18.9,19.0,0.0,0.0,0.470212765957447,0.5,3.0,0.8399960874860704,0.16000391251392956
913,53,1.0,0.0,3.0,1.0,0.0,2.0,2.0,2.0,5.0,20.0,36.0,0.36,0.0,93.0,4.0,3.0,14.0,2.0,2.07142857142857,0.0,0.0,0.0,0.470212765957447,0.5,3.0,0.5810179900625011,0.4189820099374989
913,54,1.0,0.0,1.0,58.0,0.0,1.0,2.0,2.0,5.0,20.0,36.0,0.36,0.0,93.0,4.0,3.0,14.0,2.0,2.07142857142857,0.0,0.0,0.0,0.5,0.5,3.0,0.8402760778036023,0.15972392219639783
913,55,19.0,0.0,1.0,1.0,0.0,1.0,2.0,2.0,5.0,20.0,36.0,0.36,0.0,93.0,4.0,0.0,14.0,2.0,2.07142857142857,0.0,0.0,0.0,0.470212765957447,0.5,3.0,0.8520952075357477,0.1479047924642523
913,56,1.0,0.0,1.0,1.0,18.0,1.0,2.0,2.0,5.0,20.0,36.0,0.36,0.0,93.0,4.0,3.0,14.0,2.0,1.0,0.0,0.0,0.0,0.470212765957447,0.5,3.0,0.7927369173386078,0.20726308266139196
913,57,1.0,0.0,1.0,1.0,0.0,11.0,2.0,2.0,5.0,20.0,36.0,0.36,0.0,93.0,4.0,3.0,14.0,2.0,2.07142857142857,23.0,0.0,0.0,0.470212765957447,0.5,3.0,0.8387914136051964,0.16120858639480376
913,58,1.0,0.0,1.0,1.0,0.0,1.0,2.0,2.0,5.0,20.0,36.0,0.36,0.0,93.0,7.0,3.0,14.0,2.0,2.07142857142857,0.0,12.0,0.0,0.470212765957447,0.5,3.0,0.7092360937171817,0.29076390628281845
913,59,1.0,0.0,1.0,1.0,31.0,1.0,2.0,2.0,5.0,20.0,36.0,4.09,0.0,93.0,4.0,3.0,14.0,2.0,2.07142857142857,0.0,0.0,0.0,0.470212765957447,0.5,3.0,0.8403387262059431,0.15966127379405698
913,60,1.0,24.0,1.0,1.0,0.0,1.0,2.0,2.0,5.0,20.0,36.0,0.36,0.0,93.0,4.0,3.0,14.0,2.0,2.07142857142857,0.0,0.0,1.0,0.470212765957447,0.5,3.0,0.749317042785968,0.2506829572140319
913,61,1.0,0.0,1.0,1.0,0.0,1.0,2.0,2.0,5.0,20.0,36.0,0.65,0.0,93.0,4.0,3.0,14.0,2.0,2.07142857142857,0.0,0.0,1.0,0.470212765957447,0.5,3.0,0.5420374391024307,0.45796256089756926
913,62,1.0,40.0,1.0,1.0,0.0,1.0,2.0,2.0,5.0,20.0,36.0,0.36,0.0,93.0,4.0,3.0,14.0,2.0,2.07142857142857,0.0,0.0,0.0,0.470212765957447,0.5,2.0,0.8363392470992289,0.1636607529007712
913,63,1.0,0.0,1.0,1.0,43.0,1.0,2.0,1.0,5.0,20.0,36.0,0.36,0.0,93.0,4.0,3.0,14.0,2.0,2.07142857142857,0.0,0.0,0.0,0.470212765957447,0.5,3.0,0.8468210071359402,0.15317899286405956
913,64,1.0,0.0,1.0,1.0,0.0,1.0,2.0,2.0,5.0,20.0,125.0,0.36,0.0,93.0,4.0,3.0,14.0,2.0,2.07142857142857,0.0,0.0,0.0,0.470212765957447,0.5,3.0,0.5935243761399537,0.40647562386004626
913,65,1.0,0.0,1.0,1.0,0.0,1.0,9.0,2.0,5.0,20.0,36.0,3.61,0.0,93.0,4.0,3.0,14.0,2.0,2.07142857142857,0.0,0.0,0.0,0.470212765957447,0.5,3.0,0.6851545578184637,0.3148454421815364
913,66,1.0,0.0,1.0,95.0,0.0,1.0,2.0,2.0,5.0,20.0,36.0,0.36,0.0,93.0,4.0,3.0,14.0,2.0,2.07142857142857,0.0,0.0,0.0,0.4,0.5,3.0,0.8426465583070255,0.15735344169297472
913,67,1.0,0.0,1.0,1.0,0.0,1.0,2.0,2.0,5.0,20.0,36.0,0.36,0.0,85.0,4.0,3.0,14.0,2.0,2.07142857142857,0.0,0.0,2.0,0.470212765957447,0.5,3.0,0.826111563612619,0.17388843638738097
913,68,1.0,0.0,1.0,1.0,0.0,1.0,2.0,2.0,5.0,20.0,36.0,0.36,0.0,93.0,4.0,3.0,50.0,2.0,2.07142857142857,0.0,0.0,2.0,0.470212765957447,0.5,3.0,0.8132868631879712,0.18671313681202906
913,69,1.0,0.0,1.0,1.0,0.0,1.0,8.0,2.0,32.0,20.0,36.0,0.36,0.0,93.0,4.0,3.0,14.0,2.0,2.07142857142857,0.0,0.0,0.0,0.470212765957447,0.5,3.0,0.7914639177901758,0.20853608220982414
913,70,1.0,0.0,0.0,1.0,0.0,1.0,2.0,2.0,29.0,20.0,36.0,0.36,0.0,93.0,4.0,3.0,14.0,2.0,2.07142857142857,0.0,0.0,0.0,0.470212765957447,0.5,3.0,0.7725860077938116,0.22741399220618827
913,71,1.0,0.0,1.0,1.0,0.0,14.0,2.0,2.0,5.0,20.0,36.0,0.36,0.0,93.0,4.0,3.0,14.0,2.0,4.2,0.0,0.0,0.0,0.470212765957447,0.5,3.0,0.568320111225809,0.43167988877419095
913,72,13.0,0.0,1.0,1.0,0.0,1.0,2.0,2.0,5.0,20.0,36.0,3.36,0.0,93.0,4.0,3.0,14.0,2.0,2.07142857142857,0.0,0.0,0.0,0.470212765957447,0.5,3.0,0.8220961944990189,0.17790380550098103
913,73,1.0,0.0,1.0,1.0,0.0,1.0,2.0,2.0,5.0,20.0,36.0,0.36,0.0,93.0,4.0,3.0,14.0,2.0,2.07142857142857,0.0,12.0,0.0,0.470212765957447,0.5,3.0,0.639173987607241,0.360826012392759
913,74,18.0,0.0,1.0,1.0,0.0,1.0,2.0,2.0,5.0,20.0,31.0,0.36,0.0,93.0,4.0,3.0,14.0,2.0,2.07142857142857,0.0,0.0,0.0,0.470212765957447,0.5,3.0,0.8576003338556972,0.1423996661443028
913,75,1.0,0.0,1.0,1.0,17.0,1.0,2.0,2.0,5.0,20.0,36.0,4.85,0.0,93.0,4.0,3.0,14.0,2.0,2.07142857142857,0.0,0.0,0.0,0.470212765957447,0.5,3.0,0.8081551085345351,0.19184489146546505
913,76,1.0,0.0,1.0,1.0,0.0,1.0,2.0,2.0,20.0,20.0,36.0,0.36,0.0,93.0,4.0,3.0,14.0,2.0,2.07142857142857,9.0,0.0,0.0,0.470212765957447,0.5,3.0,0.6329480505781452,0.367051949421855
913,77,1.0,0.0,1.0,1.0,0.0,12.0,2.0,2.0,5.0,20.0,36.0,0.36,0.0,93.0,4.0,3.0,14.0,2.0,2.07142857142857,0.0,0.0,1.0,0.470212765957447,0.5,3.0,0.6802203743876077,0.3197796256123924
913,78,1.0,0.0,1.0,1.0,0.0,1.0,2.0,2.0,5.0,20.0,115.0,0.36,6.0,93.0,4.0,3.0,14.0,2.0,2.07142857142857,0.0,0.0,0.0,0.470212765957447,0.5,3.0,0.7220171220033131,0.27798287799668686
913,79,1.0,0.0,1.0,1.0,0.0,1.0,4.0,2.0,5.0,20.0,36.0,0.36,10.0,93.0,4.0,3.0,14.0,2.0,2.07142857142857,0.0,0.0,0.0,0.470212765957447,0.5,3.0,0.7024170435091354,0.2975829564908646
913,80,1.0,0.0,1.0,1.0,0.0,1.0,2.0,2.0,5.0,20.0,57.0,0.36,0.0,93.0,4.0,35.0,14.0,2.0,2.07142857142857,0.0,0.0,0.0,0.470212765957447,0.5,3.0,0.8442225056877299,0.1557774943122701
913,81,1.0,0.0,1.0,1.0,25.0,1.0,2.0,2.0,5.0,20.0,36.0,0.36,5.0,93.0,4.0,3.0,14.0,2.0,2.07142857142857,0.0,0.0,0.0,0.470212765957447,0.5,3.0,0.8335038122589377,0.16649618774106237
913,82,15.0,0.0,1.0,1.0,0.0,1.0,2.0,2.0,5.0,20.0,36.0,0.36,0.0,93.0,4.0,14.0,14.0,2.0,2.07142857142857,0.0,0.0,0.0,0.470212765957447,0.5,3.0,0.8455219262368562,0.15447807376314407
913,83,1.0,0.0,1.0,1.0,0.0,1.0,2.0,2.0,5.0,8.0,36.0,0.36,0.0,93.0,4.0,3.0,14.0,2.0,21.3,0.0,0.0,0.0,0.470212765957447,0.5,3.0,0.8710938336386836,0.12890616636131627
913,84,1.0,7.0,1.0,1.0,0.0,1.0,2.0,2.0,5.0,20.0,36.0,0.36,0.0,93.0,4.0,3.0,14.0,2.0,2.07142857142857,0.0,0.0,2.0,0.470212765957447,0.5,3.0,0.8235169425409241,0.176483057459076
913,85,1.0,0.0,1.0,1.0,0.0,1.0,2.0,2.0,5.0,20.0,36.0,0.36,0.0,93.0,4.0,3.0,26.0,2.0,2.07142857142857,0.0,34.0,0.0,0.470212765957447,0.5,3.0,0.8459212647764655,0.15407873522353477
913,86,1.0,0.0,1.0,57.0,0.0,1.0,13.0,2.0,5.0,20.0,36.0,0.36,0.0,93.0,4.0,3.0,14.0,2.0,2.07142857142857,0.0,0.0,0.0,0.470212765957447,0.5,3.0,0.8402684108534945,0.15973158914650565
913,87,1.0,0.0,1.0,1.0,0.0,1.0,2.0,2.0,5.0,20.0,36.0,0.36,0.0,93.0,4.0,3.0,14.0,0.0,2.07142857142857,30.0,0.0,0.0,0.470212765957447,0.5,3.0,0.8403532680503589,0.15964673194964124
913,88,1.0,0.0,1.0,1.0,0.0,1.0,2.0,2.0,5.0,20.0,36.0,0.36,0.0,93.0,4.0,40.0,14.0,2.0,2.07142857142857,0.0,0.0,0.0,0.470212765957447,0.5,3.0,0.8460230034145241,0.1539769965854759
913,89,1.0,0.0,1.0,1.0,0.0,1.0,12.0,2.0,38.0,20.0,36.0,0.36,0.0,93.0,4.0,3.0,14.0,2.0,2.07142857142857,0.0,0.0,0.0,0.470212765957447,0.5,3.0,0.8386160359112748,0.16138396408872507
913,90,1.0,0.0,1.0,22.0,0.0,1.0,2.0,2.0,5.0,20.0,36.0,0.36,0.0,93.0,4.0,3.0,14.0,2.0,41.9,0.0,0.0,0.0,0.470212765957447,0.5,3.0,0.8415114357369324,0.15848856426306746
913,91,1.0,0.0,1.0,16.0,0.0,1.0,2.0,2.0,5.0,20.0,36.0,0.36,4.0,93.0,4.0,3.0,14.0,2.0,2.07142857142857,0.0,0.0,0.0,0.470212765957447,0.5,3.0,0.6159799345657665,0.3840200654342334
913,92,1.0,0.0,1.0,15.0,0.0,1.0,2.0,2.0,5.0,20.0,36.0,0.36,0.0,15.0,4.0,3.0,14.0,2.0,2.07142857142857,0.0,0.0,0.0,0.470212765957447,0.5,3.0,0.6202809995280508,0.3797190004719492
913,93,1.0,0.0,1.0,86.0,0.0,1.0,2.0,2.0,5.0,20.0,36.0,0.36,0.0,93.0,4.0,3.0,14.0,2.0,2.07142857142857,0.0,0.0,0.0,0.470212765957447,0.5,3.0,0.8418074692405237,0.1581925307594763
913,94,1.0,0.0,1.0,1.0,22.0,1.0,2.0,2.0,5.0,32.0,36.0,0.36,0.0,93.0,4.0,3.0,14.0,2.0,2.07142857142857,0.0,0.0,0.0,0.470212765957447,0.5,3.0,0.8312838604078279,0.1687161395921722
913,95,1.0,0.0,1.0,1.0,0.0,1.0,2.0,7.0,5.0,20.0,36.0,0.36,0.0,93.0,4.0,3.0,14.0,2.0,2.07142857142857,0.0,0.0,2.0,0.470212765957447,0.5,3.0,0.8276221420456752,0.17237785795432503
913,96,1.0,0.0,1.0,1.0,0.0,1.0,2.0,2.0,5.0,20.0,142.0,0.36,0.0,93.0,4.0,3.0,37.0,2.0,2.07142857142857,0.0,0.0,0.0,0.470212765957447,0.5,3.0,0.7198761323133521,0.28012386768664743
913,97,1.0,0.0,1.0,1.0,0.0,1.0,2.0,2.0,5.0,20.0,36.0,0.36,0.0,93.0,4.0,17.0,14.0,1.0,2.07142857142857,0.0,0.0,0.0,0.470212765957447,0.5,3.0,0.6682174538043771,0.331782546195623
913,98,1.0,0.0,1.0,1.0,0.0,1.0,2.0,2.0,5.0,20.0,36.0,0.36,2.0,93.0,4.0,3.0,14.0,2.0,2.07142857142857,37.0,0.0,0.0,0.470212765957447,0.5,3.0,0.8402914318987379,0.15970856810126224
