Antecedent,Antecedent Coverage %,Confidence,Lift
MaxInheritanceTree <= 1.975,0.13697,0.95848,1.16699
CountClassCoupled <= 9.3,0.19763,0.91847,1.11827
MAJOR_LINE <= 1.24,0.20427,0.91647,1.11584
CountOutput_Mean <= 2.9,0.19953,0.91449,1.11343
MaxNesting_Mean > 1.265,0.2,0.90995,1.10791
75 < PercentLackOfCohesion <= 84,0.19953,0.90974,1.10764
1.975 < MaxInheritanceTree <= 2.385,0.26445,0.9086,1.10626
19.8 < CountDeclMethodPublic <= 27.1,0.20332,0.90676,1.10402
