feature,value,importance,min,max,rule,importance_ratio
MAJOR_LINE,4.0,0.08856946683195792,0.0,21.0,3.5074034755815386 < MAJOR_LINE <= 4.499961945155443,0.12984795696511856
CountDeclMethodPrivate,3.0,0.06236971956785142,0.0,274.0,1.548426881219695 < CountDeclMethodPrivate <= 6.551269788898351,0.09143761334522033
CountDeclClassVariable,1.0,0.04924567908552155,0.0,216.0,0.48240033098909874 < CountDeclClassVariable <= 1.507243171989884,0.07219701153611974
CountLineComment,134.0,0.04023747970885793,0.0,5090.0,113.39128706423773 < CountLineComment <= 287.6912666646721,0.058990470649817696
AvgEssential,2.0,0.038873360023069854,0.0,8.0,1.4992910538962403 < AvgEssential <= 2.4986458609653344,0.05699059235551177
