feature,value,importance,min,max,rule,importance_ratio
CountClassCoupled,92.0,0.14040482840390722,0.0,96.0,CountClassCoupled > 55.490746041173416,0.25025905709578306
CountDeclMethodProtected,97.0,0.113562409709098,0.0,97.0,CountDeclMethodProtected > 40.98131943051395,0.20241484497646367
MINOR_COMMIT,1.0,0.1019766489059268,0.0,4.0,0.5006692548886575 < MINOR_COMMIT <= 1.5002568035329802,0.18176426189254016
CountDeclInstanceMethod,111.0,0.03903819304531522,0.0,222.0,CountDeclInstanceMethod > 98.39363084639128,0.06958208982770189
CountDeclMethodPrivate,13.0,0.03656087514530332,0.0,274.0,11.449886802667034 < CountDeclMethodPrivate <= 166.53801694070535,0.06516649209626212
