feature,value,importance,min,max,rule,importance_ratio
MaxInheritanceTree,6.0,0.18079324454224935,0.0,6.0,MaxInheritanceTree > 5.498828709692271,0.21379466599765667
CountDeclClass,2.0,0.12885241707568906,0.0,37.0,1.4931802753022725 < CountDeclClass <= 2.4935575819192772,0.1523727257699059
CountDeclClassVariable,3.0,0.08219584109390708,0.0,216.0,2.5320860129906695 < CountDeclClassVariable <= 8.510335918828583,0.09719960741653545
CountDeclInstanceMethod,7.0,0.05213529230414591,0.0,222.0,2.5263932863919916 < CountDeclInstanceMethod <= 8.490484102336648,0.06165190205572267
RatioCommentToCode,0.23,0.051078195137859,0.0,85.57,0.04055641125066556 < RatioCommentToCode <= 0.27479364366828896,0.06040184574877607
