feature,value,importance,min,max,rule,importance_ratio
OWN_COMMIT,0.5,0.24000234257380687,0.0,1.0,0.36450244784925023 < OWN_COMMIT <= 0.9806106315167405,0.21643426454466433
MaxInheritanceTree,3.0,0.1956126520836988,0.0,5.0,2.4990705242078834 < MaxInheritanceTree <= 3.5005965160115324,0.17640361354534217
CountClassDerived,0.0,-0.08763696172581995,0.0,118.0,CountClassDerived <= 8.500764909068277,0.07903106759144946
MINOR_COMMIT,0.0,-0.07416120073079266,0.0,1.0,MINOR_COMMIT <= 0.4997656113766242,0.0668786177909169
CountClassCoupled,12.0,0.06659863296728863,0.0,42.0,11.516338400238428 < CountClassCoupled <= 12.518831333769295,0.06005868939184378
