feature,value,importance,min,max,rule,importance_ratio
OWN_COMMIT,0.5,0.3008354196306617,0.0,1.0,0.36450244784925023 < OWN_COMMIT <= 0.9806106315167405,0.24389198932306946
CountClassCoupled,34.0,0.1515987771970144,0.0,42.0,CountClassCoupled > 22.47692780684256,0.12290350449730153
CountDeclMethodPublic,36.0,0.12959321121489756,0.0,82.0,26.502145012810463 < CountDeclMethodPublic <= 52.98285999938886,0.10506324728906578
MINOR_COMMIT,0.0,0.0858238992241291,0.0,1.0,MINOR_COMMIT <= 0.4997656113766242,0.06957878011483354
MaxInheritanceTree,2.0,-0.0806384893047329,0.0,5.0,1.4975445324042342 < MaxInheritanceTree <= 2.4990705242078834,0.06537488702854145
