feature,value,importance,min,max,rule,importance_ratio
OWN_COMMIT,1.0,0.20534652619775617,0.0,1.0,OWN_COMMIT > 0.9806106315167405,0.1649115564333379
MaxInheritanceTree,3.0,0.1877804405865041,0.0,5.0,2.4990705242078834 < MaxInheritanceTree <= 3.5005965160115324,0.15080442459024518
CountDeclMethodPublic,29.0,0.11665567105554689,0.0,82.0,26.502145012810463 < CountDeclMethodPublic <= 52.98285999938886,0.09368489760581077
CountClassDerived,0.0,-0.10147889793135217,0.0,118.0,CountClassDerived <= 8.500764909068277,0.08149659657199493
CountClassCoupled,25.0,0.09423239385211715,0.0,42.0,CountClassCoupled > 22.47692780684256,0.07567700814975728
