feature,value,importance,min,max,rule,importance_ratio
OWN_COMMIT,0.666666666666667,0.27198951597076504,0.0,1.0,0.36450244784925023 < OWN_COMMIT <= 0.9806106315167405,0.27843811299359034
MaxInheritanceTree,3.0,0.22591573128332418,0.0,5.0,2.4990705242078834 < MaxInheritanceTree <= 3.5005965160115324,0.2312719653534625
RatioCommentToCode,0.5,0.056786603676341516,0.0,12.57,0.4182038931610016 < RatioCommentToCode <= 0.6054567464627787,0.058132956759461736
MINOR_COMMIT,0.0,0.05657025978232129,0.0,1.0,MINOR_COMMIT <= 0.4997656113766242,0.057911483569976184
AvgLineBlank,1.0,0.04320054661880611,0.0,21.0,0.49558335018002864 < AvgLineBlank <= 1.5072801485159428,0.04422478799559654
