feature,value,importance,min,max,rule,importance_ratio
OWN_COMMIT,0.5,0.32334251416713405,0.0,1.0,0.36450244784925023 < OWN_COMMIT <= 0.9806106315167405,0.3052729013089743
MaxInheritanceTree,3.0,0.2126419496834866,0.0,5.0,2.4990705242078834 < MaxInheritanceTree <= 3.5005965160115324,0.20075870655945127
AvgLineBlank,3.0,0.10582235016077962,0.0,21.0,1.5072801485159428 < AvgLineBlank <= 17.999846823274996,0.09990859364759336
CountOutput_Min,12.0,0.06764546170234254,0.0,21.0,11.502280826364629 < CountOutput_Min <= 14.502485219457638,0.06386517531556388
CountClassDerived,0.0,-0.04051125662031616,0.0,118.0,CountClassDerived <= 8.500764909068277,0.038247333098189104
