feature,value,importance,min,max,rule,importance_ratio
OWN_COMMIT,0.5,0.30144283611337347,0.0,1.0,0.36450244784925023 < OWN_COMMIT <= 0.9806106315167405,0.30025337561666693
MAJOR_LINE,7.0,0.07298966716025335,0.0,11.0,4.502888577510651 < MAJOR_LINE <= 7.495480408908931,0.07270165790823639
MINOR_COMMIT,0.0,0.07209313675154215,0.0,1.0,MINOR_COMMIT <= 0.4997656113766242,0.07180866511056617
CountClassCoupled,23.0,0.062429570388139344,0.0,42.0,CountClassCoupled > 22.47692780684256,0.06218323012422567
RatioCommentToCode,0.53,0.04434934181169726,0.0,12.57,0.4182038931610016 < RatioCommentToCode <= 0.6054567464627787,0.04417434415436328
