feature,value,importance,min,max,rule,importance_ratio
OWN_COMMIT,0.533333333333333,0.31144982262400395,0.0,1.0,0.36450244784925023 < OWN_COMMIT <= 0.9806106315167405,0.2723397781185846
MAJOR_LINE,5.0,0.1250574458281314,0.0,11.0,4.502888577510651 < MAJOR_LINE <= 7.495480408908931,0.10935346426582075
CountClassDerived,36.0,0.08852871653849857,0.0,118.0,17.498646953591496 < CountClassDerived <= 81.0100131976823,0.07741179884479918
MaxInheritanceTree,2.0,-0.08059091945882309,0.0,5.0,1.4975445324042342 < MaxInheritanceTree <= 2.4990705242078834,0.07047078382923128
AvgLineBlank,0.0,-0.07152766502199712,0.0,21.0,AvgLineBlank <= 0.49558335018002864,0.06254563979941018
