feature,value,importance,min,max,rule,importance_ratio
OWN_COMMIT,0.909090909090909,0.3171999156384439,0.0,1.0,0.36450244784925023 < OWN_COMMIT <= 0.9806106315167405,0.23433585387190728
CountDeclMethodPublic,112.0,0.16124410917753507,0.0,82.0,CountDeclMethodPublic > 52.98285999938886,0.11912133056492286
CountDeclMethodDefault,29.0,0.13254210654857868,0.0,68.0,CountDeclMethodDefault > 16.006001868825344,0.09791732652112399
AvgLineBlank,2.0,0.09872917497436348,0.0,21.0,1.5072801485159428 < AvgLineBlank <= 17.999846823274996,0.0729375525624585
MaxInheritanceTree,1.0,-0.07284968947423894,0.0,5.0,0.49601854060058526 < MaxInheritanceTree <= 1.4975445324042342,0.053818722343884746
