feature,value,importance,min,max,rule,importance_ratio
OWN_COMMIT,0.375,0.2859625997317993,0.0,1.0,0.36450244784925023 < OWN_COMMIT <= 0.9806106315167405,0.2548198641377076
CountDeclClassMethod,16.0,0.12770923241315416,0.0,18.0,16.00184139633654 < CountDeclClassMethod <= 17.493018497985407,0.1138010679829194
CountDeclMethodPublic,32.0,0.09168767390549758,0.0,82.0,26.502145012810463 < CountDeclMethodPublic <= 52.98285999938886,0.08170243461772267
MaxInheritanceTree,2.0,-0.08420784433682918,0.0,5.0,1.4975445324042342 < MaxInheritanceTree <= 2.4990705242078834,0.07503719533031616
MAJOR_LINE,10.0,0.08355511989168657,0.0,11.0,MAJOR_LINE > 7.495480408908931,0.07445555579218566
