feature,value,importance,min,max,rule,importance_ratio
OWN_COMMIT,0.375,0.2965077946670887,0.0,1.0,0.36450244784925023 < OWN_COMMIT <= 0.9806106315167405,0.23746984734069088
MAJOR_LINE,8.0,0.130638911258178,0.0,11.0,MAJOR_LINE > 7.495480408908931,0.10462727412635203
CountDeclMethodPublic,46.0,0.12935058060062088,0.0,82.0,26.502145012810463 < CountDeclMethodPublic <= 52.98285999938886,0.10359546420406003
AvgLineBlank,0.0,-0.08081131202176113,0.0,21.0,AvgLineBlank <= 0.49558335018002864,0.06472089528288749
MaxInheritanceTree,2.0,-0.07983633785984719,0.0,5.0,1.4975445324042342 < MaxInheritanceTree <= 2.4990705242078834,0.06394004914813148
