feature,value,importance,min,max,rule,importance_ratio
OWN_COMMIT,0.25,0.22472502267225983,0.0,1.0,0.12361804521233677 < OWN_COMMIT <= 0.36450244784925023,0.31383275080466494
AvgLineBlank,0.0,-0.07879984144255378,0.0,21.0,AvgLineBlank <= 0.49558335018002864,0.11004547116657504
AvgLineComment,0.0,0.0556605764563443,0.0,57.0,AvgLineComment <= 0.506685364399992,0.07773104931952099
CountDeclMethodDefault,0.0,-0.04546827101290056,0.0,68.0,CountDeclMethodDefault <= 0.49008279034263774,0.06349730170957067
CountDeclInstanceVariable,1.0,-0.03907305407251259,0.0,161.0,CountDeclInstanceVariable <= 4.468987108470943,0.054566260116923414
