feature,value,importance,min,max,rule,importance_ratio
OWN_COMMIT,0.4,0.3200245205776575,0.0,1.0,0.36450244784925023 < OWN_COMMIT <= 0.9806106315167405,0.25598442729576215
AvgLineBlank,0.0,-0.10306945284475155,0.0,21.0,AvgLineBlank <= 0.49558335018002864,0.08244422899384947
CountDeclMethodDefault,0.0,-0.09830778354931838,0.0,68.0,CountDeclMethodDefault <= 0.49008279034263774,0.07863541713979813
MaxNesting_Mean,1.68421052631579,0.09761601185723727,0.0,5.0,0.8314816456055749 < MaxNesting_Mean <= 2.634849847500547,0.0780820758517707
CountInput_Min,1.0,0.07865050518598654,0.0,19.0,0.49483552714700274 < CountInput_Min <= 1.4986580960835687,0.06291175591862676
