feature,value,importance,min,max,rule,importance_ratio
OWN_COMMIT,0.428571428571429,0.3253930594243351,0.0,1.0,0.36450244784925023 < OWN_COMMIT <= 0.9806106315167405,0.2852362391922547
CountDeclMethodPublic,29.0,0.11068970975019217,0.0,82.0,26.502145012810463 < CountDeclMethodPublic <= 52.98285999938886,0.09702947131780722
CountDeclMethodDefault,17.0,0.1044910892675458,0.0,68.0,CountDeclMethodDefault > 16.006001868825344,0.09159582378464198
MaxInheritanceTree,2.0,-0.09700317546633527,0.0,5.0,1.4975445324042342 < MaxInheritanceTree <= 2.4990705242078834,0.08503199487006206
CountClassCoupled,26.0,0.09000668875702672,0.0,42.0,CountClassCoupled > 22.47692780684256,0.07889894593517591
