feature,value,importance,min,max,rule,importance_ratio
MaxInheritanceTree,3.0,0.21992953077654914,0.0,5.0,2.4990705242078834 < MaxInheritanceTree <= 3.5005965160115324,0.20236777479830528
OWN_COMMIT,1.0,0.19585330261803235,0.0,1.0,OWN_COMMIT > 0.9806106315167405,0.1802140753802603
AvgLineBlank,4.0,0.09383396423780192,0.0,21.0,1.5072801485159428 < AvgLineBlank <= 17.999846823274996,0.08634115880782166
CountClassCoupled,19.0,0.07863358182539416,0.0,42.0,12.518831333769295 < CountClassCoupled <= 20.47194193978083,0.07235455339825721
CountClassDerived,0.0,-0.05842506201606868,0.0,118.0,CountClassDerived <= 8.500764909068277,0.053759719083188794
