feature,value,importance,min,max,rule,importance_ratio
OWN_COMMIT,1.0,0.20395206843411284,0.0,1.0,OWN_COMMIT > 0.9806106315167405,0.20796742631319304
MaxInheritanceTree,3.0,0.18832316650852124,0.0,5.0,2.4990705242078834 < MaxInheritanceTree <= 3.5005965160115324,0.19203082643204689
CountClassCoupled,17.0,0.08855992930198611,0.0,42.0,12.518831333769295 < CountClassCoupled <= 20.47194193978083,0.0903034752862152
CountClassDerived,2.0,-0.07566653377207815,0.0,118.0,CountClassDerived <= 8.500764909068277,0.07715623777408759
AvgLineComment,0.0,0.04715837621001238,0.0,57.0,AvgLineComment <= 0.506685364399992,0.04808681865697228
