feature,value,importance,min,max,rule,importance_ratio
OWN_COMMIT,1.0,0.21369347541364028,0.0,1.0,OWN_COMMIT > 0.9806106315167405,0.2074036443582103
MaxInheritanceTree,3.0,0.20009791696361698,0.0,5.0,2.4990705242078834 < MaxInheritanceTree <= 3.5005965160115324,0.19420825613139733
CountClassDerived,0.0,-0.0932677391309798,0.0,118.0,CountClassDerived <= 8.500764909068277,0.09052250640489755
AvgLineBlank,4.0,0.09024303819750702,0.0,21.0,1.5072801485159428 < AvgLineBlank <= 17.999846823274996,0.08758683419739742
CountClassCoupled,27.0,0.05020909595747224,0.0,42.0,CountClassCoupled > 22.47692780684256,0.048731246760593046
