feature,value,importance,min,max,rule,importance_ratio
OWN_COMMIT,1.0,0.23595368559394267,0.0,1.0,OWN_COMMIT > 0.9806106315167405,0.18587917004756413
MaxInheritanceTree,3.0,0.19384200015009984,0.0,5.0,2.4990705242078834 < MaxInheritanceTree <= 3.5005965160115324,0.15270450223128595
AvgLineBlank,4.0,0.1202931524008426,0.0,21.0,1.5072801485159428 < AvgLineBlank <= 17.999846823274996,0.09476432323737259
CountClassDerived,0.0,-0.09366279910324671,0.0,118.0,CountClassDerived <= 8.500764909068277,0.07378551141432213
CountClassCoupled,13.0,0.082515064617698,0.0,42.0,12.518831333769295 < CountClassCoupled <= 20.47194193978083,0.06500356919176929
