feature,value,importance,min,max,rule,importance_ratio
OWN_COMMIT,0.75,0.3159312758957306,0.0,1.0,0.36450244784925023 < OWN_COMMIT <= 0.9806106315167405,0.32872125694576804
AvgLineBlank,2.0,0.09112440951720162,0.0,21.0,1.5072801485159428 < AvgLineBlank <= 17.999846823274996,0.09481343798586615
CountDeclInstanceVariable,19.0,0.06469342442257317,0.0,161.0,11.481575803065907 < CountDeclInstanceVariable <= 101.48930761940565,0.06731243601008001
MINOR_COMMIT,0.0,0.05635774293376203,0.0,1.0,MINOR_COMMIT <= 0.4997656113766242,0.05863929756016626
CountClassCoupled,22.0,0.054063872036555445,0.0,42.0,20.47194193978083 < CountClassCoupled <= 22.47692780684256,0.05625256290572854
