feature,value,importance,min,max,rule,importance_ratio
OWN_COMMIT,0.5,0.29514978592981755,0.0,1.0,0.36450244784925023 < OWN_COMMIT <= 0.9806106315167405,0.3427735937105235
AvgLineBlank,2.0,0.07990817240976059,0.0,21.0,1.5072801485159428 < AvgLineBlank <= 17.999846823274996,0.092801732304989
CountClassDerived,0.0,-0.05560434875129817,0.0,118.0,CountClassDerived <= 8.500764909068277,0.06457637225577342
CountClassCoupled,24.0,0.05543768482097763,0.0,42.0,CountClassCoupled > 22.47692780684256,0.06438281631549747
CountDeclInstanceVariable,1.0,-0.04205231789255905,0.0,161.0,CountDeclInstanceVariable <= 4.468987108470943,0.04883765740327307
