feature,value,importance,min,max,rule,importance_ratio
MaxInheritanceTree,3.0,0.20581685238350844,0.0,5.0,2.4990705242078834 < MaxInheritanceTree <= 3.5005965160115324,0.21311974713397203
OWN_COMMIT,1.0,0.20159058795350715,0.0,1.0,OWN_COMMIT > 0.9806106315167405,0.20874352431153348
AvgLineBlank,4.0,0.09084257364408678,0.0,21.0,1.5072801485159428 < AvgLineBlank <= 17.999846823274996,0.09406589450679162
CountClassCoupled,24.0,0.08786541991878499,0.0,42.0,CountClassCoupled > 22.47692780684256,0.09098310394922832
CountClassDerived,1.0,-0.04403099329276888,0.0,118.0,CountClassDerived <= 8.500764909068277,0.045593322645548474
