feature,value,importance,min,max,rule,importance_ratio
OWN_COMMIT,0.666666666666667,0.275989124861016,0.0,1.0,0.36450244784925023 < OWN_COMMIT <= 0.9806106315167405,0.24478669961197566
MaxInheritanceTree,3.0,0.1846108706655917,0.0,5.0,2.4990705242078834 < MaxInheritanceTree <= 3.5005965160115324,0.1637393711273248
CountClassDerived,0.0,-0.10342933887630361,0.0,118.0,CountClassDerived <= 8.500764909068277,0.09173595705747029
CountDeclClassMethod,0.0,-0.07423692947929601,0.0,18.0,CountDeclClassMethod <= 3.5043571158508144,0.0658439457196551
CountClassCoupled,16.0,0.048626115654822534,0.0,42.0,12.518831333769295 < CountClassCoupled <= 20.47194193978083,0.04312860650610207
