feature,value,importance,min,max,rule,importance_ratio
OWN_COMMIT,0.75,0.31957175446619185,0.0,1.0,0.36450244784925023 < OWN_COMMIT <= 0.9806106315167405,0.24110890159660878
MaxInheritanceTree,2.0,-0.11116423374004068,0.0,5.0,1.4975445324042342 < MaxInheritanceTree <= 2.4990705242078834,0.08387063599741697
AvgLineBlank,0.0,-0.10574303171118066,0.0,21.0,AvgLineBlank <= 0.49558335018002864,0.07978047456029275
MAJOR_LINE,0.0,-0.08937902204392238,0.0,11.0,MAJOR_LINE <= 0.49910133276318186,0.06743423825671375
MINOR_COMMIT,0.0,0.08640288901972769,0.0,1.0,MINOR_COMMIT <= 0.4997656113766242,0.06518882027330154
