feature,value,importance,min,max,rule,importance_ratio
OWN_COMMIT,0.4,0.3103379901695948,0.0,1.0,0.36450244784925023 < OWN_COMMIT <= 0.9806106315167405,0.3661904365443106
CountDeclInstanceVariable,15.0,0.0946835520996444,0.0,161.0,11.481575803065907 < CountDeclInstanceVariable <= 101.48930761940565,0.11172403113775063
CountClassDerived,0.0,-0.07447352474723513,0.0,118.0,CountClassDerived <= 8.500764909068277,0.08787674536166235
RatioCommentToCode,0.56,0.06657149821292484,0.0,12.57,0.4182038931610016 < RatioCommentToCode <= 0.6054567464627787,0.07855256773003406
AvgLineComment,5.0,-0.05747165889791148,0.0,57.0,4.50916340640963 < AvgLineComment <= 10.493066221691365,0.06781500340725558
