feature,value,importance,min,max,rule,importance_ratio
OWN_COMMIT,0.5,0.3180701015658594,0.0,1.0,0.36450244784925023 < OWN_COMMIT <= 0.9806106315167405,0.32701552651169596
MaxInheritanceTree,4.0,-0.06265225024763932,0.0,5.0,MaxInheritanceTree > 3.5005965160115324,0.06441428635074654
CountDeclMethodDefault,0.0,-0.05723621509434189,0.0,68.0,CountDeclMethodDefault <= 0.49008279034263774,0.058845930260242756
MINOR_COMMIT,0.0,0.05272955650386193,0.0,1.0,MINOR_COMMIT <= 0.4997656113766242,0.05421252610021953
CountInput_Mean,0.0,0.04685080100467964,0.0,40.1666666666667,CountInput_Mean <= 0.09701334611691781,0.04816843608567737
