feature,value,importance,min,max,rule,importance_ratio
OWN_COMMIT,0.4,0.3278837270785101,0.0,1.0,0.36450244784925023 < OWN_COMMIT <= 0.9806106315167405,0.3450289096122321
CountInput_Mean,0.2,0.12146793786182505,0.0,40.1666666666667,0.09701334611691781 < CountInput_Mean <= 0.2842218372047771,0.12781954910277307
AvgLineBlank,0.0,-0.061355911490701506,0.0,21.0,AvgLineBlank <= 0.49558335018002864,0.06456423875782166
CountDeclMethodDefault,0.0,-0.054469628857792295,0.0,68.0,CountDeclMethodDefault <= 0.49008279034263774,0.05731786941438242
RatioCommentToCode,0.87,-0.045623446906804095,0.0,12.57,0.6054567464627787 < RatioCommentToCode <= 1.8413255782545073,0.048009116766069275
