feature,value,importance,min,max,rule,importance_ratio
OWN_COMMIT,0.333333333333333,0.29362967059593703,0.0,1.0,0.12361804521233677 < OWN_COMMIT <= 0.36450244784925023,0.3317460138050237
CountClassDerived,0.0,-0.0760470756990673,0.0,118.0,CountClassDerived <= 8.500764909068277,0.08591881799101657
AvgLineBlank,2.0,0.07146529375853827,0.0,21.0,1.5072801485159428 < AvgLineBlank <= 17.999846823274996,0.08074227063526246
MINOR_COMMIT,0.0,-0.05195436860595471,0.0,1.0,MINOR_COMMIT <= 0.4997656113766242,0.05869861397113468
MaxInheritanceTree,4.0,-0.04938708672460942,0.0,5.0,MaxInheritanceTree > 3.5005965160115324,0.055798070818524725
