feature,value,importance,min,max,rule,importance_ratio
OWN_COMMIT,0.4,0.30601229825548815,0.0,1.0,0.36450244784925023 < OWN_COMMIT <= 0.9806106315167405,0.35612877673246585
CountClassDerived,0.0,-0.07356157657607025,0.0,118.0,CountClassDerived <= 8.500764909068277,0.08560895895326219
AvgLineBlank,0.0,-0.06893748521637985,0.0,21.0,AvgLineBlank <= 0.49558335018002864,0.08022756739215955
AvgLineComment,0.0,0.03614655447487624,0.0,57.0,AvgLineComment <= 0.506685364399992,0.04206637544182507
MINOR_COMMIT,0.0,-0.03139032953454088,0.0,1.0,MINOR_COMMIT <= 0.4997656113766242,0.0365312104189739
