feature,value,importance,min,max,rule,importance_ratio
OWN_COMMIT,0.666666666666667,0.31320481927702304,0.0,1.0,0.36450244784925023 < OWN_COMMIT <= 0.9806106315167405,0.24553547786498703
MaxInheritanceTree,3.0,0.19802342038266837,0.0,5.0,2.4990705242078834 < MaxInheritanceTree <= 3.5005965160115324,0.15523954983947025
MINOR_COMMIT,0.0,0.12001829586591829,0.0,1.0,MINOR_COMMIT <= 0.4997656113766242,0.09408779116490912
CountClassDerived,0.0,-0.1153195088013681,0.0,118.0,CountClassDerived <= 8.500764909068277,0.09040419865205027
CountClassCoupled,17.0,0.08431043666626059,0.0,42.0,12.518831333769295 < CountClassCoupled <= 20.47194193978083,0.06609477914050307
