feature,value,importance,min,max,rule,importance_ratio
OWN_COMMIT,0.714285714285714,0.30046374394542813,0.0,1.0,0.36450244784925023 < OWN_COMMIT <= 0.9806106315167405,0.2552074497711188
CountClassCoupled,29.0,0.10711408799011167,0.0,42.0,CountClassCoupled > 22.47692780684256,0.0909804053945377
MINOR_COMMIT,0.0,0.0928181863131727,0.0,1.0,MINOR_COMMIT <= 0.4997656113766242,0.07883777360395167
CountDeclInstanceVariable,7.0,0.08837642078417461,0.0,161.0,6.472583878355218 < CountDeclInstanceVariable <= 7.474382263297356,0.07506503337828653
MaxInheritanceTree,2.0,-0.0739159634362604,0.0,5.0,1.4975445324042342 < MaxInheritanceTree <= 2.4990705242078834,0.06278263153563528
