Antecedent,Antecedent Coverage %,Confidence,Lift
0.34 < CountDeclClassMethod <= 1.48 & -0.043 < MINOR_COMMIT <= 0.055,0.15814,0.99708,1.12992
Added_lines <= -16.5,0.09497,0.99515,1.12773
3.4 < CountClassCoupled <= 6.35,0.17151,0.99194,1.12409
-16.5 < Added_lines <= 29.5,0.39696,0.99187,1.12402
MAJOR_LINE <= -0.08,0.10696,0.99138,1.12346
CountDeclClassMethod <= -1.04,0.071,0.98701,1.11851
CountClassCoupled <= 0.55,0.20747,0.98667,1.11812
17.6 < CountLineComment <= 32,0.21715,0.98514,1.11639
-1.04 < CountDeclClassMethod <= 0.34,0.45413,0.98173,1.11252
