feature,value,importance,min,max,rule,importance_ratio
CountDeclInstanceVariable,44.0,0.12648536840602817,0.0,99.0,CountDeclInstanceVariable > 24.490887253273584,0.21923310432682044
MAJOR_LINE,5.0,0.09852322055507169,0.0,12.0,4.495303181903716 < MAJOR_LINE <= 9.496391564715786,0.1707671943621817
CountDeclMethodPublic,112.0,0.08733206634144704,0.0,226.0,CountDeclMethodPublic > 49.53228100186732,0.15136991932419258
CountClassCoupled,28.0,0.06625625294793082,0.0,110.0,16.51791080861062 < CountClassCoupled <= 30.5140548185515,0.1148398759310223
OWN_COMMIT,0.666666666666667,0.02871366166431953,0.0,1.0,0.29250297311856827 < OWN_COMMIT <= 0.7899429007103611,0.04976848518202818
