feature,value,importance,min,max,rule,importance_ratio
CountDeclMethodDefault,4.0,0.0974518212487361,0.0,117.0,2.50646251035728 < CountDeclMethodDefault <= 6.494449696891241,0.16499952435070758
MAJOR_LINE,5.0,0.08553908300920826,0.0,12.0,4.495303181903716 < MAJOR_LINE <= 9.496391564715786,0.1448295971184644
CountClassCoupled,20.0,0.08257195678357424,0.0,110.0,16.51791080861062 < CountClassCoupled <= 30.5140548185515,0.13980583861251986
CountDeclMethodPublic,35.0,0.05567072084177018,0.0,226.0,21.504048751561132 < CountDeclMethodPublic <= 45.488863890347744,0.09425829442127781
CountDeclMethodProtected,5.0,0.04984630829302665,0.0,35.0,4.498814918141747 < CountDeclMethodProtected <= 20.496113288448125,0.08439675168302509
