feature,value,importance,min,max,rule,importance_ratio
CountDeclClass,28.0,0.19305735737223234,0.0,75.0,24.50254652596132 < CountDeclClass <= 50.497632360014336,0.30796660160534944
CountDeclMethodPublic,52.0,0.12086422645024196,0.0,226.0,CountDeclMethodPublic > 49.53228100186732,0.19280355632224203
CountDeclClassVariable,4.0,0.07416939036640188,0.0,43.0,2.498817525041628 < CountDeclClassVariable <= 6.498471027672074,0.11831558975626319
CountClassCoupled,14.0,0.05582034288400196,0.0,110.0,8.490710567615114 < CountClassCoupled <= 16.51791080861062,0.08904504615841181
MAJOR_LINE,2.0,0.021524308753993995,0.0,12.0,1.5031086526525193 < MAJOR_LINE <= 2.4969824538878993,0.034335745133457565
