feature,value,importance,min,max,rule,importance_ratio
CountDeclMethodPrivate,5.0,0.12116738870476917,0.0,20.0,3.5025096562010516 < CountDeclMethodPrivate <= 5.498850463021016,0.24307599148858836
CountDeclMethodPublic,28.0,0.044560571400747505,0.0,226.0,21.504048751561132 < CountDeclMethodPublic <= 45.488863890347744,0.089393732012551
CountDeclInstanceVariable,15.0,0.04302995195608395,0.0,99.0,8.484315563782589 < CountDeclInstanceVariable <= 24.490887253273584,0.08632312990516515
CountDeclMethodProtected,7.0,0.04183107663550243,0.0,35.0,4.498814918141747 < CountDeclMethodProtected <= 20.496113288448125,0.08391804541554551
CountDeclClassMethod,2.0,0.03770614807091485,0.0,81.0,1.5100907319190366 < CountDeclClassMethod <= 7.5026333598052375,0.07564295496938771
