feature,value,importance,min,max,rule,importance_ratio
CountDeclMethodPublic,30.0,0.1400897612433659,0.0,226.0,21.504048751561132 < CountDeclMethodPublic <= 45.488863890347744,0.22936842474893318
CountDeclInstanceVariable,11.0,0.06895459874582853,0.0,99.0,8.484315563782589 < CountDeclInstanceVariable <= 24.490887253273584,0.11289909807219718
CountDeclClassVariable,3.0,0.051639349328129545,0.0,43.0,2.498817525041628 < CountDeclClassVariable <= 6.498471027672074,0.08454890711018226
MAJOR_LINE,2.0,0.04889235241388132,0.0,12.0,1.5031086526525193 < MAJOR_LINE <= 2.4969824538878993,0.08005125967742861
CountDeclMethodProtected,3.0,0.04848670243747218,0.0,35.0,2.49915262185345 < CountDeclMethodProtected <= 3.507831833255511,0.0793870905385665
