feature,value,importance,left,right,rec,rule,min,max
CountClassCoupled,10.0,0.01694708776085311,0.0,7.509972254287172,-1,7.509972254287172 < CountClassCoupled <= 11.49383801896868,0.0,53.0
MAJOR_LINE,3.0,-0.008135823225044995,4.505189190073917,6.0,1,2.5021309229429614 < MAJOR_LINE <= 4.505189190073917,0.0,6.0
RatioCommentToCode,1.16,0.0038480197354799233,0.17,0.9741628833843211,-1,0.9741628833843211 < RatioCommentToCode <= 1.526311737311849,0.17,15.6
