feature,value,importance,left,right,rec,rule,min,max
CountClassCoupled,13.0,0.04288237810494262,0.0,11.49383801896868,-1,11.49383801896868 < CountClassCoupled <= 27.984016563916185,0.0,53.0
RatioCommentToCode,0.66,0.0024530583373502317,0.17,0.17,-1,RatioCommentToCode <= 0.7901132654084784,0.17,15.6
MAJOR_LINE,1.0,-0.0010194744573456822,1.4954125192553827,6.0,1,0.499072655812006 < MAJOR_LINE <= 1.4954125192553827,0.0,6.0
