feature,value,importance,left,right,rec,rule,min,max
CountClassCoupled,0.0,-0.012327768156318412,0.500385655670343,53.0,1,CountClassCoupled <= 0.500385655670343,0.0,53.0
MAJOR_LINE,2.0,-0.00656635862192718,2.5021309229429614,6.0,1,1.4954125192553827 < MAJOR_LINE <= 2.5021309229429614,0.0,6.0
RatioCommentToCode,0.35,0.0035697423222873234,0.17,0.17,-1,RatioCommentToCode <= 0.7901132654084784,0.17,15.6
CountClassBase,1.0,0.00043036783528058745,0.0,0.5000863567974686,-1,0.5000863567974686 < CountClassBase <= 1.497512553796591,0.0,12.0
