feature,value,importance,min,max,rule,importance_ratio
CountClassBase,5.0,0.22815031173651476,0.0,6.0,4.500530315009199 < CountClassBase <= 5.497483915439504,0.4017435299986793
CountDeclMethodProtected,8.0,0.06972669621794592,0.0,35.0,4.498814918141747 < CountDeclMethodProtected <= 20.496113288448125,0.1227797974963708
MAJOR_LINE,6.0,0.054086722665750805,0.0,12.0,4.495303181903716 < MAJOR_LINE <= 9.496391564715786,0.09523980363828119
CountClassCoupled,18.0,0.03480614806627153,0.0,110.0,16.51791080861062 < CountClassCoupled <= 30.5140548185515,0.061289176786001605
CountDeclInstanceVariable,8.0,0.03424689096229254,0.0,99.0,6.50482482179863 < CountDeclInstanceVariable <= 8.484315563782589,0.0603043965267976
