feature,value,importance,min,max,rule,importance_ratio
CountDeclClassVariable,3.0,0.09093791637234899,0.0,43.0,2.498817525041628 < CountDeclClassVariable <= 6.498471027672074,0.15217904172000973
CountDeclInstanceVariable,11.0,0.047333110736237194,0.0,99.0,8.484315563782589 < CountDeclInstanceVariable <= 24.490887253273584,0.07920906614985838
CountDeclMethodPublic,30.0,0.047239190408950506,0.0,226.0,21.504048751561132 < CountDeclMethodPublic <= 45.488863890347744,0.07905189622586324
MAJOR_LINE,2.0,0.04680553328696925,0.0,12.0,1.5031086526525193 < MAJOR_LINE <= 2.4969824538878993,0.07832619755262829
CountDeclMethodProtected,3.0,0.04432891162435013,0.0,35.0,2.49915262185345 < CountDeclMethodProtected <= 3.507831833255511,0.07418172265860055
