feature,value,importance,min,max,rule,importance_ratio
MAJOR_LINE,10.0,0.148873947180343,0.0,12.0,MAJOR_LINE > 9.496391564715786,0.2612127675541593
CountDeclMethodPublic,182.0,0.0779438513520324,0.0,226.0,CountDeclMethodPublic > 49.53228100186732,0.13675951710228224
OWN_COMMIT,0.875,0.07224098157576749,0.0,1.0,0.7899429007103611 < OWN_COMMIT <= 0.902407579991984,0.12675331772708479
CountLineComment,1632.0,0.042025337136844865,16.0,1598.0,CountLineComment > 115.43672342414604,0.07373724435218904
CountDeclInstanceVariable,7.0,0.038496033157899616,0.0,99.0,6.50482482179863 < CountDeclInstanceVariable <= 8.484315563782589,0.06754476220644849
