feature,value,importance,min,max,rule,importance_ratio
CountDeclMethodPrivate,10.0,0.15461555837155,0.0,20.0,CountDeclMethodPrivate > 5.498850463021016,0.250844193423867
OWN_COMMIT,0.5,0.06929199999887879,0.0,1.0,0.29250297311856827 < OWN_COMMIT <= 0.7899429007103611,0.11241750851926958
CountLineComment,27.0,0.042481867684008724,16.0,1598.0,26.47846049966239 < CountLineComment <= 35.50805861605735,0.06892145878829892
CountDeclClassVariable,4.0,0.03830029760649976,0.0,43.0,2.498817525041628 < CountDeclClassVariable <= 6.498471027672074,0.06213739006723598
MINOR_LINE,3.0,0.03010491183186843,1.0,7.0,2.49780857741505 < MINOR_LINE <= 5.5034356466798275,0.04884141289594311
