feature,value,importance,min,max,rule,importance_ratio
CountDeclClass,12.0,0.15448115329280757,1.0,18.0,6.495598182757843 < CountDeclClass <= 12.50561862828071,0.20903483019104008
CountClassCoupled,46.0,0.12212271158662698,0.0,70.0,38.52109038952732 < CountClassCoupled <= 52.51795645356438,0.16524928597984825
CountDeclInstanceVariable,22.0,0.08531318672344908,0.0,68.0,CountDeclInstanceVariable > 21.475771289759166,0.11544079727311936
OWN_COMMIT,0.533333333333333,0.06079946244522921,0.0,1.0,0.22545703255796007 < OWN_COMMIT <= 0.8942750310272135,0.08227026428172536
CountDeclMethodPublic,60.0,0.053098406055859075,0.0,143.0,19.495309567525048 < CountDeclMethodPublic <= 71.96116224848815,0.07184964674793226
