feature,value,importance,min,max,rule,importance_ratio
CountDeclMethodProtected,7.0,0.15033545268339513,0.0,40.0,6.509690068776928 < CountDeclMethodProtected <= 7.5042608019255965,0.23266429276059078
CountDeclInstanceVariable,12.0,0.06550740825033369,0.0,68.0,10.490012821429584 < CountDeclInstanceVariable <= 21.475771289759166,0.10138150741622508
CountDeclMethodPublic,25.0,0.06005840096062608,0.0,143.0,19.495309567525048 < CountDeclMethodPublic <= 71.96116224848815,0.0929484372077156
CountDeclMethodPrivate,3.0,0.059811801287928255,0.0,21.0,1.5024396360368288 < CountDeclMethodPrivate <= 4.49844038536424,0.09256679111280502
CountClassCoupled,25.0,0.053310765363504195,0.0,70.0,9.4837322829943 < CountClassCoupled <= 27.470932970550695,0.08250556537683208
