feature,value,importance,min,max,rule,importance_ratio
MAJOR_LINE,3.0,0.11269492309266325,0.0,4.0,2.4977331463124495 < MAJOR_LINE <= 3.4980203506026695,0.16600808228936031
CountDeclInstanceVariable,20.0,0.06935833904519267,0.0,68.0,10.490012821429584 < CountDeclInstanceVariable <= 21.475771289759166,0.10217004049242119
CountDeclMethodPublic,36.0,0.06325198350608137,0.0,143.0,19.495309567525048 < CountDeclMethodPublic <= 71.96116224848815,0.09317492034853181
CountClassCoupled,14.0,0.0603252429684837,0.0,70.0,9.4837322829943 < CountClassCoupled <= 27.470932970550695,0.08886361181153923
OWN_COMMIT,0.5,0.053300643487538324,0.0,1.0,0.22545703255796007 < OWN_COMMIT <= 0.8942750310272135,0.07851584940414383
