feature,value,importance,min,max,rule,importance_ratio
Added_lines,426.0,0.1480058374942132,0.0,1401.0,134.0061958090498 < Added_lines <= 623.7822426910362,0.15625054143704745
PercentLackOfCohesion,100.0,0.11916264492659727,0.0,100.0,PercentLackOfCohesion > 99.41790724863138,0.12580063127293503
MINOR_COMMIT,0.0,-0.1101848431213927,0.0,1.0,MINOR_COMMIT <= 0.5000340062489587,0.1163227186667342
OWN_COMMIT,0.769230769230769,0.07928106515188858,0.0,1.0,0.6839985370312259 < OWN_COMMIT <= 0.9750395910891503,0.08369743765121944
CountDeclClass,5.0,0.0792683087184927,1.0,34.0,4.501963274839924 < CountDeclClass <= 5.505916789178754,0.08368397061736012
