feature,value,importance,min,max,rule,importance_ratio
OWN_COMMIT,0.75,0.11525956976818592,0.0,1.0,0.6839985370312259 < OWN_COMMIT <= 0.9750395910891503,0.10229167720483892
CountDeclMethodPublic,56.0,0.09589278899068553,0.0,148.0,CountDeclMethodPublic > 47.97160621632762,0.08510385937961774
CountDeclMethodProtected,1.0,0.09469006978287228,0.0,25.0,0.5035542532382362 < CountDeclMethodProtected <= 1.4983838398298952,0.08403645851024846
Added_lines,11.0,-0.06789439391481787,0.0,1401.0,0.4309102957807909 < Added_lines <= 53.861024501088394,0.06025557305411446
CountDeclInstanceVariable,2.0,0.0674395968039704,0.0,60.0,1.513424725196057 < CountDeclInstanceVariable <= 2.4836019715141493,0.05985194531760573
