feature,value,importance,min,max,rule,importance_ratio
MINOR_COMMIT,0.0,-0.17389784536969655,0.0,1.0,MINOR_COMMIT <= 0.5000340062489587,0.18209997683436685
CountClassCoupled,24.0,0.11888029150746601,0.0,71.0,21.526921993333502 < CountClassCoupled <= 36.46242405600909,0.1244874442437729
CountDeclInstanceVariable,19.0,0.11854054230855124,0.0,60.0,16.490535965231608 < CountDeclInstanceVariable <= 39.47160948739142,0.12413167030580174
Added_lines,15.0,-0.08003585590335537,0.0,1401.0,0.4309102957807909 < Added_lines <= 53.861024501088394,0.08381085731646158
OWN_COMMIT,0.8,0.07289452771385758,0.0,1.0,0.6839985370312259 < OWN_COMMIT <= 0.9750395910891503,0.07633269854393908
