feature,value,importance,min,max,rule,importance_ratio
CountClassCoupled,43.0,0.20788688612251824,0.0,71.0,CountClassCoupled > 36.46242405600909,0.18977090196911145
CountDeclMethodPublic,48.0,0.1506467218497406,0.0,148.0,25.49405915268499 < CountDeclMethodPublic <= 47.97160621632762,0.13751884410480109
Added_lines,303.0,0.13173602861167885,0.0,1401.0,134.0061958090498 < Added_lines <= 623.7822426910362,0.12025609425278228
MaxInheritanceTree,4.0,0.10279573110742837,0.0,6.0,3.5043507807030476 < MaxInheritanceTree <= 4.500181337601978,0.09383775463034302
OWN_COMMIT,0.5,0.07951242577214125,0.0,1.0,0.10191642891537722 < OWN_COMMIT <= 0.6839985370312259,0.07258343726231231
