feature,value,importance,min,max,rule,importance_ratio
CountDeclClassVariable,2.0,0.11698865406132507,0.0,60.0,1.4825237452665077 < CountDeclClassVariable <= 4.498794360390285,0.10758401273287622
MAJOR_LINE,3.0,0.10121722792638312,0.0,13.0,2.495214472445795 < MAJOR_LINE <= 6.501702411360784,0.09308044122219127
CountClassCoupled,22.0,0.09268435526100995,0.0,71.0,21.526921993333502 < CountClassCoupled <= 36.46242405600909,0.08523352060544236
OWN_COMMIT,0.428571428571429,0.06728553792362761,0.0,1.0,0.10191642891537722 < OWN_COMMIT <= 0.6839985370312259,0.06187649756975064
Added_lines,22.0,-0.0647114690138855,0.0,1401.0,0.4309102957807909 < Added_lines <= 53.861024501088394,0.059509356374880314
