feature,value,importance,min,max,rule,importance_ratio
CountOutput_Mean,8.26315789473684,0.13715580749304007,0.0,22.0,CountOutput_Mean > 7.862476607160486,0.16279079637554705
CountClassCoupled,26.0,0.12599690733012042,0.0,71.0,21.526921993333502 < CountClassCoupled <= 36.46242405600909,0.14954625152250398
MINOR_COMMIT,0.0,0.08869924725549852,0.0,1.0,MINOR_COMMIT <= 0.5000340062489587,0.10527750419439501
CountClassDerived,0.0,-0.056738193060448534,0.0,174.0,CountClassDerived <= 4.520645138566945,0.06734279650308396
Added_lines,16.0,-0.05666255037526051,0.0,1401.0,0.4309102957807909 < Added_lines <= 53.861024501088394,0.06725301588652224
