feature,value,importance,min,max,rule,importance_ratio
Added_lines,216.0,0.12682050303048187,0.0,1401.0,134.0061958090498 < Added_lines <= 623.7822426910362,0.14633752539789374
MaxInheritanceTree,4.0,0.11063881621650283,0.0,6.0,3.5043507807030476 < MaxInheritanceTree <= 4.500181337601978,0.12766556030915518
MINOR_LINE,4.0,0.10827144863688344,1.0,8.0,3.5043945735014814 < MINOR_LINE <= 6.500273313638594,0.1249338670495453
OWN_COMMIT,0.3,0.08368359547134796,0.0,1.0,0.10191642891537722 < OWN_COMMIT <= 0.6839985370312259,0.09656206989442437
CountClassDerived,0.0,-0.06930490259702791,0.0,174.0,CountClassDerived <= 4.520645138566945,0.07997057022832871
