feature,value,importance,min,max,rule,importance_ratio
Added_lines,263.0,0.13632921807426007,0.0,1401.0,134.0061958090498 < Added_lines <= 623.7822426910362,0.21712289277862323
CountClassCoupled,9.0,0.1021412661331527,0.0,71.0,5.519127474876073 < CountClassCoupled <= 9.501928024922897,0.16267391163955153
PercentLackOfCohesion,100.0,0.0767496120000353,0.0,100.0,PercentLackOfCohesion > 99.41790724863138,0.12223423571612856
OWN_COMMIT,0.333333333333333,0.06128206803498471,0.0,1.0,0.10191642891537722 < OWN_COMMIT <= 0.6839985370312259,0.09760006017172702
RatioCommentToCode,0.86,0.03988379829873577,0.0,17.89,0.24340607599558495 < RatioCommentToCode <= 0.9515288232774337,0.0635203941161286
