feature,value,importance,min,max,rule,importance_ratio
CountClassCoupled,52.0,0.25214735795839055,0.0,71.0,CountClassCoupled > 36.46242405600909,0.22178770265670705
CountDeclMethodPublic,90.0,0.14980454024884357,0.0,148.0,CountDeclMethodPublic > 47.97160621632762,0.13176741211311044
CountDeclClassVariable,5.0,0.08860794458294262,0.0,60.0,4.498794360390285 < CountDeclClassVariable <= 5.5163314353718,0.07793915679031886
MaxInheritanceTree,4.0,0.08678421666995723,0.0,6.0,3.5043507807030476 < MaxInheritanceTree <= 4.500181337601978,0.07633501377106625
OWN_COMMIT,0.392857142857143,0.06549135648475458,0.0,1.0,0.10191642891537722 < OWN_COMMIT <= 0.6839985370312259,0.05760590797474112
