feature,value,importance,min,max,rule,importance_ratio
Added_lines,347.0,0.15426904563921634,0.0,1401.0,134.0061958090498 < Added_lines <= 623.7822426910362,0.1833715187107781
CountClassCoupled,12.0,0.11101053752269656,0.0,71.0,9.501928024922897 < CountClassCoupled <= 21.526921993333502,0.1319524002633876
RatioCommentToCode,0.99,-0.07759883668564913,0.0,17.89,0.9515288232774337 < RatioCommentToCode <= 2.4494807886813446,0.09223766488135905
PercentLackOfCohesion,72.0,0.07630637683244702,0.0,100.0,71.61128224433534 < PercentLackOfCohesion <= 72.32427262906089,0.09070138568048396
OWN_COMMIT,0.357142857142857,0.05667973904668301,0.0,1.0,0.10191642891537722 < OWN_COMMIT <= 0.6839985370312259,0.0673722313251853
