feature,value,importance,min,max,rule,importance_ratio
Added_lines,229.0,0.14530375081147406,0.0,1401.0,134.0061958090498 < Added_lines <= 623.7822426910362,0.22291380310588363
CountClassCoupled,8.0,0.09716132878904417,0.0,71.0,5.519127474876073 < CountClassCoupled <= 9.501928024922897,0.14905741382607668
CountDeclInstanceVariable,17.0,0.06558746309975613,0.0,60.0,16.490535965231608 < CountDeclInstanceVariable <= 39.47160948739142,0.10061922527108595
OWN_COMMIT,0.333333333333333,0.059295298710471324,0.0,1.0,0.10191642891537722 < OWN_COMMIT <= 0.6839985370312259,0.09096627215769579
CountPath_Min,1.0,0.037447574946186585,0.0,480.0,0.46339588717379354 < CountPath_Min <= 1.4446435304830652,0.05744918009155674
