feature,value,importance,min,max,rule,importance_ratio
Added_lines,364.0,0.1374335836673599,0.0,1401.0,134.0061958090498 < Added_lines <= 623.7822426910362,0.19529990080340018
CountClassCoupled,11.0,0.1176007917640117,0.0,71.0,9.501928024922897 < CountClassCoupled <= 21.526921993333502,0.16711652532835397
OWN_COMMIT,0.363636363636364,0.06315032110129651,0.0,1.0,0.10191642891537722 < OWN_COMMIT <= 0.6839985370312259,0.08973972094504286
MINOR_LINE,6.0,0.034812074709087884,1.0,8.0,3.5043945735014814 < MINOR_LINE <= 6.500273313638594,0.04946967514069209
RatioCommentToCode,0.87,0.03434823320430579,0.0,17.89,0.24340607599558495 < RatioCommentToCode <= 0.9515288232774337,0.04881053348510011
