feature,value,importance,min,max,rule,importance_ratio
Added_lines,452.0,0.14200080342351729,0.0,1401.0,134.0061958090498 < Added_lines <= 623.7822426910362,0.1768157825491419
CountClassCoupled,10.0,0.11925734042082654,0.0,71.0,9.501928024922897 < CountClassCoupled <= 21.526921993333502,0.1484962018725144
MINOR_COMMIT,0.0,-0.09705831557921119,0.0,1.0,MINOR_COMMIT <= 0.5000340062489587,0.12085454172294932
OWN_COMMIT,0.384615384615385,0.06271971105059365,0.0,1.0,0.10191642891537722 < OWN_COMMIT <= 0.6839985370312259,0.07809698623740427
CountPath_Min,1.0,0.05788182110304038,0.0,480.0,0.46339588717379354 < CountPath_Min <= 1.4446435304830652,0.07207296893369942
