feature,value,importance,min,max,rule,importance_ratio
Added_lines,387.0,0.12634709162118637,0.0,1401.0,134.0061958090498 < Added_lines <= 623.7822426910362,0.14500916165774488
CountOutput_Mean,7.85714285714286,0.12183067881869634,0.0,22.0,7.714103116885628 < CountOutput_Mean <= 7.862476607160486,0.13982565307210235
MaxInheritanceTree,4.0,0.09003306342797913,0.0,6.0,3.5043507807030476 < MaxInheritanceTree <= 4.500181337601978,0.10333137772821205
MINOR_COMMIT,0.0,-0.08582091066838507,0.0,1.0,MINOR_COMMIT <= 0.5000340062489587,0.09849706984976564
CountClassCoupled,7.0,0.0853574771566688,0.0,71.0,5.519127474876073 < CountClassCoupled <= 9.501928024922897,0.09796518499071748
