feature,value,importance,min,max,rule,importance_ratio
Added_lines,455.0,0.14878889399886386,0.0,1401.0,134.0061958090498 < Added_lines <= 623.7822426910362,0.17614410139868267
MaxInheritanceTree,4.0,0.11017348488552837,0.0,6.0,3.5043507807030476 < MaxInheritanceTree <= 4.500181337601978,0.1304291534909247
CountPath_Min,1.0,0.07603623200251096,0.0,480.0,0.46339588717379354 < CountPath_Min <= 1.4446435304830652,0.09001568194952991
OWN_COMMIT,0.5,0.06771963205031868,0.0,1.0,0.10191642891537722 < OWN_COMMIT <= 0.6839985370312259,0.08017005445745096
AvgEssential,2.0,0.053717222779191116,0.0,55.0,0.5091365578885154 < AvgEssential <= 2.501750234500038,0.06359326749310817
