feature,value,importance,min,max,rule,importance_ratio
Added_lines,192.0,0.21630552118302904,0.0,1401.0,134.0061958090498 < Added_lines <= 623.7822426910362,0.15079453190938752
CountPath_Min,1.0,0.12050861745227881,0.0,480.0,0.46339588717379354 < CountPath_Min <= 1.4446435304830652,0.08401098807083791
AvgLineComment,11.0,0.11337308395615574,0.0,493.0,6.4674040478239885 < AvgLineComment <= 18.02801132089901,0.07903654531234186
CountClassDerived,0.0,-0.10683221139573881,0.0,174.0,CountClassDerived <= 4.520645138566945,0.07447666255654094
AvgEssential,1.0,-0.10113155991202485,0.0,55.0,0.5091365578885154 < AvgEssential <= 2.501750234500038,0.07050252880644668
