feature,value,importance,min,max,rule,importance_ratio
CountClassCoupled,46.0,0.29634637111121187,0.0,132.0,CountClassCoupled > 35.464692589333026,0.27203001141875854
Del_lines,84.0,0.10231910470699594,0.0,20224.0,6.117765502847519 < Del_lines <= 541.5758170227919,0.09392342857930883
OWN_COMMIT,0.461538461538462,0.1015720377703921,0.0,1.0,0.12394271196938178 < OWN_COMMIT <= 0.48523577667359796,0.09323766135856343
MINOR_LINE,4.0,0.09854683329003962,0.0,9.0,3.4946299554765177 < MINOR_LINE <= 4.494905869211774,0.09046068654274719
AvgLineComment,5.0,0.059990814097506014,0.0,41.0,2.5128669808094335 < AvgLineComment <= 5.504555268674634,0.05506833703673371
