feature,value,importance,min,max,rule,importance_ratio
CountClassCoupled,32.0,0.21266151015320522,0.0,132.0,19.508692962965362 < CountClassCoupled <= 35.464692589333026,0.2762354606876661
Del_lines,15.0,0.10167980065266521,0.0,20224.0,6.117765502847519 < Del_lines <= 541.5758170227919,0.13207639951246575
OWN_COMMIT,0.5,0.08158219989287817,0.0,1.0,0.48523577667359796 < OWN_COMMIT <= 0.9163585933794693,0.1059707351607124
CountDeclMethodDefault,0.0,-0.06452806381415811,0.0,82.0,CountDeclMethodDefault <= 0.5004260767643754,0.08381836196943052
CountDeclClassMethod,15.0,0.06221544949273385,0.0,247.0,1.5382515305679796 < CountDeclClassMethod <= 36.01015640726675,0.08081440473235785
