feature,value,importance,min,max,rule,importance_ratio
CountClassCoupled,22.0,0.22297192450121836,0.0,132.0,19.508692962965362 < CountClassCoupled <= 35.464692589333026,0.2650270163533361
Del_lines,72.0,0.10754305106566561,0.0,20224.0,6.117765502847519 < Del_lines <= 541.5758170227919,0.1278269181971028
OWN_COMMIT,0.333333333333333,0.07274872184906278,0.0,1.0,0.12394271196938178 < OWN_COMMIT <= 0.48523577667359796,0.08646997481097898
MINOR_LINE,5.0,0.06342683218950934,0.0,9.0,4.494905869211774 < MINOR_LINE <= 8.4960095241528,0.0753898686102857
CountDeclMethodDefault,59.0,0.052093793058820365,0.0,82.0,CountDeclMethodDefault > 39.50392024684733,0.06191928681510685
