feature,value,importance,min,max,rule,importance_ratio
CountClassCoupled,20.0,0.22889942963960222,0.0,132.0,19.508692962965362 < CountClassCoupled <= 35.464692589333026,0.28639243133754594
Del_lines,29.0,0.11969090758014823,0.0,20224.0,6.117765502847519 < Del_lines <= 541.5758170227919,0.14975384641563816
OWN_COMMIT,0.444444444444444,0.08727513110713433,0.0,1.0,0.12394271196938178 < OWN_COMMIT <= 0.48523577667359796,0.10919615235577189
CountOutput_Min,0.0,0.05054297620869097,0.0,31.0,CountOutput_Min <= 0.4898108420333871,0.063237928841647
CountDeclClassMethod,0.0,-0.045119472346039566,0.0,247.0,CountDeclClassMethod <= 0.48786107726136896,0.0564521956485199
