feature,value,importance,min,max,rule,importance_ratio
Del_lines,42.0,0.1027713830373654,0.0,20224.0,6.117765502847519 < Del_lines <= 541.5758170227919,0.15764254496896427
CountClassCoupled,16.0,0.10140112817144667,0.0,132.0,14.528794990404752 < CountClassCoupled <= 19.508692962965362,0.15554069075687296
OWN_COMMIT,0.5,0.08427341390888486,0.0,1.0,0.48523577667359796 < OWN_COMMIT <= 0.9163585933794693,0.1292682364407742
CountDeclMethodDefault,27.0,0.06734490001483123,0.0,82.0,1.5073097577855388 < CountDeclMethodDefault <= 39.50392024684733,0.10330133851714868
CountDeclClassMethod,9.0,0.05818808628458782,0.0,247.0,1.5382515305679796 < CountDeclClassMethod <= 36.01015640726675,0.08925556645901163
