feature,value,importance,min,max,rule,importance_ratio
CountClassCoupled,20.0,0.24662736762082016,0.0,132.0,19.508692962965362 < CountClassCoupled <= 35.464692589333026,0.21018984839470742
PercentLackOfCohesion,50.0,0.1337991384944239,0.0,100.0,49.12235397648826 < PercentLackOfCohesion <= 51.56745009048707,0.11403122413698939
OWN_COMMIT,1.0,-0.11657482553592279,0.0,1.0,OWN_COMMIT > 0.9163585933794693,0.09935168648317746
Del_lines,0.0,-0.10160890365763708,0.0,20224.0,Del_lines <= -0.3335363226939734,0.08659687795957406
CountOutput_Mean,9.25,0.09326247147621707,0.0,31.0,6.249004721764796 < CountOutput_Mean <= 12.226877636268407,0.07948357446948207
