feature,value,importance,min,max,rule,importance_ratio
CountClassCoupled,17.0,0.13464930239973685,0.0,132.0,14.528794990404752 < CountClassCoupled <= 19.508692962965362,0.21335494259603577
Del_lines,21.0,0.1107215138687218,0.0,20224.0,6.117765502847519 < Del_lines <= 541.5758170227919,0.1754408067074656
OWN_COMMIT,0.333333333333333,0.09267409526158954,0.0,1.0,0.12394271196938178 < OWN_COMMIT <= 0.48523577667359796,0.14684425334768483
CountDeclClassMethod,23.0,0.07001779845104532,0.0,247.0,1.5382515305679796 < CountDeclClassMethod <= 36.01015640726675,0.11094482558011953
AvgLineComment,5.0,0.03270182682986018,0.0,41.0,2.5128669808094335 < AvgLineComment <= 5.504555268674634,0.051816803070819
