feature,value,importance,min,max,rule,importance_ratio
CountClassCoupled,31.0,0.25257707524727646,0.0,132.0,19.508692962965362 < CountClassCoupled <= 35.464692589333026,0.28361084519173696
Del_lines,17.0,0.08618401654261436,0.0,20224.0,6.117765502847519 < Del_lines <= 541.5758170227919,0.09677331859884646
CountDeclMethodDefault,3.0,0.08612933654968719,0.0,82.0,1.5073097577855388 < CountDeclMethodDefault <= 39.50392024684733,0.09671192015643448
OWN_COMMIT,0.4,0.054316292736585316,0.0,1.0,0.12394271196938178 < OWN_COMMIT <= 0.48523577667359796,0.06099005491936812
AvgLineComment,4.0,0.050507773517163526,0.0,41.0,2.5128669808094335 < AvgLineComment <= 5.504555268674634,0.0567135886023371
