feature,value,importance,min,max,rule,importance_ratio
Del_lines,452.0,0.09598624245759209,0.0,20224.0,6.117765502847519 < Del_lines <= 541.5758170227919,0.14691575063236953
CountClassCoupled,19.0,0.0925098926966004,0.0,132.0,14.528794990404752 < CountClassCoupled <= 19.508692962965362,0.1415948783748437
OWN_COMMIT,0.214285714285714,0.0848124198563525,0.0,1.0,0.12394271196938178 < OWN_COMMIT <= 0.48523577667359796,0.12981318996468497
CountDeclMethodDefault,2.0,0.07136276584486628,0.0,82.0,1.5073097577855388 < CountDeclMethodDefault <= 39.50392024684733,0.10922726052051317
AvgLineComment,11.0,0.04161400995600602,0.0,41.0,AvgLineComment > 5.504555268674634,0.06369406024212955
