feature,value,importance,min,max,rule,importance_ratio
CountClassCoupled,27.0,0.24402830657304214,0.0,132.0,19.508692962965362 < CountClassCoupled <= 35.464692589333026,0.287957628874343
Del_lines,52.0,0.10742601440189847,0.0,20224.0,6.117765502847519 < Del_lines <= 541.5758170227919,0.12676455785399862
MAJOR_LINE,10.0,0.07249026153550467,0.0,11.0,MAJOR_LINE > 8.507443078039072,0.0855397643059778
CountDeclMethodDefault,11.0,0.07044130450603475,0.0,82.0,1.5073097577855388 < CountDeclMethodDefault <= 39.50392024684733,0.0831219595186673
OWN_COMMIT,0.454545454545455,0.05834440087849194,0.0,1.0,0.12394271196938178 < OWN_COMMIT <= 0.48523577667359796,0.06884740369263642
