feature,value,importance,min,max,rule,importance_ratio
CountClassCoupled,19.0,0.11054398170465958,0.0,132.0,14.528794990404752 < CountClassCoupled <= 19.508692962965362,0.17122619192606392
Del_lines,292.0,0.0940002846829739,0.0,20224.0,6.117765502847519 < Del_lines <= 541.5758170227919,0.14560096839313594
CountDeclClassMethod,2.0,0.06669444834259247,0.0,247.0,1.5382515305679796 < CountDeclClassMethod <= 36.01015640726675,0.10330581761404323
CountDeclMethodDefault,7.0,0.06315548215207062,0.0,82.0,1.5073097577855388 < CountDeclMethodDefault <= 39.50392024684733,0.09782416501917741
MAJOR_LINE,9.0,0.05049177130270608,0.0,11.0,MAJOR_LINE > 8.507443078039072,0.07820881417915904
