feature,value,importance,min,max,rule,importance_ratio
CountClassCoupled,19.0,0.11437025464171631,0.0,132.0,14.528794990404752 < CountClassCoupled <= 19.508692962965362,0.16808136792040523
Del_lines,70.0,0.10487802021379211,0.0,20224.0,6.117765502847519 < Del_lines <= 541.5758170227919,0.15413134435645734
OWN_COMMIT,0.3,0.06735204813674303,0.0,1.0,0.12394271196938178 < OWN_COMMIT <= 0.48523577667359796,0.09898224340348347
CountDeclClassMethod,28.0,0.06501706223708065,0.0,247.0,1.5382515305679796 < CountDeclClassMethod <= 36.01015640726675,0.09555069010914499
CountDeclMethodDefault,5.0,0.059589062622871884,0.0,82.0,1.5073097577855388 < CountDeclMethodDefault <= 39.50392024684733,0.08757356700938698
