feature,value,importance,min,max,rule,importance_ratio
CountClassCoupled,32.0,0.20959402913945932,0.0,132.0,19.508692962965362 < CountClassCoupled <= 35.464692589333026,0.2506627008825576
Del_lines,131.0,0.09861162783935229,0.0,20224.0,6.117765502847519 < Del_lines <= 541.5758170227919,0.11793397490436458
MINOR_LINE,5.0,0.08803687667158878,0.0,9.0,4.494905869211774 < MINOR_LINE <= 8.4960095241528,0.10528716573830353
AvgLineComment,5.0,0.06197926584721308,0.0,41.0,2.5128669808094335 < AvgLineComment <= 5.504555268674634,0.0741237249923911
OWN_COMMIT,0.230769230769231,0.06035443058230167,0.0,1.0,0.12394271196938178 < OWN_COMMIT <= 0.48523577667359796,0.07218051316682464
