feature,value,importance,min,max,rule,importance_ratio
CountClassCoupled,26.0,0.244277926183207,0.0,132.0,19.508692962965362 < CountClassCoupled <= 35.464692589333026,0.2958187660153951
Del_lines,51.0,0.09756204408052475,0.0,20224.0,6.117765502847519 < Del_lines <= 541.5758170227919,0.11814691544497177
OWN_COMMIT,0.333333333333333,0.08128468737309572,0.0,1.0,0.12394271196938178 < OWN_COMMIT <= 0.48523577667359796,0.098435156587265
CountDeclMethodDefault,25.0,0.0637981605728668,0.0,82.0,1.5073097577855388 < CountDeclMethodDefault <= 39.50392024684733,0.07725910166996866
MAJOR_LINE,9.0,0.06376547746701908,0.0,11.0,MAJOR_LINE > 8.507443078039072,0.07721952266996449
