feature,value,importance,min,max,rule,importance_ratio
CountClassCoupled,60.0,0.42249335144720457,0.0,132.0,CountClassCoupled > 35.464692589333026,0.41657989816140767
Del_lines,412.0,0.10830835020492008,0.0,20224.0,6.117765502847519 < Del_lines <= 541.5758170227919,0.10679240594874505
OWN_COMMIT,0.25,0.0674573312799203,0.0,1.0,0.12394271196938178 < OWN_COMMIT <= 0.48523577667359796,0.06651316073630836
MINOR_LINE,6.0,0.0663928729868148,0.0,9.0,4.494905869211774 < MINOR_LINE <= 8.4960095241528,0.06546360119692146
CountDeclMethodDefault,3.0,0.05062878173169199,0.0,82.0,1.5073097577855388 < CountDeclMethodDefault <= 39.50392024684733,0.04992015298129476
