feature,value,importance,min,max,rule,importance_ratio
CountClassCoupled,23.0,0.21994212405205682,0.0,132.0,19.508692962965362 < CountClassCoupled <= 35.464692589333026,0.2745987184517016
Del_lines,37.0,0.10077507741309535,0.0,20224.0,6.117765502847519 < Del_lines <= 541.5758170227919,0.12581813160519134
OWN_COMMIT,0.5,0.0791642429251076,0.0,1.0,0.48523577667359796 < OWN_COMMIT <= 0.9163585933794693,0.09883690879191744
CountDeclClassMethod,3.0,0.062256029042089704,0.0,247.0,1.5382515305679796 < CountDeclClassMethod <= 36.01015640726675,0.07772692868421845
CountDeclMethodDefault,0.0,-0.05991638883547396,0.0,82.0,CountDeclMethodDefault <= 0.5004260767643754,0.07480587749794049
