feature,value,importance,min,max,rule,importance_ratio
CountClassCoupled,37.0,0.441200992315803,0.0,132.0,CountClassCoupled > 35.464692589333026,0.34031740384336523
OWN_COMMIT,0.294117647058824,0.11389970144399239,0.0,1.0,0.12394271196938178 < OWN_COMMIT <= 0.48523577667359796,0.08785576498932435
Del_lines,101.0,0.09278441933965692,0.0,20224.0,6.117765502847519 < Del_lines <= 541.5758170227919,0.0715686348324996
MINOR_COMMIT,0.0,-0.09112498315584078,0.0,5.0,MINOR_COMMIT <= 0.5016356687429404,0.07028863994636883
CountPath_Min,1.0,-0.0748426961578147,0.0,576.0,0.444044187395773 < CountPath_Min <= 1.3898190183942223,0.05772940790403795
