feature,value,importance,min,max,rule,importance_ratio
CountClassCoupled,25.0,0.24957187580933757,0.0,132.0,19.508692962965362 < CountClassCoupled <= 35.464692589333026,0.2618343579315846
Del_lines,192.0,0.10718319388265786,0.0,20224.0,6.117765502847519 < Del_lines <= 541.5758170227919,0.11244954047932136
OWN_COMMIT,0.571428571428571,0.08288368979636344,0.0,1.0,0.48523577667359796 < OWN_COMMIT <= 0.9163585933794693,0.08695610284794555
MINOR_LINE,5.0,0.07209667201437761,0.0,9.0,4.494905869211774 < MINOR_LINE <= 8.4960095241528,0.07563907497457821
CountDeclClassMethod,3.0,0.058850304804789214,0.0,247.0,1.5382515305679796 < CountDeclClassMethod <= 36.01015640726675,0.0617418598256315
