feature,value,importance,min,max,rule,importance_ratio
CountClassCoupled,26.0,0.25211159942619366,0.0,132.0,19.508692962965362 < CountClassCoupled <= 35.464692589333026,0.2593656961786946
Del_lines,14.0,0.11793392771502907,0.0,20224.0,6.117765502847519 < Del_lines <= 541.5758170227919,0.12132728257848796
CountOutput_Mean,6.05,0.1071749782737822,0.0,31.0,5.813530535940029 < CountOutput_Mean <= 6.249004721764796,0.1102587620568953
OWN_COMMIT,0.5,0.08463811737326583,0.0,1.0,0.48523577667359796 < OWN_COMMIT <= 0.9163585933794693,0.08707344003899246
CountDeclMethodDefault,2.0,0.07235103922843361,0.0,82.0,1.5073097577855388 < CountDeclMethodDefault <= 39.50392024684733,0.07443282142291252
