feature,value,importance,min,max,rule,importance_ratio
MAJOR_COMMIT,3.0,0.28476943365709534,0.0,6.0,2.5049342359599582 < MAJOR_COMMIT <= 3.499655327458867,0.36459972369416016
CountClassCoupled,11.0,0.08339218311077722,0.0,64.0,10.492249034455536 < CountClassCoupled <= 17.999561761991284,0.1067697699502891
CountLineComment,60.0,0.04685993263062908,16.0,692.0,44.36451351633542 < CountLineComment <= 166.4525477710837,0.059996321480300936
CountDeclClassVariable,1.0,0.0441424183177842,0.0,19.0,0.5039837002958555 < CountDeclClassVariable <= 6.5024335433933,0.0565169980329985
AvgCyclomaticModified,3.0,0.03918415387266432,0.0,12.0,1.5009263430561142 < AvgCyclomaticModified <= 4.502650328339778,0.05016876808613516
