feature,value,importance,min,max,rule,importance_ratio
MAJOR_COMMIT,5.0,0.4737545167575277,0.0,6.0,3.499655327458867 < MAJOR_COMMIT <= 5.500531086221038,0.4832567447205476
CountDeclMethodPublic,91.0,0.06853119295290763,0.0,130.0,19.46203008474309 < CountDeclMethodPublic <= 97.97323714609264,0.06990574241889091
CountClassCoupled,18.0,0.06780615429936426,0.0,64.0,CountClassCoupled > 17.999561761991284,0.06916616146057941
AvgCyclomaticModified,1.0,-0.04356345218914016,0.0,12.0,0.49744303402233137 < AvgCyclomaticModified <= 1.5009263430561142,0.04443721663658117
CountDeclClassVariable,0.0,-0.04217259129735331,0.0,19.0,CountDeclClassVariable <= 0.5039837002958555,0.04301845885560145
