feature,value,importance,min,max,rule,importance_ratio
MAJOR_COMMIT,2.0,0.09240231163979845,0.0,6.0,1.4987795686966945 < MAJOR_COMMIT <= 2.5049342359599582,0.15857349589278566
AvgLineBlank,3.0,0.061308517872440765,0.0,7.0,1.4973317105590893 < AvgLineBlank <= 5.500832108824239,0.10521280078940098
AvgEssential,2.0,0.05481981282030155,0.0,8.0,1.4993301057392507 < AvgEssential <= 5.001687658712416,0.09407740140733917
CountDeclClassVariable,1.0,0.04646238690867787,0.0,19.0,0.5039837002958555 < CountDeclClassVariable <= 6.5024335433933,0.07973505195793086
AvgCyclomaticModified,4.0,0.03928040355506386,0.0,12.0,1.5009263430561142 < AvgCyclomaticModified <= 4.502650328339778,0.06740990351071556
