feature,value,importance,min,max,rule,importance_ratio
MAJOR_COMMIT,5.0,0.4732978759362021,0.0,6.0,3.499655327458867 < MAJOR_COMMIT <= 5.500531086221038,0.4302438021227232
CountDeclMethodProtected,11.0,0.11650318810358734,0.0,26.0,8.508599080849722 < CountDeclMethodProtected <= 11.500159966034467,0.10590534451471481
CountClassCoupled,24.0,0.0658441785231471,0.0,64.0,CountClassCoupled > 17.999561761991284,0.059854588739512445
AvgCyclomaticModified,3.0,0.042036541166876815,0.0,12.0,1.5009263430561142 < AvgCyclomaticModified <= 4.502650328339778,0.03821263990240967
AvgLineBlank,0.0,-0.04078992066109062,0.0,7.0,AvgLineBlank <= 0.4964566109928017,0.03707941963356168
