feature,value,importance,min,max,rule,importance_ratio
MAJOR_COMMIT,2.0,0.0940026749450247,0.0,6.0,1.4987795686966945 < MAJOR_COMMIT <= 2.5049342359599582,0.14156882348939745
CountClassCoupled,16.0,0.08924774240145587,0.0,64.0,10.492249034455536 < CountClassCoupled <= 17.999561761991284,0.13440785486421564
AvgLineBlank,2.0,0.0567280904182371,0.0,7.0,1.4973317105590893 < AvgLineBlank <= 5.500832108824239,0.08543298394441105
CountDeclClassVariable,0.0,-0.04195602258297532,0.0,19.0,CountDeclClassVariable <= 0.5039837002958555,0.06318612485059688
AvgCyclomaticModified,2.0,0.03951656583906936,0.0,12.0,1.5009263430561142 < AvgCyclomaticModified <= 4.502650328339778,0.05951228236271009
