feature,value,importance,min,max,rule,importance_ratio
MAJOR_COMMIT,4.0,0.47805622897006667,0.0,6.0,3.499655327458867 < MAJOR_COMMIT <= 5.500531086221038,0.529564034550557
CountDeclClassVariable,3.0,0.045184957040210215,0.0,19.0,0.5039837002958555 < CountDeclClassVariable <= 6.5024335433933,0.0500533759444134
CountLineComment,73.0,0.04218260098473178,16.0,692.0,44.36451351633542 < CountLineComment <= 166.4525477710837,0.04672753331430721
AvgCyclomaticModified,4.0,0.04026735167057652,0.0,12.0,1.5009263430561142 < AvgCyclomaticModified <= 4.502650328339778,0.04460592691633314
AvgEssential,2.0,0.035352622614599954,0.0,8.0,1.4993301057392507 < AvgEssential <= 5.001687658712416,0.039161664108142084
