feature,value,importance,min,max,rule,importance_ratio
MAJOR_COMMIT,3.0,0.28613433197321897,0.0,6.0,2.5049342359599582 < MAJOR_COMMIT <= 3.499655327458867,0.2730474329915985
CountDeclMethodProtected,9.0,0.13838995095457257,0.0,26.0,8.508599080849722 < CountDeclMethodProtected <= 11.500159966034467,0.13206042280699112
CountDeclMethodPublic,25.0,0.08189470859376237,0.0,130.0,19.46203008474309 < CountDeclMethodPublic <= 97.97323714609264,0.07814909802300386
CountClassCoupled,19.0,0.06715984179312959,0.0,64.0,CountClassCoupled > 17.999561761991284,0.06408815843689898
MAJOR_LINE,6.0,-0.05810202743187476,0.0,5.0,MAJOR_LINE > 4.503660837248878,0.05544462047764931
