feature,value,importance,min,max,rule,importance_ratio
MAJOR_COMMIT,4.0,0.4756338391643087,0.0,6.0,3.499655327458867 < MAJOR_COMMIT <= 5.500531086221038,0.5499272262142024
CountDeclClassVariable,1.0,0.04548772712421258,0.0,19.0,0.5039837002958555 < CountDeclClassVariable <= 6.5024335433933,0.052592850937936114
MINOR_LINE,5.0,0.04405889698586776,1.0,6.0,3.4997824579426986 < MINOR_LINE <= 5.497357685947588,0.050940839390372986
AvgCyclomaticModified,1.0,-0.04326997435767415,0.0,12.0,0.49744303402233137 < AvgCyclomaticModified <= 1.5009263430561142,0.05002868807375849
AvgLineBlank,0.0,-0.04278090118039985,0.0,7.0,AvgLineBlank <= 0.4964566109928017,0.04946322230230123
