feature,value,importance,min,max,rule,importance_ratio
Added_lines,161.0,0.12967310902248502,0.0,1401.0,134.0061958090498 < Added_lines <= 623.7822426910362,0.19694997729295557
MaxInheritanceTree,4.0,0.09777698336828466,0.0,6.0,3.5043507807030476 < MaxInheritanceTree <= 4.500181337601978,0.14850553672479783
CountClassCoupled,2.0,-0.07367907777907792,0.0,71.0,1.5363269248292477 < CountClassCoupled <= 3.5277271998526603,0.11190518068814957
OWN_COMMIT,0.4,0.0513169796717895,0.0,1.0,0.10191642891537722 < OWN_COMMIT <= 0.6839985370312259,0.07794120197541879
CountPath_Min,1.0,0.037779695163417996,0.0,480.0,0.46339588717379354 < CountPath_Min <= 1.4446435304830652,0.05738051752333444
