feature,value,importance,min,max,rule,importance_ratio
CountClassCoupled,24.0,0.16899880702926526,0.0,71.0,21.526921993333502 < CountClassCoupled <= 36.46242405600909,0.22689366470782107
Added_lines,252.0,0.13161108121406945,0.0,1401.0,134.0061958090498 < Added_lines <= 623.7822426910362,0.17669781850973523
MaxInheritanceTree,4.0,0.09573172739221665,0.0,6.0,3.5043507807030476 < MaxInheritanceTree <= 4.500181337601978,0.12852707565603558
OWN_COMMIT,0.333333333333333,0.05407687677868023,0.0,1.0,0.10191642891537722 < OWN_COMMIT <= 0.6839985370312259,0.07260229207501626
CountPath_Min,1.0,0.036009074438537896,0.0,480.0,0.46339588717379354 < CountPath_Min <= 1.4446435304830652,0.048344902580772425
