feature,value,importance,min,max,rule,importance_ratio
CountClassCoupled,72.0,0.22996887896182,0.0,71.0,CountClassCoupled > 36.46242405600909,0.22145656150138182
CountDeclMethodPublic,147.0,0.16479759751810683,0.0,148.0,CountDeclMethodPublic > 47.97160621632762,0.15869760053971332
Added_lines,766.0,0.10580414013909965,0.0,1401.0,752.9050186871963 < Added_lines <= 962.1729659913178,0.10188779096368696
CountOutput_Mean,9.81065088757397,0.1005723664507783,0.0,22.0,CountOutput_Mean > 7.862476607160486,0.09684967181991619
MaxInheritanceTree,4.0,0.09548790470231897,0.0,6.0,3.5043507807030476 < MaxInheritanceTree <= 4.500181337601978,0.09195341185212269
