feature,value,importance,min,max,rule,importance_ratio
CountDeclMethodPublic,52.0,0.16339998174666534,0.0,148.0,CountDeclMethodPublic > 47.97160621632762,0.19837674542678813
CountClassCoupled,31.0,0.16273493454868743,0.0,71.0,21.526921993333502 < CountClassCoupled <= 36.46242405600909,0.19756934081584632
MaxInheritanceTree,4.0,0.09301376058266987,0.0,6.0,3.5043507807030476 < MaxInheritanceTree <= 4.500181337601978,0.11292392390168111
OWN_COMMIT,0.5,0.05604571966763565,0.0,1.0,0.10191642891537722 < OWN_COMMIT <= 0.6839985370312259,0.0680426481320252
Added_lines,83.0,0.052829761551787924,0.0,1401.0,53.861024501088394 < Added_lines <= 134.0061958090498,0.06413829454745842
