feature,value,importance,min,max,rule,importance_ratio
Added_lines,263.0,0.12797117459709445,0.0,1401.0,134.0061958090498 < Added_lines <= 623.7822426910362,0.2063730202426652
PercentLackOfCohesion,100.0,0.08154668061160587,0.0,100.0,PercentLackOfCohesion > 99.41790724863138,0.1315064491794013
CountClassCoupled,9.0,0.05245285921256893,0.0,71.0,5.519127474876073 < CountClassCoupled <= 9.501928024922897,0.08458822863931836
OWN_COMMIT,0.333333333333333,0.0506107141097037,0.0,1.0,0.10191642891537722 < OWN_COMMIT <= 0.6839985370312259,0.08161748894109758
MINOR_COMMIT,0.0,0.03928133889133913,0.0,1.0,MINOR_COMMIT <= 0.5000340062489587,0.06334714494654159
