feature,value,importance,min,max,rule,importance_ratio
Added_lines,346.0,0.1266753523552035,0.0,1401.0,134.0061958090498 < Added_lines <= 623.7822426910362,0.1950673429324956
CountClassCoupled,12.0,0.12525315755120076,0.0,71.0,9.501928024922897 < CountClassCoupled <= 21.526921993333502,0.19287730551486676
OWN_COMMIT,0.384615384615385,0.0507734256153029,0.0,1.0,0.10191642891537722 < OWN_COMMIT <= 0.6839985370312259,0.07818598521507099
CountPath_Min,1.0,0.04014461171347312,0.0,480.0,0.46339588717379354 < CountPath_Min <= 1.4446435304830652,0.06181867738599796
CountDeclClass,3.0,0.03594450693557411,1.0,34.0,2.4940562461622644 < CountDeclClass <= 4.501963274839924,0.05535093710479886
