feature,value,importance,min,max,rule,importance_ratio
CountDeclMethodProtected,25.0,0.1459747877549939,0.0,25.0,CountDeclMethodProtected > 10.508161227829827,0.15724422730907917
Added_lines,372.0,0.1277817137727928,0.0,1401.0,134.0061958090498 < Added_lines <= 623.7822426910362,0.1376466248415239
CountClassCoupled,19.0,0.12709623622693253,0.0,71.0,9.501928024922897 < CountClassCoupled <= 21.526921993333502,0.13690822755597734
MaxInheritanceTree,4.0,0.0978117526437581,0.0,6.0,3.5043507807030476 < MaxInheritanceTree <= 4.500181337601978,0.10536294453826567
CountDeclInstanceVariable,23.0,0.07023279155829673,0.0,60.0,16.490535965231608 < CountDeclInstanceVariable <= 39.47160948739142,0.07565485252754667
