feature,value,importance,min,max,rule,importance_ratio
Added_lines,151.0,0.1259988603548723,0.0,1401.0,134.0061958090498 < Added_lines <= 623.7822426910362,0.19893492940626092
CountClassCoupled,18.0,0.12487709182287686,0.0,71.0,9.501928024922897 < CountClassCoupled <= 21.526921993333502,0.19716381065888375
OWN_COMMIT,0.4,0.0504440296660785,0.0,1.0,0.10191642891537722 < OWN_COMMIT <= 0.6839985370312259,0.07964420830732227
CountPath_Min,1.0,0.03857520416175514,0.0,480.0,0.46339588717379354 < CountPath_Min <= 1.4446435304830652,0.060904959736440306
MINOR_COMMIT,0.0,0.02856142451375304,0.0,1.0,MINOR_COMMIT <= 0.5000340062489587,0.04509457429521899
