feature,value,importance,min,max,rule,importance_ratio
Added_lines,364.0,0.1266877419922898,0.0,1401.0,134.0061958090498 < Added_lines <= 623.7822426910362,0.1911359366561686
CountClassCoupled,11.0,0.12484058430141767,0.0,71.0,9.501928024922897 < CountClassCoupled <= 21.526921993333502,0.1883490986413433
OWN_COMMIT,0.363636363636364,0.050804154477462414,0.0,1.0,0.10191642891537722 < OWN_COMMIT <= 0.6839985370312259,0.076649086165459
CountPath_Min,1.0,0.040465871753059816,0.0,480.0,0.46339588717379354 < CountPath_Min <= 1.4446435304830652,0.061051544360149715
CountDeclClass,3.0,0.035833608954374284,1.0,34.0,2.4940562461622644 < CountDeclClass <= 4.501963274839924,0.05406277121650833
