feature,value,importance,min,max,rule,importance_ratio
CountClassCoupled,44.0,0.22775088632329107,0.0,71.0,CountClassCoupled > 36.46242405600909,0.23240680599619323
CountDeclMethodPublic,52.0,0.16689036073719574,0.0,148.0,CountDeclMethodPublic > 47.97160621632762,0.17030210646656718
Added_lines,1293.0,0.15357573586429796,0.0,1401.0,Added_lines > 962.1729659913178,0.15671529023194164
MaxInheritanceTree,4.0,0.09258358298721436,0.0,6.0,3.5043507807030476 < MaxInheritanceTree <= 4.500181337601978,0.09447627254981854
OWN_COMMIT,0.384615384615385,0.05161344586492583,0.0,1.0,0.10191642891537722 < OWN_COMMIT <= 0.6839985370312259,0.05266858142056825
