feature,value,importance,min,max,rule,importance_ratio
CountDeclMethodPublic,58.0,0.16256952391419818,0.0,148.0,CountDeclMethodPublic > 47.97160621632762,0.1770115897456177
Added_lines,1173.0,0.1421340231690855,0.0,1401.0,Added_lines > 962.1729659913178,0.15476067587784184
CountClassCoupled,14.0,0.1226744749399378,0.0,71.0,9.501928024922897 < CountClassCoupled <= 21.526921993333502,0.13357241448149954
CountDeclInstanceVariable,35.0,0.08282366655647182,0.0,60.0,16.490535965231608 < CountDeclInstanceVariable <= 39.47160948739142,0.0901814099760774
OWN_COMMIT,0.384615384615385,0.050873153131244034,0.0,1.0,0.10191642891537722 < OWN_COMMIT <= 0.6839985370312259,0.0553925329564632
