feature,value,importance,min,max,rule,importance_ratio
Added_lines,267.0,0.1292104678101243,0.0,1401.0,134.0061958090498 < Added_lines <= 623.7822426910362,0.18661770133303332
MaxInheritanceTree,4.0,0.09659035390065275,0.0,6.0,3.5043507807030476 < MaxInheritanceTree <= 4.500181337601978,0.1395047175463567
CountClassCoupled,3.0,-0.07434263995155263,0.0,71.0,1.5363269248292477 < CountClassCoupled <= 3.5277271998526603,0.10737251256744547
OWN_COMMIT,0.5,0.05208157433916371,0.0,1.0,0.10191642891537722 < OWN_COMMIT <= 0.6839985370312259,0.07522102388223585
CountOutput_Mean,1.71428571428571,-0.04376936170448913,0.0,22.0,1.393392431176645 < CountOutput_Mean <= 2.9958261261451193,0.06321575804608182
