feature,value,importance,min,max,rule,importance_ratio
Added_lines,261.0,0.12843078824682472,0.0,1401.0,134.0061958090498 < Added_lines <= 623.7822426910362,0.17898480156609908
MaxInheritanceTree,4.0,0.09757960895625904,0.0,6.0,3.5043507807030476 < MaxInheritanceTree <= 4.500181337601978,0.1359897201001986
CountClassCoupled,2.0,-0.07385936019051263,0.0,71.0,1.5363269248292477 < CountClassCoupled <= 3.5277271998526603,0.10293250635580975
OWN_COMMIT,0.333333333333333,0.05147982385506579,0.0,1.0,0.10191642891537722 < OWN_COMMIT <= 0.6839985370312259,0.07174374761018015
CountOutput_Mean,2.33333333333333,-0.043652490721332315,0.0,22.0,1.393392431176645 < CountOutput_Mean <= 2.9958261261451193,0.060835353393673616
