feature,value,importance,min,max,rule,importance_ratio
MAJOR_LINE,6.0,0.09924539018562345,0.0,8.0,5.493757155228619 < MAJOR_LINE <= 7.503241907815231,0.16054672527976632
CountDeclClassMethod,26.0,0.08991596285318809,0.0,105.0,9.466865411321908 < CountDeclClassMethod <= 40.52628629525767,0.1454547496811353
CountDeclClassVariable,11.0,0.0809935890468405,0.0,133.0,6.5202711377324984 < CountDeclClassVariable <= 76.47186874608664,0.13102125414394336
OWN_COMMIT,0.363636363636364,0.06049498633103424,0.0,1.0,0.3434150822172538 < OWN_COMMIT <= 0.49249677624690735,0.09786118965451637
MINOR_COMMIT,0.0,-0.044210655264471994,0.0,3.0,MINOR_COMMIT <= 0.4992984298946273,0.07151844445276642
