feature,value,importance,min,max,rule,importance_ratio
CountDeclClass,57.0,0.1781490857967843,0.0,136.0,CountDeclClass > 12.470673854194736,0.2203016665660486
Added_lines,2598.0,0.1676029154215647,0.0,5928.0,556.1562005161363 < Added_lines <= 3662.7117841695585,0.2072601238651188
CountDeclClassMethod,52.0,0.13610943307907705,0.0,105.0,CountDeclClassMethod > 40.52628629525767,0.16831484039657077
CountDeclClassVariable,59.0,0.07482153352310679,0.0,133.0,6.5202711377324984 < CountDeclClassVariable <= 76.47186874608664,0.09252536130873276
MAJOR_LINE,8.0,0.04743104476978197,0.0,8.0,MAJOR_LINE > 7.503241907815231,0.05865389745345775
