feature,value,importance,min,max,rule,importance_ratio
Added_lines,723.0,0.16995835352613806,0.0,5928.0,556.1562005161363 < Added_lines <= 3662.7117841695585,0.23849703132541855
CountDeclClassMethod,26.0,0.07263423788753355,0.0,105.0,9.466865411321908 < CountDeclClassMethod <= 40.52628629525767,0.10192526433304654
MINOR_COMMIT,3.0,0.0703577901742752,0.0,3.0,MINOR_COMMIT > 2.498555650217678,0.09873079927548666
MAJOR_LINE,11.0,0.06328813401437003,0.0,8.0,MAJOR_LINE > 7.503241907815231,0.0888101806554108
CountDeclMethodPrivate,63.0,0.05701421164727337,0.0,92.0,CountDeclMethodPrivate > 19.469683174640085,0.08000618939358338
