feature,value,importance,min,max,rule,importance_ratio
Added_lines,169.0,0.13397652994413245,0.0,5928.0,126.85831835297502 < Added_lines <= 493.71287220149475,0.17879341899012038
CountClassCoupled,20.0,0.10884935815771477,0.0,146.0,15.514444620491176 < CountClassCoupled <= 21.543720972114656,0.1452608819471093
CountDeclClassVariable,13.0,0.07979839803301463,0.0,133.0,6.5202711377324984 < CountDeclClassVariable <= 76.47186874608664,0.10649199841350294
MAJOR_LINE,6.0,0.06034702636120251,0.0,8.0,5.493757155228619 < MAJOR_LINE <= 7.503241907815231,0.08053389032769809
MINOR_COMMIT,0.0,-0.04696127919155774,0.0,3.0,MINOR_COMMIT <= 0.4992984298946273,0.0626704369064451
