feature,value,importance,min,max,rule,importance_ratio
CountDeclClass,22.0,0.13297278317257685,0.0,136.0,CountDeclClass > 12.470673854194736,0.23190507718729908
MINOR_COMMIT,0.0,-0.12131475768036952,0.0,3.0,MINOR_COMMIT <= 0.4992984298946273,0.2115734330935369
CountClassCoupled,43.0,0.04829200136716275,0.0,146.0,CountClassCoupled > 22.548600364051904,0.08422144770818521
MINOR_LINE,5.0,0.038226430027201413,1.0,7.0,4.495537375431375 < MINOR_LINE <= 5.498393013896681,0.0666670501627979
MAJOR_LINE,5.0,0.034576399069100566,0.0,8.0,4.497183416140949 < MAJOR_LINE <= 5.493757155228619,0.06030138125763676
