feature,value,importance,min,max,rule,importance_ratio
Added_lines,565.0,0.1389122553657619,0.0,5928.0,556.1562005161363 < Added_lines <= 3662.7117841695585,0.18062877687675655
CountDeclMethodPrivate,8.0,0.08973459257065454,0.0,92.0,4.4895187897164375 < CountDeclMethodPrivate <= 11.523682935680585,0.11668264730777962
MINOR_COMMIT,0.0,-0.0704792337423118,0.0,3.0,MINOR_COMMIT <= 0.4992984298946273,0.09164474187367165
CountDeclClassMethod,12.0,0.06182685648276031,0.0,105.0,9.466865411321908 < CountDeclClassMethod <= 40.52628629525767,0.08039398277143153
CountDeclClassVariable,0.0,-0.056516543213936156,0.0,133.0,CountDeclClassVariable <= 0.5296863623135011,0.0734889376546093
