feature,value,importance,left,right,rec,rule,min,max
CountDeclMethodPublic,78.0,0.13967640478123136,0.0,71.96116224848815,-1,CountDeclMethodPublic > 71.96116224848815,0.0,143.0
CountClassCoupled,50.0,0.08218498478929898,0.0,38.52109038952732,-1,38.52109038952732 < CountClassCoupled <= 52.51795645356438,0.0,70.0
CountDeclInstanceVariable,21.0,0.024210664285127158,0.0,10.490012821429584,-1,10.490012821429584 < CountDeclInstanceVariable <= 21.475771289759166,0.0,68.0
PercentLackOfCohesion,94.0,0.0008937233380825825,0.0,89.61016607129046,-1,89.61016607129046 < PercentLackOfCohesion <= 99.18496332866201,0.0,100.0
