feature,value,importance,left,right,rec,rule,min,max
CountDeclInstanceVariable,25.0,0.06120823502116779,0.0,21.475771289759166,-1,CountDeclInstanceVariable > 21.475771289759166,0.0,68.0
CountDeclMethodPublic,39.0,0.04635742421530494,0.0,19.495309567525048,-1,19.495309567525048 < CountDeclMethodPublic <= 71.96116224848815,0.0,143.0
CountClassCoupled,6.0,0.016238967247316265,0.0,5.493397659474962,-1,5.493397659474962 < CountClassCoupled <= 9.4837322829943,0.0,70.0
PercentLackOfCohesion,93.0,0.0009768044130009103,0.0,89.61016607129046,-1,89.61016607129046 < PercentLackOfCohesion <= 99.18496332866201,0.0,100.0
