feature,value,importance,min,max,rule,importance_ratio
CountClassCoupled,44.0,0.32413829865594784,0.0,132.0,CountClassCoupled > 35.464692589333026,0.3563973754078394
Del_lines,90.0,0.10155879275629505,0.0,20224.0,6.117765502847519 < Del_lines <= 541.5758170227919,0.11166618489088585
OWN_COMMIT,0.545454545454545,0.0909659604462391,0.0,1.0,0.48523577667359796 < OWN_COMMIT <= 0.9163585933794693,0.10001912667809966
CountDeclMethodDefault,4.0,0.05701685421169056,0.0,82.0,1.5073097577855388 < CountDeclMethodDefault <= 39.50392024684733,0.06269131811735401
CountDeclClassMethod,0.0,-0.05571672693678851,0.0,247.0,CountDeclClassMethod <= 0.48786107726136896,0.061261798833787136
