feature,value,importance,min,max,rule,importance_ratio
CountClassCoupled,17.0,0.13784794896847327,0.0,132.0,14.528794990404752 < CountClassCoupled <= 19.508692962965362,0.19044990990094082
Del_lines,11.0,0.09739277683289502,0.0,20224.0,6.117765502847519 < Del_lines <= 541.5758170227919,0.13455728367107908
OWN_COMMIT,0.666666666666667,0.09391795488658683,0.0,1.0,0.48523577667359796 < OWN_COMMIT <= 0.9163585933794693,0.12975649024942607
CountDeclClassMethod,3.0,0.07513510987724618,0.0,247.0,1.5382515305679796 < CountDeclClassMethod <= 36.01015640726675,0.10380622282447956
CountDeclMethodDefault,0.0,-0.05205748077872787,0.0,82.0,CountDeclMethodDefault <= 0.5004260767643754,0.07192230713745444
