feature,value,importance,min,max,rule,importance_ratio
CountClassCoupled,25.0,0.31372419849993655,0.0,132.0,19.508692962965362 < CountClassCoupled <= 35.464692589333026,0.38711472108603306
OWN_COMMIT,0.5,0.0919753430621752,0.0,1.0,0.48523577667359796 < OWN_COMMIT <= 0.9163585933794693,0.11349143434440348
CountDeclClassMethod,3.0,0.08028970328490788,0.0,247.0,1.5382515305679796 < CountDeclClassMethod <= 36.01015640726675,0.09907213482999384
CountDeclMethodDefault,0.0,-0.05556350971740783,0.0,82.0,CountDeclMethodDefault <= 0.5004260767643754,0.06856166234438485
MINOR_COMMIT,0.0,-0.041782452514141824,0.0,5.0,MINOR_COMMIT <= 0.5016356687429404,0.051556757587208256
