feature,value,importance,min,max,rule,importance_ratio
CountClassCoupled,19.0,0.13945104870264918,0.0,132.0,14.528794990404752 < CountClassCoupled <= 19.508692962965362,0.2022713961812855
Del_lines,40.0,0.09780853400721524,0.0,20224.0,6.117765502847519 < Del_lines <= 541.5758170227919,0.1418696303551594
OWN_COMMIT,0.666666666666667,0.09346703606922745,0.0,1.0,0.48523577667359796 < OWN_COMMIT <= 0.9163585933794693,0.1355723607569403
AvgLineComment,0.0,-0.062427869607139364,0.0,41.0,AvgLineComment <= 0.49672922159592847,0.09055057286076496
CountDeclClassMethod,0.0,-0.05453953308237357,0.0,247.0,CountDeclClassMethod <= 0.48786107726136896,0.07910867366203993
