feature,value,importance,min,max,rule,importance_ratio
CountClassCoupled,42.0,0.3137937497437002,0.0,132.0,CountClassCoupled > 35.464692589333026,0.3342360309004186
Del_lines,326.0,0.10236527549916548,0.0,20224.0,6.117765502847519 < Del_lines <= 541.5758170227919,0.10903392248193058
MAJOR_LINE,9.0,0.09601029176600223,0.0,11.0,MAJOR_LINE > 8.507443078039072,0.1022649395396505
CountDeclClassMethod,2.0,0.07727147299278973,0.0,247.0,1.5382515305679796 < CountDeclClassMethod <= 36.01015640726675,0.08230536923069302
AvgLineComment,0.0,-0.0613525105481959,0.0,41.0,AvgLineComment <= 0.49672922159592847,0.06534935647428952
