feature,value,importance,min,max,rule,importance_ratio
CountClassCoupled,52.0,0.31804053027921847,0.0,132.0,CountClassCoupled > 35.464692589333026,0.3399109168802934
MAJOR_LINE,11.0,0.10247382275730423,0.0,11.0,MAJOR_LINE > 8.507443078039072,0.10952054135705219
Del_lines,1033.0,0.08872587170243385,0.0,20224.0,Del_lines > 748.0174754401199,0.0948271982030091
MINOR_COMMIT,3.0,0.059295281917699415,0.0,5.0,MINOR_COMMIT > 0.5016356687429404,0.06337278341733942
CountDeclClassMethod,0.0,-0.059036278196669206,0.0,247.0,CountDeclClassMethod <= 0.48786107726136896,0.06309596903706689
