feature,value,importance,min,max,rule,importance_ratio
CountClassCoupled,213.0,0.31532867931417313,0.0,132.0,CountClassCoupled > 35.464692589333026,0.3365635074451878
MAJOR_LINE,17.0,0.09628773685564465,0.0,11.0,MAJOR_LINE > 8.507443078039072,0.10277193470184444
CountDeclClassMethod,7.0,0.08054057833460265,0.0,247.0,1.5382515305679796 < CountDeclClassMethod <= 36.01015640726675,0.08596433281905859
Del_lines,669.0,0.06664586583369088,0.0,20224.0,541.5758170227919 < Del_lines <= 748.0174754401199,0.0711339241660288
CountDeclMethodDefault,10.0,0.0538700951110793,0.0,82.0,1.5073097577855388 < CountDeclMethodDefault <= 39.50392024684733,0.05749780894152811
