feature,value,importance,min,max,rule,importance_ratio
CountClassCoupled,30.0,0.30712368682251046,0.0,132.0,19.508692962965362 < CountClassCoupled <= 35.464692589333026,0.361829699379639
Del_lines,49.0,0.09635362781234219,0.0,20224.0,6.117765502847519 < Del_lines <= 541.5758170227919,0.1135164941075528
CountDeclMethodDefault,6.0,0.05882574028744241,0.0,82.0,1.5073097577855388 < CountDeclMethodDefault <= 39.50392024684733,0.0693039997800324
CountDeclClassMethod,0.0,-0.05583068912309507,0.0,247.0,CountDeclClassMethod <= 0.48786107726136896,0.06577545897084137
MINOR_COMMIT,0.0,-0.05384096527027225,0.0,5.0,MINOR_COMMIT <= 0.5016356687429404,0.0634313181103175
