feature,value,importance,min,max,rule,importance_ratio
Del_lines,258.0,0.09893134853937309,0.0,20224.0,6.117765502847519 < Del_lines <= 541.5758170227919,0.18881059483228244
OWN_COMMIT,0.666666666666667,0.09289964715038873,0.0,1.0,0.48523577667359796 < OWN_COMMIT <= 0.9163585933794693,0.1772990856502197
CountDeclClassMethod,0.0,-0.054696465441127814,0.0,247.0,CountDeclClassMethod <= 0.48786107726136896,0.10438826850775852
MINOR_COMMIT,0.0,-0.04585615865779273,0.0,5.0,MINOR_COMMIT <= 0.5016356687429404,0.0875165326332893
MAJOR_LINE,5.0,0.043128062121699444,0.0,11.0,3.500975425350002 < MAJOR_LINE <= 8.507443078039072,0.08230995719138412
