feature,value,importance,min,max,rule,importance_ratio
CountClassCoupled,19.0,0.13498616472274763,0.0,132.0,14.528794990404752 < CountClassCoupled <= 19.508692962965362,0.20913606136977655
Del_lines,70.0,0.10154596970309875,0.0,20224.0,6.117765502847519 < Del_lines <= 541.5758170227919,0.15732667266530553
CountDeclClassMethod,28.0,0.07524356983616062,0.0,247.0,1.5382515305679796 < CountDeclClassMethod <= 36.01015640726675,0.11657597555466015
CountDeclMethodDefault,5.0,0.05641925578737398,0.0,82.0,1.5073097577855388 < CountDeclMethodDefault <= 39.50392024684733,0.08741118739850358
OWN_COMMIT,0.3,0.05487287807337083,0.0,1.0,0.12394271196938178 < OWN_COMMIT <= 0.48523577667359796,0.0850153615361949
