feature,value,importance,min,max,rule,importance_ratio
CountClassCoupled,32.0,0.3050695630246169,0.0,132.0,19.508692962965362 < CountClassCoupled <= 35.464692589333026,0.38688780875977213
Del_lines,131.0,0.09653005266434214,0.0,20224.0,6.117765502847519 < Del_lines <= 541.5758170227919,0.1224189662990377
CountDeclClassMethod,0.0,-0.05825139866690937,0.0,247.0,CountDeclClassMethod <= 0.48786107726136896,0.0738741543534906
MINOR_COMMIT,0.0,-0.05727124568033251,0.0,5.0,MINOR_COMMIT <= 0.5016356687429404,0.07263112886951117
OWN_COMMIT,0.230769230769231,0.04804413285646735,0.0,1.0,0.12394271196938178 < OWN_COMMIT <= 0.48523577667359796,0.060929347065351566
