feature,value,importance,min,max,rule,importance_ratio
CountClassCoupled,26.0,0.30824726573860267,0.0,132.0,19.508692962965362 < CountClassCoupled <= 35.464692589333026,0.33825404690819905
Del_lines,233.0,0.0974055656474599,0.0,20224.0,6.117765502847519 < Del_lines <= 541.5758170227919,0.10688765297783925
CountDeclClassMethod,4.0,0.07747450379864321,0.0,247.0,1.5382515305679796 < CountDeclClassMethod <= 36.01015640726675,0.08501637274641312
CountDeclMethodDefault,11.0,0.059243364699505655,0.0,82.0,1.5073097577855388 < CountDeclMethodDefault <= 39.50392024684733,0.06501049673238529
OWN_COMMIT,0.363636363636364,0.0519213413572726,0.0,1.0,0.12394271196938178 < OWN_COMMIT <= 0.48523577667359796,0.056975700312919556
