feature,value,importance,min,max,rule,importance_ratio
CountClassCoupled,26.0,0.30927827771024713,0.0,132.0,19.508692962965362 < CountClassCoupled <= 35.464692589333026,0.3228617976325136
MAJOR_LINE,9.0,0.10472839361180575,0.0,11.0,MAJOR_LINE > 8.507443078039072,0.10932807074265714
Del_lines,51.0,0.09798721856909137,0.0,20224.0,6.117765502847519 < Del_lines <= 541.5758170227919,0.10229082290048808
CountDeclClassMethod,12.0,0.07857984506278222,0.0,247.0,1.5382515305679796 < CountDeclClassMethod <= 36.01015640726675,0.08203107642245411
CountDeclMethodDefault,25.0,0.05972336635489308,0.0,82.0,1.5073097577855388 < CountDeclMethodDefault <= 39.50392024684733,0.06234642007438691
