feature,value,importance,min,max,rule,importance_ratio
CountClassCoupled,25.0,0.3095167363817759,0.0,132.0,19.508692962965362 < CountClassCoupled <= 35.464692589333026,0.36183598121395416
Del_lines,378.0,0.09809056809237228,0.0,20224.0,6.117765502847519 < Del_lines <= 541.5758170227919,0.11467133366823484
CountDeclClassMethod,12.0,0.0785506455547054,0.0,247.0,1.5382515305679796 < CountDeclClassMethod <= 36.01015640726675,0.09182847506578272
CountDeclMethodDefault,10.0,0.06009813787557223,0.0,82.0,1.5073097577855388 < CountDeclMethodDefault <= 39.50392024684733,0.07025684278512426
MINOR_COMMIT,0.0,-0.05682119504492052,0.0,5.0,MINOR_COMMIT <= 0.5016356687429404,0.06642598104119464
