feature,value,importance,min,max,rule,importance_ratio
CountClassCoupled,62.0,0.31567981843271287,0.0,132.0,CountClassCoupled > 35.464692589333026,0.34267746474307054
Del_lines,199.0,0.10202324676865619,0.0,20224.0,6.117765502847519 < Del_lines <= 541.5758170227919,0.11074850372480087
MAJOR_LINE,15.0,0.08632910907507944,0.0,11.0,MAJOR_LINE > 8.507443078039072,0.09371216816535849
CountDeclClassMethod,12.0,0.07690080848655224,0.0,247.0,1.5382515305679796 < CountDeclClassMethod <= 36.01015640726675,0.08347753815779987
CountDeclMethodDefault,16.0,0.054070430113795295,0.0,82.0,1.5073097577855388 < CountDeclMethodDefault <= 39.50392024684733,0.05869465460590456
