feature,value,importance,min,max,rule,importance_ratio
CountClassCoupled,27.0,0.3050170072425464,0.0,132.0,19.508692962965362 < CountClassCoupled <= 35.464692589333026,0.36063095459641714
Del_lines,214.0,0.09741119834735937,0.0,20224.0,6.117765502847519 < Del_lines <= 541.5758170227919,0.11517224487241307
CountDeclClassMethod,2.0,0.07741785639833332,0.0,247.0,1.5382515305679796 < CountDeclClassMethod <= 36.01015640726675,0.09153350401060806
CountDeclMethodDefault,2.0,0.05933991345117703,0.0,82.0,1.5073097577855388 < CountDeclMethodDefault <= 39.50392024684733,0.07015939808415285
MINOR_COMMIT,0.0,-0.054320137015811724,0.0,5.0,MINOR_COMMIT <= 0.5016356687429404,0.06422436257871669
