feature,value,importance,min,max,rule,importance_ratio
CountClassCoupled,69.0,0.32316412253091725,0.0,132.0,CountClassCoupled > 35.464692589333026,0.34677561108820415
Del_lines,150.0,0.10217785920543064,0.0,20224.0,6.117765502847519 < Del_lines <= 541.5758170227919,0.10964332701337484
MAJOR_LINE,9.0,0.09991590813157837,0.0,11.0,MAJOR_LINE > 8.507443078039072,0.10721610997039478
CountDeclClassMethod,2.0,0.07818650135038169,0.0,247.0,1.5382515305679796 < CountDeclClassMethod <= 36.01015640726675,0.08389907757174803
MINOR_COMMIT,0.0,-0.056652254702208533,0.0,5.0,MINOR_COMMIT <= 0.5016356687429404,0.06079146438046645
