feature,value,importance,min,max,rule,importance_ratio
CountClassCoupled,23.0,0.3080862610429276,0.0,132.0,19.508692962965362 < CountClassCoupled <= 35.464692589333026,0.3400314296399331
Del_lines,37.0,0.09557436775798396,0.0,20224.0,6.117765502847519 < Del_lines <= 541.5758170227919,0.10548438218461102
OWN_COMMIT,0.5,0.09265535816635391,0.0,1.0,0.48523577667359796 < OWN_COMMIT <= 0.9163585933794693,0.10226270329112624
CountDeclClassMethod,3.0,0.0770085435734389,0.0,247.0,1.5382515305679796 < CountDeclClassMethod <= 36.01015640726675,0.0849934855164377
CountDeclMethodDefault,0.0,-0.051986613188554555,0.0,82.0,CountDeclMethodDefault <= 0.5004260767643754,0.05737705519487397
