feature,value,importance,min,max,rule,importance_ratio
Del_lines,93.0,0.0986631657640633,0.0,20224.0,6.117765502847519 < Del_lines <= 541.5758170227919,0.16586580995157688
OWN_COMMIT,0.5,0.09236897363713727,0.0,1.0,0.48523577667359796 < OWN_COMMIT <= 0.9163585933794693,0.15528444184891577
CountDeclClassMethod,9.0,0.07632449968185365,0.0,247.0,1.5382515305679796 < CountDeclClassMethod <= 36.01015640726675,0.1283115624847568
CountDeclMethodDefault,0.0,-0.05052987247182906,0.0,82.0,CountDeclMethodDefault <= 0.5004260767643754,0.08494738800832746
MAJOR_LINE,8.0,0.0437371212750472,0.0,11.0,3.500975425350002 < MAJOR_LINE <= 8.507443078039072,0.07352787627536676
