feature,value,importance,min,max,rule,importance_ratio
Del_lines,8.0,0.09860612479821794,0.0,20224.0,6.117765502847519 < Del_lines <= 541.5758170227919,0.17253858560664762
OWN_COMMIT,0.5,0.09374003709579933,0.0,1.0,0.48523577667359796 < OWN_COMMIT <= 0.9163585933794693,0.1640240243526556
CountDeclClassMethod,2.0,0.07527609918350506,0.0,247.0,1.5382515305679796 < CountDeclClassMethod <= 36.01015640726675,0.1317162773578788
CountDeclMethodDefault,0.0,-0.050248777535402585,0.0,82.0,CountDeclMethodDefault <= 0.5004260767643754,0.08792408201988419
CountInput_Mean,1.6,0.0463360724256766,0.0,45.0,CountInput_Mean <= 1.8343438166297044,0.08107772631014003
