feature,value,importance,min,max,rule,importance_ratio
CountClassCoupled,38.0,0.31362530148209566,0.0,132.0,CountClassCoupled > 35.464692589333026,0.306380380879677
CountDeclMethodDefault,47.0,0.1431040284598508,0.0,82.0,CountDeclMethodDefault > 39.50392024684733,0.13979824503237095
Del_lines,34.0,0.10165951404579851,0.0,20224.0,6.117765502847519 < Del_lines <= 541.5758170227919,0.0993111221773436
CountDeclClassMethod,6.0,0.07601833723012602,0.0,247.0,1.5382515305679796 < CountDeclClassMethod <= 36.01015640726675,0.074262270946706
AvgLineComment,0.0,-0.06259363103529222,0.0,41.0,AvgLineComment <= 0.49672922159592847,0.0611476830045538
