feature,value,importance,min,max,rule,importance_ratio
CountClassCoupled,28.0,0.3092172698839505,0.0,132.0,19.508692962965362 < CountClassCoupled <= 35.464692589333026,0.3535188801438044
Del_lines,115.0,0.09725979530170709,0.0,20224.0,6.117765502847519 < Del_lines <= 541.5758170227919,0.11119422253155256
CountDeclClassMethod,9.0,0.07718789561064722,0.0,247.0,1.5382515305679796 < CountDeclClassMethod <= 36.01015640726675,0.08824661839610012
CountDeclMethodDefault,8.0,0.05947090162015556,0.0,82.0,1.5073097577855388 < CountDeclMethodDefault <= 39.50392024684733,0.0679913076969799
MINOR_COMMIT,0.0,-0.05221434051326749,0.0,5.0,MINOR_COMMIT <= 0.5016356687429404,0.05969509785991315
