feature,value,importance,min,max,rule,importance_ratio
CountClassCoupled,45.0,0.3204281828490786,0.0,132.0,CountClassCoupled > 35.464692589333026,0.3610259539557798
Del_lines,55.0,0.10158872322996948,0.0,20224.0,6.117765502847519 < Del_lines <= 541.5758170227919,0.1144598623914547
CountDeclClassMethod,2.0,0.07774903923445681,0.0,247.0,1.5382515305679796 < CountDeclClassMethod <= 36.01015640726675,0.0875997261201765
MINOR_COMMIT,0.0,-0.0550364985847732,0.0,5.0,MINOR_COMMIT <= 0.5016356687429404,0.062009540569383174
OWN_COMMIT,0.454545454545455,0.05032004166641445,0.0,1.0,0.12394271196938178 < OWN_COMMIT <= 0.48523577667359796,0.0566955156196995
