feature,value,importance,left,right,rec,rule,min,max
OWN_COMMIT,0.0,0.3307013725216821,0.333333333333333,0.333333333333333,-1,OWN_COMMIT <= 0.5145864139598059,0.333333333333333,1.0
ADEV,0.0,-0.037674904964220685,2.508258838423875,23.0,1,ADEV <= 2.508258838423875,1.0,23.0
CountDeclInstanceVariable,0.0,-0.007450653900534288,0.5180971424805096,68.0,1,CountDeclInstanceVariable <= 0.5180971424805096,0.0,68.0
