feature,value,importance,left,right,rec,rule,min,max
OWN_COMMIT,0.6,0.2909387275064775,0.333333333333333,0.5145864139598059,-1,0.5145864139598059 < OWN_COMMIT <= 0.6568210184374299,0.333333333333333,1.0
ADEV,5.0,0.03479474175585398,1.0,4.494591233769761,-1,4.494591233769761 < ADEV <= 5.497789413237381,1.0,23.0
CountDeclClassVariable,1.0,-0.014203548492929458,1.499011836653526,23.0,1,0.4984295886989145 < CountDeclClassVariable <= 1.499011836653526,0.0,23.0
