feature,value,importance,left,right,rec,rule,min,max
ADEV,5.0,0.047719343033613824,1.0,4.494591233769761,-1,4.494591233769761 < ADEV <= 5.497789413237381,1.0,23.0
CountDeclClassVariable,3.0,-0.002631834103820007,4.5007585805173616,23.0,1,2.4995940846081375 < CountDeclClassVariable <= 4.5007585805173616,0.0,23.0
CountDeclInstanceVariable,15.0,-0.0005500740017181497,15.518730650170907,68.0,1,13.48474644573831 < CountDeclInstanceVariable <= 15.518730650170907,0.0,68.0
