feature,value,importance,left,right,rec,rule,min,max
ADEV,22.0,0.12574193629177913,1.0,13.001711795655172,-1,ADEV > 13.001711795655172,1.0,23.0
OWN_COMMIT,0.818181818181818,0.050340310405546616,0.333333333333333,0.788684349671894,-1,0.788684349671894 < OWN_COMMIT <= 0.9368453960027526,0.333333333333333,1.0
CountDeclClassVariable,5.0,-0.027322593723767514,18.492771628527816,23.0,1,4.5007585805173616 < CountDeclClassVariable <= 18.492771628527816,0.0,23.0
