feature,value,importance,min,max,rule,importance_ratio
CountDeclClass,4.0,0.09188598242461059,1.0,23.0,3.501103361333754 < CountDeclClass <= 4.505765143789648,0.14063198543733146
CountInput_Mean,4.63636363636364,0.08328197989745047,0.0,54.25,4.505654571408536 < CountInput_Mean <= 4.954118514631594,0.12746351374911605
CountLineComment,200.0,0.06709372703713433,16.0,1660.0,162.71438374811135 < CountLineComment <= 299.70030732394997,0.10268730653627285
CountClassCoupled,19.0,0.05849843170121369,0.0,57.0,9.520684688706993 < CountClassCoupled <= 27.481650794907907,0.08953216125061937
RatioCommentToCode,0.58,0.05336502437660266,0.17,15.6,0.23092925542923726 < RatioCommentToCode <= 0.8494220958511125,0.0816754540024719
