feature,value,importance,min,max,rule,importance_ratio
CountDeclMethodProtected,39.0,0.1919638969108223,0.0,41.0,CountDeclMethodProtected > 35.992793397579746,0.2695358278070234
CountDeclMethodPrivate,10.0,0.12059674110409058,0.0,35.0,9.50662890126653 < CountDeclMethodPrivate <= 27.50246072787311,0.16932945708755198
CountClassBase,8.0,0.07896719335459115,0.0,12.0,CountClassBase > 3.497297142717322,0.11087755652467719
MAJOR_LINE,11.0,0.07487782375092636,0.0,8.0,MAJOR_LINE > 6.499009783459988,0.10513568714678725
CountLineComment,1868.0,0.053712676091212865,16.0,1660.0,CountLineComment > 316.7171922402032,0.07541777827474068
