"Rule ID","Antecedent","Consequent","Antecedent Coverage %","Antecedent Coverage","Support %","Support","Confidence","Leverage","Lift","p-value","Consequent Coverage %","Consequent Coverage"
"b'000000'","b'CountInput_Mean <= 0.41'","b'target = 0'",0.19866,445,0.19866,445,1,0.00789,1.04138,1.76065e-09,0.96027,2151
"b'000001'","b'2.08 < CountClassCoupled <= 3.72'","b'target = 0'",0.19152,429,0.19107,428,0.99767,0.00716,1.03895,9.16359e-08,0.96027,2151
"b'000002'","b'-9.8 < Del_lines <= 2.2'","b'target = 0'",0.4558,1021,0.45402,1017,0.99608,0.01632,1.0373,1.12034e-18,0.96027,2151
"b'000003'","b'0.484 < OWN_COMMIT <= 0.5135'","b'target = 0'",0.27187,609,0.2692,603,0.99015,0.00812,1.03112,7.15726e-07,0.96027,2151
"b'000004'","b'-0.24 < CountDeclInstanceVariable <= 0.32'","b'target = 0'",0.37902,849,0.37411,838,0.98704,0.01015,1.02788,4.75484e-08,0.96027,2151
"b'000005'","b'0.91 < AvgCyclomaticModified <= 1.036'","b'target = 0'",0.48036,1076,0.47232,1058,0.98327,0.01105,1.02396,2.83111e-08,0.96027,2151
"b'000006'","b'-0.014 < CountDeclMethodPrivate <= 0.12'","b'target = 0'",0.75089,1682,0.73304,1642,0.97622,0.01198,1.01661,5.16438e-10,0.96027,2151
"b'000007'","b'-0.102 < MINOR_COMMIT <= 0.027'","b'target = 0'",0.97545,2185,0.94732,2122,0.97117,0.01063,1.01135,1.19366e-23,0.96027,2151
