"Rule ID","Antecedent","Consequent","Antecedent Coverage %","Antecedent Coverage","Support %","Support","Confidence","Leverage","Lift","p-value","Consequent Coverage %","Consequent Coverage"
"b'000000'","b'CountInput_Mean <= 0.58'","b'target = 0'",0.19866,445,0.19866,445,1,0.00745,1.03896,5.60005e-09,0.9625,2156
"b'000001'","b'CountClassCoupled <= 0.56'","b'target = 0'",0.20313,455,0.20268,454,0.9978,0.00717,1.03668,8.12388e-08,0.9625,2156
"b'000002'","b'0.487 < OWN_COMMIT <= 0.509'","b'target = 0'",0.33036,740,0.32857,736,0.99459,0.0106,1.03335,1.66136e-10,0.9625,2156
"b'000003'","b'24.6 < CountLineComment <= 40.8'","b'target = 0'",0.24286,544,0.24107,540,0.99265,0.00732,1.03132,1.21568e-06,0.9625,2156
"b'000004'","b'-8.6 < Del_lines <= 0.9'","b'target = 0'",0.39375,882,0.39018,874,0.99093,0.01119,1.02954,4.94789e-10,0.9625,2156
"b'000005'","b'-0.21 < CountDeclInstanceVariable <= 0.255'","b'target = 0'",0.39955,895,0.39375,882,0.98547,0.00918,1.02387,6.99475e-07,0.9625,2156
"b'000006'","b'0.894 < AvgCyclomaticModified <= 1.056'","b'target = 0'",0.4433,993,0.43661,978,0.98489,0.00993,1.02327,1.77905e-07,0.9625,2156
