feature,value,importance,min,max,rule,importance_ratio
Added_lines,115.0,0.22430206876308814,0.0,10080.0,14.469711558006416 < Added_lines <= 1320.5590427581683,0.14869000585961606
MAJOR_LINE,6.0,0.2235963828699454,0.0,12.0,4.497171535648503 < MAJOR_LINE <= 7.503675252679776,0.1482222061635853
CountLineComment,1035.0,0.20753862893559263,15.0,3419.0,CountLineComment > 430.39806709852445,0.13757750930564844
CountDeclMethodPrivate,17.0,0.08105988938652173,0.0,153.0,15.50985379049164 < CountDeclMethodPrivate <= 43.48132001163548,0.05373466011404524
CountDeclClassMethod,0.0,-0.0755095826416139,0.0,62.0,CountDeclClassMethod <= 0.5091623020545092,0.05005535770290841
