feature,value,importance,min,max,rule,importance_ratio
Added_lines,288.0,0.23906032528513788,0.0,10080.0,14.469711558006416 < Added_lines <= 1320.5590427581683,0.1797739920308615
OWN_LINE,0.553787396562699,0.19745819767158274,0.252747252747253,1.0,OWN_LINE <= 0.6736697687357529,0.14848908288022922
MAJOR_LINE,6.0,0.1965791872470606,0.0,12.0,4.497171535648503 < MAJOR_LINE <= 7.503675252679776,0.1478280647340161
CountLineComment,387.0,0.125322286875527,15.0,3419.0,254.46825531408285 < CountLineComment <= 430.39806709852445,0.0942426886401086
MaxInheritanceTree,3.0,0.08453978142268849,0.0,7.0,2.493358591394463 < MaxInheritanceTree <= 3.505949893117027,0.06357413750544252
