feature,value,importance,min,max,rule,importance_ratio
MAJOR_LINE,5.0,0.2330892684510996,0.0,12.0,4.497171535648503 < MAJOR_LINE <= 7.503675252679776,0.20795920134553358
Added_lines,0.0,-0.1821723777195025,0.0,10080.0,Added_lines <= 2.0010783245919797,0.1625318163702268
CountLineComment,285.0,0.1080550191450104,15.0,3419.0,254.46825531408285 < CountLineComment <= 430.39806709852445,0.09640527696575169
CountDeclInstanceVariable,21.0,0.0953092339945414,0.0,1114.0,17.474832958593538 < CountDeclInstanceVariable <= 21.485480801487,0.08503365390465237
OWN_LINE,0.921219822109276,-0.07930477705114343,0.252747252747253,1.0,0.818125123478282 < OWN_LINE <= 0.9786310731922031,0.07075468642564864
