feature,value,importance,min,max,rule,importance_ratio
Added_lines,0.0,-0.18651887238727854,0.0,10080.0,Added_lines <= 2.0010783245919797,0.16827664954111216
OWN_LINE,0.76890756302521,0.14026957791348324,0.252747252747253,1.0,0.767298239402207 < OWN_LINE <= 0.818125123478282,0.12655070396746004
MaxInheritanceTree,1.0,-0.11943369051498341,0.0,7.0,0.4959182153937882 < MaxInheritanceTree <= 1.4946384033941256,0.10775264199786298
MAJOR_LINE,3.0,0.09525400615893481,0.0,12.0,2.492835724294319 < MAJOR_LINE <= 4.497171535648503,0.08593781855228108
MINOR_COMMIT,0.0,0.06705816615500695,0.0,6.0,MINOR_COMMIT <= 0.49897740704811133,0.060499634061187996
