feature,value,importance,min,max,rule,importance_ratio
Added_lines,27.0,0.2283796277866039,0.0,10080.0,14.469711558006416 < Added_lines <= 1320.5590427581683,0.22925077384102602
CountClassDerived,19.0,0.09628495669534867,0.0,146.0,7.510151647074075 < CountClassDerived <= 45.48828422583489,0.09665223227477879
MAJOR_LINE,4.0,0.0864295446810173,0.0,12.0,2.492835724294319 < MAJOR_LINE <= 4.497171535648503,0.08675922713809145
MINOR_COMMIT,0.0,0.06388497717317625,0.0,6.0,MINOR_COMMIT <= 0.49897740704811133,0.06412866417074532
OWN_LINE,0.859778597785978,-0.0627809353353284,0.252747252747253,1.0,0.818125123478282 < OWN_LINE <= 0.9786310731922031,0.06302041100415384
