feature,value,importance,min,max,rule,importance_ratio
Added_lines,108.0,0.2594429457387758,0.0,10080.0,14.469711558006416 < Added_lines <= 1320.5590427581683,0.19363724710668107
OWN_LINE,0.702637889688249,0.22913946722186765,0.252747252747253,1.0,0.6816950662214489 < OWN_LINE <= 0.767298239402207,0.17102001177942452
MaxInheritanceTree,3.0,0.12075595986398642,0.0,7.0,2.493358591394463 < MaxInheritanceTree <= 3.505949893117027,0.09012714365080711
CountClassCoupled,15.0,-0.06824711010899302,0.0,128.0,11.482558914251676 < CountClassCoupled <= 16.508344142878215,0.050936757932890056
CountDeclClassVariable,0.0,-0.0654726347192015,0.0,321.0,CountDeclClassVariable <= 0.438177004018415,0.048866006789070576
