feature,value,importance,min,max,rule,importance_ratio
Added_lines,0.0,-0.18318984461268034,0.0,10080.0,Added_lines <= 2.0010783245919797,0.19852202673115604
OWN_LINE,0.786179921773142,0.12846768021952024,0.252747252747253,1.0,0.767298239402207 < OWN_LINE <= 0.818125123478282,0.13921985850553992
MaxInheritanceTree,3.0,0.08502447514925807,0.0,7.0,2.493358591394463 < MaxInheritanceTree <= 3.505949893117027,0.09214064875742106
CountDeclInstanceVariable,23.0,0.06984504549207637,0.0,1114.0,CountDeclInstanceVariable > 21.485480801487,0.07569076777991333
MAJOR_LINE,2.0,0.06066421516059179,0.0,12.0,1.505625548552707 < MAJOR_LINE <= 2.492835724294319,0.06574154243756578
