feature,value,importance,min,max,rule,importance_ratio
Added_lines,145.0,0.24964075769417512,0.0,10080.0,14.469711558006416 < Added_lines <= 1320.5590427581683,0.1756386026577398
MAJOR_LINE,5.0,0.23133056755260317,0.0,12.0,4.497171535648503 < MAJOR_LINE <= 7.503675252679776,0.16275618617828422
CountLineComment,916.0,0.15877793148273456,15.0,3419.0,CountLineComment > 430.39806709852445,0.11171066085561937
OWN_LINE,0.88031565103025,-0.12827871094671528,0.252747252747253,1.0,0.818125123478282 < OWN_LINE <= 0.9786310731922031,0.09025246417902093
CountDeclMethodPublic,26.0,0.07806393661917617,0.0,205.0,23.55408671781892 < CountDeclMethodPublic <= 46.44782433188537,0.054923085766913564
