feature,value,importance,min,max,rule,importance_ratio
MAJOR_LINE,6.0,0.1949511953205092,0.0,12.0,4.497171535648503 < MAJOR_LINE <= 7.503675252679776,0.1652670396196587
Added_lines,0.0,-0.18524851688382363,0.0,10080.0,Added_lines <= 2.0010783245919797,0.1570417351326755
OWN_LINE,0.598480050664978,0.12234601034593165,0.252747252747253,1.0,OWN_LINE <= 0.6736697687357529,0.10371705034127127
CountDeclClassVariable,7.0,0.10954349707096708,0.0,321.0,4.5260875082807965 < CountDeclClassVariable <= 57.5229272599681,0.09286390596754099
MINOR_COMMIT,0.0,-0.09513060408629902,0.0,6.0,MINOR_COMMIT <= 0.49897740704811133,0.0806455856232366
