feature,value,importance,min,max,rule,importance_ratio
Added_lines,27.0,0.25274346934621333,0.0,10080.0,14.469711558006416 < Added_lines <= 1320.5590427581683,0.2073299978316692
OWN_LINE,0.720081135902637,0.1746476274691423,0.252747252747253,1.0,0.6816950662214489 < OWN_LINE <= 0.767298239402207,0.1432665790263512
CountLineComment,281.0,0.14473215929195668,15.0,3419.0,254.46825531408285 < CountLineComment <= 430.39806709852445,0.1187263843049868
MaxInheritanceTree,1.0,-0.12314551066678342,0.0,7.0,0.4959182153937882 < MaxInheritanceTree <= 1.4946384033941256,0.10101846953976112
MAJOR_LINE,4.0,0.08619033133868799,0.0,12.0,2.492835724294319 < MAJOR_LINE <= 4.497171535648503,0.07070347358840177
