feature,value,importance,min,max,rule,importance_ratio
Added_lines,68.0,0.22629331507891848,0.0,10080.0,14.469711558006416 < Added_lines <= 1320.5590427581683,0.2180046531343639
MaxInheritanceTree,4.0,0.18104738182634736,0.0,7.0,3.505949893117027 < MaxInheritanceTree <= 4.504670081117364,0.1744159860054768
OWN_LINE,0.928042328042328,-0.08712100309943276,0.252747252747253,1.0,0.818125123478282 < OWN_LINE <= 0.9786310731922031,0.08392993869388522
CountDeclClassVariable,6.0,0.07620055529762997,0.0,321.0,4.5260875082807965 < CountDeclClassVariable <= 57.5229272599681,0.07340948459088317
MAJOR_LINE,0.0,-0.07331861069965985,0.0,12.0,MAJOR_LINE <= 0.5034576428756157,0.07063309973738531
