feature,value,importance,min,max,rule,importance_ratio
MaxInheritanceTree,4.0,0.1803246930984617,0.0,7.0,3.505949893117027 < MaxInheritanceTree <= 4.504670081117364,0.1647564377305141
MAJOR_LINE,5.0,0.17782903139674325,0.0,12.0,4.497171535648503 < MAJOR_LINE <= 7.503675252679776,0.162476237915999
CountDeclMethodPublic,53.0,0.12126946206622141,0.0,205.0,CountDeclMethodPublic > 46.44782433188537,0.1107997148489077
CountLineComment,478.0,0.09404915519679806,15.0,3419.0,CountLineComment > 430.39806709852445,0.08592946154816387
OWN_LINE,0.943973941368078,-0.08552699475614849,0.252747252747253,1.0,0.818125123478282 < OWN_LINE <= 0.9786310731922031,0.07814305818962512
