feature,value,importance,min,max,rule,importance_ratio
MaxInheritanceTree,4.0,0.1900760464077659,0.0,7.0,3.505949893117027 < MaxInheritanceTree <= 4.504670081117364,0.19359302321310257
Added_lines,0.0,-0.18925225718921285,0.0,10080.0,Added_lines <= 2.0010783245919797,0.192753991423858
OWN_LINE,0.57593984962406,0.18837444271996112,0.252747252747253,1.0,OWN_LINE <= 0.6736697687357529,0.19185993475478103
MAJOR_LINE,0.0,-0.0794859687217437,0.0,12.0,MAJOR_LINE <= 0.5034576428756157,0.0809566974833488
RatioCommentToCode,0.24,-0.056586415231422445,0.05,29.08,RatioCommentToCode <= 0.3158916615634513,0.05763343358869154
