feature,value,importance,min,max,rule,importance_ratio
MAJOR_LINE,9.0,0.24761802637821262,0.0,12.0,MAJOR_LINE > 7.503675252679776,0.19013838004409023
Added_lines,61.0,0.22294207074851422,0.0,10080.0,14.469711558006416 < Added_lines <= 1320.5590427581683,0.1711904613561981
OWN_LINE,0.53230543318649,0.19368354918702113,0.252747252747253,1.0,OWN_LINE <= 0.6736697687357529,0.14872372913335832
CountLineComment,620.0,0.15744664595569166,15.0,3419.0,CountLineComment > 430.39806709852445,0.12089850905953543
MaxInheritanceTree,3.0,0.06871151244284354,0.0,7.0,2.493358591394463 < MaxInheritanceTree <= 3.505949893117027,0.05276148856104103
