feature,value,importance,min,max,rule,importance_ratio
MaxInheritanceTree,4.0,0.1859893605218392,0.0,7.0,3.505949893117027 < MaxInheritanceTree <= 4.504670081117364,0.20757760155422675
Added_lines,0.0,-0.17268468973093976,0.0,10080.0,Added_lines <= 2.0010783245919797,0.19272862500796245
OWN_LINE,0.802777777777778,0.15740909123311592,0.252747252747253,1.0,0.767298239402207 < OWN_LINE <= 0.818125123478282,0.17567995034406259
CountDeclMethodPrivate,2.0,0.03856475089267319,0.0,153.0,1.5241206799197182 < CountDeclMethodPrivate <= 15.50985379049164,0.04304105607103984
RatioCommentToCode,0.83,0.03784462413432687,0.05,29.08,0.3158916615634513 < RatioCommentToCode <= 0.8902967105398505,0.04223734243444719
