feature,value,importance,min,max,rule,importance_ratio
Added_lines,0.0,-0.1795351524179156,0.0,10080.0,Added_lines <= 2.0010783245919797,0.24443302295429492
OWN_LINE,0.774305555555556,0.15779002265589598,0.252747252747253,1.0,0.767298239402207 < OWN_LINE <= 0.818125123478282,0.21482752380451695
MAJOR_LINE,2.0,0.049295561998103046,0.0,12.0,1.505625548552707 < MAJOR_LINE <= 2.492835724294319,0.06711478546206302
CountLineComment,91.0,0.04129195041132316,15.0,3419.0,78.53844352964126 < CountLineComment <= 252.3227698045165,0.056218050486425974
CountDeclMethodPrivate,3.0,0.03999142570587018,0.0,153.0,1.5241206799197182 < CountDeclMethodPrivate <= 15.50985379049164,0.054447415705997905
