feature,value,importance,min,max,rule,importance_ratio
Added_lines,0.0,-0.1803083307892725,0.0,10080.0,Added_lines <= 2.0010783245919797,0.17261307648689198
CountLineComment,617.0,0.1537921124871105,15.0,3419.0,CountLineComment > 430.39806709852445,0.1472285254908349
OWN_LINE,0.674705882352941,0.14609269347090695,0.252747252747253,1.0,0.6736697687357529 < OWN_LINE <= 0.6816950662214489,0.13985770464339548
MaxInheritanceTree,1.0,-0.1260664451399014,0.0,7.0,0.4959182153937882 < MaxInheritanceTree <= 1.4946384033941256,0.12068614268741835
MAJOR_LINE,4.0,0.06619746874517438,0.0,12.0,2.492835724294319 < MAJOR_LINE <= 4.497171535648503,0.06337227284913255
