feature,value,importance,min,max,rule,importance_ratio
MAJOR_LINE,10.0,0.22700459266129763,0.0,12.0,MAJOR_LINE > 7.503675252679776,0.15774122231074544
Added_lines,111.0,0.21566842494880561,0.0,10080.0,14.469711558006416 < Added_lines <= 1320.5590427581683,0.14986393255936076
OWN_LINE,0.747337131533317,0.20925159763630571,0.252747252747253,1.0,0.6816950662214489 < OWN_LINE <= 0.767298239402207,0.1454049999370549
CountLineComment,1279.0,0.1855790661048005,15.0,3419.0,CountLineComment > 430.39806709852445,0.1289554029699098
MaxInheritanceTree,1.0,-0.12229756240259243,0.0,7.0,0.4959182153937882 < MaxInheritanceTree <= 1.4946384033941256,0.08498227614184571
