feature,value,importance,min,max,rule,importance_ratio
AvgEssential,11.0,0.2016202616903909,0.0,11.0,AvgEssential > 9.501275068290495,0.16287024773343664
Added_lines,0.0,-0.16099213360740125,0.0,10080.0,Added_lines <= 2.0010783245919797,0.13005056368807222
MaxInheritanceTree,1.0,-0.12648004583329572,0.0,7.0,0.4959182153937882 < MaxInheritanceTree <= 1.4946384033941256,0.10217145948277018
CountInput_Mean,22.75,0.07430094948422986,0.0,337.0,4.993966497728917 < CountInput_Mean <= 23.690062278538626,0.06002082304559782
CountDeclMethodPrivate,1.0,0.070494417858788,0.0,153.0,0.4813247900963733 < CountDeclMethodPrivate <= 1.5241206799197182,0.05694588036055704
