feature,value,importance,min,max,rule,importance_ratio
Added_lines,66.0,0.22092149356865362,0.0,10080.0,14.469711558006416 < Added_lines <= 1320.5590427581683,0.16468880505346117
MaxInheritanceTree,4.0,0.2104792910995651,0.0,7.0,3.505949893117027 < MaxInheritanceTree <= 4.504670081117364,0.1569045292051446
CountLineComment,929.0,0.14478859760944007,15.0,3419.0,CountLineComment > 430.39806709852445,0.10793454607102325
CountDeclMethodPrivate,56.0,0.11988806529602493,0.0,153.0,CountDeclMethodPrivate > 43.48132001163548,0.08937211990936479
CountDeclClass,11.0,-0.09941943888359824,1.0,13.0,9.501356843591719 < CountDeclClass <= 11.497116347383653,0.07411351573058801
