feature,value,importance,min,max,rule,importance_ratio
MaxInheritanceTree,4.0,0.19360197773806243,0.0,7.0,3.505949893117027 < MaxInheritanceTree <= 4.504670081117364,0.21640123782938292
Added_lines,0.0,-0.18482106820334182,0.0,10080.0,Added_lines <= 2.0010783245919797,0.2065862570384724
CountLineComment,261.0,0.10917182396031375,15.0,3419.0,254.46825531408285 < CountLineComment <= 430.39806709852445,0.1220282877123661
OWN_LINE,0.995402298850575,-0.04427166971360115,0.252747252747253,1.0,0.9786310731922031 < OWN_LINE <= 1.0000318664873926,0.04948525959667075
CountDeclMethodPrivate,6.0,0.04096494678203773,0.0,153.0,1.5241206799197182 < CountDeclMethodPrivate <= 15.50985379049164,0.045789125167107814
