feature,value,importance,min,max,rule,importance_ratio
MaxInheritanceTree,4.0,0.2328278642559189,0.0,7.0,3.505949893117027 < MaxInheritanceTree <= 4.504670081117364,0.2297907377864977
OWN_LINE,0.5,0.1997604542991917,0.252747252747253,1.0,OWN_LINE <= 0.6736697687357529,0.1971546761410035
Added_lines,0.0,-0.1848392590932593,0.0,10080.0,Added_lines <= 2.0010783245919797,0.18242812068345415
MAJOR_LINE,0.0,-0.09139851829135802,0.0,12.0,MAJOR_LINE <= 0.5034576428756157,0.09020626898711047
CountLineComment,174.0,0.035395576114509206,15.0,3419.0,78.53844352964126 < CountLineComment <= 252.3227698045165,0.0349338580058913
