feature,value,importance,min,max,rule,importance_ratio
Added_lines,40.0,0.21551262630542928,0.0,10080.0,14.469711558006416 < Added_lines <= 1320.5590427581683,0.25295223965472374
MaxInheritanceTree,4.0,0.19617058951623484,0.0,7.0,3.505949893117027 < MaxInheritanceTree <= 4.504670081117364,0.2302500360335917
OWN_LINE,0.997695852534562,-0.04749372595179291,0.252747252747253,1.0,0.9786310731922031 < OWN_LINE <= 1.0000318664873926,0.05574450348921872
RatioCommentToCode,0.4,0.042751347344613284,0.05,29.08,0.3158916615634513 < RatioCommentToCode <= 0.8902967105398505,0.05017826214855294
OWN_COMMIT,1.0,-0.03855254886179113,0.0,1.0,OWN_COMMIT > 0.9396574894715668,0.04525003358813674
