feature,value,importance,min,max,rule,importance_ratio
CountLineComment,662.0,0.15994638173599238,15.0,3419.0,CountLineComment > 430.39806709852445,0.13844660441737286
CountDeclMethodDefault,45.0,0.13719205251929947,0.0,98.0,20.486715834534593 < CountDeclMethodDefault <= 61.99939557279838,0.11875088150289034
OWN_LINE,0.920272673384707,-0.09590513922769403,0.252747252747253,1.0,0.818125123478282 < OWN_LINE <= 0.9786310731922031,0.08301369951691606
CountDeclInstanceVariable,35.0,0.09444585494970491,0.0,1114.0,CountDeclInstanceVariable > 21.485480801487,0.0817505702671358
MINOR_COMMIT,0.0,0.09441125509533715,0.0,6.0,MINOR_COMMIT <= 0.49897740704811133,0.08172062127861503
