feature,value,importance,min,max,rule,importance_ratio
Added_lines,0.0,-0.1795986248937753,0.0,10080.0,Added_lines <= 2.0010783245919797,0.18676004218719958
MaxInheritanceTree,1.0,-0.1272040277715086,0.0,7.0,0.4959182153937882 < MaxInheritanceTree <= 1.4946384033941256,0.13227623322305312
OWN_LINE,0.804945054945055,0.08734785570377442,0.252747252747253,1.0,0.767298239402207 < OWN_LINE <= 0.818125123478282,0.09083081357581
CountLineComment,112.0,0.049706754642752086,15.0,3419.0,78.53844352964126 < CountLineComment <= 252.3227698045165,0.05168878993121347
PercentLackOfCohesion,60.0,-0.04825320139242521,0.0,100.0,58.44865951908631 < PercentLackOfCohesion <= 71.36852051107847,0.05017727687529254
