feature,value,importance,min,max,rule,importance_ratio
Added_lines,0.0,-0.19719585170452225,0.0,10080.0,Added_lines <= 2.0010783245919797,0.20853846037082688
OWN_LINE,0.736842105263158,0.1766129561103237,0.252747252747253,1.0,0.6816950662214489 < OWN_LINE <= 0.767298239402207,0.18677164671787413
MAJOR_LINE,0.0,-0.08571037888747728,0.0,12.0,MAJOR_LINE <= 0.5034576428756157,0.09064039784050304
MaxInheritanceTree,3.0,0.07703435009030259,0.0,7.0,2.493358591394463 < MaxInheritanceTree <= 3.505949893117027,0.08146532812247065
CountLineComment,49.0,-0.04442891506464985,15.0,3419.0,33.483247828747665 < CountLineComment <= 48.501646395712186,0.04698444446697171
