feature,value,importance,min,max,rule,importance_ratio
OWN_LINE,0.682012847965739,0.18493208680190698,0.252747252747253,1.0,0.6816950662214489 < OWN_LINE <= 0.767298239402207,0.16923617261461837
Added_lines,0.0,-0.1836687198246951,0.0,10080.0,Added_lines <= 2.0010783245919797,0.16808003256597415
CountLineComment,397.0,0.11929015103017834,15.0,3419.0,254.46825531408285 < CountLineComment <= 430.39806709852445,0.10916552632963088
MaxInheritanceTree,1.0,-0.11753213565440292,0.0,7.0,0.4959182153937882 < MaxInheritanceTree <= 1.4946384033941256,0.10755672063917988
CountDeclClassVariable,0.0,-0.05099623779978495,0.0,321.0,CountDeclClassVariable <= 0.438177004018415,0.046667986352336654
