feature,value,importance,min,max,rule,importance_ratio
MAJOR_LINE,8.0,0.25178097628939045,0.0,12.0,MAJOR_LINE > 7.503675252679776,0.18130637889465784
OWN_LINE,0.403259506895111,0.177801870873657,0.252747252747253,1.0,OWN_LINE <= 0.6736697687357529,0.1280343489166011
CountLineComment,463.0,0.1430465568685771,15.0,3419.0,CountLineComment > 430.39806709852445,0.10300719943742356
MaxInheritanceTree,1.0,-0.12492267787258261,0.0,7.0,0.4959182153937882 < MaxInheritanceTree <= 1.4946384033941256,0.08995627350681676
CountDeclInstanceVariable,36.0,0.1222440450227574,0.0,1114.0,CountDeclInstanceVariable > 21.485480801487,0.08802740171694852
