feature,value,importance,min,max,rule,importance_ratio
Added_lines,0.0,-0.17315307781875586,0.0,10080.0,Added_lines <= 2.0010783245919797,0.15825665706464456
MAJOR_LINE,3.0,0.09456959201473239,0.0,12.0,2.492835724294319 < MAJOR_LINE <= 4.497171535648503,0.08643373644148827
CountLineComment,356.0,0.09394867358013399,15.0,3419.0,254.46825531408285 < CountLineComment <= 430.39806709852445,0.0858662358402445
OWN_LINE,0.915006640106242,-0.08533843320975762,0.252747252747253,1.0,0.818125123478282 < OWN_LINE <= 0.9786310731922031,0.07799673750556799
MINOR_COMMIT,0.0,0.07704440968284766,0.0,6.0,MINOR_COMMIT <= 0.49897740704811133,0.07041625176705746
