feature,value,importance,min,max,rule,importance_ratio
OWN_LINE,0.746910263299301,0.19408889107283248,0.252747252747253,1.0,0.6816950662214489 < OWN_LINE <= 0.767298239402207,0.16001633546495897
Added_lines,0.0,-0.18292654023211916,0.0,10080.0,Added_lines <= 2.0010783245919797,0.1508135497370788
MAJOR_LINE,9.0,0.17207966272926917,0.0,12.0,MAJOR_LINE > 7.503675252679776,0.14187085559498058
CountLineComment,805.0,0.15697609390026213,15.0,3419.0,CountLineComment > 430.39806709852445,0.12941873778905438
MaxInheritanceTree,1.0,-0.11978013311292043,0.0,7.0,0.4959182153937882 < MaxInheritanceTree <= 1.4946384033941256,0.09875257597840631
