feature,value,importance,min,max,rule,importance_ratio
MAJOR_LINE,9.0,0.2458924986454323,0.0,12.0,MAJOR_LINE > 7.503675252679776,0.202709756715004
OWN_LINE,0.329656476520643,0.18108026088451626,0.252747252747253,1.0,OWN_LINE <= 0.6736697687357529,0.14927960727553333
Added_lines,0.0,-0.18060686759889186,0.0,10080.0,Added_lines <= 2.0010783245919797,0.14888934958858446
CountLineComment,557.0,0.15666594268133624,15.0,3419.0,CountLineComment > 430.39806709852445,0.12915284240636332
CountDeclClassVariable,22.0,0.06502499177866047,0.0,321.0,4.5260875082807965 < CountDeclClassVariable <= 57.5229272599681,0.05360554037418682
