feature,value,importance,min,max,rule,importance_ratio
Added_lines,0.0,-0.17021638849356896,0.0,10080.0,Added_lines <= 2.0010783245919797,0.15916631409326965
OWN_LINE,0.685931558935361,0.13620613277719607,0.252747252747253,1.0,0.6816950662214489 < OWN_LINE <= 0.767298239402207,0.12736392954232995
CountLineComment,344.0,0.08425064245824651,15.0,3419.0,254.46825531408285 < CountLineComment <= 430.39806709852445,0.07878127563830711
MAJOR_LINE,4.0,0.07426248039829804,0.0,12.0,2.492835724294319 < MAJOR_LINE <= 4.497171535648503,0.06944152314021965
CountDeclMethodProtected,2.0,-0.06367066953709177,0.0,93.0,1.5159020539088863 < CountDeclMethodProtected <= 14.495311831610133,0.05953730939634177
