feature,value,importance,min,max,rule,importance_ratio
MAJOR_LINE,7.0,0.22396117085028938,0.0,12.0,4.497171535648503 < MAJOR_LINE <= 7.503675252679776,0.15321084841161303
OWN_LINE,0.384935231089077,0.20434021005471537,0.252747252747253,1.0,OWN_LINE <= 0.6736697687357529,0.13978823573849747
Added_lines,0.0,-0.18889565128050845,0.0,10080.0,Added_lines <= 2.0010783245919797,0.12922268125351472
CountLineComment,1051.0,0.15088165076464768,15.0,3419.0,CountLineComment > 430.39806709852445,0.1032174712948305
CountDeclMethodPrivate,76.0,0.12075061656373222,0.0,153.0,CountDeclMethodPrivate > 43.48132001163548,0.08260496379670039
