feature,value,importance,min,max,rule,importance_ratio
OWN_LINE,0.482364156339371,0.19723583667682523,0.252747252747253,1.0,OWN_LINE <= 0.6736697687357529,0.13981052269990932
Added_lines,14.0,0.1949028414260108,0.0,10080.0,14.469711558006416 < Added_lines <= 1320.5590427581683,0.1381567802007345
CountDeclInstanceVariable,7.0,-0.11033516905897817,0.0,1114.0,6.445551390636505 < CountDeclInstanceVariable <= 7.448213351359872,0.07821102857486507
AvgLineComment,13.0,0.09844556845862627,0.0,395.0,10.469419988455925 < AvgLineComment <= 45.515820322947675,0.06978309122516299
CountDeclMethodProtected,2.0,-0.09532737415315176,0.0,93.0,1.5159020539088863 < CountDeclMethodProtected <= 14.495311831610133,0.06757276077470538
