feature,value,importance,min,max,rule,importance_ratio
MAJOR_LINE,7.0,0.2543440951617879,0.0,12.0,4.497171535648503 < MAJOR_LINE <= 7.503675252679776,0.17616627859244988
Added_lines,49.0,0.21676990109047262,0.0,10080.0,14.469711558006416 < Added_lines <= 1320.5590427581683,0.15014127519520734
CountInput_Mean,4.9,-0.08730403858537222,0.0,337.0,4.072976557787553 < CountInput_Mean <= 4.993966497728917,0.06046937151772076
OWN_LINE,0.68922305764411,0.08630225232001466,0.252747252747253,1.0,0.6816950662214489 < OWN_LINE <= 0.767298239402207,0.05977550458048831
CountDeclMethodProtected,1.0,0.07544926819254795,0.0,93.0,0.5063924045321226 < CountDeclMethodProtected <= 1.5159020539088863,0.0522584052582392
