feature,value,importance,min,max,rule,importance_ratio
Added_lines,34.0,0.21749628091089962,0.0,10080.0,14.469711558006416 < Added_lines <= 1320.5590427581683,0.17420866049622405
MAJOR_LINE,11.0,0.20091852232799262,0.0,12.0,MAJOR_LINE > 7.503675252679776,0.1609303225648223
OWN_LINE,0.657574568288854,0.1849766678440099,0.252747252747253,1.0,OWN_LINE <= 0.6736697687357529,0.14816132668200038
CountLineComment,2594.0,0.14240462051373742,15.0,3419.0,CountLineComment > 430.39806709852445,0.11406226388916643
CountDeclInstanceVariable,26.0,0.09021679317470842,0.0,1114.0,CountDeclInstanceVariable > 21.485480801487,0.07226122040987608
