feature,value,importance,min,max,rule,importance_ratio
Added_lines,152.0,0.21845736590604412,0.0,10080.0,14.469711558006416 < Added_lines <= 1320.5590427581683,0.2854467237655163
OWN_LINE,0.9258114374034,-0.07390665466737777,0.252747252747253,1.0,0.818125123478282 < OWN_LINE <= 0.9786310731922031,0.09656992956852596
MAJOR_LINE,2.0,0.07158460315447333,0.0,12.0,1.505625548552707 < MAJOR_LINE <= 2.492835724294319,0.09353582726657657
CountDeclMethodPrivate,6.0,0.06584914978976025,0.0,153.0,1.5241206799197182 < CountDeclMethodPrivate <= 15.50985379049164,0.08604161270678287
RatioCommentToCode,0.65,0.049134568615924266,0.05,29.08,0.3158916615634513 < RatioCommentToCode <= 0.8902967105398505,0.06420155061779721
