feature,value,importance,min,max,rule,importance_ratio
Added_lines,34.0,0.22429175315611988,0.0,10080.0,14.469711558006416 < Added_lines <= 1320.5590427581683,0.175307855178262
MINOR_COMMIT,0.0,-0.16393780892891197,0.0,6.0,MINOR_COMMIT <= 0.49897740704811133,0.12813483002180154
OWN_LINE,0.696008188331627,0.1596211503388501,0.252747252747253,1.0,0.6816950662214489 < OWN_LINE <= 0.767298239402207,0.12476090232133084
CountLineComment,290.0,0.09819893871705158,15.0,3419.0,254.46825531408285 < CountLineComment <= 430.39806709852445,0.076752912601674
CountDeclMethodPublic,57.0,0.078567900510475,0.0,205.0,CountDeclMethodPublic > 46.44782433188537,0.06140916877475766
