feature,value,importance,min,max,rule,importance_ratio
MaxInheritanceTree,4.0,0.22135198598075417,0.0,7.0,3.505949893117027 < MaxInheritanceTree <= 4.504670081117364,0.15777999485829058
Added_lines,65.0,0.21368684831329385,0.0,10080.0,14.469711558006416 < Added_lines <= 1320.5590427581683,0.1523162743662362
OWN_LINE,0.74,0.16750509938579267,0.252747252747253,1.0,0.6816950662214489 < OWN_LINE <= 0.767298239402207,0.11939786129646802
CountLineComment,667.0,0.15393539163252185,15.0,3419.0,CountLineComment > 430.39806709852445,0.10972535526471401
MAJOR_LINE,4.0,0.07377922386313863,0.0,12.0,2.492835724294319 < MAJOR_LINE <= 4.497171535648503,0.05258993051359757
