feature,value,importance,min,max,rule,importance_ratio
MAJOR_LINE,7.0,0.2872315024543363,0.0,12.0,4.497171535648503 < MAJOR_LINE <= 7.503675252679776,0.27834803230532534
MaxInheritanceTree,5.0,0.15210425449044923,0.0,7.0,MaxInheritanceTree > 4.504670081117364,0.14739998774826524
Added_lines,2.0,0.08747790365280037,0.0,10080.0,2.0010783245919797 < Added_lines <= 5.118236632945589,0.08477239489363753
CountLineComment,346.0,0.063854559673102,15.0,3419.0,254.46825531408285 < CountLineComment <= 430.39806709852445,0.06187967157800378
CountClassCoupled,48.0,0.052299881252193585,0.0,128.0,CountClassCoupled > 42.45780664986833,0.05068235521507465
