feature,value,importance,min,max,rule,importance_ratio
CountLineComment,651.0,0.16729311085755044,0.0,3673.0,CountLineComment > 115.54619362143157,0.1460126617184325
RatioCommentToCode,1.62,-0.12609644326846575,0.0,43.0,0.8789796442870281 < RatioCommentToCode <= 4.061363741800522,0.11005639873917755
MaxNesting_Mean,0.144230769230769,0.12276322447870065,0.0,4.0,0.12492162709070342 < MaxNesting_Mean <= 0.15474202212583088,0.1071471806303822
CountInput_Mean,0.623762376237624,0.10146284721953416,0.0,37.75,0.5817413613461184 < CountInput_Mean <= 1.0785390936212744,0.088556308816982
MINOR_LINE,5.0,0.07846251428834619,1.0,7.0,4.494567851334727 < MINOR_LINE <= 5.505201931004661,0.06848172347107084
