feature,value,importance,min,max,rule,importance_ratio
RatioCommentToCode,0.29,0.14774669408214228,0.0,43.0,0.23823116827760005 < RatioCommentToCode <= 0.3663808634794856,0.1756576252978297
CountClassDerived,0.0,0.11276555349943074,0.0,104.0,CountClassDerived <= 0.48970284190903096,0.1340681730048911
MaxNesting_Min,0.0,0.07837303483085559,0.0,4.0,MaxNesting_Min <= 0.501919359522891,0.09317853960318252
CountDeclMethodPrivate,2.0,0.07139404477790308,0.0,257.0,1.5226356484324164 < CountDeclMethodPrivate <= 2.457998312089133,0.08488114366282229
AvgLineComment,2.0,-0.07045227766050256,0.0,23.0,AvgLineComment <= 2.4926425048580265,0.08376146666122261
