feature,value,importance,min,max,rule,importance_ratio
RatioCommentToCode,0.18,0.1472014477123246,0.0,43.0,0.1741563206766571 < RatioCommentToCode <= 0.23823116827760005,0.18949071130270814
MaxNesting_Mean,0.628571428571429,0.0970399788624113,0.0,4.0,0.42312557744197726 < MaxNesting_Mean <= 0.7138744290344692,0.12491843596113295
MINOR_LINE,4.0,0.09636867594083123,1.0,7.0,3.4962585775144284 < MINOR_LINE <= 4.494567851334727,0.12405427551918953
CountClassDerived,0.0,0.07137970769732487,0.0,104.0,CountClassDerived <= 0.48970284190903096,0.09188626738630247
CountClassCoupled,19.0,0.0482646726877851,0.0,207.0,17.521480766172985 < CountClassCoupled <= 59.045190785127026,0.062130551706761884
