feature,value,importance,min,max,rule,importance_ratio
CountLineComment,158.0,0.181683209671813,0.0,3673.0,CountLineComment > 115.54619362143157,0.28698206963529166
MINOR_LINE,5.0,0.08448273347718153,1.0,7.0,4.494567851334727 < MINOR_LINE <= 5.505201931004661,0.13344672711101802
OWN_COMMIT,0.5,0.061342190315118846,0.0,1.0,0.47314245730383975 < OWN_COMMIT <= 0.8757602249511109,0.09689452737209055
PercentLackOfCohesion,100.0,-0.04694189315232886,0.0,100.0,PercentLackOfCohesion > 99.5594681206226,0.07414819274598096
RatioCommentToCode,0.34,0.0399822495075796,0.0,43.0,0.23823116827760005 < RatioCommentToCode <= 0.3663808634794856,0.06315492077163563
