feature,value,importance,min,max,rule,importance_ratio
RatioCommentToCode,0.15,0.27989863010960975,0.0,43.0,0.11008147307571425 < RatioCommentToCode <= 0.1741563206766571,0.34182227755883965
MINOR_COMMIT,0.0,-0.11929772430396166,0.0,1.0,MINOR_COMMIT <= 0.5001844411582251,0.14569067313118894
OWN_COMMIT,0.473684210526316,0.07867090319944255,0.0,1.0,0.1422783512174683 < OWN_COMMIT <= 0.47314245730383975,0.09607573748650938
CountPath_Min,0.0,0.045887168918696444,0.0,24.0,CountPath_Min <= 0.4943844163258917,0.05603906165733497
CountInput_Mean,9.40909090909091,0.04077553413624962,0.0,37.75,4.40326237884732 < CountInput_Mean <= 13.536697610675194,0.04979654934957299
