feature,value,importance,min,max,rule,importance_ratio
OWN_COMMIT,0.428571428571429,0.08344420830002648,0.0,1.0,0.1422783512174683 < OWN_COMMIT <= 0.47314245730383975,0.14170682866548584
CountClassCoupled,19.0,0.08338931048509036,0.0,207.0,17.521480766172985 < CountClassCoupled <= 59.045190785127026,0.14161359996317388
RatioCommentToCode,0.2,0.07186279704158378,0.0,43.0,0.1741563206766571 < RatioCommentToCode <= 0.23823116827760005,0.1220390159515848
CountLineComment,93.0,0.04047927224245811,0.0,3673.0,86.3668363350647 < CountLineComment <= 112.89352477721641,0.06874280927372342
CountClassDerived,0.0,0.03885970151465312,0.0,104.0,CountClassDerived <= 0.48970284190903096,0.0659924178887215
