feature,value,importance,min,max,rule,importance_ratio
MAJOR_LINE,3.0,0.1036580100511692,0.0,13.0,2.4998111840441277 < MAJOR_LINE <= 6.502231749332315,0.16699201194374416
RatioCommentToCode,0.19,0.0964337017905585,0.0,43.0,0.1741563206766571 < RatioCommentToCode <= 0.23823116827760005,0.15535372397404776
CountPath_Min,1.0,-0.05306150748960116,0.0,24.0,0.4943844163258917 < CountPath_Min <= 1.4942015719991857,0.08548155504897811
OWN_COMMIT,0.5,0.045159350334888104,0.0,1.0,0.47314245730383975 < OWN_COMMIT <= 0.8757602249511109,0.07275125932644025
AvgEssential,2.0,0.03997164056790645,0.0,21.0,1.4947174453334477 < AvgEssential <= 2.5036904402006677,0.06439391105262292
