feature,value,importance,min,max,rule,importance_ratio
CountLineComment,83.0,0.3207592538819498,0.0,3673.0,82.38783306874194 < CountLineComment <= 86.3668363350647,0.312607652741394
MINOR_COMMIT,0.0,0.1358323868904855,0.0,1.0,MINOR_COMMIT <= 0.5001844411582251,0.13238041652174157
CountInput_Mean,7.72222222222222,0.08053230931920752,0.0,37.75,4.40326237884732 < CountInput_Mean <= 13.536697610675194,0.07848570503093452
CountClassCoupled,14.0,0.06115751275701867,0.0,207.0,13.476963556534606 < CountClassCoupled <= 17.521480766172985,0.059603289005995895
MINOR_LINE,3.0,0.0431169838400869,1.0,7.0,2.4979493036941283 < MINOR_LINE <= 3.4962585775144284,0.04202123227440477
