feature,value,importance,min,max,rule,importance_ratio
MINOR_LINE,4.0,0.12325717475747172,1.0,7.0,3.4962585775144284 < MINOR_LINE <= 4.494567851334727,0.1325133914898064
MAJOR_LINE,5.0,0.07822018222445573,0.0,13.0,2.4998111840441277 < MAJOR_LINE <= 6.502231749332315,0.08409426591116123
OWN_COMMIT,0.5,0.07642061942198157,0.0,1.0,0.47314245730383975 < OWN_COMMIT <= 0.8757602249511109,0.0821595617397897
RatioCommentToCode,0.29,0.07490403960377894,0.0,43.0,0.23823116827760005 < RatioCommentToCode <= 0.3663808634794856,0.08052909166313525
CountInput_Mean,9.66666666666667,0.06460275544267342,0.0,37.75,4.40326237884732 < CountInput_Mean <= 13.536697610675194,0.06945421424870248
