feature,value,importance,min,max,rule,importance_ratio
CountLineComment,139.0,0.16627887370058222,0.0,3673.0,CountLineComment > 115.54619362143157,0.2853620395287337
MAJOR_LINE,7.0,-0.04971457047269125,0.0,13.0,6.502231749332315 < MAJOR_LINE <= 8.50344203197641,0.08531842265138256
MINOR_LINE,5.0,0.04845668923965719,1.0,7.0,4.494567851334727 < MINOR_LINE <= 5.505201931004661,0.08315969047961022
RatioCommentToCode,0.32,0.04760902317969736,0.0,43.0,0.23823116827760005 < RatioCommentToCode <= 0.3663808634794856,0.08170495536909343
CountClassCoupled,20.0,0.04661393754000829,0.0,207.0,17.521480766172985 < CountClassCoupled <= 59.045190785127026,0.07999722388566546
