feature,value,importance,min,max,rule,importance_ratio
CountLineComment,148.0,0.19671818284890022,0.0,3673.0,CountLineComment > 115.54619362143157,0.26039817914811875
RatioCommentToCode,0.22,0.09621534667616977,0.0,43.0,0.1741563206766571 < RatioCommentToCode <= 0.23823116827760005,0.12736138936289323
MINOR_COMMIT,0.0,0.07112532986824002,0.0,1.0,MINOR_COMMIT <= 0.5001844411582251,0.09414943814942092
CountInput_Mean,7.83870967741935,0.04554212286011047,0.0,37.75,4.40326237884732 < CountInput_Mean <= 13.536697610675194,0.060284645250214
OWN_COMMIT,0.714285714285714,0.04460829545594439,0.0,1.0,0.47314245730383975 < OWN_COMMIT <= 0.8757602249511109,0.05904852689978048
