feature,value,importance,min,max,rule,importance_ratio
PercentLackOfCohesion,75.0,0.06633603646110034,0.0,100.0,72.43388073993849 < PercentLackOfCohesion <= 85.4235986405478,0.11844127049131595
CountDeclInstanceVariable,9.0,0.05804787642220456,0.0,1245.0,8.40266935989791 < CountDeclInstanceVariable <= 18.437444443726704,0.10364297596828066
MaxInheritanceTree,1.0,-0.05616951754208242,0.0,5.0,0.5036209215925778 < MaxInheritanceTree <= 2.5013180141977607,0.1002892149649266
CountDeclClassMethod,0.0,0.048839269634071564,0.0,385.0,CountDeclClassMethod <= 0.4456046670091428,0.08720124767658499
MaxNesting_Min,0.0,-0.04049861199300191,0.0,4.0,MaxNesting_Min <= 0.501919359522891,0.07230922004812264
