feature,value,importance,min,max,rule,importance_ratio
CountLineComment,177.0,0.14961812420123977,0.0,3673.0,CountLineComment > 115.54619362143157,0.17963501329931053
RatioCommentToCode,0.23,0.09924272311319078,0.0,43.0,0.1741563206766571 < RatioCommentToCode <= 0.23823116827760005,0.11915313055468782
MINOR_COMMIT,0.0,0.0838202786781545,0.0,1.0,MINOR_COMMIT <= 0.5001844411582251,0.10063658367251094
OWN_COMMIT,0.571428571428571,0.07465687264573541,0.0,1.0,0.47314245730383975 < OWN_COMMIT <= 0.8757602249511109,0.08963478443670053
MINOR_LINE,5.0,0.05782192674932012,1.0,7.0,4.494567851334727 < MINOR_LINE <= 5.505201931004661,0.06942235531997007
