feature,value,importance,min,max,rule,importance_ratio
OWN_COMMIT,0.333333333333333,0.18713381567422963,0.0,1.0,0.1422783512174683 < OWN_COMMIT <= 0.47314245730383975,0.26204161278828414
MINOR_LINE,5.0,0.11076528841704958,1.0,7.0,4.494567851334727 < MINOR_LINE <= 5.505201931004661,0.15510352692370283
RatioCommentToCode,0.22,0.06805258147006274,0.0,43.0,0.1741563206766571 < RatioCommentToCode <= 0.23823116827760005,0.09529335004778126
MAJOR_LINE,4.0,0.04420758889085382,0.0,13.0,2.4998111840441277 < MAJOR_LINE <= 6.502231749332315,0.061903445129377774
CountInput_Mean,9.4,0.04036772033870065,0.0,37.75,4.40326237884732 < CountInput_Mean <= 13.536697610675194,0.05652651555266847
