feature,value,importance,min,max,rule,importance_ratio
RatioCommentToCode,0.16,0.2729438205877504,0.0,43.0,0.11008147307571425 < RatioCommentToCode <= 0.1741563206766571,0.36036017432952533
MINOR_COMMIT,0.0,0.06997896979073352,0.0,1.0,MINOR_COMMIT <= 0.5001844411582251,0.09239129758968823
CountClassCoupled,19.0,0.05260791420177935,0.0,207.0,17.521480766172985 < CountClassCoupled <= 59.045190785127026,0.06945677352959546
OWN_COMMIT,0.666666666666667,0.05225819348896509,0.0,1.0,0.47314245730383975 < OWN_COMMIT <= 0.8757602249511109,0.06899504694877377
MINOR_LINE,4.0,0.048175540766403915,1.0,7.0,3.4962585775144284 < MINOR_LINE <= 4.494567851334727,0.06360483352074688
