Antecedent,Antecedent Coverage %,Confidence,Lift
CountClassBase <= 0.932,0.13139,0.99636,1.05429
2.74 < CountOutput_Mean <= 4.08,0.17965,0.99202,1.0497
-0.2 < CountDeclClassVariable <= 0.235,0.38079,0.99122,1.04885
-0.021 < OWN_COMMIT <= 0,0.69374,0.98898,1.04648
0.905 < AvgCyclomaticModified <= 1.125,0.37219,0.98845,1.04591
1.42 < CountOutput_Mean <= 2.74,0.22408,0.98721,1.0446
0.886 < CountDeclClass <= 1.006 & 0.9845 < AvgEssential <= 1.031,0.53225,0.98474,1.04199
-0.031 < CountDeclMethodPrivate <= 0.058 & 0.9845 < AvgEssential <= 1.031,0.699,0.97608,1.03283
