Antecedent,Antecedent Coverage %,Confidence,Lift
PercentLackOfCohesion <= 6.8,0.20143,0.99526,1.06708
CountDeclMethodPublic <= 0.7,0.19045,0.99499,1.06679
OWN_LINE > 0.974,0.20573,0.99304,1.0647
0.7 < CountDeclMethodPublic <= 2.9,0.21623,0.99117,1.06269
1.06 < RatioCommentToCode <= 1.99,0.19475,0.98775,1.05902
-0.064 < MAJOR_LINE <= 0.052,0.45203,0.98416,1.05518
RatioCommentToCode > 1.99,0.20143,0.98341,1.05438
