Antecedent,Antecedent Coverage %,Confidence,Lift
CountClassCoupled <= 0.34,0.19797,0.99767,1.0724
0.7 < CountDeclMethodPublic <= 2.8,0.18874,0.99756,1.07227
CountDeclMethodPublic <= 0.7,0.20074,0.98851,1.06255
CountClassBase <= 0.876,0.15967,0.98555,1.05937
0.34 < CountClassCoupled <= 2.04,0.23396,0.98225,1.05582
RatioCommentToCode > 1.875,0.2012,0.98165,1.05518
-0.0415 < OWN_COMMIT <= 0.007,0.58329,0.97943,1.05279
1.145 < RatioCommentToCode <= 1.875,0.19382,0.97857,1.05187
-0.09 < CountDeclInstanceVariable <= 0.64,0.29949,0.97843,1.05171
