Antecedent,Antecedent Coverage %,Confidence,Lift
CountDeclMethodPublic <= 0.2,0.1918,0.99017,1.06765
1.34 < CountInput_Mean <= 2.12,0.1918,0.99017,1.06765
OWN_LINE > 0.986,0.22008,0.98715,1.0644
0.325 < MAJOR_LINE <= 1.015,0.2361,0.98603,1.06319
-0.059 < OWN_COMMIT <= 0.006 & 0.976 < CountDeclClass <= 1.144,0.45335,0.98337,1.06032
0.955 < AvgCyclomaticModified <= 1.21,0.37512,0.9799,1.05658
-0.2 < CountDeclInstanceVariable <= 0.9,0.28841,0.97712,1.05359
CountClassCoupled <= 0.42,0.20028,0.97647,1.05288
-0.21 < CountDeclMethodPrivate <= 0.045,0.59095,0.97209,1.04816
