Antecedent,Antecedent Coverage %,Confidence,Lift
0.42 < CountInput_Mean <= 2.12,0.275,1.0,1.04575
-0.56 < CountClassCoupled <= 1.56,0.2933,0.99848,1.04416
1.26 < CountOutput_Mean <= 2.26,0.20848,0.99786,1.04351
CountOutput_Mean <= 1.26,0.19911,0.99776,1.04341
RatioCommentToCode > 1.835,0.19643,0.99773,1.04337
-0.015 < OWN_COMMIT <= 0.053,0.33705,0.99735,1.04298
CountClassBase <= 0.915,0.15714,0.99716,1.04278
-0.65 < CountDeclInstanceMethod <= 4.6,0.31518,0.99292,1.03835
0.928 < AvgCyclomaticModified <= 1.072,0.36875,0.98547,1.03056
