Antecedent,Antecedent Coverage %,Confidence,Lift
-0.011 < OWN_COMMIT <= 0.086,0.31068,0.99856,1.04382
1.22 < CountInput_Mean <= 2.25,0.22754,0.99804,1.04327
CountClassCoupled <= 0.52,0.22173,0.99798,1.04322
1.26 < CountOutput_Mean <= 2.24,0.211,0.99788,1.04311
0.52 < CountClassCoupled <= 1.92,0.18596,0.9976,1.04281
CountOutput_Mean <= 1.26,0.1958,0.99543,1.04055
CountInput_Mean <= 1.22,0.19312,0.99537,1.04049
RatioCommentToCode > 2,0.19848,0.99324,1.03826
-0.685 < CountDeclMethodPrivate <= 0.07,0.55521,0.98953,1.03439
