feature,value,importance,min,max,rule,importance_ratio
Added_lines,240.0,0.13524133686610107,0.0,1401.0,134.0061958090498 < Added_lines <= 623.7822426910362,0.16940313070902036
CountClassDerived,56.0,0.1062862351414889,0.0,174.0,CountClassDerived > 26.503034450819438,0.13313400622525506
CountDeclMethodProtected,0.0,-0.06129914305712507,0.0,25.0,CountDeclMethodProtected <= 0.5035542532382362,0.07678323051433815
AvgEssential,1.0,-0.04746973473372678,0.0,55.0,0.5091365578885154 < AvgEssential <= 2.501750234500038,0.05946053081227482
CountPath_Min,1.0,0.04738302484065699,0.0,480.0,0.46339588717379354 < CountPath_Min <= 1.4446435304830652,0.05935191810783218
