feature,value,importance,min,max,rule,importance_ratio
Added_lines,378.0,0.12156973167625139,0.0,1401.0,134.0061958090498 < Added_lines <= 623.7822426910362,0.1562347909783064
CountClassCoupled,12.0,0.11933273493801458,0.0,71.0,9.501928024922897 < CountClassCoupled <= 21.526921993333502,0.15335992473488722
MaxInheritanceTree,4.0,0.10506466162533391,0.0,6.0,3.5043507807030476 < MaxInheritanceTree <= 4.500181337601978,0.1350233748311147
OWN_COMMIT,0.428571428571429,0.054117656973342185,0.0,1.0,0.10191642891537722 < OWN_COMMIT <= 0.6839985370312259,0.06954906216279405
MINOR_COMMIT,0.0,0.04666586137751304,0.0,1.0,MINOR_COMMIT <= 0.5000340062489587,0.05997242074659141
