feature,value,importance,min,max,rule,importance_ratio
CountClassCoupled,24.0,0.18476071987985956,0.0,71.0,21.526921993333502 < CountClassCoupled <= 36.46242405600909,0.2672980951956688
MaxInheritanceTree,4.0,0.09951193605456642,0.0,6.0,3.5043507807030476 < MaxInheritanceTree <= 4.500181337601978,0.14396648256141778
Added_lines,829.0,0.08718974506512443,0.0,1401.0,752.9050186871963 < Added_lines <= 962.1729659913178,0.12613965128333662
OWN_COMMIT,0.3,0.05419641974752436,0.0,1.0,0.10191642891537722 < OWN_COMMIT <= 0.6839985370312259,0.07840735722591947
CountPath_Min,1.0,0.041009017441744094,0.0,480.0,0.46339588717379354 < CountPath_Min <= 1.4446435304830652,0.05932880243783388
