feature,value,importance,min,max,rule,importance_ratio
CountClassCoupled,22.0,0.16658193023361972,0.0,71.0,21.526921993333502 < CountClassCoupled <= 36.46242405600909,0.16299408307796706
MaxInheritanceTree,4.0,0.11087614835053398,0.0,6.0,3.5043507807030476 < MaxInheritanceTree <= 4.500181337601978,0.10848809417844407
CountDeclClass,7.0,0.08829364787621523,1.0,34.0,CountDeclClass > 5.505916789178754,0.08639197635067455
OWN_COMMIT,0.444444444444444,0.0756193057287897,0.0,1.0,0.10191642891537722 < OWN_COMMIT <= 0.6839985370312259,0.07399061460610326
CountOutput_Mean,6.79166666666667,0.06751091961405577,0.0,22.0,3.055175522255063 < CountOutput_Mean <= 7.714103116885628,0.06605686718127934
