feature,value,importance,min,max,rule,importance_ratio
CountClassCoupled,31.0,0.1834903490913161,0.0,71.0,21.526921993333502 < CountClassCoupled <= 36.46242405600909,0.24206918758913964
MaxInheritanceTree,4.0,0.09323585725120317,0.0,6.0,3.5043507807030476 < MaxInheritanceTree <= 4.500181337601978,0.1230011732537702
CountDeclMethodPublic,52.0,0.07900342670933048,0.0,148.0,CountDeclMethodPublic > 47.97160621632762,0.10422507458835527
OWN_COMMIT,0.5,0.05272495676900981,0.0,1.0,0.10191642891537722 < OWN_COMMIT <= 0.6839985370312259,0.06955726834654948
Added_lines,83.0,0.04335355559527555,0.0,1401.0,53.861024501088394 < Added_lines <= 134.0061958090498,0.057194070609273374
