feature,value,importance,min,max,rule,importance_ratio
Added_lines,417.0,0.15767538172499163,0.0,1401.0,134.0061958090498 < Added_lines <= 623.7822426910362,0.16739815055306856
CountClassCoupled,16.0,0.1277361322916673,0.0,71.0,9.501928024922897 < CountClassCoupled <= 21.526921993333502,0.1356127511504735
MaxInheritanceTree,4.0,0.10694215113586678,0.0,6.0,3.5043507807030476 < MaxInheritanceTree <= 4.500181337601978,0.11353654654557514
CountClassDerived,0.0,-0.05639070260984444,0.0,174.0,CountClassDerived <= 4.520645138566945,0.05986793386516254
OWN_COMMIT,0.833333333333333,0.05387552893644149,0.0,1.0,0.6839985370312259 < OWN_COMMIT <= 0.9750395910891503,0.05719766653083785
