feature,value,importance,min,max,rule,importance_ratio
CountClassCoupled,21.0,0.13009039026410052,0.0,71.0,9.501928024922897 < CountClassCoupled <= 21.526921993333502,0.20570907317102557
CountPath_Min,1.0,0.05496812503854569,0.0,480.0,0.46339588717379354 < CountPath_Min <= 1.4446435304830652,0.08691988726202367
Added_lines,57.0,0.04945997073529406,0.0,1401.0,53.861024501088394 < Added_lines <= 134.0061958090498,0.07820996399786408
OWN_COMMIT,0.625,0.04690181711693418,0.0,1.0,0.10191642891537722 < OWN_COMMIT <= 0.6839985370312259,0.07416481194017874
MaxNesting_Mean,0.740740740740741,0.03261150354887116,0.0,6.0,0.12653311022703173 < MaxNesting_Mean <= 1.447954764734174,0.051567853368206525
