feature,value,importance,min,max,rule,importance_ratio
Added_lines,372.0,0.13377458455340424,0.0,1401.0,134.0061958090498 < Added_lines <= 623.7822426910362,0.1463785760647466
CountDeclMethodProtected,25.0,0.11702160575163897,0.0,25.0,CountDeclMethodProtected > 10.508161227829827,0.1280471628891272
CountClassCoupled,19.0,0.11051853779683965,0.0,71.0,9.501928024922897 < CountClassCoupled <= 21.526921993333502,0.12093138801713875
MINOR_COMMIT,0.0,-0.09209376880569278,0.0,1.0,MINOR_COMMIT <= 0.5000340062489587,0.10077067170282789
MaxInheritanceTree,4.0,0.07927816458769545,0.0,6.0,3.5043507807030476 < MaxInheritanceTree <= 4.500181337601978,0.08674760519058676
