feature,value,importance,min,max,rule,importance_ratio
CountOutput_Mean,11.2,0.12257299636050895,0.0,22.0,CountOutput_Mean > 7.862476607160486,0.16945242068124597
Added_lines,353.0,0.1174518927969369,0.0,1401.0,134.0061958090498 < Added_lines <= 623.7822426910362,0.16237269332552126
MaxNesting_Mean,2.375,-0.05139394627566327,0.0,6.0,1.447954764734174 < MaxNesting_Mean <= 2.39067631093744,0.07105014043353265
CountClassDerived,0.0,-0.05081156656431722,0.0,174.0,CountClassDerived <= 4.520645138566945,0.07024502303595365
CountClassCoupled,7.0,0.04824844923962654,0.0,71.0,5.519127474876073 < CountClassCoupled <= 9.501928024922897,0.06670161259437936
