feature,value,importance,min,max,rule,importance_ratio
Added_lines,229.0,0.11921764304110273,0.0,1401.0,134.0061958090498 < Added_lines <= 623.7822426910362,0.1750727708394803
OWN_COMMIT,0.333333333333333,0.08268887754075148,0.0,1.0,0.10191642891537722 < OWN_COMMIT <= 0.6839985370312259,0.12142976944842584
CountClassCoupled,8.0,0.06897272396045659,0.0,71.0,5.519127474876073 < CountClassCoupled <= 9.501928024922897,0.10128740669651186
CountOutput_Mean,7.16666666666667,0.036173902218671124,0.0,22.0,3.055175522255063 < CountOutput_Mean <= 7.714103116885628,0.0531218797146973
PercentLackOfCohesion,76.0,0.03395995927374286,0.0,100.0,72.32427262906089 < PercentLackOfCohesion <= 83.37562359230674,0.0498706736351116
