feature,value,importance,min,max,rule,importance_ratio
Added_lines,339.0,0.13476441155394742,0.0,1401.0,134.0061958090498 < Added_lines <= 623.7822426910362,0.17668898072264957
MaxInheritanceTree,4.0,0.10055889489358584,0.0,6.0,3.5043507807030476 < MaxInheritanceTree <= 4.500181337601978,0.13184229008584497
PercentLackOfCohesion,100.0,0.09997819687648746,0.0,100.0,PercentLackOfCohesion > 99.41790724863138,0.13108093967021464
CountDeclClass,5.0,0.05827110715256586,1.0,34.0,4.501963274839924 < CountDeclClass <= 5.505916789178754,0.07639897217408641
CountClassCoupled,6.0,0.05735418862007947,0.0,71.0,5.519127474876073 < CountClassCoupled <= 9.501928024922897,0.07519680463561966
