feature,value,importance,min,max,rule,importance_ratio
OWN_COMMIT,0.375,0.07690468560303262,0.0,1.0,0.10191642891537722 < OWN_COMMIT <= 0.6839985370312259,0.1529824722655252
CountClassCoupled,9.0,0.04384343913552796,0.0,71.0,5.519127474876073 < CountClassCoupled <= 9.501928024922897,0.08721546234774095
CountDeclClass,2.0,0.03904373897970543,1.0,34.0,1.4901027318234341 < CountDeclClass <= 2.4940562461622644,0.07766766964547156
CountClassDerived,1.0,-0.03645833967998904,0.0,174.0,CountClassDerived <= 4.520645138566945,0.072524669923637
Added_lines,89.0,0.03298854061356555,0.0,1401.0,53.861024501088394 < Added_lines <= 134.0061958090498,0.06562237996192959
