feature,value,importance,min,max,rule,importance_ratio
Added_lines,152.0,0.1325338404009411,0.0,1401.0,134.0061958090498 < Added_lines <= 623.7822426910362,0.16650199286305986
MaxInheritanceTree,4.0,0.09918545533372668,0.0,6.0,3.5043507807030476 < MaxInheritanceTree <= 4.500181337601978,0.12460648485047775
CountDeclClassVariable,33.0,0.09476163423757406,0.0,60.0,CountDeclClassVariable > 25.503666836794423,0.11904884744745092
CountClassCoupled,8.0,0.06444793439264856,0.0,71.0,5.519127474876073 < CountClassCoupled <= 9.501928024922897,0.0809658082782571
OWN_COMMIT,0.4,0.05175362958711037,0.0,1.0,0.10191642891537722 < OWN_COMMIT <= 0.6839985370312259,0.0650179790918464
