feature,value,importance,min,max,rule,importance_ratio
MINOR_LINE,7.0,0.15696946901189648,1.0,8.0,6.500273313638594 < MINOR_LINE <= 7.498899560350965,0.17904415578462912
Added_lines,223.0,0.1324555659147168,0.0,1401.0,134.0061958090498 < Added_lines <= 623.7822426910362,0.15108285150903078
AvgEssential,1.0,-0.06572357345224765,0.0,55.0,0.5091365578885154 < AvgEssential <= 2.501750234500038,0.07496630904074031
CountDeclInstanceVariable,5.0,0.0642117479853358,0.0,60.0,4.484592542045215 < CountDeclInstanceVariable <= 5.515405866258188,0.07324187488089474
OWN_COMMIT,0.5,0.056619290795579376,0.0,1.0,0.10191642891537722 < OWN_COMMIT <= 0.6839985370312259,0.06458168703399662
