feature,value,importance,min,max,rule,importance_ratio
MaxInheritanceTree,4.0,0.13893449490736556,0.0,6.0,3.5043507807030476 < MaxInheritanceTree <= 4.500181337601978,0.1478313507139839
Added_lines,192.0,0.1330696593544595,0.0,1401.0,134.0061958090498 < Added_lines <= 623.7822426910362,0.14159095258910084
CountOutput_Mean,1.85714285714286,-0.062619716995209,0.0,22.0,1.393392431176645 < CountOutput_Mean <= 2.9958261261451193,0.06662965414673555
AvgEssential,1.0,0.05819589545881645,0.0,55.0,0.5091365578885154 < AvgEssential <= 2.501750234500038,0.06192254729412445
OWN_COMMIT,0.428571428571429,0.05440552025737741,0.0,1.0,0.10191642891537722 < OWN_COMMIT <= 0.6839985370312259,0.057889450357937904
