feature,value,importance,min,max,rule,importance_ratio
Added_lines,261.0,0.15869055900993548,0.0,1401.0,134.0061958090498 < Added_lines <= 623.7822426910362,0.1804961102197624
MaxInheritanceTree,4.0,0.08749857127047592,0.0,6.0,3.5043507807030476 < MaxInheritanceTree <= 4.500181337601978,0.09952168460833741
CountClassCoupled,2.0,-0.07674613232221741,0.0,71.0,1.5363269248292477 < CountClassCoupled <= 3.5277271998526603,0.08729176105368774
MINOR_LINE,3.0,0.052804528686485164,1.0,8.0,2.5057683267891098 < MINOR_LINE <= 3.5043945735014814,0.0600603595409964
OWN_COMMIT,0.333333333333333,0.0520004494573769,0.0,1.0,0.10191642891537722 < OWN_COMMIT <= 0.6839985370312259,0.0591457923854704
