feature,value,importance,min,max,rule,importance_ratio
OWN_COMMIT,0.666666666666667,0.14221665080052315,0.0,1.0,0.22545703255796007 < OWN_COMMIT <= 0.8942750310272135,0.19689391044459198
PercentLackOfCohesion,90.0,0.06558838252507616,0.0,100.0,89.61016607129046 < PercentLackOfCohesion <= 99.18496332866201,0.09080479003271875
CountDeclInstanceVariable,13.0,0.06064069712061923,0.0,68.0,10.490012821429584 < CountDeclInstanceVariable <= 21.475771289759166,0.08395489502077987
CountDeclMethodPrivate,4.0,0.05463401452042384,0.0,21.0,1.5024396360368288 < CountDeclMethodPrivate <= 4.49844038536424,0.07563885594030104
CountDeclClass,2.0,0.053373441725809066,1.0,18.0,1.5007059506822178 < CountDeclClass <= 2.5042986162493754,0.07389363760240121
