feature,value,importance,min,max,rule,importance_ratio
OWN_LINE,0.346341463414634,0.14307704092988,0.303571428571429,1.0,0.3042595527558348 < OWN_LINE <= 0.35548900786250504,0.27494739349256553
AvgCyclomaticModified,3.0,0.0434481770445701,0.0,14.0,2.501077522270911 < AvgCyclomaticModified <= 5.497321475622153,0.08349322122382034
CountDeclInstanceVariable,16.0,0.04077613597641229,0.0,68.0,10.490012821429584 < CountDeclInstanceVariable <= 21.475771289759166,0.07835843004963655
RatioCommentToCode,0.24,0.033133056977689736,0.03,7.5,0.19810732927548025 < RatioCommentToCode <= 0.49937012812407244,0.06367092578410997
CountDeclMethodProtected,10.0,0.02938913186109919,0.0,40.0,CountDeclMethodProtected > 7.5042608019255965,0.056476323173182304
