feature,value,importance,min,max,rule,importance_ratio
CountDeclInstanceVariable,24.0,0.15545313248341477,0.0,68.0,CountDeclInstanceVariable > 21.475771289759166,0.2073108447196356
AvgLineComment,2.0,0.08998567256659701,0.0,17.0,1.499941695935539 < AvgLineComment <= 2.489490125356666,0.12000405198934193
OWN_COMMIT,0.5,0.07467688749981016,0.0,1.0,0.22545703255796007 < OWN_COMMIT <= 0.8942750310272135,0.09958839928986658
CountClassCoupled,15.0,0.05953904586421034,0.0,70.0,9.4837322829943 < CountClassCoupled <= 27.470932970550695,0.07940071515270013
CountDeclClassVariable,2.0,0.053620339700420724,0.0,96.0,1.4978449110028595 < CountDeclClassVariable <= 16.002407237924356,0.07150758392491062
