feature,value,importance,min,max,rule,importance_ratio
RatioCommentToCode,0.49,0.06258448721600986,0.03,7.5,0.19810732927548025 < RatioCommentToCode <= 0.49937012812407244,0.09976049352043155
CountDeclInstanceVariable,6.0,0.05911573670928726,0.0,68.0,5.501310908275089 < CountDeclInstanceVariable <= 6.5096655502956775,0.09423125971436833
CountDeclMethodPublic,16.0,0.05477241034211283,0.0,143.0,13.483597281164696 < CountDeclMethodPublic <= 19.495309567525048,0.08730794051524923
CountDeclMethodDefault,0.0,-0.0517899901865278,0.0,44.0,CountDeclMethodDefault <= 0.4941639844749529,0.08255392366791883
OWN_LINE,0.7217125382263,0.03726390656642741,0.303571428571429,1.0,0.35548900786250504 < OWN_LINE <= 0.9150722867199808,0.05939915584408713
