feature,value,importance,min,max,rule,importance_ratio
CountDeclMethodPublic,76.0,0.10866773109091624,0.0,143.0,CountDeclMethodPublic > 71.96116224848815,0.19171280656415746
CountClassCoupled,71.0,0.10102510027734807,0.0,70.0,CountClassCoupled > 52.51795645356438,0.17822959321191567
CountDeclInstanceVariable,38.0,0.07525899675652406,0.0,68.0,CountDeclInstanceVariable > 21.475771289759166,0.13277274994657662
CountDeclMethodPrivate,5.0,0.07357544268623159,0.0,21.0,4.49844038536424 < CountDeclMethodPrivate <= 9.998241760915272,0.12980260533623
OWN_COMMIT,0.5,0.06353698599885321,0.0,1.0,0.22545703255796007 < OWN_COMMIT <= 0.8942750310272135,0.11209264962269881
