feature,value,importance,min,max,rule,importance_ratio
CountDeclMethodPrivate,11.0,0.20703554019145765,0.0,21.0,CountDeclMethodPrivate > 9.998241760915272,0.3099545796349735
CountDeclInstanceVariable,26.0,0.20086724604942718,0.0,68.0,CountDeclInstanceVariable > 21.475771289759166,0.3007199766480183
CountDeclMethodPublic,30.0,0.03952976617270554,0.0,143.0,19.495309567525048 < CountDeclMethodPublic <= 71.96116224848815,0.05918033225502836
RatioCommentToCode,0.18,0.02320522238362544,0.03,7.5,RatioCommentToCode <= 0.19810732927548025,0.03474072588021035
CountDeclClassVariable,8.0,0.022765701597542393,0.0,96.0,1.4978449110028595 < CountDeclClassVariable <= 16.002407237924356,0.03408271576095631
