feature,value,importance,min,max,rule,importance_ratio
MAJOR_LINE,3.0,0.2067651129188986,0.0,4.0,2.4977331463124495 < MAJOR_LINE <= 3.4980203506026695,0.3673096245776329
CountDeclMethodProtected,5.0,0.05832196283061926,0.0,40.0,3.4928255115593005 < CountDeclMethodProtected <= 6.509690068776928,0.10360654159460671
OWN_COMMIT,1.0,0.05544638917354822,0.0,1.0,OWN_COMMIT > 0.9550766672516912,0.09849820457627041
CountClassCoupled,8.0,0.030118204763595124,0.0,70.0,5.493397659474962 < CountClassCoupled <= 9.4837322829943,0.0535037382684942
RatioCommentToCode,0.41,0.026885461673867645,0.03,7.5,0.19810732927548025 < RatioCommentToCode <= 0.49937012812407244,0.04776090460627243
