feature,value,importance,min,max,rule,importance_ratio
CountDeclInstanceVariable,12.0,0.16328988108681894,0.0,68.0,10.490012821429584 < CountDeclInstanceVariable <= 21.475771289759166,0.24980999171960122
CountDeclMethodPublic,28.0,0.07829517867554892,0.0,143.0,19.495309567525048 < CountDeclMethodPublic <= 71.96116224848815,0.11978034282616919
PercentLackOfCohesion,92.0,0.07182508351867627,0.0,100.0,89.61016607129046 < PercentLackOfCohesion <= 99.18496332866201,0.10988202942912514
CountClassCoupled,24.0,0.042518818443843524,0.0,70.0,9.4837322829943 < CountClassCoupled <= 27.470932970550695,0.0650476662282362
RatioCommentToCode,0.23,0.032992572327541755,0.03,7.5,0.19810732927548025 < RatioCommentToCode <= 0.49937012812407244,0.05047388218483337
