feature,value,importance,min,max,rule,importance_ratio
CountDeclMethodPrivate,1.0,0.13769237052205,0.0,21.0,0.49663938447691225 < CountDeclMethodPrivate <= 1.5024396360368288,0.16940287040774776
CountClassCoupled,18.0,0.12999458657972046,0.0,70.0,9.4837322829943 < CountClassCoupled <= 27.470932970550695,0.15993228978904553
CountDeclMethodPublic,17.0,0.10794522720803194,0.0,143.0,13.483597281164696 < CountDeclMethodPublic <= 19.495309567525048,0.13280497144849993
MaxNesting_Min,0.0,-0.09087322508316067,0.0,3.0,MaxNesting_Min <= 0.49971537055981996,0.11180129381120316
CountDeclMethodProtected,4.0,0.04558552748231189,0.0,40.0,3.4928255115593005 < CountDeclMethodProtected <= 6.509690068776928,0.05608385689981462
