Antecedent,Antecedent Coverage %,Confidence,Lift
-22.8 < Del_lines <= 0.8,0.3875,1.0,1.04673
RatioCommentToCode > 2.77,0.1942,1.0,1.04673
CountClassCoupled <= 0.58,0.19732,0.99774,1.04436
CountOutput_Min > 2.19,0.17188,0.9974,1.04401
CountLineComment <= 25,0.16652,0.99732,1.04392
CountInput_Mean <= 0.62,0.19375,0.99539,1.04191
0.493 < OWN_COMMIT <= 0.5106,0.3442,0.99481,1.0413
40.2 < CountLineComment <= 59.6,0.20893,0.99359,1.04002
PercentLackOfCohesion <= 10,0.20045,0.99332,1.03974
