"Rule ID","Antecedent","Consequent","Antecedent Coverage %","Antecedent Coverage","Support %","Support","Confidence","Leverage","Lift","p-value","Consequent Coverage %","Consequent Coverage"
"b'000000'","b'OWN_COMMIT <= 0.055'","b'target = 0'",0.2183,458,0.21687,455,0.99345,0.01178,1.05746,8.46246e-11,0.93947,1971
"b'000001'","b'-43.5 < Added_lines <= 13.5'","b'target = 0'",0.40038,840,0.39609,831,0.98929,0.01995,1.05303,5.22179e-18,0.93947,1971
"b'000002'","b'CountInput_Mean <= 1.32'","b'target = 0'",0.20257,425,0.20019,420,0.98824,0.00988,1.05191,5.35043e-08,0.93947,1971
"b'000003'","b'MINOR_LINE <= 1.02'","b'target = 0'",0.2817,591,0.27741,582,0.98477,0.01276,1.04822,1.11077e-09,0.93947,1971
"b'000004'","b'-0.98 < CountDeclClassMethod <= 0.09'","b'target = 0'",0.52955,1111,0.51478,1080,0.9721,0.01728,1.03473,1.358e-11,0.93947,1971
"b'000005'","b'-0.235 < CountDeclMethodPrivate <= 0.095'","b'target = 0'",0.55338,1161,0.5367,1126,0.96985,0.01682,1.03235,5.89311e-11,0.93947,1971
"b'000006'","b'-0.28 < CountDeclClassVariable <= 0.145'","b'target = 0'",0.51049,1071,0.49428,1037,0.96825,0.0147,1.03064,8.45103e-09,0.93947,1971
"b'000007'","b'-0.0539 < MINOR_COMMIT <= 0.0024'","b'target = 0'",0.97521,2046,0.92612,1943,0.94966,0.00994,1.01085,7.07685e-17,0.93947,1971
