Antecedent,Antecedent Coverage %,Confidence,Lift
MaxInheritanceTree <= 1.55,0.20223,0.98013,1.17974
CountClassCoupled <= 5.6,0.2,0.95313,1.14723
CountOutput_Mean <= 2.81,0.20134,0.94457,1.13693
15.25 < CountDeclMethodPublic <= 24.5,0.19821,0.92568,1.11419
1.87 < MAJOR_COMMIT <= 2.5,0.20848,0.91649,1.10313
1.23 < MINOR_LINE <= 2.03,0.225,0.91468,1.10096
OWN_COMMIT > 0.764,0.19554,0.90868,1.09373
