feature,value,importance,left,right,rec,rule,min,max
Added_lines,240.0,0.1412010830541468,0.0,134.0061958090498,-1,134.0061958090498 < Added_lines <= 623.7822426910362,0.0,1401.0
CountClassCoupled,7.0,0.07053727487421901,0.0,5.519127474876073,-1,5.519127474876073 < CountClassCoupled <= 9.501928024922897,0.0,71.0
RatioCommentToCode,0.2,0.017665048199300513,0.0,0.07999313431515842,-1,0.07999313431515842 < RatioCommentToCode <= 0.24340607599558495,0.0,17.89
MAJOR_LINE,0.0,0.01005387460868941,0.0,0.0,-1,MAJOR_LINE <= 0.5069200848499238,0.0,13.0
MINOR_LINE,1.0,-0.0075372045159964665,1.4940022610410497,8.0,1,MINOR_LINE <= 1.4940022610410497,1.0,8.0
