feature,value,importance,left,right,rec,rule,min,max
CountClassCoupled,13.0,0.09716833209080913,0.0,9.501928024922897,-1,9.501928024922897 < CountClassCoupled <= 21.526921993333502,0.0,71.0
Added_lines,29.0,-0.05780139466552409,53.861024501088394,1401.0,1,0.4309102957807909 < Added_lines <= 53.861024501088394,0.0,1401.0
MINOR_LINE,5.0,0.03920857181049194,1.0,3.5043945735014814,-1,3.5043945735014814 < MINOR_LINE <= 6.500273313638594,1.0,8.0
RatioCommentToCode,0.2,0.016702360460899776,0.0,0.07999313431515842,-1,0.07999313431515842 < RatioCommentToCode <= 0.24340607599558495,0.0,17.89
MAJOR_LINE,1.0,0.00661734331623838,0.0,0.5069200848499238,-1,0.5069200848499238 < MAJOR_LINE <= 1.493592487717048,0.0,13.0
