feature,value,importance,left,right,rec,rule,min,max
CountClassCoupled,22.0,0.1595297487674055,0.0,21.526921993333502,-1,21.526921993333502 < CountClassCoupled <= 36.46242405600909,0.0,71.0
Added_lines,22.0,-0.06822369482720962,53.861024501088394,1401.0,1,0.4309102957807909 < Added_lines <= 53.861024501088394,0.0,1401.0
MINOR_LINE,1.0,-0.02234691316669877,1.4940022610410497,8.0,1,MINOR_LINE <= 1.4940022610410497,1.0,8.0
RatioCommentToCode,0.18,0.009098519524949045,0.0,0.07999313431515842,-1,0.07999313431515842 < RatioCommentToCode <= 0.24340607599558495,0.0,17.89
MAJOR_LINE,2.0,0.00901493018116239,0.0,1.493592487717048,-1,1.493592487717048 < MAJOR_LINE <= 2.495214472445795,0.0,13.0
