feature,value,importance,left,right,rec,rule,min,max
CountClassCoupled,26.0,0.1489044004070981,0.0,21.526921993333502,-1,21.526921993333502 < CountClassCoupled <= 36.46242405600909,0.0,71.0
Added_lines,23.0,-0.06694803452293381,53.861024501088394,1401.0,1,0.4309102957807909 < Added_lines <= 53.861024501088394,0.0,1401.0
RatioCommentToCode,0.28,0.02987079810724799,0.0,0.24340607599558495,-1,0.24340607599558495 < RatioCommentToCode <= 0.9515288232774337,0.0,17.89
MINOR_LINE,2.0,0.017171120824092643,1.0,1.4940022610410497,-1,1.4940022610410497 < MINOR_LINE <= 2.5057683267891098,1.0,8.0
MAJOR_LINE,0.0,0.008574665352847998,0.0,0.0,-1,MAJOR_LINE <= 0.5069200848499238,0.0,13.0
