feature,value,importance,left,right,rec,rule,min,max
Added_lines,319.0,0.14298501353167434,0.0,134.0061958090498,-1,134.0061958090498 < Added_lines <= 623.7822426910362,0.0,1401.0
CountClassCoupled,12.0,0.10586896506781433,0.0,9.501928024922897,-1,9.501928024922897 < CountClassCoupled <= 21.526921993333502,0.0,71.0
RatioCommentToCode,1.06,-0.021181657731498337,2.4494807886813446,17.89,1,0.9515288232774337 < RatioCommentToCode <= 2.4494807886813446,0.0,17.89
MINOR_LINE,3.0,-0.0074552137850244435,3.5043945735014814,8.0,1,2.5057683267891098 < MINOR_LINE <= 3.5043945735014814,1.0,8.0
