feature,value,importance,left,right,rec,rule,min,max
Added_lines,452.0,0.13473774652652218,0.0,134.0061958090498,-1,134.0061958090498 < Added_lines <= 623.7822426910362,0.0,1401.0
CountClassCoupled,10.0,0.11890926920766098,0.0,9.501928024922897,-1,9.501928024922897 < CountClassCoupled <= 21.526921993333502,0.0,71.0
RatioCommentToCode,0.81,0.033450057226307964,0.0,0.24340607599558495,-1,0.24340607599558495 < RatioCommentToCode <= 0.9515288232774337,0.0,17.89
MAJOR_LINE,4.0,0.008810224909903491,0.0,2.495214472445795,-1,2.495214472445795 < MAJOR_LINE <= 6.501702411360784,0.0,13.0
