{
    "16": {
        "Del_lines": [
            0
        ]
    },
    "78": {
        "CountClassCoupled": [
            1
        ]
    },
    "80": {
        "CountClassCoupled": [
            1
        ]
    },
    "85": {
        "OWN_LINE": [
            0.858823529411765,
            0.865384615384615,
            0.875,
            0.885714285714286,
            0.897435897435897,
            0.90625,
            0.916666666666667,
            0.925925925925926,
            0.936170212765957,
            0.945454545454545,
            0.955056179775281,
            0.965217391304348,
            0.975308641975309,
            0.985148514851485
        ]
    },
    "86": {
        "CountClassCoupled": [
            0
        ]
    },
    "95": {
        "CountClassCoupled": [
            1,
            0
        ]
    },
    "96": {
        "RatioCommentToCode": [
            2.06,
            2.07,
            2.08,
            2.1,
            2.11,
            2.12,
            2.15,
            2.18,
            2.2,
            2.22,
            2.25,
            2.27,
            2.29,
            2.3,
            2.33,
            2.34,
            2.36,
            2.38,
            2.4,
            2.5,
            2.54,
            2.55,
            2.56,
            2.57,
            2.6,
            2.62,
            2.64,
            2.67,
            2.69,
            2.7,
            2.71,
            2.73,
            2.75,
            2.79,
            2.8,
            2.83,
            2.86,
            2.88,
            2.89,
            2.9,
            2.92,
            2.98,
            3.0,
            3.07,
            3.08,
            3.1,
            3.11,
            3.12,
            3.16,
            3.17,
            3.18,
            3.2,
            3.25,
            3.29,
            3.33,
            3.38,
            3.4,
            3.43,
            3.45,
            3.5,
            3.52,
            3.55,
            3.56,
            3.57,
            3.62,
            3.64,
            3.65,
            3.67,
            3.69,
            3.75,
            3.77,
            3.8,
            3.81,
            3.82,
            3.86,
            3.88,
            3.94,
            4.0,
            4.12,
            4.14,
            4.17,
            4.2,
            4.25,
            4.33,
            4.38,
            4.4,
            4.43,
            4.44,
            4.5,
            4.57,
            4.59,
            4.62,
            4.67,
            4.71,
            4.75,
            4.78,
            4.8,
            4.88,
            5.0,
            5.07,
            5.14,
            5.17,
            5.2,
            5.23,
            5.25,
            5.27,
            5.29,
            5.33,
            5.4,
            5.5,
            5.8,
            5.83,
            6.0,
            6.04,
            6.12,
            6.14,
            6.18,
            6.25,
            6.35,
            6.4,
            6.5,
            6.67,
            6.78,
            7.0,
            7.5,
            8.5,
            8.67
        ]
    },
    "104": {
        "Del_lines": [
            0
        ]
    },
    "134": {
        "CountDeclClassMethod": [
            1,
            2,
            3,
            4,
            5,
            6,
            7,
            9,
            10,
            12,
            14,
            15,
            18,
            23,
            29,
            45,
            173
        ]
    },
    "147": {
        "CountClassCoupled": [
            1
        ]
    },
    "166": {
        "RatioCommentToCode": [
            1.77,
            1.78,
            1.79,
            1.8,
            1.81,
            1.82,
            1.83,
            1.85,
            1.86,
            1.87,
            1.88,
            1.9,
            1.91,
            1.93,
            1.94,
            1.96,
            2.0,
            2.06,
            2.07,
            2.08,
            2.1,
            2.11,
            2.12,
            2.15,
            2.18,
            2.2,
            2.22,
            2.25,
            2.27,
            2.29,
            2.3,
            2.33,
            2.34,
            2.36,
            2.38,
            2.4,
            2.5,
            2.54,
            2.55,
            2.56,
            2.57,
            2.6,
            2.62,
            2.64,
            2.67,
            2.69,
            2.7,
            2.71,
            2.73,
            2.75,
            2.79,
            2.8,
            2.83,
            2.86,
            2.88,
            2.89,
            2.9,
            2.92,
            2.98,
            3.0,
            3.07,
            3.08,
            3.1,
            3.11,
            3.12,
            3.16,
            3.17,
            3.18,
            3.2,
            3.25,
            3.29,
            3.33,
            3.38,
            3.4,
            3.43,
            3.45,
            3.5,
            3.52,
            3.55,
            3.56,
            3.57,
            3.62,
            3.64,
            3.65,
            3.67,
            3.69,
            3.75,
            3.77,
            3.8,
            3.81,
            3.82,
            3.86,
            3.88,
            3.94,
            4.0,
            4.12,
            4.14,
            4.17,
            4.2,
            4.25,
            4.33,
            4.38,
            4.4,
            4.43,
            4.44,
            4.5,
            4.57,
            4.59,
            4.62,
            4.67,
            4.71,
            4.75,
            4.78,
            4.8,
            4.88,
            5.0,
            5.07,
            5.14,
            5.17,
            5.2,
            5.23,
            5.25,
            5.27,
            5.29,
            5.33,
            5.4,
            5.5,
            5.8,
            5.83,
            6.0,
            6.04,
            6.12,
            6.14,
            6.18,
            6.25,
            6.35,
            6.4,
            6.5,
            6.67,
            6.78,
            7.0,
            7.5,
            8.5,
            8.67
        ]
    },
    "172": {
        "CountClassCoupled": [
            0
        ]
    },
    "192": {
        "CountClassBase": [
            0
        ]
    },
    "195": {
        "CountClassCoupled": [
            2,
            1
        ]
    },
    "202": {
        "OWN_LINE": [
            0.938144329896907,
            0.945454545454545,
            0.955056179775281,
            0.965217391304348,
            0.975308641975309,
            0.985148514851485,
            0.995121951219512
        ]
    },
    "207": {
        "CountLineComment": [
            26,
            25,
            24,
            23,
            22
        ]
    },
    "213": {
        "CountDeclMethodProtected": [
            1
        ]
    },
    "251": {
        "CountLineComment": [
            27,
            26,
            25,
            24,
            23,
            22,
            21,
            20,
            19
        ]
    },
    "263": {
        "CountClassCoupled": [
            1
        ]
    },
    "267": {
        "CountClassCoupled": [
            1
        ]
    },
    "268": {
        "CountClassCoupled": [
            3,
            2
        ]
    },
    "275": {
        "Del_lines": [
            0
        ]
    },
    "282": {
        "Del_lines": [
            0
        ]
    },
    "283": {
        "CountClassCoupled": [
            0
        ]
    },
    "284": {
        "CountLineComment": [
            17,
            16,
            15,
            11,
            7,
            3,
            2,
            0
        ]
    },
    "299": {
        "CountDeclInstanceVariable": [
            0
        ]
    },
    "302": {
        "CountClassCoupled": [
            0
        ]
    },