{
    "6": {
        "CountClassCoupled": [
            1,
            0
        ],
        "OWN_COMMIT": [
            0.666666666666667,
            0.6166666666666669,
            0.716666666666667,
            0.5666666666666669,
            0.766666666666667,
            0.5166666666666668,
            0.8166666666666671,
            0.4666666666666668,
            0.8666666666666671,
            0.41666666666666674,
            0.9166666666666672,
            0.3666666666666667,
            0.9666666666666672,
            0.31666666666666665,
            1.0166666666666673,
            0.2666666666666666,
            1.0666666666666673,
            0.21666666666666656,
            1.1166666666666674,
            0.16666666666666652,
            1.1666666666666674,
            0.11666666666666647,
            1.2166666666666675,
            0.06666666666666643,
            1.2666666666666675,
            0.016666666666666385,
            1.3166666666666675,
            -0.03333333333333366,
            1.3666666666666676,
            -0.0833333333333337,
            1.4166666666666676,
            -0.13333333333333375,
            1.4666666666666677,
            -0.1833333333333338,
            -0.23333333333333384,
            -0.2833333333333339,
            -0.3333333333333339,
            -0.38333333333333397,
            -0.433333333333334,
            -0.48333333333333406,
            -0.5333333333333341,
            -0.5833333333333341,
            -0.6333333333333342,
            -0.6833333333333342,
            -0.7333333333333343,
            -0.7833333333333343,
            -0.8333333333333344,
            -0.8833333333333344,
            -0.9333333333333345,
            -0.9833333333333345,
            -1.0333333333333345,
            -1.0833333333333346,
            -1.1333333333333346,
            -1.1833333333333347,
            -1.2333333333333347,
            -1.2833333333333348,
            -1.3333333333333348,
            -1.3833333333333346,
            -1.433333333333335,
            -1.4833333333333352,
            -1.533333333333335,
            -1.5833333333333348,
            -1.633333333333335,
            -1.6833333333333353,
            -1.7333333333333352,
            -1.783333333333335,
            -1.8333333333333353,
            -1.8833333333333355,
            -1.9333333333333353,
            -1.9833333333333352,
            -2.0333333333333354,
            -2.0833333333333357,
            -2.1333333333333355,
            -2.1833333333333353,
            -2.2333333333333356,
            -2.283333333333336,
            -2.3333333333333357,
            -2.3833333333333355,
            -2.433333333333336,
            -2.483333333333336,
            -2.533333333333336,
            -2.5833333333333357,
            -2.633333333333336,
            -2.6833333333333362,
            -2.733333333333336
        ],
        "MAJOR_LINE": [
            2,
            3,
            4,
            5
        ],
        "RatioCommentToCode": [
            -1.0106199444754391,
            -1.0606199444754392
        ],
        "CountClassBase": [
            0,
            -1
        ]
    },
    "187": {
        "CountClassCoupled": [
            0
        ],
        "RatioCommentToCode": [
            -0.5606199444754387,
            -0.6106199444754388,
            -0.6606199444754388,
            -0.7106199444754389,
            -0.7606199444754389,
            -0.810619944475439,
            -0.860619944475439,
            -0.910619944475439,
            -0.9606199444754391,
            -1.0106199444754391,
            -1.0606199444754392
        ],
        "MAJOR_LINE": [
            4
        ],
        "OWN_COMMIT": [
            -2.769134484198831
        ]
    },
    "291": {
        "CountClassCoupled": [
            1,
            0
        ],
        "RatioCommentToCode": [
            -1.0106199444754391,
            -1.0606199444754392
        ],
        "CountClassBase": [
            0,
            -1
        ],
        "OWN_COMMIT": [
            -2.769134484198831
        ],
        "MAJOR_LINE": [
            4,
            3,
            2
        ]
    },
    "354": {
        "CountClassCoupled": [
            1,
            0
        ],
        "MAJOR_LINE": [
            0,
            2,
            3
        ],