"Rule ID","Antecedent","Consequent","Antecedent Coverage %","Antecedent Coverage","Support %","Support","Confidence","Leverage","Lift","p-value","Consequent Coverage %","Consequent Coverage"
"b'000000'","b'0.72 < CountClassCoupled <= 2.14'","b'target = 0'",0.23973,537,0.2375,532,0.99069,0.01564,1.0705,9.44632e-15,0.92545,2073
"b'000001'","b'CountClassCoupled <= 0.72'","b'target = 0'",0.18839,422,0.18661,418,0.99052,0.01226,1.07032,2.28732e-11,0.92545,2073
"b'000002'","b'-0.33 < Del_lines <= 0.47'","b'target = 0'",0.82723,1853,0.81786,1832,0.98867,0.0523,1.06831,2.09867e-98,0.92545,2073
"b'000003'","b'RatioCommentToCode > 1.82'","b'target = 0'",0.20223,453,0.19777,443,0.97792,0.01061,1.05671,9.08188e-08,0.92545,2073
"b'000004'","b'2.14 < CountClassCoupled <= 3.84'","b'target = 0'",0.17545,393,0.17143,384,0.9771,0.00906,1.05581,1.38571e-06,0.92545,2073
"b'000005'","b'-0.108 < MAJOR_LINE <= 0.024'","b'target = 0'",0.525,1176,0.50938,1141,0.97024,0.02352,1.0484,3.96113e-18,0.92545,2073
"b'000006'","b'0.8 < AvgCyclomaticModified <= 1.105'","b'target = 0'",0.4625,1036,0.44777,1003,0.96815,0.01975,1.04614,1.20263e-13,0.92545,2073
"b'000007'","b'17.9 < CountLineComment <= 24.5'","b'target = 0'",0.32277,723,0.31071,696,0.96266,0.01201,1.04021,8.35742e-07,0.92545,2073
"b'000008'","b'-0.21 < CountDeclClassVariable <= 0.13'","b'target = 0'",0.4625,1036,0.44241,991,0.95656,0.01439,1.03362,8.61418e-08,0.92545,2073
