"Rule ID","Antecedent","Consequent","Antecedent Coverage %","Antecedent Coverage","Support %","Support","Confidence","Leverage","Lift","p-value","Consequent Coverage %","Consequent Coverage"
"b'000000'","b'RatioCommentToCode > 1.655'","b'target = 0'",0.20045,449,0.19643,440,0.97996,0.01075,1.05788,3.96384e-08,0.92634,2075
"b'000001'","b'-0.17 < Del_lines <= 0.75'","b'target = 0'",0.83705,1875,0.81696,1830,0.976,0.04157,1.05361,4.66126e-65,0.92634,2075
"b'000002'","b'OWN_LINE > 0.966'","b'target = 0'",0.20134,451,0.19643,440,0.97561,0.00992,1.05319,5.87402e-07,0.92634,2075
"b'000003'","b'19.4 < CountLineComment <= 25.5'","b'target = 0'",0.19732,442,0.19241,431,0.97511,0.00962,1.05265,1.062e-06,0.92634,2075
"b'000004'","b'-0.9 < CountDeclInstanceVariable <= 1.02'","b'target = 0'",0.36652,821,0.35446,794,0.96711,0.01494,1.04402,2.49592e-09,0.92634,2075
"b'000005'","b'0.848 < CountClassBase <= 1.016'","b'target = 0'",0.42589,954,0.40938,917,0.96122,0.01485,1.03765,1.50426e-08,0.92634,2075
"b'000006'","b'-0.21 < CountDeclClassVariable <= 0.26'","b'target = 0'",0.41518,930,0.39777,891,0.95806,0.01317,1.03425,4.64633e-07,0.92634,2075
"b'000007'","b'-0.172 < MAJOR_LINE <= 0.028'","b'target = 0'",0.48973,1097,0.46696,1046,0.95351,0.01331,1.02933,7.96621e-07,0.92634,2075
