"Rule ID","Antecedent","Consequent","Antecedent Coverage %","Antecedent Coverage","Support %","Support","Confidence","Leverage","Lift","p-value","Consequent Coverage %","Consequent Coverage"
"b'000000'","b'-0.2 < Del_lines <= 0.52'","b'target = 0'",0.80893,1812,0.80313,1799,0.99283,0.04981,1.06612,7.21143e-94,0.93125,2086
"b'000001'","b'1.96 < CountClassCoupled <= 3.76'","b'target = 0'",0.2192,491,0.21652,485,0.98778,0.01239,1.0607,9.34804e-11,0.93125,2086
"b'000002'","b'20.8 < CountLineComment <= 26.5'","b'target = 0'",0.20848,467,0.2058,461,0.98715,0.01165,1.06003,5.73386e-10,0.93125,2086
"b'000003'","b'-0.16 < AvgLineComment <= 0.41 & 0.989 < AvgEssential <= 1.038'","b'target = 0'",0.27054,606,0.26696,598,0.9868,0.01503,1.05965,5.36467e-10,0.93125,2086
"b'000004'","b'0.815 < AvgCyclomaticModified <= 1.16'","b'target = 0'",0.35625,798,0.34643,776,0.97243,0.01467,1.04422,8.76877e-10,0.93125,2086
"b'000005'","b'-0.006 < CountDeclMethodPrivate <= 0.184'","b'target = 0'",0.70223,1573,0.66786,1496,0.95105,0.0139,1.02126,3.78054e-08,0.93125,2086
