"Rule ID","Antecedent","Consequent","Antecedent Coverage %","Antecedent Coverage","Support %","Support","Confidence","Leverage","Lift","p-value","Consequent Coverage %","Consequent Coverage"
"b'000000'","b'0.48 < CountClassCoupled <= 2'","b'target = 0'",0.20714,464,0.20402,457,0.98491,0.01102,1.05712,5.36966e-09,0.9317,2087
"b'000001'","b'-0.18 < Del_lines <= 0.67'","b'target = 0'",0.83348,1867,0.81875,1834,0.98232,0.0422,1.05434,2.11574e-70,0.9317,2087
"b'000002'","b'18.9 < CountLineComment <= 25.6'","b'target = 0'",0.24955,559,0.24509,549,0.98211,0.01258,1.05411,9.16254e-10,0.9317,2087
"b'000003'","b'OWN_LINE > 0.984'","b'target = 0'",0.22277,499,0.21875,490,0.98196,0.0112,1.05395,1.25057e-08,0.9317,2087
"b'000004'","b'0.51 < CountDeclMethodProtected <= 1.4'","b'target = 0'",0.17054,382,0.16741,375,0.98168,0.00852,1.05364,1.38267e-06,0.9317,2087
"b'000005'","b'RatioCommentToCode > 1.975'","b'target = 0'",0.19955,447,0.19509,437,0.97763,0.00917,1.0493,1.57206e-06,0.9317,2087
"b'000006'","b'CountClassCoupled <= 0.48'","b'target = 0'",0.21429,480,0.20938,469,0.97708,0.00973,1.04871,7.68517e-07,0.9317,2087
"b'000007'","b'-0.22 < CountDeclClassVariable <= 0.09'","b'target = 0'",0.43795,981,0.42634,955,0.9735,0.01831,1.04486,3.45935e-13,0.9317,2087
"b'000008'","b'-0.06 < MAJOR_LINE <= 0.018'","b'target = 0'",0.56027,1255,0.54375,1218,0.97052,0.02175,1.04167,1.1345e-16,0.9317,2087
