"Rule ID","Antecedent","Consequent","Antecedent Coverage %","Antecedent Coverage","Support %","Support","Confidence","Leverage","Lift","p-value","Consequent Coverage %","Consequent Coverage"
"b'000000'","b'-0.16 < Del_lines <= 0.4'","b'target = 0'",0.88705,1987,0.87723,1965,0.98893,0.04602,1.05536,9.56592e-102,0.93705,2099
"b'000001'","b'0.99 < RatioCommentToCode <= 1.8'","b'target = 0'",0.19464,436,0.19241,431,0.98853,0.01002,1.05494,1.09032e-08,0.93705,2099
"b'000002'","b'CountClassCoupled <= 0.14'","b'target = 0'",0.17723,397,0.175,392,0.98741,0.00892,1.05373,1.42527e-07,0.93705,2099
"b'000003'","b'-0.076 < MAJOR_LINE <= 0.03'","b'target = 0'",0.49688,1113,0.48438,1085,0.97484,0.01878,1.04033,4.20348e-14,0.93705,2099
"b'000004'","b'16.9 < CountLineComment <= 25.7'","b'target = 0'",0.27723,621,0.27009,605,0.97424,0.01031,1.03968,1.08745e-06,0.93705,2099
"b'000005'","b'0.895 < AvgCyclomaticModified <= 1.15'","b'target = 0'",0.36429,816,0.35402,793,0.97181,0.01266,1.0371,5.10579e-08,0.93705,2099
"b'000006'","b'-0.016 < CountDeclMethodPrivate <= 0.14'","b'target = 0'",0.73973,1657,0.71384,1599,0.965,0.02067,1.02982,1.42753e-17,0.93705,2099
"b'000007'","b'-0.08 < CountDeclMethodDefault <= 0.53'","b'target = 0'",0.71607,1604,0.68259,1529,0.95324,0.01159,1.01728,1.21201e-06,0.93705,2099
