feature,value,importance,min,max,rule,importance_ratio
CountClassCoupled,19.0,0.06050224963234799,0.0,207.0,17.521480766172985 < CountClassCoupled <= 59.045190785127026,0.1515941647616992
CountLineComment,92.0,0.04381494536148721,0.0,3673.0,86.3668363350647 < CountLineComment <= 112.89352477721641,0.10978253017889267
MINOR_LINE,4.0,0.04286580684355235,1.0,7.0,3.4962585775144284 < MINOR_LINE <= 4.494567851334727,0.10740437297409737
CountDeclMethodPrivate,2.0,0.0426130463560651,0.0,257.0,1.5226356484324164 < CountDeclMethodPrivate <= 2.457998312089133,0.10677105743263851
CountInput_Mean,8.4,0.0399041497696326,0.0,37.75,4.40326237884732 < CountInput_Mean <= 13.536697610675194,0.09998365832035006
