feature,value,importance,min,max,rule,importance_ratio
RatioCommentToCode,0.08,0.3478692372524878,0.0,43.0,RatioCommentToCode <= 0.11008147307571425,0.4421023970487612
CountLineComment,274.0,0.05945407764415369,0.0,3673.0,CountLineComment > 115.54619362143157,0.07555939826241573
CountDeclMethodPrivate,41.0,0.05317899394462258,0.0,257.0,CountDeclMethodPrivate > 29.498482588710576,0.06758447766536753
MINOR_LINE,6.0,0.04005716264346926,1.0,7.0,5.505201931004661 < MINOR_LINE <= 6.50351120482496,0.05090811640465975
CountClassCoupled,89.0,0.03764994158546751,0.0,207.0,CountClassCoupled > 59.045190785127026,0.04784881110829521
