feature,value,importance,min,max,rule,importance_ratio
RatioCommentToCode,0.07,0.32602468379723143,0.0,43.0,RatioCommentToCode <= 0.11008147307571425,0.3404001522531344
MAJOR_LINE,9.0,0.1124798741230965,0.0,13.0,MAJOR_LINE > 8.50344203197641,0.11743947062832971
CountLineComment,296.0,0.10344257665392254,0.0,3673.0,CountLineComment > 115.54619362143157,0.1080036898811978
CountClassCoupled,74.0,0.07388403848438162,0.0,207.0,CountClassCoupled > 59.045190785127026,0.07714182146037102
PercentLackOfCohesion,100.0,-0.054736959972272216,0.0,100.0,PercentLackOfCohesion > 99.5594681206226,0.057150487169933144
