feature,value,importance,min,max,rule,importance_ratio
MINOR_COMMIT,1.0,0.1296204940564517,0.0,1.0,MINOR_COMMIT > 0.5001844411582251,0.15250714810397104
CountLineComment,227.0,0.12424653564541491,0.0,3673.0,CountLineComment > 115.54619362143157,0.1461843279568758
MAJOR_LINE,14.0,0.07881704705099532,0.0,13.0,MAJOR_LINE > 8.50344203197641,0.09273350757704127
CountDeclMethodPrivate,6.0,0.05391595746925512,0.0,257.0,2.457998312089133 < CountDeclMethodPrivate <= 29.498482588710576,0.06343571647975697
CountInput_Mean,8.8030303030303,0.05057664726820737,0.0,37.75,4.40326237884732 < CountInput_Mean <= 13.536697610675194,0.05950679552398205
