feature,value,importance,min,max,rule,importance_ratio
MINOR_LINE,3.0,0.07743554670982428,1.0,7.0,2.4979493036941283 < MINOR_LINE <= 3.4962585775144284,0.11192022011418154
CountClassDerived,2.0,0.07315623453331568,0.0,104.0,1.4996086330640555 < CountClassDerived <= 2.50951442421908,0.10573518519053225
AvgLineComment,0.0,0.05827810674424162,0.0,23.0,AvgLineComment <= 2.4926425048580265,0.08423132284576197
AvgLineBlank,1.0,0.052575859135218235,0.0,35.0,0.5029667521507191 < AvgLineBlank <= 1.5075390176439099,0.0759896711152074
CountClassCoupled,12.0,0.04394340810275348,0.0,207.0,11.454704951715415 < CountClassCoupled <= 13.476963556534606,0.06351289706596093
