feature,value,importance,min,max,rule,importance_ratio
CountLineComment,134.0,0.08711959590996673,0.0,3673.0,CountLineComment > 115.54619362143157,0.1329013767588616
RatioCommentToCode,0.2,0.08651832035405174,0.0,43.0,0.1741563206766571 < RatioCommentToCode <= 0.23823116827760005,0.13198412790849806
CountClassCoupled,39.0,0.06439808506841906,0.0,207.0,17.521480766172985 < CountClassCoupled <= 59.045190785127026,0.09823959898840684
MINOR_COMMIT,0.0,-0.06422547596551594,0.0,1.0,MINOR_COMMIT <= 0.5001844411582251,0.09797628294363726
MAJOR_LINE,5.0,0.054294585583923194,0.0,13.0,2.4998111840441277 < MAJOR_LINE <= 6.502231749332315,0.08282666028561918
