feature,value,importance,min,max,rule,importance_ratio
CountInput_Mean,4.63636363636364,0.07131802992480124,0.0,37.75,4.40326237884732 < CountInput_Mean <= 13.536697610675194,0.11126147720790813
PercentLackOfCohesion,100.0,-0.06741298245300903,0.0,100.0,PercentLackOfCohesion > 99.5594681206226,0.10516931018174754
OWN_COMMIT,0.666666666666667,0.06491895961490338,0.0,1.0,0.47314245730383975 < OWN_COMMIT <= 0.8757602249511109,0.10127844744408523
MaxInheritanceTree,3.0,0.05439344698084827,0.0,5.0,2.5013180141977607 < MaxInheritanceTree <= 3.500166560500352,0.0848578580746049
RatioCommentToCode,0.37,0.03963217291863543,0.0,43.0,0.23823116827760005 < RatioCommentToCode <= 0.3663808634794856,0.061829163095729174
