feature,value,importance,min,max,rule,importance_ratio
CountDeclMethodPrivate,2.0,0.08989035379795142,0.0,257.0,1.5226356484324164 < CountDeclMethodPrivate <= 2.457998312089133,0.14038292659990104
OWN_COMMIT,0.5,0.0751016867580969,0.0,1.0,0.47314245730383975 < OWN_COMMIT <= 0.8757602249511109,0.11728727426513867
MINOR_LINE,6.0,0.07230715045970343,1.0,7.0,5.505201931004661 < MINOR_LINE <= 6.50351120482496,0.1129230108321576
CountDeclClass,4.0,0.04845946323409819,0.0,392.0,2.5010600809653853 < CountDeclClass <= 11.495318770922651,0.07567976966198176
AvgLineComment,2.0,0.040448373459121806,0.0,23.0,AvgLineComment <= 2.4926425048580265,0.06316874728472464
