feature,value,importance,min,max,rule,importance_ratio
MAJOR_LINE,13.0,0.10624910921351204,0.0,13.0,MAJOR_LINE > 8.50344203197641,0.16083567215624198
CountLineComment,679.0,0.07951784625216593,0.0,3673.0,CountLineComment > 115.54619362143157,0.1203709503548229
OWN_COMMIT,0.444444444444444,0.06665709017583987,0.0,1.0,0.1422783512174683 < OWN_COMMIT <= 0.47314245730383975,0.1009028497440526
CountDeclMethodPrivate,9.0,0.05817140759943251,0.0,257.0,2.457998312089133 < CountDeclMethodPrivate <= 29.498482588710576,0.0880575612424957
CountClassCoupled,45.0,0.05074102799232086,0.0,207.0,17.521480766172985 < CountClassCoupled <= 59.045190785127026,0.07680974836827863
