feature,value,importance,min,max,rule,importance_ratio
CountLineComment,213.0,0.12376349502227281,0.0,3673.0,CountLineComment > 115.54619362143157,0.16774935560385718
MINOR_COMMIT,0.0,-0.12100806354724422,0.0,1.0,MINOR_COMMIT <= 0.5001844411582251,0.16401463678177278
MAJOR_LINE,3.0,0.06706619302759391,0.0,13.0,2.4998111840441277 < MAJOR_LINE <= 6.502231749332315,0.09090168842725507
CountClassCoupled,51.0,0.0641472654299305,0.0,207.0,17.521480766172985 < CountClassCoupled <= 59.045190785127026,0.08694536654515056
OWN_COMMIT,0.8,0.05829660259458713,0.0,1.0,0.47314245730383975 < OWN_COMMIT <= 0.8757602249511109,0.07901536327312222
