feature,value,importance,min,max,rule,importance_ratio
MINOR_COMMIT,0.0,-0.09354024134587155,0.0,1.0,MINOR_COMMIT <= 0.5001844411582251,0.1489331216074961
CountLineComment,216.0,0.0891108835281299,0.0,3673.0,CountLineComment > 115.54619362143157,0.1418807762530125
CountClassCoupled,31.0,0.06666557107725872,0.0,207.0,17.521480766172985 < CountClassCoupled <= 59.045190785127026,0.10614374585126893
MAJOR_LINE,4.0,0.06178095816532587,0.0,13.0,2.4998111840441277 < MAJOR_LINE <= 6.502231749332315,0.09836655136950005
RatioCommentToCode,0.37,0.05310381318887045,0.0,43.0,0.23823116827760005 < RatioCommentToCode <= 0.3663808634794856,0.0845509542597397
