feature,value,importance,min,max,rule,importance_ratio
RatioCommentToCode,0.1,0.3429231504164068,0.0,43.0,RatioCommentToCode <= 0.11008147307571425,0.3702728651462705
CountClassBase,4.0,0.1374901620675272,0.0,5.0,3.49747774359187 < CountClassBase <= 4.50391945648793,0.14845564137723113
MINOR_LINE,3.0,0.03716769730854721,1.0,7.0,2.4979493036941283 < MINOR_LINE <= 3.4962585775144284,0.040131993878552284
MaxNesting_Min,0.0,0.03691376062553717,0.0,4.0,MaxNesting_Min <= 0.501919359522891,0.03985780456508746
OWN_COMMIT,1.0,0.03228505779198789,0.0,1.0,OWN_COMMIT > 0.8757602249511109,0.03485994117205667
