feature,value,importance,min,max,rule,importance_ratio
CountClassCoupled,27.0,0.2726751792610439,0.0,132.0,19.508692962965362 < CountClassCoupled <= 35.464692589333026,0.29251139631398354
Del_lines,13.0,0.09538939250737459,0.0,20224.0,6.117765502847519 < Del_lines <= 541.5758170227919,0.10232865518413214
OWN_COMMIT,0.5,0.09012597858503213,0.0,1.0,0.48523577667359796 < OWN_COMMIT <= 0.9163585933794693,0.09668234531472918
CountDeclClassMethod,2.0,0.07734383865274301,0.0,247.0,1.5382515305679796 < CountDeclClassMethod <= 36.01015640726675,0.08297034699641073
MAJOR_LINE,5.0,0.04480511514844204,0.0,11.0,3.500975425350002 < MAJOR_LINE <= 8.507443078039072,0.04806453902257324
