feature,value,importance,min,max,rule,importance_ratio
CountClassCoupled,32.0,0.2194614237037043,0.0,132.0,19.508692962965362 < CountClassCoupled <= 35.464692589333026,0.20603203017975055
Del_lines,15.0,0.1356879248003534,0.0,20224.0,6.117765502847519 < Del_lines <= 541.5758170227919,0.12738484124315952
MINOR_LINE,3.0,0.10530705212398514,0.0,9.0,2.50559309695177 < MINOR_LINE <= 3.4946299554765177,0.0988630501670406
CountDeclClassMethod,15.0,0.08472739177488645,0.0,247.0,1.5382515305679796 < CountDeclClassMethod <= 36.01015640726675,0.07954271071704663
OWN_COMMIT,0.5,0.08171183872733123,0.0,1.0,0.48523577667359796 < OWN_COMMIT <= 0.9163585933794693,0.07671168690421766
