feature,value,importance,min,max,rule,importance_ratio
CountClassCoupled,67.0,0.2679668166601291,0.0,132.0,CountClassCoupled > 35.464692589333026,0.2137348834416089
CountDeclMethodProtected,133.0,0.10470405877706744,0.0,83.0,CountDeclMethodProtected > 23.98489973706664,0.08351373531060663
CountDeclMethodDefault,131.0,0.08381284245977588,0.0,82.0,CountDeclMethodDefault > 39.50392024684733,0.06685054641213536
RatioCommentToCode,0.02,-0.08204792978105184,0.0,344.0,0.08289060708908269 < RatioCommentToCode <= 0.08289060708908269,0.06544282208875339
Del_lines,80.0,0.07339794386403377,0.0,20224.0,6.117765502847519 < Del_lines <= 541.5758170227919,0.05854344643176555
