feature,value,importance,min,max,rule,importance_ratio
CountClassCoupled,53.0,0.33276940486340145,0.0,132.0,CountClassCoupled > 35.464692589333026,0.3352128305073933
Del_lines,6460.0,0.09530735199750515,0.0,20224.0,Del_lines > 748.0174754401199,0.09600716521509123
OWN_COMMIT,0.555555555555556,0.08948552998678522,0.0,1.0,0.48523577667359796 < OWN_COMMIT <= 0.9163585933794693,0.0901425953165311
CountDeclClassMethod,431.0,0.08871186696636493,0.0,247.0,CountDeclClassMethod > 47.46896135242978,0.08936325152126712
CountDeclMethodDefault,263.0,0.07934971262959059,0.0,82.0,CountDeclMethodDefault > 39.50392024684733,0.07993235370130244
