feature,value,importance,min,max,rule,importance_ratio
CountClassCoupled,44.0,0.3323415912882242,0.0,132.0,CountClassCoupled > 35.464692589333026,0.3620163027701407
OWN_COMMIT,0.545454545454545,0.09109795395875889,0.0,1.0,0.48523577667359796 < OWN_COMMIT <= 0.9163585933794693,0.0992320712982123
Del_lines,90.0,0.0889303405154741,0.0,20224.0,6.117765502847519 < Del_lines <= 541.5758170227919,0.09687091210194344
CountDeclMethodDefault,4.0,0.06730663299586526,0.0,82.0,1.5073097577855388 < CountDeclMethodDefault <= 39.50392024684733,0.07331642824066016
MINOR_COMMIT,0.0,-0.057894834035678064,0.0,5.0,MINOR_COMMIT <= 0.5016356687429404,0.06306425171115712
