feature,value,importance,min,max,rule,importance_ratio
CountClassCoupled,21.0,0.29638447232123033,0.0,132.0,19.508692962965362 < CountClassCoupled <= 35.464692589333026,0.3347140694084636
OWN_COMMIT,0.5,0.0856386372552088,0.0,1.0,0.48523577667359796 < OWN_COMMIT <= 0.9163585933794693,0.09671376017033309
Del_lines,6.0,0.08480245294479997,0.0,20224.0,6.117765502847519 < Del_lines <= 541.5758170227919,0.09576943724032108
CountDeclClassMethod,6.0,0.08059742294606778,0.0,247.0,1.5382515305679796 < CountDeclClassMethod <= 36.01015640726675,0.0910205963451245
MINOR_COMMIT,0.0,-0.04932542315083903,0.0,5.0,MINOR_COMMIT <= 0.5016356687429404,0.055704379446092696
