feature,value,importance,min,max,rule,importance_ratio
CountClassCoupled,18.0,0.14041336277924943,0.0,132.0,14.528794990404752 < CountClassCoupled <= 19.508692962965362,0.2114887077199216
Del_lines,40.0,0.09294238882787878,0.0,20224.0,6.117765502847519 < Del_lines <= 541.5758170227919,0.13998856886942532
OWN_COMMIT,0.5,0.08545593012488624,0.0,1.0,0.48523577667359796 < OWN_COMMIT <= 0.9163585933794693,0.1287125660363927
CountDeclMethodDefault,2.0,0.04941463301227037,0.0,82.0,1.5073097577855388 < CountDeclMethodDefault <= 39.50392024684733,0.07442765183716299
MINOR_COMMIT,0.0,-0.03944827782799517,0.0,5.0,MINOR_COMMIT <= 0.5016356687429404,0.05941646246828624
