feature,value,importance,min,max,rule,importance_ratio
CountClassCoupled,24.0,0.2809262602028179,0.0,132.0,19.508692962965362 < CountClassCoupled <= 35.464692589333026,0.33426990426621855
OWN_COMMIT,1.0,-0.09660830004649866,0.0,1.0,OWN_COMMIT > 0.9163585933794693,0.11495275373883077
Del_lines,20.0,0.09282848812228234,0.0,20224.0,6.117765502847519 < Del_lines <= 541.5758170227919,0.11045521275017446
CountDeclClassMethod,2.0,0.07298027301893929,0.0,247.0,1.5382515305679796 < CountDeclClassMethod <= 36.01015640726675,0.08683812206716097
MINOR_COMMIT,0.0,-0.030829876470497345,0.0,5.0,MINOR_COMMIT <= 0.5016356687429404,0.03668400329998455
