feature,value,importance,min,max,rule,importance_ratio
CountClassCoupled,21.0,0.25776491941922886,0.0,132.0,19.508692962965362 < CountClassCoupled <= 35.464692589333026,0.29272894627149537
Del_lines,68.0,0.10075795349432001,0.0,20224.0,6.117765502847519 < Del_lines <= 541.5758170227919,0.114425072353986
OWN_COMMIT,0.5,0.0817685078619897,0.0,1.0,0.48523577667359796 < OWN_COMMIT <= 0.9163585933794693,0.09285983988264596
CountDeclClassMethod,19.0,0.07082587867415367,0.0,247.0,1.5382515305679796 < CountDeclClassMethod <= 36.01015640726675,0.08043291879962136
MINOR_COMMIT,0.0,-0.04355901993180158,0.0,5.0,MINOR_COMMIT <= 0.5016356687429404,0.04946749943314488
