feature,value,importance,min,max,rule,importance_ratio
CountClassCoupled,30.0,0.2853618566669113,0.0,132.0,19.508692962965362 < CountClassCoupled <= 35.464692589333026,0.3579424089038663
Del_lines,21.0,0.09326184844317188,0.0,20224.0,6.117765502847519 < Del_lines <= 541.5758170227919,0.11698259564361406
CountDeclClassMethod,3.0,0.07500001221292148,0.0,247.0,1.5382515305679796 < CountDeclClassMethod <= 36.01015640726675,0.09407594046687234
OWN_COMMIT,0.3,0.05534110978390846,0.0,1.0,0.12394271196938178 < OWN_COMMIT <= 0.48523577667359796,0.06941688135491597
MAJOR_LINE,4.0,0.040919616761439966,0.0,11.0,3.500975425350002 < MAJOR_LINE <= 8.507443078039072,0.05132734404692847
