feature,value,importance,min,max,rule,importance_ratio
CountClassCoupled,19.0,0.13376984079125065,0.0,132.0,14.528794990404752 < CountClassCoupled <= 19.508692962965362,0.19438376568022162
Del_lines,65.0,0.08772277527528574,0.0,20224.0,6.117765502847519 < Del_lines <= 541.5758170227919,0.12747180749463205
OWN_COMMIT,0.6,0.0846675348497655,0.0,1.0,0.48523577667359796 < OWN_COMMIT <= 0.9163585933794693,0.12303217345262225
CountDeclClassMethod,2.0,0.08237146338409491,0.0,247.0,1.5382515305679796 < CountDeclClassMethod <= 36.01015640726675,0.11969570377359767
CountDeclMethodDefault,0.0,-0.04828069063539857,0.0,82.0,CountDeclMethodDefault <= 0.5004260767643754,0.07015768576712263
