feature,value,importance,min,max,rule,importance_ratio
CountClassCoupled,17.0,0.14001480068828945,0.0,132.0,14.528794990404752 < CountClassCoupled <= 19.508692962965362,0.20324060750215414
MAJOR_LINE,10.0,0.11767855795081346,0.0,11.0,MAJOR_LINE > 8.507443078039072,0.17081809558938402
Del_lines,21.0,0.0952824736390204,0.0,20224.0,6.117765502847519 < Del_lines <= 541.5758170227919,0.1383087197318145
CountDeclClassMethod,23.0,0.07996176916283237,0.0,247.0,1.5382515305679796 < CountDeclClassMethod <= 36.01015640726675,0.11606971878481064
OWN_COMMIT,0.333333333333333,0.05951793546797466,0.0,1.0,0.12394271196938178 < OWN_COMMIT <= 0.48523577667359796,0.08639416191946128
