feature,value,importance,min,max,rule,importance_ratio
CountClassCoupled,22.0,0.28162593099629063,0.0,132.0,19.508692962965362 < CountClassCoupled <= 35.464692589333026,0.30074341146987105
MAJOR_LINE,10.0,0.09925578448635297,0.0,11.0,MAJOR_LINE > 8.507443078039072,0.10599351817122715
Del_lines,39.0,0.09218747126942609,0.0,20224.0,6.117765502847519 < Del_lines <= 541.5758170227919,0.09844538997622736
MINOR_COMMIT,0.0,-0.08574713257719382,0.0,5.0,MINOR_COMMIT <= 0.5016356687429404,0.09156786480490764
CountDeclClassMethod,20.0,0.08131605751175726,0.0,247.0,1.5382515305679796 < CountDeclClassMethod <= 36.01015640726675,0.08683599715712337
