feature,value,importance,min,max,rule,importance_ratio
CountClassCoupled,24.0,0.3027791882875053,0.0,132.0,19.508692962965362 < CountClassCoupled <= 35.464692589333026,0.3748190354153748
CountDeclClassMethod,21.0,0.07662797530716142,0.0,247.0,1.5382515305679796 < CountDeclClassMethod <= 36.01015640726675,0.09485996693798737
Del_lines,95.0,0.07456231320585371,0.0,20224.0,6.117765502847519 < Del_lines <= 541.5758170227919,0.09230282461692711
MINOR_COMMIT,0.0,-0.050297680283639554,0.0,5.0,MINOR_COMMIT <= 0.5016356687429404,0.06226494005143839
CountDeclMethodDefault,2.0,0.04076623825416642,0.0,82.0,1.5073097577855388 < CountDeclMethodDefault <= 39.50392024684733,0.050465694773680604
