feature,value,importance,min,max,rule,importance_ratio
CountClassCoupled,21.0,0.266872818633523,0.0,132.0,19.508692962965362 < CountClassCoupled <= 35.464692589333026,0.37018378853994677
Del_lines,31.0,0.0908539678100968,0.0,20224.0,6.117765502847519 < Del_lines <= 541.5758170227919,0.12602507134311527
OWN_COMMIT,0.333333333333333,0.0561486638827729,0.0,1.0,0.12394271196938178 < OWN_COMMIT <= 0.48523577667359796,0.07788475883009996
CountDeclClassMethod,0.0,-0.056066771291357266,0.0,247.0,CountDeclClassMethod <= 0.48786107726136896,0.07777116423512091
MINOR_COMMIT,0.0,-0.04924016771664347,0.0,5.0,MINOR_COMMIT <= 0.5016356687429404,0.0683018672603017
