feature,value,importance,min,max,rule,importance_ratio
CountClassCoupled,29.0,0.29332338742901337,0.0,132.0,19.508692962965362 < CountClassCoupled <= 35.464692589333026,0.3302978477279954
Del_lines,134.0,0.0878610778431787,0.0,20224.0,6.117765502847519 < Del_lines <= 541.5758170227919,0.09893628041400875
CountDeclClassMethod,2.0,0.07833336435021135,0.0,247.0,1.5382515305679796 < CountDeclClassMethod <= 36.01015640726675,0.08820756461647386
MAJOR_LINE,9.0,0.06476657024502339,0.0,11.0,MAJOR_LINE > 8.507443078039072,0.0729306276739776
MINOR_COMMIT,0.0,-0.058554160681461985,0.0,5.0,MINOR_COMMIT <= 0.5016356687429404,0.0659351217034701
