feature,value,importance,min,max,rule,importance_ratio
MAJOR_LINE,13.0,0.11982002890632752,0.0,11.0,MAJOR_LINE > 8.507443078039072,0.1472560829350424
CountClassCoupled,18.0,0.10167341372706054,0.0,132.0,14.528794990404752 < CountClassCoupled <= 19.508692962965362,0.12495430672768144
Del_lines,73.0,0.0994185658470911,0.0,20224.0,6.117765502847519 < Del_lines <= 541.5758170227919,0.12218315010679408
OWN_COMMIT,0.2,0.0909335234606455,0.0,1.0,0.12394271196938178 < OWN_COMMIT <= 0.48523577667359796,0.11175522652197677
MINOR_COMMIT,0.0,-0.06553940071195091,0.0,5.0,MINOR_COMMIT <= 0.5016356687429404,0.08054642879695016
