feature,value,importance,min,max,rule,importance_ratio
CountClassCoupled,96.0,0.3150896026556223,0.0,132.0,CountClassCoupled > 35.464692589333026,0.3487832207411876
Del_lines,43.0,0.0981430967439243,0.0,20224.0,6.117765502847519 < Del_lines <= 541.5758170227919,0.10863787661464774
MINOR_COMMIT,0.0,-0.08846209930626854,0.0,5.0,MINOR_COMMIT <= 0.5016356687429404,0.09792165672724262
MAJOR_LINE,15.0,0.06980868128730082,0.0,11.0,MAJOR_LINE > 8.507443078039072,0.07727356437619792
OWN_COMMIT,0.272727272727273,0.061853531070488535,0.0,1.0,0.12394271196938178 < OWN_COMMIT <= 0.48523577667359796,0.06846774250611777
