feature,value,importance,min,max,rule,importance_ratio
CountInput_Mean,1.6,0.1162579711427497,0.0,45.0,CountInput_Mean <= 1.8343438166297044,0.1298351771181814
Del_lines,8.0,0.11514211003071426,0.0,20224.0,6.117765502847519 < Del_lines <= 541.5758170227919,0.12858899998558274
OWN_COMMIT,0.5,0.10873186313673301,0.0,1.0,0.48523577667359796 < OWN_COMMIT <= 0.9163585933794693,0.12143013137063502
MAJOR_LINE,2.0,0.08015661065770294,0.0,11.0,1.5046269532496872 < MAJOR_LINE <= 2.5028011892998445,0.08951771340614006
MaxNesting_Min,0.0,0.06551778486111219,0.0,6.0,MaxNesting_Min <= 0.501876927262143,0.07316928996970463
