feature,value,importance,min,max,rule,importance_ratio
Del_lines,5.0,0.10144260466181033,0.0,20224.0,6.117765502847519 < Del_lines <= 541.5758170227919,0.13747926880897837
CountDeclClassMethod,2.0,0.09336218138836737,0.0,247.0,1.5382515305679796 < CountDeclClassMethod <= 36.01015640726675,0.12652834057716214
OWN_COMMIT,0.75,0.08138979675259389,0.0,1.0,0.48523577667359796 < OWN_COMMIT <= 0.9163585933794693,0.1103028632137479
MAJOR_LINE,4.0,0.07047559336488748,0.0,11.0,3.500975425350002 < MAJOR_LINE <= 8.507443078039072,0.09551147742099696
CountInput_Mean,1.75,0.0501638147648857,0.0,45.0,CountInput_Mean <= 1.8343438166297044,0.06798410389339903
