feature,value,importance,min,max,rule,importance_ratio
CountClassCoupled,21.0,0.27737292252071116,0.0,132.0,19.508692962965362 < CountClassCoupled <= 35.464692589333026,0.3105240470745123
CountDeclClassMethod,3.0,0.10471136407740649,0.0,247.0,1.5382515305679796 < CountDeclClassMethod <= 36.01015640726675,0.11722628240895099
Del_lines,10.0,0.08162765998556529,0.0,20224.0,6.117765502847519 < Del_lines <= 541.5758170227919,0.09138365454561376
MaxNesting_Min,0.0,0.05154751386535933,0.0,6.0,MaxNesting_Min <= 0.501876927262143,0.05770838219042707
MINOR_LINE,4.0,0.04794802141619567,0.0,9.0,3.4946299554765177 < MINOR_LINE <= 4.494905869211774,0.05367868472547359
