feature,value,importance,min,max,rule,importance_ratio
CountClassCoupled,38.0,0.30224929607908424,0.0,132.0,CountClassCoupled > 35.464692589333026,0.3303676392225397
Del_lines,34.0,0.08654996649152973,0.0,20224.0,6.117765502847519 < Del_lines <= 541.5758170227919,0.09460173596935387
CountDeclClassMethod,6.0,0.08590233423765857,0.0,247.0,1.5382515305679796 < CountDeclClassMethod <= 36.01015640726675,0.0938938542916417
CountDeclMethodDefault,47.0,0.07086217785531593,0.0,82.0,CountDeclMethodDefault > 39.50392024684733,0.07745450762639004
AvgLineComment,0.0,-0.06461835465260031,0.0,41.0,AvgLineComment <= 0.49672922159592847,0.0706298196685913
