feature,value,importance,min,max,rule,importance_ratio
CountClassCoupled,27.0,0.2776101952019936,0.0,132.0,19.508692962965362 < CountClassCoupled <= 35.464692589333026,0.27028672172449536
OWN_COMMIT,0.5,0.09469844697549364,0.0,1.0,0.48523577667359796 < OWN_COMMIT <= 0.9163585933794693,0.09220026219420098
CountDeclClassMethod,2.0,0.08479421891647489,0.0,247.0,1.5382515305679796 < CountDeclClassMethod <= 36.01015640726675,0.08255731182872134
MINOR_COMMIT,0.0,-0.07392850186477583,0.0,5.0,MINOR_COMMIT <= 0.5016356687429404,0.07197823695377742
MINOR_LINE,4.0,0.06256255474251736,0.0,9.0,3.4946299554765177 < MINOR_LINE <= 4.494905869211774,0.060912128287509165
