feature,value,importance,left,right,rec,rule,min,max
MAJOR_LINE,6.0,0.15692582523302526,0.0,5.501529053517293,-1,MAJOR_LINE > 5.501529053517293,0.0,6.0
CountClassCoupled,15.0,0.014843605987775633,0.0,11.49383801896868,-1,11.49383801896868 < CountClassCoupled <= 27.984016563916185,0.0,53.0
RatioCommentToCode,0.73,0.007848926558935071,0.17,0.17,-1,RatioCommentToCode <= 0.7901132654084784,0.17,15.6
