feature,value,importance,left,right,rec,rule,min,max
CountClassCoupled,11.0,0.034187314368628756,0.0,7.509972254287172,-1,7.509972254287172 < CountClassCoupled <= 11.49383801896868,0.0,53.0
RatioCommentToCode,0.66,0.006247740172028716,0.17,0.17,-1,RatioCommentToCode <= 0.7901132654084784,0.17,15.6
MAJOR_LINE,3.0,-0.0040394743875388295,4.505189190073917,6.0,1,2.5021309229429614 < MAJOR_LINE <= 4.505189190073917,0.0,6.0
