feature,value,importance,left,right,rec,rule,min,max
RatioCommentToCode,2.73,-0.013311388025512787,15.6,15.6,1,RatioCommentToCode > 2.1286559415964255,0.17,15.6
MAJOR_LINE,2.0,-0.006612263999747652,2.5021309229429614,6.0,1,1.4954125192553827 < MAJOR_LINE <= 2.5021309229429614,0.0,6.0
CountClassCoupled,1.0,-0.004888739244045547,1.5089592669821172,53.0,1,0.500385655670343 < CountClassCoupled <= 1.5089592669821172,0.0,53.0
