feature,value,importance,left,right,rec,rule,min,max
MAJOR_LINE,7.0,0.14467421406798397,0.0,5.501529053517293,-1,MAJOR_LINE > 5.501529053517293,0.0,6.0
CountClassCoupled,30.0,0.0757880800211605,0.0,27.984016563916185,-1,CountClassCoupled > 27.984016563916185,0.0,53.0
RatioCommentToCode,0.81,-0.007168023612556971,0.8905039661225742,15.6,1,0.7901132654084784 < RatioCommentToCode <= 0.8905039661225742,0.17,15.6
