feature,value,importance,left,right,rec,rule,min,max
RatioCommentToCode,0.69,0.010342993680105867,0.17,0.17,-1,RatioCommentToCode <= 0.7901132654084784,0.17,15.6
MAJOR_LINE,1.0,-0.003163420902127718,1.4954125192553827,6.0,1,0.499072655812006 < MAJOR_LINE <= 1.4954125192553827,0.0,6.0
CountClassCoupled,4.0,0.000206040009392927,0.0,3.4756778090400764,-1,3.4756778090400764 < CountClassCoupled <= 4.484251420351851,0.0,53.0
