feature,value,importance,min,max,rule,importance_ratio
CountDeclMethodPrivate,15.0,0.24764655288603638,0.0,20.0,CountDeclMethodPrivate > 13.996467635704034,0.4059788559528449
AvgCyclomaticModified,5.0,0.088241569230726,0.0,24.0,4.500475537693087 < AvgCyclomaticModified <= 6.5010971831177145,0.14465863104607687
MAJOR_LINE,7.0,0.08574757073997977,0.0,11.0,MAJOR_LINE > 6.495923940139127,0.14057009986233285
CountClassCoupled,32.0,0.03302916694555727,0.0,108.0,18.505132292347 < CountClassCoupled <= 34.49944319326817,0.054146295409181686
AvgEssential,3.0,0.028365151343513174,0.0,8.0,2.5014022786982215 < AvgEssential <= 3.5012210105440067,0.046500351235125525
