feature,value,importance,min,max,rule,importance_ratio
MAJOR_LINE,5.0,0.12355679035053468,0.0,11.0,4.495439044857874 < MAJOR_LINE <= 6.495923940139127,0.20865159566706667
CountClassCoupled,20.0,0.07802375141405796,0.0,108.0,18.505132292347 < CountClassCoupled <= 34.49944319326817,0.13175949445018334
CountDeclMethodProtected,12.0,0.05979608682116157,0.0,33.0,CountDeclMethodProtected > 7.494599378501313,0.10097825376076408
CountLineComment,178.0,0.055159431961762,16.0,1595.0,70.42316390136749 < CountLineComment <= 405.65000731703594,0.09314828802414608
CountDeclInstanceVariable,9.0,0.05364114792250671,0.0,97.0,8.497937266160248 < CountDeclInstanceVariable <= 23.504434313555777,0.09058434648303204
