feature,value,importance,min,max,rule,importance_ratio
CountDeclInstanceVariable,40.0,0.20091522060350492,0.0,97.0,CountDeclInstanceVariable > 23.504434313555777,0.2521180162226755
MAJOR_LINE,5.0,0.09565193004503687,0.0,11.0,4.495439044857874 < MAJOR_LINE <= 6.495923940139127,0.12002861096529657
CountDeclMethodProtected,7.0,0.09532288381932037,0.0,33.0,6.4917412616368875 < CountDeclMethodProtected <= 7.494599378501313,0.11961570804323814
CountDeclMethodPublic,101.0,0.09401586274652703,0.0,217.0,CountDeclMethodPublic > 71.96731990555539,0.11797559556672155
CountClassCoupled,28.0,0.06831691035554022,0.0,108.0,18.505132292347 < CountClassCoupled <= 34.49944319326817,0.08572732250729584
