feature,value,importance,min,max,rule,importance_ratio
CountLineComment,42.0,0.055668226763025325,16.0,1595.0,35.440018134585465 < CountLineComment <= 66.34745759844142,0.15947051378721408
MAJOR_LINE,2.0,0.04073519041669205,0.0,11.0,1.4998411503854348 < MAJOR_LINE <= 2.494954149576622,0.11669244958390783
MaxNesting_Min,0.0,0.03838098963715341,0.0,4.0,MaxNesting_Min <= 0.5007609117484778,0.10994846599216454
CountDeclMethodPublic,35.0,0.026449707672918838,0.0,217.0,11.48631564410915 < CountDeclMethodPublic <= 43.48930102784986,0.07576940594995807
CountDeclClassMethod,0.0,0.022875007881946574,0.0,78.0,CountDeclClassMethod <= 0.4884869825204723,0.0655291082891742
