feature,value,importance,min,max,rule,importance_ratio
CountDeclMethodPublic,47.0,0.1820897844889439,0.0,217.0,43.48930102784986 < CountDeclMethodPublic <= 71.96731990555539,0.32178233222309066
CountClassCoupled,15.0,0.11404460363126137,0.0,108.0,13.519892531020918 < CountClassCoupled <= 18.505132292347,0.20153540538762862
CountDeclInstanceVariable,17.0,0.08504447920471088,0.0,97.0,8.497937266160248 < CountDeclInstanceVariable <= 23.504434313555777,0.15028745812399816
CountLineComment,42.0,0.03384570342249523,16.0,1595.0,35.440018134585465 < CountLineComment <= 66.34745759844142,0.05981087524260777
MAJOR_LINE,4.0,0.023083724195751443,0.0,11.0,2.494954149576622 < MAJOR_LINE <= 4.495439044857874,0.040792703604712634
