feature,value,importance,min,max,rule,importance_ratio
CountDeclInstanceVariable,25.0,0.18259313715729164,0.0,97.0,CountDeclInstanceVariable > 23.504434313555777,0.3041995971144927
MAJOR_LINE,7.0,0.13780121037562987,0.0,11.0,MAJOR_LINE > 6.495923940139127,0.2295763867732094
CountDeclMethodPublic,91.0,0.09559276555142568,0.0,217.0,CountDeclMethodPublic > 71.96731990555539,0.15925724931684598
CountClassCoupled,17.0,0.029712737616652163,0.0,108.0,13.519892531020918 < CountClassCoupled <= 18.505132292347,0.04950132821458714
CountLineComment,164.0,0.023918554252004693,16.0,1595.0,70.42316390136749 < CountLineComment <= 405.65000731703594,0.03984823679738395
