feature,value,importance,min,max,rule,importance_ratio
CountClassCoupled,94.0,0.266620395910893,0.0,108.0,CountClassCoupled > 34.49944319326817,0.35199994108317745
CountLineComment,1598.0,0.19794771126711472,16.0,1595.0,CountLineComment > 405.65000731703594,0.2613362809905252
MAJOR_LINE,9.0,0.09470966179526503,0.0,11.0,MAJOR_LINE > 6.495923940139127,0.12503842872952134
CountDeclMethodPublic,181.0,0.07357391431627583,0.0,217.0,CountDeclMethodPublic > 71.96731990555539,0.09713440495093704
CountDeclMethodDefault,2.0,0.024379154050662356,0.0,114.0,1.4952599157928546 < CountDeclMethodDefault <= 2.509074778613176,0.03218606273602137
