feature,value,importance,min,max,rule,importance_ratio
CountClassBase,5.0,0.13296241159123254,0.0,6.0,CountClassBase > 4.501242798771322,0.21310858246973938
CountClassCoupled,31.0,0.0764534300249963,0.0,108.0,18.505132292347 < CountClassCoupled <= 34.49944319326817,0.12253750441640392
MAJOR_LINE,5.0,0.06865032208379117,0.0,11.0,4.495439044857874 < MAJOR_LINE <= 6.495923940139127,0.11003089256792987
CountDeclInstanceVariable,35.0,0.06082593389382265,0.0,97.0,CountDeclInstanceVariable > 23.504434313555777,0.09749017330823866
CountDeclMethodProtected,7.0,0.055467330143817585,0.0,33.0,6.4917412616368875 < CountDeclMethodProtected <= 7.494599378501313,0.08890154712799637
