feature,value,importance,min,max,rule,importance_ratio
CountClassCoupled,64.0,0.2930808539476272,0.0,157.0,19.49362632354891 < CountClassCoupled <= 149.5610677723453,0.29029885388708837
CountDeclInstanceMethod,217.0,0.10328399363717608,0.0,498.0,CountDeclInstanceMethod > 58.48551584081087,0.10230359497693928
Del_lines,145.0,0.08388997800827235,0.0,8274.0,16.930934163093347 < Del_lines <= 206.8316727745401,0.08309367241289109
CountDeclClass,14.0,0.08041028067470846,0.0,144.0,12.480942846610736 < CountDeclClass <= 22.518185474480106,0.07964700527581475
CountDeclInstanceVariable,15.0,0.06582574930706737,0.0,171.0,13.49155906183702 < CountDeclInstanceVariable <= 147.993800646546,0.06520091409149237
