feature,value,importance,min,max,rule,importance_ratio
CountClassCoupled,42.0,0.2696450591167584,0.0,157.0,19.49362632354891 < CountClassCoupled <= 149.5610677723453,0.23955259012554472
CountDeclInstanceMethod,54.0,0.15544762025407016,0.0,498.0,53.54633386415668 < CountDeclInstanceMethod <= 58.48551584081087,0.13809961948752156
CountDeclMethodPrivate,26.0,0.12963060777256788,0.0,142.0,CountDeclMethodPrivate > 11.499928754638997,0.1151637932962119
MAJOR_LINE,3.0,0.06114105229240924,0.0,12.0,1.5065009464175683 < MAJOR_LINE <= 4.493037577476152,0.05431769262757364
CountDeclClassVariable,22.0,0.048156480422940545,0.0,139.0,3.4671140433870056 < CountDeclClassVariable <= 57.97334749613853,0.04278220285004485
