feature,value,importance,min,max,rule,importance_ratio
CountClassCoupled,58.0,0.23622142549328198,0.0,157.0,19.49362632354891 < CountClassCoupled <= 149.5610677723453,0.2291915313517855
MaxNesting_Min,0.0,-0.17648358037600742,0.0,3.0,MaxNesting_Min <= 0.500061012326352,0.1712314704746094
CountDeclMethodPrivate,13.0,0.1006418750102036,0.0,142.0,CountDeclMethodPrivate > 11.499928754638997,0.09764679644759636
MAJOR_LINE,9.0,0.08591939168419091,0.0,12.0,4.493037577476152 < MAJOR_LINE <= 9.495961997657092,0.08336245076750504
CountDeclClass,11.0,0.05115333552386625,0.0,144.0,4.501023241845026 < CountDeclClass <= 12.480942846610736,0.04963102427302902
