feature,value,importance,min,max,rule,importance_ratio
CountClassCoupled,21.0,0.27485874242770003,0.0,157.0,19.49362632354891 < CountClassCoupled <= 149.5610677723453,0.2603764627362979
CountDeclMethodPrivate,21.0,0.10804251361795873,0.0,142.0,CountDeclMethodPrivate > 11.499928754638997,0.10234976436444357
Del_lines,68.0,0.0964258055299615,0.0,8274.0,16.930934163093347 < Del_lines <= 206.8316727745401,0.09134513946557031
MAJOR_LINE,7.0,0.08070546738139515,0.0,12.0,4.493037577476152 < MAJOR_LINE <= 9.495961997657092,0.07645310436423501
CountDeclInstanceMethod,57.0,0.05674563326867652,0.0,498.0,53.54633386415668 < CountDeclInstanceMethod <= 58.48551584081087,0.053755711518310954
