feature,value,importance,min,max,rule,importance_ratio
MAJOR_LINE,4.0,0.08889829745461042,0.0,12.0,1.5065009464175683 < MAJOR_LINE <= 4.493037577476152,0.14321574166897458
CountDeclClass,10.0,0.07525761076227666,0.0,144.0,4.501023241845026 < CountDeclClass <= 12.480942846610736,0.1212405057257425
Del_lines,36.0,0.0644494541039137,0.0,8274.0,16.930934163093347 < Del_lines <= 206.8316727745401,0.10382849428995274
MINOR_LINE,7.0,0.05238618014688174,1.0,8.0,4.500984724383485 < MINOR_LINE <= 7.000691311130333,0.08439448063412924
MINOR_COMMIT,0.0,0.045198994131761254,0.0,3.0,MINOR_COMMIT <= 0.5004312637688242,0.07281587671098988
