feature,value,importance,min,max,rule,importance_ratio
CountClassCoupled,136.0,0.29267391139245746,0.0,157.0,19.49362632354891 < CountClassCoupled <= 149.5610677723453,0.2773144025768254
MAJOR_LINE,14.0,0.11365008115177357,0.0,12.0,MAJOR_LINE > 9.495961997657092,0.10768573190368766
Del_lines,369.0,0.07714212509557693,0.0,8274.0,238.48179587644788 < Del_lines <= 374.12518059890976,0.07309371112924538
CountDeclMethodDefault,55.0,0.07483817277887632,0.0,54.0,CountDeclMethodDefault > 20.487194025012215,0.07091067008800078
CountDeclInstanceMethod,459.0,0.07305648341558738,0.0,498.0,CountDeclInstanceMethod > 58.48551584081087,0.06922248367258975
