feature,value,importance,min,max,rule,importance_ratio
CountClassCoupled,43.0,0.28060975416370465,0.0,157.0,19.49362632354891 < CountClassCoupled <= 149.5610677723453,0.31388641529238703
MAJOR_LINE,7.0,0.10298032658026236,0.0,12.0,4.493037577476152 < MAJOR_LINE <= 9.495961997657092,0.1151924517102151
MaxNesting_Min,0.0,-0.0800107141061344,0.0,3.0,MaxNesting_Min <= 0.500061012326352,0.08949894243913974
CountDeclInstanceMethod,60.0,0.06950335654193114,0.0,498.0,CountDeclInstanceMethod > 58.48551584081087,0.0777455491551022
MINOR_LINE,4.0,0.053002159896361006,1.0,8.0,3.5011020896847453 < MINOR_LINE <= 4.500984724383485,0.05928752556091486
