feature,value,importance,min,max,rule,importance_ratio
CountClassCoupled,17.0,0.14547726238473135,0.0,157.0,13.490513641296767 < CountClassCoupled <= 18.559808795198578,0.14889088710687867
MAJOR_LINE,4.0,0.09005954361216446,0.0,12.0,1.5065009464175683 < MAJOR_LINE <= 4.493037577476152,0.09217279127369081
CountDeclMethodPrivate,13.0,0.08512181572113396,0.0,142.0,CountDeclMethodPrivate > 11.499928754638997,0.08711919957189185
MINOR_LINE,5.0,0.0844377387003412,1.0,8.0,4.500984724383485 < MINOR_LINE <= 7.000691311130333,0.08641907068023108
CountDeclInstanceMethod,118.0,0.08037050208987646,0.0,498.0,CountDeclInstanceMethod > 58.48551584081087,0.0822563963414457
