feature,value,importance,min,max,rule,importance_ratio
CountClassCoupled,37.0,0.28786263646493315,0.0,157.0,19.49362632354891 < CountClassCoupled <= 149.5610677723453,0.32431180900512047
MINOR_LINE,6.0,0.08122589125355595,1.0,8.0,4.500984724383485 < MINOR_LINE <= 7.000691311130333,0.09151071515911344
CountDeclClassVariable,4.0,0.07999850693245861,0.0,139.0,3.4671140433870056 < CountDeclClassVariable <= 57.97334749613853,0.09012791941178105
MAJOR_LINE,2.0,0.07516177299974615,0.0,12.0,1.5065009464175683 < MAJOR_LINE <= 4.493037577476152,0.0846787581359115
Del_lines,83.0,0.07363434001025569,0.0,8274.0,16.930934163093347 < Del_lines <= 206.8316727745401,0.08295792155204976
