feature,value,importance,min,max,rule,importance_ratio
CountClassCoupled,30.0,0.26345898687534985,0.0,157.0,19.49362632354891 < CountClassCoupled <= 149.5610677723453,0.18076573906040322
CountDeclMethodPrivate,10.0,0.2065267132763755,0.0,142.0,8.514986651548496 < CountDeclMethodPrivate <= 11.499928754638997,0.1417030954377097
MAJOR_LINE,9.0,0.12930786868795113,0.0,12.0,4.493037577476152 < MAJOR_LINE <= 9.495961997657092,0.08872133278475783
CountDeclClass,8.0,0.08473375919152094,0.0,144.0,4.501023241845026 < CountDeclClass <= 12.480942846610736,0.05813793177178055
CountDeclInstanceMethod,72.0,0.07734237982875836,0.0,498.0,CountDeclInstanceMethod > 58.48551584081087,0.05306652324238488
