feature,value,importance,min,max,rule,importance_ratio
CountClassCoupled,25.0,0.3039171108387179,0.0,157.0,19.49362632354891 < CountClassCoupled <= 149.5610677723453,0.39142554623080633
MAJOR_LINE,5.0,0.1086219075995915,0.0,12.0,4.493037577476152 < MAJOR_LINE <= 9.495961997657092,0.13989797875304663
Del_lines,69.0,0.08824390065610678,0.0,8274.0,16.930934163093347 < Del_lines <= 206.8316727745401,0.11365242621756728
CountDeclMethodPrivate,3.0,0.027870750733001257,0.0,142.0,2.475685187156087 < CountDeclMethodPrivate <= 8.514986651548496,0.0358957210386124
CountOutput_Mean,5.40909090909091,0.027226345878050628,0.0,20.0,3.572033335776341 < CountOutput_Mean <= 9.106601300084542,0.0350657693401156
