feature,value,importance,min,max,rule,importance_ratio
CountClassCoupled,49.0,0.2620087188906934,0.0,157.0,19.49362632354891 < CountClassCoupled <= 149.5610677723453,0.24014126440726916
Del_lines,1297.0,0.0920117300347081,0.0,8274.0,Del_lines > 374.12518059890976,0.08433235842068748
CountDeclMethodPrivate,153.0,0.08955674250533696,0.0,142.0,CountDeclMethodPrivate > 11.499928754638997,0.08208226608825174
CountDeclInstanceMethod,521.0,0.07646312704604107,0.0,498.0,CountDeclInstanceMethod > 58.48551584081087,0.07008145411004559
MAJOR_LINE,13.0,0.07640485510245552,0.0,12.0,MAJOR_LINE > 9.495961997657092,0.07002804558886602
