feature,value,importance,min,max,rule,importance_ratio
CountClassCoupled,24.0,0.29902426238732316,0.0,157.0,19.49362632354891 < CountClassCoupled <= 149.5610677723453,0.29926812412860326
CountDeclInstanceMethod,56.0,0.10105273909772892,0.0,498.0,53.54633386415668 < CountDeclInstanceMethod <= 58.48551584081087,0.10113515012592027
MaxNesting_Min,0.0,-0.07979114836771498,0.0,3.0,MaxNesting_Min <= 0.500061012326352,0.07985622003856986
PercentLackOfCohesion,94.0,0.06771219710324146,0.0,100.0,90.5689169766835 < PercentLackOfCohesion <= 99.48799633417491,0.06776741808818652
MAJOR_LINE,9.0,0.058353858218516436,0.0,12.0,4.493037577476152 < MAJOR_LINE <= 9.495961997657092,0.05840144724477795
