feature,value,importance,min,max,rule,importance_ratio
CountClassCoupled,18.0,0.16173248527500775,0.0,157.0,13.490513641296767 < CountClassCoupled <= 18.559808795198578,0.17299906597888595
CountDeclMethodPrivate,29.0,0.08342673045410373,0.0,142.0,CountDeclMethodPrivate > 11.499928754638997,0.08923838907001878
MAJOR_LINE,5.0,0.08230492349931784,0.0,12.0,4.493037577476152 < MAJOR_LINE <= 9.495961997657092,0.08803843499117939
CountDeclClass,15.0,0.06883739391255331,0.0,144.0,12.480942846610736 < CountDeclClass <= 22.518185474480106,0.07363273266371193
Del_lines,135.0,0.06742635770999375,0.0,8274.0,16.930934163093347 < Del_lines <= 206.8316727745401,0.07212340109875069
