test_idx,candidate_id,CountDeclMethodPrivate,CountDeclMethodDefault,AvgEssential,CountDeclClassVariable,CountDeclClassMethod,AvgLineComment,AvgCyclomaticModified,CountDeclClass,CountDeclMethodProtected,CountDeclInstanceVariable,CountDeclMethodPublic,RatioCommentToCode,AvgLineBlank,PercentLackOfCohesion,MaxInheritanceTree,CountClassDerived,CountClassCoupled,CountClassBase,CountInput_Mean,CountInput_Min,CountOutput_Min,MaxNesting_Min,OWN_LINE,OWN_COMMIT,MAJOR_LINE,proba0,proba1
41,0,6.0,1.0,1.0,5.0,3.0,4.0,2.0,12.0,21.0,17.0,139.0,0.76,0.0,97.0,1.0,2.0,59.0,9.0,13.4,0.0,0.0,0.0,0.533424283765348,0.5,1.0,0.67679787,0.32320213
41,1,13.0,1.0,1.0,5.0,3.0,4.0,2.0,7.0,21.0,5.0,139.0,0.76,0.0,97.0,1.0,2.0,50.0,9.0,14.1,0.0,0.0,0.0,0.533424283765348,0.5,1.0,0.5872307,0.41276935
41,2,6.0,1.0,1.0,5.0,3.0,4.0,2.0,7.0,21.0,62.0,139.0,2.33,0.0,97.0,1.0,31.0,6.0,9.0,16.2,0.0,0.0,0.0,0.533424283765348,0.5,1.0,0.5039442,0.49605578
41,3,6.0,1.0,1.0,5.0,3.0,4.0,2.0,5.0,21.0,12.0,139.0,0.76,0.0,97.0,1.0,2.0,59.0,9.0,29.7,0.0,0.0,0.0,0.533424283765348,0.5,1.0,0.54719126,0.45280874
41,4,6.0,1.0,1.0,5.0,3.0,4.0,2.0,7.0,21.0,62.0,139.0,1.68,0.0,97.0,5.0,2.0,59.0,9.0,11.6,0.0,0.0,0.0,0.533424283765348,0.5,1.0,0.614892,0.385108
41,5,6.0,1.0,1.0,5.0,3.0,4.0,2.0,7.0,31.0,62.0,139.0,6.2,0.0,97.0,8.0,2.0,59.0,9.0,4.73053892215569,0.0,0.0,0.0,1.0,0.5,1.0,0.84418994,0.15581007
41,6,6.0,1.0,1.0,5.0,26.0,4.0,2.0,7.0,21.0,8.0,139.0,3.86,0.0,97.0,1.0,2.0,59.0,7.0,4.73053892215569,0.0,0.0,0.0,0.533424283765348,0.5,1.0,0.6899394,0.31006062
41,7,16.0,1.0,1.0,5.0,3.0,4.0,2.0,7.0,21.0,16.0,139.0,0.76,0.0,97.0,2.0,2.0,59.0,9.0,19.2,0.0,0.0,0.0,0.533424283765348,0.5,1.0,0.7234678,0.2765322
41,8,6.0,1.0,1.0,74.0,3.0,4.0,2.0,7.0,21.0,62.0,139.0,0.76,0.0,97.0,4.0,2.0,59.0,9.0,4.73053892215569,0.0,26.0,0.0,1.1,0.5,1.0,0.58490276,0.4150972
41,9,6.0,1.0,1.0,5.0,17.0,4.0,2.0,7.0,21.0,14.0,139.0,0.76,0.0,97.0,1.0,2.0,31.0,9.0,51.8,0.0,0.0,0.0,0.533424283765348,0.5,1.0,0.58208245,0.41791755
41,10,6.0,1.0,1.0,5.0,3.0,4.0,2.0,7.0,21.0,12.0,139.0,0.76,7.0,97.0,1.0,2.0,12.0,9.0,20.2,0.0,0.0,0.0,0.533424283765348,0.5,1.0,0.5956036,0.40439638
41,11,6.0,1.0,1.0,5.0,3.0,4.0,2.0,5.0,21.0,12.0,139.0,0.76,0.0,9.0,1.0,2.0,59.0,9.0,29.7,0.0,0.0,0.0,0.533424283765348,0.5,1.0,0.55709314,0.44290686
41,12,9.0,1.0,1.0,5.0,3.0,4.0,2.0,7.0,21.0,14.0,139.0,3.34,0.0,97.0,1.0,2.0,59.0,9.0,4.73053892215569,0.0,0.0,0.0,0.533424283765348,0.5,1.0,0.6319058,0.3680942
41,13,6.0,1.0,1.0,69.0,3.0,4.0,2.0,7.0,21.0,62.0,139.0,6.68,0.0,97.0,1.0,2.0,59.0,9.0,46.7,0.0,0.0,0.0,1.0,0.5,1.0,0.7057911,0.29420888
41,14,6.0,1.0,1.0,5.0,3.0,4.0,2.0,7.0,21.0,8.0,47.0,0.76,0.0,97.0,1.0,2.0,59.0,9.0,21.3,0.0,0.0,0.0,0.533424283765348,0.5,1.0,0.64354,0.35645998
41,15,6.0,1.0,1.0,5.0,3.0,4.0,2.0,7.0,25.0,4.0,139.0,0.76,0.0,97.0,1.0,2.0,59.0,9.0,14.2,0.0,0.0,0.0,0.533424283765348,0.5,1.0,0.65417504,0.34582493
41,16,6.0,1.0,1.0,5.0,3.0,4.0,7.0,7.0,21.0,62.0,139.0,0.76,0.0,97.0,8.0,2.0,59.0,9.0,46.5,0.0,0.0,0.0,1.0,0.5,1.0,0.5383314,0.46166864
41,17,6.0,1.0,1.0,5.0,3.0,4.0,2.0,7.0,21.0,14.0,139.0,0.76,0.0,97.0,1.0,2.0,2.0,9.0,43.1,0.0,0.0,0.0,0.533424283765348,0.5,1.0,0.6589849,0.34101507
41,18,6.0,1.0,1.0,5.0,3.0,4.0,2.0,7.0,21.0,62.0,3.0,7.05,0.0,97.0,1.0,2.0,59.0,8.0,4.73053892215569,0.0,0.0,0.0,1.1,0.5,1.0,0.55949104,0.44050893
41,19,6.0,1.0,1.0,5.0,3.0,4.0,2.0,7.0,21.0,10.0,139.0,0.76,0.0,97.0,1.0,2.0,59.0,9.0,40.0,0.0,0.0,0.0,0.533424283765348,0.5,1.0,0.63462067,0.36537933
41,20,6.0,1.0,3.0,5.0,3.0,4.0,2.0,7.0,21.0,62.0,139.0,6.7,15.0,97.0,1.0,2.0,59.0,9.0,4.73053892215569,0.0,0.0,0.0,1.0,0.5,1.0,0.70431906,0.29568094
41,21,6.0,1.0,1.0,5.0,3.0,4.0,2.0,7.0,21.0,3.0,139.0,0.76,0.0,97.0,1.0,2.0,59.0,9.0,4.73053892215569,0.0,0.0,0.0,1.0,0.5,1.0,0.6179672,0.3820328
41,22,6.0,1.0,1.0,5.0,0.0,4.0,2.0,7.0,0.0,62.0,139.0,0.76,0.0,97.0,1.0,2.0,23.0,9.0,4.73053892215569,0.0,0.0,0.0,1.1,0.5,1.0,0.8552817,0.14471829
41,23,6.0,1.0,1.0,5.0,3.0,4.0,2.0,7.0,21.0,18.0,139.0,1.53,0.0,97.0,1.0,2.0,59.0,9.0,4.73053892215569,0.0,23.0,0.0,0.533424283765348,0.5,1.0,0.81837153,0.1816285
41,24,6.0,1.0,1.0,5.0,3.0,8.0,2.0,7.0,21.0,62.0,139.0,6.44,0.0,97.0,1.0,2.0,59.0,9.0,4.73053892215569,0.0,0.0,0.0,1.0,0.5,1.0,0.67157495,0.32842505
41,25,6.0,1.0,1.0,5.0,3.0,4.0,2.0,7.0,21.0,10.0,139.0,3.61,0.0,97.0,1.0,2.0,59.0,2.0,4.73053892215569,0.0,0.0,0.0,0.533424283765348,0.5,1.0,0.81864315,0.18135683
41,26,6.0,1.0,1.0,5.0,3.0,4.0,2.0,7.0,21.0,62.0,139.0,1.68,5.0,97.0,1.0,2.0,59.0,9.0,11.6,0.0,0.0,1.0,0.533424283765348,0.5,1.0,0.5270543,0.47294572
41,27,6.0,1.0,1.0,3.0,10.0,4.0,2.0,7.0,21.0,62.0,139.0,6.01,0.0,97.0,1.0,2.0,59.0,9.0,4.73053892215569,0.0,0.0,0.0,0.9,0.5,1.0,0.50707334,0.49292666
41,28,6.0,1.0,1.0,5.0,3.0,4.0,9.0,7.0,21.0,62.0,139.0,0.76,0.0,97.0,1.0,2.0,59.0,9.0,4.73053892215569,0.0,7.0,0.0,1.0,0.5,1.0,0.5706289,0.42937112
41,29,6.0,1.0,1.0,5.0,3.0,4.0,2.0,7.0,27.0,10.0,139.0,0.76,0.0,97.0,1.0,2.0,59.0,9.0,4.73053892215569,0.0,0.0,0.0,1.1,0.5,1.0,0.72164524,0.27835476
41,30,6.0,1.0,1.0,69.0,3.0,4.0,2.0,7.0,21.0,62.0,139.0,6.68,0.0,97.0,1.0,2.0,59.0,9.0,4.73053892215569,0.0,0.0,0.0,1.0,0.5,1.0,0.67157495,0.32842505
41,31,6.0,1.0,1.0,26.0,3.0,4.0,2.0,7.0,36.0,62.0,139.0,6.29,0.0,97.0,1.0,2.0,59.0,9.0,4.73053892215569,0.0,0.0,0.0,1.0,0.5,1.0,0.67157495,0.32842505
41,32,17.0,1.0,1.0,5.0,3.0,4.0,2.0,7.0,21.0,8.0,47.0,0.76,0.0,97.0,1.0,2.0,59.0,9.0,21.3,0.0,0.0,0.0,0.533424283765348,0.5,1.0,0.64354,0.35645998
41,33,6.0,31.0,1.0,5.0,3.0,4.0,11.0,7.0,21.0,62.0,139.0,6.3,0.0,97.0,1.0,2.0,59.0,9.0,4.73053892215569,0.0,0.0,0.0,1.0,0.5,1.0,0.6895177,0.31048232
41,34,6.0,1.0,1.0,5.0,3.0,4.0,2.0,7.0,22.0,62.0,139.0,7.12,0.0,97.0,1.0,2.0,59.0,9.0,4.73053892215569,0.0,0.0,0.0,1.1,0.5,1.0,0.67157495,0.32842505
41,35,6.0,1.0,1.0,5.0,3.0,4.0,2.0,7.0,21.0,62.0,139.0,6.4,0.0,97.0,1.0,2.0,59.0,9.0,44.8,0.0,0.0,0.0,1.0,0.5,1.0,0.7057911,0.29420888
41,36,6.0,1.0,1.0,5.0,3.0,4.0,2.0,7.0,21.0,15.0,139.0,0.76,0.0,97.0,1.0,2.0,59.0,9.0,4.73053892215569,0.0,0.0,0.0,1.1,0.5,1.0,0.73787165,0.26212835
41,37,6.0,1.0,1.0,54.0,3.0,4.0,2.0,7.0,21.0,62.0,139.0,7.35,0.0,97.0,1.0,2.0,59.0,9.0,4.73053892215569,0.0,0.0,0.0,1.1,0.5,1.0,0.67157495,0.32842505
41,38,6.0,1.0,1.0,5.0,3.0,4.0,2.0,7.0,21.0,62.0,139.0,7.05,0.0,97.0,1.0,2.0,59.0,8.0,4.73053892215569,0.0,0.0,0.0,1.1,0.5,1.0,0.67157495,0.32842505
41,39,6.0,1.0,1.0,5.0,3.0,4.0,2.0,7.0,21.0,12.0,118.0,6.07,0.0,97.0,1.0,2.0,59.0,9.0,4.73053892215569,0.0,0.0,0.0,0.533424283765348,0.5,1.0,0.59185135,0.40814868
41,40,6.0,1.0,1.0,5.0,3.0,0.0,2.0,7.0,21.0,2.0,139.0,0.76,0.0,97.0,1.0,2.0,67.0,9.0,4.73053892215569,0.0,32.0,0.0,0.533424283765348,0.5,1.0,0.7114819,0.2885181
41,41,6.0,1.0,1.0,5.0,3.0,14.0,2.0,15.0,21.0,10.0,139.0,0.76,0.0,97.0,1.0,2.0,59.0,9.0,4.73053892215569,0.0,0.0,0.0,1.0,0.5,1.0,0.72164524,0.27835476
41,42,6.0,1.0,1.0,5.0,3.0,4.0,2.0,6.0,21.0,9.0,139.0,1.39,0.0,97.0,1.0,2.0,59.0,9.0,4.73053892215569,3.0,0.0,0.0,0.533424283765348,0.5,1.0,0.81919277,0.18080725
41,43,6.0,1.0,1.0,5.0,3.0,4.0,2.0,7.0,21.0,62.0,139.0,0.76,0.0,97.0,6.0,2.0,59.0,9.0,44.2,23.0,0.0,0.0,1.0,0.5,1.0,0.53075874,0.4692413
41,44,6.0,1.0,1.0,5.0,3.0,4.0,9.0,7.0,21.0,62.0,139.0,0.76,0.0,97.0,1.0,32.0,59.0,9.0,4.73053892215569,0.0,7.0,0.0,1.0,0.5,1.0,0.72331,0.27669004
41,45,6.0,1.0,1.0,5.0,3.0,4.0,2.0,7.0,21.0,10.0,139.0,0.76,0.0,97.0,1.0,2.0,59.0,9.0,24.8,0.0,0.0,0.0,0.533424283765348,0.5,2.0,0.59307396,0.406926
41,46,6.0,1.0,1.0,5.0,3.0,4.0,2.0,7.0,21.0,3.0,139.0,0.76,0.0,97.0,1.0,2.0,59.0,9.0,4.73053892215569,0.0,0.0,0.0,1.0,0.5,2.0,0.54591775,0.45408222
41,47,6.0,1.0,3.0,5.0,3.0,4.0,2.0,7.0,21.0,9.0,139.0,6.46,0.0,97.0,1.0,2.0,59.0,9.0,4.73053892215569,37.0,0.0,0.0,0.533424283765348,0.5,1.0,0.6950412,0.3049588
41,48,6.0,1.0,1.0,5.0,45.0,4.0,2.0,7.0,21.0,62.0,139.0,6.97,0.0,97.0,1.0,2.0,59.0,9.0,4.73053892215569,0.0,33.0,0.0,1.0,0.5,1.0,0.77430224,0.22569776
41,49,6.0,1.0,1.0,5.0,3.0,4.0,2.0,7.0,21.0,12.0,139.0,6.07,0.0,97.0,1.0,2.0,59.0,9.0,4.73053892215569,0.0,0.0,0.0,0.533424283765348,0.5,1.0,0.59185135,0.40814868
41,50,6.0,1.0,1.0,5.0,3.0,4.0,2.0,7.0,21.0,7.0,139.0,0.76,0.0,97.0,1.0,2.0,59.0,7.0,26.9,15.0,0.0,0.0,0.533424283765348,0.5,1.0,0.62482625,0.37517375
41,51,6.0,1.0,1.0,5.0,3.0,4.0,2.0,7.0,21.0,62.0,139.0,6.05,0.0,97.0,8.0,26.0,8.0,9.0,4.73053892215569,0.0,0.0,0.0,0.533424283765348,0.5,1.0,0.5840053,0.4159947
41,52,6.0,1.0,1.0,5.0,3.0,0.0,2.0,1.0,21.0,1.0,139.0,0.76,0.0,97.0,6.0,2.0,59.0,9.0,4.73053892215569,0.0,0.0,0.0,0.533424283765348,0.5,1.0,0.7423699,0.25763014
41,53,6.0,1.0,1.0,5.0,3.0,4.0,2.0,7.0,21.0,62.0,139.0,6.78,1.0,97.0,1.0,2.0,59.0,9.0,4.73053892215569,22.0,0.0,0.0,1.0,0.5,1.0,0.640206,0.35979402
41,54,6.0,1.0,1.0,5.0,3.0,4.0,2.0,12.0,21.0,17.0,139.0,0.76,0.0,97.0,1.0,2.0,59.0,9.0,13.4,0.0,0.0,2.0,0.533424283765348,0.5,1.0,0.67679787,0.32320213
41,55,6.0,20.0,1.0,5.0,3.0,4.0,2.0,7.0,21.0,62.0,139.0,7.38,0.0,97.0,5.0,2.0,59.0,9.0,4.73053892215569,0.0,0.0,0.0,1.1,0.5,1.0,0.83932734,0.16067263
41,56,6.0,1.0,1.0,5.0,3.0,0.0,2.0,7.0,21.0,2.0,139.0,0.76,0.0,97.0,1.0,2.0,59.0,9.0,4.73053892215569,0.0,0.0,0.0,0.533424283765348,0.5,1.0,0.5910922,0.4089078
41,57,6.0,1.0,1.0,5.0,3.0,4.0,2.0,7.0,10.0,62.0,139.0,2.24,0.0,97.0,6.0,2.0,59.0,9.0,15.5,0.0,0.0,0.0,0.533424283765348,0.5,1.0,0.614892,0.385108
41,58,6.0,1.0,1.0,5.0,3.0,4.0,2.0,7.0,21.0,9.0,139.0,1.39,0.0,97.0,1.0,2.0,59.0,9.0,4.73053892215569,3.0,0.0,0.0,0.533424283765348,0.5,1.0,0.7644394,0.2355606
41,59,9.0,1.0,3.0,5.0,3.0,4.0,2.0,7.0,21.0,14.0,139.0,3.34,0.0,97.0,1.0,2.0,59.0,9.0,4.73053892215569,0.0,0.0,0.0,0.533424283765348,0.5,1.0,0.6319058,0.3680942
41,60,6.0,1.0,1.0,5.0,3.0,4.0,2.0,7.0,21.0,5.0,139.0,0.76,1.0,97.0,1.0,2.0,59.0,9.0,22.5,13.0,0.0,0.0,0.533424283765348,0.5,1.0,0.5675472,0.43245277
41,61,6.0,1.0,1.0,5.0,3.0,4.0,2.0,18.0,21.0,17.0,139.0,7.22,0.0,97.0,1.0,2.0,59.0,9.0,4.73053892215569,0.0,0.0,0.0,0.533424283765348,1.1,1.0,0.6080404,0.3919596
41,62,6.0,1.0,1.0,5.0,3.0,12.0,0.0,7.0,21.0,14.0,139.0,0.76,0.0,97.0,1.0,2.0,59.0,9.0,4.73053892215569,0.0,0.0,0.0,1.1,0.5,1.0,0.6905507,0.30944934
41,63,6.0,1.0,1.0,5.0,3.0,4.0,2.0,7.0,21.0,5.0,139.0,0.76,0.0,97.0,1.0,2.0,59.0,9.0,4.73053892215569,0.0,0.0,0.0,1.0,0.5,1.0,0.6441381,0.35586193
41,64,6.0,1.0,1.0,5.0,3.0,4.0,2.0,7.0,21.0,62.0,139.0,6.58,0.0,97.0,1.0,2.0,59.0,9.0,46.0,0.0,0.0,0.0,1.0,0.5,1.0,0.7057911,0.29420888
41,65,6.0,1.0,1.0,5.0,3.0,0.0,2.0,7.0,21.0,16.0,139.0,0.76,0.0,97.0,1.0,2.0,59.0,3.0,4.73053892215569,0.0,0.0,0.0,0.533424283765348,0.5,1.0,0.61252236,0.38747767
41,66,6.0,1.0,1.0,5.0,3.0,4.0,2.0,7.0,21.0,62.0,139.0,5.71,0.0,97.0,1.0,2.0,59.0,9.0,4.73053892215569,0.0,27.0,0.0,0.9,0.5,1.0,0.623994,0.376006
41,67,6.0,1.0,1.0,5.0,3.0,4.0,2.0,15.0,21.0,12.0,139.0,0.76,0.0,97.0,1.0,2.0,59.0,9.0,44.8,0.0,0.0,0.0,0.533424283765348,0.5,1.0,0.54054844,0.4594516
41,68,6.0,1.0,1.0,5.0,3.0,4.0,2.0,7.0,21.0,18.0,139.0,3.91,0.0,97.0,1.0,2.0,64.0,9.0,4.73053892215569,0.0,0.0,0.0,0.533424283765348,0.5,1.0,0.7207467,0.2792533
41,69,14.0,1.0,1.0,5.0,3.0,4.0,2.0,7.0,21.0,14.0,139.0,0.76,0.0,97.0,1.0,2.0,2.0,9.0,43.1,0.0,0.0,0.0,0.533424283765348,0.5,1.0,0.6589849,0.34101507
41,70,6.0,1.0,1.0,63.0,3.0,4.0,2.0,7.0,21.0,62.0,139.0,0.76,0.0,97.0,1.0,2.0,59.0,9.0,44.3,0.0,35.0,0.0,1.0,0.5,1.0,0.6445186,0.35548136
41,71,6.0,1.0,1.0,5.0,3.0,4.0,2.0,7.0,21.0,62.0,139.0,6.4,0.0,97.0,1.0,2.0,59.0,9.0,4.73053892215569,0.0,0.0,0.0,1.0,0.5,1.0,0.67157495,0.32842505
41,72,6.0,1.0,1.0,5.0,3.0,4.0,2.0,7.0,21.0,5.0,139.0,0.76,0.0,97.0,1.0,2.0,59.0,9.0,22.5,13.0,0.0,0.0,0.533424283765348,0.5,1.0,0.5675472,0.43245277
41,73,6.0,1.0,1.0,5.0,3.0,4.0,2.0,7.0,21.0,8.0,139.0,0.76,0.0,97.0,1.0,2.0,59.0,9.0,21.3,0.0,0.0,0.0,0.533424283765348,0.5,1.0,0.64354,0.35645998
41,74,6.0,1.0,1.0,5.0,3.0,4.0,2.0,7.0,21.0,62.0,139.0,0.76,0.0,97.0,1.0,2.0,21.0,9.0,49.6,0.0,15.0,0.0,1.1,0.5,1.0,0.6445186,0.35548136
41,75,6.0,1.0,1.0,5.0,3.0,4.0,2.0,7.0,21.0,12.0,139.0,0.76,0.0,97.0,1.0,2.0,59.0,9.0,29.7,0.0,0.0,0.0,0.533424283765348,0.5,1.0,0.54054844,0.4594516
41,76,6.0,1.0,1.0,5.0,3.0,4.0,2.0,7.0,21.0,8.0,139.0,0.76,0.0,97.0,1.0,2.0,59.0,9.0,17.7,0.0,0.0,0.0,0.533424283765348,0.5,0.0,0.64706224,0.35293776
41,77,20.0,1.0,1.0,5.0,3.0,4.0,2.0,7.0,21.0,62.0,139.0,6.4,0.0,97.0,1.0,2.0,59.0,9.0,44.8,0.0,0.0,0.0,1.0,0.5,1.0,0.7057911,0.29420888
41,78,6.0,1.0,1.0,5.0,3.0,4.0,2.0,7.0,21.0,62.0,139.0,0.76,0.0,97.0,1.0,50.0,59.0,9.0,4.73053892215569,0.0,28.0,0.0,1.0,0.5,1.0,0.6396736,0.3603264
41,79,6.0,1.0,1.0,5.0,3.0,4.0,2.0,7.0,21.0,10.0,139.0,0.76,0.0,97.0,1.0,2.0,59.0,2.0,24.8,0.0,0.0,0.0,0.533424283765348,0.5,2.0,0.6152657,0.3847343
41,80,15.0,1.0,1.0,5.0,3.0,4.0,2.0,7.0,21.0,16.0,139.0,0.76,0.0,97.0,1.0,2.0,59.0,9.0,48.8,0.0,0.0,1.0,0.533424283765348,0.5,1.0,0.67679787,0.32320213
41,81,13.0,1.0,1.0,5.0,3.0,4.0,2.0,7.0,21.0,5.0,139.0,0.76,0.0,97.0,1.0,2.0,59.0,9.0,14.1,0.0,0.0,0.0,0.533424283765348,0.5,1.0,0.5872307,0.41276935
41,82,6.0,1.0,1.0,5.0,3.0,4.0,2.0,7.0,21.0,62.0,139.0,7.38,0.0,97.0,5.0,2.0,59.0,9.0,4.73053892215569,0.0,0.0,0.0,1.1,0.5,1.0,0.84418994,0.15581007
41,83,6.0,1.0,1.0,5.0,3.0,4.0,2.0,7.0,21.0,62.0,139.0,2.95,0.0,97.0,7.0,13.0,59.0,9.0,20.5,0.0,0.0,0.0,0.533424283765348,0.5,1.0,0.5780114,0.42198858
41,84,6.0,1.0,1.0,5.0,3.0,4.0,2.0,7.0,21.0,62.0,139.0,6.3,0.0,97.0,1.0,2.0,59.0,9.0,4.73053892215569,0.0,36.0,0.0,1.0,0.5,1.0,0.77430224,0.22569776
41,85,3.0,1.0,1.0,5.0,3.0,4.0,2.0,7.0,21.0,10.0,139.0,0.76,0.0,97.0,1.0,2.0,59.0,9.0,40.0,0.0,0.0,0.0,0.533424283765348,0.5,1.0,0.63462067,0.36537933
41,86,6.0,1.0,1.0,5.0,3.0,4.0,2.0,7.0,21.0,18.0,139.0,4.6,0.0,97.0,1.0,2.0,30.0,9.0,4.73053892215569,0.0,0.0,0.0,0.533424283765348,0.5,1.0,0.7207467,0.2792533
41,87,6.0,1.0,1.0,5.0,3.0,4.0,2.0,7.0,25.0,4.0,139.0,0.76,13.0,97.0,1.0,2.0,59.0,9.0,14.2,0.0,0.0,0.0,0.533424283765348,0.5,1.0,0.6880865,0.31191346
41,88,6.0,1.0,1.0,5.0,3.0,0.0,2.0,1.0,21.0,16.0,139.0,0.76,0.0,97.0,1.0,2.0,59.0,3.0,4.73053892215569,0.0,0.0,0.0,0.533424283765348,0.5,1.0,0.55245686,0.44754317
41,89,6.0,1.0,1.0,5.0,3.0,4.0,2.0,7.0,21.0,10.0,139.0,3.61,0.0,97.0,1.0,2.0,59.0,2.0,4.73053892215569,0.0,0.0,0.0,0.7,0.5,1.0,0.7324719,0.26752812
41,90,6.0,1.0,1.0,5.0,20.0,0.0,2.0,7.0,21.0,10.0,139.0,0.76,0.0,97.0,1.0,2.0,59.0,9.0,4.73053892215569,0.0,0.0,0.0,0.533424283765348,1.1,1.0,0.67827976,0.3217202
41,91,6.0,1.0,0.0,5.0,3.0,4.0,2.0,7.0,21.0,62.0,139.0,4.77,0.0,97.0,1.0,2.0,1.0,9.0,4.73053892215569,0.0,18.0,0.0,0.533424283765348,0.5,1.0,0.6327465,0.36725348
41,92,6.0,1.0,3.0,5.0,3.0,4.0,2.0,7.0,21.0,62.0,139.0,5.55,0.0,97.0,1.0,2.0,18.0,9.0,4.73053892215569,0.0,0.0,0.0,0.9,0.5,1.0,0.5397042,0.4602958
41,93,6.0,1.0,1.0,5.0,3.0,0.0,2.0,7.0,21.0,10.0,139.0,0.76,0.0,97.0,1.0,2.0,59.0,9.0,4.73053892215569,0.0,0.0,0.0,0.533424283765348,1.1,1.0,0.67827976,0.3217202
41,94,6.0,1.0,1.0,5.0,3.0,4.0,2.0,7.0,21.0,62.0,139.0,4.89,0.0,97.0,1.0,20.0,59.0,9.0,34.2,0.0,0.0,0.0,0.8,0.5,1.0,0.51103497,0.48896503
41,95,6.0,1.0,1.0,5.0,3.0,4.0,2.0,7.0,0.0,7.0,139.0,0.76,0.0,97.0,8.0,2.0,59.0,9.0,4.73053892215569,0.0,0.0,0.0,0.9,0.5,1.0,0.95062137,0.049378622
41,96,6.0,10.0,1.0,5.0,3.0,4.0,2.0,7.0,21.0,8.0,139.0,0.76,0.0,97.0,1.0,2.0,59.0,9.0,17.7,0.0,0.0,0.0,0.533424283765348,0.5,0.0,0.5370873,0.4629127
41,97,6.0,1.0,1.0,87.0,3.0,4.0,2.0,7.0,27.0,10.0,139.0,0.76,0.0,97.0,1.0,2.0,59.0,9.0,4.73053892215569,0.0,0.0,0.0,1.1,0.5,1.0,0.72164524,0.27835476
41,98,6.0,1.0,1.0,5.0,3.0,4.0,2.0,7.0,21.0,18.0,139.0,1.53,0.0,97.0,1.0,2.0,59.0,9.0,4.73053892215569,41.0,23.0,0.0,0.533424283765348,0.5,1.0,0.79394865,0.20605132
41,99,6.0,1.0,1.0,5.0,3.0,4.0,2.0,7.0,21.0,62.0,139.0,6.58,0.0,97.0,1.0,2.0,59.0,9.0,4.73053892215569,0.0,0.0,0.0,1.0,0.5,1.0,0.67157495,0.32842505
43,0,1.0,0.0,1.0,6.0,1.0,2.0,1.0,2.0,7.0,9.0,77.0,0.55,0.0,75.0,2.0,3.0,37.0,6.0,6.65882352941177,0.0,1.0,0.0,0.568445475638051,0.5,2.0,0.670415,0.32958502
43,1,1.0,0.0,1.0,6.0,1.0,2.0,1.0,2.0,7.0,14.0,77.0,0.55,0.0,97.0,2.0,3.0,31.0,6.0,51.8,0.0,1.0,0.0,0.568445475638051,0.5,2.0,0.82140404,0.17859595
43,2,6.0,0.0,1.0,6.0,1.0,2.0,1.0,2.0,7.0,3.0,77.0,0.55,0.0,97.0,2.0,3.0,18.0,6.0,6.65882352941177,0.0,1.0,0.0,0.568445475638051,0.5,2.0,0.7725713,0.22742866
43,3,1.0,0.0,4.0,6.0,15.0,2.0,1.0,2.0,7.0,7.0,77.0,0.55,0.0,97.0,2.0,3.0,18.0,6.0,6.65882352941177,0.0,1.0,0.0,0.568445475638051,0.5,2.0,0.6392014,0.3607986
43,4,1.0,0.0,1.0,6.0,1.0,2.0,2.0,2.0,7.0,8.0,77.0,0.55,0.0,97.0,2.0,3.0,18.0,6.0,6.65882352941177,0.0,37.0,0.0,0.568445475638051,0.5,2.0,0.7537283,0.2462717
43,5,1.0,0.0,1.0,6.0,1.0,2.0,1.0,2.0,7.0,31.0,77.0,5.96,0.0,97.0,5.0,3.0,18.0,6.0,6.65882352941177,0.0,37.0,0.0,0.568445475638051,0.5,2.0,0.5408758,0.4591242
43,6,1.0,0.0,1.0,6.0,1.0,2.0,1.0,2.0,7.0,3.0,77.0,0.55,0.0,97.0,2.0,3.0,18.0,6.0,6.65882352941177,0.0,1.0,0.0,1.0,0.5,2.0,0.75902617,0.24097385
43,7,1.0,0.0,1.0,6.0,1.0,2.0,1.0,15.0,7.0,10.0,77.0,0.55,0.0,97.0,2.0,3.0,18.0,6.0,6.65882352941177,0.0,1.0,0.0,0.568445475638051,0.5,2.0,0.60572374,0.3942763
43,8,1.0,0.0,1.0,6.0,1.0,2.0,1.0,2.0,37.0,4.0,77.0,0.55,0.0,97.0,2.0,3.0,18.0,6.0,6.65882352941177,0.0,1.0,0.0,0.568445475638051,0.5,2.0,0.85344297,0.14655702
43,9,1.0,0.0,1.0,6.0,1.0,2.0,1.0,2.0,18.0,9.0,77.0,0.55,0.0,97.0,2.0,3.0,18.0,6.0,6.65882352941177,0.0,1.0,0.0,0.568445475638051,0.5,2.0,0.7090539,0.29094613
43,10,1.0,0.0,1.0,6.0,1.0,2.0,10.0,2.0,7.0,8.0,77.0,1.87,0.0,97.0,2.0,3.0,18.0,6.0,6.65882352941177,0.0,1.0,0.0,0.568445475638051,0.5,2.0,0.82236636,0.17763367
43,11,1.0,0.0,1.0,6.0,1.0,2.0,1.0,2.0,7.0,5.0,77.0,0.55,0.0,97.0,2.0,3.0,18.0,6.0,6.65882352941177,0.0,1.0,0.0,0.4,0.5,2.0,0.7411335,0.2588665
43,12,1.0,0.0,1.0,6.0,1.0,2.0,1.0,2.0,7.0,10.0,77.0,0.55,0.0,97.0,2.0,3.0,18.0,6.0,24.8,0.0,1.0,0.0,0.568445475638051,0.5,2.0,0.9057507,0.09424932
43,13,1.0,0.0,1.0,6.0,1.0,2.0,1.0,2.0,7.0,10.0,77.0,3.61,0.0,97.0,2.0,3.0,18.0,6.0,6.65882352941177,0.0,1.0,0.0,0.568445475638051,0.5,2.0,0.85977197,0.14022805
43,14,1.0,0.0,1.0,6.0,1.0,2.0,1.0,2.0,7.0,31.0,77.0,6.6,0.0,97.0,6.0,3.0,18.0,6.0,6.65882352941177,0.0,9.0,0.0,0.568445475638051,0.5,2.0,0.5408758,0.4591242
43,15,1.0,0.0,1.0,6.0,45.0,2.0,1.0,2.0,7.0,3.0,77.0,0.55,0.0,97.0,2.0,3.0,18.0,6.0,6.65882352941177,0.0,1.0,0.0,0.568445475638051,0.5,2.0,0.8089142,0.19108579
43,16,1.0,0.0,1.0,6.0,1.0,2.0,1.0,2.0,7.0,3.0,77.0,0.55,2.0,97.0,2.0,3.0,18.0,6.0,6.65882352941177,11.0,1.0,0.0,0.568445475638051,0.5,2.0,0.72411245,0.27588755
43,17,1.0,0.0,0.0,6.0,1.0,2.0,1.0,2.0,7.0,31.0,77.0,4.77,0.0,97.0,2.0,3.0,1.0,6.0,6.65882352941177,0.0,1.0,0.0,0.568445475638051,0.5,2.0,0.5969714,0.40302858
43,18,1.0,0.0,1.0,6.0,1.0,2.0,1.0,2.0,7.0,0.0,77.0,0.55,0.0,97.0,2.0,3.0,18.0,6.0,6.65882352941177,41.0,1.0,0.0,0.568445475638051,0.5,2.0,0.72411245,0.27588755
43,19,1.0,0.0,1.0,6.0,1.0,2.0,1.0,2.0,7.0,8.0,77.0,0.55,0.0,97.0,0.0,3.0,18.0,6.0,6.65882352941177,0.0,1.0,0.0,0.568445475638051,0.4,2.0,0.7350639,0.26493606
43,20,1.0,0.0,1.0,6.0,1.0,2.0,1.0,2.0,27.0,10.0,77.0,0.55,0.0,97.0,2.0,3.0,18.0,6.0,6.65882352941177,0.0,1.0,0.0,1.1,0.5,2.0,0.74565303,0.25434694
43,21,1.0,0.0,1.0,6.0,1.0,2.0,1.0,2.0,7.0,18.0,77.0,0.45,0.0,97.0,2.0,3.0,18.0,6.0,6.65882352941177,0.0,1.0,0.0,0.568445475638051,0.5,1.0,0.67589474,0.3241053
43,22,1.0,0.0,1.0,6.0,1.0,2.0,1.0,2.0,7.0,8.0,47.0,0.55,0.0,97.0,2.0,3.0,18.0,6.0,21.3,0.0,1.0,0.0,0.568445475638051,0.5,2.0,0.9037807,0.096219316
43,23,1.0,0.0,1.0,19.0,1.0,2.0,1.0,2.0,7.0,3.0,77.0,0.55,0.0,97.0,2.0,3.0,18.0,6.0,6.65882352941177,0.0,1.0,0.0,0.568445475638051,0.5,2.0,0.8314487,0.16855131
43,24,1.0,0.0,1.0,6.0,1.0,2.0,1.0,2.0,7.0,15.0,77.0,0.55,0.0,97.0,6.0,3.0,18.0,6.0,6.65882352941177,0.0,12.0,0.0,0.568445475638051,0.5,2.0,0.68978524,0.31021476
43,25,1.0,0.0,1.0,6.0,1.0,2.0,1.0,2.0,7.0,0.0,77.0,0.55,0.0,19.0,2.0,3.0,18.0,6.0,6.65882352941177,0.0,1.0,0.0,0.568445475638051,0.5,2.0,0.8512106,0.14878939
43,26,9.0,0.0,1.0,6.0,1.0,2.0,1.0,2.0,7.0,14.0,77.0,0.55,0.0,97.0,2.0,3.0,18.0,6.0,6.65882352941177,0.0,1.0,0.0,0.568445475638051,0.5,2.0,0.5496204,0.45037958
43,27,1.0,0.0,1.0,6.0,1.0,0.0,1.0,2.0,7.0,10.0,77.0,0.55,0.0,97.0,2.0,3.0,18.0,6.0,6.65882352941177,0.0,1.0,0.0,0.568445475638051,1.1,2.0,0.76468307,0.23531693
43,28,1.0,0.0,1.0,6.0,1.0,2.0,1.0,2.0,25.0,4.0,77.0,0.55,0.0,97.0,2.0,3.0,18.0,6.0,6.65882352941177,0.0,1.0,0.0,0.568445475638051,0.5,2.0,0.85344297,0.14655702
43,29,1.0,0.0,1.0,6.0,1.0,2.0,1.0,2.0,7.0,18.0,77.0,0.55,0.0,97.0,2.0,3.0,18.0,6.0,6.65882352941177,0.0,1.0,3.0,0.568445475638051,0.5,2.0,0.6875091,0.31249088
43,30,1.0,0.0,1.0,6.0,1.0,2.0,1.0,2.0,7.0,4.0,77.0,0.55,0.0,97.0,2.0,3.0,47.0,6.0,6.65882352941177,0.0,1.0,0.0,0.568445475638051,0.4,2.0,0.8788976,0.12110237
43,31,1.0,0.0,1.0,6.0,1.0,2.0,14.0,2.0,7.0,3.0,77.0,0.55,0.0,97.0,2.0,3.0,18.0,6.0,6.65882352941177,0.0,1.0,0.0,0.4,0.5,2.0,0.7261148,0.2738852
43,32,1.0,0.0,1.0,6.0,1.0,2.0,1.0,2.0,7.0,31.0,77.0,1.68,0.0,97.0,5.0,3.0,18.0,6.0,11.6,0.0,1.0,0.0,0.568445475638051,0.5,2.0,0.620327,0.379673
43,33,1.0,0.0,1.0,6.0,1.0,2.0,1.0,2.0,7.0,1.0,77.0,0.55,0.0,97.0,2.0,3.0,18.0,6.0,6.65882352941177,0.0,13.0,0.0,0.568445475638051,0.4,2.0,0.91844434,0.08155568
43,34,1.0,0.0,1.0,6.0,1.0,2.0,1.0,2.0,7.0,0.0,77.0,0.55,0.0,97.0,2.0,43.0,18.0,6.0,6.65882352941177,0.0,1.0,0.0,0.568445475638051,0.4,2.0,0.9029336,0.0970664
43,35,1.0,0.0,1.0,6.0,1.0,2.0,1.0,2.0,7.0,0.0,77.0,0.55,0.0,94.0,2.0,3.0,18.0,6.0,6.65882352941177,0.0,1.0,0.0,0.568445475638051,0.5,2.0,0.8314487,0.16855131
43,36,11.0,0.0,1.0,6.0,1.0,2.0,1.0,1.0,7.0,8.0,77.0,0.55,0.0,97.0,2.0,3.0,18.0,6.0,6.65882352941177,0.0,1.0,0.0,0.568445475638051,0.5,2.0,0.61902475,0.38097522
43,37,16.0,0.0,1.0,6.0,1.0,2.0,1.0,2.0,7.0,16.0,77.0,0.55,0.0,97.0,2.0,3.0,18.0,6.0,6.65882352941177,0.0,1.0,0.0,0.568445475638051,0.5,2.0,0.6472342,0.35276583
43,38,1.0,0.0,1.0,6.0,23.0,2.0,1.0,2.0,7.0,3.0,77.0,0.55,0.0,97.0,2.0,3.0,18.0,6.0,6.65882352941177,0.0,1.0,0.0,0.568445475638051,0.5,2.0,0.8089142,0.19108579
43,39,1.0,0.0,1.0,6.0,1.0,2.0,1.0,2.0,7.0,3.0,77.0,0.55,0.0,97.0,2.0,3.0,18.0,6.0,6.65882352941177,0.0,1.0,0.0,0.568445475638051,0.5,2.0,0.8314487,0.16855131
43,40,1.0,0.0,1.0,6.0,1.0,2.0,1.0,5.0,7.0,12.0,77.0,0.55,0.0,97.0,2.0,3.0,18.0,6.0,29.7,0.0,1.0,0.0,0.568445475638051,0.5,2.0,0.77975726,0.22024275
43,41,1.0,0.0,1.0,6.0,1.0,2.0,1.0,2.0,7.0,3.0,77.0,0.55,0.0,97.0,2.0,3.0,18.0,6.0,6.65882352941177,0.0,9.0,0.0,0.568445475638051,0.5,2.0,0.8659052,0.13409477
43,42,1.0,0.0,1.0,6.0,1.0,2.0,1.0,2.0,7.0,5.0,77.0,0.55,0.0,97.0,2.0,3.0,18.0,6.0,22.5,13.0,1.0,0.0,0.568445475638051,0.5,2.0,0.8654057,0.13459434
43,43,1.0,0.0,1.0,6.0,1.0,2.0,1.0,2.0,7.0,11.0,77.0,0.55,0.0,64.0,2.0,3.0,18.0,6.0,6.65882352941177,0.0,1.0,0.0,0.568445475638051,0.5,2.0,0.59916115,0.40083882
43,44,1.0,0.0,1.0,6.0,39.0,2.0,1.0,2.0,7.0,0.0,77.0,0.55,0.0,97.0,2.0,3.0,18.0,6.0,6.65882352941177,41.0,1.0,0.0,0.568445475638051,0.5,2.0,0.6925343,0.30746567
43,45,4.0,0.0,2.0,6.0,1.0,2.0,1.0,2.0,7.0,16.0,77.0,0.55,0.0,97.0,2.0,3.0,18.0,6.0,6.65882352941177,0.0,1.0,0.0,0.568445475638051,0.5,2.0,0.6472342,0.35276583
43,46,1.0,0.0,1.0,6.0,1.0,2.0,1.0,2.0,7.0,10.0,77.0,0.55,0.0,97.0,2.0,3.0,18.0,6.0,6.65882352941177,0.0,1.0,0.0,0.568445475638051,0.5,2.0,0.67868227,0.32131773
43,47,1.0,0.0,1.0,6.0,1.0,2.0,1.0,2.0,7.0,7.0,77.0,0.55,0.0,97.0,2.0,3.0,18.0,6.0,6.65882352941177,0.0,1.0,0.0,0.568445475638051,0.8,2.0,0.7009985,0.29900151
43,48,14.0,0.0,1.0,6.0,1.0,2.0,1.0,2.0,7.0,4.0,77.0,0.55,0.0,55.0,2.0,3.0,18.0,6.0,6.65882352941177,0.0,1.0,0.0,0.568445475638051,0.5,2.0,0.74775374,0.25224623
43,49,8.0,0.0,1.0,6.0,1.0,2.0,1.0,2.0,7.0,15.0,108.0,0.55,0.0,97.0,2.0,3.0,18.0,6.0,6.65882352941177,0.0,1.0,0.0,0.568445475638051,0.5,2.0,0.5496204,0.45037958
43,50,1.0,0.0,1.0,6.0,1.0,2.0,1.0,2.0,7.0,14.0,77.0,0.55,0.0,97.0,2.0,3.0,18.0,6.0,6.65882352941177,0.0,1.0,0.0,0.568445475638051,0.5,2.0,0.5450909,0.45490912
43,51,1.0,0.0,1.0,6.0,1.0,2.0,1.0,2.0,7.0,9.0,77.0,0.55,0.0,97.0,2.0,3.0,18.0,6.0,6.65882352941177,0.0,1.0,0.0,0.568445475638051,0.5,2.0,0.673676,0.32632396
43,52,1.0,0.0,1.0,6.0,26.0,2.0,1.0,2.0,7.0,8.0,77.0,0.55,0.0,97.0,2.0,3.0,18.0,7.0,6.65882352941177,0.0,1.0,0.0,0.568445475638051,0.5,2.0,0.6392014,0.3607986
43,53,1.0,0.0,1.0,19.0,1.0,2.0,1.0,2.0,7.0,3.0,77.0,0.55,9.0,97.0,2.0,3.0,18.0,6.0,6.65882352941177,0.0,1.0,0.0,0.568445475638051,0.5,2.0,0.8513361,0.14866388
43,54,6.0,0.0,1.0,6.0,1.0,2.0,1.0,2.0,7.0,3.0,77.0,0.55,0.0,97.0,2.0,3.0,18.0,6.0,6.65882352941177,0.0,1.0,0.0,0.568445475638051,0.7,2.0,0.8789474,0.12105265
43,55,11.0,0.0,1.0,6.0,1.0,2.0,1.0,2.0,7.0,8.0,77.0,0.55,0.0,97.0,2.0,3.0,18.0,6.0,6.65882352941177,0.0,1.0,0.0,0.568445475638051,0.5,2.0,0.61902475,0.38097522
43,56,1.0,0.0,1.0,6.0,1.0,2.0,1.0,2.0,7.0,6.0,77.0,0.55,0.0,97.0,2.0,50.0,18.0,6.0,6.65882352941177,0.0,1.0,0.0,0.568445475638051,0.5,2.0,0.7017654,0.29823458
43,57,1.0,0.0,1.0,6.0,1.0,2.0,1.0,2.0,7.0,5.0,75.0,0.55,0.0,97.0,2.0,3.0,18.0,6.0,6.65882352941177,0.0,1.0,0.0,0.568445475638051,0.5,2.0,0.72647494,0.27352506
43,58,1.0,0.0,1.0,6.0,1.0,2.0,1.0,2.0,7.0,16.0,77.0,0.55,0.0,97.0,2.0,3.0,38.0,6.0,6.65882352941177,0.0,1.0,0.0,0.568445475638051,0.5,2.0,0.603138,0.39686197
43,59,1.0,0.0,1.0,6.0,1.0,2.0,1.0,2.0,7.0,7.0,77.0,0.55,0.0,97.0,3.0,3.0,18.0,6.0,6.65882352941177,0.0,10.0,0.0,0.568445475638051,0.5,2.0,0.74503464,0.25496536
43,60,1.0,0.0,1.0,6.0,1.0,2.0,1.0,2.0,0.0,7.0,77.0,0.55,0.0,97.0,2.0,3.0,18.0,6.0,6.65882352941177,0.0,1.0,0.0,0.568445475638051,0.5,2.0,0.90126973,0.09873028
43,61,1.0,0.0,1.0,6.0,42.0,2.0,1.0,2.0,7.0,5.0,77.0,0.55,0.0,97.0,2.0,3.0,18.0,6.0,6.65882352941177,0.0,1.0,0.0,0.568445475638051,0.1,2.0,0.79899395,0.20100605
43,62,1.0,0.0,1.0,6.0,1.0,2.0,1.0,2.0,7.0,5.0,95.0,0.55,0.0,97.0,2.0,3.0,18.0,6.0,6.65882352941177,0.0,1.0,0.0,0.568445475638051,0.5,2.0,0.72647494,0.27352506
43,63,1.0,0.0,1.0,6.0,1.0,2.0,1.0,2.0,36.0,6.0,77.0,0.55,0.0,97.0,2.0,3.0,18.0,6.0,6.65882352941177,0.0,1.0,0.0,0.568445475638051,0.5,2.0,0.71980524,0.28019473
43,64,1.0,0.0,1.0,6.0,1.0,2.0,1.0,2.0,7.0,17.0,77.0,0.55,0.0,97.0,2.0,3.0,18.0,6.0,6.65882352941177,0.0,1.0,0.0,0.568445475638051,1.1,2.0,0.54952645,0.45047352
43,65,1.0,0.0,1.0,6.0,1.0,2.0,1.0,2.0,7.0,16.0,77.0,0.55,4.0,97.0,2.0,3.0,18.0,6.0,6.65882352941177,0.0,1.0,0.0,0.568445475638051,0.5,2.0,0.7081531,0.29184687
43,66,1.0,0.0,1.0,6.0,1.0,2.0,1.0,2.0,7.0,10.0,77.0,3.61,0.0,97.0,2.0,3.0,18.0,2.0,6.65882352941177,0.0,1.0,0.0,0.568445475638051,0.5,2.0,0.91074103,0.08925895
43,67,2.0,0.0,1.0,6.0,1.0,2.0,1.0,2.0,7.0,15.0,77.0,0.55,0.0,97.0,2.0,3.0,18.0,6.0,6.65882352941177,0.0,38.0,0.0,0.568445475638051,0.5,2.0,0.61067593,0.38932404
43,68,1.0,0.0,1.0,6.0,1.0,2.0,1.0,2.0,7.0,10.0,77.0,0.55,0.0,97.0,2.0,3.0,18.0,6.0,6.65882352941177,33.0,1.0,0.0,0.568445475638051,0.5,2.0,0.5291536,0.47084644
43,69,1.0,0.0,1.0,6.0,1.0,2.0,1.0,2.0,7.0,31.0,77.0,7.38,0.0,97.0,5.0,3.0,18.0,6.0,6.65882352941177,0.0,1.0,0.0,1.1,0.5,2.0,0.65997094,0.34002906
43,70,1.0,0.0,1.0,6.0,1.0,2.0,1.0,2.0,7.0,2.0,77.0,0.55,0.0,97.0,5.0,3.0,18.0,8.0,6.65882352941177,0.0,1.0,0.0,0.568445475638051,0.5,2.0,0.8748885,0.12511154
43,71,2.0,0.0,1.0,6.0,1.0,2.0,1.0,2.0,7.0,15.0,77.0,0.55,0.0,97.0,2.0,3.0,18.0,6.0,6.65882352941177,0.0,1.0,0.0,0.568445475638051,0.5,2.0,0.5450909,0.45490912
43,72,1.0,0.0,1.0,6.0,1.0,2.0,1.0,2.0,7.0,18.0,77.0,1.53,0.0,97.0,2.0,3.0,18.0,6.0,6.65882352941177,0.0,23.0,0.0,0.568445475638051,0.5,2.0,0.8867921,0.113207884
43,73,1.0,0.0,1.0,6.0,1.0,2.0,1.0,2.0,7.0,5.0,7.0,0.55,0.0,97.0,2.0,1.0,18.0,6.0,6.65882352941177,0.0,1.0,0.0,0.568445475638051,0.5,2.0,0.7221318,0.2778682
43,74,1.0,0.0,1.0,6.0,1.0,2.0,1.0,2.0,7.0,10.0,77.0,0.55,0.0,97.0,2.0,3.0,18.0,6.0,6.65882352941177,0.0,1.0,0.0,0.568445475638051,1.1,2.0,0.69461876,0.30538124
43,75,1.0,0.0,1.0,6.0,1.0,2.0,1.0,2.0,7.0,1.0,77.0,0.55,0.0,97.0,2.0,3.0,18.0,6.0,6.65882352941177,0.0,1.0,0.0,0.568445475638051,0.5,2.0,0.8314487,0.16855131
43,76,1.0,0.0,1.0,6.0,1.0,2.0,1.0,2.0,7.0,11.0,77.0,0.55,0.0,97.0,2.0,3.0,18.0,6.0,6.65882352941177,0.0,6.0,0.0,0.568445475638051,0.5,2.0,0.628057,0.37194297
43,77,1.0,0.0,1.0,6.0,1.0,2.0,1.0,2.0,7.0,7.0,77.0,0.55,0.0,97.0,2.0,3.0,18.0,6.0,6.65882352941177,0.0,1.0,0.0,0.568445475638051,0.5,2.0,0.673676,0.32632396
43,78,1.0,0.0,1.0,6.0,1.0,2.0,1.0,2.0,7.0,4.0,77.0,0.55,10.0,97.0,2.0,3.0,18.0,6.0,6.65882352941177,0.0,1.0,0.0,0.568445475638051,0.5,2.0,0.8513361,0.14866388
43,79,1.0,0.0,1.0,6.0,1.0,2.0,1.0,2.0,7.0,12.0,77.0,6.07,0.0,97.0,2.0,3.0,18.0,6.0,6.65882352941177,0.0,1.0,0.0,0.568445475638051,0.5,2.0,0.7235416,0.27645838
43,80,1.0,0.0,1.0,6.0,1.0,2.0,5.0,2.0,7.0,7.0,77.0,0.89,0.0,97.0,2.0,3.0,18.0,6.0,6.65882352941177,0.0,1.0,0.0,0.568445475638051,0.5,2.0,0.53395367,0.4660463
43,81,1.0,0.0,1.0,6.0,1.0,2.0,1.0,2.0,7.0,17.0,77.0,0.55,0.0,97.0,2.0,3.0,18.0,9.0,6.65882352941177,0.0,1.0,0.0,0.568445475638051,0.5,3.0,0.64304876,0.35695124
43,82,1.0,0.0,1.0,6.0,1.0,2.0,1.0,2.0,7.0,3.0,136.0,0.55,0.0,97.0,2.0,3.0,20.0,6.0,6.65882352941177,0.0,1.0,0.0,0.568445475638051,0.5,2.0,0.8062563,0.19374372
43,83,1.0,0.0,1.0,6.0,1.0,2.0,1.0,2.0,30.0,12.0,101.0,0.55,0.0,97.0,2.0,3.0,18.0,6.0,6.65882352941177,0.0,1.0,0.0,0.568445475638051,0.5,2.0,0.50152314,0.49847686
43,84,17.0,0.0,1.0,6.0,1.0,2.0,1.0,2.0,7.0,0.0,77.0,0.55,0.0,94.0,2.0,3.0,18.0,6.0,6.65882352941177,0.0,1.0,0.0,0.568445475638051,0.5,2.0,0.7725713,0.22742866
43,85,1.0,0.0,1.0,6.0,1.0,2.0,1.0,2.0,7.0,11.0,77.0,0.55,0.0,97.0,4.0,3.0,18.0,6.0,6.65882352941177,0.0,6.0,0.0,0.568445475638051,0.5,2.0,0.6461218,0.3538782
43,86,1.0,0.0,1.0,6.0,1.0,2.0,1.0,2.0,7.0,5.0,77.0,0.55,0.0,97.0,2.0,3.0,18.0,6.0,6.65882352941177,0.0,1.0,0.0,0.568445475638051,0.2,2.0,0.8224415,0.17755848
43,87,1.0,0.0,1.0,6.0,1.0,2.0,1.0,2.0,7.0,12.0,118.0,6.07,0.0,97.0,2.0,3.0,18.0,6.0,6.65882352941177,0.0,1.0,0.0,0.568445475638051,0.5,2.0,0.7235416,0.27645838
43,88,17.0,0.0,1.0,6.0,1.0,2.0,1.0,2.0,7.0,1.0,77.0,0.55,0.0,97.0,2.0,3.0,18.0,9.0,6.65882352941177,0.0,1.0,0.0,0.568445475638051,0.5,2.0,0.7725713,0.22742866
43,89,1.0,0.0,1.0,6.0,1.0,2.0,1.0,2.0,7.0,7.0,77.0,0.55,0.0,97.0,2.0,3.0,57.0,6.0,6.65882352941177,0.0,1.0,0.0,0.568445475638051,0.5,2.0,0.63524735,0.36475268
43,90,1.0,0.0,1.0,6.0,1.0,2.0,1.0,2.0,7.0,15.0,77.0,0.55,0.0,97.0,5.0,3.0,18.0,6.0,6.65882352941177,0.0,16.0,0.0,0.568445475638051,0.5,2.0,0.68978524,0.31021476
43,91,1.0,0.0,1.0,6.0,1.0,2.0,1.0,2.0,27.0,5.0,77.0,0.55,0.0,37.0,2.0,3.0,18.0,6.0,6.65882352941177,0.0,1.0,0.0,0.568445475638051,0.5,2.0,0.8621463,0.1378537
43,92,1.0,0.0,1.0,6.0,1.0,2.0,1.0,2.0,7.0,0.0,77.0,0.55,0.0,97.0,2.0,2.0,18.0,6.0,6.65882352941177,0.0,1.0,0.0,0.568445475638051,0.5,2.0,0.8314487,0.16855131
43,93,1.0,0.0,1.0,6.0,1.0,2.0,1.0,2.0,7.0,12.0,77.0,0.55,0.0,97.0,2.0,3.0,6.0,6.0,6.65882352941177,0.0,1.0,0.0,0.568445475638051,0.5,2.0,0.74376285,0.25623712
43,94,1.0,0.0,1.0,6.0,1.0,2.0,1.0,2.0,7.0,11.0,77.0,0.55,0.0,64.0,0.0,3.0,18.0,6.0,6.65882352941177,0.0,1.0,0.0,0.568445475638051,0.5,2.0,0.5209097,0.47909027
43,95,1.0,0.0,1.0,6.0,1.0,2.0,1.0,2.0,7.0,0.0,77.0,0.55,0.0,97.0,2.0,43.0,18.0,6.0,6.65882352941177,0.0,1.0,0.0,0.568445475638051,0.5,2.0,0.84212,0.15788
43,96,1.0,0.0,1.0,6.0,1.0,2.0,1.0,2.0,7.0,6.0,77.0,0.55,0.0,97.0,2.0,50.0,18.0,6.0,6.65882352941177,0.0,1.0,1.0,0.568445475638051,0.5,2.0,0.7418483,0.2581517
43,97,1.0,0.0,1.0,6.0,1.0,2.0,1.0,2.0,7.0,12.0,77.0,0.55,0.0,97.0,2.0,3.0,6.0,4.0,6.65882352941177,0.0,1.0,0.0,0.568445475638051,0.5,2.0,0.74251556,0.2574844
43,98,1.0,0.0,1.0,6.0,1.0,2.0,1.0,2.0,0.0,7.0,77.0,0.55,0.0,97.0,8.0,3.0,18.0,6.0,6.65882352941177,0.0,1.0,0.0,0.568445475638051,0.5,2.0,0.9359518,0.06404818
43,99,1.0,0.0,1.0,6.0,1.0,2.0,1.0,2.0,7.0,18.0,77.0,0.55,0.0,97.0,2.0,3.0,18.0,6.0,6.65882352941177,0.0,1.0,0.0,0.568445475638051,0.5,2.0,0.64304876,0.35695124
48,0,14.0,3.0,1.0,1.0,0.0,4.0,4.0,6.0,8.0,14.0,38.0,0.39,0.0,89.0,1.0,3.0,2.0,4.0,43.1,0.0,1.0,0.0,0.496396396396396,0.666666666666667,3.0,0.6041831,0.39581692
48,1,12.0,3.0,1.0,1.0,0.0,4.0,3.0,6.0,8.0,16.0,38.0,0.39,0.0,89.0,1.0,43.0,27.0,4.0,4.87272727272727,0.0,1.0,0.0,1.0,0.666666666666667,3.0,0.6767057,0.3232943
48,2,6.0,3.0,1.0,1.0,0.0,4.0,3.0,6.0,0.0,7.0,29.0,0.39,0.0,89.0,8.0,3.0,27.0,4.0,4.87272727272727,0.0,1.0,0.0,0.9,0.666666666666667,3.0,0.7666069,0.23339307
48,3,6.0,3.0,1.0,1.0,0.0,4.0,3.0,6.0,8.0,22.0,38.0,7.38,0.0,89.0,5.0,3.0,27.0,4.0,4.87272727272727,0.0,1.0,0.0,1.1,0.666666666666667,3.0,0.5952236,0.4047764
48,4,6.0,3.0,1.0,1.0,0.0,4.0,3.0,6.0,25.0,4.0,38.0,0.39,0.0,89.0,1.0,3.0,27.0,4.0,14.2,0.0,1.0,0.0,0.496396396396396,0.666666666666667,3.0,0.50022894,0.49977106
48,5,6.0,3.0,1.0,1.0,0.0,4.0,14.0,6.0,1.0,26.0,38.0,0.39,0.0,89.0,1.0,3.0,27.0,4.0,4.87272727272727,0.0,1.0,3.0,0.9,0.666666666666667,3.0,0.6120238,0.38797623
48,6,6.0,3.0,1.0,1.0,0.0,4.0,3.0,6.0,0.0,7.0,38.0,0.39,0.0,89.0,8.0,3.0,27.0,4.0,4.87272727272727,0.0,1.0,0.0,0.9,0.666666666666667,3.0,0.882413,0.11758698
48,7,6.0,3.0,1.0,1.0,0.0,4.0,3.0,6.0,8.0,3.0,38.0,0.39,0.0,89.0,1.0,3.0,27.0,4.0,4.87272727272727,0.0,1.0,0.0,1.0,0.666666666666667,3.0,0.61140716,0.38859287
48,8,6.0,3.0,1.0,1.0,0.0,4.0,3.0,6.0,8.0,0.0,38.0,3.87,0.0,89.0,1.0,3.0,38.0,4.0,4.87272727272727,0.0,26.0,0.0,0.496396396396396,0.6,3.0,0.5927089,0.4072911
48,9,12.0,3.0,1.0,1.0,0.0,4.0,3.0,6.0,8.0,16.0,38.0,6.59,0.0,89.0,1.0,43.0,27.0,4.0,4.87272727272727,0.0,1.0,0.0,1.0,0.666666666666667,3.0,0.80363977,0.19636025
48,10,6.0,3.0,1.0,1.0,0.0,4.0,3.0,15.0,8.0,6.0,98.0,0.39,0.0,89.0,1.0,3.0,27.0,4.0,47.4,0.0,1.0,0.0,1.0,0.666666666666667,3.0,0.8621691,0.13783091
48,11,6.0,3.0,1.0,1.0,0.0,4.0,3.0,6.0,8.0,2.0,38.0,6.3,0.0,89.0,1.0,3.0,27.0,4.0,4.87272727272727,0.0,36.0,0.0,1.0,0.666666666666667,3.0,0.8303641,0.1696359
48,12,6.0,3.0,1.0,6.0,0.0,4.0,3.0,6.0,8.0,9.0,38.0,1.39,0.0,89.0,1.0,3.0,27.0,4.0,4.87272727272727,3.0,3.0,0.0,0.496396396396396,0.666666666666667,3.0,0.5732189,0.42678112
48,13,6.0,3.0,1.0,1.0,0.0,12.0,0.0,6.0,8.0,14.0,38.0,0.39,0.0,89.0,1.0,37.0,27.0,4.0,4.87272727272727,0.0,1.0,0.0,1.1,0.666666666666667,3.0,0.57835907,0.42164093
48,14,6.0,3.0,1.0,1.0,0.0,0.0,3.0,6.0,8.0,2.0,38.0,0.39,6.0,89.0,1.0,3.0,27.0,4.0,4.87272727272727,0.0,1.0,2.0,0.496396396396396,0.666666666666667,3.0,0.54280657,0.45719343
48,15,6.0,3.0,1.0,1.0,0.0,4.0,3.0,6.0,8.0,5.0,38.0,0.39,0.0,89.0,1.0,3.0,27.0,4.0,46.7,0.0,1.0,0.0,1.0,0.666666666666667,4.0,0.82243395,0.17756602
48,16,6.0,3.0,1.0,1.0,0.0,4.0,3.0,18.0,8.0,22.0,38.0,6.85,0.0,89.0,6.0,3.0,27.0,4.0,4.87272727272727,0.0,1.0,0.0,1.0,0.666666666666667,3.0,0.5518014,0.44819862
48,17,6.0,3.0,1.0,1.0,22.0,4.0,3.0,4.0,8.0,22.0,38.0,6.34,0.0,89.0,4.0,3.0,27.0,4.0,4.87272727272727,0.0,1.0,0.0,1.0,0.666666666666667,3.0,0.5124374,0.4875626
48,18,6.0,3.0,1.0,46.0,0.0,4.0,11.0,6.0,1.0,22.0,38.0,0.39,0.0,89.0,1.0,3.0,38.0,4.0,4.87272727272727,0.0,1.0,0.0,0.9,0.666666666666667,3.0,0.67002714,0.32997286
48,19,6.0,3.0,1.0,1.0,0.0,4.0,13.0,6.0,8.0,0.0,38.0,0.39,0.0,99.0,4.0,3.0,27.0,4.0,29.0,0.0,1.0,0.0,0.496396396396396,0.666666666666667,3.0,0.52002877,0.47997123
48,20,6.0,3.0,1.0,1.0,0.0,0.0,3.0,1.0,8.0,1.0,38.0,0.39,0.0,89.0,6.0,3.0,27.0,4.0,4.87272727272727,0.0,1.0,0.0,0.496396396396396,0.666666666666667,3.0,0.6446892,0.3553108
48,21,6.0,3.0,1.0,1.0,0.0,4.0,3.0,6.0,8.0,22.0,3.0,0.39,0.0,89.0,1.0,2.0,0.0,5.0,4.87272727272727,0.0,1.0,0.0,0.9,0.666666666666667,3.0,0.5445721,0.4554279
48,22,6.0,42.0,1.0,1.0,42.0,4.0,3.0,6.0,8.0,22.0,38.0,0.39,0.0,89.0,1.0,3.0,6.0,4.0,4.87272727272727,0.0,1.0,3.0,1.0,0.666666666666667,3.0,0.5827813,0.41721871
48,23,6.0,42.0,1.0,1.0,42.0,4.0,3.0,6.0,8.0,22.0,38.0,0.39,0.0,89.0,1.0,3.0,6.0,4.0,4.87272727272727,0.0,1.0,0.0,1.0,0.666666666666667,3.0,0.53353035,0.46646968
48,24,6.0,3.0,1.0,1.0,0.0,4.0,3.0,6.0,8.0,3.0,38.0,0.39,0.0,89.0,1.0,3.0,27.0,4.0,4.87272727272727,0.0,1.0,0.0,1.0,0.666666666666667,2.0,0.61140716,0.38859287
48,25,6.0,3.0,1.0,1.0,0.0,4.0,3.0,7.0,8.0,15.0,38.0,0.39,0.0,89.0,1.0,3.0,27.0,4.0,51.7,0.0,1.0,0.0,1.1,0.666666666666667,3.0,0.6705105,0.32948953
48,26,17.0,3.0,1.0,1.0,0.0,4.0,3.0,6.0,8.0,8.0,47.0,0.39,0.0,89.0,1.0,3.0,27.0,3.0,21.3,0.0,1.0,0.0,0.496396396396396,0.666666666666667,3.0,0.52577806,0.47422192
48,27,6.0,3.0,1.0,1.0,0.0,4.0,11.0,6.0,1.0,22.0,38.0,0.39,0.0,89.0,1.0,3.0,27.0,4.0,4.87272727272727,0.0,1.0,0.0,0.9,0.666666666666667,3.0,0.5636401,0.4363599
48,28,6.0,3.0,4.0,1.0,0.0,4.0,3.0,6.0,0.0,22.0,38.0,0.39,0.0,89.0,1.0,3.0,23.0,4.0,4.87272727272727,0.0,1.0,0.0,1.1,0.666666666666667,3.0,0.7744827,0.22551729
48,29,6.0,3.0,1.0,1.0,0.0,4.0,3.0,6.0,8.0,5.0,38.0,0.39,0.0,89.0,1.0,3.0,27.0,4.0,4.87272727272727,0.0,1.0,0.0,1.0,0.666666666666667,3.0,0.66221136,0.33778864
48,30,6.0,3.0,1.0,1.0,0.0,4.0,3.0,6.0,31.0,22.0,38.0,6.2,0.0,89.0,8.0,3.0,27.0,4.0,4.87272727272727,0.0,1.0,0.0,1.0,0.666666666666667,3.0,0.64339656,0.35660344
48,31,6.0,3.0,1.0,1.0,0.0,4.0,3.0,6.0,8.0,15.0,38.0,0.39,0.0,89.0,1.0,3.0,27.0,4.0,4.87272727272727,0.0,1.0,0.0,1.1,0.666666666666667,3.0,0.57227993,0.42772004
48,32,6.0,3.0,2.0,1.0,0.0,4.0,3.0,6.0,8.0,56.0,38.0,0.39,0.0,89.0,1.0,3.0,9.0,4.0,4.87272727272727,0.0,1.0,0.0,1.0,0.666666666666667,3.0,0.63359636,0.36640364
48,33,6.0,3.0,1.0,87.0,0.0,4.0,3.0,6.0,27.0,10.0,38.0,0.39,0.0,89.0,1.0,3.0,52.0,4.0,4.87272727272727,0.0,1.0,0.0,1.1,0.666666666666667,3.0,0.68540597,0.314594
48,34,6.0,39.0,1.0,1.0,0.0,4.0,3.0,6.0,17.0,22.0,38.0,7.24,0.0,89.0,7.0,3.0,27.0,4.0,4.87272727272727,0.0,1.0,0.0,1.1,0.666666666666667,3.0,0.61550546,0.38449454
48,35,6.0,3.0,1.0,74.0,0.0,4.0,3.0,6.0,8.0,22.0,38.0,7.31,0.0,89.0,4.0,3.0,27.0,4.0,4.87272727272727,0.0,26.0,0.0,1.1,0.666666666666667,3.0,0.70157886,0.29842117
48,36,6.0,3.0,1.0,1.0,0.0,4.0,0.0,6.0,8.0,22.0,38.0,4.09,0.0,89.0,1.0,3.0,4.0,4.0,28.5,0.0,29.0,0.0,0.496396396396396,0.666666666666667,3.0,0.5394444,0.4605556
48,37,6.0,3.0,1.0,1.0,0.0,4.0,4.0,6.0,1.0,22.0,38.0,1.36,0.0,89.0,7.0,3.0,27.0,4.0,4.87272727272727,0.0,1.0,0.0,0.496396396396396,0.666666666666667,1.0,0.6364753,0.36352468
48,38,6.0,3.0,2.0,1.0,0.0,4.0,3.0,6.0,31.0,22.0,38.0,6.2,0.0,89.0,8.0,3.0,27.0,4.0,4.87272727272727,0.0,1.0,0.0,1.0,0.666666666666667,3.0,0.64339656,0.35660344
48,39,6.0,3.0,1.0,1.0,0.0,4.0,3.0,6.0,8.0,1.0,38.0,1.41,0.0,83.0,7.0,3.0,43.0,4.0,4.87272727272727,0.0,1.0,0.0,0.496396396396396,0.666666666666667,3.0,0.61571765,0.38428238
48,40,6.0,3.0,1.0,1.0,33.0,4.0,3.0,6.0,8.0,22.0,38.0,0.39,0.0,89.0,1.0,3.0,3.0,4.0,44.4,0.0,35.0,0.0,1.0,0.666666666666667,3.0,0.7519293,0.2480707
48,41,6.0,3.0,1.0,1.0,0.0,4.0,3.0,6.0,8.0,5.0,38.0,0.39,0.0,89.0,1.0,20.0,27.0,4.0,46.7,0.0,1.0,0.0,1.0,0.666666666666667,4.0,0.86712044,0.13287956
48,42,6.0,3.0,1.0,1.0,0.0,4.0,3.0,18.0,8.0,22.0,38.0,6.85,0.0,89.0,6.0,3.0,27.0,4.0,4.87272727272727,0.0,1.0,0.0,1.0,0.666666666666667,1.0,0.6081717,0.3918283
48,43,6.0,3.0,1.0,1.0,0.0,4.0,3.0,6.0,8.0,0.0,38.0,0.39,0.0,19.0,1.0,3.0,27.0,4.0,4.87272727272727,0.0,1.0,0.0,1.0,0.666666666666667,3.0,0.56426775,0.43573228
48,44,14.0,3.0,1.0,1.0,0.0,4.0,3.0,6.0,8.0,14.0,38.0,0.39,0.0,89.0,1.0,3.0,2.0,4.0,43.1,0.0,1.0,0.0,0.496396396396396,0.666666666666667,3.0,0.5684737,0.4315263
48,45,11.0,3.0,1.0,1.0,0.0,4.0,3.0,6.0,2.0,1.0,38.0,0.39,0.0,89.0,0.0,3.0,3.0,4.0,4.87272727272727,0.0,1.0,0.0,0.496396396396396,0.666666666666667,3.0,0.62727344,0.37272653
48,46,6.0,3.0,1.0,1.0,0.0,4.0,3.0,6.0,8.0,5.0,38.0,1.7,0.0,89.0,6.0,32.0,27.0,4.0,4.87272727272727,0.0,34.0,0.0,0.496396396396396,0.666666666666667,3.0,0.7173451,0.28265485
48,47,6.0,3.0,2.0,1.0,0.0,4.0,3.0,6.0,8.0,56.0,38.0,0.39,9.0,89.0,1.0,3.0,9.0,4.0,4.87272727272727,0.0,1.0,0.0,1.0,0.666666666666667,3.0,0.5801453,0.4198547
48,48,6.0,3.0,1.0,1.0,0.0,4.0,4.0,7.0,8.0,15.0,38.0,0.39,0.0,89.0,1.0,3.0,27.0,4.0,51.7,0.0,1.0,0.0,1.1,0.666666666666667,3.0,0.6757763,0.3242237
48,49,6.0,3.0,1.0,1.0,0.0,4.0,3.0,6.0,8.0,0.0,54.0,0.39,0.0,19.0,1.0,3.0,27.0,4.0,4.87272727272727,28.0,1.0,0.0,1.0,0.666666666666667,3.0,0.6023237,0.3976763
48,50,6.0,20.0,1.0,1.0,0.0,4.0,3.0,6.0,8.0,22.0,38.0,7.38,0.0,89.0,5.0,3.0,27.0,4.0,4.87272727272727,0.0,1.0,0.0,1.1,0.666666666666667,4.0,0.5661056,0.43389437
48,51,12.0,3.0,1.0,1.0,0.0,4.0,3.0,6.0,8.0,16.0,38.0,0.39,0.0,89.0,1.0,3.0,27.0,4.0,4.87272727272727,0.0,1.0,0.0,1.0,0.666666666666667,3.0,0.5976936,0.40230638
48,52,6.0,3.0,4.0,1.0,0.0,4.0,3.0,6.0,0.0,22.0,38.0,0.39,0.0,89.0,1.0,3.0,23.0,0.0,4.87272727272727,0.0,1.0,0.0,1.1,0.666666666666667,3.0,0.82984924,0.17015077
48,53,6.0,3.0,1.0,1.0,0.0,4.0,3.0,6.0,27.0,10.0,38.0,0.39,0.0,89.0,1.0,3.0,27.0,4.0,4.87272727272727,0.0,1.0,0.0,1.1,0.666666666666667,3.0,0.53884816,0.4611518
58,0,0.0,4.0,1.0,2.0,0.0,8.0,2.0,8.0,22.0,21.0,78.0,1.43,0.0,94.0,1.0,1.0,5.0,2.0,4.24038461538461,0.0,0.0,0.0,0.66008316008316,0.625,1.0,0.5230348,0.4769652
58,1,0.0,4.0,1.0,64.0,0.0,8.0,2.0,5.0,22.0,0.0,78.0,1.43,0.0,94.0,1.0,2.0,50.0,6.0,4.24038461538461,0.0,0.0,0.0,0.66008316008316,0.625,1.0,0.8012382,0.19876184
58,2,0.0,4.0,1.0,2.0,0.0,8.0,2.0,5.0,22.0,21.0,13.0,1.43,0.0,94.0,1.0,1.0,50.0,6.0,4.24038461538461,0.0,0.0,0.0,0.66008316008316,0.1,1.0,0.6372567,0.36274332
58,3,0.0,4.0,1.0,2.0,25.0,8.0,2.0,5.0,22.0,21.0,78.0,1.43,0.0,94.0,1.0,39.0,50.0,6.0,4.24038461538461,0.0,0.0,0.0,1.1,0.625,1.0,0.56679213,0.43320784
58,4,0.0,4.0,1.0,2.0,0.0,8.0,2.0,5.0,22.0,8.0,78.0,1.43,0.0,94.0,1.0,1.0,50.0,6.0,17.7,0.0,0.0,0.0,0.66008316008316,0.625,0.0,0.7732645,0.22673546
58,5,0.0,4.0,1.0,2.0,0.0,11.0,2.0,5.0,22.0,21.0,78.0,1.43,0.0,94.0,1.0,1.0,1.0,6.0,4.24038461538461,0.0,0.0,0.0,0.66008316008316,0.625,1.0,0.5010681,0.4989319
58,6,0.0,4.0,1.0,2.0,0.0,8.0,2.0,5.0,22.0,0.0,78.0,1.43,0.0,94.0,8.0,1.0,50.0,6.0,4.24038461538461,0.0,0.0,0.0,0.66008316008316,0.625,1.0,0.8714708,0.12852919
58,7,20.0,4.0,1.0,2.0,0.0,8.0,2.0,5.0,22.0,21.0,78.0,1.43,0.0,94.0,1.0,1.0,5.0,6.0,4.24038461538461,13.0,0.0,0.0,0.66008316008316,0.625,1.0,0.513329,0.486671
58,8,0.0,4.0,1.0,2.0,0.0,8.0,2.0,5.0,22.0,21.0,78.0,1.43,0.0,94.0,1.0,1.0,0.0,6.0,4.24038461538461,0.0,0.0,0.0,0.66008316008316,0.1,1.0,0.5544666,0.4455334
58,9,17.0,4.0,1.0,2.0,0.0,8.0,2.0,5.0,22.0,0.0,78.0,1.43,0.0,94.0,1.0,1.0,50.0,6.0,4.24038461538461,0.0,0.0,0.0,0.66008316008316,0.625,1.0,0.72930855,0.27069145
58,10,0.0,4.0,1.0,2.0,0.0,8.0,2.0,5.0,22.0,0.0,78.0,1.43,0.0,94.0,8.0,1.0,43.0,6.0,4.24038461538461,0.0,0.0,0.0,0.66008316008316,0.625,1.0,0.8714708,0.12852919
58,11,0.0,4.0,1.0,2.0,0.0,8.0,11.0,13.0,22.0,21.0,78.0,1.43,0.0,94.0,1.0,1.0,50.0,6.0,4.24038461538461,0.0,0.0,0.0,1.0,0.625,1.0,0.54663837,0.4533616
58,12,0.0,4.0,1.0,2.0,0.0,8.0,2.0,5.0,22.0,5.0,78.0,1.43,0.0,94.0,1.0,1.0,50.0,6.0,4.24038461538461,0.0,0.0,0.0,0.4,0.625,1.0,0.70437604,0.29562396
58,13,0.0,4.0,1.0,2.0,0.0,8.0,2.0,5.0,22.0,5.0,78.0,1.43,0.0,94.0,1.0,1.0,23.0,6.0,4.24038461538461,0.0,0.0,0.0,0.66008316008316,0.2,1.0,0.6155361,0.38446394
58,14,0.0,4.0,1.0,2.0,0.0,8.0,2.0,5.0,22.0,4.0,78.0,1.43,0.0,94.0,1.0,1.0,50.0,6.0,4.24038461538461,33.0,0.0,0.0,0.66008316008316,0.625,1.0,0.6753508,0.32464918
58,15,0.0,4.0,1.0,2.0,0.0,8.0,2.0,5.0,22.0,5.0,78.0,1.43,0.0,94.0,1.0,1.0,50.0,8.0,4.24038461538461,8.0,0.0,0.0,0.66008316008316,0.625,1.0,0.5863905,0.4136095
58,16,0.0,4.0,1.0,2.0,0.0,8.0,2.0,5.0,22.0,0.0,78.0,1.43,0.0,32.0,1.0,1.0,70.0,6.0,4.24038461538461,0.0,0.0,0.0,0.66008316008316,0.625,1.0,0.6189323,0.3810677
58,17,0.0,4.0,1.0,2.0,0.0,8.0,2.0,5.0,22.0,21.0,79.0,1.43,0.0,94.0,1.0,1.0,50.0,0.0,4.24038461538461,0.0,0.0,0.0,0.66008316008316,0.1,1.0,0.5402293,0.45977068
58,18,0.0,4.0,1.0,2.0,0.0,8.0,2.0,2.0,22.0,21.0,78.0,1.43,0.0,40.0,1.0,1.0,1.0,6.0,4.24038461538461,0.0,0.0,0.0,0.66008316008316,0.625,1.0,0.6208099,0.37919006
58,19,0.0,4.0,1.0,2.0,0.0,10.0,2.0,5.0,22.0,0.0,78.0,1.43,0.0,94.0,1.0,1.0,50.0,8.0,4.24038461538461,0.0,0.0,0.0,0.66008316008316,0.625,1.0,0.7242808,0.27571923
58,20,0.0,4.0,1.0,2.0,0.0,8.0,2.0,5.0,22.0,21.0,78.0,1.43,9.0,94.0,1.0,39.0,0.0,6.0,4.24038461538461,0.0,0.0,0.0,0.66008316008316,0.625,1.0,0.66090405,0.33909598
58,21,0.0,4.0,1.0,2.0,9.0,8.0,13.0,5.0,22.0,21.0,78.0,1.43,0.0,94.0,1.0,1.0,50.0,6.0,4.24038461538461,0.0,0.0,0.0,1.0,0.625,1.0,0.58857095,0.41142905
58,22,0.0,4.0,1.0,2.0,0.0,12.0,2.0,5.0,22.0,4.0,78.0,1.43,0.0,94.0,1.0,1.0,50.0,6.0,4.24038461538461,0.0,0.0,0.0,0.66008316008316,0.625,1.0,0.6514409,0.34855908
58,23,0.0,4.0,1.0,2.0,0.0,7.0,2.0,5.0,22.0,3.0,78.0,1.43,0.0,94.0,1.0,1.0,50.0,6.0,4.24038461538461,0.0,26.0,0.0,0.66008316008316,0.625,1.0,0.7807898,0.21921022
58,24,0.0,4.0,1.0,6.0,0.0,8.0,2.0,5.0,22.0,21.0,78.0,1.43,0.0,94.0,1.0,1.0,50.0,6.0,10.7,0.0,0.0,0.0,0.66008316008316,0.2,1.0,0.5930778,0.40692225
58,25,17.0,4.0,1.0,2.0,0.0,2.0,2.0,5.0,22.0,21.0,78.0,1.43,0.0,94.0,1.0,1.0,50.0,6.0,4.24038461538461,0.0,0.0,0.0,0.66008316008316,0.4,1.0,0.5062631,0.49373692
58,26,0.0,4.0,1.0,2.0,0.0,8.0,2.0,5.0,22.0,55.0,14.0,1.43,0.0,94.0,1.0,1.0,8.0,6.0,4.24038461538461,0.0,0.0,0.0,0.66008316008316,0.625,1.0,0.6039043,0.3960957
58,27,0.0,4.0,1.0,2.0,0.0,8.0,2.0,5.0,27.0,10.0,78.0,1.43,0.0,94.0,1.0,1.0,50.0,6.0,4.24038461538461,0.0,0.0,0.0,1.1,0.625,1.0,0.84828514,0.15171486
58,28,0.0,4.0,1.0,2.0,0.0,8.0,2.0,5.0,22.0,21.0,78.0,1.43,0.0,94.0,1.0,1.0,50.0,0.0,4.24038461538461,0.0,0.0,0.0,0.66008316008316,0.2,1.0,0.5402293,0.45977068
58,29,0.0,4.0,1.0,2.0,0.0,8.0,2.0,5.0,22.0,0.0,78.0,1.43,0.0,94.0,1.0,1.0,70.0,6.0,4.24038461538461,0.0,0.0,0.0,0.66008316008316,0.625,1.0,0.7722404,0.22775957
58,30,0.0,4.0,1.0,2.0,0.0,12.0,2.0,5.0,22.0,3.0,125.0,1.43,0.0,94.0,1.0,1.0,50.0,6.0,4.24038461538461,0.0,0.0,0.0,0.66008316008316,0.625,1.0,0.61807424,0.38192576
58,31,11.0,4.0,1.0,2.0,0.0,8.0,2.0,1.0,22.0,8.0,78.0,1.43,0.0,94.0,1.0,1.0,50.0,6.0,4.24038461538461,0.0,0.0,0.0,0.66008316008316,0.625,1.0,0.5371915,0.46280846
58,32,0.0,17.0,1.0,60.0,0.0,8.0,2.0,5.0,22.0,21.0,78.0,1.43,0.0,94.0,1.0,1.0,50.0,6.0,4.24038461538461,0.0,0.0,0.0,1.0,0.625,1.0,0.52269626,0.47730377
58,33,0.0,4.0,4.0,2.0,0.0,8.0,2.0,5.0,22.0,0.0,78.0,1.43,0.0,94.0,1.0,1.0,50.0,6.0,4.24038461538461,0.0,0.0,0.0,0.66008316008316,0.625,1.0,0.7564231,0.24357687
58,34,0.0,4.0,1.0,69.0,0.0,8.0,2.0,5.0,22.0,21.0,78.0,1.43,0.0,94.0,1.0,1.0,50.0,6.0,4.24038461538461,0.0,0.0,0.0,1.0,0.625,1.0,0.52269626,0.47730377
58,35,0.0,4.0,1.0,2.0,0.0,8.0,2.0,12.0,22.0,21.0,78.0,4.66,0.0,94.0,1.0,1.0,2.0,6.0,4.24038461538461,0.0,0.0,0.0,0.66008316008316,0.625,1.0,0.51768184,0.48231813
58,36,0.0,4.0,1.0,2.0,0.0,8.0,2.0,5.0,22.0,11.0,78.0,1.43,0.0,94.0,4.0,1.0,50.0,6.0,4.24038461538461,0.0,6.0,0.0,0.66008316008316,0.625,1.0,0.5027646,0.49723542
58,37,0.0,4.0,1.0,2.0,0.0,8.0,2.0,5.0,22.0,5.0,78.0,1.43,0.0,94.0,1.0,1.0,50.0,6.0,4.24038461538461,0.0,0.0,0.0,1.0,0.625,1.0,0.9368879,0.063112095
58,38,0.0,4.0,3.0,2.0,0.0,8.0,2.0,5.0,22.0,9.0,78.0,1.43,0.0,94.0,1.0,1.0,50.0,6.0,4.24038461538461,37.0,0.0,0.0,0.66008316008316,0.625,1.0,0.57834816,0.42165187
58,39,0.0,39.0,1.0,2.0,0.0,8.0,2.0,5.0,22.0,3.0,78.0,1.43,0.0,94.0,1.0,1.0,50.0,6.0,4.24038461538461,39.0,0.0,0.0,0.66008316008316,0.625,1.0,0.6430187,0.3569813
58,40,14.0,4.0,1.0,2.0,0.0,8.0,2.0,5.0,22.0,4.0,78.0,1.43,0.0,94.0,1.0,1.0,50.0,6.0,4.24038461538461,0.0,0.0,0.0,0.66008316008316,0.625,1.0,0.5976038,0.40239623
58,41,0.0,4.0,1.0,2.0,0.0,8.0,2.0,5.0,22.0,8.0,47.0,1.43,0.0,94.0,1.0,1.0,50.0,6.0,21.3,0.0,0.0,0.0,0.66008316008316,0.625,1.0,0.79021615,0.20978384
58,42,0.0,4.0,1.0,2.0,0.0,8.0,2.0,5.0,26.0,7.0,78.0,1.43,0.0,94.0,1.0,1.0,50.0,6.0,4.24038461538461,0.0,0.0,0.0,0.66008316008316,0.625,1.0,0.5736417,0.42635828
58,43,0.0,39.0,1.0,2.0,0.0,8.0,2.0,5.0,22.0,5.0,78.0,1.43,0.0,94.0,1.0,1.0,50.0,6.0,4.24038461538461,0.0,0.0,0.0,0.66008316008316,0.625,1.0,0.56019545,0.43980452
58,44,0.0,14.0,1.0,2.0,0.0,8.0,2.0,5.0,22.0,21.0,78.0,1.43,0.0,94.0,1.0,1.0,50.0,6.0,4.24038461538461,0.0,37.0,0.0,1.0,0.625,1.0,0.57425374,0.42574626
58,45,0.0,4.0,1.0,2.0,0.0,12.0,2.0,5.0,22.0,3.0,78.0,1.43,0.0,94.0,1.0,1.0,50.0,6.0,4.24038461538461,0.0,0.0,0.0,0.66008316008316,0.625,1.0,0.61807424,0.38192576
58,46,0.0,4.0,4.0,2.0,0.0,8.0,2.0,5.0,22.0,21.0,78.0,1.43,0.0,94.0,1.0,1.0,50.0,6.0,4.24038461538461,0.0,0.0,0.0,0.4,0.1,1.0,0.55358624,0.4464138
58,47,0.0,4.0,1.0,2.0,0.0,8.0,2.0,5.0,22.0,8.0,78.0,1.43,7.0,94.0,1.0,1.0,50.0,6.0,4.24038461538461,0.0,0.0,0.0,0.66008316008316,0.625,1.0,0.61048657,0.38951343
58,48,0.0,4.0,0.0,2.0,0.0,8.0,2.0,5.0,22.0,21.0,78.0,4.77,0.0,94.0,1.0,1.0,1.0,6.0,4.24038461538461,0.0,0.0,0.0,0.66008316008316,0.625,1.0,0.61839324,0.38160676
58,49,0.0,4.0,1.0,2.0,0.0,8.0,2.0,5.0,22.0,21.0,78.0,1.43,0.0,94.0,1.0,1.0,50.0,2.0,4.24038461538461,0.0,0.0,0.0,1.0,0.625,1.0,0.6554973,0.34450266
58,50,0.0,0.0,1.0,2.0,0.0,8.0,2.0,5.0,22.0,10.0,78.0,1.43,0.0,94.0,1.0,1.0,50.0,6.0,4.24038461538461,33.0,0.0,0.0,0.66008316008316,0.625,1.0,0.70061815,0.29938182
58,51,0.0,4.0,1.0,2.0,0.0,8.0,2.0,5.0,22.0,4.0,78.0,1.43,0.0,94.0,1.0,28.0,50.0,6.0,4.24038461538461,33.0,0.0,0.0,0.66008316008316,0.625,1.0,0.7456028,0.2543972
58,52,0.0,39.0,1.0,2.0,0.0,8.0,2.0,5.0,22.0,3.0,78.0,1.43,0.0,94.0,1.0,1.0,50.0,6.0,4.24038461538461,0.0,0.0,0.0,0.66008316008316,0.625,1.0,0.61807424,0.38192576
58,53,0.0,4.0,1.0,2.0,15.0,8.0,2.0,5.0,22.0,21.0,78.0,1.43,0.0,94.0,1.0,52.0,0.0,6.0,4.24038461538461,0.0,0.0,0.0,0.66008316008316,0.625,1.0,0.5767931,0.4232069
58,54,0.0,4.0,1.0,2.0,0.0,8.0,2.0,5.0,22.0,5.0,78.0,1.43,0.0,94.0,1.0,1.0,50.0,6.0,22.5,13.0,0.0,0.0,0.66008316008316,0.625,1.0,0.7987608,0.2012392
58,55,13.0,4.0,1.0,2.0,0.0,8.0,2.0,5.0,22.0,5.0,78.0,1.43,0.0,94.0,1.0,1.0,50.0,6.0,14.1,0.0,0.0,0.0,0.66008316008316,0.625,1.0,0.835453,0.16454703
58,56,0.0,4.0,1.0,2.0,0.0,8.0,2.0,5.0,22.0,21.0,78.0,1.43,0.0,94.0,1.0,7.0,5.0,6.0,41.9,0.0,0.0,0.0,0.66008316008316,0.625,1.0,0.5831547,0.41684532
58,57,0.0,4.0,1.0,2.0,0.0,8.0,2.0,5.0,22.0,6.0,78.0,1.43,0.0,94.0,1.0,50.0,50.0,6.0,4.24038461538461,0.0,0.0,0.0,0.66008316008316,0.625,1.0,0.54109764,0.45890233
58,58,0.0,4.0,1.0,2.0,0.0,8.0,2.0,5.0,22.0,5.0,95.0,1.43,0.0,94.0,1.0,1.0,50.0,6.0,4.24038461538461,0.0,0.0,0.0,0.66008316008316,0.625,1.0,0.56019545,0.43980452
58,59,0.0,4.0,3.0,2.0,0.0,8.0,2.0,5.0,20.0,7.0,78.0,1.43,0.0,94.0,1.0,1.0,50.0,6.0,4.24038461538461,0.0,0.0,0.0,0.66008316008316,0.625,1.0,0.55203295,0.44796705
58,60,0.0,4.0,1.0,90.0,0.0,8.0,2.0,5.0,22.0,21.0,78.0,1.43,0.0,35.0,1.0,1.0,50.0,6.0,4.24038461538461,0.0,0.0,0.0,1.0,0.625,1.0,0.65688586,0.34311414
58,61,0.0,4.0,4.0,2.0,0.0,8.0,2.0,5.0,22.0,0.0,78.0,1.43,0.0,94.0,1.0,1.0,50.0,6.0,4.24038461538461,0.0,29.0,0.0,0.66008316008316,0.625,1.0,0.87236816,0.12763183
58,62,0.0,4.0,1.0,2.0,0.0,8.0,2.0,5.0,22.0,21.0,78.0,6.3,0.0,94.0,1.0,1.0,50.0,6.0,4.24038461538461,0.0,36.0,0.0,1.0,0.625,1.0,0.5737697,0.4262303
58,63,0.0,4.0,1.0,2.0,0.0,8.0,2.0,5.0,22.0,21.0,78.0,1.43,8.0,94.0,1.0,1.0,0.0,6.0,4.24038461538461,0.0,0.0,0.0,0.66008316008316,0.625,1.0,0.53560936,0.46439067
58,64,0.0,4.0,1.0,2.0,42.0,8.0,2.0,5.0,22.0,5.0,78.0,1.43,0.0,94.0,1.0,1.0,50.0,6.0,4.24038461538461,0.0,0.0,0.0,0.66008316008316,0.1,1.0,0.56600606,0.43399397
58,65,0.0,4.0,1.0,2.0,0.0,8.0,2.0,5.0,22.0,21.0,78.0,1.43,0.0,94.0,1.0,1.0,50.0,6.0,8.0,0.0,0.0,0.0,0.66008316008316,0.2,1.0,0.5515815,0.44841847
58,66,0.0,4.0,1.0,2.0,0.0,8.0,2.0,5.0,22.0,21.0,78.0,1.43,0.0,94.0,5.0,1.0,50.0,6.0,25.2,0.0,0.0,0.0,0.66008316008316,0.5,1.0,0.55772895,0.44227105
58,67,6.0,4.0,1.0,2.0,0.0,8.0,2.0,5.0,22.0,3.0,78.0,1.43,0.0,94.0,1.0,1.0,50.0,6.0,4.24038461538461,0.0,0.0,0.0,0.66008316008316,0.625,1.0,0.5625442,0.43745577
58,68,0.0,4.0,1.0,2.0,0.0,8.0,1.0,5.0,22.0,10.0,78.0,1.43,0.0,94.0,1.0,1.0,50.0,6.0,4.24038461538461,0.0,0.0,0.0,0.66008316008316,0.5,1.0,0.5702154,0.4297846
58,69,0.0,4.0,1.0,2.0,0.0,8.0,2.0,5.0,22.0,3.0,78.0,1.43,0.0,94.0,1.0,1.0,50.0,6.0,4.24038461538461,0.0,0.0,0.0,0.66008316008316,0.625,1.0,0.61807424,0.38192576
58,70,0.0,4.0,1.0,2.0,26.0,8.0,2.0,5.0,22.0,8.0,78.0,1.43,0.0,94.0,1.0,1.0,50.0,6.0,4.24038461538461,0.0,0.0,0.0,0.66008316008316,0.625,1.0,0.5228978,0.47710222
58,71,0.0,29.0,1.0,2.0,0.0,8.0,2.0,5.0,22.0,21.0,78.0,1.43,4.0,94.0,1.0,1.0,50.0,6.0,4.24038461538461,0.0,0.0,0.0,1.1,0.625,1.0,0.52074635,0.47925362
58,72,0.0,4.0,1.0,2.0,0.0,8.0,2.0,5.0,22.0,21.0,78.0,1.43,0.0,94.0,1.0,1.0,50.0,6.0,4.24038461538461,0.0,0.0,0.0,0.5,0.3,1.0,0.54498756,0.45501247
58,73,0.0,4.0,1.0,2.0,0.0,8.0,2.0,5.0,22.0,5.0,78.0,1.43,0.0,94.0,1.0,1.0,50.0,6.0,4.24038461538461,13.0,0.0,0.0,0.66008316008316,0.625,1.0,0.5863905,0.4136095
58,74,0.0,4.0,1.0,2.0,0.0,8.0,2.0,5.0,22.0,8.0,78.0,1.43,0.0,94.0,0.0,1.0,50.0,6.0,4.24038461538461,0.0,0.0,0.0,0.66008316008316,0.4,1.0,0.7709433,0.2290567
58,75,0.0,4.0,1.0,2.0,0.0,8.0,4.0,5.0,22.0,21.0,78.0,1.43,0.0,94.0,1.0,1.0,5.0,6.0,29.9,0.0,0.0,0.0,0.66008316008316,0.625,1.0,0.6046699,0.39533004
58,76,0.0,4.0,1.0,2.0,0.0,8.0,2.0,5.0,22.0,21.0,78.0,1.43,0.0,94.0,1.0,1.0,50.0,6.0,4.24038461538461,0.0,17.0,0.0,1.1,0.625,1.0,0.57425374,0.42574626
58,77,0.0,4.0,1.0,2.0,5.0,8.0,2.0,5.0,22.0,8.0,78.0,1.43,0.0,94.0,1.0,1.0,50.0,6.0,4.24038461538461,15.0,0.0,0.0,0.66008316008316,0.625,1.0,0.54952794,0.45047206
58,78,0.0,4.0,1.0,2.0,0.0,8.0,2.0,5.0,22.0,8.0,78.0,1.43,7.0,94.0,1.0,1.0,50.0,6.0,4.24038461538461,0.0,21.0,0.0,0.66008316008316,0.625,1.0,0.7600894,0.23991062
58,79,3.0,4.0,1.0,2.0,0.0,8.0,2.0,5.0,22.0,10.0,78.0,1.43,0.0,94.0,1.0,1.0,50.0,6.0,40.0,0.0,0.0,0.0,0.66008316008316,0.625,1.0,0.5558275,0.44417253
58,80,0.0,4.0,1.0,2.0,0.0,8.0,2.0,5.0,22.0,4.0,78.0,1.43,10.0,94.0,2.0,1.0,50.0,6.0,4.24038461538461,0.0,0.0,0.0,0.66008316008316,0.625,1.0,0.57688826,0.42311174
58,81,0.0,4.0,1.0,2.0,0.0,8.0,2.0,5.0,22.0,21.0,78.0,1.43,0.0,94.0,1.0,12.0,50.0,6.0,4.24038461538461,0.0,0.0,0.0,1.0,0.625,1.0,0.531107,0.468893
58,82,0.0,4.0,1.0,2.0,0.0,8.0,2.0,5.0,22.0,21.0,78.0,1.43,0.0,94.0,1.0,1.0,50.0,6.0,4.24038461538461,0.0,12.0,0.0,0.5,0.3,1.0,0.6953674,0.3046326
58,83,0.0,4.0,1.0,2.0,0.0,8.0,2.0,5.0,22.0,21.0,78.0,1.43,0.0,94.0,1.0,1.0,7.0,6.0,4.24038461538461,0.0,13.0,0.0,0.66008316008316,0.625,1.0,0.6053695,0.3946305
58,84,0.0,4.0,1.0,2.0,0.0,8.0,2.0,5.0,22.0,15.0,78.0,1.43,0.0,94.0,1.0,1.0,50.0,6.0,4.24038461538461,0.0,0.0,0.0,1.1,0.625,1.0,0.77351373,0.22648628
58,85,0.0,4.0,1.0,2.0,0.0,8.0,2.0,5.0,22.0,21.0,78.0,1.43,0.0,94.0,1.0,1.0,21.0,6.0,17.6,0.0,0.0,0.0,0.66008316008316,0.4,1.0,0.5515815,0.44841847
58,86,0.0,4.0,1.0,2.0,0.0,8.0,2.0,5.0,22.0,5.0,75.0,1.43,0.0,94.0,1.0,1.0,50.0,6.0,4.24038461538461,0.0,0.0,0.0,0.66008316008316,0.625,1.0,0.56019545,0.43980452
58,87,0.0,4.0,1.0,2.0,0.0,8.0,12.0,5.0,22.0,21.0,78.0,1.43,0.0,94.0,1.0,1.0,9.0,6.0,4.24038461538461,0.0,0.0,0.0,0.66008316008316,0.1,1.0,0.5400449,0.45995513
58,88,0.0,4.0,1.0,2.0,16.0,8.0,2.0,3.0,22.0,21.0,78.0,1.43,0.0,94.0,1.0,1.0,50.0,6.0,4.24038461538461,0.0,0.0,0.0,1.0,0.625,1.0,0.51020503,0.48979494
58,89,0.0,4.0,1.0,2.0,0.0,8.0,2.0,5.0,22.0,0.0,78.0,1.43,0.0,94.0,1.0,1.0,50.0,6.0,4.24038461538461,0.0,0.0,0.0,0.66008316008316,0.625,1.0,0.7722404,0.22775957
58,90,0.0,4.0,1.0,2.0,0.0,8.0,4.0,5.0,22.0,1.0,78.0,1.43,0.0,94.0,1.0,1.0,50.0,6.0,4.24038461538461,0.0,0.0,0.0,0.66008316008316,0.625,1.0,0.74090195,0.25909808
58,91,0.0,4.0,1.0,2.0,0.0,8.0,2.0,5.0,22.0,3.0,78.0,1.43,0.0,94.0,1.0,1.0,50.0,6.0,4.24038461538461,0.0,0.0,0.0,1.0,0.625,1.0,0.9126613,0.08733866
58,92,0.0,4.0,1.0,26.0,0.0,8.0,2.0,5.0,36.0,21.0,78.0,1.43,0.0,94.0,1.0,1.0,50.0,6.0,4.24038461538461,0.0,0.0,0.0,1.0,0.625,1.0,0.52269626,0.47730377
58,93,0.0,4.0,1.0,2.0,0.0,8.0,2.0,5.0,22.0,7.0,78.0,1.43,0.0,94.0,3.0,1.0,50.0,6.0,4.24038461538461,0.0,10.0,0.0,0.66008316008316,0.625,1.0,0.79638076,0.20361924
58,94,0.0,4.0,1.0,76.0,0.0,8.0,2.0,8.0,22.0,21.0,78.0,1.43,0.0,94.0,1.0,1.0,50.0,6.0,4.24038461538461,0.0,0.0,0.0,1.0,0.625,1.0,0.51601195,0.48398802
58,95,0.0,38.0,1.0,2.0,0.0,8.0,2.0,5.0,22.0,8.0,78.0,1.43,0.0,94.0,1.0,1.0,50.0,6.0,4.24038461538461,0.0,0.0,0.0,0.66008316008316,0.625,1.0,0.5736417,0.42635828
58,96,0.0,4.0,1.0,2.0,0.0,8.0,2.0,5.0,22.0,49.0,11.0,1.43,0.0,94.0,1.0,1.0,50.0,6.0,4.24038461538461,0.0,0.0,0.0,0.9,0.625,1.0,0.5190068,0.4809932
58,97,0.0,4.0,1.0,2.0,0.0,1.0,2.0,5.0,22.0,21.0,78.0,1.43,0.0,94.0,7.0,1.0,8.0,6.0,4.24038461538461,0.0,0.0,0.0,0.66008316008316,0.625,1.0,0.75101393,0.24898608
58,98,0.0,4.0,1.0,2.0,0.0,8.0,2.0,5.0,22.0,5.0,78.0,1.43,0.0,94.0,1.0,1.0,50.0,6.0,4.24038461538461,0.0,0.0,0.0,0.66008316008316,0.625,1.0,0.56019545,0.43980452
58,99,0.0,4.0,1.0,2.0,0.0,8.0,2.0,5.0,22.0,0.0,78.0,1.43,0.0,19.0,1.0,1.0,50.0,6.0,4.24038461538461,0.0,0.0,0.0,0.66008316008316,0.625,1.0,0.58675855,0.41324145
67,0,0.0,0.0,1.0,2.0,0.0,0.0,2.0,1.0,24.0,6.0,23.0,0.1,0.0,87.0,2.0,0.0,61.0,1.0,5.13333333333333,1.0,1.0,0.0,0.464757709251101,1.0,1.0,0.5087558,0.49124423
67,1,0.0,0.0,1.0,2.0,0.0,0.0,2.0,1.0,7.0,6.0,23.0,0.1,0.0,87.0,2.0,0.0,28.0,1.0,44.3,1.0,1.0,0.0,0.464757709251101,1.0,1.0,0.60857886,0.39142114
67,2,0.0,0.0,1.0,2.0,0.0,1.0,2.0,1.0,7.0,6.0,23.0,1.69,0.0,87.0,2.0,0.0,28.0,1.0,5.13333333333333,1.0,1.0,0.0,0.464757709251101,1.0,1.0,0.8362578,0.16374217
67,3,0.0,0.0,1.0,2.0,0.0,0.0,2.0,1.0,7.0,3.0,23.0,0.1,0.0,87.0,2.0,0.0,28.0,1.0,5.13333333333333,1.0,9.0,0.0,0.464757709251101,1.0,1.0,0.65268815,0.34731188
67,4,0.0,0.0,1.0,2.0,0.0,0.0,2.0,1.0,7.0,6.0,23.0,3.79,0.0,87.0,2.0,0.0,28.0,1.0,5.13333333333333,1.0,1.0,0.0,0.464757709251101,1.0,0.0,0.8144311,0.18556894
67,5,0.0,0.0,1.0,2.0,0.0,0.0,2.0,1.0,7.0,6.0,23.0,6.49,0.0,87.0,2.0,0.0,28.0,1.0,5.13333333333333,1.0,1.0,0.0,0.464757709251101,1.0,1.0,0.793392,0.206608
67,6,0.0,0.0,1.0,2.0,0.0,0.0,2.0,10.0,7.0,6.0,23.0,0.1,0.0,89.0,2.0,0.0,28.0,1.0,5.13333333333333,1.0,1.0,0.0,0.464757709251101,1.0,1.0,0.54190254,0.4580975
67,7,0.0,0.0,1.0,2.0,0.0,0.0,2.0,1.0,7.0,6.0,133.0,0.1,0.0,81.0,2.0,0.0,28.0,1.0,5.13333333333333,1.0,1.0,0.0,0.464757709251101,1.0,1.0,0.76974785,0.23025212
67,8,0.0,0.0,1.0,2.0,0.0,0.0,2.0,1.0,13.0,6.0,23.0,0.1,0.0,87.0,2.0,0.0,28.0,1.0,5.13333333333333,1.0,1.0,1.0,0.464757709251101,1.0,1.0,0.55845773,0.4415423
67,9,0.0,0.0,1.0,2.0,0.0,0.0,2.0,17.0,7.0,6.0,23.0,0.1,0.0,87.0,2.0,19.0,28.0,1.0,5.13333333333333,1.0,1.0,0.0,0.464757709251101,1.0,1.0,0.52708423,0.47291574
67,10,0.0,0.0,1.0,2.0,0.0,0.0,2.0,1.0,7.0,6.0,23.0,4.21,0.0,87.0,2.0,0.0,28.0,1.0,29.4,1.0,1.0,0.0,0.464757709251101,1.0,1.0,0.8370623,0.16293772
67,11,0.0,0.0,1.0,2.0,0.0,0.0,2.0,10.0,7.0,6.0,23.0,0.1,0.0,87.0,2.0,0.0,28.0,1.0,5.13333333333333,1.0,1.0,0.0,0.7,1.0,1.0,0.5948173,0.4051827
67,12,0.0,0.0,1.0,2.0,0.0,0.0,2.0,1.0,7.0,6.0,23.0,0.1,10.0,87.0,2.0,0.0,28.0,1.0,52.6,1.0,1.0,0.0,0.464757709251101,1.0,1.0,0.5984124,0.40158764
67,13,0.0,0.0,1.0,2.0,0.0,0.0,2.0,1.0,7.0,6.0,23.0,6.12,0.0,87.0,2.0,44.0,28.0,1.0,5.13333333333333,1.0,1.0,0.0,0.464757709251101,1.0,1.0,0.80380946,0.19619055
67,14,0.0,0.0,1.0,72.0,0.0,0.0,2.0,1.0,12.0,6.0,23.0,0.1,0.0,87.0,2.0,0.0,28.0,1.0,5.13333333333333,1.0,1.0,0.0,0.464757709251101,1.0,1.0,0.6291089,0.37089106
67,15,0.0,0.0,1.0,2.0,0.0,0.0,6.0,1.0,7.0,6.0,3.0,0.1,0.0,87.0,2.0,0.0,28.0,1.0,5.13333333333333,1.0,1.0,0.0,0.464757709251101,1.0,1.0,0.9164543,0.08354566
67,16,0.0,0.0,1.0,43.0,0.0,0.0,2.0,1.0,7.0,6.0,23.0,0.1,0.0,87.0,2.0,0.0,28.0,1.0,5.13333333333333,1.0,1.0,0.0,0.4,1.0,1.0,0.5396979,0.46030208
67,17,0.0,0.0,1.0,2.0,0.0,0.0,2.0,6.0,7.0,6.0,23.0,0.1,0.0,87.0,2.0,0.0,28.0,1.0,5.13333333333333,1.0,1.0,0.0,0.7,1.0,1.0,0.7112173,0.2887827
67,18,0.0,0.0,1.0,52.0,0.0,0.0,2.0,1.0,7.0,6.0,23.0,0.1,0.0,87.0,2.0,0.0,28.0,1.0,5.13333333333333,1.0,1.0,0.0,0.464757709251101,1.0,1.0,0.54181343,0.45818657
67,19,0.0,0.0,1.0,2.0,0.0,11.0,2.0,1.0,7.0,6.0,23.0,0.1,0.0,87.0,2.0,0.0,1.0,1.0,5.13333333333333,1.0,1.0,0.0,0.464757709251101,1.0,1.0,0.5494057,0.45059428
67,20,0.0,0.0,1.0,2.0,0.0,0.0,2.0,1.0,7.0,6.0,23.0,0.1,0.0,87.0,2.0,25.0,28.0,1.0,44.6,1.0,1.0,0.0,0.464757709251101,1.0,1.0,0.62389743,0.37610254
67,21,0.0,0.0,1.0,2.0,0.0,0.0,2.0,1.0,7.0,6.0,23.0,0.1,0.0,87.0,2.0,0.0,28.0,1.0,34.7,1.0,1.0,0.0,0.464757709251101,1.0,1.0,0.60857886,0.39142114
67,22,0.0,0.0,1.0,2.0,0.0,0.0,2.0,1.0,7.0,6.0,23.0,2.78,0.0,87.0,2.0,0.0,28.0,1.0,5.13333333333333,1.0,1.0,0.0,0.6,1.0,1.0,0.5547874,0.44521257
67,23,0.0,0.0,1.0,2.0,0.0,0.0,2.0,1.0,7.0,6.0,122.0,0.1,0.0,87.0,2.0,0.0,28.0,1.0,5.13333333333333,1.0,1.0,0.0,0.464757709251101,1.0,2.0,0.8024026,0.19759738
67,24,0.0,0.0,1.0,2.0,11.0,0.0,2.0,1.0,7.0,6.0,58.0,0.1,0.0,87.0,2.0,0.0,28.0,1.0,5.13333333333333,1.0,1.0,0.0,0.464757709251101,1.0,1.0,0.7774193,0.22258067
67,25,0.0,0.0,1.0,2.0,0.0,0.0,2.0,1.0,7.0,6.0,23.0,1.23,0.0,87.0,2.0,0.0,28.0,1.0,5.13333333333333,1.0,1.0,0.0,0.464757709251101,1.0,2.0,0.58026254,0.4197375
67,26,0.0,0.0,1.0,60.0,0.0,0.0,2.0,1.0,7.0,6.0,23.0,0.1,0.0,87.0,2.0,0.0,28.0,1.0,5.13333333333333,1.0,1.0,0.0,0.5,1.0,1.0,0.5971154,0.40288457
67,27,0.0,0.0,1.0,2.0,39.0,0.0,2.0,1.0,7.0,6.0,23.0,4.28,0.0,87.0,2.0,0.0,28.0,1.0,5.13333333333333,1.0,1.0,0.0,0.464757709251101,1.0,1.0,0.7432153,0.25678465
67,28,0.0,0.0,1.0,2.0,0.0,0.0,2.0,1.0,7.0,2.0,30.0,0.1,0.0,87.0,2.0,0.0,28.0,1.0,5.13333333333333,1.0,1.0,0.0,0.464757709251101,1.0,1.0,0.8144736,0.18552636
67,29,0.0,0.0,1.0,2.0,0.0,0.0,2.0,1.0,7.0,3.0,23.0,0.1,0.0,87.0,2.0,0.0,28.0,1.0,5.13333333333333,11.0,1.0,0.0,0.464757709251101,1.0,1.0,0.61694896,0.38305104
67,30,0.0,0.0,1.0,2.0,0.0,0.0,2.0,1.0,7.0,4.0,23.0,0.1,0.0,87.0,2.0,0.0,28.0,1.0,5.13333333333333,1.0,1.0,0.0,0.464757709251101,1.0,1.0,0.6683909,0.33160907
67,31,0.0,0.0,1.0,2.0,0.0,0.0,2.0,1.0,2.0,6.0,115.0,0.1,0.0,87.0,2.0,0.0,28.0,1.0,5.13333333333333,1.0,1.0,0.0,0.464757709251101,1.0,1.0,0.97969526,0.020304756
67,32,0.0,0.0,1.0,2.0,0.0,0.0,2.0,1.0,7.0,6.0,23.0,0.1,0.0,87.0,2.0,0.0,28.0,1.0,10.4,27.0,1.0,0.0,0.464757709251101,1.0,1.0,0.554049,0.445951
67,33,0.0,0.0,1.0,2.0,2.0,0.0,2.0,1.0,7.0,6.0,46.0,0.1,0.0,87.0,2.0,0.0,28.0,1.0,5.13333333333333,1.0,1.0,0.0,0.464757709251101,1.0,1.0,0.7774193,0.22258067
67,34,0.0,0.0,1.0,85.0,0.0,0.0,2.0,8.0,7.0,6.0,23.0,0.1,0.0,87.0,2.0,0.0,28.0,1.0,5.13333333333333,1.0,1.0,0.0,0.464757709251101,1.0,1.0,0.5401484,0.45985162
67,35,0.0,0.0,1.0,2.0,0.0,0.0,2.0,1.0,7.0,6.0,23.0,0.1,0.0,87.0,2.0,0.0,28.0,1.0,23.9,1.0,1.0,0.0,0.464757709251101,1.0,1.0,0.60857886,0.39142114
67,36,0.0,0.0,1.0,6.0,0.0,0.0,2.0,1.0,26.0,6.0,23.0,0.1,0.0,87.0,2.0,0.0,28.0,1.0,5.13333333333333,1.0,1.0,0.0,0.464757709251101,1.0,1.0,0.6291089,0.37089106
67,37,0.0,0.0,1.0,2.0,0.0,0.0,2.0,1.0,7.0,6.0,23.0,0.19,0.0,87.0,2.0,46.0,28.0,1.0,5.13333333333333,1.0,1.0,0.0,0.464757709251101,1.0,1.0,0.6234387,0.3765613
67,38,0.0,0.0,1.0,2.0,0.0,0.0,2.0,1.0,7.0,6.0,23.0,5.02,0.0,87.0,2.0,0.0,28.0,1.0,5.13333333333333,1.0,1.0,0.0,0.464757709251101,1.0,3.0,0.6827036,0.3172964
67,39,0.0,0.0,1.0,79.0,0.0,0.0,2.0,1.0,7.0,6.0,120.0,0.1,0.0,87.0,2.0,0.0,28.0,1.0,5.13333333333333,1.0,1.0,0.0,0.464757709251101,1.0,1.0,0.90451026,0.09548973
67,40,0.0,0.0,1.0,2.0,0.0,0.0,2.0,1.0,7.0,6.0,23.0,2.24,0.0,87.0,6.0,0.0,28.0,1.0,5.13333333333333,1.0,1.0,0.0,0.464757709251101,1.0,1.0,0.7791016,0.22089842
67,41,0.0,0.0,1.0,2.0,0.0,0.0,2.0,1.0,7.0,6.0,23.0,2.04,0.0,87.0,2.0,0.0,28.0,1.0,5.13333333333333,1.0,1.0,0.0,0.464757709251101,1.0,1.0,0.76934385,0.23065615
67,42,0.0,0.0,1.0,2.0,0.0,0.0,2.0,1.0,7.0,6.0,89.0,0.1,0.0,87.0,4.0,0.0,28.0,1.0,5.13333333333333,1.0,1.0,0.0,0.464757709251101,1.0,1.0,0.8744552,0.12554479
67,43,0.0,0.0,1.0,2.0,0.0,0.0,2.0,1.0,7.0,6.0,51.0,2.51,0.0,87.0,2.0,0.0,28.0,1.0,5.13333333333333,1.0,1.0,0.0,0.464757709251101,1.0,1.0,0.943924,0.056076
67,44,0.0,0.0,1.0,2.0,0.0,0.0,2.0,1.0,7.0,6.0,30.0,0.1,0.0,87.0,2.0,0.0,28.0,1.0,5.13333333333333,1.0,1.0,0.0,0.464757709251101,1.0,1.0,0.5630646,0.4369354
67,45,0.0,0.0,1.0,2.0,0.0,0.0,2.0,1.0,7.0,6.0,23.0,0.1,0.0,87.0,2.0,0.0,28.0,1.0,5.13333333333333,16.0,1.0,0.0,0.7,1.0,1.0,0.5414852,0.45851484
67,46,0.0,0.0,1.0,2.0,0.0,0.0,2.0,1.0,7.0,6.0,23.0,0.1,0.0,87.0,2.0,0.0,28.0,1.0,19.2,1.0,21.0,0.0,0.464757709251101,1.0,1.0,0.6161521,0.3838479
67,47,0.0,0.0,1.0,2.0,0.0,0.0,2.0,1.0,7.0,6.0,23.0,3.67,0.0,87.0,2.0,0.0,28.0,1.0,5.13333333333333,1.0,1.0,0.0,0.464757709251101,1.0,1.0,0.793392,0.206608
67,48,0.0,0.0,1.0,2.0,0.0,0.0,2.0,1.0,7.0,6.0,23.0,3.81,0.0,87.0,2.0,0.0,28.0,1.0,5.13333333333333,1.0,1.0,0.0,0.464757709251101,1.0,1.0,0.793392,0.206608
67,49,0.0,0.0,1.0,2.0,0.0,0.0,2.0,1.0,7.0,6.0,23.0,0.1,0.0,87.0,2.0,0.0,28.0,1.0,39.9,1.0,1.0,0.0,0.464757709251101,1.0,1.0,0.60857886,0.39142114
67,50,0.0,0.0,1.0,2.0,0.0,0.0,2.0,1.0,7.0,6.0,23.0,0.1,0.0,95.0,2.0,0.0,28.0,1.0,5.13333333333333,1.0,1.0,0.0,0.464757709251101,1.0,3.0,0.5478302,0.45216975
67,51,0.0,0.0,1.0,2.0,0.0,0.0,2.0,1.0,7.0,6.0,40.0,0.1,0.0,87.0,2.0,0.0,28.0,1.0,5.13333333333333,1.0,1.0,0.0,0.464757709251101,1.0,1.0,0.8194601,0.18053992
67,52,0.0,0.0,1.0,37.0,0.0,0.0,2.0,1.0,7.0,6.0,23.0,0.1,0.0,87.0,2.0,0.0,28.0,1.0,5.13333333333333,1.0,1.0,0.0,0.464757709251101,1.0,1.0,0.54181343,0.45818657
67,53,0.0,0.0,1.0,8.0,0.0,0.0,2.0,1.0,7.0,6.0,23.0,0.1,0.0,87.0,2.0,0.0,28.0,1.0,5.13333333333333,1.0,33.0,0.0,0.464757709251101,1.0,1.0,0.5243819,0.47561812
67,54,0.0,0.0,1.0,2.0,0.0,0.0,2.0,1.0,7.0,6.0,23.0,0.1,0.0,87.0,2.0,0.0,28.0,7.0,17.3,1.0,1.0,0.0,0.464757709251101,1.0,1.0,0.59607023,0.40392977
67,55,0.0,0.0,1.0,2.0,0.0,0.0,2.0,1.0,7.0,6.0,23.0,0.1,0.0,87.0,2.0,0.0,28.0,1.0,5.13333333333333,38.0,1.0,0.0,0.8,1.0,1.0,0.55689085,0.44310918
67,56,0.0,0.0,1.0,2.0,0.0,0.0,2.0,1.0,7.0,6.0,110.0,0.1,0.0,87.0,2.0,0.0,28.0,1.0,5.13333333333333,1.0,1.0,0.0,0.464757709251101,1.0,1.0,0.8744552,0.12554479
67,57,0.0,0.0,1.0,2.0,0.0,0.0,2.0,1.0,7.0,6.0,23.0,0.1,0.0,87.0,2.0,0.0,28.0,1.0,5.13333333333333,1.0,37.0,0.0,1.0,1.0,1.0,0.9216583,0.07834169
67,58,0.0,0.0,1.0,2.0,0.0,0.0,2.0,1.0,13.0,6.0,23.0,0.1,0.0,87.0,2.0,0.0,28.0,1.0,5.13333333333333,1.0,1.0,0.0,0.8,1.0,1.0,0.7280024,0.27199754
67,59,0.0,0.0,1.0,54.0,0.0,0.0,2.0,1.0,7.0,6.0,23.0,0.1,0.0,87.0,2.0,0.0,28.0,1.0,5.13333333333333,1.0,1.0,0.0,0.464757709251101,1.0,1.0,0.54181343,0.45818657
67,60,0.0,0.0,1.0,71.0,0.0,0.0,2.0,1.0,7.0,6.0,23.0,0.1,0.0,87.0,2.0,51.0,28.0,1.0,5.13333333333333,1.0,1.0,0.0,0.464757709251101,1.0,1.0,0.55784655,0.44215345
67,61,0.0,0.0,1.0,14.0,0.0,0.0,2.0,1.0,7.0,6.0,23.0,0.1,0.0,87.0,2.0,0.0,28.0,1.0,5.13333333333333,1.0,1.0,0.0,0.464757709251101,1.0,1.0,0.54181343,0.45818657
67,62,0.0,0.0,1.0,2.0,0.0,0.0,2.0,1.0,7.0,6.0,23.0,3.95,0.0,87.0,2.0,0.0,28.0,1.0,5.13333333333333,1.0,1.0,2.0,0.464757709251101,1.0,1.0,0.793392,0.206608
67,63,0.0,0.0,1.0,2.0,0.0,0.0,2.0,1.0,7.0,6.0,23.0,2.53,0.0,87.0,2.0,0.0,28.0,1.0,5.13333333333333,1.0,1.0,0.0,0.464757709251101,1.0,1.0,0.5926136,0.40738642
67,64,0.0,0.0,1.0,2.0,0.0,0.0,2.0,1.0,7.0,6.0,123.0,0.1,0.0,10.0,2.0,0.0,28.0,1.0,5.13333333333333,1.0,1.0,0.0,0.464757709251101,1.0,1.0,0.8724612,0.12753883
67,65,0.0,0.0,1.0,2.0,0.0,0.0,2.0,1.0,7.0,6.0,14.0,0.1,2.0,87.0,2.0,0.0,28.0,1.0,5.13333333333333,1.0,1.0,0.0,0.464757709251101,1.0,1.0,0.9539174,0.046082646
67,66,0.0,0.0,1.0,2.0,0.0,0.0,2.0,1.0,7.0,6.0,23.0,0.1,0.0,87.0,2.0,0.0,6.0,9.0,5.13333333333333,1.0,1.0,0.0,0.464757709251101,1.0,1.0,0.5471432,0.45285675
67,67,0.0,0.0,0.0,2.0,0.0,0.0,2.0,1.0,22.0,6.0,23.0,0.1,0.0,87.0,2.0,0.0,28.0,1.0,5.13333333333333,1.0,1.0,0.0,0.464757709251101,1.0,1.0,0.5087558,0.49124423
67,68,0.0,0.0,1.0,52.0,0.0,0.0,2.0,1.0,7.0,6.0,23.0,0.1,0.0,87.0,2.0,0.0,28.0,1.0,5.13333333333333,1.0,1.0,0.0,0.464757709251101,0.2,1.0,0.84741616,0.15258384
67,69,0.0,0.0,4.0,2.0,0.0,0.0,2.0,1.0,7.0,6.0,23.0,4.57,0.0,87.0,2.0,0.0,28.0,1.0,5.13333333333333,1.0,1.0,0.0,0.464757709251101,1.0,1.0,0.7760935,0.22390649
67,70,0.0,0.0,1.0,2.0,0.0,0.0,2.0,1.0,7.0,6.0,23.0,7.01,0.0,87.0,2.0,43.0,28.0,1.0,5.13333333333333,1.0,1.0,0.0,0.464757709251101,1.0,1.0,0.80380946,0.19619055
67,71,0.0,0.0,1.0,2.0,0.0,0.0,2.0,1.0,7.0,6.0,23.0,7.33,0.0,87.0,2.0,15.0,28.0,1.0,5.13333333333333,1.0,1.0,0.0,0.464757709251101,1.0,1.0,0.80380946,0.19619055
67,72,0.0,0.0,1.0,2.0,0.0,0.0,2.0,1.0,26.0,6.0,23.0,0.18,0.0,87.0,2.0,0.0,28.0,1.0,5.13333333333333,1.0,1.0,0.0,0.464757709251101,1.0,1.0,0.64661145,0.35338858
67,73,0.0,0.0,1.0,52.0,0.0,0.0,2.0,1.0,7.0,6.0,23.0,0.1,0.0,87.0,4.0,0.0,28.0,1.0,5.13333333333333,1.0,1.0,0.0,0.464757709251101,1.0,1.0,0.54181343,0.45818657
67,74,0.0,0.0,1.0,2.0,0.0,0.0,2.0,1.0,7.0,6.0,58.0,0.1,0.0,87.0,8.0,0.0,28.0,1.0,5.13333333333333,1.0,1.0,0.0,0.464757709251101,1.0,1.0,0.87842655,0.12157343
67,75,0.0,0.0,1.0,2.0,0.0,0.0,2.0,1.0,31.0,6.0,23.0,0.1,0.0,87.0,2.0,0.0,28.0,1.0,5.13333333333333,1.0,1.0,0.0,0.464757709251101,1.1,1.0,0.5087558,0.49124423
67,76,0.0,0.0,1.0,2.0,0.0,0.0,2.0,6.0,7.0,6.0,23.0,0.1,0.0,87.0,2.0,0.0,7.0,1.0,5.13333333333333,1.0,1.0,0.0,0.464757709251101,1.0,1.0,0.63865554,0.3613445
67,77,0.0,0.0,1.0,2.0,0.0,0.0,2.0,1.0,7.0,6.0,78.0,1.63,0.0,87.0,2.0,0.0,28.0,1.0,5.13333333333333,1.0,1.0,0.0,0.464757709251101,1.0,1.0,0.9781473,0.021852674
67,78,0.0,0.0,1.0,2.0,0.0,0.0,2.0,1.0,7.0,6.0,23.0,4.4,0.0,87.0,2.0,0.0,28.0,1.0,5.13333333333333,1.0,1.0,0.0,0.464757709251101,1.0,1.0,0.793392,0.206608
67,79,0.0,0.0,1.0,2.0,0.0,0.0,2.0,1.0,7.0,6.0,23.0,3.91,0.0,87.0,2.0,0.0,64.0,1.0,5.13333333333333,1.0,1.0,0.0,0.464757709251101,1.0,1.0,0.793392,0.206608
67,80,0.0,0.0,1.0,2.0,0.0,0.0,2.0,1.0,7.0,6.0,23.0,0.1,0.0,87.0,2.0,0.0,28.0,1.0,51.2,1.0,1.0,0.0,0.464757709251101,1.0,1.0,0.60857886,0.39142114
67,81,0.0,0.0,1.0,12.0,0.0,0.0,2.0,1.0,7.0,6.0,23.0,5.26,0.0,87.0,2.0,0.0,28.0,1.0,5.13333333333333,1.0,1.0,0.0,0.464757709251101,1.0,1.0,0.8628142,0.13718578
67,82,0.0,0.0,1.0,2.0,0.0,0.0,2.0,10.0,7.0,6.0,23.0,0.1,0.0,87.0,2.0,41.0,28.0,1.0,5.13333333333333,1.0,1.0,0.0,0.464757709251101,1.0,1.0,0.52708423,0.47291574
67,83,0.0,0.0,1.0,2.0,0.0,0.0,2.0,1.0,7.0,6.0,104.0,0.1,0.0,87.0,2.0,0.0,28.0,1.0,5.13333333333333,1.0,1.0,0.0,0.464757709251101,1.0,4.0,0.8024026,0.19759738
67,84,0.0,0.0,1.0,2.0,0.0,0.0,2.0,1.0,7.0,6.0,23.0,0.1,0.0,87.0,2.0,0.0,28.0,1.0,5.13333333333333,1.0,1.0,2.0,0.464757709251101,0.2,1.0,0.8264127,0.17358734
67,85,0.0,0.0,1.0,2.0,0.0,0.0,2.0,1.0,7.0,6.0,77.0,0.1,0.0,87.0,2.0,0.0,28.0,1.0,5.13333333333333,1.0,1.0,0.0,0.464757709251101,1.0,2.0,0.8024026,0.19759738
67,86,0.0,0.0,1.0,2.0,0.0,0.0,2.0,1.0,7.0,6.0,43.0,0.1,0.0,87.0,2.0,0.0,28.0,1.0,7.6,1.0,1.0,0.0,0.464757709251101,1.0,1.0,0.52672803,0.47327194
67,87,0.0,0.0,1.0,2.0,0.0,0.0,2.0,1.0,7.0,6.0,23.0,0.1,0.0,87.0,2.0,0.0,28.0,1.0,48.5,1.0,1.0,0.0,0.464757709251101,1.0,1.0,0.60857886,0.39142114
67,88,0.0,0.0,1.0,2.0,0.0,0.0,2.0,1.0,7.0,6.0,23.0,3.95,15.0,87.0,2.0,0.0,28.0,1.0,5.13333333333333,1.0,1.0,0.0,0.464757709251101,1.0,1.0,0.7869184,0.21308158
67,89,0.0,0.0,1.0,2.0,0.0,0.0,2.0,1.0,28.0,6.0,23.0,2.65,0.0,87.0,2.0,0.0,28.0,1.0,5.13333333333333,1.0,1.0,0.0,0.464757709251101,1.0,1.0,0.65488064,0.34511936
67,90,0.0,0.0,1.0,2.0,0.0,0.0,2.0,1.0,7.0,6.0,23.0,0.1,0.0,87.0,2.0,0.0,28.0,1.0,15.4,1.0,1.0,0.0,0.464757709251101,1.0,1.0,0.60857886,0.39142114
67,91,0.0,0.0,1.0,33.0,0.0,0.0,2.0,1.0,7.0,6.0,23.0,0.1,0.0,87.0,2.0,46.0,28.0,1.0,5.13333333333333,1.0,1.0,0.0,0.464757709251101,1.0,1.0,0.55784655,0.44215345
67,92,0.0,0.0,1.0,2.0,0.0,0.0,2.0,1.0,7.0,6.0,23.0,0.1,0.0,87.0,2.0,0.0,0.0,1.0,5.1,1.0,1.0,0.0,0.464757709251101,1.0,1.0,0.65766245,0.34233755
67,93,0.0,0.0,1.0,2.0,0.0,0.0,2.0,1.0,7.0,6.0,23.0,0.85,0.0,87.0,2.0,0.0,28.0,1.0,5.13333333333333,1.0,1.0,2.0,0.464757709251101,1.0,1.0,0.61892796,0.38107207
67,94,0.0,0.0,1.0,2.0,0.0,0.0,7.0,1.0,7.0,6.0,23.0,1.03,0.0,87.0,2.0,0.0,28.0,1.0,5.13333333333333,1.0,1.0,0.0,0.464757709251101,1.0,1.0,0.53150725,0.46849275
67,95,0.0,0.0,1.0,2.0,0.0,0.0,2.0,1.0,7.0,6.0,110.0,0.1,0.0,87.0,2.0,0.0,28.0,4.0,5.13333333333333,1.0,1.0,0.0,0.464757709251101,1.0,1.0,0.8799337,0.12006626
67,96,0.0,0.0,1.0,2.0,7.0,0.0,2.0,1.0,7.0,6.0,23.0,0.1,0.0,87.0,2.0,0.0,28.0,1.0,49.2,1.0,1.0,0.0,0.464757709251101,1.0,1.0,0.5146514,0.4853486
67,97,0.0,0.0,1.0,2.0,0.0,0.0,2.0,1.0,7.0,6.0,23.0,6.56,0.0,87.0,2.0,0.0,28.0,1.0,5.13333333333333,1.0,1.0,0.0,0.464757709251101,1.0,1.0,0.793392,0.206608
67,98,0.0,0.0,1.0,2.0,0.0,0.0,2.0,1.0,7.0,6.0,23.0,5.96,0.0,87.0,2.0,0.0,28.0,1.0,5.13333333333333,1.0,37.0,0.0,0.464757709251101,1.0,1.0,0.8228617,0.17713831
67,99,0.0,0.0,1.0,2.0,0.0,0.0,2.0,1.0,7.0,6.0,23.0,2.32,0.0,87.0,2.0,0.0,28.0,1.0,5.13333333333333,1.0,1.0,1.0,0.464757709251101,1.0,1.0,0.76934385,0.23065615
97,0,1.0,0.0,1.0,5.0,0.0,1.0,2.0,6.0,35.0,71.0,157.0,3.56,0.0,98.0,7.0,2.0,64.0,2.0,6.43523316062176,0.0,0.0,0.0,0.465542885473475,0.4,3.0,0.55923617,0.4407638
97,1,1.0,0.0,1.0,5.0,0.0,1.0,2.0,6.0,35.0,71.0,157.0,7.23,0.0,98.0,3.0,2.0,64.0,2.0,6.43523316062176,0.0,0.0,0.0,0.465542885473475,0.4,3.0,0.54931206,0.45068794
97,2,1.0,0.0,1.0,5.0,0.0,1.0,2.0,6.0,35.0,71.0,157.0,6.93,0.0,98.0,1.0,2.0,64.0,2.0,48.5,0.0,0.0,0.0,0.465542885473475,0.4,3.0,0.5639473,0.43605265
97,3,1.0,0.0,1.0,5.0,0.0,1.0,2.0,6.0,2.0,71.0,157.0,0.27,0.0,98.0,1.0,2.0,3.0,2.0,6.43523316062176,0.0,0.0,0.0,0.465542885473475,0.4,3.0,0.51314604,0.48685393
97,4,1.0,0.0,1.0,5.0,0.0,1.0,2.0,6.0,35.0,71.0,157.0,0.27,0.0,98.0,1.0,2.0,64.0,2.0,43.2,0.0,0.0,0.0,1.0,0.4,3.0,0.6596314,0.34036866
97,5,1.0,0.0,1.0,5.0,0.0,1.0,2.0,6.0,35.0,1.0,157.0,0.27,0.0,98.0,1.0,2.0,64.0,2.0,6.43523316062176,0.0,0.0,0.0,0.465542885473475,0.4,3.0,0.8640904,0.1359096
97,6,1.0,0.0,1.0,5.0,0.0,1.0,2.0,6.0,35.0,18.0,157.0,0.27,0.0,98.0,1.0,2.0,64.0,2.0,6.43523316062176,0.0,0.0,3.0,0.465542885473475,0.4,3.0,0.71327347,0.28672653
97,7,1.0,0.0,1.0,5.0,0.0,1.0,2.0,6.0,35.0,71.0,157.0,4.08,0.0,98.0,1.0,2.0,64.0,2.0,28.5,0.0,0.0,0.0,0.465542885473475,0.4,3.0,0.5639473,0.43605265
97,8,1.0,0.0,1.0,5.0,0.0,1.0,2.0,6.0,35.0,16.0,157.0,0.27,0.0,98.0,1.0,2.0,64.0,2.0,6.43523316062176,0.0,0.0,0.0,0.465542885473475,0.4,3.0,0.6707232,0.32927683
97,9,1.0,0.0,1.0,5.0,0.0,12.0,2.0,6.0,35.0,4.0,157.0,0.27,0.0,98.0,1.0,2.0,64.0,2.0,6.43523316062176,0.0,0.0,0.0,0.465542885473475,0.4,3.0,0.70623386,0.2937661
97,10,1.0,0.0,1.0,5.0,0.0,1.0,2.0,6.0,2.0,71.0,157.0,1.86,0.0,98.0,1.0,2.0,64.0,2.0,6.43523316062176,0.0,0.0,0.0,0.465542885473475,0.4,3.0,0.65505743,0.34494254
97,11,1.0,0.0,1.0,5.0,0.0,1.0,2.0,6.0,35.0,71.0,157.0,0.27,0.0,98.0,1.0,2.0,64.0,2.0,19.2,0.0,21.0,0.0,0.465542885473475,0.4,3.0,0.52187836,0.47812164
97,12,1.0,0.0,1.0,5.0,0.0,1.0,2.0,6.0,35.0,2.0,30.0,0.27,0.0,98.0,1.0,2.0,64.0,2.0,6.43523316062176,0.0,0.0,0.0,0.465542885473475,0.4,3.0,0.68332195,0.31667802
97,13,1.0,0.0,1.0,5.0,0.0,1.0,2.0,6.0,35.0,71.0,157.0,0.27,0.0,98.0,1.0,2.0,64.0,2.0,6.43523316062176,0.0,17.0,0.0,1.1,0.4,3.0,0.62068003,0.37931997
97,14,1.0,0.0,1.0,5.0,0.0,0.0,2.0,6.0,35.0,15.0,157.0,0.27,0.0,98.0,1.0,2.0,64.0,2.0,6.43523316062176,0.0,0.0,0.0,0.465542885473475,0.4,3.0,0.631437,0.368563
97,15,1.0,0.0,1.0,5.0,0.0,1.0,2.0,6.0,35.0,71.0,157.0,0.27,0.0,98.0,1.0,2.0,64.0,2.0,17.7,0.0,0.0,0.0,0.465542885473475,0.4,0.0,0.5636014,0.43639863
97,16,1.0,0.0,1.0,5.0,0.0,1.0,2.0,6.0,35.0,12.0,157.0,0.27,14.0,98.0,1.0,2.0,64.0,2.0,6.43523316062176,0.0,0.0,0.0,0.465542885473475,0.4,3.0,0.50042564,0.49957436
97,17,1.0,0.0,1.0,5.0,0.0,1.0,2.0,6.0,35.0,6.0,157.0,0.27,0.0,98.0,1.0,2.0,64.0,2.0,6.43523316062176,0.0,0.0,0.0,0.465542885473475,0.4,3.0,0.75150496,0.24849504
97,18,1.0,0.0,1.0,5.0,0.0,1.0,2.0,6.0,1.0,71.0,157.0,0.27,0.0,98.0,1.0,2.0,64.0,2.0,6.43523316062176,0.0,0.0,0.0,0.465542885473475,0.4,1.0,0.6085703,0.39142972
97,19,1.0,0.0,1.0,5.0,0.0,1.0,2.0,6.0,35.0,12.0,157.0,0.27,0.0,98.0,1.0,2.0,64.0,2.0,29.7,0.0,0.0,0.0,0.465542885473475,0.4,3.0,0.9156601,0.084339894
97,20,1.0,0.0,1.0,5.0,0.0,1.0,2.0,6.0,35.0,5.0,157.0,0.27,0.0,98.0,1.0,2.0,64.0,2.0,6.43523316062176,0.0,0.0,0.0,0.465542885473475,0.2,3.0,0.741096,0.25890398
97,21,1.0,0.0,1.0,5.0,0.0,1.0,2.0,6.0,0.0,71.0,157.0,0.27,0.0,98.0,1.0,2.0,64.0,2.0,15.0,0.0,0.0,0.0,0.465542885473475,0.4,3.0,0.868028,0.13197203
97,22,1.0,0.0,1.0,5.0,0.0,13.0,2.0,6.0,35.0,18.0,157.0,0.27,0.0,98.0,1.0,2.0,64.0,2.0,6.43523316062176,0.0,0.0,0.0,0.465542885473475,0.4,3.0,0.5063176,0.4936824
97,23,13.0,0.0,1.0,5.0,0.0,1.0,2.0,6.0,35.0,5.0,157.0,0.27,0.0,98.0,1.0,2.0,64.0,2.0,6.43523316062176,0.0,0.0,0.0,0.465542885473475,0.4,3.0,0.7146505,0.2853495
97,24,1.0,0.0,1.0,5.0,0.0,1.0,1.0,6.0,35.0,10.0,157.0,0.27,0.0,98.0,1.0,2.0,64.0,2.0,6.43523316062176,0.0,0.0,0.0,0.465542885473475,0.4,3.0,0.7640842,0.23591577
97,25,1.0,0.0,1.0,5.0,0.0,1.0,2.0,6.0,35.0,71.0,157.0,4.21,0.0,98.0,1.0,2.0,64.0,2.0,29.4,0.0,0.0,0.0,0.465542885473475,0.4,3.0,0.5639473,0.43605265
97,26,1.0,0.0,1.0,5.0,0.0,1.0,2.0,6.0,35.0,3.0,157.0,0.27,0.0,98.0,1.0,2.0,64.0,2.0,6.43523316062176,0.0,9.0,0.0,0.465542885473475,0.4,3.0,0.94088197,0.059118055
97,27,1.0,0.0,1.0,5.0,0.0,1.0,2.0,6.0,35.0,12.0,157.0,0.27,0.0,98.0,1.0,2.0,6.0,2.0,6.43523316062176,0.0,0.0,0.0,0.465542885473475,0.4,3.0,0.5799271,0.42007294
97,28,1.0,0.0,1.0,5.0,0.0,1.0,2.0,6.0,35.0,71.0,157.0,6.4,0.0,98.0,1.0,2.0,64.0,2.0,6.43523316062176,0.0,0.0,0.0,1.0,0.4,3.0,0.7227063,0.27729365
97,29,1.0,0.0,1.0,5.0,0.0,1.0,2.0,6.0,35.0,71.0,157.0,0.27,0.0,98.0,1.0,2.0,64.0,2.0,46.0,0.0,0.0,0.0,1.0,0.4,3.0,0.6596314,0.34036866
97,30,1.0,0.0,1.0,5.0,0.0,1.0,2.0,6.0,35.0,71.0,157.0,5.36,0.0,98.0,1.0,2.0,64.0,2.0,37.5,0.0,0.0,0.0,0.465542885473475,0.4,3.0,0.5639473,0.43605265
97,31,1.0,0.0,1.0,5.0,0.0,1.0,2.0,6.0,35.0,14.0,157.0,0.27,0.0,98.0,1.0,3.0,64.0,2.0,6.43523316062176,0.0,0.0,0.0,0.465542885473475,0.4,3.0,0.57534456,0.42465544
97,32,1.0,0.0,1.0,5.0,0.0,1.0,2.0,6.0,35.0,2.0,157.0,0.27,0.0,98.0,1.0,48.0,64.0,2.0,6.43523316062176,0.0,0.0,0.0,0.465542885473475,0.4,3.0,0.8917182,0.108281806
97,33,1.0,0.0,1.0,5.0,0.0,1.0,2.0,6.0,1.0,71.0,157.0,6.88,0.0,98.0,1.0,2.0,64.0,2.0,6.43523316062176,0.0,0.0,0.0,0.465542885473475,0.4,3.0,0.6939012,0.30609882
97,34,1.0,0.0,1.0,5.0,0.0,1.0,2.0,6.0,35.0,71.0,157.0,1.68,0.0,98.0,5.0,2.0,64.0,2.0,6.43523316062176,0.0,0.0,0.0,0.465542885473475,0.4,3.0,0.5786687,0.42133132
97,35,1.0,0.0,1.0,5.0,0.0,1.0,2.0,6.0,35.0,11.0,157.0,0.27,0.0,98.0,1.0,2.0,64.0,2.0,6.43523316062176,0.0,6.0,0.0,0.465542885473475,0.4,3.0,0.7618157,0.23818427
97,36,1.0,0.0,1.0,5.0,0.0,1.0,2.0,6.0,35.0,71.0,157.0,4.09,0.0,98.0,1.0,2.0,4.0,2.0,6.43523316062176,0.0,0.0,0.0,0.465542885473475,0.4,3.0,0.67670715,0.32329288
97,37,6.0,0.0,1.0,5.0,0.0,1.0,2.0,6.0,35.0,13.0,157.0,0.27,0.0,98.0,1.0,2.0,64.0,2.0,6.43523316062176,0.0,0.0,0.0,0.465542885473475,0.4,3.0,0.52207637,0.4779236
97,38,1.0,0.0,1.0,5.0,0.0,1.0,2.0,6.0,35.0,8.0,157.0,0.27,0.0,98.0,1.0,2.0,64.0,2.0,6.43523316062176,0.0,0.0,0.0,0.465542885473475,0.4,3.0,0.74153316,0.2584668
97,39,1.0,0.0,1.0,5.0,0.0,1.0,2.0,6.0,35.0,71.0,157.0,6.6,0.0,98.0,6.0,2.0,64.0,2.0,6.43523316062176,0.0,0.0,0.0,0.465542885473475,0.4,3.0,0.55923617,0.4407638
97,40,1.0,0.0,1.0,5.0,0.0,1.0,2.0,6.0,25.0,4.0,157.0,0.27,0.0,98.0,1.0,2.0,64.0,2.0,6.43523316062176,0.0,0.0,0.0,0.465542885473475,0.4,3.0,0.8640904,0.1359096
97,41,1.0,0.0,1.0,5.0,0.0,1.0,2.0,6.0,35.0,71.0,157.0,5.92,0.0,98.0,1.0,2.0,64.0,2.0,41.4,0.0,0.0,0.0,0.465542885473475,0.4,3.0,0.5639473,0.43605265
97,42,1.0,0.0,1.0,5.0,0.0,1.0,2.0,6.0,35.0,71.0,157.0,5.88,0.0,98.0,1.0,2.0,64.0,2.0,6.43523316062176,0.0,0.0,0.0,0.9,0.4,3.0,0.60297906,0.39702094
97,43,1.0,0.0,1.0,5.0,0.0,1.0,2.0,6.0,35.0,6.0,157.0,0.27,0.0,98.0,1.0,50.0,64.0,2.0,6.43523316062176,0.0,0.0,0.0,0.465542885473475,0.4,3.0,0.79663277,0.20336723
97,44,1.0,0.0,1.0,5.0,0.0,1.0,2.0,6.0,35.0,71.0,8.0,2.7,0.0,98.0,1.0,2.0,64.0,2.0,6.43523316062176,0.0,0.0,0.0,0.465542885473475,0.4,3.0,0.5782757,0.42172432
97,45,1.0,0.0,1.0,5.0,0.0,1.0,2.0,6.0,35.0,71.0,157.0,0.27,0.0,98.0,5.0,2.0,64.0,2.0,6.43523316062176,0.0,0.0,0.0,1.1,0.4,3.0,0.67374563,0.3262544
97,46,1.0,39.0,1.0,5.0,0.0,1.0,2.0,6.0,35.0,3.0,157.0,0.27,0.0,98.0,1.0,2.0,64.0,2.0,6.43523316062176,0.0,0.0,0.0,0.465542885473475,0.4,3.0,0.5436312,0.4563688
97,47,1.0,0.0,1.0,5.0,0.0,1.0,2.0,6.0,35.0,2.0,157.0,0.27,0.0,98.0,1.0,2.0,64.0,2.0,6.43523316062176,0.0,0.0,0.0,0.465542885473475,0.4,3.0,0.8640904,0.1359096
97,48,1.0,0.0,1.0,5.0,0.0,1.0,2.0,6.0,35.0,71.0,157.0,6.58,0.0,98.0,1.0,2.0,64.0,2.0,6.43523316062176,0.0,0.0,0.0,1.0,0.4,3.0,0.7227063,0.27729365
97,49,1.0,0.0,1.0,5.0,0.0,1.0,2.0,6.0,35.0,0.0,157.0,0.27,0.0,98.0,1.0,2.0,70.0,2.0,6.43523316062176,0.0,0.0,0.0,0.465542885473475,0.4,3.0,0.8640904,0.1359096
97,50,1.0,0.0,1.0,5.0,0.0,1.0,2.0,6.0,35.0,71.0,157.0,5.66,0.0,98.0,1.0,2.0,64.0,2.0,39.6,0.0,0.0,0.0,0.465542885473475,0.4,3.0,0.5639473,0.43605265
97,51,1.0,0.0,1.0,5.0,0.0,1.0,2.0,6.0,35.0,5.0,157.0,0.27,0.0,98.0,1.0,2.0,64.0,2.0,6.43523316062176,0.0,0.0,0.0,1.0,0.4,3.0,0.86584264,0.13415737
97,52,1.0,0.0,1.0,5.0,0.0,1.0,2.0,6.0,35.0,3.0,157.0,0.27,0.0,98.0,1.0,2.0,64.0,2.0,6.43523316062176,0.0,0.0,0.0,0.465542885473475,0.4,3.0,0.8640904,0.1359096
97,53,1.0,0.0,1.0,5.0,0.0,1.0,2.0,6.0,37.0,4.0,157.0,0.27,0.0,98.0,1.0,2.0,64.0,2.0,6.43523316062176,0.0,0.0,0.0,0.465542885473475,0.4,3.0,0.8640904,0.1359096
97,54,1.0,0.0,1.0,5.0,0.0,1.0,2.0,6.0,35.0,3.0,157.0,0.27,0.0,98.0,1.0,2.0,64.0,2.0,6.43523316062176,11.0,0.0,0.0,0.465542885473475,0.4,3.0,0.7793344,0.2206656
97,55,1.0,0.0,1.0,5.0,0.0,1.0,2.0,6.0,35.0,16.0,157.0,0.27,0.0,98.0,2.0,2.0,64.0,2.0,6.43523316062176,0.0,0.0,0.0,0.465542885473475,0.4,3.0,0.8136146,0.1863854
97,56,1.0,0.0,1.0,5.0,0.0,1.0,2.0,6.0,35.0,71.0,157.0,0.27,0.0,98.0,1.0,12.0,64.0,2.0,6.43523316062176,0.0,0.0,0.0,1.0,0.4,3.0,0.5481176,0.45188242
97,57,1.0,0.0,1.0,5.0,0.0,1.0,2.0,6.0,35.0,5.0,157.0,0.27,0.0,98.0,1.0,1.0,64.0,2.0,6.43523316062176,0.0,0.0,0.0,0.465542885473475,0.4,3.0,0.741096,0.25890398
97,58,1.0,0.0,1.0,5.0,0.0,1.0,2.0,6.0,35.0,21.0,157.0,7.36,0.0,98.0,1.0,2.0,64.0,2.0,6.43523316062176,0.0,0.0,0.0,0.465542885473475,0.4,3.0,0.608153,0.39184704
97,59,1.0,0.0,1.0,5.0,0.0,1.0,2.0,6.0,35.0,18.0,157.0,0.27,0.0,98.0,1.0,2.0,64.0,2.0,6.43523316062176,0.0,0.0,0.0,0.465542885473475,0.4,3.0,0.6707232,0.32927683
97,60,1.0,0.0,1.0,5.0,0.0,1.0,2.0,6.0,35.0,71.0,157.0,6.72,0.0,98.0,1.0,2.0,64.0,2.0,47.1,0.0,0.0,0.0,0.465542885473475,0.4,3.0,0.5639473,0.43605265
97,61,1.0,0.0,1.0,5.0,0.0,1.0,2.0,6.0,35.0,8.0,157.0,0.27,7.0,98.0,1.0,2.0,64.0,2.0,6.43523316062176,0.0,0.0,0.0,0.465542885473475,0.4,3.0,0.7729461,0.22705385
97,62,1.0,0.0,1.0,5.0,0.0,1.0,2.0,6.0,35.0,71.0,157.0,4.16,0.0,98.0,1.0,2.0,64.0,2.0,29.0,0.0,0.0,0.0,0.465542885473475,0.4,3.0,0.5639473,0.43605265
97,63,1.0,0.0,1.0,5.0,0.0,12.0,2.0,6.0,35.0,3.0,157.0,0.27,0.0,98.0,1.0,2.0,64.0,2.0,6.43523316062176,0.0,0.0,0.0,0.465542885473475,0.4,3.0,0.6754996,0.32450038
97,64,1.0,0.0,1.0,5.0,0.0,1.0,2.0,6.0,26.0,7.0,157.0,0.27,0.0,98.0,1.0,2.0,64.0,2.0,6.43523316062176,0.0,0.0,0.0,0.465542885473475,0.4,3.0,0.74153316,0.2584668
97,65,1.0,0.0,1.0,5.0,0.0,1.0,2.0,6.0,35.0,15.0,157.0,0.27,0.0,98.0,1.0,2.0,64.0,2.0,6.43523316062176,0.0,0.0,0.0,0.465542885473475,0.4,3.0,0.57534456,0.42465544
97,66,1.0,0.0,1.0,5.0,0.0,1.0,2.0,6.0,35.0,7.0,157.0,0.27,0.0,98.0,1.0,2.0,57.0,2.0,6.43523316062176,0.0,0.0,0.0,0.465542885473475,0.4,3.0,0.74153316,0.2584668
97,67,1.0,0.0,1.0,5.0,0.0,1.0,2.0,6.0,35.0,17.0,157.0,0.27,0.0,98.0,1.0,2.0,64.0,2.0,6.43523316062176,35.0,0.0,0.0,0.465542885473475,0.4,3.0,0.5308512,0.4691488
97,68,1.0,0.0,1.0,5.0,0.0,1.0,2.0,15.0,35.0,10.0,157.0,0.27,0.0,98.0,1.0,2.0,64.0,2.0,6.43523316062176,0.0,0.0,0.0,0.465542885473475,0.4,3.0,0.6450807,0.3549193
97,69,1.0,0.0,1.0,5.0,0.0,1.0,2.0,6.0,35.0,8.0,157.0,0.27,0.0,98.0,1.0,2.0,64.0,2.0,6.43523316062176,15.0,0.0,0.0,0.465542885473475,0.4,3.0,0.61445004,0.38554996
97,70,1.0,0.0,3.0,5.0,0.0,1.0,2.0,6.0,35.0,7.0,157.0,0.27,0.0,98.0,1.0,2.0,64.0,2.0,6.43523316062176,0.0,0.0,0.0,0.465542885473475,0.4,3.0,0.74153316,0.2584668
97,71,1.0,0.0,1.0,5.0,0.0,1.0,2.0,6.0,35.0,16.0,157.0,0.27,4.0,98.0,1.0,2.0,64.0,2.0,6.43523316062176,0.0,0.0,0.0,0.465542885473475,0.4,3.0,0.7371382,0.2628618
97,72,9.0,0.0,1.0,5.0,0.0,1.0,2.0,6.0,35.0,14.0,157.0,0.27,0.0,98.0,1.0,2.0,64.0,2.0,6.43523316062176,0.0,0.0,0.0,0.465542885473475,0.4,3.0,0.63678133,0.36321867
97,73,1.0,0.0,1.0,5.0,0.0,1.0,2.0,6.0,35.0,5.0,157.0,0.27,0.0,98.0,1.0,2.0,64.0,2.0,6.43523316062176,13.0,0.0,0.0,0.465542885473475,0.4,3.0,0.61390984,0.3860902
97,74,11.0,0.0,1.0,5.0,0.0,1.0,2.0,6.0,35.0,8.0,157.0,0.27,0.0,98.0,1.0,2.0,64.0,2.0,6.43523316062176,0.0,0.0,0.0,0.465542885473475,0.4,3.0,0.74153316,0.2584668
97,75,1.0,0.0,1.0,5.0,0.0,1.0,2.0,6.0,35.0,71.0,157.0,2.04,0.0,98.0,1.0,2.0,64.0,2.0,14.1,0.0,0.0,0.0,0.465542885473475,0.4,3.0,0.67520946,0.32479054
97,76,1.0,0.0,1.0,5.0,0.0,1.0,2.0,6.0,0.0,7.0,157.0,0.27,0.0,98.0,1.0,2.0,64.0,2.0,6.43523316062176,0.0,0.0,0.0,0.465542885473475,0.4,3.0,0.9634054,0.036594633
97,77,1.0,0.0,1.0,5.0,0.0,1.0,2.0,6.0,35.0,15.0,157.0,0.27,0.0,98.0,6.0,2.0,64.0,2.0,6.43523316062176,0.0,0.0,0.0,0.465542885473475,0.4,3.0,0.7657057,0.23429431
97,78,1.0,0.0,1.0,5.0,0.0,1.0,2.0,6.0,35.0,71.0,157.0,0.27,0.0,98.0,1.0,45.0,64.0,2.0,6.43523316062176,0.0,0.0,0.0,1.0,0.4,3.0,0.5481176,0.45188242
97,79,1.0,0.0,1.0,5.0,0.0,1.0,2.0,6.0,35.0,0.0,157.0,0.27,0.0,98.0,8.0,2.0,64.0,2.0,6.43523316062176,0.0,0.0,0.0,0.465542885473475,0.4,3.0,0.9387862,0.061213773
97,80,1.0,0.0,1.0,5.0,0.0,1.0,2.0,6.0,35.0,10.0,157.0,0.27,7.0,98.0,1.0,2.0,64.0,2.0,6.43523316062176,0.0,0.0,0.0,0.465542885473475,0.4,3.0,0.76608783,0.23391216
97,81,1.0,0.0,1.0,5.0,0.0,1.0,2.0,6.0,35.0,14.0,157.0,0.27,0.0,98.0,1.0,2.0,64.0,2.0,6.43523316062176,0.0,0.0,0.0,0.465542885473475,0.4,3.0,0.57534456,0.42465544
97,82,1.0,0.0,1.0,5.0,0.0,1.0,2.0,6.0,35.0,71.0,157.0,0.27,0.0,98.0,1.0,2.0,64.0,2.0,29.0,0.0,10.0,0.0,0.465542885473475,0.4,3.0,0.52187836,0.47812164
97,83,1.0,0.0,1.0,5.0,0.0,12.0,2.0,6.0,35.0,71.0,157.0,0.27,0.0,98.0,1.0,2.0,64.0,2.0,6.43523316062176,0.0,0.0,0.0,1.1,0.4,3.0,0.5211917,0.47880828
97,84,1.0,0.0,1.0,5.0,0.0,1.0,2.0,6.0,27.0,5.0,157.0,0.27,0.0,98.0,1.0,2.0,64.0,2.0,6.43523316062176,0.0,0.0,0.0,0.465542885473475,0.4,3.0,0.741096,0.25890398
97,85,1.0,0.0,1.0,5.0,26.0,1.0,2.0,6.0,35.0,8.0,157.0,0.27,0.0,98.0,1.0,2.0,64.0,2.0,6.43523316062176,0.0,0.0,0.0,0.465542885473475,0.4,3.0,0.6107446,0.38925537
97,86,1.0,0.0,1.0,5.0,0.0,1.0,2.0,6.0,35.0,71.0,157.0,0.27,0.0,98.0,1.0,2.0,64.0,2.0,47.6,0.0,31.0,0.0,0.465542885473475,0.4,3.0,0.52187836,0.47812164
97,87,1.0,0.0,1.0,19.0,0.0,1.0,2.0,6.0,35.0,3.0,157.0,0.27,0.0,98.0,1.0,2.0,64.0,2.0,6.43523316062176,0.0,0.0,0.0,0.465542885473475,0.4,3.0,0.8640904,0.1359096
97,88,1.0,0.0,1.0,5.0,0.0,1.0,2.0,6.0,35.0,5.0,157.0,0.27,0.0,98.0,1.0,2.0,64.0,2.0,6.43523316062176,0.0,0.0,0.0,0.465542885473475,0.4,3.0,0.741096,0.25890398
97,89,14.0,0.0,1.0,5.0,0.0,1.0,2.0,6.0,35.0,16.0,157.0,0.27,0.0,98.0,1.0,2.0,64.0,2.0,6.43523316062176,0.0,0.0,0.0,0.465542885473475,0.4,3.0,0.7249575,0.27504247
97,90,1.0,0.0,1.0,5.0,0.0,1.0,2.0,6.0,35.0,10.0,157.0,0.27,0.0,98.0,1.0,2.0,64.0,2.0,6.43523316062176,0.0,0.0,0.0,0.465542885473475,0.4,3.0,0.73405254,0.26594746
97,91,1.0,0.0,1.0,5.0,0.0,1.0,2.0,6.0,2.0,71.0,157.0,0.27,0.0,98.0,8.0,2.0,64.0,2.0,6.43523316062176,0.0,0.0,0.0,0.465542885473475,0.4,3.0,0.5370766,0.46292344
97,92,1.0,0.0,1.0,5.0,0.0,1.0,2.0,6.0,35.0,71.0,157.0,6.13,0.0,98.0,1.0,2.0,64.0,2.0,42.9,0.0,0.0,0.0,0.465542885473475,0.4,3.0,0.5639473,0.43605265
97,93,1.0,0.0,1.0,5.0,0.0,1.0,2.0,6.0,35.0,0.0,157.0,0.27,0.0,94.0,1.0,2.0,64.0,2.0,6.43523316062176,0.0,0.0,0.0,0.465542885473475,0.4,3.0,0.8640904,0.1359096
97,94,1.0,0.0,1.0,5.0,0.0,1.0,2.0,6.0,35.0,13.0,157.0,0.27,0.0,98.0,1.0,2.0,64.0,2.0,3.8,0.0,0.0,0.0,0.465542885473475,0.4,3.0,0.7564754,0.24352463
97,95,1.0,0.0,1.0,5.0,23.0,1.0,2.0,6.0,35.0,3.0,157.0,0.27,0.0,98.0,1.0,2.0,64.0,2.0,6.43523316062176,0.0,0.0,0.0,0.465542885473475,0.4,3.0,0.79339516,0.20660481
97,96,1.0,0.0,1.0,5.0,0.0,1.0,2.0,6.0,35.0,71.0,157.0,0.27,0.0,98.0,1.0,2.0,64.0,2.0,36.8,0.0,0.0,0.0,0.465542885473475,0.4,0.0,0.5636014,0.43639863
97,97,1.0,0.0,1.0,5.0,0.0,1.0,2.0,6.0,35.0,8.0,157.0,0.27,0.0,98.0,1.0,2.0,64.0,2.0,21.3,0.0,0.0,0.0,0.465542885473475,0.4,3.0,0.9736122,0.026387835
97,98,1.0,0.0,1.0,5.0,0.0,1.0,2.0,6.0,35.0,71.0,157.0,5.29,0.0,98.0,1.0,2.0,64.0,2.0,6.43523316062176,0.0,0.0,0.0,0.9,0.4,3.0,0.60297906,0.39702094
97,99,1.0,0.0,1.0,5.0,0.0,1.0,2.0,12.0,35.0,17.0,157.0,0.27,0.0,98.0,1.0,2.0,64.0,2.0,6.43523316062176,0.0,0.0,0.0,0.465542885473475,0.4,3.0,0.57289207,0.42710793
110,0,0.0,0.0,1.0,1.0,0.0,15.0,1.0,1.0,4.0,2.0,23.0,0.78,0.0,90.0,3.0,0.0,27.0,1.0,43.6,0.0,1.0,0.0,0.690909090909091,1.0,1.0,0.8832878,0.1167122
110,1,0.0,0.0,0.0,1.0,0.0,4.0,1.0,1.0,4.0,2.0,105.0,0.78,0.0,90.0,3.0,0.0,27.0,1.0,3.22222222222222,0.0,1.0,0.0,0.690909090909091,1.0,1.0,0.77417994,0.22582005
110,2,0.0,0.0,1.0,1.0,0.0,4.0,1.0,1.0,4.0,2.0,23.0,0.78,0.0,90.0,3.0,0.0,27.0,1.0,3.22222222222222,0.0,12.0,0.0,1.0,1.0,1.0,0.7711473,0.22885269
110,3,0.0,0.0,1.0,1.0,0.0,12.0,1.0,1.0,4.0,2.0,23.0,0.78,0.0,90.0,3.0,0.0,27.0,1.0,23.9,0.0,1.0,0.0,0.690909090909091,1.0,1.0,0.8832878,0.1167122
110,4,0.0,0.0,1.0,1.0,0.0,4.0,1.0,1.0,4.0,2.0,23.0,0.78,0.0,90.0,5.0,0.0,27.0,1.0,3.22222222222222,0.0,1.0,0.0,1.1,1.0,1.0,0.704182,0.29581797
110,5,0.0,0.0,1.0,1.0,0.0,4.0,1.0,1.0,2.0,2.0,23.0,0.78,0.0,90.0,3.0,0.0,3.0,1.0,3.22222222222222,0.0,1.0,0.0,0.690909090909091,1.0,1.0,0.9491341,0.050865915
110,6,0.0,0.0,1.0,1.0,0.0,4.0,1.0,1.0,4.0,2.0,23.0,0.78,0.0,90.0,3.0,0.0,27.0,1.0,25.1,0.0,1.0,0.0,0.690909090909091,1.0,1.0,0.8832878,0.1167122
110,7,0.0,0.0,1.0,1.0,0.0,4.0,1.0,1.0,4.0,2.0,120.0,0.78,0.0,90.0,3.0,0.0,27.0,1.0,3.22222222222222,0.0,1.0,0.0,0.4,1.0,1.0,0.83483267,0.16516733
110,8,0.0,0.0,1.0,1.0,0.0,4.0,1.0,2.0,4.0,2.0,23.0,0.78,0.0,90.0,3.0,0.0,27.0,1.0,25.9,0.0,1.0,0.0,0.690909090909091,1.0,1.0,0.90684235,0.09315766
110,9,0.0,0.0,1.0,1.0,0.0,4.0,1.0,1.0,4.0,2.0,0.0,0.78,0.0,90.0,3.0,0.0,27.0,1.0,3.22222222222222,0.0,5.0,0.0,0.690909090909091,1.0,1.0,0.970543,0.02945698
110,10,0.0,0.0,1.0,1.0,0.0,4.0,1.0,1.0,4.0,2.0,62.0,0.78,0.0,90.0,3.0,0.0,27.0,1.0,3.22222222222222,0.0,1.0,0.0,0.690909090909091,1.0,1.0,0.77417994,0.22582005
110,11,0.0,0.0,1.0,1.0,0.0,4.0,1.0,1.0,4.0,2.0,23.0,0.78,0.0,90.0,3.0,0.0,27.0,1.0,46.5,10.0,1.0,0.0,0.690909090909091,1.0,1.0,0.8768779,0.123122096
110,12,0.0,0.0,1.0,1.0,0.0,4.0,1.0,1.0,4.0,2.0,23.0,0.78,0.0,90.0,3.0,0.0,8.0,1.0,12.6,0.0,1.0,0.0,0.690909090909091,1.0,1.0,0.9622698,0.037730213
110,13,0.0,0.0,1.0,14.0,0.0,4.0,1.0,1.0,4.0,2.0,23.0,0.78,0.0,90.0,3.0,0.0,27.0,1.0,37.0,0.0,1.0,0.0,0.690909090909091,1.0,1.0,0.9194834,0.080516554
110,14,0.0,0.0,1.0,1.0,0.0,4.0,1.0,1.0,4.0,2.0,63.0,0.78,0.0,90.0,3.0,0.0,27.0,1.0,22.5,0.0,1.0,0.0,0.690909090909091,1.0,1.0,0.9873516,0.012648402
110,15,12.0,0.0,1.0,1.0,0.0,4.0,1.0,1.0,4.0,2.0,119.0,0.78,0.0,90.0,3.0,0.0,27.0,1.0,3.22222222222222,0.0,1.0,0.0,0.690909090909091,1.0,1.0,0.7383896,0.26161042
110,16,0.0,0.0,1.0,1.0,0.0,4.0,1.0,1.0,4.0,2.0,23.0,0.12,0.0,90.0,3.0,30.0,27.0,1.0,3.22222222222222,0.0,1.0,0.0,0.690909090909091,1.0,1.0,0.52260256,0.47739744
110,17,0.0,0.0,1.0,1.0,0.0,16.0,1.0,1.0,4.0,2.0,38.0,0.78,0.0,90.0,3.0,0.0,27.0,1.0,3.22222222222222,0.0,1.0,0.0,0.690909090909091,1.0,1.0,0.69079125,0.30920875
110,18,0.0,0.0,1.0,1.0,0.0,4.0,1.0,1.0,4.0,2.0,23.0,0.78,0.0,90.0,3.0,5.0,27.0,1.0,3.22222222222222,0.0,1.0,0.0,1.0,1.0,1.0,0.64418876,0.35581127
110,19,0.0,0.0,1.0,1.0,0.0,4.0,1.0,1.0,2.0,2.0,115.0,0.78,0.0,90.0,3.0,0.0,27.0,1.0,3.22222222222222,0.0,1.0,0.0,0.690909090909091,1.0,1.0,0.90262365,0.09737638
110,20,0.0,0.0,1.0,1.0,0.0,2.0,1.0,1.0,4.0,2.0,110.0,0.78,0.0,90.0,3.0,0.0,27.0,1.0,3.22222222222222,0.0,1.0,0.0,0.690909090909091,1.0,1.0,0.9197885,0.08021149
110,21,0.0,0.0,1.0,1.0,0.0,4.0,1.0,1.0,4.0,2.0,23.0,0.78,0.0,90.0,3.0,0.0,49.0,1.0,26.8,0.0,1.0,0.0,0.690909090909091,1.0,1.0,0.8832878,0.1167122
110,22,0.0,0.0,1.0,1.0,0.0,4.0,1.0,1.0,4.0,2.0,64.0,0.78,0.0,90.0,3.0,0.0,27.0,1.0,3.22222222222222,0.0,1.0,0.0,0.690909090909091,0.9,1.0,0.5648764,0.43512362
110,23,0.0,0.0,1.0,1.0,0.0,4.0,1.0,1.0,4.0,2.0,62.0,0.78,0.0,90.0,3.0,0.0,27.0,1.0,3.22222222222222,0.0,16.0,0.0,0.690909090909091,1.0,1.0,0.83952683,0.16047318
110,24,0.0,0.0,3.0,1.0,0.0,4.0,1.0,1.0,4.0,2.0,23.0,0.78,0.0,90.0,3.0,0.0,27.0,1.0,3.22222222222222,0.0,1.0,0.0,1.0,1.0,1.0,0.5868801,0.4131199
110,25,0.0,0.0,1.0,1.0,0.0,4.0,1.0,1.0,4.0,2.0,75.0,0.78,0.0,90.0,3.0,0.0,27.0,1.0,3.22222222222222,0.0,1.0,0.0,0.690909090909091,0.1,1.0,0.61028296,0.38971704
110,26,0.0,0.0,1.0,1.0,0.0,4.0,1.0,1.0,4.0,2.0,23.0,0.78,0.0,90.0,3.0,0.0,27.0,1.0,12.7,0.0,1.0,0.0,0.690909090909091,1.0,1.0,0.8832878,0.1167122
110,27,0.0,0.0,1.0,1.0,0.0,4.0,1.0,1.0,4.0,2.0,131.0,0.78,0.0,90.0,3.0,0.0,27.0,1.0,22.3,0.0,1.0,0.0,0.690909090909091,1.0,1.0,0.9873516,0.012648402
110,28,0.0,0.0,1.0,1.0,0.0,4.0,1.0,1.0,4.0,2.0,34.0,0.78,0.0,90.0,3.0,0.0,27.0,1.0,3.22222222222222,0.0,1.0,0.0,0.690909090909091,1.0,1.0,0.57636833,0.42363167
110,29,0.0,0.0,1.0,1.0,0.0,4.0,1.0,1.0,4.0,2.0,127.0,0.78,0.0,90.0,3.0,0.0,27.0,1.0,3.22222222222222,0.0,1.0,0.0,0.690909090909091,1.0,1.0,0.77417994,0.22582005
110,30,0.0,0.0,1.0,1.0,0.0,4.0,1.0,1.0,4.0,2.0,104.0,0.78,0.0,90.0,3.0,0.0,27.0,1.0,3.22222222222222,0.0,1.0,0.0,0.690909090909091,1.0,4.0,0.7274387,0.27256128
110,31,0.0,0.0,1.0,1.0,0.0,4.0,1.0,14.0,4.0,2.0,23.0,0.78,0.0,90.0,3.0,0.0,27.0,1.0,25.1,0.0,1.0,0.0,0.690909090909091,1.0,1.0,0.8394962,0.16050379
110,32,0.0,0.0,1.0,1.0,0.0,4.0,1.0,1.0,4.0,2.0,133.0,0.78,0.0,81.0,3.0,0.0,27.0,1.0,3.22222222222222,0.0,1.0,0.0,0.690909090909091,1.0,1.0,0.70664394,0.2933561
110,33,0.0,0.0,1.0,1.0,0.0,4.0,1.0,1.0,4.0,2.0,23.0,0.78,0.0,90.0,3.0,0.0,12.0,1.0,38.0,0.0,1.0,0.0,0.690909090909091,1.0,1.0,0.8860184,0.1139816
110,34,0.0,0.0,1.0,1.0,0.0,4.0,1.0,1.0,4.0,2.0,23.0,0.78,0.0,90.0,3.0,0.0,58.0,1.0,6.4,0.0,1.0,0.0,0.690909090909091,1.0,1.0,0.55101836,0.44898164
110,35,0.0,0.0,1.0,1.0,0.0,4.0,1.0,1.0,4.0,2.0,140.0,0.78,0.0,90.0,3.0,0.0,27.0,1.0,3.22222222222222,20.0,1.0,0.0,0.690909090909091,1.0,1.0,0.763383,0.23661704
110,36,0.0,0.0,1.0,1.0,0.0,4.0,1.0,1.0,4.0,2.0,138.0,0.78,0.0,29.0,3.0,0.0,27.0,1.0,3.22222222222222,0.0,1.0,0.0,0.690909090909091,1.0,1.0,0.8317088,0.16829123
110,37,0.0,0.0,1.0,1.0,0.0,0.0,1.0,1.0,4.0,2.0,23.0,0.78,0.0,90.0,3.0,49.0,27.0,1.0,3.22222222222222,0.0,1.0,0.0,0.690909090909091,1.0,1.0,0.6944699,0.30553004
110,38,0.0,0.0,1.0,1.0,0.0,4.0,1.0,1.0,4.0,2.0,23.0,0.78,0.0,90.0,3.0,0.0,27.0,1.0,46.0,0.0,1.0,0.0,1.0,1.0,1.0,0.9701935,0.029806487
110,39,0.0,0.0,1.0,1.0,0.0,4.0,1.0,1.0,4.0,2.0,23.0,0.78,7.0,90.0,3.0,0.0,27.0,1.0,41.1,0.0,1.0,0.0,0.690909090909091,1.0,1.0,0.8652854,0.13471457
110,40,0.0,0.0,1.0,1.0,0.0,4.0,1.0,1.0,4.0,2.0,0.0,0.78,0.0,90.0,3.0,0.0,27.0,1.0,3.22222222222222,0.0,1.0,0.0,0.690909090909091,1.0,1.0,0.97989154,0.020108478
110,41,0.0,0.0,1.0,1.0,0.0,4.0,1.0,1.0,4.0,2.0,23.0,0.78,0.0,90.0,3.0,0.0,27.0,1.0,26.8,0.0,1.0,0.0,0.690909090909091,1.0,1.0,0.8832878,0.1167122
110,42,0.0,0.0,1.0,1.0,0.0,4.0,1.0,1.0,4.0,2.0,23.0,0.78,0.0,90.0,3.0,0.0,27.0,1.0,23.6,0.0,1.0,0.0,0.690909090909091,1.0,1.0,0.8832878,0.1167122
110,43,0.0,0.0,1.0,1.0,24.0,4.0,1.0,1.0,4.0,2.0,23.0,0.78,0.0,90.0,3.0,0.0,27.0,1.0,35.6,0.0,1.0,0.0,0.690909090909091,1.0,1.0,0.78996366,0.21003635
110,44,0.0,0.0,1.0,1.0,0.0,4.0,1.0,1.0,4.0,2.0,38.0,0.78,0.0,90.0,3.0,0.0,27.0,1.0,3.22222222222222,0.0,1.0,0.0,0.690909090909091,0.1,1.0,0.505064,0.49493596
110,45,0.0,0.0,1.0,1.0,0.0,4.0,1.0,1.0,4.0,2.0,2.0,0.78,1.0,90.0,3.0,0.0,27.0,1.0,3.22222222222222,0.0,1.0,0.0,0.690909090909091,1.0,1.0,0.96346045,0.036539573
110,46,0.0,0.0,1.0,1.0,0.0,4.0,1.0,1.0,4.0,2.0,114.0,0.78,11.0,90.0,3.0,0.0,27.0,1.0,3.22222222222222,0.0,1.0,0.0,0.690909090909091,1.0,1.0,0.7386067,0.26139334
110,47,0.0,0.0,1.0,1.0,0.0,4.0,1.0,1.0,4.0,2.0,67.0,0.78,0.0,90.0,3.0,29.0,27.0,1.0,3.22222222222222,0.0,1.0,0.0,0.690909090909091,1.0,1.0,0.8134966,0.18650344
110,48,0.0,0.0,1.0,1.0,0.0,4.0,1.0,1.0,4.0,2.0,38.0,0.78,0.0,12.0,3.0,0.0,27.0,1.0,3.22222222222222,0.0,1.0,0.0,0.690909090909091,1.0,1.0,0.8303172,0.16968282
110,49,3.0,0.0,1.0,1.0,0.0,4.0,1.0,1.0,4.0,2.0,23.0,0.78,0.0,90.0,3.0,0.0,27.0,1.0,6.3,0.0,1.0,0.0,0.690909090909091,1.0,1.0,0.56805027,0.43194973
110,50,0.0,0.0,1.0,1.0,0.0,4.0,1.0,1.0,4.0,2.0,23.0,0.78,0.0,90.0,3.0,0.0,27.0,1.0,33.3,0.0,1.0,0.0,0.8,1.0,1.0,0.9367046,0.06329545
110,51,0.0,0.0,1.0,1.0,0.0,4.0,1.0,1.0,4.0,2.0,23.0,0.78,0.0,90.0,3.0,0.0,27.0,1.0,13.7,0.0,14.0,0.0,0.690909090909091,1.0,1.0,0.90060616,0.09939385
110,52,0.0,0.0,1.0,1.0,0.0,4.0,1.0,1.0,4.0,2.0,23.0,0.78,0.0,90.0,3.0,0.0,27.0,1.0,44.9,2.0,1.0,0.0,0.690909090909091,1.0,1.0,0.8994649,0.10053511
110,53,0.0,0.0,1.0,1.0,0.0,4.0,1.0,1.0,4.0,2.0,114.0,0.78,0.0,90.0,3.0,0.0,27.0,1.0,3.22222222222222,0.0,1.0,0.0,0.690909090909091,1.0,1.0,0.77417994,0.22582005
110,54,0.0,0.0,1.0,1.0,0.0,4.0,1.0,1.0,4.0,2.0,116.0,0.78,0.0,90.0,3.0,29.0,27.0,1.0,3.22222222222222,0.0,1.0,0.0,0.690909090909091,1.0,1.0,0.8134966,0.18650344
110,55,0.0,0.0,1.0,1.0,0.0,4.0,1.0,1.0,4.0,2.0,112.0,0.78,0.0,90.0,3.0,0.0,27.0,1.0,3.22222222222222,0.0,1.0,0.0,0.690909090909091,1.0,1.0,0.77417994,0.22582005
110,56,0.0,0.0,1.0,1.0,0.0,2.0,1.0,3.0,4.0,2.0,23.0,0.78,0.0,90.0,3.0,0.0,27.0,1.0,3.22222222222222,0.0,1.0,0.0,0.690909090909091,1.0,1.0,0.60691756,0.39308244
110,57,0.0,0.0,1.0,1.0,0.0,4.0,1.0,1.0,4.0,2.0,23.0,0.78,0.0,90.0,3.0,0.0,27.0,1.0,15.1,0.0,1.0,0.0,0.690909090909091,1.0,1.0,0.8832878,0.1167122
110,58,0.0,0.0,1.0,1.0,15.0,4.0,1.0,1.0,4.0,2.0,23.0,0.78,0.0,90.0,3.0,0.0,0.0,1.0,3.22222222222222,0.0,1.0,0.0,0.690909090909091,1.0,1.0,0.8431361,0.15686391
110,59,0.0,0.0,1.0,1.0,0.0,4.0,1.0,7.0,4.0,2.0,87.0,0.78,0.0,90.0,3.0,0.0,27.0,1.0,3.22222222222222,0.0,1.0,0.0,0.690909090909091,1.0,1.0,0.6779659,0.32203415
110,60,0.0,0.0,1.0,1.0,0.0,4.0,1.0,1.0,4.0,2.0,23.0,0.78,0.0,90.0,3.0,29.0,27.0,1.0,22.0,0.0,1.0,0.0,0.690909090909091,1.0,1.0,0.9123877,0.08761227
110,61,0.0,0.0,1.0,1.0,25.0,4.0,1.0,1.0,4.0,2.0,23.0,0.78,0.0,90.0,3.0,0.0,27.0,1.0,3.22222222222222,0.0,1.0,0.0,1.1,1.0,1.0,0.60579294,0.39420706
110,62,0.0,0.0,1.0,1.0,0.0,2.0,1.0,1.0,4.0,2.0,23.0,0.78,0.0,90.0,3.0,0.0,27.0,1.0,0.8,0.0,1.0,0.0,0.690909090909091,1.0,1.0,0.6283177,0.37168232
110,63,0.0,0.0,4.0,1.0,0.0,4.0,1.0,1.0,4.0,2.0,131.0,0.78,0.0,90.0,3.0,0.0,27.0,1.0,3.22222222222222,0.0,1.0,0.0,0.690909090909091,1.0,1.0,0.73528993,0.2647101
110,64,0.0,0.0,1.0,1.0,0.0,4.0,1.0,1.0,4.0,2.0,23.0,0.78,0.0,90.0,3.0,2.0,27.0,1.0,17.7,0.0,1.0,0.0,0.690909090909091,1.0,1.0,0.8832878,0.1167122
110,65,0.0,0.0,1.0,1.0,0.0,4.0,1.0,1.0,4.0,2.0,23.0,0.78,0.0,90.0,3.0,0.0,27.0,3.0,41.9,0.0,1.0,0.0,0.690909090909091,1.0,1.0,0.9048032,0.095196776
110,66,0.0,0.0,1.0,1.0,0.0,4.0,1.0,1.0,4.0,2.0,23.0,0.78,7.0,90.0,3.0,0.0,27.0,1.0,20.2,0.0,1.0,0.0,0.690909090909091,1.0,1.0,0.8652854,0.13471457
110,67,0.0,0.0,1.0,1.0,0.0,4.0,1.0,1.0,4.0,2.0,23.0,0.78,0.0,90.0,3.0,0.0,27.0,1.0,51.3,0.0,1.0,0.0,0.690909090909091,1.0,1.0,0.8832878,0.1167122
110,68,0.0,0.0,1.0,1.0,0.0,4.0,1.0,1.0,4.0,2.0,23.0,0.78,0.0,90.0,3.0,0.0,27.0,1.0,36.5,0.0,2.0,0.0,0.690909090909091,1.0,1.0,0.90168685,0.09831317
110,69,0.0,0.0,1.0,1.0,0.0,4.0,1.0,1.0,4.0,2.0,108.0,0.78,10.0,90.0,3.0,0.0,27.0,1.0,3.22222222222222,0.0,1.0,0.0,0.690909090909091,1.0,1.0,0.7386067,0.26139334
110,70,0.0,0.0,1.0,1.0,0.0,4.0,1.0,1.0,4.0,2.0,23.0,0.78,0.0,90.0,1.0,0.0,27.0,1.0,3.22222222222222,0.0,1.0,0.0,1.0,1.0,1.0,0.6260139,0.37398615
110,71,0.0,0.0,1.0,1.0,0.0,4.0,1.0,7.0,4.0,2.0,23.0,0.78,0.0,90.0,3.0,0.0,27.0,1.0,17.4,0.0,1.0,0.0,0.690909090909091,1.0,1.0,0.8394962,0.16050379
110,72,0.0,0.0,1.0,60.0,0.0,4.0,1.0,1.0,4.0,2.0,23.0,0.78,0.0,90.0,3.0,0.0,27.0,1.0,3.22222222222222,0.0,1.0,0.0,1.0,1.0,1.0,0.68790567,0.3120943
110,73,0.0,0.0,1.0,1.0,0.0,4.0,1.0,1.0,4.0,2.0,23.0,0.78,0.0,90.0,3.0,0.0,35.0,1.0,34.0,0.0,1.0,0.0,0.690909090909091,1.0,1.0,0.8832878,0.1167122
110,74,0.0,0.0,1.0,1.0,0.0,4.0,1.0,3.0,4.0,2.0,23.0,0.78,0.0,90.0,3.0,0.0,27.0,1.0,3.22222222222222,0.0,1.0,0.0,1.1,1.0,1.0,0.6630759,0.3369241
110,75,0.0,0.0,1.0,1.0,0.0,4.0,1.0,1.0,4.0,2.0,23.0,0.78,0.0,90.0,3.0,0.0,27.0,1.0,21.8,0.0,1.0,0.0,0.690909090909091,1.0,1.0,0.8832878,0.1167122
110,76,0.0,0.0,1.0,1.0,0.0,4.0,1.0,1.0,4.0,2.0,65.0,0.78,0.0,90.0,3.0,0.0,27.0,1.0,3.22222222222222,0.0,1.0,0.0,0.690909090909091,1.0,1.0,0.77417994,0.22582005
110,77,0.0,0.0,1.0,1.0,0.0,4.0,1.0,1.0,4.0,2.0,23.0,0.78,0.0,90.0,3.0,0.0,4.0,1.0,3.22222222222222,0.0,1.0,3.0,0.690909090909091,1.0,1.0,0.9109771,0.08902289
110,78,0.0,0.0,1.0,1.0,0.0,4.0,1.0,1.0,4.0,2.0,23.0,0.78,5.0,90.0,3.0,0.0,27.0,1.0,28.7,0.0,1.0,0.0,0.690909090909091,1.0,1.0,0.9067502,0.09324977
110,79,0.0,0.0,1.0,1.0,0.0,8.0,1.0,1.0,4.0,2.0,23.0,0.78,0.0,90.0,3.0,0.0,27.0,1.0,3.22222222222222,0.0,1.0,0.0,1.0,1.0,1.0,0.6338856,0.3661144
110,80,0.0,0.0,1.0,1.0,0.0,4.0,1.0,1.0,4.0,2.0,23.0,0.78,15.0,90.0,3.0,0.0,27.0,1.0,11.8,0.0,1.0,0.0,0.690909090909091,1.0,1.0,0.8652854,0.13471457
110,81,0.0,0.0,1.0,1.0,0.0,11.0,1.0,1.0,4.0,2.0,23.0,0.78,0.0,90.0,3.0,0.0,1.0,1.0,3.22222222222222,0.0,1.0,0.0,0.690909090909091,1.0,1.0,0.93815064,0.06184936
110,82,20.0,0.0,1.0,1.0,0.0,4.0,1.0,1.0,4.0,2.0,23.0,0.78,0.0,90.0,3.0,0.0,5.0,1.0,3.22222222222222,0.0,1.0,0.0,0.690909090909091,1.0,1.0,0.6852393,0.3147607
110,83,0.0,0.0,1.0,1.0,0.0,4.0,1.0,1.0,4.0,2.0,53.0,0.78,0.0,90.0,3.0,0.0,27.0,1.0,3.22222222222222,0.0,1.0,0.0,0.690909090909091,1.0,1.0,0.77417994,0.22582005
110,84,0.0,0.0,1.0,1.0,0.0,4.0,1.0,1.0,24.0,2.0,77.0,0.78,0.0,90.0,3.0,0.0,27.0,1.0,3.22222222222222,0.0,1.0,0.0,0.690909090909091,1.0,1.0,0.7544205,0.24557951
110,85,0.0,0.0,1.0,1.0,0.0,4.0,1.0,1.0,2.0,2.0,51.0,0.78,0.0,90.0,3.0,0.0,27.0,1.0,3.22222222222222,0.0,1.0,0.0,0.690909090909091,1.0,1.0,0.90262365,0.09737638
110,86,0.0,0.0,1.0,1.0,0.0,4.0,1.0,1.0,4.0,2.0,0.0,0.78,0.0,90.0,3.0,0.0,27.0,1.0,3.22222222222222,0.0,1.0,0.0,0.7,1.0,1.0,0.97989154,0.020108478
110,87,0.0,0.0,1.0,1.0,0.0,4.0,1.0,1.0,4.0,2.0,23.0,0.78,0.0,90.0,3.0,0.0,27.0,1.0,38.0,0.0,9.0,0.0,0.690909090909091,1.0,1.0,0.90060616,0.09939385
110,88,0.0,0.0,1.0,1.0,0.0,4.0,1.0,1.0,4.0,2.0,23.0,0.78,0.0,90.0,3.0,0.0,27.0,1.0,17.7,0.0,1.0,0.0,0.690909090909091,1.0,1.0,0.8832878,0.1167122
110,89,0.0,0.0,1.0,1.0,0.0,4.0,1.0,1.0,4.0,2.0,23.0,0.78,0.0,87.0,3.0,0.0,27.0,1.0,15.5,0.0,1.0,0.0,0.690909090909091,1.0,1.0,0.8821072,0.117892794
110,90,0.0,0.0,1.0,1.0,2.0,4.0,1.0,1.0,4.0,2.0,46.0,0.78,0.0,90.0,3.0,0.0,27.0,1.0,3.22222222222222,0.0,1.0,0.0,0.690909090909091,1.0,1.0,0.5690193,0.43098068
110,91,0.0,0.0,1.0,1.0,0.0,4.0,1.0,1.0,4.0,2.0,23.0,0.78,0.0,90.0,3.0,0.0,27.0,1.0,30.9,0.0,1.0,2.0,0.690909090909091,1.0,1.0,0.8832878,0.1167122
110,92,0.0,0.0,1.0,1.0,0.0,4.0,1.0,1.0,4.0,3.0,23.0,0.78,0.0,90.0,3.0,0.0,27.0,1.0,3.22222222222222,0.0,1.0,0.0,1.0,1.0,1.0,0.6338856,0.3661144
110,93,0.0,0.0,1.0,1.0,0.0,4.0,1.0,1.0,4.0,2.0,23.0,0.78,0.0,90.0,3.0,0.0,27.0,1.0,14.1,0.0,1.0,0.0,0.690909090909091,1.0,1.0,0.8832878,0.1167122
110,94,0.0,0.0,1.0,1.0,0.0,4.0,1.0,1.0,4.0,2.0,131.0,0.78,0.0,90.0,3.0,0.0,27.0,1.0,3.22222222222222,0.0,1.0,0.0,0.690909090909091,1.0,1.0,0.77417994,0.22582005
110,95,0.0,0.0,1.0,9.0,0.0,4.0,1.0,1.0,4.0,2.0,88.0,0.78,0.0,90.0,3.0,0.0,27.0,1.0,3.22222222222222,0.0,1.0,0.0,0.690909090909091,1.0,1.0,0.796214,0.20378605
110,96,0.0,0.0,1.0,1.0,0.0,4.0,1.0,1.0,4.0,2.0,143.0,0.78,0.0,90.0,3.0,0.0,27.0,1.0,3.22222222222222,0.0,1.0,0.0,0.690909090909091,0.1,1.0,0.61028296,0.38971704
110,97,0.0,0.0,1.0,1.0,0.0,4.0,1.0,1.0,4.0,2.0,113.0,1.37,0.0,90.0,3.0,0.0,27.0,1.0,3.22222222222222,0.0,1.0,0.0,0.690909090909091,1.0,1.0,0.7002907,0.2997093
110,98,8.0,0.0,1.0,1.0,0.0,4.0,1.0,1.0,4.0,2.0,108.0,0.78,0.0,90.0,3.0,0.0,27.0,1.0,3.22222222222222,0.0,1.0,0.0,0.690909090909091,1.0,1.0,0.7383896,0.26161042
110,99,0.0,0.0,1.0,1.0,0.0,4.0,1.0,1.0,4.0,2.0,23.0,0.78,0.0,67.0,3.0,0.0,27.0,1.0,15.5,0.0,1.0,0.0,0.690909090909091,1.0,1.0,0.82390195,0.17609805
111,0,1.0,0.0,1.0,1.0,0.0,1.0,2.0,3.0,4.0,14.0,18.0,0.25,0.0,83.0,1.0,43.0,20.0,3.0,37.1,0.0,0.0,0.0,0.551369863013699,0.0,0.0,0.6484283,0.3515717
111,1,1.0,0.0,1.0,1.0,0.0,1.0,2.0,3.0,4.0,14.0,18.0,2.04,0.0,83.0,1.0,0.0,20.0,3.0,3.08695652173913,0.0,0.0,0.0,0.551369863013699,0.0,0.0,0.60446703,0.395533
111,2,1.0,0.0,1.0,1.0,0.0,1.0,2.0,3.0,12.0,14.0,18.0,0.25,0.0,83.0,1.0,0.0,20.0,3.0,13.7,0.0,0.0,0.0,0.551369863013699,0.0,0.0,0.6585253,0.3414747
111,3,1.0,0.0,1.0,14.0,0.0,1.0,2.0,3.0,4.0,14.0,18.0,0.25,0.0,83.0,1.0,0.0,20.0,3.0,37.0,0.0,0.0,0.0,0.551369863013699,0.0,0.0,0.65352196,0.34647804
111,4,0.0,0.0,1.0,1.0,0.0,1.0,2.0,3.0,10.0,14.0,18.0,0.25,0.0,83.0,1.0,0.0,20.0,3.0,3.08695652173913,0.0,0.0,0.0,0.551369863013699,0.0,0.0,0.5217427,0.4782573
111,5,1.0,0.0,1.0,12.0,0.0,1.0,2.0,3.0,4.0,14.0,18.0,5.26,0.0,83.0,1.0,0.0,20.0,3.0,3.08695652173913,0.0,0.0,0.0,0.551369863013699,0.0,0.0,0.59559846,0.40440154
111,6,1.0,0.0,1.0,1.0,0.0,1.0,2.0,3.0,4.0,14.0,18.0,6.12,0.0,83.0,1.0,44.0,20.0,3.0,3.08695652173913,0.0,0.0,0.0,0.551369863013699,0.0,0.0,0.5876934,0.4123066
111,7,1.0,0.0,1.0,1.0,0.0,1.0,2.0,3.0,4.0,14.0,18.0,0.25,0.0,83.0,1.0,0.0,20.0,3.0,44.4,16.0,0.0,0.0,0.551369863013699,0.0,0.0,0.53540885,0.46459112
111,8,1.0,10.0,1.0,1.0,0.0,1.0,2.0,3.0,4.0,14.0,18.0,0.25,0.0,83.0,1.0,0.0,20.0,3.0,46.8,0.0,0.0,0.0,0.551369863013699,0.0,0.0,0.50405824,0.49594176
111,9,1.0,0.0,1.0,1.0,0.0,1.0,2.0,3.0,4.0,14.0,18.0,0.25,0.0,83.0,1.0,0.0,20.0,3.0,3.08695652173913,0.0,12.0,0.0,0.9,0.0,0.0,0.739292,0.26070797
111,10,1.0,0.0,1.0,1.0,0.0,1.0,2.0,3.0,27.0,14.0,18.0,0.25,0.0,83.0,1.0,0.0,20.0,3.0,23.3,0.0,0.0,0.0,0.551369863013699,0.0,0.0,0.6585253,0.3414747
111,11,1.0,0.0,1.0,1.0,0.0,1.0,2.0,3.0,4.0,14.0,18.0,0.25,1.0,83.0,1.0,0.0,7.0,3.0,3.08695652173913,0.0,0.0,0.0,0.551369863013699,0.0,0.0,0.58155715,0.41844288
111,12,1.0,0.0,1.0,1.0,0.0,1.0,2.0,3.0,4.0,14.0,18.0,0.25,0.0,83.0,1.0,0.0,20.0,3.0,43.8,0.0,0.0,0.0,0.551369863013699,0.0,0.0,0.68004143,0.31995854
111,13,1.0,0.0,1.0,1.0,0.0,1.0,2.0,3.0,4.0,14.0,18.0,5.79,0.0,83.0,1.0,0.0,20.0,3.0,3.08695652173913,0.0,0.0,0.0,0.551369863013699,0.0,0.0,0.5826336,0.41736636
111,14,1.0,0.0,1.0,1.0,0.0,1.0,6.0,3.0,4.0,14.0,18.0,6.73,0.0,83.0,1.0,0.0,20.0,3.0,3.08695652173913,0.0,0.0,0.0,0.551369863013699,0.0,0.0,0.6000103,0.39998972
111,15,1.0,0.0,0.0,1.0,0.0,1.0,2.0,3.0,4.0,14.0,18.0,0.25,0.0,83.0,1.0,0.0,20.0,3.0,33.3,0.0,0.0,0.0,0.551369863013699,0.0,0.0,0.68004143,0.31995854
111,16,1.0,0.0,1.0,1.0,0.0,1.0,2.0,3.0,4.0,14.0,18.0,0.25,0.0,83.0,1.0,0.0,20.0,3.0,30.9,0.0,0.0,2.0,0.551369863013699,0.0,0.0,0.7218868,0.2781132
111,17,1.0,0.0,1.0,1.0,0.0,1.0,2.0,3.0,4.0,14.0,18.0,0.25,0.0,83.0,1.0,0.0,20.0,3.0,51.8,0.0,0.0,0.0,0.551369863013699,0.0,0.0,0.68004143,0.31995854
111,18,1.0,0.0,1.0,1.0,0.0,1.0,2.0,3.0,4.0,14.0,18.0,0.25,0.0,35.0,1.0,0.0,20.0,3.0,3.08695652173913,0.0,0.0,0.0,0.551369863013699,0.0,2.0,0.60596967,0.39403036
111,19,1.0,0.0,1.0,1.0,0.0,1.0,2.0,3.0,4.0,14.0,18.0,0.25,0.0,83.0,1.0,0.0,8.0,3.0,12.6,0.0,0.0,0.0,0.551369863013699,0.0,0.0,0.8687622,0.13123782
111,20,1.0,0.0,1.0,1.0,0.0,1.0,2.0,3.0,4.0,14.0,18.0,4.89,0.0,83.0,1.0,0.0,20.0,3.0,34.2,0.0,0.0,0.0,0.551369863013699,0.0,0.0,0.7104497,0.28955033
111,21,1.0,0.0,1.0,1.0,0.0,1.0,2.0,3.0,4.0,14.0,38.0,0.25,0.0,12.0,1.0,0.0,20.0,3.0,3.08695652173913,0.0,0.0,0.0,0.551369863013699,0.0,0.0,0.5820757,0.41792426
111,22,1.0,0.0,1.0,1.0,0.0,1.0,2.0,3.0,4.0,14.0,18.0,0.25,0.0,83.0,1.0,0.0,20.0,3.0,43.2,0.0,0.0,0.0,1.0,0.0,0.0,0.9457438,0.054256186
111,23,1.0,0.0,1.0,1.0,0.0,1.0,2.0,3.0,4.0,14.0,18.0,5.29,0.0,83.0,4.0,0.0,20.0,3.0,3.08695652173913,0.0,0.0,0.0,0.551369863013699,0.0,0.0,0.7651212,0.2348788
111,24,1.0,0.0,1.0,1.0,0.0,1.0,2.0,3.0,4.0,14.0,18.0,2.04,0.0,83.0,1.0,0.0,20.0,3.0,3.08695652173913,0.0,0.0,0.0,0.5,0.0,0.0,0.61341465,0.38658533
111,25,1.0,37.0,1.0,1.0,0.0,1.0,2.0,3.0,4.0,14.0,18.0,5.27,0.0,83.0,1.0,0.0,20.0,3.0,3.08695652173913,0.0,0.0,0.0,0.551369863013699,0.0,0.0,0.54145265,0.45854732
111,26,1.0,0.0,1.0,1.0,0.0,1.0,2.0,3.0,38.0,14.0,2.0,0.25,0.0,83.0,1.0,0.0,20.0,3.0,3.08695652173913,0.0,0.0,0.0,0.551369863013699,0.0,0.0,0.56323075,0.43676928
111,27,1.0,0.0,1.0,1.0,0.0,1.0,2.0,3.0,4.0,14.0,123.0,0.25,3.0,83.0,1.0,0.0,20.0,3.0,3.08695652173913,0.0,0.0,0.0,0.551369863013699,0.0,0.0,0.57760686,0.42239314
111,28,1.0,0.0,1.0,63.0,0.0,1.0,2.0,3.0,4.0,14.0,77.0,0.25,0.0,83.0,1.0,0.0,20.0,3.0,3.08695652173913,0.0,0.0,0.0,0.551369863013699,0.0,0.0,0.5395746,0.46042538
111,29,1.0,0.0,0.0,1.0,0.0,1.0,2.0,3.0,4.0,14.0,18.0,0.25,0.0,83.0,1.0,0.0,1.0,3.0,3.08695652173913,0.0,0.0,0.0,0.551369863013699,0.0,0.0,0.8562282,0.14377184
111,30,1.0,0.0,1.0,1.0,0.0,1.0,2.0,3.0,4.0,0.0,18.0,0.25,0.0,83.0,1.0,2.0,20.0,3.0,3.08695652173913,0.0,0.0,0.0,0.551369863013699,0.0,0.0,0.61978346,0.38021654
111,31,1.0,0.0,1.0,1.0,0.0,1.0,2.0,3.0,4.0,14.0,18.0,0.25,0.0,83.0,1.0,0.0,20.0,3.0,3.08695652173913,0.0,0.0,0.0,1.1,0.0,0.0,0.8559855,0.14401451
111,32,1.0,0.0,1.0,1.0,0.0,1.0,2.0,3.0,4.0,14.0,18.0,6.37,0.0,83.0,1.0,0.0,20.0,3.0,3.08695652173913,0.0,0.0,0.0,0.551369863013699,0.0,0.0,0.5826336,0.41736636
111,33,1.0,0.0,1.0,1.0,0.0,1.0,2.0,3.0,4.0,14.0,18.0,0.25,0.0,83.0,1.0,0.0,20.0,3.0,44.9,2.0,0.0,0.0,0.551369863013699,0.0,0.0,0.5905336,0.40946636
111,34,15.0,0.0,1.0,1.0,0.0,1.0,2.0,3.0,4.0,14.0,18.0,0.25,0.0,83.0,1.0,0.0,20.0,3.0,11.8,0.0,0.0,0.0,0.551369863013699,0.0,0.0,0.69855785,0.30144218
111,35,1.0,0.0,4.0,1.0,0.0,1.0,2.0,3.0,4.0,14.0,18.0,5.96,0.0,83.0,1.0,0.0,20.0,3.0,3.08695652173913,0.0,0.0,0.0,0.551369863013699,0.0,0.0,0.5334923,0.46650764
111,36,1.0,0.0,1.0,1.0,0.0,1.0,2.0,3.0,4.0,14.0,18.0,3.13,0.0,83.0,1.0,0.0,20.0,3.0,3.08695652173913,0.0,0.0,0.0,0.551369863013699,0.0,0.0,0.5826336,0.41736636
111,37,1.0,0.0,1.0,1.0,0.0,1.0,2.0,3.0,4.0,14.0,18.0,0.25,0.0,83.0,1.0,0.0,20.0,3.0,51.1,0.0,0.0,0.0,0.551369863013699,0.0,4.0,0.69273794,0.30726206
111,38,1.0,0.0,1.0,1.0,0.0,1.0,2.0,3.0,4.0,14.0,18.0,1.27,0.0,83.0,1.0,0.0,20.0,3.0,3.08695652173913,0.0,19.0,0.0,0.551369863013699,0.0,0.0,0.60904384,0.3909562
111,39,1.0,0.0,4.0,1.0,0.0,1.0,2.0,3.0,4.0,14.0,18.0,4.68,0.0,83.0,1.0,0.0,20.0,3.0,3.08695652173913,0.0,0.0,0.0,0.551369863013699,0.0,0.0,0.5334923,0.46650764
111,40,1.0,0.0,1.0,1.0,0.0,1.0,2.0,3.0,4.0,14.0,18.0,1.76,0.0,83.0,1.0,0.0,20.0,5.0,3.08695652173913,0.0,0.0,0.0,0.551369863013699,0.0,0.0,0.54258347,0.4574165
111,41,1.0,0.0,1.0,1.0,0.0,1.0,2.0,3.0,4.0,14.0,18.0,4.16,0.0,83.0,1.0,0.0,20.0,3.0,29.0,0.0,0.0,0.0,0.551369863013699,0.0,0.0,0.7104497,0.28955033
111,42,1.0,0.0,1.0,1.0,0.0,1.0,2.0,3.0,4.0,14.0,18.0,0.25,0.0,83.0,1.0,0.0,20.0,3.0,25.1,0.0,0.0,0.0,0.551369863013699,0.0,0.0,0.68004143,0.31995854
111,43,1.0,0.0,1.0,1.0,0.0,1.0,2.0,3.0,4.0,14.0,113.0,0.25,0.0,83.0,1.0,0.0,20.0,3.0,3.08695652173913,0.0,23.0,0.0,0.551369863013699,0.0,0.0,0.593987,0.40601298
111,44,1.0,43.0,1.0,1.0,0.0,1.0,2.0,3.0,4.0,14.0,18.0,0.25,0.0,83.0,1.0,0.0,20.0,3.0,26.5,0.0,0.0,0.0,0.551369863013699,0.0,0.0,0.50405824,0.49594176
111,45,1.0,34.0,1.0,1.0,0.0,1.0,2.0,3.0,4.0,14.0,3.0,0.25,0.0,83.0,1.0,0.0,20.0,3.0,3.08695652173913,0.0,0.0,0.0,0.551369863013699,0.0,0.0,0.5503439,0.4496561
111,46,1.0,0.0,1.0,1.0,0.0,1.0,2.0,3.0,4.0,14.0,116.0,0.25,0.0,83.0,1.0,0.0,20.0,3.0,3.08695652173913,0.0,30.0,0.0,0.551369863013699,0.0,0.0,0.593987,0.40601298
111,47,1.0,0.0,1.0,1.0,0.0,1.0,2.0,3.0,4.0,14.0,18.0,0.25,0.0,83.0,1.0,0.0,20.0,3.0,19.3,0.0,0.0,0.0,0.551369863013699,0.0,0.0,0.68004143,0.31995854
111,48,1.0,0.0,1.0,1.0,0.0,1.0,2.0,3.0,18.0,14.0,18.0,0.25,0.0,83.0,1.0,0.0,20.0,3.0,25.1,0.0,0.0,0.0,0.551369863013699,0.0,0.0,0.6585253,0.3414747
111,49,1.0,0.0,1.0,1.0,0.0,1.0,2.0,3.0,4.0,14.0,18.0,2.09,7.0,83.0,1.0,0.0,20.0,3.0,3.08695652173913,0.0,0.0,0.0,0.551369863013699,0.0,0.0,0.61852634,0.3814737
111,50,1.0,0.0,1.0,1.0,0.0,1.0,2.0,3.0,4.0,14.0,18.0,6.52,0.0,83.0,1.0,0.0,20.0,3.0,3.08695652173913,0.0,0.0,0.0,0.551369863013699,0.0,0.0,0.5826336,0.41736636
111,51,1.0,0.0,1.0,1.0,0.0,1.0,2.0,3.0,4.0,14.0,18.0,0.25,0.0,83.0,1.0,0.0,20.0,3.0,18.7,0.0,0.0,0.0,0.551369863013699,0.0,0.0,0.68004143,0.31995854
111,52,1.0,0.0,1.0,1.0,0.0,1.0,2.0,3.0,4.0,14.0,18.0,2.12,0.0,83.0,2.0,0.0,20.0,3.0,3.08695652173913,0.0,0.0,0.0,0.551369863013699,0.0,0.0,0.61863935,0.38136068
111,53,1.0,0.0,1.0,1.0,0.0,1.0,2.0,3.0,4.0,14.0,18.0,3.25,0.0,83.0,1.0,0.0,20.0,3.0,3.08695652173913,0.0,0.0,0.0,0.6,0.0,0.0,0.57441247,0.42558753
111,54,1.0,0.0,1.0,1.0,0.0,1.0,2.0,3.0,4.0,14.0,18.0,0.25,0.0,83.0,1.0,0.0,20.0,3.0,46.3,0.0,0.0,0.0,0.551369863013699,0.0,0.0,0.68004143,0.31995854
111,55,1.0,0.0,1.0,1.0,0.0,1.0,2.0,3.0,4.0,14.0,15.0,0.25,0.0,83.0,1.0,0.0,20.0,3.0,3.08695652173913,0.0,0.0,0.0,0.551369863013699,0.0,0.0,0.58700836,0.4129916
111,56,1.0,0.0,0.0,1.0,0.0,1.0,2.0,3.0,4.0,14.0,18.0,0.25,0.0,83.0,1.0,0.0,20.0,3.0,34.1,0.0,0.0,0.0,0.551369863013699,0.0,0.0,0.68004143,0.31995854
111,57,1.0,0.0,1.0,1.0,0.0,1.0,2.0,3.0,4.0,14.0,18.0,3.5,0.0,83.0,1.0,0.0,20.0,3.0,3.08695652173913,0.0,0.0,0.0,0.551369863013699,0.0,0.0,0.5826336,0.41736636
111,58,1.0,0.0,1.0,1.0,0.0,1.0,2.0,3.0,4.0,14.0,74.0,0.25,0.0,83.0,1.0,0.0,20.0,1.0,3.08695652173913,0.0,0.0,0.0,0.551369863013699,0.0,0.0,0.5944761,0.40552393
111,59,1.0,0.0,1.0,1.0,0.0,1.0,2.0,3.0,4.0,14.0,18.0,1.28,0.0,83.0,2.0,0.0,20.0,3.0,3.08695652173913,0.0,0.0,0.0,0.551369863013699,0.0,0.0,0.61863935,0.38136068
111,60,1.0,0.0,1.0,1.0,0.0,1.0,2.0,3.0,15.0,14.0,18.0,0.25,0.0,83.0,1.0,0.0,20.0,3.0,21.3,0.0,0.0,0.0,0.551369863013699,0.0,0.0,0.6585253,0.3414747
111,61,1.0,0.0,1.0,1.0,0.0,1.0,2.0,3.0,4.0,14.0,18.0,7.07,0.0,83.0,1.0,0.0,20.0,3.0,3.08695652173913,0.0,0.0,0.0,0.551369863013699,0.0,0.0,0.5826336,0.41736636
111,62,1.0,0.0,1.0,1.0,0.0,1.0,2.0,3.0,4.0,14.0,18.0,0.25,0.0,45.0,1.0,0.0,20.0,3.0,45.4,0.0,0.0,0.0,0.551369863013699,0.0,0.0,0.6469277,0.3530723
111,63,1.0,0.0,1.0,1.0,0.0,1.0,2.0,3.0,4.0,14.0,18.0,5.65,0.0,83.0,1.0,0.0,20.0,3.0,3.08695652173913,0.0,0.0,0.0,0.551369863013699,0.0,0.0,0.5826336,0.41736636
111,64,1.0,0.0,1.0,1.0,0.0,1.0,2.0,3.0,4.0,14.0,18.0,5.3,0.0,83.0,1.0,0.0,20.0,3.0,3.08695652173913,0.0,0.0,0.0,0.551369863013699,0.0,0.0,0.5826336,0.41736636
111,65,1.0,0.0,4.0,1.0,0.0,1.0,2.0,3.0,4.0,0.0,18.0,0.25,0.0,83.0,1.0,0.0,20.0,3.0,3.08695652173913,0.0,0.0,0.0,0.551369863013699,0.0,0.0,0.52780414,0.47219583
111,66,1.0,0.0,1.0,1.0,0.0,1.0,2.0,3.0,4.0,14.0,18.0,0.25,0.0,83.0,1.0,0.0,20.0,3.0,44.9,0.0,0.0,0.0,0.551369863013699,0.0,0.0,0.68004143,0.31995854
111,67,1.0,0.0,1.0,1.0,0.0,1.0,2.0,3.0,11.0,14.0,18.0,0.25,0.0,83.0,1.0,0.0,20.0,3.0,12.7,0.0,0.0,0.0,0.551369863013699,0.0,0.0,0.6585253,0.3414747
111,68,1.0,0.0,1.0,1.0,0.0,1.0,2.0,3.0,4.0,12.0,18.0,0.25,0.0,83.0,1.0,0.0,6.0,3.0,3.08695652173913,0.0,0.0,0.0,0.551369863013699,0.0,0.0,0.5473968,0.4526032
111,69,1.0,0.0,1.0,1.0,0.0,1.0,2.0,3.0,4.0,14.0,18.0,0.25,0.0,83.0,1.0,0.0,20.0,3.0,28.2,0.0,0.0,0.0,0.551369863013699,0.0,0.0,0.68004143,0.31995854
111,70,1.0,0.0,1.0,1.0,0.0,1.0,2.0,3.0,4.0,14.0,84.0,0.25,0.0,83.0,1.0,0.0,20.0,3.0,27.0,0.0,0.0,0.0,0.551369863013699,0.0,0.0,0.83817065,0.16182932
111,71,1.0,0.0,1.0,1.0,0.0,1.0,2.0,2.0,4.0,14.0,18.0,0.25,0.0,83.0,1.0,0.0,20.0,3.0,25.9,0.0,0.0,0.0,0.551369863013699,0.0,0.0,0.50757825,0.49242172
111,72,1.0,0.0,1.0,1.0,0.0,1.0,2.0,3.0,4.0,14.0,18.0,4.82,0.0,83.0,1.0,0.0,20.0,3.0,3.08695652173913,0.0,0.0,0.0,0.8,0.0,0.0,0.5892587,0.41074133
111,73,1.0,0.0,1.0,1.0,0.0,1.0,2.0,3.0,8.0,14.0,18.0,0.25,0.0,83.0,1.0,0.0,20.0,3.0,3.08695652173913,0.0,0.0,0.0,1.1,0.0,0.0,0.8396241,0.1603759
111,74,1.0,0.0,1.0,1.0,0.0,1.0,2.0,3.0,4.0,14.0,18.0,3.18,0.0,83.0,1.0,0.0,20.0,3.0,3.08695652173913,0.0,0.0,0.0,0.551369863013699,0.0,0.0,0.5826336,0.41736636
111,75,1.0,23.0,1.0,1.0,0.0,1.0,2.0,3.0,4.0,14.0,18.0,6.0,0.0,83.0,1.0,0.0,20.0,3.0,3.08695652173913,0.0,0.0,0.0,0.551369863013699,0.0,0.0,0.54145265,0.45854732
111,76,1.0,0.0,1.0,1.0,0.0,1.0,2.0,3.0,4.0,14.0,117.0,1.93,0.0,83.0,1.0,0.0,20.0,3.0,3.08695652173913,0.0,0.0,0.0,0.551369863013699,0.0,0.0,0.7202747,0.27972528
111,77,1.0,0.0,1.0,1.0,0.0,1.0,2.0,3.0,4.0,14.0,94.0,0.25,0.0,83.0,1.0,0.0,20.0,3.0,3.08695652173913,0.0,29.0,0.0,0.551369863013699,0.0,0.0,0.593987,0.40601298
111,78,1.0,7.0,1.0,1.0,0.0,1.0,2.0,3.0,4.0,14.0,18.0,6.68,0.0,83.0,1.0,0.0,20.0,3.0,3.08695652173913,0.0,0.0,0.0,0.551369863013699,0.0,0.0,0.54145265,0.45854732
111,79,1.0,0.0,1.0,1.0,21.0,1.0,2.0,3.0,4.0,14.0,18.0,0.25,0.0,83.0,1.0,0.0,20.0,3.0,25.1,0.0,0.0,0.0,0.551369863013699,0.0,0.0,0.60926616,0.39073384
111,80,1.0,0.0,1.0,1.0,0.0,1.0,2.0,3.0,4.0,14.0,18.0,0.25,0.0,83.0,1.0,0.0,5.0,3.0,41.9,0.0,0.0,0.0,0.551369863013699,0.0,0.0,0.9146252,0.08537477
111,81,1.0,0.0,1.0,1.0,0.0,1.0,2.0,3.0,4.0,14.0,18.0,3.95,0.0,83.0,1.0,0.0,20.0,3.0,3.08695652173913,0.0,0.0,0.0,0.551369863013699,0.0,0.0,0.5826336,0.41736636
111,82,15.0,0.0,1.0,1.0,0.0,1.0,2.0,3.0,4.0,14.0,135.0,0.25,0.0,83.0,1.0,0.0,20.0,3.0,3.08695652173913,0.0,0.0,0.0,0.551369863013699,0.0,0.0,0.52022344,0.47977656
111,83,1.0,0.0,1.0,1.0,0.0,1.0,2.0,3.0,4.0,14.0,18.0,0.25,0.0,83.0,1.0,0.0,20.0,3.0,42.5,0.0,0.0,0.0,0.551369863013699,0.0,0.0,0.68004143,0.31995854
111,84,1.0,0.0,1.0,1.0,0.0,1.0,2.0,3.0,4.0,14.0,18.0,4.23,0.0,83.0,1.0,0.0,20.0,3.0,3.08695652173913,0.0,0.0,0.0,0.551369863013699,0.0,0.0,0.5826336,0.41736636
111,85,1.0,0.0,1.0,1.0,0.0,1.0,2.0,3.0,4.0,14.0,87.0,0.25,0.0,83.0,1.0,0.0,20.0,3.0,46.5,0.0,0.0,0.0,0.551369863013699,0.0,0.0,0.83817065,0.16182932
111,86,1.0,0.0,1.0,1.0,15.0,1.0,2.0,3.0,4.0,14.0,18.0,0.25,0.0,83.0,1.0,0.0,0.0,3.0,3.08695652173913,0.0,0.0,0.0,0.551369863013699,0.0,0.0,0.773657,0.22634299
111,87,1.0,0.0,1.0,1.0,0.0,1.0,2.0,3.0,4.0,14.0,18.0,0.25,0.0,83.0,1.0,0.0,20.0,3.0,47.7,0.0,0.0,0.0,0.551369863013699,0.0,0.0,0.68004143,0.31995854
111,88,1.0,0.0,1.0,1.0,0.0,1.0,2.0,3.0,4.0,14.0,18.0,0.25,0.0,83.0,1.0,0.0,20.0,3.0,8.7,0.0,0.0,0.0,0.551369863013699,0.0,0.0,0.68004143,0.31995854
111,89,1.0,0.0,1.0,1.0,0.0,1.0,2.0,3.0,4.0,14.0,18.0,0.25,0.0,83.0,1.0,0.0,20.0,3.0,13.3,0.0,0.0,0.0,0.551369863013699,0.0,0.0,0.68004143,0.31995854
111,90,1.0,0.0,1.0,60.0,0.0,1.0,2.0,3.0,4.0,14.0,18.0,0.25,0.0,83.0,1.0,0.0,20.0,3.0,3.08695652173913,0.0,0.0,0.0,1.0,0.0,0.0,0.8645522,0.1354478
111,91,1.0,0.0,1.0,1.0,0.0,1.0,2.0,3.0,4.0,14.0,18.0,2.12,0.0,83.0,1.0,0.0,20.0,3.0,3.08695652173913,0.0,0.0,0.0,0.551369863013699,0.0,0.0,0.60446703,0.395533
111,92,1.0,0.0,1.0,1.0,0.0,1.0,2.0,3.0,4.0,14.0,100.0,0.25,0.0,83.0,1.0,0.0,8.0,3.0,3.08695652173913,0.0,0.0,0.0,0.551369863013699,0.0,0.0,0.53880477,0.46119523
111,93,1.0,0.0,1.0,1.0,0.0,1.0,2.0,3.0,4.0,14.0,18.0,0.25,0.0,83.0,1.0,0.0,0.0,3.0,3.08695652173913,0.0,0.0,0.0,0.551369863013699,0.0,0.0,0.8544679,0.14553206
111,94,1.0,0.0,1.0,1.0,0.0,1.0,2.0,3.0,4.0,14.0,18.0,0.25,0.0,83.0,6.0,0.0,20.0,2.0,3.08695652173913,0.0,0.0,0.0,0.551369863013699,0.0,0.0,0.5035,0.49650002
111,95,1.0,0.0,1.0,1.0,0.0,1.0,4.0,3.0,4.0,14.0,18.0,0.25,0.0,83.0,1.0,0.0,20.0,3.0,29.9,0.0,0.0,0.0,0.551369863013699,0.0,0.0,0.5001409,0.49985912
111,96,1.0,0.0,1.0,1.0,0.0,1.0,2.0,3.0,4.0,14.0,18.0,5.24,0.0,83.0,1.0,0.0,20.0,3.0,3.08695652173913,0.0,0.0,0.0,0.551369863013699,0.0,0.0,0.5826336,0.41736636
111,97,1.0,0.0,1.0,1.0,0.0,1.0,2.0,3.0,4.0,14.0,18.0,0.25,0.0,83.0,1.0,0.0,20.0,3.0,34.2,0.0,0.0,0.0,0.551369863013699,0.0,0.0,0.68004143,0.31995854
111,98,1.0,9.0,1.0,1.0,0.0,1.0,2.0,3.0,4.0,14.0,18.0,0.25,0.0,83.0,1.0,0.0,20.0,3.0,21.5,0.0,0.0,0.0,0.551369863013699,0.0,0.0,0.50405824,0.49594176
111,99,0.0,0.0,1.0,41.0,0.0,1.0,2.0,3.0,4.0,14.0,18.0,0.25,0.0,83.0,1.0,0.0,20.0,3.0,3.08695652173913,0.0,0.0,0.0,0.551369863013699,0.0,0.0,0.5411469,0.45885313
133,0,4.0,2.0,1.0,2.0,5.0,2.0,2.0,2.0,2.0,13.0,27.0,1.87,0.0,90.0,1.0,0.0,1.0,2.0,3.6969696969697,1.0,1.0,0.0,0.583529411764706,0.666666666666667,1.0,0.72685933,0.2731407
133,1,4.0,0.0,1.0,2.0,5.0,2.0,2.0,2.0,2.0,13.0,27.0,2.14,0.0,90.0,1.0,0.0,1.0,2.0,3.6969696969697,1.0,1.0,0.0,0.583529411764706,0.666666666666667,1.0,0.7185991,0.2814009
133,2,4.0,0.0,1.0,2.0,5.0,2.0,2.0,2.0,17.0,13.0,27.0,0.41,0.0,90.0,1.0,0.0,1.0,2.0,3.6969696969697,1.0,1.0,0.0,1.1,0.666666666666667,1.0,0.8085895,0.1914105
133,3,4.0,0.0,1.0,2.0,5.0,2.0,2.0,2.0,2.0,13.0,27.0,6.65,0.0,90.0,1.0,0.0,1.0,2.0,3.6969696969697,1.0,1.0,0.0,0.583529411764706,0.666666666666667,1.0,0.8184196,0.18158045
133,4,4.0,0.0,1.0,2.0,5.0,2.0,2.0,2.0,2.0,13.0,143.0,0.41,0.0,90.0,1.0,0.0,1.0,2.0,37.1,1.0,1.0,0.0,0.583529411764706,0.666666666666667,1.0,0.73515385,0.26484615
133,5,4.0,0.0,1.0,2.0,5.0,2.0,2.0,2.0,2.0,13.0,27.0,0.41,0.0,90.0,1.0,0.0,1.0,2.0,27.3,1.0,1.0,0.0,0.7,0.666666666666667,1.0,0.5398871,0.46011293
133,6,4.0,0.0,1.0,2.0,5.0,2.0,2.0,2.0,2.0,13.0,27.0,6.22,0.0,90.0,1.0,0.0,1.0,2.0,3.6969696969697,1.0,1.0,0.0,0.583529411764706,0.666666666666667,1.0,0.8184196,0.18158045
133,7,4.0,0.0,1.0,2.0,5.0,2.0,2.0,2.0,2.0,13.0,27.0,3.05,0.0,90.0,1.0,0.0,1.0,2.0,3.6969696969697,1.0,33.0,0.0,0.583529411764706,0.666666666666667,1.0,0.8321271,0.16787288
133,8,4.0,0.0,1.0,2.0,5.0,2.0,2.0,13.0,2.0,13.0,27.0,0.41,0.0,90.0,1.0,0.0,1.0,2.0,3.6969696969697,1.0,1.0,0.0,1.0,0.666666666666667,1.0,0.793423,0.206577
133,9,4.0,0.0,1.0,2.0,5.0,2.0,2.0,2.0,2.0,13.0,27.0,2.37,0.0,91.0,1.0,0.0,1.0,2.0,3.6969696969697,1.0,1.0,0.0,0.583529411764706,0.666666666666667,1.0,0.83464724,0.16535278
133,10,4.0,0.0,1.0,2.0,15.0,2.0,2.0,2.0,2.0,13.0,27.0,6.99,0.0,90.0,1.0,0.0,1.0,2.0,3.6969696969697,1.0,1.0,0.0,0.583529411764706,0.666666666666667,1.0,0.8184196,0.18158045
133,11,4.0,0.0,1.0,2.0,5.0,2.0,2.0,2.0,32.0,13.0,27.0,0.41,0.0,90.0,1.0,0.0,1.0,2.0,3.6969696969697,1.0,1.0,0.0,0.9,0.666666666666667,1.0,0.5416625,0.4583375
133,12,4.0,0.0,1.0,2.0,5.0,2.0,2.0,2.0,2.0,13.0,27.0,3.36,0.0,90.0,1.0,0.0,1.0,2.0,3.6969696969697,1.0,1.0,0.0,0.583529411764706,0.666666666666667,1.0,0.8184196,0.18158045
133,13,4.0,0.0,1.0,2.0,5.0,2.0,13.0,2.0,2.0,13.0,27.0,4.29,0.0,90.0,1.0,0.0,1.0,2.0,3.6969696969697,1.0,1.0,0.0,0.583529411764706,0.666666666666667,1.0,0.6976738,0.30232617
133,14,4.0,0.0,1.0,2.0,5.0,2.0,2.0,2.0,2.0,13.0,27.0,4.97,0.0,90.0,1.0,0.0,1.0,2.0,3.6969696969697,1.0,1.0,0.0,0.583529411764706,0.666666666666667,1.0,0.8184196,0.18158045
133,15,4.0,0.0,1.0,2.0,5.0,2.0,2.0,2.0,2.0,13.0,143.0,0.41,0.0,90.0,1.0,0.0,1.0,2.0,3.6969696969697,1.0,1.0,0.0,0.9,0.666666666666667,1.0,0.8805768,0.11942323
133,16,4.0,0.0,1.0,2.0,5.0,2.0,2.0,2.0,2.0,13.0,27.0,0.41,0.0,90.0,1.0,0.0,1.0,2.0,3.6969696969697,1.0,1.0,0.0,1.0,0.666666666666667,1.0,0.9047232,0.09527675
133,17,4.0,0.0,1.0,2.0,28.0,2.0,2.0,2.0,2.0,13.0,27.0,1.93,0.0,90.0,1.0,0.0,1.0,2.0,3.6969696969697,1.0,1.0,0.0,0.583529411764706,0.666666666666667,1.0,0.7185991,0.2814009
133,18,4.0,0.0,1.0,2.0,5.0,2.0,2.0,2.0,2.0,13.0,27.0,2.51,0.0,90.0,1.0,0.0,1.0,2.0,3.6969696969697,1.0,1.0,0.0,0.583529411764706,0.666666666666667,1.0,0.64293694,0.35706303
133,19,4.0,0.0,1.0,2.0,5.0,12.0,2.0,2.0,2.0,13.0,27.0,0.41,0.0,90.0,1.0,0.0,1.0,2.0,3.6969696969697,1.0,1.0,0.0,1.1,0.666666666666667,1.0,0.9089252,0.091074795
133,20,4.0,0.0,1.0,2.0,5.0,2.0,2.0,2.0,2.0,13.0,27.0,6.6,0.0,90.0,1.0,0.0,1.0,2.0,3.6969696969697,1.0,1.0,0.0,0.583529411764706,0.666666666666667,1.0,0.8184196,0.18158045
133,21,4.0,0.0,1.0,2.0,5.0,2.0,2.0,2.0,2.0,13.0,27.0,2.49,0.0,90.0,1.0,0.0,1.0,2.0,3.6969696969697,1.0,1.0,0.0,0.583529411764706,0.666666666666667,1.0,0.64293694,0.35706303
133,22,4.0,15.0,1.0,2.0,5.0,2.0,2.0,2.0,2.0,13.0,27.0,6.65,0.0,90.0,1.0,0.0,1.0,2.0,3.6969696969697,1.0,1.0,0.0,0.583529411764706,0.666666666666667,1.0,0.78496844,0.21503155
133,23,4.0,0.0,1.0,2.0,5.0,2.0,2.0,2.0,2.0,13.0,27.0,2.06,0.0,90.0,1.0,0.0,1.0,2.0,3.6969696969697,1.0,1.0,0.0,0.583529411764706,0.666666666666667,1.0,0.7185991,0.2814009
133,24,4.0,0.0,1.0,2.0,5.0,2.0,2.0,2.0,2.0,13.0,27.0,1.99,0.0,90.0,1.0,0.0,1.0,2.0,3.6969696969697,1.0,1.0,0.0,0.583529411764706,0.666666666666667,1.0,0.7185991,0.2814009
133,25,4.0,0.0,1.0,2.0,5.0,2.0,2.0,2.0,2.0,13.0,27.0,6.23,0.0,90.0,2.0,0.0,1.0,2.0,3.6969696969697,1.0,1.0,0.0,0.583529411764706,0.666666666666667,1.0,0.8747406,0.12525943
133,26,4.0,0.0,1.0,2.0,5.0,2.0,2.0,2.0,2.0,13.0,27.0,6.9,5.0,90.0,1.0,0.0,1.0,2.0,3.6969696969697,1.0,1.0,0.0,0.583529411764706,0.666666666666667,1.0,0.9241057,0.07589429
133,27,4.0,0.0,1.0,2.0,5.0,2.0,2.0,2.0,2.0,13.0,27.0,0.41,0.0,90.0,1.0,0.0,1.0,2.0,3.6969696969697,1.0,17.0,0.0,1.1,0.666666666666667,1.0,0.96602243,0.033977546
133,28,4.0,0.0,1.0,2.0,5.0,2.0,2.0,2.0,2.0,13.0,27.0,3.1,0.0,90.0,1.0,0.0,1.0,2.0,3.6969696969697,1.0,1.0,0.0,0.583529411764706,0.666666666666667,1.0,0.8184196,0.18158045
133,29,4.0,0.0,1.0,2.0,5.0,2.0,2.0,2.0,2.0,13.0,27.0,6.56,0.0,90.0,1.0,0.0,1.0,2.0,3.6969696969697,1.0,1.0,0.0,0.583529411764706,0.666666666666667,0.0,0.7979691,0.20203093
133,30,4.0,0.0,1.0,37.0,5.0,2.0,2.0,2.0,2.0,13.0,27.0,1.63,0.0,90.0,1.0,0.0,1.0,2.0,3.6969696969697,1.0,1.0,0.0,0.583529411764706,0.666666666666667,1.0,0.84783006,0.15216994
133,31,4.0,0.0,1.0,2.0,5.0,2.0,2.0,2.0,2.0,13.0,27.0,7.01,0.0,90.0,1.0,43.0,1.0,2.0,3.6969696969697,1.0,1.0,0.0,0.583529411764706,0.666666666666667,1.0,0.93604124,0.06395879
133,32,4.0,0.0,1.0,49.0,5.0,2.0,2.0,2.0,2.0,13.0,27.0,3.32,0.0,90.0,1.0,0.0,1.0,2.0,3.6969696969697,1.0,1.0,0.0,0.583529411764706,0.666666666666667,1.0,0.907697,0.09230299
133,33,4.0,0.0,1.0,2.0,5.0,2.0,2.0,2.0,2.0,13.0,27.0,4.32,0.0,90.0,1.0,0.0,1.0,2.0,3.6969696969697,1.0,1.0,0.0,0.583529411764706,0.666666666666667,1.0,0.8184196,0.18158045
133,34,4.0,0.0,3.0,2.0,5.0,2.0,2.0,2.0,2.0,13.0,27.0,5.71,0.0,90.0,1.0,0.0,1.0,2.0,3.6969696969697,1.0,1.0,0.0,0.583529411764706,0.666666666666667,1.0,0.8165797,0.1834203
133,35,4.0,0.0,1.0,2.0,5.0,2.0,2.0,2.0,2.0,13.0,27.0,0.41,0.0,90.0,0.0,0.0,1.0,2.0,3.6969696969697,1.0,1.0,0.0,1.1,0.666666666666667,1.0,0.9047232,0.09527675
133,36,4.0,0.0,1.0,2.0,5.0,2.0,2.0,2.0,2.0,13.0,27.0,3.51,0.0,90.0,1.0,0.0,1.0,2.0,3.6969696969697,1.0,1.0,0.0,0.583529411764706,0.666666666666667,1.0,0.8184196,0.18158045
133,37,4.0,0.0,1.0,2.0,5.0,2.0,2.0,2.0,2.0,13.0,27.0,5.26,0.0,90.0,1.0,0.0,1.0,2.0,3.6969696969697,1.0,1.0,0.0,0.583529411764706,0.666666666666667,1.0,0.8184196,0.18158045
133,38,4.0,0.0,1.0,2.0,5.0,1.0,2.0,2.0,2.0,13.0,27.0,1.91,0.0,90.0,1.0,0.0,1.0,2.0,3.6969696969697,1.0,1.0,0.0,0.583529411764706,0.666666666666667,1.0,0.77895284,0.22104713
133,39,4.0,0.0,1.0,2.0,5.0,2.0,0.0,2.0,2.0,13.0,27.0,2.85,0.0,90.0,1.0,0.0,1.0,2.0,3.6969696969697,1.0,1.0,0.0,0.583529411764706,0.666666666666667,1.0,0.68966293,0.3103371
133,40,4.0,0.0,1.0,2.0,5.0,2.0,2.0,2.0,2.0,13.0,27.0,2.54,0.0,90.0,1.0,0.0,1.0,2.0,3.6969696969697,1.0,1.0,2.0,0.583529411764706,0.666666666666667,1.0,0.64293694,0.35706303
133,41,4.0,0.0,1.0,2.0,5.0,2.0,2.0,2.0,2.0,13.0,27.0,0.41,0.0,90.0,1.0,0.0,1.0,7.0,3.6969696969697,1.0,1.0,0.0,1.0,0.666666666666667,1.0,0.81755495,0.18244503
133,42,4.0,0.0,1.0,2.0,5.0,2.0,2.0,2.0,2.0,13.0,27.0,6.98,0.0,90.0,1.0,0.0,1.0,2.0,3.6969696969697,1.0,1.0,0.0,0.583529411764706,0.666666666666667,1.0,0.8184196,0.18158045
133,43,4.0,0.0,1.0,2.0,5.0,2.0,2.0,6.0,2.0,13.0,27.0,0.41,0.0,90.0,1.0,0.0,1.0,2.0,3.6969696969697,1.0,1.0,0.0,1.0,0.666666666666667,1.0,0.89751124,0.102488734
133,44,4.0,0.0,1.0,2.0,5.0,2.0,2.0,2.0,2.0,13.0,27.0,6.47,0.0,90.0,1.0,0.0,1.0,2.0,3.6969696969697,1.0,1.0,0.0,0.583529411764706,0.666666666666667,1.0,0.8184196,0.18158045
133,45,4.0,0.0,1.0,2.0,5.0,8.0,2.0,2.0,2.0,13.0,27.0,7.24,0.0,90.0,1.0,0.0,1.0,2.0,3.6969696969697,1.0,1.0,0.0,0.583529411764706,0.666666666666667,1.0,0.79004395,0.20995606
133,46,4.0,0.0,1.0,2.0,5.0,2.0,2.0,2.0,2.0,13.0,27.0,6.52,0.0,90.0,1.0,0.0,1.0,2.0,3.6969696969697,1.0,1.0,0.0,0.583529411764706,0.666666666666667,1.0,0.8184196,0.18158045
133,47,4.0,0.0,1.0,2.0,5.0,2.0,2.0,2.0,2.0,13.0,27.0,5.87,0.0,90.0,1.0,0.0,1.0,2.0,3.6969696969697,1.0,1.0,0.0,0.583529411764706,0.666666666666667,0.0,0.7979691,0.20203093
133,48,4.0,0.0,1.0,2.0,5.0,2.0,2.0,2.0,2.0,2.0,63.0,0.41,0.0,90.0,1.0,0.0,1.0,2.0,3.6969696969697,1.0,1.0,0.0,0.583529411764706,0.666666666666667,1.0,0.50585,0.49414998
133,49,4.0,41.0,1.0,2.0,5.0,2.0,2.0,2.0,2.0,13.0,27.0,5.76,0.0,90.0,1.0,0.0,1.0,2.0,3.6969696969697,1.0,1.0,0.0,0.583529411764706,0.666666666666667,1.0,0.78496844,0.21503155
133,50,20.0,0.0,1.0,2.0,5.0,2.0,2.0,2.0,2.0,13.0,27.0,2.1,0.0,90.0,1.0,0.0,1.0,2.0,3.6969696969697,1.0,1.0,0.0,0.583529411764706,0.666666666666667,1.0,0.7185991,0.2814009
133,51,4.0,0.0,1.0,2.0,5.0,2.0,2.0,2.0,2.0,13.0,27.0,1.6,0.0,90.0,1.0,0.0,1.0,2.0,3.6969696969697,1.0,1.0,0.0,0.583529411764706,0.666666666666667,1.0,0.7185991,0.2814009
133,52,4.0,0.0,1.0,2.0,5.0,2.0,2.0,2.0,2.0,13.0,27.0,0.41,0.0,90.0,1.0,0.0,1.0,2.0,46.0,1.0,1.0,0.0,1.0,0.666666666666667,1.0,0.9861586,0.013841364
133,53,4.0,0.0,1.0,2.0,5.0,2.0,2.0,2.0,2.0,13.0,27.0,0.41,0.0,90.0,4.0,0.0,1.0,2.0,3.6969696969697,1.0,1.0,0.0,0.9,0.666666666666667,1.0,0.6425153,0.3574847
133,54,4.0,0.0,1.0,2.0,5.0,2.0,2.0,2.0,2.0,13.0,27.0,0.41,0.0,90.0,1.0,0.0,1.0,2.0,28.1,1.0,1.0,0.0,0.7,0.666666666666667,1.0,0.5398871,0.46011293
133,55,4.0,0.0,1.0,2.0,5.0,2.0,2.0,2.0,2.0,13.0,27.0,3.32,0.0,96.0,1.0,0.0,1.0,2.0,3.6969696969697,1.0,1.0,0.0,0.583529411764706,0.666666666666667,1.0,0.9266592,0.0733408
133,56,4.0,0.0,1.0,2.0,5.0,2.0,2.0,2.0,2.0,13.0,27.0,3.65,0.0,90.0,1.0,0.0,1.0,2.0,3.6969696969697,1.0,1.0,0.0,0.583529411764706,0.666666666666667,1.0,0.8184196,0.18158045
133,57,4.0,0.0,1.0,2.0,5.0,2.0,2.0,2.0,2.0,13.0,27.0,2.09,0.0,90.0,1.0,0.0,1.0,2.0,3.6969696969697,1.0,1.0,0.0,0.583529411764706,0.666666666666667,1.0,0.7185991,0.2814009
133,58,4.0,0.0,1.0,2.0,5.0,2.0,2.0,2.0,2.0,13.0,27.0,4.61,0.0,74.0,1.0,0.0,1.0,2.0,3.6969696969697,1.0,1.0,0.0,0.583529411764706,0.666666666666667,1.0,0.79026246,0.20973755
133,59,4.0,0.0,1.0,2.0,5.0,2.0,2.0,16.0,2.0,13.0,27.0,5.2,0.0,90.0,1.0,0.0,1.0,2.0,3.6969696969697,1.0,1.0,0.0,0.583529411764706,0.666666666666667,1.0,0.75592196,0.24407801
133,60,4.0,0.0,1.0,2.0,5.0,2.0,2.0,2.0,2.0,13.0,27.0,0.41,0.0,94.0,1.0,0.0,1.0,2.0,14.9,1.0,1.0,0.0,0.583529411764706,0.666666666666667,1.0,0.50425076,0.4957492
133,61,4.0,0.0,1.0,2.0,5.0,2.0,2.0,2.0,2.0,13.0,27.0,6.5,0.0,90.0,1.0,0.0,1.0,2.0,3.6969696969697,1.0,1.0,0.0,0.583529411764706,0.666666666666667,1.0,0.8184196,0.18158045
133,62,4.0,0.0,1.0,2.0,5.0,2.0,2.0,2.0,2.0,13.0,27.0,0.41,10.0,90.0,1.0,0.0,1.0,2.0,3.6969696969697,1.0,1.0,0.0,0.9,0.666666666666667,1.0,0.69548357,0.30451643
133,63,4.0,0.0,1.0,2.0,5.0,4.0,2.0,2.0,2.0,13.0,27.0,3.5,0.0,90.0,1.0,0.0,1.0,2.0,3.6969696969697,1.0,1.0,0.0,0.583529411764706,0.666666666666667,1.0,0.79004395,0.20995606
133,64,4.0,0.0,1.0,2.0,5.0,2.0,2.0,2.0,2.0,13.0,27.0,2.84,0.0,90.0,1.0,0.0,1.0,2.0,3.6969696969697,1.0,1.0,0.0,0.583529411764706,0.666666666666667,1.0,0.64293694,0.35706303
133,65,4.0,0.0,1.0,2.0,5.0,2.0,2.0,2.0,2.0,13.0,27.0,6.7,15.0,90.0,1.0,0.0,1.0,2.0,3.6969696969697,1.0,1.0,0.0,0.583529411764706,0.666666666666667,1.0,0.88941705,0.110582955
133,66,4.0,0.0,1.0,2.0,5.0,2.0,2.0,2.0,2.0,10.0,27.0,3.61,0.0,90.0,1.0,0.0,1.0,2.0,3.6969696969697,1.0,1.0,0.0,0.583529411764706,0.666666666666667,1.0,0.89606637,0.10393364
133,67,4.0,0.0,1.0,2.0,5.0,2.0,2.0,5.0,2.0,13.0,27.0,4.56,0.0,90.0,1.0,0.0,1.0,2.0,3.6969696969697,1.0,1.0,0.0,0.583529411764706,0.666666666666667,1.0,0.8759516,0.12404841
133,68,4.0,0.0,1.0,2.0,5.0,2.0,2.0,2.0,2.0,13.0,27.0,4.4,0.0,90.0,1.0,0.0,1.0,2.0,3.6969696969697,1.0,38.0,0.0,0.583529411764706,0.666666666666667,1.0,0.9254161,0.07458386
133,69,4.0,0.0,1.0,2.0,5.0,2.0,2.0,2.0,2.0,13.0,27.0,0.41,0.0,90.0,1.0,0.0,1.0,2.0,3.6969696969697,1.0,1.0,2.0,1.0,0.666666666666667,1.0,0.9206142,0.0793858
133,70,4.0,13.0,1.0,2.0,5.0,2.0,2.0,2.0,2.0,13.0,27.0,2.79,0.0,90.0,1.0,0.0,1.0,2.0,3.6969696969697,1.0,1.0,0.0,0.583529411764706,0.666666666666667,1.0,0.59322584,0.4067742
133,71,4.0,0.0,1.0,2.0,5.0,2.0,2.0,2.0,2.0,13.0,27.0,6.47,0.0,90.0,1.0,0.0,1.0,6.0,3.6969696969697,1.0,1.0,0.0,0.583529411764706,0.666666666666667,1.0,0.5482464,0.4517536
133,72,4.0,0.0,1.0,2.0,5.0,2.0,2.0,2.0,2.0,13.0,27.0,6.56,0.0,90.0,1.0,0.0,1.0,2.0,3.6969696969697,1.0,1.0,0.0,0.583529411764706,0.666666666666667,1.0,0.8184196,0.18158045
133,73,4.0,0.0,1.0,2.0,5.0,2.0,2.0,2.0,2.0,13.0,27.0,3.67,0.0,90.0,1.0,0.0,1.0,2.0,3.6969696969697,1.0,1.0,0.0,0.583529411764706,0.666666666666667,1.0,0.8184196,0.18158045
133,74,4.0,0.0,1.0,2.0,5.0,2.0,2.0,2.0,2.0,13.0,27.0,1.53,0.0,90.0,1.0,0.0,1.0,2.0,3.6969696969697,1.0,1.0,0.0,0.583529411764706,0.666666666666667,1.0,0.7185991,0.2814009
133,75,4.0,0.0,1.0,2.0,5.0,2.0,2.0,2.0,2.0,13.0,27.0,0.41,0.0,9.0,1.0,0.0,1.0,2.0,3.6969696969697,1.0,1.0,0.0,0.9,0.666666666666667,1.0,0.832286,0.16771397
133,76,4.0,0.0,1.0,2.0,0.0,2.0,2.0,2.0,2.0,13.0,27.0,0.41,0.0,90.0,1.0,0.0,1.0,2.0,3.6969696969697,1.0,1.0,0.0,1.1,0.666666666666667,1.0,0.9262095,0.07379048
133,77,4.0,0.0,1.0,2.0,5.0,2.0,2.0,2.0,2.0,13.0,27.0,5.04,0.0,90.0,1.0,0.0,1.0,2.0,3.6969696969697,1.0,1.0,0.0,0.583529411764706,0.666666666666667,1.0,0.8184196,0.18158045
133,78,4.0,0.0,1.0,2.0,5.0,2.0,2.0,2.0,2.0,21.0,27.0,7.36,0.0,90.0,1.0,0.0,1.0,2.0,3.6969696969697,1.0,1.0,0.0,0.583529411764706,0.666666666666667,1.0,0.85563177,0.14436825
133,79,4.0,0.0,1.0,2.0,5.0,2.0,2.0,2.0,2.0,13.0,27.0,6.99,0.0,21.0,1.0,0.0,1.0,2.0,3.6969696969697,1.0,1.0,0.0,0.583529411764706,0.666666666666667,1.0,0.85684437,0.14315563
133,80,4.0,0.0,1.0,2.0,5.0,2.0,2.0,2.0,2.0,13.0,27.0,0.41,0.0,90.0,1.0,0.0,1.0,2.0,3.6969696969697,40.0,1.0,0.0,0.9,0.666666666666667,1.0,0.5795861,0.4204139
133,81,4.0,0.0,1.0,2.0,5.0,2.0,2.0,2.0,2.0,13.0,27.0,3.97,0.0,90.0,1.0,0.0,1.0,7.0,3.6969696969697,1.0,1.0,0.0,0.583529411764706,0.666666666666667,1.0,0.5482464,0.4517536
133,82,4.0,0.0,1.0,2.0,5.0,2.0,2.0,2.0,2.0,13.0,27.0,5.0,0.0,90.0,1.0,0.0,1.0,2.0,3.6969696969697,1.0,1.0,0.0,0.8,0.666666666666667,1.0,0.92569625,0.07430375
133,83,4.0,0.0,1.0,2.0,5.0,2.0,2.0,2.0,2.0,13.0,27.0,1.53,0.0,90.0,1.0,0.0,1.0,2.0,3.6969696969697,1.0,23.0,0.0,0.583529411764706,0.666666666666667,1.0,0.8754648,0.12453521
133,84,4.0,0.0,1.0,2.0,5.0,2.0,2.0,2.0,2.0,13.0,27.0,0.41,2.0,90.0,1.0,0.0,1.0,2.0,3.6969696969697,1.0,1.0,0.0,0.9,0.666666666666667,1.0,0.7016904,0.29830962
133,85,4.0,0.0,1.0,2.0,5.0,2.0,2.0,2.0,2.0,13.0,27.0,3.95,0.0,90.0,1.0,0.0,1.0,2.0,3.6969696969697,1.0,1.0,2.0,0.583529411764706,0.666666666666667,1.0,0.8184196,0.18158045
133,86,4.0,0.0,1.0,2.0,5.0,2.0,2.0,2.0,2.0,13.0,27.0,4.89,0.0,90.0,1.0,0.0,1.0,2.0,34.2,1.0,1.0,0.0,0.583529411764706,0.666666666666667,1.0,0.9179806,0.082019396
133,87,4.0,0.0,1.0,2.0,5.0,2.0,2.0,2.0,2.0,13.0,27.0,2.7,0.0,90.0,1.0,0.0,1.0,2.0,3.6969696969697,1.0,1.0,0.0,0.583529411764706,0.666666666666667,1.0,0.64293694,0.35706303
133,88,4.0,0.0,1.0,2.0,5.0,2.0,2.0,2.0,2.0,13.0,48.0,0.41,0.0,90.0,1.0,0.0,1.0,2.0,3.6969696969697,1.0,1.0,0.0,0.9,0.666666666666667,1.0,0.8805768,0.11942323
133,89,4.0,0.0,1.0,2.0,5.0,2.0,2.0,8.0,2.0,13.0,27.0,6.35,0.0,90.0,1.0,0.0,1.0,2.0,3.6969696969697,1.0,1.0,0.0,0.583529411764706,0.666666666666667,1.0,0.75592196,0.24407801
133,90,4.0,0.0,1.0,2.0,5.0,2.0,2.0,2.0,2.0,13.0,27.0,5.49,0.0,90.0,1.0,0.0,1.0,2.0,3.6969696969697,1.0,1.0,0.0,0.583529411764706,0.666666666666667,1.0,0.8184196,0.18158045
133,91,4.0,0.0,1.0,2.0,5.0,2.0,2.0,2.0,2.0,13.0,27.0,2.48,0.0,90.0,1.0,0.0,1.0,2.0,3.6969696969697,1.0,1.0,0.0,0.6,0.666666666666667,1.0,0.64293694,0.35706303
133,92,4.0,0.0,1.0,2.0,5.0,2.0,2.0,2.0,2.0,13.0,27.0,0.41,0.0,90.0,1.0,0.0,1.0,2.0,35.9,1.0,1.0,0.0,0.8,0.666666666666667,1.0,0.6895023,0.3104977
133,93,4.0,0.0,1.0,2.0,5.0,2.0,2.0,2.0,2.0,13.0,27.0,4.23,0.0,90.0,1.0,0.0,1.0,2.0,3.6969696969697,1.0,1.0,0.0,0.583529411764706,0.666666666666667,1.0,0.8184196,0.18158045
133,94,4.0,0.0,4.0,2.0,5.0,2.0,2.0,2.0,2.0,13.0,27.0,4.68,0.0,90.0,1.0,0.0,1.0,2.0,3.6969696969697,1.0,1.0,0.0,0.583529411764706,0.666666666666667,1.0,0.8165797,0.1834203
133,95,4.0,0.0,1.0,2.0,5.0,2.0,2.0,2.0,2.0,13.0,27.0,3.25,0.0,90.0,1.0,0.0,1.0,2.0,3.6969696969697,1.0,1.0,0.0,0.583529411764706,0.666666666666667,1.0,0.8184196,0.18158045
133,96,4.0,0.0,1.0,2.0,5.0,2.0,2.0,2.0,2.0,13.0,27.0,6.3,0.0,90.0,1.0,0.0,1.0,2.0,3.6969696969697,1.0,36.0,0.0,0.583529411764706,0.666666666666667,1.0,0.9254161,0.07458386
133,97,4.0,0.0,1.0,2.0,5.0,2.0,2.0,2.0,2.0,13.0,27.0,3.95,15.0,90.0,1.0,0.0,1.0,2.0,3.6969696969697,1.0,1.0,0.0,0.583529411764706,0.666666666666667,1.0,0.88941705,0.110582955
133,98,4.0,43.0,1.0,2.0,5.0,2.0,2.0,2.0,2.0,13.0,27.0,6.88,0.0,90.0,1.0,0.0,1.0,2.0,3.6969696969697,1.0,1.0,0.0,0.583529411764706,0.666666666666667,1.0,0.78496844,0.21503155
133,99,4.0,0.0,1.0,2.0,5.0,13.0,2.0,2.0,2.0,13.0,27.0,3.98,0.0,90.0,1.0,0.0,1.0,2.0,3.6969696969697,1.0,1.0,0.0,0.583529411764706,0.666666666666667,1.0,0.79004395,0.20995606
153,0,0.0,0.0,1.0,48.0,0.0,2.0,2.0,1.0,7.0,12.0,20.0,0.24,0.0,83.0,1.0,3.0,27.0,2.0,4.40740740740741,0.0,17.0,0.0,1.1,1.1,1.0,0.7300881,0.26991192
153,1,0.0,0.0,1.0,1.0,0.0,2.0,2.0,1.0,7.0,12.0,97.0,0.24,0.0,83.0,1.0,3.0,64.0,2.0,4.40740740740741,0.0,16.0,0.0,1.0,0.75,1.0,0.84191465,0.15808538
153,2,0.0,0.0,1.0,1.0,0.0,2.0,2.0,1.0,7.0,12.0,20.0,0.24,0.0,83.0,1.0,3.0,0.0,2.0,4.40740740740741,0.0,0.0,0.0,0.383474576271186,0.1,1.0,0.70169204,0.29830796
153,3,0.0,0.0,1.0,1.0,0.0,2.0,2.0,12.0,7.0,12.0,20.0,4.66,0.0,83.0,1.0,3.0,2.0,2.0,4.40740740740741,0.0,0.0,0.0,0.383474576271186,0.75,1.0,0.69739187,0.30260816
153,4,0.0,0.0,1.0,1.0,0.0,2.0,2.0,1.0,7.0,12.0,20.0,0.24,0.0,83.0,1.0,50.0,27.0,2.0,4.40740740740741,0.0,28.0,0.0,1.0,0.75,1.0,0.72268003,0.27731997
153,5,0.0,0.0,1.0,1.0,0.0,2.0,2.0,1.0,7.0,12.0,41.0,0.24,0.0,83.0,1.0,3.0,27.0,2.0,23.4,0.0,0.0,0.0,0.383474576271186,0.5,1.0,0.6989533,0.30104676
153,6,0.0,0.0,1.0,1.0,0.0,2.0,2.0,1.0,7.0,12.0,20.0,0.24,0.0,83.0,6.0,3.0,27.0,2.0,44.2,23.0,0.0,0.0,1.0,0.75,1.0,0.6078215,0.39217848
153,7,0.0,0.0,1.0,1.0,0.0,2.0,2.0,1.0,0.0,12.0,20.0,0.24,0.0,83.0,1.0,3.0,23.0,2.0,4.40740740740741,0.0,0.0,0.0,1.1,0.75,1.0,0.96537083,0.03462915
153,8,0.0,0.0,1.0,1.0,0.0,2.0,2.0,1.0,7.0,12.0,20.0,0.24,0.0,83.0,1.0,3.0,27.0,2.0,12.5,0.0,17.0,2.0,0.383474576271186,0.3,1.0,0.7074939,0.29250613
153,9,19.0,0.0,1.0,1.0,0.0,2.0,2.0,1.0,0.0,12.0,118.0,0.24,0.0,83.0,1.0,3.0,27.0,2.0,4.40740740740741,0.0,28.0,0.0,0.383474576271186,0.75,1.0,0.7340952,0.26590475
153,10,0.0,0.0,1.0,1.0,0.0,2.0,2.0,1.0,30.0,8.0,20.0,0.24,0.0,83.0,0.0,3.0,27.0,2.0,4.40740740740741,0.0,0.0,0.0,0.383474576271186,0.4,1.0,0.54431796,0.455682
153,11,0.0,0.0,1.0,1.0,0.0,2.0,2.0,1.0,7.0,1.0,20.0,0.24,0.0,83.0,1.0,3.0,27.0,2.0,4.40740740740741,0.0,13.0,0.0,0.383474576271186,0.4,1.0,0.50813353,0.4918665
153,12,17.0,0.0,1.0,1.0,0.0,2.0,2.0,1.0,7.0,8.0,47.0,0.24,0.0,83.0,1.0,3.0,27.0,2.0,21.3,0.0,0.0,0.0,0.383474576271186,0.75,1.0,0.6961938,0.3038062
153,13,0.0,0.0,3.0,1.0,0.0,2.0,2.0,1.0,7.0,12.0,143.0,0.24,0.0,83.0,1.0,3.0,0.0,2.0,4.40740740740741,0.0,0.0,0.0,0.383474576271186,0.1,1.0,0.6613748,0.33862516
153,14,0.0,0.0,1.0,1.0,0.0,2.0,2.0,1.0,38.0,12.0,78.0,0.24,0.0,83.0,1.0,3.0,27.0,2.0,4.40740740740741,0.0,0.0,0.0,0.383474576271186,0.1,0.0,0.62100697,0.37899306
153,15,0.0,0.0,1.0,90.0,0.0,2.0,2.0,1.0,35.0,12.0,20.0,0.24,0.0,35.0,1.0,3.0,27.0,2.0,4.40740740740741,0.0,0.0,0.0,1.0,0.75,1.0,0.6223653,0.3776347
153,16,0.0,0.0,2.0,1.0,0.0,2.0,2.0,1.0,7.0,12.0,20.0,0.24,0.0,83.0,1.0,3.0,27.0,2.0,13.8,0.0,0.0,0.0,0.383474576271186,0.3,1.0,0.5735981,0.4264019
153,17,0.0,0.0,1.0,1.0,0.0,2.0,2.0,1.0,7.0,12.0,65.0,0.24,0.0,83.0,1.0,3.0,27.0,2.0,4.40740740740741,22.0,0.0,0.0,0.5,0.3,1.0,0.6196237,0.38037628
153,18,0.0,0.0,1.0,1.0,0.0,2.0,2.0,1.0,7.0,12.0,45.0,0.24,0.0,83.0,1.0,3.0,27.0,9.0,4.40740740740741,0.0,0.0,0.0,1.1,1.1,1.0,0.59434474,0.40565524
153,19,0.0,0.0,1.0,1.0,0.0,2.0,2.0,1.0,0.0,12.0,68.0,0.24,0.0,83.0,1.0,3.0,27.0,2.0,4.40740740740741,0.0,0.0,0.0,0.383474576271186,0.75,1.0,0.64758337,0.3524166
153,20,0.0,0.0,1.0,1.0,0.0,2.0,2.0,1.0,7.0,8.0,47.0,0.24,0.0,83.0,1.0,3.0,27.0,2.0,21.3,0.0,0.0,0.0,0.383474576271186,0.75,1.0,0.8124004,0.18759958
153,21,0.0,0.0,1.0,1.0,0.0,2.0,2.0,1.0,7.0,12.0,53.0,0.24,0.0,83.0,0.0,3.0,27.0,2.0,4.40740740740741,0.0,0.0,0.0,0.383474576271186,0.3,1.0,0.6091491,0.39085087
153,22,0.0,0.0,1.0,1.0,0.0,2.0,2.0,1.0,7.0,12.0,100.0,0.24,0.0,13.0,1.0,3.0,27.0,2.0,4.40740740740741,0.0,0.0,0.0,0.383474576271186,0.3,1.0,0.6570178,0.3429822
153,23,0.0,0.0,1.0,87.0,0.0,2.0,2.0,1.0,27.0,10.0,20.0,0.24,0.0,83.0,1.0,3.0,27.0,2.0,4.40740740740741,0.0,0.0,0.0,1.1,0.75,1.0,0.67467284,0.32532716
153,24,0.0,0.0,1.0,1.0,0.0,2.0,2.0,7.0,7.0,12.0,20.0,0.24,2.0,83.0,1.0,3.0,27.0,2.0,17.4,0.0,0.0,0.0,0.383474576271186,0.4,1.0,0.56624615,0.43375382
153,25,0.0,0.0,1.0,1.0,0.0,2.0,2.0,1.0,7.0,12.0,20.0,0.24,0.0,83.0,1.0,3.0,0.0,8.0,4.40740740740741,0.0,0.0,0.0,0.8,0.75,1.0,0.50298035,0.49701965
153,26,0.0,0.0,1.0,1.0,0.0,2.0,2.0,1.0,7.0,12.0,20.0,4.09,0.0,83.0,1.0,3.0,4.0,2.0,28.5,0.0,0.0,0.0,0.383474576271186,0.75,1.0,0.6217962,0.3782038
153,27,0.0,0.0,1.0,1.0,0.0,2.0,2.0,1.0,7.0,12.0,20.0,0.24,0.0,83.0,1.0,3.0,2.0,2.0,4.40740740740741,0.0,0.0,1.0,0.383474576271186,0.3,3.0,0.5021379,0.4978621
153,28,0.0,0.0,1.0,1.0,0.0,2.0,2.0,3.0,7.0,12.0,20.0,0.24,0.0,83.0,1.0,3.0,27.0,2.0,4.40740740740741,0.0,0.0,0.0,1.0,1.0,1.0,0.51694554,0.48305446
153,29,0.0,0.0,1.0,1.0,0.0,2.0,1.0,1.0,19.0,12.0,20.0,0.24,0.0,83.0,1.0,3.0,1.0,2.0,4.40740740740741,0.0,0.0,0.0,1.1,0.75,1.0,0.99153197,0.008468042
153,30,0.0,0.0,1.0,1.0,36.0,2.0,2.0,1.0,7.0,12.0,82.0,0.24,0.0,83.0,1.0,3.0,27.0,2.0,4.40740740740741,0.0,0.0,0.0,1.0,0.75,1.0,0.53673315,0.46326685
153,31,0.0,0.0,1.0,1.0,0.0,2.0,2.0,1.0,0.0,12.0,140.0,0.24,0.0,83.0,1.0,3.0,27.0,2.0,15.0,0.0,0.0,0.0,0.383474576271186,0.75,1.0,0.9057464,0.094253615
153,32,0.0,0.0,1.0,1.0,0.0,2.0,2.0,1.0,2.0,12.0,20.0,0.24,0.0,83.0,1.0,3.0,3.0,2.0,4.40740740740741,0.0,0.0,0.0,0.383474576271186,0.75,1.0,0.65149695,0.34850305
153,33,0.0,0.0,1.0,1.0,0.0,2.0,2.0,1.0,7.0,12.0,20.0,0.24,0.0,83.0,1.0,3.0,27.0,2.0,8.0,0.0,0.0,0.0,0.383474576271186,0.2,1.0,0.5735981,0.4264019
153,34,0.0,0.0,1.0,87.0,0.0,10.0,2.0,1.0,20.0,12.0,20.0,0.24,0.0,83.0,1.0,3.0,27.0,2.0,4.40740740740741,0.0,0.0,0.0,1.0,0.75,1.0,0.515012,0.48498797
153,35,0.0,0.0,1.0,1.0,0.0,2.0,2.0,1.0,7.0,12.0,20.0,0.24,5.0,83.0,1.0,3.0,27.0,2.0,4.40740740740741,0.0,30.0,0.0,0.4,0.1,1.0,0.5546572,0.44534275
153,36,0.0,0.0,1.0,1.0,0.0,2.0,2.0,1.0,0.0,12.0,20.0,0.24,0.0,83.0,6.0,3.0,27.0,2.0,4.40740740740741,0.0,0.0,3.0,0.383474576271186,0.1,1.0,0.75489795,0.24510205
153,37,0.0,0.0,1.0,1.0,0.0,2.0,2.0,1.0,21.0,12.0,42.0,0.24,0.0,83.0,1.0,3.0,27.0,2.0,4.40740740740741,0.0,0.0,0.0,1.0,0.75,1.0,0.6742364,0.3257636
153,38,0.0,0.0,1.0,1.0,0.0,2.0,11.0,1.0,1.0,12.0,20.0,0.24,0.0,83.0,1.0,3.0,27.0,2.0,4.40740740740741,0.0,0.0,0.0,0.9,0.75,1.0,0.7536889,0.24631113
153,39,0.0,0.0,2.0,1.0,0.0,2.0,2.0,1.0,7.0,56.0,20.0,0.24,0.0,83.0,1.0,3.0,9.0,2.0,4.40740740740741,0.0,0.0,0.0,1.0,0.75,1.0,0.69427645,0.30572352
153,40,19.0,0.0,1.0,1.0,0.0,2.0,2.0,1.0,2.0,12.0,53.0,0.24,0.0,83.0,1.0,3.0,27.0,2.0,28.9,0.0,0.0,0.0,0.383474576271186,0.75,1.0,0.77785486,0.22214516
153,41,0.0,0.0,1.0,63.0,0.0,2.0,2.0,1.0,7.0,12.0,20.0,0.24,0.0,83.0,1.0,3.0,27.0,2.0,44.3,0.0,35.0,0.0,1.0,0.75,1.0,0.83395326,0.16604674
153,42,0.0,0.0,1.0,1.0,0.0,2.0,2.0,1.0,0.0,12.0,20.0,0.24,0.0,83.0,1.0,3.0,27.0,2.0,4.40740740740741,0.0,0.0,3.0,0.383474576271186,0.1,1.0,0.69411266,0.3058873
153,43,0.0,0.0,1.0,1.0,0.0,2.0,2.0,1.0,7.0,12.0,20.0,0.24,0.0,83.0,1.0,3.0,21.0,2.0,49.6,0.0,15.0,0.0,1.1,0.75,1.0,0.7898953,0.21010469
153,44,0.0,0.0,1.0,1.0,0.0,2.0,2.0,1.0,7.0,12.0,20.0,0.24,0.0,83.0,1.0,3.0,21.0,2.0,17.6,0.0,0.0,0.0,0.383474576271186,0.4,1.0,0.5735981,0.4264019
153,45,0.0,0.0,1.0,1.0,0.0,2.0,2.0,1.0,7.0,12.0,20.0,0.24,0.0,83.0,1.0,3.0,27.0,2.0,12.9,0.0,0.0,0.0,0.383474576271186,0.3,1.0,0.5735981,0.4264019
153,46,0.0,0.0,1.0,1.0,0.0,2.0,2.0,1.0,7.0,12.0,20.0,0.24,0.0,83.0,1.0,3.0,27.0,2.0,20.5,0.0,0.0,0.0,0.6,0.4,1.0,0.5958065,0.40419352
153,47,0.0,0.0,1.0,1.0,0.0,2.0,0.0,1.0,7.0,12.0,77.0,0.24,0.0,83.0,1.0,3.0,27.0,2.0,4.40740740740741,0.0,0.0,0.0,1.0,0.75,1.0,0.678216,0.321784
153,48,0.0,0.0,1.0,1.0,0.0,2.0,2.0,1.0,0.0,12.0,68.0,0.24,0.0,54.0,1.0,3.0,27.0,2.0,4.40740740740741,0.0,0.0,0.0,0.383474576271186,0.75,1.0,0.70581937,0.29418066
153,49,0.0,0.0,1.0,1.0,0.0,2.0,2.0,1.0,0.0,7.0,20.0,0.24,0.0,83.0,8.0,3.0,27.0,2.0,4.40740740740741,0.0,0.0,0.0,0.9,0.75,1.0,0.9427458,0.057254206
153,50,0.0,0.0,1.0,1.0,0.0,2.0,2.0,1.0,27.0,10.0,20.0,0.24,0.0,83.0,1.0,3.0,27.0,2.0,4.40740740740741,0.0,0.0,0.0,1.1,0.75,1.0,0.6120667,0.3879333
153,51,0.0,0.0,1.0,1.0,0.0,2.0,9.0,1.0,7.0,12.0,20.0,0.24,0.0,83.0,1.0,3.0,27.0,2.0,4.40740740740741,0.0,7.0,0.0,1.0,0.75,1.0,0.6957761,0.30422392
153,52,14.0,0.0,1.0,1.0,0.0,2.0,2.0,1.0,7.0,14.0,20.0,0.24,0.0,83.0,1.0,3.0,2.0,2.0,43.1,0.0,0.0,0.0,0.383474576271186,0.75,1.0,0.5206812,0.4793188
153,53,0.0,0.0,1.0,1.0,0.0,2.0,2.0,1.0,7.0,1.0,20.0,0.24,0.0,83.0,1.0,0.0,27.0,2.0,4.40740740740741,0.0,13.0,0.0,0.383474576271186,0.4,1.0,0.5501977,0.4498023
153,54,0.0,0.0,1.0,1.0,0.0,2.0,2.0,1.0,7.0,12.0,20.0,0.24,0.0,83.0,1.0,3.0,21.0,2.0,17.6,0.0,0.0,0.0,0.383474576271186,0.4,0.0,0.53225183,0.46774814
153,55,0.0,0.0,1.0,1.0,0.0,2.0,2.0,1.0,7.0,12.0,65.0,0.24,0.0,83.0,1.0,3.0,27.0,2.0,4.40740740740741,0.0,0.0,0.0,0.5,0.3,1.0,0.7324449,0.2675551
153,56,0.0,0.0,1.0,1.0,0.0,2.0,2.0,1.0,7.0,12.0,41.0,0.24,0.0,83.0,5.0,3.0,27.0,2.0,23.4,0.0,0.0,0.0,0.383474576271186,0.5,1.0,0.7884685,0.21153153
153,57,0.0,0.0,1.0,1.0,0.0,2.0,2.0,1.0,7.0,12.0,43.0,0.24,0.0,83.0,1.0,34.0,27.0,2.0,4.40740740740741,0.0,0.0,0.0,0.383474576271186,0.3,1.0,0.6275908,0.37240925
153,58,0.0,0.0,0.0,1.0,0.0,2.0,2.0,1.0,7.0,12.0,20.0,4.77,0.0,83.0,1.0,3.0,1.0,2.0,4.40740740740741,0.0,0.0,0.0,0.383474576271186,0.75,1.0,0.8359708,0.16402918
153,59,0.0,0.0,1.0,1.0,0.0,2.0,2.0,1.0,7.0,12.0,143.0,0.24,0.0,83.0,1.0,3.0,0.0,2.0,4.40740740740741,0.0,0.0,0.0,0.383474576271186,0.1,1.0,0.671956,0.328044
153,60,0.0,0.0,1.0,1.0,0.0,2.0,2.0,1.0,7.0,5.0,20.0,0.24,0.0,83.0,1.0,3.0,27.0,2.0,4.40740740740741,0.0,0.0,0.0,1.0,0.75,1.0,0.70861685,0.29138315
153,61,0.0,0.0,0.0,1.0,0.0,2.0,2.0,1.0,7.0,12.0,79.0,0.24,0.0,83.0,1.0,3.0,27.0,0.0,4.40740740740741,0.0,0.0,0.0,0.383474576271186,0.1,1.0,0.6933796,0.30662042
153,62,0.0,0.0,1.0,1.0,0.0,2.0,2.0,1.0,7.0,12.0,79.0,0.24,0.0,83.0,1.0,3.0,27.0,2.0,4.40740740740741,0.0,0.0,0.0,0.383474576271186,0.1,1.0,0.6091491,0.39085087
153,63,0.0,0.0,1.0,1.0,0.0,2.0,2.0,1.0,7.0,12.0,87.0,0.24,0.0,83.0,1.0,3.0,31.0,2.0,4.40740740740741,0.0,0.0,0.0,1.1,0.75,1.0,0.5733657,0.42663428
153,64,0.0,0.0,1.0,1.0,0.0,8.0,2.0,1.0,23.0,12.0,20.0,0.24,0.0,83.0,1.0,3.0,27.0,2.0,4.40740740740741,0.0,17.0,0.0,1.0,0.75,1.0,0.74531287,0.25468713
153,65,0.0,0.0,1.0,1.0,0.0,2.0,2.0,1.0,7.0,12.0,72.0,0.24,3.0,83.0,3.0,3.0,27.0,2.0,4.40740740740741,0.0,0.0,0.0,0.383474576271186,0.1,1.0,0.695472,0.304528
153,66,0.0,0.0,0.0,1.0,0.0,2.0,2.0,1.0,7.0,12.0,20.0,4.77,0.0,83.0,1.0,3.0,1.0,2.0,4.40740740740741,0.0,18.0,0.0,0.383474576271186,0.75,1.0,0.8865093,0.113490716
153,67,0.0,0.0,1.0,1.0,0.0,2.0,2.0,1.0,7.0,12.0,20.0,0.24,0.0,83.0,1.0,3.0,27.0,2.0,10.7,0.0,0.0,0.0,0.383474576271186,0.2,1.0,0.5735981,0.4264019
153,68,0.0,0.0,1.0,1.0,0.0,2.0,2.0,1.0,7.0,12.0,20.0,0.24,0.0,83.0,1.0,3.0,27.0,2.0,4.40740740740741,0.0,37.0,0.0,1.0,0.75,1.0,0.6644658,0.3355342
153,69,13.0,0.0,1.0,1.0,0.0,2.0,2.0,1.0,0.0,12.0,138.0,0.24,0.0,83.0,1.0,3.0,27.0,2.0,4.40740740740741,0.0,0.0,0.0,0.383474576271186,0.75,1.0,0.64041543,0.35958454
153,70,0.0,42.0,1.0,1.0,42.0,2.0,2.0,1.0,7.0,12.0,20.0,0.24,0.0,83.0,1.0,3.0,6.0,2.0,4.40740740740741,0.0,0.0,0.0,1.0,0.75,1.0,0.81036377,0.18963623
153,71,0.0,0.0,1.0,1.0,0.0,2.0,2.0,1.0,21.0,12.0,42.0,0.24,0.0,83.0,1.0,3.0,27.0,2.0,4.40740740740741,0.0,6.0,0.0,1.0,0.75,1.0,0.88177925,0.11822074
153,72,0.0,0.0,1.0,1.0,0.0,2.0,2.0,1.0,7.0,12.0,83.0,0.24,0.0,83.0,1.0,3.0,27.0,2.0,4.40740740740741,0.0,0.0,0.0,0.383474576271186,0.3,1.0,0.6091491,0.39085087
153,73,0.0,0.0,1.0,1.0,0.0,2.0,2.0,1.0,7.0,12.0,79.0,0.24,0.0,83.0,1.0,3.0,27.0,0.0,4.40740740740741,0.0,0.0,0.0,0.383474576271186,0.1,1.0,0.6933796,0.30662042
153,74,0.0,0.0,1.0,1.0,0.0,2.0,1.0,1.0,19.0,12.0,20.0,0.24,0.0,83.0,1.0,3.0,27.0,2.0,4.40740740740741,0.0,0.0,0.0,1.1,0.75,1.0,0.54689014,0.4531099
153,75,0.0,0.0,1.0,1.0,0.0,2.0,2.0,1.0,7.0,0.0,20.0,0.24,0.0,19.0,1.0,3.0,27.0,2.0,4.40740740740741,0.0,0.0,0.0,1.0,0.75,1.0,0.53093535,0.46906465
153,76,0.0,0.0,1.0,1.0,0.0,2.0,2.0,1.0,7.0,12.0,20.0,0.24,0.0,83.0,5.0,3.0,7.0,2.0,4.40740740740741,0.0,0.0,0.0,0.5,0.3,1.0,0.64858687,0.35141313
153,77,13.0,0.0,1.0,90.0,0.0,2.0,2.0,1.0,0.0,12.0,138.0,0.24,0.0,83.0,1.0,3.0,27.0,2.0,4.40740740740741,0.0,0.0,0.0,0.383474576271186,0.75,1.0,0.6295352,0.37046483
153,78,0.0,0.0,1.0,1.0,0.0,2.0,7.0,1.0,7.0,12.0,20.0,0.24,0.0,83.0,8.0,3.0,27.0,2.0,46.5,0.0,0.0,0.0,1.0,0.75,1.0,0.6330819,0.36691812
153,79,0.0,0.0,1.0,1.0,0.0,2.0,2.0,1.0,7.0,12.0,143.0,0.24,0.0,83.0,1.0,3.0,27.0,2.0,4.40740740740741,0.0,0.0,0.0,0.383474576271186,0.1,1.0,0.6091491,0.39085087
153,80,0.0,0.0,1.0,1.0,0.0,2.0,2.0,1.0,7.0,12.0,77.0,0.24,0.0,83.0,1.0,3.0,27.0,2.0,4.40740740740741,0.0,0.0,0.0,0.383474576271186,0.3,0.0,0.55796844,0.44203156
153,81,0.0,0.0,1.0,1.0,0.0,2.0,2.0,1.0,7.0,12.0,20.0,0.24,0.0,83.0,1.0,3.0,27.0,2.0,4.40740740740741,0.0,12.0,0.0,1.0,0.75,1.0,0.6644658,0.3355342
153,82,0.0,0.0,1.0,1.0,0.0,2.0,2.0,1.0,7.0,0.0,20.0,0.24,0.0,83.0,1.0,43.0,15.0,2.0,4.40740740740741,0.0,0.0,0.0,0.383474576271186,0.4,1.0,0.5171195,0.4828805
153,83,0.0,0.0,4.0,1.0,0.0,2.0,2.0,1.0,7.0,0.0,127.0,0.24,0.0,83.0,1.0,3.0,27.0,2.0,4.40740740740741,0.0,29.0,0.0,0.383474576271186,0.75,1.0,0.5632861,0.43671387
153,84,0.0,0.0,1.0,1.0,0.0,2.0,2.0,1.0,7.0,12.0,20.0,4.09,0.0,83.0,1.0,3.0,4.0,2.0,4.40740740740741,0.0,0.0,0.0,0.383474576271186,0.75,1.0,0.5622355,0.4377645
153,85,0.0,0.0,1.0,1.0,0.0,2.0,2.0,1.0,7.0,12.0,20.0,0.24,0.0,83.0,1.0,3.0,27.0,2.0,4.40740740740741,0.0,12.0,0.0,0.5,0.3,1.0,0.5980798,0.40192017
153,86,0.0,0.0,1.0,1.0,0.0,2.0,2.0,1.0,7.0,12.0,78.0,0.24,1.0,83.0,1.0,3.0,4.0,2.0,4.40740740740741,0.0,0.0,0.0,0.383474576271186,0.2,1.0,0.6728004,0.32719958
153,87,17.0,0.0,1.0,1.0,0.0,2.0,2.0,12.0,7.0,12.0,20.0,4.66,0.0,83.0,1.0,3.0,2.0,2.0,4.40740740740741,0.0,0.0,0.0,0.383474576271186,0.75,1.0,0.7473131,0.25268692
153,88,0.0,0.0,1.0,1.0,0.0,2.0,2.0,1.0,7.0,12.0,87.0,0.24,0.0,83.0,1.0,3.0,27.0,2.0,4.40740740740741,0.0,0.0,0.0,1.1,0.75,1.0,0.5733657,0.42663428
153,89,0.0,0.0,1.0,13.0,0.0,2.0,2.0,1.0,7.0,12.0,20.0,0.24,0.0,83.0,1.0,3.0,27.0,2.0,38.0,0.0,9.0,0.0,0.9,0.75,1.0,0.68192595,0.31807405
153,90,0.0,0.0,1.0,1.0,0.0,2.0,2.0,1.0,7.0,2.0,63.0,0.24,13.0,83.0,1.0,3.0,27.0,2.0,4.40740740740741,0.0,0.0,0.0,0.383474576271186,0.75,1.0,0.549609,0.450391
153,91,0.0,0.0,1.0,1.0,0.0,2.0,2.0,1.0,1.0,12.0,89.0,0.24,0.0,83.0,1.0,3.0,27.0,2.0,4.40740740740741,0.0,0.0,0.0,0.5,0.75,1.0,0.7436061,0.25639388
153,92,0.0,0.0,1.0,1.0,0.0,2.0,2.0,1.0,7.0,12.0,20.0,0.24,0.0,83.0,2.0,3.0,27.0,2.0,20.5,0.0,0.0,0.0,0.383474576271186,0.4,1.0,0.68978083,0.31021917
153,93,0.0,0.0,1.0,1.0,0.0,3.0,2.0,1.0,7.0,12.0,20.0,0.24,0.0,83.0,1.0,5.0,27.0,2.0,4.40740740740741,0.0,17.0,0.0,1.0,0.75,1.0,0.6933272,0.30667284
153,94,11.0,0.0,1.0,1.0,0.0,2.0,2.0,1.0,2.0,12.0,20.0,0.24,0.0,83.0,1.0,3.0,3.0,2.0,4.40740740740741,0.0,0.0,0.0,0.383474576271186,0.75,1.0,0.6564039,0.34359607
153,95,0.0,0.0,1.0,1.0,0.0,2.0,2.0,1.0,7.0,12.0,38.0,0.24,0.0,83.0,4.0,3.0,27.0,2.0,4.40740740740741,0.0,0.0,0.0,0.383474576271186,0.1,1.0,0.6196859,0.38031414
153,96,0.0,0.0,1.0,1.0,15.0,2.0,2.0,1.0,7.0,12.0,38.0,0.24,0.0,83.0,4.0,3.0,27.0,2.0,4.40740740740741,0.0,0.0,0.0,0.383474576271186,0.1,1.0,0.5299771,0.47002292
153,97,0.0,0.0,1.0,1.0,0.0,2.0,2.0,1.0,7.0,12.0,99.0,0.24,0.0,83.0,1.0,3.0,27.0,2.0,35.9,0.0,0.0,0.0,0.8,0.8,1.0,0.5505721,0.4494279
153,98,0.0,0.0,1.0,1.0,0.0,2.0,2.0,1.0,7.0,12.0,20.0,0.24,0.0,83.0,1.0,3.0,64.0,2.0,4.40740740740741,0.0,16.0,0.0,1.0,0.75,1.0,0.6644658,0.3355342
153,99,0.0,0.0,1.0,1.0,0.0,2.0,2.0,1.0,7.0,12.0,130.0,0.24,0.0,83.0,1.0,3.0,27.0,2.0,4.40740740740741,0.0,27.0,0.0,0.3,0.0,1.0,0.6490253,0.35097468
156,0,0.0,0.0,1.0,2.0,0.0,2.0,12.0,1.0,1.0,24.0,49.0,0.62,0.0,95.0,1.0,37.0,15.0,2.0,2.66,1.0,1.0,0.0,0.947368421052632,0.5,0.0,0.5646157,0.4353843
156,1,0.0,0.0,1.0,2.0,0.0,2.0,1.0,1.0,1.0,24.0,49.0,4.02,0.0,95.0,1.0,2.0,15.0,2.0,2.66,1.0,1.0,0.0,0.947368421052632,0.5,0.0,0.76733565,0.23266433
156,2,0.0,0.0,1.0,2.0,0.0,2.0,1.0,1.0,1.0,24.0,136.0,0.62,0.0,95.0,1.0,2.0,15.0,2.0,21.0,1.0,1.0,0.0,0.947368421052632,0.5,0.0,0.8360976,0.16390242
156,3,0.0,0.0,1.0,2.0,0.0,7.0,1.0,1.0,1.0,24.0,49.0,0.62,0.0,95.0,6.0,2.0,15.0,2.0,2.66,1.0,1.0,0.0,0.947368421052632,0.5,0.0,0.50750923,0.49249077
156,4,0.0,0.0,1.0,2.0,0.0,2.0,1.0,1.0,1.0,24.0,49.0,0.09,0.0,95.0,1.0,2.0,15.0,2.0,2.66,1.0,1.0,0.0,0.947368421052632,0.5,0.0,0.67902297,0.32097703
156,5,0.0,0.0,1.0,2.0,0.0,2.0,1.0,1.0,1.0,24.0,49.0,0.62,0.0,95.0,1.0,2.0,28.0,2.0,30.0,1.0,1.0,0.0,0.947368421052632,0.5,0.0,0.86770594,0.13229403
156,6,0.0,0.0,1.0,2.0,0.0,2.0,9.0,1.0,1.0,24.0,49.0,0.62,0.0,95.0,1.0,2.0,15.0,2.0,2.66,1.0,23.0,0.0,0.947368421052632,0.5,0.0,0.5430598,0.45694017
156,7,0.0,0.0,1.0,2.0,0.0,2.0,1.0,1.0,1.0,24.0,49.0,6.12,0.0,95.0,1.0,44.0,15.0,2.0,2.66,1.0,1.0,0.0,0.947368421052632,0.5,0.0,0.8857339,0.11426609
156,8,0.0,0.0,1.0,2.0,0.0,2.0,1.0,1.0,1.0,24.0,49.0,0.62,0.0,95.0,1.0,2.0,15.0,2.0,29.7,1.0,1.0,0.0,0.947368421052632,0.5,0.0,0.8360976,0.16390242
156,9,0.0,0.0,1.0,2.0,0.0,2.0,1.0,1.0,1.0,24.0,49.0,0.62,0.0,97.0,1.0,11.0,15.0,2.0,2.66,1.0,1.0,0.0,0.947368421052632,0.5,0.0,0.53923506,0.46076494
156,10,0.0,0.0,1.0,2.0,0.0,2.0,1.0,1.0,1.0,24.0,49.0,0.62,0.0,36.0,5.0,2.0,15.0,2.0,2.66,1.0,1.0,0.0,0.947368421052632,0.5,0.0,0.74536777,0.25463223
156,11,0.0,0.0,1.0,2.0,0.0,2.0,1.0,1.0,1.0,24.0,49.0,0.62,7.0,95.0,1.0,2.0,15.0,2.0,20.2,1.0,1.0,0.0,0.947368421052632,0.5,0.0,0.87519073,0.12480926
156,12,0.0,0.0,1.0,2.0,0.0,2.0,1.0,1.0,1.0,24.0,49.0,0.62,0.0,58.0,6.0,2.0,15.0,2.0,2.66,1.0,1.0,0.0,0.947368421052632,0.5,0.0,0.6820724,0.3179276
156,13,0.0,0.0,1.0,2.0,0.0,2.0,1.0,1.0,1.0,24.0,49.0,3.79,0.0,95.0,1.0,2.0,15.0,2.0,2.66,1.0,1.0,0.0,0.947368421052632,0.5,0.0,0.76733565,0.23266433
156,14,0.0,0.0,1.0,2.0,0.0,2.0,1.0,1.0,18.0,24.0,49.0,0.62,0.0,95.0,1.0,2.0,15.0,2.0,25.1,1.0,1.0,0.0,0.947368421052632,0.5,0.0,0.5369015,0.46309856
156,15,0.0,0.0,1.0,2.0,0.0,2.0,1.0,1.0,1.0,24.0,49.0,0.62,0.0,95.0,1.0,25.0,15.0,2.0,2.66,1.0,1.0,3.0,0.947368421052632,0.5,0.0,0.5883484,0.41165158
156,16,0.0,0.0,1.0,2.0,0.0,2.0,1.0,1.0,1.0,24.0,49.0,0.62,0.0,95.0,1.0,2.0,15.0,2.0,25.8,1.0,1.0,1.0,0.947368421052632,0.5,0.0,0.86168456,0.13831541
156,17,0.0,0.0,1.0,2.0,0.0,2.0,1.0,1.0,1.0,24.0,49.0,0.62,0.0,95.0,1.0,51.0,15.0,2.0,2.66,1.0,1.0,0.0,0.947368421052632,0.1,0.0,0.5266337,0.47336632
156,18,0.0,0.0,1.0,2.0,10.0,2.0,1.0,1.0,1.0,24.0,49.0,4.32,0.0,95.0,1.0,2.0,15.0,2.0,2.66,1.0,1.0,0.0,0.947368421052632,0.5,0.0,0.81927526,0.18072477
156,19,0.0,0.0,1.0,2.0,0.0,2.0,1.0,16.0,1.0,24.0,49.0,0.62,0.0,95.0,7.0,2.0,15.0,2.0,2.66,1.0,1.0,0.0,0.947368421052632,0.5,0.0,0.56967425,0.43032572
156,20,0.0,0.0,1.0,2.0,0.0,2.0,1.0,1.0,1.0,24.0,49.0,0.62,5.0,95.0,1.0,2.0,15.0,2.0,2.66,1.0,37.0,0.0,0.947368421052632,0.5,0.0,0.71266305,0.28733698
156,21,0.0,0.0,1.0,2.0,0.0,2.0,1.0,14.0,1.0,24.0,49.0,6.93,0.0,95.0,1.0,2.0,15.0,2.0,2.66,1.0,1.0,0.0,0.947368421052632,0.5,0.0,0.78926265,0.21073733
156,22,0.0,0.0,1.0,2.0,0.0,2.0,1.0,14.0,1.0,24.0,49.0,0.62,0.0,95.0,1.0,2.0,15.0,2.0,2.66,1.0,1.0,0.0,0.947368421052632,1.0,0.0,0.60438263,0.39561734
156,23,0.0,0.0,1.0,2.0,0.0,2.0,1.0,1.0,1.0,24.0,49.0,0.62,0.0,51.0,1.0,2.0,15.0,2.0,2.66,1.0,1.0,0.0,0.947368421052632,0.5,2.0,0.7457963,0.25420368
156,24,0.0,0.0,1.0,2.0,0.0,2.0,1.0,1.0,1.0,7.0,49.0,0.62,0.0,95.0,1.0,2.0,57.0,2.0,2.66,1.0,1.0,0.0,0.947368421052632,0.5,0.0,0.9429395,0.057060502
156,25,0.0,0.0,1.0,2.0,0.0,2.0,1.0,1.0,1.0,24.0,49.0,7.01,0.0,95.0,1.0,43.0,15.0,2.0,2.66,1.0,1.0,0.0,0.947368421052632,0.5,0.0,0.8857339,0.11426609
156,26,0.0,0.0,1.0,2.0,0.0,2.0,1.0,1.0,1.0,24.0,49.0,2.95,0.0,95.0,1.0,2.0,15.0,2.0,2.66,1.0,1.0,0.0,0.947368421052632,0.4,0.0,0.7444986,0.25550142
156,27,0.0,0.0,1.0,2.0,0.0,4.0,1.0,1.0,1.0,24.0,49.0,5.17,0.0,95.0,1.0,2.0,15.0,2.0,2.66,1.0,1.0,0.0,0.947368421052632,0.5,0.0,0.8013855,0.19861448
156,28,0.0,0.0,1.0,2.0,0.0,2.0,1.0,1.0,1.0,24.0,49.0,0.62,0.0,95.0,1.0,2.0,15.0,2.0,44.4,16.0,1.0,0.0,0.947368421052632,0.5,0.0,0.8030039,0.1969961
156,29,0.0,0.0,1.0,2.0,0.0,2.0,1.0,1.0,1.0,24.0,49.0,2.31,0.0,87.0,1.0,2.0,15.0,2.0,2.66,1.0,1.0,0.0,0.947368421052632,0.5,0.0,0.76969296,0.23030704
156,30,0.0,0.0,1.0,2.0,0.0,2.0,1.0,1.0,1.0,24.0,49.0,0.62,0.0,95.0,1.0,2.0,15.0,2.0,47.9,1.0,1.0,0.0,0.947368421052632,0.5,0.0,0.8360976,0.16390242
156,31,0.0,0.0,1.0,2.0,0.0,2.0,1.0,1.0,1.0,24.0,49.0,0.62,0.0,95.0,1.0,2.0,15.0,2.0,21.0,1.0,1.0,0.0,0.947368421052632,0.5,0.0,0.8360976,0.16390242
156,32,0.0,0.0,1.0,2.0,0.0,2.0,14.0,1.0,1.0,24.0,49.0,0.62,0.0,95.0,1.0,2.0,15.0,2.0,40.3,1.0,1.0,0.0,0.947368421052632,0.5,0.0,0.79906327,0.20093672
156,33,0.0,0.0,1.0,2.0,0.0,2.0,1.0,1.0,1.0,24.0,49.0,0.62,0.0,95.0,1.0,32.0,15.0,0.0,2.66,1.0,1.0,0.0,0.947368421052632,0.5,0.0,0.5520861,0.44791386
156,34,9.0,0.0,1.0,2.0,0.0,2.0,1.0,1.0,1.0,24.0,49.0,0.62,0.0,95.0,1.0,2.0,15.0,2.0,36.6,1.0,1.0,0.0,0.947368421052632,0.5,0.0,0.81081325,0.18918674
156,35,0.0,0.0,1.0,2.0,0.0,2.0,1.0,1.0,1.0,24.0,49.0,0.62,0.0,40.0,1.0,2.0,15.0,2.0,2.66,6.0,1.0,0.0,0.947368421052632,0.5,0.0,0.60740757,0.3925924
156,36,0.0,0.0,1.0,2.0,0.0,2.0,1.0,1.0,1.0,24.0,49.0,0.62,0.0,95.0,8.0,2.0,15.0,2.0,2.66,1.0,1.0,0.0,0.947368421052632,0.5,4.0,0.55965644,0.44034356
156,37,0.0,0.0,1.0,2.0,0.0,2.0,1.0,12.0,1.0,24.0,49.0,0.62,0.0,95.0,1.0,2.0,15.0,2.0,38.3,1.0,1.0,0.0,0.947368421052632,0.5,0.0,0.88166296,0.11833706
156,38,0.0,0.0,1.0,2.0,0.0,2.0,2.0,1.0,1.0,24.0,49.0,0.62,0.0,95.0,1.0,51.0,15.0,2.0,2.66,1.0,1.0,0.0,0.947368421052632,0.5,0.0,0.53923506,0.46076494
156,39,0.0,0.0,1.0,2.0,0.0,2.0,1.0,1.0,1.0,24.0,49.0,0.62,0.0,19.0,1.0,2.0,15.0,6.0,2.66,1.0,1.0,0.0,0.947368421052632,0.5,0.0,0.61665106,0.38334897
156,40,0.0,0.0,1.0,2.0,0.0,2.0,1.0,10.0,1.0,24.0,49.0,0.62,0.0,95.0,1.0,2.0,15.0,2.0,2.66,1.0,1.0,0.0,0.947368421052632,0.5,1.0,0.56009674,0.43990323
156,41,0.0,0.0,1.0,2.0,0.0,2.0,1.0,1.0,1.0,18.0,49.0,0.62,0.0,95.0,1.0,2.0,15.0,2.0,2.66,1.0,1.0,0.0,0.947368421052632,0.8,0.0,0.87289697,0.12710305
156,42,0.0,0.0,1.0,2.0,0.0,2.0,1.0,1.0,1.0,24.0,49.0,0.62,0.0,95.0,1.0,2.0,15.0,2.0,51.9,1.0,1.0,0.0,0.947368421052632,0.5,0.0,0.8360976,0.16390242
156,43,0.0,0.0,1.0,2.0,0.0,2.0,1.0,1.0,1.0,24.0,49.0,4.23,0.0,95.0,1.0,2.0,15.0,2.0,2.66,35.0,1.0,0.0,0.947368421052632,0.5,0.0,0.6796657,0.32033432
156,44,0.0,0.0,1.0,2.0,43.0,2.0,1.0,1.0,1.0,24.0,49.0,0.62,0.0,95.0,1.0,2.0,15.0,2.0,42.5,1.0,1.0,0.0,0.947368421052632,0.5,0.0,0.86892045,0.13107952
156,45,0.0,0.0,1.0,2.0,0.0,2.0,10.0,1.0,1.0,24.0,49.0,0.62,0.0,1.0,1.0,2.0,15.0,2.0,2.66,1.0,1.0,0.0,0.947368421052632,0.5,0.0,0.78746665,0.21253337
156,46,0.0,0.0,1.0,2.0,0.0,2.0,1.0,5.0,1.0,24.0,49.0,0.62,10.0,95.0,1.0,2.0,15.0,2.0,2.66,1.0,1.0,0.0,0.947368421052632,0.5,0.0,0.5194395,0.48056048
156,47,0.0,0.0,1.0,22.0,0.0,2.0,1.0,1.0,1.0,24.0,49.0,0.62,0.0,95.0,1.0,2.0,15.0,2.0,41.9,1.0,1.0,0.0,0.947368421052632,0.5,0.0,0.8564649,0.14353506
156,48,0.0,0.0,1.0,2.0,0.0,2.0,1.0,1.0,1.0,24.0,49.0,5.29,0.0,95.0,1.0,2.0,15.0,2.0,2.66,1.0,1.0,0.0,0.9,0.5,0.0,0.55284715,0.44715288
156,49,0.0,0.0,1.0,2.0,0.0,2.0,1.0,1.0,1.0,24.0,49.0,0.62,0.0,95.0,1.0,2.0,15.0,2.0,44.3,1.0,35.0,0.0,0.947368421052632,0.5,0.0,0.8330147,0.16698524
156,50,0.0,0.0,1.0,2.0,0.0,2.0,1.0,1.0,1.0,5.0,49.0,0.62,0.0,95.0,1.0,2.0,15.0,2.0,2.66,13.0,1.0,0.0,0.947368421052632,0.5,0.0,0.93114376,0.06885625
156,51,0.0,0.0,1.0,2.0,0.0,2.0,1.0,1.0,1.0,24.0,49.0,4.7,0.0,95.0,1.0,2.0,15.0,2.0,2.66,1.0,1.0,0.0,0.947368421052632,0.5,0.0,0.76733565,0.23266433
156,52,0.0,0.0,1.0,2.0,20.0,2.0,1.0,1.0,1.0,24.0,49.0,0.62,0.0,95.0,1.0,2.0,15.0,2.0,2.66,1.0,1.0,0.0,0.947368421052632,1.0,0.0,0.53634894,0.46365103
156,53,0.0,0.0,1.0,2.0,0.0,2.0,1.0,1.0,27.0,24.0,49.0,0.62,0.0,95.0,1.0,2.0,15.0,2.0,23.3,1.0,1.0,0.0,0.947368421052632,0.5,0.0,0.5369015,0.46309856
156,54,8.0,0.0,1.0,2.0,0.0,2.0,1.0,1.0,1.0,24.0,49.0,0.62,0.0,95.0,1.0,2.0,15.0,2.0,34.8,1.0,1.0,0.0,0.947368421052632,0.5,0.0,0.81081325,0.18918674
156,55,0.0,0.0,1.0,86.0,0.0,2.0,1.0,1.0,1.0,24.0,49.0,0.62,3.0,95.0,1.0,2.0,15.0,2.0,2.66,1.0,1.0,0.0,0.947368421052632,0.5,0.0,0.55627936,0.44372064
156,56,0.0,2.0,1.0,2.0,0.0,2.0,1.0,1.0,1.0,24.0,49.0,1.87,0.0,95.0,1.0,2.0,15.0,2.0,2.66,1.0,1.0,0.0,0.947368421052632,0.5,0.0,0.6496943,0.3503057
156,57,18.0,0.0,1.0,2.0,0.0,2.0,1.0,1.0,1.0,24.0,49.0,0.62,0.0,95.0,1.0,2.0,15.0,2.0,43.4,1.0,1.0,0.0,0.947368421052632,0.5,0.0,0.81081325,0.18918674
156,58,0.0,0.0,1.0,2.0,0.0,2.0,9.0,1.0,1.0,24.0,49.0,0.62,0.0,95.0,1.0,2.0,15.0,2.0,2.66,1.0,14.0,0.0,0.947368421052632,0.5,0.0,0.5430598,0.45694017
156,59,0.0,0.0,1.0,2.0,0.0,15.0,1.0,1.0,1.0,24.0,49.0,0.62,0.0,49.0,1.0,2.0,15.0,2.0,2.66,1.0,1.0,0.0,0.947368421052632,0.5,0.0,0.5539452,0.44605485
156,60,0.0,0.0,1.0,2.0,0.0,2.0,1.0,1.0,1.0,11.0,49.0,0.62,0.0,95.0,1.0,2.0,15.0,2.0,2.66,1.0,6.0,0.0,0.947368421052632,0.5,0.0,0.90509224,0.09490773
156,61,0.0,24.0,1.0,2.0,0.0,2.0,1.0,1.0,1.0,24.0,49.0,0.62,0.0,95.0,1.0,2.0,15.0,2.0,16.5,1.0,1.0,0.0,0.947368421052632,0.5,0.0,0.644129,0.35587102
156,62,0.0,0.0,1.0,2.0,0.0,2.0,1.0,1.0,1.0,24.0,49.0,7.19,0.0,95.0,1.0,2.0,15.0,2.0,2.66,1.0,1.0,0.0,0.947368421052632,0.5,0.0,0.76733565,0.23266433
156,63,0.0,0.0,1.0,2.0,0.0,2.0,1.0,1.0,1.0,24.0,49.0,2.41,0.0,95.0,1.0,2.0,15.0,2.0,2.66,1.0,1.0,0.0,0.947368421052632,0.5,0.0,0.59308875,0.40691125
156,64,0.0,0.0,1.0,2.0,0.0,2.0,1.0,1.0,1.0,24.0,49.0,0.62,7.0,95.0,1.0,2.0,15.0,2.0,39.5,1.0,1.0,0.0,0.947368421052632,0.5,0.0,0.87519073,0.12480926
156,65,0.0,0.0,1.0,2.0,0.0,2.0,1.0,1.0,1.0,24.0,49.0,2.54,0.0,95.0,1.0,2.0,15.0,2.0,2.66,1.0,1.0,0.0,0.947368421052632,0.5,0.0,0.59308875,0.40691125
156,66,0.0,0.0,1.0,2.0,0.0,2.0,1.0,1.0,1.0,24.0,49.0,0.62,0.0,3.0,1.0,2.0,15.0,2.0,2.66,1.0,1.0,0.0,0.947368421052632,0.5,0.0,0.7962378,0.2037622
156,67,0.0,0.0,1.0,2.0,0.0,2.0,1.0,11.0,1.0,24.0,49.0,0.62,0.0,95.0,1.0,2.0,15.0,2.0,2.66,1.0,13.0,0.0,0.947368421052632,0.5,0.0,0.5277505,0.47224954
156,68,0.0,0.0,1.0,2.0,0.0,2.0,1.0,1.0,18.0,9.0,49.0,0.62,0.0,95.0,1.0,2.0,15.0,2.0,2.66,1.0,1.0,0.0,0.947368421052632,0.5,0.0,0.9041438,0.095856205
156,69,0.0,0.0,1.0,2.0,0.0,9.0,1.0,1.0,1.0,24.0,49.0,0.62,0.0,20.0,1.0,2.0,15.0,2.0,2.66,1.0,1.0,0.0,0.947368421052632,0.5,0.0,0.7082288,0.29177114
156,70,0.0,0.0,1.0,2.0,0.0,2.0,1.0,1.0,2.0,24.0,49.0,1.86,0.0,95.0,1.0,2.0,15.0,2.0,2.66,1.0,1.0,0.0,0.947368421052632,0.5,0.0,0.7982227,0.20177728
156,71,0.0,0.0,1.0,2.0,0.0,2.0,1.0,1.0,1.0,24.0,49.0,3.11,0.0,95.0,5.0,2.0,15.0,2.0,2.66,1.0,1.0,0.0,0.947368421052632,0.5,0.0,0.8598662,0.14013378
156,72,0.0,0.0,1.0,2.0,0.0,2.0,1.0,1.0,1.0,24.0,49.0,4.16,0.0,95.0,1.0,2.0,15.0,2.0,29.0,1.0,1.0,0.0,0.947368421052632,0.5,0.0,0.9392857,0.060714327
156,73,0.0,0.0,1.0,2.0,0.0,2.0,1.0,1.0,1.0,24.0,49.0,0.62,0.0,95.0,6.0,28.0,15.0,2.0,2.66,1.0,1.0,0.0,0.947368421052632,0.5,0.0,0.6334276,0.36657235
156,74,0.0,0.0,1.0,2.0,0.0,2.0,1.0,1.0,1.0,53.0,49.0,0.62,0.0,95.0,1.0,2.0,15.0,2.0,17.1,1.0,1.0,0.0,0.947368421052632,0.5,0.0,0.8360976,0.16390242
156,75,0.0,0.0,1.0,2.0,0.0,2.0,1.0,1.0,1.0,24.0,49.0,0.65,0.0,95.0,1.0,33.0,15.0,2.0,2.66,1.0,1.0,0.0,0.947368421052632,0.5,0.0,0.6754123,0.32458767
156,76,0.0,0.0,1.0,2.0,0.0,2.0,1.0,1.0,1.0,5.0,49.0,0.62,0.0,95.0,1.0,2.0,15.0,2.0,2.66,1.0,1.0,0.0,0.947368421052632,0.2,0.0,0.91214675,0.087853245
156,77,0.0,0.0,1.0,2.0,0.0,2.0,1.0,10.0,1.0,24.0,49.0,0.62,0.0,95.0,1.0,2.0,20.0,2.0,2.66,1.0,1.0,0.0,0.947368421052632,0.5,0.0,0.53548706,0.46451297
156,78,0.0,0.0,1.0,2.0,0.0,17.0,1.0,1.0,1.0,24.0,49.0,2.07,0.0,95.0,1.0,2.0,15.0,2.0,2.66,1.0,1.0,0.0,0.947368421052632,0.5,0.0,0.8034862,0.19651376
156,79,0.0,0.0,1.0,2.0,0.0,2.0,1.0,8.0,1.0,24.0,49.0,0.62,0.0,95.0,1.0,50.0,15.0,2.0,2.66,1.0,1.0,0.0,0.947368421052632,0.5,0.0,0.69940376,0.30059627
156,80,0.0,0.0,1.0,2.0,0.0,2.0,1.0,2.0,1.0,24.0,49.0,0.62,0.0,40.0,1.0,2.0,15.0,2.0,2.66,1.0,1.0,0.0,0.947368421052632,0.5,0.0,0.69086885,0.30913112
156,81,0.0,0.0,1.0,2.0,0.0,2.0,1.0,1.0,1.0,24.0,49.0,5.02,0.0,95.0,1.0,2.0,15.0,2.0,2.66,1.0,1.0,0.0,0.947368421052632,0.5,0.0,0.76733565,0.23266433
156,82,0.0,0.0,1.0,2.0,0.0,2.0,1.0,1.0,1.0,24.0,49.0,0.62,0.0,95.0,1.0,38.0,15.0,2.0,2.66,1.0,1.0,0.0,0.947368421052632,1.0,0.0,0.6642059,0.3357941
156,83,0.0,0.0,1.0,2.0,0.0,2.0,1.0,1.0,1.0,24.0,49.0,0.62,0.0,95.0,1.0,2.0,15.0,2.0,18.9,19.0,1.0,0.0,0.947368421052632,0.5,0.0,0.8030039,0.1969961
156,84,0.0,0.0,1.0,2.0,0.0,2.0,1.0,1.0,1.0,24.0,49.0,0.62,0.0,95.0,1.0,2.0,15.0,2.0,41.4,1.0,1.0,0.0,0.947368421052632,0.9,0.0,0.84783787,0.15216215
156,85,0.0,0.0,1.0,2.0,0.0,2.0,1.0,1.0,28.0,24.0,49.0,2.65,0.0,95.0,1.0,2.0,15.0,2.0,2.66,1.0,1.0,0.0,0.947368421052632,0.5,0.0,0.51994264,0.4800574
156,86,0.0,0.0,0.0,2.0,0.0,2.0,1.0,1.0,1.0,24.0,49.0,0.62,0.0,95.0,1.0,2.0,15.0,2.0,2.66,1.0,3.0,0.0,0.947368421052632,0.5,0.0,0.5330452,0.46695483
156,87,0.0,0.0,3.0,2.0,0.0,2.0,1.0,1.0,1.0,24.0,49.0,0.62,0.0,95.0,1.0,2.0,15.0,2.0,40.4,1.0,1.0,0.0,0.947368421052632,0.5,0.0,0.8008199,0.19918011
156,88,0.0,0.0,1.0,2.0,0.0,2.0,1.0,1.0,1.0,24.0,49.0,0.62,0.0,95.0,1.0,11.0,15.0,2.0,2.66,1.0,1.0,0.0,0.947368421052632,0.5,1.0,0.6243334,0.37566662
156,89,0.0,0.0,1.0,2.0,0.0,2.0,1.0,1.0,1.0,24.0,74.0,4.52,0.0,95.0,1.0,2.0,15.0,2.0,2.66,1.0,1.0,0.0,0.947368421052632,0.5,0.0,0.76733565,0.23266433
156,90,0.0,0.0,1.0,2.0,0.0,2.0,3.0,1.0,1.0,24.0,49.0,1.93,0.0,95.0,1.0,2.0,15.0,2.0,2.66,1.0,1.0,0.0,0.947368421052632,0.5,0.0,0.73074013,0.26925987
156,91,0.0,0.0,1.0,2.0,0.0,2.0,1.0,1.0,1.0,24.0,49.0,6.85,0.0,95.0,6.0,2.0,15.0,2.0,2.66,1.0,1.0,0.0,0.947368421052632,0.5,0.0,0.8598662,0.14013378
156,92,0.0,0.0,1.0,2.0,0.0,2.0,1.0,1.0,1.0,24.0,49.0,0.32,0.0,95.0,1.0,2.0,15.0,3.0,2.66,1.0,1.0,0.0,0.947368421052632,0.5,0.0,0.6439159,0.35608408
156,93,0.0,0.0,1.0,2.0,0.0,2.0,1.0,1.0,1.0,21.0,49.0,0.62,0.0,95.0,1.0,2.0,15.0,2.0,2.66,1.0,32.0,0.0,0.947368421052632,0.5,0.0,0.77559185,0.22440815
156,94,0.0,0.0,1.0,2.0,0.0,2.0,1.0,1.0,1.0,24.0,49.0,0.62,1.0,95.0,1.0,2.0,4.0,2.0,2.66,1.0,1.0,0.0,0.947368421052632,0.5,0.0,0.55593115,0.44406885
156,95,0.0,0.0,1.0,2.0,0.0,14.0,1.0,1.0,1.0,24.0,49.0,0.62,0.0,21.0,1.0,2.0,15.0,2.0,2.66,1.0,1.0,0.0,0.947368421052632,0.5,0.0,0.7082288,0.29177114
156,96,0.0,0.0,1.0,2.0,0.0,0.0,1.0,1.0,1.0,15.0,49.0,0.62,0.0,95.0,1.0,2.0,15.0,2.0,2.66,1.0,1.0,0.0,0.947368421052632,0.5,0.0,0.9323996,0.06760042
156,97,0.0,0.0,1.0,58.0,0.0,2.0,1.0,1.0,1.0,24.0,49.0,0.62,0.0,95.0,1.0,2.0,7.0,2.0,2.66,1.0,1.0,0.0,0.947368421052632,0.5,0.0,0.7634906,0.2365094
156,98,0.0,0.0,1.0,2.0,0.0,2.0,1.0,1.0,1.0,24.0,38.0,0.62,0.0,12.0,1.0,2.0,15.0,2.0,2.66,1.0,1.0,0.0,0.947368421052632,0.5,0.0,0.7962378,0.2037622
156,99,0.0,0.0,1.0,2.0,0.0,2.0,1.0,1.0,1.0,24.0,49.0,0.62,0.0,95.0,1.0,15.0,15.0,2.0,2.66,1.0,1.0,0.0,0.947368421052632,0.5,0.0,0.53923506,0.46076494
165,0,0.0,0.0,1.0,1.0,0.0,1.0,2.0,1.0,1.0,8.0,26.0,0.23,0.0,82.0,2.0,0.0,2.0,1.0,2.37037037037037,0.0,1.0,0.0,0.676923076923077,0.5,3.0,0.949546,0.05045402
165,1,0.0,0.0,1.0,1.0,0.0,1.0,2.0,1.0,1.0,8.0,26.0,0.23,0.0,82.0,2.0,0.0,14.0,1.0,27.2,0.0,1.0,0.0,0.676923076923077,0.5,0.0,0.791319,0.20868102
165,2,0.0,0.0,1.0,1.0,0.0,1.0,2.0,1.0,1.0,8.0,26.0,0.23,0.0,13.0,2.0,0.0,14.0,1.0,14.8,0.0,1.0,0.0,0.676923076923077,0.5,0.0,0.73191845,0.26808155
165,3,0.0,0.0,1.0,1.0,0.0,1.0,2.0,1.0,1.0,8.0,26.0,0.23,0.0,82.0,2.0,0.0,49.0,1.0,26.8,0.0,1.0,0.0,0.676923076923077,0.5,0.0,0.85415304,0.145847
165,4,0.0,0.0,1.0,1.0,0.0,1.0,2.0,1.0,1.0,8.0,26.0,0.23,0.0,82.0,2.0,0.0,14.0,1.0,27.7,0.0,1.0,0.0,0.676923076923077,0.5,0.0,0.791319,0.20868102
165,5,0.0,0.0,1.0,1.0,0.0,1.0,2.0,1.0,1.0,8.0,46.0,0.23,0.0,82.0,2.0,0.0,14.0,6.0,2.37037037037037,0.0,1.0,0.0,0.676923076923077,0.5,0.0,0.70153487,0.2984651
165,6,0.0,0.0,1.0,1.0,0.0,1.0,2.0,1.0,1.0,8.0,26.0,0.23,0.0,82.0,6.0,0.0,14.0,1.0,47.9,0.0,1.0,0.0,0.676923076923077,0.5,0.0,0.8617988,0.13820119
165,7,0.0,0.0,1.0,1.0,0.0,1.0,2.0,1.0,1.0,8.0,58.0,0.23,0.0,82.0,2.0,0.0,14.0,1.0,2.37037037037037,0.0,1.0,0.0,0.676923076923077,0.5,0.0,0.7697744,0.23022564
165,8,0.0,0.0,1.0,68.0,0.0,1.0,2.0,1.0,1.0,8.0,26.0,0.23,0.0,82.0,2.0,0.0,14.0,1.0,50.7,0.0,1.0,0.0,0.676923076923077,0.5,0.0,0.86722445,0.13277557
165,9,0.0,0.0,1.0,1.0,0.0,1.0,2.0,1.0,1.0,8.0,26.0,0.23,0.0,82.0,2.0,0.0,14.0,1.0,2.37037037037037,0.0,1.0,0.0,0.5,0.2,0.0,0.5752321,0.4247679
165,10,0.0,0.0,4.0,1.0,0.0,1.0,2.0,1.0,1.0,8.0,26.0,0.23,0.0,82.0,2.0,0.0,14.0,1.0,13.4,0.0,1.0,0.0,0.676923076923077,0.5,0.0,0.72523963,0.2747604
165,11,0.0,0.0,1.0,1.0,0.0,1.0,11.0,1.0,1.0,8.0,26.0,0.23,0.0,82.0,2.0,0.0,14.0,1.0,51.5,0.0,1.0,0.0,0.676923076923077,0.5,0.0,0.6504984,0.34950164
165,12,0.0,0.0,1.0,1.0,0.0,1.0,2.0,1.0,1.0,8.0,8.0,0.23,0.0,82.0,2.0,0.0,14.0,1.0,2.37037037037037,0.0,12.0,0.0,0.676923076923077,0.5,0.0,0.9756007,0.02439928
165,13,0.0,0.0,1.0,1.0,0.0,1.0,2.0,1.0,1.0,8.0,26.0,0.23,0.0,82.0,2.0,0.0,14.0,1.0,2.37037037037037,0.0,38.0,0.0,0.676923076923077,0.5,1.0,0.60327774,0.39672226
165,14,0.0,0.0,1.0,1.0,0.0,1.0,2.0,1.0,1.0,8.0,26.0,0.23,0.0,82.0,2.0,0.0,14.0,1.0,30.9,0.0,1.0,2.0,0.676923076923077,0.5,0.0,0.82241154,0.17758843
165,15,0.0,0.0,1.0,1.0,0.0,1.0,2.0,1.0,1.0,8.0,26.0,0.23,0.0,82.0,2.0,0.0,14.0,1.0,36.3,0.0,1.0,0.0,0.676923076923077,0.5,0.0,0.791319,0.20868102
165,16,0.0,0.0,1.0,1.0,0.0,1.0,2.0,1.0,1.0,8.0,26.0,0.23,0.0,82.0,5.0,0.0,14.0,1.0,2.37037037037037,0.0,1.0,0.0,0.676923076923077,0.5,1.0,0.5722134,0.42778662
165,17,0.0,0.0,1.0,1.0,0.0,1.0,2.0,1.0,1.0,8.0,26.0,0.23,0.0,82.0,2.0,0.0,14.0,7.0,26.9,0.0,1.0,0.0,0.676923076923077,0.5,0.0,0.72742456,0.27257544
165,18,0.0,0.0,1.0,1.0,0.0,1.0,2.0,1.0,21.0,8.0,26.0,0.23,0.0,82.0,2.0,0.0,14.0,1.0,24.5,0.0,1.0,0.0,0.676923076923077,0.5,0.0,0.8795645,0.120435454
165,19,0.0,0.0,1.0,1.0,0.0,1.0,12.0,1.0,1.0,8.0,26.0,0.23,0.0,82.0,2.0,0.0,14.0,1.0,37.5,0.0,1.0,0.0,0.676923076923077,0.5,0.0,0.6504984,0.34950164
165,20,0.0,0.0,1.0,1.0,0.0,1.0,2.0,1.0,1.0,8.0,26.0,0.23,0.0,82.0,2.0,0.0,14.0,1.0,2.37037037037037,0.0,1.0,0.0,0.5,0.3,0.0,0.5752321,0.4247679
165,21,0.0,0.0,1.0,1.0,0.0,1.0,2.0,1.0,1.0,8.0,26.0,0.23,0.0,82.0,2.0,0.0,14.0,1.0,12.7,0.0,1.0,0.0,0.676923076923077,0.5,0.0,0.791319,0.20868102
165,22,0.0,0.0,1.0,1.0,0.0,1.0,2.0,1.0,1.0,8.0,18.0,0.23,0.0,82.0,2.0,0.0,14.0,1.0,2.37037037037037,0.0,1.0,0.0,0.676923076923077,0.5,2.0,0.5278362,0.47216383
165,23,0.0,0.0,1.0,1.0,0.0,1.0,2.0,1.0,1.0,8.0,26.0,0.23,0.0,82.0,2.0,0.0,14.0,1.0,23.9,0.0,1.0,0.0,0.676923076923077,0.5,0.0,0.791319,0.20868102
165,24,0.0,0.0,1.0,1.0,0.0,1.0,2.0,1.0,1.0,8.0,26.0,0.23,0.0,82.0,2.0,0.0,14.0,1.0,27.7,0.0,1.0,2.0,0.676923076923077,0.5,0.0,0.82241154,0.17758843
165,25,0.0,0.0,1.0,1.0,0.0,1.0,2.0,1.0,1.0,8.0,51.0,0.23,0.0,82.0,2.0,0.0,14.0,9.0,2.37037037037037,0.0,1.0,0.0,0.676923076923077,0.5,0.0,0.70153487,0.2984651
165,26,0.0,0.0,1.0,1.0,0.0,1.0,2.0,1.0,1.0,8.0,26.0,0.23,0.0,82.0,2.0,0.0,14.0,1.0,42.5,0.0,1.0,0.0,0.676923076923077,0.5,3.0,0.865304,0.13469598
165,27,0.0,0.0,1.0,1.0,0.0,1.0,2.0,1.0,1.0,8.0,91.0,0.23,0.0,82.0,2.0,0.0,14.0,1.0,2.37037037037037,0.0,1.0,0.0,0.676923076923077,0.5,0.0,0.7697744,0.23022564
165,28,13.0,0.0,1.0,1.0,0.0,1.0,2.0,1.0,1.0,8.0,138.0,0.23,0.0,82.0,2.0,0.0,14.0,1.0,2.37037037037037,0.0,1.0,0.0,0.676923076923077,0.5,0.0,0.75127804,0.24872197
165,29,0.0,0.0,1.0,1.0,0.0,1.0,2.0,1.0,38.0,8.0,26.0,0.23,0.0,82.0,2.0,0.0,14.0,1.0,2.37037037037037,0.0,1.0,0.0,0.9,0.5,0.0,0.7703385,0.22966154
165,30,0.0,0.0,1.0,1.0,0.0,1.0,2.0,1.0,1.0,8.0,26.0,0.23,0.0,82.0,2.0,0.0,14.0,1.0,38.0,0.0,9.0,0.0,0.676923076923077,0.5,0.0,0.8487347,0.15126531
165,31,0.0,0.0,1.0,1.0,0.0,1.0,2.0,1.0,1.0,8.0,62.0,0.23,0.0,82.0,2.0,0.0,14.0,2.0,2.37037037037037,0.0,1.0,0.0,0.676923076923077,0.5,0.0,0.76633716,0.23366284
165,32,0.0,0.0,1.0,1.0,0.0,1.0,2.0,1.0,1.0,8.0,38.0,0.23,0.0,82.0,2.0,0.0,14.0,1.0,2.37037037037037,0.0,1.0,1.0,0.676923076923077,0.5,0.0,0.72684443,0.27315554
165,33,0.0,0.0,1.0,1.0,0.0,1.0,2.0,1.0,1.0,8.0,98.0,0.23,0.0,82.0,2.0,0.0,14.0,1.0,2.37037037037037,0.0,1.0,0.0,0.676923076923077,0.5,0.0,0.7697744,0.23022564
165,34,0.0,0.0,1.0,1.0,0.0,1.0,2.0,1.0,1.0,8.0,26.0,0.23,0.0,82.0,2.0,0.0,14.0,1.0,15.0,0.0,1.0,0.0,0.676923076923077,0.5,0.0,0.791319,0.20868102
165,35,0.0,0.0,1.0,1.0,0.0,1.0,2.0,3.0,1.0,8.0,26.0,0.23,0.0,82.0,2.0,0.0,14.0,1.0,2.37037037037037,0.0,1.0,0.0,1.1,0.5,0.0,0.9566571,0.043342877
165,36,0.0,0.0,1.0,66.0,0.0,1.0,2.0,1.0,1.0,8.0,83.0,0.23,0.0,82.0,2.0,0.0,14.0,1.0,2.37037037037037,0.0,1.0,0.0,0.676923076923077,0.5,0.0,0.83421224,0.16578774
165,37,0.0,0.0,1.0,1.0,0.0,1.0,2.0,1.0,1.0,8.0,26.0,0.23,0.0,82.0,7.0,0.0,14.0,1.0,4.9,0.0,1.0,0.0,0.676923076923077,0.5,0.0,0.6634253,0.33657467
165,38,0.0,0.0,1.0,1.0,0.0,1.0,2.0,1.0,1.0,8.0,26.0,0.23,0.0,82.0,2.0,0.0,14.0,1.0,13.7,0.0,1.0,0.0,0.5,0.5,0.0,0.80489653,0.19510347
165,39,0.0,0.0,1.0,1.0,0.0,1.0,2.0,1.0,14.0,8.0,26.0,0.23,0.0,82.0,2.0,0.0,14.0,1.0,30.6,0.0,1.0,0.0,0.676923076923077,0.5,0.0,0.8795645,0.120435454
165,40,0.0,0.0,1.0,1.0,0.0,1.0,2.0,1.0,1.0,8.0,57.0,0.23,0.0,82.0,2.0,0.0,14.0,1.0,2.37037037037037,0.0,0.0,0.0,0.676923076923077,0.5,0.0,0.7781948,0.22180523
165,41,0.0,0.0,1.0,1.0,0.0,1.0,2.0,1.0,1.0,8.0,26.0,0.23,0.0,82.0,2.0,0.0,14.0,1.0,34.8,0.0,1.0,0.0,0.676923076923077,0.5,0.0,0.791319,0.20868102
165,42,0.0,0.0,1.0,1.0,16.0,1.0,2.0,1.0,1.0,8.0,26.0,0.23,0.0,82.0,2.0,0.0,14.0,1.0,2.37037037037037,0.0,1.0,0.0,1.0,0.5,0.0,0.96547407,0.034525935
165,43,0.0,0.0,1.0,1.0,0.0,1.0,2.0,1.0,1.0,8.0,26.0,0.23,0.0,82.0,2.0,0.0,14.0,1.0,2.37037037037037,17.0,1.0,0.0,1.0,0.5,0.0,0.9358279,0.064172104
165,44,0.0,0.0,1.0,1.0,0.0,1.0,2.0,1.0,1.0,8.0,26.0,0.23,0.0,82.0,2.0,0.0,14.0,1.0,2.37037037037037,0.0,1.0,0.0,0.4,0.1,0.0,0.54523855,0.45476145
165,45,0.0,0.0,1.0,1.0,0.0,1.0,2.0,1.0,1.0,8.0,58.0,0.23,0.0,82.0,8.0,0.0,14.0,1.0,2.37037037037037,0.0,1.0,0.0,0.676923076923077,0.5,0.0,0.8426109,0.1573891
165,46,0.0,0.0,1.0,1.0,0.0,1.0,2.0,1.0,1.0,24.0,26.0,0.23,0.0,82.0,2.0,0.0,14.0,1.0,2.37037037037037,0.0,1.0,0.0,1.0,0.5,0.0,0.83190477,0.16809523
165,47,0.0,0.0,1.0,1.0,0.0,1.0,2.0,1.0,1.0,8.0,26.0,0.23,0.0,82.0,2.0,38.0,14.0,1.0,47.6,0.0,1.0,0.0,0.676923076923077,0.5,0.0,0.8945158,0.105484165
165,48,0.0,0.0,1.0,67.0,0.0,1.0,2.0,1.0,1.0,8.0,97.0,0.23,0.0,82.0,2.0,0.0,14.0,1.0,2.37037037037037,0.0,1.0,0.0,0.676923076923077,0.5,0.0,0.83421224,0.16578774
165,49,0.0,0.0,1.0,1.0,0.0,0.0,2.0,1.0,1.0,8.0,14.0,0.23,0.0,82.0,2.0,0.0,14.0,1.0,2.37037037037037,0.0,1.0,0.0,0.676923076923077,0.5,0.0,0.91178,0.08821998
165,50,0.0,0.0,1.0,1.0,0.0,15.0,2.0,1.0,1.0,8.0,128.0,0.23,0.0,82.0,2.0,0.0,14.0,1.0,2.37037037037037,0.0,1.0,0.0,0.676923076923077,0.5,0.0,0.6343008,0.3656992
165,51,0.0,0.0,1.0,1.0,0.0,1.0,2.0,1.0,1.0,8.0,26.0,0.23,0.0,82.0,2.0,0.0,14.0,1.0,44.9,0.0,1.0,0.0,0.676923076923077,0.5,0.0,0.791319,0.20868102
165,52,0.0,0.0,1.0,1.0,10.0,1.0,2.0,1.0,1.0,8.0,26.0,0.23,0.0,82.0,2.0,0.0,14.0,1.0,2.37037037037037,0.0,1.0,0.0,0.9,0.5,0.0,0.8133064,0.1866936
165,53,0.0,0.0,1.0,1.0,0.0,1.0,2.0,1.0,1.0,8.0,61.0,0.23,0.0,82.0,2.0,0.0,14.0,1.0,2.37037037037037,0.0,1.0,0.0,0.676923076923077,1.1,0.0,0.67530996,0.32469004
165,54,0.0,0.0,1.0,1.0,0.0,1.0,2.0,1.0,1.0,8.0,43.0,0.23,0.0,82.0,2.0,0.0,14.0,1.0,2.37037037037037,0.0,1.0,0.0,0.676923076923077,0.5,3.0,0.9304527,0.069547296
165,55,0.0,0.0,1.0,1.0,0.0,1.0,3.0,1.0,1.0,8.0,74.0,0.23,0.0,82.0,2.0,0.0,14.0,1.0,2.37037037037037,0.0,1.0,0.0,0.676923076923077,0.5,0.0,0.5203812,0.47961876
165,56,0.0,0.0,1.0,1.0,0.0,1.0,2.0,1.0,1.0,8.0,26.0,0.23,0.0,82.0,2.0,0.0,31.0,1.0,2.37037037037037,0.0,1.0,0.0,0.676923076923077,0.5,4.0,0.54102373,0.45897624
165,57,0.0,0.0,1.0,1.0,0.0,1.0,2.0,10.0,1.0,8.0,135.0,0.23,0.0,82.0,2.0,0.0,14.0,1.0,2.37037037037037,0.0,1.0,0.0,0.676923076923077,0.5,0.0,0.7115003,0.2884997
165,58,0.0,0.0,1.0,1.0,0.0,1.0,2.0,1.0,1.0,8.0,142.0,3.37,0.0,82.0,2.0,0.0,14.0,1.0,2.37037037037037,0.0,1.0,0.0,0.676923076923077,0.5,0.0,0.65788925,0.34211075
165,59,8.0,0.0,1.0,1.0,0.0,1.0,2.0,1.0,1.0,8.0,26.0,0.23,0.0,82.0,2.0,0.0,14.0,1.0,37.5,0.0,1.0,0.0,0.676923076923077,0.5,0.0,0.77513,0.22487004
165,60,0.0,0.0,1.0,1.0,0.0,1.0,2.0,1.0,1.0,8.0,26.0,0.23,0.0,82.0,2.0,0.0,14.0,1.0,1.5,0.0,1.0,0.0,0.676923076923077,0.0,0.0,0.69259655,0.30740342
165,61,0.0,0.0,1.0,1.0,0.0,1.0,2.0,1.0,1.0,8.0,26.0,0.23,0.0,82.0,2.0,0.0,12.0,1.0,38.0,0.0,1.0,0.0,0.676923076923077,0.5,0.0,0.791319,0.20868102
165,62,0.0,0.0,1.0,79.0,0.0,1.0,2.0,1.0,1.0,8.0,120.0,0.23,0.0,82.0,2.0,0.0,14.0,1.0,2.37037037037037,0.0,1.0,0.0,0.676923076923077,0.5,0.0,0.83421224,0.16578774
165,63,0.0,0.0,1.0,1.0,0.0,1.0,2.0,1.0,1.0,8.0,26.0,0.23,0.0,82.0,2.0,0.0,21.0,1.0,49.6,0.0,1.0,0.0,0.676923076923077,0.5,0.0,0.85415304,0.145847
165,64,0.0,0.0,1.0,1.0,21.0,1.0,2.0,1.0,1.0,8.0,26.0,0.23,0.0,82.0,2.0,0.0,14.0,1.0,25.1,0.0,1.0,0.0,0.676923076923077,0.5,0.0,0.75347257,0.24652742
165,65,0.0,0.0,1.0,1.0,0.0,1.0,2.0,1.0,1.0,8.0,26.0,0.23,0.0,82.0,2.0,0.0,8.0,1.0,12.6,0.0,1.0,0.0,0.676923076923077,0.5,0.0,0.9203896,0.0796104
165,66,0.0,0.0,1.0,1.0,0.0,1.0,2.0,1.0,1.0,8.0,26.0,0.23,0.0,82.0,2.0,0.0,14.0,1.0,34.7,0.0,1.0,0.0,0.8,0.5,0.0,0.8145125,0.18548752
165,67,0.0,0.0,0.0,1.0,0.0,1.0,2.0,1.0,1.0,8.0,105.0,0.23,0.0,82.0,2.0,0.0,14.0,1.0,2.37037037037037,0.0,1.0,0.0,0.676923076923077,0.5,0.0,0.7697744,0.23022564
165,68,0.0,0.0,1.0,1.0,0.0,1.0,2.0,6.0,1.0,8.0,26.0,0.23,0.0,82.0,2.0,0.0,14.0,1.0,30.6,0.0,1.0,0.0,0.676923076923077,0.5,0.0,0.84482825,0.15517178
165,69,0.0,0.0,1.0,1.0,0.0,1.0,2.0,1.0,1.0,8.0,77.0,0.23,0.0,82.0,2.0,0.0,14.0,1.0,2.37037037037037,0.0,1.0,0.0,0.676923076923077,0.5,0.0,0.7697744,0.23022564
165,70,14.0,0.0,1.0,1.0,0.0,1.0,2.0,1.0,1.0,8.0,26.0,0.23,0.0,82.0,2.0,0.0,14.0,1.0,47.6,0.0,1.0,0.0,0.676923076923077,0.5,0.0,0.77513,0.22487004
165,71,0.0,0.0,1.0,1.0,0.0,1.0,2.0,1.0,1.0,8.0,26.0,0.23,0.0,82.0,2.0,0.0,14.0,1.0,25.1,0.0,1.0,0.0,0.676923076923077,0.5,0.0,0.791319,0.20868102
165,72,0.0,0.0,1.0,1.0,0.0,1.0,2.0,1.0,1.0,8.0,138.0,0.23,0.0,29.0,2.0,0.0,14.0,1.0,2.37037037037037,0.0,1.0,0.0,0.676923076923077,0.5,0.0,0.68544555,0.31455442
165,73,0.0,0.0,1.0,1.0,0.0,1.0,2.0,1.0,1.0,8.0,26.0,0.23,0.0,82.0,1.0,0.0,14.0,1.0,2.37037037037037,0.0,1.0,0.0,1.0,0.5,0.0,0.9362877,0.06371228
165,74,0.0,0.0,1.0,1.0,0.0,1.0,2.0,1.0,1.0,8.0,26.0,0.23,0.0,95.0,2.0,0.0,14.0,1.0,2.37037037037037,0.0,1.0,0.0,0.676923076923077,0.5,3.0,0.6010845,0.39891553
165,75,0.0,0.0,1.0,1.0,0.0,1.0,2.0,1.0,33.0,8.0,26.0,0.23,0.0,82.0,2.0,0.0,14.0,1.0,6.8,0.0,1.0,0.0,0.676923076923077,0.5,0.0,0.5288148,0.4711852
165,76,0.0,0.0,1.0,1.0,0.0,1.0,2.0,1.0,30.0,8.0,101.0,0.23,0.0,82.0,2.0,0.0,14.0,1.0,2.37037037037037,0.0,1.0,0.0,0.676923076923077,0.5,0.0,0.8578402,0.14215982
165,77,0.0,0.0,1.0,1.0,0.0,1.0,5.0,1.0,1.0,8.0,50.0,0.23,0.0,82.0,2.0,0.0,14.0,1.0,2.37037037037037,0.0,1.0,0.0,0.676923076923077,0.5,0.0,0.6180928,0.38190725
165,78,0.0,0.0,1.0,1.0,0.0,1.0,2.0,1.0,1.0,8.0,73.0,0.23,0.0,82.0,2.0,0.0,14.0,1.0,2.37037037037037,0.0,1.0,0.0,0.4,0.5,0.0,0.76658976,0.23341021
165,79,0.0,0.0,0.0,1.0,0.0,1.0,2.0,1.0,1.0,8.0,26.0,0.23,0.0,82.0,2.0,0.0,14.0,1.0,34.1,0.0,1.0,0.0,0.676923076923077,0.5,0.0,0.791319,0.20868102
165,80,0.0,0.0,1.0,1.0,0.0,1.0,2.0,1.0,1.0,8.0,26.0,0.23,0.0,82.0,2.0,0.0,54.0,1.0,2.37037037037037,0.0,1.0,0.0,0.676923076923077,0.5,4.0,0.54102373,0.45897624
165,81,0.0,0.0,1.0,1.0,0.0,1.0,2.0,1.0,1.0,8.0,26.0,0.23,0.0,82.0,2.0,0.0,14.0,1.0,46.3,0.0,22.0,0.0,0.676923076923077,0.5,0.0,0.8487347,0.15126531
165,82,0.0,0.0,1.0,1.0,0.0,1.0,2.0,6.0,1.0,8.0,26.0,0.23,0.0,82.0,2.0,0.0,14.0,1.0,2.37037037037037,0.0,1.0,0.0,1.0,0.5,0.0,0.9484468,0.05155319
165,83,0.0,0.0,1.0,1.0,0.0,1.0,2.0,1.0,1.0,8.0,26.0,0.23,0.0,82.0,2.0,0.0,35.0,1.0,52.5,0.0,1.0,0.0,0.676923076923077,0.5,0.0,0.85415304,0.145847
165,84,0.0,0.0,0.0,1.0,0.0,1.0,2.0,1.0,1.0,8.0,26.0,0.23,0.0,82.0,2.0,0.0,14.0,1.0,33.3,0.0,1.0,0.0,0.676923076923077,0.5,0.0,0.791319,0.20868102
165,85,0.0,0.0,1.0,1.0,0.0,0.0,2.0,1.0,1.0,2.0,26.0,0.23,0.0,82.0,2.0,0.0,14.0,1.0,2.37037037037037,0.0,1.0,0.0,0.676923076923077,0.5,0.0,0.516337,0.48366302
165,86,0.0,0.0,1.0,1.0,0.0,17.0,2.0,1.0,1.0,8.0,135.0,0.23,0.0,82.0,2.0,0.0,14.0,1.0,2.37037037037037,0.0,1.0,0.0,0.676923076923077,0.5,0.0,0.6343008,0.3656992
165,87,0.0,0.0,1.0,1.0,0.0,1.0,2.0,1.0,1.0,8.0,26.0,6.13,0.0,82.0,2.0,0.0,14.0,1.0,42.9,0.0,1.0,0.0,0.676923076923077,0.5,0.0,0.533625,0.46637496
165,88,0.0,0.0,1.0,1.0,0.0,1.0,2.0,1.0,1.0,8.0,26.0,0.23,0.0,82.0,2.0,12.0,14.0,1.0,2.37037037037037,0.0,1.0,0.0,1.0,0.5,0.0,0.9759327,0.024067296
165,89,0.0,0.0,1.0,1.0,0.0,1.0,2.0,1.0,1.0,8.0,26.0,0.23,0.0,82.0,2.0,0.0,14.0,1.0,47.9,0.0,1.0,0.0,0.676923076923077,0.5,0.0,0.791319,0.20868102
165,90,0.0,0.0,1.0,1.0,0.0,1.0,2.0,1.0,1.0,8.0,0.0,0.23,0.0,82.0,2.0,0.0,14.0,1.0,2.37037037037037,0.0,1.0,0.0,0.7,0.5,0.0,0.98199165,0.018008357
165,91,0.0,0.0,1.0,1.0,0.0,1.0,2.0,1.0,1.0,8.0,119.0,0.23,0.0,82.0,2.0,0.0,14.0,1.0,2.37037037037037,0.0,1.0,0.0,0.676923076923077,0.8,0.0,0.64614534,0.35385463
165,92,0.0,0.0,1.0,1.0,0.0,1.0,2.0,1.0,1.0,8.0,26.0,0.23,0.0,82.0,2.0,0.0,14.0,1.0,46.2,0.0,1.0,3.0,0.676923076923077,0.5,0.0,0.82241154,0.17758843
165,93,0.0,0.0,1.0,1.0,0.0,1.0,2.0,1.0,1.0,8.0,26.0,0.23,0.0,82.0,2.0,0.0,14.0,1.0,36.5,0.0,1.0,0.0,0.676923076923077,0.5,0.0,0.791319,0.20868102
165,94,0.0,0.0,1.0,1.0,14.0,1.0,2.0,1.0,1.0,8.0,26.0,0.23,0.0,82.0,2.0,0.0,14.0,1.0,26.2,0.0,1.0,0.0,0.676923076923077,0.5,0.0,0.75347257,0.24652742
165,95,0.0,0.0,1.0,1.0,0.0,1.0,2.0,1.0,1.0,8.0,26.0,0.23,0.0,82.0,2.0,0.0,14.0,1.0,24.2,0.0,1.0,0.0,0.676923076923077,0.5,0.0,0.791319,0.20868102
165,96,0.0,0.0,1.0,1.0,0.0,1.0,10.0,1.0,1.0,8.0,26.0,0.23,0.0,82.0,2.0,0.0,14.0,1.0,13.3,0.0,1.0,0.0,0.676923076923077,0.5,0.0,0.6504984,0.34950164
165,97,0.0,0.0,1.0,1.0,0.0,1.0,2.0,1.0,1.0,8.0,63.0,0.23,9.0,82.0,2.0,0.0,14.0,1.0,2.37037037037037,0.0,1.0,0.0,0.676923076923077,0.5,0.0,0.73695886,0.2630411
165,98,0.0,0.0,1.0,1.0,0.0,1.0,2.0,1.0,1.0,8.0,52.0,1.83,0.0,82.0,2.0,0.0,14.0,1.0,2.37037037037037,0.0,1.0,0.0,0.676923076923077,0.5,0.0,0.6779618,0.32203817
165,99,0.0,0.0,1.0,1.0,0.0,1.0,2.0,1.0,1.0,0.0,26.0,0.23,0.0,82.0,8.0,0.0,14.0,1.0,2.37037037037037,0.0,1.0,0.0,0.676923076923077,0.5,0.0,0.5269448,0.47305518
166,0,0.0,0.0,1.0,1.0,0.0,0.0,2.0,1.0,1.0,7.0,24.0,0.2,0.0,70.0,2.0,0.0,8.0,1.0,2.48,0.0,1.0,0.0,0.729824561403509,0.0,0.0,0.8804811,0.11951886
166,1,0.0,0.0,1.0,1.0,0.0,0.0,9.0,1.0,1.0,7.0,24.0,0.2,10.0,70.0,2.0,0.0,11.0,1.0,2.48,0.0,1.0,0.0,0.729824561403509,0.0,0.0,0.51161355,0.48838645
166,2,0.0,0.0,1.0,1.0,0.0,0.0,2.0,1.0,1.0,7.0,24.0,0.2,11.0,70.0,2.0,0.0,11.0,1.0,2.48,0.0,1.0,3.0,0.729824561403509,0.0,0.0,0.5732807,0.42671928
166,3,0.0,0.0,1.0,91.0,0.0,0.0,2.0,1.0,25.0,7.0,24.0,0.2,0.0,70.0,2.0,0.0,11.0,1.0,2.48,0.0,1.0,0.0,0.729824561403509,0.0,0.0,0.53433233,0.46566767
166,4,0.0,0.0,1.0,60.0,0.0,0.0,2.0,1.0,1.0,7.0,24.0,0.2,0.0,70.0,2.0,0.0,11.0,1.0,2.48,0.0,1.0,0.0,1.0,0.0,0.0,0.9461788,0.05382119
166,5,0.0,0.0,1.0,1.0,0.0,0.0,2.0,1.0,1.0,7.0,65.0,0.2,0.0,70.0,2.0,0.0,11.0,1.0,2.48,0.0,1.0,0.0,0.5,0.0,0.0,0.88259983,0.11740014
166,6,0.0,0.0,1.0,1.0,0.0,0.0,2.0,1.0,1.0,7.0,24.0,0.2,0.0,70.0,2.0,29.0,11.0,1.0,22.0,0.0,1.0,0.0,0.729824561403509,0.0,0.0,0.89923936,0.10076063
166,7,0.0,0.0,1.0,1.0,0.0,0.0,2.0,1.0,27.0,7.0,24.0,0.2,0.0,70.0,2.0,0.0,11.0,1.0,2.48,0.0,1.0,0.0,1.0,0.0,0.0,0.9565238,0.043476235
166,8,0.0,0.0,1.0,1.0,0.0,0.0,2.0,1.0,1.0,7.0,24.0,0.2,0.0,70.0,2.0,25.0,11.0,1.0,44.6,0.0,1.0,0.0,0.729824561403509,0.0,0.0,0.89923936,0.10076063
166,9,0.0,0.0,1.0,1.0,0.0,0.0,2.0,1.0,1.0,12.0,24.0,0.2,0.0,70.0,2.0,0.0,6.0,1.0,2.48,0.0,1.0,0.0,0.729824561403509,0.0,0.0,0.7786299,0.22137007
166,10,0.0,0.0,1.0,1.0,0.0,0.0,2.0,1.0,1.0,7.0,24.0,0.2,0.0,70.0,2.0,0.0,59.0,1.0,2.48,0.0,1.0,0.0,0.729824561403509,0.0,4.0,0.6506239,0.34937608
166,11,0.0,0.0,1.0,1.0,0.0,0.0,0.0,1.0,1.0,7.0,24.0,0.2,0.0,70.0,2.0,0.0,28.0,1.0,2.48,0.0,1.0,0.0,0.729824561403509,0.0,0.0,0.55814314,0.4418569
166,12,0.0,0.0,1.0,1.0,0.0,0.0,2.0,1.0,1.0,28.0,24.0,0.2,0.0,70.0,2.0,0.0,11.0,1.0,35.9,0.0,1.0,0.0,0.729824561403509,0.0,0.0,0.5389513,0.46104872
166,13,0.0,0.0,1.0,1.0,0.0,0.0,2.0,1.0,1.0,7.0,63.0,0.2,0.0,70.0,2.0,0.0,11.0,1.0,2.48,0.0,24.0,0.0,0.729824561403509,0.0,0.0,0.6857909,0.31420913
166,14,0.0,0.0,1.0,1.0,0.0,0.0,2.0,1.0,1.0,7.0,24.0,0.2,0.0,70.0,2.0,0.0,11.0,1.0,2.48,0.0,1.0,3.0,0.5,0.0,0.0,0.6501817,0.3498183
166,15,0.0,0.0,1.0,1.0,0.0,0.0,2.0,1.0,1.0,7.0,24.0,0.2,0.0,70.0,2.0,0.0,11.0,1.0,2.48,5.0,1.0,0.0,1.0,0.0,0.0,0.878601,0.12139896
166,16,0.0,0.0,1.0,1.0,0.0,0.0,2.0,1.0,1.0,7.0,123.0,0.2,3.0,70.0,2.0,0.0,11.0,1.0,2.48,0.0,1.0,0.0,0.729824561403509,0.0,0.0,0.8824229,0.11757709
166,17,0.0,0.0,1.0,1.0,0.0,0.0,2.0,1.0,1.0,7.0,64.0,0.2,0.0,70.0,2.0,0.0,11.0,1.0,2.48,18.0,1.0,0.0,0.729824561403509,0.0,0.0,0.562493,0.43750697
166,18,5.0,0.0,1.0,1.0,0.0,0.0,2.0,1.0,1.0,7.0,94.0,0.2,0.0,70.0,2.0,0.0,11.0,1.0,2.48,0.0,1.0,0.0,0.729824561403509,0.0,0.0,0.7395357,0.2604643
166,19,0.0,0.0,1.0,1.0,0.0,0.0,2.0,1.0,1.0,7.0,24.0,0.2,0.0,70.0,2.0,0.0,11.0,1.0,51.1,0.0,1.0,0.0,0.729824561403509,0.0,0.0,0.79962856,0.20037144
166,20,0.0,0.0,1.0,1.0,0.0,0.0,2.0,1.0,40.0,7.0,24.0,0.2,0.0,70.0,6.0,0.0,11.0,1.0,2.48,0.0,1.0,0.0,0.729824561403509,0.0,0.0,0.5086102,0.4913898
166,21,0.0,0.0,1.0,1.0,0.0,0.0,2.0,1.0,1.0,7.0,24.0,0.2,0.0,70.0,2.0,0.0,11.0,1.0,31.6,33.0,1.0,0.0,0.729824561403509,0.0,0.0,0.7333404,0.2666596
166,22,0.0,0.0,1.0,6.0,0.0,0.0,2.0,1.0,26.0,7.0,24.0,0.2,0.0,70.0,2.0,0.0,11.0,1.0,2.48,0.0,1.0,0.0,0.729824561403509,0.0,0.0,0.53433233,0.46566767
166,23,0.0,0.0,1.0,1.0,0.0,0.0,2.0,1.0,1.0,7.0,24.0,0.2,0.0,70.0,2.0,0.0,11.0,1.0,0.1,0.0,1.0,0.0,0.729824561403509,0.0,0.0,0.50125575,0.49874425
166,24,0.0,0.0,1.0,1.0,0.0,0.0,2.0,1.0,1.0,7.0,24.0,0.2,0.0,70.0,2.0,0.0,11.0,1.0,16.5,0.0,1.0,0.0,0.729824561403509,0.0,0.0,0.79962856,0.20037144
166,25,0.0,0.0,1.0,1.0,0.0,0.0,2.0,1.0,1.0,7.0,18.0,0.2,0.0,70.0,2.0,0.0,11.0,1.0,2.48,0.0,1.0,0.0,0.729824561403509,0.0,2.0,0.5510564,0.44894364
166,26,0.0,0.0,1.0,1.0,0.0,0.0,2.0,1.0,1.0,7.0,24.0,0.2,0.0,70.0,2.0,0.0,0.0,1.0,5.1,0.0,1.0,0.0,0.729824561403509,0.0,0.0,0.9793056,0.020694368
166,27,0.0,0.0,1.0,1.0,0.0,0.0,2.0,1.0,1.0,7.0,24.0,0.2,0.0,70.0,2.0,33.0,11.0,1.0,39.6,0.0,1.0,0.0,0.729824561403509,0.0,0.0,0.89923936,0.10076063
166,28,0.0,0.0,1.0,1.0,0.0,0.0,2.0,1.0,1.0,7.0,24.0,0.2,14.0,70.0,2.0,0.0,7.0,1.0,2.48,0.0,1.0,0.0,0.729824561403509,0.0,0.0,0.8945261,0.105473906
166,29,0.0,0.0,1.0,1.0,0.0,0.0,2.0,9.0,1.0,7.0,24.0,0.2,0.0,70.0,2.0,0.0,11.0,1.0,37.5,0.0,1.0,0.0,0.729824561403509,0.0,0.0,0.71103793,0.28896207
166,30,0.0,0.0,1.0,1.0,0.0,0.0,2.0,1.0,1.0,7.0,24.0,0.2,0.0,70.0,2.0,0.0,11.0,1.0,2.48,0.0,1.0,3.0,0.9,0.0,0.0,0.7234413,0.2765587
166,31,0.0,0.0,1.0,1.0,0.0,0.0,2.0,1.0,1.0,7.0,24.0,0.2,0.0,87.0,2.0,0.0,11.0,1.0,2.48,0.0,1.0,0.0,0.8,0.0,0.0,0.79162335,0.20837663
166,32,0.0,0.0,1.0,1.0,0.0,0.0,6.0,1.0,1.0,7.0,24.0,0.2,0.0,70.0,2.0,0.0,11.0,1.0,44.4,0.0,1.0,0.0,0.729824561403509,0.0,0.0,0.74298406,0.2570159
166,33,0.0,0.0,1.0,1.0,0.0,0.0,2.0,1.0,1.0,7.0,24.0,0.2,0.0,70.0,2.0,0.0,11.0,1.0,12.1,0.0,1.0,0.0,0.729824561403509,0.0,0.0,0.79962856,0.20037144
166,34,12.0,0.0,1.0,1.0,0.0,0.0,2.0,1.0,1.0,7.0,119.0,0.2,0.0,70.0,2.0,0.0,11.0,1.0,2.48,0.0,1.0,0.0,0.729824561403509,0.0,0.0,0.7395357,0.2604643
166,35,0.0,0.0,1.0,2.0,0.0,0.0,2.0,1.0,1.0,7.0,24.0,0.2,0.0,70.0,2.0,0.0,11.0,1.0,51.1,0.0,1.0,0.0,0.729824561403509,0.0,0.0,0.7318704,0.26812962
166,36,0.0,0.0,1.0,1.0,0.0,0.0,2.0,1.0,1.0,2.0,24.0,0.2,0.0,70.0,2.0,0.0,11.0,1.0,2.48,0.0,1.0,0.0,0.729824561403509,0.0,0.0,0.55863154,0.4413685
166,37,0.0,0.0,1.0,1.0,16.0,0.0,2.0,1.0,1.0,7.0,24.0,0.2,0.0,70.0,2.0,0.0,11.0,1.0,37.7,0.0,1.0,0.0,0.729824561403509,0.0,0.0,0.78107166,0.21892832
166,38,0.0,0.0,1.0,1.0,0.0,0.0,2.0,1.0,1.0,7.0,24.0,0.2,0.0,70.0,2.0,0.0,11.0,1.0,2.48,0.0,12.0,0.0,0.9,0.0,0.0,0.7239497,0.27605036
166,39,0.0,0.0,1.0,1.0,0.0,0.0,2.0,1.0,1.0,7.0,24.0,0.2,0.0,70.0,2.0,0.0,44.0,1.0,31.9,0.0,1.0,0.0,0.729824561403509,0.0,0.0,0.8560989,0.14390112
166,40,0.0,0.0,1.0,36.0,0.0,0.0,2.0,1.0,1.0,7.0,24.0,0.2,0.0,70.0,2.0,0.0,11.0,1.0,2.48,0.0,1.0,0.0,0.729824561403509,0.0,2.0,0.6569937,0.3430063
166,41,0.0,0.0,1.0,1.0,0.0,0.0,2.0,1.0,1.0,7.0,113.0,0.2,0.0,70.0,4.0,0.0,11.0,1.0,2.48,0.0,1.0,0.0,0.729824561403509,0.0,0.0,0.66733164,0.33266836
166,42,0.0,0.0,1.0,1.0,0.0,0.0,2.0,1.0,1.0,7.0,24.0,0.2,0.0,70.0,1.0,40.0,11.0,1.0,2.48,0.0,1.0,0.0,0.729824561403509,0.0,0.0,0.52277017,0.4772298
166,43,0.0,0.0,1.0,1.0,0.0,0.0,2.0,1.0,1.0,7.0,77.0,0.2,0.0,70.0,1.0,0.0,11.0,1.0,2.48,0.0,1.0,0.0,0.729824561403509,0.0,0.0,0.65864766,0.34135234
166,44,0.0,0.0,1.0,1.0,0.0,0.0,2.0,1.0,1.0,7.0,46.0,2.04,0.0,70.0,2.0,0.0,11.0,1.0,2.48,0.0,1.0,0.0,0.729824561403509,0.0,0.0,0.64220834,0.3577917
166,45,0.0,0.0,1.0,1.0,0.0,0.0,2.0,1.0,1.0,7.0,116.0,0.2,0.0,70.0,2.0,0.0,11.0,1.0,2.48,0.0,30.0,0.0,0.729824561403509,0.0,0.0,0.6857909,0.31420913
166,46,0.0,0.0,1.0,78.0,0.0,0.0,2.0,1.0,1.0,7.0,24.0,0.2,0.0,70.0,8.0,0.0,11.0,1.0,2.48,0.0,1.0,0.0,0.729824561403509,0.0,0.0,0.5853693,0.4146307
166,47,0.0,0.0,1.0,1.0,0.0,0.0,2.0,1.0,1.0,7.0,24.0,0.2,0.0,32.0,2.0,0.0,11.0,1.0,2.48,0.0,1.0,0.0,0.729824561403509,0.0,1.0,0.67821884,0.3217812
166,48,0.0,0.0,1.0,1.0,0.0,0.0,2.0,1.0,1.0,7.0,24.0,0.2,0.0,70.0,2.0,0.0,60.0,1.0,2.48,0.0,1.0,0.0,0.4,0.0,0.0,0.71217823,0.2878218
166,49,0.0,0.0,1.0,1.0,0.0,0.0,2.0,1.0,1.0,7.0,32.0,0.2,0.0,70.0,2.0,0.0,11.0,1.0,2.48,0.0,32.0,0.0,0.729824561403509,0.0,0.0,0.51187885,0.48812115
166,50,0.0,0.0,1.0,36.0,0.0,0.0,2.0,1.0,1.0,7.0,54.0,0.2,0.0,70.0,2.0,0.0,11.0,1.0,2.48,0.0,1.0,0.0,0.729824561403509,0.0,0.0,0.7365492,0.2634508
166,51,0.0,0.0,1.0,1.0,0.0,0.0,2.0,1.0,1.0,7.0,61.0,0.2,0.0,70.0,2.0,0.0,11.0,1.0,2.48,0.0,1.0,0.0,0.729824561403509,0.0,0.0,0.6406286,0.35937145
166,52,0.0,0.0,1.0,1.0,0.0,0.0,2.0,1.0,1.0,7.0,24.0,0.2,0.0,70.0,2.0,0.0,11.0,1.0,21.3,0.0,1.0,0.0,0.729824561403509,0.0,0.0,0.79962856,0.20037144
166,53,0.0,0.0,1.0,1.0,0.0,0.0,2.0,2.0,1.0,7.0,24.0,0.2,0.0,70.0,2.0,38.0,11.0,1.0,2.48,0.0,1.0,0.0,0.729824561403509,0.0,0.0,0.5129559,0.4870441
166,54,0.0,0.0,0.0,1.0,0.0,0.0,2.0,1.0,1.0,7.0,24.0,0.2,0.0,70.0,2.0,0.0,11.0,1.0,34.1,0.0,1.0,0.0,0.729824561403509,0.0,0.0,0.79962856,0.20037144
166,55,0.0,0.0,1.0,32.0,0.0,0.0,2.0,1.0,1.0,7.0,24.0,0.2,0.0,70.0,2.0,0.0,11.0,1.0,38.7,0.0,1.0,0.0,0.729824561403509,0.0,0.0,0.8573758,0.14262421
166,56,0.0,0.0,0.0,1.0,0.0,0.0,2.0,1.0,1.0,7.0,24.0,0.2,0.0,70.0,2.0,0.0,11.0,1.0,33.3,0.0,1.0,0.0,0.729824561403509,0.0,0.0,0.79962856,0.20037144
166,57,0.0,0.0,1.0,1.0,0.0,0.0,2.0,1.0,1.0,7.0,24.0,0.2,0.0,27.0,2.0,0.0,11.0,1.0,21.2,0.0,1.0,0.0,0.729824561403509,0.0,0.0,0.81131095,0.18868904
166,58,0.0,0.0,1.0,1.0,0.0,0.0,2.0,1.0,1.0,7.0,24.0,0.2,0.0,70.0,2.0,0.0,11.0,1.0,2.48,0.0,1.0,0.0,1.1,1.1,0.0,0.63484883,0.3651512
166,59,0.0,0.0,1.0,1.0,0.0,0.0,2.0,1.0,12.0,7.0,24.0,0.3,0.0,70.0,2.0,0.0,11.0,1.0,2.48,0.0,1.0,0.0,0.729824561403509,0.0,0.0,0.5649594,0.43504062
166,60,0.0,0.0,1.0,1.0,0.0,0.0,2.0,1.0,1.0,7.0,24.0,0.2,0.0,70.0,3.0,0.0,11.0,1.0,2.48,0.0,1.0,0.0,0.5,0.0,0.0,0.6034736,0.3965264
166,61,0.0,0.0,1.0,1.0,0.0,0.0,2.0,1.0,1.0,7.0,24.0,0.2,0.0,70.0,2.0,36.0,17.0,1.0,2.48,0.0,1.0,0.0,0.729824561403509,0.0,0.0,0.6322629,0.3677371
166,62,18.0,0.0,1.0,1.0,0.0,0.0,2.0,1.0,1.0,7.0,24.0,0.2,4.0,70.0,2.0,0.0,11.0,1.0,2.48,0.0,1.0,0.0,0.729824561403509,0.0,0.0,0.56605315,0.43394688
166,63,0.0,0.0,1.0,1.0,0.0,0.0,2.0,5.0,1.0,7.0,24.0,0.2,0.0,70.0,2.0,0.0,11.0,1.0,2.48,0.0,1.0,0.0,0.729824561403509,0.0,1.0,0.5287382,0.4712618
166,64,0.0,0.0,1.0,1.0,0.0,0.0,2.0,1.0,18.0,7.0,24.0,0.2,0.0,70.0,2.0,0.0,11.0,1.0,25.1,0.0,1.0,0.0,0.729824561403509,0.0,0.0,0.8807731,0.119226895
166,65,0.0,0.0,1.0,1.0,0.0,0.0,8.0,1.0,1.0,7.0,24.0,0.2,0.0,70.0,2.0,0.0,11.0,1.0,41.6,0.0,1.0,0.0,0.729824561403509,0.0,0.0,0.74298406,0.2570159
166,66,0.0,0.0,1.0,1.0,0.0,0.0,2.0,1.0,1.0,7.0,24.0,0.2,0.0,70.0,2.0,0.0,11.0,1.0,27.3,0.0,1.0,0.0,0.729824561403509,0.0,0.0,0.79962856,0.20037144
166,67,0.0,0.0,1.0,1.0,0.0,0.0,2.0,1.0,1.0,7.0,63.0,0.2,0.0,70.0,2.0,0.0,11.0,1.0,22.5,0.0,1.0,0.0,0.729824561403509,0.0,0.0,0.9448838,0.055116147
166,68,0.0,0.0,1.0,1.0,0.0,0.0,2.0,1.0,18.0,7.0,24.0,0.2,0.0,86.0,2.0,0.0,11.0,1.0,2.48,0.0,1.0,0.0,0.729824561403509,0.0,0.0,0.78411376,0.21588627
166,69,0.0,0.0,1.0,1.0,0.0,0.0,2.0,1.0,1.0,7.0,24.0,0.2,0.0,70.0,2.0,0.0,11.0,1.0,29.0,0.0,10.0,0.0,0.729824561403509,0.0,0.0,0.82145995,0.17854004
166,70,0.0,0.0,1.0,1.0,0.0,0.0,2.0,1.0,1.0,7.0,24.0,0.2,5.0,70.0,2.0,0.0,11.0,1.0,2.48,25.0,1.0,0.0,0.729824561403509,0.0,0.0,0.5456842,0.45431575
166,71,0.0,0.0,1.0,1.0,0.0,0.0,2.0,1.0,1.0,7.0,24.0,0.2,0.0,70.0,2.0,0.0,11.0,1.0,46.2,0.0,1.0,0.0,0.729824561403509,0.0,0.0,0.79962856,0.20037144
166,72,0.0,0.0,1.0,1.0,0.0,0.0,2.0,1.0,1.0,7.0,24.0,0.2,0.0,70.0,2.0,0.0,55.0,1.0,2.48,0.0,1.0,0.0,0.729824561403509,0.0,1.0,0.68380153,0.3161985
166,73,0.0,0.0,1.0,1.0,0.0,0.0,2.0,1.0,1.0,7.0,2.0,0.2,1.0,70.0,2.0,0.0,11.0,1.0,2.48,0.0,1.0,0.0,0.729824561403509,0.0,0.0,0.9574449,0.04255509
166,74,15.0,0.0,1.0,1.0,0.0,0.0,2.0,1.0,1.0,7.0,24.0,0.2,0.0,70.0,2.0,0.0,11.0,1.0,11.8,0.0,1.0,0.0,0.729824561403509,0.0,0.0,0.864789,0.13521098
166,75,0.0,0.0,1.0,1.0,0.0,0.0,2.0,1.0,1.0,7.0,24.0,0.2,0.0,70.0,2.0,0.0,11.0,1.0,28.7,0.0,1.0,0.0,0.729824561403509,0.0,0.0,0.79962856,0.20037144
166,76,0.0,0.0,1.0,1.0,0.0,0.0,2.0,1.0,1.0,30.0,24.0,0.2,0.0,70.0,2.0,0.0,11.0,1.0,15.5,0.0,1.0,0.0,0.729824561403509,0.0,0.0,0.5389513,0.46104872
166,77,0.0,0.0,1.0,1.0,0.0,0.0,12.0,1.0,1.0,7.0,24.0,0.2,0.0,70.0,2.0,0.0,11.0,1.0,19.0,0.0,1.0,0.0,0.729824561403509,0.0,0.0,0.74298406,0.2570159
166,78,0.0,0.0,1.0,1.0,0.0,0.0,2.0,1.0,1.0,7.0,24.0,0.2,0.0,70.0,2.0,0.0,12.0,1.0,38.0,0.0,1.0,0.0,0.729824561403509,0.0,0.0,0.7543353,0.24566469
166,79,0.0,0.0,1.0,1.0,0.0,0.0,2.0,1.0,1.0,7.0,45.0,0.2,0.0,70.0,2.0,0.0,11.0,1.0,2.48,0.0,19.0,0.0,0.729824561403509,0.0,0.0,0.6857909,0.31420913
166,80,0.0,0.0,1.0,1.0,0.0,0.0,2.0,1.0,1.0,7.0,24.0,0.2,5.0,70.0,2.0,0.0,11.0,1.0,2.48,0.0,1.0,1.0,0.729824561403509,0.0,0.0,0.6703865,0.3296135
166,81,0.0,0.0,1.0,15.0,0.0,0.0,2.0,1.0,1.0,7.0,24.0,0.2,0.0,70.0,2.0,0.0,68.0,1.0,2.48,0.0,1.0,0.0,0.729824561403509,0.0,0.0,0.50171286,0.49828714
166,82,0.0,0.0,1.0,1.0,0.0,0.0,2.0,1.0,1.0,7.0,24.0,0.2,0.0,70.0,2.0,0.0,7.0,1.0,2.48,0.0,1.0,0.0,0.729824561403509,0.0,0.0,0.8804811,0.11951886
166,83,0.0,0.0,1.0,1.0,0.0,0.0,2.0,1.0,1.0,7.0,24.0,0.2,0.0,70.0,2.0,0.0,11.0,1.0,2.48,0.0,1.0,1.0,1.0,0.0,0.0,0.9245568,0.07544319
166,84,0.0,0.0,1.0,1.0,0.0,0.0,2.0,1.0,1.0,7.0,15.0,0.2,0.0,70.0,2.0,0.0,11.0,1.0,2.48,0.0,1.0,0.0,0.729824561403509,0.0,0.0,0.8172459,0.18275411
166,85,0.0,0.0,1.0,1.0,0.0,0.0,2.0,1.0,1.0,7.0,24.0,0.2,0.0,70.0,2.0,50.0,11.0,1.0,2.48,0.0,28.0,0.0,0.729824561403509,0.0,0.0,0.53264195,0.46735805
166,86,0.0,0.0,1.0,1.0,0.0,0.0,2.0,1.0,1.0,7.0,48.0,0.2,0.0,70.0,2.0,0.0,11.0,1.0,2.48,0.0,1.0,0.0,0.729824561403509,0.0,0.0,0.6406286,0.35937145
166,87,0.0,0.0,1.0,1.0,0.0,0.0,2.0,1.0,1.0,7.0,24.0,0.2,0.0,70.0,2.0,0.0,11.0,1.0,13.5,0.0,1.0,0.0,0.729824561403509,0.0,0.0,0.79962856,0.20037144
166,88,0.0,0.0,1.0,1.0,0.0,0.0,2.0,1.0,1.0,7.0,89.0,0.2,0.0,17.0,2.0,0.0,11.0,1.0,2.48,0.0,1.0,0.0,0.729824561403509,0.0,0.0,0.7146039,0.28539607
166,89,0.0,0.0,1.0,1.0,0.0,0.0,2.0,1.0,1.0,7.0,24.0,0.2,9.0,70.0,2.0,32.0,11.0,1.0,2.48,0.0,1.0,0.0,0.729824561403509,0.0,0.0,0.75180554,0.24819447
166,90,0.0,0.0,1.0,1.0,0.0,0.0,2.0,1.0,1.0,7.0,24.0,0.2,0.0,70.0,2.0,0.0,11.0,1.0,44.4,16.0,1.0,0.0,0.729824561403509,0.0,0.0,0.7333404,0.2666596
166,91,0.0,0.0,1.0,19.0,0.0,0.0,2.0,1.0,1.0,7.0,24.0,0.2,0.0,70.0,2.0,0.0,62.0,1.0,2.48,0.0,1.0,0.0,0.729824561403509,0.0,0.0,0.50171286,0.49828714
166,92,0.0,0.0,1.0,77.0,0.0,0.0,2.0,1.0,1.0,7.0,24.0,0.2,0.0,70.0,2.0,0.0,11.0,1.0,0.5,0.0,1.0,0.0,0.729824561403509,0.0,0.0,0.66865426,0.33134574
166,93,0.0,7.0,1.0,1.0,0.0,0.0,2.0,1.0,1.0,7.0,24.0,0.2,0.0,70.0,2.0,0.0,11.0,1.0,2.48,0.0,1.0,0.0,1.0,0.0,0.0,0.63713646,0.36286354
166,94,3.0,0.0,1.0,1.0,0.0,0.0,2.0,1.0,1.0,7.0,24.0,0.2,0.0,87.0,2.0,0.0,11.0,1.0,2.48,0.0,1.0,0.0,0.729824561403509,0.0,0.0,0.67919254,0.3208075
166,95,0.0,0.0,1.0,1.0,0.0,0.0,2.0,1.0,1.0,7.0,134.0,0.2,0.0,70.0,2.0,0.0,69.0,1.0,2.48,0.0,1.0,0.0,0.729824561403509,0.0,0.0,0.80969113,0.19030885
166,96,0.0,0.0,1.0,1.0,0.0,0.0,2.0,1.0,1.0,7.0,67.0,0.2,0.0,70.0,2.0,29.0,11.0,1.0,2.48,0.0,1.0,0.0,0.729824561403509,0.0,0.0,0.78659844,0.21340156
166,97,0.0,0.0,1.0,1.0,0.0,0.0,14.0,1.0,1.0,7.0,24.0,0.2,0.0,87.0,2.0,0.0,11.0,1.0,2.48,0.0,1.0,0.0,0.729824561403509,0.0,0.0,0.53410006,0.4658999
166,98,0.0,0.0,1.0,1.0,0.0,0.0,5.0,1.0,1.0,7.0,24.0,0.2,10.0,70.0,2.0,0.0,11.0,1.0,2.48,0.0,1.0,0.0,0.729824561403509,0.0,0.0,0.51161355,0.48838645
166,99,0.0,0.0,1.0,1.0,0.0,0.0,2.0,1.0,1.0,7.0,24.0,0.2,0.0,70.0,2.0,0.0,11.0,1.0,31.9,0.0,1.0,0.0,0.729824561403509,0.0,0.0,0.79962856,0.20037144
185,0,0.0,0.0,3.0,0.0,0.0,0.0,1.0,1.0,0.0,4.0,27.0,0.29,0.0,70.0,1.0,0.0,5.0,2.0,40.4,1.0,1.0,0.0,0.445121951219512,0.0,0.0,0.9111966,0.08880343
185,1,0.0,0.0,1.0,0.0,0.0,0.0,1.0,1.0,0.0,4.0,27.0,3.67,0.0,70.0,1.0,0.0,5.0,2.0,1.37037037037037,1.0,1.0,0.0,0.445121951219512,0.0,0.0,0.99514,0.0048599998
185,2,0.0,0.0,2.0,0.0,0.0,0.0,1.0,1.0,0.0,4.0,27.0,0.29,0.0,70.0,1.0,0.0,5.0,2.0,23.2,1.0,1.0,0.0,0.445121951219512,0.0,0.0,0.9111966,0.08880343
185,3,0.0,0.0,1.0,0.0,0.0,0.0,1.0,1.0,0.0,4.0,27.0,0.29,0.0,27.0,1.0,20.0,5.0,2.0,1.37037037037037,1.0,1.0,0.0,0.445121951219512,0.0,0.0,0.8480698,0.15193024
185,4,0.0,0.0,1.0,0.0,0.0,0.0,1.0,1.0,0.0,4.0,131.0,0.29,0.0,70.0,1.0,0.0,5.0,2.0,22.3,1.0,1.0,0.0,0.445121951219512,0.0,0.0,0.9929309,0.007069135
185,5,0.0,0.0,1.0,0.0,20.0,0.0,1.0,3.0,0.0,4.0,27.0,0.29,0.0,70.0,1.0,0.0,5.0,2.0,1.37037037037037,1.0,1.0,0.0,0.445121951219512,0.0,0.0,0.5186759,0.4813241
185,6,0.0,0.0,1.0,0.0,0.0,0.0,1.0,1.0,0.0,4.0,27.0,0.29,0.0,24.0,1.0,0.0,5.0,2.0,1.37037037037037,1.0,1.0,0.0,0.445121951219512,0.0,0.0,0.5765216,0.42347842
185,7,0.0,0.0,1.0,0.0,0.0,0.0,1.0,1.0,0.0,4.0,27.0,0.29,0.0,70.0,1.0,0.0,5.0,8.0,1.37037037037037,1.0,1.0,0.0,1.1,0.0,0.0,0.5303502,0.46964976
185,8,0.0,0.0,1.0,0.0,0.0,0.0,1.0,1.0,0.0,4.0,97.0,0.29,0.0,70.0,1.0,0.0,5.0,2.0,1.37037037037037,1.0,1.0,0.0,0.445121951219512,0.9,0.0,0.66301477,0.33698523
185,9,0.0,0.0,1.0,0.0,0.0,0.0,1.0,1.0,0.0,4.0,27.0,3.32,0.0,70.0,1.0,0.0,5.0,2.0,1.37037037037037,1.0,1.0,0.0,0.445121951219512,0.0,0.0,0.99514,0.0048599998
185,10,0.0,0.0,1.0,0.0,0.0,0.0,1.0,1.0,0.0,4.0,38.0,0.29,0.0,70.0,1.0,0.0,5.0,2.0,1.37037037037037,1.0,1.0,1.0,0.445121951219512,0.0,0.0,0.7929508,0.20704918
185,11,0.0,0.0,1.0,0.0,0.0,0.0,1.0,1.0,0.0,4.0,125.0,0.29,0.0,70.0,1.0,0.0,38.0,2.0,1.37037037037037,1.0,1.0,0.0,0.445121951219512,0.0,0.0,0.93532175,0.06467825
185,12,0.0,0.0,1.0,0.0,0.0,0.0,1.0,1.0,0.0,3.0,27.0,0.29,0.0,70.0,1.0,0.0,5.0,2.0,1.37037037037037,1.0,1.0,0.0,1.0,0.0,0.0,0.75376844,0.24623153
185,13,0.0,0.0,1.0,0.0,0.0,0.0,1.0,1.0,0.0,4.0,27.0,1.19,0.0,70.0,1.0,0.0,5.0,2.0,1.37037037037037,1.0,1.0,0.0,0.445121951219512,0.0,0.0,0.9808145,0.019185493
185,14,0.0,0.0,1.0,0.0,41.0,0.0,1.0,1.0,0.0,4.0,27.0,0.29,0.0,70.0,1.0,14.0,5.0,2.0,1.37037037037037,1.0,1.0,0.0,0.445121951219512,0.0,0.0,0.58285886,0.41714114
185,15,0.0,0.0,1.0,0.0,0.0,0.0,1.0,1.0,0.0,4.0,27.0,0.29,0.0,70.0,1.0,0.0,5.0,4.0,3.0,1.0,1.0,0.0,0.445121951219512,0.0,0.0,0.5068558,0.4931442
185,16,0.0,0.0,1.0,0.0,0.0,0.0,1.0,1.0,0.0,4.0,27.0,0.29,0.0,70.0,1.0,0.0,5.0,2.0,47.6,1.0,31.0,0.0,0.445121951219512,0.0,0.0,0.9535548,0.046445213
185,17,0.0,0.0,1.0,0.0,0.0,0.0,1.0,1.0,0.0,4.0,27.0,0.29,0.0,24.0,1.0,0.0,5.0,3.0,1.37037037037037,1.0,1.0,0.0,0.445121951219512,0.0,0.0,0.56253016,0.4374698
185,18,0.0,0.0,1.0,0.0,0.0,0.0,1.0,2.0,0.0,4.0,27.0,0.29,0.0,70.0,1.0,0.0,5.0,2.0,1.37037037037037,1.0,1.0,1.0,0.445121951219512,0.0,0.0,0.54636914,0.45363086
185,19,0.0,0.0,1.0,0.0,0.0,0.0,1.0,1.0,0.0,4.0,27.0,0.29,0.0,70.0,1.0,0.0,22.0,2.0,1.37037037037037,30.0,1.0,0.0,0.445121951219512,0.0,0.0,0.516426,0.48357397
185,20,0.0,0.0,1.0,0.0,0.0,0.0,1.0,1.0,0.0,4.0,27.0,7.23,0.0,70.0,3.0,0.0,5.0,2.0,1.37037037037037,1.0,1.0,0.0,0.445121951219512,0.0,0.0,0.9936648,0.0063352077
185,21,0.0,0.0,1.0,34.0,0.0,0.0,7.0,1.0,0.0,4.0,27.0,0.29,0.0,70.0,1.0,0.0,5.0,2.0,1.37037037037037,1.0,1.0,0.0,0.445121951219512,0.0,0.0,0.65562725,0.34437275
185,22,0.0,0.0,1.0,0.0,0.0,0.0,1.0,1.0,0.0,4.0,27.0,0.29,0.0,70.0,1.0,18.0,5.0,2.0,1.37037037037037,22.0,1.0,0.0,0.445121951219512,0.0,0.0,0.57877713,0.42122287
185,23,0.0,28.0,1.0,0.0,0.0,0.0,1.0,1.0,0.0,4.0,27.0,0.29,0.0,70.0,1.0,0.0,5.0,2.0,4.4,1.0,1.0,0.0,0.445121951219512,0.0,0.0,0.6643004,0.33569962
185,24,0.0,13.0,1.0,0.0,0.0,0.0,1.0,1.0,0.0,4.0,27.0,2.79,0.0,70.0,1.0,0.0,5.0,2.0,1.37037037037037,1.0,1.0,0.0,0.445121951219512,0.0,0.0,0.97675973,0.023240242
185,25,0.0,0.0,1.0,0.0,0.0,0.0,1.0,1.0,0.0,4.0,77.0,0.29,0.0,70.0,1.0,0.0,5.0,2.0,1.37037037037037,1.0,1.0,0.0,0.445121951219512,0.0,0.0,0.82795054,0.17204945
185,26,0.0,0.0,1.0,0.0,0.0,0.0,1.0,1.0,0.0,4.0,27.0,2.06,0.0,70.0,1.0,0.0,5.0,2.0,1.37037037037037,1.0,1.0,0.0,0.445121951219512,0.0,0.0,0.99555874,0.0044412687
185,27,0.0,0.0,1.0,0.0,0.0,0.0,1.0,1.0,0.0,4.0,136.0,0.29,15.0,70.0,1.0,0.0,5.0,2.0,1.37037037037037,1.0,1.0,0.0,0.445121951219512,0.0,0.0,0.75628746,0.24371257
185,28,0.0,0.0,1.0,0.0,0.0,0.0,1.0,1.0,0.0,4.0,27.0,0.29,0.0,70.0,1.0,0.0,5.0,2.0,41.1,1.0,1.0,0.0,0.445121951219512,0.0,0.0,0.962138,0.037862
185,29,0.0,0.0,1.0,30.0,0.0,0.0,1.0,1.0,0.0,4.0,24.0,0.29,0.0,70.0,1.0,0.0,5.0,2.0,1.37037037037037,1.0,1.0,0.0,0.445121951219512,0.0,0.0,0.82340217,0.17659785
185,30,0.0,0.0,1.0,0.0,0.0,0.0,9.0,1.0,0.0,4.0,27.0,0.29,0.0,19.0,1.0,0.0,5.0,2.0,1.37037037037037,1.0,1.0,0.0,0.445121951219512,0.0,0.0,0.60473335,0.39526665
185,31,0.0,0.0,1.0,0.0,0.0,0.0,1.0,14.0,0.0,4.0,27.0,0.29,0.0,70.0,1.0,46.0,5.0,2.0,1.37037037037037,1.0,1.0,0.0,0.445121951219512,0.0,0.0,0.5614776,0.4385224
185,32,0.0,0.0,1.0,0.0,0.0,16.0,1.0,1.0,0.0,4.0,27.0,3.4,0.0,70.0,1.0,0.0,5.0,2.0,1.37037037037037,1.0,1.0,0.0,0.445121951219512,0.0,0.0,0.97514397,0.024856051
185,33,14.0,0.0,1.0,0.0,0.0,0.0,1.0,1.0,0.0,4.0,27.0,0.29,0.0,70.0,1.0,0.0,5.0,2.0,12.2,1.0,1.0,0.0,0.445121951219512,0.0,0.0,0.9415122,0.058487765
185,34,0.0,0.0,1.0,74.0,0.0,0.0,1.0,1.0,0.0,4.0,27.0,0.29,0.0,70.0,1.0,0.0,5.0,2.0,1.37037037037037,1.0,1.0,0.0,0.445121951219512,0.0,0.0,0.6288184,0.3711816
185,35,0.0,0.0,1.0,0.0,0.0,0.0,1.0,1.0,0.0,4.0,27.0,0.29,0.0,70.0,1.0,0.0,5.0,2.0,1.37037037037037,1.0,1.0,2.0,0.445121951219512,0.0,3.0,0.6678982,0.3321018
185,36,0.0,0.0,1.0,0.0,0.0,0.0,1.0,1.0,0.0,4.0,27.0,0.29,0.0,70.0,1.0,34.0,5.0,2.0,30.8,1.0,1.0,0.0,0.445121951219512,0.0,0.0,0.9804907,0.01950929
185,37,0.0,0.0,1.0,70.0,0.0,0.0,1.0,1.0,0.0,4.0,27.0,0.29,0.0,70.0,1.0,0.0,5.0,2.0,1.37037037037037,1.0,1.0,0.0,0.445121951219512,0.0,0.0,0.6288184,0.3711816
185,38,0.0,0.0,1.0,82.0,0.0,0.0,1.0,1.0,0.0,4.0,27.0,0.29,0.0,70.0,1.0,0.0,5.0,1.0,1.37037037037037,1.0,1.0,0.0,0.445121951219512,0.0,0.0,0.6951376,0.3048624
185,39,0.0,0.0,1.0,0.0,0.0,0.0,1.0,1.0,0.0,4.0,8.0,0.29,0.0,70.0,1.0,0.0,5.0,2.0,1.37037037037037,1.0,12.0,0.0,0.445121951219512,0.0,0.0,0.77762264,0.22237736
185,40,0.0,0.0,1.0,0.0,0.0,0.0,1.0,1.0,0.0,4.0,76.0,0.29,0.0,70.0,1.0,0.0,5.0,2.0,4.6,1.0,1.0,0.0,0.445121951219512,0.0,0.0,0.9846859,0.015314111
185,41,0.0,0.0,1.0,0.0,0.0,0.0,1.0,1.0,0.0,4.0,27.0,0.29,0.0,70.0,1.0,0.0,32.0,2.0,1.37037037037037,1.0,1.0,0.0,0.445121951219512,0.0,0.0,0.579849,0.42015097
185,42,0.0,0.0,1.0,0.0,0.0,0.0,1.0,12.0,0.0,4.0,27.0,0.29,0.0,70.0,1.0,0.0,5.0,2.0,38.3,1.0,1.0,0.0,0.445121951219512,0.0,0.0,0.8928221,0.10717789
185,43,0.0,0.0,1.0,0.0,0.0,0.0,1.0,1.0,0.0,4.0,27.0,2.53,0.0,70.0,1.0,0.0,5.0,2.0,1.37037037037037,1.0,1.0,0.0,0.445121951219512,0.4,0.0,0.98987466,0.010125354
185,44,0.0,0.0,1.0,0.0,0.0,0.0,1.0,1.0,0.0,4.0,27.0,0.29,0.0,42.0,1.0,0.0,5.0,2.0,1.37037037037037,1.0,1.0,0.0,0.445121951219512,0.0,1.0,0.699612,0.30038798
185,45,0.0,0.0,1.0,0.0,0.0,0.0,1.0,1.0,0.0,4.0,27.0,0.29,0.0,17.0,1.0,0.0,5.0,2.0,1.37037037037037,33.0,1.0,0.0,0.445121951219512,0.0,0.0,0.51301813,0.4869819
185,46,0.0,0.0,1.0,0.0,0.0,0.0,1.0,1.0,2.0,4.0,27.0,0.29,0.0,70.0,1.0,0.0,3.0,2.0,1.37037037037037,1.0,1.0,0.0,0.445121951219512,0.0,0.0,0.7275743,0.2724257
185,47,0.0,0.0,1.0,0.0,0.0,0.0,1.0,1.0,0.0,3.0,27.0,0.29,0.0,70.0,1.0,0.0,20.0,2.0,1.37037037037037,1.0,1.0,0.0,0.445121951219512,0.0,0.0,0.7379912,0.26200876
185,48,0.0,0.0,1.0,0.0,0.0,0.0,1.0,1.0,0.0,4.0,27.0,3.25,0.0,70.0,1.0,0.0,5.0,2.0,1.37037037037037,1.0,1.0,0.0,0.6,0.0,0.0,0.9921925,0.0078075104
185,49,0.0,0.0,1.0,0.0,0.0,0.0,1.0,1.0,0.0,4.0,27.0,0.29,0.0,70.0,1.0,32.0,5.0,2.0,1.37037037037037,1.0,1.0,0.0,0.445121951219512,0.0,3.0,0.82053083,0.17946918
185,50,0.0,0.0,1.0,0.0,0.0,0.0,1.0,1.0,0.0,4.0,27.0,0.29,0.0,70.0,1.0,3.0,5.0,2.0,1.37037037037037,1.0,1.0,0.0,0.445121951219512,0.0,0.0,0.5857314,0.41426858
185,51,0.0,0.0,1.0,0.0,0.0,0.0,1.0,1.0,0.0,4.0,111.0,0.29,0.0,70.0,1.0,4.0,5.0,2.0,1.37037037037037,1.0,1.0,0.0,0.445121951219512,0.0,0.0,0.91394675,0.08605322
185,52,0.0,0.0,1.0,0.0,0.0,0.0,1.0,1.0,0.0,4.0,27.0,0.29,0.0,70.0,1.0,0.0,36.0,2.0,1.37037037037037,1.0,1.0,2.0,0.445121951219512,0.0,0.0,0.6276228,0.37237722
185,53,0.0,0.0,1.0,0.0,0.0,0.0,1.0,1.0,0.0,4.0,27.0,0.29,0.0,70.0,1.0,0.0,5.0,2.0,18.7,1.0,1.0,0.0,0.445121951219512,0.0,0.0,0.962138,0.037862
185,54,0.0,0.0,1.0,0.0,0.0,0.0,1.0,1.0,0.0,4.0,27.0,6.72,0.0,70.0,1.0,0.0,5.0,2.0,47.1,1.0,1.0,0.0,0.445121951219512,0.0,0.0,0.9980995,0.0019004697
185,55,0.0,9.0,1.0,0.0,0.0,0.0,1.0,1.0,0.0,4.0,47.0,0.29,0.0,70.0,1.0,0.0,5.0,2.0,1.37037037037037,1.0,1.0,0.0,0.445121951219512,0.0,0.0,0.60470486,0.39529514
185,56,0.0,0.0,1.0,0.0,0.0,0.0,1.0,1.0,0.0,4.0,27.0,0.29,0.0,70.0,1.0,0.0,5.0,2.0,44.4,16.0,1.0,0.0,0.445121951219512,0.0,0.0,0.95723194,0.042768087
185,57,0.0,0.0,1.0,0.0,0.0,0.0,1.0,1.0,0.0,4.0,27.0,0.29,0.0,70.0,7.0,0.0,5.0,2.0,1.37037037037037,1.0,1.0,0.0,0.445121951219512,0.0,2.0,0.71517843,0.28482157
185,58,0.0,0.0,1.0,0.0,0.0,0.0,1.0,1.0,0.0,4.0,27.0,0.87,4.0,70.0,1.0,0.0,5.0,2.0,1.37037037037037,1.0,1.0,0.0,0.445121951219512,0.0,0.0,0.9812852,0.018714782
185,59,0.0,0.0,1.0,89.0,0.0,0.0,1.0,1.0,0.0,4.0,27.0,0.29,3.0,70.0,1.0,0.0,5.0,2.0,1.37037037037037,1.0,1.0,0.0,0.445121951219512,0.0,0.0,0.6231867,0.37681326
185,60,0.0,0.0,1.0,0.0,0.0,0.0,1.0,1.0,0.0,4.0,27.0,7.05,0.0,70.0,1.0,0.0,5.0,2.0,1.37037037037037,1.0,1.0,0.0,0.445121951219512,0.0,0.0,0.99514,0.0048599998
185,61,0.0,0.0,1.0,0.0,0.0,0.0,1.0,1.0,0.0,4.0,27.0,0.29,0.0,70.0,1.0,0.0,32.0,2.0,1.37037037037037,21.0,1.0,0.0,0.445121951219512,0.0,0.0,0.516426,0.48357397
185,62,0.0,0.0,1.0,0.0,0.0,0.0,1.0,1.0,0.0,4.0,27.0,0.29,0.0,70.0,1.0,4.0,5.0,2.0,1.37037037037037,1.0,1.0,0.0,0.445121951219512,0.0,0.0,0.5857314,0.41426858
185,63,0.0,0.0,1.0,0.0,0.0,0.0,1.0,1.0,0.0,4.0,27.0,0.29,0.0,70.0,1.0,0.0,5.0,2.0,18.7,1.0,1.0,0.0,0.6,0.0,0.0,0.9520469,0.04795314
185,64,0.0,0.0,1.0,0.0,0.0,0.0,1.0,1.0,0.0,4.0,27.0,0.29,0.0,56.0,1.0,29.0,5.0,2.0,1.37037037037037,1.0,1.0,0.0,0.445121951219512,0.0,0.0,0.76066214,0.23933788
185,65,0.0,0.0,1.0,0.0,0.0,0.0,1.0,1.0,0.0,4.0,110.0,0.29,7.0,70.0,1.0,0.0,5.0,2.0,1.37037037037037,1.0,1.0,0.0,0.445121951219512,0.0,0.0,0.75628746,0.24371257
185,66,0.0,0.0,1.0,0.0,0.0,0.0,1.0,1.0,0.0,4.0,27.0,0.29,0.0,5.0,1.0,0.0,33.0,2.0,1.37037037037037,1.0,1.0,0.0,0.445121951219512,0.0,0.0,0.7430135,0.25698653
185,67,0.0,0.0,1.0,60.0,0.0,0.0,1.0,1.0,0.0,4.0,27.0,0.29,0.0,70.0,1.0,0.0,5.0,2.0,1.37037037037037,1.0,1.0,0.0,0.445121951219512,0.0,0.0,0.6288184,0.3711816
185,68,0.0,0.0,1.0,0.0,0.0,0.0,1.0,1.0,0.0,4.0,27.0,4.51,0.0,70.0,1.0,0.0,5.0,2.0,1.37037037037037,1.0,1.0,0.0,0.445121951219512,0.7,0.0,0.97574437,0.024255645
185,69,0.0,0.0,1.0,61.0,0.0,0.0,1.0,1.0,0.0,4.0,22.0,0.29,0.0,70.0,1.0,0.0,5.0,2.0,1.37037037037037,1.0,1.0,0.0,0.445121951219512,0.0,0.0,0.82340217,0.17659785
185,70,0.0,0.0,1.0,0.0,0.0,0.0,1.0,1.0,0.0,4.0,27.0,0.29,0.0,70.0,1.0,36.0,5.0,2.0,1.37037037037037,1.0,1.0,0.0,0.445121951219512,0.0,0.0,0.6397275,0.36027256
185,71,0.0,0.0,1.0,0.0,0.0,0.0,1.0,1.0,0.0,4.0,116.0,0.29,0.0,70.0,1.0,0.0,5.0,2.0,1.37037037037037,1.0,1.0,0.0,0.445121951219512,0.0,0.0,0.82795054,0.17204945
185,72,0.0,0.0,1.0,0.0,0.0,0.0,1.0,1.0,0.0,4.0,27.0,0.29,0.0,70.0,1.0,0.0,55.0,2.0,1.37037037037037,1.0,1.0,0.0,0.445121951219512,0.0,0.0,0.579849,0.42015097
185,73,0.0,0.0,1.0,0.0,0.0,0.0,1.0,1.0,0.0,4.0,117.0,0.29,0.0,70.0,1.0,0.0,5.0,2.0,1.37037037037037,1.0,1.0,0.0,0.445121951219512,0.0,0.0,0.82795054,0.17204945
185,74,0.0,0.0,1.0,0.0,0.0,0.0,1.0,1.0,0.0,4.0,27.0,3.65,0.0,70.0,1.0,0.0,25.0,2.0,1.37037037037037,1.0,1.0,0.0,0.445121951219512,0.0,0.0,0.9501827,0.049817346
185,75,0.0,0.0,1.0,37.0,0.0,0.0,1.0,1.0,0.0,4.0,27.0,0.29,0.0,70.0,1.0,27.0,5.0,2.0,1.37037037037037,1.0,1.0,0.0,0.445121951219512,0.0,0.0,0.74338275,0.25661725
185,76,0.0,0.0,1.0,0.0,0.0,0.0,1.0,1.0,0.0,4.0,27.0,0.29,0.0,95.0,1.0,0.0,5.0,2.0,1.37037037037037,1.0,1.0,0.0,0.445121951219512,0.0,3.0,0.84601134,0.15398864
185,77,0.0,0.0,1.0,0.0,0.0,0.0,1.0,1.0,0.0,4.0,27.0,0.29,0.0,70.0,1.0,34.0,5.0,2.0,1.37037037037037,1.0,1.0,0.0,0.445121951219512,0.0,0.0,0.6397275,0.36027256
185,78,0.0,0.0,1.0,0.0,0.0,0.0,1.0,1.0,0.0,4.0,27.0,0.29,0.0,70.0,1.0,0.0,31.0,2.0,1.37037037037037,24.0,1.0,0.0,0.445121951219512,0.0,0.0,0.516426,0.48357397
185,79,0.0,0.0,1.0,0.0,0.0,0.0,1.0,1.0,0.0,4.0,27.0,3.35,0.0,70.0,1.0,0.0,5.0,2.0,1.37037037037037,1.0,1.0,0.0,0.445121951219512,0.0,0.0,0.99514,0.0048599998
185,80,13.0,0.0,1.0,0.0,0.0,0.0,1.0,1.0,0.0,4.0,27.0,3.36,0.0,70.0,1.0,0.0,5.0,2.0,1.37037037037037,1.0,1.0,0.0,0.445121951219512,0.0,0.0,0.99262327,0.007376757
185,81,0.0,0.0,1.0,0.0,0.0,0.0,1.0,1.0,0.0,4.0,27.0,3.37,0.0,70.0,1.0,0.0,5.0,2.0,1.37037037037037,1.0,1.0,0.0,0.445121951219512,0.0,0.0,0.99514,0.0048599998
185,82,0.0,0.0,1.0,0.0,0.0,0.0,1.0,1.0,29.0,4.0,27.0,4.07,0.0,70.0,1.0,0.0,5.0,2.0,1.37037037037037,1.0,1.0,0.0,0.445121951219512,0.0,0.0,0.9826489,0.017351102
185,83,0.0,0.0,1.0,0.0,0.0,0.0,1.0,1.0,0.0,4.0,27.0,7.31,0.0,70.0,1.0,0.0,5.0,2.0,1.37037037037037,1.0,1.0,0.0,0.445121951219512,0.0,0.0,0.99514,0.0048599998
185,84,0.0,0.0,1.0,54.0,0.0,0.0,1.0,1.0,0.0,4.0,27.0,0.29,0.0,70.0,1.0,0.0,5.0,2.0,1.37037037037037,1.0,1.0,0.0,0.445121951219512,0.0,0.0,0.6288184,0.3711816
185,85,0.0,0.0,1.0,0.0,0.0,0.0,1.0,1.0,0.0,4.0,27.0,0.29,0.0,70.0,1.0,0.0,5.0,2.0,5.6,1.0,1.0,0.0,0.4,0.0,0.0,0.8810911,0.11890886
185,86,0.0,0.0,1.0,0.0,0.0,0.0,1.0,1.0,0.0,4.0,27.0,0.29,0.0,70.0,1.0,0.0,5.0,2.0,30.9,1.0,1.0,2.0,0.445121951219512,0.0,0.0,0.9687833,0.031216687
185,87,0.0,0.0,1.0,0.0,0.0,0.0,1.0,1.0,0.0,4.0,27.0,0.29,0.0,70.0,1.0,0.0,5.0,2.0,25.2,1.0,1.0,0.0,0.445121951219512,0.0,0.0,0.962138,0.037862
185,88,0.0,0.0,1.0,0.0,0.0,0.0,1.0,1.0,2.0,4.0,27.0,0.29,0.0,70.0,1.0,22.0,5.0,2.0,1.37037037037037,1.0,1.0,0.0,0.445121951219512,0.0,0.0,0.68213713,0.3178629
185,89,0.0,0.0,1.0,0.0,0.0,0.0,1.0,1.0,0.0,4.0,108.0,0.29,13.0,70.0,1.0,0.0,5.0,2.0,1.37037037037037,1.0,1.0,0.0,0.445121951219512,0.0,0.0,0.75628746,0.24371257
185,90,0.0,0.0,1.0,0.0,0.0,0.0,1.0,1.0,0.0,4.0,27.0,6.47,0.0,70.0,1.0,0.0,5.0,2.0,1.37037037037037,1.0,1.0,0.0,0.445121951219512,0.0,0.0,0.99514,0.0048599998
185,91,0.0,0.0,1.0,0.0,0.0,0.0,1.0,1.0,0.0,4.0,27.0,0.29,0.0,70.0,1.0,2.0,5.0,2.0,47.4,1.0,1.0,0.0,0.445121951219512,0.0,0.0,0.9824819,0.017518124
185,92,0.0,0.0,1.0,0.0,0.0,15.0,1.0,1.0,0.0,4.0,27.0,0.8,0.0,70.0,1.0,0.0,5.0,2.0,1.37037037037037,1.0,1.0,0.0,0.445121951219512,0.0,0.0,0.9223599,0.07764014
185,93,0.0,0.0,1.0,0.0,0.0,0.0,8.0,1.0,0.0,4.0,27.0,0.29,0.0,70.0,1.0,33.0,5.0,2.0,1.37037037037037,1.0,1.0,0.0,0.445121951219512,0.0,0.0,0.6661667,0.33383328
185,94,0.0,0.0,1.0,0.0,0.0,0.0,1.0,1.0,0.0,4.0,27.0,7.22,0.0,70.0,1.0,0.0,5.0,2.0,1.37037037037037,1.0,1.0,0.0,0.445121951219512,0.0,0.0,0.99514,0.0048599998
185,95,0.0,0.0,1.0,0.0,0.0,0.0,1.0,1.0,0.0,4.0,115.0,0.29,6.0,70.0,1.0,0.0,5.0,2.0,1.37037037037037,1.0,1.0,0.0,0.445121951219512,0.0,0.0,0.75628746,0.24371257
185,96,0.0,0.0,1.0,0.0,0.0,0.0,1.0,1.0,0.0,4.0,41.0,0.29,0.0,70.0,1.0,0.0,5.0,2.0,1.37037037037037,1.0,1.0,0.0,0.445121951219512,0.0,0.0,0.7775047,0.22249529
185,97,0.0,0.0,1.0,3.0,17.0,0.0,1.0,1.0,0.0,4.0,27.0,0.29,0.0,70.0,1.0,0.0,5.0,2.0,1.37037037037037,1.0,1.0,0.0,0.445121951219512,0.0,0.0,0.5353799,0.46462008
185,98,0.0,0.0,1.0,0.0,0.0,0.0,1.0,1.0,0.0,24.0,27.0,0.29,0.0,70.0,1.0,0.0,5.0,2.0,1.37037037037037,1.0,1.0,0.0,1.0,0.0,0.0,0.63483006,0.36516994
185,99,0.0,0.0,1.0,70.0,0.0,0.0,1.0,1.0,0.0,4.0,27.0,0.29,0.0,70.0,1.0,0.0,5.0,2.0,44.3,1.0,1.0,0.0,0.445121951219512,0.0,0.0,0.98749036,0.012509635
212,0,0.0,0.0,1.0,1.0,36.0,1.0,1.0,1.0,0.0,30.0,65.0,0.41,0.0,96.0,2.0,0.0,25.0,1.0,2.4,1.0,1.0,0.0,1.0,1.0,1.0,0.54393226,0.45606774
212,1,0.0,0.0,1.0,1.0,0.0,5.0,1.0,1.0,0.0,30.0,65.0,0.41,0.0,96.0,2.0,0.0,25.0,1.0,39.9,1.0,1.0,0.0,0.61100569259962,1.0,1.0,0.5779703,0.42202967
212,2,0.0,0.0,1.0,1.0,0.0,1.0,1.0,4.0,0.0,30.0,65.0,0.41,0.0,96.0,2.0,0.0,25.0,1.0,38.4,1.0,1.0,0.0,0.61100569259962,1.0,1.0,0.6912174,0.30878258
212,3,0.0,0.0,1.0,1.0,0.0,1.0,1.0,1.0,0.0,30.0,37.0,0.41,0.0,96.0,2.0,0.0,25.0,1.0,10.9,1.0,1.0,0.0,0.61100569259962,1.0,1.0,0.70361364,0.29638636
212,4,0.0,0.0,1.0,1.0,30.0,1.0,1.0,1.0,0.0,30.0,65.0,4.57,0.0,96.0,2.0,0.0,25.0,1.0,2.4,1.0,1.0,0.0,0.61100569259962,1.0,1.0,0.5367823,0.46321768
212,5,0.0,0.0,1.0,1.0,0.0,1.0,1.0,1.0,0.0,30.0,8.0,0.41,0.0,96.0,2.0,0.0,25.0,1.0,2.4,1.0,1.0,0.0,0.61100569259962,0.5,1.0,0.5968858,0.4031142
212,6,0.0,0.0,1.0,1.0,0.0,1.0,1.0,1.0,0.0,30.0,65.0,0.41,0.0,96.0,2.0,0.0,44.0,1.0,31.9,1.0,1.0,0.0,0.61100569259962,1.0,1.0,0.6523367,0.3476633
212,7,0.0,0.0,1.0,1.0,0.0,1.0,1.0,1.0,0.0,30.0,65.0,0.41,3.0,96.0,2.0,0.0,25.0,1.0,41.9,1.0,1.0,0.0,0.61100569259962,1.0,1.0,0.7017894,0.2982106
212,8,0.0,0.0,1.0,1.0,0.0,1.0,1.0,1.0,0.0,30.0,65.0,4.11,0.0,96.0,2.0,0.0,25.0,1.0,2.4,1.0,1.0,0.0,0.61100569259962,1.0,1.0,0.5965284,0.40347156
212,9,0.0,0.0,1.0,1.0,0.0,1.0,1.0,1.0,0.0,30.0,65.0,0.41,0.0,96.0,2.0,0.0,25.0,1.0,2.4,1.0,1.0,2.0,1.0,1.0,1.0,0.5990715,0.4009285
212,10,0.0,0.0,1.0,1.0,0.0,1.0,2.0,1.0,0.0,30.0,65.0,6.49,0.0,96.0,2.0,0.0,25.0,1.0,2.4,1.0,1.0,0.0,0.61100569259962,1.0,1.0,0.5965284,0.40347156
212,11,0.0,0.0,1.0,1.0,0.0,1.0,10.0,1.0,0.0,6.0,65.0,0.41,0.0,96.0,2.0,0.0,25.0,1.0,2.4,1.0,1.0,0.0,0.61100569259962,1.0,1.0,0.86511296,0.13488702
212,12,0.0,0.0,0.0,1.0,0.0,1.0,1.0,1.0,0.0,30.0,65.0,3.49,0.0,96.0,2.0,0.0,25.0,1.0,2.4,1.0,1.0,0.0,0.61100569259962,1.0,1.0,0.5965284,0.40347156
212,13,0.0,0.0,1.0,1.0,0.0,1.0,1.0,1.0,0.0,30.0,65.0,4.28,0.0,96.0,2.0,0.0,25.0,1.0,2.4,1.0,1.0,0.0,0.61100569259962,1.0,1.0,0.5965284,0.40347156
212,14,0.0,0.0,1.0,1.0,25.0,1.0,1.0,1.0,0.0,30.0,65.0,0.41,0.0,96.0,2.0,0.0,25.0,1.0,2.4,1.0,1.0,0.0,1.1,1.0,1.0,0.54393226,0.45606774
212,15,0.0,0.0,1.0,96.0,0.0,1.0,1.0,1.0,0.0,30.0,65.0,0.41,0.0,96.0,2.0,0.0,25.0,1.0,2.4,1.0,1.0,0.0,1.1,1.0,1.0,0.700093,0.29990703
212,16,0.0,0.0,1.0,1.0,0.0,1.0,1.0,1.0,0.0,30.0,65.0,2.01,0.0,96.0,2.0,0.0,25.0,1.0,2.4,1.0,1.0,0.0,0.61100569259962,1.0,1.0,0.56220996,0.43779
212,17,0.0,0.0,1.0,1.0,0.0,1.0,1.0,1.0,0.0,30.0,65.0,0.41,0.0,96.0,2.0,0.0,25.0,5.0,34.5,1.0,1.0,0.0,0.61100569259962,1.0,1.0,0.5224401,0.4775599
212,18,0.0,0.0,1.0,1.0,0.0,1.0,1.0,1.0,0.0,30.0,65.0,1.6,0.0,96.0,2.0,0.0,65.0,1.0,2.4,1.0,1.0,0.0,0.61100569259962,1.0,1.0,0.59828067,0.40171933
212,19,0.0,0.0,1.0,1.0,0.0,1.0,1.0,1.0,0.0,30.0,65.0,0.41,0.0,96.0,7.0,0.0,25.0,1.0,4.9,1.0,1.0,0.0,0.61100569259962,1.0,1.0,0.5330728,0.46692717
212,20,0.0,0.0,1.0,1.0,0.0,1.0,7.0,1.0,0.0,13.0,65.0,0.41,0.0,96.0,2.0,0.0,25.0,1.0,2.4,1.0,1.0,0.0,0.61100569259962,1.0,1.0,0.69393003,0.30606994
212,21,0.0,0.0,1.0,1.0,0.0,1.0,1.0,1.0,0.0,30.0,65.0,0.41,0.0,96.0,2.0,0.0,25.0,1.0,40.3,1.0,1.0,0.0,0.61100569259962,1.0,1.0,0.6523367,0.3476633
212,22,0.0,0.0,1.0,1.0,0.0,1.0,1.0,1.0,0.0,30.0,65.0,4.07,0.0,96.0,2.0,0.0,25.0,1.0,2.4,1.0,1.0,0.0,0.61100569259962,1.0,1.0,0.5965284,0.40347156
212,23,0.0,0.0,1.0,1.0,0.0,1.0,1.0,1.0,0.0,30.0,65.0,4.16,0.0,96.0,2.0,0.0,25.0,1.0,29.0,1.0,1.0,0.0,0.61100569259962,1.0,1.0,0.86119497,0.13880502
212,24,0.0,0.0,1.0,1.0,0.0,1.0,1.0,1.0,0.0,30.0,65.0,6.78,0.0,96.0,2.0,0.0,25.0,1.0,2.4,1.0,1.0,0.0,0.61100569259962,1.0,1.0,0.5965284,0.40347156
212,25,0.0,0.0,1.0,1.0,0.0,1.0,1.0,1.0,0.0,30.0,65.0,0.41,0.0,96.0,2.0,0.0,25.0,1.0,10.4,1.0,1.0,0.0,0.61100569259962,1.0,1.0,0.6523367,0.3476633
212,26,0.0,0.0,1.0,1.0,0.0,1.0,1.0,1.0,0.0,30.0,65.0,0.41,0.0,96.0,2.0,25.0,25.0,1.0,44.6,1.0,1.0,0.0,0.61100569259962,1.0,1.0,0.7787143,0.2212857
212,27,0.0,0.0,1.0,1.0,0.0,1.0,1.0,1.0,0.0,61.0,65.0,0.41,0.0,96.0,2.0,0.0,25.0,1.0,2.4,1.0,1.0,0.0,1.0,1.0,1.0,0.5502596,0.44974038
212,28,0.0,0.0,1.0,1.0,0.0,1.0,1.0,1.0,0.0,30.0,13.0,0.41,0.0,96.0,2.0,0.0,25.0,1.0,2.4,1.0,1.0,0.0,0.61100569259962,1.0,1.0,0.6983833,0.30161673
212,29,0.0,0.0,1.0,1.0,0.0,1.0,1.0,1.0,0.0,30.0,65.0,0.41,0.0,96.0,2.0,7.0,25.0,1.0,35.2,1.0,1.0,0.0,0.61100569259962,1.0,1.0,0.632826,0.36717403
212,30,0.0,0.0,1.0,1.0,0.0,1.0,1.0,1.0,0.0,12.0,65.0,6.07,0.0,96.0,2.0,0.0,25.0,1.0,2.4,1.0,1.0,0.0,0.61100569259962,1.0,1.0,0.9213268,0.07867319
212,31,0.0,0.0,1.0,1.0,0.0,1.0,1.0,1.0,0.0,30.0,65.0,0.41,7.0,96.0,2.0,0.0,25.0,1.0,20.2,1.0,1.0,0.0,0.61100569259962,1.0,1.0,0.6085327,0.39146727
212,32,0.0,0.0,1.0,70.0,0.0,1.0,1.0,1.0,0.0,30.0,65.0,0.41,0.0,96.0,2.0,0.0,25.0,1.0,44.3,1.0,1.0,0.0,0.61100569259962,1.0,1.0,0.8092792,0.1907208
212,33,0.0,0.0,1.0,1.0,0.0,1.0,1.0,1.0,0.0,30.0,65.0,7.05,11.0,96.0,2.0,0.0,25.0,1.0,2.4,1.0,1.0,0.0,0.61100569259962,1.0,1.0,0.586702,0.413298
212,34,0.0,0.0,1.0,1.0,19.0,1.0,1.0,1.0,0.0,30.0,65.0,0.41,0.0,96.0,2.0,0.0,25.0,1.0,9.9,1.0,1.0,0.0,0.61100569259962,1.0,1.0,0.5517273,0.44827268
212,35,0.0,0.0,1.0,1.0,0.0,1.0,1.0,1.0,0.0,30.0,65.0,0.41,0.0,96.0,2.0,0.0,25.0,1.0,17.4,1.0,1.0,0.0,0.61100569259962,1.0,1.0,0.6523367,0.3476633
212,36,0.0,0.0,1.0,1.0,0.0,1.0,2.0,1.0,0.0,30.0,65.0,6.6,0.0,96.0,2.0,0.0,25.0,1.0,2.4,1.0,1.0,0.0,0.61100569259962,1.0,1.0,0.5965284,0.40347156
212,37,0.0,0.0,1.0,1.0,0.0,1.0,1.0,1.0,0.0,21.0,65.0,0.41,0.0,96.0,2.0,32.0,25.0,1.0,2.4,1.0,1.0,0.0,0.61100569259962,1.0,1.0,0.7255289,0.2744711
212,38,0.0,0.0,1.0,1.0,24.0,1.0,1.0,1.0,0.0,30.0,65.0,3.81,0.0,96.0,2.0,0.0,25.0,1.0,2.4,1.0,1.0,0.0,0.61100569259962,1.0,1.0,0.5367823,0.46321768
212,39,0.0,0.0,1.0,1.0,0.0,1.0,1.0,1.0,0.0,30.0,65.0,0.41,0.0,96.0,2.0,0.0,25.0,1.0,11.8,1.0,1.0,0.0,0.61100569259962,1.0,1.0,0.6523367,0.3476633
212,40,0.0,0.0,1.0,1.0,0.0,1.0,1.0,1.0,0.0,30.0,65.0,3.37,0.0,96.0,2.0,0.0,25.0,1.0,2.4,1.0,1.0,0.0,0.61100569259962,1.0,1.0,0.5965284,0.40347156
212,41,0.0,0.0,1.0,1.0,7.0,1.0,1.0,1.0,0.0,30.0,65.0,0.41,0.0,96.0,2.0,0.0,25.0,1.0,49.2,1.0,1.0,0.0,0.61100569259962,1.0,1.0,0.5517273,0.44827268
212,42,0.0,0.0,1.0,1.0,0.0,1.0,1.0,1.0,0.0,30.0,65.0,0.41,15.0,96.0,2.0,0.0,25.0,1.0,8.0,1.0,1.0,0.0,0.61100569259962,1.0,1.0,0.6085327,0.39146727
212,43,0.0,0.0,1.0,1.0,0.0,1.0,1.0,1.0,0.0,18.0,65.0,0.41,0.0,96.0,2.0,0.0,25.0,1.0,2.4,1.0,1.0,0.0,0.61100569259962,0.8,1.0,0.5604791,0.4395209
212,44,0.0,0.0,1.0,1.0,0.0,1.0,1.0,1.0,0.0,30.0,65.0,0.41,0.0,96.0,2.0,0.0,25.0,1.0,15.8,1.0,1.0,0.0,0.61100569259962,1.0,1.0,0.6523367,0.3476633
212,45,0.0,0.0,1.0,1.0,0.0,1.0,1.0,12.0,0.0,30.0,65.0,0.41,0.0,96.0,2.0,0.0,25.0,1.0,15.4,1.0,1.0,0.0,0.61100569259962,1.0,1.0,0.78784615,0.21215387
212,46,0.0,0.0,1.0,1.0,0.0,1.0,1.0,1.0,0.0,30.0,65.0,0.41,0.0,96.0,2.0,0.0,25.0,1.0,27.7,1.0,1.0,2.0,0.61100569259962,1.0,1.0,0.6961868,0.30381325
212,47,0.0,0.0,1.0,1.0,0.0,1.0,1.0,1.0,0.0,30.0,65.0,5.92,0.0,96.0,2.0,0.0,25.0,1.0,2.4,1.0,1.0,0.0,0.61100569259962,1.0,1.0,0.5965284,0.40347156
212,48,5.0,0.0,1.0,1.0,0.0,1.0,1.0,1.0,0.0,30.0,65.0,5.28,0.0,96.0,2.0,0.0,25.0,1.0,2.4,1.0,1.0,0.0,0.61100569259962,1.0,1.0,0.61472744,0.38527256
212,49,0.0,0.0,1.0,1.0,0.0,1.0,1.0,1.0,0.0,57.0,65.0,4.78,0.0,96.0,2.0,0.0,25.0,1.0,2.4,1.0,1.0,0.0,0.61100569259962,1.0,1.0,0.5965284,0.40347156
212,50,0.0,0.0,1.0,1.0,0.0,1.0,6.0,1.0,0.0,30.0,3.0,0.41,0.0,96.0,2.0,0.0,25.0,1.0,2.4,1.0,1.0,0.0,0.61100569259962,1.0,1.0,0.7988367,0.20116326
212,51,0.0,0.0,1.0,1.0,0.0,1.0,1.0,1.0,0.0,15.0,65.0,0.41,0.0,96.0,2.0,0.0,25.0,1.0,2.4,1.0,1.0,0.0,0.61100569259962,1.0,1.0,0.7891136,0.2108864
212,52,0.0,0.0,1.0,1.0,0.0,1.0,1.0,1.0,0.0,17.0,65.0,0.41,0.0,96.0,2.0,0.0,25.0,2.0,2.4,1.0,1.0,0.0,0.61100569259962,1.0,1.0,0.83209413,0.16790588
212,53,0.0,0.0,1.0,1.0,0.0,1.0,1.0,1.0,0.0,30.0,65.0,3.13,0.0,96.0,2.0,0.0,25.0,1.0,2.4,1.0,1.0,0.0,0.61100569259962,1.0,1.0,0.5965284,0.40347156
212,54,0.0,0.0,1.0,1.0,0.0,1.0,1.0,1.0,0.0,30.0,65.0,0.41,0.0,96.0,5.0,0.0,25.0,1.0,2.4,1.0,1.0,0.0,1.1,1.0,1.0,0.6306058,0.36939418
212,55,0.0,0.0,1.0,1.0,0.0,1.0,1.0,1.0,0.0,30.0,65.0,6.93,0.0,96.0,2.0,0.0,25.0,1.0,48.5,1.0,1.0,0.0,0.61100569259962,1.0,1.0,0.86119497,0.13880502
212,56,0.0,0.0,1.0,1.0,18.0,1.0,1.0,1.0,0.0,30.0,65.0,6.72,0.0,96.0,2.0,0.0,25.0,1.0,2.4,1.0,1.0,0.0,0.61100569259962,1.0,1.0,0.5367823,0.46321768
212,57,0.0,0.0,1.0,1.0,0.0,1.0,1.0,1.0,0.0,30.0,131.0,0.41,0.0,96.0,2.0,0.0,25.0,1.0,22.3,1.0,1.0,0.0,0.61100569259962,1.0,1.0,0.6523367,0.3476633
212,58,0.0,0.0,1.0,1.0,0.0,1.0,1.0,1.0,0.0,30.0,65.0,0.41,0.0,96.0,2.0,12.0,25.0,1.0,2.4,1.0,1.0,0.0,1.0,1.0,1.0,0.75805694,0.24194308
212,59,0.0,0.0,1.0,1.0,0.0,1.0,1.0,1.0,0.0,30.0,65.0,4.4,0.0,96.0,2.0,0.0,25.0,1.0,2.4,1.0,1.0,0.0,0.61100569259962,1.0,1.0,0.5965284,0.40347156
212,60,6.0,0.0,1.0,1.0,0.0,1.0,1.0,1.0,0.0,13.0,65.0,0.41,0.0,96.0,2.0,0.0,25.0,1.0,2.4,1.0,1.0,0.0,0.61100569259962,1.0,1.0,0.79855263,0.20144735
212,61,0.0,0.0,1.0,1.0,0.0,1.0,1.0,1.0,0.0,30.0,65.0,2.2,0.0,96.0,2.0,0.0,25.0,1.0,2.4,1.0,1.0,0.0,0.61100569259962,1.0,1.0,0.56220996,0.43779
212,62,0.0,0.0,1.0,1.0,45.0,1.0,1.0,1.0,0.0,30.0,65.0,4.26,0.0,96.0,2.0,0.0,25.0,1.0,2.4,1.0,1.0,0.0,0.61100569259962,1.0,1.0,0.5367823,0.46321768
212,63,0.0,0.0,1.0,1.0,0.0,1.0,1.0,1.0,0.0,30.0,65.0,0.41,0.0,96.0,2.0,34.0,25.0,1.0,30.8,1.0,1.0,0.0,0.61100569259962,1.0,1.0,0.7787143,0.2212857
212,64,0.0,0.0,1.0,1.0,0.0,1.0,1.0,1.0,0.0,20.0,65.0,0.41,0.0,96.0,2.0,6.0,25.0,1.0,2.4,1.0,1.0,0.0,0.61100569259962,1.0,1.0,0.5641999,0.4358001
212,65,0.0,0.0,1.0,1.0,0.0,1.0,1.0,1.0,0.0,30.0,65.0,0.41,0.0,96.0,2.0,0.0,25.0,1.0,51.3,1.0,1.0,0.0,0.61100569259962,1.0,1.0,0.6523367,0.3476633
212,66,0.0,0.0,1.0,1.0,0.0,1.0,1.0,1.0,0.0,12.0,65.0,0.41,0.0,96.0,2.0,0.0,6.0,1.0,2.4,1.0,1.0,0.0,0.61100569259962,1.0,1.0,0.9110404,0.08895959
212,67,0.0,0.0,1.0,1.0,0.0,1.0,1.0,1.0,0.0,20.0,65.0,0.41,7.0,96.0,2.0,0.0,25.0,1.0,2.4,1.0,1.0,0.0,0.61100569259962,1.0,1.0,0.55650043,0.44349957
212,68,0.0,0.0,1.0,1.0,0.0,1.0,1.0,1.0,0.0,20.0,130.0,0.41,0.0,96.0,2.0,0.0,25.0,1.0,2.4,1.0,1.0,0.0,0.61100569259962,1.0,1.0,0.626482,0.37351802
212,69,0.0,0.0,1.0,1.0,0.0,1.0,1.0,1.0,0.0,30.0,65.0,0.41,0.0,46.0,2.0,0.0,25.0,1.0,30.4,1.0,1.0,0.0,0.61100569259962,1.0,1.0,0.5574117,0.44258836
212,70,0.0,0.0,1.0,1.0,0.0,1.0,1.0,1.0,0.0,30.0,112.0,0.41,0.0,96.0,2.0,0.0,25.0,1.0,28.7,1.0,1.0,0.0,0.61100569259962,1.0,1.0,0.6523367,0.3476633
212,71,0.0,0.0,1.0,1.0,0.0,1.0,1.0,1.0,0.0,30.0,65.0,0.41,0.0,96.0,2.0,0.0,25.0,1.0,24.2,1.0,1.0,0.0,0.61100569259962,1.0,1.0,0.6523367,0.3476633
212,72,0.0,0.0,1.0,1.0,0.0,1.0,1.0,1.0,0.0,30.0,65.0,0.41,0.0,96.0,2.0,0.0,25.0,1.0,30.0,1.0,1.0,0.0,0.61100569259962,1.0,1.0,0.6523367,0.3476633
212,73,0.0,0.0,1.0,1.0,0.0,1.0,1.0,1.0,0.0,30.0,65.0,2.53,0.0,96.0,2.0,0.0,25.0,1.0,2.4,1.0,1.0,0.0,0.61100569259962,0.4,1.0,0.662493,0.33750698
212,74,0.0,0.0,0.0,1.0,0.0,1.0,1.0,1.0,0.0,30.0,65.0,2.06,0.0,96.0,2.0,0.0,25.0,1.0,2.4,1.0,1.0,0.0,0.61100569259962,1.0,1.0,0.56220996,0.43779
212,75,0.0,0.0,1.0,1.0,0.0,1.0,1.0,1.0,0.0,7.0,65.0,0.41,0.0,96.0,2.0,0.0,25.0,1.0,2.4,1.0,1.0,0.0,0.61100569259962,0.8,1.0,0.72285175,0.27714825
212,76,0.0,0.0,1.0,1.0,0.0,1.0,1.0,1.0,0.0,30.0,135.0,3.42,0.0,96.0,2.0,0.0,25.0,1.0,2.4,1.0,1.0,0.0,0.61100569259962,1.0,1.0,0.5965284,0.40347156
212,77,0.0,0.0,1.0,1.0,0.0,1.0,1.0,1.0,0.0,30.0,65.0,1.27,0.0,96.0,2.0,0.0,25.0,1.0,2.4,1.0,19.0,0.0,0.61100569259962,1.0,1.0,0.66136503,0.33863494
212,78,0.0,0.0,1.0,1.0,0.0,1.0,1.0,1.0,0.0,30.0,65.0,5.06,0.0,96.0,2.0,0.0,25.0,1.0,2.4,1.0,1.0,0.0,0.61100569259962,1.0,1.0,0.5965284,0.40347156
212,79,0.0,0.0,0.0,1.0,0.0,1.0,1.0,1.0,0.0,30.0,65.0,3.52,0.0,96.0,2.0,0.0,25.0,1.0,2.4,1.0,1.0,0.0,0.61100569259962,1.0,1.0,0.5965284,0.40347156
212,80,0.0,0.0,1.0,1.0,0.0,1.0,1.0,1.0,26.0,7.0,65.0,0.41,0.0,96.0,2.0,0.0,25.0,1.0,2.4,1.0,1.0,0.0,0.61100569259962,1.0,1.0,0.8852017,0.11479833
212,81,0.0,0.0,3.0,1.0,0.0,1.0,1.0,1.0,0.0,30.0,65.0,0.41,0.0,96.0,2.0,0.0,25.0,1.0,39.9,1.0,1.0,0.0,0.61100569259962,1.0,1.0,0.61414504,0.38585493
212,82,0.0,0.0,1.0,1.0,0.0,1.0,1.0,1.0,0.0,8.0,65.0,0.41,0.0,96.0,2.0,0.0,25.0,1.0,2.4,1.0,1.0,0.0,0.61100569259962,1.0,1.0,0.92951864,0.07048137
212,83,0.0,0.0,1.0,1.0,0.0,1.0,1.0,1.0,0.0,30.0,8.0,0.41,0.0,96.0,2.0,29.0,25.0,1.0,2.4,1.0,1.0,0.0,0.61100569259962,1.0,1.0,0.81400406,0.18599597
212,84,13.0,0.0,1.0,1.0,0.0,1.0,1.0,1.0,0.0,30.0,65.0,0.41,0.0,96.0,2.0,0.0,25.0,1.0,34.3,1.0,1.0,0.0,0.61100569259962,1.0,1.0,0.67472875,0.32527128
212,85,0.0,0.0,1.0,1.0,0.0,1.0,1.0,1.0,0.0,30.0,65.0,5.18,0.0,96.0,2.0,0.0,25.0,1.0,2.4,1.0,1.0,0.0,0.61100569259962,1.0,1.0,0.5965284,0.40347156
212,86,0.0,0.0,1.0,1.0,0.0,1.0,1.0,1.0,0.0,30.0,65.0,0.41,0.0,96.0,2.0,0.0,25.0,1.0,41.9,1.0,1.0,0.0,0.61100569259962,1.0,1.0,0.6523367,0.3476633
212,87,0.0,0.0,1.0,1.0,0.0,1.0,1.0,6.0,0.0,30.0,65.0,0.41,0.0,96.0,2.0,0.0,7.0,1.0,2.4,1.0,1.0,0.0,0.61100569259962,1.0,1.0,0.5095546,0.49044538
212,88,0.0,0.0,1.0,1.0,0.0,1.0,1.0,1.0,0.0,30.0,65.0,3.95,15.0,96.0,2.0,0.0,25.0,1.0,2.4,1.0,1.0,0.0,0.61100569259962,1.0,1.0,0.586702,0.413298
212,89,0.0,0.0,1.0,1.0,0.0,1.0,1.0,1.0,0.0,30.0,65.0,0.41,1.0,96.0,2.0,0.0,25.0,1.0,28.1,1.0,1.0,0.0,0.61100569259962,1.0,1.0,0.6523367,0.3476633
212,90,0.0,0.0,1.0,1.0,0.0,1.0,1.0,1.0,0.0,30.0,63.0,0.41,0.0,96.0,2.0,0.0,25.0,1.0,22.8,1.0,1.0,0.0,0.61100569259962,1.0,1.0,0.6523367,0.3476633
212,91,0.0,0.0,1.0,1.0,0.0,1.0,2.0,1.0,0.0,8.0,65.0,0.41,0.0,96.0,2.0,0.0,25.0,1.0,2.4,1.0,1.0,0.0,0.61100569259962,1.0,1.0,0.92019224,0.079807736
212,92,0.0,0.0,1.0,1.0,0.0,1.0,1.0,1.0,0.0,30.0,65.0,4.75,0.0,96.0,2.0,0.0,25.0,1.0,2.4,1.0,1.0,0.0,0.61100569259962,1.0,1.0,0.5965284,0.40347156
212,93,0.0,0.0,1.0,1.0,0.0,1.0,1.0,1.0,0.0,30.0,65.0,0.41,0.0,96.0,2.0,0.0,25.0,1.0,18.9,1.0,1.0,0.0,0.61100569259962,1.0,1.0,0.6523367,0.3476633
212,94,0.0,0.0,1.0,1.0,0.0,1.0,1.0,1.0,0.0,30.0,65.0,0.41,0.0,96.0,2.0,0.0,25.0,1.0,41.1,1.0,1.0,0.0,0.61100569259962,1.0,1.0,0.6523367,0.3476633
212,95,0.0,0.0,1.0,1.0,0.0,1.0,1.0,1.0,0.0,2.0,63.0,0.41,0.0,96.0,2.0,0.0,25.0,1.0,2.4,1.0,1.0,0.0,0.61100569259962,1.0,1.0,0.98540264,0.014597339
212,96,0.0,0.0,1.0,1.0,0.0,1.0,1.0,1.0,0.0,30.0,65.0,1.28,0.0,96.0,2.0,0.0,25.0,1.0,2.4,1.0,1.0,0.0,0.61100569259962,1.0,1.0,0.59828067,0.40171933
212,97,0.0,0.0,1.0,1.0,0.0,1.0,1.0,1.0,0.0,30.0,65.0,6.9,0.0,96.0,2.0,0.0,25.0,1.0,2.4,1.0,1.0,0.0,0.61100569259962,1.0,1.0,0.5965284,0.40347156
212,98,0.0,0.0,1.0,1.0,0.0,1.0,1.0,1.0,0.0,30.0,65.0,0.41,0.0,96.0,2.0,0.0,25.0,1.0,10.4,27.0,1.0,0.0,0.61100569259962,1.0,1.0,0.59989506,0.40010494
212,99,0.0,0.0,1.0,1.0,0.0,1.0,1.0,1.0,0.0,30.0,65.0,0.41,0.0,96.0,2.0,0.0,25.0,1.0,26.8,1.0,1.0,0.0,0.61100569259962,1.0,1.0,0.6523367,0.3476633
228,0,0.0,1.0,2.0,1.0,0.0,3.0,3.0,4.0,9.0,13.0,30.0,0.26,0.0,89.0,2.0,2.0,25.0,2.0,12.5,0.0,0.0,2.0,0.584239130434783,0.3,1.0,0.74431616,0.25568384
228,1,0.0,1.0,2.0,1.0,0.0,3.0,3.0,6.0,9.0,13.0,30.0,0.26,0.0,89.0,2.0,2.0,25.0,2.0,3.775,0.0,0.0,0.0,1.0,0.857142857142857,1.0,0.67827296,0.32172704
228,2,0.0,1.0,2.0,1.0,0.0,3.0,3.0,12.0,9.0,13.0,30.0,4.66,0.0,89.0,2.0,2.0,2.0,2.0,3.775,0.0,0.0,0.0,0.584239130434783,0.857142857142857,1.0,0.6932457,0.3067543
228,3,0.0,1.0,2.0,1.0,0.0,3.0,3.0,9.0,9.0,13.0,30.0,0.26,0.0,89.0,2.0,2.0,25.0,2.0,3.775,0.0,0.0,0.0,1.0,0.857142857142857,1.0,0.6015992,0.3984008
228,4,0.0,1.0,2.0,1.0,0.0,3.0,3.0,4.0,9.0,13.0,30.0,0.26,0.0,89.0,2.0,2.0,64.0,2.0,3.775,0.0,16.0,0.0,1.0,0.857142857142857,1.0,0.8234781,0.17652191
228,5,0.0,29.0,2.0,1.0,0.0,3.0,3.0,4.0,9.0,13.0,30.0,0.26,4.0,89.0,2.0,2.0,25.0,2.0,3.775,0.0,0.0,0.0,1.1,0.857142857142857,1.0,0.5542651,0.44573492
228,6,0.0,1.0,2.0,1.0,0.0,3.0,8.0,4.0,9.0,13.0,30.0,0.26,0.0,89.0,0.0,2.0,25.0,2.0,3.775,0.0,0.0,0.0,1.1,0.857142857142857,1.0,0.68007445,0.31992552
228,7,0.0,1.0,2.0,1.0,0.0,3.0,3.0,4.0,9.0,13.0,30.0,0.26,0.0,89.0,2.0,23.0,25.0,2.0,3.775,0.0,0.0,0.0,1.1,0.857142857142857,1.0,0.6900797,0.30992034
228,8,0.0,1.0,2.0,1.0,24.0,3.0,3.0,4.0,9.0,13.0,30.0,0.26,0.0,89.0,2.0,2.0,25.0,2.0,3.775,0.0,0.0,1.0,1.0,0.857142857142857,1.0,0.6063076,0.39369237
228,9,21.0,1.0,2.0,1.0,0.0,3.0,3.0,4.0,9.0,13.0,30.0,0.26,0.0,89.0,6.0,2.0,25.0,2.0,3.775,0.0,0.0,0.0,1.0,0.857142857142857,1.0,0.58486307,0.41513696
228,10,0.0,37.0,2.0,1.0,0.0,3.0,3.0,4.0,9.0,13.0,30.0,0.26,0.0,89.0,2.0,2.0,25.0,2.0,3.775,0.0,0.0,0.0,1.0,1.0,1.0,0.61563176,0.38436824
228,11,0.0,1.0,2.0,1.0,0.0,3.0,11.0,13.0,9.0,13.0,30.0,0.26,0.0,89.0,2.0,2.0,25.0,2.0,3.775,0.0,0.0,0.0,1.0,0.857142857142857,1.0,0.6842531,0.3157469
228,12,0.0,1.0,2.0,1.0,0.0,3.0,3.0,4.0,9.0,13.0,41.0,0.26,0.0,89.0,2.0,2.0,25.0,2.0,23.4,0.0,0.0,0.0,0.584239130434783,0.5,1.0,0.5494201,0.45057985
228,13,0.0,1.0,2.0,1.0,0.0,3.0,3.0,4.0,9.0,13.0,30.0,0.26,0.0,89.0,2.0,12.0,25.0,2.0,3.775,0.0,0.0,0.0,1.0,1.0,1.0,0.74165416,0.25834587
228,14,0.0,1.0,2.0,1.0,0.0,3.0,3.0,4.0,27.0,13.0,30.0,0.26,0.0,89.0,2.0,2.0,25.0,2.0,3.775,0.0,0.0,0.0,1.0,0.857142857142857,1.0,0.6079994,0.39200062
228,15,0.0,1.0,2.0,1.0,0.0,3.0,3.0,4.0,9.0,13.0,30.0,0.26,0.0,89.0,2.0,2.0,25.0,2.0,3.775,5.0,0.0,1.0,1.1,0.857142857142857,1.0,0.62215227,0.37784773
228,16,0.0,1.0,2.0,1.0,0.0,3.0,3.0,4.0,9.0,13.0,30.0,1.76,0.0,89.0,2.0,2.0,25.0,2.0,3.775,0.0,0.0,3.0,0.584239130434783,0.3,1.0,0.55579793,0.44420204
228,17,0.0,1.0,2.0,1.0,0.0,3.0,4.0,4.0,9.0,13.0,30.0,0.26,0.0,89.0,2.0,2.0,5.0,2.0,29.9,0.0,0.0,0.0,0.584239130434783,0.857142857142857,1.0,0.5166638,0.48333624
228,18,0.0,1.0,2.0,1.0,0.0,3.0,3.0,4.0,8.0,13.0,30.0,0.26,0.0,89.0,2.0,2.0,25.0,2.0,3.775,0.0,0.0,0.0,1.1,0.857142857142857,1.0,0.5583272,0.44167283
228,19,0.0,1.0,2.0,1.0,0.0,12.0,0.0,4.0,9.0,13.0,30.0,0.26,0.0,89.0,2.0,2.0,25.0,2.0,3.775,0.0,0.0,0.0,1.1,0.857142857142857,1.0,0.6596445,0.34035555
228,20,0.0,35.0,2.0,1.0,0.0,3.0,3.0,4.0,9.0,13.0,30.0,0.26,0.0,89.0,2.0,2.0,16.0,2.0,3.775,0.0,0.0,0.0,1.1,0.857142857142857,1.0,0.5955651,0.40443492
228,21,0.0,1.0,2.0,1.0,0.0,3.0,3.0,4.0,9.0,13.0,30.0,0.26,0.0,89.0,2.0,2.0,25.0,2.0,3.775,0.0,12.0,0.0,0.9,0.857142857142857,1.0,0.51182324,0.48817676
228,22,0.0,1.0,2.0,1.0,0.0,3.0,3.0,4.0,9.0,13.0,30.0,1.47,0.0,89.0,2.0,2.0,25.0,2.0,3.775,7.0,0.0,0.0,0.584239130434783,0.2,1.0,0.6647335,0.33526644
228,23,0.0,1.0,2.0,1.0,36.0,3.0,3.0,4.0,9.0,13.0,82.0,0.26,0.0,89.0,2.0,2.0,25.0,2.0,3.775,0.0,0.0,0.0,1.0,0.857142857142857,1.0,0.7135618,0.2864382
228,24,0.0,1.0,2.0,1.0,0.0,3.0,0.0,4.0,9.0,13.0,30.0,0.26,0.0,89.0,2.0,2.0,25.0,2.0,3.775,0.0,0.0,0.0,1.0,0.857142857142857,1.0,0.6771065,0.32289347
228,25,12.0,1.0,2.0,1.0,0.0,3.0,3.0,4.0,9.0,13.0,30.0,0.26,0.0,89.0,2.0,2.0,25.0,2.0,3.775,0.0,0.0,0.0,1.1,1.1,1.0,0.5313961,0.4686039
228,26,0.0,1.0,2.0,1.0,0.0,3.0,3.0,4.0,21.0,13.0,42.0,0.26,0.0,89.0,2.0,2.0,25.0,2.0,3.775,0.0,0.0,0.0,1.0,0.857142857142857,1.0,0.7429093,0.2570907
228,27,0.0,1.0,2.0,1.0,0.0,17.0,3.0,4.0,9.0,13.0,30.0,2.07,0.0,89.0,2.0,2.0,25.0,2.0,3.775,0.0,0.0,0.0,0.584239130434783,0.3,1.0,0.53274286,0.4672571
228,28,0.0,1.0,2.0,1.0,0.0,3.0,3.0,4.0,9.0,13.0,30.0,0.26,0.0,89.0,2.0,2.0,25.0,2.0,10.4,27.0,0.0,0.0,0.584239130434783,0.2,1.0,0.60363746,0.3963625
228,29,0.0,1.0,2.0,1.0,0.0,3.0,3.0,4.0,25.0,4.0,30.0,0.26,0.0,89.0,2.0,2.0,25.0,2.0,14.2,0.0,0.0,0.0,0.584239130434783,0.857142857142857,1.0,0.68716085,0.31283918
228,30,0.0,1.0,2.0,1.0,0.0,3.0,3.0,4.0,9.0,13.0,30.0,0.26,0.0,89.0,2.0,2.0,25.0,2.0,3.775,0.0,37.0,0.0,1.0,0.857142857142857,1.0,0.8234781,0.17652191
228,31,0.0,1.0,2.0,1.0,0.0,3.0,3.0,4.0,36.0,13.0,30.0,0.26,0.0,89.0,2.0,2.0,25.0,2.0,3.775,0.0,0.0,0.0,1.0,0.857142857142857,1.0,0.6079994,0.39200062
228,32,0.0,1.0,2.0,1.0,0.0,3.0,3.0,4.0,9.0,13.0,30.0,0.26,0.0,89.0,0.0,2.0,25.0,2.0,3.775,0.0,0.0,0.0,1.1,0.857142857142857,1.0,0.59697104,0.40302896
228,33,0.0,1.0,2.0,1.0,0.0,3.0,3.0,4.0,9.0,13.0,30.0,4.09,0.0,89.0,2.0,2.0,4.0,2.0,3.775,0.0,0.0,0.0,0.584239130434783,0.857142857142857,1.0,0.65470135,0.34529868
228,34,0.0,1.0,2.0,1.0,0.0,3.0,3.0,4.0,0.0,13.0,68.0,0.26,0.0,54.0,2.0,2.0,25.0,2.0,3.775,0.0,0.0,0.0,0.584239130434783,0.857142857142857,1.0,0.59180903,0.40819094
228,35,0.0,1.0,2.0,1.0,0.0,3.0,3.0,4.0,9.0,13.0,30.0,0.26,0.0,89.0,2.0,2.0,25.0,2.0,3.775,0.0,0.0,0.0,1.1,0.857142857142857,1.0,0.6079994,0.39200062
228,36,0.0,1.0,2.0,1.0,0.0,3.0,3.0,4.0,9.0,13.0,65.0,0.26,0.0,89.0,2.0,2.0,25.0,2.0,3.775,0.0,0.0,0.0,0.5,0.3,1.0,0.5154016,0.48459837
228,37,0.0,1.0,2.0,1.0,0.0,3.0,3.0,4.0,9.0,13.0,30.0,0.26,0.0,89.0,2.0,2.0,25.0,2.0,43.2,0.0,0.0,0.0,1.0,0.857142857142857,1.0,0.75249267,0.24750735
228,38,0.0,6.0,2.0,1.0,0.0,3.0,3.0,4.0,9.0,13.0,30.0,0.26,0.0,89.0,2.0,2.0,4.0,2.0,3.775,0.0,0.0,0.0,0.8,0.857142857142857,1.0,0.6718433,0.32815674
228,39,0.0,1.0,2.0,90.0,0.0,3.0,3.0,4.0,9.0,13.0,30.0,0.26,0.0,35.0,2.0,2.0,25.0,2.0,3.775,0.0,0.0,0.0,1.0,0.857142857142857,1.0,0.6838467,0.31615332
228,40,0.0,1.0,2.0,1.0,0.0,3.0,3.0,4.0,9.0,13.0,30.0,6.58,0.0,89.0,2.0,2.0,25.0,2.0,46.0,0.0,0.0,0.0,1.0,0.857142857142857,1.0,0.51404995,0.48595005
228,41,0.0,1.0,2.0,1.0,28.0,4.0,3.0,4.0,9.0,13.0,30.0,0.26,0.0,89.0,2.0,2.0,25.0,2.0,3.775,0.0,0.0,0.0,1.0,0.857142857142857,1.0,0.5382112,0.4617888
228,42,0.0,1.0,2.0,1.0,0.0,3.0,3.0,4.0,9.0,13.0,30.0,0.26,0.0,89.0,2.0,2.0,25.0,2.0,10.7,0.0,0.0,0.0,0.584239130434783,0.2,1.0,0.7044639,0.2955361
228,43,0.0,1.0,2.0,1.0,0.0,3.0,3.0,4.0,9.0,13.0,30.0,0.26,0.0,89.0,2.0,2.0,25.0,2.0,3.775,5.0,0.0,3.0,1.0,0.857142857142857,1.0,0.62215227,0.37784773
228,44,0.0,1.0,2.0,1.0,16.0,3.0,3.0,3.0,9.0,13.0,30.0,0.26,0.0,89.0,2.0,2.0,25.0,2.0,3.775,0.0,0.0,0.0,1.0,0.857142857142857,1.0,0.6511564,0.34884354
228,45,0.0,1.0,2.0,76.0,0.0,3.0,3.0,4.0,9.0,13.0,30.0,0.26,0.0,89.0,2.0,2.0,25.0,2.0,3.775,0.0,0.0,0.0,1.0,0.857142857142857,1.0,0.626706,0.373294
228,46,0.0,1.0,2.0,1.0,0.0,3.0,3.0,4.0,9.0,13.0,30.0,0.26,0.0,89.0,2.0,2.0,25.0,2.0,46.0,0.0,0.0,0.0,1.0,0.857142857142857,1.0,0.75249267,0.24750735
228,47,0.0,2.0,2.0,1.0,0.0,3.0,3.0,4.0,9.0,13.0,30.0,1.87,0.0,89.0,2.0,2.0,25.0,2.0,3.775,0.0,0.0,0.0,0.584239130434783,0.3,1.0,0.5557145,0.4442855
228,48,0.0,1.0,2.0,1.0,0.0,3.0,3.0,4.0,9.0,13.0,30.0,0.26,0.0,53.0,2.0,2.0,25.0,2.0,3.775,0.0,20.0,0.0,0.584239130434783,0.0,1.0,0.5236083,0.4763917
228,49,0.0,1.0,2.0,74.0,0.0,3.0,3.0,4.0,9.0,13.0,30.0,0.26,0.0,89.0,2.0,2.0,25.0,2.0,3.775,0.0,26.0,0.0,1.1,0.857142857142857,1.0,0.8346976,0.16530243
228,50,0.0,1.0,2.0,83.0,0.0,3.0,3.0,4.0,9.0,13.0,30.0,0.26,0.0,89.0,2.0,2.0,25.0,2.0,3.775,0.0,0.0,0.0,1.1,0.857142857142857,1.0,0.626706,0.373294
228,51,0.0,1.0,3.0,1.0,0.0,3.0,3.0,4.0,9.0,13.0,30.0,0.26,0.0,89.0,2.0,2.0,25.0,2.0,3.775,0.0,0.0,3.0,1.0,0.857142857142857,1.0,0.6544796,0.34552035
228,52,0.0,24.0,2.0,1.0,0.0,3.0,3.0,4.0,9.0,13.0,30.0,0.26,0.0,89.0,2.0,4.0,25.0,2.0,3.775,0.0,0.0,0.0,1.0,0.857142857142857,1.0,0.5586606,0.4413394
228,53,0.0,1.0,2.0,1.0,0.0,3.0,3.0,4.0,9.0,13.0,30.0,1.37,0.0,89.0,2.0,2.0,25.0,2.0,3.775,0.0,0.0,0.0,0.584239130434783,0.2,1.0,0.55579793,0.44420204
228,54,0.0,1.0,2.0,1.0,0.0,3.0,3.0,4.0,9.0,5.0,30.0,0.26,0.0,89.0,2.0,2.0,25.0,2.0,3.775,0.0,0.0,0.0,1.0,0.857142857142857,1.0,0.87676585,0.12323412
228,55,0.0,1.0,2.0,1.0,0.0,3.0,3.0,4.0,15.0,13.0,30.0,0.26,0.0,89.0,2.0,2.0,25.0,2.0,21.3,0.0,0.0,0.0,0.584239130434783,0.4,1.0,0.7044639,0.2955361
228,56,0.0,1.0,2.0,1.0,0.0,3.0,3.0,4.0,9.0,13.0,30.0,0.26,0.0,89.0,2.0,2.0,25.0,2.0,3.775,0.0,0.0,0.0,1.1,1.1,1.0,0.6666345,0.3333655
228,57,0.0,1.0,2.0,1.0,36.0,3.0,3.0,4.0,9.0,13.0,30.0,0.26,0.0,89.0,2.0,2.0,25.0,2.0,3.775,0.0,0.0,0.0,1.0,0.857142857142857,1.0,0.55772626,0.4422737
228,58,0.0,1.0,0.0,1.0,0.0,3.0,3.0,4.0,27.0,13.0,30.0,0.26,0.0,89.0,2.0,2.0,25.0,2.0,3.775,0.0,0.0,0.0,1.0,0.857142857142857,1.0,0.6161263,0.3838737
228,59,0.0,1.0,2.0,83.0,0.0,3.0,3.0,4.0,9.0,13.0,30.0,0.26,0.0,89.0,5.0,2.0,25.0,2.0,3.775,0.0,0.0,0.0,1.1,0.857142857142857,1.0,0.7289343,0.27106568
228,60,0.0,9.0,2.0,1.0,0.0,3.0,3.0,4.0,9.0,13.0,30.0,0.26,0.0,89.0,2.0,2.0,25.0,2.0,3.775,0.0,0.0,0.0,1.0,0.857142857142857,1.0,0.5540272,0.44597283
228,61,0.0,1.0,2.0,1.0,0.0,3.0,3.0,4.0,9.0,13.0,30.0,3.56,0.0,89.0,7.0,2.0,25.0,2.0,3.775,0.0,0.0,0.0,0.584239130434783,0.5,1.0,0.5497326,0.45026737
228,62,0.0,1.0,2.0,1.0,0.0,3.0,12.0,4.0,9.0,13.0,30.0,0.26,0.0,89.0,2.0,2.0,25.0,2.0,19.0,0.0,0.0,0.0,0.584239130434783,0.4,1.0,0.76673794,0.23326209
228,63,0.0,1.0,2.0,1.0,0.0,3.0,3.0,4.0,9.0,13.0,30.0,0.26,0.0,89.0,2.0,2.0,25.0,2.0,3.775,5.0,0.0,0.0,1.1,0.857142857142857,1.0,0.5741529,0.4258471
228,64,0.0,1.0,2.0,1.0,0.0,3.0,3.0,4.0,9.0,13.0,30.0,0.26,0.0,89.0,2.0,2.0,25.0,2.0,12.9,0.0,0.0,0.0,0.584239130434783,0.3,1.0,0.7044639,0.2955361
228,65,11.0,1.0,2.0,1.0,0.0,3.0,3.0,4.0,2.0,13.0,30.0,0.26,0.0,89.0,2.0,2.0,3.0,2.0,3.775,0.0,0.0,0.0,0.584239130434783,0.857142857142857,1.0,0.50770557,0.49229446
228,66,0.0,1.0,2.0,1.0,0.0,3.0,3.0,4.0,9.0,3.0,30.0,0.26,0.0,89.0,2.0,2.0,25.0,2.0,3.775,0.0,0.0,0.0,1.0,0.857142857142857,2.0,0.73468846,0.26531154
228,67,0.0,1.0,1.0,1.0,0.0,3.0,3.0,4.0,9.0,13.0,30.0,0.26,0.0,89.0,2.0,2.0,25.0,2.0,3.775,0.0,0.0,0.0,1.0,0.857142857142857,1.0,0.6161263,0.3838737
228,68,0.0,1.0,2.0,1.0,0.0,3.0,3.0,6.0,9.0,13.0,30.0,0.26,0.0,89.0,2.0,2.0,25.0,2.0,3.775,0.0,0.0,0.0,1.0,0.9,1.0,0.67827296,0.32172704
228,69,0.0,39.0,2.0,1.0,0.0,3.0,3.0,4.0,17.0,13.0,30.0,0.26,0.0,89.0,2.0,2.0,25.0,2.0,3.775,0.0,0.0,0.0,1.1,0.857142857142857,1.0,0.5540272,0.44597283
228,70,0.0,1.0,2.0,1.0,0.0,3.0,3.0,4.0,2.0,13.0,30.0,0.26,0.0,89.0,2.0,2.0,3.0,2.0,3.775,0.0,0.0,0.0,0.584239130434783,0.857142857142857,1.0,0.5913831,0.40861693
228,71,0.0,1.0,2.0,1.0,9.0,3.0,3.0,4.0,9.0,13.0,30.0,0.26,0.0,89.0,2.0,2.0,25.0,2.0,3.775,0.0,0.0,0.0,1.0,0.857142857142857,1.0,0.55772626,0.4422737
228,72,0.0,40.0,2.0,1.0,0.0,3.0,3.0,4.0,9.0,13.0,30.0,0.26,0.0,89.0,2.0,2.0,25.0,2.0,3.775,0.0,0.0,0.0,1.0,0.857142857142857,1.0,0.5540272,0.44597283
228,73,0.0,35.0,2.0,1.0,0.0,3.0,3.0,4.0,9.0,13.0,30.0,0.26,0.0,89.0,2.0,2.0,25.0,2.0,3.775,0.0,0.0,0.0,1.1,0.857142857142857,1.0,0.5540272,0.44597283
228,74,0.0,1.0,2.0,1.0,0.0,3.0,3.0,4.0,9.0,13.0,30.0,0.26,0.0,89.0,1.0,2.0,25.0,2.0,8.0,0.0,0.0,0.0,0.584239130434783,0.2,1.0,0.55192333,0.44807667
228,75,0.0,1.0,2.0,1.0,10.0,3.0,3.0,4.0,9.0,13.0,30.0,0.26,0.0,89.0,2.0,2.0,25.0,2.0,3.775,0.0,0.0,0.0,1.1,0.857142857142857,1.0,0.55772626,0.4422737
228,76,0.0,21.0,2.0,1.0,0.0,3.0,3.0,4.0,9.0,13.0,13.0,0.26,0.0,89.0,2.0,2.0,25.0,2.0,3.775,0.0,0.0,0.0,0.584239130434783,0.1,1.0,0.74293536,0.25706464
228,77,0.0,1.0,2.0,1.0,0.0,3.0,3.0,4.0,9.0,3.0,136.0,0.26,0.0,89.0,2.0,2.0,20.0,2.0,3.775,0.0,0.0,0.0,0.584239130434783,0.857142857142857,1.0,0.5186764,0.4813236
228,78,0.0,1.0,2.0,1.0,0.0,3.0,3.0,4.0,9.0,13.0,30.0,0.26,0.0,89.0,7.0,2.0,25.0,2.0,3.775,0.0,33.0,0.0,0.584239130434783,0.1,1.0,0.53914165,0.46085835
228,79,0.0,1.0,2.0,1.0,0.0,3.0,11.0,4.0,1.0,13.0,30.0,0.26,0.0,89.0,2.0,2.0,25.0,2.0,3.775,0.0,0.0,0.0,0.9,0.857142857142857,1.0,0.8638555,0.13614453
228,80,0.0,1.0,2.0,1.0,0.0,3.0,1.0,4.0,9.0,13.0,30.0,0.26,12.0,89.0,2.0,2.0,25.0,2.0,3.775,0.0,0.0,0.0,0.584239130434783,0.4,1.0,0.6038206,0.39617938
228,81,0.0,1.0,2.0,1.0,0.0,3.0,3.0,4.0,9.0,13.0,30.0,0.26,0.0,89.0,2.0,2.0,25.0,2.0,3.775,0.0,0.0,1.0,1.0,0.857142857142857,1.0,0.6544796,0.34552035
228,82,0.0,1.0,2.0,1.0,0.0,3.0,3.0,4.0,9.0,13.0,30.0,6.4,0.0,89.0,2.0,2.0,25.0,2.0,44.8,0.0,0.0,0.0,1.0,0.857142857142857,1.0,0.51404995,0.48595005
228,83,0.0,1.0,4.0,1.0,0.0,3.0,3.0,4.0,9.0,13.0,30.0,0.26,0.0,14.0,2.0,2.0,25.0,2.0,3.775,0.0,0.0,0.0,1.1,0.857142857142857,1.0,0.61167836,0.38832167
228,84,0.0,1.0,2.0,1.0,0.0,3.0,3.0,4.0,9.0,13.0,13.0,0.26,0.0,89.0,2.0,2.0,25.0,2.0,3.775,0.0,0.0,0.0,0.584239130434783,0.1,1.0,0.79912406,0.20087594
228,85,0.0,7.0,2.0,1.0,0.0,3.0,3.0,4.0,9.0,13.0,30.0,0.26,0.0,89.0,2.0,2.0,25.0,2.0,3.775,0.0,2.0,0.0,1.0,0.857142857142857,1.0,0.7938971,0.2061029
228,86,0.0,1.0,2.0,1.0,0.0,3.0,1.0,4.0,19.0,13.0,30.0,0.26,0.0,89.0,2.0,2.0,25.0,2.0,3.775,0.0,0.0,0.0,1.1,0.857142857142857,1.0,0.6771065,0.32289347
228,87,0.0,1.0,2.0,1.0,0.0,3.0,3.0,4.0,9.0,2.0,63.0,0.26,0.0,89.0,2.0,2.0,25.0,2.0,3.775,0.0,0.0,0.0,0.584239130434783,0.857142857142857,1.0,0.5186764,0.4813236
228,88,0.0,1.0,2.0,1.0,0.0,3.0,3.0,4.0,9.0,5.0,7.0,0.26,0.0,89.0,2.0,1.0,25.0,2.0,3.775,0.0,0.0,0.0,0.584239130434783,0.857142857142857,1.0,0.740448,0.25955197
228,89,0.0,1.0,2.0,1.0,0.0,3.0,9.0,4.0,9.0,13.0,30.0,0.26,0.0,89.0,2.0,2.0,25.0,2.0,3.775,0.0,8.0,0.0,0.584239130434783,0.1,1.0,0.580338,0.41966197
228,90,0.0,1.0,2.0,1.0,0.0,3.0,3.0,4.0,17.0,13.0,30.0,0.26,0.0,89.0,2.0,2.0,25.0,2.0,3.775,0.0,0.0,0.0,1.1,0.857142857142857,1.0,0.6079994,0.39200062
228,91,0.0,1.0,2.0,1.0,0.0,3.0,3.0,4.0,9.0,13.0,30.0,0.26,0.0,97.0,2.0,11.0,25.0,2.0,3.775,0.0,0.0,0.0,1.1,0.857142857142857,1.0,0.6900797,0.30992034
228,92,0.0,1.0,2.0,1.0,0.0,3.0,3.0,4.0,9.0,13.0,30.0,0.26,0.0,89.0,2.0,2.0,23.0,2.0,3.775,0.0,0.0,0.0,1.1,0.857142857142857,1.0,0.6079994,0.39200062
228,93,0.0,1.0,2.0,1.0,0.0,3.0,3.0,4.0,9.0,0.0,30.0,0.26,0.0,19.0,2.0,2.0,25.0,2.0,3.775,0.0,0.0,0.0,1.0,0.857142857142857,1.0,0.6560301,0.34396988
228,94,0.0,1.0,2.0,1.0,28.0,3.0,3.0,4.0,9.0,13.0,30.0,0.26,0.0,89.0,2.0,2.0,25.0,2.0,3.775,0.0,0.0,0.0,1.0,0.857142857142857,1.0,0.55772626,0.4422737
228,95,0.0,1.0,2.0,1.0,0.0,3.0,3.0,4.0,27.0,13.0,30.0,0.26,0.0,89.0,2.0,2.0,25.0,2.0,3.775,0.0,0.0,0.0,1.1,0.857142857142857,1.0,0.6079994,0.39200062
228,96,0.0,1.0,2.0,1.0,0.0,3.0,3.0,4.0,9.0,3.0,30.0,0.26,0.0,89.0,2.0,2.0,25.0,2.0,3.775,0.0,0.0,0.0,1.0,0.857142857142857,1.0,0.84197354,0.15802647
228,97,0.0,1.0,2.0,1.0,0.0,3.0,3.0,4.0,9.0,13.0,30.0,0.26,6.0,89.0,2.0,2.0,25.0,2.0,3.775,0.0,0.0,0.0,1.0,0.857142857142857,1.0,0.572303,0.427697
228,98,0.0,1.0,2.0,1.0,0.0,8.0,3.0,4.0,9.0,13.0,30.0,0.26,0.0,89.0,2.0,2.0,25.0,2.0,3.775,0.0,0.0,0.0,1.0,0.857142857142857,1.0,0.5890681,0.4109319
228,99,0.0,1.0,2.0,1.0,0.0,3.0,3.0,4.0,9.0,13.0,30.0,0.26,0.0,89.0,2.0,2.0,25.0,7.0,3.775,0.0,0.0,0.0,1.0,1.0,1.0,0.5025339,0.49746606
229,0,10.0,4.0,1.0,2.0,0.0,1.0,3.0,12.0,8.0,22.0,60.0,3.56,0.0,94.0,7.0,1.0,46.0,2.0,4.20731707317073,0.0,13.0,0.0,0.536567164179104,0.5,2.0,0.50823975,0.49176028
229,1,10.0,39.0,1.0,2.0,0.0,1.0,3.0,12.0,17.0,22.0,60.0,7.24,0.0,94.0,7.0,1.0,46.0,2.0,4.20731707317073,0.0,0.0,0.0,1.1,0.533333333333333,2.0,0.612005,0.38799503
229,2,10.0,4.0,1.0,2.0,0.0,1.0,3.0,12.0,8.0,6.0,60.0,0.17,0.0,94.0,2.0,50.0,46.0,2.0,4.20731707317073,0.0,0.0,1.0,0.536567164179104,0.533333333333333,2.0,0.52131134,0.47868866
229,3,10.0,4.0,1.0,2.0,0.0,12.0,0.0,12.0,8.0,14.0,60.0,0.17,0.0,94.0,2.0,37.0,46.0,2.0,4.20731707317073,0.0,0.0,0.0,1.1,0.533333333333333,2.0,0.63550603,0.36449394
229,4,10.0,4.0,1.0,2.0,0.0,1.0,3.0,12.0,8.0,5.0,60.0,0.17,0.0,94.0,2.0,1.0,46.0,2.0,4.20731707317073,0.0,0.0,0.0,1.0,0.533333333333333,2.0,0.6928141,0.3071859
229,5,10.0,4.0,1.0,2.0,0.0,1.0,3.0,12.0,8.0,22.0,60.0,1.54,0.0,94.0,2.0,26.0,46.0,2.0,4.20731707317073,0.0,0.0,0.0,0.536567164179104,0.2,2.0,0.5417915,0.4582085
229,6,10.0,4.0,1.0,2.0,0.0,6.0,3.0,12.0,8.0,9.0,1.0,0.17,0.0,94.0,2.0,9.0,46.0,2.0,4.20731707317073,0.0,0.0,0.0,0.536567164179104,0.0,2.0,0.77206916,0.22793086
229,7,3.0,4.0,1.0,2.0,0.0,1.0,3.0,12.0,8.0,5.0,60.0,0.17,0.0,94.0,2.0,31.0,23.0,2.0,4.20731707317073,0.0,0.0,0.0,0.536567164179104,0.2,2.0,0.63112885,0.36887115
229,8,10.0,4.0,1.0,2.0,0.0,1.0,3.0,12.0,8.0,3.0,60.0,0.17,0.0,94.0,2.0,4.0,46.0,2.0,4.20731707317073,0.0,0.0,0.0,1.0,0.9,2.0,0.7501177,0.24988228
229,9,10.0,4.0,1.0,46.0,0.0,1.0,3.0,12.0,1.0,22.0,60.0,6.88,0.0,94.0,2.0,1.0,46.0,2.0,4.20731707317073,0.0,0.0,0.0,0.536567164179104,0.533333333333333,2.0,0.51231253,0.48768744
229,10,10.0,4.0,1.0,2.0,0.0,1.0,3.0,12.0,8.0,18.0,60.0,1.53,0.0,94.0,2.0,1.0,46.0,2.0,4.20731707317073,0.0,23.0,0.0,0.536567164179104,0.533333333333333,2.0,0.5679288,0.43207124
229,11,10.0,4.0,1.0,2.0,0.0,1.0,3.0,12.0,27.0,10.0,60.0,0.17,0.0,94.0,2.0,1.0,46.0,2.0,4.20731707317073,0.0,0.0,0.0,1.1,0.533333333333333,2.0,0.5860387,0.41396132
229,12,10.0,4.0,1.0,2.0,0.0,1.0,3.0,12.0,8.0,5.0,60.0,0.17,1.0,94.0,2.0,1.0,46.0,2.0,22.5,13.0,0.0,0.0,0.536567164179104,0.533333333333333,2.0,0.5210923,0.47890773
229,13,10.0,4.0,1.0,2.0,0.0,1.0,3.0,12.0,0.0,7.0,60.0,0.17,0.0,94.0,8.0,1.0,46.0,2.0,4.20731707317073,0.0,0.0,0.0,0.536567164179104,0.533333333333333,2.0,0.6946577,0.30534235
229,14,10.0,4.0,1.0,2.0,0.0,1.0,2.0,12.0,8.0,8.0,60.0,0.17,0.0,94.0,2.0,1.0,46.0,2.0,4.20731707317073,0.0,37.0,0.0,0.536567164179104,0.533333333333333,2.0,0.55135953,0.4486405
229,15,10.0,4.0,1.0,12.0,0.0,1.0,3.0,12.0,1.0,22.0,60.0,5.26,0.0,66.0,2.0,1.0,46.0,2.0,4.20731707317073,0.0,0.0,0.0,0.536567164179104,0.533333333333333,2.0,0.52200603,0.477994
229,16,10.0,4.0,1.0,2.0,0.0,1.0,10.0,12.0,8.0,6.0,60.0,7.02,0.0,94.0,2.0,1.0,46.0,2.0,4.20731707317073,0.0,0.0,0.0,0.536567164179104,0.533333333333333,2.0,0.7653043,0.23469569
229,17,10.0,4.0,1.0,2.0,0.0,1.0,3.0,12.0,30.0,8.0,60.0,0.17,0.0,94.0,0.0,1.0,46.0,2.0,4.20731707317073,0.0,0.0,0.0,0.536567164179104,0.4,2.0,0.5995587,0.40044132
229,18,10.0,4.0,1.0,2.0,0.0,1.0,3.0,2.0,8.0,18.0,60.0,0.17,0.0,94.0,2.0,1.0,46.0,4.0,4.20731707317073,0.0,0.0,0.0,0.536567164179104,0.2,2.0,0.65408194,0.3459181
229,19,10.0,20.0,1.0,2.0,0.0,1.0,3.0,12.0,8.0,22.0,60.0,7.38,0.0,94.0,5.0,1.0,46.0,2.0,4.20731707317073,0.0,0.0,0.0,1.1,0.533333333333333,2.0,0.5624751,0.43752494
229,20,10.0,4.0,1.0,62.0,0.0,1.0,3.0,12.0,8.0,5.0,7.0,0.17,0.0,94.0,2.0,1.0,46.0,2.0,4.20731707317073,0.0,32.0,0.0,0.536567164179104,0.533333333333333,2.0,0.7555908,0.24440917
229,21,10.0,4.0,4.0,2.0,21.0,1.0,3.0,12.0,8.0,4.0,60.0,3.32,0.0,96.0,2.0,1.0,46.0,2.0,4.20731707317073,0.0,0.0,0.0,0.536567164179104,0.533333333333333,2.0,0.6757302,0.32426974
229,22,10.0,4.0,1.0,2.0,0.0,1.0,3.0,12.0,1.0,22.0,8.0,0.17,0.0,94.0,2.0,24.0,46.0,2.0,4.20731707317073,0.0,0.0,0.0,0.536567164179104,0.5,2.0,0.69527066,0.30472934
229,23,14.0,4.0,1.0,2.0,0.0,1.0,4.0,12.0,8.0,14.0,60.0,0.17,0.0,94.0,2.0,1.0,2.0,2.0,43.1,0.0,0.0,0.0,0.536567164179104,0.533333333333333,2.0,0.8860848,0.11391523
229,24,10.0,4.0,0.0,2.0,0.0,1.0,3.0,12.0,8.0,22.0,60.0,4.77,0.0,7.0,2.0,1.0,1.0,2.0,4.20731707317073,0.0,18.0,0.0,0.536567164179104,0.533333333333333,2.0,0.7604605,0.23953949
229,25,10.0,4.0,1.0,2.0,0.0,1.0,3.0,12.0,25.0,4.0,60.0,0.17,13.0,94.0,2.0,1.0,46.0,2.0,14.2,0.0,0.0,0.0,0.536567164179104,0.533333333333333,2.0,0.8205978,0.17940216
229,26,10.0,4.0,1.0,2.0,0.0,1.0,3.0,12.0,8.0,22.0,78.0,1.42,1.0,94.0,2.0,1.0,4.0,2.0,4.20731707317073,0.0,0.0,0.0,0.536567164179104,0.2,2.0,0.63165605,0.36834398
229,27,10.0,4.0,1.0,2.0,0.0,1.0,3.0,12.0,8.0,22.0,60.0,2.33,0.0,94.0,2.0,31.0,6.0,2.0,16.2,0.0,0.0,0.0,0.536567164179104,0.533333333333333,2.0,0.53413093,0.46586907
229,28,10.0,4.0,1.0,2.0,0.0,1.0,3.0,12.0,31.0,22.0,60.0,6.2,0.0,94.0,8.0,1.0,46.0,2.0,4.20731707317073,0.0,0.0,0.0,1.0,0.533333333333333,2.0,0.612005,0.38799503
229,29,10.0,4.0,1.0,2.0,0.0,1.0,3.0,12.0,25.0,4.0,60.0,0.17,0.0,94.0,2.0,1.0,46.0,2.0,14.2,0.0,0.0,0.0,0.536567164179104,0.533333333333333,2.0,0.7826561,0.21734393
229,30,10.0,4.0,1.0,2.0,0.0,1.0,3.0,12.0,8.0,1.0,60.0,0.17,0.0,94.0,2.0,0.0,46.0,2.0,4.20731707317073,0.0,13.0,0.0,0.536567164179104,0.4,2.0,0.55097413,0.44902587
229,31,10.0,4.0,1.0,2.0,45.0,1.0,3.0,12.0,37.0,22.0,60.0,6.97,0.0,94.0,2.0,1.0,46.0,2.0,4.20731707317073,0.0,33.0,0.0,1.0,0.533333333333333,2.0,0.51831484,0.48168513
229,32,10.0,4.0,1.0,2.0,0.0,1.0,3.0,12.0,8.0,11.0,60.0,1.56,0.0,94.0,4.0,1.0,46.0,2.0,4.20731707317073,0.0,6.0,0.0,0.536567164179104,0.533333333333333,2.0,0.69237775,0.30762225
229,33,10.0,4.0,1.0,2.0,0.0,1.0,3.0,12.0,8.0,4.0,60.0,0.17,10.0,59.0,2.0,1.0,46.0,2.0,4.20731707317073,0.0,0.0,0.0,1.1,0.533333333333333,2.0,0.7363781,0.2636219
229,34,14.0,4.0,1.0,2.0,11.0,1.0,3.0,12.0,8.0,5.0,60.0,0.17,0.0,94.0,2.0,1.0,46.0,2.0,21.1,0.0,0.0,0.0,0.6,0.533333333333333,2.0,0.63636655,0.36363345
229,35,17.0,4.0,1.0,2.0,0.0,1.0,3.0,12.0,8.0,22.0,60.0,4.66,0.0,94.0,2.0,1.0,2.0,2.0,4.20731707317073,0.0,0.0,0.0,0.536567164179104,0.533333333333333,2.0,0.64892626,0.35107374
229,36,10.0,4.0,1.0,2.0,0.0,1.0,3.0,4.0,8.0,4.0,60.0,0.17,0.0,94.0,2.0,1.0,44.0,2.0,4.20731707317073,0.0,0.0,0.0,0.536567164179104,0.4,2.0,0.5149715,0.4850285
229,37,12.0,4.0,1.0,2.0,0.0,1.0,3.0,12.0,8.0,16.0,60.0,0.17,0.0,94.0,2.0,43.0,46.0,2.0,4.20731707317073,0.0,0.0,0.0,1.0,0.533333333333333,2.0,0.7134494,0.28655058
229,38,9.0,4.0,3.0,2.0,0.0,1.0,3.0,12.0,8.0,14.0,60.0,3.34,0.0,94.0,6.0,1.0,46.0,2.0,4.20731707317073,0.0,0.0,0.0,0.536567164179104,0.533333333333333,2.0,0.57426214,0.4257379
229,39,10.0,4.0,4.0,2.0,0.0,1.0,3.0,12.0,0.0,22.0,60.0,0.17,0.0,94.0,2.0,1.0,23.0,2.0,4.20731707317073,0.0,0.0,0.0,1.1,0.533333333333333,2.0,0.65650725,0.34349272
229,40,10.0,4.0,1.0,2.0,0.0,1.0,3.0,12.0,0.0,7.0,60.0,0.17,0.0,94.0,2.0,1.0,46.0,2.0,4.20731707317073,0.0,0.0,0.0,0.536567164179104,0.533333333333333,2.0,0.61044717,0.3895528
229,41,10.0,4.0,1.0,28.0,0.0,1.0,1.0,12.0,8.0,7.0,60.0,0.17,0.0,28.0,2.0,1.0,46.0,0.0,4.20731707317073,0.0,0.0,0.0,0.536567164179104,0.533333333333333,2.0,0.8649641,0.13503586
229,42,10.0,4.0,1.0,2.0,0.0,1.0,3.0,12.0,8.0,5.0,60.0,0.17,0.0,94.0,2.0,1.0,46.0,2.0,46.7,0.0,0.0,0.0,1.0,0.533333333333333,4.0,0.82212,0.17787997
229,43,10.0,4.0,1.0,28.0,0.0,1.0,1.0,12.0,8.0,7.0,60.0,0.17,0.0,94.0,2.0,1.0,46.0,0.0,4.20731707317073,0.0,0.0,0.0,0.536567164179104,0.533333333333333,2.0,0.68059266,0.31940737
229,44,2.0,4.0,1.0,2.0,0.0,1.0,3.0,12.0,8.0,18.0,60.0,2.2,0.0,94.0,2.0,1.0,46.0,2.0,4.20731707317073,0.0,8.0,0.0,0.536567164179104,0.533333333333333,2.0,0.50391877,0.4960812
229,45,10.0,4.0,0.0,2.0,0.0,1.0,3.0,12.0,8.0,22.0,60.0,4.77,0.0,94.0,2.0,1.0,1.0,2.0,4.20731707317073,0.0,0.0,0.0,0.536567164179104,0.533333333333333,2.0,0.64892626,0.35107374
229,46,2.0,4.0,1.0,2.0,0.0,1.0,3.0,12.0,22.0,18.0,60.0,2.2,0.0,94.0,2.0,1.0,46.0,2.0,4.20731707317073,0.0,8.0,0.0,0.536567164179104,0.533333333333333,2.0,0.5123229,0.4876771
229,47,10.0,4.0,1.0,2.0,0.0,1.0,3.0,12.0,8.0,22.0,60.0,4.66,0.0,94.0,2.0,1.0,2.0,2.0,4.20731707317073,0.0,0.0,0.0,0.536567164179104,0.533333333333333,2.0,0.64892626,0.35107374
229,48,13.0,4.0,1.0,2.0,0.0,1.0,3.0,12.0,8.0,5.0,60.0,0.17,0.0,94.0,2.0,1.0,50.0,2.0,14.1,0.0,0.0,0.0,0.536567164179104,0.533333333333333,2.0,0.6825019,0.31749812
229,49,10.0,4.0,0.0,2.0,0.0,1.0,3.0,12.0,8.0,9.0,60.0,0.17,12.0,94.0,2.0,12.0,46.0,2.0,4.20731707317073,0.0,0.0,0.0,0.536567164179104,0.533333333333333,2.0,0.51796895,0.48203105
229,50,10.0,4.0,1.0,19.0,0.0,1.0,3.0,12.0,0.0,22.0,8.0,0.17,0.0,94.0,2.0,1.0,62.0,2.0,44.2,0.0,0.0,0.0,0.536567164179104,0.533333333333333,2.0,0.53307784,0.46692216
229,51,10.0,4.0,1.0,2.0,0.0,1.0,3.0,12.0,0.0,7.0,60.0,0.17,0.0,94.0,8.0,1.0,46.0,2.0,4.20731707317073,0.0,0.0,0.0,0.9,0.533333333333333,2.0,0.77875185,0.22124816
229,52,10.0,4.0,1.0,2.0,0.0,1.0,3.0,2.0,8.0,18.0,60.0,0.17,0.0,94.0,2.0,1.0,46.0,2.0,4.20731707317073,0.0,0.0,0.0,0.536567164179104,0.2,2.0,0.6031895,0.39681047
229,53,10.0,4.0,1.0,2.0,0.0,1.0,3.0,12.0,8.0,1.0,60.0,0.17,0.0,94.0,2.0,0.0,46.0,2.0,4.20731707317073,0.0,13.0,0.0,0.6,0.4,2.0,0.5145619,0.48543814
229,54,10.0,4.0,1.0,2.0,0.0,1.0,3.0,12.0,8.0,22.0,60.0,7.38,0.0,94.0,5.0,1.0,46.0,2.0,4.20731707317073,0.0,0.0,0.0,1.1,0.533333333333333,2.0,0.5624751,0.43752494
229,55,10.0,4.0,1.0,2.0,0.0,1.0,4.0,12.0,1.0,22.0,60.0,1.36,0.0,94.0,7.0,1.0,46.0,2.0,4.20731707317073,0.0,0.0,0.0,0.536567164179104,0.533333333333333,1.0,0.714633,0.28536698
229,56,10.0,4.0,1.0,2.0,0.0,1.0,3.0,12.0,8.0,5.0,7.0,0.17,0.0,94.0,2.0,1.0,46.0,2.0,4.20731707317073,0.0,32.0,0.0,0.536567164179104,0.533333333333333,2.0,0.6546832,0.34531683
229,57,10.0,4.0,1.0,0.0,0.0,1.0,3.0,12.0,8.0,6.0,60.0,0.17,0.0,94.0,2.0,50.0,46.0,2.0,4.20731707317073,0.0,0.0,1.0,0.536567164179104,0.533333333333333,2.0,0.6031691,0.3968309
229,58,10.0,4.0,3.0,2.0,0.0,1.0,3.0,12.0,8.0,9.0,60.0,6.46,0.0,94.0,2.0,1.0,46.0,2.0,4.20731707317073,37.0,0.0,2.0,0.536567164179104,0.533333333333333,2.0,0.6330646,0.36693537
229,59,10.0,4.0,1.0,2.0,0.0,17.0,10.0,12.0,8.0,8.0,60.0,1.87,0.0,94.0,2.0,1.0,46.0,2.0,4.20731707317073,0.0,0.0,0.0,0.536567164179104,0.533333333333333,2.0,0.71191347,0.28808656
229,60,10.0,4.0,1.0,2.0,0.0,1.0,0.0,8.0,8.0,22.0,60.0,1.64,0.0,40.0,2.0,1.0,2.0,2.0,4.20731707317073,0.0,0.0,0.0,0.536567164179104,0.533333333333333,2.0,0.75042117,0.24957886
229,61,10.0,4.0,1.0,2.0,0.0,1.0,3.0,12.0,8.0,5.0,60.0,0.17,0.0,94.0,2.0,1.0,46.0,2.0,22.5,13.0,0.0,0.0,0.536567164179104,0.533333333333333,2.0,0.5210923,0.47890773
229,62,10.0,26.0,1.0,2.0,0.0,1.0,3.0,12.0,28.0,0.0,60.0,0.17,0.0,94.0,2.0,52.0,46.0,2.0,4.20731707317073,0.0,13.0,0.0,0.536567164179104,0.533333333333333,2.0,0.5121612,0.4878388
229,63,10.0,4.0,2.0,2.0,0.0,1.0,3.0,12.0,31.0,22.0,60.0,6.2,0.0,94.0,8.0,1.0,46.0,2.0,4.20731707317073,0.0,0.0,0.0,1.0,0.533333333333333,2.0,0.612005,0.38799503
229,64,10.0,4.0,1.0,2.0,0.0,1.0,3.0,12.0,8.0,3.0,60.0,0.17,0.0,94.0,2.0,1.0,46.0,2.0,4.20731707317073,0.0,0.0,0.0,1.0,0.533333333333333,2.0,0.6441391,0.3558609
229,65,10.0,4.0,1.0,28.0,0.0,1.0,1.0,12.0,8.0,7.0,60.0,0.17,0.0,94.0,2.0,1.0,46.0,2.0,4.20731707317073,0.0,0.0,0.0,0.536567164179104,0.533333333333333,2.0,0.6502189,0.3497811
229,66,10.0,4.0,1.0,2.0,0.0,1.0,3.0,12.0,8.0,22.0,60.0,0.17,9.0,94.0,2.0,39.0,0.0,2.0,52.1,0.0,0.0,0.0,1.1,0.533333333333333,2.0,0.68704355,0.31295642
229,67,10.0,4.0,4.0,2.0,15.0,1.0,3.0,12.0,8.0,7.0,60.0,0.17,0.0,94.0,2.0,1.0,46.0,2.0,46.6,0.0,26.0,0.0,0.536567164179104,0.533333333333333,2.0,0.73822284,0.2617772
229,68,14.0,4.0,1.0,2.0,0.0,1.0,3.0,12.0,8.0,14.0,60.0,0.17,0.0,94.0,2.0,1.0,2.0,2.0,43.1,0.0,0.0,0.0,0.536567164179104,0.533333333333333,2.0,0.8703503,0.1296497
229,69,10.0,4.0,1.0,2.0,0.0,1.0,3.0,11.0,8.0,7.0,60.0,0.17,5.0,94.0,5.0,33.0,46.0,2.0,4.20731707317073,0.0,0.0,0.0,0.536567164179104,0.533333333333333,2.0,0.5741178,0.42588225
229,70,10.0,4.0,1.0,2.0,0.0,1.0,3.0,12.0,8.0,7.0,60.0,0.17,0.0,94.0,2.0,1.0,46.0,7.0,26.9,15.0,0.0,0.0,0.536567164179104,0.533333333333333,2.0,0.5082228,0.4917772
229,71,10.0,4.0,1.0,2.0,0.0,1.0,3.0,7.0,8.0,15.0,60.0,0.17,0.0,94.0,2.0,1.0,46.0,2.0,4.20731707317073,0.0,0.0,0.0,1.1,0.533333333333333,2.0,0.53269565,0.46730432
229,72,10.0,31.0,1.0,46.0,0.0,1.0,3.0,12.0,1.0,22.0,60.0,6.88,0.0,94.0,2.0,1.0,46.0,2.0,4.20731707317073,0.0,0.0,0.0,0.536567164179104,0.533333333333333,2.0,0.5065198,0.4934802
229,73,10.0,4.0,1.0,2.0,0.0,1.0,3.0,12.0,8.0,17.0,60.0,0.04,9.0,94.0,2.0,31.0,46.0,2.0,4.20731707317073,0.0,0.0,0.0,0.536567164179104,0.0,2.0,0.7004326,0.2995674
229,74,10.0,4.0,4.0,2.0,0.0,1.0,3.0,12.0,13.0,7.0,60.0,4.68,0.0,94.0,2.0,1.0,46.0,2.0,4.20731707317073,0.0,21.0,0.0,0.536567164179104,0.533333333333333,2.0,0.7712563,0.22874366
229,75,10.0,4.0,1.0,2.0,0.0,17.0,10.0,18.0,8.0,8.0,60.0,1.87,0.0,94.0,2.0,1.0,46.0,2.0,4.20731707317073,0.0,0.0,0.0,0.536567164179104,0.533333333333333,2.0,0.71191347,0.28808656
229,76,10.0,4.0,1.0,2.0,0.0,1.0,3.0,12.0,8.0,22.0,60.0,1.54,0.0,94.0,2.0,26.0,46.0,2.0,4.20731707317073,0.0,0.0,0.0,0.5,0.2,2.0,0.54961234,0.45038766
229,77,10.0,4.0,1.0,2.0,0.0,1.0,3.0,12.0,8.0,0.0,60.0,0.17,0.0,94.0,2.0,43.0,46.0,2.0,4.20731707317073,0.0,0.0,0.0,0.536567164179104,0.4,2.0,0.59933937,0.40066066
229,78,10.0,4.0,1.0,2.0,0.0,1.0,10.0,12.0,8.0,8.0,60.0,1.87,0.0,94.0,2.0,1.0,46.0,2.0,4.20731707317073,0.0,0.0,0.0,0.536567164179104,0.533333333333333,2.0,0.7700386,0.2299614
229,79,7.0,4.0,1.0,2.0,0.0,1.0,3.0,12.0,8.0,22.0,60.0,1.54,0.0,94.0,2.0,26.0,46.0,2.0,4.20731707317073,0.0,0.0,0.0,0.5,0.2,2.0,0.54961234,0.45038766
229,80,10.0,4.0,1.0,2.0,0.0,1.0,3.0,12.0,4.0,22.0,60.0,0.17,0.0,94.0,2.0,12.0,46.0,2.0,15.4,0.0,0.0,0.0,0.536567164179104,0.3,2.0,0.54494214,0.4550579
229,81,10.0,4.0,1.0,2.0,0.0,1.0,3.0,12.0,8.0,8.0,60.0,0.17,0.0,94.0,0.0,1.0,46.0,2.0,4.20731707317073,0.0,0.0,0.0,0.536567164179104,0.4,2.0,0.5914591,0.4085409
229,82,10.0,4.0,1.0,2.0,0.0,1.0,3.0,12.0,8.0,0.0,60.0,0.17,0.0,94.0,2.0,43.0,15.0,2.0,4.20731707317073,0.0,0.0,0.0,0.536567164179104,0.4,2.0,0.6394037,0.3605963
229,83,10.0,4.0,1.0,2.0,0.0,1.0,3.0,15.0,8.0,6.0,98.0,0.17,0.0,94.0,2.0,1.0,46.0,2.0,47.4,0.0,0.0,0.0,1.0,0.533333333333333,2.0,0.85095084,0.14904918
229,84,10.0,4.0,1.0,2.0,0.0,1.0,3.0,12.0,8.0,17.0,60.0,0.17,0.0,94.0,2.0,1.0,46.0,2.0,13.4,0.0,0.0,2.0,0.536567164179104,0.533333333333333,2.0,0.5315617,0.46843833
229,85,10.0,4.0,1.0,2.0,0.0,1.0,1.0,12.0,8.0,10.0,60.0,0.17,0.0,94.0,2.0,1.0,46.0,2.0,4.20731707317073,0.0,0.0,0.0,0.536567164179104,0.5,2.0,0.535923,0.46407703
229,86,10.0,4.0,1.0,2.0,0.0,1.0,3.0,12.0,8.0,0.0,60.0,3.87,0.0,94.0,2.0,1.0,38.0,2.0,4.20731707317073,0.0,26.0,0.0,0.536567164179104,0.6,2.0,0.83829665,0.16170333
229,87,17.0,4.0,1.0,2.0,0.0,1.0,3.0,12.0,8.0,8.0,47.0,0.17,0.0,94.0,2.0,1.0,46.0,3.0,21.3,0.0,0.0,0.0,0.536567164179104,0.533333333333333,2.0,0.72189295,0.27810705
229,88,15.0,4.0,1.0,2.0,0.0,1.0,3.0,12.0,8.0,16.0,60.0,0.17,0.0,94.0,2.0,1.0,46.0,2.0,48.8,0.0,0.0,1.0,0.536567164179104,0.533333333333333,2.0,0.5315617,0.46843833
229,89,10.0,4.0,1.0,2.0,0.0,1.0,4.0,12.0,8.0,3.0,60.0,7.02,0.0,94.0,2.0,1.0,46.0,2.0,4.20731707317073,0.0,0.0,3.0,0.536567164179104,0.533333333333333,2.0,0.7492516,0.25074837
229,90,10.0,4.0,1.0,2.0,0.0,1.0,3.0,12.0,8.0,8.0,47.0,0.17,0.0,94.0,2.0,1.0,46.0,2.0,21.3,0.0,0.0,0.0,0.536567164179104,0.533333333333333,2.0,0.72189295,0.27810705
229,91,10.0,4.0,1.0,2.0,2.0,1.0,9.0,12.0,8.0,2.0,60.0,0.17,0.0,94.0,2.0,1.0,46.0,2.0,48.1,11.0,0.0,0.0,0.536567164179104,0.533333333333333,2.0,0.59145635,0.40854365
229,92,3.0,4.0,1.0,2.0,0.0,1.0,14.0,12.0,8.0,10.0,60.0,0.17,0.0,94.0,2.0,1.0,46.0,2.0,40.0,0.0,0.0,0.0,0.536567164179104,0.533333333333333,2.0,0.53874135,0.46125862
229,93,10.0,4.0,1.0,2.0,0.0,1.0,3.0,12.0,8.0,9.0,60.0,1.39,0.0,94.0,2.0,1.0,46.0,2.0,4.20731707317073,3.0,0.0,0.0,0.536567164179104,0.533333333333333,2.0,0.74061334,0.25938663
229,94,10.0,4.0,1.0,2.0,0.0,1.0,3.0,18.0,8.0,22.0,60.0,6.85,0.0,94.0,6.0,1.0,46.0,2.0,4.20731707317073,0.0,0.0,0.0,1.0,0.533333333333333,2.0,0.5624751,0.43752494
229,95,10.0,4.0,1.0,2.0,0.0,1.0,3.0,12.0,8.0,7.0,60.0,0.17,0.0,94.0,2.0,1.0,46.0,7.0,26.9,15.0,28.0,0.0,0.536567164179104,0.533333333333333,2.0,0.5693941,0.43060586
229,96,10.0,4.0,1.0,2.0,0.0,1.0,3.0,6.0,8.0,9.0,60.0,1.39,0.0,94.0,2.0,1.0,46.0,2.0,4.20731707317073,3.0,0.0,0.0,0.536567164179104,0.533333333333333,2.0,0.7994519,0.20054813
229,97,10.0,4.0,1.0,2.0,0.0,1.0,3.0,12.0,8.0,5.0,60.0,0.17,0.0,94.0,2.0,1.0,46.0,2.0,46.7,0.0,0.0,0.0,1.0,0.533333333333333,2.0,0.82212,0.17787997
229,98,10.0,10.0,1.0,2.0,0.0,1.0,3.0,12.0,8.0,8.0,60.0,0.17,0.0,94.0,2.0,1.0,46.0,2.0,17.7,0.0,0.0,0.0,0.536567164179104,0.533333333333333,0.0,0.74019545,0.25980455
229,99,10.0,4.0,1.0,2.0,2.0,1.0,9.0,12.0,8.0,2.0,60.0,0.17,0.0,94.0,2.0,1.0,46.0,2.0,48.1,0.0,0.0,0.0,0.536567164179104,0.533333333333333,2.0,0.7729248,0.22707519
236,0,0.0,0.0,1.0,2.0,0.0,0.0,2.0,1.0,7.0,0.0,63.0,0.06,0.0,92.0,2.0,2.0,42.0,1.0,4.08571428571429,0.0,0.0,0.0,0.351648351648352,0.5,1.0,0.8883775,0.11162253
236,1,0.0,0.0,1.0,2.0,0.0,0.0,2.0,1.0,7.0,19.0,63.0,0.06,0.0,92.0,2.0,1.0,42.0,1.0,27.8,0.0,0.0,0.0,0.351648351648352,0.5,1.0,0.6405413,0.35945868
236,2,0.0,0.0,1.0,2.0,0.0,0.0,2.0,1.0,7.0,19.0,63.0,6.35,0.0,92.0,2.0,1.0,42.0,1.0,44.4,0.0,0.0,0.0,0.351648351648352,0.5,1.0,0.63328445,0.36671555
236,3,0.0,0.0,1.0,2.0,0.0,0.0,2.0,1.0,7.0,19.0,63.0,0.06,0.0,92.0,2.0,1.0,21.0,1.0,49.6,0.0,0.0,0.0,0.351648351648352,0.5,1.0,0.6405413,0.35945868
236,4,0.0,0.0,3.0,2.0,0.0,0.0,2.0,1.0,7.0,7.0,63.0,0.06,0.0,92.0,2.0,1.0,42.0,1.0,4.08571428571429,0.0,0.0,0.0,0.351648351648352,0.5,1.0,0.7978519,0.20214806
236,5,0.0,0.0,1.0,2.0,0.0,0.0,2.0,1.0,7.0,19.0,63.0,0.06,0.0,92.0,2.0,1.0,42.0,1.0,38.0,0.0,9.0,0.0,0.351648351648352,0.5,1.0,0.72167253,0.27832747
236,6,0.0,0.0,1.0,2.0,0.0,0.0,2.0,1.0,7.0,0.0,63.0,0.06,0.0,94.0,2.0,1.0,42.0,1.0,4.08571428571429,0.0,0.0,0.0,0.351648351648352,0.5,1.0,0.82319367,0.17680633
236,7,0.0,0.0,1.0,2.0,0.0,0.0,2.0,1.0,7.0,19.0,63.0,0.06,0.0,92.0,2.0,5.0,42.0,1.0,4.08571428571429,0.0,0.0,0.0,1.0,0.5,1.0,0.93557435,0.06442564
236,8,0.0,0.0,1.0,2.0,0.0,0.0,2.0,1.0,7.0,19.0,63.0,7.33,0.0,92.0,2.0,1.0,42.0,1.0,4.08571428571429,0.0,6.0,0.0,0.351648351648352,0.5,1.0,0.61280555,0.38719445
236,9,0.0,0.0,1.0,2.0,0.0,0.0,2.0,1.0,37.0,4.0,63.0,0.06,0.0,92.0,2.0,1.0,42.0,1.0,4.08571428571429,0.0,0.0,0.0,0.351648351648352,0.5,1.0,0.89325476,0.10674527
236,10,0.0,0.0,1.0,2.0,0.0,0.0,2.0,1.0,7.0,19.0,63.0,0.06,0.0,92.0,2.0,1.0,42.0,1.0,28.8,0.0,0.0,0.0,0.351648351648352,0.5,1.0,0.6405413,0.35945868
236,11,0.0,0.0,1.0,2.0,0.0,0.0,2.0,1.0,7.0,19.0,63.0,0.06,0.0,92.0,2.0,1.0,42.0,1.0,25.8,0.0,0.0,1.0,0.351648351648352,0.5,1.0,0.685161,0.314839
236,12,0.0,0.0,1.0,2.0,0.0,0.0,2.0,6.0,7.0,19.0,63.0,0.06,0.0,92.0,2.0,1.0,42.0,1.0,4.08571428571429,0.0,0.0,0.0,1.0,0.5,1.0,0.85733855,0.14266148
236,13,0.0,0.0,1.0,2.0,0.0,0.0,2.0,1.0,7.0,19.0,63.0,2.17,0.0,92.0,2.0,1.0,42.0,1.0,4.08571428571429,0.0,0.0,0.0,0.351648351648352,0.5,1.0,0.6066588,0.39334118
236,14,0.0,0.0,1.0,2.0,0.0,0.0,2.0,1.0,7.0,19.0,63.0,0.33,0.0,92.0,2.0,1.0,42.0,1.0,4.08571428571429,0.0,0.0,0.0,0.351648351648352,0.5,1.0,0.5598068,0.44019318
236,15,0.0,0.0,1.0,2.0,0.0,0.0,2.0,1.0,7.0,19.0,63.0,0.06,0.0,92.0,2.0,1.0,42.0,1.0,4.08571428571429,0.0,0.0,0.0,0.4,0.5,0.0,0.5164775,0.48352247
236,16,0.0,0.0,1.0,2.0,0.0,0.0,2.0,1.0,7.0,19.0,63.0,0.06,0.0,92.0,2.0,1.0,42.0,1.0,8.4,0.0,0.0,0.0,0.351648351648352,0.5,1.0,0.6405413,0.35945868
236,17,0.0,0.0,1.0,2.0,0.0,0.0,2.0,1.0,7.0,19.0,63.0,7.01,0.0,92.0,2.0,1.0,42.0,1.0,4.08571428571429,0.0,0.0,0.0,0.351648351648352,0.5,1.0,0.6322847,0.3677153
236,18,0.0,0.0,1.0,96.0,0.0,0.0,2.0,1.0,7.0,19.0,63.0,0.06,0.0,92.0,2.0,1.0,42.0,1.0,4.08571428571429,0.0,0.0,0.0,1.1,0.5,1.0,0.91409427,0.08590573
236,19,0.0,0.0,1.0,2.0,0.0,0.0,2.0,1.0,7.0,19.0,63.0,1.41,0.0,92.0,2.0,1.0,16.0,1.0,4.08571428571429,0.0,0.0,0.0,0.351648351648352,0.5,1.0,0.6410657,0.3589343
236,20,0.0,0.0,1.0,2.0,0.0,0.0,2.0,1.0,7.0,19.0,63.0,1.73,0.0,92.0,2.0,1.0,42.0,1.0,4.08571428571429,0.0,0.0,0.0,0.351648351648352,0.5,1.0,0.6066588,0.39334118
236,21,11.0,0.0,1.0,2.0,0.0,0.0,2.0,1.0,7.0,8.0,63.0,0.06,0.0,92.0,2.0,1.0,42.0,1.0,4.08571428571429,0.0,0.0,0.0,0.351648351648352,0.5,1.0,0.65934837,0.34065163
236,22,0.0,0.0,1.0,2.0,0.0,0.0,2.0,1.0,7.0,19.0,63.0,0.06,0.0,92.0,2.0,1.0,42.0,1.0,4.08571428571429,0.0,17.0,0.0,0.8,0.5,1.0,0.84000397,0.15999605
236,23,0.0,0.0,1.0,2.0,0.0,0.0,2.0,1.0,20.0,19.0,63.0,0.06,0.0,92.0,2.0,1.0,42.0,1.0,22.6,0.0,0.0,0.0,0.351648351648352,0.5,1.0,0.71878946,0.28121054
236,24,13.0,0.0,1.0,2.0,0.0,0.0,2.0,1.0,7.0,5.0,63.0,0.06,0.0,92.0,2.0,1.0,42.0,1.0,4.08571428571429,0.0,0.0,0.0,0.351648351648352,0.5,1.0,0.71958363,0.28041637
236,25,0.0,0.0,1.0,2.0,0.0,0.0,2.0,1.0,7.0,19.0,63.0,0.06,0.0,92.0,2.0,1.0,42.0,1.0,34.5,0.0,0.0,0.0,0.351648351648352,0.5,1.0,0.6405413,0.35945868
236,26,0.0,0.0,1.0,2.0,0.0,0.0,2.0,1.0,1.0,19.0,63.0,0.06,14.0,92.0,2.0,1.0,42.0,1.0,4.08571428571429,0.0,0.0,0.0,0.351648351648352,0.5,1.0,0.66499424,0.3350058
236,27,0.0,0.0,1.0,2.0,0.0,0.0,2.0,1.0,7.0,19.0,63.0,0.06,0.0,92.0,0.0,1.0,42.0,1.0,4.08571428571429,0.0,0.0,0.0,0.351648351648352,0.4,1.0,0.61809146,0.38190857
236,28,0.0,0.0,1.0,2.0,0.0,0.0,2.0,1.0,7.0,19.0,63.0,6.22,0.0,92.0,1.0,1.0,42.0,1.0,4.08571428571429,0.0,0.0,0.0,0.351648351648352,0.5,1.0,0.72060555,0.27939445
236,29,0.0,0.0,1.0,2.0,0.0,0.0,2.0,1.0,7.0,19.0,63.0,0.06,0.0,92.0,2.0,1.0,42.0,1.0,17.1,0.0,0.0,0.0,0.351648351648352,0.5,1.0,0.6405413,0.35945868
236,30,0.0,0.0,1.0,2.0,0.0,0.0,2.0,1.0,7.0,19.0,63.0,0.06,0.0,92.0,2.0,1.0,42.0,1.0,38.0,0.0,0.0,0.0,0.351648351648352,0.5,1.0,0.6405413,0.35945868
236,31,0.0,0.0,1.0,2.0,0.0,0.0,2.0,1.0,7.0,19.0,63.0,0.06,0.0,92.0,6.0,1.0,42.0,1.0,4.08571428571429,0.0,0.0,0.0,0.351648351648352,0.1,1.0,0.6525438,0.34745622
236,32,0.0,0.0,1.0,2.0,0.0,0.0,2.0,1.0,7.0,19.0,63.0,4.75,0.0,92.0,2.0,1.0,42.0,1.0,4.08571428571429,0.0,0.0,0.0,0.351648351648352,0.5,1.0,0.6322847,0.3677153
236,33,0.0,0.0,1.0,2.0,0.0,0.0,2.0,1.0,7.0,19.0,63.0,2.07,0.0,92.0,2.0,1.0,42.0,1.0,4.08571428571429,0.0,0.0,0.0,0.351648351648352,0.5,1.0,0.6066588,0.39334118
236,34,0.0,0.0,1.0,2.0,0.0,0.0,2.0,1.0,7.0,19.0,63.0,0.06,0.0,92.0,2.0,1.0,42.0,1.0,38.5,0.0,0.0,0.0,0.351648351648352,0.5,1.0,0.6405413,0.35945868
236,35,0.0,0.0,1.0,2.0,0.0,0.0,2.0,1.0,7.0,19.0,63.0,6.0,0.0,92.0,2.0,1.0,20.0,1.0,4.08571428571429,0.0,0.0,0.0,0.351648351648352,0.5,1.0,0.6322847,0.3677153
236,36,0.0,0.0,1.0,2.0,0.0,0.0,2.0,6.0,7.0,19.0,63.0,0.06,0.0,92.0,2.0,1.0,42.0,1.0,4.08571428571429,0.0,0.0,0.0,0.6,0.5,1.0,0.5347369,0.4652631
236,37,0.0,0.0,1.0,2.0,0.0,0.0,2.0,1.0,7.0,19.0,63.0,4.08,0.0,92.0,2.0,1.0,42.0,1.0,4.08571428571429,0.0,0.0,0.0,0.351648351648352,0.5,1.0,0.6322847,0.3677153
236,38,0.0,0.0,1.0,2.0,0.0,0.0,2.0,1.0,7.0,19.0,63.0,0.06,0.0,92.0,2.0,1.0,42.0,1.0,23.6,0.0,0.0,0.0,0.351648351648352,0.5,1.0,0.6405413,0.35945868
236,39,0.0,0.0,1.0,2.0,0.0,0.0,2.0,1.0,7.0,19.0,63.0,0.06,0.0,92.0,3.0,1.0,42.0,1.0,20.0,0.0,0.0,0.0,0.351648351648352,0.5,1.0,0.6405413,0.35945868
236,40,0.0,0.0,1.0,2.0,0.0,0.0,2.0,1.0,7.0,19.0,63.0,2.2,0.0,92.0,2.0,1.0,42.0,1.0,4.08571428571429,0.0,0.0,0.0,0.351648351648352,0.5,1.0,0.6066588,0.39334118
236,41,0.0,0.0,1.0,2.0,0.0,0.0,2.0,1.0,7.0,19.0,63.0,2.01,0.0,92.0,2.0,1.0,42.0,1.0,4.08571428571429,0.0,0.0,0.0,0.5,0.5,1.0,0.8345805,0.1654195
236,42,0.0,0.0,1.0,2.0,15.0,0.0,2.0,1.0,7.0,19.0,63.0,0.06,0.0,92.0,2.0,1.0,42.0,1.0,4.08571428571429,0.0,0.0,0.0,0.351648351648352,0.4,1.0,0.55905676,0.44094327
236,43,0.0,0.0,1.0,2.0,0.0,0.0,2.0,1.0,7.0,19.0,63.0,2.53,0.0,92.0,2.0,1.0,42.0,1.0,4.08571428571429,0.0,0.0,0.0,0.351648351648352,0.4,1.0,0.67125213,0.3287479
236,44,0.0,0.0,1.0,2.0,0.0,0.0,2.0,1.0,26.0,19.0,63.0,0.06,0.0,92.0,2.0,1.0,42.0,1.0,4.08571428571429,0.0,0.0,0.0,0.351648351648352,0.4,1.0,0.72127986,0.2787201
236,45,0.0,0.0,1.0,2.0,0.0,0.0,2.0,1.0,7.0,19.0,63.0,3.32,0.0,92.0,2.0,1.0,42.0,1.0,4.08571428571429,0.0,0.0,0.0,0.351648351648352,0.5,1.0,0.6322847,0.3677153
236,46,0.0,0.0,1.0,2.0,0.0,0.0,2.0,1.0,7.0,19.0,63.0,6.85,0.0,92.0,6.0,1.0,42.0,1.0,4.08571428571429,0.0,0.0,0.0,0.351648351648352,0.5,1.0,0.8179962,0.1820038
236,47,0.0,0.0,1.0,2.0,0.0,0.0,2.0,1.0,7.0,19.0,136.0,0.06,0.0,92.0,2.0,1.0,42.0,1.0,21.0,0.0,0.0,0.0,0.351648351648352,0.5,1.0,0.6405413,0.35945868
236,48,0.0,0.0,0.0,2.0,0.0,0.0,2.0,1.0,7.0,19.0,63.0,3.52,0.0,92.0,2.0,1.0,42.0,1.0,4.08571428571429,0.0,0.0,0.0,0.351648351648352,0.5,1.0,0.6322847,0.3677153
236,49,0.0,0.0,1.0,2.0,0.0,0.0,2.0,1.0,7.0,19.0,63.0,0.06,0.0,92.0,2.0,41.0,42.0,1.0,4.08571428571429,0.0,0.0,0.0,0.4,0.5,1.0,0.54251695,0.45748302
236,50,0.0,0.0,1.0,2.0,0.0,0.0,2.0,1.0,7.0,19.0,63.0,0.06,0.0,92.0,2.0,1.0,42.0,1.0,47.3,0.0,0.0,0.0,0.351648351648352,0.5,1.0,0.6405413,0.35945868
236,51,0.0,0.0,1.0,2.0,0.0,0.0,2.0,4.0,7.0,19.0,63.0,0.06,0.0,92.0,2.0,1.0,42.0,1.0,38.4,0.0,0.0,0.0,0.351648351648352,0.5,1.0,0.5532687,0.4467313
236,52,0.0,0.0,1.0,2.0,0.0,0.0,2.0,1.0,7.0,4.0,63.0,0.06,0.0,92.0,2.0,1.0,42.0,1.0,4.08571428571429,33.0,0.0,0.0,0.351648351648352,0.5,1.0,0.83689255,0.16310747
236,53,0.0,0.0,1.0,2.0,0.0,0.0,2.0,1.0,7.0,10.0,63.0,0.06,7.0,92.0,2.0,1.0,42.0,1.0,4.08571428571429,0.0,0.0,0.0,0.351648351648352,0.5,1.0,0.86456865,0.13543136
236,54,0.0,0.0,1.0,2.0,0.0,0.0,2.0,1.0,7.0,19.0,63.0,0.06,0.0,92.0,2.0,1.0,42.0,1.0,4.08571428571429,0.0,15.0,0.0,0.351648351648352,0.2,1.0,0.7632189,0.23678114
236,55,0.0,0.0,1.0,2.0,0.0,0.0,2.0,1.0,7.0,19.0,63.0,0.06,0.0,92.0,1.0,1.0,42.0,1.0,4.08571428571429,0.0,0.0,0.0,0.4,0.5,1.0,0.5061321,0.4938679
236,56,0.0,0.0,1.0,2.0,0.0,0.0,2.0,1.0,7.0,18.0,63.0,0.06,0.0,92.0,2.0,1.0,42.0,1.0,4.08571428571429,0.0,0.0,0.0,0.351648351648352,0.5,1.0,0.67719996,0.32280004
236,57,0.0,0.0,1.0,2.0,0.0,0.0,2.0,1.0,2.0,19.0,63.0,0.06,0.0,92.0,2.0,1.0,42.0,1.0,4.08571428571429,0.0,0.0,0.0,0.351648351648352,0.5,1.0,0.6146518,0.3853482
236,58,0.0,0.0,1.0,2.0,0.0,0.0,2.0,1.0,7.0,19.0,63.0,0.06,0.0,92.0,2.0,1.0,42.0,1.0,34.7,0.0,0.0,0.0,0.8,0.5,1.0,0.88151604,0.11848397
236,59,0.0,0.0,1.0,2.0,0.0,0.0,2.0,1.0,29.0,19.0,63.0,0.06,0.0,92.0,2.0,1.0,42.0,1.0,4.08571428571429,0.0,0.0,0.0,0.351648351648352,0.3,1.0,0.72127986,0.2787201
236,60,0.0,0.0,1.0,2.0,0.0,0.0,2.0,1.0,7.0,19.0,63.0,4.79,0.0,92.0,2.0,1.0,42.0,1.0,4.08571428571429,0.0,0.0,0.0,0.351648351648352,0.5,1.0,0.6322847,0.3677153
236,61,0.0,0.0,1.0,2.0,0.0,0.0,2.0,1.0,7.0,19.0,63.0,0.06,2.0,92.0,2.0,1.0,42.0,1.0,4.08571428571429,0.0,0.0,0.0,0.9,0.5,1.0,0.7542594,0.24574058
236,62,0.0,0.0,1.0,2.0,0.0,0.0,2.0,1.0,7.0,19.0,63.0,3.33,0.0,92.0,2.0,1.0,42.0,1.0,4.08571428571429,0.0,0.0,0.0,0.351648351648352,0.5,1.0,0.6322847,0.3677153
236,63,0.0,0.0,0.0,2.0,0.0,0.0,2.0,1.0,7.0,19.0,63.0,0.06,0.0,92.0,2.0,1.0,1.0,1.0,4.08571428571429,0.0,0.0,0.0,0.351648351648352,0.5,1.0,0.51776606,0.48223394
236,64,0.0,0.0,1.0,2.0,0.0,0.0,2.0,1.0,7.0,19.0,63.0,0.94,0.0,92.0,2.0,1.0,42.0,1.0,4.08571428571429,0.0,0.0,0.0,0.4,0.5,1.0,0.69748175,0.30251825
236,65,0.0,0.0,1.0,2.0,0.0,0.0,2.0,1.0,7.0,19.0,63.0,0.06,0.0,92.0,2.0,1.0,42.0,1.0,43.1,0.0,0.0,0.0,0.351648351648352,0.5,1.0,0.6405413,0.35945868
236,66,0.0,0.0,1.0,2.0,0.0,0.0,2.0,1.0,7.0,19.0,63.0,0.06,6.0,92.0,2.0,1.0,42.0,1.0,4.08571428571429,0.0,0.0,0.0,1.0,0.5,1.0,0.8979124,0.10208762
236,67,0.0,0.0,1.0,2.0,0.0,0.0,2.0,1.0,7.0,19.0,63.0,0.06,0.0,92.0,2.0,1.0,42.0,1.0,4.08571428571429,7.0,0.0,0.0,0.8,0.5,1.0,0.7445027,0.25549728
236,68,0.0,0.0,1.0,2.0,0.0,0.0,2.0,1.0,7.0,19.0,63.0,0.06,0.0,92.0,2.0,1.0,29.0,1.0,24.2,0.0,0.0,0.0,0.351648351648352,0.5,1.0,0.6405413,0.35945868
236,69,0.0,0.0,1.0,2.0,0.0,0.0,2.0,1.0,7.0,19.0,63.0,0.06,0.0,92.0,2.0,1.0,42.0,1.0,4.08571428571429,0.0,0.0,3.0,0.7,0.5,1.0,0.66254556,0.3374544
236,70,0.0,0.0,1.0,30.0,0.0,0.0,2.0,1.0,7.0,19.0,63.0,0.06,0.0,92.0,2.0,1.0,42.0,1.0,4.08571428571429,0.0,0.0,0.0,0.7,0.5,1.0,0.60847735,0.39152268
236,71,0.0,0.0,1.0,2.0,0.0,0.0,2.0,1.0,7.0,19.0,63.0,3.61,0.0,92.0,2.0,1.0,42.0,1.0,4.08571428571429,0.0,0.0,0.0,0.351648351648352,0.5,1.0,0.6322847,0.3677153
236,72,0.0,0.0,1.0,2.0,0.0,0.0,2.0,1.0,7.0,19.0,63.0,0.06,0.0,92.0,2.0,1.0,42.0,1.0,46.5,10.0,0.0,0.0,0.351648351648352,0.5,1.0,0.5554439,0.44455615
236,73,0.0,0.0,1.0,2.0,0.0,0.0,2.0,1.0,7.0,19.0,63.0,0.06,0.0,92.0,2.0,50.0,42.0,1.0,51.6,0.0,0.0,0.0,0.351648351648352,0.5,1.0,0.6490921,0.35090795
236,74,0.0,0.0,1.0,2.0,0.0,0.0,2.0,1.0,7.0,19.0,63.0,4.64,0.0,92.0,2.0,1.0,42.0,1.0,4.08571428571429,0.0,0.0,0.0,0.351648351648352,0.5,1.0,0.6322847,0.3677153
236,75,0.0,0.0,1.0,2.0,0.0,0.0,2.0,1.0,7.0,19.0,63.0,0.06,0.0,92.0,2.0,1.0,42.0,8.0,4.08571428571429,0.0,0.0,0.0,1.1,0.5,1.0,0.8791997,0.12080032
236,76,0.0,0.0,1.0,14.0,0.0,0.0,2.0,1.0,7.0,19.0,63.0,0.06,0.0,92.0,2.0,1.0,42.0,1.0,39.3,0.0,0.0,0.0,0.351648351648352,0.5,1.0,0.6792962,0.3207038
236,77,0.0,0.0,1.0,2.0,0.0,0.0,2.0,1.0,2.0,19.0,63.0,0.06,0.0,92.0,2.0,1.0,3.0,1.0,4.08571428571429,0.0,0.0,0.0,0.351648351648352,0.5,1.0,0.67040557,0.32959443
236,78,0.0,0.0,1.0,2.0,0.0,0.0,2.0,1.0,7.0,19.0,124.0,5.21,0.0,92.0,2.0,1.0,42.0,1.0,4.08571428571429,0.0,0.0,0.0,0.351648351648352,0.5,1.0,0.6322847,0.3677153
236,79,0.0,0.0,1.0,2.0,0.0,0.0,2.0,1.0,7.0,19.0,63.0,1.37,0.0,92.0,2.0,1.0,42.0,1.0,4.08571428571429,0.0,0.0,0.0,0.351648351648352,0.5,1.0,0.6066588,0.39334118
236,80,0.0,0.0,1.0,2.0,0.0,0.0,2.0,1.0,11.0,19.0,63.0,0.06,0.0,92.0,2.0,1.0,42.0,1.0,12.7,0.0,0.0,0.0,0.351648351648352,0.5,1.0,0.71878946,0.28121054
236,81,0.0,0.0,1.0,2.0,0.0,0.0,2.0,1.0,7.0,19.0,63.0,1.54,0.0,92.0,2.0,13.0,42.0,1.0,4.08571428571429,0.0,0.0,0.0,0.351648351648352,0.5,1.0,0.615532,0.38446802
236,82,0.0,0.0,1.0,2.0,0.0,0.0,2.0,1.0,7.0,19.0,63.0,0.06,0.0,92.0,2.0,1.0,42.0,1.0,18.7,0.0,0.0,0.0,0.6,0.5,1.0,0.76892316,0.23107682
236,83,0.0,0.0,1.0,2.0,0.0,0.0,2.0,1.0,7.0,19.0,63.0,7.24,0.0,92.0,2.0,1.0,42.0,1.0,4.08571428571429,0.0,0.0,0.0,0.351648351648352,0.5,1.0,0.6322847,0.3677153
236,84,0.0,0.0,1.0,2.0,0.0,0.0,2.0,1.0,2.0,19.0,63.0,0.06,0.0,92.0,8.0,1.0,42.0,1.0,4.08571428571429,0.0,0.0,0.0,0.351648351648352,0.5,1.0,0.6816917,0.3183083
236,85,0.0,0.0,1.0,2.0,0.0,0.0,2.0,1.0,7.0,19.0,63.0,0.06,0.0,92.0,2.0,1.0,42.0,1.0,4.08571428571429,0.0,0.0,0.0,0.7,0.5,1.0,0.61651456,0.3834854
236,86,0.0,0.0,1.0,2.0,0.0,0.0,2.0,1.0,7.0,19.0,63.0,0.06,0.0,92.0,2.0,1.0,42.0,1.0,4.08571428571429,0.0,0.0,1.0,1.0,0.5,1.0,0.93076015,0.06923983
236,87,0.0,40.0,1.0,2.0,0.0,0.0,2.0,1.0,7.0,19.0,63.0,0.06,0.0,92.0,2.0,1.0,42.0,1.0,4.08571428571429,0.0,0.0,0.0,1.0,0.5,1.0,0.68999755,0.31000248
236,88,0.0,0.0,1.0,2.0,0.0,0.0,2.0,1.0,7.0,19.0,63.0,0.06,0.0,92.0,2.0,1.0,42.0,1.0,28.2,0.0,0.0,0.0,0.351648351648352,0.5,1.0,0.6405413,0.35945868
236,89,0.0,0.0,1.0,2.0,0.0,0.0,2.0,1.0,7.0,19.0,63.0,4.09,14.0,92.0,2.0,1.0,42.0,1.0,4.08571428571429,0.0,0.0,0.0,0.351648351648352,0.5,1.0,0.6866845,0.31331548
236,90,0.0,0.0,1.0,2.0,0.0,0.0,2.0,1.0,7.0,19.0,63.0,0.06,0.0,92.0,2.0,1.0,47.0,1.0,4.08571428571429,0.0,0.0,0.0,0.351648351648352,0.4,1.0,0.6433809,0.35661915
236,91,0.0,0.0,1.0,2.0,0.0,0.0,2.0,1.0,7.0,19.0,63.0,3.49,0.0,92.0,2.0,1.0,42.0,1.0,4.08571428571429,0.0,0.0,0.0,0.351648351648352,0.5,1.0,0.6322847,0.3677153
236,92,0.0,0.0,1.0,2.0,0.0,0.0,2.0,1.0,7.0,19.0,63.0,2.24,0.0,92.0,2.0,1.0,42.0,1.0,4.08571428571429,0.0,0.0,0.0,0.351648351648352,0.5,1.0,0.6066588,0.39334118
236,93,0.0,0.0,1.0,2.0,0.0,0.0,2.0,1.0,7.0,19.0,63.0,0.06,10.0,92.0,2.0,1.0,42.0,1.0,4.08571428571429,0.0,0.0,0.0,0.351648351648352,0.3,1.0,0.62289906,0.37710094
236,94,0.0,0.0,1.0,84.0,0.0,0.0,2.0,1.0,7.0,19.0,63.0,0.06,0.0,92.0,2.0,1.0,42.0,1.0,4.08571428571429,0.0,0.0,0.0,0.6,0.5,1.0,0.54046124,0.45953876
236,95,0.0,0.0,1.0,2.0,0.0,0.0,2.0,1.0,7.0,19.0,63.0,1.93,0.0,92.0,2.0,1.0,42.0,1.0,4.08571428571429,0.0,0.0,0.0,0.351648351648352,0.5,1.0,0.6066588,0.39334118
236,96,0.0,0.0,1.0,2.0,0.0,0.0,2.0,1.0,7.0,19.0,63.0,6.57,0.0,92.0,2.0,1.0,42.0,1.0,4.08571428571429,23.0,0.0,0.0,0.351648351648352,0.5,1.0,0.682321,0.317679
236,97,0.0,0.0,1.0,2.0,0.0,0.0,2.0,1.0,7.0,19.0,63.0,0.06,0.0,92.0,2.0,1.0,42.0,1.0,4.08571428571429,0.0,0.0,0.0,0.9,0.5,1.0,0.816821,0.18317899
236,98,0.0,0.0,1.0,2.0,0.0,0.0,2.0,1.0,7.0,19.0,63.0,0.06,7.0,92.0,2.0,1.0,42.0,1.0,9.0,0.0,0.0,0.0,0.351648351648352,0.5,1.0,0.69357896,0.30642104
236,99,0.0,0.0,1.0,2.0,0.0,0.0,2.0,1.0,7.0,19.0,63.0,0.06,0.0,92.0,2.0,1.0,42.0,1.0,4.08571428571429,0.0,2.0,0.0,0.5,0.5,1.0,0.6454806,0.35451943
243,0,1.0,1.0,1.0,1.0,0.0,1.0,2.0,6.0,3.0,10.0,36.0,1.68,1.0,87.0,5.0,1.0,43.0,2.0,3.24390243902439,0.0,0.0,0.0,0.419354838709677,0.5,2.0,0.894312,0.10568798
243,1,1.0,1.0,1.0,1.0,0.0,1.0,2.0,6.0,3.0,10.0,36.0,5.49,1.0,87.0,2.0,1.0,43.0,2.0,3.24390243902439,0.0,0.0,0.0,0.419354838709677,0.5,2.0,0.6940595,0.30594048
243,2,1.0,1.0,1.0,1.0,0.0,1.0,2.0,6.0,3.0,10.0,36.0,0.16,1.0,87.0,2.0,1.0,43.0,2.0,27.2,0.0,0.0,0.0,0.419354838709677,0.5,2.0,0.76378477,0.23621525
243,3,1.0,1.0,1.0,1.0,0.0,1.0,2.0,6.0,3.0,10.0,54.0,0.16,1.0,87.0,2.0,1.0,43.0,2.0,3.24390243902439,0.0,0.0,0.0,0.419354838709677,0.5,2.0,0.6274724,0.3725276
243,4,1.0,1.0,1.0,1.0,0.0,1.0,2.0,6.0,3.0,10.0,36.0,0.16,1.0,87.0,3.0,1.0,43.0,2.0,3.24390243902439,0.0,0.0,0.0,0.9,0.5,2.0,0.7414994,0.25850055
243,5,1.0,1.0,1.0,1.0,0.0,1.0,2.0,6.0,3.0,10.0,36.0,2.14,1.0,87.0,2.0,1.0,43.0,2.0,3.24390243902439,0.0,0.0,0.0,0.419354838709677,0.5,2.0,0.71062374,0.28937623
243,6,1.0,1.0,1.0,1.0,0.0,1.0,2.0,13.0,3.0,10.0,116.0,0.16,1.0,87.0,2.0,1.0,43.0,2.0,3.24390243902439,0.0,0.0,0.0,0.419354838709677,0.5,2.0,0.54678154,0.45321846
243,7,1.0,1.0,1.0,1.0,0.0,1.0,2.0,6.0,3.0,10.0,36.0,0.16,9.0,87.0,2.0,1.0,43.0,2.0,48.0,0.0,0.0,0.0,0.419354838709677,0.5,2.0,0.80050004,0.19949995
243,8,1.0,1.0,1.0,1.0,0.0,1.0,2.0,6.0,3.0,10.0,103.0,0.16,1.0,87.0,2.0,1.0,43.0,2.0,3.24390243902439,0.0,0.0,0.0,0.419354838709677,0.5,2.0,0.6274724,0.3725276
243,9,1.0,1.0,1.0,1.0,0.0,1.0,2.0,6.0,3.0,10.0,36.0,3.11,1.0,87.0,5.0,1.0,43.0,2.0,3.24390243902439,0.0,0.0,0.0,0.419354838709677,0.5,2.0,0.8865843,0.11341575
243,10,1.0,1.0,1.0,1.0,0.0,1.0,2.0,6.0,3.0,10.0,36.0,0.16,1.0,87.0,2.0,1.0,43.0,2.0,3.24390243902439,0.0,37.0,0.0,1.0,0.5,2.0,0.93487406,0.06512595
243,11,1.0,1.0,1.0,1.0,0.0,1.0,2.0,6.0,3.0,10.0,36.0,0.16,1.0,87.0,2.0,1.0,43.0,2.0,30.1,0.0,0.0,0.0,0.8,0.5,2.0,0.91380674,0.086193256
243,12,1.0,1.0,1.0,1.0,0.0,1.0,2.0,6.0,3.0,10.0,36.0,0.16,1.0,87.0,2.0,1.0,43.0,2.0,36.3,0.0,0.0,0.0,0.419354838709677,0.5,2.0,0.76378477,0.23621525
243,13,1.0,1.0,1.0,1.0,0.0,1.0,2.0,6.0,3.0,10.0,36.0,0.16,1.0,87.0,2.0,1.0,43.0,8.0,3.24390243902439,0.0,0.0,0.0,0.419354838709677,0.3,2.0,0.5843773,0.4156227
243,14,1.0,1.0,1.0,1.0,0.0,1.0,2.0,6.0,3.0,10.0,36.0,1.32,1.0,87.0,2.0,1.0,43.0,2.0,3.24390243902439,0.0,2.0,0.0,0.419354838709677,0.5,2.0,0.72692645,0.27307355
243,15,1.0,1.0,1.0,1.0,0.0,1.0,2.0,6.0,3.0,10.0,49.0,0.16,1.0,87.0,2.0,1.0,43.0,2.0,3.24390243902439,0.0,0.0,0.0,0.419354838709677,0.5,2.0,0.6274724,0.3725276
243,16,1.0,1.0,1.0,1.0,0.0,1.0,2.0,6.0,3.0,10.0,36.0,0.16,1.0,87.0,2.0,1.0,43.0,0.0,19.6,0.0,0.0,0.0,0.419354838709677,0.5,2.0,0.82371205,0.17628793
243,17,1.0,1.0,1.0,1.0,0.0,1.0,1.0,6.0,3.0,10.0,36.0,0.16,1.0,87.0,2.0,1.0,43.0,2.0,33.3,0.0,0.0,0.0,0.419354838709677,0.5,2.0,0.830356,0.16964397
243,18,1.0,1.0,1.0,1.0,0.0,1.0,2.0,6.0,3.0,10.0,36.0,2.36,1.0,87.0,2.0,1.0,43.0,2.0,3.24390243902439,0.0,0.0,0.0,0.419354838709677,0.5,2.0,0.51713973,0.48286027
243,19,1.0,1.0,1.0,1.0,0.0,1.0,2.0,6.0,3.0,10.0,36.0,0.16,1.0,87.0,2.0,1.0,43.0,2.0,40.3,0.0,0.0,0.0,0.419354838709677,0.5,2.0,0.76378477,0.23621525
243,20,1.0,1.0,1.0,1.0,0.0,1.0,2.0,6.0,3.0,10.0,36.0,2.2,1.0,87.0,2.0,1.0,43.0,2.0,3.24390243902439,0.0,8.0,0.0,0.419354838709677,0.5,2.0,0.78591084,0.21408913
243,21,1.0,1.0,1.0,69.0,0.0,1.0,2.0,6.0,3.0,10.0,36.0,3.23,1.0,87.0,2.0,1.0,43.0,2.0,3.24390243902439,0.0,0.0,0.0,0.419354838709677,0.5,2.0,0.7989547,0.20104529
243,22,1.0,1.0,1.0,1.0,0.0,1.0,2.0,6.0,3.0,10.0,36.0,4.61,1.0,74.0,2.0,1.0,43.0,2.0,3.24390243902439,0.0,0.0,0.0,0.419354838709677,0.5,2.0,0.85069984,0.14930014
243,23,1.0,1.0,1.0,1.0,0.0,1.0,2.0,6.0,3.0,10.0,36.0,1.5,1.0,87.0,2.0,1.0,43.0,2.0,3.24390243902439,0.0,0.0,0.0,0.419354838709677,0.5,2.0,0.71062374,0.28937623
243,24,1.0,1.0,1.0,1.0,0.0,1.0,2.0,6.0,3.0,10.0,101.0,0.16,1.0,85.0,2.0,1.0,43.0,2.0,3.24390243902439,0.0,0.0,0.0,0.419354838709677,0.5,2.0,0.6274724,0.3725276
243,25,1.0,1.0,3.0,1.0,0.0,1.0,2.0,6.0,3.0,10.0,36.0,0.16,1.0,87.0,2.0,1.0,43.0,2.0,3.24390243902439,0.0,0.0,0.0,1.0,0.5,2.0,0.7957725,0.20422752
243,26,1.0,1.0,1.0,1.0,14.0,1.0,2.0,6.0,3.0,10.0,36.0,0.16,1.0,87.0,2.0,1.0,43.0,2.0,26.2,0.0,0.0,0.0,0.419354838709677,0.5,2.0,0.63527507,0.36472493
243,27,1.0,1.0,1.0,1.0,0.0,1.0,2.0,6.0,3.0,10.0,36.0,2.01,1.0,87.0,2.0,1.0,43.0,2.0,3.24390243902439,0.0,0.0,0.0,0.419354838709677,0.5,2.0,0.71062374,0.28937623
243,28,1.0,1.0,1.0,1.0,0.0,1.0,2.0,4.0,3.0,10.0,36.0,0.16,1.0,87.0,2.0,1.0,43.0,2.0,38.4,0.0,0.0,0.0,0.419354838709677,0.5,2.0,0.70403916,0.29596084
243,29,1.0,1.0,1.0,1.0,0.0,1.0,2.0,6.0,3.0,10.0,36.0,0.16,1.0,87.0,2.0,1.0,43.0,2.0,15.4,0.0,0.0,0.0,0.419354838709677,0.5,2.0,0.76378477,0.23621525
243,30,1.0,1.0,1.0,1.0,0.0,1.0,2.0,6.0,3.0,10.0,36.0,0.16,1.0,87.0,2.0,1.0,43.0,2.0,3.24390243902439,0.0,0.0,0.0,1.0,1.0,2.0,0.60426384,0.39573616
243,31,1.0,1.0,1.0,1.0,0.0,1.0,2.0,6.0,3.0,10.0,36.0,3.75,1.0,87.0,3.0,1.0,43.0,2.0,3.24390243902439,0.0,0.0,0.0,0.419354838709677,0.5,2.0,0.84356797,0.15643206
243,32,1.0,1.0,1.0,1.0,0.0,1.0,2.0,6.0,3.0,10.0,36.0,2.17,1.0,87.0,2.0,1.0,43.0,2.0,3.24390243902439,0.0,0.0,0.0,0.419354838709677,0.5,2.0,0.71062374,0.28937623
243,33,1.0,1.0,1.0,1.0,0.0,1.0,2.0,6.0,3.0,10.0,36.0,0.16,1.0,1.0,2.0,1.0,43.0,2.0,3.24390243902439,0.0,0.0,0.0,0.419354838709677,0.5,2.0,0.54704505,0.45295495
243,34,1.0,1.0,1.0,1.0,0.0,1.0,2.0,6.0,3.0,10.0,63.0,0.16,9.0,87.0,2.0,1.0,43.0,2.0,3.24390243902439,0.0,0.0,0.0,0.419354838709677,0.5,2.0,0.653682,0.34631798
243,35,12.0,1.0,1.0,1.0,0.0,1.0,2.0,6.0,3.0,10.0,36.0,7.43,1.0,87.0,2.0,1.0,43.0,2.0,3.24390243902439,0.0,0.0,0.0,0.419354838709677,0.5,2.0,0.6940595,0.30594048
243,36,1.0,1.0,1.0,1.0,0.0,1.0,2.0,6.0,3.0,10.0,36.0,5.18,1.0,87.0,2.0,1.0,43.0,8.0,3.24390243902439,0.0,0.0,0.0,0.419354838709677,0.5,2.0,0.56511825,0.43488175
243,37,1.0,1.0,1.0,9.0,0.0,1.0,2.0,6.0,3.0,10.0,88.0,0.16,1.0,87.0,2.0,1.0,43.0,2.0,3.24390243902439,0.0,0.0,0.0,0.419354838709677,0.5,2.0,0.65905297,0.340947
243,38,1.0,1.0,1.0,1.0,0.0,1.0,11.0,6.0,3.0,10.0,36.0,0.16,1.0,87.0,2.0,1.0,43.0,2.0,51.5,0.0,0.0,0.0,0.419354838709677,0.5,2.0,0.5471937,0.4528063
243,39,1.0,1.0,1.0,1.0,0.0,1.0,2.0,6.0,3.0,10.0,86.0,0.16,1.0,87.0,2.0,1.0,43.0,2.0,3.24390243902439,0.0,0.0,0.0,0.419354838709677,0.5,2.0,0.6274724,0.3725276
243,40,1.0,1.0,1.0,1.0,0.0,4.0,2.0,6.0,3.0,10.0,36.0,3.5,1.0,87.0,2.0,1.0,43.0,2.0,3.24390243902439,0.0,0.0,0.0,0.419354838709677,0.5,2.0,0.5694388,0.43056118
243,41,1.0,1.0,1.0,1.0,0.0,1.0,2.0,6.0,3.0,10.0,36.0,0.16,1.0,87.0,2.0,9.0,43.0,2.0,3.24390243902439,0.0,0.0,0.0,0.419354838709677,0.0,2.0,0.72025484,0.27974516
243,42,1.0,1.0,1.0,1.0,0.0,1.0,2.0,6.0,3.0,10.0,36.0,6.72,1.0,87.0,2.0,1.0,43.0,2.0,47.1,0.0,0.0,0.0,0.419354838709677,0.5,2.0,0.89308214,0.10691783
243,43,1.0,1.0,1.0,1.0,0.0,1.0,2.0,6.0,3.0,10.0,36.0,0.16,1.0,87.0,2.0,1.0,43.0,2.0,25.9,0.0,0.0,0.0,0.419354838709677,0.5,2.0,0.76378477,0.23621525
243,44,1.0,1.0,1.0,1.0,0.0,1.0,2.0,6.0,3.0,10.0,36.0,0.16,1.0,12.0,2.0,1.0,43.0,2.0,3.24390243902439,0.0,0.0,1.0,0.419354838709677,0.5,2.0,0.59594965,0.40405032
243,45,1.0,1.0,1.0,1.0,0.0,1.0,2.0,6.0,3.0,10.0,36.0,0.16,1.0,87.0,4.0,1.0,43.0,2.0,3.24390243902439,0.0,0.0,0.0,0.9,0.5,2.0,0.7414994,0.25850055
243,46,1.0,1.0,1.0,1.0,0.0,1.0,2.0,6.0,3.0,10.0,45.0,0.16,1.0,87.0,2.0,1.0,43.0,2.0,3.24390243902439,0.0,0.0,0.0,0.419354838709677,0.5,2.0,0.6274724,0.3725276
243,47,1.0,1.0,1.0,1.0,0.0,1.0,2.0,6.0,3.0,10.0,36.0,0.16,1.0,31.0,6.0,1.0,43.0,2.0,3.24390243902439,0.0,0.0,0.0,0.419354838709677,0.5,2.0,0.5417031,0.45829692
243,48,1.0,1.0,1.0,1.0,0.0,1.0,2.0,6.0,3.0,10.0,36.0,0.16,1.0,87.0,2.0,1.0,43.0,2.0,46.0,0.0,0.0,0.0,1.0,0.5,2.0,0.9647901,0.035209913
243,49,1.0,1.0,1.0,1.0,0.0,1.0,2.0,6.0,3.0,10.0,36.0,7.12,1.0,87.0,2.0,1.0,43.0,2.0,3.24390243902439,0.0,0.0,0.0,0.419354838709677,0.5,2.0,0.6940595,0.30594048
243,50,1.0,1.0,1.0,1.0,0.0,1.0,2.0,6.0,3.0,10.0,36.0,4.3,1.0,87.0,2.0,1.0,43.0,2.0,3.24390243902439,6.0,0.0,0.0,0.419354838709677,0.5,2.0,0.67379534,0.32620463
243,51,1.0,1.0,1.0,1.0,0.0,1.0,2.0,6.0,3.0,10.0,36.0,0.16,1.0,87.0,2.0,1.0,43.0,2.0,38.9,0.0,0.0,0.0,0.419354838709677,0.5,2.0,0.76378477,0.23621525
243,52,1.0,1.0,1.0,1.0,0.0,1.0,2.0,7.0,3.0,10.0,87.0,0.16,1.0,87.0,2.0,1.0,43.0,2.0,3.24390243902439,0.0,0.0,0.0,0.419354838709677,0.5,2.0,0.54678154,0.45321846
243,53,1.0,1.0,1.0,1.0,0.0,1.0,2.0,3.0,3.0,10.0,36.0,0.16,1.0,87.0,2.0,1.0,43.0,2.0,33.0,0.0,0.0,0.0,0.419354838709677,0.5,2.0,0.6709174,0.32908258
243,54,1.0,1.0,1.0,1.0,0.0,1.0,2.0,6.0,3.0,10.0,36.0,0.16,1.0,87.0,2.0,1.0,49.0,2.0,26.8,0.0,0.0,0.0,0.419354838709677,0.5,2.0,0.76378477,0.23621525
243,55,1.0,1.0,1.0,1.0,0.0,1.0,2.0,6.0,3.0,10.0,36.0,0.16,1.0,87.0,3.0,1.0,43.0,2.0,3.24390243902439,0.0,0.0,0.0,0.419354838709677,0.1,2.0,0.67176497,0.32823503
243,56,1.0,1.0,1.0,1.0,0.0,1.0,2.0,6.0,3.0,10.0,61.0,0.16,1.0,87.0,2.0,1.0,43.0,2.0,3.24390243902439,0.0,0.0,0.0,0.419354838709677,0.5,2.0,0.6274724,0.3725276
243,57,1.0,1.0,1.0,1.0,0.0,1.0,2.0,6.0,3.0,10.0,49.0,0.16,1.0,87.0,2.0,1.0,43.0,2.0,3.24390243902439,9.0,0.0,0.0,0.419354838709677,0.5,2.0,0.5527137,0.4472863
243,58,13.0,1.0,1.0,1.0,0.0,1.0,2.0,6.0,3.0,10.0,36.0,0.16,1.0,87.0,2.0,1.0,43.0,2.0,34.3,0.0,0.0,0.0,0.419354838709677,0.5,2.0,0.814811,0.18518898
243,59,1.0,1.0,1.0,1.0,0.0,1.0,2.0,6.0,3.0,10.0,36.0,2.62,1.0,87.0,2.0,1.0,43.0,2.0,3.24390243902439,0.0,0.0,0.0,0.419354838709677,0.5,2.0,0.51713973,0.48286027
243,60,1.0,1.0,1.0,21.0,0.0,1.0,2.0,6.0,3.0,10.0,36.0,0.16,1.0,87.0,2.0,1.0,43.0,2.0,24.6,0.0,0.0,0.0,0.419354838709677,0.5,2.0,0.8244829,0.17551711
243,61,1.0,1.0,1.0,1.0,0.0,1.0,2.0,6.0,3.0,10.0,36.0,0.16,10.0,87.0,2.0,1.0,43.0,2.0,42.9,0.0,0.0,0.0,0.419354838709677,0.5,2.0,0.80050004,0.19949995
243,62,1.0,1.0,1.0,46.0,0.0,1.0,2.0,6.0,3.0,10.0,36.0,0.16,1.0,87.0,2.0,1.0,43.0,2.0,3.24390243902439,0.0,0.0,0.0,0.419354838709677,0.0,2.0,0.7494554,0.2505446
243,63,5.0,1.0,1.0,1.0,0.0,1.0,2.0,6.0,3.0,10.0,94.0,0.16,1.0,87.0,2.0,1.0,43.0,2.0,3.24390243902439,0.0,0.0,0.0,0.419354838709677,0.5,2.0,0.72207856,0.27792144
243,64,1.0,1.0,0.0,1.0,0.0,1.0,2.0,6.0,3.0,10.0,105.0,0.16,1.0,87.0,2.0,1.0,43.0,2.0,3.24390243902439,0.0,0.0,0.0,0.419354838709677,0.5,2.0,0.6274724,0.3725276
243,65,1.0,1.0,1.0,1.0,0.0,1.0,2.0,6.0,3.0,10.0,36.0,4.04,1.0,87.0,2.0,1.0,43.0,2.0,28.2,0.0,0.0,0.0,0.419354838709677,0.5,2.0,0.89308214,0.10691783
243,66,1.0,1.0,1.0,1.0,25.0,1.0,2.0,6.0,3.0,10.0,36.0,0.16,1.0,87.0,2.0,1.0,43.0,2.0,3.24390243902439,0.0,0.0,0.0,1.1,0.5,2.0,0.81387067,0.18612933
243,67,1.0,1.0,1.0,1.0,0.0,1.0,2.0,6.0,3.0,10.0,36.0,0.16,1.0,67.0,2.0,1.0,43.0,2.0,15.5,0.0,0.0,0.0,0.419354838709677,0.5,2.0,0.78445196,0.21554805
243,68,1.0,1.0,1.0,1.0,0.0,1.0,2.0,6.0,3.0,10.0,36.0,0.16,1.0,87.0,2.0,1.0,43.0,2.0,27.8,0.0,0.0,0.0,0.419354838709677,0.5,2.0,0.76378477,0.23621525
243,69,1.0,1.0,1.0,1.0,0.0,1.0,2.0,6.0,3.0,10.0,48.0,0.16,1.0,87.0,2.0,1.0,43.0,2.0,3.24390243902439,0.0,0.0,0.0,0.419354838709677,0.5,2.0,0.6274724,0.3725276
243,70,1.0,1.0,1.0,1.0,0.0,1.0,2.0,6.0,3.0,10.0,36.0,0.16,1.0,3.0,2.0,1.0,43.0,2.0,3.24390243902439,0.0,0.0,0.0,0.419354838709677,0.1,2.0,0.88871604,0.11128397
243,71,1.0,1.0,1.0,1.0,0.0,1.0,2.0,6.0,3.0,10.0,36.0,0.16,1.0,87.0,2.0,1.0,43.0,2.0,50.7,0.0,0.0,0.0,0.419354838709677,0.5,2.0,0.76378477,0.23621525
243,72,1.0,1.0,1.0,1.0,0.0,1.0,2.0,6.0,3.0,10.0,36.0,3.06,1.0,87.0,2.0,1.0,43.0,2.0,3.24390243902439,0.0,0.0,0.0,0.6,0.5,2.0,0.5439072,0.45609277
243,73,1.0,1.0,1.0,1.0,0.0,1.0,2.0,6.0,3.0,10.0,36.0,2.95,1.0,87.0,2.0,13.0,43.0,2.0,3.24390243902439,0.0,0.0,0.0,0.419354838709677,0.5,2.0,0.5539309,0.44606912
243,74,1.0,1.0,1.0,1.0,0.0,1.0,2.0,6.0,3.0,10.0,36.0,3.13,1.0,87.0,2.0,1.0,43.0,2.0,3.24390243902439,0.0,0.0,0.0,0.419354838709677,0.5,2.0,0.6940595,0.30594048
243,75,1.0,1.0,1.0,1.0,0.0,1.0,2.0,6.0,3.0,10.0,36.0,0.16,1.0,87.0,2.0,1.0,43.0,2.0,44.3,0.0,0.0,0.0,0.419354838709677,0.5,2.0,0.76378477,0.23621525
243,76,1.0,1.0,1.0,1.0,0.0,1.0,2.0,6.0,3.0,10.0,36.0,0.16,8.0,87.0,2.0,1.0,0.0,2.0,3.24390243902439,0.0,0.0,0.0,0.419354838709677,0.5,2.0,0.7603246,0.23967542
243,77,1.0,1.0,1.0,1.0,0.0,1.0,2.0,6.0,3.0,10.0,36.0,0.16,1.0,87.0,2.0,1.0,43.0,2.0,28.7,0.0,0.0,0.0,0.419354838709677,0.5,2.0,0.76378477,0.23621525
243,78,1.0,1.0,1.0,1.0,0.0,1.0,2.0,6.0,3.0,10.0,3.0,0.16,1.0,87.0,2.0,1.0,43.0,2.0,3.24390243902439,0.0,0.0,0.0,0.419354838709677,0.5,2.0,0.7656416,0.23435836
243,79,1.0,1.0,1.0,1.0,0.0,1.0,2.0,6.0,3.0,10.0,36.0,0.16,1.0,87.0,2.0,1.0,43.0,2.0,17.7,0.0,0.0,0.0,0.419354838709677,0.5,0.0,0.7086983,0.29130176
243,80,1.0,1.0,1.0,1.0,0.0,1.0,2.0,6.0,3.0,10.0,36.0,1.6,1.0,87.0,2.0,1.0,43.0,2.0,3.24390243902439,0.0,0.0,0.0,0.419354838709677,0.5,2.0,0.71062374,0.28937623
243,81,1.0,1.0,1.0,1.0,0.0,1.0,2.0,6.0,3.0,10.0,36.0,0.16,7.0,87.0,2.0,1.0,43.0,2.0,9.0,0.0,0.0,0.0,0.419354838709677,0.5,2.0,0.80050004,0.19949995
243,82,1.0,1.0,1.0,1.0,0.0,1.0,2.0,6.0,3.0,10.0,83.0,6.65,1.0,87.0,2.0,1.0,43.0,2.0,3.24390243902439,0.0,0.0,0.0,0.419354838709677,0.5,2.0,0.8146824,0.18531759
243,83,1.0,1.0,1.0,1.0,0.0,1.0,2.0,6.0,3.0,10.0,36.0,0.16,1.0,87.0,2.0,1.0,43.0,2.0,19.3,0.0,0.0,0.0,0.419354838709677,0.5,2.0,0.76378477,0.23621525
243,84,1.0,1.0,1.0,1.0,0.0,1.0,2.0,6.0,3.0,10.0,2.0,0.16,1.0,87.0,2.0,1.0,43.0,2.0,3.24390243902439,0.0,0.0,0.0,0.419354838709677,0.5,2.0,0.7672951,0.23270486
243,85,1.0,1.0,1.0,1.0,0.0,1.0,2.0,6.0,3.0,10.0,36.0,1.93,1.0,87.0,2.0,1.0,43.0,2.0,3.24390243902439,0.0,0.0,0.0,0.419354838709677,0.5,2.0,0.71062374,0.28937623
243,86,1.0,1.0,1.0,1.0,45.0,1.0,2.0,6.0,3.0,10.0,36.0,4.26,1.0,87.0,2.0,1.0,43.0,2.0,3.24390243902439,0.0,0.0,0.0,0.419354838709677,0.5,2.0,0.55061495,0.44938502
243,87,1.0,1.0,1.0,1.0,0.0,1.0,2.0,6.0,3.0,10.0,36.0,6.85,1.0,87.0,6.0,1.0,43.0,2.0,3.24390243902439,0.0,0.0,0.0,0.419354838709677,0.5,2.0,0.8865843,0.11341575
243,88,1.0,1.0,1.0,1.0,0.0,1.0,2.0,6.0,3.0,10.0,36.0,0.16,1.0,87.0,2.0,1.0,7.0,2.0,3.24390243902439,0.0,0.0,0.0,0.419354838709677,0.5,2.0,0.56382823,0.4361718
243,89,1.0,1.0,1.0,1.0,0.0,1.0,2.0,6.0,3.0,10.0,137.0,0.16,1.0,87.0,2.0,38.0,43.0,2.0,3.24390243902439,0.0,0.0,0.0,0.419354838709677,0.5,2.0,0.70353687,0.29646316
243,90,1.0,1.0,1.0,1.0,0.0,1.0,2.0,6.0,3.0,10.0,136.0,0.16,1.0,87.0,2.0,1.0,43.0,2.0,3.24390243902439,0.0,0.0,0.0,0.419354838709677,0.5,2.0,0.6274724,0.3725276
243,91,1.0,1.0,1.0,1.0,0.0,1.0,2.0,6.0,3.0,10.0,36.0,1.99,1.0,87.0,2.0,1.0,43.0,2.0,3.24390243902439,0.0,0.0,0.0,0.419354838709677,0.5,2.0,0.71062374,0.28937623
243,92,1.0,1.0,1.0,1.0,0.0,1.0,12.0,6.0,3.0,10.0,36.0,2.2,1.0,87.0,2.0,1.0,43.0,2.0,3.24390243902439,0.0,0.0,0.0,0.419354838709677,0.5,2.0,0.58348364,0.41651636
243,93,1.0,1.0,1.0,1.0,0.0,1.0,2.0,6.0,3.0,10.0,36.0,7.22,1.0,87.0,2.0,1.0,43.0,2.0,3.24390243902439,0.0,0.0,0.0,0.419354838709677,0.5,2.0,0.6940595,0.30594048
243,94,1.0,1.0,1.0,1.0,0.0,1.0,2.0,6.0,3.0,10.0,36.0,3.1,1.0,87.0,2.0,1.0,43.0,2.0,3.24390243902439,0.0,22.0,0.0,0.419354838709677,0.5,2.0,0.7722752,0.22772476
243,95,1.0,1.0,1.0,1.0,0.0,1.0,2.0,6.0,3.0,10.0,36.0,3.64,1.0,87.0,2.0,1.0,43.0,2.0,3.24390243902439,0.0,0.0,0.0,0.419354838709677,0.5,2.0,0.6940595,0.30594048
243,96,1.0,1.0,1.0,1.0,0.0,1.0,2.0,6.0,3.0,10.0,118.0,0.16,1.0,87.0,2.0,11.0,43.0,2.0,3.24390243902439,0.0,0.0,0.0,0.419354838709677,0.5,2.0,0.70353687,0.29646316
243,97,1.0,1.0,1.0,1.0,0.0,1.0,2.0,6.0,3.0,10.0,36.0,1.29,1.0,87.0,2.0,1.0,43.0,2.0,3.24390243902439,0.0,0.0,0.0,0.419354838709677,0.5,2.0,0.71062374,0.28937623
243,98,1.0,1.0,1.0,1.0,0.0,1.0,2.0,6.0,3.0,10.0,36.0,0.16,1.0,87.0,2.0,1.0,43.0,2.0,3.24390243902439,0.0,32.0,0.0,0.419354838709677,0.2,2.0,0.79479206,0.20520793
243,99,1.0,1.0,1.0,1.0,0.0,1.0,2.0,6.0,3.0,10.0,36.0,4.98,1.0,87.0,2.0,1.0,43.0,2.0,3.24390243902439,20.0,0.0,0.0,0.419354838709677,0.5,2.0,0.67379534,0.32620463
259,0,13.0,0.0,1.0,3.0,0.0,1.0,2.0,4.0,13.0,5.0,76.0,0.15,0.0,95.0,1.0,1.0,71.0,4.0,14.1,0.0,1.0,0.0,0.69479090242113,0.5,1.0,0.9263474,0.07365262
259,1,5.0,0.0,1.0,3.0,0.0,1.0,2.0,4.0,13.0,3.0,76.0,0.15,0.0,95.0,1.0,1.0,71.0,4.0,3.12765957446809,0.0,1.0,0.0,1.0,0.5,2.0,0.74481314,0.25518686
259,2,5.0,0.0,1.0,3.0,0.0,1.0,2.0,4.0,13.0,1.0,76.0,0.15,0.0,95.0,1.0,1.0,71.0,4.0,3.12765957446809,0.0,13.0,0.0,0.69479090242113,0.4,1.0,0.8337108,0.16628923
259,3,5.0,0.0,1.0,3.0,45.0,1.0,2.0,4.0,13.0,3.0,76.0,0.15,0.0,25.0,1.0,1.0,71.0,4.0,3.12765957446809,0.0,1.0,0.0,0.69479090242113,0.5,1.0,0.6051663,0.39483368
259,4,6.0,0.0,1.0,3.0,0.0,1.0,2.0,4.0,13.0,3.0,76.0,0.15,0.0,95.0,1.0,1.0,71.0,4.0,3.12765957446809,0.0,1.0,0.0,0.69479090242113,0.7,1.0,0.6173934,0.3826066
259,5,5.0,0.0,1.0,3.0,0.0,1.0,2.0,4.0,25.0,4.0,76.0,0.15,0.0,95.0,1.0,1.0,71.0,4.0,3.12765957446809,0.0,1.0,0.0,0.69479090242113,0.5,1.0,0.596204,0.40379602
259,6,5.0,0.0,1.0,3.0,0.0,1.0,2.0,4.0,13.0,2.0,76.0,0.15,0.0,95.0,1.0,1.0,71.0,4.0,3.12765957446809,0.0,1.0,0.0,0.69479090242113,0.5,1.0,0.596204,0.40379602
259,7,16.0,0.0,1.0,3.0,0.0,1.0,2.0,4.0,13.0,38.0,76.0,1.65,0.0,95.0,1.0,1.0,71.0,4.0,11.4,0.0,1.0,0.0,0.69479090242113,0.5,1.0,0.5758842,0.4241158
259,8,11.0,0.0,1.0,3.0,0.0,1.0,2.0,1.0,13.0,8.0,76.0,0.15,0.0,95.0,1.0,1.0,71.0,4.0,3.12765957446809,0.0,1.0,0.0,0.69479090242113,0.5,1.0,0.61223507,0.3877649
259,9,5.0,0.0,1.0,3.0,0.0,1.0,2.0,4.0,13.0,3.0,136.0,0.15,0.0,95.0,1.0,1.0,20.0,4.0,3.12765957446809,0.0,1.0,0.0,0.69479090242113,0.5,1.0,0.596204,0.40379602
259,10,9.0,0.0,1.0,3.0,0.0,1.0,2.0,4.0,13.0,14.0,76.0,3.34,0.0,95.0,1.0,1.0,71.0,4.0,3.12765957446809,0.0,1.0,0.0,0.69479090242113,0.5,1.0,0.5260558,0.47394422
259,11,6.0,0.0,1.0,3.0,0.0,1.0,2.0,4.0,13.0,3.0,76.0,0.15,0.0,95.0,1.0,1.0,71.0,4.0,3.12765957446809,0.0,1.0,0.0,0.69479090242113,0.5,1.0,0.596204,0.40379602
259,12,5.0,0.0,4.0,3.0,0.0,1.0,2.0,4.0,13.0,0.0,76.0,0.15,0.0,95.0,1.0,1.0,71.0,4.0,3.12765957446809,0.0,29.0,0.0,0.69479090242113,0.5,1.0,0.532159,0.467841
259,13,5.0,0.0,1.0,3.0,0.0,1.0,2.0,4.0,13.0,38.0,76.0,4.09,0.0,95.0,1.0,1.0,4.0,4.0,3.12765957446809,0.0,1.0,0.0,0.69479090242113,0.5,1.0,0.55382156,0.44617844
259,14,5.0,0.0,1.0,3.0,0.0,1.0,2.0,15.0,13.0,12.0,76.0,0.15,0.0,95.0,1.0,1.0,71.0,4.0,44.8,0.0,1.0,0.0,0.69479090242113,0.5,1.0,0.77111846,0.22888155
259,15,5.0,0.0,1.0,3.0,0.0,1.0,2.0,4.0,13.0,4.0,76.0,0.15,0.0,95.0,1.0,28.0,71.0,4.0,3.12765957446809,33.0,1.0,0.0,0.69479090242113,0.5,1.0,0.66172063,0.33827934
259,16,5.0,0.0,1.0,3.0,0.0,1.0,2.0,4.0,13.0,0.0,76.0,0.15,0.0,95.0,8.0,1.0,71.0,4.0,3.12765957446809,0.0,1.0,0.0,0.69479090242113,0.5,1.0,0.69469476,0.30530524
259,17,5.0,0.0,1.0,3.0,0.0,1.0,2.0,4.0,37.0,4.0,76.0,0.15,0.0,95.0,1.0,1.0,71.0,4.0,3.12765957446809,0.0,1.0,0.0,0.69479090242113,0.5,1.0,0.596204,0.40379602
259,18,5.0,0.0,1.0,3.0,42.0,1.0,2.0,4.0,13.0,5.0,76.0,0.15,0.0,95.0,1.0,1.0,71.0,4.0,3.12765957446809,0.0,1.0,0.0,0.69479090242113,0.1,1.0,0.63336146,0.36663854
259,19,5.0,0.0,1.0,3.0,0.0,1.0,2.0,4.0,13.0,9.0,76.0,1.39,0.0,95.0,1.0,1.0,71.0,4.0,3.12765957446809,3.0,1.0,0.0,0.69479090242113,0.5,1.0,0.66998374,0.33001623
259,20,3.0,0.0,1.0,3.0,0.0,1.0,2.0,4.0,13.0,10.0,76.0,0.15,0.0,95.0,1.0,1.0,71.0,4.0,40.0,0.0,1.0,0.0,0.69479090242113,0.5,1.0,0.9062044,0.09379559
259,21,5.0,0.0,1.0,3.0,0.0,1.0,2.0,4.0,13.0,8.0,76.0,0.15,0.0,95.0,1.0,1.0,71.0,4.0,21.3,0.0,1.0,0.0,0.69479090242113,0.5,1.0,0.90944016,0.09055983
259,22,5.0,0.0,1.0,3.0,0.0,1.0,2.0,4.0,13.0,38.0,76.0,1.98,0.0,95.0,1.0,1.0,71.0,4.0,13.7,0.0,1.0,0.0,0.5,0.5,1.0,0.5433295,0.45667052
259,23,5.0,0.0,1.0,3.0,0.0,1.0,2.0,4.0,13.0,0.0,76.0,0.15,0.0,95.0,1.0,2.0,71.0,4.0,3.12765957446809,0.0,1.0,0.0,0.69479090242113,0.5,1.0,0.596204,0.40379602
259,24,5.0,0.0,1.0,3.0,0.0,1.0,2.0,4.0,13.0,38.0,76.0,4.89,0.0,95.0,1.0,20.0,71.0,4.0,34.2,0.0,1.0,0.0,0.69479090242113,0.5,1.0,0.5612024,0.43879762
259,25,14.0,0.0,1.0,3.0,0.0,1.0,2.0,4.0,13.0,4.0,76.0,0.15,0.0,55.0,1.0,1.0,71.0,4.0,3.12765957446809,0.0,1.0,0.0,0.69479090242113,0.5,1.0,0.714169,0.28583094
259,26,5.0,0.0,1.0,3.0,0.0,1.0,2.0,4.0,13.0,8.0,76.0,0.15,0.0,95.0,1.0,1.0,71.0,4.0,3.12765957446809,0.0,37.0,0.0,0.69479090242113,0.5,1.0,0.5020492,0.49795076
259,27,5.0,0.0,1.0,3.0,0.0,1.0,2.0,4.0,13.0,14.0,76.0,0.15,0.0,95.0,1.0,1.0,71.0,4.0,51.8,0.0,1.0,0.0,0.69479090242113,0.5,1.0,0.8579732,0.1420268
259,28,5.0,0.0,1.0,3.0,0.0,1.0,2.0,4.0,13.0,0.0,76.0,0.15,0.0,32.0,1.0,1.0,70.0,4.0,3.12765957446809,0.0,1.0,0.0,0.69479090242113,0.5,1.0,0.765932,0.23406796
259,29,5.0,0.0,1.0,3.0,0.0,1.0,2.0,4.0,13.0,10.0,76.0,0.15,0.0,95.0,1.0,1.0,71.0,4.0,24.8,0.0,1.0,0.0,0.69479090242113,0.5,2.0,0.89193445,0.10806556
259,30,5.0,0.0,1.0,3.0,0.0,1.0,2.0,4.0,13.0,10.0,76.0,0.15,0.0,95.0,1.0,1.0,71.0,4.0,40.0,0.0,1.0,0.0,0.69479090242113,0.5,1.0,0.9062044,0.09379559
259,31,5.0,0.0,1.0,3.0,0.0,1.0,2.0,6.0,13.0,38.0,76.0,4.38,0.0,95.0,1.0,1.0,71.0,4.0,30.6,0.0,1.0,0.0,0.69479090242113,0.5,1.0,0.53449297,0.46550703
259,32,5.0,0.0,1.0,3.0,0.0,1.0,2.0,4.0,13.0,3.0,76.0,0.15,0.0,95.0,1.0,1.0,20.0,4.0,3.12765957446809,0.0,1.0,0.0,0.69479090242113,0.5,1.0,0.596204,0.40379602
259,33,5.0,0.0,1.0,3.0,0.0,1.0,2.0,4.0,27.0,10.0,76.0,0.15,0.0,95.0,1.0,1.0,71.0,4.0,3.12765957446809,0.0,1.0,0.0,1.1,0.5,1.0,0.7396522,0.26034778
259,34,5.0,0.0,1.0,3.0,0.0,1.0,2.0,4.0,13.0,2.0,76.0,0.15,0.0,95.0,1.0,48.0,71.0,4.0,3.12765957446809,0.0,1.0,0.0,0.69479090242113,0.5,1.0,0.69233674,0.30766326
259,35,5.0,0.0,1.0,3.0,0.0,1.0,2.0,4.0,0.0,7.0,76.0,0.15,0.0,95.0,1.0,1.0,71.0,4.0,3.12765957446809,0.0,1.0,0.0,0.69479090242113,0.5,1.0,0.721594,0.27840602
259,36,5.0,0.0,1.0,3.0,0.0,1.0,2.0,4.0,13.0,4.0,76.0,0.15,0.0,95.0,1.0,1.0,47.0,4.0,3.12765957446809,0.0,1.0,0.0,0.69479090242113,0.4,1.0,0.8095387,0.19046128
259,37,5.0,0.0,1.0,28.0,0.0,1.0,1.0,4.0,13.0,7.0,76.0,0.15,0.0,95.0,1.0,1.0,71.0,4.0,3.12765957446809,0.0,1.0,0.0,0.69479090242113,0.5,1.0,0.5751815,0.4248185
259,38,5.0,0.0,1.0,3.0,0.0,1.0,2.0,4.0,13.0,3.0,76.0,0.15,0.0,95.0,1.0,1.0,71.0,4.0,3.12765957446809,0.0,1.0,0.0,0.69479090242113,0.5,1.0,0.596204,0.40379602
259,39,5.0,0.0,1.0,3.0,0.0,1.0,2.0,4.0,13.0,38.0,76.0,3.24,0.0,95.0,1.0,1.0,71.0,4.0,22.6,0.0,25.0,0.0,0.69479090242113,0.5,1.0,0.54728305,0.45271692
259,40,5.0,0.0,1.0,3.0,0.0,1.0,2.0,4.0,13.0,38.0,76.0,1.68,0.0,95.0,5.0,1.0,71.0,4.0,11.6,0.0,1.0,0.0,0.69479090242113,0.5,1.0,0.7586348,0.24136518
259,41,5.0,0.0,1.0,3.0,0.0,1.0,2.0,15.0,13.0,10.0,76.0,0.15,0.0,95.0,1.0,1.0,71.0,4.0,3.12765957446809,0.0,1.0,0.0,0.69479090242113,0.5,1.0,0.53068054,0.4693195
259,42,5.0,0.0,1.0,3.0,0.0,1.0,1.0,4.0,13.0,10.0,76.0,0.15,0.0,95.0,1.0,1.0,71.0,4.0,3.12765957446809,0.0,1.0,0.0,0.69479090242113,0.5,1.0,0.521603,0.47839704
259,43,5.0,0.0,1.0,3.0,0.0,1.0,2.0,12.0,13.0,17.0,76.0,0.15,0.0,95.0,1.0,1.0,71.0,4.0,13.4,0.0,1.0,0.0,0.69479090242113,0.5,1.0,0.8904614,0.10953862
259,44,5.0,0.0,1.0,3.0,0.0,1.0,2.0,4.0,13.0,38.0,76.0,6.5,0.0,95.0,1.0,29.0,71.0,4.0,45.5,0.0,1.0,0.0,0.69479090242113,0.5,1.0,0.5612024,0.43879762
259,45,5.0,0.0,1.0,3.0,0.0,1.0,2.0,4.0,13.0,38.0,76.0,4.08,0.0,95.0,1.0,1.0,71.0,4.0,28.5,0.0,22.0,0.0,0.69479090242113,0.5,1.0,0.54728305,0.45271692
259,46,5.0,0.0,1.0,3.0,0.0,1.0,2.0,4.0,13.0,38.0,76.0,6.13,5.0,95.0,1.0,1.0,71.0,4.0,42.9,0.0,1.0,0.0,0.69479090242113,0.5,1.0,0.5330787,0.46692133
259,47,5.0,0.0,1.0,3.0,0.0,1.0,2.0,4.0,13.0,38.0,76.0,6.58,0.0,95.0,1.0,1.0,71.0,4.0,46.0,0.0,1.0,0.0,1.0,0.5,1.0,0.5761942,0.42380577
259,48,5.0,0.0,1.0,3.0,0.0,1.0,2.0,4.0,13.0,38.0,76.0,2.03,0.0,95.0,1.0,1.0,45.0,4.0,14.0,0.0,1.0,0.0,0.69479090242113,0.5,1.0,0.5758842,0.4241158
259,49,5.0,0.0,1.0,3.0,0.0,1.0,2.0,4.0,13.0,0.0,76.0,0.15,0.0,95.0,8.0,1.0,43.0,4.0,3.12765957446809,0.0,1.0,0.0,0.69479090242113,0.5,1.0,0.69469476,0.30530524
259,50,5.0,0.0,1.0,3.0,0.0,1.0,2.0,4.0,13.0,10.0,76.0,0.15,0.0,95.0,1.0,1.0,71.0,4.0,3.12765957446809,0.0,1.0,0.0,0.69479090242113,1.1,1.0,0.5345995,0.46540052
259,51,5.0,0.0,1.0,3.0,0.0,1.0,2.0,4.0,13.0,38.0,76.0,6.4,0.0,95.0,1.0,1.0,71.0,4.0,44.8,0.0,1.0,0.0,1.0,0.5,1.0,0.5761942,0.42380577
259,52,5.0,0.0,1.0,3.0,0.0,1.0,2.0,4.0,13.0,7.0,76.0,0.15,0.0,95.0,3.0,1.0,71.0,4.0,3.12765957446809,0.0,10.0,0.0,0.69479090242113,0.5,1.0,0.547591,0.45240903
259,53,5.0,0.0,1.0,3.0,0.0,1.0,2.0,4.0,13.0,13.0,76.0,0.15,0.0,95.0,1.0,1.0,71.0,4.0,3.8,0.0,1.0,0.0,0.4,0.5,1.0,0.5347812,0.46521875
259,54,5.0,0.0,1.0,3.0,0.0,1.0,2.0,4.0,13.0,13.0,76.0,0.15,0.0,95.0,1.0,1.0,71.0,4.0,3.8,0.0,1.0,0.0,0.69479090242113,0.5,1.0,0.5056487,0.49435133
259,55,5.0,0.0,1.0,3.0,0.0,1.0,2.0,4.0,13.0,38.0,76.0,0.15,0.0,95.0,5.0,1.0,5.0,4.0,22.8,0.0,1.0,0.0,0.69479090242113,0.5,1.0,0.50521874,0.49478123
259,56,17.0,0.0,1.0,3.0,0.0,1.0,2.0,4.0,13.0,0.0,76.0,0.15,0.0,94.0,1.0,1.0,71.0,4.0,3.12765957446809,0.0,1.0,0.0,0.69479090242113,0.5,1.0,0.596204,0.40379602
259,57,5.0,0.0,1.0,3.0,0.0,1.0,2.0,4.0,13.0,2.0,76.0,0.15,0.0,95.0,1.0,1.0,71.0,4.0,3.12765957446809,0.0,1.0,0.0,0.69479090242113,0.3,4.0,0.78048813,0.21951188
259,58,5.0,0.0,1.0,3.0,0.0,1.0,2.0,4.0,13.0,0.0,76.0,0.15,0.0,95.0,1.0,1.0,71.0,4.0,3.12765957446809,0.0,1.0,0.0,0.69479090242113,0.5,1.0,0.596204,0.40379602
259,59,5.0,0.0,1.0,3.0,0.0,1.0,2.0,4.0,27.0,5.0,76.0,0.15,0.0,37.0,1.0,1.0,71.0,4.0,3.12765957446809,0.0,1.0,0.0,0.69479090242113,0.5,1.0,0.68075037,0.31924963
259,60,5.0,0.0,1.0,3.0,0.0,1.0,2.0,4.0,13.0,5.0,76.0,0.15,0.0,95.0,1.0,1.0,71.0,4.0,22.5,13.0,1.0,0.0,0.69479090242113,0.5,1.0,0.91619945,0.083800554
259,61,5.0,0.0,1.0,3.0,0.0,1.0,2.0,4.0,13.0,2.0,63.0,0.15,13.0,95.0,1.0,1.0,71.0,4.0,3.12765957446809,0.0,1.0,0.0,0.69479090242113,0.5,1.0,0.56021035,0.43978968
259,62,5.0,0.0,1.0,3.0,0.0,1.0,2.0,4.0,13.0,4.0,76.0,0.15,0.0,95.0,1.0,1.0,71.0,4.0,3.12765957446809,33.0,1.0,0.0,0.69479090242113,0.5,1.0,0.5620725,0.43792745
259,63,5.0,0.0,1.0,3.0,0.0,1.0,2.0,4.0,13.0,8.0,76.0,0.15,0.0,95.0,0.0,1.0,71.0,4.0,3.12765957446809,0.0,1.0,0.0,0.69479090242113,0.4,1.0,0.82076323,0.17923677
259,64,5.0,0.0,1.0,3.0,0.0,1.0,2.0,4.0,13.0,5.0,76.0,0.15,0.0,95.0,1.0,1.0,23.0,4.0,3.12765957446809,0.0,1.0,0.0,0.69479090242113,0.2,1.0,0.7558871,0.24411291
259,65,5.0,0.0,1.0,3.0,0.0,1.0,2.0,4.0,13.0,5.0,76.0,0.15,0.0,95.0,1.0,1.0,71.0,4.0,3.12765957446809,0.0,1.0,0.0,1.0,0.5,1.0,0.71911335,0.28088662
259,66,5.0,0.0,1.0,3.0,0.0,1.0,2.0,4.0,13.0,0.0,76.0,0.15,0.0,19.0,1.0,1.0,71.0,4.0,3.12765957446809,0.0,1.0,0.0,1.0,0.5,1.0,0.82567716,0.17432284
259,67,5.0,0.0,1.0,3.0,0.0,1.0,2.0,4.0,13.0,0.0,76.0,0.15,0.0,95.0,1.0,43.0,71.0,4.0,3.12765957446809,0.0,1.0,0.0,0.69479090242113,0.4,1.0,0.8662741,0.13372587
259,68,5.0,0.0,1.0,3.0,0.0,1.0,2.0,4.0,13.0,2.0,63.0,0.15,0.0,95.0,1.0,1.0,71.0,4.0,3.12765957446809,0.0,1.0,0.0,0.69479090242113,0.5,1.0,0.596204,0.40379602
259,69,5.0,0.0,1.0,3.0,0.0,1.0,2.0,4.0,13.0,12.0,76.0,0.15,7.0,95.0,1.0,1.0,71.0,4.0,20.2,0.0,1.0,0.0,0.69479090242113,0.5,1.0,0.75048345,0.24951653
259,70,5.0,0.0,1.0,19.0,0.0,1.0,2.0,4.0,13.0,3.0,76.0,0.15,9.0,95.0,1.0,1.0,71.0,4.0,3.12765957446809,0.0,1.0,0.0,0.69479090242113,0.5,1.0,0.57090545,0.42909452
259,71,5.0,0.0,1.0,3.0,0.0,1.0,2.0,4.0,13.0,38.0,76.0,4.09,0.0,95.0,1.0,1.0,4.0,4.0,28.5,0.0,1.0,0.0,0.69479090242113,0.5,1.0,0.7228507,0.2771493
259,72,5.0,0.0,1.0,3.0,0.0,1.0,2.0,4.0,13.0,0.0,76.0,0.15,0.0,19.0,1.0,1.0,71.0,4.0,3.12765957446809,0.0,1.0,0.0,0.69479090242113,0.5,1.0,0.74097544,0.25902456
259,73,5.0,0.0,1.0,3.0,0.0,1.0,2.0,4.0,13.0,38.0,76.0,5.92,0.0,95.0,1.0,1.0,71.0,4.0,41.4,1.0,1.0,0.0,0.69479090242113,0.5,1.0,0.5937417,0.40625829
259,74,5.0,0.0,1.0,3.0,0.0,1.0,2.0,4.0,28.0,0.0,76.0,0.15,0.0,95.0,1.0,1.0,71.0,4.0,3.12765957446809,0.0,13.0,0.0,0.69479090242113,0.5,1.0,0.635252,0.36474797
259,75,5.0,0.0,1.0,3.0,0.0,1.0,2.0,4.0,13.0,3.0,76.0,0.15,0.0,25.0,1.0,1.0,71.0,4.0,3.12765957446809,0.0,1.0,0.0,0.69479090242113,0.5,1.0,0.765932,0.23406796
259,76,5.0,0.0,1.0,3.0,0.0,1.0,2.0,4.0,13.0,15.0,76.0,0.15,0.0,95.0,1.0,1.0,71.0,4.0,3.12765957446809,0.0,1.0,0.0,1.1,0.5,1.0,0.70637697,0.29362303
259,77,5.0,0.0,1.0,3.0,0.0,1.0,2.0,4.0,13.0,2.0,76.0,0.15,0.0,95.0,5.0,1.0,71.0,8.0,3.12765957446809,0.0,1.0,0.0,0.69479090242113,0.5,1.0,0.6721907,0.32780927
259,78,5.0,0.0,1.0,3.0,36.0,1.0,2.0,4.0,13.0,38.0,76.0,2.04,0.0,95.0,1.0,1.0,71.0,4.0,14.1,0.0,1.0,0.0,0.69479090242113,0.5,1.0,0.54609483,0.45390517
259,79,5.0,0.0,1.0,3.0,0.0,1.0,2.0,4.0,38.0,3.0,76.0,0.15,0.0,95.0,1.0,1.0,71.0,4.0,3.12765957446809,0.0,9.0,0.0,0.69479090242113,0.5,1.0,0.635252,0.36474797
259,80,5.0,0.0,1.0,3.0,0.0,1.0,2.0,4.0,13.0,3.0,76.0,0.15,0.0,95.0,1.0,1.0,71.0,4.0,3.12765957446809,0.0,9.0,0.0,0.69479090242113,0.5,1.0,0.635252,0.36474797
259,81,5.0,0.0,1.0,3.0,0.0,1.0,2.0,4.0,0.0,7.0,76.0,0.15,0.0,95.0,8.0,1.0,71.0,4.0,3.12765957446809,0.0,1.0,0.0,0.69479090242113,0.5,1.0,0.8130901,0.18690991
259,82,5.0,0.0,1.0,3.0,0.0,1.0,2.0,5.0,13.0,12.0,76.0,0.15,0.0,95.0,1.0,1.0,71.0,4.0,29.7,0.0,1.0,0.0,0.69479090242113,0.5,1.0,0.7900951,0.20990491
259,83,5.0,0.0,1.0,3.0,0.0,1.0,2.0,4.0,13.0,4.0,76.0,0.15,0.0,95.0,1.0,1.0,71.0,4.0,3.12765957446809,0.0,1.0,0.0,0.69479090242113,0.5,1.0,0.596204,0.40379602
259,84,5.0,0.0,1.0,3.0,0.0,1.0,2.0,4.0,13.0,10.0,76.0,3.61,0.0,95.0,1.0,1.0,71.0,4.0,3.12765957446809,0.0,1.0,0.0,0.69479090242113,0.5,1.0,0.58982027,0.41017973
259,85,5.0,0.0,0.0,3.0,0.0,1.0,2.0,4.0,13.0,38.0,76.0,4.77,0.0,95.0,1.0,1.0,1.0,4.0,3.12765957446809,0.0,1.0,0.0,0.69479090242113,0.5,1.0,0.72101045,0.27898955
259,86,5.0,0.0,1.0,3.0,0.0,1.0,2.0,4.0,13.0,3.0,76.0,0.15,0.0,95.0,1.0,1.0,71.0,4.0,3.12765957446809,0.0,1.0,0.0,1.0,0.5,1.0,0.7784786,0.22152136
259,87,5.0,0.0,1.0,3.0,0.0,1.0,2.0,4.0,13.0,12.0,76.0,0.15,0.0,95.0,1.0,1.0,71.0,4.0,29.7,0.0,1.0,0.0,0.69479090242113,0.5,1.0,0.7900951,0.20990491
259,88,5.0,0.0,1.0,3.0,0.0,0.0,2.0,4.0,13.0,16.0,76.0,0.15,0.0,95.0,1.0,1.0,71.0,3.0,3.12765957446809,0.0,1.0,0.0,0.69479090242113,0.5,1.0,0.5446764,0.45532355
259,89,5.0,0.0,1.0,3.0,0.0,1.0,2.0,4.0,13.0,10.0,76.0,3.61,0.0,95.0,1.0,1.0,71.0,2.0,3.12765957446809,0.0,1.0,0.0,0.69479090242113,0.5,1.0,0.6885081,0.3114919
259,90,5.0,0.0,1.0,3.0,0.0,1.0,2.0,12.0,13.0,17.0,76.0,0.15,0.0,95.0,1.0,1.0,71.0,4.0,3.12765957446809,0.0,1.0,0.0,0.69479090242113,0.5,1.0,0.51525855,0.48474145
259,91,5.0,0.0,1.0,3.0,0.0,1.0,2.0,4.0,13.0,18.0,76.0,0.15,0.0,95.0,1.0,1.0,71.0,0.0,3.12765957446809,0.0,1.0,3.0,0.69479090242113,0.5,1.0,0.58762753,0.41237247
259,92,5.0,0.0,1.0,3.0,0.0,1.0,2.0,4.0,13.0,8.0,47.0,0.15,0.0,95.0,1.0,1.0,71.0,4.0,21.3,0.0,1.0,0.0,0.69479090242113,0.5,1.0,0.90944016,0.09055983
259,93,5.0,0.0,1.0,3.0,0.0,1.0,2.0,4.0,13.0,12.0,76.0,0.15,0.0,95.0,1.0,1.0,6.0,4.0,3.12765957446809,0.0,1.0,0.0,0.69479090242113,0.5,1.0,0.5180236,0.4819764
259,94,5.0,0.0,1.0,3.0,0.0,1.0,2.0,4.0,13.0,3.0,76.0,0.15,0.0,95.0,1.0,1.0,71.0,4.0,3.12765957446809,11.0,1.0,0.0,0.69479090242113,0.5,1.0,0.5620725,0.43792745
259,95,5.0,0.0,1.0,64.0,0.0,1.0,2.0,4.0,13.0,0.0,76.0,0.15,0.0,95.0,1.0,2.0,71.0,4.0,3.12765957446809,0.0,1.0,0.0,0.69479090242113,0.5,1.0,0.6066384,0.39336163
259,96,5.0,0.0,1.0,3.0,0.0,0.0,2.0,4.0,13.0,2.0,76.0,0.15,0.0,95.0,1.0,1.0,71.0,4.0,3.12765957446809,0.0,1.0,0.0,0.69479090242113,0.5,1.0,0.7367488,0.26325122
259,97,5.0,0.0,1.0,3.0,0.0,1.0,2.0,4.0,13.0,1.0,76.0,0.15,0.0,95.0,1.0,1.0,71.0,4.0,3.12765957446809,0.0,1.0,0.0,0.69479090242113,0.5,1.0,0.596204,0.40379602
259,98,14.0,0.0,1.0,3.0,0.0,1.0,2.0,4.0,13.0,4.0,76.0,0.15,0.0,95.0,1.0,1.0,71.0,4.0,3.12765957446809,0.0,1.0,0.0,0.69479090242113,0.5,1.0,0.596204,0.40379602
259,99,17.0,0.0,1.0,3.0,0.0,1.0,2.0,4.0,13.0,1.0,76.0,0.15,0.0,95.0,1.0,1.0,71.0,9.0,3.12765957446809,0.0,1.0,0.0,0.69479090242113,0.5,1.0,0.57092416,0.42907587
409,0,4.0,6.0,1.0,17.0,0.0,0.0,2.0,3.0,3.0,19.0,44.0,4.75,0.0,94.0,8.0,1.0,13.0,2.0,4.6140350877193,0.0,1.0,0.0,0.755614266842801,0.5,1.0,0.6825367,0.31746325
409,1,4.0,6.0,1.0,17.0,0.0,0.0,2.0,3.0,3.0,19.0,44.0,2.01,0.0,94.0,1.0,1.0,13.0,2.0,4.6140350877193,0.0,1.0,0.0,0.5,0.5,1.0,0.51865673,0.48134327
409,2,4.0,6.0,1.0,17.0,0.0,0.0,2.0,3.0,3.0,19.0,44.0,2.23,0.0,94.0,1.0,1.0,13.0,2.0,4.6140350877193,0.0,4.0,0.0,0.755614266842801,0.5,1.0,0.5449196,0.45508036
409,3,4.0,6.0,1.0,17.0,0.0,0.0,2.0,3.0,3.0,19.0,44.0,0.09,0.0,94.0,1.0,1.0,13.0,2.0,4.6140350877193,0.0,12.0,0.0,1.0,0.5,1.0,0.6939838,0.30601624
409,4,4.0,6.0,1.0,17.0,0.0,0.0,2.0,3.0,3.0,19.0,44.0,0.09,0.0,94.0,1.0,1.0,13.0,2.0,4.6140350877193,0.0,1.0,2.0,1.0,0.5,1.0,0.57442516,0.42557484
409,5,4.0,6.0,1.0,17.0,0.0,0.0,2.0,3.0,3.0,19.0,44.0,0.09,0.0,94.0,1.0,1.0,0.0,2.0,4.6140350877193,0.0,1.0,0.0,0.755614266842801,0.1,1.0,0.7515751,0.24842486
409,6,4.0,6.0,1.0,17.0,0.0,0.0,2.0,3.0,3.0,19.0,1.0,0.09,0.0,94.0,1.0,1.0,13.0,2.0,4.6140350877193,0.0,1.0,0.0,0.755614266842801,1.1,1.0,0.537084,0.462916
409,7,4.0,6.0,1.0,17.0,0.0,0.0,2.0,3.0,3.0,19.0,44.0,0.09,0.0,94.0,1.0,9.0,13.0,2.0,4.6140350877193,0.0,1.0,0.0,0.755614266842801,0.0,1.0,0.5266095,0.47339052
409,8,4.0,6.0,1.0,17.0,0.0,0.0,2.0,3.0,3.0,19.0,44.0,6.6,0.0,94.0,6.0,1.0,13.0,2.0,4.6140350877193,0.0,1.0,0.0,0.755614266842801,0.5,1.0,0.6825367,0.31746325
409,9,4.0,6.0,1.0,17.0,0.0,0.0,2.0,3.0,3.0,19.0,44.0,0.09,0.0,94.0,1.0,1.0,7.0,2.0,4.6140350877193,0.0,13.0,0.0,0.755614266842801,0.5,1.0,0.55741906,0.44258097
409,10,4.0,6.0,1.0,17.0,0.0,8.0,2.0,3.0,3.0,19.0,44.0,0.09,0.0,94.0,1.0,1.0,13.0,2.0,4.6140350877193,0.0,1.0,0.0,1.0,0.5,1.0,0.5219238,0.4780762
409,11,4.0,6.0,1.0,17.0,0.0,0.0,2.0,3.0,3.0,19.0,44.0,4.09,0.0,94.0,1.0,1.0,4.0,2.0,4.6140350877193,0.0,1.0,0.0,0.755614266842801,0.5,1.0,0.88930875,0.11069127
409,12,3.0,6.0,1.0,17.0,0.0,0.0,2.0,3.0,3.0,19.0,44.0,0.09,0.0,94.0,1.0,1.0,13.0,2.0,4.6140350877193,0.0,1.0,0.0,1.0,0.5,1.0,0.52499187,0.47500816
409,13,4.0,6.0,1.0,17.0,0.0,0.0,2.0,3.0,3.0,19.0,44.0,0.09,1.0,94.0,1.0,1.0,4.0,2.0,4.6140350877193,0.0,1.0,0.0,0.755614266842801,0.5,1.0,0.52683175,0.47316825
409,14,4.0,6.0,1.0,17.0,0.0,0.0,2.0,3.0,3.0,10.0,44.0,0.09,0.0,94.0,1.0,1.0,13.0,2.0,4.6140350877193,0.0,1.0,0.0,0.755614266842801,1.1,1.0,0.5151021,0.4848979
409,15,4.0,6.0,1.0,17.0,0.0,0.0,6.0,3.0,3.0,19.0,3.0,0.09,0.0,94.0,1.0,1.0,13.0,2.0,4.6140350877193,0.0,1.0,0.0,0.755614266842801,0.5,1.0,0.51478153,0.48521847
409,16,4.0,6.0,1.0,17.0,0.0,0.0,2.0,3.0,2.0,19.0,44.0,1.86,0.0,94.0,1.0,1.0,13.0,2.0,4.6140350877193,0.0,1.0,0.0,0.755614266842801,0.5,1.0,0.52820647,0.47179353
409,17,4.0,6.0,1.0,17.0,0.0,0.0,2.0,3.0,1.0,19.0,44.0,6.88,0.0,94.0,1.0,1.0,13.0,2.0,4.6140350877193,0.0,1.0,0.0,0.755614266842801,0.5,1.0,0.57200146,0.4279985
409,18,4.0,6.0,1.0,17.0,0.0,0.0,2.0,3.0,3.0,19.0,44.0,5.36,0.0,94.0,1.0,1.0,13.0,2.0,37.5,0.0,1.0,0.0,0.755614266842801,0.5,1.0,0.5414022,0.45859778
409,19,4.0,6.0,1.0,17.0,0.0,0.0,2.0,3.0,3.0,19.0,44.0,0.09,14.0,94.0,1.0,1.0,7.0,2.0,4.6140350877193,0.0,1.0,0.0,0.755614266842801,0.5,1.0,0.59084463,0.40915537
409,20,4.0,6.0,1.0,17.0,0.0,0.0,2.0,3.0,3.0,19.0,44.0,0.09,0.0,94.0,5.0,1.0,13.0,2.0,4.6140350877193,0.0,1.0,0.0,0.755614266842801,0.2,1.0,0.5869106,0.4130894
409,21,4.0,6.0,1.0,17.0,0.0,0.0,2.0,3.0,21.0,19.0,44.0,0.09,0.0,94.0,1.0,1.0,13.0,2.0,4.6140350877193,0.0,1.0,0.0,1.0,0.5,1.0,0.6502991,0.3497009
409,22,4.0,6.0,1.0,17.0,0.0,0.0,2.0,3.0,3.0,19.0,44.0,0.09,3.0,94.0,1.0,1.0,13.0,2.0,39.3,0.0,1.0,0.0,0.755614266842801,0.5,1.0,0.5452597,0.45474026
409,23,4.0,6.0,1.0,17.0,0.0,9.0,2.0,3.0,3.0,19.0,44.0,0.09,0.0,94.0,1.0,1.0,13.0,2.0,47.7,0.0,1.0,0.0,0.755614266842801,0.5,1.0,0.50962454,0.49037546
409,24,4.0,6.0,1.0,17.0,0.0,0.0,2.0,3.0,3.0,19.0,8.0,0.09,0.0,94.0,1.0,1.0,13.0,2.0,4.6140350877193,0.0,1.0,0.0,0.755614266842801,0.5,1.0,0.53301597,0.46698403
409,25,4.0,6.0,1.0,17.0,0.0,0.0,2.0,3.0,3.0,19.0,0.0,0.09,0.0,94.0,1.0,1.0,27.0,2.0,4.6140350877193,0.0,1.0,0.0,0.755614266842801,0.5,1.0,0.73852795,0.26147205
409,26,4.0,6.0,1.0,17.0,0.0,0.0,2.0,3.0,3.0,19.0,44.0,0.09,0.0,94.0,1.0,1.0,2.0,2.0,4.6140350877193,0.0,1.0,0.0,0.755614266842801,0.5,1.0,0.56028396,0.43971604
409,27,4.0,6.0,1.0,17.0,0.0,0.0,2.0,3.0,3.0,10.0,44.0,0.09,0.0,94.0,1.0,1.0,13.0,2.0,40.0,0.0,1.0,0.0,0.755614266842801,0.5,1.0,0.72350025,0.27649978
409,28,4.0,6.0,1.0,12.0,0.0,0.0,2.0,3.0,3.0,19.0,0.0,0.09,0.0,94.0,1.0,1.0,13.0,2.0,4.6140350877193,0.0,1.0,0.0,0.755614266842801,0.5,1.0,0.6905469,0.30945316
409,29,4.0,6.0,1.0,96.0,0.0,0.0,2.0,3.0,3.0,19.0,44.0,0.09,0.0,94.0,1.0,1.0,13.0,2.0,4.6140350877193,0.0,1.0,0.0,1.1,0.5,1.0,0.52499187,0.47500816
409,30,4.0,6.0,1.0,17.0,0.0,0.0,2.0,3.0,3.0,19.0,44.0,6.8,0.0,94.0,1.0,34.0,13.0,2.0,4.6140350877193,0.0,1.0,0.0,0.755614266842801,0.5,1.0,0.5396142,0.46038577
409,31,4.0,6.0,1.0,17.0,0.0,17.0,2.0,3.0,3.0,19.0,44.0,0.09,0.0,94.0,1.0,1.0,13.0,2.0,23.1,0.0,1.0,0.0,0.755614266842801,0.5,1.0,0.50962454,0.49037546
409,32,4.0,6.0,1.0,17.0,0.0,13.0,2.0,3.0,3.0,19.0,44.0,0.09,0.0,94.0,1.0,1.0,13.0,2.0,8.9,0.0,1.0,0.0,0.755614266842801,0.5,1.0,0.50962454,0.49037546
409,33,4.0,6.0,1.0,17.0,0.0,0.0,2.0,3.0,3.0,19.0,44.0,0.09,0.0,94.0,1.0,1.0,13.0,2.0,4.6140350877193,0.0,1.0,0.0,0.5,0.2,1.0,0.6888424,0.31115758
409,34,4.0,6.0,1.0,17.0,0.0,12.0,2.0,3.0,3.0,19.0,44.0,0.09,0.0,94.0,1.0,1.0,13.0,2.0,23.9,0.0,1.0,0.0,0.755614266842801,0.5,1.0,0.50962454,0.49037546
409,35,4.0,6.0,1.0,17.0,0.0,0.0,2.0,3.0,3.0,19.0,44.0,0.09,0.0,94.0,7.0,1.0,3.0,2.0,4.6140350877193,0.0,1.0,0.0,0.755614266842801,0.5,1.0,0.72353923,0.27646077
409,36,4.0,6.0,1.0,17.0,0.0,0.0,2.0,3.0,3.0,19.0,44.0,2.2,0.0,94.0,1.0,1.0,13.0,2.0,4.6140350877193,0.0,8.0,0.0,0.755614266842801,0.5,1.0,0.5449196,0.45508036
409,37,4.0,6.0,1.0,17.0,0.0,0.0,2.0,3.0,3.0,19.0,2.0,0.09,0.0,94.0,1.0,1.0,13.0,2.0,4.6140350877193,0.0,1.0,0.0,0.4,0.5,1.0,0.5322834,0.46771657
409,38,4.0,6.0,1.0,17.0,0.0,0.0,2.0,3.0,3.0,19.0,44.0,0.09,0.0,94.0,1.0,1.0,13.0,2.0,1.5,0.0,1.0,0.0,0.755614266842801,0.0,1.0,0.7857669,0.21423312
409,39,4.0,6.0,1.0,17.0,0.0,0.0,2.0,3.0,3.0,19.0,44.0,0.09,0.0,94.0,1.0,1.0,7.0,2.0,4.6140350877193,0.0,1.0,0.0,0.5,0.5,1.0,0.51951754,0.48048246
409,40,4.0,6.0,1.0,17.0,0.0,0.0,2.0,3.0,3.0,19.0,44.0,0.09,6.0,94.0,1.0,1.0,13.0,2.0,4.6140350877193,0.0,1.0,0.0,1.0,0.5,1.0,0.6702535,0.3297465
409,41,4.0,34.0,1.0,17.0,0.0,0.0,2.0,3.0,3.0,19.0,3.0,0.09,0.0,94.0,1.0,1.0,13.0,2.0,4.6140350877193,0.0,1.0,0.0,0.755614266842801,0.5,1.0,0.5977389,0.40226108
409,42,4.0,6.0,1.0,17.0,0.0,9.0,2.0,3.0,3.0,19.0,44.0,0.09,0.0,94.0,1.0,1.0,13.0,2.0,29.3,0.0,1.0,0.0,0.755614266842801,0.5,1.0,0.50962454,0.49037546
409,43,4.0,6.0,1.0,17.0,0.0,0.0,2.0,3.0,3.0,19.0,44.0,0.09,0.0,94.0,7.0,1.0,13.0,2.0,18.1,0.0,1.0,0.0,0.755614266842801,0.5,1.0,0.51490927,0.48509073
409,44,4.0,6.0,1.0,17.0,0.0,4.0,2.0,3.0,3.0,19.0,44.0,0.09,0.0,94.0,1.0,1.0,13.0,2.0,29.0,0.0,1.0,0.0,0.755614266842801,0.5,1.0,0.50962454,0.49037546
409,45,4.0,6.0,1.0,17.0,0.0,0.0,2.0,3.0,3.0,19.0,44.0,2.82,0.0,94.0,5.0,1.0,13.0,2.0,4.6140350877193,0.0,1.0,0.0,0.755614266842801,0.5,1.0,0.503718,0.49628195
409,46,4.0,6.0,1.0,17.0,0.0,0.0,2.0,3.0,3.0,19.0,44.0,0.09,4.0,94.0,1.0,1.0,13.0,2.0,36.2,0.0,1.0,0.0,0.755614266842801,0.5,1.0,0.5452597,0.45474026
409,47,4.0,6.0,1.0,17.0,0.0,0.0,2.0,3.0,3.0,19.0,44.0,3.25,0.0,94.0,1.0,1.0,13.0,2.0,4.6140350877193,0.0,1.0,0.0,0.6,0.5,1.0,0.5257897,0.47421032
409,48,4.0,6.0,1.0,17.0,0.0,0.0,2.0,3.0,3.0,19.0,44.0,0.09,0.0,94.0,1.0,1.0,13.0,2.0,4.6140350877193,0.0,1.0,0.0,0.4,0.2,1.0,0.66050214,0.33949786
409,49,4.0,6.0,1.0,17.0,0.0,0.0,2.0,3.0,3.0,19.0,10.0,0.09,0.0,94.0,7.0,1.0,13.0,2.0,4.6140350877193,0.0,1.0,0.0,0.755614266842801,0.5,1.0,0.80272645,0.19727355
409,50,4.0,6.0,1.0,17.0,0.0,0.0,2.0,3.0,3.0,19.0,44.0,5.88,0.0,94.0,1.0,1.0,13.0,2.0,4.6140350877193,0.0,1.0,0.0,0.9,0.5,1.0,0.70631444,0.29368556
409,51,4.0,6.0,1.0,17.0,0.0,0.0,2.0,3.0,3.0,19.0,44.0,0.09,0.0,94.0,1.0,1.0,2.0,2.0,4.6140350877193,0.0,1.0,0.0,0.755614266842801,0.5,3.0,0.6717998,0.3282002
409,52,4.0,6.0,1.0,17.0,0.0,0.0,2.0,3.0,3.0,8.0,44.0,0.09,0.0,94.0,1.0,1.0,13.0,2.0,21.3,0.0,1.0,0.0,0.755614266842801,0.5,1.0,0.731169,0.268831
409,53,4.0,6.0,1.0,17.0,0.0,0.0,2.0,3.0,25.0,19.0,44.0,0.09,0.0,94.0,1.0,1.0,13.0,2.0,4.6140350877193,0.0,1.0,0.0,1.0,0.5,1.0,0.6502991,0.3497009
409,54,4.0,6.0,1.0,17.0,0.0,0.0,2.0,3.0,3.0,19.0,44.0,0.09,0.0,94.0,1.0,1.0,13.0,2.0,4.6140350877193,0.0,1.0,0.0,1.0,0.5,1.0,0.52499187,0.47500816
409,55,4.0,6.0,1.0,17.0,0.0,0.0,2.0,3.0,3.0,19.0,2.0,0.09,0.0,94.0,1.0,1.0,13.0,2.0,4.6140350877193,0.0,1.0,0.0,0.755614266842801,0.5,1.0,0.62757516,0.3724248
409,56,4.0,6.0,1.0,17.0,0.0,0.0,2.0,3.0,3.0,19.0,44.0,0.09,0.0,94.0,1.0,1.0,13.0,2.0,4.6140350877193,0.0,1.0,1.0,1.0,0.5,1.0,0.57442516,0.42557484
409,57,12.0,6.0,1.0,17.0,0.0,0.0,2.0,3.0,3.0,19.0,44.0,0.09,0.0,94.0,1.0,1.0,13.0,2.0,4.6140350877193,0.0,1.0,0.0,1.0,0.5,1.0,0.52499187,0.47500816
409,58,4.0,6.0,1.0,17.0,0.0,0.0,2.0,3.0,3.0,12.0,44.0,0.09,0.0,94.0,1.0,1.0,6.0,2.0,4.6140350877193,0.0,1.0,0.0,0.755614266842801,0.5,1.0,0.7181503,0.28184968
409,59,4.0,6.0,1.0,17.0,0.0,0.0,2.0,3.0,19.0,19.0,44.0,0.09,0.0,94.0,1.0,1.0,13.0,2.0,4.6140350877193,0.0,1.0,0.0,1.1,0.5,1.0,0.6502991,0.3497009
409,60,4.0,6.0,1.0,17.0,0.0,0.0,2.0,3.0,3.0,19.0,44.0,0.09,0.0,94.0,1.0,1.0,13.0,2.0,4.6140350877193,0.0,1.0,0.0,1.0,0.5,2.0,0.5187149,0.48128513
409,61,4.0,6.0,1.0,17.0,0.0,0.0,2.0,3.0,3.0,19.0,44.0,6.93,0.0,94.0,1.0,1.0,13.0,2.0,48.5,0.0,1.0,0.0,0.755614266842801,0.5,1.0,0.5414022,0.45859778
409,62,4.0,6.0,1.0,17.0,0.0,0.0,2.0,3.0,3.0,19.0,44.0,6.9,5.0,94.0,1.0,1.0,13.0,2.0,4.6140350877193,0.0,1.0,0.0,0.755614266842801,0.5,1.0,0.55566156,0.4443384
409,63,4.0,6.0,1.0,17.0,0.0,0.0,2.0,3.0,3.0,19.0,44.0,4.21,0.0,94.0,1.0,1.0,13.0,2.0,29.4,0.0,1.0,0.0,0.755614266842801,0.5,1.0,0.5414022,0.45859778
409,64,4.0,25.0,1.0,17.0,0.0,0.0,2.0,3.0,3.0,19.0,44.0,0.09,0.0,94.0,1.0,1.0,1.0,2.0,4.6140350877193,0.0,1.0,0.0,0.755614266842801,0.5,1.0,0.56028396,0.43971604
409,65,4.0,6.0,1.0,17.0,0.0,0.0,2.0,3.0,3.0,19.0,44.0,6.12,0.0,94.0,1.0,44.0,13.0,2.0,4.6140350877193,0.0,1.0,0.0,0.755614266842801,0.5,1.0,0.5396142,0.46038577
409,66,4.0,6.0,1.0,17.0,0.0,0.0,2.0,3.0,3.0,19.0,44.0,0.09,0.0,94.0,1.0,1.0,8.0,2.0,12.6,0.0,1.0,0.0,0.755614266842801,0.5,1.0,0.81122935,0.18877067
409,67,4.0,6.0,1.0,17.0,0.0,0.0,2.0,3.0,3.0,19.0,44.0,5.4,0.0,94.0,1.0,25.0,13.0,2.0,4.6140350877193,0.0,1.0,0.0,0.755614266842801,0.5,1.0,0.5396142,0.46038577
409,68,4.0,0.0,1.0,17.0,0.0,0.0,2.0,3.0,3.0,19.0,44.0,0.09,0.0,94.0,8.0,1.0,13.0,2.0,4.6140350877193,0.0,1.0,0.0,0.755614266842801,0.5,1.0,0.69032717,0.3096728
409,69,4.0,6.0,1.0,17.0,0.0,0.0,2.0,3.0,3.0,19.0,44.0,3.75,0.0,94.0,3.0,1.0,13.0,2.0,4.6140350877193,0.0,1.0,0.0,0.755614266842801,0.5,1.0,0.5626548,0.4373452
409,70,4.0,6.0,1.0,17.0,0.0,0.0,2.0,3.0,17.0,19.0,44.0,0.09,0.0,94.0,1.0,1.0,13.0,2.0,4.6140350877193,0.0,1.0,0.0,1.1,0.5,1.0,0.6502991,0.3497009
409,71,4.0,6.0,1.0,17.0,0.0,0.0,2.0,3.0,3.0,15.0,44.0,0.09,0.0,94.0,5.0,1.0,13.0,2.0,4.6140350877193,0.0,1.0,0.0,0.755614266842801,0.5,1.0,0.56832665,0.43167335
409,72,4.0,6.0,1.0,17.0,0.0,0.0,2.0,3.0,3.0,3.0,44.0,0.09,0.0,94.0,1.0,1.0,13.0,2.0,4.6140350877193,0.0,9.0,0.0,0.755614266842801,0.5,1.0,0.51460505,0.48539498
409,73,4.0,6.0,1.0,17.0,0.0,0.0,2.0,3.0,3.0,19.0,44.0,0.09,0.0,53.0,1.0,1.0,9.0,2.0,4.6140350877193,0.0,1.0,0.0,0.755614266842801,0.5,1.0,0.607324,0.39267597
409,74,4.0,6.0,1.0,17.0,0.0,0.0,2.0,3.0,3.0,19.0,44.0,0.09,0.0,94.0,1.0,45.0,13.0,2.0,4.6140350877193,0.0,1.0,0.0,1.0,0.5,1.0,0.66890997,0.33109003
409,75,4.0,6.0,1.0,17.0,0.0,0.0,2.0,3.0,3.0,19.0,44.0,2.51,0.0,94.0,7.0,1.0,13.0,2.0,4.6140350877193,0.0,1.0,0.0,0.755614266842801,0.5,1.0,0.503718,0.49628195
409,76,4.0,6.0,1.0,17.0,0.0,0.0,2.0,3.0,3.0,19.0,44.0,6.4,0.0,94.0,1.0,1.0,13.0,2.0,4.6140350877193,0.0,1.0,0.0,1.0,0.5,1.0,0.8042144,0.1957856
409,77,4.0,6.0,1.0,17.0,0.0,0.0,2.0,3.0,3.0,19.0,44.0,4.16,0.0,94.0,1.0,1.0,13.0,2.0,29.0,0.0,1.0,0.0,0.755614266842801,0.5,1.0,0.5414022,0.45859778
409,78,4.0,6.0,1.0,17.0,0.0,0.0,2.0,3.0,3.0,3.0,44.0,0.09,0.0,94.0,1.0,1.0,13.0,2.0,4.6140350877193,0.0,1.0,0.0,1.0,0.5,1.0,0.83539003,0.16460995
409,79,4.0,6.0,1.0,17.0,0.0,0.0,2.0,3.0,3.0,19.0,14.0,0.09,2.0,94.0,1.0,1.0,13.0,2.0,4.6140350877193,0.0,1.0,0.0,0.755614266842801,0.5,1.0,0.5643152,0.4356848
409,80,4.0,6.0,1.0,17.0,0.0,0.0,2.0,3.0,3.0,19.0,44.0,0.09,0.0,94.0,1.0,1.0,13.0,2.0,46.0,0.0,1.0,0.0,1.0,0.5,1.0,0.6178444,0.3821556
409,81,4.0,6.0,1.0,17.0,0.0,0.0,2.0,3.0,3.0,19.0,44.0,0.09,0.0,94.0,0.0,1.0,13.0,2.0,4.6140350877193,0.0,1.0,0.0,1.1,0.5,1.0,0.52499187,0.47500816
409,82,4.0,6.0,1.0,17.0,0.0,0.0,2.0,3.0,3.0,19.0,1.0,0.09,0.0,94.0,3.0,1.0,13.0,2.0,4.6140350877193,0.0,1.0,0.0,0.755614266842801,0.5,1.0,0.7699448,0.23005521
409,83,4.0,6.0,1.0,17.0,0.0,0.0,2.0,3.0,0.0,19.0,44.0,0.09,0.0,94.0,1.0,1.0,13.0,2.0,15.0,0.0,1.0,0.0,0.755614266842801,0.5,1.0,0.54451096,0.45548907
409,84,4.0,6.0,1.0,17.0,0.0,0.0,2.0,3.0,3.0,19.0,44.0,6.72,0.0,94.0,1.0,1.0,13.0,2.0,47.1,0.0,1.0,0.0,0.755614266842801,0.5,1.0,0.5414022,0.45859778
409,85,4.0,6.0,1.0,17.0,0.0,0.0,2.0,3.0,3.0,19.0,44.0,0.09,0.0,94.0,1.0,27.0,13.0,2.0,4.6140350877193,0.0,1.0,0.0,0.755614266842801,0.4,1.0,0.5266095,0.47339052
409,86,4.0,6.0,1.0,17.0,0.0,0.0,2.0,3.0,3.0,19.0,44.0,6.6,0.0,94.0,1.0,1.0,13.0,2.0,4.6140350877193,0.0,30.0,0.0,0.755614266842801,0.5,1.0,0.52520776,0.4747922
409,87,4.0,6.0,1.0,17.0,0.0,0.0,2.0,3.0,3.0,19.0,2.0,0.09,0.0,94.0,1.0,1.0,13.0,2.0,4.6140350877193,0.0,8.0,0.0,0.755614266842801,0.5,1.0,0.6718081,0.32819188
409,88,4.0,6.0,1.0,17.0,0.0,0.0,2.0,3.0,3.0,19.0,44.0,1.37,0.0,94.0,1.0,1.0,13.0,2.0,4.6140350877193,0.0,1.0,0.0,0.755614266842801,0.2,1.0,0.6059727,0.3940273
409,89,4.0,6.0,1.0,17.0,0.0,0.0,2.0,3.0,3.0,19.0,44.0,7.23,0.0,94.0,3.0,1.0,13.0,2.0,4.6140350877193,0.0,1.0,0.0,0.755614266842801,0.5,1.0,0.5626548,0.4373452
409,90,4.0,6.0,1.0,17.0,0.0,0.0,2.0,3.0,3.0,19.0,44.0,0.09,0.0,94.0,1.0,1.0,4.0,2.0,4.6140350877193,0.0,1.0,3.0,0.755614266842801,0.5,1.0,0.57622814,0.42377186
409,91,4.0,6.0,1.0,17.0,0.0,0.0,2.0,3.0,3.0,2.0,44.0,0.09,0.0,94.0,1.0,48.0,13.0,2.0,4.6140350877193,0.0,1.0,0.0,0.755614266842801,0.5,1.0,0.5342618,0.46573815
409,92,4.0,6.0,1.0,17.0,0.0,13.0,2.0,3.0,3.0,19.0,44.0,0.09,0.0,94.0,1.0,1.0,5.0,2.0,4.6140350877193,0.0,1.0,0.0,0.755614266842801,0.5,1.0,0.5126683,0.4873317
409,93,4.0,6.0,1.0,17.0,0.0,0.0,2.0,3.0,3.0,19.0,44.0,5.92,0.0,94.0,1.0,1.0,13.0,2.0,41.4,0.0,1.0,0.0,0.755614266842801,0.5,1.0,0.5414022,0.45859778
409,94,4.0,6.0,1.0,17.0,0.0,0.0,2.0,3.0,3.0,19.0,9.0,0.09,0.0,94.0,1.0,1.0,13.0,2.0,4.6140350877193,0.0,1.0,0.0,0.755614266842801,0.5,3.0,0.5348096,0.46519044
409,95,4.0,6.0,1.0,17.0,0.0,0.0,2.0,3.0,3.0,19.0,44.0,6.58,0.0,94.0,1.0,1.0,13.0,2.0,4.6140350877193,0.0,1.0,0.0,1.0,0.5,1.0,0.8042144,0.1957856
409,96,4.0,0.0,1.0,17.0,0.0,0.0,2.0,3.0,3.0,19.0,44.0,6.52,0.0,94.0,1.0,1.0,13.0,2.0,4.6140350877193,0.0,1.0,0.0,0.755614266842801,0.5,1.0,0.79676616,0.20323387
409,97,4.0,6.0,1.0,17.0,0.0,0.0,2.0,3.0,3.0,14.0,44.0,0.09,0.0,94.0,1.0,1.0,13.0,2.0,43.1,0.0,1.0,0.0,0.755614266842801,0.5,1.0,0.6903198,0.30968022
409,98,4.0,6.0,1.0,17.0,0.0,0.0,2.0,3.0,3.0,19.0,3.0,0.09,0.0,94.0,1.0,1.0,13.0,2.0,4.6140350877193,0.0,1.0,0.0,0.755614266842801,0.5,1.0,0.5977389,0.40226108
409,99,4.0,6.0,1.0,17.0,0.0,0.0,2.0,3.0,3.0,19.0,1.0,0.09,0.0,94.0,1.0,1.0,13.0,2.0,4.6140350877193,0.0,1.0,0.0,0.755614266842801,0.5,1.0,0.6905469,0.30945316
445,0,11.0,10.0,1.0,8.0,2.0,1.0,2.0,1.0,0.0,26.0,30.0,3.18,12.0,92.0,1.0,0.0,10.0,3.0,4.6078431372549,0.0,1.0,0.0,0.784440842787682,0.0,0.0,0.5214305,0.47856954
445,1,11.0,10.0,1.0,8.0,2.0,1.0,2.0,1.0,0.0,26.0,30.0,3.1,0.0,92.0,1.0,0.0,10.0,3.0,4.6078431372549,0.0,22.0,0.0,0.784440842787682,0.0,0.0,0.58003545,0.41996458
445,2,11.0,10.0,1.0,8.0,2.0,1.0,2.0,1.0,0.0,26.0,30.0,1.32,0.0,92.0,1.0,0.0,10.0,3.0,4.6078431372549,0.0,2.0,0.0,0.784440842787682,0.0,0.0,0.52300143,0.4769986
445,3,11.0,10.0,1.0,8.0,2.0,1.0,2.0,1.0,0.0,26.0,30.0,5.92,0.0,92.0,1.0,0.0,10.0,3.0,41.4,0.0,1.0,0.0,0.784440842787682,0.0,0.0,0.7258841,0.27411592
445,4,11.0,10.0,1.0,8.0,2.0,1.0,2.0,1.0,0.0,26.0,30.0,0.18,0.0,92.0,1.0,0.0,8.0,3.0,12.6,0.0,1.0,0.0,0.784440842787682,0.0,0.0,0.5709785,0.4290215
445,5,11.0,10.0,1.0,8.0,2.0,1.0,2.0,1.0,0.0,26.0,30.0,2.09,7.0,92.0,1.0,0.0,10.0,3.0,4.6078431372549,0.0,1.0,0.0,0.784440842787682,0.0,0.0,0.5439595,0.4560405
445,6,11.0,10.0,1.0,8.0,2.0,1.0,2.0,1.0,0.0,26.0,30.0,4.09,0.0,92.0,1.0,0.0,4.0,3.0,4.6078431372549,0.0,1.0,0.0,0.784440842787682,0.0,0.0,0.66907465,0.33092538
445,7,11.0,10.0,1.0,8.0,2.0,1.0,2.0,1.0,0.0,26.0,30.0,0.18,0.0,92.0,1.0,0.0,10.0,1.0,34.9,0.0,1.0,0.0,0.784440842787682,0.0,0.0,0.5401765,0.4598235
445,8,11.0,10.0,1.0,8.0,2.0,1.0,2.0,14.0,0.0,26.0,30.0,0.18,0.0,92.0,1.0,0.0,10.0,3.0,25.1,0.0,1.0,0.0,0.784440842787682,0.0,0.0,0.506666,0.493334
445,9,11.0,10.0,1.0,8.0,2.0,1.0,2.0,13.0,0.0,26.0,30.0,0.18,0.0,92.0,1.0,0.0,10.0,3.0,4.6078431372549,0.0,1.0,0.0,1.0,0.0,0.0,0.7486669,0.25133312
445,10,11.0,10.0,1.0,8.0,2.0,1.0,2.0,1.0,0.0,26.0,30.0,6.6,0.0,92.0,1.0,0.0,10.0,3.0,4.6078431372549,0.0,30.0,0.0,0.784440842787682,0.0,0.0,0.58003545,0.41996458
445,11,11.0,10.0,1.0,8.0,2.0,1.0,2.0,1.0,0.0,26.0,30.0,0.18,0.0,92.0,1.0,45.0,10.0,3.0,4.6078431372549,0.0,1.0,0.0,1.0,0.0,0.0,0.7980884,0.20191161
445,12,11.0,10.0,1.0,8.0,2.0,1.0,2.0,7.0,0.0,26.0,30.0,0.18,0.0,92.0,1.0,0.0,10.0,3.0,17.4,0.0,1.0,0.0,0.784440842787682,0.0,0.0,0.506666,0.493334
445,13,11.0,10.0,1.0,8.0,2.0,1.0,2.0,1.0,0.0,26.0,30.0,0.18,0.0,92.0,1.0,0.0,10.0,1.0,21.2,0.0,1.0,0.0,0.784440842787682,0.0,0.0,0.5401765,0.4598235
445,14,11.0,10.0,1.0,8.0,2.0,1.0,2.0,1.0,0.0,26.0,30.0,2.01,0.0,92.0,1.0,0.0,10.0,3.0,4.6078431372549,0.0,1.0,0.0,0.5,0.0,0.0,0.7167098,0.2832902
445,15,11.0,10.0,1.0,8.0,2.0,1.0,2.0,1.0,0.0,26.0,30.0,1.68,0.0,92.0,5.0,0.0,10.0,3.0,4.6078431372549,0.0,1.0,0.0,0.784440842787682,0.0,0.0,0.78841305,0.21158692
445,16,11.0,10.0,1.0,8.0,2.0,1.0,2.0,1.0,0.0,26.0,30.0,2.62,0.0,92.0,1.0,51.0,10.0,3.0,4.6078431372549,0.0,1.0,0.0,0.784440842787682,0.0,0.0,0.516681,0.48331898
445,17,11.0,2.0,1.0,8.0,2.0,1.0,2.0,1.0,0.0,26.0,30.0,7.13,0.0,92.0,1.0,0.0,10.0,3.0,4.6078431372549,0.0,1.0,0.0,0.784440842787682,0.0,0.0,0.5090107,0.49098936
445,18,11.0,10.0,1.0,8.0,2.0,1.0,2.0,1.0,0.0,26.0,30.0,7.33,0.0,92.0,1.0,0.0,10.0,3.0,4.6078431372549,0.0,6.0,0.0,0.784440842787682,0.0,0.0,0.58003545,0.41996458
445,19,11.0,10.0,1.0,8.0,2.0,1.0,2.0,1.0,0.0,26.0,30.0,0.18,0.0,92.0,1.0,0.0,10.0,3.0,4.6078431372549,5.0,1.0,0.0,1.1,0.0,0.0,0.601099,0.39890096
445,20,11.0,10.0,1.0,8.0,2.0,1.0,2.0,1.0,0.0,26.0,30.0,2.41,0.0,92.0,5.0,0.0,10.0,3.0,4.6078431372549,0.0,1.0,0.0,0.784440842787682,0.0,0.0,0.6190592,0.3809408
445,21,11.0,10.0,1.0,8.0,2.0,1.0,2.0,1.0,0.0,26.0,30.0,2.3,0.0,92.0,1.0,0.0,10.0,3.0,4.6078431372549,0.0,1.0,0.0,0.5,0.0,0.0,0.7167098,0.2832902
445,22,11.0,10.0,1.0,8.0,2.0,1.0,2.0,1.0,0.0,26.0,30.0,0.18,3.0,92.0,1.0,0.0,10.0,3.0,41.9,0.0,1.0,0.0,0.784440842787682,0.0,0.0,0.56125796,0.438742
445,23,11.0,10.0,1.0,8.0,2.0,1.0,2.0,1.0,0.0,26.0,30.0,6.3,0.0,92.0,1.0,0.0,10.0,3.0,4.6078431372549,0.0,36.0,0.0,0.784440842787682,0.0,0.0,0.58003545,0.41996458
445,24,11.0,10.0,1.0,8.0,2.0,1.0,2.0,1.0,0.0,26.0,30.0,1.99,0.0,92.0,1.0,0.0,10.0,0.0,4.6078431372549,0.0,1.0,0.0,0.784440842787682,0.0,0.0,0.67892706,0.32107294
445,25,11.0,10.0,1.0,8.0,2.0,1.0,2.0,1.0,0.0,26.0,30.0,0.18,0.0,92.0,1.0,25.0,10.0,3.0,44.6,0.0,1.0,0.0,0.784440842787682,0.0,0.0,0.5930387,0.40696135
445,26,11.0,10.0,1.0,8.0,2.0,1.0,2.0,18.0,0.0,26.0,30.0,0.18,0.0,92.0,1.0,0.0,10.0,3.0,13.5,0.0,1.0,0.0,0.784440842787682,0.0,0.0,0.506666,0.493334
445,27,11.0,10.0,1.0,83.0,2.0,1.0,2.0,1.0,0.0,26.0,30.0,0.18,0.0,92.0,1.0,0.0,10.0,3.0,4.6078431372549,0.0,1.0,0.0,1.1,0.0,0.0,0.6341684,0.36583158
445,28,11.0,10.0,1.0,8.0,2.0,1.0,2.0,1.0,0.0,26.0,30.0,1.6,0.0,92.0,1.0,0.0,65.0,3.0,4.6078431372549,0.0,1.0,0.0,0.784440842787682,0.0,0.0,0.55444205,0.44555795
445,29,11.0,10.0,1.0,8.0,2.0,1.0,2.0,1.0,0.0,26.0,30.0,0.18,0.0,92.0,1.0,0.0,10.0,8.0,4.6078431372549,0.0,1.0,0.0,1.1,0.0,0.0,0.5158211,0.48417893
445,30,11.0,10.0,1.0,8.0,2.0,1.0,2.0,1.0,0.0,26.0,30.0,6.9,5.0,92.0,1.0,0.0,10.0,3.0,4.6078431372549,0.0,1.0,0.0,0.784440842787682,0.0,0.0,0.6225672,0.37743285
445,31,11.0,10.0,1.0,8.0,2.0,1.0,2.0,1.0,0.0,26.0,30.0,0.18,0.0,92.0,0.0,0.0,10.0,3.0,4.6078431372549,0.0,1.0,0.0,1.1,0.0,0.0,0.6341684,0.36583158
445,32,11.0,10.0,1.0,8.0,2.0,1.0,2.0,1.0,0.0,26.0,30.0,6.0,0.0,92.0,1.0,0.0,20.0,3.0,4.6078431372549,0.0,1.0,0.0,0.784440842787682,0.0,0.0,0.5319854,0.46801463
445,33,11.0,10.0,1.0,8.0,2.0,1.0,2.0,3.0,0.0,26.0,30.0,0.18,0.0,92.0,1.0,0.0,10.0,3.0,4.6078431372549,0.0,1.0,0.0,1.1,0.0,0.0,0.671412,0.32858798
445,34,11.0,10.0,1.0,8.0,2.0,1.0,2.0,1.0,0.0,26.0,30.0,3.11,0.0,92.0,5.0,0.0,10.0,3.0,4.6078431372549,0.0,1.0,0.0,0.784440842787682,0.0,0.0,0.77291894,0.22708105
445,35,11.0,10.0,1.0,8.0,2.0,1.0,2.0,1.0,0.0,26.0,30.0,0.18,0.0,92.0,1.0,0.0,10.0,7.0,4.6078431372549,0.0,1.0,0.0,1.0,0.0,0.0,0.5158211,0.48417893
445,36,11.0,10.0,1.0,8.0,2.0,1.0,2.0,1.0,0.0,26.0,30.0,0.18,0.0,92.0,1.0,0.0,10.0,3.0,4.6078431372549,0.0,17.0,0.0,1.1,0.0,0.0,0.6421469,0.3578531
445,37,11.0,10.0,1.0,8.0,2.0,1.0,2.0,1.0,0.0,26.0,30.0,0.18,0.0,92.0,0.0,0.0,10.0,3.0,4.6078431372549,0.0,1.0,0.0,1.0,0.0,0.0,0.6341684,0.36583158
445,38,11.0,10.0,1.0,8.0,2.0,1.0,2.0,1.0,0.0,15.0,30.0,0.18,0.0,92.0,6.0,0.0,10.0,3.0,4.6078431372549,0.0,1.0,0.0,0.784440842787682,0.0,0.0,0.5049648,0.49503514
445,39,11.0,10.0,1.0,8.0,2.0,1.0,2.0,1.0,0.0,10.0,30.0,3.61,0.0,92.0,1.0,0.0,10.0,3.0,4.6078431372549,0.0,1.0,0.0,0.784440842787682,0.0,0.0,0.5748521,0.42514786
445,40,11.0,10.0,1.0,8.0,2.0,1.0,2.0,8.0,0.0,26.0,30.0,6.35,0.0,92.0,1.0,0.0,10.0,3.0,4.6078431372549,0.0,1.0,0.0,0.784440842787682,0.0,0.0,0.5136311,0.48636886
445,41,11.0,10.0,1.0,8.0,2.0,1.0,2.0,1.0,0.0,12.0,30.0,0.18,0.0,92.0,1.0,0.0,10.0,3.0,29.7,0.0,1.0,0.0,0.784440842787682,0.0,0.0,0.8361167,0.1638833
445,42,11.0,10.0,1.0,8.0,2.0,1.0,2.0,1.0,0.0,14.0,30.0,0.18,0.0,92.0,1.0,0.0,10.0,3.0,51.8,0.0,1.0,0.0,0.784440842787682,0.0,0.0,0.8386394,0.16136065
445,43,11.0,10.0,1.0,8.0,2.0,1.0,2.0,1.0,0.0,5.0,30.0,0.18,0.0,92.0,1.0,0.0,10.0,3.0,4.6078431372549,0.0,1.0,0.0,1.0,0.0,0.0,0.8915231,0.10847688
445,44,17.0,10.0,1.0,8.0,2.0,1.0,2.0,1.0,0.0,26.0,30.0,0.18,0.0,92.0,1.0,0.0,10.0,3.0,4.6078431372549,0.0,1.0,0.0,1.0,0.0,0.0,0.6341684,0.36583158
445,45,11.0,10.0,1.0,8.0,2.0,1.0,2.0,1.0,0.0,26.0,30.0,4.08,0.0,92.0,1.0,0.0,30.0,3.0,4.6078431372549,0.0,1.0,0.0,0.784440842787682,0.0,0.0,0.5319854,0.46801463
445,46,11.0,10.0,1.0,8.0,2.0,1.0,2.0,1.0,0.0,26.0,30.0,0.18,0.0,92.0,1.0,49.0,10.0,3.0,29.5,0.0,1.0,0.0,0.784440842787682,0.0,0.0,0.5930387,0.40696135
445,47,11.0,10.0,1.0,8.0,2.0,3.0,2.0,1.0,0.0,26.0,30.0,5.68,0.0,92.0,1.0,0.0,10.0,3.0,4.6078431372549,0.0,1.0,0.0,0.784440842787682,0.0,0.0,0.52393687,0.47606316
445,48,11.0,10.0,1.0,8.0,2.0,1.0,2.0,1.0,0.0,0.0,30.0,0.18,0.0,92.0,8.0,0.0,10.0,3.0,4.6078431372549,0.0,1.0,0.0,0.784440842787682,0.0,0.0,0.56924176,0.4307582
445,49,11.0,10.0,1.0,8.0,2.0,1.0,2.0,1.0,0.0,31.0,30.0,0.18,0.0,92.0,1.0,0.0,10.0,3.0,4.6078431372549,0.0,1.0,0.0,1.0,0.0,0.0,0.6341684,0.36583158
445,50,11.0,10.0,1.0,8.0,2.0,3.0,2.0,1.0,0.0,26.0,30.0,3.35,0.0,92.0,1.0,0.0,10.0,3.0,4.6078431372549,0.0,1.0,0.0,0.784440842787682,0.0,0.0,0.52393687,0.47606316
445,51,11.0,10.0,1.0,8.0,2.0,1.0,2.0,1.0,0.0,26.0,30.0,6.72,0.0,92.0,1.0,0.0,10.0,3.0,47.1,0.0,1.0,0.0,0.784440842787682,0.0,0.0,0.7258841,0.27411592
445,52,11.0,10.0,1.0,8.0,2.0,1.0,2.0,1.0,0.0,26.0,0.0,0.18,0.0,92.0,1.0,0.0,10.0,3.0,4.6078431372549,0.0,1.0,0.0,0.784440842787682,0.0,0.0,0.5704311,0.42956892
445,53,11.0,10.0,1.0,8.0,2.0,1.0,2.0,1.0,0.0,26.0,30.0,5.66,0.0,92.0,1.0,0.0,10.0,3.0,39.6,0.0,1.0,0.0,0.784440842787682,0.0,0.0,0.7258841,0.27411592
445,54,11.0,10.0,1.0,8.0,2.0,1.0,2.0,1.0,0.0,26.0,30.0,6.5,0.0,92.0,1.0,29.0,10.0,3.0,4.6078431372549,0.0,1.0,0.0,0.784440842787682,0.0,0.0,0.69126916,0.3087308
445,55,11.0,10.0,1.0,8.0,2.0,1.0,2.0,9.0,0.0,26.0,30.0,0.18,0.0,92.0,1.0,0.0,10.0,3.0,4.6078431372549,0.0,1.0,0.0,1.0,0.0,0.0,0.7486669,0.25133312
445,56,11.0,10.0,1.0,8.0,2.0,1.0,2.0,1.0,0.0,26.0,30.0,0.18,0.0,92.0,1.0,0.0,10.0,3.0,4.6078431372549,17.0,1.0,0.0,1.0,0.0,0.0,0.601099,0.39890096
445,57,11.0,10.0,1.0,8.0,2.0,1.0,2.0,1.0,0.0,26.0,30.0,0.18,0.0,92.0,1.0,0.0,10.0,3.0,4.6078431372549,0.0,1.0,2.0,1.0,0.0,0.0,0.6791829,0.32081708
445,58,11.0,10.0,1.0,8.0,2.0,1.0,2.0,1.0,0.0,26.0,30.0,0.18,0.0,92.0,1.0,0.0,10.0,3.0,46.0,0.0,1.0,0.0,1.0,0.0,0.0,0.754601,0.24539901
445,59,11.0,10.0,1.0,8.0,2.0,1.0,2.0,1.0,0.0,26.0,30.0,0.18,0.0,92.0,1.0,23.0,10.0,3.0,4.6078431372549,0.0,1.0,0.0,1.1,0.0,0.0,0.7980884,0.20191161
445,60,11.0,10.0,1.0,8.0,2.0,1.0,2.0,1.0,0.0,26.0,30.0,0.18,5.0,92.0,1.0,0.0,10.0,3.0,28.7,0.0,1.0,0.0,0.784440842787682,0.0,0.0,0.56125796,0.438742
445,61,11.0,10.0,1.0,8.0,2.0,1.0,2.0,1.0,0.0,26.0,30.0,0.18,0.0,92.0,1.0,0.0,10.0,3.0,4.6078431372549,0.0,1.0,0.0,1.1,1.1,0.0,0.70569813,0.29430184
445,62,11.0,10.0,1.0,8.0,2.0,1.0,2.0,1.0,0.0,26.0,30.0,0.18,0.0,92.0,7.0,0.0,10.0,3.0,30.8,0.0,1.0,0.0,0.784440842787682,0.0,0.0,0.53913283,0.46086714
445,63,11.0,10.0,1.0,8.0,2.0,1.0,2.0,1.0,0.0,26.0,30.0,2.2,0.0,92.0,1.0,0.0,10.0,3.0,4.6078431372549,0.0,8.0,0.0,0.784440842787682,0.0,0.0,0.6019119,0.3980881
445,64,11.0,10.0,1.0,8.0,2.0,1.0,2.0,1.0,0.0,26.0,30.0,0.18,0.0,92.0,1.0,0.0,10.0,0.0,4.6078431372549,0.0,1.0,0.0,0.9,0.0,0.0,0.53246,0.46754
445,65,11.0,10.0,1.0,8.0,2.0,1.0,2.0,5.0,0.0,26.0,30.0,4.56,0.0,92.0,1.0,0.0,10.0,3.0,4.6078431372549,0.0,1.0,0.0,0.784440842787682,0.0,0.0,0.5577877,0.44221228
445,66,11.0,10.0,4.0,8.0,2.0,1.0,2.0,1.0,0.0,26.0,30.0,0.18,0.0,92.0,1.0,0.0,10.0,3.0,4.6078431372549,0.0,1.0,0.0,1.1,0.0,0.0,0.5335047,0.4664953
445,67,11.0,10.0,1.0,8.0,2.0,1.0,2.0,1.0,0.0,26.0,30.0,4.4,0.0,92.0,1.0,0.0,10.0,3.0,4.6078431372549,0.0,38.0,0.0,0.784440842787682,0.0,0.0,0.58003545,0.41996458
445,68,11.0,7.0,1.0,8.0,2.0,1.0,2.0,1.0,0.0,26.0,30.0,0.18,0.0,92.0,1.0,0.0,10.0,3.0,4.6078431372549,0.0,1.0,0.0,1.0,0.0,0.0,0.6341684,0.36583158
445,69,11.0,10.0,1.0,8.0,2.0,1.0,2.0,1.0,0.0,26.0,30.0,3.95,15.0,92.0,1.0,0.0,10.0,3.0,4.6078431372549,0.0,1.0,0.0,0.784440842787682,0.0,0.0,0.5214305,0.47856954
445,70,11.0,10.0,1.0,8.0,2.0,1.0,2.0,1.0,0.0,26.0,30.0,5.0,0.0,92.0,1.0,0.0,10.0,3.0,4.6078431372549,0.0,1.0,0.0,0.8,0.0,0.0,0.53308666,0.46691334
445,71,11.0,10.0,1.0,8.0,2.0,1.0,2.0,1.0,0.0,26.0,30.0,2.13,0.0,92.0,1.0,0.0,10.0,3.0,4.6078431372549,0.0,1.0,0.0,0.5,0.0,0.0,0.7167098,0.2832902
445,72,11.0,10.0,1.0,8.0,2.0,1.0,2.0,1.0,0.0,26.0,30.0,5.29,0.0,92.0,4.0,0.0,10.0,3.0,4.6078431372549,0.0,1.0,0.0,0.784440842787682,0.0,0.0,0.66526425,0.33473575
445,73,11.0,10.0,1.0,8.0,2.0,1.0,2.0,1.0,0.0,26.0,30.0,5.88,0.0,92.0,1.0,0.0,10.0,3.0,4.6078431372549,0.0,1.0,0.0,0.9,0.0,0.0,0.811648,0.18835202
445,74,11.0,10.0,1.0,8.0,2.0,8.0,2.0,1.0,0.0,26.0,30.0,0.18,0.0,92.0,1.0,0.0,10.0,3.0,4.6078431372549,0.0,1.0,0.0,1.0,0.0,0.0,0.5829166,0.41708338
445,75,11.0,10.0,1.0,8.0,2.0,1.0,2.0,1.0,0.0,26.0,30.0,4.04,0.0,92.0,1.0,0.0,10.0,3.0,28.2,0.0,1.0,0.0,0.784440842787682,0.0,0.0,0.7258841,0.27411592
445,76,11.0,10.0,1.0,8.0,2.0,1.0,2.0,1.0,0.0,24.0,30.0,0.18,0.0,92.0,1.0,0.0,10.0,3.0,4.6078431372549,0.0,1.0,0.0,1.0,0.0,0.0,0.6341684,0.36583158
445,77,11.0,10.0,1.0,8.0,2.0,12.0,2.0,1.0,0.0,26.0,30.0,0.18,0.0,92.0,1.0,0.0,10.0,3.0,4.6078431372549,0.0,1.0,0.0,1.1,0.0,0.0,0.5829166,0.41708338
445,78,11.0,40.0,1.0,8.0,2.0,1.0,2.0,1.0,0.0,26.0,30.0,0.18,0.0,92.0,1.0,0.0,10.0,3.0,4.6078431372549,0.0,1.0,0.0,1.0,0.0,0.0,0.6341684,0.36583158
445,79,11.0,10.0,1.0,8.0,2.0,1.0,2.0,1.0,0.0,26.0,30.0,6.13,0.0,92.0,1.0,0.0,10.0,3.0,42.9,0.0,1.0,0.0,0.784440842787682,0.0,0.0,0.7258841,0.27411592
445,80,11.0,10.0,1.0,8.0,2.0,1.0,2.0,1.0,0.0,26.0,30.0,6.58,14.0,92.0,1.0,0.0,10.0,3.0,4.6078431372549,0.0,1.0,0.0,0.784440842787682,0.0,0.0,0.5214305,0.47856954
445,81,11.0,10.0,1.0,8.0,2.0,1.0,2.0,6.0,0.0,26.0,30.0,0.18,0.0,92.0,1.0,0.0,10.0,3.0,30.6,0.0,1.0,0.0,0.784440842787682,0.0,0.0,0.5509021,0.4490979
445,82,11.0,10.0,1.0,8.0,2.0,1.0,2.0,1.0,0.0,26.0,1.0,0.18,0.0,92.0,1.0,0.0,10.0,3.0,4.6078431372549,0.0,1.0,0.0,0.784440842787682,0.0,0.0,0.5704311,0.42956892
445,83,11.0,10.0,1.0,8.0,2.0,1.0,2.0,1.0,0.0,26.0,30.0,0.18,3.0,92.0,1.0,0.0,10.0,3.0,39.3,0.0,1.0,0.0,0.784440842787682,0.0,0.0,0.56125796,0.438742
445,84,11.0,10.0,1.0,8.0,2.0,1.0,2.0,1.0,0.0,40.0,30.0,0.18,0.0,92.0,1.0,0.0,10.0,3.0,4.6078431372549,0.0,1.0,0.0,1.1,0.0,0.0,0.6341684,0.36583158
445,85,11.0,10.0,1.0,8.0,2.0,1.0,2.0,1.0,0.0,26.0,30.0,2.54,0.0,92.0,1.0,0.0,10.0,3.0,17.7,0.0,1.0,0.0,0.784440842787682,0.0,0.0,0.64991236,0.35008764
445,86,11.0,10.0,1.0,8.0,2.0,1.0,2.0,1.0,0.0,26.0,30.0,6.35,0.0,92.0,1.0,0.0,10.0,3.0,44.4,0.0,1.0,0.0,0.784440842787682,0.0,0.0,0.7258841,0.27411592
445,87,11.0,10.0,1.0,8.0,2.0,1.0,2.0,1.0,0.0,26.0,30.0,1.54,0.0,92.0,1.0,13.0,10.0,3.0,4.6078431372549,0.0,1.0,0.0,0.784440842787682,0.0,0.0,0.71024585,0.28975418
445,88,11.0,10.0,1.0,8.0,2.0,1.0,2.0,6.0,0.0,26.0,30.0,0.18,0.0,92.0,1.0,0.0,10.0,3.0,34.6,0.0,1.0,0.0,0.784440842787682,0.0,0.0,0.5509021,0.4490979
445,89,11.0,10.0,1.0,8.0,2.0,1.0,2.0,16.0,0.0,26.0,30.0,5.2,0.0,92.0,1.0,0.0,10.0,3.0,4.6078431372549,0.0,1.0,0.0,0.784440842787682,0.0,0.0,0.5136311,0.48636886
445,90,11.0,10.0,1.0,8.0,2.0,1.0,2.0,1.0,0.0,26.0,30.0,0.18,3.0,92.0,1.0,0.0,10.0,3.0,43.3,0.0,1.0,0.0,0.784440842787682,0.0,0.0,0.56125796,0.438742
445,91,11.0,10.0,1.0,76.0,2.0,1.0,2.0,1.0,0.0,26.0,30.0,0.18,0.0,92.0,1.0,0.0,10.0,3.0,4.6078431372549,0.0,1.0,0.0,1.0,0.0,0.0,0.6341684,0.36583158
445,92,11.0,10.0,1.0,8.0,2.0,1.0,2.0,1.0,0.0,26.0,30.0,0.18,0.0,92.0,6.0,0.0,10.0,3.0,17.6,0.0,1.0,0.0,0.784440842787682,0.0,0.0,0.53913283,0.46086714
445,93,11.0,10.0,1.0,69.0,2.0,1.0,2.0,1.0,0.0,26.0,30.0,0.18,0.0,92.0,1.0,0.0,10.0,3.0,4.6078431372549,0.0,1.0,0.0,1.0,0.0,0.0,0.6341684,0.36583158
445,94,11.0,10.0,1.0,8.0,2.0,1.0,2.0,1.0,0.0,26.0,30.0,2.95,0.0,92.0,1.0,13.0,10.0,3.0,4.6078431372549,0.0,1.0,0.0,0.784440842787682,0.0,0.0,0.516681,0.48331898
445,95,11.0,10.0,1.0,8.0,2.0,1.0,2.0,1.0,0.0,26.0,30.0,2.23,0.0,92.0,1.0,0.0,10.0,3.0,4.6078431372549,0.0,4.0,0.0,0.784440842787682,0.0,0.0,0.6019119,0.3980881
445,96,11.0,10.0,1.0,8.0,2.0,1.0,2.0,1.0,0.0,26.0,30.0,4.09,14.0,92.0,1.0,0.0,10.0,3.0,4.6078431372549,0.0,1.0,0.0,0.784440842787682,0.0,0.0,0.5214305,0.47856954
445,97,11.0,10.0,1.0,8.0,2.0,1.0,2.0,1.0,0.0,26.0,30.0,0.18,0.0,92.0,1.0,0.0,10.0,3.0,4.6078431372549,0.0,1.0,1.0,1.0,0.0,0.0,0.6791829,0.32081708
445,98,11.0,10.0,1.0,8.0,2.0,1.0,2.0,1.0,0.0,3.0,30.0,0.18,0.0,92.0,1.0,0.0,10.0,3.0,4.6078431372549,0.0,1.0,0.0,1.0,0.0,0.0,0.8876469,0.1123531
445,99,11.0,10.0,1.0,8.0,2.0,1.0,2.0,1.0,0.0,12.0,30.0,6.07,0.0,92.0,1.0,0.0,10.0,3.0,4.6078431372549,0.0,1.0,0.0,0.784440842787682,0.0,0.0,0.5401703,0.45982966
520,0,0.0,0.0,1.0,1.0,0.0,3.0,3.0,1.0,3.0,0.0,1.0,0.63,3.0,75.0,3.0,1.0,6.0,1.0,39.3,1.0,2.0,0.0,0.540816326530612,0.75,0.0,0.5515293,0.44847068
520,1,0.0,0.0,1.0,1.0,0.0,3.0,3.0,1.0,3.0,0.0,1.0,0.63,0.0,75.0,3.0,1.0,6.0,1.0,3.75,1.0,2.0,0.0,0.8,0.75,3.0,0.63147336,0.36852664
520,2,0.0,0.0,1.0,1.0,0.0,3.0,3.0,1.0,3.0,0.0,1.0,7.32,0.0,75.0,3.0,1.0,6.0,1.0,3.75,1.0,2.0,0.0,0.540816326530612,0.75,0.0,0.82548034,0.17451967
520,3,0.0,27.0,1.0,1.0,0.0,3.0,3.0,1.0,3.0,0.0,1.0,1.89,0.0,75.0,3.0,1.0,6.0,1.0,3.75,1.0,2.0,0.0,0.540816326530612,0.75,0.0,0.59353614,0.4064639
520,4,0.0,0.0,1.0,1.0,0.0,3.0,3.0,1.0,3.0,0.0,1.0,0.63,0.0,75.0,3.0,1.0,6.0,1.0,34.7,1.0,2.0,0.0,0.8,0.75,0.0,0.8531669,0.14683312
520,5,0.0,0.0,1.0,1.0,0.0,3.0,3.0,1.0,3.0,0.0,1.0,0.63,0.0,98.0,3.0,1.0,6.0,1.0,3.75,1.0,2.0,0.0,0.540816326530612,0.3,0.0,0.9764515,0.023548508
520,6,0.0,0.0,1.0,1.0,0.0,3.0,3.0,1.0,3.0,0.0,1.0,0.63,0.0,75.0,3.0,1.0,6.0,1.0,10.7,1.0,2.0,0.0,0.540816326530612,0.2,0.0,0.9915523,0.0084477
520,7,0.0,0.0,1.0,84.0,0.0,3.0,3.0,1.0,3.0,0.0,1.0,3.98,0.0,75.0,3.0,1.0,6.0,1.0,3.75,1.0,2.0,0.0,0.540816326530612,0.75,0.0,0.89098555,0.10901445
520,8,0.0,0.0,1.0,1.0,0.0,3.0,3.0,1.0,13.0,0.0,1.0,0.63,0.0,75.0,3.0,1.0,6.0,1.0,3.75,1.0,2.0,0.0,0.540816326530612,0.1,0.0,0.748786,0.251214
520,9,0.0,0.0,1.0,1.0,0.0,3.0,3.0,1.0,3.0,0.0,1.0,1.5,0.0,75.0,3.0,1.0,6.0,1.0,3.75,1.0,2.0,0.0,0.540816326530612,0.75,0.0,0.7560657,0.2439343
520,10,0.0,0.0,1.0,1.0,0.0,3.0,3.0,1.0,3.0,0.0,1.0,5.79,0.0,75.0,3.0,1.0,6.0,1.0,3.75,1.0,2.0,0.0,0.540816326530612,0.75,0.0,0.82548034,0.17451967
520,11,0.0,0.0,1.0,1.0,0.0,3.0,3.0,1.0,3.0,0.0,1.0,2.3,0.0,75.0,3.0,1.0,6.0,1.0,3.75,1.0,2.0,0.0,0.5,0.75,0.0,0.71041584,0.28958413
520,12,0.0,0.0,1.0,1.0,0.0,3.0,3.0,1.0,3.0,0.0,1.0,6.49,0.0,75.0,3.0,1.0,6.0,1.0,3.75,1.0,2.0,0.0,0.540816326530612,0.75,0.0,0.82548034,0.17451967
520,13,0.0,0.0,1.0,1.0,0.0,3.0,3.0,1.0,3.0,0.0,1.0,4.04,0.0,75.0,3.0,1.0,6.0,1.0,28.2,1.0,2.0,0.0,0.540816326530612,0.75,0.0,0.90538454,0.09461549
520,14,0.0,0.0,0.0,1.0,0.0,3.0,3.0,1.0,3.0,0.0,1.0,0.63,0.0,97.0,3.0,1.0,6.0,1.0,3.75,1.0,2.0,0.0,0.540816326530612,0.75,0.0,0.53394973,0.46605024
520,15,0.0,0.0,1.0,1.0,0.0,3.0,3.0,1.0,3.0,24.0,1.0,0.63,0.0,75.0,3.0,1.0,6.0,1.0,3.75,1.0,2.0,0.0,1.0,0.75,0.0,0.8473776,0.15262239
520,16,0.0,0.0,1.0,1.0,0.0,3.0,3.0,1.0,3.0,0.0,1.0,7.19,0.0,75.0,3.0,1.0,6.0,1.0,3.75,1.0,2.0,0.0,0.540816326530612,1.1,0.0,0.8154549,0.1845451
520,17,0.0,0.0,1.0,1.0,0.0,3.0,3.0,1.0,3.0,0.0,1.0,0.63,6.0,75.0,1.0,1.0,6.0,1.0,3.75,1.0,2.0,0.0,0.540816326530612,0.75,0.0,0.5346931,0.4653069
520,18,0.0,0.0,1.0,1.0,0.0,3.0,3.0,1.0,3.0,0.0,1.0,0.4,0.0,75.0,3.0,1.0,6.0,1.0,3.75,1.0,2.0,0.0,0.540816326530612,0.1,0.0,0.88592505,0.11407492
520,19,0.0,0.0,3.0,1.0,0.0,3.0,3.0,1.0,3.0,0.0,1.0,5.34,0.0,75.0,3.0,1.0,6.0,1.0,3.75,1.0,2.0,0.0,0.540816326530612,0.75,0.0,0.80343497,0.19656502
520,20,0.0,0.0,1.0,1.0,0.0,3.0,3.0,1.0,3.0,0.0,1.0,6.9,0.0,75.0,3.0,1.0,6.0,1.0,3.75,1.0,2.0,0.0,0.540816326530612,0.75,0.0,0.82548034,0.17451967
520,21,0.0,0.0,1.0,1.0,0.0,11.0,3.0,1.0,3.0,0.0,1.0,0.63,0.0,75.0,3.0,1.0,6.0,1.0,3.75,1.0,2.0,0.0,0.540816326530612,0.2,0.0,0.9402092,0.059790794
520,22,0.0,0.0,1.0,1.0,0.0,3.0,3.0,1.0,3.0,0.0,1.0,4.29,0.0,45.0,3.0,1.0,6.0,1.0,3.75,1.0,2.0,0.0,0.540816326530612,0.75,0.0,0.76675594,0.23324405
520,23,0.0,0.0,1.0,1.0,0.0,3.0,3.0,1.0,3.0,0.0,1.0,3.13,0.0,75.0,3.0,1.0,6.0,1.0,3.75,1.0,2.0,0.0,0.540816326530612,0.75,0.0,0.82548034,0.17451967
520,24,0.0,0.0,1.0,1.0,0.0,3.0,3.0,1.0,3.0,0.0,1.0,3.79,0.0,75.0,3.0,1.0,6.0,1.0,3.75,1.0,2.0,0.0,0.540816326530612,0.75,0.0,0.82548034,0.17451967
520,25,0.0,0.0,1.0,1.0,0.0,3.0,3.0,1.0,3.0,0.0,1.0,3.65,0.0,75.0,3.0,1.0,25.0,1.0,3.75,1.0,2.0,0.0,0.540816326530612,0.75,0.0,0.9053366,0.0946634
520,26,0.0,0.0,1.0,1.0,0.0,3.0,3.0,1.0,3.0,0.0,1.0,6.12,0.0,75.0,3.0,44.0,6.0,1.0,3.75,1.0,2.0,0.0,0.540816326530612,0.75,0.0,0.8545046,0.14549543
520,27,0.0,0.0,1.0,1.0,0.0,3.0,3.0,1.0,20.0,0.0,1.0,0.63,0.0,75.0,3.0,1.0,6.0,1.0,3.75,1.0,2.0,0.0,0.9,0.75,0.0,0.92025936,0.079740666
520,28,0.0,0.0,1.0,1.0,0.0,3.0,3.0,12.0,3.0,0.0,1.0,5.88,0.0,75.0,3.0,1.0,6.0,1.0,3.75,1.0,2.0,0.0,0.540816326530612,0.75,0.0,0.7737941,0.22620589
520,29,0.0,0.0,2.0,1.0,0.0,3.0,3.0,1.0,3.0,0.0,1.0,4.7,0.0,75.0,3.0,1.0,6.0,1.0,3.75,1.0,2.0,0.0,0.540816326530612,0.75,0.0,0.80343497,0.19656502
520,30,0.0,0.0,1.0,1.0,0.0,3.0,3.0,1.0,3.0,0.0,1.0,0.63,2.0,75.0,3.0,1.0,6.0,1.0,3.75,1.0,2.0,0.0,0.540816326530612,0.0,0.0,0.941748,0.05825195
520,31,0.0,0.0,1.0,1.0,0.0,3.0,3.0,1.0,3.0,0.0,1.0,4.13,0.0,75.0,3.0,1.0,6.0,1.0,3.75,1.0,2.0,0.0,0.540816326530612,0.6,0.0,0.9446862,0.055313844
520,32,0.0,0.0,3.0,1.0,0.0,3.0,3.0,1.0,3.0,0.0,1.0,5.71,0.0,75.0,3.0,1.0,6.0,1.0,3.75,1.0,2.0,0.0,0.540816326530612,0.75,0.0,0.80343497,0.19656502
520,33,0.0,0.0,1.0,1.0,0.0,3.0,3.0,1.0,3.0,0.0,1.0,1.27,0.0,75.0,3.0,1.0,6.0,1.0,3.75,1.0,19.0,0.0,0.540816326530612,0.75,0.0,0.8260844,0.17391565
520,34,0.0,0.0,1.0,1.0,16.0,3.0,3.0,1.0,3.0,0.0,1.0,0.63,0.0,75.0,3.0,1.0,6.0,1.0,3.75,1.0,2.0,0.0,1.0,0.75,0.0,0.7432033,0.25679675
520,35,0.0,0.0,1.0,1.0,0.0,3.0,3.0,1.0,3.0,0.0,1.0,0.63,0.0,87.0,3.0,1.0,6.0,1.0,3.75,1.0,2.0,0.0,0.8,0.75,0.0,0.78408295,0.21591707
520,36,18.0,0.0,1.0,1.0,0.0,3.0,3.0,1.0,3.0,0.0,1.0,1.15,0.0,75.0,3.0,1.0,6.0,1.0,3.75,1.0,2.0,0.0,0.540816326530612,0.75,0.0,0.5320299,0.46797007
520,37,0.0,0.0,1.0,82.0,0.0,3.0,3.0,1.0,3.0,0.0,1.0,0.63,0.0,75.0,3.0,1.0,6.0,1.0,3.75,1.0,2.0,0.0,0.540816326530612,0.3,0.0,0.959408,0.040592026
520,38,0.0,0.0,1.0,1.0,0.0,3.0,3.0,1.0,3.0,0.0,1.0,3.11,0.0,75.0,5.0,1.0,6.0,1.0,3.75,1.0,2.0,0.0,0.540816326530612,0.75,0.0,0.88822365,0.111776344
520,39,0.0,0.0,1.0,1.0,0.0,3.0,3.0,1.0,25.0,0.0,1.0,0.63,0.0,75.0,3.0,1.0,6.0,1.0,3.75,1.0,2.0,0.0,1.0,0.75,0.0,0.7005736,0.29942638
520,40,0.0,0.0,1.0,1.0,0.0,3.0,3.0,1.0,3.0,0.0,1.0,6.72,0.0,75.0,3.0,1.0,6.0,1.0,47.1,1.0,2.0,0.0,0.540816326530612,0.75,0.0,0.90538454,0.09461549
520,41,0.0,0.0,1.0,1.0,0.0,3.0,3.0,1.0,3.0,0.0,143.0,0.63,0.0,75.0,3.0,1.0,6.0,1.0,37.1,1.0,2.0,0.0,0.540816326530612,0.75,0.0,0.8043675,0.1956325
520,42,0.0,0.0,1.0,62.0,0.0,3.0,3.0,1.0,3.0,0.0,1.0,0.63,0.0,75.0,3.0,1.0,6.0,1.0,3.75,1.0,2.0,0.0,0.9,0.75,0.0,0.94919354,0.050806474
520,43,0.0,0.0,1.0,1.0,0.0,3.0,3.0,1.0,3.0,0.0,1.0,4.68,0.0,75.0,3.0,1.0,6.0,1.0,3.75,1.0,2.0,0.0,0.540816326530612,0.75,0.0,0.82548034,0.17451967
520,44,0.0,0.0,4.0,1.0,0.0,3.0,3.0,1.0,3.0,0.0,1.0,4.17,0.0,75.0,3.0,1.0,6.0,1.0,3.75,1.0,2.0,0.0,0.540816326530612,0.75,0.0,0.80343497,0.19656502
520,45,0.0,0.0,1.0,1.0,0.0,3.0,3.0,1.0,1.0,0.0,1.0,6.88,0.0,75.0,3.0,1.0,6.0,1.0,3.75,1.0,2.0,0.0,0.540816326530612,0.75,0.0,0.92384785,0.076152146
520,46,0.0,0.0,1.0,1.0,0.0,3.0,3.0,1.0,3.0,0.0,102.0,0.63,0.0,75.0,3.0,1.0,6.0,1.0,51.3,1.0,2.0,0.0,0.540816326530612,0.75,0.0,0.8043675,0.1956325
520,47,0.0,0.0,1.0,1.0,0.0,3.0,3.0,1.0,3.0,0.0,1.0,0.63,14.0,75.0,3.0,1.0,6.0,1.0,3.75,1.0,2.0,0.0,0.540816326530612,0.0,0.0,0.94788766,0.05211231
520,48,0.0,0.0,1.0,1.0,0.0,3.0,3.0,1.0,3.0,0.0,1.0,5.87,0.0,75.0,3.0,1.0,6.0,1.0,3.75,1.0,2.0,0.0,0.540816326530612,0.75,0.0,0.82548034,0.17451967
520,49,0.0,0.0,1.0,1.0,0.0,3.0,1.0,1.0,3.0,0.0,1.0,0.63,0.0,75.0,3.0,1.0,10.0,1.0,3.75,1.0,2.0,0.0,0.540816326530612,0.75,0.0,0.5619029,0.4380971
520,50,0.0,0.0,1.0,1.0,0.0,3.0,3.0,1.0,3.0,0.0,48.0,0.63,0.0,75.0,3.0,1.0,6.0,1.0,3.75,1.0,2.0,0.0,0.9,0.75,0.0,0.84720826,0.15279174
520,51,0.0,0.0,1.0,1.0,0.0,3.0,3.0,1.0,3.0,0.0,1.0,3.25,0.0,75.0,3.0,1.0,6.0,1.0,3.75,1.0,2.0,0.0,0.540816326530612,0.75,0.0,0.82548034,0.17451967
520,52,0.0,40.0,1.0,1.0,0.0,3.0,3.0,1.0,3.0,0.0,1.0,0.63,0.0,75.0,3.0,1.0,6.0,1.0,3.75,1.0,2.0,0.0,1.0,0.75,0.0,0.74031776,0.25968224
520,53,0.0,0.0,1.0,1.0,30.0,3.0,3.0,1.0,3.0,0.0,1.0,4.57,0.0,75.0,3.0,1.0,6.0,1.0,3.75,1.0,2.0,0.0,0.540816326530612,0.75,0.0,0.7909695,0.20903054
520,54,0.0,0.0,1.0,1.0,0.0,3.0,3.0,1.0,3.0,0.0,1.0,7.33,0.0,75.0,3.0,15.0,6.0,1.0,3.75,1.0,2.0,0.0,0.540816326530612,0.75,0.0,0.8545046,0.14549543
520,55,0.0,0.0,1.0,69.0,0.0,3.0,3.0,1.0,3.0,0.0,1.0,0.63,0.0,75.0,3.0,1.0,6.0,1.0,3.75,1.0,2.0,0.0,1.0,0.75,0.0,0.7911291,0.2088709
520,56,0.0,0.0,1.0,75.0,0.0,3.0,3.0,1.0,3.0,0.0,1.0,6.53,0.0,75.0,3.0,1.0,6.0,1.0,3.75,1.0,2.0,0.0,0.540816326530612,0.75,0.0,0.89098555,0.10901445
520,57,0.0,0.0,1.0,1.0,0.0,3.0,3.0,1.0,3.0,0.0,1.0,6.68,0.0,75.0,3.0,1.0,6.0,1.0,3.75,1.0,2.0,0.0,0.540816326530612,0.75,0.0,0.82548034,0.17451967
520,58,0.0,0.0,1.0,1.0,31.0,3.0,3.0,1.0,3.0,0.0,1.0,4.09,0.0,75.0,3.0,1.0,6.0,1.0,3.75,1.0,2.0,0.0,0.540816326530612,0.75,0.0,0.7909695,0.20903054
520,59,0.0,0.0,1.0,1.0,0.0,3.0,3.0,1.0,3.0,0.0,1.0,0.63,0.0,95.0,3.0,1.0,6.0,1.0,3.75,1.0,2.0,0.0,0.540816326530612,0.75,0.0,0.53394973,0.46605024
520,60,0.0,0.0,1.0,1.0,0.0,3.0,14.0,1.0,3.0,0.0,1.0,0.63,0.0,87.0,3.0,1.0,6.0,1.0,3.75,1.0,2.0,0.0,0.540816326530612,0.75,0.0,0.57407725,0.42592275
520,61,0.0,0.0,1.0,1.0,0.0,3.0,3.0,1.0,3.0,0.0,1.0,0.63,0.0,75.0,3.0,1.0,6.0,1.0,3.75,1.0,2.0,0.0,0.540816326530612,0.3,4.0,0.7618482,0.23815182
520,62,0.0,0.0,1.0,1.0,0.0,3.0,3.0,1.0,3.0,0.0,1.0,0.63,0.0,75.0,3.0,1.0,6.0,1.0,3.75,1.0,2.0,0.0,1.0,0.75,2.0,0.77592033,0.22407965
520,63,12.0,0.0,1.0,1.0,0.0,3.0,3.0,1.0,3.0,0.0,1.0,0.63,0.0,75.0,3.0,1.0,6.0,1.0,3.75,1.0,2.0,0.0,1.0,0.75,0.0,0.6651987,0.33480135
520,64,0.0,0.0,1.0,1.0,0.0,3.0,3.0,1.0,3.0,0.0,1.0,1.39,0.0,75.0,3.0,1.0,6.0,1.0,3.75,3.0,2.0,0.0,0.540816326530612,0.75,0.0,0.7266518,0.2733482
520,65,0.0,0.0,1.0,1.0,0.0,3.0,3.0,1.0,3.0,0.0,1.0,2.53,0.0,75.0,3.0,1.0,6.0,1.0,3.75,1.0,2.0,0.0,0.540816326530612,0.4,0.0,0.99166286,0.008337115
520,66,0.0,0.0,1.0,1.0,0.0,3.0,3.0,1.0,3.0,0.0,1.0,5.81,0.0,75.0,3.0,1.0,6.0,1.0,3.75,1.0,2.0,0.0,0.540816326530612,0.75,3.0,0.7576832,0.2423168
520,67,0.0,0.0,1.0,1.0,0.0,3.0,3.0,1.0,3.0,0.0,1.0,1.42,0.0,75.0,3.0,1.0,6.0,1.0,3.75,14.0,2.0,0.0,0.540816326530612,0.75,0.0,0.5100385,0.48996148
520,68,0.0,0.0,1.0,1.0,0.0,3.0,3.0,1.0,3.0,0.0,1.0,6.52,0.0,75.0,3.0,1.0,6.0,1.0,3.75,1.0,2.0,0.0,0.540816326530612,0.75,0.0,0.82548034,0.17451967
520,69,0.0,0.0,1.0,1.0,0.0,3.0,3.0,1.0,3.0,0.0,1.0,3.32,0.0,96.0,3.0,1.0,6.0,1.0,3.75,1.0,2.0,0.0,0.540816326530612,0.75,0.0,0.93784183,0.06215817
520,70,0.0,0.0,1.0,1.0,0.0,3.0,3.0,1.0,3.0,0.0,1.0,0.63,0.0,75.0,5.0,1.0,6.0,1.0,3.75,1.0,2.0,0.0,0.540816326530612,0.2,0.0,0.95182836,0.048171654
520,71,0.0,0.0,1.0,1.0,0.0,3.0,3.0,1.0,3.0,0.0,1.0,4.28,0.0,75.0,3.0,1.0,6.0,1.0,3.75,1.0,2.0,0.0,0.540816326530612,0.75,0.0,0.82548034,0.17451967
520,72,0.0,0.0,1.0,1.0,0.0,3.0,3.0,1.0,3.0,0.0,1.0,0.63,0.0,75.0,3.0,1.0,6.0,2.0,3.75,1.0,2.0,0.0,0.540816326530612,0.4,0.0,0.9215387,0.07846132
520,73,0.0,0.0,1.0,1.0,0.0,3.0,3.0,1.0,3.0,0.0,75.0,0.63,0.0,75.0,3.0,1.0,6.0,1.0,3.75,1.0,2.0,0.0,0.540816326530612,0.1,0.0,0.77406126,0.22593874
520,74,0.0,0.0,1.0,1.0,0.0,3.0,3.0,1.0,3.0,0.0,91.0,0.63,0.0,75.0,3.0,1.0,6.0,1.0,3.75,1.0,2.0,0.0,0.9,0.75,0.0,0.84720826,0.15279174
520,75,0.0,0.0,1.0,1.0,0.0,3.0,3.0,1.0,3.0,31.0,1.0,0.63,0.0,75.0,3.0,1.0,6.0,1.0,3.75,1.0,2.0,0.0,1.0,0.75,0.0,0.8473776,0.15262239
520,76,0.0,0.0,0.0,1.0,0.0,3.0,3.0,1.0,3.0,0.0,1.0,3.49,0.0,75.0,3.0,1.0,6.0,1.0,3.75,1.0,2.0,0.0,0.540816326530612,0.75,0.0,0.82548034,0.17451967
520,77,0.0,0.0,1.0,1.0,0.0,3.0,3.0,1.0,3.0,0.0,1.0,5.92,0.0,75.0,3.0,1.0,6.0,1.0,3.75,1.0,2.0,0.0,0.540816326530612,0.75,0.0,0.82548034,0.17451967
520,78,0.0,0.0,4.0,1.0,0.0,3.0,3.0,1.0,3.0,0.0,1.0,4.57,0.0,75.0,3.0,1.0,6.0,1.0,3.75,1.0,2.0,0.0,0.540816326530612,0.75,0.0,0.80343497,0.19656502
520,79,0.0,15.0,1.0,1.0,0.0,3.0,3.0,1.0,3.0,0.0,1.0,6.65,0.0,75.0,3.0,1.0,6.0,1.0,3.75,1.0,2.0,0.0,0.540816326530612,0.75,0.0,0.8163732,0.18362676
520,80,0.0,0.0,1.0,1.0,0.0,1.0,3.0,1.0,3.0,0.0,1.0,1.91,0.0,75.0,3.0,1.0,6.0,1.0,3.75,1.0,2.0,0.0,0.540816326530612,0.75,0.0,0.89242226,0.107577756
520,81,0.0,0.0,1.0,1.0,0.0,3.0,3.0,1.0,3.0,0.0,1.0,7.12,0.0,75.0,3.0,1.0,6.0,1.0,3.75,1.0,2.0,0.0,0.540816326530612,0.75,2.0,0.7576832,0.2423168
520,82,0.0,0.0,1.0,1.0,0.0,3.0,3.0,1.0,3.0,0.0,1.0,4.3,0.0,75.0,3.0,1.0,6.0,1.0,3.75,6.0,2.0,0.0,0.540816326530612,0.75,0.0,0.6136918,0.38630822
520,83,0.0,0.0,1.0,1.0,0.0,3.0,3.0,1.0,3.0,0.0,1.0,0.63,0.0,75.0,3.0,1.0,6.0,1.0,3.75,16.0,2.0,0.0,0.540816326530612,0.4,0.0,0.86936164,0.13063838
520,84,0.0,35.0,1.0,1.0,0.0,3.0,3.0,1.0,3.0,0.0,1.0,0.63,0.0,75.0,3.0,1.0,6.0,1.0,3.75,1.0,2.0,0.0,1.1,0.75,0.0,0.74031776,0.25968224
520,85,0.0,41.0,1.0,1.0,0.0,3.0,3.0,1.0,3.0,0.0,1.0,5.76,0.0,75.0,3.0,1.0,6.0,1.0,3.75,1.0,2.0,0.0,0.540816326530612,0.75,0.0,0.8163732,0.18362676
520,86,0.0,0.0,1.0,83.0,0.0,3.0,3.0,1.0,3.0,0.0,1.0,0.63,0.0,75.0,3.0,1.0,6.0,1.0,3.75,1.0,2.0,0.0,1.1,0.75,0.0,0.7911291,0.2088709
520,87,0.0,0.0,1.0,1.0,0.0,3.0,3.0,1.0,3.0,0.0,1.0,2.82,0.0,75.0,5.0,1.0,6.0,1.0,3.75,1.0,2.0,0.0,0.540816326530612,0.75,0.0,0.66195655,0.33804345
520,88,0.0,0.0,1.0,1.0,0.0,3.0,3.0,1.0,3.0,0.0,1.0,4.52,0.0,75.0,3.0,1.0,51.0,1.0,3.75,1.0,2.0,0.0,0.540816326530612,0.75,0.0,0.9053366,0.0946634
520,89,0.0,0.0,1.0,1.0,0.0,3.0,3.0,1.0,3.0,0.0,1.0,3.44,0.0,75.0,3.0,1.0,6.0,1.0,3.75,1.0,2.0,0.0,0.540816326530612,0.75,0.0,0.82548034,0.17451967
520,90,0.0,0.0,1.0,1.0,36.0,3.0,3.0,1.0,3.0,0.0,1.0,0.63,0.0,75.0,3.0,1.0,6.0,1.0,3.75,1.0,2.0,0.0,1.0,0.75,0.0,0.7432033,0.25679675
520,91,0.0,0.0,1.0,1.0,0.0,3.0,3.0,1.0,3.0,0.0,1.0,7.27,0.0,75.0,3.0,1.0,6.0,1.0,3.75,1.0,2.0,0.0,0.540816326530612,1.1,0.0,0.8154549,0.1845451
520,92,17.0,0.0,1.0,1.0,0.0,3.0,3.0,1.0,3.0,0.0,1.0,0.63,0.0,75.0,3.0,1.0,6.0,1.0,3.75,1.0,2.0,0.0,1.0,0.75,0.0,0.6651987,0.33480135
520,93,0.0,0.0,1.0,1.0,0.0,3.0,3.0,4.0,3.0,0.0,1.0,0.63,0.0,75.0,3.0,1.0,6.0,1.0,3.75,1.0,2.0,0.0,0.540816326530612,0.2,0.0,0.9205782,0.07942184
520,94,0.0,0.0,1.0,1.0,0.0,3.0,3.0,1.0,3.0,0.0,1.0,3.97,0.0,75.0,3.0,1.0,6.0,7.0,3.75,1.0,2.0,0.0,0.540816326530612,0.75,0.0,0.72707224,0.27292776
520,95,0.0,0.0,1.0,1.0,42.0,3.0,3.0,1.0,3.0,0.0,1.0,0.63,0.0,75.0,3.0,1.0,6.0,1.0,3.75,1.0,2.0,0.0,0.540816326530612,0.1,0.0,0.91776544,0.08223455
520,96,0.0,0.0,1.0,1.0,0.0,3.0,3.0,1.0,3.0,0.0,1.0,0.63,0.0,75.0,3.0,1.0,6.0,1.0,3.75,1.0,2.0,0.0,0.9,0.75,0.0,0.92099255,0.079007454
520,97,0.0,0.0,1.0,1.0,0.0,3.0,3.0,1.0,3.0,0.0,1.0,5.29,0.0,75.0,3.0,1.0,6.0,1.0,3.75,1.0,2.0,0.0,0.9,0.75,0.0,0.9754044,0.024595613
520,98,0.0,0.0,1.0,1.0,0.0,3.0,3.0,1.0,3.0,0.0,1.0,4.78,0.0,75.0,3.0,1.0,6.0,1.0,3.75,1.0,2.0,0.0,0.540816326530612,0.75,0.0,0.82548034,0.17451967
520,99,0.0,0.0,1.0,1.0,36.0,3.0,3.0,1.0,3.0,0.0,1.0,0.63,0.0,75.0,3.0,1.0,6.0,1.0,3.75,1.0,2.0,0.0,0.9,0.75,0.0,0.9221792,0.07782075
522,0,0.0,0.0,1.0,1.0,0.0,0.0,2.0,1.0,5.0,3.0,1.0,0.41,0.0,62.0,2.0,1.0,32.0,5.0,4.16666666666667,1.0,1.0,0.0,0.56989247311828,1.0,3.0,0.59965676,0.40034324
522,1,0.0,0.0,1.0,1.0,0.0,0.0,2.0,1.0,5.0,3.0,1.0,0.41,0.0,62.0,2.0,1.0,8.0,1.0,41.3,1.0,1.0,0.0,0.56989247311828,1.0,3.0,0.7729876,0.22701237
522,2,0.0,0.0,1.0,1.0,0.0,0.0,2.0,1.0,5.0,3.0,84.0,0.41,0.0,62.0,2.0,1.0,8.0,1.0,27.0,1.0,1.0,0.0,0.56989247311828,1.0,3.0,0.91354054,0.08645945
522,3,0.0,0.0,1.0,1.0,0.0,0.0,2.0,1.0,5.0,3.0,1.0,2.95,0.0,62.0,2.0,13.0,8.0,1.0,4.16666666666667,1.0,1.0,0.0,0.56989247311828,1.0,3.0,0.7941474,0.20585266
522,4,0.0,0.0,1.0,1.0,0.0,0.0,2.0,1.0,5.0,3.0,1.0,0.64,0.0,62.0,2.0,1.0,8.0,1.0,4.16666666666667,1.0,1.0,0.0,0.4,1.0,3.0,0.66611844,0.33388156
522,5,0.0,0.0,1.0,1.0,0.0,0.0,2.0,1.0,5.0,3.0,1.0,0.41,0.0,75.0,2.0,1.0,14.0,1.0,4.16666666666667,1.0,1.0,0.0,0.56989247311828,1.0,3.0,0.553974,0.44602603
522,6,0.0,0.0,1.0,1.0,0.0,0.0,2.0,1.0,5.0,3.0,1.0,7.01,0.0,62.0,2.0,1.0,8.0,1.0,4.16666666666667,1.0,1.0,0.0,0.56989247311828,1.0,3.0,0.8927154,0.10728461
522,7,0.0,0.0,1.0,1.0,22.0,0.0,2.0,1.0,5.0,3.0,1.0,0.41,0.0,62.0,2.0,1.0,8.0,1.0,4.16666666666667,1.0,1.0,0.0,0.7,1.0,3.0,0.6755417,0.3244583
522,8,0.0,0.0,1.0,1.0,0.0,0.0,2.0,1.0,5.0,3.0,1.0,4.02,0.0,62.0,2.0,1.0,8.0,1.0,4.16666666666667,18.0,1.0,0.0,0.56989247311828,1.0,3.0,0.80575556,0.19424444
522,9,0.0,0.0,1.0,1.0,0.0,0.0,2.0,1.0,5.0,3.0,1.0,4.91,0.0,62.0,2.0,1.0,8.0,1.0,4.16666666666667,1.0,1.0,0.0,0.56989247311828,0.7,3.0,0.8373618,0.16263819
522,10,0.0,0.0,1.0,1.0,0.0,0.0,2.0,1.0,5.0,3.0,1.0,5.44,0.0,62.0,2.0,1.0,8.0,1.0,4.16666666666667,1.0,1.0,0.0,0.56989247311828,1.0,3.0,0.8927154,0.10728461
522,11,0.0,0.0,1.0,1.0,0.0,0.0,2.0,1.0,5.0,3.0,1.0,0.41,0.0,100.0,2.0,1.0,8.0,1.0,4.16666666666667,9.0,1.0,0.0,0.56989247311828,1.0,3.0,0.81810766,0.18189235
522,12,0.0,0.0,1.0,1.0,0.0,0.0,2.0,1.0,5.0,3.0,1.0,4.61,0.0,74.0,2.0,1.0,8.0,1.0,4.16666666666667,1.0,1.0,0.0,0.56989247311828,1.0,3.0,0.92505413,0.07494589
522,13,0.0,0.0,1.0,1.0,0.0,0.0,2.0,1.0,5.0,3.0,1.0,0.41,0.0,62.0,2.0,1.0,8.0,1.0,43.1,1.0,1.0,0.0,0.56989247311828,0.9,3.0,0.56257415,0.43742588
522,14,0.0,0.0,1.0,1.0,0.0,0.0,2.0,1.0,5.0,3.0,1.0,3.4,0.0,62.0,2.0,1.0,8.0,1.0,4.16666666666667,1.0,1.0,0.0,0.56989247311828,1.0,3.0,0.8927154,0.10728461
522,15,0.0,0.0,1.0,1.0,0.0,0.0,2.0,1.0,5.0,3.0,1.0,0.41,0.0,62.0,2.0,1.0,8.0,1.0,24.5,1.0,1.0,0.0,0.56989247311828,1.0,3.0,0.7729876,0.22701237
522,16,0.0,0.0,1.0,1.0,0.0,0.0,2.0,1.0,5.0,3.0,1.0,0.41,0.0,62.0,2.0,1.0,8.0,1.0,4.16666666666667,1.0,10.0,0.0,0.56989247311828,1.0,1.0,0.7191171,0.2808829
522,17,0.0,0.0,1.0,1.0,0.0,0.0,2.0,1.0,5.0,3.0,1.0,0.41,0.0,62.0,2.0,1.0,8.0,1.0,22.8,1.0,1.0,0.0,0.56989247311828,1.0,3.0,0.7729876,0.22701237
522,18,0.0,0.0,1.0,1.0,0.0,0.0,2.0,1.0,5.0,3.0,1.0,0.41,0.0,87.0,2.0,1.0,8.0,1.0,15.5,1.0,1.0,0.0,0.56989247311828,1.0,3.0,0.98719305,0.0128069315
522,19,0.0,0.0,1.0,60.0,0.0,0.0,2.0,1.0,5.0,3.0,1.0,0.41,0.0,62.0,2.0,1.0,8.0,1.0,4.16666666666667,1.0,1.0,0.0,1.0,1.0,3.0,0.64652133,0.3534787
522,20,0.0,0.0,2.0,1.0,0.0,0.0,2.0,1.0,5.0,3.0,1.0,0.41,0.0,62.0,2.0,1.0,8.0,1.0,4.16666666666667,1.0,1.0,0.0,0.8,1.0,3.0,0.6121172,0.3878828
522,21,0.0,0.0,1.0,1.0,0.0,0.0,2.0,1.0,5.0,3.0,1.0,2.75,0.0,62.0,2.0,1.0,8.0,1.0,4.16666666666667,1.0,1.0,0.0,0.56989247311828,1.0,3.0,0.8106067,0.18939325
522,22,0.0,0.0,1.0,1.0,0.0,0.0,14.0,1.0,5.0,3.0,1.0,0.41,0.0,62.0,2.0,1.0,8.0,1.0,34.2,1.0,1.0,0.0,0.56989247311828,1.0,3.0,0.78599024,0.21400973
522,23,0.0,0.0,1.0,1.0,0.0,0.0,2.0,1.0,5.0,3.0,1.0,0.41,3.0,62.0,2.0,1.0,8.0,1.0,39.3,1.0,1.0,0.0,0.56989247311828,1.0,3.0,0.8019938,0.1980062
522,24,0.0,0.0,1.0,1.0,0.0,0.0,2.0,1.0,5.0,3.0,62.0,0.41,0.0,62.0,2.0,1.0,8.0,3.0,4.16666666666667,1.0,1.0,0.0,0.56989247311828,1.0,3.0,0.59362674,0.4063733
522,25,0.0,0.0,1.0,1.0,0.0,0.0,2.0,1.0,5.0,3.0,1.0,0.41,0.0,62.0,2.0,1.0,45.0,1.0,4.16666666666667,1.0,1.0,0.0,0.56989247311828,1.0,3.0,0.5705315,0.42946854
522,26,0.0,0.0,1.0,1.0,0.0,15.0,2.0,1.0,5.0,3.0,1.0,4.34,0.0,62.0,2.0,1.0,8.0,1.0,4.16666666666667,1.0,1.0,0.0,0.56989247311828,1.0,3.0,0.58512396,0.41487604
522,27,0.0,0.0,1.0,1.0,0.0,0.0,2.0,1.0,5.0,3.0,1.0,0.41,0.0,62.0,2.0,1.0,8.0,1.0,44.1,1.0,1.0,0.0,0.56989247311828,1.0,3.0,0.7729876,0.22701237
522,28,0.0,0.0,1.0,1.0,42.0,0.0,2.0,1.0,5.0,3.0,1.0,0.41,0.0,62.0,2.0,1.0,8.0,1.0,2.0,1.0,1.0,0.0,0.56989247311828,1.0,3.0,0.8426413,0.15735872
522,29,0.0,0.0,1.0,1.0,0.0,0.0,2.0,1.0,5.0,3.0,1.0,0.41,10.0,62.0,2.0,1.0,46.0,1.0,4.16666666666667,1.0,1.0,0.0,0.56989247311828,1.0,3.0,0.7792182,0.2207818
522,30,0.0,0.0,1.0,1.0,0.0,0.0,2.0,1.0,5.0,3.0,1.0,1.68,0.0,62.0,2.0,1.0,8.0,1.0,4.16666666666667,1.0,1.0,0.0,0.56989247311828,1.0,3.0,0.91923195,0.08076807
522,31,0.0,0.0,1.0,1.0,0.0,0.0,2.0,1.0,5.0,3.0,1.0,0.41,0.0,62.0,2.0,1.0,8.0,3.0,4.16666666666667,1.0,1.0,0.0,0.56989247311828,1.0,0.0,0.5408946,0.45910537
522,32,0.0,0.0,1.0,1.0,0.0,0.0,2.0,1.0,5.0,3.0,1.0,4.4,0.0,62.0,2.0,1.0,8.0,1.0,4.16666666666667,1.0,38.0,0.0,0.56989247311828,1.0,3.0,0.95608586,0.043914165
522,33,0.0,0.0,1.0,68.0,0.0,0.0,2.0,1.0,5.0,3.0,1.0,0.41,0.0,62.0,2.0,1.0,8.0,1.0,50.7,1.0,1.0,0.0,0.56989247311828,1.0,3.0,0.8018542,0.1981458
522,34,0.0,0.0,1.0,1.0,0.0,0.0,2.0,1.0,5.0,3.0,1.0,0.41,3.0,62.0,2.0,1.0,8.0,1.0,41.9,1.0,1.0,0.0,0.56989247311828,1.0,3.0,0.8019938,0.1980062
522,35,0.0,0.0,1.0,1.0,0.0,0.0,2.0,1.0,5.0,3.0,1.0,0.41,0.0,62.0,2.0,1.0,65.0,2.0,4.16666666666667,1.0,1.0,0.0,0.56989247311828,1.0,3.0,0.7140478,0.2859522
522,36,0.0,0.0,1.0,1.0,0.0,0.0,2.0,1.0,5.0,3.0,1.0,0.41,0.0,62.0,2.0,1.0,8.0,1.0,43.1,1.0,1.0,0.0,0.56989247311828,1.0,3.0,0.7729876,0.22701237
522,37,0.0,0.0,1.0,1.0,0.0,0.0,2.0,1.0,5.0,3.0,1.0,7.12,0.0,62.0,2.0,1.0,8.0,1.0,4.16666666666667,1.0,1.0,0.0,0.56989247311828,1.0,3.0,0.8927154,0.10728461
522,38,0.0,0.0,1.0,1.0,0.0,0.0,2.0,1.0,5.0,3.0,1.0,4.56,0.0,62.0,2.0,1.0,8.0,1.0,4.16666666666667,1.0,1.0,0.0,0.56989247311828,1.0,3.0,0.8927154,0.10728461
522,39,0.0,0.0,1.0,1.0,0.0,0.0,2.0,1.0,5.0,3.0,1.0,0.41,0.0,83.0,2.0,1.0,8.0,8.0,4.16666666666667,1.0,1.0,0.0,0.56989247311828,1.0,3.0,0.74237156,0.25762844
522,40,0.0,0.0,1.0,1.0,0.0,0.0,2.0,1.0,5.0,3.0,1.0,0.41,0.0,62.0,2.0,1.0,8.0,1.0,10.6,1.0,1.0,0.0,0.56989247311828,1.0,3.0,0.7729876,0.22701237
522,41,0.0,0.0,1.0,1.0,0.0,0.0,2.0,1.0,5.0,3.0,1.0,0.41,0.0,62.0,2.0,1.0,8.0,1.0,4.16666666666667,1.0,17.0,0.0,0.8,1.0,3.0,0.842365,0.15763496
522,42,0.0,0.0,1.0,1.0,0.0,0.0,2.0,1.0,17.0,3.0,1.0,0.41,0.0,62.0,2.0,1.0,65.0,1.0,4.16666666666667,1.0,1.0,0.0,0.56989247311828,1.0,3.0,0.59270084,0.40729913
522,43,0.0,0.0,1.0,1.0,0.0,0.0,2.0,1.0,5.0,3.0,1.0,0.41,0.0,62.0,2.0,1.0,8.0,3.0,41.9,1.0,1.0,0.0,0.56989247311828,1.0,3.0,0.8483871,0.15161286
522,44,0.0,0.0,1.0,1.0,0.0,0.0,2.0,1.0,5.0,3.0,1.0,0.41,0.0,62.0,2.0,1.0,8.0,1.0,47.7,1.0,1.0,0.0,0.56989247311828,1.0,3.0,0.7729876,0.22701237
522,45,0.0,0.0,0.0,1.0,0.0,0.0,2.0,1.0,5.0,3.0,1.0,2.06,0.0,62.0,2.0,1.0,8.0,1.0,4.16666666666667,1.0,1.0,0.0,0.56989247311828,1.0,3.0,0.9075253,0.09247473
522,46,0.0,0.0,1.0,1.0,22.0,0.0,2.0,1.0,5.0,3.0,1.0,0.41,0.0,62.0,2.0,1.0,8.0,1.0,4.16666666666667,1.0,1.0,0.0,0.9,1.0,3.0,0.71088403,0.28911597
522,47,0.0,0.0,1.0,1.0,0.0,0.0,2.0,1.0,5.0,3.0,1.0,2.08,0.0,62.0,2.0,1.0,8.0,5.0,4.16666666666667,1.0,1.0,0.0,0.56989247311828,1.0,3.0,0.8933684,0.1066316
522,48,0.0,0.0,1.0,1.0,0.0,0.0,2.0,1.0,5.0,3.0,1.0,4.23,0.0,62.0,2.0,1.0,8.0,1.0,4.16666666666667,1.0,1.0,0.0,0.56989247311828,1.0,3.0,0.8927154,0.10728461
522,49,0.0,0.0,1.0,1.0,0.0,0.0,2.0,1.0,5.0,3.0,1.0,4.79,0.0,62.0,2.0,1.0,8.0,1.0,4.16666666666667,1.0,1.0,0.0,0.56989247311828,1.0,1.0,0.9407784,0.059221596
522,50,0.0,0.0,1.0,1.0,0.0,0.0,2.0,1.0,5.0,3.0,1.0,0.41,7.0,62.0,2.0,1.0,8.0,1.0,39.5,1.0,1.0,0.0,0.56989247311828,1.0,3.0,0.7773315,0.22266854
522,51,0.0,0.0,1.0,1.0,0.0,0.0,2.0,1.0,5.0,3.0,1.0,0.41,9.0,62.0,2.0,1.0,8.0,1.0,48.0,1.0,1.0,0.0,0.56989247311828,1.0,3.0,0.7773315,0.22266854
522,52,0.0,0.0,1.0,1.0,0.0,0.0,2.0,1.0,5.0,3.0,1.0,0.41,0.0,62.0,2.0,1.0,8.0,1.0,36.5,1.0,2.0,0.0,0.56989247311828,1.0,3.0,0.8084248,0.19157521
522,53,0.0,0.0,1.0,1.0,0.0,0.0,2.0,3.0,5.0,3.0,51.0,0.41,0.0,62.0,2.0,1.0,8.0,1.0,4.16666666666667,1.0,1.0,0.0,0.56989247311828,1.0,3.0,0.55769676,0.44230324
522,54,0.0,0.0,1.0,1.0,0.0,0.0,2.0,1.0,5.0,3.0,1.0,0.41,0.0,62.0,2.0,1.0,8.0,7.0,17.3,1.0,1.0,0.0,0.56989247311828,1.0,3.0,0.81156546,0.18843454
522,55,0.0,0.0,1.0,1.0,0.0,0.0,2.0,1.0,5.0,3.0,119.0,0.41,0.0,62.0,2.0,1.0,8.0,1.0,4.16666666666667,1.0,6.0,0.0,0.56989247311828,1.0,3.0,0.7116779,0.2883221
522,56,4.0,0.0,1.0,1.0,0.0,0.0,2.0,1.0,5.0,3.0,1.0,2.1,0.0,62.0,2.0,1.0,8.0,1.0,4.16666666666667,1.0,1.0,0.0,0.56989247311828,1.0,3.0,0.9029922,0.097007826
522,57,0.0,0.0,1.0,1.0,0.0,0.0,2.0,1.0,5.0,3.0,1.0,2.96,0.0,62.0,2.0,1.0,8.0,1.0,4.16666666666667,1.0,1.0,0.0,0.56989247311828,1.0,3.0,0.8106067,0.18939325
522,58,0.0,0.0,1.0,1.0,0.0,0.0,2.0,1.0,5.0,3.0,1.0,0.41,0.0,62.0,2.0,1.0,40.0,1.0,4.16666666666667,1.0,38.0,0.0,0.56989247311828,1.0,3.0,0.7018552,0.29814482
522,59,0.0,0.0,1.0,1.0,0.0,0.0,2.0,1.0,5.0,3.0,1.0,5.4,0.0,62.0,2.0,25.0,8.0,1.0,4.16666666666667,1.0,1.0,0.0,0.56989247311828,1.0,3.0,0.88235617,0.11764384
522,60,0.0,0.0,1.0,1.0,0.0,0.0,2.0,1.0,5.0,3.0,92.0,0.41,0.0,62.0,2.0,1.0,8.0,1.0,22.0,1.0,1.0,0.0,0.56989247311828,1.0,3.0,0.91354054,0.08645945
522,61,0.0,0.0,1.0,1.0,0.0,0.0,2.0,1.0,5.0,3.0,1.0,0.41,0.0,62.0,2.0,1.0,8.0,1.0,15.8,1.0,1.0,0.0,0.56989247311828,1.0,3.0,0.7729876,0.22701237
522,62,0.0,0.0,1.0,1.0,0.0,0.0,2.0,1.0,5.0,3.0,1.0,0.41,0.0,62.0,2.0,1.0,8.0,1.0,9.0,1.0,1.0,0.0,0.56989247311828,1.0,3.0,0.7729876,0.22701237
522,63,0.0,0.0,1.0,1.0,0.0,17.0,2.0,1.0,5.0,3.0,1.0,0.41,0.0,88.0,2.0,1.0,8.0,1.0,4.16666666666667,1.0,1.0,0.0,0.56989247311828,1.0,3.0,0.6278076,0.3721924
522,64,0.0,0.0,3.0,1.0,0.0,0.0,2.0,1.0,5.0,3.0,1.0,5.71,0.0,62.0,2.0,1.0,8.0,1.0,4.16666666666667,1.0,1.0,0.0,0.56989247311828,1.0,3.0,0.852468,0.14753197
522,65,0.0,0.0,1.0,1.0,0.0,0.0,2.0,15.0,5.0,3.0,1.0,0.41,0.0,62.0,2.0,1.0,32.0,1.0,4.16666666666667,1.0,1.0,0.0,0.56989247311828,1.0,3.0,0.6345116,0.3654884
522,66,0.0,0.0,1.0,1.0,0.0,0.0,2.0,1.0,5.0,3.0,1.0,0.41,0.0,62.0,2.0,1.0,8.0,1.0,24.6,1.0,1.0,1.0,0.56989247311828,1.0,3.0,0.8061424,0.1938576
522,67,0.0,0.0,1.0,1.0,0.0,0.0,2.0,1.0,5.0,3.0,1.0,2.79,0.0,62.0,2.0,1.0,8.0,1.0,4.16666666666667,1.0,1.0,0.0,0.56989247311828,1.0,3.0,0.8106067,0.18939325
522,68,0.0,0.0,0.0,1.0,0.0,0.0,2.0,1.0,5.0,3.0,1.0,0.41,0.0,62.0,2.0,1.0,12.0,1.0,4.16666666666667,1.0,1.0,0.0,0.56989247311828,1.0,3.0,0.5235521,0.47644788
522,69,0.0,0.0,1.0,1.0,0.0,0.0,2.0,1.0,40.0,3.0,1.0,0.41,0.0,62.0,2.0,1.0,13.0,1.0,4.16666666666667,1.0,1.0,0.0,0.56989247311828,1.0,3.0,0.59270084,0.40729913
522,70,0.0,0.0,1.0,59.0,0.0,0.0,2.0,1.0,5.0,3.0,1.0,0.41,0.0,87.0,2.0,1.0,8.0,1.0,4.16666666666667,1.0,1.0,0.0,0.56989247311828,1.0,3.0,0.8688139,0.13118616
522,71,0.0,0.0,1.0,1.0,0.0,0.0,2.0,1.0,5.0,3.0,1.0,2.13,0.0,62.0,2.0,1.0,8.0,1.0,4.16666666666667,1.0,1.0,0.0,0.5,1.0,3.0,0.9338326,0.066167414
522,72,0.0,0.0,1.0,1.0,0.0,0.0,2.0,1.0,5.0,3.0,1.0,0.41,0.0,62.0,2.0,1.0,24.0,1.0,4.16666666666667,1.0,1.0,0.0,0.56989247311828,1.0,3.0,0.5705315,0.42946854
522,73,0.0,0.0,1.0,1.0,0.0,0.0,2.0,1.0,5.0,3.0,1.0,4.28,0.0,62.0,2.0,1.0,8.0,1.0,4.16666666666667,1.0,1.0,0.0,0.56989247311828,1.0,3.0,0.8927154,0.10728461
522,74,0.0,0.0,0.0,1.0,0.0,0.0,2.0,1.0,5.0,3.0,1.0,0.41,0.0,62.0,2.0,1.0,40.0,1.0,4.16666666666667,1.0,1.0,0.0,0.56989247311828,1.0,3.0,0.5705315,0.42946854
522,75,0.0,0.0,1.0,1.0,0.0,0.0,2.0,1.0,5.0,3.0,1.0,2.83,0.0,62.0,2.0,1.0,8.0,1.0,4.16666666666667,1.0,1.0,0.0,0.56989247311828,1.0,3.0,0.8106067,0.18939325
522,76,0.0,0.0,1.0,1.0,0.0,0.0,2.0,1.0,5.0,3.0,1.0,0.41,0.0,62.0,2.0,1.0,8.0,1.0,40.3,1.0,1.0,0.0,0.56989247311828,1.0,3.0,0.7729876,0.22701237
522,77,0.0,0.0,1.0,1.0,0.0,0.0,2.0,1.0,5.0,3.0,1.0,0.41,0.0,62.0,0.0,1.0,8.0,1.0,4.16666666666667,1.0,15.0,0.0,0.56989247311828,1.0,3.0,0.6060215,0.3939785
522,78,0.0,0.0,1.0,1.0,0.0,0.0,2.0,1.0,5.0,3.0,1.0,0.41,15.0,62.0,2.0,1.0,29.0,1.0,4.16666666666667,1.0,1.0,0.0,0.56989247311828,1.0,3.0,0.7792182,0.2207818
522,79,0.0,0.0,1.0,1.0,0.0,0.0,2.0,5.0,5.0,3.0,1.0,0.41,0.0,62.0,2.0,1.0,8.0,1.0,4.16666666666667,1.0,17.0,0.0,0.56989247311828,1.0,3.0,0.5138042,0.48619577
522,80,0.0,0.0,1.0,1.0,0.0,0.0,2.0,1.0,5.0,3.0,1.0,1.53,0.0,62.0,2.0,1.0,8.0,1.0,4.16666666666667,1.0,1.0,0.0,0.56989247311828,1.0,3.0,0.91923195,0.08076807
522,81,0.0,0.0,1.0,1.0,45.0,0.0,2.0,1.0,5.0,3.0,1.0,6.37,0.0,62.0,2.0,1.0,8.0,1.0,4.16666666666667,1.0,1.0,0.0,0.56989247311828,1.0,3.0,0.84947324,0.15052678
522,82,0.0,0.0,1.0,1.0,0.0,0.0,2.0,1.0,5.0,3.0,1.0,0.41,3.0,62.0,2.0,1.0,20.0,1.0,4.16666666666667,1.0,1.0,0.0,0.56989247311828,1.0,3.0,0.8037243,0.19627568
522,83,0.0,0.0,1.0,1.0,0.0,0.0,2.0,1.0,5.0,3.0,1.0,2.14,0.0,62.0,2.0,1.0,8.0,1.0,4.16666666666667,1.0,1.0,0.0,0.56989247311828,1.0,3.0,0.9075253,0.09247473
522,84,0.0,0.0,1.0,1.0,0.0,0.0,2.0,6.0,5.0,3.0,1.0,0.41,0.0,62.0,2.0,1.0,8.0,1.0,4.16666666666667,1.0,33.0,0.0,0.56989247311828,1.0,3.0,0.5138042,0.48619577
522,85,0.0,0.0,1.0,1.0,0.0,0.0,2.0,1.0,5.0,3.0,1.0,0.41,0.0,62.0,2.0,1.0,8.0,1.0,14.3,1.0,1.0,0.0,0.56989247311828,1.0,3.0,0.7729876,0.22701237
522,86,0.0,0.0,1.0,1.0,0.0,0.0,2.0,1.0,5.0,3.0,1.0,0.41,0.0,62.0,2.0,1.0,18.0,1.0,4.16666666666667,1.0,1.0,0.0,0.56989247311828,1.0,3.0,0.5705315,0.42946854
522,87,0.0,0.0,1.0,1.0,0.0,0.0,2.0,1.0,5.0,3.0,1.0,5.06,0.0,62.0,2.0,1.0,8.0,1.0,4.16666666666667,1.0,1.0,0.0,0.56989247311828,1.0,3.0,0.8927154,0.10728461
522,88,0.0,0.0,1.0,1.0,0.0,0.0,2.0,1.0,18.0,3.0,1.0,0.86,0.0,62.0,2.0,1.0,8.0,1.0,4.16666666666667,1.0,1.0,0.0,0.56989247311828,1.0,3.0,0.5270768,0.47292322
522,89,0.0,0.0,1.0,1.0,31.0,0.0,2.0,1.0,5.0,3.0,1.0,4.09,0.0,62.0,2.0,1.0,8.0,1.0,4.16666666666667,1.0,1.0,0.0,0.56989247311828,1.0,3.0,0.84947324,0.15052678
522,90,0.0,0.0,1.0,1.0,0.0,0.0,2.0,1.0,35.0,3.0,1.0,0.41,0.0,62.0,2.0,1.0,39.0,1.0,4.16666666666667,1.0,1.0,0.0,0.56989247311828,1.0,3.0,0.59270084,0.40729913
522,91,0.0,0.0,1.0,1.0,0.0,0.0,2.0,1.0,5.0,3.0,1.0,0.41,0.0,62.0,5.0,1.0,8.0,1.0,4.16666666666667,1.0,1.0,0.0,0.56989247311828,1.0,1.0,0.5744937,0.4255063
522,92,0.0,0.0,1.0,1.0,0.0,0.0,11.0,1.0,5.0,3.0,1.0,0.41,0.0,62.0,2.0,1.0,8.0,1.0,18.4,1.0,1.0,0.0,0.56989247311828,1.0,3.0,0.78599024,0.21400973
522,93,0.0,0.0,1.0,1.0,0.0,0.0,2.0,1.0,5.0,3.0,1.0,0.41,0.0,62.0,2.0,1.0,8.0,1.0,4.16666666666667,1.0,1.0,0.0,0.56989247311828,0.2,0.0,0.7434852,0.2565148
522,94,0.0,0.0,1.0,1.0,0.0,0.0,2.0,1.0,5.0,3.0,1.0,0.41,0.0,62.0,2.0,1.0,40.0,1.0,4.16666666666667,1.0,17.0,0.0,0.56989247311828,1.0,3.0,0.7018552,0.29814482
522,95,0.0,0.0,1.0,1.0,0.0,0.0,2.0,1.0,5.0,3.0,1.0,0.41,0.0,62.0,2.0,1.0,8.0,5.0,38.9,1.0,1.0,0.0,0.56989247311828,1.0,3.0,0.81156546,0.18843454
522,96,0.0,0.0,1.0,1.0,0.0,0.0,2.0,1.0,5.0,3.0,1.0,0.41,0.0,45.0,2.0,1.0,8.0,1.0,45.4,1.0,1.0,0.0,0.56989247311828,1.0,3.0,0.859007,0.14099301
522,97,0.0,0.0,1.0,1.0,0.0,0.0,2.0,1.0,5.0,3.0,1.0,6.93,0.0,62.0,2.0,1.0,8.0,1.0,48.5,1.0,1.0,0.0,0.56989247311828,1.0,3.0,0.9563375,0.043662507
522,98,0.0,0.0,1.0,1.0,0.0,16.0,2.0,1.0,5.0,3.0,1.0,3.35,0.0,62.0,2.0,1.0,8.0,1.0,4.16666666666667,1.0,1.0,0.0,0.56989247311828,1.0,3.0,0.58512396,0.41487604
522,99,0.0,0.0,1.0,1.0,0.0,0.0,2.0,1.0,5.0,3.0,1.0,0.41,0.0,100.0,2.0,1.0,8.0,1.0,4.16666666666667,40.0,1.0,0.0,0.56989247311828,1.0,3.0,0.81810766,0.18189235
523,0,14.0,0.0,1.0,2.0,1.0,1.0,4.0,10.0,29.0,14.0,39.0,0.14,0.0,93.0,1.0,2.0,2.0,2.0,43.1,0.0,0.0,0.0,0.417142857142857,0.666666666666667,1.0,0.6150185,0.38498148
523,1,2.0,0.0,1.0,2.0,1.0,1.0,3.0,10.0,29.0,0.0,54.0,0.14,0.0,19.0,1.0,2.0,42.0,2.0,4.25714285714286,28.0,0.0,0.0,1.0,0.666666666666667,1.0,0.6908433,0.30915672
523,2,2.0,0.0,1.0,2.0,1.0,1.0,3.0,10.0,29.0,37.0,39.0,2.33,0.0,93.0,1.0,31.0,6.0,2.0,16.2,0.0,0.0,0.0,0.417142857142857,0.666666666666667,1.0,0.57778424,0.42221576
523,3,2.0,38.0,1.0,2.0,1.0,1.0,3.0,10.0,29.0,37.0,67.0,1.37,3.0,93.0,1.0,2.0,42.0,2.0,4.25714285714286,0.0,0.0,0.0,0.417142857142857,0.2,1.0,0.54399383,0.4560062
523,4,2.0,0.0,1.0,2.0,1.0,1.0,3.0,10.0,29.0,18.0,39.0,1.53,0.0,93.0,1.0,2.0,42.0,2.0,4.25714285714286,41.0,23.0,3.0,0.417142857142857,0.666666666666667,1.0,0.51686424,0.48313576
523,5,2.0,0.0,1.0,2.0,1.0,6.0,4.0,10.0,29.0,3.0,39.0,7.02,0.0,93.0,1.0,2.0,42.0,2.0,4.25714285714286,0.0,0.0,3.0,0.417142857142857,0.666666666666667,1.0,0.6571528,0.34284726
523,6,2.0,0.0,1.0,2.0,1.0,1.0,3.0,10.0,29.0,3.0,39.0,0.14,0.0,93.0,1.0,2.0,42.0,2.0,4.25714285714286,0.0,0.0,0.0,1.0,0.9,2.0,0.82086486,0.17913514
523,7,5.0,0.0,1.0,2.0,1.0,1.0,3.0,10.0,29.0,0.0,10.0,0.14,0.0,93.0,1.0,2.0,42.0,2.0,4.25714285714286,0.0,38.0,0.0,0.417142857142857,0.666666666666667,1.0,0.55694866,0.44305137
523,8,2.0,39.0,1.0,2.0,1.0,1.0,3.0,10.0,17.0,37.0,39.0,7.24,0.0,93.0,7.0,2.0,42.0,2.0,4.25714285714286,0.0,0.0,0.0,1.1,0.666666666666667,1.0,0.6702311,0.32976887
523,9,12.0,0.0,1.0,2.0,1.0,1.0,3.0,10.0,29.0,16.0,39.0,0.14,0.0,93.0,1.0,43.0,42.0,2.0,4.25714285714286,0.0,0.0,0.0,1.0,0.666666666666667,1.0,0.79196244,0.20803754
523,10,2.0,0.0,1.0,2.0,1.0,1.0,3.0,10.0,29.0,3.0,39.0,0.14,0.0,93.0,1.0,4.0,42.0,2.0,4.25714285714286,0.0,0.0,0.0,1.0,0.9,2.0,0.8236086,0.17639142
523,11,3.0,0.0,1.0,2.0,1.0,1.0,3.0,10.0,29.0,5.0,39.0,0.14,0.0,93.0,1.0,31.0,23.0,2.0,4.25714285714286,0.0,0.0,0.0,0.417142857142857,0.2,1.0,0.5690357,0.4309643
523,12,2.0,0.0,1.0,2.0,1.0,1.0,3.0,10.0,29.0,4.0,39.0,0.14,10.0,59.0,2.0,2.0,42.0,2.0,4.25714285714286,0.0,0.0,0.0,1.1,0.666666666666667,1.0,0.8060788,0.19392118
523,13,2.0,0.0,1.0,2.0,1.0,1.0,3.0,10.0,0.0,7.0,39.0,0.14,0.0,93.0,8.0,2.0,42.0,2.0,4.25714285714286,0.0,0.0,0.0,0.417142857142857,0.666666666666667,1.0,0.51509815,0.48490185
523,14,2.0,0.0,1.0,2.0,1.0,1.0,2.0,10.0,29.0,8.0,39.0,2.3,0.0,93.0,1.0,2.0,42.0,2.0,4.25714285714286,0.0,37.0,0.0,0.5,0.666666666666667,1.0,0.93382293,0.066177055
523,15,2.0,0.0,1.0,2.0,1.0,1.0,10.0,10.0,29.0,8.0,39.0,1.87,0.0,93.0,1.0,2.0,42.0,2.0,4.25714285714286,0.0,0.0,0.0,0.417142857142857,0.666666666666667,1.0,0.77139056,0.22860943
523,16,2.0,0.0,1.0,28.0,1.0,1.0,1.0,10.0,29.0,7.0,39.0,0.14,0.0,28.0,1.0,2.0,42.0,0.0,4.25714285714286,0.0,0.0,0.0,0.417142857142857,0.666666666666667,1.0,0.80560803,0.194392
523,17,2.0,0.0,1.0,74.0,1.0,1.0,3.0,10.0,29.0,37.0,39.0,7.31,0.0,93.0,4.0,2.0,42.0,2.0,4.25714285714286,0.0,26.0,0.0,1.1,0.666666666666667,1.0,0.7270347,0.2729653
523,18,2.0,0.0,1.0,2.0,1.0,14.0,3.0,15.0,29.0,10.0,39.0,0.14,0.0,93.0,1.0,2.0,42.0,2.0,4.25714285714286,0.0,0.0,0.0,1.0,0.666666666666667,1.0,0.5551087,0.44489127
523,19,2.0,0.0,1.0,2.0,26.0,1.0,3.0,10.0,29.0,8.0,39.0,3.86,0.0,93.0,1.0,2.0,21.0,7.0,4.25714285714286,0.0,0.0,0.0,0.417142857142857,0.666666666666667,1.0,0.5083226,0.49167737
523,20,2.0,0.0,1.0,2.0,1.0,1.0,3.0,10.0,29.0,3.0,39.0,0.14,0.0,93.0,1.0,2.0,42.0,2.0,4.25714285714286,0.0,0.0,0.0,1.0,0.666666666666667,2.0,0.6952096,0.3047904
523,21,2.0,0.0,3.0,2.0,1.0,1.0,3.0,10.0,29.0,9.0,39.0,6.46,0.0,93.0,1.0,2.0,42.0,2.0,4.25714285714286,37.0,0.0,0.0,0.417142857142857,0.666666666666667,1.0,0.62259936,0.37740064
523,22,2.0,0.0,1.0,2.0,1.0,1.0,3.0,10.0,0.0,7.0,29.0,0.14,0.0,93.0,8.0,2.0,42.0,2.0,4.25714285714286,0.0,0.0,0.0,0.9,0.666666666666667,1.0,0.7120105,0.28798953
523,23,2.0,0.0,1.0,2.0,1.0,1.0,3.0,10.0,29.0,3.0,39.0,0.14,0.0,93.0,1.0,2.0,42.0,2.0,4.25714285714286,0.0,0.0,0.0,1.0,0.666666666666667,1.0,0.7508998,0.24910024
523,24,2.0,0.0,1.0,2.0,1.0,1.0,3.0,10.0,25.0,4.0,39.0,0.14,0.0,93.0,1.0,2.0,42.0,2.0,14.2,0.0,0.0,0.0,0.417142857142857,0.666666666666667,1.0,0.5200758,0.47992417
523,25,2.0,7.0,1.0,2.0,1.0,1.0,3.0,10.0,29.0,37.0,39.0,6.05,0.0,93.0,8.0,26.0,8.0,2.0,4.25714285714286,0.0,0.0,0.0,0.417142857142857,0.666666666666667,1.0,0.5783305,0.42166945
523,26,2.0,0.0,1.0,2.0,1.0,1.0,3.0,10.0,29.0,18.0,39.0,2.2,0.0,93.0,1.0,2.0,42.0,2.0,4.25714285714286,0.0,8.0,0.0,0.417142857142857,0.666666666666667,1.0,0.63301444,0.3669856
523,27,2.0,0.0,1.0,2.0,1.0,8.0,3.0,10.0,29.0,37.0,39.0,6.44,0.0,93.0,1.0,2.0,42.0,2.0,4.25714285714286,0.0,19.0,0.0,1.0,0.666666666666667,1.0,0.5837208,0.41627917
523,28,17.0,0.0,1.0,2.0,1.0,1.0,3.0,12.0,29.0,37.0,39.0,4.66,0.0,93.0,1.0,2.0,2.0,2.0,4.25714285714286,0.0,0.0,0.0,0.417142857142857,0.7,1.0,0.5706957,0.4293043
523,29,17.0,0.0,1.0,2.0,1.0,1.0,3.0,10.0,29.0,8.0,47.0,0.14,0.0,93.0,1.0,2.0,42.0,2.0,21.3,0.0,0.0,0.0,0.417142857142857,0.666666666666667,1.0,0.522097,0.47790298
523,30,2.0,40.0,1.0,2.0,1.0,1.0,3.0,15.0,29.0,37.0,53.0,2.23,0.0,93.0,1.0,2.0,42.0,2.0,4.25714285714286,0.0,0.0,0.0,0.417142857142857,0.3,1.0,0.5281116,0.4718884
523,31,2.0,0.0,1.0,62.0,1.0,1.0,3.0,10.0,29.0,5.0,7.0,0.14,0.0,93.0,1.0,1.0,42.0,2.0,4.25714285714286,0.0,32.0,0.0,0.417142857142857,0.666666666666667,1.0,0.5394363,0.46056372
523,32,7.0,0.0,1.0,2.0,1.0,1.0,3.0,10.0,29.0,37.0,39.0,1.54,0.0,93.0,1.0,26.0,42.0,2.0,4.25714285714286,0.0,0.0,0.0,0.5,0.2,1.0,0.61335,0.38665003
523,33,2.0,0.0,0.0,2.0,1.0,1.0,3.0,10.0,29.0,37.0,39.0,4.77,0.0,93.0,1.0,2.0,1.0,2.0,4.25714285714286,0.0,0.0,0.0,0.417142857142857,0.666666666666667,1.0,0.64447606,0.3555239
523,34,2.0,0.0,1.0,2.0,1.0,1.0,0.0,8.0,29.0,37.0,39.0,1.64,0.0,40.0,1.0,2.0,2.0,2.0,4.25714285714286,0.0,0.0,0.0,0.417142857142857,0.666666666666667,1.0,0.749098,0.250902
523,35,17.0,0.0,1.0,2.0,1.0,1.0,3.0,10.0,29.0,1.0,39.0,0.14,0.0,93.0,1.0,2.0,42.0,9.0,21.6,0.0,0.0,0.0,0.417142857142857,0.666666666666667,2.0,0.5218106,0.4781894
523,36,2.0,0.0,4.0,2.0,0.0,1.0,3.0,10.0,0.0,37.0,39.0,0.14,0.0,93.0,1.0,2.0,23.0,2.0,4.25714285714286,0.0,0.0,0.0,1.1,0.666666666666667,1.0,0.8489084,0.15109156
523,37,2.0,0.0,1.0,2.0,1.0,6.0,3.0,10.0,29.0,9.0,1.0,0.14,0.0,93.0,1.0,9.0,42.0,2.0,4.25714285714286,0.0,0.0,0.0,0.417142857142857,0.0,1.0,0.9467774,0.053222604
523,38,2.0,0.0,1.0,2.0,1.0,1.0,3.0,10.0,29.0,0.0,39.0,0.14,0.0,93.0,1.0,43.0,42.0,2.0,4.25714285714286,0.0,0.0,0.0,0.417142857142857,0.4,1.0,0.50969255,0.49030748
523,39,2.0,0.0,1.0,2.0,1.0,1.0,4.0,10.0,1.0,37.0,39.0,1.36,0.0,93.0,7.0,2.0,42.0,2.0,4.25714285714286,0.0,0.0,0.0,0.417142857142857,0.666666666666667,1.0,0.69133794,0.3086621
523,40,2.0,0.0,1.0,2.0,1.0,1.0,3.0,6.0,29.0,9.0,39.0,1.39,0.0,93.0,1.0,2.0,42.0,2.0,4.25714285714286,3.0,0.0,0.0,0.417142857142857,0.666666666666667,1.0,0.81350696,0.18649307
523,41,2.0,0.0,1.0,2.0,1.0,1.0,3.0,10.0,29.0,18.0,108.0,4.6,0.0,93.0,1.0,2.0,30.0,2.0,4.25714285714286,0.0,0.0,0.0,0.417142857142857,0.666666666666667,1.0,0.50141084,0.49858916
523,42,2.0,2.0,1.0,2.0,1.0,1.0,3.0,10.0,29.0,37.0,39.0,1.87,0.0,93.0,1.0,2.0,42.0,2.0,4.25714285714286,0.0,0.0,0.0,0.417142857142857,0.3,1.0,0.5724186,0.42758143
523,43,2.0,0.0,1.0,46.0,1.0,1.0,11.0,10.0,1.0,37.0,39.0,0.14,0.0,93.0,1.0,2.0,42.0,2.0,4.25714285714286,0.0,0.0,0.0,0.9,0.666666666666667,1.0,0.6041072,0.3958928
523,44,2.0,0.0,1.0,2.0,45.0,1.0,3.0,10.0,29.0,37.0,39.0,6.97,0.0,93.0,1.0,2.0,42.0,2.0,4.25714285714286,0.0,33.0,0.0,1.0,0.666666666666667,1.0,0.5838443,0.41615567
523,45,2.0,0.0,2.0,2.0,1.0,1.0,3.0,10.0,29.0,37.0,1.0,5.96,0.0,93.0,5.0,2.0,42.0,2.0,4.25714285714286,0.0,37.0,0.0,0.417142857142857,0.666666666666667,1.0,0.65236825,0.34763175
523,46,2.0,0.0,2.0,2.0,1.0,1.0,3.0,10.0,31.0,37.0,39.0,6.2,0.0,93.0,8.0,2.0,42.0,2.0,4.25714285714286,0.0,0.0,0.0,1.0,0.666666666666667,1.0,0.595783,0.40421697
523,47,2.0,38.0,1.0,2.0,1.0,1.0,3.0,10.0,29.0,37.0,39.0,1.37,3.0,93.0,1.0,2.0,42.0,2.0,4.25714285714286,0.0,0.0,0.0,0.417142857142857,0.2,1.0,0.54399383,0.4560062
523,48,2.0,0.0,1.0,2.0,1.0,1.0,3.0,10.0,29.0,37.0,39.0,7.38,0.0,93.0,5.0,2.0,42.0,2.0,4.25714285714286,0.0,0.0,0.0,1.1,0.666666666666667,1.0,0.6039983,0.3960017
523,49,2.0,0.0,1.0,2.0,1.0,1.0,3.0,10.0,29.0,11.0,39.0,1.56,0.0,93.0,4.0,2.0,42.0,2.0,4.25714285714286,0.0,6.0,0.0,0.417142857142857,0.666666666666667,1.0,0.54022807,0.45977193
523,50,2.0,0.0,1.0,2.0,1.0,1.0,3.0,10.0,25.0,4.0,39.0,0.14,13.0,93.0,1.0,2.0,42.0,2.0,14.2,0.0,0.0,0.0,0.417142857142857,0.666666666666667,1.0,0.5792115,0.42078853
523,51,2.0,0.0,1.0,2.0,1.0,1.0,3.0,10.0,29.0,37.0,39.0,2.09,7.0,93.0,1.0,2.0,42.0,0.0,4.25714285714286,0.0,0.0,0.0,0.417142857142857,0.3,1.0,0.52273697,0.47726303
523,52,2.0,39.0,1.0,2.0,1.0,1.0,3.0,10.0,17.0,37.0,39.0,7.24,0.0,93.0,1.0,2.0,42.0,2.0,4.25714285714286,0.0,0.0,0.0,1.1,0.666666666666667,1.0,0.50895405,0.49104592
523,53,2.0,0.0,1.0,2.0,1.0,1.0,4.0,10.0,29.0,3.0,39.0,7.02,0.0,93.0,1.0,2.0,42.0,2.0,4.25714285714286,0.0,0.0,3.0,0.417142857142857,0.666666666666667,1.0,0.8774866,0.12251343
523,54,17.0,0.0,1.0,2.0,1.0,1.0,3.0,12.0,29.0,37.0,39.0,4.66,0.0,93.0,1.0,2.0,2.0,2.0,4.25714285714286,0.0,0.0,0.0,0.417142857142857,0.666666666666667,1.0,0.7011072,0.2988928
523,55,2.0,0.0,1.0,2.0,1.0,1.0,3.0,10.0,29.0,3.0,39.0,2.6,0.0,25.0,1.0,2.0,42.0,2.0,4.25714285714286,0.0,0.0,0.0,0.417142857142857,0.666666666666667,1.0,0.66018283,0.3398172
523,56,2.0,40.0,1.0,2.0,1.0,1.0,3.0,10.0,29.0,37.0,53.0,2.23,0.0,93.0,1.0,2.0,42.0,2.0,4.25714285714286,0.0,0.0,0.0,0.417142857142857,0.3,1.0,0.5281116,0.4718884
523,57,2.0,0.0,1.0,2.0,1.0,1.0,3.0,10.0,29.0,18.0,39.0,3.91,0.0,93.0,1.0,2.0,64.0,2.0,4.25714285714286,0.0,2.0,0.0,0.417142857142857,0.666666666666667,1.0,0.53607637,0.46392363
523,58,2.0,0.0,1.0,2.0,1.0,1.0,3.0,12.0,29.0,37.0,39.0,4.66,0.0,93.0,1.0,2.0,2.0,2.0,4.25714285714286,0.0,0.0,0.0,0.417142857142857,0.666666666666667,1.0,0.64447606,0.3555239
523,59,2.0,0.0,3.0,2.0,1.0,1.0,3.0,10.0,29.0,9.0,39.0,6.46,0.0,93.0,1.0,2.0,42.0,2.0,4.25714285714286,37.0,0.0,2.0,0.417142857142857,0.666666666666667,1.0,0.62259936,0.37740064
523,60,2.0,0.0,1.0,2.0,1.0,1.0,3.0,10.0,29.0,37.0,39.0,6.3,0.0,93.0,1.0,2.0,42.0,2.0,4.25714285714286,0.0,36.0,0.0,1.0,0.666666666666667,1.0,0.59365416,0.4063458
523,61,2.0,42.0,1.0,2.0,42.0,1.0,3.0,10.0,29.0,37.0,39.0,0.14,0.0,93.0,1.0,2.0,6.0,2.0,4.25714285714286,0.0,0.0,0.0,1.0,0.666666666666667,1.0,0.54050404,0.45949596
523,62,14.0,0.0,1.0,2.0,1.0,1.0,3.0,10.0,29.0,14.0,39.0,0.14,0.0,93.0,1.0,2.0,2.0,2.0,43.1,0.0,0.0,0.0,0.417142857142857,0.666666666666667,1.0,0.5796065,0.42039353
523,63,2.0,0.0,1.0,2.0,1.0,1.0,3.0,18.0,29.0,37.0,39.0,6.85,0.0,93.0,6.0,2.0,42.0,2.0,4.25714285714286,0.0,0.0,0.0,1.0,0.666666666666667,1.0,0.6039983,0.3960017
523,64,2.0,0.0,1.0,2.0,30.0,1.0,3.0,10.0,29.0,37.0,39.0,6.6,14.0,13.0,1.0,2.0,42.0,2.0,4.25714285714286,0.0,0.0,0.0,1.0,0.666666666666667,1.0,0.5400046,0.45999536
523,65,2.0,0.0,1.0,87.0,1.0,1.0,3.0,10.0,27.0,10.0,39.0,0.14,0.0,93.0,1.0,2.0,42.0,2.0,4.25714285714286,0.0,0.0,0.0,1.1,0.666666666666667,1.0,0.68939483,0.31060517
523,66,2.0,0.0,0.0,2.0,1.0,1.0,3.0,10.0,29.0,37.0,39.0,4.77,0.0,7.0,1.0,2.0,1.0,2.0,4.25714285714286,0.0,18.0,0.0,0.417142857142857,0.666666666666667,1.0,0.7067596,0.29324046
523,67,2.0,0.0,1.0,2.0,1.0,1.0,3.0,15.0,29.0,6.0,98.0,0.14,0.0,93.0,1.0,2.0,42.0,2.0,47.4,0.0,0.0,0.0,1.0,0.666666666666667,1.0,0.8395556,0.16044441
523,68,2.0,0.0,1.0,2.0,1.0,1.0,3.0,10.0,0.0,37.0,39.0,0.14,0.0,93.0,1.0,2.0,42.0,2.0,8.0,28.0,0.0,0.0,0.417142857142857,0.2,1.0,0.53995705,0.46004298
523,69,2.0,0.0,1.0,2.0,1.0,1.0,3.0,18.0,29.0,17.0,39.0,7.22,0.0,93.0,1.0,2.0,42.0,2.0,4.25714285714286,0.0,0.0,0.0,0.417142857142857,1.1,1.0,0.5965116,0.4034884
523,70,2.0,0.0,1.0,46.0,1.0,1.0,3.0,10.0,1.0,37.0,39.0,6.88,0.0,93.0,1.0,2.0,42.0,2.0,4.25714285714286,0.0,0.0,0.0,0.417142857142857,0.666666666666667,1.0,0.54859895,0.45140105
523,71,2.0,0.0,1.0,2.0,1.0,1.0,0.0,10.0,22.0,37.0,39.0,7.12,0.0,93.0,1.0,2.0,42.0,2.0,4.25714285714286,0.0,0.0,0.0,1.1,0.666666666666667,1.0,0.542164,0.45783597
523,72,2.0,0.0,1.0,2.0,1.0,1.0,3.0,10.0,29.0,5.0,39.0,0.14,0.0,93.0,1.0,2.0,42.0,2.0,4.25714285714286,0.0,0.0,0.0,1.0,0.666666666666667,1.0,0.74141717,0.25858283
523,73,17.0,0.0,1.0,2.0,1.0,1.0,3.0,10.0,29.0,8.0,47.0,0.14,0.0,93.0,1.0,2.0,42.0,3.0,21.3,0.0,0.0,0.0,0.417142857142857,0.666666666666667,1.0,0.522097,0.47790298
523,74,2.0,0.0,1.0,2.0,1.0,1.0,1.0,10.0,29.0,10.0,39.0,0.14,0.0,93.0,1.0,2.0,42.0,2.0,4.25714285714286,0.0,0.0,0.0,0.6,0.5,1.0,0.51554734,0.48445266
523,75,2.0,0.0,1.0,2.0,1.0,1.0,13.0,10.0,29.0,0.0,39.0,0.14,0.0,99.0,4.0,2.0,42.0,2.0,29.0,0.0,0.0,0.0,0.417142857142857,0.666666666666667,1.0,0.6902578,0.30974224
523,76,2.0,0.0,1.0,2.0,1.0,1.0,3.0,10.0,29.0,18.0,39.0,1.53,0.0,93.0,1.0,2.0,42.0,2.0,4.25714285714286,41.0,23.0,0.0,0.417142857142857,0.666666666666667,1.0,0.51686424,0.48313576
523,77,2.0,31.0,1.0,2.0,1.0,12.0,11.0,10.0,29.0,37.0,39.0,6.3,0.0,93.0,1.0,2.0,42.0,2.0,4.25714285714286,0.0,0.0,0.0,1.0,0.666666666666667,1.0,0.5717929,0.4282071
523,78,2.0,0.0,1.0,2.0,1.0,1.0,3.0,10.0,22.0,18.0,39.0,2.2,0.0,93.0,1.0,2.0,42.0,2.0,4.25714285714286,0.0,8.0,0.0,0.417142857142857,0.666666666666667,1.0,0.63301444,0.3669856
523,79,2.0,0.0,1.0,2.0,1.0,1.0,3.0,10.0,29.0,0.0,39.0,0.14,0.0,19.0,1.0,2.0,42.0,2.0,4.25714285714286,28.0,0.0,0.0,1.0,0.666666666666667,1.0,0.5991001,0.40089992
523,80,2.0,0.0,1.0,70.0,1.0,1.0,9.0,10.0,29.0,37.0,39.0,0.14,0.0,93.0,1.0,32.0,42.0,2.0,4.25714285714286,0.0,7.0,0.0,1.0,0.666666666666667,1.0,0.5335122,0.46648782
523,81,2.0,0.0,1.0,2.0,1.0,1.0,3.0,10.0,29.0,37.0,78.0,1.42,1.0,93.0,1.0,2.0,4.0,2.0,4.25714285714286,0.0,0.0,0.0,0.417142857142857,0.2,1.0,0.5447167,0.4552833
523,82,2.0,42.0,1.0,2.0,42.0,1.0,3.0,10.0,29.0,37.0,39.0,0.14,0.0,93.0,1.0,2.0,6.0,2.0,4.25714285714286,0.0,0.0,3.0,1.0,0.666666666666667,1.0,0.58958507,0.41041493
523,83,2.0,0.0,1.0,12.0,1.0,1.0,3.0,10.0,1.0,37.0,39.0,5.26,0.0,66.0,1.0,2.0,42.0,2.0,4.25714285714286,0.0,0.0,0.0,0.417142857142857,0.666666666666667,1.0,0.505547,0.494453
523,84,2.0,0.0,1.0,2.0,1.0,1.0,3.0,10.0,29.0,37.0,39.0,6.78,1.0,93.0,5.0,2.0,42.0,2.0,4.25714285714286,22.0,0.0,0.0,1.0,0.666666666666667,1.0,0.5284531,0.4715469
523,85,9.0,0.0,3.0,2.0,1.0,1.0,3.0,10.0,29.0,14.0,39.0,3.34,0.0,93.0,6.0,2.0,42.0,2.0,4.25714285714286,0.0,0.0,0.0,0.417142857142857,0.666666666666667,1.0,0.5439331,0.4560669
523,86,2.0,0.0,1.0,2.0,1.0,1.0,3.0,10.0,29.0,15.0,39.0,0.14,0.0,93.0,1.0,2.0,42.0,2.0,4.25714285714286,0.0,0.0,0.0,1.1,0.666666666666667,1.0,0.5910407,0.40895933
523,87,2.0,0.0,1.0,2.0,1.0,1.0,1.0,10.0,29.0,10.0,39.0,0.14,0.0,93.0,1.0,12.0,42.0,2.0,4.25714285714286,0.0,0.0,0.0,0.6,0.5,1.0,0.6327198,0.3672802
523,88,2.0,0.0,2.0,2.0,1.0,1.0,3.0,10.0,29.0,56.0,39.0,0.14,0.0,93.0,1.0,2.0,9.0,2.0,4.25714285714286,0.0,0.0,0.0,1.0,0.666666666666667,1.0,0.59072816,0.40927187
523,89,2.0,0.0,1.0,2.0,0.0,1.0,3.0,10.0,0.0,37.0,39.0,0.14,0.0,93.0,1.0,2.0,23.0,2.0,4.25714285714286,0.0,0.0,0.0,1.1,0.666666666666667,1.0,0.87415063,0.12584937
523,90,2.0,0.0,0.0,2.0,0.0,1.0,3.0,10.0,29.0,4.0,39.0,0.14,12.0,93.0,1.0,2.0,42.0,2.0,4.25714285714286,0.0,0.0,0.0,0.417142857142857,0.9,1.0,0.51315624,0.48684376
523,91,2.0,28.0,1.0,2.0,1.0,1.0,3.0,10.0,29.0,37.0,39.0,1.36,0.0,93.0,1.0,2.0,42.0,2.0,4.25714285714286,0.0,0.0,2.0,0.417142857142857,0.2,1.0,0.5281116,0.4718884
523,92,2.0,0.0,1.0,2.0,1.0,1.0,3.0,10.0,29.0,37.0,39.0,1.54,0.0,93.0,1.0,26.0,42.0,2.0,4.25714285714286,0.0,0.0,0.0,0.417142857142857,0.2,1.0,0.60904276,0.3909572
523,93,2.0,0.0,1.0,2.0,1.0,1.0,3.0,10.0,29.0,37.0,13.0,0.14,0.0,93.0,1.0,2.0,42.0,2.0,4.25714285714286,0.0,0.0,0.0,0.417142857142857,0.1,1.0,0.5252688,0.47473118
523,94,2.0,0.0,1.0,2.0,1.0,1.0,11.0,10.0,1.0,37.0,39.0,0.14,0.0,93.0,1.0,2.0,42.0,2.0,4.25714285714286,0.0,0.0,0.0,0.9,0.666666666666667,1.0,0.55809736,0.44190264
523,95,2.0,0.0,1.0,2.0,1.0,1.0,3.0,10.0,29.0,5.0,39.0,0.14,0.0,93.0,1.0,2.0,42.0,2.0,46.7,0.0,0.0,0.0,1.0,0.666666666666667,4.0,0.70457137,0.29542863
523,96,2.0,0.0,1.0,2.0,1.0,17.0,10.0,18.0,29.0,8.0,39.0,1.87,0.0,93.0,1.0,2.0,42.0,2.0,4.25714285714286,0.0,0.0,0.0,0.417142857142857,0.666666666666667,1.0,0.7134799,0.28652015
523,97,2.0,0.0,1.0,2.0,1.0,1.0,3.0,10.0,0.0,7.0,39.0,0.14,0.0,93.0,8.0,2.0,42.0,2.0,4.25714285714286,0.0,0.0,0.0,0.9,0.666666666666667,1.0,0.8439754,0.1560246
523,98,2.0,0.0,1.0,2.0,1.0,1.0,3.0,7.0,29.0,15.0,39.0,0.14,0.0,93.0,1.0,2.0,42.0,2.0,51.7,0.0,0.0,0.0,1.1,0.666666666666667,1.0,0.58811975,0.41188022
523,99,2.0,0.0,1.0,2.0,1.0,1.0,3.0,10.0,29.0,0.0,39.0,0.14,0.0,93.0,1.0,43.0,15.0,2.0,4.25714285714286,0.0,0.0,0.0,0.417142857142857,0.4,1.0,0.5520208,0.4479792
714,0,0.0,0.0,1.0,0.0,0.0,1.0,2.0,1.0,0.0,1.0,16.0,0.34,3.0,62.0,2.0,0.0,12.0,2.0,43.3,0.0,0.0,0.0,0.526785714285714,1.0,1.0,0.91158754,0.08841244
714,1,0.0,0.0,1.0,0.0,0.0,1.0,2.0,1.0,0.0,1.0,16.0,0.34,1.0,62.0,2.0,15.0,3.0,2.0,2.1875,0.0,0.0,0.0,0.526785714285714,1.0,1.0,0.9477178,0.052282233
714,2,0.0,0.0,1.0,0.0,0.0,1.0,2.0,1.0,0.0,1.0,16.0,0.34,1.0,62.0,2.0,0.0,12.0,2.0,12.9,0.0,0.0,3.0,0.526785714285714,1.0,1.0,0.76928943,0.23071058
714,3,0.0,0.0,1.0,0.0,0.0,1.0,2.0,1.0,0.0,1.0,16.0,0.34,1.0,62.0,2.0,0.0,7.0,2.0,2.1875,0.0,13.0,0.0,0.526785714285714,1.0,1.0,0.8155885,0.18441153
714,4,0.0,0.0,1.0,0.0,0.0,1.0,2.0,1.0,0.0,1.0,140.0,0.34,1.0,62.0,2.0,0.0,12.0,2.0,2.1875,20.0,0.0,0.0,0.526785714285714,1.0,1.0,0.62193596,0.37806407
714,5,0.0,0.0,1.0,0.0,0.0,1.0,2.0,1.0,0.0,1.0,16.0,0.34,1.0,62.0,2.0,0.0,12.0,2.0,27.8,0.0,0.0,0.0,0.526785714285714,1.0,1.0,0.7319276,0.26807243
714,6,0.0,0.0,1.0,0.0,0.0,1.0,2.0,1.0,0.0,1.0,16.0,0.34,1.0,62.0,2.0,0.0,12.0,2.0,47.8,0.0,0.0,0.0,0.526785714285714,1.0,1.0,0.7319276,0.26807243
714,7,0.0,0.0,1.0,0.0,0.0,1.0,2.0,16.0,0.0,1.0,16.0,0.34,1.0,62.0,2.0,0.0,12.0,2.0,45.8,0.0,0.0,0.0,0.526785714285714,1.0,1.0,0.787052,0.21294801
714,8,0.0,0.0,1.0,0.0,0.0,1.0,2.0,1.0,0.0,1.0,16.0,4.08,1.0,62.0,2.0,0.0,30.0,2.0,2.1875,0.0,0.0,0.0,0.526785714285714,1.0,1.0,0.7713369,0.22866312
714,9,4.0,0.0,1.0,0.0,0.0,1.0,2.0,1.0,0.0,1.0,16.0,3.23,1.0,62.0,2.0,0.0,12.0,2.0,2.1875,0.0,0.0,0.0,0.526785714285714,1.0,1.0,0.5487176,0.45128235
714,10,0.0,0.0,1.0,0.0,0.0,1.0,2.0,1.0,0.0,1.0,16.0,0.34,1.0,62.0,2.0,0.0,12.0,2.0,46.2,0.0,0.0,3.0,0.526785714285714,1.0,1.0,0.76928943,0.23071058
714,11,0.0,0.0,1.0,0.0,0.0,1.0,2.0,1.0,0.0,1.0,16.0,3.5,1.0,62.0,2.0,0.0,12.0,2.0,2.1875,0.0,0.0,0.0,0.526785714285714,1.0,1.0,0.58017087,0.41982916
714,12,0.0,0.0,1.0,0.0,0.0,1.0,2.0,1.0,0.0,1.0,16.0,0.34,1.0,62.0,2.0,0.0,12.0,2.0,38.0,0.0,9.0,0.0,0.526785714285714,1.0,1.0,0.8600794,0.1399206
714,13,0.0,0.0,1.0,0.0,0.0,1.0,9.0,1.0,0.0,1.0,67.0,0.34,1.0,62.0,2.0,0.0,12.0,2.0,2.1875,0.0,0.0,0.0,0.526785714285714,1.0,1.0,0.56735647,0.4326435
714,14,0.0,0.0,1.0,0.0,0.0,1.0,2.0,1.0,0.0,1.0,57.0,0.34,1.0,62.0,2.0,35.0,12.0,2.0,2.1875,0.0,0.0,0.0,0.526785714285714,1.0,1.0,0.7460574,0.2539426
714,15,0.0,0.0,1.0,0.0,0.0,1.0,2.0,1.0,0.0,1.0,86.0,0.34,1.0,62.0,2.0,0.0,12.0,2.0,2.1875,0.0,38.0,0.0,0.526785714285714,1.0,1.0,0.8675451,0.13245484
714,16,0.0,0.0,1.0,0.0,0.0,1.0,2.0,1.0,0.0,1.0,16.0,0.34,7.0,62.0,2.0,0.0,12.0,2.0,39.5,0.0,0.0,0.0,0.526785714285714,1.0,1.0,0.87197006,0.12802997
714,17,0.0,0.0,1.0,0.0,0.0,1.0,2.0,6.0,0.0,1.0,16.0,0.34,1.0,62.0,2.0,0.0,12.0,2.0,34.6,0.0,0.0,0.0,0.526785714285714,1.0,1.0,0.86112124,0.13887878
714,18,0.0,0.0,1.0,0.0,0.0,1.0,2.0,1.0,0.0,1.0,16.0,0.34,1.0,62.0,2.0,0.0,12.0,2.0,18.1,0.0,0.0,0.0,0.526785714285714,1.0,1.0,0.7319276,0.26807243
714,19,0.0,0.0,1.0,0.0,0.0,1.0,2.0,1.0,0.0,1.0,16.0,0.34,8.0,62.0,2.0,0.0,12.0,2.0,2.1875,0.0,5.0,0.0,0.526785714285714,1.0,1.0,0.5775553,0.4224447
714,20,0.0,0.0,1.0,0.0,0.0,1.0,2.0,1.0,0.0,1.0,16.0,0.34,1.0,62.0,2.0,52.0,12.0,2.0,14.6,0.0,0.0,0.0,0.526785714285714,1.0,1.0,0.78142565,0.21857433
714,21,0.0,0.0,1.0,0.0,0.0,1.0,2.0,1.0,0.0,2.0,63.0,0.34,1.0,62.0,2.0,0.0,12.0,2.0,2.1875,0.0,0.0,0.0,0.526785714285714,1.0,1.0,0.6952153,0.30478472
714,22,0.0,0.0,1.0,0.0,0.0,1.0,2.0,11.0,0.0,1.0,16.0,0.34,1.0,62.0,2.0,0.0,12.0,2.0,2.1875,0.0,13.0,0.0,0.526785714285714,1.0,1.0,0.55108804,0.44891196
714,23,0.0,0.0,1.0,0.0,0.0,1.0,2.0,1.0,0.0,1.0,60.0,0.34,1.0,62.0,2.0,0.0,12.0,2.0,2.1875,0.0,0.0,0.0,0.526785714285714,1.0,1.0,0.6952153,0.30478472
714,24,0.0,0.0,1.0,0.0,0.0,1.0,2.0,1.0,0.0,1.0,16.0,0.34,1.0,62.0,2.0,0.0,12.0,2.0,17.7,0.0,0.0,0.0,0.526785714285714,1.0,0.0,0.6263531,0.37364691
714,25,0.0,0.0,1.0,0.0,0.0,1.0,2.0,1.0,0.0,1.0,16.0,0.34,1.0,62.0,2.0,0.0,12.0,2.0,10.0,2.0,0.0,0.0,0.526785714285714,1.0,1.0,0.71490717,0.28509283
714,26,0.0,0.0,1.0,0.0,0.0,1.0,2.0,1.0,0.0,1.0,4.0,0.34,1.0,62.0,2.0,0.0,12.0,2.0,2.1875,0.0,0.0,0.0,0.526785714285714,1.0,1.0,0.8710553,0.12894471
714,27,0.0,0.0,1.0,0.0,0.0,1.0,2.0,1.0,0.0,1.0,16.0,0.34,1.0,62.0,7.0,0.0,12.0,2.0,18.1,0.0,0.0,0.0,0.526785714285714,1.0,1.0,0.82008886,0.17991114
714,28,0.0,0.0,1.0,0.0,0.0,1.0,2.0,1.0,0.0,1.0,134.0,0.34,1.0,62.0,2.0,0.0,12.0,2.0,2.1875,0.0,0.0,0.0,0.526785714285714,1.0,1.0,0.6952153,0.30478472
714,29,0.0,0.0,1.0,0.0,0.0,1.0,2.0,1.0,0.0,1.0,143.0,0.34,1.0,62.0,2.0,0.0,12.0,2.0,2.1875,0.0,0.0,0.0,0.526785714285714,1.0,1.0,0.6952153,0.30478472
714,30,0.0,0.0,1.0,0.0,0.0,0.0,2.0,1.0,0.0,1.0,16.0,0.34,1.0,62.0,2.0,0.0,12.0,3.0,2.1875,0.0,0.0,0.0,0.526785714285714,1.0,1.0,0.59941685,0.40058312
714,31,0.0,0.0,1.0,0.0,0.0,1.0,2.0,1.0,0.0,1.0,16.0,1.41,1.0,62.0,2.0,0.0,43.0,2.0,2.1875,0.0,0.0,0.0,0.526785714285714,1.0,1.0,0.73789537,0.2621046
714,32,0.0,0.0,1.0,0.0,0.0,1.0,2.0,1.0,0.0,1.0,16.0,3.5,1.0,62.0,2.0,0.0,12.0,2.0,2.1875,9.0,0.0,0.0,0.526785714285714,1.0,1.0,0.53418577,0.46581426
714,33,0.0,0.0,1.0,36.0,0.0,1.0,2.0,1.0,0.0,1.0,16.0,0.34,1.0,62.0,2.0,0.0,12.0,2.0,2.1875,0.0,0.0,0.0,0.6,1.0,1.0,0.5249238,0.47507617
714,34,0.0,0.0,1.0,0.0,0.0,1.0,2.0,1.0,0.0,1.0,16.0,6.07,1.0,62.0,2.0,0.0,12.0,2.0,2.1875,0.0,0.0,0.0,0.526785714285714,1.0,1.0,0.58017087,0.41982916
714,35,0.0,0.0,1.0,0.0,0.0,1.0,2.0,1.0,0.0,1.0,84.0,0.34,1.0,62.0,2.0,0.0,12.0,2.0,27.0,0.0,0.0,0.0,0.526785714285714,1.0,1.0,0.95996827,0.04003175
714,36,0.0,0.0,1.0,0.0,0.0,1.0,2.0,1.0,0.0,1.0,16.0,3.24,1.0,62.0,2.0,0.0,12.0,2.0,2.1875,0.0,0.0,0.0,0.526785714285714,1.0,1.0,0.58017087,0.41982916
714,37,0.0,0.0,1.0,0.0,0.0,1.0,2.0,1.0,0.0,1.0,16.0,6.13,1.0,62.0,2.0,0.0,12.0,2.0,42.9,0.0,0.0,0.0,0.526785714285714,1.0,1.0,0.829615,0.17038502
714,38,0.0,0.0,1.0,0.0,0.0,1.0,2.0,1.0,0.0,1.0,16.0,0.34,1.0,2.0,2.0,0.0,25.0,2.0,2.1875,0.0,0.0,0.0,0.526785714285714,1.0,1.0,0.54372925,0.45627075
714,39,0.0,0.0,1.0,0.0,0.0,1.0,2.0,1.0,0.0,1.0,16.0,0.34,14.0,62.0,2.0,0.0,12.0,2.0,2.1875,0.0,38.0,0.0,0.526785714285714,1.0,1.0,0.5775553,0.4224447
714,40,0.0,0.0,1.0,0.0,0.0,1.0,2.0,3.0,0.0,1.0,16.0,0.34,1.0,62.0,2.0,0.0,12.0,2.0,2.1875,0.0,31.0,0.0,0.526785714285714,1.0,1.0,0.7033956,0.2966044
714,41,0.0,0.0,1.0,0.0,0.0,1.0,2.0,1.0,0.0,1.0,130.0,0.34,1.0,62.0,2.0,0.0,25.0,2.0,2.1875,0.0,0.0,0.0,0.526785714285714,1.0,1.0,0.86271447,0.13728553
714,42,0.0,0.0,1.0,0.0,0.0,1.0,2.0,1.0,0.0,1.0,16.0,0.64,1.0,62.0,2.0,0.0,12.0,2.0,2.1875,0.0,0.0,0.0,0.4,1.0,1.0,0.76631814,0.23368184
714,43,0.0,0.0,1.0,0.0,0.0,1.0,2.0,1.0,0.0,1.0,16.0,4.4,1.0,62.0,2.0,0.0,12.0,2.0,2.1875,0.0,38.0,0.0,0.526785714285714,1.0,1.0,0.534154,0.465846
714,44,0.0,0.0,4.0,0.0,0.0,1.0,2.0,1.0,0.0,1.0,16.0,0.34,1.0,62.0,2.0,0.0,12.0,2.0,41.6,0.0,0.0,0.0,0.526785714285714,1.0,1.0,0.6984374,0.3015626
714,45,0.0,0.0,1.0,0.0,0.0,1.0,2.0,1.0,0.0,1.0,16.0,1.73,1.0,62.0,2.0,0.0,12.0,2.0,2.1875,22.0,0.0,0.0,0.526785714285714,1.0,1.0,0.5359982,0.4640018
714,46,0.0,0.0,1.0,0.0,0.0,1.0,2.0,1.0,0.0,1.0,0.0,0.34,1.0,62.0,2.0,0.0,12.0,2.0,2.1875,0.0,0.0,0.0,0.526785714285714,1.0,1.0,0.92482513,0.07517489
714,47,0.0,0.0,1.0,0.0,0.0,1.0,2.0,1.0,0.0,1.0,16.0,0.34,1.0,62.0,2.0,0.0,12.0,2.0,13.7,0.0,0.0,0.0,0.5,1.0,1.0,0.853485,0.146515
714,48,0.0,0.0,1.0,0.0,0.0,1.0,2.0,1.0,0.0,1.0,81.0,0.34,1.0,62.0,2.0,0.0,12.0,2.0,2.1875,0.0,0.0,0.0,0.526785714285714,1.0,1.0,0.6952153,0.30478472
714,49,0.0,0.0,1.0,0.0,0.0,1.0,1.0,1.0,0.0,1.0,16.0,0.34,1.0,62.0,5.0,0.0,12.0,2.0,2.1875,0.0,0.0,0.0,0.526785714285714,1.0,1.0,0.55961114,0.44038886
714,50,0.0,0.0,1.0,0.0,0.0,1.0,2.0,1.0,0.0,1.0,16.0,0.34,1.0,62.0,2.0,0.0,6.0,2.0,2.1875,20.0,0.0,0.0,0.526785714285714,1.0,1.0,0.5731671,0.42683288
714,51,0.0,0.0,1.0,0.0,0.0,1.0,2.0,1.0,0.0,1.0,16.0,0.34,1.0,62.0,2.0,0.0,2.0,2.0,2.1875,0.0,0.0,0.0,0.526785714285714,1.0,3.0,0.9335449,0.06645515
714,52,0.0,0.0,1.0,0.0,0.0,1.0,2.0,1.0,0.0,1.0,16.0,0.34,1.0,62.0,2.0,0.0,12.0,2.0,3.5,0.0,0.0,0.0,0.526785714285714,1.0,1.0,0.71629727,0.2837027
714,53,0.0,0.0,1.0,0.0,0.0,1.0,2.0,1.0,0.0,1.0,16.0,0.34,1.0,62.0,2.0,22.0,12.0,2.0,2.1875,0.0,23.0,0.0,0.526785714285714,1.0,1.0,0.5335864,0.46641365
714,54,0.0,0.0,1.0,0.0,0.0,1.0,2.0,1.0,0.0,1.0,16.0,0.34,1.0,62.0,2.0,0.0,8.0,2.0,2.1875,0.0,0.0,0.0,0.526785714285714,1.0,1.0,0.73991907,0.2600809
714,55,0.0,0.0,1.0,0.0,0.0,1.0,2.0,1.0,0.0,1.0,16.0,1.42,1.0,62.0,2.0,0.0,12.0,2.0,2.1875,14.0,0.0,0.0,0.526785714285714,1.0,1.0,0.5359982,0.4640018
714,56,0.0,0.0,1.0,0.0,0.0,1.0,2.0,1.0,0.0,1.0,16.0,0.34,1.0,62.0,2.0,0.0,12.0,2.0,12.1,0.0,0.0,0.0,0.526785714285714,1.0,1.0,0.7319276,0.26807243
714,57,0.0,0.0,1.0,0.0,0.0,1.0,2.0,1.0,0.0,1.0,130.0,0.34,12.0,62.0,2.0,0.0,12.0,2.0,2.1875,0.0,0.0,0.0,0.526785714285714,1.0,1.0,0.8106271,0.18937287
714,58,0.0,0.0,1.0,0.0,0.0,1.0,2.0,1.0,0.0,1.0,82.0,0.34,1.0,62.0,2.0,0.0,12.0,2.0,2.1875,0.0,0.0,1.0,0.526785714285714,1.0,1.0,0.7358471,0.26415288
714,59,0.0,0.0,1.0,28.0,0.0,1.0,1.0,1.0,0.0,1.0,16.0,0.34,1.0,62.0,2.0,0.0,12.0,2.0,2.1875,0.0,0.0,0.0,0.526785714285714,1.0,1.0,0.6879122,0.31208774
714,60,0.0,0.0,1.0,0.0,0.0,1.0,2.0,1.0,0.0,1.0,16.0,0.34,1.0,62.0,4.0,0.0,12.0,2.0,31.5,0.0,0.0,0.0,0.526785714285714,1.0,1.0,0.7319276,0.26807243
714,61,0.0,0.0,1.0,0.0,0.0,7.0,2.0,1.0,0.0,1.0,100.0,0.34,1.0,62.0,2.0,0.0,12.0,2.0,2.1875,0.0,0.0,0.0,0.526785714285714,1.0,1.0,0.51979566,0.48020434
714,62,0.0,0.0,1.0,0.0,0.0,1.0,0.0,1.0,0.0,1.0,16.0,0.34,1.0,62.0,2.0,0.0,28.0,2.0,2.1875,0.0,0.0,0.0,0.526785714285714,1.0,1.0,0.6770973,0.32290265
714,63,3.0,0.0,1.0,0.0,0.0,1.0,2.0,1.0,0.0,1.0,91.0,0.34,1.0,62.0,2.0,0.0,12.0,2.0,2.1875,0.0,0.0,0.0,0.526785714285714,1.0,1.0,0.66744065,0.33255935
714,64,0.0,0.0,1.0,36.0,0.0,1.0,2.0,1.0,0.0,1.0,54.0,0.34,1.0,62.0,2.0,0.0,12.0,2.0,2.1875,0.0,0.0,0.0,0.526785714285714,1.0,1.0,0.84579575,0.15420423
714,65,0.0,0.0,1.0,0.0,0.0,1.0,2.0,1.0,0.0,1.0,37.0,0.34,1.0,62.0,2.0,0.0,12.0,2.0,10.9,0.0,0.0,0.0,0.526785714285714,1.0,1.0,0.92247534,0.07752463
714,66,0.0,0.0,1.0,0.0,0.0,1.0,2.0,1.0,0.0,1.0,16.0,0.34,1.0,62.0,2.0,0.0,12.0,2.0,18.7,0.0,0.0,0.0,0.526785714285714,1.0,1.0,0.7319276,0.26807243
714,67,0.0,0.0,1.0,0.0,0.0,1.0,2.0,1.0,0.0,1.0,16.0,0.34,1.0,62.0,2.0,41.0,12.0,2.0,2.1875,0.0,12.0,0.0,0.526785714285714,1.0,1.0,0.5335864,0.46641365
714,68,0.0,0.0,1.0,0.0,0.0,1.0,2.0,1.0,36.0,1.0,16.0,0.34,1.0,62.0,2.0,0.0,12.0,2.0,2.1875,0.0,0.0,0.0,1.0,1.0,1.0,0.8070967,0.1929033
714,69,0.0,0.0,1.0,0.0,0.0,1.0,2.0,1.0,0.0,1.0,16.0,0.65,1.0,62.0,2.0,0.0,12.0,2.0,2.1875,0.0,0.0,0.0,0.526785714285714,1.0,1.0,0.63627034,0.36372966
714,70,0.0,0.0,1.0,0.0,0.0,1.0,2.0,1.0,0.0,1.0,16.0,0.87,1.0,62.0,2.0,0.0,12.0,2.0,2.1875,0.0,0.0,0.0,0.526785714285714,1.0,1.0,0.6752349,0.3247651
714,71,0.0,0.0,1.0,0.0,0.0,1.0,2.0,1.0,0.0,1.0,16.0,5.3,1.0,62.0,2.0,0.0,12.0,2.0,2.1875,0.0,0.0,0.0,0.526785714285714,1.0,1.0,0.58017087,0.41982916
714,72,0.0,0.0,1.0,0.0,0.0,1.0,2.0,1.0,0.0,1.0,16.0,6.3,1.0,62.0,2.0,0.0,12.0,2.0,2.1875,0.0,0.0,0.0,0.526785714285714,1.0,1.0,0.58017087,0.41982916
714,73,0.0,0.0,1.0,0.0,0.0,1.0,2.0,1.0,0.0,1.0,16.0,0.34,1.0,62.0,2.0,0.0,12.0,2.0,36.5,0.0,2.0,0.0,0.526785714285714,1.0,1.0,0.7674172,0.23258284
714,74,0.0,0.0,1.0,95.0,0.0,1.0,2.0,1.0,0.0,1.0,16.0,0.34,1.0,62.0,2.0,0.0,12.0,2.0,2.1875,0.0,0.0,0.0,0.4,1.0,1.0,0.62454295,0.37545702
714,75,0.0,0.0,1.0,0.0,0.0,1.0,2.0,1.0,0.0,1.0,76.0,0.34,1.0,62.0,2.0,0.0,12.0,2.0,2.1875,0.0,0.0,0.0,0.526785714285714,1.0,1.0,0.6952153,0.30478472
714,76,0.0,0.0,1.0,0.0,0.0,1.0,2.0,1.0,0.0,1.0,16.0,6.22,1.0,62.0,1.0,0.0,12.0,2.0,2.1875,0.0,0.0,0.0,0.526785714285714,1.0,1.0,0.7224979,0.27750212
714,77,0.0,0.0,1.0,0.0,0.0,1.0,2.0,1.0,0.0,1.0,16.0,1.6,1.0,62.0,2.0,0.0,12.0,2.0,2.1875,0.0,0.0,0.0,0.526785714285714,1.0,1.0,0.5356041,0.4643959
714,78,0.0,0.0,1.0,0.0,0.0,1.0,2.0,1.0,0.0,1.0,16.0,0.34,1.0,62.0,4.0,0.0,12.0,2.0,42.1,0.0,0.0,0.0,0.526785714285714,1.0,1.0,0.7319276,0.26807243
714,79,0.0,0.0,1.0,0.0,0.0,1.0,2.0,17.0,0.0,1.0,16.0,0.34,1.0,62.0,2.0,0.0,50.0,2.0,2.1875,0.0,0.0,0.0,0.526785714285714,1.0,1.0,0.5176611,0.48233894
714,80,0.0,0.0,1.0,0.0,0.0,1.0,2.0,1.0,0.0,1.0,105.0,0.34,1.0,62.0,2.0,0.0,12.0,2.0,2.1875,0.0,0.0,0.0,0.526785714285714,1.0,1.0,0.6952153,0.30478472
714,81,0.0,0.0,1.0,33.0,0.0,1.0,2.0,11.0,0.0,1.0,16.0,0.34,1.0,62.0,2.0,0.0,12.0,2.0,2.1875,0.0,0.0,0.0,0.526785714285714,1.0,1.0,0.54398453,0.45601544
714,82,0.0,0.0,1.0,0.0,0.0,0.0,2.0,1.0,0.0,1.0,16.0,0.34,1.0,62.0,2.0,0.0,12.0,2.0,17.7,0.0,0.0,0.0,0.526785714285714,1.0,1.0,0.88114196,0.11885803
714,83,3.0,0.0,1.0,0.0,0.0,1.0,2.0,1.0,0.0,1.0,51.0,0.34,1.0,62.0,2.0,0.0,12.0,2.0,2.1875,0.0,0.0,0.0,0.526785714285714,1.0,1.0,0.66744065,0.33255935
714,84,0.0,0.0,1.0,0.0,0.0,1.0,2.0,1.0,0.0,1.0,16.0,6.65,1.0,62.0,2.0,0.0,12.0,2.0,2.1875,0.0,0.0,0.0,0.526785714285714,1.0,1.0,0.58017087,0.41982916
714,85,0.0,0.0,1.0,0.0,0.0,1.0,2.0,1.0,0.0,1.0,16.0,6.35,1.0,62.0,2.0,0.0,12.0,2.0,2.1875,0.0,0.0,0.0,0.526785714285714,1.0,1.0,0.58017087,0.41982916
714,86,0.0,0.0,1.0,0.0,0.0,1.0,2.0,1.0,0.0,1.0,16.0,0.34,1.0,62.0,2.0,0.0,12.0,2.0,34.8,0.0,0.0,0.0,0.526785714285714,1.0,1.0,0.7319276,0.26807243
714,87,0.0,0.0,1.0,0.0,0.0,1.0,2.0,1.0,0.0,1.0,16.0,4.54,1.0,62.0,2.0,0.0,12.0,2.0,2.1875,0.0,0.0,0.0,0.526785714285714,1.0,1.0,0.58017087,0.41982916
714,88,0.0,0.0,1.0,0.0,0.0,1.0,2.0,1.0,0.0,1.0,2.0,0.34,1.0,62.0,2.0,0.0,12.0,2.0,2.1875,0.0,0.0,0.0,0.4,1.0,1.0,0.92705077,0.07294923
714,89,0.0,0.0,1.0,0.0,0.0,1.0,2.0,1.0,0.0,1.0,16.0,0.34,1.0,62.0,2.0,49.0,12.0,2.0,29.5,0.0,0.0,0.0,0.526785714285714,1.0,1.0,0.78142565,0.21857433
714,90,13.0,0.0,1.0,0.0,0.0,1.0,2.0,1.0,0.0,1.0,138.0,0.34,1.0,62.0,2.0,0.0,12.0,2.0,2.1875,0.0,0.0,0.0,0.526785714285714,1.0,1.0,0.66744065,0.33255935
714,91,0.0,0.0,1.0,0.0,0.0,1.0,2.0,1.0,0.0,1.0,16.0,0.34,1.0,62.0,4.0,0.0,12.0,2.0,2.1875,0.0,0.0,0.0,0.9,1.0,1.0,0.7884706,0.2115294
714,92,0.0,0.0,1.0,0.0,0.0,1.0,2.0,1.0,0.0,1.0,111.0,0.34,1.0,62.0,2.0,0.0,12.0,2.0,2.1875,7.0,0.0,0.0,0.526785714285714,1.0,1.0,0.62193596,0.37806407
714,93,10.0,0.0,1.0,0.0,0.0,1.0,2.0,1.0,0.0,1.0,16.0,3.72,1.0,62.0,2.0,0.0,12.0,2.0,2.1875,0.0,0.0,0.0,0.526785714285714,1.0,1.0,0.5487176,0.45128235
714,94,0.0,0.0,1.0,0.0,0.0,1.0,2.0,1.0,0.0,1.0,16.0,4.52,1.0,62.0,2.0,0.0,51.0,2.0,2.1875,0.0,0.0,0.0,0.526785714285714,1.0,1.0,0.7713369,0.22866312
714,95,0.0,0.0,1.0,37.0,0.0,1.0,2.0,1.0,0.0,1.0,16.0,0.34,1.0,50.0,2.0,0.0,12.0,2.0,2.1875,0.0,0.0,0.0,0.526785714285714,1.0,1.0,0.60367,0.39633
714,96,0.0,0.0,1.0,0.0,0.0,1.0,2.0,1.0,0.0,1.0,16.0,1.53,1.0,62.0,2.0,0.0,12.0,2.0,2.1875,0.0,0.0,0.0,0.526785714285714,1.0,1.0,0.5356041,0.4643959
714,97,0.0,0.0,1.0,51.0,0.0,1.0,2.0,16.0,0.0,1.0,16.0,0.34,1.0,62.0,2.0,0.0,12.0,2.0,2.1875,0.0,0.0,0.0,0.526785714285714,1.0,1.0,0.54398453,0.45601544
714,98,0.0,0.0,1.0,0.0,0.0,1.0,2.0,1.0,0.0,1.0,38.0,0.34,1.0,62.0,2.0,0.0,12.0,2.0,2.1875,0.0,0.0,0.0,0.526785714285714,1.0,1.0,0.59781563,0.4021844
714,99,0.0,0.0,1.0,0.0,0.0,1.0,2.0,1.0,0.0,1.0,16.0,0.34,1.0,62.0,2.0,0.0,66.0,2.0,41.8,0.0,0.0,0.0,0.526785714285714,1.0,1.0,0.8592782,0.14072178
739,0,1.0,0.0,1.0,1.0,0.0,0.0,3.0,3.0,5.0,11.0,135.0,3.42,0.0,85.0,2.0,24.0,24.0,2.0,2.83720930232558,1.0,1.0,0.0,0.460820895522388,1.0,1.0,0.5878383,0.41216168
739,1,1.0,0.0,1.0,1.0,0.0,11.0,3.0,3.0,5.0,11.0,37.0,0.13,0.0,85.0,2.0,0.0,1.0,2.0,2.83720930232558,1.0,1.0,0.0,0.460820895522388,1.0,3.0,0.5071242,0.49287578
739,2,1.0,0.0,1.0,1.0,0.0,7.0,3.0,3.0,5.0,11.0,37.0,0.13,0.0,85.0,2.0,0.0,4.0,2.0,2.83720930232558,1.0,1.0,3.0,0.460820895522388,1.0,1.0,0.5999191,0.4000809
739,3,1.0,0.0,1.0,1.0,0.0,0.0,3.0,3.0,5.0,3.0,37.0,0.13,0.0,85.0,2.0,0.0,24.0,2.0,2.83720930232558,1.0,1.0,0.0,1.0,1.0,1.0,0.82586044,0.17413956
739,4,1.0,0.0,1.0,1.0,0.0,0.0,3.0,3.0,5.0,11.0,37.0,2.95,0.0,85.0,2.0,0.0,24.0,2.0,2.83720930232558,1.0,1.0,0.0,0.460820895522388,0.4,1.0,0.6062118,0.39378822
739,5,1.0,0.0,1.0,1.0,0.0,0.0,1.0,3.0,5.0,11.0,37.0,4.09,14.0,85.0,2.0,0.0,24.0,2.0,2.83720930232558,1.0,1.0,0.0,0.460820895522388,1.0,1.0,0.5538224,0.44617757
739,6,1.0,0.0,1.0,1.0,0.0,0.0,1.0,3.0,5.0,11.0,37.0,7.01,0.0,85.0,2.0,0.0,24.0,2.0,2.83720930232558,1.0,5.0,0.0,0.460820895522388,1.0,1.0,0.63407516,0.3659248
739,7,1.0,0.0,1.0,1.0,15.0,0.0,3.0,3.0,5.0,11.0,37.0,0.13,0.0,85.0,2.0,0.0,6.0,2.0,18.2,1.0,1.0,0.0,0.460820895522388,1.0,1.0,0.54245627,0.45754376
739,8,15.0,0.0,1.0,1.0,0.0,0.0,3.0,3.0,5.0,11.0,37.0,0.13,0.0,85.0,2.0,14.0,3.0,2.0,2.83720930232558,1.0,1.0,0.0,0.460820895522388,1.0,1.0,0.55945647,0.44054353
739,9,1.0,0.0,1.0,1.0,0.0,0.0,3.0,3.0,0.0,11.0,37.0,0.13,0.0,85.0,2.0,0.0,24.0,2.0,2.83720930232558,1.0,1.0,0.0,0.460820895522388,1.0,1.0,0.55351084,0.44648916
739,10,19.0,0.0,1.0,1.0,0.0,0.0,3.0,3.0,2.0,11.0,37.0,0.13,0.0,85.0,2.0,0.0,24.0,2.0,28.9,1.0,1.0,0.0,0.460820895522388,1.0,1.0,0.7743683,0.22563171
739,11,1.0,0.0,1.0,1.0,0.0,0.0,3.0,3.0,5.0,3.0,136.0,0.13,0.0,85.0,2.0,0.0,20.0,2.0,2.83720930232558,1.0,1.0,0.0,0.460820895522388,1.0,1.0,0.66497636,0.33502367
739,12,1.0,0.0,1.0,1.0,0.0,0.0,3.0,3.0,5.0,5.0,95.0,0.13,0.0,85.0,2.0,0.0,24.0,2.0,2.83720930232558,1.0,1.0,0.0,0.460820895522388,1.0,1.0,0.5880836,0.41191638
739,13,1.0,0.0,1.0,1.0,0.0,0.0,3.0,3.0,5.0,11.0,37.0,0.13,7.0,85.0,2.0,0.0,9.0,2.0,2.83720930232558,1.0,1.0,3.0,0.460820895522388,1.0,1.0,0.5316149,0.46838513
739,14,1.0,0.0,1.0,1.0,0.0,0.0,3.0,3.0,5.0,11.0,37.0,1.37,0.0,85.0,2.0,0.0,24.0,2.0,2.83720930232558,1.0,1.0,0.0,0.460820895522388,0.2,1.0,0.7792406,0.22075942
739,15,1.0,0.0,1.0,1.0,0.0,0.0,3.0,3.0,25.0,4.0,37.0,0.13,0.0,85.0,2.0,0.0,24.0,2.0,14.2,1.0,1.0,0.0,0.460820895522388,1.0,1.0,0.8726528,0.12734716
739,16,1.0,0.0,1.0,1.0,0.0,0.0,3.0,3.0,5.0,9.0,37.0,1.39,0.0,85.0,2.0,0.0,24.0,2.0,2.83720930232558,3.0,1.0,0.0,0.460820895522388,1.0,1.0,0.5591845,0.4408155
739,17,1.0,0.0,1.0,1.0,0.0,0.0,3.0,12.0,5.0,11.0,37.0,4.66,0.0,85.0,2.0,0.0,2.0,2.0,2.83720930232558,1.0,1.0,0.0,0.460820895522388,1.0,1.0,0.92735356,0.072646454
739,18,21.0,0.0,1.0,1.0,0.0,0.0,3.0,3.0,5.0,11.0,9.0,0.13,0.0,85.0,2.0,0.0,24.0,2.0,2.83720930232558,1.0,1.0,0.0,0.460820895522388,1.0,1.0,0.54308885,0.45691115
739,19,1.0,0.0,1.0,1.0,0.0,0.0,3.0,3.0,1.0,11.0,37.0,0.13,0.0,85.0,2.0,0.0,24.0,2.0,2.83720930232558,1.0,1.0,0.0,0.460820895522388,1.0,1.0,0.5121919,0.4878081
739,20,1.0,0.0,1.0,28.0,0.0,0.0,1.0,3.0,5.0,7.0,37.0,0.13,0.0,85.0,2.0,0.0,24.0,2.0,2.83720930232558,1.0,1.0,0.0,0.460820895522388,1.0,1.0,0.5532737,0.44672635
739,21,1.0,0.0,1.0,1.0,0.0,0.0,3.0,3.0,5.0,8.0,47.0,0.13,0.0,85.0,2.0,0.0,24.0,2.0,21.3,1.0,1.0,0.0,0.460820895522388,1.0,1.0,0.74639237,0.2536076
739,22,1.0,0.0,1.0,1.0,0.0,0.0,1.0,3.0,5.0,11.0,37.0,6.6,0.0,85.0,2.0,0.0,24.0,2.0,46.2,1.0,1.0,0.0,0.460820895522388,1.0,1.0,0.7600948,0.23990518
739,23,1.0,0.0,1.0,1.0,0.0,0.0,3.0,3.0,1.0,11.0,89.0,0.13,0.0,85.0,2.0,0.0,24.0,2.0,2.83720930232558,1.0,1.0,0.0,0.5,1.0,1.0,0.7596947,0.24030529
739,24,1.0,0.0,1.0,1.0,0.0,0.0,1.0,3.0,5.0,11.0,37.0,6.6,0.0,85.0,2.0,0.0,24.0,2.0,2.83720930232558,1.0,1.0,0.0,0.460820895522388,1.0,1.0,0.5706391,0.42936093
739,25,1.0,0.0,1.0,1.0,0.0,0.0,3.0,3.0,5.0,11.0,94.0,2.95,0.0,85.0,2.0,0.0,24.0,2.0,2.83720930232558,1.0,1.0,0.0,0.460820895522388,0.4,1.0,0.7973896,0.20261034
739,26,1.0,0.0,1.0,74.0,0.0,0.0,3.0,3.0,5.0,11.0,37.0,0.13,0.0,85.0,2.0,0.0,24.0,2.0,2.83720930232558,1.0,26.0,0.0,1.1,1.0,1.0,0.573593,0.426407
739,27,1.0,0.0,1.0,93.0,0.0,0.0,3.0,3.0,5.0,11.0,37.0,0.4,0.0,85.0,2.0,0.0,24.0,2.0,2.83720930232558,1.0,1.0,0.0,0.460820895522388,0.1,1.0,0.52913326,0.47086674
739,28,1.0,0.0,1.0,1.0,0.0,0.0,3.0,3.0,0.0,11.0,37.0,0.13,0.0,85.0,2.0,0.0,24.0,2.0,2.83720930232558,1.0,1.0,0.0,0.8,1.0,1.0,0.55261815,0.44738188
739,29,1.0,21.0,1.0,1.0,0.0,0.0,3.0,3.0,5.0,11.0,13.0,0.13,0.0,85.0,2.0,0.0,24.0,2.0,2.83720930232558,1.0,1.0,0.0,0.460820895522388,0.1,1.0,0.90353453,0.09646547
739,30,1.0,0.0,1.0,1.0,0.0,0.0,0.0,3.0,5.0,11.0,37.0,6.19,0.0,85.0,2.0,0.0,24.0,2.0,2.83720930232558,1.0,7.0,0.0,0.460820895522388,1.0,1.0,0.63407516,0.3659248
739,31,1.0,0.0,0.0,1.0,0.0,0.0,3.0,3.0,1.0,11.0,37.0,0.13,0.0,85.0,2.0,0.0,24.0,2.0,2.83720930232558,1.0,1.0,0.0,0.460820895522388,1.0,1.0,0.5121919,0.4878081
739,32,1.0,0.0,1.0,1.0,0.0,0.0,3.0,3.0,5.0,8.0,37.0,0.13,0.0,85.0,2.0,0.0,24.0,2.0,21.3,1.0,1.0,0.0,0.460820895522388,1.0,1.0,0.6000263,0.3999737
739,33,1.0,0.0,1.0,1.0,0.0,0.0,3.0,3.0,5.0,14.0,37.0,0.13,0.0,85.0,2.0,0.0,2.0,2.0,43.1,1.0,1.0,0.0,0.460820895522388,1.0,1.0,0.5425953,0.45740467
739,34,1.0,0.0,1.0,1.0,0.0,0.0,3.0,3.0,5.0,11.0,37.0,0.13,0.0,97.0,2.0,11.0,24.0,2.0,2.83720930232558,1.0,1.0,0.0,1.1,1.0,1.0,0.5439004,0.45609963
739,35,1.0,0.0,1.0,1.0,0.0,0.0,3.0,3.0,5.0,11.0,37.0,3.75,0.0,85.0,2.0,0.0,24.0,2.0,2.83720930232558,1.0,22.0,0.0,0.460820895522388,0.5,1.0,0.59031975,0.40968025
739,36,1.0,0.0,1.0,1.0,0.0,0.0,3.0,3.0,5.0,11.0,37.0,0.13,0.0,85.0,5.0,0.0,5.0,2.0,22.8,1.0,1.0,0.0,0.460820895522388,1.0,1.0,0.7355062,0.26449385
739,37,1.0,0.0,1.0,83.0,0.0,0.0,3.0,3.0,5.0,11.0,37.0,0.13,0.0,85.0,5.0,0.0,24.0,2.0,2.83720930232558,1.0,1.0,0.0,1.1,1.0,1.0,0.5044125,0.49558753
739,38,1.0,0.0,1.0,1.0,0.0,0.0,3.0,3.0,5.0,11.0,0.0,0.13,0.0,85.0,3.0,0.0,24.0,2.0,2.83720930232558,1.0,5.0,0.0,0.460820895522388,1.0,1.0,0.54989445,0.45010555
739,39,1.0,0.0,1.0,1.0,0.0,0.0,3.0,3.0,5.0,11.0,104.0,2.02,0.0,85.0,2.0,12.0,24.0,2.0,2.83720930232558,1.0,1.0,0.0,0.460820895522388,1.0,1.0,0.55333424,0.44666576
739,40,1.0,0.0,1.0,1.0,0.0,0.0,3.0,6.0,5.0,11.0,78.0,1.63,0.0,85.0,2.0,0.0,24.0,2.0,2.83720930232558,1.0,1.0,0.0,0.460820895522388,1.0,1.0,0.56165063,0.4383494
739,41,1.0,0.0,1.0,1.0,0.0,0.0,3.0,3.0,0.0,7.0,37.0,0.13,0.0,85.0,8.0,0.0,24.0,2.0,2.83720930232558,1.0,1.0,0.0,0.460820895522388,1.0,1.0,0.75648457,0.24351543
739,42,1.0,0.0,1.0,1.0,0.0,0.0,2.0,3.0,5.0,11.0,37.0,6.49,0.0,85.0,2.0,0.0,24.0,2.0,2.83720930232558,1.0,1.0,0.0,0.460820895522388,1.0,1.0,0.5706391,0.42936093
739,43,1.0,0.0,1.0,1.0,0.0,0.0,3.0,3.0,5.0,11.0,37.0,0.13,0.0,85.0,2.0,0.0,5.0,2.0,41.9,1.0,1.0,0.0,0.460820895522388,1.0,1.0,0.7283101,0.27168992
739,44,1.0,0.0,1.0,1.0,0.0,0.0,1.0,3.0,2.0,11.0,37.0,0.13,0.0,85.0,2.0,0.0,24.0,2.0,2.83720930232558,1.0,1.0,0.0,0.460820895522388,1.0,1.0,0.5084228,0.4915772
739,45,1.0,0.0,1.0,1.0,0.0,0.0,3.0,3.0,5.0,5.0,37.0,0.13,0.0,85.0,2.0,0.0,24.0,2.0,22.5,13.0,1.0,0.0,0.460820895522388,1.0,1.0,0.72352386,0.27647611
739,46,1.0,0.0,1.0,1.0,0.0,0.0,3.0,3.0,2.0,11.0,37.0,1.86,0.0,85.0,2.0,0.0,24.0,2.0,2.83720930232558,1.0,1.0,0.0,0.460820895522388,1.0,1.0,0.56808203,0.43191797
739,47,1.0,0.0,1.0,1.0,0.0,0.0,3.0,3.0,5.0,11.0,100.0,0.13,0.0,85.0,2.0,0.0,8.0,2.0,2.83720930232558,1.0,1.0,0.0,0.460820895522388,1.0,1.0,0.6299613,0.3700387
739,48,1.0,0.0,1.0,1.0,0.0,0.0,3.0,3.0,0.0,11.0,68.0,0.13,0.0,85.0,2.0,0.0,24.0,2.0,2.83720930232558,1.0,1.0,0.0,0.460820895522388,1.0,1.0,0.78162444,0.21837556
739,49,1.0,0.0,1.0,1.0,0.0,0.0,3.0,3.0,5.0,11.0,37.0,0.13,0.0,85.0,2.0,0.0,24.0,2.0,46.0,1.0,1.0,0.0,1.0,1.0,1.0,0.5690186,0.4309814
739,50,1.0,0.0,1.0,1.0,0.0,0.0,3.0,3.0,5.0,0.0,37.0,0.13,0.0,94.0,2.0,0.0,24.0,2.0,2.83720930232558,1.0,1.0,0.0,0.460820895522388,1.0,1.0,0.6559298,0.3440702
739,51,1.0,0.0,1.0,26.0,0.0,0.0,3.0,3.0,36.0,11.0,37.0,0.13,0.0,85.0,2.0,0.0,24.0,2.0,2.83720930232558,1.0,1.0,0.0,1.0,1.0,1.0,0.5059184,0.4940816
739,52,1.0,0.0,1.0,1.0,0.0,0.0,3.0,3.0,2.0,11.0,115.0,0.13,0.0,85.0,2.0,0.0,24.0,2.0,2.83720930232558,1.0,1.0,0.0,0.460820895522388,1.0,1.0,0.5143776,0.48562238
739,53,1.0,0.0,1.0,1.0,0.0,0.0,3.0,3.0,5.0,11.0,37.0,0.43,0.0,85.0,6.0,0.0,24.0,2.0,2.83720930232558,1.0,1.0,0.0,0.460820895522388,0.1,1.0,0.53669965,0.46330032
739,54,1.0,0.0,1.0,1.0,0.0,0.0,3.0,3.0,5.0,11.0,37.0,0.13,0.0,85.0,2.0,50.0,24.0,2.0,2.83720930232558,1.0,28.0,0.0,1.0,1.0,1.0,0.5651696,0.4348304
739,55,1.0,0.0,1.0,82.0,0.0,0.0,3.0,3.0,1.0,11.0,37.0,0.13,0.0,85.0,2.0,0.0,24.0,2.0,2.83720930232558,1.0,1.0,0.0,0.460820895522388,1.0,1.0,0.6124269,0.38757315
739,56,1.0,0.0,1.0,1.0,0.0,0.0,3.0,3.0,5.0,11.0,37.0,1.36,0.0,85.0,2.0,0.0,24.0,2.0,2.83720930232558,1.0,1.0,2.0,0.460820895522388,0.2,1.0,0.7792406,0.22075942
739,57,1.0,0.0,1.0,48.0,0.0,0.0,3.0,3.0,5.0,11.0,37.0,0.13,0.0,85.0,2.0,0.0,24.0,2.0,2.83720930232558,1.0,17.0,0.0,1.1,1.0,1.0,0.573593,0.426407
739,58,13.0,0.0,1.0,1.0,0.0,0.0,3.0,3.0,0.0,11.0,138.0,0.13,0.0,85.0,2.0,0.0,24.0,2.0,2.83720930232558,1.0,1.0,0.0,0.460820895522388,1.0,1.0,0.87721264,0.12278738
739,59,21.0,0.0,1.0,1.0,0.0,0.0,3.0,3.0,36.0,11.0,9.0,0.13,0.0,85.0,2.0,0.0,24.0,2.0,2.83720930232558,1.0,1.0,0.0,0.460820895522388,1.0,1.0,0.52578783,0.47421214
739,60,1.0,0.0,1.0,1.0,0.0,0.0,3.0,3.0,1.0,11.0,37.0,6.88,0.0,85.0,2.0,0.0,24.0,2.0,2.83720930232558,1.0,1.0,0.0,0.460820895522388,1.0,1.0,0.8002316,0.19976841
739,61,1.0,0.0,1.0,1.0,36.0,0.0,3.0,3.0,5.0,11.0,82.0,0.13,0.0,85.0,2.0,0.0,24.0,2.0,2.83720930232558,1.0,1.0,0.0,1.0,1.0,1.0,0.5048084,0.49519154
739,62,1.0,0.0,1.0,1.0,0.0,0.0,3.0,3.0,5.0,11.0,37.0,1.54,0.0,85.0,2.0,26.0,24.0,2.0,2.83720930232558,1.0,1.0,0.0,0.460820895522388,0.2,1.0,0.79926074,0.20073928
739,63,1.0,0.0,1.0,1.0,0.0,0.0,3.0,3.0,5.0,11.0,0.0,0.13,0.0,85.0,2.0,0.0,50.0,2.0,2.83720930232558,1.0,1.0,0.0,0.7,1.0,1.0,0.8360208,0.16397919
739,64,1.0,0.0,1.0,1.0,0.0,0.0,3.0,3.0,5.0,11.0,87.0,0.13,0.0,85.0,2.0,0.0,24.0,2.0,2.83720930232558,1.0,1.0,0.0,1.1,1.0,1.0,0.5278435,0.4721565
739,65,1.0,6.0,1.0,1.0,0.0,0.0,3.0,3.0,5.0,11.0,37.0,0.13,0.0,85.0,2.0,0.0,4.0,2.0,2.83720930232558,1.0,1.0,0.0,0.8,1.0,1.0,0.81036943,0.18963058
739,66,1.0,0.0,1.0,1.0,0.0,0.0,3.0,3.0,5.0,11.0,13.0,0.13,0.0,85.0,2.0,0.0,24.0,2.0,2.83720930232558,1.0,1.0,0.0,0.460820895522388,0.1,1.0,0.93418354,0.06581645
739,67,1.0,0.0,1.0,1.0,0.0,0.0,2.0,3.0,34.0,11.0,37.0,6.88,0.0,85.0,2.0,0.0,24.0,2.0,2.83720930232558,1.0,1.0,0.0,0.460820895522388,1.0,1.0,0.5235717,0.47642827
739,68,1.0,0.0,1.0,1.0,0.0,0.0,3.0,3.0,5.0,2.0,63.0,0.13,0.0,85.0,2.0,0.0,24.0,2.0,2.83720930232558,1.0,1.0,0.0,0.460820895522388,1.0,1.0,0.66497636,0.33502367
739,69,1.0,0.0,1.0,1.0,0.0,0.0,3.0,3.0,5.0,11.0,37.0,0.13,0.0,85.0,2.0,0.0,2.0,2.0,2.83720930232558,1.0,1.0,0.0,0.460820895522388,0.3,3.0,0.5019977,0.49800232
739,70,1.0,0.0,1.0,1.0,0.0,0.0,3.0,3.0,5.0,11.0,37.0,0.13,0.0,53.0,4.0,0.0,9.0,2.0,2.83720930232558,1.0,1.0,0.0,0.460820895522388,1.0,1.0,0.5277903,0.47220966
739,71,1.0,0.0,1.0,1.0,0.0,0.0,3.0,3.0,5.0,11.0,37.0,1.76,0.0,85.0,2.0,0.0,24.0,2.0,2.83720930232558,1.0,1.0,0.0,0.460820895522388,0.3,1.0,0.7792406,0.22075942
739,72,1.0,0.0,1.0,1.0,0.0,0.0,2.0,3.0,5.0,11.0,37.0,6.56,0.0,85.0,2.0,0.0,24.0,2.0,2.83720930232558,1.0,1.0,0.0,0.460820895522388,1.0,1.0,0.5706391,0.42936093
739,73,1.0,0.0,1.0,1.0,0.0,0.0,3.0,3.0,5.0,11.0,10.0,0.13,0.0,85.0,7.0,0.0,24.0,2.0,2.83720930232558,1.0,23.0,0.0,0.460820895522388,1.0,1.0,0.56855786,0.43144214
739,74,1.0,0.0,1.0,1.0,0.0,0.0,3.0,3.0,0.0,7.0,37.0,0.13,0.0,85.0,2.0,0.0,24.0,2.0,2.83720930232558,1.0,1.0,0.0,0.460820895522388,1.0,1.0,0.74105895,0.25894108
739,75,1.0,0.0,1.0,65.0,0.0,0.0,3.0,3.0,5.0,11.0,37.0,0.13,0.0,85.0,2.0,23.0,24.0,2.0,2.83720930232558,1.0,1.0,0.0,1.1,1.0,1.0,0.50424814,0.4957519
739,76,1.0,0.0,1.0,1.0,0.0,0.0,3.0,3.0,0.0,11.0,68.0,0.13,0.0,54.0,2.0,0.0,24.0,2.0,2.83720930232558,1.0,1.0,0.0,0.460820895522388,1.0,1.0,0.8410834,0.15891661
739,77,1.0,0.0,1.0,1.0,0.0,0.0,3.0,3.0,5.0,11.0,37.0,3.56,0.0,85.0,7.0,0.0,24.0,2.0,2.83720930232558,1.0,1.0,0.0,0.460820895522388,0.5,1.0,0.50828195,0.49171808
739,78,1.0,0.0,1.0,1.0,0.0,3.0,3.0,3.0,5.0,11.0,37.0,0.13,0.0,85.0,2.0,0.0,8.0,2.0,12.6,1.0,1.0,0.0,0.460820895522388,1.0,1.0,0.6493218,0.35067824
739,79,1.0,0.0,1.0,1.0,0.0,0.0,3.0,3.0,5.0,11.0,37.0,0.13,0.0,85.0,2.0,31.0,6.0,2.0,16.2,1.0,1.0,0.0,0.460820895522388,1.0,1.0,0.6293963,0.37060365
739,80,1.0,0.0,1.0,1.0,0.0,0.0,3.0,3.0,5.0,5.0,7.0,0.13,0.0,85.0,2.0,1.0,24.0,2.0,2.83720930232558,1.0,1.0,0.0,0.460820895522388,1.0,1.0,0.94672257,0.05327745
739,81,1.0,0.0,1.0,1.0,0.0,0.0,3.0,15.0,5.0,11.0,98.0,0.13,0.0,85.0,2.0,0.0,24.0,2.0,2.83720930232558,1.0,1.0,0.0,1.0,1.0,1.0,0.6058693,0.39413068
739,82,1.0,0.0,1.0,1.0,0.0,0.0,3.0,3.0,0.0,11.0,37.0,0.13,0.0,85.0,2.0,0.0,24.0,2.0,2.83720930232558,1.0,1.0,3.0,0.460820895522388,0.1,1.0,0.69087875,0.30912125
739,83,1.0,0.0,1.0,1.0,0.0,0.0,3.0,3.0,5.0,2.0,63.0,0.13,13.0,85.0,2.0,0.0,24.0,2.0,2.83720930232558,1.0,1.0,0.0,0.460820895522388,1.0,1.0,0.64880145,0.35119855
739,84,1.0,0.0,1.0,1.0,0.0,0.0,2.0,3.0,5.0,11.0,37.0,1.5,0.0,85.0,2.0,0.0,24.0,2.0,2.83720930232558,1.0,1.0,0.0,0.460820895522388,1.0,3.0,0.5383194,0.4616806
739,85,1.0,0.0,1.0,1.0,0.0,0.0,3.0,3.0,27.0,10.0,37.0,0.13,0.0,85.0,2.0,0.0,24.0,2.0,2.83720930232558,1.0,1.0,0.0,1.1,1.0,1.0,0.55315137,0.44684863
739,86,1.0,0.0,1.0,1.0,0.0,0.0,10.0,3.0,5.0,11.0,37.0,2.53,0.0,85.0,2.0,0.0,24.0,2.0,2.83720930232558,1.0,1.0,0.0,0.460820895522388,0.4,1.0,0.6308719,0.36912808
739,87,1.0,0.0,1.0,1.0,0.0,0.0,9.0,3.0,5.0,11.0,37.0,0.13,0.0,85.0,2.0,0.0,24.0,2.0,2.83720930232558,1.0,7.0,0.0,1.0,1.0,1.0,0.53148454,0.46851546
739,88,1.0,0.0,1.0,1.0,0.0,0.0,3.0,3.0,2.0,11.0,51.0,0.13,0.0,85.0,2.0,0.0,24.0,2.0,2.83720930232558,1.0,1.0,0.0,0.460820895522388,1.0,1.0,0.5143776,0.48562238
739,89,1.0,0.0,0.0,1.0,0.0,0.0,3.0,3.0,5.0,11.0,37.0,4.77,0.0,85.0,2.0,0.0,1.0,2.0,2.83720930232558,1.0,1.0,0.0,0.460820895522388,1.0,1.0,0.9691801,0.030819904
739,90,1.0,0.0,1.0,1.0,0.0,0.0,11.0,3.0,1.0,11.0,37.0,0.13,0.0,85.0,2.0,0.0,24.0,2.0,2.83720930232558,1.0,1.0,0.0,0.9,1.0,1.0,0.7108389,0.28916112
739,91,1.0,0.0,1.0,1.0,0.0,0.0,3.0,3.0,2.0,11.0,51.0,0.13,0.0,85.0,2.0,0.0,42.0,2.0,2.83720930232558,1.0,1.0,0.0,0.460820895522388,1.0,1.0,0.5143776,0.48562238
739,92,1.0,0.0,1.0,1.0,0.0,0.0,3.0,3.0,5.0,11.0,37.0,0.13,0.0,85.0,2.0,0.0,3.0,2.0,2.83720930232558,1.0,1.0,0.0,0.460820895522388,1.0,1.0,0.5323615,0.4676385
739,93,1.0,0.0,1.0,1.0,0.0,0.0,3.0,3.0,5.0,11.0,37.0,0.13,1.0,85.0,2.0,0.0,4.0,2.0,2.83720930232558,1.0,1.0,0.0,0.460820895522388,1.0,1.0,0.55563664,0.44436336
739,94,1.0,0.0,1.0,1.0,0.0,0.0,3.0,3.0,5.0,11.0,13.0,0.13,0.0,85.0,2.0,0.0,24.0,2.0,2.83720930232558,1.0,1.0,0.0,0.7,1.0,1.0,0.6516259,0.34837413
739,95,1.0,0.0,1.0,64.0,0.0,0.0,3.0,3.0,5.0,0.0,37.0,0.13,0.0,85.0,2.0,2.0,24.0,2.0,2.83720930232558,1.0,1.0,0.0,0.460820895522388,1.0,1.0,0.5116507,0.4883493
739,96,1.0,0.0,1.0,1.0,0.0,0.0,3.0,3.0,5.0,11.0,10.0,0.13,0.0,85.0,7.0,0.0,24.0,2.0,2.83720930232558,1.0,1.0,0.0,0.460820895522388,1.0,1.0,0.5658129,0.4341871
739,97,1.0,0.0,1.0,1.0,0.0,0.0,0.0,3.0,5.0,11.0,37.0,0.13,0.0,85.0,2.0,0.0,24.0,2.0,46.2,1.0,1.0,3.0,0.460820895522388,1.0,1.0,0.5197331,0.48026693
739,98,1.0,0.0,1.0,1.0,0.0,17.0,3.0,3.0,5.0,11.0,37.0,2.07,0.0,85.0,2.0,0.0,24.0,2.0,2.83720930232558,1.0,1.0,0.0,0.460820895522388,0.3,1.0,0.6526232,0.3473768
739,99,1.0,0.0,1.0,1.0,0.0,0.0,10.0,3.0,5.0,6.0,37.0,7.02,0.0,85.0,2.0,0.0,24.0,2.0,2.83720930232558,1.0,1.0,0.0,0.460820895522388,1.0,1.0,0.67018926,0.32981074
745,0,0.0,4.0,1.0,1.0,0.0,1.0,2.0,5.0,2.0,16.0,100.0,0.16,0.0,83.0,1.0,1.0,8.0,2.0,4.59375,0.0,0.0,0.0,0.647584973166369,1.0,1.0,0.6121253,0.3878747
745,1,0.0,4.0,1.0,1.0,0.0,1.0,6.0,5.0,2.0,16.0,3.0,0.16,0.0,83.0,1.0,1.0,21.0,2.0,4.59375,0.0,0.0,0.0,0.647584973166369,1.0,1.0,0.5803066,0.4196934
745,2,0.0,4.0,1.0,1.0,0.0,1.0,2.0,5.0,2.0,16.0,26.0,0.16,0.0,83.0,1.0,5.0,21.0,2.0,4.59375,0.0,0.0,0.0,1.0,1.0,1.0,0.6405516,0.35944837
745,3,0.0,4.0,1.0,1.0,0.0,1.0,2.0,5.0,2.0,16.0,26.0,0.16,0.0,83.0,0.0,1.0,21.0,2.0,4.59375,0.0,0.0,0.0,1.1,1.0,1.0,0.62426615,0.37573382
745,4,0.0,4.0,1.0,1.0,0.0,1.0,2.0,5.0,2.0,16.0,26.0,0.16,0.0,83.0,1.0,1.0,8.0,2.0,12.6,0.0,0.0,0.0,0.647584973166369,1.0,1.0,0.80699825,0.19300173
745,5,0.0,4.0,1.0,1.0,0.0,1.0,2.0,5.0,2.0,16.0,8.0,0.16,0.0,83.0,1.0,1.0,21.0,2.0,4.59375,0.0,0.0,0.0,0.647584973166369,1.0,1.0,0.5037265,0.4962735
745,6,0.0,4.0,1.0,1.0,0.0,1.0,2.0,5.0,2.0,16.0,26.0,0.16,0.0,83.0,1.0,1.0,2.0,2.0,4.59375,0.0,0.0,0.0,0.647584973166369,1.0,3.0,0.7509598,0.24904019
745,7,0.0,4.0,1.0,1.0,0.0,1.0,2.0,6.0,2.0,16.0,26.0,0.16,0.0,83.0,1.0,1.0,21.0,2.0,4.59375,0.0,0.0,0.0,1.0,1.0,1.0,0.69309556,0.3069044
745,8,3.0,4.0,1.0,1.0,0.0,1.0,2.0,5.0,2.0,16.0,26.0,0.16,0.0,83.0,1.0,1.0,21.0,2.0,39.5,0.0,0.0,0.0,0.647584973166369,1.0,1.0,0.55264145,0.44735855
745,9,0.0,4.0,1.0,1.0,0.0,1.0,2.0,5.0,2.0,16.0,1.0,0.16,0.0,83.0,1.0,1.0,21.0,2.0,4.59375,0.0,0.0,0.0,0.647584973166369,1.1,1.0,0.6982025,0.30179754
745,10,0.0,4.0,1.0,1.0,0.0,1.0,2.0,5.0,2.0,16.0,26.0,0.16,0.0,83.0,1.0,1.0,21.0,2.0,4.59375,0.0,0.0,2.0,1.0,1.0,1.0,0.66986483,0.33013517
745,11,0.0,4.0,1.0,1.0,0.0,1.0,2.0,5.0,2.0,0.0,26.0,0.16,0.0,83.0,1.0,1.0,70.0,2.0,4.59375,0.0,0.0,0.0,0.647584973166369,1.0,1.0,0.51200867,0.48799133
745,12,12.0,4.0,1.0,1.0,0.0,1.0,2.0,5.0,2.0,16.0,26.0,0.16,0.0,83.0,1.0,1.0,21.0,2.0,4.59375,0.0,0.0,0.0,1.0,1.0,1.0,0.64891225,0.35108775
745,13,0.0,4.0,1.0,1.0,0.0,1.0,2.0,5.0,2.0,16.0,26.0,0.16,0.0,83.0,1.0,1.0,0.0,2.0,4.59375,0.0,0.0,0.0,0.647584973166369,1.0,1.0,0.6341249,0.36587512
745,14,0.0,4.0,1.0,1.0,0.0,1.0,2.0,5.0,2.0,16.0,26.0,0.16,0.0,83.0,5.0,1.0,21.0,2.0,4.59375,0.0,0.0,0.0,1.1,1.0,1.0,0.73938537,0.2606146
745,15,0.0,4.0,1.0,1.0,0.0,1.0,2.0,5.0,0.0,16.0,26.0,0.16,0.0,83.0,1.0,1.0,21.0,2.0,15.0,0.0,0.0,0.0,0.647584973166369,1.0,1.0,0.5448481,0.45515192
745,16,0.0,4.0,1.0,1.0,0.0,1.0,2.0,5.0,2.0,16.0,26.0,6.58,0.0,83.0,1.0,1.0,21.0,2.0,4.59375,0.0,0.0,0.0,1.0,1.0,1.0,0.5000275,0.49997252
745,17,0.0,4.0,1.0,1.0,0.0,0.0,2.0,5.0,2.0,2.0,26.0,0.16,0.0,83.0,1.0,1.0,21.0,2.0,4.59375,0.0,0.0,0.0,0.647584973166369,1.0,1.0,0.51186013,0.4881399
745,18,0.0,4.0,1.0,1.0,0.0,1.0,2.0,5.0,2.0,16.0,26.0,0.16,0.0,83.0,1.0,1.0,0.0,2.0,5.1,0.0,0.0,0.0,0.647584973166369,1.0,1.0,0.70610905,0.29389095
745,19,4.0,4.0,1.0,1.0,0.0,1.0,2.0,5.0,2.0,16.0,26.0,0.16,0.0,83.0,1.0,1.0,21.0,2.0,19.3,0.0,0.0,0.0,0.647584973166369,1.0,1.0,0.5214814,0.47851864
745,20,0.0,4.0,1.0,1.0,0.0,1.0,2.0,5.0,2.0,2.0,26.0,0.16,0.0,83.0,1.0,48.0,21.0,2.0,4.59375,0.0,0.0,0.0,0.647584973166369,1.0,1.0,0.58925426,0.41074577
745,21,0.0,4.0,1.0,60.0,0.0,1.0,2.0,5.0,2.0,16.0,26.0,0.16,0.0,83.0,1.0,1.0,21.0,2.0,4.59375,0.0,0.0,0.0,1.0,1.0,1.0,0.6566099,0.34339014
745,22,0.0,7.0,1.0,1.0,0.0,1.0,2.0,5.0,2.0,16.0,26.0,0.16,0.0,83.0,1.0,1.0,21.0,2.0,4.59375,0.0,0.0,0.0,1.0,1.0,1.0,0.61881375,0.38118628
745,23,0.0,4.0,1.0,1.0,0.0,1.0,2.0,5.0,2.0,16.0,26.0,0.16,0.0,83.0,1.0,1.0,4.0,2.0,4.59375,0.0,0.0,0.0,0.647584973166369,1.0,1.0,0.68653196,0.31346804
745,24,0.0,4.0,1.0,1.0,0.0,1.0,2.0,5.0,2.0,16.0,0.0,0.16,0.0,83.0,1.0,1.0,21.0,2.0,4.59375,0.0,5.0,0.0,0.647584973166369,1.0,1.0,0.7486974,0.2513026
745,25,0.0,35.0,1.0,1.0,0.0,1.0,2.0,5.0,2.0,16.0,26.0,0.16,0.0,83.0,1.0,1.0,21.0,2.0,4.59375,0.0,0.0,0.0,1.1,1.0,1.0,0.61881375,0.38118628
745,26,0.0,4.0,1.0,1.0,0.0,1.0,2.0,5.0,2.0,16.0,26.0,0.16,0.0,83.0,1.0,1.0,2.0,2.0,4.59375,0.0,0.0,0.0,0.647584973166369,1.0,1.0,0.67289644,0.32710356
745,27,6.0,4.0,1.0,1.0,0.0,1.0,2.0,5.0,2.0,3.0,26.0,0.16,0.0,83.0,1.0,1.0,21.0,2.0,4.59375,0.0,0.0,0.0,0.647584973166369,1.0,1.0,0.6467725,0.3532275
745,28,0.0,34.0,1.0,1.0,0.0,1.0,2.0,5.0,2.0,16.0,3.0,0.16,0.0,83.0,1.0,1.0,21.0,2.0,4.59375,0.0,0.0,0.0,0.647584973166369,1.0,1.0,0.60501873,0.3949813
745,29,0.0,4.0,1.0,1.0,0.0,1.0,2.0,5.0,2.0,3.0,26.0,0.16,0.0,83.0,1.0,1.0,20.0,2.0,4.59375,0.0,0.0,0.0,0.647584973166369,1.0,1.0,0.5169225,0.4830775
745,30,0.0,4.0,1.0,1.0,0.0,1.0,2.0,5.0,2.0,16.0,8.0,0.16,0.0,83.0,1.0,1.0,21.0,2.0,4.59375,0.0,12.0,0.0,0.647584973166369,1.0,1.0,0.54777884,0.45222113
745,31,0.0,4.0,1.0,1.0,0.0,1.0,2.0,5.0,2.0,16.0,4.0,0.16,1.0,83.0,1.0,1.0,21.0,2.0,4.59375,0.0,0.0,0.0,0.647584973166369,1.0,1.0,0.5037265,0.4962735
745,32,0.0,4.0,1.0,1.0,0.0,1.0,2.0,5.0,2.0,16.0,1.0,0.16,0.0,83.0,1.0,1.0,21.0,2.0,4.59375,0.0,0.0,0.0,0.647584973166369,1.0,1.0,0.6982025,0.30179754
745,33,20.0,4.0,1.0,1.0,0.0,1.0,2.0,5.0,2.0,16.0,26.0,0.16,0.0,83.0,1.0,1.0,5.0,2.0,4.59375,0.0,0.0,0.0,0.647584973166369,1.0,1.0,0.691057,0.30894297
745,34,0.0,6.0,1.0,1.0,0.0,1.0,2.0,5.0,2.0,16.0,26.0,0.16,0.0,83.0,1.0,1.0,4.0,2.0,4.59375,0.0,0.0,0.0,0.647584973166369,1.0,1.0,0.68152213,0.31847784
745,35,0.0,4.0,1.0,1.0,0.0,1.0,2.0,5.0,2.0,16.0,26.0,0.16,0.0,83.0,1.0,45.0,21.0,2.0,4.59375,0.0,0.0,0.0,1.0,1.0,1.0,0.6944438,0.30555615
745,36,0.0,4.0,1.0,1.0,0.0,1.0,2.0,5.0,2.0,16.0,26.0,0.16,0.0,83.0,1.0,1.0,6.0,2.0,4.59375,0.0,5.0,0.0,0.647584973166369,1.0,1.0,0.5086411,0.4913589
745,37,0.0,4.0,1.0,1.0,28.0,1.0,2.0,5.0,2.0,16.0,26.0,0.16,0.0,83.0,1.0,1.0,21.0,2.0,4.59375,0.0,0.0,0.0,1.0,1.0,1.0,0.5569191,0.44308087
745,38,0.0,43.0,1.0,1.0,0.0,1.0,2.0,5.0,2.0,16.0,26.0,0.16,0.0,83.0,1.0,1.0,3.0,2.0,4.59375,0.0,0.0,0.0,0.647584973166369,1.0,1.0,0.6608156,0.3391844
745,39,13.0,4.0,1.0,1.0,0.0,1.0,2.0,5.0,2.0,5.0,26.0,0.16,0.0,83.0,1.0,1.0,21.0,2.0,4.59375,0.0,0.0,0.0,0.647584973166369,1.0,1.0,0.50474703,0.49525294
745,40,0.0,4.0,1.0,1.0,0.0,1.0,2.0,5.0,2.0,0.0,26.0,0.16,0.0,83.0,1.0,1.0,21.0,2.0,4.59375,0.0,0.0,0.0,0.647584973166369,1.0,1.0,0.51200867,0.48799133
745,41,0.0,4.0,1.0,76.0,0.0,1.0,2.0,5.0,2.0,16.0,26.0,0.16,0.0,83.0,1.0,1.0,21.0,2.0,4.59375,0.0,0.0,0.0,1.0,1.0,1.0,0.6566099,0.34339014
745,42,0.0,4.0,0.0,1.0,0.0,1.0,2.0,5.0,2.0,16.0,26.0,0.16,0.0,83.0,1.0,1.0,1.0,2.0,4.59375,0.0,0.0,0.0,0.647584973166369,1.0,1.0,0.67289644,0.32710356
745,43,0.0,4.0,1.0,1.0,0.0,1.0,2.0,5.0,2.0,16.0,26.0,0.16,0.0,83.0,1.0,1.0,3.0,2.0,4.59375,0.0,0.0,0.0,0.647584973166369,1.0,1.0,0.66599154,0.33400849
745,44,0.0,4.0,1.0,1.0,0.0,1.0,2.0,5.0,2.0,16.0,2.0,0.16,0.0,83.0,1.0,1.0,21.0,2.0,4.59375,0.0,8.0,0.0,0.647584973166369,1.0,1.0,0.6782664,0.32173356
745,45,0.0,4.0,1.0,1.0,0.0,12.0,2.0,5.0,2.0,16.0,26.0,0.16,0.0,83.0,1.0,1.0,21.0,2.0,4.59375,0.0,0.0,0.0,1.1,1.0,1.0,0.5933957,0.40660432
745,46,0.0,4.0,1.0,1.0,0.0,1.0,2.0,5.0,2.0,16.0,26.0,0.16,0.0,83.0,0.0,1.0,21.0,2.0,4.59375,0.0,0.0,0.0,1.0,1.0,1.0,0.62426615,0.37573382
745,47,0.0,4.0,1.0,1.0,0.0,1.0,2.0,5.0,2.0,16.0,26.0,0.16,0.0,83.0,1.0,1.0,21.0,2.0,4.59375,17.0,0.0,0.0,1.0,1.0,1.0,0.5703789,0.4296211
745,48,0.0,4.0,1.0,1.0,0.0,1.0,2.0,5.0,2.0,16.0,26.0,0.16,0.0,83.0,1.0,1.0,4.0,2.0,4.59375,0.0,0.0,3.0,0.647584973166369,1.0,1.0,0.7278682,0.27213177
745,49,0.0,4.0,1.0,1.0,0.0,1.0,2.0,5.0,2.0,16.0,11.0,0.16,0.0,83.0,1.0,1.0,21.0,2.0,4.59375,0.0,0.0,0.0,0.647584973166369,1.0,1.0,0.5037265,0.4962735
745,50,0.0,4.0,1.0,1.0,0.0,1.0,2.0,5.0,2.0,16.0,0.0,0.16,0.0,83.0,1.0,1.0,21.0,2.0,4.59375,0.0,0.0,0.0,0.7,1.0,1.0,0.79504406,0.20495597
745,51,8.0,4.0,1.0,1.0,0.0,1.0,2.0,5.0,2.0,16.0,26.0,0.16,0.0,83.0,1.0,1.0,21.0,2.0,34.8,0.0,0.0,0.0,0.647584973166369,1.0,1.0,0.5214814,0.47851864
745,52,0.0,4.0,1.0,1.0,0.0,1.0,2.0,5.0,2.0,16.0,1.0,0.16,0.0,83.0,3.0,1.0,21.0,2.0,4.59375,0.0,0.0,0.0,0.647584973166369,1.0,1.0,0.75355977,0.24644025
745,53,0.0,4.0,1.0,1.0,0.0,1.0,2.0,5.0,2.0,16.0,2.0,0.16,0.0,83.0,1.0,1.0,21.0,2.0,4.59375,0.0,0.0,0.0,0.647584973166369,1.0,1.0,0.5944008,0.40559918
745,54,3.0,4.0,1.0,1.0,0.0,1.0,2.0,5.0,2.0,16.0,26.0,0.16,0.0,83.0,1.0,1.0,21.0,2.0,4.59375,0.0,0.0,0.0,1.0,1.0,1.0,0.6769153,0.32308468
745,55,14.0,4.0,1.0,1.0,0.0,1.0,2.0,5.0,2.0,4.0,26.0,0.16,0.0,83.0,1.0,1.0,21.0,2.0,4.59375,0.0,0.0,0.0,0.647584973166369,1.0,1.0,0.58190167,0.41809833
745,56,0.0,4.0,1.0,1.0,0.0,1.0,2.0,5.0,2.0,16.0,0.0,0.16,0.0,83.0,1.0,1.0,27.0,2.0,4.59375,0.0,0.0,0.0,0.647584973166369,1.0,1.0,0.6982025,0.30179754
745,57,0.0,4.0,1.0,1.0,0.0,1.0,2.0,5.0,2.0,16.0,26.0,0.16,0.0,83.0,1.0,23.0,21.0,2.0,4.59375,0.0,0.0,0.0,1.1,1.0,1.0,0.6944438,0.30555615
745,58,18.0,4.0,1.0,1.0,0.0,1.0,2.0,5.0,2.0,16.0,26.0,0.16,0.0,83.0,1.0,1.0,21.0,2.0,43.4,0.0,0.0,0.0,0.647584973166369,1.0,1.0,0.5214814,0.47851864
745,59,0.0,39.0,1.0,1.0,0.0,1.0,2.0,5.0,2.0,3.0,26.0,0.16,0.0,83.0,1.0,1.0,21.0,2.0,4.59375,0.0,0.0,0.0,0.647584973166369,1.0,1.0,0.51113224,0.48886776
745,60,0.0,4.0,1.0,1.0,0.0,1.0,2.0,5.0,2.0,1.0,26.0,0.16,0.0,83.0,1.0,1.0,21.0,2.0,4.59375,0.0,0.0,0.0,0.647584973166369,1.0,1.0,0.5169225,0.4830775
745,61,0.0,4.0,1.0,1.0,0.0,1.0,2.0,5.0,2.0,16.0,26.0,6.4,0.0,83.0,1.0,1.0,21.0,2.0,4.59375,0.0,0.0,0.0,1.0,1.0,1.0,0.5000275,0.49997252
745,62,0.0,4.0,1.0,1.0,0.0,1.0,2.0,5.0,2.0,0.0,26.0,0.16,0.0,83.0,8.0,1.0,21.0,2.0,4.59375,0.0,0.0,0.0,0.647584973166369,1.0,1.0,0.6197149,0.38028508
745,63,0.0,40.0,1.0,1.0,0.0,1.0,2.0,5.0,2.0,16.0,26.0,0.16,0.0,83.0,1.0,1.0,21.0,2.0,4.59375,0.0,0.0,0.0,1.0,1.0,1.0,0.61881375,0.38118628
745,64,0.0,4.0,1.0,83.0,0.0,1.0,2.0,5.0,2.0,16.0,26.0,0.16,0.0,83.0,1.0,1.0,21.0,2.0,4.59375,0.0,0.0,0.0,1.1,1.0,1.0,0.6566099,0.34339014
745,65,0.0,4.0,1.0,1.0,0.0,1.0,2.0,5.0,2.0,3.0,26.0,0.16,0.0,83.0,1.0,1.0,21.0,2.0,4.59375,0.0,0.0,0.0,1.0,1.0,1.0,0.9200095,0.07999052
745,66,0.0,4.0,1.0,1.0,0.0,1.0,2.0,5.0,2.0,3.0,26.0,0.16,0.0,25.0,1.0,1.0,21.0,2.0,4.59375,0.0,0.0,0.0,0.647584973166369,1.0,1.0,0.5705761,0.42942396
745,67,0.0,4.0,1.0,19.0,0.0,1.0,2.0,5.0,2.0,3.0,26.0,0.16,0.0,83.0,1.0,1.0,21.0,2.0,4.59375,0.0,0.0,0.0,0.647584973166369,1.0,1.0,0.60457224,0.39542776
745,68,0.0,4.0,1.0,1.0,0.0,1.0,2.0,5.0,2.0,16.0,26.0,0.16,0.0,83.0,1.0,1.0,21.0,2.0,4.59375,0.0,17.0,0.0,1.1,1.0,1.0,0.65351135,0.34648865
745,69,0.0,4.0,1.0,69.0,0.0,1.0,2.0,5.0,2.0,16.0,26.0,0.16,0.0,83.0,1.0,1.0,21.0,2.0,4.59375,0.0,0.0,0.0,1.0,1.0,1.0,0.6566099,0.34339014
745,70,0.0,4.0,1.0,1.0,0.0,1.0,2.0,3.0,2.0,16.0,26.0,0.16,0.0,83.0,1.0,1.0,21.0,2.0,4.59375,0.0,0.0,0.0,1.1,1.0,1.0,0.65102786,0.34897214
745,71,0.0,4.0,1.0,1.0,0.0,1.0,2.0,5.0,2.0,16.0,26.0,0.16,1.0,83.0,1.0,1.0,4.0,2.0,4.59375,0.0,0.0,0.0,0.647584973166369,1.0,1.0,0.68653196,0.31346804
745,72,0.0,4.0,1.0,1.0,0.0,1.0,2.0,5.0,2.0,16.0,26.0,0.16,0.0,83.0,1.0,15.0,3.0,2.0,4.59375,0.0,0.0,0.0,0.647584973166369,1.0,1.0,0.7894462,0.21055381
745,73,14.0,4.0,1.0,1.0,0.0,1.0,2.0,5.0,2.0,16.0,26.0,0.16,0.0,83.0,1.0,1.0,21.0,2.0,47.6,0.0,0.0,0.0,0.647584973166369,1.0,1.0,0.5214814,0.47851864
745,74,0.0,4.0,1.0,1.0,0.0,1.0,2.0,5.0,2.0,16.0,10.0,0.16,0.0,83.0,7.0,1.0,21.0,2.0,4.59375,0.0,0.0,0.0,0.647584973166369,1.0,1.0,0.6375035,0.3624965
745,75,0.0,4.0,1.0,1.0,0.0,1.0,2.0,5.0,2.0,16.0,26.0,0.16,0.0,83.0,1.0,1.0,21.0,2.0,4.59375,0.0,0.0,0.0,1.0,1.0,1.0,0.62426615,0.37573382
745,76,0.0,4.0,1.0,1.0,0.0,1.0,2.0,5.0,2.0,16.0,13.0,0.16,0.0,83.0,1.0,1.0,21.0,2.0,4.59375,0.0,0.0,0.0,0.647584973166369,0.1,1.0,0.84927106,0.15072893
745,77,0.0,4.0,1.0,12.0,0.0,1.0,2.0,5.0,2.0,16.0,0.0,0.16,0.0,83.0,1.0,1.0,21.0,2.0,4.59375,0.0,0.0,0.0,0.647584973166369,1.0,1.0,0.63095415,0.36904582
745,78,0.0,4.0,1.0,1.0,0.0,1.0,2.0,5.0,2.0,16.0,26.0,0.16,0.0,53.0,1.0,1.0,9.0,2.0,4.59375,0.0,0.0,0.0,0.647584973166369,1.0,1.0,0.6827514,0.31724855
745,79,0.0,4.0,1.0,1.0,0.0,1.0,2.0,5.0,2.0,16.0,0.0,0.16,0.0,83.0,1.0,1.0,21.0,2.0,4.59375,0.0,0.0,0.0,0.647584973166369,1.0,1.0,0.6982025,0.30179754
745,80,0.0,4.0,1.0,1.0,25.0,1.0,2.0,5.0,2.0,16.0,26.0,0.16,0.0,83.0,1.0,1.0,21.0,2.0,4.59375,0.0,0.0,0.0,1.1,1.0,1.0,0.5569191,0.44308087
745,81,0.0,4.0,1.0,1.0,0.0,1.0,2.0,5.0,2.0,3.0,26.0,0.16,0.0,83.0,1.0,1.0,21.0,2.0,4.59375,0.0,0.0,0.0,0.647584973166369,1.0,1.0,0.5169225,0.4830775
745,82,0.0,4.0,4.0,1.0,0.0,1.0,2.0,5.0,2.0,16.0,26.0,0.16,0.0,83.0,1.0,1.0,21.0,2.0,4.59375,0.0,0.0,0.0,1.1,1.0,1.0,0.58171606,0.41828397
745,83,0.0,4.0,1.0,1.0,0.0,1.0,2.0,5.0,2.0,16.0,10.0,0.16,0.0,83.0,1.0,1.0,21.0,2.0,4.59375,0.0,0.0,2.0,0.647584973166369,1.0,1.0,0.55349064,0.44650936
745,84,8.0,4.0,1.0,1.0,0.0,1.0,2.0,5.0,2.0,16.0,26.0,0.16,0.0,83.0,1.0,1.0,21.0,2.0,37.5,0.0,0.0,0.0,0.647584973166369,1.0,1.0,0.5214814,0.47851864
745,85,13.0,4.0,1.0,1.0,0.0,1.0,2.0,5.0,2.0,16.0,26.0,0.16,0.0,83.0,1.0,1.0,21.0,2.0,34.3,0.0,0.0,0.0,0.647584973166369,1.0,1.0,0.5214814,0.47851864
745,86,9.0,4.0,1.0,1.0,0.0,1.0,2.0,5.0,2.0,16.0,26.0,0.16,0.0,83.0,1.0,1.0,21.0,2.0,36.6,0.0,0.0,0.0,0.647584973166369,1.0,1.0,0.5214814,0.47851864
745,87,0.0,4.0,1.0,1.0,0.0,1.0,2.0,5.0,2.0,5.0,26.0,0.16,0.0,83.0,1.0,1.0,21.0,2.0,4.59375,0.0,0.0,0.0,1.0,1.0,1.0,0.90243757,0.097562455
745,88,0.0,4.0,1.0,1.0,0.0,1.0,2.0,5.0,2.0,16.0,26.0,0.16,0.0,83.0,1.0,1.0,21.0,2.0,46.0,0.0,0.0,0.0,1.0,1.0,1.0,0.8166638,0.1833362
745,89,0.0,4.0,1.0,1.0,0.0,1.0,2.0,5.0,2.0,0.0,26.0,0.16,0.0,83.0,1.0,43.0,21.0,2.0,4.59375,0.0,0.0,0.0,0.647584973166369,1.0,1.0,0.58925426,0.41074577
745,90,0.0,4.0,1.0,1.0,0.0,1.0,2.0,5.0,2.0,16.0,26.0,0.16,0.0,83.0,1.0,1.0,21.0,2.0,4.59375,0.0,37.0,0.0,1.0,1.0,1.0,0.65351135,0.34648865
745,91,0.0,4.0,1.0,96.0,0.0,1.0,2.0,5.0,2.0,16.0,26.0,0.16,0.0,83.0,1.0,1.0,21.0,2.0,4.59375,0.0,0.0,0.0,1.1,1.0,1.0,0.6566099,0.34339014
745,92,0.0,4.0,1.0,1.0,0.0,1.0,2.0,5.0,2.0,16.0,26.0,0.16,0.0,83.0,1.0,1.0,21.0,2.0,4.59375,5.0,0.0,0.0,1.1,1.0,1.0,0.5703789,0.4296211
745,93,11.0,4.0,1.0,1.0,0.0,1.0,2.0,5.0,2.0,16.0,6.0,0.16,0.0,83.0,1.0,1.0,21.0,2.0,4.59375,0.0,0.0,0.0,0.647584973166369,1.0,1.0,0.74000746,0.25999254
745,94,0.0,4.0,1.0,1.0,0.0,1.0,2.0,5.0,2.0,16.0,26.0,4.09,0.0,83.0,1.0,1.0,4.0,2.0,4.59375,0.0,0.0,0.0,0.647584973166369,1.0,1.0,0.85126656,0.14873344
745,95,14.0,4.0,1.0,1.0,0.0,1.0,2.0,5.0,2.0,16.0,26.0,0.16,0.0,83.0,1.0,1.0,21.0,2.0,12.2,0.0,0.0,0.0,0.647584973166369,1.0,1.0,0.5214814,0.47851864
745,96,0.0,4.0,1.0,1.0,0.0,1.0,2.0,5.0,2.0,16.0,12.0,0.16,0.0,67.0,1.0,1.0,21.0,2.0,4.59375,0.0,0.0,0.0,0.647584973166369,1.0,1.0,0.6183974,0.3816026
745,97,0.0,4.0,1.0,1.0,0.0,1.0,2.0,5.0,2.0,16.0,8.0,0.16,0.0,83.0,1.0,29.0,21.0,2.0,4.59375,0.0,0.0,0.0,0.647584973166369,1.0,1.0,0.5565233,0.44347668
745,98,0.0,4.0,1.0,1.0,0.0,1.0,2.0,5.0,2.0,16.0,4.0,0.16,0.0,83.0,1.0,1.0,21.0,2.0,4.59375,0.0,0.0,0.0,0.647584973166369,1.0,1.0,0.5037265,0.4962735
745,99,0.0,4.0,1.0,1.0,10.0,1.0,2.0,5.0,2.0,16.0,26.0,0.16,0.0,83.0,1.0,1.0,21.0,2.0,4.59375,0.0,0.0,0.0,1.1,1.0,1.0,0.5569191,0.44308087
746,0,5.0,1.0,1.0,5.0,0.0,1.0,2.0,4.0,10.0,44.0,78.0,0.15,0.0,96.0,2.0,0.0,41.0,4.0,20.5,0.0,1.0,0.0,0.659197012138189,0.4,2.0,0.5896839,0.41031608
746,1,5.0,1.0,1.0,5.0,0.0,1.0,2.0,4.0,25.0,4.0,78.0,0.15,0.0,96.0,1.0,0.0,41.0,4.0,14.2,0.0,1.0,0.0,0.659197012138189,0.666666666666667,2.0,0.9606791,0.039320864
746,2,5.0,1.0,1.0,5.0,0.0,1.0,2.0,4.0,27.0,5.0,78.0,0.15,0.0,96.0,1.0,0.0,41.0,4.0,2.95744680851064,0.0,1.0,0.0,0.659197012138189,0.666666666666667,2.0,0.6629668,0.3370332
746,3,5.0,1.0,1.0,5.0,0.0,1.0,2.0,4.0,10.0,12.0,78.0,0.15,0.0,96.0,1.0,0.0,41.0,4.0,29.7,0.0,1.0,0.0,0.659197012138189,0.666666666666667,2.0,0.64736974,0.35263023
746,4,5.0,1.0,1.0,5.0,0.0,1.0,2.0,4.0,10.0,0.0,78.0,0.15,0.0,96.0,8.0,0.0,41.0,4.0,2.95744680851064,0.0,1.0,0.0,0.659197012138189,0.666666666666667,2.0,0.80712646,0.19287354
746,5,5.0,1.0,1.0,5.0,0.0,1.0,2.0,4.0,10.0,15.0,78.0,0.15,0.0,96.0,1.0,0.0,41.0,4.0,2.95744680851064,0.0,1.0,0.0,1.1,0.666666666666667,2.0,0.50058806,0.4994119
746,6,5.0,1.0,1.0,5.0,0.0,1.0,2.0,4.0,10.0,5.0,78.0,0.15,0.0,96.0,1.0,0.0,41.0,4.0,2.95744680851064,0.0,1.0,0.0,0.659197012138189,0.666666666666667,2.0,0.6629668,0.3370332
746,7,5.0,1.0,1.0,5.0,0.0,1.0,2.0,18.0,10.0,17.0,78.0,0.15,0.0,96.0,1.0,0.0,41.0,4.0,2.95744680851064,0.0,1.0,0.0,0.659197012138189,1.1,2.0,0.6794958,0.32050416
746,8,5.0,1.0,1.0,5.0,0.0,1.0,2.0,7.0,10.0,44.0,78.0,0.15,0.0,96.0,1.0,0.0,41.0,4.0,17.4,0.0,1.0,0.0,0.659197012138189,0.4,2.0,0.6129568,0.38704318
746,9,5.0,1.0,1.0,5.0,0.0,1.0,2.0,4.0,10.0,3.0,78.0,0.15,0.0,96.0,1.0,0.0,20.0,4.0,2.95744680851064,0.0,1.0,0.0,0.659197012138189,0.666666666666667,2.0,0.7368047,0.2631953
746,10,5.0,1.0,1.0,5.0,0.0,1.0,2.0,4.0,10.0,21.0,78.0,0.15,0.0,96.0,0.0,0.0,41.0,4.0,2.95744680851064,0.0,1.0,0.0,0.659197012138189,0.2,2.0,0.62800765,0.37199235
746,11,5.0,1.0,1.0,5.0,0.0,1.0,2.0,4.0,10.0,8.0,78.0,0.15,0.0,96.0,1.0,0.0,41.0,4.0,2.95744680851064,0.0,37.0,0.0,0.659197012138189,0.666666666666667,2.0,0.5849495,0.41505054
746,12,5.0,1.0,2.0,5.0,0.0,1.0,2.0,4.0,10.0,44.0,78.0,0.15,0.0,96.0,1.0,0.0,41.0,4.0,13.8,0.0,1.0,0.0,0.659197012138189,0.3,2.0,0.5439948,0.45600522
746,13,5.0,1.0,1.0,5.0,0.0,1.0,2.0,4.0,10.0,44.0,78.0,0.15,0.0,96.0,1.0,0.0,41.0,4.0,8.0,0.0,1.0,0.0,0.659197012138189,0.2,2.0,0.5439948,0.45600522
746,14,5.0,1.0,1.0,5.0,0.0,1.0,2.0,4.0,10.0,7.0,78.0,0.15,0.0,96.0,1.0,0.0,41.0,4.0,2.95744680851064,0.0,1.0,0.0,0.659197012138189,0.666666666666667,2.0,0.5443786,0.45562142
746,15,5.0,1.0,1.0,5.0,0.0,1.0,2.0,4.0,10.0,5.0,78.0,0.15,0.0,96.0,1.0,1.0,41.0,4.0,2.95744680851064,0.0,1.0,0.0,0.659197012138189,0.666666666666667,2.0,0.6629668,0.3370332
746,16,5.0,1.0,1.0,5.0,0.0,0.0,2.0,4.0,10.0,2.0,78.0,0.15,0.0,96.0,1.0,0.0,67.0,4.0,2.95744680851064,0.0,1.0,0.0,0.659197012138189,0.666666666666667,2.0,0.75562406,0.24437591
746,17,5.0,1.0,1.0,5.0,0.0,1.0,2.0,4.0,10.0,17.0,78.0,0.15,0.0,96.0,1.0,0.0,41.0,4.0,2.95744680851064,0.0,1.0,0.0,0.659197012138189,1.1,2.0,0.62516934,0.37483066
746,18,5.0,1.0,1.0,5.0,0.0,1.0,2.0,4.0,37.0,4.0,78.0,0.15,0.0,96.0,1.0,0.0,41.0,4.0,2.95744680851064,0.0,1.0,0.0,0.659197012138189,0.666666666666667,2.0,0.7368047,0.2631953
746,19,5.0,1.0,1.0,55.0,6.0,1.0,2.0,4.0,10.0,3.0,78.0,0.15,0.0,96.0,1.0,0.0,41.0,4.0,2.95744680851064,0.0,1.0,0.0,0.659197012138189,0.666666666666667,2.0,0.63301325,0.36698675
746,20,5.0,1.0,1.0,5.0,0.0,1.0,2.0,4.0,10.0,0.0,78.0,0.15,0.0,96.0,1.0,43.0,41.0,4.0,2.95744680851064,0.0,1.0,0.0,0.659197012138189,0.4,2.0,0.9206265,0.07937345
746,21,5.0,1.0,1.0,5.0,0.0,1.0,2.0,4.0,36.0,6.0,78.0,0.15,6.0,96.0,1.0,0.0,41.0,4.0,2.95744680851064,0.0,1.0,0.0,0.659197012138189,0.666666666666667,2.0,0.52074504,0.47925493
746,22,5.0,1.0,1.0,5.0,0.0,1.0,2.0,4.0,10.0,18.0,78.0,1.53,0.0,96.0,1.0,0.0,41.0,4.0,2.95744680851064,0.0,23.0,0.0,0.659197012138189,0.666666666666667,2.0,0.66748786,0.3325121
746,23,5.0,1.0,1.0,5.0,0.0,1.0,2.0,4.0,10.0,2.0,78.0,0.15,0.0,96.0,1.0,0.0,41.0,4.0,2.95744680851064,0.0,1.0,0.0,0.659197012138189,0.3,4.0,0.89168614,0.108313866
746,24,5.0,1.0,1.0,5.0,0.0,1.0,2.0,4.0,10.0,3.0,78.0,0.15,0.0,96.0,1.0,0.0,41.0,4.0,2.95744680851064,0.0,9.0,0.0,0.659197012138189,0.666666666666667,2.0,0.76755726,0.23244275
746,25,5.0,1.0,1.0,5.0,0.0,1.0,2.0,4.0,10.0,4.0,78.0,0.15,0.0,96.0,1.0,0.0,47.0,4.0,2.95744680851064,0.0,1.0,0.0,0.659197012138189,0.4,2.0,0.89168614,0.108313866
746,26,5.0,1.0,1.0,5.0,0.0,1.0,2.0,4.0,10.0,44.0,78.0,0.15,0.0,96.0,1.0,0.0,21.0,4.0,17.6,0.0,1.0,0.0,0.659197012138189,0.4,2.0,0.5439948,0.45600522
746,27,5.0,1.0,1.0,5.0,0.0,1.0,2.0,5.0,10.0,12.0,78.0,0.15,0.0,96.0,1.0,0.0,41.0,4.0,29.7,0.0,1.0,0.0,0.659197012138189,0.666666666666667,2.0,0.64736974,0.35263023
746,28,5.0,1.0,0.0,5.0,0.0,1.0,2.0,4.0,10.0,44.0,78.0,4.77,0.0,96.0,1.0,0.0,1.0,4.0,2.95744680851064,0.0,1.0,0.0,0.659197012138189,0.666666666666667,2.0,0.7332089,0.26679114
746,29,13.0,1.0,1.0,5.0,0.0,1.0,2.0,4.0,10.0,5.0,78.0,0.15,0.0,96.0,1.0,0.0,41.0,4.0,14.1,0.0,1.0,0.0,0.659197012138189,0.666666666666667,2.0,0.9390557,0.06094431
746,30,5.0,1.0,1.0,5.0,0.0,1.0,2.0,4.0,10.0,0.0,78.0,0.15,0.0,96.0,8.0,0.0,43.0,4.0,2.95744680851064,0.0,1.0,0.0,0.659197012138189,0.666666666666667,2.0,0.80712646,0.19287354
746,31,5.0,1.0,1.0,5.0,42.0,1.0,2.0,4.0,10.0,5.0,78.0,0.15,0.0,96.0,1.0,0.0,41.0,4.0,2.95744680851064,0.0,1.0,0.0,0.659197012138189,0.1,2.0,0.76343423,0.23656577
746,32,5.0,1.0,1.0,5.0,0.0,1.0,2.0,4.0,10.0,1.0,78.0,0.15,0.0,96.0,1.0,0.0,41.0,4.0,2.95744680851064,0.0,13.0,0.0,0.659197012138189,0.4,2.0,0.90663505,0.09336498
746,33,5.0,1.0,1.0,5.0,0.0,1.0,2.0,4.0,10.0,4.0,78.0,0.15,0.0,96.0,1.0,28.0,41.0,4.0,2.95744680851064,33.0,1.0,0.0,0.659197012138189,0.666666666666667,2.0,0.74316585,0.25683412
746,34,5.0,1.0,1.0,5.0,0.0,1.0,2.0,4.0,10.0,5.0,78.0,0.15,0.0,96.0,1.0,0.0,41.0,8.0,2.95744680851064,8.0,1.0,0.0,0.659197012138189,0.666666666666667,2.0,0.5653112,0.43468884
746,35,5.0,1.0,4.0,5.0,0.0,1.0,2.0,4.0,10.0,0.0,78.0,0.15,0.0,96.0,1.0,0.0,41.0,4.0,2.95744680851064,0.0,29.0,0.0,0.659197012138189,0.666666666666667,2.0,0.7168436,0.2831564
746,36,5.0,1.0,1.0,5.0,0.0,1.0,2.0,4.0,15.0,44.0,78.0,0.15,0.0,96.0,1.0,0.0,41.0,4.0,21.3,0.0,1.0,0.0,0.659197012138189,0.4,2.0,0.5439948,0.45600522
746,37,5.0,1.0,1.0,5.0,0.0,1.0,2.0,4.0,10.0,44.0,78.0,4.09,0.0,96.0,1.0,0.0,4.0,4.0,2.95744680851064,0.0,1.0,0.0,0.659197012138189,0.666666666666667,2.0,0.5689599,0.4310401
746,38,5.0,1.0,1.0,5.0,0.0,1.0,2.0,4.0,10.0,0.0,78.0,0.15,0.0,19.0,1.0,0.0,41.0,4.0,2.95744680851064,0.0,1.0,0.0,0.659197012138189,0.666666666666667,2.0,0.7680235,0.2319765
746,39,5.0,1.0,1.0,5.0,0.0,1.0,2.0,4.0,10.0,0.0,78.0,0.15,0.0,96.0,1.0,0.0,70.0,4.0,2.95744680851064,0.0,1.0,0.0,0.659197012138189,0.666666666666667,2.0,0.7368047,0.2631953
746,40,5.0,1.0,1.0,5.0,0.0,1.0,2.0,4.0,10.0,8.0,78.0,0.15,7.0,96.0,1.0,0.0,41.0,4.0,2.95744680851064,0.0,1.0,0.0,0.659197012138189,0.666666666666667,2.0,0.5075808,0.49241918
746,41,5.0,1.0,1.0,5.0,0.0,1.0,2.0,4.0,10.0,0.0,78.0,0.15,0.0,96.0,1.0,0.0,41.0,4.0,2.95744680851064,0.0,1.0,0.0,0.659197012138189,0.666666666666667,2.0,0.7368047,0.2631953
746,42,5.0,1.0,1.0,5.0,0.0,1.0,2.0,4.0,10.0,10.0,78.0,0.15,0.0,96.0,1.0,0.0,41.0,4.0,24.8,0.0,1.0,0.0,0.659197012138189,0.666666666666667,2.0,0.80057824,0.19942173
746,43,5.0,1.0,1.0,5.0,0.0,1.0,2.0,4.0,10.0,10.0,78.0,0.15,0.0,96.0,1.0,0.0,41.0,4.0,2.95744680851064,0.0,1.0,0.0,0.659197012138189,1.1,2.0,0.70621717,0.2937828
746,44,5.0,1.0,1.0,87.0,0.0,1.0,2.0,4.0,10.0,1.0,78.0,0.15,0.0,96.0,1.0,0.0,41.0,4.0,2.95744680851064,0.0,1.0,0.0,0.659197012138189,0.666666666666667,2.0,0.7368047,0.2631953
746,45,5.0,1.0,1.0,5.0,0.0,1.0,2.0,4.0,10.0,8.0,78.0,0.15,7.0,96.0,1.0,0.0,41.0,4.0,2.95744680851064,0.0,21.0,0.0,0.659197012138189,0.666666666666667,2.0,0.564102,0.435898
746,46,5.0,39.0,1.0,5.0,0.0,1.0,2.0,4.0,10.0,5.0,78.0,0.15,0.0,96.0,1.0,0.0,41.0,4.0,2.95744680851064,0.0,1.0,0.0,0.659197012138189,0.666666666666667,2.0,0.53969955,0.46030042
746,47,5.0,1.0,1.0,5.0,45.0,1.0,2.0,4.0,10.0,3.0,78.0,0.15,0.0,25.0,1.0,0.0,41.0,4.0,2.95744680851064,0.0,1.0,0.0,0.659197012138189,0.666666666666667,2.0,0.6394961,0.3605039
746,48,5.0,1.0,1.0,5.0,0.0,1.0,2.0,4.0,10.0,5.0,78.0,0.15,0.0,96.0,1.0,0.0,41.0,8.0,2.95744680851064,0.0,1.0,0.0,0.659197012138189,0.666666666666667,2.0,0.6393382,0.3606618
746,49,5.0,1.0,1.0,5.0,0.0,1.0,2.0,4.0,10.0,14.0,78.0,0.15,0.0,96.0,1.0,0.0,41.0,4.0,51.8,0.0,1.0,0.0,0.659197012138189,0.666666666666667,2.0,0.7465991,0.2534009
746,50,5.0,1.0,1.0,5.0,0.0,1.0,2.0,4.0,10.0,0.0,78.0,0.15,0.0,19.0,1.0,0.0,41.0,4.0,2.95744680851064,0.0,1.0,0.0,1.0,0.666666666666667,2.0,0.8201474,0.17985263
746,51,5.0,1.0,1.0,5.0,0.0,1.0,2.0,4.0,10.0,5.0,78.0,0.15,0.0,96.0,1.0,0.0,41.0,4.0,2.95744680851064,0.0,1.0,0.0,1.0,0.666666666666667,2.0,0.79670024,0.20329979
746,52,5.0,1.0,1.0,5.0,0.0,1.0,2.0,9.0,10.0,5.0,95.0,0.15,0.0,96.0,1.0,0.0,41.0,4.0,2.95744680851064,0.0,1.0,0.0,0.659197012138189,0.666666666666667,2.0,0.64783025,0.35216978
746,53,5.0,1.0,1.0,5.0,0.0,1.0,2.0,4.0,10.0,3.0,136.0,0.15,0.0,96.0,1.0,0.0,20.0,4.0,2.95744680851064,0.0,1.0,0.0,0.659197012138189,0.666666666666667,2.0,0.7368047,0.2631953
746,54,5.0,1.0,1.0,5.0,0.0,1.0,2.0,4.0,10.0,8.0,78.0,0.15,0.0,96.0,0.0,0.0,41.0,4.0,2.95744680851064,0.0,1.0,0.0,0.659197012138189,0.4,2.0,0.89533776,0.10466222
746,55,5.0,1.0,1.0,5.0,0.0,1.0,2.0,4.0,10.0,7.0,78.0,0.15,0.0,96.0,1.0,0.0,57.0,4.0,2.95744680851064,0.0,1.0,0.0,0.659197012138189,0.666666666666667,2.0,0.5443786,0.45562142
746,56,5.0,1.0,1.0,5.0,0.0,1.0,2.0,4.0,10.0,3.0,78.0,0.15,0.0,96.0,1.0,0.0,41.0,4.0,2.95744680851064,0.0,1.0,0.0,1.0,0.666666666666667,2.0,0.8172174,0.1827826
746,57,5.0,27.0,1.0,5.0,0.0,1.0,2.0,4.0,10.0,6.0,78.0,0.15,0.0,96.0,8.0,0.0,41.0,4.0,2.95744680851064,0.0,1.0,0.0,0.659197012138189,0.666666666666667,2.0,0.5287916,0.4712084
746,58,5.0,1.0,1.0,5.0,0.0,1.0,2.0,4.0,10.0,10.0,78.0,0.15,0.0,96.0,1.0,0.0,41.0,4.0,40.0,0.0,1.0,0.0,0.659197012138189,0.666666666666667,2.0,0.80057824,0.19942173
746,59,5.0,1.0,1.0,5.0,0.0,1.0,2.0,4.0,10.0,21.0,78.0,0.15,0.0,96.0,1.0,32.0,41.0,4.0,28.0,0.0,1.0,0.0,0.659197012138189,0.666666666666667,2.0,0.5370839,0.46291608
746,60,5.0,1.0,1.0,5.0,0.0,0.0,2.0,4.0,10.0,2.0,78.0,0.15,0.0,96.0,1.0,0.0,41.0,4.0,2.95744680851064,0.0,1.0,0.0,0.659197012138189,0.666666666666667,2.0,0.75562406,0.24437591
746,61,5.0,1.0,1.0,5.0,0.0,1.0,2.0,2.0,10.0,18.0,78.0,0.15,0.0,96.0,1.0,0.0,41.0,4.0,2.95744680851064,0.0,1.0,0.0,0.659197012138189,0.2,2.0,0.91077554,0.08922447
746,62,5.0,1.0,1.0,5.0,0.0,1.0,10.0,4.0,10.0,8.0,78.0,1.87,0.0,96.0,1.0,0.0,41.0,4.0,2.95744680851064,0.0,1.0,0.0,0.659197012138189,0.666666666666667,2.0,0.54739964,0.4526004
746,63,5.0,1.0,1.0,5.0,0.0,1.0,2.0,4.0,10.0,44.0,78.0,1.68,0.0,96.0,5.0,0.0,41.0,4.0,11.6,0.0,1.0,0.0,0.659197012138189,0.666666666666667,2.0,0.5684406,0.43155938
746,64,5.0,1.0,1.0,5.0,0.0,1.0,2.0,4.0,10.0,0.0,78.0,0.15,0.0,94.0,1.0,0.0,41.0,4.0,2.95744680851064,0.0,1.0,0.0,0.659197012138189,0.666666666666667,2.0,0.7368047,0.2631953
746,65,11.0,1.0,1.0,5.0,0.0,1.0,2.0,4.0,10.0,8.0,78.0,0.15,0.0,96.0,1.0,0.0,41.0,4.0,2.95744680851064,0.0,1.0,0.0,0.659197012138189,0.666666666666667,2.0,0.5443786,0.45562142
746,66,5.0,1.0,1.0,5.0,0.0,1.0,2.0,4.0,10.0,8.0,78.0,0.15,0.0,96.0,1.0,0.0,41.0,4.0,21.3,0.0,1.0,0.0,0.659197012138189,0.666666666666667,2.0,0.92482895,0.07517103
746,67,5.0,1.0,1.0,5.0,0.0,1.0,2.0,4.0,10.0,0.0,78.0,0.15,0.0,96.0,1.0,43.0,41.0,4.0,2.95744680851064,0.0,1.0,0.0,0.659197012138189,0.666666666666667,2.0,0.7977412,0.20225884
746,68,5.0,1.0,1.0,5.0,0.0,1.0,2.0,4.0,0.0,7.0,78.0,0.15,0.0,96.0,8.0,0.0,41.0,4.0,2.95744680851064,0.0,1.0,0.0,0.659197012138189,0.666666666666667,2.0,0.84972537,0.15027466
746,69,5.0,1.0,1.0,5.0,0.0,1.0,2.0,4.0,10.0,10.0,78.0,3.61,0.0,96.0,1.0,0.0,41.0,2.0,2.95744680851064,0.0,1.0,0.0,0.659197012138189,0.666666666666667,2.0,0.5723834,0.4276166
746,70,5.0,1.0,1.0,5.0,0.0,1.0,2.0,4.0,10.0,44.0,78.0,0.15,0.0,96.0,1.0,31.0,6.0,4.0,16.2,0.0,1.0,0.0,0.659197012138189,0.666666666666667,2.0,0.6259538,0.37404624
746,71,5.0,1.0,1.0,5.0,0.0,1.0,2.0,4.0,10.0,3.0,78.0,0.15,0.0,25.0,1.0,0.0,41.0,4.0,2.95744680851064,0.0,1.0,0.0,0.659197012138189,0.666666666666667,2.0,0.7911087,0.20889124
746,72,5.0,39.0,1.0,5.0,0.0,1.0,2.0,4.0,10.0,3.0,78.0,0.15,0.0,96.0,1.0,0.0,41.0,4.0,2.95744680851064,39.0,1.0,0.0,0.659197012138189,0.666666666666667,2.0,0.51221,0.48778996
746,73,5.0,1.0,1.0,5.0,0.0,1.0,2.0,12.0,10.0,17.0,78.0,0.15,0.0,96.0,1.0,0.0,41.0,4.0,13.4,0.0,1.0,0.0,0.659197012138189,0.666666666666667,2.0,0.81176883,0.18823119
746,74,5.0,1.0,1.0,6.0,0.0,1.0,2.0,4.0,10.0,44.0,78.0,0.15,0.0,96.0,1.0,0.0,41.0,4.0,10.7,0.0,1.0,0.0,0.659197012138189,0.2,2.0,0.5439948,0.45600522
746,75,5.0,1.0,1.0,5.0,0.0,1.0,2.0,4.0,27.0,5.0,78.0,0.15,0.0,37.0,1.0,0.0,41.0,4.0,2.95744680851064,0.0,1.0,0.0,0.659197012138189,0.666666666666667,2.0,0.748856,0.251144
746,76,5.0,1.0,1.0,5.0,0.0,1.0,10.0,4.0,10.0,6.0,78.0,7.02,0.0,96.0,1.0,0.0,41.0,4.0,2.95744680851064,0.0,1.0,0.0,0.659197012138189,0.666666666666667,2.0,0.540815,0.45918497
746,77,5.0,1.0,1.0,19.0,0.0,1.0,2.0,4.0,10.0,3.0,78.0,0.15,0.0,96.0,1.0,0.0,41.0,4.0,2.95744680851064,0.0,1.0,0.0,0.659197012138189,0.666666666666667,2.0,0.7368047,0.2631953
746,78,5.0,1.0,1.0,5.0,0.0,1.0,2.0,4.0,10.0,5.0,95.0,0.15,0.0,96.0,1.0,0.0,41.0,4.0,2.95744680851064,0.0,1.0,0.0,0.659197012138189,0.666666666666667,2.0,0.6629668,0.3370332
746,79,5.0,1.0,1.0,5.0,0.0,1.0,1.0,4.0,10.0,10.0,78.0,0.15,0.0,96.0,1.0,0.0,41.0,4.0,2.95744680851064,0.0,1.0,0.0,0.659197012138189,0.5,2.0,0.695414,0.304586
746,80,5.0,1.0,1.0,5.0,0.0,1.0,2.0,4.0,10.0,12.0,78.0,0.15,7.0,96.0,1.0,0.0,41.0,4.0,20.2,0.0,1.0,0.0,0.659197012138189,0.666666666666667,2.0,0.5946425,0.4053575
746,81,5.0,1.0,1.0,5.0,0.0,1.0,2.0,4.0,10.0,3.0,78.0,0.15,0.0,96.0,1.0,0.0,41.0,4.0,2.95744680851064,0.0,1.0,0.0,0.659197012138189,0.666666666666667,2.0,0.7368047,0.2631953
746,82,5.0,1.0,1.0,5.0,0.0,1.0,2.0,4.0,10.0,4.0,78.0,0.15,0.0,96.0,1.0,0.0,41.0,4.0,2.95744680851064,33.0,1.0,0.0,0.659197012138189,0.666666666666667,2.0,0.6725365,0.32746348
746,83,5.0,1.0,1.0,5.0,0.0,1.0,14.0,4.0,10.0,3.0,78.0,0.15,0.0,96.0,1.0,0.0,41.0,4.0,2.95744680851064,0.0,1.0,0.0,0.4,0.666666666666667,2.0,0.51452017,0.48547983
746,84,5.0,1.0,1.0,5.0,0.0,1.0,2.0,4.0,10.0,6.0,78.0,0.15,0.0,96.0,1.0,0.0,41.0,4.0,2.95744680851064,0.0,1.0,0.0,0.659197012138189,0.666666666666667,2.0,0.5574169,0.4425831
746,85,5.0,1.0,1.0,64.0,0.0,1.0,2.0,4.0,10.0,0.0,78.0,0.15,0.0,96.0,1.0,2.0,41.0,4.0,2.95744680851064,0.0,1.0,0.0,0.659197012138189,0.666666666666667,2.0,0.7368047,0.2631953
746,86,5.0,1.0,1.0,5.0,0.0,1.0,2.0,4.0,27.0,10.0,78.0,0.15,0.0,96.0,1.0,0.0,41.0,4.0,2.95744680851064,0.0,1.0,0.0,1.1,0.666666666666667,2.0,0.50210714,0.49789283
746,87,5.0,1.0,1.0,67.0,23.0,1.0,2.0,4.0,10.0,3.0,78.0,0.15,0.0,96.0,1.0,0.0,41.0,4.0,2.95744680851064,0.0,1.0,0.0,0.659197012138189,0.666666666666667,2.0,0.63301325,0.36698675
746,88,5.0,1.0,1.0,5.0,0.0,1.0,2.0,4.0,10.0,8.0,47.0,0.15,0.0,96.0,1.0,0.0,41.0,4.0,21.3,0.0,1.0,0.0,0.659197012138189,0.666666666666667,2.0,0.92482895,0.07517103
746,89,5.0,1.0,1.0,5.0,0.0,1.0,2.0,4.0,10.0,2.0,78.0,0.15,0.0,96.0,5.0,0.0,41.0,8.0,2.95744680851064,0.0,1.0,0.0,0.659197012138189,0.666666666666667,2.0,0.7904095,0.20959048
746,90,5.0,1.0,1.0,5.0,0.0,1.0,2.0,4.0,10.0,5.0,7.0,0.15,0.0,96.0,1.0,1.0,41.0,4.0,2.95744680851064,0.0,1.0,0.0,0.659197012138189,0.666666666666667,2.0,0.8798603,0.12013971
746,91,3.0,1.0,1.0,5.0,0.0,1.0,2.0,4.0,10.0,10.0,78.0,0.15,0.0,96.0,1.0,0.0,41.0,4.0,40.0,0.0,1.0,0.0,0.659197012138189,0.666666666666667,2.0,0.80057824,0.19942173
746,92,5.0,1.0,1.0,5.0,0.0,1.0,2.0,4.0,10.0,9.0,78.0,1.39,0.0,96.0,1.0,0.0,41.0,4.0,2.95744680851064,3.0,1.0,0.0,0.659197012138189,0.666666666666667,2.0,0.74171984,0.25828013
746,93,14.0,1.0,1.0,5.0,0.0,1.0,2.0,4.0,10.0,4.0,78.0,0.15,0.0,55.0,1.0,0.0,41.0,4.0,2.95744680851064,0.0,1.0,0.0,0.659197012138189,0.666666666666667,2.0,0.78046346,0.21953656
746,94,6.0,1.0,1.0,5.0,0.0,1.0,2.0,4.0,10.0,3.0,78.0,0.15,0.0,96.0,1.0,0.0,41.0,4.0,2.95744680851064,0.0,1.0,0.0,0.659197012138189,0.666666666666667,2.0,0.7368047,0.2631953
746,95,5.0,1.0,1.0,19.0,0.0,1.0,2.0,4.0,10.0,3.0,78.0,0.15,9.0,96.0,1.0,0.0,41.0,4.0,2.95744680851064,0.0,1.0,0.0,0.659197012138189,0.666666666666667,2.0,0.70718896,0.29281107
746,96,5.0,1.0,1.0,5.0,0.0,1.0,2.0,4.0,10.0,44.0,78.0,0.15,0.0,96.0,5.0,0.0,5.0,4.0,22.8,0.0,1.0,0.0,0.659197012138189,0.666666666666667,2.0,0.69408107,0.3059189
746,97,17.0,1.0,1.0,5.0,0.0,1.0,2.0,4.0,10.0,0.0,78.0,0.15,0.0,94.0,1.0,0.0,41.0,4.0,2.95744680851064,0.0,1.0,0.0,0.659197012138189,0.666666666666667,2.0,0.7368047,0.2631953
746,98,5.0,1.0,1.0,5.0,0.0,1.0,2.0,4.0,10.0,14.0,78.0,0.15,0.0,96.0,1.0,0.0,31.0,4.0,51.8,0.0,1.0,0.0,0.659197012138189,0.666666666666667,2.0,0.7465991,0.2534009
746,99,5.0,1.0,1.0,5.0,0.0,1.0,2.0,15.0,10.0,12.0,78.0,0.15,0.0,96.0,1.0,0.0,41.0,4.0,44.8,0.0,1.0,0.0,0.659197012138189,0.666666666666667,2.0,0.6412331,0.3587669
757,0,2.0,0.0,2.0,1.0,2.0,0.0,3.0,1.0,2.0,2.0,30.0,0.12,0.0,62.0,1.0,7.0,8.0,2.0,36.5,1.0,1.0,0.0,0.639791937581274,1.0,2.0,0.5321207,0.4678793
757,1,2.0,0.0,2.0,1.0,2.0,0.0,3.0,1.0,2.0,2.0,102.0,0.12,0.0,62.0,1.0,7.0,8.0,2.0,51.3,1.0,1.0,0.0,0.639791937581274,1.0,2.0,0.7972486,0.20275141
757,2,2.0,0.0,2.0,1.0,2.0,0.0,3.0,1.0,2.0,2.0,30.0,0.12,0.0,62.0,1.0,7.0,8.0,2.0,27.2,1.0,1.0,0.0,0.639791937581274,1.0,2.0,0.5321207,0.4678793
757,3,2.0,0.0,2.0,1.0,2.0,0.0,3.0,1.0,2.0,2.0,30.0,2.31,0.0,87.0,1.0,7.0,8.0,2.0,5.38235294117647,1.0,1.0,0.0,0.639791937581274,1.0,2.0,0.6987653,0.3012347
757,4,2.0,0.0,2.0,1.0,2.0,0.0,3.0,1.0,2.0,2.0,66.0,0.12,0.0,62.0,1.0,7.0,8.0,2.0,5.38235294117647,1.0,15.0,0.0,0.639791937581274,1.0,2.0,0.53537583,0.4646242
757,5,2.0,0.0,2.0,1.0,2.0,0.0,3.0,1.0,2.0,2.0,30.0,2.95,0.0,62.0,1.0,7.0,8.0,2.0,5.38235294117647,1.0,1.0,0.0,0.639791937581274,0.4,2.0,0.59830576,0.40169424
757,6,2.0,0.0,2.0,1.0,2.0,0.0,3.0,9.0,2.0,2.0,30.0,0.12,0.0,62.0,1.0,7.0,8.0,2.0,37.5,1.0,1.0,0.0,0.639791937581274,1.0,2.0,0.6017282,0.3982718
757,7,2.0,0.0,2.0,1.0,2.0,0.0,3.0,1.0,2.0,2.0,30.0,0.12,0.0,62.0,4.0,7.0,8.0,2.0,5.38235294117647,1.0,1.0,0.0,0.9,1.0,2.0,0.875264,0.124736
757,8,2.0,0.0,2.0,1.0,2.0,0.0,3.0,1.0,2.0,2.0,30.0,6.6,0.0,62.0,1.0,7.0,8.0,2.0,5.38235294117647,1.0,1.0,0.0,0.639791937581274,1.0,2.0,0.6853246,0.3146754
757,9,2.0,0.0,2.0,1.0,2.0,0.0,3.0,13.0,2.0,2.0,30.0,0.12,0.0,62.0,1.0,7.0,8.0,2.0,5.38235294117647,1.0,1.0,0.0,1.0,1.0,2.0,0.9392388,0.060761195
757,10,12.0,0.0,2.0,1.0,2.0,0.0,3.0,1.0,2.0,2.0,30.0,7.43,0.0,62.0,1.0,7.0,8.0,2.0,5.38235294117647,1.0,1.0,0.0,0.639791937581274,1.0,2.0,0.6853246,0.3146754
757,11,2.0,0.0,2.0,1.0,2.0,0.0,3.0,1.0,2.0,2.0,46.0,2.04,0.0,62.0,1.0,7.0,8.0,2.0,5.38235294117647,1.0,1.0,0.0,0.639791937581274,1.0,2.0,0.89496785,0.10503212
757,12,2.0,0.0,2.0,1.0,2.0,0.0,3.0,1.0,2.0,2.0,30.0,0.12,3.0,62.0,1.0,7.0,8.0,2.0,41.9,1.0,1.0,0.0,0.639791937581274,1.0,2.0,0.57113916,0.42886084
757,13,2.0,0.0,2.0,1.0,2.0,0.0,1.0,1.0,2.0,2.0,30.0,0.12,0.0,62.0,1.0,7.0,8.0,2.0,9.0,1.0,1.0,0.0,0.639791937581274,1.0,2.0,0.81194407,0.18805593
757,14,2.0,0.0,2.0,1.0,2.0,0.0,3.0,1.0,2.0,2.0,30.0,5.88,0.0,62.0,1.0,7.0,8.0,2.0,5.38235294117647,1.0,1.0,0.0,0.9,1.0,2.0,0.9355893,0.06441067
757,15,2.0,0.0,2.0,1.0,2.0,0.0,3.0,1.0,2.0,2.0,30.0,0.12,0.0,27.0,1.0,20.0,8.0,2.0,5.38235294117647,1.0,1.0,0.0,0.639791937581274,1.0,2.0,0.50984985,0.49015015
757,16,2.0,0.0,2.0,1.0,2.0,0.0,3.0,1.0,2.0,2.0,30.0,7.41,0.0,62.0,1.0,7.0,8.0,2.0,5.38235294117647,1.0,1.0,0.0,0.639791937581274,1.0,2.0,0.6853246,0.3146754
757,17,2.0,0.0,2.0,1.0,2.0,0.0,3.0,1.0,2.0,2.0,30.0,4.3,0.0,62.0,1.0,7.0,8.0,2.0,5.38235294117647,6.0,1.0,0.0,0.639791937581274,1.0,2.0,0.5040076,0.49599245
757,18,2.0,0.0,2.0,1.0,2.0,0.0,3.0,1.0,2.0,2.0,63.0,0.12,0.0,62.0,1.0,7.0,8.0,2.0,22.5,1.0,1.0,0.0,0.639791937581274,1.0,2.0,0.7972486,0.20275141
757,19,2.0,0.0,2.0,1.0,2.0,0.0,3.0,1.0,2.0,2.0,30.0,6.5,0.0,62.0,1.0,7.0,8.0,2.0,5.38235294117647,1.0,1.0,0.0,0.639791937581274,1.0,2.0,0.6853246,0.3146754
757,20,2.0,0.0,2.0,1.0,2.0,0.0,3.0,1.0,34.0,2.0,30.0,6.88,0.0,62.0,1.0,7.0,8.0,2.0,5.38235294117647,1.0,1.0,0.0,0.639791937581274,1.0,2.0,0.5691972,0.43080285
757,21,2.0,0.0,2.0,1.0,2.0,0.0,3.0,1.0,2.0,2.0,0.0,0.12,0.0,62.0,1.0,7.0,8.0,2.0,5.38235294117647,1.0,1.0,0.0,0.7,1.0,2.0,0.883936,0.116064
757,22,2.0,0.0,2.0,1.0,2.0,0.0,3.0,1.0,2.0,2.0,30.0,2.24,0.0,62.0,6.0,7.0,8.0,2.0,5.38235294117647,1.0,1.0,0.0,0.639791937581274,1.0,2.0,0.74803895,0.25196105
757,23,2.0,0.0,2.0,1.0,2.0,0.0,3.0,1.0,2.0,2.0,45.0,0.12,0.0,62.0,1.0,7.0,8.0,9.0,5.38235294117647,1.0,1.0,0.0,0.639791937581274,1.0,2.0,0.50116,0.49883994
757,24,2.0,0.0,2.0,1.0,2.0,0.0,3.0,10.0,2.0,2.0,135.0,0.12,0.0,62.0,1.0,7.0,8.0,2.0,5.38235294117647,1.0,1.0,0.0,0.639791937581274,1.0,2.0,0.51714516,0.48285484
757,25,2.0,0.0,2.0,1.0,2.0,0.0,3.0,1.0,2.0,2.0,30.0,0.12,0.0,62.0,1.0,7.0,8.0,8.0,25.2,1.0,1.0,0.0,0.639791937581274,1.0,2.0,0.5397444,0.46025562
757,26,2.0,0.0,2.0,1.0,2.0,0.0,3.0,1.0,2.0,2.0,30.0,0.12,0.0,62.0,1.0,7.0,8.0,2.0,18.7,1.0,1.0,0.0,0.639791937581274,1.0,2.0,0.5321207,0.4678793
757,27,2.0,0.0,2.0,1.0,2.0,0.0,3.0,1.0,2.0,2.0,30.0,7.27,0.0,62.0,1.0,7.0,8.0,2.0,5.38235294117647,1.0,1.0,0.0,0.639791937581274,1.0,2.0,0.6853246,0.3146754
757,28,2.0,0.0,2.0,1.0,2.0,0.0,3.0,1.0,2.0,2.0,30.0,4.02,0.0,62.0,1.0,7.0,8.0,2.0,5.38235294117647,1.0,1.0,0.0,0.639791937581274,1.0,2.0,0.6853246,0.3146754
757,29,2.0,0.0,2.0,1.0,2.0,0.0,3.0,1.0,2.0,2.0,30.0,1.99,0.0,62.0,1.0,7.0,8.0,0.0,5.38235294117647,1.0,1.0,0.0,0.639791937581274,1.0,2.0,0.6627685,0.33723155
757,30,2.0,0.0,2.0,1.0,2.0,0.0,3.0,1.0,2.0,2.0,30.0,5.36,0.0,62.0,1.0,7.0,8.0,2.0,37.5,1.0,1.0,0.0,0.639791937581274,1.0,2.0,0.84604317,0.15395683
757,31,2.0,0.0,2.0,1.0,2.0,0.0,3.0,1.0,2.0,2.0,30.0,3.32,0.0,62.0,1.0,7.0,8.0,2.0,5.38235294117647,1.0,1.0,0.0,0.639791937581274,1.0,2.0,0.6853246,0.3146754
757,32,2.0,0.0,2.0,1.0,2.0,0.0,3.0,1.0,2.0,2.0,30.0,0.12,0.0,62.0,2.0,7.0,8.0,2.0,47.9,1.0,1.0,0.0,0.639791937581274,1.0,2.0,0.5648134,0.4351866
757,33,2.0,0.0,2.0,1.0,2.0,0.0,2.0,1.0,2.0,2.0,93.0,0.12,0.0,62.0,1.0,7.0,8.0,2.0,5.38235294117647,1.0,1.0,0.0,0.639791937581274,1.0,2.0,0.69446814,0.30553186
757,34,2.0,0.0,2.0,1.0,2.0,0.0,3.0,1.0,2.0,2.0,30.0,5.77,0.0,62.0,1.0,7.0,8.0,2.0,5.38235294117647,1.0,1.0,3.0,0.639791937581274,1.0,2.0,0.6853246,0.3146754
757,35,2.0,0.0,2.0,1.0,2.0,0.0,3.0,1.0,2.0,2.0,104.0,2.02,0.0,62.0,1.0,7.0,8.0,2.0,5.38235294117647,1.0,1.0,0.0,0.639791937581274,1.0,2.0,0.89496785,0.10503212
757,36,2.0,0.0,2.0,1.0,2.0,0.0,3.0,1.0,2.0,2.0,30.0,4.57,0.0,62.0,1.0,7.0,8.0,2.0,5.38235294117647,1.0,1.0,0.0,0.639791937581274,1.0,2.0,0.6853246,0.3146754
757,37,2.0,0.0,2.0,1.0,2.0,0.0,3.0,1.0,2.0,2.0,30.0,0.12,0.0,62.0,1.0,45.0,8.0,2.0,46.3,1.0,1.0,0.0,0.639791937581274,1.0,2.0,0.6989894,0.3010106
757,38,2.0,0.0,2.0,1.0,2.0,0.0,3.0,1.0,2.0,2.0,30.0,0.12,0.0,62.0,1.0,7.0,8.0,2.0,18.9,19.0,1.0,0.0,0.639791937581274,1.0,2.0,0.50042593,0.49957407
757,39,2.0,0.0,2.0,1.0,2.0,0.0,3.0,1.0,2.0,2.0,130.0,0.12,0.0,62.0,1.0,7.0,8.0,2.0,5.38235294117647,1.0,27.0,0.0,0.639791937581274,1.0,2.0,0.53537583,0.4646242
757,40,2.0,19.0,2.0,1.0,2.0,0.0,3.0,1.0,2.0,2.0,30.0,1.44,0.0,62.0,1.0,7.0,8.0,2.0,5.38235294117647,1.0,1.0,0.0,0.639791937581274,1.0,2.0,0.6539686,0.34603146
757,41,2.0,0.0,2.0,1.0,2.0,0.0,3.0,1.0,2.0,2.0,30.0,0.12,0.0,62.0,1.0,7.0,8.0,2.0,13.7,1.0,1.0,0.0,0.639791937581274,1.0,2.0,0.5321207,0.4678793
757,42,2.0,0.0,2.0,1.0,2.0,0.0,3.0,1.0,2.0,2.0,30.0,1.27,0.0,62.0,1.0,7.0,8.0,2.0,5.38235294117647,1.0,19.0,0.0,0.639791937581274,1.0,2.0,0.67826056,0.32173946
757,43,2.0,0.0,2.0,1.0,2.0,0.0,3.0,1.0,2.0,2.0,30.0,0.12,0.0,62.0,1.0,7.0,8.0,2.0,36.3,1.0,1.0,0.0,0.639791937581274,1.0,2.0,0.5321207,0.4678793
757,44,2.0,0.0,2.0,1.0,34.0,0.0,3.0,1.0,2.0,2.0,30.0,0.12,0.0,62.0,1.0,7.0,8.0,2.0,23.0,1.0,1.0,0.0,0.639791937581274,1.0,2.0,0.5321207,0.4678793
757,45,2.0,0.0,0.0,1.0,2.0,0.0,3.0,1.0,2.0,2.0,86.0,0.12,0.0,62.0,1.0,7.0,8.0,2.0,5.38235294117647,1.0,1.0,0.0,0.639791937581274,1.0,2.0,0.55100965,0.44899032
757,46,2.0,0.0,0.0,1.0,2.0,0.0,3.0,1.0,2.0,2.0,30.0,0.12,0.0,62.0,1.0,7.0,1.0,2.0,5.38235294117647,1.0,1.0,0.0,0.639791937581274,1.0,2.0,0.6608242,0.33917582
757,47,2.0,0.0,2.0,75.0,2.0,0.0,3.0,1.0,2.0,2.0,30.0,6.53,0.0,62.0,1.0,7.0,8.0,2.0,5.38235294117647,1.0,1.0,0.0,0.639791937581274,1.0,2.0,0.7203921,0.27960786
757,48,2.0,0.0,2.0,1.0,2.0,0.0,3.0,1.0,2.0,2.0,77.0,0.12,0.0,62.0,7.0,7.0,8.0,2.0,5.38235294117647,1.0,1.0,0.0,0.639791937581274,1.0,2.0,0.69865656,0.3013434
757,49,2.0,0.0,2.0,1.0,2.0,0.0,3.0,1.0,2.0,2.0,30.0,0.12,0.0,62.0,1.0,15.0,3.0,2.0,5.38235294117647,1.0,1.0,0.0,0.639791937581274,1.0,2.0,0.70253426,0.29746574
757,50,2.0,0.0,2.0,1.0,2.0,0.0,3.0,1.0,2.0,2.0,30.0,0.12,0.0,62.0,1.0,7.0,2.0,2.0,5.38235294117647,1.0,1.0,0.0,0.639791937581274,1.0,2.0,0.58711326,0.4128867
757,51,2.0,0.0,2.0,1.0,2.0,0.0,3.0,1.0,2.0,2.0,30.0,4.3,0.0,62.0,1.0,7.0,8.0,2.0,5.38235294117647,1.0,1.0,0.0,0.639791937581274,1.0,2.0,0.6853246,0.3146754
757,52,2.0,0.0,2.0,1.0,2.0,0.0,3.0,1.0,2.0,2.0,30.0,6.49,0.0,62.0,1.0,7.0,8.0,2.0,5.38235294117647,1.0,1.0,0.0,0.639791937581274,1.0,2.0,0.6853246,0.3146754
757,53,2.0,0.0,2.0,1.0,2.0,0.0,3.0,1.0,2.0,2.0,30.0,0.12,0.0,18.0,1.0,7.0,8.0,2.0,12.1,1.0,1.0,0.0,0.639791937581274,1.0,2.0,0.7092756,0.2907244
757,54,2.0,0.0,2.0,1.0,2.0,0.0,3.0,12.0,2.0,2.0,30.0,5.88,0.0,62.0,1.0,7.0,8.0,2.0,5.38235294117647,1.0,1.0,0.0,0.639791937581274,1.0,2.0,0.69162416,0.3083758
757,55,2.0,0.0,2.0,1.0,2.0,0.0,3.0,1.0,2.0,2.0,30.0,0.12,0.0,62.0,1.0,7.0,8.0,2.0,34.5,1.0,1.0,0.0,0.639791937581274,1.0,2.0,0.5321207,0.4678793
757,56,2.0,0.0,2.0,1.0,2.0,0.0,3.0,1.0,2.0,2.0,30.0,0.12,0.0,62.0,1.0,7.0,8.0,2.0,5.38235294117647,1.0,37.0,0.0,1.0,1.0,2.0,0.9466437,0.05335631
757,57,2.0,0.0,2.0,1.0,2.0,0.0,3.0,1.0,2.0,2.0,30.0,1.53,0.0,62.0,1.0,7.0,8.0,2.0,5.38235294117647,1.0,1.0,0.0,0.639791937581274,1.0,2.0,0.6541807,0.3458193
757,58,2.0,0.0,2.0,1.0,2.0,0.0,3.0,1.0,2.0,2.0,46.0,0.12,0.0,62.0,1.0,7.0,8.0,6.0,5.38235294117647,1.0,1.0,0.0,0.639791937581274,1.0,2.0,0.50116,0.49883994
757,59,2.0,0.0,2.0,1.0,2.0,0.0,3.0,1.0,2.0,2.0,42.0,0.12,0.0,62.0,1.0,7.0,8.0,2.0,5.38235294117647,1.0,1.0,0.0,0.5,1.0,2.0,0.6820774,0.31792262
757,60,2.0,0.0,2.0,1.0,2.0,0.0,6.0,1.0,2.0,2.0,3.0,0.12,0.0,62.0,1.0,7.0,8.0,2.0,5.38235294117647,1.0,1.0,0.0,0.639791937581274,1.0,2.0,0.6881255,0.31187448
757,61,2.0,0.0,2.0,1.0,2.0,0.0,2.0,1.0,2.0,2.0,30.0,6.49,0.0,62.0,1.0,7.0,8.0,2.0,5.38235294117647,1.0,1.0,0.0,0.639791937581274,1.0,2.0,0.8648657,0.13513426
757,62,2.0,0.0,2.0,1.0,2.0,0.0,12.0,1.0,2.0,2.0,30.0,0.12,0.0,62.0,1.0,7.0,8.0,2.0,37.5,1.0,1.0,0.0,0.639791937581274,1.0,2.0,0.6106384,0.38936165
757,63,2.0,0.0,2.0,1.0,2.0,0.0,3.0,1.0,2.0,2.0,30.0,0.12,0.0,62.0,1.0,7.0,8.0,2.0,5.38235294117647,1.0,1.0,1.0,0.9,1.0,2.0,0.8685775,0.1314225
757,64,2.0,0.0,2.0,1.0,2.0,0.0,3.0,1.0,2.0,2.0,30.0,7.01,0.0,62.0,1.0,7.0,8.0,2.0,5.38235294117647,1.0,1.0,0.0,0.639791937581274,1.0,2.0,0.6853246,0.3146754
757,65,2.0,0.0,2.0,1.0,2.0,0.0,3.0,1.0,2.0,2.0,30.0,0.12,0.0,62.0,1.0,7.0,8.0,2.0,46.3,1.0,1.0,0.0,0.639791937581274,1.0,2.0,0.5321207,0.4678793
757,66,2.0,0.0,2.0,1.0,2.0,1.0,3.0,1.0,2.0,2.0,30.0,1.69,0.0,62.0,1.0,7.0,8.0,2.0,5.38235294117647,1.0,1.0,0.0,0.639791937581274,1.0,2.0,0.6140468,0.38595322
757,67,2.0,0.0,2.0,1.0,2.0,0.0,3.0,1.0,2.0,2.0,30.0,3.5,0.0,62.0,1.0,7.0,8.0,2.0,5.38235294117647,1.0,1.0,0.0,0.639791937581274,1.0,2.0,0.6853246,0.3146754
757,68,2.0,0.0,2.0,1.0,2.0,0.0,3.0,1.0,2.0,2.0,30.0,6.3,0.0,62.0,1.0,7.0,8.0,2.0,5.38235294117647,1.0,36.0,0.0,0.639791937581274,1.0,2.0,0.7082032,0.2917968
757,69,2.0,0.0,2.0,1.0,2.0,0.0,3.0,1.0,2.0,2.0,30.0,1.32,0.0,62.0,1.0,7.0,8.0,2.0,5.38235294117647,1.0,2.0,0.0,0.639791937581274,1.0,2.0,0.64393926,0.3560607
757,70,2.0,0.0,2.0,1.0,2.0,0.0,3.0,1.0,2.0,2.0,30.0,0.12,0.0,62.0,1.0,7.0,8.0,2.0,17.7,1.0,1.0,0.0,0.639791937581274,1.0,2.0,0.5321207,0.4678793
757,71,2.0,0.0,2.0,1.0,2.0,0.0,11.0,1.0,2.0,2.0,30.0,1.79,0.0,62.0,1.0,7.0,8.0,2.0,5.38235294117647,1.0,1.0,0.0,0.639791937581274,1.0,2.0,0.67743516,0.3225648
757,72,18.0,0.0,2.0,1.0,2.0,0.0,3.0,1.0,2.0,2.0,30.0,1.15,0.0,62.0,1.0,7.0,8.0,2.0,5.38235294117647,1.0,1.0,0.0,0.639791937581274,1.0,2.0,0.5847914,0.41520855
757,73,2.0,0.0,2.0,1.0,2.0,0.0,4.0,1.0,2.0,2.0,30.0,0.12,0.0,62.0,1.0,7.0,8.0,2.0,45.4,1.0,1.0,0.0,0.639791937581274,1.0,2.0,0.56855524,0.43144476
757,74,2.0,0.0,2.0,1.0,2.0,0.0,3.0,1.0,2.0,2.0,30.0,0.12,0.0,94.0,1.0,7.0,8.0,8.0,5.38235294117647,1.0,1.0,0.0,0.639791937581274,1.0,2.0,0.5468168,0.45318317
757,75,2.0,0.0,2.0,1.0,2.0,0.0,3.0,1.0,2.0,2.0,57.0,0.12,0.0,62.0,1.0,35.0,8.0,2.0,5.38235294117647,1.0,1.0,0.0,0.639791937581274,1.0,2.0,0.64649236,0.3535076
757,76,2.0,0.0,2.0,1.0,2.0,0.0,11.0,1.0,2.0,2.0,30.0,0.12,0.0,62.0,1.0,7.0,8.0,2.0,5.38235294117647,1.0,1.0,0.0,0.8,1.0,2.0,0.5031597,0.4968403
757,77,2.0,0.0,2.0,1.0,2.0,0.0,3.0,1.0,2.0,2.0,30.0,0.12,0.0,62.0,1.0,7.0,8.0,2.0,51.2,1.0,1.0,0.0,0.639791937581274,1.0,2.0,0.5321207,0.4678793
757,78,2.0,0.0,2.0,1.0,2.0,0.0,3.0,1.0,2.0,2.0,30.0,0.12,0.0,62.0,1.0,7.0,8.0,2.0,25.2,1.0,1.0,0.0,0.639791937581274,1.0,2.0,0.5321207,0.4678793
757,79,2.0,0.0,2.0,1.0,2.0,0.0,3.0,1.0,2.0,2.0,120.0,0.12,0.0,62.0,1.0,7.0,8.0,2.0,5.38235294117647,1.0,1.0,0.0,0.4,1.0,2.0,0.73273677,0.26726323
757,80,2.0,0.0,2.0,1.0,2.0,0.0,3.0,1.0,2.0,2.0,30.0,7.01,0.0,62.0,1.0,43.0,8.0,2.0,5.38235294117647,1.0,1.0,0.0,0.639791937581274,1.0,2.0,0.8164054,0.18359455
757,81,2.0,0.0,2.0,85.0,2.0,0.0,3.0,1.0,2.0,2.0,30.0,0.68,0.0,62.0,1.0,7.0,8.0,2.0,5.38235294117647,1.0,1.0,0.0,0.639791937581274,1.0,2.0,0.503178,0.496822
757,82,2.0,0.0,2.0,1.0,2.0,0.0,3.0,1.0,2.0,2.0,30.0,2.31,0.0,62.0,1.0,7.0,8.0,2.0,5.38235294117647,1.0,1.0,0.0,0.639791937581274,1.0,2.0,0.6541807,0.3458193
757,83,2.0,0.0,2.0,1.0,2.0,0.0,3.0,1.0,2.0,2.0,30.0,3.13,0.0,62.0,1.0,7.0,8.0,2.0,5.38235294117647,1.0,28.0,0.0,0.639791937581274,1.0,2.0,0.7082032,0.2917968
757,84,2.0,0.0,2.0,1.0,2.0,0.0,3.0,1.0,2.0,2.0,30.0,2.62,0.0,62.0,1.0,51.0,8.0,2.0,5.38235294117647,1.0,1.0,0.0,0.639791937581274,1.0,2.0,0.6274909,0.37250915
757,85,2.0,0.0,2.0,1.0,2.0,0.0,3.0,1.0,2.0,2.0,30.0,4.64,0.0,62.0,1.0,7.0,8.0,2.0,5.38235294117647,1.0,1.0,0.0,0.639791937581274,1.0,2.0,0.6853246,0.3146754
757,86,2.0,0.0,2.0,1.0,2.0,0.0,3.0,1.0,2.0,2.0,30.0,0.12,0.0,8.0,1.0,7.0,8.0,2.0,36.3,1.0,1.0,0.0,0.639791937581274,1.0,2.0,0.74921924,0.25078076
757,87,14.0,0.0,2.0,1.0,2.0,0.0,3.0,1.0,2.0,2.0,30.0,0.12,0.0,62.0,1.0,7.0,8.0,2.0,47.6,1.0,1.0,0.0,0.639791937581274,1.0,2.0,0.6074717,0.39252833
757,88,2.0,0.0,2.0,1.0,10.0,0.0,3.0,1.0,2.0,2.0,30.0,4.32,0.0,62.0,1.0,7.0,8.0,2.0,5.38235294117647,1.0,1.0,0.0,0.639791937581274,1.0,2.0,0.6853246,0.3146754
757,89,2.0,0.0,2.0,62.0,2.0,0.0,3.0,1.0,2.0,2.0,30.0,0.12,0.0,62.0,1.0,7.0,8.0,2.0,5.38235294117647,1.0,1.0,0.0,0.9,1.0,2.0,0.8462332,0.15376683
757,90,2.0,0.0,2.0,1.0,2.0,0.0,3.0,1.0,2.0,2.0,30.0,0.12,0.0,62.0,1.0,7.0,8.0,2.0,16.5,1.0,1.0,0.0,0.639791937581274,1.0,2.0,0.5321207,0.4678793
757,91,2.0,0.0,2.0,1.0,2.0,0.0,3.0,1.0,2.0,2.0,89.0,0.12,0.0,17.0,1.0,7.0,8.0,2.0,5.38235294117647,1.0,1.0,0.0,0.639791937581274,1.0,2.0,0.6981957,0.3018043
757,92,2.0,0.0,2.0,1.0,2.0,0.0,3.0,1.0,2.0,2.0,4.0,0.12,1.0,62.0,1.0,7.0,8.0,2.0,5.38235294117647,1.0,1.0,0.0,0.639791937581274,1.0,2.0,0.640906,0.35909402
757,93,2.0,0.0,2.0,1.0,2.0,0.0,3.0,1.0,2.0,2.0,30.0,0.12,0.0,62.0,1.0,7.0,8.0,2.0,21.8,1.0,1.0,0.0,0.639791937581274,1.0,2.0,0.5321207,0.4678793
757,94,2.0,0.0,2.0,1.0,2.0,0.0,3.0,1.0,2.0,2.0,30.0,0.12,0.0,62.0,1.0,7.0,8.0,2.0,17.4,1.0,1.0,0.0,0.639791937581274,1.0,2.0,0.5321207,0.4678793
757,95,2.0,0.0,2.0,1.0,2.0,0.0,3.0,1.0,2.0,2.0,30.0,1.19,0.0,4.0,1.0,7.0,8.0,2.0,5.38235294117647,1.0,1.0,0.0,0.639791937581274,1.0,2.0,0.6154985,0.38450152
757,96,2.0,0.0,2.0,1.0,2.0,0.0,3.0,1.0,2.0,3.0,30.0,0.12,0.0,62.0,1.0,7.0,8.0,2.0,5.38235294117647,1.0,1.0,0.0,1.0,1.0,2.0,0.9596004,0.040399585
757,97,2.0,0.0,2.0,1.0,2.0,0.0,3.0,1.0,2.0,2.0,30.0,5.18,0.0,62.0,1.0,7.0,8.0,8.0,5.38235294117647,1.0,1.0,0.0,0.639791937581274,1.0,2.0,0.5015588,0.49844122
757,98,2.0,0.0,4.0,1.0,2.0,0.0,3.0,1.0,2.0,2.0,30.0,4.17,0.0,62.0,1.0,7.0,8.0,2.0,5.38235294117647,1.0,1.0,0.0,0.639791937581274,1.0,2.0,0.6853246,0.3146754
757,99,2.0,0.0,2.0,1.0,2.0,0.0,3.0,1.0,2.0,10.0,30.0,3.61,0.0,62.0,1.0,7.0,8.0,2.0,5.38235294117647,1.0,1.0,0.0,0.639791937581274,1.0,2.0,0.65402687,0.3459731
776,0,0.0,0.0,1.0,0.0,0.0,0.0,1.0,1.0,0.0,40.0,0.0,0.21,0.0,97.0,1.0,0.0,0.0,1.0,2.51190476190476,1.0,5.0,0.0,0.816037735849057,1.0,0.0,0.9272904,0.07270962
776,1,0.0,0.0,1.0,0.0,0.0,0.0,1.0,1.0,0.0,40.0,84.0,0.21,5.0,97.0,1.0,28.0,0.0,1.0,2.51190476190476,1.0,1.0,0.0,0.816037735849057,1.0,0.0,0.5703536,0.42964637
776,2,0.0,0.0,1.0,0.0,0.0,0.0,1.0,1.0,0.0,40.0,84.0,0.21,0.0,97.0,8.0,0.0,0.0,1.0,2.51190476190476,1.0,1.0,0.0,0.816037735849057,1.0,1.0,0.65863717,0.3413628
776,3,0.0,0.0,1.0,0.0,0.0,0.0,1.0,1.0,25.0,4.0,84.0,0.21,0.0,97.0,1.0,0.0,0.0,1.0,2.51190476190476,1.0,1.0,0.0,0.816037735849057,1.0,0.0,0.9130064,0.086993545
776,4,0.0,0.0,1.0,0.0,0.0,0.0,1.0,1.0,0.0,40.0,84.0,0.21,0.0,2.0,1.0,49.0,0.0,1.0,2.51190476190476,1.0,1.0,0.0,0.816037735849057,1.0,0.0,0.6280292,0.3719708
776,5,18.0,0.0,1.0,0.0,0.0,0.0,1.0,1.0,0.0,40.0,84.0,0.21,0.0,97.0,1.0,0.0,0.0,1.0,5.4,1.0,1.0,0.0,0.816037735849057,1.0,0.0,0.5196542,0.4803458
776,6,0.0,0.0,1.0,0.0,0.0,0.0,1.0,1.0,0.0,40.0,84.0,4.16,0.0,97.0,1.0,0.0,0.0,1.0,2.51190476190476,1.0,1.0,0.0,0.816037735849057,1.0,0.0,0.8457887,0.15421128
776,7,0.0,0.0,1.0,0.0,0.0,0.0,1.0,1.0,0.0,40.0,84.0,0.21,4.0,97.0,1.0,0.0,0.0,1.0,2.51190476190476,1.0,1.0,0.0,0.816037735849057,1.0,1.0,0.6812528,0.31874722
776,8,0.0,0.0,1.0,0.0,0.0,8.0,1.0,1.0,0.0,40.0,84.0,7.24,0.0,97.0,1.0,0.0,0.0,1.0,2.51190476190476,1.0,1.0,0.0,0.816037735849057,1.0,0.0,0.8458196,0.1541804
776,9,0.0,0.0,1.0,0.0,0.0,0.0,1.0,1.0,0.0,2.0,63.0,0.21,0.0,97.0,1.0,0.0,0.0,1.0,2.51190476190476,1.0,1.0,0.0,0.816037735849057,1.0,0.0,0.964702,0.035298
776,10,0.0,0.0,1.0,0.0,0.0,0.0,1.0,1.0,0.0,40.0,84.0,2.01,0.0,97.0,1.0,0.0,0.0,1.0,2.51190476190476,1.0,1.0,0.0,0.816037735849057,1.0,2.0,0.7597734,0.24022666
776,11,0.0,0.0,1.0,0.0,0.0,0.0,14.0,1.0,0.0,40.0,84.0,0.21,0.0,97.0,1.0,20.0,0.0,1.0,2.51190476190476,1.0,1.0,0.0,0.816037735849057,1.0,0.0,0.5018519,0.49814805
776,12,0.0,0.0,1.0,0.0,0.0,0.0,1.0,1.0,0.0,21.0,84.0,0.21,0.0,97.0,1.0,0.0,0.0,1.0,2.51190476190476,1.0,32.0,0.0,0.816037735849057,1.0,0.0,0.7478801,0.2521199
776,13,0.0,0.0,1.0,0.0,0.0,0.0,1.0,1.0,0.0,21.0,84.0,0.21,0.0,97.0,1.0,0.0,0.0,1.0,2.51190476190476,1.0,1.0,0.0,0.816037735849057,1.0,1.0,0.93950874,0.06049129
776,14,0.0,0.0,1.0,0.0,0.0,17.0,1.0,1.0,0.0,40.0,84.0,0.21,0.0,97.0,1.0,30.0,0.0,1.0,2.51190476190476,1.0,1.0,0.0,0.816037735849057,1.0,0.0,0.5195684,0.48043162
776,15,14.0,0.0,1.0,0.0,0.0,0.0,1.0,1.0,0.0,16.0,84.0,0.21,0.0,97.0,1.0,0.0,0.0,1.0,2.51190476190476,1.0,1.0,0.0,0.816037735849057,1.0,0.0,0.9064985,0.093501516
776,16,0.0,0.0,1.0,0.0,0.0,0.0,1.0,1.0,0.0,40.0,84.0,2.36,0.0,97.0,1.0,0.0,0.0,1.0,2.51190476190476,1.0,1.0,0.0,0.816037735849057,1.0,0.0,0.67754287,0.32245713
776,17,0.0,0.0,1.0,12.0,0.0,0.0,1.0,1.0,0.0,40.0,84.0,5.26,0.0,97.0,1.0,0.0,0.0,1.0,2.51190476190476,1.0,1.0,0.0,0.816037735849057,1.0,0.0,0.93632007,0.063679956
776,18,0.0,0.0,1.0,0.0,0.0,0.0,1.0,1.0,0.0,40.0,84.0,0.21,0.0,97.0,1.0,48.0,0.0,4.0,2.51190476190476,1.0,1.0,0.0,0.816037735849057,1.0,0.0,0.59995276,0.40004724
776,19,0.0,0.0,1.0,0.0,0.0,0.0,1.0,1.0,0.0,40.0,84.0,5.96,0.0,97.0,1.0,0.0,0.0,1.0,2.51190476190476,1.0,37.0,0.0,0.816037735849057,1.0,0.0,0.92016745,0.07983253
776,20,0.0,2.0,1.0,0.0,0.0,0.0,1.0,1.0,0.0,40.0,84.0,7.13,0.0,97.0,1.0,0.0,0.0,1.0,2.51190476190476,1.0,1.0,0.0,0.816037735849057,1.0,0.0,0.6305188,0.3694812
776,21,0.0,0.0,1.0,0.0,0.0,0.0,1.0,1.0,0.0,40.0,84.0,2.53,0.0,97.0,1.0,0.0,0.0,1.0,2.51190476190476,1.0,1.0,0.0,0.816037735849057,0.4,0.0,0.63144946,0.36855057
776,22,0.0,0.0,1.0,0.0,0.0,0.0,1.0,1.0,26.0,7.0,84.0,0.21,0.0,97.0,1.0,0.0,0.0,1.0,2.51190476190476,1.0,1.0,0.0,0.816037735849057,1.0,0.0,0.88401103,0.11598897
776,23,0.0,0.0,1.0,0.0,0.0,0.0,1.0,1.0,0.0,40.0,84.0,6.52,0.0,97.0,6.0,0.0,0.0,1.0,2.51190476190476,1.0,1.0,0.0,0.816037735849057,1.0,0.0,0.8443105,0.15568945
776,24,0.0,0.0,1.0,0.0,0.0,0.0,1.0,1.0,0.0,21.0,97.0,0.21,0.0,97.0,1.0,0.0,0.0,1.0,2.51190476190476,1.0,1.0,0.0,0.816037735849057,1.0,0.0,0.7182869,0.28171316
776,25,0.0,0.0,1.0,0.0,0.0,0.0,1.0,1.0,0.0,40.0,84.0,3.97,0.0,97.0,1.0,0.0,0.0,7.0,2.51190476190476,1.0,1.0,0.0,0.816037735849057,1.0,0.0,0.69565237,0.3043476
776,26,21.0,0.0,1.0,0.0,0.0,0.0,1.0,1.0,0.0,40.0,84.0,0.21,0.0,97.0,1.0,0.0,0.0,1.0,2.51190476190476,1.0,1.0,0.0,0.816037735849057,1.0,1.0,0.65054137,0.34945863
776,27,0.0,0.0,1.0,0.0,0.0,0.0,1.0,1.0,0.0,40.0,84.0,0.21,0.0,97.0,1.0,0.0,0.0,7.0,2.51190476190476,1.0,1.0,0.0,1.0,1.0,0.0,0.70864916,0.29135087
776,28,0.0,0.0,1.0,0.0,0.0,0.0,1.0,1.0,0.0,40.0,84.0,3.97,0.0,97.0,1.0,0.0,0.0,1.0,2.51190476190476,1.0,1.0,0.0,0.816037735849057,1.0,0.0,0.8457887,0.15421128
776,29,0.0,0.0,1.0,0.0,0.0,0.0,1.0,1.0,0.0,50.0,84.0,2.24,0.0,97.0,1.0,0.0,0.0,1.0,2.51190476190476,1.0,1.0,0.0,0.816037735849057,1.0,0.0,0.74873763,0.25126237
776,30,0.0,0.0,1.0,21.0,0.0,0.0,1.0,1.0,0.0,40.0,84.0,0.21,0.0,97.0,1.0,0.0,0.0,1.0,24.6,1.0,1.0,0.0,0.816037735849057,1.0,0.0,0.6312335,0.3687665
776,31,0.0,0.0,1.0,0.0,0.0,0.0,1.0,1.0,0.0,40.0,84.0,3.56,0.0,97.0,7.0,0.0,0.0,1.0,2.51190476190476,1.0,1.0,0.0,0.816037735849057,1.0,0.0,0.8443105,0.15568945
776,32,0.0,0.0,3.0,0.0,0.0,0.0,1.0,1.0,0.0,40.0,84.0,5.34,0.0,97.0,1.0,0.0,0.0,1.0,2.51190476190476,1.0,1.0,0.0,0.816037735849057,1.0,0.0,0.8270584,0.17294161
776,33,0.0,0.0,1.0,0.0,0.0,0.0,1.0,1.0,0.0,40.0,84.0,6.92,0.0,97.0,1.0,0.0,0.0,1.0,2.51190476190476,1.0,1.0,0.0,0.816037735849057,1.0,0.0,0.8457887,0.15421128
776,34,0.0,0.0,1.0,0.0,0.0,0.0,1.0,1.0,0.0,40.0,84.0,1.37,0.0,97.0,1.0,0.0,0.0,1.0,2.51190476190476,1.0,1.0,0.0,0.816037735849057,1.0,0.0,0.74873763,0.25126237
776,35,0.0,0.0,1.0,0.0,0.0,0.0,1.0,1.0,0.0,40.0,2.0,0.21,0.0,97.0,1.0,0.0,0.0,1.0,2.51190476190476,1.0,8.0,0.0,0.816037735849057,1.0,0.0,0.93630946,0.063690536
776,36,0.0,0.0,3.0,0.0,0.0,0.0,1.0,1.0,0.0,7.0,84.0,0.21,0.0,97.0,1.0,0.0,0.0,1.0,2.51190476190476,1.0,1.0,0.0,0.816037735849057,1.0,0.0,0.840225,0.15977505
776,37,0.0,0.0,1.0,60.0,0.0,0.0,1.0,1.0,0.0,40.0,84.0,0.21,0.0,31.0,1.0,0.0,0.0,1.0,2.51190476190476,1.0,1.0,0.0,0.816037735849057,1.0,0.0,0.5085593,0.4914407
776,38,0.0,0.0,1.0,0.0,0.0,10.0,1.0,1.0,0.0,40.0,84.0,0.21,0.0,97.0,1.0,44.0,0.0,1.0,2.51190476190476,1.0,1.0,0.0,0.816037735849057,1.0,0.0,0.5195684,0.48043162
776,39,0.0,0.0,1.0,87.0,0.0,0.0,1.0,1.0,0.0,40.0,84.0,0.21,0.0,97.0,1.0,0.0,0.0,1.0,2.51190476190476,1.0,1.0,0.0,0.816037735849057,1.0,1.0,0.7174572,0.28254285
776,40,0.0,0.0,1.0,0.0,0.0,0.0,1.0,1.0,0.0,40.0,84.0,4.13,0.0,97.0,1.0,0.0,0.0,1.0,2.51190476190476,1.0,1.0,0.0,0.816037735849057,0.6,0.0,0.7781684,0.2218316
776,41,0.0,0.0,1.0,0.0,0.0,0.0,1.0,1.0,0.0,40.0,84.0,5.81,0.0,97.0,1.0,0.0,0.0,1.0,2.51190476190476,1.0,1.0,0.0,0.816037735849057,1.0,3.0,0.85480106,0.14519896
776,42,0.0,0.0,1.0,0.0,0.0,0.0,1.0,1.0,0.0,40.0,84.0,1.6,0.0,97.0,1.0,0.0,0.0,1.0,2.51190476190476,1.0,1.0,0.0,0.816037735849057,1.0,0.0,0.74873763,0.25126237
776,43,0.0,0.0,1.0,0.0,0.0,0.0,1.0,1.0,0.0,40.0,84.0,5.04,0.0,97.0,1.0,0.0,0.0,1.0,2.51190476190476,1.0,1.0,0.0,0.816037735849057,1.0,0.0,0.8457887,0.15421128
776,44,0.0,0.0,1.0,0.0,0.0,0.0,1.0,1.0,0.0,40.0,84.0,0.21,0.0,97.0,1.0,0.0,0.0,8.0,2.51190476190476,1.0,1.0,0.0,1.1,1.0,0.0,0.70864916,0.29135087
776,45,0.0,0.0,1.0,0.0,0.0,0.0,1.0,1.0,0.0,21.0,84.0,7.36,0.0,97.0,1.0,0.0,0.0,1.0,2.51190476190476,1.0,1.0,0.0,0.816037735849057,1.0,0.0,0.9453703,0.054629683
776,46,0.0,0.0,1.0,0.0,0.0,0.0,1.0,1.0,0.0,40.0,84.0,0.21,0.0,56.0,1.0,29.0,0.0,1.0,2.51190476190476,1.0,1.0,0.0,0.816037735849057,1.0,0.0,0.57495666,0.42504334
776,47,0.0,0.0,1.0,0.0,0.0,0.0,1.0,1.0,0.0,40.0,19.0,0.21,0.0,97.0,3.0,0.0,0.0,1.0,2.51190476190476,1.0,1.0,0.0,0.816037735849057,1.0,0.0,0.62059754,0.37940246
776,48,0.0,0.0,1.0,0.0,0.0,0.0,1.0,1.0,0.0,40.0,84.0,2.37,0.0,91.0,1.0,0.0,0.0,1.0,2.51190476190476,1.0,1.0,0.0,0.816037735849057,1.0,0.0,0.72301507,0.27698493
776,49,0.0,0.0,1.0,0.0,0.0,0.0,1.0,1.0,0.0,40.0,84.0,4.54,0.0,97.0,1.0,0.0,0.0,1.0,2.51190476190476,1.0,1.0,0.0,0.816037735849057,1.0,0.0,0.8457887,0.15421128
776,50,0.0,0.0,1.0,0.0,0.0,0.0,1.0,1.0,0.0,40.0,18.0,0.21,0.0,97.0,1.0,0.0,0.0,1.0,2.51190476190476,1.0,1.0,0.0,0.816037735849057,0.3,0.0,0.6258612,0.37413877
776,51,0.0,0.0,1.0,0.0,0.0,0.0,6.0,1.0,0.0,40.0,84.0,0.21,0.0,97.0,1.0,0.0,0.0,1.0,2.51190476190476,1.0,1.0,0.0,0.816037735849057,1.0,1.0,0.5490912,0.45090878
776,52,0.0,0.0,1.0,0.0,0.0,0.0,1.0,1.0,0.0,40.0,84.0,0.21,0.0,97.0,1.0,23.0,0.0,1.0,2.51190476190476,1.0,1.0,0.0,1.1,1.0,0.0,0.9408364,0.059163574
776,53,0.0,0.0,1.0,0.0,0.0,0.0,1.0,1.0,0.0,11.0,84.0,0.21,0.0,97.0,1.0,0.0,0.0,1.0,2.51190476190476,1.0,6.0,0.0,0.816037735849057,1.0,0.0,0.8455123,0.15448776
776,54,0.0,0.0,1.0,0.0,6.0,0.0,1.0,1.0,0.0,40.0,84.0,0.21,0.0,97.0,1.0,0.0,0.0,1.0,2.51190476190476,1.0,1.0,0.0,0.816037735849057,1.0,1.0,0.5846331,0.41536686
776,55,0.0,0.0,1.0,0.0,0.0,0.0,1.0,1.0,0.0,40.0,84.0,1.54,0.0,97.0,1.0,0.0,0.0,1.0,2.51190476190476,1.0,1.0,0.0,0.816037735849057,0.2,0.0,0.70844185,0.29155812
776,56,0.0,0.0,1.0,0.0,0.0,15.0,1.0,1.0,0.0,40.0,84.0,0.21,0.0,97.0,1.0,29.0,0.0,1.0,2.51190476190476,1.0,1.0,0.0,0.816037735849057,1.0,0.0,0.5195684,0.48043162
776,57,12.0,0.0,1.0,0.0,0.0,0.0,1.0,1.0,0.0,40.0,84.0,7.43,0.0,97.0,1.0,0.0,0.0,1.0,2.51190476190476,1.0,1.0,0.0,0.816037735849057,1.0,0.0,0.88928556,0.11071441
776,58,2.0,0.0,1.0,0.0,0.0,0.0,1.0,1.0,0.0,15.0,84.0,0.21,0.0,97.0,1.0,0.0,0.0,1.0,2.51190476190476,1.0,1.0,0.0,0.816037735849057,1.0,0.0,0.8806268,0.11937322
776,59,0.0,0.0,1.0,0.0,0.0,0.0,1.0,1.0,0.0,14.0,84.0,0.21,0.0,97.0,1.0,0.0,0.0,1.0,51.8,1.0,1.0,0.0,0.816037735849057,1.0,0.0,0.9656568,0.034343172
776,60,0.0,0.0,1.0,0.0,0.0,0.0,1.0,1.0,0.0,3.0,84.0,0.21,0.0,25.0,1.0,0.0,0.0,1.0,2.51190476190476,1.0,1.0,0.0,0.816037735849057,1.0,0.0,0.9597563,0.040243678
776,61,0.0,0.0,1.0,24.0,0.0,0.0,1.0,1.0,0.0,40.0,84.0,0.21,0.0,97.0,1.0,22.0,0.0,1.0,2.51190476190476,1.0,1.0,0.0,0.816037735849057,1.0,0.0,0.5580703,0.44192967
776,62,0.0,0.0,1.0,0.0,0.0,0.0,1.0,1.0,0.0,50.0,84.0,4.24,0.0,97.0,1.0,0.0,0.0,1.0,2.51190476190476,1.0,1.0,0.0,0.816037735849057,1.0,0.0,0.8457887,0.15421128
776,63,0.0,0.0,1.0,0.0,0.0,0.0,1.0,1.0,0.0,40.0,84.0,3.82,0.0,97.0,1.0,0.0,0.0,1.0,2.51190476190476,1.0,1.0,0.0,0.816037735849057,1.0,0.0,0.8457887,0.15421128
776,64,0.0,0.0,1.0,0.0,0.0,0.0,1.0,1.0,0.0,40.0,84.0,2.5,3.0,97.0,1.0,0.0,0.0,1.0,2.51190476190476,1.0,1.0,0.0,0.816037735849057,1.0,0.0,0.776857,0.22314298
776,65,0.0,0.0,1.0,0.0,0.0,0.0,1.0,1.0,0.0,5.0,84.0,0.21,0.0,97.0,1.0,0.0,0.0,1.0,2.51190476190476,1.0,1.0,0.0,1.0,1.0,0.0,0.9933902,0.0066098045
776,66,4.0,0.0,1.0,0.0,0.0,0.0,1.0,1.0,0.0,40.0,84.0,0.21,0.0,97.0,1.0,0.0,0.0,1.0,2.51190476190476,1.0,1.0,0.0,0.816037735849057,1.0,1.0,0.65054137,0.34945863
776,67,0.0,0.0,1.0,0.0,0.0,0.0,1.0,1.0,0.0,40.0,84.0,0.21,0.0,97.0,1.0,28.0,0.0,5.0,2.51190476190476,1.0,1.0,0.0,0.816037735849057,1.0,0.0,0.56081545,0.43918452
776,68,0.0,0.0,1.0,0.0,31.0,0.0,1.0,1.0,0.0,40.0,84.0,1.64,0.0,97.0,1.0,0.0,0.0,1.0,2.51190476190476,1.0,1.0,0.0,0.816037735849057,1.0,0.0,0.7947606,0.20523939
776,69,0.0,0.0,1.0,0.0,0.0,0.0,1.0,1.0,0.0,40.0,84.0,0.21,0.0,97.0,1.0,7.0,0.0,1.0,2.51190476190476,1.0,1.0,0.0,0.816037735849057,1.0,4.0,0.55728436,0.44271564
776,70,0.0,0.0,1.0,0.0,0.0,0.0,1.0,1.0,0.0,40.0,84.0,0.21,0.0,97.0,1.0,45.0,0.0,6.0,2.51190476190476,1.0,1.0,0.0,0.816037735849057,1.0,0.0,0.56081545,0.43918452
776,71,0.0,0.0,1.0,0.0,0.0,0.0,1.0,1.0,0.0,5.0,84.0,0.21,0.0,97.0,1.0,0.0,0.0,1.0,2.51190476190476,13.0,1.0,0.0,0.816037735849057,1.0,0.0,0.8850564,0.11494363
776,72,0.0,0.0,1.0,0.0,0.0,0.0,1.0,1.0,0.0,40.0,84.0,4.51,0.0,97.0,1.0,0.0,0.0,1.0,2.51190476190476,1.0,1.0,0.0,0.816037735849057,0.7,0.0,0.771398,0.22860198
776,73,0.0,0.0,1.0,0.0,0.0,0.0,1.0,1.0,0.0,40.0,84.0,0.21,0.0,42.0,1.0,0.0,0.0,1.0,2.51190476190476,1.0,1.0,0.0,0.816037735849057,1.0,1.0,0.53110254,0.4688975
776,74,0.0,0.0,1.0,37.0,0.0,0.0,1.0,1.0,0.0,40.0,84.0,0.21,0.0,97.0,1.0,27.0,0.0,1.0,2.51190476190476,1.0,1.0,0.0,0.816037735849057,1.0,0.0,0.5580703,0.44192967
776,75,0.0,0.0,1.0,0.0,0.0,0.0,1.0,1.0,0.0,40.0,84.0,0.21,0.0,97.0,1.0,0.0,0.0,1.0,30.0,1.0,1.0,0.0,0.816037735849057,1.0,4.0,0.5316962,0.4683038
776,76,0.0,0.0,1.0,0.0,0.0,0.0,1.0,1.0,0.0,40.0,84.0,1.73,0.0,97.0,1.0,0.0,0.0,1.0,2.51190476190476,1.0,1.0,0.0,0.816037735849057,1.0,0.0,0.74873763,0.25126237
776,77,0.0,0.0,1.0,0.0,0.0,0.0,1.0,1.0,0.0,40.0,84.0,5.36,0.0,97.0,1.0,0.0,0.0,1.0,37.5,1.0,1.0,0.0,0.816037735849057,1.0,0.0,0.93399525,0.066004775
776,78,14.0,0.0,1.0,0.0,0.0,0.0,1.0,1.0,0.0,4.0,84.0,0.21,0.0,97.0,1.0,0.0,0.0,1.0,2.51190476190476,1.0,1.0,0.0,0.816037735849057,1.0,0.0,0.95465595,0.045344055
776,79,6.0,0.0,1.0,0.0,0.0,0.0,1.0,1.0,0.0,3.0,84.0,0.21,0.0,97.0,1.0,0.0,0.0,1.0,2.51190476190476,1.0,1.0,0.0,0.816037735849057,1.0,0.0,0.96515465,0.034845334
776,80,0.0,0.0,1.0,0.0,0.0,0.0,1.0,1.0,0.0,40.0,84.0,6.23,0.0,97.0,1.0,0.0,0.0,1.0,2.51190476190476,1.0,1.0,0.0,0.816037735849057,1.0,0.0,0.8457887,0.15421128
776,81,0.0,0.0,1.0,0.0,0.0,0.0,1.0,1.0,0.0,48.0,84.0,7.41,0.0,97.0,1.0,0.0,0.0,1.0,2.51190476190476,1.0,1.0,0.0,0.816037735849057,1.0,0.0,0.8457887,0.15421128
776,82,0.0,0.0,1.0,0.0,0.0,0.0,1.0,9.0,0.0,40.0,84.0,0.21,0.0,97.0,1.0,0.0,0.0,1.0,2.51190476190476,1.0,1.0,0.0,1.0,1.0,0.0,0.75405574,0.24594429
776,83,0.0,0.0,1.0,0.0,0.0,0.0,1.0,1.0,27.0,5.0,84.0,0.21,0.0,97.0,1.0,0.0,0.0,1.0,2.51190476190476,1.0,1.0,0.0,0.816037735849057,1.0,0.0,0.8759635,0.12403647
776,84,0.0,0.0,1.0,0.0,0.0,0.0,1.0,1.0,0.0,40.0,84.0,0.21,0.0,97.0,1.0,45.0,0.0,4.0,2.51190476190476,1.0,1.0,0.0,0.816037735849057,1.0,0.0,0.59995276,0.40004724
776,85,0.0,0.0,1.0,0.0,0.0,0.0,1.0,1.0,0.0,2.0,30.0,0.21,0.0,97.0,1.0,0.0,0.0,1.0,2.51190476190476,1.0,1.0,0.0,0.816037735849057,1.0,0.0,0.9537456,0.04625441
776,86,0.0,0.0,1.0,14.0,0.0,0.0,1.0,1.0,0.0,40.0,84.0,0.21,0.0,97.0,1.0,0.0,0.0,1.0,37.0,1.0,1.0,0.0,0.816037735849057,1.0,0.0,0.6312335,0.3687665
776,87,0.0,0.0,1.0,0.0,0.0,0.0,1.0,1.0,0.0,40.0,84.0,1.91,0.0,97.0,1.0,0.0,0.0,1.0,2.51190476190476,1.0,1.0,0.0,0.816037735849057,1.0,0.0,0.74873763,0.25126237
776,88,0.0,0.0,1.0,0.0,0.0,0.0,1.0,1.0,18.0,9.0,84.0,0.21,0.0,97.0,1.0,0.0,0.0,1.0,2.51190476190476,1.0,1.0,0.0,0.816037735849057,1.0,0.0,0.88401103,0.11598897
776,89,0.0,0.0,1.0,0.0,0.0,0.0,1.0,1.0,0.0,40.0,74.0,4.52,0.0,97.0,1.0,0.0,0.0,1.0,2.51190476190476,1.0,1.0,0.0,0.816037735849057,1.0,0.0,0.8457887,0.15421128
776,90,0.0,0.0,1.0,0.0,0.0,0.0,1.0,1.0,0.0,4.0,84.0,0.21,0.0,97.0,1.0,0.0,0.0,1.0,2.51190476190476,33.0,1.0,0.0,0.816037735849057,1.0,0.0,0.9397904,0.06020957
776,91,0.0,0.0,1.0,0.0,0.0,0.0,1.0,1.0,0.0,15.0,84.0,0.21,0.0,97.0,5.0,0.0,0.0,1.0,2.51190476190476,1.0,1.0,0.0,0.816037735849057,1.0,0.0,0.9055433,0.09445666
776,92,0.0,0.0,1.0,0.0,0.0,0.0,10.0,1.0,0.0,17.0,84.0,0.21,0.0,97.0,1.0,0.0,0.0,1.0,2.51190476190476,1.0,1.0,0.0,0.816037735849057,1.0,0.0,0.8409253,0.15907472
776,93,0.0,0.0,1.0,0.0,0.0,0.0,1.0,1.0,0.0,40.0,84.0,4.7,0.0,97.0,1.0,0.0,0.0,1.0,2.51190476190476,1.0,1.0,0.0,0.816037735849057,1.0,2.0,0.85480106,0.14519896
776,94,0.0,0.0,1.0,0.0,0.0,0.0,1.0,1.0,0.0,40.0,84.0,3.79,0.0,97.0,1.0,0.0,0.0,1.0,2.51190476190476,1.0,1.0,0.0,0.816037735849057,1.0,0.0,0.8457887,0.15421128
776,95,0.0,0.0,1.0,0.0,0.0,0.0,1.0,1.0,0.0,40.0,84.0,0.21,0.0,97.0,1.0,43.0,0.0,1.0,37.1,1.0,1.0,0.0,0.816037735849057,1.0,0.0,0.72632146,0.27367857
776,96,0.0,0.0,1.0,0.0,0.0,0.0,1.0,1.0,0.0,40.0,84.0,5.92,0.0,97.0,1.0,0.0,0.0,1.0,2.51190476190476,1.0,1.0,0.0,0.816037735849057,1.0,0.0,0.8457887,0.15421128
776,97,0.0,0.0,1.0,0.0,0.0,0.0,1.0,1.0,0.0,40.0,84.0,0.21,0.0,97.0,1.0,0.0,0.0,1.0,2.51190476190476,17.0,1.0,0.0,1.0,1.0,0.0,0.79610944,0.20389059
776,98,0.0,0.0,1.0,0.0,0.0,0.0,1.0,1.0,0.0,40.0,84.0,7.27,0.0,97.0,1.0,0.0,0.0,1.0,2.51190476190476,1.0,1.0,0.0,0.816037735849057,1.0,0.0,0.8457887,0.15421128
776,99,0.0,0.0,1.0,0.0,0.0,0.0,1.0,1.0,0.0,40.0,9.0,0.21,0.0,97.0,1.0,0.0,0.0,1.0,2.51190476190476,1.0,1.0,0.0,0.816037735849057,1.0,0.0,0.885012,0.114988044
789,0,3.0,0.0,1.0,3.0,0.0,0.0,2.0,1.0,7.0,12.0,63.0,0.12,0.0,92.0,1.0,1.0,25.0,2.0,22.5,0.0,0.0,0.0,0.706744868035191,1.0,0.0,0.61259454,0.38740546
789,1,3.0,0.0,1.0,3.0,0.0,0.0,2.0,1.0,7.0,2.0,63.0,0.12,0.0,92.0,1.0,1.0,25.0,2.0,2.6,0.0,0.0,0.0,0.706744868035191,1.0,0.0,0.88211083,0.117889166
789,2,3.0,0.0,1.0,3.0,0.0,0.0,2.0,1.0,7.0,8.0,25.0,0.12,0.0,92.0,1.0,1.0,25.0,2.0,21.3,0.0,0.0,0.0,0.706744868035191,1.0,0.0,0.68797433,0.31202564
789,3,3.0,0.0,1.0,3.0,0.0,0.0,2.0,1.0,0.0,12.0,68.0,0.12,0.0,92.0,1.0,1.0,25.0,2.0,2.6,0.0,0.0,0.0,0.706744868035191,1.0,0.0,0.7550336,0.2449664
789,4,3.0,0.0,1.0,3.0,0.0,0.0,2.0,1.0,7.0,12.0,25.0,0.12,0.0,92.0,1.0,1.0,25.0,2.0,1.5,0.0,0.0,0.0,0.706744868035191,0.0,0.0,0.60409224,0.3959078
789,5,3.0,0.0,1.0,3.0,0.0,0.0,2.0,1.0,7.0,12.0,25.0,0.12,0.0,92.0,1.0,1.0,8.0,2.0,12.6,0.0,0.0,0.0,0.706744868035191,1.0,0.0,0.93389827,0.066101745
789,6,3.0,0.0,1.0,3.0,0.0,0.0,2.0,1.0,7.0,0.0,25.0,0.12,0.0,92.0,8.0,1.0,25.0,2.0,2.6,0.0,0.0,0.0,0.706744868035191,1.0,0.0,0.55083245,0.44916755
789,7,3.0,0.0,1.0,3.0,0.0,0.0,2.0,1.0,38.0,12.0,2.0,0.12,0.0,92.0,1.0,1.0,25.0,2.0,2.6,0.0,0.0,0.0,0.706744868035191,1.0,0.0,0.7309251,0.2690749
789,8,3.0,0.0,1.0,3.0,0.0,0.0,2.0,1.0,0.0,12.0,25.0,0.12,0.0,92.0,1.0,1.0,25.0,2.0,15.0,0.0,0.0,0.0,0.706744868035191,1.0,0.0,0.871596,0.12840399
789,9,3.0,0.0,1.0,3.0,0.0,0.0,2.0,1.0,7.0,12.0,4.0,0.12,0.0,92.0,1.0,1.0,25.0,2.0,2.6,0.0,0.0,0.0,0.706744868035191,1.0,0.0,0.5483074,0.45169255
789,10,3.0,0.0,1.0,3.0,0.0,0.0,2.0,1.0,7.0,12.0,136.0,0.12,0.0,92.0,1.0,1.0,25.0,2.0,21.0,0.0,0.0,0.0,0.706744868035191,1.0,0.0,0.61259454,0.38740546
789,11,3.0,0.0,1.0,3.0,0.0,0.0,2.0,1.0,7.0,12.0,3.0,0.12,0.0,92.0,1.0,1.0,25.0,2.0,2.6,0.0,0.0,0.0,0.706744868035191,1.0,0.0,0.54211295,0.45788705
789,12,3.0,0.0,1.0,3.0,0.0,0.0,2.0,1.0,7.0,12.0,25.0,0.12,0.0,92.0,1.0,1.0,5.0,2.0,41.9,0.0,0.0,0.0,0.706744868035191,1.0,0.0,0.96081656,0.039183453
789,13,3.0,0.0,1.0,3.0,0.0,9.0,2.0,1.0,7.0,12.0,25.0,0.12,0.0,92.0,1.0,1.0,5.0,2.0,2.6,0.0,0.0,0.0,0.706744868035191,1.0,0.0,0.6314625,0.3685375
789,14,3.0,0.0,1.0,3.0,0.0,0.0,2.0,1.0,7.0,12.0,4.0,0.12,1.0,92.0,1.0,1.0,25.0,2.0,2.6,0.0,0.0,0.0,0.706744868035191,1.0,0.0,0.5483074,0.45169255
789,15,3.0,0.0,1.0,3.0,0.0,0.0,2.0,1.0,7.0,0.0,25.0,0.12,0.0,92.0,1.0,43.0,25.0,2.0,2.6,0.0,0.0,0.0,0.706744868035191,1.0,0.0,0.51107705,0.48892292
789,16,3.0,0.0,1.0,3.0,0.0,0.0,2.0,1.0,7.0,12.0,112.0,0.12,0.0,92.0,1.0,1.0,25.0,2.0,28.7,0.0,0.0,0.0,0.706744868035191,1.0,0.0,0.61259454,0.38740546
789,17,3.0,0.0,1.0,3.0,0.0,0.0,2.0,1.0,7.0,12.0,25.0,0.12,0.0,92.0,1.0,1.0,6.0,2.0,2.6,20.0,0.0,0.0,0.706744868035191,1.0,0.0,0.66838384,0.3316162
789,18,3.0,0.0,1.0,3.0,0.0,0.0,2.0,1.0,7.0,12.0,0.0,0.12,0.0,92.0,1.0,1.0,25.0,2.0,2.6,0.0,5.0,0.0,0.706744868035191,1.0,0.0,0.7580781,0.24192193
789,19,3.0,0.0,1.0,3.0,0.0,0.0,2.0,1.0,7.0,12.0,25.0,0.12,0.0,92.0,1.0,1.0,3.0,2.0,2.6,0.0,0.0,0.0,0.706744868035191,1.0,0.0,0.7820893,0.2179107
789,20,3.0,0.0,1.0,3.0,0.0,0.0,2.0,1.0,7.0,12.0,2.0,0.12,0.0,92.0,1.0,1.0,25.0,2.0,2.6,0.0,0.0,0.0,0.706744868035191,1.0,0.0,0.59176755,0.40823245
789,21,3.0,0.0,1.0,3.0,0.0,0.0,2.0,1.0,7.0,12.0,92.0,0.12,0.0,92.0,1.0,1.0,25.0,2.0,22.0,0.0,0.0,0.0,0.706744868035191,1.0,0.0,0.61259454,0.38740546
789,22,3.0,0.0,1.0,3.0,0.0,0.0,2.0,1.0,7.0,12.0,25.0,0.12,0.0,92.0,1.0,1.0,7.0,2.0,2.6,0.0,0.0,0.0,0.706744868035191,1.0,0.0,0.6447392,0.3552608
789,23,3.0,0.0,1.0,3.0,0.0,0.0,2.0,1.0,7.0,12.0,9.0,0.12,0.0,92.0,1.0,1.0,25.0,2.0,2.6,0.0,0.0,0.0,0.706744868035191,1.0,3.0,0.5580325,0.44196746
789,24,3.0,0.0,1.0,3.0,0.0,0.0,2.0,1.0,7.0,12.0,102.0,0.12,0.0,92.0,1.0,1.0,25.0,2.0,51.3,0.0,0.0,0.0,0.706744868035191,1.0,0.0,0.61259454,0.38740546
789,25,3.0,0.0,1.0,3.0,0.0,0.0,2.0,1.0,7.0,12.0,87.0,0.12,0.0,92.0,1.0,1.0,25.0,2.0,46.5,0.0,0.0,0.0,0.706744868035191,1.0,0.0,0.61259454,0.38740546
789,26,3.0,0.0,1.0,3.0,0.0,0.0,2.0,1.0,7.0,12.0,1.0,0.12,0.0,92.0,1.0,1.0,25.0,2.0,2.6,0.0,0.0,0.0,0.706744868035191,1.1,0.0,0.7023885,0.29761145
789,27,3.0,0.0,1.0,3.0,0.0,0.0,2.0,1.0,7.0,12.0,25.0,0.12,1.0,92.0,1.0,1.0,4.0,2.0,2.6,0.0,0.0,0.0,0.706744868035191,1.0,0.0,0.7820893,0.2179107
789,28,3.0,0.0,1.0,3.0,0.0,0.0,2.0,1.0,7.0,12.0,10.0,0.12,0.0,92.0,1.0,1.0,25.0,2.0,2.6,0.0,0.0,2.0,0.706744868035191,1.0,0.0,0.6457,0.3543
789,29,3.0,0.0,1.0,3.0,0.0,13.0,2.0,1.0,7.0,12.0,25.0,0.12,0.0,92.0,1.0,1.0,3.0,2.0,2.6,0.0,0.0,0.0,0.706744868035191,1.0,0.0,0.6909107,0.30908933
789,30,3.0,0.0,1.0,3.0,0.0,0.0,2.0,1.0,7.0,12.0,25.0,0.12,0.0,92.0,1.0,1.0,8.0,2.0,2.6,0.0,0.0,0.0,0.706744868035191,1.0,0.0,0.6131668,0.3868332
789,31,3.0,0.0,1.0,3.0,0.0,0.0,2.0,1.0,7.0,12.0,25.0,0.12,0.0,92.0,1.0,1.0,25.0,2.0,46.0,0.0,0.0,0.0,1.0,1.0,0.0,0.51390326,0.4860967
789,32,3.0,0.0,1.0,3.0,0.0,0.0,2.0,1.0,7.0,12.0,1.0,0.12,0.0,92.0,3.0,1.0,25.0,2.0,2.6,0.0,0.0,0.0,0.706744868035191,1.0,0.0,0.69072294,0.30927703
789,33,3.0,0.0,1.0,3.0,0.0,0.0,2.0,1.0,7.0,12.0,25.0,0.12,0.0,92.0,1.0,1.0,4.0,2.0,2.6,0.0,0.0,0.0,0.706744868035191,1.0,0.0,0.7820893,0.2179107
789,34,3.0,0.0,1.0,3.0,0.0,0.0,2.0,1.0,7.0,12.0,25.0,0.12,1.0,92.0,1.0,1.0,7.0,2.0,2.6,0.0,0.0,0.0,0.706744868035191,1.0,0.0,0.6447392,0.3552608
789,35,3.0,0.0,1.0,3.0,0.0,0.0,2.0,1.0,7.0,12.0,100.0,0.12,0.0,92.0,1.0,1.0,8.0,2.0,2.6,0.0,0.0,0.0,0.706744868035191,1.0,0.0,0.7510707,0.24892934
789,36,3.0,0.0,1.0,3.0,0.0,0.0,2.0,1.0,7.0,12.0,37.0,0.12,0.0,92.0,1.0,1.0,25.0,2.0,10.9,0.0,0.0,0.0,0.706744868035191,1.0,0.0,0.5865091,0.41349092
789,37,3.0,0.0,1.0,3.0,0.0,0.0,2.0,1.0,7.0,12.0,25.0,0.12,0.0,92.0,7.0,1.0,3.0,2.0,2.6,0.0,0.0,0.0,0.706744868035191,1.0,0.0,0.8876627,0.112337284
789,38,3.0,0.0,1.0,58.0,0.0,0.0,2.0,1.0,7.0,12.0,25.0,0.12,0.0,92.0,1.0,1.0,7.0,2.0,2.6,0.0,0.0,0.0,0.706744868035191,1.0,0.0,0.6788183,0.3211817
789,39,3.0,0.0,1.0,3.0,0.0,0.0,2.0,1.0,7.0,12.0,25.0,0.12,0.0,92.0,1.0,1.0,6.0,2.0,2.6,0.0,0.0,0.0,0.706744868035191,1.0,0.0,0.7334113,0.2665887
789,40,3.0,0.0,1.0,3.0,0.0,0.0,2.0,1.0,7.0,12.0,25.0,0.12,0.0,92.0,1.0,1.0,0.0,2.0,5.1,0.0,0.0,0.0,0.706744868035191,1.0,0.0,0.8891511,0.110848874
789,41,3.0,0.0,1.0,3.0,0.0,0.0,2.0,1.0,7.0,12.0,25.0,1.37,0.0,92.0,1.0,1.0,25.0,2.0,2.6,0.0,0.0,0.0,0.706744868035191,0.2,0.0,0.5560659,0.44393408
789,42,3.0,0.0,1.0,3.0,0.0,0.0,2.0,1.0,2.0,12.0,25.0,0.12,0.0,92.0,1.0,1.0,3.0,2.0,2.6,0.0,0.0,0.0,0.706744868035191,1.0,0.0,0.867075,0.13292496
789,43,3.0,0.0,1.0,3.0,0.0,0.0,2.0,8.0,7.0,12.0,25.0,0.12,0.0,92.0,1.0,1.0,5.0,2.0,2.6,0.0,0.0,0.0,0.706744868035191,1.0,0.0,0.67893696,0.32106307
789,44,3.0,0.0,1.0,3.0,0.0,0.0,2.0,1.0,7.0,12.0,84.0,0.12,0.0,92.0,1.0,1.0,25.0,2.0,27.0,0.0,0.0,0.0,0.706744868035191,1.0,0.0,0.61259454,0.38740546
789,45,3.0,0.0,1.0,3.0,0.0,0.0,2.0,1.0,7.0,12.0,25.0,0.12,8.0,92.0,1.0,1.0,0.0,2.0,2.6,0.0,0.0,0.0,0.706744868035191,1.0,0.0,0.8037249,0.1962751
789,46,3.0,0.0,1.0,3.0,0.0,0.0,2.0,1.0,7.0,12.0,25.0,0.12,0.0,92.0,1.0,1.0,25.0,2.0,10.7,0.0,0.0,0.0,0.706744868035191,0.2,0.0,0.81945705,0.18054293
789,47,3.0,0.0,1.0,3.0,0.0,0.0,2.0,1.0,7.0,12.0,25.0,0.12,14.0,92.0,1.0,1.0,7.0,2.0,2.6,0.0,0.0,0.0,0.706744868035191,1.0,0.0,0.6045321,0.39546785
789,48,3.0,0.0,1.0,3.0,0.0,0.0,6.0,1.0,7.0,12.0,3.0,0.12,0.0,92.0,1.0,1.0,25.0,2.0,2.6,0.0,0.0,0.0,0.706744868035191,1.0,0.0,0.530444,0.46955597
789,49,3.0,0.0,1.0,3.0,0.0,0.0,2.0,1.0,7.0,12.0,63.0,0.12,0.0,92.0,1.0,1.0,25.0,2.0,22.8,0.0,0.0,0.0,0.706744868035191,1.0,0.0,0.61259454,0.38740546
789,50,3.0,0.0,1.0,12.0,0.0,0.0,2.0,1.0,7.0,12.0,0.0,0.12,0.0,92.0,1.0,1.0,25.0,2.0,2.6,0.0,0.0,0.0,0.706744868035191,1.0,0.0,0.7332257,0.26677433
789,51,3.0,43.0,1.0,3.0,0.0,0.0,2.0,1.0,7.0,12.0,25.0,0.12,0.0,92.0,1.0,1.0,3.0,2.0,2.6,0.0,0.0,0.0,0.706744868035191,1.0,0.0,0.72421473,0.27578527
789,52,3.0,0.0,1.0,3.0,0.0,0.0,2.0,1.0,7.0,12.0,25.0,0.12,0.0,92.0,1.0,1.0,7.0,2.0,2.6,0.0,13.0,0.0,0.706744868035191,1.0,0.0,0.8125589,0.18744113
789,53,3.0,0.0,1.0,3.0,0.0,11.0,2.0,1.0,7.0,12.0,25.0,0.12,0.0,92.0,1.0,1.0,1.0,2.0,2.6,0.0,0.0,0.0,0.706744868035191,1.0,0.0,0.7543726,0.24562737
789,54,3.0,0.0,1.0,3.0,0.0,0.0,2.0,1.0,7.0,12.0,75.0,0.12,0.0,92.0,1.0,1.0,25.0,2.0,2.6,0.0,0.0,0.0,0.706744868035191,0.1,0.0,0.6564613,0.3435387
789,55,3.0,0.0,1.0,3.0,0.0,0.0,2.0,1.0,7.0,12.0,25.0,0.12,0.0,92.0,1.0,1.0,2.0,2.0,2.6,0.0,0.0,0.0,0.706744868035191,1.0,3.0,0.8116616,0.18833837
789,56,3.0,0.0,1.0,3.0,15.0,0.0,2.0,1.0,7.0,12.0,25.0,0.12,0.0,92.0,1.0,1.0,0.0,2.0,2.6,0.0,0.0,0.0,0.706744868035191,1.0,0.0,0.7842742,0.21572575
789,57,3.0,0.0,1.0,3.0,0.0,0.0,2.0,1.0,7.0,12.0,2.0,0.12,0.0,92.0,1.0,1.0,25.0,2.0,2.6,0.0,8.0,0.0,0.706744868035191,1.0,0.0,0.7277317,0.27226833
789,58,3.0,6.0,1.0,3.0,0.0,0.0,2.0,1.0,7.0,12.0,25.0,0.12,0.0,92.0,1.0,1.0,4.0,2.0,2.6,0.0,0.0,0.0,0.706744868035191,1.0,0.0,0.72421473,0.27578527
789,59,3.0,0.0,1.0,3.0,0.0,0.0,2.0,1.0,7.0,12.0,0.0,0.12,0.0,92.0,1.0,1.0,25.0,2.0,2.6,0.0,0.0,0.0,0.7,1.0,0.0,0.6354423,0.36455768
789,60,3.0,0.0,0.0,3.0,0.0,0.0,2.0,1.0,7.0,12.0,25.0,0.12,0.0,92.0,1.0,1.0,1.0,2.0,2.6,0.0,0.0,0.0,0.706744868035191,1.0,0.0,0.83139896,0.16860102
789,61,3.0,0.0,1.0,3.0,0.0,0.0,2.0,1.0,7.0,12.0,25.0,1.76,0.0,92.0,1.0,1.0,25.0,2.0,2.6,0.0,0.0,0.0,0.706744868035191,0.3,0.0,0.5560659,0.44393408
789,62,3.0,0.0,1.0,3.0,0.0,0.0,2.0,1.0,7.0,12.0,25.0,0.12,0.0,92.0,1.0,1.0,4.0,2.0,2.6,0.0,0.0,3.0,0.706744868035191,1.0,0.0,0.81423426,0.18576573
789,63,3.0,0.0,1.0,3.0,0.0,0.0,2.0,1.0,7.0,12.0,9.0,0.12,0.0,92.0,1.0,1.0,25.0,2.0,2.6,0.0,0.0,0.0,0.706744868035191,1.0,0.0,0.59876275,0.40123722
789,64,3.0,0.0,1.0,3.0,0.0,0.0,2.0,1.0,7.0,12.0,25.0,0.12,0.0,92.0,1.0,1.0,9.0,2.0,2.6,0.0,0.0,0.0,0.706744868035191,1.0,0.0,0.7551948,0.24480525
789,65,3.0,0.0,1.0,3.0,0.0,0.0,2.0,1.0,7.0,3.0,25.0,0.12,0.0,92.0,1.0,1.0,25.0,2.0,2.6,0.0,9.0,0.0,0.706744868035191,1.0,0.0,0.613307,0.386693
789,66,3.0,0.0,1.0,3.0,0.0,0.0,2.0,1.0,7.0,12.0,39.0,0.12,0.0,92.0,1.0,1.0,25.0,2.0,16.9,0.0,0.0,0.0,0.706744868035191,1.0,0.0,0.5866114,0.41338864
789,67,3.0,0.0,1.0,3.0,0.0,13.0,2.0,1.0,7.0,12.0,25.0,0.12,0.0,92.0,1.0,1.0,5.0,2.0,2.6,0.0,0.0,0.0,0.706744868035191,1.0,0.0,0.6314625,0.3685375
789,68,3.0,0.0,1.0,3.0,0.0,0.0,2.0,1.0,7.0,12.0,25.0,0.12,0.0,43.0,1.0,1.0,5.0,2.0,2.6,0.0,0.0,0.0,0.706744868035191,1.0,0.0,0.5540611,0.4459389
789,69,3.0,0.0,1.0,3.0,0.0,0.0,2.0,1.0,7.0,12.0,38.0,0.12,0.0,92.0,1.0,1.0,25.0,2.0,2.6,0.0,0.0,0.0,0.706744868035191,0.1,0.0,0.63165116,0.36834884
789,70,3.0,0.0,1.0,3.0,0.0,0.0,2.0,1.0,7.0,12.0,25.0,0.12,0.0,92.0,1.0,31.0,6.0,2.0,2.6,0.0,0.0,0.0,0.706744868035191,1.0,0.0,0.72865903,0.271341
789,71,3.0,0.0,1.0,3.0,0.0,0.0,2.0,1.0,1.0,12.0,25.0,6.88,0.0,92.0,1.0,1.0,25.0,2.0,2.6,0.0,0.0,0.0,0.706744868035191,1.0,0.0,0.694031,0.30596897
789,72,3.0,0.0,1.0,3.0,0.0,0.0,2.0,1.0,7.0,2.0,25.0,0.12,0.0,92.0,1.0,48.0,25.0,2.0,2.6,0.0,0.0,0.0,0.706744868035191,1.0,0.0,0.51107705,0.48892292
789,73,3.0,0.0,1.0,3.0,15.0,0.0,2.0,1.0,7.0,12.0,25.0,0.12,0.0,92.0,1.0,1.0,6.0,2.0,2.6,0.0,0.0,0.0,0.706744868035191,1.0,0.0,0.6729158,0.32708418
789,74,3.0,0.0,1.0,3.0,0.0,0.0,2.0,1.0,7.0,2.0,30.0,0.12,0.0,92.0,1.0,1.0,25.0,2.0,2.6,0.0,0.0,0.0,0.706744868035191,1.0,0.0,0.63309205,0.36690795
789,75,3.0,0.0,1.0,3.0,0.0,0.0,2.0,1.0,7.0,12.0,25.0,0.12,0.0,92.0,1.0,15.0,3.0,2.0,2.6,0.0,0.0,0.0,0.706744868035191,1.0,0.0,0.777942,0.22205798
789,76,3.0,0.0,1.0,3.0,0.0,0.0,2.0,1.0,7.0,12.0,131.0,0.12,0.0,92.0,1.0,1.0,25.0,2.0,22.3,0.0,0.0,0.0,0.706744868035191,1.0,0.0,0.61259454,0.38740546
789,77,3.0,0.0,1.0,3.0,0.0,0.0,2.0,1.0,7.0,12.0,10.0,0.12,0.0,92.0,7.0,1.0,25.0,2.0,2.6,0.0,0.0,0.0,0.706744868035191,1.0,0.0,0.6575259,0.34247407
789,78,3.0,0.0,1.0,3.0,0.0,0.0,2.0,1.0,7.0,12.0,0.0,0.12,0.0,92.0,1.0,1.0,27.0,2.0,2.6,0.0,0.0,0.0,0.706744868035191,1.0,0.0,0.7023885,0.29761145
789,79,3.0,0.0,1.0,3.0,0.0,0.0,2.0,1.0,7.0,12.0,8.0,0.12,0.0,92.0,1.0,29.0,25.0,2.0,2.6,0.0,0.0,0.0,0.706744868035191,1.0,0.0,0.7072748,0.29272524
789,80,3.0,0.0,1.0,3.0,0.0,0.0,2.0,1.0,7.0,12.0,8.0,0.12,0.0,92.0,1.0,1.0,25.0,4.0,2.6,0.0,0.0,0.0,0.706744868035191,1.0,0.0,0.55031323,0.44968677
789,81,3.0,0.0,1.0,3.0,0.0,0.0,2.0,1.0,7.0,12.0,25.0,0.12,0.0,92.0,1.0,1.0,0.0,2.0,2.6,0.0,0.0,0.0,0.706744868035191,1.0,0.0,0.82939535,0.17060465
789,82,3.0,0.0,1.0,3.0,0.0,0.0,2.0,12.0,7.0,12.0,25.0,0.12,0.0,92.0,1.0,1.0,2.0,2.0,2.6,0.0,0.0,0.0,0.706744868035191,1.0,0.0,0.7445861,0.25541386
789,83,3.0,0.0,1.0,3.0,0.0,0.0,2.0,1.0,7.0,5.0,25.0,0.12,0.0,92.0,1.0,1.0,25.0,2.0,2.6,0.0,0.0,0.0,1.0,1.0,0.0,0.6819152,0.31808478
789,84,21.0,0.0,1.0,3.0,0.0,0.0,2.0,1.0,7.0,12.0,9.0,0.12,0.0,92.0,1.0,1.0,25.0,2.0,2.6,0.0,0.0,0.0,0.706744868035191,1.0,0.0,0.54017854,0.4598215
789,85,3.0,0.0,1.0,3.0,0.0,0.0,2.0,1.0,7.0,12.0,25.0,0.12,0.0,92.0,1.0,1.0,6.0,2.0,2.6,0.0,5.0,0.0,0.706744868035191,1.0,0.0,0.8679244,0.13207562
789,86,3.0,0.0,1.0,3.0,0.0,0.0,2.0,1.0,7.0,12.0,25.0,0.12,0.0,92.0,1.0,1.0,5.0,2.0,2.6,0.0,0.0,0.0,0.706744868035191,1.0,0.0,0.7334113,0.2665887
789,87,3.0,25.0,1.0,3.0,0.0,0.0,2.0,1.0,7.0,12.0,25.0,0.12,0.0,92.0,1.0,1.0,1.0,2.0,2.6,0.0,0.0,0.0,0.706744868035191,1.0,0.0,0.7617204,0.23827955
789,88,3.0,0.0,1.0,3.0,0.0,0.0,2.0,1.0,7.0,12.0,143.0,0.12,0.0,92.0,1.0,1.0,25.0,2.0,37.1,0.0,0.0,0.0,0.706744868035191,1.0,0.0,0.61259454,0.38740546
789,89,3.0,0.0,1.0,3.0,0.0,0.0,2.0,1.0,7.0,12.0,0.0,0.12,0.0,92.0,1.0,1.0,25.0,2.0,2.6,0.0,0.0,0.0,0.706744868035191,1.0,0.0,0.7023885,0.29761145
789,90,3.0,0.0,1.0,3.0,0.0,0.0,2.0,1.0,7.0,12.0,8.0,0.12,0.0,92.0,1.0,1.0,25.0,2.0,2.6,0.0,12.0,0.0,0.706744868035191,1.0,0.0,0.69536996,0.30463
789,91,3.0,0.0,1.0,3.0,0.0,0.0,2.0,1.0,7.0,12.0,25.0,0.12,0.0,92.0,1.0,1.0,2.0,2.0,2.6,0.0,0.0,0.0,0.706744868035191,1.0,0.0,0.8137484,0.18625158
789,92,3.0,0.0,1.0,3.0,0.0,0.0,2.0,1.0,7.0,12.0,8.0,0.12,0.0,92.0,1.0,1.0,25.0,2.0,2.6,0.0,0.0,0.0,0.706744868035191,1.0,0.0,0.59876275,0.40123722
789,93,3.0,0.0,1.0,3.0,0.0,0.0,2.0,1.0,7.0,12.0,13.0,0.12,0.0,92.0,1.0,1.0,25.0,2.0,2.6,0.0,0.0,0.0,0.706744868035191,0.1,0.0,0.9572702,0.042729814
789,94,3.0,0.0,1.0,3.0,0.0,0.0,2.0,1.0,7.0,12.0,143.0,0.12,0.0,92.0,1.0,1.0,25.0,2.0,2.6,0.0,0.0,0.0,0.706744868035191,0.1,0.0,0.6564613,0.3435387
789,95,3.0,0.0,1.0,3.0,0.0,0.0,2.0,1.0,7.0,12.0,25.0,1.54,0.0,92.0,1.0,1.0,25.0,2.0,2.6,0.0,0.0,0.0,0.706744868035191,0.2,0.0,0.5560659,0.44393408
789,96,3.0,0.0,1.0,3.0,0.0,0.0,2.0,1.0,7.0,12.0,2.0,0.12,1.0,92.0,1.0,1.0,25.0,2.0,2.6,0.0,0.0,0.0,0.706744868035191,1.0,0.0,0.59176755,0.40823245
789,97,3.0,0.0,1.0,3.0,0.0,0.0,2.0,1.0,7.0,3.0,25.0,0.12,0.0,92.0,1.0,1.0,25.0,2.0,2.6,0.0,0.0,0.0,1.0,1.0,0.0,0.74024236,0.25975767
789,98,3.0,0.0,1.0,3.0,0.0,0.0,2.0,1.0,7.0,12.0,25.0,4.09,0.0,92.0,1.0,1.0,4.0,2.0,2.6,0.0,0.0,0.0,0.706744868035191,1.0,0.0,0.8891739,0.11082608
789,99,3.0,0.0,1.0,3.0,0.0,0.0,2.0,1.0,7.0,12.0,25.0,0.12,0.0,53.0,1.0,1.0,9.0,2.0,2.6,0.0,0.0,0.0,0.706744868035191,1.0,0.0,0.6551393,0.3448607
790,0,17.0,2.0,1.0,0.0,0.0,0.0,2.0,1.0,2.0,6.0,22.0,0.12,0.0,80.0,1.0,1.0,12.0,2.0,33.9,0.0,0.0,0.0,0.501930501930502,1.0,0.0,0.5278938,0.47210622
790,1,0.0,2.0,1.0,0.0,0.0,0.0,2.0,1.0,2.0,6.0,12.0,0.12,0.0,67.0,1.0,1.0,12.0,2.0,2.19230769230769,0.0,0.0,0.0,0.501930501930502,1.0,0.0,0.6419518,0.35804823
790,2,0.0,2.0,1.0,0.0,0.0,0.0,2.0,1.0,2.0,6.0,22.0,6.93,0.0,80.0,1.0,1.0,12.0,2.0,48.5,0.0,0.0,0.0,0.501930501930502,1.0,0.0,0.7497701,0.2502299
790,3,0.0,2.0,1.0,96.0,0.0,0.0,2.0,1.0,2.0,6.0,22.0,0.12,0.0,80.0,1.0,1.0,12.0,2.0,2.19230769230769,0.0,0.0,0.0,1.1,1.0,0.0,0.5381398,0.4618602
790,4,0.0,2.0,1.0,0.0,0.0,0.0,2.0,1.0,2.0,6.0,22.0,0.12,6.0,80.0,1.0,1.0,12.0,2.0,2.19230769230769,0.0,0.0,0.0,1.0,1.0,0.0,0.70656115,0.29343885
790,5,0.0,2.0,1.0,0.0,0.0,0.0,2.0,1.0,2.0,6.0,22.0,3.91,0.0,80.0,1.0,1.0,64.0,2.0,2.19230769230769,0.0,0.0,0.0,0.501930501930502,1.0,0.0,0.6017629,0.3982371
790,6,0.0,2.0,1.0,0.0,0.0,0.0,2.0,1.0,2.0,6.0,22.0,0.12,0.0,80.0,1.0,45.0,12.0,2.0,46.3,0.0,0.0,0.0,0.501930501930502,1.0,0.0,0.60014296,0.39985707
790,7,0.0,7.0,1.0,0.0,0.0,0.0,2.0,1.0,2.0,6.0,22.0,0.12,0.0,80.0,1.0,1.0,12.0,2.0,2.19230769230769,0.0,0.0,0.0,1.0,1.0,0.0,0.6710402,0.32895982
790,8,0.0,2.0,1.0,0.0,0.0,0.0,2.0,1.0,2.0,6.0,22.0,0.12,0.0,80.0,1.0,1.0,35.0,2.0,34.0,0.0,0.0,0.0,0.501930501930502,1.0,0.0,0.5761752,0.4238248
790,9,0.0,34.0,1.0,0.0,0.0,0.0,2.0,1.0,2.0,6.0,3.0,0.12,0.0,80.0,1.0,1.0,12.0,2.0,2.19230769230769,0.0,0.0,0.0,0.501930501930502,1.0,0.0,0.7862324,0.21376759
790,10,0.0,2.0,1.0,0.0,0.0,0.0,2.0,6.0,2.0,6.0,22.0,0.12,0.0,80.0,1.0,1.0,12.0,2.0,2.19230769230769,0.0,0.0,0.0,1.0,1.0,0.0,0.6935289,0.30647114
790,11,0.0,2.0,1.0,0.0,0.0,0.0,2.0,1.0,2.0,6.0,22.0,6.8,0.0,80.0,1.0,34.0,12.0,2.0,2.19230769230769,0.0,0.0,0.0,0.501930501930502,1.0,0.0,0.6200702,0.37992975
790,12,0.0,2.0,1.0,0.0,0.0,0.0,2.0,1.0,2.0,6.0,14.0,0.12,2.0,80.0,1.0,1.0,12.0,2.0,2.19230769230769,0.0,0.0,0.0,0.501930501930502,1.0,0.0,0.5074529,0.4925471
790,13,0.0,2.0,1.0,0.0,0.0,0.0,2.0,1.0,2.0,6.0,22.0,5.58,0.0,80.0,1.0,1.0,21.0,2.0,2.19230769230769,0.0,0.0,0.0,0.501930501930502,1.0,0.0,0.6017629,0.3982371
790,14,0.0,2.0,1.0,0.0,0.0,0.0,2.0,1.0,2.0,6.0,22.0,0.12,0.0,80.0,1.0,1.0,12.0,8.0,2.19230769230769,0.0,0.0,0.0,1.1,1.0,0.0,0.5736234,0.42637655
790,15,0.0,2.0,1.0,0.0,0.0,0.0,2.0,1.0,2.0,6.0,22.0,0.12,0.0,80.0,1.0,1.0,44.0,2.0,31.9,0.0,0.0,0.0,0.501930501930502,1.0,0.0,0.5761752,0.4238248
790,16,0.0,2.0,1.0,0.0,0.0,0.0,2.0,1.0,2.0,6.0,22.0,0.12,0.0,80.0,1.0,52.0,12.0,2.0,14.6,0.0,0.0,0.0,0.501930501930502,1.0,0.0,0.60014296,0.39985707
790,17,0.0,2.0,1.0,0.0,0.0,0.0,2.0,1.0,2.0,6.0,104.0,2.02,0.0,80.0,1.0,1.0,12.0,2.0,2.19230769230769,0.0,0.0,0.0,0.501930501930502,1.0,0.0,0.7534993,0.24650067
790,18,13.0,2.0,1.0,0.0,0.0,0.0,2.0,1.0,2.0,6.0,22.0,0.12,0.0,80.0,1.0,1.0,12.0,2.0,34.3,0.0,0.0,0.0,0.501930501930502,1.0,0.0,0.5278938,0.47210622
790,19,0.0,40.0,1.0,0.0,0.0,0.0,2.0,1.0,2.0,6.0,22.0,0.12,0.0,80.0,1.0,1.0,12.0,2.0,2.19230769230769,0.0,0.0,0.0,1.0,1.0,0.0,0.6710402,0.32895982
790,20,0.0,2.0,3.0,0.0,0.0,0.0,2.0,1.0,2.0,6.0,22.0,0.12,0.0,80.0,1.0,1.0,12.0,2.0,2.19230769230769,0.0,0.0,0.0,1.0,1.0,0.0,0.5618199,0.4381801
790,21,0.0,2.0,1.0,0.0,0.0,0.0,2.0,1.0,2.0,6.0,22.0,0.12,0.0,80.0,1.0,1.0,12.0,2.0,2.19230769230769,0.0,0.0,0.0,1.1,1.0,1.0,0.81097186,0.18902814
790,22,0.0,2.0,1.0,0.0,0.0,0.0,2.0,1.0,2.0,6.0,22.0,0.12,0.0,80.0,1.0,43.0,12.0,2.0,37.1,0.0,0.0,0.0,0.501930501930502,1.0,0.0,0.60014296,0.39985707
790,23,0.0,2.0,1.0,0.0,0.0,0.0,2.0,1.0,2.0,6.0,22.0,1.54,0.0,80.0,1.0,13.0,12.0,2.0,2.19230769230769,0.0,0.0,0.0,0.501930501930502,1.0,0.0,0.5429268,0.4570732
790,24,0.0,2.0,1.0,0.0,0.0,0.0,2.0,1.0,2.0,6.0,11.0,0.12,0.0,80.0,1.0,1.0,12.0,2.0,2.19230769230769,0.0,0.0,0.0,0.501930501930502,1.0,0.0,0.7799201,0.22007991
790,25,0.0,2.0,1.0,0.0,0.0,0.0,2.0,1.0,2.0,6.0,22.0,0.12,0.0,80.0,5.0,1.0,12.0,2.0,22.8,0.0,0.0,0.0,0.501930501930502,1.0,0.0,0.5204629,0.47953713
790,26,0.0,2.0,1.0,0.0,0.0,0.0,6.0,1.0,2.0,6.0,3.0,0.12,0.0,80.0,1.0,1.0,12.0,2.0,2.19230769230769,0.0,0.0,0.0,0.501930501930502,1.0,0.0,0.7950963,0.20490369
790,27,0.0,2.0,1.0,0.0,0.0,0.0,2.0,1.0,2.0,6.0,22.0,4.35,0.0,80.0,1.0,24.0,12.0,2.0,2.19230769230769,0.0,0.0,0.0,0.501930501930502,1.0,0.0,0.6200702,0.37992975
790,28,0.0,2.0,1.0,0.0,0.0,0.0,2.0,1.0,2.0,6.0,22.0,0.12,0.0,80.0,1.0,1.0,12.0,2.0,2.19230769230769,0.0,12.0,0.0,1.0,1.0,0.0,0.6325099,0.3674901
790,29,0.0,2.0,1.0,0.0,0.0,0.0,2.0,1.0,2.0,6.0,22.0,0.12,0.0,80.0,1.0,1.0,12.0,2.0,42.5,0.0,0.0,0.0,0.501930501930502,1.0,3.0,0.5348442,0.46515578
790,30,0.0,2.0,1.0,0.0,0.0,0.0,2.0,1.0,2.0,6.0,39.0,0.12,0.0,80.0,1.0,1.0,12.0,2.0,16.9,0.0,0.0,0.0,0.501930501930502,1.0,0.0,0.6590662,0.3409338
790,31,0.0,2.0,1.0,0.0,0.0,0.0,2.0,1.0,2.0,6.0,22.0,0.12,0.0,80.0,1.0,1.0,0.0,2.0,5.1,0.0,0.0,0.0,0.501930501930502,1.0,0.0,0.7433172,0.2566828
790,32,0.0,2.0,4.0,0.0,0.0,0.0,2.0,1.0,2.0,6.0,22.0,0.12,0.0,80.0,1.0,1.0,12.0,2.0,2.19230769230769,0.0,0.0,0.0,1.1,1.0,0.0,0.5618199,0.4381801
790,33,0.0,2.0,1.0,0.0,0.0,0.0,2.0,1.0,2.0,6.0,22.0,0.12,0.0,80.0,1.0,11.0,12.0,2.0,35.2,0.0,0.0,0.0,0.501930501930502,1.0,0.0,0.60014296,0.39985707
790,34,3.0,2.0,1.0,0.0,0.0,0.0,2.0,1.0,2.0,6.0,22.0,0.12,0.0,80.0,1.0,1.0,12.0,2.0,39.5,0.0,0.0,0.0,0.501930501930502,1.0,0.0,0.5589894,0.4410106
790,35,0.0,2.0,1.0,0.0,0.0,0.0,2.0,1.0,2.0,6.0,22.0,6.5,0.0,80.0,1.0,29.0,12.0,2.0,2.19230769230769,0.0,0.0,0.0,0.501930501930502,1.0,0.0,0.6200702,0.37992975
790,36,0.0,2.0,1.0,0.0,36.0,0.0,2.0,1.0,2.0,6.0,22.0,0.12,0.0,80.0,1.0,1.0,12.0,2.0,2.19230769230769,0.0,0.0,0.0,1.0,1.0,0.0,0.7982347,0.20176528
790,37,18.0,2.0,1.0,0.0,0.0,0.0,2.0,1.0,2.0,6.0,22.0,0.12,0.0,80.0,1.0,1.0,12.0,2.0,43.4,0.0,0.0,0.0,0.501930501930502,1.0,0.0,0.5278938,0.47210622
790,38,0.0,2.0,1.0,0.0,0.0,0.0,2.0,1.0,2.0,6.0,22.0,0.12,0.0,80.0,1.0,12.0,12.0,2.0,2.19230769230769,0.0,0.0,0.0,1.0,1.0,0.0,0.81191975,0.18808024
790,39,0.0,2.0,1.0,0.0,0.0,0.0,2.0,1.0,2.0,6.0,2.0,0.12,1.0,80.0,1.0,1.0,12.0,2.0,2.19230769230769,0.0,0.0,0.0,0.501930501930502,1.0,0.0,0.8205987,0.17940128
790,40,0.0,2.0,1.0,0.0,0.0,0.0,2.0,1.0,2.0,6.0,22.0,3.65,0.0,80.0,1.0,1.0,25.0,2.0,2.19230769230769,0.0,0.0,0.0,0.501930501930502,1.0,0.0,0.6017629,0.3982371
790,41,0.0,2.0,1.0,0.0,0.0,11.0,2.0,1.0,2.0,6.0,22.0,0.12,0.0,80.0,1.0,1.0,1.0,2.0,2.19230769230769,0.0,0.0,0.0,0.501930501930502,1.0,0.0,0.58946514,0.41053486
790,42,0.0,2.0,1.0,0.0,0.0,0.0,2.0,1.0,2.0,6.0,22.0,0.12,0.0,80.0,1.0,1.0,21.0,2.0,49.6,0.0,0.0,0.0,0.501930501930502,1.0,0.0,0.5761752,0.4238248
790,43,0.0,2.0,1.0,0.0,0.0,0.0,2.0,1.0,2.0,6.0,0.0,0.12,0.0,80.0,1.0,1.0,12.0,2.0,2.19230769230769,0.0,5.0,0.0,0.501930501930502,1.0,0.0,0.84434634,0.15565367
790,44,0.0,2.0,1.0,0.0,0.0,0.0,2.0,1.0,2.0,6.0,22.0,0.12,0.0,84.0,1.0,1.0,12.0,2.0,50.8,0.0,0.0,0.0,0.501930501930502,1.0,0.0,0.53480774,0.46519226
790,45,0.0,2.0,1.0,0.0,0.0,0.0,2.0,1.0,2.0,6.0,83.0,6.65,0.0,80.0,1.0,1.0,12.0,2.0,2.19230769230769,0.0,0.0,0.0,0.501930501930502,1.0,0.0,0.80769145,0.19230855
790,46,0.0,2.0,1.0,0.0,10.0,0.0,2.0,1.0,2.0,6.0,22.0,0.12,0.0,80.0,1.0,1.0,12.0,2.0,2.19230769230769,0.0,0.0,0.0,1.1,1.0,0.0,0.7982347,0.20176528
790,47,0.0,35.0,1.0,0.0,0.0,0.0,2.0,1.0,2.0,6.0,22.0,0.12,0.0,80.0,1.0,1.0,12.0,2.0,2.19230769230769,0.0,0.0,0.0,1.1,1.0,0.0,0.6710402,0.32895982
790,48,0.0,2.0,1.0,0.0,0.0,0.0,2.0,6.0,2.0,6.0,22.0,0.12,0.0,80.0,1.0,1.0,12.0,2.0,30.6,0.0,0.0,0.0,0.501930501930502,1.0,0.0,0.55269194,0.44730806
790,49,0.0,2.0,1.0,0.0,0.0,0.0,2.0,1.0,2.0,6.0,22.0,5.81,0.0,80.0,1.0,1.0,12.0,2.0,2.19230769230769,0.0,0.0,0.0,0.501930501930502,1.0,3.0,0.50784016,0.4921598
790,50,0.0,2.0,1.0,0.0,0.0,0.0,2.0,1.0,2.0,6.0,22.0,5.4,0.0,80.0,1.0,25.0,12.0,2.0,2.19230769230769,0.0,0.0,0.0,0.501930501930502,1.0,0.0,0.6200702,0.37992975
790,51,0.0,2.0,1.0,0.0,0.0,0.0,2.0,1.0,2.0,6.0,22.0,0.12,0.0,80.0,1.0,1.0,2.0,2.0,2.19230769230769,0.0,0.0,0.0,0.501930501930502,1.0,3.0,0.7616842,0.23831584
790,52,0.0,2.0,1.0,0.0,0.0,0.0,2.0,1.0,2.0,6.0,22.0,0.12,0.0,80.0,1.0,1.0,12.0,2.0,2.19230769230769,5.0,0.0,0.0,1.1,1.0,0.0,0.612376,0.387624
790,53,0.0,2.0,1.0,0.0,0.0,0.0,2.0,1.0,2.0,6.0,22.0,0.12,0.0,80.0,1.0,1.0,12.0,2.0,30.0,0.0,0.0,0.0,0.501930501930502,1.0,4.0,0.5348442,0.46515578
790,54,0.0,2.0,1.0,0.0,0.0,0.0,2.0,1.0,2.0,6.0,0.0,0.12,0.0,80.0,1.0,1.0,12.0,2.0,2.19230769230769,0.0,0.0,0.0,0.501930501930502,1.0,0.0,0.8606003,0.13939969
790,55,0.0,2.0,1.0,0.0,0.0,0.0,2.0,1.0,2.0,6.0,3.0,0.12,0.0,80.0,1.0,1.0,12.0,2.0,2.19230769230769,0.0,0.0,0.0,0.501930501930502,1.0,0.0,0.8258607,0.17413934
790,56,0.0,2.0,1.0,0.0,0.0,0.0,2.0,1.0,2.0,6.0,92.0,0.12,0.0,80.0,1.0,1.0,12.0,2.0,22.0,0.0,0.0,0.0,0.501930501930502,1.0,0.0,0.7478881,0.25211194
790,57,0.0,2.0,1.0,0.0,0.0,0.0,2.0,1.0,2.0,6.0,8.0,0.12,0.0,80.0,1.0,1.0,12.0,2.0,2.19230769230769,0.0,12.0,0.0,0.501930501930502,1.0,0.0,0.77966726,0.22033277
790,58,0.0,2.0,1.0,0.0,0.0,0.0,2.0,1.0,2.0,6.0,84.0,0.12,0.0,80.0,1.0,1.0,12.0,2.0,27.0,0.0,0.0,0.0,0.501930501930502,1.0,0.0,0.7478881,0.25211194
790,59,0.0,2.0,1.0,0.0,0.0,0.0,2.0,1.0,2.0,6.0,22.0,0.12,0.0,80.0,1.0,1.0,49.0,2.0,26.8,0.0,0.0,0.0,0.501930501930502,1.0,0.0,0.5761752,0.4238248
790,60,0.0,2.0,1.0,0.0,0.0,0.0,2.0,1.0,2.0,6.0,0.0,0.12,0.0,80.0,1.0,1.0,12.0,2.0,2.19230769230769,0.0,0.0,0.0,0.7,1.0,0.0,0.94524354,0.054756466
790,61,0.0,2.0,1.0,0.0,0.0,0.0,2.0,1.0,2.0,6.0,22.0,7.01,0.0,80.0,1.0,43.0,12.0,2.0,2.19230769230769,0.0,0.0,0.0,0.501930501930502,1.0,0.0,0.6200702,0.37992975
790,62,0.0,2.0,1.0,0.0,0.0,0.0,2.0,1.0,2.0,6.0,22.0,1.41,0.0,80.0,1.0,1.0,43.0,2.0,2.19230769230769,0.0,0.0,0.0,0.501930501930502,1.0,0.0,0.5237571,0.4762429
790,63,0.0,2.0,1.0,0.0,0.0,0.0,2.0,1.0,2.0,6.0,22.0,0.12,0.0,80.0,1.0,1.0,8.0,2.0,12.6,0.0,0.0,0.0,0.501930501930502,1.0,0.0,0.76797634,0.23202364
790,64,0.0,2.0,1.0,0.0,0.0,0.0,2.0,1.0,2.0,6.0,22.0,0.12,0.0,80.0,1.0,1.0,12.0,7.0,2.19230769230769,0.0,0.0,0.0,1.0,1.0,0.0,0.5736234,0.42637655
790,65,0.0,2.0,1.0,0.0,0.0,0.0,2.0,1.0,2.0,6.0,22.0,0.12,0.0,80.0,1.0,23.0,12.0,2.0,2.19230769230769,0.0,0.0,0.0,1.1,1.0,0.0,0.81191975,0.18808024
790,66,0.0,2.0,1.0,0.0,0.0,0.0,2.0,1.0,2.0,6.0,22.0,6.9,5.0,80.0,1.0,1.0,12.0,2.0,2.19230769230769,0.0,0.0,0.0,0.501930501930502,1.0,0.0,0.5852548,0.41474518
790,67,4.0,2.0,1.0,0.0,0.0,0.0,2.0,1.0,2.0,6.0,22.0,0.12,0.0,80.0,1.0,1.0,12.0,2.0,19.3,0.0,0.0,0.0,0.501930501930502,1.0,0.0,0.5278938,0.47210622
790,68,14.0,2.0,1.0,0.0,0.0,0.0,2.0,1.0,2.0,6.0,22.0,0.12,0.0,80.0,1.0,1.0,12.0,2.0,12.2,0.0,0.0,0.0,0.501930501930502,1.0,0.0,0.5278938,0.47210622
790,69,0.0,2.0,1.0,0.0,0.0,0.0,2.0,1.0,2.0,6.0,22.0,2.03,0.0,80.0,1.0,1.0,45.0,2.0,2.19230769230769,0.0,0.0,0.0,0.501930501930502,1.0,0.0,0.5237571,0.4762429
790,70,0.0,2.0,1.0,0.0,0.0,0.0,2.0,1.0,2.0,6.0,22.0,0.12,0.0,80.0,1.0,29.0,12.0,2.0,22.0,0.0,0.0,0.0,0.501930501930502,1.0,0.0,0.60014296,0.39985707
790,71,0.0,2.0,1.0,0.0,0.0,0.0,2.0,13.0,2.0,6.0,22.0,0.12,0.0,80.0,1.0,1.0,12.0,2.0,2.19230769230769,0.0,0.0,0.0,1.0,1.0,0.0,0.59468496,0.40531507
790,72,0.0,2.0,1.0,0.0,0.0,0.0,2.0,1.0,2.0,6.0,22.0,0.12,0.0,80.0,0.0,1.0,12.0,2.0,2.19230769230769,0.0,0.0,0.0,1.0,1.0,0.0,0.6640977,0.33590227
790,73,0.0,2.0,1.0,0.0,28.0,0.0,2.0,1.0,2.0,6.0,9.0,0.12,0.0,80.0,1.0,1.0,12.0,2.0,2.19230769230769,0.0,0.0,0.0,0.501930501930502,1.0,0.0,0.604097,0.395903
790,74,0.0,2.0,1.0,0.0,0.0,0.0,2.0,4.0,2.0,6.0,22.0,0.12,0.0,80.0,1.0,1.0,12.0,2.0,38.4,0.0,0.0,0.0,0.501930501930502,1.0,0.0,0.55269194,0.44730806
790,75,0.0,2.0,1.0,0.0,0.0,0.0,2.0,1.0,2.0,6.0,22.0,0.12,0.0,80.0,1.0,1.0,12.0,2.0,41.3,0.0,0.0,0.0,0.501930501930502,1.0,2.0,0.5348442,0.46515578
790,76,12.0,2.0,1.0,0.0,0.0,0.0,2.0,1.0,2.0,6.0,22.0,0.12,0.0,80.0,1.0,1.0,12.0,2.0,2.19230769230769,0.0,0.0,0.0,1.0,1.0,0.0,0.6369569,0.36304313
790,77,0.0,2.0,1.0,0.0,0.0,0.0,2.0,1.0,2.0,6.0,22.0,4.16,0.0,80.0,1.0,1.0,12.0,2.0,29.0,0.0,0.0,0.0,0.501930501930502,1.0,0.0,0.7497701,0.2502299
790,78,0.0,2.0,1.0,0.0,0.0,0.0,2.0,1.0,2.0,6.0,37.0,0.12,0.0,80.0,1.0,1.0,12.0,2.0,10.9,0.0,0.0,0.0,0.501930501930502,1.0,0.0,0.5954683,0.40453175
790,79,0.0,2.0,1.0,0.0,0.0,0.0,2.0,1.0,2.0,6.0,22.0,0.12,0.0,80.0,1.0,1.0,12.0,2.0,43.2,0.0,0.0,0.0,1.0,1.0,0.0,0.8421362,0.15786381
790,80,0.0,2.0,1.0,0.0,0.0,0.0,2.0,5.0,2.0,6.0,22.0,0.12,0.0,80.0,1.0,1.0,12.0,2.0,2.19230769230769,0.0,0.0,0.0,1.1,1.0,0.0,0.6935289,0.30647114
790,81,21.0,2.0,1.0,0.0,0.0,0.0,2.0,1.0,2.0,6.0,9.0,0.12,0.0,80.0,1.0,1.0,12.0,2.0,2.19230769230769,0.0,0.0,0.0,0.501930501930502,1.0,0.0,0.85838354,0.14161646
790,82,0.0,2.0,1.0,0.0,28.0,0.0,2.0,1.0,2.0,6.0,22.0,0.12,0.0,80.0,1.0,1.0,12.0,2.0,2.19230769230769,0.0,0.0,0.0,1.0,1.0,0.0,0.7982347,0.20176528
790,83,0.0,2.0,1.0,0.0,0.0,0.0,2.0,1.0,2.0,6.0,2.0,0.12,0.0,80.0,1.0,1.0,12.0,2.0,2.19230769230769,0.0,0.0,0.0,0.4,1.0,0.0,0.8036357,0.19636427
790,84,0.0,2.0,1.0,0.0,0.0,0.0,2.0,1.0,2.0,6.0,22.0,6.72,0.0,80.0,1.0,1.0,12.0,2.0,47.1,0.0,0.0,0.0,0.501930501930502,1.0,0.0,0.7497701,0.2502299
790,85,0.0,2.0,1.0,0.0,0.0,0.0,2.0,1.0,2.0,6.0,22.0,0.12,0.0,80.0,1.0,1.0,12.0,2.0,2.19230769230769,0.0,37.0,0.0,1.0,1.0,0.0,0.6325099,0.3674901
790,86,0.0,2.0,1.0,0.0,0.0,0.0,2.0,1.0,2.0,6.0,22.0,5.02,0.0,80.0,1.0,1.0,12.0,2.0,2.19230769230769,0.0,0.0,0.0,0.501930501930502,1.0,3.0,0.50784016,0.4921598
790,87,0.0,2.0,1.0,0.0,0.0,0.0,2.0,1.0,2.0,6.0,22.0,6.0,0.0,80.0,1.0,1.0,20.0,2.0,2.19230769230769,0.0,0.0,0.0,0.501930501930502,1.0,0.0,0.6017629,0.3982371
790,88,0.0,2.0,1.0,0.0,0.0,0.0,2.0,1.0,2.0,6.0,74.0,4.52,0.0,80.0,1.0,1.0,12.0,2.0,2.19230769230769,0.0,0.0,0.0,0.501930501930502,1.0,0.0,0.80769145,0.19230855
790,89,0.0,2.0,1.0,0.0,0.0,0.0,2.0,1.0,2.0,6.0,22.0,0.12,0.0,80.0,1.0,1.0,0.0,2.0,2.19230769230769,0.0,0.0,0.0,0.501930501930502,0.1,0.0,0.8619835,0.1380165
790,90,0.0,2.0,1.0,0.0,0.0,0.0,2.0,1.0,2.0,6.0,22.0,1.49,0.0,80.0,1.0,1.0,41.0,2.0,2.19230769230769,0.0,0.0,0.0,0.501930501930502,1.0,0.0,0.5237571,0.4762429
790,91,0.0,2.0,1.0,0.0,0.0,0.0,2.0,1.0,2.0,6.0,22.0,0.12,0.0,80.0,1.0,1.0,12.0,2.0,2.19230769230769,5.0,0.0,0.0,1.0,1.0,0.0,0.612376,0.387624
790,92,0.0,2.0,1.0,0.0,0.0,0.0,2.0,1.0,2.0,6.0,22.0,0.12,0.0,80.0,1.0,34.0,12.0,2.0,30.8,0.0,0.0,0.0,0.501930501930502,1.0,0.0,0.60014296,0.39985707
790,93,0.0,2.0,1.0,0.0,0.0,0.0,2.0,1.0,2.0,6.0,1.0,0.12,0.0,80.0,1.0,1.0,12.0,2.0,2.19230769230769,0.0,0.0,0.0,0.501930501930502,1.1,0.0,0.8606003,0.13939969
790,94,0.0,2.0,1.0,0.0,0.0,0.0,2.0,1.0,2.0,6.0,117.0,1.93,0.0,80.0,1.0,1.0,12.0,2.0,2.19230769230769,0.0,0.0,0.0,0.501930501930502,1.0,0.0,0.7534993,0.24650067
790,95,0.0,2.0,1.0,0.0,16.0,0.0,2.0,1.0,2.0,6.0,22.0,0.12,0.0,80.0,1.0,1.0,12.0,2.0,2.19230769230769,0.0,0.0,0.0,1.0,1.0,0.0,0.7982347,0.20176528
790,96,0.0,2.0,1.0,0.0,0.0,0.0,2.0,1.0,2.0,6.0,22.0,2.53,0.0,80.0,1.0,1.0,12.0,2.0,2.19230769230769,0.0,0.0,0.0,0.501930501930502,0.4,0.0,0.50346076,0.49653926
790,97,0.0,2.0,1.0,0.0,0.0,0.0,2.0,1.0,2.0,6.0,22.0,2.67,0.0,80.0,1.0,1.0,12.0,2.0,2.19230769230769,0.0,0.0,0.0,0.501930501930502,0.4,0.0,0.50346076,0.49653926
790,98,0.0,2.0,1.0,0.0,0.0,0.0,2.0,1.0,2.0,6.0,4.0,0.12,0.0,80.0,1.0,1.0,12.0,2.0,2.19230769230769,0.0,0.0,0.0,0.501930501930502,1.0,0.0,0.8157703,0.18422967
790,99,0.0,2.0,1.0,0.0,0.0,0.0,2.0,1.0,2.0,6.0,14.0,0.12,0.0,80.0,1.0,1.0,12.0,2.0,2.19230769230769,0.0,0.0,0.0,0.501930501930502,1.0,0.0,0.59444,0.40556002
791,0,1.0,2.0,1.0,6.0,45.0,0.0,2.0,1.0,4.0,12.0,28.0,4.26,0.0,92.0,2.0,0.0,24.0,2.0,2.4,0.0,0.0,0.0,0.538659793814433,0.0,0.0,0.51830846,0.48169154
791,1,1.0,2.0,1.0,6.0,0.0,0.0,2.0,14.0,4.0,12.0,28.0,6.93,0.0,92.0,2.0,0.0,24.0,2.0,2.4,0.0,0.0,0.0,0.538659793814433,0.0,0.0,0.5715445,0.42845544
791,2,1.0,2.0,1.0,6.0,0.0,0.0,2.0,1.0,4.0,12.0,39.0,0.23,0.0,92.0,2.0,0.0,24.0,2.0,16.9,0.0,0.0,0.0,0.538659793814433,0.0,0.0,0.93801063,0.061989386
791,3,1.0,2.0,1.0,6.0,36.0,0.0,2.0,1.0,4.0,12.0,28.0,0.23,0.0,92.0,2.0,0.0,24.0,2.0,2.4,0.0,0.0,0.0,1.0,0.0,0.0,0.924923,0.075077005
791,4,1.0,2.0,1.0,6.0,34.0,0.0,2.0,1.0,4.0,12.0,28.0,0.23,0.0,92.0,2.0,0.0,24.0,2.0,23.0,0.0,0.0,0.0,0.538659793814433,0.0,0.0,0.82578236,0.17421766
791,5,1.0,2.0,1.0,6.0,0.0,0.0,2.0,1.0,4.0,12.0,113.0,1.37,0.0,92.0,2.0,0.0,24.0,2.0,2.4,0.0,0.0,0.0,0.538659793814433,0.0,0.0,0.80427796,0.19572203
791,6,1.0,2.0,1.0,6.0,0.0,0.0,2.0,1.0,4.0,12.0,28.0,0.23,0.0,92.0,2.0,0.0,24.0,2.0,2.4,0.0,0.0,1.0,0.9,0.0,0.0,0.6170167,0.38298333
791,7,1.0,2.0,1.0,6.0,28.0,0.0,2.0,1.0,4.0,12.0,28.0,0.23,0.0,92.0,2.0,0.0,24.0,2.0,2.4,0.0,0.0,0.0,1.0,0.0,0.0,0.924923,0.075077005
791,8,1.0,2.0,1.0,6.0,0.0,0.0,2.0,1.0,4.0,12.0,28.0,6.0,0.0,92.0,2.0,0.0,20.0,2.0,2.4,0.0,0.0,0.0,0.538659793814433,0.0,0.0,0.51772714,0.48227286
791,9,1.0,2.0,1.0,6.0,10.0,0.0,2.0,1.0,4.0,12.0,28.0,0.23,0.0,92.0,2.0,0.0,24.0,2.0,2.4,0.0,0.0,0.0,0.9,0.0,0.0,0.63663805,0.36336198
791,10,1.0,2.0,1.0,6.0,0.0,0.0,2.0,1.0,4.0,12.0,28.0,0.23,0.0,61.0,2.0,0.0,24.0,2.0,26.3,0.0,0.0,0.0,0.538659793814433,0.0,0.0,0.52382314,0.4761769
791,11,1.0,2.0,1.0,6.0,0.0,0.0,2.0,1.0,4.0,12.0,28.0,0.23,0.0,92.0,2.0,0.0,24.0,2.0,8.7,0.0,0.0,0.0,0.538659793814433,0.0,0.0,0.86389625,0.13610373
791,12,1.0,2.0,1.0,6.0,0.0,0.0,2.0,1.0,4.0,12.0,28.0,6.35,0.0,92.0,2.0,0.0,24.0,2.0,44.4,0.0,0.0,0.0,0.538659793814433,0.0,0.0,0.86576366,0.13423635
791,13,1.0,2.0,1.0,6.0,0.0,0.0,2.0,1.0,4.0,12.0,28.0,3.13,0.0,92.0,2.0,0.0,24.0,2.0,2.4,0.0,28.0,0.0,0.538659793814433,0.0,0.0,0.5597358,0.44026423
791,14,1.0,2.0,1.0,6.0,0.0,0.0,2.0,1.0,4.0,12.0,28.0,0.23,0.0,92.0,2.0,0.0,24.0,2.0,30.8,0.0,0.0,0.0,0.538659793814433,0.0,0.0,0.86389625,0.13610373
791,15,1.0,2.0,1.0,6.0,0.0,3.0,2.0,1.0,4.0,12.0,28.0,0.23,0.0,92.0,2.0,0.0,24.0,2.0,23.6,0.0,0.0,0.0,0.538659793814433,0.0,0.0,0.778273,0.22172704
791,16,1.0,2.0,1.0,6.0,0.0,0.0,2.0,1.0,4.0,12.0,28.0,0.23,0.0,92.0,2.0,0.0,24.0,2.0,27.2,0.0,0.0,0.0,0.538659793814433,0.0,0.0,0.86389625,0.13610373
791,17,1.0,2.0,1.0,6.0,43.0,0.0,2.0,1.0,4.0,12.0,28.0,0.23,0.0,92.0,2.0,0.0,24.0,2.0,42.5,0.0,0.0,0.0,0.538659793814433,0.0,0.0,0.82578236,0.17421766
791,18,1.0,2.0,1.0,6.0,19.0,0.0,2.0,1.0,4.0,12.0,28.0,0.23,0.0,92.0,2.0,0.0,24.0,2.0,9.9,0.0,0.0,0.0,0.538659793814433,0.0,0.0,0.82578236,0.17421766
791,19,1.0,2.0,1.0,6.0,0.0,0.0,2.0,1.0,4.0,12.0,28.0,0.23,0.0,92.0,2.0,0.0,24.0,2.0,14.3,24.0,0.0,0.0,0.538659793814433,0.0,0.0,0.77461183,0.22538815
791,20,1.0,2.0,1.0,75.0,0.0,0.0,2.0,1.0,4.0,12.0,28.0,6.53,0.0,92.0,2.0,0.0,24.0,2.0,2.4,0.0,0.0,0.0,0.538659793814433,0.0,0.0,0.51772714,0.48227286
791,21,1.0,2.0,1.0,6.0,0.0,0.0,2.0,1.0,19.0,12.0,28.0,0.23,0.0,92.0,2.0,0.0,24.0,2.0,33.6,0.0,0.0,0.0,0.538659793814433,0.0,0.0,0.85207313,0.14792687
791,22,1.0,2.0,1.0,6.0,22.0,0.0,2.0,1.0,4.0,12.0,28.0,0.23,0.0,92.0,2.0,0.0,24.0,2.0,2.4,0.0,0.0,0.0,0.9,0.0,0.0,0.63663805,0.36336198
791,23,1.0,2.0,1.0,6.0,0.0,0.0,2.0,1.0,4.0,12.0,28.0,3.95,0.0,92.0,2.0,0.0,24.0,2.0,2.4,0.0,0.0,0.0,0.538659793814433,0.0,0.0,0.51772714,0.48227286
791,24,1.0,2.0,1.0,6.0,0.0,0.0,2.0,1.0,4.0,12.0,28.0,5.28,0.0,92.0,2.0,0.0,24.0,2.0,2.4,0.0,0.0,0.0,0.538659793814433,0.0,0.0,0.51772714,0.48227286
791,25,1.0,2.0,1.0,6.0,0.0,0.0,2.0,1.0,4.0,24.0,28.0,0.23,0.0,92.0,2.0,0.0,24.0,2.0,2.4,0.0,0.0,0.0,1.0,0.0,0.0,0.63442737,0.36557263
791,26,1.0,2.0,1.0,6.0,0.0,0.0,2.0,1.0,4.0,12.0,9.0,0.23,0.0,92.0,2.0,0.0,24.0,2.0,2.4,0.0,0.0,0.0,0.538659793814433,0.0,3.0,0.6898446,0.31015536
791,27,1.0,2.0,1.0,6.0,0.0,0.0,2.0,1.0,4.0,12.0,28.0,2.01,0.0,92.0,2.0,0.0,24.0,2.0,2.4,0.0,0.0,0.0,0.5,0.0,0.0,0.62635064,0.37364933
791,28,1.0,2.0,1.0,6.0,0.0,0.0,2.0,1.0,4.0,12.0,131.0,0.23,0.0,92.0,2.0,0.0,24.0,2.0,22.3,0.0,0.0,0.0,0.538659793814433,0.0,0.0,0.94401485,0.05598518
791,29,15.0,2.0,1.0,6.0,0.0,0.0,2.0,1.0,4.0,12.0,28.0,0.23,0.0,92.0,2.0,0.0,24.0,2.0,11.8,0.0,0.0,0.0,0.538659793814433,0.0,0.0,0.87035966,0.12964036
791,30,1.0,2.0,1.0,6.0,0.0,0.0,2.0,1.0,4.0,12.0,28.0,4.98,0.0,92.0,2.0,0.0,24.0,2.0,2.4,0.0,0.0,0.0,0.538659793814433,0.0,0.0,0.51772714,0.48227286
791,31,1.0,2.0,1.0,6.0,0.0,0.0,2.0,1.0,4.0,12.0,28.0,0.23,0.0,92.0,2.0,7.0,24.0,2.0,35.2,0.0,0.0,0.0,0.538659793814433,0.0,0.0,0.8298114,0.17018859
791,32,1.0,2.0,1.0,6.0,0.0,0.0,2.0,1.0,4.0,12.0,10.0,0.23,0.0,92.0,7.0,0.0,24.0,2.0,2.4,0.0,0.0,0.0,0.538659793814433,0.0,0.0,0.8705151,0.12948486
791,33,1.0,2.0,1.0,6.0,0.0,0.0,2.0,1.0,4.0,12.0,28.0,0.23,0.0,92.0,2.0,0.0,24.0,5.0,34.5,0.0,0.0,0.0,0.538659793814433,0.0,0.0,0.65912724,0.34087273
791,34,1.0,2.0,1.0,6.0,0.0,0.0,2.0,1.0,4.0,12.0,28.0,7.23,0.0,92.0,3.0,0.0,24.0,2.0,2.4,0.0,0.0,0.0,0.538659793814433,0.0,0.0,0.7023774,0.29762262
791,35,1.0,2.0,1.0,6.0,0.0,0.0,2.0,1.0,4.0,12.0,28.0,0.23,0.0,92.0,2.0,0.0,24.0,2.0,47.8,0.0,0.0,0.0,0.538659793814433,0.0,0.0,0.86389625,0.13610373
791,36,1.0,2.0,0.0,6.0,0.0,0.0,2.0,1.0,4.0,12.0,28.0,0.23,0.0,92.0,2.0,0.0,24.0,2.0,44.2,0.0,0.0,0.0,0.538659793814433,0.0,0.0,0.86389625,0.13610373
791,37,1.0,2.0,1.0,6.0,0.0,0.0,2.0,10.0,4.0,12.0,28.0,0.23,0.0,92.0,2.0,0.0,24.0,2.0,40.2,0.0,0.0,0.0,0.538659793814433,0.0,0.0,0.86803204,0.13196798
791,38,1.0,2.0,1.0,6.0,0.0,0.0,2.0,1.0,4.0,12.0,28.0,5.18,0.0,92.0,2.0,0.0,24.0,2.0,2.4,0.0,0.0,0.0,0.538659793814433,0.0,0.0,0.51772714,0.48227286
791,39,1.0,2.0,1.0,6.0,0.0,0.0,2.0,1.0,1.0,12.0,28.0,0.23,0.0,92.0,2.0,0.0,24.0,2.0,2.4,0.0,0.0,0.0,0.538659793814433,0.0,1.0,0.5039151,0.4960849
791,40,1.0,2.0,1.0,6.0,0.0,17.0,2.0,1.0,4.0,12.0,28.0,0.23,0.0,92.0,2.0,0.0,24.0,2.0,23.1,0.0,0.0,0.0,0.538659793814433,0.0,0.0,0.77317667,0.22682334
791,41,1.0,2.0,1.0,6.0,0.0,0.0,2.0,1.0,4.0,12.0,28.0,6.52,0.0,92.0,6.0,0.0,24.0,2.0,2.4,0.0,0.0,0.0,0.538659793814433,0.0,0.0,0.742836,0.257164
791,42,1.0,2.0,1.0,6.0,0.0,0.0,2.0,1.0,4.0,12.0,28.0,0.23,0.0,92.0,2.0,0.0,24.0,1.0,34.9,0.0,0.0,0.0,0.538659793814433,0.0,0.0,0.897378,0.10262198
791,43,1.0,9.0,1.0,6.0,0.0,0.0,2.0,1.0,4.0,12.0,28.0,0.23,0.0,92.0,2.0,0.0,24.0,2.0,21.5,0.0,0.0,0.0,0.538659793814433,0.0,0.0,0.82264304,0.17735696
791,44,1.0,2.0,1.0,6.0,0.0,0.0,2.0,1.0,4.0,12.0,124.0,5.21,0.0,92.0,2.0,0.0,24.0,2.0,2.4,0.0,0.0,0.0,0.538659793814433,0.0,0.0,0.78963566,0.21036436
791,45,1.0,2.0,1.0,6.0,0.0,0.0,2.0,1.0,4.0,12.0,28.0,0.23,0.0,92.0,2.0,0.0,24.0,2.0,14.0,0.0,5.0,0.0,0.538659793814433,0.0,0.0,0.9344313,0.065568715
791,46,1.0,2.0,1.0,6.0,0.0,0.0,2.0,1.0,4.0,12.0,63.0,0.23,0.0,92.0,2.0,0.0,24.0,2.0,2.4,0.0,35.0,0.0,0.538659793814433,0.0,0.0,0.6247017,0.37529832
791,47,1.0,2.0,1.0,6.0,0.0,0.0,2.0,1.0,4.0,12.0,28.0,5.29,0.0,92.0,2.0,0.0,24.0,2.0,2.4,0.0,0.0,0.0,0.9,0.0,0.0,0.5982888,0.40171123
791,48,1.0,2.0,1.0,6.0,0.0,0.0,2.0,1.0,4.0,12.0,28.0,0.23,0.0,92.0,2.0,0.0,24.0,2.0,2.4,0.0,10.0,0.0,0.538659793814433,0.0,1.0,0.5919126,0.4080874
791,49,1.0,2.0,1.0,6.0,0.0,0.0,2.0,1.0,4.0,12.0,28.0,0.23,0.0,92.0,2.0,0.0,24.0,2.0,31.6,33.0,0.0,0.0,0.538659793814433,0.0,0.0,0.77461183,0.22538815
791,50,1.0,2.0,1.0,6.0,0.0,0.0,4.0,1.0,4.0,12.0,28.0,0.23,0.0,92.0,2.0,0.0,24.0,2.0,45.4,0.0,0.0,0.0,0.538659793814433,0.0,0.0,0.8387705,0.16122949
791,51,1.0,2.0,1.0,6.0,0.0,0.0,2.0,1.0,4.0,12.0,28.0,0.23,0.0,92.0,2.0,0.0,24.0,2.0,42.5,0.0,0.0,0.0,0.538659793814433,0.0,0.0,0.86389625,0.13610373
791,52,1.0,2.0,1.0,6.0,0.0,0.0,2.0,1.0,4.0,12.0,46.0,2.04,0.0,92.0,2.0,0.0,24.0,2.0,2.4,0.0,0.0,0.0,0.538659793814433,0.0,0.0,0.80427796,0.19572203
791,53,1.0,2.0,1.0,6.0,23.0,0.0,2.0,1.0,4.0,12.0,28.0,0.23,0.0,92.0,2.0,0.0,24.0,2.0,29.9,0.0,0.0,0.0,0.538659793814433,0.0,0.0,0.82578236,0.17421766
791,54,1.0,2.0,1.0,6.0,0.0,4.0,2.0,1.0,4.0,12.0,28.0,0.23,0.0,92.0,2.0,0.0,24.0,2.0,2.4,0.0,0.0,0.0,0.9,0.0,0.0,0.5169186,0.4830814
791,55,5.0,2.0,1.0,6.0,0.0,0.0,2.0,1.0,4.0,12.0,28.0,6.78,0.0,92.0,2.0,0.0,24.0,2.0,2.4,0.0,0.0,0.0,0.538659793814433,0.0,0.0,0.6062733,0.3937267
791,56,1.0,2.0,1.0,6.0,31.0,0.0,2.0,1.0,4.0,12.0,28.0,1.64,0.0,92.0,2.0,0.0,24.0,2.0,2.4,0.0,0.0,0.0,0.538659793814433,0.0,0.0,0.54085505,0.45914498
791,57,1.0,2.0,1.0,22.0,0.0,0.0,2.0,1.0,4.0,12.0,28.0,0.23,0.0,92.0,2.0,0.0,24.0,2.0,41.9,0.0,0.0,0.0,0.538659793814433,0.0,0.0,0.86389625,0.13610373
791,58,1.0,2.0,1.0,6.0,0.0,0.0,2.0,1.0,20.0,12.0,28.0,0.23,0.0,92.0,2.0,0.0,24.0,2.0,22.6,0.0,0.0,0.0,0.538659793814433,0.0,0.0,0.85207313,0.14792687
791,59,1.0,2.0,1.0,6.0,19.0,0.0,2.0,1.0,4.0,12.0,28.0,4.54,0.0,92.0,2.0,0.0,24.0,2.0,2.4,0.0,0.0,0.0,0.538659793814433,0.0,0.0,0.51830846,0.48169154
791,60,1.0,2.0,1.0,6.0,0.0,0.0,2.0,1.0,4.0,12.0,143.0,0.23,0.0,92.0,2.0,0.0,24.0,2.0,37.1,0.0,0.0,0.0,0.538659793814433,0.0,0.0,0.94401485,0.05598518
791,61,1.0,2.0,1.0,6.0,0.0,0.0,2.0,1.0,4.0,12.0,28.0,0.23,0.0,92.0,2.0,0.0,24.0,2.0,41.9,0.0,0.0,0.0,0.538659793814433,0.0,0.0,0.86389625,0.13610373
791,62,1.0,2.0,1.0,6.0,0.0,0.0,2.0,1.0,4.0,12.0,28.0,3.67,0.0,92.0,2.0,0.0,24.0,2.0,2.4,0.0,0.0,0.0,0.538659793814433,0.0,0.0,0.51772714,0.48227286
791,63,1.0,2.0,1.0,6.0,0.0,0.0,2.0,1.0,4.0,12.0,28.0,0.23,0.0,92.0,2.0,0.0,24.0,2.0,2.4,0.0,14.0,0.0,0.538659793814433,0.0,2.0,0.50558805,0.49441192
791,64,1.0,2.0,1.0,21.0,0.0,0.0,2.0,1.0,4.0,12.0,28.0,0.23,0.0,92.0,2.0,0.0,24.0,2.0,24.6,0.0,0.0,0.0,0.538659793814433,0.0,0.0,0.86389625,0.13610373
791,65,1.0,24.0,1.0,6.0,0.0,0.0,2.0,1.0,4.0,12.0,28.0,0.23,0.0,92.0,2.0,0.0,24.0,2.0,16.5,0.0,0.0,0.0,0.538659793814433,0.0,0.0,0.82264304,0.17735696
791,66,1.0,2.0,1.0,6.0,0.0,0.0,2.0,7.0,4.0,12.0,28.0,1.82,0.0,92.0,2.0,0.0,24.0,2.0,2.4,0.0,0.0,0.0,0.538659793814433,0.0,0.0,0.5935534,0.40644655
791,67,1.0,2.0,1.0,6.0,0.0,0.0,2.0,1.0,4.0,12.0,28.0,3.64,0.0,92.0,2.0,0.0,24.0,2.0,2.4,0.0,0.0,0.0,0.538659793814433,0.0,0.0,0.51772714,0.48227286
791,68,1.0,2.0,1.0,6.0,0.0,0.0,2.0,14.0,4.0,12.0,28.0,0.23,0.0,92.0,2.0,0.0,24.0,2.0,25.1,0.0,0.0,0.0,0.538659793814433,0.0,0.0,0.86803204,0.13196798
791,69,1.0,2.0,1.0,6.0,0.0,0.0,2.0,1.0,4.0,12.0,104.0,2.02,0.0,92.0,2.0,0.0,24.0,2.0,2.4,0.0,0.0,0.0,0.538659793814433,0.0,0.0,0.80427796,0.19572203
791,70,1.0,2.0,1.0,6.0,0.0,0.0,2.0,3.0,4.0,12.0,28.0,0.23,0.0,92.0,2.0,0.0,24.0,2.0,2.4,0.0,0.0,0.0,1.1,0.0,0.0,0.9188351,0.0811649
791,71,1.0,2.0,1.0,29.0,0.0,0.0,2.0,1.0,4.0,12.0,28.0,0.23,0.0,92.0,2.0,0.0,24.0,2.0,47.7,0.0,0.0,0.0,0.538659793814433,0.0,0.0,0.86389625,0.13610373
791,72,1.0,2.0,1.0,6.0,0.0,0.0,2.0,1.0,4.0,12.0,28.0,0.23,0.0,92.0,2.0,0.0,24.0,2.0,15.5,0.0,0.0,0.0,0.538659793814433,0.0,0.0,0.86389625,0.13610373
791,73,1.0,2.0,1.0,6.0,0.0,0.0,2.0,1.0,4.0,12.0,28.0,5.81,0.0,92.0,2.0,0.0,24.0,2.0,2.4,0.0,0.0,0.0,0.538659793814433,0.0,3.0,0.5192343,0.48076567
791,74,1.0,2.0,1.0,6.0,0.0,0.0,2.0,1.0,4.0,12.0,28.0,2.04,0.0,92.0,2.0,0.0,24.0,2.0,2.4,0.0,0.0,0.0,0.5,0.0,0.0,0.62635064,0.37364933
791,75,1.0,2.0,1.0,6.0,28.0,0.0,2.0,1.0,4.0,12.0,28.0,1.93,0.0,92.0,2.0,0.0,24.0,2.0,2.4,0.0,0.0,0.0,0.538659793814433,0.0,0.0,0.54085505,0.45914498
791,76,1.0,2.0,3.0,6.0,0.0,0.0,2.0,1.0,4.0,12.0,28.0,0.23,0.0,92.0,2.0,0.0,24.0,2.0,27.2,0.0,0.0,0.0,0.538659793814433,0.0,0.0,0.76896244,0.23103754
791,77,1.0,2.0,1.0,6.0,0.0,0.0,2.0,1.0,4.0,12.0,28.0,0.23,0.0,92.0,2.0,0.0,24.0,2.0,47.9,0.0,0.0,0.0,0.538659793814433,0.0,0.0,0.86389625,0.13610373
791,78,1.0,2.0,1.0,6.0,0.0,0.0,2.0,1.0,4.0,12.0,28.0,0.23,0.0,92.0,2.0,0.0,24.0,2.0,20.2,0.0,0.0,0.0,0.538659793814433,0.0,0.0,0.86389625,0.13610373
791,79,1.0,2.0,1.0,6.0,18.0,0.0,2.0,1.0,4.0,12.0,28.0,6.72,0.0,92.0,2.0,0.0,24.0,2.0,2.4,0.0,0.0,0.0,0.538659793814433,0.0,0.0,0.51830846,0.48169154
791,80,1.0,2.0,1.0,6.0,0.0,0.0,2.0,1.0,4.0,12.0,28.0,1.45,0.0,92.0,2.0,0.0,24.0,2.0,2.4,0.0,0.0,0.0,0.538659793814433,0.0,0.0,0.5402769,0.45972311
791,81,1.0,2.0,1.0,6.0,0.0,0.0,2.0,1.0,4.0,12.0,28.0,0.23,3.0,92.0,2.0,0.0,24.0,2.0,39.3,0.0,0.0,0.0,0.538659793814433,0.0,0.0,0.893588,0.10641199
791,82,1.0,2.0,1.0,6.0,0.0,0.0,2.0,1.0,4.0,12.0,28.0,0.23,0.0,92.0,2.0,0.0,24.0,2.0,47.6,0.0,0.0,0.0,0.538659793814433,0.0,0.0,0.86389625,0.13610373
791,83,1.0,2.0,1.0,6.0,0.0,0.0,2.0,1.0,4.0,12.0,28.0,3.25,0.0,92.0,2.0,0.0,24.0,2.0,2.4,0.0,0.0,0.0,0.538659793814433,0.0,0.0,0.51772714,0.48227286
791,84,1.0,2.0,1.0,6.0,0.0,0.0,2.0,1.0,4.0,12.0,28.0,0.23,0.0,92.0,2.0,0.0,24.0,2.0,11.1,0.0,0.0,0.0,0.538659793814433,0.0,0.0,0.86389625,0.13610373
791,85,1.0,2.0,1.0,6.0,0.0,0.0,2.0,1.0,20.0,12.0,28.0,0.23,0.0,92.0,2.0,0.0,24.0,2.0,2.4,0.0,0.0,0.0,1.0,0.0,0.0,0.90484124,0.09515877
791,86,1.0,2.0,1.0,6.0,0.0,0.0,2.0,1.0,4.0,12.0,28.0,0.23,0.0,92.0,2.0,29.0,24.0,2.0,22.0,0.0,0.0,0.0,0.538659793814433,0.0,0.0,0.90872127,0.091278724
791,87,1.0,2.0,1.0,96.0,0.0,0.0,2.0,1.0,4.0,12.0,28.0,0.23,0.0,92.0,2.0,0.0,24.0,2.0,2.4,0.0,0.0,0.0,1.1,0.0,0.0,0.8850578,0.11494218
791,88,1.0,2.0,1.0,6.0,0.0,0.0,2.0,1.0,4.0,12.0,28.0,1.54,0.0,92.0,2.0,13.0,24.0,2.0,2.4,0.0,0.0,0.0,0.538659793814433,0.0,0.0,0.6482927,0.35170728
791,89,1.0,2.0,1.0,6.0,0.0,0.0,2.0,1.0,4.0,12.0,28.0,2.23,0.0,92.0,2.0,0.0,24.0,2.0,2.4,0.0,4.0,0.0,0.538659793814433,0.0,0.0,0.5819075,0.4180925
791,90,1.0,2.0,1.0,6.0,0.0,0.0,2.0,1.0,4.0,12.0,1.0,0.23,0.0,92.0,2.0,0.0,24.0,2.0,2.4,0.0,0.0,0.0,0.538659793814433,0.0,0.0,0.8830635,0.11693648
791,91,1.0,2.0,1.0,6.0,0.0,0.0,2.0,1.0,4.0,12.0,28.0,4.64,0.0,92.0,2.0,0.0,24.0,2.0,2.4,0.0,0.0,0.0,0.538659793814433,0.0,0.0,0.51772714,0.48227286
791,92,1.0,2.0,1.0,6.0,0.0,0.0,2.0,1.0,4.0,61.0,28.0,0.23,0.0,92.0,2.0,0.0,24.0,2.0,2.4,0.0,0.0,0.0,1.0,0.0,0.0,0.63442737,0.36557263
791,93,1.0,2.0,1.0,6.0,0.0,0.0,2.0,1.0,4.0,12.0,28.0,5.88,0.0,92.0,2.0,0.0,24.0,2.0,2.4,0.0,0.0,0.0,0.9,0.0,0.0,0.5982888,0.40171123
791,94,1.0,2.0,1.0,6.0,0.0,0.0,2.0,1.0,4.0,12.0,28.0,0.23,0.0,92.0,2.0,0.0,24.0,2.0,2.4,17.0,0.0,0.0,1.0,0.0,0.0,0.83908415,0.16091588
791,95,1.0,2.0,1.0,6.0,0.0,0.0,2.0,1.0,4.0,12.0,28.0,0.23,0.0,92.0,2.0,0.0,24.0,2.0,44.3,0.0,0.0,0.0,0.538659793814433,0.0,0.0,0.86389625,0.13610373
791,96,1.0,2.0,1.0,6.0,0.0,0.0,2.0,1.0,4.0,12.0,28.0,1.41,0.0,92.0,2.0,0.0,16.0,2.0,2.4,0.0,0.0,0.0,0.538659793814433,0.0,0.0,0.5764362,0.42356378
791,97,1.0,2.0,1.0,6.0,0.0,0.0,2.0,1.0,4.0,12.0,22.0,0.23,0.0,92.0,2.0,0.0,24.0,2.0,17.4,0.0,0.0,0.0,0.538659793814433,0.0,0.0,0.8570064,0.14299361
791,98,1.0,2.0,1.0,6.0,0.0,0.0,12.0,1.0,4.0,12.0,28.0,0.23,0.0,92.0,2.0,0.0,24.0,2.0,37.5,0.0,0.0,0.0,0.538659793814433,0.0,0.0,0.86094314,0.13905685
791,99,1.0,2.0,1.0,6.0,0.0,0.0,2.0,1.0,4.0,12.0,28.0,0.23,10.0,92.0,2.0,0.0,24.0,2.0,42.9,0.0,0.0,0.0,0.538659793814433,0.0,0.0,0.8472564,0.15274358
793,0,1.0,0.0,1.0,1.0,0.0,0.0,3.0,1.0,4.0,4.0,17.0,4.21,0.0,77.0,2.0,0.0,18.0,2.0,29.4,0.0,0.0,0.0,0.580555555555556,1.0,0.0,0.7085304,0.2914696
793,1,1.0,0.0,1.0,1.0,0.0,0.0,3.0,1.0,4.0,4.0,17.0,0.1,0.0,77.0,2.0,0.0,18.0,2.0,4.54545454545455,0.0,0.0,0.0,1.1,1.0,0.0,0.5061601,0.49383992
793,2,1.0,0.0,1.0,1.0,0.0,0.0,3.0,1.0,4.0,4.0,17.0,3.33,8.0,77.0,2.0,0.0,18.0,2.0,4.54545454545455,0.0,0.0,0.0,0.580555555555556,1.0,0.0,0.68164206,0.31835797
793,3,1.0,0.0,1.0,1.0,0.0,0.0,3.0,1.0,4.0,4.0,17.0,0.1,0.0,90.0,2.0,0.0,18.0,2.0,4.54545454545455,0.0,19.0,0.0,0.580555555555556,1.0,0.0,0.51647973,0.48352024
793,4,1.0,0.0,1.0,1.0,0.0,0.0,1.0,1.0,4.0,4.0,17.0,0.1,0.0,77.0,2.0,0.0,18.0,2.0,33.3,0.0,0.0,0.0,0.580555555555556,1.0,0.0,0.83780676,0.16219325
793,5,1.0,0.0,1.0,1.0,0.0,0.0,3.0,1.0,4.0,4.0,120.0,0.1,0.0,77.0,2.0,0.0,18.0,2.0,4.54545454545455,0.0,0.0,0.0,0.4,1.0,0.0,0.52382594,0.47617406
793,6,1.0,0.0,1.0,1.0,0.0,0.0,3.0,1.0,25.0,4.0,17.0,0.1,0.0,77.0,2.0,0.0,18.0,2.0,4.54545454545455,0.0,0.0,0.0,1.0,1.0,0.0,0.5172209,0.4827791
793,7,1.0,0.0,1.0,1.0,0.0,0.0,3.0,1.0,4.0,4.0,17.0,0.1,4.0,77.0,2.0,0.0,18.0,2.0,36.2,0.0,0.0,0.0,0.580555555555556,1.0,0.0,0.7676079,0.23239206
793,8,1.0,0.0,1.0,1.0,0.0,0.0,3.0,1.0,4.0,4.0,17.0,1.68,0.0,77.0,5.0,0.0,18.0,2.0,4.54545454545455,0.0,0.0,0.0,0.580555555555556,1.0,0.0,0.6401445,0.35985547
793,9,1.0,0.0,1.0,1.0,0.0,0.0,3.0,1.0,4.0,4.0,17.0,6.6,0.0,77.0,6.0,0.0,18.0,2.0,4.54545454545455,0.0,0.0,0.0,0.580555555555556,1.0,0.0,0.6782055,0.32179448
793,10,1.0,0.0,1.0,1.0,0.0,0.0,3.0,1.0,4.0,4.0,17.0,0.1,0.0,84.0,2.0,0.0,18.0,2.0,50.8,0.0,0.0,0.0,0.580555555555556,1.0,0.0,0.7941537,0.20584634
793,11,1.0,25.0,1.0,1.0,0.0,0.0,3.0,1.0,4.0,4.0,17.0,0.1,0.0,77.0,2.0,0.0,1.0,2.0,4.54545454545455,0.0,0.0,0.0,0.580555555555556,1.0,0.0,0.646829,0.353171
793,12,1.0,0.0,1.0,1.0,0.0,0.0,3.0,1.0,4.0,4.0,17.0,1.37,0.0,77.0,2.0,0.0,18.0,2.0,4.54545454545455,0.0,0.0,0.0,0.580555555555556,0.2,0.0,0.5212338,0.4787662
793,13,1.0,0.0,1.0,1.0,0.0,0.0,3.0,1.0,4.0,4.0,52.0,1.83,0.0,77.0,2.0,0.0,18.0,2.0,4.54545454545455,0.0,0.0,0.0,0.580555555555556,1.0,0.0,0.8067737,0.19322626
793,14,1.0,0.0,1.0,1.0,0.0,0.0,3.0,1.0,4.0,4.0,17.0,3.95,15.0,77.0,2.0,0.0,18.0,2.0,4.54545454545455,0.0,0.0,0.0,0.580555555555556,1.0,0.0,0.68164206,0.31835797
793,15,1.0,0.0,1.0,68.0,0.0,0.0,3.0,1.0,4.0,4.0,17.0,0.1,0.0,77.0,2.0,0.0,18.0,2.0,50.7,0.0,0.0,0.0,0.580555555555556,1.0,0.0,0.55499554,0.4450045
793,16,1.0,0.0,1.0,1.0,0.0,0.0,3.0,6.0,4.0,4.0,17.0,0.1,0.0,77.0,2.0,0.0,18.0,2.0,34.6,0.0,0.0,0.0,0.580555555555556,1.0,0.0,0.62594754,0.37405246
793,17,1.0,0.0,1.0,21.0,0.0,0.0,3.0,1.0,4.0,4.0,17.0,1.0,0.0,77.0,2.0,0.0,18.0,2.0,4.54545454545455,0.0,0.0,0.0,0.580555555555556,1.0,0.0,0.5447896,0.4552104
793,18,1.0,0.0,1.0,1.0,0.0,0.0,3.0,5.0,4.0,4.0,17.0,0.1,0.0,77.0,2.0,0.0,18.0,2.0,4.54545454545455,0.0,0.0,0.0,1.1,1.0,0.0,0.5694679,0.4305321
793,19,1.0,0.0,1.0,1.0,0.0,0.0,6.0,1.0,4.0,4.0,17.0,6.73,0.0,77.0,2.0,0.0,18.0,2.0,4.54545454545455,0.0,0.0,0.0,0.580555555555556,1.0,0.0,0.5738121,0.42618787
793,20,1.0,0.0,1.0,1.0,0.0,0.0,3.0,1.0,2.0,4.0,17.0,0.1,0.0,77.0,2.0,0.0,18.0,2.0,4.54545454545455,0.0,0.0,0.0,0.580555555555556,1.0,3.0,0.64620763,0.35379237
793,21,1.0,0.0,1.0,23.0,0.0,0.0,3.0,1.0,4.0,4.0,17.0,0.1,0.0,77.0,2.0,0.0,18.0,2.0,39.7,0.0,0.0,0.0,0.580555555555556,1.0,0.0,0.55499554,0.4450045
793,22,1.0,0.0,1.0,1.0,0.0,0.0,3.0,1.0,4.0,4.0,37.0,0.1,0.0,77.0,2.0,0.0,18.0,2.0,10.9,0.0,0.0,0.0,0.580555555555556,1.0,0.0,0.64502156,0.35497844
793,23,1.0,0.0,1.0,1.0,0.0,0.0,11.0,1.0,1.0,4.0,17.0,0.1,0.0,77.0,2.0,0.0,18.0,2.0,4.54545454545455,0.0,0.0,0.0,0.580555555555556,1.0,0.0,0.50641567,0.49358433
793,24,1.0,0.0,1.0,1.0,0.0,0.0,3.0,1.0,4.0,4.0,8.0,2.7,0.0,77.0,2.0,0.0,18.0,2.0,4.54545454545455,0.0,0.0,0.0,0.580555555555556,1.0,0.0,0.78666997,0.21333002
793,25,5.0,0.0,1.0,1.0,0.0,0.0,3.0,1.0,4.0,4.0,17.0,0.1,0.0,96.0,2.0,0.0,18.0,2.0,4.54545454545455,0.0,0.0,0.0,0.580555555555556,1.0,0.0,0.5277354,0.4722646
793,26,1.0,0.0,1.0,1.0,0.0,0.0,3.0,1.0,4.0,4.0,17.0,0.94,0.0,77.0,2.0,0.0,18.0,2.0,4.54545454545455,0.0,0.0,0.0,0.4,1.0,0.0,0.5433177,0.45668235
793,27,1.0,0.0,1.0,29.0,0.0,0.0,3.0,1.0,4.0,4.0,17.0,0.1,0.0,77.0,2.0,0.0,18.0,2.0,47.7,0.0,0.0,0.0,0.580555555555556,1.0,0.0,0.55499554,0.4450045
793,28,1.0,0.0,1.0,1.0,0.0,0.0,3.0,1.0,4.0,4.0,17.0,0.1,0.0,77.0,2.0,0.0,18.0,2.0,27.3,0.0,0.0,0.0,0.7,1.0,0.0,0.57781327,0.42218676
793,29,1.0,0.0,1.0,1.0,0.0,0.0,3.0,1.0,4.0,4.0,17.0,0.1,0.0,77.0,2.0,0.0,18.0,2.0,35.9,0.0,0.0,0.0,0.8,1.0,0.0,0.6360462,0.36395383
793,30,1.0,0.0,1.0,1.0,0.0,0.0,3.0,1.0,4.0,4.0,17.0,0.1,9.0,77.0,2.0,0.0,18.0,2.0,48.0,0.0,0.0,0.0,0.580555555555556,1.0,0.0,0.6857166,0.31428334
793,31,1.0,0.0,1.0,1.0,0.0,0.0,3.0,1.0,4.0,4.0,17.0,0.1,0.0,77.0,2.0,0.0,8.0,2.0,12.6,0.0,0.0,0.0,0.580555555555556,1.0,0.0,0.71809494,0.28190506
793,32,21.0,0.0,1.0,1.0,0.0,0.0,3.0,1.0,4.0,4.0,9.0,0.1,0.0,77.0,2.0,0.0,18.0,2.0,4.54545454545455,0.0,0.0,0.0,0.580555555555556,1.0,0.0,0.651682,0.34831798
793,33,1.0,0.0,1.0,1.0,0.0,0.0,3.0,1.0,4.0,4.0,17.0,6.72,0.0,77.0,2.0,0.0,18.0,2.0,47.1,0.0,0.0,0.0,0.580555555555556,1.0,0.0,0.7085304,0.2914696
793,34,1.0,0.0,1.0,1.0,0.0,0.0,3.0,1.0,4.0,4.0,17.0,0.1,0.0,77.0,2.0,0.0,0.0,2.0,5.1,0.0,0.0,0.0,0.580555555555556,1.0,0.0,0.83434874,0.16565128
793,35,1.0,0.0,1.0,1.0,0.0,0.0,3.0,1.0,4.0,4.0,10.0,0.1,0.0,77.0,2.0,0.0,18.0,2.0,4.54545454545455,0.0,0.0,2.0,0.580555555555556,1.0,0.0,0.6910633,0.3089367
793,36,1.0,0.0,1.0,1.0,0.0,0.0,3.0,1.0,4.0,4.0,17.0,0.1,15.0,77.0,2.0,0.0,18.0,2.0,8.0,0.0,0.0,0.0,0.580555555555556,1.0,0.0,0.6857166,0.31428334
793,37,1.0,0.0,1.0,1.0,0.0,0.0,3.0,1.0,4.0,4.0,84.0,0.1,0.0,77.0,2.0,0.0,18.0,2.0,27.0,0.0,0.0,0.0,0.580555555555556,1.0,0.0,0.78622764,0.21377234
793,38,1.0,0.0,1.0,54.0,0.0,0.0,3.0,1.0,4.0,4.0,17.0,7.35,0.0,77.0,2.0,0.0,18.0,2.0,4.54545454545455,0.0,0.0,0.0,0.580555555555556,1.0,0.0,0.5342833,0.4657167
793,39,1.0,0.0,1.0,84.0,0.0,0.0,3.0,1.0,4.0,4.0,17.0,3.98,0.0,77.0,2.0,0.0,18.0,2.0,4.54545454545455,0.0,0.0,0.0,0.580555555555556,1.0,0.0,0.5342833,0.4657167
793,40,1.0,0.0,1.0,1.0,0.0,0.0,3.0,1.0,4.0,4.0,51.0,2.51,0.0,77.0,2.0,0.0,18.0,2.0,4.54545454545455,0.0,0.0,0.0,0.580555555555556,1.0,0.0,0.645508,0.354492
793,41,1.0,0.0,1.0,1.0,0.0,0.0,3.0,1.0,4.0,4.0,17.0,0.1,0.0,77.0,2.0,0.0,2.0,2.0,4.54545454545455,0.0,0.0,0.0,0.580555555555556,1.0,0.0,0.71496934,0.28503066
793,42,1.0,0.0,1.0,1.0,0.0,0.0,3.0,1.0,4.0,4.0,17.0,5.66,0.0,77.0,2.0,0.0,18.0,2.0,39.6,0.0,0.0,0.0,0.580555555555556,1.0,0.0,0.7085304,0.2914696
793,43,1.0,0.0,1.0,1.0,0.0,0.0,3.0,1.0,4.0,4.0,102.0,0.1,0.0,77.0,2.0,0.0,18.0,2.0,51.3,0.0,0.0,0.0,0.580555555555556,1.0,0.0,0.78622764,0.21377234
793,44,1.0,0.0,1.0,1.0,0.0,0.0,3.0,1.0,4.0,4.0,11.0,0.1,0.0,77.0,2.0,0.0,18.0,2.0,4.54545454545455,0.0,0.0,0.0,0.580555555555556,1.0,0.0,0.6108066,0.38919345
793,45,1.0,0.0,1.0,1.0,0.0,0.0,3.0,1.0,4.0,4.0,17.0,3.32,0.0,96.0,2.0,0.0,18.0,2.0,4.54545454545455,0.0,0.0,0.0,0.580555555555556,1.0,0.0,0.7682549,0.23174512
793,46,1.0,0.0,1.0,1.0,0.0,0.0,3.0,1.0,4.0,4.0,143.0,0.1,0.0,77.0,2.0,0.0,18.0,2.0,37.1,0.0,0.0,0.0,0.580555555555556,1.0,0.0,0.78622764,0.21377234
793,47,1.0,0.0,1.0,1.0,0.0,0.0,3.0,1.0,4.0,4.0,42.0,0.1,0.0,77.0,2.0,0.0,18.0,2.0,4.54545454545455,0.0,0.0,0.0,0.5,1.0,0.0,0.5007794,0.49922064
793,48,1.0,0.0,1.0,1.0,0.0,0.0,3.0,1.0,4.0,4.0,17.0,4.16,0.0,77.0,2.0,0.0,18.0,2.0,29.0,0.0,0.0,0.0,0.580555555555556,1.0,0.0,0.7085304,0.2914696
793,49,1.0,0.0,1.0,1.0,0.0,0.0,3.0,1.0,4.0,4.0,17.0,5.88,0.0,77.0,2.0,0.0,18.0,2.0,4.54545454545455,0.0,0.0,0.0,0.9,1.0,0.0,0.68757606,0.3124239
793,50,1.0,0.0,1.0,1.0,0.0,0.0,3.0,1.0,4.0,4.0,17.0,0.1,0.0,96.0,2.0,0.0,18.0,2.0,4.54545454545455,0.0,0.0,3.0,0.580555555555556,1.0,0.0,0.56226814,0.4377319
793,51,1.0,0.0,1.0,1.0,0.0,0.0,3.0,1.0,4.0,4.0,17.0,1.12,0.0,77.0,2.0,0.0,18.0,2.0,4.54545454545455,0.0,0.0,0.0,0.4,1.0,0.0,0.640978,0.35902202
793,52,1.0,0.0,1.0,1.0,0.0,0.0,3.0,1.0,4.0,4.0,2.0,0.1,0.0,77.0,2.0,0.0,18.0,2.0,4.54545454545455,0.0,8.0,0.0,0.580555555555556,1.0,0.0,0.64781183,0.35218817
793,53,1.0,0.0,1.0,1.0,0.0,0.0,3.0,1.0,4.0,4.0,17.0,4.08,0.0,77.0,2.0,0.0,18.0,2.0,28.5,0.0,0.0,0.0,0.580555555555556,1.0,0.0,0.7085304,0.2914696
793,54,1.0,0.0,1.0,1.0,0.0,0.0,3.0,1.0,1.0,4.0,17.0,6.88,0.0,77.0,2.0,0.0,18.0,2.0,4.54545454545455,0.0,0.0,0.0,0.580555555555556,1.0,0.0,0.6790993,0.32090065
793,55,1.0,0.0,1.0,1.0,0.0,0.0,3.0,1.0,4.0,4.0,3.0,0.1,0.0,77.0,2.0,0.0,18.0,2.0,4.54545454545455,0.0,0.0,0.0,0.580555555555556,1.0,0.0,0.6684749,0.3315251
793,56,1.0,0.0,1.0,1.0,0.0,0.0,3.0,1.0,4.0,4.0,117.0,1.93,0.0,77.0,2.0,0.0,18.0,2.0,4.54545454545455,0.0,0.0,0.0,0.580555555555556,1.0,0.0,0.8067737,0.19322626
793,57,1.0,0.0,1.0,1.0,0.0,0.0,3.0,1.0,4.0,4.0,17.0,0.1,6.0,77.0,2.0,0.0,18.0,2.0,4.54545454545455,0.0,0.0,0.0,1.0,1.0,0.0,0.6969771,0.30302292
793,58,1.0,0.0,1.0,1.0,0.0,0.0,3.0,1.0,4.0,4.0,17.0,3.11,0.0,77.0,5.0,0.0,18.0,2.0,4.54545454545455,0.0,0.0,0.0,0.580555555555556,1.0,0.0,0.6782055,0.32179448
793,59,1.0,0.0,1.0,49.0,0.0,0.0,3.0,1.0,4.0,4.0,17.0,3.32,0.0,77.0,2.0,0.0,18.0,2.0,4.54545454545455,0.0,0.0,0.0,0.580555555555556,1.0,0.0,0.5342833,0.4657167
793,60,1.0,0.0,1.0,1.0,0.0,0.0,3.0,1.0,4.0,4.0,142.0,3.37,0.0,77.0,2.0,0.0,18.0,2.0,4.54545454545455,0.0,0.0,0.0,0.580555555555556,1.0,0.0,0.851561,0.14843899
793,61,1.0,0.0,1.0,1.0,0.0,0.0,3.0,1.0,4.0,4.0,68.0,3.23,0.0,77.0,2.0,0.0,18.0,2.0,4.54545454545455,0.0,0.0,0.0,0.580555555555556,1.0,0.0,0.851561,0.14843899
793,62,1.0,0.0,1.0,96.0,0.0,0.0,3.0,1.0,4.0,4.0,17.0,0.1,0.0,77.0,2.0,0.0,18.0,2.0,4.54545454545455,0.0,0.0,0.0,1.1,1.0,0.0,0.5083499,0.4916501
793,63,1.0,0.0,1.0,1.0,0.0,0.0,3.0,1.0,4.0,4.0,135.0,3.42,0.0,77.0,2.0,0.0,18.0,2.0,4.54545454545455,0.0,0.0,0.0,0.580555555555556,1.0,0.0,0.851561,0.14843899
793,64,1.0,0.0,1.0,1.0,0.0,0.0,3.0,1.0,4.0,4.0,17.0,2.13,0.0,77.0,2.0,0.0,18.0,2.0,4.54545454545455,0.0,0.0,0.0,0.5,1.0,0.0,0.5860292,0.41397086
793,65,1.0,0.0,1.0,1.0,0.0,0.0,3.0,1.0,4.0,4.0,17.0,0.1,0.0,98.0,2.0,0.0,18.0,2.0,51.3,0.0,0.0,0.0,0.580555555555556,1.0,0.0,0.93597007,0.06402996
793,66,1.0,0.0,1.0,1.0,0.0,0.0,1.0,1.0,4.0,4.0,17.0,0.1,0.0,77.0,2.0,0.0,18.0,2.0,4.54545454545455,0.0,0.0,0.0,0.580555555555556,1.0,4.0,0.5134786,0.48652142
793,67,1.0,0.0,1.0,1.0,0.0,0.0,1.0,1.0,4.0,4.0,17.0,6.6,0.0,77.0,2.0,0.0,18.0,2.0,4.54545454545455,0.0,0.0,0.0,0.580555555555556,1.0,0.0,0.8946412,0.10535877
793,68,1.0,0.0,1.0,1.0,0.0,0.0,3.0,1.0,4.0,4.0,17.0,0.1,10.0,77.0,2.0,0.0,18.0,2.0,52.6,0.0,0.0,0.0,0.580555555555556,1.0,0.0,0.6857166,0.31428334
793,69,1.0,0.0,1.0,1.0,0.0,0.0,3.0,1.0,27.0,4.0,17.0,0.1,0.0,77.0,2.0,0.0,18.0,2.0,4.54545454545455,0.0,0.0,0.0,1.1,1.0,0.0,0.5172209,0.4827791
793,70,1.0,0.0,1.0,1.0,0.0,0.0,3.0,1.0,4.0,4.0,17.0,0.1,0.0,77.0,2.0,0.0,18.0,2.0,33.4,0.0,0.0,0.0,0.8,1.0,0.0,0.6360462,0.36395383
793,71,1.0,0.0,1.0,1.0,0.0,0.0,3.0,1.0,4.0,4.0,17.0,4.09,0.0,77.0,2.0,0.0,4.0,2.0,4.54545454545455,0.0,0.0,0.0,0.580555555555556,1.0,0.0,0.8480122,0.15198779
793,72,1.0,0.0,1.0,1.0,0.0,0.0,3.0,1.0,4.0,4.0,17.0,5.92,0.0,77.0,2.0,0.0,18.0,2.0,41.4,0.0,0.0,0.0,0.580555555555556,1.0,0.0,0.7085304,0.2914696
793,73,1.0,0.0,1.0,1.0,0.0,0.0,2.0,1.0,4.0,4.0,17.0,0.1,0.0,92.0,2.0,0.0,18.0,2.0,4.54545454545455,0.0,0.0,0.0,0.580555555555556,1.0,0.0,0.7069881,0.2930119
793,74,11.0,0.0,1.0,1.0,0.0,0.0,3.0,1.0,4.0,4.0,6.0,0.1,0.0,77.0,2.0,0.0,18.0,2.0,4.54545454545455,0.0,0.0,0.0,0.580555555555556,1.0,0.0,0.651682,0.34831798
793,75,1.0,0.0,1.0,1.0,0.0,0.0,3.0,1.0,4.0,4.0,17.0,0.1,0.0,77.0,2.0,0.0,18.0,2.0,51.1,0.0,0.0,0.0,0.580555555555556,1.0,4.0,0.5390042,0.46099576
793,76,1.0,0.0,1.0,1.0,0.0,0.0,3.0,1.0,4.0,4.0,10.0,0.1,0.0,77.0,7.0,0.0,18.0,2.0,4.54545454545455,0.0,0.0,0.0,0.580555555555556,1.0,0.0,0.7019956,0.29800442
793,77,1.0,0.0,1.0,1.0,0.0,0.0,3.0,1.0,4.0,4.0,11.0,0.1,4.0,77.0,2.0,0.0,18.0,2.0,4.54545454545455,0.0,0.0,0.0,0.580555555555556,1.0,0.0,0.8718083,0.12819168
793,78,1.0,0.0,1.0,1.0,0.0,0.0,3.0,1.0,4.0,4.0,17.0,2.01,0.0,77.0,2.0,0.0,18.0,2.0,4.54545454545455,0.0,0.0,0.0,0.5,1.0,0.0,0.5860292,0.41397086
793,79,1.0,0.0,1.0,1.0,0.0,0.0,3.0,6.0,4.0,4.0,17.0,0.1,0.0,77.0,2.0,0.0,18.0,2.0,30.6,0.0,0.0,0.0,0.580555555555556,1.0,0.0,0.62594754,0.37405246
793,80,1.0,0.0,1.0,1.0,0.0,0.0,3.0,1.0,4.0,4.0,17.0,0.1,0.0,94.0,2.0,0.0,18.0,2.0,14.9,0.0,0.0,0.0,0.580555555555556,1.0,0.0,0.93597007,0.06402996
793,81,1.0,0.0,1.0,1.0,0.0,0.0,2.0,1.0,4.0,4.0,17.0,6.49,0.0,77.0,2.0,0.0,18.0,2.0,4.54545454545455,0.0,0.0,0.0,0.580555555555556,1.0,0.0,0.6341266,0.3658734
793,82,1.0,0.0,1.0,1.0,0.0,0.0,3.0,1.0,4.0,4.0,68.0,0.1,0.0,77.0,2.0,0.0,18.0,2.0,27.8,0.0,0.0,0.0,0.580555555555556,1.0,0.0,0.78622764,0.21377234
793,83,1.0,0.0,1.0,1.0,0.0,0.0,0.0,1.0,4.0,4.0,17.0,2.85,0.0,77.0,2.0,0.0,18.0,2.0,4.54545454545455,0.0,0.0,0.0,0.580555555555556,1.0,0.0,0.72938514,0.27061483
793,84,1.0,0.0,1.0,1.0,0.0,0.0,3.0,1.0,4.0,4.0,17.0,0.1,15.0,77.0,2.0,0.0,18.0,2.0,11.8,0.0,0.0,0.0,0.580555555555556,1.0,0.0,0.6857166,0.31428334
793,85,1.0,0.0,1.0,1.0,0.0,0.0,3.0,1.0,4.0,4.0,9.0,0.1,0.0,77.0,2.0,0.0,18.0,2.0,4.54545454545455,0.0,0.0,0.0,0.580555555555556,1.0,3.0,0.74376976,0.25623024
793,86,1.0,0.0,1.0,1.0,0.0,0.0,3.0,1.0,4.0,4.0,17.0,0.1,0.0,77.0,2.0,0.0,18.0,2.0,4.54545454545455,0.0,0.0,0.0,1.0,1.0,0.0,0.5061601,0.49383992
793,87,1.0,0.0,1.0,1.0,0.0,0.0,3.0,1.0,4.0,4.0,91.0,0.1,0.0,77.0,2.0,0.0,18.0,2.0,4.54545454545455,0.0,0.0,0.0,0.9,1.0,0.0,0.5589096,0.4410904
793,88,1.0,0.0,1.0,1.0,0.0,0.0,3.0,1.0,4.0,4.0,17.0,0.1,0.0,77.0,2.0,0.0,18.0,2.0,42.5,0.0,0.0,0.0,0.580555555555556,1.0,3.0,0.5390042,0.46099576
793,89,1.0,0.0,1.0,69.0,0.0,0.0,3.0,1.0,4.0,4.0,17.0,3.23,0.0,77.0,2.0,0.0,18.0,2.0,4.54545454545455,0.0,0.0,0.0,0.580555555555556,1.0,0.0,0.5342833,0.4657167
793,90,1.0,0.0,1.0,1.0,0.0,0.0,3.0,1.0,4.0,4.0,17.0,0.1,0.0,77.0,2.0,0.0,18.0,2.0,33.3,0.0,0.0,0.0,0.8,1.0,0.0,0.6360462,0.36395383
793,91,1.0,0.0,1.0,1.0,0.0,0.0,6.0,1.0,4.0,4.0,3.0,0.1,0.0,77.0,2.0,0.0,18.0,2.0,4.54545454545455,0.0,0.0,0.0,0.580555555555556,1.0,0.0,0.7504822,0.24951778
793,92,1.0,0.0,1.0,1.0,0.0,0.0,3.0,1.0,4.0,4.0,4.0,0.1,0.0,77.0,2.0,0.0,18.0,2.0,4.54545454545455,0.0,0.0,0.0,0.580555555555556,1.0,0.0,0.6111144,0.38888562
793,93,1.0,0.0,1.0,1.0,0.0,0.0,9.0,1.0,4.0,4.0,17.0,0.1,0.0,89.0,2.0,0.0,18.0,2.0,4.54545454545455,0.0,0.0,0.0,0.580555555555556,1.0,0.0,0.5276789,0.4723211
793,94,1.0,0.0,1.0,1.0,0.0,0.0,13.0,1.0,4.0,4.0,17.0,0.1,0.0,91.0,2.0,0.0,18.0,2.0,4.54545454545455,0.0,0.0,0.0,0.580555555555556,1.0,0.0,0.61073065,0.38926935
793,95,1.0,0.0,1.0,1.0,0.0,0.0,3.0,1.0,4.0,4.0,142.0,2.36,0.0,77.0,2.0,0.0,18.0,2.0,4.54545454545455,0.0,0.0,0.0,0.580555555555556,1.0,0.0,0.645508,0.354492
793,96,1.0,0.0,1.0,1.0,0.0,0.0,12.0,1.0,4.0,4.0,17.0,0.1,0.0,77.0,2.0,0.0,18.0,2.0,37.5,0.0,0.0,0.0,0.580555555555556,1.0,0.0,0.53205705,0.46794292
793,97,1.0,0.0,1.0,1.0,0.0,0.0,3.0,1.0,4.0,4.0,17.0,0.1,0.0,99.0,2.0,0.0,18.0,2.0,4.54545454545455,0.0,25.0,0.0,0.580555555555556,1.0,0.0,0.60000813,0.3999919
793,98,1.0,0.0,1.0,1.0,0.0,0.0,3.0,6.0,4.0,4.0,17.0,0.1,0.0,77.0,2.0,0.0,18.0,2.0,4.54545454545455,0.0,0.0,0.0,1.0,1.0,0.0,0.5694679,0.4305321
793,99,1.0,0.0,1.0,1.0,0.0,0.0,3.0,1.0,4.0,4.0,17.0,1.76,0.0,77.0,2.0,0.0,18.0,2.0,4.54545454545455,0.0,0.0,0.0,0.580555555555556,0.3,0.0,0.5212338,0.4787662
838,0,8.0,7.0,1.0,1.0,0.0,2.0,3.0,1.0,0.0,8.0,22.0,0.35,1.0,78.0,1.0,1.0,14.0,2.0,6.46666666666667,2.0,1.0,0.0,1.0,1.0,2.0,0.53498685,0.46501312
838,1,8.0,0.0,1.0,1.0,0.0,2.0,2.0,1.0,0.0,8.0,93.0,0.35,1.0,78.0,1.0,1.0,14.0,2.0,6.46666666666667,2.0,1.0,0.0,0.677570093457944,1.0,2.0,0.5298767,0.47012332
838,2,8.0,0.0,1.0,1.0,0.0,2.0,3.0,1.0,0.0,8.0,22.0,0.35,1.0,78.0,1.0,1.0,14.0,2.0,6.46666666666667,2.0,1.0,1.0,1.0,1.0,2.0,0.6100646,0.38993537
838,3,8.0,0.0,1.0,1.0,0.0,2.0,3.0,1.0,0.0,8.0,22.0,0.35,1.0,78.0,6.0,1.0,14.0,2.0,17.6,2.0,1.0,0.0,0.677570093457944,1.0,2.0,0.55071247,0.44928753
838,4,8.0,0.0,1.0,1.0,0.0,2.0,3.0,1.0,0.0,8.0,22.0,0.35,1.0,78.0,0.0,1.0,14.0,2.0,6.46666666666667,2.0,1.0,0.0,1.0,1.0,2.0,0.56161165,0.43838832
838,5,8.0,0.0,1.0,1.0,0.0,2.0,3.0,1.0,0.0,8.0,143.0,0.35,1.0,78.0,1.0,1.0,14.0,2.0,37.1,2.0,1.0,0.0,0.677570093457944,1.0,2.0,0.70810556,0.2918944
838,6,8.0,0.0,1.0,1.0,0.0,2.0,3.0,1.0,0.0,8.0,100.0,0.35,1.0,78.0,1.0,1.0,8.0,2.0,6.46666666666667,2.0,1.0,0.0,0.677570093457944,1.0,2.0,0.71533036,0.2846696
838,7,8.0,0.0,1.0,1.0,0.0,2.0,3.0,1.0,0.0,8.0,22.0,0.35,1.0,78.0,1.0,1.0,14.0,2.0,6.46666666666667,2.0,12.0,0.0,1.0,1.0,2.0,0.72404647,0.27595353
838,8,8.0,6.0,1.0,1.0,0.0,2.0,3.0,1.0,0.0,8.0,22.0,0.35,1.0,78.0,1.0,1.0,4.0,2.0,6.46666666666667,2.0,1.0,0.0,0.677570093457944,1.0,2.0,0.6896413,0.3103587
838,9,8.0,0.0,1.0,1.0,0.0,2.0,3.0,1.0,0.0,8.0,22.0,0.35,1.0,78.0,1.0,1.0,14.0,2.0,6.46666666666667,5.0,1.0,0.0,1.1,1.0,2.0,0.5058515,0.49414852
838,10,8.0,0.0,1.0,1.0,0.0,2.0,3.0,1.0,0.0,8.0,22.0,0.35,1.0,78.0,0.0,1.0,14.0,2.0,6.46666666666667,2.0,1.0,0.0,1.1,1.0,2.0,0.56161165,0.43838832
838,11,8.0,0.0,1.0,1.0,0.0,2.0,3.0,1.0,0.0,8.0,22.0,0.35,3.0,78.0,1.0,1.0,14.0,2.0,43.3,2.0,1.0,0.0,0.677570093457944,1.0,2.0,0.59602904,0.403971
838,12,8.0,0.0,1.0,1.0,0.0,2.0,3.0,1.0,0.0,8.0,22.0,6.58,1.0,78.0,1.0,1.0,14.0,2.0,6.46666666666667,2.0,1.0,0.0,1.0,1.0,2.0,0.6175605,0.38243946
838,13,8.0,0.0,1.0,1.0,0.0,2.0,3.0,1.0,0.0,8.0,1.0,0.35,1.0,78.0,1.0,1.0,14.0,2.0,6.46666666666667,2.0,1.0,0.0,0.677570093457944,1.1,2.0,0.6028999,0.39710006
838,14,8.0,0.0,1.0,1.0,0.0,2.0,3.0,1.0,0.0,8.0,22.0,0.35,1.0,78.0,1.0,5.0,14.0,2.0,6.46666666666667,2.0,1.0,0.0,1.0,1.0,2.0,0.6438286,0.35617143
838,15,8.0,0.0,1.0,1.0,0.0,2.0,3.0,1.0,0.0,8.0,37.0,0.35,1.0,78.0,1.0,1.0,14.0,2.0,10.9,2.0,1.0,0.0,0.677570093457944,1.0,2.0,0.5543554,0.44564465
838,16,8.0,0.0,1.0,1.0,0.0,2.0,3.0,1.0,0.0,8.0,22.0,0.35,1.0,78.0,1.0,1.0,0.0,2.0,6.46666666666667,2.0,1.0,0.0,0.677570093457944,1.0,2.0,0.6093539,0.3906461
838,17,17.0,0.0,1.0,1.0,0.0,2.0,3.0,1.0,0.0,8.0,22.0,0.35,1.0,78.0,1.0,1.0,14.0,2.0,6.46666666666667,2.0,1.0,0.0,1.0,1.0,2.0,0.56161165,0.43838832
838,18,8.0,0.0,1.0,1.0,0.0,2.0,3.0,1.0,0.0,8.0,0.0,0.35,1.0,78.0,1.0,1.0,14.0,2.0,6.46666666666667,2.0,5.0,0.0,0.677570093457944,1.0,2.0,0.6612982,0.33870178
838,19,8.0,0.0,1.0,1.0,0.0,2.0,3.0,1.0,0.0,8.0,63.0,0.35,1.0,78.0,1.0,1.0,14.0,2.0,22.8,2.0,1.0,0.0,0.677570093457944,1.0,2.0,0.70810556,0.2918944
838,20,8.0,0.0,1.0,1.0,0.0,2.0,3.0,1.0,0.0,8.0,77.0,0.35,1.0,78.0,7.0,1.0,14.0,2.0,6.46666666666667,2.0,1.0,0.0,0.677570093457944,1.0,2.0,0.5306065,0.4693935
838,21,8.0,0.0,1.0,96.0,0.0,2.0,3.0,1.0,0.0,8.0,22.0,0.35,1.0,78.0,1.0,1.0,14.0,2.0,6.46666666666667,2.0,1.0,0.0,1.1,1.0,2.0,0.7256422,0.2743578
838,22,8.0,0.0,1.0,1.0,0.0,2.0,3.0,13.0,0.0,8.0,22.0,0.35,1.0,78.0,1.0,1.0,14.0,2.0,6.46666666666667,2.0,1.0,0.0,1.0,1.0,2.0,0.50058544,0.49941453
838,23,8.0,0.0,1.0,1.0,0.0,2.0,3.0,1.0,0.0,8.0,22.0,0.35,1.0,78.0,1.0,1.0,14.0,2.0,6.46666666666667,2.0,37.0,0.0,1.0,1.0,2.0,0.72404647,0.27595353
838,24,8.0,0.0,1.0,1.0,0.0,2.0,3.0,1.0,0.0,8.0,22.0,0.35,1.0,78.0,1.0,1.0,4.0,2.0,6.46666666666667,2.0,1.0,0.0,0.677570093457944,1.0,2.0,0.67238414,0.32761586
838,25,8.0,0.0,1.0,1.0,0.0,2.0,3.0,1.0,6.0,8.0,22.0,0.35,1.0,78.0,1.0,1.0,9.0,2.0,6.46666666666667,2.0,1.0,0.0,0.677570093457944,1.0,2.0,0.5574199,0.44258007
838,26,8.0,0.0,1.0,69.0,0.0,2.0,3.0,1.0,0.0,8.0,22.0,0.35,1.0,78.0,1.0,1.0,14.0,2.0,6.46666666666667,2.0,1.0,0.0,1.0,1.0,2.0,0.7256422,0.2743578
838,27,8.0,0.0,1.0,1.0,0.0,2.0,3.0,1.0,0.0,8.0,58.0,0.35,1.0,78.0,8.0,1.0,14.0,2.0,6.46666666666667,2.0,1.0,0.0,0.677570093457944,1.0,2.0,0.5306065,0.4693935
838,28,8.0,0.0,1.0,1.0,0.0,2.0,3.0,1.0,0.0,8.0,22.0,0.35,4.0,78.0,1.0,1.0,14.0,2.0,36.2,2.0,1.0,0.0,0.677570093457944,1.0,2.0,0.59602904,0.403971
838,29,8.0,0.0,1.0,1.0,0.0,2.0,3.0,1.0,0.0,8.0,22.0,0.35,1.0,78.0,1.0,1.0,14.0,2.0,6.46666666666667,2.0,1.0,0.0,1.0,1.0,2.0,0.56161165,0.43838832
838,30,8.0,0.0,1.0,1.0,0.0,2.0,3.0,5.0,0.0,8.0,22.0,0.35,1.0,78.0,1.0,1.0,14.0,2.0,6.46666666666667,2.0,1.0,0.0,1.1,1.0,2.0,0.5529984,0.44700155
838,31,8.0,0.0,1.0,1.0,0.0,2.0,3.0,1.0,0.0,8.0,22.0,0.35,1.0,98.0,1.0,1.0,14.0,2.0,51.3,2.0,1.0,0.0,0.677570093457944,1.0,2.0,0.60567844,0.3943216
838,32,8.0,0.0,1.0,1.0,0.0,2.0,3.0,1.0,0.0,8.0,84.0,0.35,1.0,78.0,1.0,1.0,14.0,2.0,27.0,2.0,1.0,0.0,0.677570093457944,1.0,2.0,0.70810556,0.2918944
838,33,8.0,0.0,1.0,1.0,0.0,2.0,3.0,1.0,0.0,8.0,22.0,0.35,1.0,78.0,1.0,1.0,14.0,2.0,6.46666666666667,2.0,1.0,0.0,1.1,1.0,1.0,0.69211364,0.30788636
838,34,8.0,0.0,1.0,1.0,0.0,2.0,3.0,1.0,0.0,8.0,10.0,0.35,1.0,78.0,7.0,1.0,14.0,2.0,6.46666666666667,2.0,1.0,0.0,0.677570093457944,1.0,2.0,0.59465504,0.405345
838,35,8.0,0.0,1.0,1.0,0.0,2.0,3.0,1.0,0.0,8.0,1.0,0.35,1.0,78.0,3.0,1.0,14.0,2.0,6.46666666666667,2.0,1.0,0.0,0.677570093457944,1.0,2.0,0.817098,0.18290195
838,36,8.0,0.0,1.0,1.0,0.0,2.0,3.0,1.0,0.0,8.0,22.0,0.35,1.0,78.0,1.0,1.0,0.0,2.0,5.1,2.0,1.0,0.0,0.677570093457944,1.0,2.0,0.7503265,0.2496735
838,37,8.0,0.0,1.0,1.0,9.0,2.0,3.0,1.0,0.0,8.0,22.0,0.35,1.0,78.0,1.0,1.0,14.0,2.0,6.46666666666667,2.0,1.0,0.0,1.0,1.0,2.0,0.50025314,0.49974686
838,38,8.0,0.0,1.0,1.0,0.0,2.0,3.0,1.0,0.0,8.0,22.0,0.35,1.0,78.0,1.0,1.0,8.0,2.0,12.6,2.0,1.0,0.0,0.677570093457944,1.0,2.0,0.8173714,0.18262859
838,39,8.0,0.0,1.0,1.0,0.0,2.0,3.0,1.0,0.0,8.0,120.0,0.35,1.0,78.0,1.0,1.0,14.0,2.0,6.46666666666667,2.0,1.0,0.0,0.4,1.0,2.0,0.5395004,0.46049958
838,40,8.0,0.0,1.0,1.0,0.0,2.0,3.0,1.0,0.0,8.0,0.0,0.35,1.0,78.0,1.0,1.0,27.0,2.0,6.46666666666667,2.0,1.0,0.0,0.677570093457944,1.0,2.0,0.7052559,0.29474407
838,41,8.0,0.0,1.0,60.0,0.0,2.0,3.0,1.0,0.0,8.0,22.0,0.35,1.0,78.0,1.0,1.0,14.0,2.0,6.46666666666667,2.0,1.0,0.0,1.0,1.0,2.0,0.7256422,0.2743578
838,42,8.0,0.0,1.0,1.0,0.0,2.0,3.0,1.0,0.0,8.0,22.0,0.35,3.0,78.0,1.0,1.0,14.0,2.0,39.3,2.0,1.0,0.0,0.677570093457944,1.0,2.0,0.59602904,0.403971
838,43,8.0,0.0,1.0,1.0,0.0,2.0,3.0,1.0,0.0,8.0,22.0,0.35,1.0,78.0,5.0,1.0,14.0,2.0,6.46666666666667,2.0,1.0,0.0,1.1,1.0,2.0,0.8137143,0.18628569
838,44,8.0,0.0,1.0,1.0,0.0,2.0,1.0,1.0,0.0,8.0,22.0,0.35,1.0,78.0,1.0,1.0,14.0,2.0,9.0,2.0,1.0,0.0,0.677570093457944,1.0,2.0,0.76414686,0.23585315
838,45,8.0,0.0,1.0,1.0,0.0,2.0,3.0,1.0,0.0,8.0,22.0,0.35,2.0,78.0,1.0,1.0,14.0,2.0,20.3,2.0,1.0,0.0,0.677570093457944,1.0,2.0,0.51321113,0.48678884
838,46,8.0,0.0,1.0,1.0,10.0,2.0,3.0,1.0,0.0,8.0,22.0,0.35,1.0,78.0,1.0,1.0,14.0,2.0,6.46666666666667,2.0,1.0,0.0,1.1,1.0,2.0,0.50025314,0.49974686
838,47,8.0,0.0,1.0,12.0,0.0,2.0,3.0,1.0,0.0,8.0,0.0,0.35,1.0,78.0,1.0,1.0,14.0,2.0,6.46666666666667,2.0,1.0,0.0,0.677570093457944,1.0,2.0,0.69969314,0.30030686
838,48,8.0,0.0,1.0,1.0,0.0,2.0,3.0,1.0,0.0,8.0,22.0,0.35,1.0,78.0,1.0,1.0,5.0,2.0,41.9,2.0,1.0,0.0,0.677570093457944,1.0,2.0,0.86555606,0.13444394
838,49,8.0,0.0,1.0,1.0,0.0,2.0,3.0,1.0,0.0,8.0,22.0,0.35,1.0,78.0,1.0,1.0,14.0,2.0,43.2,2.0,1.0,0.0,1.0,1.0,2.0,0.8519924,0.14800759
838,50,8.0,0.0,1.0,1.0,0.0,2.0,1.0,1.0,0.0,8.0,22.0,0.35,1.0,78.0,5.0,1.0,14.0,2.0,6.46666666666667,2.0,1.0,0.0,0.677570093457944,1.0,2.0,0.5876789,0.4123211
838,51,8.0,0.0,1.0,1.0,0.0,2.0,3.0,1.0,0.0,8.0,63.0,0.35,1.0,78.0,1.0,1.0,14.0,2.0,22.5,2.0,1.0,0.0,0.677570093457944,1.0,2.0,0.70810556,0.2918944
838,52,8.0,0.0,1.0,1.0,0.0,2.0,3.0,1.0,0.0,5.0,22.0,0.35,1.0,78.0,1.0,1.0,14.0,2.0,6.46666666666667,2.0,1.0,0.0,1.0,1.0,2.0,0.704041,0.29595897
838,53,8.0,0.0,1.0,1.0,0.0,2.0,3.0,1.0,0.0,8.0,2.0,0.35,1.0,78.0,1.0,1.0,14.0,2.0,6.46666666666667,2.0,1.0,0.0,0.4,1.0,2.0,0.5286446,0.47135538
838,54,8.0,0.0,1.0,1.0,0.0,2.0,3.0,1.0,0.0,8.0,22.0,0.35,1.0,78.0,1.0,1.0,14.0,2.0,46.0,2.0,1.0,0.0,1.0,1.0,2.0,0.8519924,0.14800759
838,55,8.0,0.0,1.0,1.0,0.0,2.0,3.0,1.0,0.0,8.0,22.0,0.35,1.0,78.0,1.0,12.0,14.0,2.0,6.46666666666667,2.0,1.0,0.0,1.0,1.0,2.0,0.70402855,0.29597145
838,56,8.0,0.0,1.0,1.0,0.0,2.0,3.0,1.0,0.0,8.0,22.0,0.35,1.0,78.0,1.0,1.0,14.0,2.0,6.46666666666667,2.0,17.0,0.0,1.1,1.0,2.0,0.72404647,0.27595353
838,57,8.0,0.0,1.0,1.0,0.0,2.0,3.0,1.0,0.0,8.0,0.0,0.35,1.0,78.0,1.0,1.0,14.0,2.0,6.46666666666667,2.0,1.0,0.0,0.677570093457944,1.0,2.0,0.6028999,0.39710006
838,58,8.0,0.0,3.0,1.0,0.0,2.0,3.0,1.0,0.0,8.0,22.0,0.35,1.0,78.0,1.0,1.0,14.0,2.0,6.46666666666667,2.0,1.0,0.0,1.0,1.0,2.0,0.51205295,0.48794705
838,59,8.0,0.0,1.0,1.0,0.0,2.0,3.0,1.0,0.0,8.0,22.0,0.35,1.0,78.0,1.0,23.0,14.0,2.0,6.46666666666667,2.0,1.0,0.0,1.1,1.0,2.0,0.70402855,0.29597145
838,60,8.0,35.0,1.0,1.0,0.0,2.0,3.0,1.0,0.0,8.0,22.0,0.35,1.0,78.0,1.0,1.0,14.0,2.0,6.46666666666667,2.0,1.0,0.0,1.1,1.0,2.0,0.53498685,0.46501312
838,61,8.0,0.0,1.0,1.0,0.0,2.0,3.0,1.0,0.0,8.0,102.0,0.35,1.0,78.0,1.0,1.0,14.0,2.0,51.3,2.0,1.0,0.0,0.677570093457944,1.0,2.0,0.70810556,0.2918944
838,62,8.0,0.0,1.0,1.0,0.0,2.0,1.0,1.0,0.0,8.0,22.0,0.35,1.0,78.0,1.0,1.0,14.0,2.0,33.3,2.0,1.0,0.0,0.677570093457944,1.0,2.0,0.76414686,0.23585315
838,63,8.0,0.0,1.0,1.0,0.0,2.0,3.0,1.0,0.0,8.0,22.0,0.35,3.0,78.0,1.0,1.0,14.0,2.0,41.9,2.0,1.0,0.0,0.677570093457944,1.0,2.0,0.59602904,0.403971
838,64,8.0,0.0,1.0,1.0,0.0,2.0,3.0,6.0,0.0,8.0,22.0,0.35,1.0,78.0,1.0,1.0,14.0,2.0,6.46666666666667,2.0,1.0,0.0,1.0,1.0,2.0,0.6270844,0.3729156
838,65,8.0,0.0,1.0,1.0,0.0,2.0,0.0,1.0,0.0,8.0,22.0,0.35,1.0,78.0,1.0,1.0,14.0,2.0,6.46666666666667,2.0,1.0,0.0,1.0,1.0,2.0,0.8245429,0.1754571
838,66,8.0,0.0,1.0,1.0,0.0,2.0,3.0,1.0,0.0,8.0,22.0,0.35,1.0,78.0,1.0,1.0,3.0,2.0,6.46666666666667,2.0,1.0,0.0,0.677570093457944,1.0,2.0,0.6255616,0.37443838
838,67,8.0,0.0,1.0,1.0,0.0,2.0,3.0,1.0,0.0,8.0,22.0,0.35,1.0,78.0,1.0,1.0,4.0,2.0,6.46666666666667,2.0,1.0,3.0,0.677570093457944,1.0,2.0,0.7148111,0.28518894
838,68,8.0,0.0,1.0,1.0,0.0,2.0,3.0,1.0,0.0,8.0,91.0,0.35,1.0,78.0,1.0,1.0,14.0,2.0,6.46666666666667,2.0,1.0,0.0,0.9,1.0,2.0,0.58415073,0.41584927
838,69,8.0,0.0,1.0,1.0,0.0,12.0,3.0,1.0,0.0,8.0,22.0,0.35,1.0,78.0,1.0,1.0,14.0,2.0,6.46666666666667,2.0,1.0,0.0,1.1,1.0,2.0,0.6342503,0.36574975
838,70,8.0,0.0,1.0,1.0,0.0,2.0,3.0,1.0,0.0,8.0,22.0,0.35,1.0,78.0,1.0,1.0,14.0,2.0,6.46666666666667,5.0,1.0,0.0,1.0,1.0,2.0,0.5058515,0.49414852
838,71,8.0,0.0,1.0,1.0,0.0,2.0,3.0,1.0,0.0,8.0,22.0,0.35,6.0,78.0,1.0,1.0,14.0,2.0,6.46666666666667,2.0,1.0,0.0,1.0,1.0,2.0,0.8334063,0.16659366
838,72,8.0,0.0,1.0,1.0,0.0,2.0,3.0,1.0,0.0,8.0,22.0,0.35,1.0,78.0,6.0,1.0,14.0,2.0,47.9,2.0,1.0,0.0,0.677570093457944,1.0,2.0,0.55071247,0.44928753
838,73,8.0,0.0,1.0,1.0,36.0,2.0,3.0,1.0,0.0,8.0,22.0,0.35,1.0,78.0,1.0,1.0,14.0,2.0,6.46666666666667,2.0,1.0,0.0,1.0,1.0,2.0,0.50025314,0.49974686
838,74,8.0,0.0,1.0,1.0,0.0,2.0,3.0,1.0,0.0,8.0,22.0,0.35,1.0,78.0,1.0,45.0,14.0,2.0,6.46666666666667,2.0,1.0,0.0,1.0,1.0,2.0,0.70402855,0.29597145
838,75,8.0,0.0,1.0,1.0,0.0,2.0,3.0,1.0,0.0,8.0,22.0,0.35,1.0,78.0,1.0,1.0,14.0,2.0,6.46666666666667,2.0,1.0,2.0,1.0,1.0,2.0,0.6100646,0.38993537
838,76,8.0,0.0,1.0,1.0,0.0,2.0,3.0,1.0,0.0,8.0,22.0,0.35,1.0,78.0,7.0,1.0,14.0,2.0,30.8,2.0,1.0,0.0,0.677570093457944,1.0,2.0,0.55071247,0.44928753
838,77,8.0,0.0,1.0,1.0,0.0,2.0,3.0,1.0,0.0,8.0,136.0,0.35,1.0,78.0,8.0,1.0,14.0,2.0,6.46666666666667,2.0,1.0,0.0,0.677570093457944,1.0,2.0,0.5306065,0.4693935
838,78,8.0,0.0,1.0,1.0,0.0,2.0,3.0,1.0,0.0,8.0,22.0,0.35,5.0,78.0,1.0,1.0,14.0,2.0,28.7,2.0,1.0,0.0,0.677570093457944,1.0,2.0,0.59602904,0.403971
838,79,8.0,0.0,1.0,1.0,16.0,2.0,3.0,1.0,0.0,8.0,22.0,0.35,1.0,78.0,1.0,1.0,14.0,2.0,6.46666666666667,2.0,1.0,0.0,1.0,1.0,2.0,0.50025314,0.49974686
838,80,8.0,0.0,1.0,1.0,0.0,2.0,3.0,1.0,0.0,8.0,22.0,0.35,1.0,78.0,7.0,1.0,14.0,2.0,18.1,2.0,1.0,0.0,0.677570093457944,1.0,2.0,0.55071247,0.44928753
838,81,8.0,0.0,1.0,1.0,0.0,2.0,3.0,1.0,0.0,8.0,136.0,0.35,1.0,78.0,1.0,1.0,14.0,2.0,21.0,2.0,1.0,0.0,0.677570093457944,1.0,2.0,0.70810556,0.2918944
838,82,8.0,0.0,1.0,1.0,0.0,2.0,3.0,1.0,0.0,8.0,22.0,0.35,1.0,78.0,1.0,1.0,2.0,2.0,6.46666666666667,2.0,1.0,0.0,0.677570093457944,1.0,2.0,0.6644151,0.33558485
838,83,8.0,0.0,1.0,1.0,0.0,2.0,3.0,1.0,0.0,8.0,22.0,4.09,1.0,78.0,1.0,1.0,4.0,2.0,6.46666666666667,2.0,1.0,0.0,0.677570093457944,1.0,2.0,0.88737404,0.11262595
838,84,8.0,0.0,1.0,1.0,0.0,2.0,3.0,1.0,0.0,8.0,1.0,0.35,1.0,78.0,1.0,1.0,14.0,2.0,6.46666666666667,2.0,1.0,0.0,0.677570093457944,1.0,2.0,0.6028999,0.39710006
838,85,8.0,0.0,1.0,1.0,28.0,2.0,3.0,1.0,0.0,8.0,22.0,0.35,1.0,78.0,1.0,1.0,14.0,2.0,6.46666666666667,2.0,1.0,0.0,1.0,1.0,2.0,0.50025314,0.49974686
838,86,8.0,0.0,1.0,1.0,0.0,2.0,3.0,1.0,0.0,8.0,131.0,0.35,1.0,78.0,1.0,1.0,14.0,2.0,22.3,2.0,1.0,0.0,0.677570093457944,1.0,2.0,0.70810556,0.2918944
838,87,8.0,0.0,1.0,1.0,0.0,2.0,3.0,1.0,0.0,8.0,143.0,0.35,1.0,78.0,1.0,1.0,14.0,2.0,6.46666666666667,2.0,1.0,0.0,0.9,1.0,2.0,0.58415073,0.41584927
838,88,8.0,0.0,1.0,1.0,0.0,2.0,1.0,1.0,0.0,8.0,22.0,6.6,1.0,78.0,1.0,1.0,14.0,2.0,6.46666666666667,2.0,1.0,0.0,0.677570093457944,1.0,2.0,0.5462889,0.4537111
838,89,8.0,0.0,1.0,83.0,0.0,2.0,3.0,1.0,0.0,8.0,22.0,0.35,1.0,78.0,1.0,1.0,14.0,2.0,6.46666666666667,2.0,1.0,0.0,1.1,1.0,2.0,0.7256422,0.2743578
838,90,8.0,0.0,1.0,1.0,0.0,2.0,3.0,1.0,0.0,8.0,2.0,0.35,1.0,78.0,1.0,1.0,14.0,2.0,6.46666666666667,2.0,8.0,0.0,0.677570093457944,1.0,2.0,0.5510369,0.4489631
838,91,8.0,0.0,1.0,1.0,0.0,2.0,3.0,1.0,0.0,8.0,122.0,0.35,1.0,78.0,5.0,1.0,14.0,2.0,6.46666666666667,2.0,1.0,0.0,0.677570093457944,1.0,2.0,0.5306065,0.4693935
838,92,12.0,0.0,1.0,1.0,0.0,2.0,3.0,1.0,0.0,8.0,22.0,0.35,1.0,78.0,1.0,1.0,14.0,2.0,6.46666666666667,2.0,1.0,0.0,1.0,1.0,2.0,0.56161165,0.43838832
838,93,8.0,43.0,1.0,1.0,0.0,2.0,3.0,1.0,0.0,8.0,22.0,0.35,1.0,78.0,1.0,1.0,3.0,2.0,6.46666666666667,2.0,1.0,0.0,0.677570093457944,1.0,2.0,0.6439792,0.3560208
838,94,8.0,0.0,1.0,1.0,0.0,2.0,3.0,1.0,0.0,3.0,22.0,0.35,1.0,78.0,1.0,1.0,14.0,2.0,6.46666666666667,2.0,1.0,0.0,1.0,1.0,2.0,0.8541159,0.14588411
838,95,8.0,0.0,1.0,1.0,0.0,2.0,3.0,1.0,0.0,8.0,22.0,0.35,1.0,78.0,1.0,1.0,14.0,2.0,6.46666666666667,2.0,1.0,0.0,1.1,1.1,2.0,0.56161165,0.43838832
838,96,8.0,0.0,1.0,1.0,0.0,2.0,3.0,1.0,0.0,8.0,128.0,0.35,1.0,78.0,6.0,1.0,14.0,2.0,6.46666666666667,2.0,1.0,0.0,0.677570093457944,1.0,2.0,0.5306065,0.4693935
838,97,8.0,0.0,1.0,1.0,0.0,2.0,3.0,12.0,0.0,8.0,22.0,0.35,1.0,78.0,1.0,1.0,2.0,2.0,6.46666666666667,2.0,1.0,0.0,0.677570093457944,1.0,2.0,0.5094743,0.49052572
838,98,8.0,0.0,1.0,1.0,0.0,2.0,3.0,1.0,0.0,8.0,22.0,0.35,1.0,78.0,1.0,1.0,2.0,2.0,6.46666666666667,2.0,1.0,0.0,0.677570093457944,1.0,3.0,0.6644151,0.33558485
838,99,8.0,0.0,1.0,1.0,0.0,2.0,3.0,1.0,0.0,8.0,22.0,0.35,1.0,78.0,0.0,1.0,0.0,2.0,6.46666666666667,2.0,1.0,0.0,0.677570093457944,1.0,2.0,0.6093539,0.3906461
855,0,2.0,3.0,1.0,1.0,0.0,0.0,3.0,4.0,1.0,10.0,50.0,0.1,0.0,93.0,1.0,0.0,16.0,2.0,2.76785714285714,0.0,1.0,0.0,0.463030303030303,1.1,2.0,0.6410403,0.35895967
855,1,2.0,3.0,1.0,1.0,0.0,0.0,3.0,4.0,1.0,3.0,50.0,0.1,0.0,25.0,1.0,0.0,16.0,2.0,2.76785714285714,0.0,1.0,0.0,0.463030303030303,0.8,2.0,0.822037,0.17796305
855,2,2.0,3.0,1.0,1.0,0.0,0.0,3.0,4.0,1.0,10.0,50.0,0.1,0.0,93.0,1.0,0.0,16.0,2.0,24.8,0.0,1.0,0.0,0.463030303030303,0.8,2.0,0.6617234,0.3382766
855,3,21.0,3.0,1.0,1.0,0.0,0.0,3.0,4.0,1.0,33.0,50.0,0.1,0.0,93.0,6.0,0.0,16.0,2.0,2.76785714285714,0.0,1.0,0.0,1.0,0.8,2.0,0.6174358,0.38256422
855,4,2.0,3.0,1.0,1.0,0.0,0.0,3.0,4.0,1.0,33.0,50.0,6.4,0.0,93.0,1.0,0.0,16.0,2.0,44.8,0.0,1.0,0.0,1.0,0.8,2.0,0.6425801,0.3574199
855,5,2.0,3.0,1.0,1.0,0.0,0.0,3.0,4.0,1.0,2.0,50.0,0.1,0.0,93.0,1.0,0.0,16.0,2.0,2.76785714285714,0.0,1.0,0.0,0.463030303030303,0.3,4.0,0.8518287,0.14817128
855,6,2.0,3.0,1.0,1.0,0.0,12.0,3.0,4.0,1.0,3.0,125.0,0.1,0.0,93.0,1.0,0.0,16.0,2.0,2.76785714285714,0.0,1.0,0.0,0.463030303030303,0.8,2.0,0.5505218,0.4494782
855,7,2.0,3.0,1.0,1.0,0.0,0.0,3.0,4.0,1.0,33.0,50.0,0.1,0.0,97.0,1.0,11.0,16.0,2.0,2.76785714285714,0.0,1.0,0.0,1.1,0.8,2.0,0.56507325,0.43492675
855,8,2.0,3.0,1.0,1.0,0.0,0.0,3.0,4.0,1.0,33.0,50.0,0.1,0.0,93.0,1.0,23.0,16.0,2.0,2.76785714285714,0.0,1.0,0.0,1.1,0.8,2.0,0.56507325,0.43492675
855,9,2.0,3.0,1.0,1.0,0.0,0.0,3.0,4.0,1.0,0.0,50.0,0.1,0.0,93.0,1.0,0.0,16.0,2.0,2.76785714285714,0.0,1.0,0.0,0.463030303030303,0.8,2.0,0.6592008,0.34079918
855,10,2.0,3.0,1.0,1.0,0.0,0.0,3.0,4.0,1.0,33.0,50.0,1.37,0.0,93.0,1.0,0.0,16.0,2.0,2.76785714285714,0.0,1.0,0.0,0.463030303030303,0.2,2.0,0.6304469,0.36955312
855,11,2.0,3.0,1.0,1.0,0.0,0.0,3.0,4.0,1.0,33.0,50.0,0.1,0.0,93.0,1.0,0.0,16.0,2.0,43.2,0.0,1.0,0.0,1.0,0.8,2.0,0.55685174,0.44314823
855,12,2.0,3.0,1.0,1.0,0.0,0.0,3.0,4.0,1.0,0.0,50.0,0.1,0.0,93.0,1.0,2.0,16.0,2.0,2.76785714285714,0.0,1.0,0.0,0.463030303030303,0.8,2.0,0.68405485,0.31594512
855,13,2.0,21.0,1.0,1.0,0.0,0.0,3.0,4.0,1.0,33.0,13.0,0.1,0.0,93.0,1.0,0.0,16.0,2.0,2.76785714285714,0.0,1.0,0.0,0.463030303030303,0.1,2.0,0.6044432,0.39555678
855,14,2.0,3.0,1.0,1.0,0.0,0.0,3.0,4.0,1.0,33.0,50.0,6.4,0.0,93.0,1.0,0.0,16.0,2.0,2.76785714285714,0.0,1.0,0.0,1.0,0.8,2.0,0.512306,0.487694
855,15,2.0,3.0,1.0,1.0,0.0,0.0,3.0,4.0,1.0,33.0,143.0,0.1,0.0,93.0,1.0,0.0,0.0,2.0,2.76785714285714,0.0,1.0,0.0,0.463030303030303,0.1,2.0,0.56266546,0.43733454
855,16,2.0,3.0,1.0,1.0,0.0,0.0,3.0,4.0,1.0,33.0,50.0,7.46,0.0,93.0,1.0,0.0,16.0,2.0,2.76785714285714,0.0,1.0,0.0,1.1,1.1,2.0,0.55603164,0.44396836
855,17,2.0,3.0,1.0,33.0,0.0,0.0,3.0,4.0,1.0,33.0,50.0,0.1,0.0,93.0,0.0,0.0,16.0,2.0,2.76785714285714,0.0,1.0,0.0,1.0,0.8,2.0,0.5082363,0.49176374
855,18,2.0,3.0,1.0,1.0,0.0,0.0,3.0,4.0,1.0,2.0,50.0,0.1,0.0,93.0,1.0,0.0,16.0,2.0,2.76785714285714,0.0,1.0,0.0,0.463030303030303,0.8,2.0,0.66360635,0.33639365
855,19,2.0,3.0,1.0,1.0,0.0,0.0,3.0,4.0,1.0,2.0,50.0,0.1,0.0,93.0,1.0,0.0,67.0,2.0,2.76785714285714,0.0,1.0,0.0,0.463030303030303,0.8,2.0,0.6923959,0.3076041
855,20,2.0,3.0,1.0,1.0,0.0,0.0,3.0,4.0,1.0,4.0,50.0,0.1,0.0,93.0,1.0,0.0,47.0,2.0,2.76785714285714,0.0,1.0,0.0,0.463030303030303,0.4,2.0,0.8524073,0.14759274
855,21,2.0,3.0,1.0,60.0,0.0,0.0,3.0,4.0,1.0,33.0,50.0,0.1,0.0,93.0,1.0,0.0,16.0,2.0,2.76785714285714,0.0,1.0,0.0,1.0,0.8,2.0,0.5082363,0.49176374
855,22,2.0,2.0,1.0,1.0,0.0,0.0,3.0,4.0,1.0,33.0,50.0,1.87,0.0,93.0,1.0,0.0,16.0,2.0,2.76785714285714,0.0,1.0,0.0,0.463030303030303,0.3,2.0,0.6459711,0.35402888
855,23,2.0,3.0,1.0,1.0,0.0,0.0,3.0,4.0,1.0,3.0,50.0,0.1,0.0,93.0,1.0,0.0,16.0,2.0,2.76785714285714,11.0,1.0,0.0,0.463030303030303,0.8,2.0,0.626757,0.373243
855,24,2.0,3.0,1.0,1.0,0.0,0.0,10.0,4.0,1.0,6.0,50.0,7.02,0.0,93.0,1.0,0.0,16.0,2.0,2.76785714285714,0.0,1.0,0.0,0.463030303030303,0.8,2.0,0.5399788,0.4600212
855,25,2.0,3.0,1.0,1.0,0.0,0.0,3.0,4.0,1.0,56.0,50.0,0.1,6.0,93.0,1.0,0.0,16.0,2.0,2.76785714285714,0.0,1.0,0.0,1.0,0.8,2.0,0.5980978,0.40190217
855,26,2.0,3.0,1.0,1.0,0.0,0.0,3.0,4.0,1.0,0.0,50.0,0.1,0.0,93.0,8.0,0.0,43.0,2.0,2.76785714285714,0.0,1.0,0.0,0.463030303030303,0.8,2.0,0.7794483,0.22055174
855,27,2.0,3.0,0.0,1.0,0.0,0.0,3.0,4.0,1.0,33.0,50.0,4.77,0.0,93.0,1.0,0.0,1.0,2.0,2.76785714285714,0.0,1.0,0.0,0.463030303030303,0.8,2.0,0.78363514,0.21636489
855,28,2.0,3.0,1.0,1.0,2.0,0.0,9.0,4.0,1.0,2.0,50.0,0.1,0.0,93.0,1.0,0.0,16.0,2.0,2.76785714285714,0.0,1.0,0.0,0.463030303030303,0.8,2.0,0.555223,0.44477704
855,29,2.0,3.0,1.0,1.0,0.0,0.0,3.0,4.0,1.0,5.0,50.0,0.1,0.0,93.0,1.0,0.0,16.0,2.0,2.76785714285714,0.0,1.0,0.0,0.463030303030303,0.2,2.0,0.7246934,0.2753066
855,30,2.0,3.0,1.0,1.0,0.0,0.0,12.0,4.0,1.0,33.0,50.0,0.1,0.0,93.0,1.0,0.0,9.0,2.0,2.76785714285714,0.0,1.0,0.0,0.463030303030303,0.1,2.0,0.5543544,0.4456456
855,31,2.0,3.0,1.0,1.0,0.0,0.0,3.0,12.0,1.0,17.0,50.0,0.1,0.0,93.0,1.0,0.0,16.0,2.0,13.4,0.0,1.0,0.0,0.463030303030303,0.8,2.0,0.57813644,0.42186353
855,32,2.0,3.0,1.0,1.0,0.0,0.0,3.0,4.0,1.0,15.0,50.0,0.1,0.0,93.0,1.0,0.0,16.0,2.0,2.76785714285714,0.0,1.0,0.0,1.1,0.8,2.0,0.8875293,0.11247071
855,33,2.0,3.0,1.0,1.0,25.0,0.0,3.0,4.0,1.0,33.0,50.0,0.1,0.0,93.0,1.0,39.0,16.0,2.0,2.76785714285714,0.0,1.0,0.0,1.1,0.8,2.0,0.5518575,0.44814253
855,34,2.0,3.0,1.0,1.0,0.0,0.0,3.0,4.0,25.0,4.0,50.0,0.1,0.0,93.0,1.0,0.0,16.0,2.0,14.2,0.0,1.0,0.0,0.463030303030303,0.8,2.0,0.86955833,0.13044165
855,35,2.0,3.0,4.0,1.0,0.0,0.0,3.0,4.0,1.0,33.0,50.0,0.1,6.0,93.0,1.0,0.0,16.0,2.0,2.76785714285714,0.0,1.0,0.0,1.0,0.8,2.0,0.5546982,0.4453018
855,36,2.0,3.0,1.0,1.0,0.0,0.0,3.0,4.0,1.0,3.0,136.0,0.1,0.0,93.0,1.0,0.0,20.0,2.0,2.76785714285714,0.0,1.0,0.0,0.463030303030303,0.8,2.0,0.6923959,0.3076041
855,37,2.0,3.0,1.0,1.0,0.0,0.0,3.0,4.0,1.0,14.0,50.0,0.1,0.0,93.0,1.0,0.0,31.0,2.0,51.8,0.0,1.0,0.0,0.463030303030303,0.8,2.0,0.5165131,0.4834869
855,38,2.0,3.0,1.0,1.0,0.0,0.0,3.0,4.0,1.0,1.0,50.0,0.1,0.0,93.0,1.0,0.0,16.0,2.0,2.76785714285714,0.0,13.0,0.0,0.463030303030303,0.4,2.0,0.87369984,0.12630014
855,39,2.0,3.0,1.0,1.0,0.0,0.0,3.0,4.0,1.0,33.0,0.0,0.1,0.0,93.0,1.0,0.0,50.0,2.0,2.76785714285714,0.0,1.0,0.0,0.7,0.8,2.0,0.5217638,0.4782362
855,40,2.0,3.0,1.0,55.0,6.0,0.0,3.0,4.0,1.0,3.0,50.0,0.1,0.0,93.0,1.0,0.0,16.0,2.0,2.76785714285714,0.0,1.0,0.0,0.463030303030303,0.8,2.0,0.5028467,0.49715325
855,41,2.0,3.0,1.0,90.0,0.0,0.0,3.0,4.0,1.0,33.0,50.0,0.1,0.0,35.0,1.0,0.0,16.0,2.0,2.76785714285714,0.0,1.0,0.0,1.0,0.8,2.0,0.5562688,0.44373116
855,42,2.0,3.0,1.0,1.0,0.0,0.0,3.0,4.0,1.0,4.0,50.0,0.1,0.0,93.0,1.0,0.0,16.0,2.0,2.76785714285714,33.0,1.0,0.0,0.463030303030303,0.8,2.0,0.59651923,0.40348074
855,43,2.0,3.0,1.0,1.0,0.0,0.0,3.0,4.0,1.0,8.0,50.0,0.1,0.0,93.0,0.0,0.0,16.0,2.0,2.76785714285714,0.0,1.0,0.0,0.463030303030303,0.4,2.0,0.86243504,0.13756494
855,44,2.0,3.0,1.0,1.0,0.0,0.0,3.0,4.0,1.0,2.0,63.0,0.1,0.0,93.0,1.0,0.0,16.0,2.0,2.76785714285714,0.0,1.0,0.0,0.463030303030303,0.8,2.0,0.66360635,0.33639365
855,45,2.0,3.0,1.0,1.0,0.0,0.0,3.0,5.0,1.0,33.0,50.0,0.1,0.0,93.0,1.0,0.0,16.0,2.0,2.76785714285714,0.0,1.0,0.0,1.1,0.8,2.0,0.54304016,0.45695987
855,46,2.0,3.0,1.0,1.0,0.0,0.0,3.0,4.0,1.0,2.0,50.0,0.1,0.0,93.0,1.0,48.0,16.0,2.0,2.76785714285714,0.0,1.0,0.0,0.463030303030303,0.8,2.0,0.68889946,0.31110054
855,47,2.0,3.0,1.0,69.0,0.0,0.0,3.0,4.0,1.0,33.0,50.0,0.1,0.0,93.0,1.0,0.0,16.0,2.0,2.76785714285714,0.0,1.0,0.0,1.0,0.8,2.0,0.5082363,0.49176374
855,48,2.0,3.0,1.0,1.0,0.0,0.0,3.0,4.0,1.0,1.0,50.0,0.1,0.0,93.0,1.0,0.0,16.0,2.0,2.76785714285714,0.0,1.0,0.0,0.463030303030303,0.8,2.0,0.66360635,0.33639365
855,49,2.0,3.0,1.0,1.0,0.0,0.0,3.0,4.0,1.0,33.0,50.0,1.47,0.0,93.0,1.0,0.0,16.0,2.0,2.76785714285714,7.0,1.0,0.0,0.463030303030303,0.2,2.0,0.5380913,0.46190867
855,50,2.0,3.0,1.0,1.0,0.0,0.0,3.0,4.0,1.0,33.0,50.0,0.1,0.0,93.0,5.0,0.0,16.0,2.0,2.76785714285714,0.0,1.0,0.0,1.1,0.8,2.0,0.57692224,0.42307776
855,51,2.0,3.0,1.0,1.0,0.0,0.0,11.0,13.0,1.0,33.0,50.0,0.1,0.0,93.0,1.0,0.0,16.0,2.0,2.76785714285714,0.0,1.0,0.0,1.0,0.8,2.0,0.6224226,0.37757745
855,52,2.0,3.0,1.0,1.0,0.0,0.0,3.0,4.0,1.0,33.0,50.0,0.1,0.0,93.0,1.0,31.0,6.0,2.0,16.2,0.0,1.0,0.0,0.463030303030303,0.8,2.0,0.5086835,0.4913165
855,53,2.0,3.0,1.0,1.0,0.0,0.0,3.0,4.0,1.0,33.0,50.0,0.1,0.0,93.0,1.0,0.0,16.0,2.0,46.0,0.0,1.0,0.0,1.0,0.8,2.0,0.55685174,0.44314823
855,54,2.0,3.0,1.0,76.0,0.0,0.0,3.0,8.0,1.0,33.0,50.0,0.1,0.0,93.0,1.0,0.0,16.0,2.0,2.76785714285714,0.0,1.0,0.0,1.0,0.8,2.0,0.65094745,0.34905255
855,55,2.0,3.0,1.0,1.0,0.0,0.0,10.0,4.0,1.0,33.0,50.0,2.53,0.0,93.0,1.0,0.0,16.0,2.0,2.76785714285714,0.0,1.0,0.0,0.463030303030303,0.4,2.0,0.5022859,0.4977141
855,56,2.0,3.0,1.0,1.0,0.0,8.0,4.0,4.0,1.0,1.0,50.0,0.1,0.0,93.0,1.0,0.0,16.0,2.0,2.76785714285714,0.0,1.0,0.0,0.463030303030303,0.8,2.0,0.62559414,0.3744059
855,57,2.0,3.0,1.0,1.0,0.0,0.0,3.0,4.0,1.0,43.0,50.0,0.1,0.0,93.0,1.0,0.0,16.0,2.0,50.6,0.0,1.0,0.0,1.1,0.8,2.0,0.55685174,0.44314823
855,58,2.0,3.0,1.0,1.0,0.0,12.0,3.0,4.0,1.0,4.0,50.0,0.1,0.0,93.0,1.0,0.0,16.0,2.0,2.76785714285714,0.0,1.0,0.0,0.463030303030303,0.8,2.0,0.5546384,0.4453616
855,59,2.0,3.0,1.0,67.0,23.0,0.0,3.0,4.0,1.0,3.0,50.0,0.1,0.0,93.0,1.0,0.0,16.0,2.0,2.76785714285714,0.0,1.0,0.0,0.463030303030303,0.8,2.0,0.5028467,0.49715325
855,60,2.0,3.0,1.0,64.0,0.0,0.0,3.0,4.0,1.0,0.0,50.0,0.1,0.0,93.0,1.0,2.0,16.0,2.0,2.76785714285714,0.0,1.0,0.0,0.463030303030303,0.8,2.0,0.71814984,0.28185016
855,61,2.0,3.0,1.0,1.0,0.0,0.0,9.0,4.0,1.0,33.0,50.0,0.1,0.0,93.0,1.0,0.0,16.0,2.0,2.76785714285714,0.0,7.0,0.0,1.0,0.8,2.0,0.5035684,0.49643162
855,62,2.0,3.0,1.0,1.0,0.0,0.0,3.0,4.0,1.0,3.0,50.0,0.1,2.0,93.0,1.0,0.0,16.0,2.0,2.76785714285714,11.0,1.0,0.0,0.463030303030303,0.8,2.0,0.5526023,0.44739768
855,63,17.0,3.0,1.0,1.0,0.0,0.0,3.0,4.0,1.0,1.0,50.0,0.1,0.0,93.0,1.0,0.0,16.0,9.0,2.76785714285714,0.0,1.0,0.0,0.463030303030303,0.8,2.0,0.6670213,0.33297876
855,64,2.0,3.0,1.0,1.0,0.0,0.0,3.0,4.0,1.0,33.0,50.0,0.1,0.0,93.0,1.0,45.0,16.0,2.0,2.76785714285714,0.0,1.0,0.0,1.0,0.8,2.0,0.56507325,0.43492675
855,65,2.0,3.0,1.0,74.0,0.0,0.0,3.0,4.0,1.0,33.0,50.0,0.1,0.0,93.0,1.0,0.0,16.0,2.0,2.76785714285714,0.0,26.0,0.0,1.1,0.8,2.0,0.534355,0.46564502
855,66,2.0,3.0,1.0,1.0,0.0,0.0,3.0,4.0,1.0,33.0,50.0,1.54,0.0,93.0,1.0,0.0,16.0,2.0,2.76785714285714,0.0,1.0,0.0,0.463030303030303,0.2,2.0,0.6304469,0.36955312
855,67,2.0,3.0,1.0,1.0,0.0,0.0,3.0,4.0,1.0,2.0,50.0,0.1,0.0,93.0,5.0,0.0,16.0,8.0,2.76785714285714,0.0,1.0,0.0,0.463030303030303,0.8,2.0,0.69450414,0.30549586
855,68,2.0,3.0,1.0,1.0,0.0,0.0,10.0,4.0,1.0,8.0,50.0,1.87,0.0,93.0,1.0,0.0,16.0,2.0,2.76785714285714,0.0,1.0,0.0,0.463030303030303,0.8,2.0,0.54158634,0.45841366
855,69,2.0,3.0,1.0,1.0,0.0,0.0,3.0,4.0,1.0,0.0,50.0,0.1,0.0,93.0,1.0,0.0,70.0,2.0,2.76785714285714,0.0,1.0,0.0,0.463030303030303,0.8,2.0,0.6881903,0.31180972
855,70,2.0,3.0,1.0,1.0,0.0,0.0,3.0,4.0,1.0,0.0,50.0,0.1,0.0,93.0,1.0,43.0,16.0,2.0,2.76785714285714,0.0,1.0,0.0,0.463030303030303,0.8,2.0,0.68889946,0.31110054
855,71,2.0,39.0,1.0,1.0,0.0,0.0,3.0,4.0,1.0,3.0,50.0,0.1,0.0,93.0,1.0,0.0,16.0,2.0,2.76785714285714,39.0,1.0,0.0,0.463030303030303,0.8,2.0,0.6123834,0.38761657
855,72,6.0,3.0,1.0,1.0,0.0,0.0,3.0,4.0,1.0,3.0,50.0,0.1,0.0,93.0,1.0,0.0,16.0,2.0,2.76785714285714,0.0,1.0,0.0,0.463030303030303,0.8,2.0,0.75265336,0.24734667
855,73,3.0,3.0,1.0,1.0,0.0,0.0,3.0,4.0,1.0,10.0,50.0,0.1,0.0,93.0,1.0,0.0,16.0,2.0,40.0,0.0,1.0,0.0,0.463030303030303,0.8,2.0,0.7510819,0.24891812
855,74,2.0,3.0,1.0,1.0,0.0,0.0,3.0,4.0,1.0,33.0,50.0,7.27,0.0,93.0,1.0,0.0,16.0,2.0,2.76785714285714,0.0,1.0,0.0,1.1,1.1,2.0,0.55603164,0.44396836
855,75,2.0,3.0,1.0,1.0,0.0,0.0,3.0,16.0,1.0,33.0,50.0,0.1,0.0,93.0,1.0,0.0,16.0,2.0,2.76785714285714,0.0,1.0,0.0,1.1,0.8,2.0,0.5749002,0.4250998
855,76,2.0,3.0,1.0,1.0,0.0,0.0,3.0,4.0,1.0,24.0,50.0,0.1,7.0,93.0,1.0,0.0,16.0,2.0,2.76785714285714,0.0,1.0,0.0,1.0,0.8,2.0,0.5980978,0.40190217
855,77,2.0,3.0,1.0,1.0,0.0,0.0,3.0,4.0,1.0,0.0,50.0,0.1,0.0,32.0,1.0,0.0,70.0,2.0,2.76785714285714,0.0,1.0,0.0,0.463030303030303,0.8,2.0,0.8685564,0.13144362
855,78,2.0,3.0,1.0,1.0,0.0,0.0,3.0,4.0,1.0,4.0,50.0,0.1,0.0,93.0,1.0,28.0,16.0,2.0,2.76785714285714,33.0,1.0,0.0,0.463030303030303,0.8,2.0,0.65337354,0.34662646
855,79,2.0,3.0,1.0,1.0,0.0,0.0,3.0,4.0,1.0,0.0,50.0,0.1,0.0,93.0,1.0,43.0,16.0,2.0,2.76785714285714,0.0,1.0,0.0,0.463030303030303,0.4,2.0,0.8658309,0.13416912
855,80,2.0,3.0,1.0,83.0,0.0,0.0,3.0,4.0,1.0,33.0,50.0,0.1,0.0,93.0,5.0,0.0,16.0,2.0,2.76785714285714,0.0,1.0,0.0,1.1,0.8,2.0,0.6349824,0.3650176
855,81,2.0,3.0,1.0,1.0,0.0,7.0,3.0,4.0,1.0,3.0,50.0,0.1,0.0,93.0,1.0,0.0,16.0,2.0,2.76785714285714,0.0,26.0,0.0,0.463030303030303,0.8,2.0,0.6362715,0.3637285
855,82,2.0,3.0,1.0,1.0,0.0,0.0,14.0,4.0,1.0,3.0,50.0,0.1,0.0,93.0,1.0,0.0,16.0,2.0,2.76785714285714,0.0,1.0,0.0,0.4,0.8,2.0,0.77094644,0.22905356
855,83,2.0,3.0,1.0,1.0,0.0,0.0,3.0,4.0,1.0,33.0,50.0,6.58,0.0,93.0,1.0,0.0,16.0,2.0,46.0,0.0,1.0,0.0,1.0,0.8,2.0,0.6425801,0.3574199
855,84,17.0,3.0,1.0,1.0,0.0,0.0,3.0,4.0,1.0,0.0,50.0,0.1,0.0,94.0,1.0,0.0,16.0,2.0,2.76785714285714,0.0,1.0,0.0,0.463030303030303,0.8,2.0,0.7489729,0.25102714
855,85,2.0,3.0,1.0,1.0,0.0,0.0,3.0,4.0,1.0,33.0,50.0,4.09,0.0,93.0,1.0,0.0,4.0,2.0,2.76785714285714,0.0,1.0,0.0,0.463030303030303,0.8,2.0,0.59296954,0.40703043
855,86,2.0,3.0,1.0,1.0,0.0,0.0,3.0,4.0,1.0,33.0,50.0,0.1,0.0,76.0,1.0,0.0,16.0,2.0,43.2,0.0,1.0,0.0,1.0,0.8,2.0,0.50620365,0.49379632
855,87,2.0,3.0,1.0,28.0,0.0,0.0,1.0,4.0,1.0,7.0,50.0,0.1,0.0,93.0,1.0,0.0,16.0,2.0,2.76785714285714,0.0,1.0,0.0,0.463030303030303,0.8,2.0,0.5698078,0.43019217
855,88,2.0,3.0,1.0,1.0,0.0,0.0,3.0,4.0,1.0,0.0,50.0,0.1,0.0,19.0,1.0,0.0,16.0,2.0,2.76785714285714,0.0,1.0,0.0,1.0,0.8,2.0,0.9726506,0.027349394
855,89,2.0,3.0,1.0,1.0,0.0,0.0,3.0,4.0,1.0,3.0,50.0,0.1,0.0,93.0,1.0,0.0,16.0,2.0,2.76785714285714,0.0,1.0,0.0,0.463030303030303,0.8,2.0,0.66360635,0.33639365
855,90,2.0,3.0,1.0,19.0,0.0,0.0,3.0,4.0,1.0,3.0,50.0,0.1,0.0,93.0,1.0,0.0,16.0,2.0,2.76785714285714,0.0,1.0,0.0,0.463030303030303,0.8,2.0,0.68790305,0.31209698
855,91,2.0,40.0,1.0,1.0,0.0,0.0,3.0,4.0,1.0,33.0,50.0,0.1,3.0,93.0,1.0,0.0,16.0,2.0,2.76785714285714,0.0,1.0,0.0,1.0,0.8,2.0,0.67944944,0.32055056
855,92,2.0,39.0,1.0,1.0,0.0,0.0,3.0,4.0,1.0,3.0,50.0,0.1,0.0,93.0,1.0,0.0,16.0,2.0,2.76785714285714,0.0,1.0,0.0,0.463030303030303,0.8,2.0,0.6498592,0.35014084
855,93,2.0,3.0,1.0,1.0,0.0,0.0,3.0,4.0,1.0,33.0,50.0,0.1,2.0,93.0,1.0,0.0,16.0,2.0,2.76785714285714,16.0,1.0,0.0,1.0,0.8,2.0,0.5034125,0.49658749
855,94,2.0,3.0,1.0,1.0,0.0,0.0,3.0,4.0,1.0,33.0,50.0,1.54,0.0,93.0,1.0,26.0,16.0,2.0,2.76785714285714,0.0,1.0,0.0,0.463030303030303,0.2,2.0,0.81783843,0.18216158
855,95,3.0,3.0,1.0,1.0,0.0,9.0,3.0,4.0,1.0,33.0,50.0,0.1,0.0,93.0,1.0,0.0,16.0,2.0,2.76785714285714,0.0,1.0,0.0,1.0,0.8,2.0,0.5082502,0.49174982
855,96,2.0,3.0,1.0,1.0,0.0,0.0,3.0,2.0,1.0,18.0,50.0,0.1,0.0,93.0,1.0,0.0,16.0,2.0,2.76785714285714,0.0,1.0,0.0,0.463030303030303,0.2,2.0,0.82559717,0.17440286
855,97,2.0,3.0,1.0,54.0,0.0,0.0,3.0,4.0,1.0,33.0,50.0,7.35,0.0,93.0,1.0,0.0,16.0,2.0,2.76785714285714,0.0,1.0,0.0,1.1,0.8,2.0,0.724595,0.275405
855,98,2.0,3.0,1.0,1.0,0.0,0.0,3.0,4.0,1.0,21.0,50.0,0.1,0.0,93.0,0.0,0.0,16.0,2.0,2.76785714285714,0.0,1.0,0.0,0.463030303030303,0.2,2.0,0.5578759,0.4421241
855,99,2.0,3.0,1.0,1.0,0.0,0.0,3.0,4.0,1.0,33.0,50.0,0.1,6.0,93.0,1.0,0.0,16.0,2.0,46.0,0.0,1.0,0.0,1.0,0.8,2.0,0.6979755,0.3020245
857,0,2.0,1.0,2.0,1.0,0.0,0.0,3.0,4.0,2.0,12.0,35.0,0.1,1.0,90.0,2.0,0.0,6.0,2.0,2.875,0.0,1.0,0.0,0.584040747028862,1.0,4.0,0.51028085,0.48971915
857,1,2.0,1.0,2.0,1.0,0.0,0.0,3.0,4.0,2.0,26.0,35.0,0.1,1.0,90.0,2.0,45.0,18.0,2.0,2.875,0.0,1.0,0.0,1.0,1.0,4.0,0.53115153,0.46884844
857,2,2.0,1.0,2.0,1.0,0.0,0.0,3.0,4.0,2.0,26.0,35.0,1.76,1.0,90.0,2.0,0.0,18.0,2.0,2.875,0.0,1.0,3.0,0.584040747028862,0.3,4.0,0.60652316,0.39347687
857,3,2.0,2.0,2.0,1.0,0.0,0.0,3.0,4.0,2.0,26.0,35.0,1.87,1.0,90.0,2.0,0.0,18.0,2.0,2.875,0.0,1.0,0.0,0.584040747028862,0.3,4.0,0.5268854,0.4731146
857,4,2.0,1.0,2.0,1.0,0.0,0.0,3.0,4.0,2.0,26.0,0.0,0.1,1.0,90.0,2.0,0.0,18.0,2.0,2.875,0.0,1.0,0.0,0.7,1.0,4.0,0.62949085,0.37050918
857,5,2.0,1.0,2.0,1.0,0.0,0.0,3.0,4.0,2.0,55.0,14.0,0.1,1.0,90.0,2.0,0.0,8.0,2.0,2.875,0.0,1.0,0.0,0.584040747028862,1.0,4.0,0.8132683,0.18673173
857,6,2.0,1.0,2.0,67.0,23.0,0.0,3.0,4.0,2.0,3.0,35.0,0.1,1.0,90.0,2.0,0.0,18.0,2.0,2.875,0.0,1.0,0.0,0.584040747028862,1.0,4.0,0.5515286,0.44847143
857,7,2.0,1.0,2.0,1.0,0.0,0.0,5.0,4.0,2.0,7.0,35.0,0.1,1.0,90.0,2.0,0.0,18.0,2.0,2.875,0.0,1.0,0.0,0.584040747028862,1.0,4.0,0.67499846,0.32500154
857,8,2.0,1.0,2.0,1.0,0.0,0.0,9.0,4.0,2.0,26.0,35.0,0.1,1.0,90.0,2.0,0.0,18.0,2.0,2.875,0.0,7.0,0.0,1.0,1.0,4.0,0.50157654,0.49842343
857,9,2.0,1.0,2.0,1.0,0.0,0.0,3.0,4.0,2.0,12.0,35.0,0.1,7.0,90.0,2.0,0.0,18.0,2.0,20.2,0.0,1.0,0.0,0.584040747028862,1.0,4.0,0.57141274,0.42858726
857,10,2.0,1.0,2.0,1.0,0.0,0.0,3.0,4.0,2.0,26.0,35.0,0.1,1.0,90.0,2.0,0.0,5.0,2.0,41.9,0.0,1.0,0.0,0.584040747028862,1.0,4.0,0.56517416,0.43482584
857,11,2.0,1.0,2.0,1.0,0.0,0.0,3.0,4.0,27.0,10.0,35.0,0.1,1.0,90.0,2.0,0.0,18.0,2.0,2.875,0.0,1.0,0.0,1.1,1.0,4.0,0.51527655,0.48472342
857,12,2.0,1.0,2.0,55.0,6.0,0.0,3.0,4.0,2.0,3.0,35.0,0.1,1.0,90.0,2.0,0.0,18.0,2.0,2.875,0.0,1.0,0.0,0.584040747028862,1.0,4.0,0.5515286,0.44847143
857,13,2.0,1.0,2.0,1.0,0.0,0.0,3.0,4.0,2.0,14.0,35.0,0.1,1.0,90.0,2.0,0.0,18.0,2.0,43.1,0.0,1.0,0.0,0.584040747028862,1.0,4.0,0.67694384,0.32305616
857,14,13.0,1.0,2.0,1.0,0.0,0.0,3.0,4.0,2.0,5.0,35.0,0.1,1.0,90.0,2.0,0.0,18.0,2.0,2.875,0.0,1.0,0.0,0.584040747028862,1.0,4.0,0.7534578,0.2465422
857,15,2.0,1.0,2.0,1.0,0.0,0.0,3.0,4.0,2.0,56.0,35.0,0.1,6.0,90.0,2.0,0.0,18.0,2.0,2.875,0.0,1.0,0.0,1.0,1.0,4.0,0.5148151,0.48518488
857,16,2.0,1.0,1.0,87.0,0.0,0.0,3.0,4.0,2.0,1.0,35.0,0.1,1.0,90.0,2.0,0.0,18.0,2.0,2.875,0.0,1.0,0.0,0.584040747028862,1.0,4.0,0.9214143,0.0785857
857,17,2.0,1.0,2.0,1.0,0.0,0.0,3.0,4.0,2.0,26.0,8.0,0.1,1.0,90.0,2.0,24.0,18.0,2.0,2.875,0.0,1.0,0.0,0.584040747028862,0.5,4.0,0.59997547,0.40002453
857,18,2.0,1.0,2.0,1.0,0.0,0.0,3.0,4.0,2.0,5.0,35.0,0.1,1.0,90.0,2.0,0.0,18.0,8.0,2.875,0.0,1.0,0.0,0.584040747028862,1.0,4.0,0.5933032,0.4066968
857,19,2.0,1.0,2.0,1.0,0.0,10.0,3.0,4.0,2.0,0.0,35.0,0.1,1.0,90.0,2.0,0.0,18.0,8.0,2.875,0.0,1.0,0.0,0.584040747028862,1.0,4.0,0.638281,0.36171904
857,20,2.0,1.0,2.0,1.0,0.0,0.0,3.0,4.0,2.0,6.0,35.0,0.1,1.0,90.0,2.0,50.0,18.0,2.0,2.875,0.0,1.0,0.0,0.584040747028862,1.0,4.0,0.64753056,0.35246944
857,21,2.0,1.0,2.0,10.0,0.0,0.0,3.0,4.0,2.0,26.0,8.0,2.7,1.0,90.0,2.0,0.0,18.0,2.0,2.875,0.0,1.0,0.0,0.584040747028862,1.0,4.0,0.52436376,0.47563624
857,22,2.0,1.0,2.0,1.0,0.0,0.0,3.0,4.0,2.0,8.0,47.0,0.1,1.0,90.0,2.0,0.0,18.0,2.0,21.3,0.0,1.0,0.0,0.584040747028862,1.0,4.0,0.96463555,0.035364445
857,23,2.0,39.0,2.0,1.0,0.0,0.0,3.0,5.0,2.0,5.0,35.0,0.1,1.0,90.0,2.0,0.0,18.0,2.0,2.875,0.0,1.0,0.0,0.584040747028862,1.0,4.0,0.52300304,0.47699696
857,24,2.0,1.0,2.0,1.0,0.0,0.0,3.0,4.0,2.0,8.0,35.0,0.1,1.0,90.0,2.0,0.0,18.0,2.0,17.7,0.0,1.0,0.0,0.584040747028862,1.0,0.0,0.91365504,0.08634496
857,25,2.0,1.0,2.0,19.0,0.0,0.0,3.0,4.0,2.0,3.0,35.0,0.1,1.0,90.0,2.0,0.0,18.0,2.0,2.875,0.0,1.0,0.0,0.584040747028862,1.0,4.0,0.7949299,0.20507008
857,26,11.0,1.0,2.0,1.0,0.0,0.0,3.0,1.0,2.0,8.0,35.0,0.1,1.0,90.0,2.0,0.0,18.0,2.0,2.875,0.0,1.0,0.0,0.584040747028862,1.0,4.0,0.6358264,0.3641736
857,27,2.0,1.0,2.0,1.0,0.0,0.0,3.0,6.0,2.0,26.0,35.0,0.1,1.0,90.0,2.0,0.0,18.0,2.0,2.875,0.0,1.0,0.0,1.0,0.9,4.0,0.64038634,0.35961363
857,28,14.0,1.0,2.0,1.0,0.0,0.0,3.0,4.0,2.0,4.0,35.0,0.1,1.0,90.0,2.0,0.0,18.0,2.0,2.875,0.0,1.0,0.0,0.584040747028862,1.0,4.0,0.7358464,0.26415357
857,29,2.0,1.0,2.0,1.0,0.0,0.0,3.0,9.0,2.0,26.0,35.0,0.1,1.0,90.0,2.0,0.0,18.0,2.0,2.875,0.0,1.0,0.0,1.0,1.0,4.0,0.63658893,0.36341104
857,30,2.0,1.0,2.0,1.0,0.0,0.0,3.0,4.0,2.0,26.0,0.0,0.1,1.0,90.0,2.0,0.0,50.0,2.0,2.875,0.0,1.0,0.0,0.7,1.0,4.0,0.62949085,0.37050918
857,31,2.0,1.0,2.0,1.0,0.0,0.0,3.0,4.0,2.0,5.0,35.0,0.1,1.0,90.0,2.0,0.0,18.0,2.0,2.875,0.0,1.0,0.0,0.584040747028862,1.0,2.0,0.7156497,0.28435025
857,32,2.0,1.0,2.0,1.0,0.0,0.0,3.0,4.0,2.0,26.0,35.0,0.1,1.0,90.0,2.0,42.0,1.0,2.0,2.875,0.0,1.0,0.0,0.584040747028862,1.0,2.0,0.506335,0.49366498
857,33,2.0,1.0,2.0,1.0,0.0,0.0,3.0,4.0,2.0,2.0,30.0,0.1,1.0,90.0,2.0,0.0,18.0,2.0,2.875,0.0,1.0,0.0,0.584040747028862,1.0,4.0,0.59397227,0.40602773
857,34,2.0,1.0,2.0,1.0,0.0,0.0,3.0,4.0,2.0,7.0,35.0,0.1,1.0,90.0,3.0,0.0,18.0,2.0,2.875,0.0,10.0,0.0,0.584040747028862,1.0,4.0,0.6235556,0.3764444
857,35,2.0,1.0,2.0,1.0,0.0,0.0,3.0,4.0,2.0,26.0,35.0,1.37,3.0,90.0,2.0,0.0,18.0,2.0,2.875,0.0,1.0,0.0,0.584040747028862,0.2,4.0,0.7066572,0.2933428
857,36,2.0,1.0,2.0,1.0,0.0,0.0,3.0,4.0,2.0,2.0,30.0,0.1,1.0,90.0,2.0,0.0,18.0,2.0,2.875,0.0,6.0,0.0,0.584040747028862,1.0,4.0,0.59806025,0.40193975
857,37,2.0,1.0,2.0,1.0,0.0,0.0,3.0,4.0,2.0,8.0,35.0,0.1,1.0,90.0,2.0,0.0,18.0,2.0,21.3,0.0,1.0,0.0,0.584040747028862,1.0,4.0,0.93938667,0.060613327
857,38,2.0,39.0,2.0,1.0,0.0,0.0,3.0,4.0,2.0,3.0,35.0,0.1,1.0,90.0,2.0,0.0,18.0,2.0,2.875,0.0,1.0,0.0,0.584040747028862,1.0,4.0,0.5989107,0.4010893
857,39,2.0,1.0,2.0,1.0,0.0,0.0,3.0,4.0,2.0,5.0,95.0,0.1,1.0,90.0,2.0,0.0,18.0,2.0,2.875,0.0,1.0,0.0,0.584040747028862,1.0,4.0,0.8670033,0.13299668
857,40,2.0,1.0,2.0,1.0,0.0,0.0,5.0,4.0,2.0,7.0,35.0,0.89,1.0,90.0,2.0,0.0,18.0,2.0,2.875,0.0,1.0,0.0,0.584040747028862,1.0,4.0,0.7651553,0.23484468
857,41,2.0,1.0,2.0,1.0,0.0,0.0,3.0,4.0,2.0,3.0,35.0,0.1,1.0,25.0,2.0,0.0,18.0,2.0,2.875,0.0,1.0,0.0,0.584040747028862,1.0,4.0,0.5249878,0.47501215
857,42,2.0,1.0,2.0,1.0,0.0,0.0,3.0,4.0,2.0,26.0,0.0,0.1,1.0,90.0,2.0,0.0,18.0,2.0,2.875,0.0,1.0,0.0,0.584040747028862,1.0,4.0,0.53530425,0.46469575
857,43,21.0,1.0,2.0,1.0,0.0,0.0,3.0,4.0,2.0,26.0,35.0,0.1,1.0,90.0,6.0,0.0,18.0,2.0,2.875,0.0,1.0,0.0,1.0,1.0,4.0,0.54629016,0.4537098
857,44,2.0,1.0,2.0,1.0,0.0,0.0,3.0,4.0,2.0,3.0,35.0,0.1,1.0,90.0,2.0,0.0,18.0,2.0,2.875,0.0,9.0,0.0,0.584040747028862,1.0,4.0,0.7102968,0.2897032
857,45,2.0,1.0,2.0,1.0,0.0,0.0,4.0,4.0,2.0,26.0,35.0,0.1,1.0,90.0,2.0,0.0,5.0,2.0,29.9,0.0,1.0,0.0,0.584040747028862,1.0,4.0,0.6009649,0.39903507
857,46,2.0,1.0,3.0,1.0,0.0,0.0,3.0,4.0,2.0,7.0,35.0,0.1,1.0,90.0,2.0,0.0,18.0,2.0,2.875,0.0,1.0,0.0,0.584040747028862,1.0,4.0,0.6009786,0.39902142
857,47,2.0,1.0,2.0,1.0,0.0,0.0,3.0,4.0,2.0,26.0,8.0,0.1,1.0,90.0,2.0,29.0,18.0,2.0,2.875,0.0,1.0,0.0,0.584040747028862,1.0,4.0,0.53820163,0.46179837
857,48,2.0,1.0,2.0,1.0,0.0,0.0,3.0,4.0,2.0,5.0,35.0,0.1,1.0,90.0,2.0,0.0,18.0,2.0,2.875,13.0,1.0,0.0,0.584040747028862,1.0,4.0,0.641814,0.358186
857,49,2.0,1.0,2.0,1.0,0.0,0.0,3.0,4.0,2.0,3.0,35.0,0.1,1.0,90.0,2.0,0.0,18.0,2.0,2.875,0.0,1.0,0.0,0.584040747028862,1.0,4.0,0.7067907,0.2932093
857,50,2.0,1.0,2.0,1.0,0.0,0.0,3.0,4.0,2.0,0.0,35.0,0.1,1.0,90.0,2.0,0.0,18.0,2.0,2.875,41.0,1.0,0.0,0.584040747028862,1.0,4.0,0.6272501,0.37274992
857,51,2.0,1.0,2.0,1.0,0.0,0.0,3.0,4.0,2.0,26.0,35.0,1.54,1.0,90.0,2.0,26.0,18.0,2.0,2.875,0.0,1.0,0.0,0.584040747028862,0.2,4.0,0.76611257,0.23388746
857,52,2.0,1.0,2.0,1.0,0.0,0.0,3.0,4.0,2.0,26.0,35.0,0.1,6.0,90.0,2.0,0.0,18.0,2.0,46.0,0.0,1.0,0.0,1.0,1.0,4.0,0.6824815,0.31751847
857,53,2.0,1.0,2.0,1.0,0.0,0.0,3.0,4.0,2.0,26.0,1.0,0.1,1.0,90.0,2.0,0.0,18.0,2.0,2.875,0.0,1.0,0.0,0.584040747028862,1.0,4.0,0.53530425,0.46469575
857,54,2.0,1.0,2.0,1.0,0.0,0.0,3.0,4.0,2.0,0.0,35.0,0.1,1.0,94.0,2.0,0.0,18.0,2.0,2.875,0.0,1.0,0.0,0.584040747028862,1.0,4.0,0.749099,0.25090095
857,55,2.0,1.0,2.0,1.0,0.0,0.0,3.0,2.0,2.0,18.0,35.0,0.1,1.0,90.0,2.0,0.0,18.0,2.0,2.875,0.0,1.0,0.0,0.584040747028862,0.2,4.0,0.6131495,0.38685048
857,56,2.0,1.0,2.0,1.0,0.0,0.0,10.0,4.0,2.0,26.0,35.0,2.53,1.0,90.0,2.0,0.0,18.0,2.0,2.875,0.0,1.0,0.0,0.584040747028862,0.4,4.0,0.5273694,0.47263065
857,57,2.0,1.0,2.0,1.0,0.0,7.0,3.0,4.0,2.0,3.0,35.0,0.1,1.0,90.0,2.0,0.0,18.0,2.0,2.875,0.0,26.0,0.0,0.584040747028862,1.0,4.0,0.8159833,0.1840167
857,58,2.0,1.0,2.0,1.0,0.0,0.0,3.0,4.0,2.0,5.0,35.0,0.1,1.0,90.0,2.0,0.0,18.0,8.0,2.875,8.0,1.0,0.0,0.584040747028862,1.0,4.0,0.5094738,0.49052623
857,59,2.0,1.0,2.0,1.0,0.0,0.0,3.0,4.0,2.0,0.0,35.0,0.1,1.0,90.0,8.0,0.0,18.0,2.0,2.875,0.0,1.0,0.0,0.584040747028862,1.0,4.0,0.75466746,0.24533252
857,60,2.0,1.0,2.0,1.0,0.0,12.0,3.0,4.0,2.0,3.0,35.0,0.1,1.0,90.0,2.0,0.0,18.0,2.0,2.875,0.0,1.0,0.0,0.584040747028862,1.0,4.0,0.7563791,0.24362089
857,61,2.0,1.0,2.0,19.0,0.0,0.0,3.0,4.0,2.0,3.0,35.0,0.1,9.0,90.0,2.0,0.0,18.0,2.0,2.875,0.0,1.0,0.0,0.584040747028862,1.0,4.0,0.7590122,0.24098775
857,62,2.0,1.0,2.0,1.0,0.0,9.0,3.0,4.0,2.0,7.0,35.0,0.1,1.0,90.0,2.0,0.0,57.0,2.0,2.875,0.0,1.0,0.0,0.584040747028862,1.0,4.0,0.56950194,0.43049806
857,63,2.0,1.0,2.0,1.0,0.0,0.0,14.0,4.0,2.0,26.0,8.0,0.1,1.0,90.0,2.0,29.0,18.0,2.0,2.875,0.0,1.0,0.0,0.584040747028862,1.0,4.0,0.61643434,0.38356563
857,64,2.0,1.0,2.0,1.0,0.0,0.0,3.0,4.0,2.0,0.0,35.0,0.1,1.0,90.0,2.0,2.0,18.0,2.0,2.875,0.0,1.0,0.0,0.584040747028862,1.0,4.0,0.7153887,0.28461128
857,65,2.0,1.0,2.0,1.0,0.0,0.0,3.0,4.0,2.0,5.0,35.0,0.1,1.0,90.0,2.0,0.0,18.0,2.0,22.5,13.0,1.0,0.0,0.584040747028862,1.0,4.0,0.9506468,0.049353182
857,66,2.0,1.0,2.0,1.0,0.0,0.0,3.0,4.0,2.0,26.0,2.0,0.1,1.0,90.0,2.0,0.0,18.0,2.0,2.875,0.0,8.0,0.0,0.584040747028862,1.0,4.0,0.5604687,0.4395313
857,67,2.0,1.0,2.0,1.0,0.0,0.0,3.0,4.0,2.0,12.0,35.0,0.1,1.0,90.0,2.0,0.0,18.0,2.0,29.7,0.0,1.0,0.0,0.584040747028862,1.0,4.0,0.60718185,0.39281815
857,68,2.0,1.0,2.0,1.0,0.0,0.0,12.0,4.0,2.0,26.0,35.0,0.1,1.0,90.0,2.0,0.0,18.0,2.0,19.0,0.0,1.0,0.0,0.584040747028862,0.4,4.0,0.5063431,0.49365684
857,69,2.0,1.0,2.0,1.0,0.0,0.0,14.0,4.0,2.0,3.0,35.0,0.1,1.0,90.0,2.0,0.0,18.0,2.0,2.875,0.0,1.0,0.0,0.4,1.0,4.0,0.77729446,0.22270553
857,70,2.0,1.0,2.0,1.0,0.0,0.0,10.0,4.0,2.0,6.0,35.0,7.02,1.0,90.0,2.0,0.0,18.0,2.0,2.875,0.0,1.0,0.0,0.584040747028862,1.0,4.0,0.7239565,0.27604347
857,71,2.0,1.0,2.0,1.0,2.0,0.0,9.0,4.0,2.0,2.0,35.0,0.1,1.0,90.0,2.0,0.0,18.0,2.0,2.875,0.0,1.0,0.0,0.584040747028862,1.0,4.0,0.51327956,0.48672047
857,72,2.0,1.0,2.0,1.0,0.0,0.0,3.0,4.0,2.0,26.0,35.0,0.1,1.0,90.0,2.0,31.0,6.0,2.0,16.2,0.0,1.0,0.0,0.584040747028862,1.0,4.0,0.73832595,0.26167402
857,73,2.0,1.0,2.0,1.0,0.0,12.0,3.0,4.0,2.0,3.0,125.0,0.1,1.0,90.0,2.0,0.0,18.0,2.0,2.875,0.0,1.0,0.0,0.584040747028862,1.0,4.0,0.8894036,0.11059642
857,74,2.0,1.0,2.0,1.0,0.0,0.0,3.0,4.0,2.0,26.0,35.0,1.54,1.0,90.0,2.0,0.0,18.0,2.0,2.875,0.0,1.0,0.0,0.584040747028862,0.2,4.0,0.60652316,0.39347687
857,75,2.0,1.0,2.0,1.0,0.0,0.0,3.0,16.0,2.0,26.0,35.0,0.1,1.0,90.0,2.0,0.0,18.0,2.0,2.875,0.0,1.0,0.0,1.1,1.0,2.0,0.63658893,0.36341104
857,76,2.0,1.0,2.0,1.0,0.0,0.0,3.0,4.0,2.0,21.0,35.0,0.1,1.0,90.0,2.0,32.0,18.0,2.0,28.0,0.0,1.0,0.0,0.584040747028862,1.0,4.0,0.56065726,0.43934274
857,77,2.0,1.0,2.0,1.0,0.0,0.0,3.0,4.0,2.0,0.0,35.0,0.1,1.0,90.0,2.0,43.0,18.0,2.0,2.875,0.0,1.0,0.0,0.584040747028862,1.0,4.0,0.77230924,0.22769077
857,78,2.0,1.0,2.0,1.0,0.0,0.0,1.0,4.0,2.0,10.0,35.0,0.1,1.0,90.0,2.0,0.0,18.0,2.0,2.875,0.0,1.0,0.0,0.584040747028862,1.0,4.0,0.56352186,0.43647814
857,79,2.0,1.0,2.0,1.0,0.0,0.0,6.0,4.0,2.0,26.0,3.0,0.1,1.0,90.0,2.0,0.0,18.0,2.0,2.875,0.0,1.0,0.0,0.584040747028862,1.0,4.0,0.5869451,0.41305488
857,80,2.0,1.0,2.0,1.0,0.0,0.0,3.0,4.0,2.0,7.0,35.0,0.1,1.0,90.0,2.0,0.0,18.0,2.0,2.875,0.0,1.0,0.0,0.584040747028862,1.0,4.0,0.6009786,0.39902142
857,81,2.0,1.0,2.0,1.0,0.0,0.0,3.0,15.0,2.0,26.0,98.0,0.1,1.0,90.0,2.0,0.0,18.0,2.0,2.875,0.0,1.0,0.0,1.0,1.0,4.0,0.58062774,0.41937226
857,82,2.0,1.0,2.0,1.0,0.0,0.0,3.0,4.0,2.0,26.0,35.0,0.1,1.0,90.0,2.0,12.0,18.0,2.0,2.875,0.0,1.0,0.0,1.0,1.0,4.0,0.53115153,0.46884844
857,83,2.0,1.0,2.0,1.0,0.0,0.0,3.0,4.0,2.0,26.0,35.0,0.1,1.0,90.0,7.0,10.0,3.0,2.0,2.875,0.0,1.0,0.0,0.584040747028862,1.0,4.0,0.5216608,0.47833923
857,84,2.0,1.0,2.0,1.0,0.0,0.0,11.0,13.0,2.0,26.0,35.0,0.1,1.0,90.0,2.0,0.0,18.0,2.0,2.875,0.0,1.0,0.0,1.0,1.0,4.0,0.68104124,0.3189588
857,85,2.0,1.0,2.0,1.0,0.0,0.0,3.0,4.0,2.0,18.0,35.0,0.45,1.0,90.0,2.0,0.0,18.0,2.0,2.875,0.0,1.0,0.0,0.584040747028862,1.0,1.0,0.54349375,0.45650628
857,86,2.0,1.0,2.0,1.0,0.0,0.0,2.0,4.0,2.0,8.0,35.0,0.1,1.0,90.0,2.0,0.0,18.0,2.0,2.875,0.0,37.0,0.0,0.584040747028862,1.0,4.0,0.8009713,0.19902869
857,87,2.0,1.0,2.0,1.0,0.0,0.0,3.0,4.0,2.0,14.0,35.0,0.1,1.0,90.0,2.0,0.0,2.0,2.0,43.1,0.0,1.0,0.0,0.584040747028862,1.0,4.0,0.9337475,0.066252515
857,88,2.0,1.0,2.0,1.0,0.0,0.0,3.0,4.0,2.0,26.0,35.0,0.1,1.0,90.0,2.0,7.0,5.0,2.0,41.9,0.0,1.0,0.0,0.584040747028862,1.0,4.0,0.5692358,0.43076423
857,89,2.0,1.0,2.0,1.0,0.0,0.0,3.0,4.0,2.0,26.0,35.0,1.76,1.0,90.0,2.0,0.0,18.0,2.0,2.875,0.0,1.0,0.0,0.584040747028862,0.3,4.0,0.60652316,0.39347687
857,90,2.0,1.0,2.0,1.0,0.0,8.0,4.0,4.0,2.0,1.0,35.0,0.1,1.0,90.0,2.0,0.0,18.0,2.0,2.875,0.0,1.0,0.0,0.584040747028862,1.0,4.0,0.80899775,0.19100223
857,91,2.0,1.0,2.0,1.0,0.0,0.0,3.0,4.0,2.0,26.0,35.0,0.1,1.0,53.0,4.0,0.0,9.0,2.0,2.875,0.0,1.0,0.0,0.584040747028862,1.0,4.0,0.52523166,0.47476834
857,92,2.0,1.0,2.0,1.0,0.0,0.0,3.0,4.0,2.0,26.0,35.0,0.1,1.0,90.0,2.0,23.0,18.0,2.0,2.875,0.0,1.0,0.0,1.1,1.0,4.0,0.53115153,0.46884844
857,93,2.0,1.0,2.0,1.0,0.0,0.0,3.0,4.0,2.0,15.0,35.0,0.1,1.0,90.0,2.0,0.0,18.0,2.0,2.875,0.0,1.0,0.0,1.1,1.0,4.0,0.8292279,0.17077208
857,94,2.0,1.0,2.0,1.0,0.0,0.0,3.0,4.0,2.0,5.0,75.0,0.1,1.0,90.0,2.0,0.0,18.0,2.0,2.875,0.0,1.0,0.0,0.584040747028862,1.0,4.0,0.8670033,0.13299668
857,95,6.0,1.0,2.0,1.0,0.0,0.0,3.0,4.0,2.0,3.0,35.0,0.1,1.0,90.0,2.0,0.0,18.0,2.0,2.875,0.0,1.0,0.0,0.584040747028862,1.0,4.0,0.74535763,0.2546424
857,96,2.0,1.0,2.0,1.0,0.0,0.0,3.0,13.0,2.0,26.0,35.0,0.1,1.0,90.0,2.0,0.0,18.0,2.0,2.875,0.0,1.0,0.0,1.0,1.0,4.0,0.63658893,0.36341104
857,97,3.0,1.0,2.0,1.0,0.0,9.0,3.0,4.0,2.0,26.0,35.0,0.1,1.0,90.0,2.0,0.0,18.0,2.0,2.875,0.0,1.0,0.0,1.0,1.0,4.0,0.5192689,0.48073113
857,98,2.0,1.0,2.0,1.0,0.0,0.0,3.0,5.0,2.0,26.0,35.0,0.1,1.0,90.0,2.0,0.0,18.0,2.0,2.875,0.0,1.0,0.0,1.1,1.0,4.0,0.6061852,0.3938148
857,99,2.0,1.0,2.0,1.0,0.0,0.0,3.0,4.0,2.0,9.0,35.0,1.39,1.0,90.0,2.0,0.0,18.0,2.0,2.875,3.0,1.0,0.0,0.584040747028862,1.0,4.0,0.6827818,0.31721815
891,0,0.0,0.0,2.0,0.0,0.0,0.0,2.0,1.0,4.0,2.0,5.0,0.19,0.0,77.0,2.0,0.0,11.0,2.0,25.8,1.0,1.0,1.0,1.0,0.0,0.0,0.70249057,0.2975094
891,1,0.0,0.0,2.0,0.0,0.0,0.0,2.0,1.0,4.0,2.0,5.0,0.19,12.0,77.0,2.0,18.0,11.0,2.0,3.66666666666667,1.0,1.0,0.0,1.0,0.0,0.0,0.67985535,0.32014462
891,2,0.0,0.0,2.0,0.0,0.0,0.0,2.0,15.0,4.0,2.0,98.0,0.19,0.0,77.0,2.0,0.0,11.0,2.0,3.66666666666667,1.0,1.0,0.0,1.0,0.0,0.0,0.9056587,0.09434128
891,3,0.0,0.0,2.0,0.0,0.0,0.0,2.0,4.0,4.0,2.0,5.0,0.19,0.0,77.0,2.0,0.0,11.0,2.0,38.4,1.0,1.0,0.0,1.0,0.0,0.0,0.70725346,0.29274654
891,4,0.0,0.0,2.0,0.0,0.0,0.0,2.0,1.0,4.0,2.0,5.0,0.19,0.0,77.0,2.0,0.0,65.0,2.0,3.66666666666667,1.0,1.0,0.0,1.0,0.0,0.0,0.55271614,0.44728383
891,5,0.0,0.0,2.0,0.0,0.0,0.0,2.0,1.0,4.0,2.0,5.0,0.19,0.0,77.0,2.0,0.0,11.0,2.0,3.66666666666667,1.0,1.0,1.0,1.0,0.0,3.0,0.51782656,0.4821734
891,6,0.0,0.0,2.0,0.0,0.0,0.0,2.0,1.0,4.0,2.0,5.0,0.19,0.0,77.0,2.0,0.0,11.0,2.0,33.3,1.0,1.0,0.0,1.0,0.0,0.0,0.65910506,0.34089497
891,7,0.0,0.0,2.0,0.0,0.0,0.0,2.0,1.0,4.0,2.0,5.0,0.19,0.0,77.0,2.0,0.0,56.0,2.0,3.66666666666667,1.0,1.0,0.0,1.0,0.0,0.0,0.55271614,0.44728383
891,8,0.0,0.0,2.0,0.0,0.0,0.0,2.0,1.0,4.0,2.0,5.0,0.19,0.0,77.0,2.0,0.0,11.0,2.0,40.3,1.0,1.0,0.0,1.0,0.0,0.0,0.65910506,0.34089497
891,9,0.0,0.0,2.0,0.0,0.0,0.0,2.0,1.0,4.0,2.0,5.0,0.19,0.0,68.0,2.0,0.0,11.0,2.0,3.66666666666667,1.0,1.0,0.0,1.0,0.0,0.0,0.7482365,0.25176352
891,10,6.0,0.0,2.0,0.0,0.0,0.0,2.0,1.0,4.0,13.0,5.0,0.19,0.0,77.0,2.0,0.0,11.0,2.0,3.66666666666667,1.0,1.0,0.0,1.0,0.0,0.0,0.50514865,0.49485138
891,11,0.0,0.0,2.0,0.0,0.0,0.0,2.0,1.0,28.0,2.0,5.0,0.19,0.0,77.0,2.0,0.0,11.0,2.0,3.66666666666667,1.0,16.0,0.0,1.0,0.0,0.0,0.54035807,0.45964193
891,12,0.0,0.0,2.0,0.0,0.0,0.0,2.0,1.0,4.0,2.0,5.0,0.19,0.0,84.0,2.0,0.0,11.0,2.0,3.66666666666667,1.0,1.0,2.0,1.0,0.0,0.0,0.8904796,0.10952036
891,13,0.0,0.0,2.0,0.0,0.0,0.0,2.0,1.0,4.0,2.0,5.0,2.75,0.0,77.0,2.0,0.0,11.0,2.0,3.66666666666667,1.0,1.0,0.0,1.0,0.0,0.0,0.9063153,0.09368468
891,14,0.0,0.0,2.0,0.0,0.0,0.0,2.0,1.0,1.0,2.0,5.0,0.19,14.0,77.0,2.0,0.0,11.0,2.0,3.66666666666667,1.0,1.0,0.0,1.0,0.0,0.0,0.8927449,0.107255094
891,15,0.0,0.0,1.0,0.0,0.0,0.0,2.0,1.0,4.0,2.0,5.0,6.52,0.0,77.0,2.0,0.0,11.0,2.0,3.66666666666667,1.0,1.0,0.0,1.0,0.0,0.0,0.96588206,0.03411792
891,16,20.0,0.0,2.0,0.0,0.0,0.0,2.0,1.0,4.0,2.0,5.0,4.98,0.0,77.0,2.0,0.0,11.0,2.0,3.66666666666667,1.0,1.0,0.0,1.0,0.0,0.0,0.8563229,0.14367713
891,17,0.0,0.0,2.0,0.0,0.0,0.0,2.0,1.0,4.0,2.0,5.0,2.5,3.0,77.0,2.0,0.0,11.0,2.0,3.66666666666667,1.0,1.0,0.0,1.0,0.0,0.0,0.97585994,0.024140038
891,18,0.0,0.0,2.0,0.0,0.0,0.0,2.0,1.0,4.0,2.0,5.0,0.19,0.0,77.0,4.0,0.0,27.0,2.0,3.66666666666667,1.0,1.0,0.0,1.0,0.0,0.0,0.55271614,0.44728383
891,19,0.0,0.0,2.0,0.0,0.0,0.0,2.0,1.0,4.0,2.0,5.0,5.4,0.0,77.0,2.0,0.0,11.0,2.0,3.66666666666667,1.0,1.0,0.0,1.0,0.0,0.0,0.9371961,0.062803924
891,20,0.0,0.0,4.0,0.0,0.0,0.0,2.0,1.0,4.0,2.0,5.0,0.19,0.0,77.0,2.0,0.0,53.0,2.0,3.66666666666667,1.0,1.0,0.0,1.0,0.0,0.0,0.55271614,0.44728383
891,21,0.0,0.0,2.0,0.0,0.0,0.0,2.0,1.0,4.0,22.0,5.0,0.19,0.0,58.0,2.0,0.0,11.0,2.0,3.66666666666667,1.0,1.0,0.0,1.0,0.0,0.0,0.7763071,0.22369288
891,22,0.0,0.0,2.0,0.0,0.0,0.0,8.0,9.0,4.0,2.0,5.0,0.19,0.0,77.0,2.0,0.0,11.0,2.0,3.66666666666667,1.0,1.0,0.0,1.0,0.0,0.0,0.59243596,0.407564
891,23,0.0,0.0,2.0,0.0,26.0,0.0,14.0,1.0,4.0,2.0,5.0,0.19,0.0,77.0,2.0,0.0,11.0,2.0,3.66666666666667,1.0,1.0,0.0,1.0,0.0,0.0,0.7401927,0.2598073
891,24,0.0,0.0,2.0,0.0,0.0,0.0,2.0,1.0,4.0,2.0,5.0,0.19,7.0,77.0,2.0,0.0,11.0,2.0,3.66666666666667,1.0,1.0,0.0,1.0,0.0,0.0,0.6068054,0.39319462
891,25,0.0,0.0,2.0,0.0,0.0,0.0,2.0,7.0,4.0,2.0,5.0,0.19,0.0,77.0,2.0,0.0,11.0,2.0,15.7,1.0,1.0,0.0,1.0,0.0,0.0,0.59017646,0.40982357
891,26,0.0,0.0,2.0,0.0,0.0,0.0,2.0,1.0,4.0,13.0,5.0,0.19,0.0,77.0,2.0,0.0,11.0,2.0,3.8,1.0,1.0,0.0,1.0,0.0,0.0,0.8920034,0.10799656
891,27,0.0,0.0,2.0,0.0,0.0,0.0,2.0,1.0,4.0,2.0,5.0,0.19,0.0,50.0,2.0,0.0,11.0,2.0,3.66666666666667,1.0,1.0,0.0,1.0,0.0,0.0,0.84831715,0.15168284
891,28,0.0,0.0,2.0,0.0,0.0,0.0,2.0,1.0,4.0,2.0,5.0,2.62,0.0,77.0,2.0,51.0,11.0,2.0,3.66666666666667,1.0,1.0,0.0,1.0,0.0,0.0,0.930128,0.06987204
891,29,0.0,0.0,2.0,0.0,0.0,0.0,2.0,12.0,4.0,2.0,5.0,0.19,0.0,77.0,2.0,0.0,11.0,2.0,15.4,1.0,1.0,0.0,1.0,0.0,0.0,0.59017646,0.40982357
891,30,0.0,0.0,2.0,0.0,0.0,0.0,2.0,1.0,4.0,2.0,5.0,5.96,0.0,77.0,2.0,0.0,11.0,2.0,3.66666666666667,1.0,37.0,0.0,1.0,0.0,0.0,0.9627236,0.037276357
891,31,0.0,0.0,2.0,0.0,0.0,0.0,9.0,1.0,4.0,2.0,5.0,0.19,0.0,77.0,2.0,0.0,11.0,2.0,3.66666666666667,1.0,1.0,2.0,1.0,0.0,0.0,0.7044412,0.29555884
891,32,0.0,0.0,2.0,0.0,0.0,0.0,2.0,1.0,4.0,2.0,5.0,0.19,0.0,77.0,2.0,0.0,6.0,2.0,3.66666666666667,1.0,1.0,0.0,1.0,0.0,0.0,0.7524488,0.2475512
891,33,0.0,0.0,2.0,0.0,0.0,0.0,2.0,1.0,4.0,2.0,2.0,0.19,1.0,77.0,2.0,0.0,11.0,2.0,3.66666666666667,1.0,1.0,0.0,1.0,0.0,0.0,0.73817945,0.26182052
891,34,0.0,0.0,2.0,0.0,43.0,0.0,10.0,1.0,4.0,2.0,5.0,0.19,0.0,77.0,2.0,0.0,11.0,2.0,3.66666666666667,1.0,1.0,0.0,1.0,0.0,0.0,0.7401927,0.2598073
891,35,0.0,0.0,2.0,0.0,0.0,0.0,2.0,1.0,4.0,2.0,5.0,0.19,0.0,77.0,2.0,51.0,11.0,2.0,3.66666666666667,1.0,30.0,0.0,1.0,0.0,0.0,0.54639137,0.45360863
891,36,0.0,0.0,1.0,0.0,0.0,0.0,2.0,1.0,4.0,39.0,5.0,0.19,0.0,77.0,2.0,0.0,11.0,2.0,3.66666666666667,1.0,1.0,0.0,1.0,0.0,0.0,0.7909923,0.2090077
891,37,0.0,0.0,2.0,0.0,0.0,0.0,2.0,1.0,20.0,2.0,5.0,0.19,0.0,77.0,2.0,0.0,11.0,2.0,3.66666666666667,1.0,1.0,0.0,1.0,0.0,4.0,0.5649593,0.4350407
891,38,0.0,0.0,2.0,0.0,0.0,0.0,2.0,1.0,4.0,2.0,38.0,0.19,0.0,12.0,2.0,0.0,11.0,2.0,3.66666666666667,1.0,1.0,0.0,1.0,0.0,0.0,0.9818237,0.018176341
891,39,0.0,0.0,2.0,0.0,0.0,0.0,2.0,1.0,4.0,2.0,5.0,0.19,0.0,77.0,4.0,0.0,11.0,2.0,3.66666666666667,1.0,1.0,0.0,0.9,0.0,0.0,0.81663567,0.18336432
891,40,0.0,0.0,2.0,0.0,0.0,0.0,2.0,1.0,4.0,2.0,122.0,0.19,0.0,77.0,5.0,0.0,11.0,2.0,3.66666666666667,1.0,1.0,0.0,1.0,0.0,0.0,0.9665295,0.033470485
891,41,0.0,0.0,2.0,0.0,0.0,0.0,2.0,1.0,4.0,21.0,5.0,0.19,0.0,77.0,2.0,0.0,11.0,1.0,3.66666666666667,1.0,1.0,0.0,1.0,0.0,0.0,0.8324183,0.16758169
891,42,0.0,0.0,2.0,0.0,0.0,0.0,2.0,1.0,4.0,2.0,5.0,0.19,8.0,77.0,2.0,5.0,11.0,2.0,3.66666666666667,1.0,1.0,0.0,1.0,0.0,0.0,0.61741066,0.38258934
891,43,0.0,0.0,2.0,0.0,0.0,0.0,3.0,1.0,4.0,2.0,5.0,0.19,0.0,77.0,2.0,0.0,32.0,2.0,3.66666666666667,1.0,1.0,0.0,1.0,0.0,0.0,0.6586094,0.34139064
891,44,0.0,0.0,2.0,0.0,0.0,0.0,2.0,1.0,4.0,2.0,5.0,6.56,0.0,77.0,2.0,0.0,11.0,2.0,3.66666666666667,1.0,1.0,0.0,1.0,0.0,0.0,0.9371961,0.062803924
891,45,0.0,0.0,0.0,0.0,0.0,0.0,2.0,1.0,4.0,2.0,5.0,0.19,0.0,77.0,2.0,15.0,11.0,2.0,3.66666666666667,1.0,1.0,0.0,1.0,0.0,0.0,0.7091707,0.29082933
891,46,0.0,0.0,2.0,0.0,0.0,0.0,2.0,1.0,4.0,2.0,5.0,0.19,0.0,77.0,0.0,0.0,25.0,2.0,3.66666666666667,1.0,1.0,0.0,1.0,0.0,0.0,0.7107097,0.2892903
891,47,0.0,0.0,2.0,0.0,23.0,0.0,2.0,1.0,4.0,3.0,5.0,0.19,0.0,77.0,2.0,0.0,11.0,2.0,3.66666666666667,1.0,1.0,0.0,1.0,0.0,0.0,0.6235591,0.37644085
891,48,0.0,0.0,2.0,0.0,0.0,0.0,2.0,1.0,4.0,2.0,117.0,0.19,0.0,77.0,2.0,0.0,11.0,2.0,3.66666666666667,1.0,1.0,0.0,1.0,0.0,0.0,0.95377797,0.04622205
891,49,0.0,0.0,2.0,0.0,0.0,0.0,2.0,1.0,4.0,2.0,5.0,4.3,0.0,77.0,2.0,0.0,11.0,2.0,3.66666666666667,6.0,1.0,0.0,1.0,0.0,0.0,0.90566206,0.09433793
891,50,0.0,0.0,2.0,0.0,0.0,0.0,2.0,1.0,4.0,12.0,5.0,0.19,0.0,77.0,2.0,0.0,11.0,5.0,3.66666666666667,1.0,1.0,0.0,1.0,0.0,0.0,0.7512746,0.24872538
891,51,0.0,0.0,2.0,0.0,0.0,0.0,2.0,2.0,4.0,2.0,5.0,0.19,0.0,40.0,2.0,0.0,11.0,2.0,3.66666666666667,1.0,1.0,0.0,1.0,0.0,0.0,0.78888184,0.21111816
891,52,0.0,0.0,2.0,0.0,0.0,0.0,2.0,1.0,4.0,2.0,5.0,0.19,14.0,77.0,2.0,0.0,7.0,2.0,3.66666666666667,1.0,1.0,0.0,1.0,0.0,0.0,0.7138344,0.28616557
891,53,0.0,0.0,2.0,0.0,0.0,0.0,2.0,1.0,4.0,2.0,13.0,0.19,0.0,77.0,2.0,0.0,11.0,2.0,3.66666666666667,1.0,1.0,0.0,1.0,0.0,0.0,0.5199251,0.4800749
891,54,0.0,0.0,0.0,0.0,0.0,0.0,2.0,1.0,4.0,2.0,5.0,0.19,0.0,77.0,2.0,0.0,61.0,2.0,3.66666666666667,1.0,1.0,0.0,1.0,0.0,0.0,0.8074979,0.19250208
891,55,0.0,0.0,2.0,0.0,0.0,0.0,2.0,1.0,4.0,2.0,43.0,0.19,0.0,77.0,2.0,0.0,11.0,2.0,3.66666666666667,1.0,1.0,0.0,1.0,0.0,3.0,0.96559966,0.03440037
891,56,0.0,0.0,2.0,58.0,0.0,0.0,2.0,1.0,4.0,2.0,34.0,0.19,0.0,77.0,2.0,0.0,11.0,2.0,3.66666666666667,1.0,1.0,0.0,1.0,0.0,0.0,0.92105544,0.078944534
891,57,0.0,0.0,2.0,0.0,0.0,0.0,2.0,1.0,4.0,2.0,5.0,0.19,0.0,77.0,2.0,16.0,11.0,1.0,3.66666666666667,1.0,1.0,0.0,1.0,0.0,0.0,0.5269259,0.4730741
891,58,0.0,0.0,0.0,0.0,36.0,0.0,2.0,1.0,4.0,2.0,5.0,0.19,0.0,77.0,2.0,0.0,11.0,2.0,3.66666666666667,1.0,1.0,0.0,1.0,0.0,0.0,0.780874,0.21912596
891,59,0.0,0.0,2.0,0.0,0.0,0.0,2.0,1.0,4.0,2.0,5.0,7.41,0.0,77.0,2.0,0.0,11.0,2.0,3.66666666666667,1.0,1.0,0.0,1.0,0.0,0.0,0.9371961,0.062803924
891,60,0.0,0.0,2.0,0.0,42.0,0.0,2.0,1.0,4.0,2.0,5.0,0.19,0.0,77.0,2.0,0.0,11.0,2.0,3.66666666666667,1.0,1.0,0.0,1.0,0.1,0.0,0.51214385,0.48785618
891,61,0.0,0.0,2.0,0.0,0.0,0.0,2.0,1.0,4.0,2.0,5.0,0.19,0.0,77.0,2.0,0.0,11.0,2.0,3.66666666666667,1.0,1.0,1.0,1.0,0.0,2.0,0.51782656,0.4821734
891,62,0.0,0.0,2.0,0.0,0.0,0.0,2.0,1.0,4.0,2.0,38.0,0.19,0.0,77.0,5.0,0.0,11.0,2.0,3.66666666666667,1.0,1.0,0.0,1.0,0.0,0.0,0.9495403,0.05045966
891,63,0.0,0.0,2.0,0.0,0.0,0.0,2.0,1.0,4.0,2.0,5.0,0.19,0.0,43.0,2.0,0.0,11.0,2.0,3.66666666666667,1.0,1.0,0.0,1.0,0.0,0.0,0.78888184,0.21111816
891,64,0.0,0.0,2.0,0.0,0.0,0.0,2.0,1.0,4.0,2.0,5.0,0.19,0.0,77.0,2.0,0.0,11.0,2.0,23.3,1.0,1.0,0.0,1.0,0.0,0.0,0.65910506,0.34089497
891,65,0.0,0.0,2.0,0.0,0.0,0.0,2.0,1.0,18.0,2.0,5.0,0.19,0.0,77.0,2.0,0.0,11.0,2.0,3.66666666666667,1.0,1.0,0.0,0.7,0.0,0.0,0.7138941,0.28610584
891,66,0.0,0.0,2.0,0.0,19.0,0.0,2.0,1.0,4.0,2.0,5.0,4.54,0.0,77.0,2.0,0.0,11.0,2.0,3.66666666666667,1.0,1.0,0.0,1.0,0.0,0.0,0.95611,0.043889977
891,67,0.0,0.0,2.0,0.0,0.0,0.0,2.0,1.0,4.0,2.0,5.0,5.04,0.0,77.0,2.0,0.0,11.0,2.0,3.66666666666667,1.0,1.0,0.0,1.0,0.7,0.0,0.54989773,0.45010227
891,68,0.0,0.0,2.0,0.0,29.0,0.0,2.0,1.0,4.0,2.0,5.0,0.19,0.0,77.0,2.0,0.0,11.0,2.0,3.66666666666667,1.0,1.0,0.0,1.0,0.0,3.0,0.516936,0.483064
891,69,0.0,0.0,4.0,0.0,0.0,0.0,2.0,1.0,4.0,2.0,5.0,4.68,0.0,77.0,2.0,0.0,11.0,2.0,3.66666666666667,1.0,1.0,0.0,1.0,0.0,0.0,0.9371961,0.062803924
891,70,0.0,0.0,2.0,0.0,0.0,0.0,2.0,1.0,4.0,2.0,5.0,0.19,0.0,77.0,2.0,0.0,11.0,2.0,3.66666666666667,1.0,32.0,0.0,0.9,0.0,0.0,0.8166736,0.18332644
891,71,0.0,0.0,2.0,0.0,0.0,0.0,2.0,1.0,4.0,2.0,5.0,7.01,0.0,77.0,2.0,0.0,11.0,2.0,3.66666666666667,1.0,5.0,0.0,1.0,0.0,0.0,0.9677665,0.03223345
891,72,0.0,0.0,2.0,0.0,0.0,0.0,2.0,1.0,4.0,2.0,5.0,0.19,6.0,41.0,2.0,0.0,11.0,2.0,3.66666666666667,1.0,1.0,0.0,1.0,0.0,0.0,0.8581123,0.14188772
891,73,0.0,0.0,2.0,0.0,0.0,0.0,2.0,1.0,4.0,2.0,5.0,0.19,0.0,56.0,2.0,29.0,11.0,2.0,3.66666666666667,1.0,1.0,0.0,1.0,0.0,0.0,0.8656957,0.13430426
891,74,0.0,0.0,2.0,0.0,0.0,0.0,2.0,1.0,4.0,2.0,5.0,0.19,0.0,77.0,2.0,0.0,11.0,2.0,14.9,1.0,1.0,0.0,1.0,0.0,0.0,0.65910506,0.34089497
891,75,0.0,0.0,2.0,0.0,0.0,0.0,14.0,1.0,4.0,2.0,5.0,0.19,0.0,77.0,2.0,0.0,11.0,2.0,40.3,1.0,1.0,0.0,1.0,0.0,0.0,0.82224476,0.17775524
891,76,0.0,0.0,2.0,0.0,0.0,0.0,2.0,1.0,4.0,2.0,5.0,0.19,0.0,77.0,2.0,0.0,11.0,2.0,22.4,1.0,1.0,0.0,1.0,0.0,0.0,0.65910506,0.34089497
891,77,0.0,0.0,2.0,0.0,0.0,0.0,2.0,1.0,4.0,2.0,5.0,5.29,0.0,77.0,2.0,0.0,11.0,2.0,3.66666666666667,1.0,1.0,0.0,0.9,0.0,0.0,0.9869401,0.013059932
891,78,0.0,0.0,2.0,0.0,0.0,0.0,2.0,1.0,4.0,2.0,5.0,0.19,0.0,77.0,2.0,0.0,50.0,2.0,3.66666666666667,1.0,30.0,0.0,1.0,0.0,0.0,0.57666403,0.42333597
891,79,0.0,0.0,2.0,0.0,25.0,0.0,2.0,1.0,4.0,2.0,5.0,0.19,5.0,77.0,2.0,0.0,11.0,2.0,3.66666666666667,1.0,1.0,0.0,1.0,0.0,0.0,0.7174581,0.28254184
891,80,0.0,0.0,0.0,0.0,0.0,0.0,2.0,1.0,4.0,2.0,5.0,3.52,0.0,77.0,2.0,0.0,11.0,2.0,3.66666666666667,1.0,1.0,0.0,1.0,0.0,0.0,0.96588206,0.03411792
891,81,0.0,0.0,2.0,0.0,21.0,0.0,2.0,1.0,4.0,2.0,5.0,0.19,0.0,77.0,2.0,38.0,11.0,2.0,3.66666666666667,1.0,1.0,0.0,1.0,0.0,0.0,0.59092456,0.40907544
891,82,0.0,0.0,2.0,0.0,0.0,0.0,2.0,1.0,4.0,2.0,5.0,0.19,0.0,77.0,2.0,0.0,61.0,2.0,3.66666666666667,1.0,31.0,0.0,1.0,0.0,0.0,0.57666403,0.42333597
891,83,0.0,0.0,2.0,0.0,0.0,0.0,2.0,10.0,4.0,2.0,5.0,0.19,0.0,77.0,2.0,0.0,11.0,2.0,3.66666666666667,1.0,1.0,0.0,1.0,0.0,1.0,0.6710316,0.32896844
891,84,0.0,0.0,2.0,0.0,0.0,0.0,7.0,1.0,4.0,2.0,5.0,0.19,5.0,77.0,2.0,0.0,11.0,2.0,3.66666666666667,1.0,1.0,0.0,1.0,0.0,0.0,0.8637713,0.13622867
891,85,0.0,0.0,2.0,0.0,0.0,0.0,2.0,1.0,4.0,2.0,5.0,0.19,0.0,77.0,0.0,0.0,11.0,2.0,3.66666666666667,1.0,1.0,0.0,0.4,0.0,0.0,0.684621,0.31537902
891,86,0.0,0.0,2.0,0.0,0.0,0.0,2.0,1.0,4.0,2.0,73.0,0.19,0.0,77.0,2.0,0.0,11.0,2.0,3.66666666666667,1.0,1.0,1.0,1.0,0.0,0.0,0.9618324,0.038167622
891,87,0.0,0.0,0.0,0.0,0.0,0.0,2.0,1.0,4.0,2.0,5.0,0.19,0.0,77.0,2.0,0.0,11.0,2.0,44.2,1.0,1.0,0.0,1.0,0.0,0.0,0.81856996,0.18143006
891,88,0.0,0.0,2.0,0.0,10.0,0.0,2.0,1.0,4.0,2.0,5.0,0.19,2.0,77.0,2.0,0.0,11.0,2.0,3.66666666666667,1.0,1.0,0.0,1.0,0.0,0.0,0.6518681,0.34813192
891,89,0.0,0.0,2.0,0.0,0.0,15.0,2.0,1.0,4.0,2.0,5.0,0.19,0.0,82.0,2.0,0.0,11.0,2.0,3.66666666666667,1.0,1.0,0.0,1.0,0.0,0.0,0.8166168,0.18338326
891,90,0.0,0.0,2.0,0.0,0.0,0.0,2.0,1.0,4.0,2.0,5.0,0.19,0.0,77.0,2.0,0.0,11.0,2.0,3.66666666666667,1.0,1.0,0.0,0.4,0.0,0.0,0.64002,0.35997996
891,91,0.0,0.0,2.0,0.0,0.0,0.0,2.0,1.0,4.0,2.0,5.0,0.19,15.0,77.0,2.0,0.0,11.0,2.0,8.0,1.0,1.0,0.0,1.0,0.0,0.0,0.7935222,0.20647784
891,92,0.0,0.0,2.0,0.0,0.0,0.0,2.0,1.0,4.0,2.0,5.0,0.19,0.0,31.0,2.0,0.0,11.0,2.0,3.66666666666667,1.0,1.0,0.0,1.0,0.0,0.0,0.8418988,0.15810117
891,93,0.0,0.0,2.0,0.0,0.0,0.0,2.0,1.0,40.0,2.0,5.0,0.19,0.0,77.0,2.0,0.0,11.0,2.0,3.66666666666667,1.0,1.0,0.0,1.0,0.0,0.0,0.51502764,0.4849724
891,94,0.0,0.0,4.0,0.0,0.0,0.0,2.0,1.0,4.0,2.0,5.0,0.19,0.0,77.0,2.0,0.0,11.0,2.0,13.4,1.0,1.0,0.0,1.0,0.0,0.0,0.65910506,0.34089497
891,95,0.0,0.0,2.0,0.0,0.0,0.0,2.0,1.0,4.0,2.0,5.0,0.19,0.0,77.0,2.0,12.0,11.0,2.0,3.66666666666667,1.0,1.0,3.0,1.0,0.0,0.0,0.5471978,0.45280215
891,96,0.0,0.0,2.0,0.0,0.0,0.0,2.0,1.0,4.0,2.0,142.0,2.36,0.0,77.0,2.0,0.0,11.0,2.0,3.66666666666667,1.0,1.0,0.0,1.0,0.0,0.0,0.97504586,0.024954127
891,97,0.0,0.0,2.0,0.0,0.0,0.0,2.0,1.0,38.0,2.0,5.0,0.19,0.0,77.0,2.0,0.0,11.0,2.0,3.66666666666667,1.0,18.0,0.0,1.0,0.0,0.0,0.54035807,0.45964193
891,98,0.0,0.0,2.0,0.0,0.0,0.0,2.0,1.0,4.0,5.0,5.0,0.19,0.0,77.0,2.0,0.0,11.0,2.0,3.66666666666667,1.0,1.0,0.0,1.0,0.2,0.0,0.7587835,0.24121648
891,99,0.0,0.0,2.0,0.0,30.0,0.0,2.0,1.0,4.0,2.0,5.0,0.19,0.0,77.0,2.0,0.0,11.0,2.0,3.66666666666667,1.0,1.0,2.0,1.0,0.0,0.0,0.5617982,0.4382018
893,0,0.0,39.0,1.0,1.0,0.0,1.0,3.0,4.0,16.0,5.0,12.0,0.12,2.0,91.0,1.0,0.0,49.0,2.0,6.85714285714286,3.0,1.0,0.0,0.86970684039088,1.0,2.0,0.60206544,0.3979346
893,1,0.0,0.0,1.0,1.0,0.0,0.0,3.0,4.0,16.0,2.0,12.0,0.12,2.0,91.0,1.0,0.0,49.0,2.0,6.85714285714286,3.0,1.0,0.0,0.86970684039088,1.0,2.0,0.7629003,0.23709969
893,2,0.0,0.0,1.0,1.0,0.0,1.0,3.0,4.0,16.0,19.0,12.0,0.12,2.0,91.0,1.0,0.0,5.0,2.0,41.9,3.0,1.0,0.0,0.86970684039088,1.0,2.0,0.8799072,0.12009283
893,3,0.0,0.0,1.0,1.0,0.0,1.0,3.0,4.0,1.0,19.0,12.0,6.88,2.0,91.0,1.0,0.0,49.0,2.0,6.85714285714286,3.0,1.0,0.0,0.86970684039088,1.0,2.0,0.8178643,0.1821357
893,4,0.0,0.0,1.0,1.0,0.0,1.0,3.0,4.0,16.0,0.0,12.0,0.12,2.0,91.0,1.0,0.0,70.0,2.0,6.85714285714286,3.0,1.0,0.0,0.86970684039088,1.0,2.0,0.7380433,0.2619567
893,5,0.0,0.0,1.0,1.0,0.0,1.0,3.0,4.0,16.0,3.0,12.0,0.12,2.0,91.0,1.0,0.0,49.0,2.0,6.85714285714286,3.0,9.0,0.0,0.86970684039088,1.0,2.0,0.7626631,0.23733684
893,6,0.0,0.0,1.0,1.0,0.0,1.0,3.0,4.0,16.0,19.0,12.0,1.76,2.0,91.0,1.0,0.0,49.0,2.0,6.85714285714286,3.0,1.0,0.0,0.86970684039088,0.3,2.0,0.87923443,0.12076559
893,7,0.0,0.0,1.0,1.0,0.0,1.0,3.0,4.0,16.0,8.0,12.0,0.12,2.0,91.0,1.0,0.0,49.0,2.0,21.3,3.0,1.0,0.0,0.86970684039088,1.0,2.0,0.9060721,0.09392791
893,8,0.0,0.0,1.0,1.0,0.0,1.0,3.0,4.0,0.0,19.0,12.0,0.12,2.0,91.0,1.0,0.0,49.0,2.0,6.85714285714286,1.0,1.0,0.0,0.86970684039088,1.0,2.0,0.62093294,0.37906706
893,9,0.0,0.0,1.0,1.0,0.0,1.0,3.0,4.0,16.0,19.0,12.0,0.12,2.0,91.0,1.0,0.0,4.0,2.0,6.85714285714286,3.0,1.0,0.0,0.86970684039088,1.0,2.0,0.50296706,0.49703294
893,10,0.0,0.0,1.0,1.0,0.0,1.0,3.0,4.0,6.0,19.0,12.0,0.12,2.0,91.0,1.0,0.0,9.0,2.0,6.85714285714286,3.0,1.0,0.0,0.86970684039088,1.0,2.0,0.6828559,0.3171441
893,11,0.0,0.0,1.0,1.0,0.0,1.0,3.0,4.0,16.0,4.0,12.0,0.12,2.0,91.0,1.0,0.0,49.0,2.0,6.85714285714286,3.0,1.0,0.0,0.86970684039088,1.0,2.0,0.7581731,0.24182686
893,12,0.0,0.0,1.0,1.0,0.0,1.0,3.0,4.0,16.0,19.0,12.0,0.12,2.0,91.0,7.0,0.0,49.0,2.0,6.85714285714286,3.0,1.0,0.0,0.86970684039088,0.3,2.0,0.554526,0.44547406
893,13,0.0,0.0,1.0,1.0,0.0,1.0,3.0,4.0,16.0,19.0,12.0,0.12,2.0,91.0,6.0,0.0,49.0,2.0,6.85714285714286,3.0,1.0,0.0,0.86970684039088,0.4,2.0,0.554526,0.44547406
893,14,0.0,0.0,1.0,1.0,0.0,12.0,3.0,4.0,16.0,4.0,12.0,0.12,2.0,91.0,1.0,0.0,49.0,2.0,6.85714285714286,3.0,1.0,0.0,0.86970684039088,1.0,2.0,0.73135006,0.2686499
893,15,0.0,0.0,1.0,1.0,0.0,1.0,3.0,4.0,16.0,19.0,12.0,0.12,2.0,91.0,1.0,0.0,4.0,2.0,6.85714285714286,3.0,1.0,3.0,0.86970684039088,1.0,2.0,0.55273974,0.44726023
893,16,0.0,0.0,1.0,1.0,0.0,1.0,3.0,4.0,16.0,19.0,12.0,0.12,7.0,91.0,1.0,0.0,9.0,2.0,6.85714285714286,3.0,1.0,0.0,0.86970684039088,1.0,2.0,0.58728725,0.41271275
893,17,0.0,0.0,4.0,1.0,0.0,1.0,3.0,4.0,16.0,0.0,12.0,0.12,2.0,91.0,1.0,0.0,49.0,2.0,6.85714285714286,3.0,1.0,0.0,0.86970684039088,1.0,2.0,0.7380433,0.2619567
893,18,0.0,0.0,1.0,1.0,0.0,1.0,3.0,4.0,16.0,19.0,12.0,1.37,2.0,91.0,1.0,0.0,49.0,2.0,6.85714285714286,3.0,1.0,0.0,0.86970684039088,0.2,2.0,0.87923443,0.12076559
893,19,0.0,0.0,1.0,1.0,0.0,1.0,3.0,4.0,16.0,3.0,12.0,0.12,2.0,91.0,1.0,0.0,49.0,2.0,6.85714285714286,3.0,1.0,0.0,0.86970684039088,1.0,2.0,0.7581731,0.24182686
893,20,0.0,0.0,1.0,1.0,0.0,1.0,3.0,4.0,1.0,19.0,12.0,0.12,2.0,91.0,1.0,0.0,49.0,2.0,6.85714285714286,3.0,1.0,0.0,0.86970684039088,1.0,2.0,0.62093294,0.37906706
893,21,0.0,0.0,1.0,1.0,0.0,1.0,3.0,4.0,16.0,2.0,12.0,0.12,2.0,91.0,1.0,48.0,49.0,2.0,6.85714285714286,3.0,1.0,0.0,0.86970684039088,1.0,2.0,0.77095824,0.22904174
893,22,0.0,0.0,1.0,1.0,0.0,1.0,3.0,4.0,0.0,19.0,12.0,0.12,2.0,91.0,1.0,0.0,49.0,2.0,6.85714285714286,3.0,1.0,0.0,0.86970684039088,1.0,2.0,0.62093294,0.37906706
893,23,13.0,0.0,1.0,1.0,0.0,1.0,3.0,4.0,16.0,5.0,12.0,0.12,2.0,91.0,1.0,0.0,49.0,2.0,6.85714285714286,3.0,1.0,0.0,0.86970684039088,1.0,2.0,0.5710045,0.42899546
893,24,0.0,0.0,1.0,1.0,0.0,11.0,3.0,4.0,1.0,19.0,12.0,0.12,2.0,91.0,1.0,0.0,49.0,2.0,6.85714285714286,3.0,1.0,0.0,0.86970684039088,1.0,2.0,0.631994,0.368006
893,25,0.0,0.0,1.0,1.0,0.0,1.0,3.0,4.0,2.0,19.0,12.0,0.12,2.0,91.0,8.0,0.0,49.0,2.0,6.85714285714286,3.0,1.0,0.0,0.86970684039088,1.0,2.0,0.56688213,0.43311787
893,26,0.0,0.0,1.0,1.0,0.0,1.0,3.0,4.0,37.0,4.0,12.0,0.12,2.0,91.0,1.0,0.0,49.0,2.0,6.85714285714286,3.0,1.0,0.0,0.86970684039088,1.0,2.0,0.7581731,0.24182686
893,27,0.0,38.0,1.0,1.0,0.0,1.0,3.0,4.0,16.0,8.0,12.0,0.12,2.0,91.0,1.0,0.0,49.0,2.0,6.85714285714286,3.0,1.0,0.0,0.86970684039088,1.0,2.0,0.5089128,0.4910872
893,28,0.0,0.0,1.0,1.0,0.0,1.0,3.0,4.0,16.0,3.0,12.0,0.12,2.0,91.0,1.0,0.0,20.0,2.0,6.85714285714286,3.0,1.0,0.0,0.86970684039088,1.0,2.0,0.7581731,0.24182686
893,29,0.0,0.0,1.0,1.0,0.0,1.0,3.0,4.0,16.0,19.0,12.0,0.12,2.0,91.0,1.0,0.0,8.0,2.0,12.6,3.0,1.0,0.0,0.86970684039088,1.0,2.0,0.85716534,0.14283465
893,30,0.0,0.0,1.0,1.0,0.0,1.0,3.0,4.0,16.0,19.0,12.0,0.12,2.0,91.0,1.0,0.0,9.0,2.0,6.85714285714286,3.0,1.0,0.0,0.86970684039088,1.0,2.0,0.56434983,0.43565017
893,31,0.0,0.0,1.0,82.0,0.0,1.0,3.0,4.0,1.0,19.0,12.0,0.12,2.0,91.0,1.0,0.0,49.0,2.0,6.85714285714286,3.0,1.0,0.0,0.86970684039088,1.0,2.0,0.62315065,0.37684935
893,32,0.0,0.0,1.0,1.0,0.0,1.0,3.0,4.0,26.0,7.0,12.0,0.12,2.0,91.0,1.0,0.0,49.0,2.0,6.85714285714286,3.0,1.0,0.0,0.86970684039088,1.0,2.0,0.576831,0.42316902
893,33,0.0,0.0,1.0,1.0,0.0,1.0,3.0,4.0,16.0,19.0,12.0,0.12,1.0,91.0,1.0,0.0,7.0,2.0,6.85714285714286,3.0,1.0,0.0,0.86970684039088,1.0,2.0,0.5423173,0.4576827
893,34,0.0,0.0,1.0,1.0,0.0,1.0,3.0,4.0,16.0,19.0,12.0,0.12,2.0,2.0,1.0,0.0,49.0,2.0,2.3,3.0,1.0,0.0,0.86970684039088,1.0,2.0,0.5326364,0.4673636
893,35,0.0,0.0,1.0,1.0,0.0,1.0,3.0,4.0,16.0,8.0,12.0,0.12,2.0,91.0,1.0,0.0,49.0,2.0,6.85714285714286,15.0,1.0,0.0,0.86970684039088,1.0,2.0,0.5213567,0.47864327
893,36,0.0,0.0,1.0,1.0,0.0,1.0,5.0,4.0,16.0,7.0,12.0,0.12,2.0,91.0,1.0,0.0,49.0,2.0,6.85714285714286,3.0,1.0,0.0,0.86970684039088,1.0,2.0,0.6242785,0.3757215
893,37,0.0,0.0,1.0,1.0,0.0,1.0,3.0,4.0,16.0,3.0,12.0,0.12,2.0,25.0,1.0,0.0,49.0,2.0,6.85714285714286,3.0,1.0,0.0,0.86970684039088,1.0,2.0,0.7532174,0.24678259
893,38,0.0,0.0,1.0,1.0,0.0,1.0,3.0,4.0,27.0,5.0,12.0,0.12,2.0,91.0,1.0,0.0,49.0,2.0,6.85714285714286,3.0,1.0,0.0,0.86970684039088,1.0,2.0,0.68888557,0.31111446
893,39,0.0,0.0,1.0,1.0,0.0,1.0,3.0,4.0,16.0,19.0,12.0,0.12,2.0,91.0,1.0,0.0,6.0,2.0,6.85714285714286,3.0,1.0,0.0,0.86970684039088,1.0,2.0,0.50296706,0.49703294
893,40,0.0,0.0,1.0,1.0,0.0,1.0,3.0,4.0,16.0,19.0,12.0,0.12,2.0,91.0,1.0,15.0,3.0,2.0,6.85714285714286,3.0,1.0,0.0,0.86970684039088,1.0,2.0,0.51922613,0.48077387
893,41,0.0,0.0,1.0,1.0,0.0,1.0,3.0,4.0,16.0,19.0,12.0,0.12,2.0,91.0,1.0,0.0,0.0,2.0,5.1,3.0,1.0,0.0,0.86970684039088,1.0,2.0,0.8535845,0.1464155
893,42,0.0,0.0,1.0,1.0,0.0,1.0,3.0,4.0,16.0,0.0,12.0,0.12,2.0,19.0,1.0,0.0,49.0,2.0,6.85714285714286,3.0,1.0,0.0,0.86970684039088,1.0,2.0,0.7261841,0.27381587
893,43,0.0,0.0,1.0,1.0,0.0,1.0,3.0,4.0,18.0,9.0,12.0,0.12,2.0,91.0,1.0,0.0,49.0,2.0,6.85714285714286,3.0,1.0,0.0,0.86970684039088,1.0,2.0,0.576831,0.42316902
893,44,0.0,0.0,1.0,1.0,0.0,1.0,3.0,4.0,16.0,5.0,12.0,0.12,2.0,91.0,1.0,0.0,49.0,8.0,6.85714285714286,3.0,1.0,0.0,0.86970684039088,1.0,2.0,0.63054127,0.36945873
893,45,0.0,0.0,1.0,1.0,45.0,1.0,3.0,4.0,16.0,3.0,12.0,0.12,2.0,91.0,1.0,0.0,49.0,2.0,6.85714285714286,3.0,1.0,0.0,0.86970684039088,1.0,2.0,0.64663076,0.35336927
893,46,0.0,42.0,1.0,1.0,0.0,1.0,3.0,4.0,16.0,19.0,12.0,0.12,2.0,91.0,1.0,0.0,6.0,2.0,6.85714285714286,3.0,1.0,0.0,0.86970684039088,1.0,2.0,0.5177015,0.4822985
893,47,0.0,0.0,1.0,1.0,0.0,1.0,3.0,4.0,16.0,0.0,12.0,0.12,2.0,91.0,1.0,0.0,49.0,2.0,6.85714285714286,41.0,1.0,0.0,0.86970684039088,1.0,2.0,0.69243443,0.3075656
893,48,0.0,0.0,1.0,1.0,0.0,1.0,3.0,4.0,16.0,5.0,12.0,0.12,2.0,91.0,1.0,0.0,49.0,2.0,6.85714285714286,3.0,1.0,0.0,0.4,1.0,2.0,0.50050557,0.49949446
893,49,0.0,0.0,1.0,1.0,0.0,1.0,3.0,4.0,16.0,7.0,12.0,0.12,2.0,91.0,1.0,0.0,57.0,2.0,6.85714285714286,3.0,1.0,0.0,0.86970684039088,1.0,2.0,0.576831,0.42316902
893,50,0.0,43.0,1.0,1.0,0.0,1.0,3.0,4.0,16.0,19.0,12.0,0.12,2.0,91.0,1.0,0.0,3.0,2.0,6.85714285714286,3.0,1.0,0.0,0.86970684039088,1.0,2.0,0.5139909,0.48600912
893,51,0.0,0.0,1.0,1.0,0.0,1.0,3.0,4.0,0.0,19.0,12.0,0.12,2.0,91.0,1.0,0.0,49.0,2.0,15.0,3.0,1.0,0.0,0.86970684039088,1.0,2.0,0.922241,0.077759005
893,52,0.0,0.0,1.0,1.0,0.0,1.0,3.0,4.0,16.0,5.0,12.0,0.12,2.0,91.0,1.0,0.0,49.0,2.0,6.85714285714286,13.0,1.0,0.0,0.86970684039088,1.0,2.0,0.6389052,0.36109477
893,53,0.0,0.0,1.0,1.0,0.0,1.0,3.0,4.0,16.0,19.0,12.0,1.54,2.0,91.0,1.0,0.0,49.0,2.0,6.85714285714286,3.0,1.0,0.0,0.86970684039088,0.2,2.0,0.87923443,0.12076559
893,54,0.0,0.0,1.0,1.0,0.0,1.0,10.0,4.0,16.0,8.0,12.0,0.12,2.0,91.0,1.0,0.0,49.0,2.0,6.85714285714286,3.0,1.0,0.0,0.86970684039088,1.0,2.0,0.6242785,0.3757215
893,55,0.0,0.0,1.0,1.0,0.0,1.0,3.0,4.0,2.0,19.0,12.0,0.12,2.0,91.0,1.0,0.0,3.0,2.0,6.85714285714286,3.0,1.0,0.0,0.86970684039088,1.0,2.0,0.8825186,0.117481396
893,56,14.0,0.0,1.0,1.0,0.0,1.0,3.0,4.0,16.0,4.0,12.0,0.12,2.0,91.0,1.0,0.0,49.0,2.0,6.85714285714286,3.0,1.0,0.0,0.86970684039088,1.0,2.0,0.7386773,0.26132268
893,57,0.0,6.0,1.0,1.0,0.0,1.0,3.0,4.0,16.0,19.0,12.0,0.12,2.0,91.0,1.0,0.0,4.0,2.0,6.85714285714286,3.0,1.0,0.0,0.86970684039088,1.0,2.0,0.5177015,0.4822985
893,58,0.0,0.0,1.0,1.0,0.0,1.0,3.0,4.0,16.0,8.0,12.0,0.12,7.0,91.0,1.0,0.0,49.0,2.0,6.85714285714286,3.0,1.0,0.0,0.86970684039088,1.0,2.0,0.56642735,0.43357268
893,59,6.0,0.0,1.0,1.0,0.0,1.0,3.0,4.0,16.0,3.0,12.0,0.12,2.0,91.0,1.0,0.0,49.0,2.0,6.85714285714286,3.0,1.0,0.0,0.86970684039088,1.0,2.0,0.7386773,0.26132268
893,60,0.0,0.0,1.0,1.0,0.0,1.0,11.0,4.0,1.0,19.0,12.0,0.12,2.0,91.0,1.0,0.0,49.0,2.0,6.85714285714286,3.0,1.0,0.0,0.86970684039088,1.0,2.0,0.66629624,0.33370373
893,61,0.0,0.0,1.0,1.0,0.0,1.0,3.0,4.0,16.0,10.0,12.0,3.61,2.0,91.0,1.0,0.0,49.0,2.0,6.85714285714286,3.0,1.0,0.0,0.86970684039088,1.0,2.0,0.5050677,0.49493232
893,62,0.0,0.0,1.0,1.0,0.0,1.0,3.0,4.0,16.0,19.0,12.0,0.12,2.0,91.0,1.0,0.0,5.0,2.0,6.85714285714286,3.0,1.0,0.0,0.86970684039088,1.0,2.0,0.50296706,0.49703294
893,63,0.0,0.0,1.0,1.0,0.0,1.0,3.0,4.0,16.0,7.0,12.0,0.12,2.0,91.0,1.0,0.0,49.0,2.0,6.85714285714286,3.0,1.0,0.0,0.86970684039088,1.0,2.0,0.576831,0.42316902
893,64,0.0,0.0,1.0,1.0,0.0,1.0,3.0,4.0,16.0,19.0,12.0,0.12,2.0,91.0,1.0,0.0,49.0,2.0,1.5,3.0,1.0,0.0,0.86970684039088,0.0,2.0,0.7961582,0.20384179
893,65,0.0,0.0,1.0,1.0,0.0,1.0,3.0,4.0,1.0,19.0,12.0,0.12,14.0,91.0,1.0,0.0,49.0,2.0,6.85714285714286,3.0,1.0,0.0,0.86970684039088,1.0,2.0,0.627427,0.37257302
893,66,0.0,0.0,1.0,1.0,0.0,13.0,3.0,4.0,16.0,19.0,12.0,0.12,2.0,91.0,1.0,0.0,5.0,2.0,6.85714285714286,3.0,1.0,0.0,0.86970684039088,1.0,2.0,0.5147806,0.48521942
893,67,0.0,0.0,3.0,1.0,0.0,1.0,3.0,4.0,16.0,7.0,12.0,0.12,2.0,91.0,1.0,0.0,49.0,2.0,6.85714285714286,3.0,1.0,0.0,0.86970684039088,1.0,2.0,0.576831,0.42316902
893,68,0.0,0.0,1.0,1.0,0.0,1.0,3.0,4.0,0.0,7.0,12.0,0.12,2.0,91.0,1.0,0.0,49.0,2.0,6.85714285714286,3.0,1.0,0.0,0.86970684039088,1.0,2.0,0.9126056,0.08739442
893,69,0.0,0.0,1.0,1.0,0.0,1.0,3.0,4.0,25.0,4.0,12.0,0.12,2.0,91.0,1.0,0.0,49.0,2.0,6.85714285714286,3.0,1.0,0.0,0.86970684039088,1.0,2.0,0.7581731,0.24182686
893,70,0.0,0.0,1.0,1.0,0.0,9.0,3.0,4.0,16.0,19.0,12.0,0.12,2.0,91.0,1.0,0.0,5.0,2.0,6.85714285714286,3.0,1.0,0.0,0.86970684039088,1.0,2.0,0.5147806,0.48521942
893,71,0.0,0.0,1.0,1.0,0.0,1.0,3.0,4.0,16.0,13.0,12.0,0.12,2.0,91.0,1.0,0.0,49.0,2.0,3.8,3.0,1.0,0.0,0.86970684039088,1.0,2.0,0.5954918,0.40450817
893,72,0.0,0.0,1.0,1.0,0.0,13.0,3.0,4.0,16.0,19.0,12.0,0.12,2.0,91.0,1.0,0.0,3.0,2.0,6.85714285714286,3.0,1.0,0.0,0.86970684039088,1.0,2.0,0.5110687,0.4889313
893,73,0.0,0.0,1.0,1.0,0.0,1.0,3.0,4.0,0.0,19.0,12.0,0.12,2.0,91.0,1.0,0.0,49.0,2.0,6.85714285714286,3.0,1.0,3.0,0.86970684039088,1.0,2.0,0.6667202,0.3332798
893,74,0.0,0.0,1.0,19.0,0.0,1.0,3.0,4.0,16.0,3.0,12.0,0.12,2.0,91.0,1.0,0.0,49.0,2.0,6.85714285714286,3.0,1.0,0.0,0.86970684039088,1.0,2.0,0.81383896,0.18616101
893,75,0.0,0.0,1.0,1.0,0.0,1.0,3.0,4.0,16.0,19.0,12.0,0.12,2.0,91.0,5.0,0.0,49.0,2.0,6.85714285714286,3.0,1.0,0.0,0.86970684039088,0.2,2.0,0.554526,0.44547406
893,76,0.0,0.0,1.0,1.0,0.0,1.0,3.0,4.0,16.0,19.0,12.0,0.12,0.0,91.0,1.0,0.0,9.0,2.0,6.85714285714286,3.0,1.0,0.0,0.86970684039088,1.0,2.0,0.59219927,0.40780073
893,77,0.0,0.0,1.0,1.0,0.0,1.0,3.0,4.0,1.0,19.0,12.0,0.12,2.0,91.0,1.0,0.0,49.0,2.0,6.85714285714286,3.0,1.0,0.0,0.86970684039088,1.0,1.0,0.7368167,0.2631833
893,78,0.0,0.0,1.0,1.0,0.0,1.0,3.0,4.0,16.0,6.0,12.0,0.12,2.0,91.0,1.0,50.0,49.0,2.0,6.85714285714286,3.0,1.0,0.0,0.86970684039088,1.0,2.0,0.5947068,0.40529326
893,79,0.0,0.0,1.0,1.0,0.0,1.0,3.0,4.0,16.0,19.0,12.0,0.12,2.0,53.0,1.0,0.0,9.0,2.0,6.85714285714286,3.0,1.0,0.0,0.86970684039088,1.0,2.0,0.5300013,0.4699987
893,80,0.0,0.0,1.0,1.0,0.0,1.0,3.0,4.0,16.0,9.0,12.0,0.12,2.0,91.0,1.0,0.0,49.0,2.0,6.85714285714286,3.0,1.0,0.0,0.86970684039088,1.0,2.0,0.576831,0.42316902
893,81,0.0,0.0,1.0,1.0,0.0,1.0,3.0,4.0,16.0,0.0,12.0,0.12,2.0,91.0,1.0,2.0,49.0,2.0,6.85714285714286,3.0,1.0,0.0,0.86970684039088,1.0,2.0,0.7380433,0.2619567
893,82,0.0,0.0,1.0,1.0,0.0,1.0,3.0,4.0,2.0,19.0,12.0,1.86,2.0,91.0,1.0,0.0,49.0,2.0,6.85714285714286,3.0,1.0,0.0,0.86970684039088,1.0,2.0,0.5094167,0.49058333
893,83,0.0,0.0,1.0,1.0,0.0,1.0,3.0,4.0,16.0,19.0,12.0,0.12,2.0,91.0,1.0,0.0,49.0,2.0,10.7,3.0,1.0,0.0,0.86970684039088,0.2,2.0,0.59483063,0.4051694
893,84,0.0,0.0,1.0,1.0,0.0,1.0,3.0,4.0,16.0,19.0,12.0,0.12,2.0,91.0,7.0,0.0,3.0,2.0,6.85714285714286,3.0,1.0,0.0,0.86970684039088,1.0,2.0,0.6884572,0.3115428
893,85,0.0,0.0,1.0,1.0,0.0,1.0,3.0,4.0,16.0,0.0,12.0,0.12,2.0,91.0,1.0,0.0,49.0,2.0,6.85714285714286,3.0,1.0,0.0,0.86970684039088,1.0,2.0,0.7380433,0.2619567
893,86,0.0,0.0,1.0,1.0,0.0,1.0,2.0,4.0,16.0,8.0,12.0,0.12,2.0,91.0,1.0,0.0,49.0,2.0,6.85714285714286,3.0,1.0,0.0,0.86970684039088,1.0,2.0,0.67642426,0.3235757
893,87,0.0,0.0,1.0,1.0,0.0,1.0,3.0,4.0,16.0,5.0,12.0,0.12,2.0,91.0,1.0,1.0,49.0,2.0,6.85714285714286,3.0,1.0,0.0,0.86970684039088,1.0,2.0,0.68888557,0.31111446
893,88,0.0,0.0,1.0,1.0,0.0,1.0,3.0,4.0,16.0,5.0,12.0,0.12,2.0,91.0,1.0,0.0,49.0,2.0,6.85714285714286,3.0,1.0,0.0,0.86970684039088,1.0,2.0,0.68888557,0.31111446
893,89,0.0,0.0,1.0,1.0,0.0,1.0,3.0,4.0,16.0,19.0,12.0,2.53,2.0,91.0,1.0,0.0,49.0,2.0,6.85714285714286,3.0,1.0,0.0,0.86970684039088,0.4,2.0,0.7604906,0.2395094
893,90,0.0,0.0,1.0,1.0,0.0,1.0,3.0,4.0,16.0,1.0,12.0,0.12,2.0,91.0,1.0,0.0,49.0,2.0,6.85714285714286,3.0,1.0,0.0,0.86970684039088,1.0,2.0,0.7380433,0.2619567
893,91,0.0,0.0,1.0,1.0,0.0,1.0,3.0,4.0,16.0,2.0,12.0,0.12,2.0,91.0,1.0,0.0,49.0,2.0,6.85714285714286,3.0,1.0,0.0,0.86970684039088,1.0,2.0,0.7380433,0.2619567
893,92,21.0,0.0,1.0,1.0,0.0,1.0,3.0,4.0,0.0,19.0,12.0,0.12,2.0,91.0,1.0,0.0,49.0,2.0,6.85714285714286,3.0,1.0,0.0,0.86970684039088,1.0,2.0,0.61240983,0.38759017
893,93,0.0,0.0,1.0,1.0,0.0,1.0,3.0,4.0,16.0,19.0,12.0,0.12,0.0,91.0,1.0,0.0,49.0,2.0,3.5,3.0,1.0,0.0,0.86970684039088,1.0,2.0,0.5023937,0.49760628
893,94,0.0,0.0,1.0,1.0,23.0,1.0,3.0,4.0,16.0,3.0,12.0,0.12,2.0,91.0,1.0,0.0,49.0,2.0,6.85714285714286,3.0,1.0,0.0,0.86970684039088,1.0,2.0,0.64663076,0.35336927
893,95,0.0,0.0,1.0,1.0,0.0,1.0,3.0,4.0,16.0,5.0,95.0,0.12,2.0,91.0,1.0,0.0,49.0,2.0,6.85714285714286,3.0,1.0,0.0,0.86970684039088,1.0,2.0,0.61961114,0.38038883
893,96,0.0,0.0,1.0,1.0,0.0,1.0,3.0,4.0,16.0,4.0,12.0,0.12,2.0,91.0,1.0,0.0,49.0,2.0,6.85714285714286,33.0,1.0,0.0,0.86970684039088,1.0,2.0,0.7147143,0.2852857
893,97,0.0,0.0,1.0,1.0,0.0,1.0,3.0,4.0,16.0,19.0,12.0,4.09,2.0,91.0,1.0,0.0,4.0,2.0,6.85714285714286,3.0,1.0,0.0,0.86970684039088,1.0,2.0,0.92441154,0.07558847
893,98,0.0,0.0,1.0,1.0,0.0,1.0,3.0,4.0,16.0,19.0,12.0,0.12,2.0,91.0,6.0,0.0,49.0,2.0,6.85714285714286,3.0,1.0,0.0,0.86970684039088,0.1,2.0,0.554526,0.44547406
893,99,0.0,0.0,1.0,1.0,0.0,1.0,3.0,4.0,16.0,12.0,12.0,0.12,2.0,91.0,1.0,0.0,6.0,2.0,6.85714285714286,3.0,1.0,0.0,0.86970684039088,1.0,2.0,0.6487403,0.35125974
900,0,0.0,2.0,1.0,3.0,0.0,0.0,2.0,1.0,0.0,7.0,7.0,0.19,1.0,96.0,1.0,0.0,16.0,1.0,4.33333333333333,1.0,1.0,0.0,0.825301204819277,1.0,0.0,0.8378762,0.1621238
900,1,0.0,2.0,1.0,3.0,0.0,0.0,2.0,1.0,0.0,7.0,7.0,0.19,10.0,74.0,1.0,0.0,16.0,1.0,52.6,1.0,1.0,0.0,0.825301204819277,1.0,0.0,0.5563953,0.44360474
900,2,0.0,2.0,1.0,3.0,0.0,8.0,2.0,1.0,0.0,7.0,7.0,0.19,1.0,74.0,1.0,0.0,16.0,1.0,4.33333333333333,1.0,1.0,0.0,1.0,1.0,0.0,0.59425104,0.40574896
900,3,0.0,2.0,1.0,3.0,0.0,0.0,2.0,1.0,0.0,7.0,7.0,0.19,1.0,74.0,1.0,31.0,16.0,1.0,4.33333333333333,1.0,1.0,0.0,0.825301204819277,0.0,0.0,0.81363946,0.18636055
900,4,0.0,1.0,1.0,3.0,0.0,0.0,2.0,1.0,0.0,7.0,7.0,0.19,1.0,74.0,1.0,0.0,16.0,1.0,4.33333333333333,1.0,1.0,0.0,0.825301204819277,1.0,4.0,0.64610004,0.3539
900,5,0.0,2.0,1.0,3.0,0.0,0.0,2.0,1.0,0.0,7.0,7.0,0.19,7.0,74.0,1.0,0.0,9.0,1.0,4.33333333333333,1.0,1.0,0.0,0.825301204819277,1.0,0.0,0.84477806,0.15522194
900,6,0.0,2.0,1.0,3.0,0.0,0.0,2.0,1.0,0.0,7.0,7.0,0.19,14.0,74.0,1.0,23.0,16.0,1.0,4.33333333333333,1.0,1.0,0.0,0.825301204819277,1.0,0.0,0.51865745,0.48134255
900,7,0.0,2.0,1.0,3.0,0.0,0.0,2.0,1.0,0.0,7.0,7.0,0.19,1.0,74.0,1.0,0.0,27.0,1.0,4.33333333333333,1.0,1.0,0.0,0.825301204819277,0.2,0.0,0.7239594,0.2760406
900,8,0.0,2.0,1.0,3.0,0.0,0.0,2.0,1.0,0.0,7.0,7.0,0.19,1.0,74.0,1.0,0.0,16.0,1.0,4.33333333333333,1.0,1.0,3.0,0.825301204819277,0.4,0.0,0.7373283,0.2626717
900,9,0.0,2.0,1.0,3.0,0.0,0.0,2.0,1.0,0.0,7.0,7.0,2.07,1.0,74.0,1.0,0.0,16.0,1.0,4.33333333333333,1.0,1.0,0.0,0.825301204819277,1.0,0.0,0.5233309,0.4766691
900,10,0.0,2.0,1.0,3.0,0.0,0.0,2.0,1.0,0.0,7.0,7.0,0.19,14.0,74.0,1.0,0.0,16.0,1.0,4.33333333333333,1.0,1.0,0.0,0.825301204819277,1.0,1.0,0.62680066,0.37319937
900,11,0.0,2.0,1.0,3.0,0.0,0.0,2.0,1.0,0.0,7.0,7.0,0.19,1.0,74.0,1.0,0.0,7.0,1.0,4.33333333333333,1.0,1.0,0.0,0.825301204819277,1.0,0.0,0.5993395,0.40066049
900,12,0.0,2.0,1.0,3.0,0.0,0.0,2.0,1.0,0.0,7.0,7.0,0.19,6.0,74.0,1.0,41.0,16.0,1.0,4.33333333333333,1.0,1.0,0.0,0.825301204819277,1.0,0.0,0.51865745,0.48134255
900,13,0.0,2.0,1.0,3.0,0.0,0.0,2.0,1.0,0.0,7.0,7.0,0.19,1.0,74.0,1.0,0.0,16.0,1.0,4.33333333333333,1.0,33.0,0.0,0.825301204819277,0.1,0.0,0.68425983,0.31574017
900,14,0.0,2.0,1.0,3.0,0.0,0.0,2.0,1.0,0.0,7.0,7.0,0.19,8.0,74.0,1.0,0.0,16.0,1.0,4.33333333333333,1.0,1.0,0.0,0.825301204819277,0.5,0.0,0.5487391,0.45126095
900,15,0.0,2.0,1.0,3.0,0.0,0.0,2.0,1.0,0.0,7.0,7.0,1.87,1.0,74.0,1.0,0.0,16.0,1.0,4.33333333333333,1.0,1.0,0.0,0.825301204819277,1.0,0.0,0.5233309,0.4766691
900,16,0.0,2.0,0.0,3.0,0.0,0.0,2.0,1.0,0.0,7.0,7.0,2.06,1.0,74.0,1.0,0.0,16.0,1.0,4.33333333333333,1.0,1.0,0.0,0.825301204819277,1.0,0.0,0.5233309,0.4766691
900,17,0.0,2.0,1.0,52.0,0.0,0.0,2.0,1.0,0.0,7.0,7.0,0.19,1.0,74.0,1.0,0.0,16.0,1.0,4.33333333333333,1.0,1.0,0.0,0.825301204819277,0.2,0.0,0.76526964,0.2347304
900,18,0.0,2.0,1.0,3.0,0.0,0.0,2.0,1.0,0.0,7.0,7.0,7.33,1.0,74.0,1.0,15.0,16.0,1.0,4.33333333333333,1.0,1.0,0.0,0.825301204819277,1.0,0.0,0.62459105,0.37540895
900,19,0.0,2.0,1.0,3.0,0.0,0.0,2.0,1.0,0.0,7.0,7.0,0.19,11.0,74.0,1.0,0.0,16.0,1.0,38.0,1.0,1.0,0.0,0.825301204819277,1.0,0.0,0.5563953,0.44360474
900,20,0.0,2.0,1.0,3.0,0.0,0.0,2.0,1.0,0.0,7.0,7.0,1.53,1.0,74.0,1.0,0.0,16.0,1.0,4.33333333333333,1.0,23.0,0.0,0.825301204819277,1.0,0.0,0.65835553,0.34164447
900,21,0.0,2.0,1.0,3.0,0.0,0.0,2.0,1.0,0.0,7.0,7.0,0.19,15.0,74.0,1.0,0.0,16.0,1.0,11.8,1.0,1.0,0.0,0.825301204819277,1.0,0.0,0.5563953,0.44360474
900,22,0.0,2.0,1.0,46.0,0.0,0.0,2.0,1.0,0.0,7.0,7.0,0.19,1.0,74.0,1.0,0.0,16.0,1.0,4.33333333333333,1.0,1.0,0.0,0.825301204819277,0.0,0.0,0.76526964,0.2347304
900,23,0.0,2.0,1.0,3.0,0.0,0.0,2.0,6.0,0.0,7.0,7.0,0.19,11.0,74.0,1.0,0.0,16.0,1.0,4.33333333333333,1.0,1.0,0.0,0.825301204819277,1.0,0.0,0.5641438,0.43585625
900,24,0.0,2.0,1.0,3.0,15.0,0.0,2.0,1.0,0.0,7.0,7.0,0.19,1.0,74.0,1.0,0.0,0.0,1.0,4.33333333333333,1.0,1.0,0.0,0.825301204819277,1.0,0.0,0.8276259,0.17237414
900,25,0.0,2.0,1.0,3.0,0.0,0.0,2.0,1.0,0.0,3.0,7.0,0.19,1.0,25.0,1.0,0.0,16.0,1.0,4.33333333333333,1.0,1.0,0.0,0.825301204819277,1.0,0.0,0.74326634,0.25673366
900,26,0.0,2.0,1.0,92.0,0.0,0.0,2.0,1.0,0.0,7.0,7.0,0.19,1.0,74.0,1.0,0.0,16.0,1.0,4.33333333333333,1.0,1.0,0.0,0.9,1.0,0.0,0.5123668,0.48763323
900,27,0.0,2.0,1.0,3.0,0.0,0.0,2.0,1.0,0.0,7.0,7.0,0.19,1.0,94.0,1.0,0.0,16.0,1.0,4.33333333333333,1.0,1.0,0.0,0.825301204819277,0.8,0.0,0.86663634,0.13336366
900,28,0.0,2.0,1.0,3.0,0.0,0.0,2.0,1.0,0.0,7.0,7.0,0.19,5.0,74.0,1.0,28.0,16.0,1.0,4.33333333333333,1.0,1.0,0.0,0.825301204819277,1.0,0.0,0.61995304,0.38004696
900,29,0.0,2.0,1.0,3.0,0.0,0.0,2.0,1.0,0.0,7.0,7.0,2.13,1.0,74.0,1.0,0.0,16.0,1.0,4.33333333333333,1.0,1.0,0.0,0.5,1.0,0.0,0.9131683,0.08683168
900,30,0.0,2.0,1.0,3.0,0.0,0.0,2.0,1.0,0.0,7.0,7.0,0.19,1.0,74.0,1.0,0.0,9.0,1.0,4.33333333333333,1.0,1.0,0.0,0.825301204819277,1.0,0.0,0.7366096,0.26339045
900,31,0.0,2.0,1.0,3.0,0.0,0.0,2.0,1.0,0.0,7.0,7.0,0.19,0.0,74.0,1.0,0.0,9.0,1.0,4.33333333333333,1.0,1.0,0.0,0.825301204819277,1.0,0.0,0.7453226,0.2546774
900,32,0.0,2.0,1.0,3.0,0.0,0.0,2.0,1.0,0.0,7.0,7.0,2.95,1.0,74.0,1.0,0.0,16.0,1.0,4.33333333333333,1.0,1.0,0.0,0.825301204819277,0.4,0.0,0.8581416,0.14185838
900,33,0.0,2.0,1.0,3.0,0.0,0.0,2.0,1.0,0.0,7.0,7.0,0.19,3.0,74.0,1.0,0.0,16.0,1.0,43.3,1.0,1.0,0.0,0.825301204819277,1.0,0.0,0.6550313,0.34496865
900,34,0.0,2.0,1.0,3.0,0.0,0.0,2.0,1.0,0.0,7.0,7.0,1.12,1.0,74.0,1.0,0.0,16.0,1.0,4.33333333333333,1.0,1.0,0.0,0.825301204819277,1.0,0.0,0.53092086,0.46907914
900,35,0.0,2.0,1.0,3.0,0.0,0.0,1.0,1.0,0.0,7.0,7.0,0.19,1.0,74.0,1.0,0.0,16.0,1.0,4.33333333333333,1.0,1.0,0.0,0.825301204819277,1.0,1.0,0.59567726,0.4043227
900,36,0.0,2.0,1.0,3.0,0.0,0.0,2.0,1.0,0.0,7.0,7.0,0.19,1.0,96.0,1.0,0.0,16.0,1.0,4.33333333333333,1.0,1.0,0.0,0.825301204819277,0.7,0.0,0.86663634,0.13336366
900,37,0.0,2.0,1.0,3.0,0.0,0.0,2.0,1.0,0.0,7.0,7.0,0.19,1.0,7.0,1.0,0.0,16.0,1.0,4.33333333333333,1.0,1.0,0.0,0.825301204819277,1.0,2.0,0.662387,0.33761302
900,38,0.0,2.0,1.0,3.0,0.0,0.0,2.0,1.0,0.0,7.0,7.0,0.19,1.0,88.0,1.0,0.0,16.0,1.0,4.33333333333333,1.0,1.0,0.0,0.825301204819277,1.0,0.0,0.84112626,0.15887374
900,39,0.0,2.0,1.0,3.0,0.0,0.0,2.0,1.0,0.0,7.0,7.0,0.19,4.0,74.0,1.0,0.0,16.0,1.0,36.2,1.0,1.0,0.0,0.825301204819277,1.0,0.0,0.6550313,0.34496865
900,40,0.0,2.0,1.0,3.0,0.0,0.0,2.0,1.0,0.0,7.0,7.0,0.19,12.0,74.0,1.0,0.0,16.0,1.0,4.33333333333333,1.0,1.0,0.0,0.825301204819277,1.0,3.0,0.54423034,0.4557697
900,41,0.0,2.0,1.0,3.0,0.0,0.0,2.0,1.0,0.0,7.0,7.0,2.04,1.0,74.0,1.0,0.0,16.0,1.0,4.33333333333333,1.0,1.0,0.0,0.5,1.0,0.0,0.9131683,0.08683168
900,42,0.0,2.0,1.0,3.0,0.0,0.0,2.0,1.0,0.0,7.0,7.0,0.19,10.0,74.0,1.0,0.0,16.0,1.0,4.33333333333333,1.0,1.0,0.0,0.825301204819277,0.3,0.0,0.9082232,0.09177677
900,43,0.0,2.0,1.0,3.0,0.0,0.0,2.0,1.0,0.0,7.0,7.0,0.19,1.0,74.0,1.0,0.0,0.0,1.0,4.33333333333333,1.0,1.0,0.0,0.825301204819277,1.0,0.0,0.74971867,0.25028133
900,44,0.0,2.0,1.0,3.0,0.0,0.0,2.0,1.0,13.0,7.0,7.0,0.19,1.0,74.0,1.0,0.0,16.0,1.0,4.33333333333333,1.0,1.0,0.0,0.825301204819277,0.1,0.0,0.8386115,0.16138853
900,45,0.0,2.0,1.0,3.0,0.0,0.0,2.0,1.0,0.0,5.0,7.0,0.19,1.0,74.0,1.0,0.0,16.0,1.0,4.33333333333333,1.0,1.0,0.0,0.4,1.0,0.0,0.50489557,0.49510443
900,46,0.0,2.0,1.0,3.0,0.0,0.0,2.0,1.0,0.0,7.0,7.0,0.19,5.0,74.0,1.0,0.0,16.0,1.0,4.33333333333333,1.0,1.0,1.0,0.825301204819277,1.0,0.0,0.51190853,0.4880915
900,47,0.0,2.0,1.0,3.0,0.0,0.0,2.0,1.0,0.0,7.0,7.0,0.19,1.0,3.0,1.0,0.0,16.0,1.0,4.33333333333333,1.0,1.0,0.0,0.825301204819277,0.1,0.0,0.8368319,0.16316806
900,48,0.0,2.0,1.0,3.0,0.0,0.0,2.0,1.0,0.0,7.0,7.0,0.19,1.0,95.0,1.0,0.0,16.0,1.0,4.33333333333333,1.0,1.0,0.0,0.825301204819277,1.0,0.0,0.8378762,0.1621238
900,49,0.0,2.0,1.0,3.0,0.0,0.0,2.0,1.0,0.0,7.0,7.0,0.19,1.0,87.0,1.0,0.0,16.0,1.0,4.33333333333333,1.0,1.0,0.0,0.825301204819277,1.0,0.0,0.76076955,0.23923045
900,50,0.0,2.0,1.0,3.0,0.0,0.0,2.0,1.0,0.0,7.0,7.0,0.19,7.0,74.0,1.0,0.0,16.0,1.0,39.5,1.0,1.0,0.0,0.825301204819277,1.0,0.0,0.5563953,0.44360474
900,51,0.0,2.0,1.0,3.0,24.0,0.0,2.0,1.0,0.0,7.0,7.0,3.81,1.0,74.0,1.0,0.0,16.0,1.0,4.33333333333333,1.0,1.0,0.0,0.825301204819277,1.0,0.0,0.53774613,0.46225387
900,52,0.0,2.0,1.0,3.0,0.0,0.0,2.0,1.0,0.0,7.0,7.0,4.16,1.0,74.0,1.0,0.0,16.0,1.0,29.0,1.0,1.0,0.0,0.825301204819277,1.0,0.0,0.54310185,0.45689815
900,53,0.0,2.0,1.0,3.0,0.0,0.0,2.0,1.0,0.0,7.0,7.0,0.19,13.0,74.0,1.0,0.0,16.0,1.0,39.7,1.0,1.0,0.0,0.825301204819277,1.0,0.0,0.5563953,0.44360474
900,54,0.0,2.0,1.0,3.0,0.0,0.0,2.0,1.0,0.0,7.0,7.0,0.19,4.0,74.0,1.0,0.0,16.0,5.0,4.33333333333333,1.0,1.0,0.0,0.825301204819277,1.0,0.0,0.65511155,0.34488842
900,55,0.0,2.0,1.0,3.0,0.0,0.0,2.0,1.0,0.0,7.0,7.0,0.19,1.0,87.0,1.0,0.0,16.0,1.0,4.33333333333333,1.0,1.0,0.0,0.825301204819277,1.0,1.0,0.92767316,0.07232686
900,56,0.0,2.0,1.0,3.0,0.0,0.0,2.0,1.0,0.0,7.0,7.0,2.32,1.0,74.0,1.0,0.0,16.0,1.0,4.33333333333333,1.0,1.0,1.0,0.825301204819277,1.0,0.0,0.5233309,0.4766691
900,57,0.0,2.0,1.0,3.0,0.0,0.0,2.0,1.0,0.0,7.0,7.0,5.58,1.0,74.0,1.0,0.0,21.0,1.0,4.33333333333333,1.0,1.0,0.0,0.825301204819277,1.0,0.0,0.5420176,0.45798245
900,58,0.0,2.0,1.0,3.0,0.0,0.0,2.0,1.0,0.0,7.0,7.0,0.19,14.0,74.0,1.0,0.0,16.0,1.0,4.33333333333333,1.0,1.0,0.0,0.825301204819277,1.0,2.0,0.54423034,0.4557697
900,59,0.0,27.0,1.0,3.0,0.0,0.0,2.0,1.0,0.0,7.0,7.0,0.19,1.0,74.0,1.0,0.0,16.0,1.0,4.33333333333333,1.0,1.0,0.0,0.825301204819277,0.1,0.0,0.62878597,0.371214
900,60,0.0,2.0,1.0,62.0,0.0,0.0,2.0,1.0,0.0,7.0,7.0,0.19,1.0,74.0,1.0,0.0,16.0,1.0,4.33333333333333,1.0,1.0,0.0,0.9,1.0,0.0,0.5123668,0.48763323
900,61,0.0,2.0,1.0,3.0,0.0,0.0,2.0,1.0,0.0,7.0,135.0,3.42,1.0,74.0,1.0,0.0,16.0,1.0,4.33333333333333,1.0,1.0,0.0,0.825301204819277,1.0,0.0,0.607718,0.39228204
900,62,0.0,2.0,1.0,3.0,45.0,0.0,2.0,1.0,0.0,7.0,7.0,4.26,1.0,74.0,1.0,0.0,16.0,1.0,4.33333333333333,1.0,1.0,0.0,0.825301204819277,1.0,0.0,0.53774613,0.46225387
900,63,0.0,2.0,1.0,3.0,0.0,0.0,2.0,1.0,0.0,7.0,7.0,0.19,1.0,74.0,1.0,0.0,16.0,1.0,46.0,1.0,1.0,0.0,1.0,1.0,0.0,0.62103355,0.37896642
900,64,0.0,2.0,1.0,3.0,0.0,0.0,2.0,1.0,0.0,7.0,7.0,1.27,1.0,74.0,1.0,0.0,16.0,1.0,4.33333333333333,1.0,19.0,0.0,0.825301204819277,1.0,0.0,0.65835553,0.34164447
900,65,0.0,2.0,1.0,3.0,0.0,0.0,2.0,1.0,0.0,7.0,7.0,1.19,1.0,74.0,1.0,0.0,16.0,1.0,4.33333333333333,1.0,1.0,0.0,0.825301204819277,1.0,0.0,0.53092086,0.46907914
900,66,0.0,1.0,1.0,3.0,0.0,0.0,0.0,1.0,0.0,7.0,7.0,0.19,1.0,74.0,1.0,0.0,16.0,1.0,4.33333333333333,1.0,1.0,0.0,0.825301204819277,1.0,0.0,0.6855071,0.31449288
900,67,0.0,2.0,1.0,3.0,0.0,0.0,2.0,1.0,0.0,7.0,7.0,2.2,1.0,74.0,1.0,0.0,16.0,1.0,4.33333333333333,1.0,8.0,0.0,0.825301204819277,1.0,0.0,0.65835553,0.34164447
900,68,0.0,2.0,0.0,3.0,0.0,0.0,2.0,1.0,0.0,7.0,7.0,0.19,1.0,74.0,1.0,0.0,1.0,1.0,4.33333333333333,1.0,1.0,0.0,0.825301204819277,1.0,0.0,0.7888718,0.21112819
900,69,0.0,2.0,1.0,3.0,0.0,0.0,2.0,1.0,0.0,7.0,7.0,1.29,1.0,74.0,1.0,0.0,16.0,1.0,4.33333333333333,1.0,1.0,0.0,0.825301204819277,1.0,0.0,0.5233309,0.4766691
900,70,0.0,2.0,1.0,3.0,0.0,0.0,2.0,1.0,0.0,7.0,7.0,7.33,1.0,74.0,1.0,0.0,16.0,1.0,4.33333333333333,1.0,6.0,0.0,0.825301204819277,1.0,0.0,0.52800906,0.47199094
900,71,0.0,2.0,1.0,3.0,0.0,0.0,2.0,1.0,0.0,7.0,7.0,0.19,5.0,74.0,1.0,0.0,16.0,1.0,4.33333333333333,1.0,30.0,0.0,0.825301204819277,1.0,0.0,0.5072529,0.49274713
900,72,0.0,2.0,1.0,3.0,0.0,0.0,2.0,1.0,0.0,7.0,7.0,2.04,1.0,74.0,1.0,0.0,16.0,1.0,4.33333333333333,1.0,1.0,0.0,0.825301204819277,1.0,0.0,0.5233309,0.4766691
900,73,0.0,2.0,1.0,3.0,0.0,0.0,2.0,1.0,0.0,7.0,7.0,2.48,1.0,74.0,1.0,0.0,16.0,1.0,4.33333333333333,1.0,1.0,0.0,0.6,1.0,0.0,0.60978925,0.39021072
900,74,0.0,2.0,1.0,3.0,0.0,0.0,2.0,1.0,0.0,7.0,7.0,0.19,1.0,99.0,1.0,0.0,16.0,1.0,4.33333333333333,1.0,25.0,0.0,0.825301204819277,1.0,0.0,0.8046473,0.19535264
900,75,0.0,2.0,1.0,3.0,0.0,0.0,2.0,1.0,0.0,7.0,7.0,3.13,1.0,74.0,1.0,0.0,16.0,1.0,4.33333333333333,1.0,28.0,0.0,0.825301204819277,1.0,0.0,0.61767685,0.38232318
900,76,0.0,2.0,1.0,3.0,0.0,0.0,2.0,1.0,0.0,7.0,7.0,0.19,1.0,51.0,1.0,0.0,16.0,1.0,4.33333333333333,1.0,1.0,0.0,0.825301204819277,1.0,2.0,0.5705043,0.42949572
900,77,0.0,2.0,1.0,3.0,0.0,0.0,12.0,1.0,0.0,7.0,7.0,0.19,1.0,74.0,1.0,0.0,16.0,1.0,4.33333333333333,1.0,1.0,0.0,0.825301204819277,0.1,0.0,0.76949555,0.23050444
900,78,0.0,2.0,1.0,3.0,0.0,0.0,2.0,1.0,0.0,7.0,7.0,5.96,1.0,74.0,1.0,0.0,16.0,1.0,4.33333333333333,1.0,37.0,0.0,0.825301204819277,1.0,0.0,0.61767685,0.38232318
900,79,0.0,2.0,1.0,60.0,0.0,0.0,2.0,1.0,0.0,7.0,7.0,0.19,1.0,74.0,1.0,0.0,16.0,1.0,4.33333333333333,1.0,1.0,0.0,1.0,1.0,0.0,0.5271301,0.4728699
900,80,0.0,2.0,1.0,3.0,0.0,0.0,2.0,1.0,0.0,7.0,7.0,3.65,1.0,74.0,1.0,0.0,25.0,1.0,4.33333333333333,1.0,1.0,0.0,0.825301204819277,1.0,0.0,0.5420176,0.45798245
900,81,0.0,2.0,1.0,3.0,0.0,0.0,2.0,1.0,0.0,7.0,7.0,2.31,1.0,74.0,1.0,0.0,16.0,1.0,4.33333333333333,1.0,1.0,0.0,0.825301204819277,1.0,0.0,0.5233309,0.4766691
900,82,0.0,2.0,1.0,3.0,0.0,0.0,2.0,1.0,0.0,7.0,7.0,0.19,1.0,81.0,1.0,0.0,16.0,1.0,4.33333333333333,1.0,1.0,0.0,0.825301204819277,1.0,0.0,0.59735,0.40264997
900,83,0.0,2.0,1.0,3.0,0.0,0.0,2.0,1.0,0.0,7.0,7.0,0.19,1.0,85.0,1.0,0.0,16.0,1.0,4.33333333333333,1.0,1.0,0.0,0.825301204819277,1.0,0.0,0.75521684,0.24478318
900,84,0.0,2.0,1.0,3.0,0.0,0.0,2.0,1.0,31.0,7.0,7.0,0.19,1.0,74.0,1.0,0.0,16.0,1.0,4.33333333333333,1.0,1.0,0.0,0.825301204819277,0.1,0.0,0.8386115,0.16138853
900,85,0.0,2.0,1.0,3.0,0.0,0.0,2.0,15.0,0.0,7.0,7.0,0.19,1.0,74.0,1.0,0.0,16.0,1.0,4.33333333333333,1.0,1.0,0.0,0.825301204819277,0.3,0.0,0.6265681,0.3734319
900,86,0.0,2.0,1.0,3.0,0.0,0.0,2.0,1.0,0.0,7.0,7.0,1.99,1.0,74.0,1.0,0.0,16.0,1.0,4.33333333333333,1.0,1.0,0.0,0.825301204819277,1.0,0.0,0.5233309,0.4766691
900,87,0.0,2.0,1.0,3.0,0.0,0.0,2.0,1.0,0.0,7.0,7.0,0.19,1.0,53.0,1.0,0.0,9.0,1.0,4.33333333333333,1.0,1.0,0.0,0.825301204819277,1.0,0.0,0.861366,0.13863401
900,88,0.0,2.0,1.0,3.0,0.0,0.0,2.0,1.0,0.0,7.0,7.0,4.35,1.0,74.0,1.0,24.0,16.0,1.0,4.33333333333333,1.0,1.0,0.0,0.825301204819277,1.0,0.0,0.62459105,0.37540895
900,89,0.0,2.0,1.0,3.0,0.0,0.0,2.0,1.0,0.0,7.0,7.0,0.19,10.0,74.0,1.0,0.0,16.0,8.0,4.33333333333333,1.0,1.0,0.0,0.825301204819277,1.0,0.0,0.5564829,0.44351712
900,90,0.0,2.0,1.0,96.0,0.0,0.0,2.0,1.0,0.0,7.0,7.0,0.19,1.0,74.0,1.0,0.0,16.0,1.0,4.33333333333333,1.0,1.0,0.0,1.1,1.0,0.0,0.5271301,0.4728699
900,91,0.0,2.0,1.0,3.0,0.0,0.0,2.0,6.0,0.0,7.0,7.0,0.19,1.0,74.0,1.0,0.0,16.0,1.0,4.33333333333333,1.0,1.0,0.0,1.0,1.0,0.0,0.5416965,0.4583035
900,92,0.0,2.0,1.0,3.0,0.0,0.0,2.0,1.0,0.0,7.0,7.0,4.52,1.0,74.0,1.0,0.0,51.0,1.0,4.33333333333333,1.0,1.0,0.0,0.825301204819277,1.0,0.0,0.5420176,0.45798245
900,93,0.0,2.0,1.0,3.0,0.0,0.0,2.0,1.0,0.0,7.0,7.0,0.19,1.0,74.0,1.0,10.0,16.0,1.0,4.33333333333333,1.0,1.0,0.0,0.5,1.0,0.0,0.549966,0.45003405
900,94,0.0,2.0,1.0,3.0,0.0,0.0,2.0,1.0,0.0,7.0,7.0,0.19,1.0,84.0,1.0,0.0,16.0,1.0,50.8,1.0,1.0,0.0,0.825301204819277,1.0,0.0,0.84211963,0.15788035
900,95,0.0,2.0,1.0,3.0,0.0,0.0,2.0,1.0,0.0,7.0,7.0,0.19,1.0,98.0,1.0,0.0,16.0,1.0,4.33333333333333,32.0,1.0,0.0,0.825301204819277,1.0,0.0,0.8050579,0.19494213
900,96,0.0,2.0,1.0,3.0,0.0,0.0,2.0,1.0,0.0,7.0,7.0,0.19,12.0,1.0,1.0,0.0,16.0,1.0,4.33333333333333,1.0,1.0,0.0,0.825301204819277,1.0,0.0,0.6717382,0.3282618
900,97,0.0,2.0,1.0,3.0,0.0,0.0,2.0,1.0,0.0,7.0,7.0,1.16,1.0,74.0,1.0,0.0,16.0,1.0,4.33333333333333,1.0,1.0,0.0,0.825301204819277,1.0,0.0,0.53092086,0.46907914
900,98,0.0,2.0,1.0,3.0,0.0,0.0,2.0,1.0,0.0,7.0,7.0,0.19,1.0,74.0,1.0,0.0,16.0,1.0,4.33333333333333,1.0,1.0,0.0,0.5,0.2,0.0,0.92305726,0.076942764
900,99,0.0,2.0,1.0,3.0,0.0,0.0,2.0,1.0,2.0,7.0,7.0,0.19,1.0,74.0,1.0,0.0,3.0,1.0,4.33333333333333,1.0,1.0,0.0,0.825301204819277,1.0,0.0,0.6132027,0.3867973
911,0,0.0,0.0,1.0,2.0,0.0,1.0,2.0,3.0,9.0,12.0,39.0,0.39,0.0,93.0,4.0,3.0,6.0,8.0,2.4375,1.0,1.0,0.0,0.492779783393502,1.0,2.0,0.7931876,0.20681238
911,1,8.0,0.0,1.0,2.0,0.0,1.0,2.0,3.0,9.0,25.0,39.0,6.73,0.0,93.0,4.0,3.0,6.0,4.0,2.4375,1.0,1.0,0.0,0.492779783393502,1.0,2.0,0.63631046,0.3636895
911,2,0.0,0.0,1.0,2.0,0.0,0.0,2.0,3.0,9.0,2.0,39.0,0.39,0.0,93.0,4.0,3.0,6.0,4.0,2.4375,1.0,1.0,0.0,0.492779783393502,1.0,2.0,0.9563136,0.0436864
911,3,0.0,0.0,1.0,2.0,0.0,1.0,2.0,3.0,20.0,25.0,39.0,0.39,0.0,93.0,4.0,3.0,6.0,4.0,2.4375,1.0,1.0,0.0,1.0,1.0,2.0,0.6449896,0.3550104
911,4,0.0,0.0,1.0,12.0,0.0,1.0,2.0,3.0,9.0,25.0,0.0,0.39,0.0,93.0,4.0,3.0,6.0,4.0,2.4375,1.0,1.0,0.0,0.492779783393502,1.0,2.0,0.5197658,0.4802342
911,5,0.0,0.0,1.0,76.0,0.0,1.0,2.0,3.0,9.0,25.0,39.0,0.39,0.0,93.0,4.0,3.0,6.0,4.0,2.4375,1.0,1.0,0.0,1.0,1.0,2.0,0.59642065,0.40357932
911,6,0.0,0.0,1.0,2.0,0.0,1.0,2.0,3.0,9.0,16.0,39.0,0.39,0.0,93.0,4.0,3.0,6.0,4.0,2.4375,33.0,1.0,0.0,0.492779783393502,1.0,2.0,0.87915695,0.12084306
911,7,13.0,0.0,1.0,2.0,0.0,1.0,2.0,3.0,9.0,25.0,39.0,3.36,0.0,93.0,4.0,3.0,6.0,4.0,2.4375,1.0,1.0,0.0,0.492779783393502,1.0,2.0,0.63631046,0.3636895
911,8,0.0,0.0,1.0,2.0,0.0,1.0,2.0,3.0,9.0,25.0,39.0,0.39,0.0,93.0,4.0,3.0,6.0,4.0,30.1,1.0,1.0,0.0,0.8,1.0,2.0,0.676746,0.32325396
911,9,0.0,0.0,1.0,2.0,0.0,1.0,7.0,3.0,9.0,13.0,39.0,0.39,0.0,93.0,4.0,3.0,6.0,4.0,2.4375,1.0,1.0,0.0,0.492779783393502,1.0,2.0,0.7429093,0.2570907
911,10,4.0,0.0,1.0,2.0,0.0,1.0,2.0,3.0,9.0,25.0,39.0,2.1,0.0,93.0,4.0,3.0,6.0,4.0,2.4375,1.0,1.0,0.0,0.492779783393502,1.0,2.0,0.6147257,0.3852743
911,11,0.0,0.0,1.0,2.0,0.0,1.0,2.0,3.0,9.0,25.0,39.0,0.39,0.0,93.0,4.0,3.0,6.0,4.0,2.4375,1.0,1.0,0.0,1.0,1.0,2.0,0.54446715,0.45553285
911,12,0.0,0.0,1.0,84.0,0.0,1.0,2.0,3.0,9.0,25.0,39.0,3.98,0.0,93.0,4.0,3.0,6.0,4.0,2.4375,1.0,1.0,0.0,0.492779783393502,1.0,2.0,0.54076517,0.45923486
911,13,0.0,0.0,1.0,2.0,0.0,1.0,2.0,3.0,9.0,25.0,39.0,1.76,0.0,93.0,4.0,3.0,6.0,4.0,2.4375,1.0,1.0,0.0,0.492779783393502,0.3,2.0,0.5606716,0.43932837
911,14,0.0,0.0,1.0,2.0,0.0,1.0,2.0,3.0,9.0,25.0,22.0,0.39,0.0,93.0,4.0,3.0,6.0,4.0,17.4,1.0,1.0,0.0,0.492779783393502,1.0,2.0,0.59310913,0.40689087
911,15,0.0,0.0,1.0,2.0,0.0,1.0,2.0,3.0,9.0,25.0,39.0,4.21,0.0,93.0,4.0,3.0,6.0,4.0,29.4,1.0,1.0,0.0,0.492779783393502,1.0,2.0,0.6755049,0.32449508
911,16,0.0,0.0,1.0,2.0,0.0,1.0,2.0,3.0,9.0,2.0,63.0,0.39,0.0,93.0,4.0,3.0,6.0,4.0,2.4375,1.0,1.0,0.0,0.492779783393502,1.0,2.0,0.9325993,0.067400664
911,17,0.0,0.0,1.0,2.0,0.0,1.0,2.0,3.0,9.0,9.0,39.0,0.39,0.0,93.0,4.0,3.0,6.0,4.0,2.4375,1.0,1.0,0.0,0.492779783393502,1.0,2.0,0.9434559,0.05654415
911,18,0.0,0.0,1.0,2.0,0.0,1.0,2.0,3.0,9.0,25.0,39.0,6.9,5.0,93.0,4.0,3.0,6.0,4.0,2.4375,1.0,1.0,0.0,0.492779783393502,1.0,2.0,0.541875,0.45812503
911,19,0.0,0.0,1.0,2.0,0.0,1.0,2.0,3.0,9.0,25.0,39.0,0.39,0.0,9.0,4.0,3.0,6.0,4.0,2.4375,1.0,1.0,0.0,0.9,1.0,2.0,0.59147835,0.40852165
911,20,0.0,0.0,1.0,2.0,0.0,1.0,2.0,3.0,9.0,25.0,39.0,2.14,0.0,93.0,4.0,3.0,6.0,1.0,2.4375,1.0,1.0,0.0,0.492779783393502,1.0,2.0,0.6180436,0.3819564
911,21,0.0,0.0,1.0,2.0,0.0,1.0,2.0,3.0,2.0,25.0,39.0,0.39,0.0,93.0,4.0,3.0,6.0,4.0,2.4375,1.0,1.0,0.0,0.492779783393502,1.0,3.0,0.556216,0.44378403
911,22,0.0,0.0,1.0,2.0,0.0,1.0,2.0,3.0,9.0,25.0,39.0,7.05,11.0,93.0,4.0,3.0,6.0,4.0,2.4375,1.0,1.0,0.0,0.492779783393502,1.0,2.0,0.5048182,0.49518183
911,23,0.0,0.0,1.0,12.0,0.0,1.0,2.0,3.0,9.0,25.0,39.0,5.26,0.0,93.0,4.0,3.0,6.0,4.0,2.4375,1.0,1.0,0.0,0.492779783393502,1.0,2.0,0.54076517,0.45923486
911,24,0.0,0.0,1.0,2.0,0.0,1.0,2.0,3.0,9.0,25.0,39.0,7.01,0.0,93.0,4.0,3.0,6.0,4.0,2.4375,1.0,5.0,0.0,0.492779783393502,1.0,2.0,0.6651731,0.3348269
911,25,0.0,0.0,1.0,49.0,0.0,1.0,2.0,3.0,9.0,25.0,39.0,3.32,0.0,93.0,4.0,3.0,6.0,4.0,2.4375,1.0,1.0,0.0,0.492779783393502,1.0,2.0,0.54076517,0.45923486
911,26,0.0,0.0,1.0,2.0,0.0,1.0,2.0,3.0,9.0,0.0,39.0,0.39,0.0,19.0,4.0,3.0,6.0,4.0,2.4375,1.0,1.0,0.0,0.492779783393502,1.0,2.0,0.67089164,0.32910836
911,27,0.0,0.0,1.0,2.0,0.0,1.0,2.0,3.0,9.0,56.0,39.0,0.39,0.0,93.0,4.0,3.0,6.0,4.0,2.4375,1.0,1.0,0.0,1.0,1.0,2.0,0.54446715,0.45553285
911,28,0.0,0.0,1.0,2.0,0.0,1.0,2.0,3.0,9.0,25.0,39.0,0.39,0.0,93.0,4.0,3.0,6.0,4.0,2.4375,1.0,12.0,0.0,0.7,1.0,2.0,0.62310094,0.37689906
911,29,0.0,0.0,1.0,2.0,0.0,1.0,2.0,3.0,9.0,14.0,39.0,0.39,0.0,93.0,4.0,3.0,6.0,4.0,51.8,1.0,1.0,0.0,0.492779783393502,1.0,2.0,0.97574145,0.024258574
911,30,0.0,0.0,1.0,2.0,0.0,1.0,2.0,15.0,9.0,10.0,39.0,0.39,0.0,93.0,4.0,3.0,6.0,4.0,2.4375,1.0,1.0,0.0,0.492779783393502,1.0,2.0,0.8545916,0.14540842
911,31,0.0,0.0,1.0,2.0,0.0,1.0,2.0,3.0,9.0,6.0,39.0,0.39,0.0,93.0,4.0,3.0,6.0,4.0,2.4375,1.0,1.0,0.0,0.492779783393502,1.0,2.0,0.84335047,0.15664954
911,32,0.0,0.0,1.0,2.0,0.0,1.0,2.0,3.0,9.0,25.0,39.0,6.85,0.0,93.0,6.0,3.0,6.0,4.0,2.4375,1.0,1.0,0.0,0.492779783393502,1.0,2.0,0.516123,0.483877
911,33,0.0,0.0,1.0,2.0,0.0,1.0,2.0,3.0,9.0,25.0,8.0,0.39,0.0,93.0,4.0,29.0,6.0,4.0,2.4375,1.0,1.0,0.0,0.492779783393502,1.0,2.0,0.61737055,0.38262945
911,34,0.0,38.0,1.0,2.0,0.0,1.0,2.0,3.0,9.0,8.0,39.0,0.39,0.0,93.0,4.0,3.0,6.0,4.0,2.4375,1.0,1.0,0.0,0.492779783393502,1.0,2.0,0.8627361,0.13726392
911,35,0.0,0.0,1.0,2.0,0.0,1.0,2.0,3.0,9.0,49.0,11.0,0.39,0.0,93.0,4.0,3.0,6.0,4.0,2.4375,1.0,1.0,0.0,0.492779783393502,1.0,2.0,0.5272496,0.47275046
911,36,0.0,0.0,1.0,2.0,0.0,1.0,2.0,3.0,9.0,25.0,39.0,0.39,0.0,93.0,4.0,45.0,6.0,4.0,2.4375,1.0,1.0,0.0,1.0,1.0,2.0,0.61670756,0.38329244
911,37,17.0,0.0,1.0,2.0,0.0,1.0,2.0,3.0,9.0,25.0,39.0,0.39,0.0,93.0,4.0,3.0,6.0,4.0,2.4375,1.0,1.0,0.0,1.0,1.0,2.0,0.5172343,0.48276567
911,38,8.0,0.0,1.0,2.0,0.0,1.0,2.0,3.0,9.0,25.0,39.0,6.69,0.0,93.0,4.0,3.0,6.0,4.0,2.4375,1.0,1.0,0.0,0.492779783393502,1.0,2.0,0.63631046,0.3636895
911,39,0.0,0.0,1.0,2.0,0.0,1.0,2.0,3.0,9.0,25.0,39.0,0.39,0.0,93.0,4.0,3.0,6.0,4.0,13.7,1.0,14.0,0.0,0.492779783393502,1.0,2.0,0.50467324,0.4953268
911,40,0.0,0.0,1.0,2.0,0.0,1.0,2.0,3.0,9.0,7.0,39.0,0.39,0.0,93.0,4.0,3.0,57.0,4.0,2.4375,1.0,1.0,0.0,0.492779783393502,1.0,2.0,0.84580916,0.15419085
911,41,0.0,0.0,1.0,2.0,0.0,1.0,2.0,3.0,9.0,25.0,39.0,1.99,0.0,93.0,4.0,3.0,6.0,0.0,2.4375,1.0,1.0,0.0,0.492779783393502,1.0,2.0,0.6180436,0.3819564
911,42,0.0,0.0,1.0,60.0,0.0,1.0,2.0,3.0,9.0,25.0,39.0,0.39,0.0,93.0,4.0,3.0,6.0,4.0,2.4375,1.0,1.0,0.0,1.0,1.0,2.0,0.59642065,0.40357932
911,43,0.0,0.0,1.0,2.0,0.0,1.0,2.0,3.0,9.0,18.0,39.0,0.39,0.0,93.0,4.0,3.0,6.0,4.0,2.4375,1.0,1.0,0.0,0.492779783393502,1.0,2.0,0.90103424,0.09896574
911,44,0.0,0.0,1.0,2.0,0.0,1.0,2.0,3.0,9.0,25.0,3.0,0.39,0.0,93.0,4.0,3.0,6.0,5.0,2.4375,1.0,1.0,0.0,0.492779783393502,1.0,2.0,0.50083625,0.49916378
911,45,0.0,0.0,1.0,2.0,0.0,1.0,2.0,3.0,19.0,25.0,39.0,0.39,0.0,93.0,4.0,3.0,6.0,4.0,2.4375,1.0,1.0,0.0,1.1,1.0,2.0,0.6449896,0.3550104
911,46,0.0,0.0,1.0,2.0,0.0,1.0,2.0,3.0,9.0,25.0,39.0,6.4,0.0,93.0,4.0,3.0,6.0,4.0,2.4375,1.0,1.0,0.0,1.0,1.0,2.0,0.57126874,0.42873126
911,47,0.0,0.0,1.0,2.0,0.0,1.0,2.0,3.0,9.0,0.0,39.0,0.39,0.0,93.0,4.0,43.0,6.0,4.0,2.4375,1.0,1.0,0.0,0.492779783393502,1.0,2.0,0.9218153,0.07818475
911,48,0.0,0.0,1.0,2.0,0.0,1.0,2.0,3.0,9.0,25.0,2.0,0.39,0.0,93.0,4.0,3.0,6.0,4.0,2.4375,1.0,1.0,0.0,0.492779783393502,1.0,2.0,0.52912515,0.47087485
911,49,0.0,0.0,1.0,2.0,10.0,1.0,2.0,3.0,9.0,25.0,39.0,0.39,0.0,93.0,4.0,3.0,6.0,4.0,2.4375,1.0,1.0,0.0,1.1,1.0,2.0,0.5527879,0.4472121
911,50,0.0,0.0,1.0,2.0,0.0,1.0,2.0,3.0,9.0,7.0,39.0,0.39,0.0,93.0,4.0,3.0,6.0,4.0,2.4375,1.0,1.0,0.0,0.492779783393502,0.8,2.0,0.737012,0.26298797
911,51,13.0,0.0,1.0,2.0,0.0,1.0,2.0,3.0,9.0,25.0,39.0,7.49,0.0,93.0,4.0,3.0,6.0,4.0,2.4375,1.0,1.0,0.0,0.492779783393502,1.0,2.0,0.63631046,0.3636895
911,52,0.0,0.0,1.0,2.0,0.0,1.0,10.0,3.0,9.0,6.0,39.0,0.39,0.0,93.0,4.0,3.0,6.0,4.0,2.4375,1.0,1.0,0.0,0.492779783393502,1.0,2.0,0.7851979,0.21480207
911,53,16.0,0.0,1.0,2.0,0.0,1.0,2.0,3.0,9.0,25.0,39.0,0.39,0.0,93.0,4.0,3.0,6.0,4.0,11.4,1.0,1.0,0.0,0.492779783393502,1.0,2.0,0.5065428,0.49345717
911,54,0.0,0.0,1.0,2.0,0.0,1.0,2.0,3.0,9.0,15.0,39.0,0.39,0.0,93.0,4.0,3.0,6.0,4.0,2.4375,1.0,1.0,0.0,0.492779783393502,1.0,2.0,0.85827094,0.14172906
911,55,0.0,0.0,1.0,2.0,0.0,1.0,2.0,3.0,9.0,5.0,39.0,0.39,0.0,93.0,4.0,1.0,6.0,4.0,2.4375,1.0,1.0,0.0,0.492779783393502,1.0,2.0,0.92143893,0.07856109
911,56,0.0,0.0,1.0,2.0,0.0,1.0,2.0,3.0,1.0,25.0,39.0,6.88,0.0,93.0,4.0,3.0,6.0,4.0,2.4375,1.0,1.0,0.0,0.492779783393502,1.0,2.0,0.8634824,0.13651757
911,57,20.0,0.0,1.0,2.0,0.0,1.0,2.0,3.0,9.0,25.0,39.0,4.98,0.0,93.0,4.0,3.0,6.0,4.0,2.4375,1.0,1.0,0.0,0.492779783393502,1.0,2.0,0.63631046,0.3636895
911,58,0.0,0.0,1.0,2.0,0.0,1.0,2.0,3.0,9.0,25.0,0.0,0.39,0.0,93.0,4.0,3.0,6.0,4.0,2.4375,1.0,5.0,0.0,0.492779783393502,1.0,2.0,0.55139273,0.44860727
911,59,0.0,0.0,1.0,2.0,0.0,1.0,2.0,3.0,9.0,25.0,39.0,0.39,0.0,93.0,4.0,3.0,6.0,4.0,19.2,1.0,21.0,0.0,0.492779783393502,1.0,2.0,0.50467324,0.4953268
911,60,0.0,0.0,1.0,2.0,0.0,1.0,2.0,3.0,9.0,2.0,39.0,0.39,0.0,93.0,4.0,48.0,6.0,4.0,2.4375,1.0,1.0,0.0,0.492779783393502,1.0,2.0,0.9218153,0.07818475
911,61,0.0,0.0,1.0,2.0,0.0,1.0,2.0,3.0,9.0,25.0,39.0,3.33,8.0,93.0,4.0,3.0,6.0,4.0,2.4375,1.0,1.0,0.0,0.492779783393502,1.0,2.0,0.5048182,0.49518183
911,62,2.0,0.0,1.0,2.0,0.0,1.0,2.0,3.0,9.0,15.0,39.0,0.39,0.0,93.0,4.0,3.0,6.0,4.0,2.4375,1.0,1.0,0.0,0.492779783393502,1.0,2.0,0.8958061,0.10419395
911,63,0.0,0.0,1.0,2.0,0.0,1.0,2.0,3.0,9.0,25.0,39.0,0.39,0.0,93.0,4.0,2.0,6.0,4.0,47.4,1.0,1.0,0.0,0.492779783393502,1.0,2.0,0.5093163,0.49068365
911,64,0.0,0.0,1.0,2.0,0.0,1.0,2.0,3.0,38.0,25.0,2.0,0.39,0.0,93.0,4.0,3.0,6.0,4.0,2.4375,1.0,1.0,0.0,0.492779783393502,1.0,2.0,0.52912515,0.47087485
911,65,0.0,0.0,1.0,2.0,0.0,1.0,2.0,3.0,9.0,25.0,39.0,3.56,0.0,93.0,7.0,3.0,6.0,4.0,2.4375,1.0,1.0,0.0,0.492779783393502,1.0,2.0,0.516123,0.483877
911,66,0.0,0.0,1.0,2.0,0.0,1.0,2.0,3.0,9.0,5.0,39.0,0.39,0.0,93.0,4.0,3.0,6.0,4.0,2.4375,1.0,1.0,0.0,0.4,1.0,2.0,0.91244096,0.087559044
911,67,0.0,0.0,1.0,2.0,0.0,1.0,2.0,3.0,9.0,5.0,39.0,0.39,0.0,93.0,4.0,3.0,6.0,4.0,2.4375,1.0,1.0,0.0,1.0,1.0,2.0,0.95145905,0.04854092
911,68,0.0,0.0,1.0,2.0,0.0,1.0,2.0,3.0,9.0,25.0,39.0,0.39,0.0,93.0,4.0,5.0,6.0,4.0,2.4375,1.0,1.0,0.0,1.0,1.0,2.0,0.54446715,0.45553285
911,69,0.0,0.0,1.0,2.0,0.0,1.0,2.0,3.0,9.0,12.0,39.0,0.39,0.0,93.0,4.0,3.0,6.0,5.0,2.4375,1.0,1.0,0.0,0.492779783393502,1.0,2.0,0.7931876,0.20681238
911,70,19.0,0.0,1.0,2.0,0.0,1.0,2.0,3.0,2.0,25.0,39.0,0.39,0.0,93.0,4.0,3.0,6.0,4.0,2.4375,1.0,1.0,0.0,0.492779783393502,1.0,2.0,0.64064693,0.3593531
911,71,0.0,0.0,1.0,2.0,0.0,1.0,2.0,3.0,27.0,25.0,39.0,0.39,0.0,93.0,4.0,3.0,6.0,4.0,2.4375,1.0,1.0,0.0,1.1,1.0,2.0,0.6449896,0.3550104
911,72,0.0,0.0,1.0,2.0,0.0,1.0,2.0,3.0,9.0,19.0,39.0,0.39,0.0,93.0,4.0,49.0,6.0,4.0,2.4375,1.0,1.0,0.0,0.492779783393502,1.0,2.0,0.6664643,0.3335357
911,73,0.0,0.0,4.0,2.0,0.0,1.0,2.0,3.0,9.0,0.0,39.0,0.39,0.0,93.0,4.0,3.0,6.0,4.0,2.4375,1.0,1.0,0.0,0.492779783393502,1.0,2.0,0.8667131,0.13328691
911,74,0.0,0.0,1.0,2.0,0.0,1.0,2.0,3.0,9.0,25.0,39.0,6.5,0.0,93.0,4.0,29.0,6.0,4.0,2.4375,1.0,1.0,0.0,0.492779783393502,1.0,2.0,0.56179416,0.4382058
911,75,0.0,0.0,1.0,2.0,0.0,1.0,2.0,3.0,3.0,25.0,39.0,0.39,0.0,7.0,4.0,3.0,6.0,4.0,2.4375,1.0,1.0,0.0,0.492779783393502,1.0,2.0,0.6531303,0.3468697
911,76,0.0,0.0,1.0,2.0,0.0,0.0,2.0,3.0,9.0,15.0,39.0,0.39,0.0,93.0,4.0,3.0,6.0,4.0,2.4375,1.0,1.0,0.0,0.492779783393502,1.0,2.0,0.87205327,0.12794675
911,77,0.0,0.0,1.0,2.0,0.0,1.0,2.0,3.0,9.0,17.0,39.0,0.39,0.0,93.0,4.0,3.0,6.0,4.0,2.4375,1.0,1.0,0.0,0.492779783393502,1.0,2.0,0.90103424,0.09896574
911,78,0.0,0.0,1.0,2.0,0.0,1.0,2.0,5.0,9.0,25.0,39.0,0.39,0.0,93.0,4.0,3.0,6.0,4.0,2.4375,1.0,1.0,0.0,1.1,1.0,2.0,0.6773591,0.32264087
911,79,0.0,0.0,1.0,2.0,0.0,1.0,2.0,3.0,9.0,17.0,39.0,0.39,0.0,93.0,4.0,3.0,6.0,4.0,2.4375,8.0,1.0,0.0,0.492779783393502,1.0,2.0,0.87915695,0.12084306
911,80,0.0,0.0,1.0,2.0,0.0,1.0,2.0,3.0,9.0,21.0,39.0,0.39,0.0,93.0,4.0,3.0,6.0,1.0,2.4375,1.0,1.0,0.0,0.492779783393502,1.0,2.0,0.71349394,0.2865061
911,81,0.0,0.0,1.0,2.0,0.0,1.0,2.0,6.0,9.0,25.0,39.0,0.39,0.0,93.0,4.0,3.0,6.0,4.0,2.4375,1.0,1.0,0.0,1.0,1.0,2.0,0.6773591,0.32264087
911,82,0.0,0.0,1.0,2.0,0.0,1.0,2.0,3.0,9.0,7.0,39.0,0.39,0.0,93.0,4.0,3.0,6.0,4.0,2.4375,1.0,1.0,0.0,0.492779783393502,1.0,2.0,0.9434559,0.05654415
911,83,0.0,0.0,1.0,2.0,0.0,1.0,2.0,3.0,9.0,10.0,39.0,3.61,0.0,93.0,4.0,3.0,6.0,4.0,2.4375,1.0,1.0,0.0,0.492779783393502,1.0,2.0,0.9360115,0.06398849
911,84,0.0,39.0,1.0,2.0,0.0,1.0,2.0,3.0,9.0,3.0,39.0,0.39,0.0,93.0,4.0,3.0,6.0,4.0,2.4375,1.0,1.0,0.0,0.492779783393502,1.0,2.0,0.7417674,0.2582326
911,85,0.0,0.0,1.0,2.0,0.0,1.0,2.0,3.0,9.0,0.0,39.0,0.39,0.0,93.0,4.0,3.0,70.0,4.0,2.4375,1.0,1.0,0.0,0.492779783393502,1.0,2.0,0.8811967,0.1188033
911,86,0.0,0.0,1.0,2.0,0.0,1.0,2.0,12.0,9.0,17.0,39.0,0.39,0.0,93.0,4.0,3.0,6.0,4.0,2.4375,1.0,1.0,0.0,0.492779783393502,1.0,2.0,0.762298,0.237702
911,87,0.0,0.0,1.0,2.0,0.0,1.0,2.0,3.0,9.0,8.0,39.0,0.39,7.0,93.0,4.0,3.0,6.0,4.0,2.4375,1.0,1.0,0.0,0.492779783393502,1.0,2.0,0.9395027,0.060497265
911,88,0.0,0.0,1.0,2.0,0.0,1.0,2.0,3.0,9.0,25.0,8.0,2.7,0.0,93.0,4.0,3.0,6.0,4.0,2.4375,1.0,1.0,0.0,0.492779783393502,1.0,2.0,0.58228564,0.41771436
911,89,0.0,0.0,1.0,2.0,0.0,1.0,2.0,3.0,9.0,25.0,10.0,0.39,0.0,93.0,7.0,3.0,6.0,4.0,2.4375,1.0,1.0,0.0,0.492779783393502,1.0,2.0,0.57309014,0.42690986
911,90,0.0,0.0,1.0,2.0,0.0,1.0,2.0,3.0,9.0,21.0,97.0,0.39,0.0,93.0,4.0,3.0,6.0,4.0,2.4375,1.0,1.0,0.0,0.492779783393502,1.0,2.0,0.6815009,0.31849906
911,91,0.0,0.0,1.0,2.0,0.0,1.0,2.0,3.0,9.0,25.0,39.0,1.32,0.0,93.0,4.0,3.0,6.0,4.0,2.4375,1.0,2.0,0.0,0.492779783393502,1.0,2.0,0.608493,0.39150703
911,92,0.0,0.0,1.0,2.0,0.0,8.0,2.0,3.0,9.0,25.0,39.0,0.39,0.0,93.0,4.0,3.0,6.0,4.0,2.4375,1.0,1.0,0.0,1.0,1.0,2.0,0.537719,0.462281
911,93,0.0,0.0,1.0,2.0,0.0,1.0,2.0,3.0,9.0,8.0,39.0,0.39,0.0,93.0,4.0,3.0,6.0,4.0,2.4375,1.0,1.0,0.0,0.492779783393502,1.0,2.0,0.9434559,0.05654415
911,94,0.0,0.0,1.0,2.0,0.0,1.0,2.0,3.0,9.0,5.0,95.0,0.39,0.0,93.0,4.0,3.0,6.0,4.0,2.4375,1.0,1.0,0.0,0.492779783393502,1.0,2.0,0.9261107,0.07388931
911,95,0.0,0.0,1.0,2.0,0.0,1.0,2.0,3.0,2.0,25.0,39.0,0.39,0.0,93.0,8.0,3.0,6.0,4.0,2.4375,1.0,1.0,0.0,0.492779783393502,1.0,2.0,0.5893444,0.4106556
911,96,0.0,0.0,1.0,2.0,0.0,1.0,2.0,3.0,9.0,0.0,39.0,0.39,0.0,93.0,8.0,3.0,6.0,4.0,2.4375,1.0,1.0,0.0,0.492779783393502,1.0,2.0,0.9012349,0.0987651
911,97,0.0,0.0,1.0,2.0,0.0,1.0,2.0,3.0,9.0,13.0,39.0,0.39,0.0,93.0,4.0,3.0,6.0,4.0,3.8,1.0,1.0,0.0,0.492779783393502,1.0,2.0,0.60358286,0.39641714
911,98,0.0,0.0,1.0,2.0,0.0,1.0,2.0,3.0,9.0,25.0,39.0,0.39,0.0,93.0,4.0,3.0,6.0,4.0,33.4,1.0,1.0,0.0,0.8,1.0,2.0,0.676746,0.32325396
911,99,0.0,0.0,1.0,2.0,16.0,1.0,2.0,3.0,9.0,25.0,39.0,0.39,0.0,93.0,4.0,3.0,6.0,4.0,2.4375,1.0,1.0,0.0,1.0,1.0,2.0,0.5527879,0.4472121
912,0,0.0,0.0,1.0,1.0,0.0,3.0,2.0,1.0,6.0,0.0,2.0,0.51,1.0,53.0,2.0,4.0,12.0,1.0,3.0,1.0,20.0,0.0,0.572327044025157,0.333333333333333,1.0,0.7527065,0.24729344
912,1,0.0,0.0,1.0,1.0,0.0,3.0,2.0,1.0,6.0,0.0,2.0,0.51,1.0,75.0,2.0,4.0,12.0,1.0,3.0,1.0,1.0,0.0,0.4,0.333333333333333,0.0,0.51164156,0.48835844
912,2,0.0,0.0,1.0,1.0,35.0,3.0,2.0,1.0,6.0,0.0,2.0,4.56,1.0,75.0,2.0,4.0,12.0,1.0,3.0,1.0,1.0,0.0,0.572327044025157,0.333333333333333,1.0,0.96007687,0.03992312
912,3,0.0,0.0,1.0,1.0,0.0,3.0,2.0,1.0,1.0,0.0,2.0,6.88,1.0,75.0,2.0,4.0,12.0,1.0,3.0,1.0,1.0,0.0,0.572327044025157,0.333333333333333,1.0,0.98992753,0.010072456
912,4,0.0,0.0,1.0,1.0,0.0,3.0,2.0,12.0,6.0,0.0,2.0,0.51,1.0,75.0,2.0,4.0,12.0,1.0,15.4,1.0,1.0,0.0,0.572327044025157,0.333333333333333,1.0,0.6871663,0.31283373
912,5,0.0,0.0,1.0,1.0,0.0,2.0,2.0,1.0,6.0,0.0,2.0,0.51,1.0,75.0,2.0,4.0,12.0,0.0,3.0,1.0,1.0,0.0,0.572327044025157,0.333333333333333,1.0,0.5765528,0.4234472
912,6,0.0,0.0,1.0,1.0,0.0,3.0,2.0,1.0,6.0,0.0,2.0,0.51,1.0,75.0,2.0,4.0,39.0,1.0,3.0,1.0,1.0,0.0,0.5,0.333333333333333,1.0,0.6141821,0.38581792
912,7,0.0,0.0,1.0,1.0,0.0,3.0,2.0,1.0,6.0,0.0,2.0,0.51,4.0,75.0,2.0,4.0,12.0,1.0,3.0,1.0,1.0,0.0,0.572327044025157,0.333333333333333,1.0,0.5681313,0.43186864
912,8,0.0,0.0,1.0,1.0,5.0,1.0,2.0,1.0,6.0,0.0,2.0,0.51,1.0,75.0,2.0,4.0,12.0,1.0,3.0,1.0,1.0,0.0,0.572327044025157,0.333333333333333,1.0,0.6070895,0.3929105
912,9,0.0,0.0,1.0,1.0,0.0,3.0,2.0,1.0,6.0,0.0,2.0,0.51,1.0,75.0,2.0,4.0,12.0,1.0,14.3,1.0,1.0,0.0,0.572327044025157,0.333333333333333,1.0,0.7495717,0.2504283
912,10,0.0,0.0,1.0,1.0,0.0,3.0,2.0,1.0,6.0,0.0,2.0,0.51,1.0,75.0,2.0,4.0,12.0,1.0,3.0,35.0,1.0,0.0,0.9,0.333333333333333,1.0,0.8059446,0.19405536
912,11,0.0,0.0,1.0,1.0,0.0,3.0,12.0,1.0,6.0,0.0,2.0,0.51,1.0,75.0,2.0,4.0,12.0,1.0,19.0,1.0,1.0,0.0,0.572327044025157,0.333333333333333,1.0,0.77081627,0.22918372
912,12,0.0,0.0,1.0,1.0,0.0,3.0,2.0,1.0,6.0,0.0,2.0,0.51,1.0,75.0,2.0,4.0,12.0,0.0,3.0,1.0,1.0,0.0,0.9,0.333333333333333,1.0,0.870253,0.12974697
912,13,0.0,0.0,1.0,1.0,0.0,3.0,2.0,1.0,6.0,0.0,2.0,0.33,1.0,48.0,2.0,4.0,12.0,1.0,3.0,1.0,1.0,0.0,0.572327044025157,0.333333333333333,1.0,0.52360904,0.476391
912,14,0.0,0.0,1.0,1.0,0.0,3.0,2.0,1.0,6.0,0.0,2.0,0.51,1.0,75.0,2.0,34.0,12.0,1.0,30.8,1.0,1.0,0.0,0.572327044025157,0.333333333333333,1.0,0.7975199,0.2024801
912,15,0.0,0.0,1.0,1.0,0.0,3.0,2.0,1.0,6.0,0.0,2.0,0.51,1.0,75.0,2.0,4.0,12.0,1.0,34.8,1.0,1.0,0.0,0.572327044025157,0.333333333333333,1.0,0.7495717,0.2504283
912,16,3.0,0.0,1.0,1.0,0.0,3.0,2.0,1.0,6.0,0.0,2.0,0.51,1.0,87.0,2.0,4.0,12.0,1.0,3.0,1.0,1.0,0.0,0.572327044025157,0.333333333333333,1.0,0.5956652,0.4043348
912,17,0.0,0.0,1.0,1.0,0.0,3.0,2.0,1.0,6.0,0.0,2.0,6.99,1.0,75.0,2.0,4.0,12.0,1.0,3.0,1.0,1.0,0.0,0.572327044025157,0.333333333333333,1.0,0.95918095,0.040819068
912,18,0.0,0.0,1.0,1.0,0.0,3.0,2.0,1.0,6.0,0.0,2.0,0.51,1.0,2.0,2.0,4.0,12.0,1.0,3.0,1.0,1.0,0.0,0.572327044025157,0.333333333333333,1.0,0.5984669,0.40153316
912,19,0.0,0.0,1.0,1.0,0.0,3.0,2.0,1.0,6.0,0.0,2.0,0.51,1.0,75.0,2.0,4.0,2.0,1.0,3.0,1.0,1.0,0.0,0.572327044025157,0.333333333333333,1.0,0.89802516,0.101974815
912,20,0.0,0.0,3.0,1.0,0.0,3.0,2.0,1.0,6.0,0.0,2.0,0.51,1.0,75.0,2.0,4.0,12.0,1.0,40.4,1.0,1.0,0.0,0.572327044025157,0.333333333333333,1.0,0.7495717,0.2504283
912,21,0.0,0.0,1.0,1.0,0.0,3.0,2.0,1.0,6.0,0.0,2.0,4.64,1.0,75.0,2.0,4.0,12.0,1.0,3.0,1.0,1.0,0.0,0.572327044025157,0.333333333333333,1.0,0.95918095,0.040819068
912,22,0.0,0.0,1.0,1.0,0.0,3.0,2.0,1.0,6.0,0.0,2.0,4.54,1.0,75.0,2.0,4.0,12.0,1.0,3.0,1.0,1.0,0.0,0.572327044025157,0.333333333333333,1.0,0.95918095,0.040819068
912,23,0.0,0.0,1.0,1.0,0.0,3.0,2.0,1.0,6.0,0.0,2.0,0.51,1.0,46.0,2.0,4.0,12.0,1.0,30.4,1.0,1.0,0.0,0.572327044025157,0.333333333333333,1.0,0.78612995,0.21387005
912,24,0.0,0.0,1.0,1.0,0.0,3.0,2.0,18.0,6.0,0.0,2.0,0.51,1.0,75.0,2.0,4.0,12.0,1.0,3.0,1.0,1.0,0.0,0.7,0.333333333333333,1.0,0.75292623,0.2470738
912,25,0.0,0.0,1.0,1.0,0.0,3.0,14.0,1.0,6.0,0.0,2.0,0.51,1.0,75.0,2.0,4.0,12.0,1.0,26.2,1.0,1.0,0.0,0.572327044025157,0.333333333333333,1.0,0.77081627,0.22918372
912,26,0.0,0.0,1.0,1.0,0.0,3.0,2.0,1.0,6.0,0.0,2.0,0.51,1.0,46.0,2.0,4.0,12.0,1.0,3.0,1.0,1.0,0.0,0.572327044025157,0.333333333333333,1.0,0.550099,0.449901
912,27,0.0,0.0,1.0,1.0,0.0,3.0,2.0,1.0,6.0,0.0,2.0,0.51,1.0,45.0,2.0,4.0,12.0,1.0,3.0,1.0,1.0,0.0,0.572327044025157,0.333333333333333,1.0,0.550099,0.449901
912,28,0.0,0.0,1.0,1.0,0.0,3.0,2.0,1.0,6.0,0.0,2.0,0.51,1.0,75.0,2.0,4.0,12.0,1.0,47.3,1.0,1.0,0.0,0.572327044025157,0.333333333333333,1.0,0.7495717,0.2504283
912,29,0.0,0.0,1.0,1.0,0.0,3.0,2.0,1.0,6.0,0.0,2.0,0.51,1.0,75.0,2.0,4.0,4.0,1.0,3.0,1.0,1.0,3.0,0.572327044025157,0.333333333333333,1.0,0.7015388,0.2984612
912,30,0.0,0.0,0.0,1.0,0.0,3.0,2.0,1.0,6.0,0.0,2.0,0.51,1.0,75.0,2.0,4.0,1.0,1.0,3.0,1.0,1.0,0.0,0.572327044025157,0.333333333333333,1.0,0.8563482,0.1436518
912,31,0.0,0.0,1.0,1.0,0.0,3.0,2.0,1.0,6.0,0.0,2.0,0.51,1.0,75.0,1.0,4.0,12.0,1.0,3.0,1.0,1.0,0.0,0.4,0.333333333333333,1.0,0.5132673,0.4867327
912,32,0.0,0.0,1.0,28.0,0.0,3.0,2.0,1.0,6.0,0.0,2.0,0.51,1.0,75.0,2.0,4.0,12.0,1.0,3.0,1.0,1.0,0.0,0.7,0.333333333333333,1.0,0.8038332,0.1961668
912,33,0.0,0.0,1.0,1.0,0.0,3.0,2.0,1.0,6.0,0.0,2.0,0.51,1.0,53.0,2.0,4.0,12.0,1.0,3.0,1.0,14.0,0.0,0.572327044025157,0.333333333333333,1.0,0.7527065,0.24729344
912,34,0.0,0.0,1.0,1.0,0.0,3.0,2.0,1.0,6.0,0.0,2.0,0.51,1.0,75.0,2.0,4.0,7.0,1.0,3.0,1.0,1.0,0.0,0.5,0.333333333333333,1.0,0.71986485,0.28013518
912,35,0.0,0.0,1.0,1.0,0.0,3.0,2.0,1.0,6.0,0.0,2.0,0.51,5.0,75.0,2.0,4.0,12.0,1.0,3.0,1.0,1.0,0.0,0.8,0.333333333333333,1.0,0.9512705,0.048729505
912,36,0.0,0.0,1.0,1.0,0.0,3.0,2.0,1.0,6.0,0.0,2.0,3.5,1.0,75.0,2.0,4.0,12.0,1.0,3.0,9.0,1.0,0.0,0.572327044025157,0.333333333333333,1.0,0.90197724,0.09802275
912,37,0.0,0.0,1.0,1.0,0.0,3.0,2.0,1.0,6.0,0.0,2.0,0.51,1.0,75.0,2.0,4.0,12.0,1.0,15.8,1.0,1.0,0.0,0.572327044025157,0.333333333333333,1.0,0.7495717,0.2504283
912,38,0.0,0.0,1.0,1.0,0.0,3.0,2.0,1.0,6.0,0.0,2.0,5.44,1.0,75.0,2.0,4.0,12.0,9.0,3.0,1.0,1.0,0.0,0.572327044025157,0.333333333333333,1.0,0.8778757,0.122124314
912,39,0.0,0.0,1.0,1.0,0.0,3.0,2.0,1.0,6.0,0.0,2.0,0.51,1.0,50.0,2.0,4.0,12.0,1.0,3.0,1.0,1.0,0.0,0.572327044025157,0.333333333333333,1.0,0.550099,0.449901
912,40,0.0,0.0,1.0,1.0,0.0,3.0,2.0,1.0,6.0,0.0,2.0,0.51,1.0,27.0,2.0,4.0,12.0,1.0,3.0,1.0,1.0,0.0,0.572327044025157,0.333333333333333,1.0,0.64910984,0.35089013
912,41,0.0,0.0,1.0,1.0,0.0,3.0,2.0,1.0,6.0,0.0,2.0,0.51,1.0,75.0,2.0,4.0,12.0,1.0,24.6,1.0,1.0,1.0,0.572327044025157,0.333333333333333,1.0,0.78519607,0.2148039
912,42,0.0,0.0,1.0,1.0,0.0,3.0,2.0,1.0,6.0,0.0,2.0,0.51,1.0,13.0,2.0,4.0,12.0,1.0,14.8,1.0,1.0,0.0,0.572327044025157,0.333333333333333,1.0,0.868966,0.13103403
912,43,0.0,0.0,2.0,1.0,0.0,3.0,2.0,1.0,6.0,0.0,2.0,0.51,3.0,75.0,2.0,4.0,12.0,1.0,3.0,1.0,1.0,0.0,0.572327044025157,0.333333333333333,1.0,0.5325806,0.46741942
912,44,0.0,0.0,1.0,1.0,0.0,0.0,2.0,1.0,6.0,0.0,2.0,0.51,1.0,75.0,2.0,4.0,12.0,1.0,3.0,21.0,1.0,0.0,0.572327044025157,0.333333333333333,1.0,0.6854296,0.31457046
912,45,0.0,0.0,1.0,1.0,0.0,2.0,2.0,1.0,6.0,0.0,2.0,0.51,1.0,75.0,2.0,4.0,12.0,1.0,3.0,1.0,1.0,1.0,0.572327044025157,0.333333333333333,1.0,0.6244587,0.37554136
912,46,0.0,0.0,1.0,1.0,0.0,3.0,2.0,1.0,6.0,0.0,2.0,0.51,1.0,85.0,2.0,4.0,12.0,1.0,3.0,1.0,1.0,0.0,0.572327044025157,0.333333333333333,1.0,0.8588197,0.14118029
912,47,0.0,0.0,1.0,1.0,0.0,3.0,2.0,1.0,6.0,0.0,2.0,4.7,1.0,75.0,2.0,4.0,12.0,1.0,3.0,1.0,1.0,0.0,0.572327044025157,0.333333333333333,1.0,0.95918095,0.040819068
912,48,0.0,0.0,1.0,1.0,0.0,3.0,2.0,1.0,6.0,0.0,2.0,0.51,1.0,75.0,2.0,52.0,12.0,1.0,14.6,1.0,1.0,0.0,0.572327044025157,0.333333333333333,1.0,0.7975199,0.2024801
912,49,0.0,0.0,1.0,1.0,0.0,3.0,2.0,1.0,6.0,0.0,2.0,0.51,1.0,75.0,2.0,4.0,16.0,1.0,3.0,1.0,1.0,0.0,0.9,0.333333333333333,1.0,0.9133052,0.08669476
912,50,0.0,0.0,1.0,1.0,0.0,3.0,2.0,1.0,6.0,0.0,2.0,5.92,1.0,75.0,2.0,4.0,12.0,1.0,3.0,1.0,1.0,0.0,0.572327044025157,0.333333333333333,1.0,0.95918095,0.040819068
912,51,0.0,0.0,1.0,1.0,0.0,3.0,2.0,1.0,6.0,0.0,2.0,2.2,1.0,75.0,2.0,4.0,12.0,1.0,3.0,1.0,1.0,0.0,0.572327044025157,0.333333333333333,1.0,0.9592584,0.04074164
912,52,0.0,0.0,1.0,1.0,0.0,3.0,2.0,1.0,6.0,0.0,2.0,2.31,1.0,75.0,2.0,4.0,12.0,1.0,3.0,1.0,1.0,0.0,0.572327044025157,0.333333333333333,1.0,0.9592584,0.04074164
912,53,0.0,0.0,1.0,1.0,0.0,3.0,2.0,1.0,6.0,12.0,2.0,0.51,1.0,75.0,2.0,4.0,12.0,1.0,29.7,1.0,1.0,0.0,0.572327044025157,0.333333333333333,1.0,0.7935205,0.2064795
912,54,0.0,0.0,1.0,1.0,0.0,3.0,2.0,1.0,35.0,0.0,2.0,4.18,1.0,75.0,2.0,4.0,12.0,1.0,3.0,1.0,1.0,0.0,0.572327044025157,0.333333333333333,1.0,0.96830076,0.03169924
912,55,0.0,0.0,1.0,1.0,0.0,3.0,2.0,1.0,6.0,0.0,2.0,0.51,1.0,75.0,2.0,41.0,12.0,1.0,3.0,1.0,1.0,0.0,0.4,0.333333333333333,1.0,0.5952944,0.40470558
912,56,0.0,0.0,1.0,1.0,0.0,3.0,2.0,1.0,0.0,7.0,2.0,0.51,1.0,75.0,2.0,4.0,12.0,1.0,3.0,1.0,1.0,0.0,0.572327044025157,0.333333333333333,1.0,0.76212716,0.23787285
912,57,0.0,0.0,1.0,1.0,0.0,3.0,2.0,1.0,6.0,0.0,2.0,0.51,1.0,84.0,2.0,4.0,12.0,1.0,3.0,1.0,1.0,0.0,0.572327044025157,0.333333333333333,1.0,0.8588197,0.14118029
912,58,0.0,0.0,1.0,1.0,0.0,3.0,2.0,1.0,6.0,0.0,2.0,0.51,5.0,75.0,2.0,4.0,12.0,1.0,3.0,1.0,1.0,1.0,0.572327044025157,0.333333333333333,1.0,0.616356,0.383644
912,59,0.0,0.0,1.0,1.0,0.0,3.0,2.0,1.0,6.0,0.0,48.0,0.51,1.0,75.0,2.0,4.0,12.0,1.0,3.0,1.0,1.0,0.0,0.9,0.333333333333333,1.0,0.75366974,0.24633028
912,60,0.0,0.0,1.0,1.0,0.0,3.0,2.0,1.0,6.0,0.0,2.0,2.04,1.0,75.0,2.0,4.0,12.0,1.0,3.0,1.0,1.0,0.0,0.572327044025157,0.333333333333333,1.0,0.9592584,0.04074164
912,61,0.0,0.0,1.0,1.0,0.0,3.0,2.0,1.0,6.0,0.0,2.0,3.56,1.0,75.0,7.0,4.0,12.0,1.0,3.0,1.0,1.0,0.0,0.572327044025157,0.333333333333333,1.0,0.9687779,0.03122213
912,62,0.0,0.0,1.0,1.0,0.0,3.0,2.0,1.0,6.0,0.0,2.0,6.52,1.0,75.0,6.0,4.0,12.0,1.0,3.0,1.0,1.0,0.0,0.572327044025157,0.333333333333333,1.0,0.9687779,0.03122213
912,63,0.0,0.0,1.0,1.0,0.0,3.0,2.0,1.0,6.0,0.0,2.0,0.51,1.0,75.0,2.0,4.0,12.0,1.0,15.4,1.0,1.0,0.0,0.572327044025157,0.333333333333333,1.0,0.7495717,0.2504283
912,64,0.0,0.0,1.0,1.0,0.0,3.0,2.0,1.0,6.0,0.0,2.0,0.51,1.0,75.0,2.0,4.0,12.0,1.0,44.1,1.0,1.0,2.0,0.572327044025157,0.333333333333333,1.0,0.78519607,0.2148039
912,65,0.0,0.0,1.0,1.0,29.0,3.0,2.0,1.0,6.0,0.0,2.0,3.61,1.0,75.0,2.0,4.0,12.0,1.0,3.0,1.0,1.0,0.0,0.572327044025157,0.333333333333333,1.0,0.96007687,0.03992312
912,66,0.0,0.0,1.0,1.0,0.0,3.0,2.0,1.0,6.0,0.0,2.0,0.51,1.0,75.0,2.0,4.0,12.0,1.0,28.2,1.0,1.0,0.0,0.572327044025157,0.333333333333333,1.0,0.7495717,0.2504283
912,67,0.0,0.0,1.0,1.0,0.0,3.0,2.0,1.0,6.0,0.0,2.0,0.51,1.0,43.0,2.0,4.0,12.0,1.0,3.0,1.0,1.0,0.0,0.572327044025157,0.333333333333333,1.0,0.513118,0.486882
912,68,0.0,0.0,1.0,1.0,0.0,3.0,2.0,1.0,6.0,0.0,2.0,0.51,1.0,39.0,2.0,4.0,12.0,1.0,3.0,1.0,1.0,0.0,0.572327044025157,0.333333333333333,1.0,0.64910984,0.35089013
912,69,0.0,0.0,1.0,1.0,0.0,3.0,2.0,1.0,6.0,0.0,2.0,0.51,1.0,75.0,2.0,4.0,12.0,1.0,25.1,1.0,1.0,0.0,0.572327044025157,0.333333333333333,1.0,0.7495717,0.2504283
912,70,0.0,0.0,1.0,1.0,0.0,3.0,2.0,1.0,6.0,0.0,2.0,0.51,1.0,75.0,4.0,4.0,12.0,1.0,29.0,1.0,1.0,0.0,0.572327044025157,0.333333333333333,1.0,0.7495717,0.2504283
912,71,0.0,0.0,1.0,1.0,0.0,3.0,2.0,1.0,6.0,0.0,2.0,6.12,1.0,75.0,2.0,44.0,12.0,1.0,3.0,1.0,1.0,0.0,0.572327044025157,0.333333333333333,1.0,0.9732507,0.026749289
912,72,0.0,0.0,1.0,1.0,0.0,3.0,2.0,1.0,21.0,0.0,2.0,0.51,11.0,75.0,2.0,4.0,12.0,1.0,3.0,1.0,1.0,0.0,0.572327044025157,0.333333333333333,1.0,0.6184323,0.38156772
912,73,0.0,0.0,1.0,1.0,0.0,3.0,2.0,1.0,6.0,0.0,2.0,7.01,1.0,75.0,2.0,43.0,12.0,1.0,3.0,1.0,1.0,0.0,0.572327044025157,0.333333333333333,1.0,0.9732507,0.026749289
912,74,0.0,0.0,1.0,1.0,0.0,3.0,3.0,1.0,6.0,0.0,2.0,0.51,6.0,75.0,2.0,4.0,12.0,1.0,3.0,1.0,1.0,0.0,0.572327044025157,0.333333333333333,1.0,0.53291595,0.46708405
912,75,0.0,23.0,1.0,1.0,0.0,3.0,2.0,1.0,6.0,0.0,2.0,6.0,1.0,75.0,2.0,4.0,12.0,1.0,3.0,1.0,1.0,0.0,0.572327044025157,0.333333333333333,1.0,0.88354754,0.11645247
912,76,0.0,0.0,1.0,1.0,0.0,3.0,2.0,1.0,6.0,0.0,2.0,4.38,1.0,75.0,2.0,4.0,12.0,1.0,3.0,1.0,1.0,0.0,0.572327044025157,0.6,1.0,0.8857139,0.11428611
912,77,0.0,0.0,4.0,1.0,0.0,3.0,2.0,1.0,6.0,0.0,2.0,0.51,1.0,75.0,2.0,4.0,12.0,1.0,41.6,1.0,1.0,0.0,0.572327044025157,0.333333333333333,1.0,0.7495717,0.2504283
912,78,0.0,0.0,1.0,1.0,0.0,3.0,2.0,1.0,6.0,0.0,102.0,0.51,1.0,75.0,2.0,4.0,12.0,1.0,51.3,1.0,1.0,0.0,0.572327044025157,0.333333333333333,1.0,0.645589,0.35441104
912,79,0.0,0.0,1.0,1.0,0.0,3.0,2.0,1.0,6.0,0.0,2.0,4.08,1.0,75.0,2.0,4.0,12.0,1.0,28.5,1.0,1.0,0.0,0.572327044025157,0.333333333333333,1.0,0.96738815,0.032611866
912,80,0.0,0.0,1.0,1.0,0.0,3.0,2.0,1.0,6.0,0.0,2.0,3.51,1.0,75.0,2.0,4.0,12.0,1.0,3.0,1.0,1.0,0.0,0.572327044025157,0.333333333333333,1.0,0.95918095,0.040819068
912,81,0.0,0.0,1.0,1.0,0.0,3.0,2.0,1.0,6.0,0.0,2.0,0.51,1.0,75.0,2.0,4.0,12.0,1.0,25.2,1.0,1.0,0.0,0.572327044025157,0.333333333333333,1.0,0.7495717,0.2504283
912,82,0.0,0.0,1.0,1.0,0.0,1.0,2.0,1.0,6.0,0.0,2.0,1.91,1.0,75.0,2.0,4.0,12.0,1.0,3.0,1.0,1.0,0.0,0.572327044025157,0.333333333333333,1.0,0.9879214,0.012078591
912,83,0.0,0.0,1.0,1.0,0.0,1.0,2.0,1.0,6.0,0.0,2.0,1.69,1.0,75.0,2.0,4.0,12.0,1.0,3.0,1.0,1.0,0.0,0.572327044025157,0.333333333333333,1.0,0.9879214,0.012078591
912,84,0.0,0.0,1.0,1.0,0.0,3.0,2.0,1.0,6.0,0.0,2.0,0.51,1.0,12.0,2.0,4.0,12.0,1.0,3.0,1.0,1.0,1.0,0.572327044025157,0.333333333333333,1.0,0.6454182,0.35458177
912,85,0.0,0.0,1.0,1.0,0.0,3.0,2.0,1.0,6.0,0.0,2.0,1.76,1.0,75.0,2.0,4.0,12.0,1.0,3.0,1.0,1.0,0.0,0.572327044025157,0.3,1.0,0.9592584,0.04074164
912,86,0.0,0.0,1.0,1.0,0.0,3.0,2.0,1.0,15.0,0.0,2.0,0.51,7.0,75.0,2.0,4.0,12.0,1.0,3.0,1.0,1.0,0.0,0.572327044025157,0.333333333333333,1.0,0.6184323,0.38156772
912,87,0.0,0.0,1.0,1.0,0.0,3.0,2.0,1.0,6.0,0.0,2.0,0.51,1.0,75.0,2.0,4.0,49.0,1.0,26.8,1.0,1.0,0.0,0.572327044025157,0.333333333333333,1.0,0.79237276,0.20762725
912,88,0.0,0.0,1.0,1.0,0.0,3.0,2.0,1.0,6.0,0.0,2.0,2.78,1.0,75.0,2.0,4.0,12.0,1.0,3.0,1.0,1.0,0.0,0.6,0.333333333333333,1.0,0.9183012,0.081698805
912,89,0.0,0.0,1.0,1.0,0.0,3.0,2.0,1.0,35.0,0.0,2.0,0.51,13.0,75.0,2.0,4.0,12.0,1.0,3.0,1.0,1.0,0.0,0.572327044025157,0.333333333333333,1.0,0.6184323,0.38156772
912,90,0.0,0.0,1.0,1.0,0.0,3.0,2.0,1.0,6.0,0.0,2.0,0.51,4.0,75.0,2.0,4.0,12.0,1.0,3.0,1.0,1.0,0.0,0.7,0.333333333333333,1.0,0.8914607,0.10853928
912,91,0.0,0.0,1.0,1.0,0.0,3.0,2.0,1.0,6.0,0.0,2.0,2.24,1.0,75.0,2.0,4.0,12.0,1.0,3.0,1.0,1.0,0.0,0.572327044025157,0.333333333333333,1.0,0.9592584,0.04074164
912,92,0.0,18.0,1.0,1.0,0.0,3.0,2.0,1.0,6.0,0.0,2.0,0.51,1.0,75.0,2.0,4.0,12.0,1.0,3.0,1.0,1.0,0.0,0.7,0.333333333333333,1.0,0.61351466,0.38648534
912,93,0.0,0.0,3.0,1.0,0.0,3.0,2.0,1.0,6.0,0.0,2.0,5.34,1.0,75.0,2.0,4.0,12.0,1.0,3.0,1.0,1.0,0.0,0.572327044025157,0.333333333333333,1.0,0.9531672,0.0468328
912,94,0.0,0.0,1.0,1.0,0.0,3.0,2.0,1.0,6.0,0.0,2.0,0.51,2.0,75.0,2.0,4.0,12.0,1.0,3.0,1.0,1.0,0.0,0.9,0.333333333333333,1.0,0.9228613,0.07713872
912,95,0.0,0.0,1.0,1.0,0.0,3.0,2.0,1.0,6.0,0.0,2.0,0.51,2.0,75.0,8.0,4.0,12.0,1.0,3.0,1.0,1.0,0.0,0.572327044025157,0.333333333333333,1.0,0.5356769,0.4643231
912,96,0.0,0.0,1.0,1.0,8.0,3.0,2.0,1.0,6.0,0.0,2.0,0.51,1.0,39.0,2.0,4.0,12.0,1.0,3.0,1.0,1.0,0.0,0.572327044025157,0.333333333333333,1.0,0.6337379,0.3662621
912,97,0.0,0.0,1.0,1.0,0.0,3.0,2.0,1.0,6.0,29.0,2.0,3.51,1.0,75.0,2.0,4.0,12.0,1.0,3.0,1.0,1.0,0.0,0.572327044025157,0.333333333333333,1.0,0.85264367,0.14735632
912,98,0.0,0.0,1.0,1.0,0.0,3.0,2.0,1.0,6.0,0.0,2.0,7.41,1.0,75.0,2.0,4.0,12.0,1.0,3.0,1.0,1.0,0.0,0.572327044025157,0.333333333333333,1.0,0.95918095,0.040819068
912,99,0.0,0.0,1.0,1.0,0.0,3.0,2.0,7.0,6.0,0.0,2.0,0.51,1.0,75.0,2.0,4.0,12.0,1.0,3.0,1.0,1.0,0.0,0.5,0.333333333333333,1.0,0.51310146,0.48689857
913,0,1.0,0.0,1.0,1.0,0.0,1.0,2.0,2.0,5.0,20.0,36.0,0.36,0.0,93.0,4.0,3.0,14.0,2.0,2.07142857142857,0.0,0.0,0.0,1.1,0.5,3.0,0.6104932,0.38950685
913,1,1.0,0.0,1.0,1.0,0.0,1.0,2.0,2.0,5.0,20.0,36.0,2.95,0.0,93.0,4.0,3.0,14.0,2.0,2.07142857142857,0.0,0.0,0.0,0.470212765957447,0.4,3.0,0.5776824,0.42231762
913,2,1.0,0.0,1.0,1.0,0.0,1.0,2.0,2.0,5.0,20.0,36.0,1.68,0.0,93.0,4.0,3.0,14.0,2.0,2.07142857142857,0.0,0.0,0.0,0.470212765957447,0.5,3.0,0.5928937,0.40710625
913,3,1.0,0.0,1.0,1.0,0.0,1.0,2.0,2.0,5.0,20.0,36.0,6.5,0.0,93.0,4.0,29.0,14.0,2.0,2.07142857142857,0.0,0.0,0.0,0.470212765957447,0.5,3.0,0.63123524,0.3687648
913,4,1.0,0.0,1.0,1.0,0.0,1.0,2.0,2.0,5.0,20.0,36.0,1.54,0.0,93.0,4.0,3.0,14.0,2.0,2.07142857142857,0.0,0.0,0.0,0.470212765957447,0.2,3.0,0.75824773,0.24175225
913,5,1.0,0.0,1.0,49.0,0.0,1.0,2.0,2.0,5.0,20.0,36.0,3.32,0.0,93.0,4.0,3.0,14.0,2.0,2.07142857142857,0.0,0.0,0.0,0.470212765957447,0.5,3.0,0.58570963,0.41429037
913,6,1.0,0.0,1.0,1.0,0.0,1.0,2.0,2.0,5.0,20.0,36.0,4.61,0.0,74.0,4.0,3.0,14.0,2.0,2.07142857142857,0.0,0.0,0.0,0.470212765957447,0.5,3.0,0.5502672,0.4497328
913,7,1.0,0.0,1.0,1.0,0.0,1.0,2.0,2.0,5.0,20.0,36.0,3.42,0.0,93.0,4.0,3.0,14.0,2.0,2.07142857142857,0.0,0.0,0.0,0.470212765957447,0.5,3.0,0.573634,0.426366
913,8,1.0,0.0,1.0,1.0,0.0,1.0,2.0,2.0,5.0,12.0,36.0,6.07,0.0,93.0,4.0,3.0,14.0,2.0,2.07142857142857,0.0,0.0,0.0,0.470212765957447,0.5,3.0,0.75037706,0.24962291
913,9,1.0,0.0,1.0,1.0,0.0,1.0,2.0,2.0,5.0,20.0,36.0,3.24,0.0,93.0,4.0,3.0,14.0,2.0,2.07142857142857,0.0,0.0,0.0,0.470212765957447,0.5,3.0,0.573634,0.426366
913,10,1.0,0.0,1.0,1.0,0.0,1.0,2.0,2.0,5.0,20.0,36.0,7.35,0.0,93.0,4.0,3.0,14.0,2.0,2.07142857142857,0.0,0.0,0.0,0.470212765957447,0.5,3.0,0.573634,0.426366
913,11,1.0,0.0,1.0,1.0,0.0,1.0,2.0,2.0,5.0,20.0,36.0,5.06,0.0,93.0,4.0,3.0,14.0,1.0,2.07142857142857,0.0,0.0,0.0,0.470212765957447,0.5,3.0,0.6396934,0.36030662
913,12,1.0,0.0,1.0,1.0,0.0,1.0,2.0,2.0,5.0,20.0,36.0,6.23,0.0,93.0,4.0,3.0,14.0,2.0,2.07142857142857,0.0,0.0,0.0,0.470212765957447,0.5,3.0,0.573634,0.426366
913,13,1.0,0.0,1.0,1.0,0.0,1.0,2.0,2.0,5.0,20.0,36.0,0.36,0.0,93.0,4.0,45.0,14.0,2.0,2.07142857142857,0.0,0.0,0.0,1.0,0.5,3.0,0.6660141,0.33398592
913,14,1.0,0.0,1.0,1.0,0.0,1.0,2.0,2.0,5.0,20.0,36.0,3.33,0.0,93.0,4.0,3.0,14.0,2.0,2.07142857142857,0.0,0.0,0.0,0.470212765957447,0.5,3.0,0.573634,0.426366
913,15,1.0,0.0,1.0,1.0,0.0,1.0,2.0,2.0,0.0,20.0,36.0,0.36,0.0,93.0,4.0,3.0,14.0,2.0,15.0,0.0,0.0,0.0,0.470212765957447,0.5,3.0,0.66708815,0.33291182
913,16,1.0,0.0,1.0,1.0,0.0,1.0,2.0,2.0,5.0,20.0,36.0,5.68,0.0,93.0,4.0,3.0,14.0,2.0,2.07142857142857,0.0,0.0,0.0,0.470212765957447,0.5,3.0,0.573634,0.426366
913,17,1.0,0.0,1.0,1.0,0.0,1.0,2.0,2.0,5.0,20.0,36.0,4.13,0.0,93.0,4.0,3.0,14.0,2.0,2.07142857142857,0.0,0.0,0.0,0.470212765957447,0.5,3.0,0.573634,0.426366
913,18,1.0,0.0,1.0,1.0,0.0,1.0,2.0,2.0,5.0,20.0,36.0,0.36,0.0,93.0,4.0,3.0,14.0,2.0,2.07142857142857,0.0,32.0,0.0,0.470212765957447,0.2,3.0,0.5487616,0.45123836
913,19,1.0,0.0,1.0,1.0,0.0,1.0,2.0,2.0,5.0,20.0,36.0,5.79,0.0,93.0,4.0,3.0,14.0,2.0,2.07142857142857,0.0,0.0,0.0,0.470212765957447,0.5,3.0,0.573634,0.426366
913,20,1.0,0.0,1.0,1.0,0.0,1.0,0.0,2.0,5.0,20.0,36.0,0.36,0.0,93.0,4.0,3.0,14.0,2.0,2.07142857142857,0.0,0.0,0.0,1.0,0.5,3.0,0.6104932,0.38950685
913,21,1.0,0.0,1.0,1.0,0.0,1.0,2.0,2.0,5.0,20.0,36.0,6.98,0.0,93.0,4.0,3.0,14.0,2.0,2.07142857142857,0.0,0.0,0.0,0.470212765957447,0.5,3.0,0.573634,0.426366
913,22,1.0,0.0,1.0,1.0,0.0,1.0,2.0,2.0,5.0,20.0,36.0,3.95,15.0,93.0,4.0,3.0,14.0,2.0,2.07142857142857,0.0,0.0,0.0,0.470212765957447,0.5,3.0,0.64930296,0.350697
913,23,1.0,0.0,1.0,1.0,0.0,1.0,2.0,2.0,5.0,20.0,36.0,5.36,0.0,93.0,4.0,3.0,14.0,2.0,37.5,0.0,0.0,0.0,0.470212765957447,0.5,3.0,0.7265414,0.2734586
913,24,1.0,0.0,1.0,1.0,0.0,1.0,2.0,2.0,5.0,20.0,36.0,7.19,0.0,93.0,4.0,3.0,14.0,2.0,2.07142857142857,0.0,0.0,0.0,0.470212765957447,0.5,3.0,0.573634,0.426366
913,25,1.0,0.0,1.0,1.0,0.0,1.0,2.0,2.0,5.0,20.0,36.0,4.09,14.0,93.0,4.0,3.0,14.0,2.0,2.07142857142857,0.0,0.0,0.0,0.470212765957447,0.5,3.0,0.64930296,0.350697
913,26,1.0,0.0,1.0,1.0,0.0,1.0,2.0,2.0,17.0,20.0,36.0,6.47,0.0,93.0,4.0,3.0,14.0,2.0,2.07142857142857,0.0,0.0,0.0,0.470212765957447,0.5,3.0,0.501686,0.498314
913,27,1.0,0.0,1.0,1.0,0.0,1.0,2.0,2.0,5.0,20.0,36.0,5.87,0.0,93.0,4.0,3.0,14.0,2.0,2.07142857142857,0.0,0.0,0.0,0.470212765957447,0.5,3.0,0.573634,0.426366
913,28,1.0,0.0,1.0,1.0,0.0,1.0,2.0,2.0,5.0,20.0,36.0,4.02,0.0,93.0,4.0,3.0,14.0,2.0,2.07142857142857,0.0,0.0,0.0,0.470212765957447,0.5,3.0,0.573634,0.426366
913,29,1.0,0.0,1.0,1.0,0.0,1.0,2.0,2.0,5.0,20.0,36.0,4.28,0.0,93.0,4.0,3.0,14.0,2.0,2.07142857142857,0.0,0.0,0.0,0.470212765957447,0.5,3.0,0.573634,0.426366
913,30,1.0,0.0,1.0,1.0,0.0,1.0,2.0,2.0,5.0,20.0,36.0,2.03,0.0,93.0,4.0,3.0,45.0,2.0,2.07142857142857,0.0,0.0,0.0,0.470212765957447,0.5,3.0,0.5756787,0.4243213
913,31,1.0,0.0,1.0,1.0,0.0,1.0,2.0,2.0,5.0,20.0,36.0,1.76,0.0,93.0,4.0,3.0,14.0,5.0,2.07142857142857,0.0,0.0,0.0,0.470212765957447,0.5,3.0,0.5033908,0.49660924
913,32,1.0,0.0,1.0,1.0,10.0,1.0,2.0,2.0,5.0,20.0,36.0,4.32,0.0,93.0,4.0,3.0,14.0,2.0,2.07142857142857,0.0,0.0,0.0,0.470212765957447,0.5,3.0,0.5883577,0.41164228
913,33,1.0,0.0,1.0,1.0,25.0,1.0,2.0,2.0,5.0,20.0,36.0,0.36,0.0,93.0,4.0,3.0,14.0,2.0,2.07142857142857,0.0,0.0,0.0,1.1,0.5,3.0,0.68941736,0.31058267
913,34,1.0,0.0,1.0,1.0,0.0,1.0,2.0,2.0,5.0,20.0,36.0,3.73,0.0,93.0,4.0,3.0,14.0,2.0,2.07142857142857,0.0,0.0,0.0,0.470212765957447,0.5,3.0,0.573634,0.426366
913,35,1.0,0.0,1.0,1.0,0.0,1.0,2.0,2.0,5.0,20.0,36.0,3.65,0.0,93.0,4.0,3.0,25.0,2.0,2.07142857142857,0.0,0.0,0.0,0.470212765957447,0.5,3.0,0.5562141,0.4437859
913,36,1.0,0.0,1.0,1.0,0.0,1.0,2.0,2.0,5.0,20.0,36.0,5.4,0.0,93.0,4.0,25.0,14.0,2.0,2.07142857142857,0.0,0.0,0.0,0.470212765957447,0.5,3.0,0.63123524,0.3687648
913,37,1.0,0.0,1.0,1.0,0.0,1.0,2.0,2.0,5.0,20.0,36.0,0.36,0.0,93.0,4.0,3.0,14.0,2.0,19.2,0.0,21.0,0.0,0.470212765957447,0.5,3.0,0.6114404,0.38855958
913,38,1.0,0.0,1.0,1.0,0.0,1.0,2.0,2.0,5.0,20.0,36.0,0.36,0.0,93.0,4.0,3.0,14.0,2.0,2.07142857142857,0.0,0.0,0.0,1.0,1.0,3.0,0.5108876,0.48911238
913,39,1.0,0.0,1.0,1.0,0.0,1.0,2.0,2.0,5.0,20.0,36.0,7.33,0.0,93.0,4.0,15.0,14.0,2.0,2.07142857142857,0.0,0.0,0.0,0.470212765957447,0.5,3.0,0.63123524,0.3687648
913,40,1.0,0.0,1.0,1.0,0.0,1.0,2.0,2.0,5.0,20.0,36.0,1.68,0.0,93.0,5.0,3.0,14.0,2.0,2.07142857142857,0.0,0.0,0.0,0.470212765957447,0.5,3.0,0.65151024,0.3484898
913,41,1.0,0.0,1.0,1.0,0.0,1.0,2.0,2.0,35.0,20.0,36.0,4.18,0.0,93.0,4.0,3.0,14.0,2.0,2.07142857142857,0.0,0.0,0.0,0.470212765957447,0.5,3.0,0.501686,0.498314
913,42,1.0,0.0,1.0,1.0,0.0,1.0,2.0,2.0,8.0,20.0,36.0,0.36,0.0,93.0,4.0,3.0,14.0,2.0,2.07142857142857,0.0,0.0,0.0,1.1,0.5,3.0,0.5587039,0.4412961
913,43,1.0,0.0,1.0,1.0,0.0,1.0,2.0,2.0,5.0,10.0,36.0,0.36,0.0,93.0,4.0,3.0,14.0,2.0,40.0,0.0,0.0,0.0,0.470212765957447,0.5,3.0,0.651057,0.348943
913,44,1.0,0.0,1.0,1.0,0.0,1.0,2.0,2.0,5.0,5.0,95.0,0.36,0.0,93.0,4.0,3.0,14.0,2.0,2.07142857142857,0.0,0.0,0.0,0.470212765957447,0.5,3.0,0.6146128,0.38538715
913,45,1.0,0.0,1.0,1.0,0.0,1.0,2.0,2.0,5.0,20.0,36.0,7.27,0.0,93.0,4.0,3.0,14.0,2.0,2.07142857142857,0.0,0.0,0.0,0.470212765957447,0.5,3.0,0.573634,0.426366
913,46,1.0,0.0,1.0,69.0,0.0,1.0,2.0,2.0,5.0,20.0,36.0,3.23,0.0,93.0,4.0,3.0,14.0,2.0,2.07142857142857,0.0,0.0,0.0,0.470212765957447,0.5,3.0,0.58570963,0.41429037
913,47,1.0,0.0,1.0,1.0,29.0,1.0,2.0,2.0,5.0,20.0,36.0,3.61,0.0,93.0,4.0,3.0,14.0,2.0,2.07142857142857,0.0,0.0,0.0,0.470212765957447,0.5,3.0,0.5883577,0.41164228
913,48,1.0,0.0,0.0,1.0,0.0,1.0,2.0,2.0,5.0,20.0,36.0,2.06,0.0,93.0,4.0,3.0,14.0,2.0,2.07142857142857,0.0,0.0,0.0,0.470212765957447,0.5,3.0,0.5928937,0.40710625
913,49,1.0,0.0,1.0,1.0,0.0,1.0,2.0,2.0,5.0,20.0,36.0,0.36,0.0,93.0,4.0,5.0,14.0,2.0,2.07142857142857,0.0,0.0,0.0,1.0,0.5,3.0,0.6104932,0.38950685
913,50,1.0,0.0,4.0,1.0,0.0,1.0,2.0,2.0,5.0,20.0,36.0,6.07,0.0,93.0,4.0,3.0,14.0,2.0,2.07142857142857,0.0,0.0,0.0,0.470212765957447,0.5,3.0,0.5381681,0.46183193
913,51,1.0,0.0,1.0,1.0,0.0,1.0,2.0,2.0,5.0,20.0,36.0,2.14,0.0,93.0,4.0,3.0,14.0,1.0,2.07142857142857,0.0,0.0,0.0,0.470212765957447,0.5,3.0,0.65774953,0.3422505
913,52,1.0,0.0,1.0,1.0,0.0,1.0,2.0,2.0,5.0,20.0,36.0,6.78,0.0,93.0,4.0,3.0,14.0,2.0,2.07142857142857,0.0,0.0,0.0,0.470212765957447,0.5,3.0,0.573634,0.426366
913,53,1.0,0.0,1.0,1.0,0.0,1.0,2.0,2.0,5.0,20.0,36.0,4.08,0.0,93.0,4.0,3.0,14.0,2.0,2.07142857142857,0.0,0.0,0.0,0.470212765957447,0.5,3.0,0.573634,0.426366
913,54,1.0,0.0,1.0,1.0,0.0,1.0,2.0,2.0,5.0,20.0,36.0,0.36,0.0,93.0,4.0,3.0,5.0,2.0,41.9,0.0,0.0,0.0,0.470212765957447,0.5,3.0,0.68889916,0.31110084
913,55,1.0,0.0,1.0,69.0,0.0,1.0,2.0,2.0,5.0,20.0,36.0,0.36,0.0,93.0,4.0,3.0,14.0,2.0,2.07142857142857,0.0,0.0,0.0,1.0,0.5,3.0,0.6222124,0.37778762
913,56,5.0,0.0,1.0,1.0,0.0,1.0,2.0,2.0,5.0,20.0,36.0,6.78,0.0,93.0,4.0,3.0,14.0,2.0,2.07142857142857,0.0,0.0,0.0,0.470212765957447,0.5,3.0,0.6351613,0.36483872
913,57,1.0,0.0,1.0,1.0,0.0,1.0,2.0,2.0,5.0,20.0,36.0,5.66,0.0,93.0,4.0,3.0,14.0,2.0,39.6,0.0,0.0,0.0,0.470212765957447,0.5,3.0,0.7265414,0.2734586
913,58,1.0,0.0,1.0,1.0,0.0,1.0,2.0,2.0,5.0,20.0,36.0,5.94,0.0,93.0,4.0,3.0,14.0,2.0,2.07142857142857,0.0,0.0,0.0,0.470212765957447,0.5,3.0,0.573634,0.426366
913,59,1.0,0.0,1.0,1.0,0.0,1.0,2.0,2.0,5.0,20.0,36.0,0.36,0.0,93.0,5.0,3.0,14.0,2.0,2.07142857142857,0.0,0.0,0.0,1.1,0.5,3.0,0.710985,0.289015
913,60,1.0,0.0,1.0,1.0,0.0,1.0,2.0,2.0,5.0,20.0,36.0,3.13,0.0,93.0,4.0,3.0,14.0,2.0,2.07142857142857,0.0,0.0,0.0,0.470212765957447,0.5,3.0,0.573634,0.426366
913,61,1.0,0.0,1.0,1.0,0.0,1.0,2.0,2.0,5.0,20.0,36.0,7.33,0.0,93.0,4.0,3.0,14.0,2.0,2.07142857142857,0.0,6.0,0.0,0.470212765957447,0.5,3.0,0.75628823,0.24371177
913,62,1.0,0.0,1.0,1.0,0.0,1.0,2.0,2.0,5.0,20.0,36.0,4.75,0.0,93.0,8.0,3.0,14.0,2.0,2.07142857142857,0.0,0.0,0.0,0.470212765957447,0.5,3.0,0.6333084,0.36669156
913,63,1.0,0.0,1.0,1.0,0.0,1.0,2.0,2.0,5.0,20.0,36.0,6.92,0.0,93.0,4.0,3.0,14.0,2.0,2.07142857142857,0.0,0.0,0.0,0.470212765957447,0.5,3.0,0.573634,0.426366
913,64,1.0,0.0,1.0,1.0,0.0,1.0,2.0,2.0,5.0,20.0,36.0,1.39,0.0,93.0,4.0,3.0,14.0,2.0,2.07142857142857,3.0,0.0,0.0,0.470212765957447,0.5,3.0,0.5258229,0.47417715
913,65,1.0,0.0,1.0,1.0,0.0,1.0,2.0,2.0,5.0,20.0,36.0,6.93,0.0,93.0,4.0,3.0,14.0,2.0,48.5,0.0,0.0,0.0,0.470212765957447,0.5,3.0,0.7265414,0.2734586
913,66,1.0,0.0,1.0,60.0,0.0,1.0,2.0,2.0,5.0,20.0,36.0,0.36,0.0,93.0,4.0,3.0,14.0,2.0,2.07142857142857,0.0,0.0,0.0,1.0,0.5,3.0,0.6222124,0.37778762
913,67,1.0,0.0,1.0,1.0,0.0,1.0,2.0,2.0,5.0,20.0,36.0,3.4,0.0,75.0,4.0,3.0,14.0,2.0,2.07142857142857,0.0,0.0,0.0,0.470212765957447,0.5,3.0,0.5502672,0.4497328
913,68,1.0,0.0,1.0,1.0,0.0,1.0,2.0,2.0,5.0,20.0,36.0,6.85,0.0,93.0,6.0,3.0,14.0,2.0,2.07142857142857,0.0,0.0,0.0,0.470212765957447,0.5,3.0,0.6333084,0.36669156
913,69,1.0,0.0,1.0,1.0,0.0,1.0,2.0,2.0,5.0,20.0,36.0,4.51,0.0,93.0,4.0,3.0,14.0,2.0,2.07142857142857,0.0,0.0,0.0,0.470212765957447,0.5,3.0,0.573634,0.426366
913,70,1.0,0.0,1.0,1.0,0.0,1.0,2.0,2.0,5.0,20.0,36.0,7.01,0.0,93.0,4.0,3.0,14.0,2.0,2.07142857142857,0.0,0.0,0.0,0.470212765957447,0.5,3.0,0.573634,0.426366
913,71,1.0,0.0,1.0,1.0,0.0,1.0,2.0,2.0,5.0,20.0,36.0,3.5,0.0,93.0,4.0,3.0,14.0,2.0,2.07142857142857,0.0,0.0,0.0,0.470212765957447,0.5,3.0,0.573634,0.426366
913,72,1.0,0.0,1.0,1.0,0.0,12.0,2.0,2.0,5.0,20.0,36.0,0.36,0.0,93.0,4.0,3.0,14.0,2.0,2.07142857142857,0.0,0.0,0.0,1.1,0.5,3.0,0.5619943,0.4380057
913,73,1.0,0.0,1.0,1.0,0.0,1.0,2.0,2.0,5.0,20.0,36.0,0.36,0.0,93.0,1.0,3.0,14.0,2.0,2.07142857142857,0.0,0.0,0.0,1.0,0.5,3.0,0.54283655,0.45716348
913,74,1.0,0.0,1.0,1.0,0.0,1.0,2.0,2.0,5.0,20.0,36.0,0.36,0.0,93.0,4.0,12.0,14.0,2.0,2.07142857142857,0.0,0.0,0.0,1.0,0.5,3.0,0.6660141,0.33398592
913,75,1.0,0.0,1.0,1.0,0.0,1.0,2.0,2.0,5.0,20.0,36.0,4.4,0.0,93.0,4.0,3.0,14.0,2.0,2.07142857142857,0.0,38.0,0.0,0.470212765957447,0.5,3.0,0.75628823,0.24371177
913,76,1.0,0.0,1.0,1.0,0.0,1.0,2.0,2.0,5.0,20.0,36.0,6.9,0.0,93.0,4.0,3.0,14.0,2.0,2.07142857142857,0.0,0.0,0.0,0.470212765957447,0.5,3.0,0.573634,0.426366
913,77,1.0,0.0,1.0,1.0,0.0,1.0,2.0,2.0,5.0,20.0,36.0,7.12,0.0,93.0,4.0,3.0,14.0,2.0,2.07142857142857,0.0,0.0,0.0,0.470212765957447,0.5,2.0,0.573634,0.426366
913,78,1.0,0.0,1.0,1.0,0.0,1.0,2.0,2.0,5.0,20.0,36.0,6.13,0.0,93.0,4.0,3.0,14.0,2.0,42.9,0.0,0.0,0.0,0.470212765957447,0.5,3.0,0.7265414,0.2734586
913,79,1.0,0.0,1.0,1.0,0.0,1.0,2.0,2.0,5.0,20.0,36.0,4.75,0.0,93.0,4.0,3.0,14.0,2.0,2.07142857142857,0.0,0.0,0.0,0.470212765957447,0.5,3.0,0.573634,0.426366
913,80,1.0,0.0,1.0,1.0,0.0,1.0,2.0,2.0,5.0,20.0,36.0,4.68,0.0,93.0,4.0,3.0,14.0,2.0,2.07142857142857,0.0,0.0,0.0,0.470212765957447,0.5,3.0,0.573634,0.426366
913,81,1.0,0.0,1.0,1.0,0.0,1.0,2.0,2.0,5.0,20.0,36.0,6.3,0.0,93.0,4.0,3.0,14.0,2.0,2.07142857142857,0.0,36.0,0.0,0.470212765957447,0.5,3.0,0.75628823,0.24371177
913,82,1.0,0.0,1.0,1.0,0.0,1.0,2.0,2.0,5.0,20.0,36.0,6.78,1.0,93.0,4.0,3.0,14.0,2.0,2.07142857142857,0.0,0.0,0.0,0.470212765957447,0.5,3.0,0.573634,0.426366
913,83,1.0,35.0,1.0,1.0,0.0,1.0,2.0,2.0,5.0,20.0,36.0,0.36,0.0,93.0,4.0,3.0,14.0,2.0,2.07142857142857,0.0,0.0,0.0,1.1,0.5,3.0,0.52200735,0.47799262
913,84,1.0,0.0,1.0,61.0,0.0,1.0,2.0,2.0,5.0,20.0,36.0,4.32,0.0,93.0,4.0,3.0,14.0,2.0,2.07142857142857,0.0,0.0,0.0,0.470212765957447,0.5,3.0,0.58570963,0.41429037
913,85,1.0,0.0,1.0,1.0,0.0,0.0,2.0,2.0,5.0,20.0,36.0,2.49,0.0,93.0,4.0,3.0,14.0,2.0,2.07142857142857,0.0,0.0,0.0,0.470212765957447,0.5,3.0,0.52531075,0.47468928
913,86,1.0,0.0,1.0,1.0,0.0,1.0,2.0,2.0,5.0,20.0,52.0,1.83,0.0,93.0,4.0,3.0,14.0,2.0,2.07142857142857,0.0,0.0,0.0,0.470212765957447,0.5,3.0,0.6735192,0.3264808
913,87,1.0,0.0,1.0,1.0,0.0,1.0,2.0,2.0,25.0,20.0,36.0,0.36,0.0,93.0,4.0,3.0,14.0,2.0,2.07142857142857,0.0,0.0,0.0,1.0,0.5,3.0,0.58184326,0.41815677
913,88,1.0,0.0,1.0,1.0,0.0,1.0,2.0,2.0,5.0,20.0,8.0,0.36,0.0,93.0,4.0,3.0,14.0,2.0,2.07142857142857,0.0,12.0,0.0,0.470212765957447,0.5,3.0,0.5730505,0.4269495
913,89,1.0,0.0,1.0,1.0,0.0,1.0,2.0,2.0,5.0,20.0,36.0,5.17,0.0,93.0,4.0,3.0,14.0,2.0,2.07142857142857,0.0,0.0,0.0,0.470212765957447,0.5,3.0,0.573634,0.426366
913,90,1.0,0.0,1.0,1.0,0.0,1.0,2.0,2.0,5.0,20.0,36.0,7.31,0.0,93.0,4.0,3.0,14.0,2.0,2.07142857142857,0.0,0.0,1.0,0.470212765957447,0.5,3.0,0.573634,0.426366
913,91,1.0,0.0,1.0,1.0,0.0,1.0,2.0,2.0,5.0,20.0,36.0,6.6,0.0,93.0,6.0,3.0,14.0,2.0,2.07142857142857,0.0,0.0,0.0,0.470212765957447,0.5,3.0,0.6333084,0.36669156
913,92,1.0,0.0,1.0,1.0,0.0,1.0,2.0,2.0,5.0,20.0,36.0,2.53,0.0,93.0,4.0,3.0,14.0,2.0,2.07142857142857,0.0,0.0,0.0,0.470212765957447,0.4,3.0,0.5776824,0.42231762
913,93,1.0,0.0,1.0,1.0,0.0,1.0,2.0,2.0,5.0,20.0,36.0,3.05,0.0,93.0,4.0,3.0,14.0,2.0,2.07142857142857,0.0,33.0,0.0,0.470212765957447,0.5,3.0,0.5943202,0.4056798
913,94,1.0,0.0,1.0,1.0,0.0,1.0,2.0,2.0,5.0,20.0,36.0,0.36,6.0,93.0,4.0,3.0,14.0,2.0,2.07142857142857,0.0,0.0,0.0,1.0,0.5,3.0,0.57486504,0.42513496
913,95,1.0,0.0,1.0,1.0,0.0,1.0,2.0,2.0,5.0,20.0,36.0,2.17,0.0,93.0,4.0,3.0,14.0,2.0,2.07142857142857,0.0,0.0,0.0,0.470212765957447,0.5,3.0,0.5928937,0.40710625
913,96,1.0,0.0,1.0,1.0,0.0,1.0,2.0,16.0,5.0,20.0,36.0,1.68,0.0,93.0,4.0,3.0,14.0,2.0,2.07142857142857,0.0,0.0,0.0,0.470212765957447,0.5,3.0,0.60699165,0.39300838
913,97,1.0,0.0,1.0,1.0,0.0,1.0,2.0,2.0,5.0,20.0,36.0,0.36,0.0,93.0,4.0,3.0,14.0,2.0,2.07142857142857,0.0,0.0,2.0,1.0,0.5,3.0,0.6568446,0.34315538
913,98,1.0,0.0,1.0,1.0,0.0,1.0,2.0,2.0,5.0,20.0,36.0,0.36,0.0,93.0,4.0,3.0,14.0,2.0,10.7,0.0,0.0,0.0,0.470212765957447,0.2,3.0,0.6054597,0.39454034
913,99,1.0,0.0,1.0,1.0,0.0,1.0,2.0,2.0,5.0,20.0,36.0,4.32,0.0,93.0,4.0,3.0,14.0,2.0,2.07142857142857,0.0,0.0,0.0,0.470212765957447,0.5,3.0,0.573634,0.426366
917,0,1.0,0.0,1.0,5.0,9.0,4.0,2.0,1.0,4.0,0.0,16.0,7.32,0.0,94.0,1.0,8.0,15.0,1.0,5.47619047619048,1.0,1.0,0.0,0.555932203389831,0.5,3.0,0.59165466,0.40834537
917,1,1.0,0.0,1.0,5.0,9.0,4.0,2.0,1.0,4.0,0.0,16.0,2.13,0.0,94.0,1.0,8.0,15.0,1.0,5.47619047619048,1.0,1.0,0.0,0.5,0.5,3.0,0.6355891,0.36441085
917,2,1.0,0.0,1.0,5.0,9.0,4.0,2.0,1.0,4.0,0.0,16.0,3.72,0.0,94.0,1.0,8.0,15.0,1.0,5.47619047619048,1.0,1.0,0.0,0.555932203389831,0.5,3.0,0.59165466,0.40834537
917,3,12.0,0.0,1.0,5.0,9.0,4.0,2.0,1.0,4.0,0.0,16.0,7.43,0.0,94.0,1.0,8.0,15.0,1.0,5.47619047619048,1.0,1.0,0.0,0.555932203389831,0.5,3.0,0.5829941,0.41700593
917,4,1.0,0.0,1.0,5.0,9.0,2.0,2.0,1.0,4.0,0.0,52.0,0.61,0.0,94.0,1.0,8.0,15.0,1.0,5.47619047619048,1.0,1.0,0.0,0.555932203389831,0.5,3.0,0.62456095,0.37543908
917,5,1.0,0.0,1.0,5.0,9.0,2.0,2.0,1.0,4.0,0.0,16.0,7.26,0.0,94.0,1.0,8.0,15.0,1.0,5.47619047619048,1.0,1.0,0.0,0.555932203389831,0.5,3.0,0.7736516,0.22634842
917,6,1.0,0.0,1.0,5.0,9.0,4.0,2.0,1.0,4.0,0.0,16.0,7.23,0.0,94.0,3.0,8.0,15.0,1.0,5.47619047619048,1.0,1.0,0.0,0.555932203389831,0.5,3.0,0.7981503,0.20184968
917,7,1.0,0.0,1.0,5.0,9.0,4.0,2.0,1.0,4.0,0.0,16.0,1.91,0.0,94.0,1.0,8.0,15.0,1.0,5.47619047619048,1.0,1.0,0.0,0.555932203389831,0.5,3.0,0.5921327,0.40786728
917,8,1.0,0.0,1.0,5.0,9.0,3.0,2.0,1.0,4.0,0.0,16.0,5.68,0.0,94.0,1.0,8.0,15.0,1.0,5.47619047619048,1.0,1.0,0.0,0.555932203389831,0.5,3.0,0.6104636,0.38953638
917,9,1.0,0.0,1.0,5.0,9.0,4.0,2.0,1.0,4.0,0.0,16.0,1.53,0.0,94.0,1.0,8.0,15.0,1.0,5.47619047619048,1.0,1.0,0.0,0.555932203389831,0.5,3.0,0.5921327,0.40786728
917,10,1.0,0.0,1.0,5.0,9.0,4.0,2.0,1.0,4.0,0.0,16.0,7.35,0.0,94.0,1.0,8.0,15.0,1.0,5.47619047619048,1.0,1.0,0.0,0.555932203389831,0.5,3.0,0.59165466,0.40834537
917,11,1.0,0.0,1.0,5.0,9.0,4.0,2.0,1.0,4.0,0.0,102.0,0.61,0.0,94.0,1.0,8.0,15.0,1.0,51.3,1.0,1.0,0.0,0.555932203389831,0.5,3.0,0.7108848,0.28911522
917,12,1.0,0.0,1.0,5.0,9.0,4.0,2.0,1.0,4.0,0.0,16.0,3.79,0.0,94.0,1.0,8.0,15.0,1.0,5.47619047619048,1.0,1.0,0.0,0.555932203389831,0.5,0.0,0.7202635,0.2797365
917,13,1.0,0.0,1.0,5.0,9.0,4.0,2.0,1.0,4.0,0.0,16.0,1.32,0.0,94.0,1.0,8.0,15.0,1.0,5.47619047619048,1.0,2.0,0.0,0.555932203389831,0.5,3.0,0.62560034,0.37439966
917,14,1.0,0.0,1.0,5.0,9.0,4.0,2.0,1.0,4.0,0.0,16.0,5.79,0.0,94.0,1.0,8.0,15.0,1.0,5.47619047619048,1.0,1.0,0.0,0.555932203389831,0.5,3.0,0.59165466,0.40834537
917,15,1.0,0.0,2.0,5.0,9.0,4.0,2.0,1.0,4.0,0.0,16.0,5.93,0.0,94.0,1.0,8.0,15.0,1.0,5.47619047619048,1.0,1.0,0.0,0.555932203389831,0.5,3.0,0.59165466,0.40834537
917,16,1.0,0.0,1.0,5.0,9.0,4.0,2.0,1.0,4.0,0.0,16.0,5.49,0.0,94.0,1.0,8.0,15.0,1.0,5.47619047619048,1.0,1.0,0.0,0.555932203389831,0.5,3.0,0.59165466,0.40834537
917,17,1.0,0.0,1.0,5.0,9.0,4.0,2.0,1.0,4.0,0.0,16.0,4.07,0.0,94.0,1.0,8.0,15.0,1.0,5.47619047619048,1.0,1.0,0.0,0.555932203389831,0.5,3.0,0.59165466,0.40834537
917,18,1.0,0.0,1.0,5.0,9.0,4.0,2.0,1.0,4.0,5.0,16.0,0.61,0.0,94.0,1.0,8.0,15.0,1.0,5.47619047619048,1.0,1.0,0.0,1.0,0.5,3.0,0.67254746,0.32745254
917,19,1.0,0.0,1.0,5.0,9.0,4.0,2.0,1.0,4.0,0.0,16.0,6.07,0.0,94.0,1.0,8.0,15.0,1.0,5.47619047619048,1.0,1.0,0.0,0.555932203389831,0.5,3.0,0.59165466,0.40834537
917,20,1.0,0.0,1.0,5.0,9.0,4.0,2.0,1.0,4.0,0.0,16.0,2.03,0.0,94.0,1.0,8.0,45.0,1.0,5.47619047619048,1.0,1.0,0.0,0.555932203389831,0.5,3.0,0.5505084,0.4494916
917,21,1.0,0.0,1.0,5.0,9.0,4.0,2.0,1.0,4.0,0.0,16.0,3.67,0.0,94.0,1.0,8.0,15.0,1.0,5.47619047619048,1.0,1.0,0.0,0.555932203389831,0.5,3.0,0.59165466,0.40834537
917,22,1.0,0.0,1.0,5.0,9.0,4.0,2.0,1.0,4.0,0.0,16.0,0.61,0.0,94.0,1.0,23.0,15.0,1.0,5.47619047619048,1.0,1.0,0.0,1.1,0.5,3.0,0.79209936,0.20790063
917,23,1.0,0.0,1.0,5.0,9.0,4.0,2.0,1.0,4.0,0.0,92.0,0.61,0.0,94.0,1.0,8.0,15.0,1.0,22.0,1.0,1.0,0.0,0.555932203389831,0.5,3.0,0.7108848,0.28911522
917,24,1.0,0.0,1.0,5.0,9.0,4.0,2.0,1.0,4.0,0.0,16.0,6.78,0.0,94.0,1.0,8.0,15.0,1.0,5.47619047619048,1.0,1.0,0.0,0.555932203389831,0.5,3.0,0.59165466,0.40834537
917,25,1.0,0.0,1.0,5.0,9.0,4.0,2.0,1.0,4.0,0.0,16.0,3.56,0.0,94.0,7.0,8.0,15.0,1.0,5.47619047619048,1.0,1.0,0.0,0.555932203389831,0.5,3.0,0.84209704,0.15790294
917,26,1.0,0.0,1.0,5.0,9.0,4.0,2.0,1.0,4.0,0.0,16.0,7.01,0.0,94.0,1.0,43.0,15.0,1.0,5.47619047619048,1.0,1.0,0.0,0.555932203389831,0.5,3.0,0.6836751,0.3163249
917,27,1.0,0.0,1.0,5.0,9.0,4.0,2.0,1.0,4.0,0.0,16.0,3.61,0.0,94.0,1.0,8.0,15.0,1.0,5.47619047619048,1.0,1.0,0.0,0.555932203389831,0.5,3.0,0.59165466,0.40834537
917,28,1.0,0.0,1.0,5.0,9.0,4.0,2.0,1.0,4.0,0.0,16.0,7.12,0.0,94.0,1.0,8.0,15.0,1.0,5.47619047619048,1.0,1.0,0.0,0.555932203389831,0.5,3.0,0.59165466,0.40834537
917,29,1.0,0.0,1.0,5.0,9.0,4.0,2.0,1.0,4.0,0.0,16.0,4.28,0.0,94.0,1.0,8.0,15.0,1.0,5.47619047619048,1.0,1.0,0.0,0.555932203389831,0.5,3.0,0.59165466,0.40834537
917,30,1.0,0.0,1.0,5.0,9.0,4.0,2.0,1.0,4.0,0.0,16.0,6.8,0.0,94.0,1.0,34.0,15.0,1.0,5.47619047619048,1.0,1.0,0.0,0.555932203389831,0.5,3.0,0.6836751,0.3163249
917,31,1.0,0.0,1.0,5.0,9.0,4.0,2.0,3.0,4.0,0.0,16.0,0.61,0.0,94.0,1.0,8.0,15.0,1.0,5.47619047619048,1.0,1.0,0.0,1.1,0.5,3.0,0.68079567,0.3192043
917,32,1.0,0.0,1.0,5.0,9.0,4.0,2.0,1.0,4.0,0.0,16.0,4.4,0.0,94.0,1.0,8.0,15.0,1.0,5.47619047619048,1.0,38.0,0.0,0.555932203389831,0.5,3.0,0.7393148,0.26068524
917,33,1.0,0.0,1.0,5.0,9.0,4.0,2.0,1.0,4.0,0.0,16.0,1.41,0.0,94.0,1.0,8.0,43.0,1.0,5.47619047619048,1.0,1.0,0.0,0.555932203389831,0.5,3.0,0.5505084,0.4494916
917,34,1.0,0.0,1.0,5.0,9.0,4.0,2.0,1.0,4.0,0.0,16.0,6.37,0.0,94.0,1.0,8.0,15.0,1.0,5.47619047619048,1.0,1.0,0.0,0.555932203389831,0.5,3.0,0.59165466,0.40834537
917,35,1.0,0.0,1.0,5.0,9.0,4.0,2.0,1.0,1.0,0.0,16.0,6.88,0.0,94.0,1.0,8.0,15.0,1.0,5.47619047619048,1.0,1.0,0.0,0.555932203389831,0.5,3.0,0.7337579,0.2662421
917,36,1.0,0.0,1.0,5.0,9.0,4.0,2.0,1.0,4.0,0.0,16.0,4.09,14.0,94.0,1.0,8.0,15.0,1.0,5.47619047619048,1.0,1.0,0.0,0.555932203389831,0.5,3.0,0.63985944,0.36014053
917,37,1.0,0.0,1.0,5.0,9.0,4.0,2.0,1.0,4.0,0.0,16.0,4.11,0.0,94.0,1.0,8.0,15.0,1.0,5.47619047619048,1.0,1.0,0.0,0.555932203389831,0.5,3.0,0.59165466,0.40834537
917,38,1.0,0.0,1.0,5.0,9.0,4.0,2.0,1.0,4.0,0.0,52.0,1.83,0.0,94.0,1.0,8.0,15.0,1.0,5.47619047619048,1.0,1.0,0.0,0.555932203389831,0.5,3.0,0.9464689,0.053531084
917,39,1.0,0.0,1.0,5.0,9.0,4.0,2.0,1.0,4.0,0.0,16.0,4.75,0.0,94.0,8.0,8.0,15.0,1.0,5.47619047619048,1.0,1.0,0.0,0.555932203389831,0.5,3.0,0.84209704,0.15790294
917,40,1.0,0.0,1.0,5.0,9.0,4.0,2.0,1.0,4.0,0.0,46.0,2.04,0.0,94.0,1.0,8.0,15.0,1.0,5.47619047619048,1.0,1.0,0.0,0.555932203389831,0.5,3.0,0.9464689,0.053531084
917,41,1.0,0.0,1.0,5.0,9.0,4.0,2.0,1.0,4.0,0.0,16.0,4.89,0.0,94.0,1.0,8.0,15.0,1.0,34.2,1.0,1.0,0.0,0.555932203389831,0.5,3.0,0.7899556,0.21004435
917,42,1.0,0.0,1.0,5.0,9.0,4.0,2.0,1.0,4.0,0.0,16.0,6.13,0.0,94.0,1.0,8.0,15.0,1.0,42.9,1.0,1.0,0.0,0.555932203389831,0.5,3.0,0.7899556,0.21004435
917,43,1.0,0.0,1.0,5.0,9.0,4.0,2.0,1.0,4.0,0.0,16.0,6.6,0.0,94.0,0.0,8.0,15.0,1.0,5.47619047619048,1.0,1.0,0.0,0.555932203389831,0.5,3.0,0.59165466,0.40834537
917,44,1.0,0.0,1.0,5.0,9.0,4.0,2.0,1.0,4.0,0.0,16.0,6.58,0.0,94.0,1.0,8.0,15.0,1.0,5.47619047619048,1.0,1.0,0.0,1.0,0.5,3.0,0.97717035,0.022829667
917,45,1.0,0.0,1.0,5.0,9.0,4.0,2.0,1.0,4.0,0.0,16.0,7.05,0.0,94.0,1.0,8.0,15.0,1.0,5.47619047619048,1.0,1.0,0.0,0.555932203389831,0.5,3.0,0.59165466,0.40834537
917,46,1.0,0.0,1.0,5.0,9.0,4.0,2.0,1.0,4.0,0.0,16.0,5.66,0.0,94.0,1.0,8.0,15.0,1.0,39.6,1.0,1.0,0.0,0.555932203389831,0.5,3.0,0.7899556,0.21004435
917,47,1.0,0.0,1.0,5.0,9.0,4.0,2.0,1.0,4.0,0.0,16.0,0.61,0.0,94.0,1.0,8.0,15.0,1.0,5.47619047619048,17.0,1.0,0.0,1.0,0.5,3.0,0.6711575,0.32884252
917,48,1.0,0.0,1.0,5.0,9.0,4.0,2.0,1.0,4.0,0.0,68.0,3.23,0.0,94.0,1.0,8.0,15.0,1.0,5.47619047619048,1.0,1.0,0.0,0.555932203389831,0.5,3.0,0.9463686,0.053631432
917,49,1.0,0.0,1.0,5.0,9.0,4.0,2.0,1.0,4.0,0.0,16.0,6.85,0.0,94.0,6.0,8.0,15.0,1.0,5.47619047619048,1.0,1.0,0.0,0.555932203389831,0.5,3.0,0.84209704,0.15790294
917,50,1.0,0.0,1.0,5.0,9.0,4.0,2.0,1.0,4.0,0.0,16.0,6.5,0.0,94.0,1.0,29.0,15.0,1.0,5.47619047619048,1.0,1.0,0.0,0.555932203389831,0.5,3.0,0.6836751,0.3163249
917,51,1.0,0.0,1.0,5.0,9.0,4.0,2.0,1.0,4.0,0.0,16.0,4.7,0.0,94.0,1.0,8.0,15.0,1.0,5.47619047619048,1.0,1.0,0.0,0.555932203389831,0.5,2.0,0.59165466,0.40834537
917,52,1.0,0.0,1.0,5.0,9.0,4.0,2.0,1.0,4.0,0.0,16.0,4.7,0.0,94.0,1.0,8.0,15.0,1.0,5.47619047619048,1.0,1.0,0.0,0.555932203389831,0.5,3.0,0.59165466,0.40834537
917,53,1.0,0.0,1.0,5.0,9.0,4.0,2.0,1.0,4.0,0.0,16.0,6.4,0.0,94.0,1.0,8.0,15.0,1.0,5.47619047619048,1.0,1.0,0.0,0.555932203389831,0.5,3.0,0.59165466,0.40834537
917,54,1.0,0.0,1.0,5.0,9.0,4.0,2.0,1.0,4.0,0.0,16.0,1.42,0.0,94.0,1.0,8.0,15.0,1.0,5.47619047619048,1.0,1.0,0.0,0.555932203389831,0.5,3.0,0.5921327,0.40786728
917,55,1.0,0.0,1.0,5.0,9.0,4.0,2.0,1.0,4.0,0.0,16.0,2.04,0.0,94.0,1.0,8.0,15.0,1.0,14.1,1.0,1.0,0.0,0.555932203389831,0.5,3.0,0.858064,0.14193599
917,56,1.0,0.0,1.0,5.0,9.0,4.0,2.0,1.0,4.0,0.0,16.0,2.12,0.0,94.0,2.0,8.0,15.0,1.0,5.47619047619048,1.0,1.0,0.0,0.555932203389831,0.5,3.0,0.7365838,0.26341614
917,57,1.0,0.0,1.0,5.0,9.0,4.0,2.0,1.0,4.0,0.0,16.0,0.61,0.0,94.0,1.0,8.0,15.0,1.0,5.47619047619048,1.0,1.0,0.0,1.0,0.5,2.0,0.71863955,0.28136045
917,58,1.0,0.0,1.0,5.0,9.0,4.0,2.0,1.0,4.0,0.0,16.0,0.61,0.0,94.0,1.0,8.0,15.0,1.0,5.47619047619048,1.0,1.0,0.0,0.9,0.5,1.0,0.60963273,0.39036727
917,59,1.0,0.0,1.0,5.0,9.0,4.0,2.0,1.0,4.0,0.0,16.0,7.01,0.0,94.0,1.0,8.0,15.0,1.0,5.47619047619048,1.0,5.0,0.0,0.555932203389831,0.5,3.0,0.71584344,0.28415653
917,60,1.0,0.0,1.0,5.0,9.0,4.0,2.0,1.0,4.0,0.0,16.0,1.39,0.0,94.0,1.0,8.0,15.0,1.0,5.47619047619048,3.0,1.0,0.0,0.555932203389831,0.5,3.0,0.5921327,0.40786728
917,61,4.0,0.0,1.0,5.0,9.0,4.0,2.0,1.0,4.0,0.0,16.0,2.1,0.0,94.0,1.0,8.0,15.0,1.0,5.47619047619048,1.0,1.0,0.0,0.555932203389831,0.5,3.0,0.5615279,0.4384721
917,62,1.0,0.0,1.0,12.0,9.0,4.0,2.0,1.0,4.0,0.0,16.0,5.26,0.0,94.0,1.0,8.0,15.0,1.0,5.47619047619048,1.0,1.0,0.0,0.555932203389831,0.5,3.0,0.59165466,0.40834537
917,63,1.0,0.0,1.0,5.0,9.0,4.0,2.0,1.0,4.0,0.0,16.0,6.3,0.0,94.0,1.0,8.0,15.0,1.0,5.47619047619048,1.0,1.0,0.0,0.555932203389831,0.5,3.0,0.59165466,0.40834537
917,64,1.0,0.0,1.0,5.0,9.0,4.0,2.0,1.0,4.0,3.0,16.0,0.61,0.0,94.0,1.0,8.0,15.0,1.0,5.47619047619048,1.0,1.0,0.0,1.0,0.5,3.0,0.7512885,0.24871153
917,65,1.0,0.0,1.0,5.0,9.0,4.0,2.0,1.0,8.0,0.0,16.0,0.61,0.0,94.0,1.0,8.0,15.0,1.0,5.47619047619048,1.0,1.0,0.0,1.1,0.5,3.0,0.62856495,0.37143505
917,66,1.0,0.0,1.0,5.0,9.0,4.0,2.0,1.0,4.0,0.0,87.0,0.61,0.0,94.0,1.0,8.0,15.0,1.0,46.5,1.0,1.0,0.0,0.555932203389831,0.5,3.0,0.7108848,0.28911522
917,67,1.0,0.0,1.0,5.0,9.0,8.0,2.0,1.0,4.0,0.0,16.0,7.24,0.0,94.0,1.0,8.0,15.0,1.0,5.47619047619048,1.0,1.0,0.0,0.555932203389831,0.5,3.0,0.59165466,0.40834537
917,68,1.0,0.0,1.0,5.0,9.0,4.0,2.0,1.0,4.0,0.0,16.0,5.96,0.0,94.0,1.0,8.0,15.0,1.0,5.47619047619048,1.0,37.0,0.0,0.555932203389831,0.5,3.0,0.7393148,0.26068524
917,69,1.0,0.0,1.0,5.0,9.0,4.0,2.0,1.0,4.0,0.0,16.0,2.31,0.0,94.0,1.0,8.0,15.0,1.0,5.47619047619048,1.0,1.0,0.0,0.555932203389831,0.5,3.0,0.5921327,0.40786728
917,70,1.0,0.0,1.0,5.0,9.0,4.0,2.0,1.0,4.0,0.0,16.0,3.37,0.0,94.0,1.0,8.0,15.0,1.0,5.47619047619048,1.0,1.0,0.0,0.555932203389831,0.5,3.0,0.59165466,0.40834537
917,71,1.0,0.0,1.0,5.0,9.0,4.0,2.0,1.0,4.0,0.0,16.0,4.23,0.0,94.0,1.0,8.0,15.0,1.0,5.47619047619048,1.0,1.0,0.0,0.555932203389831,0.5,3.0,0.59165466,0.40834537
917,72,1.0,7.0,1.0,5.0,9.0,4.0,2.0,1.0,4.0,0.0,16.0,0.61,0.0,94.0,1.0,8.0,15.0,1.0,5.47619047619048,1.0,1.0,0.0,1.0,0.5,3.0,0.64572316,0.35427684
917,73,1.0,0.0,3.0,5.0,9.0,4.0,2.0,1.0,4.0,0.0,16.0,5.34,0.0,94.0,1.0,8.0,15.0,1.0,5.47619047619048,1.0,1.0,0.0,0.555932203389831,0.5,3.0,0.59165466,0.40834537
917,74,1.0,0.0,1.0,5.0,9.0,4.0,2.0,1.0,4.0,0.0,16.0,0.61,0.0,94.0,1.0,8.0,15.0,1.0,43.2,1.0,1.0,0.0,1.0,0.5,3.0,0.87387276,0.12612727
917,75,1.0,0.0,1.0,5.0,9.0,4.0,2.0,1.0,4.0,0.0,131.0,0.61,0.0,94.0,1.0,8.0,15.0,1.0,22.3,1.0,1.0,0.0,0.555932203389831,0.5,3.0,0.7108848,0.28911522
917,76,1.0,0.0,1.0,5.0,9.0,4.0,2.0,1.0,4.0,0.0,0.0,0.61,0.0,94.0,1.0,8.0,15.0,1.0,5.47619047619048,1.0,1.0,0.0,0.555932203389831,0.5,3.0,0.54822373,0.45177624
917,77,1.0,0.0,1.0,5.0,9.0,4.0,2.0,1.0,4.0,0.0,16.0,5.88,0.0,94.0,1.0,8.0,15.0,1.0,5.47619047619048,1.0,1.0,0.0,0.9,0.5,3.0,0.95335484,0.046645176
917,78,1.0,0.0,1.0,5.0,9.0,4.0,2.0,1.0,4.0,0.0,16.0,6.6,0.0,94.0,1.0,8.0,15.0,1.0,5.47619047619048,1.0,30.0,0.0,0.555932203389831,0.5,3.0,0.7393148,0.26068524
917,79,1.0,0.0,1.0,5.0,9.0,4.0,2.0,1.0,4.0,0.0,1.0,0.61,0.0,94.0,1.0,8.0,15.0,1.0,5.47619047619048,1.0,1.0,0.0,0.555932203389831,0.5,3.0,0.54822373,0.45177624
917,80,1.0,0.0,1.0,5.0,9.0,4.0,2.0,1.0,4.0,0.0,16.0,4.68,0.0,94.0,1.0,8.0,15.0,1.0,5.47619047619048,1.0,1.0,0.0,0.555932203389831,0.5,3.0,0.59165466,0.40834537
917,81,1.0,0.0,1.0,5.0,9.0,4.0,2.0,1.0,4.0,0.0,16.0,6.9,5.0,94.0,1.0,8.0,15.0,1.0,5.47619047619048,1.0,1.0,0.0,0.555932203389831,0.5,3.0,0.7289771,0.27102295
917,82,1.0,0.0,1.0,5.0,8.0,4.0,2.0,1.0,4.0,0.0,16.0,5.79,0.0,94.0,1.0,8.0,15.0,1.0,5.47619047619048,1.0,1.0,0.0,0.555932203389831,0.5,3.0,0.59165466,0.40834537
917,83,1.0,0.0,1.0,5.0,9.0,4.0,2.0,14.0,4.0,0.0,16.0,6.93,0.0,94.0,1.0,8.0,15.0,1.0,5.47619047619048,1.0,1.0,0.0,0.555932203389831,0.5,3.0,0.6104294,0.3895706
917,84,1.0,0.0,1.0,61.0,9.0,4.0,2.0,1.0,4.0,0.0,16.0,4.32,0.0,94.0,1.0,8.0,15.0,1.0,5.47619047619048,1.0,1.0,0.0,0.555932203389831,0.5,3.0,0.59165466,0.40834537
917,85,1.0,0.0,1.0,5.0,9.0,4.0,2.0,1.0,4.0,0.0,16.0,7.33,0.0,94.0,1.0,15.0,15.0,1.0,5.47619047619048,1.0,1.0,0.0,0.555932203389831,0.5,3.0,0.6836751,0.3163249
917,86,1.0,0.0,1.0,5.0,25.0,4.0,2.0,1.0,4.0,0.0,16.0,0.61,0.0,94.0,1.0,8.0,15.0,1.0,5.47619047619048,1.0,1.0,0.0,1.1,0.5,3.0,0.71863955,0.28136045
917,87,1.0,0.0,1.0,5.0,9.0,4.0,2.0,1.0,4.0,0.0,16.0,6.22,0.0,94.0,1.0,8.0,15.0,1.0,5.47619047619048,1.0,1.0,0.0,0.555932203389831,0.5,3.0,0.59165466,0.40834537
917,88,1.0,0.0,1.0,5.0,9.0,4.0,2.0,1.0,4.0,0.0,16.0,4.93,0.0,94.0,1.0,8.0,15.0,1.0,5.47619047619048,1.0,1.0,0.0,0.555932203389831,0.5,3.0,0.59165466,0.40834537
917,89,1.0,0.0,1.0,5.0,9.0,4.0,2.0,1.0,4.0,0.0,16.0,5.06,0.0,94.0,1.0,8.0,15.0,1.0,5.47619047619048,1.0,1.0,0.0,0.555932203389831,0.5,3.0,0.59165466,0.40834537
917,90,1.0,0.0,1.0,5.0,9.0,4.0,2.0,1.0,27.0,0.0,16.0,0.61,0.0,94.0,1.0,8.0,15.0,1.0,5.47619047619048,1.0,1.0,0.0,1.1,0.5,3.0,0.67493695,0.32506305
917,91,1.0,0.0,1.0,5.0,24.0,4.0,2.0,1.0,4.0,0.0,16.0,3.81,0.0,94.0,1.0,8.0,15.0,1.0,5.47619047619048,1.0,1.0,0.0,0.555932203389831,0.5,3.0,0.59165466,0.40834537
917,92,1.0,0.0,1.0,5.0,9.0,4.0,2.0,1.0,4.0,0.0,16.0,4.16,0.0,94.0,1.0,8.0,15.0,1.0,29.0,1.0,1.0,0.0,0.555932203389831,0.5,3.0,0.7899556,0.21004435
917,93,1.0,0.0,1.0,5.0,18.0,4.0,2.0,1.0,4.0,0.0,16.0,6.72,0.0,94.0,1.0,8.0,15.0,1.0,5.47619047619048,1.0,1.0,0.0,0.555932203389831,0.5,3.0,0.59165466,0.40834537
917,94,13.0,0.0,1.0,5.0,9.0,4.0,2.0,1.0,4.0,0.0,16.0,3.36,0.0,94.0,1.0,8.0,15.0,1.0,5.47619047619048,1.0,1.0,0.0,0.555932203389831,0.5,3.0,0.5829941,0.41700593
917,95,1.0,40.0,1.0,5.0,9.0,4.0,2.0,1.0,4.0,0.0,16.0,0.61,0.0,94.0,1.0,8.0,15.0,1.0,5.47619047619048,1.0,1.0,0.0,1.0,0.5,3.0,0.64572316,0.35427684
917,96,1.0,0.0,1.0,5.0,9.0,4.0,2.0,1.0,4.0,0.0,136.0,0.61,0.0,94.0,1.0,8.0,15.0,1.0,21.0,1.0,1.0,0.0,0.555932203389831,0.5,3.0,0.7108848,0.28911522
917,97,1.0,0.0,1.0,5.0,9.0,4.0,2.0,1.0,4.0,0.0,61.0,0.61,0.0,94.0,1.0,8.0,15.0,1.0,5.47619047619048,1.0,1.0,0.0,0.555932203389831,1.0,3.0,0.70327926,0.29672077
917,98,1.0,0.0,1.0,5.0,9.0,0.0,2.0,1.0,4.0,0.0,16.0,2.49,0.0,94.0,1.0,8.0,15.0,1.0,5.47619047619048,1.0,1.0,0.0,0.555932203389831,0.5,3.0,0.63736963,0.36263037
917,99,1.0,0.0,1.0,5.0,9.0,4.0,2.0,1.0,4.0,0.0,16.0,4.56,0.0,94.0,1.0,8.0,15.0,1.0,5.47619047619048,1.0,1.0,0.0,0.555932203389831,0.5,3.0,0.59165466,0.40834537
1143,0,0.0,0.0,1.0,1.0,2.0,1.0,1.0,8.0,0.0,6.0,38.0,0.21,2.0,85.0,6.0,0.0,6.0,2.0,3.92105263157895,0.0,2.0,0.0,0.610223642172524,1.0,1.0,0.7260496,0.2739504
1143,1,0.0,0.0,1.0,1.0,2.0,1.0,1.0,8.0,0.0,6.0,38.0,0.21,2.0,85.0,5.0,0.0,6.0,2.0,3.92105263157895,0.0,1.0,0.0,0.610223642172524,1.0,0.0,0.60694134,0.3930587
1143,2,0.0,0.0,1.0,1.0,2.0,3.0,1.0,8.0,0.0,6.0,38.0,0.21,2.0,85.0,5.0,0.0,6.0,2.0,23.6,0.0,2.0,0.0,0.610223642172524,1.0,2.0,0.69308674,0.30691326
1143,3,17.0,0.0,1.0,1.0,2.0,1.0,1.0,8.0,0.0,6.0,38.0,0.21,2.0,85.0,5.0,0.0,6.0,2.0,3.92105263157895,0.0,29.0,0.0,0.610223642172524,1.0,2.0,0.57278854,0.42721146
1143,4,0.0,0.0,1.0,1.0,10.0,1.0,1.0,8.0,0.0,6.0,38.0,0.21,2.0,85.0,5.0,0.0,6.0,2.0,3.92105263157895,0.0,2.0,0.0,0.9,1.0,2.0,0.84128594,0.15871403
1143,5,0.0,0.0,1.0,1.0,2.0,1.0,1.0,8.0,0.0,6.0,38.0,0.21,2.0,8.0,5.0,0.0,6.0,2.0,3.92105263157895,0.0,2.0,0.0,0.610223642172524,1.0,0.0,0.7208627,0.2791373
1143,6,0.0,0.0,1.0,1.0,2.0,1.0,1.0,8.0,0.0,6.0,120.0,0.21,2.0,85.0,5.0,0.0,6.0,2.0,3.92105263157895,0.0,2.0,0.0,0.4,1.0,2.0,0.58260924,0.41739076
1143,7,0.0,19.0,1.0,1.0,2.0,1.0,1.0,8.0,0.0,6.0,38.0,0.21,2.0,85.0,5.0,0.0,6.0,2.0,49.8,0.0,2.0,0.0,0.610223642172524,1.0,2.0,0.555817,0.44418302
1143,8,0.0,0.0,1.0,1.0,2.0,1.0,1.0,8.0,0.0,6.0,38.0,0.21,2.0,85.0,5.0,0.0,6.0,5.0,38.9,0.0,2.0,0.0,0.610223642172524,1.0,2.0,0.8391942,0.1608058
1143,9,0.0,0.0,1.0,1.0,2.0,1.0,1.0,8.0,0.0,6.0,38.0,0.21,2.0,73.0,5.0,0.0,6.0,2.0,3.92105263157895,0.0,2.0,2.0,0.610223642172524,1.0,2.0,0.6725828,0.3274172
1143,10,0.0,0.0,1.0,34.0,2.0,1.0,1.0,8.0,0.0,6.0,38.0,0.21,2.0,85.0,5.0,0.0,6.0,2.0,3.92105263157895,0.0,2.0,0.0,0.9,1.0,2.0,0.9405463,0.05945375
1143,11,0.0,0.0,1.0,1.0,2.0,1.0,1.0,6.0,0.0,6.0,38.0,0.21,2.0,85.0,5.0,0.0,6.0,2.0,3.92105263157895,0.0,2.0,0.0,1.0,1.0,2.0,0.968326,0.031674016
1143,12,0.0,0.0,1.0,1.0,2.0,1.0,1.0,8.0,0.0,6.0,38.0,0.21,2.0,85.0,5.0,0.0,6.0,2.0,10.7,0.0,2.0,0.0,0.610223642172524,0.2,2.0,0.8164143,0.1835857
1143,13,0.0,0.0,1.0,1.0,13.0,1.0,1.0,8.0,0.0,6.0,38.0,0.21,2.0,85.0,5.0,0.0,42.0,2.0,3.92105263157895,0.0,2.0,0.0,0.610223642172524,1.0,2.0,0.8782573,0.1217427
1143,14,0.0,0.0,1.0,14.0,2.0,1.0,1.0,8.0,0.0,6.0,38.0,0.21,2.0,85.0,5.0,0.0,6.0,2.0,3.92105263157895,0.0,2.0,0.0,0.4,1.0,2.0,0.75279737,0.24720263
1143,15,0.0,0.0,1.0,75.0,2.0,0.0,1.0,8.0,0.0,6.0,38.0,0.21,2.0,85.0,5.0,0.0,6.0,2.0,3.92105263157895,0.0,2.0,0.0,0.610223642172524,1.0,2.0,0.7053526,0.2946474
1143,16,18.0,0.0,1.0,1.0,2.0,1.0,1.0,8.0,0.0,6.0,38.0,0.21,2.0,63.0,5.0,0.0,6.0,2.0,3.92105263157895,0.0,2.0,0.0,0.610223642172524,1.0,2.0,0.7887146,0.21128543
1143,17,0.0,0.0,1.0,1.0,2.0,1.0,1.0,8.0,0.0,6.0,38.0,0.21,2.0,77.0,5.0,0.0,6.0,2.0,3.92105263157895,0.0,15.0,0.0,0.610223642172524,1.0,2.0,0.6500814,0.34991857
1143,18,0.0,0.0,1.0,1.0,2.0,1.0,1.0,8.0,0.0,6.0,38.0,0.21,2.0,85.0,5.0,0.0,6.0,1.0,3.92105263157895,0.0,2.0,3.0,0.610223642172524,1.0,2.0,0.5073407,0.49265927
1143,19,0.0,0.0,1.0,1.0,2.0,1.0,2.0,1.0,0.0,6.0,38.0,0.21,2.0,85.0,5.0,0.0,6.0,2.0,3.92105263157895,0.0,2.0,0.0,0.610223642172524,1.0,2.0,0.66133845,0.33866158
1143,20,0.0,0.0,1.0,1.0,2.0,1.0,1.0,8.0,0.0,6.0,111.0,0.21,2.0,85.0,5.0,0.0,6.0,2.0,3.92105263157895,0.0,2.0,0.0,0.610223642172524,1.0,2.0,0.5406177,0.45938233
1143,21,0.0,0.0,1.0,1.0,2.0,1.0,1.0,8.0,0.0,6.0,38.0,0.21,2.0,85.0,5.0,0.0,6.0,2.0,49.9,0.0,2.0,0.0,0.610223642172524,1.0,2.0,0.8500515,0.14994846
1143,22,0.0,0.0,1.0,1.0,2.0,1.0,1.0,8.0,0.0,6.0,38.0,0.21,2.0,23.0,5.0,0.0,12.0,2.0,3.92105263157895,0.0,2.0,0.0,0.610223642172524,1.0,2.0,0.9560818,0.04391822
1143,23,0.0,0.0,1.0,65.0,2.0,1.0,1.0,8.0,0.0,6.0,38.0,0.21,2.0,85.0,5.0,0.0,55.0,2.0,3.92105263157895,0.0,2.0,0.0,0.610223642172524,1.0,2.0,0.9553134,0.04468659
1143,24,0.0,0.0,1.0,1.0,2.0,1.0,1.0,8.0,0.0,6.0,39.0,0.21,2.0,85.0,5.0,0.0,6.0,2.0,16.9,0.0,2.0,0.0,0.610223642172524,1.0,2.0,0.8500515,0.14994846
1143,25,12.0,0.0,1.0,36.0,2.0,1.0,1.0,8.0,0.0,6.0,38.0,0.21,2.0,85.0,5.0,0.0,6.0,2.0,3.92105263157895,0.0,2.0,0.0,0.610223642172524,1.0,2.0,0.7615057,0.23849428
1143,26,0.0,0.0,1.0,1.0,2.0,1.0,1.0,8.0,0.0,6.0,38.0,0.3,2.0,85.0,5.0,0.0,61.0,2.0,3.92105263157895,0.0,2.0,0.0,0.610223642172524,1.0,2.0,0.9309992,0.06900078
1143,27,19.0,0.0,1.0,1.0,2.0,1.0,1.0,8.0,0.0,6.0,38.0,2.2,2.0,85.0,5.0,0.0,6.0,2.0,3.92105263157895,0.0,2.0,0.0,0.610223642172524,1.0,2.0,0.8372358,0.1627642
1143,28,0.0,0.0,1.0,1.0,2.0,1.0,1.0,8.0,0.0,6.0,38.0,0.21,2.0,85.0,5.0,0.0,6.0,2.0,3.92105263157895,0.0,2.0,0.0,1.0,1.0,2.0,0.9363686,0.06363143
1143,29,0.0,0.0,1.0,1.0,2.0,1.0,1.0,8.0,0.0,6.0,89.0,0.21,2.0,85.0,5.0,0.0,6.0,2.0,3.92105263157895,0.0,2.0,0.0,0.610223642172524,1.0,2.0,0.5406177,0.45938233
1143,30,0.0,0.0,1.0,1.0,2.0,1.0,1.0,8.0,0.0,16.0,38.0,0.21,4.0,85.0,5.0,0.0,6.0,2.0,3.92105263157895,0.0,2.0,0.0,0.610223642172524,1.0,2.0,0.51896214,0.48103788
1143,31,7.0,0.0,1.0,1.0,2.0,1.0,1.0,8.0,0.0,6.0,91.0,0.21,2.0,85.0,5.0,0.0,6.0,2.0,3.92105263157895,0.0,2.0,0.0,0.610223642172524,1.0,2.0,0.63933486,0.36066514
1143,32,0.0,0.0,1.0,1.0,2.0,9.0,1.0,8.0,0.0,6.0,38.0,0.21,2.0,32.0,5.0,0.0,6.0,2.0,3.92105263157895,0.0,2.0,0.0,0.610223642172524,1.0,2.0,0.61203027,0.38796976
1143,33,0.0,0.0,1.0,1.0,2.0,1.0,1.0,5.0,0.0,6.0,38.0,0.21,2.0,85.0,5.0,0.0,6.0,2.0,3.92105263157895,9.0,2.0,0.0,0.610223642172524,1.0,2.0,0.5433949,0.45660508
1143,34,0.0,0.0,1.0,1.0,2.0,1.0,1.0,8.0,0.0,6.0,38.0,0.21,2.0,85.0,5.0,0.0,4.0,2.0,3.92105263157895,0.0,2.0,0.0,0.610223642172524,1.0,2.0,0.54314125,0.45685878
1143,35,0.0,0.0,1.0,1.0,2.0,1.0,1.0,8.0,0.0,6.0,38.0,0.21,2.0,85.0,5.0,0.0,64.0,2.0,3.92105263157895,0.0,16.0,0.0,0.610223642172524,1.0,2.0,0.8908193,0.109180674
1143,36,0.0,0.0,1.0,86.0,2.0,1.0,1.0,8.0,0.0,6.0,38.0,0.21,2.0,85.0,5.0,0.0,6.0,2.0,3.92105263157895,0.0,2.0,0.0,0.610223642172524,1.0,2.0,0.7196897,0.28031024
1143,37,0.0,0.0,1.0,1.0,2.0,1.0,1.0,8.0,0.0,6.0,38.0,0.21,2.0,85.0,5.0,0.0,6.0,2.0,33.3,0.0,2.0,0.0,0.8,1.0,2.0,0.9210618,0.07893817
1143,38,0.0,0.0,1.0,1.0,2.0,1.0,1.0,8.0,0.0,6.0,38.0,4.13,2.0,85.0,5.0,0.0,6.0,2.0,3.92105263157895,0.0,2.0,0.0,0.610223642172524,1.0,2.0,0.8912762,0.10872384
1143,39,0.0,0.0,1.0,1.0,2.0,1.0,1.0,8.0,0.0,6.0,38.0,6.78,1.0,85.0,5.0,0.0,6.0,2.0,3.92105263157895,0.0,2.0,0.0,0.610223642172524,1.0,2.0,0.86514854,0.13485146
1143,40,1.0,0.0,0.0,1.0,2.0,1.0,1.0,8.0,0.0,6.0,38.0,0.21,2.0,85.0,5.0,0.0,6.0,2.0,3.92105263157895,0.0,2.0,0.0,0.610223642172524,1.0,2.0,0.5424303,0.45756975
1143,41,0.0,0.0,1.0,1.0,2.0,1.0,1.0,8.0,0.0,6.0,70.0,0.21,2.0,85.0,5.0,0.0,6.0,2.0,3.92105263157895,0.0,2.0,0.0,0.610223642172524,1.0,2.0,0.5406177,0.45938233
1143,42,0.0,0.0,1.0,1.0,2.0,1.0,11.0,8.0,0.0,6.0,38.0,0.21,2.0,85.0,5.0,0.0,45.0,2.0,3.92105263157895,0.0,2.0,0.0,0.610223642172524,1.0,2.0,0.62948024,0.37051973
1143,43,0.0,0.0,1.0,79.0,2.0,1.0,1.0,8.0,0.0,6.0,120.0,0.21,2.0,85.0,5.0,0.0,6.0,2.0,3.92105263157895,0.0,2.0,0.0,0.610223642172524,1.0,2.0,0.7360005,0.26399952
1143,44,0.0,0.0,1.0,1.0,2.0,1.0,1.0,8.0,0.0,6.0,81.0,0.21,2.0,85.0,5.0,0.0,6.0,2.0,3.92105263157895,0.0,2.0,0.0,0.610223642172524,1.0,2.0,0.5406177,0.45938233
1143,45,0.0,0.0,1.0,1.0,11.0,1.0,1.0,8.0,0.0,6.0,58.0,0.21,2.0,85.0,5.0,0.0,6.0,2.0,3.92105263157895,0.0,2.0,0.0,0.610223642172524,1.0,2.0,0.5406177,0.45938233
1143,46,0.0,0.0,1.0,1.0,2.0,1.0,1.0,8.0,0.0,6.0,38.0,1.53,2.0,85.0,5.0,0.0,6.0,2.0,3.92105263157895,0.0,23.0,0.0,0.610223642172524,1.0,2.0,0.89499253,0.10500747
1143,47,0.0,0.0,1.0,1.0,2.0,1.0,1.0,8.0,0.0,6.0,38.0,0.21,2.0,85.0,5.0,10.0,6.0,2.0,3.92105263157895,0.0,2.0,0.0,0.5,1.0,2.0,0.7142655,0.28573447
1143,48,0.0,0.0,1.0,1.0,2.0,1.0,1.0,8.0,0.0,6.0,38.0,0.21,2.0,14.0,5.0,0.0,6.0,2.0,3.92105263157895,0.0,2.0,0.0,0.610223642172524,1.0,2.0,0.7607736,0.23922642
1143,49,0.0,0.0,1.0,1.0,2.0,1.0,5.0,8.0,0.0,6.0,38.0,0.21,2.0,85.0,5.0,0.0,29.0,2.0,3.92105263157895,0.0,2.0,0.0,0.610223642172524,1.0,2.0,0.62948024,0.37051973
1143,50,0.0,0.0,1.0,1.0,2.0,1.0,1.0,8.0,0.0,6.0,38.0,0.21,2.0,49.0,5.0,0.0,6.0,2.0,3.92105263157895,0.0,2.0,0.0,0.610223642172524,1.0,2.0,0.74602854,0.25397143
1143,51,0.0,33.0,1.0,1.0,2.0,1.0,1.0,8.0,0.0,6.0,38.0,0.21,2.0,85.0,5.0,0.0,6.0,2.0,33.9,0.0,2.0,0.0,0.610223642172524,1.0,2.0,0.555817,0.44418302
1143,52,0.0,0.0,1.0,1.0,2.0,1.0,1.0,8.0,0.0,6.0,38.0,7.31,2.0,85.0,5.0,0.0,6.0,2.0,3.92105263157895,0.0,2.0,1.0,0.610223642172524,1.0,2.0,0.8912762,0.10872384
1143,53,0.0,0.0,1.0,1.0,2.0,1.0,1.0,8.0,0.0,6.0,94.0,0.21,2.0,85.0,5.0,0.0,6.0,2.0,3.92105263157895,0.0,29.0,0.0,0.610223642172524,1.0,2.0,0.5710011,0.4289989
1143,54,0.0,0.0,1.0,94.0,2.0,1.0,1.0,8.0,0.0,6.0,38.0,0.21,2.0,85.0,5.0,0.0,6.0,2.0,3.92105263157895,0.0,22.0,0.0,0.610223642172524,1.0,2.0,0.74384135,0.25615865
1143,55,0.0,0.0,1.0,1.0,2.0,1.0,6.0,8.0,0.0,6.0,38.0,0.21,2.0,85.0,5.0,0.0,6.0,2.0,44.4,0.0,2.0,0.0,0.610223642172524,1.0,2.0,0.74711406,0.25288597
1143,56,4.0,0.0,1.0,1.0,2.0,1.0,1.0,8.0,0.0,6.0,38.0,0.21,2.0,85.0,5.0,0.0,6.0,2.0,3.92105263157895,0.0,2.0,0.0,0.610223642172524,1.0,0.0,0.63329613,0.36670384
1143,57,0.0,0.0,1.0,1.0,2.0,1.0,1.0,8.0,0.0,6.0,38.0,0.21,2.0,85.0,5.0,0.0,6.0,7.0,26.9,0.0,2.0,0.0,0.610223642172524,1.0,2.0,0.8391942,0.1608058
1143,58,0.0,0.0,1.0,1.0,2.0,1.0,1.0,8.0,0.0,6.0,38.0,0.21,2.0,85.0,5.0,43.0,6.0,2.0,3.92105263157895,9.0,2.0,0.0,0.610223642172524,1.0,2.0,0.59543335,0.40456668
1143,59,13.0,0.0,1.0,1.0,2.0,1.0,1.0,8.0,0.0,6.0,38.0,0.21,2.0,17.0,5.0,0.0,6.0,2.0,3.92105263157895,0.0,2.0,0.0,0.610223642172524,1.0,2.0,0.82729465,0.17270534
1143,60,0.0,0.0,1.0,83.0,2.0,1.0,1.0,8.0,0.0,6.0,38.0,0.21,2.0,85.0,5.0,2.0,6.0,2.0,3.92105263157895,0.0,2.0,0.0,0.610223642172524,1.0,2.0,0.79898983,0.20101017
1143,61,0.0,0.0,1.0,1.0,2.0,1.0,1.0,8.0,0.0,6.0,104.0,0.21,2.0,85.0,5.0,0.0,6.0,2.0,3.92105263157895,0.0,2.0,0.0,0.610223642172524,1.0,4.0,0.5406177,0.45938233
1143,62,0.0,0.0,1.0,1.0,2.0,1.0,1.0,8.0,0.0,6.0,142.0,0.21,2.0,85.0,5.0,0.0,37.0,2.0,3.92105263157895,0.0,2.0,0.0,0.610223642172524,1.0,2.0,0.9151636,0.08483644
1143,63,0.0,0.0,1.0,1.0,2.0,1.0,1.0,8.0,0.0,6.0,38.0,0.21,2.0,85.0,5.0,0.0,34.0,2.0,3.92105263157895,0.0,2.0,0.0,0.610223642172524,1.0,3.0,0.8782573,0.1217427
1143,64,0.0,0.0,1.0,67.0,2.0,1.0,1.0,8.0,0.0,6.0,97.0,0.21,2.0,85.0,5.0,0.0,6.0,2.0,3.92105263157895,0.0,2.0,0.0,0.610223642172524,1.0,2.0,0.7360005,0.26399952
1143,65,0.0,0.0,1.0,1.0,2.0,1.0,1.0,8.0,0.0,6.0,45.0,0.21,2.0,85.0,5.0,0.0,6.0,2.0,3.92105263157895,0.0,2.0,0.0,0.610223642172524,1.0,2.0,0.5406177,0.45938233
1143,66,0.0,0.0,1.0,1.0,2.0,1.0,1.0,8.0,0.0,6.0,38.0,6.4,2.0,85.0,5.0,0.0,6.0,2.0,3.92105263157895,0.0,2.0,0.0,1.0,1.0,2.0,0.9506145,0.0493855
1143,67,0.0,0.0,1.0,51.0,2.0,1.0,1.0,16.0,0.0,6.0,38.0,0.21,2.0,85.0,5.0,0.0,6.0,2.0,3.92105263157895,0.0,2.0,0.0,0.610223642172524,1.0,2.0,0.7196897,0.28031024
1143,68,0.0,0.0,1.0,1.0,2.0,1.0,1.0,8.0,0.0,6.0,38.0,0.21,2.0,85.0,5.0,51.0,37.0,2.0,3.92105263157895,0.0,2.0,0.0,0.610223642172524,1.0,2.0,0.94726753,0.052732464
1143,69,0.0,0.0,1.0,1.0,2.0,1.0,1.0,8.0,0.0,6.0,38.0,0.21,5.0,85.0,5.0,0.0,6.0,2.0,3.92105263157895,0.0,2.0,0.0,0.610223642172524,1.0,2.0,0.503263,0.49673697
1143,70,0.0,0.0,1.0,48.0,2.0,1.0,1.0,8.0,0.0,6.0,38.0,0.21,2.0,85.0,5.0,0.0,6.0,2.0,3.92105263157895,38.0,2.0,0.0,0.610223642172524,1.0,2.0,0.6514205,0.34857953
1143,71,0.0,0.0,1.0,1.0,2.0,1.0,1.0,8.0,0.0,6.0,38.0,0.21,2.0,85.0,5.0,0.0,6.0,2.0,3.92105263157895,15.0,2.0,0.0,0.610223642172524,1.0,1.0,0.6772671,0.32273293
1143,72,0.0,0.0,1.0,1.0,42.0,1.0,1.0,8.0,0.0,6.0,38.0,0.21,2.0,85.0,5.0,11.0,6.0,2.0,3.92105263157895,0.0,2.0,0.0,0.610223642172524,1.0,2.0,0.6690978,0.33090225
1143,73,20.0,0.0,1.0,1.0,2.0,1.0,1.0,8.0,0.0,6.0,38.0,0.21,2.0,44.0,5.0,0.0,6.0,2.0,3.92105263157895,0.0,2.0,0.0,0.610223642172524,1.0,2.0,0.8156563,0.18434367
1143,74,0.0,0.0,1.0,1.0,2.0,1.0,1.0,4.0,0.0,6.0,38.0,0.21,2.0,85.0,5.0,0.0,6.0,2.0,38.4,0.0,2.0,0.0,0.610223642172524,1.0,2.0,0.9217363,0.078263715
1143,75,0.0,0.0,1.0,1.0,2.0,1.0,1.0,8.0,0.0,3.0,38.0,0.21,2.0,85.0,5.0,0.0,6.0,2.0,3.92105263157895,11.0,2.0,0.0,0.610223642172524,1.0,2.0,0.63104475,0.36895522
1143,76,1.0,0.0,1.0,1.0,2.0,1.0,1.0,8.0,0.0,6.0,38.0,0.21,2.0,85.0,5.0,0.0,6.0,4.0,3.92105263157895,0.0,2.0,0.0,0.610223642172524,1.0,2.0,0.51925564,0.48074433
1143,77,3.0,0.0,1.0,1.0,2.0,1.0,1.0,8.0,0.0,6.0,38.0,0.21,2.0,85.0,5.0,0.0,6.0,2.0,6.3,0.0,2.0,0.0,0.610223642172524,1.0,2.0,0.53208804,0.467912
1143,78,0.0,0.0,1.0,1.0,2.0,1.0,1.0,8.0,0.0,6.0,38.0,0.21,2.0,85.0,5.0,0.0,64.0,2.0,3.92105263157895,0.0,2.0,0.0,0.610223642172524,1.0,2.0,0.8782573,0.1217427
1143,79,0.0,0.0,1.0,71.0,2.0,1.0,1.0,8.0,0.0,6.0,38.0,0.21,2.0,85.0,5.0,51.0,6.0,2.0,3.92105263157895,0.0,2.0,0.0,0.610223642172524,1.0,2.0,0.84052426,0.15947573
1143,80,0.0,0.0,1.0,89.0,2.0,1.0,1.0,8.0,0.0,6.0,38.0,0.21,3.0,85.0,5.0,0.0,6.0,2.0,3.92105263157895,0.0,2.0,0.0,0.610223642172524,1.0,2.0,0.76772225,0.23227778
1143,81,0.0,0.0,1.0,1.0,2.0,1.0,1.0,9.0,0.0,6.0,38.0,0.21,2.0,85.0,5.0,0.0,6.0,2.0,3.92105263157895,0.0,2.0,0.0,0.610223642172524,1.0,0.0,0.5341305,0.4658695
1143,82,0.0,0.0,1.0,1.0,2.0,1.0,1.0,8.0,0.0,6.0,38.0,2.17,2.0,85.0,5.0,0.0,6.0,2.0,3.92105263157895,0.0,2.0,0.0,0.610223642172524,1.0,2.0,0.8550606,0.1449394
1143,83,0.0,0.0,1.0,1.0,2.0,1.0,1.0,8.0,0.0,6.0,38.0,6.6,2.0,85.0,0.0,0.0,6.0,2.0,3.92105263157895,0.0,2.0,0.0,0.610223642172524,1.0,2.0,0.884224,0.11577602
1143,84,0.0,0.0,1.0,13.0,2.0,1.0,1.0,8.0,0.0,6.0,38.0,0.21,2.0,85.0,5.0,0.0,6.0,2.0,3.92105263157895,0.0,2.0,0.0,0.610223642172524,1.0,2.0,0.7196897,0.28031024
1143,85,0.0,0.0,1.0,1.0,2.0,1.0,1.0,8.0,0.0,6.0,38.0,0.21,2.0,85.0,5.0,0.0,6.0,2.0,37.5,0.0,2.0,0.0,0.610223642172524,1.0,2.0,0.8500515,0.14994846
1143,86,0.0,0.0,1.0,20.0,2.0,1.0,1.0,8.0,0.0,6.0,38.0,0.21,2.0,85.0,5.0,0.0,6.0,2.0,3.92105263157895,0.0,2.0,0.0,0.610223642172524,1.0,2.0,0.7196897,0.28031024
1143,87,18.0,0.0,1.0,1.0,2.0,1.0,1.0,8.0,0.0,6.0,38.0,0.21,2.0,85.0,5.0,0.0,6.0,2.0,5.4,0.0,2.0,0.0,0.610223642172524,1.0,2.0,0.80320823,0.1967918
1143,88,0.0,0.0,1.0,1.0,2.0,1.0,1.0,8.0,0.0,57.0,38.0,4.78,2.0,85.0,5.0,0.0,6.0,2.0,3.92105263157895,0.0,2.0,0.0,0.610223642172524,1.0,2.0,0.61340475,0.38659525
1143,89,0.0,0.0,1.0,1.0,2.0,1.0,1.0,8.0,0.0,6.0,38.0,0.21,2.0,85.0,5.0,0.0,6.0,2.0,24.8,0.0,2.0,0.0,0.610223642172524,1.0,2.0,0.8500515,0.14994846
1143,90,0.0,0.0,1.0,3.0,2.0,1.0,1.0,8.0,0.0,6.0,38.0,0.21,2.0,85.0,5.0,0.0,58.0,2.0,3.92105263157895,0.0,2.0,0.0,0.610223642172524,1.0,2.0,0.9329106,0.067089394
1143,91,0.0,0.0,1.0,1.0,2.0,1.0,1.0,8.0,0.0,6.0,38.0,0.21,2.0,85.0,5.0,0.0,6.0,7.0,11.1,0.0,2.0,0.0,0.610223642172524,1.0,2.0,0.8391942,0.1608058
1143,92,0.0,0.0,1.0,1.0,2.0,1.0,1.0,8.0,0.0,6.0,38.0,0.21,2.0,85.0,5.0,40.0,6.0,2.0,3.92105263157895,0.0,2.0,0.0,0.610223642172524,1.0,2.0,0.6690978,0.33090225
1143,93,0.0,0.0,1.0,1.0,2.0,1.0,1.0,8.0,0.0,6.0,38.0,0.21,2.0,85.0,5.0,0.0,16.0,2.0,3.92105263157895,0.0,2.0,0.0,0.9,1.0,2.0,0.9594648,0.04053523
1143,94,0.0,0.0,1.0,1.0,2.0,1.0,1.0,8.0,0.0,6.0,38.0,6.72,2.0,85.0,5.0,0.0,6.0,2.0,47.1,0.0,2.0,0.0,0.610223642172524,1.0,2.0,0.9067378,0.09326218
1143,95,0.0,0.0,1.0,1.0,20.0,1.0,1.0,3.0,0.0,6.0,38.0,0.21,2.0,85.0,5.0,0.0,6.0,2.0,3.92105263157895,0.0,2.0,0.0,0.610223642172524,1.0,2.0,0.66059244,0.33940756
1143,96,0.0,0.0,1.0,1.0,2.0,1.0,1.0,8.0,0.0,6.0,38.0,0.21,2.0,85.0,5.0,0.0,36.0,2.0,3.92105263157895,0.0,2.0,0.0,0.610223642172524,1.0,2.0,0.8782573,0.1217427
1143,97,20.0,0.0,1.0,1.0,2.0,1.0,1.0,8.0,0.0,6.0,38.0,0.21,2.0,85.0,5.0,0.0,6.0,2.0,3.92105263157895,0.0,2.0,0.0,0.610223642172524,1.0,2.0,0.5424303,0.45756975
1143,98,0.0,0.0,1.0,1.0,2.0,1.0,1.0,8.0,0.0,6.0,38.0,6.68,2.0,85.0,5.0,0.0,6.0,2.0,3.92105263157895,0.0,2.0,0.0,0.610223642172524,1.0,2.0,0.8912762,0.10872384
1143,99,0.0,0.0,1.0,1.0,2.0,1.0,1.0,8.0,0.0,6.0,38.0,0.21,2.0,44.0,4.0,0.0,6.0,2.0,3.92105263157895,0.0,2.0,0.0,0.610223642172524,1.0,2.0,0.73467577,0.2653242
1153,0,0.0,0.0,1.0,2.0,0.0,0.0,2.0,3.0,26.0,12.0,14.0,0.1,0.0,85.0,4.0,8.0,0.0,2.0,5.1,0.0,0.0,0.0,0.650442477876106,0.5,2.0,0.8503212,0.1496788
1153,1,0.0,0.0,1.0,2.0,0.0,0.0,2.0,3.0,26.0,12.0,14.0,5.18,0.0,85.0,4.0,8.0,13.0,2.0,7.05,0.0,0.0,0.0,0.650442477876106,0.5,2.0,0.74835825,0.25164178
1153,2,0.0,0.0,1.0,2.0,0.0,0.0,2.0,3.0,26.0,12.0,14.0,3.1,0.0,85.0,4.0,8.0,13.0,2.0,7.05,0.0,0.0,0.0,0.650442477876106,0.5,2.0,0.74835825,0.25164178
1153,3,0.0,0.0,1.0,2.0,0.0,0.0,2.0,3.0,26.0,12.0,14.0,0.1,0.0,85.0,4.0,8.0,13.0,2.0,7.05,0.0,13.0,0.0,0.650442477876106,0.4,2.0,0.51538587,0.4846141
1153,4,0.0,0.0,1.0,2.0,0.0,0.0,2.0,3.0,26.0,12.0,14.0,0.1,0.0,85.0,4.0,8.0,13.0,2.0,51.1,0.0,0.0,0.0,0.650442477876106,0.5,4.0,0.52805865,0.47194132
1153,5,0.0,0.0,1.0,2.0,0.0,0.0,2.0,3.0,26.0,12.0,14.0,5.29,0.0,85.0,4.0,8.0,13.0,2.0,7.05,0.0,0.0,0.0,0.9,0.5,2.0,0.9210547,0.078945264
1153,6,0.0,0.0,1.0,2.0,0.0,0.0,2.0,3.0,26.0,12.0,14.0,0.1,0.0,85.0,4.0,8.0,44.0,2.0,31.9,0.0,0.0,0.0,0.650442477876106,0.5,2.0,0.5362333,0.4637667
1153,7,0.0,0.0,1.0,2.0,0.0,0.0,2.0,3.0,26.0,12.0,14.0,6.65,0.0,85.0,4.0,8.0,13.0,2.0,7.05,0.0,0.0,0.0,0.650442477876106,0.5,2.0,0.74835825,0.25164178
1153,8,0.0,0.0,1.0,2.0,0.0,0.0,2.0,3.0,26.0,12.0,14.0,0.1,0.0,85.0,4.0,8.0,13.0,2.0,7.05,0.0,13.0,0.0,0.650442477876106,0.3,2.0,0.51538587,0.4846141
1153,9,0.0,0.0,1.0,2.0,0.0,0.0,2.0,3.0,26.0,12.0,14.0,6.0,0.0,85.0,4.0,8.0,13.0,2.0,7.05,0.0,0.0,0.0,0.650442477876106,0.5,2.0,0.74835825,0.25164178
1153,10,0.0,0.0,1.0,2.0,0.0,0.0,2.0,3.0,26.0,12.0,14.0,0.1,0.0,85.0,4.0,8.0,13.0,2.0,14.9,0.0,0.0,0.0,0.650442477876106,0.5,2.0,0.52805865,0.47194132
1153,11,0.0,0.0,1.0,2.0,35.0,0.0,2.0,3.0,26.0,12.0,14.0,4.56,0.0,85.0,4.0,8.0,13.0,2.0,7.05,0.0,0.0,0.0,0.650442477876106,0.5,2.0,0.6767126,0.32328743
1153,12,0.0,0.0,1.0,2.0,0.0,0.0,2.0,3.0,26.0,12.0,14.0,0.1,0.0,85.0,4.0,8.0,13.0,2.0,25.2,0.0,0.0,0.0,0.650442477876106,0.5,2.0,0.52805865,0.47194132
1153,13,0.0,0.0,1.0,2.0,0.0,0.0,2.0,3.0,26.0,12.0,92.0,0.1,0.0,85.0,4.0,8.0,13.0,2.0,22.0,0.0,0.0,0.0,0.650442477876106,0.5,2.0,0.7570696,0.24293043
1153,14,0.0,0.0,1.0,2.0,0.0,0.0,2.0,3.0,26.0,12.0,14.0,1.41,0.0,85.0,4.0,8.0,16.0,2.0,7.05,0.0,0.0,0.0,0.650442477876106,0.5,2.0,0.7743062,0.22569382
1153,15,0.0,0.0,1.0,2.0,0.0,0.0,2.0,3.0,26.0,12.0,14.0,6.92,0.0,85.0,4.0,8.0,13.0,2.0,7.05,0.0,0.0,0.0,0.650442477876106,0.5,2.0,0.74835825,0.25164178
1153,16,0.0,0.0,1.0,2.0,0.0,0.0,2.0,3.0,26.0,12.0,14.0,5.44,0.0,85.0,4.0,8.0,13.0,9.0,7.05,0.0,0.0,0.0,0.650442477876106,0.5,2.0,0.6515337,0.34846628
1153,17,0.0,0.0,1.0,2.0,0.0,0.0,2.0,3.0,26.0,12.0,14.0,3.32,0.0,85.0,4.0,8.0,13.0,2.0,7.05,0.0,0.0,0.0,0.650442477876106,0.5,2.0,0.74835825,0.25164178
1153,18,0.0,0.0,1.0,2.0,0.0,0.0,2.0,3.0,26.0,12.0,14.0,5.36,0.0,85.0,4.0,8.0,13.0,2.0,37.5,0.0,0.0,0.0,0.650442477876106,0.5,2.0,0.8316781,0.16832192
1153,19,0.0,0.0,1.0,2.0,0.0,0.0,2.0,3.0,26.0,12.0,14.0,6.5,0.0,85.0,4.0,8.0,13.0,2.0,7.05,0.0,0.0,0.0,0.650442477876106,0.5,2.0,0.74835825,0.25164178
1153,20,0.0,0.0,1.0,2.0,0.0,0.0,2.0,3.0,26.0,12.0,14.0,5.04,0.0,85.0,4.0,8.0,13.0,2.0,7.05,0.0,0.0,0.0,0.650442477876106,0.5,2.0,0.74835825,0.25164178
1153,21,0.0,0.0,1.0,2.0,0.0,0.0,2.0,3.0,26.0,12.0,14.0,1.37,0.0,85.0,4.0,8.0,13.0,2.0,7.05,0.0,0.0,0.0,0.650442477876106,0.2,2.0,0.8811401,0.118859865
1153,22,0.0,0.0,1.0,2.0,0.0,0.0,2.0,3.0,26.0,12.0,14.0,3.86,0.0,85.0,4.0,8.0,13.0,2.0,7.05,19.0,0.0,0.0,0.650442477876106,0.5,2.0,0.61286604,0.387134
1153,23,0.0,0.0,1.0,2.0,0.0,0.0,2.0,3.0,26.0,12.0,14.0,5.88,0.0,85.0,4.0,8.0,13.0,2.0,7.05,0.0,0.0,0.0,0.650442477876106,0.5,2.0,0.74835825,0.25164178
1153,24,0.0,0.0,1.0,2.0,0.0,0.0,2.0,3.0,26.0,12.0,14.0,4.07,0.0,85.0,4.0,8.0,13.0,2.0,7.05,0.0,0.0,0.0,0.650442477876106,0.5,2.0,0.74835825,0.25164178
1153,25,0.0,0.0,1.0,77.0,0.0,0.0,2.0,3.0,26.0,12.0,14.0,0.1,0.0,85.0,4.0,8.0,13.0,2.0,0.5,0.0,0.0,0.0,0.650442477876106,0.5,2.0,0.5688011,0.4311989
1153,26,0.0,0.0,1.0,2.0,0.0,0.0,2.0,3.0,26.0,50.0,14.0,2.24,0.0,85.0,4.0,8.0,13.0,2.0,7.05,0.0,0.0,0.0,0.650442477876106,0.5,2.0,0.6298295,0.37017047
1153,27,0.0,0.0,0.0,2.0,0.0,0.0,2.0,3.0,26.0,12.0,14.0,3.52,0.0,85.0,4.0,8.0,13.0,2.0,7.05,0.0,0.0,0.0,0.650442477876106,0.5,2.0,0.74835825,0.25164178
1153,28,0.0,0.0,0.0,2.0,0.0,0.0,2.0,3.0,26.0,12.0,14.0,2.06,0.0,85.0,4.0,8.0,13.0,2.0,7.05,0.0,0.0,0.0,0.650442477876106,0.5,2.0,0.7565039,0.24349612
1153,29,0.0,0.0,1.0,2.0,0.0,0.0,2.0,3.0,26.0,12.0,14.0,0.1,0.0,85.0,4.0,8.0,5.0,2.0,41.9,0.0,0.0,0.0,0.650442477876106,0.5,2.0,0.7869017,0.21309829
1153,30,0.0,0.0,1.0,2.0,0.0,0.0,2.0,3.0,15.0,12.0,14.0,0.1,0.0,85.0,4.0,8.0,13.0,2.0,21.3,0.0,0.0,0.0,0.650442477876106,0.5,2.0,0.52805865,0.47194132
1153,31,0.0,0.0,1.0,2.0,0.0,0.0,2.0,3.0,26.0,12.0,14.0,0.1,0.0,85.0,4.0,8.0,13.0,2.0,47.8,0.0,0.0,0.0,0.650442477876106,0.5,2.0,0.52805865,0.47194132
1153,32,0.0,0.0,1.0,2.0,0.0,0.0,2.0,3.0,26.0,12.0,14.0,0.1,0.0,85.0,4.0,8.0,13.0,2.0,28.7,0.0,0.0,0.0,0.650442477876106,0.5,2.0,0.52805865,0.47194132
1153,33,0.0,0.0,1.0,2.0,0.0,0.0,2.0,3.0,26.0,12.0,14.0,2.03,0.0,85.0,4.0,8.0,45.0,2.0,7.05,0.0,0.0,0.0,0.650442477876106,0.5,2.0,0.7432108,0.25678918
1153,34,0.0,0.0,1.0,2.0,0.0,0.0,2.0,3.0,26.0,12.0,14.0,2.32,0.0,85.0,4.0,8.0,13.0,2.0,7.05,0.0,0.0,1.0,0.650442477876106,0.5,2.0,0.7565039,0.24349612
1153,35,0.0,0.0,1.0,2.0,0.0,0.0,2.0,3.0,26.0,12.0,14.0,6.78,1.0,85.0,4.0,8.0,13.0,2.0,7.05,0.0,0.0,0.0,0.650442477876106,0.5,2.0,0.74835825,0.25164178
1153,36,0.0,0.0,1.0,2.0,0.0,0.0,2.0,3.0,26.0,12.0,14.0,0.1,0.0,85.0,4.0,8.0,13.0,2.0,46.2,0.0,0.0,3.0,0.650442477876106,0.5,2.0,0.5774298,0.42257026
1153,37,0.0,0.0,1.0,2.0,0.0,0.0,2.0,3.0,26.0,12.0,143.0,0.1,0.0,85.0,4.0,8.0,13.0,2.0,37.1,0.0,0.0,0.0,0.650442477876106,0.5,2.0,0.7570696,0.24293043
1153,38,0.0,0.0,1.0,2.0,0.0,0.0,2.0,3.0,26.0,12.0,14.0,0.99,0.0,85.0,4.0,0.0,13.0,2.0,7.05,0.0,0.0,0.0,0.650442477876106,0.5,2.0,0.6250459,0.3749541
1153,39,8.0,0.0,1.0,2.0,0.0,0.0,2.0,3.0,26.0,12.0,14.0,6.69,0.0,85.0,4.0,8.0,13.0,2.0,7.05,0.0,0.0,0.0,0.650442477876106,0.5,2.0,0.6559263,0.3440737
1153,40,0.0,0.0,3.0,2.0,0.0,0.0,2.0,3.0,26.0,12.0,14.0,0.1,0.0,85.0,4.0,8.0,13.0,2.0,27.2,0.0,0.0,0.0,0.650442477876106,0.5,2.0,0.52805865,0.47194132
1153,41,0.0,0.0,1.0,2.0,0.0,0.0,2.0,3.0,26.0,12.0,14.0,0.1,0.0,85.0,4.0,8.0,13.0,2.0,16.5,0.0,0.0,0.0,0.650442477876106,0.5,2.0,0.52805865,0.47194132
1153,42,0.0,0.0,1.0,2.0,0.0,0.0,2.0,3.0,26.0,12.0,14.0,0.1,4.0,85.0,4.0,8.0,13.0,2.0,36.2,0.0,0.0,0.0,0.650442477876106,0.5,2.0,0.5355905,0.46440947
1153,43,0.0,0.0,1.0,2.0,0.0,0.0,2.0,3.0,26.0,12.0,14.0,0.1,0.0,85.0,4.0,8.0,13.0,2.0,49.9,0.0,0.0,0.0,0.650442477876106,0.5,2.0,0.52805865,0.47194132
1153,44,0.0,0.0,1.0,2.0,0.0,0.0,2.0,3.0,26.0,12.0,14.0,0.1,0.0,85.0,4.0,8.0,13.0,2.0,3.8,0.0,0.0,0.0,0.650442477876106,0.5,2.0,0.78578717,0.21421283
1153,45,0.0,0.0,1.0,2.0,0.0,0.0,2.0,3.0,26.0,8.0,14.0,0.1,0.0,85.0,4.0,8.0,13.0,2.0,21.3,0.0,0.0,0.0,0.650442477876106,0.5,2.0,0.847373,0.15262698
1153,46,0.0,0.0,1.0,2.0,0.0,0.0,2.0,3.0,26.0,12.0,14.0,0.1,0.0,85.0,4.0,8.0,13.0,2.0,23.6,0.0,0.0,0.0,0.650442477876106,0.5,2.0,0.52805865,0.47194132
1153,47,4.0,0.0,1.0,2.0,0.0,0.0,2.0,3.0,26.0,12.0,14.0,3.23,0.0,85.0,4.0,8.0,13.0,2.0,7.05,0.0,0.0,0.0,0.650442477876106,0.5,2.0,0.6559263,0.3440737
1153,48,0.0,0.0,1.0,2.0,0.0,0.0,2.0,3.0,26.0,12.0,14.0,6.52,0.0,85.0,4.0,8.0,13.0,2.0,7.05,0.0,0.0,0.0,0.650442477876106,0.5,2.0,0.74835825,0.25164178
1153,49,0.0,0.0,1.0,2.0,0.0,0.0,2.0,3.0,26.0,12.0,14.0,4.24,0.0,85.0,4.0,8.0,13.0,2.0,7.05,0.0,0.0,0.0,0.650442477876106,0.5,2.0,0.74835825,0.25164178
1153,50,0.0,0.0,1.0,2.0,8.0,0.0,2.0,3.0,26.0,12.0,14.0,5.79,0.0,85.0,4.0,8.0,13.0,2.0,7.05,0.0,0.0,0.0,0.650442477876106,0.5,2.0,0.6767126,0.32328743
1153,51,0.0,0.0,1.0,2.0,0.0,0.0,2.0,3.0,26.0,12.0,14.0,0.1,0.0,85.0,4.0,8.0,13.0,2.0,24.2,0.0,0.0,0.0,0.650442477876106,0.5,2.0,0.52805865,0.47194132
1153,52,0.0,0.0,1.0,2.0,0.0,0.0,2.0,3.0,26.0,12.0,14.0,0.1,0.0,85.0,4.0,8.0,13.0,2.0,21.5,0.0,0.0,0.0,0.650442477876106,0.5,2.0,0.52805865,0.47194132
1153,53,0.0,0.0,1.0,2.0,0.0,0.0,2.0,3.0,26.0,12.0,14.0,6.6,0.0,85.0,6.0,8.0,13.0,2.0,7.05,0.0,0.0,0.0,0.650442477876106,0.5,2.0,0.81214553,0.18785445
1153,54,0.0,37.0,1.0,2.0,0.0,0.0,2.0,3.0,26.0,12.0,14.0,5.27,0.0,85.0,4.0,8.0,13.0,2.0,7.05,0.0,0.0,0.0,0.650442477876106,0.5,2.0,0.59373355,0.40626642
1153,55,0.0,0.0,1.0,2.0,0.0,0.0,2.0,3.0,26.0,12.0,14.0,0.1,0.0,85.0,4.0,8.0,13.0,2.0,28.8,0.0,0.0,0.0,0.650442477876106,0.5,2.0,0.52805865,0.47194132
1153,56,0.0,0.0,1.0,2.0,0.0,0.0,2.0,3.0,26.0,12.0,14.0,0.1,0.0,85.0,4.0,8.0,13.0,2.0,7.05,0.0,0.0,0.0,0.650442477876106,0.2,0.0,0.6404518,0.35954818
1153,57,0.0,0.0,1.0,2.0,0.0,0.0,2.0,3.0,26.0,12.0,14.0,2.2,0.0,85.0,4.0,8.0,13.0,2.0,7.05,0.0,0.0,0.0,0.650442477876106,0.5,2.0,0.7565039,0.24349612
1153,58,0.0,0.0,1.0,2.0,0.0,0.0,2.0,3.0,26.0,12.0,27.0,3.63,0.0,85.0,4.0,8.0,13.0,2.0,7.05,0.0,0.0,0.0,0.650442477876106,0.5,2.0,0.5889437,0.41105628
1153,59,0.0,0.0,1.0,2.0,0.0,0.0,2.0,3.0,26.0,12.0,14.0,5.68,0.0,85.0,4.0,8.0,13.0,2.0,7.05,0.0,0.0,0.0,0.650442477876106,0.5,2.0,0.74835825,0.25164178
1153,60,13.0,0.0,1.0,2.0,0.0,0.0,2.0,3.0,26.0,12.0,14.0,7.49,0.0,85.0,4.0,8.0,13.0,2.0,7.05,0.0,0.0,0.0,0.650442477876106,0.5,2.0,0.6559263,0.3440737
1153,61,0.0,0.0,1.0,2.0,0.0,0.0,2.0,3.0,26.0,12.0,14.0,0.1,0.0,85.0,4.0,8.0,13.0,1.0,34.9,0.0,0.0,0.0,0.650442477876106,0.5,2.0,0.61786884,0.38213116
1153,62,0.0,0.0,1.0,2.0,0.0,0.0,2.0,3.0,26.0,12.0,14.0,0.1,0.0,85.0,4.0,8.0,13.0,2.0,46.3,0.0,0.0,0.0,0.650442477876106,0.5,2.0,0.52805865,0.47194132
1153,63,0.0,0.0,1.0,2.0,0.0,0.0,2.0,6.0,26.0,12.0,14.0,0.1,0.0,85.0,4.0,8.0,13.0,2.0,30.6,0.0,0.0,0.0,0.650442477876106,0.5,2.0,0.5506202,0.44937977
1153,64,0.0,0.0,1.0,2.0,0.0,0.0,2.0,3.0,26.0,12.0,14.0,0.1,0.0,85.0,6.0,8.0,13.0,2.0,17.6,0.0,0.0,0.0,0.650442477876106,0.5,2.0,0.5959858,0.40401426
1153,65,0.0,0.0,1.0,2.0,0.0,0.0,2.0,3.0,26.0,12.0,14.0,6.58,0.0,85.0,4.0,8.0,13.0,2.0,7.05,0.0,0.0,0.0,1.0,0.5,2.0,0.93444544,0.065554544
1153,66,0.0,0.0,1.0,2.0,0.0,0.0,2.0,3.0,26.0,12.0,14.0,0.1,0.0,85.0,4.0,8.0,13.0,2.0,30.6,0.0,0.0,0.0,0.650442477876106,0.5,2.0,0.52805865,0.47194132
1153,67,0.0,0.0,1.0,2.0,0.0,0.0,2.0,3.0,26.0,13.0,14.0,0.1,0.0,85.0,4.0,8.0,13.0,2.0,3.8,0.0,0.0,0.0,0.650442477876106,0.5,2.0,0.78578717,0.21421283
1153,68,0.0,0.0,1.0,2.0,0.0,0.0,2.0,3.0,26.0,12.0,14.0,1.27,0.0,85.0,4.0,8.0,13.0,2.0,7.05,0.0,0.0,0.0,0.650442477876106,0.5,2.0,0.7565039,0.24349612
1153,69,0.0,0.0,1.0,2.0,0.0,0.0,2.0,3.0,26.0,12.0,14.0,0.1,0.0,85.0,4.0,8.0,13.0,2.0,12.7,0.0,0.0,0.0,0.650442477876106,0.5,2.0,0.52805865,0.47194132
1153,70,0.0,0.0,1.0,2.0,0.0,0.0,2.0,3.0,26.0,12.0,14.0,0.1,0.0,85.0,4.0,8.0,13.0,2.0,25.8,0.0,0.0,1.0,0.650442477876106,0.5,2.0,0.5774298,0.42257026
1153,71,0.0,0.0,1.0,2.0,0.0,0.0,2.0,3.0,26.0,12.0,14.0,0.1,0.0,85.0,4.0,8.0,13.0,2.0,2.3,0.0,0.0,0.0,0.650442477876106,0.5,2.0,0.7328813,0.2671187
1153,72,0.0,0.0,1.0,2.0,0.0,0.0,2.0,3.0,26.0,12.0,14.0,6.85,0.0,85.0,6.0,8.0,13.0,2.0,7.05,0.0,0.0,0.0,0.650442477876106,0.5,2.0,0.81214553,0.18785445
1153,73,0.0,0.0,1.0,2.0,0.0,0.0,2.0,3.0,26.0,12.0,14.0,5.18,0.0,85.0,4.0,8.0,13.0,8.0,7.05,0.0,0.0,0.0,0.650442477876106,0.5,2.0,0.6515337,0.34846628
1153,74,0.0,0.0,2.0,2.0,0.0,0.0,2.0,3.0,26.0,12.0,14.0,4.7,0.0,85.0,4.0,8.0,13.0,2.0,7.05,0.0,0.0,0.0,0.650442477876106,0.5,2.0,0.74835825,0.25164178
1153,75,0.0,0.0,1.0,12.0,0.0,0.0,2.0,3.0,26.0,12.0,14.0,0.1,0.0,85.0,4.0,8.0,13.0,2.0,2.6,0.0,0.0,0.0,0.650442477876106,0.5,2.0,0.7125088,0.2874912
1153,76,0.0,0.0,1.0,2.0,0.0,0.0,2.0,3.0,26.0,12.0,14.0,6.56,0.0,85.0,4.0,8.0,13.0,2.0,7.05,0.0,0.0,0.0,0.650442477876106,0.5,0.0,0.8695045,0.1304955
1153,77,0.0,0.0,1.0,2.0,0.0,0.0,2.0,3.0,26.0,12.0,14.0,6.35,0.0,85.0,4.0,8.0,13.0,2.0,7.05,0.0,0.0,0.0,0.650442477876106,0.5,2.0,0.74835825,0.25164178
1153,78,0.0,0.0,1.0,23.0,0.0,0.0,2.0,3.0,26.0,12.0,14.0,0.1,0.0,85.0,4.0,8.0,13.0,2.0,39.7,0.0,0.0,0.0,0.650442477876106,0.5,2.0,0.5655083,0.4344917
1153,79,0.0,0.0,1.0,2.0,29.0,0.0,2.0,3.0,26.0,12.0,14.0,3.61,0.0,85.0,4.0,8.0,13.0,2.0,7.05,0.0,0.0,0.0,0.650442477876106,0.5,2.0,0.6767126,0.32328743
1153,80,0.0,0.0,1.0,2.0,0.0,15.0,2.0,3.0,26.0,12.0,14.0,4.34,0.0,85.0,4.0,8.0,13.0,2.0,7.05,0.0,0.0,0.0,0.650442477876106,0.5,2.0,0.70355654,0.29644346
1153,81,0.0,0.0,1.0,2.0,0.0,0.0,2.0,3.0,26.0,12.0,14.0,5.77,0.0,85.0,4.0,8.0,13.0,2.0,7.05,24.0,0.0,0.0,0.650442477876106,0.5,2.0,0.61286604,0.387134
1153,82,0.0,0.0,2.0,2.0,0.0,0.0,2.0,3.0,26.0,12.0,14.0,6.4,0.0,85.0,4.0,8.0,13.0,2.0,7.05,0.0,0.0,0.0,0.650442477876106,0.5,2.0,0.74835825,0.25164178
1153,83,0.0,0.0,1.0,14.0,0.0,0.0,2.0,3.0,26.0,12.0,14.0,0.1,0.0,85.0,4.0,8.0,13.0,2.0,39.3,0.0,0.0,0.0,0.650442477876106,0.5,2.0,0.5655083,0.4344917
1153,84,0.0,0.0,1.0,2.0,0.0,0.0,2.0,3.0,26.0,12.0,14.0,7.27,0.0,85.0,4.0,8.0,13.0,2.0,7.05,0.0,0.0,0.0,0.650442477876106,0.5,2.0,0.74835825,0.25164178
1153,85,0.0,0.0,1.0,70.0,0.0,0.0,2.0,3.0,26.0,12.0,14.0,0.1,0.0,85.0,4.0,8.0,13.0,2.0,44.3,0.0,0.0,0.0,0.650442477876106,0.5,2.0,0.5655083,0.4344917
1153,86,0.0,0.0,1.0,2.0,0.0,0.0,2.0,3.0,26.0,12.0,14.0,3.05,0.0,85.0,4.0,8.0,13.0,2.0,7.05,0.0,33.0,0.0,0.650442477876106,0.5,2.0,0.7170614,0.2829386
1153,87,0.0,0.0,1.0,2.0,0.0,0.0,2.0,3.0,26.0,12.0,14.0,0.1,0.0,85.0,4.0,8.0,13.0,2.0,7.05,0.0,0.0,0.0,1.1,0.5,1.0,0.5075655,0.4924345
1153,88,0.0,0.0,1.0,2.0,0.0,0.0,2.0,3.0,26.0,12.0,14.0,0.1,0.0,2.0,4.0,8.0,13.0,2.0,2.3,0.0,0.0,0.0,0.650442477876106,0.5,2.0,0.7047405,0.2952595
1153,89,0.0,0.0,1.0,2.0,0.0,0.0,2.0,3.0,26.0,12.0,14.0,1.28,0.0,85.0,4.0,8.0,13.0,2.0,7.05,0.0,0.0,0.0,0.650442477876106,0.5,2.0,0.7565039,0.24349612
1153,90,0.0,0.0,1.0,19.0,0.0,0.0,2.0,3.0,26.0,3.0,14.0,0.1,0.0,85.0,4.0,8.0,13.0,2.0,7.05,0.0,0.0,0.0,0.650442477876106,0.5,2.0,0.5543057,0.44569433
1153,91,0.0,0.0,1.0,2.0,0.0,0.0,2.0,3.0,26.0,12.0,14.0,6.4,0.0,85.0,4.0,8.0,13.0,2.0,7.05,0.0,0.0,0.0,1.0,0.5,2.0,0.93444544,0.065554544
1153,92,0.0,0.0,1.0,2.0,0.0,0.0,2.0,3.0,29.0,12.0,14.0,4.07,0.0,85.0,4.0,8.0,13.0,2.0,7.05,0.0,0.0,0.0,0.650442477876106,0.5,2.0,0.74835825,0.25164178
1153,93,0.0,0.0,1.0,2.0,0.0,0.0,2.0,3.0,26.0,12.0,14.0,0.1,0.0,85.0,4.0,2.0,13.0,2.0,17.7,0.0,0.0,0.0,0.650442477876106,0.5,2.0,0.66705644,0.3329436
1153,94,0.0,0.0,1.0,2.0,0.0,0.0,2.0,3.0,26.0,12.0,14.0,3.95,0.0,85.0,4.0,8.0,13.0,2.0,7.05,0.0,0.0,2.0,0.650442477876106,0.5,2.0,0.74835825,0.25164178
1153,95,0.0,0.0,1.0,25.0,0.0,0.0,2.0,3.0,26.0,12.0,14.0,0.1,0.0,85.0,4.0,8.0,13.0,2.0,0.0,0.0,0.0,0.0,0.650442477876106,0.5,2.0,0.5493655,0.4506345
1153,96,0.0,0.0,1.0,2.0,0.0,0.0,2.0,3.0,26.0,12.0,14.0,0.1,0.0,85.0,4.0,8.0,13.0,2.0,46.5,0.0,0.0,0.0,0.650442477876106,0.5,2.0,0.52805865,0.47194132
1153,97,0.0,0.0,1.0,2.0,0.0,0.0,2.0,3.0,26.0,12.0,14.0,5.87,0.0,85.0,4.0,8.0,13.0,2.0,7.05,0.0,0.0,0.0,0.650442477876106,0.5,2.0,0.74835825,0.25164178
1153,98,0.0,0.0,1.0,2.0,0.0,0.0,2.0,3.0,26.0,12.0,14.0,5.02,0.0,85.0,4.0,8.0,13.0,2.0,7.05,0.0,0.0,0.0,0.650442477876106,0.5,2.0,0.74835825,0.25164178
1153,99,0.0,0.0,1.0,2.0,0.0,0.0,2.0,3.0,26.0,12.0,14.0,4.4,0.0,85.0,4.0,8.0,13.0,2.0,7.05,0.0,0.0,0.0,0.650442477876106,0.5,2.0,0.74835825,0.25164178
1452,0,2.0,0.0,1.0,1.0,0.0,0.0,1.0,1.0,6.0,11.0,113.0,1.37,4.0,82.0,4.0,1.0,15.0,1.0,4.59090909090909,2.0,1.0,0.0,0.593110871905274,1.0,1.0,0.6516919,0.34830806
1452,1,2.0,0.0,1.0,1.0,0.0,0.0,1.0,1.0,6.0,11.0,13.0,0.07,4.0,82.0,4.0,1.0,15.0,1.0,4.59090909090909,2.0,1.0,0.0,0.593110871905274,1.0,1.0,0.550261,0.44973895
1452,2,2.0,0.0,1.0,1.0,0.0,0.0,1.0,1.0,6.0,11.0,36.0,0.07,4.0,82.0,4.0,1.0,8.0,1.0,12.6,2.0,1.0,0.0,0.593110871905274,1.0,1.0,0.80540943,0.19459057
1452,3,2.0,0.0,1.0,1.0,0.0,0.0,1.0,1.0,0.0,11.0,36.0,0.07,4.0,82.0,4.0,1.0,15.0,1.0,4.59090909090909,2.0,1.0,0.0,0.593110871905274,1.0,1.0,0.88853925,0.11146076
1452,4,2.0,0.0,1.0,19.0,0.0,0.0,1.0,1.0,6.0,3.0,36.0,0.07,4.0,82.0,4.0,1.0,15.0,1.0,4.59090909090909,2.0,1.0,0.0,0.593110871905274,1.0,1.0,0.88349384,0.11650617
1452,5,2.0,0.0,1.0,1.0,0.0,0.0,1.0,1.0,6.0,11.0,36.0,0.07,4.0,82.0,4.0,1.0,4.0,1.0,4.59090909090909,2.0,1.0,0.0,0.593110871905274,1.0,1.0,0.6548219,0.3451781
1452,6,2.0,0.0,1.0,1.0,0.0,0.0,1.0,1.0,6.0,11.0,36.0,0.07,4.0,82.0,4.0,1.0,4.0,1.0,4.59090909090909,2.0,1.0,3.0,0.593110871905274,1.0,1.0,0.6985034,0.3014966
1452,7,2.0,0.0,1.0,1.0,0.0,0.0,1.0,1.0,6.0,8.0,36.0,0.07,4.0,82.0,4.0,1.0,15.0,1.0,21.3,2.0,1.0,0.0,0.593110871905274,1.0,1.0,0.781389,0.218611
1452,8,2.0,0.0,1.0,1.0,0.0,0.0,1.0,1.0,0.0,11.0,36.0,0.07,4.0,82.0,4.0,1.0,15.0,1.0,4.59090909090909,1.0,1.0,0.0,0.593110871905274,1.0,1.0,0.88853925,0.11146076
1452,9,2.0,0.0,1.0,1.0,0.0,0.0,1.0,1.0,6.0,11.0,36.0,5.66,4.0,82.0,4.0,1.0,15.0,1.0,39.6,2.0,1.0,0.0,0.593110871905274,1.0,1.0,0.5893503,0.41064972
1452,10,2.0,0.0,1.0,1.0,0.0,0.0,1.0,1.0,6.0,1.0,36.0,0.07,4.0,82.0,4.0,1.0,15.0,1.0,4.59090909090909,2.0,1.0,0.0,0.593110871905274,1.0,1.0,0.82380044,0.17619957
1452,11,2.0,0.0,1.0,1.0,0.0,0.0,1.0,1.0,6.0,11.0,36.0,6.72,4.0,82.0,4.0,1.0,15.0,1.0,47.1,2.0,1.0,0.0,0.593110871905274,1.0,1.0,0.5893503,0.41064972
1452,12,2.0,0.0,1.0,1.0,0.0,0.0,1.0,1.0,6.0,11.0,36.0,0.07,4.0,82.0,4.0,1.0,0.0,1.0,4.59090909090909,2.0,1.0,0.0,0.593110871905274,0.1,1.0,0.55653626,0.44346374
1452,13,2.0,0.0,1.0,12.0,0.0,0.0,1.0,1.0,6.0,11.0,36.0,5.26,4.0,82.0,4.0,1.0,15.0,1.0,4.59090909090909,2.0,1.0,0.0,0.593110871905274,1.0,1.0,0.50402063,0.49597937
1452,14,2.0,0.0,1.0,1.0,0.0,0.0,1.0,1.0,6.0,11.0,36.0,0.07,4.0,82.0,4.0,1.0,3.0,1.0,4.59090909090909,2.0,1.0,0.0,0.593110871905274,1.0,1.0,0.67095083,0.32904917
1452,15,2.0,0.0,1.0,1.0,0.0,0.0,1.0,1.0,6.0,2.0,63.0,0.07,4.0,82.0,4.0,1.0,15.0,1.0,4.59090909090909,2.0,1.0,0.0,0.593110871905274,1.0,1.0,0.933007,0.06699301
1452,16,2.0,0.0,1.0,1.0,0.0,0.0,1.0,1.0,6.0,11.0,36.0,0.07,4.0,98.0,4.0,1.0,15.0,1.0,4.59090909090909,2.0,1.0,0.0,0.593110871905274,0.3,1.0,0.60911953,0.39088047
1452,17,2.0,0.0,1.0,1.0,0.0,0.0,1.0,1.0,25.0,4.0,36.0,0.07,4.0,82.0,4.0,1.0,15.0,1.0,4.59090909090909,2.0,1.0,0.0,0.593110871905274,1.0,1.0,0.7979634,0.2020366
1452,18,2.0,0.0,1.0,1.0,0.0,0.0,1.0,1.0,6.0,2.0,36.0,0.07,4.0,82.0,4.0,1.0,15.0,1.0,4.59090909090909,2.0,1.0,0.0,0.593110871905274,1.0,1.0,0.82380044,0.17619957
1452,19,2.0,0.0,1.0,1.0,0.0,0.0,1.0,1.0,6.0,11.0,3.0,0.07,4.0,82.0,4.0,1.0,15.0,1.0,4.59090909090909,2.0,1.0,0.0,0.593110871905274,1.0,1.0,0.53955245,0.46044752
1452,20,2.0,0.0,1.0,12.0,0.0,0.0,1.0,1.0,6.0,11.0,0.0,0.07,4.0,82.0,4.0,1.0,15.0,1.0,4.59090909090909,2.0,1.0,0.0,0.593110871905274,1.0,1.0,0.5787424,0.42125764
1452,21,2.0,0.0,1.0,1.0,0.0,0.0,1.0,1.0,6.0,11.0,36.0,0.07,4.0,82.0,4.0,1.0,8.0,1.0,4.59090909090909,2.0,1.0,0.0,0.4,1.0,1.0,0.50338316,0.4966168
1452,22,2.0,0.0,1.0,1.0,0.0,0.0,1.0,1.0,6.0,11.0,36.0,0.07,4.0,82.0,4.0,1.0,2.0,1.0,4.59090909090909,2.0,1.0,0.0,0.593110871905274,1.0,3.0,0.7690368,0.23096319
1452,23,2.0,0.0,1.0,1.0,0.0,0.0,1.0,1.0,6.0,11.0,36.0,0.07,8.0,82.0,4.0,1.0,0.0,1.0,4.59090909090909,2.0,1.0,0.0,0.593110871905274,1.0,1.0,0.542742,0.457258
1452,24,2.0,0.0,1.0,1.0,0.0,0.0,1.0,1.0,6.0,3.0,36.0,0.07,4.0,82.0,4.0,1.0,15.0,1.0,4.59090909090909,11.0,1.0,0.0,0.593110871905274,1.0,1.0,0.78885084,0.21114916
1452,25,2.0,0.0,1.0,1.0,0.0,0.0,1.0,1.0,6.0,11.0,8.0,2.7,4.0,82.0,4.0,1.0,15.0,1.0,4.59090909090909,2.0,1.0,0.0,0.593110871905274,1.0,1.0,0.55503917,0.44496086
1452,26,2.0,0.0,1.0,1.0,0.0,0.0,1.0,1.0,6.0,11.0,36.0,0.07,4.0,82.0,4.0,1.0,0.0,1.0,5.1,2.0,1.0,0.0,0.593110871905274,1.0,1.0,0.68134856,0.31865144
1452,27,2.0,0.0,1.0,84.0,0.0,0.0,1.0,1.0,6.0,11.0,36.0,3.98,4.0,82.0,4.0,1.0,15.0,1.0,4.59090909090909,2.0,1.0,0.0,0.593110871905274,1.0,1.0,0.50402063,0.49597937
1452,28,2.0,0.0,1.0,1.0,0.0,0.0,1.0,1.0,6.0,11.0,36.0,0.07,0.0,82.0,4.0,1.0,9.0,1.0,4.59090909090909,2.0,1.0,0.0,0.593110871905274,1.0,1.0,0.6273474,0.3726526
1452,29,2.0,43.0,1.0,1.0,0.0,0.0,1.0,1.0,6.0,11.0,36.0,0.07,4.0,82.0,4.0,1.0,3.0,1.0,4.59090909090909,2.0,1.0,0.0,0.593110871905274,1.0,1.0,0.583038,0.41696203
1452,30,2.0,0.0,1.0,1.0,0.0,0.0,1.0,1.0,6.0,11.0,36.0,0.07,4.0,82.0,0.0,1.0,0.0,1.0,4.59090909090909,2.0,1.0,0.0,0.593110871905274,1.0,1.0,0.5045841,0.4954159
1452,31,0.0,0.0,1.0,1.0,0.0,0.0,1.0,1.0,6.0,11.0,36.0,4.64,4.0,82.0,4.0,1.0,15.0,1.0,4.59090909090909,2.0,1.0,0.0,0.593110871905274,1.0,1.0,0.54896855,0.45103148
1452,32,2.0,0.0,1.0,1.0,0.0,8.0,1.0,1.0,6.0,11.0,36.0,0.07,4.0,82.0,4.0,1.0,15.0,1.0,4.59090909090909,2.0,1.0,0.0,1.0,1.0,1.0,0.5430321,0.4569679
1452,33,2.0,6.0,1.0,1.0,0.0,0.0,1.0,1.0,6.0,11.0,36.0,0.07,4.0,82.0,4.0,1.0,4.0,1.0,4.59090909090909,2.0,1.0,0.0,0.593110871905274,1.0,1.0,0.5653912,0.43460885
1452,34,2.0,0.0,1.0,1.0,0.0,0.0,1.0,1.0,6.0,11.0,36.0,0.07,4.0,82.0,4.0,1.0,15.0,1.0,46.0,2.0,1.0,0.0,1.0,1.0,1.0,0.6549938,0.34500626
1452,35,2.0,0.0,1.0,1.0,0.0,0.0,1.0,1.0,6.0,11.0,36.0,0.07,4.0,82.0,4.0,1.0,15.0,1.0,4.59090909090909,2.0,17.0,0.0,1.1,1.0,1.0,0.56506217,0.43493783
1452,36,2.0,0.0,1.0,1.0,0.0,0.0,1.0,1.0,6.0,11.0,36.0,2.67,4.0,82.0,4.0,1.0,15.0,1.0,4.59090909090909,2.0,1.0,0.0,0.593110871905274,0.4,1.0,0.5563923,0.44360772
1452,37,2.0,0.0,1.0,1.0,0.0,0.0,1.0,1.0,6.0,11.0,36.0,1.54,4.0,82.0,4.0,1.0,15.0,1.0,4.59090909090909,2.0,1.0,0.0,0.593110871905274,0.2,1.0,0.74199474,0.25800523
1452,38,2.0,0.0,1.0,1.0,0.0,0.0,1.0,1.0,2.0,11.0,36.0,0.07,4.0,82.0,4.0,22.0,15.0,1.0,4.59090909090909,2.0,1.0,0.0,0.593110871905274,1.0,1.0,0.54996026,0.45003977
1452,39,2.0,0.0,1.0,82.0,0.0,0.0,1.0,1.0,1.0,11.0,36.0,0.07,4.0,82.0,4.0,1.0,15.0,1.0,4.59090909090909,2.0,1.0,0.0,0.593110871905274,1.0,1.0,0.83652186,0.1634781
1452,40,2.0,0.0,1.0,1.0,0.0,0.0,1.0,1.0,6.0,11.0,36.0,0.07,4.0,98.0,4.0,1.0,15.0,1.0,51.3,2.0,1.0,0.0,0.593110871905274,1.0,1.0,0.7161097,0.2838903
1452,41,2.0,0.0,1.0,1.0,0.0,0.0,1.0,1.0,6.0,11.0,36.0,0.07,4.0,82.0,4.0,15.0,3.0,1.0,4.59090909090909,2.0,1.0,0.0,0.593110871905274,1.0,1.0,0.5516923,0.4483077
1452,42,2.0,0.0,1.0,1.0,0.0,0.0,1.0,1.0,6.0,0.0,36.0,0.07,4.0,82.0,4.0,1.0,15.0,1.0,4.59090909090909,41.0,1.0,0.0,0.593110871905274,1.0,1.0,0.78885084,0.21114916
1452,43,2.0,0.0,1.0,1.0,0.0,0.0,1.0,1.0,1.0,11.0,36.0,0.07,14.0,82.0,4.0,1.0,15.0,1.0,4.59090909090909,2.0,1.0,0.0,0.593110871905274,1.0,1.0,0.76316017,0.23683983
1452,44,2.0,0.0,1.0,1.0,0.0,0.0,1.0,1.0,6.0,5.0,95.0,0.07,4.0,82.0,4.0,1.0,15.0,1.0,4.59090909090909,2.0,1.0,0.0,0.593110871905274,1.0,1.0,0.7648005,0.23519951
1452,45,2.0,0.0,1.0,1.0,23.0,0.0,1.0,1.0,6.0,3.0,36.0,0.07,4.0,82.0,4.0,1.0,15.0,1.0,4.59090909090909,2.0,1.0,0.0,0.593110871905274,1.0,1.0,0.7360908,0.26390922
1452,46,2.0,0.0,1.0,1.0,0.0,0.0,1.0,1.0,6.0,11.0,36.0,0.07,4.0,82.0,4.0,1.0,15.0,1.0,1.5,2.0,1.0,0.0,0.593110871905274,0.0,1.0,0.56870395,0.43129605
1452,47,2.0,0.0,1.0,1.0,0.0,0.0,1.0,1.0,6.0,11.0,1.0,0.07,4.0,82.0,4.0,1.0,15.0,1.0,4.59090909090909,2.0,1.0,0.0,0.593110871905274,1.1,1.0,0.5757443,0.42425573
1452,48,6.0,0.0,1.0,1.0,0.0,0.0,1.0,1.0,6.0,3.0,36.0,0.07,4.0,82.0,4.0,1.0,15.0,1.0,4.59090909090909,2.0,1.0,0.0,0.593110871905274,1.0,1.0,0.8641679,0.13583204
1452,49,2.0,0.0,1.0,1.0,0.0,0.0,1.0,1.0,6.0,11.0,68.0,3.23,4.0,82.0,4.0,1.0,15.0,1.0,4.59090909090909,2.0,1.0,0.0,0.593110871905274,1.0,1.0,0.65003633,0.34996367
1452,50,19.0,0.0,1.0,1.0,0.0,0.0,1.0,1.0,2.0,11.0,36.0,0.07,4.0,82.0,4.0,1.0,15.0,1.0,4.59090909090909,2.0,1.0,0.0,0.593110871905274,1.0,1.0,0.64884585,0.35115415
1452,51,2.0,0.0,1.0,69.0,0.0,0.0,1.0,1.0,6.0,11.0,36.0,3.23,4.0,82.0,4.0,1.0,15.0,1.0,4.59090909090909,2.0,1.0,0.0,0.593110871905274,1.0,1.0,0.50402063,0.49597937
1452,52,2.0,0.0,1.0,1.0,0.0,0.0,1.0,1.0,6.0,11.0,36.0,0.07,4.0,82.0,4.0,1.0,2.0,1.0,4.59090909090909,2.0,1.0,0.0,0.593110871905274,1.0,1.0,0.6618546,0.33814535
1452,53,2.0,0.0,1.0,49.0,0.0,0.0,1.0,1.0,6.0,11.0,36.0,3.32,4.0,82.0,4.0,1.0,15.0,1.0,4.59090909090909,2.0,1.0,0.0,0.593110871905274,1.0,1.0,0.50402063,0.49597937
1452,54,2.0,0.0,1.0,1.0,0.0,0.0,1.0,1.0,2.0,11.0,36.0,1.86,4.0,82.0,4.0,1.0,15.0,1.0,4.59090909090909,2.0,1.0,0.0,0.593110871905274,1.0,1.0,0.81626546,0.18373452
1452,55,2.0,0.0,1.0,1.0,0.0,0.0,1.0,1.0,0.0,11.0,36.0,0.07,4.0,82.0,4.0,1.0,15.0,1.0,4.59090909090909,2.0,1.0,3.0,0.593110871905274,1.0,1.0,0.9068516,0.09314842
1452,56,2.0,0.0,1.0,1.0,0.0,0.0,1.0,1.0,6.0,5.0,36.0,0.07,4.0,82.0,4.0,1.0,15.0,1.0,4.59090909090909,2.0,1.0,0.0,0.4,1.0,1.0,0.5267047,0.47329527
1452,57,2.0,0.0,1.0,1.0,0.0,0.0,1.0,1.0,6.0,11.0,1.0,0.07,4.0,82.0,4.0,1.0,15.0,1.0,4.59090909090909,2.0,1.0,0.0,0.593110871905274,1.0,1.0,0.5757443,0.42425573
1452,58,14.0,0.0,1.0,1.0,0.0,0.0,1.0,1.0,6.0,4.0,36.0,0.07,4.0,82.0,4.0,1.0,15.0,1.0,4.59090909090909,2.0,1.0,0.0,0.593110871905274,1.0,1.0,0.84597784,0.15402214
1452,59,2.0,0.0,1.0,1.0,0.0,0.0,1.0,1.0,6.0,3.0,36.0,0.07,4.0,82.0,4.0,1.0,15.0,1.0,4.59090909090909,2.0,9.0,0.0,0.593110871905274,1.0,1.0,0.8226827,0.17731732
1452,60,2.0,0.0,1.0,61.0,0.0,0.0,1.0,1.0,6.0,11.0,36.0,4.32,4.0,82.0,4.0,1.0,15.0,1.0,4.59090909090909,2.0,1.0,0.0,0.593110871905274,1.0,1.0,0.50402063,0.49597937
1452,61,2.0,0.0,1.0,1.0,0.0,0.0,1.0,1.0,6.0,11.0,83.0,6.65,4.0,82.0,4.0,1.0,15.0,1.0,4.59090909090909,2.0,1.0,0.0,0.593110871905274,1.0,1.0,0.65003633,0.34996367
1452,62,2.0,0.0,1.0,1.0,0.0,0.0,1.0,1.0,6.0,11.0,36.0,4.16,4.0,82.0,4.0,1.0,15.0,1.0,29.0,2.0,1.0,0.0,0.593110871905274,1.0,1.0,0.5893503,0.41064972
1452,63,2.0,0.0,1.0,1.0,0.0,0.0,1.0,1.0,6.0,11.0,36.0,1.76,4.0,82.0,4.0,1.0,15.0,1.0,4.59090909090909,2.0,1.0,0.0,0.593110871905274,0.3,1.0,0.74199474,0.25800523
1452,64,2.0,0.0,1.0,1.0,0.0,0.0,1.0,1.0,6.0,0.0,36.0,0.07,4.0,82.0,4.0,43.0,15.0,1.0,4.59090909090909,2.0,1.0,0.0,0.593110871905274,1.0,1.0,0.76034963,0.23965035
1452,65,2.0,0.0,4.0,1.0,0.0,0.0,1.0,1.0,6.0,0.0,36.0,0.07,4.0,82.0,4.0,1.0,15.0,1.0,4.59090909090909,2.0,1.0,0.0,0.593110871905274,1.0,1.0,0.7310085,0.26899147
1452,66,2.0,0.0,1.0,1.0,0.0,0.0,1.0,1.0,6.0,11.0,36.0,4.89,4.0,82.0,4.0,1.0,15.0,1.0,34.2,2.0,1.0,0.0,0.593110871905274,1.0,1.0,0.5893503,0.41064972
1452,67,2.0,0.0,1.0,1.0,0.0,0.0,1.0,1.0,6.0,0.0,36.0,0.07,4.0,94.0,4.0,1.0,15.0,1.0,4.59090909090909,2.0,1.0,0.0,0.593110871905274,1.0,1.0,0.95618147,0.04381855
1452,68,2.0,0.0,1.0,1.0,0.0,0.0,1.0,1.0,6.0,11.0,0.0,0.07,4.0,82.0,4.0,1.0,27.0,1.0,4.59090909090909,2.0,1.0,0.0,0.593110871905274,1.0,1.0,0.53957295,0.46042702
1452,69,2.0,0.0,1.0,1.0,0.0,0.0,1.0,1.0,6.0,11.0,36.0,5.29,4.0,82.0,4.0,1.0,15.0,1.0,4.59090909090909,2.0,1.0,0.0,0.9,1.0,1.0,0.50061214,0.4993879
1452,70,2.0,0.0,1.0,1.0,0.0,0.0,1.0,1.0,6.0,11.0,36.0,4.09,4.0,82.0,4.0,1.0,4.0,1.0,4.59090909090909,2.0,1.0,0.0,0.593110871905274,1.0,1.0,0.95277953,0.047220476
1452,71,2.0,0.0,0.0,1.0,0.0,0.0,1.0,1.0,6.0,11.0,36.0,0.07,4.0,82.0,4.0,1.0,1.0,1.0,4.59090909090909,2.0,1.0,0.0,0.593110871905274,1.0,1.0,0.6618546,0.33814535
1452,72,2.0,0.0,1.0,75.0,0.0,0.0,1.0,1.0,6.0,11.0,36.0,6.53,4.0,82.0,4.0,1.0,15.0,1.0,4.59090909090909,2.0,1.0,0.0,0.593110871905274,1.0,1.0,0.50402063,0.49597937
1452,73,2.0,0.0,1.0,1.0,0.0,0.0,1.0,1.0,37.0,4.0,36.0,0.07,4.0,82.0,4.0,1.0,15.0,1.0,4.59090909090909,2.0,1.0,0.0,0.593110871905274,1.0,1.0,0.7979634,0.2020366
1452,74,2.0,0.0,1.0,1.0,0.0,0.0,1.0,1.0,6.0,0.0,36.0,0.07,4.0,82.0,8.0,1.0,15.0,1.0,4.59090909090909,2.0,1.0,0.0,0.593110871905274,1.0,1.0,0.83829975,0.16170026
1452,75,2.0,0.0,1.0,1.0,0.0,0.0,1.0,1.0,27.0,5.0,36.0,0.07,4.0,82.0,4.0,1.0,15.0,1.0,4.59090909090909,2.0,1.0,0.0,0.593110871905274,1.0,1.0,0.51647484,0.48352513
1452,76,2.0,0.0,1.0,1.0,0.0,0.0,1.0,1.0,6.0,11.0,2.0,0.07,4.0,82.0,4.0,1.0,15.0,1.0,4.59090909090909,2.0,1.0,0.0,0.593110871905274,1.0,1.0,0.53955245,0.46044752
1452,77,2.0,0.0,1.0,1.0,0.0,0.0,1.0,1.0,6.0,11.0,36.0,0.07,7.0,82.0,4.0,1.0,9.0,1.0,4.59090909090909,2.0,1.0,0.0,0.593110871905274,1.0,1.0,0.5920458,0.40795425
1452,78,2.0,0.0,1.0,1.0,45.0,0.0,1.0,1.0,6.0,3.0,36.0,0.07,4.0,82.0,4.0,1.0,15.0,1.0,4.59090909090909,2.0,1.0,0.0,0.593110871905274,1.0,1.0,0.7360908,0.26390922
1452,79,2.0,0.0,1.0,1.0,0.0,11.0,1.0,1.0,1.0,11.0,36.0,0.07,4.0,82.0,4.0,1.0,15.0,1.0,4.59090909090909,2.0,1.0,0.0,0.593110871905274,1.0,1.0,0.7374408,0.26255915
1452,80,2.0,0.0,1.0,1.0,0.0,0.0,1.0,1.0,1.0,11.0,36.0,0.07,4.0,82.0,4.0,1.0,15.0,1.0,4.59090909090909,2.0,1.0,0.0,0.593110871905274,1.0,1.0,0.82987875,0.17012125
1452,81,2.0,0.0,1.0,1.0,0.0,0.0,1.0,1.0,6.0,11.0,36.0,0.07,4.0,82.0,4.0,1.0,15.0,1.0,4.59090909090909,2.0,37.0,0.0,1.0,1.0,1.0,0.56506217,0.43493783
1452,82,2.0,0.0,1.0,1.0,0.0,0.0,1.0,1.0,6.0,11.0,36.0,0.07,4.0,82.0,4.0,1.0,7.0,1.0,4.59090909090909,2.0,1.0,0.0,0.5,1.0,1.0,0.55442154,0.44557846
1452,83,2.0,0.0,1.0,1.0,0.0,0.0,1.0,1.0,6.0,11.0,8.0,0.07,4.0,82.0,4.0,1.0,15.0,1.0,4.59090909090909,2.0,1.0,0.0,0.593110871905274,0.5,1.0,0.70024735,0.29975265
1452,84,2.0,0.0,1.0,1.0,0.0,0.0,1.0,1.0,3.0,11.0,36.0,0.07,4.0,7.0,4.0,1.0,15.0,1.0,4.59090909090909,2.0,1.0,0.0,0.593110871905274,1.0,1.0,0.61442214,0.38557786
1452,85,2.0,0.0,1.0,1.0,0.0,12.0,1.0,1.0,6.0,11.0,36.0,0.07,4.0,82.0,4.0,1.0,15.0,1.0,4.59090909090909,2.0,1.0,0.0,1.1,1.0,1.0,0.5430321,0.4569679
1452,86,2.0,0.0,1.0,1.0,0.0,0.0,1.0,1.0,6.0,11.0,36.0,2.04,4.0,82.0,4.0,1.0,15.0,1.0,14.1,2.0,1.0,0.0,0.593110871905274,1.0,1.0,0.64926106,0.35073894
1452,87,2.0,0.0,1.0,1.0,0.0,0.0,1.0,1.0,6.0,11.0,36.0,6.13,4.0,82.0,4.0,1.0,15.0,1.0,42.9,2.0,1.0,0.0,0.593110871905274,1.0,1.0,0.5893503,0.41064972
1452,88,2.0,0.0,1.0,1.0,0.0,0.0,1.0,1.0,1.0,11.0,36.0,6.88,4.0,82.0,4.0,1.0,15.0,1.0,4.59090909090909,2.0,1.0,0.0,0.593110871905274,1.0,1.0,0.9470855,0.052914523
1452,89,2.0,0.0,1.0,1.0,0.0,0.0,1.0,1.0,6.0,11.0,36.0,0.07,1.0,82.0,4.0,1.0,4.0,1.0,4.59090909090909,2.0,1.0,0.0,0.593110871905274,1.0,1.0,0.6547779,0.34522212
1452,90,2.0,0.0,1.0,1.0,20.0,0.0,1.0,1.0,0.0,11.0,36.0,0.07,4.0,82.0,4.0,1.0,15.0,1.0,4.59090909090909,2.0,1.0,0.0,0.593110871905274,1.0,1.0,0.7781852,0.2218148
1452,91,2.0,0.0,1.0,1.0,0.0,0.0,1.0,1.0,6.0,0.0,36.0,0.07,4.0,82.0,4.0,1.0,70.0,1.0,4.59090909090909,2.0,1.0,0.0,0.593110871905274,1.0,1.0,0.80148596,0.19851403
1452,92,2.0,0.0,1.0,1.0,0.0,0.0,1.0,1.0,6.0,11.0,1.0,0.07,4.0,82.0,3.0,1.0,15.0,1.0,4.59090909090909,2.0,1.0,0.0,0.593110871905274,1.0,1.0,0.5757443,0.42425573
1452,93,2.0,0.0,1.0,1.0,0.0,0.0,1.0,1.0,6.0,11.0,36.0,2.95,4.0,82.0,4.0,1.0,15.0,1.0,4.59090909090909,2.0,1.0,0.0,0.593110871905274,0.4,1.0,0.5563923,0.44360772
1452,94,2.0,0.0,1.0,1.0,0.0,0.0,1.0,1.0,2.0,11.0,115.0,0.07,4.0,82.0,4.0,1.0,15.0,1.0,4.59090909090909,2.0,1.0,0.0,0.593110871905274,1.0,1.0,0.75762725,0.24237275
1452,95,2.0,0.0,1.0,1.0,0.0,0.0,1.0,1.0,6.0,10.0,36.0,0.07,4.0,82.0,4.0,1.0,15.0,1.0,40.0,2.0,1.0,0.0,0.593110871905274,1.0,1.0,0.5048729,0.49512705
1452,96,2.0,0.0,1.0,1.0,0.0,0.0,1.0,1.0,6.0,11.0,74.0,4.52,4.0,82.0,4.0,1.0,15.0,1.0,4.59090909090909,2.0,1.0,0.0,0.593110871905274,1.0,1.0,0.65003633,0.34996367
1452,97,2.0,0.0,1.0,1.0,0.0,0.0,1.0,1.0,6.0,5.0,36.0,0.07,4.0,82.0,4.0,1.0,15.0,8.0,4.59090909090909,2.0,1.0,0.0,0.593110871905274,1.0,1.0,0.5501908,0.44980916
1452,98,2.0,0.0,1.0,1.0,0.0,0.0,1.0,1.0,6.0,11.0,124.0,5.21,4.0,82.0,4.0,1.0,15.0,1.0,4.59090909090909,2.0,1.0,0.0,0.593110871905274,1.0,1.0,0.65003633,0.34996367
1452,99,2.0,25.0,1.0,1.0,0.0,0.0,1.0,1.0,6.0,11.0,36.0,0.07,4.0,82.0,4.0,1.0,1.0,1.0,4.59090909090909,2.0,1.0,0.0,0.593110871905274,1.0,1.0,0.573058,0.42694202
1665,0,6.0,0.0,1.0,1.0,1.0,1.0,2.0,4.0,0.0,9.0,28.0,0.37,0.0,39.0,1.0,0.0,5.0,3.0,2.41176470588235,0.0,1.0,0.0,0.790523690773067,1.0,2.0,0.5980898,0.40191022
1665,1,6.0,31.0,1.0,1.0,1.0,1.0,2.0,4.0,0.0,9.0,49.0,0.37,0.0,86.0,1.0,0.0,5.0,3.0,2.41176470588235,0.0,1.0,0.0,0.790523690773067,1.0,2.0,0.5942384,0.4057616
1665,2,6.0,0.0,1.0,1.0,1.0,1.0,2.0,4.0,19.0,9.0,28.0,0.37,0.0,86.0,1.0,0.0,5.0,3.0,29.5,0.0,1.0,0.0,0.790523690773067,1.0,2.0,0.9679006,0.03209941
1665,3,6.0,27.0,1.0,1.0,1.0,1.0,2.0,4.0,0.0,9.0,28.0,0.37,0.0,48.0,1.0,0.0,5.0,3.0,2.41176470588235,0.0,1.0,0.0,0.790523690773067,1.0,2.0,0.5905328,0.40946725
1665,4,6.0,33.0,1.0,1.0,1.0,1.0,2.0,4.0,0.0,9.0,15.0,0.37,0.0,86.0,1.0,0.0,5.0,3.0,2.41176470588235,0.0,1.0,0.0,0.790523690773067,1.0,2.0,0.78984636,0.21015362
1665,5,6.0,0.0,1.0,1.0,1.0,1.0,2.0,4.0,0.0,9.0,28.0,0.37,0.0,21.0,1.0,0.0,5.0,3.0,2.41176470588235,0.0,1.0,0.0,0.790523690773067,1.0,2.0,0.53011715,0.46988285
1665,6,6.0,0.0,1.0,1.0,1.0,1.0,2.0,4.0,0.0,9.0,28.0,0.37,0.0,86.0,1.0,0.0,8.0,3.0,12.6,0.0,1.0,0.0,0.790523690773067,1.0,2.0,0.8390303,0.16096967
1665,7,6.0,0.0,1.0,1.0,1.0,1.0,12.0,4.0,0.0,9.0,28.0,0.37,0.0,86.0,1.0,0.0,5.0,3.0,19.0,0.0,1.0,0.0,0.790523690773067,1.0,2.0,0.7213316,0.2786684
1665,8,6.0,0.0,1.0,1.0,1.0,1.0,2.0,4.0,0.0,9.0,28.0,1.68,0.0,86.0,5.0,0.0,5.0,3.0,2.41176470588235,0.0,1.0,0.0,0.790523690773067,1.0,2.0,0.552256,0.44774404
1665,9,6.0,0.0,1.0,1.0,1.0,1.0,2.0,4.0,7.0,9.0,28.0,0.37,0.0,15.0,1.0,0.0,5.0,3.0,2.41176470588235,0.0,1.0,0.0,0.790523690773067,1.0,2.0,0.89242774,0.107572265
1665,10,6.0,0.0,1.0,1.0,1.0,1.0,2.0,4.0,30.0,9.0,28.0,0.37,0.0,86.0,1.0,0.0,5.0,3.0,2.41176470588235,39.0,1.0,0.0,0.790523690773067,1.0,2.0,0.6995542,0.30044582
1665,11,6.0,0.0,1.0,88.0,1.0,1.0,2.0,4.0,33.0,9.0,28.0,0.37,0.0,86.0,1.0,0.0,5.0,3.0,2.41176470588235,0.0,1.0,0.0,0.790523690773067,1.0,2.0,0.852648,0.147352
1665,12,6.0,0.0,1.0,1.0,1.0,1.0,2.0,4.0,0.0,9.0,28.0,0.37,0.0,86.0,1.0,5.0,5.0,3.0,2.41176470588235,0.0,1.0,0.0,1.0,1.0,2.0,0.92952466,0.07047533
1665,13,6.0,0.0,1.0,1.0,1.0,1.0,2.0,4.0,0.0,9.0,28.0,0.37,0.0,2.0,1.0,0.0,5.0,3.0,2.41176470588235,0.0,32.0,0.0,0.790523690773067,1.0,2.0,0.5896717,0.41032833
1665,14,6.0,0.0,1.0,1.0,1.0,1.0,2.0,4.0,0.0,9.0,8.0,0.37,0.0,86.0,1.0,0.0,5.0,3.0,2.41176470588235,0.0,1.0,0.0,0.790523690773067,1.0,2.0,0.9059376,0.09406238
1665,15,6.0,0.0,1.0,1.0,1.0,1.0,2.0,4.0,0.0,9.0,28.0,0.37,0.0,86.0,1.0,0.0,5.0,3.0,35.9,0.0,1.0,0.0,0.790523690773067,1.0,2.0,0.8186077,0.18139228
1665,16,6.0,0.0,1.0,1.0,1.0,1.0,2.0,4.0,0.0,9.0,28.0,5.66,0.0,86.0,1.0,0.0,5.0,3.0,39.6,0.0,1.0,0.0,0.790523690773067,1.0,2.0,0.58054507,0.41945493
1665,17,6.0,0.0,1.0,1.0,1.0,1.0,2.0,4.0,0.0,9.0,28.0,0.37,0.0,13.0,1.0,0.0,5.0,3.0,2.41176470588235,24.0,1.0,0.0,0.790523690773067,1.0,2.0,0.52287304,0.47712693
1665,18,6.0,0.0,1.0,1.0,1.0,0.0,2.0,4.0,0.0,9.0,28.0,0.37,0.0,86.0,4.0,0.0,5.0,3.0,2.41176470588235,0.0,1.0,0.0,0.790523690773067,1.0,2.0,0.5578942,0.44210583
1665,19,6.0,0.0,1.0,72.0,1.0,1.0,2.0,4.0,12.0,9.0,28.0,0.37,0.0,86.0,1.0,0.0,5.0,3.0,2.41176470588235,0.0,1.0,0.0,0.790523690773067,1.0,2.0,0.852648,0.147352
1665,20,6.0,0.0,1.0,1.0,1.0,1.0,2.0,4.0,0.0,9.0,136.0,0.37,0.0,86.0,1.0,0.0,5.0,3.0,21.0,0.0,1.0,0.0,0.790523690773067,1.0,2.0,0.93323326,0.06676672
1665,21,6.0,0.0,1.0,1.0,1.0,1.0,2.0,4.0,0.0,9.0,143.0,0.37,0.0,86.0,1.0,0.0,5.0,3.0,37.1,0.0,1.0,0.0,0.790523690773067,1.0,2.0,0.93323326,0.06676672
1665,22,6.0,0.0,1.0,1.0,1.0,1.0,2.0,4.0,35.0,9.0,28.0,4.18,0.0,86.0,1.0,0.0,5.0,3.0,2.41176470588235,0.0,1.0,0.0,0.790523690773067,1.0,2.0,0.5834886,0.41651142
1665,23,6.0,0.0,1.0,1.0,1.0,1.0,2.0,4.0,0.0,9.0,28.0,0.37,0.0,86.0,7.0,0.0,5.0,3.0,18.1,0.0,1.0,0.0,0.790523690773067,1.0,2.0,0.93898463,0.06101537
1665,24,6.0,0.0,1.0,15.0,1.0,1.0,2.0,4.0,0.0,9.0,28.0,0.37,0.0,15.0,1.0,0.0,5.0,3.0,2.41176470588235,0.0,1.0,0.0,0.790523690773067,1.0,2.0,0.6972952,0.3027048
1665,25,6.0,0.0,1.0,1.0,1.0,1.0,2.0,4.0,19.0,9.0,28.0,0.37,5.0,86.0,1.0,0.0,5.0,3.0,2.41176470588235,0.0,1.0,0.0,0.790523690773067,1.0,2.0,0.715577,0.28442296
1665,26,6.0,0.0,1.0,1.0,1.0,1.0,2.0,4.0,0.0,9.0,28.0,0.37,0.0,86.0,1.0,0.0,21.0,3.0,49.6,0.0,1.0,0.0,0.790523690773067,1.0,2.0,0.5303053,0.46969467
1665,27,6.0,34.0,1.0,1.0,1.0,1.0,2.0,4.0,0.0,9.0,28.0,0.37,0.0,86.0,1.0,0.0,5.0,3.0,33.6,0.0,1.0,0.0,0.790523690773067,1.0,2.0,0.8406741,0.15932591
1665,28,6.0,0.0,1.0,1.0,1.0,1.0,4.0,4.0,0.0,9.0,28.0,0.37,0.0,86.0,1.0,0.0,5.0,3.0,29.9,0.0,1.0,0.0,0.790523690773067,1.0,2.0,0.68504167,0.3149583
1665,29,6.0,0.0,1.0,1.0,1.0,1.0,2.0,4.0,0.0,9.0,28.0,0.37,0.0,6.0,1.0,0.0,5.0,3.0,2.41176470588235,0.0,1.0,0.0,0.790523690773067,1.0,2.0,0.5801037,0.4198963
1665,30,6.0,0.0,1.0,1.0,1.0,1.0,2.0,4.0,13.0,9.0,28.0,0.37,15.0,86.0,1.0,0.0,5.0,3.0,2.41176470588235,0.0,1.0,0.0,0.790523690773067,1.0,2.0,0.684387,0.31561297
1665,31,6.0,0.0,1.0,1.0,1.0,1.0,2.0,4.0,0.0,9.0,73.0,0.37,0.0,86.0,1.0,0.0,5.0,3.0,2.41176470588235,0.0,1.0,1.0,0.790523690773067,1.0,2.0,0.5392661,0.46073386
1665,32,6.0,0.0,1.0,86.0,1.0,1.0,2.0,4.0,13.0,9.0,28.0,0.37,0.0,86.0,1.0,0.0,5.0,3.0,2.41176470588235,0.0,1.0,0.0,0.790523690773067,1.0,2.0,0.852648,0.147352
1665,33,6.0,0.0,1.0,1.0,1.0,1.0,2.0,4.0,0.0,9.0,28.0,0.37,0.0,86.0,1.0,0.0,35.0,3.0,34.0,0.0,1.0,0.0,0.790523690773067,1.0,2.0,0.5303053,0.46969467
1665,34,6.0,0.0,1.0,1.0,1.0,1.0,2.0,4.0,0.0,9.0,28.0,0.37,0.0,86.0,1.0,0.0,5.0,3.0,36.8,0.0,1.0,0.0,0.790523690773067,1.0,0.0,0.7736591,0.22634086
1665,35,6.0,0.0,1.0,65.0,1.0,1.0,2.0,4.0,0.0,9.0,28.0,0.37,0.0,86.0,1.0,0.0,5.0,1.0,2.41176470588235,0.0,1.0,0.0,0.790523690773067,1.0,2.0,0.51234573,0.48765427
1665,36,6.0,0.0,1.0,1.0,1.0,1.0,2.0,4.0,0.0,9.0,65.0,0.37,0.0,86.0,1.0,0.0,5.0,3.0,2.41176470588235,0.0,1.0,0.0,0.5,1.0,2.0,0.70815516,0.29184484
1665,37,6.0,0.0,1.0,1.0,1.0,1.0,2.0,4.0,0.0,9.0,123.0,0.37,0.0,10.0,1.0,0.0,5.0,3.0,2.41176470588235,0.0,1.0,0.0,0.790523690773067,1.0,2.0,0.8674734,0.13252658
1665,38,6.0,0.0,1.0,1.0,1.0,1.0,2.0,4.0,0.0,9.0,28.0,0.08,0.0,86.0,1.0,0.0,5.0,3.0,2.41176470588235,0.0,1.0,0.0,0.790523690773067,1.0,2.0,0.53399044,0.46600956
1665,39,6.0,0.0,1.0,1.0,1.0,1.0,2.0,4.0,0.0,9.0,28.0,0.37,0.0,86.0,5.0,0.0,5.0,3.0,2.41176470588235,0.0,1.0,3.0,0.790523690773067,1.0,2.0,0.5278028,0.4721972
1665,40,6.0,0.0,1.0,1.0,1.0,1.0,2.0,4.0,0.0,9.0,28.0,0.37,0.0,86.0,1.0,0.0,5.0,8.0,2.41176470588235,0.0,1.0,0.0,1.1,1.0,2.0,0.75811446,0.24188554
1665,41,6.0,0.0,1.0,1.0,1.0,1.0,2.0,4.0,0.0,9.0,28.0,0.37,0.0,86.0,1.0,0.0,5.0,3.0,19.8,0.0,1.0,0.0,0.790523690773067,1.0,2.0,0.8186077,0.18139228
1665,42,6.0,0.0,1.0,1.0,1.0,1.0,8.0,4.0,32.0,9.0,28.0,0.37,0.0,86.0,1.0,0.0,5.0,3.0,2.41176470588235,0.0,1.0,0.0,0.790523690773067,1.0,2.0,0.73073626,0.26926377
1665,43,6.0,0.0,1.0,31.0,1.0,1.0,2.0,4.0,0.0,9.0,28.0,0.37,0.0,86.0,1.0,0.0,5.0,3.0,28.8,0.0,1.0,0.0,0.790523690773067,1.0,2.0,0.92058533,0.079414666
1665,44,6.0,0.0,1.0,1.0,1.0,1.0,2.0,4.0,0.0,9.0,28.0,0.37,0.0,86.0,1.0,0.0,5.0,3.0,47.4,0.0,1.0,0.0,0.790523690773067,1.0,2.0,0.8186077,0.18139228
1665,45,6.0,0.0,1.0,1.0,1.0,1.0,2.0,4.0,0.0,14.0,28.0,0.37,0.0,86.0,1.0,0.0,5.0,3.0,51.8,0.0,1.0,0.0,0.790523690773067,1.0,2.0,0.7836856,0.21631436
1665,46,6.0,0.0,1.0,1.0,1.0,1.0,2.0,4.0,0.0,9.0,28.0,2.04,0.0,86.0,1.0,0.0,5.0,3.0,14.1,0.0,1.0,0.0,0.790523690773067,1.0,2.0,0.60829234,0.3917077
1665,47,6.0,0.0,1.0,1.0,1.0,1.0,2.0,4.0,0.0,9.0,28.0,0.37,5.0,86.0,4.0,0.0,5.0,3.0,2.41176470588235,0.0,1.0,0.0,0.790523690773067,1.0,2.0,0.5209807,0.47901925
1665,48,6.0,0.0,1.0,1.0,1.0,1.0,2.0,4.0,0.0,9.0,42.0,0.37,0.0,86.0,1.0,0.0,5.0,3.0,2.41176470588235,0.0,1.0,0.0,0.5,1.0,2.0,0.70815516,0.29184484
1665,49,6.0,0.0,1.0,1.0,1.0,1.0,2.0,4.0,0.0,9.0,28.0,0.37,0.0,29.0,1.0,0.0,5.0,3.0,2.41176470588235,0.0,1.0,0.0,0.790523690773067,1.0,2.0,0.5980898,0.40191022
1665,50,6.0,0.0,1.0,1.0,1.0,1.0,2.0,4.0,9.0,9.0,28.0,0.37,0.0,86.0,1.0,0.0,5.0,3.0,2.41176470588235,0.0,1.0,0.0,0.790523690773067,1.0,1.0,0.72209716,0.27790284
1665,51,6.0,0.0,1.0,1.0,1.0,1.0,2.0,4.0,0.0,9.0,28.0,0.09,0.0,83.0,1.0,0.0,5.0,3.0,2.41176470588235,0.0,1.0,0.0,0.790523690773067,1.0,2.0,0.6103242,0.3896758
1665,52,6.0,0.0,1.0,80.0,1.0,1.0,2.0,4.0,0.0,9.0,28.0,0.37,2.0,86.0,1.0,0.0,5.0,3.0,2.41176470588235,0.0,1.0,0.0,0.790523690773067,1.0,2.0,0.51880836,0.48119164
1665,53,6.0,10.0,1.0,1.0,1.0,1.0,2.0,4.0,0.0,9.0,28.0,0.37,0.0,86.0,1.0,40.0,5.0,3.0,2.41176470588235,0.0,1.0,0.0,0.790523690773067,1.0,2.0,0.6060662,0.39393374
1665,54,6.0,0.0,1.0,1.0,1.0,1.0,2.0,4.0,12.0,9.0,105.0,0.37,0.0,86.0,1.0,0.0,5.0,3.0,2.41176470588235,0.0,1.0,0.0,0.790523690773067,1.0,2.0,0.9269144,0.07308562
1665,55,6.0,0.0,1.0,1.0,0.0,1.0,2.0,4.0,0.0,9.0,28.0,0.37,0.0,86.0,1.0,13.0,5.0,3.0,2.41176470588235,0.0,1.0,0.0,0.790523690773067,1.0,2.0,0.66107607,0.3389239
1665,56,19.0,0.0,1.0,1.0,1.0,1.0,2.0,4.0,33.0,9.0,28.0,0.37,0.0,86.0,1.0,0.0,5.0,3.0,2.41176470588235,0.0,1.0,0.0,0.790523690773067,1.0,2.0,0.77193654,0.22806345
1665,57,6.0,0.0,1.0,37.0,1.0,1.0,2.0,4.0,0.0,9.0,28.0,0.37,0.0,50.0,1.0,0.0,5.0,3.0,2.41176470588235,0.0,1.0,0.0,0.790523690773067,1.0,2.0,0.6144345,0.38556552
1665,58,6.0,0.0,1.0,1.0,1.0,1.0,2.0,4.0,0.0,9.0,2.0,0.37,0.0,86.0,1.0,0.0,5.0,3.0,2.41176470588235,0.0,1.0,0.0,0.4,1.0,2.0,0.9288522,0.071147785
1665,59,6.0,0.0,1.0,1.0,1.0,1.0,2.0,3.0,0.0,9.0,28.0,0.37,0.0,86.0,1.0,0.0,5.0,3.0,33.0,0.0,1.0,0.0,0.790523690773067,1.0,2.0,0.89607155,0.103928424
1665,60,6.0,19.0,1.0,1.0,1.0,1.0,2.0,4.0,0.0,9.0,28.0,0.37,0.0,86.0,1.0,0.0,5.0,3.0,49.8,0.0,1.0,0.0,0.790523690773067,1.0,2.0,0.8406741,0.15932591
1665,61,6.0,0.0,1.0,1.0,1.0,1.0,2.0,4.0,0.0,9.0,28.0,0.12,0.0,86.0,1.0,0.0,5.0,3.0,2.41176470588235,0.0,1.0,0.0,0.790523690773067,1.0,2.0,0.53399044,0.46600956
1665,62,6.0,0.0,1.0,1.0,42.0,1.0,2.0,4.0,36.0,9.0,28.0,0.37,0.0,86.0,1.0,0.0,5.0,3.0,2.41176470588235,0.0,1.0,0.0,0.790523690773067,1.0,2.0,0.7789104,0.22108957
1665,63,6.0,0.0,1.0,1.0,1.0,1.0,2.0,4.0,0.0,9.0,8.0,0.37,0.0,86.0,1.0,29.0,5.0,3.0,2.41176470588235,0.0,1.0,0.0,0.790523690773067,1.0,2.0,0.9527234,0.047276597
1665,64,6.0,0.0,1.0,1.0,1.0,1.0,2.0,4.0,0.0,9.0,28.0,0.37,0.0,86.0,1.0,0.0,5.0,3.0,51.9,0.0,1.0,0.0,0.790523690773067,1.0,2.0,0.8186077,0.18139228
1665,65,6.0,0.0,1.0,1.0,1.0,1.0,2.0,4.0,12.0,9.0,28.0,0.37,0.0,86.0,1.0,0.0,5.0,3.0,2.41176470588235,0.0,1.0,3.0,0.790523690773067,1.0,2.0,0.80520624,0.19479376
1665,66,6.0,0.0,1.0,1.0,1.0,1.0,2.0,4.0,0.0,0.0,28.0,0.37,0.0,86.0,1.0,43.0,5.0,3.0,2.41176470588235,0.0,1.0,0.0,0.790523690773067,1.0,2.0,0.7119646,0.2880354
1665,67,6.0,0.0,1.0,1.0,1.0,1.0,2.0,4.0,21.0,9.0,28.0,0.37,11.0,86.0,1.0,0.0,5.0,3.0,2.41176470588235,0.0,1.0,0.0,0.790523690773067,1.0,2.0,0.684387,0.31561297
1665,68,6.0,0.0,1.0,1.0,1.0,1.0,2.0,4.0,27.0,9.0,28.0,5.03,0.0,86.0,1.0,0.0,5.0,3.0,2.41176470588235,0.0,1.0,0.0,0.790523690773067,1.0,2.0,0.5834886,0.41651142
1665,69,6.0,0.0,1.0,1.0,1.0,1.0,2.0,4.0,0.0,9.0,28.0,0.37,0.0,86.0,1.0,22.0,5.0,3.0,2.41176470588235,0.0,23.0,0.0,0.790523690773067,1.0,2.0,0.6189606,0.3810394
1665,70,0.0,0.0,1.0,1.0,1.0,1.0,2.0,4.0,7.0,9.0,28.0,0.37,0.0,86.0,1.0,0.0,5.0,3.0,2.41176470588235,0.0,1.0,0.0,0.790523690773067,1.0,2.0,0.7696028,0.23039722
1665,71,6.0,0.0,1.0,1.0,1.0,1.0,2.0,4.0,0.0,9.0,8.0,0.37,0.0,86.0,1.0,0.0,5.0,3.0,2.41176470588235,0.0,12.0,0.0,0.790523690773067,1.0,2.0,0.9488759,0.05112411
1665,72,6.0,0.0,1.0,1.0,1.0,1.0,2.0,4.0,0.0,9.0,28.0,0.37,0.0,86.0,1.0,0.0,5.0,3.0,14.3,0.0,1.0,0.0,0.790523690773067,1.0,2.0,0.8186077,0.18139228
1665,73,6.0,16.0,1.0,1.0,1.0,1.0,2.0,4.0,0.0,9.0,28.0,0.37,0.0,50.0,1.0,0.0,5.0,3.0,2.41176470588235,0.0,1.0,0.0,0.790523690773067,1.0,2.0,0.5905328,0.40946725
1665,74,6.0,0.0,1.0,1.0,1.0,1.0,2.0,16.0,0.0,9.0,28.0,0.37,0.0,86.0,1.0,0.0,5.0,3.0,45.8,0.0,1.0,0.0,0.790523690773067,1.0,2.0,0.6643528,0.3356472
1665,75,6.0,39.0,1.0,1.0,1.0,1.0,2.0,4.0,0.0,9.0,28.0,0.37,0.0,86.0,1.0,0.0,5.0,3.0,2.41176470588235,0.0,32.0,0.0,0.790523690773067,1.0,2.0,0.5089593,0.49104074
1665,76,6.0,0.0,1.0,1.0,1.0,1.0,2.0,4.0,0.0,9.0,28.0,0.37,0.0,86.0,4.0,0.0,5.0,3.0,31.5,0.0,1.0,0.0,0.790523690773067,1.0,2.0,0.8911607,0.1088393
1665,77,6.0,0.0,1.0,1.0,1.0,1.0,2.0,4.0,0.0,9.0,28.0,0.37,0.0,77.0,1.0,0.0,5.0,3.0,2.41176470588235,0.0,15.0,0.0,0.790523690773067,1.0,2.0,0.5171197,0.4828803
1665,78,6.0,0.0,1.0,1.0,1.0,1.0,2.0,4.0,0.0,9.0,28.0,7.33,0.0,86.0,1.0,15.0,5.0,3.0,2.41176470588235,0.0,1.0,0.0,0.790523690773067,1.0,2.0,0.56296146,0.4370385
1665,79,6.0,5.0,1.0,1.0,1.0,1.0,2.0,4.0,0.0,9.0,28.0,0.37,0.0,86.0,5.0,0.0,5.0,3.0,2.41176470588235,0.0,1.0,0.0,0.790523690773067,1.0,2.0,0.6393012,0.3606988
1665,80,6.0,0.0,1.0,1.0,1.0,1.0,2.0,4.0,0.0,9.0,28.0,0.37,0.0,86.0,5.0,45.0,5.0,3.0,2.41176470588235,0.0,1.0,0.0,0.790523690773067,1.0,2.0,0.6763248,0.32367522
1665,81,6.0,0.0,1.0,1.0,1.0,1.0,2.0,4.0,0.0,9.0,114.0,0.37,11.0,86.0,1.0,0.0,5.0,3.0,2.41176470588235,0.0,1.0,0.0,0.790523690773067,1.0,2.0,0.6042061,0.39579394
1665,82,6.0,0.0,1.0,1.0,1.0,1.0,2.0,4.0,25.0,9.0,28.0,0.37,0.0,86.0,1.0,0.0,5.0,3.0,2.41176470588235,0.0,1.0,3.0,0.790523690773067,1.0,2.0,0.80520624,0.19479376
1665,83,6.0,0.0,1.0,1.0,1.0,1.0,2.0,4.0,18.0,9.0,28.0,0.37,0.0,86.0,1.0,0.0,5.0,0.0,2.41176470588235,0.0,1.0,0.0,0.790523690773067,1.0,2.0,0.79631233,0.2036877
1665,84,12.0,0.0,1.0,1.0,1.0,1.0,2.0,4.0,15.0,9.0,28.0,0.37,0.0,86.0,1.0,0.0,5.0,3.0,2.41176470588235,0.0,1.0,0.0,0.790523690773067,1.0,2.0,0.77193654,0.22806345
1665,85,6.0,0.0,1.0,1.0,1.0,1.0,2.0,4.0,0.0,9.0,28.0,0.37,0.0,86.0,1.0,0.0,5.0,3.0,15.8,0.0,1.0,0.0,0.790523690773067,1.0,2.0,0.8186077,0.18139228
1665,86,6.0,0.0,1.0,1.0,1.0,1.0,2.0,4.0,0.0,9.0,63.0,0.37,0.0,86.0,1.0,0.0,5.0,3.0,22.5,0.0,1.0,0.0,0.790523690773067,1.0,2.0,0.93323326,0.06676672
1665,87,6.0,30.0,1.0,1.0,1.0,1.0,2.0,4.0,0.0,9.0,28.0,0.37,0.0,86.0,1.0,41.0,5.0,3.0,2.41176470588235,0.0,1.0,0.0,0.790523690773067,1.0,2.0,0.6060662,0.39393374
1665,88,6.0,0.0,1.0,1.0,1.0,1.0,2.0,4.0,0.0,9.0,28.0,0.37,0.0,86.0,1.0,0.0,5.0,3.0,47.7,0.0,1.0,0.0,0.790523690773067,1.0,2.0,0.8186077,0.18139228
1665,89,6.0,0.0,1.0,1.0,1.0,1.0,2.0,12.0,0.0,9.0,28.0,0.37,0.0,86.0,1.0,0.0,5.0,3.0,15.4,0.0,1.0,0.0,0.790523690773067,1.0,2.0,0.6643528,0.3356472
1665,90,6.0,0.0,1.0,1.0,1.0,1.0,2.0,4.0,0.0,9.0,28.0,1.42,0.0,7.0,1.0,0.0,5.0,3.0,2.41176470588235,0.0,1.0,0.0,0.790523690773067,1.0,2.0,0.6331732,0.36682677
1665,91,6.0,24.0,1.0,1.0,1.0,1.0,2.0,4.0,0.0,9.0,28.0,0.37,0.0,86.0,1.0,0.0,5.0,3.0,16.5,0.0,1.0,0.0,0.790523690773067,1.0,2.0,0.8406741,0.15932591
1665,92,6.0,0.0,1.0,1.0,1.0,1.0,2.0,4.0,0.0,9.0,28.0,0.37,0.0,86.0,1.0,0.0,5.0,3.0,34.1,0.0,1.0,0.0,0.790523690773067,1.0,2.0,0.8186077,0.18139228
1665,93,6.0,0.0,1.0,1.0,19.0,1.0,2.0,4.0,0.0,9.0,28.0,0.37,0.0,86.0,1.0,0.0,5.0,3.0,9.9,0.0,1.0,0.0,0.790523690773067,1.0,2.0,0.8135209,0.1864791
1665,94,6.0,0.0,1.0,1.0,1.0,1.0,2.0,4.0,0.0,9.0,28.0,0.37,0.0,86.0,1.0,0.0,5.0,3.0,34.7,0.0,1.0,0.0,0.790523690773067,1.0,2.0,0.8186077,0.18139228
1665,95,6.0,0.0,1.0,1.0,1.0,1.0,2.0,4.0,0.0,9.0,28.0,0.37,0.0,28.0,1.0,0.0,5.0,3.0,2.41176470588235,0.0,1.0,0.0,0.790523690773067,1.0,2.0,0.5980898,0.40191022
1665,96,6.0,0.0,1.0,1.0,1.0,1.0,2.0,4.0,0.0,9.0,28.0,0.37,0.0,86.0,1.0,0.0,5.0,3.0,13.7,0.0,1.0,0.0,0.5,1.0,2.0,0.9320205,0.06797952
1665,97,6.0,22.0,1.0,91.0,1.0,1.0,2.0,4.0,0.0,9.0,28.0,0.37,0.0,86.0,1.0,0.0,5.0,3.0,2.41176470588235,0.0,1.0,0.0,0.790523690773067,1.0,2.0,0.60347986,0.39652017
1665,98,6.0,0.0,1.0,1.0,1.0,1.0,2.0,4.0,0.0,9.0,28.0,3.56,0.0,86.0,7.0,0.0,5.0,3.0,2.41176470588235,0.0,1.0,0.0,0.790523690773067,1.0,2.0,0.6201201,0.3798799
1665,99,6.0,0.0,1.0,1.0,1.0,1.0,2.0,4.0,39.0,9.0,28.0,0.37,0.0,86.0,1.0,0.0,5.0,3.0,2.41176470588235,0.0,1.0,0.0,0.790523690773067,1.0,2.0,0.77193654,0.22806345
1667,0,0.0,0.0,2.0,0.0,0.0,4.0,3.0,2.0,0.0,6.0,16.0,0.49,0.0,81.0,6.0,45.0,9.0,2.0,2.9375,1.0,1.0,0.0,0.7217125382263,1.0,1.0,0.7496363,0.25036374
1667,1,0.0,0.0,2.0,0.0,0.0,4.0,3.0,2.0,0.0,6.0,16.0,0.49,0.0,81.0,2.0,0.0,9.0,2.0,49.9,1.0,1.0,0.0,0.7217125382263,1.0,1.0,0.86297536,0.13702463
1667,2,0.0,0.0,2.0,0.0,0.0,4.0,3.0,2.0,0.0,6.0,77.0,0.49,0.0,81.0,1.0,0.0,9.0,2.0,2.9375,1.0,1.0,0.0,0.7217125382263,1.0,1.0,0.6390016,0.3609984
1667,3,0.0,0.0,2.0,0.0,0.0,4.0,3.0,2.0,0.0,6.0,16.0,0.49,0.0,81.0,2.0,0.0,9.0,2.0,2.9375,1.0,1.0,0.0,0.8,1.0,1.0,0.7223346,0.27766535
1667,4,0.0,0.0,2.0,0.0,0.0,4.0,3.0,12.0,0.0,6.0,16.0,5.88,0.0,81.0,2.0,0.0,9.0,2.0,2.9375,1.0,1.0,0.0,0.7217125382263,1.0,1.0,0.6812464,0.31875357
1667,5,0.0,0.0,2.0,0.0,0.0,4.0,3.0,2.0,0.0,6.0,16.0,4.02,0.0,81.0,2.0,0.0,9.0,2.0,2.9375,18.0,1.0,0.0,0.7217125382263,1.0,1.0,0.7150054,0.28499457
1667,6,0.0,0.0,2.0,0.0,0.0,4.0,3.0,2.0,0.0,6.0,16.0,0.49,0.0,81.0,2.0,0.0,9.0,2.0,2.9375,1.0,37.0,1.0,0.7217125382263,1.0,1.0,0.6383648,0.36163518
1667,7,0.0,0.0,2.0,0.0,0.0,4.0,3.0,2.0,30.0,6.0,16.0,0.49,0.0,81.0,2.0,0.0,9.0,2.0,2.9375,1.0,1.0,0.0,0.7217125382263,1.0,1.0,0.5273143,0.47268572
1667,8,0.0,0.0,2.0,0.0,0.0,4.0,3.0,2.0,0.0,6.0,79.0,0.49,0.0,81.0,2.0,0.0,9.0,2.0,2.9375,1.0,1.0,0.0,0.7217125382263,1.0,1.0,0.58442795,0.41557208
1667,9,0.0,0.0,2.0,0.0,0.0,4.0,3.0,2.0,0.0,6.0,16.0,3.98,0.0,81.0,2.0,0.0,9.0,2.0,2.9375,1.0,1.0,0.0,0.7217125382263,1.0,1.0,0.79590786,0.20409217
1667,10,0.0,20.0,2.0,0.0,0.0,4.0,3.0,2.0,0.0,6.0,16.0,0.49,0.0,81.0,2.0,0.0,9.0,2.0,2.9375,1.0,11.0,0.0,0.7217125382263,1.0,1.0,0.5442823,0.45571765
1667,11,0.0,0.0,2.0,0.0,0.0,4.0,3.0,2.0,0.0,6.0,16.0,0.49,0.0,81.0,2.0,0.0,9.0,2.0,2.9375,1.0,21.0,0.0,0.7217125382263,1.0,1.0,0.5910713,0.4089287
1667,12,0.0,0.0,2.0,0.0,0.0,4.0,3.0,2.0,0.0,6.0,112.0,0.49,0.0,81.0,2.0,0.0,9.0,2.0,2.9375,1.0,1.0,0.0,0.7217125382263,1.0,1.0,0.58442795,0.41557208
1667,13,0.0,10.0,2.0,0.0,0.0,4.0,3.0,2.0,0.0,6.0,131.0,0.49,0.0,81.0,2.0,0.0,9.0,2.0,2.9375,1.0,1.0,0.0,0.7217125382263,1.0,1.0,0.5273004,0.47269958
1667,14,0.0,0.0,2.0,0.0,0.0,2.0,3.0,2.0,0.0,6.0,16.0,0.49,0.0,81.0,2.0,0.0,9.0,2.0,2.9375,1.0,1.0,0.0,0.7217125382263,1.0,1.0,0.6521293,0.34787068
1667,15,0.0,0.0,2.0,0.0,0.0,1.0,3.0,2.0,0.0,6.0,16.0,0.49,14.0,81.0,2.0,0.0,9.0,2.0,2.9375,1.0,1.0,0.0,0.7217125382263,1.0,1.0,0.7824937,0.21750627
1667,16,0.0,0.0,2.0,0.0,0.0,4.0,3.0,2.0,0.0,6.0,16.0,0.49,0.0,3.0,2.0,0.0,9.0,2.0,2.9375,9.0,1.0,0.0,0.7217125382263,1.0,1.0,0.63623077,0.36376923
1667,17,0.0,0.0,2.0,0.0,0.0,4.0,10.0,2.0,35.0,6.0,16.0,0.49,0.0,81.0,2.0,0.0,9.0,2.0,2.9375,1.0,1.0,0.0,0.7217125382263,1.0,1.0,0.6442789,0.3557211
1667,18,0.0,0.0,2.0,0.0,0.0,4.0,3.0,2.0,0.0,6.0,16.0,0.49,14.0,14.0,2.0,0.0,9.0,2.0,2.9375,1.0,1.0,0.0,0.7217125382263,1.0,1.0,0.5797428,0.4202572
1667,19,0.0,0.0,2.0,0.0,0.0,4.0,3.0,2.0,0.0,6.0,16.0,0.49,6.0,81.0,2.0,0.0,9.0,2.0,2.9375,1.0,1.0,2.0,0.7217125382263,1.0,1.0,0.5868253,0.4131747
1667,20,0.0,0.0,2.0,0.0,0.0,15.0,3.0,2.0,0.0,6.0,16.0,4.34,0.0,81.0,2.0,0.0,9.0,2.0,2.9375,1.0,1.0,0.0,0.7217125382263,1.0,1.0,0.79590786,0.20409217
1667,21,0.0,0.0,2.0,0.0,0.0,2.0,3.0,3.0,0.0,6.0,16.0,0.49,0.0,81.0,2.0,0.0,9.0,2.0,2.9375,1.0,1.0,0.0,0.7217125382263,1.0,1.0,0.80149364,0.19850634
1667,22,0.0,0.0,2.0,0.0,0.0,4.0,3.0,2.0,0.0,6.0,16.0,0.49,0.0,81.0,2.0,0.0,9.0,2.0,22.8,1.0,1.0,0.0,0.7217125382263,1.0,1.0,0.86297536,0.13702463
1667,23,0.0,0.0,2.0,0.0,0.0,4.0,3.0,2.0,0.0,6.0,52.0,0.49,1.0,81.0,2.0,0.0,9.0,2.0,2.9375,1.0,1.0,0.0,0.7217125382263,1.0,1.0,0.58442795,0.41557208
1667,24,0.0,0.0,2.0,0.0,0.0,4.0,3.0,2.0,0.0,6.0,16.0,7.06,0.0,64.0,2.0,0.0,9.0,2.0,2.9375,1.0,1.0,0.0,0.7217125382263,1.0,1.0,0.8156036,0.1843964
1667,25,0.0,0.0,2.0,0.0,0.0,4.0,3.0,2.0,0.0,6.0,16.0,0.49,0.0,15.0,2.0,0.0,9.0,2.0,2.9375,1.0,16.0,0.0,0.7217125382263,1.0,1.0,0.7039863,0.29601368
1667,26,0.0,0.0,2.0,0.0,0.0,4.0,3.0,2.0,0.0,6.0,16.0,7.19,0.0,81.0,2.0,0.0,9.0,2.0,2.9375,1.0,1.0,0.0,0.7217125382263,1.0,1.0,0.79590786,0.20409217
1667,27,0.0,0.0,2.0,0.0,0.0,4.0,3.0,2.0,0.0,6.0,16.0,0.49,0.0,81.0,2.0,0.0,9.0,2.0,47.8,1.0,1.0,0.0,0.7217125382263,1.0,1.0,0.86297536,0.13702463
1667,28,0.0,0.0,2.0,0.0,0.0,4.0,3.0,2.0,0.0,6.0,16.0,0.49,0.0,81.0,2.0,0.0,9.0,2.0,39.5,1.0,1.0,0.0,0.7217125382263,1.0,1.0,0.86297536,0.13702463
1667,29,0.0,0.0,2.0,0.0,0.0,4.0,0.0,2.0,0.0,6.0,16.0,0.49,0.0,81.0,2.0,0.0,9.0,2.0,2.9375,0.0,1.0,0.0,0.7217125382263,1.0,1.0,0.70449615,0.29550385
1667,30,0.0,0.0,2.0,0.0,0.0,4.0,3.0,2.0,0.0,6.0,16.0,4.24,0.0,81.0,2.0,0.0,9.0,2.0,2.9375,1.0,1.0,0.0,0.7217125382263,1.0,1.0,0.79590786,0.20409217
1667,31,0.0,0.0,2.0,0.0,0.0,4.0,3.0,2.0,10.0,6.0,16.0,7.32,0.0,81.0,2.0,0.0,9.0,2.0,2.9375,1.0,1.0,0.0,0.7217125382263,1.0,1.0,0.7494769,0.25052306
1667,32,0.0,0.0,2.0,0.0,0.0,4.0,3.0,2.0,0.0,6.0,16.0,1.42,0.0,81.0,2.0,0.0,9.0,2.0,2.9375,14.0,1.0,0.0,0.7217125382263,1.0,1.0,0.6191286,0.38087144
1667,33,0.0,0.0,2.0,0.0,0.0,4.0,3.0,2.0,0.0,6.0,92.0,0.49,0.0,81.0,2.0,0.0,9.0,2.0,22.0,1.0,1.0,0.0,0.7217125382263,1.0,1.0,0.8922913,0.1077087
1667,34,0.0,0.0,2.0,0.0,0.0,11.0,3.0,2.0,0.0,6.0,16.0,0.49,0.0,81.0,2.0,0.0,9.0,2.0,2.9375,1.0,23.0,0.0,0.7217125382263,1.0,1.0,0.5910713,0.4089287
1667,35,0.0,0.0,2.0,0.0,0.0,4.0,3.0,2.0,0.0,6.0,16.0,0.49,0.0,81.0,2.0,0.0,9.0,2.0,15.1,1.0,1.0,0.0,0.7217125382263,1.0,1.0,0.86297536,0.13702463
1667,36,0.0,0.0,2.0,0.0,0.0,1.0,3.0,2.0,0.0,6.0,16.0,0.49,0.0,58.0,2.0,0.0,9.0,2.0,2.9375,1.0,1.0,0.0,0.7217125382263,1.0,1.0,0.77241164,0.22758836
1667,37,0.0,0.0,2.0,0.0,28.0,4.0,3.0,2.0,0.0,6.0,16.0,0.49,0.0,81.0,2.0,0.0,9.0,2.0,2.9375,1.0,1.0,0.0,1.0,1.0,1.0,0.99362695,0.006373027
1667,38,14.0,0.0,2.0,16.0,0.0,4.0,3.0,2.0,0.0,6.0,16.0,0.49,0.0,81.0,2.0,0.0,9.0,2.0,2.9375,1.0,1.0,0.0,0.7217125382263,1.0,1.0,0.6405593,0.35944068
1667,39,0.0,0.0,2.0,0.0,0.0,4.0,13.0,2.0,0.0,6.0,16.0,0.49,0.0,91.0,2.0,0.0,9.0,2.0,2.9375,1.0,1.0,0.0,0.7217125382263,1.0,1.0,0.6898017,0.3101983
1667,40,0.0,0.0,2.0,0.0,0.0,4.0,4.0,2.0,0.0,6.0,16.0,0.49,0.0,81.0,7.0,0.0,9.0,2.0,2.9375,1.0,1.0,0.0,0.7217125382263,1.0,1.0,0.6094986,0.39050138
1667,41,0.0,0.0,2.0,0.0,0.0,4.0,3.0,2.0,0.0,6.0,143.0,0.49,0.0,81.0,2.0,0.0,9.0,2.0,37.1,1.0,1.0,0.0,0.7217125382263,1.0,1.0,0.8922913,0.1077087
1667,42,0.0,0.0,2.0,60.0,0.0,4.0,11.0,2.0,0.0,6.0,16.0,0.49,0.0,81.0,2.0,0.0,9.0,2.0,2.9375,1.0,1.0,0.0,0.7217125382263,1.0,1.0,0.8565248,0.14347515
1667,43,0.0,0.0,2.0,0.0,0.0,4.0,3.0,2.0,0.0,6.0,16.0,0.49,0.0,81.0,2.0,0.0,9.0,2.0,11.8,1.0,1.0,0.0,0.7217125382263,1.0,1.0,0.86297536,0.13702463
1667,44,0.0,0.0,2.0,0.0,0.0,4.0,3.0,2.0,0.0,6.0,16.0,0.49,0.0,6.0,2.0,0.0,9.0,7.0,2.9375,1.0,1.0,0.0,0.7217125382263,1.0,1.0,0.5194873,0.48051268
1667,45,0.0,0.0,2.0,0.0,0.0,4.0,10.0,2.0,0.0,6.0,16.0,0.49,0.0,81.0,7.0,0.0,9.0,2.0,2.9375,1.0,1.0,0.0,0.7217125382263,1.0,1.0,0.6500462,0.3499538
1667,46,0.0,0.0,2.0,0.0,0.0,4.0,3.0,2.0,0.0,6.0,16.0,0.49,0.0,81.0,2.0,0.0,9.0,2.0,35.9,1.0,1.0,0.0,0.7217125382263,1.0,1.0,0.86297536,0.13702463
1667,47,0.0,0.0,2.0,0.0,0.0,4.0,3.0,2.0,0.0,6.0,16.0,0.49,0.0,96.0,2.0,0.0,9.0,2.0,2.9375,1.0,1.0,3.0,0.7217125382263,1.0,1.0,0.6258495,0.37415054
1667,48,0.0,0.0,2.0,18.0,0.0,4.0,3.0,2.0,0.0,6.0,16.0,0.49,0.0,81.0,2.0,0.0,9.0,2.0,2.9375,1.0,1.0,0.0,0.7217125382263,1.0,1.0,0.7861886,0.2138114
1667,49,0.0,0.0,2.0,0.0,0.0,4.0,3.0,2.0,0.0,6.0,135.0,0.49,0.0,81.0,2.0,0.0,9.0,2.0,2.9375,1.0,1.0,0.0,0.7217125382263,1.0,1.0,0.58442795,0.41557208
1667,50,0.0,0.0,2.0,0.0,0.0,8.0,3.0,2.0,0.0,6.0,16.0,0.49,0.0,81.0,2.0,36.0,9.0,2.0,2.9375,1.0,1.0,0.0,0.7217125382263,1.0,1.0,0.65700036,0.34299964
1667,51,0.0,0.0,2.0,0.0,0.0,4.0,3.0,2.0,0.0,6.0,16.0,0.49,15.0,81.0,2.0,35.0,9.0,2.0,2.9375,1.0,1.0,0.0,0.7217125382263,1.0,1.0,0.7526933,0.2473067
1667,52,0.0,0.0,2.0,0.0,0.0,4.0,3.0,2.0,0.0,6.0,16.0,0.49,0.0,81.0,2.0,0.0,9.0,2.0,34.7,1.0,1.0,0.0,0.8,1.0,1.0,0.95880604,0.041193955
1667,53,0.0,0.0,2.0,0.0,0.0,4.0,3.0,2.0,0.0,6.0,16.0,0.49,0.0,81.0,2.0,0.0,9.0,2.0,2.9375,1.0,17.0,0.0,0.8,1.0,1.0,0.81893,0.18107001
1667,54,0.0,0.0,2.0,0.0,0.0,0.0,3.0,2.0,31.0,6.0,16.0,0.49,0.0,81.0,2.0,0.0,9.0,2.0,2.9375,1.0,1.0,0.0,0.7217125382263,1.0,1.0,0.8815263,0.118473716
1667,55,0.0,0.0,2.0,37.0,0.0,4.0,3.0,2.0,0.0,6.0,16.0,0.49,0.0,81.0,2.0,0.0,9.0,1.0,2.9375,1.0,1.0,0.0,0.7217125382263,1.0,1.0,0.7976012,0.20239876
1667,56,0.0,0.0,2.0,0.0,0.0,4.0,3.0,2.0,0.0,8.0,16.0,0.49,0.0,81.0,2.0,0.0,9.0,2.0,2.9375,1.0,1.0,0.0,0.7217125382263,1.0,1.0,0.5271234,0.4728766
1667,57,20.0,0.0,2.0,24.0,0.0,4.0,3.0,2.0,0.0,6.0,16.0,0.49,0.0,81.0,2.0,0.0,9.0,2.0,2.9375,1.0,1.0,0.0,0.7217125382263,1.0,1.0,0.6405593,0.35944068
1667,58,0.0,0.0,2.0,0.0,0.0,4.0,3.0,2.0,0.0,6.0,16.0,0.49,0.0,1.0,2.0,0.0,9.0,2.0,2.9375,1.0,12.0,0.0,0.7217125382263,1.0,1.0,0.56657994,0.43342006
1667,59,0.0,0.0,2.0,0.0,15.0,4.0,3.0,2.0,0.0,6.0,16.0,6.99,0.0,81.0,2.0,0.0,9.0,2.0,2.9375,1.0,1.0,0.0,0.7217125382263,1.0,1.0,0.73243964,0.26756033
1667,60,0.0,0.0,2.0,41.0,0.0,4.0,3.0,2.0,0.0,6.0,16.0,0.49,0.0,81.0,2.0,0.0,9.0,2.0,2.9375,1.0,1.0,0.0,0.7217125382263,1.0,1.0,0.7861886,0.2138114
1667,61,0.0,0.0,2.0,0.0,0.0,4.0,3.0,2.0,0.0,6.0,16.0,0.49,4.0,81.0,2.0,39.0,9.0,2.0,2.9375,1.0,1.0,0.0,0.7217125382263,1.0,1.0,0.8216714,0.17832856
1667,62,0.0,0.0,2.0,0.0,0.0,4.0,3.0,6.0,0.0,6.0,16.0,0.49,0.0,81.0,2.0,0.0,9.0,2.0,2.9375,0.0,1.0,0.0,0.7217125382263,1.0,1.0,0.62036955,0.37963048
1667,63,0.0,0.0,2.0,0.0,0.0,3.0,3.0,2.0,0.0,6.0,139.0,0.49,0.0,81.0,2.0,0.0,9.0,2.0,2.9375,1.0,1.0,0.0,0.7217125382263,1.0,1.0,0.6034291,0.39657095
1667,64,0.0,0.0,2.0,0.0,0.0,4.0,3.0,2.0,0.0,6.0,16.0,0.49,0.0,81.0,2.0,0.0,9.0,2.0,16.9,1.0,1.0,0.0,0.7217125382263,1.0,1.0,0.86297536,0.13702463
1667,65,0.0,0.0,2.0,0.0,0.0,9.0,3.0,2.0,0.0,6.0,16.0,0.49,0.0,81.0,8.0,0.0,9.0,2.0,2.9375,1.0,1.0,0.0,0.7217125382263,1.0,1.0,0.5336051,0.46639487
1667,66,0.0,0.0,2.0,0.0,0.0,10.0,3.0,2.0,0.0,6.0,16.0,0.49,0.0,81.0,2.0,0.0,9.0,2.0,2.9375,1.0,20.0,0.0,0.7217125382263,1.0,1.0,0.5910713,0.4089287
1667,67,0.0,0.0,2.0,82.0,0.0,4.0,3.0,2.0,0.0,6.0,16.0,0.49,0.0,81.0,2.0,0.0,9.0,1.0,2.9375,1.0,1.0,0.0,0.7217125382263,1.0,1.0,0.7976012,0.20239876
1667,68,0.0,0.0,2.0,0.0,0.0,4.0,3.0,2.0,0.0,6.0,16.0,0.49,0.0,81.0,2.0,0.0,9.0,2.0,39.6,1.0,1.0,0.0,0.7217125382263,1.0,1.0,0.86297536,0.13702463
1667,69,0.0,0.0,2.0,0.0,0.0,4.0,5.0,2.0,0.0,6.0,16.0,0.49,9.0,81.0,2.0,0.0,9.0,2.0,2.9375,1.0,1.0,0.0,0.7217125382263,1.0,1.0,0.6537576,0.34624243
1667,70,0.0,0.0,2.0,0.0,0.0,4.0,3.0,2.0,0.0,6.0,16.0,2.04,0.0,81.0,2.0,0.0,9.0,2.0,2.9375,1.0,1.0,0.0,0.5,1.0,1.0,0.7390697,0.2609303
1667,71,0.0,0.0,2.0,0.0,0.0,4.0,3.0,2.0,21.0,6.0,16.0,0.49,0.0,81.0,2.0,0.0,9.0,2.0,2.9375,1.0,1.0,3.0,0.7217125382263,1.0,1.0,0.5767008,0.4232992
1667,72,0.0,0.0,1.0,0.0,0.0,2.0,3.0,2.0,0.0,6.0,16.0,0.49,0.0,81.0,2.0,0.0,9.0,2.0,2.9375,1.0,1.0,0.0,0.7217125382263,1.0,1.0,0.72376573,0.27623427
1667,73,0.0,0.0,2.0,72.0,0.0,4.0,3.0,2.0,0.0,6.0,16.0,0.49,0.0,42.0,2.0,0.0,9.0,2.0,2.9375,1.0,1.0,0.0,0.7217125382263,1.0,1.0,0.74292636,0.25707364
1667,74,0.0,0.0,4.0,0.0,0.0,4.0,3.0,2.0,0.0,6.0,16.0,0.15,0.0,81.0,2.0,0.0,9.0,2.0,2.9375,1.0,1.0,0.0,0.7217125382263,1.0,1.0,0.7358171,0.2641829
1667,75,0.0,0.0,2.0,37.0,0.0,4.0,3.0,2.0,0.0,6.0,16.0,0.49,0.0,81.0,2.0,0.0,9.0,2.0,2.9375,1.0,1.0,0.0,0.7217125382263,1.0,1.0,0.7861886,0.2138114
1667,76,0.0,0.0,2.0,0.0,0.0,4.0,3.0,2.0,0.0,6.0,16.0,0.49,0.0,81.0,2.0,2.0,9.0,2.0,47.4,1.0,1.0,0.0,0.7217125382263,1.0,1.0,0.89042807,0.10957192
1667,77,0.0,0.0,2.0,0.0,0.0,4.0,3.0,2.0,0.0,6.0,16.0,0.49,0.0,81.0,2.0,0.0,9.0,2.0,2.9375,0.0,1.0,0.0,0.7217125382263,1.0,1.0,0.50690126,0.49309877
1667,78,0.0,0.0,2.0,70.0,0.0,4.0,3.0,2.0,0.0,6.0,16.0,0.49,0.0,81.0,2.0,37.0,9.0,2.0,2.9375,1.0,1.0,0.0,0.7217125382263,1.0,1.0,0.867175,0.13282502
1667,79,0.0,0.0,2.0,0.0,0.0,4.0,3.0,18.0,0.0,6.0,16.0,5.92,0.0,81.0,2.0,0.0,9.0,2.0,2.9375,1.0,1.0,0.0,0.7217125382263,1.0,1.0,0.6812464,0.31875357
1667,80,0.0,0.0,2.0,0.0,0.0,9.0,3.0,2.0,0.0,6.0,16.0,0.49,0.0,81.0,2.0,0.0,9.0,2.0,47.7,1.0,1.0,0.0,0.7217125382263,1.0,1.0,0.86297536,0.13702463
1667,81,0.0,0.0,2.0,0.0,0.0,5.0,3.0,2.0,0.0,6.0,16.0,0.49,0.0,81.0,2.0,0.0,9.0,2.0,2.9375,1.0,15.0,0.0,0.7217125382263,1.0,1.0,0.5910713,0.4089287
1667,82,0.0,0.0,2.0,0.0,0.0,11.0,3.0,2.0,0.0,6.0,16.0,0.49,0.0,81.0,2.0,0.0,9.0,2.0,2.9375,1.0,5.0,0.0,0.7217125382263,1.0,1.0,0.5910713,0.4089287
1667,83,0.0,0.0,2.0,0.0,0.0,15.0,3.0,2.0,0.0,6.0,16.0,0.49,0.0,81.0,2.0,0.0,9.0,2.0,2.9375,1.0,33.0,0.0,0.7217125382263,1.0,1.0,0.5910713,0.4089287
1667,84,0.0,0.0,0.0,0.0,0.0,4.0,3.0,2.0,0.0,6.0,16.0,3.49,0.0,81.0,2.0,0.0,9.0,2.0,2.9375,1.0,1.0,0.0,0.7217125382263,1.0,1.0,0.80727005,0.19272995
1667,85,0.0,0.0,2.0,0.0,0.0,4.0,3.0,2.0,0.0,6.0,16.0,0.49,0.0,59.0,2.0,0.0,9.0,2.0,2.9375,1.0,1.0,0.0,0.7217125382263,1.0,1.0,0.5489466,0.45105338
1667,86,0.0,9.0,2.0,0.0,0.0,4.0,3.0,2.0,0.0,6.0,16.0,0.49,0.0,81.0,2.0,0.0,9.0,2.0,21.5,1.0,1.0,0.0,0.7217125382263,1.0,1.0,0.8010881,0.19891188
1667,87,0.0,0.0,2.0,0.0,0.0,4.0,3.0,2.0,0.0,6.0,93.0,0.49,0.0,81.0,2.0,0.0,9.0,2.0,2.9375,1.0,1.0,0.0,0.7217125382263,1.0,1.0,0.58442795,0.41557208
1667,88,0.0,0.0,2.0,0.0,0.0,4.0,9.0,2.0,0.0,6.0,16.0,0.49,0.0,81.0,8.0,0.0,9.0,2.0,2.9375,1.0,1.0,0.0,0.7217125382263,1.0,1.0,0.6500462,0.3499538
1667,89,0.0,0.0,2.0,0.0,0.0,4.0,3.0,2.0,0.0,6.0,16.0,6.78,1.0,81.0,2.0,0.0,9.0,2.0,2.9375,1.0,1.0,0.0,0.7217125382263,1.0,1.0,0.79590786,0.20409217
1667,90,0.0,0.0,2.0,0.0,0.0,4.0,3.0,2.0,0.0,6.0,16.0,2.13,0.0,81.0,2.0,0.0,9.0,2.0,2.9375,1.0,1.0,0.0,0.5,1.0,1.0,0.7390697,0.2609303
1667,91,0.0,0.0,2.0,0.0,0.0,4.0,3.0,2.0,0.0,6.0,16.0,0.49,0.0,81.0,2.0,15.0,9.0,2.0,2.9375,1.0,37.0,0.0,0.7217125382263,1.0,1.0,0.7899541,0.21004589
1667,92,0.0,0.0,2.0,0.0,0.0,4.0,3.0,2.0,0.0,6.0,43.0,0.49,0.0,81.0,2.0,0.0,9.0,2.0,7.6,1.0,1.0,0.0,0.7217125382263,1.0,1.0,0.6181425,0.38185748
1667,93,0.0,0.0,2.0,0.0,0.0,4.0,3.0,2.0,17.0,6.0,16.0,0.49,0.0,54.0,2.0,0.0,9.0,2.0,2.9375,1.0,1.0,0.0,0.7217125382263,1.0,1.0,0.6461989,0.35380107
1667,94,0.0,0.0,2.0,0.0,0.0,4.0,3.0,2.0,0.0,6.0,16.0,0.49,0.0,81.0,2.0,0.0,9.0,2.0,2.9375,1.0,13.0,0.0,0.7217125382263,1.0,1.0,0.5910713,0.4089287
1667,95,0.0,0.0,2.0,0.0,0.0,4.0,3.0,2.0,26.0,6.0,16.0,0.18,0.0,81.0,2.0,0.0,9.0,2.0,2.9375,1.0,1.0,0.0,0.7217125382263,1.0,1.0,0.5461155,0.4538845
1667,96,0.0,0.0,2.0,15.0,0.0,4.0,3.0,2.0,0.0,6.0,16.0,0.49,0.0,15.0,2.0,0.0,9.0,2.0,2.9375,1.0,1.0,0.0,0.7217125382263,1.0,1.0,0.8070576,0.19294235
1667,97,0.0,0.0,2.0,49.0,0.0,4.0,3.0,2.0,0.0,6.0,16.0,0.49,0.0,81.0,2.0,0.0,9.0,2.0,2.9375,1.0,1.0,0.0,0.7217125382263,1.0,1.0,0.7861886,0.2138114
1667,98,0.0,0.0,2.0,0.0,0.0,8.0,3.0,2.0,0.0,6.0,16.0,0.49,0.0,81.0,2.0,31.0,9.0,2.0,2.9375,1.0,1.0,0.0,0.7217125382263,1.0,1.0,0.65700036,0.34299964
1667,99,0.0,0.0,0.0,0.0,0.0,4.0,3.0,2.0,0.0,6.0,16.0,0.49,0.0,81.0,2.0,0.0,9.0,2.0,37.4,1.0,1.0,0.0,0.7217125382263,1.0,1.0,0.87701577,0.122984245
1677,0,1.0,0.0,1.0,0.0,0.0,4.0,1.0,1.0,0.0,2.0,40.0,1.24,0.0,91.0,1.0,0.0,2.0,4.0,47.3,0.0,0.0,0.0,0.913793103448276,0.0,2.0,0.8138466,0.18615341
1677,1,1.0,0.0,1.0,0.0,0.0,4.0,1.0,1.0,0.0,2.0,40.0,3.33,0.0,91.0,1.0,0.0,2.0,4.0,1.8780487804878,0.0,0.0,0.0,0.913793103448276,0.0,2.0,0.57801795,0.42198205
1677,2,1.0,0.0,1.0,0.0,0.0,4.0,1.0,1.0,0.0,2.0,40.0,6.65,0.0,91.0,1.0,0.0,2.0,4.0,1.8780487804878,0.0,0.0,0.0,0.913793103448276,0.0,2.0,0.57801795,0.42198205
1677,3,1.0,0.0,1.0,0.0,0.0,4.0,1.0,1.0,3.0,2.0,40.0,1.24,0.0,7.0,1.0,0.0,2.0,4.0,1.8780487804878,0.0,0.0,0.0,0.913793103448276,0.0,2.0,0.82510877,0.1748912
1677,4,1.0,0.0,1.0,0.0,0.0,4.0,1.0,1.0,0.0,2.0,40.0,1.24,0.0,91.0,1.0,0.0,2.0,4.0,34.1,0.0,0.0,0.0,0.913793103448276,0.0,2.0,0.8138466,0.18615341
1677,5,1.0,0.0,1.0,0.0,0.0,4.0,1.0,1.0,0.0,2.0,40.0,5.66,0.0,91.0,1.0,0.0,2.0,4.0,39.6,0.0,0.0,0.0,0.913793103448276,0.0,2.0,0.90408194,0.09591809
1677,6,1.0,0.0,1.0,0.0,0.0,4.0,1.0,1.0,0.0,2.0,40.0,1.24,0.0,91.0,1.0,0.0,2.0,4.0,23.9,0.0,0.0,0.0,0.913793103448276,0.0,2.0,0.8138466,0.18615341
1677,7,1.0,0.0,1.0,0.0,0.0,4.0,1.0,1.0,27.0,2.0,40.0,5.03,0.0,91.0,1.0,0.0,2.0,4.0,1.8780487804878,0.0,0.0,0.0,0.913793103448276,0.0,2.0,0.7719352,0.22806479
1677,8,1.0,0.0,1.0,0.0,0.0,4.0,1.0,1.0,0.0,2.0,40.0,2.01,0.0,91.0,1.0,0.0,2.0,4.0,1.8780487804878,0.0,0.0,0.0,0.5,0.0,2.0,0.7025235,0.29747647
1677,9,1.0,0.0,1.0,84.0,0.0,4.0,1.0,1.0,0.0,2.0,40.0,3.98,0.0,91.0,1.0,0.0,2.0,4.0,1.8780487804878,0.0,0.0,0.0,0.913793103448276,0.0,2.0,0.80294657,0.1970534
1677,10,1.0,0.0,1.0,0.0,0.0,4.0,1.0,1.0,0.0,2.0,40.0,1.24,0.0,91.0,1.0,51.0,2.0,4.0,1.8780487804878,0.0,0.0,0.0,0.6,0.0,2.0,0.53966194,0.46033806
1677,11,1.0,0.0,1.0,0.0,0.0,4.0,1.0,1.0,0.0,2.0,40.0,1.24,0.0,91.0,1.0,29.0,2.0,4.0,22.0,0.0,0.0,0.0,0.913793103448276,0.0,2.0,0.92799836,0.072001636
1677,12,1.0,0.0,1.0,0.0,0.0,4.0,1.0,1.0,0.0,2.0,40.0,1.24,0.0,98.0,1.0,0.0,2.0,4.0,51.3,0.0,0.0,0.0,0.913793103448276,0.0,2.0,0.8333887,0.16661131
1677,13,1.0,0.0,4.0,0.0,0.0,4.0,1.0,1.0,0.0,2.0,40.0,0.15,0.0,91.0,1.0,0.0,2.0,4.0,1.8780487804878,0.0,0.0,0.0,0.913793103448276,0.0,2.0,0.88326246,0.11673756
1677,14,1.0,0.0,1.0,0.0,0.0,4.0,1.0,1.0,0.0,2.0,0.0,1.24,0.0,91.0,1.0,0.0,27.0,4.0,1.8780487804878,0.0,0.0,0.0,0.913793103448276,0.0,2.0,0.8980124,0.101987585
1677,15,1.0,0.0,1.0,0.0,0.0,4.0,1.0,1.0,0.0,2.0,40.0,6.93,0.0,91.0,1.0,0.0,2.0,4.0,48.5,0.0,0.0,0.0,0.913793103448276,0.0,2.0,0.90408194,0.09591809
1677,16,1.0,0.0,1.0,0.0,0.0,4.0,1.0,1.0,0.0,2.0,9.0,1.24,0.0,91.0,1.0,0.0,2.0,4.0,1.8780487804878,0.0,0.0,0.0,0.913793103448276,0.0,2.0,0.92520815,0.074791834
1677,17,1.0,0.0,1.0,0.0,34.0,4.0,1.0,1.0,0.0,2.0,40.0,1.24,0.0,91.0,1.0,0.0,2.0,4.0,23.0,0.0,0.0,0.0,0.913793103448276,0.0,2.0,0.85032773,0.1496723
1677,18,1.0,0.0,1.0,0.0,0.0,4.0,1.0,1.0,0.0,2.0,40.0,1.24,0.0,91.0,1.0,0.0,2.0,4.0,1.8780487804878,0.0,0.0,0.0,1.0,1.0,2.0,0.549672,0.45032802
1677,19,1.0,0.0,1.0,0.0,0.0,4.0,1.0,1.0,0.0,2.0,40.0,7.01,0.0,91.0,1.0,0.0,2.0,4.0,1.8780487804878,0.0,0.0,0.0,0.913793103448276,0.0,2.0,0.57801795,0.42198205
1677,20,1.0,0.0,1.0,0.0,0.0,0.0,1.0,1.0,0.0,2.0,40.0,1.24,0.0,91.0,1.0,0.0,2.0,4.0,1.8780487804878,0.0,0.0,2.0,0.913793103448276,0.0,2.0,0.5983912,0.4016088
1677,21,1.0,0.0,1.0,0.0,0.0,4.0,1.0,1.0,0.0,2.0,40.0,6.28,0.0,91.0,1.0,0.0,2.0,4.0,1.8780487804878,0.0,0.0,0.0,0.913793103448276,0.0,2.0,0.57801795,0.42198205
1677,22,1.0,0.0,1.0,0.0,0.0,4.0,1.0,1.0,0.0,2.0,40.0,1.24,0.0,13.0,1.0,0.0,2.0,4.0,1.8780487804878,0.0,0.0,0.0,0.913793103448276,0.0,2.0,0.66534877,0.3346512
1677,23,1.0,0.0,1.0,0.0,0.0,4.0,1.0,1.0,21.0,2.0,40.0,0.15,0.0,91.0,1.0,0.0,2.0,4.0,1.8780487804878,0.0,0.0,0.0,0.913793103448276,0.0,2.0,0.8566017,0.14339828
1677,24,1.0,0.0,1.0,0.0,0.0,4.0,1.0,1.0,0.0,2.0,40.0,1.24,0.0,91.0,1.0,0.0,2.0,3.0,41.9,0.0,0.0,0.0,0.913793103448276,0.0,2.0,0.9031486,0.09685141
1677,25,1.0,0.0,0.0,0.0,0.0,4.0,1.0,1.0,0.0,2.0,40.0,1.24,0.0,91.0,1.0,0.0,2.0,4.0,34.1,0.0,0.0,0.0,0.913793103448276,0.0,2.0,0.8138466,0.18615341
1677,26,1.0,0.0,1.0,0.0,0.0,4.0,1.0,1.0,0.0,2.0,40.0,1.24,0.0,91.0,1.0,0.0,2.0,4.0,47.8,0.0,0.0,0.0,0.913793103448276,0.0,2.0,0.8138466,0.18615341
1677,27,1.0,0.0,1.0,0.0,0.0,4.0,1.0,1.0,0.0,2.0,40.0,1.24,0.0,24.0,1.0,0.0,2.0,4.0,1.8780487804878,0.0,0.0,0.0,0.913793103448276,0.0,2.0,0.6267432,0.3732568
1677,28,1.0,0.0,1.0,0.0,0.0,4.0,1.0,1.0,0.0,2.0,40.0,1.24,0.0,15.0,1.0,0.0,2.0,4.0,1.8780487804878,0.0,0.0,1.0,0.913793103448276,0.0,2.0,0.61884254,0.38115746
1677,29,1.0,0.0,1.0,0.0,0.0,4.0,1.0,1.0,0.0,2.0,40.0,1.24,0.0,91.0,1.0,0.0,2.0,4.0,46.2,0.0,0.0,0.0,0.913793103448276,0.0,2.0,0.8138466,0.18615341
1677,30,1.0,0.0,1.0,0.0,0.0,4.0,1.0,1.0,0.0,2.0,40.0,1.24,0.0,91.0,1.0,0.0,2.0,4.0,23.6,0.0,0.0,0.0,0.913793103448276,0.0,2.0,0.8138466,0.18615341
1677,31,1.0,0.0,1.0,0.0,0.0,4.0,1.0,1.0,0.0,2.0,40.0,1.24,0.0,91.0,1.0,50.0,2.0,4.0,51.6,0.0,0.0,0.0,0.913793103448276,0.0,2.0,0.92799836,0.072001636
1677,32,1.0,0.0,1.0,0.0,0.0,4.0,1.0,1.0,0.0,2.0,40.0,1.24,10.0,91.0,1.0,0.0,2.0,4.0,42.9,0.0,0.0,0.0,0.913793103448276,0.0,2.0,0.84383625,0.15616375
1677,33,1.0,0.0,1.0,0.0,0.0,4.0,1.0,1.0,0.0,2.0,8.0,1.24,0.0,91.0,1.0,0.0,2.0,4.0,1.8780487804878,0.0,0.0,0.0,0.913793103448276,0.5,2.0,0.9292943,0.07070571
1677,34,1.0,0.0,1.0,0.0,0.0,4.0,1.0,1.0,0.0,2.0,40.0,1.24,0.0,91.0,1.0,0.0,2.0,7.0,17.3,0.0,0.0,0.0,0.913793103448276,0.0,2.0,0.8113517,0.18864828
1677,35,1.0,0.0,1.0,0.0,0.0,4.0,1.0,1.0,0.0,2.0,40.0,1.24,0.0,67.0,1.0,0.0,2.0,4.0,15.5,0.0,0.0,0.0,0.913793103448276,0.0,2.0,0.9168233,0.08317667
1677,36,1.0,0.0,0.0,0.0,0.0,4.0,1.0,1.0,0.0,2.0,40.0,3.18,0.0,91.0,1.0,0.0,2.0,4.0,1.8780487804878,0.0,0.0,0.0,0.913793103448276,0.0,2.0,0.57801795,0.42198205
1677,37,1.0,0.0,1.0,0.0,0.0,4.0,1.0,1.0,0.0,2.0,40.0,1.24,0.0,91.0,1.0,0.0,2.0,4.0,14.0,0.0,5.0,0.0,0.913793103448276,0.0,2.0,0.85374856,0.14625143
1677,38,1.0,0.0,1.0,0.0,0.0,4.0,1.0,1.0,0.0,2.0,40.0,1.24,0.0,91.0,1.0,0.0,66.0,4.0,41.8,0.0,0.0,0.0,0.913793103448276,0.0,2.0,0.8925578,0.107442185
1677,39,1.0,0.0,1.0,0.0,0.0,4.0,1.0,1.0,0.0,2.0,40.0,5.18,0.0,91.0,1.0,0.0,2.0,4.0,1.8780487804878,0.0,0.0,0.0,0.913793103448276,0.0,2.0,0.57801795,0.42198205
1677,40,1.0,0.0,1.0,0.0,0.0,4.0,1.0,1.0,0.0,2.0,40.0,3.51,0.0,91.0,1.0,0.0,2.0,4.0,1.8780487804878,0.0,0.0,0.0,0.913793103448276,0.0,2.0,0.57801795,0.42198205
1677,41,1.0,0.0,1.0,0.0,0.0,4.0,9.0,1.0,0.0,2.0,40.0,1.24,0.0,55.0,1.0,0.0,2.0,4.0,1.8780487804878,0.0,0.0,0.0,0.913793103448276,0.0,2.0,0.60555875,0.39444128
1677,42,1.0,0.0,1.0,0.0,0.0,17.0,1.0,1.0,0.0,2.0,40.0,1.24,0.0,91.0,1.0,0.0,2.0,4.0,23.1,0.0,0.0,0.0,0.913793103448276,0.0,2.0,0.8138466,0.18615341
1677,43,1.0,0.0,1.0,0.0,0.0,4.0,1.0,1.0,0.0,2.0,40.0,6.52,0.0,91.0,1.0,0.0,2.0,4.0,1.8780487804878,0.0,0.0,0.0,0.913793103448276,0.0,2.0,0.57801795,0.42198205
1677,44,1.0,0.0,2.0,0.0,0.0,4.0,1.0,1.0,0.0,2.0,40.0,1.24,0.0,91.0,1.0,0.0,2.0,4.0,23.2,0.0,0.0,0.0,0.913793103448276,0.0,2.0,0.8080906,0.19190937
1677,45,1.0,0.0,1.0,0.0,0.0,4.0,1.0,1.0,0.0,2.0,40.0,3.82,0.0,91.0,1.0,0.0,2.0,4.0,1.8780487804878,0.0,0.0,0.0,0.913793103448276,0.0,0.0,0.65289915,0.34710088
1677,46,1.0,0.0,1.0,0.0,0.0,4.0,1.0,1.0,0.0,2.0,40.0,1.24,0.0,18.0,1.0,0.0,2.0,4.0,12.1,0.0,0.0,0.0,0.913793103448276,0.0,2.0,0.94797754,0.052022487
1677,47,1.0,0.0,1.0,0.0,0.0,0.0,1.0,1.0,0.0,2.0,9.0,1.24,0.0,91.0,1.0,0.0,2.0,4.0,1.8780487804878,0.0,0.0,0.0,0.913793103448276,0.0,2.0,0.9955027,0.004497263
1677,48,1.0,0.0,1.0,0.0,0.0,4.0,1.0,1.0,0.0,2.0,40.0,4.51,0.0,91.0,1.0,0.0,2.0,4.0,1.8780487804878,0.0,0.0,0.0,0.913793103448276,0.0,2.0,0.57801795,0.42198205
1677,49,1.0,0.0,1.0,0.0,0.0,4.0,1.0,1.0,0.0,2.0,40.0,1.24,0.0,91.0,1.0,0.0,2.0,4.0,47.6,0.0,0.0,0.0,0.913793103448276,0.0,2.0,0.8138466,0.18615341
1677,50,1.0,0.0,1.0,0.0,0.0,4.0,1.0,1.0,0.0,2.0,40.0,0.32,0.0,91.0,1.0,0.0,2.0,4.0,1.8780487804878,0.0,0.0,0.0,0.913793103448276,0.0,2.0,0.79683876,0.20316122
1677,51,1.0,0.0,1.0,0.0,0.0,4.0,1.0,1.0,11.0,2.0,40.0,1.24,0.0,91.0,1.0,0.0,2.0,4.0,12.7,0.0,0.0,0.0,0.913793103448276,0.0,2.0,0.91463816,0.08536183
1677,52,1.0,0.0,1.0,0.0,0.0,4.0,1.0,1.0,0.0,2.0,40.0,1.24,9.0,91.0,1.0,0.0,2.0,4.0,21.8,0.0,0.0,0.0,0.913793103448276,0.0,2.0,0.84383625,0.15616375
1677,53,18.0,0.0,1.0,0.0,0.0,4.0,1.0,1.0,0.0,2.0,40.0,1.24,0.0,91.0,1.0,0.0,2.0,4.0,43.4,0.0,0.0,0.0,0.913793103448276,0.0,2.0,0.8138466,0.18615341
1677,54,1.0,0.0,1.0,0.0,0.0,0.0,1.0,1.0,0.0,2.0,40.0,1.24,0.0,91.0,4.0,0.0,2.0,4.0,1.8780487804878,0.0,0.0,0.0,0.913793103448276,0.0,2.0,0.6748228,0.32517716
1677,55,1.0,0.0,1.0,0.0,0.0,4.0,1.0,1.0,0.0,2.0,40.0,1.24,0.0,2.0,1.0,0.0,2.0,4.0,2.3,0.0,0.0,0.0,0.913793103448276,0.0,2.0,0.70912766,0.29087237
1677,56,1.0,0.0,1.0,0.0,0.0,4.0,1.0,1.0,0.0,2.0,40.0,3.61,0.0,91.0,1.0,0.0,2.0,4.0,1.8780487804878,0.0,0.0,0.0,0.913793103448276,0.0,2.0,0.57801795,0.42198205
1677,57,1.0,0.0,1.0,0.0,0.0,4.0,1.0,1.0,0.0,2.0,40.0,1.24,7.0,91.0,1.0,0.0,2.0,0.0,1.8780487804878,0.0,0.0,0.0,0.913793103448276,0.0,2.0,0.5552879,0.4447121
1677,58,1.0,0.0,1.0,0.0,0.0,4.0,1.0,1.0,0.0,2.0,40.0,1.24,0.0,91.0,1.0,45.0,2.0,4.0,1.8780487804878,0.0,0.0,0.0,1.0,0.0,2.0,0.6268317,0.3731683
1677,59,1.0,0.0,1.0,0.0,0.0,4.0,1.0,1.0,18.0,2.0,40.0,1.24,0.0,91.0,1.0,0.0,2.0,0.0,1.8780487804878,0.0,0.0,0.0,0.913793103448276,0.0,2.0,0.6336289,0.3663711
1677,60,1.0,0.0,1.0,70.0,0.0,4.0,1.0,1.0,0.0,2.0,40.0,1.24,0.0,91.0,1.0,37.0,2.0,4.0,1.8780487804878,0.0,0.0,0.0,0.913793103448276,0.0,2.0,0.5316858,0.46831414
1677,61,1.0,0.0,1.0,0.0,0.0,4.0,1.0,1.0,0.0,2.0,40.0,7.22,0.0,91.0,1.0,0.0,2.0,4.0,1.8780487804878,0.0,0.0,0.0,0.913793103448276,0.0,2.0,0.57801795,0.42198205
1677,62,1.0,0.0,1.0,0.0,0.0,4.0,1.0,1.0,0.0,2.0,40.0,1.24,0.0,91.0,1.0,0.0,2.0,4.0,44.4,0.0,0.0,0.0,0.913793103448276,0.0,2.0,0.8138466,0.18615341
1677,63,1.0,0.0,1.0,0.0,0.0,4.0,1.0,1.0,0.0,2.0,40.0,1.24,0.0,91.0,1.0,32.0,2.0,0.0,1.8780487804878,0.0,0.0,0.0,0.913793103448276,0.0,2.0,0.61215407,0.38784593
1677,64,1.0,0.0,1.0,0.0,0.0,4.0,1.0,1.0,0.0,2.0,40.0,1.24,0.0,91.0,1.0,43.0,2.0,4.0,37.1,0.0,0.0,0.0,0.913793103448276,0.0,2.0,0.92799836,0.072001636
1677,65,1.0,0.0,1.0,75.0,0.0,0.0,1.0,1.0,0.0,2.0,40.0,1.24,0.0,91.0,1.0,0.0,2.0,4.0,1.8780487804878,0.0,0.0,0.0,0.913793103448276,0.0,2.0,0.7941364,0.20586358
1677,66,1.0,0.0,1.0,0.0,0.0,0.0,1.0,1.0,0.0,2.0,14.0,1.24,0.0,91.0,1.0,0.0,2.0,4.0,1.8780487804878,0.0,0.0,0.0,0.913793103448276,0.0,2.0,0.9811243,0.018875739
1677,67,1.0,0.0,1.0,0.0,0.0,4.0,1.0,1.0,0.0,2.0,40.0,1.24,0.0,91.0,1.0,0.0,2.0,4.0,36.5,0.0,2.0,0.0,0.913793103448276,0.0,2.0,0.82588726,0.17411275
1677,68,1.0,0.0,1.0,0.0,29.0,4.0,1.0,1.0,0.0,2.0,40.0,3.61,0.0,91.0,1.0,0.0,2.0,4.0,1.8780487804878,0.0,0.0,0.0,0.913793103448276,0.0,2.0,0.64028823,0.35971177
1677,69,1.0,0.0,1.0,0.0,0.0,4.0,1.0,1.0,0.0,2.0,40.0,1.24,0.0,32.0,1.0,0.0,2.0,4.0,1.8780487804878,0.0,0.0,0.0,0.913793103448276,0.0,1.0,0.54726994,0.45273006
1677,70,1.0,0.0,1.0,3.0,0.0,4.0,1.0,1.0,0.0,2.0,40.0,1.24,0.0,3.0,1.0,0.0,2.0,4.0,1.8780487804878,0.0,0.0,0.0,0.913793103448276,0.0,2.0,0.8011793,0.19882074
1677,71,1.0,0.0,1.0,0.0,0.0,4.0,1.0,1.0,0.0,2.0,40.0,1.24,15.0,91.0,1.0,0.0,2.0,4.0,8.0,0.0,0.0,0.0,0.913793103448276,0.0,2.0,0.84383625,0.15616375
1677,72,1.0,0.0,1.0,0.0,0.0,4.0,1.0,1.0,0.0,2.0,40.0,1.24,0.0,27.0,1.0,20.0,2.0,4.0,1.8780487804878,0.0,0.0,0.0,0.913793103448276,0.0,2.0,0.8319361,0.16806388
1677,73,1.0,0.0,1.0,0.0,0.0,4.0,1.0,1.0,0.0,2.0,40.0,6.8,0.0,91.0,1.0,34.0,2.0,4.0,1.8780487804878,0.0,0.0,0.0,0.913793103448276,0.0,2.0,0.8015139,0.19848607
1677,74,1.0,0.0,1.0,0.0,0.0,4.0,1.0,1.0,0.0,2.0,40.0,1.24,0.0,33.0,1.0,0.0,61.0,4.0,1.8780487804878,0.0,0.0,0.0,0.913793103448276,0.0,2.0,0.56285584,0.4371442
1677,75,1.0,0.0,1.0,0.0,0.0,4.0,1.0,1.0,0.0,2.0,74.0,4.52,0.0,91.0,1.0,0.0,2.0,4.0,1.8780487804878,0.0,0.0,0.0,0.913793103448276,0.0,2.0,0.69936305,0.30063695
1677,76,15.0,0.0,1.0,0.0,0.0,4.0,1.0,1.0,0.0,2.0,40.0,4.97,0.0,91.0,1.0,0.0,2.0,4.0,1.8780487804878,0.0,0.0,0.0,0.913793103448276,0.0,2.0,0.57801795,0.42198205
1677,77,1.0,0.0,1.0,0.0,0.0,4.0,1.0,1.0,0.0,2.0,40.0,1.24,0.0,91.0,1.0,0.0,21.0,4.0,49.6,0.0,0.0,0.0,0.913793103448276,0.0,2.0,0.8925578,0.107442185
1677,78,1.0,0.0,1.0,0.0,0.0,4.0,1.0,1.0,0.0,2.0,40.0,1.24,0.0,19.0,1.0,0.0,2.0,6.0,1.8780487804878,0.0,0.0,0.0,0.913793103448276,0.0,2.0,0.61497056,0.3850294
1677,79,1.0,0.0,1.0,64.0,0.0,4.0,1.0,1.0,0.0,2.0,40.0,1.24,0.0,69.0,1.0,0.0,2.0,4.0,1.8780487804878,0.0,0.0,0.0,0.913793103448276,0.0,2.0,0.5100385,0.48996148
1677,80,1.0,0.0,1.0,0.0,0.0,4.0,1.0,1.0,0.0,2.0,40.0,1.24,0.0,91.0,1.0,0.0,2.0,4.0,33.3,0.0,0.0,0.0,0.8,0.0,2.0,0.76044947,0.23955055
1677,81,1.0,0.0,1.0,0.0,0.0,4.0,1.0,1.0,0.0,2.0,1.0,1.24,0.0,91.0,1.0,0.0,2.0,4.0,1.8780487804878,0.0,0.0,0.0,0.913793103448276,1.1,2.0,0.9807812,0.019218806
1677,82,1.0,0.0,1.0,0.0,0.0,4.0,1.0,1.0,0.0,8.0,40.0,1.24,0.0,91.0,1.0,0.0,2.0,4.0,21.3,0.0,0.0,0.0,0.913793103448276,0.0,2.0,0.7418784,0.25812164
1677,83,1.0,0.0,1.0,0.0,0.0,4.0,1.0,1.0,0.0,2.0,40.0,6.57,0.0,91.0,1.0,0.0,2.0,4.0,1.8780487804878,0.0,0.0,0.0,0.913793103448276,0.0,2.0,0.57801795,0.42198205
1677,84,1.0,0.0,1.0,0.0,0.0,4.0,1.0,1.0,0.0,2.0,40.0,1.24,0.0,91.0,1.0,38.0,2.0,4.0,47.6,0.0,0.0,0.0,0.913793103448276,0.0,2.0,0.92799836,0.072001636
1677,85,1.0,0.0,1.0,0.0,0.0,4.0,1.0,1.0,0.0,2.0,40.0,2.04,0.0,91.0,1.0,0.0,2.0,4.0,1.8780487804878,0.0,0.0,0.0,0.5,0.0,2.0,0.7025235,0.29747647
1677,86,1.0,0.0,1.0,0.0,0.0,4.0,1.0,1.0,0.0,2.0,40.0,4.75,0.0,91.0,8.0,0.0,2.0,4.0,1.8780487804878,0.0,0.0,0.0,0.913793103448276,0.0,2.0,0.7839842,0.21601582
1677,87,1.0,0.0,1.0,0.0,0.0,4.0,1.0,1.0,0.0,2.0,40.0,1.24,2.0,65.0,1.0,0.0,2.0,4.0,1.8780487804878,0.0,0.0,0.0,0.913793103448276,0.0,2.0,0.5657681,0.43423185
1677,88,1.0,0.0,1.0,0.0,0.0,4.0,1.0,1.0,0.0,2.0,40.0,7.32,0.0,91.0,1.0,0.0,2.0,4.0,1.8780487804878,0.0,0.0,0.0,0.913793103448276,0.0,2.0,0.57801795,0.42198205
1677,89,1.0,0.0,1.0,0.0,0.0,4.0,1.0,1.0,0.0,2.0,40.0,6.07,0.0,91.0,1.0,0.0,2.0,4.0,1.8780487804878,0.0,0.0,0.0,0.913793103448276,0.0,2.0,0.57801795,0.42198205
1677,90,1.0,0.0,1.0,0.0,0.0,4.0,1.0,1.0,0.0,2.0,131.0,1.24,0.0,91.0,1.0,0.0,2.0,4.0,22.3,0.0,0.0,0.0,0.913793103448276,0.0,2.0,0.88130265,0.11869737
1677,91,1.0,0.0,1.0,0.0,0.0,4.0,1.0,1.0,0.0,2.0,83.0,6.65,0.0,91.0,1.0,0.0,2.0,4.0,1.8780487804878,0.0,0.0,0.0,0.913793103448276,0.0,2.0,0.69936305,0.30063695
1677,92,1.0,0.0,1.0,0.0,0.0,4.0,1.0,1.0,0.0,2.0,40.0,4.57,0.0,91.0,1.0,0.0,2.0,4.0,1.8780487804878,0.0,0.0,0.0,0.913793103448276,0.0,2.0,0.57801795,0.42198205
1677,93,1.0,0.0,1.0,0.0,15.0,4.0,1.0,1.0,0.0,2.0,40.0,6.99,0.0,91.0,1.0,0.0,2.0,4.0,1.8780487804878,0.0,0.0,0.0,0.913793103448276,0.0,2.0,0.64028823,0.35971177
1677,94,1.0,0.0,1.0,0.0,0.0,4.0,1.0,1.0,0.0,2.0,40.0,2.82,0.0,91.0,5.0,0.0,2.0,4.0,1.8780487804878,0.0,0.0,0.0,0.913793103448276,0.0,2.0,0.6132957,0.3867043
1677,95,1.0,0.0,1.0,0.0,0.0,4.0,1.0,1.0,0.0,2.0,40.0,6.92,0.0,91.0,1.0,0.0,2.0,4.0,1.8780487804878,0.0,0.0,0.0,0.913793103448276,0.0,2.0,0.57801795,0.42198205
1677,96,1.0,0.0,1.0,0.0,0.0,4.0,1.0,1.0,0.0,2.0,40.0,1.24,4.0,91.0,1.0,39.0,2.0,4.0,1.8780487804878,0.0,0.0,0.0,0.913793103448276,0.0,2.0,0.5049826,0.49501744
1677,97,1.0,0.0,1.0,0.0,0.0,4.0,1.0,1.0,0.0,2.0,40.0,4.89,0.0,91.0,1.0,0.0,2.0,4.0,34.2,0.0,0.0,0.0,0.913793103448276,0.0,2.0,0.90408194,0.09591809
1677,98,1.0,0.0,1.0,0.0,0.0,4.0,1.0,1.0,0.0,2.0,40.0,1.24,0.0,58.0,1.0,0.0,2.0,4.0,1.8780487804878,0.0,0.0,0.0,0.913793103448276,0.0,2.0,0.5126903,0.48730972
1677,99,1.0,0.0,1.0,0.0,0.0,4.0,1.0,1.0,0.0,2.0,40.0,0.44,0.0,91.0,1.0,0.0,2.0,4.0,1.8780487804878,0.0,0.0,0.0,0.913793103448276,0.0,2.0,0.69744563,0.30255437
1802,0,0.0,1.0,1.0,1.0,0.0,5.0,4.0,2.0,10.0,8.0,4.0,0.32,5.0,83.0,3.0,0.0,6.0,2.0,7.6,0.0,1.0,0.0,0.518367346938776,0.0,4.0,0.700606,0.29939404
1802,1,0.0,1.0,4.0,1.0,0.0,5.0,4.0,2.0,10.0,8.0,131.0,0.32,2.0,83.0,3.0,0.0,6.0,2.0,4.13333333333333,0.0,1.0,0.0,0.518367346938776,0.0,4.0,0.55467236,0.44532764
1802,2,0.0,1.0,1.0,12.0,0.0,5.0,4.0,2.0,10.0,8.0,4.0,0.32,2.0,83.0,3.0,0.0,6.0,2.0,2.6,0.0,1.0,0.0,0.518367346938776,0.0,4.0,0.9723265,0.027673485
1802,3,0.0,1.0,1.0,1.0,0.0,5.0,4.0,2.0,10.0,8.0,4.0,0.32,2.0,58.0,3.0,0.0,6.0,2.0,4.13333333333333,0.0,1.0,2.0,0.518367346938776,0.0,4.0,0.6712338,0.3287662
1802,4,0.0,1.0,3.0,1.0,0.0,5.0,4.0,2.0,10.0,8.0,4.0,0.32,3.0,83.0,3.0,0.0,6.0,2.0,4.13333333333333,0.0,1.0,0.0,0.518367346938776,0.0,4.0,0.5596627,0.44033727
1802,5,0.0,1.0,1.0,12.0,0.0,5.0,4.0,2.0,10.0,8.0,4.0,0.32,15.0,83.0,3.0,0.0,6.0,2.0,4.13333333333333,0.0,1.0,0.0,0.518367346938776,0.0,4.0,0.57784975,0.42215022
1802,6,0.0,1.0,1.0,1.0,45.0,5.0,4.0,2.0,10.0,8.0,4.0,6.37,2.0,83.0,3.0,0.0,6.0,2.0,4.13333333333333,0.0,1.0,0.0,0.518367346938776,0.0,4.0,0.9587252,0.041274797
1802,7,0.0,1.0,1.0,1.0,0.0,5.0,4.0,2.0,10.0,8.0,4.0,0.32,2.0,16.0,3.0,0.0,6.0,2.0,4.13333333333333,0.0,1.0,0.0,0.518367346938776,0.0,4.0,0.64900905,0.35099095
1802,8,0.0,1.0,1.0,1.0,0.0,5.0,4.0,2.0,10.0,8.0,4.0,0.32,2.0,83.0,3.0,0.0,6.0,2.0,46.5,0.0,1.0,0.0,0.518367346938776,0.0,4.0,0.94560957,0.05439042
1802,9,0.0,1.0,1.0,1.0,0.0,5.0,4.0,2.0,10.0,8.0,4.0,0.32,2.0,83.0,3.0,0.0,6.0,2.0,4.13333333333333,0.0,1.0,0.0,0.518367346938776,0.0,0.0,0.92750204,0.07249798
1802,10,0.0,1.0,1.0,1.0,0.0,5.0,4.0,2.0,10.0,8.0,68.0,0.32,2.0,83.0,3.0,0.0,6.0,2.0,4.13333333333333,0.0,1.0,0.0,0.518367346938776,0.0,4.0,0.5352222,0.46477786
1802,11,0.0,1.0,1.0,1.0,0.0,5.0,4.0,2.0,10.0,8.0,4.0,0.32,2.0,83.0,3.0,0.0,6.0,2.0,39.6,0.0,1.0,0.0,0.518367346938776,0.0,4.0,0.94560957,0.05439042
1802,12,0.0,1.0,1.0,1.0,0.0,5.0,4.0,2.0,10.0,8.0,4.0,0.32,2.0,86.0,3.0,0.0,6.0,2.0,4.13333333333333,0.0,1.0,0.0,0.518367346938776,0.0,4.0,0.58124983,0.4187502
1802,13,0.0,1.0,3.0,1.0,0.0,2.0,4.0,2.0,10.0,8.0,4.0,0.32,2.0,83.0,3.0,0.0,6.0,2.0,4.13333333333333,0.0,1.0,0.0,0.518367346938776,0.0,4.0,0.8281566,0.17184344
1802,14,0.0,1.0,1.0,1.0,0.0,5.0,4.0,4.0,10.0,8.0,4.0,0.32,2.0,83.0,3.0,0.0,6.0,2.0,4.13333333333333,0.0,1.0,0.0,0.518367346938776,0.4,4.0,0.5910951,0.40890494
1802,15,0.0,1.0,3.0,1.0,0.0,5.0,4.0,2.0,10.0,8.0,4.0,0.32,2.0,83.0,3.0,0.0,6.0,2.0,9.4,0.0,1.0,0.0,0.518367346938776,0.0,4.0,0.94560957,0.05439042
1802,16,0.0,1.0,1.0,1.0,0.0,5.0,4.0,2.0,10.0,8.0,4.0,0.32,2.0,83.0,3.0,0.0,6.0,2.0,4.13333333333333,0.0,1.0,0.0,1.0,1.0,4.0,0.5542184,0.44578162
1802,17,0.0,1.0,1.0,1.0,0.0,5.0,4.0,2.0,10.0,8.0,4.0,2.31,2.0,83.0,3.0,0.0,6.0,2.0,4.13333333333333,0.0,1.0,0.0,0.518367346938776,0.0,4.0,0.9785608,0.021439211
1802,18,0.0,1.0,1.0,1.0,0.0,5.0,4.0,2.0,26.0,8.0,4.0,0.18,2.0,83.0,3.0,0.0,6.0,2.0,4.13333333333333,0.0,1.0,0.0,0.518367346938776,0.0,4.0,0.7179042,0.2820958
1802,19,0.0,1.0,1.0,1.0,0.0,5.0,4.0,2.0,10.0,8.0,88.0,0.32,2.0,83.0,3.0,0.0,6.0,2.0,4.13333333333333,0.0,1.0,0.0,0.518367346938776,0.0,4.0,0.5352222,0.46477786
1802,20,0.0,1.0,1.0,1.0,0.0,5.0,4.0,2.0,10.0,8.0,4.0,0.32,2.0,83.0,3.0,0.0,6.0,2.0,50.7,0.0,1.0,0.0,0.518367346938776,0.0,4.0,0.94560957,0.05439042
1802,21,0.0,1.0,1.0,1.0,0.0,5.0,4.0,2.0,4.0,8.0,4.0,0.32,2.0,83.0,3.0,0.0,6.0,2.0,5.3,0.0,1.0,0.0,0.518367346938776,0.0,4.0,0.96326977,0.03673023
1802,22,0.0,1.0,1.0,1.0,0.0,5.0,4.0,2.0,10.0,8.0,4.0,2.09,7.0,83.0,3.0,0.0,6.0,2.0,4.13333333333333,0.0,1.0,0.0,0.518367346938776,0.0,4.0,0.97900075,0.020999262
1802,23,0.0,1.0,1.0,1.0,0.0,5.0,4.0,2.0,10.0,8.0,48.0,0.32,2.0,83.0,3.0,0.0,6.0,2.0,4.13333333333333,0.0,1.0,0.0,0.9,0.0,4.0,0.88752216,0.112477824
1802,24,0.0,1.0,1.0,1.0,0.0,5.0,4.0,2.0,10.0,8.0,98.0,0.32,2.0,83.0,3.0,0.0,6.0,2.0,4.13333333333333,0.0,1.0,0.0,0.518367346938776,0.0,4.0,0.5352222,0.46477786
1802,25,0.0,1.0,1.0,1.0,0.0,5.0,2.0,2.0,8.0,8.0,4.0,0.32,2.0,83.0,3.0,0.0,6.0,2.0,4.13333333333333,0.0,1.0,0.0,0.518367346938776,0.0,4.0,0.58663225,0.41336775
1802,26,0.0,1.0,1.0,1.0,0.0,5.0,4.0,2.0,10.0,8.0,4.0,0.32,2.0,83.0,3.0,0.0,6.0,2.0,20.0,0.0,1.0,0.0,0.518367346938776,0.0,4.0,0.94560957,0.05439042
1802,27,0.0,33.0,1.0,1.0,0.0,5.0,4.0,2.0,10.0,8.0,4.0,0.32,2.0,83.0,3.0,0.0,6.0,2.0,33.9,0.0,1.0,0.0,0.518367346938776,0.0,4.0,0.9494483,0.050551724
1802,28,21.0,1.0,1.0,1.0,0.0,5.0,4.0,2.0,10.0,8.0,4.0,0.32,2.0,83.0,3.0,0.0,6.0,2.0,4.13333333333333,0.0,1.0,0.0,0.518367346938776,0.0,0.0,0.7400856,0.25991437
1802,29,0.0,1.0,1.0,1.0,0.0,5.0,4.0,2.0,6.0,8.0,4.0,0.32,2.0,61.0,3.0,0.0,6.0,2.0,4.13333333333333,0.0,1.0,0.0,0.518367346938776,0.0,4.0,0.5390713,0.46092865
1802,30,0.0,1.0,1.0,1.0,0.0,5.0,4.0,2.0,10.0,8.0,4.0,6.22,2.0,83.0,1.0,0.0,6.0,2.0,4.13333333333333,0.0,1.0,0.0,0.518367346938776,0.0,4.0,0.9538407,0.046159342
1802,31,0.0,1.0,1.0,1.0,0.0,5.0,4.0,2.0,10.0,8.0,4.0,3.4,2.0,83.0,3.0,0.0,6.0,2.0,4.13333333333333,0.0,1.0,0.0,0.518367346938776,0.0,4.0,0.9708535,0.029146478
1802,32,0.0,3.0,1.0,48.0,0.0,5.0,4.0,2.0,10.0,8.0,4.0,0.32,2.0,83.0,3.0,0.0,6.0,2.0,4.13333333333333,0.0,1.0,0.0,0.518367346938776,0.0,4.0,0.57054526,0.42945474
1802,33,0.0,1.0,3.0,1.0,0.0,5.0,4.0,2.0,10.0,8.0,4.0,0.32,2.0,64.0,3.0,0.0,6.0,2.0,4.13333333333333,0.0,1.0,0.0,0.518367346938776,0.0,4.0,0.5082336,0.4917664
1802,34,0.0,1.0,1.0,1.0,0.0,5.0,4.0,2.0,8.0,8.0,4.0,0.32,2.0,83.0,3.0,0.0,6.0,2.0,4.13333333333333,0.0,1.0,0.0,1.1,0.0,4.0,0.52840245,0.47159758
1802,35,0.0,1.0,1.0,1.0,0.0,1.0,4.0,2.0,10.0,8.0,4.0,0.32,2.0,83.0,3.0,0.0,62.0,2.0,4.13333333333333,0.0,1.0,0.0,0.518367346938776,0.0,4.0,0.9105077,0.08949232
1802,36,0.0,1.0,1.0,1.0,0.0,5.0,4.0,2.0,10.0,8.0,4.0,4.45,2.0,83.0,3.0,0.0,6.0,2.0,4.13333333333333,0.0,1.0,0.0,0.518367346938776,0.0,1.0,0.98775584,0.012244164
1802,37,0.0,1.0,1.0,1.0,0.0,5.0,4.0,2.0,10.0,8.0,4.0,6.35,2.0,83.0,3.0,0.0,6.0,2.0,44.4,0.0,1.0,0.0,0.518367346938776,0.0,4.0,0.99008733,0.0099126445
1802,38,0.0,1.0,1.0,1.0,0.0,5.0,4.0,2.0,10.0,8.0,4.0,0.32,2.0,83.0,3.0,0.0,6.0,2.0,4.13333333333333,0.0,17.0,0.0,0.8,0.0,4.0,0.80672574,0.19327429
1802,39,0.0,1.0,1.0,1.0,0.0,5.0,4.0,2.0,10.0,8.0,4.0,0.32,2.0,83.0,3.0,0.0,5.0,2.0,41.9,0.0,1.0,0.0,0.518367346938776,0.0,4.0,0.95159036,0.04840965
1802,40,0.0,1.0,1.0,1.0,0.0,5.0,4.0,2.0,10.0,8.0,4.0,0.32,2.0,83.0,3.0,0.0,23.0,2.0,4.13333333333333,0.0,1.0,0.0,0.518367346938776,0.0,4.0,0.68949074,0.31050926
1802,41,0.0,1.0,1.0,1.0,0.0,5.0,4.0,2.0,4.0,8.0,4.0,0.32,2.0,83.0,3.0,0.0,6.0,2.0,4.13333333333333,0.0,1.0,0.0,0.518367346938776,0.0,4.0,0.7170588,0.28294122
1802,42,0.0,27.0,1.0,1.0,0.0,5.0,4.0,2.0,10.0,8.0,139.0,0.32,2.0,83.0,3.0,0.0,6.0,2.0,4.13333333333333,0.0,1.0,0.0,0.518367346938776,0.0,4.0,0.52691555,0.47308442
1802,43,0.0,1.0,1.0,1.0,0.0,5.0,4.0,2.0,10.0,8.0,4.0,0.32,2.0,35.0,3.0,0.0,6.0,2.0,4.13333333333333,0.0,1.0,0.0,0.518367346938776,0.0,4.0,0.704939,0.29506096
1802,44,0.0,1.0,1.0,1.0,0.0,5.0,4.0,2.0,10.0,8.0,51.0,2.51,2.0,83.0,3.0,0.0,6.0,2.0,4.13333333333333,0.0,1.0,0.0,0.518367346938776,0.0,4.0,0.91420174,0.08579829
1802,45,0.0,1.0,1.0,1.0,0.0,5.0,4.0,3.0,10.0,8.0,51.0,0.32,2.0,83.0,3.0,0.0,6.0,2.0,4.13333333333333,0.0,1.0,0.0,0.518367346938776,0.0,4.0,0.54004705,0.45995298
1802,46,0.0,1.0,1.0,1.0,0.0,5.0,4.0,2.0,10.0,8.0,4.0,1.68,2.0,83.0,3.0,0.0,6.0,2.0,4.13333333333333,0.0,1.0,0.0,0.518367346938776,0.0,4.0,0.9785608,0.021439211
1802,47,0.0,1.0,1.0,1.0,0.0,5.0,13.0,2.0,10.0,8.0,4.0,0.32,2.0,83.0,3.0,0.0,38.0,2.0,4.13333333333333,0.0,1.0,0.0,0.518367346938776,0.0,4.0,0.7254735,0.27452648
1802,48,0.0,1.0,1.0,1.0,0.0,5.0,4.0,2.0,11.0,8.0,4.0,0.32,2.0,83.0,8.0,0.0,6.0,2.0,4.13333333333333,0.0,1.0,0.0,0.518367346938776,0.0,4.0,0.5087892,0.49121085
1802,49,0.0,1.0,1.0,1.0,0.0,5.0,4.0,2.0,10.0,8.0,4.0,0.32,2.0,83.0,2.0,0.0,6.0,2.0,1.7,0.0,1.0,0.0,0.518367346938776,0.0,4.0,0.94649255,0.053507462
1802,50,0.0,1.0,4.0,1.0,0.0,5.0,4.0,2.0,10.0,8.0,94.0,0.32,2.0,83.0,3.0,0.0,6.0,2.0,4.13333333333333,0.0,1.0,0.0,0.518367346938776,0.0,4.0,0.55467236,0.44532764
1802,51,0.0,1.0,1.0,1.0,0.0,5.0,4.0,2.0,10.0,8.0,4.0,0.32,2.0,22.0,3.0,0.0,6.0,2.0,4.13333333333333,2.0,1.0,0.0,0.518367346938776,0.0,4.0,0.62819636,0.3718036
1802,52,0.0,1.0,1.0,67.0,0.0,5.0,4.0,2.0,6.0,8.0,4.0,0.32,2.0,83.0,3.0,0.0,6.0,2.0,4.13333333333333,0.0,1.0,0.0,0.518367346938776,0.0,4.0,0.5885678,0.4114322
1802,53,0.0,1.0,1.0,1.0,0.0,5.0,4.0,2.0,2.0,8.0,4.0,0.32,2.0,83.0,3.0,0.0,6.0,2.0,4.13333333333333,0.0,1.0,0.0,0.518367346938776,0.0,4.0,0.7318294,0.26817062
1802,54,0.0,1.0,1.0,17.0,0.0,5.0,4.0,2.0,38.0,8.0,4.0,0.32,2.0,83.0,3.0,0.0,6.0,2.0,4.13333333333333,0.0,1.0,0.0,0.518367346938776,0.0,4.0,0.5735165,0.42648354
1802,55,0.0,1.0,1.0,1.0,0.0,5.0,9.0,2.0,10.0,8.0,4.0,0.32,2.0,83.0,3.0,0.0,6.0,2.0,40.9,0.0,1.0,0.0,0.518367346938776,0.0,4.0,0.95389706,0.04610295
1802,56,0.0,1.0,1.0,1.0,0.0,5.0,4.0,2.0,10.0,8.0,4.0,0.32,2.0,83.0,3.0,0.0,6.0,2.0,25.9,10.0,1.0,0.0,0.518367346938776,0.0,4.0,0.87615645,0.12384356
1802,57,0.0,1.0,1.0,1.0,0.0,5.0,4.0,3.0,10.0,8.0,4.0,0.32,2.0,83.0,3.0,0.0,6.0,2.0,4.13333333333333,0.0,1.0,0.0,1.1,0.0,4.0,0.8189256,0.18107438
1802,58,0.0,1.0,3.0,1.0,0.0,5.0,4.0,6.0,10.0,8.0,4.0,0.32,2.0,83.0,3.0,0.0,6.0,2.0,4.13333333333333,0.0,1.0,0.0,0.518367346938776,0.0,4.0,0.6099112,0.39008877
1802,59,0.0,1.0,1.0,1.0,0.0,11.0,4.0,2.0,10.0,8.0,95.0,0.32,2.0,83.0,3.0,0.0,6.0,2.0,4.13333333333333,0.0,1.0,0.0,0.518367346938776,0.0,4.0,0.5352222,0.46477786
1802,60,0.0,1.0,1.0,1.0,0.0,1.0,4.0,2.0,10.0,8.0,4.0,0.32,2.0,58.0,3.0,0.0,6.0,2.0,4.13333333333333,0.0,1.0,0.0,0.518367346938776,0.0,4.0,0.88039553,0.1196045
1802,61,0.0,1.0,1.0,1.0,0.0,5.0,4.0,2.0,13.0,8.0,4.0,0.32,2.0,83.0,3.0,0.0,6.0,2.0,4.13333333333333,0.0,1.0,0.0,0.8,0.0,4.0,0.7542702,0.2457298
1802,62,0.0,1.0,1.0,1.0,0.0,5.0,4.0,2.0,10.0,8.0,4.0,0.32,2.0,83.0,3.0,0.0,6.0,2.0,17.1,0.0,1.0,0.0,0.518367346938776,0.0,4.0,0.94560957,0.05439042
1802,63,0.0,1.0,1.0,59.0,0.0,5.0,4.0,2.0,10.0,8.0,4.0,0.32,2.0,87.0,3.0,0.0,6.0,2.0,4.13333333333333,0.0,1.0,0.0,0.518367346938776,0.0,4.0,0.65229213,0.34770787
1802,64,0.0,32.0,1.0,1.0,0.0,5.0,4.0,2.0,10.0,8.0,4.0,0.32,2.0,83.0,3.0,0.0,6.0,2.0,34.1,0.0,1.0,0.0,0.518367346938776,0.0,4.0,0.9494483,0.050551724
1802,65,0.0,1.0,1.0,1.0,0.0,5.0,4.0,2.0,10.0,8.0,4.0,5.79,2.0,83.0,3.0,0.0,6.0,2.0,4.13333333333333,0.0,1.0,0.0,0.518367346938776,0.0,4.0,0.9708535,0.029146478
1802,66,0.0,1.0,1.0,1.0,0.0,5.0,4.0,2.0,10.0,8.0,4.0,0.32,2.0,28.0,3.0,0.0,6.0,2.0,4.13333333333333,0.0,1.0,0.0,0.518367346938776,0.0,0.0,0.8960835,0.1039165
1802,67,0.0,1.0,1.0,1.0,0.0,5.0,4.0,2.0,10.0,8.0,4.0,0.32,15.0,83.0,3.0,0.0,29.0,2.0,4.13333333333333,0.0,1.0,0.0,0.518367346938776,0.0,4.0,0.6932759,0.30672404
1802,68,0.0,1.0,1.0,80.0,0.0,5.0,4.0,2.0,10.0,8.0,4.0,0.32,2.0,83.0,3.0,0.0,6.0,2.0,4.13333333333333,0.0,1.0,0.0,0.518367346938776,0.0,4.0,0.5735165,0.42648354
1802,69,0.0,1.0,1.0,95.0,0.0,5.0,4.0,2.0,10.0,8.0,4.0,0.32,2.0,83.0,3.0,0.0,6.0,2.0,4.13333333333333,0.0,16.0,0.0,0.518367346938776,0.0,4.0,0.6845782,0.3154218
1802,70,0.0,9.0,1.0,1.0,0.0,5.0,4.0,2.0,10.0,8.0,47.0,0.32,2.0,83.0,3.0,0.0,6.0,2.0,4.13333333333333,0.0,1.0,0.0,0.518367346938776,0.0,4.0,0.52691555,0.47308442
1802,71,0.0,1.0,1.0,1.0,0.0,5.0,4.0,2.0,10.0,8.0,4.0,0.32,2.0,83.0,4.0,0.0,6.0,2.0,29.0,0.0,1.0,0.0,0.518367346938776,0.0,4.0,0.94560957,0.05439042
1802,72,0.0,1.0,1.0,1.0,0.0,5.0,4.0,2.0,10.0,8.0,142.0,2.36,2.0,83.0,3.0,0.0,6.0,2.0,4.13333333333333,0.0,1.0,0.0,0.518367346938776,0.0,4.0,0.91420174,0.08579829
1802,73,0.0,1.0,1.0,1.0,0.0,5.0,4.0,2.0,10.0,8.0,4.0,0.32,2.0,83.0,7.0,0.0,6.0,2.0,4.13333333333333,0.0,1.0,2.0,0.518367346938776,0.0,4.0,0.55849063,0.4415094
1802,74,0.0,1.0,1.0,1.0,0.0,5.0,4.0,2.0,10.0,8.0,4.0,0.32,2.0,83.0,3.0,0.0,6.0,2.0,45.4,0.0,1.0,0.0,0.518367346938776,0.0,4.0,0.94560957,0.05439042
1802,75,0.0,1.0,1.0,1.0,0.0,5.0,5.0,2.0,10.0,8.0,4.0,0.32,2.0,83.0,3.0,0.0,6.0,2.0,4.13333333333333,0.0,1.0,0.0,0.518367346938776,0.0,2.0,0.5421562,0.45784378
1802,76,0.0,1.0,1.0,1.0,0.0,5.0,4.0,2.0,20.0,8.0,4.0,0.32,2.0,83.0,3.0,0.0,6.0,2.0,22.6,0.0,1.0,0.0,0.518367346938776,0.0,4.0,0.94560957,0.05439042
1802,77,0.0,1.0,1.0,1.0,0.0,5.0,4.0,2.0,10.0,8.0,4.0,1.39,2.0,83.0,3.0,0.0,6.0,2.0,4.13333333333333,3.0,1.0,0.0,0.518367346938776,0.0,4.0,0.9754768,0.02452322
1802,78,0.0,13.0,1.0,1.0,0.0,5.0,4.0,2.0,10.0,8.0,4.0,0.68,2.0,83.0,3.0,0.0,6.0,2.0,4.13333333333333,0.0,1.0,0.0,0.518367346938776,0.0,4.0,0.7190436,0.28095642
1802,79,20.0,1.0,1.0,1.0,0.0,5.0,4.0,2.0,10.0,8.0,4.0,0.32,2.0,83.0,3.0,0.0,6.0,2.0,2.1,0.0,1.0,0.0,0.518367346938776,0.0,4.0,0.90138346,0.09861652
1802,80,0.0,1.0,1.0,1.0,0.0,5.0,4.0,2.0,10.0,8.0,4.0,0.32,2.0,83.0,3.0,0.0,6.0,2.0,36.5,0.0,2.0,0.0,0.518367346938776,0.0,4.0,0.94814324,0.05185674
1802,81,0.0,1.0,1.0,1.0,0.0,5.0,4.0,6.0,13.0,8.0,4.0,0.32,2.0,83.0,3.0,0.0,6.0,2.0,4.13333333333333,0.0,1.0,0.0,0.518367346938776,0.0,4.0,0.5910951,0.40890494
1802,82,0.0,1.0,1.0,1.0,0.0,5.0,4.0,2.0,29.0,8.0,4.0,0.32,2.0,83.0,3.0,0.0,64.0,2.0,4.13333333333333,0.0,1.0,0.0,0.518367346938776,0.0,4.0,0.68949074,0.31050926
1802,83,0.0,1.0,1.0,1.0,0.0,5.0,4.0,2.0,10.0,8.0,62.0,0.32,2.0,83.0,3.0,0.0,6.0,2.0,4.13333333333333,0.0,16.0,0.0,0.518367346938776,0.0,4.0,0.6768874,0.32311258
1802,84,0.0,1.0,1.0,1.0,0.0,5.0,4.0,2.0,25.0,8.0,4.0,0.32,2.0,83.0,3.0,0.0,6.0,2.0,4.13333333333333,0.0,1.0,3.0,0.518367346938776,0.0,4.0,0.54856324,0.45143676
1802,85,0.0,13.0,1.0,1.0,0.0,5.0,4.0,2.0,10.0,8.0,4.0,2.79,2.0,83.0,3.0,0.0,6.0,2.0,4.13333333333333,0.0,1.0,0.0,0.518367346938776,0.0,4.0,0.96413726,0.035862755
1802,86,0.0,1.0,1.0,1.0,0.0,5.0,4.0,2.0,10.0,8.0,4.0,0.32,2.0,83.0,3.0,0.0,6.0,2.0,4.13333333333333,0.0,9.0,0.0,0.518367346938776,0.0,4.0,0.6162516,0.3837484
1802,87,0.0,1.0,1.0,1.0,0.0,5.0,4.0,2.0,9.0,8.0,54.0,0.32,2.0,83.0,3.0,0.0,6.0,2.0,4.13333333333333,0.0,1.0,0.0,0.518367346938776,0.0,4.0,0.5352222,0.46477786
1802,88,0.0,1.0,1.0,1.0,18.0,5.0,4.0,2.0,10.0,8.0,4.0,0.32,2.0,83.0,3.0,0.0,54.0,2.0,4.13333333333333,0.0,1.0,0.0,0.518367346938776,0.0,4.0,0.52564883,0.4743512
1802,89,0.0,1.0,1.0,1.0,0.0,5.0,4.0,5.0,10.0,8.0,4.0,0.32,2.0,83.0,3.0,0.0,53.0,2.0,4.13333333333333,0.0,1.0,0.0,0.518367346938776,0.0,4.0,0.80715746,0.19284256
1802,90,0.0,1.0,1.0,1.0,0.0,5.0,4.0,9.0,10.0,8.0,4.0,0.32,2.0,83.0,3.0,0.0,37.0,2.0,4.13333333333333,0.0,1.0,0.0,0.518367346938776,0.0,4.0,0.7307323,0.2692677
1802,91,0.0,1.0,1.0,1.0,0.0,5.0,4.0,2.0,10.0,8.0,48.0,0.32,2.0,83.0,3.0,0.0,6.0,2.0,4.13333333333333,0.0,5.0,0.0,0.518367346938776,0.0,4.0,0.6768874,0.32311258
1802,92,0.0,1.0,1.0,1.0,0.0,2.0,4.0,2.0,10.0,8.0,110.0,0.32,2.0,83.0,3.0,0.0,6.0,2.0,4.13333333333333,0.0,1.0,0.0,0.518367346938776,0.0,4.0,0.7585257,0.24147429
1802,93,0.0,1.0,4.0,1.0,0.0,5.0,4.0,2.0,10.0,8.0,4.0,4.57,2.0,83.0,3.0,0.0,6.0,2.0,4.13333333333333,0.0,1.0,0.0,0.518367346938776,0.0,4.0,0.97299314,0.027006852
1802,94,0.0,1.0,1.0,1.0,0.0,5.0,4.0,2.0,10.0,8.0,4.0,3.4,2.0,75.0,3.0,0.0,6.0,2.0,4.13333333333333,0.0,1.0,0.0,0.518367346938776,0.0,4.0,0.9631626,0.036837418
1802,95,0.0,1.0,1.0,1.0,0.0,5.0,4.0,2.0,10.0,8.0,4.0,2.95,2.0,83.0,3.0,13.0,6.0,2.0,4.13333333333333,0.0,1.0,0.0,0.518367346938776,0.0,4.0,0.9359819,0.064018086
1802,96,0.0,1.0,1.0,1.0,0.0,5.0,0.0,2.0,10.0,8.0,4.0,0.32,2.0,83.0,1.0,0.0,6.0,2.0,4.13333333333333,0.0,1.0,0.0,0.518367346938776,0.0,4.0,0.6133661,0.38663387
1802,97,0.0,1.0,1.0,1.0,0.0,1.0,4.0,2.0,10.0,8.0,4.0,1.91,2.0,83.0,3.0,0.0,6.0,2.0,4.13333333333333,0.0,1.0,0.0,0.518367346938776,0.0,4.0,0.9920277,0.007972307
1802,98,0.0,1.0,1.0,1.0,0.0,5.0,4.0,2.0,10.0,8.0,4.0,0.32,2.0,83.0,3.0,0.0,50.0,2.0,4.13333333333333,0.0,1.0,0.0,0.518367346938776,0.0,4.0,0.68949074,0.31050926
1802,99,0.0,1.0,1.0,1.0,0.0,5.0,4.0,2.0,10.0,8.0,4.0,4.35,2.0,83.0,3.0,24.0,6.0,2.0,4.13333333333333,0.0,1.0,0.0,0.518367346938776,0.0,4.0,0.9607303,0.03926968
1803,0,0.0,0.0,2.0,1.0,2.0,1.0,3.0,1.0,21.0,9.0,3.0,0.22,0.0,89.0,2.0,3.0,4.0,1.0,3.84210526315789,1.0,2.0,0.0,1.0,0.0,3.0,0.8190472,0.1809528
1803,1,0.0,0.0,2.0,1.0,2.0,1.0,3.0,1.0,16.0,28.0,3.0,6.72,0.0,89.0,2.0,3.0,4.0,1.0,3.84210526315789,1.0,2.0,0.0,0.595505617977528,0.0,3.0,0.7633223,0.23667772
1803,2,0.0,0.0,2.0,1.0,2.0,1.0,3.0,1.0,16.0,9.0,3.0,0.22,12.0,89.0,2.0,3.0,61.0,1.0,3.84210526315789,1.0,2.0,0.0,0.595505617977528,0.0,3.0,0.6339928,0.3660072
1803,3,0.0,0.0,2.0,1.0,2.0,1.0,3.0,1.0,16.0,9.0,3.0,0.22,0.0,89.0,2.0,3.0,35.0,1.0,3.84210526315789,1.0,12.0,0.0,0.595505617977528,0.0,3.0,0.6522265,0.3477735
1803,4,0.0,0.0,2.0,1.0,2.0,1.0,3.0,1.0,12.0,9.0,3.0,0.22,0.0,89.0,2.0,3.0,4.0,1.0,13.7,1.0,2.0,0.0,0.595505617977528,0.0,3.0,0.68367606,0.31632394
1803,5,0.0,0.0,2.0,1.0,2.0,1.0,3.0,1.0,16.0,9.0,3.0,0.22,0.0,89.0,2.0,3.0,61.0,1.0,3.84210526315789,1.0,31.0,0.0,0.595505617977528,0.0,3.0,0.6522265,0.3477735
1803,6,0.0,0.0,2.0,1.0,2.0,1.0,3.0,1.0,16.0,14.0,3.0,0.22,0.0,89.0,2.0,3.0,4.0,1.0,43.1,1.0,2.0,0.0,0.595505617977528,0.0,3.0,0.51187074,0.48812923
1803,7,0.0,0.0,2.0,1.0,2.0,1.0,3.0,1.0,27.0,9.0,3.0,5.03,0.0,89.0,2.0,3.0,4.0,1.0,3.84210526315789,1.0,2.0,0.0,0.595505617977528,0.0,3.0,0.95441365,0.04558633
1803,8,0.0,0.0,2.0,1.0,2.0,1.0,3.0,1.0,16.0,9.0,3.0,7.19,0.0,89.0,2.0,3.0,4.0,1.0,3.84210526315789,1.0,2.0,0.0,0.595505617977528,0.0,3.0,0.95441365,0.04558633
1803,9,0.0,0.0,2.0,1.0,2.0,1.0,3.0,1.0,16.0,9.0,3.0,2.2,0.0,89.0,2.0,3.0,4.0,1.0,3.84210526315789,1.0,8.0,0.0,0.595505617977528,0.0,3.0,0.9839056,0.016094377
1803,10,0.0,0.0,2.0,1.0,2.0,1.0,3.0,1.0,16.0,9.0,3.0,1.69,0.0,89.0,2.0,3.0,4.0,1.0,3.84210526315789,1.0,2.0,0.0,0.595505617977528,0.0,3.0,0.96852636,0.03147365
1803,11,0.0,0.0,2.0,1.0,2.0,1.0,3.0,1.0,16.0,9.0,3.0,3.95,15.0,89.0,2.0,3.0,4.0,1.0,3.84210526315789,1.0,2.0,0.0,0.595505617977528,0.0,3.0,0.9589474,0.04105255
1803,12,0.0,0.0,2.0,1.0,2.0,1.0,3.0,1.0,16.0,9.0,43.0,0.22,0.0,89.0,2.0,3.0,4.0,1.0,7.6,1.0,2.0,0.0,0.595505617977528,0.0,3.0,0.5880165,0.41198346
1803,13,0.0,0.0,2.0,1.0,2.0,1.0,3.0,1.0,16.0,9.0,3.0,0.22,0.0,89.0,2.0,3.0,4.0,1.0,30.8,1.0,2.0,0.0,0.595505617977528,0.0,3.0,0.68367606,0.31632394
1803,14,0.0,0.0,2.0,1.0,2.0,1.0,3.0,1.0,16.0,9.0,3.0,1.45,0.0,89.0,2.0,3.0,4.0,1.0,3.84210526315789,1.0,2.0,0.0,0.595505617977528,0.0,3.0,0.96852636,0.03147365
1803,15,0.0,0.0,2.0,1.0,2.0,1.0,3.0,9.0,16.0,9.0,3.0,0.22,0.0,89.0,2.0,3.0,4.0,1.0,3.84210526315789,1.0,2.0,0.0,0.595505617977528,0.0,0.0,0.5791497,0.42085028
1803,16,0.0,0.0,2.0,1.0,2.0,1.0,3.0,1.0,16.0,9.0,3.0,1.79,0.0,89.0,2.0,3.0,4.0,1.0,3.84210526315789,1.0,2.0,0.0,0.595505617977528,0.0,3.0,0.96852636,0.03147365
1803,17,0.0,0.0,2.0,1.0,2.0,1.0,3.0,1.0,16.0,9.0,3.0,0.22,0.0,89.0,2.0,3.0,4.0,1.0,28.2,1.0,2.0,0.0,0.595505617977528,0.0,3.0,0.68367606,0.31632394
1803,18,0.0,0.0,2.0,1.0,2.0,1.0,2.0,1.0,16.0,9.0,3.0,0.22,0.0,89.0,2.0,3.0,4.0,1.0,3.84210526315789,1.0,2.0,0.0,0.9,0.0,3.0,0.89176387,0.10823613
1803,19,0.0,0.0,2.0,1.0,2.0,1.0,3.0,1.0,16.0,9.0,3.0,4.91,0.0,89.0,2.0,3.0,4.0,1.0,3.84210526315789,1.0,2.0,0.0,0.595505617977528,0.7,3.0,0.6053492,0.39465082
1803,20,0.0,0.0,2.0,1.0,2.0,1.0,3.0,1.0,16.0,9.0,3.0,0.22,0.0,89.0,2.0,3.0,65.0,1.0,3.84210526315789,1.0,2.0,0.0,0.595505617977528,0.0,3.0,0.5996781,0.4003219
1803,21,0.0,0.0,2.0,1.0,2.0,1.0,3.0,1.0,16.0,9.0,3.0,0.22,0.0,89.0,2.0,3.0,4.0,1.0,47.3,1.0,2.0,0.0,0.595505617977528,0.0,3.0,0.68367606,0.31632394
1803,22,0.0,0.0,2.0,1.0,7.0,1.0,3.0,1.0,16.0,9.0,3.0,0.22,0.0,89.0,2.0,3.0,4.0,1.0,49.2,1.0,2.0,0.0,0.595505617977528,0.0,3.0,0.69943124,0.30056876
1803,23,0.0,0.0,2.0,1.0,18.0,1.0,3.0,1.0,16.0,9.0,3.0,6.72,0.0,89.0,2.0,3.0,4.0,1.0,3.84210526315789,1.0,2.0,0.0,0.595505617977528,0.0,3.0,0.95752203,0.04247798
1803,24,0.0,0.0,2.0,1.0,2.0,1.0,3.0,1.0,16.0,9.0,3.0,6.85,0.0,89.0,6.0,3.0,4.0,1.0,3.84210526315789,1.0,2.0,0.0,0.595505617977528,0.0,3.0,0.9653923,0.034607694
1803,25,0.0,0.0,2.0,1.0,2.0,1.0,3.0,1.0,16.0,9.0,3.0,0.22,0.0,89.0,2.0,3.0,4.0,1.0,47.6,1.0,2.0,0.0,0.595505617977528,0.0,3.0,0.68367606,0.31632394
1803,26,0.0,0.0,2.0,1.0,2.0,1.0,3.0,1.0,16.0,9.0,3.0,0.22,0.0,89.0,2.0,3.0,69.0,1.0,3.84210526315789,1.0,2.0,3.0,0.595505617977528,0.0,3.0,0.6465715,0.3534285
1803,27,0.0,0.0,2.0,1.0,2.0,1.0,3.0,5.0,16.0,9.0,3.0,0.22,0.0,89.0,2.0,3.0,29.0,1.0,3.84210526315789,1.0,2.0,0.0,0.595505617977528,0.0,3.0,0.5331698,0.4668302
1803,28,0.0,0.0,0.0,1.0,2.0,1.0,3.0,1.0,16.0,9.0,3.0,0.22,0.0,89.0,2.0,3.0,4.0,1.0,37.4,1.0,2.0,0.0,0.595505617977528,0.0,3.0,0.68367606,0.31632394
1803,29,0.0,0.0,2.0,96.0,2.0,1.0,3.0,1.0,16.0,9.0,3.0,0.22,0.0,89.0,2.0,3.0,4.0,1.0,3.84210526315789,1.0,2.0,0.0,1.1,0.0,3.0,0.8263373,0.17366274
1803,30,0.0,0.0,2.0,3.0,2.0,1.0,3.0,1.0,16.0,9.0,3.0,0.22,0.0,89.0,2.0,3.0,58.0,1.0,3.84210526315789,1.0,2.0,0.0,0.595505617977528,0.0,3.0,0.5996781,0.4003219
1803,31,0.0,0.0,2.0,1.0,2.0,1.0,3.0,1.0,2.0,9.0,115.0,0.22,0.0,89.0,2.0,3.0,4.0,1.0,3.84210526315789,1.0,2.0,0.0,0.595505617977528,0.0,3.0,0.6665653,0.33343467
1803,32,0.0,0.0,2.0,1.0,2.0,1.0,3.0,1.0,16.0,9.0,3.0,0.22,0.0,89.0,4.0,3.0,4.0,1.0,42.1,1.0,2.0,0.0,0.595505617977528,0.0,3.0,0.8130449,0.18695511
1803,33,0.0,0.0,2.0,1.0,2.0,1.0,14.0,1.0,16.0,9.0,3.0,0.22,0.0,89.0,2.0,3.0,69.0,1.0,3.84210526315789,1.0,2.0,0.0,0.595505617977528,0.0,3.0,0.67380834,0.32619163
1803,34,0.0,0.0,2.0,1.0,2.0,1.0,3.0,1.0,16.0,9.0,3.0,3.95,0.0,89.0,2.0,3.0,4.0,1.0,3.84210526315789,1.0,2.0,0.0,0.595505617977528,0.0,3.0,0.95441365,0.04558633
1803,35,0.0,0.0,2.0,1.0,2.0,1.0,3.0,1.0,16.0,9.0,3.0,5.28,0.0,89.0,2.0,3.0,4.0,1.0,3.84210526315789,1.0,2.0,0.0,0.595505617977528,0.0,3.0,0.95441365,0.04558633
1803,36,0.0,0.0,2.0,1.0,2.0,1.0,3.0,1.0,16.0,9.0,3.0,2.2,0.0,89.0,2.0,3.0,4.0,1.0,3.84210526315789,1.0,2.0,0.0,0.595505617977528,0.0,3.0,0.96852636,0.03147365
1803,37,0.0,0.0,2.0,1.0,2.0,1.0,3.0,1.0,16.0,9.0,3.0,3.86,0.0,89.0,2.0,3.0,4.0,1.0,3.84210526315789,19.0,2.0,0.0,0.595505617977528,0.0,3.0,0.85367423,0.14632575
1803,38,0.0,0.0,2.0,1.0,2.0,1.0,3.0,1.0,16.0,9.0,3.0,3.61,0.0,89.0,2.0,3.0,4.0,1.0,3.84210526315789,1.0,2.0,0.0,0.595505617977528,0.0,3.0,0.95441365,0.04558633
1803,39,0.0,0.0,2.0,1.0,2.0,1.0,3.0,1.0,16.0,9.0,3.0,4.52,0.0,89.0,2.0,3.0,51.0,1.0,3.84210526315789,1.0,2.0,0.0,0.595505617977528,0.0,3.0,0.97175974,0.028240258
1803,40,0.0,0.0,2.0,1.0,2.0,1.0,3.0,1.0,16.0,9.0,3.0,0.22,0.0,89.0,2.0,3.0,4.0,1.0,2.3,1.0,2.0,0.0,0.595505617977528,0.0,3.0,0.7441045,0.25589553
1803,41,0.0,0.0,2.0,1.0,2.0,1.0,3.0,1.0,16.0,9.0,3.0,0.22,0.0,89.0,2.0,3.0,33.0,1.0,3.84210526315789,1.0,34.0,0.0,0.595505617977528,0.0,3.0,0.6522265,0.3477735
1803,42,0.0,0.0,2.0,1.0,2.0,1.0,3.0,1.0,16.0,9.0,3.0,2.49,0.0,89.0,2.0,3.0,4.0,1.0,3.84210526315789,1.0,2.0,0.0,0.595505617977528,0.0,3.0,0.93065506,0.06934492
1803,43,0.0,0.0,2.0,1.0,2.0,1.0,3.0,1.0,16.0,9.0,3.0,1.5,1.0,89.0,2.0,3.0,4.0,1.0,3.84210526315789,1.0,2.0,0.0,0.595505617977528,0.0,3.0,0.96852636,0.03147365
1803,44,0.0,0.0,2.0,1.0,2.0,1.0,3.0,1.0,16.0,9.0,3.0,0.22,0.0,89.0,2.0,3.0,28.0,1.0,30.0,1.0,2.0,0.0,0.595505617977528,0.0,3.0,0.8582265,0.1417735
1803,45,0.0,0.0,4.0,1.0,2.0,1.0,3.0,1.0,16.0,9.0,3.0,4.68,0.0,89.0,2.0,3.0,4.0,1.0,3.84210526315789,1.0,2.0,0.0,0.595505617977528,0.0,3.0,0.95441365,0.04558633
1803,46,0.0,0.0,2.0,1.0,2.0,1.0,3.0,1.0,16.0,9.0,3.0,0.22,0.0,89.0,2.0,3.0,40.0,1.0,3.84210526315789,1.0,38.0,0.0,0.595505617977528,0.0,3.0,0.6522265,0.3477735
1803,47,0.0,0.0,2.0,1.0,31.0,1.0,3.0,1.0,16.0,9.0,3.0,4.09,0.0,89.0,2.0,3.0,4.0,1.0,3.84210526315789,1.0,2.0,0.0,0.595505617977528,0.0,3.0,0.95752203,0.04247798
1803,48,0.0,0.0,2.0,2.0,2.0,1.0,3.0,1.0,16.0,9.0,3.0,0.22,0.0,89.0,2.0,3.0,37.0,1.0,3.84210526315789,1.0,2.0,0.0,0.595505617977528,0.0,3.0,0.5996781,0.4003219
1803,49,0.0,0.0,2.0,1.0,2.0,1.0,3.0,1.0,16.0,9.0,3.0,0.22,0.0,89.0,2.0,3.0,4.0,1.0,3.84210526315789,1.0,2.0,0.0,1.1,0.0,3.0,0.8190472,0.1809528
1803,50,0.0,0.0,2.0,1.0,2.0,1.0,3.0,1.0,16.0,9.0,3.0,0.22,0.0,89.0,5.0,3.0,52.0,1.0,3.84210526315789,1.0,2.0,0.0,0.595505617977528,0.0,3.0,0.7727876,0.22721244
1803,51,0.0,0.0,2.0,1.0,2.0,1.0,3.0,1.0,16.0,9.0,3.0,0.22,0.0,89.0,2.0,3.0,21.0,1.0,3.84210526315789,1.0,2.0,0.0,0.595505617977528,0.5,3.0,0.544525,0.455475
1803,52,0.0,0.0,2.0,1.0,2.0,1.0,3.0,1.0,16.0,9.0,3.0,0.22,9.0,89.0,2.0,3.0,4.0,1.0,21.8,1.0,2.0,0.0,0.595505617977528,0.0,3.0,0.6983237,0.30167627
1803,53,0.0,0.0,2.0,1.0,2.0,1.0,3.0,1.0,16.0,9.0,3.0,4.52,0.0,89.0,2.0,3.0,4.0,1.0,3.84210526315789,1.0,2.0,0.0,0.595505617977528,0.0,3.0,0.95441365,0.04558633
1803,54,0.0,0.0,2.0,1.0,2.0,1.0,3.0,1.0,16.0,9.0,3.0,0.22,0.0,89.0,2.0,3.0,4.0,1.0,3.84210526315789,1.0,2.0,0.0,0.7,0.0,2.0,0.57399356,0.4260064
1803,55,0.0,0.0,2.0,1.0,2.0,1.0,3.0,8.0,16.0,9.0,3.0,0.22,0.0,89.0,2.0,3.0,4.0,1.0,3.84210526315789,1.0,2.0,0.0,0.595505617977528,0.0,0.0,0.5791497,0.42085028
1803,56,0.0,0.0,2.0,1.0,2.0,1.0,3.0,1.0,16.0,9.0,3.0,0.22,0.0,89.0,2.0,3.0,21.0,1.0,3.84210526315789,1.0,2.0,0.0,0.595505617977528,0.0,3.0,0.5996781,0.4003219
1803,57,0.0,0.0,2.0,1.0,2.0,1.0,3.0,1.0,16.0,9.0,3.0,7.27,0.0,89.0,2.0,3.0,4.0,1.0,3.84210526315789,1.0,2.0,0.0,0.595505617977528,0.0,3.0,0.95441365,0.04558633
1803,58,0.0,0.0,2.0,1.0,2.0,1.0,3.0,1.0,16.0,9.0,3.0,3.42,0.0,89.0,2.0,3.0,4.0,1.0,3.84210526315789,1.0,2.0,0.0,0.595505617977528,0.0,3.0,0.95441365,0.04558633
1803,59,0.0,0.0,2.0,66.0,2.0,1.0,3.0,1.0,16.0,9.0,3.0,0.22,0.0,89.0,2.0,3.0,4.0,1.0,3.84210526315789,1.0,2.0,0.0,0.595505617977528,0.0,1.0,0.8186395,0.18136051
1803,60,0.0,0.0,0.0,1.0,2.0,1.0,3.0,1.0,16.0,9.0,3.0,2.06,0.0,89.0,2.0,3.0,4.0,1.0,3.84210526315789,1.0,2.0,0.0,0.595505617977528,0.0,3.0,0.96658444,0.033415567
1803,61,0.0,0.0,2.0,1.0,2.0,1.0,3.0,1.0,16.0,9.0,3.0,0.22,0.0,89.0,2.0,3.0,42.0,1.0,3.84210526315789,1.0,2.0,0.0,0.595505617977528,0.0,4.0,0.5996781,0.4003219
1803,62,0.0,0.0,2.0,1.0,2.0,1.0,3.0,1.0,16.0,9.0,3.0,5.02,0.0,89.0,2.0,3.0,4.0,1.0,3.84210526315789,1.0,2.0,0.0,0.595505617977528,0.0,3.0,0.95441365,0.04558633
1803,63,0.0,0.0,2.0,1.0,2.0,1.0,3.0,1.0,2.0,9.0,3.0,1.86,0.0,89.0,2.0,3.0,4.0,1.0,3.84210526315789,1.0,2.0,0.0,0.595505617977528,0.0,3.0,0.9941293,0.0058706705
1803,64,0.0,0.0,2.0,1.0,2.0,1.0,3.0,5.0,16.0,9.0,3.0,0.22,0.0,89.0,2.0,3.0,4.0,1.0,3.84210526315789,1.0,2.0,0.0,0.595505617977528,0.0,1.0,0.80476606,0.19523396
1803,65,0.0,0.0,2.0,1.0,2.0,1.0,3.0,1.0,16.0,9.0,3.0,0.22,0.0,89.0,2.0,3.0,4.0,1.0,41.1,1.0,2.0,0.0,0.595505617977528,0.0,3.0,0.68367606,0.31632394
1803,66,0.0,0.0,2.0,1.0,2.0,1.0,3.0,1.0,16.0,9.0,3.0,0.22,0.0,89.0,2.0,3.0,11.0,1.0,3.84210526315789,1.0,2.0,0.0,0.595505617977528,0.0,3.0,0.5400686,0.4599314
1803,67,0.0,0.0,2.0,1.0,2.0,1.0,2.0,1.0,16.0,9.0,3.0,0.22,0.0,89.0,2.0,3.0,4.0,1.0,3.84210526315789,1.0,2.0,0.0,0.595505617977528,0.0,1.0,0.87117034,0.12882964
1803,68,0.0,0.0,2.0,1.0,2.0,1.0,6.0,1.0,16.0,9.0,3.0,6.73,0.0,89.0,2.0,3.0,4.0,1.0,3.84210526315789,1.0,2.0,0.0,0.595505617977528,0.0,3.0,0.9587521,0.04124791
1803,69,0.0,0.0,2.0,1.0,2.0,1.0,3.0,1.0,16.0,9.0,3.0,0.22,11.0,89.0,2.0,3.0,4.0,1.0,38.0,1.0,2.0,0.0,0.595505617977528,0.0,3.0,0.6983237,0.30167627
1803,70,0.0,0.0,2.0,1.0,2.0,1.0,3.0,1.0,16.0,9.0,3.0,0.22,10.0,89.0,2.0,3.0,4.0,1.0,42.9,1.0,2.0,0.0,0.595505617977528,0.0,3.0,0.6983237,0.30167627
1803,71,0.0,0.0,2.0,1.0,2.0,1.0,3.0,1.0,16.0,9.0,3.0,1.73,0.0,89.0,2.0,3.0,4.0,1.0,3.84210526315789,1.0,2.0,0.0,0.595505617977528,0.0,3.0,0.96852636,0.03147365
1803,72,0.0,0.0,2.0,69.0,2.0,1.0,3.0,1.0,16.0,9.0,3.0,3.23,0.0,89.0,2.0,3.0,4.0,1.0,3.84210526315789,1.0,2.0,0.0,0.595505617977528,0.0,3.0,0.960093,0.039906967
1803,73,0.0,0.0,2.0,1.0,2.0,1.0,3.0,1.0,16.0,9.0,3.0,0.22,0.0,89.0,2.0,3.0,4.0,1.0,39.5,1.0,2.0,0.0,0.595505617977528,0.0,3.0,0.68367606,0.31632394
1803,74,0.0,0.0,2.0,1.0,43.0,1.0,3.0,1.0,16.0,9.0,3.0,0.22,0.0,89.0,2.0,3.0,4.0,1.0,42.5,1.0,2.0,0.0,0.595505617977528,0.0,3.0,0.69943124,0.30056876
1803,75,0.0,0.0,2.0,1.0,2.0,1.0,3.0,1.0,16.0,9.0,3.0,6.0,0.0,89.0,2.0,3.0,4.0,1.0,3.84210526315789,1.0,2.0,0.0,0.595505617977528,0.0,3.0,0.95441365,0.04558633
1803,76,0.0,0.0,2.0,1.0,2.0,1.0,3.0,1.0,16.0,9.0,3.0,0.22,0.0,89.0,2.0,14.0,4.0,1.0,3.84210526315789,1.0,2.0,0.0,0.595505617977528,0.0,0.0,0.8273583,0.17264168
1803,77,0.0,0.0,2.0,1.0,2.0,1.0,3.0,1.0,16.0,9.0,3.0,0.22,0.0,89.0,2.0,3.0,48.0,1.0,3.84210526315789,1.0,2.0,0.0,0.595505617977528,0.0,4.0,0.5996781,0.4003219
1803,78,0.0,0.0,2.0,1.0,2.0,1.0,3.0,1.0,16.0,9.0,3.0,0.22,0.0,89.0,2.0,3.0,4.0,1.0,39.3,1.0,2.0,0.0,0.595505617977528,0.0,3.0,0.68367606,0.31632394
1803,79,0.0,0.0,2.0,1.0,2.0,1.0,3.0,1.0,8.0,9.0,3.0,0.22,0.0,89.0,2.0,3.0,4.0,1.0,3.84210526315789,1.0,2.0,0.0,1.1,0.0,3.0,0.72512174,0.27487823
1803,80,0.0,0.0,2.0,1.0,2.0,1.0,3.0,1.0,16.0,9.0,3.0,0.22,0.0,89.0,2.0,3.0,24.0,1.0,3.84210526315789,1.0,7.0,0.0,0.595505617977528,0.0,3.0,0.6522265,0.3477735
1803,81,0.0,0.0,2.0,1.0,2.0,1.0,3.0,1.0,16.0,9.0,3.0,3.51,0.0,89.0,2.0,3.0,4.0,1.0,3.84210526315789,1.0,2.0,0.0,0.595505617977528,0.0,3.0,0.95441365,0.04558633
1803,82,0.0,0.0,2.0,1.0,2.0,1.0,8.0,1.0,16.0,9.0,3.0,0.22,0.0,89.0,2.0,3.0,4.0,1.0,41.6,1.0,2.0,0.0,0.595505617977528,0.0,3.0,0.7487682,0.25123176
1803,83,0.0,0.0,2.0,1.0,2.0,1.0,3.0,1.0,16.0,9.0,3.0,0.22,0.0,89.0,2.0,3.0,4.0,1.0,46.3,1.0,22.0,0.0,0.595505617977528,0.0,3.0,0.74976873,0.25023127
1803,84,0.0,0.0,2.0,1.0,13.0,1.0,3.0,1.0,16.0,9.0,3.0,0.22,0.0,89.0,2.0,3.0,42.0,1.0,3.84210526315789,1.0,2.0,0.0,0.595505617977528,0.0,3.0,0.6172749,0.38272512
1803,85,0.0,0.0,2.0,1.0,2.0,1.0,3.0,1.0,16.0,9.0,3.0,0.22,0.0,89.0,2.0,3.0,4.0,1.0,44.9,2.0,2.0,0.0,0.595505617977528,0.0,3.0,0.68367606,0.31632394
1803,86,0.0,0.0,2.0,1.0,2.0,1.0,3.0,1.0,16.0,9.0,3.0,0.22,0.0,89.0,2.0,4.0,24.0,1.0,3.84210526315789,1.0,2.0,0.0,0.595505617977528,0.0,3.0,0.5996781,0.4003219
1803,87,0.0,0.0,2.0,1.0,2.0,1.0,3.0,1.0,16.0,9.0,3.0,2.53,0.0,89.0,2.0,3.0,27.0,1.0,3.84210526315789,1.0,2.0,0.0,0.595505617977528,0.0,3.0,0.95663077,0.043369237
1803,88,0.0,0.0,2.0,1.0,2.0,9.0,3.0,1.0,16.0,9.0,3.0,0.22,0.0,89.0,2.0,3.0,4.0,1.0,47.7,1.0,2.0,0.0,0.595505617977528,0.0,3.0,0.5095149,0.4904851
1803,89,0.0,0.0,2.0,1.0,2.0,1.0,3.0,1.0,16.0,9.0,3.0,0.22,0.0,89.0,4.0,3.0,4.0,1.0,3.84210526315789,1.0,2.0,0.0,0.9,0.0,3.0,0.9322833,0.067716725
1803,90,0.0,0.0,2.0,1.0,2.0,1.0,3.0,1.0,16.0,9.0,78.0,1.63,0.0,89.0,2.0,3.0,4.0,1.0,3.84210526315789,1.0,2.0,0.0,0.595505617977528,0.0,3.0,0.9636068,0.03639321
1803,91,0.0,0.0,2.0,1.0,2.0,1.0,3.0,1.0,16.0,9.0,3.0,0.22,0.0,89.0,1.0,3.0,43.0,1.0,3.84210526315789,1.0,2.0,0.0,0.595505617977528,0.0,3.0,0.6023786,0.39762142
1803,92,0.0,0.0,2.0,1.0,2.0,1.0,3.0,1.0,16.0,9.0,3.0,0.22,0.0,65.0,2.0,3.0,4.0,1.0,3.84210526315789,1.0,2.0,0.0,0.595505617977528,0.0,1.0,0.6126263,0.3873737
1803,93,0.0,0.0,2.0,1.0,2.0,9.0,3.0,1.0,16.0,9.0,3.0,0.22,0.0,89.0,2.0,3.0,4.0,1.0,29.3,1.0,2.0,0.0,0.595505617977528,0.0,3.0,0.5095149,0.4904851
1803,94,0.0,0.0,2.0,1.0,2.0,1.0,3.0,1.0,16.0,9.0,3.0,0.22,0.0,89.0,2.0,3.0,69.0,1.0,3.84210526315789,1.0,2.0,0.0,0.595505617977528,0.0,3.0,0.5996781,0.4003219
1803,95,0.0,0.0,2.0,1.0,2.0,1.0,3.0,1.0,16.0,9.0,3.0,0.22,0.0,89.0,2.0,3.0,27.0,1.0,3.84210526315789,1.0,2.0,0.0,0.8,0.0,3.0,0.9353051,0.0646949
1803,96,0.0,0.0,2.0,1.0,2.0,1.0,3.0,1.0,16.0,9.0,3.0,0.22,0.0,89.0,2.0,5.0,4.0,1.0,21.5,1.0,2.0,0.0,0.595505617977528,0.0,3.0,0.68367606,0.31632394
1803,97,0.0,0.0,2.0,1.0,36.0,1.0,3.0,1.0,16.0,9.0,3.0,0.22,0.0,89.0,2.0,3.0,4.0,1.0,3.84210526315789,1.0,2.0,0.0,0.7,0.0,3.0,0.59195113,0.40804887
1803,98,0.0,0.0,2.0,1.0,2.0,1.0,3.0,1.0,16.0,9.0,3.0,5.36,0.0,89.0,2.0,3.0,4.0,1.0,3.84210526315789,1.0,2.0,0.0,0.595505617977528,0.0,3.0,0.95441365,0.04558633
1803,99,0.0,17.0,2.0,1.0,2.0,1.0,3.0,1.0,16.0,9.0,3.0,0.22,0.0,89.0,2.0,3.0,4.0,1.0,3.84210526315789,1.0,2.0,0.0,0.595505617977528,0.0,1.0,0.82661116,0.17338887
1818,0,0.0,0.0,1.0,7.0,5.0,0.0,2.0,1.0,3.0,8.0,28.0,0.14,0.0,91.0,1.0,13.0,6.0,4.0,51.9,0.0,0.0,0.0,0.450549450549451,1.0,3.0,0.9669414,0.03305859
1818,1,0.0,0.0,1.0,7.0,5.0,0.0,2.0,1.0,3.0,8.0,28.0,0.14,0.0,91.0,1.0,0.0,6.0,4.0,3.41935483870968,7.0,0.0,0.0,0.8,1.0,3.0,0.55433047,0.44566956
1818,2,0.0,0.0,1.0,7.0,38.0,0.0,2.0,1.0,3.0,8.0,19.0,0.14,0.0,91.0,1.0,0.0,6.0,4.0,3.41935483870968,0.0,0.0,0.0,0.450549450549451,1.0,3.0,0.59256506,0.40743494
1818,3,0.0,0.0,1.0,7.0,5.0,0.0,2.0,1.0,3.0,8.0,28.0,0.14,0.0,91.0,1.0,0.0,70.0,4.0,20.4,0.0,0.0,0.0,0.450549450549451,1.0,3.0,0.8711835,0.12881646
1818,4,0.0,0.0,1.0,53.0,5.0,0.0,2.0,1.0,3.0,8.0,28.0,0.14,0.0,91.0,1.0,0.0,6.0,4.0,3.41935483870968,0.0,0.0,0.0,0.8,1.0,3.0,0.663285,0.33671495
1818,5,0.0,0.0,1.0,7.0,5.0,4.0,2.0,1.0,3.0,8.0,28.0,0.14,0.0,91.0,1.0,0.0,6.0,4.0,29.0,0.0,0.0,0.0,0.450549450549451,1.0,3.0,0.9408313,0.05916868
1818,6,0.0,0.0,1.0,7.0,5.0,0.0,2.0,1.0,3.0,8.0,28.0,0.14,0.0,91.0,1.0,0.0,6.0,4.0,43.1,0.0,0.0,0.0,0.450549450549451,1.0,3.0,0.96679705,0.033202954
1818,7,0.0,0.0,1.0,7.0,5.0,0.0,2.0,1.0,3.0,8.0,134.0,0.14,0.0,91.0,1.0,0.0,6.0,4.0,3.41935483870968,0.0,0.0,0.0,0.450549450549451,1.0,3.0,0.8302633,0.16973667
1818,8,0.0,0.0,1.0,7.0,5.0,0.0,2.0,1.0,3.0,8.0,28.0,0.14,0.0,91.0,1.0,21.0,6.0,4.0,3.41935483870968,0.0,0.0,0.0,0.8,1.0,3.0,0.7876544,0.21234563
1818,9,0.0,0.0,1.0,7.0,5.0,0.0,2.0,1.0,3.0,8.0,28.0,0.14,15.0,91.0,1.0,0.0,6.0,4.0,3.41935483870968,0.0,8.0,0.0,0.450549450549451,1.0,3.0,0.6093138,0.3906862
1818,10,0.0,0.0,1.0,7.0,5.0,0.0,2.0,1.0,3.0,8.0,24.0,0.14,0.0,91.0,1.0,0.0,48.0,4.0,3.41935483870968,0.0,0.0,0.0,0.450549450549451,1.0,3.0,0.51710296,0.48289707
1818,11,7.0,0.0,1.0,7.0,5.0,0.0,2.0,1.0,3.0,8.0,28.0,0.14,0.0,91.0,1.0,50.0,6.0,4.0,3.41935483870968,0.0,0.0,0.0,0.450549450549451,1.0,3.0,0.50004286,0.49995714
1818,12,0.0,0.0,1.0,7.0,5.0,0.0,2.0,1.0,3.0,8.0,28.0,2.51,0.0,91.0,1.0,0.0,6.0,4.0,3.41935483870968,0.0,0.0,0.0,0.450549450549451,1.0,3.0,0.81456906,0.18543096
1818,13,0.0,0.0,1.0,7.0,5.0,0.0,2.0,1.0,3.0,8.0,28.0,0.14,0.0,91.0,1.0,5.0,6.0,4.0,3.41935483870968,0.0,28.0,0.0,0.450549450549451,1.0,3.0,0.5587226,0.44127738
1818,14,0.0,0.0,1.0,7.0,5.0,0.0,2.0,1.0,3.0,8.0,87.0,0.14,0.0,91.0,1.0,0.0,6.0,4.0,3.41935483870968,0.0,0.0,0.0,0.450549450549451,1.0,0.0,0.8386806,0.16131939
1818,15,0.0,0.0,4.0,7.0,5.0,0.0,2.0,1.0,3.0,8.0,28.0,0.14,0.0,91.0,1.0,0.0,6.0,4.0,41.6,0.0,0.0,0.0,0.450549450549451,1.0,3.0,0.9636912,0.0363088
1818,16,0.0,0.0,1.0,7.0,5.0,0.0,2.0,1.0,3.0,5.0,28.0,0.14,0.0,91.0,1.0,0.0,6.0,4.0,3.41935483870968,0.0,0.0,0.0,1.0,1.0,3.0,0.6707086,0.3292914
1818,17,0.0,0.0,2.0,7.0,5.0,0.0,2.0,1.0,3.0,8.0,28.0,6.4,0.0,91.0,1.0,0.0,6.0,4.0,3.41935483870968,0.0,0.0,0.0,0.450549450549451,1.0,3.0,0.93351173,0.066488296
1818,18,0.0,0.0,1.0,69.0,5.0,0.0,2.0,1.0,3.0,8.0,28.0,0.14,0.0,91.0,1.0,0.0,6.0,4.0,3.41935483870968,0.0,0.0,0.0,1.0,1.0,3.0,0.8703487,0.12965131
1818,19,0.0,0.0,1.0,7.0,5.0,0.0,2.0,1.0,3.0,8.0,28.0,0.14,0.0,91.0,1.0,0.0,6.0,4.0,38.0,0.0,0.0,0.0,0.450549450549451,1.0,3.0,0.96679705,0.033202954
1818,20,0.0,0.0,1.0,7.0,5.0,0.0,2.0,1.0,3.0,8.0,28.0,0.14,0.0,91.0,2.0,0.0,6.0,0.0,3.41935483870968,0.0,0.0,0.0,0.450549450549451,1.0,3.0,0.6305275,0.36947247
1818,21,0.0,0.0,1.0,7.0,5.0,0.0,2.0,1.0,3.0,8.0,28.0,2.95,0.0,91.0,1.0,0.0,6.0,4.0,3.41935483870968,0.0,0.0,0.0,0.450549450549451,0.4,3.0,0.80880284,0.19119719
1818,22,0.0,0.0,1.0,7.0,5.0,0.0,2.0,1.0,3.0,8.0,28.0,2.06,0.0,91.0,1.0,0.0,6.0,4.0,3.41935483870968,0.0,0.0,0.0,0.450549450549451,1.0,3.0,0.90968597,0.09031405
1818,23,0.0,0.0,1.0,7.0,5.0,0.0,2.0,1.0,3.0,8.0,28.0,0.14,0.0,91.0,1.0,0.0,6.0,4.0,49.2,0.0,0.0,0.0,0.450549450549451,1.0,3.0,0.96679705,0.033202954
1818,24,0.0,0.0,1.0,7.0,5.0,0.0,2.0,1.0,3.0,8.0,28.0,0.14,0.0,91.0,7.0,0.0,6.0,4.0,3.41935483870968,0.0,0.0,2.0,0.450549450549451,1.0,3.0,0.59977293,0.4002271
1818,25,0.0,0.0,1.0,7.0,5.0,0.0,2.0,1.0,3.0,8.0,28.0,6.6,0.0,91.0,6.0,0.0,6.0,4.0,3.41935483870968,0.0,0.0,0.0,0.450549450549451,1.0,3.0,0.96524847,0.034751527
1818,26,0.0,0.0,1.0,7.0,5.0,0.0,2.0,1.0,3.0,8.0,36.0,0.14,0.0,91.0,1.0,0.0,6.0,4.0,3.41935483870968,0.0,0.0,0.0,0.450549450549451,1.0,3.0,0.68349934,0.31650066
1818,27,0.0,0.0,1.0,7.0,5.0,0.0,2.0,1.0,3.0,8.0,28.0,0.14,0.0,91.0,4.0,0.0,6.0,4.0,31.5,0.0,0.0,0.0,0.450549450549451,1.0,3.0,0.98000616,0.019993847
1818,28,0.0,0.0,1.0,7.0,5.0,0.0,2.0,1.0,3.0,8.0,28.0,0.14,0.0,91.0,1.0,0.0,6.0,4.0,3.41935483870968,0.0,37.0,0.0,0.450549450549451,1.0,3.0,0.6839381,0.3160619
1818,29,0.0,0.0,1.0,7.0,5.0,0.0,2.0,1.0,3.0,8.0,28.0,0.14,0.0,91.0,2.0,0.0,6.0,3.0,3.41935483870968,0.0,0.0,0.0,0.450549450549451,1.0,3.0,0.5898987,0.41010126
1818,30,0.0,0.0,1.0,7.0,5.0,0.0,2.0,1.0,3.0,8.0,73.0,0.14,0.0,91.0,1.0,0.0,6.0,4.0,3.41935483870968,0.0,17.0,0.0,0.450549450549451,1.0,3.0,0.9346593,0.065340705
1818,31,0.0,0.0,1.0,7.0,5.0,0.0,2.0,1.0,3.0,8.0,28.0,0.14,0.0,91.0,1.0,13.0,42.0,4.0,3.41935483870968,0.0,0.0,0.0,0.450549450549451,1.0,3.0,0.514202,0.48579797
1818,32,0.0,0.0,1.0,7.0,5.0,0.0,2.0,1.0,3.0,8.0,28.0,0.14,0.0,91.0,1.0,0.0,6.0,4.0,3.41935483870968,0.0,25.0,0.0,0.450549450549451,1.0,3.0,0.6839381,0.3160619
1818,33,0.0,0.0,4.0,7.0,5.0,0.0,2.0,1.0,3.0,8.0,28.0,0.14,0.0,91.0,1.0,0.0,6.0,0.0,3.41935483870968,0.0,0.0,0.0,0.450549450549451,1.0,3.0,0.5547414,0.44525865
1818,34,0.0,0.0,1.0,7.0,5.0,0.0,2.0,1.0,3.0,8.0,28.0,6.47,0.0,91.0,1.0,0.0,6.0,6.0,3.41935483870968,0.0,0.0,0.0,0.450549450549451,1.0,3.0,0.93022007,0.069779925
1818,35,0.0,0.0,1.0,7.0,5.0,0.0,2.0,1.0,3.0,8.0,61.0,0.14,0.0,91.0,1.0,0.0,6.0,4.0,3.41935483870968,0.0,0.0,0.0,0.450549450549451,1.0,3.0,0.8302633,0.16973667
1818,36,0.0,0.0,1.0,7.0,5.0,0.0,2.0,1.0,38.0,8.0,28.0,0.14,0.0,91.0,1.0,0.0,6.0,4.0,3.41935483870968,0.0,0.0,0.0,0.9,1.0,3.0,0.63984525,0.36015475
1818,37,0.0,0.0,1.0,7.0,5.0,0.0,2.0,1.0,3.0,8.0,28.0,0.14,0.0,91.0,1.0,0.0,0.0,4.0,5.1,0.0,0.0,0.0,0.450549450549451,1.0,3.0,0.8117801,0.18821993
1818,38,0.0,0.0,1.0,7.0,14.0,0.0,2.0,1.0,3.0,8.0,28.0,0.14,0.0,91.0,1.0,0.0,6.0,4.0,3.41935483870968,0.0,15.0,0.0,0.450549450549451,1.0,3.0,0.6839381,0.3160619
1818,39,0.0,0.0,1.0,7.0,38.0,0.0,2.0,1.0,3.0,8.0,28.0,0.14,0.0,91.0,1.0,0.0,6.0,4.0,3.41935483870968,0.0,5.0,0.0,0.450549450549451,1.0,3.0,0.6839381,0.3160619
1818,40,0.0,0.0,1.0,7.0,5.0,0.0,2.0,1.0,3.0,8.0,28.0,0.14,0.0,91.0,1.0,0.0,6.0,4.0,30.0,0.0,0.0,0.0,0.450549450549451,1.0,3.0,0.96679705,0.033202954
1818,41,0.0,0.0,1.0,7.0,5.0,0.0,2.0,1.0,28.0,8.0,28.0,2.65,0.0,91.0,1.0,0.0,6.0,4.0,3.41935483870968,0.0,0.0,0.0,0.450549450549451,1.0,3.0,0.78545177,0.21454825
1818,42,0.0,0.0,1.0,7.0,5.0,0.0,2.0,1.0,3.0,8.0,28.0,2.67,0.0,91.0,1.0,0.0,6.0,4.0,3.41935483870968,0.0,0.0,0.0,0.450549450549451,0.4,3.0,0.80880284,0.19119719
1818,43,0.0,0.0,1.0,7.0,5.0,0.0,2.0,1.0,3.0,8.0,28.0,5.29,0.0,91.0,1.0,0.0,6.0,4.0,3.41935483870968,0.0,0.0,0.0,0.9,1.0,3.0,0.9034526,0.09654742
1818,44,0.0,0.0,1.0,7.0,5.0,0.0,2.0,1.0,3.0,8.0,28.0,1.68,0.0,91.0,1.0,0.0,6.0,4.0,3.41935483870968,0.0,0.0,0.0,0.450549450549451,1.0,3.0,0.90968597,0.09031405
1818,45,0.0,0.0,1.0,7.0,5.0,0.0,2.0,9.0,3.0,8.0,28.0,0.14,0.0,91.0,1.0,0.0,6.0,4.0,37.5,0.0,0.0,0.0,0.450549450549451,1.0,3.0,0.9456547,0.05434531
1818,46,0.0,0.0,1.0,7.0,5.0,0.0,2.0,1.0,3.0,8.0,28.0,2.54,0.0,91.0,1.0,0.0,6.0,4.0,17.7,0.0,0.0,0.0,0.450549450549451,1.0,3.0,0.93217015,0.06782987
1818,47,0.0,0.0,1.0,57.0,5.0,0.0,2.0,1.0,3.0,8.0,74.0,0.14,0.0,91.0,1.0,0.0,6.0,4.0,3.41935483870968,0.0,0.0,0.0,0.450549450549451,1.0,3.0,0.8302633,0.16973667
1818,48,0.0,0.0,1.0,7.0,5.0,0.0,2.0,1.0,3.0,8.0,28.0,0.14,0.0,91.0,1.0,0.0,6.0,4.0,24.8,0.0,0.0,0.0,0.450549450549451,1.0,2.0,0.96679705,0.033202954
1818,49,9.0,0.0,1.0,7.0,5.0,0.0,2.0,1.0,3.0,8.0,28.0,0.14,0.0,91.0,1.0,0.0,6.0,2.0,3.41935483870968,0.0,0.0,0.0,0.450549450549451,1.0,3.0,0.55879605,0.44120398
1818,50,0.0,0.0,1.0,7.0,5.0,0.0,2.0,1.0,3.0,8.0,28.0,0.14,0.0,91.0,1.0,0.0,6.0,4.0,29.7,0.0,0.0,0.0,0.450549450549451,1.0,3.0,0.96679705,0.033202954
1818,51,0.0,0.0,1.0,7.0,5.0,0.0,2.0,1.0,3.0,8.0,28.0,4.02,0.0,91.0,1.0,0.0,6.0,4.0,3.41935483870968,18.0,0.0,0.0,0.450549450549451,1.0,3.0,0.8568448,0.14315525
1818,52,0.0,0.0,1.0,7.0,5.0,0.0,2.0,1.0,18.0,8.0,28.0,0.14,0.0,91.0,1.0,0.0,6.0,4.0,3.41935483870968,0.0,38.0,0.0,0.450549450549451,1.0,3.0,0.6090487,0.39095125
1818,53,0.0,0.0,1.0,7.0,5.0,0.0,2.0,1.0,3.0,8.0,28.0,2.96,0.0,91.0,1.0,0.0,6.0,4.0,3.41935483870968,37.0,0.0,0.0,0.450549450549451,1.0,3.0,0.7041902,0.2958098
1818,54,0.0,0.0,1.0,7.0,5.0,0.0,2.0,1.0,3.0,8.0,28.0,2.78,0.0,91.0,1.0,0.0,6.0,4.0,3.41935483870968,0.0,0.0,0.0,0.6,1.0,3.0,0.76828146,0.23171854
1818,55,0.0,0.0,1.0,7.0,21.0,0.0,2.0,1.0,3.0,8.0,28.0,0.14,0.0,91.0,1.0,0.0,6.0,4.0,3.41935483870968,0.0,14.0,0.0,0.450549450549451,1.0,3.0,0.6839381,0.3160619
1818,56,0.0,0.0,1.0,7.0,5.0,0.0,2.0,1.0,3.0,8.0,28.0,0.14,6.0,91.0,1.0,0.0,6.0,4.0,3.41935483870968,0.0,0.0,0.0,1.0,1.0,3.0,0.86336875,0.13663128
1818,57,0.0,0.0,1.0,7.0,5.0,0.0,2.0,1.0,3.0,8.0,68.0,0.14,2.0,91.0,1.0,0.0,6.0,4.0,3.41935483870968,0.0,0.0,0.0,0.450549450549451,1.0,3.0,0.7975348,0.2024652
1818,58,0.0,0.0,1.0,7.0,5.0,0.0,2.0,1.0,3.0,8.0,28.0,7.33,0.0,91.0,1.0,15.0,6.0,4.0,3.41935483870968,0.0,0.0,0.0,0.450549450549451,1.0,3.0,0.930512,0.06948797
1818,59,0.0,0.0,1.0,7.0,5.0,0.0,2.0,1.0,3.0,12.0,28.0,0.14,0.0,91.0,1.0,0.0,6.0,4.0,29.7,0.0,0.0,0.0,0.450549450549451,1.0,3.0,0.85229367,0.14770633
1818,60,0.0,0.0,1.0,27.0,5.0,0.0,2.0,1.0,3.0,8.0,28.0,0.14,0.0,91.0,1.0,0.0,6.0,4.0,3.41935483870968,0.0,17.0,0.0,0.450549450549451,1.0,3.0,0.6839381,0.3160619
1818,61,0.0,0.0,1.0,65.0,5.0,0.0,2.0,1.0,3.0,8.0,28.0,0.14,0.0,91.0,1.0,0.0,6.0,1.0,3.41935483870968,0.0,0.0,0.0,0.450549450549451,1.0,3.0,0.62019104,0.37980896
1818,62,0.0,0.0,1.0,7.0,5.0,0.0,2.0,1.0,3.0,8.0,34.0,0.14,0.0,91.0,1.0,0.0,6.0,4.0,3.41935483870968,0.0,0.0,1.0,0.450549450549451,1.0,3.0,0.7474227,0.2525773
1818,63,0.0,0.0,1.0,7.0,5.0,0.0,2.0,1.0,3.0,8.0,28.0,0.14,14.0,91.0,1.0,0.0,6.0,4.0,3.41935483870968,0.0,0.0,0.0,0.450549450549451,1.0,1.0,0.5431882,0.45681176
1818,64,0.0,0.0,1.0,7.0,5.0,0.0,2.0,4.0,3.0,8.0,28.0,0.14,0.0,91.0,1.0,0.0,6.0,4.0,3.41935483870968,0.0,13.0,0.0,0.450549450549451,1.0,3.0,0.6700205,0.32997948
1818,65,0.0,0.0,1.0,7.0,5.0,0.0,2.0,1.0,3.0,8.0,28.0,0.14,0.0,91.0,1.0,0.0,35.0,4.0,34.0,0.0,0.0,0.0,0.450549450549451,1.0,3.0,0.8711835,0.12881646
1818,66,0.0,0.0,1.0,7.0,5.0,0.0,2.0,1.0,3.0,8.0,28.0,0.14,3.0,91.0,1.0,0.0,6.0,4.0,41.9,0.0,0.0,0.0,0.450549450549451,1.0,3.0,0.9650926,0.034907416
1818,67,0.0,0.0,1.0,7.0,5.0,0.0,2.0,1.0,3.0,8.0,28.0,0.14,0.0,91.0,1.0,5.0,6.0,4.0,21.5,0.0,0.0,0.0,0.450549450549451,1.0,3.0,0.94455904,0.05544096
1818,68,0.0,0.0,1.0,7.0,5.0,0.0,2.0,1.0,38.0,8.0,2.0,0.14,0.0,91.0,1.0,0.0,6.0,4.0,3.41935483870968,0.0,0.0,0.0,0.450549450549451,1.0,3.0,0.92058843,0.07941156
1818,69,0.0,0.0,1.0,7.0,5.0,0.0,2.0,1.0,3.0,8.0,28.0,0.14,0.0,91.0,1.0,0.0,6.0,4.0,3.41935483870968,0.0,28.0,0.0,0.450549450549451,1.0,3.0,0.6839381,0.3160619
1818,70,0.0,0.0,1.0,7.0,5.0,0.0,2.0,1.0,3.0,8.0,28.0,3.56,0.0,91.0,7.0,0.0,6.0,4.0,3.41935483870968,0.0,0.0,0.0,0.450549450549451,1.0,3.0,0.96524847,0.034751527
1818,71,0.0,0.0,1.0,7.0,5.0,0.0,2.0,1.0,3.0,8.0,28.0,0.14,0.0,61.0,1.0,0.0,6.0,4.0,26.3,0.0,0.0,0.0,0.450549450549451,1.0,3.0,0.7423622,0.2576378
1818,72,0.0,0.0,1.0,7.0,5.0,0.0,2.0,1.0,3.0,8.0,28.0,0.14,0.0,91.0,1.0,0.0,6.0,4.0,15.4,0.0,0.0,0.0,0.450549450549451,1.0,3.0,0.96679705,0.033202954
1818,73,0.0,0.0,2.0,7.0,5.0,0.0,2.0,1.0,3.0,8.0,22.0,0.14,0.0,91.0,1.0,0.0,6.0,4.0,3.41935483870968,0.0,0.0,0.0,0.450549450549451,1.0,3.0,0.5259932,0.47400677
1818,74,0.0,0.0,1.0,7.0,5.0,16.0,2.0,1.0,3.0,8.0,38.0,0.14,0.0,91.0,1.0,0.0,6.0,4.0,3.41935483870968,0.0,0.0,0.0,0.450549450549451,1.0,3.0,0.6991056,0.3008944
1818,75,0.0,0.0,1.0,7.0,5.0,0.0,2.0,1.0,3.0,8.0,28.0,0.14,0.0,91.0,1.0,0.0,6.0,4.0,3.41935483870968,17.0,0.0,0.0,1.0,1.0,3.0,0.83118725,0.16881275
1818,76,0.0,0.0,1.0,7.0,1.0,0.0,2.0,1.0,3.0,8.0,55.0,0.14,0.0,91.0,1.0,0.0,6.0,4.0,3.41935483870968,0.0,0.0,0.0,0.450549450549451,1.0,3.0,0.8302633,0.16973667
1818,77,0.0,0.0,1.0,7.0,5.0,0.0,2.0,1.0,3.0,8.0,28.0,0.14,0.0,91.0,1.0,0.0,6.0,2.0,3.41935483870968,0.0,0.0,0.0,0.450549450549451,1.0,0.0,0.55660975,0.44339022
1818,78,0.0,0.0,1.0,7.0,30.0,0.0,2.0,1.0,3.0,8.0,28.0,4.57,0.0,91.0,1.0,0.0,6.0,4.0,3.41935483870968,0.0,0.0,0.0,0.450549450549451,1.0,3.0,0.93022007,0.069779925
1818,79,3.0,0.0,1.0,7.0,5.0,0.0,2.0,8.0,3.0,8.0,28.0,0.14,0.0,91.0,1.0,0.0,6.0,4.0,3.41935483870968,0.0,0.0,0.0,0.450549450549451,1.0,3.0,0.53583556,0.46416444
1818,80,0.0,0.0,1.0,66.0,5.0,0.0,2.0,1.0,3.0,8.0,28.0,0.14,0.0,91.0,1.0,0.0,6.0,4.0,3.41935483870968,0.0,0.0,0.0,0.450549450549451,1.0,1.0,0.63715655,0.36284345
1818,81,0.0,0.0,1.0,7.0,5.0,0.0,7.0,1.0,3.0,8.0,83.0,0.14,0.0,91.0,1.0,0.0,6.0,4.0,3.41935483870968,0.0,0.0,0.0,0.450549450549451,1.0,3.0,0.77671075,0.22328924
1818,82,0.0,0.0,1.0,14.0,5.0,0.0,2.0,1.0,3.0,8.0,28.0,0.14,0.0,91.0,1.0,0.0,6.0,4.0,37.0,0.0,0.0,0.0,0.450549450549451,1.0,3.0,0.96679705,0.033202954
1818,83,4.0,0.0,1.0,7.0,5.0,0.0,2.0,1.0,3.0,8.0,28.0,0.14,0.0,91.0,1.0,33.0,6.0,4.0,3.41935483870968,0.0,0.0,0.0,0.450549450549451,1.0,3.0,0.50004286,0.49995714
1818,84,0.0,0.0,1.0,7.0,5.0,0.0,2.0,1.0,3.0,8.0,28.0,0.14,0.0,91.0,1.0,0.0,6.0,5.0,38.9,0.0,0.0,0.0,0.450549450549451,1.0,3.0,0.96700615,0.032993827
1818,85,0.0,0.0,1.0,7.0,5.0,0.0,2.0,1.0,3.0,8.0,28.0,3.32,0.0,91.0,1.0,0.0,6.0,4.0,3.41935483870968,0.0,0.0,0.0,0.450549450549451,1.0,3.0,0.93022007,0.069779925
1818,86,0.0,0.0,1.0,7.0,5.0,0.0,2.0,1.0,3.0,8.0,28.0,0.14,0.0,91.0,1.0,0.0,6.0,4.0,25.8,0.0,0.0,1.0,0.450549450549451,1.0,3.0,0.9726479,0.027352123
1818,87,0.0,0.0,1.0,7.0,5.0,0.0,2.0,1.0,3.0,8.0,28.0,0.14,0.0,91.0,1.0,0.0,6.0,4.0,1.9,0.0,0.0,0.0,0.450549450549451,1.0,3.0,0.7178011,0.28219888
1818,88,0.0,0.0,1.0,7.0,5.0,0.0,2.0,1.0,3.0,8.0,40.0,0.14,0.0,91.0,1.0,0.0,6.0,4.0,3.41935483870968,0.0,0.0,0.0,0.450549450549451,1.0,3.0,0.79864687,0.20135313
1818,89,0.0,0.0,1.0,7.0,5.0,0.0,2.0,1.0,3.0,8.0,15.0,0.14,0.0,91.0,1.0,0.0,6.0,4.0,3.41935483870968,0.0,0.0,0.0,0.450549450549451,1.0,3.0,0.8694734,0.1305266
1818,90,0.0,0.0,2.0,7.0,5.0,0.0,2.0,1.0,3.0,8.0,28.0,0.14,0.0,91.0,1.0,0.0,6.0,4.0,3.41935483870968,0.0,0.0,0.0,0.8,1.0,3.0,0.62248147,0.37751853
1818,91,0.0,0.0,1.0,7.0,5.0,0.0,2.0,1.0,3.0,8.0,28.0,0.14,0.0,91.0,6.0,0.0,6.0,4.0,3.41935483870968,0.0,4.0,0.0,0.450549450549451,1.0,3.0,0.7771308,0.2228692
1818,92,0.0,0.0,1.0,7.0,5.0,0.0,2.0,1.0,3.0,8.0,28.0,4.16,0.0,91.0,1.0,0.0,6.0,4.0,29.0,0.0,0.0,0.0,0.450549450549451,1.0,3.0,0.9656173,0.034382705
1818,93,0.0,0.0,1.0,7.0,5.0,0.0,2.0,1.0,3.0,8.0,28.0,0.14,0.0,91.0,1.0,15.0,6.0,4.0,3.41935483870968,0.0,37.0,0.0,0.450549450549451,1.0,3.0,0.6849115,0.31508848
1818,94,0.0,0.0,1.0,7.0,5.0,0.0,2.0,1.0,3.0,8.0,74.0,0.14,0.0,91.0,1.0,0.0,6.0,1.0,3.41935483870968,0.0,0.0,0.0,0.450549450549451,1.0,3.0,0.9045582,0.095441826
1818,95,0.0,0.0,1.0,7.0,5.0,0.0,2.0,1.0,3.0,8.0,28.0,7.05,11.0,91.0,1.0,0.0,6.0,4.0,3.41935483870968,0.0,0.0,0.0,0.450549450549451,1.0,3.0,0.93812263,0.061877355
1818,96,0.0,0.0,1.0,7.0,5.0,0.0,6.0,1.0,3.0,8.0,28.0,0.14,0.0,91.0,1.0,0.0,6.0,4.0,3.41935483870968,0.0,0.0,0.0,0.9,1.0,3.0,0.56003547,0.4399645
1818,97,0.0,0.0,1.0,7.0,5.0,0.0,2.0,1.0,3.0,8.0,28.0,0.14,0.0,91.0,1.0,0.0,6.0,4.0,15.8,0.0,0.0,0.0,0.450549450549451,1.0,3.0,0.96679705,0.033202954
1818,98,0.0,0.0,1.0,7.0,5.0,0.0,2.0,1.0,3.0,8.0,28.0,0.14,0.0,91.0,1.0,0.0,6.0,4.0,12.5,0.0,0.0,2.0,0.450549450549451,1.0,3.0,0.9726479,0.027352123
1818,99,0.0,28.0,1.0,7.0,5.0,0.0,2.0,1.0,3.0,8.0,28.0,0.14,0.0,91.0,1.0,0.0,6.0,4.0,4.4,0.0,0.0,0.0,0.450549450549451,1.0,3.0,0.52434975,0.47565025
