{
    "30": {
        "CountDeclMethodPrivate": [
            9,
            8,
            7,
            6,
            5,
            4,
            3,
            2,
            1,
            0
        ],
        "CountDeclInstanceVariable": [
            15.0,
            14.0,
            13.0,
            12.0,
            10.5,
            8.5,
            6.5,
            4.5,
            2.5,
            0.5
        ],
        "CountDeclClass": [
            7,
            6,
            5,
            4,
            3,
            2,
            1,
            0
        ],
        "CountDeclInstanceMethod": [
            62.0,
            53.0,
            48.0,
            37.0,
            30.0,
            25.0,
            20.0,
            14.5,
            8.5,
            2.5
        ],
        "CountDeclMethodProtected": [
            5,
            4,
            3,
            2,
            1,
            0
        ]
    },
    "49": {
        "CountDeclMethodPrivate": [
            22.0,
            21.0,
            19.0,
            15.0,
            11.5,
            8.5,
            6.5,
            4.5,
            2.5,
            0.5
        ],
        "CountClassCoupled": [
            32.0,
            28.0,
            24.0,
            19.0,
            16.0,
            13.0,
            10.0,
            7.0,
            4.0,
            1.0
        ],
        "CountDeclInstanceMethod": [
            108.0,
            62.0,
            52.5,
            44.0,
            33.5,
            26.5,
            20.5,
            14.5,
            8.5,
            2.5
        ],
        "CountDeclMethodProtected": [
            5,
            4,
            3,
            2,
            1,
            0
        ],
        "OWN_COMMIT": [
            0.4,
            0.333333333333333,
            0.0
        ]
    },
    "189": {
        "CountDeclMethodPrivate": [
            9,
            8,
            7,
            6,
            5,
            4,
            3,
            2,
            1,
            0
        ],
        "OWN_COMMIT": [
            0.3666666666666665,
            0.417989417989418,
            0.4494949494949495,
            0.5092592592592591,
            0.619047619047619,
            0.732142857142857,
            0.8117647058823529,
            0.875,
            0.944444444444444,
            1.0
        ],
        "CountDeclMethodProtected": [
            1.5,
            3.5,
            5.5,
            7.5,
            9.5,
            11.5,
            13.5,
            16.5,
            41.0,
            95.0
        ],
        "CountDeclInstanceVariable": [
            1,
            0
        ],
        "CountDeclClassVariable": [
            0
        ]
    },
    "252": {
        "CountDeclInstanceMethod": [
            62.0,
            53.0,
            48.0,
            37.0,
            30.0,
            25.0,
            20.0,
            14.5,
            8.5,
            2.5
        ],
        "MAJOR_LINE": [
            5,
            4,
            3,
            2,
            1,
            0
        ],
        "CountDeclInstanceVariable": [
            17.0,
            15.0,
            14.0,
            12.5,
            10.5,
            8.5,
            6.5,
            4.5,
            2.5,
            0.5
        ],
        "CountClassCoupled": [
            11.0,
            10.0,
            9.0,
            8.0,
            7.0,
            6.0,
            5.0,
            4.0,
            2.5,
            0.5
        ],
        "CountDeclMethodProtected": [
            2,
            1,
            0
        ]
    },
    "339": {
        "CountDeclMethodProtected": [
            5,
            4,
            3,
            2,
            1,
            0
        ],
        "CountClassCoupled": [
            11.0,
            10.0,
            9.0,
            8.0,
            7.0,
            6.0,
            5.0,
            4.0,
            2.5,
            0.5
        ],
        "CountDeclInstanceVariable": [
            1,
            0
        ],
        "AvgEssential": [
            1,
            0
        ],
        "CountDeclMethodPrivate": [
            2,
            1,
            0
        ]
    },
    "340": {
        "CountDeclMethodPrivate": [
            22.0,
            21.0,
            19.0,
            15.0,
            11.5,
            8.5,
            6.5,
            4.5,
            2.5,
            0.5
        ],
        "CountClassCoupled": [
            61.0,
            52.0,
            43.0,
            30.0,
            22.5,
            17.5,
            13.5,
            9.5,
            5.5,
            1.5
        ],
        "CountDeclMethodProtected": [
            14.0,
            13.0,
            12.0,
            11.0,
            10.0,
            8.5,
            6.5,
            4.5,
            2.5,
            0.5
        ],
        "CountDeclInstanceMethod": [
            108.0,
            62.0,
            52.5,
            44.0,
            33.5,
            26.5,
            20.5,
            14.5,
            8.5,
            2.5
        ],
        "CountDeclClass": [
            9,
            8,
            7,
            6,
            5,
            4,
            3,
            2,
            1,
            0
        ]
    },
    "351": {
        "OWN_COMMIT": [
            0.875,
            0.823529411764706,
            0.8,
            0.75,
            0.6904761904761905,
            0.5449735449735444,
            0.4772727272727275,
            0.4365079365079365,
            0.4037037037037035,
            0.1666666666666665
        ],
        "CountClassCoupled": [
            11.0,
            10.0,
            9.0,
            8.0,
            7.0,
            6.0,
            5.0,
            4.0,
            2.5,
            0.5
        ],
        "CountDeclMethodProtected": [
            2,
            1,
            0
        ],
        "CountDeclInstanceVariable": [
            1,
            0
        ],
        "AvgLineBlank": [
            0
        ]
    },
    "358": {
        "CountDeclMethodPrivate": [
            9,
            8,
            7,
            6,
            5,
            4,
            3,
            2,
            1,
            0
        ],
        "CountDeclInstanceMethod": [
            26.5,
            24.5,
            22.0,
            19.0,
            16.0,
            13.0,
            10.0,
            7.0,
            4.0,
            1.0
        ],
        "CountClassCoupled": [
            11.0,
            10.0,
            9.0,
            8.0,
            7.0,
            6.0,
            5.0,
            4.0,
            2.5,
            0.5
        ],
        "AvgEssential": [
            1,
            0
        ],
        "AvgLineBlank": [
            0
        ]
    },
    "359": {
        "CountDeclMethodPrivate": [
            9,
            8,
            7,
            6,
            5,
            4,
            3,
            2,
            1,
            0
        ],
        "CountDeclMethodProtected": [
            5,
            4,
            3,
            2,
            1,
            0
        ],
        "CountDeclClass": [
            9,
            8,
            7,
            6,
            5,
            4,
            3,
            2,
            1,
            0
        ],
        "CountClassBase": [
            2,
            1,
            0
        ],
        "MAJOR_LINE": [
            5,
            4,
            3,
            2,
            1,
            0
        ]
    },
    "390": {
        "OWN_COMMIT": [
            0.0
        ],
        "CountDeclMethodProtected": [
            5,
            4,
            3,
            2,
            1,
            0
        ],
        "AvgEssential": [
            2,
            1,
            0
        ],