feature,value,importance,left,right,rec,rule,min,max
CountDeclMethodPublic,176.0,0.12000282520652054,0.0,49.53228100186732,-1,CountDeclMethodPublic > 49.53228100186732,0.0,226.0
CountClassCoupled,36.0,0.07603729737157267,0.0,30.5140548185515,-1,CountClassCoupled > 30.5140548185515,0.0,110.0
MAJOR_LINE,9.0,0.03261971066408103,0.0,4.495303181903716,-1,4.495303181903716 < MAJOR_LINE <= 9.496391564715786,0.0,12.0
OWN_COMMIT,0.4,0.02819360874737577,0.0,0.29250297311856827,-1,0.29250297311856827 < OWN_COMMIT <= 0.7899429007103611,0.0,1.0
