feature,value,importance,left,right,rec,rule,min,max
CountDeclMethodPublic,30.0,0.023191005997396083,0.0,21.504048751561132,-1,21.504048751561132 < CountDeclMethodPublic <= 45.488863890347744,0.0,226.0
CountClassCoupled,12.0,0.019547401580369154,0.0,8.490710567615114,-1,8.490710567615114 < CountClassCoupled <= 16.51791080861062,0.0,110.0
OWN_COMMIT,0.0,-0.014958255518334018,0.12380595419613416,1.0,1,OWN_COMMIT <= 0.12380595419613416,0.0,1.0
MINOR_LINE,3.0,0.0016582397954470827,1.0,2.49780857741505,-1,2.49780857741505 < MINOR_LINE <= 5.5034356466798275,1.0,7.0
MAJOR_LINE,2.0,0.0013048417398667314,0.0,1.5031086526525193,-1,1.5031086526525193 < MAJOR_LINE <= 2.4969824538878993,0.0,12.0
