feature,value,importance,left,right,rec,rule,min,max
CountDeclMethodPublic,28.0,0.03180670808661843,0.0,21.504048751561132,-1,21.504048751561132 < CountDeclMethodPublic <= 45.488863890347744,0.0,226.0
OWN_COMMIT,0.666666666666667,0.03014383781256077,0.0,0.29250297311856827,-1,0.29250297311856827 < OWN_COMMIT <= 0.7899429007103611,0.0,1.0
CountClassCoupled,14.0,0.016296813956800757,0.0,8.490710567615114,-1,8.490710567615114 < CountClassCoupled <= 16.51791080861062,0.0,110.0
MAJOR_LINE,4.0,0.014852786712767635,0.0,3.5014293806683363,-1,3.5014293806683363 < MAJOR_LINE <= 4.495303181903716,0.0,12.0
MINOR_LINE,2.0,-0.0017273910651218274,2.49780857741505,7.0,1,1.501205917606203 < MINOR_LINE <= 2.49780857741505,1.0,7.0
