feature,value,importance,left,right,rec,rule,min,max
PercentLackOfCohesion,85.0,0.013015907847397992,0.0,79.640534118119,-1,79.640534118119 < PercentLackOfCohesion <= 85.31518137650602,0.0,100.0
RatioCommentToCode,0.13,0.008741165585207733,0.0,0.018923921867571636,-1,0.018923921867571636 < RatioCommentToCode <= 0.2491224356128714,0.0,10.67
CountClassCoupled,9.0,-0.006204530499546894,9.485168268867694,146.0,1,5.465650701118706 < CountClassCoupled <= 9.485168268867694,0.0,146.0
CountInput_Mean,2.0,0.0015671740900794844,0.0,1.530259356362008,-1,1.530259356362008 < CountInput_Mean <= 2.9782713848201823,0.0,51.0
