feature,value,importance,left,right,rec,rule,min,max
CountClassCoupled,22.0,0.049347785728078686,0.0,21.543720972114656,-1,21.543720972114656 < CountClassCoupled <= 22.548600364051904,0.0,146.0
PercentLackOfCohesion,16.0,-0.011663602092344646,50.8889880089581,100.0,1,PercentLackOfCohesion <= 50.8889880089581,0.0,100.0
RatioCommentToCode,0.03,-0.0015147171508326064,0.2491224356128714,10.67,1,0.018923921867571636 < RatioCommentToCode <= 0.2491224356128714,0.0,10.67
MaxInheritanceTree,1.0,0.001061907010228143,0.0,0.498323230620082,-1,0.498323230620082 < MaxInheritanceTree <= 1.49915741822687,0.0,6.0
