feature,value,importance,left,right,rec,rule,min,max
CountClassCoupled,50.0,0.032103074502816444,0.0,22.548600364051904,-1,CountClassCoupled > 22.548600364051904,0.0,146.0
CountInput_Mean,6.22693726937269,0.010159930919304998,0.0,3.2381709796716494,-1,CountInput_Mean > 3.2381709796716494,0.0,51.0
MaxInheritanceTree,3.0,-0.003869774733403962,5.502494168654023,6.0,1,2.4999916058336584 < MaxInheritanceTree <= 5.502494168654023,0.0,6.0
RatioCommentToCode,0.07,5.2428940512795994e-05,0.0,0.018923921867571636,-1,0.018923921867571636 < RatioCommentToCode <= 0.2491224356128714,0.0,10.67
