feature,value,importance,left,right,rec,rule,min,max
CountClassCoupled,25.0,0.048145234307368286,0.0,22.548600364051904,-1,CountClassCoupled > 22.548600364051904,0.0,146.0
MaxInheritanceTree,3.0,-0.00917222794217472,5.502494168654023,6.0,1,2.4999916058336584 < MaxInheritanceTree <= 5.502494168654023,0.0,6.0
RatioCommentToCode,0.07,0.003097669348273578,0.0,0.018923921867571636,-1,0.018923921867571636 < RatioCommentToCode <= 0.2491224356128714,0.0,10.67
CountInput_Mean,2.89189189189189,-0.0027728917203878236,2.9782713848201823,51.0,1,1.530259356362008 < CountInput_Mean <= 2.9782713848201823,0.0,51.0
