feature,value,importance,left,right,rec,rule,min,max
PercentLackOfCohesion,100.0,0.017048126271508687,0.0,99.31264461386067,-1,PercentLackOfCohesion > 99.31264461386067,0.0,100.0
CountInput_Mean,5.43457943925234,0.004718811815012288,0.0,3.2381709796716494,-1,CountInput_Mean > 3.2381709796716494,0.0,51.0
CountClassCoupled,65.0,-0.0029436100785346082,146.0,146.0,1,CountClassCoupled > 22.548600364051904,0.0,146.0
RatioCommentToCode,0.04,0.0026997243239570336,0.0,0.018923921867571636,-1,0.018923921867571636 < RatioCommentToCode <= 0.2491224356128714,0.0,10.67
