feature,value,importance,left,right,rec,rule,min,max
PercentLackOfCohesion,54.0,0.018163530293545588,0.0,50.8889880089581,-1,50.8889880089581 < PercentLackOfCohesion <= 59.59011380515153,0.0,100.0
CountInput_Mean,2.925,0.008109143390294754,0.0,1.530259356362008,-1,1.530259356362008 < CountInput_Mean <= 2.9782713848201823,0.0,51.0
CountClassCoupled,11.0,0.007827906989639175,0.0,10.490047660804942,-1,10.490047660804942 < CountClassCoupled <= 15.514444620491176,0.0,146.0
RatioCommentToCode,0.11,-0.0002850917457527482,0.2491224356128714,10.67,1,0.018923921867571636 < RatioCommentToCode <= 0.2491224356128714,0.0,10.67
