feature,value,importance,left,right,rec,rule,min,max
CountInput_Mean,2.89189189189189,0.005670355659499439,0.0,1.530259356362008,-1,1.530259356362008 < CountInput_Mean <= 2.9782713848201823,0.0,51.0
CountClassCoupled,25.0,-0.0019240835099760714,146.0,146.0,1,CountClassCoupled > 22.548600364051904,0.0,146.0
PercentLackOfCohesion,88.0,0.0014448174867850668,0.0,85.31518137650602,-1,85.31518137650602 < PercentLackOfCohesion <= 99.31264461386067,0.0,100.0
RatioCommentToCode,0.07,0.0002966444090769756,0.0,0.018923921867571636,-1,0.018923921867571636 < RatioCommentToCode <= 0.2491224356128714,0.0,10.67
