feature,value,importance,left,right,rec,rule,min,max
CountInput_Mean,3.10126582278481,0.028251246863114553,0.0,3.015399898370392,-1,3.015399898370392 < CountInput_Mean <= 3.2381709796716494,0.0,51.0
PercentLackOfCohesion,100.0,0.012131924803196926,0.0,99.31264461386067,-1,PercentLackOfCohesion > 99.31264461386067,0.0,100.0
CountClassCoupled,37.0,-0.004058093269698574,146.0,146.0,1,CountClassCoupled > 22.548600364051904,0.0,146.0
