feature,value,importance,left,right,rec,rule,min,max
CountInput_Mean,16.4110429447853,0.010242499002344366,0.0,3.2381709796716494,-1,CountInput_Mean > 3.2381709796716494,0.0,51.0
CountClassCoupled,29.0,0.006955534215614229,0.0,22.548600364051904,-1,CountClassCoupled > 22.548600364051904,0.0,146.0
MaxInheritanceTree,1.0,-0.0005338563299220378,1.49915741822687,6.0,1,0.498323230620082 < MaxInheritanceTree <= 1.49915741822687,0.0,6.0
RatioCommentToCode,0.22,2.0055259565763537e-05,0.0,0.018923921867571636,-1,0.018923921867571636 < RatioCommentToCode <= 0.2491224356128714,0.0,10.67
