feature,value,importance,left,right,rec,rule,min,max
CountClassCoupled,63.0,0.005598309982177422,0.0,22.548600364051904,-1,CountClassCoupled > 22.548600364051904,0.0,146.0
RatioCommentToCode,0.08,0.005534259498756888,0.0,0.018923921867571636,-1,0.018923921867571636 < RatioCommentToCode <= 0.2491224356128714,0.0,10.67
CountInput_Mean,5.61835748792271,0.005216099521890622,0.0,3.2381709796716494,-1,CountInput_Mean > 3.2381709796716494,0.0,51.0
PercentLackOfCohesion,93.0,-0.0041465879927810746,99.31264461386067,100.0,1,85.31518137650602 < PercentLackOfCohesion <= 99.31264461386067,0.0,100.0
