feature,value,importance,left,right,rec,rule,min,max
CountClassCoupled,21.0,0.013134516212754105,0.0,15.514444620491176,-1,15.514444620491176 < CountClassCoupled <= 21.543720972114656,0.0,146.0
MaxInheritanceTree,4.0,0.006206033580389438,0.0,2.4999916058336584,-1,2.4999916058336584 < MaxInheritanceTree <= 5.502494168654023,0.0,6.0
PercentLackOfCohesion,80.0,-0.0027624379782335614,85.31518137650602,100.0,1,79.640534118119 < PercentLackOfCohesion <= 85.31518137650602,0.0,100.0
RatioCommentToCode,0.3,-0.00217641168711514,0.40849063743654046,10.67,1,0.2491224356128714 < RatioCommentToCode <= 0.40849063743654046,0.0,10.67
