{
    "59": {
        "CountDeclClass": [
            22.5,
            20.5,
            18.5,
            16.0,
            13.5,
            11.5,
            9.5,
            7.0,
            4.0,
            1.0
        ],
        "CountDeclInstanceVariable": [
            23.5,
            21.5,
            19.5,
            17.5,
            15.5,
            13.0,
            10.0,
            7.0,
            4.0,
            1.0
        ],
        "CountDeclMethodPublic": [
            46.5,
            42.0,
            37.0,
            32.0,
            27.0,
            22.0,
            17.0,
            12.0,
            7.0,
            2.0
        ],
        "CountDeclMethodDefault": [
            6,
            5,
            4,
            3,
            2,
            1,
            0
        ],
        "AvgCyclomaticModified": [
            2.5,
            4.5,
            6.0,
            7.0,
            8.0,
            10.0,
            11.0,
            12.0,
            13.0,
            24.0
        ]
    },
    "106": {
        "CountClassCoupled": [
            29.0,
            26.0,
            23.0,
            20.0,
            17.0,
            14.0,
            11.0,
            8.0,
            5.0,
            1.5
        ],
        "AvgCyclomaticModified": [
            2,
            1,
            0
        ],
        "CountDeclMethodProtected": [
            4,
            3,
            2,
            1,
            0
        ],
        "AvgLineComment": [
            4,
            3,
            2,
            1,
            0
        ],
        "MAJOR_LINE": [
            4,
            3,
            2,
            1,
            0
        ]
    },
    "117": {
        "AvgCyclomaticModified": [
            2,
            1,
            0
        ],
        "CountDeclMethodProtected": [
            4,
            3,
            2,
            1,
            0
        ],
        "MAJOR_LINE": [
            4,
            3,
            2,
            1,
            0
        ],
        "CountDeclMethodPublic": [
            20.5,
            18.5,
            16.5,
            14.5,
            12.5,
            10.5,
            8.5,
            6.5,
            4.0,
            1.0
        ],
        "OWN_COMMIT": [
            0.7638888888888891,
            0.734006734006734,
            0.7182539682539679,
            0.6458333333333335,
            0.5857142857142854,
            0.5505050505050505,
            0.472222222222222,
            0.4142857142857145,
            0.333333333333333,
            0.25
        ]
    },
    "160": {
        "CountDeclInstanceVariable": [
            23.5,
            21.5,
            19.5,
            17.5,
            15.5,
            13.0,
            10.0,
            7.0,
            4.0,
            1.0
        ],
        "CountDeclMethodPublic": [
            46.5,
            42.0,
            37.0,
            32.0,
            27.0,
            22.0,
            17.0,
            12.0,
            7.0,
            2.0
        ],
        "CountDeclMethodProtected": [
            4,
            3,
            2,
            1,
            0
        ],
        "MAJOR_LINE": [
            4,
            3,
            2,
            1,
            0
        ],
        "CountClassCoupled": [
            16.0,
            15.0,
            14.0,
            12.5,
            10.5,
            8.5,
            6.5,
            4.5,
            2.5,
            0.5
        ]
    },
    "204": {
        "CountClassBase": [
            4,
            3,
            2,
            1,
            0
        ],
        "CountDeclMethodProtected": [
            4,
            3,
            2,
            1,
            0
        ],
        "MAJOR_LINE": [
            4,
            3,
            2,
            1,
            0
        ],
        "CountClassCoupled": [
            16.0,
            15.0,
            14.0,
            12.5,
            10.5,
            8.5,
            6.5,
            4.5,
            2.5,
            0.5
        ],
        "CountDeclInstanceVariable": [
            6,
            5,
            4,
            3,
            2,
            1,
            0
        ]
    },
    "205": {
        "CountDeclMethodProtected": [
            4,
            3,
            2,
            1,
            0
        ],
        "MAJOR_LINE": [
            4,
            3,
            2,
            1,
            0
        ],
        "CountDeclMethodPublic": [
            20.5,
            18.5,
            16.5,
            14.5,
            12.5,
            10.5,
            8.5,
            6.5,
            4.0,
            1.0
        ],
        "CountClassCoupled": [
            16.0,
            15.0,
            14.0,
            12.5,
            10.5,
            8.5,
            6.5,
            4.5,
            2.5,
            0.5
        ],
        "CountDeclMethodDefault": [
            2,
            1,
            0
        ]
    },
    "212": {
        "CountDeclMethodPublic": [
            20.5,
            18.5,
            16.5,
            14.5,
            12.5,
            10.5,
            8.5,
            6.5,
            4.0,
            1.0
        ],
        "AvgCyclomaticModified": [
            2.5,
            4.5,
            6.0,
            7.0,
            8.0,
            10.0,
            11.0,
            12.0,
            13.0,
            24.0
        ],
        "CountDeclInstanceVariable": [
            6,
            5,
            4,
            3,
            2,
            1,
            0
        ],
        "CountClassCoupled": [
            8,
            7,
            6,
            5,
            4,
            3,
            2,
            1,
            0
        ],
        "OWN_COMMIT": [
            0.285714285714286,
            0.375,
            0.444444444444444,
            0.555555555555556,
            0.625,
            0.722222222222222,
            0.75,
            0.818181818181818,
            0.857142857142857,
            0.9583333333333335
        ]
    },
    "624": {
        "MAJOR_LINE": [
            9,
            8,
            7,
            6,
            5,
            4,
            3,
            2,
            1,
            0
        ],
        "CountDeclMethodPublic": [
            46.5,
            42.0,
            37.0,
            32.0,
            27.0,
            22.0,
            17.0,
            12.0,
            7.0,
            2.0
        ],
        "CountClassCoupled": [
            29.0,
            26.0,
            23.0,
            20.0,
            17.0,
            14.0,
            11.0,
            8.0,
            5.0,
            1.5
        ],
        "CountDeclMethodProtected": [
            4,
            3,
            2,
            1,
            0
        ],
        "AvgLineComment": [
            4,
            3,
            2,
            1,
            0
        ]
    },
    "807": {
        "CountDeclMethodProtected": [
            4,
            3,
            2,
            1,
            0
        ],
        "CountDeclMethodPublic": [
            20.5,
            18.5,
            16.5,
            14.5,
            12.5,
            10.5,
            8.5,
            6.5,
            4.0,
            1.0
        ],
        "OWN_COMMIT": [
            0.285714285714286,
            0.25,
            0.0
        ],
        "MAJOR_LINE": [
            3,
            2,
            1,
            0
        ],
        "CountClassCoupled": [
            8,
            7,
            6,
            5,
            4,
            3,
            2,
            1,
            0
        ]
    },
    "3061": {
        "AvgCyclomaticModified": [
            2,
            1,
            0
        ],
        "CountDeclMethodPrivate": [
            3,
            2,
            1,
            0
        ],