Antecedent,Antecedent Coverage %,Confidence,Lift
0.05 < MAJOR_COMMIT <= 0.64,0.14654,0.99349,1.17061
MAJOR_COMMIT <= 0.05,0.2568,0.98699,1.16296
-0.18 < CountDeclInstanceVariable <= 0.52 & -0.114 < CountDeclClassVariable <= 0.024,0.18186,0.96063,1.1319
OWN_COMMIT <= 0.025,0.24439,0.95703,1.12766
0.64 < MAJOR_COMMIT <= 1.16,0.22196,0.95269,1.12254
0.025 < OWN_COMMIT <= 0.31,0.15609,0.93884,1.10622
CountDeclMethodPublic <= 0.74,0.19523,0.93643,1.10339
CountClassCoupled <= 0.56,0.20286,0.93176,1.09789
1.75 < MINOR_LINE <= 2.035,0.2821,0.92555,1.09057
