feature,value,importance,min,max,rule,importance_ratio
OWN_COMMIT,0.5,0.04455049492781436,0.0,1.0,0.22545703255796007 < OWN_COMMIT <= 0.8942750310272135,0.23486593735663475
CountClassCoupled,14.0,0.025267115628005935,0.0,70.0,9.4837322829943 < CountClassCoupled <= 27.470932970550695,0.13320581075217314
CountDeclMethodPublic,26.0,0.021524293360493496,0.0,143.0,19.495309567525048 < CountDeclMethodPublic <= 71.96116224848815,0.1134740106533651
RatioCommentToCode,0.23,0.021407072114067064,0.03,7.5,0.19810732927548025 < RatioCommentToCode <= 0.49937012812407244,0.11285603148243407
OWN_LINE,0.676923076923077,0.010578772236483217,0.303571428571429,1.0,0.35548900786250504 < OWN_LINE <= 0.9150722867199808,0.05577027284275487
