feature,value,importance,min,max,rule,importance_ratio
CountDeclMethodPrivate,6.0,0.03787941850982285,0.0,21.0,4.49844038536424 < CountDeclMethodPrivate <= 9.998241760915272,0.2023203192055347
RatioCommentToCode,0.37,0.020958337784833123,0.03,7.5,0.19810732927548025 < RatioCommentToCode <= 0.49937012812407244,0.11194199270892363
CountDeclMethodPublic,28.0,0.020597265998012995,0.0,143.0,19.495309567525048 < CountDeclMethodPublic <= 71.96116224848815,0.11001344781463976
OWN_COMMIT,1.0,0.018943796040487543,0.0,1.0,OWN_COMMIT > 0.9550766672516912,0.1011819878090813
CountClassBase,3.0,0.012722860254799967,0.0,9.0,2.498839323741331 < CountClassBase <= 4.502788861793099,0.06795492774766405
