feature,value,importance,min,max,rule,importance_ratio
RatioCommentToCode,0.49,0.020790964966570843,0.03,7.5,0.19810732927548025 < RatioCommentToCode <= 0.49937012812407244,0.11933040945626534
OWN_COMMIT,1.0,0.019088803906999244,0.0,1.0,OWN_COMMIT > 0.9550766672516912,0.1095608015267739
CountDeclMethodPublic,16.0,0.01639191465627943,0.0,143.0,13.483597281164696 < CountDeclMethodPublic <= 19.495309567525048,0.09408191927844911
AvgLineComment,4.0,0.012546452545893453,0.0,17.0,2.489490125356666 < AvgLineComment <= 12.505651057302222,0.07201076630797694
AvgEssential,2.0,0.012006251645022408,0.0,4.0,1.4996285479475124 < AvgEssential <= 2.498613057615133,0.06891026593229778
