feature,value,importance,min,max,rule,importance_ratio
CountClassCoupled,43.0,0.10486211720888498,0.0,70.0,38.52109038952732 < CountClassCoupled <= 52.51795645356438,0.3957892518293429
OWN_COMMIT,0.5,0.04292082473622978,0.0,1.0,0.22545703255796007 < OWN_COMMIT <= 0.8942750310272135,0.16199940991475018
CountDeclMethodPublic,36.0,0.021507276133504165,0.0,143.0,19.495309567525048 < CountDeclMethodPublic <= 71.96116224848815,0.08117658651512945
CountDeclMethodProtected,3.0,0.011924288380207782,0.0,40.0,2.498254778410632 < CountDeclMethodProtected <= 3.4928255115593005,0.04500676986331038
OWN_LINE,0.419354838709677,0.011743023933872315,0.303571428571429,1.0,0.35548900786250504 < OWN_LINE <= 0.9150722867199808,0.044322609353223935
