feature,value,importance,min,max,rule,importance_ratio
CountDeclInstanceVariable,62.0,0.1249521592991236,0.0,68.0,CountDeclInstanceVariable > 21.475771289759166,0.20323221906037692
CountClassCoupled,59.0,0.10015308954040254,0.0,70.0,CountClassCoupled > 52.51795645356438,0.162897021925986
CountDeclMethodPublic,139.0,0.07404930021158287,0.0,143.0,CountDeclMethodPublic > 71.96116224848815,0.12043972418148984
CountClassBase,9.0,0.06448391952370552,0.0,9.0,CountClassBase > 4.502788861793099,0.10488182142687755
CountDeclClass,7.0,0.06267831554977962,1.0,18.0,6.495598182757843 < CountDeclClass <= 12.50561862828071,0.10194504222735419
