feature,value,importance,min,max,rule,importance_ratio
CountDeclInstanceVariable,31.0,0.13166166338646124,0.0,68.0,CountDeclInstanceVariable > 21.475771289759166,0.2874410944642595
CountDeclMethodPublic,77.0,0.08437016589877959,0.0,143.0,CountDeclMethodPublic > 71.96116224848815,0.1841952486570979
CountClassBase,6.0,0.06880818702720584,0.0,9.0,CountClassBase > 4.502788861793099,0.1502206494926853
OWN_COMMIT,0.5,0.0423522083094359,0.0,1.0,0.22545703255796007 < OWN_COMMIT <= 0.8942750310272135,0.09246248905202871
CountDeclMethodProtected,7.0,0.03564651983155399,0.0,40.0,6.509690068776928 < CountDeclMethodProtected <= 7.5042608019255965,0.07782276488599667
