feature,value,importance,min,max,rule,importance_ratio
CountClassCoupled,12.0,0.026506382424559185,0.0,70.0,9.4837322829943 < CountClassCoupled <= 27.470932970550695,0.14917843398515582
CountDeclMethodPublic,22.0,0.022063689045298297,0.0,143.0,19.495309567525048 < CountDeclMethodPublic <= 71.96116224848815,0.12417486954626461
OWN_COMMIT,1.0,0.020029701723455848,0.0,1.0,OWN_COMMIT > 0.9550766672516912,0.11272754947979712
CountDeclInstanceVariable,6.0,0.01339809708518256,0.0,68.0,5.501310908275089 < CountDeclInstanceVariable <= 6.5096655502956775,0.07540475005358468
CountDeclMethodDefault,2.0,0.012059978908433822,0.0,44.0,0.4941639844749529 < CountDeclMethodDefault <= 26.511156890211986,0.06787379502180733
