feature,value,importance,min,max,rule,importance_ratio
CountDeclInstanceVariable,33.0,0.13264582155797056,0.0,68.0,CountDeclInstanceVariable > 21.475771289759166,0.3896271656484298
OWN_COMMIT,0.8,0.04506283404990649,0.0,1.0,0.22545703255796007 < OWN_COMMIT <= 0.8942750310272135,0.13236530258344648
CountClassCoupled,16.0,0.026100437122218424,0.0,70.0,9.4837322829943 < CountClassCoupled <= 27.470932970550695,0.07666611144377923
CountDeclMethodPublic,50.0,0.021537646189432318,0.0,143.0,19.495309567525048 < CountDeclMethodPublic <= 71.96116224848815,0.0632635988149826
CountDeclMethodPrivate,2.0,0.01739671565278801,0.0,21.0,1.5024396360368288 < CountDeclMethodPrivate <= 4.49844038536424,0.05110023769897009
