feature,value,importance,min,max,rule,importance_ratio
OWN_COMMIT,0.0,-0.025293105756320336,0.0,1.0,OWN_COMMIT <= 0.22545703255796007,0.15655066723452504
CountClassCoupled,11.0,0.024483901391836548,0.0,70.0,9.4837322829943 < CountClassCoupled <= 27.470932970550695,0.15154212916057297
CountDeclMethodProtected,4.0,0.0176152407284518,0.0,40.0,3.4928255115593005 < CountDeclMethodProtected <= 6.509690068776928,0.10902882849200167
AvgEssential,2.0,0.01167361454955255,0.0,4.0,1.4996285479475124 < AvgEssential <= 2.498613057615133,0.07225337071602785
RatioCommentToCode,0.19,0.0105190552631622,0.03,7.5,RatioCommentToCode <= 0.19810732927548025,0.06510727215511622
