feature,value,importance,min,max,rule,importance_ratio
MAJOR_LINE,3.0,0.05005586905126852,0.0,4.0,2.4977331463124495 < MAJOR_LINE <= 3.4980203506026695,0.18312766061043756
OWN_COMMIT,0.5,0.04389376329164458,0.0,1.0,0.22545703255796007 < OWN_COMMIT <= 0.8942750310272135,0.16058381043697947
CountClassDerived,8.0,0.03373671789817494,0.0,52.0,5.508702333757287 < CountClassDerived <= 8.4908450742601,0.12342461218761894
CountClassCoupled,15.0,0.025546217294983353,0.0,70.0,9.4837322829943 < CountClassCoupled <= 27.470932970550695,0.09345994983894193
CountDeclMethodPublic,16.0,0.018862605055800202,0.0,143.0,13.483597281164696 < CountDeclMethodPublic <= 19.495309567525048,0.06900818629977946
