feature,value,importance,min,max,rule,importance_ratio
CountDeclInstanceVariable,71.0,0.1290853341550968,0.0,68.0,CountDeclInstanceVariable > 21.475771289759166,0.25962565837554374
CountClassCoupled,64.0,0.09906548344597471,0.0,70.0,CountClassCoupled > 52.51795645356438,0.19924758711202661
CountDeclMethodPublic,157.0,0.0806294460475095,0.0,143.0,CountDeclMethodPublic > 71.96116224848815,0.1621677098452435
OWN_COMMIT,0.4,0.04284269150623735,0.0,1.0,0.22545703255796007 < OWN_COMMIT <= 0.8942750310272135,0.08616828597680014
MAJOR_LINE,3.0,0.0408543292094617,0.0,4.0,2.4977331463124495 < MAJOR_LINE <= 3.4980203506026695,0.08216914948489445
