feature,value,importance,min,max,rule,importance_ratio
CountClassCoupled,20.0,0.36103400575641614,0.0,157.0,19.49362632354891 < CountClassCoupled <= 149.5610677723453,0.3574178979677337
MAJOR_LINE,0.0,-0.12872845367912733,0.0,12.0,MAJOR_LINE <= 0.49830705185639035,0.12743911262938643
MINOR_COMMIT,0.0,-0.05796281038821314,0.0,3.0,MINOR_COMMIT <= 0.5004312637688242,0.05738225629425847
CountDeclClass,1.0,-0.05072389789780433,0.0,144.0,0.51106343946217 < CountDeclClass <= 1.5085533900578838,0.05021584857464906
Del_lines,28.0,0.05068129529348749,0.0,8274.0,16.930934163093347 < Del_lines <= 206.8316727745401,0.050173672676977116
