feature,value,importance,min,max,rule,importance_ratio
CountClassCoupled,16.0,0.1700957200507206,0.0,157.0,13.490513641296767 < CountClassCoupled <= 18.559808795198578,0.16986330146076753
CountDeclClass,14.0,0.13487557169629164,0.0,144.0,12.480942846610736 < CountDeclClass <= 22.518185474480106,0.13469127787523946
CountDeclClassVariable,4.0,0.1307226593827937,0.0,139.0,3.4671140433870056 < CountDeclClassVariable <= 57.97334749613853,0.1305440400961967
Del_lines,437.0,0.06890330039132879,0.0,8274.0,Del_lines > 374.12518059890976,0.06880915100347064
MAJOR_LINE,6.0,0.06533679732916241,0.0,12.0,4.493037577476152 < MAJOR_LINE <= 9.495961997657092,0.06524752120685454
