feature,value,importance,min,max,rule,importance_ratio
CountClassCoupled,21.0,0.36419993184755395,0.0,157.0,19.49362632354891 < CountClassCoupled <= 149.5610677723453,0.32102618807857924
CountDeclClassVariable,18.0,0.13200604298806273,0.0,139.0,3.4671140433870056 < CountDeclClassVariable <= 57.97334749613853,0.11635750882439233
MAJOR_LINE,6.0,0.07607392559299331,0.0,12.0,4.493037577476152 < MAJOR_LINE <= 9.495961997657092,0.06705581250771488
MINOR_COMMIT,0.0,-0.07160071046531727,0.0,3.0,MINOR_COMMIT <= 0.5004312637688242,0.06311287052634636
MINOR_LINE,7.0,0.0682281516925792,1.0,8.0,4.500984724383485 < MINOR_LINE <= 7.000691311130333,0.06014010861123359
