feature,value,importance,min,max,rule,importance_ratio
CountClassCoupled,43.0,0.3627607841628022,0.0,157.0,19.49362632354891 < CountClassCoupled <= 149.5610677723453,0.3360224745629047
CountDeclClass,23.0,0.1208354915814264,0.0,144.0,CountDeclClass > 22.518185474480106,0.111928969913114
CountDeclInstanceMethod,60.0,0.07251554255223926,0.0,498.0,CountDeclInstanceMethod > 58.48551584081087,0.06717057939134768
MAJOR_LINE,7.0,0.06816202061110838,0.0,12.0,4.493037577476152 < MAJOR_LINE <= 9.495961997657092,0.06313794609803619
MINOR_COMMIT,0.0,-0.06128554985825296,0.0,3.0,MINOR_COMMIT <= 0.5004312637688242,0.056768325070872115
