feature,value,importance,min,max,rule,importance_ratio
CountClassCoupled,54.0,0.3592020636059658,0.0,157.0,19.49362632354891 < CountClassCoupled <= 149.5610677723453,0.2583727360364385
MAJOR_LINE,12.0,0.17443026670053607,0.0,12.0,MAJOR_LINE > 9.495961997657092,0.12546705551341567
CountDeclClassVariable,6.0,0.12765358481712746,0.0,139.0,3.4671140433870056 < CountDeclClassVariable <= 57.97334749613853,0.0918207586085622
MINOR_COMMIT,4.0,0.11115494734619269,0.0,3.0,MINOR_COMMIT > 1.4991609256393426,0.0799533487684147
CountDeclInstanceMethod,138.0,0.06763040579466414,0.0,498.0,CountDeclInstanceMethod > 58.48551584081087,0.048646304559069264
