feature,value,importance,min,max,rule,importance_ratio
CountClassCoupled,25.0,0.3647140394161371,0.0,157.0,19.49362632354891 < CountClassCoupled <= 149.5610677723453,0.3832866444056419
MAJOR_LINE,5.0,0.07607618054381261,0.0,12.0,4.493037577476152 < MAJOR_LINE <= 9.495961997657092,0.0799502646142049
MINOR_COMMIT,0.0,-0.07235782863821384,0.0,3.0,MINOR_COMMIT <= 0.5004312637688242,0.0760425603018131
Del_lines,69.0,0.055532054013647004,0.0,8274.0,16.930934163093347 < Del_lines <= 206.8316727745401,0.058359954209379575
CountInput_Mean,6.22727272727273,0.04794191211763108,0.0,62.0,3.0875323489938937 < CountInput_Mean <= 7.45941817552566,0.050383293857768505
