feature,value,importance,left,right,rec,rule,min,max
CountDeclMethodPublic,25.0,0.030801389367171004,0.0,21.504048751561132,-1,21.504048751561132 < CountDeclMethodPublic <= 45.488863890347744,0.0,226.0
CountClassCoupled,9.0,0.01547643697831655,0.0,8.490710567615114,-1,8.490710567615114 < CountClassCoupled <= 16.51791080861062,0.0,110.0
OWN_COMMIT,0.0,-0.009209669802305934,0.12380595419613416,1.0,1,OWN_COMMIT <= 0.12380595419613416,0.0,1.0
MINOR_LINE,5.0,-0.0010891640834684315,5.5034356466798275,7.0,1,2.49780857741505 < MINOR_LINE <= 5.5034356466798275,1.0,7.0
