feature,value,importance,left,right,rec,rule,min,max
CountDeclMethodPublic,176.0,0.06747272836666306,0.0,49.53228100186732,-1,CountDeclMethodPublic > 49.53228100186732,0.0,226.0
CountClassCoupled,36.0,0.06315487402668699,0.0,30.5140548185515,-1,CountClassCoupled > 30.5140548185515,0.0,110.0
MAJOR_LINE,9.0,0.06312664246434116,0.0,4.495303181903716,-1,4.495303181903716 < MAJOR_LINE <= 9.496391564715786,0.0,12.0
OWN_COMMIT,0.4,0.012987890038328155,0.0,0.29250297311856827,-1,0.29250297311856827 < OWN_COMMIT <= 0.7899429007103611,0.0,1.0
MINOR_LINE,2.0,-0.0006175325012852205,2.49780857741505,7.0,1,1.501205917606203 < MINOR_LINE <= 2.49780857741505,1.0,7.0
