feature,value,importance,min,max,rule,importance_ratio
CountInput_Mean,2.60869565217391,0.16491489360900488,0.0,125.5,2.5920916627900743 < CountInput_Mean <= 2.5920916627900743,0.3266708720605018
OWN_COMMIT,1.0,0.057921959194060325,0.0,1.0,OWN_COMMIT > 0.5101466808561519,0.11473443366635576
CountOutput_Min,2.0,0.036171252380013716,0.0,25.0,1.4957666746436395 < CountOutput_Min <= 3.5008276632915445,0.07164965091942664
CountDeclClass,3.0,0.03157392973520561,0.0,37.0,2.4935575819192772 < CountDeclClass <= 5.49468950177029,0.0625430665190899
MAJOR_LINE,2.0,0.026645974670538006,0.0,21.0,1.506531640091287 < MAJOR_LINE <= 3.5074034755815386,0.05278155048363323
