feature,value,importance,min,max,rule,importance_ratio
CountDeclMethodPrivate,12.0,0.1789391326934996,0.0,274.0,11.449886802667034 < CountDeclMethodPrivate <= 166.53801694070535,0.32371455063767157
CountClassCoupled,28.0,0.06268396320874406,0.0,96.0,15.470436606030667 < CountClassCoupled <= 55.490746041173416,0.11340007452178776
OWN_COMMIT,1.0,0.04182752048453774,0.0,1.0,OWN_COMMIT > 0.5101466808561519,0.0756691775249228
CountDeclMethodDefault,1.0,0.03425760649196443,0.0,220.0,0.4934374049043257 < CountDeclMethodDefault <= 1.475142624811523,0.06197462525127857
AvgEssential,2.0,0.032553561434081474,0.0,8.0,1.4992910538962403 < AvgEssential <= 2.4986458609653344,0.05889187766065629
