feature,value,importance,min,max,rule,importance_ratio
CountClassCoupled,21.0,0.10157822288151098,0.0,96.0,15.470436606030667 < CountClassCoupled <= 55.490746041173416,0.20221332031695208
CountDeclMethodProtected,7.0,0.09449826840562825,0.0,97.0,4.512094016369762 < CountDeclMethodProtected <= 14.996431434066727,0.18811914676627753
OWN_COMMIT,0.571428571428571,0.06427631060529593,0.0,1.0,OWN_COMMIT > 0.5101466808561519,0.12795583360797688
AvgEssential,4.0,0.060105740708384106,0.0,8.0,2.4986458609653344 < AvgEssential <= 5.501915255126102,0.11965341639152081
CountDeclMethodPrivate,6.0,0.03489717339116626,0.0,274.0,1.548426881219695 < CountDeclMethodPrivate <= 6.551269788898351,0.06947033626819393
