feature,value,importance,left,right,rec,rule,min,max
CountClassCoupled,17.0,0.14980008733032613,0.0,13.490513641296767,-1,13.490513641296767 < CountClassCoupled <= 18.559808795198578,0.0,157.0
PercentLackOfCohesion,93.0,0.026190564926958235,0.0,90.5689169766835,-1,90.5689169766835 < PercentLackOfCohesion <= 99.48799633417491,0.0,100.0
OWN_COMMIT,0.666666666666667,0.025330410413801085,0.0,0.12329842411646136,-1,0.12329842411646136 < OWN_COMMIT <= 0.7789110271276085,0.0,1.0
MaxNesting_Mean,0.842105263157895,0.0038482131636350895,0.0,0.5084855571093213,-1,0.5084855571093213 < MaxNesting_Mean <= 2.231527148651975,0.0,3.0
