feature,value,importance,left,right,rec,rule,min,max
CountClassCoupled,23.0,0.2762169877395396,0.0,19.49362632354891,-1,19.49362632354891 < CountClassCoupled <= 149.5610677723453,0.0,157.0
PercentLackOfCohesion,86.0,0.022887354901892396,0.0,85.52769820940573,-1,85.52769820940573 < PercentLackOfCohesion <= 90.5689169766835,0.0,100.0
CountLineComment,18.0,0.0044509974438990685,0.0,8.614759251450735,-1,8.614759251450735 < CountLineComment <= 36.18870539853764,0.0,1197.0
MaxNesting_Mean,0.829268292682927,0.003529373958543671,0.0,0.5084855571093213,-1,0.5084855571093213 < MaxNesting_Mean <= 2.231527148651975,0.0,3.0
