feature,value,importance,left,right,rec,rule,min,max
OWN_COMMIT,0.833333333333333,-0.021156898733883687,0.895154396455826,1.0,1,0.7789110271276085 < OWN_COMMIT <= 0.895154396455826,0.0,1.0
PercentLackOfCohesion,87.0,0.014608421290269335,0.0,85.52769820940573,-1,85.52769820940573 < PercentLackOfCohesion <= 90.5689169766835,0.0,100.0
CountLineComment,68.0,-0.0034732265596081153,69.43964045826009,1197.0,1,36.18870539853764 < CountLineComment <= 69.43964045826009,0.0,1197.0
MaxNesting_Mean,0.742424242424242,-0.0015945007714946837,2.231527148651975,3.0,1,0.5084855571093213 < MaxNesting_Mean <= 2.231527148651975,0.0,3.0
