feature,value,importance,left,right,rec,rule,min,max
CountClassCoupled,15.0,0.1532586506015242,0.0,13.490513641296767,-1,13.490513641296767 < CountClassCoupled <= 18.559808795198578,0.0,157.0
OWN_COMMIT,0.5,0.02355538209080602,0.0,0.12329842411646136,-1,0.12329842411646136 < OWN_COMMIT <= 0.7789110271276085,0.0,1.0
MaxNesting_Mean,1.54545454545455,0.0037699641528301546,0.0,0.5084855571093213,-1,0.5084855571093213 < MaxNesting_Mean <= 2.231527148651975,0.0,3.0
CountLineComment,36.0,0.0008487123564249075,0.0,8.614759251450735,-1,8.614759251450735 < CountLineComment <= 36.18870539853764,0.0,1197.0
