feature,value,importance,min,max,rule,importance_ratio
Added_lines,64.0,0.37820249530018535,6.0,17843.0,24.088365210503166 < Added_lines <= 251.74735011885954,0.2507787530888687
MINOR_COMMIT,0.0,0.16045627996356823,0.0,5.0,MINOR_COMMIT <= 0.5004848706369127,0.1063954530035655
CountDeclClass,1.0,-0.12778084185128566,1.0,13.0,CountDeclClass <= 1.5005966587345618,0.0847290025484283
MaxInheritanceTree,4.0,0.10563637699689381,0.0,7.0,3.4981638542906017 < MaxInheritanceTree <= 4.503613651938005,0.07004543659364296
MaxNesting_Mean,0.777777777777778,0.074104618187225,0.0,5.0,0.7556304811597957 < MaxNesting_Mean <= 2.486347451800019,0.049137337743815464
