feature,value,importance,min,max,rule,importance_ratio
Added_lines,21.0,0.24356658526922578,6.0,17843.0,6.5761356021680655 < Added_lines <= 24.088365210503166,0.2530346424034637
CountDeclClass,1.0,-0.11449882361279644,1.0,13.0,CountDeclClass <= 1.5005966587345618,0.11894968620780592
MaxInheritanceTree,4.0,0.08697050410335357,0.0,7.0,3.4981638542906017 < MaxInheritanceTree <= 4.503613651938005,0.0903512703974404
OWN_LINE,0.856060606060606,0.07405672346468553,0.281553398058252,1.0,0.8116920473637016 < OWN_LINE <= 0.8930537701690927,0.07693549802303909
MAJOR_LINE,2.0,0.056788733484095466,0.0,10.0,1.498903175727984 < MAJOR_LINE <= 2.503347321568387,0.05899625703505425
