feature,value,importance,min,max,rule,importance_ratio
Added_lines,147.0,0.37856171038255854,6.0,17843.0,24.088365210503166 < Added_lines <= 251.74735011885954,0.24101692583990625
MAJOR_LINE,3.0,0.1923686488459998,0.0,10.0,2.503347321568387 < MAJOR_LINE <= 5.505000175998428,0.12247435253286894
MaxInheritanceTree,3.0,0.098991110644174,0.0,7.0,2.505604438664319 < MaxInheritanceTree <= 3.4981638542906017,0.06302415833029286
RatioCommentToCode,0.81,0.07720133512506433,0.05,29.08,0.30660540778902723 < RatioCommentToCode <= 0.9282032687770887,0.049151374669604335
CountDeclMethodDefault,2.0,0.0705702486520794,0.0,98.0,0.5251436229312023 < CountDeclMethodDefault <= 6.516059405237756,0.044929595147628024
