feature,value,importance,min,max,rule,importance_ratio
Added_lines,0.0,-0.4389701166657127,6.0,17843.0,Added_lines <= 6.5761356021680655,0.28817896493128586
MAJOR_LINE,5.0,0.15381241928596798,0.0,10.0,2.503347321568387 < MAJOR_LINE <= 5.505000175998428,0.10097613049400865
CountDeclMethodPrivate,38.0,0.13307069972811836,0.0,151.0,CountDeclMethodPrivate > 29.521787640350414,0.08735942392072725
CountLineComment,1068.0,0.12984483643096362,15.0,3202.0,442.57727842975316 < CountLineComment <= 1279.9881660055592,0.08524168079724304
CountDeclClass,1.0,-0.11665877799268008,1.0,13.0,CountDeclClass <= 1.5005966587345618,0.07658518112220535
