feature,value,importance,min,max,rule,importance_ratio
Added_lines,0.0,-0.4318354184933648,6.0,17843.0,Added_lines <= 6.5761356021680655,0.3103959661871812
CountDeclInstanceVariable,20.0,0.2363771688296025,0.0,1095.0,16.41644128235478 < CountDeclInstanceVariable <= 21.376447020001596,0.16990389523730615
CountDeclClass,1.0,-0.10761713332149958,1.0,13.0,CountDeclClass <= 1.5005966587345618,0.07735336807750708
MaxInheritanceTree,3.0,0.08889898181429336,0.0,7.0,2.505604438664319 < MaxInheritanceTree <= 3.4981638542906017,0.06389907861095978
MAJOR_LINE,2.0,0.06621144576039559,0.0,10.0,1.498903175727984 < MAJOR_LINE <= 2.503347321568387,0.04759166293295581
