feature,value,importance,min,max,rule,importance_ratio
Added_lines,43.0,0.40395204197591045,6.0,17843.0,24.088365210503166 < Added_lines <= 251.74735011885954,0.30915810924500653
MAJOR_LINE,6.0,0.24896293546801093,0.0,10.0,MAJOR_LINE > 5.505000175998428,0.1905397235396742
CountDeclClass,1.0,-0.09581452791091365,1.0,13.0,CountDeclClass <= 1.5005966587345618,0.0733300867653677
MaxNesting_Mean,1.11864406779661,0.05345356102582163,0.0,5.0,0.7556304811597957 < MaxNesting_Mean <= 2.486347451800019,0.04090981141801256
OWN_LINE,0.644832605531296,0.05301173610277276,0.281553398058252,1.0,0.571420709704031 < OWN_LINE <= 0.8116920473637016,0.04057166791672223
