feature,value,importance,min,max,rule,importance_ratio
Added_lines,1.0,-0.4651484799740166,6.0,17843.0,Added_lines <= 6.5761356021680655,0.35966958974662355
MAJOR_LINE,3.0,0.18749161538769474,0.0,10.0,2.503347321568387 < MAJOR_LINE <= 5.505000175998428,0.14497528271228757
CountDeclClass,1.0,-0.09372682082461602,1.0,13.0,CountDeclClass <= 1.5005966587345618,0.0724729600237069
MaxInheritanceTree,4.0,0.08349137201313143,0.0,7.0,3.4981638542906017 < MaxInheritanceTree <= 4.503613651938005,0.06455854165324405
AvgLineComment,8.0,0.05579841885042428,0.0,72.0,5.5024963826059325 < AvgLineComment <= 11.482862578537805,0.04314535095882379
