feature,value,importance,min,max,rule,importance_ratio
Added_lines,9.0,0.2695052753461938,6.0,17843.0,6.5761356021680655 < Added_lines <= 24.088365210503166,0.2129015163282552
MAJOR_LINE,3.0,0.17777036065538693,0.0,10.0,2.503347321568387 < MAJOR_LINE <= 5.505000175998428,0.14043353805648315
CountDeclInstanceVariable,27.0,0.16545735418202023,0.0,1095.0,CountDeclInstanceVariable > 21.376447020001596,0.1307066125060575
MaxInheritanceTree,3.0,0.0738374545053729,0.0,7.0,2.505604438664319 < MaxInheritanceTree <= 3.4981638542906017,0.05832949283022063
CountDeclClass,1.0,-0.0690210327945955,1.0,13.0,CountDeclClass <= 1.5005966587345618,0.054524656415854994
