feature,value,importance,min,max,rule,importance_ratio
Added_lines,229.0,0.3806635149343435,6.0,17843.0,24.088365210503166 < Added_lines <= 251.74735011885954,0.2765439338979902
CountClassCoupled,80.0,0.18168207556946808,0.0,126.0,CountClassCoupled > 45.50484901245065,0.1319881573241883
CountLineComment,620.0,0.10979161717042009,15.0,3202.0,442.57727842975316 < CountLineComment <= 1279.9881660055592,0.07976127086034747
MAJOR_LINE,6.0,0.08865373488963409,0.0,10.0,MAJOR_LINE > 5.505000175998428,0.06440504970737089
MaxInheritanceTree,3.0,0.08178472142395408,0.0,7.0,2.505604438664319 < MaxInheritanceTree <= 3.4981638542906017,0.05941485776285251
