feature,value,importance,min,max,rule,importance_ratio
Added_lines,49.0,0.36754003521372874,6.0,17843.0,24.088365210503166 < Added_lines <= 251.74735011885954,0.2602078162556295
CountDeclClass,3.0,0.17251469044580597,1.0,13.0,2.498717478387095 < CountDeclClass <= 3.5026413260608633,0.12213545892167971
CountDeclInstanceVariable,6.0,-0.16156649089323616,0.0,1095.0,5.452218072819715 < CountDeclInstanceVariable <= 6.4964298070611495,0.11438444726427363
MaxNesting_Mean,1.16666666666667,0.0981305116013629,0.0,5.0,0.7556304811597957 < MaxNesting_Mean <= 2.486347451800019,0.06947359113406476
MAJOR_LINE,1.0,-0.07872520535306879,0.0,10.0,0.49445902988758095 < MAJOR_LINE <= 1.498903175727984,0.05573519020121389
