feature,value,importance,min,max,rule,importance_ratio
Added_lines,0.0,-0.5472716156302462,6.0,17843.0,Added_lines <= 6.5761356021680655,0.3365906825312214
CountDeclMethodPrivate,2.0,0.12819509499466386,0.0,151.0,1.5198980898857455 < CountDeclMethodPrivate <= 5.5111176411963205,0.07884434947666219
AvgEssential,2.0,0.09155448004088221,0.0,19.0,1.496290593979419 < AvgEssential <= 3.4969555899249736,0.05630912337790992
MaxInheritanceTree,4.0,0.08047341250541395,0.0,7.0,3.4981638542906017 < MaxInheritanceTree <= 4.503613651938005,0.049493889445774514
PercentLackOfCohesion,83.0,0.0676534838003369,0.0,100.0,66.42629775224196 < PercentLackOfCohesion <= 91.52823503836835,0.04160919667238047
