feature,value,importance,min,max,rule,importance_ratio
Added_lines,5.0,-0.4017296583645176,6.0,17843.0,Added_lines <= 6.5761356021680655,0.2499950772808493
AvgEssential,2.0,0.18725494249575866,0.0,19.0,1.496290593979419 < AvgEssential <= 3.4969555899249736,0.11652814982848893
CountDeclClass,1.0,0.133412566988786,1.0,13.0,CountDeclClass <= 1.5005966587345618,0.08302221232651681
CountDeclMethodDefault,1.0,0.10670177138347711,0.0,98.0,0.5251436229312023 < CountDeclMethodDefault <= 6.516059405237756,0.06640016993420945
CountClassBase,1.0,-0.09734317411986161,0.0,6.0,0.5020098330613456 < CountClassBase <= 1.5001457572159462,0.06057634488807603
