feature,value,importance,min,max,rule,importance_ratio
Added_lines,36.0,0.3564052161477113,6.0,17843.0,24.088365210503166 < Added_lines <= 251.74735011885954,0.2463254148914868
MAJOR_LINE,3.0,0.1888582080174354,0.0,10.0,2.503347321568387 < MAJOR_LINE <= 5.505000175998428,0.13052720425471312
MaxInheritanceTree,1.0,-0.10145308561463287,0.0,7.0,0.49470484336951337 < MaxInheritanceTree <= 1.5001546410169164,0.07011814719257288
MINOR_COMMIT,0.0,-0.07563924001832148,0.0,5.0,MINOR_COMMIT <= 0.5004848706369127,0.05227720116157856
CountDeclClass,1.0,-0.06940740793257028,1.0,13.0,CountDeclClass <= 1.5005966587345618,0.04797014123510278
