feature,value,importance,min,max,rule,importance_ratio
Added_lines,13.0,0.23742112751796515,6.0,17843.0,6.5761356021680655 < Added_lines <= 24.088365210503166,0.2451091820467253
CountDeclClass,1.0,-0.08277183458809406,1.0,13.0,CountDeclClass <= 1.5005966587345618,0.085452111547484
OWN_LINE,0.7,0.07824933640776367,0.281553398058252,1.0,0.571420709704031 < OWN_LINE <= 0.8116920473637016,0.08078316804874375
MaxNesting_Mean,1.5,0.061411489585684084,0.0,5.0,0.7556304811597957 < MaxNesting_Mean <= 2.486347451800019,0.06340008632752796
CountDeclClassVariable,0.0,-0.05246468529001962,0.0,321.0,CountDeclClassVariable <= 0.5326452944531437,0.054163571002342724
