feature,value,importance,min,max,rule,importance_ratio
Added_lines,12.0,0.25241729974048677,6.0,17843.0,6.5761356021680655 < Added_lines <= 24.088365210503166,0.23595681557044032
MAJOR_LINE,3.0,0.1786662859056376,0.0,10.0,2.503347321568387 < MAJOR_LINE <= 5.505000175998428,0.16701520821050994
OWN_LINE,0.476973684210526,0.08329910161827453,0.281553398058252,1.0,0.441750463982939 < OWN_LINE <= 0.571420709704031,0.07786705102199454
CountDeclClass,1.0,-0.07891105376527204,1.0,13.0,CountDeclClass <= 1.5005966587345618,0.07376515388962812
AvgLineComment,9.0,0.06342299527397795,0.0,72.0,5.5024963826059325 < AvgLineComment <= 11.482862578537805,0.059287093294210454
