feature,value,importance,min,max,rule,importance_ratio
Added_lines,4.0,-0.42578801946711337,6.0,17843.0,Added_lines <= 6.5761356021680655,0.29493526938970904
MAJOR_LINE,3.0,0.15685689370722325,0.0,10.0,2.503347321568387 < MAJOR_LINE <= 5.505000175998428,0.10865178935535089
MaxInheritanceTree,1.0,-0.11384555254513272,0.0,7.0,0.49470484336951337 < MaxInheritanceTree <= 1.5001546410169164,0.07885865072188201
MaxNesting_Mean,2.55555555555556,0.09831439675861654,0.0,5.0,MaxNesting_Mean > 2.486347451800019,0.06810051426336317
CountDeclClass,1.0,-0.09045632267014173,1.0,13.0,CountDeclClass <= 1.5005966587345618,0.06265737567747907
