feature,value,importance,min,max,rule,importance_ratio
Added_lines,68.0,0.4067993809096585,6.0,17843.0,24.088365210503166 < Added_lines <= 251.74735011885954,0.32294620517531536
MAJOR_LINE,6.0,0.17097326381095343,0.0,10.0,MAJOR_LINE > 5.505000175998428,0.13573070492564884
CountDeclInstanceVariable,21.0,0.12388347783828804,0.0,1095.0,16.41644128235478 < CountDeclInstanceVariable <= 21.376447020001596,0.09834749247241421
CountLineComment,990.0,0.09207277812701392,15.0,3202.0,442.57727842975316 < CountLineComment <= 1279.9881660055592,0.0730939025265413
MaxNesting_Mean,1.60975609756098,0.06439013906952326,0.0,5.0,0.7556304811597957 < MaxNesting_Mean <= 2.486347451800019,0.05111745995461919
