feature,value,importance,min,max,rule,importance_ratio
Added_lines,0.0,-0.44612416521621884,6.0,17843.0,Added_lines <= 6.5761356021680655,0.3415998398709175
MAJOR_LINE,5.0,0.2021192957863182,0.0,10.0,2.503347321568387 < MAJOR_LINE <= 5.505000175998428,0.15476390758157216
OWN_LINE,0.647854203409759,0.08497120551080357,0.281553398058252,1.0,0.571420709704031 < OWN_LINE <= 0.8116920473637016,0.06506294090135532
CountDeclClass,1.0,-0.08153974519568613,1.0,13.0,CountDeclClass <= 1.5005966587345618,0.062435451996782285
MaxInheritanceTree,1.0,-0.06395470180001915,0.0,7.0,0.49470484336951337 < MaxInheritanceTree <= 1.5001546410169164,0.04897048310147127
