feature,value,importance,min,max,rule,importance_ratio
Added_lines,29.0,0.34998659997694964,6.0,17843.0,24.088365210503166 < Added_lines <= 251.74735011885954,0.2299715940046388
MAJOR_LINE,5.0,0.17084825244680243,0.0,10.0,2.503347321568387 < MAJOR_LINE <= 5.505000175998428,0.11226214075249101
CountDeclInstanceVariable,28.0,0.1617589921903171,0.0,1095.0,CountDeclInstanceVariable > 21.376447020001596,0.10628970732319798
MINOR_COMMIT,0.0,0.1251843658761811,0.0,5.0,MINOR_COMMIT <= 0.5004848706369127,0.0822570011734773
CountDeclMethodProtected,45.0,-0.09145308185860737,0.0,91.0,4.516577245480702 < CountDeclMethodProtected <= 86.4781303268648,0.06009261786892929
