feature,value,importance,min,max,rule,importance_ratio
Added_lines,108.0,0.4111108645287539,6.0,17843.0,24.088365210503166 < Added_lines <= 251.74735011885954,0.25790460310838675
CountDeclInstanceVariable,55.0,0.14399247749990535,0.0,1095.0,CountDeclInstanceVariable > 21.376447020001596,0.09033165008366986
MAJOR_LINE,7.0,0.11538248383745466,0.0,10.0,MAJOR_LINE > 5.505000175998428,0.07238357403633464
CountClassCoupled,53.0,0.09627369148714306,0.0,126.0,CountClassCoupled > 45.50484901245065,0.06039594264002791
CountDeclClass,1.0,-0.09133881780341364,1.0,13.0,CountDeclClass <= 1.5005966587345618,0.05730011922934974
