feature,value,importance,min,max,rule,importance_ratio
Added_lines,36.0,0.40325075859058085,6.0,17843.0,24.088365210503166 < Added_lines <= 251.74735011885954,0.23521149885803028
OWN_LINE,0.405932864949258,0.23952075003979495,0.281553398058252,1.0,OWN_LINE <= 0.41251109484975157,0.13970968045136303
CountDeclInstanceVariable,27.0,0.14912944670389255,0.0,1095.0,CountDeclInstanceVariable > 21.376447020001596,0.08698547971909665
MAJOR_LINE,6.0,0.12596913036068594,0.0,10.0,MAJOR_LINE > 5.505000175998428,0.07347633533421859
CountLineComment,656.0,0.11452749764528763,15.0,3202.0,442.57727842975316 < CountLineComment <= 1279.9881660055592,0.06680256343660815
