feature,value,importance,min,max,rule,importance_ratio
Added_lines,89.0,0.3495065837695571,6.0,17843.0,24.088365210503166 < Added_lines <= 251.74735011885954,0.24605600717379286
CountClassCoupled,48.0,0.2088792388188273,0.0,126.0,CountClassCoupled > 45.50484901245065,0.14705299949127448
MAJOR_LINE,5.0,0.1489908946523884,0.0,10.0,2.503347321568387 < MAJOR_LINE <= 5.505000175998428,0.10489102736785436
CountDeclInstanceVariable,30.0,0.08150755402202026,0.0,1095.0,CountDeclInstanceVariable > 21.376447020001596,0.0573821044538143
CountDeclMethodPublic,71.0,0.06920210402157989,0.0,201.0,CountDeclMethodPublic > 61.45617024326406,0.04871894892487163
