feature,value,importance,min,max,rule,importance_ratio
MaxNesting_Min,0.0,-0.2692283874247366,0.0,5.0,MaxNesting_Min <= 0.500511766194675,0.12104593357443524
Added_lines,11.0,0.24849278167708277,6.0,17843.0,6.5761356021680655 < Added_lines <= 24.088365210503166,0.11172313971913331
MAJOR_LINE,3.0,0.22601208266500952,0.0,10.0,2.503347321568387 < MAJOR_LINE <= 5.505000175998428,0.10161574641877784
CountDeclClass,1.0,-0.1435222115436401,1.0,13.0,CountDeclClass <= 1.5005966587345618,0.06452803974775544
AvgEssential,1.0,0.1340624549155996,0.0,19.0,0.495958096006642 < AvgEssential <= 1.496290593979419,0.060274903281051236
