feature,value,importance,min,max,rule,importance_ratio
Added_lines,264.0,0.4322569926177664,6.0,17843.0,251.74735011885954 < Added_lines <= 987.2609936689339,0.29454740188308387
MaxInheritanceTree,4.0,0.1343501725544019,0.0,7.0,3.4981638542906017 < MaxInheritanceTree <= 4.503613651938005,0.09154853465479044
CountDeclInstanceVariable,6.0,-0.11386248143467409,0.0,1095.0,5.452218072819715 < CountDeclInstanceVariable <= 6.4964298070611495,0.07758786705898547
CountDeclClass,2.0,0.11146408472026685,1.0,13.0,1.5005966587345618 < CountDeclClass <= 2.498717478387095,0.07595355799521455
AvgLineComment,9.0,0.09022562273245523,0.0,72.0,5.5024963826059325 < AvgLineComment <= 11.482862578537805,0.061481302125812494
