feature,value,importance,min,max,rule,importance_ratio
Added_lines,0.0,-0.46291245162014855,6.0,17843.0,Added_lines <= 6.5761356021680655,0.38558233513003065
CountDeclClass,1.0,-0.0989299299545155,1.0,13.0,CountDeclClass <= 1.5005966587345618,0.0824035587563187
OWN_LINE,0.793633369923161,0.08001477256162623,0.281553398058252,1.0,0.571420709704031 < OWN_LINE <= 0.8116920473637016,0.06664820257314348
MaxInheritanceTree,5.0,0.07273234383531617,0.0,7.0,MaxInheritanceTree > 4.503613651938005,0.06058231287006679
CountLineComment,171.0,0.07218455548373422,15.0,3202.0,146.26265667216038 < CountLineComment <= 442.57727842975316,0.06012603326250653
