feature,value,importance,min,max,rule,importance_ratio
Added_lines,0.0,-0.44509516802554744,6.0,17843.0,Added_lines <= 6.5761356021680655,0.32716390008516044
MAJOR_LINE,5.0,0.23774582580191997,0.0,10.0,2.503347321568387 < MAJOR_LINE <= 5.505000175998428,0.17475330487941582
AvgLineComment,6.0,0.0893501085116121,0.0,72.0,5.5024963826059325 < AvgLineComment <= 11.482862578537805,0.06567613417006012
OWN_LINE,0.838926174496644,0.05550498650342527,0.281553398058252,1.0,0.8116920473637016 < OWN_LINE <= 0.8930537701690927,0.04079852841177666
MaxInheritanceTree,1.0,-0.05210731153825634,0.0,7.0,0.49470484336951337 < MaxInheritanceTree <= 1.5001546410169164,0.03830109264369711
