feature,value,importance,min,max,rule,importance_ratio
Added_lines,5.0,-0.44760485884151757,6.0,17843.0,Added_lines <= 6.5761356021680655,0.3070174791786162
MAJOR_LINE,3.0,0.18761936190518447,0.0,10.0,2.503347321568387 < MAJOR_LINE <= 5.505000175998428,0.12869034461850065
MINOR_COMMIT,0.0,0.12211903102974199,0.0,5.0,MINOR_COMMIT <= 0.5004848706369127,0.0837628911435958
AvgLineComment,8.0,0.07337720392624004,0.0,72.0,5.5024963826059325 < AvgLineComment <= 11.482862578537805,0.05033029408330428
CountDeclClass,1.0,-0.07252749597013339,1.0,13.0,CountDeclClass <= 1.5005966587345618,0.04974746932265027
