feature,value,importance,min,max,rule,importance_ratio
Added_lines,37.0,0.336183645263527,6.0,17843.0,24.088365210503166 < Added_lines <= 251.74735011885954,0.23448926878155726
CountDeclClass,5.0,0.18735620797524638,1.0,13.0,CountDeclClass > 4.500762145713396,0.13068161056842237
CountDeclMethodPrivate,36.0,0.08477253596992985,0.0,151.0,CountDeclMethodPrivate > 29.521787640350414,0.05912914043383933
AvgLineComment,0.0,-0.07920327158029578,0.0,72.0,AvgLineComment <= 0.5300570736288677,0.055244559036809235
AvgLineBlank,1.0,0.07685538239518741,0.0,38.0,0.48706941610438936 < AvgLineBlank <= 1.4893549233110666,0.053606898115604644
