feature,value,importance,min,max,rule,importance_ratio
Added_lines,76.0,0.3209158973543202,6.0,17843.0,24.088365210503166 < Added_lines <= 251.74735011885954,0.2217494834389519
MAJOR_LINE,5.0,0.21091155238413553,0.0,10.0,2.503347321568387 < MAJOR_LINE <= 5.505000175998428,0.1457376470846868
CountClassCoupled,55.0,0.12088487866055793,0.0,126.0,CountClassCoupled > 45.50484901245065,0.08353016980322005
MINOR_COMMIT,4.0,0.11938810050532765,0.0,5.0,MINOR_COMMIT > 0.5004848706369127,0.08249591196345163
AvgLineComment,11.0,0.09835575194542748,0.0,72.0,5.5024963826059325 < AvgLineComment <= 11.482862578537805,0.06796278204649876
