feature,value,importance,min,max,rule,importance_ratio
Added_lines,78.0,0.3833099835294202,6.0,17843.0,24.088365210503166 < Added_lines <= 251.74735011885954,0.3665054594549007
CountDeclClass,4.0,0.07767309020924372,1.0,13.0,3.5026413260608633 < CountDeclClass <= 4.500762145713396,0.07426785848961809
AvgLineComment,6.0,0.07307284160741524,0.0,72.0,5.5024963826059325 < AvgLineComment <= 11.482862578537805,0.06986928735954863
OWN_LINE,0.756544502617801,0.058818102741861444,0.281553398058252,1.0,0.571420709704031 < OWN_LINE <= 0.8116920473637016,0.05623948421895698
CountLineComment,144.0,0.05161255270505454,15.0,3202.0,137.67382705599826 < CountLineComment <= 146.26265667216038,0.04934982952604054
