feature,value,importance,min,max,rule,importance_ratio
Added_lines,24.0,0.39569111675089813,6.0,17843.0,24.088365210503166 < Added_lines <= 251.74735011885954,0.3328403820894067
CountLineComment,1077.0,0.1163661660193508,15.0,3202.0,442.57727842975316 < CountLineComment <= 1279.9881660055592,0.09788281192206508
MINOR_COMMIT,0.0,-0.08039614385615647,0.0,5.0,MINOR_COMMIT <= 0.5004848706369127,0.0676261915084736
OWN_LINE,0.995416500597848,-0.07133755487840235,0.281553398058252,1.0,OWN_LINE > 0.9680591083803126,0.06000644952057181
MaxInheritanceTree,3.0,0.06678385464580801,0.0,7.0,2.505604438664319 < MaxInheritanceTree <= 3.4981638542906017,0.05617604933928222
