feature,value,importance,min,max,rule,importance_ratio
Added_lines,111.0,0.3708931629927212,6.0,17843.0,24.088365210503166 < Added_lines <= 251.74735011885954,0.18201117344888387
MaxInheritanceTree,3.0,0.18445326151760566,0.0,7.0,2.505604438664319 < MaxInheritanceTree <= 3.4981638542906017,0.09051812738848498
CountDeclClassVariable,0.0,-0.1370585807319915,0.0,321.0,CountDeclClassVariable <= 0.5326452944531437,0.06725978152031326
CountInput_Mean,4.0,0.12098403453691291,0.0,337.0,3.961857237784809 < CountInput_Mean <= 4.058734353009095,0.05937139934573549
OWN_LINE,0.981651376146789,-0.11450297820684126,0.281553398058252,1.0,OWN_LINE > 0.9680591083803126,0.05619090214188757
