feature,value,importance,min,max,rule,importance_ratio
Added_lines,209.0,0.39928012206678,6.0,17843.0,24.088365210503166 < Added_lines <= 251.74735011885954,0.38289917734743134
CountDeclClass,1.0,-0.08981052530291032,1.0,13.0,CountDeclClass <= 1.5005966587345618,0.08612594105016212
MINOR_COMMIT,0.0,0.08808768220336874,0.0,5.0,MINOR_COMMIT <= 0.5004848706369127,0.08447377965004403
CountDeclClassMethod,0.0,-0.05910624006393544,0.0,87.0,CountDeclClassMethod <= 0.5030580109254676,0.05668133584870896
OWN_LINE,0.888888888888889,0.0569912609633201,0.281553398058252,1.0,0.8116920473637016 < OWN_LINE <= 0.8930537701690927,0.05465312629612527
