feature,value,importance,min,max,rule,importance_ratio
Added_lines,124.0,0.40271113327576175,6.0,17843.0,24.088365210503166 < Added_lines <= 251.74735011885954,0.4237204891826458
MAJOR_LINE,0.0,-0.07166119231485374,0.0,10.0,MAJOR_LINE <= 0.49445902988758095,0.07539974178530873
OWN_LINE,1.0,-0.06902697680611704,0.281553398058252,1.0,OWN_LINE > 0.9680591083803126,0.07262809980239361
MaxInheritanceTree,1.0,-0.062118273535844155,0.0,7.0,0.49470484336951337 < MaxInheritanceTree <= 1.5001546410169164,0.06535897092213187
CountDeclClass,4.0,0.04288906588493945,1.0,13.0,3.5026413260608633 < CountDeclClass <= 4.500762145713396,0.04512657951502196
