feature,value,importance,min,max,rule,importance_ratio
Added_lines,412.0,0.33904427715004226,6.0,17843.0,251.74735011885954 < Added_lines <= 987.2609936689339,0.2406085194948729
MAJOR_LINE,4.0,0.2113246762339509,0.0,10.0,2.503347321568387 < MAJOR_LINE <= 5.505000175998428,0.14997013932455325
MaxInheritanceTree,4.0,0.10750957520023913,0.0,7.0,3.4981638542906017 < MaxInheritanceTree <= 4.503613651938005,0.07629599277679186
OWN_LINE,0.968571428571429,-0.1019694469278226,0.281553398058252,1.0,OWN_LINE > 0.9680591083803126,0.07236434681997804
AvgLineComment,9.0,0.06653282380023139,0.0,72.0,5.5024963826059325 < AvgLineComment <= 11.482862578537805,0.047216146418842225
