feature,value,importance,min,max,rule,importance_ratio
Added_lines,878.0,0.38567505546972275,6.0,17843.0,251.74735011885954 < Added_lines <= 987.2609936689339,0.32547217860028893
MaxInheritanceTree,4.0,0.12930196876497904,0.0,7.0,3.4981638542906017 < MaxInheritanceTree <= 4.503613651938005,0.10911826646395087
MINOR_COMMIT,0.0,0.08636911513924816,0.0,5.0,MINOR_COMMIT <= 0.5004848706369127,0.07288712004958049
MAJOR_LINE,0.0,-0.06575467102668867,0.0,10.0,MAJOR_LINE <= 0.49445902988758095,0.05549053725068241
CountDeclClass,2.0,0.06252965946126228,1.0,13.0,1.5005966587345618 < CountDeclClass <= 2.498717478387095,0.052768941634569626
