feature,value,importance,min,max,rule,importance_ratio
Added_lines,362.0,0.39444972689124275,6.0,17843.0,251.74735011885954 < Added_lines <= 987.2609936689339,0.3291937174783705
MaxNesting_Min,0.0,-0.08038389040990153,0.0,5.0,MaxNesting_Min <= 0.500511766194675,0.06708553690216006
OWN_LINE,1.0,-0.07701061264310478,0.281553398058252,1.0,OWN_LINE > 0.9680591083803126,0.06427031921424127
AvgLineBlank,7.0,0.06996658759047086,0.0,38.0,1.4893549233110666 < AvgLineBlank <= 14.489587531491791,0.05839162635428479
MINOR_COMMIT,0.0,-0.06808077044743349,0.0,5.0,MINOR_COMMIT <= 0.5004848706369127,0.05681779041657586
