feature,value,importance,min,max,rule,importance_ratio
Added_lines,240.0,0.4291702999775499,6.0,17843.0,24.088365210503166 < Added_lines <= 251.74735011885954,0.30754116378359697
MaxInheritanceTree,4.0,0.13917302572864607,0.0,7.0,3.4981638542906017 < MaxInheritanceTree <= 4.503613651938005,0.0997306530813322
MAJOR_LINE,0.0,-0.08300667703619352,0.0,10.0,MAJOR_LINE <= 0.49445902988758095,0.05948214510383293
CountDeclMethodProtected,1.0,0.07368709369085662,0.0,91.0,0.49788124088499186 < CountDeclMethodProtected <= 1.4901518593036855,0.05280378104147104
AvgLineComment,6.0,0.06740985122995752,0.0,72.0,5.5024963826059325 < AvgLineComment <= 11.482862578537805,0.04830554234257295
