feature,value,importance,min,max,rule,importance_ratio
Added_lines,1649.0,0.35091506314699017,6.0,17843.0,Added_lines > 987.2609936689339,0.333753851833757
CountLineComment,467.0,0.14425478336609812,15.0,3202.0,442.57727842975316 < CountLineComment <= 1279.9881660055592,0.13720012233761636
MaxInheritanceTree,4.0,0.10426757486790678,0.0,7.0,3.4981638542906017 < MaxInheritanceTree <= 4.503613651938005,0.09916845524226395
CountDeclClass,1.0,-0.08200622283066268,1.0,13.0,CountDeclClass <= 1.5005966587345618,0.07799577623889699
OWN_LINE,0.846223839854413,0.03723851984883532,0.281553398058252,1.0,0.8116920473637016 < OWN_LINE <= 0.8930537701690927,0.035417400794022315
