feature,value,importance,min,max,rule,importance_ratio
Added_lines,701.0,0.407356690191035,6.0,17843.0,251.74735011885954 < Added_lines <= 987.2609936689339,0.3246501698180798
MaxNesting_Mean,0.0,-0.09422124270239475,0.0,5.0,MaxNesting_Mean <= 0.006994768278210439,0.07509129757868443
CountDeclClass,1.0,-0.07957135816669926,1.0,13.0,CountDeclClass <= 1.5005966587345618,0.06341581116382188
OWN_LINE,0.983739837398374,-0.07666482184793465,0.281553398058252,1.0,OWN_LINE > 0.9680591083803126,0.06109939527526281
CountLineComment,32.0,-0.06778862553299414,15.0,3202.0,21.724627237809756 < CountLineComment <= 32.460664258012386,0.054025352525080755
