feature,value,importance,min,max,rule,importance_ratio
Added_lines,1606.0,0.41956493969753167,6.0,17843.0,Added_lines > 987.2609936689339,0.272722601146399
MAJOR_LINE,3.0,0.2299559778593673,0.0,10.0,2.503347321568387 < MAJOR_LINE <= 5.505000175998428,0.14947433995839032
CountDeclClass,2.0,0.11495333389719212,1.0,13.0,1.5005966587345618 < CountDeclClass <= 2.498717478387095,0.07472114389132117
MINOR_COMMIT,0.0,-0.09831396503315885,0.0,5.0,MINOR_COMMIT <= 0.5004848706369127,0.06390534035610444
MaxInheritanceTree,4.0,0.09739223017303121,0.0,7.0,3.4981638542906017 < MaxInheritanceTree <= 4.503613651938005,0.06330620085507144
