feature,value,importance,min,max,rule,importance_ratio
Added_lines,761.0,0.43156357730320266,6.0,17843.0,251.74735011885954 < Added_lines <= 987.2609936689339,0.309413620098389
CountDeclClassMethod,21.0,0.13463631570669163,0.0,87.0,16.503375113585758 < CountDeclClassMethod <= 21.506731601714055,0.09652878980157602
MaxInheritanceTree,4.0,0.10419017151184186,0.0,7.0,3.4981638542906017 < MaxInheritanceTree <= 4.503613651938005,0.07470013653052504
CountInput_Mean,0.903225806451613,-0.09191366394710591,0.0,337.0,0.8617895506076416 < CountInput_Mean <= 1.055543781056215,0.06589837742122585
MINOR_COMMIT,0.0,-0.08961276787774795,0.0,5.0,MINOR_COMMIT <= 0.5004848706369127,0.06424872805382796
