feature,value,importance,min,max,rule,importance_ratio
Added_lines,420.0,0.43687275535755365,6.0,17843.0,251.74735011885954 < Added_lines <= 987.2609936689339,0.4102998672828945
MaxInheritanceTree,4.0,0.08115519333131416,0.0,7.0,3.4981638542906017 < MaxInheritanceTree <= 4.503613651938005,0.07621890961340333
MINOR_COMMIT,0.0,-0.06450070041245182,0.0,5.0,MINOR_COMMIT <= 0.5004848706369127,0.06057743014261221
OWN_LINE,0.997607655502392,-0.04429780404116645,0.281553398058252,1.0,OWN_LINE > 0.9680591083803126,0.041603379693793956
CountDeclMethodPrivate,11.0,0.03961864204856889,0.0,151.0,5.5111176411963205 < CountDeclMethodPrivate <= 15.520842865118082,0.037208828829694736
