feature,value,importance,min,max,rule,importance_ratio
Added_lines,352.0,0.3799898697981538,6.0,17843.0,251.74735011885954 < Added_lines <= 987.2609936689339,0.3326439659819768
MaxInheritanceTree,4.0,0.1261376420180635,0.0,7.0,3.4981638542906017 < MaxInheritanceTree <= 4.503613651938005,0.11042116865586857
MINOR_COMMIT,0.0,0.0817328312569526,0.0,5.0,MINOR_COMMIT <= 0.5004848706369127,0.07154909986071552
CountDeclClass,1.0,-0.07778123881847553,1.0,13.0,CountDeclClass <= 1.5005966587345618,0.06808986716754493
OWN_LINE,0.994152046783626,-0.0668613717813834,0.281553398058252,1.0,OWN_LINE > 0.9680591083803126,0.058530591597531226
