feature,value,importance,min,max,rule,importance_ratio
Added_lines,35.0,0.3802095075466423,6.0,17843.0,24.088365210503166 < Added_lines <= 251.74735011885954,0.38021271920669536
MaxInheritanceTree,4.0,0.12332236743032629,0.0,7.0,3.4981638542906017 < MaxInheritanceTree <= 4.503613651938005,0.12332340914420578
CountDeclClass,4.0,0.0950703741954911,1.0,13.0,3.5026413260608633 < CountDeclClass <= 4.500762145713396,0.09507117726252906
MAJOR_LINE,0.0,-0.07709955701118992,0.0,10.0,MAJOR_LINE <= 0.49445902988758095,0.07710020827730096
AvgLineComment,1.0,-0.05870914471189823,0.0,72.0,0.5300570736288677 < AvgLineComment <= 1.470788834786691,0.058709640632728925
