feature,value,importance,min,max,rule,importance_ratio
Added_lines,1019.0,0.35479390645152603,6.0,17843.0,Added_lines > 987.2609936689339,0.30988775426132426
CountDeclClass,1.0,-0.10291833427105897,1.0,13.0,CountDeclClass <= 1.5005966587345618,0.08989199335060218
OWN_LINE,0.993471164309032,-0.08031006010502208,0.281553398058252,1.0,OWN_LINE > 0.9680591083803126,0.07014524127385903
AvgLineComment,7.0,0.0754220940183882,0.0,72.0,5.5024963826059325 < AvgLineComment <= 11.482862578537805,0.06587594350422714
MaxInheritanceTree,4.0,0.07264926252213509,0.0,7.0,3.4981638542906017 < MaxInheritanceTree <= 4.503613651938005,0.06345406841084432
