feature,value,importance,min,max,rule,importance_ratio
Added_lines,302.0,0.40146754281710617,6.0,17843.0,251.74735011885954 < Added_lines <= 987.2609936689339,0.2763110390762122
MAJOR_LINE,3.0,0.1916621078633264,0.0,10.0,2.503347321568387 < MAJOR_LINE <= 5.505000175998428,0.1319119244451068
MINOR_COMMIT,0.0,0.1241155791926058,0.0,5.0,MINOR_COMMIT <= 0.5004848706369127,0.08542285737872993
MaxInheritanceTree,4.0,0.07392412880331983,0.0,7.0,3.4981638542906017 < MaxInheritanceTree <= 4.503613651938005,0.05087846628676134
AvgLineComment,0.0,-0.07161150643708859,0.0,72.0,AvgLineComment <= 0.5300570736288677,0.04928679816704151
