feature,value,importance,min,max,rule,importance_ratio
Added_lines,29.0,0.42723626869810233,6.0,17843.0,24.088365210503166 < Added_lines <= 251.74735011885954,0.3075678281078437
CountDeclClass,3.0,0.13561644516945037,1.0,13.0,2.498717478387095 < CountDeclClass <= 3.5026413260608633,0.09763041799699998
MAJOR_LINE,0.0,-0.09391410911424998,0.0,10.0,MAJOR_LINE <= 0.49445902988758095,0.0676088634913247
CountDeclMethodProtected,2.0,0.06668505041196959,0.0,91.0,1.4901518593036855 < CountDeclMethodProtected <= 2.4824224777223796,0.048006636199148744
AvgLineBlank,2.0,0.06541012072749072,0.0,38.0,1.4893549233110666 < AvgLineBlank <= 14.489587531491791,0.0470888130114304
