feature,value,importance,min,max,rule,importance_ratio
Added_lines,0.0,-0.36670978120470854,6.0,17843.0,Added_lines <= 6.5761356021680655,0.24880962099100623
CountDeclClass,1.0,-0.15054600981694538,1.0,13.0,CountDeclClass <= 1.5005966587345618,0.10214425020573062
AvgLineComment,7.0,0.10396645493908119,0.0,72.0,5.5024963826059325 < AvgLineComment <= 11.482862578537805,0.07054039890670681
CountClassCoupled,0.0,0.1018365603704204,0.0,126.0,CountClassCoupled <= 0.5399343961701559,0.06909528266617908
CountDeclClassMethod,4.0,0.07884865226745508,0.0,87.0,0.5030580109254676 < CountDeclClassMethod <= 16.503375113585758,0.053498172919924404
