feature,value,importance,min,max,rule,importance_ratio
Added_lines,55.0,0.3383586987101238,6.0,17843.0,24.088365210503166 < Added_lines <= 251.74735011885954,0.17902900475128378
CountClassBase,3.0,0.181107506431072,0.0,6.0,2.4982816813705466 < CountClassBase <= 5.500426941618492,0.09582581075333656
CountClassCoupled,15.0,0.1672100357373905,0.0,126.0,12.516570532282248 < CountClassCoupled <= 20.500994623023644,0.08847251865139039
OWN_LINE,0.981958762886598,-0.14265927902980025,0.281553398058252,1.0,OWN_LINE > 0.9680591083803126,0.07548246532630566
MAJOR_LINE,1.0,-0.10713356159651771,0.0,10.0,0.49445902988758095 < MAJOR_LINE <= 1.498903175727984,0.056685449439314355
