feature,value,importance,min,max,rule,importance_ratio
Added_lines,22.0,0.2790076484865365,6.0,17843.0,6.5761356021680655 < Added_lines <= 24.088365210503166,0.2559726259515268
MAJOR_LINE,6.0,0.13001603839148348,0.0,10.0,MAJOR_LINE > 5.505000175998428,0.11928184386131088
CountLineComment,504.0,0.12540100018613187,15.0,3202.0,442.57727842975316 < CountLineComment <= 1279.9881660055592,0.11504782570912579
CountDeclInstanceVariable,15.0,0.07452819416327454,0.0,1095.0,12.5006472789494 < CountDeclInstanceVariable <= 16.41644128235478,0.06837510609792194
CountDeclClass,1.0,-0.07393565311014877,1.0,13.0,CountDeclClass <= 1.5005966587345618,0.06783148555498902
