feature,value,importance,min,max,rule,importance_ratio
Added_lines,0.0,-0.496263397383658,6.0,17843.0,Added_lines <= 6.5761356021680655,0.32294902674210396
OWN_LINE,0.435897435897436,0.27666342331195654,0.281553398058252,1.0,0.41251109484975157 < OWN_LINE <= 0.441750463982939,0.1800418563302999
CountDeclClass,1.0,-0.07052494831479808,1.0,13.0,CountDeclClass <= 1.5005966587345618,0.045894908912037444
MAJOR_LINE,0.0,-0.06216543593975442,0.0,10.0,MAJOR_LINE <= 0.49445902988758095,0.04045486155051139
CountClassCoupled,11.0,0.060284445470594084,0.0,126.0,6.5282524642262025 < CountClassCoupled <= 12.516570532282248,0.03923078569779063
