feature,value,importance,min,max,rule,importance_ratio
Added_lines,186.0,0.4070823993144278,6.0,17843.0,24.088365210503166 < Added_lines <= 251.74735011885954,0.33125120407645137
MAJOR_LINE,3.0,0.20231284036227765,0.0,10.0,2.503347321568387 < MAJOR_LINE <= 5.505000175998428,0.16462606116843767
CountDeclClass,1.0,-0.0966093511388129,1.0,13.0,CountDeclClass <= 1.5005966587345618,0.07861298828854144
MINOR_COMMIT,0.0,-0.08533262197023306,0.0,5.0,MINOR_COMMIT <= 0.5004848706369127,0.06943688506858647
OWN_LINE,0.462765957446808,0.0700173008334192,0.281553398058252,1.0,0.441750463982939 < OWN_LINE <= 0.571420709704031,0.0569744976602117
