feature,value,importance,min,max,rule,importance_ratio
Added_lines,51.0,0.394641334414509,6.0,17843.0,24.088365210503166 < Added_lines <= 251.74735011885954,0.30107161684338024
MAJOR_LINE,4.0,0.2057737518892094,0.0,10.0,2.503347321568387 < MAJOR_LINE <= 5.505000175998428,0.15698466121681337
CountLineComment,1025.0,0.19202422475722408,15.0,3202.0,442.57727842975316 < CountLineComment <= 1279.9881660055592,0.1464951559281688
MaxNesting_Mean,0.0,-0.07403586181219221,0.0,5.0,MaxNesting_Mean <= 0.006994768278210439,0.056481910728533875
MaxNesting_Min,0.0,-0.06868634693099317,0.0,5.0,MaxNesting_Min <= 0.500511766194675,0.052400769311860454
