feature,value,importance,min,max,rule,importance_ratio
Added_lines,80.0,0.4324313293552242,6.0,17843.0,24.088365210503166 < Added_lines <= 251.74735011885954,0.289430442966281
MAJOR_LINE,4.0,0.2000100053313477,0.0,10.0,2.503347321568387 < MAJOR_LINE <= 5.505000175998428,0.1338686180001237
CountLineComment,524.0,0.12805023421654477,15.0,3202.0,442.57727842975316 < CountLineComment <= 1279.9881660055592,0.08570525189858759
CountDeclClass,1.0,-0.11825964613543995,1.0,13.0,CountDeclClass <= 1.5005966587345618,0.07915231724087042
AvgLineComment,7.0,0.08739065473771777,0.0,72.0,5.5024963826059325 < AvgLineComment <= 11.482862578537805,0.05849140474989363
