feature,value,importance,min,max,rule,importance_ratio
Added_lines,233.0,0.3644933075933046,6.0,17843.0,24.088365210503166 < Added_lines <= 251.74735011885954,0.2597848279909684
MAJOR_LINE,4.0,0.1935640918736187,0.0,10.0,2.503347321568387 < MAJOR_LINE <= 5.505000175998428,0.13795867651079946
CountDeclClass,1.0,-0.17557293502611293,1.0,13.0,CountDeclClass <= 1.5005966587345618,0.12513586333530272
MINOR_COMMIT,0.0,0.08072237800502027,0.0,5.0,MINOR_COMMIT <= 0.5004848706369127,0.057533152593447864
CountDeclInstanceVariable,8.0,0.06792222468732328,0.0,1095.0,6.4964298070611495 < CountDeclInstanceVariable <= 12.5006472789494,0.04841011642619337
