feature,value,importance,min,max,rule,importance_ratio
Added_lines,1.0,-0.3553967810756916,6.0,17843.0,Added_lines <= 6.5761356021680655,0.2083273551028786
CountInput_Mean,5.26666666666667,0.16268488409746384,0.0,337.0,4.058734353009095 < CountInput_Mean <= 51.33476658246089,0.09536302359481645
CountDeclMethodPrivate,2.0,0.13381580813978558,0.0,151.0,1.5198980898857455 < CountDeclMethodPrivate <= 5.5111176411963205,0.07844047798164637
CountClassCoupled,11.0,-0.09445117533286342,0.0,126.0,6.5282524642262025 < CountClassCoupled <= 12.516570532282248,0.0553656211626266
MaxNesting_Mean,1.11764705882353,0.08790852119502768,0.0,5.0,0.7556304811597957 < MaxNesting_Mean <= 2.486347451800019,0.051530432144417875
