feature,value,importance,min,max,rule,importance_ratio
Added_lines,35.0,0.3947669151427073,6.0,17843.0,24.088365210503166 < Added_lines <= 251.74735011885954,0.29365926603846515
MAJOR_LINE,7.0,0.10206248632975438,0.0,10.0,MAJOR_LINE > 5.505000175998428,0.07592225608577632
CountLineComment,360.0,0.08412696085071719,15.0,3202.0,146.26265667216038 < CountLineComment <= 442.57727842975316,0.06258037497528796
CountDeclMethodPrivate,6.0,0.07093454221131905,0.0,151.0,5.5111176411963205 < CountDeclMethodPrivate <= 15.520842865118082,0.05276679681989123
AvgLineComment,16.0,-0.07072931674441998,0.0,72.0,11.482862578537805 < AvgLineComment <= 45.48359623181341,0.05261413367191644
