feature,value,importance,min,max,rule,importance_ratio
Added_lines,2.0,-0.4262333148421503,6.0,17843.0,Added_lines <= 6.5761356021680655,0.28319897351360834
OWN_LINE,0.973451327433628,-0.11689732840007919,0.281553398058252,1.0,OWN_LINE > 0.9680591083803126,0.0776692066448294
MaxNesting_Mean,0.666666666666667,0.110421401039555,0.0,5.0,0.05529384652863534 < MaxNesting_Mean <= 0.7475806347847249,0.07336645527090564
AvgLineComment,9.0,0.09624434776566286,0.0,72.0,5.5024963826059325 < AvgLineComment <= 11.482862578537805,0.06394690312702672
CountDeclClassVariable,9.0,0.08866692523917294,0.0,321.0,3.541436439257825 < CountDeclClassVariable <= 10.46165607230859,0.058912293661608585
