feature,value,importance,min,max,rule,importance_ratio
Added_lines,14.0,0.28106117110424683,6.0,17843.0,6.5761356021680655 < Added_lines <= 24.088365210503166,0.3340375310186315
OWN_LINE,0.990740740740741,-0.08424514178124495,0.281553398058252,1.0,OWN_LINE > 0.9680591083803126,0.10012425071154345
CountDeclClassVariable,25.0,0.07511450400703029,0.0,321.0,10.46165607230859 < CountDeclClassVariable <= 159.54725729738055,0.089272606968862
MaxNesting_Mean,1.28571428571429,0.045306243003843664,0.0,5.0,0.7556304811597957 < MaxNesting_Mean <= 2.486347451800019,0.053845878081539844
CountDeclClass,1.0,-0.04116051516289842,1.0,13.0,CountDeclClass <= 1.5005966587345618,0.04891873468843517
