feature,value,importance,min,max,rule,importance_ratio
Added_lines,43.0,0.3980383734487984,6.0,17843.0,24.088365210503166 < Added_lines <= 251.74735011885954,0.3431132708935824
CountDeclClassVariable,20.0,0.06359310068915243,0.0,321.0,10.46165607230859 < CountDeclClassVariable <= 159.54725729738055,0.05481792269088042
MINOR_COMMIT,0.0,-0.061017822932917236,0.0,5.0,MINOR_COMMIT <= 0.5004848706369127,0.05259800613674193
MaxInheritanceTree,3.0,0.05867406381172051,0.0,7.0,2.505604438664319 < MaxInheritanceTree <= 3.4981638542906017,0.05057766108484979
CountLineComment,384.0,0.05853576414384886,15.0,3202.0,146.26265667216038 < CountLineComment <= 442.57727842975316,0.05045844531428027
