feature,value,importance,min,max,rule,importance_ratio
Added_lines,401.0,0.359519642841354,6.0,17843.0,251.74735011885954 < Added_lines <= 987.2609936689339,0.2591141177599287
CountDeclMethodProtected,1.0,0.09922885181642971,0.0,91.0,0.49788124088499186 < CountDeclMethodProtected <= 1.4901518593036855,0.07151652741847736
CountDeclClass,1.0,-0.09783563310393859,1.0,13.0,CountDeclClass <= 1.5005966587345618,0.07051240248477225
MaxInheritanceTree,4.0,0.07448792114336913,0.0,7.0,3.4981638542906017 < MaxInheritanceTree <= 4.503613651938005,0.053685166736083374
MAJOR_LINE,1.0,-0.072172398757159,0.0,10.0,0.49445902988758095 < MAJOR_LINE <= 1.498903175727984,0.052016316223453776
