feature,value,importance,min,max,rule,importance_ratio
Added_lines,273.0,0.23409569491832385,6.0,17843.0,251.74735011885954 < Added_lines <= 987.2609936689339,0.1283562339052183
CountDeclMethodPrivate,8.0,0.17379012526086898,0.0,151.0,5.5111176411963205 < CountDeclMethodPrivate <= 15.520842865118082,0.0952902870605298
CountClassCoupled,26.0,-0.1449764024478176,0.0,126.0,20.500994623023644 < CountClassCoupled <= 42.45816087256249,0.07949153028987441
MaxInheritanceTree,3.0,0.12534005966121067,0.0,7.0,2.505604438664319 < MaxInheritanceTree <= 3.4981638542906017,0.06872479231701185
CountDeclClass,1.0,-0.125184219159576,1.0,13.0,CountDeclClass <= 1.5005966587345618,0.06863934392853677
