feature,value,importance,min,max,rule,importance_ratio
Added_lines,140.0,0.42495311919792944,6.0,17843.0,24.088365210503166 < Added_lines <= 251.74735011885954,0.3247965253880724
MaxInheritanceTree,4.0,0.15545682364428942,0.0,7.0,3.4981638542906017 < MaxInheritanceTree <= 4.503613651938005,0.11881742687953792
MINOR_COMMIT,0.0,-0.12549056318025312,0.0,5.0,MINOR_COMMIT <= 0.5004848706369127,0.0959138715509802
CountDeclClass,1.0,-0.07129831906492166,1.0,13.0,CountDeclClass <= 1.5005966587345618,0.05449412006200789
MaxNesting_Min,1.0,-0.0578732044021068,0.0,5.0,0.500511766194675 < MaxNesting_Min <= 3.4987177854713782,0.044233151502349466
