feature,value,importance,min,max,rule,importance_ratio
Added_lines,72.0,0.400332960199221,6.0,17843.0,24.088365210503166 < Added_lines <= 251.74735011885954,0.2553692693730026
MAJOR_LINE,3.0,0.1744833440916644,0.0,10.0,2.503347321568387 < MAJOR_LINE <= 5.505000175998428,0.11130156276983273
MaxInheritanceTree,4.0,0.16687193021394245,0.0,7.0,3.4981638542906017 < MaxInheritanceTree <= 4.503613651938005,0.10644630128978343
CountDeclInstanceVariable,24.0,0.08755361703097138,0.0,1095.0,CountDeclInstanceVariable > 21.376447020001596,0.05584976865516242
CountInput_Mean,8.41666666666667,0.07966137871056198,0.0,337.0,4.058734353009095 < CountInput_Mean <= 51.33476658246089,0.050815371455897075
