feature,value,importance,min,max,rule,importance_ratio
Added_lines,25.0,0.4038746972927639,6.0,17843.0,24.088365210503166 < Added_lines <= 251.74735011885954,0.3058199374699082
CountLineComment,446.0,0.1790029206825753,15.0,3202.0,442.57727842975316 < CountLineComment <= 1279.9881660055592,0.13554367821758795
CountDeclClass,1.0,-0.08809995746175268,1.0,13.0,CountDeclClass <= 1.5005966587345618,0.0667106002496718
AvgLineComment,7.0,0.08227773233371853,0.0,72.0,5.5024963826059325 < AvgLineComment <= 11.482862578537805,0.062301924646752244
CountDeclInstanceVariable,13.0,0.07902843419235328,0.0,1095.0,12.5006472789494 < CountDeclInstanceVariable <= 16.41644128235478,0.05984150768804119
