feature,value,importance,min,max,rule,importance_ratio
Added_lines,2.0,-0.48350100512338795,6.0,17843.0,Added_lines <= 6.5761356021680655,0.37267317410464984
CountDeclClass,1.0,-0.13019136061188752,1.0,13.0,CountDeclClass <= 1.5005966587345618,0.10034896946667847
CountLineComment,141.0,0.10429597423211968,15.0,3202.0,137.67382705599826 < CountLineComment <= 146.26265667216038,0.0803893091256382
AvgLineComment,9.0,0.08010036655042553,0.0,72.0,5.5024963826059325 < AvgLineComment <= 11.482862578537805,0.06173980515650646
MaxInheritanceTree,4.0,0.06587418445983498,0.0,7.0,3.4981638542906017 < MaxInheritanceTree <= 4.503613651938005,0.05077454059880793
