feature,value,importance,min,max,rule,importance_ratio
Added_lines,16.0,0.27522964510787506,6.0,17843.0,6.5761356021680655 < Added_lines <= 24.088365210503166,0.2334363780358633
MAJOR_LINE,3.0,0.13615056697318234,0.0,10.0,2.503347321568387 < MAJOR_LINE <= 5.505000175998428,0.11547627876093038
CountDeclClass,1.0,-0.11824982836250426,1.0,13.0,CountDeclClass <= 1.5005966587345618,0.10029374424941144
MaxInheritanceTree,5.0,0.11251400985882909,0.0,7.0,MaxInheritanceTree > 4.503613651938005,0.09542890239691323
OWN_LINE,0.96969696969697,-0.06883358868709398,0.281553398058252,1.0,OWN_LINE > 0.9680591083803126,0.05838129691308401
