feature,value,importance,min,max,rule,importance_ratio
Added_lines,291.0,0.30023298613694527,6.0,17843.0,251.74735011885954 < Added_lines <= 987.2609936689339,0.2200974683117734
CountDeclMethodDefault,29.0,0.17204845205614175,0.0,98.0,19.504767571919192 < CountDeclMethodDefault <= 37.47751491883885,0.12612680975448798
MINOR_COMMIT,0.0,0.13233416573111154,0.0,5.0,MINOR_COMMIT <= 0.5004848706369127,0.09701270744208919
PercentLackOfCohesion,91.0,-0.07739874495375614,0.0,100.0,66.42629775224196 < PercentLackOfCohesion <= 91.52823503836835,0.05674016048010153
CountDeclMethodPublic,33.0,0.06997312328918034,0.0,201.0,26.478380738109195 < CountDeclMethodPublic <= 61.45617024326406,0.05129651969284737
