feature,value,importance,min,max,rule,importance_ratio
Added_lines,78.0,0.39433460138589815,6.0,17843.0,24.088365210503166 < Added_lines <= 251.74735011885954,0.2345133183447022
MAJOR_LINE,4.0,0.15760781255696493,0.0,10.0,2.503347321568387 < MAJOR_LINE <= 5.505000175998428,0.09373037767896328
CountClassCoupled,42.0,0.13619491466490263,0.0,126.0,20.500994623023644 < CountClassCoupled <= 42.45816087256249,0.08099598987126078
CountDeclMethodPrivate,0.0,-0.11186506986678413,0.0,151.0,CountDeclMethodPrivate <= 0.5062550292354409,0.0665268750171099
CountLineComment,568.0,0.10065360619668401,15.0,3202.0,442.57727842975316 < CountLineComment <= 1279.9881660055592,0.05985934561559217
