Antecedent,Antecedent Coverage %,Confidence,Lift
-0.35 < CountClassCoupled <= 2.7,0.31875,0.9944,1.07347
-0.022 < OWN_COMMIT <= 0.032,0.43705,0.99183,1.0707
CountLineComment <= 20.6,0.20625,0.99134,1.07017
20.6 < CountLineComment <= 32.3,0.30089,0.98665,1.0651
-0.08 < AvgLineComment <= 0.57,0.30536,0.98392,1.06216
CountClassBase <= 0.87,0.15402,0.98261,1.06074
MINOR_LINE <= 1.025,0.2683,0.98003,1.05796
