Antecedent,Antecedent Coverage %,Confidence,Lift
MAJOR_LINE <= -0.195,0.09196,1.0,1.07848
CountLineComment <= 9.4,0.08705,1.0,1.07848
9.4 < CountLineComment <= 26,0.31875,0.9944,1.07244
0.99 < MINOR_LINE <= 1.475,0.29375,0.9924,1.07028
MaxNesting_Mean <= 0.015,0.24018,0.98699,1.06445
0.9 < RatioCommentToCode <= 1.77,0.20491,0.98693,1.06438
-0.18 < AvgLineComment <= 0.43,0.32768,0.98501,1.06232
CountClassCoupled <= 0.3,0.21875,0.98367,1.06087
-0.025 < OWN_COMMIT <= 0.025,0.42054,0.98301,1.06016
