Antecedent,Antecedent Coverage %,Confidence,Lift
CountLineComment <= 11.6,0.11027,1.0,1.11332
-1.35 < CountClassCoupled <= 2.15,0.36786,0.98786,1.09981
MINOR_LINE <= 1,0.29375,0.98784,1.09978
CountClassCoupled <= -1.35,0.09598,0.98605,1.09779
MaxNesting_Mean <= 0.055,0.22857,0.98438,1.09592
-0.029 < OWN_COMMIT <= 0.042,0.3683,0.98303,1.09443
11.6 < CountLineComment <= 31.4,0.36607,0.98171,1.09295
-0.1 < AvgLineComment <= 0.57,0.32009,0.98047,1.09158
RatioCommentToCode > 1.875,0.19464,0.97936,1.09034
