feature,value,importance,left,right,rec,rule,min,max
OWN_COMMIT,1.0,-0.011074973935067534,1.0,1.0,1,OWN_COMMIT > 0.9741998875990139,0.0,1.0
MaxNesting_Mean,0.416666666666667,-0.00842936690220319,0.5084855571093213,3.0,1,0.09011124095199963 < MaxNesting_Mean <= 0.5084855571093213,0.0,3.0
PercentLackOfCohesion,60.0,-0.004693495256540602,67.68953949442287,100.0,1,53.34145531063232 < PercentLackOfCohesion <= 67.68953949442287,0.0,100.0
CountClassCoupled,12.0,-0.0041301441327970655,13.490513641296767,157.0,1,10.55565855219572 < CountClassCoupled <= 13.490513641296767,0.0,157.0
