feature,value,importance,left,right,rec,rule,min,max
CountClassCoupled,17.0,0.1766649119242919,0.0,13.490513641296767,-1,13.490513641296767 < CountClassCoupled <= 18.559808795198578,0.0,157.0
PercentLackOfCohesion,93.0,0.05225019047909697,0.0,90.5689169766835,-1,90.5689169766835 < PercentLackOfCohesion <= 99.48799633417491,0.0,100.0
OWN_COMMIT,0.666666666666667,0.014127094343210952,0.0,0.12329842411646136,-1,0.12329842411646136 < OWN_COMMIT <= 0.7789110271276085,0.0,1.0
CountLineComment,57.0,0.004924504247692838,0.0,36.18870539853764,-1,36.18870539853764 < CountLineComment <= 69.43964045826009,0.0,1197.0
MaxNesting_Mean,0.842105263157895,0.0016912684628563569,0.0,0.5084855571093213,-1,0.5084855571093213 < MaxNesting_Mean <= 2.231527148651975,0.0,3.0
