feature,value,importance,left,right,rec,rule,min,max
CountClassCoupled,23.0,0.34718236096999033,0.0,19.49362632354891,-1,19.49362632354891 < CountClassCoupled <= 149.5610677723453,0.0,157.0
PercentLackOfCohesion,100.0,0.06047844759187338,0.0,99.48799633417491,-1,PercentLackOfCohesion > 99.48799633417491,0.0,100.0
OWN_COMMIT,0.454545454545455,0.013076845264572675,0.0,0.12329842411646136,-1,0.12329842411646136 < OWN_COMMIT <= 0.7789110271276085,0.0,1.0
CountLineComment,40.0,0.006202830618651431,0.0,36.18870539853764,-1,36.18870539853764 < CountLineComment <= 69.43964045826009,0.0,1197.0
