feature,value,importance,left,right,rec,rule,min,max
PercentLackOfCohesion,86.0,0.03923034657169231,0.0,85.52769820940573,-1,85.52769820940573 < PercentLackOfCohesion <= 90.5689169766835,0.0,100.0
OWN_COMMIT,1.0,-0.012759793182787499,1.0,1.0,1,OWN_COMMIT > 0.9741998875990139,0.0,1.0
MaxNesting_Mean,0.829268292682927,-0.005895906040358059,2.231527148651975,3.0,1,0.5084855571093213 < MaxNesting_Mean <= 2.231527148651975,0.0,3.0
CountLineComment,18.0,-0.0009206184408595533,36.18870539853764,1197.0,1,8.614759251450735 < CountLineComment <= 36.18870539853764,0.0,1197.0
