feature,value,importance,left,right,rec,rule,min,max
PercentLackOfCohesion,98.0,0.03377376362084455,0.0,90.5689169766835,-1,90.5689169766835 < PercentLackOfCohesion <= 99.48799633417491,0.0,100.0
OWN_COMMIT,1.0,-0.008349712113917959,1.0,1.0,1,OWN_COMMIT > 0.9741998875990139,0.0,1.0
MaxNesting_Mean,0.722222222222222,-0.007783160338873442,2.231527148651975,3.0,1,0.5084855571093213 < MaxNesting_Mean <= 2.231527148651975,0.0,3.0
