feature,value,importance,left,right,rec,rule,min,max
CountClassCoupled,136.0,0.3691771919683883,0.0,19.49362632354891,-1,19.49362632354891 < CountClassCoupled <= 149.5610677723453,0.0,157.0
PercentLackOfCohesion,100.0,0.04638911767382421,0.0,99.48799633417491,-1,PercentLackOfCohesion > 99.48799633417491,0.0,100.0
CountLineComment,575.0,0.03005669016061261,0.0,139.18550424206813,-1,139.18550424206813 < CountLineComment <= 1032.9057587741202,0.0,1197.0
OWN_COMMIT,0.666666666666667,0.029154141633093284,0.0,0.12329842411646136,-1,0.12329842411646136 < OWN_COMMIT <= 0.7789110271276085,0.0,1.0
