feature,value,importance,left,right,rec,rule,min,max
CountClassCoupled,36.0,0.3748681626516463,0.0,19.49362632354891,-1,19.49362632354891 < CountClassCoupled <= 149.5610677723453,0.0,157.0
OWN_COMMIT,0.314285714285714,0.03346498042043138,0.0,0.12329842411646136,-1,0.12329842411646136 < OWN_COMMIT <= 0.7789110271276085,0.0,1.0
CountLineComment,461.0,0.03194818028576388,0.0,139.18550424206813,-1,139.18550424206813 < CountLineComment <= 1032.9057587741202,0.0,1197.0
PercentLackOfCohesion,85.0,0.010999887811193116,0.0,73.89411643876474,-1,73.89411643876474 < PercentLackOfCohesion <= 85.52769820940573,0.0,100.0
