feature,value,importance,left,right,rec,rule,min,max
CountClassCoupled,16.0,0.16273325363436392,0.0,13.490513641296767,-1,13.490513641296767 < CountClassCoupled <= 18.559808795198578,0.0,157.0
OWN_COMMIT,0.25,0.010633382921097733,0.0,0.12329842411646136,-1,0.12329842411646136 < OWN_COMMIT <= 0.7789110271276085,0.0,1.0
MaxNesting_Mean,0.459016393442623,-0.0074939654371160925,0.5084855571093213,3.0,1,0.09011124095199963 < MaxNesting_Mean <= 0.5084855571093213,0.0,3.0
CountLineComment,46.0,-0.0005222124973203958,69.43964045826009,1197.0,1,36.18870539853764 < CountLineComment <= 69.43964045826009,0.0,1197.0
