feature,value,importance,left,right,rec,rule,min,max
CountClassCoupled,36.0,0.3596164429275074,0.0,19.49362632354891,-1,19.49362632354891 < CountClassCoupled <= 149.5610677723453,0.0,157.0
CountLineComment,259.0,0.05336738825944955,0.0,139.18550424206813,-1,139.18550424206813 < CountLineComment <= 1032.9057587741202,0.0,1197.0
OWN_COMMIT,0.666666666666667,0.036634023505720856,0.0,0.12329842411646136,-1,0.12329842411646136 < OWN_COMMIT <= 0.7789110271276085,0.0,1.0
PercentLackOfCohesion,96.0,0.027232520580416662,0.0,90.5689169766835,-1,90.5689169766835 < PercentLackOfCohesion <= 99.48799633417491,0.0,100.0
