feature,value,importance,left,right,rec,rule,min,max
CountClassCoupled,37.0,0.3625547635615136,0.0,19.49362632354891,-1,19.49362632354891 < CountClassCoupled <= 149.5610677723453,0.0,157.0
PercentLackOfCohesion,100.0,0.04958794525075368,0.0,99.48799633417491,-1,PercentLackOfCohesion > 99.48799633417491,0.0,100.0
OWN_COMMIT,0.739130434782609,0.030648702323151058,0.0,0.12329842411646136,-1,0.12329842411646136 < OWN_COMMIT <= 0.7789110271276085,0.0,1.0
CountLineComment,45.0,0.009816807692000003,0.0,36.18870539853764,-1,36.18870539853764 < CountLineComment <= 69.43964045826009,0.0,1197.0
