feature,value,importance,left,right,rec,rule,min,max
CountClassCoupled,14.0,0.1972229733059688,0.0,13.490513641296767,-1,13.490513641296767 < CountClassCoupled <= 18.559808795198578,0.0,157.0
PercentLackOfCohesion,87.0,0.0381313828205224,0.0,85.52769820940573,-1,85.52769820940573 < PercentLackOfCohesion <= 90.5689169766835,0.0,100.0
CountLineComment,306.0,0.028169621274188258,0.0,139.18550424206813,-1,139.18550424206813 < CountLineComment <= 1032.9057587741202,0.0,1197.0
OWN_COMMIT,0.588235294117647,0.018808061165284353,0.0,0.12329842411646136,-1,0.12329842411646136 < OWN_COMMIT <= 0.7789110271276085,0.0,1.0
