feature,value,importance,min,max,rule,importance_ratio
CountLineComment,541.0,0.10209511684482865,16.0,1660.0,CountLineComment > 316.7171922402032,0.13883752989272716
MINOR_LINE,6.0,0.0989591770199819,1.0,6.0,MINOR_LINE > 5.5058755442251375,0.13457301506940134
CountDeclClass,11.0,0.08208181421514643,1.0,23.0,CountDeclClass > 10.498484547912527,0.11162175711170563
CountClassCoupled,33.0,0.0663261498703604,0.0,57.0,CountClassCoupled > 27.481650794907907,0.0901958790966612
Del_lines,97.0,0.0657299247654148,0.0,1022.0,37.528194029304075 < Del_lines <= 438.7388325804579,0.08938508203418767
