feature,value,importance,min,max,rule,importance_ratio
OWN_COMMIT,0.0,0.35766874087391376,0.333333333333333,1.0,OWN_COMMIT <= 0.5145864139598059,0.48884749299575136
AvgCyclomaticModified,1.0,-0.06123130257686344,0.0,14.0,0.49835134447717677 < AvgCyclomaticModified <= 1.4992287643594169,0.08368852330910281
MaxInheritanceTree,6.0,0.036790522566833884,0.0,8.0,3.4939410393747887 < MaxInheritanceTree <= 6.493557767437586,0.05028383156676378
ADEV,0.0,-0.023085388618830433,1.0,23.0,ADEV <= 2.508258838423875,0.031552196380298735
CountDeclMethodPrivate,0.0,-0.022552531254856394,0.0,21.0,CountDeclMethodPrivate <= 0.4980940962069478,0.030823908004114192
