feature,value,importance,min,max,rule,importance_ratio
CountClassCoupled,27.0,0.23186947501367755,0.0,72.0,CountClassCoupled > 26.52683212878574,0.23055896352693758
OWN_COMMIT,0.9,0.1027359827469531,0.333333333333333,1.0,0.788684349671894 < OWN_COMMIT <= 0.9368453960027526,0.10215532552381729
AvgCyclomaticModified,2.0,0.0945141883734655,0.0,14.0,1.4992287643594169 < AvgCyclomaticModified <= 4.5018610240061365,0.0939800002078347
RatioCommentToCode,0.25,0.06700059299978162,0.03,13.17,0.16934579279518402 < RatioCommentToCode <= 0.28015981078771035,0.06662190992069401
CountDeclMethodPublic,20.0,0.06360029817890227,0.0,129.0,17.486264821402255 < CountDeclMethodPublic <= 28.511725725366688,0.06324083334930958
