feature,value,importance,min,max,rule,importance_ratio
OWN_COMMIT,0.0,0.37323322461729164,0.333333333333333,1.0,OWN_COMMIT <= 0.5145864139598059,0.4383639944850573
CountDeclMethodProtected,6.0,0.0691465922009889,0.0,40.0,5.513073326837062 < CountDeclMethodProtected <= 10.501345059289019,0.08121296380657345
AvgCyclomaticModified,4.0,0.055774958119684775,0.0,14.0,1.4992287643594169 < AvgCyclomaticModified <= 4.5018610240061365,0.06550792325268531
RatioCommentToCode,0.07,0.04542956896841657,0.03,13.17,RatioCommentToCode <= 0.12009511813183904,0.053357220116589964
CountDeclMethodPrivate,1.0,0.0341604780010889,0.0,21.0,0.4980940962069478 < CountDeclMethodPrivate <= 1.5037162751215007,0.04012162530661931
