feature,value,importance,min,max,rule,importance_ratio
OWN_COMMIT,0.0,0.3456123882311354,0.333333333333333,1.0,OWN_COMMIT <= 0.5145864139598059,0.4516618199348751
AvgCyclomaticModified,3.0,0.05371525089039736,0.0,14.0,1.4992287643594169 < AvgCyclomaticModified <= 4.5018610240061365,0.0701975068069324
RatioCommentToCode,0.22,0.049358121077331354,0.03,13.17,0.16934579279518402 < RatioCommentToCode <= 0.28015981078771035,0.06450341351608142
CountDeclClass,4.0,-0.03661155840886853,1.0,18.0,3.5008323109943698 < CountDeclClass <= 4.496092998674365,0.04784563188326086
CountDeclMethodPrivate,0.0,-0.03290514610068307,0.0,21.0,CountDeclMethodPrivate <= 0.4980940962069478,0.043001925507132596
