feature,value,importance,min,max,rule,importance_ratio
OWN_COMMIT,0.0,0.35441709647280856,0.333333333333333,1.0,OWN_COMMIT <= 0.5145864139598059,0.44858560473947295
AvgCyclomaticModified,1.0,-0.05403767655172911,0.0,14.0,0.49835134447717677 < AvgCyclomaticModified <= 1.4992287643594169,0.06839546978945811
CountDeclMethodPublic,20.0,0.04274926845810214,0.0,129.0,17.486264821402255 < CountDeclMethodPublic <= 28.511725725366688,0.05410773530480376
RatioCommentToCode,1.0,-0.03773399588603877,0.03,13.17,0.7111032140919792 < RatioCommentToCode <= 2.742693543954961,0.0477599064272966
CountInput_Mean,2.13636363636364,0.029139612460845166,0.0,51.5,1.533461686643815 < CountInput_Mean <= 2.515288289760681,0.036881998096908925
