feature,value,importance,min,max,rule,importance_ratio
OWN_COMMIT,0.5,0.3683384332814988,0.333333333333333,1.0,OWN_COMMIT <= 0.5145864139598059,0.4297133987226062
RatioCommentToCode,0.15,0.11474428718314605,0.03,13.17,0.12009511813183904 < RatioCommentToCode <= 0.16934579279518402,0.13386373284535855
AvgCyclomaticModified,2.0,0.041442066395124016,0.0,14.0,1.4992287643594169 < AvgCyclomaticModified <= 4.5018610240061365,0.04834741528893594
CountClassCoupled,2.0,-0.03502105729530922,0.0,72.0,1.5211769462309297 < CountClassCoupled <= 2.5017908749585693,0.040856495541765514
ADEV,2.0,-0.03444034847110396,1.0,23.0,ADEV <= 2.508258838423875,0.040179025204786736
