feature,value,importance,min,max,rule,importance_ratio
OWN_COMMIT,0.692307692307692,0.30744958131341166,0.333333333333333,1.0,0.6568210184374299 < OWN_COMMIT <= 0.788684349671894,0.33651700247159516
MINOR_COMMIT,0.0,-0.11296921186117974,0.0,1.0,MINOR_COMMIT <= 0.49994445525106007,0.12364973920178966
ADEV,39.0,0.09412018256753872,1.0,23.0,ADEV > 13.001711795655172,0.10301865292644574
CountDeclMethodPrivate,7.0,0.06718167362084494,0.0,21.0,2.499077003230803 < CountDeclMethodPrivate <= 16.49569590159254,0.07353327765590804
CountClassCoupled,50.0,0.055606941309810545,0.0,72.0,CountClassCoupled > 26.52683212878574,0.060864227319001624
