feature,value,importance,min,max,rule,importance_ratio
OWN_COMMIT,0.529411764705882,0.30889298268226356,0.333333333333333,1.0,0.5145864139598059 < OWN_COMMIT <= 0.6568210184374299,0.2646526667314127
RatioCommentToCode,0.15,0.10671723816684968,0.03,13.17,0.12009511813183904 < RatioCommentToCode <= 0.16934579279518402,0.09143296627142757
CountDeclMethodPublic,76.0,0.09869610456637072,0.0,129.0,55.48663978166802 < CountDeclMethodPublic <= 80.53477426251925,0.08456063664081473
CountClassCoupled,70.0,0.09841232579745372,0.0,72.0,CountClassCoupled > 26.52683212878574,0.08431750127625097
ADEV,17.0,0.0883682149396641,1.0,23.0,ADEV > 13.001711795655172,0.07571192953299688
