feature,value,importance,min,max,rule,importance_ratio
OWN_COMMIT,0.0,0.3593040654606351,0.333333333333333,1.0,OWN_COMMIT <= 0.5145864139598059,0.5149182157354947
AvgCyclomaticModified,1.0,-0.05669123425251029,0.0,14.0,0.49835134447717677 < AvgCyclomaticModified <= 1.4992287643594169,0.08124413830865414
MaxInheritanceTree,4.0,0.04321373622950029,0.0,8.0,3.4939410393747887 < MaxInheritanceTree <= 6.493557767437586,0.06192955241414167
ADEV,0.0,-0.025421914791448657,1.0,23.0,ADEV <= 2.508258838423875,0.036432114922525606
MINOR_COMMIT,0.0,-0.023944736817099136,0.0,1.0,MINOR_COMMIT <= 0.49994445525106007,0.03431517297837953
