feature,value,importance,min,max,rule,importance_ratio
OWN_COMMIT,0.0,0.37719170186997164,0.333333333333333,1.0,OWN_COMMIT <= 0.5145864139598059,0.49534080419204696
AvgCyclomaticModified,2.0,0.05740666614078356,0.0,14.0,1.4992287643594169 < AvgCyclomaticModified <= 4.5018610240061365,0.07538836096124592
MaxInheritanceTree,4.0,0.03896958269452135,0.0,8.0,3.4939410393747887 < MaxInheritanceTree <= 6.493557767437586,0.05117616409702203
MaxNesting_Min,0.0,-0.03739559096001391,0.0,2.0,MaxNesting_Min <= 0.5001685788621237,0.0491091453166584
ADEV,0.0,-0.031717609900778834,1.0,23.0,ADEV <= 2.508258838423875,0.041652629995337066
