feature,value,importance,min,max,rule,importance_ratio
ADEV,9.0,0.1633947305324798,1.0,23.0,7.50418577217262 < ADEV <= 13.001711795655172,0.20442826478135182
OWN_COMMIT,0.888888888888889,0.09490608218299808,0.333333333333333,1.0,0.788684349671894 < OWN_COMMIT <= 0.9368453960027526,0.1187399718132894
CountDeclMethodProtected,7.0,0.07413658720816853,0.0,40.0,5.513073326837062 < CountDeclMethodProtected <= 10.501345059289019,0.09275460616378081
CountClassCoupled,27.0,0.07119176768416324,0.0,72.0,CountClassCoupled > 26.52683212878574,0.08907025022754712
RatioCommentToCode,0.13,0.05641457337991983,0.03,13.17,0.12009511813183904 < RatioCommentToCode <= 0.16934579279518402,0.07058203962180262
