feature,value,importance,min,max,rule,importance_ratio
OWN_COMMIT,0.0,0.36854509265775903,0.333333333333333,1.0,OWN_COMMIT <= 0.5145864139598059,0.40766111784167164
MINOR_COMMIT,0.0,-0.13005214935103213,0.0,1.0,MINOR_COMMIT <= 0.49994445525106007,0.14385540775979616
CountClassCoupled,12.0,0.05061039278387106,0.0,72.0,10.530567416416119 < CountClassCoupled <= 13.472409202599035,0.055981994354862515
AvgCyclomaticModified,2.0,0.050109033397672725,0.0,14.0,1.4992287643594169 < AvgCyclomaticModified <= 4.5018610240061365,0.05542742252121223
MaxNesting_Min,0.0,-0.03549010426377712,0.0,2.0,MaxNesting_Min <= 0.5001685788621237,0.039256893836663226
