feature,value,importance,min,max,rule,importance_ratio
OWN_COMMIT,0.0,0.37715248287817477,0.333333333333333,1.0,OWN_COMMIT <= 0.5145864139598059,0.387816054303774
CountDeclMethodPublic,30.0,0.1216778323651942,0.0,129.0,28.511725725366688 < CountDeclMethodPublic <= 55.48663978166802,0.12511813917806874
RatioCommentToCode,0.12,0.10284201995636978,0.03,13.17,0.12009511813183904 < RatioCommentToCode <= 0.16934579279518402,0.10574976490077172
MINOR_COMMIT,0.0,-0.04486869181294867,0.0,1.0,MINOR_COMMIT <= 0.49994445525106007,0.04613730469935814
AvgCyclomaticModified,3.0,0.03946969785711116,0.0,14.0,1.4992287643594169 < AvgCyclomaticModified <= 4.5018610240061365,0.04058566013060381
