feature,value,importance,min,max,rule,importance_ratio
OWN_COMMIT,0.0,0.2938540317683067,0.333333333333333,1.0,OWN_COMMIT <= 0.5145864139598059,0.3627754393101186
CountDeclMethodPublic,23.0,0.04984860673336848,0.0,129.0,17.486264821402255 < CountDeclMethodPublic <= 28.511725725366688,0.061540248734628725
AvgCyclomaticModified,1.0,-0.04872403525039071,0.0,14.0,0.49835134447717677 < AvgCyclomaticModified <= 1.4992287643594169,0.060151916877080616
CountClassCoupled,8.0,0.04655360528240547,0.0,72.0,7.527437259687721 < CountClassCoupled <= 10.530567416416119,0.05747242774300432
RatioCommentToCode,0.26,0.04334842423117324,0.03,13.17,0.16934579279518402 < RatioCommentToCode <= 0.28015981078771035,0.05351549389754312
