feature,value,importance,min,max,rule,importance_ratio
OWN_COMMIT,0.76,0.30399634189543173,0.333333333333333,1.0,0.6568210184374299 < OWN_COMMIT <= 0.788684349671894,0.35556275857507486
CountDeclMethodPublic,50.0,0.0915047657893619,0.0,129.0,28.511725725366688 < CountDeclMethodPublic <= 55.48663978166802,0.10702657388562668
CountDeclMethodPrivate,2.0,0.06725672907201903,0.0,21.0,1.5037162751215007 < CountDeclMethodPrivate <= 2.499077003230803,0.07866538120978253
ADEV,25.0,0.06018206362468552,1.0,23.0,ADEV > 13.001711795655172,0.07039065149834757
AvgCyclomaticModified,3.0,0.05058342858928565,0.0,14.0,1.4992287643594169 < AvgCyclomaticModified <= 4.5018610240061365,0.05916381524610046
