feature,value,importance,min,max,rule,importance_ratio
OWN_COMMIT,0.5,0.37119871105538527,0.333333333333333,1.0,OWN_COMMIT <= 0.5145864139598059,0.4390789216962489
AvgCyclomaticModified,2.0,0.06502121643320675,0.0,14.0,1.4992287643594169 < AvgCyclomaticModified <= 4.5018610240061365,0.07691148904504434
CountClassCoupled,13.0,0.05169637858192459,0.0,72.0,10.530567416416119 < CountClassCoupled <= 13.472409202599035,0.061149970318635345
CountDeclMethodPublic,22.0,0.041816886956930054,0.0,129.0,17.486264821402255 < CountDeclMethodPublic <= 28.511725725366688,0.04946383995122013
MaxInheritanceTree,4.0,0.04105620707789166,0.0,8.0,3.4939410393747887 < MaxInheritanceTree <= 6.493557767437586,0.04856405638221314
