feature,value,importance,min,max,rule,importance_ratio
CountClassCoupled,92.0,0.10406992847967182,0.0,96.0,CountClassCoupled > 55.490746041173416,0.21015970636612616
CountDeclMethodPrivate,13.0,0.09934506086613992,0.0,274.0,11.449886802667034 < CountDeclMethodPrivate <= 166.53801694070535,0.20061826817370304
CountDeclMethodProtected,97.0,0.07189343922926197,0.0,97.0,CountDeclMethodProtected > 40.98131943051395,0.14518222793843777
MINOR_COMMIT,1.0,0.06008296268783381,0.0,4.0,0.5006692548886575 < MINOR_COMMIT <= 1.5002568035329802,0.12133205029105527
OWN_COMMIT,0.518518518518518,0.049570417048090266,0.0,1.0,OWN_COMMIT > 0.5101466808561519,0.10010292544121402
