feature,value,importance,min,max,rule,importance_ratio
CountDeclMethodPrivate,12.0,0.09999039272623957,0.0,274.0,11.449886802667034 < CountDeclMethodPrivate <= 166.53801694070535,0.322940464196286
CountClassCoupled,28.0,0.055257805584020825,0.0,96.0,15.470436606030667 < CountClassCoupled <= 55.490746041173416,0.17846695966710527
OWN_COMMIT,1.0,0.04974767174779599,0.0,1.0,OWN_COMMIT > 0.5101466808561519,0.16067079815260862
MINOR_COMMIT,0.0,-0.01520040812817508,0.0,4.0,MINOR_COMMIT <= 0.5006692548886575,0.04909298506633109
CountInput_Mean,3.75862068965517,0.011990683070605456,0.0,125.5,CountInput_Mean > 3.378085887891751,0.038726488128251024
