feature,value,importance,min,max,rule,importance_ratio
MaxInheritanceTree,6.0,0.06462612563276564,0.0,6.0,MaxInheritanceTree > 5.498828709692271,0.25424709713796856
OWN_COMMIT,1.0,0.050101062933262476,0.0,1.0,OWN_COMMIT > 0.5101466808561519,0.19710372066386775
CountDeclMethodProtected,6.0,0.018800304673233115,0.0,97.0,4.512094016369762 < CountDeclMethodProtected <= 14.996431434066727,0.07396270226131998
CountClassCoupled,11.0,0.01792091607862207,0.0,96.0,4.462718232611871 < CountClassCoupled <= 15.470436606030667,0.0705030797751046
MINOR_COMMIT,0.0,-0.016033017640630032,0.0,4.0,MINOR_COMMIT <= 0.5006692548886575,0.06307585598826779
