feature,value,importance,min,max,rule,importance_ratio
CountClassDerived,22.0,0.1034062887307367,0.0,64.0,16.01115810509175 < CountClassDerived <= 23.49307588740101,0.29007769500946545
MaxInheritanceTree,6.0,0.06444666192945551,0.0,6.0,MaxInheritanceTree > 5.498828709692271,0.18078725552398556
OWN_COMMIT,1.0,0.050514026950755554,0.0,1.0,OWN_COMMIT > 0.5101466808561519,0.14170310803510833
CountDeclMethodProtected,7.0,0.019281287696460096,0.0,97.0,4.512094016369762 < CountDeclMethodProtected <= 14.996431434066727,0.054088310879887656
CountClassCoupled,13.0,0.017933009428993688,0.0,96.0,4.462718232611871 < CountClassCoupled <= 15.470436606030667,0.050306089732038275
