feature,value,importance,min,max,rule,importance_ratio
MaxInheritanceTree,6.0,0.06135141923052829,0.0,6.0,MaxInheritanceTree > 5.498828709692271,0.26446940229259697
OWN_COMMIT,1.0,0.04962549569342078,0.0,1.0,OWN_COMMIT > 0.5101466808561519,0.21392211213888535
CountClassCoupled,6.0,0.018013398065286877,0.0,96.0,4.462718232611871 < CountClassCoupled <= 15.470436606030667,0.07765089511107014
CountInput_Mean,3.28571428571429,0.015071275925884723,0.0,125.5,2.5920916627900743 < CountInput_Mean <= 3.378085887891751,0.06496820099513152
CountDeclMethodPrivate,0.0,-0.014427089164160545,0.0,274.0,CountDeclMethodPrivate <= 0.506167942119975,0.06219128580759788
