feature,value,importance,min,max,rule,importance_ratio
MaxInheritanceTree,6.0,0.06197190165179462,0.0,6.0,MaxInheritanceTree > 5.498828709692271,0.26580442066946736
OWN_COMMIT,1.0,0.04965692839898544,0.0,1.0,OWN_COMMIT > 0.5101466808561519,0.21298412237661773
CountClassCoupled,6.0,0.018080549288662644,0.0,96.0,4.462718232611871 < CountClassCoupled <= 15.470436606030667,0.07754949906268613
CountInput_Mean,3.28571428571429,0.015175742335755716,0.0,125.5,2.5920916627900743 < CountInput_Mean <= 3.378085887891751,0.06509045700177968
CountDeclMethodPrivate,0.0,-0.014409047371136477,0.0,274.0,CountDeclMethodPrivate <= 0.506167942119975,0.06180201650747523
