feature,value,importance,min,max,rule,importance_ratio
CountClassCoupled,24.0,0.0535938800191554,0.0,96.0,15.470436606030667 < CountClassCoupled <= 55.490746041173416,0.306317925208149
OWN_COMMIT,0.444444444444444,0.018157935734652995,0.0,1.0,0.4116007880302049 < OWN_COMMIT <= 0.48443905664068754,0.10378239452552825
MaxInheritanceTree,1.0,-0.013786159528771857,0.0,6.0,0.5030640460836331 < MaxInheritanceTree <= 2.4962591548379742,0.07879533599606134
MINOR_COMMIT,0.0,-0.011181832683046629,0.0,4.0,MINOR_COMMIT <= 0.5006692548886575,0.06391020367010725
CountInput_Mean,3.57777777777778,0.010224558275693293,0.0,125.5,CountInput_Mean > 3.378085887891751,0.058438864214734196
