feature,value,importance,min,max,rule,importance_ratio
CountClassCoupled,22.0,0.2037667171104485,0.0,146.0,21.543720972114656 < CountClassCoupled <= 22.548600364051904,0.23457289185678992
MAJOR_LINE,5.0,0.14479852159676126,0.0,8.0,4.497183416140949 < MAJOR_LINE <= 5.493757155228619,0.16668967547398586
MINOR_COMMIT,0.0,-0.10916693914378851,0.0,3.0,MINOR_COMMIT <= 0.4992984298946273,0.12567118405422648
CountDeclClassMethod,41.0,0.09165284432038359,0.0,105.0,CountDeclClassMethod > 40.52628629525767,0.10550924627930873
OWN_COMMIT,0.6,0.033511672482889755,0.0,1.0,0.49249677624690735 < OWN_COMMIT <= 0.8693421694885315,0.038578085944272096
