feature,value,importance,min,max,rule,importance_ratio
CountDeclMethodProtected,10.0,0.15611792146619363,0.0,27.0,8.508757156078588 < CountDeclMethodProtected <= 13.507700335952716,0.22504330100842507
CountDeclClassMethod,27.0,0.10301903167648478,0.0,105.0,9.466865411321908 < CountDeclClassMethod <= 40.52628629525767,0.14850148360569826
MINOR_LINE,5.0,0.08944633384561138,1.0,7.0,4.495537375431375 < MINOR_LINE <= 5.498393013896681,0.12893649904298063
OWN_COMMIT,0.4,0.05729634623881775,0.0,1.0,0.3434150822172538 < OWN_COMMIT <= 0.49249677624690735,0.08259243251645107
MAJOR_LINE,5.0,0.047723467572074046,0.0,8.0,4.497183416140949 < MAJOR_LINE <= 5.493757155228619,0.06879316978553111
