,CountDeclMethodPrivate,CountDeclMethodDefault,AvgEssential,CountDeclClassVariable,CountDeclClassMethod,AvgLineComment,AvgCyclomaticModified,CountDeclClass,CountDeclMethodProtected,CountDeclInstanceVariable,CountDeclMethodPublic,RatioCommentToCode,AvgLineBlank,PercentLackOfCohesion,MaxInheritanceTree,CountClassDerived,CountClassCoupled,CountClassBase,CountInput_Mean,CountInput_Min,CountOutput_Min,MaxNesting_Min,OWN_LINE,OWN_COMMIT,MAJOR_LINE
133,4,0,1,2,5,2,2,2,2,13,27,1.82,0,90,1,0,1,2,3.6969696969697,1,1,0,0.583529411764706,0.666666666666667,1
236,0,0,1,2,0,0,2,1,7,19,63,0.06,0,92,2,1,42,1,4.08571428571429,0,0,0,0.351648351648352,0.043000000000000024,1
520,0,0,1,1,0,3,3,1,3,0,1,0.63,0,75,3,1,6,1,3.75,1,2,0,0.540816326530612,0.0175,0
790,0,2,1,0,0,0,2,1,2,6,22,0.12,0,80,1,1,12,2,2.19230769230769,0,0,0,0.501930501930502,0.022000000000000002,0
911,0,0,1,2,0,1,2,1,9,25,39,0.39,0,93,4,3,6,4,2.4375,1,1,0,0.492779783393502,1.0,2
913,1,0,1,1,0,1,2,2,5,20,36,0.36,0,93,4,3,14,2,2.07142857142857,0,0,0,0.470212765957447,0.024500000000000004,3
917,1,0,1,5,9,4,2,1,4,0,16,0.61,0,94,1,8,15,1,5.47619047619048,1,1,0,0.555932203389831,0.021500000000000002,3
1452,2,0,1,1,0,0,1,1,6,11,36,0.07,4,82,4,1,15,1,4.59090909090909,2,1,0,0.593110871905274,0.0175,1
1803,0,0,2,1,2,1,3,1,16,9,3,0.22,0,1,2,3,4,1,3.84210526315789,1,2,0,0.595505617977528,0.0,3
