feature,value,importance,left,right,rec,rule,min,max
AvgLineBlank,0.0,-0.04349037664315949,0.4964566109928017,7.0,1,AvgLineBlank <= 0.4964566109928017,0.0,7.0
CountDeclMethodPrivate,1.0,-0.030179672027503525,1.4992350253535944,15.0,1,0.49821395562185433 < CountDeclMethodPrivate <= 1.4992350253535944,0.0,15.0
CountClassCoupled,9.0,-0.016558640215889018,9.496381019578344,64.0,1,4.517040945192387 < CountClassCoupled <= 9.496381019578344,0.0,64.0
CountDeclClass,1.0,-0.014886076368176111,1.5031601220480126,26.0,1,0.495988191844156 < CountDeclClass <= 1.5031601220480126,0.0,26.0
CountDeclMethodPublic,9.0,0.010305093183046996,0.0,8.467203369720071,-1,8.467203369720071 < CountDeclMethodPublic <= 13.516679342545459,0.0,130.0
