feature,value,importance,left,right,rec,rule,min,max
CountClassCoupled,25.0,0.04038167765042839,0.0,17.999561761991284,-1,CountClassCoupled > 17.999561761991284,0.0,64.0
CountDeclMethodPublic,2.0,0.0393080806108647,0.0,1.4630915364461483,-1,1.4630915364461483 < CountDeclMethodPublic <= 8.467203369720071,0.0,130.0
AvgLineBlank,1.0,0.03439653362742143,0.0,0.4964566109928017,-1,0.4964566109928017 < AvgLineBlank <= 1.4973317105590893,0.0,7.0
CountDeclMethodPrivate,5.0,0.009942235394048385,0.0,2.500256095085335,-1,2.500256095085335 < CountDeclMethodPrivate <= 12.002906813383825,0.0,15.0
CountDeclClass,1.0,-0.007775824214745848,1.5031601220480126,26.0,1,0.495988191844156 < CountDeclClass <= 1.5031601220480126,0.0,26.0
