feature,value,importance,left,right,rec,rule,min,max
AvgLineBlank,0.0,-0.042283166554447915,0.4964566109928017,7.0,1,AvgLineBlank <= 0.4964566109928017,0.0,7.0
CountDeclClass,1.0,-0.02545186292800083,1.5031601220480126,26.0,1,0.495988191844156 < CountDeclClass <= 1.5031601220480126,0.0,26.0
CountDeclMethodPrivate,0.0,0.025404234510584812,0.0,0.0,-1,CountDeclMethodPrivate <= 0.49821395562185433,0.0,15.0
CountClassCoupled,1.0,-0.015208778506405533,2.4870022994811896,64.0,1,0.4952662697268071 < CountClassCoupled <= 2.4870022994811896,0.0,64.0
CountDeclMethodPublic,14.0,-0.0065147956115995,18.48471215451882,130.0,1,13.516679342545459 < CountDeclMethodPublic <= 18.48471215451882,0.0,130.0
