feature,value,importance,left,right,rec,rule,min,max
CountClassCoupled,12.0,0.07443161144920334,0.0,10.492249034455536,-1,10.492249034455536 < CountClassCoupled <= 17.999561761991284,0.0,64.0
CountDeclMethodPublic,6.0,0.04323443669437554,0.0,1.4630915364461483,-1,1.4630915364461483 < CountDeclMethodPublic <= 8.467203369720071,0.0,130.0
CountDeclClass,2.0,0.010105047937569063,0.0,1.5031601220480126,-1,1.5031601220480126 < CountDeclClass <= 2.495299635383155,0.0,26.0
CountDeclMethodPrivate,4.0,0.0038300505647358273,0.0,2.500256095085335,-1,2.500256095085335 < CountDeclMethodPrivate <= 12.002906813383825,0.0,15.0
