feature,value,importance,left,right,rec,rule,min,max
CountClassCoupled,19.0,0.07085758548910419,0.0,17.999561761991284,-1,CountClassCoupled > 17.999561761991284,0.0,64.0
CountDeclMethodPublic,5.0,0.029743878456868024,0.0,1.4630915364461483,-1,1.4630915364461483 < CountDeclMethodPublic <= 8.467203369720071,0.0,130.0
CountDeclClass,1.0,-0.021151152175235374,1.5031601220480126,26.0,1,0.495988191844156 < CountDeclClass <= 1.5031601220480126,0.0,26.0
AvgLineBlank,2.0,0.020596365133016825,0.0,1.4973317105590893,-1,1.4973317105590893 < AvgLineBlank <= 5.500832108824239,0.0,7.0
CountDeclMethodPrivate,1.0,-0.020239596783258998,1.4992350253535944,15.0,1,0.49821395562185433 < CountDeclMethodPrivate <= 1.4992350253535944,0.0,15.0
