feature,value,importance,left,right,rec,rule,min,max
CountClassCoupled,16.0,0.10035781093882497,0.0,10.492249034455536,-1,10.492249034455536 < CountClassCoupled <= 17.999561761991284,0.0,64.0
CountDeclMethodPrivate,0.0,0.025557801915017712,0.0,0.0,-1,CountDeclMethodPrivate <= 0.49821395562185433,0.0,15.0
CountDeclClass,1.0,-0.01702130493963373,1.5031601220480126,26.0,1,0.495988191844156 < CountDeclClass <= 1.5031601220480126,0.0,26.0
CountDeclMethodPublic,67.0,0.0004540991592463237,0.0,19.46203008474309,-1,19.46203008474309 < CountDeclMethodPublic <= 97.97323714609264,0.0,130.0
