,CountDeclMethodDefault,AvgEssential,CountDeclClassVariable,AvgLineComment,CountLineComment,CountDeclMethodProtected,RatioCommentToCode,AvgLineBlank,PercentLackOfCohesion,MaxInheritanceTree,CountClassDerived,CountClassCoupled,CountClassBase,CountInput_Mean,CountInput_Min,CountOutput_Mean,CountOutput_Min,CountPath_Min,MaxNesting_Mean,MaxNesting_Min,OWN_COMMIT,MINOR_COMMIT,MINOR_LINE,MAJOR_COMMIT,MAJOR_LINE
1628,0.0,5.0,22.0,237.0,5.900000000000006,7.0,0.54,1.0,86.0,1.0,2.0,22.0,2.0,6.6,1.0,5.9,0.0,1.0,1.13513513513514,0.0,0.5,0.0,1.0,5.0,4.0
19,1.0,2.66666666666667,186.0,3.0,3.0,0.0,0.95,0.0,86.0,3.0,0.0,5.0,3.0,20.5555555555556,1.0,2.66666666666667,1.0,1.0,0.586206896551724,0.0,0.666666666666667,0.0,4.0,2.0,3.0
39,3.25,1.0,4.0,7.0,5.0,1.0,0.7,0.0,86.0,3.0,3.9999999999999996,10.0,4.0,10.8333333333333,1.0,3.25,1.0,1.0,0.769230769230769,0.0,0.461538461538462,0.0,3.0,6.0,5.0
1633,,,,,,,,,,,,,,,,,,,,,,,,,
47,0.0,3.72727272727273,0.0,329.0,5.0,2.0,0.97,0.0,90.0,1.0,0.0,5.0,2.0,18.3333333333333,2.0,3.72727272727273,1.0,1.0,0.638888888888889,0.0,0.666666666666667,0.0,3.0,2.0,5.0
54,,,,,,,,,,,,,,,,,,,,,,,,,
