feature,value,importance,min,max,rule,importance_ratio
OWN_COMMIT,0.0,0.3157578339185043,0.333333333333333,1.0,OWN_COMMIT <= 0.5145864139598059,0.48926816341955753
AvgCyclomaticModified,1.0,-0.04303565365872441,0.0,14.0,0.49835134447717677 < AvgCyclomaticModified <= 1.4992287643594169,0.06668393612238518
ADEV,0.0,-0.043001412576546244,1.0,23.0,ADEV <= 2.508258838423875,0.0666308794137585
CountClassCoupled,4.0,0.030263041853530275,0.0,72.0,2.5017908749585693 < CountClassCoupled <= 7.527437259687721,0.046892717508910685
CountDeclMethodPrivate,0.0,-0.02912442425419809,0.0,21.0,CountDeclMethodPrivate <= 0.4980940962069478,0.04512842449122351
