feature,value,importance,min,max,rule,importance_ratio
OWN_COMMIT,0.0,0.3170951167025324,0.333333333333333,1.0,OWN_COMMIT <= 0.5145864139598059,0.47575107239530406
ADEV,0.0,-0.044015564685722014,1.0,23.0,ADEV <= 2.508258838423875,0.06603839352392615
AvgCyclomaticModified,2.0,0.04135174916551069,0.0,14.0,1.4992287643594169 < AvgCyclomaticModified <= 4.5018610240061365,0.06204175963191746
CountDeclMethodProtected,8.0,0.03565605076896349,0.0,40.0,5.513073326837062 < CountDeclMethodProtected <= 10.501345059289019,0.05349626499177278
CountClassCoupled,5.0,0.029862022901149667,0.0,72.0,2.5017908749585693 < CountClassCoupled <= 7.527437259687721,0.044803242531302044
