feature,value,importance,min,max,rule,importance_ratio
OWN_COMMIT,0.0,0.31491101283182893,0.333333333333333,1.0,OWN_COMMIT <= 0.5145864139598059,0.45060314439807947
CountDeclMethodPrivate,5.0,0.0538132543201397,0.0,21.0,2.499077003230803 < CountDeclMethodPrivate <= 16.49569590159254,0.07700086887687793
ADEV,0.0,-0.04363388766406158,1.0,23.0,ADEV <= 2.508258838423875,0.062435310873800824
AvgCyclomaticModified,1.0,-0.042946877214505415,0.0,14.0,0.49835134447717677 < AvgCyclomaticModified <= 1.4992287643594169,0.061452274218396004
CountDeclMethodProtected,7.0,0.035152401369369285,0.0,40.0,5.513073326837062 < CountDeclMethodProtected <= 10.501345059289019,0.05029923357631202
