feature,value,importance,min,max,rule,importance_ratio
OWN_COMMIT,1.0,-0.2957699834065454,0.333333333333333,1.0,OWN_COMMIT > 0.9368453960027526,0.425114722726161
CountClassBase,5.0,0.05845661779423233,0.0,8.0,3.498430361850358 < CountClassBase <= 6.998499396918749,0.0840205912002438
ADEV,1.0,-0.047207614703178837,1.0,23.0,ADEV <= 2.508258838423875,0.06785222693649849
AvgCyclomaticModified,2.0,0.03973862955698245,0.0,14.0,1.4992287643594169 < AvgCyclomaticModified <= 4.5018610240061365,0.057116940302943425
CountClassCoupled,4.0,0.02835027408989222,0.0,72.0,2.5017908749585693 < CountClassCoupled <= 7.527437259687721,0.040748282736890074
