feature,value,importance,min,max,rule,importance_ratio
OWN_COMMIT,0.692307692307692,0.2738766654907146,0.333333333333333,1.0,0.6568210184374299 < OWN_COMMIT <= 0.788684349671894,0.2706756979491824
ADEV,39.0,0.22818676047923486,1.0,23.0,ADEV > 13.001711795655172,0.22551979937689814
CountClassCoupled,50.0,0.10405357746982283,0.0,72.0,CountClassCoupled > 26.52683212878574,0.10283743836040131
CountDeclMethodPrivate,7.0,0.07784676743504233,0.0,21.0,2.499077003230803 < CountDeclMethodPrivate <= 16.49569590159254,0.07693692367260896
RatioCommentToCode,0.17,0.045671205759675385,0.03,13.17,0.16934579279518402 < RatioCommentToCode <= 0.28015981078771035,0.04513741787030765
