feature,value,importance,min,max,rule,importance_ratio
OWN_COMMIT,0.777777777777778,0.2732681109636903,0.333333333333333,1.0,0.6568210184374299 < OWN_COMMIT <= 0.788684349671894,0.2799643049359036
ADEV,18.0,0.23289332772766244,1.0,23.0,ADEV > 13.001711795655172,0.2386001732567622
CountClassCoupled,45.0,0.0994947408379163,0.0,72.0,CountClassCoupled > 26.52683212878574,0.10193277168431207
RatioCommentToCode,0.18,0.044105646737947264,0.03,13.17,0.16934579279518402 < RatioCommentToCode <= 0.28015981078771035,0.04518641669967344
AvgCyclomaticModified,2.0,0.03885710301260004,0.0,14.0,1.4992287643594169 < AvgCyclomaticModified <= 4.5018610240061365,0.03980926204079055
