feature,value,importance,min,max,rule,importance_ratio
OWN_COMMIT,0.454545454545455,0.31103694884655564,0.333333333333333,1.0,OWN_COMMIT <= 0.5145864139598059,0.2835301617913317
ADEV,11.0,0.16234722893985473,1.0,23.0,7.50418577217262 < ADEV <= 13.001711795655172,0.14798992935852004
CountDeclMethodProtected,21.0,0.09548451544488949,0.0,40.0,CountDeclMethodProtected > 20.511143669075942,0.08704027033782494
CountClassBase,9.0,0.07946432713324611,0.0,8.0,CountClassBase > 6.998499396918749,0.07243683945679265
CountClassCoupled,59.0,0.07643527324902277,0.0,72.0,CountClassCoupled > 26.52683212878574,0.06967566223635833
