feature,value,importance,min,max,rule,importance_ratio
OWN_COMMIT,1.0,-0.2948694596914187,0.333333333333333,1.0,OWN_COMMIT > 0.9368453960027526,0.3518958650502223
CountClassCoupled,21.0,0.0827455977246874,0.0,72.0,17.51744165860055 < CountClassCoupled <= 26.52683212878574,0.09874821801111053
RatioCommentToCode,0.15,0.07379992443009419,0.03,13.17,0.12009511813183904 < RatioCommentToCode <= 0.16934579279518402,0.08807249240103249
ADEV,2.0,-0.04465638295841497,1.0,23.0,ADEV <= 2.508258838423875,0.05329272325323409
AvgCyclomaticModified,2.0,0.03865066997852538,0.0,14.0,1.4992287643594169 < AvgCyclomaticModified <= 4.5018610240061365,0.0461255328412014
