feature,value,importance,min,max,rule,importance_ratio
OWN_COMMIT,1.0,-0.29568311209054715,0.333333333333333,1.0,OWN_COMMIT > 0.9368453960027526,0.34752286162035306
ADEV,8.0,0.16577094369820033,1.0,23.0,7.50418577217262 < ADEV <= 13.001711795655172,0.19483423425908522
CountClassCoupled,23.0,0.08682285236621412,0.0,72.0,17.51744165860055 < CountClassCoupled <= 26.52683212878574,0.10204480700645598
RatioCommentToCode,0.22,0.0393483875127964,0.03,13.17,0.16934579279518402 < RatioCommentToCode <= 0.28015981078771035,0.0462470248365285
AvgCyclomaticModified,2.0,0.03845179107920067,0.0,14.0,1.4992287643594169 < AvgCyclomaticModified <= 4.5018610240061365,0.04519323533830929
