feature,value,importance,min,max,rule,importance_ratio
OWN_COMMIT,0.666666666666667,0.2757533428530145,0.333333333333333,1.0,0.6568210184374299 < OWN_COMMIT <= 0.788684349671894,0.3926762605572472
CountClassBase,4.0,0.059031092206807925,0.0,8.0,3.498430361850358 < CountClassBase <= 6.998499396918749,0.08406102462640007
AvgCyclomaticModified,2.0,0.03998682031666231,0.0,14.0,1.4992287643594169 < AvgCyclomaticModified <= 4.5018610240061365,0.056941739712258445
CountDeclMethodProtected,9.0,0.03911529915798683,0.0,40.0,5.513073326837062 < CountDeclMethodProtected <= 10.501345059289019,0.055700682519462696
CountDeclMethodPublic,37.0,0.03500381106003068,0.0,129.0,28.511725725366688 < CountDeclMethodPublic <= 55.48663978166802,0.04984587127791186
