feature,value,importance,min,max,rule,importance_ratio
OWN_COMMIT,0.6,0.34728653665504966,0.333333333333333,1.0,0.5145864139598059 < OWN_COMMIT <= 0.6568210184374299,0.4789035587603458
RatioCommentToCode,0.18,0.044792091638398875,0.03,13.17,0.16934579279518402 < RatioCommentToCode <= 0.28015981078771035,0.06176770426103659
CountClassBase,3.0,0.03821923385972116,0.0,8.0,2.4984106375451036 < CountClassBase <= 3.498430361850358,0.05270381997760705
ADEV,5.0,0.03583045456185007,1.0,23.0,4.494591233769761 < ADEV <= 5.497789413237381,0.049409724796543916
AvgCyclomaticModified,2.0,0.03507599812019441,0.0,14.0,1.4992287643594169 < AvgCyclomaticModified <= 4.5018610240061365,0.048369339303001316
