Antecedent,Antecedent Coverage %,Confidence,Lift
MAJOR_COMMIT <= 0.225,0.20804,0.97854,1.17404
0.225 < MAJOR_COMMIT <= 0.93,0.12857,0.96528,1.15813
1.05 < CountClassCoupled <= 3.95,0.17902,0.94015,1.12798
OWN_COMMIT <= 0.135,0.19866,0.93483,1.1216
3.95 < CountClassCoupled <= 7.6,0.21116,0.92812,1.11354
MAJOR_LINE <= 0.01,0.27143,0.92105,1.10507
36.8 < CountLineComment <= 54,0.20313,0.91429,1.09695
CountLineComment <= 21.8,0.16071,0.91389,1.09647
0.895 < MaxInheritanceTree <= 1.135,0.2692,0.9005,1.0804
