Antecedent,Antecedent Coverage %,Confidence,Lift
MAJOR_COMMIT <= 0.22,0.22188,0.97988,1.18709
0.22 < MAJOR_COMMIT <= 0.91,0.12232,0.9781,1.18494
1.25 < CountClassCoupled <= 4.25 & -5.63 < MINOR_COMMIT <= 0,0.1808,0.97284,1.17856
CountLineComment <= 19.5,0.14063,0.96508,1.16916
0.08 < MAJOR_LINE <= 0.84,0.14152,0.95584,1.15796
1.25 < CountClassCoupled <= 4.25,0.18527,0.95422,1.156
CountClassCoupled <= 1.25,0.20938,0.93817,1.13656
OWN_COMMIT <= 0.105,0.20223,0.93157,1.12856
MAJOR_LINE <= 0.08,0.23839,0.92884,1.12526
