Antecedent,Antecedent Coverage %,Confidence,Lift
0.21 < MAJOR_COMMIT <= 0.9,0.13393,0.98667,1.15593
MAJOR_COMMIT <= 0.21,0.19866,0.98427,1.15312
0.7 < CountClassCoupled <= 4.45,0.27857,0.95353,1.1171
CountLineComment <= 17.6,0.14375,0.95342,1.11697
CountOutput_Min > 2.255,0.18036,0.94554,1.10775
0.59 < MAJOR_LINE <= 1.39,0.2317,0.93256,1.09254
-0.03 < MAJOR_LINE <= 0.59,0.2808,0.93164,1.09146
1.7 < CountOutput_Mean <= 3.08,0.2,0.92634,1.08525
0.9 < MAJOR_COMMIT <= 1.37,0.29598,0.91855,1.07613
