Antecedent,Antecedent Coverage %,Confidence,Lift
MAJOR_COMMIT <= 0.255,0.20814,0.98261,1.177
0.255 < MAJOR_COMMIT <= 0.945,0.12262,0.97786,1.17131
0.02 < MAJOR_LINE <= 0.66,0.12579,0.96043,1.15044
0.55 < CountClassCoupled <= 3.6,0.26063,0.95833,1.14792
CountLineComment <= 12.5,0.10271,0.93833,1.12396
OWN_COMMIT <= 0.18,0.20181,0.92825,1.11189
MAJOR_LINE <= 0.02,0.26516,0.92662,1.10994
CountClassBase <= 0.906,0.17014,0.92553,1.10863
CountInput_Mean <= 1.3,0.17647,0.91538,1.09648
