Antecedent,Antecedent Coverage %,Confidence,Lift
MAJOR_COMMIT <= 0.47,0.20268,0.97357,1.16371
CountLineComment <= 20.8,0.1625,0.9478,1.13291
MaxInheritanceTree <= 0.914,0.13438,0.92691,1.10794
MAJOR_LINE <= 0.06,0.25446,0.92281,1.10304
CountOutput_Min > 2.1,0.16205,0.91736,1.09652
0.7 < MAJOR_LINE <= 1.44,0.2308,0.91683,1.09589
PercentLackOfCohesion <= 10.6,0.19821,0.91216,1.09031
0.1 < MaxNesting_Mean <= 0.435,0.19509,0.90847,1.08589
