feature,value,importance,min,max,rule,importance_ratio
MAJOR_COMMIT,4.0,0.06056313160768521,0.0,7.0,3.50655960323993 < MAJOR_COMMIT <= 5.502489233663736,0.16154745856693797
Added_lines,277.0,0.04669095259488023,0.0,1453.0,208.72590821455685 < Added_lines <= 457.21937624820356,0.12454449645426077
CountClassCoupled,17.0,0.043619383978312214,0.0,72.0,15.504729903335885 < CountClassCoupled <= 21.490339312577355,0.11635132528479697
MAJOR_LINE,9.0,0.031068942541064667,0.0,14.0,MAJOR_LINE > 7.5075695988913775,0.08287399569071024
CountLineComment,378.0,0.022399433915166526,13.0,1888.0,CountLineComment > 123.15396487993283,0.059748753511848586
