Antecedent,Antecedent Coverage %,Confidence,Lift
MAJOR_LINE <= 0.03,0.26371,0.98925,1.09882
0.6 < CountClassCoupled <= 3.25,0.21125,0.98658,1.09585
CountClassCoupled <= 0.6,0.19565,0.98551,1.09466
0.63 < CountDeclClass <= 1.09,0.54253,0.98519,1.09431
MaxNesting_Mean <= 0.002,0.30529,0.98297,1.09185
-0.36 < CountDeclClassMethod <= 0.25,0.41635,0.97616,1.08428
CountInput_Mean <= 0.88,0.19282,0.97549,1.08354
CountLineComment <= 16.8,0.18289,0.97416,1.08206
RatioCommentToCode > 2.77,0.19991,0.974,1.08188
