feature,value,importance,min,max,rule,importance_ratio
OWN_COMMIT,0.5,0.2871807821073939,0.0,1.0,0.36450244784925023 < OWN_COMMIT <= 0.9806106315167405,0.2609543271752189
MaxInheritanceTree,3.0,0.20738224376099013,0.0,5.0,2.4990705242078834 < MaxInheritanceTree <= 3.5005965160115324,0.1884432986483711
AvgLineBlank,2.0,0.07817224978322651,0.0,21.0,1.5072801485159428 < AvgLineBlank <= 17.999846823274996,0.07103325889796654
CountClassDerived,0.0,-0.0728863687253568,0.0,118.0,CountClassDerived <= 8.500764909068277,0.06623010485380491
MINOR_COMMIT,0.0,-0.05229979848505914,0.0,1.0,MINOR_COMMIT <= 0.4997656113766242,0.04752357948507988
