feature,value,importance,min,max,rule,importance_ratio
OWN_COMMIT,0.666666666666667,0.2825741121290397,0.0,1.0,0.36450244784925023 < OWN_COMMIT <= 0.9806106315167405,0.2553211151246495
MaxInheritanceTree,2.0,-0.0905401110851761,0.0,5.0,1.4975445324042342 < MaxInheritanceTree <= 2.4990705242078834,0.08180792625199979
CountClassDerived,0.0,-0.08709235253532129,0.0,118.0,CountClassDerived <= 8.500764909068277,0.07869268844413052
AvgLineBlank,5.0,0.07630251144133814,0.0,21.0,1.5072801485159428 < AvgLineBlank <= 17.999846823274996,0.06894347879651952
CountClassCoupled,16.0,0.07042173520551973,0.0,42.0,12.518831333769295 < CountClassCoupled <= 20.47194193978083,0.06362987687094034
