feature,value,importance,min,max,rule,importance_ratio
OWN_COMMIT,0.666666666666667,0.2839180578614199,0.0,1.0,0.36450244784925023 < OWN_COMMIT <= 0.9806106315167405,0.2707394029591713
CountDeclMethodPublic,53.0,0.14616393366777933,0.0,82.0,CountDeclMethodPublic > 52.98285999938886,0.13937942670308667
CountClassDerived,0.0,-0.08728602715358767,0.0,118.0,CountClassDerived <= 8.500764909068277,0.08323446228198343
CountClassCoupled,43.0,0.06384502186514966,0.0,42.0,CountClassCoupled > 22.47692780684256,0.060881520646787556
CountDeclMethodDefault,0.0,-0.04633920528086631,0.0,68.0,CountDeclMethodDefault <= 0.49008279034263774,0.04418827342594686
