feature,value,importance,min,max,rule,importance_ratio
OWN_COMMIT,0.75,0.28277765819347556,0.0,1.0,0.36450244784925023 < OWN_COMMIT <= 0.9806106315167405,0.29775990006506603
CountClassDerived,0.0,-0.08017950511224096,0.0,118.0,CountClassDerived <= 8.500764909068277,0.08442760853883527
AvgLineBlank,0.0,-0.06537464582875703,0.0,21.0,AvgLineBlank <= 0.49558335018002864,0.06883835212837515
RatioCommentToCode,0.47,0.057840587960739244,0.0,12.57,0.4182038931610016 < RatioCommentToCode <= 0.6054567464627787,0.060905121716195575
CountDeclMethodDefault,0.0,-0.04589920738294782,0.0,68.0,CountDeclMethodDefault <= 0.49008279034263774,0.048331058014708515
