feature,value,importance,min,max,rule,importance_ratio
OWN_COMMIT,0.75,0.2886691109272617,0.0,1.0,0.36450244784925023 < OWN_COMMIT <= 0.9806106315167405,0.23999017888322896
MaxInheritanceTree,3.0,0.20756052458771415,0.0,5.0,2.4990705242078834 < MaxInheritanceTree <= 3.5005965160115324,0.1725591188641379
AvgLineBlank,8.0,0.07729036557368876,0.0,21.0,1.5072801485159428 < AvgLineBlank <= 17.999846823274996,0.06425671454904523
CountClassDerived,0.0,-0.07254517809086032,0.0,118.0,CountClassDerived <= 8.500764909068277,0.060311718878464426
CountClassCoupled,20.0,0.06787313218412239,0.0,42.0,12.518831333769295 < CountClassCoupled <= 20.47194193978083,0.056427530752803746
