feature,value,importance,min,max,rule,importance_ratio
OWN_COMMIT,0.666666666666667,0.28944964054318273,0.0,1.0,0.36450244784925023 < OWN_COMMIT <= 0.9806106315167405,0.24300795740266237
MaxInheritanceTree,3.0,0.2075448327589964,0.0,5.0,2.4990705242078834 < MaxInheritanceTree <= 3.5005965160115324,0.17424463123738626
CountClassDerived,0.0,-0.0726681694785889,0.0,118.0,CountClassDerived <= 8.500764909068277,0.06100869014742431
CountClassCoupled,17.0,0.07134251437260297,0.0,42.0,12.518831333769295 < CountClassCoupled <= 20.47194193978083,0.059895734059721074
AvgLineBlank,0.0,-0.06765046230806175,0.0,21.0,AvgLineBlank <= 0.49558335018002864,0.0567960652221825
