feature,value,importance,min,max,rule,importance_ratio
OWN_COMMIT,0.5,0.2850692245824495,0.0,1.0,0.36450244784925023 < OWN_COMMIT <= 0.9806106315167405,0.3144896084391482
CountClassDerived,0.0,-0.08409364273431784,0.0,118.0,CountClassDerived <= 8.500764909068277,0.09277247242130199
AvgLineBlank,0.0,-0.06410397402509121,0.0,21.0,AvgLineBlank <= 0.49558335018002864,0.0707197829582388
RatioCommentToCode,0.53,0.053892151391133555,0.0,12.57,0.4182038931610016 < RatioCommentToCode <= 0.6054567464627787,0.059454055813165936
CountDeclMethodDefault,0.0,-0.04637799783177455,0.0,68.0,CountDeclMethodDefault <= 0.49008279034263774,0.05116440892442938
