feature,value,importance,min,max,rule,importance_ratio
OWN_COMMIT,1.0,0.2219580016469187,0.0,1.0,OWN_COMMIT > 0.9806106315167405,0.217895152342746
MaxInheritanceTree,3.0,0.1984065303541902,0.0,5.0,2.4990705242078834 < MaxInheritanceTree <= 3.5005965160115324,0.19477478097903073
CountClassDerived,1.0,-0.08613228351307665,0.0,118.0,CountClassDerived <= 8.500764909068277,0.08455566773197684
MINOR_COMMIT,0.0,-0.0751696826691086,0.0,1.0,MINOR_COMMIT <= 0.4997656113766242,0.07379373275668827
AvgLineBlank,0.0,-0.07106356202139665,0.0,21.0,AvgLineBlank <= 0.49558335018002864,0.06976277294702955
