feature,value,importance,min,max,rule,importance_ratio
OWN_COMMIT,0.714285714285714,0.2838942454205971,0.0,1.0,0.36450244784925023 < OWN_COMMIT <= 0.9806106315167405,0.27218018845852066
CountClassDerived,0.0,-0.09611761787354237,0.0,118.0,CountClassDerived <= 8.500764909068277,0.09215160845633251
MaxInheritanceTree,2.0,-0.09017934620956773,0.0,5.0,1.4975445324042342 < MaxInheritanceTree <= 2.4990705242078834,0.08645836202147102
CountDeclInstanceVariable,50.0,0.08564744672991852,0.0,161.0,11.481575803065907 < CountDeclInstanceVariable <= 101.48930761940565,0.08211345797940936
AvgLineBlank,3.0,0.07781771031963228,0.0,21.0,1.5072801485159428 < AvgLineBlank <= 17.999846823274996,0.07460679250059711
