feature,value,importance,min,max,rule,importance_ratio
OWN_COMMIT,0.75,0.28290578634321006,0.0,1.0,0.36450244784925023 < OWN_COMMIT <= 0.9806106315167405,0.2581563138525614
CountClassDerived,0.0,-0.08943889872161179,0.0,118.0,CountClassDerived <= 8.500764909068277,0.08161450745653163
MaxInheritanceTree,2.0,-0.08881355279202728,0.0,5.0,1.4975445324042342 < MaxInheritanceTree <= 2.4990705242078834,0.08104386872145682
CountDeclInstanceVariable,15.0,0.08377665411320603,0.0,161.0,11.481575803065907 < CountDeclInstanceVariable <= 101.48930761940565,0.07644761350525614
MAJOR_LINE,5.0,0.08207812892614841,0.0,11.0,4.502888577510651 < MAJOR_LINE <= 7.495480408908931,0.0748976805507404
