feature,value,importance,min,max,rule,importance_ratio
OWN_COMMIT,0.375,0.2818037582901627,0.0,1.0,0.36450244784925023 < OWN_COMMIT <= 0.9806106315167405,0.23520184934687752
CountDeclMethodPublic,32.0,0.1299632891059535,0.0,82.0,26.502145012810463 < CountDeclMethodPublic <= 52.98285999938886,0.10847125010110353
CountDeclClassVariable,14.0,0.12221054739288705,0.0,56.0,7.5174806723569825 < CountDeclClassVariable <= 50.48101750719586,0.10200057987482371
MaxInheritanceTree,2.0,-0.08789898287544018,0.0,5.0,1.4975445324042342 < MaxInheritanceTree <= 2.4990705242078834,0.07336312139146778
CountClassDerived,5.0,-0.0803935088776411,0.0,118.0,CountClassDerived <= 8.500764909068277,0.06709882819957365
