feature,value,importance,min,max,rule,importance_ratio
OWN_COMMIT,0.5,0.28747333732542,0.0,1.0,0.36450244784925023 < OWN_COMMIT <= 0.9806106315167405,0.2720750077573317
MaxInheritanceTree,3.0,0.20495227716054487,0.0,5.0,2.4990705242078834 < MaxInheritanceTree <= 3.5005965160115324,0.1939741365830215
CountClassDerived,0.0,-0.07048974267343855,0.0,118.0,CountClassDerived <= 8.500764909068277,0.06671400368159373
AvgLineBlank,0.0,-0.0682357925237941,0.0,21.0,AvgLineBlank <= 0.49558335018002864,0.06458078496240878
MINOR_COMMIT,0.0,-0.06124310244199833,0.0,1.0,MINOR_COMMIT <= 0.4997656113766242,0.0579626539525909
