feature,value,importance,min,max,rule,importance_ratio
OWN_COMMIT,0.5,0.2797055641251381,0.0,1.0,0.36450244784925023 < OWN_COMMIT <= 0.9806106315167405,0.29991947652129064
CountClassDerived,0.0,-0.08414211764979815,0.0,118.0,CountClassDerived <= 8.500764909068277,0.09022294553865215
AvgLineBlank,4.0,0.07421628446468502,0.0,21.0,1.5072801485159428 < AvgLineBlank <= 17.999846823274996,0.07957978689349585
CountClassCoupled,16.0,0.06995192914259356,0.0,42.0,12.518831333769295 < CountClassCoupled <= 20.47194193978083,0.07500725284361813
CountDeclMethodDefault,0.0,-0.046218406272408225,0.0,68.0,CountDeclMethodDefault <= 0.49008279034263774,0.049558542956504616
