feature,value,importance,min,max,rule,importance_ratio
OWN_COMMIT,1.0,0.22422497286949286,0.0,1.0,OWN_COMMIT > 0.9806106315167405,0.25328990176486016
CountClassDerived,0.0,-0.08906058823204534,0.0,118.0,CountClassDerived <= 8.500764909068277,0.10060497435111786
AvgLineBlank,0.0,-0.06894506538549182,0.0,21.0,AvgLineBlank <= 0.49558335018002864,0.07788199777741635
MINOR_COMMIT,0.0,-0.0469878315769616,0.0,1.0,MINOR_COMMIT <= 0.4997656113766242,0.053078580373826297
CountDeclMethodDefault,0.0,-0.04645959688471035,0.0,68.0,CountDeclMethodDefault <= 0.49008279034263774,0.05248187380900052
