feature,value,importance,min,max,rule,importance_ratio
OWN_COMMIT,1.0,0.2232252249195922,0.0,1.0,OWN_COMMIT > 0.9806106315167405,0.20031761885184
MaxInheritanceTree,3.0,0.19899094898994088,0.0,5.0,2.4990705242078834 < MaxInheritanceTree <= 3.5005965160115324,0.1785702896663733
CountClassDerived,0.0,-0.07822032361864117,0.0,118.0,CountClassDerived <= 8.500764909068277,0.07019327219291918
MINOR_COMMIT,0.0,-0.07394800048111236,0.0,1.0,MINOR_COMMIT <= 0.4997656113766242,0.06635937932447804
CountClassCoupled,19.0,0.07109759486391819,0.0,42.0,12.518831333769295 < CountClassCoupled <= 20.47194193978083,0.06380148531315417
