feature,value,importance,min,max,rule,importance_ratio
OWN_COMMIT,0.583333333333333,0.2848181873169713,0.0,1.0,0.36450244784925023 < OWN_COMMIT <= 0.9806106315167405,0.22814465218309518
CountDeclMethodPublic,148.0,0.14802803705007456,0.0,82.0,CountDeclMethodPublic > 52.98285999938886,0.11857320399469885
CountClassDerived,2.0,-0.0932952039368293,0.0,118.0,CountClassDerived <= 8.500764909068277,0.07473118922996028
MAJOR_LINE,6.0,0.08440419359124385,0.0,11.0,4.502888577510651 < MAJOR_LINE <= 7.495480408908931,0.06760932499102926
CountDeclInstanceVariable,40.0,0.08277315561772859,0.0,161.0,11.481575803065907 < CountDeclInstanceVariable <= 101.48930761940565,0.06630283331410927
