feature,value,importance,min,max,rule,importance_ratio
OWN_COMMIT,0.5,0.2826086679681188,0.0,1.0,0.36450244784925023 < OWN_COMMIT <= 0.9806106315167405,0.3372226637489997
CountClassDerived,0.0,-0.08102135237072065,0.0,118.0,CountClassDerived <= 8.500764909068277,0.09667869164608561
CountDeclMethodDefault,0.0,-0.04617004771021494,0.0,68.0,CountDeclMethodDefault <= 0.49008279034263774,0.05509238830570299
MaxNesting_Mean,0.416666666666667,-0.03788306492429897,0.0,5.0,0.12239026524881402 < MaxNesting_Mean <= 0.8314816456055749,0.045203949888011054
CountDeclInstanceVariable,10.0,0.03747093541243659,0.0,161.0,7.474382263297356 < CountDeclInstanceVariable <= 11.481575803065907,0.04471217653654582
