feature,value,importance,min,max,rule,importance_ratio
OWN_COMMIT,1.0,0.22441416082952417,0.0,1.0,OWN_COMMIT > 0.9806106315167405,0.2569235762708227
CountClassDerived,0.0,-0.08946079824723364,0.0,118.0,CountClassDerived <= 8.500764909068277,0.10242040046297264
CountClassCoupled,15.0,0.07111614961294711,0.0,42.0,12.518831333769295 < CountClassCoupled <= 20.47194193978083,0.08141828225826223
PercentLackOfCohesion,0.0,-0.03920636091576169,0.0,100.0,PercentLackOfCohesion <= 8.517996980983938,0.04488593064630207
RatioCommentToCode,0.32,0.038636809212074165,0.0,12.57,0.31833570473338724 < RatioCommentToCode <= 0.33081922828683896,0.044233871702955355
