feature,value,importance,min,max,rule,importance_ratio
OWN_COMMIT,1.0,0.221372306125259,0.0,1.0,OWN_COMMIT > 0.9806106315167405,0.20139713641793242
MaxInheritanceTree,3.0,0.20123328470940557,0.0,5.0,2.4990705242078834 < MaxInheritanceTree <= 3.5005965160115324,0.1830753268185089
CountClassDerived,1.0,-0.08112213236314754,0.0,118.0,CountClassDerived <= 8.500764909068277,0.07380220879485262
MINOR_COMMIT,0.0,-0.07962843960256054,0.0,1.0,MINOR_COMMIT <= 0.4997656113766242,0.07244329696917827
AvgLineBlank,0.0,-0.07174544845325743,0.0,21.0,AvgLineBlank <= 0.49558335018002864,0.06527161469479642
