feature,value,importance,min,max,rule,importance_ratio
OWN_COMMIT,1.0,0.22366594901953415,0.0,1.0,OWN_COMMIT > 0.9806106315167405,0.21284660854728843
MaxInheritanceTree,3.0,0.20299468298786788,0.0,5.0,2.4990705242078834 < MaxInheritanceTree <= 3.5005965160115324,0.19317526881718644
CountClassDerived,0.0,-0.0802708844632451,0.0,118.0,CountClassDerived <= 8.500764909068277,0.07638795980339758
AvgLineBlank,3.0,0.07918568900528514,0.0,21.0,1.5072801485159428 < AvgLineBlank <= 17.999846823274996,0.07535525825070157
MINOR_COMMIT,0.0,-0.07196950033556244,0.0,1.0,MINOR_COMMIT <= 0.4997656113766242,0.06848813658233487
