feature,value,importance,min,max,rule,importance_ratio
OWN_COMMIT,0.75,0.28289856057678797,0.0,1.0,0.36450244784925023 < OWN_COMMIT <= 0.9806106315167405,0.2902074157660771
MaxInheritanceTree,2.0,-0.09199117228975717,0.0,5.0,1.4975445324042342 < MaxInheritanceTree <= 2.4990705242078834,0.09436781979050075
CountClassDerived,0.0,-0.08887942490840559,0.0,118.0,CountClassDerived <= 8.500764909068277,0.09117567853598992
AvgLineBlank,0.0,-0.06871508473312446,0.0,21.0,AvgLineBlank <= 0.49558335018002864,0.07049038045258718
MINOR_COMMIT,0.0,-0.05353483454962036,0.0,1.0,MINOR_COMMIT <= 0.4997656113766242,0.05491793933639612
