feature,value,importance,min,max,rule,importance_ratio
OWN_COMMIT,0.4,0.2840819380378977,0.0,1.0,0.36450244784925023 < OWN_COMMIT <= 0.9806106315167405,0.3077776219257988
CountClassDerived,0.0,-0.0773861203653357,0.0,118.0,CountClassDerived <= 8.500764909068277,0.08384100819858975
AvgLineBlank,0.0,-0.06347394805382185,0.0,21.0,AvgLineBlank <= 0.49558335018002864,0.06876840154350401
CountInput_Mean,0.2,-0.050265839042760455,0.0,40.1666666666667,0.09701334611691781 < CountInput_Mean <= 0.2842218372047771,0.054458585123500276
CountDeclMethodDefault,0.0,-0.04498949832720188,0.0,68.0,CountDeclMethodDefault <= 0.49008279034263774,0.048742137224273945
