feature,value,importance,min,max,rule,importance_ratio
OWN_COMMIT,0.5,0.2825312939409634,0.0,1.0,0.36450244784925023 < OWN_COMMIT <= 0.9806106315167405,0.28301031615343425
CountClassDerived,0.0,-0.08425449648240015,0.0,118.0,CountClassDerived <= 8.500764909068277,0.0843973471194133
AvgLineBlank,0.0,-0.06622376331171818,0.0,21.0,AvgLineBlank <= 0.49558335018002864,0.06633604345306902
CountClassCoupled,23.0,0.06592675171528134,0.0,42.0,CountClassCoupled > 22.47692780684256,0.06603852828355866
CountDeclMethodProtected,2.0,-0.05766657693490392,0.0,25.0,1.4959361471241817 < CountDeclMethodProtected <= 2.493593817308902,0.057764348657404686
