feature,value,importance,min,max,rule,importance_ratio
OWN_COMMIT,0.25,0.2608488061623331,0.0,1.0,0.12361804521233677 < OWN_COMMIT <= 0.36450244784925023,0.26878777408143195
CountClassDerived,0.0,-0.0917429197955637,0.0,118.0,CountClassDerived <= 8.500764909068277,0.09453512769475636
CountDeclMethodProtected,2.0,-0.05565873941653693,0.0,25.0,1.4959361471241817 < CountDeclMethodProtected <= 2.493593817308902,0.05735272051289043
CountClassCoupled,27.0,0.051478898420361525,0.0,42.0,CountClassCoupled > 22.47692780684256,0.05304566550311161
CountDeclMethodDefault,0.0,-0.04557996640482331,0.0,68.0,CountDeclMethodDefault <= 0.49008279034263774,0.0469671987114044
