feature,value,importance,min,max,rule,importance_ratio
CountDeclMethodProtected,97.0,0.10646790225462989,0.0,97.0,CountDeclMethodProtected > 40.98131943051395,0.2633376759583579
CountClassCoupled,92.0,0.08402822321739394,0.0,96.0,CountClassCoupled > 55.490746041173416,0.20783538088369158
MINOR_COMMIT,1.0,0.06366847622002585,0.0,4.0,0.5006692548886575 < MINOR_COMMIT <= 1.5002568035329802,0.15747758906241133
CountDeclMethodPrivate,13.0,0.040542616297645,0.0,274.0,11.449886802667034 < CountDeclMethodPrivate <= 166.53801694070535,0.10027809440219343
CountDeclInstanceMethod,111.0,0.0359826671611653,0.0,222.0,CountDeclInstanceMethod > 98.39363084639128,0.08899951764187534
