feature,value,importance,min,max,rule,importance_ratio
CountClassCoupled,28.0,0.053836043349055895,0.0,96.0,15.470436606030667 < CountClassCoupled <= 55.490746041173416,0.26606267119870225
CountDeclMethodPrivate,12.0,0.04524317462614603,0.0,274.0,11.449886802667034 < CountDeclMethodPrivate <= 166.53801694070535,0.223595924694805
MINOR_COMMIT,0.0,-0.02572831764865359,0.0,4.0,MINOR_COMMIT <= 0.5006692548886575,0.12715170902635684
OWN_COMMIT,1.0,0.013756300007250732,0.0,1.0,OWN_COMMIT > 0.5101466808561519,0.06798489818446217
CountDeclMethodDefault,1.0,0.007195260736628962,0.0,220.0,0.4934374049043257 < CountDeclMethodDefault <= 1.475142624811523,0.03555963946210426
