feature,value,importance,min,max,rule,importance_ratio
MINOR_COMMIT,0.0,-0.025087261421658392,0.0,4.0,MINOR_COMMIT <= 0.5006692548886575,0.24266802564878465
OWN_COMMIT,1.0,0.013508305503616072,0.0,1.0,OWN_COMMIT > 0.5101466808561519,0.13066527156260763
CountDeclMethodPrivate,0.0,-0.007221942156233204,0.0,274.0,CountDeclMethodPrivate <= 0.506167942119975,0.06985754303536042
CountOutput_Min,2.0,0.004847022590716592,0.0,25.0,1.4957666746436395 < CountOutput_Min <= 3.5008276632915445,0.04688504586430458
MaxInheritanceTree,3.0,0.004839574776760344,0.0,6.0,2.4962591548379742 < MaxInheritanceTree <= 5.498828709692271,0.046813003472838045
