feature,value,importance,min,max,rule,importance_ratio
CountClassDerived,14.0,0.047154379687637804,0.0,64.0,11.514047948703734 < CountClassDerived <= 16.01115810509175,0.3352848133381837
MINOR_COMMIT,0.0,-0.02394900847196796,0.0,4.0,MINOR_COMMIT <= 0.5006692548886575,0.1702861725326326
OWN_COMMIT,1.0,0.012685255891693475,0.0,1.0,OWN_COMMIT > 0.5101466808561519,0.09019678939618354
CountClassCoupled,0.0,-0.008394665997082306,0.0,96.0,CountClassCoupled <= 0.5374853242609827,0.05968913260046611
CountDeclMethodPrivate,0.0,-0.007313156000828847,0.0,274.0,CountDeclMethodPrivate <= 0.506167942119975,0.0519992026380901
