Antecedent,Antecedent Coverage %,Confidence,Lift
1.795 < RatioCommentToCode <= 2.695,0.20808,1.0,1.04877
CountClassBase <= 0.946,0.1287,1.0,1.04877
-3.45 < Del_lines <= 1.6,0.40582,0.99884,1.04755
CountClassCoupled <= 0.76,0.19493,0.99759,1.04624
CountInput_Mean <= 0.67,0.21231,0.99558,1.04413
MAJOR_LINE <= 0.11,0.22452,0.99372,1.04219
0.83 < MAJOR_LINE <= 1.35,0.20714,0.9932,1.04163
CountLineComment <= 27.6,0.20009,0.99296,1.04138
PercentLackOfCohesion <= 13.4,0.19962,0.99294,1.04137
