test_idx,candidate_id,CountDeclMethodPrivate,CountDeclMethodDefault,AvgEssential,CountDeclClassVariable,CountDeclClassMethod,AvgLineComment,AvgCyclomaticModified,CountDeclClass,CountDeclMethodProtected,CountDeclInstanceVariable,CountDeclMethodPublic,RatioCommentToCode,AvgLineBlank,PercentLackOfCohesion,MaxInheritanceTree,CountClassDerived,CountClassCoupled,CountClassBase,CountInput_Mean,CountInput_Min,CountOutput_Min,MaxNesting_Min,ADEV,OWN_COMMIT,MINOR_COMMIT,MINOR_LINE,MAJOR_LINE,proba0,proba1,num_features_changed
39,0,6.0,1.0,1.0,5.0,3.0,4.0,2.0,6.0,21.0,59.0,2.0,0.77,0.0,97.0,1.0,2.0,1.0,0.0,4.74534161490683,0.0,0.0,0.0,11.0,0.9,0.0,3.0,1.0,0.51,0.49,4
41,0,4.0,0.0,1.0,6.0,1.0,2.0,1.0,2.0,7.0,30.0,75.0,0.54,0.0,97.0,2.0,3.0,18.0,0.0,7.01204819277108,0.0,1.0,0.0,3.0,1.0,0.0,3.0,2.0,0.51,0.49,2
41,1,1.0,0.0,1.0,6.0,1.0,2.0,1.0,2.0,7.0,5.0,75.0,0.54,0.0,97.0,2.0,3.0,18.0,2.0,7.01204819277108,0.0,1.0,0.0,3.0,1.0,0.0,3.0,2.0,0.55,0.45,2
41,2,1.0,0.0,1.0,6.0,1.0,2.0,1.0,2.0,7.0,30.0,101.0,0.54,0.0,97.0,2.0,3.0,18.0,0.0,7.01204819277108,0.0,1.0,0.0,3.0,1.0,0.0,3.0,2.0,0.54,0.46,2
41,3,1.0,0.0,1.0,6.0,1.0,2.0,1.0,2.0,7.0,30.0,75.0,0.54,0.0,97.0,2.0,3.0,30.0,1.0,7.01204819277108,0.0,1.0,0.0,3.0,1.0,0.0,3.0,2.0,0.53,0.47,2
41,4,1.0,0.0,1.0,6.0,1.0,2.0,1.0,2.0,7.0,30.0,96.0,0.54,0.0,97.0,2.0,3.0,18.0,0.0,7.01204819277108,0.0,1.0,0.0,3.0,1.0,0.0,3.0,2.0,0.54,0.46,2
41,5,1.0,0.0,1.0,6.0,1.0,2.0,1.0,2.0,7.0,24.0,75.0,0.54,0.0,97.0,2.0,3.0,18.0,0.0,7.01204819277108,0.0,1.0,0.0,3.0,1.0,0.0,3.0,2.0,0.54,0.46,2
41,6,1.0,0.0,1.0,6.0,1.0,2.0,1.0,2.0,7.0,30.0,72.0,0.54,0.0,97.0,2.0,3.0,18.0,0.0,7.01204819277108,0.0,1.0,0.0,3.0,1.0,0.0,3.0,2.0,0.54,0.46,2
41,7,1.0,0.0,1.0,6.0,1.0,2.0,1.0,2.0,7.0,20.0,75.0,0.54,0.0,97.0,2.0,3.0,18.0,0.0,7.01204819277108,0.0,1.0,0.0,3.0,1.0,0.0,3.0,2.0,0.54,0.46,2
41,8,1.0,0.0,1.0,6.0,1.0,2.0,1.0,2.0,7.0,30.0,75.0,0.54,0.0,97.0,2.0,3.0,59.0,1.0,7.01204819277108,0.0,1.0,0.0,3.0,1.0,0.0,3.0,2.0,0.54,0.46,2
41,9,1.0,0.0,1.0,6.0,1.0,2.0,1.0,2.0,7.0,30.0,124.0,0.54,0.0,97.0,2.0,3.0,18.0,0.0,7.01204819277108,0.0,1.0,0.0,3.0,1.0,0.0,3.0,2.0,0.54,0.46,2
41,10,1.0,0.0,1.0,6.0,1.0,2.0,1.0,2.0,7.0,30.0,34.0,0.54,0.0,97.0,2.0,3.0,18.0,0.0,7.01204819277108,0.0,1.0,0.0,3.0,1.0,0.0,3.0,2.0,0.56,0.44,2
41,11,0.0,0.0,1.0,6.0,1.0,2.0,1.0,2.0,7.0,0.0,75.0,0.54,0.0,97.0,2.0,3.0,18.0,6.0,7.01204819277108,0.0,1.0,0.0,3.0,1.0,0.0,3.0,2.0,0.51,0.49,2
41,12,1.0,0.0,1.0,6.0,1.0,2.0,1.0,2.0,7.0,30.0,75.0,0.54,0.0,97.0,2.0,3.0,30.0,0.0,7.01204819277108,0.0,1.0,0.0,3.0,1.0,0.0,3.0,2.0,0.53,0.47,2
41,13,1.0,0.0,1.0,6.0,1.0,2.0,1.0,2.0,7.0,30.0,76.0,0.54,0.0,97.0,2.0,3.0,18.0,1.0,7.01204819277108,0.0,1.0,0.0,3.0,1.0,0.0,3.0,2.0,0.54,0.46,2
41,14,1.0,0.0,1.0,6.0,1.0,2.0,1.0,2.0,7.0,30.0,75.0,0.54,0.0,97.0,2.0,3.0,6.0,1.0,7.01204819277108,0.0,1.0,0.0,3.0,1.0,0.0,3.0,2.0,0.56,0.44,2
41,15,1.0,0.0,1.0,6.0,1.0,2.0,1.0,2.0,7.0,30.0,115.0,0.54,0.0,97.0,2.0,3.0,18.0,1.0,7.01204819277108,0.0,1.0,0.0,3.0,1.0,0.0,3.0,2.0,0.54,0.46,2
41,16,1.0,0.0,1.0,6.0,1.0,2.0,1.0,2.0,7.0,30.0,75.0,0.54,0.0,97.0,2.0,3.0,32.0,1.0,7.01204819277108,0.0,1.0,0.0,3.0,1.0,0.0,3.0,2.0,0.53,0.47,2
41,17,1.0,0.0,1.0,6.0,1.0,2.0,1.0,2.0,7.0,3.0,75.0,0.54,0.0,97.0,2.0,3.0,18.0,1.0,7.01204819277108,0.0,1.0,0.0,3.0,1.0,0.0,3.0,2.0,0.55,0.45,2
41,18,1.0,0.0,1.0,6.0,1.0,2.0,1.0,2.0,7.0,30.0,53.0,0.54,0.0,97.0,2.0,3.0,18.0,0.0,7.01204819277108,0.0,1.0,0.0,3.0,1.0,0.0,3.0,2.0,0.55,0.45,2
46,0,5.0,2.0,1.0,1.0,0.0,4.0,3.0,5.0,10.0,21.0,5.0,0.41,0.0,89.0,1.0,3.0,27.0,4.0,4.82692307692308,18.0,1.0,0.0,5.0,1.0,0.0,3.0,2.0,0.51,0.49,3
46,1,5.0,2.0,1.0,1.0,0.0,4.0,3.0,5.0,10.0,21.0,1.0,0.41,0.0,89.0,1.0,3.0,27.0,4.0,4.82692307692308,41.0,1.0,0.0,5.0,1.0,0.0,3.0,2.0,0.51,0.49,3
46,2,5.0,2.0,1.0,1.0,0.0,4.0,3.0,5.0,37.0,21.0,7.0,0.41,0.0,89.0,1.0,3.0,27.0,4.0,4.82692307692308,23.0,1.0,0.0,5.0,1.1,0.0,3.0,2.0,0.52,0.48,4
46,3,5.0,2.0,1.0,1.0,0.0,4.0,3.0,5.0,21.0,21.0,5.0,0.41,0.0,89.0,1.0,3.0,27.0,4.0,4.82692307692308,18.0,1.0,0.0,5.0,1.0,0.0,3.0,2.0,0.52,0.48,4
56,0,0.0,4.0,1.0,1.0,0.0,9.0,2.0,5.0,20.0,21.0,77.0,1.44,0.0,94.0,1.0,1.0,50.0,4.0,4.16831683168317,0.0,0.0,0.0,4.0,1.0,0.0,2.0,0.0,0.55,0.45,2
56,1,0.0,4.0,1.0,1.0,0.0,9.0,2.0,5.0,20.0,21.0,77.0,1.44,0.0,94.0,1.0,1.0,69.0,2.0,4.16831683168317,0.0,0.0,0.0,4.0,1.0,0.0,2.0,2.0,0.53,0.47,2
56,2,0.0,4.0,1.0,1.0,0.0,9.0,2.0,5.0,20.0,21.0,77.0,1.44,0.0,94.0,1.0,1.0,50.0,2.0,4.16831683168317,0.0,0.0,0.0,4.0,1.0,0.0,2.0,3.0,0.53,0.47,2
56,3,0.0,4.0,1.0,1.0,0.0,9.0,2.0,5.0,20.0,21.0,40.0,1.44,0.0,94.0,1.0,1.0,32.0,6.0,4.16831683168317,0.0,0.0,0.0,4.0,1.0,0.0,2.0,2.0,0.51,0.49,2
56,4,0.0,4.0,1.0,1.0,0.0,9.0,2.0,5.0,20.0,21.0,44.0,1.44,0.0,94.0,1.0,1.0,50.0,6.0,13.0,0.0,0.0,0.0,4.0,1.0,0.0,2.0,2.0,0.52,0.48,2
56,5,0.0,4.0,1.0,1.0,0.0,9.0,2.0,5.0,20.0,21.0,25.0,1.44,0.0,94.0,1.0,1.0,50.0,2.0,4.16831683168317,0.0,0.0,0.0,4.0,1.0,0.0,2.0,2.0,0.56,0.44,2
56,6,0.0,4.0,1.0,1.0,0.0,9.0,2.0,5.0,20.0,21.0,77.0,1.44,0.0,94.0,1.0,1.0,50.0,2.0,40.6,0.0,0.0,0.0,4.0,1.0,0.0,2.0,2.0,0.54,0.46,2
56,7,0.0,4.0,1.0,1.0,0.0,9.0,2.0,5.0,20.0,21.0,43.0,1.44,0.0,94.0,1.0,1.0,50.0,5.0,4.16831683168317,0.0,0.0,0.0,4.0,1.0,0.0,2.0,2.0,0.51,0.49,2
56,8,0.0,4.0,1.0,1.0,0.0,9.0,2.0,5.0,20.0,21.0,77.0,1.44,0.0,94.0,1.0,1.0,50.0,5.0,26.9,0.0,0.0,0.0,4.0,1.0,0.0,2.0,2.0,0.51,0.49,2
65,0,0.0,0.0,1.0,2.0,0.0,0.0,2.0,1.0,7.0,6.0,16.0,2.42,0.0,86.0,2.0,0.0,27.0,1.0,5.52173913043478,1.0,1.0,0.0,8.0,0.888888888888889,0.0,3.0,1.0,0.55,0.45,2
65,1,0.0,0.0,1.0,2.0,0.0,0.0,2.0,1.0,7.0,6.0,16.0,3.86,0.0,86.0,2.0,0.0,27.0,1.0,5.52173913043478,1.0,1.0,0.0,9.0,0.888888888888889,0.0,3.0,1.0,0.54,0.46,1
65,2,0.0,0.0,1.0,2.0,0.0,0.0,2.0,1.0,7.0,6.0,16.0,6.86,0.0,86.0,2.0,0.0,27.0,1.0,5.52173913043478,1.0,1.0,0.0,8.0,0.888888888888889,0.0,3.0,1.0,0.56,0.44,2
65,3,0.0,0.0,1.0,2.0,0.0,0.0,2.0,1.0,7.0,6.0,16.0,2.88,0.0,86.0,2.0,0.0,43.0,1.0,5.52173913043478,1.0,1.0,0.0,9.0,0.888888888888889,0.0,3.0,1.0,0.53,0.47,2
65,4,0.0,0.0,1.0,2.0,0.0,0.0,2.0,1.0,7.0,6.0,16.0,10.77,0.0,86.0,2.0,0.0,27.0,1.0,5.52173913043478,1.0,1.0,0.0,9.0,0.888888888888889,0.0,3.0,1.0,0.55,0.45,1
65,5,0.0,0.0,1.0,2.0,0.0,0.0,2.0,1.0,7.0,6.0,16.0,8.82,0.0,86.0,2.0,0.0,27.0,1.0,5.52173913043478,1.0,1.0,0.0,12.0,0.888888888888889,0.0,3.0,1.0,0.55,0.45,2
65,6,0.0,0.0,1.0,2.0,0.0,0.0,2.0,1.0,7.0,6.0,16.0,2.03,0.0,86.0,2.0,0.0,27.0,1.0,5.52173913043478,1.0,1.0,0.0,15.0,0.888888888888889,0.0,3.0,1.0,0.54,0.46,2
65,7,0.0,0.0,1.0,2.0,0.0,0.0,2.0,1.0,7.0,6.0,16.0,4.98,0.0,86.0,2.0,0.0,27.0,1.0,5.52173913043478,1.0,1.0,0.0,9.0,0.888888888888889,0.0,3.0,1.0,0.55,0.45,1
65,8,0.0,0.0,1.0,2.0,0.0,0.0,2.0,1.0,7.0,6.0,16.0,4.57,0.0,86.0,2.0,0.0,56.0,1.0,5.52173913043478,1.0,1.0,0.0,9.0,0.888888888888889,0.0,3.0,1.0,0.55,0.45,2
65,9,0.0,0.0,1.0,2.0,0.0,0.0,2.0,1.0,7.0,6.0,16.0,4.58,0.0,86.0,2.0,0.0,33.0,1.0,5.52173913043478,1.0,1.0,0.0,9.0,0.888888888888889,0.0,3.0,1.0,0.55,0.45,2
65,10,0.0,0.0,1.0,2.0,0.0,0.0,2.0,1.0,7.0,6.0,16.0,0.73,0.0,86.0,2.0,0.0,27.0,1.0,5.52173913043478,1.0,1.0,0.0,9.0,0.888888888888889,0.0,3.0,1.0,0.52,0.48,1
65,11,0.0,0.0,1.0,2.0,0.0,0.0,2.0,1.0,7.0,6.0,16.0,0.83,0.0,86.0,2.0,0.0,27.0,1.0,5.52173913043478,1.0,1.0,0.0,9.0,0.888888888888889,0.0,3.0,1.0,0.53,0.47,1
65,12,0.0,0.0,1.0,2.0,0.0,0.0,2.0,1.0,7.0,6.0,16.0,1.32,0.0,86.0,2.0,0.0,8.0,1.0,5.52173913043478,1.0,1.0,0.0,9.0,0.888888888888889,0.0,3.0,1.0,0.58,0.42,2
65,13,0.0,0.0,1.0,2.0,0.0,0.0,2.0,1.0,7.0,6.0,16.0,12.29,0.0,86.0,2.0,0.0,27.0,1.0,5.52173913043478,1.0,1.0,0.0,9.0,0.888888888888889,0.0,3.0,1.0,0.55,0.45,1
65,14,0.0,0.0,1.0,2.0,0.0,0.0,2.0,1.0,7.0,6.0,16.0,3.18,0.0,86.0,2.0,0.0,11.0,1.0,5.52173913043478,1.0,1.0,0.0,9.0,0.888888888888889,0.0,3.0,1.0,0.56,0.44,2
65,15,0.0,0.0,1.0,2.0,0.0,0.0,2.0,1.0,7.0,6.0,16.0,5.66,0.0,86.0,2.0,0.0,43.0,1.0,5.52173913043478,1.0,1.0,0.0,9.0,0.888888888888889,0.0,3.0,1.0,0.55,0.45,2
65,16,0.0,0.0,1.0,2.0,0.0,0.0,2.0,1.0,7.0,6.0,16.0,8.89,0.0,86.0,2.0,0.0,27.0,1.0,5.52173913043478,1.0,1.0,0.0,9.0,0.888888888888889,0.0,3.0,1.0,0.55,0.45,1
65,17,0.0,0.0,1.0,2.0,0.0,0.0,2.0,1.0,7.0,6.0,16.0,3.86,0.0,86.0,2.0,0.0,67.0,1.0,5.52173913043478,1.0,1.0,0.0,9.0,0.888888888888889,0.0,3.0,1.0,0.54,0.46,2
65,18,0.0,0.0,1.0,2.0,0.0,0.0,2.0,1.0,7.0,6.0,16.0,5.32,0.0,86.0,2.0,0.0,27.0,1.0,5.52173913043478,1.0,1.0,0.0,9.0,0.888888888888889,0.0,3.0,1.0,0.55,0.45,1
65,19,0.0,0.0,1.0,2.0,0.0,0.0,2.0,1.0,7.0,6.0,16.0,11.31,0.0,86.0,2.0,0.0,52.0,1.0,5.52173913043478,1.0,1.0,0.0,9.0,0.888888888888889,0.0,3.0,1.0,0.55,0.45,2
104,0,0.0,0.0,1.0,1.0,0.0,5.0,1.0,1.0,4.0,2.0,21.0,0.84,0.0,5.0,3.0,0.0,25.0,1.0,3.24,0.0,1.0,0.0,0.0,1.1,0.0,2.0,1.0,0.67,0.33,2
104,1,0.0,0.0,1.0,1.0,0.0,5.0,1.0,1.0,4.0,2.0,21.0,0.84,0.0,89.0,3.0,0.0,43.0,1.0,3.24,0.0,1.0,0.0,0.0,1.1,0.0,2.0,1.0,0.66,0.34,2
104,2,0.0,0.0,1.0,1.0,0.0,5.0,1.0,1.0,4.0,2.0,21.0,0.84,0.0,89.0,3.0,0.0,46.0,1.0,3.24,0.0,1.0,0.0,0.0,1.0,0.0,2.0,1.0,0.66,0.34,2
104,3,0.0,0.0,1.0,1.0,0.0,5.0,1.0,1.0,4.0,2.0,109.0,0.84,0.0,89.0,3.0,0.0,25.0,1.0,3.24,0.0,1.0,0.0,0.0,0.9,0.0,2.0,1.0,0.59,0.41,2
104,4,0.0,0.0,1.0,1.0,0.0,5.0,1.0,1.0,4.0,2.0,21.0,0.84,0.0,89.0,3.0,0.0,25.0,1.0,33.4,0.0,1.0,0.0,0.0,0.8,0.0,2.0,1.0,0.6,0.4,2
104,5,0.0,0.0,1.0,1.0,0.0,5.0,1.0,1.0,4.0,2.0,21.0,0.84,0.0,89.0,3.0,0.0,34.0,1.0,3.24,0.0,1.0,0.0,0.0,0.8,0.0,2.0,1.0,0.55,0.45,2
104,6,0.0,0.0,1.0,1.0,0.0,5.0,1.0,1.0,4.0,2.0,21.0,0.84,0.0,89.0,3.0,0.0,5.0,1.0,50.7,0.0,1.0,0.0,0.0,0.0,0.0,2.0,1.0,0.55,0.45,2
104,7,0.0,0.0,1.0,1.0,0.0,5.0,1.0,1.0,4.0,2.0,21.0,0.84,0.0,89.0,3.0,0.0,25.0,1.0,27.2,0.0,1.0,0.0,0.0,0.7,0.0,2.0,1.0,0.52,0.48,2
104,8,0.0,0.0,1.0,1.0,0.0,5.0,1.0,1.0,4.0,2.0,21.0,0.84,0.0,89.0,3.0,0.0,25.0,1.0,42.1,0.0,1.0,0.0,0.0,1.0,0.0,2.0,1.0,0.66,0.34,2
104,9,0.0,0.0,1.0,1.0,0.0,5.0,1.0,1.0,4.0,2.0,58.0,0.84,0.0,89.0,3.0,0.0,25.0,1.0,3.24,0.0,1.0,0.0,0.0,0.9,0.0,2.0,1.0,0.59,0.41,2
104,10,0.0,0.0,1.0,1.0,0.0,5.0,1.0,1.0,4.0,2.0,5.0,0.84,0.0,89.0,3.0,0.0,25.0,1.0,3.24,0.0,1.0,0.0,0.0,0.0,0.0,2.0,1.0,0.54,0.46,1
104,11,0.0,0.0,1.0,1.0,0.0,5.0,1.0,1.0,4.0,2.0,21.0,0.84,0.0,89.0,3.0,0.0,22.0,1.0,3.24,0.0,1.0,0.0,0.0,1.0,0.0,2.0,1.0,0.65,0.35,2
104,12,0.0,0.0,1.0,1.0,0.0,5.0,1.0,1.0,4.0,2.0,97.0,0.84,0.0,89.0,3.0,0.0,25.0,1.0,3.24,0.0,1.0,0.0,0.0,0.9,0.0,2.0,1.0,0.59,0.41,2
104,13,0.0,0.0,1.0,1.0,0.0,5.0,1.0,1.0,4.0,2.0,21.0,0.84,0.0,89.0,3.0,0.0,68.0,1.0,3.24,0.0,1.0,0.0,0.0,1.0,0.0,2.0,1.0,0.66,0.34,2
104,14,0.0,0.0,1.0,1.0,0.0,5.0,1.0,1.0,4.0,2.0,21.0,0.84,0.0,89.0,3.0,0.0,45.0,1.0,3.24,0.0,1.0,0.0,0.0,1.0,0.0,2.0,1.0,0.66,0.34,2
104,15,0.0,0.0,1.0,1.0,0.0,5.0,1.0,1.0,4.0,2.0,21.0,0.84,0.0,89.0,3.0,0.0,9.0,1.0,3.24,0.0,1.0,0.0,0.0,0.8,0.0,2.0,1.0,0.61,0.39,2
104,16,0.0,0.0,1.0,1.0,0.0,5.0,1.0,1.0,4.0,2.0,21.0,0.84,0.0,89.0,3.0,0.0,25.0,1.0,41.6,0.0,1.0,0.0,0.0,1.0,0.0,2.0,1.0,0.66,0.34,2
104,17,0.0,0.0,1.0,1.0,0.0,5.0,1.0,1.0,4.0,2.0,21.0,0.84,0.0,89.0,3.0,0.0,25.0,1.0,3.24,0.0,1.0,0.0,0.0,1.1,0.0,2.0,1.0,0.65,0.35,1
104,18,0.0,0.0,1.0,1.0,0.0,5.0,1.0,1.0,4.0,2.0,14.0,0.84,0.0,89.0,3.0,0.0,25.0,1.0,3.24,0.0,1.0,0.0,0.0,0.9,0.0,2.0,1.0,0.74,0.26,2
147,0,0.0,0.0,1.0,1.0,0.0,2.0,2.0,1.0,7.0,12.0,20.0,7.15,0.0,83.0,1.0,3.0,4.0,2.0,4.37037037037037,0.0,0.0,0.0,10.0,0.9,0.0,3.0,1.0,0.53,0.47,2
147,1,0.0,0.0,1.0,1.0,0.0,2.0,2.0,1.0,7.0,12.0,20.0,0.25,0.0,83.0,1.0,3.0,27.0,2.0,40.6,0.0,0.0,0.0,1.0,0.9,0.0,3.0,1.0,0.55,0.45,2
147,2,0.0,0.0,1.0,1.0,0.0,2.0,2.0,1.0,7.0,12.0,20.0,0.25,0.0,83.0,1.0,3.0,27.0,2.0,4.37037037037037,0.0,0.0,0.0,5.0,1.0,0.0,3.0,1.0,0.73,0.27,2
147,3,0.0,0.0,1.0,1.0,0.0,2.0,2.0,1.0,7.0,12.0,20.0,6.13,0.0,83.0,1.0,3.0,6.0,2.0,4.37037037037037,0.0,0.0,0.0,10.0,0.9,0.0,3.0,1.0,0.51,0.49,2
147,4,0.0,0.0,1.0,1.0,0.0,2.0,2.0,1.0,7.0,12.0,20.0,0.25,0.0,83.0,1.0,3.0,27.0,2.0,44.2,0.0,0.0,0.0,10.0,1.0,0.0,3.0,1.0,0.56,0.44,2
147,5,0.0,0.0,1.0,1.0,0.0,2.0,2.0,1.0,7.0,12.0,20.0,0.25,0.0,83.0,1.0,3.0,43.0,2.0,4.37037037037037,0.0,0.0,0.0,10.0,1.1,0.0,3.0,1.0,0.55,0.45,2
147,6,0.0,0.0,1.0,1.0,0.0,2.0,2.0,1.0,7.0,12.0,20.0,0.25,0.0,83.0,1.0,3.0,27.0,2.0,34.6,0.0,0.0,0.0,4.0,0.9,0.0,3.0,1.0,0.53,0.47,2
147,7,0.0,0.0,1.0,1.0,0.0,2.0,2.0,1.0,7.0,12.0,20.0,0.25,0.0,83.0,1.0,3.0,27.0,2.0,49.1,0.0,0.0,0.0,10.0,1.1,0.0,3.0,1.0,0.56,0.44,2
147,8,0.0,0.0,1.0,1.0,0.0,2.0,2.0,1.0,7.0,12.0,20.0,0.25,0.0,83.0,1.0,3.0,0.0,2.0,4.37037037037037,0.0,0.0,0.0,10.0,1.1,0.0,3.0,1.0,0.63,0.37,2
147,9,0.0,0.0,1.0,1.0,0.0,2.0,2.0,1.0,7.0,12.0,20.0,9.65,0.0,83.0,1.0,3.0,27.0,2.0,4.37037037037037,0.0,0.0,0.0,3.0,0.9,0.0,3.0,1.0,0.53,0.47,2
147,10,0.0,0.0,1.0,1.0,0.0,2.0,2.0,1.0,7.0,12.0,20.0,12.91,0.0,83.0,1.0,3.0,27.0,2.0,4.37037037037037,0.0,0.0,0.0,10.0,1.1,0.0,3.0,1.0,0.55,0.45,2
147,11,0.0,0.0,1.0,1.0,0.0,2.0,2.0,1.0,7.0,12.0,20.0,7.91,0.0,83.0,1.0,3.0,27.0,2.0,4.37037037037037,0.0,0.0,0.0,4.0,0.9,0.0,3.0,1.0,0.55,0.45,2
147,12,0.0,0.0,1.0,1.0,0.0,2.0,2.0,1.0,7.0,12.0,20.0,12.52,0.0,83.0,1.0,3.0,27.0,2.0,4.37037037037037,0.0,0.0,0.0,4.0,0.9,0.0,3.0,1.0,0.55,0.45,2
147,13,0.0,0.0,1.0,1.0,0.0,2.0,2.0,1.0,7.0,12.0,20.0,7.38,0.0,83.0,1.0,3.0,14.0,2.0,4.37037037037037,0.0,0.0,0.0,10.0,0.9,0.0,3.0,1.0,0.51,0.49,2
147,14,0.0,0.0,1.0,1.0,0.0,2.0,2.0,1.0,7.0,12.0,20.0,11.51,0.0,83.0,1.0,3.0,27.0,2.0,4.37037037037037,0.0,0.0,0.0,3.0,0.9,0.0,3.0,1.0,0.53,0.47,2
147,15,0.0,0.0,1.0,1.0,0.0,2.0,2.0,1.0,7.0,12.0,20.0,0.25,0.0,83.0,1.0,3.0,27.0,2.0,50.3,0.0,0.0,0.0,10.0,1.1,0.0,3.0,1.0,0.56,0.44,2
147,16,0.0,0.0,1.0,1.0,0.0,2.0,2.0,1.0,7.0,12.0,20.0,0.25,0.0,83.0,1.0,3.0,27.0,2.0,4.37037037037037,0.0,0.0,0.0,17.0,1.0,0.0,3.0,1.0,0.57,0.43,2
147,17,0.0,0.0,1.0,1.0,0.0,2.0,2.0,1.0,7.0,12.0,20.0,10.64,0.0,83.0,1.0,3.0,27.0,2.0,4.37037037037037,0.0,0.0,0.0,10.0,1.0,0.0,3.0,1.0,0.55,0.45,2
147,18,0.0,0.0,1.0,1.0,0.0,2.0,2.0,1.0,7.0,12.0,20.0,12.09,0.0,83.0,1.0,3.0,27.0,2.0,4.37037037037037,0.0,0.0,0.0,10.0,1.0,0.0,3.0,1.0,0.55,0.45,2
148,0,1.0,0.0,1.0,1.0,1.0,0.0,1.0,1.0,1.0,7.0,21.0,11.64,0.0,85.0,1.0,2.0,13.0,2.0,2.95652173913043,0.0,0.0,0.0,1.0,0.8,0.0,3.0,1.0,0.54,0.46,2
148,1,1.0,0.0,1.0,1.0,1.0,0.0,1.0,1.0,1.0,7.0,2.0,0.11,0.0,85.0,1.0,2.0,13.0,2.0,2.95652173913043,0.0,0.0,0.0,5.0,0.9,0.0,3.0,1.0,0.55,0.45,2
148,2,1.0,0.0,1.0,1.0,1.0,0.0,1.0,1.0,1.0,7.0,21.0,6.97,0.0,85.0,1.0,2.0,13.0,2.0,2.95652173913043,0.0,0.0,0.0,3.0,0.8,0.0,3.0,1.0,0.56,0.44,2
148,3,1.0,0.0,1.0,1.0,1.0,0.0,1.0,1.0,1.0,7.0,21.0,9.02,0.0,85.0,1.0,2.0,13.0,2.0,2.95652173913043,0.0,0.0,0.0,5.0,0.9,0.0,3.0,1.0,0.55,0.45,2
148,4,1.0,0.0,1.0,1.0,1.0,0.0,1.0,1.0,1.0,7.0,21.0,10.0,0.0,85.0,1.0,2.0,13.0,2.0,2.95652173913043,0.0,0.0,0.0,5.0,0.9,0.0,3.0,1.0,0.55,0.45,2
148,5,1.0,0.0,1.0,1.0,1.0,0.0,1.0,1.0,1.0,7.0,21.0,0.11,0.0,85.0,1.0,2.0,5.0,2.0,2.95652173913043,0.0,0.0,0.0,5.0,1.1,0.0,3.0,1.0,0.67,0.33,2
148,6,1.0,0.0,1.0,1.0,1.0,0.0,1.0,1.0,1.0,7.0,7.0,12.45,0.0,85.0,1.0,2.0,13.0,2.0,2.95652173913043,0.0,0.0,0.0,5.0,0.8,0.0,3.0,1.0,0.53,0.47,2
148,7,1.0,0.0,1.0,1.0,1.0,0.0,1.0,1.0,1.0,7.0,21.0,12.54,0.0,85.0,1.0,2.0,13.0,2.0,2.95652173913043,0.0,0.0,0.0,3.0,0.8,0.0,3.0,1.0,0.56,0.44,2
148,8,1.0,0.0,1.0,1.0,1.0,0.0,1.0,1.0,1.0,7.0,21.0,2.95,0.0,85.0,1.0,2.0,13.0,2.0,2.95652173913043,0.0,0.0,0.0,1.0,0.8,0.0,3.0,1.0,0.54,0.46,2
148,9,1.0,0.0,1.0,1.0,1.0,0.0,1.0,1.0,1.0,7.0,21.0,0.11,0.0,85.0,1.0,2.0,21.0,2.0,2.95652173913043,0.0,0.0,0.0,5.0,1.1,0.0,3.0,1.0,0.65,0.35,2
148,10,1.0,0.0,1.0,1.0,1.0,0.0,1.0,1.0,1.0,7.0,116.0,0.11,0.0,85.0,1.0,2.0,13.0,2.0,2.95652173913043,0.0,0.0,0.0,5.0,1.0,0.0,3.0,1.0,0.69,0.31,2
148,11,1.0,0.0,1.0,1.0,1.0,0.0,1.0,1.0,1.0,7.0,7.0,6.3,0.0,85.0,1.0,2.0,13.0,2.0,2.95652173913043,0.0,0.0,0.0,5.0,0.8,0.0,3.0,1.0,0.53,0.47,2
148,12,1.0,0.0,1.0,1.0,1.0,0.0,1.0,1.0,1.0,7.0,21.0,10.77,0.0,85.0,1.0,2.0,13.0,2.0,2.95652173913043,0.0,0.0,0.0,5.0,1.0,0.0,3.0,1.0,0.75,0.25,2
148,13,1.0,0.0,1.0,1.0,1.0,0.0,1.0,1.0,1.0,7.0,21.0,1.38,0.0,85.0,1.0,2.0,13.0,2.0,2.95652173913043,0.0,0.0,0.0,1.0,0.8,0.0,3.0,1.0,0.53,0.47,2
148,14,1.0,0.0,1.0,1.0,1.0,0.0,1.0,1.0,1.0,7.0,21.0,0.92,0.0,85.0,1.0,2.0,3.0,2.0,2.95652173913043,0.0,0.0,0.0,5.0,0.8,0.0,3.0,1.0,0.51,0.49,2
148,15,1.0,0.0,1.0,1.0,1.0,0.0,1.0,1.0,1.0,7.0,21.0,0.11,0.0,85.0,1.0,2.0,13.0,2.0,2.95652173913043,0.0,0.0,0.0,5.0,1.0,0.0,3.0,1.0,0.7,0.3,1
148,16,1.0,0.0,1.0,1.0,1.0,0.0,1.0,1.0,1.0,7.0,21.0,8.94,0.0,85.0,1.0,2.0,13.0,2.0,2.95652173913043,0.0,0.0,0.0,5.0,0.9,0.0,3.0,1.0,0.55,0.45,2
148,17,1.0,0.0,1.0,1.0,1.0,0.0,1.0,1.0,1.0,7.0,21.0,9.19,0.0,85.0,1.0,2.0,13.0,2.0,2.95652173913043,0.0,0.0,0.0,5.0,0.9,0.0,3.0,1.0,0.55,0.45,2
148,18,1.0,0.0,1.0,1.0,1.0,0.0,1.0,1.0,1.0,7.0,21.0,12.09,0.0,85.0,1.0,2.0,13.0,2.0,2.95652173913043,0.0,0.0,0.0,5.0,1.0,0.0,3.0,1.0,0.75,0.25,2
148,19,1.0,0.0,1.0,1.0,1.0,0.0,1.0,1.0,1.0,7.0,21.0,0.11,0.0,85.0,1.0,2.0,43.0,2.0,2.95652173913043,0.0,0.0,0.0,5.0,1.0,0.0,3.0,1.0,0.64,0.36,2
149,0,0.0,0.0,1.0,1.0,0.0,1.0,1.0,1.0,1.0,16.0,26.0,0.47,0.0,30.0,1.0,2.0,12.0,4.0,2.74074074074074,1.0,1.0,0.0,13.0,0.846153846153846,0.0,2.0,0.0,0.51,0.49,2
149,1,0.0,0.0,1.0,1.0,0.0,1.0,1.0,1.0,1.0,16.0,26.0,0.47,0.0,21.0,1.0,2.0,12.0,2.0,2.74074074074074,1.0,1.0,0.0,4.0,0.846153846153846,0.0,2.0,0.0,0.7,0.3,2
149,2,0.0,0.0,1.0,1.0,0.0,1.0,1.0,1.0,1.0,16.0,26.0,0.47,0.0,92.0,1.0,2.0,12.0,2.0,2.74074074074074,1.0,1.0,0.0,9.0,1.1,0.0,2.0,0.0,0.59,0.41,2
149,3,0.0,0.0,1.0,1.0,0.0,1.0,1.0,1.0,1.0,16.0,26.0,0.47,0.0,70.0,1.0,2.0,12.0,2.0,2.74074074074074,1.0,1.0,0.0,5.0,0.846153846153846,0.0,2.0,0.0,0.64,0.36,2
149,4,0.0,0.0,1.0,1.0,0.0,1.0,1.0,1.0,1.0,16.0,26.0,0.47,0.0,36.0,1.0,2.0,12.0,2.0,2.74074074074074,1.0,1.0,0.0,13.0,0.846153846153846,0.0,2.0,0.0,0.51,0.49,1
149,5,0.0,0.0,1.0,1.0,0.0,1.0,1.0,1.0,1.0,16.0,26.0,0.47,0.0,92.0,1.0,2.0,12.0,2.0,2.74074074074074,1.0,1.0,0.0,2.0,0.846153846153846,0.0,2.0,0.0,0.64,0.36,1
149,6,0.0,0.0,1.0,1.0,0.0,1.0,1.0,1.0,1.0,16.0,26.0,0.47,0.0,92.0,1.0,2.0,12.0,0.0,2.74074074074074,1.0,1.0,0.0,10.0,0.846153846153846,0.0,2.0,0.0,0.51,0.49,2
149,7,0.0,0.0,1.0,1.0,0.0,1.0,1.0,1.0,1.0,16.0,26.0,0.47,0.0,92.0,1.0,2.0,12.0,2.0,2.74074074074074,1.0,1.0,0.0,3.0,0.8,0.0,2.0,0.0,0.56,0.44,2
149,8,0.0,0.0,1.0,1.0,0.0,1.0,1.0,1.0,1.0,16.0,26.0,0.47,0.0,92.0,1.0,2.0,71.0,2.0,2.74074074074074,1.0,1.0,0.0,5.0,0.846153846153846,0.0,2.0,0.0,0.58,0.42,2
149,9,0.0,0.0,1.0,1.0,0.0,1.0,1.0,1.0,1.0,16.0,26.0,0.47,0.0,92.0,1.0,2.0,12.0,3.0,2.74074074074074,1.0,1.0,0.0,13.0,1.0,0.0,2.0,0.0,0.55,0.45,2
149,10,0.0,0.0,1.0,1.0,0.0,1.0,1.0,1.0,1.0,16.0,26.0,0.47,0.0,91.0,1.0,2.0,12.0,2.0,2.74074074074074,1.0,1.0,0.0,13.0,1.0,0.0,2.0,0.0,0.59,0.41,2
149,11,0.0,0.0,1.0,1.0,0.0,1.0,1.0,1.0,1.0,16.0,26.0,0.47,0.0,74.0,1.0,2.0,12.0,2.0,2.74074074074074,1.0,1.0,0.0,13.0,0.9,0.0,2.0,0.0,0.51,0.49,2
149,12,0.0,0.0,1.0,1.0,0.0,1.0,1.0,1.0,1.0,16.0,26.0,0.47,0.0,92.0,1.0,2.0,0.0,2.0,2.74074074074074,1.0,1.0,0.0,13.0,0.846153846153846,0.0,2.0,0.0,0.51,0.49,1
149,13,0.0,0.0,1.0,1.0,0.0,1.0,1.0,1.0,1.0,16.0,26.0,0.47,0.0,92.0,1.0,2.0,12.0,2.0,2.74074074074074,1.0,1.0,0.0,19.0,1.0,0.0,2.0,0.0,0.59,0.41,2
149,14,0.0,0.0,1.0,1.0,0.0,1.0,1.0,1.0,1.0,16.0,26.0,0.47,0.0,92.0,1.0,2.0,12.0,2.0,2.74074074074074,1.0,1.0,0.0,10.0,1.0,0.0,2.0,0.0,0.59,0.41,2
149,15,0.0,0.0,1.0,1.0,0.0,1.0,1.0,1.0,1.0,16.0,26.0,0.47,0.0,87.0,1.0,2.0,12.0,2.0,2.74074074074074,1.0,1.0,0.0,13.0,1.0,0.0,2.0,0.0,0.58,0.42,2
154,0,0.0,0.0,2.0,2.0,0.0,1.0,3.0,1.0,6.0,11.0,21.0,0.22,0.0,87.0,2.0,0.0,13.0,2.0,3.22222222222222,0.0,1.0,0.0,12.0,1.0,0.0,2.0,0.0,0.54,0.46,2
154,1,0.0,0.0,2.0,2.0,0.0,1.0,3.0,1.0,6.0,11.0,21.0,0.22,0.0,87.0,2.0,0.0,47.0,2.0,3.22222222222222,0.0,1.0,0.0,6.0,1.1,0.0,2.0,0.0,0.53,0.47,2
154,2,0.0,0.0,2.0,2.0,0.0,1.0,3.0,1.0,6.0,11.0,21.0,0.22,0.0,87.0,2.0,0.0,0.0,2.0,3.22222222222222,0.0,1.0,0.0,6.0,1.1,0.0,2.0,0.0,0.71,0.29,2
154,3,0.0,0.0,2.0,2.0,0.0,1.0,3.0,1.0,6.0,11.0,21.0,0.22,0.0,87.0,2.0,0.0,22.0,2.0,3.22222222222222,0.0,1.0,0.0,6.0,1.0,0.0,2.0,0.0,0.54,0.46,2
154,4,0.0,0.0,2.0,2.0,0.0,1.0,3.0,1.0,6.0,11.0,21.0,0.22,0.0,7.0,2.0,0.0,13.0,2.0,3.22222222222222,0.0,1.0,0.0,6.0,1.1,0.0,2.0,0.0,0.63,0.37,2
154,5,0.0,0.0,2.0,2.0,0.0,1.0,3.0,1.0,6.0,11.0,21.0,0.22,0.0,96.0,2.0,0.0,13.0,2.0,3.22222222222222,0.0,1.0,0.0,6.0,1.1,0.0,2.0,0.0,0.64,0.36,2
154,6,0.0,0.0,2.0,2.0,0.0,1.0,3.0,1.0,6.0,11.0,21.0,0.22,0.0,87.0,2.0,0.0,13.0,2.0,3.22222222222222,0.0,1.0,0.0,9.0,1.0,0.0,2.0,0.0,0.54,0.46,2
154,7,0.0,0.0,2.0,2.0,0.0,1.0,3.0,1.0,6.0,11.0,21.0,0.22,0.0,87.0,2.0,0.0,52.0,2.0,3.22222222222222,0.0,1.0,0.0,6.0,1.0,0.0,2.0,0.0,0.53,0.47,2
154,8,0.0,0.0,2.0,2.0,0.0,1.0,3.0,1.0,6.0,11.0,21.0,0.22,0.0,87.0,2.0,0.0,44.0,2.0,3.22222222222222,0.0,1.0,0.0,6.0,1.1,0.0,2.0,0.0,0.53,0.47,2
154,9,0.0,0.0,2.0,2.0,0.0,1.0,3.0,1.0,6.0,11.0,21.0,0.22,0.0,87.0,2.0,0.0,13.0,2.0,3.22222222222222,0.0,1.0,0.0,5.0,1.0,0.0,2.0,0.0,0.78,0.22,2
154,10,0.0,0.0,2.0,2.0,0.0,1.0,3.0,1.0,6.0,11.0,21.0,0.22,0.0,87.0,2.0,0.0,13.0,2.0,3.22222222222222,0.0,1.0,0.0,19.0,1.0,0.0,2.0,0.0,0.54,0.46,2
154,11,0.0,0.0,2.0,2.0,0.0,1.0,3.0,1.0,6.0,11.0,21.0,0.22,0.0,87.0,2.0,0.0,13.0,2.0,41.6,0.0,1.0,0.0,6.0,1.0,0.0,2.0,0.0,0.65,0.35,2
154,12,0.0,0.0,2.0,2.0,0.0,1.0,3.0,1.0,6.0,11.0,21.0,0.22,0.0,5.0,2.0,0.0,13.0,2.0,3.22222222222222,0.0,1.0,0.0,6.0,1.1,0.0,2.0,0.0,0.62,0.38,2
154,13,0.0,0.0,2.0,2.0,0.0,1.0,3.0,1.0,6.0,11.0,21.0,0.22,0.0,87.0,2.0,0.0,40.0,2.0,3.22222222222222,0.0,1.0,0.0,6.0,1.1,0.0,2.0,0.0,0.53,0.47,2
154,14,0.0,0.0,2.0,2.0,0.0,1.0,3.0,1.0,6.0,11.0,21.0,0.22,0.0,87.0,2.0,0.0,13.0,2.0,3.22222222222222,0.0,1.0,0.0,2.0,0.9,0.0,2.0,0.0,0.6,0.4,2
154,15,0.0,0.0,2.0,2.0,0.0,1.0,3.0,1.0,6.0,11.0,21.0,0.22,0.0,87.0,2.0,0.0,13.0,2.0,3.22222222222222,0.0,1.0,0.0,14.0,1.1,0.0,2.0,0.0,0.54,0.46,2
154,16,0.0,0.0,2.0,2.0,0.0,1.0,3.0,1.0,6.0,11.0,21.0,0.22,0.0,87.0,2.0,0.0,13.0,2.0,43.1,0.0,1.0,0.0,6.0,1.0,0.0,2.0,0.0,0.65,0.35,2
154,17,0.0,0.0,2.0,2.0,0.0,1.0,3.0,1.0,6.0,11.0,21.0,0.22,0.0,87.0,2.0,0.0,13.0,2.0,3.22222222222222,0.0,1.0,0.0,6.0,1.1,0.0,2.0,0.0,0.6,0.4,1
157,0,0.0,0.0,1.0,1.0,0.0,1.0,2.0,1.0,1.0,8.0,27.0,11.52,0.0,82.0,2.0,0.0,14.0,1.0,2.35714285714286,0.0,1.0,0.0,10.0,1.0,0.0,2.0,0.0,0.64,0.36,2
157,1,0.0,0.0,1.0,1.0,0.0,1.0,2.0,1.0,1.0,8.0,4.0,0.25,0.0,82.0,2.0,0.0,14.0,1.0,2.35714285714286,0.0,1.0,0.0,10.0,0.9,0.0,2.0,0.0,0.55,0.45,1
157,2,0.0,0.0,1.0,1.0,0.0,1.0,2.0,1.0,1.0,8.0,33.0,0.25,0.0,82.0,2.0,0.0,14.0,1.0,2.35714285714286,0.0,1.0,0.0,1.0,0.9,0.0,2.0,0.0,0.68,0.32,2
157,3,0.0,0.0,1.0,1.0,0.0,1.0,2.0,1.0,1.0,8.0,27.0,5.33,0.0,82.0,2.0,0.0,14.0,1.0,2.35714285714286,0.0,1.0,0.0,10.0,0.9,0.0,2.0,0.0,0.57,0.43,1
157,4,0.0,0.0,1.0,1.0,0.0,1.0,2.0,1.0,1.0,8.0,27.0,11.14,0.0,82.0,2.0,0.0,14.0,1.0,2.35714285714286,0.0,1.0,0.0,10.0,0.9,0.0,2.0,0.0,0.57,0.43,1
157,5,0.0,0.0,1.0,1.0,0.0,1.0,2.0,1.0,1.0,8.0,27.0,0.25,0.0,82.0,2.0,0.0,4.0,1.0,2.35714285714286,0.0,1.0,0.0,10.0,1.0,0.0,2.0,0.0,0.69,0.31,2
157,6,0.0,0.0,1.0,1.0,0.0,1.0,2.0,1.0,1.0,8.0,26.0,0.25,0.0,82.0,2.0,0.0,14.0,1.0,2.35714285714286,0.0,1.0,0.0,2.0,0.9,0.0,2.0,0.0,0.71,0.29,2
157,7,0.0,0.0,1.0,1.0,0.0,1.0,2.0,1.0,1.0,8.0,27.0,11.54,0.0,82.0,2.0,0.0,14.0,1.0,2.35714285714286,0.0,1.0,0.0,10.0,0.9,0.0,2.0,0.0,0.57,0.43,1
157,8,0.0,0.0,1.0,1.0,0.0,1.0,2.0,1.0,1.0,8.0,27.0,0.25,0.0,82.0,2.0,0.0,55.0,1.0,2.35714285714286,0.0,1.0,0.0,10.0,1.0,0.0,2.0,0.0,0.58,0.42,2
157,9,0.0,0.0,1.0,1.0,0.0,1.0,2.0,1.0,1.0,8.0,27.0,11.93,0.0,82.0,2.0,0.0,12.0,1.0,2.35714285714286,0.0,1.0,0.0,10.0,0.9,0.0,2.0,0.0,0.57,0.43,2
157,10,0.0,0.0,1.0,1.0,0.0,1.0,2.0,1.0,1.0,8.0,27.0,2.51,0.0,82.0,2.0,0.0,14.0,1.0,2.35714285714286,0.0,1.0,0.0,23.0,0.9,0.0,2.0,0.0,0.56,0.44,2
157,11,0.0,0.0,1.0,1.0,0.0,1.0,2.0,1.0,1.0,8.0,27.0,1.74,0.0,82.0,2.0,0.0,14.0,1.0,2.35714285714286,0.0,1.0,0.0,10.0,0.9,0.0,2.0,0.0,0.56,0.44,1
157,12,0.0,0.0,1.0,1.0,0.0,1.0,2.0,1.0,1.0,8.0,27.0,7.52,0.0,82.0,2.0,0.0,14.0,1.0,2.35714285714286,0.0,1.0,0.0,10.0,0.9,0.0,2.0,0.0,0.57,0.43,1
157,13,0.0,0.0,1.0,1.0,0.0,1.0,2.0,1.0,1.0,8.0,4.0,0.25,0.0,82.0,2.0,0.0,14.0,1.0,2.35714285714286,0.0,1.0,0.0,22.0,0.9,0.0,2.0,0.0,0.55,0.45,2
157,14,0.0,0.0,1.0,1.0,0.0,1.0,2.0,1.0,1.0,8.0,8.0,0.25,0.0,82.0,2.0,0.0,14.0,1.0,2.35714285714286,0.0,1.0,0.0,10.0,0.9,0.0,2.0,0.0,0.55,0.45,1
157,15,0.0,0.0,1.0,1.0,0.0,1.0,2.0,1.0,1.0,8.0,27.0,11.27,0.0,82.0,2.0,0.0,14.0,1.0,2.35714285714286,0.0,1.0,0.0,10.0,0.9,0.0,2.0,0.0,0.57,0.43,1
203,0,0.0,0.0,1.0,1.0,0.0,1.0,1.0,1.0,0.0,23.0,50.0,0.36,0.0,95.0,2.0,0.0,7.0,1.0,2.6,1.0,1.0,0.0,1.0,0.909090909090909,0.0,3.0,1.0,0.69,0.31,2
203,1,0.0,0.0,1.0,1.0,0.0,1.0,1.0,1.0,0.0,23.0,50.0,0.36,0.0,95.0,2.0,0.0,57.0,1.0,2.6,1.0,1.0,0.0,4.0,0.909090909090909,0.0,3.0,1.0,0.73,0.27,2
203,2,0.0,0.0,1.0,1.0,0.0,1.0,1.0,1.0,0.0,23.0,50.0,0.36,3.0,95.0,2.0,0.0,20.0,1.0,2.6,1.0,1.0,0.0,11.0,0.909090909090909,0.0,3.0,1.0,0.51,0.49,2
203,3,0.0,0.0,1.0,1.0,0.0,1.0,1.0,1.0,0.0,23.0,50.0,0.36,0.0,95.0,2.0,0.0,30.0,1.0,2.6,1.0,1.0,0.0,5.0,0.909090909090909,0.0,3.0,1.0,0.72,0.28,2
203,4,0.0,0.0,1.0,1.0,0.0,1.0,1.0,1.0,0.0,23.0,50.0,0.36,0.0,95.0,2.0,0.0,24.0,1.0,2.6,1.0,1.0,0.0,1.0,0.909090909090909,0.0,3.0,1.0,0.67,0.33,1
203,5,0.0,0.0,1.0,1.0,0.0,1.0,1.0,1.0,0.0,23.0,50.0,0.36,0.0,95.0,2.0,0.0,30.0,1.0,2.6,1.0,1.0,0.0,1.0,0.909090909090909,0.0,3.0,1.0,0.67,0.33,2
203,6,0.0,0.0,1.0,1.0,0.0,1.0,1.0,1.0,0.0,23.0,50.0,0.36,7.0,95.0,2.0,0.0,48.0,1.0,2.6,1.0,1.0,0.0,11.0,0.909090909090909,0.0,3.0,1.0,0.52,0.48,2
203,7,0.0,0.0,1.0,1.0,0.0,1.0,1.0,1.0,0.0,23.0,50.0,0.36,6.0,95.0,2.0,0.0,24.0,1.0,2.6,1.0,1.0,0.0,11.0,0.9,0.0,3.0,1.0,0.51,0.49,2
203,8,0.0,0.0,1.0,1.0,0.0,1.0,1.0,1.0,0.0,23.0,50.0,0.36,4.0,95.0,2.0,0.0,40.0,1.0,2.6,1.0,1.0,0.0,11.0,0.909090909090909,0.0,3.0,1.0,0.52,0.48,2
203,9,0.0,0.0,1.0,1.0,0.0,1.0,1.0,1.0,0.0,23.0,9.0,0.36,13.0,95.0,2.0,0.0,24.0,1.0,2.6,1.0,1.0,0.0,11.0,0.909090909090909,0.0,3.0,1.0,0.53,0.47,2
203,10,0.0,0.0,1.0,1.0,0.0,1.0,1.0,1.0,0.0,23.0,50.0,0.36,14.0,95.0,2.0,0.0,24.0,1.0,2.6,1.0,1.0,0.0,19.0,0.909090909090909,0.0,3.0,1.0,0.51,0.49,2
203,11,0.0,0.0,1.0,1.0,0.0,1.0,1.0,1.0,0.0,23.0,50.0,0.36,8.0,95.0,2.0,0.0,56.0,1.0,2.6,1.0,1.0,0.0,11.0,0.909090909090909,0.0,3.0,1.0,0.52,0.48,2
203,12,0.0,0.0,1.0,1.0,0.0,1.0,1.0,1.0,0.0,23.0,50.0,0.36,0.0,95.0,2.0,0.0,0.0,1.0,2.6,1.0,1.0,0.0,2.0,0.909090909090909,0.0,3.0,1.0,0.71,0.29,2
203,13,0.0,0.0,1.0,1.0,0.0,1.0,1.0,1.0,0.0,23.0,22.0,0.36,12.0,95.0,2.0,0.0,24.0,1.0,2.6,1.0,1.0,0.0,11.0,0.909090909090909,0.0,3.0,1.0,0.52,0.48,2
203,14,0.0,0.0,1.0,1.0,0.0,1.0,1.0,1.0,0.0,23.0,17.0,0.36,5.0,95.0,2.0,0.0,24.0,1.0,2.6,1.0,1.0,0.0,11.0,0.909090909090909,0.0,3.0,1.0,0.51,0.49,2
218,0,0.0,1.0,2.0,1.0,0.0,2.0,3.0,4.0,8.0,12.0,30.0,0.24,0.0,89.0,2.0,2.0,3.0,2.0,49.1,0.0,0.0,0.0,17.0,1.1,0.0,3.0,1.0,0.58,0.42,3
218,1,0.0,1.0,2.0,1.0,0.0,2.0,3.0,4.0,8.0,12.0,30.0,0.24,0.0,89.0,2.0,2.0,63.0,2.0,3.53846153846154,0.0,0.0,0.0,1.0,1.0,0.0,3.0,1.0,0.58,0.42,3
218,2,0.0,1.0,2.0,1.0,0.0,2.0,3.0,4.0,8.0,12.0,75.0,0.24,0.0,89.0,2.0,2.0,6.0,2.0,3.53846153846154,0.0,0.0,0.0,17.0,1.1,0.0,3.0,1.0,0.52,0.48,3
218,3,0.0,1.0,2.0,1.0,0.0,2.0,3.0,4.0,8.0,12.0,30.0,0.24,0.0,89.0,2.0,2.0,25.0,2.0,50.3,0.0,0.0,0.0,5.0,1.1,0.0,3.0,1.0,0.6,0.4,3
218,4,0.0,1.0,2.0,1.0,0.0,2.0,3.0,4.0,8.0,12.0,30.0,0.24,0.0,89.0,2.0,2.0,18.0,2.0,3.53846153846154,0.0,0.0,0.0,6.0,1.0,0.0,3.0,1.0,0.54,0.46,3
218,5,0.0,1.0,2.0,1.0,0.0,2.0,3.0,4.0,8.0,12.0,30.0,0.24,0.0,89.0,2.0,2.0,2.0,2.0,38.7,0.0,0.0,0.0,11.0,0.9,0.0,3.0,1.0,0.51,0.49,4
218,6,0.0,1.0,2.0,1.0,0.0,2.0,3.0,4.0,8.0,12.0,6.0,0.24,0.0,89.0,2.0,2.0,25.0,2.0,3.53846153846154,0.0,0.0,0.0,17.0,1.0,0.0,3.0,1.0,0.53,0.47,2
218,7,0.0,1.0,2.0,1.0,0.0,2.0,3.0,4.0,8.0,12.0,30.0,0.24,0.0,89.0,2.0,2.0,5.0,2.0,3.53846153846154,0.0,0.0,0.0,18.0,1.0,0.0,3.0,1.0,0.56,0.44,3
218,8,0.0,1.0,2.0,1.0,0.0,2.0,3.0,4.0,8.0,12.0,74.0,0.24,0.0,89.0,2.0,2.0,18.0,2.0,3.53846153846154,0.0,0.0,0.0,6.0,1.0,0.0,3.0,1.0,0.52,0.48,4
218,9,0.0,1.0,2.0,1.0,0.0,2.0,3.0,4.0,8.0,12.0,30.0,0.24,0.0,89.0,2.0,2.0,9.0,2.0,41.6,0.0,0.0,0.0,23.0,1.0,0.0,3.0,1.0,0.51,0.49,4
218,10,0.0,1.0,2.0,1.0,0.0,2.0,3.0,4.0,8.0,12.0,90.0,0.24,0.0,89.0,2.0,2.0,25.0,2.0,3.53846153846154,0.0,0.0,0.0,5.0,1.1,0.0,3.0,1.0,0.59,0.41,3
218,11,0.0,1.0,2.0,1.0,0.0,2.0,3.0,4.0,8.0,12.0,30.0,0.24,0.0,89.0,2.0,2.0,25.0,2.0,3.53846153846154,0.0,0.0,0.0,5.0,1.1,0.0,3.0,1.0,0.62,0.38,2
218,12,0.0,1.0,2.0,1.0,0.0,2.0,3.0,4.0,8.0,12.0,7.0,0.24,0.0,89.0,2.0,2.0,25.0,2.0,3.53846153846154,0.0,0.0,0.0,10.0,1.0,0.0,3.0,1.0,0.53,0.47,3
218,13,0.0,1.0,2.0,1.0,0.0,2.0,3.0,4.0,8.0,12.0,30.0,0.24,0.0,89.0,2.0,2.0,25.0,2.0,45.2,0.0,0.0,0.0,5.0,1.0,0.0,3.0,1.0,0.6,0.4,3
218,14,0.0,1.0,2.0,1.0,0.0,2.0,3.0,4.0,8.0,12.0,30.0,0.24,0.0,89.0,2.0,2.0,25.0,2.0,3.53846153846154,0.0,0.0,0.0,1.0,1.0,0.0,3.0,1.0,0.58,0.42,2
218,15,0.0,1.0,2.0,1.0,0.0,2.0,3.0,4.0,8.0,12.0,30.0,0.24,0.0,89.0,2.0,2.0,71.0,2.0,3.53846153846154,0.0,0.0,0.0,3.0,1.0,0.0,3.0,1.0,0.61,0.39,3
218,16,0.0,1.0,2.0,1.0,0.0,2.0,3.0,4.0,8.0,12.0,12.0,0.24,0.0,89.0,2.0,2.0,25.0,2.0,3.53846153846154,0.0,0.0,0.0,17.0,1.0,0.0,3.0,1.0,0.51,0.49,2
225,0,0.0,0.0,1.0,2.0,0.0,0.0,2.0,1.0,7.0,19.0,66.0,0.06,0.0,92.0,1.0,1.0,5.0,2.0,3.84931506849315,0.0,0.0,0.0,18.0,1.0,0.0,3.0,1.0,0.52,0.48,3
225,1,0.0,0.0,1.0,2.0,0.0,0.0,2.0,1.0,7.0,19.0,66.0,0.06,0.0,92.0,1.0,1.0,7.0,2.0,3.84931506849315,0.0,0.0,0.0,5.0,1.0,0.0,3.0,1.0,0.68,0.32,3
225,2,0.0,0.0,1.0,2.0,0.0,0.0,2.0,1.0,7.0,19.0,66.0,0.06,0.0,92.0,1.0,1.0,43.0,2.0,3.84931506849315,0.0,0.0,0.0,5.0,1.0,0.0,3.0,1.0,0.57,0.43,2
225,3,0.0,0.0,1.0,2.0,0.0,0.0,2.0,1.0,7.0,19.0,66.0,11.39,0.0,92.0,1.0,1.0,71.0,2.0,3.84931506849315,0.0,0.0,0.0,3.0,1.0,0.0,3.0,1.0,0.57,0.43,4
225,4,0.0,0.0,1.0,2.0,0.0,0.0,2.0,1.0,7.0,19.0,66.0,11.51,0.0,92.0,1.0,1.0,43.0,2.0,3.84931506849315,0.0,0.0,0.0,3.0,1.0,0.0,3.0,1.0,0.57,0.43,3
225,5,0.0,0.0,1.0,2.0,0.0,0.0,2.0,1.0,7.0,19.0,66.0,10.77,0.0,92.0,1.0,1.0,4.0,2.0,42.1,0.0,0.0,0.0,7.0,1.0,0.0,3.0,1.0,0.56,0.44,5
225,6,0.0,0.0,1.0,2.0,0.0,0.0,2.0,1.0,7.0,19.0,66.0,0.06,0.0,92.0,1.0,1.0,71.0,2.0,3.84931506849315,0.0,0.0,0.0,3.0,1.0,0.0,3.0,1.0,0.56,0.44,3
225,7,0.0,0.0,1.0,2.0,0.0,0.0,2.0,1.0,7.0,19.0,66.0,9.61,0.0,92.0,1.0,1.0,43.0,2.0,37.6,0.0,0.0,0.0,1.0,0.9,0.0,3.0,1.0,0.52,0.48,4
225,8,0.0,0.0,1.0,2.0,0.0,0.0,2.0,1.0,7.0,19.0,66.0,0.06,0.0,92.0,1.0,1.0,43.0,2.0,3.84931506849315,0.0,0.0,0.0,5.0,1.1,0.0,3.0,1.0,0.57,0.43,2
225,9,0.0,0.0,1.0,2.0,0.0,0.0,2.0,1.0,7.0,19.0,66.0,9.81,0.0,92.0,1.0,1.0,43.0,2.0,38.4,0.0,0.0,0.0,2.0,0.9,0.0,3.0,1.0,0.51,0.49,4
225,10,0.0,0.0,1.0,2.0,0.0,0.0,2.0,1.0,7.0,19.0,66.0,11.14,0.0,92.0,1.0,1.0,43.0,2.0,43.6,0.0,0.0,0.0,1.0,1.0,0.0,3.0,1.0,0.6,0.4,4
225,11,0.0,0.0,1.0,2.0,0.0,0.0,2.0,1.0,7.0,19.0,66.0,12.45,0.0,92.0,1.0,1.0,43.0,2.0,48.7,0.0,0.0,0.0,4.0,1.1,0.0,3.0,1.0,0.6,0.4,4
225,12,0.0,0.0,1.0,2.0,0.0,0.0,2.0,1.0,7.0,19.0,66.0,0.06,0.0,92.0,1.0,1.0,43.0,2.0,3.84931506849315,0.0,0.0,0.0,1.0,1.0,0.0,3.0,1.0,0.55,0.45,2
225,13,0.0,0.0,1.0,2.0,0.0,0.0,2.0,1.0,7.0,19.0,66.0,11.51,0.0,92.0,1.0,1.0,43.0,2.0,45.0,0.0,0.0,0.0,3.0,1.0,0.0,3.0,1.0,0.59,0.41,4
225,14,0.0,0.0,1.0,2.0,0.0,0.0,2.0,1.0,7.0,19.0,66.0,11.55,0.0,92.0,1.0,1.0,43.0,2.0,3.84931506849315,0.0,0.0,0.0,5.0,1.0,0.0,3.0,1.0,0.57,0.43,3
225,15,0.0,0.0,1.0,2.0,0.0,0.0,2.0,1.0,7.0,19.0,66.0,0.06,0.0,92.0,1.0,1.0,4.0,2.0,42.1,0.0,0.0,0.0,10.0,1.0,0.0,3.0,1.0,0.52,0.48,3
225,16,0.0,0.0,1.0,2.0,0.0,0.0,2.0,1.0,7.0,19.0,66.0,12.21,0.0,92.0,1.0,1.0,38.0,2.0,3.84931506849315,0.0,0.0,0.0,1.0,1.0,0.0,3.0,1.0,0.59,0.41,4
230,0,1.0,1.0,1.0,1.0,0.0,1.0,2.0,6.0,3.0,11.0,37.0,0.18,1.0,88.0,2.0,1.0,45.0,2.0,3.02380952380952,0.0,0.0,0.0,5.0,1.0,0.0,3.0,2.0,0.55,0.45,2
230,1,1.0,1.0,1.0,1.0,0.0,1.0,2.0,6.0,3.0,11.0,37.0,0.18,1.0,88.0,2.0,1.0,0.0,2.0,3.02380952380952,0.0,0.0,0.0,18.0,1.1,0.0,3.0,2.0,0.52,0.48,2
230,2,1.0,1.0,1.0,1.0,0.0,1.0,2.0,6.0,3.0,11.0,55.0,0.18,1.0,88.0,2.0,1.0,71.0,2.0,3.02380952380952,0.0,0.0,0.0,3.0,1.0,0.0,3.0,2.0,0.57,0.43,4
230,3,1.0,1.0,1.0,1.0,0.0,1.0,5.0,6.0,3.0,11.0,23.0,0.18,1.0,88.0,2.0,1.0,4.0,2.0,3.02380952380952,0.0,0.0,0.0,7.0,1.0,0.0,3.0,2.0,0.51,0.49,5
230,4,1.0,1.0,1.0,1.0,0.0,1.0,2.0,6.0,3.0,11.0,94.0,0.18,1.0,88.0,2.0,1.0,0.0,2.0,3.02380952380952,0.0,0.0,0.0,18.0,1.1,0.0,3.0,2.0,0.53,0.47,3
230,5,1.0,1.0,1.0,1.0,0.0,1.0,2.0,6.0,3.0,11.0,37.0,0.18,1.0,88.0,2.0,1.0,71.0,2.0,3.02380952380952,0.0,0.0,0.0,3.0,1.0,0.0,3.0,2.0,0.58,0.42,3
230,6,1.0,1.0,1.0,1.0,0.0,1.0,2.0,6.0,3.0,11.0,37.0,0.18,1.0,88.0,2.0,1.0,45.0,2.0,3.02380952380952,0.0,0.0,0.0,5.0,1.1,0.0,3.0,2.0,0.55,0.45,2
230,7,1.0,1.0,1.0,1.0,0.0,1.0,7.0,6.0,3.0,11.0,15.0,0.18,1.0,88.0,2.0,1.0,45.0,2.0,3.02380952380952,0.0,0.0,0.0,2.0,0.9,0.0,3.0,2.0,0.52,0.48,4
230,8,1.0,1.0,1.0,1.0,0.0,1.0,2.0,6.0,3.0,11.0,15.0,0.18,1.0,88.0,2.0,1.0,45.0,2.0,3.02380952380952,0.0,0.0,0.0,2.0,0.9,0.0,3.0,2.0,0.59,0.41,3
230,9,1.0,1.0,1.0,1.0,0.0,1.0,2.0,6.0,3.0,11.0,37.0,0.18,1.0,88.0,2.0,1.0,45.0,2.0,3.02380952380952,0.0,0.0,0.0,1.0,1.0,0.0,3.0,2.0,0.55,0.45,2
230,10,1.0,1.0,1.0,1.0,0.0,1.0,2.0,6.0,3.0,11.0,37.0,0.18,1.0,88.0,2.0,1.0,7.0,2.0,3.02380952380952,0.0,0.0,0.0,5.0,1.0,0.0,3.0,2.0,0.57,0.43,3
230,11,1.0,1.0,1.0,1.0,0.0,1.0,2.0,6.0,3.0,11.0,71.0,0.18,1.0,88.0,2.0,1.0,45.0,2.0,3.02380952380952,0.0,0.0,0.0,5.0,1.0,0.0,3.0,2.0,0.53,0.47,3
230,12,1.0,1.0,1.0,1.0,0.0,1.0,2.0,6.0,3.0,11.0,20.0,0.18,1.0,88.0,2.0,1.0,45.0,2.0,3.02380952380952,0.0,0.0,0.0,3.0,1.0,0.0,3.0,2.0,0.6,0.4,3
230,13,1.0,1.0,1.0,1.0,0.0,1.0,2.0,6.0,3.0,11.0,69.0,0.18,1.0,88.0,2.0,1.0,38.0,2.0,3.02380952380952,0.0,0.0,0.0,1.0,1.0,0.0,3.0,2.0,0.52,0.48,4
230,14,1.0,1.0,1.0,1.0,0.0,1.0,5.0,6.0,3.0,11.0,121.0,0.18,1.0,88.0,2.0,1.0,1.0,2.0,3.02380952380952,0.0,0.0,0.0,18.0,1.0,0.0,3.0,2.0,0.52,0.48,4
230,15,1.0,1.0,1.0,1.0,0.0,1.0,5.0,6.0,3.0,11.0,120.0,0.18,1.0,88.0,2.0,1.0,45.0,2.0,3.02380952380952,0.0,0.0,0.0,4.0,1.1,0.0,3.0,2.0,0.52,0.48,4
230,16,1.0,1.0,1.0,1.0,0.0,1.0,1.0,6.0,3.0,11.0,5.0,0.18,1.0,88.0,2.0,1.0,45.0,2.0,3.02380952380952,0.0,0.0,0.0,3.0,1.0,0.0,3.0,2.0,0.64,0.36,4
230,17,1.0,1.0,1.0,1.0,0.0,1.0,2.0,6.0,3.0,11.0,37.0,0.18,1.0,88.0,2.0,1.0,63.0,2.0,3.02380952380952,0.0,0.0,0.0,1.0,1.0,0.0,3.0,2.0,0.55,0.45,3
359,0,1.0,0.0,2.0,1.0,18.0,1.0,2.0,7.0,7.0,1.0,29.0,0.19,0.0,100.0,2.0,5.0,6.0,2.0,2.42105263157895,0.0,0.0,0.0,0.0,1.0,0.0,2.0,2.0,0.51,0.49,2
359,1,2.0,0.0,2.0,1.0,18.0,1.0,2.0,7.0,7.0,1.0,123.0,0.19,0.0,100.0,2.0,5.0,6.0,2.0,2.42105263157895,0.0,0.0,0.0,0.0,1.0,0.0,2.0,2.0,0.51,0.49,2
359,2,2.0,0.0,2.0,1.0,18.0,1.0,2.0,7.0,7.0,1.0,71.0,0.19,0.0,100.0,2.0,5.0,6.0,2.0,2.42105263157895,0.0,0.0,0.0,0.0,1.0,0.0,2.0,2.0,0.51,0.49,2
359,3,5.0,0.0,2.0,1.0,18.0,1.0,2.0,7.0,7.0,1.0,29.0,0.19,0.0,100.0,2.0,5.0,6.0,2.0,2.42105263157895,0.0,0.0,0.0,0.0,1.0,0.0,2.0,2.0,0.51,0.49,2
359,4,2.0,0.0,2.0,1.0,18.0,1.0,2.0,7.0,7.0,1.0,64.0,0.19,0.0,100.0,2.0,5.0,6.0,2.0,2.42105263157895,0.0,0.0,0.0,0.0,1.1,0.0,2.0,2.0,0.51,0.49,2
359,5,2.0,0.0,2.0,1.0,18.0,1.0,2.0,7.0,7.0,1.0,15.0,0.19,0.0,100.0,2.0,5.0,6.0,2.0,2.42105263157895,0.0,0.0,0.0,0.0,1.0,0.0,2.0,2.0,0.57,0.43,2
359,6,2.0,0.0,2.0,1.0,18.0,1.0,2.0,7.0,7.0,1.0,87.0,0.19,0.0,100.0,2.0,5.0,6.0,2.0,2.42105263157895,0.0,0.0,0.0,0.0,1.0,0.0,2.0,2.0,0.51,0.49,2
359,7,2.0,0.0,2.0,1.0,18.0,1.0,2.0,7.0,7.0,1.0,77.0,0.19,0.0,100.0,2.0,5.0,6.0,2.0,2.42105263157895,0.0,0.0,0.0,0.0,1.0,0.0,2.0,2.0,0.51,0.49,2
359,8,2.0,0.0,2.0,1.0,18.0,1.0,2.0,7.0,7.0,1.0,116.0,0.19,0.0,100.0,2.0,5.0,6.0,2.0,2.42105263157895,0.0,0.0,0.0,0.0,1.0,0.0,2.0,2.0,0.51,0.49,2
359,9,2.0,0.0,2.0,1.0,18.0,1.0,2.0,7.0,7.0,1.0,90.0,0.19,0.0,100.0,2.0,5.0,6.0,2.0,2.42105263157895,0.0,0.0,0.0,0.0,1.1,0.0,2.0,2.0,0.51,0.49,2
379,0,2.0,0.0,2.0,0.0,0.0,0.0,2.0,1.0,0.0,1.0,2.0,0.32,1.0,25.0,1.0,0.0,2.0,2.0,2.0,1.0,23.0,0.0,0.0,0.0,0.0,3.0,0.0,0.56,0.44,1
379,1,2.0,0.0,2.0,0.0,0.0,0.0,4.0,1.0,0.0,45.0,2.0,0.32,1.0,25.0,1.0,0.0,2.0,2.0,2.0,1.0,2.0,0.0,0.0,0.0,0.0,3.0,0.0,0.53,0.47,2
379,2,2.0,0.0,2.0,0.0,0.0,0.0,0.0,1.0,0.0,1.0,2.0,0.32,1.0,25.0,1.0,0.0,2.0,2.0,2.0,1.0,11.0,0.0,0.0,0.0,0.0,3.0,0.0,0.7,0.3,2
379,3,2.0,0.0,2.0,0.0,0.0,0.0,2.0,1.0,0.0,1.0,2.0,0.32,1.0,25.0,1.0,0.0,2.0,2.0,39.6,1.0,37.0,0.0,0.0,0.0,0.0,3.0,0.0,0.59,0.41,2
379,4,2.0,0.0,2.0,0.0,0.0,0.0,2.0,1.0,0.0,50.0,2.0,0.32,1.0,25.0,1.0,0.0,2.0,2.0,2.0,1.0,7.0,0.0,0.0,0.0,0.0,3.0,0.0,0.56,0.44,2
379,5,2.0,0.0,2.0,0.0,0.0,0.0,2.0,1.0,0.0,1.0,14.0,0.32,1.0,25.0,1.0,0.0,2.0,2.0,2.0,1.0,2.0,0.0,0.0,0.0,0.0,3.0,0.0,0.52,0.48,1
379,6,2.0,0.0,2.0,0.0,0.0,0.0,2.0,1.0,0.0,64.0,2.0,0.32,1.0,25.0,1.0,0.0,2.0,2.0,2.0,1.0,2.0,0.0,0.0,0.0,0.0,3.0,0.0,0.53,0.47,1
379,7,2.0,0.0,2.0,0.0,0.0,0.0,2.0,1.0,0.0,1.0,2.0,0.32,1.0,25.0,1.0,0.0,2.0,2.0,2.0,1.0,7.0,0.0,0.0,0.0,0.0,3.0,0.0,0.56,0.44,1
379,8,2.0,0.0,2.0,0.0,0.0,0.0,2.0,1.0,0.0,1.0,2.0,0.32,1.0,25.0,1.0,0.0,2.0,2.0,31.3,1.0,2.0,0.0,0.0,0.0,0.0,3.0,0.0,0.52,0.48,1
379,9,2.0,0.0,2.0,0.0,0.0,0.0,2.0,1.0,0.0,7.0,2.0,0.32,1.0,25.0,1.0,0.0,2.0,2.0,2.0,1.0,34.0,0.0,0.0,0.0,0.0,3.0,0.0,0.55,0.45,2
379,10,2.0,0.0,2.0,0.0,0.0,0.0,2.0,1.0,0.0,1.0,2.0,0.32,1.0,25.0,1.0,0.0,2.0,2.0,7.4,1.0,2.0,0.0,0.0,0.0,0.0,3.0,0.0,0.56,0.44,1
379,11,2.0,0.0,2.0,0.0,0.0,0.0,2.0,1.0,0.0,1.0,2.0,0.32,1.0,25.0,1.0,0.0,2.0,2.0,19.4,1.0,18.0,0.0,0.0,0.0,0.0,3.0,0.0,0.58,0.42,2
379,12,2.0,0.0,2.0,0.0,0.0,0.0,2.0,1.0,0.0,1.0,2.0,0.32,1.0,25.0,1.0,0.0,2.0,2.0,37.0,1.0,2.0,0.0,0.0,0.0,0.0,3.0,0.0,0.52,0.48,1
379,13,2.0,0.0,2.0,0.0,0.0,0.0,2.0,1.0,0.0,51.0,2.0,0.32,1.0,25.0,1.0,0.0,2.0,2.0,2.0,1.0,7.0,0.0,0.0,0.0,0.0,3.0,0.0,0.56,0.44,2
379,14,2.0,0.0,2.0,0.0,0.0,0.0,2.0,1.0,0.0,1.0,2.0,0.32,1.0,25.0,1.0,0.0,2.0,2.0,8.8,1.0,2.0,0.0,0.0,0.0,0.0,3.0,0.0,0.52,0.48,1
379,15,2.0,0.0,2.0,0.0,0.0,0.0,2.0,1.0,0.0,9.0,2.0,0.32,1.0,25.0,1.0,0.0,2.0,2.0,2.0,1.0,15.0,0.0,0.0,0.0,0.0,3.0,0.0,0.54,0.46,2
379,16,2.0,0.0,2.0,0.0,0.0,0.0,9.0,1.0,0.0,1.0,2.0,0.32,1.0,25.0,1.0,0.0,2.0,2.0,2.0,1.0,15.0,0.0,0.0,0.0,0.0,3.0,0.0,0.52,0.48,2
379,17,2.0,0.0,2.0,0.0,0.0,0.0,7.0,1.0,0.0,8.0,2.0,0.32,1.0,25.0,1.0,0.0,2.0,2.0,2.0,1.0,2.0,0.0,0.0,0.0,0.0,3.0,0.0,0.52,0.48,2
379,18,2.0,0.0,2.0,0.0,0.0,0.0,2.0,1.0,0.0,1.0,2.0,0.32,1.0,25.0,1.0,0.0,2.0,2.0,18.2,1.0,35.0,0.0,0.0,0.0,0.0,3.0,0.0,0.59,0.41,2
379,19,2.0,0.0,2.0,0.0,0.0,0.0,2.0,1.0,0.0,1.0,2.0,0.32,1.0,25.0,1.0,0.0,2.0,2.0,46.7,1.0,2.0,0.0,0.0,0.0,0.0,3.0,0.0,0.52,0.48,1
393,0,4.0,6.0,1.0,15.0,0.0,0.0,2.0,3.0,3.0,19.0,44.0,0.09,0.0,94.0,1.0,1.0,12.0,2.0,4.49122807017544,0.0,1.0,0.0,5.0,1.0,0.0,2.0,0.0,0.52,0.48,2
393,1,4.0,6.0,1.0,15.0,0.0,0.0,2.0,3.0,3.0,19.0,2.0,0.09,0.0,94.0,1.0,1.0,12.0,0.0,4.49122807017544,0.0,1.0,0.0,5.0,0.9,0.0,2.0,0.0,0.54,0.46,4
393,2,4.0,6.0,1.0,15.0,0.0,0.0,2.0,3.0,3.0,19.0,5.0,0.09,0.0,94.0,1.0,1.0,12.0,2.0,4.49122807017544,0.0,1.0,0.0,3.0,1.0,0.0,2.0,0.0,0.55,0.45,3
393,3,4.0,6.0,1.0,15.0,0.0,0.0,2.0,3.0,3.0,19.0,44.0,0.09,0.0,94.0,1.0,1.0,12.0,1.0,4.49122807017544,0.0,1.0,0.0,1.0,0.9,0.0,2.0,0.0,0.51,0.49,3
393,4,4.0,6.0,1.0,15.0,0.0,0.0,2.0,3.0,3.0,19.0,15.0,0.09,0.0,94.0,1.0,1.0,12.0,2.0,4.49122807017544,0.0,1.0,0.0,2.0,0.9,0.0,2.0,0.0,0.56,0.44,3
393,5,4.0,6.0,1.0,15.0,0.0,0.0,2.0,3.0,3.0,19.0,44.0,0.09,0.0,94.0,1.0,1.0,7.0,2.0,4.49122807017544,0.0,1.0,0.0,5.0,1.0,0.0,2.0,0.0,0.53,0.47,3
393,6,4.0,6.0,1.0,15.0,0.0,0.0,2.0,3.0,3.0,19.0,128.0,0.09,0.0,94.0,1.0,1.0,12.0,2.0,4.49122807017544,0.0,1.0,0.0,5.0,1.0,0.0,2.0,0.0,0.52,0.48,3
393,7,4.0,6.0,1.0,15.0,0.0,0.0,2.0,3.0,3.0,19.0,5.0,0.09,0.0,94.0,1.0,1.0,12.0,4.0,4.49122807017544,0.0,1.0,0.0,4.0,0.9,0.0,2.0,0.0,0.52,0.48,4
393,8,4.0,6.0,1.0,15.0,0.0,0.0,2.0,3.0,3.0,19.0,44.0,0.09,0.0,94.0,1.0,1.0,12.0,4.0,4.49122807017544,0.0,1.0,0.0,5.0,1.1,0.0,2.0,0.0,0.53,0.47,3
393,9,4.0,6.0,1.0,15.0,0.0,0.0,2.0,3.0,3.0,19.0,15.0,0.09,0.0,94.0,1.0,1.0,12.0,0.0,4.49122807017544,0.0,1.0,0.0,2.0,0.9,0.0,2.0,0.0,0.6,0.4,4
393,10,4.0,6.0,1.0,15.0,0.0,0.0,2.0,3.0,3.0,19.0,44.0,0.09,0.0,94.0,1.0,1.0,12.0,2.0,4.49122807017544,0.0,1.0,0.0,5.0,1.1,0.0,2.0,0.0,0.52,0.48,2
393,11,4.0,6.0,1.0,15.0,0.0,0.0,2.0,3.0,3.0,19.0,120.0,0.09,0.0,94.0,1.0,1.0,12.0,2.0,4.49122807017544,0.0,1.0,0.0,4.0,1.1,0.0,2.0,0.0,0.51,0.49,3
393,12,4.0,6.0,1.0,15.0,0.0,0.0,2.0,3.0,3.0,19.0,43.0,0.09,0.0,94.0,1.0,1.0,12.0,1.0,4.49122807017544,0.0,1.0,0.0,1.0,0.9,0.0,2.0,0.0,0.51,0.49,4
393,13,4.0,6.0,1.0,15.0,0.0,0.0,2.0,3.0,3.0,19.0,94.0,0.09,0.0,94.0,1.0,1.0,12.0,2.0,4.49122807017544,0.0,1.0,0.0,5.0,1.1,0.0,2.0,0.0,0.52,0.48,3
393,14,4.0,6.0,1.0,15.0,0.0,0.0,2.0,3.0,3.0,19.0,7.0,0.09,0.0,94.0,1.0,1.0,12.0,1.0,4.49122807017544,0.0,1.0,0.0,4.0,1.1,0.0,2.0,0.0,0.53,0.47,4
393,15,4.0,6.0,1.0,15.0,0.0,0.0,2.0,3.0,3.0,19.0,20.0,0.09,0.0,94.0,1.0,1.0,12.0,1.0,4.49122807017544,0.0,1.0,0.0,3.0,1.0,0.0,2.0,0.0,0.53,0.47,4
427,0,0.0,10.0,1.0,5.0,2.0,1.0,2.0,1.0,0.0,22.0,24.0,0.18,0.0,91.0,1.0,0.0,10.0,3.0,25.5,0.0,1.0,0.0,3.0,1.0,0.0,2.0,0.0,0.51,0.49,3
427,1,0.0,10.0,1.0,5.0,2.0,1.0,2.0,1.0,0.0,22.0,24.0,0.18,0.0,91.0,1.0,0.0,10.0,3.0,51.3,0.0,1.0,0.0,3.0,1.0,0.0,2.0,0.0,0.51,0.49,3
427,2,9.0,10.0,1.0,5.0,2.0,1.0,2.0,1.0,0.0,8.0,24.0,0.18,0.0,91.0,1.0,0.0,10.0,3.0,1.3,0.0,1.0,0.0,4.0,1.0,0.0,2.0,0.0,0.51,0.49,3
427,3,9.0,10.0,1.0,5.0,2.0,1.0,2.0,1.0,0.0,22.0,5.0,0.18,0.0,91.0,1.0,0.0,10.0,3.0,1.2,0.0,1.0,0.0,1.0,1.0,0.0,2.0,0.0,0.51,0.49,3
427,4,0.0,10.0,1.0,5.0,2.0,1.0,2.0,1.0,0.0,8.0,24.0,0.18,0.0,91.0,1.0,0.0,10.0,3.0,4.13953488372093,0.0,1.0,0.0,21.0,1.0,0.0,2.0,0.0,0.51,0.49,3
427,5,0.0,10.0,1.0,5.0,2.0,1.0,2.0,1.0,0.0,22.0,23.0,0.18,0.0,91.0,1.0,0.0,10.0,3.0,51.3,0.0,1.0,0.0,3.0,1.0,0.0,2.0,0.0,0.51,0.49,4
427,6,0.0,10.0,1.0,5.0,2.0,1.0,2.0,1.0,0.0,0.0,24.0,0.18,0.0,91.0,1.0,0.0,10.0,3.0,7.2,0.0,1.0,0.0,20.0,1.0,0.0,2.0,0.0,0.53,0.47,4
427,7,0.0,10.0,1.0,5.0,2.0,1.0,2.0,1.0,0.0,13.0,96.0,0.18,0.0,91.0,1.0,0.0,10.0,3.0,8.9,0.0,1.0,0.0,5.0,1.0,0.0,2.0,0.0,0.6,0.4,5
427,8,21.0,10.0,1.0,5.0,2.0,1.0,2.0,1.0,0.0,22.0,5.0,0.18,0.0,91.0,1.0,0.0,10.0,3.0,1.2,0.0,1.0,0.0,1.0,1.0,0.0,2.0,0.0,0.51,0.49,4
427,9,1.0,10.0,1.0,5.0,2.0,1.0,2.0,1.0,0.0,7.0,24.0,0.18,0.0,91.0,1.0,0.0,10.0,3.0,26.4,0.0,1.0,0.0,4.0,1.0,0.0,2.0,0.0,0.53,0.47,4
427,10,7.0,10.0,1.0,5.0,2.0,1.0,2.0,1.0,0.0,3.0,14.0,0.18,0.0,91.0,1.0,0.0,10.0,3.0,19.4,0.0,1.0,0.0,4.0,1.0,0.0,2.0,0.0,0.54,0.46,5
427,11,1.0,10.0,1.0,5.0,2.0,1.0,2.0,1.0,0.0,1.0,24.0,0.18,0.0,91.0,1.0,0.0,10.0,3.0,15.2,0.0,1.0,0.0,2.0,1.0,0.0,2.0,0.0,0.52,0.48,4
427,12,0.0,10.0,1.0,5.0,2.0,1.0,2.0,1.0,0.0,31.0,24.0,0.18,0.0,91.0,1.0,0.0,10.0,3.0,25.5,0.0,1.0,0.0,3.0,1.0,0.0,2.0,0.0,0.51,0.49,4
427,13,0.0,10.0,1.0,5.0,2.0,1.0,2.0,1.0,0.0,22.0,17.0,0.18,0.0,91.0,1.0,0.0,10.0,3.0,38.2,0.0,1.0,0.0,21.0,1.0,0.0,2.0,0.0,0.51,0.49,4
431,0,0.0,10.0,1.0,2.0,0.0,2.0,1.0,1.0,0.0,12.0,16.0,0.6,0.0,83.0,1.0,0.0,3.0,1.0,5.78787878787879,1.0,1.0,0.0,0.0,0.0,0.0,2.0,0.0,0.66,0.34,2
431,1,0.0,10.0,1.0,2.0,0.0,2.0,1.0,1.0,0.0,56.0,23.0,0.6,0.0,83.0,1.0,0.0,3.0,1.0,5.78787878787879,1.0,1.0,0.0,0.0,0.0,0.0,2.0,0.0,0.59,0.41,2
431,2,0.0,12.0,1.0,2.0,0.0,2.0,1.0,1.0,0.0,12.0,23.0,0.6,0.0,83.0,1.0,0.0,3.0,0.0,5.78787878787879,1.0,1.0,0.0,0.0,0.0,0.0,2.0,0.0,0.6,0.4,2
431,3,0.0,0.0,1.0,2.0,0.0,2.0,1.0,1.0,0.0,12.0,23.0,0.6,0.0,83.0,1.0,0.0,3.0,2.0,5.78787878787879,1.0,1.0,0.0,0.0,0.0,0.0,2.0,0.0,0.56,0.44,2
431,4,0.0,10.0,1.0,2.0,0.0,2.0,1.0,1.0,0.0,0.0,23.0,0.6,0.0,83.0,1.0,0.0,3.0,3.0,5.78787878787879,1.0,1.0,0.0,0.0,0.0,0.0,2.0,0.0,0.61,0.39,1
431,5,0.0,10.0,1.0,2.0,0.0,2.0,1.0,1.0,0.0,3.0,23.0,0.6,0.0,83.0,1.0,0.0,54.0,3.0,5.78787878787879,1.0,1.0,0.0,0.0,0.0,0.0,2.0,0.0,0.53,0.47,2
431,6,0.0,10.0,1.0,2.0,0.0,2.0,1.0,1.0,0.0,19.0,1.0,0.6,0.0,83.0,1.0,0.0,3.0,3.0,5.78787878787879,1.0,1.0,0.0,0.0,0.0,0.0,2.0,0.0,0.58,0.42,2
431,7,0.0,10.0,1.0,2.0,0.0,2.0,1.0,1.0,0.0,12.0,9.0,0.6,0.0,83.0,1.0,0.0,12.0,3.0,5.78787878787879,1.0,1.0,0.0,0.0,0.0,0.0,2.0,0.0,0.56,0.44,2
431,8,0.0,5.0,1.0,2.0,0.0,2.0,1.0,1.0,0.0,12.0,5.0,0.6,0.0,83.0,1.0,0.0,3.0,3.0,5.78787878787879,1.0,1.0,0.0,0.0,0.0,0.0,2.0,0.0,0.61,0.39,2
431,9,0.0,9.0,1.0,2.0,0.0,2.0,1.0,1.0,0.0,10.0,23.0,0.6,0.0,83.0,1.0,0.0,3.0,3.0,5.78787878787879,1.0,1.0,0.0,0.0,0.0,0.0,2.0,0.0,0.53,0.47,2
431,10,0.0,10.0,1.0,2.0,0.0,2.0,1.0,1.0,0.0,12.0,23.0,0.6,0.0,83.0,1.0,0.0,29.0,1.0,5.78787878787879,1.0,1.0,0.0,0.0,0.0,0.0,2.0,0.0,0.52,0.48,2
431,11,0.0,10.0,1.0,2.0,0.0,2.0,1.0,1.0,0.0,6.0,23.0,0.6,0.0,83.0,1.0,0.0,53.0,3.0,5.78787878787879,1.0,1.0,0.0,0.0,0.0,0.0,2.0,0.0,0.54,0.46,2
431,12,0.0,10.0,1.0,2.0,0.0,2.0,1.0,1.0,0.0,12.0,10.0,0.6,0.0,83.0,1.0,0.0,3.0,3.0,5.78787878787879,1.0,1.0,0.0,0.0,0.0,0.0,2.0,0.0,0.59,0.41,1
431,13,0.0,10.0,1.0,2.0,0.0,2.0,1.0,1.0,0.0,12.0,23.0,0.6,0.0,83.0,1.0,0.0,1.0,6.0,5.78787878787879,1.0,1.0,0.0,0.0,0.0,0.0,2.0,0.0,0.51,0.49,2
431,14,0.0,10.0,1.0,2.0,0.0,2.0,1.0,1.0,0.0,12.0,5.0,0.6,0.0,83.0,1.0,0.0,3.0,8.0,5.78787878787879,1.0,1.0,0.0,0.0,0.0,0.0,2.0,0.0,0.59,0.41,2
431,15,0.0,10.0,1.0,2.0,0.0,2.0,1.0,1.0,0.0,12.0,5.0,0.6,0.0,83.0,1.0,0.0,3.0,3.0,5.78787878787879,1.0,1.0,0.0,0.0,0.0,0.0,2.0,0.0,0.59,0.41,1
431,16,0.0,10.0,1.0,2.0,0.0,2.0,1.0,1.0,0.0,12.0,28.0,0.6,0.0,83.0,1.0,0.0,3.0,1.0,5.78787878787879,1.0,1.0,0.0,0.0,0.0,0.0,2.0,0.0,0.57,0.43,2
431,17,0.0,10.0,1.0,2.0,0.0,2.0,1.0,1.0,0.0,16.0,23.0,0.6,0.0,83.0,1.0,0.0,3.0,2.0,5.78787878787879,1.0,1.0,0.0,0.0,0.0,0.0,2.0,0.0,0.51,0.49,2
431,18,0.0,10.0,1.0,2.0,0.0,2.0,1.0,1.0,0.0,12.0,0.0,0.6,0.0,83.0,1.0,0.0,3.0,3.0,5.78787878787879,1.0,1.0,0.0,0.0,0.0,0.0,2.0,0.0,0.6,0.4,1
431,19,0.0,2.0,1.0,2.0,0.0,2.0,1.0,1.0,0.0,12.0,20.0,0.6,0.0,83.0,1.0,0.0,3.0,3.0,5.78787878787879,1.0,1.0,0.0,0.0,0.0,0.0,2.0,0.0,0.58,0.42,2
503,0,2.0,0.0,1.0,2.0,1.0,1.0,3.0,10.0,28.0,36.0,39.0,0.14,0.0,93.0,1.0,2.0,1.0,2.0,4.15942028985507,0.0,0.0,0.0,4.0,1.0,0.0,3.0,0.0,0.55,0.45,2
503,1,2.0,0.0,1.0,2.0,1.0,1.0,3.0,10.0,28.0,36.0,10.0,0.14,0.0,93.0,1.0,2.0,40.0,2.0,0.8,0.0,0.0,0.0,5.0,1.0,0.0,3.0,0.0,0.61,0.39,3
503,2,2.0,0.0,1.0,2.0,1.0,1.0,3.0,10.0,28.0,36.0,2.0,9.89,0.0,93.0,1.0,2.0,1.0,2.0,4.15942028985507,0.0,0.0,0.0,11.0,1.0,0.0,3.0,0.0,0.6,0.4,3
503,3,2.0,0.0,1.0,2.0,1.0,1.0,3.0,10.0,28.0,36.0,2.0,5.9,0.0,93.0,1.0,2.0,40.0,2.0,4.15942028985507,0.0,0.0,0.0,11.0,1.0,0.0,3.0,0.0,0.54,0.46,2
503,4,2.0,0.0,1.0,2.0,1.0,1.0,3.0,10.0,28.0,36.0,7.0,11.27,0.0,93.0,1.0,2.0,40.0,2.0,4.15942028985507,0.0,0.0,0.0,11.0,1.0,0.0,3.0,0.0,0.52,0.48,2
503,5,2.0,0.0,1.0,2.0,1.0,1.0,3.0,10.0,28.0,36.0,5.0,9.46,0.0,93.0,1.0,2.0,40.0,2.0,4.15942028985507,0.0,0.0,0.0,11.0,1.0,0.0,3.0,0.0,0.52,0.48,2
503,6,2.0,0.0,1.0,2.0,1.0,1.0,3.0,10.0,28.0,36.0,2.0,9.89,0.0,93.0,1.0,2.0,40.0,2.0,4.15942028985507,0.0,0.0,0.0,11.0,1.0,0.0,3.0,0.0,0.54,0.46,2
503,7,2.0,0.0,1.0,2.0,1.0,1.0,3.0,10.0,28.0,36.0,8.0,10.56,0.0,93.0,1.0,2.0,40.0,2.0,41.3,0.0,0.0,0.0,11.0,1.0,0.0,3.0,0.0,0.51,0.49,3
503,8,2.0,0.0,1.0,2.0,1.0,1.0,3.0,10.0,28.0,36.0,15.0,0.14,0.0,93.0,1.0,2.0,40.0,2.0,4.15942028985507,0.0,0.0,0.0,3.0,1.0,0.0,3.0,0.0,0.56,0.44,2
503,9,2.0,0.0,1.0,2.0,1.0,1.0,3.0,10.0,28.0,36.0,39.0,0.14,0.0,93.0,1.0,2.0,10.0,2.0,1.5,0.0,0.0,0.0,2.0,1.0,0.0,3.0,0.0,0.52,0.48,3
503,10,2.0,0.0,1.0,2.0,1.0,1.0,3.0,10.0,28.0,36.0,2.0,5.9,0.0,93.0,1.0,2.0,22.0,2.0,4.15942028985507,0.0,0.0,0.0,11.0,1.0,0.0,3.0,0.0,0.54,0.46,3
503,11,2.0,0.0,1.0,2.0,1.0,1.0,3.0,10.0,28.0,36.0,7.0,11.27,0.0,93.0,1.0,2.0,40.0,2.0,44.1,0.0,0.0,0.0,11.0,1.0,0.0,3.0,0.0,0.53,0.47,3
505,0,0.0,0.0,2.0,1.0,0.0,0.0,6.0,2.0,3.0,2.0,11.0,0.16,0.0,66.0,3.0,0.0,12.0,2.0,3.28571428571429,1.0,1.0,0.0,3.0,1.0,0.0,3.0,0.0,0.78,0.22,2
505,1,0.0,0.0,2.0,1.0,0.0,0.0,2.0,2.0,3.0,2.0,11.0,0.16,0.0,66.0,3.0,0.0,25.0,2.0,3.28571428571429,1.0,1.0,0.0,3.0,1.1,0.0,3.0,0.0,0.74,0.26,2
505,2,0.0,0.0,2.0,1.0,0.0,0.0,2.0,2.0,3.0,2.0,11.0,0.16,0.0,66.0,3.0,0.0,47.0,2.0,3.28571428571429,1.0,1.0,0.0,3.0,0.9,0.0,3.0,0.0,0.56,0.44,2
505,3,0.0,0.0,2.0,9.0,0.0,0.0,0.0,2.0,3.0,2.0,11.0,0.16,0.0,66.0,3.0,0.0,12.0,2.0,3.28571428571429,1.0,1.0,0.0,3.0,0.666666666666667,0.0,3.0,0.0,0.55,0.45,2
505,4,0.0,0.0,2.0,1.0,0.0,0.0,7.0,2.0,3.0,2.0,11.0,0.16,0.0,66.0,3.0,0.0,12.0,2.0,3.28571428571429,1.0,1.0,0.0,3.0,0.8,0.0,3.0,0.0,0.51,0.49,2
505,5,0.0,0.0,2.0,3.0,0.0,0.0,2.0,2.0,3.0,2.0,11.0,0.16,0.0,66.0,3.0,0.0,12.0,2.0,3.28571428571429,1.0,1.0,0.0,3.0,1.0,0.0,3.0,0.0,0.85,0.15,2
505,6,0.0,0.0,2.0,16.0,0.0,0.0,2.0,2.0,3.0,2.0,11.0,0.16,0.0,66.0,3.0,0.0,1.0,2.0,3.28571428571429,1.0,1.0,0.0,3.0,0.666666666666667,0.0,3.0,0.0,0.65,0.35,2
505,7,0.0,0.0,2.0,1.0,0.0,0.0,1.0,2.0,3.0,2.0,11.0,0.16,0.0,66.0,3.0,0.0,12.0,2.0,3.28571428571429,1.0,1.0,0.0,3.0,1.1,0.0,3.0,0.0,0.84,0.16,2
505,8,0.0,0.0,2.0,1.0,0.0,0.0,0.0,2.0,3.0,2.0,11.0,0.16,0.0,66.0,3.0,0.0,12.0,2.0,3.28571428571429,1.0,1.0,0.0,3.0,0.666666666666667,0.0,3.0,0.0,0.51,0.49,1
505,9,0.0,0.0,2.0,1.0,0.0,0.0,2.0,2.0,0.0,2.0,11.0,0.16,0.0,66.0,3.0,0.0,11.0,2.0,3.28571428571429,1.0,1.0,0.0,3.0,0.666666666666667,0.0,3.0,0.0,0.53,0.47,2
505,10,0.0,0.0,2.0,1.0,0.0,0.0,2.0,2.0,3.0,2.0,11.0,0.16,0.0,66.0,3.0,0.0,5.0,2.0,3.28571428571429,1.0,1.0,0.0,3.0,0.6,0.0,3.0,0.0,0.51,0.49,2
505,11,0.0,0.0,2.0,1.0,0.0,0.0,2.0,2.0,3.0,2.0,11.0,0.16,0.0,66.0,3.0,0.0,13.0,2.0,3.28571428571429,1.0,1.0,0.0,3.0,0.9,0.0,3.0,0.0,0.68,0.32,2
505,12,0.0,0.0,2.0,1.0,0.0,0.0,1.0,2.0,3.0,2.0,11.0,0.16,0.0,66.0,3.0,0.0,12.0,2.0,3.28571428571429,1.0,1.0,0.0,3.0,0.666666666666667,0.0,3.0,0.0,0.51,0.49,1
505,13,0.0,0.0,2.0,1.0,0.0,0.0,2.0,2.0,11.0,2.0,11.0,0.16,0.0,66.0,3.0,0.0,12.0,2.0,3.28571428571429,1.0,1.0,0.0,3.0,0.9,0.0,3.0,0.0,0.6,0.4,2
505,14,0.0,0.0,2.0,1.0,0.0,0.0,2.0,2.0,30.0,2.0,11.0,0.16,0.0,66.0,3.0,0.0,12.0,2.0,3.28571428571429,1.0,1.0,0.0,3.0,1.1,0.0,3.0,0.0,0.75,0.25,2
505,15,0.0,0.0,2.0,1.0,0.0,0.0,2.0,2.0,18.0,2.0,11.0,0.16,0.0,66.0,3.0,0.0,12.0,2.0,3.28571428571429,1.0,1.0,0.0,3.0,1.0,0.0,3.0,0.0,0.81,0.19,2
725,0,0.0,4.0,1.0,1.0,0.0,1.0,2.0,5.0,2.0,16.0,26.0,0.16,0.0,83.0,1.0,1.0,32.0,2.0,4.59375,0.0,0.0,0.0,1.0,0.875,0.0,2.0,0.0,0.55,0.45,2
725,1,0.0,4.0,1.0,1.0,0.0,1.0,2.0,5.0,2.0,16.0,26.0,8.55,0.0,83.0,1.0,1.0,21.0,2.0,4.59375,0.0,0.0,0.0,1.0,0.875,0.0,2.0,0.0,0.6,0.4,2
725,2,0.0,4.0,1.0,1.0,0.0,1.0,2.0,5.0,2.0,16.0,26.0,10.29,0.0,83.0,1.0,1.0,21.0,2.0,4.59375,0.0,0.0,0.0,1.0,0.875,0.0,2.0,0.0,0.6,0.4,2
725,3,0.0,4.0,1.0,1.0,0.0,1.0,2.0,5.0,2.0,16.0,26.0,0.16,0.0,83.0,1.0,1.0,0.0,2.0,4.59375,0.0,0.0,0.0,1.0,0.875,0.0,2.0,0.0,0.65,0.35,2
725,4,0.0,4.0,1.0,1.0,0.0,1.0,2.0,5.0,2.0,16.0,26.0,4.57,0.0,83.0,1.0,1.0,1.0,2.0,4.59375,0.0,0.0,0.0,8.0,0.875,0.0,2.0,0.0,0.51,0.49,2
725,5,0.0,4.0,1.0,1.0,0.0,1.0,2.0,5.0,2.0,16.0,26.0,8.47,0.0,83.0,1.0,1.0,21.0,2.0,4.59375,0.0,0.0,0.0,3.0,0.875,0.0,2.0,0.0,0.57,0.43,2
725,6,0.0,4.0,1.0,1.0,0.0,1.0,2.0,5.0,2.0,16.0,12.0,12.51,0.0,83.0,1.0,1.0,21.0,2.0,4.59375,0.0,0.0,0.0,8.0,0.875,0.0,2.0,0.0,0.52,0.48,2
725,7,0.0,4.0,1.0,1.0,0.0,1.0,2.0,5.0,2.0,16.0,26.0,11.91,0.0,83.0,1.0,1.0,21.0,2.0,4.59375,0.0,0.0,0.0,5.0,0.875,0.0,2.0,0.0,0.53,0.47,2
725,8,0.0,4.0,1.0,1.0,0.0,1.0,2.0,5.0,2.0,16.0,26.0,3.56,0.0,83.0,1.0,1.0,21.0,2.0,4.59375,0.0,0.0,0.0,2.0,0.875,0.0,2.0,0.0,0.59,0.41,2
725,9,0.0,4.0,1.0,1.0,0.0,1.0,2.0,5.0,2.0,16.0,26.0,0.16,0.0,83.0,1.0,1.0,71.0,2.0,4.59375,0.0,0.0,0.0,1.0,0.875,0.0,2.0,0.0,0.55,0.45,2
725,10,0.0,4.0,1.0,1.0,0.0,1.0,2.0,5.0,2.0,16.0,26.0,0.16,0.0,83.0,1.0,1.0,44.0,2.0,4.59375,0.0,0.0,0.0,1.0,0.875,0.0,2.0,0.0,0.55,0.45,2
725,11,0.0,4.0,1.0,1.0,0.0,1.0,2.0,5.0,2.0,16.0,26.0,0.16,0.0,83.0,1.0,1.0,54.0,2.0,4.59375,0.0,0.0,0.0,1.0,0.875,0.0,2.0,0.0,0.55,0.45,2
725,12,0.0,4.0,1.0,1.0,0.0,1.0,2.0,5.0,2.0,16.0,26.0,0.16,0.0,83.0,1.0,1.0,21.0,2.0,4.59375,0.0,0.0,0.0,3.0,0.875,0.0,2.0,0.0,0.52,0.48,1
725,13,0.0,4.0,1.0,1.0,0.0,1.0,2.0,5.0,2.0,16.0,26.0,9.19,0.0,83.0,1.0,1.0,21.0,2.0,4.59375,0.0,0.0,0.0,1.0,0.875,0.0,2.0,0.0,0.6,0.4,2
725,14,0.0,4.0,1.0,1.0,0.0,1.0,2.0,5.0,2.0,16.0,26.0,5.4,0.0,83.0,1.0,1.0,21.0,2.0,4.59375,0.0,0.0,0.0,2.0,0.875,0.0,2.0,0.0,0.59,0.41,2
725,15,0.0,4.0,1.0,1.0,0.0,1.0,2.0,5.0,2.0,16.0,26.0,0.16,0.0,83.0,1.0,1.0,30.0,2.0,4.59375,0.0,0.0,0.0,2.0,0.875,0.0,2.0,0.0,0.55,0.45,2
725,16,0.0,4.0,1.0,1.0,0.0,1.0,2.0,5.0,2.0,16.0,26.0,0.16,0.0,83.0,1.0,1.0,21.0,2.0,4.59375,0.0,0.0,0.0,2.0,0.875,0.0,2.0,0.0,0.55,0.45,1
725,17,0.0,4.0,1.0,1.0,0.0,1.0,2.0,5.0,2.0,16.0,26.0,10.0,0.0,83.0,1.0,1.0,21.0,2.0,4.59375,0.0,0.0,0.0,5.0,0.875,0.0,2.0,0.0,0.53,0.47,2
725,18,0.0,4.0,1.0,1.0,0.0,1.0,2.0,5.0,2.0,16.0,26.0,0.16,0.0,83.0,1.0,1.0,21.0,2.0,4.59375,0.0,0.0,0.0,1.0,0.875,0.0,2.0,0.0,0.55,0.45,1
725,19,0.0,4.0,1.0,1.0,0.0,1.0,2.0,5.0,2.0,16.0,40.0,0.16,0.0,83.0,1.0,1.0,21.0,2.0,4.59375,0.0,0.0,0.0,1.0,0.875,0.0,2.0,0.0,0.51,0.49,2
726,0,5.0,1.0,1.0,5.0,0.0,1.0,2.0,4.0,10.0,37.0,1.0,1.81,0.0,63.0,1.0,0.0,62.0,4.0,2.90361445783133,0.0,1.0,0.0,1.0,0.846153846153846,0.0,2.0,1.0,0.58,0.42,5
726,1,5.0,1.0,1.0,5.0,0.0,1.0,2.0,4.0,10.0,37.0,1.0,6.65,0.0,59.0,1.0,0.0,39.0,4.0,2.90361445783133,0.0,1.0,0.0,2.0,0.846153846153846,0.0,2.0,1.0,0.57,0.43,4
727,0,0.0,0.0,1.0,0.0,0.0,1.0,1.0,1.0,0.0,9.0,19.0,0.62,0.0,88.0,1.0,0.0,6.0,2.0,44.7,0.0,1.0,0.0,0.0,0.0,0.0,2.0,0.0,0.62,0.38,1
727,1,0.0,0.0,1.0,0.0,0.0,1.0,1.0,1.0,0.0,9.0,7.0,0.62,0.0,88.0,1.0,0.0,6.0,2.0,1.63157894736842,0.0,1.0,0.0,0.0,0.0,0.0,2.0,0.0,0.51,0.49,1
727,2,0.0,0.0,1.0,0.0,0.0,1.0,1.0,1.0,0.0,9.0,19.0,0.62,0.0,88.0,1.0,0.0,6.0,2.0,24.7,0.0,1.0,0.0,0.0,0.7,0.0,2.0,0.0,0.7,0.3,2
727,3,0.0,0.0,1.0,0.0,0.0,1.0,1.0,1.0,0.0,9.0,15.0,0.62,0.0,88.0,1.0,0.0,6.0,2.0,1.63157894736842,0.0,1.0,0.0,0.0,0.8,0.0,2.0,0.0,0.65,0.35,2
727,4,0.0,0.0,1.0,0.0,0.0,1.0,1.0,1.0,0.0,9.0,19.0,0.62,0.0,98.0,1.0,0.0,6.0,2.0,40.4,0.0,1.0,0.0,0.0,0.0,0.0,2.0,0.0,0.62,0.38,2
727,5,0.0,0.0,1.0,0.0,0.0,1.0,1.0,1.0,0.0,9.0,19.0,0.62,0.0,88.0,1.0,0.0,6.0,2.0,37.6,0.0,1.0,0.0,0.0,0.0,0.0,2.0,0.0,0.62,0.38,1
727,6,0.0,0.0,1.0,0.0,0.0,1.0,1.0,1.0,0.0,9.0,19.0,0.62,0.0,53.0,1.0,0.0,6.0,2.0,26.2,0.0,1.0,0.0,0.0,0.0,0.0,2.0,0.0,0.64,0.36,2
727,7,0.0,0.0,1.0,0.0,0.0,1.0,1.0,1.0,0.0,9.0,5.0,0.62,0.0,88.0,1.0,0.0,6.0,2.0,51.1,0.0,1.0,0.0,0.0,0.0,0.0,2.0,0.0,0.63,0.37,2
727,8,0.0,0.0,1.0,0.0,0.0,1.0,1.0,1.0,0.0,9.0,19.0,0.62,0.0,88.0,1.0,0.0,6.0,2.0,45.3,0.0,1.0,0.0,0.0,0.0,0.0,2.0,0.0,0.62,0.38,1
727,9,0.0,0.0,1.0,0.0,0.0,1.0,1.0,1.0,0.0,9.0,19.0,0.62,0.0,88.0,1.0,0.0,6.0,2.0,48.2,0.0,1.0,0.0,0.0,1.0,0.0,2.0,0.0,0.91,0.09,2
727,10,0.0,0.0,1.0,0.0,0.0,1.0,1.0,1.0,0.0,9.0,94.0,0.62,0.0,88.0,1.0,0.0,6.0,2.0,1.63157894736842,0.0,1.0,0.0,0.0,1.1,0.0,2.0,0.0,0.8,0.2,2
727,11,0.0,0.0,1.0,0.0,0.0,1.0,1.0,1.0,0.0,9.0,19.0,0.62,0.0,88.0,1.0,0.0,10.0,2.0,1.63157894736842,0.0,1.0,0.0,0.0,1.0,0.0,2.0,0.0,0.86,0.14,2
727,12,0.0,0.0,1.0,0.0,0.0,1.0,1.0,1.0,0.0,9.0,19.0,0.62,0.0,88.0,1.0,0.0,6.0,2.0,22.3,0.0,1.0,0.0,0.0,0.0,0.0,2.0,0.0,0.62,0.38,1
727,13,0.0,0.0,1.0,0.0,0.0,1.0,1.0,1.0,0.0,9.0,19.0,0.62,0.0,88.0,1.0,0.0,6.0,2.0,51.0,0.0,1.0,0.0,0.0,0.0,0.0,2.0,0.0,0.62,0.38,1
727,14,0.0,0.0,1.0,0.0,0.0,1.0,1.0,1.0,0.0,9.0,19.0,0.62,0.0,88.0,1.0,0.0,6.0,2.0,9.4,0.0,1.0,0.0,0.0,0.0,0.0,2.0,0.0,0.61,0.39,1
727,15,0.0,0.0,1.0,0.0,0.0,1.0,1.0,1.0,0.0,9.0,19.0,0.62,0.0,88.0,1.0,0.0,41.0,2.0,4.1,0.0,1.0,0.0,0.0,0.0,0.0,2.0,0.0,0.54,0.46,2
727,16,0.0,0.0,1.0,0.0,0.0,1.0,1.0,1.0,0.0,9.0,19.0,0.62,0.0,88.0,1.0,0.0,23.0,2.0,42.6,0.0,1.0,0.0,0.0,0.0,0.0,2.0,0.0,0.6,0.4,2
727,17,0.0,0.0,1.0,0.0,0.0,1.0,1.0,1.0,0.0,9.0,19.0,0.62,0.0,88.0,1.0,0.0,13.0,2.0,21.1,0.0,1.0,0.0,0.0,0.0,0.0,2.0,0.0,0.6,0.4,2
727,18,0.0,0.0,1.0,0.0,0.0,1.0,1.0,1.0,0.0,9.0,19.0,0.62,0.0,90.0,1.0,0.0,6.0,2.0,1.63157894736842,0.0,1.0,0.0,0.0,1.1,0.0,2.0,0.0,0.85,0.15,2
727,19,0.0,0.0,1.0,0.0,0.0,1.0,1.0,1.0,0.0,9.0,5.0,0.62,0.0,88.0,1.0,0.0,6.0,2.0,1.63157894736842,0.0,1.0,0.0,0.0,0.0,0.0,2.0,0.0,0.51,0.49,1
737,0,9.0,0.0,1.0,1.0,2.0,0.0,3.0,1.0,2.0,2.0,30.0,0.12,0.0,62.0,1.0,7.0,8.0,2.0,5.38235294117647,1.0,1.0,0.0,0.0,1.1,0.0,3.0,1.0,0.68,0.32,2
737,1,2.0,0.0,1.0,1.0,2.0,0.0,3.0,1.0,2.0,2.0,30.0,0.12,0.0,96.0,1.0,7.0,8.0,2.0,5.38235294117647,1.0,1.0,0.0,0.0,1.1,0.0,3.0,1.0,0.72,0.28,2
737,2,2.0,0.0,1.0,1.0,2.0,0.0,3.0,1.0,2.0,2.0,30.0,0.12,0.0,48.0,1.0,7.0,8.0,2.0,5.38235294117647,1.0,1.0,0.0,0.0,1.1,0.0,3.0,1.0,0.67,0.33,2
737,3,7.0,0.0,1.0,1.0,2.0,0.0,3.0,1.0,2.0,2.0,30.0,0.12,0.0,62.0,1.0,7.0,8.0,2.0,5.38235294117647,1.0,1.0,0.0,0.0,1.0,0.0,3.0,1.0,0.69,0.31,2
737,4,2.0,0.0,1.0,1.0,2.0,0.0,3.0,1.0,2.0,2.0,15.0,0.12,0.0,62.0,1.0,7.0,8.0,2.0,5.38235294117647,1.0,1.0,0.0,0.0,1.0,0.0,3.0,1.0,0.78,0.22,2
737,5,2.0,0.0,1.0,1.0,2.0,0.0,3.0,1.0,2.0,2.0,43.0,0.12,0.0,62.0,1.0,7.0,8.0,2.0,5.38235294117647,1.0,1.0,0.0,0.0,1.0,0.0,3.0,1.0,0.73,0.27,2
737,6,2.0,0.0,1.0,1.0,2.0,0.0,7.0,1.0,2.0,2.0,30.0,0.12,0.0,62.0,1.0,7.0,8.0,2.0,5.38235294117647,1.0,1.0,0.0,0.0,1.0,0.0,3.0,1.0,0.7,0.3,2
737,7,2.0,0.0,1.0,1.0,2.0,0.0,3.0,1.0,2.0,2.0,15.0,0.12,0.0,62.0,1.0,7.0,8.0,2.0,5.38235294117647,1.0,1.0,0.0,0.0,0.9,0.0,3.0,1.0,0.55,0.45,2
737,8,2.0,0.0,1.0,1.0,2.0,0.0,3.0,1.0,2.0,2.0,30.0,0.12,0.0,76.0,1.0,7.0,8.0,2.0,5.38235294117647,1.0,1.0,0.0,0.0,1.0,0.0,3.0,1.0,0.73,0.27,2
737,9,2.0,0.0,1.0,1.0,2.0,0.0,3.0,1.0,2.0,2.0,8.0,0.12,0.0,62.0,1.0,7.0,8.0,2.0,5.38235294117647,1.0,1.0,0.0,0.0,0.9,0.0,3.0,1.0,0.61,0.39,2
737,10,2.0,0.0,1.0,1.0,2.0,0.0,3.0,1.0,2.0,2.0,14.0,0.12,0.0,62.0,1.0,7.0,8.0,2.0,5.38235294117647,1.0,1.0,0.0,0.0,0.9,0.0,3.0,1.0,0.56,0.44,2
737,11,2.0,0.0,1.0,1.0,2.0,0.0,3.0,1.0,2.0,2.0,30.0,0.12,0.0,7.0,1.0,7.0,8.0,2.0,5.38235294117647,1.0,1.0,0.0,0.0,1.1,0.0,3.0,1.0,0.66,0.34,2
737,12,16.0,0.0,1.0,1.0,2.0,0.0,3.0,1.0,2.0,2.0,30.0,0.12,0.0,62.0,1.0,7.0,8.0,2.0,5.38235294117647,1.0,1.0,0.0,0.0,1.0,0.0,3.0,1.0,0.68,0.32,2
737,13,2.0,0.0,1.0,1.0,2.0,0.0,3.0,1.0,2.0,2.0,13.0,0.12,0.0,62.0,1.0,7.0,8.0,2.0,5.38235294117647,1.0,1.0,0.0,0.0,1.0,0.0,3.0,1.0,0.78,0.22,2
737,14,2.0,0.0,1.0,1.0,2.0,0.0,9.0,1.0,2.0,2.0,30.0,0.12,0.0,62.0,1.0,7.0,8.0,2.0,5.38235294117647,1.0,1.0,0.0,0.0,1.1,0.0,3.0,1.0,0.7,0.3,2
737,15,2.0,0.0,1.0,1.0,2.0,0.0,3.0,1.0,2.0,2.0,87.0,0.12,0.0,62.0,1.0,7.0,8.0,2.0,5.38235294117647,1.0,1.0,0.0,0.0,1.0,0.0,3.0,1.0,0.69,0.31,2
737,16,9.0,0.0,1.0,1.0,2.0,0.0,3.0,1.0,2.0,2.0,30.0,0.12,0.0,62.0,1.0,7.0,8.0,2.0,5.38235294117647,1.0,1.0,0.0,0.0,1.0,0.0,3.0,1.0,0.68,0.32,2
737,17,2.0,0.0,1.0,1.0,2.0,0.0,3.0,1.0,2.0,2.0,30.0,0.12,0.0,62.0,1.0,7.0,8.0,2.0,5.38235294117647,1.0,1.0,0.0,0.0,1.1,0.0,3.0,1.0,0.73,0.27,1
737,18,2.0,0.0,1.0,1.0,2.0,0.0,3.0,1.0,2.0,2.0,2.0,0.12,0.0,62.0,1.0,7.0,8.0,2.0,5.38235294117647,1.0,1.0,0.0,0.0,0.8,0.0,3.0,1.0,0.51,0.49,2
737,19,2.0,0.0,1.0,1.0,2.0,0.0,14.0,1.0,2.0,2.0,30.0,0.12,0.0,62.0,1.0,7.0,8.0,2.0,5.38235294117647,1.0,1.0,0.0,0.0,1.1,0.0,3.0,1.0,0.7,0.3,2
754,0,1.0,0.0,1.0,2.0,1.0,0.0,2.0,4.0,4.0,13.0,17.0,0.15,0.0,94.0,2.0,0.0,0.0,3.0,2.9622641509434,0.0,0.0,0.0,2.0,1.0,0.0,2.0,2.0,0.55,0.45,2
754,1,1.0,0.0,1.0,2.0,1.0,0.0,2.0,4.0,4.0,13.0,14.0,0.15,0.0,94.0,2.0,0.0,5.0,3.0,2.9622641509434,0.0,0.0,0.0,2.0,1.0,0.0,2.0,2.0,0.55,0.45,2
754,2,1.0,0.0,1.0,2.0,1.0,0.0,2.0,4.0,4.0,13.0,5.0,0.15,0.0,94.0,2.0,0.0,70.0,3.0,2.9622641509434,0.0,0.0,0.0,2.0,1.0,0.0,2.0,2.0,0.51,0.49,2
754,3,1.0,0.0,1.0,2.0,1.0,0.0,2.0,9.0,4.0,13.0,48.0,0.15,0.0,94.0,2.0,0.0,0.0,3.0,2.9622641509434,0.0,0.0,0.0,2.0,1.0,0.0,2.0,2.0,0.52,0.48,2
754,4,1.0,0.0,1.0,2.0,1.0,0.0,2.0,4.0,4.0,13.0,0.0,0.15,0.0,94.0,2.0,0.0,21.0,3.0,2.9622641509434,0.0,0.0,0.0,2.0,1.0,0.0,2.0,2.0,0.52,0.48,1
754,5,1.0,0.0,1.0,2.0,1.0,0.0,2.0,4.0,4.0,2.0,3.0,0.15,0.0,94.0,2.0,0.0,21.0,3.0,2.9622641509434,0.0,0.0,0.0,2.0,1.0,0.0,2.0,2.0,0.61,0.39,2
754,6,1.0,0.0,1.0,2.0,1.0,0.0,2.0,4.0,4.0,13.0,4.0,0.15,0.0,94.0,2.0,0.0,64.0,3.0,2.9622641509434,0.0,0.0,0.0,2.0,1.0,0.0,2.0,2.0,0.53,0.47,2
754,7,1.0,0.0,1.0,2.0,1.0,0.0,2.0,4.0,4.0,6.0,48.0,0.15,0.0,94.0,2.0,0.0,2.0,3.0,2.9622641509434,0.0,0.0,0.0,2.0,1.0,0.0,2.0,2.0,0.53,0.47,2
754,8,1.0,0.0,1.0,2.0,1.0,0.0,2.0,4.0,4.0,13.0,3.0,0.15,0.0,94.0,2.0,0.0,38.0,3.0,2.9622641509434,0.0,0.0,0.0,2.0,1.0,0.0,2.0,2.0,0.52,0.48,2
754,9,1.0,0.0,1.0,2.0,1.0,0.0,2.0,4.0,4.0,9.0,48.0,0.15,0.0,94.0,2.0,0.0,1.0,3.0,2.9622641509434,0.0,0.0,0.0,2.0,1.0,0.0,2.0,2.0,0.54,0.46,2
754,10,1.0,0.0,1.0,2.0,1.0,0.0,2.0,4.0,4.0,4.0,48.0,0.15,0.0,94.0,2.0,0.0,4.0,3.0,2.9622641509434,0.0,0.0,0.0,2.0,1.0,0.0,2.0,2.0,0.51,0.49,2
754,11,1.0,0.0,1.0,2.0,1.0,0.0,2.0,4.0,4.0,13.0,2.0,0.15,0.0,94.0,2.0,0.0,21.0,3.0,2.9622641509434,0.0,0.0,0.0,2.0,1.0,0.0,2.0,2.0,0.52,0.48,1
754,12,1.0,0.0,1.0,2.0,1.0,0.0,2.0,4.0,4.0,13.0,1.0,0.15,0.0,94.0,2.0,0.0,21.0,3.0,2.9622641509434,0.0,0.0,0.0,2.0,1.0,0.0,2.0,2.0,0.52,0.48,1
754,13,1.0,0.0,1.0,2.0,1.0,0.0,2.0,4.0,4.0,13.0,48.0,0.15,0.0,94.0,2.0,0.0,0.0,3.0,2.9622641509434,0.0,0.0,0.0,2.0,1.0,0.0,2.0,2.0,0.51,0.49,1
754,14,1.0,0.0,1.0,2.0,1.0,0.0,2.0,1.0,4.0,1.0,48.0,0.15,0.0,94.0,2.0,0.0,21.0,3.0,2.9622641509434,0.0,0.0,0.0,2.0,1.0,0.0,2.0,2.0,0.54,0.46,2
756,0,0.0,0.0,1.0,0.0,0.0,0.0,1.0,1.0,0.0,18.0,28.0,0.21,0.0,97.0,1.0,0.0,0.0,1.0,2.48809523809524,1.0,1.0,0.0,0.0,0.0,0.0,3.0,0.0,0.51,0.49,2
756,1,0.0,0.0,1.0,0.0,0.0,0.0,1.0,1.0,0.0,21.0,1.0,0.21,0.0,97.0,1.0,0.0,0.0,1.0,2.48809523809524,1.0,1.0,0.0,0.0,0.0,0.0,3.0,0.0,0.65,0.35,2
756,2,0.0,0.0,1.0,0.0,0.0,0.0,1.0,1.0,0.0,12.0,80.0,0.21,0.0,97.0,1.0,0.0,0.0,1.0,2.48809523809524,1.0,1.0,0.0,0.0,0.0,0.0,3.0,0.0,0.51,0.49,2
756,3,0.0,0.0,1.0,0.0,0.0,0.0,1.0,1.0,0.0,3.0,84.0,0.21,0.0,97.0,1.0,0.0,0.0,1.0,2.48809523809524,1.0,1.0,0.0,0.0,0.0,0.0,3.0,0.0,0.51,0.49,1
756,4,0.0,0.0,1.0,0.0,0.0,0.0,1.0,1.0,0.0,19.0,5.0,0.21,0.0,97.0,1.0,0.0,0.0,1.0,2.48809523809524,1.0,1.0,0.0,0.0,0.0,0.0,3.0,0.0,0.7,0.3,2
756,5,0.0,0.0,1.0,0.0,0.0,0.0,1.0,1.0,0.0,40.0,49.0,0.21,0.0,97.0,1.0,0.0,0.0,1.0,2.48809523809524,1.0,1.0,0.0,0.0,1.0,0.0,3.0,0.0,0.93,0.07,2
756,6,0.0,0.0,1.0,0.0,0.0,0.0,1.0,1.0,16.0,40.0,84.0,0.21,0.0,97.0,1.0,0.0,0.0,1.0,2.48809523809524,1.0,1.0,0.0,0.0,0.0,0.0,3.0,0.0,0.52,0.48,1
756,7,0.0,0.0,1.0,0.0,0.0,0.0,1.0,1.0,0.0,40.0,15.0,0.21,0.0,97.0,1.0,0.0,0.0,1.0,2.48809523809524,1.0,1.0,0.0,0.0,0.9,0.0,3.0,0.0,0.85,0.15,2
756,8,0.0,0.0,1.0,0.0,0.0,0.0,1.0,1.0,3.0,42.0,84.0,0.21,0.0,97.0,1.0,0.0,0.0,1.0,2.48809523809524,1.0,1.0,0.0,0.0,0.0,0.0,3.0,0.0,0.53,0.47,2
756,9,0.0,0.0,1.0,0.0,0.0,0.0,1.0,1.0,37.0,40.0,41.0,0.21,0.0,97.0,1.0,0.0,0.0,1.0,2.48809523809524,1.0,1.0,0.0,0.0,0.0,0.0,3.0,0.0,0.54,0.46,2
756,10,0.0,0.0,1.0,0.0,0.0,0.0,1.0,1.0,14.0,58.0,84.0,0.21,0.0,97.0,1.0,0.0,0.0,1.0,2.48809523809524,1.0,1.0,0.0,0.0,0.0,0.0,3.0,0.0,0.52,0.48,2
756,11,0.0,0.0,1.0,0.0,0.0,0.0,1.0,1.0,0.0,40.0,84.0,0.21,0.0,97.0,1.0,0.0,0.0,1.0,2.48809523809524,1.0,1.0,0.0,0.0,0.9,0.0,3.0,0.0,0.76,0.24,1
756,12,0.0,0.0,1.0,0.0,0.0,0.0,1.0,1.0,0.0,57.0,11.0,0.21,0.0,97.0,1.0,0.0,0.0,1.0,2.48809523809524,1.0,1.0,0.0,0.0,0.0,0.0,3.0,0.0,0.73,0.27,2
756,13,0.0,0.0,1.0,0.0,0.0,0.0,1.0,1.0,37.0,40.0,84.0,0.21,0.0,97.0,1.0,0.0,0.0,1.0,2.48809523809524,1.0,1.0,0.0,0.0,0.8,0.0,3.0,0.0,0.6,0.4,2
756,14,0.0,0.0,1.0,0.0,0.0,0.0,1.0,1.0,0.0,40.0,24.0,0.21,0.0,97.0,1.0,0.0,0.0,1.0,2.48809523809524,1.0,1.0,0.0,0.0,0.7,0.0,3.0,0.0,0.61,0.39,2
756,15,0.0,0.0,1.0,0.0,0.0,0.0,1.0,1.0,0.0,40.0,15.0,0.21,0.0,97.0,1.0,0.0,0.0,1.0,2.48809523809524,1.0,1.0,0.0,0.0,0.0,0.0,3.0,0.0,0.72,0.28,1
756,16,0.0,0.0,1.0,0.0,0.0,0.0,1.0,1.0,10.0,66.0,84.0,0.21,0.0,97.0,1.0,0.0,0.0,1.0,2.48809523809524,1.0,1.0,0.0,0.0,0.0,0.0,3.0,0.0,0.53,0.47,2
756,17,0.0,0.0,1.0,0.0,0.0,0.0,1.0,1.0,0.0,11.0,84.0,0.21,0.0,97.0,1.0,0.0,0.0,1.0,2.48809523809524,1.0,1.0,0.0,0.0,1.1,0.0,3.0,0.0,0.94,0.06,2
771,0,1.0,2.0,1.0,6.0,0.0,0.0,2.0,1.0,4.0,10.0,24.0,0.22,0.0,91.0,2.0,0.0,2.0,2.0,2.45161290322581,0.0,0.0,0.0,11.0,1.0,0.0,2.0,0.0,0.54,0.46,2
771,1,1.0,2.0,1.0,6.0,0.0,0.0,2.0,1.0,4.0,30.0,24.0,0.22,0.0,91.0,2.0,0.0,23.0,2.0,2.45161290322581,0.0,0.0,0.0,4.0,1.0,0.0,2.0,0.0,0.63,0.37,2
771,2,1.0,2.0,1.0,6.0,0.0,0.0,2.0,1.0,4.0,2.0,24.0,0.22,0.0,91.0,2.0,0.0,10.0,2.0,2.45161290322581,0.0,0.0,0.0,8.0,1.0,0.0,2.0,0.0,0.54,0.46,2
771,3,1.0,2.0,1.0,6.0,0.0,0.0,2.0,1.0,4.0,46.0,24.0,0.22,0.0,91.0,2.0,0.0,23.0,2.0,2.45161290322581,0.0,0.0,0.0,5.0,1.0,0.0,2.0,0.0,0.6,0.4,2
771,4,1.0,2.0,1.0,6.0,0.0,0.0,2.0,1.0,4.0,10.0,24.0,0.22,0.0,91.0,2.0,0.0,23.0,2.0,2.45161290322581,0.0,0.0,0.0,5.0,1.0,0.0,2.0,3.0,0.55,0.45,2
771,5,1.0,2.0,1.0,6.0,0.0,0.0,2.0,1.0,4.0,30.0,24.0,0.22,0.0,91.0,2.0,0.0,23.0,2.0,2.45161290322581,0.0,0.0,0.0,3.0,1.0,0.0,2.0,0.0,0.63,0.37,2
771,6,1.0,2.0,1.0,6.0,0.0,0.0,2.0,1.0,4.0,10.0,24.0,0.22,0.0,91.0,2.0,0.0,23.0,2.0,2.45161290322581,0.0,0.0,0.0,1.0,1.0,0.0,2.0,1.0,0.63,0.37,2
771,7,1.0,2.0,1.0,6.0,0.0,0.0,2.0,1.0,4.0,10.0,24.0,0.22,0.0,91.0,2.0,0.0,43.0,2.0,2.45161290322581,0.0,0.0,0.0,1.0,1.0,0.0,2.0,0.0,0.7,0.3,2
771,8,6.0,2.0,1.0,6.0,0.0,0.0,2.0,1.0,4.0,10.0,24.0,0.22,0.0,91.0,2.0,0.0,23.0,2.0,2.45161290322581,0.0,0.0,0.0,4.0,1.0,0.0,2.0,0.0,0.59,0.41,2
771,9,1.0,2.0,1.0,6.0,0.0,0.0,2.0,1.0,4.0,7.0,24.0,0.22,0.0,91.0,2.0,0.0,5.0,2.0,2.45161290322581,0.0,0.0,0.0,8.0,1.0,0.0,2.0,0.0,0.56,0.44,2
771,10,1.0,2.0,1.0,6.0,0.0,0.0,2.0,1.0,4.0,10.0,24.0,0.22,0.0,91.0,2.0,0.0,59.0,2.0,2.45161290322581,0.0,0.0,0.0,1.0,1.0,0.0,2.0,0.0,0.7,0.3,2
771,11,1.0,2.0,1.0,6.0,0.0,0.0,2.0,1.0,4.0,10.0,24.0,0.22,0.0,91.0,2.0,0.0,6.0,2.0,2.45161290322581,0.0,0.0,0.0,6.0,1.0,0.0,2.0,0.0,0.52,0.48,2
771,12,1.0,2.0,1.0,6.0,0.0,0.0,2.0,1.0,4.0,10.0,24.0,0.22,0.0,91.0,2.0,0.0,23.0,2.0,2.45161290322581,0.0,0.0,0.0,1.0,1.0,0.0,2.0,0.0,0.7,0.3,1
771,13,0.0,2.0,1.0,6.0,0.0,0.0,2.0,1.0,4.0,10.0,24.0,0.22,0.0,91.0,2.0,0.0,15.0,2.0,2.45161290322581,0.0,0.0,0.0,8.0,1.0,0.0,2.0,0.0,0.53,0.47,2
771,14,16.0,2.0,1.0,6.0,0.0,0.0,2.0,1.0,4.0,10.0,24.0,0.22,0.0,91.0,2.0,0.0,23.0,2.0,2.45161290322581,0.0,0.0,0.0,5.0,1.0,0.0,2.0,0.0,0.54,0.46,2
771,15,17.0,2.0,1.0,6.0,0.0,0.0,2.0,1.0,4.0,10.0,24.0,0.22,0.0,91.0,2.0,0.0,23.0,2.0,2.45161290322581,0.0,0.0,0.0,4.0,1.0,0.0,2.0,0.0,0.58,0.42,2
771,16,12.0,2.0,1.0,6.0,0.0,0.0,2.0,1.0,4.0,10.0,24.0,0.22,0.0,91.0,2.0,0.0,23.0,2.0,2.45161290322581,0.0,0.0,0.0,1.0,1.0,0.0,2.0,0.0,0.59,0.41,2
773,0,1.0,0.0,1.0,1.0,0.0,0.0,3.0,1.0,4.0,4.0,17.0,12.52,0.0,77.0,2.0,0.0,18.0,2.0,4.54545454545455,0.0,0.0,0.0,9.0,1.0,0.0,3.0,0.0,0.52,0.48,2
773,1,1.0,0.0,1.0,1.0,0.0,0.0,3.0,1.0,4.0,4.0,17.0,3.03,0.0,77.0,2.0,0.0,30.0,2.0,4.54545454545455,0.0,0.0,0.0,9.0,1.0,0.0,2.0,0.0,0.53,0.47,2
773,2,1.0,0.0,1.0,1.0,0.0,0.0,3.0,1.0,4.0,4.0,17.0,7.78,0.0,77.0,2.0,0.0,18.0,2.0,4.54545454545455,0.0,0.0,0.0,19.0,1.0,0.0,2.0,0.0,0.52,0.48,2
773,3,1.0,0.0,1.0,1.0,0.0,0.0,3.0,1.0,4.0,4.0,17.0,6.21,0.0,77.0,2.0,0.0,18.0,2.0,4.54545454545455,0.0,0.0,0.0,9.0,1.0,0.0,4.0,0.0,0.54,0.46,2
773,4,1.0,0.0,1.0,1.0,0.0,0.0,3.0,1.0,4.0,4.0,17.0,7.83,0.0,77.0,2.0,0.0,18.0,2.0,4.54545454545455,0.0,0.0,0.0,9.0,1.0,0.0,2.0,0.0,0.52,0.48,1
773,5,1.0,0.0,1.0,1.0,0.0,0.0,3.0,1.0,4.0,4.0,17.0,0.1,0.0,77.0,2.0,0.0,10.0,2.0,4.54545454545455,0.0,0.0,0.0,9.0,1.0,0.0,1.0,0.0,0.54,0.46,2
773,6,1.0,0.0,1.0,1.0,0.0,0.0,3.0,1.0,4.0,4.0,17.0,6.15,0.0,77.0,2.0,0.0,18.0,2.0,4.54545454545455,0.0,0.0,0.0,15.0,1.0,0.0,2.0,0.0,0.52,0.48,2
773,7,1.0,0.0,1.0,1.0,0.0,0.0,3.0,1.0,4.0,4.0,17.0,12.31,0.0,77.0,2.0,0.0,18.0,2.0,4.54545454545455,0.0,0.0,0.0,9.0,1.0,0.0,2.0,0.0,0.52,0.48,1
773,8,1.0,0.0,1.0,1.0,0.0,0.0,3.0,1.0,4.0,4.0,17.0,2.46,0.0,77.0,2.0,0.0,18.0,2.0,4.54545454545455,0.0,0.0,0.0,9.0,1.0,0.0,2.0,0.0,0.53,0.47,1
773,9,1.0,0.0,1.0,1.0,0.0,0.0,3.0,1.0,4.0,4.0,28.0,0.1,0.0,77.0,2.0,0.0,12.0,2.0,4.54545454545455,0.0,0.0,0.0,9.0,1.0,0.0,2.0,0.0,0.51,0.49,2
773,10,1.0,0.0,1.0,1.0,0.0,0.0,3.0,1.0,4.0,4.0,17.0,9.23,0.0,77.0,2.0,0.0,18.0,2.0,4.54545454545455,0.0,0.0,0.0,9.0,1.0,0.0,2.0,0.0,0.52,0.48,1
773,11,1.0,0.0,1.0,1.0,0.0,0.0,3.0,1.0,4.0,4.0,17.0,0.1,0.0,77.0,2.0,0.0,43.0,2.0,4.54545454545455,0.0,0.0,0.0,1.0,1.0,0.0,2.0,0.0,0.69,0.31,2
773,12,1.0,0.0,1.0,1.0,0.0,0.0,3.0,1.0,4.0,4.0,17.0,12.06,0.0,77.0,2.0,0.0,18.0,2.0,4.54545454545455,0.0,0.0,0.0,9.0,1.0,0.0,2.0,0.0,0.52,0.48,1
773,13,1.0,0.0,1.0,1.0,0.0,0.0,3.0,1.0,4.0,4.0,17.0,3.0,0.0,77.0,2.0,0.0,18.0,2.0,4.54545454545455,0.0,0.0,0.0,11.0,1.0,0.0,2.0,0.0,0.51,0.49,2
773,14,1.0,0.0,1.0,1.0,0.0,0.0,3.0,1.0,4.0,4.0,17.0,4.73,0.0,77.0,2.0,0.0,18.0,2.0,4.54545454545455,0.0,0.0,0.0,9.0,1.0,0.0,2.0,0.0,0.52,0.48,1
773,15,1.0,0.0,1.0,1.0,0.0,0.0,3.0,1.0,4.0,4.0,17.0,6.49,0.0,77.0,2.0,0.0,18.0,2.0,4.54545454545455,0.0,0.0,0.0,9.0,1.0,0.0,2.0,0.0,0.52,0.48,1
773,16,1.0,0.0,1.0,1.0,0.0,0.0,3.0,1.0,4.0,4.0,5.0,1.09,0.0,77.0,2.0,0.0,18.0,2.0,4.54545454545455,0.0,0.0,0.0,9.0,1.0,0.0,2.0,0.0,0.64,0.36,2
773,17,1.0,0.0,1.0,1.0,0.0,0.0,3.0,1.0,4.0,4.0,17.0,6.68,0.0,77.0,2.0,0.0,18.0,2.0,4.54545454545455,0.0,0.0,0.0,9.0,1.0,0.0,2.0,0.0,0.52,0.48,1
773,18,1.0,0.0,1.0,1.0,0.0,0.0,3.0,1.0,4.0,4.0,17.0,4.17,0.0,77.0,2.0,0.0,18.0,2.0,4.54545454545455,0.0,0.0,0.0,9.0,1.0,0.0,2.0,0.0,0.51,0.49,1
773,19,1.0,0.0,1.0,1.0,0.0,0.0,3.0,1.0,4.0,4.0,17.0,1.92,0.0,77.0,2.0,0.0,18.0,2.0,4.54545454545455,0.0,0.0,0.0,9.0,1.0,0.0,2.0,0.0,0.53,0.47,1
832,0,2.0,3.0,1.0,1.0,0.0,0.0,3.0,4.0,1.0,32.0,15.0,0.1,0.0,93.0,1.0,0.0,16.0,0.0,2.71428571428571,0.0,1.0,0.0,2.0,0.9,0.0,3.0,2.0,0.58,0.42,4
832,1,2.0,3.0,1.0,1.0,0.0,0.0,3.0,4.0,1.0,32.0,120.0,0.1,0.0,93.0,1.0,0.0,16.0,2.0,2.71428571428571,0.0,1.0,0.0,4.0,1.1,0.0,3.0,2.0,0.51,0.49,3
832,2,2.0,3.0,1.0,1.0,0.0,0.0,3.0,4.0,1.0,32.0,5.0,0.1,0.0,93.0,1.0,0.0,16.0,2.0,2.71428571428571,0.0,1.0,0.0,3.0,1.0,0.0,3.0,2.0,0.55,0.45,3
832,3,2.0,3.0,1.0,1.0,0.0,0.0,3.0,4.0,1.0,32.0,50.0,0.1,0.0,93.0,1.0,0.0,16.0,4.0,2.71428571428571,0.0,1.0,0.0,5.0,1.1,0.0,3.0,2.0,0.51,0.49,3
832,4,2.0,3.0,1.0,1.0,0.0,0.0,3.0,4.0,1.0,32.0,50.0,0.1,0.0,93.0,1.0,0.0,7.0,2.0,2.71428571428571,0.0,1.0,0.0,5.0,1.0,0.0,3.0,2.0,0.52,0.48,3
832,5,2.0,3.0,1.0,1.0,0.0,0.0,3.0,4.0,1.0,32.0,7.0,0.1,0.0,93.0,1.0,0.0,16.0,1.0,2.71428571428571,0.0,1.0,0.0,4.0,1.1,0.0,3.0,2.0,0.61,0.39,4
832,6,2.0,3.0,1.0,1.0,0.0,0.0,3.0,4.0,1.0,32.0,2.0,0.1,0.0,93.0,1.0,0.0,16.0,0.0,2.71428571428571,0.0,1.0,0.0,5.0,0.9,0.0,3.0,2.0,0.54,0.46,4
832,7,2.0,3.0,1.0,1.0,0.0,0.0,3.0,4.0,1.0,32.0,5.0,0.1,0.0,93.0,1.0,0.0,16.0,8.0,2.71428571428571,0.0,1.0,0.0,3.0,1.0,0.0,3.0,2.0,0.53,0.47,4
832,8,2.0,3.0,1.0,1.0,0.0,0.0,3.0,4.0,1.0,32.0,50.0,0.1,0.0,93.0,1.0,0.0,63.0,0.0,2.71428571428571,0.0,1.0,0.0,1.0,1.0,0.0,3.0,2.0,0.53,0.47,4
832,9,2.0,3.0,1.0,1.0,0.0,0.0,3.0,4.0,1.0,32.0,20.0,0.1,0.0,93.0,1.0,0.0,16.0,1.0,2.71428571428571,0.0,1.0,0.0,3.0,1.0,0.0,3.0,2.0,0.58,0.42,4
884,0,0.0,0.0,1.0,2.0,0.0,1.0,2.0,3.0,9.0,23.0,37.0,13.0,0.0,93.0,4.0,3.0,6.0,4.0,2.39130434782609,1.0,1.0,0.0,3.0,1.1,0.0,3.0,1.0,0.57,0.43,2
884,1,0.0,0.0,1.0,2.0,0.0,1.0,2.0,3.0,9.0,23.0,37.0,12.86,0.0,93.0,4.0,3.0,6.0,4.0,2.39130434782609,1.0,1.0,0.0,3.0,1.1,0.0,3.0,1.0,0.57,0.43,2
884,2,0.0,0.0,1.0,2.0,0.0,1.0,2.0,3.0,9.0,23.0,38.0,0.4,0.0,93.0,4.0,3.0,6.0,4.0,2.39130434782609,1.0,1.0,0.0,3.0,1.0,0.0,3.0,1.0,0.53,0.47,2
884,3,0.0,0.0,1.0,2.0,0.0,1.0,2.0,3.0,9.0,23.0,28.0,0.4,0.0,93.0,4.0,3.0,6.0,4.0,2.39130434782609,1.0,1.0,0.0,3.0,1.0,0.0,3.0,1.0,0.52,0.48,2
884,4,0.0,0.0,1.0,2.0,0.0,1.0,2.0,3.0,9.0,23.0,37.0,0.4,0.0,93.0,4.0,3.0,6.0,3.0,2.39130434782609,1.0,1.0,0.0,3.0,1.0,0.0,3.0,1.0,0.55,0.45,2
884,5,0.0,0.0,1.0,2.0,0.0,1.0,2.0,3.0,9.0,3.0,37.0,0.4,0.0,93.0,4.0,3.0,6.0,4.0,2.39130434782609,1.0,1.0,0.0,3.0,1.1,0.0,3.0,1.0,0.68,0.32,2
884,6,0.0,0.0,1.0,2.0,0.0,1.0,2.0,3.0,9.0,36.0,37.0,0.4,0.0,93.0,4.0,3.0,6.0,4.0,2.39130434782609,1.0,1.0,0.0,3.0,1.0,0.0,3.0,1.0,0.53,0.47,2
884,7,0.0,0.0,1.0,2.0,0.0,1.0,2.0,3.0,9.0,23.0,123.0,0.4,0.0,93.0,4.0,3.0,6.0,4.0,2.39130434782609,1.0,1.0,0.0,3.0,1.0,0.0,3.0,1.0,0.53,0.47,2
884,8,0.0,0.0,1.0,2.0,0.0,1.0,2.0,3.0,9.0,23.0,37.0,10.72,0.0,93.0,4.0,3.0,6.0,4.0,2.39130434782609,1.0,1.0,0.0,3.0,1.0,0.0,3.0,1.0,0.57,0.43,2
884,9,0.0,0.0,1.0,2.0,0.0,1.0,2.0,3.0,9.0,23.0,71.0,0.4,0.0,93.0,4.0,3.0,6.0,4.0,2.39130434782609,1.0,1.0,0.0,3.0,1.0,0.0,3.0,1.0,0.53,0.47,2
884,10,0.0,0.0,1.0,2.0,0.0,1.0,2.0,3.0,9.0,23.0,37.0,12.54,0.0,93.0,4.0,3.0,6.0,4.0,2.39130434782609,1.0,1.0,0.0,3.0,1.1,0.0,3.0,1.0,0.57,0.43,2
884,11,0.0,0.0,1.0,2.0,0.0,1.0,2.0,3.0,9.0,23.0,37.0,12.79,0.0,93.0,4.0,3.0,6.0,4.0,2.39130434782609,1.0,1.0,0.0,3.0,1.1,0.0,3.0,1.0,0.57,0.43,2
884,12,0.0,0.0,1.0,2.0,0.0,1.0,2.0,3.0,9.0,23.0,64.0,0.4,0.0,93.0,4.0,3.0,6.0,4.0,2.39130434782609,1.0,1.0,0.0,3.0,1.1,0.0,3.0,1.0,0.53,0.47,2
884,13,0.0,0.0,1.0,2.0,0.0,1.0,2.0,3.0,9.0,23.0,13.0,0.4,0.0,93.0,4.0,3.0,6.0,4.0,2.39130434782609,1.0,1.0,0.0,3.0,1.0,0.0,3.0,1.0,0.6,0.4,2
884,14,0.0,0.0,1.0,2.0,0.0,1.0,2.0,3.0,9.0,23.0,15.0,0.4,0.0,93.0,4.0,3.0,6.0,4.0,2.39130434782609,1.0,1.0,0.0,3.0,1.0,0.0,3.0,1.0,0.6,0.4,2
884,15,0.0,0.0,1.0,2.0,0.0,1.0,2.0,3.0,9.0,23.0,87.0,0.4,0.0,93.0,4.0,3.0,6.0,4.0,2.39130434782609,1.0,1.0,0.0,3.0,1.0,0.0,3.0,1.0,0.53,0.47,2
884,16,0.0,0.0,1.0,2.0,0.0,1.0,2.0,3.0,9.0,40.0,37.0,0.4,0.0,93.0,4.0,3.0,6.0,4.0,2.39130434782609,1.0,1.0,0.0,3.0,1.1,0.0,3.0,1.0,0.53,0.47,2
884,17,0.0,0.0,1.0,2.0,0.0,1.0,2.0,3.0,9.0,23.0,37.0,0.4,0.0,93.0,4.0,3.0,6.0,4.0,2.39130434782609,1.0,1.0,0.0,3.0,1.1,0.0,3.0,1.0,0.53,0.47,1
884,18,0.0,0.0,1.0,2.0,0.0,1.0,2.0,3.0,9.0,23.0,116.0,0.4,0.0,93.0,4.0,3.0,6.0,4.0,2.39130434782609,1.0,1.0,0.0,3.0,1.0,0.0,3.0,1.0,0.53,0.47,2
884,19,0.0,0.0,1.0,2.0,0.0,1.0,2.0,3.0,9.0,23.0,90.0,0.4,0.0,93.0,4.0,3.0,6.0,4.0,2.39130434782609,1.0,1.0,0.0,3.0,1.1,0.0,3.0,1.0,0.53,0.47,2
886,0,0.0,0.0,1.0,16.0,0.0,1.0,2.0,2.0,5.0,14.0,22.0,0.39,0.0,90.0,4.0,3.0,13.0,2.0,2.37037037037037,0.0,0.0,0.0,2.0,1.0,0.0,3.0,1.0,0.66,0.34,2
886,1,0.0,0.0,1.0,1.0,0.0,1.0,2.0,2.0,35.0,14.0,22.0,0.39,0.0,90.0,4.0,3.0,13.0,2.0,2.37037037037037,0.0,0.0,0.0,2.0,1.1,0.0,3.0,1.0,0.71,0.29,2
886,2,0.0,0.0,1.0,0.0,0.0,1.0,2.0,2.0,5.0,14.0,22.0,0.39,0.0,90.0,4.0,3.0,13.0,2.0,2.37037037037037,0.0,0.0,0.0,2.0,0.9,0.0,3.0,1.0,0.6,0.4,2
886,3,0.0,0.0,1.0,1.0,0.0,1.0,2.0,2.0,5.0,14.0,43.0,0.39,0.0,90.0,4.0,3.0,13.0,2.0,2.37037037037037,0.0,0.0,0.0,2.0,1.0,0.0,3.0,1.0,0.7,0.3,2
886,4,0.0,0.0,1.0,1.0,0.0,1.0,2.0,2.0,5.0,14.0,14.0,0.39,0.0,90.0,4.0,3.0,13.0,2.0,2.37037037037037,0.0,0.0,0.0,2.0,0.9,0.0,3.0,1.0,0.59,0.41,2
886,5,0.0,0.0,1.0,1.0,0.0,1.0,2.0,2.0,5.0,14.0,2.0,0.39,0.0,90.0,4.0,3.0,13.0,2.0,2.37037037037037,0.0,0.0,0.0,2.0,0.8,0.0,3.0,1.0,0.53,0.47,2
886,6,0.0,0.0,1.0,1.0,0.0,1.0,2.0,2.0,5.0,14.0,89.0,0.39,0.0,90.0,4.0,3.0,13.0,2.0,2.37037037037037,0.0,0.0,0.0,2.0,1.1,0.0,3.0,1.0,0.67,0.33,2
886,7,0.0,0.0,1.0,1.0,0.0,1.0,2.0,2.0,5.0,14.0,22.0,0.39,0.0,90.0,4.0,3.0,13.0,2.0,2.37037037037037,0.0,0.0,0.0,2.0,1.0,0.0,3.0,1.0,0.74,0.26,1
886,8,0.0,0.0,1.0,1.0,0.0,1.0,2.0,2.0,5.0,14.0,22.0,11.26,0.0,90.0,4.0,3.0,13.0,2.0,2.37037037037037,0.0,0.0,0.0,2.0,1.0,0.0,3.0,1.0,0.71,0.29,2
886,9,0.0,0.0,1.0,1.0,0.0,1.0,2.0,2.0,5.0,14.0,22.0,9.93,0.0,90.0,4.0,3.0,13.0,2.0,2.37037037037037,0.0,0.0,0.0,2.0,0.9,0.0,3.0,1.0,0.56,0.44,2
886,10,0.0,0.0,1.0,1.0,0.0,1.0,2.0,2.0,39.0,14.0,22.0,0.39,0.0,90.0,4.0,3.0,13.0,2.0,2.37037037037037,0.0,0.0,0.0,2.0,0.9,0.0,3.0,1.0,0.53,0.47,2
886,11,0.0,0.0,1.0,1.0,0.0,1.0,2.0,2.0,5.0,14.0,22.0,11.14,0.0,90.0,4.0,3.0,13.0,2.0,2.37037037037037,0.0,0.0,0.0,2.0,1.0,0.0,3.0,1.0,0.71,0.29,2
886,12,0.0,0.0,1.0,1.0,0.0,1.0,2.0,2.0,25.0,14.0,22.0,0.39,0.0,90.0,4.0,3.0,13.0,2.0,2.37037037037037,0.0,0.0,0.0,2.0,1.1,0.0,3.0,1.0,0.71,0.29,2
886,13,0.0,0.0,1.0,1.0,0.0,1.0,2.0,2.0,37.0,14.0,22.0,0.39,0.0,90.0,4.0,3.0,13.0,2.0,2.37037037037037,0.0,0.0,0.0,2.0,1.1,0.0,3.0,1.0,0.71,0.29,2
886,14,0.0,0.0,1.0,1.0,0.0,1.0,2.0,2.0,5.0,14.0,22.0,12.86,0.0,90.0,4.0,3.0,13.0,2.0,2.37037037037037,0.0,0.0,0.0,2.0,1.1,0.0,3.0,1.0,0.71,0.29,2
886,15,0.0,0.0,1.0,0.0,0.0,1.0,2.0,2.0,5.0,14.0,22.0,0.39,0.0,90.0,4.0,3.0,13.0,2.0,2.37037037037037,0.0,0.0,0.0,2.0,0.8,0.0,3.0,1.0,0.54,0.46,2
886,16,0.0,0.0,1.0,1.0,0.0,1.0,2.0,2.0,5.0,14.0,71.0,0.39,0.0,90.0,4.0,3.0,13.0,2.0,2.37037037037037,0.0,0.0,0.0,2.0,1.0,0.0,3.0,1.0,0.67,0.33,2
886,17,0.0,0.0,1.0,22.0,0.0,1.0,2.0,2.0,5.0,14.0,22.0,0.39,0.0,90.0,4.0,3.0,13.0,2.0,2.37037037037037,0.0,0.0,0.0,2.0,1.0,0.0,3.0,1.0,0.66,0.34,2
886,18,0.0,0.0,1.0,1.0,0.0,1.0,2.0,2.0,5.0,14.0,22.0,12.93,0.0,90.0,4.0,3.0,13.0,2.0,2.37037037037037,0.0,0.0,0.0,2.0,1.1,0.0,3.0,1.0,0.71,0.29,2
886,19,0.0,0.0,1.0,1.0,0.0,1.0,2.0,2.0,5.0,14.0,22.0,11.28,0.0,90.0,4.0,3.0,13.0,2.0,2.37037037037037,0.0,0.0,0.0,2.0,1.0,0.0,3.0,1.0,0.71,0.29,2
913,0,1.0,0.0,1.0,5.0,0.0,0.0,2.0,1.0,1.0,15.0,26.0,0.18,0.0,89.0,1.0,1.0,8.0,3.0,2.46428571428571,0.0,0.0,0.0,5.0,1.0,0.0,3.0,0.0,0.68,0.32,2
913,1,1.0,0.0,1.0,3.0,0.0,0.0,2.0,1.0,1.0,15.0,91.0,0.18,0.0,89.0,1.0,1.0,8.0,3.0,2.46428571428571,0.0,0.0,0.0,5.0,0.9,0.0,3.0,0.0,0.56,0.44,2
913,2,1.0,0.0,1.0,3.0,0.0,0.0,2.0,1.0,1.0,15.0,26.0,0.18,0.0,89.0,1.0,1.0,8.0,3.0,2.46428571428571,0.0,0.0,0.0,8.0,0.9,0.0,3.0,0.0,0.62,0.38,2
913,3,1.0,0.0,1.0,3.0,0.0,0.0,2.0,1.0,1.0,15.0,16.0,0.18,0.0,89.0,1.0,1.0,8.0,3.0,2.46428571428571,0.0,0.0,0.0,5.0,1.0,0.0,3.0,0.0,0.71,0.29,2
913,4,1.0,0.0,1.0,3.0,0.0,0.0,2.0,1.0,1.0,15.0,26.0,0.18,0.0,89.0,1.0,1.0,8.0,3.0,2.46428571428571,0.0,0.0,0.0,3.0,0.8,0.0,3.0,0.0,0.55,0.45,2
913,5,1.0,0.0,1.0,3.0,0.0,0.0,2.0,1.0,1.0,15.0,40.0,0.18,0.0,89.0,1.0,1.0,8.0,3.0,2.46428571428571,0.0,0.0,0.0,5.0,0.9,0.0,3.0,0.0,0.57,0.43,2
913,6,1.0,0.0,1.0,22.0,0.0,0.0,2.0,1.0,1.0,15.0,26.0,0.18,0.0,89.0,1.0,1.0,8.0,3.0,2.46428571428571,0.0,0.0,0.0,5.0,1.0,0.0,3.0,0.0,0.67,0.33,2
913,7,1.0,0.0,1.0,3.0,0.0,0.0,2.0,1.0,1.0,15.0,26.0,0.18,0.0,89.0,1.0,1.0,8.0,3.0,2.46428571428571,0.0,0.0,0.0,14.0,1.1,0.0,3.0,0.0,0.65,0.35,2
913,8,1.0,0.0,1.0,3.0,0.0,0.0,2.0,1.0,1.0,15.0,26.0,0.18,0.0,89.0,1.0,1.0,51.0,3.0,2.46428571428571,0.0,0.0,0.0,5.0,1.1,0.0,3.0,0.0,0.67,0.33,2
913,9,1.0,0.0,1.0,3.0,0.0,0.0,2.0,1.0,1.0,15.0,26.0,0.18,0.0,89.0,1.0,1.0,21.0,3.0,2.46428571428571,0.0,0.0,0.0,5.0,1.1,0.0,3.0,0.0,0.67,0.33,2
913,10,1.0,0.0,1.0,3.0,0.0,0.0,2.0,1.0,1.0,15.0,54.0,0.18,0.0,89.0,1.0,1.0,8.0,3.0,2.46428571428571,0.0,0.0,0.0,5.0,1.0,0.0,3.0,0.0,0.71,0.29,2
913,11,1.0,0.0,1.0,3.0,0.0,0.0,2.0,1.0,1.0,15.0,26.0,0.18,0.0,89.0,1.0,1.0,8.0,3.0,2.46428571428571,0.0,0.0,0.0,19.0,0.9,0.0,3.0,0.0,0.64,0.36,2
913,12,1.0,0.0,1.0,8.0,0.0,0.0,2.0,1.0,1.0,15.0,26.0,0.18,0.0,89.0,1.0,1.0,8.0,3.0,2.46428571428571,0.0,0.0,0.0,5.0,1.0,0.0,3.0,0.0,0.68,0.32,2
913,13,1.0,0.0,1.0,3.0,0.0,0.0,2.0,1.0,1.0,15.0,26.0,0.18,0.0,89.0,1.0,1.0,71.0,3.0,2.46428571428571,0.0,0.0,0.0,5.0,1.1,0.0,3.0,0.0,0.67,0.33,2
913,14,1.0,0.0,1.0,3.0,0.0,0.0,2.0,1.0,1.0,15.0,26.0,0.18,0.0,89.0,1.0,1.0,8.0,3.0,2.46428571428571,0.0,0.0,0.0,10.0,1.0,0.0,3.0,0.0,0.63,0.37,2
913,15,1.0,0.0,1.0,3.0,0.0,0.0,2.0,1.0,1.0,15.0,121.0,0.18,0.0,89.0,1.0,1.0,8.0,3.0,2.46428571428571,0.0,0.0,0.0,5.0,1.0,0.0,3.0,0.0,0.71,0.29,2
913,16,1.0,0.0,1.0,18.0,0.0,0.0,2.0,1.0,1.0,15.0,26.0,0.18,0.0,89.0,1.0,1.0,8.0,3.0,2.46428571428571,0.0,0.0,0.0,5.0,0.9,0.0,3.0,0.0,0.57,0.43,2
913,17,1.0,0.0,1.0,5.0,0.0,0.0,2.0,1.0,1.0,15.0,26.0,0.18,0.0,89.0,1.0,1.0,8.0,3.0,2.46428571428571,0.0,0.0,0.0,5.0,1.1,0.0,3.0,0.0,0.68,0.32,2
913,18,1.0,0.0,1.0,3.0,0.0,0.0,2.0,1.0,1.0,15.0,26.0,0.18,0.0,89.0,1.0,1.0,8.0,3.0,2.46428571428571,0.0,0.0,0.0,2.0,0.9,0.0,3.0,0.0,0.62,0.38,2
913,19,1.0,0.0,1.0,3.0,0.0,0.0,2.0,1.0,1.0,15.0,125.0,0.18,0.0,89.0,1.0,1.0,8.0,3.0,2.46428571428571,0.0,0.0,0.0,5.0,1.0,0.0,3.0,0.0,0.71,0.29,2
914,0,2.0,0.0,1.0,4.0,2.0,1.0,4.0,1.0,0.0,1.0,7.0,0.18,0.0,57.0,2.0,1.0,16.0,1.0,4.44444444444444,1.0,1.0,0.0,2.0,0.9,0.0,4.0,1.0,0.73,0.27,2
914,1,2.0,0.0,1.0,4.0,2.0,1.0,4.0,1.0,0.0,1.0,7.0,6.86,0.0,57.0,2.0,1.0,16.0,1.0,4.44444444444444,1.0,1.0,0.0,2.0,0.5,0.0,5.0,1.0,0.53,0.47,2
914,2,2.0,0.0,1.0,4.0,2.0,1.0,4.0,1.0,0.0,1.0,7.0,10.17,0.0,57.0,2.0,1.0,16.0,1.0,4.44444444444444,1.0,1.0,0.0,2.0,0.5,0.0,3.0,1.0,0.55,0.45,1
914,3,2.0,0.0,1.0,4.0,2.0,1.0,4.0,1.0,0.0,1.0,7.0,2.0,0.0,57.0,2.0,1.0,16.0,1.0,4.44444444444444,1.0,1.0,0.0,2.0,0.5,0.0,3.0,1.0,0.54,0.46,1
914,4,2.0,0.0,1.0,4.0,2.0,1.0,4.0,1.0,0.0,1.0,7.0,9.35,0.0,57.0,2.0,1.0,16.0,1.0,4.44444444444444,1.0,25.0,0.0,2.0,0.5,0.0,3.0,1.0,0.63,0.37,2
914,5,2.0,0.0,1.0,4.0,2.0,1.0,4.0,1.0,0.0,1.0,7.0,0.18,0.0,57.0,2.0,1.0,16.0,1.0,4.44444444444444,1.0,30.0,0.0,2.0,0.5,0.0,3.0,1.0,0.51,0.49,1
914,6,2.0,0.0,1.0,4.0,2.0,1.0,4.0,1.0,0.0,1.0,7.0,1.74,0.0,57.0,2.0,1.0,16.0,1.0,4.44444444444444,1.0,1.0,0.0,2.0,0.5,0.0,4.0,1.0,0.51,0.49,2
914,7,2.0,0.0,1.0,4.0,2.0,1.0,4.0,1.0,0.0,1.0,7.0,9.24,0.0,57.0,2.0,1.0,16.0,1.0,4.44444444444444,1.0,1.0,0.0,2.0,0.5,0.0,4.0,1.0,0.53,0.47,2
914,8,2.0,0.0,1.0,4.0,2.0,1.0,4.0,1.0,0.0,1.0,7.0,0.18,12.0,57.0,2.0,1.0,16.0,1.0,4.44444444444444,1.0,1.0,0.0,2.0,0.5,0.0,4.0,1.0,0.54,0.46,2
914,9,2.0,0.0,1.0,4.0,2.0,1.0,4.0,1.0,0.0,1.0,7.0,3.85,0.0,57.0,2.0,1.0,16.0,1.0,4.44444444444444,1.0,1.0,0.0,2.0,0.5,0.0,3.0,1.0,0.55,0.45,1
914,10,2.0,0.0,1.0,4.0,2.0,1.0,4.0,1.0,0.0,1.0,7.0,1.67,0.0,57.0,2.0,1.0,16.0,1.0,4.44444444444444,1.0,1.0,0.0,2.0,0.5,0.0,3.0,1.0,0.53,0.47,1
914,11,2.0,0.0,1.0,4.0,2.0,1.0,4.0,1.0,0.0,1.0,7.0,0.98,0.0,57.0,2.0,1.0,16.0,1.0,4.44444444444444,1.0,1.0,0.0,2.0,0.4,0.0,3.0,1.0,0.53,0.47,2
914,12,2.0,0.0,1.0,4.0,2.0,1.0,4.0,1.0,0.0,1.0,7.0,6.31,0.0,57.0,2.0,1.0,16.0,1.0,4.44444444444444,1.0,1.0,0.0,2.0,0.5,0.0,2.0,1.0,0.57,0.43,2
914,13,2.0,0.0,1.0,4.0,2.0,1.0,4.0,1.0,0.0,1.0,7.0,8.51,0.0,57.0,2.0,1.0,16.0,1.0,4.44444444444444,1.0,12.0,0.0,2.0,0.5,0.0,3.0,1.0,0.62,0.38,2
914,14,2.0,0.0,1.0,4.0,2.0,1.0,4.0,1.0,0.0,1.0,7.0,4.35,0.0,57.0,2.0,1.0,16.0,1.0,4.44444444444444,1.0,23.0,0.0,2.0,0.5,0.0,3.0,1.0,0.63,0.37,2
914,15,2.0,0.0,1.0,4.0,2.0,1.0,4.0,1.0,0.0,1.0,7.0,9.12,0.0,57.0,2.0,1.0,16.0,1.0,4.44444444444444,1.0,1.0,0.0,2.0,0.5,0.0,5.0,1.0,0.53,0.47,2
914,16,2.0,0.0,1.0,4.0,2.0,1.0,4.0,1.0,0.0,1.0,7.0,0.18,7.0,57.0,2.0,1.0,16.0,1.0,4.44444444444444,1.0,0.0,0.0,2.0,0.5,0.0,3.0,1.0,0.51,0.49,2
914,17,2.0,0.0,1.0,4.0,2.0,1.0,4.0,1.0,0.0,1.0,7.0,0.18,12.0,57.0,2.0,1.0,16.0,1.0,4.44444444444444,1.0,1.0,0.0,2.0,0.5,0.0,3.0,1.0,0.53,0.47,1
914,18,2.0,0.0,1.0,4.0,2.0,1.0,4.0,1.0,0.0,1.0,7.0,8.94,0.0,57.0,2.0,1.0,16.0,1.0,4.44444444444444,1.0,1.0,0.0,2.0,0.5,0.0,4.0,1.0,0.53,0.47,2
914,19,2.0,0.0,1.0,4.0,2.0,1.0,4.0,1.0,0.0,1.0,7.0,11.1,0.0,57.0,2.0,1.0,16.0,1.0,4.44444444444444,1.0,10.0,0.0,2.0,0.5,0.0,3.0,1.0,0.63,0.37,2
975,0,1.0,0.0,1.0,1.0,0.0,0.0,1.0,2.0,5.0,8.0,4.0,5.87,1.0,80.0,3.0,0.0,10.0,2.0,3.3,1.0,1.0,0.0,0.0,0.0,0.0,1.0,0.0,0.57,0.43,1
975,1,1.0,0.0,1.0,1.0,0.0,0.0,1.0,2.0,5.0,8.0,4.0,7.86,1.0,80.0,3.0,0.0,10.0,2.0,3.3,1.0,1.0,0.0,0.0,0.8,0.0,1.0,0.0,0.74,0.26,2
975,2,1.0,0.0,1.0,1.0,0.0,0.0,1.0,2.0,5.0,8.0,53.0,0.24,1.0,80.0,3.0,0.0,10.0,2.0,3.3,1.0,1.0,0.0,0.0,1.1,0.0,1.0,0.0,0.85,0.15,2
975,3,1.0,0.0,1.0,1.0,0.0,0.0,1.0,2.0,5.0,8.0,1.0,0.24,1.0,80.0,3.0,0.0,0.0,2.0,3.3,1.0,1.0,0.0,0.0,0.0,0.0,1.0,0.0,0.51,0.49,2
975,4,1.0,0.0,1.0,1.0,0.0,0.0,1.0,2.0,34.0,8.0,4.0,10.91,1.0,80.0,3.0,0.0,10.0,2.0,3.3,1.0,1.0,0.0,0.0,0.0,0.0,1.0,0.0,0.53,0.47,2
975,5,1.0,0.0,1.0,1.0,0.0,0.0,1.0,2.0,5.0,8.0,4.0,10.59,1.0,80.0,3.0,0.0,27.0,2.0,3.3,1.0,1.0,0.0,0.0,0.0,0.0,1.0,0.0,0.59,0.41,2
975,6,1.0,0.0,1.0,1.0,0.0,0.0,1.0,2.0,5.0,8.0,4.0,4.25,1.0,80.0,3.0,0.0,27.0,2.0,3.3,1.0,1.0,0.0,0.0,0.0,0.0,1.0,0.0,0.59,0.41,2
975,7,1.0,0.0,1.0,1.0,0.0,0.0,1.0,2.0,5.0,8.0,4.0,10.61,1.0,80.0,3.0,0.0,10.0,2.0,3.3,1.0,1.0,0.0,0.0,1.0,0.0,1.0,0.0,0.9,0.1,2
975,8,1.0,0.0,1.0,1.0,0.0,0.0,1.0,2.0,5.0,8.0,4.0,1.82,1.0,80.0,3.0,0.0,10.0,2.0,3.3,1.0,1.0,0.0,0.0,0.0,0.0,1.0,0.0,0.58,0.42,1
975,9,1.0,0.0,1.0,1.0,0.0,0.0,1.0,2.0,5.0,8.0,4.0,8.59,1.0,80.0,3.0,0.0,12.0,2.0,3.3,1.0,1.0,0.0,0.0,0.0,0.0,1.0,0.0,0.56,0.44,2
975,10,1.0,0.0,1.0,1.0,0.0,0.0,1.0,2.0,5.0,8.0,4.0,3.18,1.0,80.0,3.0,0.0,10.0,2.0,3.3,1.0,1.0,0.0,0.0,0.0,0.0,1.0,0.0,0.57,0.43,1
975,11,1.0,0.0,1.0,1.0,0.0,0.0,1.0,2.0,5.0,8.0,4.0,2.42,1.0,80.0,3.0,0.0,10.0,2.0,3.3,1.0,1.0,0.0,0.0,0.0,0.0,1.0,0.0,0.58,0.42,1
975,12,1.0,0.0,1.0,1.0,0.0,0.0,1.0,2.0,5.0,8.0,4.0,2.36,1.0,80.0,3.0,0.0,37.0,2.0,3.3,1.0,1.0,0.0,0.0,0.0,0.0,1.0,0.0,0.6,0.4,2
975,13,1.0,0.0,1.0,1.0,0.0,0.0,1.0,2.0,5.0,8.0,4.0,11.28,1.0,80.0,3.0,0.0,10.0,2.0,3.3,1.0,1.0,0.0,0.0,1.0,0.0,1.0,0.0,0.9,0.1,2
975,14,1.0,0.0,1.0,1.0,0.0,0.0,1.0,2.0,5.0,8.0,4.0,11.53,1.0,80.0,3.0,0.0,10.0,2.0,3.3,1.0,1.0,0.0,0.0,0.0,0.0,1.0,0.0,0.57,0.43,1
975,15,1.0,0.0,1.0,1.0,0.0,0.0,1.0,2.0,5.0,8.0,4.0,13.03,1.0,80.0,3.0,0.0,10.0,2.0,3.3,1.0,1.0,0.0,0.0,0.0,0.0,1.0,0.0,0.57,0.43,1
975,16,1.0,0.0,1.0,1.0,0.0,0.0,1.0,2.0,5.0,8.0,4.0,12.52,1.0,80.0,3.0,0.0,68.0,2.0,3.3,1.0,1.0,0.0,0.0,0.0,0.0,1.0,0.0,0.59,0.41,2
975,17,1.0,0.0,1.0,1.0,0.0,0.0,1.0,2.0,18.0,8.0,4.0,10.16,1.0,80.0,3.0,0.0,10.0,2.0,3.3,1.0,1.0,0.0,0.0,0.0,0.0,1.0,0.0,0.53,0.47,2
975,18,1.0,0.0,1.0,1.0,0.0,0.0,1.0,2.0,5.0,8.0,4.0,10.58,1.0,80.0,3.0,0.0,10.0,2.0,3.3,1.0,1.0,0.0,0.0,0.9,0.0,1.0,0.0,0.79,0.21,2
991,0,0.0,0.0,1.0,0.0,0.0,1.0,1.0,1.0,6.0,4.0,10.0,0.46,0.0,70.0,5.0,0.0,3.0,1.0,1.83333333333333,1.0,2.0,0.0,0.0,1.0,0.0,2.0,0.0,0.93,0.07,2
991,1,0.0,0.0,1.0,0.0,0.0,1.0,1.0,1.0,6.0,4.0,26.0,0.46,0.0,70.0,5.0,0.0,3.0,1.0,1.83333333333333,1.0,2.0,0.0,0.0,0.9,0.0,2.0,0.0,0.64,0.36,2
991,2,0.0,0.0,1.0,0.0,0.0,1.0,1.0,1.0,6.0,4.0,1.0,0.46,0.0,70.0,5.0,0.0,3.0,1.0,1.83333333333333,1.0,2.0,0.0,0.0,1.0,0.0,2.0,0.0,0.91,0.09,2
991,3,0.0,0.0,1.0,0.0,0.0,1.0,1.0,1.0,22.0,4.0,0.0,0.46,0.0,70.0,5.0,0.0,3.0,1.0,1.83333333333333,1.0,2.0,0.0,0.0,0.9,0.0,2.0,0.0,0.67,0.33,2
991,4,0.0,0.0,1.0,0.0,0.0,1.0,1.0,1.0,6.0,4.0,106.0,0.46,0.0,70.0,5.0,0.0,3.0,1.0,1.83333333333333,1.0,2.0,0.0,0.0,0.8,0.0,2.0,0.0,0.54,0.46,2
991,5,0.0,0.0,1.0,0.0,0.0,1.0,1.0,1.0,6.0,4.0,5.0,0.46,0.0,70.0,5.0,0.0,3.0,1.0,1.83333333333333,1.0,2.0,0.0,0.0,1.0,0.0,2.0,0.0,0.92,0.08,2
991,6,0.0,0.0,1.0,0.0,0.0,1.0,1.0,1.0,6.0,4.0,86.0,0.46,0.0,70.0,5.0,0.0,3.0,1.0,1.83333333333333,1.0,2.0,0.0,0.0,0.9,0.0,2.0,0.0,0.63,0.37,2
991,7,0.0,0.0,1.0,0.0,0.0,1.0,1.0,1.0,6.0,4.0,0.0,0.69,0.0,70.0,5.0,0.0,3.0,1.0,1.83333333333333,1.0,2.0,0.0,0.0,0.0,0.0,2.0,3.0,0.51,0.49,2
991,8,0.0,0.0,1.0,0.0,0.0,1.0,1.0,1.0,1.0,4.0,0.0,0.46,0.0,70.0,5.0,0.0,3.0,1.0,1.83333333333333,1.0,2.0,0.0,0.0,0.0,0.0,2.0,4.0,0.59,0.41,2
991,9,0.0,0.0,1.0,0.0,0.0,1.0,1.0,1.0,6.0,4.0,0.0,11.91,0.0,70.0,5.0,0.0,3.0,1.0,1.83333333333333,1.0,2.0,0.0,0.0,1.0,0.0,2.0,0.0,0.87,0.13,2
991,10,0.0,0.0,1.0,0.0,0.0,1.0,1.0,1.0,6.0,4.0,0.0,9.94,0.0,70.0,5.0,0.0,3.0,1.0,1.83333333333333,1.0,2.0,0.0,0.0,0.9,0.0,2.0,0.0,0.69,0.31,2
991,11,0.0,0.0,1.0,0.0,0.0,1.0,1.0,1.0,6.0,4.0,54.0,0.46,0.0,70.0,5.0,0.0,3.0,1.0,1.83333333333333,1.0,2.0,0.0,0.0,1.0,0.0,2.0,0.0,0.74,0.26,2
991,12,0.0,0.0,1.0,0.0,0.0,1.0,1.0,1.0,6.0,4.0,0.0,8.14,0.0,70.0,5.0,0.0,3.0,1.0,1.83333333333333,1.0,2.0,0.0,0.0,0.8,0.0,2.0,0.0,0.58,0.42,2
991,13,0.0,0.0,1.0,0.0,0.0,1.0,1.0,1.0,3.0,4.0,0.0,0.46,0.0,70.0,5.0,0.0,3.0,1.0,1.83333333333333,1.0,2.0,0.0,0.0,0.0,0.0,2.0,1.0,0.52,0.48,2
991,14,0.0,0.0,1.0,0.0,0.0,1.0,1.0,1.0,6.0,4.0,0.0,0.46,0.0,70.0,5.0,0.0,3.0,1.0,1.83333333333333,1.0,2.0,0.0,0.0,0.7,0.0,2.0,3.0,0.53,0.47,2
991,15,0.0,0.0,1.0,0.0,0.0,1.0,1.0,1.0,27.0,4.0,0.0,0.46,0.0,70.0,5.0,0.0,3.0,1.0,1.83333333333333,1.0,2.0,0.0,0.0,1.0,0.0,2.0,0.0,0.85,0.15,2
991,16,0.0,0.0,1.0,0.0,0.0,1.0,1.0,1.0,6.0,4.0,96.0,0.46,0.0,70.0,5.0,0.0,3.0,1.0,1.83333333333333,1.0,2.0,0.0,0.0,0.8,0.0,2.0,0.0,0.54,0.46,2
991,17,0.0,0.0,1.0,0.0,0.0,1.0,1.0,1.0,6.0,4.0,97.0,0.46,0.0,70.0,5.0,0.0,3.0,1.0,1.83333333333333,1.0,2.0,0.0,0.0,1.0,0.0,2.0,0.0,0.74,0.26,2
1009,0,0.0,0.0,1.0,0.0,2.0,6.0,3.0,1.0,0.0,0.0,11.0,3.81,6.0,0.0,6.0,3.0,12.0,1.0,0.545454545454545,0.0,2.0,0.0,1.0,1.0,0.0,2.0,0.0,0.6,0.4,2
1009,1,0.0,0.0,1.0,0.0,2.0,6.0,3.0,1.0,0.0,0.0,11.0,0.25,6.0,0.0,0.0,3.0,12.0,1.0,0.545454545454545,0.0,2.0,0.0,1.0,1.0,0.0,2.0,0.0,0.62,0.38,2
1009,2,0.0,0.0,1.0,0.0,2.0,6.0,3.0,1.0,0.0,0.0,11.0,0.25,6.0,0.0,2.0,3.0,7.0,1.0,0.545454545454545,0.0,2.0,0.0,1.0,1.0,0.0,2.0,2.0,0.51,0.49,2
1009,3,0.0,0.0,1.0,0.0,2.0,6.0,3.0,1.0,0.0,0.0,11.0,6.68,6.0,0.0,6.0,3.0,12.0,1.0,0.545454545454545,0.0,2.0,0.0,1.0,0.7,0.0,2.0,2.0,0.61,0.39,2
1009,4,0.0,0.0,1.0,0.0,2.0,6.0,3.0,1.0,0.0,0.0,11.0,8.86,6.0,0.0,6.0,3.0,12.0,1.0,0.545454545454545,0.0,2.0,0.0,1.0,0.8,0.0,2.0,2.0,0.56,0.44,2
1009,5,0.0,0.0,1.0,0.0,2.0,6.0,3.0,1.0,0.0,0.0,11.0,6.67,6.0,0.0,6.0,3.0,12.0,1.0,0.545454545454545,0.0,2.0,0.0,1.0,0.7,0.0,2.0,2.0,0.61,0.39,2
1009,6,0.0,0.0,1.0,0.0,2.0,6.0,3.0,1.0,0.0,0.0,11.0,9.93,6.0,0.0,6.0,3.0,7.0,1.0,0.545454545454545,0.0,2.0,0.0,1.0,1.0,0.0,2.0,2.0,0.56,0.44,2
1009,7,0.0,0.0,1.0,0.0,2.0,6.0,3.0,1.0,0.0,0.0,11.0,0.25,6.0,0.0,4.0,3.0,5.0,1.0,0.545454545454545,0.0,2.0,0.0,1.0,1.0,0.0,2.0,2.0,0.55,0.45,2
1009,8,0.0,0.0,1.0,0.0,2.0,6.0,3.0,1.0,0.0,0.0,11.0,2.94,6.0,0.0,6.0,3.0,12.0,1.0,0.545454545454545,0.0,2.0,0.0,1.0,0.5,0.0,2.0,2.0,0.58,0.42,2
1009,9,0.0,0.0,1.0,0.0,2.0,6.0,3.0,1.0,0.0,0.0,11.0,1.94,6.0,0.0,6.0,3.0,12.0,1.0,0.545454545454545,0.0,2.0,0.0,1.0,0.4,0.0,2.0,2.0,0.58,0.42,2
1009,10,0.0,0.0,1.0,0.0,2.0,6.0,3.0,1.0,0.0,0.0,11.0,7.58,6.0,0.0,6.0,3.0,12.0,1.0,0.545454545454545,0.0,2.0,0.0,1.0,0.8,0.0,2.0,2.0,0.56,0.44,2
1009,11,0.0,0.0,1.0,0.0,2.0,6.0,3.0,1.0,0.0,0.0,11.0,0.25,6.0,0.0,6.0,3.0,0.0,1.0,0.545454545454545,0.0,2.0,0.0,1.0,1.0,0.0,2.0,0.0,0.65,0.35,2
1009,12,0.0,0.0,1.0,0.0,2.0,6.0,3.0,1.0,0.0,0.0,11.0,0.25,6.0,0.0,0.0,3.0,0.0,1.0,0.545454545454545,0.0,2.0,0.0,1.0,1.0,0.0,2.0,2.0,0.55,0.45,2
1009,13,0.0,0.0,1.0,0.0,2.0,6.0,3.0,1.0,0.0,0.0,11.0,4.62,6.0,0.0,6.0,3.0,12.0,1.0,0.545454545454545,0.0,2.0,0.0,1.0,0.6,0.0,2.0,2.0,0.58,0.42,2
1009,14,0.0,0.0,1.0,0.0,2.0,6.0,3.0,1.0,0.0,0.0,11.0,0.25,6.0,0.0,6.0,3.0,2.0,1.0,0.545454545454545,0.0,2.0,0.0,1.0,1.0,0.0,2.0,1.0,0.64,0.36,2
1009,15,0.0,0.0,1.0,0.0,2.0,6.0,3.0,1.0,0.0,0.0,11.0,7.21,6.0,0.0,6.0,3.0,12.0,1.0,0.545454545454545,0.0,2.0,0.0,1.0,1.0,0.0,2.0,0.0,0.59,0.41,2
1009,16,0.0,0.0,1.0,0.0,2.0,6.0,3.0,1.0,0.0,0.0,11.0,0.9,6.0,0.0,6.0,3.0,12.0,1.0,0.545454545454545,0.0,2.0,0.0,1.0,0.4,0.0,2.0,2.0,0.57,0.43,2
1009,17,0.0,0.0,1.0,0.0,2.0,6.0,3.0,1.0,0.0,0.0,11.0,7.64,6.0,0.0,6.0,3.0,4.0,1.0,0.545454545454545,0.0,2.0,0.0,1.0,1.0,0.0,2.0,2.0,0.57,0.43,2
1009,18,0.0,0.0,1.0,0.0,2.0,6.0,3.0,1.0,0.0,0.0,11.0,13.14,6.0,0.0,6.0,3.0,12.0,1.0,0.545454545454545,0.0,2.0,0.0,1.0,1.0,0.0,2.0,1.0,0.57,0.43,2
1028,0,0.0,0.0,1.0,0.0,0.0,0.0,2.0,1.0,3.0,1.0,1.0,7.11,1.0,50.0,3.0,1.0,3.0,1.0,1.25,1.0,1.0,0.0,0.0,0.0,0.0,2.0,0.0,0.58,0.42,1
1028,1,0.0,0.0,1.0,0.0,0.0,0.0,2.0,1.0,3.0,1.0,1.0,3.91,1.0,50.0,3.0,1.0,3.0,1.0,1.25,1.0,1.0,0.0,0.0,0.0,0.0,2.0,4.0,0.71,0.29,2
1028,2,0.0,0.0,1.0,0.0,0.0,0.0,2.0,1.0,3.0,1.0,1.0,0.47,1.0,50.0,3.0,1.0,3.0,1.0,1.25,1.0,29.0,0.0,0.0,0.0,0.0,2.0,0.0,0.62,0.38,1
1028,3,0.0,0.0,1.0,0.0,0.0,0.0,2.0,1.0,3.0,1.0,1.0,11.91,1.0,50.0,3.0,1.0,3.0,1.0,1.25,1.0,1.0,0.0,0.0,0.0,0.0,2.0,0.0,0.58,0.42,1
1028,4,0.0,0.0,1.0,0.0,0.0,0.0,2.0,1.0,3.0,1.0,1.0,11.1,1.0,50.0,3.0,1.0,3.0,1.0,1.25,1.0,1.0,0.0,0.0,0.0,0.0,2.0,0.0,0.58,0.42,1
1028,5,0.0,0.0,1.0,0.0,0.0,0.0,0.0,1.0,3.0,1.0,1.0,0.47,1.0,50.0,3.0,1.0,3.0,1.0,1.25,1.0,1.0,0.0,0.0,0.0,0.0,2.0,4.0,0.76,0.24,2
1028,6,0.0,0.0,1.0,0.0,0.0,0.0,2.0,1.0,3.0,1.0,1.0,2.51,1.0,50.0,3.0,1.0,3.0,1.0,1.25,1.0,29.0,0.0,0.0,0.0,0.0,2.0,0.0,0.69,0.31,2
1028,7,0.0,0.0,1.0,0.0,0.0,0.0,6.0,1.0,3.0,1.0,1.0,10.21,1.0,50.0,3.0,1.0,3.0,1.0,1.25,1.0,1.0,0.0,0.0,0.0,0.0,2.0,0.0,0.54,0.46,2
1028,8,0.0,0.0,1.0,0.0,0.0,0.0,2.0,1.0,3.0,1.0,1.0,8.87,1.0,50.0,3.0,1.0,3.0,1.0,1.25,1.0,1.0,0.0,0.0,0.0,0.0,2.0,0.0,0.58,0.42,1
1028,9,0.0,0.0,1.0,0.0,0.0,0.0,2.0,1.0,3.0,1.0,1.0,0.29,1.0,50.0,3.0,1.0,3.0,1.0,1.25,1.0,30.0,0.0,0.0,0.0,0.0,2.0,0.0,0.54,0.46,2
1028,10,0.0,0.0,1.0,0.0,0.0,0.0,2.0,1.0,3.0,1.0,1.0,2.55,1.0,50.0,3.0,1.0,3.0,1.0,1.25,1.0,1.0,0.0,0.0,0.0,0.0,2.0,0.0,0.58,0.42,1
1028,11,0.0,0.0,1.0,0.0,0.0,0.0,2.0,1.0,3.0,1.0,1.0,0.47,1.0,50.0,3.0,1.0,3.0,1.0,1.25,1.0,1.0,0.0,0.0,0.8,0.0,2.0,3.0,0.64,0.36,2
1028,12,0.0,0.0,1.0,0.0,0.0,0.0,2.0,1.0,3.0,1.0,1.0,0.47,1.0,50.0,3.0,1.0,3.0,1.0,1.25,1.0,0.0,0.0,0.0,0.9,0.0,2.0,0.0,0.76,0.24,2
1028,13,0.0,0.0,1.0,0.0,0.0,0.0,2.0,1.0,3.0,1.0,1.0,0.47,1.0,50.0,3.0,1.0,3.0,1.0,1.25,1.0,17.0,0.0,0.0,0.0,0.0,2.0,3.0,0.66,0.34,2
1028,14,0.0,0.0,1.0,0.0,0.0,0.0,2.0,1.0,3.0,1.0,1.0,1.77,1.0,50.0,3.0,1.0,3.0,1.0,1.25,1.0,1.0,0.0,0.0,0.0,0.0,2.0,0.0,0.56,0.44,1
1028,15,0.0,0.0,1.0,0.0,0.0,0.0,12.0,1.0,3.0,1.0,1.0,5.04,1.0,50.0,3.0,1.0,3.0,1.0,1.25,1.0,1.0,0.0,0.0,0.0,0.0,2.0,0.0,0.54,0.46,2
1028,16,0.0,0.0,1.0,0.0,0.0,0.0,2.0,1.0,3.0,1.0,1.0,11.99,1.0,50.0,3.0,1.0,3.0,1.0,1.25,1.0,1.0,0.0,0.0,0.0,0.0,2.0,3.0,0.71,0.29,2
1028,17,0.0,0.0,1.0,0.0,0.0,0.0,2.0,1.0,3.0,1.0,1.0,6.7,1.0,50.0,3.0,1.0,3.0,1.0,1.25,1.0,1.0,0.0,0.0,0.0,0.0,2.0,0.0,0.58,0.42,1
1028,18,0.0,0.0,1.0,0.0,0.0,0.0,2.0,1.0,3.0,1.0,1.0,0.47,1.0,50.0,3.0,1.0,3.0,1.0,1.25,1.0,28.0,0.0,0.0,0.0,0.0,2.0,1.0,0.66,0.34,2
1028,19,0.0,0.0,1.0,0.0,0.0,0.0,4.0,1.0,3.0,1.0,1.0,7.05,1.0,50.0,3.0,1.0,3.0,1.0,1.25,1.0,1.0,0.0,0.0,0.0,0.0,2.0,0.0,0.54,0.46,2
1093,0,0.0,0.0,1.0,1.0,2.0,1.0,1.0,8.0,0.0,6.0,11.0,0.21,2.0,85.0,0.0,0.0,6.0,2.0,3.94594594594595,0.0,2.0,0.0,0.0,0.0,0.0,2.0,2.0,0.59,0.41,2
1093,1,0.0,0.0,1.0,1.0,2.0,1.0,1.0,8.0,0.0,6.0,37.0,8.09,2.0,85.0,5.0,0.0,6.0,2.0,3.94594594594595,0.0,2.0,0.0,0.0,0.8,0.0,2.0,2.0,0.53,0.47,2
1093,2,0.0,0.0,1.0,1.0,2.0,1.0,1.0,8.0,0.0,6.0,37.0,7.75,2.0,85.0,5.0,0.0,6.0,2.0,3.94594594594595,0.0,2.0,0.0,0.0,0.8,0.0,2.0,2.0,0.53,0.47,2
1093,3,0.0,0.0,1.0,1.0,2.0,1.0,1.0,8.0,0.0,6.0,37.0,0.21,2.0,85.0,2.0,0.0,6.0,2.0,3.94594594594595,0.0,2.0,0.0,0.0,1.1,0.0,2.0,2.0,0.63,0.37,2
1093,4,0.0,0.0,1.0,1.0,2.0,1.0,1.0,8.0,0.0,6.0,5.0,11.51,2.0,85.0,5.0,0.0,6.0,2.0,3.94594594594595,0.0,2.0,0.0,0.0,0.0,0.0,2.0,2.0,0.6,0.4,2
1093,5,0.0,0.0,1.0,1.0,2.0,1.0,1.0,8.0,0.0,6.0,7.0,6.3,2.0,85.0,5.0,0.0,6.0,2.0,3.94594594594595,0.0,2.0,0.0,0.0,0.0,0.0,2.0,2.0,0.6,0.4,2
1093,6,0.0,0.0,1.0,1.0,2.0,1.0,1.0,8.0,0.0,6.0,37.0,8.5,2.0,85.0,5.0,0.0,6.0,2.0,3.94594594594595,0.0,2.0,0.0,0.0,0.8,0.0,2.0,2.0,0.53,0.47,2
1093,7,0.0,0.0,1.0,1.0,2.0,1.0,1.0,8.0,0.0,6.0,37.0,0.21,2.0,85.0,5.0,0.0,0.0,2.0,3.94594594594595,0.0,2.0,0.0,0.0,1.1,0.0,2.0,2.0,0.65,0.35,2
1093,8,0.0,0.0,1.0,1.0,2.0,1.0,1.0,8.0,0.0,6.0,14.0,0.21,2.0,85.0,5.0,0.0,6.0,2.0,3.94594594594595,0.0,2.0,0.0,0.0,0.9,0.0,2.0,2.0,0.59,0.41,2
1093,9,0.0,0.0,1.0,1.0,2.0,1.0,1.0,8.0,0.0,6.0,37.0,8.88,2.0,85.0,5.0,0.0,6.0,2.0,3.94594594594595,0.0,2.0,0.0,0.0,0.8,0.0,2.0,2.0,0.53,0.47,2
1093,10,0.0,0.0,1.0,1.0,2.0,1.0,1.0,8.0,0.0,6.0,43.0,0.21,2.0,85.0,5.0,0.0,6.0,2.0,3.94594594594595,0.0,2.0,0.0,0.0,1.0,0.0,2.0,2.0,0.57,0.43,2
1093,11,0.0,0.0,1.0,1.0,2.0,1.0,1.0,8.0,0.0,6.0,37.0,8.94,2.0,85.0,5.0,0.0,6.0,2.0,3.94594594594595,0.0,2.0,0.0,0.0,0.9,0.0,2.0,2.0,0.61,0.39,2
1093,12,0.0,0.0,1.0,1.0,2.0,1.0,1.0,8.0,0.0,6.0,37.0,7.91,2.0,85.0,5.0,0.0,6.0,2.0,3.94594594594595,0.0,2.0,0.0,0.0,0.8,0.0,2.0,2.0,0.53,0.47,2
1093,13,0.0,0.0,1.0,1.0,2.0,1.0,1.0,8.0,0.0,6.0,13.0,0.21,2.0,85.0,5.0,0.0,6.0,2.0,3.94594594594595,0.0,2.0,0.0,0.0,1.0,0.0,2.0,2.0,0.71,0.29,2
1093,14,0.0,0.0,1.0,1.0,2.0,1.0,1.0,8.0,0.0,6.0,37.0,11.91,2.0,85.0,5.0,0.0,6.0,2.0,3.94594594594595,0.0,2.0,0.0,0.0,1.0,0.0,2.0,2.0,0.66,0.34,2
1093,15,0.0,0.0,1.0,1.0,2.0,1.0,1.0,8.0,0.0,6.0,37.0,12.95,2.0,85.0,5.0,0.0,6.0,2.0,3.94594594594595,0.0,2.0,0.0,0.0,1.1,0.0,2.0,2.0,0.66,0.34,2
1093,16,0.0,0.0,1.0,1.0,2.0,1.0,1.0,8.0,0.0,6.0,10.0,0.21,2.0,85.0,0.0,0.0,6.0,2.0,3.94594594594595,0.0,2.0,0.0,0.0,0.0,0.0,2.0,2.0,0.58,0.42,2
1093,17,0.0,0.0,1.0,1.0,2.0,1.0,1.0,8.0,0.0,6.0,37.0,12.09,2.0,85.0,5.0,0.0,6.0,2.0,3.94594594594595,0.0,2.0,0.0,0.0,1.0,0.0,2.0,2.0,0.66,0.34,2
1093,18,0.0,0.0,1.0,1.0,2.0,1.0,1.0,8.0,0.0,6.0,37.0,0.21,2.0,85.0,2.0,0.0,6.0,2.0,3.94594594594595,0.0,2.0,0.0,0.0,1.0,0.0,2.0,2.0,0.63,0.37,2
1103,0,0.0,0.0,1.0,2.0,0.0,0.0,2.0,3.0,25.0,12.0,14.0,9.63,0.0,85.0,4.0,48.0,13.0,2.0,6.82051282051282,0.0,1.0,0.0,1.0,1.0,0.0,2.0,1.0,0.58,0.42,2
1103,1,0.0,0.0,1.0,2.0,0.0,0.0,2.0,3.0,0.0,12.0,14.0,0.1,0.0,85.0,4.0,6.0,13.0,2.0,6.82051282051282,0.0,1.0,0.0,1.0,1.0,0.0,2.0,1.0,0.55,0.45,1
1103,2,0.0,0.0,1.0,2.0,0.0,0.0,2.0,3.0,8.0,12.0,14.0,4.33,0.0,85.0,4.0,6.0,13.0,2.0,6.82051282051282,0.0,1.0,0.0,1.0,1.0,0.0,2.0,1.0,0.62,0.38,2
1103,3,0.0,0.0,1.0,2.0,0.0,0.0,2.0,3.0,25.0,12.0,14.0,8.27,0.0,85.0,4.0,18.0,13.0,2.0,6.82051282051282,0.0,1.0,0.0,1.0,1.0,0.0,2.0,1.0,0.59,0.41,2
1103,4,0.0,0.0,1.0,2.0,0.0,0.0,2.0,3.0,19.0,12.0,14.0,4.25,0.0,85.0,4.0,6.0,13.0,2.0,6.82051282051282,0.0,1.0,0.0,1.0,1.0,0.0,2.0,1.0,0.6,0.4,2
1103,5,0.0,0.0,1.0,2.0,0.0,0.0,2.0,3.0,25.0,12.0,14.0,8.5,0.0,85.0,4.0,6.0,13.0,2.0,6.82051282051282,0.0,1.0,0.0,1.0,1.0,0.0,2.0,1.0,0.57,0.43,1
1103,6,0.0,0.0,1.0,2.0,0.0,0.0,2.0,3.0,3.0,12.0,14.0,0.1,0.0,85.0,4.0,6.0,13.0,2.0,5.6,0.0,1.0,0.0,1.0,1.0,0.0,2.0,1.0,0.57,0.43,2
1103,7,0.0,0.0,1.0,2.0,0.0,0.0,2.0,3.0,25.0,12.0,14.0,8.22,0.0,85.0,4.0,6.0,13.0,2.0,32.1,0.0,1.0,0.0,1.0,1.0,0.0,2.0,1.0,0.57,0.43,2
1103,8,0.0,0.0,1.0,2.0,0.0,0.0,2.0,3.0,25.0,12.0,14.0,11.43,0.0,85.0,4.0,6.0,13.0,2.0,6.82051282051282,0.0,1.0,0.0,1.0,1.0,0.0,2.0,1.0,0.57,0.43,1
1103,9,0.0,0.0,1.0,2.0,0.0,0.0,2.0,3.0,25.0,12.0,14.0,2.01,0.0,85.0,4.0,6.0,13.0,2.0,6.82051282051282,0.0,1.0,0.0,1.0,1.0,0.0,2.0,1.0,0.55,0.45,1
1103,10,0.0,0.0,1.0,2.0,0.0,0.0,2.0,3.0,25.0,12.0,14.0,4.18,0.0,85.0,4.0,6.0,13.0,2.0,6.82051282051282,0.0,1.0,0.0,1.0,1.0,0.0,2.0,1.0,0.57,0.43,1
1103,11,0.0,0.0,1.0,2.0,0.0,0.0,2.0,3.0,25.0,12.0,14.0,1.26,0.0,85.0,4.0,6.0,13.0,2.0,4.8,0.0,1.0,0.0,1.0,1.0,0.0,2.0,1.0,0.58,0.42,2
1103,12,0.0,0.0,1.0,2.0,0.0,0.0,2.0,3.0,25.0,12.0,14.0,0.37,0.0,85.0,4.0,6.0,13.0,2.0,1.3,0.0,1.0,0.0,1.0,1.0,0.0,2.0,1.0,0.58,0.42,2
1103,13,0.0,0.0,1.0,2.0,0.0,0.0,2.0,3.0,25.0,12.0,14.0,0.1,0.0,85.0,4.0,6.0,13.0,2.0,1.0,0.0,1.0,0.0,1.0,1.0,0.0,2.0,1.0,0.52,0.48,1
1103,14,0.0,0.0,1.0,2.0,0.0,0.0,2.0,3.0,25.0,12.0,14.0,12.31,0.0,85.0,4.0,6.0,63.0,2.0,6.82051282051282,0.0,1.0,0.0,1.0,1.0,0.0,2.0,1.0,0.55,0.45,2
1103,15,0.0,0.0,1.0,2.0,0.0,0.0,2.0,3.0,25.0,12.0,14.0,4.66,0.0,85.0,4.0,6.0,13.0,2.0,6.82051282051282,0.0,1.0,0.0,1.0,1.0,0.0,2.0,1.0,0.57,0.43,1
1103,16,0.0,0.0,1.0,2.0,0.0,0.0,2.0,3.0,25.0,12.0,14.0,1.46,0.0,85.0,4.0,42.0,13.0,2.0,6.82051282051282,0.0,1.0,0.0,1.0,1.0,0.0,2.0,1.0,0.57,0.43,2
1103,17,0.0,0.0,1.0,2.0,0.0,0.0,2.0,3.0,25.0,12.0,14.0,0.98,0.0,85.0,4.0,20.0,13.0,2.0,6.82051282051282,0.0,1.0,0.0,1.0,1.0,0.0,2.0,1.0,0.57,0.43,2
1103,18,0.0,0.0,1.0,2.0,0.0,0.0,2.0,3.0,25.0,12.0,14.0,9.61,0.0,85.0,4.0,6.0,13.0,2.0,6.82051282051282,0.0,1.0,0.0,1.0,1.0,0.0,2.0,1.0,0.57,0.43,1
1103,19,0.0,0.0,1.0,2.0,0.0,0.0,2.0,3.0,5.0,12.0,14.0,0.1,0.0,85.0,4.0,6.0,13.0,2.0,6.82051282051282,0.0,1.0,0.0,1.0,1.0,0.0,2.0,1.0,0.51,0.49,1
1105,0,0.0,0.0,1.0,1.0,0.0,15.0,3.0,1.0,0.0,0.0,1.0,5.59,10.0,0.0,5.0,0.0,2.0,1.0,2.0,2.0,18.0,1.0,1.0,0.7,0.0,3.0,0.0,0.59,0.41,2
1105,1,0.0,0.0,1.0,1.0,0.0,7.0,3.0,1.0,0.0,0.0,1.0,9.93,10.0,0.0,5.0,0.0,2.0,1.0,2.0,2.0,18.0,1.0,1.0,1.0,0.0,3.0,0.0,0.52,0.48,2
1105,2,0.0,0.0,1.0,1.0,0.0,9.0,3.0,1.0,0.0,0.0,1.0,4.27,10.0,0.0,5.0,0.0,2.0,1.0,2.0,2.0,18.0,1.0,1.0,1.0,0.0,3.0,0.0,0.51,0.49,2
1105,3,0.0,0.0,1.0,1.0,0.0,15.0,3.0,1.0,0.0,0.0,1.0,3.29,10.0,0.0,5.0,0.0,2.0,1.0,2.0,2.0,2.0,1.0,1.0,1.0,0.0,3.0,0.0,0.54,0.46,2
1105,4,0.0,0.0,1.0,1.0,0.0,15.0,3.0,1.0,0.0,0.0,1.0,0.71,10.0,0.0,5.0,0.0,2.0,1.0,2.0,2.0,16.0,1.0,1.0,0.7,0.0,3.0,0.0,0.57,0.43,2
1105,5,0.0,0.0,1.0,1.0,0.0,8.0,3.0,1.0,0.0,0.0,1.0,0.71,10.0,0.0,5.0,0.0,2.0,1.0,2.0,2.0,18.0,1.0,1.0,0.5,0.0,3.0,0.0,0.53,0.47,2
1105,6,0.0,0.0,1.0,1.0,0.0,15.0,3.0,1.0,0.0,0.0,1.0,2.64,10.0,0.0,5.0,0.0,2.0,1.0,2.0,2.0,18.0,1.0,1.0,0.5,0.0,3.0,0.0,0.53,0.47,2
1105,7,0.0,0.0,1.0,1.0,0.0,2.0,3.0,1.0,0.0,0.0,1.0,0.71,10.0,0.0,5.0,0.0,2.0,1.0,2.0,2.0,18.0,1.0,1.0,0.5,0.0,3.0,0.0,0.52,0.48,2
1105,8,0.0,0.0,1.0,1.0,0.0,15.0,3.0,1.0,0.0,0.0,1.0,0.71,10.0,0.0,5.0,0.0,2.0,1.0,2.0,2.0,8.0,1.0,1.0,0.5,0.0,3.0,0.0,0.54,0.46,2
1105,9,0.0,0.0,1.0,1.0,0.0,4.0,3.0,1.0,0.0,0.0,1.0,0.71,10.0,0.0,5.0,0.0,2.0,1.0,2.0,2.0,18.0,1.0,1.0,0.8,0.0,3.0,0.0,0.53,0.47,2
1105,10,0.0,0.0,1.0,1.0,0.0,0.0,3.0,1.0,0.0,0.0,1.0,0.71,10.0,0.0,5.0,0.0,2.0,1.0,2.0,2.0,18.0,1.0,1.0,1.0,0.0,3.0,0.0,0.6,0.4,1
1105,11,0.0,0.0,1.0,1.0,0.0,15.0,3.0,1.0,0.0,0.0,1.0,2.33,10.0,0.0,5.0,0.0,2.0,1.0,2.0,2.0,18.0,1.0,1.0,0.5,0.0,3.0,0.0,0.53,0.47,2
1105,12,0.0,0.0,1.0,1.0,0.0,11.0,3.0,1.0,0.0,0.0,1.0,0.71,10.0,0.0,5.0,0.0,2.0,1.0,2.0,2.0,18.0,1.0,1.0,0.6,0.0,3.0,0.0,0.55,0.45,2
1105,13,0.0,0.0,1.0,1.0,0.0,14.0,3.0,1.0,0.0,0.0,1.0,0.71,10.0,0.0,5.0,0.0,2.0,1.0,2.0,2.0,18.0,1.0,1.0,0.5,0.0,3.0,0.0,0.54,0.46,2
1105,14,0.0,0.0,1.0,1.0,0.0,15.0,3.0,1.0,0.0,0.0,1.0,5.75,10.0,0.0,5.0,0.0,2.0,1.0,2.0,2.0,18.0,1.0,1.0,0.7,0.0,3.0,0.0,0.59,0.41,2
1105,15,0.0,0.0,1.0,1.0,0.0,1.0,3.0,1.0,0.0,0.0,1.0,0.71,10.0,0.0,5.0,0.0,2.0,1.0,2.0,2.0,27.0,1.0,1.0,1.0,0.0,3.0,0.0,0.61,0.39,2
1105,16,0.0,0.0,1.0,1.0,0.0,15.0,0.0,1.0,0.0,0.0,1.0,7.11,10.0,0.0,5.0,0.0,2.0,1.0,2.0,2.0,18.0,1.0,1.0,1.0,0.0,3.0,0.0,0.63,0.37,2
1105,17,0.0,0.0,1.0,1.0,0.0,15.0,3.0,1.0,0.0,0.0,1.0,11.27,10.0,0.0,5.0,0.0,2.0,1.0,2.0,2.0,9.0,1.0,1.0,1.0,0.0,3.0,0.0,0.53,0.47,2
1105,18,0.0,0.0,1.0,1.0,0.0,8.0,3.0,1.0,0.0,0.0,1.0,0.2,10.0,0.0,5.0,0.0,2.0,1.0,2.0,2.0,18.0,1.0,1.0,1.0,0.0,3.0,0.0,0.54,0.46,2
1134,0,2.0,0.0,1.0,3.0,0.0,4.0,2.0,1.0,8.0,13.0,16.0,12.95,2.0,82.0,3.0,2.0,5.0,2.0,3.69230769230769,0.0,1.0,0.0,0.0,1.1,0.0,2.0,2.0,0.6,0.4,2
1134,1,2.0,0.0,1.0,3.0,0.0,4.0,2.0,1.0,1.0,13.0,16.0,0.42,2.0,82.0,3.0,2.0,5.0,2.0,3.69230769230769,0.0,1.0,0.0,0.0,1.1,0.0,2.0,2.0,0.58,0.42,2
1134,2,2.0,0.0,1.0,3.0,0.0,4.0,2.0,1.0,8.0,13.0,16.0,9.12,2.0,82.0,3.0,2.0,5.0,2.0,3.69230769230769,0.0,1.0,0.0,0.0,0.9,0.0,2.0,2.0,0.51,0.49,2
1134,3,2.0,0.0,1.0,3.0,0.0,4.0,2.0,1.0,8.0,13.0,28.0,0.42,2.0,82.0,3.0,2.0,5.0,2.0,3.69230769230769,0.0,1.0,0.0,0.0,1.0,0.0,2.0,2.0,0.56,0.44,2
1134,4,18.0,0.0,1.0,3.0,0.0,4.0,2.0,1.0,8.0,13.0,16.0,0.42,2.0,82.0,3.0,2.0,5.0,2.0,3.69230769230769,0.0,1.0,0.0,0.0,1.1,0.0,2.0,2.0,0.52,0.48,2
1134,5,0.0,0.0,1.0,3.0,0.0,4.0,2.0,1.0,4.0,13.0,16.0,0.42,2.0,82.0,3.0,2.0,5.0,2.0,3.69230769230769,0.0,1.0,0.0,0.0,0.0,0.0,2.0,2.0,0.51,0.49,2
1134,6,2.0,0.0,1.0,3.0,0.0,4.0,2.0,1.0,8.0,13.0,16.0,11.91,2.0,82.0,3.0,2.0,5.0,2.0,3.69230769230769,0.0,1.0,0.0,0.0,1.0,0.0,2.0,2.0,0.6,0.4,2
1134,7,2.0,0.0,1.0,3.0,0.0,4.0,2.0,1.0,8.0,13.0,90.0,0.42,2.0,82.0,3.0,2.0,5.0,2.0,3.69230769230769,0.0,1.0,0.0,0.0,1.1,0.0,2.0,2.0,0.54,0.46,2
1134,8,2.0,0.0,1.0,3.0,0.0,4.0,2.0,1.0,8.0,13.0,16.0,10.0,2.0,82.0,3.0,2.0,5.0,2.0,3.69230769230769,0.0,1.0,0.0,0.0,0.9,0.0,2.0,2.0,0.51,0.49,2
1134,9,2.0,0.0,1.0,3.0,0.0,4.0,2.0,1.0,8.0,13.0,16.0,11.8,2.0,82.0,3.0,2.0,5.0,2.0,3.69230769230769,0.0,1.0,0.0,0.0,1.0,0.0,2.0,2.0,0.6,0.4,2
1134,10,2.0,0.0,1.0,3.0,0.0,4.0,2.0,1.0,8.0,13.0,71.0,0.42,2.0,82.0,3.0,2.0,5.0,2.0,3.69230769230769,0.0,1.0,0.0,0.0,1.0,0.0,2.0,2.0,0.54,0.46,2
1134,11,2.0,0.0,1.0,3.0,0.0,4.0,2.0,1.0,1.0,13.0,16.0,0.42,2.0,82.0,3.0,2.0,5.0,2.0,3.69230769230769,0.0,1.0,0.0,0.0,1.0,0.0,2.0,2.0,0.58,0.42,2
1134,12,2.0,0.0,1.0,3.0,0.0,4.0,2.0,1.0,8.0,13.0,16.0,10.64,2.0,82.0,3.0,2.0,5.0,2.0,3.69230769230769,0.0,1.0,0.0,0.0,1.0,0.0,2.0,2.0,0.6,0.4,2
1134,13,13.0,0.0,1.0,3.0,0.0,4.0,2.0,1.0,8.0,13.0,16.0,0.42,2.0,82.0,3.0,2.0,5.0,2.0,3.69230769230769,0.0,1.0,0.0,0.0,1.1,0.0,2.0,2.0,0.52,0.48,2
1134,14,2.0,0.0,1.0,3.0,0.0,4.0,2.0,1.0,8.0,13.0,16.0,9.02,2.0,82.0,3.0,2.0,5.0,2.0,3.69230769230769,0.0,1.0,0.0,0.0,0.9,0.0,2.0,2.0,0.51,0.49,2
1134,15,2.0,0.0,1.0,3.0,0.0,4.0,2.0,1.0,8.0,13.0,15.0,0.42,2.0,82.0,3.0,2.0,5.0,2.0,3.69230769230769,0.0,1.0,0.0,0.0,1.0,0.0,2.0,2.0,0.58,0.42,2
1134,16,2.0,0.0,1.0,3.0,0.0,4.0,2.0,1.0,8.0,13.0,123.0,0.42,2.0,82.0,3.0,2.0,5.0,2.0,3.69230769230769,0.0,1.0,0.0,0.0,1.0,0.0,2.0,2.0,0.54,0.46,2
1134,17,11.0,0.0,1.0,3.0,0.0,4.0,2.0,1.0,8.0,13.0,16.0,0.42,2.0,82.0,3.0,2.0,5.0,2.0,3.69230769230769,0.0,1.0,0.0,0.0,1.0,0.0,2.0,2.0,0.52,0.48,2
1134,18,2.0,0.0,1.0,3.0,0.0,4.0,2.0,1.0,8.0,13.0,16.0,0.42,2.0,82.0,3.0,2.0,5.0,2.0,3.69230769230769,0.0,1.0,0.0,0.0,1.1,0.0,2.0,2.0,0.58,0.42,1
1169,0,2.0,0.0,1.0,1.0,0.0,2.0,2.0,2.0,5.0,3.0,4.0,10.35,2.0,77.0,2.0,0.0,4.0,2.0,2.45454545454545,0.0,1.0,0.0,0.0,0.9,0.0,1.0,0.0,0.66,0.34,2
1169,1,2.0,0.0,1.0,1.0,0.0,2.0,2.0,2.0,5.0,3.0,4.0,7.47,2.0,77.0,2.0,0.0,4.0,2.0,2.45454545454545,0.0,1.0,0.0,0.0,0.8,0.0,1.0,0.0,0.56,0.44,2
1169,2,2.0,0.0,1.0,1.0,0.0,2.0,2.0,2.0,5.0,3.0,4.0,9.89,2.0,77.0,2.0,0.0,4.0,2.0,2.45454545454545,0.0,1.0,0.0,0.0,0.9,0.0,1.0,0.0,0.66,0.34,2
1169,3,2.0,0.0,1.0,1.0,0.0,2.0,2.0,2.0,5.0,3.0,4.0,12.17,2.0,77.0,2.0,0.0,4.0,2.0,2.45454545454545,0.0,1.0,0.0,0.0,1.0,0.0,1.0,0.0,0.85,0.15,2
1169,4,2.0,0.0,1.0,1.0,0.0,2.0,13.0,2.0,5.0,3.0,4.0,0.24,2.0,77.0,2.0,0.0,4.0,2.0,2.45454545454545,0.0,1.0,0.0,0.0,1.0,0.0,1.0,0.0,0.95,0.05,2
1169,5,2.0,0.0,1.0,1.0,0.0,2.0,2.0,2.0,5.0,11.0,4.0,0.24,2.0,77.0,2.0,0.0,4.0,2.0,2.45454545454545,0.0,1.0,0.0,0.0,1.1,0.0,1.0,0.0,0.88,0.12,2
1169,6,2.0,0.0,1.0,1.0,0.0,2.0,2.0,2.0,0.0,6.0,4.0,0.24,2.0,77.0,2.0,0.0,4.0,2.0,2.45454545454545,0.0,1.0,0.0,0.0,0.0,0.0,1.0,0.0,0.52,0.48,2
1169,7,2.0,0.0,1.0,1.0,0.0,2.0,2.0,2.0,0.0,67.0,4.0,0.24,2.0,77.0,2.0,0.0,4.0,2.0,2.45454545454545,0.0,1.0,0.0,0.0,0.0,0.0,1.0,0.0,0.55,0.45,2
1169,8,2.0,0.0,1.0,1.0,0.0,2.0,2.0,2.0,5.0,3.0,4.0,10.92,2.0,77.0,2.0,0.0,4.0,2.0,2.45454545454545,0.0,1.0,0.0,0.0,1.0,0.0,1.0,0.0,0.85,0.15,2
1169,9,2.0,0.0,1.0,1.0,0.0,2.0,2.0,2.0,5.0,3.0,4.0,11.14,2.0,77.0,2.0,0.0,4.0,2.0,2.45454545454545,0.0,1.0,0.0,0.0,1.0,0.0,1.0,0.0,0.85,0.15,2
1169,10,2.0,0.0,1.0,1.0,0.0,2.0,2.0,2.0,5.0,44.0,4.0,1.94,2.0,77.0,2.0,0.0,4.0,2.0,2.45454545454545,0.0,1.0,0.0,0.0,0.0,0.0,1.0,0.0,0.51,0.49,2
1169,11,2.0,0.0,1.0,1.0,0.0,2.0,2.0,2.0,5.0,30.0,4.0,0.24,2.0,77.0,2.0,0.0,4.0,2.0,2.45454545454545,0.0,1.0,0.0,0.0,0.8,0.0,1.0,0.0,0.51,0.49,2
1169,12,2.0,0.0,1.0,1.0,0.0,2.0,4.0,2.0,5.0,3.0,4.0,0.24,2.0,77.0,2.0,0.0,4.0,2.0,2.45454545454545,0.0,1.0,0.0,0.0,1.1,0.0,1.0,0.0,0.95,0.05,2
1309,0,0.0,0.0,1.0,1.0,0.0,1.0,3.0,1.0,10.0,17.0,1.0,1.85,0.0,84.0,2.0,5.0,5.0,1.0,5.90909090909091,3.0,2.0,0.0,5.0,0.8,0.0,3.0,1.0,0.62,0.38,1
1309,1,0.0,0.0,1.0,1.0,0.0,1.0,3.0,1.0,10.0,17.0,1.0,2.14,0.0,84.0,2.0,5.0,5.0,1.0,5.90909090909091,3.0,2.0,0.0,5.0,0.5,0.0,3.0,1.0,0.53,0.47,2
1309,2,0.0,0.0,1.0,1.0,0.0,1.0,3.0,1.0,10.0,17.0,1.0,0.23,0.0,84.0,2.0,5.0,5.0,1.0,5.90909090909091,3.0,2.0,0.0,5.0,0.9,0.0,3.0,1.0,0.52,0.48,1
1309,3,0.0,0.0,1.0,1.0,0.0,1.0,3.0,1.0,10.0,17.0,17.0,5.97,0.0,84.0,2.0,5.0,5.0,1.0,5.90909090909091,3.0,2.0,0.0,5.0,0.8,0.0,3.0,1.0,0.51,0.49,2
1309,4,0.0,0.0,1.0,1.0,0.0,1.0,3.0,1.0,10.0,17.0,1.0,12.29,0.0,84.0,2.0,5.0,5.0,1.0,5.90909090909091,3.0,2.0,0.0,5.0,1.0,0.0,3.0,1.0,0.74,0.26,2
1309,5,0.0,0.0,1.0,1.0,0.0,1.0,3.0,1.0,10.0,17.0,1.0,12.85,0.0,84.0,2.0,5.0,5.0,1.0,5.90909090909091,3.0,2.0,0.0,5.0,1.1,0.0,3.0,1.0,0.74,0.26,2
1309,6,0.0,0.0,1.0,1.0,0.0,1.0,3.0,1.0,10.0,17.0,1.0,9.23,0.0,84.0,2.0,5.0,5.0,1.0,5.90909090909091,3.0,2.0,0.0,5.0,0.9,0.0,3.0,1.0,0.65,0.35,2
1309,7,0.0,0.0,1.0,1.0,0.0,1.0,3.0,1.0,3.0,17.0,1.0,12.73,0.0,84.0,2.0,5.0,5.0,1.0,5.90909090909091,3.0,2.0,0.0,5.0,0.8,0.0,3.0,1.0,0.69,0.31,2
1309,8,0.0,0.0,1.0,1.0,0.0,1.0,3.0,1.0,10.0,17.0,27.0,0.23,0.0,84.0,2.0,5.0,5.0,1.0,5.90909090909091,3.0,2.0,0.0,5.0,1.0,0.0,3.0,1.0,0.57,0.43,2
1309,9,0.0,0.0,1.0,1.0,0.0,1.0,3.0,1.0,10.0,17.0,1.0,4.53,0.0,84.0,2.0,5.0,5.0,1.0,5.90909090909091,3.0,2.0,0.0,5.0,0.8,0.0,3.0,1.0,0.59,0.41,1
1309,10,0.0,0.0,1.0,1.0,0.0,1.0,3.0,1.0,11.0,17.0,1.0,3.84,0.0,84.0,2.0,5.0,5.0,1.0,5.90909090909091,3.0,2.0,0.0,5.0,0.8,0.0,3.0,1.0,0.59,0.41,2
1309,11,0.0,0.0,1.0,1.0,0.0,1.0,3.0,1.0,7.0,17.0,1.0,0.23,0.0,84.0,2.0,5.0,5.0,1.0,5.90909090909091,3.0,2.0,0.0,5.0,1.1,0.0,3.0,1.0,0.78,0.22,2
1309,12,0.0,0.0,1.0,1.0,0.0,1.0,3.0,1.0,10.0,17.0,1.0,3.18,0.0,84.0,2.0,5.0,5.0,1.0,5.90909090909091,3.0,2.0,0.0,5.0,0.5,0.0,3.0,1.0,0.52,0.48,2
1309,13,0.0,0.0,1.0,1.0,0.0,1.0,3.0,1.0,1.0,17.0,1.0,0.23,0.0,84.0,2.0,5.0,5.0,1.0,5.90909090909091,3.0,2.0,0.0,5.0,0.8,0.0,3.0,1.0,0.51,0.49,1
1309,14,0.0,0.0,1.0,1.0,0.0,1.0,3.0,1.0,10.0,17.0,1.0,8.75,0.0,84.0,2.0,5.0,5.0,1.0,5.90909090909091,3.0,2.0,0.0,5.0,0.8,0.0,3.0,1.0,0.59,0.41,1
1309,15,0.0,0.0,1.0,1.0,0.0,1.0,3.0,1.0,10.0,17.0,1.0,3.04,0.0,84.0,2.0,5.0,5.0,1.0,5.90909090909091,3.0,2.0,0.0,5.0,0.8,0.0,3.0,1.0,0.59,0.41,1
1309,16,0.0,0.0,1.0,1.0,0.0,1.0,3.0,1.0,10.0,17.0,1.0,6.04,0.0,84.0,2.0,5.0,5.0,1.0,5.90909090909091,3.0,2.0,0.0,5.0,0.8,0.0,3.0,1.0,0.59,0.41,1
1309,17,0.0,0.0,1.0,1.0,0.0,1.0,3.0,1.0,10.0,17.0,10.0,5.4,0.0,84.0,2.0,5.0,5.0,1.0,5.90909090909091,3.0,2.0,0.0,5.0,0.8,0.0,3.0,1.0,0.56,0.44,2
1309,18,0.0,0.0,1.0,1.0,0.0,1.0,3.0,1.0,10.0,17.0,1.0,10.38,0.0,84.0,2.0,5.0,5.0,1.0,5.90909090909091,3.0,2.0,0.0,5.0,0.8,0.0,3.0,1.0,0.59,0.41,1
1309,19,0.0,0.0,1.0,1.0,0.0,1.0,3.0,1.0,28.0,17.0,1.0,10.77,0.0,84.0,2.0,5.0,5.0,1.0,5.90909090909091,3.0,2.0,0.0,5.0,0.8,0.0,3.0,1.0,0.56,0.44,2
1318,0,0.0,0.0,1.0,0.0,2.0,1.0,1.0,1.0,0.0,3.0,5.0,5.13,1.0,12.0,6.0,0.0,7.0,1.0,1.8,0.0,2.0,0.0,0.0,0.0,0.0,4.0,0.0,0.57,0.43,2
1318,1,0.0,0.0,1.0,0.0,2.0,1.0,1.0,1.0,0.0,3.0,5.0,0.69,1.0,80.0,0.0,0.0,7.0,1.0,1.8,0.0,2.0,0.0,0.0,0.0,0.0,4.0,0.0,0.56,0.44,2
1318,2,0.0,0.0,1.0,0.0,2.0,11.0,1.0,1.0,0.0,3.0,5.0,0.38,1.0,80.0,0.0,0.0,7.0,1.0,1.8,0.0,2.0,0.0,0.0,0.0,0.0,4.0,0.0,0.52,0.48,2
1318,3,0.0,0.0,1.0,0.0,2.0,1.0,1.0,1.0,0.0,3.0,5.0,9.33,1.0,69.0,6.0,0.0,7.0,1.0,1.8,0.0,2.0,0.0,0.0,0.0,0.0,4.0,0.0,0.52,0.48,2
1318,4,0.0,0.0,1.0,0.0,2.0,1.0,1.0,1.0,0.0,3.0,5.0,6.26,1.0,80.0,5.0,0.0,7.0,1.0,1.8,0.0,2.0,0.0,0.0,0.0,0.0,4.0,0.0,0.53,0.47,2
1318,5,0.0,0.0,1.0,0.0,2.0,1.0,1.0,1.0,0.0,3.0,5.0,10.46,1.0,20.0,6.0,0.0,7.0,1.0,1.8,0.0,2.0,0.0,0.0,0.0,0.0,4.0,0.0,0.56,0.44,2
1318,6,0.0,0.0,1.0,0.0,2.0,3.0,1.0,1.0,0.0,3.0,5.0,0.38,1.0,80.0,2.0,0.0,7.0,1.0,1.8,0.0,2.0,0.0,0.0,0.0,0.0,4.0,0.0,0.57,0.43,2
1318,7,0.0,0.0,1.0,0.0,2.0,1.0,1.0,1.0,0.0,3.0,5.0,12.09,1.0,80.0,6.0,0.0,7.0,1.0,1.8,0.0,2.0,0.0,0.0,1.0,0.0,4.0,0.0,0.86,0.14,2
1318,8,0.0,0.0,1.0,0.0,2.0,1.0,1.0,1.0,0.0,3.0,5.0,12.08,1.0,80.0,5.0,0.0,7.0,1.0,1.8,0.0,2.0,0.0,0.0,0.0,0.0,4.0,0.0,0.53,0.47,2
1318,9,0.0,0.0,1.0,0.0,2.0,1.0,1.0,1.0,0.0,3.0,5.0,2.77,1.0,80.0,3.0,0.0,7.0,1.0,1.8,0.0,2.0,0.0,0.0,0.0,0.0,4.0,0.0,0.63,0.37,2
1318,10,0.0,0.0,1.0,0.0,2.0,3.0,1.0,1.0,0.0,3.0,5.0,6.08,1.0,80.0,6.0,0.0,7.0,1.0,1.8,0.0,2.0,0.0,0.0,0.0,0.0,4.0,0.0,0.55,0.45,2
1318,11,0.0,0.0,1.0,0.0,2.0,5.0,1.0,1.0,0.0,3.0,5.0,1.93,1.0,80.0,6.0,0.0,7.0,1.0,1.8,0.0,2.0,0.0,0.0,0.0,0.0,4.0,0.0,0.55,0.45,2
1318,12,0.0,0.0,1.0,0.0,2.0,1.0,1.0,1.0,0.0,3.0,5.0,7.68,1.0,28.0,6.0,0.0,7.0,1.0,1.8,0.0,2.0,0.0,0.0,0.0,0.0,4.0,0.0,0.57,0.43,2
1318,13,0.0,0.0,1.0,0.0,2.0,0.0,1.0,1.0,0.0,3.0,5.0,0.38,1.0,13.0,6.0,0.0,7.0,1.0,1.8,0.0,2.0,0.0,0.0,0.0,0.0,4.0,0.0,0.53,0.47,2
1318,14,0.0,0.0,1.0,0.0,2.0,12.0,1.0,1.0,0.0,3.0,5.0,0.38,1.0,80.0,2.0,0.0,7.0,1.0,1.8,0.0,2.0,0.0,0.0,0.0,0.0,4.0,0.0,0.56,0.44,2
1318,15,0.0,0.0,1.0,0.0,2.0,1.0,1.0,1.0,0.0,3.0,5.0,3.03,1.0,23.0,6.0,0.0,7.0,1.0,1.8,0.0,2.0,0.0,0.0,0.0,0.0,4.0,0.0,0.56,0.44,2
1318,16,0.0,0.0,1.0,0.0,2.0,1.0,1.0,1.0,0.0,3.0,5.0,0.38,1.0,21.0,6.0,0.0,7.0,1.0,1.8,0.0,2.0,0.0,0.0,0.8,0.0,4.0,0.0,0.58,0.42,2
1335,0,0.0,0.0,1.0,0.0,0.0,0.0,1.0,1.0,4.0,0.0,10.0,0.13,2.0,0.0,2.0,0.0,6.0,1.0,1.875,0.0,2.0,0.0,0.0,0.0,0.0,2.0,2.0,0.55,0.45,2
1335,1,0.0,0.0,1.0,0.0,0.0,0.0,1.0,1.0,4.0,0.0,20.0,10.9,2.0,0.0,2.0,0.0,6.0,1.0,42.6,0.0,2.0,0.0,0.0,0.0,0.0,2.0,1.0,0.56,0.44,2
1335,2,0.0,0.0,1.0,0.0,0.0,0.0,1.0,1.0,4.0,0.0,7.0,6.3,2.0,0.0,2.0,0.0,6.0,1.0,1.875,0.0,2.0,0.0,0.0,0.0,0.0,2.0,1.0,0.74,0.26,2
1335,3,0.0,0.0,1.0,0.0,0.0,0.0,1.0,1.0,4.0,0.0,20.0,13.05,2.0,0.0,2.0,0.0,6.0,1.0,51.1,0.0,2.0,0.0,0.0,0.0,0.0,2.0,1.0,0.56,0.44,2
1335,4,0.0,0.0,1.0,0.0,0.0,0.0,1.0,1.0,4.0,0.0,20.0,10.92,2.0,0.0,2.0,0.0,6.0,1.0,42.7,0.0,2.0,0.0,0.0,0.0,0.0,2.0,1.0,0.56,0.44,2
1335,5,0.0,0.0,1.0,0.0,0.0,0.0,1.0,1.0,0.0,0.0,20.0,0.13,2.0,0.0,2.0,0.0,6.0,1.0,9.7,0.0,2.0,0.0,0.0,0.0,0.0,2.0,1.0,0.51,0.49,2
1335,6,0.0,0.0,1.0,0.0,0.0,0.0,1.0,1.0,4.0,0.0,20.0,11.94,2.0,0.0,2.0,0.0,6.0,1.0,46.7,0.0,2.0,0.0,0.0,0.0,0.0,2.0,1.0,0.56,0.44,2
1335,7,0.0,0.0,1.0,0.0,0.0,0.0,1.0,1.0,4.0,0.0,12.0,0.13,2.0,0.0,2.0,0.0,6.0,1.0,1.875,0.0,2.0,0.0,0.0,0.0,0.0,2.0,1.0,0.51,0.49,1
1335,8,0.0,0.0,1.0,0.0,0.0,0.0,1.0,1.0,4.0,0.0,3.0,0.13,2.0,0.0,2.0,0.0,6.0,1.0,1.875,0.0,2.0,0.0,0.0,0.0,0.0,2.0,3.0,0.58,0.42,2
1335,9,0.0,0.0,1.0,0.0,0.0,0.0,1.0,1.0,4.0,0.0,20.0,0.4,2.0,0.0,2.0,0.0,6.0,1.0,1.875,0.0,2.0,0.0,0.0,0.0,0.0,2.0,1.0,0.51,0.49,1
1335,10,0.0,0.0,1.0,0.0,0.0,0.0,1.0,1.0,4.0,0.0,20.0,7.64,2.0,0.0,2.0,0.0,6.0,1.0,29.8,0.0,2.0,0.0,0.0,0.0,0.0,2.0,1.0,0.56,0.44,2
1335,11,0.0,0.0,1.0,0.0,0.0,0.0,1.0,1.0,4.0,0.0,20.0,0.4,2.0,0.0,2.0,0.0,6.0,1.0,1.875,0.0,2.0,0.0,0.0,0.0,0.0,2.0,2.0,0.54,0.46,2
1335,12,0.0,0.0,1.0,0.0,0.0,0.0,1.0,1.0,4.0,0.0,20.0,7.5,2.0,0.0,2.0,0.0,6.0,1.0,29.3,0.0,2.0,0.0,0.0,0.0,0.0,2.0,1.0,0.56,0.44,2
1335,13,0.0,0.0,1.0,0.0,0.0,0.0,1.0,1.0,4.0,0.0,7.0,1.52,2.0,0.0,2.0,0.0,6.0,1.0,1.875,0.0,2.0,0.0,0.0,0.0,0.0,2.0,1.0,0.78,0.22,2
1335,14,0.0,0.0,1.0,0.0,0.0,0.0,1.0,1.0,4.0,0.0,11.0,2.56,2.0,0.0,2.0,0.0,6.0,1.0,1.875,0.0,2.0,0.0,0.0,0.0,0.0,2.0,1.0,0.75,0.25,2
1335,15,0.0,0.0,1.0,0.0,0.0,0.0,1.0,1.0,4.0,0.0,20.0,3.94,2.0,0.0,2.0,0.0,6.0,1.0,15.3,0.0,2.0,0.0,0.0,0.0,0.0,2.0,1.0,0.57,0.43,2
1335,16,0.0,0.0,1.0,0.0,0.0,0.0,1.0,1.0,4.0,0.0,20.0,6.97,2.0,0.0,2.0,0.0,6.0,1.0,27.2,0.0,2.0,0.0,0.0,0.0,0.0,2.0,1.0,0.56,0.44,2
1335,17,0.0,0.0,1.0,0.0,0.0,0.0,1.0,1.0,4.0,0.0,20.0,12.37,2.0,0.0,2.0,0.0,6.0,1.0,48.4,0.0,2.0,0.0,0.0,0.0,0.0,2.0,1.0,0.56,0.44,2
1335,18,0.0,0.0,1.0,0.0,0.0,0.0,1.0,1.0,4.0,0.0,1.0,0.13,2.0,0.0,2.0,0.0,6.0,1.0,1.875,0.0,2.0,0.0,0.0,0.0,0.0,2.0,4.0,0.58,0.42,2
1795,0,0.0,0.0,1.0,13.0,0.0,0.0,2.0,7.0,2.0,2.0,9.0,0.15,2.0,19.0,2.0,0.0,2.0,2.0,31.4,0.0,1.0,0.0,2.0,0.5,0.0,2.0,0.0,0.52,0.48,2
1795,1,0.0,0.0,1.0,11.0,0.0,0.0,2.0,7.0,2.0,2.0,9.0,0.15,2.0,19.0,2.0,0.0,2.0,2.0,36.2,0.0,1.0,0.0,2.0,0.5,0.0,2.0,0.0,0.52,0.48,2
1795,2,0.0,0.0,1.0,19.0,0.0,0.0,2.0,7.0,2.0,2.0,9.0,0.15,2.0,19.0,2.0,0.0,2.0,2.0,1.0,0.0,1.0,0.0,2.0,0.8,0.0,2.0,0.0,0.56,0.44,2
1795,3,0.0,0.0,1.0,10.0,0.0,0.0,2.0,7.0,2.0,6.0,9.0,0.15,2.0,19.0,2.0,0.0,2.0,2.0,1.0,0.0,1.0,0.0,2.0,0.5,0.0,2.0,0.0,0.54,0.46,2
1795,4,0.0,0.0,1.0,14.0,0.0,0.0,2.0,7.0,2.0,39.0,9.0,0.15,2.0,19.0,2.0,0.0,2.0,2.0,1.0,0.0,1.0,0.0,2.0,0.5,0.0,2.0,0.0,0.57,0.43,2
1795,5,0.0,0.0,1.0,0.0,0.0,0.0,2.0,7.0,2.0,8.0,9.0,0.15,2.0,19.0,2.0,0.0,2.0,2.0,1.0,0.0,1.0,0.0,2.0,0.8,0.0,2.0,0.0,0.53,0.47,2
1795,6,0.0,0.0,1.0,11.0,0.0,0.0,2.0,7.0,2.0,50.0,9.0,0.15,2.0,19.0,2.0,0.0,2.0,2.0,1.0,0.0,1.0,0.0,2.0,0.5,0.0,2.0,0.0,0.57,0.43,2
1795,7,0.0,0.0,1.0,16.0,0.0,0.0,2.0,7.0,2.0,2.0,9.0,0.15,2.0,19.0,2.0,0.0,2.0,2.0,42.1,0.0,1.0,0.0,2.0,0.5,0.0,2.0,0.0,0.52,0.48,2
1795,8,0.0,0.0,1.0,0.0,0.0,0.0,2.0,7.0,2.0,2.0,9.0,0.15,2.0,19.0,2.0,0.0,2.0,2.0,45.2,0.0,1.0,0.0,2.0,1.0,0.0,2.0,0.0,0.93,0.07,2
1795,9,0.0,0.0,1.0,1.0,0.0,0.0,2.0,7.0,2.0,2.0,9.0,0.15,2.0,19.0,2.0,0.0,2.0,2.0,5.5,0.0,1.0,0.0,2.0,0.5,0.0,2.0,0.0,0.51,0.49,2
1795,10,0.0,0.0,1.0,0.0,0.0,0.0,0.0,7.0,2.0,51.0,9.0,0.15,2.0,19.0,2.0,0.0,2.0,2.0,1.0,0.0,1.0,0.0,2.0,0.5,0.0,2.0,0.0,0.52,0.48,2
1795,11,0.0,0.0,1.0,0.0,0.0,0.0,2.0,7.0,2.0,2.0,9.0,0.15,2.0,19.0,2.0,0.0,2.0,2.0,2.8,0.0,1.0,0.0,2.0,0.4,0.0,2.0,0.0,0.52,0.48,2
1795,12,0.0,0.0,1.0,0.0,0.0,0.0,2.0,7.0,2.0,41.0,9.0,0.15,2.0,19.0,2.0,0.0,2.0,2.0,22.0,0.0,1.0,0.0,2.0,0.5,0.0,2.0,0.0,0.54,0.46,2
1795,13,0.0,0.0,1.0,12.0,0.0,0.0,2.0,7.0,2.0,2.0,9.0,0.15,2.0,19.0,2.0,0.0,2.0,2.0,26.6,0.0,1.0,0.0,2.0,0.5,0.0,2.0,0.0,0.52,0.48,2
1795,14,0.0,0.0,1.0,0.0,0.0,0.0,2.0,7.0,2.0,2.0,9.0,0.15,2.0,19.0,2.0,0.0,2.0,2.0,34.8,0.0,1.0,0.0,2.0,0.8,0.0,2.0,0.0,0.55,0.45,2
1795,15,0.0,0.0,1.0,0.0,0.0,0.0,2.0,7.0,2.0,39.0,9.0,0.15,2.0,19.0,2.0,0.0,2.0,2.0,14.7,0.0,1.0,0.0,2.0,0.5,0.0,2.0,0.0,0.54,0.46,2
1795,16,0.0,0.0,1.0,0.0,0.0,0.0,2.0,7.0,2.0,43.0,9.0,0.15,2.0,19.0,2.0,0.0,2.0,2.0,43.2,0.0,1.0,0.0,2.0,0.5,0.0,2.0,0.0,0.54,0.46,2
1795,17,0.0,0.0,1.0,1.0,0.0,0.0,2.0,7.0,2.0,2.0,9.0,0.15,2.0,19.0,2.0,0.0,2.0,2.0,1.0,0.0,1.0,0.0,2.0,0.9,0.0,2.0,0.0,0.69,0.31,2
1366,0,0.0,0.0,1.0,0.0,0.0,2.0,2.0,1.0,0.0,0.0,1.0,0.9,0.0,0.0,4.0,0.0,2.0,1.0,23.6,0.0,7.0,1.0,0.0,0.0,0.0,1.0,0.0,0.55,0.45,2
1366,1,0.0,0.0,1.0,0.0,0.0,2.0,2.0,1.0,0.0,0.0,1.0,0.9,0.0,0.0,4.0,0.0,1.0,1.0,41.2,0.0,7.0,1.0,0.0,0.0,0.0,1.0,0.0,0.52,0.48,1
1366,2,0.0,0.0,1.0,0.0,0.0,2.0,2.0,1.0,0.0,0.0,1.0,0.9,5.0,0.0,0.0,0.0,1.0,1.0,0.0,0.0,7.0,1.0,0.0,0.0,0.0,1.0,0.0,0.57,0.43,2
1366,3,0.0,0.0,1.0,0.0,0.0,2.0,2.0,1.0,0.0,0.0,1.0,0.9,0.0,0.0,4.0,0.0,5.0,1.0,0.0,0.0,7.0,1.0,0.0,0.0,0.0,1.0,0.0,0.53,0.47,1
1366,4,0.0,0.0,1.0,0.0,0.0,2.0,2.0,1.0,0.0,0.0,1.0,0.9,0.0,0.0,7.0,0.0,1.0,1.0,45.3,0.0,7.0,1.0,0.0,0.0,0.0,1.0,0.0,0.52,0.48,2
1366,5,0.0,0.0,1.0,0.0,0.0,2.0,2.0,1.0,0.0,0.0,1.0,0.9,0.0,0.0,1.0,0.0,1.0,1.0,50.4,0.0,7.0,1.0,0.0,0.0,0.0,1.0,0.0,0.6,0.4,2
1366,6,0.0,0.0,1.0,0.0,0.0,2.0,2.0,1.0,0.0,0.0,1.0,0.9,0.0,0.0,4.0,0.0,1.0,1.0,22.4,0.0,7.0,1.0,0.0,0.0,0.0,1.0,0.0,0.52,0.48,1
1366,7,0.0,0.0,1.0,0.0,0.0,2.0,2.0,1.0,0.0,0.0,1.0,0.9,14.0,0.0,4.0,0.0,1.0,1.0,5.3,0.0,7.0,1.0,0.0,0.0,0.0,1.0,0.0,0.6,0.4,2
1366,8,0.0,0.0,1.0,0.0,0.0,2.0,2.0,1.0,0.0,0.0,1.0,0.9,0.0,0.0,4.0,0.0,1.0,1.0,13.7,0.0,7.0,1.0,0.0,0.0,0.0,1.0,0.0,0.52,0.48,1
1366,9,0.0,0.0,1.0,0.0,0.0,2.0,2.0,1.0,0.0,0.0,1.0,0.9,0.0,0.0,4.0,0.0,1.0,1.0,31.9,0.0,7.0,1.0,0.0,0.0,0.0,1.0,0.0,0.52,0.48,1
1366,10,0.0,0.0,1.0,0.0,0.0,2.0,0.0,1.0,0.0,0.0,1.0,0.9,0.0,0.0,4.0,0.0,28.0,1.0,0.0,0.0,7.0,1.0,0.0,0.0,0.0,1.0,0.0,0.53,0.47,2
1366,11,0.0,0.0,1.0,0.0,0.0,2.0,2.0,1.0,0.0,0.0,1.0,0.9,10.0,0.0,2.0,0.0,1.0,1.0,0.0,0.0,7.0,1.0,0.0,0.0,0.0,1.0,0.0,0.56,0.44,2
1366,12,0.0,0.0,1.0,0.0,0.0,2.0,2.0,1.0,0.0,0.0,1.0,0.9,11.0,0.0,4.0,0.0,62.0,1.0,0.0,0.0,7.0,1.0,0.0,0.0,0.0,1.0,0.0,0.52,0.48,2
1366,13,0.0,0.0,1.0,0.0,0.0,2.0,2.0,1.0,0.0,0.0,1.0,0.9,0.0,0.0,4.0,0.0,1.0,1.0,51.1,0.0,7.0,1.0,0.0,0.0,0.0,1.0,0.0,0.52,0.48,1
1366,14,0.0,0.0,1.0,0.0,0.0,2.0,2.0,1.0,0.0,0.0,1.0,0.9,5.0,0.0,4.0,0.0,1.0,1.0,0.0,0.0,7.0,1.0,0.0,0.0,0.0,1.0,0.0,0.51,0.49,1
1366,15,0.0,0.0,1.0,0.0,0.0,2.0,2.0,1.0,0.0,0.0,1.0,0.9,0.0,0.0,3.0,0.0,1.0,1.0,46.5,0.0,7.0,1.0,0.0,0.0,0.0,1.0,0.0,0.58,0.42,2
1366,16,0.0,0.0,1.0,0.0,0.0,2.0,2.0,1.0,0.0,0.0,1.0,0.9,10.0,0.0,0.0,0.0,1.0,1.0,0.0,0.0,7.0,1.0,0.0,0.0,0.0,1.0,0.0,0.57,0.43,2
1366,17,0.0,0.0,1.0,0.0,0.0,2.0,2.0,1.0,0.0,0.0,1.0,0.9,7.0,0.0,4.0,0.0,1.0,1.0,38.5,0.0,7.0,1.0,0.0,0.0,0.0,1.0,0.0,0.6,0.4,2
1429,0,5.0,0.0,1.0,0.0,0.0,16.0,1.0,1.0,7.0,5.0,8.0,0.29,2.0,68.0,3.0,3.0,3.0,1.0,3.35,0.0,1.0,0.0,0.0,0.7,0.0,2.0,0.0,0.52,0.48,2
1429,1,5.0,0.0,1.0,0.0,0.0,2.0,1.0,1.0,7.0,5.0,8.0,11.34,2.0,68.0,3.0,3.0,3.0,4.0,3.35,0.0,1.0,0.0,0.0,0.0,0.0,2.0,0.0,0.56,0.44,2
1429,2,5.0,0.0,1.0,0.0,0.0,2.0,1.0,1.0,7.0,5.0,8.0,8.86,2.0,68.0,3.0,3.0,3.0,6.0,3.35,0.0,1.0,0.0,0.0,0.0,0.0,2.0,0.0,0.55,0.45,2
1429,3,5.0,0.0,1.0,0.0,0.0,2.0,1.0,1.0,39.0,5.0,8.0,0.29,2.0,68.0,3.0,3.0,3.0,1.0,3.35,0.0,1.0,0.0,0.0,0.9,0.0,2.0,0.0,0.65,0.35,2
1429,4,5.0,0.0,1.0,0.0,0.0,7.0,1.0,1.0,7.0,5.0,8.0,0.29,2.0,68.0,3.0,3.0,3.0,1.0,3.35,0.0,1.0,0.0,0.0,0.7,0.0,2.0,0.0,0.51,0.49,2
1429,5,5.0,0.0,1.0,0.0,0.0,2.0,1.0,1.0,7.0,5.0,8.0,0.29,2.0,68.0,3.0,3.0,3.0,5.0,3.35,0.0,1.0,0.0,0.0,1.1,0.0,2.0,0.0,0.71,0.29,2
1429,6,5.0,0.0,1.0,0.0,0.0,2.0,1.0,1.0,7.0,5.0,8.0,9.81,2.0,68.0,3.0,3.0,3.0,1.0,3.35,0.0,1.0,0.0,0.0,0.9,0.0,2.0,0.0,0.77,0.23,2
1429,7,5.0,0.0,1.0,0.0,0.0,2.0,1.0,1.0,7.0,5.0,8.0,0.29,2.0,68.0,3.0,3.0,3.0,5.0,3.35,0.0,1.0,0.0,0.0,0.7,0.0,2.0,0.0,0.51,0.49,2
1429,8,5.0,0.0,1.0,0.0,0.0,11.0,1.0,1.0,7.0,5.0,8.0,6.77,2.0,68.0,3.0,3.0,3.0,1.0,3.35,0.0,1.0,0.0,0.0,0.0,0.0,2.0,0.0,0.59,0.41,2
1429,9,5.0,0.0,1.0,0.0,0.0,11.0,1.0,1.0,7.0,5.0,8.0,0.29,2.0,68.0,3.0,3.0,3.0,2.0,3.35,0.0,1.0,0.0,0.0,0.0,0.0,2.0,0.0,0.55,0.45,2
1429,10,5.0,0.0,1.0,0.0,0.0,14.0,1.0,1.0,7.0,5.0,8.0,7.37,2.0,68.0,3.0,3.0,3.0,1.0,3.35,0.0,1.0,0.0,0.0,0.0,0.0,2.0,0.0,0.59,0.41,2
1429,11,5.0,0.0,1.0,0.0,0.0,2.0,1.0,1.0,2.0,5.0,8.0,0.29,2.0,68.0,3.0,3.0,3.0,1.0,3.35,0.0,1.0,0.0,0.0,0.8,0.0,2.0,0.0,0.61,0.39,2
1429,12,5.0,0.0,1.0,0.0,0.0,16.0,1.0,1.0,7.0,5.0,8.0,9.46,2.0,68.0,3.0,3.0,3.0,1.0,3.35,0.0,1.0,0.0,0.0,0.0,0.0,2.0,0.0,0.59,0.41,2
1429,13,5.0,0.0,1.0,0.0,0.0,17.0,1.0,1.0,7.0,5.0,8.0,0.29,2.0,68.0,3.0,3.0,3.0,7.0,3.35,0.0,1.0,0.0,0.0,0.0,0.0,2.0,0.0,0.55,0.45,2
1429,14,5.0,0.0,1.0,0.0,0.0,2.0,1.0,1.0,20.0,5.0,8.0,0.29,2.0,68.0,3.0,3.0,3.0,1.0,3.35,0.0,1.0,0.0,0.0,1.0,0.0,2.0,0.0,0.86,0.14,2
1429,15,5.0,0.0,1.0,0.0,0.0,11.0,1.0,1.0,7.0,5.0,8.0,0.29,2.0,68.0,3.0,3.0,3.0,8.0,3.35,0.0,1.0,0.0,0.0,0.0,0.0,2.0,0.0,0.55,0.45,2
1429,16,5.0,0.0,1.0,0.0,0.0,2.0,1.0,1.0,7.0,5.0,8.0,4.2,2.0,68.0,3.0,3.0,3.0,4.0,3.35,0.0,1.0,0.0,0.0,0.0,0.0,2.0,0.0,0.56,0.44,2
1429,17,5.0,0.0,1.0,0.0,0.0,9.0,1.0,1.0,7.0,5.0,8.0,0.29,2.0,68.0,3.0,3.0,3.0,1.0,3.35,0.0,1.0,0.0,0.0,0.8,0.0,2.0,0.0,0.58,0.42,2
1496,0,1.0,0.0,2.0,15.0,0.0,0.0,4.0,1.0,38.0,19.0,5.0,0.07,2.0,85.0,1.0,0.0,2.0,2.0,6.83333333333333,0.0,2.0,0.0,0.0,1.0,0.0,1.0,1.0,0.64,0.36,2
1496,1,1.0,0.0,2.0,15.0,0.0,0.0,4.0,1.0,6.0,19.0,27.0,0.07,2.0,85.0,1.0,0.0,2.0,2.0,6.83333333333333,0.0,2.0,0.0,0.0,1.0,0.0,1.0,1.0,0.64,0.36,2
1496,2,1.0,0.0,2.0,0.0,0.0,0.0,4.0,1.0,6.0,19.0,5.0,3.45,2.0,85.0,1.0,0.0,2.0,2.0,6.83333333333333,0.0,2.0,0.0,0.0,0.0,0.0,1.0,1.0,0.51,0.49,2
1496,3,1.0,0.0,2.0,15.0,0.0,0.0,4.0,1.0,6.0,19.0,5.0,11.53,2.0,85.0,1.0,0.0,2.0,2.0,6.83333333333333,0.0,2.0,0.0,0.0,1.0,0.0,1.0,1.0,0.71,0.29,2
1496,4,1.0,0.0,2.0,15.0,0.0,0.0,4.0,1.0,6.0,19.0,5.0,8.82,2.0,85.0,1.0,0.0,2.0,2.0,6.83333333333333,0.0,2.0,0.0,0.0,0.8,0.0,1.0,1.0,0.55,0.45,2
1496,5,1.0,0.0,2.0,12.0,0.0,0.0,4.0,1.0,6.0,19.0,5.0,0.07,2.0,85.0,1.0,0.0,2.0,2.0,6.83333333333333,0.0,2.0,0.0,0.0,1.1,0.0,1.0,1.0,0.67,0.33,2
1496,6,1.0,0.0,2.0,15.0,0.0,0.0,4.0,1.0,6.0,19.0,87.0,0.07,2.0,85.0,1.0,0.0,2.0,2.0,6.83333333333333,0.0,2.0,0.0,0.0,1.1,0.0,1.0,1.0,0.63,0.37,2
1496,7,1.0,0.0,2.0,0.0,0.0,0.0,4.0,1.0,6.0,19.0,5.0,13.04,2.0,85.0,1.0,0.0,2.0,2.0,6.83333333333333,0.0,2.0,0.0,0.0,0.0,0.0,1.0,1.0,0.51,0.49,2
1496,8,1.0,0.0,2.0,15.0,0.0,0.0,4.0,1.0,37.0,19.0,5.0,0.07,2.0,85.0,1.0,0.0,2.0,2.0,6.83333333333333,0.0,2.0,0.0,0.0,1.1,0.0,1.0,1.0,0.64,0.36,2
1496,9,1.0,0.0,2.0,15.0,0.0,0.0,4.0,1.0,6.0,19.0,5.0,8.36,2.0,85.0,1.0,0.0,2.0,2.0,6.83333333333333,0.0,2.0,0.0,0.0,0.8,0.0,1.0,1.0,0.55,0.45,2
1496,10,1.0,0.0,2.0,15.0,0.0,0.0,4.0,1.0,6.0,19.0,5.0,11.79,2.0,85.0,1.0,0.0,2.0,2.0,6.83333333333333,0.0,2.0,0.0,0.0,1.0,0.0,1.0,1.0,0.71,0.29,2
1496,11,1.0,0.0,2.0,15.0,0.0,0.0,4.0,1.0,3.0,19.0,5.0,12.73,2.0,85.0,1.0,0.0,2.0,2.0,6.83333333333333,0.0,2.0,0.0,0.0,0.0,0.0,1.0,1.0,0.53,0.47,2
1496,12,1.0,0.0,2.0,15.0,0.0,0.0,4.0,1.0,6.0,19.0,30.0,0.07,2.0,85.0,1.0,0.0,2.0,2.0,6.83333333333333,0.0,2.0,0.0,0.0,1.0,0.0,1.0,1.0,0.64,0.36,2
1496,13,1.0,0.0,2.0,15.0,0.0,0.0,4.0,1.0,6.0,19.0,5.0,11.55,2.0,85.0,1.0,0.0,2.0,2.0,6.83333333333333,0.0,2.0,0.0,0.0,1.0,0.0,1.0,1.0,0.71,0.29,2
1496,14,1.0,0.0,2.0,15.0,0.0,0.0,4.0,1.0,6.0,19.0,5.0,9.2,2.0,85.0,1.0,0.0,2.0,2.0,6.83333333333333,0.0,2.0,0.0,0.0,0.9,0.0,1.0,1.0,0.6,0.4,2
1496,15,1.0,0.0,2.0,0.0,0.0,0.0,4.0,1.0,6.0,19.0,5.0,3.03,2.0,85.0,1.0,0.0,2.0,2.0,6.83333333333333,0.0,2.0,0.0,0.0,0.0,0.0,1.0,1.0,0.51,0.49,2
1496,16,1.0,0.0,2.0,0.0,0.0,0.0,4.0,1.0,6.0,19.0,5.0,0.07,2.0,85.0,1.0,0.0,2.0,2.0,6.83333333333333,0.0,2.0,0.0,0.0,0.9,0.0,1.0,1.0,0.53,0.47,2
1496,17,1.0,0.0,2.0,15.0,0.0,0.0,4.0,1.0,4.0,19.0,5.0,3.52,2.0,85.0,1.0,0.0,2.0,2.0,6.83333333333333,0.0,2.0,0.0,0.0,0.0,0.0,1.0,1.0,0.52,0.48,2
1496,18,1.0,0.0,2.0,15.0,0.0,0.0,4.0,1.0,6.0,19.0,5.0,12.31,2.0,85.0,1.0,0.0,2.0,2.0,6.83333333333333,0.0,2.0,0.0,0.0,1.0,0.0,1.0,1.0,0.71,0.29,2
1496,19,1.0,0.0,2.0,15.0,0.0,0.0,4.0,1.0,6.0,19.0,5.0,0.73,2.0,85.0,1.0,0.0,2.0,2.0,6.83333333333333,0.0,2.0,0.0,0.0,0.4,0.0,1.0,1.0,0.51,0.49,2
1582,0,0.0,0.0,1.0,5.0,3.0,1.0,2.0,3.0,2.0,12.0,9.0,0.24,0.0,52.0,1.0,0.0,8.0,2.0,3.25,0.0,0.0,0.0,0.0,0.0,0.0,2.0,2.0,0.52,0.48,2
1582,1,6.0,0.0,1.0,5.0,3.0,1.0,2.0,3.0,2.0,12.0,9.0,0.24,0.0,88.0,1.0,0.0,0.0,2.0,3.25,0.0,0.0,0.0,0.0,0.0,0.0,2.0,0.0,0.51,0.49,3
1582,2,5.0,0.0,1.0,5.0,3.0,1.0,2.0,3.0,2.0,12.0,9.0,0.24,0.0,88.0,1.0,0.0,4.0,2.0,3.25,0.0,0.0,0.0,0.0,0.0,0.0,2.0,0.0,0.51,0.49,2
1582,3,5.0,0.0,1.0,18.0,3.0,1.0,2.0,3.0,2.0,12.0,9.0,0.24,0.0,76.0,1.0,0.0,8.0,2.0,3.25,0.0,0.0,0.0,0.0,0.0,0.0,2.0,0.0,0.52,0.48,3
1582,4,5.0,0.0,1.0,0.0,3.0,1.0,2.0,3.0,2.0,12.0,9.0,0.24,0.0,77.0,1.0,0.0,8.0,2.0,3.25,0.0,0.0,0.0,0.0,0.0,0.0,2.0,1.0,0.51,0.49,3
1582,5,5.0,0.0,1.0,16.0,3.0,1.0,2.0,3.0,2.0,12.0,9.0,0.24,0.0,88.0,1.0,0.0,5.0,2.0,3.25,0.0,0.0,0.0,0.0,0.0,0.0,2.0,0.0,0.53,0.47,3
1582,6,0.0,0.0,1.0,5.0,3.0,1.0,2.0,3.0,2.0,12.0,9.0,0.24,0.0,4.0,1.0,0.0,8.0,2.0,3.25,0.0,0.0,0.0,0.0,0.0,0.0,2.0,2.0,0.53,0.47,2
1582,7,17.0,0.0,1.0,5.0,3.0,1.0,2.0,3.0,2.0,12.0,9.0,0.24,0.0,88.0,1.0,0.0,4.0,2.0,3.25,0.0,0.0,0.0,0.0,0.0,0.0,2.0,0.0,0.53,0.47,3
1582,8,0.0,0.0,1.0,20.0,3.0,1.0,2.0,3.0,2.0,12.0,9.0,0.24,0.0,4.0,1.0,0.0,8.0,2.0,3.25,0.0,0.0,0.0,0.0,0.0,0.0,2.0,2.0,0.55,0.45,3
1582,9,0.0,0.0,1.0,7.0,3.0,1.0,2.0,3.0,2.0,12.0,9.0,0.24,0.0,16.0,1.0,0.0,8.0,2.0,3.25,0.0,0.0,0.0,0.0,0.0,0.0,2.0,2.0,0.54,0.46,3
1582,10,5.0,0.0,1.0,12.0,3.0,1.0,2.0,3.0,2.0,12.0,9.0,0.24,0.0,88.0,1.0,0.0,2.0,2.0,3.25,0.0,0.0,0.0,0.0,0.0,0.0,2.0,0.0,0.56,0.44,3
1582,11,0.0,0.0,1.0,5.0,3.0,1.0,2.0,3.0,2.0,12.0,9.0,0.24,0.0,71.0,1.0,0.0,8.0,2.0,3.25,0.0,0.0,0.0,0.0,0.0,0.0,2.0,4.0,0.54,0.46,3
1582,12,5.0,0.0,1.0,5.0,3.0,1.0,2.0,3.0,2.0,12.0,9.0,0.24,0.0,88.0,1.0,0.0,0.0,2.0,3.25,0.0,0.0,0.0,0.0,0.0,0.0,2.0,0.0,0.51,0.49,2
1582,13,0.0,0.0,1.0,5.0,3.0,1.0,2.0,3.0,2.0,12.0,9.0,0.24,0.0,47.0,1.0,0.0,8.0,2.0,3.25,0.0,0.0,0.0,0.0,0.0,0.0,2.0,2.0,0.52,0.48,2
1582,14,0.0,0.0,1.0,5.0,3.0,1.0,2.0,3.0,2.0,12.0,9.0,0.24,0.0,61.0,1.0,0.0,8.0,2.0,3.25,0.0,0.0,0.0,0.0,0.0,0.0,2.0,3.0,0.52,0.48,3
1582,15,0.0,0.0,1.0,5.0,3.0,1.0,2.0,3.0,2.0,12.0,9.0,0.24,0.0,0.0,1.0,0.0,8.0,2.0,3.25,0.0,0.0,0.0,0.0,0.0,0.0,2.0,3.0,0.53,0.47,3
1582,16,5.0,0.0,1.0,5.0,3.0,1.0,2.0,3.0,2.0,12.0,9.0,0.24,0.0,88.0,1.0,0.0,3.0,2.0,3.25,0.0,0.0,0.0,0.0,0.0,0.0,2.0,0.0,0.51,0.49,2
1583,0,21.0,0.0,1.0,1.0,1.0,1.0,2.0,4.0,0.0,9.0,5.0,0.36,0.0,86.0,1.0,0.0,5.0,3.0,2.44117647058824,0.0,1.0,0.0,0.0,0.0,0.0,2.0,1.0,0.51,0.49,2
1583,1,6.0,0.0,1.0,1.0,1.0,1.0,2.0,4.0,0.0,9.0,16.0,0.36,0.0,86.0,1.0,0.0,5.0,3.0,2.44117647058824,0.0,1.0,0.0,0.0,0.0,0.0,2.0,1.0,0.53,0.47,1
1583,2,6.0,0.0,1.0,1.0,1.0,1.0,2.0,4.0,0.0,9.0,14.0,0.36,0.0,86.0,1.0,0.0,5.0,3.0,41.4,0.0,1.0,0.0,0.0,0.0,0.0,2.0,1.0,0.58,0.42,2
1583,3,0.0,0.0,1.0,1.0,1.0,1.0,2.0,4.0,0.0,9.0,28.0,0.36,0.0,86.0,1.0,0.0,5.0,3.0,50.9,0.0,1.0,0.0,0.0,0.0,0.0,2.0,1.0,0.51,0.49,2
1583,4,6.0,0.0,1.0,1.0,1.0,1.0,2.0,4.0,0.0,9.0,6.0,0.36,0.0,86.0,1.0,0.0,5.0,3.0,2.44117647058824,0.0,1.0,0.0,0.0,0.0,0.0,2.0,1.0,0.53,0.47,1
1583,5,6.0,0.0,1.0,1.0,1.0,1.0,2.0,4.0,0.0,9.0,11.0,0.36,0.0,86.0,1.0,0.0,5.0,3.0,9.9,0.0,1.0,0.0,0.0,0.0,0.0,2.0,1.0,0.58,0.42,2
1583,6,6.0,0.0,1.0,1.0,1.0,1.0,2.0,4.0,0.0,9.0,5.0,0.36,0.0,86.0,1.0,0.0,5.0,3.0,2.44117647058824,0.0,1.0,0.0,0.0,0.0,0.0,2.0,1.0,0.51,0.49,1
1583,7,6.0,0.0,1.0,1.0,1.0,1.0,2.0,4.0,0.0,9.0,6.0,0.36,0.0,86.0,1.0,0.0,5.0,3.0,19.7,0.0,1.0,0.0,0.0,0.0,0.0,2.0,1.0,0.58,0.42,2
1583,8,6.0,0.0,1.0,1.0,1.0,1.0,2.0,4.0,0.0,9.0,18.0,0.36,0.0,86.0,1.0,0.0,5.0,3.0,34.5,0.0,1.0,0.0,0.0,0.0,0.0,2.0,1.0,0.55,0.45,2
1583,9,6.0,0.0,1.0,1.0,1.0,1.0,2.0,4.0,0.0,9.0,9.0,0.36,0.0,86.0,1.0,0.0,5.0,3.0,2.44117647058824,0.0,1.0,0.0,0.0,0.0,0.0,2.0,1.0,0.52,0.48,1
1583,10,6.0,0.0,1.0,1.0,1.0,1.0,2.0,4.0,0.0,9.0,13.0,0.36,0.0,86.0,1.0,0.0,5.0,3.0,44.1,0.0,1.0,0.0,0.0,0.0,0.0,2.0,1.0,0.57,0.43,2
1583,11,0.0,0.0,1.0,1.0,1.0,1.0,2.0,4.0,0.0,9.0,28.0,0.36,0.0,86.0,1.0,0.0,5.0,3.0,20.5,0.0,1.0,0.0,0.0,0.0,0.0,2.0,1.0,0.51,0.49,2
1583,12,6.0,0.0,1.0,7.0,1.0,1.0,2.0,4.0,0.0,9.0,7.0,0.36,0.0,86.0,1.0,0.0,5.0,3.0,2.44117647058824,0.0,1.0,0.0,0.0,0.0,0.0,2.0,1.0,0.54,0.46,2
1583,13,6.0,0.0,1.0,1.0,1.0,1.0,2.0,4.0,0.0,9.0,0.0,0.36,0.0,86.0,1.0,0.0,5.0,3.0,9.3,0.0,1.0,0.0,0.0,0.0,0.0,2.0,1.0,0.57,0.43,2
1583,14,6.0,0.0,1.0,1.0,1.0,1.0,2.0,4.0,0.0,9.0,15.0,0.36,0.0,86.0,1.0,0.0,5.0,3.0,2.44117647058824,0.0,1.0,0.0,0.0,0.0,0.0,2.0,1.0,0.54,0.46,1
1583,15,6.0,0.0,1.0,1.0,1.0,1.0,2.0,4.0,0.0,9.0,15.0,0.36,0.0,86.0,1.0,0.0,5.0,3.0,43.1,0.0,1.0,0.0,0.0,0.0,0.0,2.0,1.0,0.59,0.41,2
1583,16,6.0,0.0,1.0,1.0,1.0,1.0,2.0,4.0,0.0,9.0,8.0,0.36,0.0,86.0,1.0,0.0,5.0,3.0,2.44117647058824,0.0,1.0,0.0,0.0,0.0,0.0,2.0,1.0,0.53,0.47,1
1594,0,2.0,0.0,1.0,0.0,0.0,4.0,1.0,1.0,0.0,8.0,20.0,1.0,0.0,80.0,1.0,0.0,6.0,5.0,47.7,0.0,1.0,0.0,0.0,0.0,0.0,2.0,1.0,0.52,0.48,2
1594,1,2.0,0.0,1.0,0.0,0.0,4.0,1.0,1.0,0.0,3.0,0.0,1.0,0.0,80.0,1.0,0.0,6.0,5.0,2.13636363636364,0.0,1.0,0.0,0.0,0.0,0.0,2.0,1.0,0.51,0.49,1
1594,2,2.0,0.0,1.0,0.0,0.0,4.0,1.0,1.0,0.0,3.0,2.0,1.0,0.0,80.0,1.0,0.0,6.0,5.0,2.13636363636364,0.0,1.0,0.0,0.0,0.0,0.0,2.0,1.0,0.54,0.46,1
1594,3,2.0,0.0,1.0,0.0,0.0,4.0,1.0,1.0,0.0,3.0,5.0,1.0,0.0,80.0,1.0,0.0,6.0,5.0,7.4,0.0,1.0,0.0,0.0,0.0,0.0,2.0,1.0,0.59,0.41,2
1594,4,2.0,0.0,1.0,0.0,0.0,4.0,1.0,1.0,0.0,3.0,14.0,1.0,0.0,80.0,1.0,0.0,6.0,5.0,41.4,0.0,1.0,0.0,0.0,0.0,0.0,2.0,1.0,0.51,0.49,2
1594,5,2.0,0.0,1.0,0.0,0.0,4.0,1.0,1.0,0.0,7.0,20.0,1.0,0.0,80.0,1.0,0.0,6.0,5.0,38.7,0.0,1.0,0.0,0.0,0.0,0.0,2.0,1.0,0.52,0.48,2
1594,6,2.0,0.0,1.0,0.0,0.0,4.0,1.0,1.0,0.0,3.0,7.0,1.0,0.0,80.0,1.0,0.0,6.0,5.0,2.13636363636364,0.0,1.0,0.0,0.0,0.0,0.0,2.0,1.0,0.51,0.49,1
1594,7,2.0,0.0,1.0,0.0,0.0,4.0,1.0,1.0,0.0,3.0,13.0,1.0,0.0,80.0,1.0,0.0,6.0,5.0,44.1,0.0,1.0,0.0,0.0,0.0,0.0,2.0,1.0,0.51,0.49,2
1594,8,2.0,0.0,1.0,0.0,0.0,4.0,1.0,1.0,0.0,25.0,2.0,1.0,0.0,80.0,1.0,0.0,6.0,5.0,2.13636363636364,0.0,1.0,0.0,0.0,0.0,0.0,2.0,1.0,0.51,0.49,2
1594,9,2.0,0.0,1.0,0.0,0.0,4.0,1.0,1.0,0.0,3.0,11.0,1.0,0.0,80.0,1.0,0.0,6.0,5.0,9.9,0.0,1.0,0.0,0.0,0.0,0.0,2.0,1.0,0.53,0.47,2
1594,10,2.0,0.0,1.0,0.0,0.0,4.0,1.0,1.0,0.0,1.0,20.0,1.0,0.0,80.0,1.0,0.0,6.0,5.0,9.6,0.0,1.0,0.0,0.0,0.0,0.0,2.0,1.0,0.51,0.49,2
1594,11,2.0,0.0,1.0,0.0,0.0,4.0,1.0,1.0,0.0,3.0,6.0,1.0,0.0,80.0,1.0,0.0,6.0,5.0,19.7,0.0,1.0,0.0,0.0,0.0,0.0,2.0,1.0,0.57,0.43,2
1594,12,2.0,0.0,1.0,0.0,0.0,4.0,1.0,1.0,0.0,3.0,4.0,9.02,0.0,80.0,1.0,0.0,6.0,5.0,2.13636363636364,0.0,1.0,0.0,0.0,0.0,0.0,2.0,1.0,0.52,0.48,2
1594,13,2.0,0.0,1.0,0.0,0.0,4.0,1.0,1.0,0.0,0.0,20.0,1.0,0.0,80.0,1.0,0.0,6.0,5.0,23.2,0.0,1.0,0.0,0.0,0.0,0.0,2.0,1.0,0.54,0.46,2
1594,14,2.0,0.0,1.0,0.0,0.0,4.0,1.0,1.0,0.0,1.0,20.0,1.0,0.0,80.0,1.0,0.0,6.0,5.0,9.5,0.0,1.0,0.0,0.0,0.0,0.0,2.0,1.0,0.51,0.49,2
1594,15,2.0,0.0,1.0,0.0,0.0,4.0,1.0,1.0,0.0,3.0,2.0,1.0,0.0,80.0,1.0,0.0,1.0,5.0,2.13636363636364,0.0,1.0,0.0,0.0,0.0,0.0,2.0,1.0,0.64,0.36,2
1594,16,2.0,0.0,1.0,0.0,0.0,4.0,1.0,1.0,0.0,3.0,4.0,1.0,0.0,80.0,1.0,0.0,6.0,5.0,2.13636363636364,0.0,1.0,0.0,0.0,0.0,0.0,2.0,1.0,0.53,0.47,1
1594,17,2.0,0.0,1.0,0.0,0.0,4.0,1.0,1.0,0.0,3.0,0.0,2.15,0.0,80.0,1.0,0.0,6.0,5.0,2.13636363636364,0.0,1.0,0.0,0.0,0.0,0.0,2.0,1.0,0.52,0.48,2
1595,0,1.0,0.0,1.0,0.0,0.0,4.0,1.0,1.0,0.0,2.0,1.0,1.25,0.0,91.0,1.0,0.0,2.0,4.0,28.9,0.0,0.0,0.0,0.0,0.0,0.0,2.0,1.0,0.69,0.31,2
1595,1,1.0,0.0,1.0,0.0,0.0,4.0,1.0,1.0,0.0,2.0,2.0,1.25,0.0,91.0,1.0,0.0,2.0,4.0,1.85365853658537,0.0,0.0,0.0,0.0,0.0,0.0,2.0,1.0,0.6,0.4,1
1595,2,1.0,0.0,1.0,0.0,0.0,4.0,1.0,1.0,0.0,2.0,5.0,1.25,0.0,91.0,1.0,0.0,2.0,4.0,1.2,0.0,0.0,0.0,0.0,0.0,0.0,2.0,1.0,0.61,0.39,2
1595,3,1.0,0.0,1.0,0.0,0.0,4.0,1.0,1.0,0.0,2.0,2.0,1.69,0.0,91.0,1.0,0.0,2.0,4.0,1.85365853658537,0.0,0.0,0.0,0.0,0.0,0.0,2.0,1.0,0.6,0.4,2
1595,4,1.0,0.0,1.0,0.0,0.0,4.0,1.0,1.0,0.0,2.0,11.0,1.25,0.0,91.0,1.0,0.0,2.0,4.0,9.9,0.0,0.0,0.0,0.0,0.0,0.0,2.0,1.0,0.61,0.39,2
1595,5,1.0,0.0,1.0,0.0,0.0,4.0,1.0,1.0,0.0,2.0,12.0,1.25,0.0,91.0,1.0,0.0,2.0,4.0,1.85365853658537,0.0,0.0,0.0,0.0,0.0,0.0,2.0,1.0,0.54,0.46,1
1595,6,1.0,0.0,1.0,0.0,0.0,4.0,1.0,1.0,0.0,2.0,24.0,1.25,0.0,91.0,1.0,0.0,2.0,4.0,21.5,0.0,0.0,0.0,0.0,0.0,0.0,2.0,1.0,0.51,0.49,2
1595,7,1.0,0.0,1.0,0.0,0.0,4.0,1.0,1.0,0.0,2.0,2.0,6.54,0.0,91.0,1.0,0.0,2.0,4.0,1.85365853658537,0.0,0.0,0.0,0.0,0.0,0.0,2.0,1.0,0.59,0.41,2
1595,8,1.0,0.0,1.0,0.0,0.0,4.0,1.0,1.0,0.0,2.0,9.0,1.25,0.0,91.0,1.0,0.0,2.0,4.0,1.85365853658537,0.0,0.0,0.0,0.0,0.0,0.0,2.0,1.0,0.54,0.46,1
1595,9,1.0,0.0,1.0,0.0,0.0,4.0,1.0,1.0,0.0,2.0,10.0,1.25,0.0,91.0,1.0,0.0,2.0,4.0,1.85365853658537,0.0,0.0,0.0,0.0,0.0,0.0,3.0,1.0,0.52,0.48,2
1595,10,1.0,0.0,1.0,0.0,0.0,4.0,1.0,1.0,0.0,2.0,7.0,1.25,0.0,91.0,1.0,0.0,2.0,4.0,24.6,0.0,0.0,0.0,0.0,0.0,0.0,2.0,1.0,0.65,0.35,2
1598,0,1.0,0.0,1.0,3.0,1.0,0.0,1.0,3.0,3.0,4.0,15.0,0.18,0.0,79.0,2.0,2.0,3.0,3.0,2.31818181818182,0.0,0.0,0.0,0.0,0.0,0.0,3.0,0.0,0.56,0.44,2
1598,1,1.0,0.0,1.0,3.0,1.0,0.0,1.0,4.0,3.0,4.0,5.0,10.32,0.0,79.0,2.0,2.0,3.0,3.0,2.31818181818182,0.0,0.0,0.0,0.0,0.0,0.0,3.0,0.0,0.58,0.42,2
1598,2,0.0,0.0,1.0,3.0,1.0,0.0,1.0,1.0,3.0,4.0,18.0,0.18,0.0,79.0,2.0,2.0,3.0,3.0,2.31818181818182,0.0,0.0,0.0,0.0,0.0,0.0,3.0,0.0,0.51,0.49,2
1598,3,1.0,0.0,1.0,3.0,1.0,0.0,1.0,1.0,3.0,4.0,5.0,0.18,0.0,79.0,2.0,2.0,3.0,3.0,2.31818181818182,0.0,0.0,0.0,0.0,0.0,0.0,3.0,0.0,0.53,0.47,2
1598,4,1.0,0.0,1.0,3.0,1.0,0.0,1.0,8.0,3.0,4.0,13.0,0.18,0.0,79.0,2.0,2.0,3.0,3.0,2.31818181818182,0.0,0.0,0.0,0.0,0.0,0.0,3.0,0.0,0.51,0.49,2
1598,5,11.0,0.0,1.0,3.0,1.0,0.0,1.0,4.0,3.0,4.0,14.0,0.18,0.0,79.0,2.0,2.0,3.0,3.0,2.31818181818182,0.0,0.0,0.0,0.0,0.0,0.0,3.0,0.0,0.52,0.48,2
1598,6,1.0,0.0,1.0,3.0,1.0,0.0,1.0,6.0,3.0,4.0,10.0,0.18,0.0,79.0,2.0,2.0,3.0,3.0,2.31818181818182,0.0,0.0,0.0,0.0,0.0,0.0,3.0,0.0,0.53,0.47,2
1598,7,1.0,0.0,1.0,3.0,1.0,0.0,1.0,4.0,3.0,4.0,13.0,0.18,0.0,79.0,2.0,2.0,3.0,3.0,2.31818181818182,0.0,0.0,0.0,0.0,0.0,0.0,3.0,0.0,0.54,0.46,1
1598,8,18.0,0.0,1.0,3.0,1.0,0.0,1.0,4.0,3.0,4.0,13.0,0.18,0.0,79.0,2.0,2.0,3.0,3.0,2.31818181818182,0.0,0.0,0.0,0.0,0.0,0.0,3.0,0.0,0.53,0.47,2
1598,9,16.0,0.0,1.0,3.0,1.0,0.0,1.0,4.0,3.0,4.0,10.0,0.18,0.0,79.0,2.0,2.0,3.0,3.0,2.31818181818182,0.0,0.0,0.0,0.0,0.0,0.0,3.0,0.0,0.52,0.48,2
1598,10,1.0,0.0,1.0,3.0,1.0,0.0,1.0,4.0,3.0,4.0,8.0,1.44,0.0,79.0,2.0,2.0,3.0,3.0,2.31818181818182,0.0,0.0,0.0,0.0,0.0,0.0,3.0,0.0,0.56,0.44,2
1598,11,1.0,0.0,1.0,3.0,1.0,0.0,1.0,3.0,3.0,4.0,11.0,0.18,0.0,79.0,2.0,2.0,3.0,3.0,2.31818181818182,0.0,0.0,0.0,0.0,0.0,0.0,3.0,0.0,0.58,0.42,2
1598,12,1.0,0.0,1.0,3.0,1.0,0.0,1.0,1.0,3.0,4.0,18.0,7.64,0.0,79.0,2.0,2.0,3.0,3.0,2.31818181818182,0.0,0.0,0.0,0.0,0.0,0.0,3.0,0.0,0.51,0.49,2
1598,13,1.0,0.0,1.0,3.0,1.0,0.0,1.0,4.0,3.0,4.0,17.0,12.35,0.0,79.0,2.0,2.0,3.0,3.0,2.31818181818182,0.0,0.0,0.0,0.0,0.0,0.0,3.0,0.0,0.53,0.47,2
1598,14,1.0,0.0,1.0,3.0,1.0,0.0,1.0,4.0,3.0,4.0,8.0,0.18,0.0,79.0,2.0,2.0,3.0,3.0,2.31818181818182,0.0,0.0,0.0,0.0,0.0,0.0,3.0,0.0,0.53,0.47,1
1598,15,1.0,0.0,1.0,3.0,1.0,0.0,1.0,4.0,3.0,4.0,1.0,7.11,0.0,79.0,2.0,2.0,3.0,3.0,2.31818181818182,0.0,0.0,0.0,0.0,0.0,0.0,3.0,0.0,0.58,0.42,2
1598,16,1.0,0.0,1.0,3.0,1.0,0.0,1.0,4.0,3.0,4.0,4.0,11.31,0.0,79.0,2.0,2.0,3.0,3.0,2.31818181818182,0.0,0.0,0.0,0.0,0.0,0.0,3.0,0.0,0.57,0.43,2
1600,0,1.0,0.0,1.0,2.0,1.0,2.0,2.0,2.0,0.0,5.0,14.0,0.32,0.0,80.0,1.0,0.0,4.0,5.0,4.0,1.0,1.0,0.0,1.0,0.6,0.0,2.0,2.0,0.61,0.39,2
1600,1,1.0,0.0,1.0,2.0,1.0,2.0,2.0,2.0,0.0,13.0,14.0,0.32,0.0,80.0,1.0,0.0,4.0,1.0,4.0,1.0,1.0,0.0,1.0,1.1,0.0,2.0,2.0,0.54,0.46,2
1600,2,1.0,0.0,1.0,2.0,1.0,2.0,2.0,2.0,0.0,2.0,14.0,0.32,0.0,80.0,1.0,0.0,4.0,5.0,4.0,1.0,1.0,0.0,1.0,1.0,0.0,2.0,2.0,0.54,0.46,1
1600,3,1.0,0.0,1.0,2.0,1.0,2.0,2.0,2.0,0.0,5.0,14.0,0.32,0.0,80.0,1.0,0.0,4.0,5.0,4.0,1.0,1.0,0.0,1.0,0.5,0.0,2.0,2.0,0.61,0.39,2
1600,4,1.0,0.0,1.0,2.0,1.0,2.0,2.0,2.0,0.0,13.0,14.0,0.32,0.0,80.0,1.0,0.0,59.0,1.0,4.0,1.0,1.0,0.0,1.0,1.0,0.0,2.0,2.0,0.61,0.39,2
1600,5,1.0,0.0,1.0,2.0,1.0,2.0,2.0,2.0,0.0,13.0,14.0,0.32,0.0,80.0,1.0,0.0,64.0,5.0,4.0,1.0,1.0,0.0,1.0,0.9,0.0,2.0,2.0,0.53,0.47,2
1600,6,1.0,0.0,1.0,2.0,1.0,2.0,2.0,2.0,0.0,13.0,14.0,0.32,0.0,80.0,1.0,0.0,18.0,5.0,4.0,1.0,1.0,0.0,1.0,0.9,0.0,2.0,2.0,0.53,0.47,2
1600,7,1.0,0.0,1.0,2.0,1.0,2.0,2.0,2.0,0.0,13.0,14.0,0.32,0.0,80.0,1.0,0.0,46.0,5.0,4.0,1.0,1.0,0.0,1.0,0.9,0.0,2.0,2.0,0.53,0.47,2
1600,8,1.0,0.0,1.0,2.0,1.0,2.0,2.0,2.0,0.0,13.0,14.0,0.32,0.0,80.0,1.0,0.0,30.0,0.0,4.0,1.0,1.0,0.0,1.0,1.0,0.0,2.0,2.0,0.62,0.38,2
1600,9,1.0,0.0,1.0,2.0,1.0,2.0,2.0,2.0,0.0,24.0,14.0,0.32,0.0,80.0,1.0,0.0,4.0,0.0,4.0,1.0,1.0,0.0,1.0,1.0,0.0,2.0,2.0,0.54,0.46,2
1600,10,1.0,0.0,1.0,2.0,1.0,2.0,2.0,2.0,0.0,13.0,14.0,0.32,0.0,80.0,1.0,0.0,12.0,1.0,4.0,1.0,1.0,0.0,1.0,1.0,0.0,2.0,2.0,0.6,0.4,2
1600,11,1.0,0.0,1.0,2.0,1.0,2.0,2.0,2.0,0.0,13.0,14.0,0.32,0.0,80.0,1.0,0.0,20.0,5.0,4.0,1.0,1.0,0.0,1.0,0.9,0.0,2.0,2.0,0.54,0.46,2
1600,12,1.0,0.0,1.0,2.0,1.0,2.0,2.0,2.0,0.0,13.0,14.0,0.32,0.0,80.0,1.0,0.0,4.0,0.0,4.0,1.0,1.0,0.0,1.0,0.9,0.0,2.0,2.0,0.52,0.48,2
1600,13,1.0,0.0,1.0,2.0,1.0,2.0,2.0,2.0,0.0,13.0,14.0,0.32,0.0,80.0,1.0,0.0,56.0,1.0,4.0,1.0,1.0,0.0,1.0,1.0,0.0,2.0,2.0,0.61,0.39,2
1600,14,1.0,0.0,1.0,2.0,1.0,2.0,2.0,2.0,0.0,5.0,14.0,0.32,0.0,80.0,1.0,0.0,4.0,5.0,4.0,1.0,1.0,0.0,1.0,1.0,0.0,2.0,2.0,0.53,0.47,1
1600,15,1.0,0.0,1.0,2.0,1.0,2.0,2.0,2.0,0.0,13.0,14.0,0.32,0.0,80.0,1.0,0.0,37.0,0.0,4.0,1.0,1.0,0.0,1.0,1.0,0.0,2.0,2.0,0.62,0.38,2
1600,16,1.0,0.0,1.0,2.0,1.0,2.0,2.0,2.0,0.0,44.0,14.0,0.32,0.0,80.0,1.0,0.0,4.0,0.0,4.0,1.0,1.0,0.0,1.0,1.0,0.0,2.0,2.0,0.54,0.46,2
1600,17,1.0,0.0,1.0,2.0,1.0,2.0,2.0,2.0,0.0,13.0,14.0,0.32,0.0,80.0,1.0,0.0,28.0,0.0,4.0,1.0,1.0,0.0,1.0,1.0,0.0,2.0,2.0,0.62,0.38,2
1600,18,0.0,0.0,1.0,2.0,1.0,2.0,2.0,2.0,0.0,0.0,14.0,0.32,0.0,80.0,1.0,0.0,4.0,5.0,4.0,1.0,1.0,0.0,1.0,1.0,0.0,2.0,2.0,0.6,0.4,2
1600,19,1.0,0.0,1.0,2.0,1.0,2.0,2.0,2.0,0.0,13.0,14.0,0.32,0.0,80.0,1.0,0.0,49.0,5.0,4.0,1.0,1.0,0.0,1.0,0.9,0.0,2.0,2.0,0.53,0.47,2
1601,0,6.0,0.0,1.0,1.0,0.0,3.0,3.0,1.0,0.0,6.0,7.0,12.38,0.0,63.0,1.0,0.0,11.0,2.0,4.61538461538461,2.0,1.0,0.0,4.0,0.5,0.0,4.0,1.0,0.58,0.42,1
1601,1,6.0,0.0,1.0,1.0,0.0,3.0,3.0,1.0,0.0,6.0,7.0,10.66,0.0,63.0,1.0,0.0,11.0,2.0,4.61538461538461,2.0,1.0,0.0,4.0,0.5,0.0,4.0,1.0,0.58,0.42,1
1601,2,6.0,0.0,1.0,1.0,0.0,3.0,3.0,1.0,0.0,6.0,7.0,0.27,0.0,63.0,1.0,0.0,11.0,2.0,4.61538461538461,9.0,1.0,0.0,4.0,0.5,0.0,4.0,1.0,0.57,0.43,1
1601,3,13.0,0.0,1.0,1.0,0.0,3.0,3.0,1.0,0.0,6.0,7.0,0.27,0.0,63.0,1.0,0.0,11.0,2.0,4.61538461538461,12.0,1.0,0.0,4.0,0.5,0.0,4.0,1.0,0.57,0.43,2
1601,4,6.0,0.0,1.0,1.0,0.0,3.0,3.0,1.0,0.0,6.0,7.0,3.85,0.0,63.0,1.0,0.0,11.0,2.0,4.61538461538461,2.0,1.0,0.0,4.0,0.5,0.0,5.0,1.0,0.57,0.43,2
1601,5,6.0,0.0,1.0,1.0,0.0,3.0,3.0,1.0,0.0,6.0,7.0,10.8,0.0,63.0,1.0,0.0,11.0,2.0,4.61538461538461,2.0,1.0,0.0,4.0,0.5,0.0,4.0,1.0,0.58,0.42,1
1601,6,8.0,0.0,1.0,1.0,0.0,3.0,3.0,1.0,0.0,6.0,7.0,1.92,0.0,63.0,1.0,0.0,11.0,2.0,4.61538461538461,2.0,1.0,0.0,4.0,0.5,0.0,4.0,1.0,0.57,0.43,2
1601,7,6.0,0.0,1.0,1.0,0.0,3.0,3.0,1.0,0.0,6.0,7.0,7.12,0.0,63.0,1.0,0.0,11.0,2.0,4.61538461538461,1.0,1.0,0.0,4.0,0.5,0.0,4.0,1.0,0.59,0.41,2
1601,8,6.0,0.0,1.0,1.0,0.0,3.0,3.0,1.0,0.0,6.0,7.0,0.27,0.0,63.0,1.0,0.0,11.0,2.0,4.61538461538461,20.0,1.0,0.0,4.0,0.5,0.0,3.0,1.0,0.55,0.45,2
1601,9,6.0,0.0,1.0,1.0,0.0,3.0,3.0,1.0,0.0,6.0,7.0,0.27,0.0,63.0,1.0,0.0,11.0,2.0,4.61538461538461,3.0,1.0,0.0,4.0,0.5,0.0,4.0,1.0,0.53,0.47,1
1601,10,6.0,0.0,1.0,1.0,0.0,3.0,3.0,1.0,0.0,6.0,7.0,5.95,0.0,63.0,1.0,0.0,11.0,2.0,4.61538461538461,2.0,1.0,0.0,4.0,0.5,0.0,2.0,1.0,0.59,0.41,2
1601,11,6.0,0.0,1.0,1.0,0.0,3.0,3.0,1.0,0.0,6.0,7.0,8.96,0.0,63.0,1.0,0.0,11.0,2.0,4.61538461538461,2.0,1.0,0.0,4.0,0.5,0.0,2.0,1.0,0.6,0.4,2
1601,12,6.0,0.0,1.0,1.0,0.0,3.0,3.0,1.0,0.0,6.0,7.0,9.82,0.0,63.0,1.0,0.0,11.0,2.0,4.61538461538461,2.0,1.0,0.0,4.0,0.5,0.0,4.0,1.0,0.58,0.42,1
1601,13,6.0,0.0,1.0,1.0,0.0,3.0,3.0,1.0,0.0,6.0,7.0,0.27,0.0,63.0,1.0,0.0,11.0,2.0,4.61538461538461,7.0,1.0,0.0,4.0,0.5,0.0,3.0,1.0,0.56,0.44,2
1601,14,6.0,0.0,1.0,1.0,0.0,3.0,3.0,1.0,0.0,6.0,7.0,10.67,0.0,63.0,1.0,0.0,11.0,2.0,4.61538461538461,2.0,1.0,0.0,4.0,0.5,0.0,4.0,1.0,0.58,0.42,1
1601,15,6.0,0.0,1.0,1.0,0.0,3.0,3.0,1.0,0.0,6.0,7.0,0.27,0.0,63.0,1.0,0.0,0.0,2.0,4.61538461538461,2.0,1.0,0.0,4.0,0.5,0.0,4.0,1.0,0.64,0.36,1
1601,16,2.0,0.0,1.0,1.0,0.0,3.0,3.0,1.0,0.0,6.0,7.0,10.65,0.0,63.0,1.0,0.0,11.0,2.0,4.61538461538461,2.0,1.0,0.0,4.0,0.5,0.0,4.0,1.0,0.65,0.35,2
1601,17,0.0,0.0,1.0,1.0,0.0,3.0,3.0,1.0,0.0,6.0,7.0,0.27,0.0,63.0,1.0,0.0,11.0,2.0,4.61538461538461,2.0,1.0,0.0,4.0,0.5,0.0,2.0,1.0,0.67,0.33,2
1601,18,6.0,0.0,1.0,1.0,0.0,3.0,3.0,1.0,0.0,6.0,7.0,0.54,0.0,63.0,1.0,0.0,11.0,2.0,4.61538461538461,2.0,1.0,0.0,4.0,0.5,0.0,4.0,1.0,0.51,0.49,1
1601,19,6.0,0.0,1.0,1.0,0.0,3.0,3.0,1.0,0.0,6.0,7.0,0.27,0.0,63.0,1.0,0.0,11.0,2.0,4.61538461538461,19.0,1.0,0.0,4.0,0.5,0.0,3.0,1.0,0.55,0.45,2
1712,0,0.0,0.0,2.0,0.0,0.0,0.0,2.0,1.0,1.0,2.0,7.0,10.35,0.0,68.0,3.0,0.0,2.0,1.0,1.375,0.0,1.0,0.0,0.0,0.0,0.0,1.0,0.0,0.56,0.44,1
1712,1,0.0,0.0,2.0,0.0,0.0,0.0,2.0,1.0,1.0,2.0,7.0,12.72,0.0,68.0,3.0,0.0,2.0,1.0,1.375,0.0,1.0,0.0,0.0,0.0,0.0,1.0,0.0,0.56,0.44,1
1712,2,0.0,0.0,2.0,8.0,0.0,0.0,2.0,1.0,1.0,2.0,7.0,0.27,0.0,68.0,3.0,0.0,2.0,1.0,30.3,0.0,1.0,0.0,0.0,0.0,0.0,1.0,0.0,0.51,0.49,2
1712,3,0.0,0.0,2.0,0.0,0.0,0.0,2.0,1.0,1.0,2.0,7.0,6.58,0.0,68.0,3.0,0.0,2.0,1.0,25.7,0.0,1.0,0.0,0.0,0.0,0.0,1.0,0.0,0.56,0.44,2
1712,4,0.0,0.0,2.0,0.0,0.0,0.0,2.0,1.0,1.0,2.0,7.0,9.91,0.0,68.0,3.0,0.0,2.0,1.0,1.375,0.0,1.0,0.0,0.0,0.0,0.0,1.0,0.0,0.56,0.44,1
1712,5,0.0,0.0,2.0,0.0,0.0,0.0,2.0,1.0,1.0,2.0,7.0,13.01,0.0,68.0,3.0,0.0,2.0,1.0,1.375,0.0,1.0,0.0,0.0,0.0,0.0,1.0,0.0,0.56,0.44,1
1712,6,0.0,0.0,2.0,0.0,0.0,0.0,2.0,1.0,1.0,2.0,7.0,5.01,0.0,68.0,3.0,0.0,2.0,1.0,1.375,0.0,1.0,0.0,0.0,0.0,0.0,1.0,0.0,0.56,0.44,1
1712,7,0.0,0.0,2.0,0.0,0.0,0.0,2.0,1.0,1.0,2.0,7.0,11.35,0.0,68.0,3.0,0.0,2.0,1.0,44.4,0.0,1.0,0.0,0.0,0.0,0.0,1.0,0.0,0.56,0.44,2
1712,8,0.0,0.0,2.0,0.0,0.0,0.0,2.0,1.0,1.0,2.0,7.0,10.18,0.0,68.0,3.0,0.0,2.0,1.0,1.375,0.0,1.0,0.0,0.0,0.0,0.0,1.0,0.0,0.56,0.44,1
1712,9,0.0,0.0,2.0,0.0,0.0,0.0,5.0,1.0,1.0,2.0,7.0,2.48,0.0,68.0,3.0,0.0,2.0,1.0,1.375,0.0,1.0,0.0,0.0,0.0,0.0,1.0,0.0,0.57,0.43,2
1712,10,0.0,0.0,2.0,7.0,0.0,0.0,2.0,1.0,1.0,2.0,7.0,0.27,0.0,68.0,3.0,0.0,2.0,1.0,10.7,0.0,1.0,0.0,0.0,0.0,0.0,1.0,0.0,0.51,0.49,2
1712,11,0.0,0.0,2.0,0.0,0.0,0.0,2.0,1.0,1.0,2.0,7.0,11.81,0.0,68.0,3.0,0.0,2.0,1.0,46.2,0.0,1.0,0.0,0.0,0.0,0.0,1.0,0.0,0.56,0.44,2
1712,12,0.0,0.0,2.0,0.0,0.0,0.0,2.0,1.0,1.0,2.0,7.0,6.32,0.0,68.0,3.0,0.0,2.0,1.0,24.7,0.0,1.0,0.0,0.0,0.0,0.0,1.0,0.0,0.56,0.44,2
1712,13,0.0,0.0,2.0,0.0,0.0,0.0,4.0,1.0,1.0,2.0,7.0,0.27,0.0,68.0,3.0,0.0,2.0,1.0,1.375,0.0,1.0,0.0,0.0,0.9,0.0,1.0,0.0,0.66,0.34,2
1712,14,0.0,0.0,2.0,20.0,0.0,0.0,2.0,1.0,1.0,2.0,7.0,10.12,0.0,68.0,3.0,0.0,2.0,1.0,1.375,0.0,1.0,0.0,0.0,0.0,0.0,1.0,0.0,0.61,0.39,2
1712,15,0.0,0.0,2.0,0.0,0.0,0.0,2.0,1.0,1.0,2.0,7.0,12.21,0.0,68.0,3.0,0.0,2.0,1.0,1.375,0.0,1.0,0.0,0.0,1.0,0.0,1.0,0.0,0.91,0.09,2
1712,16,0.0,0.0,2.0,0.0,0.0,0.0,2.0,1.0,1.0,2.0,7.0,0.27,0.0,68.0,3.0,0.0,2.0,1.0,39.0,0.0,1.0,0.0,0.0,0.9,0.0,1.0,0.0,0.77,0.23,2
1712,17,0.0,0.0,2.0,0.0,0.0,0.0,3.0,1.0,1.0,2.0,7.0,6.83,0.0,68.0,3.0,0.0,2.0,1.0,1.375,0.0,1.0,0.0,0.0,0.0,0.0,1.0,0.0,0.59,0.41,2
1712,18,0.0,0.0,2.0,0.0,0.0,0.0,2.0,1.0,1.0,2.0,7.0,1.69,0.0,68.0,3.0,0.0,2.0,1.0,1.375,0.0,1.0,0.0,0.0,0.4,0.0,1.0,0.0,0.53,0.47,2
1721,0,0.0,1.0,1.0,1.0,0.0,5.0,4.0,2.0,10.0,6.0,3.0,0.39,2.0,81.0,3.0,0.0,4.0,2.0,44.2,0.0,1.0,0.0,0.0,1.0,0.0,2.0,4.0,0.75,0.25,2
1721,1,0.0,1.0,1.0,1.0,0.0,5.0,8.0,2.0,10.0,6.0,3.0,0.39,2.0,81.0,3.0,0.0,4.0,2.0,3.78571428571429,0.0,1.0,0.0,0.0,0.9,0.0,2.0,4.0,0.55,0.45,2
1721,2,0.0,1.0,1.0,1.0,0.0,5.0,1.0,2.0,10.0,6.0,3.0,0.39,2.0,81.0,3.0,0.0,4.0,2.0,3.78571428571429,0.0,1.0,0.0,0.0,0.9,0.0,2.0,4.0,0.66,0.34,2
1721,3,0.0,1.0,1.0,1.0,0.0,5.0,0.0,2.0,10.0,6.0,3.0,0.39,2.0,81.0,3.0,0.0,4.0,2.0,3.78571428571429,0.0,1.0,0.0,0.0,1.0,0.0,2.0,4.0,0.82,0.18,2
1721,4,0.0,1.0,1.0,1.0,0.0,5.0,4.0,2.0,10.0,6.0,3.0,0.39,2.0,81.0,3.0,0.0,16.0,2.0,3.78571428571429,0.0,1.0,0.0,0.0,0.9,0.0,2.0,4.0,0.62,0.38,2
1721,5,0.0,1.0,1.0,1.0,0.0,5.0,2.0,2.0,3.0,6.0,3.0,0.39,2.0,81.0,3.0,0.0,4.0,2.0,3.78571428571429,0.0,1.0,0.0,0.0,0.0,0.0,2.0,4.0,0.55,0.45,2
1721,6,0.0,1.0,1.0,1.0,0.0,5.0,0.0,2.0,10.0,6.0,3.0,0.39,2.0,81.0,3.0,0.0,4.0,2.0,3.78571428571429,0.0,1.0,0.0,0.0,0.7,0.0,2.0,4.0,0.51,0.49,2
1721,7,0.0,1.0,1.0,1.0,0.0,5.0,4.0,2.0,11.0,6.0,3.0,0.39,2.0,81.0,3.0,0.0,4.0,2.0,3.78571428571429,0.0,1.0,0.0,0.0,0.9,0.0,2.0,4.0,0.55,0.45,2
1721,8,0.0,1.0,1.0,1.0,0.0,5.0,2.0,2.0,10.0,6.0,3.0,0.39,2.0,81.0,3.0,0.0,4.0,2.0,3.78571428571429,0.0,1.0,0.0,0.0,0.8,0.0,2.0,4.0,0.53,0.47,2
1721,9,0.0,1.0,1.0,1.0,0.0,5.0,12.0,2.0,10.0,6.0,3.0,0.39,2.0,81.0,3.0,0.0,4.0,2.0,3.78571428571429,0.0,1.0,0.0,0.0,1.0,0.0,2.0,4.0,0.74,0.26,2
1721,10,0.0,1.0,1.0,1.0,0.0,5.0,14.0,2.0,10.0,6.0,3.0,0.39,2.0,81.0,3.0,0.0,4.0,2.0,3.78571428571429,0.0,1.0,0.0,0.0,0.9,0.0,2.0,4.0,0.55,0.45,2
1721,11,0.0,1.0,1.0,1.0,0.0,5.0,4.0,2.0,10.0,6.0,3.0,0.39,2.0,81.0,3.0,0.0,0.0,2.0,3.78571428571429,0.0,1.0,0.0,0.0,1.1,0.0,2.0,4.0,0.79,0.21,2
1721,12,0.0,1.0,1.0,1.0,0.0,5.0,4.0,2.0,10.0,6.0,3.0,0.39,2.0,81.0,3.0,0.0,4.0,2.0,50.9,0.0,1.0,0.0,0.0,1.1,0.0,2.0,4.0,0.75,0.25,2
1721,13,0.0,1.0,1.0,1.0,0.0,5.0,4.0,2.0,3.0,6.0,3.0,0.39,2.0,81.0,3.0,0.0,3.0,2.0,3.78571428571429,0.0,1.0,0.0,0.0,0.0,0.0,2.0,4.0,0.51,0.49,2
1721,14,0.0,1.0,1.0,1.0,0.0,5.0,1.0,2.0,10.0,6.0,3.0,0.39,2.0,81.0,3.0,0.0,4.0,2.0,3.78571428571429,0.0,1.0,0.0,0.0,0.8,0.0,2.0,4.0,0.53,0.47,2
1721,15,0.0,1.0,1.0,1.0,0.0,5.0,4.0,2.0,7.0,6.0,3.0,0.39,2.0,81.0,3.0,0.0,4.0,2.0,3.78571428571429,0.0,1.0,0.0,0.0,1.1,0.0,2.0,4.0,0.74,0.26,2
1722,0,0.0,0.0,2.0,1.0,2.0,1.0,3.0,1.0,15.0,9.0,3.0,7.98,0.0,7.0,2.0,3.0,4.0,1.0,3.83333333333333,1.0,2.0,0.0,0.0,0.0,0.0,3.0,2.0,0.53,0.47,2
1722,1,0.0,0.0,2.0,1.0,2.0,1.0,3.0,1.0,15.0,9.0,3.0,12.29,0.0,90.0,2.0,3.0,4.0,1.0,3.83333333333333,1.0,2.0,0.0,0.0,1.0,0.0,3.0,2.0,0.74,0.26,2
1722,2,0.0,0.0,2.0,1.0,2.0,1.0,3.0,1.0,15.0,9.0,3.0,9.82,0.0,90.0,2.0,3.0,4.0,1.0,3.83333333333333,1.0,2.0,0.0,0.0,0.9,0.0,3.0,2.0,0.58,0.42,2
1722,3,0.0,0.0,2.0,1.0,2.0,1.0,3.0,1.0,15.0,9.0,3.0,9.96,0.0,90.0,2.0,3.0,4.0,1.0,3.83333333333333,1.0,2.0,0.0,0.0,0.9,0.0,3.0,2.0,0.58,0.42,2
1722,4,0.0,0.0,2.0,1.0,2.0,1.0,3.0,1.0,15.0,9.0,3.0,10.16,0.0,90.0,2.0,3.0,4.0,1.0,3.83333333333333,1.0,2.0,0.0,0.0,0.9,0.0,3.0,2.0,0.58,0.42,2
1722,5,0.0,0.0,2.0,1.0,2.0,1.0,3.0,1.0,15.0,9.0,3.0,8.43,0.0,55.0,2.0,3.0,4.0,1.0,3.83333333333333,1.0,2.0,0.0,0.0,0.0,0.0,3.0,2.0,0.51,0.49,2
1722,6,0.0,0.0,2.0,1.0,2.0,1.0,3.0,1.0,15.0,9.0,3.0,12.85,0.0,34.0,2.0,3.0,4.0,1.0,3.83333333333333,1.0,2.0,0.0,0.0,0.0,0.0,3.0,2.0,0.51,0.49,2
1722,7,0.0,0.0,2.0,1.0,2.0,15.0,3.0,1.0,15.0,9.0,3.0,6.12,0.0,90.0,2.0,3.0,4.0,1.0,3.83333333333333,1.0,2.0,0.0,0.0,0.0,0.0,3.0,2.0,0.51,0.49,2
1722,8,0.0,0.0,2.0,1.0,2.0,1.0,3.0,1.0,15.0,9.0,3.0,8.1,0.0,49.0,2.0,3.0,4.0,1.0,3.83333333333333,1.0,2.0,0.0,0.0,0.0,0.0,3.0,2.0,0.51,0.49,2
1722,9,0.0,0.0,2.0,1.0,2.0,1.0,3.0,1.0,27.0,9.0,3.0,0.22,0.0,90.0,2.0,3.0,4.0,1.0,3.83333333333333,1.0,2.0,0.0,0.0,1.1,0.0,3.0,2.0,0.64,0.36,2
1722,10,0.0,0.0,2.0,1.0,2.0,1.0,3.0,1.0,15.0,9.0,3.0,3.19,0.0,27.0,2.0,3.0,4.0,1.0,3.83333333333333,1.0,2.0,0.0,0.0,0.0,0.0,3.0,2.0,0.52,0.48,2
1722,11,0.0,0.0,2.0,1.0,2.0,1.0,3.0,1.0,15.0,9.0,3.0,8.76,0.0,12.0,2.0,3.0,4.0,1.0,3.83333333333333,1.0,2.0,0.0,0.0,0.0,0.0,3.0,2.0,0.52,0.48,2
1722,12,0.0,0.0,2.0,1.0,2.0,1.0,3.0,1.0,15.0,9.0,3.0,10.39,0.0,90.0,2.0,3.0,4.0,1.0,3.83333333333333,1.0,2.0,0.0,0.0,0.9,0.0,3.0,2.0,0.58,0.42,2
1722,13,0.0,0.0,2.0,1.0,2.0,1.0,3.0,1.0,15.0,9.0,3.0,0.22,0.0,67.0,2.0,3.0,4.0,1.0,3.83333333333333,1.0,2.0,0.0,0.0,1.0,0.0,3.0,2.0,0.67,0.33,2
1722,14,0.0,0.0,2.0,1.0,2.0,1.0,3.0,1.0,15.0,9.0,3.0,0.22,0.0,90.0,2.0,3.0,4.0,1.0,3.83333333333333,1.0,2.0,0.0,0.0,1.1,0.0,3.0,2.0,0.67,0.33,1
1722,15,0.0,0.0,2.0,1.0,2.0,11.0,3.0,1.0,15.0,9.0,3.0,0.22,0.0,90.0,2.0,3.0,4.0,1.0,3.83333333333333,1.0,2.0,0.0,0.0,1.0,0.0,3.0,2.0,0.7,0.3,2
1722,16,0.0,0.0,2.0,1.0,2.0,10.0,3.0,1.0,15.0,9.0,3.0,10.49,0.0,90.0,2.0,3.0,4.0,1.0,3.83333333333333,1.0,2.0,0.0,0.0,0.0,0.0,3.0,2.0,0.51,0.49,2
1722,17,0.0,0.0,2.0,1.0,2.0,1.0,3.0,1.0,15.0,9.0,3.0,12.7,0.0,90.0,2.0,3.0,4.0,1.0,3.83333333333333,1.0,2.0,0.0,0.0,1.1,0.0,3.0,2.0,0.74,0.26,2
1735,0,0.0,0.0,1.0,7.0,5.0,0.0,2.0,1.0,3.0,6.0,26.0,0.15,0.0,90.0,1.0,0.0,3.0,4.0,45.6,0.0,0.0,0.0,0.0,1.0,0.0,3.0,3.0,0.65,0.35,2
1735,1,0.0,0.0,1.0,7.0,5.0,0.0,2.0,1.0,3.0,6.0,26.0,0.15,0.0,90.0,1.0,0.0,3.0,4.0,39.0,0.0,0.0,0.0,0.0,0.9,0.0,3.0,3.0,0.51,0.49,2
1735,2,0.0,0.0,1.0,7.0,5.0,0.0,2.0,1.0,3.0,6.0,8.0,0.15,0.0,90.0,1.0,32.0,3.0,4.0,3.41379310344828,0.0,0.0,0.0,0.0,0.0,0.0,3.0,3.0,0.55,0.45,2
1735,3,0.0,0.0,1.0,7.0,5.0,0.0,2.0,1.0,3.0,6.0,26.0,0.15,0.0,90.0,1.0,0.0,3.0,4.0,49.8,0.0,0.0,0.0,0.0,1.1,0.0,3.0,3.0,0.65,0.35,2
1735,4,0.0,0.0,1.0,7.0,5.0,0.0,2.0,1.0,3.0,6.0,102.0,0.15,0.0,90.0,1.0,0.0,3.0,4.0,3.41379310344828,0.0,0.0,0.0,0.0,1.0,0.0,3.0,3.0,0.65,0.35,2
1735,5,0.0,0.0,1.0,7.0,5.0,0.0,2.0,1.0,3.0,6.0,26.0,0.15,0.0,90.0,1.0,0.0,3.0,4.0,38.7,0.0,0.0,0.0,0.0,0.9,0.0,3.0,3.0,0.51,0.49,2
1735,6,0.0,0.0,1.0,7.0,5.0,0.0,2.0,1.0,3.0,6.0,26.0,0.15,0.0,90.0,1.0,0.0,3.0,4.0,3.41379310344828,0.0,0.0,0.0,0.0,1.1,0.0,3.0,1.0,0.69,0.31,2
1735,7,0.0,0.0,1.0,7.0,5.0,0.0,2.0,1.0,3.0,6.0,11.0,0.15,0.0,90.0,1.0,0.0,3.0,4.0,3.41379310344828,0.0,0.0,0.0,0.0,0.5,0.0,3.0,3.0,0.51,0.49,2
1735,8,0.0,0.0,1.0,7.0,5.0,0.0,2.0,1.0,3.0,6.0,15.0,0.15,0.0,90.0,1.0,0.0,3.0,4.0,31.8,0.0,0.0,0.0,0.0,0.0,0.0,3.0,3.0,0.51,0.49,2
1735,9,0.0,0.0,1.0,7.0,5.0,0.0,2.0,1.0,3.0,6.0,26.0,0.15,0.0,90.0,1.0,0.0,3.0,4.0,3.41379310344828,0.0,0.0,0.0,0.0,1.0,0.0,3.0,4.0,0.63,0.37,2
1735,10,0.0,0.0,1.0,7.0,5.0,0.0,2.0,1.0,3.0,6.0,110.0,0.15,0.0,90.0,1.0,0.0,3.0,4.0,3.41379310344828,0.0,0.0,0.0,0.0,1.1,0.0,3.0,3.0,0.65,0.35,2
1735,11,0.0,0.0,1.0,7.0,5.0,0.0,2.0,1.0,3.0,6.0,26.0,0.15,0.0,90.0,1.0,38.0,3.0,4.0,3.41379310344828,0.0,0.0,0.0,0.0,1.0,0.0,3.0,3.0,0.66,0.34,2
1735,12,0.0,0.0,1.0,7.0,5.0,0.0,2.0,1.0,3.0,6.0,15.0,0.15,0.0,90.0,1.0,0.0,3.0,4.0,3.41379310344828,0.0,0.0,0.0,0.0,0.0,0.0,3.0,0.0,0.61,0.39,2
1735,13,0.0,0.0,1.0,7.0,5.0,0.0,2.0,1.0,3.0,6.0,26.0,0.15,0.0,90.0,1.0,0.0,3.0,4.0,3.41379310344828,0.0,0.0,0.0,0.0,1.1,0.0,3.0,3.0,0.63,0.37,1
1735,14,0.0,0.0,1.0,7.0,5.0,0.0,2.0,1.0,3.0,6.0,26.0,0.15,0.0,90.0,1.0,38.0,3.0,4.0,3.41379310344828,0.0,0.0,0.0,0.0,0.9,0.0,3.0,3.0,0.54,0.46,2
1735,15,0.0,0.0,1.0,7.0,5.0,0.0,2.0,1.0,3.0,6.0,111.0,0.15,0.0,90.0,1.0,0.0,3.0,4.0,3.41379310344828,0.0,0.0,0.0,0.0,1.0,0.0,3.0,3.0,0.65,0.35,2
1735,16,0.0,0.0,1.0,7.0,5.0,0.0,2.0,1.0,3.0,6.0,25.0,0.15,0.0,90.0,1.0,0.0,3.0,4.0,3.41379310344828,0.0,0.0,0.0,0.0,1.0,0.0,3.0,3.0,0.64,0.36,2
1735,17,0.0,0.0,1.0,7.0,5.0,0.0,2.0,1.0,3.0,6.0,26.0,0.15,0.0,90.0,1.0,0.0,3.0,4.0,3.41379310344828,0.0,0.0,0.0,0.0,0.9,0.0,3.0,1.0,0.52,0.48,2
1735,18,0.0,0.0,1.0,7.0,5.0,0.0,2.0,1.0,3.0,6.0,52.0,0.15,0.0,90.0,1.0,0.0,3.0,4.0,3.41379310344828,0.0,0.0,0.0,0.0,1.1,0.0,3.0,3.0,0.66,0.34,2
