feature,value,importance,min,max,rule,importance_ratio
CountDeclMethodPrivate,23.0,0.12911901806486345,0.0,35.0,9.50662890126653 < CountDeclMethodPrivate <= 27.50246072787311,0.32281023998486597
RatioCommentToCode,0.6,0.03891117459260615,0.17,15.6,0.23092925542923726 < RatioCommentToCode <= 0.8494220958511125,0.0972817621802404
OWN_COMMIT,0.0,0.03409394889533172,0.153846153846154,1.0,OWN_COMMIT <= 0.24401932790445935,0.08523822431336135
CountClassCoupled,11.0,0.03360874471872771,0.0,57.0,9.520684688706993 < CountClassCoupled <= 27.481650794907907,0.08402516616717474
CountDeclMethodProtected,5.0,0.029270974980942357,0.0,41.0,4.496676234497587 < CountDeclMethodProtected <= 5.5082303623629985,0.07318031533853736
