feature,value,importance,min,max,rule,importance_ratio
CountDeclMethodPrivate,11.0,0.12920220947790584,0.0,35.0,9.50662890126653 < CountDeclMethodPrivate <= 27.50246072787311,0.309713295270435
CountLineComment,385.0,0.08373325195535375,16.0,1660.0,CountLineComment > 316.7171922402032,0.20071871442134212
RatioCommentToCode,0.7,0.03879027898077939,0.17,15.6,0.23092925542923726 < RatioCommentToCode <= 0.8494220958511125,0.09298498203818335
Del_lines,80.0,0.027176545708499523,0.0,1022.0,37.528194029304075 < Del_lines <= 438.7388325804579,0.06514546120735126
CountDeclInstanceVariable,9.0,0.013874432445514027,0.0,53.0,6.48602344716628 < CountDeclInstanceVariable <= 20.497957387751576,0.03325868969324408
