feature,value,importance,min,max,rule,importance_ratio
MAJOR_LINE,8.0,0.13573484539676306,0.0,8.0,MAJOR_LINE > 6.499009783459988,0.28013459910300376
CountLineComment,540.0,0.0866032870061186,16.0,1660.0,CountLineComment > 316.7171922402032,0.17873506994866306
CountDeclMethodPrivate,8.0,0.05275339834773896,0.0,35.0,5.504332701312125 < CountDeclMethodPrivate <= 9.50662890126653,0.10887441654549036
Del_lines,6.0,0.035492568068583294,0.0,1022.0,5.790636054362064 < Del_lines <= 31.539975543465964,0.0732508759852005
CountClassCoupled,27.0,0.03146651897890581,0.0,57.0,9.520684688706993 < CountClassCoupled <= 27.481650794907907,0.0649417668216024
