feature,value,importance,min,max,rule,importance_ratio
MAJOR_LINE,8.0,0.11868306987213377,0.0,8.0,MAJOR_LINE > 6.499009783459988,0.2061909868433671
CountDeclMethodPrivate,11.0,0.11520786605854821,0.0,35.0,9.50662890126653 < CountDeclMethodPrivate <= 27.50246072787311,0.2001534306478875
CountLineComment,752.0,0.07960568296145012,16.0,1660.0,CountLineComment > 316.7171922402032,0.13830089115360453
RatioCommentToCode,0.68,0.03781872019229969,0.17,15.6,0.23092925542923726 < RatioCommentToCode <= 0.8494220958511125,0.06570338335539087
CountClassDerived,72.0,0.036337818358747664,0.0,238.0,45.00209639911836 < CountClassDerived <= 192.0024009933494,0.06313057654472091
