feature,value,importance,min,max,rule,importance_ratio
CountLineComment,386.0,0.08178241591484291,16.0,1660.0,CountLineComment > 316.7171922402032,0.23754997228234306
CountDeclMethodPrivate,6.0,0.04439910690324995,0.0,35.0,5.504332701312125 < CountDeclMethodPrivate <= 9.50662890126653,0.12896423389118306
RatioCommentToCode,0.68,0.03838584404229665,0.17,15.6,0.23092925542923726 < RatioCommentToCode <= 0.8494220958511125,0.11149776007811676
CountClassCoupled,21.0,0.032453320854343756,0.0,57.0,9.520684688706993 < CountClassCoupled <= 27.481650794907907,0.0942658074254831
Del_lines,146.0,0.025716511922271472,0.0,1022.0,37.528194029304075 < Del_lines <= 438.7388325804579,0.07469767951946016
