feature,value,importance,min,max,rule,importance_ratio
CountClassCoupled,27.0,0.2643784573208608,0.0,132.0,19.508692962965362 < CountClassCoupled <= 35.464692589333026,0.30400020040339515
Del_lines,13.0,0.10289199059408534,0.0,20224.0,6.117765502847519 < Del_lines <= 541.5758170227919,0.11831215779636862
OWN_COMMIT,0.5,0.09239131714403209,0.0,1.0,0.48523577667359796 < OWN_COMMIT <= 0.9163585933794693,0.1062377744841436
CountDeclMethodDefault,0.0,-0.05740348010024877,0.0,82.0,CountDeclMethodDefault <= 0.5004260767643754,0.06600639715946699
AvgLineComment,4.0,0.054923523380568696,0.0,41.0,2.5128669808094335 < AvgLineComment <= 5.504555268674634,0.06315477548266933
