feature,value,importance,min,max,rule,importance_ratio
CountClassCoupled,24.0,0.26167822431852883,0.0,132.0,19.508692962965362 < CountClassCoupled <= 35.464692589333026,0.31290435195672717
Del_lines,20.0,0.1034223324482715,0.0,20224.0,6.117765502847519 < Del_lines <= 541.5758170227919,0.12366828763400532
OWN_COMMIT,1.0,-0.0950860657841493,0.0,1.0,OWN_COMMIT > 0.9163585933794693,0.11370011345723288
CountDeclClassMethod,2.0,0.055131367637954155,0.0,247.0,1.5382515305679796 < CountDeclClassMethod <= 36.01015640726675,0.06592388383927379
AvgLineComment,3.0,0.0542545005855852,0.0,41.0,2.5128669808094335 < AvgLineComment <= 5.504555268674634,0.06487536129794177
