feature,value,importance,min,max,rule,importance_ratio
Del_lines,21.0,0.10759583515945532,0.0,20224.0,6.117765502847519 < Del_lines <= 541.5758170227919,0.1563745147565704
CountClassCoupled,17.0,0.08364973170950352,0.0,132.0,14.528794990404752 < CountClassCoupled <= 19.508692962965362,0.12157242133215977
OWN_COMMIT,0.333333333333333,0.07261907981246371,0.0,1.0,0.12394271196938178 < OWN_COMMIT <= 0.48523577667359796,0.10554101235343909
CountInput_Mean,20.9672131147541,0.06951852689380689,0.0,45.0,CountInput_Mean > 20.850113167864187,0.10103482066475994
AvgLineComment,5.0,0.057148422802456196,0.0,41.0,2.5128669808094335 < AvgLineComment <= 5.504555268674634,0.08305671749834531
