feature,value,importance,min,max,rule,importance_ratio
CountClassCoupled,31.0,0.2666003034548782,0.0,132.0,19.508692962965362 < CountClassCoupled <= 35.464692589333026,0.30159652881621274
Del_lines,17.0,0.1058934206225928,0.0,20224.0,6.117765502847519 < Del_lines <= 541.5758170227919,0.1197938924688976
OWN_COMMIT,0.4,0.07001190671508642,0.0,1.0,0.12394271196938178 < OWN_COMMIT <= 0.48523577667359796,0.07920226559175057
CountDeclMethodDefault,3.0,0.06894788567451747,0.0,82.0,1.5073097577855388 < CountDeclMethodDefault <= 39.50392024684733,0.07799857209153922
AvgLineComment,4.0,0.0576277956757357,0.0,41.0,2.5128669808094335 < AvgLineComment <= 5.504555268674634,0.06519251071322747
