feature,value,importance,min,max,rule,importance_ratio
CountClassCoupled,21.0,0.26269068737718393,0.0,132.0,19.508692962965362 < CountClassCoupled <= 35.464692589333026,0.3384049132515888
Del_lines,31.0,0.10431692786547747,0.0,20224.0,6.117765502847519 < Del_lines <= 541.5758170227919,0.1343837548161795
OWN_COMMIT,0.333333333333333,0.07045208587816901,0.0,1.0,0.12394271196938178 < OWN_COMMIT <= 0.48523577667359796,0.09075819264107651
MINOR_LINE,5.0,0.05766907268925217,0.0,9.0,4.494905869211774 < MINOR_LINE <= 8.4960095241528,0.0742907856215118
CountDeclClassMethod,0.0,-0.039261273620190044,0.0,247.0,CountDeclClassMethod <= 0.48786107726136896,0.05057738447541662
