feature,value,importance,min,max,rule,importance_ratio
CountClassCoupled,29.0,0.2639591722828643,0.0,132.0,19.508692962965362 < CountClassCoupled <= 35.464692589333026,0.32987450826876014
Del_lines,134.0,0.10557897451002142,0.0,20224.0,6.117765502847519 < Del_lines <= 541.5758170227919,0.1319439366277867
OWN_COMMIT,0.25,0.06967403092279426,0.0,1.0,0.12394271196938178 < OWN_COMMIT <= 0.48523577667359796,0.08707288513971143
CountDeclClassMethod,2.0,0.05739895623834421,0.0,247.0,1.5382515305679796 < CountDeclClassMethod <= 36.01015640726675,0.07173250431310382
AvgLineComment,4.0,0.05735624785538319,0.0,41.0,2.5128669808094335 < AvgLineComment <= 5.504555268674634,0.07167913088149931
