feature,value,importance,min,max,rule,importance_ratio
CountClassCoupled,88.0,0.4116550410432574,0.0,132.0,CountClassCoupled > 35.464692589333026,0.3837043368639694
Del_lines,1514.0,0.12366731695718315,0.0,20224.0,Del_lines > 748.0174754401199,0.11527050834734215
OWN_COMMIT,0.283950617283951,0.06713425409691598,0.0,1.0,0.12394271196938178 < OWN_COMMIT <= 0.48523577667359796,0.06257594801664895
MINOR_LINE,5.0,0.06469433234393708,0.0,9.0,4.494905869211774 < MINOR_LINE <= 8.4960095241528,0.06030169296111967
CountDeclMethodDefault,37.0,0.06032643149313695,0.0,82.0,1.5073097577855388 < CountDeclMethodDefault <= 39.50392024684733,0.05623036543602392
