feature,value,importance,min,max,rule,importance_ratio
Del_lines,39.0,0.10733294272226888,0.0,20224.0,6.117765502847519 < Del_lines <= 541.5758170227919,0.15002067642011485
OWN_COMMIT,0.6,0.09392831764225594,0.0,1.0,0.48523577667359796 < OWN_COMMIT <= 0.9163585933794693,0.13128485430755898
CountClassCoupled,17.0,0.08967636692623221,0.0,132.0,14.528794990404752 < CountClassCoupled <= 19.508692962965362,0.12534184644488042
CountDeclMethodDefault,4.0,0.0667203286491479,0.0,82.0,1.5073097577855388 < CountDeclMethodDefault <= 39.50392024684733,0.09325588753135743
CountOutput_Min,5.0,-0.043157529170141984,0.0,31.0,4.496796520709205 < CountOutput_Min <= 5.511552634140095,0.06032185044510327
