feature,value,importance,min,max,rule,importance_ratio
CountClassCoupled,27.0,0.26346493512301256,0.0,132.0,19.508692962965362 < CountClassCoupled <= 35.464692589333026,0.3114629328359857
Del_lines,214.0,0.1063972687266271,0.0,20224.0,6.117765502847519 < Del_lines <= 541.5758170227919,0.12578070530661384
OWN_COMMIT,0.125,0.07044150913753554,0.0,1.0,0.12394271196938178 < OWN_COMMIT <= 0.48523577667359796,0.08327453146327002
CountDeclMethodDefault,2.0,0.0692851082180808,0.0,82.0,1.5073097577855388 < CountDeclMethodDefault <= 39.50392024684733,0.08190745761817016
AvgLineComment,3.0,0.05772913842078114,0.0,41.0,2.5128669808094335 < AvgLineComment <= 5.504555268674634,0.06824622318046207
