feature,value,importance,min,max,rule,importance_ratio
CountClassCoupled,37.0,0.4150076609493753,0.0,132.0,CountClassCoupled > 35.464692589333026,0.3972485742831429
Del_lines,69.0,0.10879583574286632,0.0,20224.0,6.117765502847519 < Del_lines <= 541.5758170227919,0.10414022367184377
OWN_COMMIT,0.25,0.0670248212765678,0.0,1.0,0.12394271196938178 < OWN_COMMIT <= 0.48523577667359796,0.06415668239181477
MINOR_LINE,6.0,0.06519443001193793,0.0,9.0,4.494905869211774 < MINOR_LINE <= 8.4960095241528,0.062404617577899855
AvgLineComment,5.0,0.05794011075405295,0.0,41.0,2.5128669808094335 < AvgLineComment <= 5.504555268674634,0.05546072652779924
