feature,value,importance,min,max,rule,importance_ratio
CountClassCoupled,21.0,0.26144590579980975,0.0,132.0,19.508692962965362 < CountClassCoupled <= 35.464692589333026,0.2937016987412928
Del_lines,14.0,0.10376603630583338,0.0,20224.0,6.117765502847519 < Del_lines <= 541.5758170227919,0.11656813305774133
AvgLineComment,0.0,-0.07710784694450733,0.0,41.0,AvgLineComment <= 0.49672922159592847,0.0866209993405905
OWN_COMMIT,0.428571428571429,0.06929404489058658,0.0,1.0,0.12394271196938178 < OWN_COMMIT <= 0.48523577667359796,0.07784317231804014
CountDeclClassMethod,2.0,0.05556693130001453,0.0,247.0,1.5382515305679796 < CountDeclClassMethod <= 36.01015640726675,0.06242248111221659
