feature,value,importance,min,max,rule,importance_ratio
CountClassCoupled,32.0,0.26463759409112936,0.0,132.0,19.508692962965362 < CountClassCoupled <= 35.464692589333026,0.3194026493251871
Del_lines,9.0,0.10183805275914147,0.0,20224.0,6.117765502847519 < Del_lines <= 541.5758170227919,0.1229127855590578
OWN_COMMIT,0.5,0.09374324011700276,0.0,1.0,0.48523577667359796 < OWN_COMMIT <= 0.9163585933794693,0.11314280328360002
CountDeclMethodDefault,0.0,-0.05644282015765461,0.0,82.0,CountDeclMethodDefault <= 0.5004260767643754,0.06812330030302467
CountDeclClassMethod,4.0,0.053874557806959884,0.0,247.0,1.5382515305679796 < CountDeclClassMethod <= 36.01015640726675,0.06502355250720868
