feature,value,importance,min,max,rule,importance_ratio
CountClassCoupled,34.0,0.26545868970494735,0.0,132.0,19.508692962965362 < CountClassCoupled <= 35.464692589333026,0.31049364308220667
Del_lines,8.0,0.10375676988421925,0.0,20224.0,6.117765502847519 < Del_lines <= 541.5758170227919,0.12135906159862665
OWN_COMMIT,0.666666666666667,0.09357161722947523,0.0,1.0,0.48523577667359796 < OWN_COMMIT <= 0.9163585933794693,0.10944600214431056
CountDeclMethodDefault,2.0,0.07086552422515492,0.0,82.0,1.5073097577855388 < CountDeclMethodDefault <= 39.50392024684733,0.08288783015562609
CountOutput_Mean,11.5625,0.03597596209349962,0.0,31.0,6.249004721764796 < CountOutput_Mean <= 12.226877636268407,0.042079268703592514
