feature,value,importance,min,max,rule,importance_ratio
CountClassCoupled,28.0,0.2672934002105444,0.0,132.0,19.508692962965362 < CountClassCoupled <= 35.464692589333026,0.3169193424367218
Del_lines,115.0,0.10508593543230196,0.0,20224.0,6.117765502847519 < Del_lines <= 541.5758170227919,0.12459628831209411
OWN_COMMIT,0.4,0.07078338048215185,0.0,1.0,0.12394271196938178 < OWN_COMMIT <= 0.48523577667359796,0.08392508898529444
CountDeclMethodDefault,8.0,0.06770406910194268,0.0,82.0,1.5073097577855388 < CountDeclMethodDefault <= 39.50392024684733,0.08027406977941391
CountDeclClassMethod,9.0,0.05443888393104341,0.0,247.0,1.5382515305679796 < CountDeclClassMethod <= 36.01015640726675,0.06454605794540938
