feature,value,importance,min,max,rule,importance_ratio
CountClassCoupled,31.0,0.26320353425597953,0.0,132.0,19.508692962965362 < CountClassCoupled <= 35.464692589333026,0.31398405941556107
Del_lines,299.0,0.10583232435798363,0.0,20224.0,6.117765502847519 < Del_lines <= 541.5758170227919,0.12625082301131427
OWN_COMMIT,0.4,0.07105858759999814,0.0,1.0,0.12394271196938178 < OWN_COMMIT <= 0.48523577667359796,0.08476810105932987
MINOR_LINE,7.0,0.06124000720596997,0.0,9.0,4.494905869211774 < MINOR_LINE <= 8.4960095241528,0.07305519705699706
AvgLineComment,5.0,0.05539394454095994,0.0,41.0,2.5128669808094335 < AvgLineComment <= 5.504555268674634,0.06608123870060048
