feature,value,importance,min,max,rule,importance_ratio
CountClassCoupled,45.0,0.41615303924165864,0.0,132.0,CountClassCoupled > 35.464692589333026,0.41873767646920906
Del_lines,55.0,0.10883810181839271,0.0,20224.0,6.117765502847519 < Del_lines <= 541.5758170227919,0.10951407191402954
OWN_COMMIT,0.454545454545455,0.06908301768379725,0.0,1.0,0.12394271196938178 < OWN_COMMIT <= 0.48523577667359796,0.06951207748262136
AvgLineComment,4.0,0.05673610277560861,0.0,41.0,2.5128669808094335 < AvgLineComment <= 5.504555268674634,0.05708847853537042
CountDeclClassMethod,2.0,0.055978166853889955,0.0,247.0,1.5382515305679796 < CountDeclClassMethod <= 36.01015640726675,0.05632583523628179
