feature,value,importance,min,max,rule,importance_ratio
CountClassCoupled,26.0,0.26677873670322966,0.0,132.0,19.508692962965362 < CountClassCoupled <= 35.464692589333026,0.33014394472757497
Del_lines,14.0,0.10456499084664421,0.0,20224.0,6.117765502847519 < Del_lines <= 541.5758170227919,0.12940123708928247
OWN_COMMIT,0.5,0.09325822573356052,0.0,1.0,0.48523577667359796 < OWN_COMMIT <= 0.9163585933794693,0.11540889241192505
CountDeclMethodDefault,2.0,0.07141512480808454,0.0,82.0,1.5073097577855388 < CountDeclMethodDefault <= 39.50392024684733,0.08837762450153959
CountDeclClassMethod,2.0,0.05414993582148976,0.0,247.0,1.5382515305679796 < CountDeclClassMethod <= 36.01015640726675,0.06701161284356297
