{
    "48": {
        "MAJOR_LINE": [
            1,
            3,
            0
        ],
        "CountClassCoupled": [
            2,
            1,
            0
        ],
        "CountDeclMethodPublic": [
            0
        ],
        "OWN_COMMIT": [
            1.0,
            0.95,
            1.05,
            0.8999999999999999,
            1.1,
            0.8499999999999999,
            1.1500000000000001,
            0.7999999999999998,
            1.2000000000000002,
            0.7499999999999998,
            1.2500000000000002,
            0.6999999999999997,
            1.3000000000000003,
            0.6499999999999997,
            1.3500000000000003,
            0.5999999999999996,
            0.5499999999999996,
            0.49999999999999956,
            0.4499999999999995,
            0.39999999999999947,
            0.3499999999999994,
            0.2999999999999994,
            0.24999999999999933,
            0.1999999999999993,
            0.14999999999999925,
            0.0999999999999992,
            0.049999999999999156,
            -8.881784197001252e-16,
            -0.05000000000000093,
            -0.10000000000000098,
            -0.15000000000000102,
            -0.20000000000000107,
            -0.2500000000000011,
            -0.30000000000000115,
            -0.3500000000000012,
            -0.40000000000000124,
            -0.4500000000000013,
            -0.5000000000000013,
            -0.5500000000000014,
            -0.6000000000000014,
            -0.6500000000000015,
            -0.7000000000000015,
            -0.7500000000000016
        ]
    },
    "196": {
        "CountDeclMethodPublic": [
            4,
            3,
            2,
            1,
            0
        ],
        "CountClassCoupled": [
            1,
            0
        ],
        "MAJOR_LINE": [
            1,
            0
        ],
        "OWN_COMMIT": [
            -0.23240731279316063,
            -0.28240731279316067,
            -0.3324073127931607,
            -0.38240731279316076,
            -0.4324073127931608,
            -0.48240731279316085,
            -0.5324073127931609,
            -0.5824073127931609,
            -0.632407312793161,
            -0.682407312793161,
            -0.7324073127931611,
            -0.7824073127931611
        ],
        "MINOR_LINE": [
            1,
            3,
            0,
            4,
            5,
            6
        ]
    }
}