feature,value,importance,min,max,rule,importance_ratio
CountDeclMethodPrivate,12.0,0.07302886772760848,0.0,60.0,10.004825746209576 < CountDeclMethodPrivate <= 23.48602965257334,0.4590518557993345
CountDeclInstanceMethod,29.0,0.017034974662452712,0.0,222.0,27.46964460785395 < CountDeclInstanceMethod <= 29.40746428606635,0.10708007635365871
CountClassCoupled,26.0,0.013869883538371564,0.0,94.0,11.463287562285867 < CountClassCoupled <= 37.99731547049169,0.08718464322572361
AvgEssential,2.0,0.007010411965664214,0.0,8.0,1.4990910932934494 < AvgEssential <= 2.499728994757475,0.04406671940689835
AvgLineBlank,1.0,0.005600108603510955,0.0,13.0,0.49701765969209605 < AvgLineBlank <= 1.5043254323696942,0.03520169937055806
