feature,value,importance,min,max,rule,importance_ratio
CountDeclMethodPrivate,27.0,0.185242490351012,0.0,60.0,CountDeclMethodPrivate > 23.48602965257334,0.31329556458585917
MAJOR_LINE,21.0,0.08366283459037728,0.0,21.0,MAJOR_LINE > 15.006529441583616,0.1414966671425037
MINOR_COMMIT,4.0,0.07665343411222783,0.0,6.0,MINOR_COMMIT > 3.500266519494424,0.1296418595546277
CountDeclMethodProtected,12.0,0.06754637006503036,0.0,95.0,5.501685179477754 < CountDeclMethodProtected <= 15.018545858011501,0.11423933086382984
CountDeclClass,18.0,0.05600701121442598,0.0,37.0,9.498454567995314 < CountDeclClass <= 29.00168285146571,0.0947231284028906
