feature,value,importance,min,max,rule,importance_ratio
AvgCyclomaticStrict,7.0,0.039394488468787764,0.0,28.0,6.509398951167564 < AvgCyclomaticStrict <= 7.494805715875108,0.27744529950404145
CountDeclMethodPrivate,6.0,0.02371656376143254,0.0,60.0,3.509679886560929 < CountDeclMethodPrivate <= 10.004825746209576,0.16702968846037225
AvgEssential,3.0,0.01909462060691491,0.0,8.0,2.499728994757475 < AvgEssential <= 5.999634584994437,0.13447852578156774
CountDeclMethodProtected,4.0,0.009893847259606004,0.0,95.0,2.486442192219537 < CountDeclMethodProtected <= 4.512308574283651,0.06967983397889506
CountDeclClassVariable,9.0,0.0056488479500062284,0.0,216.0,CountDeclClassVariable > 6.492305100717564,0.03978339032334427
