"Rule ID","Antecedent","Consequent","Antecedent Coverage %","Antecedent Coverage","Support %","Support","Confidence","Leverage","Lift","p-value","Consequent Coverage %","Consequent Coverage"
"b'000000'","b'RatioCommentToCode > 2.67'","b'target = 0'",0.20115,419,0.20115,419,1,0.01072,1.05629,6.91249e-12,0.94671,1972
"b'000001'","b'CountLineComment <= 26.4'","b'target = 0'",0.21219,442,0.21171,441,0.99774,0.01083,1.0539,4.61746e-11,0.94671,1972
"b'000002'","b'CountClassCoupled <= 0.68'","b'target = 0'",0.19587,408,0.19539,407,0.99755,0.00996,1.0537,4.40994e-10,0.94671,1972
"b'000003'","b'1.89 < RatioCommentToCode <= 2.67'","b'target = 0'",0.19491,406,0.19395,404,0.99507,0.00943,1.05108,7.40453e-09,0.94671,1972
"b'000004'","b'CountInput_Mean <= 0.33'","b'target = 0'",0.20115,419,0.19971,416,0.99284,0.00928,1.04873,3.30549e-08,0.94671,1972
"b'000005'","b'0.835 < AvgCyclomaticModified <= 1.055'","b'target = 0'",0.42631,888,0.41671,868,0.97748,0.01312,1.0325,1.4968e-08,0.94671,1972
"b'000006'","b'-0.205 < CountDeclMethodProtected <= 0.225'","b'target = 0'",0.3951,823,0.38598,804,0.97691,0.01193,1.0319,1.55832e-07,0.94671,1972
