"Rule ID","Antecedent","Consequent","Antecedent Coverage %","Antecedent Coverage","Support %","Support","Confidence","Leverage","Lift","p-value","Consequent Coverage %","Consequent Coverage"
"b'000000'","b'RatioCommentToCode > 2.83'","b'target = 0'",0.19687,415,0.19639,414,0.99759,0.00784,1.04157,5.0375e-08,0.95778,2019
"b'000001'","b'1.96 < RatioCommentToCode <= 2.83'","b'target = 0'",0.19592,413,0.19545,412,0.99758,0.0078,1.04155,5.5789e-08,0.95778,2019
"b'000002'","b'-3.5 < Del_lines <= 1.05'","b'target = 0'",0.45778,965,0.45256,954,0.9886,0.01411,1.03218,6.20918e-12,0.95778,2019
"b'000003'","b'0.862 < AvgCyclomaticModified <= 1.028'","b'target = 0'",0.46395,978,0.45731,964,0.98569,0.01295,1.02914,4.85531e-10,0.95778,2019
"b'000004'","b'-0.116 < AvgLineBlank <= 0.008'","b'target = 0'",0.61907,1305,0.60389,1273,0.97548,0.01096,1.01848,3.68369e-07,0.95778,2019
