{
    "41": {
        "OWN_COMMIT": [
            0.2,
            0.15000000000000002,
            0.1,
            0.05,
            0.0
        ],
        "RatioCommentToCode": [
            0.13,
            0.08,
            0.03
        ]
    },
    "58": {
        "CountDeclInstanceVariable": [
            0
        ]
    },
    "133": {
        "RatioCommentToCode": [
            1.82,
            1.87,
            1.9200000000000002,
            1.9700000000000002,
            2.0200000000000005,
            2.0700000000000003,
            2.12,
            2.1700000000000004,
            2.2200000000000006,
            2.2700000000000005,
            2.3200000000000003,
            2.3700000000000006,
            2.420000000000001,
            2.4700000000000006,
            2.5200000000000005,
            2.5700000000000007,
            2.620000000000001,
            2.670000000000001,
            2.7200000000000006,
            2.770000000000001,
            2.820000000000001,
            2.870000000000001,
            2.920000000000001,
            2.970000000000001,
            3.0200000000000014,
            3.070000000000001,
            3.120000000000001,
            3.1700000000000013,
            3.2200000000000015,
            3.2700000000000014,
            3.320000000000001,
            3.3700000000000014,
            3.4200000000000017,
            3.4700000000000015,
            3.5200000000000014,
            3.5700000000000016,
            3.620000000000002,
            3.6700000000000017,
            3.7200000000000015,
            3.770000000000002,
            3.820000000000002,
            3.870000000000002,
            3.9200000000000017,
            3.9700000000000024,
            4.020000000000002,
            4.070000000000002,
            4.120000000000002,
            4.170000000000003,
            4.220000000000002,
            4.270000000000002,
            4.320000000000002,
            4.370000000000003,
            4.420000000000003,
            4.470000000000002,
            4.520000000000002,
            4.570000000000003,
            4.620000000000003,
            4.670000000000003,
            4.720000000000002,
            4.770000000000003,
            4.820000000000003,
            4.870000000000003,
            4.920000000000003,
            4.970000000000003,
            5.020000000000003,
            5.070000000000003,
            5.120000000000003,
            5.1700000000000035,
            5.220000000000003,
            5.270000000000003,
            5.320000000000003,
            5.370000000000004,
            5.4200000000000035,
            5.470000000000003,
            5.520000000000003,
            5.570000000000004,
            5.620000000000004,
            5.6700000000000035,
            5.720000000000003,
            5.770000000000004,
            5.820000000000004,
            5.870000000000004,
            5.9200000000000035,
            5.970000000000004,
            6.020000000000004,
            6.070000000000004,
            6.1200000000000045,
            6.170000000000004,
            6.220000000000004,
            6.270000000000004,
            6.320000000000004,
            6.3700000000000045,
            6.420000000000004,
            6.470000000000004,
            6.520000000000005,
            6.570000000000005,
            6.6200000000000045,
            6.670000000000004,
            6.720000000000004,
            6.770000000000005,
            6.820000000000005,
            6.8700000000000045,
            6.920000000000005,
            6.970000000000005,
            7.020000000000005,
            7.070000000000005,
            7.1200000000000045,
            7.170000000000005,
            7.220000000000005,
            7.270000000000005,
            7.320000000000006,
            7.370000000000005,
            7.420000000000005,
            7.470000000000005,
            7.520000000000005
        ]
    },
    "153": {
        "OWN_COMMIT": [
            0.05,
            0.0
        ]
    },
    "236": {
        "CountDeclMethodPublic": [
            7,
            6,
            5,
            4
        ]
    },
    "243": {
        "CountClassCoupled": [
            0
        ]
    },
    "259": {
        "CountInput_Mean": [
            1.970000000000001,
            1.9200000000000008,
            1.870000000000001,
            1.8200000000000007,
            1.770000000000001,
            1.7200000000000006,
            1.6700000000000008,
            1.6200000000000006,
            1.5700000000000007,
            1.5200000000000005,
            1.4700000000000006,
            1.4200000000000004,
            1.3700000000000006,
            1.3200000000000003,
            1.2700000000000005,
            1.2200000000000002,
            1.1700000000000004,
            1.12,
            1.0700000000000003,
            1.02,
            0.9700000000000001,
            0.92
        ]
    },
    "520": {
        "CountClassCoupled": [
            1
        ]
    },