"Rule ID","Antecedent","Consequent","Antecedent Coverage %","Antecedent Coverage","Support %","Support","Confidence","Leverage","Lift","p-value","Consequent Coverage %","Consequent Coverage"
"b'000000'","b'-0.07 < CountDeclInstanceVariable <= 0.68'","b'target = 0'",0.26987,567,0.26987,567,1,0.00758,1.02889,6.41037e-09,0.97192,2042
"b'000001'","b'0.46 < CountClassCoupled <= 2.04'","b'target = 0'",0.22085,464,0.22085,464,1,0.0062,1.02889,3.18647e-07,0.97192,2042
"b'000002'","b'CountClassCoupled <= 0.46'","b'target = 0'",0.2099,441,0.2099,441,1,0.00589,1.02889,7.36643e-07,0.97192,2042
"b'000003'","b'1.07 < RatioCommentToCode <= 1.805'","b'target = 0'",0.20466,430,0.20466,430,1,0.00575,1.02889,1.09524e-06,0.97192,2042
"b'000004'","b'-0.115 < CountDeclClassVariable <= 0.12'","b'target = 0'",0.36744,772,0.36649,770,0.99741,0.00937,1.02623,7.55614e-10,0.97192,2042
"b'000005'","b'0.914 < AvgCyclomaticModified <= 1.088'","b'target = 0'",0.39695,834,0.39505,830,0.9952,0.00924,1.02396,7.17957e-09,0.97192,2042
"b'000006'","b'-0.043 < OWN_COMMIT <= 0.009'","b'target = 0'",0.58068,1220,0.57734,1213,0.99426,0.01297,1.02299,9.46671e-14,0.97192,2042
