feature,value,importance,min,max,rule,importance_ratio
CountLineComment,296.0,0.12609812960643532,0.0,4565.0,132.33687021838836 < CountLineComment <= 1780.4519740721664,0.24785404835881092
MAJOR_LINE,5.0,0.06762348638239343,0.0,14.0,3.496459832780991 < MAJOR_LINE <= 8.495319420437175,0.13291834634125899
CountDeclMethodPrivate,0.0,-0.044632777306088625,0.0,301.0,CountDeclMethodPrivate <= 0.47984389130990057,0.08772861722325473
MINOR_COMMIT,0.0,-0.0434600641867432,0.0,1.0,MINOR_COMMIT <= 0.5000824993237257,0.0854235735632065
CountPath_Min,0.0,-0.035176843822827125,0.0,1344.0,CountPath_Min <= 0.6290979530876513,0.06914236695806136
