feature,value,importance,min,max,rule,importance_ratio
OWN_COMMIT,0.8,0.21314495343335405,0.0,1.0,0.5211086302390999 < OWN_COMMIT <= 0.9396160800866156,0.3779844367803726
CountLineComment,47.0,0.04932300061628151,0.0,4565.0,40.8582338807355 < CountLineComment <= 118.84002223414448,0.0874678302627161
CountDeclMethodPrivate,1.0,0.031622436794593464,0.0,301.0,0.47984389130990057 < CountDeclMethodPrivate <= 2.4681446528566404,0.05607821704849666
AvgLineBlank,1.0,0.024650162442897035,0.0,35.0,0.4919048657853053 < AvgLineBlank <= 3.50292340409879,0.04371380892410609
MAJOR_LINE,0.0,-0.024386617206857572,0.0,14.0,MAJOR_LINE <= 0.4971440801872822,0.04324644623967042
