feature,value,importance,min,max,rule,importance_ratio
OWN_COMMIT,0.666666666666667,0.21312312656144144,0.0,1.0,0.5211086302390999 < OWN_COMMIT <= 0.9396160800866156,0.4259791955909617
CountLineComment,51.0,0.0490251249514205,0.0,4565.0,40.8582338807355 < CountLineComment <= 118.84002223414448,0.09798881814232355
CountDeclMethodPrivate,1.0,0.03158184102013588,0.0,301.0,0.47984389130990057 < CountDeclMethodPrivate <= 2.4681446528566404,0.06312410788118146
AvgLineBlank,0.0,-0.028332170111404053,0.0,35.0,AvgLineBlank <= 0.4919048657853053,0.05662883811871458
CountDeclMethodProtected,2.0,0.022797186745634357,0.0,76.0,1.5012221840068514 < CountDeclMethodProtected <= 11.009574717702664,0.04556580709152945
