feature,value,importance,min,max,rule,importance_ratio
OWN_COMMIT,0.666666666666667,0.21541289277397788,0.0,1.0,0.5211086302390999 < OWN_COMMIT <= 0.9396160800866156,0.39062859261574806
CountLineComment,58.0,0.04918470812550961,0.0,4565.0,40.8582338807355 < CountLineComment <= 118.84002223414448,0.08919128779094654
MINOR_COMMIT,0.0,-0.032937251063957465,0.0,1.0,MINOR_COMMIT <= 0.5000824993237257,0.059728235678284856
CountDeclMethodPrivate,1.0,0.03159828385653374,0.0,301.0,0.47984389130990057 < CountDeclMethodPrivate <= 2.4681446528566404,0.05730015967475907
CountDeclMethodProtected,7.0,0.024508333634341125,0.0,76.0,1.5012221840068514 < CountDeclMethodProtected <= 11.009574717702664,0.04444328169802279
