feature,value,importance,min,max,rule,importance_ratio
OWN_COMMIT,0.666666666666667,0.2163199500802409,0.0,1.0,0.5211086302390999 < OWN_COMMIT <= 0.9396160800866156,0.4250164200915659
CountDeclMethodPrivate,0.0,-0.0445048973951808,0.0,301.0,CountDeclMethodPrivate <= 0.47984389130990057,0.08744136710657444
CountLineComment,29.0,-0.02790838796162506,0.0,4565.0,24.362086344437447 < CountLineComment <= 31.860335224572925,0.054833237237603694
CountDeclMethodProtected,2.0,0.027749034858661988,0.0,76.0,1.5012221840068514 < CountDeclMethodProtected <= 11.009574717702664,0.05452014690392561
AvgLineBlank,1.0,0.02430810383090855,0.0,35.0,0.4919048657853053 < AvgLineBlank <= 3.50292340409879,0.047759549064219746
