feature,value,importance,min,max,rule,importance_ratio
OWN_COMMIT,0.666666666666667,0.21328351034220744,0.0,1.0,0.5211086302390999 < OWN_COMMIT <= 0.9396160800866156,0.38283387086648296
CountLineComment,42.0,0.04799554435779526,0.0,4565.0,40.8582338807355 < CountLineComment <= 118.84002223414448,0.08614974501009319
CountDeclMethodPrivate,4.0,0.034018205901365575,0.0,301.0,2.4681446528566404 < CountDeclMethodPrivate <= 5.497936289499292,0.06106107980057746
CountDeclMethodProtected,0.0,-0.02705097216290515,0.0,76.0,CountDeclMethodProtected <= 0.5038425476051929,0.04855522289187053
CountClassCoupled,27.0,0.024330919146235908,0.0,242.0,18.441101210186808 < CountClassCoupled <= 44.53474392232296,0.04367285564433809
