feature,value,importance,min,max,rule,importance_ratio
OWN_COMMIT,1.0,0.11987242842359287,0.0,1.0,OWN_COMMIT > 0.9396160800866156,0.2087349268259338
CountDeclMethodPrivate,7.0,0.0688021572372617,0.0,301.0,5.497936289499292 < CountDeclMethodPrivate <= 12.504329449235424,0.1198058089357907
CountDeclInstanceVariable,28.0,0.061684341075823004,0.0,1496.0,14.589027509766481 < CountDeclInstanceVariable <= 46.334552020657924,0.10741149228469049
MINOR_COMMIT,0.0,-0.05202218693370041,0.0,1.0,MINOR_COMMIT <= 0.5000824993237257,0.09058669725584541
CountLineComment,55.0,0.05085046514346713,0.0,4565.0,40.8582338807355 < CountLineComment <= 118.84002223414448,0.08854636767079332
