feature,value,importance,min,max,rule,importance_ratio
MAJOR_LINE,10.0,0.21629707804923545,0.0,14.0,MAJOR_LINE > 8.495319420437175,0.34969489153733907
MINOR_COMMIT,0.0,-0.05022500820699842,0.0,1.0,MINOR_COMMIT <= 0.5000824993237257,0.08120049034324142
CountLineComment,116.0,0.0485145267228915,0.0,4565.0,40.8582338807355 < CountLineComment <= 118.84002223414448,0.07843509636540302
CountDeclMethodPrivate,4.0,0.035792558671584346,0.0,301.0,2.4681446528566404 < CountDeclMethodPrivate <= 5.497936289499292,0.057867055049418754
CountDeclMethodProtected,1.0,0.02917977206699793,0.0,76.0,0.5038425476051929 < CountDeclMethodProtected <= 1.5012221840068514,0.047175936540993814
