feature,value,importance,min,max,rule,importance_ratio
OWN_COMMIT,0.777777777777778,0.21510833261143947,0.0,1.0,0.5211086302390999 < OWN_COMMIT <= 0.9396160800866156,0.32783969642281907
MAJOR_LINE,6.0,0.07270098345409125,0.0,14.0,3.496459832780991 < MAJOR_LINE <= 8.495319420437175,0.11080123236454374
CountLineComment,72.0,0.0480942873165857,0.0,4565.0,40.8582338807355 < CountLineComment <= 118.84002223414448,0.07329895760952401
CountDeclMethodPrivate,4.0,0.034776797486890575,0.0,301.0,2.4681446528566404 < CountDeclMethodPrivate <= 5.497936289499292,0.05300219936739794
MINOR_COMMIT,0.0,-0.027599464480210407,0.0,1.0,MINOR_COMMIT <= 0.5000824993237257,0.042063456802339486
