feature,value,importance,min,max,rule,importance_ratio
OWN_COMMIT,0.8,0.21146288064502064,0.0,1.0,0.5211086302390999 < OWN_COMMIT <= 0.9396160800866156,0.28007572445595014
MAJOR_LINE,10.0,0.20265321708874964,0.0,14.0,MAJOR_LINE > 8.495319420437175,0.26840761090708704
CountLineComment,77.0,0.048065552224242795,0.0,4565.0,40.8582338807355 < CountLineComment <= 118.84002223414448,0.0636612644238898
CountDeclMethodPrivate,1.0,0.03141650600089142,0.0,301.0,0.47984389130990057 < CountDeclMethodPrivate <= 2.4681446528566404,0.04161014288292569
MINOR_COMMIT,0.0,-0.027862822358849668,0.0,1.0,MINOR_COMMIT <= 0.5000824993237257,0.036903404199067034
