feature,value,importance,min,max,rule,importance_ratio
OWN_COMMIT,0.6,0.21284058048814025,0.0,1.0,0.5211086302390999 < OWN_COMMIT <= 0.9396160800866156,0.23642416857599527
MAJOR_LINE,12.0,0.1983766328119419,0.0,14.0,MAJOR_LINE > 8.495319420437175,0.22035755761379466
CountLineComment,1689.0,0.1314231071096533,0.0,4565.0,132.33687021838836 < CountLineComment <= 1780.4519740721664,0.1459853133214185
CountDeclInstanceVariable,46.0,0.056010117203238334,0.0,1496.0,14.589027509766481 < CountDeclInstanceVariable <= 46.334552020657924,0.0622162623370478
CountDeclMethodPrivate,153.0,0.047440936764127625,0.0,301.0,CountDeclMethodPrivate > 12.504329449235424,0.052697582412157634
