feature,value,importance,min,max,rule,importance_ratio
OWN_COMMIT,0.666666666666667,0.24979260763624897,0.0,1.0,0.36450244784925023 < OWN_COMMIT <= 0.9806106315167405,0.28966273806248544
MaxInheritanceTree,4.0,-0.0837568705554705,0.0,5.0,MaxInheritanceTree > 3.5005965160115324,0.09712555021633093
CountClassDerived,0.0,-0.07374642004258963,0.0,118.0,CountClassDerived <= 8.500764909068277,0.08551730234927397
CountClassCoupled,43.0,0.06730385494436365,0.0,42.0,CountClassCoupled > 22.47692780684256,0.07804642054793787
RatioCommentToCode,0.21,0.046180084824408635,0.0,12.57,RatioCommentToCode <= 0.31833570473338724,0.053551023550205606
