feature,value,importance,min,max,rule,importance_ratio
OWN_COMMIT,0.714285714285714,0.2530800073703037,0.0,1.0,0.36450244784925023 < OWN_COMMIT <= 0.9806106315167405,0.26352790842783624
MaxInheritanceTree,3.0,0.20935256095627175,0.0,5.0,2.4990705242078834 < MaxInheritanceTree <= 3.5005965160115324,0.21799526199670502
CountClassDerived,2.0,-0.06411758151459893,0.0,118.0,CountClassDerived <= 8.500764909068277,0.06676454740761247
MINOR_COMMIT,0.0,-0.04671757679714765,0.0,1.0,MINOR_COMMIT <= 0.4997656113766242,0.048646218356376364
CountClassCoupled,6.0,-0.042499764986505074,0.0,42.0,0.4889161313989083 < CountClassCoupled <= 8.508859599645833,0.0442542826355333
