feature,value,importance,min,max,rule,importance_ratio
OWN_COMMIT,1.0,0.24899532187693602,0.0,1.0,OWN_COMMIT > 0.9806106315167405,0.24777489980498996
MaxInheritanceTree,3.0,0.20191238693924377,0.0,5.0,2.4990705242078834 < MaxInheritanceTree <= 3.5005965160115324,0.20092273648411693
AvgLineBlank,7.0,0.06881658289450183,0.0,21.0,1.5072801485159428 < AvgLineBlank <= 17.999846823274996,0.06847928628970111
CountClassCoupled,13.0,0.06395013982256591,0.0,42.0,12.518831333769295 < CountClassCoupled <= 20.47194193978083,0.0636366955315038
CountClassDerived,0.0,-0.06329389694189999,0.0,118.0,CountClassDerived <= 8.500764909068277,0.06298366915020859
