feature,value,importance,min,max,rule,importance_ratio
OWN_COMMIT,0.75,0.24871535919726412,0.0,1.0,0.36450244784925023 < OWN_COMMIT <= 0.9806106315167405,0.28010078757548856
MaxInheritanceTree,4.0,-0.08774101291641098,0.0,5.0,MaxInheritanceTree > 3.5005965160115324,0.09881306446002622
CountClassDerived,0.0,-0.0759529830316758,0.0,118.0,CountClassDerived <= 8.500764909068277,0.0855375013209644
CountClassCoupled,27.0,0.07062247680392937,0.0,42.0,CountClassCoupled > 22.47692780684256,0.07953433771503841
AvgLineBlank,6.0,0.06525254278013354,0.0,21.0,1.5072801485159428 < AvgLineBlank <= 17.999846823274996,0.07348677091358223
