feature,value,importance,min,max,rule,importance_ratio
OWN_COMMIT,0.75,0.2533929495725772,0.0,1.0,0.36450244784925023 < OWN_COMMIT <= 0.9806106315167405,0.22713292666232124
MaxInheritanceTree,3.0,0.2099135993349798,0.0,5.0,2.4990705242078834 < MaxInheritanceTree <= 3.5005965160115324,0.18815949790078815
CountOutput_Min,19.0,0.11137949641336518,0.0,21.0,CountOutput_Min > 18.495238434325778,0.09983683852773208
AvgLineBlank,8.0,0.06810634024309807,0.0,21.0,1.5072801485159428 < AvgLineBlank <= 17.999846823274996,0.06104823520057721
CountClassCoupled,20.0,0.06211216650228808,0.0,42.0,12.518831333769295 < CountClassCoupled <= 20.47194193978083,0.0556752592477374
