feature,value,importance,min,max,rule,importance_ratio
OWN_COMMIT,0.5,0.25240082580544265,0.0,1.0,0.36450244784925023 < OWN_COMMIT <= 0.9806106315167405,0.2549166152266768
MaxInheritanceTree,3.0,0.20929673558650697,0.0,5.0,2.4990705242078834 < MaxInheritanceTree <= 3.5005965160115324,0.21138288768845473
CountClassDerived,0.0,-0.0668120431471726,0.0,118.0,CountClassDerived <= 8.500764909068277,0.06747798800224315
AvgLineBlank,0.0,-0.06440460729384516,0.0,21.0,AvgLineBlank <= 0.49558335018002864,0.06504655618284559
MINOR_COMMIT,0.0,-0.061784576344976944,0.0,1.0,MINOR_COMMIT <= 0.4997656113766242,0.06240041023960905
