feature,value,importance,min,max,rule,importance_ratio
OWN_COMMIT,0.5,0.24780676968671997,0.0,1.0,0.36450244784925023 < OWN_COMMIT <= 0.9806106315167405,0.3071936132897318
MaxInheritanceTree,2.0,-0.08692854819199636,0.0,5.0,1.4975445324042342 < MaxInheritanceTree <= 2.4990705242078834,0.10776095766426923
CountClassDerived,0.0,-0.07884415613901015,0.0,118.0,CountClassDerived <= 8.500764909068277,0.0977391426462725
AvgLineBlank,0.0,-0.06473136607496183,0.0,21.0,AvgLineBlank <= 0.49558335018002864,0.08024422521986305
MINOR_COMMIT,0.0,-0.05143102166937698,0.0,1.0,MINOR_COMMIT <= 0.4997656113766242,0.06375645589413087
