feature,value,importance,min,max,rule,importance_ratio
OWN_COMMIT,0.857142857142857,0.2541692937815351,0.0,1.0,0.36450244784925023 < OWN_COMMIT <= 0.9806106315167405,0.2423759789429046
MaxInheritanceTree,3.0,0.21017763041576926,0.0,5.0,2.4990705242078834 < MaxInheritanceTree <= 3.5005965160115324,0.20042550445809562
CountClassDerived,0.0,-0.06566136223067795,0.0,118.0,CountClassDerived <= 8.500764909068277,0.06261471129185396
AvgLineBlank,0.0,-0.06510472953442598,0.0,21.0,AvgLineBlank <= 0.49558335018002864,0.062083906045246696
MINOR_COMMIT,0.0,-0.06502093225214335,0.0,1.0,MINOR_COMMIT <= 0.4997656113766242,0.06200399691057576
