feature,value,importance,min,max,rule,importance_ratio
OWN_COMMIT,0.444444444444444,0.24610625072638298,0.0,1.0,0.36450244784925023 < OWN_COMMIT <= 0.9806106315167405,0.3207955151701566
MaxInheritanceTree,1.0,-0.08210692181569565,0.0,5.0,0.49601854060058526 < MaxInheritanceTree <= 1.4975445324042342,0.10702504387905908
AvgLineBlank,0.0,-0.06054930894871771,0.0,21.0,AvgLineBlank <= 0.49558335018002864,0.0789250443662892
CountClassDerived,22.0,0.05654695313850224,0.0,118.0,17.498646953591496 < CountClassDerived <= 81.0100131976823,0.07370803833640252
CountClassCoupled,7.0,-0.041530176303159576,0.0,42.0,0.4889161313989083 < CountClassCoupled <= 8.508859599645833,0.05413391274279931
