feature,value,importance,min,max,rule,importance_ratio
OWN_COMMIT,0.583333333333333,0.25066949147136525,0.0,1.0,0.36450244784925023 < OWN_COMMIT <= 0.9806106315167405,0.2707022204810348
MaxInheritanceTree,4.0,-0.08790738233936284,0.0,5.0,MaxInheritanceTree > 3.5005965160115324,0.09493266793761058
CountClassDerived,2.0,-0.07842039697189605,0.0,118.0,CountClassDerived <= 8.500764909068277,0.08468751209686595
CountClassCoupled,71.0,0.06654423371255695,0.0,42.0,CountClassCoupled > 22.47692780684256,0.07186224267046817
AvgLineBlank,2.0,0.0650337742858257,0.0,21.0,1.5072801485159428 < AvgLineBlank <= 17.999846823274996,0.07023107200680817
