feature,value,importance,min,max,rule,importance_ratio
OWN_COMMIT,1.0,0.2499110422378935,0.0,1.0,OWN_COMMIT > 0.9806106315167405,0.2454040100359572
MaxInheritanceTree,3.0,0.20214534820340077,0.0,5.0,2.4990705242078834 < MaxInheritanceTree <= 3.5005965160115324,0.1984997486105781
CountClassCoupled,21.0,0.07557244201418778,0.0,42.0,20.47194193978083 < CountClassCoupled <= 22.47692780684256,0.0742095273278784
AvgLineBlank,5.0,0.06905185482318515,0.0,21.0,1.5072801485159428 < AvgLineBlank <= 17.999846823274996,0.0678065359669048
CountClassDerived,0.0,-0.06663256253067265,0.0,118.0,CountClassDerived <= 8.500764909068277,0.06543087451267222
