feature,value,importance,min,max,rule,importance_ratio
OWN_COMMIT,1.0,0.2513734505950896,0.0,1.0,OWN_COMMIT > 0.9806106315167405,0.2437187589447286
MaxInheritanceTree,3.0,0.20173142924448198,0.0,5.0,2.4990705242078834 < MaxInheritanceTree <= 3.5005965160115324,0.19558841022876064
AvgLineBlank,4.0,0.0696194180304708,0.0,21.0,1.5072801485159428 < AvgLineBlank <= 17.999846823274996,0.06749940425559028
CountClassDerived,0.0,-0.06676798564612602,0.0,118.0,CountClassDerived <= 8.500764909068277,0.06473480218531542
CountClassCoupled,13.0,0.0636419708337579,0.0,42.0,12.518831333769295 < CountClassCoupled <= 20.47194193978083,0.061703979126199265
