feature,value,importance,min,max,rule,importance_ratio
OWN_COMMIT,1.0,0.2503043873633969,0.0,1.0,OWN_COMMIT > 0.9806106315167405,0.24544188411235263
MaxInheritanceTree,3.0,0.20298401487490353,0.0,5.0,2.4990705242078834 < MaxInheritanceTree <= 3.5005965160115324,0.19904077423643135
CountClassDerived,0.0,-0.07094171963941433,0.0,118.0,CountClassDerived <= 8.500764909068277,0.06956358022278272
MINOR_COMMIT,0.0,-0.062172698891007905,0.0,1.0,MINOR_COMMIT <= 0.4997656113766242,0.0609649096322251
CountDeclInstanceVariable,19.0,0.059966482108253415,0.0,161.0,11.481575803065907 < CountDeclInstanceVariable <= 101.48930761940565,0.058801551611922416
