feature,value,importance,min,max,rule,importance_ratio
OWN_COMMIT,0.666666666666667,0.2532527429178839,0.0,1.0,0.36450244784925023 < OWN_COMMIT <= 0.9806106315167405,0.25804922944187736
MaxInheritanceTree,3.0,0.20986661113222788,0.0,5.0,2.4990705242078834 < MaxInheritanceTree <= 3.5005965160115324,0.21384138495119612
AvgLineBlank,0.0,-0.06498073775920155,0.0,21.0,AvgLineBlank <= 0.49558335018002864,0.06621144203268782
MINOR_COMMIT,0.0,-0.06351227556665359,0.0,1.0,MINOR_COMMIT <= 0.4997656113766242,0.0647151678644969
CountClassDerived,0.0,-0.062439938320935126,0.0,118.0,CountClassDerived <= 8.500764909068277,0.06362252106126286
