feature,value,importance,min,max,rule,importance_ratio
OWN_COMMIT,1.0,0.2492707856323551,0.0,1.0,OWN_COMMIT > 0.9806106315167405,0.24778079039432566
MaxInheritanceTree,3.0,0.2036155776650288,0.0,5.0,2.4990705242078834 < MaxInheritanceTree <= 3.5005965160115324,0.20239848260778062
MINOR_COMMIT,0.0,-0.07372407407548118,0.0,1.0,MINOR_COMMIT <= 0.4997656113766242,0.07328339459905583
CountClassDerived,1.0,-0.06952338340918343,0.0,118.0,CountClassDerived <= 8.500764909068277,0.06910781320929582
AvgLineBlank,0.0,-0.06719168672455421,0.0,21.0,AvgLineBlank <= 0.49558335018002864,0.06679005404625707
