feature,value,importance,min,max,rule,importance_ratio
OWN_COMMIT,1.0,0.2510098899253818,0.0,1.0,OWN_COMMIT > 0.9806106315167405,0.24675142504346081
MaxInheritanceTree,3.0,0.20424911901609866,0.0,5.0,2.4990705242078834 < MaxInheritanceTree <= 3.5005965160115324,0.20078396590698444
MINOR_COMMIT,0.0,-0.0712825576128133,0.0,1.0,MINOR_COMMIT <= 0.4997656113766242,0.07007322570809069
AvgLineBlank,3.0,0.07013961915013663,0.0,21.0,1.5072801485159428 < AvgLineBlank <= 17.999846823274996,0.06894967757026119
CountClassDerived,0.0,-0.06853355288468893,0.0,118.0,CountClassDerived <= 8.500764909068277,0.0673708587443127
