feature,value,importance,min,max,rule,importance_ratio
OWN_COMMIT,0.75,0.25254269655009054,0.0,1.0,0.36450244784925023 < OWN_COMMIT <= 0.9806106315167405,0.2520214908781778
MaxInheritanceTree,3.0,0.20982222215674,0.0,5.0,2.4990705242078834 < MaxInheritanceTree <= 3.5005965160115324,0.20938918436243684
AvgLineBlank,0.0,-0.06406765564020837,0.0,21.0,AvgLineBlank <= 0.49558335018002864,0.06393543076907968
MINOR_COMMIT,0.0,-0.059972913103006814,0.0,1.0,MINOR_COMMIT <= 0.4997656113766242,0.05984913909212697
CountDeclInstanceVariable,12.0,0.058228036992137196,0.0,161.0,11.481575803065907 < CountDeclInstanceVariable <= 101.48930761940565,0.05810786411222726
