feature,value,importance,left,right,rec,rule,min,max
MAJOR_COMMIT,0.0,-0.022273650917540938,0.4993589600680637,7.0,1,MAJOR_COMMIT <= 0.4993589600680637,0.0,7.0
Added_lines,0.0,-0.01698091687350431,0.055111340148400245,1453.0,1,Added_lines <= 0.055111340148400245,0.0,1453.0
CountDeclMethodPublic,136.0,0.006117427665338344,0.0,48.501441530534265,-1,CountDeclMethodPublic > 48.501441530534265,0.0,147.0
OWN_COMMIT,0.0,0.001182410822387576,0.0,0.0,-1,OWN_COMMIT <= 0.09903461938975938,0.0,1.0
