,jruby@2,hive@1,camel@0,hive@0,camel@1,activemq@3,activemq@2,lucene@2,derby@0,jruby@0,derby@1,jruby@1,groovy@0,hbase@1,hbase@0,camel@2,groovy@1,wicket@0,activemq@0,wicket@1,activemq@1,lucene@0,lucene@1
AUC-ROC,0.7837372255976907,0.6487416639140099,0.7095679012345679,0.6151949713941585,0.7690288713910761,0.7655744348279155,0.7657370191124601,0.733199848584464,0.8535696288108634,0.7677481741303094,0.7758953779140113,0.7613675213675213,0.6935619167453078,0.6935812739580784,0.6910649521925487,0.7249475796956819,0.8321629213483147,0.8329118307553467,0.6649431990171115,0.7750547055377512,0.7597966101694915,0.7528991370010788,0.8916587383881899
F1-score,0.3165467625899281,0.22077922077922077,0.2531645569620254,0.4273972602739726,0.35238095238095235,0.3940149625935162,0.5436241610738255,0.06741573033707865,0.6433460076045627,0.4120171673819742,0.5522174535050072,0.4109589041095891,0.25806451612903225,0.5050167224080268,0.4165029469548133,0.27027027027027023,0.5853658536585366,0.45197740112994356,0.252465483234714,0.1870503597122302,0.5106382978723405,0.4646098003629764,0.6399999999999999
Precision,0.41509433962264153,0.2809917355371901,0.2,0.35294117647058826,0.4457831325301205,0.3798076923076923,0.6183206106870229,0.13043478260869565,0.6351351351351351,0.7868852459016393,0.4936061381074169,0.3125,0.7272727272727273,0.5741444866920152,0.6162790697674418,0.2976190476190476,0.7058823529411765,0.5633802816901409,0.17534246575342466,0.35135135135135137,0.6857142857142857,0.4280936454849498,0.5591397849462365
Recall,0.2558139534883721,0.18181818181818182,0.3448275862068966,0.5416666666666666,0.29133858267716534,0.40932642487046633,0.48502994011976047,0.045454545454545456,0.6517719568567026,0.27906976744186046,0.6266233766233766,0.6,0.1568627450980392,0.4507462686567164,0.314540059347181,0.24752475247524752,0.5,0.37735849056603776,0.4507042253521127,0.12745098039215685,0.4067796610169492,0.5079365079365079,0.7482014388489209
TP,0.2558139534883721,0.18181818181818182,0.3448275862068966,0.5416666666666666,0.29133858267716534,0.40932642487046633,0.48502994011976047,0.045454545454545456,0.6517719568567026,0.27906976744186046,0.6266233766233766,0.6,0.1568627450980392,0.4507462686567164,0.314540059347181,0.24752475247524752,0.5,0.37735849056603776,0.4507042253521127,0.12745098039215685,0.4067796610169492,0.5079365079365079,0.7482014388489209
# of TP,22.0,34.0,60.0,78.0,37.0,79.0,81.0,3.0,423.0,48.0,193.0,45.0,8.0,151.0,106.0,25.0,24.0,40.0,64.0,13.0,48.0,128.0,104.0
