feature,value,importance,min,max,rule,importance_ratio
AvgLineBlank,5.0,0.3083784068441527,0.0,12.0,3.495816683776548 < AvgLineBlank <= 6.994993401427228,0.4106638605414444
CountClassCoupled,15.0,0.07970172731101906,0.0,53.0,11.49383801896868 < CountClassCoupled <= 27.984016563916185,0.10613784332151978
Del_lines,7.0,0.07148037381413462,0.0,2007.0,6.090561726614824 < Del_lines <= 241.53603756884223,0.09518956454786126
CountClassDerived,0.0,0.02892119734167908,0.0,230.0,CountClassDerived <= 0.48164470873977094,0.03851401488631853
AvgEssential,1.0,0.02702521147539188,0.0,12.0,0.5015588546402139 < AvgEssential <= 1.4995363568456082,0.03598915303444766
