feature,value,importance,min,max,rule,importance_ratio
CountDeclMethodProtected,41.0,0.15234406827328922,0.0,39.0,CountDeclMethodProtected > 34.9959109273487,0.21145902240942188
CountLineComment,1660.0,0.10054001424092876,16.0,1556.0,CountLineComment > 322.38930839430543,0.1395531402396172
MINOR_COMMIT,2.0,0.0824019360143609,0.0,5.0,0.49953774820611835 < MINOR_COMMIT <= 2.4994820872250076,0.11437683811215105
CountInput_Mean,10.3222222222222,0.08053898984353004,0.0,51.25,5.280496786150023 < CountInput_Mean <= 17.761528446668198,0.11179100211242846
MAJOR_LINE,8.0,0.07510127098402246,0.0,6.0,MAJOR_LINE > 5.501529053517293,0.10424325360340196
