feature,value,importance,min,max,rule,importance_ratio
CountLineComment,227.0,0.1261056308958147,16.0,1556.0,187.1390928888634 < CountLineComment <= 322.38930839430543,0.1677137267782611
CountDeclMethodProtected,8.0,0.09111409385353915,0.0,39.0,5.508559335514258 < CountDeclMethodProtected <= 34.9959109273487,0.12117685890510435
CountDeclInstanceVariable,3.0,0.06397357886129598,0.0,52.0,2.512387213531718 < CountDeclInstanceVariable <= 3.4991103755536206,0.08508142935373893
MINOR_LINE,5.0,0.052692775565165696,1.0,6.0,4.505111416736479 < MINOR_LINE <= 5.501138614359887,0.07007856589390199
CountClassCoupled,12.0,0.04814869248330931,0.0,53.0,11.49383801896868 < CountClassCoupled <= 27.984016563916185,0.06403517906783858
