feature,value,importance,min,max,rule,importance_ratio
CountDeclMethodProtected,3.0,0.14697513428100745,0.0,39.0,2.5043620730232883 < CountDeclMethodProtected <= 3.4980580906164556,0.2212485198946797
CountClassCoupled,17.0,0.0896236598545263,0.0,53.0,11.49383801896868 < CountClassCoupled <= 27.984016563916185,0.1349146723856441
OWN_COMMIT,0.428571428571429,0.08079749255124513,0.153846153846154,1.0,0.38587346777833764 < OWN_COMMIT <= 0.4931629198696953,0.12162823137134172
Del_lines,450.0,0.07535737419210357,0.0,2007.0,Del_lines > 266.42051875541904,0.11343896765064528
CountLineComment,81.0,0.04005435267984508,16.0,1556.0,71.82961428486475 < CountLineComment <= 180.20318440140485,0.06029568395434621
