feature,value,importance,min,max,rule,importance_ratio
OWN_COMMIT,0.625,0.10889408044347816,0.153846153846154,1.0,OWN_COMMIT > 0.586009561102601,0.15112468339693302
Del_lines,53.0,0.07981982003563544,0.0,2007.0,6.090561726614824 < Del_lines <= 241.53603756884223,0.11077503003431657
CountLineComment,84.0,0.07303011842982611,16.0,1556.0,71.82961428486475 < CountLineComment <= 180.20318440140485,0.10135218995560193
CountClassCoupled,9.0,0.07035089438923937,0.0,53.0,7.509972254287172 < CountClassCoupled <= 11.49383801896868,0.09763392645372787
CountDeclMethodProtected,3.0,0.06277202723006664,0.0,39.0,2.5043620730232883 < CountDeclMethodProtected <= 3.4980580906164556,0.08711587170481162
