feature,value,importance,min,max,rule,importance_ratio
AvgCyclomaticModified,26.0,0.15293153361946785,0.0,20.0,AvgCyclomaticModified > 17.004181974856568,0.21571396852237223
AvgEssential,17.0,0.12348149576370697,0.0,12.0,AvgEssential > 10.501194125494266,0.17417391207588684
MaxNesting_Min,5.0,0.11427099278614708,0.0,3.0,MaxNesting_Min > 2.4994121638549673,0.16118225429051267
CountInput_Mean,16.0,0.07110175075707569,0.0,51.25,5.280496786150023 < CountInput_Mean <= 17.761528446668198,0.10029089790508013
AvgLineBlank,9.0,0.06238502840244334,0.0,12.0,AvgLineBlank > 9.001874165962176,0.08799573073370966
