feature,value,importance,min,max,rule,importance_ratio
OWN_COMMIT,0.666666666666667,0.20811163245493017,0.0,1.0,0.5211086302390999 < OWN_COMMIT <= 0.9396160800866156,0.3614235448472115
CountDeclMethodPrivate,0.0,-0.04469374050612199,0.0,301.0,CountDeclMethodPrivate <= 0.47984389130990057,0.07761877572942627
AvgLineBlank,2.0,0.035325212352150887,0.0,35.0,0.4919048657853053 < AvgLineBlank <= 3.50292340409879,0.06134862967623806
MINOR_LINE,3.0,0.030864028308780902,0.0,7.0,2.5050310251779777 < MINOR_LINE <= 3.501513051184938,0.053600975534320826
CountPath_Min,1.0,0.03038378242024218,0.0,1344.0,0.6290979530876513 < CountPath_Min <= 1.3298550989928053,0.0527669415623296
