feature,value,importance,min,max,rule,importance_ratio
OWN_COMMIT,0.8,0.2470780503016467,0.0,1.0,0.5211086302390999 < OWN_COMMIT <= 0.9396160800866156,0.3465175992434799
CountLineComment,41.0,0.06340451573536336,0.0,4565.0,40.8582338807355 < CountLineComment <= 118.84002223414448,0.08892242976254022
MaxNesting_Mean,1.16666666666667,0.05564800522550848,0.0,5.5,MaxNesting_Mean > 0.8028683790090252,0.07804421780846192
CountPath_Min,1.0,0.05266841577027257,0.0,1344.0,0.6290979530876513 < CountPath_Min <= 1.3298550989928053,0.07386545654861296
AvgLineComment,1.0,0.04655363913246777,0.0,26.0,0.4864034448715615 < AvgLineComment <= 2.4898867522054444,0.06528971411477313
