feature,value,importance,min,max,rule,importance_ratio
OWN_COMMIT,0.6,0.20144848011240316,0.0,1.0,0.5211086302390999 < OWN_COMMIT <= 0.9396160800866156,0.3591006460236769
CountLineComment,72.0,0.04945388385629796,0.0,4565.0,40.8582338807355 < CountLineComment <= 118.84002223414448,0.08815614608393894
CountDeclMethodPrivate,0.0,-0.04681502013542771,0.0,301.0,CountDeclMethodPrivate <= 0.47984389130990057,0.08345212614591706
AvgLineBlank,1.0,0.025664907994961274,0.0,35.0,0.4919048657853053 < AvgLineBlank <= 3.50292340409879,0.04575008476602241
RatioCommentToCode,0.33,0.025643928140062052,0.0,43.0,0.03591251388253447 < RatioCommentToCode <= 0.3453902620365129,0.045712686224005164
