feature,value,importance,min,max,rule,importance_ratio
OWN_COMMIT,0.833333333333333,0.20488170933709665,0.0,1.0,0.5211086302390999 < OWN_COMMIT <= 0.9396160800866156,0.3342394576845597
MAJOR_LINE,5.0,0.04697024358244344,0.0,14.0,3.496459832780991 < MAJOR_LINE <= 8.495319420437175,0.07662620930439978
CountPath_Min,0.0,-0.0465720896401455,0.0,1344.0,CountPath_Min <= 0.6290979530876513,0.07597666983023582
CountLineComment,72.0,0.03824023663366076,0.0,4565.0,40.8582338807355 < CountLineComment <= 118.84002223414448,0.06238427039445711
AvgLineBlank,0.0,-0.03448337575971442,0.0,35.0,AvgLineBlank <= 0.4919048657853053,0.05625541123388584
