feature,value,importance,min,max,rule,importance_ratio
OWN_COMMIT,0.72,0.22576795738947802,0.0,1.0,0.5211086302390999 < OWN_COMMIT <= 0.9396160800866156,0.23596403531220472
MAJOR_LINE,10.0,0.16666446528033646,0.0,14.0,MAJOR_LINE > 8.495319420437175,0.17419132557794875
CountLineComment,685.0,0.14634663309081092,0.0,4565.0,132.33687021838836 < CountLineComment <= 1780.4519740721664,0.15295590436197024
CountDeclMethodPrivate,21.0,0.08687591953365525,0.0,301.0,CountDeclMethodPrivate > 12.504329449235424,0.09079938881342367
CountClassCoupled,77.0,0.04652102718883047,0.0,242.0,44.53474392232296 < CountClassCoupled <= 147.51393280765168,0.0486219985744391
