feature,value,importance,min,max,rule,importance_ratio
OWN_COMMIT,0.6,0.2212684061792611,0.0,1.0,0.5211086302390999 < OWN_COMMIT <= 0.9396160800866156,0.26964900247113593
CountDeclInstanceVariable,84.0,0.15765360032530876,0.0,1496.0,58.05597645544861 < CountDeclInstanceVariable <= 1265.8510859236721,0.19212474477382985
CountLineComment,624.0,0.14842589936729295,0.0,4565.0,132.33687021838836 < CountLineComment <= 1780.4519740721664,0.18087939618838808
CountDeclMethodPrivate,12.0,0.06092813881092471,0.0,301.0,5.497936289499292 < CountDeclMethodPrivate <= 12.504329449235424,0.07425014775710269
CountDeclMethodProtected,3.0,0.04335518166687025,0.0,76.0,1.5012221840068514 < CountDeclMethodProtected <= 11.009574717702664,0.052834842941631766
