feature,value,importance,left,right,rec,rule,min,max
CountLineComment,1168.0,0.2902427082510541,15.0,430.39806709852445,-1,CountLineComment > 430.39806709852445,15.0,3419.0
MAJOR_LINE,3.0,0.07803684833286621,0.0,2.492835724294319,-1,2.492835724294319 < MAJOR_LINE <= 4.497171535648503,0.0,12.0
CountDeclMethodPublic,22.0,0.039201690646495146,0.0,21.569962791266494,-1,21.569962791266494 < CountDeclMethodPublic <= 23.55408671781892,0.0,205.0
OWN_COMMIT,0.0,-0.01870411045887909,0.0823678792991347,1.0,1,OWN_COMMIT <= 0.0823678792991347,0.0,1.0
CountClassCoupled,28.0,0.005993426401850892,0.0,24.508573690487815,-1,24.508573690487815 < CountClassCoupled <= 42.45780664986833,0.0,128.0
