feature,value,importance,left,right,rec,rule,min,max
MAJOR_LINE,6.0,0.3214566829701735,0.0,4.497171535648503,-1,4.497171535648503 < MAJOR_LINE <= 7.503675252679776,0.0,12.0
CountLineComment,1035.0,0.31584251137486796,15.0,430.39806709852445,-1,CountLineComment > 430.39806709852445,15.0,3419.0
CountDeclMethodPublic,25.0,0.044292932307911405,0.0,23.55408671781892,-1,23.55408671781892 < CountDeclMethodPublic <= 46.44782433188537,0.0,205.0
OWN_COMMIT,1.0,-0.009502251471772251,1.0,1.0,1,OWN_COMMIT > 0.9396574894715668,0.0,1.0
