feature,value,importance,left,right,rec,rule,min,max
CountLineComment,1278.0,0.2941511158270266,15.0,430.39806709852445,-1,CountLineComment > 430.39806709852445,15.0,3419.0
MAJOR_LINE,11.0,0.2300043373092317,0.0,7.503675252679776,-1,MAJOR_LINE > 7.503675252679776,0.0,12.0
CountDeclMethodPublic,129.0,0.055589894003288585,0.0,46.44782433188537,-1,CountDeclMethodPublic > 46.44782433188537,0.0,205.0
OWN_COMMIT,0.5,0.04357846357151511,0.0,0.4850342113498225,-1,0.4850342113498225 < OWN_COMMIT <= 0.9396574894715668,0.0,1.0
CountClassCoupled,66.0,-0.03936969650033981,128.0,128.0,1,CountClassCoupled > 42.45780664986833,0.0,128.0
