feature,value,importance,left,right,rec,rule,min,max
MAJOR_LINE,5.0,0.3607028330305641,0.0,4.497171535648503,-1,4.497171535648503 < MAJOR_LINE <= 7.503675252679776,0.0,12.0
CountDeclMethodPublic,3.0,-0.038113784816576124,6.460095965982637,205.0,1,2.4918481128777863 < CountDeclMethodPublic <= 6.460095965982637,0.0,205.0
OWN_COMMIT,0.0,-0.01984004337598557,0.0823678792991347,1.0,1,OWN_COMMIT <= 0.0823678792991347,0.0,1.0
CountClassCoupled,7.0,-0.009660593003868692,9.533785050090364,128.0,1,0.5078850476590215 < CountClassCoupled <= 9.533785050090364,0.0,128.0
