feature,value,importance,left,right,rec,rule,min,max
MAJOR_LINE,5.0,0.36883147016360973,0.0,4.497171535648503,-1,4.497171535648503 < MAJOR_LINE <= 7.503675252679776,0.0,12.0
CountDeclMethodPublic,4.0,-0.062260395133057506,6.460095965982637,205.0,1,2.4918481128777863 < CountDeclMethodPublic <= 6.460095965982637,0.0,205.0
CountClassCoupled,43.0,-0.029800416621911175,128.0,128.0,1,CountClassCoupled > 42.45780664986833,0.0,128.0
OWN_COMMIT,1.0,-0.000759214412102418,1.0,1.0,1,OWN_COMMIT > 0.9396574894715668,0.0,1.0
