feature,value,importance,left,right,rec,rule,min,max
MAJOR_LINE,6.0,0.37906138578887777,0.0,4.497171535648503,-1,4.497171535648503 < MAJOR_LINE <= 7.503675252679776,0.0,12.0
CountDeclMethodPublic,5.0,-0.04707362956974977,6.460095965982637,205.0,1,2.4918481128777863 < CountDeclMethodPublic <= 6.460095965982637,0.0,205.0
OWN_COMMIT,0.0,-0.014532183910081401,0.0823678792991347,1.0,1,OWN_COMMIT <= 0.0823678792991347,0.0,1.0
CountClassCoupled,19.0,-0.007374769157125815,24.508573690487815,128.0,1,16.508344142878215 < CountClassCoupled <= 24.508573690487815,0.0,128.0
