feature,value,importance,left,right,rec,rule,min,max
MAJOR_LINE,3.0,0.061760161535722786,0.0,2.492835724294319,-1,2.492835724294319 < MAJOR_LINE <= 4.497171535648503,0.0,12.0
CountDeclMethodPublic,1.0,0.0373406458746869,0.0,0.0,-1,CountDeclMethodPublic <= 2.4918481128777863,0.0,205.0
CountLineComment,44.0,-0.021282487124703015,48.501646395712186,3419.0,1,33.483247828747665 < CountLineComment <= 48.501646395712186,15.0,3419.0
CountClassCoupled,12.0,-0.010576080932044702,16.508344142878215,128.0,1,11.482558914251676 < CountClassCoupled <= 16.508344142878215,0.0,128.0
OWN_COMMIT,1.0,-0.005735482610885682,1.0,1.0,1,OWN_COMMIT > 0.9396574894715668,0.0,1.0
