feature,value,importance,left,right,rec,rule,min,max
CountLineComment,329.0,0.11126160303086897,15.0,254.46825531408285,-1,254.46825531408285 < CountLineComment <= 430.39806709852445,15.0,3419.0
CountDeclMethodPublic,48.0,0.07731481692574628,0.0,46.44782433188537,-1,CountDeclMethodPublic > 46.44782433188537,0.0,205.0
MAJOR_LINE,2.0,0.01662161444883912,0.0,1.505625548552707,-1,1.505625548552707 < MAJOR_LINE <= 2.492835724294319,0.0,12.0
CountClassCoupled,17.0,0.016499509222933084,0.0,16.508344142878215,-1,16.508344142878215 < CountClassCoupled <= 24.508573690487815,0.0,128.0
OWN_COMMIT,0.0,-0.012313764687157431,0.0823678792991347,1.0,1,OWN_COMMIT <= 0.0823678792991347,0.0,1.0
