feature,value,importance,left,right,rec,rule,min,max
MAJOR_LINE,0.0,-0.06687339056515446,0.5034576428756157,12.0,1,MAJOR_LINE <= 0.5034576428756157,0.0,12.0
CountDeclMethodPublic,5.0,-0.057600143964203196,6.460095965982637,205.0,1,2.4918481128777863 < CountDeclMethodPublic <= 6.460095965982637,0.0,205.0
CountClassCoupled,13.0,-0.011120741592425508,16.508344142878215,128.0,1,11.482558914251676 < CountClassCoupled <= 16.508344142878215,0.0,128.0
OWN_COMMIT,1.0,-0.010570559456782565,1.0,1.0,1,OWN_COMMIT > 0.9396574894715668,0.0,1.0
