feature,value,importance,left,right,rec,rule,min,max
MAJOR_LINE,2.0,0.030987414593426518,0.0,1.505625548552707,-1,1.505625548552707 < MAJOR_LINE <= 2.492835724294319,0.0,12.0
CountLineComment,151.0,0.013507278303161676,15.0,78.53844352964126,-1,78.53844352964126 < CountLineComment <= 252.3227698045165,15.0,3419.0
OWN_COMMIT,0.0,-0.007288308661685322,0.0823678792991347,1.0,1,OWN_COMMIT <= 0.0823678792991347,0.0,1.0
CountDeclMethodPublic,13.0,0.0029677809677126524,0.0,10.42834381908749,-1,10.42834381908749 < CountDeclMethodPublic <= 13.480842167629682,0.0,205.0
