feature,value,importance,left,right,rec,rule,min,max
MAJOR_LINE,9.0,0.3679664481816692,0.0,7.503675252679776,-1,MAJOR_LINE > 7.503675252679776,0.0,12.0
CountLineComment,572.0,0.2980602031758977,15.0,430.39806709852445,-1,CountLineComment > 430.39806709852445,15.0,3419.0
CountDeclMethodPublic,34.0,0.034735047688334374,0.0,23.55408671781892,-1,23.55408671781892 < CountDeclMethodPublic <= 46.44782433188537,0.0,205.0
OWN_COMMIT,1.0,-0.00908875867265964,1.0,1.0,1,OWN_COMMIT > 0.9396574894715668,0.0,1.0
