feature,value,importance,left,right,rec,rule,min,max
CountLineComment,25.0,-0.0571298254828361,33.483247828747665,3419.0,1,22.755820280915856 < CountLineComment <= 33.483247828747665,15.0,3419.0
MAJOR_LINE,2.0,0.03846254654032172,0.0,1.505625548552707,-1,1.505625548552707 < MAJOR_LINE <= 2.492835724294319,0.0,12.0
CountClassCoupled,13.0,-0.021551397620244835,16.508344142878215,128.0,1,11.482558914251676 < CountClassCoupled <= 16.508344142878215,0.0,128.0
OWN_COMMIT,0.75,0.015425117202780326,0.0,0.4850342113498225,-1,0.4850342113498225 < OWN_COMMIT <= 0.9396574894715668,0.0,1.0
CountDeclMethodPublic,1.0,0.004289936814455703,0.0,0.0,-1,CountDeclMethodPublic <= 2.4918481128777863,0.0,205.0
