feature,value,importance,left,right,rec,rule,min,max
MAJOR_LINE,1.0,-0.035223286637312064,1.505625548552707,12.0,1,0.5034576428756157 < MAJOR_LINE <= 1.505625548552707,0.0,12.0
CountDeclMethodPublic,0.0,0.021313908800504506,0.0,0.0,-1,CountDeclMethodPublic <= 2.4918481128777863,0.0,205.0
CountLineComment,126.0,0.014329551111251143,15.0,78.53844352964126,-1,78.53844352964126 < CountLineComment <= 252.3227698045165,15.0,3419.0
CountClassCoupled,7.0,-0.014162049756555075,9.533785050090364,128.0,1,0.5078850476590215 < CountClassCoupled <= 9.533785050090364,0.0,128.0
OWN_COMMIT,0.0,-0.00796428957134808,0.0823678792991347,1.0,1,OWN_COMMIT <= 0.0823678792991347,0.0,1.0
