feature,value,importance,left,right,rec,rule,min,max
MAJOR_LINE,2.0,0.038524012293390246,0.0,1.505625548552707,-1,1.505625548552707 < MAJOR_LINE <= 2.492835724294319,0.0,12.0
CountDeclMethodPublic,0.0,0.015428581403719005,0.0,0.0,-1,CountDeclMethodPublic <= 2.4918481128777863,0.0,205.0
OWN_COMMIT,0.0,-0.00840450027508383,0.0823678792991347,1.0,1,OWN_COMMIT <= 0.0823678792991347,0.0,1.0
CountLineComment,73.0,0.0023698791181781882,15.0,48.501646395712186,-1,48.501646395712186 < CountLineComment <= 78.53844352964126,15.0,3419.0
