feature,value,importance,left,right,rec,rule,min,max
MAJOR_LINE,0.0,-0.07378718699642017,0.5034576428756157,12.0,1,MAJOR_LINE <= 0.5034576428756157,0.0,12.0
CountClassCoupled,12.0,-0.024654574871563924,16.508344142878215,128.0,1,11.482558914251676 < CountClassCoupled <= 16.508344142878215,0.0,128.0
CountLineComment,80.0,0.018439818748684427,15.0,78.53844352964126,-1,78.53844352964126 < CountLineComment <= 252.3227698045165,15.0,3419.0
OWN_COMMIT,1.0,-0.00872568216460234,1.0,1.0,1,OWN_COMMIT > 0.9396574894715668,0.0,1.0
CountDeclMethodPublic,7.0,0.005134926668576042,0.0,6.460095965982637,-1,6.460095965982637 < CountDeclMethodPublic <= 10.42834381908749,0.0,205.0
