feature,value,importance,left,right,rec,rule,min,max
CountDeclMethodPublic,5.0,-0.055629060840862866,6.460095965982637,205.0,1,2.4918481128777863 < CountDeclMethodPublic <= 6.460095965982637,0.0,205.0
MAJOR_LINE,2.0,0.02427013768985078,0.0,1.505625548552707,-1,1.505625548552707 < MAJOR_LINE <= 2.492835724294319,0.0,12.0
OWN_COMMIT,1.0,-0.023168786017517425,1.0,1.0,1,OWN_COMMIT > 0.9396574894715668,0.0,1.0
CountClassCoupled,14.0,-0.016827330894867796,16.508344142878215,128.0,1,11.482558914251676 < CountClassCoupled <= 16.508344142878215,0.0,128.0
