feature,value,importance,left,right,rec,rule,min,max
CountLineComment,581.0,0.2675619818884967,15.0,430.39806709852445,-1,CountLineComment > 430.39806709852445,15.0,3419.0
MAJOR_LINE,0.0,-0.06696229770153742,0.5034576428756157,12.0,1,MAJOR_LINE <= 0.5034576428756157,0.0,12.0
CountDeclMethodPublic,27.0,0.020392464280767127,0.0,23.55408671781892,-1,23.55408671781892 < CountDeclMethodPublic <= 46.44782433188537,0.0,205.0
OWN_COMMIT,0.0,-0.01993033895841954,0.0823678792991347,1.0,1,OWN_COMMIT <= 0.0823678792991347,0.0,1.0
CountClassCoupled,12.0,-0.005902012060015225,16.508344142878215,128.0,1,11.482558914251676 < CountClassCoupled <= 16.508344142878215,0.0,128.0
