feature,value,importance,left,right,rec,rule,min,max
MAJOR_LINE,6.0,0.3860337862729976,0.0,4.497171535648503,-1,4.497171535648503 < MAJOR_LINE <= 7.503675252679776,0.0,12.0
CountLineComment,851.0,0.288375932176279,15.0,430.39806709852445,-1,CountLineComment > 430.39806709852445,15.0,3419.0
CountDeclMethodPublic,90.0,0.03203033146367517,0.0,46.44782433188537,-1,CountDeclMethodPublic > 46.44782433188537,0.0,205.0
OWN_COMMIT,0.5,0.025202848982956723,0.0,0.4850342113498225,-1,0.4850342113498225 < OWN_COMMIT <= 0.9396574894715668,0.0,1.0
CountClassCoupled,25.0,-0.02209388233311486,42.45780664986833,128.0,1,24.508573690487815 < CountClassCoupled <= 42.45780664986833,0.0,128.0
