feature,value,importance,left,right,rec,rule,min,max
MAJOR_LINE,5.0,0.3421389351471409,0.0,4.497171535648503,-1,4.497171535648503 < MAJOR_LINE <= 7.503675252679776,0.0,12.0
CountLineComment,257.0,0.09368593806472687,15.0,254.46825531408285,-1,254.46825531408285 < CountLineComment <= 430.39806709852445,15.0,3419.0
CountDeclMethodPublic,28.0,0.03157185125781865,0.0,23.55408671781892,-1,23.55408671781892 < CountDeclMethodPublic <= 46.44782433188537,0.0,205.0
OWN_COMMIT,0.0,-0.012636093979563867,0.0823678792991347,1.0,1,OWN_COMMIT <= 0.0823678792991347,0.0,1.0
CountClassCoupled,13.0,0.0036448354530514756,0.0,11.482558914251676,-1,11.482558914251676 < CountClassCoupled <= 16.508344142878215,0.0,128.0
