feature,value,importance,left,right,rec,rule,min,max
MAJOR_LINE,3.0,0.08570281694810476,0.0,2.492835724294319,-1,2.492835724294319 < MAJOR_LINE <= 4.497171535648503,0.0,12.0
CountDeclMethodPublic,28.0,0.03830274263712883,0.0,23.55408671781892,-1,23.55408671781892 < CountDeclMethodPublic <= 46.44782433188537,0.0,205.0
OWN_COMMIT,0.0,-0.012711016531096018,0.0823678792991347,1.0,1,OWN_COMMIT <= 0.0823678792991347,0.0,1.0
CountClassCoupled,11.0,0.011839639043719213,0.0,9.533785050090364,-1,9.533785050090364 < CountClassCoupled <= 11.482558914251676,0.0,128.0
CountLineComment,198.0,0.011828134791512655,15.0,78.53844352964126,-1,78.53844352964126 < CountLineComment <= 252.3227698045165,15.0,3419.0
