feature,value,importance,left,right,rec,rule,min,max
MAJOR_LINE,1.0,-0.023546096908888876,1.505625548552707,12.0,1,0.5034576428756157 < MAJOR_LINE <= 1.505625548552707,0.0,12.0
CountDeclMethodPublic,0.0,0.017565505663530316,0.0,0.0,-1,CountDeclMethodPublic <= 2.4918481128777863,0.0,205.0
CountClassCoupled,19.0,0.014809622093601569,0.0,16.508344142878215,-1,16.508344142878215 < CountClassCoupled <= 24.508573690487815,0.0,128.0
OWN_COMMIT,1.0,-0.014794263832751283,1.0,1.0,1,OWN_COMMIT > 0.9396574894715668,0.0,1.0
CountLineComment,107.0,0.011978073018226815,15.0,78.53844352964126,-1,78.53844352964126 < CountLineComment <= 252.3227698045165,15.0,3419.0
