feature,value,importance,left,right,rec,rule,min,max
CountLineComment,667.0,0.28982630387102554,15.0,430.39806709852445,-1,CountLineComment > 430.39806709852445,15.0,3419.0
CountClassCoupled,57.0,-0.09023129656287406,128.0,128.0,1,CountClassCoupled > 42.45780664986833,0.0,128.0
MAJOR_LINE,4.0,0.06942350334349949,0.0,2.492835724294319,-1,2.492835724294319 < MAJOR_LINE <= 4.497171535648503,0.0,12.0
CountDeclMethodPublic,18.0,0.032560206248096114,0.0,13.480842167629682,-1,13.480842167629682 < CountDeclMethodPublic <= 21.569962791266494,0.0,205.0
OWN_COMMIT,0.75,0.024335517025084415,0.0,0.4850342113498225,-1,0.4850342113498225 < OWN_COMMIT <= 0.9396574894715668,0.0,1.0
