feature,value,importance,left,right,rec,rule,min,max
MAJOR_LINE,7.0,0.3339747521326905,0.0,4.497171535648503,-1,4.497171535648503 < MAJOR_LINE <= 7.503675252679776,0.0,12.0
CountLineComment,1553.0,0.30712508996568033,15.0,430.39806709852445,-1,CountLineComment > 430.39806709852445,15.0,3419.0
CountDeclMethodPublic,50.0,0.03781750663263176,0.0,46.44782433188537,-1,CountDeclMethodPublic > 46.44782433188537,0.0,205.0
OWN_COMMIT,1.0,-0.01684080515870379,1.0,1.0,1,OWN_COMMIT > 0.9396574894715668,0.0,1.0
