feature,value,importance,left,right,rec,rule,min,max
MAJOR_LINE,3.0,0.08689467399723455,0.0,2.492835724294319,-1,2.492835724294319 < MAJOR_LINE <= 4.497171535648503,0.0,12.0
CountLineComment,195.0,0.026754145046261873,15.0,78.53844352964126,-1,78.53844352964126 < CountLineComment <= 252.3227698045165,15.0,3419.0
OWN_COMMIT,0.0,-0.017818719126936774,0.0823678792991347,1.0,1,OWN_COMMIT <= 0.0823678792991347,0.0,1.0
CountClassCoupled,21.0,0.005126199051804705,0.0,16.508344142878215,-1,16.508344142878215 < CountClassCoupled <= 24.508573690487815,0.0,128.0
