"Rule ID","Antecedent","Consequent","Antecedent Coverage %","Antecedent Coverage","Support %","Support","Confidence","Leverage","Lift","p-value","Consequent Coverage %","Consequent Coverage"
"b'000000'","b'MAJOR_COMMIT <= 0.38'","b'target = 0'",0.20089,450,0.1933,433,0.96222,0.01698,1.09633,8.78499e-12,0.87768,1966
"b'000001'","b'3.65 < CountClassCoupled <= 7.1'","b'target = 0'",0.21384,479,0.20536,460,0.96033,0.01767,1.09418,5.09204e-12,0.87768,1966
"b'000002'","b'1.35 < CountClassCoupled <= 3.65'","b'target = 0'",0.19152,429,0.18348,411,0.95804,0.01539,1.09156,3.83549e-10,0.87768,1966
"b'000003'","b'MAJOR_LINE <= 0.045'","b'target = 0'",0.26384,591,0.24911,558,0.94416,0.01754,1.07575,6.49178e-10,0.87768,1966
"b'000004'","b'0.97 < MAJOR_COMMIT <= 1.355'","b'target = 0'",0.31786,712,0.29643,664,0.93258,0.01745,1.06256,1.14244e-08,0.87768,1966
