{
    "0": {
        "OWN_COMMIT": [
            0.0
        ]
    },
    "6": {
        "Added_lines": [
            6,
            5,
            4,
            3,
            2,
            1,
            0
        ]
    },
    "9": {
        "CountClassCoupled": [
            2,
            1
        ]
    },
    "10": {
        "CountClassCoupled": [
            0
        ]
    },
    "13": {
        "RatioCommentToCode": [
            1.5550000000000002,
            1.725,
            1.935,
            2.295,
            2.565,
            2.9050000000000002,
            3.6100000000000003,
            4.62,
            5.484999999999999,
            7.25
        ]
    },
    "14": {
        "PercentLackOfCohesion": [
            5,
            3,
            0
        ]
    },
    "26": {
        "Added_lines": [
            20.5,
            18.5,
            16.5,
            14.5,
            12.5,
            10.5,
            8.5,
            6.5,
            4.0,
            1.0
        ],
        "CountDeclClass": [
            1
        ]
    },
    "27": {
        "Added_lines": [
            29.0,
            26.0,
            23.0,
            20.0,
            17.0,
            14.0,
            11.0,
            8.0,
            5.0,
            1.5
        ],
        "CountDeclClass": [
            1
        ]
    },
    "30": {
        "Added_lines": [
            31.0,
            28.0,
            25.0,
            22.0,
            19.0,
            16.0,
            13.0,
            9.5,
            5.5,
            1.5
        ]
    },
    "33": {
        "RatioCommentToCode": [
            1.79,
            1.99,
            2.3099999999999996,
            2.5300000000000002,
            2.87,
            3.38,
            4.145,
            4.995,
            5.73,
            7.835
        ]
    },
    "37": {
        "CountClassCoupled": [
            1,
            0
        ]
    },
    "42": {
        "OWN_COMMIT": [
            0.0
        ]
    },
    "44": {
        "RatioCommentToCode": [
            1.4449999999999998,
            1.62,
            1.82,
            2.17,
            2.44,
            2.8,
            3.47,
            4.5,
            5.44,
            7.0
        ]
    },
    "48": {
        "MAJOR_LINE": [
            0
        ],
        "CountDeclClass": [
            1
        ]
    },
    "63": {
        "MINOR_LINE": [
            1
        ],
        "CountDeclClass": [
            1
        ]
    },
    "65": {
        "CountClassCoupled": [
            0
        ]
    },
    "72": {
        "CountClassCoupled": [
            2,
            1
        ]
    },
    "73": {
        "Added_lines": [
            28.0,
            25.0,
            22.0,
            19.0,
            16.0,
            13.0,
            10.0,
            7.0,
            4.0,
            1.0
        ],
        "AvgLineBlank": [
            0
        ]
    },
    "80": {
        "CountClassCoupled": [
            0
        ]
    },
    "85": {
        "Added_lines": [
            21.5,
            19.5,
            17.5,
            15.5,
            13.5,
            11.5,
            9.5,
            7.0,
            4.0,
            1.0
        ]
    },
    "86": {
        "CountClassCoupled": [
            3,
            2
        ]
    },
    "89": {
        "CountClassCoupled": [
            0
        ]
    },
    "90": {
        "CountClassCoupled": [
            3,
            2,
            1
        ]
    },
    "92": {
        "Added_lines": [
            23.5,
            21.5,
            19.5,
            17.5,
            15.5,
            13.0,
            10.0,
            7.0,
            4.0,
            1.0
        ]
    },
    "94": {
        "CountClassCoupled": [
            3,
            2,
            1
        ]
    },
    "95": {
        "CountDeclMethodPublic": [
            4,
            5,
            6
        ],
        "AvgLineBlank": [
            0
        ]
    },
    "101": {
        "CountClassCoupled": [
            0
        ]
    },
    "104": {
        "CountClassCoupled": [
            0
        ]
    },
    "110": {
        "CountClassCoupled": [
            2,
            1
        ]
    },
    "112": {
        "Added_lines": [
            28.0,
            25.0,
            22.0,
            19.0,
            16.0,
            13.0,
            10.0,
            7.0,
            4.0,
            1.0
        ],
        "AvgLineBlank": [
            0
        ]
    },
    "114": {
        "RatioCommentToCode": [
            1.78,
            1.98,
            2.3099999999999996,
            2.5300000000000002,
            2.87,
            3.38,
            4.145,
            4.995,
            5.73,
            7.835
        ]
    },
    "115": {
        "CountClassCoupled": [
            3,
            2,
            1
        ]
    },
    "116": {
        "CountDeclInstanceVariable": [
            0
        ],
        "AvgLineBlank": [
            0
        ]
    },
    "120": {
        "RatioCommentToCode": [
            1.71,
            1.88,
            2.22,
            2.45,
            2.79,
            3.29,
            4.14,
            4.995,
            5.73,
            7.835
        ]
    },
    "133": {
        "RatioCommentToCode": [
            1.8450000000000002,
            2.145,
            2.37,
            2.6550000000000002,
            2.93,
            3.585,
            4.36,
            5.2,
            5.83,
            8.17
        ]
    },
    "134": {
        "OWN_COMMIT": [
            0.0
        ]
    },
    "160": {
        "CountClassCoupled": [
            0
        ]
    },
    "161": {
        "AvgEssential": [
            3.5,
            5.5,
            7.5,
            9.0,
            10.0,
            11.0,
            12.0,
            14.0,
            17.0,
            55.0
        ]
    },
    "265": {
        "CountClassCoupled": [
            2,
            1
        ]
    },
    "291": {
        "CountClassCoupled": [
            3,
            2,
            1
        ]
    },
    "297": {
        "RatioCommentToCode": [
            1.4049999999999998,
            1.5750000000000002,
            1.7850000000000001,
            2.115,
            2.435,
            2.8,
            3.47,
            4.5,
            5.44,
            7.0
        ]
    },
    "324": {
        "CountClassCoupled": [
            3,
            2
        ]
    },
    "326": {
        "OWN_COMMIT": [
            0.0
        ]
    },
    "328": {
        "CountClassCoupled": [
            0
        ]
    },
    "332": {
        "CountClassCoupled": [
            0
        ]
    },
    "334": {
        "Added_lines": [
            30.0,
            27.0,
            24.0,
            21.0,
            18.0,
            15.0,
            12.0,
            9.0,
            5.5,
            1.5
        ],
        "AvgLineBlank": [
            0
        ]
    },
    "343": {
        "CountClassCoupled": [
            0
        ]
    },
    "347": {
        "OWN_COMMIT": [
            0.0
        ]
    },
    "350": {
        "RatioCommentToCode": [
            1.68,
            1.85,
            2.2,
            2.43,
            2.75,
            3.16,
            3.86,
            4.86,
            5.71,
            7.835
        ]
    },
    "354": {
        "RatioCommentToCode": [
            1.79,
            1.99,
            2.3099999999999996,
            2.5300000000000002,
            2.87,
            3.38,
            4.145,
            4.995,
            5.73,
            7.835
        ]
    },
    "364": {
        "MAJOR_LINE": [
            0
        ],
        "AvgLineBlank": [
            0
        ]
    },
    "365": {
        "CountClassCoupled": [
            0
        ]
    },
    "379": {
        "CountClassCoupled": [
            2
        ]
    },