feature,value,importance,left,right,rec,rule,min,max
CountDeclInstanceVariable,35.0,0.23687933505866995,0.0,21.48866785028532,-1,CountDeclInstanceVariable > 21.48866785028532,0.0,146.0
MAJOR_LINE,4.0,0.04140702198597865,0.0,2.4984912888350683,-1,MAJOR_LINE > 2.4984912888350683,0.0,4.0
PercentLackOfCohesion,93.0,-0.02353503949415956,98.81412948487389,100.0,1,87.34091357357666 < PercentLackOfCohesion <= 98.81412948487389,0.0,100.0
CountInput_Mean,2.73333333333333,0.023447535086494522,0.0,0.4907821800349863,-1,0.4907821800349863 < CountInput_Mean <= 3.058906243303005,0.0,53.0
