feature,value,importance,left,right,rec,rule,min,max
CountClassCoupled,12.0,0.059199247254030966,0.0,11.47998037051897,-1,11.47998037051897 < CountClassCoupled <= 13.494783233669544,0.0,71.0
CountDeclInstanceVariable,0.0,-0.01590487527414361,0.47979150471431,146.0,1,CountDeclInstanceVariable <= 0.47979150471431,0.0,146.0
CountInput_Mean,3.22222222222222,0.005515409256642527,0.0,3.058906243303005,-1,3.058906243303005 < CountInput_Mean <= 3.2586492260016287,0.0,53.0
PercentLackOfCohesion,77.0,-0.0013331019793238388,87.34091357357666,100.0,1,54.451027961191265 < PercentLackOfCohesion <= 87.34091357357666,0.0,100.0
