{
    "251": {
        "Del_lines": [
            37,
            36,
            35,
            34,
            33,
            32,
            31,
            30,
            29,
            28,
            27,
            26,
            25,
            24,
            23,
            22,
            21,
            20,
            19,
            18,
            17,
            16,
            15,
            14,
            13,
            12,
            11,
            10,
            9,
            8,
            7,
            6,
            5,
            4,
            3,
            2,
            1,
            0
        ],
        "MAJOR_LINE": [
            6,
            5,
            4,
            3,
            2,
            1,
            0
        ],
        "RatioCommentToCode": [
            0.27,
            0.22000000000000003,
            0.17
        ],
        "AvgLineComment": [
            8,
            9,
            10,
            11,
            12,
            13,
            14,
            15,
            16,
            17,
            18,
            19,
            20,
            21,
            22,
            23
        ],
        "OWN_COMMIT": [
            0.88,
            0.93,
            0.9800000000000001,
            1.0300000000000002
        ]
    },
    "302": {
        "MAJOR_LINE": [
            6,
            5,
            4,
            3,
            2,
            1,
            0
        ],
        "Del_lines": [
            37,
            36,
            35,
            34,
            33,
            32,
            31,
            30,
            29,
            28,
            27,
            26,
            25,
            24,
            23,
            22,
            21,
            20,
            19,
            18,
            17,
            16,
            15,
            14,
            13,
            12,
            11,
            10,
            9,
            8,
            7,
            6,
            5,
            4,
            3,
            2,
            1,
            0
        ],
        "RatioCommentToCode": [
            0.27,
            0.22000000000000003,
            0.17
        ],
        "AvgLineComment": [
            8,
            9,
            10,
            11,
            12,
            13,
            14,
            15,
            16,
            17,
            18,
            19,
            20,
            21,
            22,
            23
        ],
        "OWN_COMMIT": [
            0.35384615384615403,
            0.30384615384615404,
            0.25384615384615405,
            0.203846153846154,
            0.153846153846154
        ]
    },
    "352": {
        "Del_lines": [
            5,
            4,
            3,
            2,
            1,
            0
        ],
        "RatioCommentToCode": [
            0.27,
            0.22000000000000003,
            0.17
        ],
        "MAJOR_LINE": [
            2,
            1,
            0
        ],
        "AvgLineComment": [
            8,
            9,
            10,
            11,
            12,
            13,
            14,
            15,
            16,
            17,
            18,
            19,
            20,
            21,
            22,
            23
        ],
        "OWN_COMMIT": [
            0.88,
            0.93,
            0.9800000000000001,
            1.0300000000000002
        ]
    },
    "507": {
        "Del_lines": [
            37,
            36,
            35,
            34,
            33,
            32,
            31,
            30,
            29,
            28,
            27,
            26,
            25,
            24,
            23,
            22,
            21,
            20,
            19,
            18,
            17,
            16,
            15,
            14,
            13,
            12,
            11,
            10,
            9,
            8,
            7,
            6,
            5,
            4,
            3,
            2,
            1,
            0
        ],
        "RatioCommentToCode": [
            0.27,
            0.22000000000000003,
            0.17
        ],
        "AvgLineComment": [
            2,
            1,
            0
        ],
        "OWN_COMMIT": [
            0.49,
            0.54,
            0.5900000000000001,
            0.6400000000000001,
            0.6900000000000002,
            0.7400000000000002,
            0.7900000000000003,
            0.8400000000000003,
            0.8900000000000003,
            0.9400000000000004,
            0.9900000000000004,
            1.0400000000000005
        ]
    },
    "531": {
        "Del_lines": [
            37,
            36,
            35,
            34,
            33,
            32,
            31,
            30,
            29,
            28,
            27,
            26,
            25,
            24,
            23,
            22,
            21,
            20,
            19,
            18,
            17,
            16,
            15,
            14,
            13,
            12,
            11,
            10,
            9,
            8,
            7,
            6,
            5,
            4,
            3,
            2,
            1,
            0
        ],
        "RatioCommentToCode": [
            0.27,
            0.22000000000000003,
            0.17
        ],
        "MAJOR_LINE": [
            4,
            3,
            2,
            1,
            0
        ],
        "AvgLineComment": [
            2,
            1,
            0
        ],
        "OWN_COMMIT": [
            0.503846153846154,
            0.4538461538461541,
            0.4038461538461541,
            0.35384615384615403,
            0.30384615384615404,
            0.25384615384615405,
            0.203846153846154,
            0.153846153846154
        ]
    },
    "1923": {
        "Del_lines": [
            5,
            4,
            3,
            2,
            1,
            0
        ],
        "RatioCommentToCode": [
            0.27,
            0.22000000000000003,
            0.17
        ],
        "MAJOR_LINE": [
            2,
            3,
            4,
            5,
            6,
            7,
            8
        ],
        "AvgLineComment": [
            8,
            9,
            10,
            11,
            12,
            13,
            14,
            15,
            16,
            17,
            18,
            19,
            20,
            21,
            22,
            23
        ],
        "OWN_COMMIT": [
            0.503846153846154,
            0.4538461538461541,
            0.4038461538461541,
            0.35384615384615403,
            0.30384615384615404,
            0.25384615384615405,
            0.203846153846154,
            0.153846153846154
        ]
    },
    "1956": {
        "Del_lines": [
            37,
            36,
            35,
            34,
            33,
            32,
            31,
            30,
            29,
            28,
            27,
            26,
            25,
            24,
            23,
            22,
            21,
            20,
            19,
            18,
            17,
            16,
            15,
            14,
            13,
            12,
            11,
            10,
            9,
            8,
            7,
            6,
            5,
            4,
            3,
            2,
            1,
            0
        ],
        "RatioCommentToCode": [
            0.27,
            0.22000000000000003,
            0.17
        ],
        "AvgLineComment": [
            8,
            9,
            10,
            11,
            12,
            13,
            14,
            15,
            16,
            17,
            18,
            19,
            20,
            21,
            22,
            23
        ],