Antecedent,Antecedent Coverage %,Confidence,Lift
0.989 < AvgEssential <= 1.033,0.71203,1.0,1.01656
-0.0465 < OWN_COMMIT <= 0.004,0.60949,1.0,1.01656
-0.18 < CountDeclClassVariable <= 0.115,0.55391,1.0,1.01656
-0.335 < CountDeclMethodPrivate <= 0.1,0.51653,1.0,1.01656
0.75 < CountDeclInstanceMethod <= 5.2,0.32726,1.0,1.01656
-0.225 < CountClassDerived <= 0.05,0.5103,0.99906,1.01561
-0.01 < CountDeclMethodDefault <= 0.27,0.70196,0.99863,1.01517
0.72 < CountDeclClass <= 1.025,0.60086,0.99761,1.01413
0.919 < CountClassBase <= 1.011,0.48059,0.99701,1.01352
