feature,value,importance,min,max,rule,importance_ratio
OWN_COMMIT,1.0,0.12272365833395278,0.0,1.0,OWN_COMMIT > 0.9158840980681497,0.2595986627993161
OWN_LINE,0.440217391304348,0.06102256728251821,0.282051282051282,1.0,OWN_LINE <= 0.4929700565327333,0.12908168711867954
CountDeclMethodPrivate,0.0,-0.052231936790323646,0.0,21.0,CountDeclMethodPrivate <= 0.5047804236063558,0.110486772723879
CountOutput_Mean,3.5,-0.042011565040012355,0.0,40.0,2.0678217985545446 < CountOutput_Mean <= 14.196423099739473,0.08886751140367859
MAJOR_LINE,3.0,0.024453925631688606,0.0,5.0,2.4961209246704383 < MAJOR_LINE <= 4.499384532543117,0.05172764958575216
