feature,value,importance,min,max,rule,importance_ratio
CountClassCoupled,15.0,0.12751959163116966,0.0,71.0,14.476416159221149 < CountClassCoupled <= 58.969614743832466,0.2099760934646521
OWN_COMMIT,1.0,0.12489229389892907,0.0,1.0,OWN_COMMIT > 0.9158840980681497,0.20564993693350483
CountDeclMethodPrivate,6.0,0.05312692882959435,0.0,21.0,2.499672369918615 < CountDeclMethodPrivate <= 13.001353544433867,0.08747977334869467
CountDeclInstanceVariable,27.0,0.05192619613945697,0.0,74.0,21.509667398160907 < CountDeclInstanceVariable <= 37.492663687704365,0.08550262492510512
CountOutput_Mean,4.85714285714286,-0.041759884815892184,0.0,40.0,2.0678217985545446 < CountOutput_Mean <= 14.196423099739473,0.0687625906342032
