feature,value,importance,min,max,rule,importance_ratio
OWN_COMMIT,1.0,0.12231147886286288,0.0,1.0,OWN_COMMIT > 0.9158840980681497,0.22541340552985697
OWN_LINE,0.48590021691974,0.06346325237132198,0.282051282051282,1.0,OWN_LINE <= 0.4929700565327333,0.1169593236548135
CountClassCoupled,14.0,0.05339391619346307,0.0,71.0,7.4740046828129625 < CountClassCoupled <= 14.476416159221149,0.09840208454382983
CountDeclMethodPrivate,1.0,0.04325293516613644,0.0,21.0,0.5047804236063558 < CountDeclMethodPrivate <= 1.5022263967624856,0.07971280787057207
CountOutput_Mean,6.4,-0.042162187622737365,0.0,40.0,2.0678217985545446 < CountOutput_Mean <= 14.196423099739473,0.07770261945149014
