feature,value,importance,min,max,rule,importance_ratio
OWN_COMMIT,1.0,0.12407307392921206,0.0,1.0,OWN_COMMIT > 0.9158840980681497,0.22666493459632475
CountDeclMethodPublic,58.0,0.1017742769484945,0.0,165.0,38.50213057878183 < CountDeclMethodPublic <= 59.45821356470026,0.18592801078886953
CountDeclMethodPrivate,0.0,-0.05290320489792551,0.0,21.0,CountDeclMethodPrivate <= 0.5047804236063558,0.09664708948023404
CountClassCoupled,9.0,0.05087398708582309,0.0,71.0,7.4740046828129625 < CountClassCoupled <= 14.476416159221149,0.09293997956431214
OWN_LINE,0.85337552742616,0.04221778919906163,0.282051282051282,1.0,0.4971134892157368 < OWN_LINE <= 0.8679507143445468,0.07712626216600661
