feature,value,importance,min,max,rule,importance_ratio
OWN_COMMIT,1.0,0.12341880401146714,0.0,1.0,OWN_COMMIT > 0.9158840980681497,0.2460774045884148
CountClassCoupled,11.0,0.052728186620111604,0.0,71.0,7.4740046828129625 < CountClassCoupled <= 14.476416159221149,0.10513159170562926
CountDeclMethodPrivate,1.0,0.04489985518953044,0.0,21.0,0.5047804236063558 < CountDeclMethodPrivate <= 1.5022263967624856,0.0895231477887984
OWN_LINE,0.555555555555556,0.041624468713625906,0.282051282051282,1.0,0.4971134892157368 < OWN_LINE <= 0.8679507143445468,0.0829925497209408
CountOutput_Mean,7.20689655172414,-0.040541792383667695,0.0,40.0,2.0678217985545446 < CountOutput_Mean <= 14.196423099739473,0.08083386585247071
