feature,value,importance,min,max,rule,importance_ratio
OWN_COMMIT,1.0,0.12339045882149456,0.0,1.0,OWN_COMMIT > 0.9158840980681497,0.2315158066009081
CountDeclMethodPublic,50.0,0.1066328090624167,0.0,165.0,38.50213057878183 < CountDeclMethodPublic <= 59.45821356470026,0.20007366076756603
CountClassCoupled,14.0,0.05245549251411244,0.0,71.0,7.4740046828129625 < CountClassCoupled <= 14.476416159221149,0.09842151310598021
CountDeclMethodPrivate,0.0,-0.052368738520624215,0.0,21.0,CountDeclMethodPrivate <= 0.5047804236063558,0.09825873779117784
OWN_LINE,0.724852071005917,0.04313145585099263,0.282051282051282,1.0,0.4971134892157368 < OWN_LINE <= 0.8679507143445468,0.08092695242879287
