feature,value,importance,min,max,rule,importance_ratio
CountClassCoupled,26.0,0.118534156106938,0.0,71.0,14.476416159221149 < CountClassCoupled <= 58.969614743832466,0.23005125573631066
OWN_COMMIT,0.5,0.06801270008922596,0.0,1.0,0.1650142457143403 < OWN_COMMIT <= 0.524282117653962,0.13199914333070203
OWN_LINE,0.252747252747253,0.066473494540081,0.282051282051282,1.0,OWN_LINE <= 0.4929700565327333,0.1290118510510182
CountDeclMethodPrivate,0.0,-0.04834355161230077,0.0,21.0,CountDeclMethodPrivate <= 0.5047804236063558,0.09382523249357304
CountOutput_Mean,5.5,-0.04349735844926085,0.0,40.0,2.0678217985545446 < CountOutput_Mean <= 14.196423099739473,0.08441973403376832
