feature,value,importance,min,max,rule,importance_ratio
CountClassCoupled,58.0,0.12063953005140073,0.0,71.0,14.476416159221149 < CountClassCoupled <= 58.969614743832466,0.15127976179952327
CountDeclInstanceVariable,44.0,0.10582270367353279,0.0,74.0,CountDeclInstanceVariable > 37.492663687704365,0.13269973281471434
CountDeclMethodPublic,82.0,0.10469343909987387,0.0,165.0,CountDeclMethodPublic > 59.45821356470026,0.13128365571594766
OWN_COMMIT,0.6,0.1013964409851558,0.0,1.0,0.524282117653962 < OWN_COMMIT <= 0.9158840980681497,0.12714928044744722
CountDeclMethodPrivate,16.0,0.08019037445189446,0.0,21.0,CountDeclMethodPrivate > 13.001353544433867,0.10055726129344549
