feature,value,importance,min,max,rule,importance_ratio
CountClassCoupled,38.0,0.12390537073897369,0.0,71.0,14.476416159221149 < CountClassCoupled <= 58.969614743832466,0.16836653087176529
OWN_COMMIT,0.666666666666667,0.10586371157214725,0.0,1.0,0.524282117653962 < OWN_COMMIT <= 0.9158840980681497,0.14385095461406971
CountDeclMethodPublic,48.0,0.10025163076253342,0.0,165.0,38.50213057878183 < CountDeclMethodPublic <= 59.45821356470026,0.13622508197229988
CountDeclMethodPrivate,16.0,0.08892457166844635,0.0,21.0,CountDeclMethodPrivate > 13.001353544433867,0.12083351635026947
OWN_LINE,0.310502283105023,0.06764733114011187,0.282051282051282,1.0,OWN_LINE <= 0.4929700565327333,0.09192132995419594
