feature,value,importance,min,max,rule,importance_ratio
OWN_COMMIT,1.0,0.1225182817530228,0.0,1.0,OWN_COMMIT > 0.9158840980681497,0.26129809084068756
CountDeclMethodPrivate,1.0,0.04612446290744169,0.0,21.0,0.5047804236063558 < CountDeclMethodPrivate <= 1.5022263967624856,0.09837090372408251
OWN_LINE,0.614107883817427,0.04120851491242619,0.282051282051282,1.0,0.4971134892157368 < OWN_LINE <= 0.8679507143445468,0.0878865269650364
CountOutput_Mean,3.86666666666667,-0.04064913974749381,0.0,40.0,2.0678217985545446 < CountOutput_Mean <= 14.196423099739473,0.08669353224972388
RatioCommentToCode,0.15,0.0346039382493518,0.03,8.5,0.04753367113528073 < RatioCommentToCode <= 0.16254030530342767,0.07380076565513524
