feature,value,importance,min,max,rule,importance_ratio
CountClassCoupled,34.0,0.13090037120877354,0.0,71.0,14.476416159221149 < CountClassCoupled <= 58.969614743832466,0.18324964781298902
OWN_COMMIT,1.0,0.12514274952660032,0.0,1.0,OWN_COMMIT > 0.9158840980681497,0.17518945565497046
CountDeclMethodPublic,50.0,0.10363069237250754,0.0,165.0,38.50213057878183 < CountDeclMethodPublic <= 59.45821356470026,0.14507436231476017
CountDeclMethodPrivate,4.0,0.05437219095353471,0.0,21.0,2.499672369918615 < CountDeclMethodPrivate <= 13.001353544433867,0.07611655147382815
CountDeclInstanceVariable,22.0,0.04574086648294129,0.0,74.0,21.509667398160907 < CountDeclInstanceVariable <= 37.492663687704365,0.06403341408628599
