feature,value,importance,min,max,rule,importance_ratio
CountClassCoupled,19.0,0.12886108632021936,0.0,71.0,14.476416159221149 < CountClassCoupled <= 58.969614743832466,0.16108582196474713
OWN_COMMIT,1.0,0.1222942609266722,0.0,1.0,OWN_COMMIT > 0.9158840980681497,0.1528768079293553
CountDeclMethodPublic,75.0,0.10738244786394746,0.0,165.0,CountDeclMethodPublic > 59.45821356470026,0.13423594641880973
CountDeclInstanceVariable,48.0,0.09788527338800224,0.0,74.0,CountDeclInstanceVariable > 37.492663687704365,0.1223637808140704
OWN_LINE,0.326880119136262,0.062386489102663645,0.282051282051282,1.0,OWN_LINE <= 0.4929700565327333,0.07798769328720498
