feature,value,importance,min,max,rule,importance_ratio
MAJOR_COMMIT,3.0,0.1361095840531548,0.0,10.0,2.504428889822858 < MAJOR_COMMIT <= 4.498890104152141,0.1628568976342249
RatioCommentToCode,0.11,0.09861209834588403,0.0,267.0,0.06654115773676095 < RatioCommentToCode <= 0.06654115773676095,0.11799066551801365
CountOutput_Mean,13.8888888888889,0.05814491097570936,0.0,28.0,CountOutput_Mean > 4.581772384689348,0.06957114651841254
MINOR_COMMIT,0.0,0.056740005963567985,0.0,11.0,MINOR_COMMIT <= 1.0001719310427806,0.06789015929521476
OWN_COMMIT,0.333333333333333,-0.054542659178292874,0.0,1.0,0.30578000733389993 < OWN_COMMIT <= 0.48027660302735486,0.0652610051253167
