feature,value,importance,min,max,rule,importance_ratio
MaxNesting_Min,0.0,-0.17142806100320018,0.0,6.0,MaxNesting_Min <= 0.5019345345682905,0.14372601414485406
MAJOR_COMMIT,3.0,0.11211441233613872,0.0,10.0,2.504428889822858 < MAJOR_COMMIT <= 4.498890104152141,0.09399719928562376
MaxNesting_Mean,1.44444444444444,0.09981211066996101,0.0,6.4,MaxNesting_Mean > 1.0140054051166967,0.08368289733913957
CountPath_Min,1.0,0.0906957971390444,0.0,576.0,0.4591410233064621 < CountPath_Min <= 1.4178638734662286,0.07603974137140691
OWN_COMMIT,0.6,0.08419709603260063,0.0,1.0,0.48027660302735486 < OWN_COMMIT <= 0.8170956133193726,0.07059120277345544
