feature,value,importance,min,max,rule,importance_ratio
CountClassCoupled,25.0,0.23407579903697068,0.0,230.0,23.495360010578608 < CountClassCoupled <= 42.555205635341274,0.20969868905036954
MAJOR_COMMIT,3.0,0.10502937054192711,0.0,10.0,2.504428889822858 < MAJOR_COMMIT <= 4.498890104152141,0.09409140716400584
MINOR_COMMIT,0.0,0.08524062901791918,0.0,11.0,MINOR_COMMIT <= 1.0001719310427806,0.07636350375573568
AvgLineBlank,0.0,0.07548836411594236,0.0,15.0,AvgLineBlank <= 0.5064697826602339,0.06762685873036306
CountClassDerived,0.0,-0.06990561863202747,0.0,48.0,CountClassDerived <= 5.5085274972528095,0.06262551124337266
