feature,value,importance,min,max,rule,importance_ratio
CountClassCoupled,26.0,0.20223362838514955,0.0,230.0,23.495360010578608 < CountClassCoupled <= 42.555205635341274,0.26790828568377417
RatioCommentToCode,0.1,0.13416105140167597,0.0,267.0,0.06654115773676095 < RatioCommentToCode <= 0.06654115773676095,0.17772937949816794
CountOutput_Mean,8.5,0.0753131959446338,0.0,28.0,CountOutput_Mean > 4.581772384689348,0.0997708906080956
MaxInheritanceTree,1.0,-0.038071745152417895,0.0,5.0,0.49691441763957456 < MaxInheritanceTree <= 1.5027366760509226,0.05043541006616685
CountPath_Min,1.0,0.03640557763335889,0.0,576.0,0.4591410233064621 < CountPath_Min <= 1.4178638734662286,0.04822816052385549
