feature,value,importance,min,max,rule,importance_ratio
MAJOR_COMMIT,4.0,0.14877089817272857,0.0,10.0,2.504428889822858 < MAJOR_COMMIT <= 4.498890104152141,0.2355011355388157
CountOutput_Mean,7.71428571428571,0.0756130975079426,0.0,28.0,CountOutput_Mean > 4.581772384689348,0.11969390884535172
CountClassCoupled,23.0,0.05984564980781224,0.0,230.0,16.502179241780798 < CountClassCoupled <= 23.495360010578608,0.09473437789180218
MaxNesting_Mean,2.22222222222222,0.04134397123235743,0.0,6.4,MaxNesting_Mean > 1.0140054051166967,0.06544661820620189
OWN_COMMIT,0.4,-0.039592490881446715,0.0,1.0,0.30578000733389993 < OWN_COMMIT <= 0.48027660302735486,0.06267406244039278
