feature,value,importance,min,max,rule,importance_ratio
MaxNesting_Mean,1.25641025641026,0.10315000489285481,0.0,6.4,MaxNesting_Mean > 1.0140054051166967,0.09542864897942448
CountClassCoupled,29.0,0.09844019012051598,0.0,230.0,23.495360010578608 < CountClassCoupled <= 42.555205635341274,0.09107139023634939
MaxInheritanceTree,3.0,0.08289737286206993,0.0,5.0,2.499812653954346 < MaxInheritanceTree <= 3.49688863185777,0.07669203995082814
CountOutput_Mean,6.77777777777778,0.08175794678086742,0.0,28.0,CountOutput_Mean > 4.581772384689348,0.07563790629708746
CountClassDerived,3.0,-0.08050157057835786,0.0,48.0,CountClassDerived <= 5.5085274972528095,0.07447557689400187
