feature,value,importance,min,max,rule,importance_ratio
MAJOR_COMMIT,5.0,0.21145277851728123,0.0,10.0,4.498890104152141 < MAJOR_COMMIT <= 5.496120711316784,0.23162325580022952
CountClassCoupled,26.0,0.1884203177827601,0.0,230.0,23.495360010578608 < CountClassCoupled <= 42.555205635341274,0.2063937289913173
MINOR_COMMIT,0.0,-0.07014935155760821,0.0,11.0,MINOR_COMMIT <= 1.0001719310427806,0.07684089712124643
CountOutput_Mean,10.4375,0.06806230983742026,0.0,28.0,CountOutput_Mean > 4.581772384689348,0.07455477252354419
CountClassDerived,0.0,-0.05150767253152327,0.0,48.0,CountClassDerived <= 5.5085274972528095,0.056420988620248594
