feature,value,importance,min,max,rule,importance_ratio
MAJOR_COMMIT,9.0,0.26469940835513467,0.0,10.0,MAJOR_COMMIT > 7.505691480300078,0.2616732536817672
CountClassCoupled,46.0,0.2026869222518084,0.0,230.0,CountClassCoupled > 42.555205635341274,0.2003697203327929
CountOutput_Mean,11.35,0.06679306045270317,0.0,28.0,CountOutput_Mean > 4.581772384689348,0.06602945416701672
CountLineComment,203.0,0.06615998036476961,0.0,4740.0,97.54858712745128 < CountLineComment <= 235.90883570083076,0.0654036117162151
MaxNesting_Mean,1.10416666666667,0.05251623767231632,0.0,6.4,MaxNesting_Mean > 1.0140054051166967,0.051915850013547774
