feature,value,importance,min,max,rule,importance_ratio
MAJOR_COMMIT,7.0,0.2424105666530316,0.0,10.0,5.496120711316784 < MAJOR_COMMIT <= 7.505691480300078,0.22694763175024385
CountClassCoupled,54.0,0.23248866072137023,0.0,230.0,CountClassCoupled > 42.555205635341274,0.2176586263874445
CountLineComment,406.0,0.15349548178804107,0.0,4740.0,274.975258827432 < CountLineComment <= 423.10211318246184,0.14370428053996281
CountOutput_Mean,11.8533333333333,0.0643876903589154,0.0,28.0,CountOutput_Mean > 4.581772384689348,0.060280515171350975
MAJOR_LINE,6.0,0.05953226460427036,0.0,21.0,5.505998299347475 < MAJOR_LINE <= 7.493770580251528,0.05573480830976417
