feature,value,importance,min,max,rule,importance_ratio
MAJOR_COMMIT,5.0,0.1788425368234762,0.0,10.0,4.498890104152141 < MAJOR_COMMIT <= 5.496120711316784,0.23139848176867236
RatioCommentToCode,0.08,0.11791103350497775,0.0,267.0,0.06654115773676095 < RatioCommentToCode <= 0.06654115773676095,0.152561211786867
CountOutput_Mean,2.19402985074627,-0.054395806810856845,0.0,28.0,CountOutput_Mean <= 3.873264548197767,0.07038094702849242
OWN_COMMIT,0.285714285714286,-0.042751189995988925,0.0,1.0,0.06229638543605576 < OWN_COMMIT <= 0.30578000733389993,0.05531435996482309
CountClassCoupled,14.0,0.041226697680136176,0.0,230.0,9.508998472982986 < CountClassCoupled <= 16.502179241780798,0.053341869450977804
