feature,value,importance,min,max,rule,importance_ratio
MAJOR_COMMIT,7.0,0.27213408370674474,0.0,10.0,5.496120711316784 < MAJOR_COMMIT <= 7.505691480300078,0.27635913179049393
CountLineComment,326.0,0.1274010787339325,0.0,4740.0,274.975258827432 < CountLineComment <= 423.10211318246184,0.1293790583983704
MAJOR_LINE,7.0,0.06784518427858358,0.0,21.0,5.505998299347475 < MAJOR_LINE <= 7.493770580251528,0.06889852225787446
CountDeclMethodDefault,45.0,0.0640078989997644,0.0,263.0,CountDeclMethodDefault > 43.47662776594204,0.0650016607782603
CountOutput_Mean,0.779661016949153,-0.05241632328762808,0.0,28.0,CountOutput_Mean <= 3.873264548197767,0.0532301187639133
