feature,value,importance,min,max,rule,importance_ratio
CountDeclClassVariable,24.0,0.12218459261110097,0.0,580.0,12.505090132945572 < CountDeclClassVariable <= 158.50090178774798,0.12294600090860665
CountClassDerived,0.0,-0.10875670874466807,0.0,48.0,CountClassDerived <= 5.5085274972528095,0.1094344395344344
MaxNesting_Mean,2.125,0.1033884152829084,0.0,6.4,MaxNesting_Mean > 1.0140054051166967,0.10403269289254882
OWN_COMMIT,0.5,0.09753638698629088,0.0,1.0,0.48027660302735486 < OWN_COMMIT <= 0.8170956133193726,0.098144196962762
CountLineComment,116.0,0.07406875360046297,0.0,4740.0,97.54858712745128 < CountLineComment <= 235.90883570083076,0.07453032213682335
