feature,value,importance,min,max,rule,importance_ratio
MAJOR_COMMIT,3.0,0.15793783124736274,0.0,10.0,2.504428889822858 < MAJOR_COMMIT <= 4.498890104152141,0.21595460651227688
CountClassCoupled,23.0,0.08457651865303265,0.0,230.0,16.502179241780798 < CountClassCoupled <= 23.495360010578608,0.11564479935961446
CountOutput_Mean,6.375,0.066395360554794,0.0,28.0,CountOutput_Mean > 4.581772384689348,0.09078498703958056
CountClassBase,3.0,0.06511779424962738,0.0,7.0,2.4973382875892316 < CountClassBase <= 3.5016059418631427,0.0890381203987851
MaxNesting_Mean,2.58333333333333,0.05367858039728758,0.0,6.4,MaxNesting_Mean > 1.0140054051166967,0.07339683352798619
