feature,value,importance,min,max,rule,importance_ratio
MAJOR_COMMIT,5.0,0.2412376519842267,0.0,10.0,4.498890104152141 < MAJOR_COMMIT <= 5.496120711316784,0.3234395475975911
CountOutput_Mean,5.70588235294118,0.06356472218504974,0.0,28.0,CountOutput_Mean > 4.581772384689348,0.0852244449305257
MINOR_COMMIT,0.0,0.052046864143245004,0.0,11.0,MINOR_COMMIT <= 1.0001719310427806,0.06978186884966506
CountClassBase,3.0,0.04957188215821501,0.0,7.0,2.4973382875892316 < CountClassBase <= 3.5016059418631427,0.06646353505323667
CountInput_Mean,2.88235294117647,0.04857784664054686,0.0,57.3076923076923,1.2494316508645946 < CountInput_Mean <= 3.650492018237092,0.06513078125014649
