feature,value,importance,min,max,rule,importance_ratio
CountDeclMethodDefault,63.0,0.19950581809195528,0.0,263.0,CountDeclMethodDefault > 43.47662776594204,0.22035395516404208
MAJOR_COMMIT,3.0,0.10422137286363362,0.0,10.0,2.504428889822858 < MAJOR_COMMIT <= 4.498890104152141,0.11511239092056373
MINOR_COMMIT,0.0,0.07494263308688029,0.0,11.0,MINOR_COMMIT <= 1.0001719310427806,0.08277405525832918
CountOutput_Mean,0.0158730158730159,-0.0676332428692019,0.0,28.0,CountOutput_Mean <= 3.873264548197767,0.07470084185680112
OWN_COMMIT,0.333333333333333,-0.056510232009935914,0.0,1.0,0.30578000733389993 < OWN_COMMIT <= 0.48027660302735486,0.06241548867957124
