feature,value,importance,min,max,rule,importance_ratio
CountClassCoupled,58.0,0.2189405870825722,0.0,230.0,CountClassCoupled > 42.555205635341274,0.21365368993007933
MAJOR_COMMIT,4.0,0.14865489277585822,0.0,10.0,2.504428889822858 < MAJOR_COMMIT <= 4.498890104152141,0.1450652288410282
MAJOR_LINE,14.0,0.137436709166079,0.0,21.0,MAJOR_LINE > 11.993562776583781,0.1341179378225816
CountOutput_Mean,7.76237623762376,0.07355659499847543,0.0,28.0,CountOutput_Mean > 4.581772384689348,0.07178037726823866
CountInput_Mean,8.4950495049505,-0.04223696643441599,0.0,57.3076923076923,CountInput_Mean > 4.730969183554715,0.041217043630025985
