feature,value,importance,min,max,rule,importance_ratio
AvgLineComment,20.0,0.21669075890353298,0.0,41.0,10.487645881505212 < AvgLineComment <= 37.51398548531001,0.16534344139160856
AvgEssential,6.0,0.14738969184733242,0.0,8.0,5.497231624692184 < AvgEssential <= 6.99744136470944,0.1124640432245462
CountOutput_Mean,8.66666666666667,0.11976625872077212,0.0,28.0,CountOutput_Mean > 4.581772384689348,0.09138629390423603
CountLineComment,161.0,0.07770100292213197,0.0,4740.0,97.54858712745128 < CountLineComment <= 235.90883570083076,0.05928887455899379
CountClassDerived,2.0,-0.07638981487654894,0.0,48.0,CountClassDerived <= 5.5085274972528095,0.05828838729841454
