feature,value,importance,min,max,rule,importance_ratio
MAJOR_COMMIT,3.0,0.14439285722020517,0.0,10.0,2.504428889822858 < MAJOR_COMMIT <= 4.498890104152141,0.17420544839852722
CountOutput_Mean,5.27941176470588,0.08617350015866475,0.0,28.0,CountOutput_Mean > 4.581772384689348,0.10396562215204996
CountClassCoupled,15.0,0.06366147401638302,0.0,230.0,9.508998472982986 < CountClassCoupled <= 16.502179241780798,0.07680556947371857
CountClassDerived,0.0,-0.05008215958775391,0.0,48.0,CountClassDerived <= 5.5085274972528095,0.06042255299682803
MINOR_COMMIT,0.0,0.04779780230421571,0.0,11.0,MINOR_COMMIT <= 1.0001719310427806,0.05766654766150644
