feature,value,importance,min,max,rule,importance_ratio
MAJOR_COMMIT,7.0,0.30439814793070086,0.0,10.0,5.496120711316784 < MAJOR_COMMIT <= 7.505691480300078,0.24858430292721947
CountClassCoupled,31.0,0.1853374741792898,0.0,230.0,23.495360010578608 < CountClassCoupled <= 42.555205635341274,0.15135435986830978
MAJOR_LINE,9.0,0.14801343213662008,0.0,21.0,7.493770580251528 < MAJOR_LINE <= 11.993562776583781,0.12087398067850094
CountLineComment,189.0,0.0725323803598143,0.0,4740.0,97.54858712745128 < CountLineComment <= 235.90883570083076,0.059232985923098246
MINOR_COMMIT,0.0,0.061670504927896774,0.0,11.0,MINOR_COMMIT <= 1.0001719310427806,0.05036272258187644
