feature,value,importance,min,max,rule,importance_ratio
MAJOR_COMMIT,6.0,0.2520000789841312,0.0,10.0,5.496120711316784 < MAJOR_COMMIT <= 7.505691480300078,0.2552482268475085
MAJOR_LINE,10.0,0.1853200536758754,0.0,21.0,7.493770580251528 < MAJOR_LINE <= 11.993562776583781,0.1877087312461954
CountLineComment,141.0,0.0825685036226091,0.0,4740.0,97.54858712745128 < CountLineComment <= 235.90883570083076,0.08363276800579973
CountClassCoupled,19.0,0.07727741905128602,0.0,230.0,16.502179241780798 < CountClassCoupled <= 23.495360010578608,0.078273484150117
CountOutput_Mean,5.42857142857143,0.061529958280469046,0.0,28.0,CountOutput_Mean > 4.581772384689348,0.0623230469307904
