feature,value,importance,min,max,rule,importance_ratio
MAJOR_COMMIT,9.0,0.27374640418393537,0.0,10.0,MAJOR_COMMIT > 7.505691480300078,0.23798797895619578
MAJOR_LINE,8.0,0.2220704081879304,0.0,21.0,7.493770580251528 < MAJOR_LINE <= 11.993562776583781,0.19306221679212274
CountClassCoupled,25.0,0.11019986705278279,0.0,230.0,23.495360010578608 < CountClassCoupled <= 42.555205635341274,0.09580488817493776
CountLineComment,400.0,0.06497423128898898,0.0,4740.0,274.975258827432 < CountLineComment <= 423.10211318246184,0.056486900840929284
CountOutput_Mean,5.14754098360656,0.06049701680562562,0.0,28.0,CountOutput_Mean > 4.581772384689348,0.05259452742537528
