feature,value,importance,min,max,rule,importance_ratio
CountClassCoupled,31.0,0.19319324145888545,0.0,230.0,23.495360010578608 < CountClassCoupled <= 42.555205635341274,0.22340581401729917
MAJOR_COMMIT,4.0,0.13997057795230866,0.0,10.0,2.504428889822858 < MAJOR_COMMIT <= 4.498890104152141,0.1618599111944718
RatioCommentToCode,0.08,0.11875221643089902,0.0,267.0,0.06654115773676095 < RatioCommentToCode <= 0.06654115773676095,0.13732331099040787
MAJOR_LINE,7.0,0.05834566902353723,0.0,21.0,5.505998299347475 < MAJOR_LINE <= 7.493770580251528,0.06747007081695067
CountPath_Min,1.0,0.0468327920852175,0.0,576.0,0.4591410233064621 < CountPath_Min <= 1.4178638734662286,0.054156749788411056
