"Rule ID","Antecedent","Consequent","Antecedent Coverage %","Antecedent Coverage","Support %","Support","Confidence","Leverage","Lift","p-value","Consequent Coverage %","Consequent Coverage"
"b'000000'","b'-0.0135 < OWN_COMMIT <= 0.0315'","b'target = 0'",0.39152,877,0.38884,871,0.99316,0.0183,1.04938,7.0312e-19,0.94643,2120
"b'000001'","b'RatioCommentToCode > 1.695'","b'target = 0'",0.19643,440,0.1942,435,0.98864,0.00829,1.0446,4.82238e-07,0.94643,2120
"b'000002'","b'PercentLackOfCohesion <= 3.5'","b'target = 0'",0.22679,508,0.22411,502,0.98819,0.00947,1.04412,6.09004e-08,0.94643,2120
"b'000003'","b'19.8 < CountLineComment <= 28.2'","b'target = 0'",0.24152,541,0.23839,534,0.98706,0.00981,1.04293,5.14449e-08,0.94643,2120
"b'000004'","b'MINOR_LINE <= 1.03'","b'target = 0'",0.26741,599,0.26295,589,0.98331,0.00986,1.03896,2.16988e-07,0.94643,2120
"b'000005'","b'-0.255 < CountDeclMethodPrivate <= 0.055'","b'target = 0'",0.53348,1195,0.52098,1167,0.97657,0.01608,1.03185,5.50089e-12,0.94643,2120
"b'000006'","b'-0.009 < CountDeclMethodProtected <= 0.078'","b'target = 0'",0.76875,1722,0.73929,1656,0.96167,0.01172,1.01611,4.37436e-08,0.94643,2120
