feature,value,importance,min,max,rule,importance_ratio
CountLineComment,103.0,0.07660770610596755,13.0,1888.0,86.27470257498175 < CountLineComment <= 123.15396487993283,0.12297635393798988
AvgLineComment,7.0,0.06637302434564603,0.0,493.0,6.433092498381765 < AvgLineComment <= 17.544175483966733,0.1065468860609724
CountInput_Min,2.0,0.0590125739222134,0.0,38.0,1.5033126286611387 < CountInput_Min <= 2.488642408739973,0.09473134683619762
CountInput_Mean,5.0,0.046107812976178185,0.0,54.5,3.084899543524737 < CountInput_Mean <= 6.486743381026955,0.07401567043427552
CountDeclInstanceVariable,4.0,0.039224065640215564,0.0,59.0,3.497316943077423 < CountDeclInstanceVariable <= 10.491748062684227,0.06296537025120959
