feature,value,importance,min,max,rule,importance_ratio
Added_lines,0.0,-0.44429195057530213,6.0,17843.0,Added_lines <= 6.5761356021680655,0.40068004719565325
MINOR_COMMIT,0.0,-0.10130457048422954,0.0,5.0,MINOR_COMMIT <= 0.5004848706369127,0.09136046698617116
CountDeclClass,1.0,-0.07132536728259022,1.0,13.0,CountDeclClass <= 1.5005966587345618,0.06432403623795073
MaxNesting_Mean,1.85714285714286,0.06306689424707396,0.0,5.0,0.7556304811597957 < MaxNesting_Mean <= 2.486347451800019,0.05687621873563061
AvgLineComment,7.0,0.05728002233860189,0.0,72.0,5.5024963826059325 < AvgLineComment <= 11.482862578537805,0.05165738885046302
