feature,value,importance,min,max,rule,importance_ratio
Added_lines,46.0,0.3952647672697449,6.0,17843.0,24.088365210503166 < Added_lines <= 251.74735011885954,0.33911043519373785
MINOR_COMMIT,0.0,-0.1281909968521003,0.0,5.0,MINOR_COMMIT <= 0.5004848706369127,0.10997920464985052
OWN_LINE,0.576555023923445,0.07426656473490229,0.281553398058252,1.0,0.571420709704031 < OWN_LINE <= 0.8116920473637016,0.06371568926205264
CountDeclClass,1.0,-0.07286261809241942,1.0,13.0,CountDeclClass <= 1.5005966587345618,0.06251119800367481
MaxNesting_Mean,0.962962962962963,0.06265145279248903,0.0,5.0,0.7556304811597957 < MaxNesting_Mean <= 2.486347451800019,0.05375070884443869
