feature,value,importance,min,max,rule,importance_ratio
Added_lines,147.0,0.400306168538593,6.0,17843.0,24.088365210503166 < Added_lines <= 251.74735011885954,0.3068144465243559
MAJOR_LINE,3.0,0.2007487546834065,0.0,10.0,2.503347321568387 < MAJOR_LINE <= 5.505000175998428,0.1538637745291327
MINOR_COMMIT,0.0,-0.15020568685322844,0.0,5.0,MINOR_COMMIT <= 0.5004848706369127,0.1151250675075245
CountDeclClass,1.0,-0.07274752069886647,1.0,13.0,CountDeclClass <= 1.5005966587345618,0.05575729792205288
OWN_LINE,0.810092961487384,0.07095991556470461,0.281553398058252,1.0,0.571420709704031 < OWN_LINE <= 0.8116920473637016,0.0543871889331151
