feature,value,importance,min,max,rule,importance_ratio
Added_lines,16.0,0.27744488629778924,6.0,17843.0,6.5761356021680655 < Added_lines <= 24.088365210503166,0.31216575346238606
OWN_LINE,0.972972972972973,-0.08081122347158566,0.281553398058252,1.0,OWN_LINE > 0.9680591083803126,0.0909243518590157
MINOR_COMMIT,0.0,-0.07642298789706047,0.0,5.0,MINOR_COMMIT <= 0.5004848706369127,0.08598695011854247
AvgLineComment,7.0,0.0585369804199,0.0,72.0,5.5024963826059325 < AvgLineComment <= 11.482862578537805,0.06586259650350106
CountDeclClass,1.0,-0.056984877712084825,1.0,13.0,CountDeclClass <= 1.5005966587345618,0.0641162557520046
