feature,value,importance,min,max,rule,importance_ratio
Added_lines,531.0,0.35577413673604447,6.0,17843.0,251.74735011885954 < Added_lines <= 987.2609936689339,0.24210549978025583
CountDeclInstanceVariable,41.0,0.15031576985784087,0.0,1095.0,CountDeclInstanceVariable > 21.376447020001596,0.10229038827880452
CountLineComment,630.0,0.12162385057460814,15.0,3202.0,442.57727842975316 < CountLineComment <= 1279.9881660055592,0.08276544045249432
CountClassCoupled,66.0,0.12152623715518247,0.0,126.0,CountClassCoupled > 45.50484901245065,0.08269901419140596
MINOR_COMMIT,0.0,-0.09085126989473438,0.0,5.0,MINOR_COMMIT <= 0.5004848706369127,0.06182459552942299
