feature,value,importance,min,max,rule,importance_ratio
Added_lines,19.0,0.2783751085656165,6.0,17843.0,6.5761356021680655 < Added_lines <= 24.088365210503166,0.21339254254910509
MAJOR_LINE,4.0,0.195743777877065,0.0,10.0,2.503347321568387 < MAJOR_LINE <= 5.505000175998428,0.15005027807473095
CountDeclInstanceVariable,25.0,0.15772981974624437,0.0,1095.0,CountDeclInstanceVariable > 21.376447020001596,0.12091011816715441
MINOR_COMMIT,0.0,-0.09772302701087385,0.0,5.0,MINOR_COMMIT <= 0.5004848706369127,0.07491102673258535
OWN_LINE,0.970948012232416,-0.0802217227327393,0.281553398058252,1.0,OWN_LINE > 0.9680591083803126,0.061495143979704944
