feature,value,importance,min,max,rule,importance_ratio
Added_lines,8.0,0.27836986418578363,6.0,17843.0,6.5761356021680655 < Added_lines <= 24.088365210503166,0.3297631674092248
MINOR_COMMIT,0.0,-0.09738280850475273,0.0,5.0,MINOR_COMMIT <= 0.5004848706369127,0.11536185311460621
MaxNesting_Mean,1.33333333333333,0.06326575535065024,0.0,5.0,0.7556304811597957 < MaxNesting_Mean <= 2.486347451800019,0.07494602885261958
MaxInheritanceTree,3.0,0.050813162514757496,0.0,7.0,2.505604438664319 < MaxInheritanceTree <= 3.4981638542906017,0.06019440885225631
CountDeclClass,1.0,-0.04666414407444707,1.0,13.0,CountDeclClass <= 1.5005966587345618,0.05527938880682885
