feature,value,importance,min,max,rule,importance_ratio
Added_lines,229.0,0.39254973373387386,6.0,17843.0,24.088365210503166 < Added_lines <= 251.74735011885954,0.2515687158246575
CountDeclInstanceVariable,46.0,0.16319299061856546,0.0,1095.0,CountDeclInstanceVariable > 21.376447020001596,0.10458356624266701
MINOR_COMMIT,0.0,-0.14097552511703715,0.0,5.0,MINOR_COMMIT <= 0.5004848706369127,0.09034532128976819
CountClassCoupled,80.0,0.11244202210618758,0.0,126.0,CountClassCoupled > 45.50484901245065,0.07205939190665264
CountLineComment,620.0,0.1088216916459956,15.0,3202.0,442.57727842975316 < CountLineComment <= 1279.9881660055592,0.06973927344403555
