feature,value,importance,min,max,rule,importance_ratio
Added_lines,21.0,0.28197928342081224,6.0,17843.0,6.5761356021680655 < Added_lines <= 24.088365210503166,0.2463522167085956
MAJOR_LINE,3.0,0.19654273898785213,0.0,10.0,2.503347321568387 < MAJOR_LINE <= 5.505000175998428,0.17171027190454452
MINOR_COMMIT,0.0,-0.09899717637525517,0.0,5.0,MINOR_COMMIT <= 0.5004848706369127,0.0864892397486527
MaxInheritanceTree,4.0,0.08274674994712646,0.0,7.0,3.4981638542906017 < MaxInheritanceTree <= 4.503613651938005,0.07229199616230357
CountDeclInstanceVariable,15.0,0.06593627172402687,0.0,1095.0,12.5006472789494 < CountDeclInstanceVariable <= 16.41644128235478,0.05760546130785512
