feature,value,importance,min,max,rule,importance_ratio
Added_lines,1.0,-0.44400354377438966,6.0,17843.0,Added_lines <= 6.5761356021680655,0.3866396945987517
MINOR_COMMIT,0.0,-0.09469582124392034,0.0,5.0,MINOR_COMMIT <= 0.5004848706369127,0.08246142157849869
CountDeclClass,1.0,-0.07539420591794851,1.0,13.0,CountDeclClass <= 1.5005966587345618,0.06565351371484351
OWN_LINE,0.980456026058632,-0.07473710107580127,0.281553398058252,1.0,OWN_LINE > 0.9680591083803126,0.06508130473352
MaxNesting_Mean,2.11111111111111,0.06283239739159176,0.0,5.0,0.7556304811597957 < MaxNesting_Mean <= 2.486347451800019,0.05471465099552591
