feature,value,importance,min,max,rule,importance_ratio
Added_lines,13.0,0.2761210104901646,6.0,17843.0,6.5761356021680655 < Added_lines <= 24.088365210503166,0.3196844407219789
MINOR_COMMIT,0.0,-0.09412651844562453,0.0,5.0,MINOR_COMMIT <= 0.5004848706369127,0.10897679735772349
OWN_LINE,0.7,0.06452767063258151,0.281553398058252,1.0,0.571420709704031 < OWN_LINE <= 0.8116920473637016,0.07470815879113867
MaxNesting_Mean,1.5,0.06107995951325049,0.0,5.0,0.7556304811597957 < MaxNesting_Mean <= 2.486347451800019,0.07071650455592593
CountDeclMethodDefault,0.0,-0.05052861608304415,0.0,98.0,CountDeclMethodDefault <= 0.5251436229312023,0.05850048261191241
