feature,value,importance,min,max,rule,importance_ratio
Added_lines,1.0,-0.4479577434445865,6.0,17843.0,Added_lines <= 6.5761356021680655,0.35716450482191503
MAJOR_LINE,3.0,0.20048103728457967,0.0,10.0,2.503347321568387 < MAJOR_LINE <= 5.505000175998428,0.15984702007230392
MINOR_COMMIT,0.0,-0.12166001720443301,0.0,5.0,MINOR_COMMIT <= 0.5004848706369127,0.0970016490111688
MaxInheritanceTree,4.0,0.09173837978114657,0.0,7.0,3.4981638542906017 < MaxInheritanceTree <= 4.503613651938005,0.07314460675630936
CountDeclClass,1.0,-0.06879691564117832,1.0,13.0,CountDeclClass <= 1.5005966587345618,0.05485297813876525
