feature,value,importance,min,max,rule,importance_ratio
Added_lines,14.0,0.28021362762406754,6.0,17843.0,6.5761356021680655 < Added_lines <= 24.088365210503166,0.23842585765395555
MAJOR_LINE,4.0,0.19777518382697035,0.0,10.0,2.503347321568387 < MAJOR_LINE <= 5.505000175998428,0.16828131531802776
CountLineComment,485.0,0.12430438411669982,15.0,3202.0,442.57727842975316 < CountLineComment <= 1279.9881660055592,0.10576708793382514
MINOR_COMMIT,0.0,-0.10622038718188963,0.0,5.0,MINOR_COMMIT <= 0.5004848706369127,0.09037992594762025
OWN_LINE,0.972681524083393,-0.07825142099274092,0.281553398058252,1.0,OWN_LINE > 0.9680591083803126,0.06658192294582226
