feature,value,importance,min,max,rule,importance_ratio
Added_lines,4.0,-0.44376759771532204,6.0,17843.0,Added_lines <= 6.5761356021680655,0.3631879262225594
MAJOR_LINE,3.0,0.20266762391554966,0.0,10.0,2.503347321568387 < MAJOR_LINE <= 5.505000175998428,0.16586707641859144
MINOR_COMMIT,0.0,-0.111767416435478,0.0,5.0,MINOR_COMMIT <= 0.5004848706369127,0.09147260053108855
CountDeclClass,1.0,-0.07469270638075678,1.0,13.0,CountDeclClass <= 1.5005966587345618,0.061129945660836495
OWN_LINE,0.974226804123711,-0.07364273739806879,0.281553398058252,1.0,OWN_LINE > 0.9680591083803126,0.06027063087673842
