feature,value,importance,min,max,rule,importance_ratio
Added_lines,11.0,0.281418441371822,6.0,17843.0,6.5761356021680655 < Added_lines <= 24.088365210503166,0.2319283265906108
MAJOR_LINE,3.0,0.19648564516100692,0.0,10.0,2.503347321568387 < MAJOR_LINE <= 5.505000175998428,0.16193177198739114
CountLineComment,459.0,0.12963610660478322,15.0,3202.0,442.57727842975316 < CountLineComment <= 1279.9881660055592,0.10683836185008412
MINOR_COMMIT,0.0,-0.11693766567774254,0.0,5.0,MINOR_COMMIT <= 0.5004848706369127,0.09637306277386956
OWN_LINE,0.978533094812165,-0.07706618095899533,0.281553398058252,1.0,OWN_LINE > 0.9680591083803126,0.06351335861082863
