feature,value,importance,min,max,rule,importance_ratio
Added_lines,179.0,0.3939528126410891,6.0,17843.0,24.088365210503166 < Added_lines <= 251.74735011885954,0.3096298871143496
MINOR_COMMIT,0.0,-0.12678447382159713,0.0,5.0,MINOR_COMMIT <= 0.5004848706369127,0.09964711777041624
CountLineComment,447.0,0.10793578318244464,15.0,3202.0,442.57727842975316 < CountLineComment <= 1279.9881660055592,0.08483286142400684
OWN_LINE,0.666131621187801,0.07456378056404597,0.281553398058252,1.0,0.571420709704031 < OWN_LINE <= 0.8116920473637016,0.058603909448155835
CountDeclClass,1.0,-0.07184351702115924,1.0,13.0,CountDeclClass <= 1.5005966587345618,0.05646589985239073
