feature,value,importance,min,max,rule,importance_ratio
Added_lines,59.0,0.40013013976916195,6.0,17843.0,24.088365210503166 < Added_lines <= 251.74735011885954,0.27185062979817143
MAJOR_LINE,4.0,0.19774049325695897,0.0,10.0,2.503347321568387 < MAJOR_LINE <= 5.505000175998428,0.13434598468267733
MINOR_COMMIT,0.0,-0.12774396471516775,0.0,5.0,MINOR_COMMIT <= 0.5004848706369127,0.08678995608970663
CountDeclInstanceVariable,19.0,0.12201224167720455,0.0,1095.0,16.41644128235478 < CountDeclInstanceVariable <= 21.376447020001596,0.08289579175957668
CountDeclClass,1.0,-0.07443349272846163,1.0,13.0,CountDeclClass <= 1.5005966587345618,0.05057052659912975
