feature,value,importance,min,max,rule,importance_ratio
Added_lines,22.0,0.2838416386724823,6.0,17843.0,6.5761356021680655 < Added_lines <= 24.088365210503166,0.2820725559319322
MAJOR_LINE,3.0,0.20013937560310474,0.0,10.0,2.503347321568387 < MAJOR_LINE <= 5.505000175998428,0.19889197893241237
MINOR_COMMIT,0.0,-0.11686342291468867,0.0,5.0,MINOR_COMMIT <= 0.5004848706369127,0.11613505527473668
CountDeclClass,1.0,-0.050027925810457036,1.0,13.0,CountDeclClass <= 1.5005966587345618,0.04971611976075014
CountDeclMethodDefault,2.0,0.04507020566983607,0.0,98.0,0.5251436229312023 < CountDeclMethodDefault <= 6.516059405237756,0.04478929930480641
