feature,value,importance,min,max,rule,importance_ratio
Added_lines,89.0,0.3979087470216663,6.0,17843.0,24.088365210503166 < Added_lines <= 251.74735011885954,0.23676118554658654
MAJOR_LINE,5.0,0.19748997031779644,0.0,10.0,2.503347321568387 < MAJOR_LINE <= 5.505000175998428,0.11750925270173988
CountDeclInstanceVariable,30.0,0.16332554660905463,0.0,1095.0,CountDeclInstanceVariable > 21.376447020001596,0.09718094999077388
MINOR_COMMIT,0.0,-0.15768187747318899,0.0,5.0,MINOR_COMMIT <= 0.5004848706369127,0.0938228891151544
CountLineComment,874.0,0.1079846106861034,15.0,3202.0,442.57727842975316 < CountLineComment <= 1279.9881660055592,0.06425233081251247
