feature,value,importance,min,max,rule,importance_ratio
Added_lines,11.0,0.2820054852973715,6.0,17843.0,6.5761356021680655 < Added_lines <= 24.088365210503166,0.3099445651746575
MAJOR_LINE,3.0,0.19632534620142106,0.0,10.0,2.503347321568387 < MAJOR_LINE <= 5.505000175998428,0.2157758527178929
MINOR_COMMIT,0.0,-0.1069026766220293,0.0,5.0,MINOR_COMMIT <= 0.5004848706369127,0.11749382671291866
CountDeclMethodDefault,0.0,-0.050341822115144375,0.0,98.0,CountDeclMethodDefault <= 0.5251436229312023,0.055329328609069486
CountDeclClass,1.0,-0.04859060552446961,1.0,13.0,CountDeclClass <= 1.5005966587345618,0.05340461404491489
