feature,value,importance,min,max,rule,importance_ratio
Added_lines,30.0,0.39486518406485943,6.0,17843.0,24.088365210503166 < Added_lines <= 251.74735011885954,0.38295430566929284
MINOR_COMMIT,0.0,-0.14118756927577703,0.0,5.0,MINOR_COMMIT <= 0.5004848706369127,0.13692872844484372
MaxInheritanceTree,4.0,0.09640240744769951,0.0,7.0,3.4981638542906017 < MaxInheritanceTree <= 4.503613651938005,0.09349448495038254
CountDeclClass,1.0,-0.07114774336782798,1.0,13.0,CountDeclClass <= 1.5005966587345618,0.06900161310977518
CountDeclMethodDefault,0.0,-0.04828094765313355,0.0,98.0,CountDeclMethodDefault <= 0.5251436229312023,0.04682458097527337
