feature,value,importance,min,max,rule,importance_ratio
Added_lines,0.0,-0.44646200799240926,6.0,17843.0,Added_lines <= 6.5761356021680655,0.4035978962231908
MINOR_COMMIT,0.0,-0.09089706418007287,0.0,5.0,MINOR_COMMIT <= 0.5004848706369127,0.08217018070788566
CountDeclClass,2.0,0.06453470416201301,1.0,13.0,1.5005966587345618 < CountDeclClass <= 2.498717478387095,0.05833882921033962
MaxNesting_Mean,0.761904761904762,0.06214851427836605,0.0,5.0,0.7556304811597957 < MaxNesting_Mean <= 2.486347451800019,0.05618173364612904
AvgLineComment,7.0,0.05759649245148555,0.0,72.0,5.5024963826059325 < AvgLineComment <= 11.482862578537805,0.052066744240530496
