feature,value,importance,min,max,rule,importance_ratio
Added_lines,79.0,0.39947217881136443,6.0,17843.0,24.088365210503166 < Added_lines <= 251.74735011885954,0.28555884790989083
MAJOR_LINE,3.0,0.19835498477278488,0.0,10.0,2.503347321568387 < MAJOR_LINE <= 5.505000175998428,0.14179215458117655
MINOR_COMMIT,2.0,0.12723637078741365,0.0,5.0,MINOR_COMMIT > 0.5004848706369127,0.09095369685668807
CountClassCoupled,46.0,0.11780573693519884,0.0,126.0,CountClassCoupled > 45.50484901245065,0.08421229888020935
CountDeclClass,1.0,-0.07190319693375559,1.0,13.0,CountDeclClass <= 1.5005966587345618,0.05139930930493405
