feature,value,importance,min,max,rule,importance_ratio
Added_lines,318.0,0.3414035628023957,6.0,17843.0,251.74735011885954 < Added_lines <= 987.2609936689339,0.2858487823159741
MAJOR_LINE,4.0,0.18623597661172414,0.0,10.0,2.503347321568387 < MAJOR_LINE <= 5.505000175998428,0.15593078965230417
MINOR_COMMIT,0.0,-0.08397815621211654,0.0,5.0,MINOR_COMMIT <= 0.5004848706369127,0.07031283885068385
OWN_LINE,0.584553928095872,0.0750221943352426,0.281553398058252,1.0,0.571420709704031 < OWN_LINE <= 0.8116920473637016,0.06281423287258965
CountDeclClass,1.0,-0.0591404324579139,1.0,13.0,CountDeclClass <= 1.5005966587345618,0.049516825380992106
