feature,value,importance,min,max,rule,importance_ratio
Added_lines,0.0,-0.44856039428786054,6.0,17843.0,Added_lines <= 6.5761356021680655,0.41863539299342106
MINOR_COMMIT,0.0,-0.07518260421258274,0.0,5.0,MINOR_COMMIT <= 0.5004848706369127,0.07016691500544099
CountDeclClass,1.0,-0.07157319446174383,1.0,13.0,CountDeclClass <= 1.5005966587345618,0.06679830134993613
OWN_LINE,0.793633369923161,0.07005546787541643,0.281553398058252,1.0,0.571420709704031 < OWN_LINE <= 0.8116920473637016,0.06538182750602385
MaxInheritanceTree,5.0,0.06308253573150269,0.0,7.0,MaxInheritanceTree > 4.503613651938005,0.058874083564389834
