feature,value,importance,min,max,rule,importance_ratio
Added_lines,281.0,0.33746178189728143,6.0,17843.0,251.74735011885954 < Added_lines <= 987.2609936689339,0.2507421010665086
OWN_LINE,0.429503916449086,0.2996125945289181,0.281553398058252,1.0,0.41251109484975157 < OWN_LINE <= 0.441750463982939,0.22261925790765832
MAJOR_LINE,4.0,0.18512718200826192,0.0,10.0,2.503347321568387 < MAJOR_LINE <= 5.505000175998428,0.1375538833473086
MINOR_COMMIT,0.0,-0.10878321004912042,0.0,5.0,MINOR_COMMIT <= 0.5004848706369127,0.08082850299409126
MaxNesting_Mean,1.4,0.0604130018482046,0.0,5.0,0.7556304811597957 < MaxNesting_Mean <= 2.486347451800019,0.04488829203113895
