feature,value,importance,min,max,rule,importance_ratio
Added_lines,103.0,0.39466665444838406,6.0,17843.0,24.088365210503166 < Added_lines <= 251.74735011885954,0.37223366146394493
MINOR_COMMIT,0.0,-0.12294258115894817,0.0,5.0,MINOR_COMMIT <= 0.5004848706369127,0.11595448112682796
OWN_LINE,0.700729927007299,0.0739412801204008,0.281553398058252,1.0,0.571420709704031 < OWN_LINE <= 0.8116920473637016,0.06973843146443882
CountDeclClass,2.0,0.07215199671307167,1.0,13.0,1.5005966587345618 < CountDeclClass <= 2.498717478387095,0.06805085156226112
MaxNesting_Mean,1.0,0.061583608491750895,0.0,5.0,0.7556304811597957 < MaxNesting_Mean <= 2.486347451800019,0.05808317428561612
