feature,value,importance,min,max,rule,importance_ratio
Added_lines,0.0,-0.445220194582886,6.0,17843.0,Added_lines <= 6.5761356021680655,0.425735097583464
MINOR_COMMIT,0.0,-0.10231721520765445,0.0,5.0,MINOR_COMMIT <= 0.5004848706369127,0.09783929419847902
MaxInheritanceTree,4.0,0.0973810146958527,0.0,7.0,3.4981638542906017 < MaxInheritanceTree <= 4.503613651938005,0.09311912689215925
OWN_LINE,0.809885931558935,0.06991818252909013,0.281553398058252,1.0,0.571420709704031 < OWN_LINE <= 0.8116920473637016,0.06685820774542388
CountDeclClass,2.0,0.06308514198325454,1.0,13.0,1.5005966587345618 < CountDeclClass <= 2.498717478387095,0.06032421575905745
