feature,value,importance,min,max,rule,importance_ratio
Added_lines,5.0,-0.44692583627757665,6.0,17843.0,Added_lines <= 6.5761356021680655,0.3546247495023869
MAJOR_LINE,3.0,0.1992672604494659,0.0,10.0,2.503347321568387 < MAJOR_LINE <= 5.505000175998428,0.15811371056434084
MINOR_COMMIT,0.0,-0.10823654921696803,0.0,5.0,MINOR_COMMIT <= 0.5004848706369127,0.08588306165685827
CountDeclClass,1.0,-0.06864385177000454,1.0,13.0,CountDeclClass <= 1.5005966587345618,0.054467221992729034
MaxInheritanceTree,5.0,0.06617515950013973,0.0,7.0,MaxInheritanceTree > 4.503613651938005,0.05250837489386596
