feature,value,importance,min,max,rule,importance_ratio
Added_lines,351.0,0.3659823792511369,6.0,17843.0,251.74735011885954 < Added_lines <= 987.2609936689339,0.3505373044431649
MaxInheritanceTree,4.0,0.09078912464353583,0.0,7.0,3.4981638542906017 < MaxInheritanceTree <= 4.503613651938005,0.08695767017641383
OWN_LINE,0.968188105117566,-0.08650996970719985,0.281553398058252,1.0,OWN_LINE > 0.9680591083803126,0.08285910280891612
MINOR_COMMIT,0.0,-0.07891662266171899,0.0,5.0,MINOR_COMMIT <= 0.5004848706369127,0.07558620783929837
CountDeclClass,1.0,-0.061114277540371964,1.0,13.0,CountDeclClass <= 1.5005966587345618,0.058535151762847855
