feature,value,importance,min,max,rule,importance_ratio
Added_lines,33.0,0.3979845645255956,6.0,17843.0,24.088365210503166 < Added_lines <= 251.74735011885954,0.3736590450544308
MINOR_COMMIT,0.0,-0.13526918503084667,0.0,5.0,MINOR_COMMIT <= 0.5004848706369127,0.1270012935405353
MaxInheritanceTree,4.0,0.09885104715330412,0.0,7.0,3.4981638542906017 < MaxInheritanceTree <= 4.503613651938005,0.09280909656876561
OWN_LINE,0.766721044045677,0.07254385902157423,0.281553398058252,1.0,0.571420709704031 < OWN_LINE <= 0.8116920473637016,0.06810985023722288
CountDeclClass,2.0,0.07112642356898906,1.0,13.0,1.5005966587345618 < CountDeclClass <= 2.498717478387095,0.06677905094285676
