feature,value,importance,min,max,rule,importance_ratio
Added_lines,227.0,0.39715593795175985,6.0,17843.0,24.088365210503166 < Added_lines <= 251.74735011885954,0.29698925604141835
MINOR_COMMIT,0.0,-0.11947682827683043,0.0,5.0,MINOR_COMMIT <= 0.5004848706369127,0.08934358259156662
MAJOR_LINE,8.0,0.11055806873251484,0.0,10.0,MAJOR_LINE > 5.505000175998428,0.08267422300565928
CountLineComment,754.0,0.1093786907240832,15.0,3202.0,442.57727842975316 < CountLineComment <= 1279.9881660055592,0.08179229587365637
CountDeclMethodPrivate,18.0,0.10295137331450338,0.0,151.0,15.520842865118082 < CountDeclMethodPrivate <= 29.521787640350414,0.07698601190958526
