feature,value,importance,min,max,rule,importance_ratio
Added_lines,336.0,0.341170395113586,6.0,17843.0,251.74735011885954 < Added_lines <= 987.2609936689339,0.24837003087654408
MAJOR_LINE,4.0,0.1898085312349723,0.0,10.0,2.503347321568387 < MAJOR_LINE <= 5.505000175998428,0.13817948872077923
CountLineComment,556.0,0.12108787776086186,15.0,3202.0,442.57727842975316 < CountLineComment <= 1279.9881660055592,0.08815125922115166
MINOR_COMMIT,0.0,-0.0863317019326739,0.0,5.0,MINOR_COMMIT <= 0.5004848706369127,0.06284896867298247
CountDeclInstanceVariable,15.0,0.07926008836704859,0.0,1095.0,12.5006472789494 < CountDeclInstanceVariable <= 16.41644128235478,0.057700875799752374
