feature,value,importance,min,max,rule,importance_ratio
Added_lines,65.0,0.39696668565133614,6.0,17843.0,24.088365210503166 < Added_lines <= 251.74735011885954,0.3536828267745002
MINOR_COMMIT,0.0,-0.12223334439172164,0.0,5.0,MINOR_COMMIT <= 0.5004848706369127,0.10890544807212488
CountDeclClass,2.0,0.07615523356581654,1.0,13.0,1.5005966587345618 < CountDeclClass <= 2.498717478387095,0.0678515332767437
CountDeclMethodPublic,62.0,0.06604369917160641,0.0,201.0,CountDeclMethodPublic > 61.45617024326406,0.05884252522433263
MaxNesting_Mean,1.04615384615385,0.06012759483783013,0.0,5.0,0.7556304811597957 < MaxNesting_Mean <= 2.486347451800019,0.05357149221351549
