feature,value,importance,min,max,rule,importance_ratio
Added_lines,0.0,-0.44514420155783124,6.0,17843.0,Added_lines <= 6.5761356021680655,0.34239959038405576
MAJOR_LINE,3.0,0.20189384991532475,0.0,10.0,2.503347321568387 < MAJOR_LINE <= 5.505000175998428,0.15529433219649916
CountDeclInstanceVariable,19.0,0.13045559635186568,0.0,1095.0,16.41644128235478 < CountDeclInstanceVariable <= 21.376447020001596,0.10034488284440443
MINOR_COMMIT,0.0,-0.09610942855228674,0.0,5.0,MINOR_COMMIT <= 0.5004848706369127,0.07392622177978299
CountDeclClass,1.0,-0.0706613960745673,1.0,13.0,CountDeclClass <= 1.5005966587345618,0.05435189987250487
