feature,value,importance,min,max,rule,importance_ratio
Added_lines,36.0,0.3993186690785647,6.0,17843.0,24.088365210503166 < Added_lines <= 251.74735011885954,0.2927733584048964
MAJOR_LINE,4.0,0.20379154804062394,0.0,10.0,2.503347321568387 < MAJOR_LINE <= 5.505000175998428,0.1494163447756243
MINOR_COMMIT,0.0,-0.12705943336197745,0.0,5.0,MINOR_COMMIT <= 0.5004848706369127,0.09315772064513808
CountDeclInstanceVariable,19.0,0.12083253753135657,0.0,1095.0,16.41644128235478 < CountDeclInstanceVariable <= 21.376447020001596,0.08859227117848759
CountDeclClass,1.0,-0.07711632708016954,1.0,13.0,CountDeclClass <= 1.5005966587345618,0.05654032184172591
