feature,value,importance,min,max,rule,importance_ratio
Added_lines,1604.0,0.3341390559500567,6.0,17843.0,Added_lines > 987.2609936689339,0.2901554698226856
CountLineComment,460.0,0.12319691349341788,15.0,3202.0,442.57727842975316 < CountLineComment <= 1279.9881660055592,0.1069801858802473
CountDeclInstanceVariable,18.0,0.11875073573303668,0.0,1095.0,16.41644128235478 < CountDeclInstanceVariable <= 21.376447020001596,0.1031192699711193
MINOR_COMMIT,0.0,-0.08369569828349821,0.0,5.0,MINOR_COMMIT <= 0.5004848706369127,0.0726786175550097
MAJOR_LINE,0.0,-0.07419401362977454,0.0,10.0,MAJOR_LINE <= 0.49445902988758095,0.06442766416984101
