feature,value,importance,min,max,rule,importance_ratio
Added_lines,244.0,0.3934940186444223,6.0,17843.0,24.088365210503166 < Added_lines <= 251.74735011885954,0.34332472466745495
MAJOR_LINE,4.0,0.200722583752441,0.0,10.0,2.503347321568387 < MAJOR_LINE <= 5.505000175998428,0.17513106308134171
MINOR_COMMIT,0.0,-0.15483346795809255,0.0,5.0,MINOR_COMMIT <= 0.5004848706369127,0.1350926703769169
CountDeclClass,1.0,-0.07100777809714826,1.0,13.0,CountDeclClass <= 1.5005966587345618,0.06195450174423313
MaxNesting_Mean,1.42857142857143,0.06158827194677182,0.0,5.0,0.7556304811597957 < MaxNesting_Mean <= 2.486347451800019,0.053735954060275266
