feature,value,importance,min,max,rule,importance_ratio
Added_lines,273.0,0.35102184473609155,6.0,17843.0,251.74735011885954 < Added_lines <= 987.2609936689339,0.3740160767655907
MINOR_COMMIT,0.0,-0.08664450318800697,0.0,5.0,MINOR_COMMIT <= 0.5004848706369127,0.09232028616351835
MaxNesting_Mean,1.33333333333333,0.06245760017883231,0.0,5.0,0.7556304811597957 < MaxNesting_Mean <= 2.486347451800019,0.06654898244479215
CountDeclClass,1.0,-0.05778933942110294,1.0,13.0,CountDeclClass <= 1.5005966587345618,0.061574920003642945
AvgLineComment,10.0,0.05437325624778585,0.0,72.0,5.5024963826059325 < AvgLineComment <= 11.482862578537805,0.05793506098760479
