feature,value,importance,min,max,rule,importance_ratio
Added_lines,305.0,0.3574161479497968,6.0,17843.0,251.74735011885954 < Added_lines <= 987.2609936689339,0.3763774311425839
MINOR_COMMIT,0.0,-0.08056031976973081,0.0,5.0,MINOR_COMMIT <= 0.5004848706369127,0.08483412509726712
MaxNesting_Mean,1.11111111111111,0.061426556336829245,0.0,5.0,0.7556304811597957 < MaxNesting_Mean <= 2.486347451800019,0.06468529642717319
CountDeclClass,1.0,-0.059476313309998405,1.0,13.0,CountDeclClass <= 1.5005966587345618,0.06263159106228455
AvgLineComment,9.0,0.05698975363239376,0.0,72.0,5.5024963826059325 < AvgLineComment <= 11.482862578537805,0.060013116913290525
