feature,value,importance,min,max,rule,importance_ratio
Added_lines,135.0,0.39123321275367884,6.0,17843.0,24.088365210503166 < Added_lines <= 251.74735011885954,0.37080048592306236
MINOR_COMMIT,0.0,-0.1421664408441462,0.0,5.0,MINOR_COMMIT <= 0.5004848706369127,0.1347415905104954
CountDeclClass,1.0,-0.07450406139358882,1.0,13.0,CountDeclClass <= 1.5005966587345618,0.07061297780303197
MAJOR_LINE,0.0,-0.06770226389201232,0.0,10.0,MAJOR_LINE <= 0.49445902988758095,0.06416641412562056
MaxNesting_Mean,1.2,0.06245363905346222,0.0,5.0,0.7556304811597957 < MaxNesting_Mean <= 2.486347451800019,0.05919190639693352
