feature,value,importance,min,max,rule,importance_ratio
Added_lines,22.0,0.2797070069136665,6.0,17843.0,6.5761356021680655 < Added_lines <= 24.088365210503166,0.25207618194151027
MAJOR_LINE,5.0,0.19401244519418698,0.0,10.0,2.503347321568387 < MAJOR_LINE <= 5.505000175998428,0.17484694778769813
MINOR_COMMIT,0.0,-0.10131675063204194,0.0,5.0,MINOR_COMMIT <= 0.5004848706369127,0.09130818690547922
OWN_LINE,0.710843373493976,0.063666896693522,0.281553398058252,1.0,0.571420709704031 < OWN_LINE <= 0.8116920473637016,0.05737756952052759
MaxNesting_Mean,1.6,0.060240645096117436,0.0,5.0,0.7556304811597957 < MaxNesting_Mean <= 2.486347451800019,0.054289779798794506
