feature,value,importance,min,max,rule,importance_ratio
Added_lines,1509.0,0.33932354139908144,6.0,17843.0,Added_lines > 987.2609936689339,0.32309059111174354
MaxInheritanceTree,4.0,0.09176621943415605,0.0,7.0,3.4981638542906017 < MaxInheritanceTree <= 4.503613651938005,0.08737620136470646
MAJOR_LINE,0.0,-0.07328409783682648,0.0,10.0,MAJOR_LINE <= 0.49445902988758095,0.06977824878157778
OWN_LINE,0.763105507631055,0.07199726152566198,0.281553398058252,1.0,0.571420709704031 < OWN_LINE <= 0.8116920473637016,0.06855297362759367
MINOR_COMMIT,0.0,-0.07093133901009793,0.0,5.0,MINOR_COMMIT <= 0.5004848706369127,0.06753804394068502
