feature,value,importance,min,max,rule,importance_ratio
Added_lines,3281.0,0.334287079058142,6.0,17843.0,Added_lines > 987.2609936689339,0.27317765129722815
CountLineComment,674.0,0.11076087944926534,15.0,3202.0,442.57727842975316 < CountLineComment <= 1279.9881660055592,0.09051321094675967
MaxInheritanceTree,4.0,0.08575698593268745,0.0,7.0,3.4981638542906017 < MaxInheritanceTree <= 4.503613651938005,0.07008016003916918
OWN_LINE,0.998748827025336,-0.0829480997421779,0.281553398058252,1.0,OWN_LINE > 0.9680591083803126,0.06778475294641954
MINOR_COMMIT,0.0,-0.07900292281007555,0.0,5.0,MINOR_COMMIT <= 0.5004848706369127,0.06456077500715772
