feature,value,importance,min,max,rule,importance_ratio
Added_lines,742.0,0.3451514273643683,6.0,17843.0,251.74735011885954 < Added_lines <= 987.2609936689339,0.2591589690705222
MAJOR_LINE,3.0,0.18226629192387958,0.0,10.0,2.503347321568387 < MAJOR_LINE <= 5.505000175998428,0.1368557119175219
MINOR_COMMIT,0.0,-0.11522331965607946,0.0,5.0,MINOR_COMMIT <= 0.5004848706369127,0.08651610385324893
CountDeclMethodPrivate,21.0,0.09369050989965604,0.0,151.0,15.520842865118082 < CountDeclMethodPrivate <= 29.521787640350414,0.070348067637147
MaxInheritanceTree,4.0,0.0849606238806926,0.0,7.0,3.4981638542906017 < MaxInheritanceTree <= 4.503613651938005,0.0637931816323172
