feature,value,importance,min,max,rule,importance_ratio
Added_lines,49.0,0.394254922337758,6.0,17843.0,24.088365210503166 < Added_lines <= 251.74735011885954,0.38181918988739827
MINOR_COMMIT,0.0,-0.13629909194054973,0.0,5.0,MINOR_COMMIT <= 0.5004848706369127,0.13199989630705156
MaxInheritanceTree,4.0,0.09828783684277871,0.0,7.0,3.4981638542906017 < MaxInheritanceTree <= 4.503613651938005,0.09518760607114037
CountDeclClass,2.0,0.07413915545026928,1.0,13.0,1.5005966587345618 < CountDeclClass <= 2.498717478387095,0.07180063118833166
MAJOR_LINE,0.0,-0.06739588469973012,0.0,10.0,MAJOR_LINE <= 0.49445902988758095,0.06527005914145562
