feature,value,importance,min,max,rule,importance_ratio
Added_lines,1606.0,0.31478118202786737,6.0,17843.0,Added_lines > 987.2609936689339,0.251816857097405
MAJOR_LINE,3.0,0.19180107050521625,0.0,10.0,2.503347321568387 < MAJOR_LINE <= 5.505000175998428,0.15343592794014438
CountLineComment,474.0,0.12017784888343959,15.0,3202.0,442.57727842975316 < CountLineComment <= 1279.9881660055592,0.09613919105200987
MINOR_COMMIT,0.0,-0.10343118418738566,0.0,5.0,MINOR_COMMIT <= 0.5004848706369127,0.08274228961254887
MaxInheritanceTree,4.0,0.08373801652617528,0.0,7.0,3.4981638542906017 < MaxInheritanceTree <= 4.503613651938005,0.06698826151343834
