feature,value,importance,min,max,rule,importance_ratio
Added_lines,138.0,0.3973311860601533,6.0,17843.0,24.088365210503166 < Added_lines <= 251.74735011885954,0.3113656817151138
MINOR_COMMIT,0.0,-0.12444797143671008,0.0,5.0,MINOR_COMMIT <= 0.5004848706369127,0.09752274380644244
MaxInheritanceTree,4.0,0.09628152262428677,0.0,7.0,3.4981638542906017 < MaxInheritanceTree <= 4.503613651938005,0.0754503119318241
CountLineComment,29.0,-0.08277465552057107,15.0,3202.0,21.724627237809756 < CountLineComment <= 32.460664258012386,0.06486575418470784
MaxNesting_Mean,0.0,-0.08072549924150796,0.0,5.0,MaxNesting_Mean <= 0.006994768278210439,0.06325994783434828
