feature,value,importance,min,max,rule,importance_ratio
Added_lines,307.0,0.36499824658323854,6.0,17843.0,251.74735011885954 < Added_lines <= 987.2609936689339,0.32829160456996326
MaxInheritanceTree,4.0,0.09097457205178278,0.0,7.0,3.4981638542906017 < MaxInheritanceTree <= 4.503613651938005,0.08182556632401373
OWN_LINE,0.996742671009772,-0.08559693571751761,0.281553398058252,1.0,OWN_LINE > 0.9680591083803126,0.07698874072965561
MINOR_COMMIT,0.0,-0.07715590001347808,0.0,5.0,MINOR_COMMIT <= 0.5004848706369127,0.06939659150304411
CountInput_Mean,0.777777777777778,-0.074278695689989,0.0,337.0,CountInput_Mean <= 0.8617895506076416,0.06680873790956539
