feature,value,importance,min,max,rule,importance_ratio
Added_lines,15.0,0.27905981653253403,6.0,17843.0,6.5761356021680655 < Added_lines <= 24.088365210503166,0.35469683676317526
MINOR_COMMIT,0.0,-0.09082574762058532,0.0,5.0,MINOR_COMMIT <= 0.5004848706369127,0.11544336901660747
CountDeclClass,1.0,-0.05168249268267489,1.0,13.0,CountDeclClass <= 1.5005966587345618,0.06569063542849264
CountDeclMethodDefault,0.0,-0.05159850809122923,0.0,98.0,CountDeclMethodDefault <= 0.5251436229312023,0.06558388745849549
OWN_LINE,0.857142857142857,0.044612431973146606,0.281553398058252,1.0,0.8116920473637016 < OWN_LINE <= 0.8930537701690927,0.05670428905819417
