feature,value,importance,min,max,rule,importance_ratio
Added_lines,29.0,0.39171820483241904,6.0,17843.0,24.088365210503166 < Added_lines <= 251.74735011885954,0.33329361976110367
MINOR_COMMIT,0.0,-0.13505072278511693,0.0,5.0,MINOR_COMMIT <= 0.5004848706369127,0.1149079713251044
CountDeclClass,3.0,0.1305432352757015,1.0,13.0,2.498717478387095 < CountDeclClass <= 3.5026413260608633,0.11107277344686503
OWN_LINE,1.0,-0.0774470561719159,0.281553398058252,1.0,OWN_LINE > 0.9680591083803126,0.0658958643559144
MAJOR_LINE,0.0,-0.06747224582394921,0.0,10.0,MAJOR_LINE <= 0.49445902988758095,0.057408792255891364
