feature,value,importance,min,max,rule,importance_ratio
Added_lines,38.0,0.38915647277824045,6.0,17843.0,24.088365210503166 < Added_lines <= 251.74735011885954,0.3346222308155608
MINOR_COMMIT,0.0,-0.11339635128804638,0.0,5.0,MINOR_COMMIT <= 0.5004848706369127,0.09750561198033542
CountLineComment,16.0,-0.08908159668776792,15.0,3202.0,CountLineComment <= 21.724627237809756,0.07659819299795986
MaxNesting_Mean,0.0,-0.08639538093647625,0.0,5.0,MaxNesting_Mean <= 0.006994768278210439,0.07428840870802636
CountDeclClass,1.0,-0.07569138311397426,1.0,13.0,CountDeclClass <= 1.5005966587345618,0.065084410109623
