feature,value,importance,min,max,rule,importance_ratio
Added_lines,89.0,0.3946034612311881,6.0,17843.0,24.088365210503166 < Added_lines <= 251.74735011885954,0.3780035016979825
MINOR_COMMIT,0.0,-0.13380722398033418,0.0,5.0,MINOR_COMMIT <= 0.5004848706369127,0.12817829590049967
CountDeclClass,2.0,0.0759823888095945,1.0,13.0,1.5005966587345618 < CountDeclClass <= 2.498717478387095,0.07278600382214354
MaxNesting_Mean,0.823529411764706,0.0609602444147552,0.0,5.0,0.7556304811597957 < MaxNesting_Mean <= 2.486347451800019,0.05839580266540524
MaxInheritanceTree,1.0,-0.04921239393990854,0.0,7.0,0.49470484336951337 < MaxInheritanceTree <= 1.5001546410169164,0.04714215424817903
