feature,value,importance,min,max,rule,importance_ratio
Added_lines,199.0,0.39543760320552646,6.0,17843.0,24.088365210503166 < Added_lines <= 251.74735011885954,0.27994008048263525
CountDeclInstanceVariable,36.0,0.171518361875845,0.0,1095.0,CountDeclInstanceVariable > 21.376447020001596,0.12142209956400721
MINOR_COMMIT,0.0,-0.14225582129068515,0.0,5.0,MINOR_COMMIT <= 0.5004848706369127,0.10070642179302292
MAJOR_LINE,8.0,0.09644437111577352,0.0,10.0,MAJOR_LINE > 5.505000175998428,0.06827536074816433
CountDeclClass,1.0,-0.07000888798341327,1.0,13.0,CountDeclClass <= 1.5005966587345618,0.049561027018440645
