feature,value,importance,min,max,rule,importance_ratio
Added_lines,11.0,0.2816948300078917,6.0,17843.0,6.5761356021680655 < Added_lines <= 24.088365210503166,0.21210285519767813
MAJOR_LINE,4.0,0.19776568516114354,0.0,10.0,2.503347321568387 < MAJOR_LINE <= 5.505000175998428,0.14890818720964277
CountLineComment,463.0,0.12163816935209641,15.0,3202.0,442.57727842975316 < CountLineComment <= 1279.9881660055592,0.09158777610464336
MINOR_COMMIT,0.0,-0.10471091100104385,0.0,5.0,MINOR_COMMIT <= 0.5004848706369127,0.07884235288609723
CountDeclMethodPublic,173.0,0.07003544118434248,0.0,201.0,CountDeclMethodPublic > 61.45617024326406,0.052733367665327546
