feature,value,importance,min,max,rule,importance_ratio
Added_lines,12.0,0.2812616717584733,6.0,17843.0,6.5761356021680655 < Added_lines <= 24.088365210503166,0.2320316488883668
MAJOR_LINE,5.0,0.19728072105015645,0.0,10.0,2.503347321568387 < MAJOR_LINE <= 5.505000175998428,0.16275012060108296
CountLineComment,508.0,0.13425332620877603,15.0,3202.0,442.57727842975316 < CountLineComment <= 1279.9881660055592,0.11075458826014618
MINOR_COMMIT,0.0,-0.10056312048757439,0.0,5.0,MINOR_COMMIT <= 0.5004848706369127,0.08296127416937475
MaxNesting_Mean,0.0,-0.08755479821425624,0.0,5.0,MaxNesting_Mean <= 0.006994768278210439,0.07222983519484853
