feature,value,importance,min,max,rule,importance_ratio
Added_lines,0.0,-0.4443543850444963,6.0,17843.0,Added_lines <= 6.5761356021680655,0.3959824396483745
MINOR_COMMIT,0.0,-0.09396957576614756,0.0,5.0,MINOR_COMMIT <= 0.5004848706369127,0.08374014776713805
MaxNesting_Mean,0.0,-0.08186251781965129,0.0,5.0,MaxNesting_Mean <= 0.006994768278210439,0.07295105126224419
CountDeclClass,1.0,-0.0754508039398989,1.0,13.0,CountDeclClass <= 1.5005966587345618,0.06723730973097192
MAJOR_LINE,0.0,-0.07130369949424625,0.0,10.0,MAJOR_LINE <= 0.49445902988758095,0.06354165466119756
