feature,value,importance,min,max,rule,importance_ratio
Added_lines,0.0,-0.44596420516960306,6.0,17843.0,Added_lines <= 6.5761356021680655,0.3689492455886724
MAJOR_LINE,3.0,0.2004223550809573,0.0,10.0,2.503347321568387 < MAJOR_LINE <= 5.505000175998428,0.16581078895805598
MINOR_COMMIT,0.0,-0.09314682228869668,0.0,5.0,MINOR_COMMIT <= 0.5004848706369127,0.07706100492824755
CountDeclClass,1.0,-0.07349952387090673,1.0,13.0,CountDeclClass <= 1.5005966587345618,0.06080666019593359
OWN_LINE,0.785249457700651,0.06898127683264173,0.281553398058252,1.0,0.571420709704031 < OWN_LINE <= 0.8116920473637016,0.05706868343271521
