feature,value,importance,min,max,rule,importance_ratio
Added_lines,255.0,0.343063841498157,6.0,17843.0,251.74735011885954 < Added_lines <= 987.2609936689339,0.2207292686822956
OWN_LINE,0.390789687043944,0.25980667279060493,0.281553398058252,1.0,OWN_LINE <= 0.41251109484975157,0.16716112264532773
CountDeclInstanceVariable,52.0,0.1497658990665636,0.0,1095.0,CountDeclInstanceVariable > 21.376447020001596,0.0963602495388214
CountLineComment,1014.0,0.1110896617394803,15.0,3202.0,442.57727842975316 < CountLineComment <= 1279.9881660055592,0.07147573374925556
MINOR_COMMIT,0.0,-0.09784725249737837,0.0,5.0,MINOR_COMMIT <= 0.5004848706369127,0.0629554907098371
