feature,value,importance,min,max,rule,importance_ratio
Added_lines,10.0,0.28005738074256104,6.0,17843.0,6.5761356021680655 < Added_lines <= 24.088365210503166,0.20532565729545788
MAJOR_LINE,3.0,0.1962451742160689,0.0,10.0,2.503347321568387 < MAJOR_LINE <= 5.505000175998428,0.14387826266223586
CountLineComment,601.0,0.1352183710645107,15.0,3202.0,442.57727842975316 < CountLineComment <= 1279.9881660055592,0.09913611576180269
MINOR_COMMIT,0.0,-0.10746562069598396,0.0,5.0,MINOR_COMMIT <= 0.5004848706369127,0.07878902940376578
MaxNesting_Mean,0.0,-0.08797494546285982,0.0,5.0,MaxNesting_Mean <= 0.006994768278210439,0.06449933029723788
