feature,value,importance,min,max,rule,importance_ratio
Added_lines,0.0,-0.4478233637013475,6.0,17843.0,Added_lines <= 6.5761356021680655,0.34012108564748084
MAJOR_LINE,4.0,0.2031470970631701,0.0,10.0,2.503347321568387 < MAJOR_LINE <= 5.505000175998428,0.1542898758746733
MINOR_COMMIT,0.0,-0.09423531302898648,0.0,5.0,MINOR_COMMIT <= 0.5004848706369127,0.0715715605118006
CountDeclClass,1.0,-0.07221114517851505,1.0,13.0,CountDeclClass <= 1.5005966587345618,0.054844242361467684
MaxNesting_Mean,2.2,0.05917202047784131,0.0,5.0,0.7556304811597957 < MaxNesting_Mean <= 2.486347451800019,0.04494104925329468
