feature,value,importance,min,max,rule,importance_ratio
Added_lines,2.0,-0.4456594555709361,6.0,17843.0,Added_lines <= 6.5761356021680655,0.35175541680646827
MAJOR_LINE,3.0,0.20253976587912823,0.0,10.0,2.503347321568387 < MAJOR_LINE <= 5.505000175998428,0.1598630049830889
MINOR_COMMIT,0.0,-0.11539574706396252,0.0,5.0,MINOR_COMMIT <= 0.5004848706369127,0.09108093320756884
CountDeclClass,1.0,-0.07403587435023458,1.0,13.0,CountDeclClass <= 1.5005966587345618,0.05843591898512487
OWN_LINE,0.990066225165563,-0.07335450456190744,0.281553398058252,1.0,OWN_LINE > 0.9680591083803126,0.05789811930221384
