feature,value,importance,min,max,rule,importance_ratio
Added_lines,73.0,0.39731655047306885,6.0,17843.0,24.088365210503166 < Added_lines <= 251.74735011885954,0.2696266568266468
MAJOR_LINE,3.0,0.19872901767987955,0.0,10.0,2.503347321568387 < MAJOR_LINE <= 5.505000175998428,0.13486133559669441
MINOR_COMMIT,0.0,-0.1419346063571914,0.0,5.0,MINOR_COMMIT <= 0.5004848706369127,0.09631955516207386
MaxNesting_Mean,0.0,-0.08579561523275754,0.0,5.0,MaxNesting_Mean <= 0.006994768278210439,0.05822255548642631
CountDeclClass,1.0,-0.07641711520046117,1.0,13.0,CountDeclClass <= 1.5005966587345618,0.05185812489136085
