feature,value,importance,min,max,rule,importance_ratio
Added_lines,49.0,0.3999224503586929,6.0,17843.0,24.088365210503166 < Added_lines <= 251.74735011885954,0.27819005315717205
MAJOR_LINE,3.0,0.20191282839994265,0.0,10.0,2.503347321568387 < MAJOR_LINE <= 5.505000175998428,0.14045258128248528
MINOR_COMMIT,0.0,-0.1485678637657185,0.0,5.0,MINOR_COMMIT <= 0.5004848706369127,0.10334529077165712
CountDeclInstanceVariable,19.0,0.1185563995872032,0.0,1095.0,16.41644128235478 < CountDeclInstanceVariable <= 21.376447020001596,0.08246901636481256
CountClassCoupled,43.0,0.11311446004545125,0.0,126.0,42.45816087256249 < CountClassCoupled <= 45.50484901245065,0.0786835488346945
