feature,value,importance,min,max,rule,importance_ratio
Added_lines,0.0,-0.4452098181664171,6.0,17843.0,Added_lines <= 6.5761356021680655,0.4651759921670964
MINOR_COMMIT,0.0,-0.09359085177262844,0.0,5.0,MINOR_COMMIT <= 0.5004848706369127,0.09778808901923738
CountDeclClass,1.0,-0.07348158288771488,1.0,13.0,CountDeclClass <= 1.5005966587345618,0.0767769865601313
MaxInheritanceTree,1.0,-0.04784497190385977,0.0,7.0,0.49470484336951337 < MaxInheritanceTree <= 1.5001546410169164,0.049990659162115605
RatioCommentToCode,1.47,-0.03643586749976755,0.05,29.08,1.3722017409114182 < RatioCommentToCode <= 6.2739448732744165,0.03806989451507952
