feature,value,importance,min,max,rule,importance_ratio
Added_lines,0.0,-0.44560745228151555,6.0,17843.0,Added_lines <= 6.5761356021680655,0.31511717650705207
MAJOR_LINE,6.0,0.14934085703936323,0.0,10.0,MAJOR_LINE > 5.505000175998428,0.10560835319616031
CountLineComment,870.0,0.12239377987593517,15.0,3202.0,442.57727842975316 < CountLineComment <= 1279.9881660055592,0.0865523728094307
MINOR_COMMIT,0.0,-0.09263287590437212,0.0,5.0,MINOR_COMMIT <= 0.5004848706369127,0.0655065577500099
OWN_LINE,0.633699633699634,0.07300328384943691,0.281553398058252,1.0,0.571420709704031 < OWN_LINE <= 0.8116920473637016,0.051625233295793556
