feature,value,importance,min,max,rule,importance_ratio
Added_lines,13.0,0.27958933633677757,6.0,17843.0,6.5761356021680655 < Added_lines <= 24.088365210503166,0.20634356300816917
CountDeclInstanceVariable,42.0,0.16148606191975434,0.0,1095.0,CountDeclInstanceVariable > 21.376447020001596,0.11918054468480373
CountLineComment,544.0,0.11798700540823615,15.0,3202.0,442.57727842975316 < CountLineComment <= 1279.9881660055592,0.08707720903659187
MINOR_COMMIT,0.0,-0.08955417935280083,0.0,5.0,MINOR_COMMIT <= 0.5004848706369127,0.06609310888620896
MAJOR_LINE,7.0,0.08873765046605897,0.0,10.0,MAJOR_LINE > 5.505000175998428,0.06549049119700476
