feature,value,importance,min,max,rule,importance_ratio
Added_lines,35.0,0.39634426649526855,6.0,17843.0,24.088365210503166 < Added_lines <= 251.74735011885954,0.3292742452647814
MINOR_COMMIT,0.0,-0.12209876170632283,0.0,5.0,MINOR_COMMIT <= 0.5004848706369127,0.10143701071829125
MAJOR_LINE,7.0,0.1009724596435665,0.0,10.0,MAJOR_LINE > 5.505000175998428,0.08388573584187539
OWN_LINE,0.806930693069307,0.0754499237662266,0.281553398058252,1.0,0.571420709704031 < OWN_LINE <= 0.8116920473637016,0.06268216498523799
CountDeclClass,1.0,-0.07190766410849642,1.0,13.0,CountDeclClass <= 1.5005966587345618,0.059739332266488636
