feature,value,importance,min,max,rule,importance_ratio
Added_lines,2.0,-0.44494512793414115,6.0,17843.0,Added_lines <= 6.5761356021680655,0.4252040209382126
MINOR_COMMIT,0.0,-0.10095538182665377,0.0,5.0,MINOR_COMMIT <= 0.5004848706369127,0.09647624300855262
CountDeclClass,1.0,-0.07486444704895284,1.0,13.0,CountDeclClass <= 1.5005966587345618,0.07154289801605015
OWN_LINE,0.973451327433628,-0.07325510834712573,0.281553398058252,1.0,OWN_LINE > 0.9680591083803126,0.07000496166366098
AvgLineComment,9.0,0.0574770026109733,0.0,72.0,5.5024963826059325 < AvgLineComment <= 11.482862578537805,0.054926891176746206
