feature,value,importance,min,max,rule,importance_ratio
Added_lines,8.0,0.27728260645399094,6.0,17843.0,6.5761356021680655 < Added_lines <= 24.088365210503166,0.29184204975479744
MINOR_COMMIT,0.0,-0.0931633622619918,0.0,5.0,MINOR_COMMIT <= 0.5004848706369127,0.09805514652466979
OWN_LINE,0.992094861660079,-0.07978913064578563,0.281553398058252,1.0,OWN_LINE > 0.9680591083803126,0.08397866614717928
MaxNesting_Mean,1.27272727272727,0.06197579096168576,0.0,5.0,0.7556304811597957 < MaxNesting_Mean <= 2.486347451800019,0.065229990805191
CountDeclClassVariable,15.0,0.05361054260815277,0.0,321.0,10.46165607230859 < CountDeclClassVariable <= 159.54725729738055,0.05642550336393456
