feature,value,importance,min,max,rule,importance_ratio
Added_lines,12.0,0.2775236732487897,6.0,17843.0,6.5761356021680655 < Added_lines <= 24.088365210503166,0.2842545141358424
MINOR_COMMIT,0.0,-0.09055108954722156,0.0,5.0,MINOR_COMMIT <= 0.5004848706369127,0.09274724445089794
MaxNesting_Mean,1.0,0.0626155151374713,0.0,5.0,0.7556304811597957 < MaxNesting_Mean <= 2.486347451800019,0.06413414259190593
AvgLineComment,8.0,0.055492675425510826,0.0,72.0,5.5024963826059325 < AvgLineComment <= 11.482862578537805,0.056838551127981564
CountDeclMethodDefault,0.0,-0.053192096636638056,0.0,98.0,CountDeclMethodDefault <= 0.5251436229312023,0.05448217591066447
