feature,value,importance,min,max,rule,importance_ratio
Added_lines,72.0,0.3947849837508966,6.0,17843.0,24.088365210503166 < Added_lines <= 251.74735011885954,0.27706738124329333
MAJOR_LINE,3.0,0.20229791781095768,0.0,10.0,2.503347321568387 < MAJOR_LINE <= 5.505000175998428,0.1419764089969031
MINOR_COMMIT,0.0,-0.15338036761417825,0.0,5.0,MINOR_COMMIT <= 0.5004848706369127,0.10764517025249569
CountLineComment,624.0,0.11525472968302958,15.0,3202.0,442.57727842975316 < CountLineComment <= 1279.9881660055592,0.08088789453382583
OWN_LINE,0.633886255924171,0.07210636188869501,0.281553398058252,1.0,0.571420709704031 < OWN_LINE <= 0.8116920473637016,0.0506055743804277
