feature,value,importance,min,max,rule,importance_ratio
Added_lines,0.0,-0.44561223819163576,6.0,17843.0,Added_lines <= 6.5761356021680655,0.38256163528817555
CountDeclInstanceVariable,35.0,0.1692811614730051,0.0,1095.0,CountDeclInstanceVariable > 21.376447020001596,0.14532921766108284
MINOR_COMMIT,0.0,-0.09503170506974107,0.0,5.0,MINOR_COMMIT <= 0.5004848706369127,0.08158547135787832
CountDeclClass,1.0,-0.0724743347351281,1.0,13.0,CountDeclClass <= 1.5005966587345618,0.062219790293931945
OWN_LINE,0.760087241003272,0.07087924477306932,0.281553398058252,1.0,0.571420709704031 < OWN_LINE <= 0.8116920473637016,0.0608503929299966
