feature,value,importance,min,max,rule,importance_ratio
Added_lines,79.0,0.3962931341517649,6.0,17843.0,24.088365210503166 < Added_lines <= 251.74735011885954,0.33374251773653013
MINOR_COMMIT,0.0,-0.13102580882338097,0.0,5.0,MINOR_COMMIT <= 0.5004848706369127,0.11034479166231015
MaxInheritanceTree,4.0,0.09158260621828546,0.0,7.0,3.4981638542906017 < MaxInheritanceTree <= 4.503613651938005,0.07712727510554995
OWN_LINE,0.681318681318681,0.072535229185206,0.281553398058252,1.0,0.571420709704031 < OWN_LINE <= 0.8116920473637016,0.06108632203452742
CountDeclClass,1.0,-0.07200721349055116,1.0,13.0,CountDeclClass <= 1.5005966587345618,0.060641647948220835
