feature,value,importance,min,max,rule,importance_ratio
Added_lines,72.0,0.3982904104903091,6.0,17843.0,24.088365210503166 < Added_lines <= 251.74735011885954,0.2690633114620385
MAJOR_LINE,3.0,0.19714163840227145,0.0,10.0,2.503347321568387 < MAJOR_LINE <= 5.505000175998428,0.13317815508103364
CountDeclInstanceVariable,24.0,0.16709247509722355,0.0,1095.0,CountDeclInstanceVariable > 21.376447020001596,0.11287857675182733
MINOR_COMMIT,0.0,-0.15882290463328594,0.0,5.0,MINOR_COMMIT <= 0.5004848706369127,0.10729210528580177
MaxInheritanceTree,4.0,0.09019028628896322,0.0,7.0,3.4981638542906017 < MaxInheritanceTree <= 4.503613651938005,0.060927645887191594
