feature,value,importance,min,max,rule,importance_ratio
Added_lines,0.0,-0.45074341470428053,6.0,17843.0,Added_lines <= 6.5761356021680655,0.26472988612759446
MAJOR_LINE,3.0,0.19800812603417534,0.0,10.0,2.503347321568387 < MAJOR_LINE <= 5.505000175998428,0.11629380917690378
CountDeclInstanceVariable,24.0,0.16717388310977033,0.0,1095.0,CountDeclInstanceVariable > 21.376447020001596,0.0981842919839268
CountClassCoupled,52.0,0.16109902602344395,0.0,126.0,CountClassCoupled > 45.50484901245065,0.09461641684201333
CountLineComment,518.0,0.1302343481606455,15.0,3202.0,442.57727842975316 < CountLineComment <= 1279.9881660055592,0.07648902465072832
