feature,value,importance,min,max,rule,importance_ratio
Added_lines,115.0,0.39375379395853455,6.0,17843.0,24.088365210503166 < Added_lines <= 251.74735011885954,0.35347188697670806
MINOR_COMMIT,0.0,-0.11885197558029317,0.0,5.0,MINOR_COMMIT <= 0.5004848706369127,0.10669314867274633
CountLineComment,600.0,0.1093924319992656,15.0,3202.0,442.57727842975316 < CountLineComment <= 1279.9881660055592,0.09820133787415289
CountDeclClass,1.0,-0.07806967088461919,1.0,13.0,CountDeclClass <= 1.5005966587345618,0.07008296632728554
AvgLineComment,9.0,0.059628971171815814,0.0,72.0,5.5024963826059325 < AvgLineComment <= 11.482862578537805,0.053528792057305374
