feature,value,importance,min,max,rule,importance_ratio
Added_lines,182.0,0.39575794712613666,6.0,17843.0,24.088365210503166 < Added_lines <= 251.74735011885954,0.28294211503356764
MAJOR_LINE,5.0,0.20352319942133362,0.0,10.0,2.503347321568387 < MAJOR_LINE <= 5.505000175998428,0.14550632506772385
MINOR_COMMIT,0.0,-0.1528843673398102,0.0,5.0,MINOR_COMMIT <= 0.5004848706369127,0.1093027355857688
CountLineComment,647.0,0.11270600286151422,15.0,3202.0,442.57727842975316 < CountLineComment <= 1279.9881660055592,0.08057772448585183
CountDeclClass,1.0,-0.07312674838697965,1.0,13.0,CountDeclClass <= 1.5005966587345618,0.05228103946967614
