feature,value,importance,min,max,rule,importance_ratio
Added_lines,3.0,-0.448789968618652,6.0,17843.0,Added_lines <= 6.5761356021680655,0.3503528110270852
MAJOR_LINE,3.0,0.20570966883683597,0.0,10.0,2.503347321568387 < MAJOR_LINE <= 5.505000175998428,0.16058950906203692
MINOR_COMMIT,0.0,-0.1050579992369845,0.0,5.0,MINOR_COMMIT <= 0.5004848706369127,0.0820146793094545
MaxInheritanceTree,4.0,0.09255223709277371,0.0,7.0,3.4981638542906017 < MaxInheritanceTree <= 4.503613651938005,0.07225191893683271
CountDeclClass,1.0,-0.07276027777053155,1.0,13.0,CountDeclClass <= 1.5005966587345618,0.05680110882709649
