feature,value,importance,left,right,rec,rule,min,max
CountClassCoupled,23.0,0.09454485584541486,0.0,16.502179241780798,-1,16.502179241780798 < CountClassCoupled <= 23.495360010578608,0.0,230.0
MAJOR_LINE,6.0,0.03462878762353851,0.0,5.505998299347475,-1,5.505998299347475 < MAJOR_LINE <= 7.493770580251528,0.0,21.0
PercentLackOfCohesion,90.0,0.015795877485236802,0.0,85.44043761153615,-1,85.44043761153615 < PercentLackOfCohesion <= 98.66083346177467,0.0,100.0
MINOR_LINE,5.0,-0.006076920502628055,5.498260151999511,7.0,1,3.5048260426015228 < MINOR_LINE <= 5.498260151999511,1.0,7.0
