feature,value,importance,left,right,rec,rule,min,max
MAJOR_COMMIT,4.0,0.12905911687412053,0.0,2.504428889822858,-1,2.504428889822858 < MAJOR_COMMIT <= 4.498890104152141,0.0,10.0
MINOR_LINE,1.0,0.011894600251132604,1.0,1.0,-1,MINOR_LINE <= 1.5005580521741972,1.0,7.0
MAJOR_LINE,3.0,-0.01142485134055703,3.496382367004915,21.0,1,2.4915744008336347 < MAJOR_LINE <= 3.496382367004915,0.0,21.0
PercentLackOfCohesion,60.0,-0.004638876003979292,66.34431027230274,100.0,1,31.457154556395533 < PercentLackOfCohesion <= 66.34431027230274,0.0,100.0
