feature,value,importance,left,right,rec,rule,min,max
MAJOR_COMMIT,4.0,0.13117546743887643,0.0,2.504428889822858,-1,2.504428889822858 < MAJOR_COMMIT <= 4.498890104152141,0.0,10.0
MINOR_LINE,3.0,-0.014224529238041123,3.5048260426015228,7.0,1,2.4972751068731913 < MINOR_LINE <= 3.5048260426015228,1.0,7.0
PercentLackOfCohesion,60.0,-0.008268071285270255,66.34431027230274,100.0,1,31.457154556395533 < PercentLackOfCohesion <= 66.34431027230274,0.0,100.0
MAJOR_LINE,2.0,0.003543723413672596,0.0,1.5086100861008611,-1,1.5086100861008611 < MAJOR_LINE <= 2.4915744008336347,0.0,21.0
