feature,value,importance,left,right,rec,rule,min,max
CountClassCoupled,88.0,0.15504729450509025,0.0,42.555205635341274,-1,CountClassCoupled > 42.555205635341274,0.0,230.0
MAJOR_LINE,17.0,0.14278848040566583,0.0,11.993562776583781,-1,MAJOR_LINE > 11.993562776583781,0.0,21.0
PercentLackOfCohesion,91.0,0.008617221020970671,0.0,85.44043761153615,-1,85.44043761153615 < PercentLackOfCohesion <= 98.66083346177467,0.0,100.0
