feature,value,importance,left,right,rec,rule,min,max
MAJOR_COMMIT,6.0,0.2511436598442814,0.0,5.496120711316784,-1,5.496120711316784 < MAJOR_COMMIT <= 7.505691480300078,0.0,10.0
MAJOR_LINE,8.0,0.09143725291074332,0.0,7.493770580251528,-1,7.493770580251528 < MAJOR_LINE <= 11.993562776583781,0.0,21.0
PercentLackOfCohesion,75.0,-0.0007787632274338304,85.44043761153615,100.0,1,68.54770958067583 < PercentLackOfCohesion <= 85.44043761153615,0.0,100.0
