feature,value,importance,left,right,rec,rule,min,max
MAJOR_COMMIT,4.0,0.1397360760256667,0.0,2.504428889822858,-1,2.504428889822858 < MAJOR_COMMIT <= 4.498890104152141,0.0,10.0
MAJOR_LINE,5.0,0.016697505487164914,0.0,3.496382367004915,-1,3.496382367004915 < MAJOR_LINE <= 5.505998299347475,0.0,21.0
PercentLackOfCohesion,41.0,-0.004322473386519627,66.34431027230274,100.0,1,31.457154556395533 < PercentLackOfCohesion <= 66.34431027230274,0.0,100.0
MINOR_LINE,4.0,-0.0013447535455158735,5.498260151999511,7.0,1,3.5048260426015228 < MINOR_LINE <= 5.498260151999511,1.0,7.0
