feature,value,importance,left,right,rec,rule,min,max
MAJOR_COMMIT,3.0,0.1428836088401081,0.0,2.504428889822858,-1,2.504428889822858 < MAJOR_COMMIT <= 4.498890104152141,0.0,10.0
CountClassCoupled,3.0,-0.04062519316194451,3.475666045000562,230.0,1,0.4589998310093497 < CountClassCoupled <= 3.475666045000562,0.0,230.0
MAJOR_LINE,5.0,0.024265667354026802,0.0,3.496382367004915,-1,3.496382367004915 < MAJOR_LINE <= 5.505998299347475,0.0,21.0
MINOR_LINE,4.0,-0.007276857549138057,5.498260151999511,7.0,1,3.5048260426015228 < MINOR_LINE <= 5.498260151999511,1.0,7.0
PercentLackOfCohesion,84.0,-0.0015008942426898086,85.44043761153615,100.0,1,68.54770958067583 < PercentLackOfCohesion <= 85.44043761153615,0.0,100.0
