feature,value,importance,left,right,rec,rule,min,max
MAJOR_COMMIT,4.0,0.1397924485774396,0.0,2.504428889822858,-1,2.504428889822858 < MAJOR_COMMIT <= 4.498890104152141,0.0,10.0
CountClassCoupled,9.0,-0.02691747756856406,9.508998472982986,230.0,1,3.475666045000562 < CountClassCoupled <= 9.508998472982986,0.0,230.0
PercentLackOfCohesion,0.0,-0.011549400584062538,26.68312272158718,100.0,1,PercentLackOfCohesion <= 26.68312272158718,0.0,100.0
MINOR_LINE,4.0,-0.008203357913981817,5.498260151999511,7.0,1,3.5048260426015228 < MINOR_LINE <= 5.498260151999511,1.0,7.0
MAJOR_LINE,3.0,0.006797083382905218,0.0,2.4915744008336347,-1,2.4915744008336347 < MAJOR_LINE <= 3.496382367004915,0.0,21.0
