feature,value,importance,left,right,rec,rule,min,max
CountClassCoupled,58.0,0.16027937427293762,0.0,42.555205635341274,-1,CountClassCoupled > 42.555205635341274,0.0,230.0
MAJOR_LINE,14.0,0.10079964373786852,0.0,11.993562776583781,-1,MAJOR_LINE > 11.993562776583781,0.0,21.0
PercentLackOfCohesion,92.0,0.008985259083006228,0.0,85.44043761153615,-1,85.44043761153615 < PercentLackOfCohesion <= 98.66083346177467,0.0,100.0
