feature,value,importance,left,right,rec,rule,min,max
CountClassCoupled,22.0,0.07319232735975216,0.0,16.502179241780798,-1,16.502179241780798 < CountClassCoupled <= 23.495360010578608,0.0,230.0
PercentLackOfCohesion,67.0,0.022396511330582198,0.0,66.34431027230274,-1,66.34431027230274 < PercentLackOfCohesion <= 67.44600992648928,0.0,100.0
MAJOR_LINE,4.0,0.019074971353693723,0.0,3.496382367004915,-1,3.496382367004915 < MAJOR_LINE <= 5.505998299347475,0.0,21.0
MINOR_LINE,5.0,-0.016587167939083637,5.498260151999511,7.0,1,3.5048260426015228 < MINOR_LINE <= 5.498260151999511,1.0,7.0
