feature,value,importance,left,right,rec,rule,min,max
MAJOR_COMMIT,6.0,0.24050380825742285,0.0,5.496120711316784,-1,5.496120711316784 < MAJOR_COMMIT <= 7.505691480300078,0.0,10.0
MAJOR_LINE,5.0,0.036432513382853325,0.0,3.496382367004915,-1,3.496382367004915 < MAJOR_LINE <= 5.505998299347475,0.0,21.0
PercentLackOfCohesion,84.0,-0.0033488028834416845,85.44043761153615,100.0,1,68.54770958067583 < PercentLackOfCohesion <= 85.44043761153615,0.0,100.0
MINOR_LINE,2.0,-0.0010987834798288597,2.4972751068731913,7.0,1,1.5005580521741972 < MINOR_LINE <= 2.4972751068731913,1.0,7.0
