feature,value,importance,left,right,rec,rule,min,max
MAJOR_COMMIT,5.0,0.19032978843843532,0.0,4.498890104152141,-1,4.498890104152141 < MAJOR_COMMIT <= 5.496120711316784,0.0,10.0
MAJOR_LINE,7.0,0.029563717362697535,0.0,5.505998299347475,-1,5.505998299347475 < MAJOR_LINE <= 7.493770580251528,0.0,21.0
PercentLackOfCohesion,71.0,-0.0019622910094490124,85.44043761153615,100.0,1,68.54770958067583 < PercentLackOfCohesion <= 85.44043761153615,0.0,100.0
