feature,value,importance,left,right,rec,rule,min,max
CountClassCoupled,26.0,0.1803614614050279,0.0,23.495360010578608,-1,23.495360010578608 < CountClassCoupled <= 42.555205635341274,0.0,230.0
MAJOR_LINE,8.0,0.08565021281033373,0.0,7.493770580251528,-1,7.493770580251528 < MAJOR_LINE <= 11.993562776583781,0.0,21.0
PercentLackOfCohesion,100.0,0.03382414394113081,0.0,98.66083346177467,-1,PercentLackOfCohesion > 98.66083346177467,0.0,100.0
