feature,value,importance,left,right,rec,rule,min,max
CountClassCoupled,25.0,0.1523508341719219,0.0,23.495360010578608,-1,23.495360010578608 < CountClassCoupled <= 42.555205635341274,0.0,230.0
MAJOR_LINE,8.0,0.07927933383372575,0.0,7.493770580251528,-1,7.493770580251528 < MAJOR_LINE <= 11.993562776583781,0.0,21.0
PercentLackOfCohesion,94.0,0.021421346292417418,0.0,85.44043761153615,-1,85.44043761153615 < PercentLackOfCohesion <= 98.66083346177467,0.0,100.0
MINOR_LINE,2.0,-0.007652794951130781,2.4972751068731913,7.0,1,1.5005580521741972 < MINOR_LINE <= 2.4972751068731913,1.0,7.0
