"Rule ID","Antecedent","Consequent","Antecedent Coverage %","Antecedent Coverage","Support %","Support","Confidence","Leverage","Lift","p-value","Consequent Coverage %","Consequent Coverage"
"b'000000'","b'MaxInheritanceTree <= 1.045'","b'target = 0'",0.23479,498,0.23479,498,1,0.0083,1.03666,1.27096e-09,0.96464,2046
"b'000001'","b'0.36 < CountClassCoupled <= 1.7'","b'target = 0'",0.22207,471,0.22207,471,1,0.00785,1.03666,4.50892e-09,0.96464,2046
"b'000002'","b'CountOutput_Mean <= 1.39'","b'target = 0'",0.20462,434,0.20462,434,1,0.00724,1.03666,2.47127e-08,0.96464,2046
"b'000003'","b'CountInput_Mean <= 0.8'","b'target = 0'",0.19472,413,0.19472,413,1,0.00689,1.03666,6.38159e-08,0.96464,2046
"b'000004'","b'CountClassCoupled <= 0.36'","b'target = 0'",0.17963,381,0.17963,381,1,0.00635,1.03666,2.64786e-07,0.96464,2046
"b'000005'","b'0.8 < CountInput_Mean <= 1.82'","b'target = 0'",0.21688,460,0.21641,459,0.99783,0.0072,1.0344,1.7071e-07,0.96464,2046
"b'000006'","b'-0.26 < CountDeclMethodPrivate <= 0.05'","b'target = 0'",0.57661,1223,0.56813,1205,0.98528,0.0119,1.0214,1.72121e-09,0.96464,2046
"b'000007'","b'-0.38 < CountDeclClassVariable <= 1.18'","b'target = 0'",0.74635,1583,0.73362,1556,0.98294,0.01366,1.01898,7.20874e-13,0.96464,2046
